
         /\      Grafana   /‾‾/  
    /\  /  \     |\  __   /  /   
   /  \/    \    | |/ /  /   ‾‾\ 
  /          \   |   (  |  (‾)  |
 / __________ \  |_|\_\  \_____/ 


     execution: local
        script: /perf/k6/oauth.js
        output: -

     scenarios: (100.00%) 1 scenario, 256 max VUs, 32m0s max duration (incl. graceful stop):
              * cap_refresh_token: 600.00 iterations/s for 30m0s (maxVUs: 64-256, exec: cap_refresh_token, gracefulStop: 2m0s)


running (00m00.7s), 004/065 VUs, 423 complete and 0 interrupted iterations
cap_refresh_token   [   0% ] 004/065 VUs  00m00.7s/30m0s  600.00 iters/s

running (00m01.7s), 003/065 VUs, 1024 complete and 0 interrupted iterations
cap_refresh_token   [   0% ] 003/065 VUs  00m01.7s/30m0s  600.00 iters/s

running (00m02.7s), 073/075 VUs, 1427 complete and 0 interrupted iterations
cap_refresh_token   [   0% ] 073/075 VUs  00m02.7s/30m0s  600.00 iters/s

running (00m03.7s), 109/109 VUs, 1588 complete and 0 interrupted iterations
cap_refresh_token   [   0% ] 109/109 VUs  00m03.7s/30m0s  600.00 iters/s

running (00m04.7s), 142/142 VUs, 1769 complete and 0 interrupted iterations
cap_refresh_token   [   0% ] 142/142 VUs  00m04.7s/30m0s  600.00 iters/s

running (00m05.7s), 060/152 VUs, 2379 complete and 0 interrupted iterations
cap_refresh_token   [   0% ] 060/152 VUs  00m05.7s/30m0s  600.00 iters/s

running (00m06.7s), 005/152 VUs, 3034 complete and 0 interrupted iterations
cap_refresh_token   [   0% ] 005/152 VUs  00m06.7s/30m0s  600.00 iters/s

running (00m07.7s), 005/152 VUs, 3634 complete and 0 interrupted iterations
cap_refresh_token   [   0% ] 005/152 VUs  00m07.7s/30m0s  600.00 iters/s

running (00m08.7s), 005/152 VUs, 4234 complete and 0 interrupted iterations
cap_refresh_token   [   0% ] 005/152 VUs  00m08.7s/30m0s  600.00 iters/s

running (00m09.7s), 026/152 VUs, 4813 complete and 0 interrupted iterations
cap_refresh_token   [   1% ] 026/152 VUs  00m09.7s/30m0s  600.00 iters/s

running (00m10.7s), 005/152 VUs, 5434 complete and 0 interrupted iterations
cap_refresh_token   [   1% ] 005/152 VUs  00m10.7s/30m0s  600.00 iters/s

running (00m11.7s), 005/152 VUs, 6034 complete and 0 interrupted iterations
cap_refresh_token   [   1% ] 005/152 VUs  00m11.7s/30m0s  600.00 iters/s

running (00m12.7s), 005/152 VUs, 6634 complete and 0 interrupted iterations
cap_refresh_token   [   1% ] 005/152 VUs  00m12.7s/30m0s  600.00 iters/s

running (00m13.7s), 005/152 VUs, 7234 complete and 0 interrupted iterations
cap_refresh_token   [   1% ] 005/152 VUs  00m13.7s/30m0s  600.00 iters/s

running (00m14.7s), 003/152 VUs, 7835 complete and 0 interrupted iterations
cap_refresh_token   [   1% ] 004/152 VUs  00m14.7s/30m0s  600.00 iters/s

running (00m15.7s), 004/152 VUs, 8435 complete and 0 interrupted iterations
cap_refresh_token   [   1% ] 004/152 VUs  00m15.7s/30m0s  600.00 iters/s

running (00m16.7s), 005/152 VUs, 9034 complete and 0 interrupted iterations
cap_refresh_token   [   1% ] 005/152 VUs  00m16.7s/30m0s  600.00 iters/s

running (00m17.7s), 005/152 VUs, 9634 complete and 0 interrupted iterations
cap_refresh_token   [   1% ] 005/152 VUs  00m17.7s/30m0s  600.00 iters/s

running (00m18.7s), 006/152 VUs, 10233 complete and 0 interrupted iterations
cap_refresh_token   [   1% ] 006/152 VUs  00m18.7s/30m0s  600.00 iters/s

running (00m19.7s), 004/152 VUs, 10835 complete and 0 interrupted iterations
cap_refresh_token   [   1% ] 004/152 VUs  00m19.7s/30m0s  600.00 iters/s

running (00m20.7s), 004/152 VUs, 11435 complete and 0 interrupted iterations
cap_refresh_token   [   1% ] 004/152 VUs  00m20.7s/30m0s  600.00 iters/s

running (00m21.7s), 005/152 VUs, 12034 complete and 0 interrupted iterations
cap_refresh_token   [   1% ] 005/152 VUs  00m21.7s/30m0s  600.00 iters/s

running (00m22.7s), 005/152 VUs, 12634 complete and 0 interrupted iterations
cap_refresh_token   [   1% ] 005/152 VUs  00m22.7s/30m0s  600.00 iters/s

running (00m23.7s), 005/152 VUs, 13234 complete and 0 interrupted iterations
cap_refresh_token   [   1% ] 005/152 VUs  00m23.7s/30m0s  600.00 iters/s

running (00m24.7s), 004/152 VUs, 13834 complete and 0 interrupted iterations
cap_refresh_token   [   1% ] 005/152 VUs  00m24.7s/30m0s  600.00 iters/s

running (00m25.7s), 005/152 VUs, 14434 complete and 0 interrupted iterations
cap_refresh_token   [   1% ] 005/152 VUs  00m25.7s/30m0s  600.00 iters/s

running (00m26.7s), 004/152 VUs, 15034 complete and 0 interrupted iterations
cap_refresh_token   [   1% ] 005/152 VUs  00m26.7s/30m0s  600.00 iters/s

running (00m27.7s), 004/152 VUs, 15635 complete and 0 interrupted iterations
cap_refresh_token   [   2% ] 004/152 VUs  00m27.7s/30m0s  600.00 iters/s

running (00m28.7s), 005/152 VUs, 16234 complete and 0 interrupted iterations
cap_refresh_token   [   2% ] 005/152 VUs  00m28.7s/30m0s  600.00 iters/s

running (00m29.7s), 013/152 VUs, 16826 complete and 0 interrupted iterations
cap_refresh_token   [   2% ] 013/152 VUs  00m29.7s/30m0s  600.00 iters/s

running (00m30.7s), 011/152 VUs, 17428 complete and 0 interrupted iterations
cap_refresh_token   [   2% ] 011/152 VUs  00m30.7s/30m0s  600.00 iters/s

running (00m31.7s), 005/152 VUs, 18034 complete and 0 interrupted iterations
cap_refresh_token   [   2% ] 005/152 VUs  00m31.7s/30m0s  600.00 iters/s

running (00m32.7s), 008/152 VUs, 18631 complete and 0 interrupted iterations
cap_refresh_token   [   2% ] 008/152 VUs  00m32.7s/30m0s  600.00 iters/s

running (00m33.7s), 006/152 VUs, 19233 complete and 0 interrupted iterations
cap_refresh_token   [   2% ] 006/152 VUs  00m33.7s/30m0s  600.00 iters/s

running (00m34.7s), 008/152 VUs, 19831 complete and 0 interrupted iterations
cap_refresh_token   [   2% ] 008/152 VUs  00m34.7s/30m0s  600.00 iters/s

running (00m35.7s), 005/152 VUs, 20434 complete and 0 interrupted iterations
cap_refresh_token   [   2% ] 005/152 VUs  00m35.7s/30m0s  600.00 iters/s

running (00m36.7s), 005/152 VUs, 21034 complete and 0 interrupted iterations
cap_refresh_token   [   2% ] 005/152 VUs  00m36.7s/30m0s  600.00 iters/s

running (00m37.7s), 006/152 VUs, 21633 complete and 0 interrupted iterations
cap_refresh_token   [   2% ] 006/152 VUs  00m37.7s/30m0s  600.00 iters/s

running (00m38.7s), 009/152 VUs, 22230 complete and 0 interrupted iterations
cap_refresh_token   [   2% ] 009/152 VUs  00m38.7s/30m0s  600.00 iters/s

running (00m39.7s), 005/152 VUs, 22834 complete and 0 interrupted iterations
cap_refresh_token   [   2% ] 005/152 VUs  00m39.7s/30m0s  600.00 iters/s

running (00m40.7s), 005/152 VUs, 23434 complete and 0 interrupted iterations
cap_refresh_token   [   2% ] 005/152 VUs  00m40.7s/30m0s  600.00 iters/s

running (00m41.7s), 004/152 VUs, 24035 complete and 0 interrupted iterations
cap_refresh_token   [   2% ] 004/152 VUs  00m41.7s/30m0s  600.00 iters/s

running (00m42.7s), 005/152 VUs, 24634 complete and 0 interrupted iterations
cap_refresh_token   [   2% ] 005/152 VUs  00m42.7s/30m0s  600.00 iters/s

running (00m43.7s), 006/152 VUs, 25233 complete and 0 interrupted iterations
cap_refresh_token   [   2% ] 006/152 VUs  00m43.7s/30m0s  600.00 iters/s

running (00m44.7s), 006/152 VUs, 25833 complete and 0 interrupted iterations
cap_refresh_token   [   2% ] 006/152 VUs  00m44.7s/30m0s  600.00 iters/s

running (00m45.7s), 006/152 VUs, 26433 complete and 0 interrupted iterations
cap_refresh_token   [   3% ] 006/152 VUs  00m45.7s/30m0s  600.00 iters/s

running (00m46.7s), 005/152 VUs, 27034 complete and 0 interrupted iterations
cap_refresh_token   [   3% ] 005/152 VUs  00m46.7s/30m0s  600.00 iters/s

running (00m47.7s), 004/152 VUs, 27635 complete and 0 interrupted iterations
cap_refresh_token   [   3% ] 004/152 VUs  00m47.7s/30m0s  600.00 iters/s

running (00m48.7s), 005/152 VUs, 28234 complete and 0 interrupted iterations
cap_refresh_token   [   3% ] 005/152 VUs  00m48.7s/30m0s  600.00 iters/s

running (00m49.7s), 036/152 VUs, 28803 complete and 0 interrupted iterations
cap_refresh_token   [   3% ] 036/152 VUs  00m49.7s/30m0s  600.00 iters/s

running (00m50.7s), 004/152 VUs, 29434 complete and 0 interrupted iterations
cap_refresh_token   [   3% ] 004/152 VUs  00m50.7s/30m0s  600.00 iters/s

running (00m51.7s), 004/152 VUs, 30035 complete and 0 interrupted iterations
cap_refresh_token   [   3% ] 004/152 VUs  00m51.7s/30m0s  600.00 iters/s

running (00m52.7s), 006/152 VUs, 30633 complete and 0 interrupted iterations
cap_refresh_token   [   3% ] 006/152 VUs  00m52.7s/30m0s  600.00 iters/s

running (00m53.7s), 004/152 VUs, 31235 complete and 0 interrupted iterations
cap_refresh_token   [   3% ] 004/152 VUs  00m53.7s/30m0s  600.00 iters/s

running (00m54.7s), 004/152 VUs, 31835 complete and 0 interrupted iterations
cap_refresh_token   [   3% ] 004/152 VUs  00m54.7s/30m0s  600.00 iters/s

running (00m55.7s), 005/152 VUs, 32434 complete and 0 interrupted iterations
cap_refresh_token   [   3% ] 005/152 VUs  00m55.7s/30m0s  600.00 iters/s

running (00m56.7s), 007/152 VUs, 33032 complete and 0 interrupted iterations
cap_refresh_token   [   3% ] 007/152 VUs  00m56.7s/30m0s  600.00 iters/s

running (00m57.7s), 005/152 VUs, 33634 complete and 0 interrupted iterations
cap_refresh_token   [   3% ] 005/152 VUs  00m57.7s/30m0s  600.00 iters/s

running (00m58.7s), 007/152 VUs, 34232 complete and 0 interrupted iterations
cap_refresh_token   [   3% ] 007/152 VUs  00m58.7s/30m0s  600.00 iters/s

running (00m59.7s), 004/152 VUs, 34835 complete and 0 interrupted iterations
cap_refresh_token   [   3% ] 004/152 VUs  00m59.7s/30m0s  600.00 iters/s

running (01m00.7s), 005/152 VUs, 35434 complete and 0 interrupted iterations
cap_refresh_token   [   3% ] 005/152 VUs  01m00.7s/30m0s  600.00 iters/s

running (01m01.7s), 005/152 VUs, 36034 complete and 0 interrupted iterations
cap_refresh_token   [   3% ] 005/152 VUs  01m01.7s/30m0s  600.00 iters/s

running (01m02.7s), 003/152 VUs, 36636 complete and 0 interrupted iterations
cap_refresh_token   [   3% ] 003/152 VUs  01m02.7s/30m0s  600.00 iters/s

running (01m03.7s), 004/152 VUs, 37235 complete and 0 interrupted iterations
cap_refresh_token   [   4% ] 004/152 VUs  01m03.7s/30m0s  600.00 iters/s

running (01m04.7s), 008/152 VUs, 37831 complete and 0 interrupted iterations
cap_refresh_token   [   4% ] 008/152 VUs  01m04.7s/30m0s  600.00 iters/s

running (01m05.7s), 004/152 VUs, 38435 complete and 0 interrupted iterations
cap_refresh_token   [   4% ] 004/152 VUs  01m05.7s/30m0s  600.00 iters/s

running (01m06.7s), 005/152 VUs, 39034 complete and 0 interrupted iterations
cap_refresh_token   [   4% ] 005/152 VUs  01m06.7s/30m0s  600.00 iters/s

running (01m07.7s), 004/152 VUs, 39635 complete and 0 interrupted iterations
cap_refresh_token   [   4% ] 004/152 VUs  01m07.7s/30m0s  600.00 iters/s

running (01m08.7s), 004/152 VUs, 40235 complete and 0 interrupted iterations
cap_refresh_token   [   4% ] 004/152 VUs  01m08.7s/30m0s  600.00 iters/s

running (01m09.7s), 037/152 VUs, 40802 complete and 0 interrupted iterations
cap_refresh_token   [   4% ] 037/152 VUs  01m09.7s/30m0s  600.00 iters/s

running (01m10.7s), 005/152 VUs, 41434 complete and 0 interrupted iterations
cap_refresh_token   [   4% ] 005/152 VUs  01m10.7s/30m0s  600.00 iters/s

running (01m11.7s), 004/152 VUs, 42035 complete and 0 interrupted iterations
cap_refresh_token   [   4% ] 004/152 VUs  01m11.7s/30m0s  600.00 iters/s

running (01m12.7s), 004/152 VUs, 42635 complete and 0 interrupted iterations
cap_refresh_token   [   4% ] 004/152 VUs  01m12.7s/30m0s  600.00 iters/s

running (01m13.7s), 005/152 VUs, 43234 complete and 0 interrupted iterations
cap_refresh_token   [   4% ] 005/152 VUs  01m13.7s/30m0s  600.00 iters/s

running (01m14.7s), 007/152 VUs, 43832 complete and 0 interrupted iterations
cap_refresh_token   [   4% ] 007/152 VUs  01m14.7s/30m0s  600.00 iters/s

running (01m15.7s), 005/152 VUs, 44434 complete and 0 interrupted iterations
cap_refresh_token   [   4% ] 005/152 VUs  01m15.7s/30m0s  600.00 iters/s

running (01m16.7s), 004/152 VUs, 45035 complete and 0 interrupted iterations
cap_refresh_token   [   4% ] 004/152 VUs  01m16.7s/30m0s  600.00 iters/s

running (01m17.7s), 005/152 VUs, 45634 complete and 0 interrupted iterations
cap_refresh_token   [   4% ] 005/152 VUs  01m17.7s/30m0s  600.00 iters/s

running (01m18.7s), 005/152 VUs, 46234 complete and 0 interrupted iterations
cap_refresh_token   [   4% ] 005/152 VUs  01m18.7s/30m0s  600.00 iters/s

running (01m19.7s), 007/152 VUs, 46832 complete and 0 interrupted iterations
cap_refresh_token   [   4% ] 007/152 VUs  01m19.7s/30m0s  600.00 iters/s

running (01m20.7s), 006/152 VUs, 47433 complete and 0 interrupted iterations
cap_refresh_token   [   4% ] 006/152 VUs  01m20.7s/30m0s  600.00 iters/s

running (01m21.7s), 004/152 VUs, 48035 complete and 0 interrupted iterations
cap_refresh_token   [   5% ] 004/152 VUs  01m21.7s/30m0s  600.00 iters/s

running (01m22.7s), 004/152 VUs, 48635 complete and 0 interrupted iterations
cap_refresh_token   [   5% ] 004/152 VUs  01m22.7s/30m0s  600.00 iters/s

running (01m23.7s), 004/152 VUs, 49235 complete and 0 interrupted iterations
cap_refresh_token   [   5% ] 004/152 VUs  01m23.7s/30m0s  600.00 iters/s

running (01m24.7s), 006/152 VUs, 49833 complete and 0 interrupted iterations
cap_refresh_token   [   5% ] 006/152 VUs  01m24.7s/30m0s  600.00 iters/s

running (01m25.7s), 006/152 VUs, 50433 complete and 0 interrupted iterations
cap_refresh_token   [   5% ] 006/152 VUs  01m25.7s/30m0s  600.00 iters/s

running (01m26.7s), 005/152 VUs, 51034 complete and 0 interrupted iterations
cap_refresh_token   [   5% ] 005/152 VUs  01m26.7s/30m0s  600.00 iters/s

running (01m27.7s), 010/152 VUs, 51629 complete and 0 interrupted iterations
cap_refresh_token   [   5% ] 010/152 VUs  01m27.7s/30m0s  600.00 iters/s

running (01m28.7s), 005/152 VUs, 52234 complete and 0 interrupted iterations
cap_refresh_token   [   5% ] 005/152 VUs  01m28.7s/30m0s  600.00 iters/s

running (01m29.7s), 004/152 VUs, 52835 complete and 0 interrupted iterations
cap_refresh_token   [   5% ] 004/152 VUs  01m29.7s/30m0s  600.00 iters/s

running (01m30.7s), 019/152 VUs, 53419 complete and 0 interrupted iterations
cap_refresh_token   [   5% ] 019/152 VUs  01m30.7s/30m0s  600.00 iters/s

running (01m31.7s), 005/152 VUs, 54034 complete and 0 interrupted iterations
cap_refresh_token   [   5% ] 005/152 VUs  01m31.7s/30m0s  600.00 iters/s

running (01m32.7s), 009/152 VUs, 54630 complete and 0 interrupted iterations
cap_refresh_token   [   5% ] 009/152 VUs  01m32.7s/30m0s  600.00 iters/s

running (01m33.7s), 004/152 VUs, 55235 complete and 0 interrupted iterations
cap_refresh_token   [   5% ] 004/152 VUs  01m33.7s/30m0s  600.00 iters/s

running (01m34.7s), 004/152 VUs, 55835 complete and 0 interrupted iterations
cap_refresh_token   [   5% ] 004/152 VUs  01m34.7s/30m0s  600.00 iters/s

running (01m35.7s), 005/152 VUs, 56434 complete and 0 interrupted iterations
cap_refresh_token   [   5% ] 005/152 VUs  01m35.7s/30m0s  600.00 iters/s

running (01m36.7s), 028/152 VUs, 57011 complete and 0 interrupted iterations
cap_refresh_token   [   5% ] 028/152 VUs  01m36.7s/30m0s  600.00 iters/s

running (01m37.7s), 005/152 VUs, 57634 complete and 0 interrupted iterations
cap_refresh_token   [   5% ] 005/152 VUs  01m37.7s/30m0s  600.00 iters/s

running (01m38.7s), 004/152 VUs, 58235 complete and 0 interrupted iterations
cap_refresh_token   [   5% ] 004/152 VUs  01m38.7s/30m0s  600.00 iters/s

running (01m39.7s), 005/152 VUs, 58834 complete and 0 interrupted iterations
cap_refresh_token   [   6% ] 005/152 VUs  01m39.7s/30m0s  600.00 iters/s

running (01m40.7s), 007/152 VUs, 59432 complete and 0 interrupted iterations
cap_refresh_token   [   6% ] 007/152 VUs  01m40.7s/30m0s  600.00 iters/s

running (01m41.7s), 005/152 VUs, 60034 complete and 0 interrupted iterations
cap_refresh_token   [   6% ] 005/152 VUs  01m41.7s/30m0s  600.00 iters/s

running (01m42.7s), 004/152 VUs, 60635 complete and 0 interrupted iterations
cap_refresh_token   [   6% ] 004/152 VUs  01m42.7s/30m0s  600.00 iters/s

running (01m43.7s), 005/152 VUs, 61234 complete and 0 interrupted iterations
cap_refresh_token   [   6% ] 005/152 VUs  01m43.7s/30m0s  600.00 iters/s

running (01m44.7s), 004/152 VUs, 61835 complete and 0 interrupted iterations
cap_refresh_token   [   6% ] 004/152 VUs  01m44.7s/30m0s  600.00 iters/s

running (01m45.7s), 004/152 VUs, 62435 complete and 0 interrupted iterations
cap_refresh_token   [   6% ] 004/152 VUs  01m45.7s/30m0s  600.00 iters/s

running (01m46.7s), 005/152 VUs, 63034 complete and 0 interrupted iterations
cap_refresh_token   [   6% ] 005/152 VUs  01m46.7s/30m0s  600.00 iters/s

running (01m47.7s), 007/152 VUs, 63632 complete and 0 interrupted iterations
cap_refresh_token   [   6% ] 007/152 VUs  01m47.7s/30m0s  600.00 iters/s

running (01m48.7s), 008/152 VUs, 64231 complete and 0 interrupted iterations
cap_refresh_token   [   6% ] 008/152 VUs  01m48.7s/30m0s  600.00 iters/s

running (01m49.7s), 004/152 VUs, 64835 complete and 0 interrupted iterations
cap_refresh_token   [   6% ] 004/152 VUs  01m49.7s/30m0s  600.00 iters/s

running (01m50.7s), 006/152 VUs, 65433 complete and 0 interrupted iterations
cap_refresh_token   [   6% ] 006/152 VUs  01m50.7s/30m0s  600.00 iters/s

running (01m51.7s), 006/152 VUs, 66033 complete and 0 interrupted iterations
cap_refresh_token   [   6% ] 006/152 VUs  01m51.7s/30m0s  600.00 iters/s

running (01m52.7s), 005/152 VUs, 66634 complete and 0 interrupted iterations
cap_refresh_token   [   6% ] 005/152 VUs  01m52.7s/30m0s  600.00 iters/s

running (01m53.7s), 004/152 VUs, 67235 complete and 0 interrupted iterations
cap_refresh_token   [   6% ] 004/152 VUs  01m53.7s/30m0s  600.00 iters/s

running (01m54.7s), 004/152 VUs, 67835 complete and 0 interrupted iterations
cap_refresh_token   [   6% ] 004/152 VUs  01m54.7s/30m0s  600.00 iters/s

running (01m55.7s), 004/152 VUs, 68435 complete and 0 interrupted iterations
cap_refresh_token   [   6% ] 004/152 VUs  01m55.7s/30m0s  600.00 iters/s

running (01m56.7s), 006/152 VUs, 69033 complete and 0 interrupted iterations
cap_refresh_token   [   6% ] 006/152 VUs  01m56.7s/30m0s  600.00 iters/s

running (01m57.7s), 006/152 VUs, 69633 complete and 0 interrupted iterations
cap_refresh_token   [   7% ] 006/152 VUs  01m57.7s/30m0s  600.00 iters/s

running (01m58.7s), 012/152 VUs, 70227 complete and 0 interrupted iterations
cap_refresh_token   [   7% ] 012/152 VUs  01m58.7s/30m0s  600.00 iters/s

running (01m59.7s), 005/152 VUs, 70834 complete and 0 interrupted iterations
cap_refresh_token   [   7% ] 005/152 VUs  01m59.7s/30m0s  600.00 iters/s

running (02m00.7s), 009/152 VUs, 71430 complete and 0 interrupted iterations
cap_refresh_token   [   7% ] 009/152 VUs  02m00.7s/30m0s  600.00 iters/s

running (02m01.7s), 003/152 VUs, 72035 complete and 0 interrupted iterations
cap_refresh_token   [   7% ] 003/152 VUs  02m01.7s/30m0s  600.00 iters/s

running (02m02.7s), 004/152 VUs, 72635 complete and 0 interrupted iterations
cap_refresh_token   [   7% ] 004/152 VUs  02m02.7s/30m0s  600.00 iters/s

running (02m03.7s), 004/152 VUs, 73235 complete and 0 interrupted iterations
cap_refresh_token   [   7% ] 004/152 VUs  02m03.7s/30m0s  600.00 iters/s

running (02m04.7s), 008/152 VUs, 73831 complete and 0 interrupted iterations
cap_refresh_token   [   7% ] 008/152 VUs  02m04.7s/30m0s  600.00 iters/s

running (02m05.7s), 004/152 VUs, 74434 complete and 0 interrupted iterations
cap_refresh_token   [   7% ] 005/152 VUs  02m05.7s/30m0s  600.00 iters/s

running (02m06.7s), 004/152 VUs, 75034 complete and 0 interrupted iterations
cap_refresh_token   [   7% ] 005/152 VUs  02m06.7s/30m0s  600.00 iters/s

running (02m07.7s), 004/152 VUs, 75635 complete and 0 interrupted iterations
cap_refresh_token   [   7% ] 004/152 VUs  02m07.7s/30m0s  600.00 iters/s

running (02m08.7s), 008/152 VUs, 76231 complete and 0 interrupted iterations
cap_refresh_token   [   7% ] 008/152 VUs  02m08.7s/30m0s  600.00 iters/s

running (02m09.7s), 005/152 VUs, 76834 complete and 0 interrupted iterations
cap_refresh_token   [   7% ] 005/152 VUs  02m09.7s/30m0s  600.00 iters/s

running (02m10.7s), 006/152 VUs, 77433 complete and 0 interrupted iterations
cap_refresh_token   [   7% ] 006/152 VUs  02m10.7s/30m0s  600.00 iters/s

running (02m11.7s), 007/152 VUs, 78032 complete and 0 interrupted iterations
cap_refresh_token   [   7% ] 007/152 VUs  02m11.7s/30m0s  600.00 iters/s

running (02m12.7s), 005/152 VUs, 78634 complete and 0 interrupted iterations
cap_refresh_token   [   7% ] 005/152 VUs  02m12.7s/30m0s  600.00 iters/s

running (02m13.7s), 005/152 VUs, 79234 complete and 0 interrupted iterations
cap_refresh_token   [   7% ] 005/152 VUs  02m13.7s/30m0s  600.00 iters/s

running (02m14.7s), 005/152 VUs, 79834 complete and 0 interrupted iterations
cap_refresh_token   [   7% ] 005/152 VUs  02m14.7s/30m0s  600.00 iters/s

running (02m15.7s), 003/152 VUs, 80436 complete and 0 interrupted iterations
cap_refresh_token   [   8% ] 003/152 VUs  02m15.7s/30m0s  600.00 iters/s

running (02m16.7s), 004/152 VUs, 81035 complete and 0 interrupted iterations
cap_refresh_token   [   8% ] 004/152 VUs  02m16.7s/30m0s  600.00 iters/s

running (02m17.7s), 006/152 VUs, 81633 complete and 0 interrupted iterations
cap_refresh_token   [   8% ] 006/152 VUs  02m17.7s/30m0s  600.00 iters/s

running (02m18.7s), 006/152 VUs, 82233 complete and 0 interrupted iterations
cap_refresh_token   [   8% ] 006/152 VUs  02m18.7s/30m0s  600.00 iters/s

running (02m19.7s), 006/152 VUs, 82833 complete and 0 interrupted iterations
cap_refresh_token   [   8% ] 006/152 VUs  02m19.7s/30m0s  600.00 iters/s

running (02m20.7s), 004/152 VUs, 83435 complete and 0 interrupted iterations
cap_refresh_token   [   8% ] 004/152 VUs  02m20.7s/30m0s  600.00 iters/s

running (02m21.7s), 003/152 VUs, 84036 complete and 0 interrupted iterations
cap_refresh_token   [   8% ] 003/152 VUs  02m21.7s/30m0s  600.00 iters/s

running (02m22.7s), 004/152 VUs, 84635 complete and 0 interrupted iterations
cap_refresh_token   [   8% ] 004/152 VUs  02m22.7s/30m0s  600.00 iters/s

running (02m23.7s), 005/152 VUs, 85234 complete and 0 interrupted iterations
cap_refresh_token   [   8% ] 005/152 VUs  02m23.7s/30m0s  600.00 iters/s

running (02m24.7s), 006/152 VUs, 85833 complete and 0 interrupted iterations
cap_refresh_token   [   8% ] 006/152 VUs  02m24.7s/30m0s  600.00 iters/s

running (02m25.7s), 032/152 VUs, 86407 complete and 0 interrupted iterations
cap_refresh_token   [   8% ] 032/152 VUs  02m25.7s/30m0s  600.00 iters/s

running (02m26.7s), 003/152 VUs, 87036 complete and 0 interrupted iterations
cap_refresh_token   [   8% ] 003/152 VUs  02m26.7s/30m0s  600.00 iters/s

running (02m27.7s), 007/152 VUs, 87632 complete and 0 interrupted iterations
cap_refresh_token   [   8% ] 007/152 VUs  02m27.7s/30m0s  600.00 iters/s

running (02m28.7s), 006/152 VUs, 88233 complete and 0 interrupted iterations
cap_refresh_token   [   8% ] 006/152 VUs  02m28.7s/30m0s  600.00 iters/s

running (02m29.7s), 004/152 VUs, 88835 complete and 0 interrupted iterations
cap_refresh_token   [   8% ] 004/152 VUs  02m29.7s/30m0s  600.00 iters/s

running (02m30.7s), 005/152 VUs, 89434 complete and 0 interrupted iterations
cap_refresh_token   [   8% ] 005/152 VUs  02m30.7s/30m0s  600.00 iters/s

running (02m31.7s), 005/152 VUs, 90034 complete and 0 interrupted iterations
cap_refresh_token   [   8% ] 005/152 VUs  02m31.7s/30m0s  600.00 iters/s

running (02m32.7s), 004/152 VUs, 90634 complete and 0 interrupted iterations
cap_refresh_token   [   8% ] 004/152 VUs  02m32.7s/30m0s  600.00 iters/s

running (02m33.7s), 013/152 VUs, 91226 complete and 0 interrupted iterations
cap_refresh_token   [   9% ] 013/152 VUs  02m33.7s/30m0s  600.00 iters/s

running (02m34.7s), 004/152 VUs, 91835 complete and 0 interrupted iterations
cap_refresh_token   [   9% ] 004/152 VUs  02m34.7s/30m0s  600.00 iters/s

running (02m35.7s), 008/152 VUs, 92431 complete and 0 interrupted iterations
cap_refresh_token   [   9% ] 008/152 VUs  02m35.7s/30m0s  600.00 iters/s

running (02m36.7s), 006/152 VUs, 93033 complete and 0 interrupted iterations
cap_refresh_token   [   9% ] 006/152 VUs  02m36.7s/30m0s  600.00 iters/s

running (02m37.7s), 012/152 VUs, 93627 complete and 0 interrupted iterations
cap_refresh_token   [   9% ] 012/152 VUs  02m37.7s/30m0s  600.00 iters/s

running (02m38.7s), 005/152 VUs, 94234 complete and 0 interrupted iterations
cap_refresh_token   [   9% ] 005/152 VUs  02m38.7s/30m0s  600.00 iters/s

running (02m39.7s), 005/152 VUs, 94834 complete and 0 interrupted iterations
cap_refresh_token   [   9% ] 005/152 VUs  02m39.7s/30m0s  600.00 iters/s

running (02m40.7s), 004/152 VUs, 95435 complete and 0 interrupted iterations
cap_refresh_token   [   9% ] 004/152 VUs  02m40.7s/30m0s  600.00 iters/s

running (02m41.7s), 005/152 VUs, 96034 complete and 0 interrupted iterations
cap_refresh_token   [   9% ] 005/152 VUs  02m41.7s/30m0s  600.00 iters/s

running (02m42.7s), 004/152 VUs, 96635 complete and 0 interrupted iterations
cap_refresh_token   [   9% ] 004/152 VUs  02m42.7s/30m0s  600.00 iters/s

running (02m43.7s), 005/152 VUs, 97234 complete and 0 interrupted iterations
cap_refresh_token   [   9% ] 005/152 VUs  02m43.7s/30m0s  600.00 iters/s

running (02m44.7s), 005/152 VUs, 97834 complete and 0 interrupted iterations
cap_refresh_token   [   9% ] 005/152 VUs  02m44.7s/30m0s  600.00 iters/s

running (02m45.7s), 004/152 VUs, 98435 complete and 0 interrupted iterations
cap_refresh_token   [   9% ] 004/152 VUs  02m45.7s/30m0s  600.00 iters/s

running (02m46.7s), 004/152 VUs, 99035 complete and 0 interrupted iterations
cap_refresh_token   [   9% ] 004/152 VUs  02m46.7s/30m0s  600.00 iters/s

running (02m47.7s), 005/152 VUs, 99634 complete and 0 interrupted iterations
cap_refresh_token   [   9% ] 005/152 VUs  02m47.7s/30m0s  600.00 iters/s

running (02m48.7s), 006/152 VUs, 100233 complete and 0 interrupted iterations
cap_refresh_token   [   9% ] 006/152 VUs  02m48.7s/30m0s  600.00 iters/s

running (02m49.7s), 004/152 VUs, 100835 complete and 0 interrupted iterations
cap_refresh_token   [   9% ] 004/152 VUs  02m49.7s/30m0s  600.00 iters/s

running (02m50.7s), 020/152 VUs, 101419 complete and 0 interrupted iterations
cap_refresh_token   [   9% ] 020/152 VUs  02m50.7s/30m0s  600.00 iters/s

running (02m51.7s), 005/152 VUs, 102034 complete and 0 interrupted iterations
cap_refresh_token   [  10% ] 005/152 VUs  02m51.7s/30m0s  600.00 iters/s

running (02m52.7s), 005/152 VUs, 102634 complete and 0 interrupted iterations
cap_refresh_token   [  10% ] 005/152 VUs  02m52.7s/30m0s  600.00 iters/s

running (02m53.7s), 006/152 VUs, 103233 complete and 0 interrupted iterations
cap_refresh_token   [  10% ] 006/152 VUs  02m53.7s/30m0s  600.00 iters/s

running (02m54.7s), 004/152 VUs, 103835 complete and 0 interrupted iterations
cap_refresh_token   [  10% ] 004/152 VUs  02m54.7s/30m0s  600.00 iters/s

running (02m55.7s), 005/152 VUs, 104434 complete and 0 interrupted iterations
cap_refresh_token   [  10% ] 005/152 VUs  02m55.7s/30m0s  600.00 iters/s

running (02m56.7s), 004/152 VUs, 105035 complete and 0 interrupted iterations
cap_refresh_token   [  10% ] 004/152 VUs  02m56.7s/30m0s  600.00 iters/s

running (02m57.7s), 004/152 VUs, 105635 complete and 0 interrupted iterations
cap_refresh_token   [  10% ] 004/152 VUs  02m57.7s/30m0s  600.00 iters/s

running (02m58.7s), 004/152 VUs, 106235 complete and 0 interrupted iterations
cap_refresh_token   [  10% ] 004/152 VUs  02m58.7s/30m0s  600.00 iters/s

running (02m59.7s), 005/152 VUs, 106834 complete and 0 interrupted iterations
cap_refresh_token   [  10% ] 005/152 VUs  02m59.7s/30m0s  600.00 iters/s

running (03m00.7s), 004/152 VUs, 107435 complete and 0 interrupted iterations
cap_refresh_token   [  10% ] 004/152 VUs  03m00.7s/30m0s  600.00 iters/s

running (03m01.7s), 005/152 VUs, 108034 complete and 0 interrupted iterations
cap_refresh_token   [  10% ] 005/152 VUs  03m01.7s/30m0s  600.00 iters/s

running (03m02.7s), 005/152 VUs, 108634 complete and 0 interrupted iterations
cap_refresh_token   [  10% ] 005/152 VUs  03m02.7s/30m0s  600.00 iters/s

running (03m03.7s), 005/152 VUs, 109234 complete and 0 interrupted iterations
cap_refresh_token   [  10% ] 005/152 VUs  03m03.7s/30m0s  600.00 iters/s

running (03m04.7s), 010/152 VUs, 109829 complete and 0 interrupted iterations
cap_refresh_token   [  10% ] 010/152 VUs  03m04.7s/30m0s  600.00 iters/s

running (03m05.7s), 005/152 VUs, 110434 complete and 0 interrupted iterations
cap_refresh_token   [  10% ] 005/152 VUs  03m05.7s/30m0s  600.00 iters/s

running (03m06.7s), 004/152 VUs, 111035 complete and 0 interrupted iterations
cap_refresh_token   [  10% ] 004/152 VUs  03m06.7s/30m0s  600.00 iters/s

running (03m07.7s), 022/152 VUs, 111617 complete and 0 interrupted iterations
cap_refresh_token   [  10% ] 022/152 VUs  03m07.7s/30m0s  600.00 iters/s

running (03m08.7s), 004/152 VUs, 112235 complete and 0 interrupted iterations
cap_refresh_token   [  10% ] 004/152 VUs  03m08.7s/30m0s  600.00 iters/s

running (03m09.7s), 005/152 VUs, 112834 complete and 0 interrupted iterations
cap_refresh_token   [  11% ] 005/152 VUs  03m09.7s/30m0s  600.00 iters/s

running (03m10.7s), 004/152 VUs, 113435 complete and 0 interrupted iterations
cap_refresh_token   [  11% ] 004/152 VUs  03m10.7s/30m0s  600.00 iters/s

running (03m11.7s), 007/152 VUs, 114032 complete and 0 interrupted iterations
cap_refresh_token   [  11% ] 007/152 VUs  03m11.7s/30m0s  600.00 iters/s

running (03m12.7s), 006/152 VUs, 114633 complete and 0 interrupted iterations
cap_refresh_token   [  11% ] 006/152 VUs  03m12.7s/30m0s  600.00 iters/s

running (03m13.7s), 004/152 VUs, 115235 complete and 0 interrupted iterations
cap_refresh_token   [  11% ] 004/152 VUs  03m13.7s/30m0s  600.00 iters/s

running (03m14.7s), 004/152 VUs, 115835 complete and 0 interrupted iterations
cap_refresh_token   [  11% ] 004/152 VUs  03m14.7s/30m0s  600.00 iters/s

running (03m15.7s), 004/152 VUs, 116435 complete and 0 interrupted iterations
cap_refresh_token   [  11% ] 004/152 VUs  03m15.7s/30m0s  600.00 iters/s

running (03m16.7s), 005/152 VUs, 117034 complete and 0 interrupted iterations
cap_refresh_token   [  11% ] 005/152 VUs  03m16.7s/30m0s  600.00 iters/s

running (03m17.7s), 005/152 VUs, 117634 complete and 0 interrupted iterations
cap_refresh_token   [  11% ] 005/152 VUs  03m17.7s/30m0s  600.00 iters/s

running (03m18.7s), 004/152 VUs, 118235 complete and 0 interrupted iterations
cap_refresh_token   [  11% ] 004/152 VUs  03m18.7s/30m0s  600.00 iters/s

running (03m19.7s), 004/152 VUs, 118835 complete and 0 interrupted iterations
cap_refresh_token   [  11% ] 004/152 VUs  03m19.7s/30m0s  600.00 iters/s

running (03m20.7s), 058/152 VUs, 119381 complete and 0 interrupted iterations
cap_refresh_token   [  11% ] 058/152 VUs  03m20.7s/30m0s  600.00 iters/s

running (03m21.7s), 004/152 VUs, 120035 complete and 0 interrupted iterations
cap_refresh_token   [  11% ] 004/152 VUs  03m21.7s/30m0s  600.00 iters/s

running (03m22.7s), 004/152 VUs, 120635 complete and 0 interrupted iterations
cap_refresh_token   [  11% ] 004/152 VUs  03m22.7s/30m0s  600.00 iters/s

running (03m23.7s), 005/152 VUs, 121234 complete and 0 interrupted iterations
cap_refresh_token   [  11% ] 005/152 VUs  03m23.7s/30m0s  600.00 iters/s

running (03m24.7s), 005/152 VUs, 121834 complete and 0 interrupted iterations
cap_refresh_token   [  11% ] 005/152 VUs  03m24.7s/30m0s  600.00 iters/s

running (03m25.7s), 005/152 VUs, 122434 complete and 0 interrupted iterations
cap_refresh_token   [  11% ] 005/152 VUs  03m25.7s/30m0s  600.00 iters/s

running (03m26.7s), 005/152 VUs, 123034 complete and 0 interrupted iterations
cap_refresh_token   [  11% ] 005/152 VUs  03m26.7s/30m0s  600.00 iters/s

running (03m27.7s), 006/152 VUs, 123633 complete and 0 interrupted iterations
cap_refresh_token   [  12% ] 006/152 VUs  03m27.7s/30m0s  600.00 iters/s

running (03m28.7s), 004/152 VUs, 124235 complete and 0 interrupted iterations
cap_refresh_token   [  12% ] 004/152 VUs  03m28.7s/30m0s  600.00 iters/s

running (03m29.7s), 007/152 VUs, 124832 complete and 0 interrupted iterations
cap_refresh_token   [  12% ] 007/152 VUs  03m29.7s/30m0s  600.00 iters/s

running (03m30.7s), 006/152 VUs, 125433 complete and 0 interrupted iterations
cap_refresh_token   [  12% ] 006/152 VUs  03m30.7s/30m0s  600.00 iters/s

running (03m31.7s), 004/152 VUs, 126035 complete and 0 interrupted iterations
cap_refresh_token   [  12% ] 004/152 VUs  03m31.7s/30m0s  600.00 iters/s

running (03m32.7s), 005/152 VUs, 126634 complete and 0 interrupted iterations
cap_refresh_token   [  12% ] 005/152 VUs  03m32.7s/30m0s  600.00 iters/s

running (03m33.7s), 004/152 VUs, 127235 complete and 0 interrupted iterations
cap_refresh_token   [  12% ] 004/152 VUs  03m33.7s/30m0s  600.00 iters/s

running (03m34.7s), 005/152 VUs, 127834 complete and 0 interrupted iterations
cap_refresh_token   [  12% ] 005/152 VUs  03m34.7s/30m0s  600.00 iters/s

running (03m35.7s), 007/152 VUs, 128432 complete and 0 interrupted iterations
cap_refresh_token   [  12% ] 007/152 VUs  03m35.7s/30m0s  600.00 iters/s

running (03m36.7s), 004/152 VUs, 129035 complete and 0 interrupted iterations
cap_refresh_token   [  12% ] 004/152 VUs  03m36.7s/30m0s  600.00 iters/s

running (03m37.7s), 005/152 VUs, 129634 complete and 0 interrupted iterations
cap_refresh_token   [  12% ] 005/152 VUs  03m37.7s/30m0s  600.00 iters/s

running (03m38.7s), 005/152 VUs, 130234 complete and 0 interrupted iterations
cap_refresh_token   [  12% ] 005/152 VUs  03m38.7s/30m0s  600.00 iters/s

running (03m39.7s), 005/152 VUs, 130834 complete and 0 interrupted iterations
cap_refresh_token   [  12% ] 005/152 VUs  03m39.7s/30m0s  600.00 iters/s

running (03m40.7s), 005/152 VUs, 131434 complete and 0 interrupted iterations
cap_refresh_token   [  12% ] 005/152 VUs  03m40.7s/30m0s  600.00 iters/s

running (03m41.7s), 013/152 VUs, 132026 complete and 0 interrupted iterations
cap_refresh_token   [  12% ] 013/152 VUs  03m41.7s/30m0s  600.00 iters/s

running (03m42.7s), 005/152 VUs, 132634 complete and 0 interrupted iterations
cap_refresh_token   [  12% ] 005/152 VUs  03m42.7s/30m0s  600.00 iters/s

running (03m43.7s), 007/152 VUs, 133232 complete and 0 interrupted iterations
cap_refresh_token   [  12% ] 007/152 VUs  03m43.7s/30m0s  600.00 iters/s

running (03m44.7s), 005/152 VUs, 133834 complete and 0 interrupted iterations
cap_refresh_token   [  12% ] 005/152 VUs  03m44.7s/30m0s  600.00 iters/s

running (03m45.7s), 004/152 VUs, 134435 complete and 0 interrupted iterations
cap_refresh_token   [  13% ] 004/152 VUs  03m45.7s/30m0s  600.00 iters/s

running (03m46.7s), 036/152 VUs, 135003 complete and 0 interrupted iterations
cap_refresh_token   [  13% ] 036/152 VUs  03m46.7s/30m0s  600.00 iters/s

running (03m47.7s), 005/152 VUs, 135634 complete and 0 interrupted iterations
cap_refresh_token   [  13% ] 006/152 VUs  03m47.7s/30m0s  600.00 iters/s

running (03m48.7s), 020/152 VUs, 136219 complete and 0 interrupted iterations
cap_refresh_token   [  13% ] 020/152 VUs  03m48.7s/30m0s  600.00 iters/s

running (03m49.7s), 006/152 VUs, 136833 complete and 0 interrupted iterations
cap_refresh_token   [  13% ] 006/152 VUs  03m49.7s/30m0s  600.00 iters/s

running (03m50.7s), 006/152 VUs, 137433 complete and 0 interrupted iterations
cap_refresh_token   [  13% ] 006/152 VUs  03m50.7s/30m0s  600.00 iters/s

running (03m51.7s), 005/152 VUs, 138034 complete and 0 interrupted iterations
cap_refresh_token   [  13% ] 005/152 VUs  03m51.7s/30m0s  600.00 iters/s

running (03m52.7s), 005/152 VUs, 138634 complete and 0 interrupted iterations
cap_refresh_token   [  13% ] 005/152 VUs  03m52.7s/30m0s  600.00 iters/s

running (03m53.7s), 005/152 VUs, 139234 complete and 0 interrupted iterations
cap_refresh_token   [  13% ] 005/152 VUs  03m53.7s/30m0s  600.00 iters/s

running (03m54.7s), 005/152 VUs, 139834 complete and 0 interrupted iterations
cap_refresh_token   [  13% ] 005/152 VUs  03m54.7s/30m0s  600.00 iters/s

running (03m55.7s), 004/152 VUs, 140435 complete and 0 interrupted iterations
cap_refresh_token   [  13% ] 004/152 VUs  03m55.7s/30m0s  600.00 iters/s

running (03m56.7s), 005/152 VUs, 141034 complete and 0 interrupted iterations
cap_refresh_token   [  13% ] 005/152 VUs  03m56.7s/30m0s  600.00 iters/s

running (03m57.7s), 005/152 VUs, 141634 complete and 0 interrupted iterations
cap_refresh_token   [  13% ] 005/152 VUs  03m57.7s/30m0s  600.00 iters/s

running (03m58.7s), 011/152 VUs, 142228 complete and 0 interrupted iterations
cap_refresh_token   [  13% ] 011/152 VUs  03m58.7s/30m0s  600.00 iters/s

running (03m59.7s), 005/152 VUs, 142834 complete and 0 interrupted iterations
cap_refresh_token   [  13% ] 005/152 VUs  03m59.7s/30m0s  600.00 iters/s

running (04m00.7s), 007/152 VUs, 143432 complete and 0 interrupted iterations
cap_refresh_token   [  13% ] 007/152 VUs  04m00.7s/30m0s  600.00 iters/s

running (04m01.7s), 004/152 VUs, 144035 complete and 0 interrupted iterations
cap_refresh_token   [  13% ] 004/152 VUs  04m01.7s/30m0s  600.00 iters/s

running (04m02.7s), 003/152 VUs, 144636 complete and 0 interrupted iterations
cap_refresh_token   [  13% ] 003/152 VUs  04m02.7s/30m0s  600.00 iters/s

running (04m03.7s), 005/152 VUs, 145234 complete and 0 interrupted iterations
cap_refresh_token   [  14% ] 005/152 VUs  04m03.7s/30m0s  600.00 iters/s

running (04m04.7s), 005/152 VUs, 145834 complete and 0 interrupted iterations
cap_refresh_token   [  14% ] 005/152 VUs  04m04.7s/30m0s  600.00 iters/s

running (04m05.7s), 004/152 VUs, 146435 complete and 0 interrupted iterations
cap_refresh_token   [  14% ] 004/152 VUs  04m05.7s/30m0s  600.00 iters/s

running (04m06.7s), 007/152 VUs, 147032 complete and 0 interrupted iterations
cap_refresh_token   [  14% ] 007/152 VUs  04m06.7s/30m0s  600.00 iters/s

running (04m07.7s), 005/152 VUs, 147634 complete and 0 interrupted iterations
cap_refresh_token   [  14% ] 005/152 VUs  04m07.7s/30m0s  600.00 iters/s

running (04m08.7s), 005/152 VUs, 148234 complete and 0 interrupted iterations
cap_refresh_token   [  14% ] 005/152 VUs  04m08.7s/30m0s  600.00 iters/s

running (04m09.7s), 007/152 VUs, 148833 complete and 0 interrupted iterations
cap_refresh_token   [  14% ] 007/152 VUs  04m09.7s/30m0s  600.00 iters/s

running (04m10.7s), 006/152 VUs, 149433 complete and 0 interrupted iterations
cap_refresh_token   [  14% ] 006/152 VUs  04m10.7s/30m0s  600.00 iters/s

running (04m11.7s), 006/152 VUs, 150033 complete and 0 interrupted iterations
cap_refresh_token   [  14% ] 006/152 VUs  04m11.7s/30m0s  600.00 iters/s

running (04m12.7s), 007/152 VUs, 150632 complete and 0 interrupted iterations
cap_refresh_token   [  14% ] 007/152 VUs  04m12.7s/30m0s  600.00 iters/s

running (04m13.7s), 004/152 VUs, 151235 complete and 0 interrupted iterations
cap_refresh_token   [  14% ] 004/152 VUs  04m13.7s/30m0s  600.00 iters/s

running (04m14.7s), 004/152 VUs, 151835 complete and 0 interrupted iterations
cap_refresh_token   [  14% ] 004/152 VUs  04m14.7s/30m0s  600.00 iters/s

running (04m15.7s), 007/152 VUs, 152432 complete and 0 interrupted iterations
cap_refresh_token   [  14% ] 007/152 VUs  04m15.7s/30m0s  600.00 iters/s

running (04m16.7s), 004/152 VUs, 153035 complete and 0 interrupted iterations
cap_refresh_token   [  14% ] 004/152 VUs  04m16.7s/30m0s  600.00 iters/s

running (04m17.7s), 004/152 VUs, 153635 complete and 0 interrupted iterations
cap_refresh_token   [  14% ] 004/152 VUs  04m17.7s/30m0s  600.00 iters/s

running (04m18.7s), 005/152 VUs, 154233 complete and 0 interrupted iterations
cap_refresh_token   [  14% ] 005/152 VUs  04m18.7s/30m0s  600.00 iters/s

running (04m19.7s), 005/152 VUs, 154834 complete and 0 interrupted iterations
cap_refresh_token   [  14% ] 005/152 VUs  04m19.7s/30m0s  600.00 iters/s

running (04m20.7s), 006/152 VUs, 155433 complete and 0 interrupted iterations
cap_refresh_token   [  14% ] 006/152 VUs  04m20.7s/30m0s  600.00 iters/s

running (04m21.7s), 005/152 VUs, 156034 complete and 0 interrupted iterations
cap_refresh_token   [  15% ] 005/152 VUs  04m21.7s/30m0s  600.00 iters/s

running (04m22.7s), 006/152 VUs, 156633 complete and 0 interrupted iterations
cap_refresh_token   [  15% ] 006/152 VUs  04m22.7s/30m0s  600.00 iters/s

running (04m23.7s), 006/152 VUs, 157233 complete and 0 interrupted iterations
cap_refresh_token   [  15% ] 006/152 VUs  04m23.7s/30m0s  600.00 iters/s

running (04m24.7s), 005/152 VUs, 157834 complete and 0 interrupted iterations
cap_refresh_token   [  15% ] 005/152 VUs  04m24.7s/30m0s  600.00 iters/s

running (04m25.7s), 005/152 VUs, 158434 complete and 0 interrupted iterations
cap_refresh_token   [  15% ] 005/152 VUs  04m25.7s/30m0s  600.00 iters/s

running (04m26.7s), 003/152 VUs, 159036 complete and 0 interrupted iterations
cap_refresh_token   [  15% ] 003/152 VUs  04m26.7s/30m0s  600.00 iters/s

running (04m27.7s), 005/152 VUs, 159634 complete and 0 interrupted iterations
cap_refresh_token   [  15% ] 005/152 VUs  04m27.7s/30m0s  600.00 iters/s

running (04m28.7s), 010/152 VUs, 160229 complete and 0 interrupted iterations
cap_refresh_token   [  15% ] 010/152 VUs  04m28.7s/30m0s  600.00 iters/s

running (04m29.7s), 005/152 VUs, 160834 complete and 0 interrupted iterations
cap_refresh_token   [  15% ] 005/152 VUs  04m29.7s/30m0s  600.00 iters/s

running (04m30.7s), 006/152 VUs, 161433 complete and 0 interrupted iterations
cap_refresh_token   [  15% ] 006/152 VUs  04m30.7s/30m0s  600.00 iters/s

running (04m31.7s), 005/152 VUs, 162034 complete and 0 interrupted iterations
cap_refresh_token   [  15% ] 005/152 VUs  04m31.7s/30m0s  600.00 iters/s

running (04m32.7s), 004/152 VUs, 162635 complete and 0 interrupted iterations
cap_refresh_token   [  15% ] 004/152 VUs  04m32.7s/30m0s  600.00 iters/s

running (04m33.7s), 005/152 VUs, 163234 complete and 0 interrupted iterations
cap_refresh_token   [  15% ] 005/152 VUs  04m33.7s/30m0s  600.00 iters/s

running (04m34.7s), 004/152 VUs, 163835 complete and 0 interrupted iterations
cap_refresh_token   [  15% ] 004/152 VUs  04m34.7s/30m0s  600.00 iters/s

running (04m35.7s), 005/152 VUs, 164434 complete and 0 interrupted iterations
cap_refresh_token   [  15% ] 005/152 VUs  04m35.7s/30m0s  600.00 iters/s

running (04m36.7s), 004/152 VUs, 165035 complete and 0 interrupted iterations
cap_refresh_token   [  15% ] 004/152 VUs  04m36.7s/30m0s  600.00 iters/s

running (04m37.7s), 004/152 VUs, 165635 complete and 0 interrupted iterations
cap_refresh_token   [  15% ] 004/152 VUs  04m37.7s/30m0s  600.00 iters/s

running (04m38.7s), 004/152 VUs, 166235 complete and 0 interrupted iterations
cap_refresh_token   [  15% ] 004/152 VUs  04m38.7s/30m0s  600.00 iters/s

running (04m39.7s), 006/152 VUs, 166833 complete and 0 interrupted iterations
cap_refresh_token   [  16% ] 006/152 VUs  04m39.7s/30m0s  600.00 iters/s

running (04m40.7s), 005/152 VUs, 167434 complete and 0 interrupted iterations
cap_refresh_token   [  16% ] 005/152 VUs  04m40.7s/30m0s  600.00 iters/s

running (04m41.7s), 005/152 VUs, 168034 complete and 0 interrupted iterations
cap_refresh_token   [  16% ] 005/152 VUs  04m41.7s/30m0s  600.00 iters/s

running (04m42.7s), 006/152 VUs, 168633 complete and 0 interrupted iterations
cap_refresh_token   [  16% ] 006/152 VUs  04m42.7s/30m0s  600.00 iters/s

running (04m43.7s), 009/152 VUs, 169230 complete and 0 interrupted iterations
cap_refresh_token   [  16% ] 009/152 VUs  04m43.7s/30m0s  600.00 iters/s

running (04m44.7s), 004/152 VUs, 169835 complete and 0 interrupted iterations
cap_refresh_token   [  16% ] 004/152 VUs  04m44.7s/30m0s  600.00 iters/s

running (04m45.7s), 004/152 VUs, 170435 complete and 0 interrupted iterations
cap_refresh_token   [  16% ] 004/152 VUs  04m45.7s/30m0s  600.00 iters/s

running (04m46.7s), 005/152 VUs, 171034 complete and 0 interrupted iterations
cap_refresh_token   [  16% ] 005/152 VUs  04m46.7s/30m0s  600.00 iters/s

running (04m47.7s), 012/152 VUs, 171627 complete and 0 interrupted iterations
cap_refresh_token   [  16% ] 012/152 VUs  04m47.7s/30m0s  600.00 iters/s

running (04m48.7s), 017/152 VUs, 172222 complete and 0 interrupted iterations
cap_refresh_token   [  16% ] 017/152 VUs  04m48.7s/30m0s  600.00 iters/s

running (04m49.7s), 005/152 VUs, 172834 complete and 0 interrupted iterations
cap_refresh_token   [  16% ] 005/152 VUs  04m49.7s/30m0s  600.00 iters/s

running (04m50.7s), 004/152 VUs, 173435 complete and 0 interrupted iterations
cap_refresh_token   [  16% ] 004/152 VUs  04m50.7s/30m0s  600.00 iters/s

running (04m51.7s), 005/152 VUs, 174034 complete and 0 interrupted iterations
cap_refresh_token   [  16% ] 005/152 VUs  04m51.7s/30m0s  600.00 iters/s

running (04m52.7s), 003/152 VUs, 174635 complete and 0 interrupted iterations
cap_refresh_token   [  16% ] 004/152 VUs  04m52.7s/30m0s  600.00 iters/s

running (04m53.7s), 004/152 VUs, 175235 complete and 0 interrupted iterations
cap_refresh_token   [  16% ] 004/152 VUs  04m53.7s/30m0s  600.00 iters/s

running (04m54.7s), 004/152 VUs, 175835 complete and 0 interrupted iterations
cap_refresh_token   [  16% ] 004/152 VUs  04m54.7s/30m0s  600.00 iters/s

running (04m55.7s), 006/152 VUs, 176433 complete and 0 interrupted iterations
cap_refresh_token   [  16% ] 006/152 VUs  04m55.7s/30m0s  600.00 iters/s

running (04m56.7s), 005/152 VUs, 177034 complete and 0 interrupted iterations
cap_refresh_token   [  16% ] 005/152 VUs  04m56.7s/30m0s  600.00 iters/s

running (04m57.7s), 031/152 VUs, 177608 complete and 0 interrupted iterations
cap_refresh_token   [  17% ] 031/152 VUs  04m57.7s/30m0s  600.00 iters/s

running (04m58.7s), 005/152 VUs, 178234 complete and 0 interrupted iterations
cap_refresh_token   [  17% ] 005/152 VUs  04m58.7s/30m0s  600.00 iters/s

running (04m59.7s), 005/152 VUs, 178834 complete and 0 interrupted iterations
cap_refresh_token   [  17% ] 005/152 VUs  04m59.7s/30m0s  600.00 iters/s

running (05m00.7s), 005/152 VUs, 179434 complete and 0 interrupted iterations
cap_refresh_token   [  17% ] 005/152 VUs  05m00.7s/30m0s  600.00 iters/s

running (05m01.7s), 005/152 VUs, 180034 complete and 0 interrupted iterations
cap_refresh_token   [  17% ] 005/152 VUs  05m01.7s/30m0s  600.00 iters/s

running (05m02.7s), 004/152 VUs, 180635 complete and 0 interrupted iterations
cap_refresh_token   [  17% ] 004/152 VUs  05m02.7s/30m0s  600.00 iters/s

running (05m03.7s), 008/152 VUs, 181231 complete and 0 interrupted iterations
cap_refresh_token   [  17% ] 008/152 VUs  05m03.7s/30m0s  600.00 iters/s

running (05m04.7s), 006/152 VUs, 181833 complete and 0 interrupted iterations
cap_refresh_token   [  17% ] 006/152 VUs  05m04.7s/30m0s  600.00 iters/s

running (05m05.7s), 004/152 VUs, 182435 complete and 0 interrupted iterations
cap_refresh_token   [  17% ] 003/152 VUs  05m05.7s/30m0s  600.00 iters/s

running (05m06.7s), 004/152 VUs, 183035 complete and 0 interrupted iterations
cap_refresh_token   [  17% ] 004/152 VUs  05m06.7s/30m0s  600.00 iters/s

running (05m07.7s), 011/152 VUs, 183628 complete and 0 interrupted iterations
cap_refresh_token   [  17% ] 011/152 VUs  05m07.7s/30m0s  600.00 iters/s

running (05m08.7s), 004/152 VUs, 184235 complete and 0 interrupted iterations
cap_refresh_token   [  17% ] 004/152 VUs  05m08.7s/30m0s  600.00 iters/s

running (05m09.7s), 009/152 VUs, 184830 complete and 0 interrupted iterations
cap_refresh_token   [  17% ] 009/152 VUs  05m09.7s/30m0s  600.00 iters/s

running (05m10.7s), 004/152 VUs, 185435 complete and 0 interrupted iterations
cap_refresh_token   [  17% ] 004/152 VUs  05m10.7s/30m0s  600.00 iters/s

running (05m11.7s), 004/152 VUs, 186035 complete and 0 interrupted iterations
cap_refresh_token   [  17% ] 004/152 VUs  05m11.7s/30m0s  600.00 iters/s

running (05m12.7s), 004/152 VUs, 186635 complete and 0 interrupted iterations
cap_refresh_token   [  17% ] 004/152 VUs  05m12.7s/30m0s  600.00 iters/s

running (05m13.7s), 003/152 VUs, 187236 complete and 0 interrupted iterations
cap_refresh_token   [  17% ] 003/152 VUs  05m13.7s/30m0s  600.00 iters/s

running (05m14.7s), 005/152 VUs, 187834 complete and 0 interrupted iterations
cap_refresh_token   [  17% ] 005/152 VUs  05m14.7s/30m0s  600.00 iters/s

running (05m15.7s), 015/152 VUs, 188424 complete and 0 interrupted iterations
cap_refresh_token   [  18% ] 015/152 VUs  05m15.7s/30m0s  600.00 iters/s

running (05m16.7s), 005/152 VUs, 189034 complete and 0 interrupted iterations
cap_refresh_token   [  18% ] 005/152 VUs  05m16.7s/30m0s  600.00 iters/s

running (05m17.7s), 005/152 VUs, 189634 complete and 0 interrupted iterations
cap_refresh_token   [  18% ] 005/152 VUs  05m17.7s/30m0s  600.00 iters/s

running (05m18.7s), 006/152 VUs, 190233 complete and 0 interrupted iterations
cap_refresh_token   [  18% ] 006/152 VUs  05m18.7s/30m0s  600.00 iters/s

running (05m19.7s), 005/152 VUs, 190834 complete and 0 interrupted iterations
cap_refresh_token   [  18% ] 005/152 VUs  05m19.7s/30m0s  600.00 iters/s

running (05m20.7s), 005/152 VUs, 191434 complete and 0 interrupted iterations
cap_refresh_token   [  18% ] 005/152 VUs  05m20.7s/30m0s  600.00 iters/s

running (05m21.7s), 004/152 VUs, 192035 complete and 0 interrupted iterations
cap_refresh_token   [  18% ] 004/152 VUs  05m21.7s/30m0s  600.00 iters/s

running (05m22.7s), 005/152 VUs, 192634 complete and 0 interrupted iterations
cap_refresh_token   [  18% ] 005/152 VUs  05m22.7s/30m0s  600.00 iters/s

running (05m23.7s), 005/152 VUs, 193234 complete and 0 interrupted iterations
cap_refresh_token   [  18% ] 005/152 VUs  05m23.7s/30m0s  600.00 iters/s

running (05m24.7s), 004/152 VUs, 193835 complete and 0 interrupted iterations
cap_refresh_token   [  18% ] 004/152 VUs  05m24.7s/30m0s  600.00 iters/s

running (05m25.7s), 005/152 VUs, 194434 complete and 0 interrupted iterations
cap_refresh_token   [  18% ] 005/152 VUs  05m25.7s/30m0s  600.00 iters/s

running (05m26.7s), 005/152 VUs, 195034 complete and 0 interrupted iterations
cap_refresh_token   [  18% ] 005/152 VUs  05m26.7s/30m0s  600.00 iters/s

running (05m27.7s), 005/152 VUs, 195634 complete and 0 interrupted iterations
cap_refresh_token   [  18% ] 005/152 VUs  05m27.7s/30m0s  600.00 iters/s

running (05m28.7s), 005/152 VUs, 196234 complete and 0 interrupted iterations
cap_refresh_token   [  18% ] 005/152 VUs  05m28.7s/30m0s  600.00 iters/s

running (05m29.7s), 004/152 VUs, 196834 complete and 0 interrupted iterations
cap_refresh_token   [  18% ] 004/152 VUs  05m29.7s/30m0s  600.00 iters/s

running (05m30.7s), 006/152 VUs, 197433 complete and 0 interrupted iterations
cap_refresh_token   [  18% ] 006/152 VUs  05m30.7s/30m0s  600.00 iters/s

running (05m31.7s), 004/152 VUs, 198035 complete and 0 interrupted iterations
cap_refresh_token   [  18% ] 004/152 VUs  05m31.7s/30m0s  600.00 iters/s

running (05m32.7s), 006/152 VUs, 198633 complete and 0 interrupted iterations
cap_refresh_token   [  18% ] 006/152 VUs  05m32.7s/30m0s  600.00 iters/s

running (05m33.7s), 006/152 VUs, 199233 complete and 0 interrupted iterations
cap_refresh_token   [  19% ] 006/152 VUs  05m33.7s/30m0s  600.00 iters/s

running (05m34.7s), 005/152 VUs, 199834 complete and 0 interrupted iterations
cap_refresh_token   [  19% ] 005/152 VUs  05m34.7s/30m0s  600.00 iters/s

running (05m35.7s), 004/152 VUs, 200435 complete and 0 interrupted iterations
cap_refresh_token   [  19% ] 004/152 VUs  05m35.7s/30m0s  600.00 iters/s

running (05m36.7s), 006/152 VUs, 201033 complete and 0 interrupted iterations
cap_refresh_token   [  19% ] 006/152 VUs  05m36.7s/30m0s  600.00 iters/s

running (05m37.7s), 005/152 VUs, 201634 complete and 0 interrupted iterations
cap_refresh_token   [  19% ] 005/152 VUs  05m37.7s/30m0s  600.00 iters/s

running (05m38.7s), 005/152 VUs, 202234 complete and 0 interrupted iterations
cap_refresh_token   [  19% ] 005/152 VUs  05m38.7s/30m0s  600.00 iters/s

running (05m39.7s), 005/152 VUs, 202834 complete and 0 interrupted iterations
cap_refresh_token   [  19% ] 005/152 VUs  05m39.7s/30m0s  600.00 iters/s

running (05m40.7s), 017/152 VUs, 203422 complete and 0 interrupted iterations
cap_refresh_token   [  19% ] 017/152 VUs  05m40.7s/30m0s  600.00 iters/s

running (05m41.7s), 006/152 VUs, 204033 complete and 0 interrupted iterations
cap_refresh_token   [  19% ] 006/152 VUs  05m41.7s/30m0s  600.00 iters/s

running (05m42.7s), 003/152 VUs, 204636 complete and 0 interrupted iterations
cap_refresh_token   [  19% ] 003/152 VUs  05m42.7s/30m0s  600.00 iters/s

running (05m43.7s), 006/152 VUs, 205233 complete and 0 interrupted iterations
cap_refresh_token   [  19% ] 006/152 VUs  05m43.7s/30m0s  600.00 iters/s

running (05m44.7s), 010/152 VUs, 205829 complete and 0 interrupted iterations
cap_refresh_token   [  19% ] 010/152 VUs  05m44.7s/30m0s  600.00 iters/s

running (05m45.7s), 009/152 VUs, 206429 complete and 0 interrupted iterations
cap_refresh_token   [  19% ] 010/152 VUs  05m45.7s/30m0s  600.00 iters/s

running (05m46.7s), 005/152 VUs, 207034 complete and 0 interrupted iterations
cap_refresh_token   [  19% ] 005/152 VUs  05m46.7s/30m0s  600.00 iters/s

running (05m47.7s), 004/152 VUs, 207635 complete and 0 interrupted iterations
cap_refresh_token   [  19% ] 004/152 VUs  05m47.7s/30m0s  600.00 iters/s

running (05m48.7s), 005/152 VUs, 208234 complete and 0 interrupted iterations
cap_refresh_token   [  19% ] 005/152 VUs  05m48.7s/30m0s  600.00 iters/s

running (05m49.7s), 004/152 VUs, 208835 complete and 0 interrupted iterations
cap_refresh_token   [  19% ] 004/152 VUs  05m49.7s/30m0s  600.00 iters/s

running (05m50.7s), 007/152 VUs, 209432 complete and 0 interrupted iterations
cap_refresh_token   [  19% ] 007/152 VUs  05m50.7s/30m0s  600.00 iters/s

running (05m51.7s), 012/152 VUs, 210027 complete and 0 interrupted iterations
cap_refresh_token   [  20% ] 012/152 VUs  05m51.7s/30m0s  600.00 iters/s

running (05m52.7s), 006/152 VUs, 210633 complete and 0 interrupted iterations
cap_refresh_token   [  20% ] 006/152 VUs  05m52.7s/30m0s  600.00 iters/s

running (05m53.7s), 006/152 VUs, 211233 complete and 0 interrupted iterations
cap_refresh_token   [  20% ] 006/152 VUs  05m53.7s/30m0s  600.00 iters/s

running (05m54.7s), 004/152 VUs, 211835 complete and 0 interrupted iterations
cap_refresh_token   [  20% ] 004/152 VUs  05m54.7s/30m0s  600.00 iters/s

running (05m55.7s), 004/152 VUs, 212435 complete and 0 interrupted iterations
cap_refresh_token   [  20% ] 004/152 VUs  05m55.7s/30m0s  600.00 iters/s

running (05m56.7s), 005/152 VUs, 213034 complete and 0 interrupted iterations
cap_refresh_token   [  20% ] 005/152 VUs  05m56.7s/30m0s  600.00 iters/s

running (05m57.7s), 005/152 VUs, 213634 complete and 0 interrupted iterations
cap_refresh_token   [  20% ] 005/152 VUs  05m57.7s/30m0s  600.00 iters/s

running (05m58.7s), 005/152 VUs, 214234 complete and 0 interrupted iterations
cap_refresh_token   [  20% ] 005/152 VUs  05m58.7s/30m0s  600.00 iters/s

running (05m59.7s), 004/152 VUs, 214835 complete and 0 interrupted iterations
cap_refresh_token   [  20% ] 004/152 VUs  05m59.7s/30m0s  600.00 iters/s

running (06m00.7s), 006/152 VUs, 215433 complete and 0 interrupted iterations
cap_refresh_token   [  20% ] 006/152 VUs  06m00.7s/30m0s  600.00 iters/s

running (06m01.7s), 005/152 VUs, 216034 complete and 0 interrupted iterations
cap_refresh_token   [  20% ] 005/152 VUs  06m01.7s/30m0s  600.00 iters/s

running (06m02.7s), 003/152 VUs, 216636 complete and 0 interrupted iterations
cap_refresh_token   [  20% ] 003/152 VUs  06m02.7s/30m0s  600.00 iters/s

running (06m03.7s), 005/152 VUs, 217234 complete and 0 interrupted iterations
cap_refresh_token   [  20% ] 005/152 VUs  06m03.7s/30m0s  600.00 iters/s

running (06m04.7s), 005/152 VUs, 217834 complete and 0 interrupted iterations
cap_refresh_token   [  20% ] 005/152 VUs  06m04.7s/30m0s  600.00 iters/s

running (06m05.7s), 004/152 VUs, 218435 complete and 0 interrupted iterations
cap_refresh_token   [  20% ] 004/152 VUs  06m05.7s/30m0s  600.00 iters/s

running (06m06.7s), 005/152 VUs, 219034 complete and 0 interrupted iterations
cap_refresh_token   [  20% ] 005/152 VUs  06m06.7s/30m0s  600.00 iters/s

running (06m07.7s), 011/152 VUs, 219628 complete and 0 interrupted iterations
cap_refresh_token   [  20% ] 011/152 VUs  06m07.7s/30m0s  600.00 iters/s

running (06m08.7s), 004/152 VUs, 220235 complete and 0 interrupted iterations
cap_refresh_token   [  20% ] 004/152 VUs  06m08.7s/30m0s  600.00 iters/s

running (06m09.7s), 004/152 VUs, 220835 complete and 0 interrupted iterations
cap_refresh_token   [  21% ] 004/152 VUs  06m09.7s/30m0s  600.00 iters/s

running (06m10.7s), 004/152 VUs, 221435 complete and 0 interrupted iterations
cap_refresh_token   [  21% ] 004/152 VUs  06m10.7s/30m0s  600.00 iters/s

running (06m11.7s), 004/152 VUs, 222035 complete and 0 interrupted iterations
cap_refresh_token   [  21% ] 004/152 VUs  06m11.7s/30m0s  600.00 iters/s

running (06m12.7s), 004/152 VUs, 222634 complete and 0 interrupted iterations
cap_refresh_token   [  21% ] 005/152 VUs  06m12.7s/30m0s  600.00 iters/s

running (06m13.7s), 004/152 VUs, 223235 complete and 0 interrupted iterations
cap_refresh_token   [  21% ] 004/152 VUs  06m13.7s/30m0s  600.00 iters/s

running (06m14.7s), 004/152 VUs, 223835 complete and 0 interrupted iterations
cap_refresh_token   [  21% ] 004/152 VUs  06m14.7s/30m0s  600.00 iters/s

running (06m15.7s), 004/152 VUs, 224435 complete and 0 interrupted iterations
cap_refresh_token   [  21% ] 004/152 VUs  06m15.7s/30m0s  600.00 iters/s

running (06m16.7s), 006/152 VUs, 225033 complete and 0 interrupted iterations
cap_refresh_token   [  21% ] 006/152 VUs  06m16.7s/30m0s  600.00 iters/s

running (06m17.7s), 004/152 VUs, 225635 complete and 0 interrupted iterations
cap_refresh_token   [  21% ] 004/152 VUs  06m17.7s/30m0s  600.00 iters/s

running (06m18.7s), 005/152 VUs, 226234 complete and 0 interrupted iterations
cap_refresh_token   [  21% ] 005/152 VUs  06m18.7s/30m0s  600.00 iters/s

running (06m19.7s), 006/152 VUs, 226833 complete and 0 interrupted iterations
cap_refresh_token   [  21% ] 006/152 VUs  06m19.7s/30m0s  600.00 iters/s

running (06m20.7s), 003/152 VUs, 227436 complete and 0 interrupted iterations
cap_refresh_token   [  21% ] 003/152 VUs  06m20.7s/30m0s  600.00 iters/s

running (06m21.7s), 007/152 VUs, 228032 complete and 0 interrupted iterations
cap_refresh_token   [  21% ] 007/152 VUs  06m21.7s/30m0s  600.00 iters/s

running (06m22.7s), 005/152 VUs, 228634 complete and 0 interrupted iterations
cap_refresh_token   [  21% ] 005/152 VUs  06m22.7s/30m0s  600.00 iters/s

running (06m23.7s), 005/152 VUs, 229234 complete and 0 interrupted iterations
cap_refresh_token   [  21% ] 005/152 VUs  06m23.7s/30m0s  600.00 iters/s

running (06m24.7s), 007/152 VUs, 229832 complete and 0 interrupted iterations
cap_refresh_token   [  21% ] 007/152 VUs  06m24.7s/30m0s  600.00 iters/s

running (06m25.7s), 005/152 VUs, 230434 complete and 0 interrupted iterations
cap_refresh_token   [  21% ] 005/152 VUs  06m25.7s/30m0s  600.00 iters/s

running (06m26.7s), 005/152 VUs, 231034 complete and 0 interrupted iterations
cap_refresh_token   [  21% ] 005/152 VUs  06m26.7s/30m0s  600.00 iters/s

running (06m27.7s), 004/152 VUs, 231635 complete and 0 interrupted iterations
cap_refresh_token   [  22% ] 004/152 VUs  06m27.7s/30m0s  600.00 iters/s

running (06m28.7s), 003/152 VUs, 232236 complete and 0 interrupted iterations
cap_refresh_token   [  22% ] 003/152 VUs  06m28.7s/30m0s  600.00 iters/s

running (06m29.7s), 006/152 VUs, 232833 complete and 0 interrupted iterations
cap_refresh_token   [  22% ] 006/152 VUs  06m29.7s/30m0s  600.00 iters/s

running (06m30.7s), 004/152 VUs, 233435 complete and 0 interrupted iterations
cap_refresh_token   [  22% ] 004/152 VUs  06m30.7s/30m0s  600.00 iters/s

running (06m31.7s), 007/152 VUs, 234032 complete and 0 interrupted iterations
cap_refresh_token   [  22% ] 007/152 VUs  06m31.7s/30m0s  600.00 iters/s

running (06m32.7s), 005/152 VUs, 234634 complete and 0 interrupted iterations
cap_refresh_token   [  22% ] 005/152 VUs  06m32.7s/30m0s  600.00 iters/s

running (06m33.7s), 004/152 VUs, 235235 complete and 0 interrupted iterations
cap_refresh_token   [  22% ] 004/152 VUs  06m33.7s/30m0s  600.00 iters/s

running (06m34.7s), 004/152 VUs, 235835 complete and 0 interrupted iterations
cap_refresh_token   [  22% ] 004/152 VUs  06m34.7s/30m0s  600.00 iters/s

running (06m35.7s), 012/152 VUs, 236427 complete and 0 interrupted iterations
cap_refresh_token   [  22% ] 012/152 VUs  06m35.7s/30m0s  600.00 iters/s

running (06m36.7s), 004/152 VUs, 237035 complete and 0 interrupted iterations
cap_refresh_token   [  22% ] 004/152 VUs  06m36.7s/30m0s  600.00 iters/s

running (06m37.7s), 004/152 VUs, 237635 complete and 0 interrupted iterations
cap_refresh_token   [  22% ] 004/152 VUs  06m37.7s/30m0s  600.00 iters/s

running (06m38.7s), 004/152 VUs, 238235 complete and 0 interrupted iterations
cap_refresh_token   [  22% ] 004/152 VUs  06m38.7s/30m0s  600.00 iters/s

running (06m39.7s), 004/152 VUs, 238835 complete and 0 interrupted iterations
cap_refresh_token   [  22% ] 004/152 VUs  06m39.7s/30m0s  600.00 iters/s

running (06m40.7s), 004/152 VUs, 239435 complete and 0 interrupted iterations
cap_refresh_token   [  22% ] 004/152 VUs  06m40.7s/30m0s  600.00 iters/s

running (06m41.7s), 004/152 VUs, 240035 complete and 0 interrupted iterations
cap_refresh_token   [  22% ] 004/152 VUs  06m41.7s/30m0s  600.00 iters/s

running (06m42.7s), 004/152 VUs, 240635 complete and 0 interrupted iterations
cap_refresh_token   [  22% ] 004/152 VUs  06m42.7s/30m0s  600.00 iters/s

running (06m43.7s), 007/152 VUs, 241232 complete and 0 interrupted iterations
cap_refresh_token   [  22% ] 007/152 VUs  06m43.7s/30m0s  600.00 iters/s

running (06m44.7s), 005/152 VUs, 241834 complete and 0 interrupted iterations
cap_refresh_token   [  22% ] 005/152 VUs  06m44.7s/30m0s  600.00 iters/s

running (06m45.7s), 005/152 VUs, 242434 complete and 0 interrupted iterations
cap_refresh_token   [  23% ] 005/152 VUs  06m45.7s/30m0s  600.00 iters/s

running (06m46.7s), 015/152 VUs, 243024 complete and 0 interrupted iterations
cap_refresh_token   [  23% ] 015/152 VUs  06m46.7s/30m0s  600.00 iters/s

running (06m47.7s), 005/152 VUs, 243634 complete and 0 interrupted iterations
cap_refresh_token   [  23% ] 005/152 VUs  06m47.7s/30m0s  600.00 iters/s

running (06m48.7s), 004/152 VUs, 244235 complete and 0 interrupted iterations
cap_refresh_token   [  23% ] 004/152 VUs  06m48.7s/30m0s  600.00 iters/s

running (06m49.7s), 004/152 VUs, 244835 complete and 0 interrupted iterations
cap_refresh_token   [  23% ] 004/152 VUs  06m49.7s/30m0s  600.00 iters/s

running (06m50.7s), 005/152 VUs, 245434 complete and 0 interrupted iterations
cap_refresh_token   [  23% ] 005/152 VUs  06m50.7s/30m0s  600.00 iters/s

running (06m51.7s), 006/152 VUs, 246033 complete and 0 interrupted iterations
cap_refresh_token   [  23% ] 006/152 VUs  06m51.7s/30m0s  600.00 iters/s

running (06m52.7s), 004/152 VUs, 246635 complete and 0 interrupted iterations
cap_refresh_token   [  23% ] 004/152 VUs  06m52.7s/30m0s  600.00 iters/s

running (06m53.7s), 005/152 VUs, 247234 complete and 0 interrupted iterations
cap_refresh_token   [  23% ] 005/152 VUs  06m53.7s/30m0s  600.00 iters/s

running (06m54.7s), 004/152 VUs, 247835 complete and 0 interrupted iterations
cap_refresh_token   [  23% ] 004/152 VUs  06m54.7s/30m0s  600.00 iters/s

running (06m55.7s), 003/152 VUs, 248435 complete and 0 interrupted iterations
cap_refresh_token   [  23% ] 003/152 VUs  06m55.7s/30m0s  600.00 iters/s

running (06m56.7s), 005/152 VUs, 249034 complete and 0 interrupted iterations
cap_refresh_token   [  23% ] 005/152 VUs  06m56.7s/30m0s  600.00 iters/s

running (06m57.7s), 005/152 VUs, 249634 complete and 0 interrupted iterations
cap_refresh_token   [  23% ] 005/152 VUs  06m57.7s/30m0s  600.00 iters/s

running (06m58.7s), 016/152 VUs, 250223 complete and 0 interrupted iterations
cap_refresh_token   [  23% ] 016/152 VUs  06m58.7s/30m0s  600.00 iters/s

running (06m59.7s), 006/152 VUs, 250833 complete and 0 interrupted iterations
cap_refresh_token   [  23% ] 006/152 VUs  06m59.7s/30m0s  600.00 iters/s

running (07m00.7s), 004/152 VUs, 251435 complete and 0 interrupted iterations
cap_refresh_token   [  23% ] 004/152 VUs  07m00.7s/30m0s  600.00 iters/s

running (07m01.7s), 020/152 VUs, 252019 complete and 0 interrupted iterations
cap_refresh_token   [  23% ] 020/152 VUs  07m01.7s/30m0s  600.00 iters/s

running (07m02.7s), 006/152 VUs, 252633 complete and 0 interrupted iterations
cap_refresh_token   [  23% ] 006/152 VUs  07m02.7s/30m0s  600.00 iters/s

running (07m03.7s), 005/152 VUs, 253234 complete and 0 interrupted iterations
cap_refresh_token   [  24% ] 005/152 VUs  07m03.7s/30m0s  600.00 iters/s

running (07m04.7s), 005/152 VUs, 253834 complete and 0 interrupted iterations
cap_refresh_token   [  24% ] 005/152 VUs  07m04.7s/30m0s  600.00 iters/s

running (07m05.7s), 007/152 VUs, 254432 complete and 0 interrupted iterations
cap_refresh_token   [  24% ] 007/152 VUs  07m05.7s/30m0s  600.00 iters/s

running (07m06.7s), 004/152 VUs, 255035 complete and 0 interrupted iterations
cap_refresh_token   [  24% ] 004/152 VUs  07m06.7s/30m0s  600.00 iters/s

running (07m07.7s), 004/152 VUs, 255635 complete and 0 interrupted iterations
cap_refresh_token   [  24% ] 004/152 VUs  07m07.7s/30m0s  600.00 iters/s

running (07m08.7s), 006/152 VUs, 256233 complete and 0 interrupted iterations
cap_refresh_token   [  24% ] 006/152 VUs  07m08.7s/30m0s  600.00 iters/s

running (07m09.7s), 004/152 VUs, 256835 complete and 0 interrupted iterations
cap_refresh_token   [  24% ] 004/152 VUs  07m09.7s/30m0s  600.00 iters/s

running (07m10.7s), 005/152 VUs, 257434 complete and 0 interrupted iterations
cap_refresh_token   [  24% ] 005/152 VUs  07m10.7s/30m0s  600.00 iters/s

running (07m11.7s), 004/152 VUs, 258035 complete and 0 interrupted iterations
cap_refresh_token   [  24% ] 004/152 VUs  07m11.7s/30m0s  600.00 iters/s

running (07m12.7s), 007/152 VUs, 258632 complete and 0 interrupted iterations
cap_refresh_token   [  24% ] 007/152 VUs  07m12.7s/30m0s  600.00 iters/s

running (07m13.7s), 007/152 VUs, 259232 complete and 0 interrupted iterations
cap_refresh_token   [  24% ] 007/152 VUs  07m13.7s/30m0s  600.00 iters/s

running (07m14.7s), 004/152 VUs, 259835 complete and 0 interrupted iterations
cap_refresh_token   [  24% ] 004/152 VUs  07m14.7s/30m0s  600.00 iters/s

running (07m15.7s), 006/152 VUs, 260433 complete and 0 interrupted iterations
cap_refresh_token   [  24% ] 006/152 VUs  07m15.7s/30m0s  600.00 iters/s

running (07m16.7s), 018/152 VUs, 261021 complete and 0 interrupted iterations
cap_refresh_token   [  24% ] 018/152 VUs  07m16.7s/30m0s  600.00 iters/s

running (07m17.7s), 005/152 VUs, 261634 complete and 0 interrupted iterations
cap_refresh_token   [  24% ] 005/152 VUs  07m17.7s/30m0s  600.00 iters/s

running (07m18.7s), 006/152 VUs, 262233 complete and 0 interrupted iterations
cap_refresh_token   [  24% ] 006/152 VUs  07m18.7s/30m0s  600.00 iters/s

running (07m19.7s), 003/152 VUs, 262836 complete and 0 interrupted iterations
cap_refresh_token   [  24% ] 003/152 VUs  07m19.7s/30m0s  600.00 iters/s

running (07m20.7s), 014/152 VUs, 263425 complete and 0 interrupted iterations
cap_refresh_token   [  24% ] 014/152 VUs  07m20.7s/30m0s  600.00 iters/s

running (07m21.7s), 020/152 VUs, 264019 complete and 0 interrupted iterations
cap_refresh_token   [  25% ] 020/152 VUs  07m21.7s/30m0s  600.00 iters/s

running (07m22.7s), 003/152 VUs, 264636 complete and 0 interrupted iterations
cap_refresh_token   [  25% ] 003/152 VUs  07m22.7s/30m0s  600.00 iters/s

running (07m23.7s), 005/152 VUs, 265234 complete and 0 interrupted iterations
cap_refresh_token   [  25% ] 005/152 VUs  07m23.7s/30m0s  600.00 iters/s

running (07m24.7s), 005/152 VUs, 265834 complete and 0 interrupted iterations
cap_refresh_token   [  25% ] 005/152 VUs  07m24.7s/30m0s  600.00 iters/s

running (07m25.7s), 004/152 VUs, 266435 complete and 0 interrupted iterations
cap_refresh_token   [  25% ] 004/152 VUs  07m25.7s/30m0s  600.00 iters/s

running (07m26.7s), 008/152 VUs, 267031 complete and 0 interrupted iterations
cap_refresh_token   [  25% ] 008/152 VUs  07m26.7s/30m0s  600.00 iters/s

running (07m27.7s), 005/152 VUs, 267634 complete and 0 interrupted iterations
cap_refresh_token   [  25% ] 005/152 VUs  07m27.7s/30m0s  600.00 iters/s

running (07m28.7s), 004/152 VUs, 268235 complete and 0 interrupted iterations
cap_refresh_token   [  25% ] 004/152 VUs  07m28.7s/30m0s  600.00 iters/s

running (07m29.7s), 006/152 VUs, 268833 complete and 0 interrupted iterations
cap_refresh_token   [  25% ] 006/152 VUs  07m29.7s/30m0s  600.00 iters/s

running (07m30.7s), 004/152 VUs, 269435 complete and 0 interrupted iterations
cap_refresh_token   [  25% ] 004/152 VUs  07m30.7s/30m0s  600.00 iters/s

running (07m31.7s), 004/152 VUs, 270035 complete and 0 interrupted iterations
cap_refresh_token   [  25% ] 004/152 VUs  07m31.7s/30m0s  600.00 iters/s

running (07m32.7s), 006/152 VUs, 270633 complete and 0 interrupted iterations
cap_refresh_token   [  25% ] 006/152 VUs  07m32.7s/30m0s  600.00 iters/s

running (07m33.7s), 005/152 VUs, 271234 complete and 0 interrupted iterations
cap_refresh_token   [  25% ] 005/152 VUs  07m33.7s/30m0s  600.00 iters/s

running (07m34.7s), 005/152 VUs, 271833 complete and 0 interrupted iterations
cap_refresh_token   [  25% ] 006/152 VUs  07m34.7s/30m0s  600.00 iters/s

running (07m35.7s), 006/152 VUs, 272433 complete and 0 interrupted iterations
cap_refresh_token   [  25% ] 006/152 VUs  07m35.7s/30m0s  600.00 iters/s

running (07m36.7s), 005/152 VUs, 273034 complete and 0 interrupted iterations
cap_refresh_token   [  25% ] 005/152 VUs  07m36.7s/30m0s  600.00 iters/s

running (07m37.7s), 004/152 VUs, 273635 complete and 0 interrupted iterations
cap_refresh_token   [  25% ] 004/152 VUs  07m37.7s/30m0s  600.00 iters/s

running (07m38.7s), 005/152 VUs, 274234 complete and 0 interrupted iterations
cap_refresh_token   [  25% ] 005/152 VUs  07m38.7s/30m0s  600.00 iters/s

running (07m39.7s), 005/152 VUs, 274834 complete and 0 interrupted iterations
cap_refresh_token   [  26% ] 005/152 VUs  07m39.7s/30m0s  600.00 iters/s

running (07m40.7s), 007/152 VUs, 275432 complete and 0 interrupted iterations
cap_refresh_token   [  26% ] 007/152 VUs  07m40.7s/30m0s  600.00 iters/s

running (07m41.7s), 005/152 VUs, 276034 complete and 0 interrupted iterations
cap_refresh_token   [  26% ] 005/152 VUs  07m41.7s/30m0s  600.00 iters/s

running (07m42.7s), 006/152 VUs, 276633 complete and 0 interrupted iterations
cap_refresh_token   [  26% ] 006/152 VUs  07m42.7s/30m0s  600.00 iters/s

running (07m43.7s), 006/152 VUs, 277233 complete and 0 interrupted iterations
cap_refresh_token   [  26% ] 006/152 VUs  07m43.7s/30m0s  600.00 iters/s

running (07m44.7s), 004/152 VUs, 277835 complete and 0 interrupted iterations
cap_refresh_token   [  26% ] 004/152 VUs  07m44.7s/30m0s  600.00 iters/s

running (07m45.7s), 006/152 VUs, 278433 complete and 0 interrupted iterations
cap_refresh_token   [  26% ] 006/152 VUs  07m45.7s/30m0s  600.00 iters/s

running (07m46.7s), 005/152 VUs, 279034 complete and 0 interrupted iterations
cap_refresh_token   [  26% ] 005/152 VUs  07m46.7s/30m0s  600.00 iters/s

running (07m47.7s), 004/152 VUs, 279635 complete and 0 interrupted iterations
cap_refresh_token   [  26% ] 004/152 VUs  07m47.7s/30m0s  600.00 iters/s

running (07m48.7s), 006/152 VUs, 280233 complete and 0 interrupted iterations
cap_refresh_token   [  26% ] 006/152 VUs  07m48.7s/30m0s  600.00 iters/s

running (07m49.7s), 005/152 VUs, 280834 complete and 0 interrupted iterations
cap_refresh_token   [  26% ] 005/152 VUs  07m49.7s/30m0s  600.00 iters/s

running (07m50.7s), 008/152 VUs, 281431 complete and 0 interrupted iterations
cap_refresh_token   [  26% ] 008/152 VUs  07m50.7s/30m0s  600.00 iters/s

running (07m51.7s), 006/152 VUs, 282033 complete and 0 interrupted iterations
cap_refresh_token   [  26% ] 006/152 VUs  07m51.7s/30m0s  600.00 iters/s

running (07m52.7s), 004/152 VUs, 282635 complete and 0 interrupted iterations
cap_refresh_token   [  26% ] 004/152 VUs  07m52.7s/30m0s  600.00 iters/s

running (07m53.7s), 005/152 VUs, 283234 complete and 0 interrupted iterations
cap_refresh_token   [  26% ] 005/152 VUs  07m53.7s/30m0s  600.00 iters/s

running (07m54.7s), 004/152 VUs, 283835 complete and 0 interrupted iterations
cap_refresh_token   [  26% ] 004/152 VUs  07m54.7s/30m0s  600.00 iters/s

running (07m55.7s), 006/152 VUs, 284433 complete and 0 interrupted iterations
cap_refresh_token   [  26% ] 006/152 VUs  07m55.7s/30m0s  600.00 iters/s

running (07m56.7s), 009/152 VUs, 285030 complete and 0 interrupted iterations
cap_refresh_token   [  26% ] 009/152 VUs  07m56.7s/30m0s  600.00 iters/s

running (07m57.7s), 004/152 VUs, 285635 complete and 0 interrupted iterations
cap_refresh_token   [  27% ] 004/152 VUs  07m57.7s/30m0s  600.00 iters/s

running (07m58.7s), 044/152 VUs, 286194 complete and 0 interrupted iterations
cap_refresh_token   [  27% ] 044/152 VUs  07m58.7s/30m0s  600.00 iters/s

running (07m59.7s), 006/152 VUs, 286833 complete and 0 interrupted iterations
cap_refresh_token   [  27% ] 006/152 VUs  07m59.7s/30m0s  600.00 iters/s

running (08m00.7s), 005/152 VUs, 287434 complete and 0 interrupted iterations
cap_refresh_token   [  27% ] 005/152 VUs  08m00.7s/30m0s  600.00 iters/s

running (08m01.7s), 005/152 VUs, 288034 complete and 0 interrupted iterations
cap_refresh_token   [  27% ] 005/152 VUs  08m01.7s/30m0s  600.00 iters/s

running (08m02.7s), 004/152 VUs, 288635 complete and 0 interrupted iterations
cap_refresh_token   [  27% ] 004/152 VUs  08m02.7s/30m0s  600.00 iters/s

running (08m03.7s), 005/152 VUs, 289234 complete and 0 interrupted iterations
cap_refresh_token   [  27% ] 005/152 VUs  08m03.7s/30m0s  600.00 iters/s

running (08m04.7s), 006/152 VUs, 289833 complete and 0 interrupted iterations
cap_refresh_token   [  27% ] 006/152 VUs  08m04.7s/30m0s  600.00 iters/s

running (08m05.7s), 007/152 VUs, 290432 complete and 0 interrupted iterations
cap_refresh_token   [  27% ] 007/152 VUs  08m05.7s/30m0s  600.00 iters/s

running (08m06.7s), 004/152 VUs, 291035 complete and 0 interrupted iterations
cap_refresh_token   [  27% ] 004/152 VUs  08m06.7s/30m0s  600.00 iters/s

running (08m07.7s), 004/152 VUs, 291635 complete and 0 interrupted iterations
cap_refresh_token   [  27% ] 004/152 VUs  08m07.7s/30m0s  600.00 iters/s

running (08m08.7s), 006/152 VUs, 292233 complete and 0 interrupted iterations
cap_refresh_token   [  27% ] 006/152 VUs  08m08.7s/30m0s  600.00 iters/s

running (08m09.7s), 004/152 VUs, 292835 complete and 0 interrupted iterations
cap_refresh_token   [  27% ] 004/152 VUs  08m09.7s/30m0s  600.00 iters/s

running (08m10.7s), 008/152 VUs, 293431 complete and 0 interrupted iterations
cap_refresh_token   [  27% ] 008/152 VUs  08m10.7s/30m0s  600.00 iters/s

running (08m11.7s), 006/152 VUs, 294033 complete and 0 interrupted iterations
cap_refresh_token   [  27% ] 006/152 VUs  08m11.7s/30m0s  600.00 iters/s

running (08m12.7s), 004/152 VUs, 294636 complete and 0 interrupted iterations
cap_refresh_token   [  27% ] 004/152 VUs  08m12.7s/30m0s  600.00 iters/s

running (08m13.7s), 006/152 VUs, 295233 complete and 0 interrupted iterations
cap_refresh_token   [  27% ] 006/152 VUs  08m13.7s/30m0s  600.00 iters/s

running (08m14.7s), 005/152 VUs, 295834 complete and 0 interrupted iterations
cap_refresh_token   [  27% ] 005/152 VUs  08m14.7s/30m0s  600.00 iters/s

running (08m15.7s), 005/152 VUs, 296433 complete and 0 interrupted iterations
cap_refresh_token   [  28% ] 006/152 VUs  08m15.7s/30m0s  600.00 iters/s

running (08m16.7s), 009/152 VUs, 297030 complete and 0 interrupted iterations
cap_refresh_token   [  28% ] 009/152 VUs  08m16.7s/30m0s  600.00 iters/s

running (08m17.7s), 006/152 VUs, 297633 complete and 0 interrupted iterations
cap_refresh_token   [  28% ] 006/152 VUs  08m17.7s/30m0s  600.00 iters/s

running (08m18.7s), 007/152 VUs, 298232 complete and 0 interrupted iterations
cap_refresh_token   [  28% ] 007/152 VUs  08m18.7s/30m0s  600.00 iters/s

running (08m19.7s), 004/152 VUs, 298835 complete and 0 interrupted iterations
cap_refresh_token   [  28% ] 004/152 VUs  08m19.7s/30m0s  600.00 iters/s

running (08m20.7s), 005/152 VUs, 299433 complete and 0 interrupted iterations
cap_refresh_token   [  28% ] 005/152 VUs  08m20.7s/30m0s  600.00 iters/s

running (08m21.7s), 005/152 VUs, 300034 complete and 0 interrupted iterations
cap_refresh_token   [  28% ] 005/152 VUs  08m21.7s/30m0s  600.00 iters/s

running (08m22.7s), 005/152 VUs, 300634 complete and 0 interrupted iterations
cap_refresh_token   [  28% ] 005/152 VUs  08m22.7s/30m0s  600.00 iters/s

running (08m23.7s), 005/152 VUs, 301234 complete and 0 interrupted iterations
cap_refresh_token   [  28% ] 005/152 VUs  08m23.7s/30m0s  600.00 iters/s

running (08m24.7s), 005/152 VUs, 301834 complete and 0 interrupted iterations
cap_refresh_token   [  28% ] 005/152 VUs  08m24.7s/30m0s  600.00 iters/s

running (08m25.7s), 005/152 VUs, 302434 complete and 0 interrupted iterations
cap_refresh_token   [  28% ] 005/152 VUs  08m25.7s/30m0s  600.00 iters/s

running (08m26.7s), 020/152 VUs, 303019 complete and 0 interrupted iterations
cap_refresh_token   [  28% ] 020/152 VUs  08m26.7s/30m0s  600.00 iters/s

running (08m27.7s), 004/152 VUs, 303635 complete and 0 interrupted iterations
cap_refresh_token   [  28% ] 004/152 VUs  08m27.7s/30m0s  600.00 iters/s

running (08m28.7s), 005/152 VUs, 304234 complete and 0 interrupted iterations
cap_refresh_token   [  28% ] 005/152 VUs  08m28.7s/30m0s  600.00 iters/s

running (08m29.7s), 005/152 VUs, 304834 complete and 0 interrupted iterations
cap_refresh_token   [  28% ] 005/152 VUs  08m29.7s/30m0s  600.00 iters/s

running (08m30.7s), 005/152 VUs, 305434 complete and 0 interrupted iterations
cap_refresh_token   [  28% ] 005/152 VUs  08m30.7s/30m0s  600.00 iters/s

running (08m31.7s), 004/152 VUs, 306035 complete and 0 interrupted iterations
cap_refresh_token   [  28% ] 004/152 VUs  08m31.7s/30m0s  600.00 iters/s

running (08m32.7s), 011/152 VUs, 306628 complete and 0 interrupted iterations
cap_refresh_token   [  28% ] 011/152 VUs  08m32.7s/30m0s  600.00 iters/s

running (08m33.7s), 004/152 VUs, 307235 complete and 0 interrupted iterations
cap_refresh_token   [  29% ] 004/152 VUs  08m33.7s/30m0s  600.00 iters/s

running (08m34.7s), 005/152 VUs, 307834 complete and 0 interrupted iterations
cap_refresh_token   [  29% ] 005/152 VUs  08m34.7s/30m0s  600.00 iters/s

running (08m35.7s), 004/152 VUs, 308435 complete and 0 interrupted iterations
cap_refresh_token   [  29% ] 004/152 VUs  08m35.7s/30m0s  600.00 iters/s

running (08m36.7s), 004/152 VUs, 309035 complete and 0 interrupted iterations
cap_refresh_token   [  29% ] 004/152 VUs  08m36.7s/30m0s  600.00 iters/s

running (08m37.7s), 007/152 VUs, 309632 complete and 0 interrupted iterations
cap_refresh_token   [  29% ] 007/152 VUs  08m37.7s/30m0s  600.00 iters/s

running (08m38.7s), 005/152 VUs, 310234 complete and 0 interrupted iterations
cap_refresh_token   [  29% ] 005/152 VUs  08m38.7s/30m0s  600.00 iters/s

running (08m39.7s), 004/152 VUs, 310835 complete and 0 interrupted iterations
cap_refresh_token   [  29% ] 004/152 VUs  08m39.7s/30m0s  600.00 iters/s

running (08m40.7s), 004/152 VUs, 311435 complete and 0 interrupted iterations
cap_refresh_token   [  29% ] 004/152 VUs  08m40.7s/30m0s  600.00 iters/s

running (08m41.7s), 005/152 VUs, 312034 complete and 0 interrupted iterations
cap_refresh_token   [  29% ] 005/152 VUs  08m41.7s/30m0s  600.00 iters/s

running (08m42.7s), 020/152 VUs, 312618 complete and 0 interrupted iterations
cap_refresh_token   [  29% ] 020/152 VUs  08m42.7s/30m0s  600.00 iters/s

running (08m43.7s), 004/152 VUs, 313235 complete and 0 interrupted iterations
cap_refresh_token   [  29% ] 004/152 VUs  08m43.7s/30m0s  600.00 iters/s

running (08m44.7s), 005/152 VUs, 313834 complete and 0 interrupted iterations
cap_refresh_token   [  29% ] 005/152 VUs  08m44.7s/30m0s  600.00 iters/s

running (08m45.7s), 005/152 VUs, 314434 complete and 0 interrupted iterations
cap_refresh_token   [  29% ] 005/152 VUs  08m45.7s/30m0s  600.00 iters/s

running (08m46.7s), 008/152 VUs, 315031 complete and 0 interrupted iterations
cap_refresh_token   [  29% ] 008/152 VUs  08m46.7s/30m0s  600.00 iters/s

running (08m47.7s), 004/152 VUs, 315635 complete and 0 interrupted iterations
cap_refresh_token   [  29% ] 004/152 VUs  08m47.7s/30m0s  600.00 iters/s

running (08m48.7s), 004/152 VUs, 316235 complete and 0 interrupted iterations
cap_refresh_token   [  29% ] 004/152 VUs  08m48.7s/30m0s  600.00 iters/s

running (08m49.7s), 013/152 VUs, 316826 complete and 0 interrupted iterations
cap_refresh_token   [  29% ] 013/152 VUs  08m49.7s/30m0s  600.00 iters/s

running (08m50.7s), 004/152 VUs, 317435 complete and 0 interrupted iterations
cap_refresh_token   [  29% ] 004/152 VUs  08m50.7s/30m0s  600.00 iters/s

running (08m51.7s), 006/152 VUs, 318033 complete and 0 interrupted iterations
cap_refresh_token   [  30% ] 006/152 VUs  08m51.7s/30m0s  600.00 iters/s

running (08m52.7s), 016/152 VUs, 318623 complete and 0 interrupted iterations
cap_refresh_token   [  30% ] 016/152 VUs  08m52.7s/30m0s  600.00 iters/s

running (08m53.7s), 008/152 VUs, 319231 complete and 0 interrupted iterations
cap_refresh_token   [  30% ] 008/152 VUs  08m53.7s/30m0s  600.00 iters/s

running (08m54.7s), 005/152 VUs, 319834 complete and 0 interrupted iterations
cap_refresh_token   [  30% ] 005/152 VUs  08m54.7s/30m0s  600.00 iters/s

running (08m55.7s), 005/152 VUs, 320434 complete and 0 interrupted iterations
cap_refresh_token   [  30% ] 005/152 VUs  08m55.7s/30m0s  600.00 iters/s

running (08m56.7s), 004/152 VUs, 321035 complete and 0 interrupted iterations
cap_refresh_token   [  30% ] 004/152 VUs  08m56.7s/30m0s  600.00 iters/s

running (08m57.7s), 005/152 VUs, 321634 complete and 0 interrupted iterations
cap_refresh_token   [  30% ] 005/152 VUs  08m57.7s/30m0s  600.00 iters/s

running (08m58.7s), 006/152 VUs, 322232 complete and 0 interrupted iterations
cap_refresh_token   [  30% ] 006/152 VUs  08m58.7s/30m0s  600.00 iters/s

running (08m59.7s), 004/152 VUs, 322835 complete and 0 interrupted iterations
cap_refresh_token   [  30% ] 004/152 VUs  08m59.7s/30m0s  600.00 iters/s

running (09m00.7s), 005/152 VUs, 323434 complete and 0 interrupted iterations
cap_refresh_token   [  30% ] 005/152 VUs  09m00.7s/30m0s  600.00 iters/s

running (09m01.7s), 004/152 VUs, 324035 complete and 0 interrupted iterations
cap_refresh_token   [  30% ] 004/152 VUs  09m01.7s/30m0s  600.00 iters/s

running (09m02.7s), 004/152 VUs, 324635 complete and 0 interrupted iterations
cap_refresh_token   [  30% ] 004/152 VUs  09m02.7s/30m0s  600.00 iters/s

running (09m03.7s), 006/152 VUs, 325233 complete and 0 interrupted iterations
cap_refresh_token   [  30% ] 006/152 VUs  09m03.7s/30m0s  600.00 iters/s

running (09m04.7s), 004/152 VUs, 325835 complete and 0 interrupted iterations
cap_refresh_token   [  30% ] 004/152 VUs  09m04.7s/30m0s  600.00 iters/s

running (09m05.7s), 006/152 VUs, 326433 complete and 0 interrupted iterations
cap_refresh_token   [  30% ] 006/152 VUs  09m05.7s/30m0s  600.00 iters/s

running (09m06.7s), 005/152 VUs, 327034 complete and 0 interrupted iterations
cap_refresh_token   [  30% ] 005/152 VUs  09m06.7s/30m0s  600.00 iters/s

running (09m07.7s), 005/152 VUs, 327634 complete and 0 interrupted iterations
cap_refresh_token   [  30% ] 005/152 VUs  09m07.7s/30m0s  600.00 iters/s

running (09m08.7s), 005/152 VUs, 328234 complete and 0 interrupted iterations
cap_refresh_token   [  30% ] 005/152 VUs  09m08.7s/30m0s  600.00 iters/s

running (09m09.7s), 004/152 VUs, 328835 complete and 0 interrupted iterations
cap_refresh_token   [  31% ] 004/152 VUs  09m09.7s/30m0s  600.00 iters/s

running (09m10.7s), 004/152 VUs, 329435 complete and 0 interrupted iterations
cap_refresh_token   [  31% ] 004/152 VUs  09m10.7s/30m0s  600.00 iters/s

running (09m11.7s), 005/152 VUs, 330034 complete and 0 interrupted iterations
cap_refresh_token   [  31% ] 005/152 VUs  09m11.7s/30m0s  600.00 iters/s

running (09m12.7s), 005/152 VUs, 330634 complete and 0 interrupted iterations
cap_refresh_token   [  31% ] 005/152 VUs  09m12.7s/30m0s  600.00 iters/s

running (09m13.7s), 004/152 VUs, 331235 complete and 0 interrupted iterations
cap_refresh_token   [  31% ] 004/152 VUs  09m13.7s/30m0s  600.00 iters/s

running (09m14.7s), 004/152 VUs, 331835 complete and 0 interrupted iterations
cap_refresh_token   [  31% ] 004/152 VUs  09m14.7s/30m0s  600.00 iters/s

running (09m15.7s), 004/152 VUs, 332435 complete and 0 interrupted iterations
cap_refresh_token   [  31% ] 004/152 VUs  09m15.7s/30m0s  600.00 iters/s

running (09m16.7s), 004/152 VUs, 333035 complete and 0 interrupted iterations
cap_refresh_token   [  31% ] 004/152 VUs  09m16.7s/30m0s  600.00 iters/s

running (09m17.7s), 006/152 VUs, 333633 complete and 0 interrupted iterations
cap_refresh_token   [  31% ] 006/152 VUs  09m17.7s/30m0s  600.00 iters/s

running (09m18.7s), 004/152 VUs, 334235 complete and 0 interrupted iterations
cap_refresh_token   [  31% ] 004/152 VUs  09m18.7s/30m0s  600.00 iters/s

running (09m19.7s), 006/152 VUs, 334833 complete and 0 interrupted iterations
cap_refresh_token   [  31% ] 006/152 VUs  09m19.7s/30m0s  600.00 iters/s

running (09m20.7s), 005/152 VUs, 335434 complete and 0 interrupted iterations
cap_refresh_token   [  31% ] 005/152 VUs  09m20.7s/30m0s  600.00 iters/s

running (09m21.7s), 006/152 VUs, 336033 complete and 0 interrupted iterations
cap_refresh_token   [  31% ] 006/152 VUs  09m21.7s/30m0s  600.00 iters/s

running (09m22.7s), 005/152 VUs, 336634 complete and 0 interrupted iterations
cap_refresh_token   [  31% ] 005/152 VUs  09m22.7s/30m0s  600.00 iters/s

running (09m23.7s), 004/152 VUs, 337235 complete and 0 interrupted iterations
cap_refresh_token   [  31% ] 004/152 VUs  09m23.7s/30m0s  600.00 iters/s

running (09m24.7s), 005/152 VUs, 337834 complete and 0 interrupted iterations
cap_refresh_token   [  31% ] 005/152 VUs  09m24.7s/30m0s  600.00 iters/s

running (09m25.7s), 003/152 VUs, 338436 complete and 0 interrupted iterations
cap_refresh_token   [  31% ] 003/152 VUs  09m25.7s/30m0s  600.00 iters/s

running (09m26.7s), 008/152 VUs, 339031 complete and 0 interrupted iterations
cap_refresh_token   [  31% ] 008/152 VUs  09m26.7s/30m0s  600.00 iters/s

running (09m27.7s), 003/152 VUs, 339636 complete and 0 interrupted iterations
cap_refresh_token   [  32% ] 003/152 VUs  09m27.7s/30m0s  600.00 iters/s

running (09m28.7s), 004/152 VUs, 340235 complete and 0 interrupted iterations
cap_refresh_token   [  32% ] 004/152 VUs  09m28.7s/30m0s  600.00 iters/s

running (09m29.7s), 005/152 VUs, 340834 complete and 0 interrupted iterations
cap_refresh_token   [  32% ] 005/152 VUs  09m29.7s/30m0s  600.00 iters/s

running (09m30.7s), 005/152 VUs, 341434 complete and 0 interrupted iterations
cap_refresh_token   [  32% ] 005/152 VUs  09m30.7s/30m0s  600.00 iters/s

running (09m31.7s), 004/152 VUs, 342035 complete and 0 interrupted iterations
cap_refresh_token   [  32% ] 004/152 VUs  09m31.7s/30m0s  600.00 iters/s

running (09m32.7s), 005/152 VUs, 342634 complete and 0 interrupted iterations
cap_refresh_token   [  32% ] 005/152 VUs  09m32.7s/30m0s  600.00 iters/s

running (09m33.7s), 006/152 VUs, 343233 complete and 0 interrupted iterations
cap_refresh_token   [  32% ] 006/152 VUs  09m33.7s/30m0s  600.00 iters/s

running (09m34.7s), 006/152 VUs, 343833 complete and 0 interrupted iterations
cap_refresh_token   [  32% ] 006/152 VUs  09m34.7s/30m0s  600.00 iters/s

running (09m35.7s), 004/152 VUs, 344435 complete and 0 interrupted iterations
cap_refresh_token   [  32% ] 004/152 VUs  09m35.7s/30m0s  600.00 iters/s

running (09m36.7s), 007/152 VUs, 345032 complete and 0 interrupted iterations
cap_refresh_token   [  32% ] 007/152 VUs  09m36.7s/30m0s  600.00 iters/s

running (09m37.7s), 006/152 VUs, 345633 complete and 0 interrupted iterations
cap_refresh_token   [  32% ] 006/152 VUs  09m37.7s/30m0s  600.00 iters/s

running (09m38.7s), 005/152 VUs, 346234 complete and 0 interrupted iterations
cap_refresh_token   [  32% ] 005/152 VUs  09m38.7s/30m0s  600.00 iters/s

running (09m39.7s), 004/152 VUs, 346834 complete and 0 interrupted iterations
cap_refresh_token   [  32% ] 005/152 VUs  09m39.7s/30m0s  600.00 iters/s

running (09m40.7s), 005/152 VUs, 347434 complete and 0 interrupted iterations
cap_refresh_token   [  32% ] 005/152 VUs  09m40.7s/30m0s  600.00 iters/s

running (09m41.7s), 005/152 VUs, 348034 complete and 0 interrupted iterations
cap_refresh_token   [  32% ] 005/152 VUs  09m41.7s/30m0s  600.00 iters/s

running (09m42.7s), 006/152 VUs, 348633 complete and 0 interrupted iterations
cap_refresh_token   [  32% ] 006/152 VUs  09m42.7s/30m0s  600.00 iters/s

running (09m43.7s), 004/152 VUs, 349235 complete and 0 interrupted iterations
cap_refresh_token   [  32% ] 004/152 VUs  09m43.7s/30m0s  600.00 iters/s

running (09m44.7s), 010/152 VUs, 349829 complete and 0 interrupted iterations
cap_refresh_token   [  32% ] 010/152 VUs  09m44.7s/30m0s  600.00 iters/s

running (09m45.7s), 004/152 VUs, 350435 complete and 0 interrupted iterations
cap_refresh_token   [  33% ] 004/152 VUs  09m45.7s/30m0s  600.00 iters/s

running (09m46.7s), 006/152 VUs, 351033 complete and 0 interrupted iterations
cap_refresh_token   [  33% ] 006/152 VUs  09m46.7s/30m0s  600.00 iters/s

running (09m47.7s), 006/152 VUs, 351633 complete and 0 interrupted iterations
cap_refresh_token   [  33% ] 006/152 VUs  09m47.7s/30m0s  600.00 iters/s

running (09m48.7s), 005/152 VUs, 352234 complete and 0 interrupted iterations
cap_refresh_token   [  33% ] 005/152 VUs  09m48.7s/30m0s  600.00 iters/s

running (09m49.7s), 012/152 VUs, 352827 complete and 0 interrupted iterations
cap_refresh_token   [  33% ] 012/152 VUs  09m49.7s/30m0s  600.00 iters/s

running (09m50.7s), 006/152 VUs, 353433 complete and 0 interrupted iterations
cap_refresh_token   [  33% ] 006/152 VUs  09m50.7s/30m0s  600.00 iters/s

running (09m51.7s), 005/152 VUs, 354034 complete and 0 interrupted iterations
cap_refresh_token   [  33% ] 005/152 VUs  09m51.7s/30m0s  600.00 iters/s

running (09m52.7s), 005/152 VUs, 354634 complete and 0 interrupted iterations
cap_refresh_token   [  33% ] 005/152 VUs  09m52.7s/30m0s  600.00 iters/s

running (09m53.7s), 009/152 VUs, 355230 complete and 0 interrupted iterations
cap_refresh_token   [  33% ] 009/152 VUs  09m53.7s/30m0s  600.00 iters/s

running (09m54.7s), 005/152 VUs, 355834 complete and 0 interrupted iterations
cap_refresh_token   [  33% ] 005/152 VUs  09m54.7s/30m0s  600.00 iters/s

running (09m55.7s), 005/152 VUs, 356434 complete and 0 interrupted iterations
cap_refresh_token   [  33% ] 005/152 VUs  09m55.7s/30m0s  600.00 iters/s

running (09m56.7s), 005/152 VUs, 357034 complete and 0 interrupted iterations
cap_refresh_token   [  33% ] 005/152 VUs  09m56.7s/30m0s  600.00 iters/s

running (09m57.7s), 009/152 VUs, 357630 complete and 0 interrupted iterations
cap_refresh_token   [  33% ] 009/152 VUs  09m57.7s/30m0s  600.00 iters/s

running (09m58.7s), 007/152 VUs, 358232 complete and 0 interrupted iterations
cap_refresh_token   [  33% ] 007/152 VUs  09m58.7s/30m0s  600.00 iters/s

running (09m59.7s), 004/152 VUs, 358835 complete and 0 interrupted iterations
cap_refresh_token   [  33% ] 004/152 VUs  09m59.7s/30m0s  600.00 iters/s

running (10m00.7s), 005/152 VUs, 359434 complete and 0 interrupted iterations
cap_refresh_token   [  33% ] 005/152 VUs  10m00.7s/30m0s  600.00 iters/s

running (10m01.7s), 003/152 VUs, 360036 complete and 0 interrupted iterations
cap_refresh_token   [  33% ] 003/152 VUs  10m01.7s/30m0s  600.00 iters/s

running (10m02.7s), 004/152 VUs, 360635 complete and 0 interrupted iterations
cap_refresh_token   [  33% ] 004/152 VUs  10m02.7s/30m0s  600.00 iters/s

running (10m03.7s), 007/152 VUs, 361232 complete and 0 interrupted iterations
cap_refresh_token   [  34% ] 007/152 VUs  10m03.7s/30m0s  600.00 iters/s

running (10m04.7s), 004/152 VUs, 361835 complete and 0 interrupted iterations
cap_refresh_token   [  34% ] 004/152 VUs  10m04.7s/30m0s  600.00 iters/s

running (10m05.7s), 004/152 VUs, 362435 complete and 0 interrupted iterations
cap_refresh_token   [  34% ] 004/152 VUs  10m05.7s/30m0s  600.00 iters/s

running (10m06.7s), 005/152 VUs, 363034 complete and 0 interrupted iterations
cap_refresh_token   [  34% ] 005/152 VUs  10m06.7s/30m0s  600.00 iters/s

running (10m07.7s), 004/152 VUs, 363635 complete and 0 interrupted iterations
cap_refresh_token   [  34% ] 004/152 VUs  10m07.7s/30m0s  600.00 iters/s

running (10m08.7s), 003/152 VUs, 364236 complete and 0 interrupted iterations
cap_refresh_token   [  34% ] 003/152 VUs  10m08.7s/30m0s  600.00 iters/s

running (10m09.7s), 004/152 VUs, 364835 complete and 0 interrupted iterations
cap_refresh_token   [  34% ] 004/152 VUs  10m09.7s/30m0s  600.00 iters/s

running (10m10.7s), 005/152 VUs, 365434 complete and 0 interrupted iterations
cap_refresh_token   [  34% ] 005/152 VUs  10m10.7s/30m0s  600.00 iters/s

running (10m11.7s), 005/152 VUs, 366034 complete and 0 interrupted iterations
cap_refresh_token   [  34% ] 005/152 VUs  10m11.7s/30m0s  600.00 iters/s

running (10m12.7s), 004/152 VUs, 366635 complete and 0 interrupted iterations
cap_refresh_token   [  34% ] 004/152 VUs  10m12.7s/30m0s  600.00 iters/s

running (10m13.7s), 004/152 VUs, 367235 complete and 0 interrupted iterations
cap_refresh_token   [  34% ] 004/152 VUs  10m13.7s/30m0s  600.00 iters/s

running (10m14.7s), 004/152 VUs, 367835 complete and 0 interrupted iterations
cap_refresh_token   [  34% ] 003/152 VUs  10m14.7s/30m0s  600.00 iters/s

running (10m15.7s), 026/152 VUs, 368413 complete and 0 interrupted iterations
cap_refresh_token   [  34% ] 026/152 VUs  10m15.7s/30m0s  600.00 iters/s

running (10m16.7s), 005/152 VUs, 369034 complete and 0 interrupted iterations
cap_refresh_token   [  34% ] 005/152 VUs  10m16.7s/30m0s  600.00 iters/s

running (10m17.7s), 005/152 VUs, 369634 complete and 0 interrupted iterations
cap_refresh_token   [  34% ] 005/152 VUs  10m17.7s/30m0s  600.00 iters/s

running (10m18.7s), 032/152 VUs, 370207 complete and 0 interrupted iterations
cap_refresh_token   [  34% ] 032/152 VUs  10m18.7s/30m0s  600.00 iters/s

running (10m19.7s), 004/152 VUs, 370835 complete and 0 interrupted iterations
cap_refresh_token   [  34% ] 004/152 VUs  10m19.7s/30m0s  600.00 iters/s

running (10m20.7s), 005/152 VUs, 371434 complete and 0 interrupted iterations
cap_refresh_token   [  34% ] 005/152 VUs  10m20.7s/30m0s  600.00 iters/s

running (10m21.7s), 005/152 VUs, 372034 complete and 0 interrupted iterations
cap_refresh_token   [  35% ] 005/152 VUs  10m21.7s/30m0s  600.00 iters/s

running (10m22.7s), 004/152 VUs, 372635 complete and 0 interrupted iterations
cap_refresh_token   [  35% ] 004/152 VUs  10m22.7s/30m0s  600.00 iters/s

running (10m23.7s), 004/152 VUs, 373234 complete and 0 interrupted iterations
cap_refresh_token   [  35% ] 005/152 VUs  10m23.7s/30m0s  600.00 iters/s

running (10m24.7s), 006/152 VUs, 373833 complete and 0 interrupted iterations
cap_refresh_token   [  35% ] 006/152 VUs  10m24.7s/30m0s  600.00 iters/s

running (10m25.7s), 004/152 VUs, 374435 complete and 0 interrupted iterations
cap_refresh_token   [  35% ] 004/152 VUs  10m25.7s/30m0s  600.00 iters/s

running (10m26.7s), 004/152 VUs, 375035 complete and 0 interrupted iterations
cap_refresh_token   [  35% ] 004/152 VUs  10m26.7s/30m0s  600.00 iters/s

running (10m27.7s), 004/152 VUs, 375635 complete and 0 interrupted iterations
cap_refresh_token   [  35% ] 004/152 VUs  10m27.7s/30m0s  600.00 iters/s

running (10m28.7s), 004/152 VUs, 376235 complete and 0 interrupted iterations
cap_refresh_token   [  35% ] 004/152 VUs  10m28.7s/30m0s  600.00 iters/s

running (10m29.7s), 004/152 VUs, 376835 complete and 0 interrupted iterations
cap_refresh_token   [  35% ] 004/152 VUs  10m29.7s/30m0s  600.00 iters/s

running (10m30.7s), 004/152 VUs, 377435 complete and 0 interrupted iterations
cap_refresh_token   [  35% ] 004/152 VUs  10m30.7s/30m0s  600.00 iters/s

running (10m31.7s), 004/152 VUs, 378035 complete and 0 interrupted iterations
cap_refresh_token   [  35% ] 004/152 VUs  10m31.7s/30m0s  600.00 iters/s

running (10m32.7s), 005/152 VUs, 378634 complete and 0 interrupted iterations
cap_refresh_token   [  35% ] 005/152 VUs  10m32.7s/30m0s  600.00 iters/s

running (10m33.7s), 005/152 VUs, 379234 complete and 0 interrupted iterations
cap_refresh_token   [  35% ] 005/152 VUs  10m33.7s/30m0s  600.00 iters/s

running (10m34.7s), 005/152 VUs, 379834 complete and 0 interrupted iterations
cap_refresh_token   [  35% ] 005/152 VUs  10m34.7s/30m0s  600.00 iters/s

running (10m35.7s), 005/152 VUs, 380434 complete and 0 interrupted iterations
cap_refresh_token   [  35% ] 005/152 VUs  10m35.7s/30m0s  600.00 iters/s

running (10m36.7s), 005/152 VUs, 381034 complete and 0 interrupted iterations
cap_refresh_token   [  35% ] 005/152 VUs  10m36.7s/30m0s  600.00 iters/s

running (10m37.7s), 004/152 VUs, 381635 complete and 0 interrupted iterations
cap_refresh_token   [  35% ] 004/152 VUs  10m37.7s/30m0s  600.00 iters/s

running (10m38.7s), 004/152 VUs, 382235 complete and 0 interrupted iterations
cap_refresh_token   [  35% ] 004/152 VUs  10m38.7s/30m0s  600.00 iters/s

running (10m39.7s), 004/152 VUs, 382835 complete and 0 interrupted iterations
cap_refresh_token   [  36% ] 004/152 VUs  10m39.7s/30m0s  600.00 iters/s

running (10m40.7s), 004/152 VUs, 383435 complete and 0 interrupted iterations
cap_refresh_token   [  36% ] 004/152 VUs  10m40.7s/30m0s  600.00 iters/s

running (10m41.7s), 004/152 VUs, 384035 complete and 0 interrupted iterations
cap_refresh_token   [  36% ] 004/152 VUs  10m41.7s/30m0s  600.00 iters/s

running (10m42.7s), 004/152 VUs, 384635 complete and 0 interrupted iterations
cap_refresh_token   [  36% ] 004/152 VUs  10m42.7s/30m0s  600.00 iters/s

running (10m43.7s), 005/152 VUs, 385234 complete and 0 interrupted iterations
cap_refresh_token   [  36% ] 005/152 VUs  10m43.7s/30m0s  600.00 iters/s

running (10m44.7s), 004/152 VUs, 385835 complete and 0 interrupted iterations
cap_refresh_token   [  36% ] 004/152 VUs  10m44.7s/30m0s  600.00 iters/s

running (10m45.7s), 006/152 VUs, 386433 complete and 0 interrupted iterations
cap_refresh_token   [  36% ] 006/152 VUs  10m45.7s/30m0s  600.00 iters/s

running (10m46.7s), 017/152 VUs, 387023 complete and 0 interrupted iterations
cap_refresh_token   [  36% ] 017/152 VUs  10m46.7s/30m0s  600.00 iters/s

running (10m47.7s), 006/152 VUs, 387633 complete and 0 interrupted iterations
cap_refresh_token   [  36% ] 006/152 VUs  10m47.7s/30m0s  600.00 iters/s

running (10m48.7s), 004/152 VUs, 388235 complete and 0 interrupted iterations
cap_refresh_token   [  36% ] 004/152 VUs  10m48.7s/30m0s  600.00 iters/s

running (10m49.7s), 005/152 VUs, 388834 complete and 0 interrupted iterations
cap_refresh_token   [  36% ] 005/152 VUs  10m49.7s/30m0s  600.00 iters/s

running (10m50.7s), 004/152 VUs, 389435 complete and 0 interrupted iterations
cap_refresh_token   [  36% ] 004/152 VUs  10m50.7s/30m0s  600.00 iters/s

running (10m51.7s), 038/152 VUs, 390001 complete and 0 interrupted iterations
cap_refresh_token   [  36% ] 038/152 VUs  10m51.7s/30m0s  600.00 iters/s

running (10m52.7s), 004/152 VUs, 390635 complete and 0 interrupted iterations
cap_refresh_token   [  36% ] 004/152 VUs  10m52.7s/30m0s  600.00 iters/s

running (10m53.7s), 004/152 VUs, 391235 complete and 0 interrupted iterations
cap_refresh_token   [  36% ] 004/152 VUs  10m53.7s/30m0s  600.00 iters/s

running (10m54.7s), 004/152 VUs, 391835 complete and 0 interrupted iterations
cap_refresh_token   [  36% ] 004/152 VUs  10m54.7s/30m0s  600.00 iters/s

running (10m55.7s), 005/152 VUs, 392434 complete and 0 interrupted iterations
cap_refresh_token   [  36% ] 005/152 VUs  10m55.7s/30m0s  600.00 iters/s

running (10m56.7s), 005/152 VUs, 393034 complete and 0 interrupted iterations
cap_refresh_token   [  36% ] 005/152 VUs  10m56.7s/30m0s  600.00 iters/s

running (10m57.7s), 004/152 VUs, 393635 complete and 0 interrupted iterations
cap_refresh_token   [  37% ] 004/152 VUs  10m57.7s/30m0s  600.00 iters/s

running (10m58.7s), 011/152 VUs, 394228 complete and 0 interrupted iterations
cap_refresh_token   [  37% ] 011/152 VUs  10m58.7s/30m0s  600.00 iters/s

running (10m59.7s), 006/152 VUs, 394833 complete and 0 interrupted iterations
cap_refresh_token   [  37% ] 006/152 VUs  10m59.7s/30m0s  600.00 iters/s

running (11m00.7s), 005/152 VUs, 395434 complete and 0 interrupted iterations
cap_refresh_token   [  37% ] 005/152 VUs  11m00.7s/30m0s  600.00 iters/s

running (11m01.7s), 004/152 VUs, 396035 complete and 0 interrupted iterations
cap_refresh_token   [  37% ] 004/152 VUs  11m01.7s/30m0s  600.00 iters/s

running (11m02.7s), 006/152 VUs, 396633 complete and 0 interrupted iterations
cap_refresh_token   [  37% ] 006/152 VUs  11m02.7s/30m0s  600.00 iters/s

running (11m03.7s), 006/152 VUs, 397233 complete and 0 interrupted iterations
cap_refresh_token   [  37% ] 006/152 VUs  11m03.7s/30m0s  600.00 iters/s

running (11m04.7s), 004/152 VUs, 397835 complete and 0 interrupted iterations
cap_refresh_token   [  37% ] 004/152 VUs  11m04.7s/30m0s  600.00 iters/s

running (11m05.7s), 005/152 VUs, 398434 complete and 0 interrupted iterations
cap_refresh_token   [  37% ] 005/152 VUs  11m05.7s/30m0s  600.00 iters/s

running (11m06.7s), 005/152 VUs, 399034 complete and 0 interrupted iterations
cap_refresh_token   [  37% ] 005/152 VUs  11m06.7s/30m0s  600.00 iters/s

running (11m07.7s), 005/152 VUs, 399634 complete and 0 interrupted iterations
cap_refresh_token   [  37% ] 005/152 VUs  11m07.7s/30m0s  600.00 iters/s

running (11m08.7s), 005/152 VUs, 400234 complete and 0 interrupted iterations
cap_refresh_token   [  37% ] 005/152 VUs  11m08.7s/30m0s  600.00 iters/s

running (11m09.7s), 005/152 VUs, 400833 complete and 0 interrupted iterations
cap_refresh_token   [  37% ] 005/152 VUs  11m09.7s/30m0s  600.00 iters/s

running (11m10.7s), 004/152 VUs, 401435 complete and 0 interrupted iterations
cap_refresh_token   [  37% ] 004/152 VUs  11m10.7s/30m0s  600.00 iters/s

running (11m11.7s), 005/152 VUs, 402034 complete and 0 interrupted iterations
cap_refresh_token   [  37% ] 005/152 VUs  11m11.7s/30m0s  600.00 iters/s

running (11m12.7s), 004/152 VUs, 402635 complete and 0 interrupted iterations
cap_refresh_token   [  37% ] 004/152 VUs  11m12.7s/30m0s  600.00 iters/s

running (11m13.7s), 004/152 VUs, 403235 complete and 0 interrupted iterations
cap_refresh_token   [  37% ] 004/152 VUs  11m13.7s/30m0s  600.00 iters/s

running (11m14.7s), 005/152 VUs, 403834 complete and 0 interrupted iterations
cap_refresh_token   [  37% ] 005/152 VUs  11m14.7s/30m0s  600.00 iters/s

running (11m15.7s), 004/152 VUs, 404435 complete and 0 interrupted iterations
cap_refresh_token   [  38% ] 004/152 VUs  11m15.7s/30m0s  600.00 iters/s

running (11m16.7s), 004/152 VUs, 405035 complete and 0 interrupted iterations
cap_refresh_token   [  38% ] 004/152 VUs  11m16.7s/30m0s  600.00 iters/s

running (11m17.7s), 016/152 VUs, 405623 complete and 0 interrupted iterations
cap_refresh_token   [  38% ] 016/152 VUs  11m17.7s/30m0s  600.00 iters/s

running (11m18.7s), 006/152 VUs, 406233 complete and 0 interrupted iterations
cap_refresh_token   [  38% ] 006/152 VUs  11m18.7s/30m0s  600.00 iters/s

running (11m19.7s), 004/152 VUs, 406835 complete and 0 interrupted iterations
cap_refresh_token   [  38% ] 004/152 VUs  11m19.7s/30m0s  600.00 iters/s

running (11m20.7s), 005/152 VUs, 407434 complete and 0 interrupted iterations
cap_refresh_token   [  38% ] 005/152 VUs  11m20.7s/30m0s  600.00 iters/s

running (11m21.7s), 004/152 VUs, 408035 complete and 0 interrupted iterations
cap_refresh_token   [  38% ] 004/152 VUs  11m21.7s/30m0s  600.00 iters/s

running (11m22.7s), 004/152 VUs, 408635 complete and 0 interrupted iterations
cap_refresh_token   [  38% ] 004/152 VUs  11m22.7s/30m0s  600.00 iters/s

running (11m23.7s), 004/152 VUs, 409235 complete and 0 interrupted iterations
cap_refresh_token   [  38% ] 004/152 VUs  11m23.7s/30m0s  600.00 iters/s

running (11m24.7s), 004/152 VUs, 409835 complete and 0 interrupted iterations
cap_refresh_token   [  38% ] 004/152 VUs  11m24.7s/30m0s  600.00 iters/s

running (11m25.7s), 004/152 VUs, 410435 complete and 0 interrupted iterations
cap_refresh_token   [  38% ] 004/152 VUs  11m25.7s/30m0s  600.00 iters/s

running (11m26.7s), 004/152 VUs, 411035 complete and 0 interrupted iterations
cap_refresh_token   [  38% ] 005/152 VUs  11m26.7s/30m0s  600.00 iters/s

running (11m27.7s), 004/152 VUs, 411635 complete and 0 interrupted iterations
cap_refresh_token   [  38% ] 004/152 VUs  11m27.7s/30m0s  600.00 iters/s

running (11m28.7s), 006/152 VUs, 412233 complete and 0 interrupted iterations
cap_refresh_token   [  38% ] 006/152 VUs  11m28.7s/30m0s  600.00 iters/s

running (11m29.7s), 006/152 VUs, 412833 complete and 0 interrupted iterations
cap_refresh_token   [  38% ] 006/152 VUs  11m29.7s/30m0s  600.00 iters/s

running (11m30.7s), 005/152 VUs, 413434 complete and 0 interrupted iterations
cap_refresh_token   [  38% ] 005/152 VUs  11m30.7s/30m0s  600.00 iters/s

running (11m31.7s), 003/152 VUs, 414036 complete and 0 interrupted iterations
cap_refresh_token   [  38% ] 003/152 VUs  11m31.7s/30m0s  600.00 iters/s

running (11m32.7s), 004/152 VUs, 414635 complete and 0 interrupted iterations
cap_refresh_token   [  38% ] 004/152 VUs  11m32.7s/30m0s  600.00 iters/s

running (11m33.7s), 004/152 VUs, 415235 complete and 0 interrupted iterations
cap_refresh_token   [  39% ] 004/152 VUs  11m33.7s/30m0s  600.00 iters/s

running (11m34.7s), 004/152 VUs, 415835 complete and 0 interrupted iterations
cap_refresh_token   [  39% ] 004/152 VUs  11m34.7s/30m0s  600.00 iters/s

running (11m35.7s), 008/152 VUs, 416431 complete and 0 interrupted iterations
cap_refresh_token   [  39% ] 008/152 VUs  11m35.7s/30m0s  600.00 iters/s

running (11m36.7s), 005/152 VUs, 417034 complete and 0 interrupted iterations
cap_refresh_token   [  39% ] 005/152 VUs  11m36.7s/30m0s  600.00 iters/s

running (11m37.7s), 008/152 VUs, 417631 complete and 0 interrupted iterations
cap_refresh_token   [  39% ] 008/152 VUs  11m37.7s/30m0s  600.00 iters/s

running (11m38.7s), 005/152 VUs, 418234 complete and 0 interrupted iterations
cap_refresh_token   [  39% ] 005/152 VUs  11m38.7s/30m0s  600.00 iters/s

running (11m39.7s), 004/152 VUs, 418835 complete and 0 interrupted iterations
cap_refresh_token   [  39% ] 004/152 VUs  11m39.7s/30m0s  600.00 iters/s

running (11m40.7s), 005/152 VUs, 419434 complete and 0 interrupted iterations
cap_refresh_token   [  39% ] 005/152 VUs  11m40.7s/30m0s  600.00 iters/s

running (11m41.7s), 006/152 VUs, 420033 complete and 0 interrupted iterations
cap_refresh_token   [  39% ] 006/152 VUs  11m41.7s/30m0s  600.00 iters/s

running (11m42.7s), 005/152 VUs, 420634 complete and 0 interrupted iterations
cap_refresh_token   [  39% ] 005/152 VUs  11m42.7s/30m0s  600.00 iters/s

running (11m43.7s), 007/152 VUs, 421232 complete and 0 interrupted iterations
cap_refresh_token   [  39% ] 007/152 VUs  11m43.7s/30m0s  600.00 iters/s

running (11m44.7s), 008/152 VUs, 421832 complete and 0 interrupted iterations
cap_refresh_token   [  39% ] 008/152 VUs  11m44.7s/30m0s  600.00 iters/s

running (11m45.7s), 004/152 VUs, 422435 complete and 0 interrupted iterations
cap_refresh_token   [  39% ] 004/152 VUs  11m45.7s/30m0s  600.00 iters/s

running (11m46.7s), 004/152 VUs, 423035 complete and 0 interrupted iterations
cap_refresh_token   [  39% ] 004/152 VUs  11m46.7s/30m0s  600.00 iters/s

running (11m47.7s), 004/152 VUs, 423635 complete and 0 interrupted iterations
cap_refresh_token   [  39% ] 004/152 VUs  11m47.7s/30m0s  600.00 iters/s

running (11m48.7s), 005/152 VUs, 424234 complete and 0 interrupted iterations
cap_refresh_token   [  39% ] 005/152 VUs  11m48.7s/30m0s  600.00 iters/s

running (11m49.7s), 005/152 VUs, 424834 complete and 0 interrupted iterations
cap_refresh_token   [  39% ] 005/152 VUs  11m49.7s/30m0s  600.00 iters/s

running (11m50.7s), 005/152 VUs, 425434 complete and 0 interrupted iterations
cap_refresh_token   [  39% ] 005/152 VUs  11m50.7s/30m0s  600.00 iters/s

running (11m51.7s), 004/152 VUs, 426035 complete and 0 interrupted iterations
cap_refresh_token   [  40% ] 004/152 VUs  11m51.7s/30m0s  600.00 iters/s

running (11m52.7s), 005/152 VUs, 426634 complete and 0 interrupted iterations
cap_refresh_token   [  40% ] 005/152 VUs  11m52.7s/30m0s  600.00 iters/s

running (11m53.7s), 004/152 VUs, 427235 complete and 0 interrupted iterations
cap_refresh_token   [  40% ] 004/152 VUs  11m53.7s/30m0s  600.00 iters/s

running (11m54.7s), 006/152 VUs, 427833 complete and 0 interrupted iterations
cap_refresh_token   [  40% ] 005/152 VUs  11m54.7s/30m0s  600.00 iters/s

running (11m55.7s), 005/152 VUs, 428434 complete and 0 interrupted iterations
cap_refresh_token   [  40% ] 005/152 VUs  11m55.7s/30m0s  600.00 iters/s

running (11m56.7s), 005/152 VUs, 429034 complete and 0 interrupted iterations
cap_refresh_token   [  40% ] 005/152 VUs  11m56.7s/30m0s  600.00 iters/s

running (11m57.7s), 005/152 VUs, 429634 complete and 0 interrupted iterations
cap_refresh_token   [  40% ] 005/152 VUs  11m57.7s/30m0s  600.00 iters/s

running (11m58.7s), 005/152 VUs, 430234 complete and 0 interrupted iterations
cap_refresh_token   [  40% ] 005/152 VUs  11m58.7s/30m0s  600.00 iters/s

running (11m59.7s), 006/152 VUs, 430833 complete and 0 interrupted iterations
cap_refresh_token   [  40% ] 006/152 VUs  11m59.7s/30m0s  600.00 iters/s

running (12m00.7s), 008/152 VUs, 431431 complete and 0 interrupted iterations
cap_refresh_token   [  40% ] 008/152 VUs  12m00.7s/30m0s  600.00 iters/s

running (12m01.7s), 007/152 VUs, 432032 complete and 0 interrupted iterations
cap_refresh_token   [  40% ] 007/152 VUs  12m01.7s/30m0s  600.00 iters/s

running (12m02.7s), 007/152 VUs, 432632 complete and 0 interrupted iterations
cap_refresh_token   [  40% ] 007/152 VUs  12m02.7s/30m0s  600.00 iters/s

running (12m03.7s), 011/152 VUs, 433228 complete and 0 interrupted iterations
cap_refresh_token   [  40% ] 011/152 VUs  12m03.7s/30m0s  600.00 iters/s

running (12m04.7s), 004/152 VUs, 433835 complete and 0 interrupted iterations
cap_refresh_token   [  40% ] 004/152 VUs  12m04.7s/30m0s  600.00 iters/s

running (12m05.7s), 005/152 VUs, 434434 complete and 0 interrupted iterations
cap_refresh_token   [  40% ] 005/152 VUs  12m05.7s/30m0s  600.00 iters/s

running (12m06.7s), 012/152 VUs, 435027 complete and 0 interrupted iterations
cap_refresh_token   [  40% ] 012/152 VUs  12m06.7s/30m0s  600.00 iters/s

running (12m07.7s), 006/152 VUs, 435634 complete and 0 interrupted iterations
cap_refresh_token   [  40% ] 006/152 VUs  12m07.7s/30m0s  600.00 iters/s

running (12m08.7s), 005/152 VUs, 436234 complete and 0 interrupted iterations
cap_refresh_token   [  40% ] 005/152 VUs  12m08.7s/30m0s  600.00 iters/s

running (12m09.7s), 004/152 VUs, 436835 complete and 0 interrupted iterations
cap_refresh_token   [  41% ] 004/152 VUs  12m09.7s/30m0s  600.00 iters/s

running (12m10.7s), 004/152 VUs, 437435 complete and 0 interrupted iterations
cap_refresh_token   [  41% ] 004/152 VUs  12m10.7s/30m0s  600.00 iters/s

running (12m11.7s), 021/152 VUs, 438019 complete and 0 interrupted iterations
cap_refresh_token   [  41% ] 021/152 VUs  12m11.7s/30m0s  600.00 iters/s

running (12m12.7s), 006/152 VUs, 438633 complete and 0 interrupted iterations
cap_refresh_token   [  41% ] 006/152 VUs  12m12.7s/30m0s  600.00 iters/s

running (12m13.7s), 006/152 VUs, 439233 complete and 0 interrupted iterations
cap_refresh_token   [  41% ] 006/152 VUs  12m13.7s/30m0s  600.00 iters/s

running (12m14.7s), 005/152 VUs, 439834 complete and 0 interrupted iterations
cap_refresh_token   [  41% ] 005/152 VUs  12m14.7s/30m0s  600.00 iters/s

running (12m15.7s), 007/152 VUs, 440432 complete and 0 interrupted iterations
cap_refresh_token   [  41% ] 007/152 VUs  12m15.7s/30m0s  600.00 iters/s

running (12m16.7s), 004/152 VUs, 441035 complete and 0 interrupted iterations
cap_refresh_token   [  41% ] 004/152 VUs  12m16.7s/30m0s  600.00 iters/s

running (12m17.7s), 005/152 VUs, 441634 complete and 0 interrupted iterations
cap_refresh_token   [  41% ] 005/152 VUs  12m17.7s/30m0s  600.00 iters/s

running (12m18.7s), 004/152 VUs, 442235 complete and 0 interrupted iterations
cap_refresh_token   [  41% ] 005/152 VUs  12m18.7s/30m0s  600.00 iters/s

running (12m19.7s), 005/152 VUs, 442834 complete and 0 interrupted iterations
cap_refresh_token   [  41% ] 005/152 VUs  12m19.7s/30m0s  600.00 iters/s

running (12m20.7s), 006/152 VUs, 443433 complete and 0 interrupted iterations
cap_refresh_token   [  41% ] 006/152 VUs  12m20.7s/30m0s  600.00 iters/s

running (12m21.7s), 005/152 VUs, 444034 complete and 0 interrupted iterations
cap_refresh_token   [  41% ] 005/152 VUs  12m21.7s/30m0s  600.00 iters/s

running (12m22.7s), 004/152 VUs, 444635 complete and 0 interrupted iterations
cap_refresh_token   [  41% ] 004/152 VUs  12m22.7s/30m0s  600.00 iters/s

running (12m23.7s), 004/152 VUs, 445235 complete and 0 interrupted iterations
cap_refresh_token   [  41% ] 004/152 VUs  12m23.7s/30m0s  600.00 iters/s

running (12m24.7s), 006/152 VUs, 445833 complete and 0 interrupted iterations
cap_refresh_token   [  41% ] 006/152 VUs  12m24.7s/30m0s  600.00 iters/s

running (12m25.7s), 005/152 VUs, 446434 complete and 0 interrupted iterations
cap_refresh_token   [  41% ] 005/152 VUs  12m25.7s/30m0s  600.00 iters/s

running (12m26.7s), 004/152 VUs, 447035 complete and 0 interrupted iterations
cap_refresh_token   [  41% ] 004/152 VUs  12m26.7s/30m0s  600.00 iters/s

running (12m27.7s), 004/152 VUs, 447635 complete and 0 interrupted iterations
cap_refresh_token   [  42% ] 004/152 VUs  12m27.7s/30m0s  600.00 iters/s

running (12m28.7s), 006/152 VUs, 448233 complete and 0 interrupted iterations
cap_refresh_token   [  42% ] 006/152 VUs  12m28.7s/30m0s  600.00 iters/s

running (12m29.7s), 004/152 VUs, 448835 complete and 0 interrupted iterations
cap_refresh_token   [  42% ] 004/152 VUs  12m29.7s/30m0s  600.00 iters/s

running (12m30.7s), 003/152 VUs, 449436 complete and 0 interrupted iterations
cap_refresh_token   [  42% ] 003/152 VUs  12m30.7s/30m0s  600.00 iters/s

running (12m31.7s), 005/152 VUs, 450034 complete and 0 interrupted iterations
cap_refresh_token   [  42% ] 005/152 VUs  12m31.7s/30m0s  600.00 iters/s

running (12m32.7s), 005/152 VUs, 450634 complete and 0 interrupted iterations
cap_refresh_token   [  42% ] 005/152 VUs  12m32.7s/30m0s  600.00 iters/s

running (12m33.7s), 005/152 VUs, 451234 complete and 0 interrupted iterations
cap_refresh_token   [  42% ] 005/152 VUs  12m33.7s/30m0s  600.00 iters/s

running (12m34.7s), 004/152 VUs, 451835 complete and 0 interrupted iterations
cap_refresh_token   [  42% ] 004/152 VUs  12m34.7s/30m0s  600.00 iters/s

running (12m35.7s), 006/152 VUs, 452433 complete and 0 interrupted iterations
cap_refresh_token   [  42% ] 006/152 VUs  12m35.7s/30m0s  600.00 iters/s

running (12m36.7s), 005/152 VUs, 453034 complete and 0 interrupted iterations
cap_refresh_token   [  42% ] 005/152 VUs  12m36.7s/30m0s  600.00 iters/s

running (12m37.7s), 004/152 VUs, 453635 complete and 0 interrupted iterations
cap_refresh_token   [  42% ] 004/152 VUs  12m37.7s/30m0s  600.00 iters/s

running (12m38.7s), 005/152 VUs, 454234 complete and 0 interrupted iterations
cap_refresh_token   [  42% ] 005/152 VUs  12m38.7s/30m0s  600.00 iters/s

running (12m39.7s), 005/152 VUs, 454834 complete and 0 interrupted iterations
cap_refresh_token   [  42% ] 005/152 VUs  12m39.7s/30m0s  600.00 iters/s

running (12m40.7s), 004/152 VUs, 455435 complete and 0 interrupted iterations
cap_refresh_token   [  42% ] 004/152 VUs  12m40.7s/30m0s  600.00 iters/s

running (12m41.7s), 004/152 VUs, 456035 complete and 0 interrupted iterations
cap_refresh_token   [  42% ] 004/152 VUs  12m41.7s/30m0s  600.00 iters/s

running (12m42.7s), 005/152 VUs, 456634 complete and 0 interrupted iterations
cap_refresh_token   [  42% ] 005/152 VUs  12m42.7s/30m0s  600.00 iters/s

running (12m43.7s), 005/152 VUs, 457234 complete and 0 interrupted iterations
cap_refresh_token   [  42% ] 005/152 VUs  12m43.7s/30m0s  600.00 iters/s

running (12m44.7s), 004/152 VUs, 457835 complete and 0 interrupted iterations
cap_refresh_token   [  42% ] 004/152 VUs  12m44.7s/30m0s  600.00 iters/s

running (12m45.7s), 004/152 VUs, 458435 complete and 0 interrupted iterations
cap_refresh_token   [  43% ] 004/152 VUs  12m45.7s/30m0s  600.00 iters/s

running (12m46.7s), 004/152 VUs, 459035 complete and 0 interrupted iterations
cap_refresh_token   [  43% ] 004/152 VUs  12m46.7s/30m0s  600.00 iters/s

running (12m47.7s), 004/152 VUs, 459635 complete and 0 interrupted iterations
cap_refresh_token   [  43% ] 004/152 VUs  12m47.7s/30m0s  600.00 iters/s

running (12m48.7s), 006/152 VUs, 460233 complete and 0 interrupted iterations
cap_refresh_token   [  43% ] 006/152 VUs  12m48.7s/30m0s  600.00 iters/s

running (12m49.7s), 007/152 VUs, 460832 complete and 0 interrupted iterations
cap_refresh_token   [  43% ] 007/152 VUs  12m49.7s/30m0s  600.00 iters/s

running (12m50.7s), 004/152 VUs, 461434 complete and 0 interrupted iterations
cap_refresh_token   [  43% ] 004/152 VUs  12m50.7s/30m0s  600.00 iters/s

running (12m51.7s), 006/152 VUs, 462033 complete and 0 interrupted iterations
cap_refresh_token   [  43% ] 006/152 VUs  12m51.7s/30m0s  600.00 iters/s

running (12m52.7s), 005/152 VUs, 462634 complete and 0 interrupted iterations
cap_refresh_token   [  43% ] 005/152 VUs  12m52.7s/30m0s  600.00 iters/s

running (12m53.7s), 005/152 VUs, 463234 complete and 0 interrupted iterations
cap_refresh_token   [  43% ] 005/152 VUs  12m53.7s/30m0s  600.00 iters/s

running (12m54.7s), 004/152 VUs, 463835 complete and 0 interrupted iterations
cap_refresh_token   [  43% ] 004/152 VUs  12m54.7s/30m0s  600.00 iters/s

running (12m55.7s), 004/152 VUs, 464435 complete and 0 interrupted iterations
cap_refresh_token   [  43% ] 004/152 VUs  12m55.7s/30m0s  600.00 iters/s

running (12m56.7s), 005/152 VUs, 465034 complete and 0 interrupted iterations
cap_refresh_token   [  43% ] 005/152 VUs  12m56.7s/30m0s  600.00 iters/s

running (12m57.7s), 005/152 VUs, 465634 complete and 0 interrupted iterations
cap_refresh_token   [  43% ] 005/152 VUs  12m57.7s/30m0s  600.00 iters/s

running (12m58.7s), 006/152 VUs, 466233 complete and 0 interrupted iterations
cap_refresh_token   [  43% ] 006/152 VUs  12m58.7s/30m0s  600.00 iters/s

running (12m59.7s), 004/152 VUs, 466835 complete and 0 interrupted iterations
cap_refresh_token   [  43% ] 004/152 VUs  12m59.7s/30m0s  600.00 iters/s

running (13m00.7s), 005/152 VUs, 467434 complete and 0 interrupted iterations
cap_refresh_token   [  43% ] 005/152 VUs  13m00.7s/30m0s  600.00 iters/s

running (13m01.7s), 005/152 VUs, 468034 complete and 0 interrupted iterations
cap_refresh_token   [  43% ] 005/152 VUs  13m01.7s/30m0s  600.00 iters/s

running (13m02.7s), 004/152 VUs, 468635 complete and 0 interrupted iterations
cap_refresh_token   [  43% ] 004/152 VUs  13m02.7s/30m0s  600.00 iters/s

running (13m03.7s), 005/152 VUs, 469234 complete and 0 interrupted iterations
cap_refresh_token   [  44% ] 005/152 VUs  13m03.7s/30m0s  600.00 iters/s

running (13m04.7s), 004/152 VUs, 469835 complete and 0 interrupted iterations
cap_refresh_token   [  44% ] 004/152 VUs  13m04.7s/30m0s  600.00 iters/s

running (13m05.7s), 008/152 VUs, 470431 complete and 0 interrupted iterations
cap_refresh_token   [  44% ] 008/152 VUs  13m05.7s/30m0s  600.00 iters/s

running (13m06.7s), 004/152 VUs, 471035 complete and 0 interrupted iterations
cap_refresh_token   [  44% ] 004/152 VUs  13m06.7s/30m0s  600.00 iters/s

running (13m07.7s), 028/152 VUs, 471611 complete and 0 interrupted iterations
cap_refresh_token   [  44% ] 028/152 VUs  13m07.7s/30m0s  600.00 iters/s

running (13m08.7s), 003/152 VUs, 472236 complete and 0 interrupted iterations
cap_refresh_token   [  44% ] 003/152 VUs  13m08.7s/30m0s  600.00 iters/s

running (13m09.7s), 004/152 VUs, 472835 complete and 0 interrupted iterations
cap_refresh_token   [  44% ] 004/152 VUs  13m09.7s/30m0s  600.00 iters/s

running (13m10.7s), 016/152 VUs, 473423 complete and 0 interrupted iterations
cap_refresh_token   [  44% ] 016/152 VUs  13m10.7s/30m0s  600.00 iters/s

running (13m11.7s), 005/152 VUs, 474034 complete and 0 interrupted iterations
cap_refresh_token   [  44% ] 005/152 VUs  13m11.7s/30m0s  600.00 iters/s

running (13m12.7s), 005/152 VUs, 474634 complete and 0 interrupted iterations
cap_refresh_token   [  44% ] 005/152 VUs  13m12.7s/30m0s  600.00 iters/s

running (13m13.7s), 004/152 VUs, 475235 complete and 0 interrupted iterations
cap_refresh_token   [  44% ] 004/152 VUs  13m13.7s/30m0s  600.00 iters/s

running (13m14.7s), 010/152 VUs, 475829 complete and 0 interrupted iterations
cap_refresh_token   [  44% ] 011/152 VUs  13m14.7s/30m0s  600.00 iters/s

running (13m15.7s), 005/152 VUs, 476434 complete and 0 interrupted iterations
cap_refresh_token   [  44% ] 005/152 VUs  13m15.7s/30m0s  600.00 iters/s

running (13m16.7s), 005/152 VUs, 477034 complete and 0 interrupted iterations
cap_refresh_token   [  44% ] 005/152 VUs  13m16.7s/30m0s  600.00 iters/s

running (13m17.7s), 005/152 VUs, 477634 complete and 0 interrupted iterations
cap_refresh_token   [  44% ] 005/152 VUs  13m17.7s/30m0s  600.00 iters/s

running (13m18.7s), 015/152 VUs, 478224 complete and 0 interrupted iterations
cap_refresh_token   [  44% ] 015/152 VUs  13m18.7s/30m0s  600.00 iters/s

running (13m19.7s), 006/152 VUs, 478833 complete and 0 interrupted iterations
cap_refresh_token   [  44% ] 006/152 VUs  13m19.7s/30m0s  600.00 iters/s

running (13m20.7s), 005/152 VUs, 479435 complete and 0 interrupted iterations
cap_refresh_token   [  44% ] 005/152 VUs  13m20.7s/30m0s  600.00 iters/s

running (13m21.7s), 005/152 VUs, 480034 complete and 0 interrupted iterations
cap_refresh_token   [  45% ] 005/152 VUs  13m21.7s/30m0s  600.00 iters/s

running (13m22.7s), 014/152 VUs, 480625 complete and 0 interrupted iterations
cap_refresh_token   [  45% ] 014/152 VUs  13m22.7s/30m0s  600.00 iters/s

running (13m23.7s), 004/152 VUs, 481235 complete and 0 interrupted iterations
cap_refresh_token   [  45% ] 004/152 VUs  13m23.7s/30m0s  600.00 iters/s

running (13m24.7s), 003/152 VUs, 481836 complete and 0 interrupted iterations
cap_refresh_token   [  45% ] 003/152 VUs  13m24.7s/30m0s  600.00 iters/s

running (13m25.7s), 005/152 VUs, 482434 complete and 0 interrupted iterations
cap_refresh_token   [  45% ] 005/152 VUs  13m25.7s/30m0s  600.00 iters/s

running (13m26.7s), 017/152 VUs, 483022 complete and 0 interrupted iterations
cap_refresh_token   [  45% ] 017/152 VUs  13m26.7s/30m0s  600.00 iters/s

running (13m27.7s), 005/152 VUs, 483634 complete and 0 interrupted iterations
cap_refresh_token   [  45% ] 005/152 VUs  13m27.7s/30m0s  600.00 iters/s

running (13m28.7s), 005/152 VUs, 484234 complete and 0 interrupted iterations
cap_refresh_token   [  45% ] 005/152 VUs  13m28.7s/30m0s  600.00 iters/s

running (13m29.7s), 005/152 VUs, 484834 complete and 0 interrupted iterations
cap_refresh_token   [  45% ] 005/152 VUs  13m29.7s/30m0s  600.00 iters/s

running (13m30.7s), 007/152 VUs, 485432 complete and 0 interrupted iterations
cap_refresh_token   [  45% ] 007/152 VUs  13m30.7s/30m0s  600.00 iters/s

running (13m31.7s), 004/152 VUs, 486035 complete and 0 interrupted iterations
cap_refresh_token   [  45% ] 004/152 VUs  13m31.7s/30m0s  600.00 iters/s

running (13m32.7s), 004/152 VUs, 486635 complete and 0 interrupted iterations
cap_refresh_token   [  45% ] 004/152 VUs  13m32.7s/30m0s  600.00 iters/s

running (13m33.7s), 004/152 VUs, 487235 complete and 0 interrupted iterations
cap_refresh_token   [  45% ] 004/152 VUs  13m33.7s/30m0s  600.00 iters/s

running (13m34.7s), 004/152 VUs, 487835 complete and 0 interrupted iterations
cap_refresh_token   [  45% ] 004/152 VUs  13m34.7s/30m0s  600.00 iters/s

running (13m35.7s), 010/152 VUs, 488429 complete and 0 interrupted iterations
cap_refresh_token   [  45% ] 010/152 VUs  13m35.7s/30m0s  600.00 iters/s

running (13m36.7s), 005/152 VUs, 489034 complete and 0 interrupted iterations
cap_refresh_token   [  45% ] 005/152 VUs  13m36.7s/30m0s  600.00 iters/s

running (13m37.7s), 017/152 VUs, 489622 complete and 0 interrupted iterations
cap_refresh_token   [  45% ] 017/152 VUs  13m37.7s/30m0s  600.00 iters/s

running (13m38.7s), 004/152 VUs, 490235 complete and 0 interrupted iterations
cap_refresh_token   [  45% ] 004/152 VUs  13m38.7s/30m0s  600.00 iters/s

running (13m39.7s), 005/152 VUs, 490834 complete and 0 interrupted iterations
cap_refresh_token   [  46% ] 005/152 VUs  13m39.7s/30m0s  600.00 iters/s

running (13m40.7s), 004/152 VUs, 491435 complete and 0 interrupted iterations
cap_refresh_token   [  46% ] 004/152 VUs  13m40.7s/30m0s  600.00 iters/s

running (13m41.7s), 004/152 VUs, 492036 complete and 0 interrupted iterations
cap_refresh_token   [  46% ] 004/152 VUs  13m41.7s/30m0s  600.00 iters/s

running (13m42.7s), 005/152 VUs, 492635 complete and 0 interrupted iterations
cap_refresh_token   [  46% ] 005/152 VUs  13m42.7s/30m0s  600.00 iters/s

running (13m43.7s), 003/152 VUs, 493236 complete and 0 interrupted iterations
cap_refresh_token   [  46% ] 003/152 VUs  13m43.7s/30m0s  600.00 iters/s

running (13m44.7s), 006/152 VUs, 493833 complete and 0 interrupted iterations
cap_refresh_token   [  46% ] 006/152 VUs  13m44.7s/30m0s  600.00 iters/s

running (13m45.7s), 004/152 VUs, 494435 complete and 0 interrupted iterations
cap_refresh_token   [  46% ] 004/152 VUs  13m45.7s/30m0s  600.00 iters/s

running (13m46.7s), 006/152 VUs, 495033 complete and 0 interrupted iterations
cap_refresh_token   [  46% ] 006/152 VUs  13m46.7s/30m0s  600.00 iters/s

running (13m47.7s), 006/152 VUs, 495633 complete and 0 interrupted iterations
cap_refresh_token   [  46% ] 006/152 VUs  13m47.7s/30m0s  600.00 iters/s

running (13m48.7s), 004/152 VUs, 496235 complete and 0 interrupted iterations
cap_refresh_token   [  46% ] 004/152 VUs  13m48.7s/30m0s  600.00 iters/s

running (13m49.7s), 005/152 VUs, 496834 complete and 0 interrupted iterations
cap_refresh_token   [  46% ] 005/152 VUs  13m49.7s/30m0s  600.00 iters/s

running (13m50.7s), 005/152 VUs, 497434 complete and 0 interrupted iterations
cap_refresh_token   [  46% ] 005/152 VUs  13m50.7s/30m0s  600.00 iters/s

running (13m51.7s), 005/152 VUs, 498034 complete and 0 interrupted iterations
cap_refresh_token   [  46% ] 005/152 VUs  13m51.7s/30m0s  600.00 iters/s

running (13m52.7s), 004/152 VUs, 498635 complete and 0 interrupted iterations
cap_refresh_token   [  46% ] 004/152 VUs  13m52.7s/30m0s  600.00 iters/s

running (13m53.7s), 003/152 VUs, 499236 complete and 0 interrupted iterations
cap_refresh_token   [  46% ] 003/152 VUs  13m53.7s/30m0s  600.00 iters/s

running (13m54.7s), 005/152 VUs, 499834 complete and 0 interrupted iterations
cap_refresh_token   [  46% ] 005/152 VUs  13m54.7s/30m0s  600.00 iters/s

running (13m55.7s), 011/152 VUs, 500428 complete and 0 interrupted iterations
cap_refresh_token   [  46% ] 011/152 VUs  13m55.7s/30m0s  600.00 iters/s

running (13m56.7s), 005/152 VUs, 501034 complete and 0 interrupted iterations
cap_refresh_token   [  46% ] 005/152 VUs  13m56.7s/30m0s  600.00 iters/s

running (13m57.7s), 005/152 VUs, 501634 complete and 0 interrupted iterations
cap_refresh_token   [  47% ] 005/152 VUs  13m57.7s/30m0s  600.00 iters/s

running (13m58.7s), 004/152 VUs, 502235 complete and 0 interrupted iterations
cap_refresh_token   [  47% ] 004/152 VUs  13m58.7s/30m0s  600.00 iters/s

running (13m59.7s), 003/152 VUs, 502836 complete and 0 interrupted iterations
cap_refresh_token   [  47% ] 003/152 VUs  13m59.7s/30m0s  600.00 iters/s

running (14m00.7s), 005/152 VUs, 503435 complete and 0 interrupted iterations
cap_refresh_token   [  47% ] 005/152 VUs  14m00.7s/30m0s  600.00 iters/s

running (14m01.7s), 005/152 VUs, 504034 complete and 0 interrupted iterations
cap_refresh_token   [  47% ] 005/152 VUs  14m01.7s/30m0s  600.00 iters/s

running (14m02.7s), 005/152 VUs, 504634 complete and 0 interrupted iterations
cap_refresh_token   [  47% ] 005/152 VUs  14m02.7s/30m0s  600.00 iters/s

running (14m03.7s), 005/152 VUs, 505234 complete and 0 interrupted iterations
cap_refresh_token   [  47% ] 005/152 VUs  14m03.7s/30m0s  600.00 iters/s

running (14m04.7s), 038/152 VUs, 505801 complete and 0 interrupted iterations
cap_refresh_token   [  47% ] 038/152 VUs  14m04.7s/30m0s  600.00 iters/s

running (14m05.7s), 005/152 VUs, 506434 complete and 0 interrupted iterations
cap_refresh_token   [  47% ] 005/152 VUs  14m05.7s/30m0s  600.00 iters/s

running (14m06.7s), 005/152 VUs, 507034 complete and 0 interrupted iterations
cap_refresh_token   [  47% ] 005/152 VUs  14m06.7s/30m0s  600.00 iters/s

running (14m07.7s), 005/152 VUs, 507634 complete and 0 interrupted iterations
cap_refresh_token   [  47% ] 005/152 VUs  14m07.7s/30m0s  600.00 iters/s

running (14m08.7s), 005/152 VUs, 508235 complete and 0 interrupted iterations
cap_refresh_token   [  47% ] 005/152 VUs  14m08.7s/30m0s  600.00 iters/s

running (14m09.7s), 005/152 VUs, 508834 complete and 0 interrupted iterations
cap_refresh_token   [  47% ] 005/152 VUs  14m09.7s/30m0s  600.00 iters/s

running (14m10.7s), 004/152 VUs, 509435 complete and 0 interrupted iterations
cap_refresh_token   [  47% ] 004/152 VUs  14m10.7s/30m0s  600.00 iters/s

running (14m11.7s), 006/152 VUs, 510033 complete and 0 interrupted iterations
cap_refresh_token   [  47% ] 006/152 VUs  14m11.7s/30m0s  600.00 iters/s

running (14m12.7s), 004/152 VUs, 510635 complete and 0 interrupted iterations
cap_refresh_token   [  47% ] 004/152 VUs  14m12.7s/30m0s  600.00 iters/s

running (14m13.7s), 005/152 VUs, 511234 complete and 0 interrupted iterations
cap_refresh_token   [  47% ] 005/152 VUs  14m13.7s/30m0s  600.00 iters/s

running (14m14.7s), 004/152 VUs, 511835 complete and 0 interrupted iterations
cap_refresh_token   [  47% ] 004/152 VUs  14m14.7s/30m0s  600.00 iters/s

running (14m15.7s), 009/152 VUs, 512430 complete and 0 interrupted iterations
cap_refresh_token   [  48% ] 009/152 VUs  14m15.7s/30m0s  600.00 iters/s

running (14m16.7s), 005/152 VUs, 513034 complete and 0 interrupted iterations
cap_refresh_token   [  48% ] 005/152 VUs  14m16.7s/30m0s  600.00 iters/s

running (14m17.7s), 003/152 VUs, 513636 complete and 0 interrupted iterations
cap_refresh_token   [  48% ] 003/152 VUs  14m17.7s/30m0s  600.00 iters/s

running (14m18.7s), 004/152 VUs, 514235 complete and 0 interrupted iterations
cap_refresh_token   [  48% ] 004/152 VUs  14m18.7s/30m0s  600.00 iters/s

running (14m19.7s), 004/152 VUs, 514835 complete and 0 interrupted iterations
cap_refresh_token   [  48% ] 004/152 VUs  14m19.7s/30m0s  600.00 iters/s

running (14m20.7s), 007/152 VUs, 515432 complete and 0 interrupted iterations
cap_refresh_token   [  48% ] 007/152 VUs  14m20.7s/30m0s  600.00 iters/s

running (14m21.7s), 004/152 VUs, 516035 complete and 0 interrupted iterations
cap_refresh_token   [  48% ] 004/152 VUs  14m21.7s/30m0s  600.00 iters/s

running (14m22.7s), 005/152 VUs, 516634 complete and 0 interrupted iterations
cap_refresh_token   [  48% ] 005/152 VUs  14m22.7s/30m0s  600.00 iters/s

running (14m23.7s), 004/152 VUs, 517236 complete and 0 interrupted iterations
cap_refresh_token   [  48% ] 004/152 VUs  14m23.7s/30m0s  600.00 iters/s

running (14m24.7s), 005/152 VUs, 517834 complete and 0 interrupted iterations
cap_refresh_token   [  48% ] 005/152 VUs  14m24.7s/30m0s  600.00 iters/s

running (14m25.7s), 004/152 VUs, 518436 complete and 0 interrupted iterations
cap_refresh_token   [  48% ] 004/152 VUs  14m25.7s/30m0s  600.00 iters/s

running (14m26.7s), 004/152 VUs, 519035 complete and 0 interrupted iterations
cap_refresh_token   [  48% ] 004/152 VUs  14m26.7s/30m0s  600.00 iters/s

running (14m27.7s), 004/152 VUs, 519635 complete and 0 interrupted iterations
cap_refresh_token   [  48% ] 004/152 VUs  14m27.7s/30m0s  600.00 iters/s

running (14m28.7s), 004/152 VUs, 520235 complete and 0 interrupted iterations
cap_refresh_token   [  48% ] 004/152 VUs  14m28.7s/30m0s  600.00 iters/s

running (14m29.7s), 006/152 VUs, 520833 complete and 0 interrupted iterations
cap_refresh_token   [  48% ] 006/152 VUs  14m29.7s/30m0s  600.00 iters/s

running (14m30.7s), 004/152 VUs, 521435 complete and 0 interrupted iterations
cap_refresh_token   [  48% ] 004/152 VUs  14m30.7s/30m0s  600.00 iters/s

running (14m31.7s), 015/152 VUs, 522024 complete and 0 interrupted iterations
cap_refresh_token   [  48% ] 015/152 VUs  14m31.7s/30m0s  600.00 iters/s

running (14m32.7s), 005/152 VUs, 522634 complete and 0 interrupted iterations
cap_refresh_token   [  48% ] 005/152 VUs  14m32.7s/30m0s  600.00 iters/s

running (14m33.7s), 007/152 VUs, 523232 complete and 0 interrupted iterations
cap_refresh_token   [  49% ] 007/152 VUs  14m33.7s/30m0s  600.00 iters/s

running (14m34.7s), 006/152 VUs, 523834 complete and 0 interrupted iterations
cap_refresh_token   [  49% ] 006/152 VUs  14m34.7s/30m0s  600.00 iters/s

running (14m35.7s), 004/152 VUs, 524435 complete and 0 interrupted iterations
cap_refresh_token   [  49% ] 004/152 VUs  14m35.7s/30m0s  600.00 iters/s

running (14m36.7s), 004/152 VUs, 525035 complete and 0 interrupted iterations
cap_refresh_token   [  49% ] 004/152 VUs  14m36.7s/30m0s  600.00 iters/s

running (14m37.7s), 007/152 VUs, 525632 complete and 0 interrupted iterations
cap_refresh_token   [  49% ] 007/152 VUs  14m37.7s/30m0s  600.00 iters/s

running (14m38.7s), 006/152 VUs, 526233 complete and 0 interrupted iterations
cap_refresh_token   [  49% ] 006/152 VUs  14m38.7s/30m0s  600.00 iters/s

running (14m39.7s), 006/152 VUs, 526833 complete and 0 interrupted iterations
cap_refresh_token   [  49% ] 006/152 VUs  14m39.7s/30m0s  600.00 iters/s

running (14m40.7s), 005/152 VUs, 527434 complete and 0 interrupted iterations
cap_refresh_token   [  49% ] 005/152 VUs  14m40.7s/30m0s  600.00 iters/s

running (14m41.7s), 006/152 VUs, 528033 complete and 0 interrupted iterations
cap_refresh_token   [  49% ] 006/152 VUs  14m41.7s/30m0s  600.00 iters/s

running (14m42.7s), 003/152 VUs, 528636 complete and 0 interrupted iterations
cap_refresh_token   [  49% ] 003/152 VUs  14m42.7s/30m0s  600.00 iters/s

running (14m43.7s), 005/152 VUs, 529234 complete and 0 interrupted iterations
cap_refresh_token   [  49% ] 005/152 VUs  14m43.7s/30m0s  600.00 iters/s

running (14m44.7s), 005/152 VUs, 529834 complete and 0 interrupted iterations
cap_refresh_token   [  49% ] 005/152 VUs  14m44.7s/30m0s  600.00 iters/s

running (14m45.7s), 004/152 VUs, 530435 complete and 0 interrupted iterations
cap_refresh_token   [  49% ] 004/152 VUs  14m45.7s/30m0s  600.00 iters/s

running (14m46.7s), 006/152 VUs, 531033 complete and 0 interrupted iterations
cap_refresh_token   [  49% ] 006/152 VUs  14m46.7s/30m0s  600.00 iters/s

running (14m47.7s), 003/152 VUs, 531636 complete and 0 interrupted iterations
cap_refresh_token   [  49% ] 003/152 VUs  14m47.7s/30m0s  600.00 iters/s

running (14m48.7s), 007/152 VUs, 532232 complete and 0 interrupted iterations
cap_refresh_token   [  49% ] 007/152 VUs  14m48.7s/30m0s  600.00 iters/s

running (14m49.7s), 004/152 VUs, 532835 complete and 0 interrupted iterations
cap_refresh_token   [  49% ] 004/152 VUs  14m49.7s/30m0s  600.00 iters/s

running (14m50.7s), 004/152 VUs, 533435 complete and 0 interrupted iterations
cap_refresh_token   [  49% ] 004/152 VUs  14m50.7s/30m0s  600.00 iters/s

running (14m51.7s), 005/152 VUs, 534034 complete and 0 interrupted iterations
cap_refresh_token   [  50% ] 005/152 VUs  14m51.7s/30m0s  600.00 iters/s

running (14m52.7s), 005/152 VUs, 534634 complete and 0 interrupted iterations
cap_refresh_token   [  50% ] 005/152 VUs  14m52.7s/30m0s  600.00 iters/s

running (14m53.7s), 006/152 VUs, 535233 complete and 0 interrupted iterations
cap_refresh_token   [  50% ] 006/152 VUs  14m53.7s/30m0s  600.00 iters/s

running (14m54.7s), 004/152 VUs, 535835 complete and 0 interrupted iterations
cap_refresh_token   [  50% ] 004/152 VUs  14m54.7s/30m0s  600.00 iters/s

running (14m55.7s), 006/152 VUs, 536434 complete and 0 interrupted iterations
cap_refresh_token   [  50% ] 006/152 VUs  14m55.7s/30m0s  600.00 iters/s

running (14m56.7s), 003/152 VUs, 537036 complete and 0 interrupted iterations
cap_refresh_token   [  50% ] 003/152 VUs  14m56.7s/30m0s  600.00 iters/s

running (14m57.7s), 004/152 VUs, 537635 complete and 0 interrupted iterations
cap_refresh_token   [  50% ] 004/152 VUs  14m57.7s/30m0s  600.00 iters/s

running (14m58.7s), 005/152 VUs, 538234 complete and 0 interrupted iterations
cap_refresh_token   [  50% ] 005/152 VUs  14m58.7s/30m0s  600.00 iters/s

running (14m59.7s), 005/152 VUs, 538834 complete and 0 interrupted iterations
cap_refresh_token   [  50% ] 005/152 VUs  14m59.7s/30m0s  600.00 iters/s

running (15m00.7s), 009/152 VUs, 539431 complete and 0 interrupted iterations
cap_refresh_token   [  50% ] 009/152 VUs  15m00.7s/30m0s  600.00 iters/s

running (15m01.7s), 030/152 VUs, 540009 complete and 0 interrupted iterations
cap_refresh_token   [  50% ] 030/152 VUs  15m01.7s/30m0s  600.00 iters/s

running (15m02.7s), 011/152 VUs, 540628 complete and 0 interrupted iterations
cap_refresh_token   [  50% ] 011/152 VUs  15m02.7s/30m0s  600.00 iters/s

running (15m03.7s), 006/152 VUs, 541233 complete and 0 interrupted iterations
cap_refresh_token   [  50% ] 006/152 VUs  15m03.7s/30m0s  600.00 iters/s

running (15m04.7s), 004/152 VUs, 541835 complete and 0 interrupted iterations
cap_refresh_token   [  50% ] 004/152 VUs  15m04.7s/30m0s  600.00 iters/s

running (15m05.7s), 005/152 VUs, 542434 complete and 0 interrupted iterations
cap_refresh_token   [  50% ] 005/152 VUs  15m05.7s/30m0s  600.00 iters/s

running (15m06.7s), 005/152 VUs, 543034 complete and 0 interrupted iterations
cap_refresh_token   [  50% ] 005/152 VUs  15m06.7s/30m0s  600.00 iters/s

running (15m07.7s), 004/152 VUs, 543635 complete and 0 interrupted iterations
cap_refresh_token   [  50% ] 004/152 VUs  15m07.7s/30m0s  600.00 iters/s

running (15m08.7s), 005/152 VUs, 544235 complete and 0 interrupted iterations
cap_refresh_token   [  50% ] 005/152 VUs  15m08.7s/30m0s  600.00 iters/s

running (15m09.7s), 006/152 VUs, 544834 complete and 0 interrupted iterations
cap_refresh_token   [  51% ] 006/152 VUs  15m09.7s/30m0s  600.00 iters/s

running (15m10.7s), 004/152 VUs, 545435 complete and 0 interrupted iterations
cap_refresh_token   [  51% ] 004/152 VUs  15m10.7s/30m0s  600.00 iters/s

running (15m11.7s), 004/152 VUs, 546035 complete and 0 interrupted iterations
cap_refresh_token   [  51% ] 004/152 VUs  15m11.7s/30m0s  600.00 iters/s

running (15m12.7s), 004/152 VUs, 546635 complete and 0 interrupted iterations
cap_refresh_token   [  51% ] 004/152 VUs  15m12.7s/30m0s  600.00 iters/s

running (15m13.7s), 005/152 VUs, 547234 complete and 0 interrupted iterations
cap_refresh_token   [  51% ] 005/152 VUs  15m13.7s/30m0s  600.00 iters/s

running (15m14.7s), 006/152 VUs, 547833 complete and 0 interrupted iterations
cap_refresh_token   [  51% ] 006/152 VUs  15m14.7s/30m0s  600.00 iters/s

running (15m15.7s), 003/152 VUs, 548436 complete and 0 interrupted iterations
cap_refresh_token   [  51% ] 003/152 VUs  15m15.7s/30m0s  600.00 iters/s

running (15m16.7s), 004/152 VUs, 549035 complete and 0 interrupted iterations
cap_refresh_token   [  51% ] 004/152 VUs  15m16.7s/30m0s  600.00 iters/s

running (15m17.7s), 011/152 VUs, 549628 complete and 0 interrupted iterations
cap_refresh_token   [  51% ] 011/152 VUs  15m17.7s/30m0s  600.00 iters/s

running (15m18.7s), 006/152 VUs, 550233 complete and 0 interrupted iterations
cap_refresh_token   [  51% ] 006/152 VUs  15m18.7s/30m0s  600.00 iters/s

running (15m19.7s), 004/152 VUs, 550835 complete and 0 interrupted iterations
cap_refresh_token   [  51% ] 004/152 VUs  15m19.7s/30m0s  600.00 iters/s

running (15m20.7s), 004/152 VUs, 551435 complete and 0 interrupted iterations
cap_refresh_token   [  51% ] 004/152 VUs  15m20.7s/30m0s  600.00 iters/s

running (15m21.7s), 005/152 VUs, 552034 complete and 0 interrupted iterations
cap_refresh_token   [  51% ] 005/152 VUs  15m21.7s/30m0s  600.00 iters/s

running (15m22.7s), 003/152 VUs, 552636 complete and 0 interrupted iterations
cap_refresh_token   [  51% ] 003/152 VUs  15m22.7s/30m0s  600.00 iters/s

running (15m23.7s), 005/152 VUs, 553234 complete and 0 interrupted iterations
cap_refresh_token   [  51% ] 005/152 VUs  15m23.7s/30m0s  600.00 iters/s

running (15m24.7s), 005/152 VUs, 553835 complete and 0 interrupted iterations
cap_refresh_token   [  51% ] 005/152 VUs  15m24.7s/30m0s  600.00 iters/s

running (15m25.7s), 005/152 VUs, 554434 complete and 0 interrupted iterations
cap_refresh_token   [  51% ] 005/152 VUs  15m25.7s/30m0s  600.00 iters/s

running (15m26.7s), 004/152 VUs, 555035 complete and 0 interrupted iterations
cap_refresh_token   [  51% ] 004/152 VUs  15m26.7s/30m0s  600.00 iters/s

running (15m27.7s), 004/152 VUs, 555635 complete and 0 interrupted iterations
cap_refresh_token   [  52% ] 004/152 VUs  15m27.7s/30m0s  600.00 iters/s

running (15m28.7s), 004/152 VUs, 556235 complete and 0 interrupted iterations
cap_refresh_token   [  52% ] 004/152 VUs  15m28.7s/30m0s  600.00 iters/s

running (15m29.7s), 004/152 VUs, 556835 complete and 0 interrupted iterations
cap_refresh_token   [  52% ] 004/152 VUs  15m29.7s/30m0s  600.00 iters/s

running (15m30.7s), 004/152 VUs, 557435 complete and 0 interrupted iterations
cap_refresh_token   [  52% ] 004/152 VUs  15m30.7s/30m0s  600.00 iters/s

running (15m31.7s), 008/152 VUs, 558031 complete and 0 interrupted iterations
cap_refresh_token   [  52% ] 008/152 VUs  15m31.7s/30m0s  600.00 iters/s

running (15m32.7s), 004/152 VUs, 558635 complete and 0 interrupted iterations
cap_refresh_token   [  52% ] 004/152 VUs  15m32.7s/30m0s  600.00 iters/s

running (15m33.7s), 006/152 VUs, 559233 complete and 0 interrupted iterations
cap_refresh_token   [  52% ] 006/152 VUs  15m33.7s/30m0s  600.00 iters/s

running (15m34.7s), 005/152 VUs, 559834 complete and 0 interrupted iterations
cap_refresh_token   [  52% ] 005/152 VUs  15m34.7s/30m0s  600.00 iters/s

running (15m35.7s), 006/152 VUs, 560433 complete and 0 interrupted iterations
cap_refresh_token   [  52% ] 006/152 VUs  15m35.7s/30m0s  600.00 iters/s

running (15m36.7s), 004/152 VUs, 561035 complete and 0 interrupted iterations
cap_refresh_token   [  52% ] 004/152 VUs  15m36.7s/30m0s  600.00 iters/s

running (15m37.7s), 005/152 VUs, 561634 complete and 0 interrupted iterations
cap_refresh_token   [  52% ] 005/152 VUs  15m37.7s/30m0s  600.00 iters/s

running (15m38.7s), 005/152 VUs, 562234 complete and 0 interrupted iterations
cap_refresh_token   [  52% ] 005/152 VUs  15m38.7s/30m0s  600.00 iters/s

running (15m39.7s), 004/152 VUs, 562835 complete and 0 interrupted iterations
cap_refresh_token   [  52% ] 004/152 VUs  15m39.7s/30m0s  600.00 iters/s

running (15m40.7s), 005/152 VUs, 563434 complete and 0 interrupted iterations
cap_refresh_token   [  52% ] 005/152 VUs  15m40.7s/30m0s  600.00 iters/s

running (15m41.7s), 005/152 VUs, 564034 complete and 0 interrupted iterations
cap_refresh_token   [  52% ] 005/152 VUs  15m41.7s/30m0s  600.00 iters/s

running (15m42.7s), 004/152 VUs, 564635 complete and 0 interrupted iterations
cap_refresh_token   [  52% ] 004/152 VUs  15m42.7s/30m0s  600.00 iters/s

running (15m43.7s), 006/152 VUs, 565233 complete and 0 interrupted iterations
cap_refresh_token   [  52% ] 006/152 VUs  15m43.7s/30m0s  600.00 iters/s

running (15m44.7s), 004/152 VUs, 565835 complete and 0 interrupted iterations
cap_refresh_token   [  52% ] 004/152 VUs  15m44.7s/30m0s  600.00 iters/s

running (15m45.7s), 005/152 VUs, 566434 complete and 0 interrupted iterations
cap_refresh_token   [  53% ] 005/152 VUs  15m45.7s/30m0s  600.00 iters/s

running (15m46.7s), 004/152 VUs, 567035 complete and 0 interrupted iterations
cap_refresh_token   [  53% ] 004/152 VUs  15m46.7s/30m0s  600.00 iters/s

running (15m47.7s), 004/152 VUs, 567635 complete and 0 interrupted iterations
cap_refresh_token   [  53% ] 004/152 VUs  15m47.7s/30m0s  600.00 iters/s

running (15m48.7s), 007/152 VUs, 568232 complete and 0 interrupted iterations
cap_refresh_token   [  53% ] 007/152 VUs  15m48.7s/30m0s  600.00 iters/s

running (15m49.7s), 004/152 VUs, 568835 complete and 0 interrupted iterations
cap_refresh_token   [  53% ] 004/152 VUs  15m49.7s/30m0s  600.00 iters/s

running (15m50.7s), 004/152 VUs, 569435 complete and 0 interrupted iterations
cap_refresh_token   [  53% ] 004/152 VUs  15m50.7s/30m0s  600.00 iters/s

running (15m51.7s), 005/152 VUs, 570034 complete and 0 interrupted iterations
cap_refresh_token   [  53% ] 005/152 VUs  15m51.7s/30m0s  600.00 iters/s

running (15m52.7s), 005/152 VUs, 570634 complete and 0 interrupted iterations
cap_refresh_token   [  53% ] 005/152 VUs  15m52.7s/30m0s  600.00 iters/s

running (15m53.7s), 004/152 VUs, 571235 complete and 0 interrupted iterations
cap_refresh_token   [  53% ] 004/152 VUs  15m53.7s/30m0s  600.00 iters/s

running (15m54.7s), 005/152 VUs, 571835 complete and 0 interrupted iterations
cap_refresh_token   [  53% ] 005/152 VUs  15m54.7s/30m0s  600.00 iters/s

running (15m55.7s), 006/152 VUs, 572433 complete and 0 interrupted iterations
cap_refresh_token   [  53% ] 006/152 VUs  15m55.7s/30m0s  600.00 iters/s

running (15m56.7s), 003/152 VUs, 573036 complete and 0 interrupted iterations
cap_refresh_token   [  53% ] 003/152 VUs  15m56.7s/30m0s  600.00 iters/s

running (15m57.7s), 038/152 VUs, 573601 complete and 0 interrupted iterations
cap_refresh_token   [  53% ] 038/152 VUs  15m57.7s/30m0s  600.00 iters/s

running (15m58.7s), 006/152 VUs, 574233 complete and 0 interrupted iterations
cap_refresh_token   [  53% ] 006/152 VUs  15m58.7s/30m0s  600.00 iters/s

running (15m59.7s), 005/152 VUs, 574834 complete and 0 interrupted iterations
cap_refresh_token   [  53% ] 005/152 VUs  15m59.7s/30m0s  600.00 iters/s

running (16m00.7s), 004/152 VUs, 575434 complete and 0 interrupted iterations
cap_refresh_token   [  53% ] 004/152 VUs  16m00.7s/30m0s  600.00 iters/s

running (16m01.7s), 006/152 VUs, 576033 complete and 0 interrupted iterations
cap_refresh_token   [  53% ] 006/152 VUs  16m01.7s/30m0s  600.00 iters/s

running (16m02.7s), 004/152 VUs, 576635 complete and 0 interrupted iterations
cap_refresh_token   [  53% ] 004/152 VUs  16m02.7s/30m0s  600.00 iters/s

running (16m03.7s), 006/152 VUs, 577233 complete and 0 interrupted iterations
cap_refresh_token   [  54% ] 006/152 VUs  16m03.7s/30m0s  600.00 iters/s

running (16m04.7s), 005/152 VUs, 577834 complete and 0 interrupted iterations
cap_refresh_token   [  54% ] 005/152 VUs  16m04.7s/30m0s  600.00 iters/s

running (16m05.7s), 005/152 VUs, 578434 complete and 0 interrupted iterations
cap_refresh_token   [  54% ] 005/152 VUs  16m05.7s/30m0s  600.00 iters/s

running (16m06.7s), 007/152 VUs, 579032 complete and 0 interrupted iterations
cap_refresh_token   [  54% ] 007/152 VUs  16m06.7s/30m0s  600.00 iters/s

running (16m07.7s), 005/152 VUs, 579634 complete and 0 interrupted iterations
cap_refresh_token   [  54% ] 005/152 VUs  16m07.7s/30m0s  600.00 iters/s

running (16m08.7s), 015/152 VUs, 580224 complete and 0 interrupted iterations
cap_refresh_token   [  54% ] 015/152 VUs  16m08.7s/30m0s  600.00 iters/s

running (16m09.7s), 005/152 VUs, 580834 complete and 0 interrupted iterations
cap_refresh_token   [  54% ] 005/152 VUs  16m09.7s/30m0s  600.00 iters/s

running (16m10.7s), 005/152 VUs, 581434 complete and 0 interrupted iterations
cap_refresh_token   [  54% ] 005/152 VUs  16m10.7s/30m0s  600.00 iters/s

running (16m11.7s), 007/152 VUs, 582032 complete and 0 interrupted iterations
cap_refresh_token   [  54% ] 007/152 VUs  16m11.7s/30m0s  600.00 iters/s

running (16m12.7s), 007/152 VUs, 582632 complete and 0 interrupted iterations
cap_refresh_token   [  54% ] 007/152 VUs  16m12.7s/30m0s  600.00 iters/s

running (16m13.7s), 006/152 VUs, 583234 complete and 0 interrupted iterations
cap_refresh_token   [  54% ] 006/152 VUs  16m13.7s/30m0s  600.00 iters/s

running (16m14.7s), 007/152 VUs, 583832 complete and 0 interrupted iterations
cap_refresh_token   [  54% ] 007/152 VUs  16m14.7s/30m0s  600.00 iters/s

running (16m15.7s), 008/152 VUs, 584432 complete and 0 interrupted iterations
cap_refresh_token   [  54% ] 008/152 VUs  16m15.7s/30m0s  600.00 iters/s

running (16m16.7s), 007/152 VUs, 585032 complete and 0 interrupted iterations
cap_refresh_token   [  54% ] 007/152 VUs  16m16.7s/30m0s  600.00 iters/s

running (16m17.7s), 005/152 VUs, 585634 complete and 0 interrupted iterations
cap_refresh_token   [  54% ] 005/152 VUs  16m17.7s/30m0s  600.00 iters/s

running (16m18.7s), 007/152 VUs, 586232 complete and 0 interrupted iterations
cap_refresh_token   [  54% ] 007/152 VUs  16m18.7s/30m0s  600.00 iters/s

running (16m19.7s), 005/152 VUs, 586834 complete and 0 interrupted iterations
cap_refresh_token   [  54% ] 005/152 VUs  16m19.7s/30m0s  600.00 iters/s

running (16m20.7s), 004/152 VUs, 587435 complete and 0 interrupted iterations
cap_refresh_token   [  54% ] 004/152 VUs  16m20.7s/30m0s  600.00 iters/s

running (16m21.7s), 005/152 VUs, 588034 complete and 0 interrupted iterations
cap_refresh_token   [  55% ] 005/152 VUs  16m21.7s/30m0s  600.00 iters/s

running (16m22.7s), 005/152 VUs, 588634 complete and 0 interrupted iterations
cap_refresh_token   [  55% ] 005/152 VUs  16m22.7s/30m0s  600.00 iters/s

running (16m23.7s), 004/152 VUs, 589235 complete and 0 interrupted iterations
cap_refresh_token   [  55% ] 004/152 VUs  16m23.7s/30m0s  600.00 iters/s

running (16m24.7s), 005/152 VUs, 589834 complete and 0 interrupted iterations
cap_refresh_token   [  55% ] 005/152 VUs  16m24.7s/30m0s  600.00 iters/s

running (16m25.7s), 009/152 VUs, 590430 complete and 0 interrupted iterations
cap_refresh_token   [  55% ] 009/152 VUs  16m25.7s/30m0s  600.00 iters/s

running (16m26.7s), 005/152 VUs, 591035 complete and 0 interrupted iterations
cap_refresh_token   [  55% ] 005/152 VUs  16m26.7s/30m0s  600.00 iters/s

running (16m27.7s), 005/152 VUs, 591634 complete and 0 interrupted iterations
cap_refresh_token   [  55% ] 005/152 VUs  16m27.7s/30m0s  600.00 iters/s

running (16m28.7s), 004/152 VUs, 592235 complete and 0 interrupted iterations
cap_refresh_token   [  55% ] 004/152 VUs  16m28.7s/30m0s  600.00 iters/s

running (16m29.7s), 005/152 VUs, 592834 complete and 0 interrupted iterations
cap_refresh_token   [  55% ] 005/152 VUs  16m29.7s/30m0s  600.00 iters/s

running (16m30.7s), 004/152 VUs, 593435 complete and 0 interrupted iterations
cap_refresh_token   [  55% ] 004/152 VUs  16m30.7s/30m0s  600.00 iters/s

running (16m31.7s), 007/152 VUs, 594032 complete and 0 interrupted iterations
cap_refresh_token   [  55% ] 007/152 VUs  16m31.7s/30m0s  600.00 iters/s

running (16m32.7s), 004/152 VUs, 594635 complete and 0 interrupted iterations
cap_refresh_token   [  55% ] 004/152 VUs  16m32.7s/30m0s  600.00 iters/s

running (16m33.7s), 005/152 VUs, 595234 complete and 0 interrupted iterations
cap_refresh_token   [  55% ] 005/152 VUs  16m33.7s/30m0s  600.00 iters/s

running (16m34.7s), 005/152 VUs, 595834 complete and 0 interrupted iterations
cap_refresh_token   [  55% ] 005/152 VUs  16m34.7s/30m0s  600.00 iters/s

running (16m35.7s), 004/152 VUs, 596435 complete and 0 interrupted iterations
cap_refresh_token   [  55% ] 004/152 VUs  16m35.7s/30m0s  600.00 iters/s

running (16m36.7s), 006/152 VUs, 597033 complete and 0 interrupted iterations
cap_refresh_token   [  55% ] 006/152 VUs  16m36.7s/30m0s  600.00 iters/s

running (16m37.7s), 005/152 VUs, 597634 complete and 0 interrupted iterations
cap_refresh_token   [  55% ] 005/152 VUs  16m37.7s/30m0s  600.00 iters/s

running (16m38.7s), 004/152 VUs, 598235 complete and 0 interrupted iterations
cap_refresh_token   [  55% ] 004/152 VUs  16m38.7s/30m0s  600.00 iters/s

running (16m39.7s), 005/152 VUs, 598834 complete and 0 interrupted iterations
cap_refresh_token   [  56% ] 005/152 VUs  16m39.7s/30m0s  600.00 iters/s

running (16m40.7s), 005/152 VUs, 599434 complete and 0 interrupted iterations
cap_refresh_token   [  56% ] 005/152 VUs  16m40.7s/30m0s  600.00 iters/s

running (16m41.7s), 003/152 VUs, 600036 complete and 0 interrupted iterations
cap_refresh_token   [  56% ] 003/152 VUs  16m41.7s/30m0s  600.00 iters/s

running (16m42.7s), 006/152 VUs, 600633 complete and 0 interrupted iterations
cap_refresh_token   [  56% ] 006/152 VUs  16m42.7s/30m0s  600.00 iters/s

running (16m43.7s), 004/152 VUs, 601235 complete and 0 interrupted iterations
cap_refresh_token   [  56% ] 004/152 VUs  16m43.7s/30m0s  600.00 iters/s

running (16m44.7s), 003/152 VUs, 601836 complete and 0 interrupted iterations
cap_refresh_token   [  56% ] 003/152 VUs  16m44.7s/30m0s  600.00 iters/s

running (16m45.7s), 004/152 VUs, 602435 complete and 0 interrupted iterations
cap_refresh_token   [  56% ] 005/152 VUs  16m45.7s/30m0s  600.00 iters/s

running (16m46.7s), 005/152 VUs, 603034 complete and 0 interrupted iterations
cap_refresh_token   [  56% ] 005/152 VUs  16m46.7s/30m0s  600.00 iters/s

running (16m47.7s), 004/152 VUs, 603635 complete and 0 interrupted iterations
cap_refresh_token   [  56% ] 004/152 VUs  16m47.7s/30m0s  600.00 iters/s

running (16m48.7s), 006/152 VUs, 604233 complete and 0 interrupted iterations
cap_refresh_token   [  56% ] 006/152 VUs  16m48.7s/30m0s  600.00 iters/s

running (16m49.7s), 005/152 VUs, 604834 complete and 0 interrupted iterations
cap_refresh_token   [  56% ] 005/152 VUs  16m49.7s/30m0s  600.00 iters/s

running (16m50.7s), 005/152 VUs, 605435 complete and 0 interrupted iterations
cap_refresh_token   [  56% ] 005/152 VUs  16m50.7s/30m0s  600.00 iters/s

running (16m51.7s), 008/152 VUs, 606031 complete and 0 interrupted iterations
cap_refresh_token   [  56% ] 008/152 VUs  16m51.7s/30m0s  600.00 iters/s

running (16m52.7s), 004/152 VUs, 606635 complete and 0 interrupted iterations
cap_refresh_token   [  56% ] 004/152 VUs  16m52.7s/30m0s  600.00 iters/s

running (16m53.7s), 007/152 VUs, 607232 complete and 0 interrupted iterations
cap_refresh_token   [  56% ] 007/152 VUs  16m53.7s/30m0s  600.00 iters/s

running (16m54.7s), 003/152 VUs, 607836 complete and 0 interrupted iterations
cap_refresh_token   [  56% ] 003/152 VUs  16m54.7s/30m0s  600.00 iters/s

running (16m55.7s), 005/152 VUs, 608434 complete and 0 interrupted iterations
cap_refresh_token   [  56% ] 005/152 VUs  16m55.7s/30m0s  600.00 iters/s

running (16m56.7s), 005/152 VUs, 609034 complete and 0 interrupted iterations
cap_refresh_token   [  56% ] 005/152 VUs  16m56.7s/30m0s  600.00 iters/s

running (16m57.7s), 005/152 VUs, 609634 complete and 0 interrupted iterations
cap_refresh_token   [  57% ] 005/152 VUs  16m57.7s/30m0s  600.00 iters/s

running (16m58.7s), 005/152 VUs, 610234 complete and 0 interrupted iterations
cap_refresh_token   [  57% ] 005/152 VUs  16m58.7s/30m0s  600.00 iters/s

running (16m59.7s), 006/152 VUs, 610833 complete and 0 interrupted iterations
cap_refresh_token   [  57% ] 005/152 VUs  16m59.7s/30m0s  600.00 iters/s

running (17m00.7s), 006/152 VUs, 611433 complete and 0 interrupted iterations
cap_refresh_token   [  57% ] 006/152 VUs  17m00.7s/30m0s  600.00 iters/s

running (17m01.7s), 004/152 VUs, 612035 complete and 0 interrupted iterations
cap_refresh_token   [  57% ] 004/152 VUs  17m01.7s/30m0s  600.00 iters/s

running (17m02.7s), 005/152 VUs, 612634 complete and 0 interrupted iterations
cap_refresh_token   [  57% ] 005/152 VUs  17m02.7s/30m0s  600.00 iters/s

running (17m03.7s), 007/152 VUs, 613232 complete and 0 interrupted iterations
cap_refresh_token   [  57% ] 007/152 VUs  17m03.7s/30m0s  600.00 iters/s

running (17m04.7s), 005/152 VUs, 613834 complete and 0 interrupted iterations
cap_refresh_token   [  57% ] 005/152 VUs  17m04.7s/30m0s  600.00 iters/s

running (17m05.7s), 004/152 VUs, 614435 complete and 0 interrupted iterations
cap_refresh_token   [  57% ] 004/152 VUs  17m05.7s/30m0s  600.00 iters/s

running (17m06.7s), 005/152 VUs, 615034 complete and 0 interrupted iterations
cap_refresh_token   [  57% ] 005/152 VUs  17m06.7s/30m0s  600.00 iters/s

running (17m07.7s), 005/152 VUs, 615634 complete and 0 interrupted iterations
cap_refresh_token   [  57% ] 005/152 VUs  17m07.7s/30m0s  600.00 iters/s

running (17m08.7s), 005/152 VUs, 616234 complete and 0 interrupted iterations
cap_refresh_token   [  57% ] 005/152 VUs  17m08.7s/30m0s  600.00 iters/s

running (17m09.7s), 005/152 VUs, 616834 complete and 0 interrupted iterations
cap_refresh_token   [  57% ] 005/152 VUs  17m09.7s/30m0s  600.00 iters/s

running (17m10.7s), 006/152 VUs, 617433 complete and 0 interrupted iterations
cap_refresh_token   [  57% ] 006/152 VUs  17m10.7s/30m0s  600.00 iters/s

running (17m11.7s), 004/152 VUs, 618035 complete and 0 interrupted iterations
cap_refresh_token   [  57% ] 004/152 VUs  17m11.7s/30m0s  600.00 iters/s

running (17m12.7s), 006/152 VUs, 618633 complete and 0 interrupted iterations
cap_refresh_token   [  57% ] 006/152 VUs  17m12.7s/30m0s  600.00 iters/s

running (17m13.7s), 005/152 VUs, 619235 complete and 0 interrupted iterations
cap_refresh_token   [  57% ] 005/152 VUs  17m13.7s/30m0s  600.00 iters/s

running (17m14.7s), 006/152 VUs, 619833 complete and 0 interrupted iterations
cap_refresh_token   [  57% ] 006/152 VUs  17m14.7s/30m0s  600.00 iters/s

running (17m15.7s), 003/152 VUs, 620436 complete and 0 interrupted iterations
cap_refresh_token   [  58% ] 003/152 VUs  17m15.7s/30m0s  600.00 iters/s

running (17m16.7s), 004/152 VUs, 621035 complete and 0 interrupted iterations
cap_refresh_token   [  58% ] 004/152 VUs  17m16.7s/30m0s  600.00 iters/s

running (17m17.7s), 005/152 VUs, 621634 complete and 0 interrupted iterations
cap_refresh_token   [  58% ] 005/152 VUs  17m17.7s/30m0s  600.00 iters/s

running (17m18.7s), 005/152 VUs, 622234 complete and 0 interrupted iterations
cap_refresh_token   [  58% ] 005/152 VUs  17m18.7s/30m0s  600.00 iters/s

running (17m19.7s), 005/152 VUs, 622834 complete and 0 interrupted iterations
cap_refresh_token   [  58% ] 005/152 VUs  17m19.7s/30m0s  600.00 iters/s

running (17m20.7s), 005/152 VUs, 623434 complete and 0 interrupted iterations
cap_refresh_token   [  58% ] 005/152 VUs  17m20.7s/30m0s  600.00 iters/s

running (17m21.7s), 005/152 VUs, 624034 complete and 0 interrupted iterations
cap_refresh_token   [  58% ] 004/152 VUs  17m21.7s/30m0s  600.00 iters/s

running (17m22.7s), 004/152 VUs, 624635 complete and 0 interrupted iterations
cap_refresh_token   [  58% ] 004/152 VUs  17m22.7s/30m0s  600.00 iters/s

running (17m23.7s), 005/152 VUs, 625234 complete and 0 interrupted iterations
cap_refresh_token   [  58% ] 005/152 VUs  17m23.7s/30m0s  600.00 iters/s

running (17m24.7s), 005/152 VUs, 625834 complete and 0 interrupted iterations
cap_refresh_token   [  58% ] 005/152 VUs  17m24.7s/30m0s  600.00 iters/s

running (17m25.7s), 005/152 VUs, 626434 complete and 0 interrupted iterations
cap_refresh_token   [  58% ] 005/152 VUs  17m25.7s/30m0s  600.00 iters/s

running (17m26.7s), 004/152 VUs, 627035 complete and 0 interrupted iterations
cap_refresh_token   [  58% ] 004/152 VUs  17m26.7s/30m0s  600.00 iters/s

running (17m27.7s), 005/152 VUs, 627635 complete and 0 interrupted iterations
cap_refresh_token   [  58% ] 005/152 VUs  17m27.7s/30m0s  600.00 iters/s

running (17m28.7s), 005/152 VUs, 628234 complete and 0 interrupted iterations
cap_refresh_token   [  58% ] 005/152 VUs  17m28.7s/30m0s  600.00 iters/s

running (17m29.7s), 009/152 VUs, 628830 complete and 0 interrupted iterations
cap_refresh_token   [  58% ] 009/152 VUs  17m29.7s/30m0s  600.00 iters/s

running (17m30.7s), 006/152 VUs, 629433 complete and 0 interrupted iterations
cap_refresh_token   [  58% ] 006/152 VUs  17m30.7s/30m0s  600.00 iters/s

running (17m31.7s), 004/152 VUs, 630035 complete and 0 interrupted iterations
cap_refresh_token   [  58% ] 004/152 VUs  17m31.7s/30m0s  600.00 iters/s

running (17m32.7s), 003/152 VUs, 630636 complete and 0 interrupted iterations
cap_refresh_token   [  58% ] 003/152 VUs  17m32.7s/30m0s  600.00 iters/s

running (17m33.7s), 004/152 VUs, 631235 complete and 0 interrupted iterations
cap_refresh_token   [  59% ] 004/152 VUs  17m33.7s/30m0s  600.00 iters/s

running (17m34.7s), 004/152 VUs, 631835 complete and 0 interrupted iterations
cap_refresh_token   [  59% ] 004/152 VUs  17m34.7s/30m0s  600.00 iters/s

running (17m35.7s), 006/152 VUs, 632433 complete and 0 interrupted iterations
cap_refresh_token   [  59% ] 006/152 VUs  17m35.7s/30m0s  600.00 iters/s

running (17m36.7s), 006/152 VUs, 633033 complete and 0 interrupted iterations
cap_refresh_token   [  59% ] 006/152 VUs  17m36.7s/30m0s  600.00 iters/s

running (17m37.7s), 005/152 VUs, 633634 complete and 0 interrupted iterations
cap_refresh_token   [  59% ] 005/152 VUs  17m37.7s/30m0s  600.00 iters/s

running (17m38.7s), 004/152 VUs, 634235 complete and 0 interrupted iterations
cap_refresh_token   [  59% ] 004/152 VUs  17m38.7s/30m0s  600.00 iters/s

running (17m39.7s), 005/152 VUs, 634834 complete and 0 interrupted iterations
cap_refresh_token   [  59% ] 005/152 VUs  17m39.7s/30m0s  600.00 iters/s

running (17m40.7s), 004/152 VUs, 635435 complete and 0 interrupted iterations
cap_refresh_token   [  59% ] 004/152 VUs  17m40.7s/30m0s  600.00 iters/s

running (17m41.7s), 005/152 VUs, 636034 complete and 0 interrupted iterations
cap_refresh_token   [  59% ] 005/152 VUs  17m41.7s/30m0s  600.00 iters/s

running (17m42.7s), 005/152 VUs, 636634 complete and 0 interrupted iterations
cap_refresh_token   [  59% ] 005/152 VUs  17m42.7s/30m0s  600.00 iters/s

running (17m43.7s), 004/152 VUs, 637235 complete and 0 interrupted iterations
cap_refresh_token   [  59% ] 004/152 VUs  17m43.7s/30m0s  600.00 iters/s

running (17m44.7s), 007/152 VUs, 637832 complete and 0 interrupted iterations
cap_refresh_token   [  59% ] 007/152 VUs  17m44.7s/30m0s  600.00 iters/s

running (17m45.7s), 005/152 VUs, 638434 complete and 0 interrupted iterations
cap_refresh_token   [  59% ] 005/152 VUs  17m45.7s/30m0s  600.00 iters/s

running (17m46.7s), 005/152 VUs, 639034 complete and 0 interrupted iterations
cap_refresh_token   [  59% ] 005/152 VUs  17m46.7s/30m0s  600.00 iters/s

running (17m47.7s), 005/152 VUs, 639634 complete and 0 interrupted iterations
cap_refresh_token   [  59% ] 005/152 VUs  17m47.7s/30m0s  600.00 iters/s

running (17m48.7s), 004/152 VUs, 640235 complete and 0 interrupted iterations
cap_refresh_token   [  59% ] 004/152 VUs  17m48.7s/30m0s  600.00 iters/s

running (17m49.7s), 005/152 VUs, 640834 complete and 0 interrupted iterations
cap_refresh_token   [  59% ] 005/152 VUs  17m49.7s/30m0s  600.00 iters/s

running (17m50.7s), 004/152 VUs, 641435 complete and 0 interrupted iterations
cap_refresh_token   [  59% ] 004/152 VUs  17m50.7s/30m0s  600.00 iters/s

running (17m51.7s), 004/152 VUs, 642035 complete and 0 interrupted iterations
cap_refresh_token   [  60% ] 004/152 VUs  17m51.7s/30m0s  600.00 iters/s

running (17m52.7s), 004/152 VUs, 642635 complete and 0 interrupted iterations
cap_refresh_token   [  60% ] 004/152 VUs  17m52.7s/30m0s  600.00 iters/s

running (17m53.7s), 005/152 VUs, 643234 complete and 0 interrupted iterations
cap_refresh_token   [  60% ] 005/152 VUs  17m53.7s/30m0s  600.00 iters/s

running (17m54.7s), 005/152 VUs, 643834 complete and 0 interrupted iterations
cap_refresh_token   [  60% ] 005/152 VUs  17m54.7s/30m0s  600.00 iters/s

running (17m55.7s), 005/152 VUs, 644435 complete and 0 interrupted iterations
cap_refresh_token   [  60% ] 005/152 VUs  17m55.7s/30m0s  600.00 iters/s

running (17m56.7s), 004/152 VUs, 645035 complete and 0 interrupted iterations
cap_refresh_token   [  60% ] 004/152 VUs  17m56.7s/30m0s  600.00 iters/s

running (17m57.7s), 004/152 VUs, 645635 complete and 0 interrupted iterations
cap_refresh_token   [  60% ] 004/152 VUs  17m57.7s/30m0s  600.00 iters/s

running (17m58.7s), 006/152 VUs, 646233 complete and 0 interrupted iterations
cap_refresh_token   [  60% ] 006/152 VUs  17m58.7s/30m0s  600.00 iters/s

running (17m59.7s), 006/152 VUs, 646833 complete and 0 interrupted iterations
cap_refresh_token   [  60% ] 006/152 VUs  17m59.7s/30m0s  600.00 iters/s

running (18m00.7s), 006/152 VUs, 647433 complete and 0 interrupted iterations
cap_refresh_token   [  60% ] 006/152 VUs  18m00.7s/30m0s  600.00 iters/s

running (18m01.7s), 004/152 VUs, 648035 complete and 0 interrupted iterations
cap_refresh_token   [  60% ] 004/152 VUs  18m01.7s/30m0s  600.00 iters/s

running (18m02.7s), 005/152 VUs, 648634 complete and 0 interrupted iterations
cap_refresh_token   [  60% ] 005/152 VUs  18m02.7s/30m0s  600.00 iters/s

running (18m03.7s), 004/152 VUs, 649235 complete and 0 interrupted iterations
cap_refresh_token   [  60% ] 004/152 VUs  18m03.7s/30m0s  600.00 iters/s

running (18m04.7s), 004/152 VUs, 649835 complete and 0 interrupted iterations
cap_refresh_token   [  60% ] 004/152 VUs  18m04.7s/30m0s  600.00 iters/s

running (18m05.7s), 005/152 VUs, 650435 complete and 0 interrupted iterations
cap_refresh_token   [  60% ] 005/152 VUs  18m05.7s/30m0s  600.00 iters/s

running (18m06.7s), 004/152 VUs, 651035 complete and 0 interrupted iterations
cap_refresh_token   [  60% ] 004/152 VUs  18m06.7s/30m0s  600.00 iters/s

running (18m07.7s), 004/152 VUs, 651635 complete and 0 interrupted iterations
cap_refresh_token   [  60% ] 004/152 VUs  18m07.7s/30m0s  600.00 iters/s

running (18m08.7s), 005/152 VUs, 652234 complete and 0 interrupted iterations
cap_refresh_token   [  60% ] 005/152 VUs  18m08.7s/30m0s  600.00 iters/s

running (18m09.7s), 008/152 VUs, 652832 complete and 0 interrupted iterations
cap_refresh_token   [  61% ] 008/152 VUs  18m09.7s/30m0s  600.00 iters/s

running (18m10.7s), 005/152 VUs, 653434 complete and 0 interrupted iterations
cap_refresh_token   [  61% ] 005/152 VUs  18m10.7s/30m0s  600.00 iters/s

running (18m11.7s), 006/152 VUs, 654033 complete and 0 interrupted iterations
cap_refresh_token   [  61% ] 006/152 VUs  18m11.7s/30m0s  600.00 iters/s

running (18m12.7s), 005/152 VUs, 654634 complete and 0 interrupted iterations
cap_refresh_token   [  61% ] 005/152 VUs  18m12.7s/30m0s  600.00 iters/s

running (18m13.7s), 006/152 VUs, 655233 complete and 0 interrupted iterations
cap_refresh_token   [  61% ] 006/152 VUs  18m13.7s/30m0s  600.00 iters/s

running (18m14.7s), 009/152 VUs, 655830 complete and 0 interrupted iterations
cap_refresh_token   [  61% ] 009/152 VUs  18m14.7s/30m0s  600.00 iters/s

running (18m15.7s), 007/152 VUs, 656432 complete and 0 interrupted iterations
cap_refresh_token   [  61% ] 007/152 VUs  18m15.7s/30m0s  600.00 iters/s

running (18m16.7s), 005/152 VUs, 657034 complete and 0 interrupted iterations
cap_refresh_token   [  61% ] 005/152 VUs  18m16.7s/30m0s  600.00 iters/s

running (18m17.7s), 005/152 VUs, 657634 complete and 0 interrupted iterations
cap_refresh_token   [  61% ] 005/152 VUs  18m17.7s/30m0s  600.00 iters/s

running (18m18.7s), 004/152 VUs, 658235 complete and 0 interrupted iterations
cap_refresh_token   [  61% ] 004/152 VUs  18m18.7s/30m0s  600.00 iters/s

running (18m19.7s), 005/152 VUs, 658834 complete and 0 interrupted iterations
cap_refresh_token   [  61% ] 005/152 VUs  18m19.7s/30m0s  600.00 iters/s

running (18m20.7s), 006/152 VUs, 659433 complete and 0 interrupted iterations
cap_refresh_token   [  61% ] 006/152 VUs  18m20.7s/30m0s  600.00 iters/s

running (18m21.7s), 019/152 VUs, 660020 complete and 0 interrupted iterations
cap_refresh_token   [  61% ] 019/152 VUs  18m21.7s/30m0s  600.00 iters/s

running (18m22.7s), 005/152 VUs, 660634 complete and 0 interrupted iterations
cap_refresh_token   [  61% ] 005/152 VUs  18m22.7s/30m0s  600.00 iters/s

running (18m23.7s), 005/152 VUs, 661234 complete and 0 interrupted iterations
cap_refresh_token   [  61% ] 005/152 VUs  18m23.7s/30m0s  600.00 iters/s

running (18m24.7s), 005/152 VUs, 661834 complete and 0 interrupted iterations
cap_refresh_token   [  61% ] 005/152 VUs  18m24.7s/30m0s  600.00 iters/s

running (18m25.7s), 004/152 VUs, 662435 complete and 0 interrupted iterations
cap_refresh_token   [  61% ] 004/152 VUs  18m25.7s/30m0s  600.00 iters/s

running (18m26.7s), 005/152 VUs, 663034 complete and 0 interrupted iterations
cap_refresh_token   [  61% ] 005/152 VUs  18m26.7s/30m0s  600.00 iters/s

running (18m27.7s), 004/152 VUs, 663635 complete and 0 interrupted iterations
cap_refresh_token   [  62% ] 004/152 VUs  18m27.7s/30m0s  600.00 iters/s

running (18m28.7s), 004/152 VUs, 664235 complete and 0 interrupted iterations
cap_refresh_token   [  62% ] 004/152 VUs  18m28.7s/30m0s  600.00 iters/s

running (18m29.7s), 005/152 VUs, 664834 complete and 0 interrupted iterations
cap_refresh_token   [  62% ] 005/152 VUs  18m29.7s/30m0s  600.00 iters/s

running (18m30.7s), 004/152 VUs, 665435 complete and 0 interrupted iterations
cap_refresh_token   [  62% ] 004/152 VUs  18m30.7s/30m0s  600.00 iters/s

running (18m31.7s), 004/152 VUs, 666035 complete and 0 interrupted iterations
cap_refresh_token   [  62% ] 004/152 VUs  18m31.7s/30m0s  600.00 iters/s

running (18m32.7s), 004/152 VUs, 666635 complete and 0 interrupted iterations
cap_refresh_token   [  62% ] 004/152 VUs  18m32.7s/30m0s  600.00 iters/s

running (18m33.7s), 007/152 VUs, 667232 complete and 0 interrupted iterations
cap_refresh_token   [  62% ] 007/152 VUs  18m33.7s/30m0s  600.00 iters/s

running (18m34.7s), 004/152 VUs, 667836 complete and 0 interrupted iterations
cap_refresh_token   [  62% ] 004/152 VUs  18m34.7s/30m0s  600.00 iters/s

running (18m35.7s), 004/152 VUs, 668435 complete and 0 interrupted iterations
cap_refresh_token   [  62% ] 004/152 VUs  18m35.7s/30m0s  600.00 iters/s

running (18m36.7s), 005/152 VUs, 669034 complete and 0 interrupted iterations
cap_refresh_token   [  62% ] 005/152 VUs  18m36.7s/30m0s  600.00 iters/s

running (18m37.7s), 004/152 VUs, 669635 complete and 0 interrupted iterations
cap_refresh_token   [  62% ] 004/152 VUs  18m37.7s/30m0s  600.00 iters/s

running (18m38.7s), 004/152 VUs, 670235 complete and 0 interrupted iterations
cap_refresh_token   [  62% ] 004/152 VUs  18m38.7s/30m0s  600.00 iters/s

running (18m39.7s), 004/152 VUs, 670835 complete and 0 interrupted iterations
cap_refresh_token   [  62% ] 004/152 VUs  18m39.7s/30m0s  600.00 iters/s

running (18m40.7s), 006/152 VUs, 671434 complete and 0 interrupted iterations
cap_refresh_token   [  62% ] 006/152 VUs  18m40.7s/30m0s  600.00 iters/s

running (18m41.7s), 005/152 VUs, 672035 complete and 0 interrupted iterations
cap_refresh_token   [  62% ] 005/152 VUs  18m41.7s/30m0s  600.00 iters/s

running (18m42.7s), 005/152 VUs, 672634 complete and 0 interrupted iterations
cap_refresh_token   [  62% ] 005/152 VUs  18m42.7s/30m0s  600.00 iters/s

running (18m43.7s), 004/152 VUs, 673235 complete and 0 interrupted iterations
cap_refresh_token   [  62% ] 004/152 VUs  18m43.7s/30m0s  600.00 iters/s

running (18m44.7s), 005/152 VUs, 673834 complete and 0 interrupted iterations
cap_refresh_token   [  62% ] 005/152 VUs  18m44.7s/30m0s  600.00 iters/s

running (18m45.7s), 004/152 VUs, 674435 complete and 0 interrupted iterations
cap_refresh_token   [  63% ] 004/152 VUs  18m45.7s/30m0s  600.00 iters/s

running (18m46.7s), 004/152 VUs, 675035 complete and 0 interrupted iterations
cap_refresh_token   [  63% ] 004/152 VUs  18m46.7s/30m0s  600.00 iters/s

running (18m47.7s), 003/152 VUs, 675636 complete and 0 interrupted iterations
cap_refresh_token   [  63% ] 004/152 VUs  18m47.7s/30m0s  600.00 iters/s

running (18m48.7s), 005/152 VUs, 676235 complete and 0 interrupted iterations
cap_refresh_token   [  63% ] 005/152 VUs  18m48.7s/30m0s  600.00 iters/s

running (18m49.7s), 011/152 VUs, 676828 complete and 0 interrupted iterations
cap_refresh_token   [  63% ] 011/152 VUs  18m49.7s/30m0s  600.00 iters/s

running (18m50.7s), 004/152 VUs, 677435 complete and 0 interrupted iterations
cap_refresh_token   [  63% ] 004/152 VUs  18m50.7s/30m0s  600.00 iters/s

running (18m51.7s), 004/152 VUs, 678035 complete and 0 interrupted iterations
cap_refresh_token   [  63% ] 004/152 VUs  18m51.7s/30m0s  600.00 iters/s

running (18m52.7s), 005/152 VUs, 678634 complete and 0 interrupted iterations
cap_refresh_token   [  63% ] 005/152 VUs  18m52.7s/30m0s  600.00 iters/s

running (18m53.7s), 006/152 VUs, 679233 complete and 0 interrupted iterations
cap_refresh_token   [  63% ] 006/152 VUs  18m53.7s/30m0s  600.00 iters/s

running (18m54.7s), 005/152 VUs, 679835 complete and 0 interrupted iterations
cap_refresh_token   [  63% ] 005/152 VUs  18m54.7s/30m0s  600.00 iters/s

running (18m55.7s), 004/152 VUs, 680435 complete and 0 interrupted iterations
cap_refresh_token   [  63% ] 004/152 VUs  18m55.7s/30m0s  600.00 iters/s

running (18m56.7s), 004/152 VUs, 681035 complete and 0 interrupted iterations
cap_refresh_token   [  63% ] 004/152 VUs  18m56.7s/30m0s  600.00 iters/s

running (18m57.7s), 005/152 VUs, 681634 complete and 0 interrupted iterations
cap_refresh_token   [  63% ] 005/152 VUs  18m57.7s/30m0s  600.00 iters/s

running (18m58.7s), 005/152 VUs, 682235 complete and 0 interrupted iterations
cap_refresh_token   [  63% ] 005/152 VUs  18m58.7s/30m0s  600.00 iters/s

running (18m59.7s), 004/152 VUs, 682835 complete and 0 interrupted iterations
cap_refresh_token   [  63% ] 004/152 VUs  18m59.7s/30m0s  600.00 iters/s

running (19m00.7s), 004/152 VUs, 683435 complete and 0 interrupted iterations
cap_refresh_token   [  63% ] 005/152 VUs  19m00.7s/30m0s  600.00 iters/s

running (19m01.7s), 005/152 VUs, 684034 complete and 0 interrupted iterations
cap_refresh_token   [  63% ] 005/152 VUs  19m01.7s/30m0s  600.00 iters/s

running (19m02.7s), 004/152 VUs, 684635 complete and 0 interrupted iterations
cap_refresh_token   [  63% ] 004/152 VUs  19m02.7s/30m0s  600.00 iters/s

running (19m03.7s), 007/152 VUs, 685232 complete and 0 interrupted iterations
cap_refresh_token   [  64% ] 007/152 VUs  19m03.7s/30m0s  600.00 iters/s

running (19m04.7s), 004/152 VUs, 685835 complete and 0 interrupted iterations
cap_refresh_token   [  64% ] 004/152 VUs  19m04.7s/30m0s  600.00 iters/s

running (19m05.7s), 005/152 VUs, 686434 complete and 0 interrupted iterations
cap_refresh_token   [  64% ] 005/152 VUs  19m05.7s/30m0s  600.00 iters/s

running (19m06.7s), 005/152 VUs, 687034 complete and 0 interrupted iterations
cap_refresh_token   [  64% ] 005/152 VUs  19m06.7s/30m0s  600.00 iters/s

running (19m07.7s), 005/152 VUs, 687634 complete and 0 interrupted iterations
cap_refresh_token   [  64% ] 005/152 VUs  19m07.7s/30m0s  600.00 iters/s

running (19m08.7s), 004/152 VUs, 688235 complete and 0 interrupted iterations
cap_refresh_token   [  64% ] 004/152 VUs  19m08.7s/30m0s  600.00 iters/s

running (19m09.7s), 012/152 VUs, 688827 complete and 0 interrupted iterations
cap_refresh_token   [  64% ] 013/152 VUs  19m09.7s/30m0s  600.00 iters/s

running (19m10.7s), 005/152 VUs, 689434 complete and 0 interrupted iterations
cap_refresh_token   [  64% ] 005/152 VUs  19m10.7s/30m0s  600.00 iters/s

running (19m11.7s), 005/152 VUs, 690034 complete and 0 interrupted iterations
cap_refresh_token   [  64% ] 005/152 VUs  19m11.7s/30m0s  600.00 iters/s

running (19m12.7s), 005/152 VUs, 690634 complete and 0 interrupted iterations
cap_refresh_token   [  64% ] 005/152 VUs  19m12.7s/30m0s  600.00 iters/s

running (19m13.7s), 010/152 VUs, 691229 complete and 0 interrupted iterations
cap_refresh_token   [  64% ] 010/152 VUs  19m13.7s/30m0s  600.00 iters/s

running (19m14.7s), 005/152 VUs, 691834 complete and 0 interrupted iterations
cap_refresh_token   [  64% ] 005/152 VUs  19m14.7s/30m0s  600.00 iters/s

running (19m15.7s), 005/152 VUs, 692434 complete and 0 interrupted iterations
cap_refresh_token   [  64% ] 005/152 VUs  19m15.7s/30m0s  600.00 iters/s

running (19m16.7s), 005/152 VUs, 693033 complete and 0 interrupted iterations
cap_refresh_token   [  64% ] 005/152 VUs  19m16.7s/30m0s  600.00 iters/s

running (19m17.7s), 004/152 VUs, 693635 complete and 0 interrupted iterations
cap_refresh_token   [  64% ] 004/152 VUs  19m17.7s/30m0s  600.00 iters/s

running (19m18.7s), 007/152 VUs, 694232 complete and 0 interrupted iterations
cap_refresh_token   [  64% ] 007/152 VUs  19m18.7s/30m0s  600.00 iters/s

running (19m19.7s), 006/152 VUs, 694833 complete and 0 interrupted iterations
cap_refresh_token   [  64% ] 006/152 VUs  19m19.7s/30m0s  600.00 iters/s

running (19m20.7s), 004/152 VUs, 695435 complete and 0 interrupted iterations
cap_refresh_token   [  64% ] 004/152 VUs  19m20.7s/30m0s  600.00 iters/s

running (19m21.7s), 005/152 VUs, 696035 complete and 0 interrupted iterations
cap_refresh_token   [  65% ] 005/152 VUs  19m21.7s/30m0s  600.00 iters/s

running (19m22.7s), 005/152 VUs, 696634 complete and 0 interrupted iterations
cap_refresh_token   [  65% ] 005/152 VUs  19m22.7s/30m0s  600.00 iters/s

running (19m23.7s), 005/152 VUs, 697234 complete and 0 interrupted iterations
cap_refresh_token   [  65% ] 005/152 VUs  19m23.7s/30m0s  600.00 iters/s

running (19m24.7s), 005/152 VUs, 697834 complete and 0 interrupted iterations
cap_refresh_token   [  65% ] 005/152 VUs  19m24.7s/30m0s  600.00 iters/s

running (19m25.7s), 003/152 VUs, 698436 complete and 0 interrupted iterations
cap_refresh_token   [  65% ] 003/152 VUs  19m25.7s/30m0s  600.00 iters/s

running (19m26.7s), 005/152 VUs, 699034 complete and 0 interrupted iterations
cap_refresh_token   [  65% ] 005/152 VUs  19m26.7s/30m0s  600.00 iters/s

running (19m27.7s), 005/152 VUs, 699634 complete and 0 interrupted iterations
cap_refresh_token   [  65% ] 005/152 VUs  19m27.7s/30m0s  600.00 iters/s

running (19m28.7s), 010/152 VUs, 700229 complete and 0 interrupted iterations
cap_refresh_token   [  65% ] 010/152 VUs  19m28.7s/30m0s  600.00 iters/s

running (19m29.7s), 005/152 VUs, 700834 complete and 0 interrupted iterations
cap_refresh_token   [  65% ] 005/152 VUs  19m29.7s/30m0s  600.00 iters/s

running (19m30.7s), 006/152 VUs, 701433 complete and 0 interrupted iterations
cap_refresh_token   [  65% ] 006/152 VUs  19m30.7s/30m0s  600.00 iters/s

running (19m31.7s), 004/152 VUs, 702035 complete and 0 interrupted iterations
cap_refresh_token   [  65% ] 004/152 VUs  19m31.7s/30m0s  600.00 iters/s

running (19m32.7s), 005/152 VUs, 702634 complete and 0 interrupted iterations
cap_refresh_token   [  65% ] 005/152 VUs  19m32.7s/30m0s  600.00 iters/s

running (19m33.7s), 005/152 VUs, 703234 complete and 0 interrupted iterations
cap_refresh_token   [  65% ] 005/152 VUs  19m33.7s/30m0s  600.00 iters/s

running (19m34.7s), 005/152 VUs, 703834 complete and 0 interrupted iterations
cap_refresh_token   [  65% ] 005/152 VUs  19m34.7s/30m0s  600.00 iters/s

running (19m35.7s), 005/152 VUs, 704434 complete and 0 interrupted iterations
cap_refresh_token   [  65% ] 006/152 VUs  19m35.7s/30m0s  600.00 iters/s

running (19m36.7s), 005/152 VUs, 705034 complete and 0 interrupted iterations
cap_refresh_token   [  65% ] 005/152 VUs  19m36.7s/30m0s  600.00 iters/s

running (19m37.7s), 004/152 VUs, 705635 complete and 0 interrupted iterations
cap_refresh_token   [  65% ] 004/152 VUs  19m37.7s/30m0s  600.00 iters/s

running (19m38.7s), 004/152 VUs, 706235 complete and 0 interrupted iterations
cap_refresh_token   [  65% ] 004/152 VUs  19m38.7s/30m0s  600.00 iters/s

running (19m39.7s), 005/152 VUs, 706835 complete and 0 interrupted iterations
cap_refresh_token   [  66% ] 005/152 VUs  19m39.7s/30m0s  600.00 iters/s

running (19m40.7s), 004/152 VUs, 707435 complete and 0 interrupted iterations
cap_refresh_token   [  66% ] 004/152 VUs  19m40.7s/30m0s  600.00 iters/s

running (19m41.7s), 005/152 VUs, 708034 complete and 0 interrupted iterations
cap_refresh_token   [  66% ] 005/152 VUs  19m41.7s/30m0s  600.00 iters/s

running (19m42.7s), 005/152 VUs, 708634 complete and 0 interrupted iterations
cap_refresh_token   [  66% ] 005/152 VUs  19m42.7s/30m0s  600.00 iters/s

running (19m43.7s), 004/152 VUs, 709235 complete and 0 interrupted iterations
cap_refresh_token   [  66% ] 004/152 VUs  19m43.7s/30m0s  600.00 iters/s

running (19m44.7s), 006/152 VUs, 709833 complete and 0 interrupted iterations
cap_refresh_token   [  66% ] 006/152 VUs  19m44.7s/30m0s  600.00 iters/s

running (19m45.7s), 006/152 VUs, 710433 complete and 0 interrupted iterations
cap_refresh_token   [  66% ] 006/152 VUs  19m45.7s/30m0s  600.00 iters/s

running (19m46.7s), 004/152 VUs, 711035 complete and 0 interrupted iterations
cap_refresh_token   [  66% ] 004/152 VUs  19m46.7s/30m0s  600.00 iters/s

running (19m47.7s), 004/152 VUs, 711635 complete and 0 interrupted iterations
cap_refresh_token   [  66% ] 004/152 VUs  19m47.7s/30m0s  600.00 iters/s

running (19m48.7s), 006/152 VUs, 712234 complete and 0 interrupted iterations
cap_refresh_token   [  66% ] 006/152 VUs  19m48.7s/30m0s  600.00 iters/s

running (19m49.7s), 006/152 VUs, 712834 complete and 0 interrupted iterations
cap_refresh_token   [  66% ] 006/152 VUs  19m49.7s/30m0s  600.00 iters/s

running (19m50.7s), 005/152 VUs, 713435 complete and 0 interrupted iterations
cap_refresh_token   [  66% ] 005/152 VUs  19m50.7s/30m0s  600.00 iters/s

running (19m51.7s), 004/152 VUs, 714035 complete and 0 interrupted iterations
cap_refresh_token   [  66% ] 004/152 VUs  19m51.7s/30m0s  600.00 iters/s

running (19m52.7s), 006/152 VUs, 714633 complete and 0 interrupted iterations
cap_refresh_token   [  66% ] 006/152 VUs  19m52.7s/30m0s  600.00 iters/s

running (19m53.7s), 005/152 VUs, 715234 complete and 0 interrupted iterations
cap_refresh_token   [  66% ] 005/152 VUs  19m53.7s/30m0s  600.00 iters/s

running (19m54.7s), 006/152 VUs, 715833 complete and 0 interrupted iterations
cap_refresh_token   [  66% ] 006/152 VUs  19m54.7s/30m0s  600.00 iters/s

running (19m55.7s), 004/152 VUs, 716435 complete and 0 interrupted iterations
cap_refresh_token   [  66% ] 004/152 VUs  19m55.7s/30m0s  600.00 iters/s

running (19m56.7s), 004/152 VUs, 717035 complete and 0 interrupted iterations
cap_refresh_token   [  66% ] 004/152 VUs  19m56.7s/30m0s  600.00 iters/s

running (19m57.7s), 017/152 VUs, 717622 complete and 0 interrupted iterations
cap_refresh_token   [  67% ] 017/152 VUs  19m57.7s/30m0s  600.00 iters/s

running (19m58.7s), 005/152 VUs, 718234 complete and 0 interrupted iterations
cap_refresh_token   [  67% ] 005/152 VUs  19m58.7s/30m0s  600.00 iters/s

running (19m59.7s), 005/152 VUs, 718834 complete and 0 interrupted iterations
cap_refresh_token   [  67% ] 005/152 VUs  19m59.7s/30m0s  600.00 iters/s

running (20m00.7s), 005/152 VUs, 719434 complete and 0 interrupted iterations
cap_refresh_token   [  67% ] 005/152 VUs  20m00.7s/30m0s  600.00 iters/s

running (20m01.7s), 006/152 VUs, 720033 complete and 0 interrupted iterations
cap_refresh_token   [  67% ] 006/152 VUs  20m01.7s/30m0s  600.00 iters/s

running (20m02.7s), 005/152 VUs, 720634 complete and 0 interrupted iterations
cap_refresh_token   [  67% ] 005/152 VUs  20m02.7s/30m0s  600.00 iters/s

running (20m03.7s), 004/152 VUs, 721235 complete and 0 interrupted iterations
cap_refresh_token   [  67% ] 004/152 VUs  20m03.7s/30m0s  600.00 iters/s

running (20m04.7s), 011/152 VUs, 721828 complete and 0 interrupted iterations
cap_refresh_token   [  67% ] 011/152 VUs  20m04.7s/30m0s  600.00 iters/s

running (20m05.7s), 005/152 VUs, 722434 complete and 0 interrupted iterations
cap_refresh_token   [  67% ] 005/152 VUs  20m05.7s/30m0s  600.00 iters/s

running (20m06.7s), 005/152 VUs, 723034 complete and 0 interrupted iterations
cap_refresh_token   [  67% ] 005/152 VUs  20m06.7s/30m0s  600.00 iters/s

running (20m07.7s), 005/152 VUs, 723634 complete and 0 interrupted iterations
cap_refresh_token   [  67% ] 005/152 VUs  20m07.7s/30m0s  600.00 iters/s

running (20m08.7s), 004/152 VUs, 724235 complete and 0 interrupted iterations
cap_refresh_token   [  67% ] 004/152 VUs  20m08.7s/30m0s  600.00 iters/s

running (20m09.7s), 005/152 VUs, 724834 complete and 0 interrupted iterations
cap_refresh_token   [  67% ] 005/152 VUs  20m09.7s/30m0s  600.00 iters/s

running (20m10.7s), 005/152 VUs, 725434 complete and 0 interrupted iterations
cap_refresh_token   [  67% ] 005/152 VUs  20m10.7s/30m0s  600.00 iters/s

running (20m11.7s), 006/152 VUs, 726033 complete and 0 interrupted iterations
cap_refresh_token   [  67% ] 006/152 VUs  20m11.7s/30m0s  600.00 iters/s

running (20m12.7s), 006/152 VUs, 726634 complete and 0 interrupted iterations
cap_refresh_token   [  67% ] 006/152 VUs  20m12.7s/30m0s  600.00 iters/s

running (20m13.7s), 010/152 VUs, 727229 complete and 0 interrupted iterations
cap_refresh_token   [  67% ] 010/152 VUs  20m13.7s/30m0s  600.00 iters/s

running (20m14.7s), 017/152 VUs, 727822 complete and 0 interrupted iterations
cap_refresh_token   [  67% ] 017/152 VUs  20m14.7s/30m0s  600.00 iters/s

running (20m15.7s), 004/152 VUs, 728435 complete and 0 interrupted iterations
cap_refresh_token   [  68% ] 004/152 VUs  20m15.7s/30m0s  600.00 iters/s

running (20m16.7s), 006/152 VUs, 729033 complete and 0 interrupted iterations
cap_refresh_token   [  68% ] 007/152 VUs  20m16.7s/30m0s  600.00 iters/s

running (20m17.7s), 004/152 VUs, 729635 complete and 0 interrupted iterations
cap_refresh_token   [  68% ] 004/152 VUs  20m17.7s/30m0s  600.00 iters/s

running (20m18.7s), 004/152 VUs, 730235 complete and 0 interrupted iterations
cap_refresh_token   [  68% ] 004/152 VUs  20m18.7s/30m0s  600.00 iters/s

running (20m19.7s), 006/152 VUs, 730833 complete and 0 interrupted iterations
cap_refresh_token   [  68% ] 006/152 VUs  20m19.7s/30m0s  600.00 iters/s

running (20m20.7s), 007/152 VUs, 731432 complete and 0 interrupted iterations
cap_refresh_token   [  68% ] 007/152 VUs  20m20.7s/30m0s  600.00 iters/s

running (20m21.7s), 007/152 VUs, 732032 complete and 0 interrupted iterations
cap_refresh_token   [  68% ] 007/152 VUs  20m21.7s/30m0s  600.00 iters/s

running (20m22.7s), 004/152 VUs, 732635 complete and 0 interrupted iterations
cap_refresh_token   [  68% ] 004/152 VUs  20m22.7s/30m0s  600.00 iters/s

running (20m23.7s), 005/152 VUs, 733234 complete and 0 interrupted iterations
cap_refresh_token   [  68% ] 005/152 VUs  20m23.7s/30m0s  600.00 iters/s

running (20m24.7s), 004/152 VUs, 733835 complete and 0 interrupted iterations
cap_refresh_token   [  68% ] 004/152 VUs  20m24.7s/30m0s  600.00 iters/s

running (20m25.7s), 007/152 VUs, 734432 complete and 0 interrupted iterations
cap_refresh_token   [  68% ] 007/152 VUs  20m25.7s/30m0s  600.00 iters/s

running (20m26.7s), 008/152 VUs, 735031 complete and 0 interrupted iterations
cap_refresh_token   [  68% ] 008/152 VUs  20m26.7s/30m0s  600.00 iters/s

running (20m27.7s), 004/152 VUs, 735635 complete and 0 interrupted iterations
cap_refresh_token   [  68% ] 004/152 VUs  20m27.7s/30m0s  600.00 iters/s

running (20m28.7s), 009/152 VUs, 736230 complete and 0 interrupted iterations
cap_refresh_token   [  68% ] 009/152 VUs  20m28.7s/30m0s  600.00 iters/s

running (20m29.7s), 007/152 VUs, 736832 complete and 0 interrupted iterations
cap_refresh_token   [  68% ] 007/152 VUs  20m29.7s/30m0s  600.00 iters/s

running (20m30.7s), 004/152 VUs, 737435 complete and 0 interrupted iterations
cap_refresh_token   [  68% ] 004/152 VUs  20m30.7s/30m0s  600.00 iters/s

running (20m31.7s), 004/152 VUs, 738035 complete and 0 interrupted iterations
cap_refresh_token   [  68% ] 004/152 VUs  20m31.7s/30m0s  600.00 iters/s

running (20m32.7s), 005/152 VUs, 738634 complete and 0 interrupted iterations
cap_refresh_token   [  68% ] 005/152 VUs  20m32.7s/30m0s  600.00 iters/s

running (20m33.7s), 004/152 VUs, 739235 complete and 0 interrupted iterations
cap_refresh_token   [  69% ] 004/152 VUs  20m33.7s/30m0s  600.00 iters/s

running (20m34.7s), 005/152 VUs, 739834 complete and 0 interrupted iterations
cap_refresh_token   [  69% ] 005/152 VUs  20m34.7s/30m0s  600.00 iters/s

running (20m35.7s), 004/152 VUs, 740436 complete and 0 interrupted iterations
cap_refresh_token   [  69% ] 004/152 VUs  20m35.7s/30m0s  600.00 iters/s

running (20m36.7s), 005/152 VUs, 741034 complete and 0 interrupted iterations
cap_refresh_token   [  69% ] 005/152 VUs  20m36.7s/30m0s  600.00 iters/s

running (20m37.7s), 006/152 VUs, 741633 complete and 0 interrupted iterations
cap_refresh_token   [  69% ] 006/152 VUs  20m37.7s/30m0s  600.00 iters/s

running (20m38.7s), 005/152 VUs, 742234 complete and 0 interrupted iterations
cap_refresh_token   [  69% ] 005/152 VUs  20m38.7s/30m0s  600.00 iters/s

running (20m39.7s), 005/152 VUs, 742834 complete and 0 interrupted iterations
cap_refresh_token   [  69% ] 005/152 VUs  20m39.7s/30m0s  600.00 iters/s

running (20m40.7s), 006/152 VUs, 743434 complete and 0 interrupted iterations
cap_refresh_token   [  69% ] 006/152 VUs  20m40.7s/30m0s  600.00 iters/s

running (20m41.7s), 005/152 VUs, 744034 complete and 0 interrupted iterations
cap_refresh_token   [  69% ] 005/152 VUs  20m41.7s/30m0s  600.00 iters/s

running (20m42.7s), 004/152 VUs, 744635 complete and 0 interrupted iterations
cap_refresh_token   [  69% ] 004/152 VUs  20m42.7s/30m0s  600.00 iters/s

running (20m43.7s), 005/152 VUs, 745234 complete and 0 interrupted iterations
cap_refresh_token   [  69% ] 005/152 VUs  20m43.7s/30m0s  600.00 iters/s

running (20m44.7s), 005/152 VUs, 745834 complete and 0 interrupted iterations
cap_refresh_token   [  69% ] 005/152 VUs  20m44.7s/30m0s  600.00 iters/s

running (20m45.7s), 029/152 VUs, 746410 complete and 0 interrupted iterations
cap_refresh_token   [  69% ] 029/152 VUs  20m45.7s/30m0s  600.00 iters/s

running (20m46.7s), 005/152 VUs, 747034 complete and 0 interrupted iterations
cap_refresh_token   [  69% ] 005/152 VUs  20m46.7s/30m0s  600.00 iters/s

running (20m47.7s), 005/152 VUs, 747634 complete and 0 interrupted iterations
cap_refresh_token   [  69% ] 005/152 VUs  20m47.7s/30m0s  600.00 iters/s

running (20m48.7s), 004/152 VUs, 748235 complete and 0 interrupted iterations
cap_refresh_token   [  69% ] 004/152 VUs  20m48.7s/30m0s  600.00 iters/s

running (20m49.7s), 005/152 VUs, 748834 complete and 0 interrupted iterations
cap_refresh_token   [  69% ] 005/152 VUs  20m49.7s/30m0s  600.00 iters/s

running (20m50.7s), 006/152 VUs, 749433 complete and 0 interrupted iterations
cap_refresh_token   [  69% ] 006/152 VUs  20m50.7s/30m0s  600.00 iters/s

running (20m51.7s), 007/152 VUs, 750033 complete and 0 interrupted iterations
cap_refresh_token   [  70% ] 007/152 VUs  20m51.7s/30m0s  600.00 iters/s

running (20m52.7s), 005/152 VUs, 750635 complete and 0 interrupted iterations
cap_refresh_token   [  70% ] 005/152 VUs  20m52.7s/30m0s  600.00 iters/s

running (20m53.7s), 006/152 VUs, 751234 complete and 0 interrupted iterations
cap_refresh_token   [  70% ] 006/152 VUs  20m53.7s/30m0s  600.00 iters/s

running (20m54.7s), 004/152 VUs, 751835 complete and 0 interrupted iterations
cap_refresh_token   [  70% ] 004/152 VUs  20m54.7s/30m0s  600.00 iters/s

running (20m55.7s), 005/152 VUs, 752434 complete and 0 interrupted iterations
cap_refresh_token   [  70% ] 005/152 VUs  20m55.7s/30m0s  600.00 iters/s

running (20m56.7s), 006/152 VUs, 753033 complete and 0 interrupted iterations
cap_refresh_token   [  70% ] 006/152 VUs  20m56.7s/30m0s  600.00 iters/s

running (20m57.7s), 005/152 VUs, 753634 complete and 0 interrupted iterations
cap_refresh_token   [  70% ] 005/152 VUs  20m57.7s/30m0s  600.00 iters/s

running (20m58.7s), 006/152 VUs, 754233 complete and 0 interrupted iterations
cap_refresh_token   [  70% ] 006/152 VUs  20m58.7s/30m0s  600.00 iters/s

running (20m59.7s), 006/152 VUs, 754834 complete and 0 interrupted iterations
cap_refresh_token   [  70% ] 006/152 VUs  20m59.7s/30m0s  600.00 iters/s

running (21m00.7s), 005/152 VUs, 755435 complete and 0 interrupted iterations
cap_refresh_token   [  70% ] 005/152 VUs  21m00.7s/30m0s  600.00 iters/s

running (21m01.7s), 004/152 VUs, 756035 complete and 0 interrupted iterations
cap_refresh_token   [  70% ] 004/152 VUs  21m01.7s/30m0s  600.00 iters/s

running (21m02.7s), 006/152 VUs, 756633 complete and 0 interrupted iterations
cap_refresh_token   [  70% ] 006/152 VUs  21m02.7s/30m0s  600.00 iters/s

running (21m03.7s), 005/152 VUs, 757235 complete and 0 interrupted iterations
cap_refresh_token   [  70% ] 005/152 VUs  21m03.7s/30m0s  600.00 iters/s

running (21m04.7s), 005/152 VUs, 757835 complete and 0 interrupted iterations
cap_refresh_token   [  70% ] 005/152 VUs  21m04.7s/30m0s  600.00 iters/s

running (21m05.7s), 009/152 VUs, 758430 complete and 0 interrupted iterations
cap_refresh_token   [  70% ] 009/152 VUs  21m05.7s/30m0s  600.00 iters/s

running (21m06.7s), 005/152 VUs, 759034 complete and 0 interrupted iterations
cap_refresh_token   [  70% ] 006/152 VUs  21m06.7s/30m0s  600.00 iters/s

running (21m07.7s), 004/152 VUs, 759635 complete and 0 interrupted iterations
cap_refresh_token   [  70% ] 004/152 VUs  21m07.7s/30m0s  600.00 iters/s

running (21m08.7s), 003/152 VUs, 760236 complete and 0 interrupted iterations
cap_refresh_token   [  70% ] 003/152 VUs  21m08.7s/30m0s  600.00 iters/s

running (21m09.7s), 004/152 VUs, 760835 complete and 0 interrupted iterations
cap_refresh_token   [  71% ] 004/152 VUs  21m09.7s/30m0s  600.00 iters/s

running (21m10.7s), 007/152 VUs, 761432 complete and 0 interrupted iterations
cap_refresh_token   [  71% ] 007/152 VUs  21m10.7s/30m0s  600.00 iters/s

running (21m11.7s), 005/152 VUs, 762034 complete and 0 interrupted iterations
cap_refresh_token   [  71% ] 005/152 VUs  21m11.7s/30m0s  600.00 iters/s

running (21m12.7s), 004/152 VUs, 762635 complete and 0 interrupted iterations
cap_refresh_token   [  71% ] 004/152 VUs  21m12.7s/30m0s  600.00 iters/s

running (21m13.7s), 005/152 VUs, 763234 complete and 0 interrupted iterations
cap_refresh_token   [  71% ] 005/152 VUs  21m13.7s/30m0s  600.00 iters/s

running (21m14.7s), 040/152 VUs, 763800 complete and 0 interrupted iterations
cap_refresh_token   [  71% ] 040/152 VUs  21m14.7s/30m0s  600.00 iters/s

running (21m15.7s), 004/152 VUs, 764435 complete and 0 interrupted iterations
cap_refresh_token   [  71% ] 004/152 VUs  21m15.7s/30m0s  600.00 iters/s

running (21m16.7s), 005/152 VUs, 765034 complete and 0 interrupted iterations
cap_refresh_token   [  71% ] 005/152 VUs  21m16.7s/30m0s  600.00 iters/s

running (21m17.7s), 007/152 VUs, 765633 complete and 0 interrupted iterations
cap_refresh_token   [  71% ] 007/152 VUs  21m17.7s/30m0s  600.00 iters/s

running (21m18.7s), 004/152 VUs, 766235 complete and 0 interrupted iterations
cap_refresh_token   [  71% ] 004/152 VUs  21m18.7s/30m0s  600.00 iters/s

running (21m19.7s), 005/152 VUs, 766834 complete and 0 interrupted iterations
cap_refresh_token   [  71% ] 005/152 VUs  21m19.7s/30m0s  600.00 iters/s

running (21m20.7s), 006/152 VUs, 767433 complete and 0 interrupted iterations
cap_refresh_token   [  71% ] 006/152 VUs  21m20.7s/30m0s  600.00 iters/s

running (21m21.7s), 004/152 VUs, 768035 complete and 0 interrupted iterations
cap_refresh_token   [  71% ] 004/152 VUs  21m21.7s/30m0s  600.00 iters/s

running (21m22.7s), 005/152 VUs, 768634 complete and 0 interrupted iterations
cap_refresh_token   [  71% ] 005/152 VUs  21m22.7s/30m0s  600.00 iters/s

running (21m23.7s), 004/152 VUs, 769235 complete and 0 interrupted iterations
cap_refresh_token   [  71% ] 004/152 VUs  21m23.7s/30m0s  600.00 iters/s

running (21m24.7s), 005/152 VUs, 769834 complete and 0 interrupted iterations
cap_refresh_token   [  71% ] 005/152 VUs  21m24.7s/30m0s  600.00 iters/s

running (21m25.7s), 004/152 VUs, 770435 complete and 0 interrupted iterations
cap_refresh_token   [  71% ] 004/152 VUs  21m25.7s/30m0s  600.00 iters/s

running (21m26.7s), 005/152 VUs, 771034 complete and 0 interrupted iterations
cap_refresh_token   [  71% ] 005/152 VUs  21m26.7s/30m0s  600.00 iters/s

running (21m27.7s), 004/152 VUs, 771635 complete and 0 interrupted iterations
cap_refresh_token   [  72% ] 003/152 VUs  21m27.7s/30m0s  600.00 iters/s

running (21m28.7s), 005/152 VUs, 772234 complete and 0 interrupted iterations
cap_refresh_token   [  72% ] 005/152 VUs  21m28.7s/30m0s  600.00 iters/s

running (21m29.7s), 005/152 VUs, 772835 complete and 0 interrupted iterations
cap_refresh_token   [  72% ] 005/152 VUs  21m29.7s/30m0s  600.00 iters/s

running (21m30.7s), 007/152 VUs, 773432 complete and 0 interrupted iterations
cap_refresh_token   [  72% ] 007/152 VUs  21m30.7s/30m0s  600.00 iters/s

running (21m31.7s), 005/152 VUs, 774034 complete and 0 interrupted iterations
cap_refresh_token   [  72% ] 005/152 VUs  21m31.7s/30m0s  600.00 iters/s

running (21m32.7s), 005/152 VUs, 774634 complete and 0 interrupted iterations
cap_refresh_token   [  72% ] 005/152 VUs  21m32.7s/30m0s  600.00 iters/s

running (21m33.7s), 007/152 VUs, 775232 complete and 0 interrupted iterations
cap_refresh_token   [  72% ] 007/152 VUs  21m33.7s/30m0s  600.00 iters/s

running (21m34.7s), 005/152 VUs, 775835 complete and 0 interrupted iterations
cap_refresh_token   [  72% ] 005/152 VUs  21m34.7s/30m0s  600.00 iters/s

running (21m35.7s), 004/152 VUs, 776435 complete and 0 interrupted iterations
cap_refresh_token   [  72% ] 004/152 VUs  21m35.7s/30m0s  600.00 iters/s

running (21m36.7s), 005/152 VUs, 777034 complete and 0 interrupted iterations
cap_refresh_token   [  72% ] 005/152 VUs  21m36.7s/30m0s  600.00 iters/s

running (21m37.7s), 006/152 VUs, 777633 complete and 0 interrupted iterations
cap_refresh_token   [  72% ] 006/152 VUs  21m37.7s/30m0s  600.00 iters/s

running (21m38.7s), 005/152 VUs, 778234 complete and 0 interrupted iterations
cap_refresh_token   [  72% ] 005/152 VUs  21m38.7s/30m0s  600.00 iters/s

running (21m39.7s), 007/152 VUs, 778832 complete and 0 interrupted iterations
cap_refresh_token   [  72% ] 007/152 VUs  21m39.7s/30m0s  600.00 iters/s

running (21m40.7s), 004/152 VUs, 779435 complete and 0 interrupted iterations
cap_refresh_token   [  72% ] 004/152 VUs  21m40.7s/30m0s  600.00 iters/s

running (21m41.7s), 005/152 VUs, 780034 complete and 0 interrupted iterations
cap_refresh_token   [  72% ] 005/152 VUs  21m41.7s/30m0s  600.00 iters/s

running (21m42.7s), 004/152 VUs, 780635 complete and 0 interrupted iterations
cap_refresh_token   [  72% ] 004/152 VUs  21m42.7s/30m0s  600.00 iters/s

running (21m43.7s), 051/152 VUs, 781188 complete and 0 interrupted iterations
cap_refresh_token   [  72% ] 051/152 VUs  21m43.7s/30m0s  600.00 iters/s

running (21m44.7s), 006/152 VUs, 781834 complete and 0 interrupted iterations
cap_refresh_token   [  72% ] 006/152 VUs  21m44.7s/30m0s  600.00 iters/s

running (21m45.7s), 005/152 VUs, 782435 complete and 0 interrupted iterations
cap_refresh_token   [  73% ] 005/152 VUs  21m45.7s/30m0s  600.00 iters/s

running (21m46.7s), 005/152 VUs, 783034 complete and 0 interrupted iterations
cap_refresh_token   [  73% ] 006/152 VUs  21m46.7s/30m0s  600.00 iters/s

running (21m47.7s), 007/152 VUs, 783632 complete and 0 interrupted iterations
cap_refresh_token   [  73% ] 007/152 VUs  21m47.7s/30m0s  600.00 iters/s

running (21m48.7s), 005/152 VUs, 784234 complete and 0 interrupted iterations
cap_refresh_token   [  73% ] 005/152 VUs  21m48.7s/30m0s  600.00 iters/s

running (21m49.7s), 004/152 VUs, 784835 complete and 0 interrupted iterations
cap_refresh_token   [  73% ] 005/152 VUs  21m49.7s/30m0s  600.00 iters/s

running (21m50.7s), 006/152 VUs, 785433 complete and 0 interrupted iterations
cap_refresh_token   [  73% ] 006/152 VUs  21m50.7s/30m0s  600.00 iters/s

running (21m51.7s), 006/152 VUs, 786034 complete and 0 interrupted iterations
cap_refresh_token   [  73% ] 006/152 VUs  21m51.7s/30m0s  600.00 iters/s

running (21m52.7s), 005/152 VUs, 786634 complete and 0 interrupted iterations
cap_refresh_token   [  73% ] 005/152 VUs  21m52.7s/30m0s  600.00 iters/s

running (21m53.7s), 005/152 VUs, 787234 complete and 0 interrupted iterations
cap_refresh_token   [  73% ] 005/152 VUs  21m53.7s/30m0s  600.00 iters/s

running (21m54.7s), 005/152 VUs, 787834 complete and 0 interrupted iterations
cap_refresh_token   [  73% ] 005/152 VUs  21m54.7s/30m0s  600.00 iters/s

running (21m55.7s), 010/152 VUs, 788429 complete and 0 interrupted iterations
cap_refresh_token   [  73% ] 010/152 VUs  21m55.7s/30m0s  600.00 iters/s

running (21m56.7s), 009/152 VUs, 789031 complete and 0 interrupted iterations
cap_refresh_token   [  73% ] 009/152 VUs  21m56.7s/30m0s  600.00 iters/s

running (21m57.7s), 006/152 VUs, 789633 complete and 0 interrupted iterations
cap_refresh_token   [  73% ] 006/152 VUs  21m57.7s/30m0s  600.00 iters/s

running (21m58.7s), 040/152 VUs, 790199 complete and 0 interrupted iterations
cap_refresh_token   [  73% ] 040/152 VUs  21m58.7s/30m0s  600.00 iters/s

running (21m59.7s), 006/152 VUs, 790833 complete and 0 interrupted iterations
cap_refresh_token   [  73% ] 006/152 VUs  21m59.7s/30m0s  600.00 iters/s

running (22m00.7s), 016/152 VUs, 791424 complete and 0 interrupted iterations
cap_refresh_token   [  73% ] 016/152 VUs  22m00.7s/30m0s  600.00 iters/s

running (22m01.7s), 004/152 VUs, 792035 complete and 0 interrupted iterations
cap_refresh_token   [  73% ] 004/152 VUs  22m01.7s/30m0s  600.00 iters/s

running (22m02.7s), 005/152 VUs, 792634 complete and 0 interrupted iterations
cap_refresh_token   [  73% ] 005/152 VUs  22m02.7s/30m0s  600.00 iters/s

running (22m03.7s), 006/152 VUs, 793233 complete and 0 interrupted iterations
cap_refresh_token   [  74% ] 006/152 VUs  22m03.7s/30m0s  600.00 iters/s

running (22m04.7s), 006/152 VUs, 793833 complete and 0 interrupted iterations
cap_refresh_token   [  74% ] 006/152 VUs  22m04.7s/30m0s  600.00 iters/s

running (22m05.7s), 006/152 VUs, 794433 complete and 0 interrupted iterations
cap_refresh_token   [  74% ] 006/152 VUs  22m05.7s/30m0s  600.00 iters/s

running (22m06.7s), 007/152 VUs, 795033 complete and 0 interrupted iterations
cap_refresh_token   [  74% ] 007/152 VUs  22m06.7s/30m0s  600.00 iters/s

running (22m07.7s), 005/152 VUs, 795634 complete and 0 interrupted iterations
cap_refresh_token   [  74% ] 005/152 VUs  22m07.7s/30m0s  600.00 iters/s

running (22m08.7s), 005/152 VUs, 796234 complete and 0 interrupted iterations
cap_refresh_token   [  74% ] 005/152 VUs  22m08.7s/30m0s  600.00 iters/s

running (22m09.7s), 004/152 VUs, 796835 complete and 0 interrupted iterations
cap_refresh_token   [  74% ] 004/152 VUs  22m09.7s/30m0s  600.00 iters/s

running (22m10.7s), 004/152 VUs, 797435 complete and 0 interrupted iterations
cap_refresh_token   [  74% ] 004/152 VUs  22m10.7s/30m0s  600.00 iters/s

running (22m11.7s), 005/152 VUs, 798034 complete and 0 interrupted iterations
cap_refresh_token   [  74% ] 005/152 VUs  22m11.7s/30m0s  600.00 iters/s

running (22m12.7s), 059/152 VUs, 798580 complete and 0 interrupted iterations
cap_refresh_token   [  74% ] 059/152 VUs  22m12.7s/30m0s  600.00 iters/s

running (22m13.7s), 005/152 VUs, 799234 complete and 0 interrupted iterations
cap_refresh_token   [  74% ] 005/152 VUs  22m13.7s/30m0s  600.00 iters/s

running (22m14.7s), 006/152 VUs, 799833 complete and 0 interrupted iterations
cap_refresh_token   [  74% ] 006/152 VUs  22m14.7s/30m0s  600.00 iters/s

running (22m15.7s), 006/152 VUs, 800433 complete and 0 interrupted iterations
cap_refresh_token   [  74% ] 006/152 VUs  22m15.7s/30m0s  600.00 iters/s

running (22m16.7s), 005/152 VUs, 801034 complete and 0 interrupted iterations
cap_refresh_token   [  74% ] 005/152 VUs  22m16.7s/30m0s  600.00 iters/s

running (22m17.7s), 005/152 VUs, 801634 complete and 0 interrupted iterations
cap_refresh_token   [  74% ] 005/152 VUs  22m17.7s/30m0s  600.00 iters/s

running (22m18.7s), 005/152 VUs, 802235 complete and 0 interrupted iterations
cap_refresh_token   [  74% ] 005/152 VUs  22m18.7s/30m0s  600.00 iters/s

running (22m19.7s), 004/152 VUs, 802835 complete and 0 interrupted iterations
cap_refresh_token   [  74% ] 004/152 VUs  22m19.7s/30m0s  600.00 iters/s

running (22m20.7s), 005/152 VUs, 803435 complete and 0 interrupted iterations
cap_refresh_token   [  74% ] 005/152 VUs  22m20.7s/30m0s  600.00 iters/s

running (22m21.7s), 007/152 VUs, 804032 complete and 0 interrupted iterations
cap_refresh_token   [  75% ] 007/152 VUs  22m21.7s/30m0s  600.00 iters/s

running (22m22.7s), 004/152 VUs, 804635 complete and 0 interrupted iterations
cap_refresh_token   [  75% ] 004/152 VUs  22m22.7s/30m0s  600.00 iters/s

running (22m23.7s), 006/152 VUs, 805233 complete and 0 interrupted iterations
cap_refresh_token   [  75% ] 006/152 VUs  22m23.7s/30m0s  600.00 iters/s

running (22m24.7s), 004/152 VUs, 805835 complete and 0 interrupted iterations
cap_refresh_token   [  75% ] 004/152 VUs  22m24.7s/30m0s  600.00 iters/s

running (22m25.7s), 004/152 VUs, 806435 complete and 0 interrupted iterations
cap_refresh_token   [  75% ] 004/152 VUs  22m25.7s/30m0s  600.00 iters/s

running (22m26.7s), 006/152 VUs, 807034 complete and 0 interrupted iterations
cap_refresh_token   [  75% ] 006/152 VUs  22m26.7s/30m0s  600.00 iters/s

running (22m27.7s), 005/152 VUs, 807634 complete and 0 interrupted iterations
cap_refresh_token   [  75% ] 005/152 VUs  22m27.7s/30m0s  600.00 iters/s

running (22m28.7s), 005/152 VUs, 808235 complete and 0 interrupted iterations
cap_refresh_token   [  75% ] 005/152 VUs  22m28.7s/30m0s  600.00 iters/s

running (22m29.7s), 007/152 VUs, 808832 complete and 0 interrupted iterations
cap_refresh_token   [  75% ] 007/152 VUs  22m29.7s/30m0s  600.00 iters/s

running (22m30.7s), 005/152 VUs, 809434 complete and 0 interrupted iterations
cap_refresh_token   [  75% ] 005/152 VUs  22m30.7s/30m0s  600.00 iters/s

running (22m31.7s), 032/152 VUs, 810008 complete and 0 interrupted iterations
cap_refresh_token   [  75% ] 032/152 VUs  22m31.7s/30m0s  600.00 iters/s

running (22m32.7s), 006/152 VUs, 810634 complete and 0 interrupted iterations
cap_refresh_token   [  75% ] 006/152 VUs  22m32.7s/30m0s  600.00 iters/s

running (22m33.7s), 006/152 VUs, 811233 complete and 0 interrupted iterations
cap_refresh_token   [  75% ] 006/152 VUs  22m33.7s/30m0s  600.00 iters/s

running (22m34.7s), 005/152 VUs, 811835 complete and 0 interrupted iterations
cap_refresh_token   [  75% ] 005/152 VUs  22m34.7s/30m0s  600.00 iters/s

running (22m35.7s), 008/152 VUs, 812431 complete and 0 interrupted iterations
cap_refresh_token   [  75% ] 008/152 VUs  22m35.7s/30m0s  600.00 iters/s

running (22m36.7s), 005/152 VUs, 813035 complete and 0 interrupted iterations
cap_refresh_token   [  75% ] 005/152 VUs  22m36.7s/30m0s  600.00 iters/s

running (22m37.7s), 005/152 VUs, 813634 complete and 0 interrupted iterations
cap_refresh_token   [  75% ] 005/152 VUs  22m37.7s/30m0s  600.00 iters/s

running (22m38.7s), 007/152 VUs, 814232 complete and 0 interrupted iterations
cap_refresh_token   [  75% ] 007/152 VUs  22m38.7s/30m0s  600.00 iters/s

running (22m39.7s), 015/152 VUs, 814824 complete and 0 interrupted iterations
cap_refresh_token   [  76% ] 015/152 VUs  22m39.7s/30m0s  600.00 iters/s

running (22m40.7s), 005/152 VUs, 815434 complete and 0 interrupted iterations
cap_refresh_token   [  76% ] 005/152 VUs  22m40.7s/30m0s  600.00 iters/s

running (22m41.7s), 074/152 VUs, 815965 complete and 0 interrupted iterations
cap_refresh_token   [  76% ] 074/152 VUs  22m41.7s/30m0s  600.00 iters/s

running (22m42.7s), 006/152 VUs, 816634 complete and 0 interrupted iterations
cap_refresh_token   [  76% ] 006/152 VUs  22m42.7s/30m0s  600.00 iters/s

running (22m43.7s), 004/152 VUs, 817235 complete and 0 interrupted iterations
cap_refresh_token   [  76% ] 004/152 VUs  22m43.7s/30m0s  600.00 iters/s

running (22m44.7s), 006/152 VUs, 817833 complete and 0 interrupted iterations
cap_refresh_token   [  76% ] 006/152 VUs  22m44.7s/30m0s  600.00 iters/s

running (22m45.7s), 004/152 VUs, 818435 complete and 0 interrupted iterations
cap_refresh_token   [  76% ] 004/152 VUs  22m45.7s/30m0s  600.00 iters/s

running (22m46.7s), 006/152 VUs, 819033 complete and 0 interrupted iterations
cap_refresh_token   [  76% ] 006/152 VUs  22m46.7s/30m0s  600.00 iters/s

running (22m47.7s), 005/152 VUs, 819634 complete and 0 interrupted iterations
cap_refresh_token   [  76% ] 005/152 VUs  22m47.7s/30m0s  600.00 iters/s

running (22m48.7s), 005/152 VUs, 820234 complete and 0 interrupted iterations
cap_refresh_token   [  76% ] 005/152 VUs  22m48.7s/30m0s  600.00 iters/s

running (22m49.7s), 005/152 VUs, 820834 complete and 0 interrupted iterations
cap_refresh_token   [  76% ] 005/152 VUs  22m49.7s/30m0s  600.00 iters/s

running (22m50.7s), 005/152 VUs, 821434 complete and 0 interrupted iterations
cap_refresh_token   [  76% ] 005/152 VUs  22m50.7s/30m0s  600.00 iters/s

running (22m51.7s), 004/152 VUs, 822035 complete and 0 interrupted iterations
cap_refresh_token   [  76% ] 004/152 VUs  22m51.7s/30m0s  600.00 iters/s

running (22m52.7s), 009/152 VUs, 822630 complete and 0 interrupted iterations
cap_refresh_token   [  76% ] 009/152 VUs  22m52.7s/30m0s  600.00 iters/s

running (22m53.7s), 007/152 VUs, 823232 complete and 0 interrupted iterations
cap_refresh_token   [  76% ] 007/152 VUs  22m53.7s/30m0s  600.00 iters/s

running (22m54.7s), 005/152 VUs, 823834 complete and 0 interrupted iterations
cap_refresh_token   [  76% ] 005/152 VUs  22m54.7s/30m0s  600.00 iters/s

running (22m55.7s), 004/152 VUs, 824435 complete and 0 interrupted iterations
cap_refresh_token   [  76% ] 004/152 VUs  22m55.7s/30m0s  600.00 iters/s

running (22m56.7s), 006/152 VUs, 825033 complete and 0 interrupted iterations
cap_refresh_token   [  76% ] 006/152 VUs  22m56.7s/30m0s  600.00 iters/s

running (22m57.7s), 006/152 VUs, 825634 complete and 0 interrupted iterations
cap_refresh_token   [  77% ] 006/152 VUs  22m57.7s/30m0s  600.00 iters/s

running (22m58.7s), 009/152 VUs, 826231 complete and 0 interrupted iterations
cap_refresh_token   [  77% ] 009/152 VUs  22m58.7s/30m0s  600.00 iters/s

running (22m59.7s), 007/152 VUs, 826832 complete and 0 interrupted iterations
cap_refresh_token   [  77% ] 007/152 VUs  22m59.7s/30m0s  600.00 iters/s

running (23m00.7s), 010/152 VUs, 827429 complete and 0 interrupted iterations
cap_refresh_token   [  77% ] 010/152 VUs  23m00.7s/30m0s  600.00 iters/s

running (23m01.7s), 010/152 VUs, 828029 complete and 0 interrupted iterations
cap_refresh_token   [  77% ] 010/152 VUs  23m01.7s/30m0s  600.00 iters/s

running (23m02.7s), 004/152 VUs, 828635 complete and 0 interrupted iterations
cap_refresh_token   [  77% ] 004/152 VUs  23m02.7s/30m0s  600.00 iters/s

running (23m03.7s), 005/152 VUs, 829234 complete and 0 interrupted iterations
cap_refresh_token   [  77% ] 005/152 VUs  23m03.7s/30m0s  600.00 iters/s

running (23m04.7s), 006/152 VUs, 829834 complete and 0 interrupted iterations
cap_refresh_token   [  77% ] 006/152 VUs  23m04.7s/30m0s  600.00 iters/s

running (23m05.7s), 005/152 VUs, 830434 complete and 0 interrupted iterations
cap_refresh_token   [  77% ] 005/152 VUs  23m05.7s/30m0s  600.00 iters/s

running (23m06.7s), 005/152 VUs, 831034 complete and 0 interrupted iterations
cap_refresh_token   [  77% ] 005/152 VUs  23m06.7s/30m0s  600.00 iters/s

running (23m07.7s), 004/152 VUs, 831635 complete and 0 interrupted iterations
cap_refresh_token   [  77% ] 004/152 VUs  23m07.7s/30m0s  600.00 iters/s

running (23m08.7s), 005/152 VUs, 832235 complete and 0 interrupted iterations
cap_refresh_token   [  77% ] 005/152 VUs  23m08.7s/30m0s  600.00 iters/s

running (23m09.7s), 007/152 VUs, 832832 complete and 0 interrupted iterations
cap_refresh_token   [  77% ] 007/152 VUs  23m09.7s/30m0s  600.00 iters/s

running (23m10.7s), 008/152 VUs, 833433 complete and 0 interrupted iterations
cap_refresh_token   [  77% ] 008/152 VUs  23m10.7s/30m0s  600.00 iters/s

running (23m11.7s), 004/152 VUs, 834035 complete and 0 interrupted iterations
cap_refresh_token   [  77% ] 004/152 VUs  23m11.7s/30m0s  600.00 iters/s

running (23m12.7s), 007/152 VUs, 834632 complete and 0 interrupted iterations
cap_refresh_token   [  77% ] 007/152 VUs  23m12.7s/30m0s  600.00 iters/s

running (23m13.7s), 006/152 VUs, 835233 complete and 0 interrupted iterations
cap_refresh_token   [  77% ] 006/152 VUs  23m13.7s/30m0s  600.00 iters/s

running (23m14.7s), 004/152 VUs, 835835 complete and 0 interrupted iterations
cap_refresh_token   [  77% ] 004/152 VUs  23m14.7s/30m0s  600.00 iters/s

running (23m15.7s), 005/152 VUs, 836434 complete and 0 interrupted iterations
cap_refresh_token   [  78% ] 005/152 VUs  23m15.7s/30m0s  600.00 iters/s

running (23m16.7s), 006/152 VUs, 837034 complete and 0 interrupted iterations
cap_refresh_token   [  78% ] 006/152 VUs  23m16.7s/30m0s  600.00 iters/s

running (23m17.7s), 007/152 VUs, 837632 complete and 0 interrupted iterations
cap_refresh_token   [  78% ] 007/152 VUs  23m17.7s/30m0s  600.00 iters/s

running (23m18.7s), 006/152 VUs, 838234 complete and 0 interrupted iterations
cap_refresh_token   [  78% ] 006/152 VUs  23m18.7s/30m0s  600.00 iters/s

running (23m19.7s), 006/152 VUs, 838833 complete and 0 interrupted iterations
cap_refresh_token   [  78% ] 006/152 VUs  23m19.7s/30m0s  600.00 iters/s

running (23m20.7s), 005/152 VUs, 839434 complete and 0 interrupted iterations
cap_refresh_token   [  78% ] 005/152 VUs  23m20.7s/30m0s  600.00 iters/s

running (23m21.7s), 004/152 VUs, 840035 complete and 0 interrupted iterations
cap_refresh_token   [  78% ] 004/152 VUs  23m21.7s/30m0s  600.00 iters/s

running (23m22.7s), 004/152 VUs, 840635 complete and 0 interrupted iterations
cap_refresh_token   [  78% ] 004/152 VUs  23m22.7s/30m0s  600.00 iters/s

running (23m23.7s), 004/152 VUs, 841236 complete and 0 interrupted iterations
cap_refresh_token   [  78% ] 004/152 VUs  23m23.7s/30m0s  600.00 iters/s

running (23m24.7s), 005/152 VUs, 841834 complete and 0 interrupted iterations
cap_refresh_token   [  78% ] 005/152 VUs  23m24.7s/30m0s  600.00 iters/s

running (23m25.7s), 005/152 VUs, 842434 complete and 0 interrupted iterations
cap_refresh_token   [  78% ] 005/152 VUs  23m25.7s/30m0s  600.00 iters/s

running (23m26.7s), 004/152 VUs, 843035 complete and 0 interrupted iterations
cap_refresh_token   [  78% ] 004/152 VUs  23m26.7s/30m0s  600.00 iters/s

running (23m27.7s), 005/152 VUs, 843634 complete and 0 interrupted iterations
cap_refresh_token   [  78% ] 005/152 VUs  23m27.7s/30m0s  600.00 iters/s

running (23m28.7s), 007/152 VUs, 844232 complete and 0 interrupted iterations
cap_refresh_token   [  78% ] 007/152 VUs  23m28.7s/30m0s  600.00 iters/s

running (23m29.7s), 004/152 VUs, 844835 complete and 0 interrupted iterations
cap_refresh_token   [  78% ] 004/152 VUs  23m29.7s/30m0s  600.00 iters/s

running (23m30.7s), 005/152 VUs, 845435 complete and 0 interrupted iterations
cap_refresh_token   [  78% ] 005/152 VUs  23m30.7s/30m0s  600.00 iters/s

running (23m31.7s), 005/152 VUs, 846035 complete and 0 interrupted iterations
cap_refresh_token   [  78% ] 005/152 VUs  23m31.7s/30m0s  600.00 iters/s

running (23m32.7s), 004/152 VUs, 846636 complete and 0 interrupted iterations
cap_refresh_token   [  78% ] 004/152 VUs  23m32.7s/30m0s  600.00 iters/s

running (23m33.7s), 005/152 VUs, 847234 complete and 0 interrupted iterations
cap_refresh_token   [  79% ] 005/152 VUs  23m33.7s/30m0s  600.00 iters/s

running (23m34.7s), 007/152 VUs, 847833 complete and 0 interrupted iterations
cap_refresh_token   [  79% ] 007/152 VUs  23m34.7s/30m0s  600.00 iters/s

running (23m35.7s), 004/152 VUs, 848435 complete and 0 interrupted iterations
cap_refresh_token   [  79% ] 004/152 VUs  23m35.7s/30m0s  600.00 iters/s

running (23m36.7s), 006/152 VUs, 849033 complete and 0 interrupted iterations
cap_refresh_token   [  79% ] 006/152 VUs  23m36.7s/30m0s  600.00 iters/s

running (23m37.7s), 004/152 VUs, 849635 complete and 0 interrupted iterations
cap_refresh_token   [  79% ] 004/152 VUs  23m37.7s/30m0s  600.00 iters/s

running (23m38.7s), 006/152 VUs, 850234 complete and 0 interrupted iterations
cap_refresh_token   [  79% ] 006/152 VUs  23m38.7s/30m0s  600.00 iters/s

running (23m39.7s), 027/152 VUs, 850812 complete and 0 interrupted iterations
cap_refresh_token   [  79% ] 027/152 VUs  23m39.7s/30m0s  600.00 iters/s

running (23m40.7s), 005/152 VUs, 851434 complete and 0 interrupted iterations
cap_refresh_token   [  79% ] 005/152 VUs  23m40.7s/30m0s  600.00 iters/s

running (23m41.7s), 004/152 VUs, 852035 complete and 0 interrupted iterations
cap_refresh_token   [  79% ] 004/152 VUs  23m41.7s/30m0s  600.00 iters/s

running (23m42.7s), 006/152 VUs, 852633 complete and 0 interrupted iterations
cap_refresh_token   [  79% ] 006/152 VUs  23m42.7s/30m0s  600.00 iters/s

running (23m43.7s), 009/152 VUs, 853231 complete and 0 interrupted iterations
cap_refresh_token   [  79% ] 009/152 VUs  23m43.7s/30m0s  600.00 iters/s

running (23m44.7s), 008/152 VUs, 853831 complete and 0 interrupted iterations
cap_refresh_token   [  79% ] 008/152 VUs  23m44.7s/30m0s  600.00 iters/s

running (23m45.7s), 010/152 VUs, 854429 complete and 0 interrupted iterations
cap_refresh_token   [  79% ] 010/152 VUs  23m45.7s/30m0s  600.00 iters/s

running (23m46.7s), 004/152 VUs, 855035 complete and 0 interrupted iterations
cap_refresh_token   [  79% ] 004/152 VUs  23m46.7s/30m0s  600.00 iters/s

running (23m47.7s), 006/152 VUs, 855633 complete and 0 interrupted iterations
cap_refresh_token   [  79% ] 006/152 VUs  23m47.7s/30m0s  600.00 iters/s

running (23m48.7s), 005/152 VUs, 856235 complete and 0 interrupted iterations
cap_refresh_token   [  79% ] 005/152 VUs  23m48.7s/30m0s  600.00 iters/s

running (23m49.7s), 005/152 VUs, 856834 complete and 0 interrupted iterations
cap_refresh_token   [  79% ] 005/152 VUs  23m49.7s/30m0s  600.00 iters/s

running (23m50.7s), 005/152 VUs, 857434 complete and 0 interrupted iterations
cap_refresh_token   [  79% ] 005/152 VUs  23m50.7s/30m0s  600.00 iters/s

running (23m51.7s), 009/152 VUs, 858031 complete and 0 interrupted iterations
cap_refresh_token   [  80% ] 009/152 VUs  23m51.7s/30m0s  600.00 iters/s

running (23m52.7s), 005/152 VUs, 858634 complete and 0 interrupted iterations
cap_refresh_token   [  80% ] 005/152 VUs  23m52.7s/30m0s  600.00 iters/s

running (23m53.7s), 007/152 VUs, 859233 complete and 0 interrupted iterations
cap_refresh_token   [  80% ] 007/152 VUs  23m53.7s/30m0s  600.00 iters/s

running (23m54.7s), 003/152 VUs, 859836 complete and 0 interrupted iterations
cap_refresh_token   [  80% ] 004/152 VUs  23m54.7s/30m0s  600.00 iters/s

running (23m55.7s), 006/152 VUs, 860434 complete and 0 interrupted iterations
cap_refresh_token   [  80% ] 006/152 VUs  23m55.7s/30m0s  600.00 iters/s

running (23m56.7s), 005/152 VUs, 861034 complete and 0 interrupted iterations
cap_refresh_token   [  80% ] 005/152 VUs  23m56.7s/30m0s  600.00 iters/s

running (23m57.7s), 004/152 VUs, 861635 complete and 0 interrupted iterations
cap_refresh_token   [  80% ] 004/152 VUs  23m57.7s/30m0s  600.00 iters/s

running (23m58.7s), 008/152 VUs, 862231 complete and 0 interrupted iterations
cap_refresh_token   [  80% ] 008/152 VUs  23m58.7s/30m0s  600.00 iters/s

running (23m59.7s), 008/152 VUs, 862832 complete and 0 interrupted iterations
cap_refresh_token   [  80% ] 008/152 VUs  23m59.7s/30m0s  600.00 iters/s

running (24m00.7s), 004/152 VUs, 863436 complete and 0 interrupted iterations
cap_refresh_token   [  80% ] 004/152 VUs  24m00.7s/30m0s  600.00 iters/s

running (24m01.7s), 008/152 VUs, 864031 complete and 0 interrupted iterations
cap_refresh_token   [  80% ] 008/152 VUs  24m01.7s/30m0s  600.00 iters/s

running (24m02.7s), 005/152 VUs, 864634 complete and 0 interrupted iterations
cap_refresh_token   [  80% ] 005/152 VUs  24m02.7s/30m0s  600.00 iters/s

running (24m03.7s), 005/152 VUs, 865235 complete and 0 interrupted iterations
cap_refresh_token   [  80% ] 005/152 VUs  24m03.7s/30m0s  600.00 iters/s

running (24m04.7s), 004/152 VUs, 865835 complete and 0 interrupted iterations
cap_refresh_token   [  80% ] 005/152 VUs  24m04.7s/30m0s  600.00 iters/s

running (24m05.7s), 022/152 VUs, 866417 complete and 0 interrupted iterations
cap_refresh_token   [  80% ] 022/152 VUs  24m05.7s/30m0s  600.00 iters/s

running (24m06.7s), 004/152 VUs, 867035 complete and 0 interrupted iterations
cap_refresh_token   [  80% ] 004/152 VUs  24m06.7s/30m0s  600.00 iters/s

running (24m07.7s), 004/152 VUs, 867635 complete and 0 interrupted iterations
cap_refresh_token   [  80% ] 004/152 VUs  24m07.7s/30m0s  600.00 iters/s

running (24m08.7s), 042/152 VUs, 868197 complete and 0 interrupted iterations
cap_refresh_token   [  80% ] 042/152 VUs  24m08.7s/30m0s  600.00 iters/s

running (24m09.7s), 004/152 VUs, 868836 complete and 0 interrupted iterations
cap_refresh_token   [  81% ] 004/152 VUs  24m09.7s/30m0s  600.00 iters/s

running (24m10.7s), 006/152 VUs, 869433 complete and 0 interrupted iterations
cap_refresh_token   [  81% ] 006/152 VUs  24m10.7s/30m0s  600.00 iters/s

running (24m11.7s), 007/152 VUs, 870032 complete and 0 interrupted iterations
cap_refresh_token   [  81% ] 007/152 VUs  24m11.7s/30m0s  600.00 iters/s

running (24m12.7s), 006/152 VUs, 870633 complete and 0 interrupted iterations
cap_refresh_token   [  81% ] 006/152 VUs  24m12.7s/30m0s  600.00 iters/s

running (24m13.7s), 007/152 VUs, 871233 complete and 0 interrupted iterations
cap_refresh_token   [  81% ] 007/152 VUs  24m13.7s/30m0s  600.00 iters/s

running (24m14.7s), 004/152 VUs, 871835 complete and 0 interrupted iterations
cap_refresh_token   [  81% ] 004/152 VUs  24m14.7s/30m0s  600.00 iters/s

running (24m15.7s), 004/152 VUs, 872435 complete and 0 interrupted iterations
cap_refresh_token   [  81% ] 004/152 VUs  24m15.7s/30m0s  600.00 iters/s

running (24m16.7s), 004/152 VUs, 873036 complete and 0 interrupted iterations
cap_refresh_token   [  81% ] 004/152 VUs  24m16.7s/30m0s  600.00 iters/s

running (24m17.7s), 016/152 VUs, 873624 complete and 0 interrupted iterations
cap_refresh_token   [  81% ] 016/152 VUs  24m17.7s/30m0s  600.00 iters/s

running (24m18.7s), 004/152 VUs, 874235 complete and 0 interrupted iterations
cap_refresh_token   [  81% ] 004/152 VUs  24m18.7s/30m0s  600.00 iters/s

running (24m19.7s), 005/152 VUs, 874834 complete and 0 interrupted iterations
cap_refresh_token   [  81% ] 005/152 VUs  24m19.7s/30m0s  600.00 iters/s

running (24m20.7s), 006/152 VUs, 875433 complete and 0 interrupted iterations
cap_refresh_token   [  81% ] 006/152 VUs  24m20.7s/30m0s  600.00 iters/s

running (24m21.7s), 004/152 VUs, 876035 complete and 0 interrupted iterations
cap_refresh_token   [  81% ] 004/152 VUs  24m21.7s/30m0s  600.00 iters/s

running (24m22.7s), 004/152 VUs, 876635 complete and 0 interrupted iterations
cap_refresh_token   [  81% ] 004/152 VUs  24m22.7s/30m0s  600.00 iters/s

running (24m23.7s), 007/152 VUs, 877232 complete and 0 interrupted iterations
cap_refresh_token   [  81% ] 007/152 VUs  24m23.7s/30m0s  600.00 iters/s

running (24m24.7s), 009/152 VUs, 877830 complete and 0 interrupted iterations
cap_refresh_token   [  81% ] 009/152 VUs  24m24.7s/30m0s  600.00 iters/s

running (24m25.7s), 006/152 VUs, 878433 complete and 0 interrupted iterations
cap_refresh_token   [  81% ] 006/152 VUs  24m25.7s/30m0s  600.00 iters/s

running (24m26.7s), 009/152 VUs, 879030 complete and 0 interrupted iterations
cap_refresh_token   [  81% ] 009/152 VUs  24m26.7s/30m0s  600.00 iters/s

running (24m27.7s), 008/152 VUs, 879632 complete and 0 interrupted iterations
cap_refresh_token   [  82% ] 008/152 VUs  24m27.7s/30m0s  600.00 iters/s

running (24m28.7s), 006/152 VUs, 880233 complete and 0 interrupted iterations
cap_refresh_token   [  82% ] 006/152 VUs  24m28.7s/30m0s  600.00 iters/s

running (24m29.7s), 006/152 VUs, 880834 complete and 0 interrupted iterations
cap_refresh_token   [  82% ] 006/152 VUs  24m29.7s/30m0s  600.00 iters/s

running (24m30.7s), 007/152 VUs, 881432 complete and 0 interrupted iterations
cap_refresh_token   [  82% ] 008/152 VUs  24m30.7s/30m0s  600.00 iters/s

running (24m31.7s), 006/152 VUs, 882033 complete and 0 interrupted iterations
cap_refresh_token   [  82% ] 006/152 VUs  24m31.7s/30m0s  600.00 iters/s

running (24m32.7s), 011/152 VUs, 882628 complete and 0 interrupted iterations
cap_refresh_token   [  82% ] 011/152 VUs  24m32.7s/30m0s  600.00 iters/s

running (24m33.7s), 004/152 VUs, 883235 complete and 0 interrupted iterations
cap_refresh_token   [  82% ] 004/152 VUs  24m33.7s/30m0s  600.00 iters/s

running (24m34.7s), 005/152 VUs, 883834 complete and 0 interrupted iterations
cap_refresh_token   [  82% ] 005/152 VUs  24m34.7s/30m0s  600.00 iters/s

running (24m35.7s), 003/152 VUs, 884436 complete and 0 interrupted iterations
cap_refresh_token   [  82% ] 003/152 VUs  24m35.7s/30m0s  600.00 iters/s

running (24m36.7s), 005/152 VUs, 885034 complete and 0 interrupted iterations
cap_refresh_token   [  82% ] 005/152 VUs  24m36.7s/30m0s  600.00 iters/s

running (24m37.7s), 005/152 VUs, 885634 complete and 0 interrupted iterations
cap_refresh_token   [  82% ] 005/152 VUs  24m37.7s/30m0s  600.00 iters/s

running (24m38.7s), 004/152 VUs, 886235 complete and 0 interrupted iterations
cap_refresh_token   [  82% ] 004/152 VUs  24m38.7s/30m0s  600.00 iters/s

running (24m39.7s), 004/152 VUs, 886835 complete and 0 interrupted iterations
cap_refresh_token   [  82% ] 004/152 VUs  24m39.7s/30m0s  600.00 iters/s

running (24m40.7s), 003/152 VUs, 887436 complete and 0 interrupted iterations
cap_refresh_token   [  82% ] 003/152 VUs  24m40.7s/30m0s  600.00 iters/s

running (24m41.7s), 004/152 VUs, 888035 complete and 0 interrupted iterations
cap_refresh_token   [  82% ] 004/152 VUs  24m41.7s/30m0s  600.00 iters/s

running (24m42.7s), 005/152 VUs, 888635 complete and 0 interrupted iterations
cap_refresh_token   [  82% ] 005/152 VUs  24m42.7s/30m0s  600.00 iters/s

running (24m43.7s), 005/152 VUs, 889234 complete and 0 interrupted iterations
cap_refresh_token   [  82% ] 005/152 VUs  24m43.7s/30m0s  600.00 iters/s

running (24m44.7s), 005/152 VUs, 889834 complete and 0 interrupted iterations
cap_refresh_token   [  82% ] 005/152 VUs  24m44.7s/30m0s  600.00 iters/s

running (24m45.7s), 004/152 VUs, 890435 complete and 0 interrupted iterations
cap_refresh_token   [  83% ] 004/152 VUs  24m45.7s/30m0s  600.00 iters/s

running (24m46.7s), 006/152 VUs, 891033 complete and 0 interrupted iterations
cap_refresh_token   [  83% ] 006/152 VUs  24m46.7s/30m0s  600.00 iters/s

running (24m47.7s), 004/152 VUs, 891636 complete and 0 interrupted iterations
cap_refresh_token   [  83% ] 004/152 VUs  24m47.7s/30m0s  600.00 iters/s

running (24m48.7s), 004/152 VUs, 892235 complete and 0 interrupted iterations
cap_refresh_token   [  83% ] 004/152 VUs  24m48.7s/30m0s  600.00 iters/s

running (24m49.7s), 005/152 VUs, 892834 complete and 0 interrupted iterations
cap_refresh_token   [  83% ] 005/152 VUs  24m49.7s/30m0s  600.00 iters/s

running (24m50.7s), 007/152 VUs, 893433 complete and 0 interrupted iterations
cap_refresh_token   [  83% ] 007/152 VUs  24m50.7s/30m0s  600.00 iters/s

running (24m51.7s), 004/152 VUs, 894035 complete and 0 interrupted iterations
cap_refresh_token   [  83% ] 004/152 VUs  24m51.7s/30m0s  600.00 iters/s

running (24m52.7s), 005/152 VUs, 894634 complete and 0 interrupted iterations
cap_refresh_token   [  83% ] 005/152 VUs  24m52.7s/30m0s  600.00 iters/s

running (24m53.7s), 007/152 VUs, 895233 complete and 0 interrupted iterations
cap_refresh_token   [  83% ] 007/152 VUs  24m53.7s/30m0s  600.00 iters/s

running (24m54.7s), 008/152 VUs, 895831 complete and 0 interrupted iterations
cap_refresh_token   [  83% ] 008/152 VUs  24m54.7s/30m0s  600.00 iters/s

running (24m55.7s), 005/152 VUs, 896435 complete and 0 interrupted iterations
cap_refresh_token   [  83% ] 005/152 VUs  24m55.7s/30m0s  600.00 iters/s

running (24m56.7s), 004/152 VUs, 897035 complete and 0 interrupted iterations
cap_refresh_token   [  83% ] 004/152 VUs  24m56.7s/30m0s  600.00 iters/s

running (24m57.7s), 005/152 VUs, 897634 complete and 0 interrupted iterations
cap_refresh_token   [  83% ] 005/152 VUs  24m57.7s/30m0s  600.00 iters/s

running (24m58.7s), 007/152 VUs, 898232 complete and 0 interrupted iterations
cap_refresh_token   [  83% ] 007/152 VUs  24m58.7s/30m0s  600.00 iters/s

running (24m59.7s), 004/152 VUs, 898835 complete and 0 interrupted iterations
cap_refresh_token   [  83% ] 004/152 VUs  24m59.7s/30m0s  600.00 iters/s

running (25m00.7s), 004/152 VUs, 899435 complete and 0 interrupted iterations
cap_refresh_token   [  83% ] 004/152 VUs  25m00.7s/30m0s  600.00 iters/s

running (25m01.7s), 004/152 VUs, 900036 complete and 0 interrupted iterations
cap_refresh_token   [  83% ] 004/152 VUs  25m01.7s/30m0s  600.00 iters/s

running (25m02.7s), 005/152 VUs, 900635 complete and 0 interrupted iterations
cap_refresh_token   [  83% ] 005/152 VUs  25m02.7s/30m0s  600.00 iters/s

running (25m03.7s), 004/152 VUs, 901235 complete and 0 interrupted iterations
cap_refresh_token   [  84% ] 004/152 VUs  25m03.7s/30m0s  600.00 iters/s

running (25m04.7s), 004/152 VUs, 901835 complete and 0 interrupted iterations
cap_refresh_token   [  84% ] 004/152 VUs  25m04.7s/30m0s  600.00 iters/s

running (25m05.7s), 032/152 VUs, 902407 complete and 0 interrupted iterations
cap_refresh_token   [  84% ] 032/152 VUs  25m05.7s/30m0s  600.00 iters/s

running (25m06.7s), 005/152 VUs, 903034 complete and 0 interrupted iterations
cap_refresh_token   [  84% ] 005/152 VUs  25m06.7s/30m0s  600.00 iters/s

running (25m07.7s), 007/152 VUs, 903632 complete and 0 interrupted iterations
cap_refresh_token   [  84% ] 007/152 VUs  25m07.7s/30m0s  600.00 iters/s

running (25m08.7s), 004/152 VUs, 904235 complete and 0 interrupted iterations
cap_refresh_token   [  84% ] 004/152 VUs  25m08.7s/30m0s  600.00 iters/s

running (25m09.7s), 003/152 VUs, 904836 complete and 0 interrupted iterations
cap_refresh_token   [  84% ] 003/152 VUs  25m09.7s/30m0s  600.00 iters/s

running (25m10.7s), 014/152 VUs, 905426 complete and 0 interrupted iterations
cap_refresh_token   [  84% ] 014/152 VUs  25m10.7s/30m0s  600.00 iters/s

running (25m11.7s), 008/152 VUs, 906031 complete and 0 interrupted iterations
cap_refresh_token   [  84% ] 008/152 VUs  25m11.7s/30m0s  600.00 iters/s

running (25m12.7s), 006/152 VUs, 906634 complete and 0 interrupted iterations
cap_refresh_token   [  84% ] 006/152 VUs  25m12.7s/30m0s  600.00 iters/s

running (25m13.7s), 004/152 VUs, 907235 complete and 0 interrupted iterations
cap_refresh_token   [  84% ] 004/152 VUs  25m13.7s/30m0s  600.00 iters/s

running (25m14.7s), 006/152 VUs, 907833 complete and 0 interrupted iterations
cap_refresh_token   [  84% ] 006/152 VUs  25m14.7s/30m0s  600.00 iters/s

running (25m15.7s), 004/152 VUs, 908435 complete and 0 interrupted iterations
cap_refresh_token   [  84% ] 004/152 VUs  25m15.7s/30m0s  600.00 iters/s

running (25m16.7s), 005/152 VUs, 909034 complete and 0 interrupted iterations
cap_refresh_token   [  84% ] 005/152 VUs  25m16.7s/30m0s  600.00 iters/s

running (25m17.7s), 005/152 VUs, 909635 complete and 0 interrupted iterations
cap_refresh_token   [  84% ] 005/152 VUs  25m17.7s/30m0s  600.00 iters/s

running (25m18.7s), 005/152 VUs, 910234 complete and 0 interrupted iterations
cap_refresh_token   [  84% ] 005/152 VUs  25m18.7s/30m0s  600.00 iters/s

running (25m19.7s), 005/152 VUs, 910834 complete and 0 interrupted iterations
cap_refresh_token   [  84% ] 005/152 VUs  25m19.7s/30m0s  600.00 iters/s

running (25m20.7s), 004/152 VUs, 911435 complete and 0 interrupted iterations
cap_refresh_token   [  84% ] 004/152 VUs  25m20.7s/30m0s  600.00 iters/s

running (25m21.7s), 005/152 VUs, 912034 complete and 0 interrupted iterations
cap_refresh_token   [  85% ] 005/152 VUs  25m21.7s/30m0s  600.00 iters/s

running (25m22.7s), 005/152 VUs, 912634 complete and 0 interrupted iterations
cap_refresh_token   [  85% ] 005/152 VUs  25m22.7s/30m0s  600.00 iters/s

running (25m23.7s), 005/152 VUs, 913234 complete and 0 interrupted iterations
cap_refresh_token   [  85% ] 005/152 VUs  25m23.7s/30m0s  600.00 iters/s

running (25m24.7s), 004/152 VUs, 913835 complete and 0 interrupted iterations
cap_refresh_token   [  85% ] 004/152 VUs  25m24.7s/30m0s  600.00 iters/s

running (25m25.7s), 005/152 VUs, 914435 complete and 0 interrupted iterations
cap_refresh_token   [  85% ] 005/152 VUs  25m25.7s/30m0s  600.00 iters/s

running (25m26.7s), 003/152 VUs, 915036 complete and 0 interrupted iterations
cap_refresh_token   [  85% ] 003/152 VUs  25m26.7s/30m0s  600.00 iters/s

running (25m27.7s), 007/152 VUs, 915633 complete and 0 interrupted iterations
cap_refresh_token   [  85% ] 007/152 VUs  25m27.7s/30m0s  600.00 iters/s

running (25m28.7s), 006/152 VUs, 916233 complete and 0 interrupted iterations
cap_refresh_token   [  85% ] 006/152 VUs  25m28.7s/30m0s  600.00 iters/s

running (25m29.7s), 007/152 VUs, 916833 complete and 0 interrupted iterations
cap_refresh_token   [  85% ] 007/152 VUs  25m29.7s/30m0s  600.00 iters/s

running (25m30.7s), 006/152 VUs, 917433 complete and 0 interrupted iterations
cap_refresh_token   [  85% ] 006/152 VUs  25m30.7s/30m0s  600.00 iters/s

running (25m31.7s), 004/152 VUs, 918035 complete and 0 interrupted iterations
cap_refresh_token   [  85% ] 004/152 VUs  25m31.7s/30m0s  600.00 iters/s

running (25m32.7s), 012/152 VUs, 918627 complete and 0 interrupted iterations
cap_refresh_token   [  85% ] 012/152 VUs  25m32.7s/30m0s  600.00 iters/s

running (25m33.7s), 006/152 VUs, 919234 complete and 0 interrupted iterations
cap_refresh_token   [  85% ] 006/152 VUs  25m33.7s/30m0s  600.00 iters/s

running (25m34.7s), 004/152 VUs, 919836 complete and 0 interrupted iterations
cap_refresh_token   [  85% ] 004/152 VUs  25m34.7s/30m0s  600.00 iters/s

running (25m35.7s), 006/152 VUs, 920434 complete and 0 interrupted iterations
cap_refresh_token   [  85% ] 006/152 VUs  25m35.7s/30m0s  600.00 iters/s

running (25m36.7s), 006/152 VUs, 921033 complete and 0 interrupted iterations
cap_refresh_token   [  85% ] 006/152 VUs  25m36.7s/30m0s  600.00 iters/s

running (25m37.7s), 005/152 VUs, 921634 complete and 0 interrupted iterations
cap_refresh_token   [  85% ] 005/152 VUs  25m37.7s/30m0s  600.00 iters/s

running (25m38.7s), 005/152 VUs, 922234 complete and 0 interrupted iterations
cap_refresh_token   [  85% ] 005/152 VUs  25m38.7s/30m0s  600.00 iters/s

running (25m39.7s), 005/152 VUs, 922835 complete and 0 interrupted iterations
cap_refresh_token   [  86% ] 005/152 VUs  25m39.7s/30m0s  600.00 iters/s

running (25m40.7s), 004/152 VUs, 923435 complete and 0 interrupted iterations
cap_refresh_token   [  86% ] 004/152 VUs  25m40.7s/30m0s  600.00 iters/s

running (25m41.7s), 059/152 VUs, 923980 complete and 0 interrupted iterations
cap_refresh_token   [  86% ] 059/152 VUs  25m41.7s/30m0s  600.00 iters/s

running (25m42.7s), 005/152 VUs, 924634 complete and 0 interrupted iterations
cap_refresh_token   [  86% ] 005/152 VUs  25m42.7s/30m0s  600.00 iters/s

running (25m43.7s), 012/152 VUs, 925227 complete and 0 interrupted iterations
cap_refresh_token   [  86% ] 012/152 VUs  25m43.7s/30m0s  600.00 iters/s

running (25m44.7s), 005/152 VUs, 925834 complete and 0 interrupted iterations
cap_refresh_token   [  86% ] 005/152 VUs  25m44.7s/30m0s  600.00 iters/s

running (25m45.7s), 005/152 VUs, 926434 complete and 0 interrupted iterations
cap_refresh_token   [  86% ] 005/152 VUs  25m45.7s/30m0s  600.00 iters/s

running (25m46.7s), 004/152 VUs, 927035 complete and 0 interrupted iterations
cap_refresh_token   [  86% ] 004/152 VUs  25m46.7s/30m0s  600.00 iters/s

running (25m47.7s), 005/152 VUs, 927635 complete and 0 interrupted iterations
cap_refresh_token   [  86% ] 005/152 VUs  25m47.7s/30m0s  600.00 iters/s

running (25m48.7s), 104/152 VUs, 928136 complete and 0 interrupted iterations
cap_refresh_token   [  86% ] 104/152 VUs  25m48.7s/30m0s  600.00 iters/s

running (25m49.7s), 005/152 VUs, 928835 complete and 0 interrupted iterations
cap_refresh_token   [  86% ] 005/152 VUs  25m49.7s/30m0s  600.00 iters/s

running (25m50.7s), 005/152 VUs, 929434 complete and 0 interrupted iterations
cap_refresh_token   [  86% ] 005/152 VUs  25m50.7s/30m0s  600.00 iters/s

running (25m51.7s), 005/152 VUs, 930034 complete and 0 interrupted iterations
cap_refresh_token   [  86% ] 005/152 VUs  25m51.7s/30m0s  600.00 iters/s

running (25m52.7s), 004/152 VUs, 930635 complete and 0 interrupted iterations
cap_refresh_token   [  86% ] 004/152 VUs  25m52.7s/30m0s  600.00 iters/s

running (25m53.7s), 005/152 VUs, 931234 complete and 0 interrupted iterations
cap_refresh_token   [  86% ] 005/152 VUs  25m53.7s/30m0s  600.00 iters/s

running (25m54.7s), 008/152 VUs, 931831 complete and 0 interrupted iterations
cap_refresh_token   [  86% ] 008/152 VUs  25m54.7s/30m0s  600.00 iters/s

running (25m55.7s), 006/152 VUs, 932434 complete and 0 interrupted iterations
cap_refresh_token   [  86% ] 006/152 VUs  25m55.7s/30m0s  600.00 iters/s

running (25m56.7s), 005/152 VUs, 933034 complete and 0 interrupted iterations
cap_refresh_token   [  86% ] 005/152 VUs  25m56.7s/30m0s  600.00 iters/s

running (25m57.7s), 008/152 VUs, 933635 complete and 0 interrupted iterations
cap_refresh_token   [  87% ] 008/152 VUs  25m57.7s/30m0s  600.00 iters/s

running (25m58.7s), 007/152 VUs, 934233 complete and 0 interrupted iterations
cap_refresh_token   [  87% ] 007/152 VUs  25m58.7s/30m0s  600.00 iters/s

running (25m59.7s), 013/152 VUs, 934826 complete and 0 interrupted iterations
cap_refresh_token   [  87% ] 013/152 VUs  25m59.7s/30m0s  600.00 iters/s

running (26m00.7s), 006/152 VUs, 935433 complete and 0 interrupted iterations
cap_refresh_token   [  87% ] 006/152 VUs  26m00.7s/30m0s  600.00 iters/s

running (26m01.7s), 005/152 VUs, 936034 complete and 0 interrupted iterations
cap_refresh_token   [  87% ] 005/152 VUs  26m01.7s/30m0s  600.00 iters/s

running (26m02.7s), 005/152 VUs, 936634 complete and 0 interrupted iterations
cap_refresh_token   [  87% ] 005/152 VUs  26m02.7s/30m0s  600.00 iters/s

running (26m03.7s), 005/152 VUs, 937234 complete and 0 interrupted iterations
cap_refresh_token   [  87% ] 005/152 VUs  26m03.7s/30m0s  600.00 iters/s

running (26m04.7s), 028/152 VUs, 937812 complete and 0 interrupted iterations
cap_refresh_token   [  87% ] 028/152 VUs  26m04.7s/30m0s  600.00 iters/s

running (26m05.7s), 005/152 VUs, 938434 complete and 0 interrupted iterations
cap_refresh_token   [  87% ] 005/152 VUs  26m05.7s/30m0s  600.00 iters/s

running (26m06.7s), 005/152 VUs, 939035 complete and 0 interrupted iterations
cap_refresh_token   [  87% ] 005/152 VUs  26m06.7s/30m0s  600.00 iters/s

running (26m07.7s), 004/152 VUs, 939635 complete and 0 interrupted iterations
cap_refresh_token   [  87% ] 004/152 VUs  26m07.7s/30m0s  600.00 iters/s

running (26m08.7s), 004/152 VUs, 940235 complete and 0 interrupted iterations
cap_refresh_token   [  87% ] 004/152 VUs  26m08.7s/30m0s  600.00 iters/s

running (26m09.7s), 004/152 VUs, 940835 complete and 0 interrupted iterations
cap_refresh_token   [  87% ] 004/152 VUs  26m09.7s/30m0s  600.00 iters/s

running (26m10.7s), 005/152 VUs, 941434 complete and 0 interrupted iterations
cap_refresh_token   [  87% ] 005/152 VUs  26m10.7s/30m0s  600.00 iters/s

running (26m11.7s), 005/152 VUs, 942034 complete and 0 interrupted iterations
cap_refresh_token   [  87% ] 005/152 VUs  26m11.7s/30m0s  600.00 iters/s

running (26m12.7s), 007/152 VUs, 942633 complete and 0 interrupted iterations
cap_refresh_token   [  87% ] 007/152 VUs  26m12.7s/30m0s  600.00 iters/s

running (26m13.7s), 005/152 VUs, 943235 complete and 0 interrupted iterations
cap_refresh_token   [  87% ] 005/152 VUs  26m13.7s/30m0s  600.00 iters/s

running (26m14.7s), 008/152 VUs, 943831 complete and 0 interrupted iterations
cap_refresh_token   [  87% ] 008/152 VUs  26m14.7s/30m0s  600.00 iters/s

running (26m15.7s), 006/152 VUs, 944433 complete and 0 interrupted iterations
cap_refresh_token   [  88% ] 006/152 VUs  26m15.7s/30m0s  600.00 iters/s

running (26m16.7s), 009/152 VUs, 945031 complete and 0 interrupted iterations
cap_refresh_token   [  88% ] 009/152 VUs  26m16.7s/30m0s  600.00 iters/s

running (26m17.7s), 005/152 VUs, 945635 complete and 0 interrupted iterations
cap_refresh_token   [  88% ] 005/152 VUs  26m17.7s/30m0s  600.00 iters/s

running (26m18.7s), 004/152 VUs, 946235 complete and 0 interrupted iterations
cap_refresh_token   [  88% ] 004/152 VUs  26m18.7s/30m0s  600.00 iters/s

running (26m19.7s), 005/152 VUs, 946834 complete and 0 interrupted iterations
cap_refresh_token   [  88% ] 005/152 VUs  26m19.7s/30m0s  600.00 iters/s

running (26m20.7s), 005/152 VUs, 947434 complete and 0 interrupted iterations
cap_refresh_token   [  88% ] 005/152 VUs  26m20.7s/30m0s  600.00 iters/s

running (26m21.7s), 006/152 VUs, 948033 complete and 0 interrupted iterations
cap_refresh_token   [  88% ] 006/152 VUs  26m21.7s/30m0s  600.00 iters/s

running (26m22.7s), 004/152 VUs, 948636 complete and 0 interrupted iterations
cap_refresh_token   [  88% ] 004/152 VUs  26m22.7s/30m0s  600.00 iters/s

running (26m23.7s), 005/152 VUs, 949235 complete and 0 interrupted iterations
cap_refresh_token   [  88% ] 005/152 VUs  26m23.7s/30m0s  600.00 iters/s

running (26m24.7s), 005/152 VUs, 949835 complete and 0 interrupted iterations
cap_refresh_token   [  88% ] 005/152 VUs  26m24.7s/30m0s  600.00 iters/s

running (26m25.7s), 006/152 VUs, 950433 complete and 0 interrupted iterations
cap_refresh_token   [  88% ] 006/152 VUs  26m25.7s/30m0s  600.00 iters/s

running (26m26.7s), 005/152 VUs, 951034 complete and 0 interrupted iterations
cap_refresh_token   [  88% ] 005/152 VUs  26m26.7s/30m0s  600.00 iters/s

running (26m27.7s), 006/152 VUs, 951634 complete and 0 interrupted iterations
cap_refresh_token   [  88% ] 006/152 VUs  26m27.7s/30m0s  600.00 iters/s

running (26m28.7s), 004/152 VUs, 952235 complete and 0 interrupted iterations
cap_refresh_token   [  88% ] 004/152 VUs  26m28.7s/30m0s  600.00 iters/s

running (26m29.7s), 005/152 VUs, 952834 complete and 0 interrupted iterations
cap_refresh_token   [  88% ] 005/152 VUs  26m29.7s/30m0s  600.00 iters/s

running (26m30.7s), 015/152 VUs, 953424 complete and 0 interrupted iterations
cap_refresh_token   [  88% ] 015/152 VUs  26m30.7s/30m0s  600.00 iters/s

running (26m31.7s), 004/152 VUs, 954035 complete and 0 interrupted iterations
cap_refresh_token   [  88% ] 004/152 VUs  26m31.7s/30m0s  600.00 iters/s

running (26m32.7s), 005/152 VUs, 954634 complete and 0 interrupted iterations
cap_refresh_token   [  88% ] 005/152 VUs  26m32.7s/30m0s  600.00 iters/s

running (26m33.7s), 004/152 VUs, 955235 complete and 0 interrupted iterations
cap_refresh_token   [  89% ] 004/152 VUs  26m33.7s/30m0s  600.00 iters/s

running (26m34.7s), 021/152 VUs, 955819 complete and 0 interrupted iterations
cap_refresh_token   [  89% ] 021/152 VUs  26m34.7s/30m0s  600.00 iters/s

running (26m35.7s), 005/152 VUs, 956434 complete and 0 interrupted iterations
cap_refresh_token   [  89% ] 005/152 VUs  26m35.7s/30m0s  600.00 iters/s

running (26m36.7s), 005/152 VUs, 957035 complete and 0 interrupted iterations
cap_refresh_token   [  89% ] 005/152 VUs  26m36.7s/30m0s  600.00 iters/s

running (26m37.7s), 006/152 VUs, 957634 complete and 0 interrupted iterations
cap_refresh_token   [  89% ] 006/152 VUs  26m37.7s/30m0s  600.00 iters/s

running (26m38.7s), 004/152 VUs, 958235 complete and 0 interrupted iterations
cap_refresh_token   [  89% ] 004/152 VUs  26m38.7s/30m0s  600.00 iters/s

running (26m39.7s), 004/152 VUs, 958835 complete and 0 interrupted iterations
cap_refresh_token   [  89% ] 004/152 VUs  26m39.7s/30m0s  600.00 iters/s

running (26m40.7s), 004/152 VUs, 959435 complete and 0 interrupted iterations
cap_refresh_token   [  89% ] 004/152 VUs  26m40.7s/30m0s  600.00 iters/s

running (26m41.7s), 006/152 VUs, 960033 complete and 0 interrupted iterations
cap_refresh_token   [  89% ] 006/152 VUs  26m41.7s/30m0s  600.00 iters/s

running (26m42.7s), 006/152 VUs, 960633 complete and 0 interrupted iterations
cap_refresh_token   [  89% ] 006/152 VUs  26m42.7s/30m0s  600.00 iters/s

running (26m43.7s), 004/152 VUs, 961235 complete and 0 interrupted iterations
cap_refresh_token   [  89% ] 004/152 VUs  26m43.7s/30m0s  600.00 iters/s

running (26m44.7s), 004/152 VUs, 961835 complete and 0 interrupted iterations
cap_refresh_token   [  89% ] 004/152 VUs  26m44.7s/30m0s  600.00 iters/s

running (26m45.7s), 005/152 VUs, 962434 complete and 0 interrupted iterations
cap_refresh_token   [  89% ] 005/152 VUs  26m45.7s/30m0s  600.00 iters/s

running (26m46.7s), 004/152 VUs, 963035 complete and 0 interrupted iterations
cap_refresh_token   [  89% ] 004/152 VUs  26m46.7s/30m0s  600.00 iters/s

running (26m47.7s), 007/152 VUs, 963632 complete and 0 interrupted iterations
cap_refresh_token   [  89% ] 007/152 VUs  26m47.7s/30m0s  600.00 iters/s

running (26m48.7s), 004/152 VUs, 964235 complete and 0 interrupted iterations
cap_refresh_token   [  89% ] 004/152 VUs  26m48.7s/30m0s  600.00 iters/s

running (26m49.7s), 003/152 VUs, 964836 complete and 0 interrupted iterations
cap_refresh_token   [  89% ] 003/152 VUs  26m49.7s/30m0s  600.00 iters/s

running (26m50.7s), 006/152 VUs, 965434 complete and 0 interrupted iterations
cap_refresh_token   [  89% ] 006/152 VUs  26m50.7s/30m0s  600.00 iters/s

running (26m51.7s), 004/152 VUs, 966035 complete and 0 interrupted iterations
cap_refresh_token   [  90% ] 004/152 VUs  26m51.7s/30m0s  600.00 iters/s

running (26m52.7s), 007/152 VUs, 966633 complete and 0 interrupted iterations
cap_refresh_token   [  90% ] 007/152 VUs  26m52.7s/30m0s  600.00 iters/s

running (26m53.7s), 004/152 VUs, 967236 complete and 0 interrupted iterations
cap_refresh_token   [  90% ] 004/152 VUs  26m53.7s/30m0s  600.00 iters/s

running (26m54.7s), 004/152 VUs, 967835 complete and 0 interrupted iterations
cap_refresh_token   [  90% ] 004/152 VUs  26m54.7s/30m0s  600.00 iters/s

running (26m55.7s), 004/152 VUs, 968435 complete and 0 interrupted iterations
cap_refresh_token   [  90% ] 004/152 VUs  26m55.7s/30m0s  600.00 iters/s

running (26m56.7s), 007/152 VUs, 969033 complete and 0 interrupted iterations
cap_refresh_token   [  90% ] 007/152 VUs  26m56.7s/30m0s  600.00 iters/s

running (26m57.7s), 005/152 VUs, 969634 complete and 0 interrupted iterations
cap_refresh_token   [  90% ] 005/152 VUs  26m57.7s/30m0s  600.00 iters/s

running (26m58.7s), 006/152 VUs, 970233 complete and 0 interrupted iterations
cap_refresh_token   [  90% ] 006/152 VUs  26m58.7s/30m0s  600.00 iters/s

running (26m59.7s), 005/152 VUs, 970834 complete and 0 interrupted iterations
cap_refresh_token   [  90% ] 005/152 VUs  26m59.7s/30m0s  600.00 iters/s

running (27m00.7s), 005/152 VUs, 971434 complete and 0 interrupted iterations
cap_refresh_token   [  90% ] 005/152 VUs  27m00.7s/30m0s  600.00 iters/s

running (27m01.7s), 005/152 VUs, 972034 complete and 0 interrupted iterations
cap_refresh_token   [  90% ] 005/152 VUs  27m01.7s/30m0s  600.00 iters/s

running (27m02.7s), 005/152 VUs, 972635 complete and 0 interrupted iterations
cap_refresh_token   [  90% ] 005/152 VUs  27m02.7s/30m0s  600.00 iters/s

running (27m03.7s), 005/152 VUs, 973234 complete and 0 interrupted iterations
cap_refresh_token   [  90% ] 005/152 VUs  27m03.7s/30m0s  600.00 iters/s

running (27m04.7s), 005/152 VUs, 973835 complete and 0 interrupted iterations
cap_refresh_token   [  90% ] 005/152 VUs  27m04.7s/30m0s  600.00 iters/s

running (27m05.7s), 004/152 VUs, 974435 complete and 0 interrupted iterations
cap_refresh_token   [  90% ] 004/152 VUs  27m05.7s/30m0s  600.00 iters/s

running (27m06.7s), 005/152 VUs, 975034 complete and 0 interrupted iterations
cap_refresh_token   [  90% ] 005/152 VUs  27m06.7s/30m0s  600.00 iters/s

running (27m07.7s), 004/152 VUs, 975635 complete and 0 interrupted iterations
cap_refresh_token   [  90% ] 004/152 VUs  27m07.7s/30m0s  600.00 iters/s

running (27m08.7s), 006/152 VUs, 976234 complete and 0 interrupted iterations
cap_refresh_token   [  90% ] 006/152 VUs  27m08.7s/30m0s  600.00 iters/s

running (27m09.7s), 004/152 VUs, 976836 complete and 0 interrupted iterations
cap_refresh_token   [  91% ] 004/152 VUs  27m09.7s/30m0s  600.00 iters/s

running (27m10.7s), 005/152 VUs, 977434 complete and 0 interrupted iterations
cap_refresh_token   [  91% ] 005/152 VUs  27m10.7s/30m0s  600.00 iters/s

running (27m11.7s), 007/152 VUs, 978032 complete and 0 interrupted iterations
cap_refresh_token   [  91% ] 007/152 VUs  27m11.7s/30m0s  600.00 iters/s

running (27m12.7s), 006/152 VUs, 978634 complete and 0 interrupted iterations
cap_refresh_token   [  91% ] 006/152 VUs  27m12.7s/30m0s  600.00 iters/s

running (27m13.7s), 006/152 VUs, 979234 complete and 0 interrupted iterations
cap_refresh_token   [  91% ] 006/152 VUs  27m13.7s/30m0s  600.00 iters/s

running (27m14.7s), 005/152 VUs, 979834 complete and 0 interrupted iterations
cap_refresh_token   [  91% ] 005/152 VUs  27m14.7s/30m0s  600.00 iters/s

running (27m15.7s), 006/152 VUs, 980434 complete and 0 interrupted iterations
cap_refresh_token   [  91% ] 006/152 VUs  27m15.7s/30m0s  600.00 iters/s

running (27m16.7s), 005/152 VUs, 981034 complete and 0 interrupted iterations
cap_refresh_token   [  91% ] 005/152 VUs  27m16.7s/30m0s  600.00 iters/s

running (27m17.7s), 004/152 VUs, 981635 complete and 0 interrupted iterations
cap_refresh_token   [  91% ] 004/152 VUs  27m17.7s/30m0s  600.00 iters/s

running (27m18.7s), 005/152 VUs, 982235 complete and 0 interrupted iterations
cap_refresh_token   [  91% ] 005/152 VUs  27m18.7s/30m0s  600.00 iters/s

running (27m19.7s), 004/152 VUs, 982835 complete and 0 interrupted iterations
cap_refresh_token   [  91% ] 004/152 VUs  27m19.7s/30m0s  600.00 iters/s

running (27m20.7s), 005/152 VUs, 983434 complete and 0 interrupted iterations
cap_refresh_token   [  91% ] 005/152 VUs  27m20.7s/30m0s  600.00 iters/s

running (27m21.7s), 004/152 VUs, 984035 complete and 0 interrupted iterations
cap_refresh_token   [  91% ] 004/152 VUs  27m21.7s/30m0s  600.00 iters/s

running (27m22.7s), 005/152 VUs, 984634 complete and 0 interrupted iterations
cap_refresh_token   [  91% ] 005/152 VUs  27m22.7s/30m0s  600.00 iters/s

running (27m23.7s), 005/152 VUs, 985235 complete and 0 interrupted iterations
cap_refresh_token   [  91% ] 005/152 VUs  27m23.7s/30m0s  600.00 iters/s

running (27m24.7s), 005/152 VUs, 985834 complete and 0 interrupted iterations
cap_refresh_token   [  91% ] 005/152 VUs  27m24.7s/30m0s  600.00 iters/s

running (27m25.7s), 006/152 VUs, 986434 complete and 0 interrupted iterations
cap_refresh_token   [  91% ] 006/152 VUs  27m25.7s/30m0s  600.00 iters/s

running (27m26.7s), 004/152 VUs, 987035 complete and 0 interrupted iterations
cap_refresh_token   [  91% ] 004/152 VUs  27m26.7s/30m0s  600.00 iters/s

running (27m27.7s), 005/152 VUs, 987634 complete and 0 interrupted iterations
cap_refresh_token   [  92% ] 005/152 VUs  27m27.7s/30m0s  600.00 iters/s

running (27m28.7s), 004/152 VUs, 988235 complete and 0 interrupted iterations
cap_refresh_token   [  92% ] 004/152 VUs  27m28.7s/30m0s  600.00 iters/s

running (27m29.7s), 004/152 VUs, 988835 complete and 0 interrupted iterations
cap_refresh_token   [  92% ] 004/152 VUs  27m29.7s/30m0s  600.00 iters/s

running (27m30.7s), 008/152 VUs, 989431 complete and 0 interrupted iterations
cap_refresh_token   [  92% ] 008/152 VUs  27m30.7s/30m0s  600.00 iters/s

running (27m31.7s), 004/152 VUs, 990035 complete and 0 interrupted iterations
cap_refresh_token   [  92% ] 004/152 VUs  27m31.7s/30m0s  600.00 iters/s

running (27m32.7s), 007/152 VUs, 990632 complete and 0 interrupted iterations
cap_refresh_token   [  92% ] 007/152 VUs  27m32.7s/30m0s  600.00 iters/s

running (27m33.7s), 009/152 VUs, 991230 complete and 0 interrupted iterations
cap_refresh_token   [  92% ] 009/152 VUs  27m33.7s/30m0s  600.00 iters/s

running (27m34.7s), 005/152 VUs, 991834 complete and 0 interrupted iterations
cap_refresh_token   [  92% ] 005/152 VUs  27m34.7s/30m0s  600.00 iters/s

running (27m35.7s), 009/152 VUs, 992431 complete and 0 interrupted iterations
cap_refresh_token   [  92% ] 009/152 VUs  27m35.7s/30m0s  600.00 iters/s

running (27m36.7s), 004/152 VUs, 993035 complete and 0 interrupted iterations
cap_refresh_token   [  92% ] 004/152 VUs  27m36.7s/30m0s  600.00 iters/s

running (27m37.7s), 005/152 VUs, 993634 complete and 0 interrupted iterations
cap_refresh_token   [  92% ] 005/152 VUs  27m37.7s/30m0s  600.00 iters/s

running (27m38.7s), 006/152 VUs, 994233 complete and 0 interrupted iterations
cap_refresh_token   [  92% ] 006/152 VUs  27m38.7s/30m0s  600.00 iters/s

running (27m39.7s), 006/152 VUs, 994834 complete and 0 interrupted iterations
cap_refresh_token   [  92% ] 006/152 VUs  27m39.7s/30m0s  600.00 iters/s

running (27m40.7s), 004/152 VUs, 995436 complete and 0 interrupted iterations
cap_refresh_token   [  92% ] 004/152 VUs  27m40.7s/30m0s  600.00 iters/s

running (27m41.7s), 004/152 VUs, 996035 complete and 0 interrupted iterations
cap_refresh_token   [  92% ] 004/152 VUs  27m41.7s/30m0s  600.00 iters/s

running (27m42.7s), 006/152 VUs, 996633 complete and 0 interrupted iterations
cap_refresh_token   [  92% ] 006/152 VUs  27m42.7s/30m0s  600.00 iters/s

running (27m43.7s), 006/152 VUs, 997234 complete and 0 interrupted iterations
cap_refresh_token   [  92% ] 006/152 VUs  27m43.7s/30m0s  600.00 iters/s

running (27m44.7s), 004/152 VUs, 997835 complete and 0 interrupted iterations
cap_refresh_token   [  92% ] 004/152 VUs  27m44.7s/30m0s  600.00 iters/s

running (27m45.7s), 004/152 VUs, 998436 complete and 0 interrupted iterations
cap_refresh_token   [  93% ] 004/152 VUs  27m45.7s/30m0s  600.00 iters/s

running (27m46.7s), 004/152 VUs, 999035 complete and 0 interrupted iterations
cap_refresh_token   [  93% ] 004/152 VUs  27m46.7s/30m0s  600.00 iters/s

running (27m47.7s), 006/152 VUs, 999633 complete and 0 interrupted iterations
cap_refresh_token   [  93% ] 006/152 VUs  27m47.7s/30m0s  600.00 iters/s

running (27m48.7s), 004/152 VUs, 1000235 complete and 0 interrupted iterations
cap_refresh_token   [  93% ] 004/152 VUs  27m48.7s/30m0s  600.00 iters/s

running (27m49.7s), 004/152 VUs, 1000835 complete and 0 interrupted iterations
cap_refresh_token   [  93% ] 004/152 VUs  27m49.7s/30m0s  600.00 iters/s

running (27m50.7s), 007/152 VUs, 1001432 complete and 0 interrupted iterations
cap_refresh_token   [  93% ] 007/152 VUs  27m50.7s/30m0s  600.00 iters/s

running (27m51.7s), 007/152 VUs, 1002033 complete and 0 interrupted iterations
cap_refresh_token   [  93% ] 007/152 VUs  27m51.7s/30m0s  600.00 iters/s

running (27m52.7s), 005/152 VUs, 1002634 complete and 0 interrupted iterations
cap_refresh_token   [  93% ] 005/152 VUs  27m52.7s/30m0s  600.00 iters/s

running (27m53.7s), 005/152 VUs, 1003234 complete and 0 interrupted iterations
cap_refresh_token   [  93% ] 005/152 VUs  27m53.7s/30m0s  600.00 iters/s

running (27m54.7s), 007/152 VUs, 1003832 complete and 0 interrupted iterations
cap_refresh_token   [  93% ] 007/152 VUs  27m54.7s/30m0s  600.00 iters/s

running (27m55.7s), 005/152 VUs, 1004434 complete and 0 interrupted iterations
cap_refresh_token   [  93% ] 005/152 VUs  27m55.7s/30m0s  600.00 iters/s

running (27m56.7s), 006/152 VUs, 1005034 complete and 0 interrupted iterations
cap_refresh_token   [  93% ] 006/152 VUs  27m56.7s/30m0s  600.00 iters/s

running (27m57.7s), 006/152 VUs, 1005633 complete and 0 interrupted iterations
cap_refresh_token   [  93% ] 006/152 VUs  27m57.7s/30m0s  600.00 iters/s

running (27m58.7s), 010/152 VUs, 1006229 complete and 0 interrupted iterations
cap_refresh_token   [  93% ] 010/152 VUs  27m58.7s/30m0s  600.00 iters/s

running (27m59.7s), 005/152 VUs, 1006835 complete and 0 interrupted iterations
cap_refresh_token   [  93% ] 005/152 VUs  27m59.7s/30m0s  600.00 iters/s

running (28m00.7s), 006/152 VUs, 1007434 complete and 0 interrupted iterations
cap_refresh_token   [  93% ] 006/152 VUs  28m00.7s/30m0s  600.00 iters/s

running (28m01.7s), 005/152 VUs, 1008035 complete and 0 interrupted iterations
cap_refresh_token   [  93% ] 005/152 VUs  28m01.7s/30m0s  600.00 iters/s

running (28m02.7s), 005/152 VUs, 1008634 complete and 0 interrupted iterations
cap_refresh_token   [  93% ] 005/152 VUs  28m02.7s/30m0s  600.00 iters/s

running (28m03.7s), 006/152 VUs, 1009234 complete and 0 interrupted iterations
cap_refresh_token   [  94% ] 006/152 VUs  28m03.7s/30m0s  600.00 iters/s

running (28m04.7s), 005/152 VUs, 1009834 complete and 0 interrupted iterations
cap_refresh_token   [  94% ] 005/152 VUs  28m04.7s/30m0s  600.00 iters/s

running (28m05.7s), 005/152 VUs, 1010434 complete and 0 interrupted iterations
cap_refresh_token   [  94% ] 005/152 VUs  28m05.7s/30m0s  600.00 iters/s

running (28m06.7s), 005/152 VUs, 1011034 complete and 0 interrupted iterations
cap_refresh_token   [  94% ] 005/152 VUs  28m06.7s/30m0s  600.00 iters/s

running (28m07.7s), 004/152 VUs, 1011635 complete and 0 interrupted iterations
cap_refresh_token   [  94% ] 004/152 VUs  28m07.7s/30m0s  600.00 iters/s

running (28m08.7s), 013/152 VUs, 1012227 complete and 0 interrupted iterations
cap_refresh_token   [  94% ] 013/152 VUs  28m08.7s/30m0s  600.00 iters/s

running (28m09.7s), 004/152 VUs, 1012835 complete and 0 interrupted iterations
cap_refresh_token   [  94% ] 004/152 VUs  28m09.7s/30m0s  600.00 iters/s

running (28m10.7s), 007/152 VUs, 1013432 complete and 0 interrupted iterations
cap_refresh_token   [  94% ] 007/152 VUs  28m10.7s/30m0s  600.00 iters/s

running (28m11.7s), 005/152 VUs, 1014034 complete and 0 interrupted iterations
cap_refresh_token   [  94% ] 005/152 VUs  28m11.7s/30m0s  600.00 iters/s

running (28m12.7s), 005/152 VUs, 1014634 complete and 0 interrupted iterations
cap_refresh_token   [  94% ] 005/152 VUs  28m12.7s/30m0s  600.00 iters/s

running (28m13.7s), 006/152 VUs, 1015234 complete and 0 interrupted iterations
cap_refresh_token   [  94% ] 006/152 VUs  28m13.7s/30m0s  600.00 iters/s

running (28m14.7s), 005/152 VUs, 1015834 complete and 0 interrupted iterations
cap_refresh_token   [  94% ] 005/152 VUs  28m14.7s/30m0s  600.00 iters/s

running (28m15.7s), 006/152 VUs, 1016433 complete and 0 interrupted iterations
cap_refresh_token   [  94% ] 006/152 VUs  28m15.7s/30m0s  600.00 iters/s

running (28m16.7s), 003/152 VUs, 1017036 complete and 0 interrupted iterations
cap_refresh_token   [  94% ] 003/152 VUs  28m16.7s/30m0s  600.00 iters/s

running (28m17.7s), 007/152 VUs, 1017632 complete and 0 interrupted iterations
cap_refresh_token   [  94% ] 007/152 VUs  28m17.7s/30m0s  600.00 iters/s

running (28m18.7s), 004/152 VUs, 1018235 complete and 0 interrupted iterations
cap_refresh_token   [  94% ] 004/152 VUs  28m18.7s/30m0s  600.00 iters/s

running (28m19.7s), 008/152 VUs, 1018831 complete and 0 interrupted iterations
cap_refresh_token   [  94% ] 008/152 VUs  28m19.7s/30m0s  600.00 iters/s

running (28m20.7s), 004/152 VUs, 1019435 complete and 0 interrupted iterations
cap_refresh_token   [  94% ] 004/152 VUs  28m20.7s/30m0s  600.00 iters/s

running (28m21.7s), 008/152 VUs, 1020031 complete and 0 interrupted iterations
cap_refresh_token   [  95% ] 008/152 VUs  28m21.7s/30m0s  600.00 iters/s

running (28m22.7s), 004/152 VUs, 1020635 complete and 0 interrupted iterations
cap_refresh_token   [  95% ] 004/152 VUs  28m22.7s/30m0s  600.00 iters/s

running (28m23.7s), 005/152 VUs, 1021234 complete and 0 interrupted iterations
cap_refresh_token   [  95% ] 005/152 VUs  28m23.7s/30m0s  600.00 iters/s

running (28m24.7s), 006/152 VUs, 1021833 complete and 0 interrupted iterations
cap_refresh_token   [  95% ] 006/152 VUs  28m24.7s/30m0s  600.00 iters/s

running (28m25.7s), 006/152 VUs, 1022433 complete and 0 interrupted iterations
cap_refresh_token   [  95% ] 006/152 VUs  28m25.7s/30m0s  600.00 iters/s

running (28m26.7s), 006/152 VUs, 1023033 complete and 0 interrupted iterations
cap_refresh_token   [  95% ] 006/152 VUs  28m26.7s/30m0s  600.00 iters/s

running (28m27.7s), 006/152 VUs, 1023633 complete and 0 interrupted iterations
cap_refresh_token   [  95% ] 006/152 VUs  28m27.7s/30m0s  600.00 iters/s

running (28m28.7s), 005/152 VUs, 1024234 complete and 0 interrupted iterations
cap_refresh_token   [  95% ] 005/152 VUs  28m28.7s/30m0s  600.00 iters/s

running (28m29.7s), 005/152 VUs, 1024834 complete and 0 interrupted iterations
cap_refresh_token   [  95% ] 005/152 VUs  28m29.7s/30m0s  600.00 iters/s

running (28m30.7s), 007/152 VUs, 1025432 complete and 0 interrupted iterations
cap_refresh_token   [  95% ] 007/152 VUs  28m30.7s/30m0s  600.00 iters/s

running (28m31.7s), 006/152 VUs, 1026033 complete and 0 interrupted iterations
cap_refresh_token   [  95% ] 006/152 VUs  28m31.7s/30m0s  600.00 iters/s

running (28m32.7s), 004/152 VUs, 1026635 complete and 0 interrupted iterations
cap_refresh_token   [  95% ] 004/152 VUs  28m32.7s/30m0s  600.00 iters/s

running (28m33.7s), 005/152 VUs, 1027234 complete and 0 interrupted iterations
cap_refresh_token   [  95% ] 005/152 VUs  28m33.7s/30m0s  600.00 iters/s

running (28m34.7s), 004/152 VUs, 1027835 complete and 0 interrupted iterations
cap_refresh_token   [  95% ] 004/152 VUs  28m34.7s/30m0s  600.00 iters/s

running (28m35.7s), 006/152 VUs, 1028433 complete and 0 interrupted iterations
cap_refresh_token   [  95% ] 006/152 VUs  28m35.7s/30m0s  600.00 iters/s

running (28m36.7s), 003/152 VUs, 1029036 complete and 0 interrupted iterations
cap_refresh_token   [  95% ] 003/152 VUs  28m36.7s/30m0s  600.00 iters/s

running (28m37.7s), 004/152 VUs, 1029635 complete and 0 interrupted iterations
cap_refresh_token   [  95% ] 004/152 VUs  28m37.7s/30m0s  600.00 iters/s

running (28m38.7s), 004/152 VUs, 1030235 complete and 0 interrupted iterations
cap_refresh_token   [  95% ] 004/152 VUs  28m38.7s/30m0s  600.00 iters/s

running (28m39.7s), 004/152 VUs, 1030835 complete and 0 interrupted iterations
cap_refresh_token   [  96% ] 004/152 VUs  28m39.7s/30m0s  600.00 iters/s

running (28m40.7s), 007/152 VUs, 1031433 complete and 0 interrupted iterations
cap_refresh_token   [  96% ] 007/152 VUs  28m40.7s/30m0s  600.00 iters/s

running (28m41.7s), 005/152 VUs, 1032034 complete and 0 interrupted iterations
cap_refresh_token   [  96% ] 005/152 VUs  28m41.7s/30m0s  600.00 iters/s

running (28m42.7s), 004/152 VUs, 1032635 complete and 0 interrupted iterations
cap_refresh_token   [  96% ] 004/152 VUs  28m42.7s/30m0s  600.00 iters/s

running (28m43.7s), 005/152 VUs, 1033234 complete and 0 interrupted iterations
cap_refresh_token   [  96% ] 005/152 VUs  28m43.7s/30m0s  600.00 iters/s

running (28m44.7s), 005/152 VUs, 1033835 complete and 0 interrupted iterations
cap_refresh_token   [  96% ] 005/152 VUs  28m44.7s/30m0s  600.00 iters/s

running (28m45.7s), 005/152 VUs, 1034434 complete and 0 interrupted iterations
cap_refresh_token   [  96% ] 005/152 VUs  28m45.7s/30m0s  600.00 iters/s

running (28m46.7s), 005/152 VUs, 1035034 complete and 0 interrupted iterations
cap_refresh_token   [  96% ] 005/152 VUs  28m46.7s/30m0s  600.00 iters/s

running (28m47.7s), 005/152 VUs, 1035634 complete and 0 interrupted iterations
cap_refresh_token   [  96% ] 005/152 VUs  28m47.7s/30m0s  600.00 iters/s

running (28m48.7s), 009/152 VUs, 1036230 complete and 0 interrupted iterations
cap_refresh_token   [  96% ] 009/152 VUs  28m48.7s/30m0s  600.00 iters/s

running (28m49.7s), 006/152 VUs, 1036833 complete and 0 interrupted iterations
cap_refresh_token   [  96% ] 006/152 VUs  28m49.7s/30m0s  600.00 iters/s

running (28m50.7s), 004/152 VUs, 1037435 complete and 0 interrupted iterations
cap_refresh_token   [  96% ] 004/152 VUs  28m50.7s/30m0s  600.00 iters/s

running (28m51.7s), 005/152 VUs, 1038034 complete and 0 interrupted iterations
cap_refresh_token   [  96% ] 005/152 VUs  28m51.7s/30m0s  600.00 iters/s

running (28m52.7s), 008/152 VUs, 1038631 complete and 0 interrupted iterations
cap_refresh_token   [  96% ] 008/152 VUs  28m52.7s/30m0s  600.00 iters/s

running (28m53.7s), 005/152 VUs, 1039234 complete and 0 interrupted iterations
cap_refresh_token   [  96% ] 005/152 VUs  28m53.7s/30m0s  600.00 iters/s

running (28m54.7s), 004/152 VUs, 1039835 complete and 0 interrupted iterations
cap_refresh_token   [  96% ] 004/152 VUs  28m54.7s/30m0s  600.00 iters/s

running (28m55.7s), 005/152 VUs, 1040434 complete and 0 interrupted iterations
cap_refresh_token   [  96% ] 005/152 VUs  28m55.7s/30m0s  600.00 iters/s

running (28m56.7s), 005/152 VUs, 1041035 complete and 0 interrupted iterations
cap_refresh_token   [  96% ] 005/152 VUs  28m56.7s/30m0s  600.00 iters/s

running (28m57.7s), 005/152 VUs, 1041635 complete and 0 interrupted iterations
cap_refresh_token   [  97% ] 005/152 VUs  28m57.7s/30m0s  600.00 iters/s

running (28m58.7s), 008/152 VUs, 1042232 complete and 0 interrupted iterations
cap_refresh_token   [  97% ] 008/152 VUs  28m58.7s/30m0s  600.00 iters/s

running (28m59.7s), 006/152 VUs, 1042833 complete and 0 interrupted iterations
cap_refresh_token   [  97% ] 006/152 VUs  28m59.7s/30m0s  600.00 iters/s

running (29m00.7s), 005/152 VUs, 1043434 complete and 0 interrupted iterations
cap_refresh_token   [  97% ] 005/152 VUs  29m00.7s/30m0s  600.00 iters/s

running (29m01.7s), 030/152 VUs, 1044010 complete and 0 interrupted iterations
cap_refresh_token   [  97% ] 030/152 VUs  29m01.7s/30m0s  600.00 iters/s

running (29m02.7s), 004/152 VUs, 1044635 complete and 0 interrupted iterations
cap_refresh_token   [  97% ] 005/152 VUs  29m02.7s/30m0s  600.00 iters/s

running (29m03.7s), 003/152 VUs, 1045236 complete and 0 interrupted iterations
cap_refresh_token   [  97% ] 003/152 VUs  29m03.7s/30m0s  600.00 iters/s

running (29m04.7s), 006/152 VUs, 1045833 complete and 0 interrupted iterations
cap_refresh_token   [  97% ] 006/152 VUs  29m04.7s/30m0s  600.00 iters/s

running (29m05.7s), 004/152 VUs, 1046435 complete and 0 interrupted iterations
cap_refresh_token   [  97% ] 004/152 VUs  29m05.7s/30m0s  600.00 iters/s

running (29m06.7s), 004/152 VUs, 1047035 complete and 0 interrupted iterations
cap_refresh_token   [  97% ] 004/152 VUs  29m06.7s/30m0s  600.00 iters/s

running (29m07.7s), 005/152 VUs, 1047635 complete and 0 interrupted iterations
cap_refresh_token   [  97% ] 005/152 VUs  29m07.7s/30m0s  600.00 iters/s

running (29m08.7s), 006/152 VUs, 1048234 complete and 0 interrupted iterations
cap_refresh_token   [  97% ] 006/152 VUs  29m08.7s/30m0s  600.00 iters/s

running (29m09.7s), 005/152 VUs, 1048834 complete and 0 interrupted iterations
cap_refresh_token   [  97% ] 005/152 VUs  29m09.7s/30m0s  600.00 iters/s

running (29m10.7s), 006/152 VUs, 1049434 complete and 0 interrupted iterations
cap_refresh_token   [  97% ] 006/152 VUs  29m10.7s/30m0s  600.00 iters/s

running (29m11.7s), 004/152 VUs, 1050035 complete and 0 interrupted iterations
cap_refresh_token   [  97% ] 004/152 VUs  29m11.7s/30m0s  600.00 iters/s

running (29m12.7s), 005/152 VUs, 1050635 complete and 0 interrupted iterations
cap_refresh_token   [  97% ] 005/152 VUs  29m12.7s/30m0s  600.00 iters/s

running (29m13.7s), 004/152 VUs, 1051235 complete and 0 interrupted iterations
cap_refresh_token   [  97% ] 004/152 VUs  29m13.7s/30m0s  600.00 iters/s

running (29m14.7s), 003/152 VUs, 1051836 complete and 0 interrupted iterations
cap_refresh_token   [  97% ] 003/152 VUs  29m14.7s/30m0s  600.00 iters/s

running (29m15.7s), 005/152 VUs, 1052434 complete and 0 interrupted iterations
cap_refresh_token   [  98% ] 005/152 VUs  29m15.7s/30m0s  600.00 iters/s

running (29m16.7s), 005/152 VUs, 1053034 complete and 0 interrupted iterations
cap_refresh_token   [  98% ] 006/152 VUs  29m16.7s/30m0s  600.00 iters/s

running (29m17.7s), 005/152 VUs, 1053635 complete and 0 interrupted iterations
cap_refresh_token   [  98% ] 005/152 VUs  29m17.7s/30m0s  600.00 iters/s

running (29m18.7s), 007/152 VUs, 1054232 complete and 0 interrupted iterations
cap_refresh_token   [  98% ] 007/152 VUs  29m18.7s/30m0s  600.00 iters/s

running (29m19.7s), 005/152 VUs, 1054834 complete and 0 interrupted iterations
cap_refresh_token   [  98% ] 005/152 VUs  29m19.7s/30m0s  600.00 iters/s

running (29m20.7s), 005/152 VUs, 1055435 complete and 0 interrupted iterations
cap_refresh_token   [  98% ] 005/152 VUs  29m20.7s/30m0s  600.00 iters/s

running (29m21.7s), 005/152 VUs, 1056034 complete and 0 interrupted iterations
cap_refresh_token   [  98% ] 005/152 VUs  29m21.7s/30m0s  600.00 iters/s

running (29m22.7s), 004/152 VUs, 1056635 complete and 0 interrupted iterations
cap_refresh_token   [  98% ] 004/152 VUs  29m22.7s/30m0s  600.00 iters/s

running (29m23.7s), 006/152 VUs, 1057233 complete and 0 interrupted iterations
cap_refresh_token   [  98% ] 006/152 VUs  29m23.7s/30m0s  600.00 iters/s

running (29m24.7s), 007/152 VUs, 1057832 complete and 0 interrupted iterations
cap_refresh_token   [  98% ] 007/152 VUs  29m24.7s/30m0s  600.00 iters/s

running (29m25.7s), 006/152 VUs, 1058434 complete and 0 interrupted iterations
cap_refresh_token   [  98% ] 006/152 VUs  29m25.7s/30m0s  600.00 iters/s

running (29m26.7s), 004/152 VUs, 1059035 complete and 0 interrupted iterations
cap_refresh_token   [  98% ] 004/152 VUs  29m26.7s/30m0s  600.00 iters/s

running (29m27.7s), 005/152 VUs, 1059635 complete and 0 interrupted iterations
cap_refresh_token   [  98% ] 005/152 VUs  29m27.7s/30m0s  600.00 iters/s

running (29m28.7s), 006/152 VUs, 1060234 complete and 0 interrupted iterations
cap_refresh_token   [  98% ] 006/152 VUs  29m28.7s/30m0s  600.00 iters/s

running (29m29.7s), 006/152 VUs, 1060833 complete and 0 interrupted iterations
cap_refresh_token   [  98% ] 006/152 VUs  29m29.7s/30m0s  600.00 iters/s

running (29m30.7s), 005/152 VUs, 1061434 complete and 0 interrupted iterations
cap_refresh_token   [  98% ] 005/152 VUs  29m30.7s/30m0s  600.00 iters/s

running (29m31.7s), 010/152 VUs, 1062030 complete and 0 interrupted iterations
cap_refresh_token   [  98% ] 010/152 VUs  29m31.7s/30m0s  600.00 iters/s

running (29m32.7s), 005/152 VUs, 1062634 complete and 0 interrupted iterations
cap_refresh_token   [  98% ] 005/152 VUs  29m32.7s/30m0s  600.00 iters/s

running (29m33.7s), 005/152 VUs, 1063235 complete and 0 interrupted iterations
cap_refresh_token   [  99% ] 005/152 VUs  29m33.7s/30m0s  600.00 iters/s

running (29m34.7s), 007/152 VUs, 1063833 complete and 0 interrupted iterations
cap_refresh_token   [  99% ] 007/152 VUs  29m34.7s/30m0s  600.00 iters/s

running (29m35.7s), 008/152 VUs, 1064432 complete and 0 interrupted iterations
cap_refresh_token   [  99% ] 008/152 VUs  29m35.7s/30m0s  600.00 iters/s

running (29m36.7s), 005/152 VUs, 1065035 complete and 0 interrupted iterations
cap_refresh_token   [  99% ] 005/152 VUs  29m36.7s/30m0s  600.00 iters/s

running (29m37.7s), 005/152 VUs, 1065635 complete and 0 interrupted iterations
cap_refresh_token   [  99% ] 005/152 VUs  29m37.7s/30m0s  600.00 iters/s

running (29m38.7s), 007/152 VUs, 1066232 complete and 0 interrupted iterations
cap_refresh_token   [  99% ] 007/152 VUs  29m38.7s/30m0s  600.00 iters/s

running (29m39.7s), 005/152 VUs, 1066834 complete and 0 interrupted iterations
cap_refresh_token   [  99% ] 005/152 VUs  29m39.7s/30m0s  600.00 iters/s

running (29m40.7s), 005/152 VUs, 1067435 complete and 0 interrupted iterations
cap_refresh_token   [  99% ] 005/152 VUs  29m40.7s/30m0s  600.00 iters/s

running (29m41.7s), 005/152 VUs, 1068035 complete and 0 interrupted iterations
cap_refresh_token   [  99% ] 005/152 VUs  29m41.7s/30m0s  600.00 iters/s

running (29m42.7s), 006/152 VUs, 1068633 complete and 0 interrupted iterations
cap_refresh_token   [  99% ] 006/152 VUs  29m42.7s/30m0s  600.00 iters/s

running (29m43.7s), 005/152 VUs, 1069235 complete and 0 interrupted iterations
cap_refresh_token   [  99% ] 005/152 VUs  29m43.7s/30m0s  600.00 iters/s

running (29m44.7s), 005/152 VUs, 1069835 complete and 0 interrupted iterations
cap_refresh_token   [  99% ] 005/152 VUs  29m44.7s/30m0s  600.00 iters/s

running (29m45.7s), 006/152 VUs, 1070434 complete and 0 interrupted iterations
cap_refresh_token   [  99% ] 006/152 VUs  29m45.7s/30m0s  600.00 iters/s

running (29m46.7s), 007/152 VUs, 1071033 complete and 0 interrupted iterations
cap_refresh_token   [  99% ] 007/152 VUs  29m46.7s/30m0s  600.00 iters/s

running (29m47.7s), 005/152 VUs, 1071635 complete and 0 interrupted iterations
cap_refresh_token   [  99% ] 005/152 VUs  29m47.7s/30m0s  600.00 iters/s

running (29m48.7s), 008/152 VUs, 1072232 complete and 0 interrupted iterations
cap_refresh_token   [  99% ] 008/152 VUs  29m48.7s/30m0s  600.00 iters/s

running (29m49.7s), 004/152 VUs, 1072836 complete and 0 interrupted iterations
cap_refresh_token   [  99% ] 004/152 VUs  29m49.7s/30m0s  600.00 iters/s

running (29m50.7s), 004/152 VUs, 1073435 complete and 0 interrupted iterations
cap_refresh_token   [  99% ] 004/152 VUs  29m50.7s/30m0s  600.00 iters/s

running (29m51.7s), 004/152 VUs, 1074035 complete and 0 interrupted iterations
cap_refresh_token   [ 100% ] 004/152 VUs  29m51.7s/30m0s  600.00 iters/s

running (29m52.7s), 004/152 VUs, 1074636 complete and 0 interrupted iterations
cap_refresh_token   [ 100% ] 004/152 VUs  29m52.7s/30m0s  600.00 iters/s

running (29m53.7s), 004/152 VUs, 1075236 complete and 0 interrupted iterations
cap_refresh_token   [ 100% ] 004/152 VUs  29m53.7s/30m0s  600.00 iters/s

running (29m54.7s), 005/152 VUs, 1075835 complete and 0 interrupted iterations
cap_refresh_token   [ 100% ] 005/152 VUs  29m54.7s/30m0s  600.00 iters/s

running (29m55.7s), 004/152 VUs, 1076436 complete and 0 interrupted iterations
cap_refresh_token   [ 100% ] 004/152 VUs  29m55.7s/30m0s  600.00 iters/s

running (29m56.7s), 005/152 VUs, 1077034 complete and 0 interrupted iterations
cap_refresh_token   [ 100% ] 005/152 VUs  29m56.7s/30m0s  600.00 iters/s

running (29m57.7s), 005/152 VUs, 1077634 complete and 0 interrupted iterations
cap_refresh_token   [ 100% ] 005/152 VUs  29m57.7s/30m0s  600.00 iters/s

running (29m58.7s), 005/152 VUs, 1078234 complete and 0 interrupted iterations
cap_refresh_token   [ 100% ] 005/152 VUs  29m58.7s/30m0s  600.00 iters/s

running (29m59.7s), 003/152 VUs, 1078836 complete and 0 interrupted iterations
cap_refresh_token   [ 100% ] 003/152 VUs  29m59.7s/30m0s  600.00 iters/s

running (30m00.0s), 000/152 VUs, 1079010 complete and 0 interrupted iterations
cap_refresh_token ✓ [ 100% ] 000/152 VUs  30m0s  600.00 iters/s

running (30m00.0s), 000/152 VUs, 1079010 complete and 0 interrupted iterations
cap_refresh_token ✓ [ 100% ] 000/152 VUs  30m0s  600.00 iters/s
cap/cap_refresh_token: status=target_miss rps=599.785 p95=16.106ms errors=0.0 db_calls=163290991
