epoch,app_jif,app_rss_kb,pg_jif,pg_rss_kb,vk_jif,vk_rss_kb,run_jif,run_rss_kb
1789793497,237309,136056,213353,4414632,23274,303164,,
1789793500,237778,136108,213804,4454616,23316,303392,847,804420
1789793502,238612,136140,214569,4529900,23369,293392,1230,810492
1789793504,239401,136108,215275,4426748,23423,283936,1570,786384
1789793507,240195,136060,215988,4426828,23478,283956,1955,883604
1789793509,241004,136148,216717,4431980,23533,284044,2299,888720
1789793511,241817,136052,217445,4432052,23588,284116,2633,893512
1789793513,242615,136036,218164,4431972,23643,284340,3033,871136
1789793516,243409,136036,218874,4431952,23697,283264,3383,898040
1789793518,244202,136144,219583,4432040,23749,283740,3766,899168
1789793520,244976,136140,220297,4437232,23800,284120,4102,873260
1789793523,245774,136088,221007,4437300,23856,284596,4459,876112
1789793525,246591,136032,221748,4437328,23910,285116,4866,902752
1789793527,247400,136108,222487,4437260,23967,285696,5223,903968
1789793530,248213,136092,223256,4442560,24024,286196,5624,884496
1789793532,249026,136048,223957,4442616,24075,286604,5971,912656
1789793534,249823,136136,224676,4442568,24129,287096,6314,911624
1789793536,250608,136052,225385,4442592,24183,287560,6729,920440
1789793539,251415,136104,226126,4442572,24240,290988,7090,893824
1789793541,252265,136112,226887,4448464,24296,288472,7494,922980
1789793544,253103,136108,227674,4448444,24352,289052,7869,921420
1789793546,253958,136104,228512,4448424,24411,289436,8233,921612
1789793548,254809,136064,229279,4448448,24465,290048,8634,903420
1789793551,255641,136048,230039,4454508,24519,290548,8985,930432
1789793553,256437,136056,230759,4454608,24575,291060,9390,930136
1789793555,257251,136140,231478,4454644,24628,291408,9730,929792
1789793558,258044,136088,232197,4454672,24682,291972,10072,903664
1789793560,258861,136148,232943,4479868,24738,292484,10491,941576
1789793562,259693,136064,233715,4590156,24794,292980,10842,942764
1789793565,260489,136104,234494,4596372,24848,293428,11199,915984
1789793567,261296,136104,235236,4607104,24904,293936,11605,943232
1789793569,262096,136064,235995,4608584,24958,294264,11964,943244
1789793571,262919,136104,236748,4615224,25014,294904,12326,943960
1789793574,263713,136064,237367,4471424,25067,295340,12728,924752
1789793576,264505,136056,238073,4471620,25121,295840,13080,952188
1789793578,265313,136140,238803,4471504,25175,296300,13428,951420
1789793581,266123,136116,239550,4471376,25230,296744,13835,943892
1789793583,266964,136032,240325,4474880,25286,297220,14198,925356
1789793585,267795,136132,241080,4474980,25345,297732,14571,952276
1789793588,268615,136144,241824,4474968,25398,298132,14974,951316
1789793590,269420,136100,242552,4474872,25451,298664,15327,925444
1789793592,270220,136052,243280,4479296,25503,299080,15678,953812
1789793594,271032,136144,244016,4479376,25557,299564,16075,968300
1789793597,271844,136084,244752,4479332,25611,300020,16433,969280
1789793599,272630,136140,245450,4479516,25664,300516,16774,941424
1789793601,273421,136052,246164,4479416,25715,301012,17164,968256
1789793604,274213,136108,246902,4484988,25770,301476,17521,968632
1789793606,275025,136048,247689,4484952,25826,301884,17880,967768
1789793608,275847,136140,248462,4484916,25882,302492,18296,941516
1789793610,276660,136056,249198,4485012,25939,302864,18659,968732
1789793613,277481,136064,249946,4491860,25992,303416,19013,967892
1789793615,278312,136092,250706,4491908,26050,303808,19378,941436
1789793617,279126,136064,251434,4491852,26103,304400,19790,986140
1789793620,280105,201632,252244,4528528,26162,304812,20162,983952
1789793622,281407,201620,253120,4614676,26227,305364,20549,985996
1789793624,282760,201596,254068,4637956,26293,305828,20991,958628
1789793627,284092,201512,254954,4640164,26355,306264,21388,985472
1789793629,285431,136040,255877,4671208,26420,306796,21772,985288
1789793631,286737,201540,256606,4499268,26479,307280,22146,958552
1789793634,288078,136120,257486,4502424,26542,307776,22572,984708
1789793636,289401,141920,258342,4502564,26607,308328,22956,983552
1789793638,290711,201568,259182,4502464,26669,308800,23337,984340
1789793641,292076,162280,260052,4502364,26732,309248,23786,958596
1789793643,293445,201544,260895,4502560,26792,309820,24157,985748
1789793645,294784,201568,261779,4506260,26859,310252,24561,984716
1789793648,296125,201588,262621,4506256,26921,310896,24927,984012
1789793650,297457,201540,263481,4506344,26985,311292,25357,1011580
1789793652,298803,162816,264331,4506372,27047,311756,25742,1009348
1789793655,300155,201540,265230,4512376,27113,312340,26136,1009360
1789793657,301500,201548,266072,4512560,27176,312836,26519,983980
1789793659,302840,201540,266938,4512768,27240,313264,26949,1011992
1789793662,304141,201512,267758,4512576,27299,313892,27319,1010200
1789793664,305446,201516,268571,4512552,27359,314240,27702,984320
1789793666,306774,166468,269438,4515016,27421,314744,28091,984324
1789793669,308144,201544,270399,4514996,27486,315340,28532,1011128
1789793671,309465,201624,271254,4515036,27548,315716,28921,1011060
1789793673,310780,201540,272086,4515108,27608,316356,29303,984508
1789793676,312113,201572,272958,4518220,27672,316848,29684,1012244
1789793678,313485,201540,273836,4518324,27742,317300,30133,1011188
1789793680,314808,136124,274687,4547096,27801,317844,30504,984468
1789793683,316128,136064,275552,4655264,27864,318300,30897,984436
1789793685,317451,136148,276454,4663152,27924,318864,31278,1037516
1789793687,318792,201516,277349,4670616,27987,319384,31703,1037328
1789793690,320154,201612,278241,4671340,28051,319828,32085,1010924
1789793692,321464,201528,279095,4671344,28110,320360,32462,1037452
1789793694,322797,201548,279836,4523980,28176,320844,32856,1037940
1789793697,324133,179080,280703,4527192,28238,321368,33252,1027880
1789793699,325449,201536,281547,4527136,28302,321792,33686,1011548
1789793701,326786,136152,282391,4527036,28367,322472,34078,1038400
1789793704,328106,136044,283241,4527180,28431,322936,34464,1039372
1789793706,329432,136096,284098,4688676,28493,323544,34856,1011656
1789793708,330777,136148,284957,4530620,28553,324024,35280,1038964
1789793711,332113,201624,285813,4530672,28617,324572,35668,1038520
1789793713,333467,201624,286660,4530656,28680,325144,36064,1038448
1789793715,334819,201536,287529,4530724,28748,327316,36474,1011900
1789793718,336240,136100,288464,4532888,28830,340440,36864,1040352
1789793720,337563,136148,289308,4532840,28904,342764,37287,1039432
1789793722,338869,185748,290141,4532964,28972,343640,37660,1011852
1789793725,340205,136120,290993,4532912,29043,344100,38054,1039400
1789793727,341560,201544,291907,5000024,29109,336436,38450,1037636
1789793729,342895,201624,292732,4535532,29173,337004,38836,1011792
1789793732,344314,159644,293697,4535636,29241,337472,39272,1051352
1789793734,345643,136160,294554,4535760,29304,338080,39677,1079068
1789793736,347013,201572,295422,4535740,29368,338572,40071,1077180
1789793739,348334,201540,296289,4537148,29433,339168,40479,1051512
1789793741,349832,201568,297303,4575796,29516,339864,40997,1078908
1789793743,351228,201628,298223,4654904,29581,340320,41378,1078724
1789793746,352555,201616,299143,4666436,29646,340868,41761,1078612
1789793748,353907,189740,300037,4681412,29710,341444,42158,1051872
1789793750,355316,136152,300866,4541240,29778,341916,42561,1077176
1789793753,356683,201544,301751,4541260,29844,342444,43007,1077104
1789793755,357998,201628,302548,4541372,29901,342988,43380,1051916
1789793757,359359,201540,303419,4541392,29964,343296,43773,1051936
1789793760,360678,201540,304276,4543740,30022,343904,44154,1078420
1789793762,361996,201620,305131,4543800,30085,344380,44551,1079144
1789793764,363330,136160,305958,4543736,30146,344868,44945,1051908
1789793767,364686,136160,306821,4543712,30210,345404,45355,1078352
1789793769,366083,201628,307746,4546212,30278,345932,45807,1078220
1789793771,367425,201536,308601,4546184,30341,346444,46198,1058432
1789793774,368753,201616,309436,4546104,30403,346940,46589,1051956
1789793776,370077,201588,310273,4546184,30462,347396,46967,1079348
1789793778,371418,201544,311135,4546276,30527,347836,47365,1078516
1789793781,372745,201612,311987,4548824,30589,348456,47756,1051896
1789793783,374085,201512,312855,4548776,30649,348840,48192,1078988
1789793785,375449,136116,313722,4548876,30714,349408,48580,1077960
1789793788,376741,201536,314531,4548840,30774,349892,48952,1051960
1789793790,378099,201624,315420,4550668,30839,350384,49348,1093424
1789793792,379464,201616,316291,4550596,30905,350888,49748,1119640
1789793795,380840,201628,317188,4550632,30973,351480,50165,1120444
1789793797,382200,150064,318056,4550608,31039,352032,50604,1093508
1789793799,383528,201616,318905,4602924,31101,352496,50986,1121804
1789793802,384895,201512,319870,4645548,31166,352936,51393,1119788
1789793804,386289,201512,320779,4652972,31232,353400,51796,1118492
1789793806,387632,167040,321697,4730052,31297,354008,52206,1094120
1789793809,389017,201628,322509,4552884,31362,354504,52612,1121732
1789793811,390395,201624,323424,4554128,31431,355004,53024,1121640
1789793813,391717,201628,324272,4554152,31492,355620,53418,1094308
1789793816,393064,201576,325128,4554112,31555,356044,53816,1120880
1789793818,394390,201572,325977,4554224,31616,356556,54250,1121604
1789793820,395760,201584,326835,4554172,31679,357036,54679,1102728
1789793823,397164,201624,327755,4556548,31743,357548,55076,1094964
1789793825,398681,201596,328730,4556408,31815,357996,55509,1122488
1789793828,400023,193860,329623,4558088,31878,358468,55902,1121856
1789793830,401335,164584,330453,4558084,31939,358920,56291,1095300
1789793832,402647,136120,331280,4558156,32000,359404,56673,1121048
1789793835,403951,201584,332100,4558064,32057,359960,57056,1121892
1789793837,405316,201584,333003,4560324,32121,360476,57464,1120524
1789793839,406662,152144,333854,4560252,32181,360984,57848,1095488
1789793842,408016,201584,334731,4560204,32246,361508,58240,1123856
1789793844,409347,201632,335595,4560324,32310,362036,58687,1121312
1789793846,410716,201540,336439,4560276,32371,362484,59088,1095516
1789793849,412071,136072,337329,4561340,32435,362972,59486,1121108
1789793851,413257,136072,338117,4561276,32493,363664,59896,1125004
1789793853,414671,136104,339018,4561276,32560,364060,60309,1129688
1789793856,416023,201628,339874,4561068,32623,364484,60713,1232820
1789793858,417248,201544,340677,4562512,32678,364980,61141,1261944
1789793860,418630,201580,341568,4586672,32742,365476,61570,1370276
1789793863,419965,136148,342460,4661652,32806,365916,61988,1447936
1789793865,421300,160680,343336,4669516,32869,366548,62402,1476352
1789793867,422646,201536,344273,4684524,32936,367068,62823,1478548
1789793870,424003,201508,345134,4564016,33005,367572,63205,1478180
1789793872,425371,201580,345980,4563968,33069,368096,63626,1450828
1789793874,426736,201624,346859,4563916,33133,368572,64070,1478432
1789793877,428141,136080,347769,4563988,33202,369080,64506,1478664
1789793879,429506,201592,348671,4564728,33265,369564,64924,1480304
1789793881,430861,201548,349549,4564752,33331,370112,65286,1452764
1789793884,432190,201592,350403,4564716,33396,370516,65711,1481008
1789793886,433519,201540,351266,4564828,33461,371108,66147,1479556
1789793888,434895,201632,352140,4644588,33525,371684,66593,1452936
1789793891,436249,201588,353040,4566312,33589,372168,66946,1479040
1789793893,437594,201540,353893,4566360,33653,372572,67361,1479424
1789793895,438903,201508,354723,4566384,33713,373172,67761,1478768
1789793898,440240,201596,355591,4566380,33776,373688,68182,1453044
1789793900,441573,201532,356464,4567364,33840,374180,68599,1479764
1789793902,442904,201568,357369,4567332,33908,374720,68989,1479168
1789793905,444292,198896,358215,4567544,33968,375212,69407,1453076
1789793907,445625,136128,359078,4567472,34031,375696,69832,1480124
1789793909,446964,201580,359936,4567448,34095,376104,70254,1478996
1789793912,448295,136100,360834,4568416,34156,376736,70594,1479444
1789793914,449630,201624,361730,4568544,34218,377196,71006,1452996
1789793916,450965,201580,362594,4568576,34284,377728,71430,1479772
1789793919,452305,136104,363452,4568496,34345,378244,71862,1479288
1789793921,453631,136064,364413,4692004,34409,378652,72275,1456764
1789793923,454976,136076,365302,4692032,34477,379304,72642,1484152
1789793926,456363,201632,366120,4570072,34549,379860,73102,1481924
1789793928,457723,201572,366991,4570120,34611,380220,73513,1483220
1789793930,459078,201580,367866,4570124,34677,380816,73944,1456764
1789793933,460447,175956,368776,4570408,34745,381308,74394,1483848
1789793935,461777,150880,369620,4570360,34806,381896,74748,1483084
1789793937,463113,136068,370485,4570440,34867,382436,75167,1456768
1789793940,464427,136148,371352,4570392,34932,382840,75592,1484552
1789793942,465824,136856,372263,4571680,35000,383492,76024,1492040
1789793944,467129,201572,373097,4571696,35067,383964,76484,1489152
1789793947,468558,201544,374014,4571640,35129,384456,76832,1464960
1789793949,469883,201536,374852,4571712,35191,384824,77242,1490804
1789793951,471218,201540,375735,5069732,35256,385416,77662,1491532
1789793954,472552,136100,376619,4572548,35322,385992,78098,1568148
1789793956,473961,183264,377519,4572392,35390,386468,78526,1589376
1789793958,475277,201532,378357,4572440,35450,386968,78887,1587724
1789793961,476612,201512,379216,4572552,35513,387452,79322,1582524
1789793963,477983,201588,380112,4573236,35578,387948,79754,1555656
1789793965,479327,201528,380978,4573200,35641,388452,80178,1582552
1789793968,480679,201536,381853,4573272,35709,389040,80623,1583504
1789793970,482018,201584,382698,4573312,35768,389384,80965,1555712
1789793972,483359,201572,383608,4885092,35833,390040,81423,1584384
1789793975,484727,201536,384587,4573748,35900,390444,81852,1584156
1789793977,486060,139240,385439,4573748,35963,391068,82275,1583004
1789793980,487493,201572,386394,4604748,36041,391760,82679,1556712
1789793982,488864,201580,387310,4650132,36106,392180,83121,1584408
1789793984,490245,201628,388249,4702716,36171,392720,83552,1584340
1789793987,491561,201540,389132,4706584,36236,393284,83996,1557192
1789793989,492949,201540,390092,4712748,36303,393728,84359,1557084
1789793991,494311,201624,390978,4718756,36361,394324,84781,1584596
1789793994,495650,201588,391965,5252644,36424,394708,85199,1583420
1789793996,497000,201584,392678,4575808,36493,395328,85649,1557156
1789793998,498424,201516,393615,4575872,36560,395756,86023,1583788
1789794001,499781,201620,394508,4575888,36627,396352,86469,1583312
1789794003,501131,201588,395379,4575856,36696,396780,86911,1583780
1789794005,502559,201572,396340,4577588,36758,397364,87351,1557188
1789794008,503902,201576,397201,4577692,36823,397932,87715,1583960
1789794010,505225,201536,398055,4577592,36885,398424,88152,1582604
1789794012,506648,201532,398968,4577520,36955,398952,88604,1557420
1789794015,507990,201580,399923,4912600,37018,399388,89040,1583312
1789794017,509333,201512,400739,4578064,37081,399980,89454,1583940
1789794020,510696,201588,401620,4578100,37146,400360,89827,1585240
1789794022,512081,197504,402531,4578108,37213,401020,90280,1557656
1789794024,513496,201572,403433,4578060,37279,401504,90726,1584212
1789794027,514885,201508,404371,4579224,37346,402040,91171,1582504
1789794029,516219,201596,405236,4579224,37408,402480,91547,1567956
1789794031,517556,201568,406097,4579244,37472,402988,91962,1567900
1789794034,518888,179712,406948,4579140,37533,403544,92376,1596316
1789794036,520235,200756,407927,4579784,37593,404072,92803,1594896
1789794038,521586,201528,408824,4579868,37658,404544,93175,1568156
1789794041,522930,201628,409706,4729704,37719,405028,93594,1595164
1789794043,524262,201612,410597,4729716,37782,405584,94023,1596480
1789794045,525583,201536,411412,4580020,37844,405952,94445,1595292
1789794048,526920,201536,412310,4580724,37908,406580,94826,1568868
1789794050,528345,201568,413245,4580580,37977,407132,95276,1599192
1789794052,529694,201628,414114,4580840,38041,407624,95720,1597392
1789794055,531020,201612,414975,4580816,38103,408096,96147,1571204
1789794057,532391,201580,415883,4581240,38169,408664,96512,1596796
1789794059,533727,201576,416756,4581336,38231,409124,96950,1597876
1789794062,535070,201624,417620,4581324,38297,409660,97394,1571240
1789794064,536434,201624,418514,4581372,38360,410172,97813,1571204
1789794066,537798,201632,419412,4581372,38427,410608,98203,1598420
1789794069,539157,201596,420320,4582092,38490,411240,98648,1649220
1789794071,540522,136044,421209,4582160,38557,411748,99096,1521860
1789794073,541894,201548,422096,4581988,38621,412256,99528,1542060
1789794076,543265,201624,422987,4582112,38685,412696,99963,1541576
1789794078,544587,201588,423850,4582236,38747,413300,100401,1541972
1789794081,546004,155904,424788,4581976,38816,413820,100865,1519620
1789794083,547398,201580,425691,4582024,38883,414340,101300,1633404
1789794085,548765,201536,426563,4582052,38948,414840,101666,1632576
1789794088,550077,201512,427410,4582116,39010,415356,102096,1611364
1789794090,551433,201584,428284,4582656,39072,415884,102533,1638652
1789794092,552800,136160,429186,4582620,39142,416428,102914,1640888
1789794095,554170,136068,430072,4582628,39210,416960,103385,1640912
1789794097,555513,154104,430965,4582756,39271,417372,103811,1615512
1789794099,556890,201616,431994,4609980,39339,417976,104258,1642476
1789794102,558273,169076,432881,4628664,39402,418556,104617,1642300
1789794104,559589,136156,433740,4686100,39464,419004,105035,1617124
1789794106,560924,201572,434629,4698508,39524,419520,105483,1617140
1789794109,562287,201632,435544,4742588,39592,420072,105868,1644348
1789794111,563657,201532,436525,4712948,39658,420468,106305,1643560
1789794113,564976,136156,437376,4720516,39719,420976,106725,1617396
1789794116,566328,150376,438288,4726236,39783,421584,107158,1644376
1789794118,567682,136116,439032,4586996,39849,422088,107533,1644556
1789794120,569034,136040,439953,4587440,39914,422596,107982,1624952
1789794123,570362,201532,440814,4587588,39977,423124,108421,1617372
1789794125,571688,201592,441689,4587524,40045,423572,108805,1643888
1789794127,573089,201580,442591,4587540,40104,424016,109235,1644888
1789794130,574404,201572,443415,4587596,40164,424452,109653,1617300
1789794132,575731,136072,444297,4587688,40228,425136,110016,1643612
1789794134,577084,201588,445172,4587712,40292,425540,110462,1645720
1789794137,578385,201540,446004,4587848,40356,426128,110917,1643484
1789794139,579720,201580,446860,4587816,40419,426612,111331,1617392
1789794141,581129,178920,447787,4588344,40485,427160,111708,1644692
1789794144,582470,136116,448647,4588264,40548,427536,112132,1643836
1789794146,583808,201588,449499,4588400,40611,428112,112558,1617344
1789794148,585124,201548,450360,4588436,40672,428644,112933,1643204
1789794151,586483,201548,451253,4588344,40738,429144,113375,1645768
1789794153,587816,170968,452136,4588892,40800,429488,113810,1617396
1789794155,589167,136076,453000,4588792,40861,430132,114226,1617392
1789794158,590501,136080,453854,4589164,40926,430604,114592,1643172
1789794160,591840,194768,454823,4678792,40988,431184,115017,1642824
1789794162,593172,201544,455736,4702984,41052,431652,115472,1617372
1789794165,594525,201616,456647,4766536,41116,432184,115844,1645096
1789794167,595881,201588,457488,4589616,41188,432604,116287,1643784
1789794170,597267,157532,458399,4589700,41249,433164,116724,1644728
1789794172,598629,201532,459270,4589580,41313,433776,117150,1617372
1789794174,600019,137424,460215,4589988,41383,434364,117538,1644052
1789794177,601371,136120,461085,4590036,41446,434888,118002,1642936
1789794179,602718,201540,461954,4590000,41508,435300,118438,1623872
1789794181,604168,201572,462932,4590084,41581,435848,118826,1617676
1789794184,605551,180456,463883,4589944,41647,436452,119268,1645676
1789794186,606990,201544,464894,4589908,41725,436948,119769,1643924
1789794188,608418,201616,465790,4589944,41792,437700,120227,1618116
1789794191,609808,201588,466697,4589944,41861,438188,120612,1645004
1789794193,611164,201544,467589,4590004,41925,438732,121054,1644076
1789794196,612525,201572,468474,4590268,41988,439188,121496,1624676
1789794198,613921,201628,469402,4590268,42058,439744,121875,1618328
1789794200,615291,201632,470294,4590224,42123,440288,122322,1645676
1789794203,616681,201536,471221,4590280,42192,440856,122813,1645308
1789794205,618092,201624,472172,4590784,42257,441336,123182,1618356
1789794207,619450,201624,473051,4590764,42322,441880,123618,1645340
1789794210,620798,163024,473942,4590824,42389,442460,124062,1767704
1789794212,622156,201568,474828,4590800,42454,443000,124499,1764848
1789794214,623533,201576,475744,5066120,42521,443576,124888,1739692
1789794217,624892,201624,476635,4590984,42586,444084,125345,1767712
1789794219,626293,201588,477564,4591076,42658,444672,125816,1765020
1789794221,627789,136156,478725,4643252,42742,445432,126323,1740952
1789794224,629162,201572,479716,4713968,42808,445864,126704,1770320
1789794226,630524,136104,480575,4591732,42875,446476,127148,1768748
1789794228,631871,161420,481468,4591944,42940,446864,127618,1768836
1789794231,633268,151904,482378,4591888,43008,447528,127998,1741792
1789794233,634570,202072,483254,4591596,43073,448096,128468,1768848
1789794235,635962,202072,484171,4674100,43140,448544,128913,1767104
1789794238,637355,136632,485125,4591944,43209,449008,129298,1742692
1789794240,638727,183592,486026,4591884,43277,449448,129752,1781644
1789794242,640136,202120,486969,4591948,43346,450084,130236,1783936
1789794245,641582,202144,487926,4592052,43416,450548,130646,1783480
1789794247,642970,202100,488872,4591960,43483,451052,131111,1756492
1789794249,644339,202068,489750,4591836,43550,451636,131566,1783096
1789794252,645702,136680,490643,4591952,43615,452088,131942,1784616
1789794254,647030,147948,491509,4591976,43678,452560,132412,1782208
1789794257,648459,202036,492468,4828116,43747,453156,132806,1757096
1789794259,649844,202040,493374,4592380,43814,453676,133265,1784296
1789794261,651171,202116,494227,4592232,43877,454204,133701,1784312
1789794264,652495,202156,495059,4592208,43938,454712,134065,1757056
1789794266,653812,202072,495899,4592188,44000,455220,134508,1782200
1789794268,655147,202160,496786,4592228,44064,455700,134934,1782884
1789794270,656457,202068,497626,4592128,44124,456164,135318,1784412
1789794273,657814,202072,498497,4592216,44189,456616,135779,1756972
1789794275,659158,136684,499370,4592192,44253,457208,136149,1783100
1789794277,660498,202160,500230,4592124,44314,457728,136581,1783344
1789794280,661619,136600,500927,4613572,44364,458068,137035,1757080
1789794283,663003,202896,501870,4616492,44429,458744,137536,1784004
1789794285,664422,137420,502912,4667980,44499,459092,137930,1813652
1789794287,665743,178096,503797,4701032,44562,459680,138384,2037792
1789794290,667119,137652,504725,4713024,44628,460148,138757,2010920
1789794292,668446,137660,505615,4713100,44693,460628,139221,2040956
1789794294,669790,203212,506521,4725572,44761,461268,139604,2042236
1789794297,671124,137704,507421,4737280,44825,461660,140106,2018684
1789794299,672491,203124,508384,5227404,44891,462276,140474,2018720
1789794301,673827,203168,509251,4741336,44956,462824,140947,2046316
1789794304,675170,203124,510018,4593128,45021,463356,141335,2048624
1789794306,676498,187364,510897,4593228,45087,463776,141818,2021124
1789794308,677858,162816,511797,4593180,45153,464348,142207,2047624
1789794311,679222,203384,512738,4593660,45217,464876,142704,2050128
1789794313,680564,203432,513620,4593780,45283,465416,143092,2051424
1789794315,681945,203628,514482,4593640,45350,465960,143576,2023880
1789794318,683325,203680,515403,4593900,45417,466496,144059,2049740
1789794320,684722,203688,516342,4969900,45482,466980,144435,2051356
1789794323,686072,203704,517198,4593872,45549,467416,144931,2023844
1789794325,687394,138228,518041,4593736,45611,468024,145301,2023864
1789794327,688756,203648,518923,4593684,45677,468540,145772,2067732
1789794330,690105,203732,519781,4593716,45739,468972,146128,2065828
1789794332,691432,203700,520665,4593888,45802,469472,146604,2039988
1789794334,692758,138184,521526,4593696,45865,470104,146980,2065772
1789794337,694086,189104,522391,4593876,45929,470548,147475,2066208
1789794339,695450,203656,523291,4593768,45997,471088,147872,2065352
1789794341,696820,203916,524303,5048752,46061,471628,148351,2039964
1789794344,698160,159028,525115,4594328,46124,472116,148705,2065900
1789794346,699516,138768,526068,4594356,46191,472628,149179,2066036
1789794348,700827,138756,526925,4594260,46253,473104,149636,2039964
1789794351,702207,184156,527830,4594388,46322,473648,150058,2083364
1789794353,703526,204176,528706,4594712,46384,474144,150522,2082156
1789794355,704838,204172,529548,4594652,46446,474524,150892,2057616
1789794358,706171,204228,530417,4594608,46509,475020,151346,2056068
1789794360,707509,201056,531292,4594664,46576,485572,151730,2082340
1789794362,708855,204184,532149,4791556,46637,476180,152194,2081572
1789794365,710207,204180,533029,4594576,46700,476688,152592,2058408
1789794367,711544,176248,533901,4594584,46768,477116,153096,2084440
1789794369,712914,204496,534776,4594640,46829,477672,153457,2085272
1789794372,714238,138948,535634,4594460,46893,478256,153938,2058344
1789794374,715593,204744,536536,4594948,46956,478740,154283,2058400
1789794376,716934,204788,537420,4594772,47021,479244,154752,2086900
1789794379,718250,204680,538279,4594804,47083,479660,155139,2085984
1789794381,719584,205044,539141,4594952,47148,480176,155616,2059108
1789794383,720949,204976,540029,4724572,47212,480724,155999,2084784
1789794386,722302,205020,540946,4594724,47279,481244,156479,2085344
1789794388,723631,204968,541807,4594940,47343,481724,156934,2059172
1789794390,724970,204964,542664,4594944,47407,482252,157308,2261004
1789794393,726298,205056,543555,4594932,47475,482860,157822,2286592
1789794395,727674,205056,544446,4595076,47539,483280,158196,2286940
1789794397,728975,159328,545268,4594888,47601,483868,158647,2261196
1789794400,730315,205052,546148,4617460,47665,484284,159024,2287984
1789794402,731672,205052,547049,4698028,47730,484900,159489,2293368
1789794404,732969,204964,547920,4595112,47792,485444,159862,2292612
1789794407,734350,139544,548890,4595140,47856,485960,160375,2267284
1789794409,735754,205020,549840,4595100,47925,486496,160761,2293096
1789794411,737093,205008,550716,4595068,47990,486988,161236,2294076
1789794414,738407,139588,551551,4595164,48051,487440,161602,2268380
1789794416,739799,204972,552489,4595144,48119,488092,162088,2296300
1789794418,741167,204980,553372,4595120,48186,488480,162474,2296148
1789794421,742520,204976,554250,4595136,48254,489100,162988,2297004
1789794423,743847,204964,555094,4595276,48314,489628,163350,2269484
1789794425,745175,160020,555967,4595140,48378,490212,163825,2296692
1789794428,746526,205060,556889,4595092,48443,490664,164218,2295820
1789794430,747884,205004,557744,4595092,48504,491192,164708,2270216
1789794433,749312,205060,558685,4595112,48574,491812,165128,2270104
1789794435,750642,205056,559542,4595080,48636,492236,165599,2297124
1789794437,751959,205060,560448,4595008,48696,492920,165976,2296740
1789794440,753282,204964,561300,4595168,48760,493424,166454,2270096
1789794442,754453,139588,562011,4595120,48807,493768,166788,2295544
1789794444,755873,139548,562989,4595328,48879,494368,167303,2295792
1789794447,757245,204972,563898,4675348,48945,494888,167705,2296504
1789794449,758607,204976,564804,4595648,49007,495380,168178,2270332
1789794451,759946,205012,565688,4595692,49071,495820,168555,2298148
1789794454,761280,188128,566564,4595664,49134,496316,169033,2296312
1789794456,762667,204976,567462,4595652,49202,496772,169409,2270372
1789794458,763982,205020,568346,4595612,49265,497372,169902,2270376
1789794461,765449,205060,569356,4626216,49347,509228,170363,2296492
1789794463,766818,139584,570311,4644704,49415,498684,170867,2297084
1789794465,768155,205056,571185,4724204,49477,499168,171220,2297108
1789794468,769494,139492,572070,4740440,49539,499652,171679,2270540
1789794470,770855,205064,573134,4741768,49610,500164,172069,2270584
1789794473,772280,139504,574143,4774948,49673,500716,172589,2298604
1789794475,773630,204976,575069,4746396,49737,501292,172976,2297912
1789794477,774941,205316,575941,4746668,49801,501680,173452,2298228
1789794480,776325,205496,576927,4746636,49870,502388,173850,2270604
1789794482,777731,199220,577862,4746588,49938,502916,174340,2296872
1789794484,779068,205504,578762,4746636,50001,503412,174718,2295816
1789794487,780424,205544,579470,4595836,50069,503972,175251,2296088
1789794489,781772,152292,580333,4595680,50131,504508,175707,2270596
1789794491,783148,205576,581282,4595860,50198,504996,176119,2296936
1789794494,784481,205504,582140,4595888,50261,505580,176568,2297064
1789794496,785860,205540,583043,4595904,50325,506108,176969,2297680
1789794498,787226,140116,583922,4595996,50392,506632,177465,2296700
1789794501,788593,205496,584845,4596448,50454,507140,177871,2270620
1789794503,789929,140060,585720,4596496,50521,507660,178337,2298068
1789794506,791319,140036,586606,4596436,50587,508160,178722,2296356
1789794508,792724,151672,587542,4596408,50654,508748,179206,2298540
1789794510,794068,205548,588395,4596404,50716,509124,179594,2270624
1789794513,795438,205552,589329,4596404,50786,509788,180118,2270604
1789794515,796845,205588,590234,4596488,50852,510276,180505,2296512
1789794517,798197,205548,591117,4596440,50915,510824,180973,2296424
1789794520,799553,205548,592013,4596532,50984,511336,181388,2297008
1789794522,801004,205496,593003,4596524,51057,511996,181904,2270604
1789794524,802341,205588,593875,4596560,51120,512388,182285,2297388
1789794527,803677,205572,594742,4596700,51186,512932,182797,2297516
1789794529,805009,194680,595614,4596576,51251,513536,183172,2297168
1789794531,806377,205508,596541,4596408,51322,514764,183668,2270520
1789794534,807797,205584,597548,4596776,51381,514580,184057,2290652
1789794536,809179,140076,598473,4596480,51447,514976,184551,2317448
1789794538,810540,205540,599365,4596500,51514,515632,184960,2316604
1789794541,811875,140064,600252,4596476,51579,516056,185466,2316684
1789794543,813242,205544,601160,4596452,51644,516688,185862,2290556
1789794545,814558,205844,602014,4596488,51707,517088,186329,2316324
1789794548,815883,140644,602885,4596484,51768,517608,186709,2317072
1789794550,817242,140536,603763,4596656,51831,518140,187175,2316676
1789794552,818571,140604,604628,4596524,51895,518700,187580,2290692
1789794555,819916,206032,605550,4596552,51960,519156,188087,2290668
1789794557,821296,140564,606433,4596592,52026,519832,188479,2338252
1789794560,822629,140608,607288,4596592,52094,520368,188959,2338324
1789794562,823980,140548,608160,4596628,52154,520844,189347,2336828
1789794564,825020,141124,608855,4596620,52204,521516,189774,2310908
1789794567,826451,206560,609783,4596488,52269,521784,190200,2310960
1789794569,827795,206556,610649,4596532,52328,522276,190661,2337084
1789794571,829144,141132,611550,4596708,52394,522932,191052,2337632
1789794574,830496,145656,612452,4596428,52464,523568,191546,2335772
1789794576,831874,206604,613359,4596592,52526,524128,191933,2310836
1789794578,833215,206524,614216,4596552,52588,524752,192411,2337356
1789794581,834596,206528,615185,4668900,52654,525396,192846,2336988
1789794583,835950,188244,616123,4710468,52720,525956,193337,2338540
1789794585,837333,168148,617029,4843252,52787,526456,193727,2310948
1789794588,838717,206812,617904,4596564,52853,527104,194222,2338232
1789794590,840096,206908,618796,4596508,52919,527592,194608,2337400
1789794592,841412,206856,619646,4596500,52983,527976,195081,2336476
1789794595,842768,206896,620618,4596536,53045,528520,195501,2310940
1789794597,844099,141352,621523,4596672,53108,529168,195884,2310952
1789794599,845448,141396,622384,4596600,53172,529664,196363,2337664
1789794602,846785,206792,623258,4596576,53235,530324,196748,2337696
1789794604,848122,206796,624136,4596564,53302,530864,197250,2310940
1789794606,849486,206824,625068,4961608,53367,531484,197638,2310948
1789794609,850845,206900,625932,4596888,53434,531940,198141,2336616
1789794611,852170,206820,626803,4596764,53497,532560,198513,2337252
1789794613,853531,206912,627686,4596768,53563,533176,199019,2562304
1789794616,854836,206900,628536,4596828,53627,533684,199502,2450220
1789794618,856197,141396,629461,4596844,53694,534276,199896,2450156
1789794620,857572,206828,630358,4596896,53756,534864,200386,2469920
1789794623,858946,186308,631225,4607140,53822,535348,200802,2470016
1789794625,860314,168592,632103,4596788,53887,536088,201296,2471364
1789794627,861679,206908,632988,4834204,53954,536668,201683,2450792
1789794630,863082,141436,633937,4597060,54023,537272,202178,2478756
1789794632,864444,206788,634849,4597096,54091,537996,202576,2477744
1789794634,865814,188116,635733,4597100,54158,538624,203076,2480032
1789794637,867135,206872,636585,4597024,54221,539144,203491,2453768
1789794639,868475,206900,637497,4597136,54286,539728,203885,2453768
1789794641,869809,206904,638404,4636624,54352,540320,204379,2492080
1789794644,871214,206896,639351,4636708,54419,540932,204784,2491056
1789794646,872534,206816,640226,4676416,54481,541532,205262,2482548
1789794648,873902,206900,641170,4718260,54546,542104,205658,2460716
1789794651,875232,206820,641999,4597140,54612,542780,206174,2484244
1789794653,876606,206812,642885,4597080,54674,543312,206545,2485008
1789794656,877943,206808,643823,4596996,54738,543848,207010,2484948
1789794658,879279,206872,644733,4597144,54802,544372,207397,2458276
1789794660,880645,206908,645679,4597188,54869,544984,207889,2458444
1789794663,882022,141396,646588,4597300,54930,545560,208307,2485316
1789794665,883433,206816,647525,4597140,54998,546168,208821,2484348
1789794667,884843,206860,648454,4597224,55066,546812,209231,2484900
1789794670,886204,141436,649352,4597300,55132,547396,209723,2458488
1789794672,887578,206788,650291,4597076,55199,547920,210116,2486208
1789794674,888919,206816,651175,4597072,55263,548512,210606,2484768
1789794677,890254,141344,652049,4597124,55325,549068,211039,2486056
1789794679,891664,206860,652974,4597108,55391,549556,211416,2486824
1789794681,892984,206816,653886,4597152,55457,550124,211905,2458604
1789794684,894355,206864,654775,4597208,55522,550656,212304,2487040
1789794686,895707,179340,655685,4597200,55587,551116,212800,2484852
1789794688,897059,206904,656536,4597196,55651,551828,213205,2486860
1789794691,898394,206820,657398,4597180,55712,552372,213703,2458596
1789794693,899726,141380,658293,4597140,55771,552960,214077,2458652
1789794695,901051,206816,659157,4597360,55832,553428,214540,2485408
1789794698,902381,206868,660027,4597148,55896,553956,214929,2485740
1789794700,903752,141356,660953,4621848,55966,554520,215433,2459672
1789794703,905246,206860,662052,4625888,56050,555448,215926,2459660
1789794705,906652,206860,662987,4669000,56113,555984,216420,2487196
1789794707,907988,206876,663892,4698000,56180,556628,216819,2486408
1789794710,909363,206796,664828,4722828,56249,557188,217321,2486640
1789794712,910708,206852,665716,4722816,56312,557860,217711,2459920
1789794714,912090,206812,666685,4725100,56380,558332,218220,2459860
1789794717,913463,206896,667705,4729556,56448,559036,218650,2485840
1789794719,914845,141440,668751,4741812,56514,559672,219160,2486776
1789794721,916204,206812,669658,4745428,56576,560160,219569,2459844
1789794724,917532,206824,670423,5128960,56639,560580,219950,2459908
1789794726,918888,141396,671285,4597708,56704,561232,220446,2486848
1789794728,920241,206896,672161,4597564,56769,561776,220836,2487140
1789794731,921576,141612,673033,4597744,56831,562192,221357,2486924
1789794733,922929,190536,673918,4597732,56895,562744,221776,2460120
1789794735,924293,206872,674855,4597736,56959,563248,222266,2487624
1789794738,925606,141348,675709,4597924,57021,563908,222649,2486816
1789794740,926957,206896,676604,4597784,57087,564496,223155,2487388
1789794742,928323,170704,677498,4597784,57155,565140,223538,2460156
1789794745,929773,141376,678465,4960172,57227,565744,224105,2460056
1789794747,931146,154904,679377,4597792,57295,566312,224521,2488152
1789794749,932515,206792,680266,4597744,57362,566980,225008,2486416
1789794752,933891,141436,681149,4597864,57427,567524,225413,2487964
1789794754,935204,206868,681994,4597792,57486,567992,225875,2460160
1789794756,936567,206864,682948,4597884,57555,568632,226309,2460184
1789794759,937929,141404,683881,4597844,57624,569260,226750,2486352
1789794761,939324,141344,684763,4597868,57689,569812,227249,2486544
1789794763,940690,153224,685674,4597752,57760,570552,227667,2477496
1789794766,942075,206824,686594,5025616,57826,571032,228160,2460192
1789794768,943452,206868,687484,4597796,57889,571644,228559,2487472
1789794771,944794,206792,688374,4597812,57954,572180,229060,2488036
1789794773,946128,206828,689279,4597812,58023,572844,229489,2487688
1789794775,947524,206860,690154,4597916,58089,573396,229989,2461544
1789794778,948876,206864,691094,4597960,58155,573932,230384,2461480
1789794780,950242,206824,692065,4597848,58219,574400,230875,2486752
1789794782,951654,206900,693004,4597844,58285,574988,231273,2488636
1789794785,952983,179356,693876,4597860,58355,575488,231806,2483056
1789794787,954366,141436,694784,4597868,58419,576068,232220,2461448
1789794789,955712,141340,695691,4597956,58484,576704,232719,2487944
1789794792,957064,141428,696565,4597860,58548,577208,233118,2488592
1789794794,958447,141324,697475,4609460,58618,577892,233626,2494120
1789794796,959860,178652,698386,4597796,58684,578424,234045,2468008
1789794799,961234,206824,699356,4597908,58754,579220,234596,2469472
1789794801,962633,141380,700279,4597924,58821,579852,235008,2498052
1789794804,964018,196044,701172,4597936,58885,580284,235401,2496752
1789794806,965352,192008,702097,4597968,58953,581008,235915,2499656
1789794808,966782,151144,702979,4598068,59020,581552,236331,2471856
1789794811,968153,206816,703908,4598012,59083,581980,236856,2471884
1789794813,969519,141348,704793,4597844,59151,582664,237282,2499176
1789794815,970906,206896,705707,4598040,59220,583272,237783,2499548
1789794818,972280,159872,706585,4597784,59285,583852,238184,2472388
1789794820,973672,177852,707560,4639908,59357,584404,238712,2472296
1789794823,975038,141344,708469,4663772,59422,584964,239135,2500308
1789794825,976393,141392,709394,4691664,59489,585548,239660,2500084
1789794827,977703,206848,710263,4691928,59548,586008,240040,2498480
1789794830,979069,206820,711161,4691920,59615,586508,240534,2474400
1789794832,980504,206896,712183,4739960,59685,587252,240953,2474380
1789794834,981882,206896,713036,4597892,59753,587776,241456,2500100
1789794837,983258,191272,713941,4597872,59817,588292,241893,2499240
1789794839,984630,206824,714854,4597940,59885,588868,242415,2501248
1789794841,986069,206812,715883,4598004,59961,589624,242856,2474500
1789794844,987549,183416,716926,4597904,60029,590184,243359,2474568
1789794846,988970,206864,717868,4597912,60094,590720,243775,2502808
1789794849,990360,206820,718787,4597984,60161,591264,244318,2500216
1789794851,991742,206908,719700,4598048,60227,591820,244746,2500476
1789794853,993104,162208,720616,4597964,60292,592328,245136,2474488
1789794856,994474,141904,721508,4598044,60357,592960,245642,2474564
1789794858,995856,147760,722408,4598104,60417,593444,246037,2501844
1789794861,997225,143012,723306,4597952,60483,593988,246571,2501140
1789794863,998614,206872,724249,4598096,60551,594516,247010,2496896
1789794865,1000024,206848,725172,4598024,60619,595084,247505,2474824
1789794868,1001416,206788,726088,4598016,60689,595568,247915,2501200
1789794870,1002803,201356,726998,4598116,60756,596196,248428,2500988
1789794872,1004230,206868,727938,4597988,60826,596712,248859,2501088
1789794875,1005583,169380,728844,4598032,60891,597152,249397,2477348
1789794877,1006956,168136,729726,4597960,60954,597684,249793,2477636
1789794880,1008312,141384,730624,4655668,61024,598384,250300,2505928
1789794882,1009660,141436,731674,4681884,61093,599044,250716,2504248
1789794884,1011107,206820,732554,4598084,61160,599568,251219,2505340
1789794887,1012452,141400,733422,4597996,61224,599984,251649,2479296
1789794889,1013806,206860,734309,4598000,61289,600580,252064,2481008
1789794891,1015161,141392,735202,4598080,61355,601300,252584,2689224
1789794894,1016520,206856,736078,4597996,61418,601808,253066,2667828
1789794896,1017866,206868,736978,4598044,61485,602448,253477,2669280
1789794898,1019220,206844,737865,4598128,61551,603032,254000,2635292
1789794901,1020617,141356,738761,4597904,61615,603584,254431,2663660
1789794903,1021959,207168,739679,4598164,61684,604140,254941,2665044
1789794906,1023411,146180,740738,4598068,61749,604704,255357,2665972
1789794908,1024748,207172,741609,4598108,61815,605200,255768,2653784
1789794910,1026101,179936,742500,4597960,61880,605896,256284,2648336
1789794913,1027436,185968,743364,4598072,61946,606444,256714,2674324
1789794915,1028766,207084,744214,4609332,62016,614516,257228,2671548
1789794917,1030107,207112,745135,4598020,62102,630468,257622,2672128
1789794920,1031429,207176,745989,4598068,62184,637228,258120,2644232
1789794922,1032787,207124,746853,4598184,62261,631792,258514,2670240
1789794924,1034120,207112,747743,4598056,62334,633160,258933,2671572
1789794927,1035489,207160,748670,4598020,62407,634000,259483,2670408
1789794929,1036841,207120,749540,4598120,62475,634508,259884,2644236
1789794931,1038173,207392,750410,4598164,62552,635152,260401,2648424
1789794934,1039550,207396,751300,4598036,62621,635708,260800,2674928
1789794936,1040874,141876,752152,4598168,62683,627936,261278,2680140
1789794938,1042212,141968,753078,4598332,62748,628596,261696,2684328
1789794941,1043609,207320,754022,4629828,62819,629324,262248,2661028
1789794943,1045029,207392,754971,4690144,62892,630000,262679,2660988
1789794946,1046383,190976,755841,4598124,62957,630584,263072,2687764
1789794948,1047734,207396,756791,4997436,63023,631088,263572,2678264
1789794950,1049070,207344,757618,4598084,63087,631680,263967,2652916
1789794953,1050423,207388,758492,4598132,63152,632212,264498,2653040
1789794955,1051787,207428,759385,4598260,63220,632664,264945,2680612
1789794957,1053164,207356,760295,4598136,63289,633356,265466,2680856
1789794960,1054507,207436,761195,4598252,63352,633948,265874,2679728
1789794962,1055859,207428,762070,4598196,63416,634488,266275,2653052
1789794964,1057205,207420,762954,4598124,63482,634972,266785,2679404
1789794967,1058590,207424,763955,4598216,63545,635592,267246,2680512
1789794969,1060036,164320,764948,4830256,63616,636180,267781,2678796
1789794971,1061378,141972,765828,4598136,63678,636668,268184,2656416
1789794974,1062731,207348,766718,4598232,63743,637300,268695,2652944
1789794976,1064093,207348,767594,4598236,63809,637948,269108,2679352
1789794978,1065430,207376,768455,4598228,63871,638500,269588,2678840
1789794981,1066772,141880,769365,4598180,63934,639052,270030,2679480
1789794983,1068101,207384,770223,4598208,63997,639572,270434,2653108
1789794985,1069415,207388,771075,4598364,64058,640012,270917,2653272
1789794988,1070732,207372,771926,4598280,64118,640548,271315,2678260
1789794990,1072075,207396,772806,4598224,64182,641164,271815,2679876
1789794992,1073396,207344,773700,4598160,64243,641736,272251,2655244
1789794995,1074817,141920,774605,4598228,64310,642236,272767,2653220
1789794997,1076178,141908,775493,4598148,64377,642716,273190,2681240
1789795000,1077530,168656,776374,4622628,64440,643392,273587,2679560
1789795002,1078890,207384,777317,4636160,64506,644032,274093,2679924
1789795004,1080244,207388,778241,4639780,64573,644496,274493,2653196
1789795007,1081592,207344,779149,4694184,64639,645196,275022,2653152
1789795009,1082943,207348,780057,4731832,64703,645708,275443,2678680
1789795011,1084303,207432,780969,4740156,64770,646308,275954,2679840
1789795014,1085642,207352,781915,4743504,64834,646892,276353,2662932
1789795016,1086995,207340,782816,4743464,64898,647320,276768,2653292
1789795018,1088319,207340,783693,4762564,64961,648032,277278,2678960
1789795021,1089703,141964,784682,4745896,65026,648508,277712,2679788
1789795023,1091075,207380,785735,5333544,65094,649120,278254,2680772
1789795025,1092416,207428,786571,4749344,65156,649700,278653,2653268
1789795028,1093766,141956,787513,4749364,65220,650180,279167,2653160
1789795030,1095205,207424,788581,4749536,65292,650644,279617,2679012
1789795032,1096575,207376,789503,4749516,65357,651376,280037,2680192
1789795035,1097926,195784,790215,4598576,65423,651796,280596,2657556
1789795037,1099353,207616,791116,4598544,65489,652408,281021,2653172
1789795039,1100703,183372,791999,4598612,65553,652920,281527,2678816
1789795042,1102073,207640,792925,4598656,65620,653372,281957,2678888
1789795044,1103460,142188,793866,5134556,65685,654100,282501,2680096
1789795047,1104901,207664,794840,4598848,65755,654684,282944,2653196
1789795049,1106262,191020,795732,4598808,65823,655320,283382,2653236
1789795051,1107591,207660,796616,4598700,65886,655836,283895,2680040
1789795054,1108992,207608,797541,4598608,65956,656392,284327,2679420
1789795056,1110387,207636,798518,4598664,66025,657020,284857,2678856
1789795058,1111768,143768,799422,4598804,66091,657676,285281,2653212
1789795061,1113195,202152,800377,4598704,66162,658012,285853,2677684
1789795063,1114516,143504,801238,4598732,66224,658672,286290,2681076
1789795065,1115847,170692,802115,4598812,66286,659172,286797,2679076
1789795068,1117204,142136,803037,4598556,66352,659688,287210,2653284
1789795070,1118546,207604,803931,4598668,66417,660144,287623,2653236
1789795072,1119917,207616,804787,4598756,66477,660724,288113,2678592
1789795075,1121230,207620,805637,4598744,66541,661236,288539,2678904
1789795077,1122578,172864,806565,4598760,66609,661720,289094,2672400
1789795079,1123943,142196,807441,4598624,66673,662300,289507,2653288
1789795082,1125325,168964,808340,4598664,66741,662840,290032,2678692
1789795084,1126668,142180,809217,4598624,66804,663548,290438,2679256
1789795086,1127991,207620,810065,4598696,66867,664012,290843,2680612
1789795089,1129348,142232,810991,4598656,66931,664536,291413,2653272
1789795091,1130488,184908,811786,4598740,66985,665060,291793,2653264
1789795093,1131840,207880,812747,4598720,67047,665444,292296,2680044
1789795096,1133197,207848,813645,4598708,67110,665856,292712,2682116
1789795098,1134524,207880,814597,4954648,67173,666392,293119,2672192
1789795100,1135899,208148,815447,4598628,67238,666880,293633,2653268
1789795103,1137253,208188,816340,4598712,67306,667460,294084,2680152
1789795105,1138658,208136,817263,4598680,67379,667884,294655,2681432
1789795108,1140090,208188,818184,4598632,67442,668508,295059,2679320
1789795110,1141460,142748,819122,4598716,67507,669008,295562,2676180
1789795112,1142855,187596,820034,4598664,67572,669520,295988,2653240
1789795115,1144209,208148,820913,4598780,67639,670068,296535,2679556
1789795117,1145543,208144,821779,4598796,67701,670560,296983,2693336
1789795119,1146887,208144,822732,4892900,67768,671196,297413,2692524
1789795122,1148243,208188,823605,4646048,67832,671792,297921,2666220
1789795124,1149583,208132,824501,4683136,67899,672248,298352,2666176
1789795126,1150946,208216,825421,4696408,67962,672832,298855,2692168
1789795129,1152285,142756,826262,4598648,68028,673436,299299,2692960
1789795131,1153623,208116,827166,4598804,68091,673872,299829,2666152
1789795133,1154964,208172,828032,4598736,68156,674396,300255,2666152
1789795136,1156294,208192,828915,4598732,68221,674996,300682,2692332
1789795138,1157629,208144,829771,4598696,68286,675356,301190,2691784
1789795140,1158960,142664,830660,4598792,68355,676004,301624,2693420
1789795143,1160346,206648,831596,4598820,68419,676592,302153,2666152
1789795145,1161686,169324,832458,4598772,68484,677100,302594,2692820
1789795147,1163059,208140,833369,4598780,68553,677636,303120,2691352
1789795150,1164399,142712,834240,4598580,68616,678100,303526,2691712
1789795152,1165731,208144,835219,4974208,68678,678572,303934,2666168
1789795154,1167051,208224,836087,4599108,68740,679136,304442,2666176
1789795157,1168430,208136,837002,4599060,68806,679656,304884,2692060
1789795159,1169806,142724,837902,4599100,68872,680224,305431,2692780
1789795161,1171145,191816,838781,4599212,68937,680772,305861,2690256
1789795164,1172539,155864,839740,4599148,69003,681348,306370,2666248
1789795166,1173905,208216,840645,4599108,69066,681792,306800,2694048
1789795168,1175260,208144,841515,4599092,69129,682216,307202,2692760
1789795171,1176612,208140,842400,4599164,69196,682876,307756,2691868
1789795173,1177957,189216,843302,4959300,69259,683356,308191,2666264
1789795175,1179289,208220,844164,4599152,69322,683856,308695,2666228
1789795178,1180690,208168,845085,4598960,69388,684444,309121,2693196
1789795180,1182027,208136,845972,4651776,69451,684916,309525,2692664
1789795182,1183518,208220,847052,4666944,69534,685692,310133,2691944
1789795185,1184986,208140,848093,4669308,69604,686292,310626,2666172
1789795187,1186341,208224,849018,4714280,69671,686752,311178,2666244
1789795190,1187724,208224,849840,4599188,69737,687344,311589,2692688
1789795192,1189096,208216,850757,4599032,69801,687844,312102,2692076
1789795194,1190458,208168,851662,4718724,69873,688436,312540,2688372
1789795197,1191891,208136,852654,4599108,69938,689040,313118,2666220
1789795199,1193270,208184,853557,4598988,70007,689692,313598,2694620
1789795201,1194671,200260,854494,4599088,70075,690260,314015,2694308
1789795204,1196025,208188,855385,4599008,70141,690864,314520,2693384
1789795206,1197350,208220,856310,4599052,70206,691428,314929,2666244
1789795208,1198737,142708,857192,4599012,70271,692028,315454,2666220
1789795211,1200089,208140,858078,4598988,70335,692560,315895,2693772
1789795213,1201451,208224,858978,4598976,70403,693064,316457,2691992
1789795215,1202813,208228,859902,4599156,70465,693592,316863,2688540
1789795218,1204183,208220,860948,4599232,70536,694136,317306,2666116
1789795220,1205566,208228,861828,4599336,70600,694728,317828,2693348
1789795223,1206949,208132,862723,4599256,70666,695276,318283,2692320
1789795225,1208361,193408,863651,4599232,70737,695932,318886,2693772
1789795227,1209799,181740,864650,4599084,70806,696528,319315,2689656
1789795230,1211159,208196,865535,4599052,70871,697116,319835,2666228
1789795232,1212524,208172,866435,4599144,70938,697564,320272,2692700
1789795234,1213880,197052,867337,4599032,71005,698196,320785,2693400
1789795237,1215220,208140,868233,4599264,71072,698708,321259,2693368
1789795239,1216592,208220,869146,4599288,71134,699188,321796,2880828
1789795241,1217934,142704,870028,4640988,71201,699716,322227,2880696
1789795244,1219321,208172,870974,4680776,71269,700292,322738,2955556
1789795246,1220657,160388,871824,4599284,71333,700772,323166,2905356
1789795248,1222007,208216,872782,4949252,71397,701240,323605,2904064
1789795251,1223364,208168,873672,4599204,71465,701936,324180,2878788
1789795253,1224760,208216,874595,4599348,71536,702464,324624,2905460
1789795256,1226144,152212,875464,4599268,71601,703060,325139,2906000
1789795258,1227499,142752,876372,4599192,71667,703548,325572,2906788
1789795260,1228897,202636,877341,4599108,71736,704200,326008,2879568
1789795263,1230239,208136,878218,4599112,71799,704704,326546,2880772
1789795265,1231595,208188,879103,4599244,71865,705204,327002,2907772
1789795267,1232920,184420,879990,4599228,71930,705704,327525,2907388
1789795270,1234286,202340,880909,4953592,71995,706108,327977,2909292
1789795272,1235654,208140,881817,4599188,72063,706644,328388,2880792
1789795274,1236970,208140,882666,4599212,72122,707220,328897,2906004
1789795277,1238313,208168,883553,4599264,72189,707724,329350,2907940
1789795279,1239726,208224,884582,4599108,72257,708244,329893,2907196
1789795281,1241073,149788,885506,4599260,72321,708812,330364,2881204
1789795284,1242415,208144,886383,4599336,72387,709260,330776,2881184
1789795286,1243772,208184,887259,4599236,72452,709692,331302,2907388
1789795288,1245103,208212,888129,4599252,72514,710212,331733,2909832
1789795291,1246483,208108,889023,4599308,72579,710800,332182,2903004
1789795293,1247845,208216,889958,4599296,72648,711356,332736,2881192
1789795295,1249205,208132,890852,4599268,72714,711784,333155,2906652
1789795298,1250555,142712,891725,4599196,72777,712312,333673,2907192
1789795300,1251905,208168,892626,4599128,72847,712832,334118,2908084
1789795302,1253244,208188,893601,4962720,72909,713292,334536,2881076
1789795305,1254593,208136,894406,4599144,72975,713860,335087,2881224
1789795307,1255937,208172,895286,4599064,73038,714476,335535,2908160
1789795309,1257285,208188,896173,4599228,73105,714972,336072,2909192
1789795312,1258635,208168,897059,4599168,73170,715620,336500,2881128
1789795314,1259990,149792,897976,4599284,73236,716160,336930,2881204
1789795316,1261387,208144,898879,4599156,73302,716656,337458,2908204
1789795319,1262722,208112,899770,4599224,73366,717124,337926,2908428
1789795321,1264072,154368,900652,4599196,73427,717624,338467,2908048
1789795323,1265419,208148,901598,4963996,73491,718104,338889,2881444
1789795326,1266758,208140,902473,4599128,73558,718640,339311,2881440
1789795328,1268141,208224,903357,4599120,73621,719136,339828,2907648
1789795331,1269500,208176,904248,4599268,73686,719660,340278,2908396
1789795333,1270845,208148,905152,4599212,73753,720152,340851,2911208
1789795335,1272253,208188,906108,4599272,73818,720660,341284,2881292
1789795338,1273586,208176,906967,4599276,73882,721192,341702,2908248
1789795340,1274911,149572,907972,4599236,73945,721688,342222,2909780
1789795342,1276301,208232,908865,4599216,74007,722052,342631,2907488
1789795345,1277623,208136,909733,4599268,74071,722576,343168,2881444
1789795347,1278969,154068,910648,4599352,74137,723180,343637,2881448
1789795349,1280291,208148,911515,4599120,74197,723612,344049,2907024
1789795352,1281640,152704,912389,4599272,74265,724184,344571,2909336
1789795354,1282961,208140,913247,4599272,74329,724656,344991,2903968
1789795356,1284322,208172,914228,4961540,74396,725240,345511,2881432
1789795359,1285687,208140,915081,4599328,74459,725680,345972,2908684
1789795361,1287019,208228,915960,4625132,74523,726076,346425,2908724
1789795363,1288413,208228,916901,4625724,74590,726712,346968,2907620
1789795366,1289746,142720,917822,4633576,74658,727264,347391,2881452
1789795368,1291116,142760,918763,4674568,74721,727724,347811,2881344
1789795370,1292486,208192,919684,4699720,74787,728256,348354,2907084
1789795373,1293830,165688,920583,4724696,74852,728752,348800,2908612
1789795375,1295149,208144,921461,4737032,74915,729172,349366,2908456
1789795378,1296577,180468,922470,5088516,74984,729768,349784,2881348
1789795380,1297916,192616,923361,4739404,75048,730300,350206,2907676
1789795382,1299263,208176,924279,4739508,75111,730772,350729,2907392
1789795385,1300625,147476,925254,4742184,75175,731264,351160,2908396
1789795387,1301969,152464,926175,4743804,75241,731852,351706,2881452
1789795389,1303314,208224,927129,4747780,75304,732316,352146,2881484
1789795392,1304654,208132,928031,4748360,75365,732804,352551,2908692
1789795394,1306000,208168,928932,4748484,75434,733316,353082,2909604
1789795396,1307304,208144,929816,4748392,75497,733900,353509,2891148
1789795399,1308658,208192,930739,4748416,75561,734408,354047,2881320
1789795401,1310021,208108,931416,4599612,75629,734896,354505,2906648
1789795403,1311367,208168,932375,4599452,75691,735536,354948,2909120
1789795405,1312736,142668,933293,4599536,75759,736108,355481,2908988
1789795408,1314047,208184,934143,4599556,75819,736496,355892,2881428
1789795410,1315403,142672,935102,5039748,75884,737072,356430,2881448
1789795412,1316785,208220,935989,4599576,75954,737528,356896,2908288
1789795415,1318104,142756,936856,4599532,76017,738168,357336,2908080
1789795417,1319416,208144,937709,4599592,76075,738688,357886,2881528
1789795419,1320759,208192,938607,4607440,76142,739128,358305,2881484
1789795422,1322175,208136,939604,4599636,76216,739812,358867,2909096
1789795424,1323601,208172,940550,4599592,76288,740364,359328,2908136
1789795427,1324944,142748,941419,4599692,76355,740900,359780,2908128
1789795429,1326320,208136,942318,4599620,76422,741452,360345,2882156
1789795431,1327681,208188,943218,4599624,76485,741892,360784,2882008
1789795434,1329020,169460,944114,4599656,76547,742472,361274,2909116
1789795436,1330368,142724,944995,4599708,76614,743008,361730,2908500
1789795438,1331734,208480,945874,4599756,76679,743512,362169,2908980
1789795441,1333094,208480,946760,4599704,76743,744056,362737,2882388
1789795443,1334467,208456,947691,4599632,76808,744580,363191,2910284
1789795445,1335810,208456,948563,4599744,76873,745096,363610,2908632
1789795448,1337160,208380,949436,4599864,76938,745644,364142,2908196
1789795450,1338522,208440,950314,4599704,77004,746308,364560,2882360
1789795452,1339853,143020,951168,4599672,77069,746880,365097,2882292
1789795455,1341222,143016,952103,4599680,77138,747400,365561,2908964
1789795457,1342569,208452,952974,4599656,77206,748000,366007,2909052
1789795459,1343902,208492,953853,4599724,77269,748536,366531,2909844
1789795462,1345262,164140,954731,4603404,77336,749032,366971,2882368
1789795464,1346667,208484,955833,5059792,77402,749696,367494,2909700
1789795467,1348035,208492,956697,4603560,77470,750332,367968,2909536
1789795469,1349422,143024,957627,4603520,77540,750908,368456,2908492
1789795471,1350783,208452,958503,4603620,77605,751436,368983,2907888
1789795474,1352113,208492,959359,4603584,77671,751972,369399,2882420
1789795476,1353477,162728,960304,4603548,77735,752500,369919,2908508
1789795478,1354812,208400,961173,4603624,77799,753072,370346,2911164
1789795481,1356164,208480,962068,4628916,77862,753624,370819,2907928
1789795483,1357541,208480,963004,4707584,77932,754220,371389,2882552
1789795485,1358906,142988,963938,4867540,77998,754772,371838,2882580
1789795488,1360329,208444,964864,4603688,78066,755336,372392,2908432
1789795490,1361675,208488,965757,4603572,78134,755896,372831,2910144
1789795492,1362995,208452,966605,4603556,78196,756420,373255,2905488
1789795495,1364331,176712,967477,4603464,78268,756856,373821,2882576
1789795497,1365710,208440,968434,4603632,78333,757492,374308,2910112
1789795499,1367084,142980,969320,4603584,78397,757996,374830,2908040
1789795502,1368413,178572,970180,4603680,78465,758500,375251,2909312
1789795504,1369757,208428,971052,4603556,78525,759112,375663,2882488
1789795506,1371096,208412,971918,4603732,78589,759604,376205,2882660
1789795509,1372433,208448,972820,4603672,78654,771184,376650,2909888
1789795511,1373757,142944,973664,4603740,78715,760736,377191,2909112
1789795513,1375078,208440,974512,4603516,78778,761356,377622,2882548
1789795516,1376422,142964,975376,4603476,78842,761892,378042,2882628
1789795518,1377748,186232,976292,4958568,78903,762472,378564,2910332
1789795520,1379100,142908,977180,4603544,78969,762976,379017,2909412
1789795523,1380412,175408,978022,4603584,79034,763536,379580,2908644
1789795525,1381828,208432,978990,4603492,79099,764056,380046,2882756
1789795527,1383183,168016,979929,4603420,79163,764532,380478,2909560
1789795530,1384515,185484,980848,4603436,79228,765080,381017,2908892
1789795532,1385856,208476,981714,4603468,79292,765636,381441,2910400
1789795534,1387199,142928,982584,4603540,79358,766180,381879,2883008
1789795537,1388503,204532,983419,4603520,79421,766704,382443,2882992
1789795539,1389832,208404,984268,4603472,79484,767244,382898,2910592
1789795541,1391218,143020,985309,4641528,79553,767752,383456,2908668
1789795544,1392538,208432,986184,4684636,79614,768172,383878,2909300
1789795546,1393880,208436,987099,4701880,79680,768892,384304,2883044
1789795548,1395234,208452,987895,4603384,79745,769404,384849,2911512
1789795551,1396582,208476,988850,5002100,79810,770060,385306,2910688
1789795553,1397940,208448,989705,4603508,79876,770404,385885,2910852
1789795555,1399284,208492,990576,4603480,79938,771044,386335,2883004
1789795558,1400592,208480,991403,4603572,79998,771480,386756,2908336
1789795560,1401937,208496,992263,4603524,80067,771972,387296,2909692
1789795562,1403338,142972,993238,4603496,80131,772512,387751,2909736
1789795565,1404704,143008,994158,4603660,80202,773208,388359,2910172
1789795567,1406133,208484,995076,4603452,80267,773764,388841,2883040
1789795569,1407493,208484,995942,4603636,80334,774328,389285,2910636
1789795572,1408843,208484,996833,4603484,80401,774848,389829,2909796
1789795574,1410221,208408,997767,4603564,80465,775356,390260,2909836
1789795577,1411562,142980,998633,4603568,80531,775880,390815,2882972
1789795579,1412902,142928,999501,4603640,80594,776468,391293,2882968
1789795581,1414269,208444,1000384,4603720,80658,777056,391764,2909404
1789795584,1415640,208448,1001421,4967344,80724,777544,392304,2909960
1789795586,1416998,208408,1002235,4603412,80794,778084,392759,2883136
1789795588,1418383,208432,1003211,4603508,80861,778500,393189,2883004
1789795591,1419750,208404,1004104,4603556,80924,779148,393738,2910768
1789795593,1421107,208492,1004977,4603512,80987,779668,394203,2911180
1789795595,1422450,208408,1005893,4603500,81054,780216,394763,2909672
1789795598,1423770,208484,1006758,4603556,81120,780796,395203,2883120
1789795600,1425110,208492,1007638,4643000,81184,781276,395631,2883300
1789795602,1426517,208408,1008598,4641288,81251,781796,396158,2910292
1789795605,1427861,208452,1009529,5237648,81318,782484,396626,2909820
1789795607,1429228,208452,1010457,4648312,81382,782952,397197,2908836
1789795609,1430590,199140,1011309,4603800,81448,783580,397675,2883876
1789795612,1431936,208488,1012175,4603856,81514,784084,398109,2911688
1789795614,1433283,142944,1013060,4603764,81579,784688,398639,2908952
1789795616,1434620,142984,1014011,4603856,81646,785236,399084,2911480
1789795619,1435975,208492,1014840,4603796,81707,785716,399536,2883792
1789795621,1437302,142984,1015715,4603656,81773,786180,400121,2883932
1789795623,1438673,142932,1016607,4603668,81840,786740,400590,2910604
1789795626,1440029,208444,1017487,4603736,81903,787396,401122,2910060
1789795628,1441372,143020,1018404,4603736,81969,788060,401559,2891716
1789795630,1442704,208492,1019262,4603808,82031,788448,401994,2883928
1789795633,1444032,208448,1020112,4603856,82095,789068,402581,2910952
1789795635,1445433,208480,1021025,4603792,82165,789596,403047,2910600
1789795637,1446771,208484,1021983,5041004,82228,790200,403594,2909936
1789795640,1448134,142928,1022819,4603952,82293,790724,404031,2883872
1789795642,1449487,208484,1023706,4603760,82359,791244,404472,2883908
1789795644,1450833,208396,1024595,4603944,82422,791740,405028,2909380
1789795647,1452197,208452,1025498,4603876,82489,792304,405491,2909184
1789795649,1453558,208488,1026518,4603904,82555,792776,405961,2911116
1789795651,1454941,208488,1027495,4603936,82624,793400,406544,2884108
1789795654,1456358,142928,1028426,4603932,82691,793840,406988,2910852
1789795656,1457733,208444,1029319,4603772,82756,794480,407537,2910388
1789795659,1459077,208488,1030193,4603712,82819,795064,407976,2910672
1789795661,1460442,208480,1031140,4627160,82886,795608,408459,2884040
1789795663,1461933,208432,1032173,4670352,82969,796312,409100,2884128
1789795666,1463354,208492,1033157,4701728,83041,796812,409575,2912100
1789795668,1464709,208456,1034000,4603952,83107,797476,410110,2910500
1789795670,1466050,208436,1035005,4966292,83170,798016,410553,2908788
1789795673,1467418,166776,1035802,4603820,83236,798600,411105,3152984
1789795675,1468728,142904,1036675,4603732,83297,799216,411595,3177932
1789795677,1470203,208432,1037642,4603796,83370,799824,412096,3179332
1789795680,1471634,208492,1038582,4603876,83437,800264,412642,3179092
1789795682,1472945,208444,1039474,4603940,83499,800664,413069,3152964
1789795684,1474296,169676,1040361,4603996,83564,801268,413596,3162708
1789795687,1475689,208780,1041288,4603860,83630,801964,414081,3188148
1789795689,1477072,208264,1042212,4603792,83697,802348,414563,3190584
1789795691,1478420,143368,1043136,4961948,83764,802840,415152,3182008
1789795694,1479845,208828,1044072,4603792,83832,803300,415587,3165132
1789795696,1481207,208840,1044972,4603924,83897,803824,416013,3192472
1789795698,1482540,143372,1045836,4603736,83959,804284,416553,3196784
1789795701,1483883,192212,1046716,4603868,84024,804812,417027,3197400
1789795703,1485238,143356,1047684,4603864,84090,805284,417510,3182836
1789795705,1486630,208820,1048543,4603964,84153,805932,418056,3183020
1789795708,1487975,208876,1049408,4603932,84216,806416,418482,3210372
1789795710,1489311,208876,1050294,4603908,84281,806932,418922,3210224
1789795712,1490670,208872,1051273,4603848,84346,807480,419502,3183104
1789795715,1492045,143408,1052227,4603776,84411,807912,419971,3183096
1789795717,1493395,208788,1053100,4603768,84475,808456,420546,3212012
1789795719,1494723,208792,1053980,4603852,84536,809180,421024,3208908
1789795722,1496085,208868,1054961,4661600,84602,809544,421451,3210884
1789795724,1497511,208840,1056058,5235192,84674,809976,422020,3183508
1789795727,1498921,208080,1056862,4603968,84746,810640,422509,3183484
1789795729,1500290,208780,1057741,4603912,84811,811096,423002,3210020
1789795731,1501692,152820,1058665,4603852,84878,811700,423574,3209884
1789795734,1503030,208836,1059539,4603832,84942,812240,424021,3210368
1789795736,1504418,208872,1060465,4603852,85007,812668,424456,3183968
1789795738,1505767,208756,1061347,4603780,85073,813220,425015,3227784
1789795741,1507141,143408,1062253,4603820,85140,813748,425492,3228152
1789795743,1508498,143356,1063142,4603864,85206,814260,425960,3227852
1789795745,1509848,208836,1064023,4603904,85269,814748,426529,3201416
1789795748,1511246,208756,1064990,4603876,85339,815304,426994,3201412
1789795750,1512629,208820,1065909,4603832,85407,815800,427553,3228856
1789795752,1513967,208868,1066798,4603736,85468,816240,427989,3226380
1789795755,1515293,208872,1067661,4603972,85531,816776,428464,3201540
1789795757,1516683,208760,1068721,5200340,85598,817268,429045,3201460
1789795759,1518010,208824,1069509,4604016,85661,817840,429509,3229116
1789795762,1519387,208792,1070396,4603868,85728,818460,429965,3228148
1789795764,1520765,208840,1071298,4603984,85793,818984,430522,3228188
1789795766,1522112,208820,1072210,4603928,85857,819424,430970,3201664
1789795769,1523499,206148,1073155,4603900,85925,819980,431449,3201648
1789795771,1524867,143356,1074064,4603964,85989,820536,432028,3228664
1789795773,1526222,208780,1075004,4603840,86055,821052,432521,3227388
1789795776,1527657,208868,1075982,4603876,86126,821576,433003,3228784
1789795778,1529020,208788,1076862,4721336,86188,821984,433526,3202248
1789795780,1530433,143372,1077845,4629476,86258,822540,434002,3229848
1789795783,1531800,208792,1078767,4629768,86325,823076,434591,3230912
1789795785,1533195,143296,1079691,4630304,86391,823616,435090,3229264
1789795788,1534576,208876,1080591,4655856,86455,824152,435523,3214080
1789795790,1535942,208796,1081606,4695220,86521,824644,436080,3202376
1789795792,1537339,150444,1082526,4709196,86588,825276,436546,3228844
1789795795,1538725,208792,1083447,4725952,86655,825668,437037,3228328
1789795797,1540126,208828,1084409,4734288,86724,826300,437623,3228248
1789795799,1541491,208780,1085333,4738188,86793,826820,438099,3202356
1789795802,1542899,208864,1086331,4741860,86860,827368,438556,3202320
1789795804,1544295,143324,1087274,4741876,86928,827992,439127,3229732
1789795807,1545652,208816,1088191,4741896,86996,828468,439626,3228172
1789795809,1547010,171388,1089118,4743728,87059,829052,440105,3208520
1789795811,1548402,208792,1090174,5336164,87127,829588,440695,3202248
1789795814,1549770,208876,1091002,4752488,87193,830108,441140,3229508
1789795816,1551110,208796,1091874,4752500,87255,830572,441579,3229124
1789795818,1552459,208788,1092809,4754048,87321,831128,442130,3229220
1789795821,1553801,209092,1093711,4753960,87388,831748,442607,3202340
1789795823,1555152,209024,1094671,4753944,87453,832220,443192,3202232
1789795825,1556512,209020,1095622,4754224,87518,832744,443680,3228920
1789795828,1557893,209052,1096612,4758900,87583,833244,444123,3228064
1789795830,1559275,200860,1097251,4604308,87648,833796,444679,3229212
1789795832,1560654,209056,1098152,4604368,87714,834276,445131,3202508
1789795835,1562035,184768,1099167,4604260,87781,834776,445611,3228032
1789795837,1563439,143588,1100153,4604364,87848,835312,446215,3228124
1789795839,1564773,209044,1101026,4604292,87913,835720,446696,3230764
1789795842,1566118,209140,1101914,4604408,87978,836328,447140,3202472
1789795844,1567473,209084,1102988,4815368,88046,836796,447706,3202520
1789795846,1568854,209052,1103763,4604376,88109,837420,448156,3228932
1789795849,1570226,209052,1104692,4604556,88178,837916,448644,3230212
1789795851,1571595,143664,1105609,4604504,88247,838504,449266,3229704
1789795853,1573036,143632,1106575,4604520,88313,839092,449740,3202636
1789795856,1574387,209100,1107529,4604560,88376,839524,450194,3231052
1789795858,1575724,209136,1108402,4604688,88437,840072,450718,3227756
1789795860,1577070,209076,1109279,4604680,88501,840520,451172,3229676
1789795863,1578417,209020,1110154,4604596,88567,841260,451743,3202764
1789795865,1579759,193264,1111033,4776932,88629,841732,452253,3202748
1789795867,1581178,209136,1112016,4604568,88699,842476,452742,3232444
1789795870,1582558,167424,1112934,4604548,88770,843056,453321,3228928
1789795872,1583947,143588,1113840,4604724,88841,843596,453782,3229168
1789795875,1585331,209052,1114735,4604848,88900,844272,454255,3202776
1789795877,1586716,198840,1115711,4604604,88968,844808,454863,3202656
1789795879,1588040,143628,1116583,4604452,89036,845460,455357,3230176
1789795882,1589458,209056,1117487,4604456,89100,845804,455803,3230364
1789795884,1590802,209056,1118361,4604504,89162,846432,456345,3228520
1789795886,1592157,209140,1119254,4604632,89231,846836,456825,3202796
1789795889,1593574,209084,1120221,4604644,89295,847356,457306,3229004
1789795891,1594916,209128,1121111,4604760,89360,848020,457894,3231460
1789795893,1596287,143632,1122025,4604664,89430,848572,458372,3230136
1789795896,1597687,209100,1123010,4604552,89502,849176,458971,3223968
1789795898,1599251,209080,1124110,4604836,89572,849812,459461,3202772
1789795901,1600634,205620,1125044,4660620,89639,850320,459948,3228820
1789795903,1602069,209024,1126058,4646044,89713,850852,460561,3229120
1789795906,1603481,209088,1126998,4715200,89786,851660,461039,3229036
1789795908,1604836,174504,1127886,4715512,89852,852220,461496,3202772
1789795910,1606169,209136,1128789,4715928,89914,852700,462045,3202780
1789795913,1607500,209040,1129585,4605016,89980,853308,462511,3229444
1789795915,1608856,195404,1130482,4605180,90048,853888,462994,3227652
1789795917,1610187,209140,1131318,4605124,90109,854332,463571,3202852
1789795920,1611533,143620,1132267,4965532,90175,854996,464022,3202784
1789795922,1612895,153880,1133158,4604884,90243,855448,464561,3230052
1789795924,1614314,209140,1134061,4604988,90311,856184,465037,3229064
1789795927,1615683,143580,1134962,4604884,90376,856764,465531,3229692
1789795929,1617025,209040,1135839,4604992,90442,857220,466104,3202836
1789795931,1618378,209132,1136755,4605016,90502,857716,466578,3202860
1789795934,1619727,151060,1137643,4605020,90567,858216,467026,3230732
1789795936,1621083,209052,1138520,4605052,90630,858776,467566,3229920
1789795938,1622436,143664,1139407,4605020,90698,859432,468055,3212116
1789795941,1623814,209048,1140301,4604848,90764,859884,468530,3202836
1789795943,1625204,209096,1141271,4604816,90831,860632,469129,3229784
1789795945,1626548,209060,1142140,4604984,90894,861140,469600,3230112
1789795948,1627930,209132,1143065,4604888,90964,861632,470061,3228832
1789795950,1629326,180096,1143980,4604916,91028,862176,470626,3202976
1789795952,1630679,209096,1144972,4926628,91096,862740,471113,3202856
1789795955,1632066,143928,1145808,4604992,91159,863232,471592,3229772
1789795957,1633432,143632,1146698,4604996,91223,863724,472176,3229608
1789795960,1634810,209096,1147688,4604976,91292,864288,472662,3227720
1789795962,1636201,143592,1148653,4755216,91359,864708,473210,3202872
1789795964,1637621,143628,1149665,4755104,91430,865380,473708,3228772
1789795967,1639058,143584,1150629,4604844,91505,865896,474223,3230012
1789795969,1640458,143928,1151562,4605052,91573,866468,474837,3230228
1789795971,1641860,170216,1152451,4604944,91642,867148,475322,3222888
1789795974,1643211,209396,1153374,5207424,91708,867608,475791,3202984
1789795976,1644637,209340,1154336,4604792,91773,868192,476356,3229240
1789795978,1645996,209404,1155220,4604756,91841,868688,476807,3230652
1789795981,1647390,170244,1156161,4604916,91911,869244,477321,3227968
1789795983,1648726,209388,1157019,4604784,91972,869692,477915,3202996
1789795985,1650124,209400,1157977,4605028,92042,870284,478417,3202972
1789795988,1651472,209556,1158880,4604912,92105,870828,478868,3229872
1789795990,1652821,209628,1159751,4604964,92171,871320,479421,3229020
1789795992,1654172,209664,1160599,4605056,92233,871884,479879,3228848
1789795995,1655499,144104,1161457,4604916,92296,872340,480353,3202972
1789795997,1656858,209620,1162387,4604904,92360,872724,480934,3229584
1789795999,1658179,144112,1163253,4604892,92424,873320,481413,3229316
1789796002,1659524,144200,1164137,4604936,92491,873808,481986,3230080
1789796004,1660907,209664,1165041,4604800,92557,874436,482426,3202976
1789796006,1662273,209580,1165974,4942412,92623,874980,482941,3202916
1789796009,1663495,209628,1166759,4604940,92681,875592,483492,3230436
1789796011,1664861,209632,1167649,4604892,92745,875904,484009,3230460
1789796014,1666175,152812,1168490,4605044,92808,876536,484478,3210748
1789796016,1667600,209616,1169435,4604900,92881,877020,485060,3202872
1789796018,1668983,209572,1170381,4604868,92946,877424,485526,3229936
1789796021,1670344,200960,1171322,4661784,93012,878148,486026,3229340
1789796023,1671766,209636,1172352,4719172,93079,878636,486632,3229660
1789796025,1673113,209620,1173212,4605128,93144,879276,487111,3203004
1789796028,1674441,209620,1174069,4605064,93210,879940,487562,3203000
1789796030,1675796,209628,1175010,4605100,93276,880452,488125,3229144
1789796032,1677157,209664,1175903,4605160,93342,880952,488602,3229512
1789796035,1678528,144112,1176789,4605104,93407,881400,489094,3205524
1789796037,1679896,209612,1177688,4605100,93471,882068,489688,3202928
1789796039,1681247,209672,1178687,5161396,93534,882584,490172,3228452
1789796042,1682603,209588,1179519,4604924,93603,883164,490759,3228284
1789796044,1683942,209584,1180375,4605100,93665,883640,491207,3228896
1789796046,1685272,209612,1181232,4605016,93729,884252,491663,3202920
1789796049,1686616,209668,1182107,4605012,93794,884624,492253,3229736
1789796051,1687969,209572,1183057,4605112,93861,885136,492755,3228932
1789796053,1689317,209632,1183942,4604948,93924,885752,493247,3230552
1789796056,1690661,209608,1184822,4605132,93991,886232,493814,3203088
1789796058,1691995,209632,1185677,4604908,94056,898464,494276,3203068
1789796060,1693362,189544,1186565,4605144,94122,887416,494739,3229372
1789796063,1694721,144200,1187524,4604948,94191,887908,495344,3230444
1789796065,1696111,209584,1188431,4605116,94258,888696,495831,3231260
1789796067,1697463,209632,1189304,4605104,94320,889148,496319,3203092
1789796070,1698807,209660,1190199,4605008,94386,889712,496896,3230872
1789796072,1700197,209664,1191202,5117708,94450,890324,497357,3229472
1789796074,1701547,209612,1192024,4605100,94516,890848,497830,3229792
1789796077,1702912,209624,1192918,4605008,94583,891404,498418,3203108
1789796079,1704286,170272,1193806,4605032,94650,891920,498930,3203144
1789796081,1705707,209628,1194768,4605000,94719,892348,499430,3230116
1789796084,1707108,209660,1195848,4605096,94788,892984,500027,3229104
1789796086,1708467,209580,1196788,4605044,94853,893540,500501,3228524
1789796088,1709841,144160,1197670,4605000,94916,894076,501061,3203168
1789796091,1711170,209612,1198566,4605052,94983,894464,501573,3203092
1789796093,1712595,184808,1199465,4605088,95049,895060,502065,3231140
1789796095,1713953,209628,1200398,4605104,95115,895580,502657,3229152
1789796098,1715262,144112,1201245,4605116,95174,895992,503105,3203124
1789796100,1716596,209628,1202122,4605200,95238,896436,503565,3203112
1789796102,1717916,174552,1202981,4605196,95303,897084,504132,3229736
1789796105,1719300,209576,1204045,5181352,95372,897552,504641,3229764
1789796107,1720660,209608,1204833,4605168,95437,898072,505133,3230108
1789796109,1722039,209584,1205723,4605308,95503,898728,505724,3203152
1789796112,1723394,209552,1206617,4605256,95571,899380,506199,3229944
1789796114,1724785,209636,1207531,4605236,95636,899700,506665,3229968
1789796116,1726089,144136,1208484,4605328,95702,900476,507269,3229528
1789796119,1727558,144088,1209421,4605280,95768,900920,507749,3203164
1789796121,1728879,209664,1210272,4605264,95830,901316,508201,3203180
1789796124,1730228,209656,1211155,4605348,95893,901928,508800,3229184
1789796126,1731569,149660,1212044,4605112,95959,902472,509271,3230872
1789796128,1732971,209616,1213000,4605324,96026,902988,509742,3229388
1789796131,1734314,209624,1213867,4605192,96087,903452,510317,3203096
1789796133,1735720,209552,1214805,4605172,96157,903996,510850,3203188
1789796135,1737104,209664,1215707,4605236,96224,904416,511339,3230860
1789796138,1738458,209624,1216694,5045072,96290,904940,511915,3229948
1789796140,1739827,144160,1217557,4655160,96357,905484,512385,3224344
1789796142,1741186,144144,1218513,4637172,96425,906076,512959,3203216
1789796145,1742623,178988,1219527,4704964,96501,906728,513504,3231396
1789796147,1744072,144116,1220604,4756280,96573,907336,514041,3232416
1789796150,1745485,209660,1221625,4767744,96644,907948,514655,3231392
1789796152,1746861,144188,1222537,4756388,96714,908604,515120,3203764
1789796154,1748218,147008,1223450,4756264,96780,909172,515591,3203888
1789796157,1749596,209628,1224383,4756460,96848,909720,516197,3230100
1789796159,1750993,209632,1225141,4605256,96915,910252,516702,3231116
1789796161,1752379,209628,1226110,4605428,96986,910912,517215,3230100
1789796164,1753733,144116,1227015,4605328,97051,911484,517787,3203876
1789796166,1755142,209584,1227917,4605208,97115,911964,518239,3203884
1789796169,1756518,170916,1228817,4605340,97182,912496,518755,3231176
1789796171,1757929,209672,1229855,4974608,97248,912880,519365,3231388
1789796173,1759271,209580,1230689,4605416,97316,913496,519882,3231088
1789796176,1760655,209576,1231581,4605380,97380,913964,520335,3203848
1789796178,1762012,209572,1232461,4605288,97445,914588,520905,3229224
1789796180,1763410,209668,1233354,4605184,97511,915044,521389,3231148
1789796183,1764783,209580,1234309,4605368,97581,915628,521994,3230456
1789796185,1766113,144116,1235162,4605340,97645,916172,522484,3203796
1789796187,1767436,144192,1236022,4605336,97711,916716,522977,3203884
1789796190,1768787,144136,1236898,4605336,97774,917136,523539,3230528
1789796192,1770134,149416,1237781,4841100,97836,917784,523997,3230568
1789796194,1771483,209656,1238702,4605168,97903,918232,524493,3230192
1789796197,1772842,209668,1239572,4605280,97967,918744,525064,3204012
1789796199,1774187,144144,1240438,4605332,98031,919252,525557,3230792
1789796201,1775516,209660,1241305,4706068,98094,919840,526029,3230908
1789796204,1776868,209576,1242353,5015856,98162,920464,526615,3232004
1789796206,1778295,209652,1243215,4605384,98231,920916,527089,3204132
1789796209,1779637,209584,1244194,4605460,98299,921576,527590,3204060
1789796211,1781001,209572,1245068,4605380,98363,922112,528170,3230128
1789796213,1782347,209620,1245937,4605364,98428,922540,528665,3230480
1789796216,1783695,209664,1246888,4605356,98497,923068,529296,3694060
1789796218,1785063,209580,1247776,4605352,98559,923636,529756,3666712
1789796220,1786367,209616,1248594,4605448,98621,924148,530201,3692452
1789796223,1787722,209608,1249478,4605364,98688,924744,530798,3584004
1789796225,1789071,209608,1250368,4605336,98751,925196,531293,3583204
1789796227,1790409,144188,1251294,4605404,98814,925880,531785,3556968
1789796230,1791734,209576,1252177,4605448,98881,926440,532391,3557432
1789796232,1793109,144156,1253056,4605404,98946,927036,532867,3582896
1789796234,1794474,209568,1253932,4605352,99014,927584,533337,3583540
1789796237,1795781,209608,1254912,5174600,99075,928116,533926,3584136
1789796239,1797146,209576,1255718,4605420,99141,928740,534422,3558836
1789796241,1798488,209616,1256571,4605268,99201,929296,534921,3584172
1789796244,1799821,144108,1257427,4605420,99266,929892,535519,3587972
1789796246,1801190,209660,1258337,4605276,99331,930492,536001,3589280
1789796248,1802524,209608,1259254,4605576,99396,931004,536471,3561168
1789796251,1803877,209572,1260121,4605284,99462,931472,536952,3561172
1789796253,1805216,182208,1260994,4605408,99527,931920,537551,3577880
1789796255,1806583,144160,1261883,4605360,99594,932656,538045,3577760
1789796258,1807891,144196,1262724,4605400,99658,933164,538532,3577120
1789796260,1809236,167948,1263667,4623304,99723,933752,539113,3551124
1789796262,1810616,209576,1264587,4629492,99791,934364,539584,3577268
1789796264,1811945,191148,1265468,4630148,99853,934808,540059,3576252
1789796267,1813302,209668,1266387,4630440,99916,935384,540661,3576480
1789796269,1814668,209572,1267370,4759104,99984,936032,541183,3551164
1789796272,1816117,165232,1268512,4671052,100054,936644,541682,3551108
1789796274,1817459,169240,1269412,4692252,100120,937048,542255,3577092
1789796276,1818812,176080,1270329,4717424,100186,937756,542735,3577648
1789796279,1820169,209628,1271228,4734128,100253,938228,543224,3554948
1789796281,1821533,193028,1272255,5173876,100320,938876,543846,3551084
1789796283,1822925,209664,1273140,4741924,100385,939408,544343,3577680
1789796286,1824288,144184,1274071,4742032,100454,939928,544844,3577696
1789796288,1825657,209668,1274982,4742120,100519,940460,545431,3577960
1789796290,1826999,209580,1275865,4741980,100584,940904,545910,3551312
1789796293,1828377,144104,1276920,5142000,100652,941408,546418,3551148
1789796295,1829734,162640,1277751,4749296,100716,942060,547029,3577280
1789796297,1831102,149644,1278670,4750340,100781,942572,547541,3578288
1789796300,1832413,144196,1279297,4605536,100843,943064,548017,3583348
1789796302,1833756,209620,1280190,4605672,100907,943616,548483,3557332
1789796304,1835099,209580,1281133,4605656,100973,944184,549058,3584404
1789796307,1836442,209608,1282013,4605636,101040,944700,549560,3585436
1789796309,1837775,209620,1282899,4605688,101106,945192,550078,3583420
1789796311,1839144,209652,1283786,4605532,101169,945744,550683,3557592
1789796314,1840491,209620,1284661,4605548,101235,946228,551179,3583892
1789796316,1841848,209576,1285611,4605676,101301,946780,551648,3585268
1789796318,1843208,209584,1286490,4605664,101364,947280,552237,3584124
1789796321,1844595,209568,1287398,4629992,101428,947836,552752,3583940
1789796323,1845922,209660,1288295,4630236,101490,948284,553243,3557492
1789796325,1847309,209608,1289387,5256348,101557,948804,553872,3583708
1789796328,1848691,144196,1290182,4605728,101628,949480,554368,3585024
1789796330,1850038,186128,1291076,4605892,101694,950024,554854,3584104
1789796333,1851424,170900,1292074,4605824,101761,950508,555449,3557520
1789796335,1852787,200068,1292964,4605840,101827,951152,555947,3557484
1789796337,1854129,209664,1293884,4605984,101890,951664,556441,3583872
1789796340,1855500,209616,1294792,4605860,101956,952192,557061,3583272
1789796342,1856826,209580,1295658,4605716,102019,952716,557535,3584616
1789796344,1858196,209628,1296575,4605812,102088,953296,558025,3557532
1789796347,1859548,191360,1297444,4605860,102153,953684,558525,3582236
1789796349,1860900,209616,1298384,4606024,102214,954344,559131,3582776
1789796351,1862240,209552,1299246,4605944,102279,954768,559645,3584144
1789796354,1863595,187204,1300116,4606012,102344,955404,560130,3557608
1789796356,1864919,144148,1300974,4606048,102407,955952,560700,3583628
1789796358,1866256,172140,1301946,5097476,102472,956524,561174,3583668
1789796361,1867605,144192,1302781,4606128,102535,956940,561659,3585548
1789796363,1868926,144148,1303632,4606096,102601,957512,562266,3557532
1789796365,1870242,209660,1304495,4606012,102663,958132,562749,3557604
1789796367,1871586,209664,1305361,4605884,102728,958668,563256,3583232
1789796370,1872941,209604,1306305,4605888,102796,959252,563839,3583516
1789796372,1874277,209664,1307175,4606084,102861,959772,564329,3568836
1789796374,1875645,209552,1308076,4606148,102927,960324,564818,3557616
1789796377,1876990,209672,1308954,4605944,102993,960868,565425,3583472
1789796379,1878351,209628,1309840,4606004,103060,961440,565930,3584648
1789796381,1879708,209660,1310860,4638292,103125,962000,566445,3583428
1789796384,1881108,209608,1311814,4672848,103198,962580,566960,3557584
1789796386,1882506,209668,1312686,4606072,103268,963244,567566,3558056
1789796388,1883872,209576,1313564,4606000,103331,963676,568055,3584864
1789796391,1885204,144160,1314499,4967248,103395,964296,568573,3584764
1789796393,1886566,209632,1315386,4606080,103461,964704,569179,3579864
1789796396,1887954,209660,1316364,4606032,103527,965396,569704,3558224
1789796398,1889319,209660,1317257,4606152,103591,965824,570184,3585548
1789796400,1890670,209628,1318127,4606144,103656,966344,570755,3586668
1789796403,1892059,190088,1319108,4605960,103724,966932,571276,3586664
1789796405,1893393,209580,1319996,4606212,103790,967528,571779,3558180
1789796407,1894757,209584,1320881,4606036,103853,968084,572373,3558260
1789796410,1896117,209660,1321771,4606092,103917,968508,572862,3585044
1789796412,1897463,209604,1322640,4606076,103984,969148,573347,3586704
1789796414,1898804,206384,1323572,4606036,104048,969764,573907,3572964
1789796417,1900153,209580,1324452,4606108,104112,970156,574411,3558240
1789796419,1901481,209608,1325298,4606140,104171,970724,574884,3585484
1789796421,1902847,209584,1326182,4606208,104239,971228,575483,3584340
1789796424,1904199,209628,1327121,4970008,104306,971848,576030,3584724
1789796426,1905560,209668,1328015,4606104,104372,972392,576501,3558280
1789796428,1906896,209668,1328869,4606084,104438,972936,576975,3558236
1789796431,1908244,209612,1329745,4606064,104503,973428,577593,3585540
1789796433,1909620,209568,1330651,4606112,104568,974052,578092,3585140
1789796435,1910982,209664,1331700,4996012,104634,974520,578620,3559944
1789796438,1912368,209624,1332498,4606092,104702,975308,579218,3558220
1789796440,1913713,157396,1333373,4640132,104766,975800,579694,3584248
1789796442,1915069,209572,1334257,4606108,104829,976328,580181,3585096
1789796445,1916443,209572,1335150,4606072,104897,976720,580797,3584632
1789796447,1917815,144168,1336113,4606020,104966,977424,581318,3558292
1789796449,1919136,144144,1336958,4606008,105030,977844,581822,3558324
1789796452,1920483,209548,1337835,4606048,105094,978520,582399,3585740
1789796454,1921824,209668,1338722,4606088,105158,978988,582883,3586024
1789796456,1923159,209624,1339688,4606116,105222,979536,583376,3584496
1789796459,1924540,144156,1340693,4606008,105289,980076,583994,3558184
1789796461,1925906,209620,1341584,4606088,105356,980600,584505,3584536
1789796463,1927279,209612,1342488,4606140,105423,981168,585014,3585116
1789796466,1928626,209588,1343382,4606044,105489,981708,585528,3584692
1789796468,1930004,209580,1344329,5235252,105555,982192,586117,3558296
1789796470,1931389,209664,1345251,4606188,105621,982784,586612,3558212
1789796473,1932744,209608,1346139,4606064,105685,983372,587122,3584364
1789796475,1934083,209632,1347018,4606276,105752,983852,587747,3584264
1789796477,1935465,195108,1347919,4606224,105816,984492,588266,3583384
1789796480,1936889,209656,1348990,5062344,105888,985144,588773,3558316
1789796482,1938259,209616,1349824,4606152,105953,985516,589360,3584992
1789796485,1939610,209660,1350703,4606180,106018,986148,589863,3584916
1789796487,1940961,144108,1351607,4606228,106082,986548,590362,3584848
1789796489,1942282,190304,1352449,4606180,106144,987100,590961,3558296
1789796492,1943631,145772,1353468,4952944,106212,987636,591487,3558300
1789796494,1944987,209656,1354287,4606212,106278,988160,591986,3585460
1789796496,1946325,209628,1355153,4606228,106340,999824,592558,3586324
1789796499,1947686,209616,1356041,4606176,106405,989228,593068,3580112
1789796501,1949006,209552,1356912,4632876,106469,989748,593570,3558276
1789796503,1950418,209576,1357919,4668288,106541,990448,594100,3584880
1789796505,1951776,209612,1358847,4698604,106607,990992,594722,3584960
1789796508,1953110,209624,1359778,4694448,106673,991556,595243,3582988
1789796510,1954491,144156,1360695,4694340,106740,992188,595723,3558304
1789796512,1955828,209620,1361571,4694464,106805,992712,596335,3586776
1789796515,1957191,164252,1362459,4606080,106872,993244,596863,3586292
1789796517,1958567,209656,1363385,4606036,106938,993680,597378,3585536
1789796519,1959955,209632,1364361,4606168,107001,994324,598009,3558292
1789796522,1961293,186696,1365226,4606140,107065,994744,598499,3558276
1789796524,1962607,147040,1366068,4606156,107124,995212,598943,3584768
1789796526,1963991,209552,1367048,4606248,107192,995800,599566,3586020
1789796529,1965322,144108,1367910,4606300,107259,996380,600103,3577608
1789796531,1966715,144148,1368816,4606188,107321,996864,600616,3558284
1789796533,1968055,209580,1369694,4606164,107383,997428,601239,3585000
1789796536,1969426,209624,1370675,5046332,107448,997888,601772,3584584
1789796538,1970803,209628,1371556,4606164,107516,998456,602258,3585312
1789796540,1972157,209632,1372452,4606308,107581,999116,602769,3558216
1789796543,1973475,144104,1373348,4606324,107649,999828,603416,3558196
1789796545,1974939,209584,1374292,4606160,107716,1000316,603957,3585192
1789796548,1976350,164732,1375274,4606164,107784,1000760,604494,3585032
1789796550,1977742,144108,1376195,4606148,107850,1001448,605089,3586592
1789796552,1979082,209608,1377067,4606232,107914,1001840,605566,3558336
1789796555,1980444,201172,1377933,4606276,107981,1002532,606104,3558316
1789796557,1981806,209580,1378822,4606144,108046,1003112,606707,3585612
1789796559,1983154,144144,1379752,4606044,108110,1003548,607213,3585192
1789796562,1984478,209612,1380616,4606008,108173,1004212,607719,3558320
1789796564,1985819,209664,1381523,4606084,108241,1004744,608308,3558280
1789796566,1987151,209624,1382359,4606120,108300,1005204,608795,3585592
1789796569,1988475,209552,1383227,4606152,108362,1005596,609285,3584680
1789796571,1989843,209604,1384176,4606200,108430,1006272,609893,3583828
1789796573,1991218,209628,1385069,4606116,108494,1006744,610430,3558312
1789796576,1992393,209900,1385834,4606160,108548,1007480,610904,3585040
1789796578,1993746,209932,1386712,4606244,108614,1007828,611365,3586732
1789796580,1995129,209868,1387793,5289200,108680,1008352,611961,3586036
1789796583,1996516,209876,1388729,4606128,108743,1008920,612514,3584568
1789796585,1997870,209888,1389622,4606164,108807,1009528,613034,3558300
1789796588,1999279,144460,1390539,4606208,108878,1009924,613676,3584936
1789796590,2000587,209896,1391391,4606236,108937,1010456,614162,3586816
1789796592,2001928,209816,1392407,5164588,109002,1011068,614636,3586612
1789796594,2003293,209844,1393218,4606228,109068,1011472,615243,3558532
1789796597,2004673,209836,1394114,4606060,109134,1012128,615765,3585796
1789796599,2006021,196668,1394991,4606216,109197,1012624,616280,3585588
1789796602,2007416,209920,1395885,4606228,109265,1013208,616817,3584844
1789796604,2008811,209840,1396866,4606276,109330,1013872,617443,3558512
1789796606,2010178,144468,1397765,4606152,109393,1014300,617925,3558528
1789796609,2011493,144424,1398624,4606136,109455,1014708,618431,3585856
1789796611,2012828,209884,1399485,4606232,109516,1015224,619032,3584808
1789796613,2014184,209924,1400370,4606084,109583,1015820,619571,3584064
1789796616,2015523,209924,1401293,4606224,109644,1016320,620083,3558384
1789796618,2016891,195140,1402193,4606072,109711,1016808,620685,3583632
1789796620,2018236,144372,1403092,4657600,109776,1017380,621175,3584636
1789796623,2019591,209848,1404063,4640840,109844,1017892,621721,3585108
1789796625,2021048,144368,1405039,4721460,109917,1018520,622371,3558520
1789796627,2022439,144380,1406050,4725992,109991,1019148,622924,3558544
1789796630,2023797,209816,1407028,4735756,110056,1019636,623463,3586344
1789796632,2025198,188696,1407811,4606176,110126,1020124,624068,3584684
1789796634,2026567,151816,1408713,4606252,110191,1020708,624597,3584472
1789796637,2027987,171292,1409696,5038692,110254,1021240,625116,3558488
1789796639,2029364,209932,1410600,4606116,110324,1021704,625748,3558540
1789796642,2030773,209884,1411544,4606164,110395,1022344,626305,3585764
1789796644,2032175,209872,1412558,4606132,110464,1023076,626829,3584552
1789796646,2033545,209848,1413457,4606220,110530,1023692,627323,3585644
1789796649,2034917,144416,1414536,5298580,110594,1024200,627929,3558524
1789796651,2036281,209892,1415314,4606156,110662,1024716,628453,3584768
1789796653,2037632,209868,1416206,4606132,110724,1025276,628971,3585880
1789796656,2039020,144372,1417129,4606232,110790,1025804,629609,3584960
1789796658,2040361,209820,1418004,4606120,110856,1026356,630108,3558544
1789796660,2041713,209872,1418936,4606240,110922,1026920,630599,3558548
1789796663,2043059,209848,1419820,4606188,110988,1027376,631215,3583932
1789796665,2044400,209896,1420705,4606140,111053,1028068,631731,3584624
1789796667,2045762,209836,1421573,4606228,111119,1028716,632255,3583912
1789796670,2047103,209884,1422440,4606168,111184,1029072,632883,3558748
1789796672,2048487,209812,1423394,4606188,111250,1029680,633381,3585192
1789796674,2049821,153440,1424285,4606228,111316,1030236,633872,3584912
1789796677,2051198,144452,1425183,4606216,111381,1030820,634492,3585520
1789796679,2052544,209844,1426062,4606148,111445,1031188,635009,3558856
1789796681,2053888,144404,1426979,4652992,111511,1031824,635518,3585116
1789796684,2055244,209920,1427951,4656500,111575,1032360,636047,3586588
1789796686,2056636,209880,1428891,4656524,111647,1032936,636685,3586840
1789796688,2057992,209928,1429757,4610328,111714,1033460,637179,3558724
1789796691,2059363,209872,1430665,4610456,111780,1033984,637684,3558864
1789796693,2060726,144452,1431597,5017872,111844,1034440,638320,3586488
1789796695,2062102,159204,1432535,4610220,111913,1035044,638854,3585316
1789796698,2063484,209892,1433420,4610328,111981,1035568,639379,3585988
1789796700,2064820,144464,1434286,4610300,112044,1036080,639994,3559116
1789796702,2066161,209840,1435147,4610360,112107,1036572,640483,3584848
1789796705,2067508,209836,1436207,5055592,112172,1037056,641009,3585620
1789796707,2068891,144468,1437171,4610312,112241,1037596,641632,3586184
1789796709,2070224,209932,1438042,4610528,112303,1038128,642171,3559420
1789796712,2071568,209892,1438926,4610400,112369,1038684,642705,3559440
1789796714,2072914,202456,1439808,4610172,112435,1039236,643220,3586080
1789796716,2074247,208088,1440866,4847696,112496,1039688,643817,3586828
1789796718,2075611,209840,1441633,4610324,112565,1040380,644338,3581424
1789796721,2076961,209924,1442515,4610440,112630,1040916,644852,3559492
1789796723,2078292,209604,1443393,4610368,112697,1041444,645483,3587752
1789796726,2079706,209844,1444324,4610532,112767,1041948,646008,3585204
1789796728,2081074,209872,1445288,4610348,112833,1042504,646531,3585064
1789796730,2082427,209836,1446179,4610300,112898,1043220,647123,3559576
1789796732,2083775,144428,1447062,4610396,112965,1043812,647623,3559556
1789796735,2085111,209920,1447899,4610292,113028,1044384,648124,3587480
1789796737,2086508,144424,1448840,4610224,113099,1044960,648767,3586260
1789796739,2087882,209884,1449814,4610292,113169,1045600,649327,3585672
1789796742,2089282,144368,1450763,4637020,113236,1046152,649854,3559560
1789796744,2090669,187976,1451680,4696620,113304,1046712,650358,3585696
1789796747,2092019,209920,1452538,4610384,113368,1047260,650976,3585192
1789796749,2093354,209844,1453433,4610212,113436,1047824,651509,3587000
1789796751,2094751,209924,1454386,4610368,113501,1048352,652036,3559632
1789796754,2096116,209888,1455289,4610360,113568,1048864,652669,3559556
1789796756,2097463,209848,1456176,4610236,113630,1049424,653195,3586036
1789796758,2098799,209892,1457041,4610220,113696,1050044,653688,3585700
1789796761,2100152,182124,1457983,5251812,113761,1050588,654343,3578672
1789796763,2101550,144424,1458902,4610340,113832,1051152,654868,3559612
1789796765,2102908,144452,1459781,4610488,113891,1051696,655383,3586736
1789796768,2104276,204644,1460738,4610404,113956,1052192,656011,3585684
1789796770,2105615,144404,1461650,4610464,114018,1052656,656517,3585776
1789796772,2106942,209900,1462665,5189052,114079,1053176,656997,3559568
1789796775,2108308,144464,1463469,4610272,114148,1053724,657528,3559628
1789796777,2109651,178476,1464338,4610232,114213,1054236,658161,3586308
1789796779,2110981,209844,1465194,4610380,114275,1054716,658692,3585376
1789796782,2112315,209820,1466036,4610284,114336,1055248,659208,3584864
1789796784,2113675,209920,1467120,5001892,114401,1055760,659826,3559620
1789796786,2115019,209848,1467869,4610276,114464,1056272,660335,3586000
1789796789,2116396,209916,1468782,4610332,114532,1056772,660881,3586284
1789796791,2117782,209892,1469670,4610280,114597,1057364,661523,3585632
1789796793,2119124,209932,1470520,4610204,114661,1057916,662051,3559552
1789796796,2120507,209816,1471484,4610348,114726,1058508,662592,3559576
1789796798,2121921,209928,1472409,4610340,114796,1059052,663197,3584988
1789796800,2123290,209888,1473304,4610324,114861,1059500,663708,3585800
1789796803,2124614,209884,1474156,4610316,114925,1060068,664239,3584196
1789796805,2125939,209836,1475033,4610376,114988,1060608,664740,3559616
1789796807,2127264,209848,1475973,4610540,115053,1061144,665381,3584968
1789796810,2128591,209848,1476847,4610292,115118,1061612,665902,3587108
1789796812,2129945,144448,1477741,4610352,115184,1062136,666415,3586336
1789796814,2131318,144456,1478629,4610340,115251,1062648,667042,3559700
1789796817,2132666,209848,1479536,4907124,115315,1063328,667589,3559688
1789796819,2134047,209848,1480487,4610284,115383,1063860,668118,3584916
1789796821,2135406,144368,1481386,4610316,115450,1064272,668764,3587732
1789796824,2136791,173192,1482292,4610284,115516,1064852,669299,3574296
1789796826,2138148,209920,1483182,4610320,115582,1065456,669792,3559600
1789796829,2139500,209924,1484166,5052360,115651,1066132,670441,3587228
1789796831,2140917,144464,1485199,4610300,115718,1066620,670977,3587180
1789796833,2142271,209888,1486080,4610280,115782,1067172,671528,3585824
1789796836,2143642,209920,1486973,4610388,115846,1067724,672068,3587492
1789796838,2144996,209868,1487847,4610552,115909,1068092,672676,3559616
1789796841,2146414,209896,1488991,4995300,115980,1068784,673244,3587152
1789796843,2147811,209836,1489785,4610220,116051,1069376,673795,3585736
1789796845,2149197,209840,1490709,4610200,116119,1069740,674447,3585424
1789796848,2150544,209820,1491560,4610344,116184,1070408,674984,3559760
1789796850,2151962,144428,1492546,4610364,116254,1070916,675515,3559860
1789796853,2153456,144404,1493604,4610432,116324,1071420,676197,3586176
1789796855,2154909,144404,1494585,4610364,116399,1071996,676785,3586928
1789796857,2156337,209892,1495482,4610268,116463,1072524,677299,3587012
1789796860,2157729,209848,1496401,4610332,116535,1073256,677952,3559844
1789796862,2159145,209820,1497395,4743620,116604,1073772,678462,3559776
1789796865,2160572,209924,1498439,4647356,116678,1074316,679024,3586964
1789796867,2161941,144344,1499354,4647352,116749,1075108,679687,3586104
1789796869,2163352,209836,1500314,4647724,116816,1075544,680242,3586604
1789796872,2164723,209928,1501239,4657708,116880,1076148,680781,3559960
1789796874,2166072,209844,1502216,5089480,116944,1076720,681302,3584860
1789796876,2167492,209892,1503185,4699324,117015,1077320,681929,3585580
1789796879,2168858,144460,1504160,4720264,117084,1077904,682528,3586116
1789796881,2170323,175232,1505084,4736852,117154,1078544,683071,3560084
1789796884,2171694,144384,1506011,4749280,117218,1079072,683715,3560184
1789796886,2173084,144372,1507174,5376160,117286,1079608,684278,3585832
1789796888,2174457,209840,1507977,4753352,117352,1080316,684784,3586572
1789796891,2175837,209896,1508920,4753280,117420,1080816,685450,3587244
1789796893,2177221,209836,1509966,4753400,117490,1081492,685978,3560356
1789796895,2178570,209848,1510877,4753484,117556,1082096,686643,4165324
1789796898,2179922,144464,1511838,4755432,117621,1082620,687166,4191520
1789796900,2181262,209892,1512726,4755492,117683,1083060,687676,4190568
1789796902,2182585,209836,1513628,4786672,117746,1083748,688263,4185416
1789796905,2183956,144460,1514603,4756772,117813,1084196,688834,4009872
1789796907,2185313,144420,1515501,4758072,117877,1084856,689351,4037360
1789796909,2186698,144460,1516520,4760316,117947,1085368,689908,4036676
1789796912,2188083,209820,1517456,4760240,118010,1085952,690556,4036996
1789796914,2189413,144408,1518346,4760280,118073,1086540,691058,4010812
1789796916,2190775,209872,1519273,4760476,118140,1087176,691573,4010904
1789796919,2192217,144380,1520252,4760508,118212,1087620,692144,4039032
1789796921,2193596,144468,1521275,4783156,118278,1088396,692789,4038072
1789796924,2194981,144460,1521779,4633092,118342,1088856,693332,4037860
1789796926,2196382,209920,1522695,4610592,118412,1089532,693870,4012336
1789796928,2197782,209840,1523634,4610692,118482,1089992,694512,4015280
1789796931,2199107,144404,1524564,4986696,118548,1090500,695049,4042044
1789796933,2200505,209928,1525479,4610848,118615,1091124,695580,4042184
1789796935,2201819,166276,1526318,4610780,118677,1091660,696117,4034096
1789796938,2203218,144460,1527259,4610784,118744,1092252,696769,4015252
1789796940,2204593,209876,1528161,4611016,118811,1092676,697305,4041996
1789796942,2205942,209836,1529121,4610808,118877,1093416,697824,4042996
1789796945,2207286,169800,1529999,4610940,118943,1093892,698478,4048456
1789796947,2208632,144348,1530881,4610916,119007,1094584,699018,4021172
1789796949,2209986,144380,1531769,4610868,119074,1095140,699564,4021180
1789796952,2211333,144372,1532661,4610848,119142,1095688,700103,4048688
1789796954,2212705,144448,1533677,4610740,119209,1096280,700730,4046852
1789796956,2214075,209848,1534646,4610876,119276,1096892,701257,4021156
1789796959,2215412,209820,1535554,4610884,119341,1097540,701777,4021148
1789796961,2216744,144372,1536441,4610968,119404,1097996,702318,4048212
1789796963,2218123,209888,1537346,4855132,119472,1098636,702981,4048460
1789796966,2219491,209876,1538312,4610956,119540,1099156,703512,4047320
1789796968,2220891,209816,1539245,4611052,119611,1099796,704052,4021188
1789796971,2222262,209840,1540171,4611012,119679,1100364,704735,4021188
1789796973,2223699,153908,1541089,4610944,119743,1100728,705299,4046880
1789796975,2225133,209876,1542255,5270328,119817,1101492,705876,4049900
1789796978,2226575,209872,1543107,4611060,119894,1102076,706547,4046964
1789796980,2228045,209892,1544024,4635820,119962,1102612,707102,4047644
1789796983,2229485,206420,1545036,4717988,120033,1103312,707711,4021196
1789796986,2230997,144456,1545957,4610976,120103,1103992,708301,4021212
1789796988,2232453,166904,1546982,4610956,120175,1104680,708960,4047112
1789796990,2233897,209924,1547948,4611100,120248,1105376,709562,4048736
1789796993,2235378,209880,1548942,4610896,120320,1105920,710141,4048052
1789796996,2236797,209884,1549812,4610916,120382,1106568,710783,4047056
1789796998,2238169,199376,1550877,5226316,120451,1107180,711312,4021408
1789797000,2239530,209928,1551678,4611036,120517,1107756,711823,4047384
1789797003,2240945,144376,1552599,4611040,120587,1108284,712386,4079532
1789797005,2242297,209840,1553485,4611112,120653,1108980,713033,4061796
1789797007,2243668,209852,1554369,4611128,120719,1109468,713574,4036176
1789797010,2245025,144452,1555319,4610968,120787,1110180,714122,4036264
1789797012,2246391,144452,1556215,4611012,120851,1110644,714760,4063300
1789797014,2247718,144464,1557067,4610992,120914,1111048,715244,4063876
1789797017,2249061,197668,1557996,4611112,120979,1111624,715789,4061620
1789797019,2250428,144376,1558934,4610980,121045,1112216,716342,4046480
1789797021,2251787,209932,1559892,4611056,121112,1112720,716987,4073616
1789797024,2253152,144380,1560795,4610976,121179,1113412,717553,4074848
1789797026,2254523,209876,1561684,4610976,121243,1113888,718077,4078472
1789797028,2255850,144376,1562537,4610936,121305,1114520,718677,4052304
1789797031,2257215,144424,1563456,4834328,121372,1115112,719265,4052340
1789797033,2258677,197624,1564448,4611072,121439,1115688,719816,4079992
1789797036,2260050,209888,1565345,4611168,121506,1116196,720364,4077924
1789797038,2261389,209844,1566234,4611100,121573,1116720,721026,4064124
1789797040,2262748,209848,1567106,4644516,121639,1117336,721550,4052252
1789797043,2264091,209848,1568140,5164940,121703,1117784,722083,4078736
1789797045,2265459,209888,1568971,4611128,121770,1118408,722616,4078912
1789797047,2266843,209872,1569882,4611132,121842,1119000,723272,4080292
1789797050,2268150,209896,1570718,4610948,121902,1119568,723814,4052348
1789797052,2269499,209880,1571603,4610940,121966,1120096,724348,4052204
1789797054,2270855,202272,1572662,5261464,122033,1120636,724989,4078904
1789797057,2272210,209928,1573439,4611096,122098,1121128,725528,4080496
1789797059,2273533,209924,1574318,4610976,122161,1121700,726059,4056876
1789797061,2274905,195404,1575206,4611040,122229,1122164,726599,4052624
1789797063,2276273,171176,1576111,4611064,122296,1122668,727252,4081172
1789797066,2277621,209888,1577064,4611048,122361,1123308,727812,4079904
1789797068,2278996,209892,1577972,4611132,122431,1123864,728338,4079736
1789797071,2280335,165784,1578838,4611116,122494,1124352,728862,4052664
1789797073,2281711,144380,1579744,4611068,122559,1124964,729517,4052736
1789797075,2283099,209844,1580661,4611220,122626,1125468,730075,4080640
1789797078,2284483,144404,1581654,4611152,122692,1126036,730628,4080232
1789797080,2285876,144424,1582635,4611180,122756,1126508,731300,4053044
1789797082,2287268,209888,1583537,4611240,122825,1127112,731819,4052984
1789797085,2288621,209932,1584429,4611120,122893,1127660,732360,4080148
1789797087,2289963,209844,1585296,4611016,122955,1128052,732903,4079980
1789797089,2291332,209936,1586274,4611172,123022,1128692,733570,4080004
1789797092,2292665,209844,1587120,4611092,123082,1129204,734104,4053208
1789797094,2294012,209816,1588034,4611012,123150,1129672,734671,4053304
1789797096,2295447,209924,1588953,4611104,123219,1130200,735184,4079124
1789797099,2296826,209836,1589923,5290884,123290,1130848,735842,4080480
1789797101,2298204,209852,1590844,4640344,123358,1131416,736401,4061408
1789797103,2299620,209928,1591807,4692388,123430,1131836,736963,4053548
1789797106,2301080,144404,1592846,4700880,123508,1132640,737662,4080648
1789797108,2302512,209876,1593827,4700844,123580,1133176,738215,4080996
1789797110,2303921,144416,1594876,5060228,123649,1133584,738750,4082428
1789797113,2305300,209848,1595763,4759856,123716,1134224,739289,4053640
1789797115,2306683,144376,1596645,4611200,123785,1134648,739968,4053732
1789797117,2308059,209900,1597555,4611220,123855,1135392,740528,4080888
1789797120,2309440,209872,1598480,4611232,123923,1135852,741094,4079600
1789797122,2310838,148588,1599542,5002136,123989,1136452,741730,4063956
1789797125,2312215,209836,1600341,4611200,124054,1137048,742266,4053948
1789797127,2313575,208292,1601243,4611288,124121,1137580,742818,4083408
1789797129,2314934,209880,1602129,4611272,124188,1138164,743375,4081356
1789797132,2316346,209844,1603084,4611436,124260,1138796,744054,4081940
1789797134,2317716,144408,1604041,4611308,124322,1139228,744589,4053988
1789797136,2319069,187696,1605284,4611180,124416,1140116,745391,4080464
1789797140,2321140,209880,1606320,4611168,124484,1140708,746029,4053972
1789797142,2322485,159712,1607284,4611280,124549,1141284,746544,4080428
1789797144,2323836,209892,1608305,5155716,124616,1141924,747064,4079696
1789797147,2325220,209888,1609149,4611172,124686,1142384,747621,4080856
1789797149,2326562,209840,1610023,4611172,124751,1143072,748277,4053964
1789797151,2327917,144376,1610927,4611216,124815,1143516,748817,4053892
1789797154,2329281,209884,1611817,4611064,124882,1144148,749376,4080308
1789797156,2330667,144452,1612937,4999696,124952,1144668,750073,4079456
1789797158,2332100,209916,1613760,4611164,125018,1145232,750620,4081580
1789797161,2333516,209932,1614713,4674092,125088,1145788,751170,4054020
1789797163,2334902,209848,1615701,4672244,125159,1146316,751725,4080772
1789797166,2336331,209888,1616775,4726880,125238,1147120,752457,4081548
1789797168,2337892,209848,1617749,4611208,125317,1147784,753057,4080924
1789797170,2339388,209812,1618840,4611216,125402,1148548,753761,4079180
1789797173,2341246,209872,1620111,4611268,125495,1149276,754579,4079860
1789797177,2342984,209836,1621124,4611220,125569,1149796,755150,4080240
1789797179,2344675,209884,1622302,4611196,125651,1150596,755838,4073284
1789797182,2346085,171124,1623251,4611156,125720,1151132,756517,4053880
1789797184,2347504,209932,1624202,4611040,125790,1151676,757076,4079292
1789797187,2348914,209884,1625140,4611076,125858,1152304,757612,4081784
1789797189,2350310,209888,1626081,4702704,125929,1152744,758165,4080892
1789797191,2351699,209896,1627072,4611208,125999,1153380,758836,4054008
1789797194,2353086,209832,1627997,4611208,126067,1154000,759418,4054024
1789797196,2354462,209880,1628918,4611316,126133,1154568,759976,4079684
1789797198,2355861,209836,1629832,4611212,126200,1155004,760501,4079188
1789797201,2357276,144380,1630932,4991952,126272,1155800,761310,4080312
1789797204,2358574,209876,1631731,4611320,126333,1156168,761730,4082472
1789797206,2360027,183476,1632764,4611104,126403,1156536,762227,4053996
1789797208,2361421,209924,1633694,4611232,126472,1157140,762861,4079992
1789797211,2362786,209928,1634607,4611112,126540,1157604,763419,4082412
1789797213,2364169,209884,1635725,5001276,126609,1158064,763980,4079896
1789797215,2365560,209836,1636500,4611168,126673,1158660,764547,4054020
1789797218,2366939,209876,1637407,4611156,126741,1159224,765215,4054052
1789797220,2368315,209928,1638309,4611196,126808,1159668,765769,4080652
1789797222,2369703,152900,1639227,4611156,126875,1160260,766311,4081900
1789797225,2371096,144424,1640223,4611112,126946,1160824,766970,4079236
1789797227,2372496,209928,1641128,4611164,127011,1161444,767537,4053984
1789797229,2373845,209880,1642021,4611288,127079,1161964,768104,4082340
1789797232,2375236,209880,1642930,4611136,127147,1162592,768631,4080328
1789797234,2376650,209900,1643869,4611184,127218,1163252,769322,4081132
1789797236,2378074,209852,1644887,4611084,127290,1163860,769889,4054032
1789797239,2379477,197784,1645828,4611244,127360,1164464,770461,4054040
1789797241,2380857,144456,1646734,4611252,127426,1165060,771000,4081116
1789797243,2382227,144460,1647641,4611248,127491,1165520,771676,4079340
1789797246,2383593,209896,1648557,4718644,127556,1166060,772246,4081752
1789797248,2384999,209844,1649540,4611152,127622,1166552,772800,4054204
1789797251,2386395,144428,1650477,4611112,127690,1167064,773343,4054176
1789797253,2387750,209884,1651387,4611200,127759,1167608,773988,4082080
1789797255,2389242,144372,1652411,4611248,127830,1167972,774567,4079440
1789797258,2390608,144428,1653362,4850976,127896,1168564,775151,4070476
1789797260,2392056,171344,1654375,4611168,127972,1169072,775833,4054180
1789797262,2393394,198308,1655243,4611168,128034,1169696,776349,4079068
1789797265,2394761,209848,1656143,4611256,128100,1170168,776884,4081376
1789797267,2396122,209932,1657129,4611196,128167,1170772,777447,4079500
1789797269,2397498,165784,1658170,4971076,128234,1171416,778114,4054256
1789797272,2398892,144424,1659032,4611144,128302,1171992,778680,4054252
1789797274,2400241,171120,1659911,4611152,128366,1172688,779236,4081944
1789797276,2401608,144460,1660827,4611256,128435,1173208,779786,4081724
1789797279,2402974,209844,1661689,4611108,128498,1173796,780455,4080312
1789797281,2404347,209896,1662763,5222844,128563,1174304,781002,4054224
1789797283,2405692,150472,1663577,4664952,128627,1174752,781545,4079476
1789797286,2407029,209840,1664457,4691116,128691,1175196,782191,4081060
1789797288,2408386,209924,1665376,4697160,128758,1175832,782748,4081712
1789797290,2409724,209916,1666265,4697112,128820,1176168,783278,4054180
1789797293,2411075,164964,1667329,5096884,128887,1176848,783822,4054212
1789797295,2412444,209844,1668059,4611228,128952,1177344,784473,4080700
1789797297,2413804,144384,1668946,4611240,129020,1177892,785028,4080340
1789797300,2415151,209900,1669824,4611172,129085,1178552,785590,4076016
1789797302,2416520,209820,1670722,4611172,129152,1179192,786148,4054220
1789797304,2417891,144460,1671686,4611244,129218,1179720,786800,4082068
1789797307,2419247,209852,1672579,4611340,129285,1180256,787364,4082004
1789797309,2420605,209844,1673462,4611252,129352,1180852,787935,4079672
1789797311,2422014,209920,1674396,4611272,129421,1181388,788599,4054148
1789797314,2423377,209876,1675291,4611200,129487,1181908,789150,4080824
1789797316,2424731,209876,1676251,4611300,129551,1182324,789700,4081324
1789797318,2426133,209836,1677172,4611280,129619,1182908,790243,4080428
1789797321,2427482,209840,1678058,4611252,129686,1183484,790918,4054184
1789797323,2428832,209920,1678935,4611384,129749,1183992,791442,4054232
1789797325,2430202,144460,1679852,4611100,129817,1184452,792002,4079648
1789797328,2431593,209884,1680860,4611204,129884,1184940,792560,4081328
1789797330,2432975,209888,1681850,4611196,129953,1185524,793226,4080892
1789797333,2434404,209872,1682762,4611240,130017,1186032,793789,4054216
1789797335,2435826,209848,1683723,4611260,130089,1186692,794376,4054188
1789797337,2437204,144464,1684678,4982720,130157,1187200,795043,4081140
1789797340,2438595,190308,1685624,4611380,130225,1187664,795607,4079844
1789797342,2439970,209888,1686535,4681660,130290,1188256,796161,4081512
1789797344,2441358,209840,1687476,4707456,130358,1188784,796716,4054240
1789797347,2442776,209844,1688405,4611468,130433,1189388,797412,4081200
1789797349,2444213,177936,1689483,5026540,130505,1189964,798000,4080292
1789797351,2445643,209924,1690397,4611356,130576,1190488,798594,4079852
1789797354,2447043,209920,1691307,4611456,130642,1191088,799179,4054264
1789797356,2448421,209892,1692211,4611392,130707,1191504,799849,4054140
1789797358,2449840,209844,1693150,4611288,130776,1192108,800409,4080156
1789797361,2451242,144432,1694251,5000804,130850,1192672,801008,4080824
1789797363,2452649,209924,1695105,4611372,130918,1193272,801685,4064128
1789797365,2454053,209924,1696030,4611356,130988,1193880,802276,4054160
1789797368,2455450,144344,1696954,4611476,131056,1194320,802854,4079744
1789797370,2456824,210160,1697864,4611308,131123,1195068,803409,4079996
1789797373,2458201,210144,1698842,4611352,131192,1195572,804072,4081960
1789797375,2459568,210152,1699735,4611424,131259,1196088,804632,4054256
1789797377,2460914,210112,1700612,4611400,131321,1196596,805168,4054240
1789797379,2462253,144688,1701478,4611152,131382,1197068,805709,4081808
1789797382,2463603,197480,1702374,4611364,131449,1197628,806390,4080320
1789797384,2465015,210160,1703363,4611404,131514,1198104,806950,4081184
1789797387,2466390,210188,1704271,4611384,131578,1198600,807507,4054244
1789797389,2467731,169236,1705151,4611356,131640,1199200,808153,4081620
1789797391,2468990,144684,1706030,4611504,131704,1199932,808744,4082196
1789797394,2470520,210152,1707090,4611540,131773,1200324,809323,4082020
1789797396,2471909,210144,1708093,4611468,131842,1200788,809899,4054232
1789797398,2473266,210196,1708988,4611432,131910,1201308,810554,4054164
1789797401,2474652,210112,1709912,4611404,131976,1201776,811120,4081684
1789797403,2476020,210136,1710806,4611428,132044,1202268,811661,4080728
1789797405,2477388,210108,1711806,5267876,132112,1203084,812246,4056608
1789797408,2478854,210192,1712779,4611328,132185,1203624,812926,4054260
1789797410,2480221,144612,1713672,4611544,132251,1204220,813497,4081436
1789797412,2481614,210192,1714603,4611512,132320,1204836,814057,4082068
1789797415,2483020,210196,1715540,4611564,132393,1205440,814736,4080120
1789797417,2484411,210144,1716531,4987812,132464,1206016,815325,4054212
1789797419,2485784,144640,1717439,4611380,132529,1206320,815883,4054172
1789797422,2487163,144680,1718354,4611340,132598,1207060,816455,4080736
1789797424,2488535,210160,1719271,4611436,132664,1207504,817136,4081120
1789797426,2489888,210104,1720183,4611392,132729,1208160,817703,4073924
1789797429,2491266,210108,1721187,4980608,132793,1208748,818264,4054184
1789797431,2492644,144640,1722065,4611496,132860,1209308,818822,4080488
1789797433,2493990,210100,1722954,4611528,132928,1209828,819502,4081056
1789797436,2495381,210156,1723878,4611580,132996,1210396,820077,4079880
1789797438,2496723,210184,1724764,4611552,133060,1210924,820620,4054232
1789797440,2498057,210112,1725796,5170632,133125,1211380,821285,4054268
1789797443,2499437,210188,1726632,4611696,133191,1211896,821860,4080960
1789797445,2500802,210136,1727537,4611460,133258,1212436,822426,4082124
1789797447,2502150,159424,1728421,4611572,133322,1212940,822982,4080348
1789797450,2503509,210100,1729312,4611576,133388,1213484,823642,4054304
1789797452,2504897,210108,1730450,5305024,133459,1214016,824240,4082612
1789797454,2506316,144692,1731332,4611528,133526,1214420,824801,4082084
1789797457,2507694,210184,1732258,4611548,133592,1215032,825378,4080268
1789797459,2509104,210096,1733187,4611564,133661,1215588,826067,4054520
1789797462,2510498,210080,1734162,4682236,133731,1216084,826657,4054604
1789797464,2511904,210156,1735215,4707968,133798,1216708,827241,4080172
1789797466,2513325,210184,1736186,4716808,133869,1217256,827912,4081400
1789797469,2514687,171648,1737122,4731472,133937,1217764,828480,4079916
1789797471,2516028,148116,1738031,4731444,134002,1218136,829040,4054776
1789797473,2517405,210136,1738951,4731432,134069,1218772,829620,4081156
1789797476,2518782,210192,1739966,4745180,134136,1219316,830301,4081636
1789797478,2520151,204604,1740718,4611648,134200,1219784,830874,4081196
1789797480,2521506,210080,1741616,4611640,134266,1220456,831429,4054824
1789797483,2522868,210080,1742517,4611584,134334,1220848,832006,4054816
1789797485,2524239,188536,1743437,4611612,134400,1221448,832678,4080952
1789797487,2525672,210192,1744473,4611696,134472,1221952,833272,4081296
1789797490,2527037,210132,1745373,4611680,134537,1222560,833820,4079344
1789797492,2528408,210140,1746267,4611652,134602,1223104,834476,4055056
1789797494,2529771,144680,1747160,4611740,134668,1223620,835034,4081624
1789797497,2531122,210100,1748070,4644412,134737,1224196,835605,4081156
1789797499,2532547,144636,1749076,4611624,134809,1224732,836201,4080632
1789797501,2533930,210184,1749973,4611620,134874,1225256,836869,4055096
1789797504,2535302,197936,1750877,4611596,134938,1225752,837443,4055288
1789797506,2536671,210144,1751790,4611548,135006,1226324,838015,4081244
1789797508,2538049,210196,1752730,4992480,135074,1226772,838595,4083084
1789797511,2539427,210104,1753667,4611612,135144,1227460,839299,4075140
1789797513,2540816,210148,1754575,4611444,135211,1227968,839855,4055764
1789797515,2542174,210140,1755520,4611636,135279,1228500,840427,4082696
1789797518,2543579,210160,1756503,4611624,135348,1229108,841014,4081768
1789797520,2544966,210160,1757561,5060064,135418,1229740,841690,4082464
1789797522,2546311,210152,1758375,4611620,135480,1230272,842245,4055800
1789797525,2547637,210112,1759252,4611560,135547,1230816,842797,4055816
1789797527,2548993,174020,1760133,4611616,135612,1231292,843473,4081768
1789797529,2550358,210104,1761017,4611728,135681,1231780,844048,4082748
1789797532,2551708,210184,1762097,5226672,135758,1247448,844622,4081692
1789797534,2553098,210160,1762926,4611656,135851,1268172,845229,4055760
1789797536,2554484,210112,1763819,4611604,135937,1280000,845908,4084312
1789797539,2555837,144644,1764714,4611660,136021,1287532,846471,4083776
1789797541,2557194,210184,1765625,4611660,136108,1292924,847044,4082428
1789797543,2558603,210200,1766752,4995952,136204,1296564,847653,4056256
1789797546,2559995,144644,1767565,4611624,136281,1282148,848329,4056328
1789797548,2561372,144636,1768501,4611672,136356,1283660,848921,4083996
1789797550,2562747,185852,1769397,4611628,136430,1284736,849493,4081772
1789797553,2564071,144612,1770269,4611584,136500,1285680,850054,4082136
1789797555,2565469,210148,1771260,4611572,136576,1286592,850722,4056552
1789797558,2566833,210152,1772149,4611644,136647,1287248,851284,4085076
1789797560,2568193,210096,1773030,4611580,136720,1287820,851848,4082084
1789797562,2569571,210156,1773955,4611632,136794,1288372,852529,4082980
1789797565,2570919,210108,1774836,4611744,136868,1288896,853110,4056560
1789797567,2572297,210192,1775794,4611528,136935,1289356,853669,4056528
1789797569,2573656,210144,1776677,4611408,137011,1289960,854255,4082904
1789797572,2575032,210188,1777574,4611572,137079,1274072,854936,4082744
1789797574,2576375,191820,1778453,4611580,137144,1274544,855489,4065860
1789797576,2577710,210192,1779328,4611796,137206,1275112,856036,4056560
1789797579,2579147,210188,1780497,4611688,137278,1275592,856627,4083472
1789797581,2580507,210200,1781442,4642792,137346,1276116,857317,4081732
1789797583,2581895,203764,1782389,4643560,137415,1276784,857913,4083084
1789797586,2583290,144632,1783325,4644052,137486,1277312,858513,4056576
1789797588,2584769,171388,1784354,4738684,137561,1278032,859247,4056560
1789797590,2586191,156296,1785387,4653784,137631,1278748,859834,4082040
1789797593,2587602,144636,1786375,4657616,137701,1279252,860439,4082672
1789797595,2589009,210104,1787357,4681872,137771,1280000,861029,4082492
1789797598,2590427,210096,1788346,4702672,137840,1280576,861735,4056608
1789797600,2591783,189508,1789390,5164056,137911,1281128,862171,4056508
1789797602,2593298,210192,1790432,4727420,137984,1281720,862768,4083592
1789797605,2594707,210152,1791389,4736024,138054,1282332,863367,4083752
1789797607,2596215,144732,1792508,4744220,138134,1282916,864107,4073480
1789797610,2597638,210104,1793488,4744328,138201,1283504,864691,4056560
1789797612,2598991,210112,1794542,5220228,138264,1284104,865248,4081424
1789797614,2600350,210192,1795404,4752252,138327,1284684,865752,4082340
1789797617,2601699,173456,1796335,4752224,138394,1285244,866307,4083500
1789797619,2603122,144724,1797358,4752152,138470,1285832,867042,4059960
1789797622,2605013,210144,1798743,4752156,138569,1286580,867582,4056604
1789797624,2606646,144716,1800087,4754720,138663,1287252,868358,4056872
1789797627,2608264,210196,1801261,4754700,138747,1287660,868966,4085032
1789797629,2609717,210192,1802294,4753952,138822,1288404,869569,4083536
1789797632,2611148,144692,1803306,4754112,138894,1288856,870279,4082776
1789797634,2612639,210144,1804343,4758972,138983,1289668,871095,4075376
1789797637,2614365,182212,1805247,4611772,139054,1290160,871684,4083156
1789797640,2615730,210136,1806179,4611644,139117,1290664,872232,4056924
1789797642,2617056,210188,1807151,4639988,139181,1291316,872914,4084592
1789797644,2618371,144692,1808043,4640012,139243,1291836,873287,4083828
1789797647,2619732,210116,1809060,5085292,139309,1292228,873847,4085724
1789797649,2621137,193292,1810052,4711316,139378,1293008,874540,4057140
1789797651,2622550,144648,1810955,4611752,139450,1293576,875125,4057108
1789797654,2624131,210100,1812127,4611716,139538,1294180,875650,4083588
1789797656,2625697,210164,1813320,4611692,139626,1294824,876299,4083476
1789797659,2627303,144628,1814678,5000944,139711,1295440,876902,4084000
1789797661,2628888,210144,1815701,4611816,139793,1296064,877548,4082816
1789797664,2630503,210112,1816896,4611840,139884,1296684,878255,4057124
1789797666,2632208,210100,1818166,4611852,139978,1297272,879001,4057040
1789797669,2633811,210080,1819339,4611720,140064,1297884,879660,4084124
1789797671,2635423,210152,1820540,4611752,140145,1298592,880298,4083876
1789797674,2636843,210148,1821523,4611828,140214,1299172,880900,4084324
1789797676,2638188,210096,1822423,4611784,140281,1299816,881583,4057448
1789797679,2639541,144640,1823325,4611920,140349,1300456,882003,4057568
1789797681,2641126,210152,1824605,5052956,140439,1301000,882599,4083912
1789797684,2642669,144684,1825646,4611680,140516,1301504,883122,4085208
1789797686,2644048,210160,1826573,4611832,140588,1302192,883668,4084024
1789797688,2645448,210116,1827482,4611792,140651,1302740,884207,4057608
1789797691,2646835,210148,1828456,4611648,140725,1303344,884840,4057576
1789797693,2648361,201440,1829648,5289524,140797,1304048,885547,4084216
1789797696,2649727,210100,1830428,4612096,140864,1304632,886132,4084376
1789797698,2651126,210192,1831344,4612156,140935,1305136,886696,4067272
1789797700,2652512,171392,1832256,4632164,141002,1305896,887283,4057592
1789797703,2653891,144724,1833265,4712952,141066,1306448,887955,4082848
1789797705,2655302,144640,1834459,4998816,141138,1307080,888566,4084780
1789797707,2656691,144640,1835246,4612048,141205,1317916,889150,4083416
1789797710,2658043,144640,1836137,4611964,141269,1308096,889724,4057816
1789797712,2659358,144640,1836987,4611924,141330,1308696,890389,4057756
1789797714,2660716,210192,1837875,4611892,141395,1309300,890780,4082432
1789797717,2662076,145988,1838854,4611784,141463,1309756,891330,4084780
1789797719,2663435,181620,1839735,4611988,141529,1310404,892034,4066596
1789797721,2664817,210108,1840654,4612012,141595,1310920,892523,4057804
1789797724,2666172,144644,1841520,4612080,141660,1311640,893016,4083880
1789797726,2667584,210196,1842447,4612116,141729,1312236,893601,4083932
1789797728,2668960,210160,1843424,4612104,141796,1312748,894087,4084740
1789797731,2670279,145244,1844278,4611972,141863,1313380,894641,4057816
1789797733,2671627,210152,1845152,4611992,141929,1313832,895161,4057692
1789797735,2672972,210136,1846021,4612020,141993,1314424,895604,4083524
1789797738,2674350,210184,1846943,4612048,142064,1315048,896294,4084196
1789797740,2675707,195880,1847889,4612016,142127,1315516,896711,4078436
1789797742,2677098,210160,1848815,4612024,142196,1316076,897351,4428148
1789797745,2678479,210164,1849727,4612056,142264,1316632,897939,4650712
1789797747,2679853,144640,1850629,4612076,142329,1317184,898357,4648808
1789797749,2681189,210100,1851502,4824280,142390,1317628,898901,4649984
1789797752,2682563,144724,1852463,4612152,142459,1318380,899458,4614376
1789797754,2683914,144668,1853346,4611936,142525,1318944,899984,4614380
1789797756,2685293,144688,1854256,4611980,142592,1319460,900551,4640404
1789797759,2686707,210108,1855178,4611944,142660,1320088,900948,4641200
1789797761,2688092,210112,1856190,4961268,142727,1320580,901635,4633024
1789797763,2689488,210156,1857201,4675276,142794,1321228,902092,4607116
1789797766,2690887,210136,1858271,4763276,142864,1321868,902606,4634160
1789797768,2692282,144692,1859092,4612300,142932,1322440,903177,4633600
1789797770,2693620,144668,1859969,4612332,142996,1322924,903670,4629296
1789797773,2694992,175576,1860983,5076768,143066,1323520,904238,4601076
1789797775,2696391,200384,1861896,4612208,143133,1324028,904847,4601072
1789797778,2697826,210100,1862826,4612176,143198,1324520,905436,4629352
1789797780,2699208,210156,1863752,4612308,143265,1325140,905966,4631920
1789797782,2700604,210196,1864676,4612280,143334,1325720,906526,4630292
1789797785,2702086,210160,1865828,4884460,143408,1326220,907095,4605000
1789797787,2703477,210084,1866664,4612244,143476,1326748,907532,4604984
1789797789,2704862,210188,1867581,4612320,143541,1327276,908210,4633636
1789797792,2706229,210196,1868485,4612184,143608,1327944,908662,4633288
1789797794,2707625,144676,1869396,4612240,143677,1328616,909188,4631764
1789797797,2709043,210140,1870407,4612260,143747,1329220,909766,4606280
1789797799,2710432,144632,1871325,4612176,143815,1329780,910286,4631628
1789797801,2711803,144720,1872223,4612224,143881,1330268,910846,4631512
1789797804,2713166,210188,1873124,4612136,143948,1330828,911417,4634100
1789797806,2714496,210152,1873978,4612016,144012,1331368,911830,4609456
1789797808,2715892,210112,1874985,4612172,144086,1332008,912500,4609380
1789797811,2717314,144636,1875933,4612180,144156,1332544,913090,4636360
1789797813,2718640,146796,1876817,4612148,144221,1333236,913674,4637888
1789797815,2720053,210108,1877729,4612184,144288,1333704,914176,4637736
1789797818,2721466,144636,1878657,4612188,144354,1334364,914688,4609540
1789797820,2722883,144640,1879649,4612076,144425,1334960,915386,4636740
1789797822,2724258,210112,1880591,4643476,144493,1335436,915769,4635392
1789797825,2725648,210200,1881524,4643428,144561,1336076,916343,4635284
1789797827,2727075,210096,1882582,4643364,144636,1336704,916877,4609608
1789797829,2728493,144676,1883542,4707192,144708,1337348,917471,4609564
1789797832,2729937,210116,1884615,4612304,144786,1337928,918089,4637532
1789797834,2731493,210148,1885721,4612220,144869,1338508,918555,4635112
1789797837,2733075,210100,1886896,4612244,144960,1339076,919217,4637036
1789797839,2734733,210132,1888126,4612064,145050,1339584,919860,4609580
1789797842,2736367,144664,1889458,5048688,145139,1340324,920540,4609612
1789797844,2737939,210192,1890523,4612244,145223,1340928,921203,4636792
1789797847,2739528,210140,1891692,4612032,145313,1341424,921910,4634948
1789797849,2741073,210188,1892817,4612168,145399,1342164,922631,4638536
1789797851,2742628,210196,1893961,4612204,145482,1342764,923199,4615984
1789797854,2744293,144640,1895348,5004048,145570,1343304,923796,4609956
1789797856,2745838,210188,1896362,4612228,145652,1343916,924333,4610080
1789797859,2747433,210156,1897492,4612200,145737,1344472,924950,4636624
1789797861,2748980,210116,1898611,4612184,145821,1344956,925494,4638448
1789797864,2750573,199840,1899800,4612272,145911,1345716,926185,4636416
1789797866,2752249,210080,1901104,4612228,146001,1346324,926786,4636216
1789797869,2753887,210100,1902284,4612272,146089,1346936,927397,4609940
1789797871,2755524,144644,1903495,4612204,146179,1347444,927954,4637092
1789797874,2757054,210104,1904598,4612320,146261,1348148,928591,4638804
1789797876,2758612,144612,1905754,4960868,146346,1348684,929321,4638280
1789797879,2760250,144720,1906960,4612192,146439,1352168,930016,4635996
1789797881,2761857,210152,1908143,4642876,146523,1349864,930528,4618692
1789797884,2763335,181892,1909149,4696956,146594,1350272,931117,4644744
1789797886,2764828,199108,1910244,4730960,146676,1350996,931857,4645804
1789797888,2766338,210116,1911503,5271368,146749,1351556,932293,4644360
1789797891,2767710,210140,1912416,4727156,146814,1352096,932831,4622124
1789797893,2769110,144644,1913296,4612356,146884,1352696,933283,4618756
1789797895,2770536,210084,1914225,4612180,146952,1353312,933877,4645508
1789797898,2771919,171560,1915138,4612360,147019,1353828,934417,4645580
1789797900,2773453,144676,1916480,5292416,147102,1354296,935040,4645456
1789797903,2775049,144636,1917480,4612368,147188,1354888,935526,4618860
1789797905,2776699,210196,1918652,4612376,147275,1355604,936210,4618924
1789797908,2778304,210080,1919806,4612488,147360,1356132,936995,4644888
1789797910,2779938,192656,1920965,4612408,147453,1356828,937692,4646128
1789797913,2781629,144668,1922214,4612240,147532,1357332,938317,4645048
1789797915,2783115,183600,1923224,4612336,147605,1357972,938926,4641612
1789797917,2784611,210148,1924245,4612376,147682,1358580,939657,4618960
1789797920,2786090,210136,1925262,4612316,147756,1359120,940269,4645344
1789797922,2787587,144720,1926291,4612396,147831,1359596,940898,4646176
1789797924,2789104,210136,1927409,4612360,147908,1360164,941335,4646296
1789797927,2790619,144632,1928481,4612388,147989,1360684,942074,4618980
1789797929,2792087,210100,1929473,4612244,148063,1361320,942599,4618972
1789797931,2793507,210200,1930440,4612476,148136,1361860,943098,4645116
1789797934,2794941,210156,1931522,5300452,148212,1362444,943813,4645684
1789797937,2796757,144720,1932697,4612372,148296,1363024,944386,4645044
1789797939,2798218,210140,1933690,4612420,148368,1363628,944904,4646624
1789797942,2799638,210196,1934644,4612320,148436,1364108,945394,4618904
1789797944,2801043,144644,1935602,4612396,148508,1364732,946017,4619012
1789797946,2802586,204384,1936802,4890816,148589,1365356,946583,4645512
1789797949,2804239,210192,1937966,4612360,148683,1365936,947249,4644360
1789797951,2805976,210164,1939288,4612460,148778,1366604,947852,4647492
1789797954,2807614,210152,1940505,4612428,148864,1367292,948339,4619352
1789797956,2809100,210108,1941528,4612312,148938,1367892,949011,4619340
1789797959,2810638,210188,1942714,4612392,149022,1368440,949669,4646444
1789797961,2812247,210148,1943914,4612312,149112,1369016,950286,4647012
1789797964,2813899,210184,1945122,4612388,149197,1369656,950864,4647492
1789797966,2815583,210140,1946370,4612232,149290,1370216,951658,4643312
1789797969,2817179,210192,1947542,4951652,149369,1370676,952280,4619396
1789797971,2818802,210160,1948766,4612468,149457,1371408,952866,4646888
1789797973,2820333,175076,1949836,4612384,149535,1371932,953382,4646324
1789797976,2821842,210100,1950896,4612416,149614,1372492,954122,4647728
1789797978,2823277,210196,1951903,4612276,149687,1372980,954567,4643024
1789797981,2824813,210184,1952963,5050788,149762,1373504,955141,4619420
1789797983,2826243,144684,1953931,4616720,149829,1374164,955578,4647260
1789797985,2827792,210136,1955089,4616528,149909,1374692,956239,4645548
1789797988,2829231,210144,1956054,4616580,149980,1375276,956760,4645540
1789797990,2830566,210108,1956917,4627912,150042,1375732,957148,4619404
1789797993,2831973,153644,1957971,4991308,150115,1376368,957751,4619444
1789797995,2833426,210160,1958959,4616624,150191,1376932,958439,4644516
1789797997,2834898,210156,1959933,4616620,150259,1377516,958903,4645820
1789798000,2836295,210140,1960850,4616612,150328,1378028,959505,4645252
1789798002,2837645,210112,1961734,4657676,150392,1378548,959921,4619424
1789798004,2839007,210104,1962823,5307212,150460,1379220,960591,4619424
1789798007,2840398,210160,1963697,4739340,150530,1379748,961165,4647052
1789798009,2841756,210196,1964587,4739424,150595,1380260,961578,4646636
1789798011,2843098,210152,1965491,4739520,150660,1380952,962156,4628488
1789798014,2844486,210136,1966469,4739304,150727,1381516,962726,4619332
1789798016,2845903,210152,1967518,5001356,150799,1382212,963281,4647384
1789798018,2847248,210192,1968315,4616600,150860,1382660,963845,4644736
1789798021,2848573,144628,1969169,4616508,150925,1383232,964230,4645460
1789798023,2849912,210108,1970043,4616752,150989,1383720,964806,4619396
1789798025,2851270,144716,1970952,4616528,151055,1384416,965406,4619416
1789798028,2852660,210104,1972121,5007584,151125,1384952,965917,4645948
1789798030,2854009,210156,1972843,4616620,151188,1385444,966481,4647092
1789798032,2855348,210196,1973722,4616604,151253,1385984,966878,4619432
1789798035,2856699,210200,1974608,4616576,151319,1386600,967568,4619472
1789798037,2858074,210156,1975516,4616532,151386,1387136,968089,4645200
1789798039,2859416,144632,1976459,4616584,151453,1387796,968548,4647740
1789798042,2860773,210116,1977364,4616584,151521,1388268,969134,4647320
1789798044,2862128,210152,1978218,4616440,151585,1388920,969641,4619496
1789798046,2863488,210188,1979107,4616532,151649,1389500,970189,4646724
1789798049,2864824,210112,1979980,4616668,151710,1390004,970729,4646052
1789798051,2866196,144648,1980936,4616644,151778,1390500,971162,4646028
1789798053,2867554,210144,1981820,4616584,151846,1391156,971851,4619556
1789798056,2868912,210104,1982708,4616476,151912,1391776,972310,4619548
1789798058,2870273,210196,1983603,4616700,151976,1392200,972844,4646908
1789798060,2871631,210112,1984498,4643116,152040,1392832,973418,4646892
1789798063,2872996,210080,1985483,4616568,152107,1393388,973936,4646580
1789798065,2874392,210152,1986395,4616604,152176,1393876,974456,4619492
1789798067,2875818,210156,1987346,4616572,152247,1394676,974942,4648140
1789798070,2877243,144640,1988301,4616600,152322,1395232,975560,4646388
1789798072,2878624,175760,1989209,4695472,152389,1395928,976072,4646880
1789798075,2879970,210084,1990160,4616548,152454,1396432,976637,4619544
1789798077,2881353,170552,1991163,4616568,152518,1396944,977162,4619560
1789798079,2882703,196724,1992072,4616676,152583,1397400,977603,4646336
1789798082,2884080,195676,1992976,4616548,152648,1397996,978064,4644428
1789798084,2885430,210156,1993940,5288920,152714,1398588,978689,4645628
1789798086,2886845,210104,1994896,4616532,152782,1399168,979089,4619488
1789798089,2888247,210144,1995823,4616384,152854,1399764,979670,4619456
1789798091,2889656,210160,1996775,4616560,152922,1400364,980101,4644672
1789798093,2891041,210108,1997681,4616552,152986,1400912,980801,4645928
1789798096,2892417,202224,1998649,4892292,153055,1401484,981283,4619592
1789798098,2893862,209348,1999634,4616656,153126,1402052,981829,4619732
1789798100,2895194,210156,2000481,4616664,153188,1402684,982200,4646800
1789798103,2896537,210152,2001359,4616832,153251,1403096,982865,4646544
1789798105,2897904,210152,2002271,4616492,153319,1403684,983397,4645268
1789798107,2899278,144712,2003285,5060224,153385,1404188,983864,4619628
1789798110,2900635,210112,2004104,4616604,153449,1404756,984314,4619644
1789798112,2901972,210196,2004986,4616668,153514,1405224,984945,4645872
1789798114,2903320,182440,2005842,4616768,153576,1405720,985376,4645816
1789798117,2904822,144632,2006867,4616668,153652,1406476,985926,4645164
1789798119,2906214,210104,2007983,5244428,153717,1406940,986393,4619688
1789798122,2907496,210188,2008740,4675376,153779,1407580,987042,4619704
1789798124,2908888,210164,2009728,4655484,153850,1408052,987485,4646088
1789798127,2910292,144684,2010677,4710936,153921,1408580,988055,4646240
1789798129,2911708,210192,2011544,4616540,153993,1409212,988632,4645692
1789798131,2913132,144648,2012692,5010232,154062,1409688,989200,4619748
1789798134,2914498,210184,2013469,4616452,154126,1410252,989740,4647736
1789798136,2915876,210200,2014375,4616572,154195,1410828,990195,4646416
1789798138,2917256,144644,2015342,4616576,154263,1411340,990749,4647112
1789798141,2918639,210200,2016283,4616772,154327,1411876,991380,4619708
1789798143,2920043,144732,2017436,4616676,154398,1412468,991849,4619732
1789798145,2921404,210140,2018203,4616612,154463,1412916,992424,4646216
1789798148,2922754,144684,2019081,4616552,154528,1413448,992895,4646752
1789798150,2924079,210112,2019949,4616724,154590,1413964,993415,4643272
1789798152,2925481,210196,2020866,4616592,154661,1414588,993929,4619696
1789798155,2926850,210084,2021844,4616680,154729,1415184,994514,4646176
1789798157,2928214,144608,2022751,4616548,154797,1415660,995064,4645608
1789798159,2929576,210196,2023649,4616524,154865,1416240,995512,4645600
1789798162,2930947,210192,2024532,4616644,154934,1416876,996090,4619752
1789798164,2932287,163636,2025403,4616592,154998,1417280,996592,4619720
1789798166,2933643,210152,2026364,4616648,155062,1417936,996985,4647668
1789798169,2935005,210144,2027256,4616664,155126,1418448,997535,4647292
1789798171,2936347,210144,2028132,4616740,155189,1418976,998037,4619708
1789798173,2937724,210160,2029028,4616576,155256,1419572,998631,4619720
1789798176,2939099,196088,2029926,4616652,155322,1420068,999106,4645964
1789798178,2940468,144680,2030906,4616856,155386,1420700,999631,4645792
1789798180,2941841,210104,2031824,4616808,155458,1421288,1000160,4647336
1789798183,2943215,210148,2032761,4649688,155521,1421768,1000714,4619612
1789798185,2944587,190304,2033684,4649764,155590,1422280,1001138,4646476
1789798187,2945942,210164,2034588,4649772,155656,1422680,1001717,4647156
1789798190,2947312,144684,2035633,4669680,155726,1423248,1002278,4645828
1789798192,2948629,144684,2036403,4616704,155788,1423812,1002780,4619708
1789798194,2949969,144712,2037273,4616656,155852,1424468,1003168,4619648
1789798197,2951346,197932,2038187,4616712,155917,1436544,1003744,4645500
1789798199,2952702,210152,2039077,4616704,155980,1425320,1004251,4646436
1789798201,2954075,144684,2040213,4616700,156047,1425904,1004826,4646044
1789798204,2955483,210184,2041161,4616496,156113,1426420,1005280,4619768
1789798206,2956826,144692,2042054,4616608,156179,1427032,1005807,4644580
1789798208,2958213,144644,2042965,4616772,156248,1427524,1006196,4647612
1789798211,2959580,210192,2043878,4616656,156317,1428000,1006858,4647408
1789798213,2960939,210196,2044831,4616648,156380,1428656,1007269,4619732
1789798215,2962290,210184,2045711,4616712,156444,1429172,1007744,4619744
1789798218,2963643,144616,2046597,4616692,156511,1429696,1008230,4646292
1789798220,2965020,144640,2047497,4616584,156579,1430300,1008755,4645948
1789798222,2966347,210188,2048375,4724800,156643,1430820,1009307,4622588
1789798225,2967730,210156,2049341,4616684,156711,1431476,1009692,4619728
1789798227,2969106,210132,2050242,4616748,156776,1432044,1010217,4645612
1789798229,2970473,210080,2051145,4616748,156845,1432592,1010785,4647788
1789798232,2971870,144716,2052071,4616580,156914,1433112,1011379,4645772
1789798234,2973197,210152,2052985,5216852,156979,1433568,1011804,4619628
1789798236,2974556,210192,2053903,4616744,157042,1434164,1012350,4619716
1789798239,2975919,210140,2054817,4616652,157107,1434692,1012841,4647384
1789798241,2977294,171348,2055729,4639424,157172,1435264,1013363,4647792
1789798243,2978687,210084,2056662,4710308,157239,1435816,1013858,4636376
1789798246,2980138,189032,2057733,5080372,157309,1436368,1014309,4619740
1789798248,2981521,210152,2058660,4616756,157374,1436752,1014969,4645384
1789798251,2982920,210184,2059601,4616768,157444,1437248,1015386,4646052
1789798253,2984381,210112,2060570,4616776,157517,1437828,1015951,4646656
1789798255,2985744,210104,2061449,4616884,157579,1438276,1016387,4619760
1789798258,2987083,144732,2062449,5017648,157645,1438824,1016921,4619740
1789798260,2988464,210080,2063313,4616760,157709,1439212,1017447,4645912
1789798262,2989835,144716,2064239,4616764,157775,1439824,1017836,4647500
1789798265,2991186,210100,2065207,4616860,157840,1440360,1018391,4646336
1789798267,2992550,151760,2066114,4616756,157904,1440864,1018817,4619756
1789798269,2993996,158364,2067261,5202124,157978,1441300,1019442,4646032
1789798272,2995419,210108,2068131,4616780,158049,1441964,1019942,4645376
1789798274,2996757,210104,2069009,4616788,158109,1442356,1020341,4645860
1789798276,2998115,144672,2069908,4616816,158176,1442788,1020908,4619752
1789798279,2999491,210188,2070800,4616788,158241,1443432,1021399,4619748
1789798281,3000853,144692,2071914,5231852,158306,1443904,1021918,4646444
1789798283,3002240,147512,2072697,4616692,158372,1444352,1022389,4648360
1789798286,3003635,210160,2073621,4616728,158441,1444924,1022859,4647056
1789798288,3005049,166892,2074554,4616880,158509,1445428,1023519,4619752
1789798290,3006432,144632,2075467,4616928,158577,1446088,1023923,4646996
1789798293,3007804,144632,2076591,5227020,158642,1446696,1024479,4648624
1789798295,3009247,210108,2077454,4616720,158716,1447208,1024940,4646408
1789798297,3010678,210140,2078428,4627264,158787,1447744,1025562,4646472
1789798300,3012205,178924,2079496,4616752,158867,1448288,1026139,4619744
1789798302,3013779,210164,2080659,4616772,158955,1448784,1026674,4646840
1789798305,3015430,210196,2082137,5257960,159041,1449312,1027319,4646628
1789798307,3016964,197464,2083042,4616756,159123,1450016,1027903,4646680
1789798309,3018369,144688,2083965,4616648,159194,1450580,1028392,4619816
1789798312,3019763,210100,2084887,4616864,159263,1451164,1028910,4619780
1789798314,3021135,210140,2085799,4616880,159332,1451680,1029341,4646392
1789798316,3022508,144716,2086963,4854808,159397,1452268,1030004,4645276
1789798319,3023868,144720,2087681,4616752,159462,1452744,1030422,4644700
1789798321,3025271,210104,2088599,4616776,159531,1453384,1030934,4619768
1789798323,3026616,204380,2089477,4616724,159596,1453892,1031394,4647752
1789798326,3028017,210104,2090503,4616824,159665,1454412,1031954,4647540
1789798328,3029451,210188,2091745,5302984,159740,1454984,1032541,4646768
1789798331,3030549,144720,2092258,4616780,159789,1455532,1032889,4619792
1789798333,3032140,169424,2093341,4616840,159864,1456016,1033466,4619820
1789798336,3033474,210104,2094205,4616872,159930,1456436,1033932,4645908
1789798338,3034837,210100,2095106,4616792,159993,1456920,1034597,4646120
1789798340,3036236,210140,2096262,5003048,160066,1457596,1035082,4647776
1789798343,3037714,210160,2097161,4616760,160139,1458068,1035675,4619976
1789798345,3039060,144644,2098037,4616652,160204,1458588,1036089,4619948
1789798347,3040494,210196,2099033,4616756,160277,1459068,1036714,4646176
1789798350,3041903,204832,2099951,4616600,160339,1459556,1037190,4646096
1789798352,3043276,210144,2101077,5006308,160408,1460176,1037659,4620012
1789798354,3044724,210192,2101922,4616752,160477,1460744,1038234,4619992
1789798357,3046164,210136,2102888,4616740,160550,1461276,1038769,4647616
1789798359,3047562,210112,2103832,4616744,160619,1461828,1039313,4647008
1789798361,3048928,201916,2104735,4641248,160683,1462340,1039757,4645820
1789798364,3050283,210108,2105883,5073712,160746,1462760,1040230,4619864
1789798366,3051643,210188,2106637,4696776,160811,1463224,1040839,4620040
1789798368,3053028,210188,2107602,4702780,160882,1463972,1041274,4647312
1789798371,3054420,210156,2108550,4702688,160949,1464568,1041855,4646692
1789798373,3055790,210160,2109467,4702868,161017,1465072,1042280,4621628
1789798375,3057200,210196,2110562,4616748,161085,1465636,1042872,4619964
1789798378,3058559,210192,2111326,4616692,161149,1465972,1043382,4647040
1789798380,3059866,144632,2112223,4616776,161217,1466848,1043821,4646336
1789798382,3061342,210108,2113170,4616720,161282,1467208,1044386,4645416
1789798385,3062672,210188,2114026,4616780,161344,1467864,1044797,4620040
1789798387,3064058,210140,2115084,4616784,161412,1468324,1045452,4620072
1789798390,3065494,210140,2116157,4616736,161485,1468880,1045967,4646904
1789798392,3066927,210104,2117044,4616872,161550,1469260,1046524,4646320
1789798394,3068271,210136,2117920,4616792,161615,1469880,1046946,4648264
1789798397,3069662,161080,2118827,4616792,161682,1470376,1047623,4620080
1789798399,3071023,144712,2119807,4616676,161748,1470988,1048043,4619996
1789798401,3072401,210156,2120723,4616728,161813,1471532,1048546,4645092
1789798404,3073777,210152,2121634,4616632,161880,1471920,1049043,4649052
1789798406,3075132,144720,2122521,4616760,161945,1472516,1049583,4619964
1789798408,3076492,210144,2123406,4616740,162011,1484820,1050137,4620036
1789798411,3077890,210108,2124395,4616636,162077,1473596,1050554,4647608
1789798413,3079252,210076,2125279,4616780,162145,1474096,1051095,4645488
1789798415,3080606,210136,2126174,4616848,162209,1474532,1051654,4647024
1789798418,3081990,199276,2127094,4616708,162276,1475276,1052139,4619992
1789798420,3083374,171904,2128006,4708224,162344,1475768,1052672,4619940
1789798422,3084774,210148,2129046,4640244,162412,1476216,1053082,4645596
1789798425,3086122,144676,2129941,4640336,162476,1476736,1053740,4647304
1789798427,3087492,210156,2130859,4640784,162541,1477264,1054161,4620064
1789798429,3088850,210132,2131797,4641072,162605,1477744,1054654,4620040
1789798432,3090213,144636,2132711,4726000,162672,1478256,1055150,4647180
1789798434,3091591,210180,2133735,4647076,162738,1478844,1055700,4646408
1789798436,3092977,210160,2134722,4649460,162810,1479376,1056287,4645824
1789798439,3094367,210152,2135654,4654552,162876,1479876,1056685,4620008
1789798441,3095724,210148,2136581,4696048,162939,1480332,1057201,4645576
1789798443,3097102,210156,2137561,5039476,163007,1480840,1057668,4645216
1789798446,3098532,210100,2138636,4733544,163082,1481332,1058280,4646644
1789798448,3099913,210144,2139585,4740476,163152,1482004,1058845,4629940
1789798451,3101388,210148,2140653,4748896,163220,1482484,1059249,4620044
1789798453,3102761,210136,2141610,4748916,163287,1483084,1059785,4647376
1789798455,3104128,210192,2142578,5051912,163349,1483588,1060337,4646984
1789798458,3105522,210104,2143585,4756760,163417,1484192,1060807,4650552
1789798460,3106910,210144,2144539,4756928,163483,1484668,1061330,4623260
1789798462,3108295,152108,2145477,4756840,163552,1485200,1061750,4623348
1789798465,3109670,144668,2146405,4756780,163616,1485668,1062424,4649728
1789798467,3111054,210188,2147436,5202916,163686,1486240,1062866,4649196
1789798469,3112394,144688,2148411,4756804,163754,1486920,1063404,4651112
1789798472,3113906,172704,2149345,4756832,163820,1487388,1063928,4623364
1789798474,3115292,210156,2150292,4756876,163887,1487844,1064461,4623628
1789798477,3116677,210152,2151242,4756956,163956,1488468,1065041,4649224
1789798479,3118086,144680,2152377,5420152,164025,1488960,1065463,4650064
1789798481,3119472,176632,2153257,4823180,164093,1489380,1065978,4623648
1789798484,3120886,210108,2154224,4763828,164161,1489956,1066587,4623612
1789798486,3122261,210112,2155161,4764664,164229,1490576,1067017,4651008
1789798488,3123613,210108,2156062,4764620,164293,1491020,1067575,4652036
1789798491,3125010,210144,2157256,5469940,164360,1491568,1067985,4650200
1789798493,3126359,210084,2157550,4616824,164427,1492076,1068519,4623572
1789798495,3127693,144724,2158434,4616924,164492,1492616,1069108,4623896
1789798498,3129098,210108,2159367,4616972,164559,1493112,1069560,4650436
1789798500,3130477,210160,2160302,4616820,164622,1493704,1070094,4649708
1789798503,3131843,210108,2161471,5276164,164689,1494372,1070537,4646520
1789798505,3133263,210188,2162283,4616860,164758,1494884,1071230,4624308
1789798507,3134631,144676,2163222,4616812,164824,1495444,1071696,4650176
1789798510,3136047,144636,2164137,4616840,164888,1495960,1072178,4652028
1789798512,3137450,173768,2165121,4616896,164957,1496528,1072701,4652336
1789798514,3138857,210080,2166318,5007696,165027,1497252,1073223,4624388
1789798517,3140263,210104,2167127,4616860,165097,1497680,1073804,4624340
1789798519,3141596,210188,2168003,4616924,165159,1498180,1074223,4651916
1789798521,3142947,210104,2168907,4616948,165226,1498764,1074717,4651048
1789798524,3144291,210112,2169795,4617020,165291,1499312,1075317,4636436
1789798526,3145696,175396,2170827,4616884,165359,1499880,1075774,4624712
1789798528,3147083,210112,2171745,4616916,165427,1500424,1076338,4652140
1789798531,3148471,144608,2172669,4616856,165495,1500932,1076762,4650608
1789798533,3149838,144716,2173588,4616956,165564,1501464,1077300,4651536
1789798535,3151197,144644,2174490,4616932,165630,1502000,1077877,4624864
1789798538,3152601,210108,2175497,4616908,165698,1502616,1078336,4624824
1789798540,3153951,208168,2176362,4616852,165761,1503020,1078849,4651432
1789798542,3155318,210160,2177323,4650416,165827,1503744,1079267,4650744
1789798545,3156654,210104,2178232,4650252,165893,1504216,1079951,4649380
1789798547,3158050,210132,2179170,4650316,165960,1504924,1080397,4625072
1789798549,3159467,210156,2180178,4616904,166034,1505508,1080909,4652068
1789798552,3160847,144728,2181097,4616988,166102,1506076,1081406,4651740
1789798554,3162232,210344,2182014,4616984,166174,1506680,1081968,4651512
1789798556,3163654,210404,2182973,4617028,166242,1507192,1082551,4625144
1789798559,3165000,210408,2183857,4616968,166306,1507672,1082958,4625000
1789798561,3166426,210456,2184899,4616996,166378,1508192,1083488,4653276
1789798563,3167801,210456,2185796,4617000,166442,1508664,1084053,4651884
1789798566,3169132,210448,2186677,4616800,166507,1509168,1084518,4634600
1789798568,3170504,210448,2187594,4616952,166571,1509700,1085046,4625196
1789798570,3171880,156864,2188510,4616960,166638,1510228,1085457,4652052
1789798573,3173258,190924,2189515,4616988,166705,1510684,1086005,4651324
1789798575,3174629,210368,2190524,4617008,166767,1511164,1086545,4652452
1789798577,3175980,150180,2191419,4616916,166835,1511804,1087034,4625256
1789798580,3177317,210448,2192298,4616892,166898,1512308,1087527,4625140
1789798582,3178664,210376,2193186,4617028,166966,1512824,1087938,4651264
1789798584,3180026,144880,2194186,4617032,167033,1513316,1088620,4651948
1789798587,3181374,210344,2195078,4617108,167096,1513824,1089031,4651676
1789798589,3182739,210404,2195981,4617108,167162,1514388,1089555,4625268
1789798591,3184120,210452,2196888,4617248,167229,1514928,1090023,4651896
1789798594,3185506,185600,2197801,4617132,167296,1515424,1090586,4652820
1789798596,3186870,210460,2198799,4617164,167364,1515936,1091125,4651464
1789798598,3188239,144900,2199691,4617124,167429,1516576,1091546,4625248
1789798601,3189584,210408,2200590,4639720,167494,1517164,1092111,4625200
1789798603,3190964,210456,2201518,4703860,167562,1517748,1092538,4651896
1789798605,3192336,169556,2202434,4802124,167629,1518180,1093132,4651436
1789798608,3193689,210400,2203404,4730676,167695,1518768,1093629,4625272
1789798610,3195057,189304,2204300,4617480,167763,1519332,1094061,4625288
1789798612,3196434,210424,2205197,4617520,167830,1519860,1094613,4653472
1789798615,3197784,210344,2206079,4617540,167893,1520304,1095112,4652240
1789798617,3199121,210404,2206965,4691928,167956,1520868,1095646,4625320
1789798619,3200491,210348,2207948,4617440,168022,1521376,1096096,4625300
1789798622,3201819,188240,2208811,4617512,168084,1521844,1096549,4650704
1789798624,3203174,210368,2209696,4617392,168150,1522420,1097177,4650392
1789798626,3204515,210404,2210591,4617424,168212,1522844,1097588,4650816
1789798629,3205877,210448,2211520,5071584,168278,1523320,1098170,4625288
1789798631,3207262,210460,2212494,4617428,168346,1524004,1098611,4625188
1789798633,3208651,144976,2213431,4617712,168413,1524524,1099112,4651652
1789798636,3210071,210372,2214397,4617504,168482,1525056,1099735,4650176
1789798638,3211547,210416,2215473,4617496,168557,1525576,1100215,4648116
1789798640,3212998,144948,2216540,5286640,168629,1526172,1100806,4625324
1789798643,3214467,210448,2217530,4617508,168698,1526728,1101249,4652432
1789798645,3215929,210412,2218527,4617424,168771,1527248,1101925,4652412
1789798648,3217349,210424,2219477,4617344,168842,1527752,1102420,4653644
1789798650,3218781,210372,2220451,4617460,168912,1528252,1102917,4625320
1789798652,3220248,210412,2221523,4998156,168989,1528796,1103513,4625204
1789798655,3221719,144980,2222537,4617396,169060,1529292,1104065,4653952
1789798657,3223170,144908,2223517,4617308,169134,1529872,1104640,4651232
1789798659,3224660,210400,2224553,4617448,169212,1530512,1105153,4651816
1789798662,3226169,144980,2225585,4617428,169287,1531112,1105648,4625320
1789798664,3227663,210456,2226730,5057228,169364,1531700,1106333,4625288
1789798666,3229142,210400,2227724,4617560,169444,1532320,1106813,4653448
1789798669,3230666,210424,2228744,4617600,169520,1532772,1107419,4652400
1789798671,3232125,210460,2229729,4617548,169594,1533256,1107887,4652656
1789798673,3233594,210416,2230749,4617468,169672,1533892,1108522,4625296
1789798676,3235058,144984,2231891,5060476,169743,1534508,1109071,4650652
1789798678,3236528,210420,2232849,4617468,169820,1535012,1109537,4653552
1789798681,3237984,210348,2233834,4617444,169892,1535500,1110134,4652944
1789798683,3239434,144988,2234816,4617460,169964,1535892,1110586,4625188
1789798685,3240920,203512,2235840,4617440,170038,1536504,1111250,4625224
1789798688,3242407,151048,2237016,5065440,170117,1537020,1111782,4651776
1789798690,3243835,210404,2237903,4617408,170187,1537584,1112238,4652884
1789798692,3245309,144976,2238937,4617436,170265,1538164,1112849,4651864
1789798695,3246753,210412,2239941,4617512,170338,1538608,1113394,4625208
1789798697,3248218,210412,2240944,4617372,170409,1539180,1113956,4651160
1789798699,3249652,210424,2242169,5057760,170482,1539732,1114458,4651408
1789798702,3251099,161580,2243139,4617616,170551,1540256,1114943,4650636
1789798704,3252518,144944,2244090,4617664,170622,1540748,1115598,4625332
1789798707,3253980,210376,2245096,4617600,170694,1541336,1116055,4625212
1789798709,3255488,210456,2246131,4617596,170771,1541772,1116652,4650976
1789798711,3256980,210452,2247313,5081944,170849,1542404,1117144,4650656
1789798714,3258511,210460,2248316,4617688,170926,1542992,1117675,4651520
1789798716,3259960,144956,2249302,4617540,171001,1554556,1118343,4625304
1789798718,3261386,145428,2250262,4617480,171071,1544120,1118800,4625328
1789798721,3262797,210416,2251214,4639436,171144,1544564,1119420,4651260
1789798723,3264339,144988,2252470,5216080,171224,1545152,1119885,4652324
1789798725,3265828,210404,2253452,4698940,171299,1545716,1120564,4648152
1789798728,3267252,210376,2254410,4700960,171371,1546268,1121086,4625468
1789798730,3268707,210380,2255388,4700936,171444,1546824,1121560,4652048
1789798732,3270126,144880,2256375,4714664,171511,1547464,1122126,4652536
1789798735,3271540,150948,2257503,5234048,171584,1548032,1122682,4650484
1789798737,3272963,144880,2258419,4715720,171655,1548644,1123254,4625452
1789798739,3274361,210376,2259373,4744812,171724,1549140,1123739,4625432
1789798742,3275793,144956,2260269,4617676,171794,1549760,1124232,4651588
1789798744,3277201,210448,2261216,4617696,171862,1550188,1124859,4652684
1789798746,3278609,175788,2262302,4988868,171932,1550792,1125328,4652272
1789798749,3280056,210412,2263235,4617624,172003,1551312,1125917,4625408
1789798751,3281464,210364,2264172,4617700,172074,1551816,1126376,4653084
1789798753,3282892,210368,2265137,4617564,172144,1552328,1126882,4650868
1789798756,3284321,210340,2266103,4617452,172215,1552784,1127517,4652180
1789798758,3285757,210376,2267235,5146036,172290,1553384,1127990,4625488
1789798761,3287210,144976,2268186,4617640,172362,1553872,1128589,4625496
1789798763,3288663,210428,2269249,4617584,172435,1554384,1129029,4651216
1789798765,3290122,210404,2270226,4617620,172507,1554888,1129699,4651428
1789798768,3291537,210400,2271166,4617736,172579,1555596,1130218,4649556
1789798770,3293018,173912,2272396,5256320,172651,1556108,1130688,4625544
1789798772,3294457,210400,2273228,4617872,172726,1556672,1131287,4651412
1789798775,3295972,144984,2274263,4617644,172800,1557244,1131864,4651236
1789798777,3297386,210444,2275227,4617724,172872,1557748,1132438,4652616
1789798780,3298927,210372,2276280,4617748,172950,1558264,1132971,4648168
1789798782,3300492,151056,2277728,4900008,173031,1558780,1133456,4625508
1789798784,3301974,210404,2278481,4617740,173105,1559292,1134146,4651672
1789798787,3303522,144984,2279589,4617816,173190,1559892,1134705,4653308
1789798789,3305149,210456,2280682,4617732,173276,1560716,1135294,4651456
1789798792,3306665,144900,2281716,4617784,173352,1561252,1135865,4652740
1789798794,3308190,210460,2282858,4617736,173433,1561892,1136491,4625484
1789798797,3309846,144960,2284063,4617824,173525,1562620,1137206,4625516
1789798800,3311584,210344,2285126,4617748,173600,1563164,1137748,4625424
1789798802,3312972,210380,2286045,4617900,173665,1563732,1138320,5571312
1789798805,3314427,210420,2287229,5162108,173741,1564356,1138961,5571556
1789798807,3315938,210344,2288168,4617800,173817,1565020,1139444,5571900
1789798809,3317397,210416,2289141,4617752,173888,1565588,1139964,5545308
1789798812,3318849,210424,2290105,4617680,173959,1566188,1140625,5314988
1789798814,3320351,144908,2291126,4617684,174031,1566636,1141085,5339432
1789798817,3321787,210420,2292357,5263536,174105,1567240,1141706,5341540
1789798819,3323203,144876,2293163,4617764,174177,1567764,1142168,5341856
1789798821,3324664,210408,2294124,4617684,174247,1568240,1142809,5342580
1789798824,3326215,210344,2295272,4617796,174325,1568832,1143384,5321248
1789798826,3327677,210448,2296277,4617832,174397,1569352,1143847,5348176
1789798829,3329132,144908,2297544,5010480,174471,1569872,1144466,5348924
1789798831,3330622,183524,2298361,4617624,174544,1570360,1144949,5346788
1789798833,3332104,144952,2299535,4617672,174634,1571164,1145760,5340240
1789798837,3334066,210364,2300710,4617556,174720,1571700,1146430,5340312
1789798840,3335857,210416,2302103,5093536,174808,1572276,1147238,5340528
1789798843,3338100,210400,2303774,4648444,174921,1573084,1147870,5342396
1789798846,3339809,210368,2304980,4713604,175013,1573812,1148570,5340920
1789798849,3341564,144984,2306074,4619120,175102,1574480,1149269,5339020
1789798852,3343357,210396,2307494,5008796,175195,1575356,1149904,5313440
1789798854,3345050,144908,2308445,4619152,175268,1575792,1150382,5314656
1789798857,3346556,144896,2309501,4619084,175346,1576332,1151117,5314160
1789798859,3348038,144984,2310472,4619120,175419,1576892,1151577,5339592
1789798862,3349477,210376,2311450,4619184,175490,1577340,1152091,5340592
1789798864,3350941,210400,2312670,5010840,175567,1577856,1152650,5336764
1789798866,3352399,144932,2313510,4619140,175639,1578364,1153206,5308512
1789798869,3353828,210412,2314463,4619172,175711,1578932,1153814,5335364
1789798871,3355261,144876,2315426,4619144,175781,1579428,1154308,5335632
1789798873,3356851,210412,2316494,4619216,175860,1579964,1154880,5334440
1789798876,3358336,210444,2317575,4619316,175931,1580448,1155415,5308528
1789798878,3359800,210376,2318558,4619004,176002,1581020,1155996,5308472
1789798881,3361246,210400,2319576,4619220,176077,1581600,1156627,5335048
1789798883,3362785,210412,2320556,4619152,176153,1582028,1157096,5333876
1789798885,3364239,153136,2321590,4619064,176222,1582648,1157614,5366168
1789798888,3365696,210416,2322705,4619100,176297,1583112,1158161,5339544
1789798890,3367174,210368,2323693,4619200,176371,1583720,1158751,5339544
1789798893,3368621,144984,2324664,4619088,176442,1584140,1159344,5366984
1789798895,3370067,202492,2325638,4619100,176518,1584704,1159856,5366480
1789798897,3371672,210336,2326718,4618944,176597,1585236,1160413,5366584
1789798900,3373194,210404,2327845,4619100,176677,1585728,1161084,5349184
1789798902,3374687,144988,2328876,4659660,176750,1586288,1161584,5343124
1789798905,3376195,210404,2329915,4661232,176825,1586792,1162190,5368516
1789798907,3377688,210372,2330935,4661264,176900,1587248,1162660,5369208
1789798909,3379125,186704,2331995,5009812,176977,1587824,1163234,5369804
1789798912,3380665,210408,2332998,4619088,177050,1588404,1163853,5335340
1789798914,3382107,151276,2333972,4619088,177123,1588824,1164336,5363612
1789798916,3383624,210420,2334990,4619120,177201,1589272,1164960,5363444
1789798919,3385081,144904,2336012,4619092,177277,1589908,1165437,5362432
1789798921,3386627,144892,2337071,4993592,177355,1590432,1166009,5335500
1789798924,3388112,210396,2338085,4619104,177424,1590856,1166622,5336412
1789798926,3389628,210456,2339077,4618936,177495,1591440,1167122,5336452
1789798929,3391062,210416,2340040,4619012,177566,1591968,1167729,5362396
1789798931,3392474,210376,2340941,4619076,177634,1592480,1168169,5361848
1789798933,3393835,210460,2341933,5007172,177698,1593008,1168666,5344304
1789798936,3395208,210420,2342780,4619140,177764,1593556,1169268,5324748
1789798938,3396557,210408,2343638,4619104,177829,1594008,1169702,5350476
1789798940,3397891,186916,2344490,4619152,177893,1594652,1170257,5351936
1789798943,3399245,210368,2345361,4619176,177957,1595180,1170677,5352336
1789798945,3400585,210408,2346418,5138740,178025,1595748,1171335,5324616
1789798947,3401986,155516,2347264,4619176,178087,1596324,1171816,5324616
1789798950,3403366,210400,2348191,4619096,178149,1596764,1172278,5350112
1789798952,3404734,210404,2349072,4619128,178217,1597432,1172817,5350360
1789798955,3406060,144876,2349983,4619028,178285,1597916,1173302,5350976
1789798957,3407628,210372,2351174,5268236,178354,1598560,1173984,5324716
1789798960,3408970,210448,2351846,4619080,178414,1598996,1174444,5324756
1789798962,3410342,144984,2352738,4650796,178482,1599672,1174907,5352348
1789798964,3411653,210464,2353587,4704644,178541,1600180,1175424,5351252
1789798967,3412997,144944,2354486,4619012,178610,1600636,1175849,5347220
1789798969,3414381,210368,2355598,5304604,178679,1601304,1176538,5328540
1789798971,3415737,171728,2356288,4619112,178744,1601700,1176984,5354364
1789798974,3417089,210404,2357222,4619168,178815,1602392,1177519,5354792
1789798976,3418528,210416,2358075,4619108,178881,1602948,1178038,5355496
1789798978,3419865,144980,2358942,4619092,178947,1603364,1178466,5355256
1789798981,3421218,210400,2360047,5013176,179016,1603936,1179156,5355224
1789798983,3422558,177668,2360769,4618936,179082,1604588,1179594,5380848
1789798985,3424000,210372,2361736,4619096,179152,1605172,1180120,5382352
1789798988,3425397,210456,2362606,4619128,179218,1605644,1180637,5382980
1789798990,3426763,144996,2363487,4619128,179283,1606256,1181177,5355228
1789798993,3428144,189344,2364488,4618960,179349,1606632,1181764,5355236
1789798995,3429518,144900,2365373,4619056,179416,1607148,1182193,5383748
1789798997,3430875,210376,2366244,4619080,179483,1607692,1182719,5382056
1789799000,3432236,210416,2367107,4619028,179546,1608220,1183205,5363332
1789799002,3433632,210360,2368008,4619016,179615,1608736,1183767,5355248
1789799004,3434995,210376,2368971,4619176,179681,1609188,1184312,5382092
1789799007,3436328,210400,2369824,4618960,179742,1609784,1184728,5382196
1789799009,3437704,176308,2370743,4619092,179807,1610144,1185289,5381596
1789799011,3439055,144988,2371671,4619160,179874,1610772,1185764,5355220
1789799014,3440592,210376,2372669,4619076,179944,1611356,1186393,5355456
1789799016,3441960,210368,2373646,4618964,180013,1611856,1186950,5382692
1789799019,3443284,144904,2374486,4619080,180075,1612412,1187371,5380824
1789799021,3444700,144896,2375425,4619040,180144,1612952,1187942,5381884
1789799023,3445905,144992,2376131,4619132,180193,1613352,1188335,5355448
1789799026,3447210,210360,2377023,4619100,180261,1613944,1188950,5355512
1789799028,3448636,210368,2378041,4619120,180334,1614364,1189557,5380576
1789799031,3450244,165572,2379113,4619104,180421,1615104,1190082,5382380
1789799033,3451652,210448,2380030,4619208,180490,1615660,1190639,5382056
1789799036,3453017,210460,2380898,4619136,180557,1616156,1191222,5356428
1789799038,3454422,184580,2381863,4875568,180621,1616800,1191704,5356448
1789799040,3455803,210400,2382768,4619056,180687,1617376,1192244,5382108
1789799043,3457151,144936,2383637,4619040,180753,1617880,1192671,5384376
1789799045,3458497,210416,2384523,4619072,180821,1618480,1193265,5382064
1789799047,3459825,210424,2385377,4618952,180879,1618976,1193790,5357248
1789799050,3461139,210412,2386305,5311832,180939,1619396,1194282,5383904
1789799052,3462501,210348,2387181,4618936,181006,1619888,1194790,5383300
1789799054,3463832,210424,2388020,4618972,181071,1620488,1195207,5383352
1789799057,3465160,210420,2388859,4619084,181135,1620916,1195771,5357184
1789799059,3466500,210424,2389745,4619084,181201,1621420,1196345,5357408
1789799061,3467935,210344,2390719,5308568,181265,1622048,1196870,5385532
1789799064,3469290,149952,2391594,4619124,181330,1622436,1197388,5383848
1789799066,3470733,210420,2392513,4619048,181395,1622948,1197810,5385592
1789799069,3472110,144904,2393390,4619088,181463,1623640,1198384,5357396
1789799071,3473467,210372,2394388,4619140,181535,1624212,1198999,5357440
1789799074,3474975,203556,2395507,5063572,181600,1624588,1199513,5383756
1789799076,3476350,144948,2396344,4619116,181666,1625128,1200017,5384284
1789799078,3477714,210376,2397215,4619088,181732,1625616,1200397,5382940
1789799081,3479029,210452,2398051,4619096,181793,1626108,1200952,5357352
1789799083,3480359,210408,2398914,4660632,181861,1626628,1201504,5357432
1789799085,3481752,210368,2399991,5177204,181921,1627216,1202039,5384868
1789799088,3483126,144952,2400872,4742772,181989,1627648,1202512,5385460
1789799090,3484487,210368,2401771,4743092,182056,1628240,1202986,5384716
1789799092,3485877,210400,2402688,4743016,182125,1628676,1203537,5357468
1789799095,3487221,144900,2403562,4742976,182189,1629216,1204065,5384092
1789799097,3488610,210424,2404564,5189884,182258,1629760,1204641,5383184
1789799099,3489975,210396,2405468,4744980,182323,1630304,1205100,5383276
1789799102,3491354,210456,2406353,4745008,182385,1630896,1205603,5357332
1789799104,3492710,210420,2407100,4619136,182458,1631464,1206242,5357444
1789799106,3494167,144980,2408035,4619176,182523,1632012,1206735,5383668
1789799109,3495536,210376,2409072,5056756,182591,1632636,1207326,5385680
1789799111,3496879,144988,2409886,4619052,182656,1633156,1207765,5366816
1789799113,3498250,144980,2410758,4619008,182720,1633716,1208290,5357432
1789799116,3499676,210364,2411668,4619028,182791,1634184,1208925,5384692
1789799118,3501052,210420,2412555,4618964,182858,1634776,1209389,5385840
1789799120,3502429,144948,2413627,5173204,182924,1635372,1209963,5385052
1789799123,3503789,210376,2414406,4619056,182991,1635936,1210458,5383908
1789799125,3505309,210396,2415386,4619036,183063,1636420,1210988,5357968
1789799128,3506645,210368,2416236,4619000,183127,1637016,1211580,5385624
1789799130,3507992,144988,2417097,4620364,183190,1637480,1212031,5383292
1789799132,3509360,144904,2418244,4856728,183259,1637932,1212622,5386300
1789799135,3510801,144992,2419095,4618968,183324,1638468,1213063,5358160
1789799137,3512175,210344,2419989,4618932,183392,1639140,1213602,5358108
1789799140,3513552,210416,2420874,4618964,183457,1639604,1214193,5385984
1789799142,3514929,210424,2421780,4618952,183523,1640164,1214670,5383992
1789799144,3516382,144992,2422980,5010832,183597,1640776,1215253,5386564
1789799147,3517786,210456,2423782,4619056,183671,1641368,1215728,5358104
1789799149,3519269,173420,2424713,4619084,183742,1641944,1216331,5358664
1789799151,3520785,210396,2425748,4619048,183821,1642512,1216953,5384108
1789799154,3522138,210400,2426631,4619108,183888,1643136,1217442,5384348
1789799156,3523608,144936,2427907,5015264,183961,1643752,1218004,5382396
1789799159,3524968,210404,2428570,4619128,184026,1644168,1218434,5358648
1789799161,3526330,188812,2429453,4619020,184092,1644628,1219117,5386968
1789799163,3527777,210344,2430397,4619072,184163,1645200,1219594,5385276
1789799166,3529122,210368,2431274,4619124,184229,1645768,1220098,5385692
1789799168,3530520,210364,2432259,4619048,184298,1646320,1220624,5359040
1789799170,3531875,210344,2433137,4619088,184363,1646784,1221088,5358932
1789799173,3533362,210448,2434124,4619176,184437,1647288,1221804,5387036
1789799175,3534788,203592,2435078,4619016,184509,1647832,1222268,5386400
1789799178,3536288,210412,2436074,4619080,184583,1648296,1222801,5387848
1789799180,3537668,210424,2437081,4619128,184653,1648916,1223318,5359996
1789799182,3539042,210456,2437935,4619084,184719,1649432,1223754,5386040
1789799185,3540401,167860,2438809,4619080,184784,1649848,1224436,5386480
1789799187,3541774,203848,2439689,4619124,184851,1650320,1224856,5388516
1789799189,3543105,210344,2440536,4619132,184915,1650980,1225389,5360404
1789799192,3544525,144928,2441568,4618976,184987,1651476,1225880,5360496
1789799194,3545883,210452,2442440,4619024,185050,1651952,1226356,5386920
1789799196,3547292,210400,2443459,4619036,185121,1652520,1227044,5386932
1789799199,3548707,210420,2444406,4619128,185191,1652964,1227515,5386668
1789799201,3550085,210368,2445274,4722680,185252,1653512,1228037,5360480
1789799203,3551460,210364,2446284,4760176,185321,1654148,1228508,5360504
1789799206,3552806,202756,2447175,4761532,185385,1657148,1228988,5387820
1789799208,3554172,144908,2448052,4619148,185449,1655120,1229637,5387392
1789799211,3555570,200128,2448955,4619112,185518,1655580,1230098,5360608
1789799213,3556961,210420,2449861,4619056,185585,1656148,1230671,5360380
1789799215,3558361,210376,2450867,4619056,185656,1656780,1231136,5386664
1789799218,3559734,210372,2451751,4619072,185722,1657408,1231628,5386784
1789799220,3561086,169220,2452628,4619092,185795,1657944,1232260,5385964
1789799222,3562444,144904,2453496,4618988,185853,1658408,1232678,5360480
1789799225,3563758,144948,2454340,4619108,185914,1658996,1233242,5360440
1789799227,3565149,210412,2455336,4619168,185983,1659580,1233679,5386872
1789799229,3566483,144988,2456187,4619120,186045,1660112,1234213,5388080
1789799232,3567919,144904,2457168,4619088,186120,1660652,1234841,5368476
1789799234,3569411,210456,2458163,4619120,186194,1661220,1235344,5360444
1789799236,3570793,210448,2459056,4619104,186259,1661624,1235895,5387068
1789799239,3572167,144948,2460035,4619120,186326,1662200,1236361,5386904
1789799241,3573622,210416,2460996,4619032,186398,1662720,1236934,5387160
1789799244,3574962,210456,2461855,4619064,186464,1663260,1237501,5360536
1789799246,3576296,210452,2462720,4618992,186527,1663700,1237971,5360416
1789799248,3577616,210376,2463558,4619104,186589,1664288,1238483,5387396
1789799250,3578990,210376,2464541,4619000,186656,1664748,1238930,5388524
1789799253,3580308,144940,2465410,4618980,186718,1665260,1239503,5387264
1789799255,3581665,210452,2466253,4619012,186782,1665820,1240049,5360488
1789799257,3583012,210416,2467162,4619156,186845,1666360,1240561,5386096
1789799260,3584359,210376,2468096,4619084,186911,1666904,1241064,5387104
1789799262,3585738,210448,2469144,4687352,186978,1667556,1241558,5388116
1789799265,3587149,210452,2470107,4691008,187048,1667900,1242228,5370172
1789799267,3588550,210448,2471047,4717964,187118,1668592,1242721,5360636
1789799269,3589970,210452,2472039,4713164,187192,1669244,1243307,5386132
1789799272,3591391,209624,2473007,4713144,187267,1669844,1243807,5389308
1789799274,3592787,210372,2474040,4725632,187340,1670420,1244324,5386588
1789799276,3594158,144904,2474834,4617628,187403,1670796,1244968,5360944
1789799279,3595483,210364,2475697,4617828,187464,1671328,1245405,5385760
1789799281,3596830,144900,2476567,4617656,187531,1671912,1245985,5387076
1789799283,3598188,158392,2477454,4617708,187596,1672492,1246433,5388440
1789799286,3599552,210348,2478423,4617736,187662,1673048,1246963,5360888
1789799288,3601024,172880,2479389,4617788,187732,1673464,1247617,5360896
1789799290,3602386,144932,2480283,4617636,187799,1673912,1248063,5386920
1789799293,3603954,210420,2481418,4617660,187887,1674584,1248743,5386860
1789799295,3605480,210456,2482434,4617584,187957,1675096,1249213,5387332
1789799298,3606981,210416,2483572,4617748,188036,1675444,1249800,5360816
1789799300,3608480,144896,2484616,4617684,188112,1676136,1250475,5360840
1789799302,3609974,210448,2485673,4617632,188188,1676640,1250985,5389292
1789799305,3611463,210420,2486660,4617668,188260,1677124,1251597,5388060
1789799307,3612989,144900,2487710,4617600,188338,1677596,1252121,5388476
1789799310,3614470,144952,2488822,4617640,188414,1678188,1252678,5360820
1789799312,3615985,210444,2489859,4617684,188489,1678688,1253347,5360912
1789799314,3617440,210420,2490837,4617588,188563,1679224,1253829,5388924
1789799317,3618901,210404,2491840,4617880,188638,1679736,1254439,5386224
1789799319,3620371,210460,2492873,4684412,188714,1680312,1254949,5365700
1789799321,3621939,210428,2494224,4617752,188792,1680840,1255517,5361032
1789799324,3623395,210452,2495231,4617760,188866,1681380,1256164,5388464
1789799326,3624892,144936,2496267,4617804,188941,1681896,1256681,5387428
1789799328,3626392,144940,2497295,4617700,189017,1682412,1257290,5386596
1789799331,3627869,144984,2498317,4724596,189092,1682988,1257806,5361208
1789799333,3629397,210368,2499477,4617632,189173,1683496,1258528,5361192
1789799336,3631000,210424,2500584,4617628,189255,1684068,1259098,5387568
1789799338,3632524,210424,2501641,4617804,189333,1684584,1259626,5387488
1789799340,3634058,144960,2502726,4621792,189410,1685116,1260241,5387808
1789799343,3635611,210372,2503883,5318828,189489,1685536,1260766,5379508
1789799345,3637166,210360,2504991,4621848,189569,1686076,1261479,5361408
1789799348,3638678,144904,2506044,4621752,189645,1686560,1262004,5389816
1789799350,3640184,210452,2507072,4621832,189715,1687088,1262486,5388388
1789799352,3641645,210416,2508084,4621848,189788,1687516,1263081,5387572
1789799355,3643161,210448,2509199,5308040,189866,1688012,1263578,5361432
1789799357,3644671,210404,2510246,4621860,189942,1688636,1264294,5361984
1789799359,3646208,210408,2511345,4621756,190023,1689092,1264827,5388376
1789799362,3647724,158884,2512409,4621848,190101,1689656,1265370,5387348
1789799364,3649285,189504,2513493,4621812,190181,1690220,1265977,5383984
1789799367,3650854,210420,2514681,5315240,190262,1690688,1266493,5362124
1789799369,3652418,210376,2515805,4621912,190345,1691312,1267259,5362092
1789799371,3653975,210452,2516875,4621876,190425,1691864,1267778,5388492
1789799374,3655519,210364,2518006,4621972,190509,1692372,1268341,5387276
1789799376,3657160,210364,2519127,4621912,190592,1692896,1268950,5362152
1789799379,3658679,210460,2520300,5314524,190667,1693440,1269442,5362136
1789799381,3660269,144988,2521463,4647908,190764,1694080,1270268,5362164
1789799384,3662205,210372,2523129,4737416,190864,1694680,1270974,5362128
1789799387,3664185,144948,2524525,4621944,190965,1695344,1271598,5389440
1789799389,3665917,171728,2525795,4621864,191062,1695828,1272207,5387404
1789799392,3667662,210460,2527347,5274324,191153,1696232,1272938,5389388
1789799394,3669473,210424,2528506,4621704,191246,1696764,1273518,5362140
1789799397,3671318,144904,2529880,4621912,191346,1697324,1274203,5362016
1789799399,3672962,210344,2531040,4621952,191431,1697952,1274745,5362104
1789799402,3674557,210372,2532243,4621792,191519,1698464,1275309,5388096
1789799404,3676209,210400,2533669,5014064,191603,1699048,1276039,5389856
1789799407,3677791,210404,2534571,4621900,191686,1699588,1276574,5387924
1789799409,3679432,210368,2535871,4622176,191785,1700100,1277319,5388616
1789799412,3681231,144992,2537201,4621900,191870,1700696,1277918,5362112
1789799414,3682951,210376,2538341,4701920,191953,1701188,1278566,5362096
1789799417,3684655,210376,2539780,4621880,192056,1701840,1279343,5388720
1789799419,3686518,210416,2541054,4622020,192150,1702328,1279943,5388012
1789799422,3688356,210412,2542467,4621880,192252,1702912,1280595,5389200
1789799425,3690310,144912,2543958,4621764,192358,1703500,1281318,5388676
1789799427,3692073,210380,2545448,5061548,192457,1703980,1282078,5362068
1789799430,3693925,210428,2546733,4621952,192546,1704680,1282741,5362144
1789799432,3695474,158984,2547834,4621832,192626,1705100,1283206,5362012
1789799435,3697048,206936,2548964,4621884,192713,1705756,1283862,5389332
1789799437,3698574,210404,2550141,4621848,192793,1706420,1284621,5389568
1789799440,3699759,144940,2551265,5081544,192853,1706768,1285182,5371708
1789799444,3701089,144908,2552670,5060320,192929,1707284,1285730,5387756
1789799447,3703231,144944,2554365,4654744,193045,1707888,1286510,5388024
1789799451,3704545,144960,2555584,4654836,193117,1708312,1287067,5362004
1789799454,3705849,145508,2556852,5072932,193191,1708764,1287684,5362008
1789799458,3707309,145668,2558258,5235952,193262,1709196,1288142,5362148
1789799462,3708625,211860,2559393,4679940,193332,1709852,1288592,5389104
1789799465,3710136,146388,2560762,4682172,193406,1710296,1289064,5386168
1789799469,3712067,212112,2562430,4706656,193517,1710952,1289701,5362192
1789799471,3714011,194696,2564012,5165096,193611,1711252,1290458,5362128
1789799474,3715566,212152,2565106,4731364,193689,1711724,1290966,5388548
1789799476,3717045,212076,2566158,4739896,193765,1712376,1291538,5389044
1789799479,3718617,212160,2567312,4747352,193849,1712812,1292051,5390672
1789799481,3720273,162996,2568538,4755772,193937,1713260,1292722,5389704
1789799483,3722016,212100,2569971,5146412,194034,1713884,1293444,5362032
1789799486,3723825,212072,2571432,4763924,194133,1714376,1294050,5362176
1789799488,3725539,197256,2572693,4764008,194217,1715032,1294697,5388932
1789799491,3727305,146688,2574110,4764060,194317,1715516,1295471,5389672
1789799494,3728643,146844,2575252,4768120,194379,1716056,1296011,5390148
1789799497,3729659,146908,2576340,5213336,194441,1716544,1296597,5388524
1789799500,3730952,146840,2577705,5184440,194504,1716916,1296975,5362108
1789799504,3732160,146916,2578547,4793080,194571,1720260,1297379,5362124
1789799507,3733241,146872,2579502,4808660,194624,1717692,1297733,5362296
1789799510,3734400,146956,2580543,4849228,194688,1718052,1298115,5362224
1789799514,3735547,146924,2581762,5312876,194756,1718560,1298509,5362256
1789799517,3737082,146948,2583047,4874116,194838,1719088,1299101,5389940
1789799520,3738350,146912,2584183,4874436,194902,1719424,1299505,5362432
1789799523,3739440,146864,2585155,4874400,194961,1719920,1299865,5386116
1789799527,3740525,146952,2586278,5303040,195029,1720320,1300286,5362300
1789799530,3741830,146868,2587420,4874604,195093,1720596,1300717,5388500
1789799534,3743069,146868,2588474,4874340,195150,1720976,1301174,5362572
1789799537,3744136,146864,2589489,4880936,195211,1721300,1301563,5390204
1789799541,3745844,146860,2590257,5058420,195297,1722028,1302085,5389048
1789799544,3747201,146868,2591657,5017312,195367,1722568,1302610,5389900
1789799548,3748728,212412,2592791,4622716,195447,1723056,1303128,5388808
1789799551,3750579,146868,2594348,4622996,195540,1723636,1303778,5386496
1789799554,3751785,146912,2595426,4623128,195600,1723972,1304189,5392036
1789799558,3752898,146860,2596483,4936060,195651,1724204,1304532,5388948
1789799561,3754119,146916,2597517,4623140,195712,1724756,1304899,5388956
1789799564,3755277,146872,2598549,4623076,195781,1725200,1305314,5362500
1789799567,3757156,212380,2600004,4623048,195880,1725548,1305879,5362568
1789799570,3758949,212380,2601438,4622908,195978,1726012,1306710,5362536
1789799572,3760743,159540,2603016,5278928,196073,1726572,1307397,5389452
1789799575,3762433,212336,2604093,4623068,196166,1727144,1307909,5388628
1789799577,3764019,212340,2605168,4622940,196236,1727664,1308484,5390328
1789799579,3765496,146868,2606207,4622984,196312,1728176,1309115,5363588
1789799582,3767063,212308,2607305,4623036,196392,1728728,1309656,5362520
1789799584,3768703,212380,2608760,5015464,196483,1729276,1310327,5362436
1789799587,3770419,146948,2609862,4623012,196574,1729864,1310901,5389644
1789799589,3772087,212388,2611145,4623084,196665,1730532,1311688,5362548
1789799593,3773747,146924,2612566,4623112,196746,1731108,1312515,5362444
1789799596,3775219,146876,2613977,5175536,196824,1743444,1313026,5362620
1789799599,3777241,146844,2615537,4623036,196931,1732228,1313605,5389696
1789799602,3778929,188080,2616778,4623348,197023,1732632,1314308,5390060
1789799604,3780146,146908,2617804,4623032,197084,1733136,1314936,5389076
1789799608,3781473,146872,2619102,5304416,197161,1733644,1315582,5362692
1789799611,3782828,146896,2620443,5020784,197230,1734036,1315987,5362720
1789799614,3783965,146872,2621261,4623180,197298,1734480,1316414,5362732
1789799618,3785447,146908,2622526,4623016,197369,1734936,1316869,5362644
1789799621,3786942,146908,2623857,4667648,197448,1735408,1317368,5362768
1789799625,3788291,146948,2625266,5220684,197522,1735900,1317935,5387608
1789799628,3789718,146956,2626377,4623276,197597,1736460,1318417,5390488
1789799631,3791047,147132,2627460,4623204,197663,1736804,1318799,5389904
1789799634,3792224,147128,2628505,4622996,197725,1737108,1319228,5389080
1789799638,3793689,147164,2629926,5001140,197798,1737584,1319699,5388748
1789799641,3795084,147208,2631132,4623040,197875,1738216,1320308,5389908
1789799645,3796349,147164,2632200,4623396,197933,1738480,1320643,5390548
1789799648,3797620,147396,2633354,4623100,198012,1739048,1321117,5390880
1789799652,3798915,147424,2634508,5077588,198067,1739404,1321478,5390484
1789799655,3800004,147688,2635649,5039108,198127,1739760,1321855,5389912
1789799659,3801237,147748,2636614,4623088,198196,1740100,1322279,5390192
1789799662,3802404,213204,2637585,4623092,198257,1740440,1322803,5386596
1789799666,3803632,147704,2638627,4623144,198318,1740832,1323181,5388448
1789799669,3804736,213384,2639813,5197124,198379,1741200,1323586,5390052
1789799673,3805999,147956,2640821,4623060,198442,1741580,1323948,5388052
1789799676,3807214,147928,2641824,4623196,198501,1741908,1324348,5390148
1789799680,3808284,147960,2642745,4623100,198562,1742288,1324725,5387708
1789799683,3809486,148008,2644074,5082820,198626,1742684,1325284,5371684
1789799687,3810892,147920,2645211,4623192,198700,1743252,1325749,5362616
1789799690,3812428,147920,2646530,4623016,198776,1743764,1326246,5362724
1789799694,3813883,148184,2647744,4622968,198847,1744096,1326684,5362692
1789799698,3814962,148232,2648701,5006800,198900,1744436,1327041,5391300
1789799701,3816091,148260,2649874,5016048,198961,1744820,1327393,5389484
1789799705,3817188,148176,2650743,4623128,199022,1745112,1327879,5390452
1789799708,3818293,148228,2651674,4623116,199083,1745452,1328280,5390136
1789799712,3819584,213656,2652769,4623156,199144,1745800,1328682,5389220
1789799715,3820670,148504,2653982,5266640,199199,1746180,1328996,5362748
1789799718,3821728,148536,2654742,4623184,199257,1746500,1329393,5389592
1789799722,3823119,148456,2655952,4623216,199325,1746908,1329813,5390040
1789799725,3824223,148420,2656985,4622952,199389,1747308,1330321,5389708
1789799728,3825367,148544,2657999,5264608,199444,1747660,1330695,5362832
1789799732,3826512,148484,2659213,5020760,199507,1748080,1331056,5362764
1789799735,3827629,148440,2660141,4623048,199577,1748372,1331539,5362764
1789799739,3829091,148492,2661343,4623236,199647,1748992,1331947,5388768
1789799742,3830245,148444,2662347,4695500,199704,1749344,1332340,5388072
1789799745,3831534,148528,2663707,5156864,199770,1749688,1332848,5425480
1789799749,3832707,148444,2664589,4623016,199832,1750048,1333253,5388900
1789799752,3834313,148448,2665948,4623004,199926,1750780,1333844,5362872
1789799756,3835844,148452,2667253,4644732,200001,1751200,1334294,5362784
1789799759,3836880,148452,2668244,5058496,200056,1751572,1334676,5389104
1789799763,3838082,213920,2669323,4623216,200122,1751940,1335083,5390304
1789799766,3839382,148448,2670505,4623216,200189,1752320,1335614,5388468
1789799769,3840452,148456,2671363,4623280,200249,1752760,1336034,5390356
1789799773,3841911,148492,2672721,5294212,200321,1753216,1336479,5390180
1789799777,3843189,148528,2674049,5012904,200389,1753568,1336874,5362812
1789799781,3844283,148480,2674766,4623180,200445,1756680,1337227,5362904
1789799784,3845260,148500,2675715,4623304,200498,1754316,1337596,5362940
1789799788,3846401,213924,2676688,4929552,200552,1754588,1338054,5389444
1789799791,3847552,148424,2677841,5174012,200611,1754852,1338400,5391428
1789799795,3848552,148420,2678604,4623148,200663,1755228,1338767,5372932
1789799798,3849595,148444,2679510,4623072,200722,1755668,1339120,5362896
1789799801,3850584,148444,2680436,4650224,200780,1755908,1339497,5362900
1789799805,3851702,148532,2681441,5278232,200835,1756268,1339823,5362888
1789799808,3852736,148540,2682463,5013736,200886,1756588,1340264,5391764
1789799812,3853802,148480,2683321,4623112,200942,1756960,1340662,5390236
1789799815,3854919,213956,2684286,4622908,201004,1757344,1341011,5389492
1789799819,3856085,148524,2685279,4623100,201067,1757632,1341428,5372720
1789799822,3857263,148456,2686591,5275556,201129,1758092,1341796,5388404
1789799826,3858259,148448,2687287,4623028,201176,1758372,1342127,5362832
1789799829,3859234,148532,2688225,4623120,201236,1758716,1342485,5391888
1789799833,3860373,148452,2689137,4623140,201290,1759000,1342961,5389172
1789799837,3861387,148508,2690157,5059892,201343,1759196,1343257,5390100
1789799840,3862476,148476,2691343,5019484,201404,1759732,1343620,5389412
1789799844,3863472,148492,2692019,4622956,201460,1760012,1343992,5389188
1789799847,3864569,148540,2692904,4623096,201512,1760388,1344351,5362984
1789799851,3865576,148424,2693909,4933968,201570,1760704,1344683,5362812
1789799854,3866627,148476,2694976,5252664,201625,1761024,1345023,5362800
1789799858,3867585,148496,2695646,4623164,201673,1761232,1345448,5389312
1789799861,3868664,148532,2696661,4674132,201739,1761608,1345927,5389132
1789799865,3870261,148528,2698016,4623360,201814,1762260,1346370,5387764
1789799868,3871466,148444,2699341,5062748,201884,1762592,1346802,5389104
1789799872,3872609,148452,2700403,5030920,201944,1762920,1347200,5363028
1789799876,3873677,148480,2701087,4623088,201998,1763276,1347538,5362880
1789799879,3874786,208892,2702075,4623188,202064,1763672,1348054,5363000
1789799882,3875865,148444,2703031,4622980,202118,1764132,1348423,5392532
1789799886,3876943,148492,2704183,5192532,202175,1764400,1348809,5390364
1789799890,3878212,148496,2705153,4623324,202240,1764772,1349255,5389660
1789799894,3879538,148540,2706364,4623128,202308,1765248,1349668,5390408
1789799897,3880750,148536,2707346,4623064,202367,1765604,1350067,5389984
1789799901,3881813,148428,2708624,5244568,202430,1765972,1350587,5390168
1789799905,3883125,148444,2709538,4623148,202489,1766336,1350958,5363036
1789799908,3884270,148456,2710542,4623216,202551,1766652,1351343,5362980
1789799911,3885183,148456,2711324,4622960,202596,1766912,1351653,5391312
1789799915,3886309,148444,2712380,5267636,202649,1767372,1352025,5391004
1789799918,3887470,148448,2713594,5012988,202717,1767728,1352470,5382616
1789799921,3888749,148532,2714524,4647540,202784,1768160,1352867,5389596
1789799924,3889776,148536,2715489,4652900,202840,1771328,1353326,5363104
1789799928,3890869,148540,2716418,4652732,202897,1768864,1353695,5390344
1789799931,3891860,148448,2717501,5212064,202949,1769132,1354007,5389440
1789799934,3892919,148496,2718308,4622908,203016,1769624,1354422,5389988
1789799938,3894300,148540,2719465,4623184,203093,1770060,1354923,5363164
1789799941,3896415,213924,2721131,4623028,203195,1770584,1355543,5363096
1789799944,3898280,213968,2722677,4934540,203291,1770956,1356213,5391968
1789799946,3900073,213920,2724045,4622968,203394,1771628,1356983,5391156
1789799949,3901323,148528,2725108,4623072,203454,1772196,1357521,5389276
1789799953,3902518,148448,2726135,4623048,203518,1772548,1358020,5385448
1789799956,3904064,148500,2727638,5063544,203603,1773132,1358528,5362976
1789799959,3905868,148544,2729085,4623048,203698,1773688,1359177,5389688
1789799962,3907666,213972,2730477,4623112,203794,1774108,1359800,5390336
1789799964,3909456,213956,2731842,4623000,203898,1774584,1360421,5363080
1789799967,3911427,214012,2733346,4623040,203995,1775168,1361073,5362996
1789799969,3913102,148496,2734752,5056608,204084,1775612,1361752,5389672
1789799972,3914785,148528,2735995,4622984,204182,1776160,1362411,5389564
1789799975,3916813,148536,2737599,4623080,204294,1776956,1363250,5366608
1789799978,3918919,148536,2739357,4623164,204397,1777644,1364019,5363112
1789799981,3920931,213924,2741146,5341680,204505,1778180,1364964,5392316
1789799984,3922846,148480,2742740,4666280,204604,1778896,1365779,5390888
1789799987,3924818,148424,2744349,4623452,204704,1779340,1366393,5392916
1789799989,3926608,148528,2745838,4623244,204798,1780060,1367176,5364476
1789799992,3928550,213928,2747468,4623112,204907,1780692,1367878,5394304
1789799995,3930538,214008,2749206,4998016,205021,1781300,1368740,5392336
1789799997,3932568,214004,2750789,4623136,205138,1781964,1369432,5391780
1789800000,3934516,179636,2752335,4623224,205241,1782484,1370177,5382448
1789800003,3936412,148496,2753855,4623064,205339,1783128,1370884,5365764
1789800006,3938306,148492,2755356,4623084,205438,1783752,1371637,5392780
1789800008,3939939,213916,2756622,4623012,205527,1784204,1372288,5392880
1789800011,3941583,213968,2757803,4623136,205618,1784828,1372827,5365756
1789800013,3943378,213896,2759107,4623232,205704,1785372,1373491,5393000
1789800016,3944990,213960,2760274,4623140,205791,1785808,1374208,5392312
1789800018,3946737,213912,2761574,5053144,205882,1786312,1374773,5393320
1789800021,3948413,213896,2762881,4623212,205971,1786980,1375454,5366568
1789800023,3949987,148452,2763994,4623104,206051,1787380,1375996,5394084
1789800026,3951556,148448,2765119,4623112,206131,1787992,1376564,5394300
1789800028,3953089,150908,2766193,4623280,206209,1788480,1377239,5383272
1789800030,3954635,148496,2767282,4623156,206290,1788972,1377773,5366552
1789800033,3956260,214000,2768576,4623224,206374,1789508,1378442,5393088
1789800035,3957922,148496,2769794,4623144,206464,1790008,1379028,5391928
1789800038,3959598,213924,2771042,4623112,206557,1790464,1379706,5366532
1789800040,3961340,213952,2772474,4623332,206651,1791268,1380582,5366600
1789800043,3963052,148484,2774022,5016136,206742,1791932,1381287,5393836
1789800046,3964977,148484,2775682,4623272,206849,1792592,1381954,5393536
1789800049,3966909,148452,2777243,4623184,206949,1793080,1382530,5366540
1789800052,3968743,148452,2778746,4634284,207049,1793704,1383437,5366528
1789800055,3970606,148532,2780382,4623100,207149,1794416,1384156,5395624
1789800058,3972409,148452,2782185,5281752,207239,1794948,1384729,5394100
1789800061,3974031,148508,2783400,4623132,207333,1795632,1385274,5390636
1789800064,3975799,148528,2784839,4623184,207413,1796104,1385909,5366636
1789800067,3977569,148440,2786378,4623132,207507,1796596,1386583,5391920
1789800070,3979406,148456,2788057,5309828,207607,1797336,1387157,5393124
1789800073,3981156,148452,2789659,4623072,207717,1798036,1387818,5392512
1789800076,3983241,148508,2791283,4623232,207814,1798624,1388521,5366640
1789800079,3984871,213952,2792633,4623168,207902,1799124,1389060,5391992
1789800082,3986695,148484,2794257,4623156,208005,1799836,1389663,5392444
1789800085,3988942,148500,2796317,5318328,208116,1800504,1390397,5392256
1789800088,3990715,148488,2797311,4623240,208197,1800912,1390957,5366500
1789800090,3992241,213964,2798375,4623104,208270,1801376,1391568,5392624
1789800093,3993698,148424,2799336,4623224,208339,1801944,1392058,5393736
1789800095,3995103,213956,2800302,4623128,208410,1802384,1392685,5392296
1789800098,3996671,213968,2801463,4623200,208486,1803044,1393234,5366588
1789800100,3998149,213888,2802464,4623120,208555,1803516,1393869,5366516
1789800103,3999649,148488,2803465,4655148,208628,1804136,1394508,5394952
1789800105,4001109,213924,2804438,4714296,208693,1804472,1394985,5392364
1789800108,4002469,214000,2805385,4915448,208765,1805020,1395527,5366528
1789800110,4003932,214004,2806430,4623200,208838,1805616,1396089,5392912
1789800112,4005305,166924,2807357,4623296,208907,1806132,1396698,5393440
1789800115,4006664,148504,2808282,4623252,208977,1806644,1397306,5393768
1789800117,4008059,148536,2809168,4623196,209044,1807072,1397772,5366604
1789800120,4009497,213948,2810126,4623096,209116,1807712,1398342,5392260
1789800122,4010899,214008,2811163,4623120,209188,1808168,1398861,5391832
1789800124,4012281,156980,2812060,4623084,209252,1808716,1399453,5366792
1789800127,4013700,213920,2813000,4623072,209322,1809208,1400046,5394508
1789800129,4015054,213892,2813881,4623052,209390,1809708,1400544,5393320
1789800131,4016503,214008,2814845,4623236,209462,1810288,1401131,5392808
1789800134,4017940,213924,2815884,4623248,209532,1810856,1401631,5366952
1789800136,4019338,213964,2816809,4623180,209597,1811308,1402267,5392112
1789800138,4020715,213956,2817704,4623132,209665,1811756,1402823,5392644
1789800141,4022062,175408,2818585,4623208,209730,1812300,1403313,5393512
1789800143,4023453,148452,2819514,4623196,209794,1812800,1403892,5366884
1789800145,4024881,213960,2820843,5013884,209864,1813336,1404381,5393980
1789800148,4026254,214000,2821636,4623316,209935,1813908,1405052,5394344
1789800150,4027651,213908,2822565,4623208,210001,1814404,1405584,5366820
1789800152,4029067,177472,2823467,4623160,210067,1814916,1406073,5394216
1789800155,4030402,214212,2824334,4623148,210131,1815332,1406640,5393516
1789800157,4031758,214224,2825514,5315628,210197,1815960,1407133,5388708
1789800159,4033154,148808,2826248,4623284,210266,1816404,1407809,5366920
1789800162,4034541,155616,2827209,4668080,210333,1816920,1408315,5394028
1789800164,4035944,214268,2828154,4672532,210400,1817456,1408825,5392496
1789800167,4037311,148692,2829051,4672496,210464,1817900,1409381,5366920
1789800169,4038863,214276,2830396,5295828,210545,1818428,1409927,5392724
1789800171,4040285,148708,2831214,4767924,210613,1819004,1410620,5393544
1789800174,4041640,214228,2832036,4623348,210676,1819496,1411112,5398348
1789800176,4043019,214156,2832938,4623356,210743,1819924,1411593,5398296
1789800178,4044391,148804,2833835,4623196,210809,1820456,1412134,5424836
1789800181,4045776,195872,2834909,4946564,210881,1821044,1412638,5423880
1789800183,4047176,214216,2835787,4623208,210948,1821568,1413333,5398280
1789800185,4048542,148800,2836689,4623184,211014,1822076,1413811,5425432
1789800188,4050058,148764,2837743,4623340,211094,1822600,1414409,5426224
1789800190,4051457,148760,2838693,4623260,211164,1823144,1414937,5424748
1789800192,4052854,148744,2839715,5067204,211231,1823644,1415439,5398296
1789800195,4054326,214268,2840647,4623220,211301,1824224,1416178,5424804
1789800197,4055745,179516,2841572,4623380,211372,1824720,1416672,5424764
1789800200,4057089,214172,2842453,4623244,211436,1825208,1417214,5398304
1789800202,4058474,161652,2843355,4623180,211502,1825764,1417724,5424232
1789800204,4059827,214180,2844388,5067732,211569,1826232,1418224,5424588
1789800207,4061256,148800,2845315,4623156,211637,1826708,1418923,5424884
1789800209,4062669,214184,2846317,4623236,211700,1827260,1419417,5398236
1789800211,4064034,214268,2847205,4623152,211765,1827844,1419988,5423408
1789800214,4065404,148720,2848105,4623304,211830,1828288,1420474,5425452
1789800216,4066763,214260,2849060,4898804,211893,1828832,1420932,5398288
1789800218,4068190,201560,2850000,4623244,211961,1829292,1421612,5398220
1789800221,4069570,214224,2850912,4623344,212026,1829824,1422103,5424552
1789800223,4070928,214264,2851798,4659504,212092,1830364,1422677,5426196
1789800225,4072255,214184,2852676,4719960,212154,1830816,1423147,5398216
1789800228,4073628,214236,2853673,5118968,212223,1831400,1423685,5425104
1789800230,4075049,214256,2854598,4623164,212289,1831908,1424339,5425124
1789800233,4076399,214260,2855485,4623260,212358,1832432,1424830,5407956
1789800235,4077848,214232,2856433,4623224,212430,1832976,1425443,5398188
1789800237,4079252,214268,2857404,4623236,212503,1833512,1425971,5425064
1789800240,4080722,148744,2858465,5319688,212575,1834120,1426527,5426368
1789800242,4082090,214216,2859344,4623260,212639,1834616,1427165,5398300
1789800244,4083415,214192,2860177,4623156,212699,1835080,1427633,5424648
1789800247,4084774,148796,2861073,4623144,212763,1835628,1428218,5424472
1789800249,4086141,214260,2861960,4623232,212829,1836160,1428709,5424988
1789800251,4087540,214188,2862909,5309432,212894,1836652,1429269,5398308
1789800254,4088932,148716,2863835,4623148,212961,1837168,1429886,5426052
1789800256,4090270,148772,2864711,4623288,213029,1837736,1430402,5425600
1789800259,4091624,214228,2865577,4623276,213094,1838124,1430983,5398248
1789800261,4093050,214260,2866443,4623280,213161,1838784,1431455,5398284
1789800263,4094403,214224,2867422,5317784,213227,1839332,1432021,5425876
1789800266,4095784,214264,2868307,4623220,213294,1839808,1432606,5423728
1789800268,4097108,214220,2869146,4623252,213355,1840240,1433100,5398216
1789800270,4098473,214156,2870109,4623344,213421,1840776,1433646,5425364
1789800273,4099827,148716,2871014,4623176,213485,1841140,1434099,5425816
1789800275,4101144,214180,2871904,5001856,213550,1841764,1434680,5420244
1789800277,4102541,214172,2872899,4623120,213616,1842304,1435285,5398340
1789800280,4103907,214188,2873764,4623160,213679,1842800,1435807,5424044
1789800282,4105272,214272,2874637,4623160,213743,1843268,1436324,5423960
1789800284,4106600,214236,2875488,4623120,213806,1843840,1436796,5398252
1789800287,4107981,214176,2876458,5260932,213874,1844348,1437389,5398196
1789800289,4109390,214188,2877412,4623356,213942,1844840,1437987,5425444
1789800291,4110743,148760,2878304,4623180,214007,1845348,1438541,5424240
1789800294,4112105,148720,2879168,4623144,214072,1845844,1439047,5398268
1789800296,4113480,148716,2880067,4623064,214140,1846372,1439549,5427012
1789800298,4114855,214268,2880978,4731400,214205,1846868,1440116,5426232
1789800301,4116207,214180,2881953,4623040,214271,1847400,1440721,5398376
1789800303,4117553,214272,2882815,4623172,214335,1847896,1441285,5398360
1789800305,4118913,214260,2883713,4623180,214398,1848320,1441789,5425864
1789800308,4120312,214224,2884609,4623120,214463,1848928,1442313,5424552
1789800310,4121646,214180,2885471,4623212,214528,1849432,1442839,5398276
1789800312,4123029,148800,2886482,4623236,214599,1849992,1443430,5424972
1789800315,4124427,181576,2887417,4623212,214667,1850380,1444015,5426884
1789800317,4125767,148796,2888287,4623188,214730,1850948,1444504,5419784
1789800320,4127169,210124,2889180,4623232,214798,1851480,1445033,5398312
1789800322,4128504,148744,2890040,4623244,214861,1851996,1445536,5516440
1789800324,4129905,194456,2891071,4623188,214933,1852592,1446140,5516704
1789800327,4131299,148796,2891970,4623252,214998,1852984,1446736,5490452
1789800329,4132651,214192,2892850,4623332,215066,1853548,1447224,5518216
1789800331,4134003,214216,2893758,4623144,215132,1854052,1447798,5516744
1789800334,4135344,214184,2894726,4623192,215194,1854516,1448290,5490532
1789800336,4136755,214192,2895944,5024600,215260,1855032,1448974,6833244
1789800338,4138133,173872,2896668,4623116,215328,1855608,1449524,6861232
1789800341,4139484,148720,2897547,4623108,215392,1856100,1450120,6303268
1789800343,4140840,214268,2898454,4647856,215460,1856524,1450721,6275940
1789800345,4142242,214220,2899418,4737364,215527,1857156,1451217,6301592
1789800348,4143566,177992,2900600,5436852,215590,1857800,1451752,6302112
1789800350,4144945,148796,2901365,4747892,215656,1858184,1452286,6525944
1789800352,4146338,214188,2902264,4748056,215724,1858812,1452943,6232916
1789800355,4147805,148744,2903269,4748024,215802,1859320,1453562,6260124
1789800357,4149254,148788,2904262,4748100,215866,1859836,1454066,6258756
1789800360,4150628,205780,2905256,5013076,215934,1860292,1454586,6232860
1789800362,4151992,214276,2906053,4623136,216000,1860748,1455096,6232920
1789800364,4153353,214272,2906929,4623148,216067,1861204,1455600,6260012
1789800367,4154720,214276,2907830,4623168,216136,1861828,1456305,6264696
1789800369,4156046,214260,2908668,4623092,216197,1862328,1456791,6236992
1789800371,4157443,148800,2909836,5256548,216263,1862752,1457388,6262484
1789800374,4158841,175164,2910605,4623164,216326,1863280,1457856,6263788
1789800376,4160163,214260,2911485,4623228,216390,1863788,1458370,6261852
1789800378,4161554,203860,2912364,4623148,216453,1864288,1458911,6238244
1789800381,4162899,193828,2913234,4623212,216514,1864668,1459505,6270364
1789800383,4164259,167196,2914298,5175580,216580,1865284,1460081,6270496
1789800385,4165623,214156,2915098,4623236,216645,1865784,1460553,6243896
1789800388,4166978,214236,2915977,4623236,216707,1866232,1461108,6270680
1789800390,4168383,153728,2916901,4623164,216777,1866816,1461635,6271268
1789800392,4169728,214216,2917773,4623168,216842,1867336,1462226,6252572
1789800395,4171167,154828,2918934,5161252,216917,1867936,1462864,6244588
1789800397,4172668,214216,2919969,4623204,216985,1868292,1463376,6270228
1789800400,4174037,214268,2920871,4623108,217050,1868944,1463933,6270176
1789800402,4175373,214228,2921781,4676352,217114,1869424,1464444,6244684
1789800404,4176785,148720,2922780,4744812,217184,1869940,1464961,6270976
1789800407,4178253,148764,2923951,5321252,217255,1870516,1465681,6271564
1789800409,4179624,214232,2924701,4623204,217323,1870904,1466172,6270620
1789800411,4180964,214184,2925567,4623424,217387,1871500,1466734,6244704
1789800414,4182328,214260,2926447,4623232,217449,1871928,1467222,6271848
1789800416,4183708,148708,2927356,4623260,217516,1872444,1467732,6271292
1789800418,4185084,214260,2928433,5065008,217584,1872984,1468314,6272204
1789800421,4186143,148760,2929235,4623212,217650,1873440,1468944,6245136
1789800423,4187033,148716,2930055,4623140,217709,1874016,1469501,6271060
1789800425,4187884,148752,2930835,4623304,217771,1874480,1470003,6271924
1789800428,4188721,148720,2931595,4623208,217826,1874868,1470509,6245064
1789800430,4189584,148744,2932490,5064080,217887,1875528,1471044,6271492
1789800433,4190476,148748,2933330,4623136,217945,1876088,1471503,6277788
1789800435,4191348,148720,2934147,4623304,218006,1876660,1472198,6277336
1789800437,4192221,148684,2934936,4623164,218066,1877260,1472693,6251624
1789800440,4193131,148800,2935766,4623316,218128,1877764,1473237,6277776
1789800442,4194099,148724,2936779,4860692,218199,1878376,1473787,6277316
1789800444,4195009,148744,2937657,4623176,218263,1878940,1474267,6302472
1789800447,4195913,148768,2938464,4623312,218322,1879400,1474956,6277336
1789800449,4196740,148716,2939227,4623248,218379,1880084,1475425,6304008
1789800451,4197602,148804,2940021,4623132,218439,1880628,1475987,6302292
1789800454,4198451,148752,2940917,5313076,218496,1881176,1476450,6281512
1789800456,4199336,148688,2941737,4623424,218559,1881776,1476965,6277336
1789800458,4200464,148692,2942924,4623484,218644,1882252,1477671,6305328
1789800461,4201898,148716,2944426,4646972,218743,1883076,1478512,6305908
1789800464,4203313,148716,2945829,4756012,218831,1883616,1479220,6296316
1789800466,4204518,148804,2947299,5241576,218922,1884104,1479941,6277828
1789800469,4205783,148744,2948381,4623256,219005,1884860,1480481,6303484
1789800471,4206813,148708,2949376,4623252,219080,1885468,1481098,6304588
1789800474,4207777,148712,2950295,4623276,219151,1886064,1481733,6282944
1789800476,4208798,148740,2951288,4623200,219224,1886736,1482315,6273160
1789800478,4209766,148744,2952389,5059224,219296,1887188,1482909,6300836
1789800481,4210816,148792,2953338,4623272,219373,1887860,1483441,6300464
1789800483,4211753,148804,2954239,4623452,219445,1888436,1484049,6273224
1789800485,4212716,148804,2955157,4623444,219507,1889012,1484520,6273300
1789800488,4213748,148688,2956178,4623392,219584,1889540,1485230,6300700
1789800490,4214776,148716,2957343,5069212,219653,1890128,1485812,6300604
1789800493,4215823,148748,2958313,4623264,219737,1890796,1486439,6273628
1789800495,4217158,148760,2959665,4623232,219830,1891448,1487173,6273740
1789800498,4218492,148744,2961034,4623360,219930,1891936,1487888,6302736
1789800500,4219733,148796,2962201,4623272,220015,1892584,1488538,6303208
1789800503,4220933,148716,2963707,5274788,220105,1893148,1489253,6302144
1789800505,4222205,148720,2964784,4623240,220196,1893876,1489866,6274636
1789800508,4223384,148708,2965948,4623172,220283,1894384,1490483,6300284
1789800510,4224497,148772,2967089,4623244,220370,1895060,1491182,6301924
1789800513,4225820,148764,2968373,4623212,220463,1895648,1491905,6279500
1789800515,4226908,148804,2969764,5290764,220541,1896236,1492551,6274596
1789800518,4228048,148768,2970678,4623332,220624,1896728,1493155,6302632
1789800520,4229146,148752,2971730,4623424,220699,1897208,1493688,6303104
1789800523,4230090,148788,2972668,4717320,220767,1897740,1494317,6292196
1789800525,4231233,148768,2973916,4741480,220851,1898408,1494889,6274772
1789800528,4232326,148712,2975319,5391964,220927,1898944,1495627,6301680
1789800530,4233405,148740,2976243,4743460,221007,1899572,1496230,6301748
1789800532,4234534,148760,2977393,4623292,221101,1900216,1496931,6302436
1789800535,4236120,148792,2978910,4623380,221205,1900844,1497771,6297036
1789800538,4237626,148804,2980385,4734228,221303,1901604,1498537,6274624
1789800541,4239054,148744,2981911,4623356,221394,1902352,1499331,6301168
1789800544,4240482,148804,2983300,4623232,221490,1902912,1499902,6302324
1789800546,4241815,148760,2984612,4623500,221582,1911004,1500658,6302396
1789800549,4243343,148796,2986146,4623600,221686,1904288,1501309,6302024
1789800552,4244746,148720,2987626,4860020,221785,1904740,1501932,6274940
1789800555,4246177,148764,2989030,4623220,221881,1905308,1502769,6301368
1789800557,4247533,148800,2990420,4623324,221978,1905932,1503409,6301712
1789800560,4248956,148792,2991858,4623292,222078,1906568,1504042,6302544
1789800563,4250344,148744,2993252,4623424,222176,1907180,1504773,6274836
1789800565,4251719,148760,2994847,5166620,222273,1907752,1505398,6275004
1789800568,4253074,148796,2996100,4623320,222370,1908328,1506149,6302444
1789800571,4254486,148772,2997545,4623304,222475,1908936,1506933,6300724
1789800573,4255929,148760,2998944,4623456,222566,1909552,1507583,6301496
1789800576,4257363,148756,3000381,4623356,222665,1910324,1508222,6275044
1789800579,4258772,148788,3002081,5289768,222750,1910928,1508968,6275024
1789800582,4260212,148764,3003237,4651440,222837,1911740,1509718,6301844
1789800584,4261683,148720,3004694,4697212,222929,1912388,1510356,6301528
1789800587,4263155,148720,3006138,4716256,223023,1912968,1510982,6301932
1789800590,4264600,148712,3007532,4814644,223114,1913756,1511604,6275036
1789800592,4265993,148744,3009120,4623256,223210,1914256,1512292,6301760
1789800595,4267159,148788,3010321,4623256,223296,1914616,1512904,6300876
1789800597,4268374,148804,3011553,4623340,223388,1915444,1513594,6296712
1789800600,4269491,148796,3012665,4623432,223470,1915944,1514167,6275020
1789800602,4270694,148752,3013940,4623272,223567,1916544,1514866,6300948
1789800605,4272019,148756,3015326,4623348,223657,1917216,1515577,6302932
1789800607,4273177,148760,3016500,4623332,223741,1917816,1516290,6303052
1789800610,4274324,148716,3017630,4623408,223826,1918412,1516935,6275000
1789800612,4275447,148748,3018750,4623144,223903,1918992,1517546,6303644
1789800615,4276528,148796,3019825,4688924,223980,1919528,1518085,6302564
1789800617,4277652,148684,3021045,4623408,224062,1920140,1518751,6301232
1789800619,4278715,148748,3022083,4623404,224139,1920596,1519316,6274988
1789800622,4279769,148764,3023109,4623424,224217,1921348,1520047,6300652
1789800624,4280864,148788,3024201,4623416,224297,1921956,1520654,6302376
1789800627,4282161,148716,3025544,4808404,224394,1922496,1521413,6304548
1789800629,4283717,148744,3027191,4623304,224494,1923288,1522188,6275028
1789800632,4285204,148688,3028739,4623412,224596,1923728,1522970,6275016
1789800635,4286590,148804,3029995,4623308,224684,1924224,1523618,6303136
1789800638,4287636,148744,3031028,4623372,224759,1924832,1524219,6301188
1789800640,4288798,148792,3032281,5067380,224840,1925432,1524816,6274932
1789800642,4289787,148756,3033205,4663224,224908,1926012,1525354,6275000
1789800645,4290790,148752,3034221,4704056,224981,1926620,1525979,6302464
1789800647,4291836,148724,3035237,4706228,225055,1927188,1526619,6301736
1789800649,4292793,148768,3036159,4706196,225124,1927768,1527223,6275284
1789800652,4293705,148712,3037124,4918896,225185,1928164,1527712,6302656
1789800654,4294612,148792,3038001,4623380,225250,1928892,1528211,6302896
1789800656,4295517,148748,3038888,4623352,225317,1929468,1528792,6301260
1789800659,4296449,148796,3039769,4623400,225384,1929988,1529288,6275276
1789800661,4297405,148800,3040681,4623348,225452,1930572,1530002,6301968
1789800664,4298573,148756,3042024,5314032,225541,1931144,1530650,6303568
1789800666,4299833,148708,3043207,4623248,225625,1931756,1531289,6302212
1789800669,4300963,148752,3044345,4623396,225710,1932192,1531969,6275492
1789800671,4302064,148712,3045423,4623336,225787,1932888,1532543,6301572
1789800673,4303133,148724,3046476,4623380,225864,1933432,1533171,6303336
1789800676,4304195,148764,3047648,5314028,225945,1933920,1533891,6302280
1789800678,4305377,148720,3048800,4623328,226028,1934524,1534487,6275496
1789800681,4306633,148748,3050114,4623304,226125,1935152,1535256,6302408
1789800683,4307979,148692,3051446,4623436,226221,1935800,1535928,6302620
1789800686,4309326,148756,3052808,4623304,226320,1936460,1536580,6300984
1789800689,4310774,148724,3054543,5069820,226424,1937052,1537528,6302704
1789800692,4312275,148804,3055916,4623580,226532,1937748,1538256,6275560
1789800694,4313756,148716,3057364,4623408,226637,1938372,1538891,6304008
1789800697,4315140,148808,3058756,4623308,226738,1938840,1539595,6301380
1789800700,4315861,148808,3059395,4623272,226777,1939192,1539933,6302924
1789800702,4315865,148716,3059725,5294176,226779,1939200,1540187,6275588
1789800705,4315868,148716,3059557,4670864,226779,1939100,1540437,6275504
1789800707,4315870,148744,3059575,4730076,226780,1939220,1540680,6303104
1789800710,4315873,148756,3059588,4771228,226780,1939216,1540929,6304716
1789800712,4315875,148764,3059551,4623408,226782,1939264,1541173,6275480
1789800715,4315877,148716,3059873,5278168,226782,1939232,2236,85836
