
         /\      Grafana   /‾‾/  
    /\  /  \     |\  __   /  /   
   /  \/    \    | |/ /  /   ‾‾\ 
  /          \   |   (  |  (‾)  |
 / __________ \  |_|\_\  \_____/ 


     execution: local
        script: /perf/k6/oauth.js
        output: json (/out/cap-cap-refresh-token.k6points.fifo)

     scenarios: (100.00%) 1 scenario, 256 max VUs, 32m0s max duration (incl. graceful stop):
              * cap_refresh_token: 600.00 iterations/s for 30m0s (maxVUs: 64-256, exec: cap_refresh_token, gracefulStop: 2m0s)


running (00m00.7s), 005/065 VUs, 431 complete and 0 interrupted iterations
cap_refresh_token   [   0% ] 005/065 VUs  00m00.7s/30m0s  600.00 iters/s

running (00m01.7s), 004/065 VUs, 1031 complete and 0 interrupted iterations
cap_refresh_token   [   0% ] 004/065 VUs  00m01.7s/30m0s  600.00 iters/s

running (00m02.7s), 075/075 VUs, 1446 complete and 0 interrupted iterations
cap_refresh_token   [   0% ] 075/075 VUs  00m02.7s/30m0s  600.00 iters/s

running (00m03.7s), 109/109 VUs, 1576 complete and 0 interrupted iterations
cap_refresh_token   [   0% ] 109/109 VUs  00m03.7s/30m0s  600.00 iters/s

running (00m04.7s), 140/140 VUs, 1720 complete and 0 interrupted iterations
cap_refresh_token   [   0% ] 140/140 VUs  00m04.7s/30m0s  600.00 iters/s

running (00m05.7s), 169/169 VUs, 1981 complete and 0 interrupted iterations
cap_refresh_token   [   0% ] 169/169 VUs  00m05.7s/30m0s  600.00 iters/s

running (00m06.7s), 136/179 VUs, 2529 complete and 0 interrupted iterations
cap_refresh_token   [   0% ] 136/179 VUs  00m06.7s/30m0s  600.00 iters/s

running (00m07.7s), 042/179 VUs, 3224 complete and 0 interrupted iterations
cap_refresh_token   [   0% ] 042/179 VUs  00m07.7s/30m0s  600.00 iters/s

running (00m08.7s), 007/179 VUs, 3859 complete and 0 interrupted iterations
cap_refresh_token   [   0% ] 007/179 VUs  00m08.7s/30m0s  600.00 iters/s

running (00m09.7s), 004/179 VUs, 4461 complete and 0 interrupted iterations
cap_refresh_token   [   1% ] 004/179 VUs  00m09.7s/30m0s  600.00 iters/s

running (00m10.7s), 005/179 VUs, 5060 complete and 0 interrupted iterations
cap_refresh_token   [   1% ] 005/179 VUs  00m10.7s/30m0s  600.00 iters/s

running (00m11.7s), 007/179 VUs, 5658 complete and 0 interrupted iterations
cap_refresh_token   [   1% ] 007/179 VUs  00m11.7s/30m0s  600.00 iters/s

running (00m12.7s), 006/179 VUs, 6259 complete and 0 interrupted iterations
cap_refresh_token   [   1% ] 006/179 VUs  00m12.7s/30m0s  600.00 iters/s

running (00m13.7s), 006/179 VUs, 6860 complete and 0 interrupted iterations
cap_refresh_token   [   1% ] 006/179 VUs  00m13.7s/30m0s  600.00 iters/s

running (00m14.7s), 005/179 VUs, 7460 complete and 0 interrupted iterations
cap_refresh_token   [   1% ] 005/179 VUs  00m14.7s/30m0s  600.00 iters/s

running (00m15.7s), 005/179 VUs, 8061 complete and 0 interrupted iterations
cap_refresh_token   [   1% ] 005/179 VUs  00m15.7s/30m0s  600.00 iters/s

running (00m16.7s), 004/179 VUs, 8661 complete and 0 interrupted iterations
cap_refresh_token   [   1% ] 004/179 VUs  00m16.7s/30m0s  600.00 iters/s

running (00m17.7s), 006/179 VUs, 9259 complete and 0 interrupted iterations
cap_refresh_token   [   1% ] 006/179 VUs  00m17.7s/30m0s  600.00 iters/s

running (00m18.7s), 007/179 VUs, 9858 complete and 0 interrupted iterations
cap_refresh_token   [   1% ] 007/179 VUs  00m18.7s/30m0s  600.00 iters/s

running (00m19.7s), 009/179 VUs, 10457 complete and 0 interrupted iterations
cap_refresh_token   [   1% ] 009/179 VUs  00m19.7s/30m0s  600.00 iters/s

running (00m20.7s), 003/179 VUs, 11062 complete and 0 interrupted iterations
cap_refresh_token   [   1% ] 004/179 VUs  00m20.7s/30m0s  600.00 iters/s

running (00m21.7s), 008/179 VUs, 11657 complete and 0 interrupted iterations
cap_refresh_token   [   1% ] 008/179 VUs  00m21.7s/30m0s  600.00 iters/s

running (00m22.7s), 004/179 VUs, 12261 complete and 0 interrupted iterations
cap_refresh_token   [   1% ] 004/179 VUs  00m22.7s/30m0s  600.00 iters/s

running (00m23.7s), 004/179 VUs, 12861 complete and 0 interrupted iterations
cap_refresh_token   [   1% ] 004/179 VUs  00m23.7s/30m0s  600.00 iters/s

running (00m24.7s), 011/179 VUs, 13454 complete and 0 interrupted iterations
cap_refresh_token   [   1% ] 011/179 VUs  00m24.7s/30m0s  600.00 iters/s

running (00m25.7s), 005/179 VUs, 14060 complete and 0 interrupted iterations
cap_refresh_token   [   1% ] 005/179 VUs  00m25.7s/30m0s  600.00 iters/s

running (00m26.7s), 011/179 VUs, 14655 complete and 0 interrupted iterations
cap_refresh_token   [   1% ] 011/179 VUs  00m26.7s/30m0s  600.00 iters/s

running (00m27.7s), 005/179 VUs, 15260 complete and 0 interrupted iterations
cap_refresh_token   [   2% ] 005/179 VUs  00m27.7s/30m0s  600.00 iters/s

running (00m28.7s), 006/179 VUs, 15860 complete and 0 interrupted iterations
cap_refresh_token   [   2% ] 006/179 VUs  00m28.7s/30m0s  600.00 iters/s

running (00m29.7s), 004/179 VUs, 16461 complete and 0 interrupted iterations
cap_refresh_token   [   2% ] 004/179 VUs  00m29.7s/30m0s  600.00 iters/s

running (00m30.7s), 068/179 VUs, 16997 complete and 0 interrupted iterations
cap_refresh_token   [   2% ] 068/179 VUs  00m30.7s/30m0s  600.00 iters/s

running (00m31.7s), 041/179 VUs, 17625 complete and 0 interrupted iterations
cap_refresh_token   [   2% ] 041/179 VUs  00m31.7s/30m0s  600.00 iters/s

running (00m32.7s), 007/179 VUs, 18259 complete and 0 interrupted iterations
cap_refresh_token   [   2% ] 007/179 VUs  00m32.7s/30m0s  600.00 iters/s

running (00m33.7s), 004/179 VUs, 18861 complete and 0 interrupted iterations
cap_refresh_token   [   2% ] 004/179 VUs  00m33.7s/30m0s  600.00 iters/s

running (00m34.7s), 007/179 VUs, 19459 complete and 0 interrupted iterations
cap_refresh_token   [   2% ] 007/179 VUs  00m34.7s/30m0s  600.00 iters/s

running (00m35.7s), 005/179 VUs, 20060 complete and 0 interrupted iterations
cap_refresh_token   [   2% ] 006/179 VUs  00m35.7s/30m0s  600.00 iters/s

running (00m36.7s), 006/179 VUs, 20660 complete and 0 interrupted iterations
cap_refresh_token   [   2% ] 006/179 VUs  00m36.7s/30m0s  600.00 iters/s

running (00m37.7s), 006/179 VUs, 21259 complete and 0 interrupted iterations
cap_refresh_token   [   2% ] 006/179 VUs  00m37.7s/30m0s  600.00 iters/s

running (00m38.7s), 007/179 VUs, 21858 complete and 0 interrupted iterations
cap_refresh_token   [   2% ] 007/179 VUs  00m38.7s/30m0s  600.00 iters/s

running (00m39.7s), 013/179 VUs, 22453 complete and 0 interrupted iterations
cap_refresh_token   [   2% ] 013/179 VUs  00m39.7s/30m0s  600.00 iters/s

running (00m40.7s), 006/179 VUs, 23060 complete and 0 interrupted iterations
cap_refresh_token   [   2% ] 006/179 VUs  00m40.7s/30m0s  600.00 iters/s

running (00m41.7s), 018/179 VUs, 23647 complete and 0 interrupted iterations
cap_refresh_token   [   2% ] 019/179 VUs  00m41.7s/30m0s  600.00 iters/s

running (00m42.7s), 026/179 VUs, 24239 complete and 0 interrupted iterations
cap_refresh_token   [   2% ] 026/179 VUs  00m42.7s/30m0s  600.00 iters/s

running (00m43.7s), 020/179 VUs, 24845 complete and 0 interrupted iterations
cap_refresh_token   [   2% ] 020/179 VUs  00m43.7s/30m0s  600.00 iters/s

running (00m44.7s), 063/179 VUs, 25403 complete and 0 interrupted iterations
cap_refresh_token   [   2% ] 063/179 VUs  00m44.7s/30m0s  600.00 iters/s

running (00m45.7s), 097/179 VUs, 25969 complete and 0 interrupted iterations
cap_refresh_token   [   3% ] 097/179 VUs  00m45.7s/30m0s  600.00 iters/s

running (00m46.7s), 101/179 VUs, 26565 complete and 0 interrupted iterations
cap_refresh_token   [   3% ] 101/179 VUs  00m46.7s/30m0s  600.00 iters/s

running (00m47.7s), 121/179 VUs, 27145 complete and 0 interrupted iterations
cap_refresh_token   [   3% ] 121/179 VUs  00m47.7s/30m0s  600.00 iters/s

running (00m48.7s), 128/179 VUs, 27738 complete and 0 interrupted iterations
cap_refresh_token   [   3% ] 128/179 VUs  00m48.7s/30m0s  600.00 iters/s

running (00m49.7s), 138/179 VUs, 28327 complete and 0 interrupted iterations
cap_refresh_token   [   3% ] 138/179 VUs  00m49.7s/30m0s  600.00 iters/s

running (00m50.7s), 163/179 VUs, 28902 complete and 0 interrupted iterations
cap_refresh_token   [   3% ] 163/179 VUs  00m50.7s/30m0s  600.00 iters/s

running (00m51.7s), 178/183 VUs, 29470 complete and 0 interrupted iterations
cap_refresh_token   [   3% ] 178/183 VUs  00m51.7s/30m0s  600.00 iters/s

running (00m52.7s), 188/188 VUs, 30042 complete and 0 interrupted iterations
cap_refresh_token   [   3% ] 188/188 VUs  00m52.7s/30m0s  600.00 iters/s

running (00m53.7s), 184/196 VUs, 30603 complete and 0 interrupted iterations
cap_refresh_token   [   3% ] 184/196 VUs  00m53.7s/30m0s  600.00 iters/s

running (00m54.7s), 187/198 VUs, 31186 complete and 0 interrupted iterations
cap_refresh_token   [   3% ] 187/198 VUs  00m54.7s/30m0s  600.00 iters/s

running (00m55.7s), 178/202 VUs, 31784 complete and 0 interrupted iterations
cap_refresh_token   [   3% ] 178/202 VUs  00m55.7s/30m0s  600.00 iters/s

running (00m56.7s), 148/202 VUs, 32415 complete and 0 interrupted iterations
cap_refresh_token   [   3% ] 148/202 VUs  00m56.7s/30m0s  600.00 iters/s

running (00m57.7s), 077/202 VUs, 33085 complete and 0 interrupted iterations
cap_refresh_token   [   3% ] 077/202 VUs  00m57.7s/30m0s  600.00 iters/s

running (00m58.7s), 007/202 VUs, 33755 complete and 0 interrupted iterations
cap_refresh_token   [   3% ] 007/202 VUs  00m58.7s/30m0s  600.00 iters/s

running (00m59.7s), 071/202 VUs, 34291 complete and 0 interrupted iterations
cap_refresh_token   [   3% ] 071/202 VUs  00m59.7s/30m0s  600.00 iters/s

running (01m00.7s), 031/202 VUs, 34931 complete and 0 interrupted iterations
cap_refresh_token   [   3% ] 031/202 VUs  01m00.7s/30m0s  600.00 iters/s

running (01m01.7s), 005/202 VUs, 35558 complete and 0 interrupted iterations
cap_refresh_token   [   3% ] 005/202 VUs  01m01.7s/30m0s  600.00 iters/s

running (01m02.7s), 005/202 VUs, 36157 complete and 0 interrupted iterations
cap_refresh_token   [   3% ] 005/202 VUs  01m02.7s/30m0s  600.00 iters/s

running (01m03.7s), 005/202 VUs, 36758 complete and 0 interrupted iterations
cap_refresh_token   [   4% ] 005/202 VUs  01m03.7s/30m0s  600.00 iters/s

running (01m04.7s), 008/202 VUs, 37355 complete and 0 interrupted iterations
cap_refresh_token   [   4% ] 008/202 VUs  01m04.7s/30m0s  600.00 iters/s

running (01m05.7s), 006/202 VUs, 37956 complete and 0 interrupted iterations
cap_refresh_token   [   4% ] 007/202 VUs  01m05.7s/30m0s  600.00 iters/s

running (01m06.7s), 005/202 VUs, 38557 complete and 0 interrupted iterations
cap_refresh_token   [   4% ] 005/202 VUs  01m06.7s/30m0s  600.00 iters/s

running (01m07.7s), 006/202 VUs, 39157 complete and 0 interrupted iterations
cap_refresh_token   [   4% ] 006/202 VUs  01m07.7s/30m0s  600.00 iters/s

running (01m08.7s), 005/202 VUs, 39757 complete and 0 interrupted iterations
cap_refresh_token   [   4% ] 005/202 VUs  01m08.7s/30m0s  600.00 iters/s

running (01m09.7s), 006/202 VUs, 40356 complete and 0 interrupted iterations
cap_refresh_token   [   4% ] 006/202 VUs  01m09.7s/30m0s  600.00 iters/s

running (01m10.7s), 004/202 VUs, 40958 complete and 0 interrupted iterations
cap_refresh_token   [   4% ] 004/202 VUs  01m10.7s/30m0s  600.00 iters/s

running (01m11.7s), 005/202 VUs, 41557 complete and 0 interrupted iterations
cap_refresh_token   [   4% ] 005/202 VUs  01m11.7s/30m0s  600.00 iters/s

running (01m12.7s), 016/202 VUs, 42146 complete and 0 interrupted iterations
cap_refresh_token   [   4% ] 016/202 VUs  01m12.7s/30m0s  600.00 iters/s

running (01m13.7s), 005/202 VUs, 42758 complete and 0 interrupted iterations
cap_refresh_token   [   4% ] 005/202 VUs  01m13.7s/30m0s  600.00 iters/s

running (01m14.7s), 024/202 VUs, 43339 complete and 0 interrupted iterations
cap_refresh_token   [   4% ] 024/202 VUs  01m14.7s/30m0s  600.00 iters/s

running (01m15.7s), 005/202 VUs, 43957 complete and 0 interrupted iterations
cap_refresh_token   [   4% ] 005/202 VUs  01m15.7s/30m0s  600.00 iters/s

running (01m16.7s), 007/202 VUs, 44556 complete and 0 interrupted iterations
cap_refresh_token   [   4% ] 007/202 VUs  01m16.7s/30m0s  600.00 iters/s

running (01m17.7s), 007/202 VUs, 45156 complete and 0 interrupted iterations
cap_refresh_token   [   4% ] 007/202 VUs  01m17.7s/30m0s  600.00 iters/s

running (01m18.7s), 008/202 VUs, 45755 complete and 0 interrupted iterations
cap_refresh_token   [   4% ] 008/202 VUs  01m18.7s/30m0s  600.00 iters/s

running (01m19.7s), 009/202 VUs, 46354 complete and 0 interrupted iterations
cap_refresh_token   [   4% ] 009/202 VUs  01m19.7s/30m0s  600.00 iters/s

running (01m20.7s), 004/202 VUs, 46958 complete and 0 interrupted iterations
cap_refresh_token   [   4% ] 004/202 VUs  01m20.7s/30m0s  600.00 iters/s

running (01m21.7s), 011/202 VUs, 47551 complete and 0 interrupted iterations
cap_refresh_token   [   5% ] 011/202 VUs  01m21.7s/30m0s  600.00 iters/s

running (01m22.7s), 005/202 VUs, 48157 complete and 0 interrupted iterations
cap_refresh_token   [   5% ] 005/202 VUs  01m22.7s/30m0s  600.00 iters/s

running (01m23.7s), 005/202 VUs, 48757 complete and 0 interrupted iterations
cap_refresh_token   [   5% ] 005/202 VUs  01m23.7s/30m0s  600.00 iters/s

running (01m24.7s), 007/202 VUs, 49356 complete and 0 interrupted iterations
cap_refresh_token   [   5% ] 007/202 VUs  01m24.7s/30m0s  600.00 iters/s

running (01m25.7s), 012/202 VUs, 49951 complete and 0 interrupted iterations
cap_refresh_token   [   5% ] 012/202 VUs  01m25.7s/30m0s  600.00 iters/s

running (01m26.7s), 005/202 VUs, 50558 complete and 0 interrupted iterations
cap_refresh_token   [   5% ] 005/202 VUs  01m26.7s/30m0s  600.00 iters/s

running (01m27.7s), 005/202 VUs, 51157 complete and 0 interrupted iterations
cap_refresh_token   [   5% ] 005/202 VUs  01m27.7s/30m0s  600.00 iters/s

running (01m28.7s), 006/202 VUs, 51756 complete and 0 interrupted iterations
cap_refresh_token   [   5% ] 006/202 VUs  01m28.7s/30m0s  600.00 iters/s

running (01m29.7s), 004/202 VUs, 52358 complete and 0 interrupted iterations
cap_refresh_token   [   5% ] 004/202 VUs  01m29.7s/30m0s  600.00 iters/s

running (01m30.7s), 009/202 VUs, 52954 complete and 0 interrupted iterations
cap_refresh_token   [   5% ] 009/202 VUs  01m30.7s/30m0s  600.00 iters/s

running (01m31.7s), 007/202 VUs, 53556 complete and 0 interrupted iterations
cap_refresh_token   [   5% ] 007/202 VUs  01m31.7s/30m0s  600.00 iters/s

running (01m32.7s), 005/202 VUs, 54158 complete and 0 interrupted iterations
cap_refresh_token   [   5% ] 005/202 VUs  01m32.7s/30m0s  600.00 iters/s

running (01m33.7s), 004/202 VUs, 54759 complete and 0 interrupted iterations
cap_refresh_token   [   5% ] 004/202 VUs  01m33.7s/30m0s  600.00 iters/s

running (01m34.7s), 072/202 VUs, 55291 complete and 0 interrupted iterations
cap_refresh_token   [   5% ] 072/202 VUs  01m34.7s/30m0s  600.00 iters/s

running (01m35.7s), 018/202 VUs, 55944 complete and 0 interrupted iterations
cap_refresh_token   [   5% ] 018/202 VUs  01m35.7s/30m0s  600.00 iters/s

running (01m36.7s), 005/202 VUs, 56557 complete and 0 interrupted iterations
cap_refresh_token   [   5% ] 005/202 VUs  01m36.7s/30m0s  600.00 iters/s

running (01m37.7s), 004/202 VUs, 57158 complete and 0 interrupted iterations
cap_refresh_token   [   5% ] 004/202 VUs  01m37.7s/30m0s  600.00 iters/s

running (01m38.7s), 023/202 VUs, 57739 complete and 0 interrupted iterations
cap_refresh_token   [   5% ] 023/202 VUs  01m38.7s/30m0s  600.00 iters/s

running (01m39.7s), 007/202 VUs, 58355 complete and 0 interrupted iterations
cap_refresh_token   [   6% ] 007/202 VUs  01m39.7s/30m0s  600.00 iters/s

running (01m40.7s), 006/202 VUs, 58957 complete and 0 interrupted iterations
cap_refresh_token   [   6% ] 006/202 VUs  01m40.7s/30m0s  600.00 iters/s

running (01m41.7s), 006/202 VUs, 59556 complete and 0 interrupted iterations
cap_refresh_token   [   6% ] 006/202 VUs  01m41.7s/30m0s  600.00 iters/s

running (01m42.7s), 027/202 VUs, 60136 complete and 0 interrupted iterations
cap_refresh_token   [   6% ] 027/202 VUs  01m42.7s/30m0s  600.00 iters/s

running (01m43.7s), 005/202 VUs, 60757 complete and 0 interrupted iterations
cap_refresh_token   [   6% ] 005/202 VUs  01m43.7s/30m0s  600.00 iters/s

running (01m44.7s), 005/202 VUs, 61358 complete and 0 interrupted iterations
cap_refresh_token   [   6% ] 005/202 VUs  01m44.7s/30m0s  600.00 iters/s

running (01m45.7s), 007/202 VUs, 61955 complete and 0 interrupted iterations
cap_refresh_token   [   6% ] 007/202 VUs  01m45.7s/30m0s  600.00 iters/s

running (01m46.7s), 004/202 VUs, 62558 complete and 0 interrupted iterations
cap_refresh_token   [   6% ] 004/202 VUs  01m46.7s/30m0s  600.00 iters/s

running (01m47.7s), 006/202 VUs, 63157 complete and 0 interrupted iterations
cap_refresh_token   [   6% ] 006/202 VUs  01m47.7s/30m0s  600.00 iters/s

running (01m48.7s), 004/202 VUs, 63759 complete and 0 interrupted iterations
cap_refresh_token   [   6% ] 004/202 VUs  01m48.7s/30m0s  600.00 iters/s

running (01m49.7s), 006/202 VUs, 64356 complete and 0 interrupted iterations
cap_refresh_token   [   6% ] 006/202 VUs  01m49.7s/30m0s  600.00 iters/s

running (01m50.7s), 006/202 VUs, 64957 complete and 0 interrupted iterations
cap_refresh_token   [   6% ] 006/202 VUs  01m50.7s/30m0s  600.00 iters/s

running (01m51.7s), 015/202 VUs, 65547 complete and 0 interrupted iterations
cap_refresh_token   [   6% ] 015/202 VUs  01m51.7s/30m0s  600.00 iters/s

running (01m52.7s), 004/202 VUs, 66158 complete and 0 interrupted iterations
cap_refresh_token   [   6% ] 004/202 VUs  01m52.7s/30m0s  600.00 iters/s

running (01m53.7s), 004/202 VUs, 66758 complete and 0 interrupted iterations
cap_refresh_token   [   6% ] 004/202 VUs  01m53.7s/30m0s  600.00 iters/s

running (01m54.7s), 008/202 VUs, 67355 complete and 0 interrupted iterations
cap_refresh_token   [   6% ] 008/202 VUs  01m54.7s/30m0s  600.00 iters/s

running (01m55.7s), 006/202 VUs, 67957 complete and 0 interrupted iterations
cap_refresh_token   [   6% ] 006/202 VUs  01m55.7s/30m0s  600.00 iters/s

running (01m56.7s), 003/202 VUs, 68559 complete and 0 interrupted iterations
cap_refresh_token   [   6% ] 004/202 VUs  01m56.7s/30m0s  600.00 iters/s

running (01m57.7s), 009/202 VUs, 69153 complete and 0 interrupted iterations
cap_refresh_token   [   7% ] 009/202 VUs  01m57.7s/30m0s  600.00 iters/s

running (01m58.7s), 006/202 VUs, 69756 complete and 0 interrupted iterations
cap_refresh_token   [   7% ] 006/202 VUs  01m58.7s/30m0s  600.00 iters/s

running (01m59.7s), 005/202 VUs, 70358 complete and 0 interrupted iterations
cap_refresh_token   [   7% ] 005/202 VUs  01m59.7s/30m0s  600.00 iters/s

running (02m00.7s), 029/202 VUs, 70934 complete and 0 interrupted iterations
cap_refresh_token   [   7% ] 029/202 VUs  02m00.7s/30m0s  600.00 iters/s

running (02m01.7s), 008/202 VUs, 71554 complete and 0 interrupted iterations
cap_refresh_token   [   7% ] 008/202 VUs  02m01.7s/30m0s  600.00 iters/s

running (02m02.7s), 004/202 VUs, 72158 complete and 0 interrupted iterations
cap_refresh_token   [   7% ] 004/202 VUs  02m02.7s/30m0s  600.00 iters/s

running (02m03.7s), 008/202 VUs, 72754 complete and 0 interrupted iterations
cap_refresh_token   [   7% ] 008/202 VUs  02m03.7s/30m0s  600.00 iters/s

running (02m04.7s), 005/202 VUs, 73357 complete and 0 interrupted iterations
cap_refresh_token   [   7% ] 005/202 VUs  02m04.7s/30m0s  600.00 iters/s

running (02m05.7s), 006/202 VUs, 73957 complete and 0 interrupted iterations
cap_refresh_token   [   7% ] 006/202 VUs  02m05.7s/30m0s  600.00 iters/s

running (02m06.7s), 008/202 VUs, 74555 complete and 0 interrupted iterations
cap_refresh_token   [   7% ] 008/202 VUs  02m06.7s/30m0s  600.00 iters/s

running (02m07.7s), 006/202 VUs, 75157 complete and 0 interrupted iterations
cap_refresh_token   [   7% ] 006/202 VUs  02m07.7s/30m0s  600.00 iters/s

running (02m08.7s), 005/202 VUs, 75757 complete and 0 interrupted iterations
cap_refresh_token   [   7% ] 005/202 VUs  02m08.7s/30m0s  600.00 iters/s

running (02m09.7s), 010/202 VUs, 76353 complete and 0 interrupted iterations
cap_refresh_token   [   7% ] 010/202 VUs  02m09.7s/30m0s  600.00 iters/s

running (02m10.7s), 006/202 VUs, 76956 complete and 0 interrupted iterations
cap_refresh_token   [   7% ] 006/202 VUs  02m10.7s/30m0s  600.00 iters/s

running (02m11.7s), 006/202 VUs, 77557 complete and 0 interrupted iterations
cap_refresh_token   [   7% ] 006/202 VUs  02m11.7s/30m0s  600.00 iters/s

running (02m12.7s), 039/202 VUs, 78124 complete and 0 interrupted iterations
cap_refresh_token   [   7% ] 039/202 VUs  02m12.7s/30m0s  600.00 iters/s

running (02m13.7s), 007/202 VUs, 78756 complete and 0 interrupted iterations
cap_refresh_token   [   7% ] 007/202 VUs  02m13.7s/30m0s  600.00 iters/s

running (02m14.7s), 014/202 VUs, 79349 complete and 0 interrupted iterations
cap_refresh_token   [   7% ] 014/202 VUs  02m14.7s/30m0s  600.00 iters/s

running (02m15.7s), 018/202 VUs, 79944 complete and 0 interrupted iterations
cap_refresh_token   [   8% ] 018/202 VUs  02m15.7s/30m0s  600.00 iters/s

running (02m16.7s), 007/202 VUs, 80556 complete and 0 interrupted iterations
cap_refresh_token   [   8% ] 007/202 VUs  02m16.7s/30m0s  600.00 iters/s

running (02m17.7s), 005/202 VUs, 81157 complete and 0 interrupted iterations
cap_refresh_token   [   8% ] 005/202 VUs  02m17.7s/30m0s  600.00 iters/s

running (02m18.7s), 011/202 VUs, 81751 complete and 0 interrupted iterations
cap_refresh_token   [   8% ] 011/202 VUs  02m18.7s/30m0s  600.00 iters/s

running (02m19.7s), 016/202 VUs, 82346 complete and 0 interrupted iterations
cap_refresh_token   [   8% ] 016/202 VUs  02m19.7s/30m0s  600.00 iters/s

running (02m20.7s), 006/202 VUs, 82957 complete and 0 interrupted iterations
cap_refresh_token   [   8% ] 006/202 VUs  02m20.7s/30m0s  600.00 iters/s

running (02m21.7s), 006/202 VUs, 83558 complete and 0 interrupted iterations
cap_refresh_token   [   8% ] 006/202 VUs  02m21.7s/30m0s  600.00 iters/s

running (02m22.7s), 004/202 VUs, 84158 complete and 0 interrupted iterations
cap_refresh_token   [   8% ] 004/202 VUs  02m22.7s/30m0s  600.00 iters/s

running (02m23.7s), 005/202 VUs, 84757 complete and 0 interrupted iterations
cap_refresh_token   [   8% ] 005/202 VUs  02m23.7s/30m0s  600.00 iters/s

running (02m24.7s), 013/202 VUs, 85350 complete and 0 interrupted iterations
cap_refresh_token   [   8% ] 013/202 VUs  02m24.7s/30m0s  600.00 iters/s

running (02m25.7s), 007/202 VUs, 85956 complete and 0 interrupted iterations
cap_refresh_token   [   8% ] 007/202 VUs  02m25.7s/30m0s  600.00 iters/s

running (02m26.7s), 007/202 VUs, 86555 complete and 0 interrupted iterations
cap_refresh_token   [   8% ] 007/202 VUs  02m26.7s/30m0s  600.00 iters/s

running (02m27.7s), 013/202 VUs, 87149 complete and 0 interrupted iterations
cap_refresh_token   [   8% ] 013/202 VUs  02m27.7s/30m0s  600.00 iters/s

running (02m28.7s), 005/202 VUs, 87757 complete and 0 interrupted iterations
cap_refresh_token   [   8% ] 005/202 VUs  02m28.7s/30m0s  600.00 iters/s

running (02m29.7s), 004/202 VUs, 88358 complete and 0 interrupted iterations
cap_refresh_token   [   8% ] 005/202 VUs  02m29.7s/30m0s  600.00 iters/s

running (02m30.7s), 014/202 VUs, 88948 complete and 0 interrupted iterations
cap_refresh_token   [   8% ] 014/202 VUs  02m30.7s/30m0s  600.00 iters/s

running (02m31.7s), 049/202 VUs, 89514 complete and 0 interrupted iterations
cap_refresh_token   [   8% ] 049/202 VUs  02m31.7s/30m0s  600.00 iters/s

running (02m32.7s), 006/202 VUs, 90158 complete and 0 interrupted iterations
cap_refresh_token   [   8% ] 006/202 VUs  02m32.7s/30m0s  600.00 iters/s

running (02m33.7s), 006/202 VUs, 90757 complete and 0 interrupted iterations
cap_refresh_token   [   9% ] 006/202 VUs  02m33.7s/30m0s  600.00 iters/s

running (02m34.7s), 005/202 VUs, 91358 complete and 0 interrupted iterations
cap_refresh_token   [   9% ] 005/202 VUs  02m34.7s/30m0s  600.00 iters/s

running (02m35.7s), 009/202 VUs, 91954 complete and 0 interrupted iterations
cap_refresh_token   [   9% ] 009/202 VUs  02m35.7s/30m0s  600.00 iters/s

running (02m36.7s), 006/202 VUs, 92556 complete and 0 interrupted iterations
cap_refresh_token   [   9% ] 006/202 VUs  02m36.7s/30m0s  600.00 iters/s

running (02m37.7s), 009/202 VUs, 93154 complete and 0 interrupted iterations
cap_refresh_token   [   9% ] 009/202 VUs  02m37.7s/30m0s  600.00 iters/s

running (02m38.7s), 010/202 VUs, 93753 complete and 0 interrupted iterations
cap_refresh_token   [   9% ] 010/202 VUs  02m38.7s/30m0s  600.00 iters/s

running (02m39.7s), 006/202 VUs, 94357 complete and 0 interrupted iterations
cap_refresh_token   [   9% ] 006/202 VUs  02m39.7s/30m0s  600.00 iters/s

running (02m40.7s), 005/202 VUs, 94957 complete and 0 interrupted iterations
cap_refresh_token   [   9% ] 005/202 VUs  02m40.7s/30m0s  600.00 iters/s

running (02m41.7s), 056/202 VUs, 95506 complete and 0 interrupted iterations
cap_refresh_token   [   9% ] 056/202 VUs  02m41.7s/30m0s  600.00 iters/s

running (02m42.7s), 005/202 VUs, 96157 complete and 0 interrupted iterations
cap_refresh_token   [   9% ] 005/202 VUs  02m42.7s/30m0s  600.00 iters/s

running (02m43.7s), 005/202 VUs, 96758 complete and 0 interrupted iterations
cap_refresh_token   [   9% ] 005/202 VUs  02m43.7s/30m0s  600.00 iters/s

running (02m44.7s), 006/202 VUs, 97356 complete and 0 interrupted iterations
cap_refresh_token   [   9% ] 006/202 VUs  02m44.7s/30m0s  600.00 iters/s

running (02m45.7s), 005/202 VUs, 97957 complete and 0 interrupted iterations
cap_refresh_token   [   9% ] 005/202 VUs  02m45.7s/30m0s  600.00 iters/s

running (02m46.7s), 004/202 VUs, 98558 complete and 0 interrupted iterations
cap_refresh_token   [   9% ] 005/202 VUs  02m46.7s/30m0s  600.00 iters/s

running (02m47.7s), 005/202 VUs, 99157 complete and 0 interrupted iterations
cap_refresh_token   [   9% ] 005/202 VUs  02m47.7s/30m0s  600.00 iters/s

running (02m48.7s), 004/202 VUs, 99758 complete and 0 interrupted iterations
cap_refresh_token   [   9% ] 004/202 VUs  02m48.7s/30m0s  600.00 iters/s

running (02m49.7s), 004/202 VUs, 100358 complete and 0 interrupted iterations
cap_refresh_token   [   9% ] 004/202 VUs  02m49.7s/30m0s  600.00 iters/s

running (02m50.7s), 023/202 VUs, 100940 complete and 0 interrupted iterations
cap_refresh_token   [   9% ] 023/202 VUs  02m50.7s/30m0s  600.00 iters/s

running (02m51.7s), 005/202 VUs, 101557 complete and 0 interrupted iterations
cap_refresh_token   [  10% ] 005/202 VUs  02m51.7s/30m0s  600.00 iters/s

running (02m52.7s), 005/202 VUs, 102158 complete and 0 interrupted iterations
cap_refresh_token   [  10% ] 005/202 VUs  02m52.7s/30m0s  600.00 iters/s

running (02m53.7s), 005/202 VUs, 102758 complete and 0 interrupted iterations
cap_refresh_token   [  10% ] 005/202 VUs  02m53.7s/30m0s  600.00 iters/s

running (02m54.7s), 003/202 VUs, 103359 complete and 0 interrupted iterations
cap_refresh_token   [  10% ] 003/202 VUs  02m54.7s/30m0s  600.00 iters/s

running (02m55.7s), 009/202 VUs, 103954 complete and 0 interrupted iterations
cap_refresh_token   [  10% ] 009/202 VUs  02m55.7s/30m0s  600.00 iters/s

running (02m56.7s), 006/202 VUs, 104557 complete and 0 interrupted iterations
cap_refresh_token   [  10% ] 006/202 VUs  02m56.7s/30m0s  600.00 iters/s

running (02m57.7s), 005/202 VUs, 105158 complete and 0 interrupted iterations
cap_refresh_token   [  10% ] 005/202 VUs  02m57.7s/30m0s  600.00 iters/s

running (02m58.7s), 004/202 VUs, 105758 complete and 0 interrupted iterations
cap_refresh_token   [  10% ] 004/202 VUs  02m58.7s/30m0s  600.00 iters/s

running (02m59.7s), 005/202 VUs, 106357 complete and 0 interrupted iterations
cap_refresh_token   [  10% ] 005/202 VUs  02m59.7s/30m0s  600.00 iters/s

running (03m00.7s), 007/202 VUs, 106956 complete and 0 interrupted iterations
cap_refresh_token   [  10% ] 007/202 VUs  03m00.7s/30m0s  600.00 iters/s

running (03m01.7s), 004/202 VUs, 107559 complete and 0 interrupted iterations
cap_refresh_token   [  10% ] 004/202 VUs  03m01.7s/30m0s  600.00 iters/s

running (03m02.7s), 006/202 VUs, 108157 complete and 0 interrupted iterations
cap_refresh_token   [  10% ] 006/202 VUs  03m02.7s/30m0s  600.00 iters/s

running (03m03.7s), 004/202 VUs, 108758 complete and 0 interrupted iterations
cap_refresh_token   [  10% ] 004/202 VUs  03m03.7s/30m0s  600.00 iters/s

running (03m04.7s), 005/202 VUs, 109357 complete and 0 interrupted iterations
cap_refresh_token   [  10% ] 005/202 VUs  03m04.7s/30m0s  600.00 iters/s

running (03m05.7s), 005/202 VUs, 109958 complete and 0 interrupted iterations
cap_refresh_token   [  10% ] 005/202 VUs  03m05.7s/30m0s  600.00 iters/s

running (03m06.7s), 005/202 VUs, 110557 complete and 0 interrupted iterations
cap_refresh_token   [  10% ] 005/202 VUs  03m06.7s/30m0s  600.00 iters/s

running (03m07.7s), 010/202 VUs, 111158 complete and 0 interrupted iterations
cap_refresh_token   [  10% ] 010/202 VUs  03m07.7s/30m0s  600.00 iters/s

running (03m08.7s), 005/202 VUs, 111758 complete and 0 interrupted iterations
cap_refresh_token   [  10% ] 005/202 VUs  03m08.7s/30m0s  600.00 iters/s

running (03m09.7s), 005/202 VUs, 112357 complete and 0 interrupted iterations
cap_refresh_token   [  11% ] 005/202 VUs  03m09.7s/30m0s  600.00 iters/s

running (03m10.7s), 004/202 VUs, 112958 complete and 0 interrupted iterations
cap_refresh_token   [  11% ] 004/202 VUs  03m10.7s/30m0s  600.00 iters/s

running (03m11.7s), 005/202 VUs, 113558 complete and 0 interrupted iterations
cap_refresh_token   [  11% ] 005/202 VUs  03m11.7s/30m0s  600.00 iters/s

running (03m12.7s), 005/202 VUs, 114158 complete and 0 interrupted iterations
cap_refresh_token   [  11% ] 005/202 VUs  03m12.7s/30m0s  600.00 iters/s

running (03m13.7s), 005/202 VUs, 114758 complete and 0 interrupted iterations
cap_refresh_token   [  11% ] 005/202 VUs  03m13.7s/30m0s  600.00 iters/s

running (03m14.7s), 007/202 VUs, 115356 complete and 0 interrupted iterations
cap_refresh_token   [  11% ] 007/202 VUs  03m14.7s/30m0s  600.00 iters/s

running (03m15.7s), 006/202 VUs, 115956 complete and 0 interrupted iterations
cap_refresh_token   [  11% ] 006/202 VUs  03m15.7s/30m0s  600.00 iters/s

running (03m16.7s), 004/202 VUs, 116558 complete and 0 interrupted iterations
cap_refresh_token   [  11% ] 004/202 VUs  03m16.7s/30m0s  600.00 iters/s

running (03m17.7s), 006/202 VUs, 117156 complete and 0 interrupted iterations
cap_refresh_token   [  11% ] 006/202 VUs  03m17.7s/30m0s  600.00 iters/s

running (03m18.7s), 013/202 VUs, 117750 complete and 0 interrupted iterations
cap_refresh_token   [  11% ] 013/202 VUs  03m18.7s/30m0s  600.00 iters/s

running (03m19.7s), 006/202 VUs, 118356 complete and 0 interrupted iterations
cap_refresh_token   [  11% ] 006/202 VUs  03m19.7s/30m0s  600.00 iters/s

running (03m20.7s), 006/202 VUs, 118957 complete and 0 interrupted iterations
cap_refresh_token   [  11% ] 006/202 VUs  03m20.7s/30m0s  600.00 iters/s

running (03m21.7s), 008/202 VUs, 119555 complete and 0 interrupted iterations
cap_refresh_token   [  11% ] 008/202 VUs  03m21.7s/30m0s  600.00 iters/s

running (03m22.7s), 004/202 VUs, 120158 complete and 0 interrupted iterations
cap_refresh_token   [  11% ] 004/202 VUs  03m22.7s/30m0s  600.00 iters/s

running (03m23.7s), 004/202 VUs, 120758 complete and 0 interrupted iterations
cap_refresh_token   [  11% ] 004/202 VUs  03m23.7s/30m0s  600.00 iters/s

running (03m24.7s), 006/202 VUs, 121356 complete and 0 interrupted iterations
cap_refresh_token   [  11% ] 006/202 VUs  03m24.7s/30m0s  600.00 iters/s

running (03m25.7s), 004/202 VUs, 121958 complete and 0 interrupted iterations
cap_refresh_token   [  11% ] 004/202 VUs  03m25.7s/30m0s  600.00 iters/s

running (03m26.7s), 007/202 VUs, 122556 complete and 0 interrupted iterations
cap_refresh_token   [  11% ] 007/202 VUs  03m26.7s/30m0s  600.00 iters/s

running (03m27.7s), 006/202 VUs, 123157 complete and 0 interrupted iterations
cap_refresh_token   [  12% ] 006/202 VUs  03m27.7s/30m0s  600.00 iters/s

running (03m28.7s), 005/202 VUs, 123758 complete and 0 interrupted iterations
cap_refresh_token   [  12% ] 005/202 VUs  03m28.7s/30m0s  600.00 iters/s

running (03m29.7s), 027/202 VUs, 124335 complete and 0 interrupted iterations
cap_refresh_token   [  12% ] 027/202 VUs  03m29.7s/30m0s  600.00 iters/s

running (03m30.7s), 006/202 VUs, 124957 complete and 0 interrupted iterations
cap_refresh_token   [  12% ] 006/202 VUs  03m30.7s/30m0s  600.00 iters/s

running (03m31.7s), 010/202 VUs, 125552 complete and 0 interrupted iterations
cap_refresh_token   [  12% ] 010/202 VUs  03m31.7s/30m0s  600.00 iters/s

running (03m32.7s), 005/202 VUs, 126157 complete and 0 interrupted iterations
cap_refresh_token   [  12% ] 005/202 VUs  03m32.7s/30m0s  600.00 iters/s

running (03m33.7s), 005/202 VUs, 126757 complete and 0 interrupted iterations
cap_refresh_token   [  12% ] 005/202 VUs  03m33.7s/30m0s  600.00 iters/s

running (03m34.7s), 005/202 VUs, 127357 complete and 0 interrupted iterations
cap_refresh_token   [  12% ] 005/202 VUs  03m34.7s/30m0s  600.00 iters/s

running (03m35.7s), 006/202 VUs, 127957 complete and 0 interrupted iterations
cap_refresh_token   [  12% ] 006/202 VUs  03m35.7s/30m0s  600.00 iters/s

running (03m36.7s), 005/202 VUs, 128558 complete and 0 interrupted iterations
cap_refresh_token   [  12% ] 005/202 VUs  03m36.7s/30m0s  600.00 iters/s

running (03m37.7s), 006/202 VUs, 129157 complete and 0 interrupted iterations
cap_refresh_token   [  12% ] 006/202 VUs  03m37.7s/30m0s  600.00 iters/s

running (03m38.7s), 006/202 VUs, 129757 complete and 0 interrupted iterations
cap_refresh_token   [  12% ] 006/202 VUs  03m38.7s/30m0s  600.00 iters/s

running (03m39.7s), 003/202 VUs, 130359 complete and 0 interrupted iterations
cap_refresh_token   [  12% ] 003/202 VUs  03m39.7s/30m0s  600.00 iters/s

running (03m40.7s), 004/202 VUs, 130958 complete and 0 interrupted iterations
cap_refresh_token   [  12% ] 004/202 VUs  03m40.7s/30m0s  600.00 iters/s

running (03m41.7s), 006/202 VUs, 131557 complete and 0 interrupted iterations
cap_refresh_token   [  12% ] 006/202 VUs  03m41.7s/30m0s  600.00 iters/s

running (03m42.7s), 004/202 VUs, 132159 complete and 0 interrupted iterations
cap_refresh_token   [  12% ] 004/202 VUs  03m42.7s/30m0s  600.00 iters/s

running (03m43.7s), 008/202 VUs, 132755 complete and 0 interrupted iterations
cap_refresh_token   [  12% ] 008/202 VUs  03m43.7s/30m0s  600.00 iters/s

running (03m44.7s), 005/202 VUs, 133358 complete and 0 interrupted iterations
cap_refresh_token   [  12% ] 005/202 VUs  03m44.7s/30m0s  600.00 iters/s

running (03m45.7s), 003/202 VUs, 133959 complete and 0 interrupted iterations
cap_refresh_token   [  13% ] 003/202 VUs  03m45.7s/30m0s  600.00 iters/s

running (03m46.7s), 005/202 VUs, 134558 complete and 0 interrupted iterations
cap_refresh_token   [  13% ] 005/202 VUs  03m46.7s/30m0s  600.00 iters/s

running (03m47.7s), 007/202 VUs, 135156 complete and 0 interrupted iterations
cap_refresh_token   [  13% ] 007/202 VUs  03m47.7s/30m0s  600.00 iters/s

running (03m48.7s), 021/202 VUs, 135743 complete and 0 interrupted iterations
cap_refresh_token   [  13% ] 021/202 VUs  03m48.7s/30m0s  600.00 iters/s

running (03m49.7s), 018/202 VUs, 136345 complete and 0 interrupted iterations
cap_refresh_token   [  13% ] 018/202 VUs  03m49.7s/30m0s  600.00 iters/s

running (03m50.7s), 004/202 VUs, 136958 complete and 0 interrupted iterations
cap_refresh_token   [  13% ] 004/202 VUs  03m50.7s/30m0s  600.00 iters/s

running (03m51.7s), 005/202 VUs, 137557 complete and 0 interrupted iterations
cap_refresh_token   [  13% ] 005/202 VUs  03m51.7s/30m0s  600.00 iters/s

running (03m52.7s), 004/202 VUs, 138159 complete and 0 interrupted iterations
cap_refresh_token   [  13% ] 004/202 VUs  03m52.7s/30m0s  600.00 iters/s

running (03m53.7s), 005/202 VUs, 138757 complete and 0 interrupted iterations
cap_refresh_token   [  13% ] 005/202 VUs  03m53.7s/30m0s  600.00 iters/s

running (03m54.7s), 039/202 VUs, 139324 complete and 0 interrupted iterations
cap_refresh_token   [  13% ] 039/202 VUs  03m54.7s/30m0s  600.00 iters/s

running (03m55.7s), 005/202 VUs, 139958 complete and 0 interrupted iterations
cap_refresh_token   [  13% ] 005/202 VUs  03m55.7s/30m0s  600.00 iters/s

running (03m56.7s), 042/202 VUs, 140520 complete and 0 interrupted iterations
cap_refresh_token   [  13% ] 042/202 VUs  03m56.7s/30m0s  600.00 iters/s

running (03m57.7s), 004/202 VUs, 141158 complete and 0 interrupted iterations
cap_refresh_token   [  13% ] 004/202 VUs  03m57.7s/30m0s  600.00 iters/s

running (03m58.7s), 008/202 VUs, 141754 complete and 0 interrupted iterations
cap_refresh_token   [  13% ] 008/202 VUs  03m58.7s/30m0s  600.00 iters/s

running (03m59.7s), 005/202 VUs, 142357 complete and 0 interrupted iterations
cap_refresh_token   [  13% ] 005/202 VUs  03m59.7s/30m0s  600.00 iters/s

running (04m00.7s), 005/202 VUs, 142958 complete and 0 interrupted iterations
cap_refresh_token   [  13% ] 005/202 VUs  04m00.7s/30m0s  600.00 iters/s

running (04m01.7s), 006/202 VUs, 143556 complete and 0 interrupted iterations
cap_refresh_token   [  13% ] 006/202 VUs  04m01.7s/30m0s  600.00 iters/s

running (04m02.7s), 006/202 VUs, 144156 complete and 0 interrupted iterations
cap_refresh_token   [  13% ] 006/202 VUs  04m02.7s/30m0s  600.00 iters/s

running (04m03.7s), 005/202 VUs, 144758 complete and 0 interrupted iterations
cap_refresh_token   [  14% ] 005/202 VUs  04m03.7s/30m0s  600.00 iters/s

running (04m04.7s), 005/202 VUs, 145357 complete and 0 interrupted iterations
cap_refresh_token   [  14% ] 005/202 VUs  04m04.7s/30m0s  600.00 iters/s

running (04m05.7s), 004/202 VUs, 145958 complete and 0 interrupted iterations
cap_refresh_token   [  14% ] 004/202 VUs  04m05.7s/30m0s  600.00 iters/s

running (04m06.7s), 006/202 VUs, 146557 complete and 0 interrupted iterations
cap_refresh_token   [  14% ] 006/202 VUs  04m06.7s/30m0s  600.00 iters/s

running (04m07.7s), 006/202 VUs, 147156 complete and 0 interrupted iterations
cap_refresh_token   [  14% ] 006/202 VUs  04m07.7s/30m0s  600.00 iters/s

running (04m08.7s), 016/202 VUs, 147746 complete and 0 interrupted iterations
cap_refresh_token   [  14% ] 016/202 VUs  04m08.7s/30m0s  600.00 iters/s

running (04m09.7s), 005/202 VUs, 148357 complete and 0 interrupted iterations
cap_refresh_token   [  14% ] 005/202 VUs  04m09.7s/30m0s  600.00 iters/s

running (04m10.7s), 006/202 VUs, 148957 complete and 0 interrupted iterations
cap_refresh_token   [  14% ] 006/202 VUs  04m10.7s/30m0s  600.00 iters/s

running (04m11.7s), 006/202 VUs, 149557 complete and 0 interrupted iterations
cap_refresh_token   [  14% ] 006/202 VUs  04m11.7s/30m0s  600.00 iters/s

running (04m12.7s), 006/202 VUs, 150157 complete and 0 interrupted iterations
cap_refresh_token   [  14% ] 006/202 VUs  04m12.7s/30m0s  600.00 iters/s

running (04m13.7s), 005/202 VUs, 150758 complete and 0 interrupted iterations
cap_refresh_token   [  14% ] 005/202 VUs  04m13.7s/30m0s  600.00 iters/s

running (04m14.7s), 004/202 VUs, 151359 complete and 0 interrupted iterations
cap_refresh_token   [  14% ] 004/202 VUs  04m14.7s/30m0s  600.00 iters/s

running (04m15.7s), 005/202 VUs, 151958 complete and 0 interrupted iterations
cap_refresh_token   [  14% ] 005/202 VUs  04m15.7s/30m0s  600.00 iters/s

running (04m16.7s), 007/202 VUs, 152556 complete and 0 interrupted iterations
cap_refresh_token   [  14% ] 007/202 VUs  04m16.7s/30m0s  600.00 iters/s

running (04m17.7s), 005/202 VUs, 153158 complete and 0 interrupted iterations
cap_refresh_token   [  14% ] 005/202 VUs  04m17.7s/30m0s  600.00 iters/s

running (04m18.7s), 006/202 VUs, 153757 complete and 0 interrupted iterations
cap_refresh_token   [  14% ] 006/202 VUs  04m18.7s/30m0s  600.00 iters/s

running (04m19.7s), 004/202 VUs, 154359 complete and 0 interrupted iterations
cap_refresh_token   [  14% ] 004/202 VUs  04m19.7s/30m0s  600.00 iters/s

running (04m20.7s), 005/202 VUs, 154957 complete and 0 interrupted iterations
cap_refresh_token   [  14% ] 005/202 VUs  04m20.7s/30m0s  600.00 iters/s

running (04m21.7s), 016/202 VUs, 155547 complete and 0 interrupted iterations
cap_refresh_token   [  15% ] 016/202 VUs  04m21.7s/30m0s  600.00 iters/s

running (04m22.7s), 007/202 VUs, 156156 complete and 0 interrupted iterations
cap_refresh_token   [  15% ] 007/202 VUs  04m22.7s/30m0s  600.00 iters/s

running (04m23.7s), 016/202 VUs, 156746 complete and 0 interrupted iterations
cap_refresh_token   [  15% ] 015/202 VUs  04m23.7s/30m0s  600.00 iters/s

running (04m24.7s), 006/202 VUs, 157356 complete and 0 interrupted iterations
cap_refresh_token   [  15% ] 006/202 VUs  04m24.7s/30m0s  600.00 iters/s

running (04m25.7s), 005/202 VUs, 157957 complete and 0 interrupted iterations
cap_refresh_token   [  15% ] 005/202 VUs  04m25.7s/30m0s  600.00 iters/s

running (04m26.7s), 004/202 VUs, 158558 complete and 0 interrupted iterations
cap_refresh_token   [  15% ] 004/202 VUs  04m26.7s/30m0s  600.00 iters/s

running (04m27.7s), 048/202 VUs, 159116 complete and 0 interrupted iterations
cap_refresh_token   [  15% ] 048/202 VUs  04m27.7s/30m0s  600.00 iters/s

running (04m28.7s), 007/202 VUs, 159756 complete and 0 interrupted iterations
cap_refresh_token   [  15% ] 007/202 VUs  04m28.7s/30m0s  600.00 iters/s

running (04m29.7s), 004/202 VUs, 160358 complete and 0 interrupted iterations
cap_refresh_token   [  15% ] 004/202 VUs  04m29.7s/30m0s  600.00 iters/s

running (04m30.7s), 006/202 VUs, 160956 complete and 0 interrupted iterations
cap_refresh_token   [  15% ] 006/202 VUs  04m30.7s/30m0s  600.00 iters/s

running (04m31.7s), 005/202 VUs, 161558 complete and 0 interrupted iterations
cap_refresh_token   [  15% ] 005/202 VUs  04m31.7s/30m0s  600.00 iters/s

running (04m32.7s), 005/202 VUs, 162158 complete and 0 interrupted iterations
cap_refresh_token   [  15% ] 005/202 VUs  04m32.7s/30m0s  600.00 iters/s

running (04m33.7s), 006/202 VUs, 162756 complete and 0 interrupted iterations
cap_refresh_token   [  15% ] 006/202 VUs  04m33.7s/30m0s  600.00 iters/s

running (04m34.7s), 014/202 VUs, 163349 complete and 0 interrupted iterations
cap_refresh_token   [  15% ] 014/202 VUs  04m34.7s/30m0s  600.00 iters/s

running (04m35.7s), 005/202 VUs, 163958 complete and 0 interrupted iterations
cap_refresh_token   [  15% ] 005/202 VUs  04m35.7s/30m0s  600.00 iters/s

running (04m36.7s), 022/202 VUs, 164541 complete and 0 interrupted iterations
cap_refresh_token   [  15% ] 022/202 VUs  04m36.7s/30m0s  600.00 iters/s

running (04m37.7s), 005/202 VUs, 165157 complete and 0 interrupted iterations
cap_refresh_token   [  15% ] 005/202 VUs  04m37.7s/30m0s  600.00 iters/s

running (04m38.7s), 006/202 VUs, 165757 complete and 0 interrupted iterations
cap_refresh_token   [  15% ] 006/202 VUs  04m38.7s/30m0s  600.00 iters/s

running (04m39.7s), 006/202 VUs, 166357 complete and 0 interrupted iterations
cap_refresh_token   [  16% ] 006/202 VUs  04m39.7s/30m0s  600.00 iters/s

running (04m40.7s), 005/202 VUs, 166957 complete and 0 interrupted iterations
cap_refresh_token   [  16% ] 005/202 VUs  04m40.7s/30m0s  600.00 iters/s

running (04m41.7s), 006/202 VUs, 167557 complete and 0 interrupted iterations
cap_refresh_token   [  16% ] 006/202 VUs  04m41.7s/30m0s  600.00 iters/s

running (04m42.7s), 007/202 VUs, 168156 complete and 0 interrupted iterations
cap_refresh_token   [  16% ] 007/202 VUs  04m42.7s/30m0s  600.00 iters/s

running (04m43.7s), 008/202 VUs, 168754 complete and 0 interrupted iterations
cap_refresh_token   [  16% ] 008/202 VUs  04m43.7s/30m0s  600.00 iters/s

running (04m44.7s), 005/202 VUs, 169357 complete and 0 interrupted iterations
cap_refresh_token   [  16% ] 005/202 VUs  04m44.7s/30m0s  600.00 iters/s

running (04m45.7s), 006/202 VUs, 169956 complete and 0 interrupted iterations
cap_refresh_token   [  16% ] 006/202 VUs  04m45.7s/30m0s  600.00 iters/s

running (04m46.7s), 006/202 VUs, 170557 complete and 0 interrupted iterations
cap_refresh_token   [  16% ] 006/202 VUs  04m46.7s/30m0s  600.00 iters/s

running (04m47.7s), 046/202 VUs, 171117 complete and 0 interrupted iterations
cap_refresh_token   [  16% ] 046/202 VUs  04m47.7s/30m0s  600.00 iters/s

running (04m48.7s), 004/202 VUs, 171758 complete and 0 interrupted iterations
cap_refresh_token   [  16% ] 004/202 VUs  04m48.7s/30m0s  600.00 iters/s

running (04m49.7s), 017/202 VUs, 172345 complete and 0 interrupted iterations
cap_refresh_token   [  16% ] 017/202 VUs  04m49.7s/30m0s  600.00 iters/s

running (04m50.7s), 005/202 VUs, 172957 complete and 0 interrupted iterations
cap_refresh_token   [  16% ] 005/202 VUs  04m50.7s/30m0s  600.00 iters/s

running (04m51.7s), 008/202 VUs, 173555 complete and 0 interrupted iterations
cap_refresh_token   [  16% ] 008/202 VUs  04m51.7s/30m0s  600.00 iters/s

running (04m52.7s), 022/202 VUs, 174141 complete and 0 interrupted iterations
cap_refresh_token   [  16% ] 022/202 VUs  04m52.7s/30m0s  600.00 iters/s

running (04m53.7s), 006/202 VUs, 174757 complete and 0 interrupted iterations
cap_refresh_token   [  16% ] 006/202 VUs  04m53.7s/30m0s  600.00 iters/s

running (04m54.7s), 005/202 VUs, 175358 complete and 0 interrupted iterations
cap_refresh_token   [  16% ] 005/202 VUs  04m54.7s/30m0s  600.00 iters/s

running (04m55.7s), 007/202 VUs, 175956 complete and 0 interrupted iterations
cap_refresh_token   [  16% ] 007/202 VUs  04m55.7s/30m0s  600.00 iters/s

running (04m56.7s), 005/202 VUs, 176558 complete and 0 interrupted iterations
cap_refresh_token   [  16% ] 005/202 VUs  04m56.7s/30m0s  600.00 iters/s

running (04m57.7s), 005/202 VUs, 177156 complete and 0 interrupted iterations
cap_refresh_token   [  17% ] 005/202 VUs  04m57.7s/30m0s  600.00 iters/s

running (04m58.7s), 009/202 VUs, 177754 complete and 0 interrupted iterations
cap_refresh_token   [  17% ] 009/202 VUs  04m58.7s/30m0s  600.00 iters/s

running (04m59.7s), 010/202 VUs, 178353 complete and 0 interrupted iterations
cap_refresh_token   [  17% ] 010/202 VUs  04m59.7s/30m0s  600.00 iters/s

running (05m00.7s), 006/202 VUs, 178956 complete and 0 interrupted iterations
cap_refresh_token   [  17% ] 006/202 VUs  05m00.7s/30m0s  600.00 iters/s

running (05m01.7s), 005/202 VUs, 179557 complete and 0 interrupted iterations
cap_refresh_token   [  17% ] 005/202 VUs  05m01.7s/30m0s  600.00 iters/s

running (05m02.7s), 006/202 VUs, 180157 complete and 0 interrupted iterations
cap_refresh_token   [  17% ] 006/202 VUs  05m02.7s/30m0s  600.00 iters/s

running (05m03.7s), 004/202 VUs, 180758 complete and 0 interrupted iterations
cap_refresh_token   [  17% ] 004/202 VUs  05m03.7s/30m0s  600.00 iters/s

running (05m04.7s), 005/202 VUs, 181358 complete and 0 interrupted iterations
cap_refresh_token   [  17% ] 005/202 VUs  05m04.7s/30m0s  600.00 iters/s

running (05m05.7s), 006/202 VUs, 181957 complete and 0 interrupted iterations
cap_refresh_token   [  17% ] 006/202 VUs  05m05.7s/30m0s  600.00 iters/s

running (05m06.7s), 054/202 VUs, 182509 complete and 0 interrupted iterations
cap_refresh_token   [  17% ] 054/202 VUs  05m06.7s/30m0s  600.00 iters/s

running (05m07.7s), 007/202 VUs, 183156 complete and 0 interrupted iterations
cap_refresh_token   [  17% ] 007/202 VUs  05m07.7s/30m0s  600.00 iters/s

running (05m08.7s), 005/202 VUs, 183758 complete and 0 interrupted iterations
cap_refresh_token   [  17% ] 005/202 VUs  05m08.7s/30m0s  600.00 iters/s

running (05m09.7s), 005/202 VUs, 184358 complete and 0 interrupted iterations
cap_refresh_token   [  17% ] 005/202 VUs  05m09.7s/30m0s  600.00 iters/s

running (05m10.7s), 006/202 VUs, 184956 complete and 0 interrupted iterations
cap_refresh_token   [  17% ] 006/202 VUs  05m10.7s/30m0s  600.00 iters/s

running (05m11.7s), 006/202 VUs, 185556 complete and 0 interrupted iterations
cap_refresh_token   [  17% ] 006/202 VUs  05m11.7s/30m0s  600.00 iters/s

running (05m12.7s), 007/202 VUs, 186156 complete and 0 interrupted iterations
cap_refresh_token   [  17% ] 007/202 VUs  05m12.7s/30m0s  600.00 iters/s

running (05m13.7s), 005/202 VUs, 186758 complete and 0 interrupted iterations
cap_refresh_token   [  17% ] 005/202 VUs  05m13.7s/30m0s  600.00 iters/s

running (05m14.7s), 005/202 VUs, 187358 complete and 0 interrupted iterations
cap_refresh_token   [  17% ] 005/202 VUs  05m14.7s/30m0s  600.00 iters/s

running (05m15.7s), 024/202 VUs, 187939 complete and 0 interrupted iterations
cap_refresh_token   [  18% ] 024/202 VUs  05m15.7s/30m0s  600.00 iters/s

running (05m16.7s), 005/202 VUs, 188557 complete and 0 interrupted iterations
cap_refresh_token   [  18% ] 005/202 VUs  05m16.7s/30m0s  600.00 iters/s

running (05m17.7s), 006/202 VUs, 189157 complete and 0 interrupted iterations
cap_refresh_token   [  18% ] 006/202 VUs  05m17.7s/30m0s  600.00 iters/s

running (05m18.7s), 004/202 VUs, 189758 complete and 0 interrupted iterations
cap_refresh_token   [  18% ] 004/202 VUs  05m18.7s/30m0s  600.00 iters/s

running (05m19.7s), 033/202 VUs, 190329 complete and 0 interrupted iterations
cap_refresh_token   [  18% ] 033/202 VUs  05m19.7s/30m0s  600.00 iters/s

running (05m20.7s), 007/202 VUs, 190956 complete and 0 interrupted iterations
cap_refresh_token   [  18% ] 007/202 VUs  05m20.7s/30m0s  600.00 iters/s

running (05m21.7s), 005/202 VUs, 191557 complete and 0 interrupted iterations
cap_refresh_token   [  18% ] 005/202 VUs  05m21.7s/30m0s  600.00 iters/s

running (05m22.7s), 070/202 VUs, 192092 complete and 0 interrupted iterations
cap_refresh_token   [  18% ] 070/202 VUs  05m22.7s/30m0s  600.00 iters/s

running (05m23.7s), 005/202 VUs, 192757 complete and 0 interrupted iterations
cap_refresh_token   [  18% ] 005/202 VUs  05m23.7s/30m0s  600.00 iters/s

running (05m24.7s), 015/202 VUs, 193348 complete and 0 interrupted iterations
cap_refresh_token   [  18% ] 015/202 VUs  05m24.7s/30m0s  600.00 iters/s

running (05m25.7s), 004/202 VUs, 193958 complete and 0 interrupted iterations
cap_refresh_token   [  18% ] 004/202 VUs  05m25.7s/30m0s  600.00 iters/s

running (05m26.7s), 040/202 VUs, 194522 complete and 0 interrupted iterations
cap_refresh_token   [  18% ] 040/202 VUs  05m26.7s/30m0s  600.00 iters/s

running (05m27.7s), 007/202 VUs, 195155 complete and 0 interrupted iterations
cap_refresh_token   [  18% ] 007/202 VUs  05m27.7s/30m0s  600.00 iters/s

running (05m28.7s), 006/202 VUs, 195757 complete and 0 interrupted iterations
cap_refresh_token   [  18% ] 006/202 VUs  05m28.7s/30m0s  600.00 iters/s

running (05m29.7s), 004/202 VUs, 196358 complete and 0 interrupted iterations
cap_refresh_token   [  18% ] 004/202 VUs  05m29.7s/30m0s  600.00 iters/s

running (05m30.7s), 004/202 VUs, 196958 complete and 0 interrupted iterations
cap_refresh_token   [  18% ] 004/202 VUs  05m30.7s/30m0s  600.00 iters/s

running (05m31.7s), 007/202 VUs, 197556 complete and 0 interrupted iterations
cap_refresh_token   [  18% ] 007/202 VUs  05m31.7s/30m0s  600.00 iters/s

running (05m32.7s), 014/202 VUs, 198149 complete and 0 interrupted iterations
cap_refresh_token   [  18% ] 014/202 VUs  05m32.7s/30m0s  600.00 iters/s

running (05m33.7s), 009/202 VUs, 198754 complete and 0 interrupted iterations
cap_refresh_token   [  19% ] 009/202 VUs  05m33.7s/30m0s  600.00 iters/s

running (05m34.7s), 011/202 VUs, 199352 complete and 0 interrupted iterations
cap_refresh_token   [  19% ] 011/202 VUs  05m34.7s/30m0s  600.00 iters/s

running (05m35.7s), 004/202 VUs, 199959 complete and 0 interrupted iterations
cap_refresh_token   [  19% ] 004/202 VUs  05m35.7s/30m0s  600.00 iters/s

running (05m36.7s), 008/202 VUs, 200555 complete and 0 interrupted iterations
cap_refresh_token   [  19% ] 008/202 VUs  05m36.7s/30m0s  600.00 iters/s

running (05m37.7s), 009/202 VUs, 201154 complete and 0 interrupted iterations
cap_refresh_token   [  19% ] 009/202 VUs  05m37.7s/30m0s  600.00 iters/s

running (05m38.7s), 004/202 VUs, 201758 complete and 0 interrupted iterations
cap_refresh_token   [  19% ] 004/202 VUs  05m38.7s/30m0s  600.00 iters/s

running (05m39.7s), 007/202 VUs, 202356 complete and 0 interrupted iterations
cap_refresh_token   [  19% ] 007/202 VUs  05m39.7s/30m0s  600.00 iters/s

running (05m40.7s), 011/202 VUs, 202952 complete and 0 interrupted iterations
cap_refresh_token   [  19% ] 011/202 VUs  05m40.7s/30m0s  600.00 iters/s

running (05m41.7s), 018/202 VUs, 203545 complete and 0 interrupted iterations
cap_refresh_token   [  19% ] 018/202 VUs  05m41.7s/30m0s  600.00 iters/s

running (05m42.7s), 006/202 VUs, 204157 complete and 0 interrupted iterations
cap_refresh_token   [  19% ] 006/202 VUs  05m42.7s/30m0s  600.00 iters/s

running (05m43.7s), 007/202 VUs, 204756 complete and 0 interrupted iterations
cap_refresh_token   [  19% ] 007/202 VUs  05m43.7s/30m0s  600.00 iters/s

running (05m44.7s), 005/202 VUs, 205359 complete and 0 interrupted iterations
cap_refresh_token   [  19% ] 005/202 VUs  05m44.7s/30m0s  600.00 iters/s

running (05m45.7s), 006/202 VUs, 205957 complete and 0 interrupted iterations
cap_refresh_token   [  19% ] 006/202 VUs  05m45.7s/30m0s  600.00 iters/s

running (05m46.7s), 026/202 VUs, 206536 complete and 0 interrupted iterations
cap_refresh_token   [  19% ] 027/202 VUs  05m46.7s/30m0s  600.00 iters/s

running (05m47.7s), 006/202 VUs, 207157 complete and 0 interrupted iterations
cap_refresh_token   [  19% ] 006/202 VUs  05m47.7s/30m0s  600.00 iters/s

running (05m48.7s), 007/202 VUs, 207756 complete and 0 interrupted iterations
cap_refresh_token   [  19% ] 007/202 VUs  05m48.7s/30m0s  600.00 iters/s

running (05m49.7s), 025/202 VUs, 208337 complete and 0 interrupted iterations
cap_refresh_token   [  19% ] 025/202 VUs  05m49.7s/30m0s  600.00 iters/s

running (05m50.7s), 009/202 VUs, 208953 complete and 0 interrupted iterations
cap_refresh_token   [  19% ] 009/202 VUs  05m50.7s/30m0s  600.00 iters/s

running (05m51.7s), 005/202 VUs, 209558 complete and 0 interrupted iterations
cap_refresh_token   [  20% ] 005/202 VUs  05m51.7s/30m0s  600.00 iters/s

running (05m52.7s), 023/202 VUs, 210140 complete and 0 interrupted iterations
cap_refresh_token   [  20% ] 023/202 VUs  05m52.7s/30m0s  600.00 iters/s

running (05m53.7s), 008/202 VUs, 210755 complete and 0 interrupted iterations
cap_refresh_token   [  20% ] 008/202 VUs  05m53.7s/30m0s  600.00 iters/s

running (05m54.7s), 008/202 VUs, 211354 complete and 0 interrupted iterations
cap_refresh_token   [  20% ] 008/202 VUs  05m54.7s/30m0s  600.00 iters/s

running (05m55.7s), 008/202 VUs, 211955 complete and 0 interrupted iterations
cap_refresh_token   [  20% ] 008/202 VUs  05m55.7s/30m0s  600.00 iters/s

running (05m56.7s), 013/202 VUs, 212549 complete and 0 interrupted iterations
cap_refresh_token   [  20% ] 013/202 VUs  05m56.7s/30m0s  600.00 iters/s

running (05m57.7s), 007/202 VUs, 213155 complete and 0 interrupted iterations
cap_refresh_token   [  20% ] 007/202 VUs  05m57.7s/30m0s  600.00 iters/s

running (05m58.7s), 005/202 VUs, 213757 complete and 0 interrupted iterations
cap_refresh_token   [  20% ] 005/202 VUs  05m58.7s/30m0s  600.00 iters/s

running (05m59.7s), 006/202 VUs, 214356 complete and 0 interrupted iterations
cap_refresh_token   [  20% ] 006/202 VUs  05m59.7s/30m0s  600.00 iters/s

running (06m00.7s), 005/202 VUs, 214957 complete and 0 interrupted iterations
cap_refresh_token   [  20% ] 005/202 VUs  06m00.7s/30m0s  600.00 iters/s

running (06m01.7s), 011/202 VUs, 215551 complete and 0 interrupted iterations
cap_refresh_token   [  20% ] 011/202 VUs  06m01.7s/30m0s  600.00 iters/s

running (06m02.7s), 005/202 VUs, 216157 complete and 0 interrupted iterations
cap_refresh_token   [  20% ] 005/202 VUs  06m02.7s/30m0s  600.00 iters/s

running (06m03.7s), 005/202 VUs, 216757 complete and 0 interrupted iterations
cap_refresh_token   [  20% ] 005/202 VUs  06m03.7s/30m0s  600.00 iters/s

running (06m04.7s), 009/202 VUs, 217353 complete and 0 interrupted iterations
cap_refresh_token   [  20% ] 009/202 VUs  06m04.7s/30m0s  600.00 iters/s

running (06m05.7s), 024/202 VUs, 217940 complete and 0 interrupted iterations
cap_refresh_token   [  20% ] 024/202 VUs  06m05.7s/30m0s  600.00 iters/s

running (06m06.7s), 006/202 VUs, 218556 complete and 0 interrupted iterations
cap_refresh_token   [  20% ] 006/202 VUs  06m06.7s/30m0s  600.00 iters/s

running (06m07.7s), 007/202 VUs, 219156 complete and 0 interrupted iterations
cap_refresh_token   [  20% ] 007/202 VUs  06m07.7s/30m0s  600.00 iters/s

running (06m08.7s), 008/202 VUs, 219755 complete and 0 interrupted iterations
cap_refresh_token   [  20% ] 008/202 VUs  06m08.7s/30m0s  600.00 iters/s

running (06m09.7s), 007/202 VUs, 220356 complete and 0 interrupted iterations
cap_refresh_token   [  21% ] 007/202 VUs  06m09.7s/30m0s  600.00 iters/s

running (06m10.7s), 007/202 VUs, 220956 complete and 0 interrupted iterations
cap_refresh_token   [  21% ] 007/202 VUs  06m10.7s/30m0s  600.00 iters/s

running (06m11.7s), 007/202 VUs, 221556 complete and 0 interrupted iterations
cap_refresh_token   [  21% ] 007/202 VUs  06m11.7s/30m0s  600.00 iters/s

running (06m12.7s), 006/202 VUs, 222157 complete and 0 interrupted iterations
cap_refresh_token   [  21% ] 006/202 VUs  06m12.7s/30m0s  600.00 iters/s

running (06m13.7s), 008/202 VUs, 222755 complete and 0 interrupted iterations
cap_refresh_token   [  21% ] 008/202 VUs  06m13.7s/30m0s  600.00 iters/s

running (06m14.7s), 006/202 VUs, 223357 complete and 0 interrupted iterations
cap_refresh_token   [  21% ] 006/202 VUs  06m14.7s/30m0s  600.00 iters/s

running (06m15.7s), 005/202 VUs, 223958 complete and 0 interrupted iterations
cap_refresh_token   [  21% ] 005/202 VUs  06m15.7s/30m0s  600.00 iters/s

running (06m16.7s), 005/202 VUs, 224557 complete and 0 interrupted iterations
cap_refresh_token   [  21% ] 005/202 VUs  06m16.7s/30m0s  600.00 iters/s

running (06m17.7s), 006/202 VUs, 225156 complete and 0 interrupted iterations
cap_refresh_token   [  21% ] 006/202 VUs  06m17.7s/30m0s  600.00 iters/s

running (06m18.7s), 010/202 VUs, 225753 complete and 0 interrupted iterations
cap_refresh_token   [  21% ] 010/202 VUs  06m18.7s/30m0s  600.00 iters/s

running (06m19.7s), 006/202 VUs, 226356 complete and 0 interrupted iterations
cap_refresh_token   [  21% ] 006/202 VUs  06m19.7s/30m0s  600.00 iters/s

running (06m20.7s), 004/202 VUs, 226958 complete and 0 interrupted iterations
cap_refresh_token   [  21% ] 004/202 VUs  06m20.7s/30m0s  600.00 iters/s

running (06m21.7s), 007/202 VUs, 227555 complete and 0 interrupted iterations
cap_refresh_token   [  21% ] 007/202 VUs  06m21.7s/30m0s  600.00 iters/s

running (06m22.7s), 009/202 VUs, 228154 complete and 0 interrupted iterations
cap_refresh_token   [  21% ] 009/202 VUs  06m22.7s/30m0s  600.00 iters/s

running (06m23.7s), 007/202 VUs, 228756 complete and 0 interrupted iterations
cap_refresh_token   [  21% ] 007/202 VUs  06m23.7s/30m0s  600.00 iters/s

running (06m24.7s), 006/202 VUs, 229356 complete and 0 interrupted iterations
cap_refresh_token   [  21% ] 006/202 VUs  06m24.7s/30m0s  600.00 iters/s

running (06m25.7s), 013/202 VUs, 229949 complete and 0 interrupted iterations
cap_refresh_token   [  21% ] 013/202 VUs  06m25.7s/30m0s  600.00 iters/s

running (06m26.7s), 005/202 VUs, 230558 complete and 0 interrupted iterations
cap_refresh_token   [  21% ] 005/202 VUs  06m26.7s/30m0s  600.00 iters/s

running (06m27.7s), 006/202 VUs, 231157 complete and 0 interrupted iterations
cap_refresh_token   [  22% ] 006/202 VUs  06m27.7s/30m0s  600.00 iters/s

running (06m28.7s), 009/202 VUs, 231754 complete and 0 interrupted iterations
cap_refresh_token   [  22% ] 009/202 VUs  06m28.7s/30m0s  600.00 iters/s

running (06m29.7s), 013/202 VUs, 232349 complete and 0 interrupted iterations
cap_refresh_token   [  22% ] 013/202 VUs  06m29.7s/30m0s  600.00 iters/s

running (06m30.7s), 004/202 VUs, 232958 complete and 0 interrupted iterations
cap_refresh_token   [  22% ] 004/202 VUs  06m30.7s/30m0s  600.00 iters/s

running (06m31.7s), 008/202 VUs, 233554 complete and 0 interrupted iterations
cap_refresh_token   [  22% ] 008/202 VUs  06m31.7s/30m0s  600.00 iters/s

running (06m32.7s), 005/202 VUs, 234158 complete and 0 interrupted iterations
cap_refresh_token   [  22% ] 005/202 VUs  06m32.7s/30m0s  600.00 iters/s

running (06m33.7s), 007/202 VUs, 234756 complete and 0 interrupted iterations
cap_refresh_token   [  22% ] 007/202 VUs  06m33.7s/30m0s  600.00 iters/s

running (06m34.7s), 011/202 VUs, 235351 complete and 0 interrupted iterations
cap_refresh_token   [  22% ] 011/202 VUs  06m34.7s/30m0s  600.00 iters/s

running (06m35.7s), 007/202 VUs, 235956 complete and 0 interrupted iterations
cap_refresh_token   [  22% ] 007/202 VUs  06m35.7s/30m0s  600.00 iters/s

running (06m36.7s), 010/202 VUs, 236553 complete and 0 interrupted iterations
cap_refresh_token   [  22% ] 010/202 VUs  06m36.7s/30m0s  600.00 iters/s

running (06m37.7s), 006/202 VUs, 237157 complete and 0 interrupted iterations
cap_refresh_token   [  22% ] 006/202 VUs  06m37.7s/30m0s  600.00 iters/s

running (06m38.7s), 005/202 VUs, 237757 complete and 0 interrupted iterations
cap_refresh_token   [  22% ] 005/202 VUs  06m38.7s/30m0s  600.00 iters/s

running (06m39.7s), 004/202 VUs, 238359 complete and 0 interrupted iterations
cap_refresh_token   [  22% ] 004/202 VUs  06m39.7s/30m0s  600.00 iters/s

running (06m40.7s), 006/202 VUs, 238956 complete and 0 interrupted iterations
cap_refresh_token   [  22% ] 006/202 VUs  06m40.7s/30m0s  600.00 iters/s

running (06m41.7s), 018/202 VUs, 239544 complete and 0 interrupted iterations
cap_refresh_token   [  22% ] 018/202 VUs  06m41.7s/30m0s  600.00 iters/s

running (06m42.7s), 006/202 VUs, 240157 complete and 0 interrupted iterations
cap_refresh_token   [  22% ] 006/202 VUs  06m42.7s/30m0s  600.00 iters/s

running (06m43.7s), 005/202 VUs, 240757 complete and 0 interrupted iterations
cap_refresh_token   [  22% ] 005/202 VUs  06m43.7s/30m0s  600.00 iters/s

running (06m44.7s), 004/202 VUs, 241358 complete and 0 interrupted iterations
cap_refresh_token   [  22% ] 004/202 VUs  06m44.7s/30m0s  600.00 iters/s

running (06m45.7s), 005/202 VUs, 241957 complete and 0 interrupted iterations
cap_refresh_token   [  23% ] 005/202 VUs  06m45.7s/30m0s  600.00 iters/s

running (06m46.7s), 007/202 VUs, 242556 complete and 0 interrupted iterations
cap_refresh_token   [  23% ] 007/202 VUs  06m46.7s/30m0s  600.00 iters/s

running (06m47.7s), 006/202 VUs, 243157 complete and 0 interrupted iterations
cap_refresh_token   [  23% ] 006/202 VUs  06m47.7s/30m0s  600.00 iters/s

running (06m48.7s), 005/202 VUs, 243758 complete and 0 interrupted iterations
cap_refresh_token   [  23% ] 005/202 VUs  06m48.7s/30m0s  600.00 iters/s

running (06m49.7s), 006/202 VUs, 244357 complete and 0 interrupted iterations
cap_refresh_token   [  23% ] 006/202 VUs  06m49.7s/30m0s  600.00 iters/s

running (06m50.7s), 003/202 VUs, 244959 complete and 0 interrupted iterations
cap_refresh_token   [  23% ] 003/202 VUs  06m50.7s/30m0s  600.00 iters/s

running (06m51.7s), 007/202 VUs, 245556 complete and 0 interrupted iterations
cap_refresh_token   [  23% ] 007/202 VUs  06m51.7s/30m0s  600.00 iters/s

running (06m52.7s), 005/202 VUs, 246158 complete and 0 interrupted iterations
cap_refresh_token   [  23% ] 005/202 VUs  06m52.7s/30m0s  600.00 iters/s

running (06m53.7s), 006/202 VUs, 246756 complete and 0 interrupted iterations
cap_refresh_token   [  23% ] 006/202 VUs  06m53.7s/30m0s  600.00 iters/s

running (06m54.7s), 005/202 VUs, 247358 complete and 0 interrupted iterations
cap_refresh_token   [  23% ] 005/202 VUs  06m54.7s/30m0s  600.00 iters/s

running (06m55.7s), 005/202 VUs, 247957 complete and 0 interrupted iterations
cap_refresh_token   [  23% ] 005/202 VUs  06m55.7s/30m0s  600.00 iters/s

running (06m56.7s), 006/202 VUs, 248556 complete and 0 interrupted iterations
cap_refresh_token   [  23% ] 006/202 VUs  06m56.7s/30m0s  600.00 iters/s

running (06m57.7s), 007/202 VUs, 249156 complete and 0 interrupted iterations
cap_refresh_token   [  23% ] 007/202 VUs  06m57.7s/30m0s  600.00 iters/s

running (06m58.7s), 006/202 VUs, 249756 complete and 0 interrupted iterations
cap_refresh_token   [  23% ] 006/202 VUs  06m58.7s/30m0s  600.00 iters/s

running (06m59.7s), 006/202 VUs, 250357 complete and 0 interrupted iterations
cap_refresh_token   [  23% ] 006/202 VUs  06m59.7s/30m0s  600.00 iters/s

running (07m00.7s), 006/202 VUs, 250956 complete and 0 interrupted iterations
cap_refresh_token   [  23% ] 006/202 VUs  07m00.7s/30m0s  600.00 iters/s

running (07m01.7s), 006/202 VUs, 251557 complete and 0 interrupted iterations
cap_refresh_token   [  23% ] 006/202 VUs  07m01.7s/30m0s  600.00 iters/s

running (07m02.7s), 006/202 VUs, 252157 complete and 0 interrupted iterations
cap_refresh_token   [  23% ] 006/202 VUs  07m02.7s/30m0s  600.00 iters/s

running (07m03.7s), 004/202 VUs, 252758 complete and 0 interrupted iterations
cap_refresh_token   [  24% ] 004/202 VUs  07m03.7s/30m0s  600.00 iters/s

running (07m04.7s), 007/202 VUs, 253356 complete and 0 interrupted iterations
cap_refresh_token   [  24% ] 007/202 VUs  07m04.7s/30m0s  600.00 iters/s

running (07m05.7s), 006/202 VUs, 253957 complete and 0 interrupted iterations
cap_refresh_token   [  24% ] 006/202 VUs  07m05.7s/30m0s  600.00 iters/s

running (07m06.7s), 004/202 VUs, 254558 complete and 0 interrupted iterations
cap_refresh_token   [  24% ] 004/202 VUs  07m06.7s/30m0s  600.00 iters/s

running (07m07.7s), 005/202 VUs, 255158 complete and 0 interrupted iterations
cap_refresh_token   [  24% ] 005/202 VUs  07m07.7s/30m0s  600.00 iters/s

running (07m08.7s), 006/202 VUs, 255757 complete and 0 interrupted iterations
cap_refresh_token   [  24% ] 006/202 VUs  07m08.7s/30m0s  600.00 iters/s

running (07m09.7s), 003/202 VUs, 256359 complete and 0 interrupted iterations
cap_refresh_token   [  24% ] 003/202 VUs  07m09.7s/30m0s  600.00 iters/s

running (07m10.7s), 088/202 VUs, 256875 complete and 0 interrupted iterations
cap_refresh_token   [  24% ] 088/202 VUs  07m10.7s/30m0s  600.00 iters/s

running (07m11.7s), 006/202 VUs, 257556 complete and 0 interrupted iterations
cap_refresh_token   [  24% ] 006/202 VUs  07m11.7s/30m0s  600.00 iters/s

running (07m12.7s), 008/202 VUs, 258154 complete and 0 interrupted iterations
cap_refresh_token   [  24% ] 008/202 VUs  07m12.7s/30m0s  600.00 iters/s

running (07m13.7s), 004/202 VUs, 258758 complete and 0 interrupted iterations
cap_refresh_token   [  24% ] 004/202 VUs  07m13.7s/30m0s  600.00 iters/s

running (07m14.7s), 006/202 VUs, 259357 complete and 0 interrupted iterations
cap_refresh_token   [  24% ] 006/202 VUs  07m14.7s/30m0s  600.00 iters/s

running (07m15.7s), 006/202 VUs, 259957 complete and 0 interrupted iterations
cap_refresh_token   [  24% ] 006/202 VUs  07m15.7s/30m0s  600.00 iters/s

running (07m16.7s), 005/202 VUs, 260558 complete and 0 interrupted iterations
cap_refresh_token   [  24% ] 005/202 VUs  07m16.7s/30m0s  600.00 iters/s

running (07m17.7s), 007/202 VUs, 261156 complete and 0 interrupted iterations
cap_refresh_token   [  24% ] 007/202 VUs  07m17.7s/30m0s  600.00 iters/s

running (07m18.7s), 014/202 VUs, 261749 complete and 0 interrupted iterations
cap_refresh_token   [  24% ] 014/202 VUs  07m18.7s/30m0s  600.00 iters/s

running (07m19.7s), 005/202 VUs, 262357 complete and 0 interrupted iterations
cap_refresh_token   [  24% ] 005/202 VUs  07m19.7s/30m0s  600.00 iters/s

running (07m20.7s), 006/202 VUs, 262957 complete and 0 interrupted iterations
cap_refresh_token   [  24% ] 006/202 VUs  07m20.7s/30m0s  600.00 iters/s

running (07m21.7s), 010/202 VUs, 263552 complete and 0 interrupted iterations
cap_refresh_token   [  25% ] 010/202 VUs  07m21.7s/30m0s  600.00 iters/s

running (07m22.7s), 004/202 VUs, 264158 complete and 0 interrupted iterations
cap_refresh_token   [  25% ] 005/202 VUs  07m22.7s/30m0s  600.00 iters/s

running (07m23.7s), 006/202 VUs, 264757 complete and 0 interrupted iterations
cap_refresh_token   [  25% ] 006/202 VUs  07m23.7s/30m0s  600.00 iters/s

running (07m24.7s), 045/202 VUs, 265318 complete and 0 interrupted iterations
cap_refresh_token   [  25% ] 045/202 VUs  07m24.7s/30m0s  600.00 iters/s

running (07m25.7s), 013/202 VUs, 265950 complete and 0 interrupted iterations
cap_refresh_token   [  25% ] 013/202 VUs  07m25.7s/30m0s  600.00 iters/s

running (07m26.7s), 005/202 VUs, 266557 complete and 0 interrupted iterations
cap_refresh_token   [  25% ] 005/202 VUs  07m26.7s/30m0s  600.00 iters/s

running (07m27.7s), 004/202 VUs, 267158 complete and 0 interrupted iterations
cap_refresh_token   [  25% ] 004/202 VUs  07m27.7s/30m0s  600.00 iters/s

running (07m28.7s), 005/202 VUs, 267757 complete and 0 interrupted iterations
cap_refresh_token   [  25% ] 006/202 VUs  07m28.7s/30m0s  600.00 iters/s

running (07m29.7s), 005/202 VUs, 268358 complete and 0 interrupted iterations
cap_refresh_token   [  25% ] 005/202 VUs  07m29.7s/30m0s  600.00 iters/s

running (07m30.7s), 006/202 VUs, 268957 complete and 0 interrupted iterations
cap_refresh_token   [  25% ] 006/202 VUs  07m30.7s/30m0s  600.00 iters/s

running (07m31.7s), 004/202 VUs, 269558 complete and 0 interrupted iterations
cap_refresh_token   [  25% ] 004/202 VUs  07m31.7s/30m0s  600.00 iters/s

running (07m32.7s), 006/202 VUs, 270156 complete and 0 interrupted iterations
cap_refresh_token   [  25% ] 006/202 VUs  07m32.7s/30m0s  600.00 iters/s

running (07m33.7s), 020/202 VUs, 270743 complete and 0 interrupted iterations
cap_refresh_token   [  25% ] 020/202 VUs  07m33.7s/30m0s  600.00 iters/s

running (07m34.7s), 005/202 VUs, 271358 complete and 0 interrupted iterations
cap_refresh_token   [  25% ] 005/202 VUs  07m34.7s/30m0s  600.00 iters/s

running (07m35.7s), 005/202 VUs, 271958 complete and 0 interrupted iterations
cap_refresh_token   [  25% ] 005/202 VUs  07m35.7s/30m0s  600.00 iters/s

running (07m36.7s), 006/202 VUs, 272557 complete and 0 interrupted iterations
cap_refresh_token   [  25% ] 006/202 VUs  07m36.7s/30m0s  600.00 iters/s

running (07m37.7s), 006/202 VUs, 273157 complete and 0 interrupted iterations
cap_refresh_token   [  25% ] 006/202 VUs  07m37.7s/30m0s  600.00 iters/s

running (07m38.7s), 008/202 VUs, 273755 complete and 0 interrupted iterations
cap_refresh_token   [  25% ] 008/202 VUs  07m38.7s/30m0s  600.00 iters/s

running (07m39.7s), 005/202 VUs, 274358 complete and 0 interrupted iterations
cap_refresh_token   [  26% ] 005/202 VUs  07m39.7s/30m0s  600.00 iters/s

running (07m40.7s), 005/202 VUs, 274957 complete and 0 interrupted iterations
cap_refresh_token   [  26% ] 005/202 VUs  07m40.7s/30m0s  600.00 iters/s

running (07m41.7s), 007/202 VUs, 275556 complete and 0 interrupted iterations
cap_refresh_token   [  26% ] 007/202 VUs  07m41.7s/30m0s  600.00 iters/s

running (07m42.7s), 006/202 VUs, 276157 complete and 0 interrupted iterations
cap_refresh_token   [  26% ] 006/202 VUs  07m42.7s/30m0s  600.00 iters/s

running (07m43.7s), 006/202 VUs, 276757 complete and 0 interrupted iterations
cap_refresh_token   [  26% ] 006/202 VUs  07m43.7s/30m0s  600.00 iters/s

running (07m44.7s), 033/202 VUs, 277330 complete and 0 interrupted iterations
cap_refresh_token   [  26% ] 033/202 VUs  07m44.7s/30m0s  600.00 iters/s

running (07m45.7s), 006/202 VUs, 277956 complete and 0 interrupted iterations
cap_refresh_token   [  26% ] 006/202 VUs  07m45.7s/30m0s  600.00 iters/s

running (07m46.7s), 010/202 VUs, 278553 complete and 0 interrupted iterations
cap_refresh_token   [  26% ] 010/202 VUs  07m46.7s/30m0s  600.00 iters/s

running (07m47.7s), 005/202 VUs, 279157 complete and 0 interrupted iterations
cap_refresh_token   [  26% ] 005/202 VUs  07m47.7s/30m0s  600.00 iters/s

running (07m48.7s), 004/202 VUs, 279758 complete and 0 interrupted iterations
cap_refresh_token   [  26% ] 004/202 VUs  07m48.7s/30m0s  600.00 iters/s

running (07m49.7s), 007/202 VUs, 280356 complete and 0 interrupted iterations
cap_refresh_token   [  26% ] 007/202 VUs  07m49.7s/30m0s  600.00 iters/s

running (07m50.7s), 006/202 VUs, 280956 complete and 0 interrupted iterations
cap_refresh_token   [  26% ] 006/202 VUs  07m50.7s/30m0s  600.00 iters/s

running (07m51.7s), 005/202 VUs, 281558 complete and 0 interrupted iterations
cap_refresh_token   [  26% ] 005/202 VUs  07m51.7s/30m0s  600.00 iters/s

running (07m52.7s), 004/202 VUs, 282158 complete and 0 interrupted iterations
cap_refresh_token   [  26% ] 004/202 VUs  07m52.7s/30m0s  600.00 iters/s

running (07m53.7s), 006/202 VUs, 282757 complete and 0 interrupted iterations
cap_refresh_token   [  26% ] 006/202 VUs  07m53.7s/30m0s  600.00 iters/s

running (07m54.7s), 007/202 VUs, 283355 complete and 0 interrupted iterations
cap_refresh_token   [  26% ] 007/202 VUs  07m54.7s/30m0s  600.00 iters/s

running (07m55.7s), 005/202 VUs, 283957 complete and 0 interrupted iterations
cap_refresh_token   [  26% ] 005/202 VUs  07m55.7s/30m0s  600.00 iters/s

running (07m56.7s), 005/202 VUs, 284557 complete and 0 interrupted iterations
cap_refresh_token   [  26% ] 005/202 VUs  07m56.7s/30m0s  600.00 iters/s

running (07m57.7s), 005/202 VUs, 285157 complete and 0 interrupted iterations
cap_refresh_token   [  27% ] 005/202 VUs  07m57.7s/30m0s  600.00 iters/s

running (07m58.7s), 011/202 VUs, 285752 complete and 0 interrupted iterations
cap_refresh_token   [  27% ] 011/202 VUs  07m58.7s/30m0s  600.00 iters/s

running (07m59.7s), 005/202 VUs, 286358 complete and 0 interrupted iterations
cap_refresh_token   [  27% ] 005/202 VUs  07m59.7s/30m0s  600.00 iters/s

running (08m00.7s), 005/202 VUs, 286958 complete and 0 interrupted iterations
cap_refresh_token   [  27% ] 005/202 VUs  08m00.7s/30m0s  600.00 iters/s

running (08m01.7s), 015/202 VUs, 287548 complete and 0 interrupted iterations
cap_refresh_token   [  27% ] 015/202 VUs  08m01.7s/30m0s  600.00 iters/s

running (08m02.7s), 004/202 VUs, 288158 complete and 0 interrupted iterations
cap_refresh_token   [  27% ] 004/202 VUs  08m02.7s/30m0s  600.00 iters/s

running (08m03.7s), 003/202 VUs, 288759 complete and 0 interrupted iterations
cap_refresh_token   [  27% ] 003/202 VUs  08m03.7s/30m0s  600.00 iters/s

running (08m04.7s), 009/202 VUs, 289353 complete and 0 interrupted iterations
cap_refresh_token   [  27% ] 009/202 VUs  08m04.7s/30m0s  600.00 iters/s

running (08m05.7s), 004/202 VUs, 289959 complete and 0 interrupted iterations
cap_refresh_token   [  27% ] 004/202 VUs  08m05.7s/30m0s  600.00 iters/s

running (08m06.7s), 005/202 VUs, 290557 complete and 0 interrupted iterations
cap_refresh_token   [  27% ] 005/202 VUs  08m06.7s/30m0s  600.00 iters/s

running (08m07.7s), 003/202 VUs, 291159 complete and 0 interrupted iterations
cap_refresh_token   [  27% ] 003/202 VUs  08m07.7s/30m0s  600.00 iters/s

running (08m08.7s), 006/202 VUs, 291756 complete and 0 interrupted iterations
cap_refresh_token   [  27% ] 006/202 VUs  08m08.7s/30m0s  600.00 iters/s

running (08m09.7s), 004/202 VUs, 292359 complete and 0 interrupted iterations
cap_refresh_token   [  27% ] 004/202 VUs  08m09.7s/30m0s  600.00 iters/s

running (08m10.7s), 006/202 VUs, 292957 complete and 0 interrupted iterations
cap_refresh_token   [  27% ] 006/202 VUs  08m10.7s/30m0s  600.00 iters/s

running (08m11.7s), 005/202 VUs, 293558 complete and 0 interrupted iterations
cap_refresh_token   [  27% ] 005/202 VUs  08m11.7s/30m0s  600.00 iters/s

running (08m12.7s), 012/202 VUs, 294150 complete and 0 interrupted iterations
cap_refresh_token   [  27% ] 012/202 VUs  08m12.7s/30m0s  600.00 iters/s

running (08m13.7s), 006/202 VUs, 294757 complete and 0 interrupted iterations
cap_refresh_token   [  27% ] 006/202 VUs  08m13.7s/30m0s  600.00 iters/s

running (08m14.7s), 006/202 VUs, 295357 complete and 0 interrupted iterations
cap_refresh_token   [  27% ] 006/202 VUs  08m14.7s/30m0s  600.00 iters/s

running (08m15.7s), 008/202 VUs, 295955 complete and 0 interrupted iterations
cap_refresh_token   [  28% ] 008/202 VUs  08m15.7s/30m0s  600.00 iters/s

running (08m16.7s), 009/202 VUs, 296554 complete and 0 interrupted iterations
cap_refresh_token   [  28% ] 009/202 VUs  08m16.7s/30m0s  600.00 iters/s

running (08m17.7s), 005/202 VUs, 297157 complete and 0 interrupted iterations
cap_refresh_token   [  28% ] 005/202 VUs  08m17.7s/30m0s  600.00 iters/s

running (08m18.7s), 007/202 VUs, 297756 complete and 0 interrupted iterations
cap_refresh_token   [  28% ] 007/202 VUs  08m18.7s/30m0s  600.00 iters/s

running (08m19.7s), 009/202 VUs, 298354 complete and 0 interrupted iterations
cap_refresh_token   [  28% ] 009/202 VUs  08m19.7s/30m0s  600.00 iters/s

running (08m20.7s), 007/202 VUs, 298956 complete and 0 interrupted iterations
cap_refresh_token   [  28% ] 007/202 VUs  08m20.7s/30m0s  600.00 iters/s

running (08m21.7s), 005/202 VUs, 299560 complete and 0 interrupted iterations
cap_refresh_token   [  28% ] 005/202 VUs  08m21.7s/30m0s  600.00 iters/s

running (08m22.7s), 008/202 VUs, 300155 complete and 0 interrupted iterations
cap_refresh_token   [  28% ] 008/202 VUs  08m22.7s/30m0s  600.00 iters/s

running (08m23.7s), 027/202 VUs, 300736 complete and 0 interrupted iterations
cap_refresh_token   [  28% ] 027/202 VUs  08m23.7s/30m0s  600.00 iters/s

running (08m24.7s), 006/202 VUs, 301357 complete and 0 interrupted iterations
cap_refresh_token   [  28% ] 006/202 VUs  08m24.7s/30m0s  600.00 iters/s

running (08m25.7s), 023/202 VUs, 301940 complete and 0 interrupted iterations
cap_refresh_token   [  28% ] 023/202 VUs  08m25.7s/30m0s  600.00 iters/s

running (08m26.7s), 006/202 VUs, 302557 complete and 0 interrupted iterations
cap_refresh_token   [  28% ] 006/202 VUs  08m26.7s/30m0s  600.00 iters/s

running (08m27.7s), 005/202 VUs, 303157 complete and 0 interrupted iterations
cap_refresh_token   [  28% ] 005/202 VUs  08m27.7s/30m0s  600.00 iters/s

running (08m28.7s), 032/202 VUs, 303731 complete and 0 interrupted iterations
cap_refresh_token   [  28% ] 032/202 VUs  08m28.7s/30m0s  600.00 iters/s

running (08m29.7s), 035/202 VUs, 304327 complete and 0 interrupted iterations
cap_refresh_token   [  28% ] 035/202 VUs  08m29.7s/30m0s  600.00 iters/s

running (08m30.7s), 007/202 VUs, 304956 complete and 0 interrupted iterations
cap_refresh_token   [  28% ] 007/202 VUs  08m30.7s/30m0s  600.00 iters/s

running (08m31.7s), 008/202 VUs, 305555 complete and 0 interrupted iterations
cap_refresh_token   [  28% ] 008/202 VUs  08m31.7s/30m0s  600.00 iters/s

running (08m32.7s), 006/202 VUs, 306157 complete and 0 interrupted iterations
cap_refresh_token   [  28% ] 006/202 VUs  08m32.7s/30m0s  600.00 iters/s

running (08m33.7s), 008/202 VUs, 306755 complete and 0 interrupted iterations
cap_refresh_token   [  29% ] 008/202 VUs  08m33.7s/30m0s  600.00 iters/s

running (08m34.7s), 005/202 VUs, 307358 complete and 0 interrupted iterations
cap_refresh_token   [  29% ] 005/202 VUs  08m34.7s/30m0s  600.00 iters/s

running (08m35.7s), 011/202 VUs, 307952 complete and 0 interrupted iterations
cap_refresh_token   [  29% ] 011/202 VUs  08m35.7s/30m0s  600.00 iters/s

running (08m36.7s), 006/202 VUs, 308557 complete and 0 interrupted iterations
cap_refresh_token   [  29% ] 006/202 VUs  08m36.7s/30m0s  600.00 iters/s

running (08m37.7s), 007/202 VUs, 309156 complete and 0 interrupted iterations
cap_refresh_token   [  29% ] 007/202 VUs  08m37.7s/30m0s  600.00 iters/s

running (08m38.7s), 029/202 VUs, 309734 complete and 0 interrupted iterations
cap_refresh_token   [  29% ] 029/202 VUs  08m38.7s/30m0s  600.00 iters/s

running (08m39.7s), 005/202 VUs, 310357 complete and 0 interrupted iterations
cap_refresh_token   [  29% ] 005/202 VUs  08m39.7s/30m0s  600.00 iters/s

running (08m40.7s), 005/202 VUs, 310957 complete and 0 interrupted iterations
cap_refresh_token   [  29% ] 005/202 VUs  08m40.7s/30m0s  600.00 iters/s

running (08m41.7s), 004/202 VUs, 311559 complete and 0 interrupted iterations
cap_refresh_token   [  29% ] 004/202 VUs  08m41.7s/30m0s  600.00 iters/s

running (08m42.7s), 004/202 VUs, 312158 complete and 0 interrupted iterations
cap_refresh_token   [  29% ] 004/202 VUs  08m42.7s/30m0s  600.00 iters/s

running (08m43.7s), 008/202 VUs, 312754 complete and 0 interrupted iterations
cap_refresh_token   [  29% ] 008/202 VUs  08m43.7s/30m0s  600.00 iters/s

running (08m44.7s), 006/202 VUs, 313357 complete and 0 interrupted iterations
cap_refresh_token   [  29% ] 006/202 VUs  08m44.7s/30m0s  600.00 iters/s

running (08m45.7s), 006/202 VUs, 313956 complete and 0 interrupted iterations
cap_refresh_token   [  29% ] 006/202 VUs  08m45.7s/30m0s  600.00 iters/s

running (08m46.7s), 004/202 VUs, 314558 complete and 0 interrupted iterations
cap_refresh_token   [  29% ] 004/202 VUs  08m46.7s/30m0s  600.00 iters/s

running (08m47.7s), 006/202 VUs, 315157 complete and 0 interrupted iterations
cap_refresh_token   [  29% ] 006/202 VUs  08m47.7s/30m0s  600.00 iters/s

running (08m48.7s), 006/202 VUs, 315757 complete and 0 interrupted iterations
cap_refresh_token   [  29% ] 006/202 VUs  08m48.7s/30m0s  600.00 iters/s

running (08m49.7s), 013/202 VUs, 316350 complete and 0 interrupted iterations
cap_refresh_token   [  29% ] 013/202 VUs  08m49.7s/30m0s  600.00 iters/s

running (08m50.7s), 006/202 VUs, 316957 complete and 0 interrupted iterations
cap_refresh_token   [  29% ] 006/202 VUs  08m50.7s/30m0s  600.00 iters/s

running (08m51.7s), 006/202 VUs, 317557 complete and 0 interrupted iterations
cap_refresh_token   [  30% ] 006/202 VUs  08m51.7s/30m0s  600.00 iters/s

running (08m52.7s), 005/202 VUs, 318158 complete and 0 interrupted iterations
cap_refresh_token   [  30% ] 005/202 VUs  08m52.7s/30m0s  600.00 iters/s

running (08m53.7s), 006/202 VUs, 318757 complete and 0 interrupted iterations
cap_refresh_token   [  30% ] 006/202 VUs  08m53.7s/30m0s  600.00 iters/s

running (08m54.7s), 010/202 VUs, 319352 complete and 0 interrupted iterations
cap_refresh_token   [  30% ] 011/202 VUs  08m54.7s/30m0s  600.00 iters/s

running (08m55.7s), 006/202 VUs, 319957 complete and 0 interrupted iterations
cap_refresh_token   [  30% ] 006/202 VUs  08m55.7s/30m0s  600.00 iters/s

running (08m56.7s), 004/202 VUs, 320559 complete and 0 interrupted iterations
cap_refresh_token   [  30% ] 004/202 VUs  08m56.7s/30m0s  600.00 iters/s

running (08m57.7s), 005/202 VUs, 321158 complete and 0 interrupted iterations
cap_refresh_token   [  30% ] 005/202 VUs  08m57.7s/30m0s  600.00 iters/s

running (08m58.7s), 012/202 VUs, 321751 complete and 0 interrupted iterations
cap_refresh_token   [  30% ] 012/202 VUs  08m58.7s/30m0s  600.00 iters/s

running (08m59.7s), 005/202 VUs, 322358 complete and 0 interrupted iterations
cap_refresh_token   [  30% ] 005/202 VUs  08m59.7s/30m0s  600.00 iters/s

running (09m00.7s), 005/202 VUs, 322957 complete and 0 interrupted iterations
cap_refresh_token   [  30% ] 005/202 VUs  09m00.7s/30m0s  600.00 iters/s

running (09m01.7s), 006/202 VUs, 323557 complete and 0 interrupted iterations
cap_refresh_token   [  30% ] 006/202 VUs  09m01.7s/30m0s  600.00 iters/s

running (09m02.7s), 013/202 VUs, 324150 complete and 0 interrupted iterations
cap_refresh_token   [  30% ] 013/202 VUs  09m02.7s/30m0s  600.00 iters/s

running (09m03.7s), 053/202 VUs, 324710 complete and 0 interrupted iterations
cap_refresh_token   [  30% ] 053/202 VUs  09m03.7s/30m0s  600.00 iters/s

running (09m04.7s), 008/202 VUs, 325355 complete and 0 interrupted iterations
cap_refresh_token   [  30% ] 008/202 VUs  09m04.7s/30m0s  600.00 iters/s

running (09m05.7s), 006/202 VUs, 325957 complete and 0 interrupted iterations
cap_refresh_token   [  30% ] 006/202 VUs  09m05.7s/30m0s  600.00 iters/s

running (09m06.7s), 011/202 VUs, 326552 complete and 0 interrupted iterations
cap_refresh_token   [  30% ] 011/202 VUs  09m06.7s/30m0s  600.00 iters/s

running (09m07.7s), 004/202 VUs, 327158 complete and 0 interrupted iterations
cap_refresh_token   [  30% ] 004/202 VUs  09m07.7s/30m0s  600.00 iters/s

running (09m08.7s), 005/202 VUs, 327758 complete and 0 interrupted iterations
cap_refresh_token   [  30% ] 005/202 VUs  09m08.7s/30m0s  600.00 iters/s

running (09m09.7s), 008/202 VUs, 328354 complete and 0 interrupted iterations
cap_refresh_token   [  31% ] 009/202 VUs  09m09.7s/30m0s  600.00 iters/s

running (09m10.7s), 007/202 VUs, 328956 complete and 0 interrupted iterations
cap_refresh_token   [  31% ] 007/202 VUs  09m10.7s/30m0s  600.00 iters/s

running (09m11.7s), 005/202 VUs, 329558 complete and 0 interrupted iterations
cap_refresh_token   [  31% ] 005/202 VUs  09m11.7s/30m0s  600.00 iters/s

running (09m12.7s), 005/202 VUs, 330157 complete and 0 interrupted iterations
cap_refresh_token   [  31% ] 006/202 VUs  09m12.7s/30m0s  600.00 iters/s

running (09m13.7s), 006/202 VUs, 330756 complete and 0 interrupted iterations
cap_refresh_token   [  31% ] 006/202 VUs  09m13.7s/30m0s  600.00 iters/s

running (09m14.7s), 006/202 VUs, 331356 complete and 0 interrupted iterations
cap_refresh_token   [  31% ] 007/202 VUs  09m14.7s/30m0s  600.00 iters/s

running (09m15.7s), 004/202 VUs, 331959 complete and 0 interrupted iterations
cap_refresh_token   [  31% ] 004/202 VUs  09m15.7s/30m0s  600.00 iters/s

running (09m16.7s), 006/202 VUs, 332557 complete and 0 interrupted iterations
cap_refresh_token   [  31% ] 006/202 VUs  09m16.7s/30m0s  600.00 iters/s

running (09m17.7s), 004/202 VUs, 333158 complete and 0 interrupted iterations
cap_refresh_token   [  31% ] 004/202 VUs  09m17.7s/30m0s  600.00 iters/s

running (09m18.7s), 005/202 VUs, 333757 complete and 0 interrupted iterations
cap_refresh_token   [  31% ] 006/202 VUs  09m18.7s/30m0s  600.00 iters/s

running (09m19.7s), 010/202 VUs, 334353 complete and 0 interrupted iterations
cap_refresh_token   [  31% ] 010/202 VUs  09m19.7s/30m0s  600.00 iters/s

running (09m20.7s), 007/202 VUs, 334956 complete and 0 interrupted iterations
cap_refresh_token   [  31% ] 007/202 VUs  09m20.7s/30m0s  600.00 iters/s

running (09m21.7s), 005/202 VUs, 335557 complete and 0 interrupted iterations
cap_refresh_token   [  31% ] 005/202 VUs  09m21.7s/30m0s  600.00 iters/s

running (09m22.7s), 006/202 VUs, 336157 complete and 0 interrupted iterations
cap_refresh_token   [  31% ] 006/202 VUs  09m22.7s/30m0s  600.00 iters/s

running (09m23.7s), 049/202 VUs, 336714 complete and 0 interrupted iterations
cap_refresh_token   [  31% ] 049/202 VUs  09m23.7s/30m0s  600.00 iters/s

running (09m24.7s), 006/202 VUs, 337357 complete and 0 interrupted iterations
cap_refresh_token   [  31% ] 006/202 VUs  09m24.7s/30m0s  600.00 iters/s

running (09m25.7s), 006/202 VUs, 337957 complete and 0 interrupted iterations
cap_refresh_token   [  31% ] 006/202 VUs  09m25.7s/30m0s  600.00 iters/s

running (09m26.7s), 013/202 VUs, 338550 complete and 0 interrupted iterations
cap_refresh_token   [  31% ] 013/202 VUs  09m26.7s/30m0s  600.00 iters/s

running (09m27.7s), 005/202 VUs, 339158 complete and 0 interrupted iterations
cap_refresh_token   [  32% ] 005/202 VUs  09m27.7s/30m0s  600.00 iters/s

running (09m28.7s), 006/202 VUs, 339757 complete and 0 interrupted iterations
cap_refresh_token   [  32% ] 006/202 VUs  09m28.7s/30m0s  600.00 iters/s

running (09m29.7s), 006/202 VUs, 340357 complete and 0 interrupted iterations
cap_refresh_token   [  32% ] 006/202 VUs  09m29.7s/30m0s  600.00 iters/s

running (09m30.7s), 004/202 VUs, 340959 complete and 0 interrupted iterations
cap_refresh_token   [  32% ] 004/202 VUs  09m30.7s/30m0s  600.00 iters/s

running (09m31.7s), 006/202 VUs, 341557 complete and 0 interrupted iterations
cap_refresh_token   [  32% ] 006/202 VUs  09m31.7s/30m0s  600.00 iters/s

running (09m32.7s), 007/202 VUs, 342156 complete and 0 interrupted iterations
cap_refresh_token   [  32% ] 007/202 VUs  09m32.7s/30m0s  600.00 iters/s

running (09m33.7s), 004/202 VUs, 342758 complete and 0 interrupted iterations
cap_refresh_token   [  32% ] 004/202 VUs  09m33.7s/30m0s  600.00 iters/s

running (09m34.7s), 003/202 VUs, 343359 complete and 0 interrupted iterations
cap_refresh_token   [  32% ] 003/202 VUs  09m34.7s/30m0s  600.00 iters/s

running (09m35.7s), 006/202 VUs, 343957 complete and 0 interrupted iterations
cap_refresh_token   [  32% ] 006/202 VUs  09m35.7s/30m0s  600.00 iters/s

running (09m36.7s), 006/202 VUs, 344557 complete and 0 interrupted iterations
cap_refresh_token   [  32% ] 006/202 VUs  09m36.7s/30m0s  600.00 iters/s

running (09m37.7s), 006/202 VUs, 345157 complete and 0 interrupted iterations
cap_refresh_token   [  32% ] 006/202 VUs  09m37.7s/30m0s  600.00 iters/s

running (09m38.7s), 007/202 VUs, 345756 complete and 0 interrupted iterations
cap_refresh_token   [  32% ] 007/202 VUs  09m38.7s/30m0s  600.00 iters/s

running (09m39.7s), 004/202 VUs, 346358 complete and 0 interrupted iterations
cap_refresh_token   [  32% ] 004/202 VUs  09m39.7s/30m0s  600.00 iters/s

running (09m40.7s), 007/202 VUs, 346956 complete and 0 interrupted iterations
cap_refresh_token   [  32% ] 007/202 VUs  09m40.7s/30m0s  600.00 iters/s

running (09m41.7s), 006/202 VUs, 347556 complete and 0 interrupted iterations
cap_refresh_token   [  32% ] 007/202 VUs  09m41.7s/30m0s  600.00 iters/s

running (09m42.7s), 037/202 VUs, 348132 complete and 0 interrupted iterations
cap_refresh_token   [  32% ] 037/202 VUs  09m42.7s/30m0s  600.00 iters/s

running (09m43.7s), 007/202 VUs, 348755 complete and 0 interrupted iterations
cap_refresh_token   [  32% ] 008/202 VUs  09m43.7s/30m0s  600.00 iters/s

running (09m44.7s), 009/202 VUs, 349353 complete and 0 interrupted iterations
cap_refresh_token   [  32% ] 009/202 VUs  09m44.7s/30m0s  600.00 iters/s

running (09m45.7s), 007/202 VUs, 349956 complete and 0 interrupted iterations
cap_refresh_token   [  33% ] 007/202 VUs  09m45.7s/30m0s  600.00 iters/s

running (09m46.7s), 006/202 VUs, 350557 complete and 0 interrupted iterations
cap_refresh_token   [  33% ] 006/202 VUs  09m46.7s/30m0s  600.00 iters/s

running (09m47.7s), 012/202 VUs, 351151 complete and 0 interrupted iterations
cap_refresh_token   [  33% ] 012/202 VUs  09m47.7s/30m0s  600.00 iters/s

running (09m48.7s), 005/202 VUs, 351757 complete and 0 interrupted iterations
cap_refresh_token   [  33% ] 005/202 VUs  09m48.7s/30m0s  600.00 iters/s

running (09m49.7s), 005/202 VUs, 352357 complete and 0 interrupted iterations
cap_refresh_token   [  33% ] 005/202 VUs  09m49.7s/30m0s  600.00 iters/s

running (09m50.7s), 006/202 VUs, 352957 complete and 0 interrupted iterations
cap_refresh_token   [  33% ] 006/202 VUs  09m50.7s/30m0s  600.00 iters/s

running (09m51.7s), 004/202 VUs, 353559 complete and 0 interrupted iterations
cap_refresh_token   [  33% ] 004/202 VUs  09m51.7s/30m0s  600.00 iters/s

running (09m52.7s), 007/202 VUs, 354156 complete and 0 interrupted iterations
cap_refresh_token   [  33% ] 007/202 VUs  09m52.7s/30m0s  600.00 iters/s

running (09m53.7s), 006/202 VUs, 354757 complete and 0 interrupted iterations
cap_refresh_token   [  33% ] 006/202 VUs  09m53.7s/30m0s  600.00 iters/s

running (09m54.7s), 007/202 VUs, 355355 complete and 0 interrupted iterations
cap_refresh_token   [  33% ] 007/202 VUs  09m54.7s/30m0s  600.00 iters/s

running (09m55.7s), 006/202 VUs, 355957 complete and 0 interrupted iterations
cap_refresh_token   [  33% ] 006/202 VUs  09m55.7s/30m0s  600.00 iters/s

running (09m56.7s), 010/202 VUs, 356553 complete and 0 interrupted iterations
cap_refresh_token   [  33% ] 010/202 VUs  09m56.7s/30m0s  600.00 iters/s

running (09m57.7s), 004/202 VUs, 357158 complete and 0 interrupted iterations
cap_refresh_token   [  33% ] 005/202 VUs  09m57.7s/30m0s  600.00 iters/s

running (09m58.7s), 015/202 VUs, 357748 complete and 0 interrupted iterations
cap_refresh_token   [  33% ] 015/202 VUs  09m58.7s/30m0s  600.00 iters/s

running (09m59.7s), 008/202 VUs, 358355 complete and 0 interrupted iterations
cap_refresh_token   [  33% ] 008/202 VUs  09m59.7s/30m0s  600.00 iters/s

running (10m00.7s), 006/202 VUs, 358957 complete and 0 interrupted iterations
cap_refresh_token   [  33% ] 006/202 VUs  10m00.7s/30m0s  600.00 iters/s

running (10m01.7s), 004/202 VUs, 359559 complete and 0 interrupted iterations
cap_refresh_token   [  33% ] 004/202 VUs  10m01.7s/30m0s  600.00 iters/s

running (10m02.7s), 040/202 VUs, 360123 complete and 0 interrupted iterations
cap_refresh_token   [  33% ] 040/202 VUs  10m02.7s/30m0s  600.00 iters/s

running (10m03.7s), 008/202 VUs, 360755 complete and 0 interrupted iterations
cap_refresh_token   [  34% ] 008/202 VUs  10m03.7s/30m0s  600.00 iters/s

running (10m04.7s), 004/202 VUs, 361358 complete and 0 interrupted iterations
cap_refresh_token   [  34% ] 005/202 VUs  10m04.7s/30m0s  600.00 iters/s

running (10m05.7s), 010/202 VUs, 361953 complete and 0 interrupted iterations
cap_refresh_token   [  34% ] 010/202 VUs  10m05.7s/30m0s  600.00 iters/s

running (10m06.7s), 011/202 VUs, 362552 complete and 0 interrupted iterations
cap_refresh_token   [  34% ] 011/202 VUs  10m06.7s/30m0s  600.00 iters/s

running (10m07.7s), 004/202 VUs, 363158 complete and 0 interrupted iterations
cap_refresh_token   [  34% ] 004/202 VUs  10m07.7s/30m0s  600.00 iters/s

running (10m08.7s), 007/202 VUs, 363756 complete and 0 interrupted iterations
cap_refresh_token   [  34% ] 007/202 VUs  10m08.7s/30m0s  600.00 iters/s

running (10m09.7s), 006/202 VUs, 364357 complete and 0 interrupted iterations
cap_refresh_token   [  34% ] 006/202 VUs  10m09.7s/30m0s  600.00 iters/s

running (10m10.7s), 008/202 VUs, 364955 complete and 0 interrupted iterations
cap_refresh_token   [  34% ] 008/202 VUs  10m10.7s/30m0s  600.00 iters/s

running (10m11.7s), 007/202 VUs, 365556 complete and 0 interrupted iterations
cap_refresh_token   [  34% ] 007/202 VUs  10m11.7s/30m0s  600.00 iters/s

running (10m12.7s), 007/202 VUs, 366156 complete and 0 interrupted iterations
cap_refresh_token   [  34% ] 007/202 VUs  10m12.7s/30m0s  600.00 iters/s

running (10m13.7s), 006/202 VUs, 366757 complete and 0 interrupted iterations
cap_refresh_token   [  34% ] 006/202 VUs  10m13.7s/30m0s  600.00 iters/s

running (10m14.7s), 006/202 VUs, 367357 complete and 0 interrupted iterations
cap_refresh_token   [  34% ] 006/202 VUs  10m14.7s/30m0s  600.00 iters/s

running (10m15.7s), 011/202 VUs, 367952 complete and 0 interrupted iterations
cap_refresh_token   [  34% ] 011/202 VUs  10m15.7s/30m0s  600.00 iters/s

running (10m16.7s), 007/202 VUs, 368556 complete and 0 interrupted iterations
cap_refresh_token   [  34% ] 007/202 VUs  10m16.7s/30m0s  600.00 iters/s

running (10m17.7s), 007/202 VUs, 369156 complete and 0 interrupted iterations
cap_refresh_token   [  34% ] 007/202 VUs  10m17.7s/30m0s  600.00 iters/s

running (10m18.7s), 010/202 VUs, 369753 complete and 0 interrupted iterations
cap_refresh_token   [  34% ] 010/202 VUs  10m18.7s/30m0s  600.00 iters/s

running (10m19.7s), 005/202 VUs, 370357 complete and 0 interrupted iterations
cap_refresh_token   [  34% ] 005/202 VUs  10m19.7s/30m0s  600.00 iters/s

running (10m20.7s), 005/202 VUs, 370958 complete and 0 interrupted iterations
cap_refresh_token   [  34% ] 005/202 VUs  10m20.7s/30m0s  600.00 iters/s

running (10m21.7s), 053/202 VUs, 371509 complete and 0 interrupted iterations
cap_refresh_token   [  35% ] 053/202 VUs  10m21.7s/30m0s  600.00 iters/s

running (10m22.7s), 009/202 VUs, 372153 complete and 0 interrupted iterations
cap_refresh_token   [  35% ] 009/202 VUs  10m22.7s/30m0s  600.00 iters/s

running (10m23.7s), 005/202 VUs, 372757 complete and 0 interrupted iterations
cap_refresh_token   [  35% ] 005/202 VUs  10m23.7s/30m0s  600.00 iters/s

running (10m24.7s), 005/202 VUs, 373358 complete and 0 interrupted iterations
cap_refresh_token   [  35% ] 005/202 VUs  10m24.7s/30m0s  600.00 iters/s

running (10m25.7s), 007/202 VUs, 373955 complete and 0 interrupted iterations
cap_refresh_token   [  35% ] 007/202 VUs  10m25.7s/30m0s  600.00 iters/s

running (10m26.7s), 005/202 VUs, 374558 complete and 0 interrupted iterations
cap_refresh_token   [  35% ] 005/202 VUs  10m26.7s/30m0s  600.00 iters/s

running (10m27.7s), 004/202 VUs, 375158 complete and 0 interrupted iterations
cap_refresh_token   [  35% ] 004/202 VUs  10m27.7s/30m0s  600.00 iters/s

running (10m28.7s), 012/202 VUs, 375751 complete and 0 interrupted iterations
cap_refresh_token   [  35% ] 012/202 VUs  10m28.7s/30m0s  600.00 iters/s

running (10m29.7s), 005/202 VUs, 376358 complete and 0 interrupted iterations
cap_refresh_token   [  35% ] 005/202 VUs  10m29.7s/30m0s  600.00 iters/s

running (10m30.7s), 007/202 VUs, 376956 complete and 0 interrupted iterations
cap_refresh_token   [  35% ] 007/202 VUs  10m30.7s/30m0s  600.00 iters/s

running (10m31.7s), 005/202 VUs, 377558 complete and 0 interrupted iterations
cap_refresh_token   [  35% ] 005/202 VUs  10m31.7s/30m0s  600.00 iters/s

running (10m32.7s), 006/202 VUs, 378157 complete and 0 interrupted iterations
cap_refresh_token   [  35% ] 006/202 VUs  10m32.7s/30m0s  600.00 iters/s

running (10m33.7s), 005/202 VUs, 378757 complete and 0 interrupted iterations
cap_refresh_token   [  35% ] 005/202 VUs  10m33.7s/30m0s  600.00 iters/s

running (10m34.7s), 005/202 VUs, 379358 complete and 0 interrupted iterations
cap_refresh_token   [  35% ] 004/202 VUs  10m34.7s/30m0s  600.00 iters/s

running (10m35.7s), 006/202 VUs, 379957 complete and 0 interrupted iterations
cap_refresh_token   [  35% ] 006/202 VUs  10m35.7s/30m0s  600.00 iters/s

running (10m36.7s), 006/202 VUs, 380557 complete and 0 interrupted iterations
cap_refresh_token   [  35% ] 006/202 VUs  10m36.7s/30m0s  600.00 iters/s

running (10m37.7s), 006/202 VUs, 381157 complete and 0 interrupted iterations
cap_refresh_token   [  35% ] 006/202 VUs  10m37.7s/30m0s  600.00 iters/s

running (10m38.7s), 006/202 VUs, 381757 complete and 0 interrupted iterations
cap_refresh_token   [  35% ] 006/202 VUs  10m38.7s/30m0s  600.00 iters/s

running (10m39.7s), 005/202 VUs, 382358 complete and 0 interrupted iterations
cap_refresh_token   [  36% ] 005/202 VUs  10m39.7s/30m0s  600.00 iters/s

running (10m40.7s), 006/202 VUs, 382956 complete and 0 interrupted iterations
cap_refresh_token   [  36% ] 006/202 VUs  10m40.7s/30m0s  600.00 iters/s

running (10m41.7s), 007/202 VUs, 383556 complete and 0 interrupted iterations
cap_refresh_token   [  36% ] 007/202 VUs  10m41.7s/30m0s  600.00 iters/s

running (10m42.7s), 006/202 VUs, 384157 complete and 0 interrupted iterations
cap_refresh_token   [  36% ] 006/202 VUs  10m42.7s/30m0s  600.00 iters/s

running (10m43.7s), 005/202 VUs, 384758 complete and 0 interrupted iterations
cap_refresh_token   [  36% ] 005/202 VUs  10m43.7s/30m0s  600.00 iters/s

running (10m44.7s), 006/202 VUs, 385356 complete and 0 interrupted iterations
cap_refresh_token   [  36% ] 006/202 VUs  10m44.7s/30m0s  600.00 iters/s

running (10m45.7s), 006/202 VUs, 385957 complete and 0 interrupted iterations
cap_refresh_token   [  36% ] 006/202 VUs  10m45.7s/30m0s  600.00 iters/s

running (10m46.7s), 006/202 VUs, 386557 complete and 0 interrupted iterations
cap_refresh_token   [  36% ] 006/202 VUs  10m46.7s/30m0s  600.00 iters/s

running (10m47.7s), 003/202 VUs, 387159 complete and 0 interrupted iterations
cap_refresh_token   [  36% ] 004/202 VUs  10m47.7s/30m0s  600.00 iters/s

running (10m48.7s), 005/202 VUs, 387757 complete and 0 interrupted iterations
cap_refresh_token   [  36% ] 005/202 VUs  10m48.7s/30m0s  600.00 iters/s

running (10m49.7s), 004/202 VUs, 388359 complete and 0 interrupted iterations
cap_refresh_token   [  36% ] 004/202 VUs  10m49.7s/30m0s  600.00 iters/s

running (10m50.7s), 006/202 VUs, 388957 complete and 0 interrupted iterations
cap_refresh_token   [  36% ] 006/202 VUs  10m50.7s/30m0s  600.00 iters/s

running (10m51.7s), 016/202 VUs, 389547 complete and 0 interrupted iterations
cap_refresh_token   [  36% ] 016/202 VUs  10m51.7s/30m0s  600.00 iters/s

running (10m52.7s), 005/202 VUs, 390158 complete and 0 interrupted iterations
cap_refresh_token   [  36% ] 005/202 VUs  10m52.7s/30m0s  600.00 iters/s

running (10m53.7s), 006/202 VUs, 390757 complete and 0 interrupted iterations
cap_refresh_token   [  36% ] 006/202 VUs  10m53.7s/30m0s  600.00 iters/s

running (10m54.7s), 006/202 VUs, 391357 complete and 0 interrupted iterations
cap_refresh_token   [  36% ] 006/202 VUs  10m54.7s/30m0s  600.00 iters/s

running (10m55.7s), 008/202 VUs, 391955 complete and 0 interrupted iterations
cap_refresh_token   [  36% ] 008/202 VUs  10m55.7s/30m0s  600.00 iters/s

running (10m56.7s), 006/202 VUs, 392557 complete and 0 interrupted iterations
cap_refresh_token   [  36% ] 006/202 VUs  10m56.7s/30m0s  600.00 iters/s

running (10m57.7s), 005/202 VUs, 393158 complete and 0 interrupted iterations
cap_refresh_token   [  37% ] 005/202 VUs  10m57.7s/30m0s  600.00 iters/s

running (10m58.7s), 006/202 VUs, 393757 complete and 0 interrupted iterations
cap_refresh_token   [  37% ] 006/202 VUs  10m58.7s/30m0s  600.00 iters/s

running (10m59.7s), 006/202 VUs, 394356 complete and 0 interrupted iterations
cap_refresh_token   [  37% ] 006/202 VUs  10m59.7s/30m0s  600.00 iters/s

running (11m00.7s), 006/202 VUs, 394957 complete and 0 interrupted iterations
cap_refresh_token   [  37% ] 006/202 VUs  11m00.7s/30m0s  600.00 iters/s

running (11m01.7s), 006/202 VUs, 395557 complete and 0 interrupted iterations
cap_refresh_token   [  37% ] 006/202 VUs  11m01.7s/30m0s  600.00 iters/s

running (11m02.7s), 004/202 VUs, 396158 complete and 0 interrupted iterations
cap_refresh_token   [  37% ] 004/202 VUs  11m02.7s/30m0s  600.00 iters/s

running (11m03.7s), 005/202 VUs, 396758 complete and 0 interrupted iterations
cap_refresh_token   [  37% ] 005/202 VUs  11m03.7s/30m0s  600.00 iters/s

running (11m04.7s), 006/202 VUs, 397357 complete and 0 interrupted iterations
cap_refresh_token   [  37% ] 006/202 VUs  11m04.7s/30m0s  600.00 iters/s

running (11m05.7s), 006/202 VUs, 397957 complete and 0 interrupted iterations
cap_refresh_token   [  37% ] 006/202 VUs  11m05.7s/30m0s  600.00 iters/s

running (11m06.7s), 012/202 VUs, 398551 complete and 0 interrupted iterations
cap_refresh_token   [  37% ] 012/202 VUs  11m06.7s/30m0s  600.00 iters/s

running (11m07.7s), 006/202 VUs, 399157 complete and 0 interrupted iterations
cap_refresh_token   [  37% ] 006/202 VUs  11m07.7s/30m0s  600.00 iters/s

running (11m08.7s), 005/202 VUs, 399758 complete and 0 interrupted iterations
cap_refresh_token   [  37% ] 005/202 VUs  11m08.7s/30m0s  600.00 iters/s

running (11m09.7s), 006/202 VUs, 400357 complete and 0 interrupted iterations
cap_refresh_token   [  37% ] 006/202 VUs  11m09.7s/30m0s  600.00 iters/s

running (11m10.7s), 005/202 VUs, 400958 complete and 0 interrupted iterations
cap_refresh_token   [  37% ] 005/202 VUs  11m10.7s/30m0s  600.00 iters/s

running (11m11.7s), 006/202 VUs, 401557 complete and 0 interrupted iterations
cap_refresh_token   [  37% ] 006/202 VUs  11m11.7s/30m0s  600.00 iters/s

running (11m12.7s), 005/202 VUs, 402158 complete and 0 interrupted iterations
cap_refresh_token   [  37% ] 005/202 VUs  11m12.7s/30m0s  600.00 iters/s

running (11m13.7s), 006/202 VUs, 402757 complete and 0 interrupted iterations
cap_refresh_token   [  37% ] 006/202 VUs  11m13.7s/30m0s  600.00 iters/s

running (11m14.7s), 007/202 VUs, 403356 complete and 0 interrupted iterations
cap_refresh_token   [  37% ] 007/202 VUs  11m14.7s/30m0s  600.00 iters/s

running (11m15.7s), 005/202 VUs, 403957 complete and 0 interrupted iterations
cap_refresh_token   [  38% ] 005/202 VUs  11m15.7s/30m0s  600.00 iters/s

running (11m16.7s), 006/202 VUs, 404557 complete and 0 interrupted iterations
cap_refresh_token   [  38% ] 006/202 VUs  11m16.7s/30m0s  600.00 iters/s

running (11m17.7s), 004/202 VUs, 405158 complete and 0 interrupted iterations
cap_refresh_token   [  38% ] 004/202 VUs  11m17.7s/30m0s  600.00 iters/s

running (11m18.7s), 006/202 VUs, 405756 complete and 0 interrupted iterations
cap_refresh_token   [  38% ] 006/202 VUs  11m18.7s/30m0s  600.00 iters/s

running (11m19.7s), 007/202 VUs, 406356 complete and 0 interrupted iterations
cap_refresh_token   [  38% ] 007/202 VUs  11m19.7s/30m0s  600.00 iters/s

running (11m20.7s), 008/202 VUs, 406955 complete and 0 interrupted iterations
cap_refresh_token   [  38% ] 008/202 VUs  11m20.7s/30m0s  600.00 iters/s

running (11m21.7s), 006/202 VUs, 407557 complete and 0 interrupted iterations
cap_refresh_token   [  38% ] 006/202 VUs  11m21.7s/30m0s  600.00 iters/s

running (11m22.7s), 004/202 VUs, 408158 complete and 0 interrupted iterations
cap_refresh_token   [  38% ] 004/202 VUs  11m22.7s/30m0s  600.00 iters/s

running (11m23.7s), 008/202 VUs, 408754 complete and 0 interrupted iterations
cap_refresh_token   [  38% ] 009/202 VUs  11m23.7s/30m0s  600.00 iters/s

running (11m24.7s), 005/202 VUs, 409358 complete and 0 interrupted iterations
cap_refresh_token   [  38% ] 005/202 VUs  11m24.7s/30m0s  600.00 iters/s

running (11m25.7s), 007/202 VUs, 409956 complete and 0 interrupted iterations
cap_refresh_token   [  38% ] 007/202 VUs  11m25.7s/30m0s  600.00 iters/s

running (11m26.7s), 005/202 VUs, 410558 complete and 0 interrupted iterations
cap_refresh_token   [  38% ] 005/202 VUs  11m26.7s/30m0s  600.00 iters/s

running (11m27.7s), 005/202 VUs, 411158 complete and 0 interrupted iterations
cap_refresh_token   [  38% ] 005/202 VUs  11m27.7s/30m0s  600.00 iters/s

running (11m28.7s), 004/202 VUs, 411758 complete and 0 interrupted iterations
cap_refresh_token   [  38% ] 004/202 VUs  11m28.7s/30m0s  600.00 iters/s

running (11m29.7s), 006/202 VUs, 412357 complete and 0 interrupted iterations
cap_refresh_token   [  38% ] 006/202 VUs  11m29.7s/30m0s  600.00 iters/s

running (11m30.7s), 005/202 VUs, 412958 complete and 0 interrupted iterations
cap_refresh_token   [  38% ] 005/202 VUs  11m30.7s/30m0s  600.00 iters/s

running (11m31.7s), 005/202 VUs, 413558 complete and 0 interrupted iterations
cap_refresh_token   [  38% ] 005/202 VUs  11m31.7s/30m0s  600.00 iters/s

running (11m32.7s), 004/202 VUs, 414159 complete and 0 interrupted iterations
cap_refresh_token   [  38% ] 004/202 VUs  11m32.7s/30m0s  600.00 iters/s

running (11m33.7s), 033/202 VUs, 414730 complete and 0 interrupted iterations
cap_refresh_token   [  39% ] 033/202 VUs  11m33.7s/30m0s  600.00 iters/s

running (11m34.7s), 007/202 VUs, 415356 complete and 0 interrupted iterations
cap_refresh_token   [  39% ] 007/202 VUs  11m34.7s/30m0s  600.00 iters/s

running (11m35.7s), 012/202 VUs, 415950 complete and 0 interrupted iterations
cap_refresh_token   [  39% ] 012/202 VUs  11m35.7s/30m0s  600.00 iters/s

running (11m36.7s), 005/202 VUs, 416558 complete and 0 interrupted iterations
cap_refresh_token   [  39% ] 005/202 VUs  11m36.7s/30m0s  600.00 iters/s

running (11m37.7s), 008/202 VUs, 417155 complete and 0 interrupted iterations
cap_refresh_token   [  39% ] 008/202 VUs  11m37.7s/30m0s  600.00 iters/s

running (11m38.7s), 009/202 VUs, 417754 complete and 0 interrupted iterations
cap_refresh_token   [  39% ] 009/202 VUs  11m38.7s/30m0s  600.00 iters/s

running (11m39.7s), 005/202 VUs, 418358 complete and 0 interrupted iterations
cap_refresh_token   [  39% ] 005/202 VUs  11m39.7s/30m0s  600.00 iters/s

running (11m40.7s), 005/202 VUs, 418958 complete and 0 interrupted iterations
cap_refresh_token   [  39% ] 005/202 VUs  11m40.7s/30m0s  600.00 iters/s

running (11m41.7s), 007/202 VUs, 419556 complete and 0 interrupted iterations
cap_refresh_token   [  39% ] 007/202 VUs  11m41.7s/30m0s  600.00 iters/s

running (11m42.7s), 010/202 VUs, 420153 complete and 0 interrupted iterations
cap_refresh_token   [  39% ] 010/202 VUs  11m42.7s/30m0s  600.00 iters/s

running (11m43.7s), 008/202 VUs, 420755 complete and 0 interrupted iterations
cap_refresh_token   [  39% ] 008/202 VUs  11m43.7s/30m0s  600.00 iters/s

running (11m44.7s), 007/202 VUs, 421356 complete and 0 interrupted iterations
cap_refresh_token   [  39% ] 007/202 VUs  11m44.7s/30m0s  600.00 iters/s

running (11m45.7s), 005/202 VUs, 421958 complete and 0 interrupted iterations
cap_refresh_token   [  39% ] 005/202 VUs  11m45.7s/30m0s  600.00 iters/s

running (11m46.7s), 005/202 VUs, 422558 complete and 0 interrupted iterations
cap_refresh_token   [  39% ] 005/202 VUs  11m46.7s/30m0s  600.00 iters/s

running (11m47.7s), 004/202 VUs, 423158 complete and 0 interrupted iterations
cap_refresh_token   [  39% ] 004/202 VUs  11m47.7s/30m0s  600.00 iters/s

running (11m48.7s), 006/202 VUs, 423757 complete and 0 interrupted iterations
cap_refresh_token   [  39% ] 006/202 VUs  11m48.7s/30m0s  600.00 iters/s

running (11m49.7s), 006/202 VUs, 424357 complete and 0 interrupted iterations
cap_refresh_token   [  39% ] 006/202 VUs  11m49.7s/30m0s  600.00 iters/s

running (11m50.7s), 010/202 VUs, 424953 complete and 0 interrupted iterations
cap_refresh_token   [  39% ] 010/202 VUs  11m50.7s/30m0s  600.00 iters/s

running (11m51.7s), 007/202 VUs, 425556 complete and 0 interrupted iterations
cap_refresh_token   [  40% ] 007/202 VUs  11m51.7s/30m0s  600.00 iters/s

running (11m52.7s), 003/202 VUs, 426159 complete and 0 interrupted iterations
cap_refresh_token   [  40% ] 003/202 VUs  11m52.7s/30m0s  600.00 iters/s

running (11m53.7s), 006/202 VUs, 426756 complete and 0 interrupted iterations
cap_refresh_token   [  40% ] 006/202 VUs  11m53.7s/30m0s  600.00 iters/s

running (11m54.7s), 003/202 VUs, 427359 complete and 0 interrupted iterations
cap_refresh_token   [  40% ] 003/202 VUs  11m54.7s/30m0s  600.00 iters/s

running (11m55.7s), 006/202 VUs, 427957 complete and 0 interrupted iterations
cap_refresh_token   [  40% ] 006/202 VUs  11m55.7s/30m0s  600.00 iters/s

running (11m56.7s), 005/202 VUs, 428558 complete and 0 interrupted iterations
cap_refresh_token   [  40% ] 005/202 VUs  11m56.7s/30m0s  600.00 iters/s

running (11m57.7s), 005/202 VUs, 429158 complete and 0 interrupted iterations
cap_refresh_token   [  40% ] 005/202 VUs  11m57.7s/30m0s  600.00 iters/s

running (11m58.7s), 008/202 VUs, 429755 complete and 0 interrupted iterations
cap_refresh_token   [  40% ] 008/202 VUs  11m58.7s/30m0s  600.00 iters/s

running (11m59.7s), 007/202 VUs, 430356 complete and 0 interrupted iterations
cap_refresh_token   [  40% ] 007/202 VUs  11m59.7s/30m0s  600.00 iters/s

running (12m00.7s), 006/202 VUs, 430957 complete and 0 interrupted iterations
cap_refresh_token   [  40% ] 006/202 VUs  12m00.7s/30m0s  600.00 iters/s

running (12m01.7s), 006/202 VUs, 431557 complete and 0 interrupted iterations
cap_refresh_token   [  40% ] 006/202 VUs  12m01.7s/30m0s  600.00 iters/s

running (12m02.7s), 006/202 VUs, 432157 complete and 0 interrupted iterations
cap_refresh_token   [  40% ] 006/202 VUs  12m02.7s/30m0s  600.00 iters/s

running (12m03.7s), 008/202 VUs, 432755 complete and 0 interrupted iterations
cap_refresh_token   [  40% ] 008/202 VUs  12m03.7s/30m0s  600.00 iters/s

running (12m04.7s), 016/202 VUs, 433347 complete and 0 interrupted iterations
cap_refresh_token   [  40% ] 016/202 VUs  12m04.7s/30m0s  600.00 iters/s

running (12m05.7s), 005/202 VUs, 433958 complete and 0 interrupted iterations
cap_refresh_token   [  40% ] 005/202 VUs  12m05.7s/30m0s  600.00 iters/s

running (12m06.7s), 008/202 VUs, 434555 complete and 0 interrupted iterations
cap_refresh_token   [  40% ] 008/202 VUs  12m06.7s/30m0s  600.00 iters/s

running (12m07.7s), 005/202 VUs, 435158 complete and 0 interrupted iterations
cap_refresh_token   [  40% ] 005/202 VUs  12m07.7s/30m0s  600.00 iters/s

running (12m08.7s), 006/202 VUs, 435757 complete and 0 interrupted iterations
cap_refresh_token   [  40% ] 006/202 VUs  12m08.7s/30m0s  600.00 iters/s

running (12m09.7s), 008/202 VUs, 436355 complete and 0 interrupted iterations
cap_refresh_token   [  41% ] 008/202 VUs  12m09.7s/30m0s  600.00 iters/s

running (12m10.7s), 007/202 VUs, 436955 complete and 0 interrupted iterations
cap_refresh_token   [  41% ] 007/202 VUs  12m10.7s/30m0s  600.00 iters/s

running (12m11.7s), 006/202 VUs, 437557 complete and 0 interrupted iterations
cap_refresh_token   [  41% ] 006/202 VUs  12m11.7s/30m0s  600.00 iters/s

running (12m12.7s), 005/202 VUs, 438158 complete and 0 interrupted iterations
cap_refresh_token   [  41% ] 005/202 VUs  12m12.7s/30m0s  600.00 iters/s

running (12m13.7s), 007/202 VUs, 438756 complete and 0 interrupted iterations
cap_refresh_token   [  41% ] 007/202 VUs  12m13.7s/30m0s  600.00 iters/s

running (12m14.7s), 005/202 VUs, 439358 complete and 0 interrupted iterations
cap_refresh_token   [  41% ] 005/202 VUs  12m14.7s/30m0s  600.00 iters/s

running (12m15.7s), 004/202 VUs, 439959 complete and 0 interrupted iterations
cap_refresh_token   [  41% ] 004/202 VUs  12m15.7s/30m0s  600.00 iters/s

running (12m16.7s), 004/202 VUs, 440558 complete and 0 interrupted iterations
cap_refresh_token   [  41% ] 004/202 VUs  12m16.7s/30m0s  600.00 iters/s

running (12m17.7s), 008/202 VUs, 441155 complete and 0 interrupted iterations
cap_refresh_token   [  41% ] 008/202 VUs  12m17.7s/30m0s  600.00 iters/s

running (12m18.7s), 004/202 VUs, 441759 complete and 0 interrupted iterations
cap_refresh_token   [  41% ] 004/202 VUs  12m18.7s/30m0s  600.00 iters/s

running (12m19.7s), 004/202 VUs, 442359 complete and 0 interrupted iterations
cap_refresh_token   [  41% ] 004/202 VUs  12m19.7s/30m0s  600.00 iters/s

running (12m20.7s), 005/202 VUs, 442958 complete and 0 interrupted iterations
cap_refresh_token   [  41% ] 005/202 VUs  12m20.7s/30m0s  600.00 iters/s

running (12m21.7s), 005/202 VUs, 443557 complete and 0 interrupted iterations
cap_refresh_token   [  41% ] 005/202 VUs  12m21.7s/30m0s  600.00 iters/s

running (12m22.7s), 004/202 VUs, 444159 complete and 0 interrupted iterations
cap_refresh_token   [  41% ] 004/202 VUs  12m22.7s/30m0s  600.00 iters/s

running (12m23.7s), 011/202 VUs, 444752 complete and 0 interrupted iterations
cap_refresh_token   [  41% ] 011/202 VUs  12m23.7s/30m0s  600.00 iters/s

running (12m24.7s), 006/202 VUs, 445357 complete and 0 interrupted iterations
cap_refresh_token   [  41% ] 006/202 VUs  12m24.7s/30m0s  600.00 iters/s

running (12m25.7s), 006/202 VUs, 445957 complete and 0 interrupted iterations
cap_refresh_token   [  41% ] 006/202 VUs  12m25.7s/30m0s  600.00 iters/s

running (12m26.7s), 010/202 VUs, 446553 complete and 0 interrupted iterations
cap_refresh_token   [  41% ] 010/202 VUs  12m26.7s/30m0s  600.00 iters/s

running (12m27.7s), 005/202 VUs, 447158 complete and 0 interrupted iterations
cap_refresh_token   [  42% ] 005/202 VUs  12m27.7s/30m0s  600.00 iters/s

running (12m28.7s), 005/202 VUs, 447758 complete and 0 interrupted iterations
cap_refresh_token   [  42% ] 005/202 VUs  12m28.7s/30m0s  600.00 iters/s

running (12m29.7s), 005/202 VUs, 448358 complete and 0 interrupted iterations
cap_refresh_token   [  42% ] 005/202 VUs  12m29.7s/30m0s  600.00 iters/s

running (12m30.7s), 031/202 VUs, 448932 complete and 0 interrupted iterations
cap_refresh_token   [  42% ] 031/202 VUs  12m30.7s/30m0s  600.00 iters/s

running (12m31.7s), 003/202 VUs, 449559 complete and 0 interrupted iterations
cap_refresh_token   [  42% ] 004/202 VUs  12m31.7s/30m0s  600.00 iters/s

running (12m32.7s), 005/202 VUs, 450158 complete and 0 interrupted iterations
cap_refresh_token   [  42% ] 005/202 VUs  12m32.7s/30m0s  600.00 iters/s

running (12m33.7s), 005/202 VUs, 450758 complete and 0 interrupted iterations
cap_refresh_token   [  42% ] 005/202 VUs  12m33.7s/30m0s  600.00 iters/s

running (12m34.7s), 007/202 VUs, 451356 complete and 0 interrupted iterations
cap_refresh_token   [  42% ] 007/202 VUs  12m34.7s/30m0s  600.00 iters/s

running (12m35.7s), 005/202 VUs, 451958 complete and 0 interrupted iterations
cap_refresh_token   [  42% ] 005/202 VUs  12m35.7s/30m0s  600.00 iters/s

running (12m36.7s), 006/202 VUs, 452557 complete and 0 interrupted iterations
cap_refresh_token   [  42% ] 006/202 VUs  12m36.7s/30m0s  600.00 iters/s

running (12m37.7s), 009/202 VUs, 453154 complete and 0 interrupted iterations
cap_refresh_token   [  42% ] 009/202 VUs  12m37.7s/30m0s  600.00 iters/s

running (12m38.7s), 005/202 VUs, 453758 complete and 0 interrupted iterations
cap_refresh_token   [  42% ] 005/202 VUs  12m38.7s/30m0s  600.00 iters/s

running (12m39.7s), 005/202 VUs, 454358 complete and 0 interrupted iterations
cap_refresh_token   [  42% ] 005/202 VUs  12m39.7s/30m0s  600.00 iters/s

running (12m40.7s), 012/202 VUs, 454951 complete and 0 interrupted iterations
cap_refresh_token   [  42% ] 012/202 VUs  12m40.7s/30m0s  600.00 iters/s

running (12m41.7s), 026/202 VUs, 455536 complete and 0 interrupted iterations
cap_refresh_token   [  42% ] 026/202 VUs  12m41.7s/30m0s  600.00 iters/s

running (12m42.7s), 009/202 VUs, 456153 complete and 0 interrupted iterations
cap_refresh_token   [  42% ] 009/202 VUs  12m42.7s/30m0s  600.00 iters/s

running (12m43.7s), 004/202 VUs, 456759 complete and 0 interrupted iterations
cap_refresh_token   [  42% ] 004/202 VUs  12m43.7s/30m0s  600.00 iters/s

running (12m44.7s), 007/202 VUs, 457356 complete and 0 interrupted iterations
cap_refresh_token   [  42% ] 007/202 VUs  12m44.7s/30m0s  600.00 iters/s

running (12m45.7s), 005/202 VUs, 457957 complete and 0 interrupted iterations
cap_refresh_token   [  43% ] 005/202 VUs  12m45.7s/30m0s  600.00 iters/s

running (12m46.7s), 006/202 VUs, 458557 complete and 0 interrupted iterations
cap_refresh_token   [  43% ] 006/202 VUs  12m46.7s/30m0s  600.00 iters/s

running (12m47.7s), 005/202 VUs, 459157 complete and 0 interrupted iterations
cap_refresh_token   [  43% ] 006/202 VUs  12m47.7s/30m0s  600.00 iters/s

running (12m48.7s), 007/202 VUs, 459756 complete and 0 interrupted iterations
cap_refresh_token   [  43% ] 007/202 VUs  12m48.7s/30m0s  600.00 iters/s

running (12m49.7s), 005/202 VUs, 460358 complete and 0 interrupted iterations
cap_refresh_token   [  43% ] 005/202 VUs  12m49.7s/30m0s  600.00 iters/s

running (12m50.7s), 011/202 VUs, 460952 complete and 0 interrupted iterations
cap_refresh_token   [  43% ] 011/202 VUs  12m50.7s/30m0s  600.00 iters/s

running (12m51.7s), 005/202 VUs, 461558 complete and 0 interrupted iterations
cap_refresh_token   [  43% ] 005/202 VUs  12m51.7s/30m0s  600.00 iters/s

running (12m52.7s), 009/202 VUs, 462154 complete and 0 interrupted iterations
cap_refresh_token   [  43% ] 009/202 VUs  12m52.7s/30m0s  600.00 iters/s

running (12m53.7s), 005/202 VUs, 462758 complete and 0 interrupted iterations
cap_refresh_token   [  43% ] 005/202 VUs  12m53.7s/30m0s  600.00 iters/s

running (12m54.7s), 004/202 VUs, 463359 complete and 0 interrupted iterations
cap_refresh_token   [  43% ] 004/202 VUs  12m54.7s/30m0s  600.00 iters/s

running (12m55.7s), 005/202 VUs, 463958 complete and 0 interrupted iterations
cap_refresh_token   [  43% ] 005/202 VUs  12m55.7s/30m0s  600.00 iters/s

running (12m56.7s), 016/202 VUs, 464547 complete and 0 interrupted iterations
cap_refresh_token   [  43% ] 016/202 VUs  12m56.7s/30m0s  600.00 iters/s

running (12m57.7s), 006/202 VUs, 465157 complete and 0 interrupted iterations
cap_refresh_token   [  43% ] 006/202 VUs  12m57.7s/30m0s  600.00 iters/s

running (12m58.7s), 006/202 VUs, 465757 complete and 0 interrupted iterations
cap_refresh_token   [  43% ] 006/202 VUs  12m58.7s/30m0s  600.00 iters/s

running (12m59.7s), 005/202 VUs, 466358 complete and 0 interrupted iterations
cap_refresh_token   [  43% ] 005/202 VUs  12m59.7s/30m0s  600.00 iters/s

running (13m00.7s), 005/202 VUs, 466958 complete and 0 interrupted iterations
cap_refresh_token   [  43% ] 005/202 VUs  13m00.7s/30m0s  600.00 iters/s

running (13m01.7s), 047/202 VUs, 467515 complete and 0 interrupted iterations
cap_refresh_token   [  43% ] 047/202 VUs  13m01.7s/30m0s  600.00 iters/s

running (13m02.7s), 004/202 VUs, 468159 complete and 0 interrupted iterations
cap_refresh_token   [  43% ] 004/202 VUs  13m02.7s/30m0s  600.00 iters/s

running (13m03.7s), 006/202 VUs, 468757 complete and 0 interrupted iterations
cap_refresh_token   [  44% ] 006/202 VUs  13m03.7s/30m0s  600.00 iters/s

running (13m04.7s), 007/202 VUs, 469356 complete and 0 interrupted iterations
cap_refresh_token   [  44% ] 007/202 VUs  13m04.7s/30m0s  600.00 iters/s

running (13m05.7s), 005/202 VUs, 469957 complete and 0 interrupted iterations
cap_refresh_token   [  44% ] 005/202 VUs  13m05.7s/30m0s  600.00 iters/s

running (13m06.7s), 004/202 VUs, 470559 complete and 0 interrupted iterations
cap_refresh_token   [  44% ] 004/202 VUs  13m06.7s/30m0s  600.00 iters/s

running (13m07.7s), 006/202 VUs, 471157 complete and 0 interrupted iterations
cap_refresh_token   [  44% ] 006/202 VUs  13m07.7s/30m0s  600.00 iters/s

running (13m08.7s), 005/202 VUs, 471758 complete and 0 interrupted iterations
cap_refresh_token   [  44% ] 005/202 VUs  13m08.7s/30m0s  600.00 iters/s

running (13m09.7s), 005/202 VUs, 472358 complete and 0 interrupted iterations
cap_refresh_token   [  44% ] 005/202 VUs  13m09.7s/30m0s  600.00 iters/s

running (13m10.7s), 006/202 VUs, 472957 complete and 0 interrupted iterations
cap_refresh_token   [  44% ] 006/202 VUs  13m10.7s/30m0s  600.00 iters/s

running (13m11.7s), 004/202 VUs, 473558 complete and 0 interrupted iterations
cap_refresh_token   [  44% ] 004/202 VUs  13m11.7s/30m0s  600.00 iters/s

running (13m12.7s), 007/202 VUs, 474156 complete and 0 interrupted iterations
cap_refresh_token   [  44% ] 007/202 VUs  13m12.7s/30m0s  600.00 iters/s

running (13m13.7s), 005/202 VUs, 474758 complete and 0 interrupted iterations
cap_refresh_token   [  44% ] 005/202 VUs  13m13.7s/30m0s  600.00 iters/s

running (13m14.7s), 005/202 VUs, 475357 complete and 0 interrupted iterations
cap_refresh_token   [  44% ] 006/202 VUs  13m14.7s/30m0s  600.00 iters/s

running (13m15.7s), 006/202 VUs, 475957 complete and 0 interrupted iterations
cap_refresh_token   [  44% ] 005/202 VUs  13m15.7s/30m0s  600.00 iters/s

running (13m16.7s), 022/202 VUs, 476541 complete and 0 interrupted iterations
cap_refresh_token   [  44% ] 021/202 VUs  13m16.7s/30m0s  600.00 iters/s

running (13m17.7s), 006/202 VUs, 477157 complete and 0 interrupted iterations
cap_refresh_token   [  44% ] 006/202 VUs  13m17.7s/30m0s  600.00 iters/s

running (13m18.7s), 007/202 VUs, 477756 complete and 0 interrupted iterations
cap_refresh_token   [  44% ] 007/202 VUs  13m18.7s/30m0s  600.00 iters/s

running (13m19.7s), 006/202 VUs, 478357 complete and 0 interrupted iterations
cap_refresh_token   [  44% ] 006/202 VUs  13m19.7s/30m0s  600.00 iters/s

running (13m20.7s), 008/202 VUs, 478955 complete and 0 interrupted iterations
cap_refresh_token   [  44% ] 008/202 VUs  13m20.7s/30m0s  600.00 iters/s

running (13m21.7s), 037/202 VUs, 479526 complete and 0 interrupted iterations
cap_refresh_token   [  45% ] 037/202 VUs  13m21.7s/30m0s  600.00 iters/s

running (13m22.7s), 007/202 VUs, 480156 complete and 0 interrupted iterations
cap_refresh_token   [  45% ] 007/202 VUs  13m22.7s/30m0s  600.00 iters/s

running (13m23.7s), 004/202 VUs, 480759 complete and 0 interrupted iterations
cap_refresh_token   [  45% ] 004/202 VUs  13m23.7s/30m0s  600.00 iters/s

running (13m24.7s), 020/202 VUs, 481343 complete and 0 interrupted iterations
cap_refresh_token   [  45% ] 020/202 VUs  13m24.7s/30m0s  600.00 iters/s

running (13m25.7s), 019/202 VUs, 481943 complete and 0 interrupted iterations
cap_refresh_token   [  45% ] 020/202 VUs  13m25.7s/30m0s  600.00 iters/s

running (13m26.7s), 005/202 VUs, 482558 complete and 0 interrupted iterations
cap_refresh_token   [  45% ] 005/202 VUs  13m26.7s/30m0s  600.00 iters/s

running (13m27.7s), 005/202 VUs, 483158 complete and 0 interrupted iterations
cap_refresh_token   [  45% ] 005/202 VUs  13m27.7s/30m0s  600.00 iters/s

running (13m28.7s), 006/202 VUs, 483757 complete and 0 interrupted iterations
cap_refresh_token   [  45% ] 006/202 VUs  13m28.7s/30m0s  600.00 iters/s

running (13m29.7s), 014/202 VUs, 484349 complete and 0 interrupted iterations
cap_refresh_token   [  45% ] 014/202 VUs  13m29.7s/30m0s  600.00 iters/s

running (13m30.7s), 007/202 VUs, 484956 complete and 0 interrupted iterations
cap_refresh_token   [  45% ] 007/202 VUs  13m30.7s/30m0s  600.00 iters/s

running (13m31.7s), 004/202 VUs, 485559 complete and 0 interrupted iterations
cap_refresh_token   [  45% ] 004/202 VUs  13m31.7s/30m0s  600.00 iters/s

running (13m32.7s), 004/202 VUs, 486159 complete and 0 interrupted iterations
cap_refresh_token   [  45% ] 004/202 VUs  13m32.7s/30m0s  600.00 iters/s

running (13m33.7s), 009/202 VUs, 486754 complete and 0 interrupted iterations
cap_refresh_token   [  45% ] 009/202 VUs  13m33.7s/30m0s  600.00 iters/s

running (13m34.7s), 005/202 VUs, 487358 complete and 0 interrupted iterations
cap_refresh_token   [  45% ] 005/202 VUs  13m34.7s/30m0s  600.00 iters/s

running (13m35.7s), 003/202 VUs, 487959 complete and 0 interrupted iterations
cap_refresh_token   [  45% ] 003/202 VUs  13m35.7s/30m0s  600.00 iters/s

running (13m36.7s), 005/202 VUs, 488557 complete and 0 interrupted iterations
cap_refresh_token   [  45% ] 005/202 VUs  13m36.7s/30m0s  600.00 iters/s

running (13m37.7s), 007/202 VUs, 489156 complete and 0 interrupted iterations
cap_refresh_token   [  45% ] 007/202 VUs  13m37.7s/30m0s  600.00 iters/s

running (13m38.7s), 006/202 VUs, 489757 complete and 0 interrupted iterations
cap_refresh_token   [  45% ] 006/202 VUs  13m38.7s/30m0s  600.00 iters/s

running (13m39.7s), 011/202 VUs, 490352 complete and 0 interrupted iterations
cap_refresh_token   [  46% ] 011/202 VUs  13m39.7s/30m0s  600.00 iters/s

running (13m40.7s), 004/202 VUs, 490958 complete and 0 interrupted iterations
cap_refresh_token   [  46% ] 004/202 VUs  13m40.7s/30m0s  600.00 iters/s

running (13m41.7s), 059/202 VUs, 491504 complete and 0 interrupted iterations
cap_refresh_token   [  46% ] 059/202 VUs  13m41.7s/30m0s  600.00 iters/s

running (13m42.7s), 041/202 VUs, 492122 complete and 0 interrupted iterations
cap_refresh_token   [  46% ] 041/202 VUs  13m42.7s/30m0s  600.00 iters/s

running (13m43.7s), 005/202 VUs, 492757 complete and 0 interrupted iterations
cap_refresh_token   [  46% ] 006/202 VUs  13m43.7s/30m0s  600.00 iters/s

running (13m44.7s), 006/202 VUs, 493357 complete and 0 interrupted iterations
cap_refresh_token   [  46% ] 006/202 VUs  13m44.7s/30m0s  600.00 iters/s

running (13m45.7s), 006/202 VUs, 493957 complete and 0 interrupted iterations
cap_refresh_token   [  46% ] 006/202 VUs  13m45.7s/30m0s  600.00 iters/s

running (13m46.7s), 006/202 VUs, 494557 complete and 0 interrupted iterations
cap_refresh_token   [  46% ] 006/202 VUs  13m46.7s/30m0s  600.00 iters/s

running (13m47.7s), 005/202 VUs, 495157 complete and 0 interrupted iterations
cap_refresh_token   [  46% ] 005/202 VUs  13m47.7s/30m0s  600.00 iters/s

running (13m48.7s), 011/202 VUs, 495752 complete and 0 interrupted iterations
cap_refresh_token   [  46% ] 011/202 VUs  13m48.7s/30m0s  600.00 iters/s

running (13m49.7s), 007/202 VUs, 496355 complete and 0 interrupted iterations
cap_refresh_token   [  46% ] 007/202 VUs  13m49.7s/30m0s  600.00 iters/s

running (13m50.7s), 004/202 VUs, 496959 complete and 0 interrupted iterations
cap_refresh_token   [  46% ] 004/202 VUs  13m50.7s/30m0s  600.00 iters/s

running (13m51.7s), 011/202 VUs, 497552 complete and 0 interrupted iterations
cap_refresh_token   [  46% ] 011/202 VUs  13m51.7s/30m0s  600.00 iters/s

running (13m52.7s), 004/202 VUs, 498158 complete and 0 interrupted iterations
cap_refresh_token   [  46% ] 004/202 VUs  13m52.7s/30m0s  600.00 iters/s

running (13m53.7s), 008/202 VUs, 498755 complete and 0 interrupted iterations
cap_refresh_token   [  46% ] 008/202 VUs  13m53.7s/30m0s  600.00 iters/s

running (13m54.7s), 011/202 VUs, 499352 complete and 0 interrupted iterations
cap_refresh_token   [  46% ] 011/202 VUs  13m54.7s/30m0s  600.00 iters/s

running (13m55.7s), 005/202 VUs, 499958 complete and 0 interrupted iterations
cap_refresh_token   [  46% ] 005/202 VUs  13m55.7s/30m0s  600.00 iters/s

running (13m56.7s), 005/202 VUs, 500558 complete and 0 interrupted iterations
cap_refresh_token   [  46% ] 005/202 VUs  13m56.7s/30m0s  600.00 iters/s

running (13m57.7s), 005/202 VUs, 501158 complete and 0 interrupted iterations
cap_refresh_token   [  47% ] 005/202 VUs  13m57.7s/30m0s  600.00 iters/s

running (13m58.7s), 004/202 VUs, 501758 complete and 0 interrupted iterations
cap_refresh_token   [  47% ] 004/202 VUs  13m58.7s/30m0s  600.00 iters/s

running (13m59.7s), 007/202 VUs, 502355 complete and 0 interrupted iterations
cap_refresh_token   [  47% ] 007/202 VUs  13m59.7s/30m0s  600.00 iters/s

running (14m00.7s), 006/202 VUs, 502957 complete and 0 interrupted iterations
cap_refresh_token   [  47% ] 006/202 VUs  14m00.7s/30m0s  600.00 iters/s

running (14m01.7s), 006/202 VUs, 503557 complete and 0 interrupted iterations
cap_refresh_token   [  47% ] 006/202 VUs  14m01.7s/30m0s  600.00 iters/s

running (14m02.7s), 005/202 VUs, 504158 complete and 0 interrupted iterations
cap_refresh_token   [  47% ] 005/202 VUs  14m02.7s/30m0s  600.00 iters/s

running (14m03.7s), 006/202 VUs, 504757 complete and 0 interrupted iterations
cap_refresh_token   [  47% ] 006/202 VUs  14m03.7s/30m0s  600.00 iters/s

running (14m04.7s), 005/202 VUs, 505358 complete and 0 interrupted iterations
cap_refresh_token   [  47% ] 005/202 VUs  14m04.7s/30m0s  600.00 iters/s

running (14m05.7s), 008/202 VUs, 505954 complete and 0 interrupted iterations
cap_refresh_token   [  47% ] 008/202 VUs  14m05.7s/30m0s  600.00 iters/s

running (14m06.7s), 005/202 VUs, 506558 complete and 0 interrupted iterations
cap_refresh_token   [  47% ] 005/202 VUs  14m06.7s/30m0s  600.00 iters/s

running (14m07.7s), 005/202 VUs, 507158 complete and 0 interrupted iterations
cap_refresh_token   [  47% ] 005/202 VUs  14m07.7s/30m0s  600.00 iters/s

running (14m08.7s), 005/202 VUs, 507758 complete and 0 interrupted iterations
cap_refresh_token   [  47% ] 005/202 VUs  14m08.7s/30m0s  600.00 iters/s

running (14m09.7s), 004/202 VUs, 508358 complete and 0 interrupted iterations
cap_refresh_token   [  47% ] 005/202 VUs  14m09.7s/30m0s  600.00 iters/s

running (14m10.7s), 007/202 VUs, 508956 complete and 0 interrupted iterations
cap_refresh_token   [  47% ] 007/202 VUs  14m10.7s/30m0s  600.00 iters/s

running (14m11.7s), 004/202 VUs, 509558 complete and 0 interrupted iterations
cap_refresh_token   [  47% ] 005/202 VUs  14m11.7s/30m0s  600.00 iters/s

running (14m12.7s), 005/202 VUs, 510157 complete and 0 interrupted iterations
cap_refresh_token   [  47% ] 005/202 VUs  14m12.7s/30m0s  600.00 iters/s

running (14m13.7s), 029/202 VUs, 510734 complete and 0 interrupted iterations
cap_refresh_token   [  47% ] 029/202 VUs  14m13.7s/30m0s  600.00 iters/s

running (14m14.7s), 005/202 VUs, 511358 complete and 0 interrupted iterations
cap_refresh_token   [  47% ] 005/202 VUs  14m14.7s/30m0s  600.00 iters/s

running (14m15.7s), 004/202 VUs, 511958 complete and 0 interrupted iterations
cap_refresh_token   [  48% ] 005/202 VUs  14m15.7s/30m0s  600.00 iters/s

running (14m16.7s), 005/202 VUs, 512558 complete and 0 interrupted iterations
cap_refresh_token   [  48% ] 005/202 VUs  14m16.7s/30m0s  600.00 iters/s

running (14m17.7s), 005/202 VUs, 513158 complete and 0 interrupted iterations
cap_refresh_token   [  48% ] 005/202 VUs  14m17.7s/30m0s  600.00 iters/s

running (14m18.7s), 007/202 VUs, 513756 complete and 0 interrupted iterations
cap_refresh_token   [  48% ] 007/202 VUs  14m18.7s/30m0s  600.00 iters/s

running (14m19.7s), 007/202 VUs, 514356 complete and 0 interrupted iterations
cap_refresh_token   [  48% ] 007/202 VUs  14m19.7s/30m0s  600.00 iters/s

running (14m20.7s), 005/202 VUs, 514958 complete and 0 interrupted iterations
cap_refresh_token   [  48% ] 005/202 VUs  14m20.7s/30m0s  600.00 iters/s

running (14m21.7s), 005/202 VUs, 515558 complete and 0 interrupted iterations
cap_refresh_token   [  48% ] 005/202 VUs  14m21.7s/30m0s  600.00 iters/s

running (14m22.7s), 006/202 VUs, 516157 complete and 0 interrupted iterations
cap_refresh_token   [  48% ] 006/202 VUs  14m22.7s/30m0s  600.00 iters/s

running (14m23.7s), 007/202 VUs, 516756 complete and 0 interrupted iterations
cap_refresh_token   [  48% ] 007/202 VUs  14m23.7s/30m0s  600.00 iters/s

running (14m24.7s), 007/202 VUs, 517356 complete and 0 interrupted iterations
cap_refresh_token   [  48% ] 007/202 VUs  14m24.7s/30m0s  600.00 iters/s

running (14m25.7s), 007/202 VUs, 517956 complete and 0 interrupted iterations
cap_refresh_token   [  48% ] 007/202 VUs  14m25.7s/30m0s  600.00 iters/s

running (14m26.7s), 005/202 VUs, 518558 complete and 0 interrupted iterations
cap_refresh_token   [  48% ] 005/202 VUs  14m26.7s/30m0s  600.00 iters/s

running (14m27.7s), 006/202 VUs, 519157 complete and 0 interrupted iterations
cap_refresh_token   [  48% ] 006/202 VUs  14m27.7s/30m0s  600.00 iters/s

running (14m28.7s), 005/202 VUs, 519758 complete and 0 interrupted iterations
cap_refresh_token   [  48% ] 005/202 VUs  14m28.7s/30m0s  600.00 iters/s

running (14m29.7s), 005/202 VUs, 520358 complete and 0 interrupted iterations
cap_refresh_token   [  48% ] 005/202 VUs  14m29.7s/30m0s  600.00 iters/s

running (14m30.7s), 008/202 VUs, 520955 complete and 0 interrupted iterations
cap_refresh_token   [  48% ] 008/202 VUs  14m30.7s/30m0s  600.00 iters/s

running (14m31.7s), 008/202 VUs, 521555 complete and 0 interrupted iterations
cap_refresh_token   [  48% ] 008/202 VUs  14m31.7s/30m0s  600.00 iters/s

running (14m32.7s), 004/202 VUs, 522159 complete and 0 interrupted iterations
cap_refresh_token   [  48% ] 004/202 VUs  14m32.7s/30m0s  600.00 iters/s

running (14m33.7s), 004/202 VUs, 522759 complete and 0 interrupted iterations
cap_refresh_token   [  49% ] 004/202 VUs  14m33.7s/30m0s  600.00 iters/s

running (14m34.7s), 006/202 VUs, 523357 complete and 0 interrupted iterations
cap_refresh_token   [  49% ] 006/202 VUs  14m34.7s/30m0s  600.00 iters/s

running (14m35.7s), 010/202 VUs, 523953 complete and 0 interrupted iterations
cap_refresh_token   [  49% ] 009/202 VUs  14m35.7s/30m0s  600.00 iters/s

running (14m36.7s), 005/202 VUs, 524558 complete and 0 interrupted iterations
cap_refresh_token   [  49% ] 005/202 VUs  14m36.7s/30m0s  600.00 iters/s

running (14m37.7s), 005/202 VUs, 525158 complete and 0 interrupted iterations
cap_refresh_token   [  49% ] 005/202 VUs  14m37.7s/30m0s  600.00 iters/s

running (14m38.7s), 006/202 VUs, 525757 complete and 0 interrupted iterations
cap_refresh_token   [  49% ] 006/202 VUs  14m38.7s/30m0s  600.00 iters/s

running (14m39.7s), 006/202 VUs, 526357 complete and 0 interrupted iterations
cap_refresh_token   [  49% ] 006/202 VUs  14m39.7s/30m0s  600.00 iters/s

running (14m40.7s), 004/202 VUs, 526959 complete and 0 interrupted iterations
cap_refresh_token   [  49% ] 004/202 VUs  14m40.7s/30m0s  600.00 iters/s

running (14m41.7s), 005/202 VUs, 527558 complete and 0 interrupted iterations
cap_refresh_token   [  49% ] 005/202 VUs  14m41.7s/30m0s  600.00 iters/s

running (14m42.7s), 012/202 VUs, 528151 complete and 0 interrupted iterations
cap_refresh_token   [  49% ] 012/202 VUs  14m42.7s/30m0s  600.00 iters/s

running (14m43.7s), 004/202 VUs, 528759 complete and 0 interrupted iterations
cap_refresh_token   [  49% ] 004/202 VUs  14m43.7s/30m0s  600.00 iters/s

running (14m44.7s), 006/202 VUs, 529357 complete and 0 interrupted iterations
cap_refresh_token   [  49% ] 006/202 VUs  14m44.7s/30m0s  600.00 iters/s

running (14m45.7s), 006/202 VUs, 529957 complete and 0 interrupted iterations
cap_refresh_token   [  49% ] 006/202 VUs  14m45.7s/30m0s  600.00 iters/s

running (14m46.7s), 005/202 VUs, 530558 complete and 0 interrupted iterations
cap_refresh_token   [  49% ] 005/202 VUs  14m46.7s/30m0s  600.00 iters/s

running (14m47.7s), 005/202 VUs, 531158 complete and 0 interrupted iterations
cap_refresh_token   [  49% ] 005/202 VUs  14m47.7s/30m0s  600.00 iters/s

running (14m48.7s), 005/202 VUs, 531758 complete and 0 interrupted iterations
cap_refresh_token   [  49% ] 005/202 VUs  14m48.7s/30m0s  600.00 iters/s

running (14m49.7s), 006/202 VUs, 532357 complete and 0 interrupted iterations
cap_refresh_token   [  49% ] 006/202 VUs  14m49.7s/30m0s  600.00 iters/s

running (14m50.7s), 004/202 VUs, 532959 complete and 0 interrupted iterations
cap_refresh_token   [  49% ] 004/202 VUs  14m50.7s/30m0s  600.00 iters/s

running (14m51.7s), 006/202 VUs, 533557 complete and 0 interrupted iterations
cap_refresh_token   [  50% ] 006/202 VUs  14m51.7s/30m0s  600.00 iters/s

running (14m52.7s), 004/202 VUs, 534158 complete and 0 interrupted iterations
cap_refresh_token   [  50% ] 005/202 VUs  14m52.7s/30m0s  600.00 iters/s

running (14m53.7s), 005/202 VUs, 534758 complete and 0 interrupted iterations
cap_refresh_token   [  50% ] 005/202 VUs  14m53.7s/30m0s  600.00 iters/s

running (14m54.7s), 006/202 VUs, 535357 complete and 0 interrupted iterations
cap_refresh_token   [  50% ] 006/202 VUs  14m54.7s/30m0s  600.00 iters/s

running (14m55.7s), 006/202 VUs, 535957 complete and 0 interrupted iterations
cap_refresh_token   [  50% ] 006/202 VUs  14m55.7s/30m0s  600.00 iters/s

running (14m56.7s), 003/202 VUs, 536559 complete and 0 interrupted iterations
cap_refresh_token   [  50% ] 003/202 VUs  14m56.7s/30m0s  600.00 iters/s

running (14m57.7s), 006/202 VUs, 537157 complete and 0 interrupted iterations
cap_refresh_token   [  50% ] 006/202 VUs  14m57.7s/30m0s  600.00 iters/s

running (14m58.7s), 008/202 VUs, 537755 complete and 0 interrupted iterations
cap_refresh_token   [  50% ] 008/202 VUs  14m58.7s/30m0s  600.00 iters/s

running (14m59.7s), 005/202 VUs, 538358 complete and 0 interrupted iterations
cap_refresh_token   [  50% ] 005/202 VUs  14m59.7s/30m0s  600.00 iters/s

running (15m00.7s), 005/202 VUs, 538958 complete and 0 interrupted iterations
cap_refresh_token   [  50% ] 005/202 VUs  15m00.7s/30m0s  600.00 iters/s

running (15m01.7s), 005/202 VUs, 539558 complete and 0 interrupted iterations
cap_refresh_token   [  50% ] 005/202 VUs  15m01.7s/30m0s  600.00 iters/s

running (15m02.7s), 008/202 VUs, 540155 complete and 0 interrupted iterations
cap_refresh_token   [  50% ] 008/202 VUs  15m02.7s/30m0s  600.00 iters/s

running (15m03.7s), 027/202 VUs, 540736 complete and 0 interrupted iterations
cap_refresh_token   [  50% ] 027/202 VUs  15m03.7s/30m0s  600.00 iters/s

running (15m04.7s), 005/202 VUs, 541358 complete and 0 interrupted iterations
cap_refresh_token   [  50% ] 005/202 VUs  15m04.7s/30m0s  600.00 iters/s

running (15m05.7s), 007/202 VUs, 541956 complete and 0 interrupted iterations
cap_refresh_token   [  50% ] 007/202 VUs  15m05.7s/30m0s  600.00 iters/s

running (15m06.7s), 005/202 VUs, 542558 complete and 0 interrupted iterations
cap_refresh_token   [  50% ] 005/202 VUs  15m06.7s/30m0s  600.00 iters/s

running (15m07.7s), 005/202 VUs, 543158 complete and 0 interrupted iterations
cap_refresh_token   [  50% ] 005/202 VUs  15m07.7s/30m0s  600.00 iters/s

running (15m08.7s), 007/202 VUs, 543756 complete and 0 interrupted iterations
cap_refresh_token   [  50% ] 007/202 VUs  15m08.7s/30m0s  600.00 iters/s

running (15m09.7s), 006/202 VUs, 544357 complete and 0 interrupted iterations
cap_refresh_token   [  51% ] 006/202 VUs  15m09.7s/30m0s  600.00 iters/s

running (15m10.7s), 007/202 VUs, 544956 complete and 0 interrupted iterations
cap_refresh_token   [  51% ] 006/202 VUs  15m10.7s/30m0s  600.00 iters/s

running (15m11.7s), 005/202 VUs, 545558 complete and 0 interrupted iterations
cap_refresh_token   [  51% ] 005/202 VUs  15m11.7s/30m0s  600.00 iters/s

running (15m12.7s), 008/202 VUs, 546155 complete and 0 interrupted iterations
cap_refresh_token   [  51% ] 008/202 VUs  15m12.7s/30m0s  600.00 iters/s

running (15m13.7s), 006/202 VUs, 546757 complete and 0 interrupted iterations
cap_refresh_token   [  51% ] 006/202 VUs  15m13.7s/30m0s  600.00 iters/s

running (15m14.7s), 005/202 VUs, 547358 complete and 0 interrupted iterations
cap_refresh_token   [  51% ] 005/202 VUs  15m14.7s/30m0s  600.00 iters/s

running (15m15.7s), 006/202 VUs, 547957 complete and 0 interrupted iterations
cap_refresh_token   [  51% ] 006/202 VUs  15m15.7s/30m0s  600.00 iters/s

running (15m16.7s), 007/202 VUs, 548556 complete and 0 interrupted iterations
cap_refresh_token   [  51% ] 007/202 VUs  15m16.7s/30m0s  600.00 iters/s

running (15m17.7s), 007/202 VUs, 549156 complete and 0 interrupted iterations
cap_refresh_token   [  51% ] 007/202 VUs  15m17.7s/30m0s  600.00 iters/s

running (15m18.7s), 005/202 VUs, 549758 complete and 0 interrupted iterations
cap_refresh_token   [  51% ] 005/202 VUs  15m18.7s/30m0s  600.00 iters/s

running (15m19.7s), 005/202 VUs, 550358 complete and 0 interrupted iterations
cap_refresh_token   [  51% ] 005/202 VUs  15m19.7s/30m0s  600.00 iters/s

running (15m20.7s), 008/202 VUs, 550955 complete and 0 interrupted iterations
cap_refresh_token   [  51% ] 008/202 VUs  15m20.7s/30m0s  600.00 iters/s

running (15m21.7s), 018/202 VUs, 551545 complete and 0 interrupted iterations
cap_refresh_token   [  51% ] 018/202 VUs  15m21.7s/30m0s  600.00 iters/s

running (15m22.7s), 023/202 VUs, 552140 complete and 0 interrupted iterations
cap_refresh_token   [  51% ] 023/202 VUs  15m22.7s/30m0s  600.00 iters/s

running (15m23.7s), 011/202 VUs, 552752 complete and 0 interrupted iterations
cap_refresh_token   [  51% ] 011/202 VUs  15m23.7s/30m0s  600.00 iters/s

running (15m24.7s), 006/202 VUs, 553357 complete and 0 interrupted iterations
cap_refresh_token   [  51% ] 006/202 VUs  15m24.7s/30m0s  600.00 iters/s

running (15m25.7s), 009/202 VUs, 553954 complete and 0 interrupted iterations
cap_refresh_token   [  51% ] 009/202 VUs  15m25.7s/30m0s  600.00 iters/s

running (15m26.7s), 005/202 VUs, 554558 complete and 0 interrupted iterations
cap_refresh_token   [  51% ] 005/202 VUs  15m26.7s/30m0s  600.00 iters/s

running (15m27.7s), 005/202 VUs, 555158 complete and 0 interrupted iterations
cap_refresh_token   [  52% ] 005/202 VUs  15m27.7s/30m0s  600.00 iters/s

running (15m28.7s), 005/202 VUs, 555758 complete and 0 interrupted iterations
cap_refresh_token   [  52% ] 005/202 VUs  15m28.7s/30m0s  600.00 iters/s

running (15m29.7s), 005/202 VUs, 556358 complete and 0 interrupted iterations
cap_refresh_token   [  52% ] 005/202 VUs  15m29.7s/30m0s  600.00 iters/s

running (15m30.7s), 006/202 VUs, 556957 complete and 0 interrupted iterations
cap_refresh_token   [  52% ] 006/202 VUs  15m30.7s/30m0s  600.00 iters/s

running (15m31.7s), 006/202 VUs, 557557 complete and 0 interrupted iterations
cap_refresh_token   [  52% ] 006/202 VUs  15m31.7s/30m0s  600.00 iters/s

running (15m32.7s), 005/202 VUs, 558158 complete and 0 interrupted iterations
cap_refresh_token   [  52% ] 005/202 VUs  15m32.7s/30m0s  600.00 iters/s

running (15m33.7s), 011/202 VUs, 558753 complete and 0 interrupted iterations
cap_refresh_token   [  52% ] 011/202 VUs  15m33.7s/30m0s  600.00 iters/s

running (15m34.7s), 006/202 VUs, 559357 complete and 0 interrupted iterations
cap_refresh_token   [  52% ] 006/202 VUs  15m34.7s/30m0s  600.00 iters/s

running (15m35.7s), 007/202 VUs, 559956 complete and 0 interrupted iterations
cap_refresh_token   [  52% ] 007/202 VUs  15m35.7s/30m0s  600.00 iters/s

running (15m36.7s), 005/202 VUs, 560558 complete and 0 interrupted iterations
cap_refresh_token   [  52% ] 005/202 VUs  15m36.7s/30m0s  600.00 iters/s

running (15m37.7s), 006/202 VUs, 561157 complete and 0 interrupted iterations
cap_refresh_token   [  52% ] 006/202 VUs  15m37.7s/30m0s  600.00 iters/s

running (15m38.7s), 006/202 VUs, 561757 complete and 0 interrupted iterations
cap_refresh_token   [  52% ] 006/202 VUs  15m38.7s/30m0s  600.00 iters/s

running (15m39.7s), 005/202 VUs, 562358 complete and 0 interrupted iterations
cap_refresh_token   [  52% ] 005/202 VUs  15m39.7s/30m0s  600.00 iters/s

running (15m40.7s), 005/202 VUs, 562958 complete and 0 interrupted iterations
cap_refresh_token   [  52% ] 005/202 VUs  15m40.7s/30m0s  600.00 iters/s

running (15m41.7s), 032/202 VUs, 563531 complete and 0 interrupted iterations
cap_refresh_token   [  52% ] 032/202 VUs  15m41.7s/30m0s  600.00 iters/s

running (15m42.7s), 013/202 VUs, 564150 complete and 0 interrupted iterations
cap_refresh_token   [  52% ] 013/202 VUs  15m42.7s/30m0s  600.00 iters/s

running (15m43.7s), 007/202 VUs, 564756 complete and 0 interrupted iterations
cap_refresh_token   [  52% ] 007/202 VUs  15m43.7s/30m0s  600.00 iters/s

running (15m44.7s), 006/202 VUs, 565357 complete and 0 interrupted iterations
cap_refresh_token   [  52% ] 006/202 VUs  15m44.7s/30m0s  600.00 iters/s

running (15m45.7s), 005/202 VUs, 565958 complete and 0 interrupted iterations
cap_refresh_token   [  53% ] 005/202 VUs  15m45.7s/30m0s  600.00 iters/s

running (15m46.7s), 006/202 VUs, 566557 complete and 0 interrupted iterations
cap_refresh_token   [  53% ] 006/202 VUs  15m46.7s/30m0s  600.00 iters/s

running (15m47.7s), 006/202 VUs, 567157 complete and 0 interrupted iterations
cap_refresh_token   [  53% ] 006/202 VUs  15m47.7s/30m0s  600.00 iters/s

running (15m48.7s), 018/202 VUs, 567745 complete and 0 interrupted iterations
cap_refresh_token   [  53% ] 018/202 VUs  15m48.7s/30m0s  600.00 iters/s

running (15m49.7s), 009/202 VUs, 568354 complete and 0 interrupted iterations
cap_refresh_token   [  53% ] 009/202 VUs  15m49.7s/30m0s  600.00 iters/s

running (15m50.7s), 005/202 VUs, 568958 complete and 0 interrupted iterations
cap_refresh_token   [  53% ] 005/202 VUs  15m50.7s/30m0s  600.00 iters/s

running (15m51.7s), 007/202 VUs, 569556 complete and 0 interrupted iterations
cap_refresh_token   [  53% ] 007/202 VUs  15m51.7s/30m0s  600.00 iters/s

running (15m52.7s), 007/202 VUs, 570156 complete and 0 interrupted iterations
cap_refresh_token   [  53% ] 007/202 VUs  15m52.7s/30m0s  600.00 iters/s

running (15m53.7s), 011/202 VUs, 570752 complete and 0 interrupted iterations
cap_refresh_token   [  53% ] 011/202 VUs  15m53.7s/30m0s  600.00 iters/s

running (15m54.7s), 005/202 VUs, 571358 complete and 0 interrupted iterations
cap_refresh_token   [  53% ] 005/202 VUs  15m54.7s/30m0s  600.00 iters/s

running (15m55.7s), 005/202 VUs, 571958 complete and 0 interrupted iterations
cap_refresh_token   [  53% ] 005/202 VUs  15m55.7s/30m0s  600.00 iters/s

running (15m56.7s), 005/202 VUs, 572558 complete and 0 interrupted iterations
cap_refresh_token   [  53% ] 005/202 VUs  15m56.7s/30m0s  600.00 iters/s

running (15m57.7s), 007/202 VUs, 573156 complete and 0 interrupted iterations
cap_refresh_token   [  53% ] 007/202 VUs  15m57.7s/30m0s  600.00 iters/s

running (15m58.7s), 005/202 VUs, 573758 complete and 0 interrupted iterations
cap_refresh_token   [  53% ] 005/202 VUs  15m58.7s/30m0s  600.00 iters/s

running (15m59.7s), 005/202 VUs, 574358 complete and 0 interrupted iterations
cap_refresh_token   [  53% ] 005/202 VUs  15m59.7s/30m0s  600.00 iters/s

running (16m00.7s), 005/202 VUs, 574958 complete and 0 interrupted iterations
cap_refresh_token   [  53% ] 005/202 VUs  16m00.7s/30m0s  600.00 iters/s

running (16m01.7s), 009/202 VUs, 575559 complete and 0 interrupted iterations
cap_refresh_token   [  53% ] 009/202 VUs  16m01.7s/30m0s  600.00 iters/s

running (16m02.7s), 008/202 VUs, 576155 complete and 0 interrupted iterations
cap_refresh_token   [  53% ] 008/202 VUs  16m02.7s/30m0s  600.00 iters/s

running (16m03.7s), 004/202 VUs, 576759 complete and 0 interrupted iterations
cap_refresh_token   [  54% ] 004/202 VUs  16m03.7s/30m0s  600.00 iters/s

running (16m04.7s), 006/202 VUs, 577357 complete and 0 interrupted iterations
cap_refresh_token   [  54% ] 006/202 VUs  16m04.7s/30m0s  600.00 iters/s

running (16m05.7s), 005/202 VUs, 577958 complete and 0 interrupted iterations
cap_refresh_token   [  54% ] 005/202 VUs  16m05.7s/30m0s  600.00 iters/s

running (16m06.7s), 006/202 VUs, 578557 complete and 0 interrupted iterations
cap_refresh_token   [  54% ] 006/202 VUs  16m06.7s/30m0s  600.00 iters/s

running (16m07.7s), 010/202 VUs, 579152 complete and 0 interrupted iterations
cap_refresh_token   [  54% ] 010/202 VUs  16m07.7s/30m0s  600.00 iters/s

running (16m08.7s), 004/202 VUs, 579759 complete and 0 interrupted iterations
cap_refresh_token   [  54% ] 004/202 VUs  16m08.7s/30m0s  600.00 iters/s

running (16m09.7s), 005/202 VUs, 580358 complete and 0 interrupted iterations
cap_refresh_token   [  54% ] 005/202 VUs  16m09.7s/30m0s  600.00 iters/s

running (16m10.7s), 006/202 VUs, 580957 complete and 0 interrupted iterations
cap_refresh_token   [  54% ] 006/202 VUs  16m10.7s/30m0s  600.00 iters/s

running (16m11.7s), 007/202 VUs, 581556 complete and 0 interrupted iterations
cap_refresh_token   [  54% ] 007/202 VUs  16m11.7s/30m0s  600.00 iters/s

running (16m12.7s), 005/202 VUs, 582158 complete and 0 interrupted iterations
cap_refresh_token   [  54% ] 005/202 VUs  16m12.7s/30m0s  600.00 iters/s

running (16m13.7s), 004/202 VUs, 582758 complete and 0 interrupted iterations
cap_refresh_token   [  54% ] 004/202 VUs  16m13.7s/30m0s  600.00 iters/s

running (16m14.7s), 005/202 VUs, 583358 complete and 0 interrupted iterations
cap_refresh_token   [  54% ] 005/202 VUs  16m14.7s/30m0s  600.00 iters/s

running (16m15.7s), 005/202 VUs, 583958 complete and 0 interrupted iterations
cap_refresh_token   [  54% ] 005/202 VUs  16m15.7s/30m0s  600.00 iters/s

running (16m16.7s), 006/202 VUs, 584557 complete and 0 interrupted iterations
cap_refresh_token   [  54% ] 006/202 VUs  16m16.7s/30m0s  600.00 iters/s

running (16m17.7s), 006/202 VUs, 585157 complete and 0 interrupted iterations
cap_refresh_token   [  54% ] 006/202 VUs  16m17.7s/30m0s  600.00 iters/s

running (16m18.7s), 005/202 VUs, 585757 complete and 0 interrupted iterations
cap_refresh_token   [  54% ] 006/202 VUs  16m18.7s/30m0s  600.00 iters/s

running (16m19.7s), 007/202 VUs, 586356 complete and 0 interrupted iterations
cap_refresh_token   [  54% ] 007/202 VUs  16m19.7s/30m0s  600.00 iters/s

running (16m20.7s), 006/202 VUs, 586957 complete and 0 interrupted iterations
cap_refresh_token   [  54% ] 006/202 VUs  16m20.7s/30m0s  600.00 iters/s

running (16m21.7s), 007/202 VUs, 587556 complete and 0 interrupted iterations
cap_refresh_token   [  55% ] 007/202 VUs  16m21.7s/30m0s  600.00 iters/s

running (16m22.7s), 010/202 VUs, 588153 complete and 0 interrupted iterations
cap_refresh_token   [  55% ] 010/202 VUs  16m22.7s/30m0s  600.00 iters/s

running (16m23.7s), 006/202 VUs, 588757 complete and 0 interrupted iterations
cap_refresh_token   [  55% ] 006/202 VUs  16m23.7s/30m0s  600.00 iters/s

running (16m24.7s), 007/202 VUs, 589356 complete and 0 interrupted iterations
cap_refresh_token   [  55% ] 007/202 VUs  16m24.7s/30m0s  600.00 iters/s

running (16m25.7s), 007/202 VUs, 589956 complete and 0 interrupted iterations
cap_refresh_token   [  55% ] 007/202 VUs  16m25.7s/30m0s  600.00 iters/s

running (16m26.7s), 005/202 VUs, 590558 complete and 0 interrupted iterations
cap_refresh_token   [  55% ] 005/202 VUs  16m26.7s/30m0s  600.00 iters/s

running (16m27.7s), 005/202 VUs, 591158 complete and 0 interrupted iterations
cap_refresh_token   [  55% ] 005/202 VUs  16m27.7s/30m0s  600.00 iters/s

running (16m28.7s), 007/202 VUs, 591756 complete and 0 interrupted iterations
cap_refresh_token   [  55% ] 007/202 VUs  16m28.7s/30m0s  600.00 iters/s

running (16m29.7s), 006/202 VUs, 592357 complete and 0 interrupted iterations
cap_refresh_token   [  55% ] 006/202 VUs  16m29.7s/30m0s  600.00 iters/s

running (16m30.7s), 006/202 VUs, 592957 complete and 0 interrupted iterations
cap_refresh_token   [  55% ] 006/202 VUs  16m30.7s/30m0s  600.00 iters/s

running (16m31.7s), 005/202 VUs, 593558 complete and 0 interrupted iterations
cap_refresh_token   [  55% ] 005/202 VUs  16m31.7s/30m0s  600.00 iters/s

running (16m32.7s), 010/202 VUs, 594153 complete and 0 interrupted iterations
cap_refresh_token   [  55% ] 010/202 VUs  16m32.7s/30m0s  600.00 iters/s

running (16m33.7s), 005/202 VUs, 594758 complete and 0 interrupted iterations
cap_refresh_token   [  55% ] 005/202 VUs  16m33.7s/30m0s  600.00 iters/s

running (16m34.7s), 005/202 VUs, 595358 complete and 0 interrupted iterations
cap_refresh_token   [  55% ] 005/202 VUs  16m34.7s/30m0s  600.00 iters/s

running (16m35.7s), 004/202 VUs, 595959 complete and 0 interrupted iterations
cap_refresh_token   [  55% ] 004/202 VUs  16m35.7s/30m0s  600.00 iters/s

running (16m36.7s), 006/202 VUs, 596557 complete and 0 interrupted iterations
cap_refresh_token   [  55% ] 006/202 VUs  16m36.7s/30m0s  600.00 iters/s

running (16m37.7s), 004/202 VUs, 597159 complete and 0 interrupted iterations
cap_refresh_token   [  55% ] 004/202 VUs  16m37.7s/30m0s  600.00 iters/s

running (16m38.7s), 007/202 VUs, 597756 complete and 0 interrupted iterations
cap_refresh_token   [  55% ] 007/202 VUs  16m38.7s/30m0s  600.00 iters/s

running (16m39.7s), 004/202 VUs, 598358 complete and 0 interrupted iterations
cap_refresh_token   [  56% ] 005/202 VUs  16m39.7s/30m0s  600.00 iters/s

running (16m40.7s), 004/202 VUs, 598959 complete and 0 interrupted iterations
cap_refresh_token   [  56% ] 004/202 VUs  16m40.7s/30m0s  600.00 iters/s

running (16m41.7s), 006/202 VUs, 599557 complete and 0 interrupted iterations
cap_refresh_token   [  56% ] 006/202 VUs  16m41.7s/30m0s  600.00 iters/s

running (16m42.7s), 028/202 VUs, 600135 complete and 0 interrupted iterations
cap_refresh_token   [  56% ] 028/202 VUs  16m42.7s/30m0s  600.00 iters/s

running (16m43.7s), 008/202 VUs, 600755 complete and 0 interrupted iterations
cap_refresh_token   [  56% ] 008/202 VUs  16m43.7s/30m0s  600.00 iters/s

running (16m44.7s), 005/202 VUs, 601357 complete and 0 interrupted iterations
cap_refresh_token   [  56% ] 005/202 VUs  16m44.7s/30m0s  600.00 iters/s

running (16m45.7s), 006/202 VUs, 601957 complete and 0 interrupted iterations
cap_refresh_token   [  56% ] 006/202 VUs  16m45.7s/30m0s  600.00 iters/s

running (16m46.7s), 005/202 VUs, 602558 complete and 0 interrupted iterations
cap_refresh_token   [  56% ] 005/202 VUs  16m46.7s/30m0s  600.00 iters/s

running (16m47.7s), 006/202 VUs, 603157 complete and 0 interrupted iterations
cap_refresh_token   [  56% ] 006/202 VUs  16m47.7s/30m0s  600.00 iters/s

running (16m48.7s), 007/202 VUs, 603756 complete and 0 interrupted iterations
cap_refresh_token   [  56% ] 007/202 VUs  16m48.7s/30m0s  600.00 iters/s

running (16m49.7s), 004/202 VUs, 604359 complete and 0 interrupted iterations
cap_refresh_token   [  56% ] 004/202 VUs  16m49.7s/30m0s  600.00 iters/s

running (16m50.7s), 006/202 VUs, 604957 complete and 0 interrupted iterations
cap_refresh_token   [  56% ] 006/202 VUs  16m50.7s/30m0s  600.00 iters/s

running (16m51.7s), 004/202 VUs, 605559 complete and 0 interrupted iterations
cap_refresh_token   [  56% ] 004/202 VUs  16m51.7s/30m0s  600.00 iters/s

running (16m52.7s), 005/202 VUs, 606158 complete and 0 interrupted iterations
cap_refresh_token   [  56% ] 005/202 VUs  16m52.7s/30m0s  600.00 iters/s

running (16m53.7s), 044/202 VUs, 606719 complete and 0 interrupted iterations
cap_refresh_token   [  56% ] 044/202 VUs  16m53.7s/30m0s  600.00 iters/s

running (16m54.7s), 006/202 VUs, 607357 complete and 0 interrupted iterations
cap_refresh_token   [  56% ] 006/202 VUs  16m54.7s/30m0s  600.00 iters/s

running (16m55.7s), 009/202 VUs, 607954 complete and 0 interrupted iterations
cap_refresh_token   [  56% ] 009/202 VUs  16m55.7s/30m0s  600.00 iters/s

running (16m56.7s), 008/202 VUs, 608555 complete and 0 interrupted iterations
cap_refresh_token   [  56% ] 008/202 VUs  16m56.7s/30m0s  600.00 iters/s

running (16m57.7s), 006/202 VUs, 609157 complete and 0 interrupted iterations
cap_refresh_token   [  57% ] 006/202 VUs  16m57.7s/30m0s  600.00 iters/s

running (16m58.7s), 006/202 VUs, 609757 complete and 0 interrupted iterations
cap_refresh_token   [  57% ] 006/202 VUs  16m58.7s/30m0s  600.00 iters/s

running (16m59.7s), 006/202 VUs, 610357 complete and 0 interrupted iterations
cap_refresh_token   [  57% ] 006/202 VUs  16m59.7s/30m0s  600.00 iters/s

running (17m00.7s), 008/202 VUs, 610955 complete and 0 interrupted iterations
cap_refresh_token   [  57% ] 008/202 VUs  17m00.7s/30m0s  600.00 iters/s

running (17m01.7s), 005/202 VUs, 611558 complete and 0 interrupted iterations
cap_refresh_token   [  57% ] 005/202 VUs  17m01.7s/30m0s  600.00 iters/s

running (17m02.7s), 043/202 VUs, 612120 complete and 0 interrupted iterations
cap_refresh_token   [  57% ] 043/202 VUs  17m02.7s/30m0s  600.00 iters/s

running (17m03.7s), 006/202 VUs, 612757 complete and 0 interrupted iterations
cap_refresh_token   [  57% ] 006/202 VUs  17m03.7s/30m0s  600.00 iters/s

running (17m04.7s), 006/202 VUs, 613356 complete and 0 interrupted iterations
cap_refresh_token   [  57% ] 007/202 VUs  17m04.7s/30m0s  600.00 iters/s

running (17m05.7s), 014/202 VUs, 613949 complete and 0 interrupted iterations
cap_refresh_token   [  57% ] 014/202 VUs  17m05.7s/30m0s  600.00 iters/s

running (17m06.7s), 005/202 VUs, 614558 complete and 0 interrupted iterations
cap_refresh_token   [  57% ] 005/202 VUs  17m06.7s/30m0s  600.00 iters/s

running (17m07.7s), 005/202 VUs, 615158 complete and 0 interrupted iterations
cap_refresh_token   [  57% ] 005/202 VUs  17m07.7s/30m0s  600.00 iters/s

running (17m08.7s), 006/202 VUs, 615757 complete and 0 interrupted iterations
cap_refresh_token   [  57% ] 006/202 VUs  17m08.7s/30m0s  600.00 iters/s

running (17m09.7s), 004/202 VUs, 616359 complete and 0 interrupted iterations
cap_refresh_token   [  57% ] 004/202 VUs  17m09.7s/30m0s  600.00 iters/s

running (17m10.7s), 010/202 VUs, 616953 complete and 0 interrupted iterations
cap_refresh_token   [  57% ] 010/202 VUs  17m10.7s/30m0s  600.00 iters/s

running (17m11.7s), 006/202 VUs, 617557 complete and 0 interrupted iterations
cap_refresh_token   [  57% ] 006/202 VUs  17m11.7s/30m0s  600.00 iters/s

running (17m12.7s), 005/202 VUs, 618158 complete and 0 interrupted iterations
cap_refresh_token   [  57% ] 005/202 VUs  17m12.7s/30m0s  600.00 iters/s

running (17m13.7s), 006/202 VUs, 618757 complete and 0 interrupted iterations
cap_refresh_token   [  57% ] 006/202 VUs  17m13.7s/30m0s  600.00 iters/s

running (17m14.7s), 004/202 VUs, 619359 complete and 0 interrupted iterations
cap_refresh_token   [  57% ] 004/202 VUs  17m14.7s/30m0s  600.00 iters/s

running (17m15.7s), 004/202 VUs, 619959 complete and 0 interrupted iterations
cap_refresh_token   [  58% ] 004/202 VUs  17m15.7s/30m0s  600.00 iters/s

running (17m16.7s), 005/202 VUs, 620558 complete and 0 interrupted iterations
cap_refresh_token   [  58% ] 005/202 VUs  17m16.7s/30m0s  600.00 iters/s

running (17m17.7s), 005/202 VUs, 621158 complete and 0 interrupted iterations
cap_refresh_token   [  58% ] 005/202 VUs  17m17.7s/30m0s  600.00 iters/s

running (17m18.7s), 005/202 VUs, 621758 complete and 0 interrupted iterations
cap_refresh_token   [  58% ] 005/202 VUs  17m18.7s/30m0s  600.00 iters/s

running (17m19.7s), 007/202 VUs, 622356 complete and 0 interrupted iterations
cap_refresh_token   [  58% ] 007/202 VUs  17m19.7s/30m0s  600.00 iters/s

running (17m20.7s), 004/202 VUs, 622959 complete and 0 interrupted iterations
cap_refresh_token   [  58% ] 004/202 VUs  17m20.7s/30m0s  600.00 iters/s

running (17m21.7s), 008/202 VUs, 623555 complete and 0 interrupted iterations
cap_refresh_token   [  58% ] 008/202 VUs  17m21.7s/30m0s  600.00 iters/s

running (17m22.7s), 006/202 VUs, 624157 complete and 0 interrupted iterations
cap_refresh_token   [  58% ] 006/202 VUs  17m22.7s/30m0s  600.00 iters/s

running (17m23.7s), 008/202 VUs, 624755 complete and 0 interrupted iterations
cap_refresh_token   [  58% ] 008/202 VUs  17m23.7s/30m0s  600.00 iters/s

running (17m24.7s), 007/202 VUs, 625356 complete and 0 interrupted iterations
cap_refresh_token   [  58% ] 007/202 VUs  17m24.7s/30m0s  600.00 iters/s

running (17m25.7s), 009/202 VUs, 625954 complete and 0 interrupted iterations
cap_refresh_token   [  58% ] 009/202 VUs  17m25.7s/30m0s  600.00 iters/s

running (17m26.7s), 007/202 VUs, 626556 complete and 0 interrupted iterations
cap_refresh_token   [  58% ] 007/202 VUs  17m26.7s/30m0s  600.00 iters/s

running (17m27.7s), 007/202 VUs, 627156 complete and 0 interrupted iterations
cap_refresh_token   [  58% ] 007/202 VUs  17m27.7s/30m0s  600.00 iters/s

running (17m28.7s), 007/202 VUs, 627756 complete and 0 interrupted iterations
cap_refresh_token   [  58% ] 007/202 VUs  17m28.7s/30m0s  600.00 iters/s

running (17m29.7s), 015/202 VUs, 628348 complete and 0 interrupted iterations
cap_refresh_token   [  58% ] 015/202 VUs  17m29.7s/30m0s  600.00 iters/s

running (17m30.7s), 004/202 VUs, 628959 complete and 0 interrupted iterations
cap_refresh_token   [  58% ] 004/202 VUs  17m30.7s/30m0s  600.00 iters/s

running (17m31.7s), 009/202 VUs, 629554 complete and 0 interrupted iterations
cap_refresh_token   [  58% ] 009/202 VUs  17m31.7s/30m0s  600.00 iters/s

running (17m32.7s), 006/202 VUs, 630157 complete and 0 interrupted iterations
cap_refresh_token   [  58% ] 006/202 VUs  17m32.7s/30m0s  600.00 iters/s

running (17m33.7s), 005/202 VUs, 630758 complete and 0 interrupted iterations
cap_refresh_token   [  59% ] 005/202 VUs  17m33.7s/30m0s  600.00 iters/s

running (17m34.7s), 011/202 VUs, 631352 complete and 0 interrupted iterations
cap_refresh_token   [  59% ] 011/202 VUs  17m34.7s/30m0s  600.00 iters/s

running (17m35.7s), 009/202 VUs, 631954 complete and 0 interrupted iterations
cap_refresh_token   [  59% ] 009/202 VUs  17m35.7s/30m0s  600.00 iters/s

running (17m36.7s), 007/202 VUs, 632556 complete and 0 interrupted iterations
cap_refresh_token   [  59% ] 007/202 VUs  17m36.7s/30m0s  600.00 iters/s

running (17m37.7s), 010/202 VUs, 633153 complete and 0 interrupted iterations
cap_refresh_token   [  59% ] 010/202 VUs  17m37.7s/30m0s  600.00 iters/s

running (17m38.7s), 006/202 VUs, 633757 complete and 0 interrupted iterations
cap_refresh_token   [  59% ] 006/202 VUs  17m38.7s/30m0s  600.00 iters/s

running (17m39.7s), 005/202 VUs, 634358 complete and 0 interrupted iterations
cap_refresh_token   [  59% ] 005/202 VUs  17m39.7s/30m0s  600.00 iters/s

running (17m40.7s), 007/202 VUs, 634956 complete and 0 interrupted iterations
cap_refresh_token   [  59% ] 007/202 VUs  17m40.7s/30m0s  600.00 iters/s

running (17m41.7s), 017/202 VUs, 635545 complete and 0 interrupted iterations
cap_refresh_token   [  59% ] 017/202 VUs  17m41.7s/30m0s  600.00 iters/s

running (17m42.7s), 005/202 VUs, 636158 complete and 0 interrupted iterations
cap_refresh_token   [  59% ] 005/202 VUs  17m42.7s/30m0s  600.00 iters/s

running (17m43.7s), 008/202 VUs, 636755 complete and 0 interrupted iterations
cap_refresh_token   [  59% ] 008/202 VUs  17m43.7s/30m0s  600.00 iters/s

running (17m44.7s), 004/202 VUs, 637359 complete and 0 interrupted iterations
cap_refresh_token   [  59% ] 004/202 VUs  17m44.7s/30m0s  600.00 iters/s

running (17m45.7s), 008/202 VUs, 637955 complete and 0 interrupted iterations
cap_refresh_token   [  59% ] 008/202 VUs  17m45.7s/30m0s  600.00 iters/s

running (17m46.7s), 005/202 VUs, 638558 complete and 0 interrupted iterations
cap_refresh_token   [  59% ] 005/202 VUs  17m46.7s/30m0s  600.00 iters/s

running (17m47.7s), 006/202 VUs, 639157 complete and 0 interrupted iterations
cap_refresh_token   [  59% ] 006/202 VUs  17m47.7s/30m0s  600.00 iters/s

running (17m48.7s), 005/202 VUs, 639758 complete and 0 interrupted iterations
cap_refresh_token   [  59% ] 005/202 VUs  17m48.7s/30m0s  600.00 iters/s

running (17m49.7s), 009/202 VUs, 640354 complete and 0 interrupted iterations
cap_refresh_token   [  59% ] 009/202 VUs  17m49.7s/30m0s  600.00 iters/s

running (17m50.7s), 006/202 VUs, 640957 complete and 0 interrupted iterations
cap_refresh_token   [  59% ] 006/202 VUs  17m50.7s/30m0s  600.00 iters/s

running (17m51.7s), 006/202 VUs, 641557 complete and 0 interrupted iterations
cap_refresh_token   [  60% ] 006/202 VUs  17m51.7s/30m0s  600.00 iters/s

running (17m52.7s), 007/202 VUs, 642156 complete and 0 interrupted iterations
cap_refresh_token   [  60% ] 007/202 VUs  17m52.7s/30m0s  600.00 iters/s

running (17m53.7s), 005/202 VUs, 642758 complete and 0 interrupted iterations
cap_refresh_token   [  60% ] 005/202 VUs  17m53.7s/30m0s  600.00 iters/s

running (17m54.7s), 005/202 VUs, 643358 complete and 0 interrupted iterations
cap_refresh_token   [  60% ] 005/202 VUs  17m54.7s/30m0s  600.00 iters/s

running (17m55.7s), 007/202 VUs, 643956 complete and 0 interrupted iterations
cap_refresh_token   [  60% ] 007/202 VUs  17m55.7s/30m0s  600.00 iters/s

running (17m56.7s), 007/202 VUs, 644556 complete and 0 interrupted iterations
cap_refresh_token   [  60% ] 007/202 VUs  17m56.7s/30m0s  600.00 iters/s

running (17m57.7s), 004/202 VUs, 645159 complete and 0 interrupted iterations
cap_refresh_token   [  60% ] 004/202 VUs  17m57.7s/30m0s  600.00 iters/s

running (17m58.7s), 005/202 VUs, 645758 complete and 0 interrupted iterations
cap_refresh_token   [  60% ] 005/202 VUs  17m58.7s/30m0s  600.00 iters/s

running (17m59.7s), 010/202 VUs, 646353 complete and 0 interrupted iterations
cap_refresh_token   [  60% ] 010/202 VUs  17m59.7s/30m0s  600.00 iters/s

running (18m00.7s), 007/202 VUs, 646956 complete and 0 interrupted iterations
cap_refresh_token   [  60% ] 007/202 VUs  18m00.7s/30m0s  600.00 iters/s

running (18m01.7s), 005/202 VUs, 647558 complete and 0 interrupted iterations
cap_refresh_token   [  60% ] 005/202 VUs  18m01.7s/30m0s  600.00 iters/s

running (18m02.7s), 007/202 VUs, 648156 complete and 0 interrupted iterations
cap_refresh_token   [  60% ] 007/202 VUs  18m02.7s/30m0s  600.00 iters/s

running (18m03.7s), 044/202 VUs, 648718 complete and 0 interrupted iterations
cap_refresh_token   [  60% ] 044/202 VUs  18m03.7s/30m0s  600.00 iters/s

running (18m04.7s), 006/202 VUs, 649357 complete and 0 interrupted iterations
cap_refresh_token   [  60% ] 006/202 VUs  18m04.7s/30m0s  600.00 iters/s

running (18m05.7s), 005/202 VUs, 649958 complete and 0 interrupted iterations
cap_refresh_token   [  60% ] 005/202 VUs  18m05.7s/30m0s  600.00 iters/s

running (18m06.7s), 005/202 VUs, 650558 complete and 0 interrupted iterations
cap_refresh_token   [  60% ] 005/202 VUs  18m06.7s/30m0s  600.00 iters/s

running (18m07.7s), 004/202 VUs, 651159 complete and 0 interrupted iterations
cap_refresh_token   [  60% ] 004/202 VUs  18m07.7s/30m0s  600.00 iters/s

running (18m08.7s), 005/202 VUs, 651758 complete and 0 interrupted iterations
cap_refresh_token   [  60% ] 005/202 VUs  18m08.7s/30m0s  600.00 iters/s

running (18m09.7s), 007/202 VUs, 652356 complete and 0 interrupted iterations
cap_refresh_token   [  61% ] 007/202 VUs  18m09.7s/30m0s  600.00 iters/s

running (18m10.7s), 006/202 VUs, 652957 complete and 0 interrupted iterations
cap_refresh_token   [  61% ] 006/202 VUs  18m10.7s/30m0s  600.00 iters/s

running (18m11.7s), 004/202 VUs, 653559 complete and 0 interrupted iterations
cap_refresh_token   [  61% ] 004/202 VUs  18m11.7s/30m0s  600.00 iters/s

running (18m12.7s), 006/202 VUs, 654157 complete and 0 interrupted iterations
cap_refresh_token   [  61% ] 006/202 VUs  18m12.7s/30m0s  600.00 iters/s

running (18m13.7s), 007/202 VUs, 654756 complete and 0 interrupted iterations
cap_refresh_token   [  61% ] 007/202 VUs  18m13.7s/30m0s  600.00 iters/s

running (18m14.7s), 006/202 VUs, 655357 complete and 0 interrupted iterations
cap_refresh_token   [  61% ] 006/202 VUs  18m14.7s/30m0s  600.00 iters/s

running (18m15.7s), 006/202 VUs, 655957 complete and 0 interrupted iterations
cap_refresh_token   [  61% ] 006/202 VUs  18m15.7s/30m0s  600.00 iters/s

running (18m16.7s), 006/202 VUs, 656557 complete and 0 interrupted iterations
cap_refresh_token   [  61% ] 006/202 VUs  18m16.7s/30m0s  600.00 iters/s

running (18m17.7s), 006/202 VUs, 657157 complete and 0 interrupted iterations
cap_refresh_token   [  61% ] 006/202 VUs  18m17.7s/30m0s  600.00 iters/s

running (18m18.7s), 006/202 VUs, 657757 complete and 0 interrupted iterations
cap_refresh_token   [  61% ] 006/202 VUs  18m18.7s/30m0s  600.00 iters/s

running (18m19.7s), 007/202 VUs, 658356 complete and 0 interrupted iterations
cap_refresh_token   [  61% ] 007/202 VUs  18m19.7s/30m0s  600.00 iters/s

running (18m20.7s), 005/202 VUs, 658958 complete and 0 interrupted iterations
cap_refresh_token   [  61% ] 005/202 VUs  18m20.7s/30m0s  600.00 iters/s

running (18m21.7s), 007/202 VUs, 659556 complete and 0 interrupted iterations
cap_refresh_token   [  61% ] 007/202 VUs  18m21.7s/30m0s  600.00 iters/s

running (18m22.7s), 005/202 VUs, 660158 complete and 0 interrupted iterations
cap_refresh_token   [  61% ] 005/202 VUs  18m22.7s/30m0s  600.00 iters/s

running (18m23.7s), 035/202 VUs, 660728 complete and 0 interrupted iterations
cap_refresh_token   [  61% ] 035/202 VUs  18m23.7s/30m0s  600.00 iters/s

running (18m24.7s), 005/202 VUs, 661358 complete and 0 interrupted iterations
cap_refresh_token   [  61% ] 005/202 VUs  18m24.7s/30m0s  600.00 iters/s

running (18m25.7s), 015/202 VUs, 661948 complete and 0 interrupted iterations
cap_refresh_token   [  61% ] 015/202 VUs  18m25.7s/30m0s  600.00 iters/s

running (18m26.7s), 006/202 VUs, 662557 complete and 0 interrupted iterations
cap_refresh_token   [  61% ] 006/202 VUs  18m26.7s/30m0s  600.00 iters/s

running (18m27.7s), 008/202 VUs, 663155 complete and 0 interrupted iterations
cap_refresh_token   [  62% ] 008/202 VUs  18m27.7s/30m0s  600.00 iters/s

running (18m28.7s), 005/202 VUs, 663758 complete and 0 interrupted iterations
cap_refresh_token   [  62% ] 005/202 VUs  18m28.7s/30m0s  600.00 iters/s

running (18m29.7s), 006/202 VUs, 664357 complete and 0 interrupted iterations
cap_refresh_token   [  62% ] 006/202 VUs  18m29.7s/30m0s  600.00 iters/s

running (18m30.7s), 005/202 VUs, 664958 complete and 0 interrupted iterations
cap_refresh_token   [  62% ] 005/202 VUs  18m30.7s/30m0s  600.00 iters/s

running (18m31.7s), 005/202 VUs, 665558 complete and 0 interrupted iterations
cap_refresh_token   [  62% ] 005/202 VUs  18m31.7s/30m0s  600.00 iters/s

running (18m32.7s), 009/202 VUs, 666154 complete and 0 interrupted iterations
cap_refresh_token   [  62% ] 009/202 VUs  18m32.7s/30m0s  600.00 iters/s

running (18m33.7s), 007/202 VUs, 666756 complete and 0 interrupted iterations
cap_refresh_token   [  62% ] 007/202 VUs  18m33.7s/30m0s  600.00 iters/s

running (18m34.7s), 005/202 VUs, 667358 complete and 0 interrupted iterations
cap_refresh_token   [  62% ] 005/202 VUs  18m34.7s/30m0s  600.00 iters/s

running (18m35.7s), 008/202 VUs, 667955 complete and 0 interrupted iterations
cap_refresh_token   [  62% ] 008/202 VUs  18m35.7s/30m0s  600.00 iters/s

running (18m36.7s), 123/205 VUs, 668404 complete and 0 interrupted iterations
cap_refresh_token   [  62% ] 124/205 VUs  18m36.7s/30m0s  600.00 iters/s

running (18m37.7s), 098/205 VUs, 669030 complete and 0 interrupted iterations
cap_refresh_token   [  62% ] 098/205 VUs  18m37.7s/30m0s  600.00 iters/s

running (18m38.7s), 024/205 VUs, 669703 complete and 0 interrupted iterations
cap_refresh_token   [  62% ] 024/205 VUs  18m38.7s/30m0s  600.00 iters/s

running (18m39.7s), 005/205 VUs, 670323 complete and 0 interrupted iterations
cap_refresh_token   [  62% ] 005/205 VUs  18m39.7s/30m0s  600.00 iters/s

running (18m40.7s), 007/205 VUs, 670921 complete and 0 interrupted iterations
cap_refresh_token   [  62% ] 007/205 VUs  18m40.7s/30m0s  600.00 iters/s

running (18m41.7s), 005/205 VUs, 671523 complete and 0 interrupted iterations
cap_refresh_token   [  62% ] 005/205 VUs  18m41.7s/30m0s  600.00 iters/s

running (18m42.7s), 006/205 VUs, 672122 complete and 0 interrupted iterations
cap_refresh_token   [  62% ] 006/205 VUs  18m42.7s/30m0s  600.00 iters/s

running (18m43.7s), 015/205 VUs, 672713 complete and 0 interrupted iterations
cap_refresh_token   [  62% ] 015/205 VUs  18m43.7s/30m0s  600.00 iters/s

running (18m44.7s), 017/205 VUs, 673311 complete and 0 interrupted iterations
cap_refresh_token   [  62% ] 017/205 VUs  18m44.7s/30m0s  600.00 iters/s

running (18m45.7s), 004/205 VUs, 673924 complete and 0 interrupted iterations
cap_refresh_token   [  63% ] 004/205 VUs  18m45.7s/30m0s  600.00 iters/s

running (18m46.7s), 007/205 VUs, 674521 complete and 0 interrupted iterations
cap_refresh_token   [  63% ] 007/205 VUs  18m46.7s/30m0s  600.00 iters/s

running (18m47.7s), 005/205 VUs, 675123 complete and 0 interrupted iterations
cap_refresh_token   [  63% ] 005/205 VUs  18m47.7s/30m0s  600.00 iters/s

running (18m48.7s), 005/205 VUs, 675723 complete and 0 interrupted iterations
cap_refresh_token   [  63% ] 005/205 VUs  18m48.7s/30m0s  600.00 iters/s

running (18m49.7s), 006/205 VUs, 676322 complete and 0 interrupted iterations
cap_refresh_token   [  63% ] 006/205 VUs  18m49.7s/30m0s  600.00 iters/s

running (18m50.7s), 006/205 VUs, 676922 complete and 0 interrupted iterations
cap_refresh_token   [  63% ] 006/205 VUs  18m50.7s/30m0s  600.00 iters/s

running (18m51.7s), 006/205 VUs, 677521 complete and 0 interrupted iterations
cap_refresh_token   [  63% ] 006/205 VUs  18m51.7s/30m0s  600.00 iters/s

running (18m52.7s), 020/205 VUs, 678108 complete and 0 interrupted iterations
cap_refresh_token   [  63% ] 020/205 VUs  18m52.7s/30m0s  600.00 iters/s

running (18m53.7s), 005/205 VUs, 678723 complete and 0 interrupted iterations
cap_refresh_token   [  63% ] 005/205 VUs  18m53.7s/30m0s  600.00 iters/s

running (18m54.7s), 006/205 VUs, 679322 complete and 0 interrupted iterations
cap_refresh_token   [  63% ] 006/205 VUs  18m54.7s/30m0s  600.00 iters/s

running (18m55.7s), 009/205 VUs, 679919 complete and 0 interrupted iterations
cap_refresh_token   [  63% ] 009/205 VUs  18m55.7s/30m0s  600.00 iters/s

running (18m56.7s), 009/205 VUs, 680519 complete and 0 interrupted iterations
cap_refresh_token   [  63% ] 009/205 VUs  18m56.7s/30m0s  600.00 iters/s

running (18m57.7s), 008/205 VUs, 681120 complete and 0 interrupted iterations
cap_refresh_token   [  63% ] 008/205 VUs  18m57.7s/30m0s  600.00 iters/s

running (18m58.7s), 005/205 VUs, 681723 complete and 0 interrupted iterations
cap_refresh_token   [  63% ] 005/205 VUs  18m58.7s/30m0s  600.00 iters/s

running (18m59.7s), 005/205 VUs, 682323 complete and 0 interrupted iterations
cap_refresh_token   [  63% ] 005/205 VUs  18m59.7s/30m0s  600.00 iters/s

running (19m00.7s), 007/205 VUs, 682921 complete and 0 interrupted iterations
cap_refresh_token   [  63% ] 007/205 VUs  19m00.7s/30m0s  600.00 iters/s

running (19m01.7s), 013/205 VUs, 683515 complete and 0 interrupted iterations
cap_refresh_token   [  63% ] 013/205 VUs  19m01.7s/30m0s  600.00 iters/s

running (19m02.7s), 004/205 VUs, 684124 complete and 0 interrupted iterations
cap_refresh_token   [  63% ] 004/205 VUs  19m02.7s/30m0s  600.00 iters/s

running (19m03.7s), 012/205 VUs, 684716 complete and 0 interrupted iterations
cap_refresh_token   [  64% ] 012/205 VUs  19m03.7s/30m0s  600.00 iters/s

running (19m04.7s), 045/205 VUs, 685283 complete and 0 interrupted iterations
cap_refresh_token   [  64% ] 045/205 VUs  19m04.7s/30m0s  600.00 iters/s

running (19m05.7s), 008/205 VUs, 685920 complete and 0 interrupted iterations
cap_refresh_token   [  64% ] 008/205 VUs  19m05.7s/30m0s  600.00 iters/s

running (19m06.7s), 005/205 VUs, 686522 complete and 0 interrupted iterations
cap_refresh_token   [  64% ] 005/205 VUs  19m06.7s/30m0s  600.00 iters/s

running (19m07.7s), 006/205 VUs, 687122 complete and 0 interrupted iterations
cap_refresh_token   [  64% ] 006/205 VUs  19m07.7s/30m0s  600.00 iters/s

running (19m08.7s), 006/205 VUs, 687722 complete and 0 interrupted iterations
cap_refresh_token   [  64% ] 006/205 VUs  19m08.7s/30m0s  600.00 iters/s

running (19m09.7s), 005/205 VUs, 688323 complete and 0 interrupted iterations
cap_refresh_token   [  64% ] 005/205 VUs  19m09.7s/30m0s  600.00 iters/s

running (19m10.7s), 005/205 VUs, 688923 complete and 0 interrupted iterations
cap_refresh_token   [  64% ] 005/205 VUs  19m10.7s/30m0s  600.00 iters/s

running (19m11.7s), 007/205 VUs, 689521 complete and 0 interrupted iterations
cap_refresh_token   [  64% ] 007/205 VUs  19m11.7s/30m0s  600.00 iters/s

running (19m12.7s), 007/205 VUs, 690121 complete and 0 interrupted iterations
cap_refresh_token   [  64% ] 007/205 VUs  19m12.7s/30m0s  600.00 iters/s

running (19m13.7s), 004/205 VUs, 690724 complete and 0 interrupted iterations
cap_refresh_token   [  64% ] 004/205 VUs  19m13.7s/30m0s  600.00 iters/s

running (19m14.7s), 007/205 VUs, 691321 complete and 0 interrupted iterations
cap_refresh_token   [  64% ] 007/205 VUs  19m14.7s/30m0s  600.00 iters/s

running (19m15.7s), 007/205 VUs, 691921 complete and 0 interrupted iterations
cap_refresh_token   [  64% ] 007/205 VUs  19m15.7s/30m0s  600.00 iters/s

running (19m16.7s), 007/205 VUs, 692521 complete and 0 interrupted iterations
cap_refresh_token   [  64% ] 007/205 VUs  19m16.7s/30m0s  600.00 iters/s

running (19m17.7s), 005/205 VUs, 693123 complete and 0 interrupted iterations
cap_refresh_token   [  64% ] 005/205 VUs  19m17.7s/30m0s  600.00 iters/s

running (19m18.7s), 006/205 VUs, 693722 complete and 0 interrupted iterations
cap_refresh_token   [  64% ] 006/205 VUs  19m18.7s/30m0s  600.00 iters/s

running (19m19.7s), 005/205 VUs, 694323 complete and 0 interrupted iterations
cap_refresh_token   [  64% ] 005/205 VUs  19m19.7s/30m0s  600.00 iters/s

running (19m20.7s), 005/205 VUs, 694923 complete and 0 interrupted iterations
cap_refresh_token   [  64% ] 005/205 VUs  19m20.7s/30m0s  600.00 iters/s

running (19m21.7s), 011/205 VUs, 695517 complete and 0 interrupted iterations
cap_refresh_token   [  65% ] 011/205 VUs  19m21.7s/30m0s  600.00 iters/s

running (19m22.7s), 007/205 VUs, 696121 complete and 0 interrupted iterations
cap_refresh_token   [  65% ] 007/205 VUs  19m22.7s/30m0s  600.00 iters/s

running (19m23.7s), 007/205 VUs, 696721 complete and 0 interrupted iterations
cap_refresh_token   [  65% ] 007/205 VUs  19m23.7s/30m0s  600.00 iters/s

running (19m24.7s), 031/205 VUs, 697298 complete and 0 interrupted iterations
cap_refresh_token   [  65% ] 031/205 VUs  19m24.7s/30m0s  600.00 iters/s

running (19m25.7s), 021/205 VUs, 697907 complete and 0 interrupted iterations
cap_refresh_token   [  65% ] 021/205 VUs  19m25.7s/30m0s  600.00 iters/s

running (19m26.7s), 040/205 VUs, 698488 complete and 0 interrupted iterations
cap_refresh_token   [  65% ] 040/205 VUs  19m26.7s/30m0s  600.00 iters/s

running (19m27.7s), 006/205 VUs, 699122 complete and 0 interrupted iterations
cap_refresh_token   [  65% ] 006/205 VUs  19m27.7s/30m0s  600.00 iters/s

running (19m28.7s), 007/205 VUs, 699721 complete and 0 interrupted iterations
cap_refresh_token   [  65% ] 007/205 VUs  19m28.7s/30m0s  600.00 iters/s

running (19m29.7s), 039/205 VUs, 700289 complete and 0 interrupted iterations
cap_refresh_token   [  65% ] 039/205 VUs  19m29.7s/30m0s  600.00 iters/s

running (19m30.7s), 006/205 VUs, 700922 complete and 0 interrupted iterations
cap_refresh_token   [  65% ] 006/205 VUs  19m30.7s/30m0s  600.00 iters/s

running (19m31.7s), 006/205 VUs, 701521 complete and 0 interrupted iterations
cap_refresh_token   [  65% ] 006/205 VUs  19m31.7s/30m0s  600.00 iters/s

running (19m32.7s), 006/205 VUs, 702122 complete and 0 interrupted iterations
cap_refresh_token   [  65% ] 006/205 VUs  19m32.7s/30m0s  600.00 iters/s

running (19m33.7s), 006/205 VUs, 702722 complete and 0 interrupted iterations
cap_refresh_token   [  65% ] 006/205 VUs  19m33.7s/30m0s  600.00 iters/s

running (19m34.7s), 004/205 VUs, 703323 complete and 0 interrupted iterations
cap_refresh_token   [  65% ] 004/205 VUs  19m34.7s/30m0s  600.00 iters/s

running (19m35.7s), 013/205 VUs, 703915 complete and 0 interrupted iterations
cap_refresh_token   [  65% ] 013/205 VUs  19m35.7s/30m0s  600.00 iters/s

running (19m36.7s), 005/205 VUs, 704523 complete and 0 interrupted iterations
cap_refresh_token   [  65% ] 005/205 VUs  19m36.7s/30m0s  600.00 iters/s

running (19m37.7s), 007/205 VUs, 705121 complete and 0 interrupted iterations
cap_refresh_token   [  65% ] 007/205 VUs  19m37.7s/30m0s  600.00 iters/s

running (19m38.7s), 005/205 VUs, 705723 complete and 0 interrupted iterations
cap_refresh_token   [  65% ] 005/205 VUs  19m38.7s/30m0s  600.00 iters/s

running (19m39.7s), 007/205 VUs, 706321 complete and 0 interrupted iterations
cap_refresh_token   [  66% ] 007/205 VUs  19m39.7s/30m0s  600.00 iters/s

running (19m40.7s), 006/205 VUs, 706922 complete and 0 interrupted iterations
cap_refresh_token   [  66% ] 006/205 VUs  19m40.7s/30m0s  600.00 iters/s

running (19m41.7s), 007/205 VUs, 707521 complete and 0 interrupted iterations
cap_refresh_token   [  66% ] 007/205 VUs  19m41.7s/30m0s  600.00 iters/s

running (19m42.7s), 005/205 VUs, 708123 complete and 0 interrupted iterations
cap_refresh_token   [  66% ] 005/205 VUs  19m42.7s/30m0s  600.00 iters/s

running (19m43.7s), 005/205 VUs, 708723 complete and 0 interrupted iterations
cap_refresh_token   [  66% ] 005/205 VUs  19m43.7s/30m0s  600.00 iters/s

running (19m44.7s), 021/205 VUs, 709307 complete and 0 interrupted iterations
cap_refresh_token   [  66% ] 021/205 VUs  19m44.7s/30m0s  600.00 iters/s

running (19m45.7s), 004/205 VUs, 709924 complete and 0 interrupted iterations
cap_refresh_token   [  66% ] 004/205 VUs  19m45.7s/30m0s  600.00 iters/s

running (19m46.7s), 005/205 VUs, 710523 complete and 0 interrupted iterations
cap_refresh_token   [  66% ] 005/205 VUs  19m46.7s/30m0s  600.00 iters/s

running (19m47.7s), 005/205 VUs, 711122 complete and 0 interrupted iterations
cap_refresh_token   [  66% ] 006/205 VUs  19m47.7s/30m0s  600.00 iters/s

running (19m48.7s), 007/205 VUs, 711721 complete and 0 interrupted iterations
cap_refresh_token   [  66% ] 007/205 VUs  19m48.7s/30m0s  600.00 iters/s

running (19m49.7s), 006/205 VUs, 712322 complete and 0 interrupted iterations
cap_refresh_token   [  66% ] 006/205 VUs  19m49.7s/30m0s  600.00 iters/s

running (19m50.7s), 007/205 VUs, 712921 complete and 0 interrupted iterations
cap_refresh_token   [  66% ] 007/205 VUs  19m50.7s/30m0s  600.00 iters/s

running (19m51.7s), 019/205 VUs, 713509 complete and 0 interrupted iterations
cap_refresh_token   [  66% ] 019/205 VUs  19m51.7s/30m0s  600.00 iters/s

running (19m52.7s), 006/205 VUs, 714122 complete and 0 interrupted iterations
cap_refresh_token   [  66% ] 006/205 VUs  19m52.7s/30m0s  600.00 iters/s

running (19m53.7s), 005/205 VUs, 714723 complete and 0 interrupted iterations
cap_refresh_token   [  66% ] 005/205 VUs  19m53.7s/30m0s  600.00 iters/s

running (19m54.7s), 004/205 VUs, 715324 complete and 0 interrupted iterations
cap_refresh_token   [  66% ] 004/205 VUs  19m54.7s/30m0s  600.00 iters/s

running (19m55.7s), 006/205 VUs, 715922 complete and 0 interrupted iterations
cap_refresh_token   [  66% ] 006/205 VUs  19m55.7s/30m0s  600.00 iters/s

running (19m56.7s), 006/205 VUs, 716522 complete and 0 interrupted iterations
cap_refresh_token   [  66% ] 006/205 VUs  19m56.7s/30m0s  600.00 iters/s

running (19m57.7s), 006/205 VUs, 717122 complete and 0 interrupted iterations
cap_refresh_token   [  67% ] 006/205 VUs  19m57.7s/30m0s  600.00 iters/s

running (19m58.7s), 005/205 VUs, 717723 complete and 0 interrupted iterations
cap_refresh_token   [  67% ] 005/205 VUs  19m58.7s/30m0s  600.00 iters/s

running (19m59.7s), 005/205 VUs, 718323 complete and 0 interrupted iterations
cap_refresh_token   [  67% ] 005/205 VUs  19m59.7s/30m0s  600.00 iters/s

running (20m00.7s), 005/205 VUs, 718923 complete and 0 interrupted iterations
cap_refresh_token   [  67% ] 005/205 VUs  20m00.7s/30m0s  600.00 iters/s

running (20m01.7s), 005/205 VUs, 719523 complete and 0 interrupted iterations
cap_refresh_token   [  67% ] 005/205 VUs  20m01.7s/30m0s  600.00 iters/s

running (20m02.7s), 007/205 VUs, 720121 complete and 0 interrupted iterations
cap_refresh_token   [  67% ] 007/205 VUs  20m02.7s/30m0s  600.00 iters/s

running (20m03.7s), 005/205 VUs, 720723 complete and 0 interrupted iterations
cap_refresh_token   [  67% ] 005/205 VUs  20m03.7s/30m0s  600.00 iters/s

running (20m04.7s), 016/205 VUs, 721312 complete and 0 interrupted iterations
cap_refresh_token   [  67% ] 016/205 VUs  20m04.7s/30m0s  600.00 iters/s

running (20m05.7s), 006/205 VUs, 721922 complete and 0 interrupted iterations
cap_refresh_token   [  67% ] 006/205 VUs  20m05.7s/30m0s  600.00 iters/s

running (20m06.7s), 008/205 VUs, 722520 complete and 0 interrupted iterations
cap_refresh_token   [  67% ] 008/205 VUs  20m06.7s/30m0s  600.00 iters/s

running (20m07.7s), 006/205 VUs, 723122 complete and 0 interrupted iterations
cap_refresh_token   [  67% ] 006/205 VUs  20m07.7s/30m0s  600.00 iters/s

running (20m08.7s), 007/205 VUs, 723721 complete and 0 interrupted iterations
cap_refresh_token   [  67% ] 007/205 VUs  20m08.7s/30m0s  600.00 iters/s

running (20m09.7s), 006/205 VUs, 724322 complete and 0 interrupted iterations
cap_refresh_token   [  67% ] 006/205 VUs  20m09.7s/30m0s  600.00 iters/s

running (20m10.7s), 004/205 VUs, 724923 complete and 0 interrupted iterations
cap_refresh_token   [  67% ] 004/205 VUs  20m10.7s/30m0s  600.00 iters/s

running (20m11.7s), 007/205 VUs, 725521 complete and 0 interrupted iterations
cap_refresh_token   [  67% ] 007/205 VUs  20m11.7s/30m0s  600.00 iters/s

running (20m12.7s), 006/205 VUs, 726122 complete and 0 interrupted iterations
cap_refresh_token   [  67% ] 006/205 VUs  20m12.7s/30m0s  600.00 iters/s

running (20m13.7s), 005/205 VUs, 726723 complete and 0 interrupted iterations
cap_refresh_token   [  67% ] 005/205 VUs  20m13.7s/30m0s  600.00 iters/s

running (20m14.7s), 005/205 VUs, 727323 complete and 0 interrupted iterations
cap_refresh_token   [  67% ] 005/205 VUs  20m14.7s/30m0s  600.00 iters/s

running (20m15.7s), 004/205 VUs, 727924 complete and 0 interrupted iterations
cap_refresh_token   [  68% ] 004/205 VUs  20m15.7s/30m0s  600.00 iters/s

running (20m16.7s), 007/205 VUs, 728521 complete and 0 interrupted iterations
cap_refresh_token   [  68% ] 007/205 VUs  20m16.7s/30m0s  600.00 iters/s

running (20m17.7s), 007/205 VUs, 729121 complete and 0 interrupted iterations
cap_refresh_token   [  68% ] 007/205 VUs  20m17.7s/30m0s  600.00 iters/s

running (20m18.7s), 006/205 VUs, 729722 complete and 0 interrupted iterations
cap_refresh_token   [  68% ] 006/205 VUs  20m18.7s/30m0s  600.00 iters/s

running (20m19.7s), 004/205 VUs, 730324 complete and 0 interrupted iterations
cap_refresh_token   [  68% ] 004/205 VUs  20m19.7s/30m0s  600.00 iters/s

running (20m20.7s), 006/205 VUs, 730922 complete and 0 interrupted iterations
cap_refresh_token   [  68% ] 006/205 VUs  20m20.7s/30m0s  600.00 iters/s

running (20m21.7s), 005/205 VUs, 731523 complete and 0 interrupted iterations
cap_refresh_token   [  68% ] 005/205 VUs  20m21.7s/30m0s  600.00 iters/s

running (20m22.7s), 005/205 VUs, 732123 complete and 0 interrupted iterations
cap_refresh_token   [  68% ] 005/205 VUs  20m22.7s/30m0s  600.00 iters/s

running (20m23.7s), 004/205 VUs, 732724 complete and 0 interrupted iterations
cap_refresh_token   [  68% ] 004/205 VUs  20m23.7s/30m0s  600.00 iters/s

running (20m24.7s), 006/205 VUs, 733322 complete and 0 interrupted iterations
cap_refresh_token   [  68% ] 006/205 VUs  20m24.7s/30m0s  600.00 iters/s

running (20m25.7s), 006/205 VUs, 733922 complete and 0 interrupted iterations
cap_refresh_token   [  68% ] 006/205 VUs  20m25.7s/30m0s  600.00 iters/s

running (20m26.7s), 005/205 VUs, 734523 complete and 0 interrupted iterations
cap_refresh_token   [  68% ] 005/205 VUs  20m26.7s/30m0s  600.00 iters/s

running (20m27.7s), 005/205 VUs, 735123 complete and 0 interrupted iterations
cap_refresh_token   [  68% ] 005/205 VUs  20m27.7s/30m0s  600.00 iters/s

running (20m28.7s), 006/205 VUs, 735722 complete and 0 interrupted iterations
cap_refresh_token   [  68% ] 006/205 VUs  20m28.7s/30m0s  600.00 iters/s

running (20m29.7s), 005/205 VUs, 736323 complete and 0 interrupted iterations
cap_refresh_token   [  68% ] 005/205 VUs  20m29.7s/30m0s  600.00 iters/s

running (20m30.7s), 006/205 VUs, 736922 complete and 0 interrupted iterations
cap_refresh_token   [  68% ] 006/205 VUs  20m30.7s/30m0s  600.00 iters/s

running (20m31.7s), 005/205 VUs, 737523 complete and 0 interrupted iterations
cap_refresh_token   [  68% ] 005/205 VUs  20m31.7s/30m0s  600.00 iters/s

running (20m32.7s), 006/205 VUs, 738122 complete and 0 interrupted iterations
cap_refresh_token   [  68% ] 006/205 VUs  20m32.7s/30m0s  600.00 iters/s

running (20m33.7s), 005/205 VUs, 738723 complete and 0 interrupted iterations
cap_refresh_token   [  69% ] 005/205 VUs  20m33.7s/30m0s  600.00 iters/s

running (20m34.7s), 005/205 VUs, 739323 complete and 0 interrupted iterations
cap_refresh_token   [  69% ] 005/205 VUs  20m34.7s/30m0s  600.00 iters/s

running (20m35.7s), 006/205 VUs, 739922 complete and 0 interrupted iterations
cap_refresh_token   [  69% ] 006/205 VUs  20m35.7s/30m0s  600.00 iters/s

running (20m36.7s), 005/205 VUs, 740523 complete and 0 interrupted iterations
cap_refresh_token   [  69% ] 005/205 VUs  20m36.7s/30m0s  600.00 iters/s

running (20m37.7s), 006/205 VUs, 741122 complete and 0 interrupted iterations
cap_refresh_token   [  69% ] 006/205 VUs  20m37.7s/30m0s  600.00 iters/s

running (20m38.7s), 007/205 VUs, 741721 complete and 0 interrupted iterations
cap_refresh_token   [  69% ] 007/205 VUs  20m38.7s/30m0s  600.00 iters/s

running (20m39.7s), 007/205 VUs, 742321 complete and 0 interrupted iterations
cap_refresh_token   [  69% ] 007/205 VUs  20m39.7s/30m0s  600.00 iters/s

running (20m40.7s), 006/205 VUs, 742922 complete and 0 interrupted iterations
cap_refresh_token   [  69% ] 006/205 VUs  20m40.7s/30m0s  600.00 iters/s

running (20m41.7s), 005/205 VUs, 743523 complete and 0 interrupted iterations
cap_refresh_token   [  69% ] 005/205 VUs  20m41.7s/30m0s  600.00 iters/s

running (20m42.7s), 007/205 VUs, 744121 complete and 0 interrupted iterations
cap_refresh_token   [  69% ] 007/205 VUs  20m42.7s/30m0s  600.00 iters/s

running (20m43.7s), 007/205 VUs, 744721 complete and 0 interrupted iterations
cap_refresh_token   [  69% ] 007/205 VUs  20m43.7s/30m0s  600.00 iters/s

running (20m44.7s), 005/205 VUs, 745323 complete and 0 interrupted iterations
cap_refresh_token   [  69% ] 005/205 VUs  20m44.7s/30m0s  600.00 iters/s

running (20m45.7s), 033/205 VUs, 745895 complete and 0 interrupted iterations
cap_refresh_token   [  69% ] 033/205 VUs  20m45.7s/30m0s  600.00 iters/s

running (20m46.7s), 008/205 VUs, 746520 complete and 0 interrupted iterations
cap_refresh_token   [  69% ] 008/205 VUs  20m46.7s/30m0s  600.00 iters/s

running (20m47.7s), 006/205 VUs, 747122 complete and 0 interrupted iterations
cap_refresh_token   [  69% ] 006/205 VUs  20m47.7s/30m0s  600.00 iters/s

running (20m48.7s), 006/205 VUs, 747722 complete and 0 interrupted iterations
cap_refresh_token   [  69% ] 006/205 VUs  20m48.7s/30m0s  600.00 iters/s

running (20m49.7s), 005/205 VUs, 748323 complete and 0 interrupted iterations
cap_refresh_token   [  69% ] 005/205 VUs  20m49.7s/30m0s  600.00 iters/s

running (20m50.7s), 006/205 VUs, 748922 complete and 0 interrupted iterations
cap_refresh_token   [  69% ] 006/205 VUs  20m50.7s/30m0s  600.00 iters/s

running (20m51.7s), 006/205 VUs, 749522 complete and 0 interrupted iterations
cap_refresh_token   [  70% ] 006/205 VUs  20m51.7s/30m0s  600.00 iters/s

running (20m52.7s), 006/205 VUs, 750122 complete and 0 interrupted iterations
cap_refresh_token   [  70% ] 006/205 VUs  20m52.7s/30m0s  600.00 iters/s

running (20m53.7s), 006/205 VUs, 750722 complete and 0 interrupted iterations
cap_refresh_token   [  70% ] 006/205 VUs  20m53.7s/30m0s  600.00 iters/s

running (20m54.7s), 005/205 VUs, 751323 complete and 0 interrupted iterations
cap_refresh_token   [  70% ] 005/205 VUs  20m54.7s/30m0s  600.00 iters/s

running (20m55.7s), 005/205 VUs, 751923 complete and 0 interrupted iterations
cap_refresh_token   [  70% ] 005/205 VUs  20m55.7s/30m0s  600.00 iters/s

running (20m56.7s), 006/205 VUs, 752522 complete and 0 interrupted iterations
cap_refresh_token   [  70% ] 006/205 VUs  20m56.7s/30m0s  600.00 iters/s

running (20m57.7s), 008/205 VUs, 753120 complete and 0 interrupted iterations
cap_refresh_token   [  70% ] 008/205 VUs  20m57.7s/30m0s  600.00 iters/s

running (20m58.7s), 005/205 VUs, 753723 complete and 0 interrupted iterations
cap_refresh_token   [  70% ] 005/205 VUs  20m58.7s/30m0s  600.00 iters/s

running (20m59.7s), 005/205 VUs, 754322 complete and 0 interrupted iterations
cap_refresh_token   [  70% ] 005/205 VUs  20m59.7s/30m0s  600.00 iters/s

running (21m00.7s), 007/205 VUs, 754921 complete and 0 interrupted iterations
cap_refresh_token   [  70% ] 007/205 VUs  21m00.7s/30m0s  600.00 iters/s

running (21m01.7s), 005/205 VUs, 755523 complete and 0 interrupted iterations
cap_refresh_token   [  70% ] 005/205 VUs  21m01.7s/30m0s  600.00 iters/s

running (21m02.7s), 008/205 VUs, 756120 complete and 0 interrupted iterations
cap_refresh_token   [  70% ] 008/205 VUs  21m02.7s/30m0s  600.00 iters/s

running (21m03.7s), 004/205 VUs, 756724 complete and 0 interrupted iterations
cap_refresh_token   [  70% ] 004/205 VUs  21m03.7s/30m0s  600.00 iters/s

running (21m04.7s), 008/205 VUs, 757320 complete and 0 interrupted iterations
cap_refresh_token   [  70% ] 008/205 VUs  21m04.7s/30m0s  600.00 iters/s

running (21m05.7s), 036/205 VUs, 757892 complete and 0 interrupted iterations
cap_refresh_token   [  70% ] 036/205 VUs  21m05.7s/30m0s  600.00 iters/s

running (21m06.7s), 034/205 VUs, 758494 complete and 0 interrupted iterations
cap_refresh_token   [  70% ] 034/205 VUs  21m06.7s/30m0s  600.00 iters/s

running (21m07.7s), 007/205 VUs, 759121 complete and 0 interrupted iterations
cap_refresh_token   [  70% ] 007/205 VUs  21m07.7s/30m0s  600.00 iters/s

running (21m08.7s), 007/205 VUs, 759721 complete and 0 interrupted iterations
cap_refresh_token   [  70% ] 007/205 VUs  21m08.7s/30m0s  600.00 iters/s

running (21m09.7s), 006/205 VUs, 760322 complete and 0 interrupted iterations
cap_refresh_token   [  71% ] 006/205 VUs  21m09.7s/30m0s  600.00 iters/s

running (21m10.7s), 022/205 VUs, 760906 complete and 0 interrupted iterations
cap_refresh_token   [  71% ] 022/205 VUs  21m10.7s/30m0s  600.00 iters/s

running (21m11.7s), 007/205 VUs, 761521 complete and 0 interrupted iterations
cap_refresh_token   [  71% ] 007/205 VUs  21m11.7s/30m0s  600.00 iters/s

running (21m12.7s), 008/205 VUs, 762120 complete and 0 interrupted iterations
cap_refresh_token   [  71% ] 008/205 VUs  21m12.7s/30m0s  600.00 iters/s

running (21m13.7s), 007/205 VUs, 762721 complete and 0 interrupted iterations
cap_refresh_token   [  71% ] 007/205 VUs  21m13.7s/30m0s  600.00 iters/s

running (21m14.7s), 008/205 VUs, 763320 complete and 0 interrupted iterations
cap_refresh_token   [  71% ] 008/205 VUs  21m14.7s/30m0s  600.00 iters/s

running (21m15.7s), 006/205 VUs, 763922 complete and 0 interrupted iterations
cap_refresh_token   [  71% ] 006/205 VUs  21m15.7s/30m0s  600.00 iters/s

running (21m16.7s), 004/205 VUs, 764524 complete and 0 interrupted iterations
cap_refresh_token   [  71% ] 004/205 VUs  21m16.7s/30m0s  600.00 iters/s

running (21m17.7s), 010/205 VUs, 765118 complete and 0 interrupted iterations
cap_refresh_token   [  71% ] 010/205 VUs  21m17.7s/30m0s  600.00 iters/s

running (21m18.7s), 007/205 VUs, 765721 complete and 0 interrupted iterations
cap_refresh_token   [  71% ] 007/205 VUs  21m18.7s/30m0s  600.00 iters/s

running (21m19.7s), 015/205 VUs, 766313 complete and 0 interrupted iterations
cap_refresh_token   [  71% ] 015/205 VUs  21m19.7s/30m0s  600.00 iters/s

running (21m20.7s), 006/205 VUs, 766922 complete and 0 interrupted iterations
cap_refresh_token   [  71% ] 006/205 VUs  21m20.7s/30m0s  600.00 iters/s

running (21m21.7s), 006/205 VUs, 767522 complete and 0 interrupted iterations
cap_refresh_token   [  71% ] 006/205 VUs  21m21.7s/30m0s  600.00 iters/s

running (21m22.7s), 005/205 VUs, 768123 complete and 0 interrupted iterations
cap_refresh_token   [  71% ] 005/205 VUs  21m22.7s/30m0s  600.00 iters/s

running (21m23.7s), 009/205 VUs, 768719 complete and 0 interrupted iterations
cap_refresh_token   [  71% ] 009/205 VUs  21m23.7s/30m0s  600.00 iters/s

running (21m24.7s), 008/205 VUs, 769320 complete and 0 interrupted iterations
cap_refresh_token   [  71% ] 008/205 VUs  21m24.7s/30m0s  600.00 iters/s

running (21m25.7s), 012/205 VUs, 769916 complete and 0 interrupted iterations
cap_refresh_token   [  71% ] 012/205 VUs  21m25.7s/30m0s  600.00 iters/s

running (21m26.7s), 063/205 VUs, 770465 complete and 0 interrupted iterations
cap_refresh_token   [  71% ] 063/205 VUs  21m26.7s/30m0s  600.00 iters/s

running (21m27.7s), 008/205 VUs, 771120 complete and 0 interrupted iterations
cap_refresh_token   [  72% ] 008/205 VUs  21m27.7s/30m0s  600.00 iters/s

running (21m28.7s), 004/205 VUs, 771723 complete and 0 interrupted iterations
cap_refresh_token   [  72% ] 004/205 VUs  21m28.7s/30m0s  600.00 iters/s

running (21m29.7s), 007/205 VUs, 772321 complete and 0 interrupted iterations
cap_refresh_token   [  72% ] 006/205 VUs  21m29.7s/30m0s  600.00 iters/s

running (21m30.7s), 007/205 VUs, 772921 complete and 0 interrupted iterations
cap_refresh_token   [  72% ] 007/205 VUs  21m30.7s/30m0s  600.00 iters/s

running (21m31.7s), 007/205 VUs, 773521 complete and 0 interrupted iterations
cap_refresh_token   [  72% ] 007/205 VUs  21m31.7s/30m0s  600.00 iters/s

running (21m32.7s), 009/205 VUs, 774119 complete and 0 interrupted iterations
cap_refresh_token   [  72% ] 009/205 VUs  21m32.7s/30m0s  600.00 iters/s

running (21m33.7s), 007/205 VUs, 774721 complete and 0 interrupted iterations
cap_refresh_token   [  72% ] 007/205 VUs  21m33.7s/30m0s  600.00 iters/s

running (21m34.7s), 006/205 VUs, 775322 complete and 0 interrupted iterations
cap_refresh_token   [  72% ] 006/205 VUs  21m34.7s/30m0s  600.00 iters/s

running (21m35.7s), 007/205 VUs, 775921 complete and 0 interrupted iterations
cap_refresh_token   [  72% ] 007/205 VUs  21m35.7s/30m0s  600.00 iters/s

running (21m36.7s), 005/205 VUs, 776523 complete and 0 interrupted iterations
cap_refresh_token   [  72% ] 005/205 VUs  21m36.7s/30m0s  600.00 iters/s

running (21m37.7s), 005/205 VUs, 777123 complete and 0 interrupted iterations
cap_refresh_token   [  72% ] 005/205 VUs  21m37.7s/30m0s  600.00 iters/s

running (21m38.7s), 005/205 VUs, 777723 complete and 0 interrupted iterations
cap_refresh_token   [  72% ] 005/205 VUs  21m38.7s/30m0s  600.00 iters/s

running (21m39.7s), 006/205 VUs, 778322 complete and 0 interrupted iterations
cap_refresh_token   [  72% ] 006/205 VUs  21m39.7s/30m0s  600.00 iters/s

running (21m40.7s), 006/205 VUs, 778922 complete and 0 interrupted iterations
cap_refresh_token   [  72% ] 006/205 VUs  21m40.7s/30m0s  600.00 iters/s

running (21m41.7s), 006/205 VUs, 779522 complete and 0 interrupted iterations
cap_refresh_token   [  72% ] 006/205 VUs  21m41.7s/30m0s  600.00 iters/s

running (21m42.7s), 005/205 VUs, 780123 complete and 0 interrupted iterations
cap_refresh_token   [  72% ] 005/205 VUs  21m42.7s/30m0s  600.00 iters/s

running (21m43.7s), 006/205 VUs, 780722 complete and 0 interrupted iterations
cap_refresh_token   [  72% ] 006/205 VUs  21m43.7s/30m0s  600.00 iters/s

running (21m44.7s), 007/205 VUs, 781321 complete and 0 interrupted iterations
cap_refresh_token   [  72% ] 007/205 VUs  21m44.7s/30m0s  600.00 iters/s

running (21m45.7s), 005/205 VUs, 781923 complete and 0 interrupted iterations
cap_refresh_token   [  73% ] 005/205 VUs  21m45.7s/30m0s  600.00 iters/s

running (21m46.7s), 005/205 VUs, 782523 complete and 0 interrupted iterations
cap_refresh_token   [  73% ] 005/205 VUs  21m46.7s/30m0s  600.00 iters/s

running (21m47.7s), 015/205 VUs, 783112 complete and 0 interrupted iterations
cap_refresh_token   [  73% ] 015/205 VUs  21m47.7s/30m0s  600.00 iters/s

running (21m48.7s), 009/205 VUs, 783718 complete and 0 interrupted iterations
cap_refresh_token   [  73% ] 010/205 VUs  21m48.7s/30m0s  600.00 iters/s

running (21m49.7s), 005/205 VUs, 784323 complete and 0 interrupted iterations
cap_refresh_token   [  73% ] 005/205 VUs  21m49.7s/30m0s  600.00 iters/s

running (21m50.7s), 006/205 VUs, 784922 complete and 0 interrupted iterations
cap_refresh_token   [  73% ] 006/205 VUs  21m50.7s/30m0s  600.00 iters/s

running (21m51.7s), 009/205 VUs, 785519 complete and 0 interrupted iterations
cap_refresh_token   [  73% ] 009/205 VUs  21m51.7s/30m0s  600.00 iters/s

running (21m52.7s), 006/205 VUs, 786122 complete and 0 interrupted iterations
cap_refresh_token   [  73% ] 006/205 VUs  21m52.7s/30m0s  600.00 iters/s

running (21m53.7s), 008/205 VUs, 786720 complete and 0 interrupted iterations
cap_refresh_token   [  73% ] 008/205 VUs  21m53.7s/30m0s  600.00 iters/s

running (21m54.7s), 016/205 VUs, 787312 complete and 0 interrupted iterations
cap_refresh_token   [  73% ] 016/205 VUs  21m54.7s/30m0s  600.00 iters/s

running (21m55.7s), 006/205 VUs, 787922 complete and 0 interrupted iterations
cap_refresh_token   [  73% ] 006/205 VUs  21m55.7s/30m0s  600.00 iters/s

running (21m56.7s), 007/205 VUs, 788520 complete and 0 interrupted iterations
cap_refresh_token   [  73% ] 008/205 VUs  21m56.7s/30m0s  600.00 iters/s

running (21m57.7s), 048/205 VUs, 789080 complete and 0 interrupted iterations
cap_refresh_token   [  73% ] 048/205 VUs  21m57.7s/30m0s  600.00 iters/s

running (21m58.7s), 005/205 VUs, 789723 complete and 0 interrupted iterations
cap_refresh_token   [  73% ] 005/205 VUs  21m58.7s/30m0s  600.00 iters/s

running (21m59.7s), 007/205 VUs, 790321 complete and 0 interrupted iterations
cap_refresh_token   [  73% ] 007/205 VUs  21m59.7s/30m0s  600.00 iters/s

running (22m00.7s), 012/205 VUs, 790916 complete and 0 interrupted iterations
cap_refresh_token   [  73% ] 012/205 VUs  22m00.7s/30m0s  600.00 iters/s

running (22m01.7s), 018/205 VUs, 791510 complete and 0 interrupted iterations
cap_refresh_token   [  73% ] 017/205 VUs  22m01.7s/30m0s  600.00 iters/s

running (22m02.7s), 006/205 VUs, 792122 complete and 0 interrupted iterations
cap_refresh_token   [  73% ] 006/205 VUs  22m02.7s/30m0s  600.00 iters/s

running (22m03.7s), 005/205 VUs, 792723 complete and 0 interrupted iterations
cap_refresh_token   [  74% ] 005/205 VUs  22m03.7s/30m0s  600.00 iters/s

running (22m04.7s), 006/205 VUs, 793322 complete and 0 interrupted iterations
cap_refresh_token   [  74% ] 006/205 VUs  22m04.7s/30m0s  600.00 iters/s

running (22m05.7s), 005/205 VUs, 793923 complete and 0 interrupted iterations
cap_refresh_token   [  74% ] 005/205 VUs  22m05.7s/30m0s  600.00 iters/s

running (22m06.7s), 004/205 VUs, 794524 complete and 0 interrupted iterations
cap_refresh_token   [  74% ] 004/205 VUs  22m06.7s/30m0s  600.00 iters/s

running (22m07.7s), 069/205 VUs, 795059 complete and 0 interrupted iterations
cap_refresh_token   [  74% ] 069/205 VUs  22m07.7s/30m0s  600.00 iters/s

running (22m08.7s), 005/205 VUs, 795723 complete and 0 interrupted iterations
cap_refresh_token   [  74% ] 005/205 VUs  22m08.7s/30m0s  600.00 iters/s

running (22m09.7s), 005/205 VUs, 796323 complete and 0 interrupted iterations
cap_refresh_token   [  74% ] 005/205 VUs  22m09.7s/30m0s  600.00 iters/s

running (22m10.7s), 006/205 VUs, 796922 complete and 0 interrupted iterations
cap_refresh_token   [  74% ] 006/205 VUs  22m10.7s/30m0s  600.00 iters/s

running (22m11.7s), 008/205 VUs, 797520 complete and 0 interrupted iterations
cap_refresh_token   [  74% ] 008/205 VUs  22m11.7s/30m0s  600.00 iters/s

running (22m12.7s), 008/205 VUs, 798120 complete and 0 interrupted iterations
cap_refresh_token   [  74% ] 008/205 VUs  22m12.7s/30m0s  600.00 iters/s

running (22m13.7s), 005/205 VUs, 798723 complete and 0 interrupted iterations
cap_refresh_token   [  74% ] 005/205 VUs  22m13.7s/30m0s  600.00 iters/s

running (22m14.7s), 007/205 VUs, 799321 complete and 0 interrupted iterations
cap_refresh_token   [  74% ] 007/205 VUs  22m14.7s/30m0s  600.00 iters/s

running (22m15.7s), 008/205 VUs, 799920 complete and 0 interrupted iterations
cap_refresh_token   [  74% ] 008/205 VUs  22m15.7s/30m0s  600.00 iters/s

running (22m16.7s), 009/205 VUs, 800519 complete and 0 interrupted iterations
cap_refresh_token   [  74% ] 009/205 VUs  22m16.7s/30m0s  600.00 iters/s

running (22m17.7s), 007/205 VUs, 801121 complete and 0 interrupted iterations
cap_refresh_token   [  74% ] 007/205 VUs  22m17.7s/30m0s  600.00 iters/s

running (22m18.7s), 007/205 VUs, 801721 complete and 0 interrupted iterations
cap_refresh_token   [  74% ] 007/205 VUs  22m18.7s/30m0s  600.00 iters/s

running (22m19.7s), 006/205 VUs, 802322 complete and 0 interrupted iterations
cap_refresh_token   [  74% ] 006/205 VUs  22m19.7s/30m0s  600.00 iters/s

running (22m20.7s), 007/205 VUs, 802922 complete and 0 interrupted iterations
cap_refresh_token   [  74% ] 007/205 VUs  22m20.7s/30m0s  600.00 iters/s

running (22m21.7s), 009/205 VUs, 803519 complete and 0 interrupted iterations
cap_refresh_token   [  75% ] 009/205 VUs  22m21.7s/30m0s  600.00 iters/s

running (22m22.7s), 009/205 VUs, 804119 complete and 0 interrupted iterations
cap_refresh_token   [  75% ] 009/205 VUs  22m22.7s/30m0s  600.00 iters/s

running (22m23.7s), 014/205 VUs, 804714 complete and 0 interrupted iterations
cap_refresh_token   [  75% ] 014/205 VUs  22m23.7s/30m0s  600.00 iters/s

running (22m24.7s), 006/205 VUs, 805322 complete and 0 interrupted iterations
cap_refresh_token   [  75% ] 006/205 VUs  22m24.7s/30m0s  600.00 iters/s

running (22m25.7s), 006/205 VUs, 805922 complete and 0 interrupted iterations
cap_refresh_token   [  75% ] 006/205 VUs  22m25.7s/30m0s  600.00 iters/s

running (22m26.7s), 004/205 VUs, 806523 complete and 0 interrupted iterations
cap_refresh_token   [  75% ] 004/205 VUs  22m26.7s/30m0s  600.00 iters/s

running (22m27.7s), 007/205 VUs, 807121 complete and 0 interrupted iterations
cap_refresh_token   [  75% ] 007/205 VUs  22m27.7s/30m0s  600.00 iters/s

running (22m28.7s), 049/205 VUs, 807679 complete and 0 interrupted iterations
cap_refresh_token   [  75% ] 049/205 VUs  22m28.7s/30m0s  600.00 iters/s

running (22m29.7s), 009/205 VUs, 808320 complete and 0 interrupted iterations
cap_refresh_token   [  75% ] 009/205 VUs  22m29.7s/30m0s  600.00 iters/s

running (22m30.7s), 005/205 VUs, 808923 complete and 0 interrupted iterations
cap_refresh_token   [  75% ] 005/205 VUs  22m30.7s/30m0s  600.00 iters/s

running (22m31.7s), 008/205 VUs, 809520 complete and 0 interrupted iterations
cap_refresh_token   [  75% ] 008/205 VUs  22m31.7s/30m0s  600.00 iters/s

running (22m32.7s), 006/205 VUs, 810122 complete and 0 interrupted iterations
cap_refresh_token   [  75% ] 006/205 VUs  22m32.7s/30m0s  600.00 iters/s

running (22m33.7s), 004/205 VUs, 810723 complete and 0 interrupted iterations
cap_refresh_token   [  75% ] 005/205 VUs  22m33.7s/30m0s  600.00 iters/s

running (22m34.7s), 007/205 VUs, 811321 complete and 0 interrupted iterations
cap_refresh_token   [  75% ] 007/205 VUs  22m34.7s/30m0s  600.00 iters/s

running (22m35.7s), 006/205 VUs, 811922 complete and 0 interrupted iterations
cap_refresh_token   [  75% ] 006/205 VUs  22m35.7s/30m0s  600.00 iters/s

running (22m36.7s), 005/205 VUs, 812523 complete and 0 interrupted iterations
cap_refresh_token   [  75% ] 005/205 VUs  22m36.7s/30m0s  600.00 iters/s

running (22m37.7s), 007/205 VUs, 813121 complete and 0 interrupted iterations
cap_refresh_token   [  75% ] 007/205 VUs  22m37.7s/30m0s  600.00 iters/s

running (22m38.7s), 006/205 VUs, 813722 complete and 0 interrupted iterations
cap_refresh_token   [  75% ] 006/205 VUs  22m38.7s/30m0s  600.00 iters/s

running (22m39.7s), 005/205 VUs, 814323 complete and 0 interrupted iterations
cap_refresh_token   [  76% ] 005/205 VUs  22m39.7s/30m0s  600.00 iters/s

running (22m40.7s), 015/205 VUs, 814913 complete and 0 interrupted iterations
cap_refresh_token   [  76% ] 015/205 VUs  22m40.7s/30m0s  600.00 iters/s

running (22m41.7s), 008/205 VUs, 815520 complete and 0 interrupted iterations
cap_refresh_token   [  76% ] 008/205 VUs  22m41.7s/30m0s  600.00 iters/s

running (22m42.7s), 005/205 VUs, 816123 complete and 0 interrupted iterations
cap_refresh_token   [  76% ] 005/205 VUs  22m42.7s/30m0s  600.00 iters/s

running (22m43.7s), 006/205 VUs, 816722 complete and 0 interrupted iterations
cap_refresh_token   [  76% ] 006/205 VUs  22m43.7s/30m0s  600.00 iters/s

running (22m44.7s), 009/205 VUs, 817319 complete and 0 interrupted iterations
cap_refresh_token   [  76% ] 009/205 VUs  22m44.7s/30m0s  600.00 iters/s

running (22m45.7s), 006/205 VUs, 817922 complete and 0 interrupted iterations
cap_refresh_token   [  76% ] 006/205 VUs  22m45.7s/30m0s  600.00 iters/s

running (22m46.7s), 007/205 VUs, 818521 complete and 0 interrupted iterations
cap_refresh_token   [  76% ] 007/205 VUs  22m46.7s/30m0s  600.00 iters/s

running (22m47.7s), 008/205 VUs, 819119 complete and 0 interrupted iterations
cap_refresh_token   [  76% ] 009/205 VUs  22m47.7s/30m0s  600.00 iters/s

running (22m48.7s), 067/205 VUs, 819661 complete and 0 interrupted iterations
cap_refresh_token   [  76% ] 067/205 VUs  22m48.7s/30m0s  600.00 iters/s

running (22m49.7s), 044/205 VUs, 820284 complete and 0 interrupted iterations
cap_refresh_token   [  76% ] 044/205 VUs  22m49.7s/30m0s  600.00 iters/s

running (22m50.7s), 009/205 VUs, 820919 complete and 0 interrupted iterations
cap_refresh_token   [  76% ] 009/205 VUs  22m50.7s/30m0s  600.00 iters/s

running (22m51.7s), 012/205 VUs, 821516 complete and 0 interrupted iterations
cap_refresh_token   [  76% ] 012/205 VUs  22m51.7s/30m0s  600.00 iters/s

running (22m52.7s), 006/205 VUs, 822122 complete and 0 interrupted iterations
cap_refresh_token   [  76% ] 006/205 VUs  22m52.7s/30m0s  600.00 iters/s

running (22m53.7s), 021/205 VUs, 822707 complete and 0 interrupted iterations
cap_refresh_token   [  76% ] 021/205 VUs  22m53.7s/30m0s  600.00 iters/s

running (22m54.7s), 008/205 VUs, 823320 complete and 0 interrupted iterations
cap_refresh_token   [  76% ] 008/205 VUs  22m54.7s/30m0s  600.00 iters/s

running (22m55.7s), 006/205 VUs, 823922 complete and 0 interrupted iterations
cap_refresh_token   [  76% ] 006/205 VUs  22m55.7s/30m0s  600.00 iters/s

running (22m56.7s), 006/205 VUs, 824522 complete and 0 interrupted iterations
cap_refresh_token   [  76% ] 006/205 VUs  22m56.7s/30m0s  600.00 iters/s

running (22m57.7s), 008/205 VUs, 825120 complete and 0 interrupted iterations
cap_refresh_token   [  77% ] 008/205 VUs  22m57.7s/30m0s  600.00 iters/s

running (22m58.7s), 005/205 VUs, 825723 complete and 0 interrupted iterations
cap_refresh_token   [  77% ] 005/205 VUs  22m58.7s/30m0s  600.00 iters/s

running (22m59.7s), 006/205 VUs, 826322 complete and 0 interrupted iterations
cap_refresh_token   [  77% ] 006/205 VUs  22m59.7s/30m0s  600.00 iters/s

running (23m00.7s), 007/205 VUs, 826921 complete and 0 interrupted iterations
cap_refresh_token   [  77% ] 007/205 VUs  23m00.7s/30m0s  600.00 iters/s

running (23m01.7s), 005/205 VUs, 827523 complete and 0 interrupted iterations
cap_refresh_token   [  77% ] 005/205 VUs  23m01.7s/30m0s  600.00 iters/s

running (23m02.7s), 005/205 VUs, 828123 complete and 0 interrupted iterations
cap_refresh_token   [  77% ] 005/205 VUs  23m02.7s/30m0s  600.00 iters/s

running (23m03.7s), 005/205 VUs, 828723 complete and 0 interrupted iterations
cap_refresh_token   [  77% ] 005/205 VUs  23m03.7s/30m0s  600.00 iters/s

running (23m04.7s), 007/205 VUs, 829321 complete and 0 interrupted iterations
cap_refresh_token   [  77% ] 007/205 VUs  23m04.7s/30m0s  600.00 iters/s

running (23m05.7s), 006/205 VUs, 829922 complete and 0 interrupted iterations
cap_refresh_token   [  77% ] 006/205 VUs  23m05.7s/30m0s  600.00 iters/s

running (23m06.7s), 005/205 VUs, 830523 complete and 0 interrupted iterations
cap_refresh_token   [  77% ] 005/205 VUs  23m06.7s/30m0s  600.00 iters/s

running (23m07.7s), 007/205 VUs, 831121 complete and 0 interrupted iterations
cap_refresh_token   [  77% ] 007/205 VUs  23m07.7s/30m0s  600.00 iters/s

running (23m08.7s), 043/205 VUs, 831685 complete and 0 interrupted iterations
cap_refresh_token   [  77% ] 043/205 VUs  23m08.7s/30m0s  600.00 iters/s

running (23m09.7s), 006/205 VUs, 832323 complete and 0 interrupted iterations
cap_refresh_token   [  77% ] 006/205 VUs  23m09.7s/30m0s  600.00 iters/s

running (23m10.7s), 006/205 VUs, 832922 complete and 0 interrupted iterations
cap_refresh_token   [  77% ] 006/205 VUs  23m10.7s/30m0s  600.00 iters/s

running (23m11.7s), 007/205 VUs, 833521 complete and 0 interrupted iterations
cap_refresh_token   [  77% ] 007/205 VUs  23m11.7s/30m0s  600.00 iters/s

running (23m12.7s), 012/205 VUs, 834116 complete and 0 interrupted iterations
cap_refresh_token   [  77% ] 012/205 VUs  23m12.7s/30m0s  600.00 iters/s

running (23m13.7s), 005/205 VUs, 834723 complete and 0 interrupted iterations
cap_refresh_token   [  77% ] 005/205 VUs  23m13.7s/30m0s  600.00 iters/s

running (23m14.7s), 006/205 VUs, 835322 complete and 0 interrupted iterations
cap_refresh_token   [  77% ] 006/205 VUs  23m14.7s/30m0s  600.00 iters/s

running (23m15.7s), 006/205 VUs, 835922 complete and 0 interrupted iterations
cap_refresh_token   [  78% ] 006/205 VUs  23m15.7s/30m0s  600.00 iters/s

running (23m16.7s), 006/205 VUs, 836522 complete and 0 interrupted iterations
cap_refresh_token   [  78% ] 006/205 VUs  23m16.7s/30m0s  600.00 iters/s

running (23m17.7s), 006/205 VUs, 837122 complete and 0 interrupted iterations
cap_refresh_token   [  78% ] 006/205 VUs  23m17.7s/30m0s  600.00 iters/s

running (23m18.7s), 007/205 VUs, 837721 complete and 0 interrupted iterations
cap_refresh_token   [  78% ] 007/205 VUs  23m18.7s/30m0s  600.00 iters/s

running (23m19.7s), 008/205 VUs, 838320 complete and 0 interrupted iterations
cap_refresh_token   [  78% ] 008/205 VUs  23m19.7s/30m0s  600.00 iters/s

running (23m20.7s), 008/205 VUs, 838920 complete and 0 interrupted iterations
cap_refresh_token   [  78% ] 008/205 VUs  23m20.7s/30m0s  600.00 iters/s

running (23m21.7s), 006/205 VUs, 839522 complete and 0 interrupted iterations
cap_refresh_token   [  78% ] 006/205 VUs  23m21.7s/30m0s  600.00 iters/s

running (23m22.7s), 006/205 VUs, 840122 complete and 0 interrupted iterations
cap_refresh_token   [  78% ] 006/205 VUs  23m22.7s/30m0s  600.00 iters/s

running (23m23.7s), 006/205 VUs, 840722 complete and 0 interrupted iterations
cap_refresh_token   [  78% ] 006/205 VUs  23m23.7s/30m0s  600.00 iters/s

running (23m24.7s), 005/205 VUs, 841323 complete and 0 interrupted iterations
cap_refresh_token   [  78% ] 005/205 VUs  23m24.7s/30m0s  600.00 iters/s

running (23m25.7s), 006/205 VUs, 841922 complete and 0 interrupted iterations
cap_refresh_token   [  78% ] 006/205 VUs  23m25.7s/30m0s  600.00 iters/s

running (23m26.7s), 005/205 VUs, 842523 complete and 0 interrupted iterations
cap_refresh_token   [  78% ] 005/205 VUs  23m26.7s/30m0s  600.00 iters/s

running (23m27.7s), 008/205 VUs, 843120 complete and 0 interrupted iterations
cap_refresh_token   [  78% ] 008/205 VUs  23m27.7s/30m0s  600.00 iters/s

running (23m28.7s), 007/205 VUs, 843721 complete and 0 interrupted iterations
cap_refresh_token   [  78% ] 007/205 VUs  23m28.7s/30m0s  600.00 iters/s

running (23m29.7s), 044/205 VUs, 844284 complete and 0 interrupted iterations
cap_refresh_token   [  78% ] 044/205 VUs  23m29.7s/30m0s  600.00 iters/s

running (23m30.7s), 006/205 VUs, 844922 complete and 0 interrupted iterations
cap_refresh_token   [  78% ] 006/205 VUs  23m30.7s/30m0s  600.00 iters/s

running (23m31.7s), 006/205 VUs, 845522 complete and 0 interrupted iterations
cap_refresh_token   [  78% ] 006/205 VUs  23m31.7s/30m0s  600.00 iters/s

running (23m32.7s), 006/205 VUs, 846123 complete and 0 interrupted iterations
cap_refresh_token   [  78% ] 006/205 VUs  23m32.7s/30m0s  600.00 iters/s

running (23m33.7s), 004/205 VUs, 846723 complete and 0 interrupted iterations
cap_refresh_token   [  79% ] 005/205 VUs  23m33.7s/30m0s  600.00 iters/s

running (23m34.7s), 006/205 VUs, 847322 complete and 0 interrupted iterations
cap_refresh_token   [  79% ] 006/205 VUs  23m34.7s/30m0s  600.00 iters/s

running (23m35.7s), 006/205 VUs, 847922 complete and 0 interrupted iterations
cap_refresh_token   [  79% ] 006/205 VUs  23m35.7s/30m0s  600.00 iters/s

running (23m36.7s), 006/205 VUs, 848522 complete and 0 interrupted iterations
cap_refresh_token   [  79% ] 006/205 VUs  23m36.7s/30m0s  600.00 iters/s

running (23m37.7s), 005/205 VUs, 849123 complete and 0 interrupted iterations
cap_refresh_token   [  79% ] 005/205 VUs  23m37.7s/30m0s  600.00 iters/s

running (23m38.7s), 007/205 VUs, 849721 complete and 0 interrupted iterations
cap_refresh_token   [  79% ] 007/205 VUs  23m38.7s/30m0s  600.00 iters/s

running (23m39.7s), 011/205 VUs, 850317 complete and 0 interrupted iterations
cap_refresh_token   [  79% ] 011/205 VUs  23m39.7s/30m0s  600.00 iters/s

running (23m40.7s), 004/205 VUs, 850923 complete and 0 interrupted iterations
cap_refresh_token   [  79% ] 004/205 VUs  23m40.7s/30m0s  600.00 iters/s

running (23m41.7s), 008/205 VUs, 851520 complete and 0 interrupted iterations
cap_refresh_token   [  79% ] 008/205 VUs  23m41.7s/30m0s  600.00 iters/s

running (23m42.7s), 005/205 VUs, 852123 complete and 0 interrupted iterations
cap_refresh_token   [  79% ] 005/205 VUs  23m42.7s/30m0s  600.00 iters/s

running (23m43.7s), 007/205 VUs, 852721 complete and 0 interrupted iterations
cap_refresh_token   [  79% ] 007/205 VUs  23m43.7s/30m0s  600.00 iters/s

running (23m44.7s), 004/205 VUs, 853324 complete and 0 interrupted iterations
cap_refresh_token   [  79% ] 004/205 VUs  23m44.7s/30m0s  600.00 iters/s

running (23m45.7s), 005/205 VUs, 853923 complete and 0 interrupted iterations
cap_refresh_token   [  79% ] 005/205 VUs  23m45.7s/30m0s  600.00 iters/s

running (23m46.7s), 006/205 VUs, 854522 complete and 0 interrupted iterations
cap_refresh_token   [  79% ] 006/205 VUs  23m46.7s/30m0s  600.00 iters/s

running (23m47.7s), 007/205 VUs, 855121 complete and 0 interrupted iterations
cap_refresh_token   [  79% ] 007/205 VUs  23m47.7s/30m0s  600.00 iters/s

running (23m48.7s), 006/205 VUs, 855722 complete and 0 interrupted iterations
cap_refresh_token   [  79% ] 006/205 VUs  23m48.7s/30m0s  600.00 iters/s

running (23m49.7s), 026/205 VUs, 856302 complete and 0 interrupted iterations
cap_refresh_token   [  79% ] 026/205 VUs  23m49.7s/30m0s  600.00 iters/s

running (23m50.7s), 011/205 VUs, 856917 complete and 0 interrupted iterations
cap_refresh_token   [  79% ] 011/205 VUs  23m50.7s/30m0s  600.00 iters/s

running (23m51.7s), 009/205 VUs, 857519 complete and 0 interrupted iterations
cap_refresh_token   [  80% ] 009/205 VUs  23m51.7s/30m0s  600.00 iters/s

running (23m52.7s), 005/205 VUs, 858123 complete and 0 interrupted iterations
cap_refresh_token   [  80% ] 005/205 VUs  23m52.7s/30m0s  600.00 iters/s

running (23m53.7s), 013/205 VUs, 858715 complete and 0 interrupted iterations
cap_refresh_token   [  80% ] 013/205 VUs  23m53.7s/30m0s  600.00 iters/s

running (23m54.7s), 018/205 VUs, 859310 complete and 0 interrupted iterations
cap_refresh_token   [  80% ] 018/205 VUs  23m54.7s/30m0s  600.00 iters/s

running (23m55.7s), 007/205 VUs, 859921 complete and 0 interrupted iterations
cap_refresh_token   [  80% ] 007/205 VUs  23m55.7s/30m0s  600.00 iters/s

running (23m56.7s), 006/205 VUs, 860522 complete and 0 interrupted iterations
cap_refresh_token   [  80% ] 006/205 VUs  23m56.7s/30m0s  600.00 iters/s

running (23m57.7s), 006/205 VUs, 861122 complete and 0 interrupted iterations
cap_refresh_token   [  80% ] 006/205 VUs  23m57.7s/30m0s  600.00 iters/s

running (23m58.7s), 006/205 VUs, 861722 complete and 0 interrupted iterations
cap_refresh_token   [  80% ] 006/205 VUs  23m58.7s/30m0s  600.00 iters/s

running (23m59.7s), 006/205 VUs, 862322 complete and 0 interrupted iterations
cap_refresh_token   [  80% ] 006/205 VUs  23m59.7s/30m0s  600.00 iters/s

running (24m00.7s), 006/205 VUs, 862922 complete and 0 interrupted iterations
cap_refresh_token   [  80% ] 006/205 VUs  24m00.7s/30m0s  600.00 iters/s

running (24m01.7s), 004/205 VUs, 863524 complete and 0 interrupted iterations
cap_refresh_token   [  80% ] 004/205 VUs  24m01.7s/30m0s  600.00 iters/s

running (24m02.7s), 006/205 VUs, 864122 complete and 0 interrupted iterations
cap_refresh_token   [  80% ] 006/205 VUs  24m02.7s/30m0s  600.00 iters/s

running (24m03.7s), 007/205 VUs, 864721 complete and 0 interrupted iterations
cap_refresh_token   [  80% ] 007/205 VUs  24m03.7s/30m0s  600.00 iters/s

running (24m04.7s), 006/205 VUs, 865322 complete and 0 interrupted iterations
cap_refresh_token   [  80% ] 006/205 VUs  24m04.7s/30m0s  600.00 iters/s

running (24m05.7s), 005/205 VUs, 865923 complete and 0 interrupted iterations
cap_refresh_token   [  80% ] 005/205 VUs  24m05.7s/30m0s  600.00 iters/s

running (24m06.7s), 005/205 VUs, 866523 complete and 0 interrupted iterations
cap_refresh_token   [  80% ] 005/205 VUs  24m06.7s/30m0s  600.00 iters/s

running (24m07.7s), 009/205 VUs, 867119 complete and 0 interrupted iterations
cap_refresh_token   [  80% ] 009/205 VUs  24m07.7s/30m0s  600.00 iters/s

running (24m08.7s), 013/205 VUs, 867715 complete and 0 interrupted iterations
cap_refresh_token   [  80% ] 013/205 VUs  24m08.7s/30m0s  600.00 iters/s

running (24m09.7s), 006/205 VUs, 868322 complete and 0 interrupted iterations
cap_refresh_token   [  81% ] 006/205 VUs  24m09.7s/30m0s  600.00 iters/s

running (24m10.7s), 054/205 VUs, 868874 complete and 0 interrupted iterations
cap_refresh_token   [  81% ] 054/205 VUs  24m10.7s/30m0s  600.00 iters/s

running (24m11.7s), 008/205 VUs, 869520 complete and 0 interrupted iterations
cap_refresh_token   [  81% ] 008/205 VUs  24m11.7s/30m0s  600.00 iters/s

running (24m12.7s), 004/205 VUs, 870124 complete and 0 interrupted iterations
cap_refresh_token   [  81% ] 004/205 VUs  24m12.7s/30m0s  600.00 iters/s

running (24m13.7s), 005/205 VUs, 870723 complete and 0 interrupted iterations
cap_refresh_token   [  81% ] 005/205 VUs  24m13.7s/30m0s  600.00 iters/s

running (24m14.7s), 005/205 VUs, 871323 complete and 0 interrupted iterations
cap_refresh_token   [  81% ] 005/205 VUs  24m14.7s/30m0s  600.00 iters/s

running (24m15.7s), 007/205 VUs, 871921 complete and 0 interrupted iterations
cap_refresh_token   [  81% ] 007/205 VUs  24m15.7s/30m0s  600.00 iters/s

running (24m16.7s), 006/205 VUs, 872522 complete and 0 interrupted iterations
cap_refresh_token   [  81% ] 006/205 VUs  24m16.7s/30m0s  600.00 iters/s

running (24m17.7s), 006/205 VUs, 873122 complete and 0 interrupted iterations
cap_refresh_token   [  81% ] 006/205 VUs  24m17.7s/30m0s  600.00 iters/s

running (24m18.7s), 006/205 VUs, 873722 complete and 0 interrupted iterations
cap_refresh_token   [  81% ] 006/205 VUs  24m18.7s/30m0s  600.00 iters/s

running (24m19.7s), 020/205 VUs, 874308 complete and 0 interrupted iterations
cap_refresh_token   [  81% ] 020/205 VUs  24m19.7s/30m0s  600.00 iters/s

running (24m20.7s), 005/205 VUs, 874923 complete and 0 interrupted iterations
cap_refresh_token   [  81% ] 005/205 VUs  24m20.7s/30m0s  600.00 iters/s

running (24m21.7s), 006/205 VUs, 875522 complete and 0 interrupted iterations
cap_refresh_token   [  81% ] 006/205 VUs  24m21.7s/30m0s  600.00 iters/s

running (24m22.7s), 006/205 VUs, 876121 complete and 0 interrupted iterations
cap_refresh_token   [  81% ] 006/205 VUs  24m22.7s/30m0s  600.00 iters/s

running (24m23.7s), 004/205 VUs, 876724 complete and 0 interrupted iterations
cap_refresh_token   [  81% ] 004/205 VUs  24m23.7s/30m0s  600.00 iters/s

running (24m24.7s), 016/205 VUs, 877312 complete and 0 interrupted iterations
cap_refresh_token   [  81% ] 016/205 VUs  24m24.7s/30m0s  600.00 iters/s

running (24m25.7s), 007/205 VUs, 877921 complete and 0 interrupted iterations
cap_refresh_token   [  81% ] 007/205 VUs  24m25.7s/30m0s  600.00 iters/s

running (24m26.7s), 009/205 VUs, 878519 complete and 0 interrupted iterations
cap_refresh_token   [  81% ] 009/205 VUs  24m26.7s/30m0s  600.00 iters/s

running (24m27.7s), 013/205 VUs, 879115 complete and 0 interrupted iterations
cap_refresh_token   [  82% ] 013/205 VUs  24m27.7s/30m0s  600.00 iters/s

running (24m28.7s), 005/205 VUs, 879723 complete and 0 interrupted iterations
cap_refresh_token   [  82% ] 005/205 VUs  24m28.7s/30m0s  600.00 iters/s

running (24m29.7s), 005/205 VUs, 880323 complete and 0 interrupted iterations
cap_refresh_token   [  82% ] 005/205 VUs  24m29.7s/30m0s  600.00 iters/s

running (24m30.7s), 056/205 VUs, 880872 complete and 0 interrupted iterations
cap_refresh_token   [  82% ] 056/205 VUs  24m30.7s/30m0s  600.00 iters/s

running (24m31.7s), 005/205 VUs, 881523 complete and 0 interrupted iterations
cap_refresh_token   [  82% ] 005/205 VUs  24m31.7s/30m0s  600.00 iters/s

running (24m32.7s), 006/205 VUs, 882122 complete and 0 interrupted iterations
cap_refresh_token   [  82% ] 006/205 VUs  24m32.7s/30m0s  600.00 iters/s

running (24m33.7s), 010/205 VUs, 882718 complete and 0 interrupted iterations
cap_refresh_token   [  82% ] 010/205 VUs  24m33.7s/30m0s  600.00 iters/s

running (24m34.7s), 008/205 VUs, 883320 complete and 0 interrupted iterations
cap_refresh_token   [  82% ] 008/205 VUs  24m34.7s/30m0s  600.00 iters/s

running (24m35.7s), 006/205 VUs, 883922 complete and 0 interrupted iterations
cap_refresh_token   [  82% ] 006/205 VUs  24m35.7s/30m0s  600.00 iters/s

running (24m36.7s), 004/205 VUs, 884524 complete and 0 interrupted iterations
cap_refresh_token   [  82% ] 004/205 VUs  24m36.7s/30m0s  600.00 iters/s

running (24m37.7s), 006/205 VUs, 885122 complete and 0 interrupted iterations
cap_refresh_token   [  82% ] 006/205 VUs  24m37.7s/30m0s  600.00 iters/s

running (24m38.7s), 010/205 VUs, 885718 complete and 0 interrupted iterations
cap_refresh_token   [  82% ] 010/205 VUs  24m38.7s/30m0s  600.00 iters/s

running (24m39.7s), 006/205 VUs, 886322 complete and 0 interrupted iterations
cap_refresh_token   [  82% ] 006/205 VUs  24m39.7s/30m0s  600.00 iters/s

running (24m40.7s), 006/205 VUs, 886922 complete and 0 interrupted iterations
cap_refresh_token   [  82% ] 006/205 VUs  24m40.7s/30m0s  600.00 iters/s

running (24m41.7s), 005/205 VUs, 887523 complete and 0 interrupted iterations
cap_refresh_token   [  82% ] 005/205 VUs  24m41.7s/30m0s  600.00 iters/s

running (24m42.7s), 005/205 VUs, 888123 complete and 0 interrupted iterations
cap_refresh_token   [  82% ] 005/205 VUs  24m42.7s/30m0s  600.00 iters/s

running (24m43.7s), 005/205 VUs, 888723 complete and 0 interrupted iterations
cap_refresh_token   [  82% ] 005/205 VUs  24m43.7s/30m0s  600.00 iters/s

running (24m44.7s), 008/205 VUs, 889320 complete and 0 interrupted iterations
cap_refresh_token   [  82% ] 008/205 VUs  24m44.7s/30m0s  600.00 iters/s

running (24m45.7s), 006/205 VUs, 889922 complete and 0 interrupted iterations
cap_refresh_token   [  83% ] 006/205 VUs  24m45.7s/30m0s  600.00 iters/s

running (24m46.7s), 007/205 VUs, 890521 complete and 0 interrupted iterations
cap_refresh_token   [  83% ] 007/205 VUs  24m46.7s/30m0s  600.00 iters/s

running (24m47.7s), 005/205 VUs, 891122 complete and 0 interrupted iterations
cap_refresh_token   [  83% ] 005/205 VUs  24m47.7s/30m0s  600.00 iters/s

running (24m48.7s), 010/205 VUs, 891718 complete and 0 interrupted iterations
cap_refresh_token   [  83% ] 010/205 VUs  24m48.7s/30m0s  600.00 iters/s

running (24m49.7s), 014/205 VUs, 892314 complete and 0 interrupted iterations
cap_refresh_token   [  83% ] 014/205 VUs  24m49.7s/30m0s  600.00 iters/s

running (24m50.7s), 045/205 VUs, 892884 complete and 0 interrupted iterations
cap_refresh_token   [  83% ] 045/205 VUs  24m50.7s/30m0s  600.00 iters/s

running (24m51.7s), 049/205 VUs, 893478 complete and 0 interrupted iterations
cap_refresh_token   [  83% ] 049/205 VUs  24m51.7s/30m0s  600.00 iters/s

running (24m52.7s), 006/205 VUs, 894122 complete and 0 interrupted iterations
cap_refresh_token   [  83% ] 006/205 VUs  24m52.7s/30m0s  600.00 iters/s

running (24m53.7s), 009/205 VUs, 894719 complete and 0 interrupted iterations
cap_refresh_token   [  83% ] 009/205 VUs  24m53.7s/30m0s  600.00 iters/s

running (24m54.7s), 009/205 VUs, 895319 complete and 0 interrupted iterations
cap_refresh_token   [  83% ] 009/205 VUs  24m54.7s/30m0s  600.00 iters/s

running (24m55.7s), 006/205 VUs, 895922 complete and 0 interrupted iterations
cap_refresh_token   [  83% ] 006/205 VUs  24m55.7s/30m0s  600.00 iters/s

running (24m56.7s), 014/205 VUs, 896514 complete and 0 interrupted iterations
cap_refresh_token   [  83% ] 014/205 VUs  24m56.7s/30m0s  600.00 iters/s

running (24m57.7s), 005/205 VUs, 897122 complete and 0 interrupted iterations
cap_refresh_token   [  83% ] 005/205 VUs  24m57.7s/30m0s  600.00 iters/s

running (24m58.7s), 008/205 VUs, 897720 complete and 0 interrupted iterations
cap_refresh_token   [  83% ] 008/205 VUs  24m58.7s/30m0s  600.00 iters/s

running (24m59.7s), 006/205 VUs, 898322 complete and 0 interrupted iterations
cap_refresh_token   [  83% ] 006/205 VUs  24m59.7s/30m0s  600.00 iters/s

running (25m00.7s), 011/205 VUs, 898917 complete and 0 interrupted iterations
cap_refresh_token   [  83% ] 011/205 VUs  25m00.7s/30m0s  600.00 iters/s

running (25m01.7s), 008/205 VUs, 899520 complete and 0 interrupted iterations
cap_refresh_token   [  83% ] 008/205 VUs  25m01.7s/30m0s  600.00 iters/s

running (25m02.7s), 007/205 VUs, 900121 complete and 0 interrupted iterations
cap_refresh_token   [  83% ] 007/205 VUs  25m02.7s/30m0s  600.00 iters/s

running (25m03.7s), 024/205 VUs, 900705 complete and 0 interrupted iterations
cap_refresh_token   [  84% ] 024/205 VUs  25m03.7s/30m0s  600.00 iters/s

running (25m04.7s), 007/205 VUs, 901321 complete and 0 interrupted iterations
cap_refresh_token   [  84% ] 007/205 VUs  25m04.7s/30m0s  600.00 iters/s

running (25m05.7s), 006/205 VUs, 901922 complete and 0 interrupted iterations
cap_refresh_token   [  84% ] 006/205 VUs  25m05.7s/30m0s  600.00 iters/s

running (25m06.7s), 013/205 VUs, 902515 complete and 0 interrupted iterations
cap_refresh_token   [  84% ] 013/205 VUs  25m06.7s/30m0s  600.00 iters/s

running (25m07.7s), 017/205 VUs, 903111 complete and 0 interrupted iterations
cap_refresh_token   [  84% ] 017/205 VUs  25m07.7s/30m0s  600.00 iters/s

running (25m08.7s), 007/205 VUs, 903721 complete and 0 interrupted iterations
cap_refresh_token   [  84% ] 007/205 VUs  25m08.7s/30m0s  600.00 iters/s

running (25m09.7s), 010/205 VUs, 904317 complete and 0 interrupted iterations
cap_refresh_token   [  84% ] 010/205 VUs  25m09.7s/30m0s  600.00 iters/s

running (25m10.7s), 005/205 VUs, 904923 complete and 0 interrupted iterations
cap_refresh_token   [  84% ] 005/205 VUs  25m10.7s/30m0s  600.00 iters/s

running (25m11.7s), 019/205 VUs, 905509 complete and 0 interrupted iterations
cap_refresh_token   [  84% ] 019/205 VUs  25m11.7s/30m0s  600.00 iters/s

running (25m12.7s), 011/205 VUs, 906117 complete and 0 interrupted iterations
cap_refresh_token   [  84% ] 011/205 VUs  25m12.7s/30m0s  600.00 iters/s

running (25m13.7s), 006/205 VUs, 906722 complete and 0 interrupted iterations
cap_refresh_token   [  84% ] 006/205 VUs  25m13.7s/30m0s  600.00 iters/s

running (25m14.7s), 005/205 VUs, 907323 complete and 0 interrupted iterations
cap_refresh_token   [  84% ] 005/205 VUs  25m14.7s/30m0s  600.00 iters/s

running (25m15.7s), 009/205 VUs, 907919 complete and 0 interrupted iterations
cap_refresh_token   [  84% ] 009/205 VUs  25m15.7s/30m0s  600.00 iters/s

running (25m16.7s), 009/205 VUs, 908519 complete and 0 interrupted iterations
cap_refresh_token   [  84% ] 009/205 VUs  25m16.7s/30m0s  600.00 iters/s

running (25m17.7s), 025/205 VUs, 909102 complete and 0 interrupted iterations
cap_refresh_token   [  84% ] 026/205 VUs  25m17.7s/30m0s  600.00 iters/s

running (25m18.7s), 007/205 VUs, 909720 complete and 0 interrupted iterations
cap_refresh_token   [  84% ] 007/205 VUs  25m18.7s/30m0s  600.00 iters/s

running (25m19.7s), 012/205 VUs, 910316 complete and 0 interrupted iterations
cap_refresh_token   [  84% ] 012/205 VUs  25m19.7s/30m0s  600.00 iters/s

running (25m20.7s), 007/205 VUs, 910921 complete and 0 interrupted iterations
cap_refresh_token   [  84% ] 007/205 VUs  25m20.7s/30m0s  600.00 iters/s

running (25m21.7s), 009/205 VUs, 911519 complete and 0 interrupted iterations
cap_refresh_token   [  85% ] 009/205 VUs  25m21.7s/30m0s  600.00 iters/s

running (25m22.7s), 007/205 VUs, 912121 complete and 0 interrupted iterations
cap_refresh_token   [  85% ] 007/205 VUs  25m22.7s/30m0s  600.00 iters/s

running (25m23.7s), 008/205 VUs, 912720 complete and 0 interrupted iterations
cap_refresh_token   [  85% ] 008/205 VUs  25m23.7s/30m0s  600.00 iters/s

running (25m24.7s), 010/205 VUs, 913319 complete and 0 interrupted iterations
cap_refresh_token   [  85% ] 010/205 VUs  25m24.7s/30m0s  600.00 iters/s

running (25m25.7s), 008/205 VUs, 913920 complete and 0 interrupted iterations
cap_refresh_token   [  85% ] 008/205 VUs  25m25.7s/30m0s  600.00 iters/s

running (25m26.7s), 006/205 VUs, 914522 complete and 0 interrupted iterations
cap_refresh_token   [  85% ] 006/205 VUs  25m26.7s/30m0s  600.00 iters/s

running (25m27.7s), 005/205 VUs, 915123 complete and 0 interrupted iterations
cap_refresh_token   [  85% ] 005/205 VUs  25m27.7s/30m0s  600.00 iters/s

running (25m28.7s), 006/205 VUs, 915722 complete and 0 interrupted iterations
cap_refresh_token   [  85% ] 006/205 VUs  25m28.7s/30m0s  600.00 iters/s

running (25m29.7s), 007/205 VUs, 916320 complete and 0 interrupted iterations
cap_refresh_token   [  85% ] 007/205 VUs  25m29.7s/30m0s  600.00 iters/s

running (25m30.7s), 007/205 VUs, 916921 complete and 0 interrupted iterations
cap_refresh_token   [  85% ] 007/205 VUs  25m30.7s/30m0s  600.00 iters/s

running (25m31.7s), 014/205 VUs, 917514 complete and 0 interrupted iterations
cap_refresh_token   [  85% ] 014/205 VUs  25m31.7s/30m0s  600.00 iters/s

running (25m32.7s), 050/205 VUs, 918077 complete and 0 interrupted iterations
cap_refresh_token   [  85% ] 050/205 VUs  25m32.7s/30m0s  600.00 iters/s

running (25m33.7s), 006/205 VUs, 918722 complete and 0 interrupted iterations
cap_refresh_token   [  85% ] 006/205 VUs  25m33.7s/30m0s  600.00 iters/s

running (25m34.7s), 021/205 VUs, 919307 complete and 0 interrupted iterations
cap_refresh_token   [  85% ] 021/205 VUs  25m34.7s/30m0s  600.00 iters/s

running (25m35.7s), 007/205 VUs, 919921 complete and 0 interrupted iterations
cap_refresh_token   [  85% ] 007/205 VUs  25m35.7s/30m0s  600.00 iters/s

running (25m36.7s), 005/205 VUs, 920523 complete and 0 interrupted iterations
cap_refresh_token   [  85% ] 005/205 VUs  25m36.7s/30m0s  600.00 iters/s

running (25m37.7s), 006/205 VUs, 921122 complete and 0 interrupted iterations
cap_refresh_token   [  85% ] 006/205 VUs  25m37.7s/30m0s  600.00 iters/s

running (25m38.7s), 006/205 VUs, 921722 complete and 0 interrupted iterations
cap_refresh_token   [  85% ] 006/205 VUs  25m38.7s/30m0s  600.00 iters/s

running (25m39.7s), 006/205 VUs, 922322 complete and 0 interrupted iterations
cap_refresh_token   [  86% ] 006/205 VUs  25m39.7s/30m0s  600.00 iters/s

running (25m40.7s), 006/205 VUs, 922922 complete and 0 interrupted iterations
cap_refresh_token   [  86% ] 006/205 VUs  25m40.7s/30m0s  600.00 iters/s

running (25m41.7s), 006/205 VUs, 923522 complete and 0 interrupted iterations
cap_refresh_token   [  86% ] 006/205 VUs  25m41.7s/30m0s  600.00 iters/s

running (25m42.7s), 005/205 VUs, 924123 complete and 0 interrupted iterations
cap_refresh_token   [  86% ] 005/205 VUs  25m42.7s/30m0s  600.00 iters/s

running (25m43.7s), 018/205 VUs, 924710 complete and 0 interrupted iterations
cap_refresh_token   [  86% ] 018/205 VUs  25m43.7s/30m0s  600.00 iters/s

running (25m44.7s), 005/205 VUs, 925324 complete and 0 interrupted iterations
cap_refresh_token   [  86% ] 005/205 VUs  25m44.7s/30m0s  600.00 iters/s

running (25m45.7s), 008/205 VUs, 925920 complete and 0 interrupted iterations
cap_refresh_token   [  86% ] 008/205 VUs  25m45.7s/30m0s  600.00 iters/s

running (25m46.7s), 006/205 VUs, 926522 complete and 0 interrupted iterations
cap_refresh_token   [  86% ] 006/205 VUs  25m46.7s/30m0s  600.00 iters/s

running (25m47.7s), 006/205 VUs, 927122 complete and 0 interrupted iterations
cap_refresh_token   [  86% ] 006/205 VUs  25m47.7s/30m0s  600.00 iters/s

running (25m48.7s), 008/205 VUs, 927720 complete and 0 interrupted iterations
cap_refresh_token   [  86% ] 008/205 VUs  25m48.7s/30m0s  600.00 iters/s

running (25m49.7s), 006/205 VUs, 928322 complete and 0 interrupted iterations
cap_refresh_token   [  86% ] 006/205 VUs  25m49.7s/30m0s  600.00 iters/s

running (25m50.7s), 007/205 VUs, 928921 complete and 0 interrupted iterations
cap_refresh_token   [  86% ] 007/205 VUs  25m50.7s/30m0s  600.00 iters/s

running (25m51.7s), 007/205 VUs, 929521 complete and 0 interrupted iterations
cap_refresh_token   [  86% ] 007/205 VUs  25m51.7s/30m0s  600.00 iters/s

running (25m52.7s), 007/205 VUs, 930121 complete and 0 interrupted iterations
cap_refresh_token   [  86% ] 007/205 VUs  25m52.7s/30m0s  600.00 iters/s

running (25m53.7s), 007/205 VUs, 930721 complete and 0 interrupted iterations
cap_refresh_token   [  86% ] 007/205 VUs  25m53.7s/30m0s  600.00 iters/s

running (25m54.7s), 007/205 VUs, 931320 complete and 0 interrupted iterations
cap_refresh_token   [  86% ] 008/205 VUs  25m54.7s/30m0s  600.00 iters/s

running (25m55.7s), 005/205 VUs, 931923 complete and 0 interrupted iterations
cap_refresh_token   [  86% ] 005/205 VUs  25m55.7s/30m0s  600.00 iters/s

running (25m56.7s), 010/205 VUs, 932518 complete and 0 interrupted iterations
cap_refresh_token   [  86% ] 010/205 VUs  25m56.7s/30m0s  600.00 iters/s

running (25m57.7s), 006/205 VUs, 933122 complete and 0 interrupted iterations
cap_refresh_token   [  87% ] 006/205 VUs  25m57.7s/30m0s  600.00 iters/s

running (25m58.7s), 004/205 VUs, 933724 complete and 0 interrupted iterations
cap_refresh_token   [  87% ] 004/205 VUs  25m58.7s/30m0s  600.00 iters/s

running (25m59.7s), 006/205 VUs, 934322 complete and 0 interrupted iterations
cap_refresh_token   [  87% ] 006/205 VUs  25m59.7s/30m0s  600.00 iters/s

running (26m00.7s), 005/205 VUs, 934923 complete and 0 interrupted iterations
cap_refresh_token   [  87% ] 005/205 VUs  26m00.7s/30m0s  600.00 iters/s

running (26m01.7s), 014/205 VUs, 935514 complete and 0 interrupted iterations
cap_refresh_token   [  87% ] 014/205 VUs  26m01.7s/30m0s  600.00 iters/s

running (26m02.7s), 007/205 VUs, 936121 complete and 0 interrupted iterations
cap_refresh_token   [  87% ] 007/205 VUs  26m02.7s/30m0s  600.00 iters/s

running (26m03.7s), 006/205 VUs, 936722 complete and 0 interrupted iterations
cap_refresh_token   [  87% ] 006/205 VUs  26m03.7s/30m0s  600.00 iters/s

running (26m04.7s), 007/205 VUs, 937321 complete and 0 interrupted iterations
cap_refresh_token   [  87% ] 007/205 VUs  26m04.7s/30m0s  600.00 iters/s

running (26m05.7s), 005/205 VUs, 937923 complete and 0 interrupted iterations
cap_refresh_token   [  87% ] 005/205 VUs  26m05.7s/30m0s  600.00 iters/s

running (26m06.7s), 006/205 VUs, 938522 complete and 0 interrupted iterations
cap_refresh_token   [  87% ] 006/205 VUs  26m06.7s/30m0s  600.00 iters/s

running (26m07.7s), 005/205 VUs, 939123 complete and 0 interrupted iterations
cap_refresh_token   [  87% ] 005/205 VUs  26m07.7s/30m0s  600.00 iters/s

running (26m08.7s), 005/205 VUs, 939723 complete and 0 interrupted iterations
cap_refresh_token   [  87% ] 005/205 VUs  26m08.7s/30m0s  600.00 iters/s

running (26m09.7s), 006/205 VUs, 940322 complete and 0 interrupted iterations
cap_refresh_token   [  87% ] 006/205 VUs  26m09.7s/30m0s  600.00 iters/s

running (26m10.7s), 008/205 VUs, 940920 complete and 0 interrupted iterations
cap_refresh_token   [  87% ] 008/205 VUs  26m10.7s/30m0s  600.00 iters/s

running (26m11.7s), 005/205 VUs, 941523 complete and 0 interrupted iterations
cap_refresh_token   [  87% ] 005/205 VUs  26m11.7s/30m0s  600.00 iters/s

running (26m12.7s), 009/205 VUs, 942119 complete and 0 interrupted iterations
cap_refresh_token   [  87% ] 009/205 VUs  26m12.7s/30m0s  600.00 iters/s

running (26m13.7s), 006/205 VUs, 942722 complete and 0 interrupted iterations
cap_refresh_token   [  87% ] 006/205 VUs  26m13.7s/30m0s  600.00 iters/s

running (26m14.7s), 036/205 VUs, 943292 complete and 0 interrupted iterations
cap_refresh_token   [  87% ] 036/205 VUs  26m14.7s/30m0s  600.00 iters/s

running (26m15.7s), 005/205 VUs, 943923 complete and 0 interrupted iterations
cap_refresh_token   [  88% ] 005/205 VUs  26m15.7s/30m0s  600.00 iters/s

running (26m16.7s), 008/205 VUs, 944520 complete and 0 interrupted iterations
cap_refresh_token   [  88% ] 008/205 VUs  26m16.7s/30m0s  600.00 iters/s

running (26m17.7s), 004/205 VUs, 945124 complete and 0 interrupted iterations
cap_refresh_token   [  88% ] 004/205 VUs  26m17.7s/30m0s  600.00 iters/s

running (26m18.7s), 005/205 VUs, 945723 complete and 0 interrupted iterations
cap_refresh_token   [  88% ] 005/205 VUs  26m18.7s/30m0s  600.00 iters/s

running (26m19.7s), 005/205 VUs, 946323 complete and 0 interrupted iterations
cap_refresh_token   [  88% ] 005/205 VUs  26m19.7s/30m0s  600.00 iters/s

running (26m20.7s), 008/205 VUs, 946920 complete and 0 interrupted iterations
cap_refresh_token   [  88% ] 008/205 VUs  26m20.7s/30m0s  600.00 iters/s

running (26m21.7s), 005/205 VUs, 947523 complete and 0 interrupted iterations
cap_refresh_token   [  88% ] 005/205 VUs  26m21.7s/30m0s  600.00 iters/s

running (26m22.7s), 005/205 VUs, 948123 complete and 0 interrupted iterations
cap_refresh_token   [  88% ] 005/205 VUs  26m22.7s/30m0s  600.00 iters/s

running (26m23.7s), 008/205 VUs, 948720 complete and 0 interrupted iterations
cap_refresh_token   [  88% ] 008/205 VUs  26m23.7s/30m0s  600.00 iters/s

running (26m24.7s), 005/205 VUs, 949323 complete and 0 interrupted iterations
cap_refresh_token   [  88% ] 005/205 VUs  26m24.7s/30m0s  600.00 iters/s

running (26m25.7s), 006/205 VUs, 949922 complete and 0 interrupted iterations
cap_refresh_token   [  88% ] 006/205 VUs  26m25.7s/30m0s  600.00 iters/s

running (26m26.7s), 004/205 VUs, 950524 complete and 0 interrupted iterations
cap_refresh_token   [  88% ] 004/205 VUs  26m26.7s/30m0s  600.00 iters/s

running (26m27.7s), 005/205 VUs, 951123 complete and 0 interrupted iterations
cap_refresh_token   [  88% ] 005/205 VUs  26m27.7s/30m0s  600.00 iters/s

running (26m28.7s), 007/205 VUs, 951721 complete and 0 interrupted iterations
cap_refresh_token   [  88% ] 007/205 VUs  26m28.7s/30m0s  600.00 iters/s

running (26m29.7s), 006/205 VUs, 952322 complete and 0 interrupted iterations
cap_refresh_token   [  88% ] 006/205 VUs  26m29.7s/30m0s  600.00 iters/s

running (26m30.7s), 007/205 VUs, 952921 complete and 0 interrupted iterations
cap_refresh_token   [  88% ] 007/205 VUs  26m30.7s/30m0s  600.00 iters/s

running (26m31.7s), 005/205 VUs, 953523 complete and 0 interrupted iterations
cap_refresh_token   [  88% ] 005/205 VUs  26m31.7s/30m0s  600.00 iters/s

running (26m32.7s), 007/205 VUs, 954121 complete and 0 interrupted iterations
cap_refresh_token   [  88% ] 007/205 VUs  26m32.7s/30m0s  600.00 iters/s

running (26m33.7s), 006/205 VUs, 954722 complete and 0 interrupted iterations
cap_refresh_token   [  89% ] 006/205 VUs  26m33.7s/30m0s  600.00 iters/s

running (26m34.7s), 005/205 VUs, 955323 complete and 0 interrupted iterations
cap_refresh_token   [  89% ] 005/205 VUs  26m34.7s/30m0s  600.00 iters/s

running (26m35.7s), 007/205 VUs, 955921 complete and 0 interrupted iterations
cap_refresh_token   [  89% ] 007/205 VUs  26m35.7s/30m0s  600.00 iters/s

running (26m36.7s), 006/205 VUs, 956522 complete and 0 interrupted iterations
cap_refresh_token   [  89% ] 006/205 VUs  26m36.7s/30m0s  600.00 iters/s

running (26m37.7s), 005/205 VUs, 957123 complete and 0 interrupted iterations
cap_refresh_token   [  89% ] 005/205 VUs  26m37.7s/30m0s  600.00 iters/s

running (26m38.7s), 008/205 VUs, 957720 complete and 0 interrupted iterations
cap_refresh_token   [  89% ] 008/205 VUs  26m38.7s/30m0s  600.00 iters/s

running (26m39.7s), 005/205 VUs, 958323 complete and 0 interrupted iterations
cap_refresh_token   [  89% ] 005/205 VUs  26m39.7s/30m0s  600.00 iters/s

running (26m40.7s), 007/205 VUs, 958921 complete and 0 interrupted iterations
cap_refresh_token   [  89% ] 007/205 VUs  26m40.7s/30m0s  600.00 iters/s

running (26m41.7s), 008/205 VUs, 959520 complete and 0 interrupted iterations
cap_refresh_token   [  89% ] 007/205 VUs  26m41.7s/30m0s  600.00 iters/s

running (26m42.7s), 005/205 VUs, 960123 complete and 0 interrupted iterations
cap_refresh_token   [  89% ] 005/205 VUs  26m42.7s/30m0s  600.00 iters/s

running (26m43.7s), 007/205 VUs, 960721 complete and 0 interrupted iterations
cap_refresh_token   [  89% ] 007/205 VUs  26m43.7s/30m0s  600.00 iters/s

running (26m44.7s), 008/205 VUs, 961320 complete and 0 interrupted iterations
cap_refresh_token   [  89% ] 008/205 VUs  26m44.7s/30m0s  600.00 iters/s

running (26m45.7s), 005/205 VUs, 961923 complete and 0 interrupted iterations
cap_refresh_token   [  89% ] 005/205 VUs  26m45.7s/30m0s  600.00 iters/s

running (26m46.7s), 011/205 VUs, 962517 complete and 0 interrupted iterations
cap_refresh_token   [  89% ] 011/205 VUs  26m46.7s/30m0s  600.00 iters/s

running (26m47.7s), 009/205 VUs, 963119 complete and 0 interrupted iterations
cap_refresh_token   [  89% ] 009/205 VUs  26m47.7s/30m0s  600.00 iters/s

running (26m48.7s), 007/205 VUs, 963721 complete and 0 interrupted iterations
cap_refresh_token   [  89% ] 007/205 VUs  26m48.7s/30m0s  600.00 iters/s

running (26m49.7s), 008/205 VUs, 964320 complete and 0 interrupted iterations
cap_refresh_token   [  89% ] 008/205 VUs  26m49.7s/30m0s  600.00 iters/s

running (26m50.7s), 006/205 VUs, 964922 complete and 0 interrupted iterations
cap_refresh_token   [  89% ] 006/205 VUs  26m50.7s/30m0s  600.00 iters/s

running (26m51.7s), 006/205 VUs, 965522 complete and 0 interrupted iterations
cap_refresh_token   [  90% ] 006/205 VUs  26m51.7s/30m0s  600.00 iters/s

running (26m52.7s), 006/205 VUs, 966122 complete and 0 interrupted iterations
cap_refresh_token   [  90% ] 006/205 VUs  26m52.7s/30m0s  600.00 iters/s

running (26m53.7s), 005/205 VUs, 966723 complete and 0 interrupted iterations
cap_refresh_token   [  90% ] 005/205 VUs  26m53.7s/30m0s  600.00 iters/s

running (26m54.7s), 007/205 VUs, 967321 complete and 0 interrupted iterations
cap_refresh_token   [  90% ] 007/205 VUs  26m54.7s/30m0s  600.00 iters/s

running (26m55.7s), 069/205 VUs, 967864 complete and 0 interrupted iterations
cap_refresh_token   [  90% ] 069/205 VUs  26m55.7s/30m0s  600.00 iters/s

running (26m56.7s), 005/205 VUs, 968523 complete and 0 interrupted iterations
cap_refresh_token   [  90% ] 005/205 VUs  26m56.7s/30m0s  600.00 iters/s

running (26m57.7s), 013/205 VUs, 969115 complete and 0 interrupted iterations
cap_refresh_token   [  90% ] 013/205 VUs  26m57.7s/30m0s  600.00 iters/s

running (26m58.7s), 008/205 VUs, 969720 complete and 0 interrupted iterations
cap_refresh_token   [  90% ] 008/205 VUs  26m58.7s/30m0s  600.00 iters/s

running (26m59.7s), 009/205 VUs, 970319 complete and 0 interrupted iterations
cap_refresh_token   [  90% ] 009/205 VUs  26m59.7s/30m0s  600.00 iters/s

running (27m00.7s), 008/205 VUs, 970920 complete and 0 interrupted iterations
cap_refresh_token   [  90% ] 008/205 VUs  27m00.7s/30m0s  600.00 iters/s

running (27m01.7s), 004/205 VUs, 971523 complete and 0 interrupted iterations
cap_refresh_token   [  90% ] 004/205 VUs  27m01.7s/30m0s  600.00 iters/s

running (27m02.7s), 011/205 VUs, 972117 complete and 0 interrupted iterations
cap_refresh_token   [  90% ] 011/205 VUs  27m02.7s/30m0s  600.00 iters/s

running (27m03.7s), 005/205 VUs, 972723 complete and 0 interrupted iterations
cap_refresh_token   [  90% ] 005/205 VUs  27m03.7s/30m0s  600.00 iters/s

running (27m04.7s), 006/205 VUs, 973322 complete and 0 interrupted iterations
cap_refresh_token   [  90% ] 006/205 VUs  27m04.7s/30m0s  600.00 iters/s

running (27m05.7s), 006/205 VUs, 973922 complete and 0 interrupted iterations
cap_refresh_token   [  90% ] 006/205 VUs  27m05.7s/30m0s  600.00 iters/s

running (27m06.7s), 005/205 VUs, 974522 complete and 0 interrupted iterations
cap_refresh_token   [  90% ] 005/205 VUs  27m06.7s/30m0s  600.00 iters/s

running (27m07.7s), 006/205 VUs, 975122 complete and 0 interrupted iterations
cap_refresh_token   [  90% ] 006/205 VUs  27m07.7s/30m0s  600.00 iters/s

running (27m08.7s), 005/205 VUs, 975723 complete and 0 interrupted iterations
cap_refresh_token   [  90% ] 005/205 VUs  27m08.7s/30m0s  600.00 iters/s

running (27m09.7s), 004/205 VUs, 976324 complete and 0 interrupted iterations
cap_refresh_token   [  91% ] 004/205 VUs  27m09.7s/30m0s  600.00 iters/s

running (27m10.7s), 005/205 VUs, 976923 complete and 0 interrupted iterations
cap_refresh_token   [  91% ] 005/205 VUs  27m10.7s/30m0s  600.00 iters/s

running (27m11.7s), 012/205 VUs, 977516 complete and 0 interrupted iterations
cap_refresh_token   [  91% ] 012/205 VUs  27m11.7s/30m0s  600.00 iters/s

running (27m12.7s), 005/205 VUs, 978123 complete and 0 interrupted iterations
cap_refresh_token   [  91% ] 005/205 VUs  27m12.7s/30m0s  600.00 iters/s

running (27m13.7s), 005/205 VUs, 978723 complete and 0 interrupted iterations
cap_refresh_token   [  91% ] 005/205 VUs  27m13.7s/30m0s  600.00 iters/s

running (27m14.7s), 008/205 VUs, 979320 complete and 0 interrupted iterations
cap_refresh_token   [  91% ] 008/205 VUs  27m14.7s/30m0s  600.00 iters/s

running (27m15.7s), 009/205 VUs, 979919 complete and 0 interrupted iterations
cap_refresh_token   [  91% ] 009/205 VUs  27m15.7s/30m0s  600.00 iters/s

running (27m16.7s), 058/205 VUs, 980471 complete and 0 interrupted iterations
cap_refresh_token   [  91% ] 058/205 VUs  27m16.7s/30m0s  600.00 iters/s

running (27m17.7s), 009/205 VUs, 981119 complete and 0 interrupted iterations
cap_refresh_token   [  91% ] 009/205 VUs  27m17.7s/30m0s  600.00 iters/s

running (27m18.7s), 009/205 VUs, 981719 complete and 0 interrupted iterations
cap_refresh_token   [  91% ] 009/205 VUs  27m18.7s/30m0s  600.00 iters/s

running (27m19.7s), 018/205 VUs, 982310 complete and 0 interrupted iterations
cap_refresh_token   [  91% ] 018/205 VUs  27m19.7s/30m0s  600.00 iters/s

running (27m20.7s), 006/205 VUs, 982922 complete and 0 interrupted iterations
cap_refresh_token   [  91% ] 006/205 VUs  27m20.7s/30m0s  600.00 iters/s

running (27m21.7s), 018/205 VUs, 983510 complete and 0 interrupted iterations
cap_refresh_token   [  91% ] 018/205 VUs  27m21.7s/30m0s  600.00 iters/s

running (27m22.7s), 006/205 VUs, 984122 complete and 0 interrupted iterations
cap_refresh_token   [  91% ] 006/205 VUs  27m22.7s/30m0s  600.00 iters/s

running (27m23.7s), 007/205 VUs, 984721 complete and 0 interrupted iterations
cap_refresh_token   [  91% ] 007/205 VUs  27m23.7s/30m0s  600.00 iters/s

running (27m24.7s), 007/205 VUs, 985320 complete and 0 interrupted iterations
cap_refresh_token   [  91% ] 007/205 VUs  27m24.7s/30m0s  600.00 iters/s

running (27m25.7s), 048/205 VUs, 985881 complete and 0 interrupted iterations
cap_refresh_token   [  91% ] 048/205 VUs  27m25.7s/30m0s  600.00 iters/s

running (27m26.7s), 014/205 VUs, 986513 complete and 0 interrupted iterations
cap_refresh_token   [  91% ] 014/205 VUs  27m26.7s/30m0s  600.00 iters/s

running (27m27.7s), 009/205 VUs, 987119 complete and 0 interrupted iterations
cap_refresh_token   [  92% ] 009/205 VUs  27m27.7s/30m0s  600.00 iters/s

running (27m28.7s), 006/205 VUs, 987722 complete and 0 interrupted iterations
cap_refresh_token   [  92% ] 006/205 VUs  27m28.7s/30m0s  600.00 iters/s

running (27m29.7s), 007/205 VUs, 988321 complete and 0 interrupted iterations
cap_refresh_token   [  92% ] 007/205 VUs  27m29.7s/30m0s  600.00 iters/s

running (27m30.7s), 008/205 VUs, 988920 complete and 0 interrupted iterations
cap_refresh_token   [  92% ] 008/205 VUs  27m30.7s/30m0s  600.00 iters/s

running (27m31.7s), 054/205 VUs, 989474 complete and 0 interrupted iterations
cap_refresh_token   [  92% ] 054/205 VUs  27m31.7s/30m0s  600.00 iters/s

running (27m32.7s), 063/205 VUs, 990065 complete and 0 interrupted iterations
cap_refresh_token   [  92% ] 063/205 VUs  27m32.7s/30m0s  600.00 iters/s

running (27m33.7s), 033/205 VUs, 990695 complete and 0 interrupted iterations
cap_refresh_token   [  92% ] 033/205 VUs  27m33.7s/30m0s  600.00 iters/s

running (27m34.7s), 005/205 VUs, 991322 complete and 0 interrupted iterations
cap_refresh_token   [  92% ] 005/205 VUs  27m34.7s/30m0s  600.00 iters/s

running (27m35.7s), 010/205 VUs, 991918 complete and 0 interrupted iterations
cap_refresh_token   [  92% ] 010/205 VUs  27m35.7s/30m0s  600.00 iters/s

running (27m36.7s), 005/205 VUs, 992523 complete and 0 interrupted iterations
cap_refresh_token   [  92% ] 005/205 VUs  27m36.7s/30m0s  600.00 iters/s

running (27m37.7s), 086/205 VUs, 993042 complete and 0 interrupted iterations
cap_refresh_token   [  92% ] 086/205 VUs  27m37.7s/30m0s  600.00 iters/s

running (27m38.7s), 134/205 VUs, 993594 complete and 0 interrupted iterations
cap_refresh_token   [  92% ] 134/205 VUs  27m38.7s/30m0s  600.00 iters/s

running (27m39.7s), 066/205 VUs, 994262 complete and 0 interrupted iterations
cap_refresh_token   [  92% ] 066/205 VUs  27m39.7s/30m0s  600.00 iters/s

running (27m40.7s), 043/205 VUs, 994885 complete and 0 interrupted iterations
cap_refresh_token   [  92% ] 043/205 VUs  27m40.7s/30m0s  600.00 iters/s

running (27m41.7s), 004/205 VUs, 995524 complete and 0 interrupted iterations
cap_refresh_token   [  92% ] 004/205 VUs  27m41.7s/30m0s  600.00 iters/s

running (27m42.7s), 006/205 VUs, 996122 complete and 0 interrupted iterations
cap_refresh_token   [  92% ] 006/205 VUs  27m42.7s/30m0s  600.00 iters/s

running (27m43.7s), 009/205 VUs, 996719 complete and 0 interrupted iterations
cap_refresh_token   [  92% ] 009/205 VUs  27m43.7s/30m0s  600.00 iters/s

running (27m44.7s), 007/205 VUs, 997321 complete and 0 interrupted iterations
cap_refresh_token   [  92% ] 007/205 VUs  27m44.7s/30m0s  600.00 iters/s

running (27m45.7s), 009/205 VUs, 997919 complete and 0 interrupted iterations
cap_refresh_token   [  93% ] 009/205 VUs  27m45.7s/30m0s  600.00 iters/s

running (27m46.7s), 011/205 VUs, 998517 complete and 0 interrupted iterations
cap_refresh_token   [  93% ] 011/205 VUs  27m46.7s/30m0s  600.00 iters/s

running (27m47.7s), 005/205 VUs, 999123 complete and 0 interrupted iterations
cap_refresh_token   [  93% ] 005/205 VUs  27m47.7s/30m0s  600.00 iters/s

running (27m48.7s), 006/205 VUs, 999722 complete and 0 interrupted iterations
cap_refresh_token   [  93% ] 006/205 VUs  27m48.7s/30m0s  600.00 iters/s

running (27m49.7s), 011/205 VUs, 1000317 complete and 0 interrupted iterations
cap_refresh_token   [  93% ] 011/205 VUs  27m49.7s/30m0s  600.00 iters/s

running (27m50.7s), 006/205 VUs, 1000922 complete and 0 interrupted iterations
cap_refresh_token   [  93% ] 006/205 VUs  27m50.7s/30m0s  600.00 iters/s

running (27m51.7s), 005/205 VUs, 1001523 complete and 0 interrupted iterations
cap_refresh_token   [  93% ] 005/205 VUs  27m51.7s/30m0s  600.00 iters/s

running (27m52.7s), 005/205 VUs, 1002123 complete and 0 interrupted iterations
cap_refresh_token   [  93% ] 005/205 VUs  27m52.7s/30m0s  600.00 iters/s

running (27m53.7s), 006/205 VUs, 1002721 complete and 0 interrupted iterations
cap_refresh_token   [  93% ] 006/205 VUs  27m53.7s/30m0s  600.00 iters/s

running (27m54.7s), 005/205 VUs, 1003323 complete and 0 interrupted iterations
cap_refresh_token   [  93% ] 005/205 VUs  27m54.7s/30m0s  600.00 iters/s

running (27m55.7s), 008/205 VUs, 1003920 complete and 0 interrupted iterations
cap_refresh_token   [  93% ] 008/205 VUs  27m55.7s/30m0s  600.00 iters/s

running (27m56.7s), 004/205 VUs, 1004524 complete and 0 interrupted iterations
cap_refresh_token   [  93% ] 004/205 VUs  27m56.7s/30m0s  600.00 iters/s

running (27m57.7s), 006/205 VUs, 1005122 complete and 0 interrupted iterations
cap_refresh_token   [  93% ] 006/205 VUs  27m57.7s/30m0s  600.00 iters/s

running (27m58.7s), 019/205 VUs, 1005709 complete and 0 interrupted iterations
cap_refresh_token   [  93% ] 019/205 VUs  27m58.7s/30m0s  600.00 iters/s

running (27m59.7s), 005/205 VUs, 1006323 complete and 0 interrupted iterations
cap_refresh_token   [  93% ] 005/205 VUs  27m59.7s/30m0s  600.00 iters/s

running (28m00.7s), 007/205 VUs, 1006921 complete and 0 interrupted iterations
cap_refresh_token   [  93% ] 007/205 VUs  28m00.7s/30m0s  600.00 iters/s

running (28m01.7s), 010/205 VUs, 1007518 complete and 0 interrupted iterations
cap_refresh_token   [  93% ] 010/205 VUs  28m01.7s/30m0s  600.00 iters/s

running (28m02.7s), 005/205 VUs, 1008123 complete and 0 interrupted iterations
cap_refresh_token   [  93% ] 005/205 VUs  28m02.7s/30m0s  600.00 iters/s

running (28m03.7s), 005/205 VUs, 1008723 complete and 0 interrupted iterations
cap_refresh_token   [  94% ] 005/205 VUs  28m03.7s/30m0s  600.00 iters/s

running (28m04.7s), 005/205 VUs, 1009323 complete and 0 interrupted iterations
cap_refresh_token   [  94% ] 005/205 VUs  28m04.7s/30m0s  600.00 iters/s

running (28m05.7s), 005/205 VUs, 1009923 complete and 0 interrupted iterations
cap_refresh_token   [  94% ] 005/205 VUs  28m05.7s/30m0s  600.00 iters/s

running (28m06.7s), 007/205 VUs, 1010521 complete and 0 interrupted iterations
cap_refresh_token   [  94% ] 007/205 VUs  28m06.7s/30m0s  600.00 iters/s

running (28m07.7s), 008/205 VUs, 1011120 complete and 0 interrupted iterations
cap_refresh_token   [  94% ] 008/205 VUs  28m07.7s/30m0s  600.00 iters/s

running (28m08.7s), 008/205 VUs, 1011720 complete and 0 interrupted iterations
cap_refresh_token   [  94% ] 008/205 VUs  28m08.7s/30m0s  600.00 iters/s

running (28m09.7s), 007/205 VUs, 1012321 complete and 0 interrupted iterations
cap_refresh_token   [  94% ] 007/205 VUs  28m09.7s/30m0s  600.00 iters/s

running (28m10.7s), 005/205 VUs, 1012923 complete and 0 interrupted iterations
cap_refresh_token   [  94% ] 005/205 VUs  28m10.7s/30m0s  600.00 iters/s

running (28m11.7s), 007/205 VUs, 1013521 complete and 0 interrupted iterations
cap_refresh_token   [  94% ] 007/205 VUs  28m11.7s/30m0s  600.00 iters/s

running (28m12.7s), 007/205 VUs, 1014121 complete and 0 interrupted iterations
cap_refresh_token   [  94% ] 007/205 VUs  28m12.7s/30m0s  600.00 iters/s

running (28m13.7s), 005/205 VUs, 1014723 complete and 0 interrupted iterations
cap_refresh_token   [  94% ] 005/205 VUs  28m13.7s/30m0s  600.00 iters/s

running (28m14.7s), 008/205 VUs, 1015320 complete and 0 interrupted iterations
cap_refresh_token   [  94% ] 008/205 VUs  28m14.7s/30m0s  600.00 iters/s

running (28m15.7s), 006/205 VUs, 1015922 complete and 0 interrupted iterations
cap_refresh_token   [  94% ] 006/205 VUs  28m15.7s/30m0s  600.00 iters/s

running (28m16.7s), 007/205 VUs, 1016521 complete and 0 interrupted iterations
cap_refresh_token   [  94% ] 007/205 VUs  28m16.7s/30m0s  600.00 iters/s

running (28m17.7s), 009/205 VUs, 1017119 complete and 0 interrupted iterations
cap_refresh_token   [  94% ] 009/205 VUs  28m17.7s/30m0s  600.00 iters/s

running (28m18.7s), 040/205 VUs, 1017690 complete and 0 interrupted iterations
cap_refresh_token   [  94% ] 040/205 VUs  28m18.7s/30m0s  600.00 iters/s

running (28m19.7s), 008/205 VUs, 1018321 complete and 0 interrupted iterations
cap_refresh_token   [  94% ] 008/205 VUs  28m19.7s/30m0s  600.00 iters/s

running (28m20.7s), 007/205 VUs, 1018921 complete and 0 interrupted iterations
cap_refresh_token   [  94% ] 007/205 VUs  28m20.7s/30m0s  600.00 iters/s

running (28m21.7s), 006/205 VUs, 1019522 complete and 0 interrupted iterations
cap_refresh_token   [  95% ] 006/205 VUs  28m21.7s/30m0s  600.00 iters/s

running (28m22.7s), 007/205 VUs, 1020121 complete and 0 interrupted iterations
cap_refresh_token   [  95% ] 007/205 VUs  28m22.7s/30m0s  600.00 iters/s

running (28m23.7s), 006/205 VUs, 1020723 complete and 0 interrupted iterations
cap_refresh_token   [  95% ] 006/205 VUs  28m23.7s/30m0s  600.00 iters/s

running (28m24.7s), 005/205 VUs, 1021323 complete and 0 interrupted iterations
cap_refresh_token   [  95% ] 005/205 VUs  28m24.7s/30m0s  600.00 iters/s

running (28m25.7s), 006/205 VUs, 1021922 complete and 0 interrupted iterations
cap_refresh_token   [  95% ] 006/205 VUs  28m25.7s/30m0s  600.00 iters/s

running (28m26.7s), 007/205 VUs, 1022521 complete and 0 interrupted iterations
cap_refresh_token   [  95% ] 007/205 VUs  28m26.7s/30m0s  600.00 iters/s

running (28m27.7s), 005/205 VUs, 1023123 complete and 0 interrupted iterations
cap_refresh_token   [  95% ] 005/205 VUs  28m27.7s/30m0s  600.00 iters/s

running (28m28.7s), 018/205 VUs, 1023710 complete and 0 interrupted iterations
cap_refresh_token   [  95% ] 018/205 VUs  28m28.7s/30m0s  600.00 iters/s

running (28m29.7s), 004/205 VUs, 1024324 complete and 0 interrupted iterations
cap_refresh_token   [  95% ] 004/205 VUs  28m29.7s/30m0s  600.00 iters/s

running (28m30.7s), 005/205 VUs, 1024923 complete and 0 interrupted iterations
cap_refresh_token   [  95% ] 005/205 VUs  28m30.7s/30m0s  600.00 iters/s

running (28m31.7s), 005/205 VUs, 1025523 complete and 0 interrupted iterations
cap_refresh_token   [  95% ] 005/205 VUs  28m31.7s/30m0s  600.00 iters/s

running (28m32.7s), 007/205 VUs, 1026121 complete and 0 interrupted iterations
cap_refresh_token   [  95% ] 007/205 VUs  28m32.7s/30m0s  600.00 iters/s

running (28m33.7s), 008/205 VUs, 1026720 complete and 0 interrupted iterations
cap_refresh_token   [  95% ] 008/205 VUs  28m33.7s/30m0s  600.00 iters/s

running (28m34.7s), 015/205 VUs, 1027313 complete and 0 interrupted iterations
cap_refresh_token   [  95% ] 015/205 VUs  28m34.7s/30m0s  600.00 iters/s

running (28m35.7s), 008/205 VUs, 1027920 complete and 0 interrupted iterations
cap_refresh_token   [  95% ] 008/205 VUs  28m35.7s/30m0s  600.00 iters/s

running (28m36.7s), 005/205 VUs, 1028523 complete and 0 interrupted iterations
cap_refresh_token   [  95% ] 005/205 VUs  28m36.7s/30m0s  600.00 iters/s

running (28m37.7s), 008/205 VUs, 1029120 complete and 0 interrupted iterations
cap_refresh_token   [  95% ] 008/205 VUs  28m37.7s/30m0s  600.00 iters/s

running (28m38.7s), 006/205 VUs, 1029722 complete and 0 interrupted iterations
cap_refresh_token   [  95% ] 006/205 VUs  28m38.7s/30m0s  600.00 iters/s

running (28m39.7s), 012/205 VUs, 1030316 complete and 0 interrupted iterations
cap_refresh_token   [  96% ] 012/205 VUs  28m39.7s/30m0s  600.00 iters/s

running (28m40.7s), 011/205 VUs, 1030916 complete and 0 interrupted iterations
cap_refresh_token   [  96% ] 012/205 VUs  28m40.7s/30m0s  600.00 iters/s

running (28m41.7s), 004/205 VUs, 1031524 complete and 0 interrupted iterations
cap_refresh_token   [  96% ] 004/205 VUs  28m41.7s/30m0s  600.00 iters/s

running (28m42.7s), 006/205 VUs, 1032122 complete and 0 interrupted iterations
cap_refresh_token   [  96% ] 006/205 VUs  28m42.7s/30m0s  600.00 iters/s

running (28m43.7s), 010/205 VUs, 1032718 complete and 0 interrupted iterations
cap_refresh_token   [  96% ] 010/205 VUs  28m43.7s/30m0s  600.00 iters/s

running (28m44.7s), 006/205 VUs, 1033322 complete and 0 interrupted iterations
cap_refresh_token   [  96% ] 006/205 VUs  28m44.7s/30m0s  600.00 iters/s

running (28m45.7s), 006/205 VUs, 1033922 complete and 0 interrupted iterations
cap_refresh_token   [  96% ] 006/205 VUs  28m45.7s/30m0s  600.00 iters/s

running (28m46.7s), 009/205 VUs, 1034519 complete and 0 interrupted iterations
cap_refresh_token   [  96% ] 009/205 VUs  28m46.7s/30m0s  600.00 iters/s

running (28m47.7s), 013/205 VUs, 1035116 complete and 0 interrupted iterations
cap_refresh_token   [  96% ] 013/205 VUs  28m47.7s/30m0s  600.00 iters/s

running (28m48.7s), 010/205 VUs, 1035718 complete and 0 interrupted iterations
cap_refresh_token   [  96% ] 010/205 VUs  28m48.7s/30m0s  600.00 iters/s

running (28m49.7s), 016/205 VUs, 1036313 complete and 0 interrupted iterations
cap_refresh_token   [  96% ] 016/205 VUs  28m49.7s/30m0s  600.00 iters/s

running (28m50.7s), 014/205 VUs, 1036914 complete and 0 interrupted iterations
cap_refresh_token   [  96% ] 014/205 VUs  28m50.7s/30m0s  600.00 iters/s

running (28m51.7s), 005/205 VUs, 1037523 complete and 0 interrupted iterations
cap_refresh_token   [  96% ] 005/205 VUs  28m51.7s/30m0s  600.00 iters/s

running (28m52.7s), 006/205 VUs, 1038122 complete and 0 interrupted iterations
cap_refresh_token   [  96% ] 006/205 VUs  28m52.7s/30m0s  600.00 iters/s

running (28m53.7s), 006/205 VUs, 1038722 complete and 0 interrupted iterations
cap_refresh_token   [  96% ] 006/205 VUs  28m53.7s/30m0s  600.00 iters/s

running (28m54.7s), 006/205 VUs, 1039322 complete and 0 interrupted iterations
cap_refresh_token   [  96% ] 006/205 VUs  28m54.7s/30m0s  600.00 iters/s

running (28m55.7s), 009/205 VUs, 1039919 complete and 0 interrupted iterations
cap_refresh_token   [  96% ] 009/205 VUs  28m55.7s/30m0s  600.00 iters/s

running (28m56.7s), 005/205 VUs, 1040523 complete and 0 interrupted iterations
cap_refresh_token   [  96% ] 005/205 VUs  28m56.7s/30m0s  600.00 iters/s

running (28m57.7s), 006/205 VUs, 1041122 complete and 0 interrupted iterations
cap_refresh_token   [  97% ] 006/205 VUs  28m57.7s/30m0s  600.00 iters/s

running (28m58.7s), 012/205 VUs, 1041716 complete and 0 interrupted iterations
cap_refresh_token   [  97% ] 012/205 VUs  28m58.7s/30m0s  600.00 iters/s

running (28m59.7s), 005/205 VUs, 1042323 complete and 0 interrupted iterations
cap_refresh_token   [  97% ] 005/205 VUs  28m59.7s/30m0s  600.00 iters/s

running (29m00.7s), 006/205 VUs, 1042922 complete and 0 interrupted iterations
cap_refresh_token   [  97% ] 006/205 VUs  29m00.7s/30m0s  600.00 iters/s

running (29m01.7s), 007/205 VUs, 1043521 complete and 0 interrupted iterations
cap_refresh_token   [  97% ] 007/205 VUs  29m01.7s/30m0s  600.00 iters/s

running (29m02.7s), 009/205 VUs, 1044119 complete and 0 interrupted iterations
cap_refresh_token   [  97% ] 009/205 VUs  29m02.7s/30m0s  600.00 iters/s

running (29m03.7s), 005/205 VUs, 1044723 complete and 0 interrupted iterations
cap_refresh_token   [  97% ] 005/205 VUs  29m03.7s/30m0s  600.00 iters/s

running (29m04.7s), 007/205 VUs, 1045320 complete and 0 interrupted iterations
cap_refresh_token   [  97% ] 008/205 VUs  29m04.7s/30m0s  600.00 iters/s

running (29m05.7s), 010/205 VUs, 1045918 complete and 0 interrupted iterations
cap_refresh_token   [  97% ] 010/205 VUs  29m05.7s/30m0s  600.00 iters/s

running (29m06.7s), 005/205 VUs, 1046523 complete and 0 interrupted iterations
cap_refresh_token   [  97% ] 005/205 VUs  29m06.7s/30m0s  600.00 iters/s

running (29m07.7s), 005/205 VUs, 1047123 complete and 0 interrupted iterations
cap_refresh_token   [  97% ] 005/205 VUs  29m07.7s/30m0s  600.00 iters/s

running (29m08.7s), 006/205 VUs, 1047722 complete and 0 interrupted iterations
cap_refresh_token   [  97% ] 006/205 VUs  29m08.7s/30m0s  600.00 iters/s

running (29m09.7s), 008/205 VUs, 1048320 complete and 0 interrupted iterations
cap_refresh_token   [  97% ] 008/205 VUs  29m09.7s/30m0s  600.00 iters/s

running (29m10.7s), 010/205 VUs, 1048918 complete and 0 interrupted iterations
cap_refresh_token   [  97% ] 010/205 VUs  29m10.7s/30m0s  600.00 iters/s

running (29m11.7s), 008/205 VUs, 1049520 complete and 0 interrupted iterations
cap_refresh_token   [  97% ] 008/205 VUs  29m11.7s/30m0s  600.00 iters/s

running (29m12.7s), 005/205 VUs, 1050123 complete and 0 interrupted iterations
cap_refresh_token   [  97% ] 005/205 VUs  29m12.7s/30m0s  600.00 iters/s

running (29m13.7s), 008/205 VUs, 1050720 complete and 0 interrupted iterations
cap_refresh_token   [  97% ] 008/205 VUs  29m13.7s/30m0s  600.00 iters/s

running (29m14.7s), 006/205 VUs, 1051322 complete and 0 interrupted iterations
cap_refresh_token   [  97% ] 006/205 VUs  29m14.7s/30m0s  600.00 iters/s

running (29m15.7s), 006/205 VUs, 1051922 complete and 0 interrupted iterations
cap_refresh_token   [  98% ] 006/205 VUs  29m15.7s/30m0s  600.00 iters/s

running (29m16.7s), 009/205 VUs, 1052519 complete and 0 interrupted iterations
cap_refresh_token   [  98% ] 009/205 VUs  29m16.7s/30m0s  600.00 iters/s

running (29m17.7s), 007/205 VUs, 1053121 complete and 0 interrupted iterations
cap_refresh_token   [  98% ] 007/205 VUs  29m17.7s/30m0s  600.00 iters/s

running (29m18.7s), 016/205 VUs, 1053712 complete and 0 interrupted iterations
cap_refresh_token   [  98% ] 016/205 VUs  29m18.7s/30m0s  600.00 iters/s

running (29m19.7s), 006/205 VUs, 1054322 complete and 0 interrupted iterations
cap_refresh_token   [  98% ] 006/205 VUs  29m19.7s/30m0s  600.00 iters/s

running (29m20.7s), 010/205 VUs, 1054918 complete and 0 interrupted iterations
cap_refresh_token   [  98% ] 010/205 VUs  29m20.7s/30m0s  600.00 iters/s

running (29m21.7s), 004/205 VUs, 1055524 complete and 0 interrupted iterations
cap_refresh_token   [  98% ] 004/205 VUs  29m21.7s/30m0s  600.00 iters/s

running (29m22.7s), 004/205 VUs, 1056124 complete and 0 interrupted iterations
cap_refresh_token   [  98% ] 004/205 VUs  29m22.7s/30m0s  600.00 iters/s

running (29m23.7s), 007/205 VUs, 1056721 complete and 0 interrupted iterations
cap_refresh_token   [  98% ] 007/205 VUs  29m23.7s/30m0s  600.00 iters/s

running (29m24.7s), 007/205 VUs, 1057321 complete and 0 interrupted iterations
cap_refresh_token   [  98% ] 007/205 VUs  29m24.7s/30m0s  600.00 iters/s

running (29m25.7s), 005/205 VUs, 1057923 complete and 0 interrupted iterations
cap_refresh_token   [  98% ] 005/205 VUs  29m25.7s/30m0s  600.00 iters/s

running (29m26.7s), 004/205 VUs, 1058524 complete and 0 interrupted iterations
cap_refresh_token   [  98% ] 004/205 VUs  29m26.7s/30m0s  600.00 iters/s

running (29m27.7s), 005/205 VUs, 1059123 complete and 0 interrupted iterations
cap_refresh_token   [  98% ] 005/205 VUs  29m27.7s/30m0s  600.00 iters/s

running (29m28.7s), 007/205 VUs, 1059721 complete and 0 interrupted iterations
cap_refresh_token   [  98% ] 007/205 VUs  29m28.7s/30m0s  600.00 iters/s

running (29m29.7s), 006/205 VUs, 1060322 complete and 0 interrupted iterations
cap_refresh_token   [  98% ] 006/205 VUs  29m29.7s/30m0s  600.00 iters/s

running (29m30.7s), 005/205 VUs, 1060923 complete and 0 interrupted iterations
cap_refresh_token   [  98% ] 005/205 VUs  29m30.7s/30m0s  600.00 iters/s

running (29m31.7s), 006/205 VUs, 1061522 complete and 0 interrupted iterations
cap_refresh_token   [  98% ] 006/205 VUs  29m31.7s/30m0s  600.00 iters/s

running (29m32.7s), 007/205 VUs, 1062121 complete and 0 interrupted iterations
cap_refresh_token   [  98% ] 007/205 VUs  29m32.7s/30m0s  600.00 iters/s

running (29m33.7s), 005/205 VUs, 1062723 complete and 0 interrupted iterations
cap_refresh_token   [  99% ] 005/205 VUs  29m33.7s/30m0s  600.00 iters/s

running (29m34.7s), 005/205 VUs, 1063323 complete and 0 interrupted iterations
cap_refresh_token   [  99% ] 005/205 VUs  29m34.7s/30m0s  600.00 iters/s

running (29m35.7s), 006/205 VUs, 1063922 complete and 0 interrupted iterations
cap_refresh_token   [  99% ] 006/205 VUs  29m35.7s/30m0s  600.00 iters/s

running (29m36.7s), 009/205 VUs, 1064519 complete and 0 interrupted iterations
cap_refresh_token   [  99% ] 009/205 VUs  29m36.7s/30m0s  600.00 iters/s

running (29m37.7s), 005/205 VUs, 1065123 complete and 0 interrupted iterations
cap_refresh_token   [  99% ] 005/205 VUs  29m37.7s/30m0s  600.00 iters/s

running (29m38.7s), 006/205 VUs, 1065721 complete and 0 interrupted iterations
cap_refresh_token   [  99% ] 006/205 VUs  29m38.7s/30m0s  600.00 iters/s

running (29m39.7s), 006/205 VUs, 1066322 complete and 0 interrupted iterations
cap_refresh_token   [  99% ] 006/205 VUs  29m39.7s/30m0s  600.00 iters/s

running (29m40.7s), 006/205 VUs, 1066922 complete and 0 interrupted iterations
cap_refresh_token   [  99% ] 006/205 VUs  29m40.7s/30m0s  600.00 iters/s

running (29m41.7s), 039/205 VUs, 1067489 complete and 0 interrupted iterations
cap_refresh_token   [  99% ] 039/205 VUs  29m41.7s/30m0s  600.00 iters/s

running (29m42.7s), 007/205 VUs, 1068121 complete and 0 interrupted iterations
cap_refresh_token   [  99% ] 007/205 VUs  29m42.7s/30m0s  600.00 iters/s

running (29m43.7s), 004/205 VUs, 1068724 complete and 0 interrupted iterations
cap_refresh_token   [  99% ] 004/205 VUs  29m43.7s/30m0s  600.00 iters/s

running (29m44.7s), 008/205 VUs, 1069320 complete and 0 interrupted iterations
cap_refresh_token   [  99% ] 008/205 VUs  29m44.7s/30m0s  600.00 iters/s

running (29m45.7s), 007/205 VUs, 1069921 complete and 0 interrupted iterations
cap_refresh_token   [  99% ] 007/205 VUs  29m45.7s/30m0s  600.00 iters/s

running (29m46.7s), 004/205 VUs, 1070524 complete and 0 interrupted iterations
cap_refresh_token   [  99% ] 004/205 VUs  29m46.7s/30m0s  600.00 iters/s

running (29m47.7s), 005/205 VUs, 1071123 complete and 0 interrupted iterations
cap_refresh_token   [  99% ] 005/205 VUs  29m47.7s/30m0s  600.00 iters/s

running (29m48.7s), 005/205 VUs, 1071723 complete and 0 interrupted iterations
cap_refresh_token   [  99% ] 005/205 VUs  29m48.7s/30m0s  600.00 iters/s

running (29m49.7s), 005/205 VUs, 1072323 complete and 0 interrupted iterations
cap_refresh_token   [  99% ] 005/205 VUs  29m49.7s/30m0s  600.00 iters/s

running (29m50.7s), 005/205 VUs, 1072923 complete and 0 interrupted iterations
cap_refresh_token   [  99% ] 005/205 VUs  29m50.7s/30m0s  600.00 iters/s

running (29m51.7s), 006/205 VUs, 1073522 complete and 0 interrupted iterations
cap_refresh_token   [ 100% ] 006/205 VUs  29m51.7s/30m0s  600.00 iters/s

running (29m52.7s), 006/205 VUs, 1074122 complete and 0 interrupted iterations
cap_refresh_token   [ 100% ] 006/205 VUs  29m52.7s/30m0s  600.00 iters/s

running (29m53.7s), 006/205 VUs, 1074723 complete and 0 interrupted iterations
cap_refresh_token   [ 100% ] 006/205 VUs  29m53.7s/30m0s  600.00 iters/s

running (29m54.7s), 008/205 VUs, 1075320 complete and 0 interrupted iterations
cap_refresh_token   [ 100% ] 008/205 VUs  29m54.7s/30m0s  600.00 iters/s

running (29m55.7s), 004/205 VUs, 1075924 complete and 0 interrupted iterations
cap_refresh_token   [ 100% ] 004/205 VUs  29m55.7s/30m0s  600.00 iters/s

running (29m56.7s), 006/205 VUs, 1076522 complete and 0 interrupted iterations
cap_refresh_token   [ 100% ] 006/205 VUs  29m56.7s/30m0s  600.00 iters/s

running (29m57.7s), 004/205 VUs, 1077124 complete and 0 interrupted iterations
cap_refresh_token   [ 100% ] 004/205 VUs  29m57.7s/30m0s  600.00 iters/s

running (29m58.7s), 004/205 VUs, 1077724 complete and 0 interrupted iterations
cap_refresh_token   [ 100% ] 004/205 VUs  29m58.7s/30m0s  600.00 iters/s

running (29m59.7s), 007/205 VUs, 1078321 complete and 0 interrupted iterations
cap_refresh_token   [ 100% ] 007/205 VUs  29m59.7s/30m0s  600.00 iters/s

running (30m00.0s), 000/205 VUs, 1078487 complete and 0 interrupted iterations
cap_refresh_token ✓ [ 100% ] 000/205 VUs  30m0s  600.00 iters/s

running (30m00.0s), 000/205 VUs, 1078487 complete and 0 interrupted iterations
cap_refresh_token ✓ [ 100% ] 000/205 VUs  30m0s  600.00 iters/s
cap/cap_refresh_token: status=target_miss rps=599.611 p95=48.783ms errors=0.0 db_calls=163644706
