
         /\      Grafana   /‾‾/  
    /\  /  \     |\  __   /  /   
   /  \/    \    | |/ /  /   ‾‾\ 
  /          \   |   (  |  (‾)  |
 / __________ \  |_|\_\  \_____/ 


     execution: local
        script: /perf/k6/oauth.js
        output: json (/out/cap-cap-mixed.k6points.fifo)

     scenarios: (100.00%) 1 scenario, 2048 max VUs, 32m0s max duration (incl. graceful stop):
              * cap_mixed: 3000.00 iterations/s for 30m0s (maxVUs: 2048, exec: cap_mixed, gracefulStop: 2m0s)


Init        [  24% ] 0494/2048 VUs initialized
cap_mixed   [   0% ]

Init        [  50% ] 1019/2048 VUs initialized
cap_mixed   [   0% ]

Init        [  71% ] 1448/2048 VUs initialized
cap_mixed   [   0% ]

Init        [  97% ] 1993/2048 VUs initialized
cap_mixed   [   0% ]

running (00m00.8s), 1580/2048 VUs, 782 complete and 0 interrupted iterations
cap_mixed   [   0% ] 1580/2048 VUs  00m00.8s/30m0s  3000.00 iters/s

running (00m01.8s), 2033/2048 VUs, 2990 complete and 0 interrupted iterations
cap_mixed   [   0% ] 2033/2048 VUs  00m01.8s/30m0s  3000.00 iters/s

running (00m02.8s), 1671/2048 VUs, 6212 complete and 0 interrupted iterations
cap_mixed   [   0% ] 1671/2048 VUs  00m02.8s/30m0s  3000.00 iters/s

running (00m03.8s), 1052/2048 VUs, 9831 complete and 0 interrupted iterations
cap_mixed   [   0% ] 1052/2048 VUs  00m03.8s/30m0s  3000.00 iters/s

running (00m04.8s), 0555/2048 VUs, 13328 complete and 0 interrupted iterations
cap_mixed   [   0% ] 0555/2048 VUs  00m04.8s/30m0s  3000.00 iters/s

running (00m05.8s), 0189/2048 VUs, 16695 complete and 0 interrupted iterations
cap_mixed   [   0% ] 0189/2048 VUs  00m05.8s/30m0s  3000.00 iters/s

running (00m06.8s), 0028/2048 VUs, 19853 complete and 0 interrupted iterations
cap_mixed   [   0% ] 0028/2048 VUs  00m06.8s/30m0s  3000.00 iters/s

running (00m07.8s), 0018/2048 VUs, 22865 complete and 0 interrupted iterations
cap_mixed   [   0% ] 0018/2048 VUs  00m07.8s/30m0s  3000.00 iters/s

running (00m08.8s), 0030/2048 VUs, 25853 complete and 0 interrupted iterations
cap_mixed   [   0% ] 0030/2048 VUs  00m08.8s/30m0s  3000.00 iters/s

running (00m09.8s), 0027/2048 VUs, 28856 complete and 0 interrupted iterations
cap_mixed   [   1% ] 0027/2048 VUs  00m09.8s/30m0s  3000.00 iters/s

running (00m10.8s), 0031/2048 VUs, 31852 complete and 0 interrupted iterations
cap_mixed   [   1% ] 0031/2048 VUs  00m10.8s/30m0s  3000.00 iters/s

running (00m11.8s), 0024/2048 VUs, 34859 complete and 0 interrupted iterations
cap_mixed   [   1% ] 0024/2048 VUs  00m11.8s/30m0s  3000.00 iters/s

running (00m12.8s), 0026/2048 VUs, 37857 complete and 0 interrupted iterations
cap_mixed   [   1% ] 0026/2048 VUs  00m12.8s/30m0s  3000.00 iters/s

running (00m13.8s), 0017/2048 VUs, 40866 complete and 0 interrupted iterations
cap_mixed   [   1% ] 0017/2048 VUs  00m13.8s/30m0s  3000.00 iters/s

running (00m14.8s), 0025/2048 VUs, 43859 complete and 0 interrupted iterations
cap_mixed   [   1% ] 0025/2048 VUs  00m14.8s/30m0s  3000.00 iters/s

running (00m15.8s), 0024/2048 VUs, 46860 complete and 0 interrupted iterations
cap_mixed   [   1% ] 0024/2048 VUs  00m15.8s/30m0s  3000.00 iters/s

running (00m16.8s), 0031/2048 VUs, 49852 complete and 0 interrupted iterations
cap_mixed   [   1% ] 0031/2048 VUs  00m16.8s/30m0s  3000.00 iters/s

running (00m17.8s), 0041/2048 VUs, 52843 complete and 0 interrupted iterations
cap_mixed   [   1% ] 0041/2048 VUs  00m17.8s/30m0s  3000.00 iters/s

running (00m18.8s), 0019/2048 VUs, 55864 complete and 0 interrupted iterations
cap_mixed   [   1% ] 0019/2048 VUs  00m18.8s/30m0s  3000.00 iters/s

running (00m19.8s), 0030/2048 VUs, 58852 complete and 0 interrupted iterations
cap_mixed   [   1% ] 0030/2048 VUs  00m19.8s/30m0s  3000.00 iters/s

running (00m20.8s), 0029/2048 VUs, 61854 complete and 0 interrupted iterations
cap_mixed   [   1% ] 0029/2048 VUs  00m20.8s/30m0s  3000.00 iters/s

running (00m21.8s), 0018/2048 VUs, 64865 complete and 0 interrupted iterations
cap_mixed   [   1% ] 0018/2048 VUs  00m21.8s/30m0s  3000.00 iters/s

running (00m22.8s), 0026/2048 VUs, 67857 complete and 0 interrupted iterations
cap_mixed   [   1% ] 0026/2048 VUs  00m22.8s/30m0s  3000.00 iters/s

running (00m23.8s), 0025/2048 VUs, 70862 complete and 0 interrupted iterations
cap_mixed   [   1% ] 0025/2048 VUs  00m23.8s/30m0s  3000.00 iters/s

running (00m24.8s), 0018/2048 VUs, 73865 complete and 0 interrupted iterations
cap_mixed   [   1% ] 0018/2048 VUs  00m24.8s/30m0s  3000.00 iters/s

running (00m25.8s), 0020/2048 VUs, 76863 complete and 0 interrupted iterations
cap_mixed   [   1% ] 0020/2048 VUs  00m25.8s/30m0s  3000.00 iters/s

running (00m26.8s), 0027/2048 VUs, 79858 complete and 0 interrupted iterations
cap_mixed   [   1% ] 0027/2048 VUs  00m26.8s/30m0s  3000.00 iters/s

running (00m27.8s), 0026/2048 VUs, 82857 complete and 0 interrupted iterations
cap_mixed   [   2% ] 0026/2048 VUs  00m27.8s/30m0s  3000.00 iters/s

running (00m28.8s), 0294/2048 VUs, 85589 complete and 0 interrupted iterations
cap_mixed   [   2% ] 0294/2048 VUs  00m28.8s/30m0s  3000.00 iters/s

running (00m29.8s), 0189/2048 VUs, 88694 complete and 0 interrupted iterations
cap_mixed   [   2% ] 0189/2048 VUs  00m29.8s/30m0s  3000.00 iters/s

running (00m30.8s), 0048/2048 VUs, 91834 complete and 0 interrupted iterations
cap_mixed   [   2% ] 0048/2048 VUs  00m30.8s/30m0s  3000.00 iters/s

running (00m31.8s), 0029/2048 VUs, 94854 complete and 0 interrupted iterations
cap_mixed   [   2% ] 0029/2048 VUs  00m31.8s/30m0s  3000.00 iters/s

running (00m32.8s), 0027/2048 VUs, 97858 complete and 0 interrupted iterations
cap_mixed   [   2% ] 0027/2048 VUs  00m32.8s/30m0s  3000.00 iters/s

running (00m33.8s), 0018/2048 VUs, 100865 complete and 0 interrupted iterations
cap_mixed   [   2% ] 0018/2048 VUs  00m33.8s/30m0s  3000.00 iters/s

running (00m34.8s), 0029/2048 VUs, 103854 complete and 0 interrupted iterations
cap_mixed   [   2% ] 0029/2048 VUs  00m34.8s/30m0s  3000.00 iters/s

running (00m35.8s), 0023/2048 VUs, 106861 complete and 0 interrupted iterations
cap_mixed   [   2% ] 0023/2048 VUs  00m35.8s/30m0s  3000.00 iters/s

running (00m36.8s), 0036/2048 VUs, 109848 complete and 0 interrupted iterations
cap_mixed   [   2% ] 0036/2048 VUs  00m36.8s/30m0s  3000.00 iters/s

running (00m37.8s), 0039/2048 VUs, 112848 complete and 0 interrupted iterations
cap_mixed   [   2% ] 0039/2048 VUs  00m37.8s/30m0s  3000.00 iters/s

running (00m38.8s), 0028/2048 VUs, 115861 complete and 0 interrupted iterations
cap_mixed   [   2% ] 0028/2048 VUs  00m38.8s/30m0s  3000.00 iters/s

running (00m39.8s), 0086/2048 VUs, 118797 complete and 0 interrupted iterations
cap_mixed   [   2% ] 0086/2048 VUs  00m39.8s/30m0s  3000.00 iters/s

running (00m40.8s), 0128/2048 VUs, 121756 complete and 0 interrupted iterations
cap_mixed   [   2% ] 0128/2048 VUs  00m40.8s/30m0s  3000.00 iters/s

running (00m41.8s), 0113/2048 VUs, 124771 complete and 0 interrupted iterations
cap_mixed   [   2% ] 0113/2048 VUs  00m41.8s/30m0s  3000.00 iters/s

running (00m42.8s), 0274/2048 VUs, 127609 complete and 0 interrupted iterations
cap_mixed   [   2% ] 0274/2048 VUs  00m42.8s/30m0s  3000.00 iters/s

running (00m43.8s), 0402/2048 VUs, 130482 complete and 0 interrupted iterations
cap_mixed   [   2% ] 0402/2048 VUs  00m43.8s/30m0s  3000.00 iters/s

running (00m44.8s), 0430/2048 VUs, 133453 complete and 0 interrupted iterations
cap_mixed   [   2% ] 0430/2048 VUs  00m44.8s/30m0s  3000.00 iters/s

running (00m45.8s), 0487/2048 VUs, 136396 complete and 0 interrupted iterations
cap_mixed   [   3% ] 0487/2048 VUs  00m45.8s/30m0s  3000.00 iters/s

running (00m46.8s), 0527/2048 VUs, 139356 complete and 0 interrupted iterations
cap_mixed   [   3% ] 0527/2048 VUs  00m46.8s/30m0s  3000.00 iters/s

running (00m47.8s), 0566/2048 VUs, 142317 complete and 0 interrupted iterations
cap_mixed   [   3% ] 0566/2048 VUs  00m47.8s/30m0s  3000.00 iters/s

running (00m48.8s), 0702/2048 VUs, 145181 complete and 0 interrupted iterations
cap_mixed   [   3% ] 0702/2048 VUs  00m48.8s/30m0s  3000.00 iters/s

running (00m49.8s), 0703/2048 VUs, 148181 complete and 0 interrupted iterations
cap_mixed   [   3% ] 0702/2048 VUs  00m49.8s/30m0s  3000.00 iters/s

running (00m50.8s), 0731/2048 VUs, 151152 complete and 0 interrupted iterations
cap_mixed   [   3% ] 0731/2048 VUs  00m50.8s/30m0s  3000.00 iters/s

running (00m51.8s), 0765/2048 VUs, 154120 complete and 0 interrupted iterations
cap_mixed   [   3% ] 0765/2048 VUs  00m51.8s/30m0s  3000.00 iters/s

running (00m52.8s), 0778/2048 VUs, 157106 complete and 0 interrupted iterations
cap_mixed   [   3% ] 0778/2048 VUs  00m52.8s/30m0s  3000.00 iters/s

running (00m53.8s), 0727/2048 VUs, 160156 complete and 0 interrupted iterations
cap_mixed   [   3% ] 0727/2048 VUs  00m53.8s/30m0s  3000.00 iters/s

running (00m54.8s), 0618/2048 VUs, 163265 complete and 0 interrupted iterations
cap_mixed   [   3% ] 0618/2048 VUs  00m54.8s/30m0s  3000.00 iters/s

running (00m55.8s), 0325/2048 VUs, 166559 complete and 0 interrupted iterations
cap_mixed   [   3% ] 0325/2048 VUs  00m55.8s/30m0s  3000.00 iters/s

running (00m56.8s), 0035/2048 VUs, 169848 complete and 0 interrupted iterations
cap_mixed   [   3% ] 0035/2048 VUs  00m56.8s/30m0s  3000.00 iters/s

running (00m57.8s), 0308/2048 VUs, 172576 complete and 0 interrupted iterations
cap_mixed   [   3% ] 0308/2048 VUs  00m57.8s/30m0s  3000.00 iters/s

running (00m58.8s), 0075/2048 VUs, 175808 complete and 0 interrupted iterations
cap_mixed   [   3% ] 0075/2048 VUs  00m58.8s/30m0s  3000.00 iters/s

running (00m59.8s), 0028/2048 VUs, 178857 complete and 0 interrupted iterations
cap_mixed   [   3% ] 0028/2048 VUs  00m59.8s/30m0s  3000.00 iters/s

running (01m00.8s), 0027/2048 VUs, 181856 complete and 0 interrupted iterations
cap_mixed   [   3% ] 0027/2048 VUs  01m00.8s/30m0s  3000.00 iters/s

running (01m01.8s), 0016/2048 VUs, 184868 complete and 0 interrupted iterations
cap_mixed   [   3% ] 0016/2048 VUs  01m01.8s/30m0s  3000.00 iters/s

running (01m02.8s), 0041/2048 VUs, 187842 complete and 0 interrupted iterations
cap_mixed   [   3% ] 0041/2048 VUs  01m02.8s/30m0s  3000.00 iters/s

running (01m03.8s), 0019/2048 VUs, 190864 complete and 0 interrupted iterations
cap_mixed   [   4% ] 0019/2048 VUs  01m03.8s/30m0s  3000.00 iters/s

running (01m04.8s), 0025/2048 VUs, 193858 complete and 0 interrupted iterations
cap_mixed   [   4% ] 0025/2048 VUs  01m04.8s/30m0s  3000.00 iters/s

running (01m05.8s), 0024/2048 VUs, 196859 complete and 0 interrupted iterations
cap_mixed   [   4% ] 0024/2048 VUs  01m05.8s/30m0s  3000.00 iters/s

running (01m06.8s), 0019/2048 VUs, 199864 complete and 0 interrupted iterations
cap_mixed   [   4% ] 0019/2048 VUs  01m06.8s/30m0s  3000.00 iters/s

running (01m07.8s), 0025/2048 VUs, 202858 complete and 0 interrupted iterations
cap_mixed   [   4% ] 0025/2048 VUs  01m07.8s/30m0s  3000.00 iters/s

running (01m08.8s), 0029/2048 VUs, 205855 complete and 0 interrupted iterations
cap_mixed   [   4% ] 0029/2048 VUs  01m08.8s/30m0s  3000.00 iters/s

running (01m09.8s), 0016/2048 VUs, 208866 complete and 0 interrupted iterations
cap_mixed   [   4% ] 0017/2048 VUs  01m09.8s/30m0s  3000.00 iters/s

running (01m10.8s), 0030/2048 VUs, 211853 complete and 0 interrupted iterations
cap_mixed   [   4% ] 0030/2048 VUs  01m10.8s/30m0s  3000.00 iters/s

running (01m11.8s), 0025/2048 VUs, 214860 complete and 0 interrupted iterations
cap_mixed   [   4% ] 0025/2048 VUs  01m11.8s/30m0s  3000.00 iters/s

running (01m12.8s), 0110/2048 VUs, 217773 complete and 0 interrupted iterations
cap_mixed   [   4% ] 0110/2048 VUs  01m12.8s/30m0s  3000.00 iters/s

running (01m13.8s), 0015/2048 VUs, 220868 complete and 0 interrupted iterations
cap_mixed   [   4% ] 0015/2048 VUs  01m13.8s/30m0s  3000.00 iters/s

running (01m14.8s), 0014/2048 VUs, 223869 complete and 0 interrupted iterations
cap_mixed   [   4% ] 0014/2048 VUs  01m14.8s/30m0s  3000.00 iters/s

running (01m15.8s), 0037/2048 VUs, 226846 complete and 0 interrupted iterations
cap_mixed   [   4% ] 0037/2048 VUs  01m15.8s/30m0s  3000.00 iters/s

running (01m16.8s), 0025/2048 VUs, 229858 complete and 0 interrupted iterations
cap_mixed   [   4% ] 0025/2048 VUs  01m16.8s/30m0s  3000.00 iters/s

running (01m17.8s), 0033/2048 VUs, 232850 complete and 0 interrupted iterations
cap_mixed   [   4% ] 0033/2048 VUs  01m17.8s/30m0s  3000.00 iters/s

running (01m18.8s), 0021/2048 VUs, 235864 complete and 0 interrupted iterations
cap_mixed   [   4% ] 0021/2048 VUs  01m18.8s/30m0s  3000.00 iters/s

running (01m19.8s), 0063/2048 VUs, 238821 complete and 0 interrupted iterations
cap_mixed   [   4% ] 0063/2048 VUs  01m19.8s/30m0s  3000.00 iters/s

running (01m20.8s), 0016/2048 VUs, 241868 complete and 0 interrupted iterations
cap_mixed   [   4% ] 0016/2048 VUs  01m20.8s/30m0s  3000.00 iters/s

running (01m21.8s), 0023/2048 VUs, 244860 complete and 0 interrupted iterations
cap_mixed   [   5% ] 0023/2048 VUs  01m21.8s/30m0s  3000.00 iters/s

running (01m22.8s), 0030/2048 VUs, 247854 complete and 0 interrupted iterations
cap_mixed   [   5% ] 0030/2048 VUs  01m22.8s/30m0s  3000.00 iters/s

running (01m23.8s), 0041/2048 VUs, 250842 complete and 0 interrupted iterations
cap_mixed   [   5% ] 0041/2048 VUs  01m23.8s/30m0s  3000.00 iters/s

running (01m24.8s), 0036/2048 VUs, 253849 complete and 0 interrupted iterations
cap_mixed   [   5% ] 0036/2048 VUs  01m24.8s/30m0s  3000.00 iters/s

running (01m25.8s), 0023/2048 VUs, 256860 complete and 0 interrupted iterations
cap_mixed   [   5% ] 0023/2048 VUs  01m25.8s/30m0s  3000.00 iters/s

running (01m26.8s), 0029/2048 VUs, 259854 complete and 0 interrupted iterations
cap_mixed   [   5% ] 0030/2048 VUs  01m26.8s/30m0s  3000.00 iters/s

running (01m27.8s), 0021/2048 VUs, 262862 complete and 0 interrupted iterations
cap_mixed   [   5% ] 0021/2048 VUs  01m27.8s/30m0s  3000.00 iters/s

running (01m28.8s), 0018/2048 VUs, 265866 complete and 0 interrupted iterations
cap_mixed   [   5% ] 0018/2048 VUs  01m28.8s/30m0s  3000.00 iters/s

running (01m29.8s), 0029/2048 VUs, 268855 complete and 0 interrupted iterations
cap_mixed   [   5% ] 0029/2048 VUs  01m29.8s/30m0s  3000.00 iters/s

running (01m30.8s), 0023/2048 VUs, 271862 complete and 0 interrupted iterations
cap_mixed   [   5% ] 0023/2048 VUs  01m30.8s/30m0s  3000.00 iters/s

running (01m31.8s), 0088/2048 VUs, 274793 complete and 0 interrupted iterations
cap_mixed   [   5% ] 0088/2048 VUs  01m31.8s/30m0s  3000.00 iters/s

running (01m32.8s), 0314/2048 VUs, 277569 complete and 0 interrupted iterations
cap_mixed   [   5% ] 0314/2048 VUs  01m32.8s/30m0s  3000.00 iters/s

running (01m33.8s), 0080/2048 VUs, 280803 complete and 0 interrupted iterations
cap_mixed   [   5% ] 0080/2048 VUs  01m33.8s/30m0s  3000.00 iters/s

running (01m34.8s), 0026/2048 VUs, 283858 complete and 0 interrupted iterations
cap_mixed   [   5% ] 0026/2048 VUs  01m34.8s/30m0s  3000.00 iters/s

running (01m35.8s), 0022/2048 VUs, 286862 complete and 0 interrupted iterations
cap_mixed   [   5% ] 0022/2048 VUs  01m35.8s/30m0s  3000.00 iters/s

running (01m36.8s), 0083/2048 VUs, 289802 complete and 0 interrupted iterations
cap_mixed   [   5% ] 0083/2048 VUs  01m36.8s/30m0s  3000.00 iters/s

running (01m37.8s), 0032/2048 VUs, 292852 complete and 0 interrupted iterations
cap_mixed   [   5% ] 0032/2048 VUs  01m37.8s/30m0s  3000.00 iters/s

running (01m38.8s), 0020/2048 VUs, 295865 complete and 0 interrupted iterations
cap_mixed   [   5% ] 0020/2048 VUs  01m38.8s/30m0s  3000.00 iters/s

running (01m39.8s), 0020/2048 VUs, 298864 complete and 0 interrupted iterations
cap_mixed   [   6% ] 0020/2048 VUs  01m39.8s/30m0s  3000.00 iters/s

running (01m40.8s), 0100/2048 VUs, 301784 complete and 0 interrupted iterations
cap_mixed   [   6% ] 0100/2048 VUs  01m40.8s/30m0s  3000.00 iters/s

running (01m41.8s), 0027/2048 VUs, 304857 complete and 0 interrupted iterations
cap_mixed   [   6% ] 0027/2048 VUs  01m41.8s/30m0s  3000.00 iters/s

running (01m42.8s), 0016/2048 VUs, 307867 complete and 0 interrupted iterations
cap_mixed   [   6% ] 0016/2048 VUs  01m42.8s/30m0s  3000.00 iters/s

running (01m43.8s), 0033/2048 VUs, 310858 complete and 0 interrupted iterations
cap_mixed   [   6% ] 0033/2048 VUs  01m43.8s/30m0s  3000.00 iters/s

running (01m44.8s), 0020/2048 VUs, 313863 complete and 0 interrupted iterations
cap_mixed   [   6% ] 0020/2048 VUs  01m44.8s/30m0s  3000.00 iters/s

running (01m45.8s), 0019/2048 VUs, 316865 complete and 0 interrupted iterations
cap_mixed   [   6% ] 0019/2048 VUs  01m45.8s/30m0s  3000.00 iters/s

running (01m46.8s), 0018/2048 VUs, 319865 complete and 0 interrupted iterations
cap_mixed   [   6% ] 0018/2048 VUs  01m46.8s/30m0s  3000.00 iters/s

running (01m47.8s), 0024/2048 VUs, 322859 complete and 0 interrupted iterations
cap_mixed   [   6% ] 0025/2048 VUs  01m47.8s/30m0s  3000.00 iters/s

running (01m48.8s), 0016/2048 VUs, 325867 complete and 0 interrupted iterations
cap_mixed   [   6% ] 0016/2048 VUs  01m48.8s/30m0s  3000.00 iters/s

running (01m49.8s), 0063/2048 VUs, 328822 complete and 0 interrupted iterations
cap_mixed   [   6% ] 0063/2048 VUs  01m49.8s/30m0s  3000.00 iters/s

running (01m50.8s), 0025/2048 VUs, 331859 complete and 0 interrupted iterations
cap_mixed   [   6% ] 0025/2048 VUs  01m50.8s/30m0s  3000.00 iters/s

running (01m51.8s), 0027/2048 VUs, 334857 complete and 0 interrupted iterations
cap_mixed   [   6% ] 0027/2048 VUs  01m51.8s/30m0s  3000.00 iters/s

running (01m52.8s), 0023/2048 VUs, 337861 complete and 0 interrupted iterations
cap_mixed   [   6% ] 0023/2048 VUs  01m52.8s/30m0s  3000.00 iters/s

running (01m53.8s), 0018/2048 VUs, 340866 complete and 0 interrupted iterations
cap_mixed   [   6% ] 0018/2048 VUs  01m53.8s/30m0s  3000.00 iters/s

running (01m54.8s), 0019/2048 VUs, 343864 complete and 0 interrupted iterations
cap_mixed   [   6% ] 0019/2048 VUs  01m54.8s/30m0s  3000.00 iters/s

running (01m55.8s), 0023/2048 VUs, 346861 complete and 0 interrupted iterations
cap_mixed   [   6% ] 0023/2048 VUs  01m55.8s/30m0s  3000.00 iters/s

running (01m56.8s), 0022/2048 VUs, 349862 complete and 0 interrupted iterations
cap_mixed   [   6% ] 0022/2048 VUs  01m56.8s/30m0s  3000.00 iters/s

running (01m57.8s), 0027/2048 VUs, 352857 complete and 0 interrupted iterations
cap_mixed   [   7% ] 0027/2048 VUs  01m57.8s/30m0s  3000.00 iters/s

running (01m58.8s), 0135/2048 VUs, 355749 complete and 0 interrupted iterations
cap_mixed   [   7% ] 0135/2048 VUs  01m58.8s/30m0s  3000.00 iters/s

running (01m59.8s), 0019/2048 VUs, 358864 complete and 0 interrupted iterations
cap_mixed   [   7% ] 0019/2048 VUs  01m59.8s/30m0s  3000.00 iters/s

running (02m00.8s), 0026/2048 VUs, 361858 complete and 0 interrupted iterations
cap_mixed   [   7% ] 0026/2048 VUs  02m00.8s/30m0s  3000.00 iters/s

running (02m01.8s), 0029/2048 VUs, 364853 complete and 0 interrupted iterations
cap_mixed   [   7% ] 0029/2048 VUs  02m01.8s/30m0s  3000.00 iters/s

running (02m02.8s), 0032/2048 VUs, 367851 complete and 0 interrupted iterations
cap_mixed   [   7% ] 0032/2048 VUs  02m02.8s/30m0s  3000.00 iters/s

running (02m03.8s), 0031/2048 VUs, 370853 complete and 0 interrupted iterations
cap_mixed   [   7% ] 0031/2048 VUs  02m03.8s/30m0s  3000.00 iters/s

running (02m04.8s), 0030/2048 VUs, 373854 complete and 0 interrupted iterations
cap_mixed   [   7% ] 0030/2048 VUs  02m04.8s/30m0s  3000.00 iters/s

running (02m05.8s), 0027/2048 VUs, 376857 complete and 0 interrupted iterations
cap_mixed   [   7% ] 0027/2048 VUs  02m05.8s/30m0s  3000.00 iters/s

running (02m06.8s), 0022/2048 VUs, 379862 complete and 0 interrupted iterations
cap_mixed   [   7% ] 0022/2048 VUs  02m06.8s/30m0s  3000.00 iters/s

running (02m07.8s), 0024/2048 VUs, 382860 complete and 0 interrupted iterations
cap_mixed   [   7% ] 0024/2048 VUs  02m07.8s/30m0s  3000.00 iters/s

running (02m08.8s), 0018/2048 VUs, 385866 complete and 0 interrupted iterations
cap_mixed   [   7% ] 0018/2048 VUs  02m08.8s/30m0s  3000.00 iters/s

running (02m09.8s), 0020/2048 VUs, 388864 complete and 0 interrupted iterations
cap_mixed   [   7% ] 0020/2048 VUs  02m09.8s/30m0s  3000.00 iters/s

running (02m10.8s), 0166/2048 VUs, 391717 complete and 0 interrupted iterations
cap_mixed   [   7% ] 0166/2048 VUs  02m10.8s/30m0s  3000.00 iters/s

running (02m11.8s), 0017/2048 VUs, 394867 complete and 0 interrupted iterations
cap_mixed   [   7% ] 0017/2048 VUs  02m11.8s/30m0s  3000.00 iters/s

running (02m12.8s), 0035/2048 VUs, 397849 complete and 0 interrupted iterations
cap_mixed   [   7% ] 0035/2048 VUs  02m12.8s/30m0s  3000.00 iters/s

running (02m13.8s), 0051/2048 VUs, 400833 complete and 0 interrupted iterations
cap_mixed   [   7% ] 0051/2048 VUs  02m13.8s/30m0s  3000.00 iters/s

running (02m14.8s), 0020/2048 VUs, 403864 complete and 0 interrupted iterations
cap_mixed   [   7% ] 0020/2048 VUs  02m14.8s/30m0s  3000.00 iters/s

running (02m15.8s), 0039/2048 VUs, 406845 complete and 0 interrupted iterations
cap_mixed   [   8% ] 0039/2048 VUs  02m15.8s/30m0s  3000.00 iters/s

running (02m16.8s), 0054/2048 VUs, 409833 complete and 0 interrupted iterations
cap_mixed   [   8% ] 0054/2048 VUs  02m16.8s/30m0s  3000.00 iters/s

running (02m17.8s), 0045/2048 VUs, 412840 complete and 0 interrupted iterations
cap_mixed   [   8% ] 0045/2048 VUs  02m17.8s/30m0s  3000.00 iters/s

running (02m18.8s), 0015/2048 VUs, 415869 complete and 0 interrupted iterations
cap_mixed   [   8% ] 0015/2048 VUs  02m18.8s/30m0s  3000.00 iters/s

running (02m19.8s), 0028/2048 VUs, 418857 complete and 0 interrupted iterations
cap_mixed   [   8% ] 0028/2048 VUs  02m19.8s/30m0s  3000.00 iters/s

running (02m20.8s), 0017/2048 VUs, 421867 complete and 0 interrupted iterations
cap_mixed   [   8% ] 0017/2048 VUs  02m20.8s/30m0s  3000.00 iters/s

running (02m21.8s), 0023/2048 VUs, 424862 complete and 0 interrupted iterations
cap_mixed   [   8% ] 0023/2048 VUs  02m21.8s/30m0s  3000.00 iters/s

running (02m22.8s), 0039/2048 VUs, 427846 complete and 0 interrupted iterations
cap_mixed   [   8% ] 0039/2048 VUs  02m22.8s/30m0s  3000.00 iters/s

running (02m23.8s), 0017/2048 VUs, 430869 complete and 0 interrupted iterations
cap_mixed   [   8% ] 0017/2048 VUs  02m23.8s/30m0s  3000.00 iters/s

running (02m24.8s), 0024/2048 VUs, 433860 complete and 0 interrupted iterations
cap_mixed   [   8% ] 0024/2048 VUs  02m24.8s/30m0s  3000.00 iters/s

running (02m25.8s), 0073/2048 VUs, 436811 complete and 0 interrupted iterations
cap_mixed   [   8% ] 0073/2048 VUs  02m25.8s/30m0s  3000.00 iters/s

running (02m26.8s), 0026/2048 VUs, 439858 complete and 0 interrupted iterations
cap_mixed   [   8% ] 0026/2048 VUs  02m26.8s/30m0s  3000.00 iters/s

running (02m27.8s), 0032/2048 VUs, 442851 complete and 0 interrupted iterations
cap_mixed   [   8% ] 0032/2048 VUs  02m27.8s/30m0s  3000.00 iters/s

running (02m28.8s), 0035/2048 VUs, 445848 complete and 0 interrupted iterations
cap_mixed   [   8% ] 0035/2048 VUs  02m28.8s/30m0s  3000.00 iters/s

running (02m29.8s), 0177/2048 VUs, 448707 complete and 0 interrupted iterations
cap_mixed   [   8% ] 0177/2048 VUs  02m29.8s/30m0s  3000.00 iters/s

running (02m30.8s), 0040/2048 VUs, 451844 complete and 0 interrupted iterations
cap_mixed   [   8% ] 0040/2048 VUs  02m30.8s/30m0s  3000.00 iters/s

running (02m31.8s), 0025/2048 VUs, 454859 complete and 0 interrupted iterations
cap_mixed   [   8% ] 0025/2048 VUs  02m31.8s/30m0s  3000.00 iters/s

running (02m32.8s), 0014/2048 VUs, 457870 complete and 0 interrupted iterations
cap_mixed   [   8% ] 0014/2048 VUs  02m32.8s/30m0s  3000.00 iters/s

running (02m33.8s), 0039/2048 VUs, 460846 complete and 0 interrupted iterations
cap_mixed   [   9% ] 0039/2048 VUs  02m33.8s/30m0s  3000.00 iters/s

running (02m34.8s), 0020/2048 VUs, 463863 complete and 0 interrupted iterations
cap_mixed   [   9% ] 0020/2048 VUs  02m34.8s/30m0s  3000.00 iters/s

running (02m35.8s), 0020/2048 VUs, 466864 complete and 0 interrupted iterations
cap_mixed   [   9% ] 0020/2048 VUs  02m35.8s/30m0s  3000.00 iters/s

running (02m36.8s), 0026/2048 VUs, 469859 complete and 0 interrupted iterations
cap_mixed   [   9% ] 0026/2048 VUs  02m36.8s/30m0s  3000.00 iters/s

running (02m37.8s), 0024/2048 VUs, 472860 complete and 0 interrupted iterations
cap_mixed   [   9% ] 0024/2048 VUs  02m37.8s/30m0s  3000.00 iters/s

running (02m38.8s), 0030/2048 VUs, 475854 complete and 0 interrupted iterations
cap_mixed   [   9% ] 0030/2048 VUs  02m38.8s/30m0s  3000.00 iters/s

running (02m39.8s), 0234/2048 VUs, 478650 complete and 0 interrupted iterations
cap_mixed   [   9% ] 0234/2048 VUs  02m39.8s/30m0s  3000.00 iters/s

running (02m40.8s), 0021/2048 VUs, 481863 complete and 0 interrupted iterations
cap_mixed   [   9% ] 0021/2048 VUs  02m40.8s/30m0s  3000.00 iters/s

running (02m41.8s), 0017/2048 VUs, 484866 complete and 0 interrupted iterations
cap_mixed   [   9% ] 0017/2048 VUs  02m41.8s/30m0s  3000.00 iters/s

running (02m42.8s), 0020/2048 VUs, 487863 complete and 0 interrupted iterations
cap_mixed   [   9% ] 0020/2048 VUs  02m42.8s/30m0s  3000.00 iters/s

running (02m43.8s), 0022/2048 VUs, 490863 complete and 0 interrupted iterations
cap_mixed   [   9% ] 0022/2048 VUs  02m43.8s/30m0s  3000.00 iters/s

running (02m44.8s), 0021/2048 VUs, 493863 complete and 0 interrupted iterations
cap_mixed   [   9% ] 0021/2048 VUs  02m44.8s/30m0s  3000.00 iters/s

running (02m45.8s), 0021/2048 VUs, 496863 complete and 0 interrupted iterations
cap_mixed   [   9% ] 0021/2048 VUs  02m45.8s/30m0s  3000.00 iters/s

running (02m46.8s), 0025/2048 VUs, 499859 complete and 0 interrupted iterations
cap_mixed   [   9% ] 0025/2048 VUs  02m46.8s/30m0s  3000.00 iters/s

running (02m47.8s), 0019/2048 VUs, 502865 complete and 0 interrupted iterations
cap_mixed   [   9% ] 0019/2048 VUs  02m47.8s/30m0s  3000.00 iters/s

running (02m48.8s), 0077/2048 VUs, 505806 complete and 0 interrupted iterations
cap_mixed   [   9% ] 0077/2048 VUs  02m48.8s/30m0s  3000.00 iters/s

running (02m49.8s), 0026/2048 VUs, 508858 complete and 0 interrupted iterations
cap_mixed   [   9% ] 0026/2048 VUs  02m49.8s/30m0s  3000.00 iters/s

running (02m50.8s), 0023/2048 VUs, 511861 complete and 0 interrupted iterations
cap_mixed   [   9% ] 0023/2048 VUs  02m50.8s/30m0s  3000.00 iters/s

running (02m51.8s), 0028/2048 VUs, 514856 complete and 0 interrupted iterations
cap_mixed   [  10% ] 0028/2048 VUs  02m51.8s/30m0s  3000.00 iters/s

running (02m52.8s), 0022/2048 VUs, 517859 complete and 0 interrupted iterations
cap_mixed   [  10% ] 0023/2048 VUs  02m52.8s/30m0s  3000.00 iters/s

running (02m53.8s), 0021/2048 VUs, 520863 complete and 0 interrupted iterations
cap_mixed   [  10% ] 0021/2048 VUs  02m53.8s/30m0s  3000.00 iters/s

running (02m54.8s), 0015/2048 VUs, 523869 complete and 0 interrupted iterations
cap_mixed   [  10% ] 0015/2048 VUs  02m54.8s/30m0s  3000.00 iters/s

running (02m55.8s), 0018/2048 VUs, 526866 complete and 0 interrupted iterations
cap_mixed   [  10% ] 0018/2048 VUs  02m55.8s/30m0s  3000.00 iters/s

running (02m56.8s), 0021/2048 VUs, 529863 complete and 0 interrupted iterations
cap_mixed   [  10% ] 0021/2048 VUs  02m56.8s/30m0s  3000.00 iters/s

running (02m57.8s), 0017/2048 VUs, 532867 complete and 0 interrupted iterations
cap_mixed   [  10% ] 0017/2048 VUs  02m57.8s/30m0s  3000.00 iters/s

running (02m58.8s), 0021/2048 VUs, 535863 complete and 0 interrupted iterations
cap_mixed   [  10% ] 0021/2048 VUs  02m58.8s/30m0s  3000.00 iters/s

running (02m59.8s), 0034/2048 VUs, 538850 complete and 0 interrupted iterations
cap_mixed   [  10% ] 0034/2048 VUs  02m59.8s/30m0s  3000.00 iters/s

running (03m00.8s), 0018/2048 VUs, 541866 complete and 0 interrupted iterations
cap_mixed   [  10% ] 0018/2048 VUs  03m00.8s/30m0s  3000.00 iters/s

running (03m01.8s), 0023/2048 VUs, 544861 complete and 0 interrupted iterations
cap_mixed   [  10% ] 0023/2048 VUs  03m01.8s/30m0s  3000.00 iters/s

running (03m02.8s), 0021/2048 VUs, 547863 complete and 0 interrupted iterations
cap_mixed   [  10% ] 0021/2048 VUs  03m02.8s/30m0s  3000.00 iters/s

running (03m03.8s), 0039/2048 VUs, 550845 complete and 0 interrupted iterations
cap_mixed   [  10% ] 0039/2048 VUs  03m03.8s/30m0s  3000.00 iters/s

running (03m04.8s), 0022/2048 VUs, 553862 complete and 0 interrupted iterations
cap_mixed   [  10% ] 0022/2048 VUs  03m04.8s/30m0s  3000.00 iters/s

running (03m05.8s), 0025/2048 VUs, 556860 complete and 0 interrupted iterations
cap_mixed   [  10% ] 0025/2048 VUs  03m05.8s/30m0s  3000.00 iters/s

running (03m06.8s), 0023/2048 VUs, 559861 complete and 0 interrupted iterations
cap_mixed   [  10% ] 0023/2048 VUs  03m06.8s/30m0s  3000.00 iters/s

running (03m07.8s), 0024/2048 VUs, 562859 complete and 0 interrupted iterations
cap_mixed   [  10% ] 0025/2048 VUs  03m07.8s/30m0s  3000.00 iters/s

running (03m08.8s), 0033/2048 VUs, 565850 complete and 0 interrupted iterations
cap_mixed   [  10% ] 0033/2048 VUs  03m08.8s/30m0s  3000.00 iters/s

running (03m09.8s), 0021/2048 VUs, 568863 complete and 0 interrupted iterations
cap_mixed   [  11% ] 0021/2048 VUs  03m09.8s/30m0s  3000.00 iters/s

running (03m10.8s), 0023/2048 VUs, 571861 complete and 0 interrupted iterations
cap_mixed   [  11% ] 0023/2048 VUs  03m10.8s/30m0s  3000.00 iters/s

running (03m11.8s), 0018/2048 VUs, 574866 complete and 0 interrupted iterations
cap_mixed   [  11% ] 0018/2048 VUs  03m11.8s/30m0s  3000.00 iters/s

running (03m12.8s), 0021/2048 VUs, 577863 complete and 0 interrupted iterations
cap_mixed   [  11% ] 0021/2048 VUs  03m12.8s/30m0s  3000.00 iters/s

running (03m13.8s), 0019/2048 VUs, 580865 complete and 0 interrupted iterations
cap_mixed   [  11% ] 0019/2048 VUs  03m13.8s/30m0s  3000.00 iters/s

running (03m14.8s), 0021/2048 VUs, 583863 complete and 0 interrupted iterations
cap_mixed   [  11% ] 0021/2048 VUs  03m14.8s/30m0s  3000.00 iters/s

running (03m15.8s), 0024/2048 VUs, 586860 complete and 0 interrupted iterations
cap_mixed   [  11% ] 0024/2048 VUs  03m15.8s/30m0s  3000.00 iters/s

running (03m16.8s), 0059/2048 VUs, 589824 complete and 0 interrupted iterations
cap_mixed   [  11% ] 0059/2048 VUs  03m16.8s/30m0s  3000.00 iters/s

running (03m17.8s), 0020/2048 VUs, 592864 complete and 0 interrupted iterations
cap_mixed   [  11% ] 0020/2048 VUs  03m17.8s/30m0s  3000.00 iters/s

running (03m18.8s), 0023/2048 VUs, 595862 complete and 0 interrupted iterations
cap_mixed   [  11% ] 0023/2048 VUs  03m18.8s/30m0s  3000.00 iters/s

running (03m19.8s), 0042/2048 VUs, 598843 complete and 0 interrupted iterations
cap_mixed   [  11% ] 0042/2048 VUs  03m19.8s/30m0s  3000.00 iters/s

running (03m20.8s), 0021/2048 VUs, 601863 complete and 0 interrupted iterations
cap_mixed   [  11% ] 0020/2048 VUs  03m20.8s/30m0s  3000.00 iters/s

running (03m21.8s), 0023/2048 VUs, 604860 complete and 0 interrupted iterations
cap_mixed   [  11% ] 0023/2048 VUs  03m21.8s/30m0s  3000.00 iters/s

running (03m22.8s), 0022/2048 VUs, 607862 complete and 0 interrupted iterations
cap_mixed   [  11% ] 0022/2048 VUs  03m22.8s/30m0s  3000.00 iters/s

running (03m23.8s), 0019/2048 VUs, 610865 complete and 0 interrupted iterations
cap_mixed   [  11% ] 0019/2048 VUs  03m23.8s/30m0s  3000.00 iters/s

running (03m24.8s), 0016/2048 VUs, 613868 complete and 0 interrupted iterations
cap_mixed   [  11% ] 0016/2048 VUs  03m24.8s/30m0s  3000.00 iters/s

running (03m25.8s), 0029/2048 VUs, 616855 complete and 0 interrupted iterations
cap_mixed   [  11% ] 0029/2048 VUs  03m25.8s/30m0s  3000.00 iters/s

running (03m26.8s), 0029/2048 VUs, 619855 complete and 0 interrupted iterations
cap_mixed   [  11% ] 0029/2048 VUs  03m26.8s/30m0s  3000.00 iters/s

running (03m27.8s), 0124/2048 VUs, 622760 complete and 0 interrupted iterations
cap_mixed   [  12% ] 0124/2048 VUs  03m27.8s/30m0s  3000.00 iters/s

running (03m28.8s), 0021/2048 VUs, 625863 complete and 0 interrupted iterations
cap_mixed   [  12% ] 0021/2048 VUs  03m28.8s/30m0s  3000.00 iters/s

running (03m29.8s), 0052/2048 VUs, 628832 complete and 0 interrupted iterations
cap_mixed   [  12% ] 0052/2048 VUs  03m29.8s/30m0s  3000.00 iters/s

running (03m30.8s), 0025/2048 VUs, 631859 complete and 0 interrupted iterations
cap_mixed   [  12% ] 0025/2048 VUs  03m30.8s/30m0s  3000.00 iters/s

running (03m31.8s), 0031/2048 VUs, 634853 complete and 0 interrupted iterations
cap_mixed   [  12% ] 0031/2048 VUs  03m31.8s/30m0s  3000.00 iters/s

running (03m32.8s), 0019/2048 VUs, 637866 complete and 0 interrupted iterations
cap_mixed   [  12% ] 0019/2048 VUs  03m32.8s/30m0s  3000.00 iters/s

running (03m33.8s), 0022/2048 VUs, 640862 complete and 0 interrupted iterations
cap_mixed   [  12% ] 0022/2048 VUs  03m33.8s/30m0s  3000.00 iters/s

running (03m34.8s), 0025/2048 VUs, 643859 complete and 0 interrupted iterations
cap_mixed   [  12% ] 0025/2048 VUs  03m34.8s/30m0s  3000.00 iters/s

running (03m35.8s), 0025/2048 VUs, 646859 complete and 0 interrupted iterations
cap_mixed   [  12% ] 0025/2048 VUs  03m35.8s/30m0s  3000.00 iters/s

running (03m36.8s), 0015/2048 VUs, 649869 complete and 0 interrupted iterations
cap_mixed   [  12% ] 0015/2048 VUs  03m36.8s/30m0s  3000.00 iters/s

running (03m37.8s), 0018/2048 VUs, 652866 complete and 0 interrupted iterations
cap_mixed   [  12% ] 0018/2048 VUs  03m37.8s/30m0s  3000.00 iters/s

running (03m38.8s), 0040/2048 VUs, 655844 complete and 0 interrupted iterations
cap_mixed   [  12% ] 0040/2048 VUs  03m38.8s/30m0s  3000.00 iters/s

running (03m39.8s), 0021/2048 VUs, 658863 complete and 0 interrupted iterations
cap_mixed   [  12% ] 0021/2048 VUs  03m39.8s/30m0s  3000.00 iters/s

running (03m40.8s), 0020/2048 VUs, 661864 complete and 0 interrupted iterations
cap_mixed   [  12% ] 0020/2048 VUs  03m40.8s/30m0s  3000.00 iters/s

running (03m41.8s), 0018/2048 VUs, 664866 complete and 0 interrupted iterations
cap_mixed   [  12% ] 0018/2048 VUs  03m41.8s/30m0s  3000.00 iters/s

running (03m42.8s), 0022/2048 VUs, 667862 complete and 0 interrupted iterations
cap_mixed   [  12% ] 0022/2048 VUs  03m42.8s/30m0s  3000.00 iters/s

running (03m43.8s), 0016/2048 VUs, 670868 complete and 0 interrupted iterations
cap_mixed   [  12% ] 0016/2048 VUs  03m43.8s/30m0s  3000.00 iters/s

running (03m44.8s), 0020/2048 VUs, 673864 complete and 0 interrupted iterations
cap_mixed   [  12% ] 0020/2048 VUs  03m44.8s/30m0s  3000.00 iters/s

running (03m45.8s), 0030/2048 VUs, 676854 complete and 0 interrupted iterations
cap_mixed   [  13% ] 0030/2048 VUs  03m45.8s/30m0s  3000.00 iters/s

running (03m46.8s), 0092/2048 VUs, 679793 complete and 0 interrupted iterations
cap_mixed   [  13% ] 0092/2048 VUs  03m46.8s/30m0s  3000.00 iters/s

running (03m47.8s), 0023/2048 VUs, 682861 complete and 0 interrupted iterations
cap_mixed   [  13% ] 0023/2048 VUs  03m47.8s/30m0s  3000.00 iters/s

running (03m48.8s), 0016/2048 VUs, 685869 complete and 0 interrupted iterations
cap_mixed   [  13% ] 0016/2048 VUs  03m48.8s/30m0s  3000.00 iters/s

running (03m49.8s), 0027/2048 VUs, 688857 complete and 0 interrupted iterations
cap_mixed   [  13% ] 0027/2048 VUs  03m49.8s/30m0s  3000.00 iters/s

running (03m50.8s), 0017/2048 VUs, 691867 complete and 0 interrupted iterations
cap_mixed   [  13% ] 0017/2048 VUs  03m50.8s/30m0s  3000.00 iters/s

running (03m51.8s), 0022/2048 VUs, 694862 complete and 0 interrupted iterations
cap_mixed   [  13% ] 0022/2048 VUs  03m51.8s/30m0s  3000.00 iters/s

running (03m52.8s), 0164/2048 VUs, 697721 complete and 0 interrupted iterations
cap_mixed   [  13% ] 0164/2048 VUs  03m52.8s/30m0s  3000.00 iters/s

running (03m53.8s), 0015/2048 VUs, 700869 complete and 0 interrupted iterations
cap_mixed   [  13% ] 0015/2048 VUs  03m53.8s/30m0s  3000.00 iters/s

running (03m54.8s), 0173/2048 VUs, 703712 complete and 0 interrupted iterations
cap_mixed   [  13% ] 0173/2048 VUs  03m54.8s/30m0s  3000.00 iters/s

running (03m55.8s), 0028/2048 VUs, 706856 complete and 0 interrupted iterations
cap_mixed   [  13% ] 0028/2048 VUs  03m55.8s/30m0s  3000.00 iters/s

running (03m56.8s), 0035/2048 VUs, 709849 complete and 0 interrupted iterations
cap_mixed   [  13% ] 0035/2048 VUs  03m56.8s/30m0s  3000.00 iters/s

running (03m57.8s), 0027/2048 VUs, 712856 complete and 0 interrupted iterations
cap_mixed   [  13% ] 0028/2048 VUs  03m57.8s/30m0s  3000.00 iters/s

running (03m58.8s), 0015/2048 VUs, 715869 complete and 0 interrupted iterations
cap_mixed   [  13% ] 0015/2048 VUs  03m58.8s/30m0s  3000.00 iters/s

running (03m59.8s), 0020/2048 VUs, 718864 complete and 0 interrupted iterations
cap_mixed   [  13% ] 0020/2048 VUs  03m59.8s/30m0s  3000.00 iters/s

running (04m00.8s), 0030/2048 VUs, 721854 complete and 0 interrupted iterations
cap_mixed   [  13% ] 0029/2048 VUs  04m00.8s/30m0s  3000.00 iters/s

running (04m01.8s), 0021/2048 VUs, 724863 complete and 0 interrupted iterations
cap_mixed   [  13% ] 0021/2048 VUs  04m01.8s/30m0s  3000.00 iters/s

running (04m02.8s), 0018/2048 VUs, 727866 complete and 0 interrupted iterations
cap_mixed   [  13% ] 0018/2048 VUs  04m02.8s/30m0s  3000.00 iters/s

running (04m03.8s), 0021/2048 VUs, 730863 complete and 0 interrupted iterations
cap_mixed   [  14% ] 0021/2048 VUs  04m03.8s/30m0s  3000.00 iters/s

running (04m04.8s), 0019/2048 VUs, 733865 complete and 0 interrupted iterations
cap_mixed   [  14% ] 0019/2048 VUs  04m04.8s/30m0s  3000.00 iters/s

running (04m05.8s), 0016/2048 VUs, 736868 complete and 0 interrupted iterations
cap_mixed   [  14% ] 0016/2048 VUs  04m05.8s/30m0s  3000.00 iters/s

running (04m06.8s), 0019/2048 VUs, 739865 complete and 0 interrupted iterations
cap_mixed   [  14% ] 0019/2048 VUs  04m06.8s/30m0s  3000.00 iters/s

running (04m07.8s), 0018/2048 VUs, 742866 complete and 0 interrupted iterations
cap_mixed   [  14% ] 0018/2048 VUs  04m07.8s/30m0s  3000.00 iters/s

running (04m08.8s), 0021/2048 VUs, 745863 complete and 0 interrupted iterations
cap_mixed   [  14% ] 0021/2048 VUs  04m08.8s/30m0s  3000.00 iters/s

running (04m09.8s), 0021/2048 VUs, 748863 complete and 0 interrupted iterations
cap_mixed   [  14% ] 0021/2048 VUs  04m09.8s/30m0s  3000.00 iters/s

running (04m10.8s), 0024/2048 VUs, 751860 complete and 0 interrupted iterations
cap_mixed   [  14% ] 0024/2048 VUs  04m10.8s/30m0s  3000.00 iters/s

running (04m11.8s), 0016/2048 VUs, 754868 complete and 0 interrupted iterations
cap_mixed   [  14% ] 0016/2048 VUs  04m11.8s/30m0s  3000.00 iters/s

running (04m12.8s), 0018/2048 VUs, 757866 complete and 0 interrupted iterations
cap_mixed   [  14% ] 0018/2048 VUs  04m12.8s/30m0s  3000.00 iters/s

running (04m13.8s), 0020/2048 VUs, 760864 complete and 0 interrupted iterations
cap_mixed   [  14% ] 0020/2048 VUs  04m13.8s/30m0s  3000.00 iters/s

running (04m14.8s), 0025/2048 VUs, 763859 complete and 0 interrupted iterations
cap_mixed   [  14% ] 0025/2048 VUs  04m14.8s/30m0s  3000.00 iters/s

running (04m15.8s), 0014/2048 VUs, 766870 complete and 0 interrupted iterations
cap_mixed   [  14% ] 0014/2048 VUs  04m15.8s/30m0s  3000.00 iters/s

running (04m16.8s), 0041/2048 VUs, 769843 complete and 0 interrupted iterations
cap_mixed   [  14% ] 0041/2048 VUs  04m16.8s/30m0s  3000.00 iters/s

running (04m17.8s), 0021/2048 VUs, 772863 complete and 0 interrupted iterations
cap_mixed   [  14% ] 0021/2048 VUs  04m17.8s/30m0s  3000.00 iters/s

running (04m18.8s), 0028/2048 VUs, 775856 complete and 0 interrupted iterations
cap_mixed   [  14% ] 0028/2048 VUs  04m18.8s/30m0s  3000.00 iters/s

running (04m19.8s), 0031/2048 VUs, 778853 complete and 0 interrupted iterations
cap_mixed   [  14% ] 0031/2048 VUs  04m19.8s/30m0s  3000.00 iters/s

running (04m20.8s), 0023/2048 VUs, 781861 complete and 0 interrupted iterations
cap_mixed   [  14% ] 0023/2048 VUs  04m20.8s/30m0s  3000.00 iters/s

running (04m21.8s), 0069/2048 VUs, 784815 complete and 0 interrupted iterations
cap_mixed   [  15% ] 0069/2048 VUs  04m21.8s/30m0s  3000.00 iters/s

running (04m22.8s), 0031/2048 VUs, 787853 complete and 0 interrupted iterations
cap_mixed   [  15% ] 0031/2048 VUs  04m22.8s/30m0s  3000.00 iters/s

running (04m23.8s), 0021/2048 VUs, 790863 complete and 0 interrupted iterations
cap_mixed   [  15% ] 0021/2048 VUs  04m23.8s/30m0s  3000.00 iters/s

running (04m24.8s), 0022/2048 VUs, 793862 complete and 0 interrupted iterations
cap_mixed   [  15% ] 0022/2048 VUs  04m24.8s/30m0s  3000.00 iters/s

running (04m25.8s), 0178/2048 VUs, 796707 complete and 0 interrupted iterations
cap_mixed   [  15% ] 0179/2048 VUs  04m25.8s/30m0s  3000.00 iters/s

running (04m26.8s), 0045/2048 VUs, 799840 complete and 0 interrupted iterations
cap_mixed   [  15% ] 0045/2048 VUs  04m26.8s/30m0s  3000.00 iters/s

running (04m27.8s), 0020/2048 VUs, 802864 complete and 0 interrupted iterations
cap_mixed   [  15% ] 0020/2048 VUs  04m27.8s/30m0s  3000.00 iters/s

running (04m28.8s), 0012/2048 VUs, 805872 complete and 0 interrupted iterations
cap_mixed   [  15% ] 0012/2048 VUs  04m28.8s/30m0s  3000.00 iters/s

running (04m29.8s), 0025/2048 VUs, 808859 complete and 0 interrupted iterations
cap_mixed   [  15% ] 0025/2048 VUs  04m29.8s/30m0s  3000.00 iters/s

running (04m30.8s), 0016/2048 VUs, 811868 complete and 0 interrupted iterations
cap_mixed   [  15% ] 0016/2048 VUs  04m30.8s/30m0s  3000.00 iters/s

running (04m31.8s), 0018/2048 VUs, 814866 complete and 0 interrupted iterations
cap_mixed   [  15% ] 0018/2048 VUs  04m31.8s/30m0s  3000.00 iters/s

running (04m32.8s), 0013/2048 VUs, 817870 complete and 0 interrupted iterations
cap_mixed   [  15% ] 0013/2048 VUs  04m32.8s/30m0s  3000.00 iters/s

running (04m33.8s), 0025/2048 VUs, 820859 complete and 0 interrupted iterations
cap_mixed   [  15% ] 0025/2048 VUs  04m33.8s/30m0s  3000.00 iters/s

running (04m34.8s), 0033/2048 VUs, 823851 complete and 0 interrupted iterations
cap_mixed   [  15% ] 0033/2048 VUs  04m34.8s/30m0s  3000.00 iters/s

running (04m35.8s), 0016/2048 VUs, 826868 complete and 0 interrupted iterations
cap_mixed   [  15% ] 0016/2048 VUs  04m35.8s/30m0s  3000.00 iters/s

running (04m36.8s), 0020/2048 VUs, 829864 complete and 0 interrupted iterations
cap_mixed   [  15% ] 0020/2048 VUs  04m36.8s/30m0s  3000.00 iters/s

running (04m37.8s), 0019/2048 VUs, 832865 complete and 0 interrupted iterations
cap_mixed   [  15% ] 0019/2048 VUs  04m37.8s/30m0s  3000.00 iters/s

running (04m38.8s), 0027/2048 VUs, 835857 complete and 0 interrupted iterations
cap_mixed   [  15% ] 0027/2048 VUs  04m38.8s/30m0s  3000.00 iters/s

running (04m39.8s), 0024/2048 VUs, 838860 complete and 0 interrupted iterations
cap_mixed   [  16% ] 0024/2048 VUs  04m39.8s/30m0s  3000.00 iters/s

running (04m40.8s), 0042/2048 VUs, 841842 complete and 0 interrupted iterations
cap_mixed   [  16% ] 0042/2048 VUs  04m40.8s/30m0s  3000.00 iters/s

running (04m41.8s), 0039/2048 VUs, 844845 complete and 0 interrupted iterations
cap_mixed   [  16% ] 0039/2048 VUs  04m41.8s/30m0s  3000.00 iters/s

running (04m42.8s), 0020/2048 VUs, 847864 complete and 0 interrupted iterations
cap_mixed   [  16% ] 0020/2048 VUs  04m42.8s/30m0s  3000.00 iters/s

running (04m43.8s), 0025/2048 VUs, 850860 complete and 0 interrupted iterations
cap_mixed   [  16% ] 0025/2048 VUs  04m43.8s/30m0s  3000.00 iters/s

running (04m44.8s), 0024/2048 VUs, 853860 complete and 0 interrupted iterations
cap_mixed   [  16% ] 0024/2048 VUs  04m44.8s/30m0s  3000.00 iters/s

running (04m45.8s), 0189/2048 VUs, 856697 complete and 0 interrupted iterations
cap_mixed   [  16% ] 0189/2048 VUs  04m45.8s/30m0s  3000.00 iters/s

running (04m46.8s), 0016/2048 VUs, 859868 complete and 0 interrupted iterations
cap_mixed   [  16% ] 0016/2048 VUs  04m46.8s/30m0s  3000.00 iters/s

running (04m47.8s), 0096/2048 VUs, 862788 complete and 0 interrupted iterations
cap_mixed   [  16% ] 0096/2048 VUs  04m47.8s/30m0s  3000.00 iters/s

running (04m48.8s), 0029/2048 VUs, 865855 complete and 0 interrupted iterations
cap_mixed   [  16% ] 0029/2048 VUs  04m48.8s/30m0s  3000.00 iters/s

running (04m49.8s), 0052/2048 VUs, 868832 complete and 0 interrupted iterations
cap_mixed   [  16% ] 0052/2048 VUs  04m49.8s/30m0s  3000.00 iters/s

running (04m50.8s), 0034/2048 VUs, 871850 complete and 0 interrupted iterations
cap_mixed   [  16% ] 0034/2048 VUs  04m50.8s/30m0s  3000.00 iters/s

running (04m51.8s), 0018/2048 VUs, 874866 complete and 0 interrupted iterations
cap_mixed   [  16% ] 0018/2048 VUs  04m51.8s/30m0s  3000.00 iters/s

running (04m52.8s), 0017/2048 VUs, 877867 complete and 0 interrupted iterations
cap_mixed   [  16% ] 0017/2048 VUs  04m52.8s/30m0s  3000.00 iters/s

running (04m53.8s), 0033/2048 VUs, 880853 complete and 0 interrupted iterations
cap_mixed   [  16% ] 0033/2048 VUs  04m53.8s/30m0s  3000.00 iters/s

running (04m54.8s), 0023/2048 VUs, 883861 complete and 0 interrupted iterations
cap_mixed   [  16% ] 0023/2048 VUs  04m54.8s/30m0s  3000.00 iters/s

running (04m55.8s), 0022/2048 VUs, 886862 complete and 0 interrupted iterations
cap_mixed   [  16% ] 0022/2048 VUs  04m55.8s/30m0s  3000.00 iters/s

running (04m56.8s), 0020/2048 VUs, 889864 complete and 0 interrupted iterations
cap_mixed   [  16% ] 0020/2048 VUs  04m56.8s/30m0s  3000.00 iters/s

running (04m57.8s), 0067/2048 VUs, 892818 complete and 0 interrupted iterations
cap_mixed   [  17% ] 0067/2048 VUs  04m57.8s/30m0s  3000.00 iters/s

running (04m58.8s), 0021/2048 VUs, 895863 complete and 0 interrupted iterations
cap_mixed   [  17% ] 0021/2048 VUs  04m58.8s/30m0s  3000.00 iters/s

running (04m59.8s), 0025/2048 VUs, 898859 complete and 0 interrupted iterations
cap_mixed   [  17% ] 0025/2048 VUs  04m59.8s/30m0s  3000.00 iters/s

running (05m00.8s), 0023/2048 VUs, 901861 complete and 0 interrupted iterations
cap_mixed   [  17% ] 0023/2048 VUs  05m00.8s/30m0s  3000.00 iters/s

running (05m01.8s), 0019/2048 VUs, 904865 complete and 0 interrupted iterations
cap_mixed   [  17% ] 0019/2048 VUs  05m01.8s/30m0s  3000.00 iters/s

running (05m02.8s), 0024/2048 VUs, 907860 complete and 0 interrupted iterations
cap_mixed   [  17% ] 0024/2048 VUs  05m02.8s/30m0s  3000.00 iters/s

running (05m03.8s), 0016/2048 VUs, 910868 complete and 0 interrupted iterations
cap_mixed   [  17% ] 0016/2048 VUs  05m03.8s/30m0s  3000.00 iters/s

running (05m04.8s), 0206/2048 VUs, 913679 complete and 0 interrupted iterations
cap_mixed   [  17% ] 0206/2048 VUs  05m04.8s/30m0s  3000.00 iters/s

running (05m05.8s), 0018/2048 VUs, 916866 complete and 0 interrupted iterations
cap_mixed   [  17% ] 0018/2048 VUs  05m05.8s/30m0s  3000.00 iters/s

running (05m06.8s), 0037/2048 VUs, 919847 complete and 0 interrupted iterations
cap_mixed   [  17% ] 0037/2048 VUs  05m06.8s/30m0s  3000.00 iters/s

running (05m07.8s), 0013/2048 VUs, 922871 complete and 0 interrupted iterations
cap_mixed   [  17% ] 0013/2048 VUs  05m07.8s/30m0s  3000.00 iters/s

running (05m08.8s), 0019/2048 VUs, 925865 complete and 0 interrupted iterations
cap_mixed   [  17% ] 0019/2048 VUs  05m08.8s/30m0s  3000.00 iters/s

running (05m09.8s), 0020/2048 VUs, 928864 complete and 0 interrupted iterations
cap_mixed   [  17% ] 0020/2048 VUs  05m09.8s/30m0s  3000.00 iters/s

running (05m10.8s), 0034/2048 VUs, 931850 complete and 0 interrupted iterations
cap_mixed   [  17% ] 0034/2048 VUs  05m10.8s/30m0s  3000.00 iters/s

running (05m11.8s), 0029/2048 VUs, 934855 complete and 0 interrupted iterations
cap_mixed   [  17% ] 0029/2048 VUs  05m11.8s/30m0s  3000.00 iters/s

running (05m12.8s), 0018/2048 VUs, 937866 complete and 0 interrupted iterations
cap_mixed   [  17% ] 0018/2048 VUs  05m12.8s/30m0s  3000.00 iters/s

running (05m13.8s), 0079/2048 VUs, 940803 complete and 0 interrupted iterations
cap_mixed   [  17% ] 0080/2048 VUs  05m13.8s/30m0s  3000.00 iters/s

running (05m14.8s), 0025/2048 VUs, 943859 complete and 0 interrupted iterations
cap_mixed   [  17% ] 0025/2048 VUs  05m14.8s/30m0s  3000.00 iters/s

running (05m15.8s), 0014/2048 VUs, 946870 complete and 0 interrupted iterations
cap_mixed   [  18% ] 0014/2048 VUs  05m15.8s/30m0s  3000.00 iters/s

running (05m16.8s), 0017/2048 VUs, 949867 complete and 0 interrupted iterations
cap_mixed   [  18% ] 0017/2048 VUs  05m16.8s/30m0s  3000.00 iters/s

running (05m17.8s), 0125/2048 VUs, 952759 complete and 0 interrupted iterations
cap_mixed   [  18% ] 0125/2048 VUs  05m17.8s/30m0s  3000.00 iters/s

running (05m18.8s), 0017/2048 VUs, 955867 complete and 0 interrupted iterations
cap_mixed   [  18% ] 0017/2048 VUs  05m18.8s/30m0s  3000.00 iters/s

running (05m19.8s), 0023/2048 VUs, 958861 complete and 0 interrupted iterations
cap_mixed   [  18% ] 0023/2048 VUs  05m19.8s/30m0s  3000.00 iters/s

running (05m20.8s), 0286/2048 VUs, 961598 complete and 0 interrupted iterations
cap_mixed   [  18% ] 0286/2048 VUs  05m20.8s/30m0s  3000.00 iters/s

running (05m21.8s), 0020/2048 VUs, 964864 complete and 0 interrupted iterations
cap_mixed   [  18% ] 0020/2048 VUs  05m21.8s/30m0s  3000.00 iters/s

running (05m22.8s), 0032/2048 VUs, 967853 complete and 0 interrupted iterations
cap_mixed   [  18% ] 0032/2048 VUs  05m22.8s/30m0s  3000.00 iters/s

running (05m23.8s), 0020/2048 VUs, 970864 complete and 0 interrupted iterations
cap_mixed   [  18% ] 0020/2048 VUs  05m23.8s/30m0s  3000.00 iters/s

running (05m24.8s), 0187/2048 VUs, 973697 complete and 0 interrupted iterations
cap_mixed   [  18% ] 0187/2048 VUs  05m24.8s/30m0s  3000.00 iters/s

running (05m25.8s), 0033/2048 VUs, 976851 complete and 0 interrupted iterations
cap_mixed   [  18% ] 0033/2048 VUs  05m25.8s/30m0s  3000.00 iters/s

running (05m26.8s), 0034/2048 VUs, 979851 complete and 0 interrupted iterations
cap_mixed   [  18% ] 0034/2048 VUs  05m26.8s/30m0s  3000.00 iters/s

running (05m27.8s), 0021/2048 VUs, 982863 complete and 0 interrupted iterations
cap_mixed   [  18% ] 0021/2048 VUs  05m27.8s/30m0s  3000.00 iters/s

running (05m28.8s), 0009/2048 VUs, 985875 complete and 0 interrupted iterations
cap_mixed   [  18% ] 0009/2048 VUs  05m28.8s/30m0s  3000.00 iters/s

running (05m29.8s), 0024/2048 VUs, 988864 complete and 0 interrupted iterations
cap_mixed   [  18% ] 0024/2048 VUs  05m29.8s/30m0s  3000.00 iters/s

running (05m30.8s), 0072/2048 VUs, 991812 complete and 0 interrupted iterations
cap_mixed   [  18% ] 0072/2048 VUs  05m30.8s/30m0s  3000.00 iters/s

running (05m31.8s), 0026/2048 VUs, 994858 complete and 0 interrupted iterations
cap_mixed   [  18% ] 0026/2048 VUs  05m31.8s/30m0s  3000.00 iters/s

running (05m32.8s), 0036/2048 VUs, 997848 complete and 0 interrupted iterations
cap_mixed   [  18% ] 0036/2048 VUs  05m32.8s/30m0s  3000.00 iters/s

running (05m33.8s), 0021/2048 VUs, 1000863 complete and 0 interrupted iterations
cap_mixed   [  19% ] 0021/2048 VUs  05m33.8s/30m0s  3000.00 iters/s

running (05m34.8s), 0044/2048 VUs, 1003840 complete and 0 interrupted iterations
cap_mixed   [  19% ] 0044/2048 VUs  05m34.8s/30m0s  3000.00 iters/s

running (05m35.8s), 0041/2048 VUs, 1006844 complete and 0 interrupted iterations
cap_mixed   [  19% ] 0041/2048 VUs  05m35.8s/30m0s  3000.00 iters/s

running (05m36.8s), 0018/2048 VUs, 1009866 complete and 0 interrupted iterations
cap_mixed   [  19% ] 0018/2048 VUs  05m36.8s/30m0s  3000.00 iters/s

running (05m37.8s), 0024/2048 VUs, 1012860 complete and 0 interrupted iterations
cap_mixed   [  19% ] 0024/2048 VUs  05m37.8s/30m0s  3000.00 iters/s

running (05m38.8s), 0051/2048 VUs, 1015833 complete and 0 interrupted iterations
cap_mixed   [  19% ] 0051/2048 VUs  05m38.8s/30m0s  3000.00 iters/s

running (05m39.8s), 0049/2048 VUs, 1018835 complete and 0 interrupted iterations
cap_mixed   [  19% ] 0049/2048 VUs  05m39.8s/30m0s  3000.00 iters/s

running (05m40.8s), 0021/2048 VUs, 1021863 complete and 0 interrupted iterations
cap_mixed   [  19% ] 0022/2048 VUs  05m40.8s/30m0s  3000.00 iters/s

running (05m41.8s), 0016/2048 VUs, 1024868 complete and 0 interrupted iterations
cap_mixed   [  19% ] 0016/2048 VUs  05m41.8s/30m0s  3000.00 iters/s

running (05m42.8s), 0026/2048 VUs, 1027858 complete and 0 interrupted iterations
cap_mixed   [  19% ] 0026/2048 VUs  05m42.8s/30m0s  3000.00 iters/s

running (05m43.8s), 0038/2048 VUs, 1030846 complete and 0 interrupted iterations
cap_mixed   [  19% ] 0038/2048 VUs  05m43.8s/30m0s  3000.00 iters/s

running (05m44.8s), 0110/2048 VUs, 1033774 complete and 0 interrupted iterations
cap_mixed   [  19% ] 0110/2048 VUs  05m44.8s/30m0s  3000.00 iters/s

running (05m45.8s), 0024/2048 VUs, 1036860 complete and 0 interrupted iterations
cap_mixed   [  19% ] 0024/2048 VUs  05m45.8s/30m0s  3000.00 iters/s

running (05m46.8s), 0020/2048 VUs, 1039864 complete and 0 interrupted iterations
cap_mixed   [  19% ] 0020/2048 VUs  05m46.8s/30m0s  3000.00 iters/s

running (05m47.8s), 0119/2048 VUs, 1042766 complete and 0 interrupted iterations
cap_mixed   [  19% ] 0119/2048 VUs  05m47.8s/30m0s  3000.00 iters/s

running (05m48.8s), 0031/2048 VUs, 1045853 complete and 0 interrupted iterations
cap_mixed   [  19% ] 0031/2048 VUs  05m48.8s/30m0s  3000.00 iters/s

running (05m49.8s), 0024/2048 VUs, 1048860 complete and 0 interrupted iterations
cap_mixed   [  19% ] 0024/2048 VUs  05m49.8s/30m0s  3000.00 iters/s

running (05m50.8s), 0089/2048 VUs, 1051801 complete and 0 interrupted iterations
cap_mixed   [  19% ] 0090/2048 VUs  05m50.8s/30m0s  3000.00 iters/s

running (05m51.8s), 0024/2048 VUs, 1054860 complete and 0 interrupted iterations
cap_mixed   [  20% ] 0024/2048 VUs  05m51.8s/30m0s  3000.00 iters/s

running (05m52.8s), 0052/2048 VUs, 1057832 complete and 0 interrupted iterations
cap_mixed   [  20% ] 0052/2048 VUs  05m52.8s/30m0s  3000.00 iters/s

running (05m53.8s), 0030/2048 VUs, 1060854 complete and 0 interrupted iterations
cap_mixed   [  20% ] 0030/2048 VUs  05m53.8s/30m0s  3000.00 iters/s

running (05m54.8s), 0061/2048 VUs, 1063825 complete and 0 interrupted iterations
cap_mixed   [  20% ] 0061/2048 VUs  05m54.8s/30m0s  3000.00 iters/s

running (05m55.8s), 0023/2048 VUs, 1066862 complete and 0 interrupted iterations
cap_mixed   [  20% ] 0023/2048 VUs  05m55.8s/30m0s  3000.00 iters/s

running (05m56.8s), 0021/2048 VUs, 1069860 complete and 0 interrupted iterations
cap_mixed   [  20% ] 0021/2048 VUs  05m56.8s/30m0s  3000.00 iters/s

running (05m57.8s), 0009/2048 VUs, 1072875 complete and 0 interrupted iterations
cap_mixed   [  20% ] 0009/2048 VUs  05m57.8s/30m0s  3000.00 iters/s

running (05m58.8s), 0018/2048 VUs, 1075866 complete and 0 interrupted iterations
cap_mixed   [  20% ] 0018/2048 VUs  05m58.8s/30m0s  3000.00 iters/s

running (05m59.8s), 0060/2048 VUs, 1078824 complete and 0 interrupted iterations
cap_mixed   [  20% ] 0060/2048 VUs  05m59.8s/30m0s  3000.00 iters/s

running (06m00.8s), 0019/2048 VUs, 1081865 complete and 0 interrupted iterations
cap_mixed   [  20% ] 0019/2048 VUs  06m00.8s/30m0s  3000.00 iters/s

running (06m01.8s), 0011/2048 VUs, 1084874 complete and 0 interrupted iterations
cap_mixed   [  20% ] 0011/2048 VUs  06m01.8s/30m0s  3000.00 iters/s

running (06m02.8s), 0039/2048 VUs, 1087845 complete and 0 interrupted iterations
cap_mixed   [  20% ] 0039/2048 VUs  06m02.8s/30m0s  3000.00 iters/s

running (06m03.8s), 0054/2048 VUs, 1090831 complete and 0 interrupted iterations
cap_mixed   [  20% ] 0054/2048 VUs  06m03.8s/30m0s  3000.00 iters/s

running (06m04.8s), 0033/2048 VUs, 1093852 complete and 0 interrupted iterations
cap_mixed   [  20% ] 0033/2048 VUs  06m04.8s/30m0s  3000.00 iters/s

running (06m05.8s), 0029/2048 VUs, 1096855 complete and 0 interrupted iterations
cap_mixed   [  20% ] 0029/2048 VUs  06m05.8s/30m0s  3000.00 iters/s

running (06m06.8s), 0023/2048 VUs, 1099861 complete and 0 interrupted iterations
cap_mixed   [  20% ] 0023/2048 VUs  06m06.8s/30m0s  3000.00 iters/s

running (06m07.8s), 0022/2048 VUs, 1102862 complete and 0 interrupted iterations
cap_mixed   [  20% ] 0022/2048 VUs  06m07.8s/30m0s  3000.00 iters/s

running (06m08.8s), 0028/2048 VUs, 1105856 complete and 0 interrupted iterations
cap_mixed   [  20% ] 0028/2048 VUs  06m08.8s/30m0s  3000.00 iters/s

running (06m09.8s), 0025/2048 VUs, 1108861 complete and 0 interrupted iterations
cap_mixed   [  21% ] 0025/2048 VUs  06m09.8s/30m0s  3000.00 iters/s

running (06m10.8s), 0012/2048 VUs, 1111874 complete and 0 interrupted iterations
cap_mixed   [  21% ] 0012/2048 VUs  06m10.8s/30m0s  3000.00 iters/s

running (06m11.8s), 0033/2048 VUs, 1114853 complete and 0 interrupted iterations
cap_mixed   [  21% ] 0033/2048 VUs  06m11.8s/30m0s  3000.00 iters/s

running (06m12.8s), 0022/2048 VUs, 1117862 complete and 0 interrupted iterations
cap_mixed   [  21% ] 0023/2048 VUs  06m12.8s/30m0s  3000.00 iters/s

running (06m13.8s), 0015/2048 VUs, 1120869 complete and 0 interrupted iterations
cap_mixed   [  21% ] 0015/2048 VUs  06m13.8s/30m0s  3000.00 iters/s

running (06m14.8s), 0017/2048 VUs, 1123867 complete and 0 interrupted iterations
cap_mixed   [  21% ] 0017/2048 VUs  06m14.8s/30m0s  3000.00 iters/s

running (06m15.8s), 0011/2048 VUs, 1126873 complete and 0 interrupted iterations
cap_mixed   [  21% ] 0011/2048 VUs  06m15.8s/30m0s  3000.00 iters/s

running (06m16.8s), 0016/2048 VUs, 1129868 complete and 0 interrupted iterations
cap_mixed   [  21% ] 0016/2048 VUs  06m16.8s/30m0s  3000.00 iters/s

running (06m17.8s), 0017/2048 VUs, 1132867 complete and 0 interrupted iterations
cap_mixed   [  21% ] 0017/2048 VUs  06m17.8s/30m0s  3000.00 iters/s

running (06m18.8s), 0015/2048 VUs, 1135869 complete and 0 interrupted iterations
cap_mixed   [  21% ] 0015/2048 VUs  06m18.8s/30m0s  3000.00 iters/s

running (06m19.8s), 0046/2048 VUs, 1138842 complete and 0 interrupted iterations
cap_mixed   [  21% ] 0046/2048 VUs  06m19.8s/30m0s  3000.00 iters/s

running (06m20.8s), 0039/2048 VUs, 1141846 complete and 0 interrupted iterations
cap_mixed   [  21% ] 0039/2048 VUs  06m20.8s/30m0s  3000.00 iters/s

running (06m21.8s), 0030/2048 VUs, 1144855 complete and 0 interrupted iterations
cap_mixed   [  21% ] 0030/2048 VUs  06m21.8s/30m0s  3000.00 iters/s

running (06m22.8s), 0026/2048 VUs, 1147859 complete and 0 interrupted iterations
cap_mixed   [  21% ] 0026/2048 VUs  06m22.8s/30m0s  3000.00 iters/s

running (06m23.8s), 0038/2048 VUs, 1150846 complete and 0 interrupted iterations
cap_mixed   [  21% ] 0038/2048 VUs  06m23.8s/30m0s  3000.00 iters/s

running (06m24.8s), 0016/2048 VUs, 1153870 complete and 0 interrupted iterations
cap_mixed   [  21% ] 0016/2048 VUs  06m24.8s/30m0s  3000.00 iters/s

running (06m25.8s), 0020/2048 VUs, 1156864 complete and 0 interrupted iterations
cap_mixed   [  21% ] 0020/2048 VUs  06m25.8s/30m0s  3000.00 iters/s

running (06m26.8s), 0024/2048 VUs, 1159860 complete and 0 interrupted iterations
cap_mixed   [  21% ] 0024/2048 VUs  06m26.8s/30m0s  3000.00 iters/s

running (06m27.8s), 0040/2048 VUs, 1162844 complete and 0 interrupted iterations
cap_mixed   [  22% ] 0040/2048 VUs  06m27.8s/30m0s  3000.00 iters/s

running (06m28.8s), 0023/2048 VUs, 1165861 complete and 0 interrupted iterations
cap_mixed   [  22% ] 0023/2048 VUs  06m28.8s/30m0s  3000.00 iters/s

running (06m29.8s), 0034/2048 VUs, 1168850 complete and 0 interrupted iterations
cap_mixed   [  22% ] 0034/2048 VUs  06m29.8s/30m0s  3000.00 iters/s

running (06m30.8s), 0018/2048 VUs, 1171866 complete and 0 interrupted iterations
cap_mixed   [  22% ] 0019/2048 VUs  06m30.8s/30m0s  3000.00 iters/s

running (06m31.8s), 0015/2048 VUs, 1174869 complete and 0 interrupted iterations
cap_mixed   [  22% ] 0015/2048 VUs  06m31.8s/30m0s  3000.00 iters/s

running (06m32.8s), 0060/2048 VUs, 1177825 complete and 0 interrupted iterations
cap_mixed   [  22% ] 0060/2048 VUs  06m32.8s/30m0s  3000.00 iters/s

running (06m33.8s), 0012/2048 VUs, 1180872 complete and 0 interrupted iterations
cap_mixed   [  22% ] 0012/2048 VUs  06m33.8s/30m0s  3000.00 iters/s

running (06m34.8s), 0019/2048 VUs, 1183865 complete and 0 interrupted iterations
cap_mixed   [  22% ] 0019/2048 VUs  06m34.8s/30m0s  3000.00 iters/s

running (06m35.8s), 0018/2048 VUs, 1186866 complete and 0 interrupted iterations
cap_mixed   [  22% ] 0018/2048 VUs  06m35.8s/30m0s  3000.00 iters/s

running (06m36.8s), 0038/2048 VUs, 1189846 complete and 0 interrupted iterations
cap_mixed   [  22% ] 0038/2048 VUs  06m36.8s/30m0s  3000.00 iters/s

running (06m37.8s), 0022/2048 VUs, 1192862 complete and 0 interrupted iterations
cap_mixed   [  22% ] 0022/2048 VUs  06m37.8s/30m0s  3000.00 iters/s

running (06m38.8s), 0024/2048 VUs, 1195859 complete and 0 interrupted iterations
cap_mixed   [  22% ] 0024/2048 VUs  06m38.8s/30m0s  3000.00 iters/s

running (06m39.8s), 0032/2048 VUs, 1198852 complete and 0 interrupted iterations
cap_mixed   [  22% ] 0032/2048 VUs  06m39.8s/30m0s  3000.00 iters/s

running (06m40.8s), 0018/2048 VUs, 1201866 complete and 0 interrupted iterations
cap_mixed   [  22% ] 0018/2048 VUs  06m40.8s/30m0s  3000.00 iters/s

running (06m41.8s), 0025/2048 VUs, 1204859 complete and 0 interrupted iterations
cap_mixed   [  22% ] 0025/2048 VUs  06m41.8s/30m0s  3000.00 iters/s

running (06m42.8s), 0018/2048 VUs, 1207866 complete and 0 interrupted iterations
cap_mixed   [  22% ] 0018/2048 VUs  06m42.8s/30m0s  3000.00 iters/s

running (06m43.8s), 0028/2048 VUs, 1210857 complete and 0 interrupted iterations
cap_mixed   [  22% ] 0028/2048 VUs  06m43.8s/30m0s  3000.00 iters/s

running (06m44.8s), 0020/2048 VUs, 1213865 complete and 0 interrupted iterations
cap_mixed   [  22% ] 0020/2048 VUs  06m44.8s/30m0s  3000.00 iters/s

running (06m45.8s), 0035/2048 VUs, 1216850 complete and 0 interrupted iterations
cap_mixed   [  23% ] 0035/2048 VUs  06m45.8s/30m0s  3000.00 iters/s

running (06m46.8s), 0015/2048 VUs, 1219869 complete and 0 interrupted iterations
cap_mixed   [  23% ] 0015/2048 VUs  06m46.8s/30m0s  3000.00 iters/s

running (06m47.8s), 0016/2048 VUs, 1222869 complete and 0 interrupted iterations
cap_mixed   [  23% ] 0016/2048 VUs  06m47.8s/30m0s  3000.00 iters/s

running (06m48.8s), 0018/2048 VUs, 1225866 complete and 0 interrupted iterations
cap_mixed   [  23% ] 0018/2048 VUs  06m48.8s/30m0s  3000.00 iters/s

running (06m49.8s), 0025/2048 VUs, 1228859 complete and 0 interrupted iterations
cap_mixed   [  23% ] 0025/2048 VUs  06m49.8s/30m0s  3000.00 iters/s

running (06m50.8s), 0028/2048 VUs, 1231856 complete and 0 interrupted iterations
cap_mixed   [  23% ] 0028/2048 VUs  06m50.8s/30m0s  3000.00 iters/s

running (06m51.8s), 0044/2048 VUs, 1234840 complete and 0 interrupted iterations
cap_mixed   [  23% ] 0044/2048 VUs  06m51.8s/30m0s  3000.00 iters/s

running (06m52.8s), 0022/2048 VUs, 1237863 complete and 0 interrupted iterations
cap_mixed   [  23% ] 0022/2048 VUs  06m52.8s/30m0s  3000.00 iters/s

running (06m53.8s), 0024/2048 VUs, 1240860 complete and 0 interrupted iterations
cap_mixed   [  23% ] 0024/2048 VUs  06m53.8s/30m0s  3000.00 iters/s

running (06m54.8s), 0035/2048 VUs, 1243850 complete and 0 interrupted iterations
cap_mixed   [  23% ] 0035/2048 VUs  06m54.8s/30m0s  3000.00 iters/s

running (06m55.8s), 0030/2048 VUs, 1246854 complete and 0 interrupted iterations
cap_mixed   [  23% ] 0030/2048 VUs  06m55.8s/30m0s  3000.00 iters/s

running (06m56.8s), 0022/2048 VUs, 1249862 complete and 0 interrupted iterations
cap_mixed   [  23% ] 0022/2048 VUs  06m56.8s/30m0s  3000.00 iters/s

running (06m57.8s), 0019/2048 VUs, 1252865 complete and 0 interrupted iterations
cap_mixed   [  23% ] 0019/2048 VUs  06m57.8s/30m0s  3000.00 iters/s

running (06m58.8s), 0034/2048 VUs, 1255850 complete and 0 interrupted iterations
cap_mixed   [  23% ] 0034/2048 VUs  06m58.8s/30m0s  3000.00 iters/s

running (06m59.8s), 0020/2048 VUs, 1258864 complete and 0 interrupted iterations
cap_mixed   [  23% ] 0020/2048 VUs  06m59.8s/30m0s  3000.00 iters/s

running (07m00.8s), 0021/2048 VUs, 1261863 complete and 0 interrupted iterations
cap_mixed   [  23% ] 0021/2048 VUs  07m00.8s/30m0s  3000.00 iters/s

running (07m01.8s), 0016/2048 VUs, 1264868 complete and 0 interrupted iterations
cap_mixed   [  23% ] 0016/2048 VUs  07m01.8s/30m0s  3000.00 iters/s

running (07m02.8s), 0020/2048 VUs, 1267865 complete and 0 interrupted iterations
cap_mixed   [  23% ] 0020/2048 VUs  07m02.8s/30m0s  3000.00 iters/s

running (07m03.8s), 0026/2048 VUs, 1270858 complete and 0 interrupted iterations
cap_mixed   [  24% ] 0026/2048 VUs  07m03.8s/30m0s  3000.00 iters/s

running (07m04.8s), 0025/2048 VUs, 1273859 complete and 0 interrupted iterations
cap_mixed   [  24% ] 0025/2048 VUs  07m04.8s/30m0s  3000.00 iters/s

running (07m05.8s), 0019/2048 VUs, 1276865 complete and 0 interrupted iterations
cap_mixed   [  24% ] 0019/2048 VUs  07m05.8s/30m0s  3000.00 iters/s

running (07m06.8s), 0020/2048 VUs, 1279864 complete and 0 interrupted iterations
cap_mixed   [  24% ] 0020/2048 VUs  07m06.8s/30m0s  3000.00 iters/s

running (07m07.8s), 0031/2048 VUs, 1282853 complete and 0 interrupted iterations
cap_mixed   [  24% ] 0031/2048 VUs  07m07.8s/30m0s  3000.00 iters/s

running (07m08.8s), 0369/2048 VUs, 1285515 complete and 0 interrupted iterations
cap_mixed   [  24% ] 0369/2048 VUs  07m08.8s/30m0s  3000.00 iters/s

running (07m09.8s), 0045/2048 VUs, 1288840 complete and 0 interrupted iterations
cap_mixed   [  24% ] 0045/2048 VUs  07m09.8s/30m0s  3000.00 iters/s

running (07m10.8s), 0043/2048 VUs, 1291841 complete and 0 interrupted iterations
cap_mixed   [  24% ] 0043/2048 VUs  07m10.8s/30m0s  3000.00 iters/s

running (07m11.8s), 0018/2048 VUs, 1294867 complete and 0 interrupted iterations
cap_mixed   [  24% ] 0018/2048 VUs  07m11.8s/30m0s  3000.00 iters/s

running (07m12.8s), 0016/2048 VUs, 1297868 complete and 0 interrupted iterations
cap_mixed   [  24% ] 0016/2048 VUs  07m12.8s/30m0s  3000.00 iters/s

running (07m13.8s), 0023/2048 VUs, 1300867 complete and 0 interrupted iterations
cap_mixed   [  24% ] 0022/2048 VUs  07m13.8s/30m0s  3000.00 iters/s

running (07m14.8s), 0020/2048 VUs, 1303864 complete and 0 interrupted iterations
cap_mixed   [  24% ] 0020/2048 VUs  07m14.8s/30m0s  3000.00 iters/s

running (07m15.8s), 0027/2048 VUs, 1306859 complete and 0 interrupted iterations
cap_mixed   [  24% ] 0027/2048 VUs  07m15.8s/30m0s  3000.00 iters/s

running (07m16.8s), 0066/2048 VUs, 1309818 complete and 0 interrupted iterations
cap_mixed   [  24% ] 0066/2048 VUs  07m16.8s/30m0s  3000.00 iters/s

running (07m17.8s), 0024/2048 VUs, 1312860 complete and 0 interrupted iterations
cap_mixed   [  24% ] 0024/2048 VUs  07m17.8s/30m0s  3000.00 iters/s

running (07m18.8s), 0018/2048 VUs, 1315866 complete and 0 interrupted iterations
cap_mixed   [  24% ] 0018/2048 VUs  07m18.8s/30m0s  3000.00 iters/s

running (07m19.8s), 0023/2048 VUs, 1318861 complete and 0 interrupted iterations
cap_mixed   [  24% ] 0023/2048 VUs  07m19.8s/30m0s  3000.00 iters/s

running (07m20.8s), 0022/2048 VUs, 1321862 complete and 0 interrupted iterations
cap_mixed   [  24% ] 0022/2048 VUs  07m20.8s/30m0s  3000.00 iters/s

running (07m21.8s), 0025/2048 VUs, 1324859 complete and 0 interrupted iterations
cap_mixed   [  25% ] 0025/2048 VUs  07m21.8s/30m0s  3000.00 iters/s

running (07m22.8s), 0163/2048 VUs, 1327722 complete and 0 interrupted iterations
cap_mixed   [  25% ] 0163/2048 VUs  07m22.8s/30m0s  3000.00 iters/s

running (07m23.8s), 0032/2048 VUs, 1330855 complete and 0 interrupted iterations
cap_mixed   [  25% ] 0032/2048 VUs  07m23.8s/30m0s  3000.00 iters/s

running (07m24.8s), 0017/2048 VUs, 1333867 complete and 0 interrupted iterations
cap_mixed   [  25% ] 0017/2048 VUs  07m24.8s/30m0s  3000.00 iters/s

running (07m25.8s), 0022/2048 VUs, 1336862 complete and 0 interrupted iterations
cap_mixed   [  25% ] 0022/2048 VUs  07m25.8s/30m0s  3000.00 iters/s

running (07m26.8s), 0018/2048 VUs, 1339867 complete and 0 interrupted iterations
cap_mixed   [  25% ] 0018/2048 VUs  07m26.8s/30m0s  3000.00 iters/s

running (07m27.8s), 0014/2048 VUs, 1342871 complete and 0 interrupted iterations
cap_mixed   [  25% ] 0014/2048 VUs  07m27.8s/30m0s  3000.00 iters/s

running (07m28.8s), 0027/2048 VUs, 1345859 complete and 0 interrupted iterations
cap_mixed   [  25% ] 0027/2048 VUs  07m28.8s/30m0s  3000.00 iters/s

running (07m29.8s), 0022/2048 VUs, 1348873 complete and 0 interrupted iterations
cap_mixed   [  25% ] 0022/2048 VUs  07m29.8s/30m0s  3000.00 iters/s

running (07m30.8s), 0024/2048 VUs, 1351861 complete and 0 interrupted iterations
cap_mixed   [  25% ] 0024/2048 VUs  07m30.8s/30m0s  3000.00 iters/s

running (07m31.8s), 0083/2048 VUs, 1354802 complete and 0 interrupted iterations
cap_mixed   [  25% ] 0083/2048 VUs  07m31.8s/30m0s  3000.00 iters/s

running (07m32.8s), 0014/2048 VUs, 1357870 complete and 0 interrupted iterations
cap_mixed   [  25% ] 0014/2048 VUs  07m32.8s/30m0s  3000.00 iters/s

running (07m33.8s), 0022/2048 VUs, 1360863 complete and 0 interrupted iterations
cap_mixed   [  25% ] 0022/2048 VUs  07m33.8s/30m0s  3000.00 iters/s

running (07m34.8s), 0029/2048 VUs, 1363855 complete and 0 interrupted iterations
cap_mixed   [  25% ] 0029/2048 VUs  07m34.8s/30m0s  3000.00 iters/s

running (07m35.8s), 0027/2048 VUs, 1366858 complete and 0 interrupted iterations
cap_mixed   [  25% ] 0027/2048 VUs  07m35.8s/30m0s  3000.00 iters/s

running (07m36.8s), 0038/2048 VUs, 1369847 complete and 0 interrupted iterations
cap_mixed   [  25% ] 0038/2048 VUs  07m36.8s/30m0s  3000.00 iters/s

running (07m37.8s), 0022/2048 VUs, 1372864 complete and 0 interrupted iterations
cap_mixed   [  25% ] 0022/2048 VUs  07m37.8s/30m0s  3000.00 iters/s

running (07m38.8s), 0021/2048 VUs, 1375864 complete and 0 interrupted iterations
cap_mixed   [  25% ] 0021/2048 VUs  07m38.8s/30m0s  3000.00 iters/s

running (07m39.8s), 0024/2048 VUs, 1378861 complete and 0 interrupted iterations
cap_mixed   [  26% ] 0024/2048 VUs  07m39.8s/30m0s  3000.00 iters/s

running (07m40.8s), 0018/2048 VUs, 1381866 complete and 0 interrupted iterations
cap_mixed   [  26% ] 0018/2048 VUs  07m40.8s/30m0s  3000.00 iters/s

running (07m41.8s), 0028/2048 VUs, 1384860 complete and 0 interrupted iterations
cap_mixed   [  26% ] 0028/2048 VUs  07m41.8s/30m0s  3000.00 iters/s

running (07m42.8s), 0162/2048 VUs, 1387723 complete and 0 interrupted iterations
cap_mixed   [  26% ] 0162/2048 VUs  07m42.8s/30m0s  3000.00 iters/s

running (07m43.8s), 0022/2048 VUs, 1390863 complete and 0 interrupted iterations
cap_mixed   [  26% ] 0022/2048 VUs  07m43.8s/30m0s  3000.00 iters/s

running (07m44.8s), 0032/2048 VUs, 1393853 complete and 0 interrupted iterations
cap_mixed   [  26% ] 0032/2048 VUs  07m44.8s/30m0s  3000.00 iters/s

running (07m45.8s), 0021/2048 VUs, 1396864 complete and 0 interrupted iterations
cap_mixed   [  26% ] 0021/2048 VUs  07m45.8s/30m0s  3000.00 iters/s

running (07m46.8s), 0024/2048 VUs, 1399861 complete and 0 interrupted iterations
cap_mixed   [  26% ] 0024/2048 VUs  07m46.8s/30m0s  3000.00 iters/s

running (07m47.8s), 0020/2048 VUs, 1402864 complete and 0 interrupted iterations
cap_mixed   [  26% ] 0020/2048 VUs  07m47.8s/30m0s  3000.00 iters/s

running (07m48.8s), 0032/2048 VUs, 1405853 complete and 0 interrupted iterations
cap_mixed   [  26% ] 0032/2048 VUs  07m48.8s/30m0s  3000.00 iters/s

running (07m49.8s), 0018/2048 VUs, 1408866 complete and 0 interrupted iterations
cap_mixed   [  26% ] 0018/2048 VUs  07m49.8s/30m0s  3000.00 iters/s

running (07m50.8s), 0016/2048 VUs, 1411869 complete and 0 interrupted iterations
cap_mixed   [  26% ] 0016/2048 VUs  07m50.8s/30m0s  3000.00 iters/s

running (07m51.8s), 0019/2048 VUs, 1414866 complete and 0 interrupted iterations
cap_mixed   [  26% ] 0019/2048 VUs  07m51.8s/30m0s  3000.00 iters/s

running (07m52.8s), 0028/2048 VUs, 1417856 complete and 0 interrupted iterations
cap_mixed   [  26% ] 0028/2048 VUs  07m52.8s/30m0s  3000.00 iters/s

running (07m53.8s), 0023/2048 VUs, 1420861 complete and 0 interrupted iterations
cap_mixed   [  26% ] 0023/2048 VUs  07m53.8s/30m0s  3000.00 iters/s

running (07m54.8s), 0024/2048 VUs, 1423863 complete and 0 interrupted iterations
cap_mixed   [  26% ] 0025/2048 VUs  07m54.8s/30m0s  3000.00 iters/s

running (07m55.8s), 0031/2048 VUs, 1426855 complete and 0 interrupted iterations
cap_mixed   [  26% ] 0031/2048 VUs  07m55.8s/30m0s  3000.00 iters/s

running (07m56.8s), 0058/2048 VUs, 1429825 complete and 0 interrupted iterations
cap_mixed   [  26% ] 0059/2048 VUs  07m56.8s/30m0s  3000.00 iters/s

running (07m57.8s), 0026/2048 VUs, 1432859 complete and 0 interrupted iterations
cap_mixed   [  27% ] 0026/2048 VUs  07m57.8s/30m0s  3000.00 iters/s

running (07m58.8s), 0026/2048 VUs, 1435859 complete and 0 interrupted iterations
cap_mixed   [  27% ] 0026/2048 VUs  07m58.8s/30m0s  3000.00 iters/s

running (07m59.8s), 0065/2048 VUs, 1438820 complete and 0 interrupted iterations
cap_mixed   [  27% ] 0065/2048 VUs  07m59.8s/30m0s  3000.00 iters/s

running (08m00.8s), 0016/2048 VUs, 1441869 complete and 0 interrupted iterations
cap_mixed   [  27% ] 0016/2048 VUs  08m00.8s/30m0s  3000.00 iters/s

running (08m01.8s), 0017/2048 VUs, 1444868 complete and 0 interrupted iterations
cap_mixed   [  27% ] 0017/2048 VUs  08m01.8s/30m0s  3000.00 iters/s

running (08m02.8s), 0048/2048 VUs, 1447837 complete and 0 interrupted iterations
cap_mixed   [  27% ] 0048/2048 VUs  08m02.8s/30m0s  3000.00 iters/s

running (08m03.8s), 0028/2048 VUs, 1450857 complete and 0 interrupted iterations
cap_mixed   [  27% ] 0028/2048 VUs  08m03.8s/30m0s  3000.00 iters/s

running (08m04.8s), 0017/2048 VUs, 1453869 complete and 0 interrupted iterations
cap_mixed   [  27% ] 0017/2048 VUs  08m04.8s/30m0s  3000.00 iters/s

running (08m05.8s), 0019/2048 VUs, 1456866 complete and 0 interrupted iterations
cap_mixed   [  27% ] 0019/2048 VUs  08m05.8s/30m0s  3000.00 iters/s

running (08m06.8s), 0014/2048 VUs, 1459871 complete and 0 interrupted iterations
cap_mixed   [  27% ] 0014/2048 VUs  08m06.8s/30m0s  3000.00 iters/s

running (08m07.8s), 0035/2048 VUs, 1462847 complete and 0 interrupted iterations
cap_mixed   [  27% ] 0035/2048 VUs  08m07.8s/30m0s  3000.00 iters/s

running (08m08.8s), 0016/2048 VUs, 1465868 complete and 0 interrupted iterations
cap_mixed   [  27% ] 0016/2048 VUs  08m08.8s/30m0s  3000.00 iters/s

running (08m09.8s), 0020/2048 VUs, 1468865 complete and 0 interrupted iterations
cap_mixed   [  27% ] 0020/2048 VUs  08m09.8s/30m0s  3000.00 iters/s

running (08m10.8s), 0074/2048 VUs, 1471811 complete and 0 interrupted iterations
cap_mixed   [  27% ] 0074/2048 VUs  08m10.8s/30m0s  3000.00 iters/s

running (08m11.8s), 0025/2048 VUs, 1474860 complete and 0 interrupted iterations
cap_mixed   [  27% ] 0025/2048 VUs  08m11.8s/30m0s  3000.00 iters/s

running (08m12.8s), 0023/2048 VUs, 1477862 complete and 0 interrupted iterations
cap_mixed   [  27% ] 0023/2048 VUs  08m12.8s/30m0s  3000.00 iters/s

running (08m13.8s), 0024/2048 VUs, 1480861 complete and 0 interrupted iterations
cap_mixed   [  27% ] 0024/2048 VUs  08m13.8s/30m0s  3000.00 iters/s

running (08m14.8s), 0046/2048 VUs, 1483839 complete and 0 interrupted iterations
cap_mixed   [  27% ] 0046/2048 VUs  08m14.8s/30m0s  3000.00 iters/s

running (08m15.8s), 0020/2048 VUs, 1486865 complete and 0 interrupted iterations
cap_mixed   [  28% ] 0020/2048 VUs  08m15.8s/30m0s  3000.00 iters/s

running (08m16.8s), 0036/2048 VUs, 1489850 complete and 0 interrupted iterations
cap_mixed   [  28% ] 0036/2048 VUs  08m16.8s/30m0s  3000.00 iters/s

running (08m17.8s), 0039/2048 VUs, 1492848 complete and 0 interrupted iterations
cap_mixed   [  28% ] 0039/2048 VUs  08m17.8s/30m0s  3000.00 iters/s

running (08m18.8s), 0032/2048 VUs, 1495853 complete and 0 interrupted iterations
cap_mixed   [  28% ] 0032/2048 VUs  08m18.8s/30m0s  3000.00 iters/s

running (08m19.8s), 0021/2048 VUs, 1498865 complete and 0 interrupted iterations
cap_mixed   [  28% ] 0021/2048 VUs  08m19.8s/30m0s  3000.00 iters/s

running (08m20.8s), 0037/2048 VUs, 1501848 complete and 0 interrupted iterations
cap_mixed   [  28% ] 0037/2048 VUs  08m20.8s/30m0s  3000.00 iters/s

running (08m21.8s), 0144/2048 VUs, 1504740 complete and 0 interrupted iterations
cap_mixed   [  28% ] 0144/2048 VUs  08m21.8s/30m0s  3000.00 iters/s

running (08m22.8s), 0024/2048 VUs, 1507861 complete and 0 interrupted iterations
cap_mixed   [  28% ] 0024/2048 VUs  08m22.8s/30m0s  3000.00 iters/s

running (08m23.8s), 0086/2048 VUs, 1510799 complete and 0 interrupted iterations
cap_mixed   [  28% ] 0086/2048 VUs  08m23.8s/30m0s  3000.00 iters/s

running (08m24.8s), 0019/2048 VUs, 1513866 complete and 0 interrupted iterations
cap_mixed   [  28% ] 0019/2048 VUs  08m24.8s/30m0s  3000.00 iters/s

running (08m25.8s), 0021/2048 VUs, 1516864 complete and 0 interrupted iterations
cap_mixed   [  28% ] 0021/2048 VUs  08m25.8s/30m0s  3000.00 iters/s

running (08m26.8s), 0135/2048 VUs, 1519750 complete and 0 interrupted iterations
cap_mixed   [  28% ] 0135/2048 VUs  08m26.8s/30m0s  3000.00 iters/s

running (08m27.8s), 0140/2048 VUs, 1522744 complete and 0 interrupted iterations
cap_mixed   [  28% ] 0140/2048 VUs  08m27.8s/30m0s  3000.00 iters/s

running (08m28.8s), 0026/2048 VUs, 1525859 complete and 0 interrupted iterations
cap_mixed   [  28% ] 0026/2048 VUs  08m28.8s/30m0s  3000.00 iters/s

running (08m29.8s), 0019/2048 VUs, 1528866 complete and 0 interrupted iterations
cap_mixed   [  28% ] 0019/2048 VUs  08m29.8s/30m0s  3000.00 iters/s

running (08m30.8s), 0025/2048 VUs, 1531860 complete and 0 interrupted iterations
cap_mixed   [  28% ] 0025/2048 VUs  08m30.8s/30m0s  3000.00 iters/s

running (08m31.8s), 0031/2048 VUs, 1534854 complete and 0 interrupted iterations
cap_mixed   [  28% ] 0031/2048 VUs  08m31.8s/30m0s  3000.00 iters/s

running (08m32.8s), 0028/2048 VUs, 1537857 complete and 0 interrupted iterations
cap_mixed   [  28% ] 0028/2048 VUs  08m32.8s/30m0s  3000.00 iters/s

running (08m33.8s), 0017/2048 VUs, 1540868 complete and 0 interrupted iterations
cap_mixed   [  29% ] 0017/2048 VUs  08m33.8s/30m0s  3000.00 iters/s

running (08m34.8s), 0023/2048 VUs, 1543862 complete and 0 interrupted iterations
cap_mixed   [  29% ] 0023/2048 VUs  08m34.8s/30m0s  3000.00 iters/s

running (08m35.8s), 0021/2048 VUs, 1546863 complete and 0 interrupted iterations
cap_mixed   [  29% ] 0021/2048 VUs  08m35.8s/30m0s  3000.00 iters/s

running (08m36.8s), 0133/2048 VUs, 1549769 complete and 0 interrupted iterations
cap_mixed   [  29% ] 0131/2048 VUs  08m36.8s/30m0s  3000.00 iters/s

running (08m37.8s), 0025/2048 VUs, 1552860 complete and 0 interrupted iterations
cap_mixed   [  29% ] 0025/2048 VUs  08m37.8s/30m0s  3000.00 iters/s

running (08m38.8s), 0023/2048 VUs, 1555862 complete and 0 interrupted iterations
cap_mixed   [  29% ] 0023/2048 VUs  08m38.8s/30m0s  3000.00 iters/s

running (08m39.8s), 0018/2048 VUs, 1558868 complete and 0 interrupted iterations
cap_mixed   [  29% ] 0018/2048 VUs  08m39.8s/30m0s  3000.00 iters/s

running (08m40.8s), 0015/2048 VUs, 1561869 complete and 0 interrupted iterations
cap_mixed   [  29% ] 0015/2048 VUs  08m40.8s/30m0s  3000.00 iters/s

running (08m41.8s), 0082/2048 VUs, 1564803 complete and 0 interrupted iterations
cap_mixed   [  29% ] 0082/2048 VUs  08m41.8s/30m0s  3000.00 iters/s

running (08m42.8s), 0029/2048 VUs, 1567856 complete and 0 interrupted iterations
cap_mixed   [  29% ] 0029/2048 VUs  08m42.8s/30m0s  3000.00 iters/s

running (08m43.8s), 0016/2048 VUs, 1570870 complete and 0 interrupted iterations
cap_mixed   [  29% ] 0015/2048 VUs  08m43.8s/30m0s  3000.00 iters/s

running (08m44.8s), 0021/2048 VUs, 1573864 complete and 0 interrupted iterations
cap_mixed   [  29% ] 0021/2048 VUs  08m44.8s/30m0s  3000.00 iters/s

running (08m45.8s), 0026/2048 VUs, 1576859 complete and 0 interrupted iterations
cap_mixed   [  29% ] 0026/2048 VUs  08m45.8s/30m0s  3000.00 iters/s

running (08m46.8s), 0019/2048 VUs, 1579866 complete and 0 interrupted iterations
cap_mixed   [  29% ] 0019/2048 VUs  08m46.8s/30m0s  3000.00 iters/s

running (08m47.8s), 0066/2048 VUs, 1582819 complete and 0 interrupted iterations
cap_mixed   [  29% ] 0066/2048 VUs  08m47.8s/30m0s  3000.00 iters/s

running (08m48.8s), 0024/2048 VUs, 1585861 complete and 0 interrupted iterations
cap_mixed   [  29% ] 0024/2048 VUs  08m48.8s/30m0s  3000.00 iters/s

running (08m49.8s), 0021/2048 VUs, 1588864 complete and 0 interrupted iterations
cap_mixed   [  29% ] 0021/2048 VUs  08m49.8s/30m0s  3000.00 iters/s

running (08m50.8s), 0027/2048 VUs, 1591858 complete and 0 interrupted iterations
cap_mixed   [  29% ] 0027/2048 VUs  08m50.8s/30m0s  3000.00 iters/s

running (08m51.8s), 0020/2048 VUs, 1594865 complete and 0 interrupted iterations
cap_mixed   [  30% ] 0020/2048 VUs  08m51.8s/30m0s  3000.00 iters/s

running (08m52.8s), 0052/2048 VUs, 1597833 complete and 0 interrupted iterations
cap_mixed   [  30% ] 0053/2048 VUs  08m52.8s/30m0s  3000.00 iters/s

running (08m53.8s), 0029/2048 VUs, 1600856 complete and 0 interrupted iterations
cap_mixed   [  30% ] 0029/2048 VUs  08m53.8s/30m0s  3000.00 iters/s

running (08m54.8s), 0023/2048 VUs, 1603862 complete and 0 interrupted iterations
cap_mixed   [  30% ] 0023/2048 VUs  08m54.8s/30m0s  3000.00 iters/s

running (08m55.8s), 0016/2048 VUs, 1606869 complete and 0 interrupted iterations
cap_mixed   [  30% ] 0016/2048 VUs  08m55.8s/30m0s  3000.00 iters/s

running (08m56.8s), 0041/2048 VUs, 1609844 complete and 0 interrupted iterations
cap_mixed   [  30% ] 0041/2048 VUs  08m56.8s/30m0s  3000.00 iters/s

running (08m57.8s), 0016/2048 VUs, 1612869 complete and 0 interrupted iterations
cap_mixed   [  30% ] 0016/2048 VUs  08m57.8s/30m0s  3000.00 iters/s

running (08m58.8s), 0028/2048 VUs, 1615857 complete and 0 interrupted iterations
cap_mixed   [  30% ] 0028/2048 VUs  08m58.8s/30m0s  3000.00 iters/s

running (08m59.8s), 0030/2048 VUs, 1618859 complete and 0 interrupted iterations
cap_mixed   [  30% ] 0030/2048 VUs  08m59.8s/30m0s  3000.00 iters/s

running (09m00.8s), 0053/2048 VUs, 1621833 complete and 0 interrupted iterations
cap_mixed   [  30% ] 0054/2048 VUs  09m00.8s/30m0s  3000.00 iters/s

running (09m01.8s), 0236/2048 VUs, 1624650 complete and 0 interrupted iterations
cap_mixed   [  30% ] 0236/2048 VUs  09m01.8s/30m0s  3000.00 iters/s

running (09m02.8s), 0040/2048 VUs, 1627847 complete and 0 interrupted iterations
cap_mixed   [  30% ] 0040/2048 VUs  09m02.8s/30m0s  3000.00 iters/s

running (09m03.8s), 0020/2048 VUs, 1630865 complete and 0 interrupted iterations
cap_mixed   [  30% ] 0020/2048 VUs  09m03.8s/30m0s  3000.00 iters/s

running (09m04.8s), 0041/2048 VUs, 1633844 complete and 0 interrupted iterations
cap_mixed   [  30% ] 0041/2048 VUs  09m04.8s/30m0s  3000.00 iters/s

running (09m05.8s), 0018/2048 VUs, 1636867 complete and 0 interrupted iterations
cap_mixed   [  30% ] 0018/2048 VUs  09m05.8s/30m0s  3000.00 iters/s

running (09m06.8s), 0032/2048 VUs, 1639853 complete and 0 interrupted iterations
cap_mixed   [  30% ] 0032/2048 VUs  09m06.8s/30m0s  3000.00 iters/s

running (09m07.8s), 0026/2048 VUs, 1642858 complete and 0 interrupted iterations
cap_mixed   [  30% ] 0026/2048 VUs  09m07.8s/30m0s  3000.00 iters/s

running (09m08.8s), 0020/2048 VUs, 1645865 complete and 0 interrupted iterations
cap_mixed   [  30% ] 0020/2048 VUs  09m08.8s/30m0s  3000.00 iters/s

running (09m09.8s), 0026/2048 VUs, 1648858 complete and 0 interrupted iterations
cap_mixed   [  31% ] 0026/2048 VUs  09m09.8s/30m0s  3000.00 iters/s

running (09m10.8s), 0027/2048 VUs, 1651858 complete and 0 interrupted iterations
cap_mixed   [  31% ] 0027/2048 VUs  09m10.8s/30m0s  3000.00 iters/s

running (09m11.8s), 0040/2048 VUs, 1654845 complete and 0 interrupted iterations
cap_mixed   [  31% ] 0040/2048 VUs  09m11.8s/30m0s  3000.00 iters/s

running (09m12.8s), 0016/2048 VUs, 1657869 complete and 0 interrupted iterations
cap_mixed   [  31% ] 0016/2048 VUs  09m12.8s/30m0s  3000.00 iters/s

running (09m13.8s), 0025/2048 VUs, 1660860 complete and 0 interrupted iterations
cap_mixed   [  31% ] 0025/2048 VUs  09m13.8s/30m0s  3000.00 iters/s

running (09m14.8s), 0017/2048 VUs, 1663868 complete and 0 interrupted iterations
cap_mixed   [  31% ] 0017/2048 VUs  09m14.8s/30m0s  3000.00 iters/s

running (09m15.8s), 0029/2048 VUs, 1666856 complete and 0 interrupted iterations
cap_mixed   [  31% ] 0029/2048 VUs  09m15.8s/30m0s  3000.00 iters/s

running (09m16.8s), 0017/2048 VUs, 1669868 complete and 0 interrupted iterations
cap_mixed   [  31% ] 0017/2048 VUs  09m16.8s/30m0s  3000.00 iters/s

running (09m17.8s), 0017/2048 VUs, 1672868 complete and 0 interrupted iterations
cap_mixed   [  31% ] 0017/2048 VUs  09m17.8s/30m0s  3000.00 iters/s

running (09m18.8s), 0033/2048 VUs, 1675852 complete and 0 interrupted iterations
cap_mixed   [  31% ] 0033/2048 VUs  09m18.8s/30m0s  3000.00 iters/s

running (09m19.8s), 0027/2048 VUs, 1678856 complete and 0 interrupted iterations
cap_mixed   [  31% ] 0027/2048 VUs  09m19.8s/30m0s  3000.00 iters/s

running (09m20.8s), 0020/2048 VUs, 1681865 complete and 0 interrupted iterations
cap_mixed   [  31% ] 0020/2048 VUs  09m20.8s/30m0s  3000.00 iters/s

running (09m21.8s), 0188/2048 VUs, 1684698 complete and 0 interrupted iterations
cap_mixed   [  31% ] 0188/2048 VUs  09m21.8s/30m0s  3000.00 iters/s

running (09m22.8s), 0024/2048 VUs, 1687861 complete and 0 interrupted iterations
cap_mixed   [  31% ] 0023/2048 VUs  09m22.8s/30m0s  3000.00 iters/s

running (09m23.8s), 0022/2048 VUs, 1690863 complete and 0 interrupted iterations
cap_mixed   [  31% ] 0022/2048 VUs  09m23.8s/30m0s  3000.00 iters/s

running (09m24.8s), 0059/2048 VUs, 1693826 complete and 0 interrupted iterations
cap_mixed   [  31% ] 0059/2048 VUs  09m24.8s/30m0s  3000.00 iters/s

running (09m25.8s), 0020/2048 VUs, 1696866 complete and 0 interrupted iterations
cap_mixed   [  31% ] 0020/2048 VUs  09m25.8s/30m0s  3000.00 iters/s

running (09m26.8s), 0026/2048 VUs, 1699860 complete and 0 interrupted iterations
cap_mixed   [  31% ] 0026/2048 VUs  09m26.8s/30m0s  3000.00 iters/s

running (09m27.8s), 0019/2048 VUs, 1702867 complete and 0 interrupted iterations
cap_mixed   [  32% ] 0019/2048 VUs  09m27.8s/30m0s  3000.00 iters/s

running (09m28.8s), 0014/2048 VUs, 1705871 complete and 0 interrupted iterations
cap_mixed   [  32% ] 0014/2048 VUs  09m28.8s/30m0s  3000.00 iters/s

running (09m29.8s), 0022/2048 VUs, 1708863 complete and 0 interrupted iterations
cap_mixed   [  32% ] 0022/2048 VUs  09m29.8s/30m0s  3000.00 iters/s

running (09m30.8s), 0037/2048 VUs, 1711853 complete and 0 interrupted iterations
cap_mixed   [  32% ] 0037/2048 VUs  09m30.8s/30m0s  3000.00 iters/s

running (09m31.8s), 0026/2048 VUs, 1714860 complete and 0 interrupted iterations
cap_mixed   [  32% ] 0026/2048 VUs  09m31.8s/30m0s  3000.00 iters/s

running (09m32.8s), 0012/2048 VUs, 1717873 complete and 0 interrupted iterations
cap_mixed   [  32% ] 0012/2048 VUs  09m32.8s/30m0s  3000.00 iters/s

running (09m33.8s), 0012/2048 VUs, 1720873 complete and 0 interrupted iterations
cap_mixed   [  32% ] 0012/2048 VUs  09m33.8s/30m0s  3000.00 iters/s

running (09m34.8s), 0027/2048 VUs, 1723859 complete and 0 interrupted iterations
cap_mixed   [  32% ] 0027/2048 VUs  09m34.8s/30m0s  3000.00 iters/s

running (09m35.8s), 0021/2048 VUs, 1726871 complete and 0 interrupted iterations
cap_mixed   [  32% ] 0021/2048 VUs  09m35.8s/30m0s  3000.00 iters/s

running (09m36.8s), 0023/2048 VUs, 1729862 complete and 0 interrupted iterations
cap_mixed   [  32% ] 0023/2048 VUs  09m36.8s/30m0s  3000.00 iters/s

running (09m37.8s), 0026/2048 VUs, 1732859 complete and 0 interrupted iterations
cap_mixed   [  32% ] 0026/2048 VUs  09m37.8s/30m0s  3000.00 iters/s

running (09m38.8s), 0019/2048 VUs, 1735866 complete and 0 interrupted iterations
cap_mixed   [  32% ] 0019/2048 VUs  09m38.8s/30m0s  3000.00 iters/s

running (09m39.8s), 0041/2048 VUs, 1738844 complete and 0 interrupted iterations
cap_mixed   [  32% ] 0041/2048 VUs  09m39.8s/30m0s  3000.00 iters/s

running (09m40.8s), 0107/2048 VUs, 1741777 complete and 0 interrupted iterations
cap_mixed   [  32% ] 0107/2048 VUs  09m40.8s/30m0s  3000.00 iters/s

running (09m41.8s), 0022/2048 VUs, 1744849 complete and 0 interrupted iterations
cap_mixed   [  32% ] 0022/2048 VUs  09m41.8s/30m0s  3000.00 iters/s

running (09m42.8s), 0048/2048 VUs, 1747837 complete and 0 interrupted iterations
cap_mixed   [  32% ] 0048/2048 VUs  09m42.8s/30m0s  3000.00 iters/s

running (09m43.8s), 0019/2048 VUs, 1750866 complete and 0 interrupted iterations
cap_mixed   [  32% ] 0019/2048 VUs  09m43.8s/30m0s  3000.00 iters/s

running (09m44.8s), 0020/2048 VUs, 1753863 complete and 0 interrupted iterations
cap_mixed   [  32% ] 0020/2048 VUs  09m44.8s/30m0s  3000.00 iters/s

running (09m45.8s), 0047/2048 VUs, 1756838 complete and 0 interrupted iterations
cap_mixed   [  33% ] 0047/2048 VUs  09m45.8s/30m0s  3000.00 iters/s

running (09m46.8s), 0022/2048 VUs, 1759862 complete and 0 interrupted iterations
cap_mixed   [  33% ] 0022/2048 VUs  09m46.8s/30m0s  3000.00 iters/s

running (09m47.8s), 0025/2048 VUs, 1762860 complete and 0 interrupted iterations
cap_mixed   [  33% ] 0025/2048 VUs  09m47.8s/30m0s  3000.00 iters/s

running (09m48.8s), 0026/2048 VUs, 1765860 complete and 0 interrupted iterations
cap_mixed   [  33% ] 0026/2048 VUs  09m48.8s/30m0s  3000.00 iters/s

running (09m49.8s), 0020/2048 VUs, 1768866 complete and 0 interrupted iterations
cap_mixed   [  33% ] 0020/2048 VUs  09m49.8s/30m0s  3000.00 iters/s

running (09m50.8s), 0026/2048 VUs, 1771859 complete and 0 interrupted iterations
cap_mixed   [  33% ] 0026/2048 VUs  09m50.8s/30m0s  3000.00 iters/s

running (09m51.8s), 0028/2048 VUs, 1774857 complete and 0 interrupted iterations
cap_mixed   [  33% ] 0028/2048 VUs  09m51.8s/30m0s  3000.00 iters/s

running (09m52.8s), 0030/2048 VUs, 1777856 complete and 0 interrupted iterations
cap_mixed   [  33% ] 0030/2048 VUs  09m52.8s/30m0s  3000.00 iters/s

running (09m53.8s), 0024/2048 VUs, 1780861 complete and 0 interrupted iterations
cap_mixed   [  33% ] 0024/2048 VUs  09m53.8s/30m0s  3000.00 iters/s

running (09m54.8s), 0042/2048 VUs, 1783843 complete and 0 interrupted iterations
cap_mixed   [  33% ] 0042/2048 VUs  09m54.8s/30m0s  3000.00 iters/s

running (09m55.8s), 0031/2048 VUs, 1786853 complete and 0 interrupted iterations
cap_mixed   [  33% ] 0032/2048 VUs  09m55.8s/30m0s  3000.00 iters/s

running (09m56.8s), 0050/2048 VUs, 1789842 complete and 0 interrupted iterations
cap_mixed   [  33% ] 0050/2048 VUs  09m56.8s/30m0s  3000.00 iters/s

running (09m57.8s), 0027/2048 VUs, 1792858 complete and 0 interrupted iterations
cap_mixed   [  33% ] 0027/2048 VUs  09m57.8s/30m0s  3000.00 iters/s

running (09m58.8s), 0028/2048 VUs, 1795857 complete and 0 interrupted iterations
cap_mixed   [  33% ] 0028/2048 VUs  09m58.8s/30m0s  3000.00 iters/s

running (09m59.8s), 0016/2048 VUs, 1798869 complete and 0 interrupted iterations
cap_mixed   [  33% ] 0016/2048 VUs  09m59.8s/30m0s  3000.00 iters/s

running (10m00.8s), 0159/2048 VUs, 1801726 complete and 0 interrupted iterations
cap_mixed   [  33% ] 0159/2048 VUs  10m00.8s/30m0s  3000.00 iters/s

running (10m01.8s), 0024/2048 VUs, 1804861 complete and 0 interrupted iterations
cap_mixed   [  33% ] 0024/2048 VUs  10m01.8s/30m0s  3000.00 iters/s

running (10m02.8s), 0031/2048 VUs, 1807854 complete and 0 interrupted iterations
cap_mixed   [  33% ] 0031/2048 VUs  10m02.8s/30m0s  3000.00 iters/s

running (10m03.8s), 0026/2048 VUs, 1810859 complete and 0 interrupted iterations
cap_mixed   [  34% ] 0026/2048 VUs  10m03.8s/30m0s  3000.00 iters/s

running (10m04.8s), 0034/2048 VUs, 1813851 complete and 0 interrupted iterations
cap_mixed   [  34% ] 0034/2048 VUs  10m04.8s/30m0s  3000.00 iters/s

running (10m05.8s), 0022/2048 VUs, 1816868 complete and 0 interrupted iterations
cap_mixed   [  34% ] 0022/2048 VUs  10m05.8s/30m0s  3000.00 iters/s

running (10m06.8s), 0021/2048 VUs, 1819863 complete and 0 interrupted iterations
cap_mixed   [  34% ] 0021/2048 VUs  10m06.8s/30m0s  3000.00 iters/s

running (10m07.8s), 0031/2048 VUs, 1822856 complete and 0 interrupted iterations
cap_mixed   [  34% ] 0031/2048 VUs  10m07.8s/30m0s  3000.00 iters/s

running (10m08.8s), 0019/2048 VUs, 1825866 complete and 0 interrupted iterations
cap_mixed   [  34% ] 0019/2048 VUs  10m08.8s/30m0s  3000.00 iters/s

running (10m09.8s), 0029/2048 VUs, 1828856 complete and 0 interrupted iterations
cap_mixed   [  34% ] 0029/2048 VUs  10m09.8s/30m0s  3000.00 iters/s

running (10m10.8s), 0020/2048 VUs, 1831865 complete and 0 interrupted iterations
cap_mixed   [  34% ] 0020/2048 VUs  10m10.8s/30m0s  3000.00 iters/s

running (10m11.8s), 0019/2048 VUs, 1834866 complete and 0 interrupted iterations
cap_mixed   [  34% ] 0019/2048 VUs  10m11.8s/30m0s  3000.00 iters/s

running (10m12.8s), 0031/2048 VUs, 1837854 complete and 0 interrupted iterations
cap_mixed   [  34% ] 0031/2048 VUs  10m12.8s/30m0s  3000.00 iters/s

running (10m13.8s), 0061/2048 VUs, 1840824 complete and 0 interrupted iterations
cap_mixed   [  34% ] 0061/2048 VUs  10m13.8s/30m0s  3000.00 iters/s

running (10m14.8s), 0018/2048 VUs, 1843867 complete and 0 interrupted iterations
cap_mixed   [  34% ] 0018/2048 VUs  10m14.8s/30m0s  3000.00 iters/s

running (10m15.8s), 0027/2048 VUs, 1846858 complete and 0 interrupted iterations
cap_mixed   [  34% ] 0027/2048 VUs  10m15.8s/30m0s  3000.00 iters/s

running (10m16.8s), 0035/2048 VUs, 1849851 complete and 0 interrupted iterations
cap_mixed   [  34% ] 0035/2048 VUs  10m16.8s/30m0s  3000.00 iters/s

running (10m17.8s), 0020/2048 VUs, 1852865 complete and 0 interrupted iterations
cap_mixed   [  34% ] 0020/2048 VUs  10m17.8s/30m0s  3000.00 iters/s

running (10m18.8s), 0022/2048 VUs, 1855864 complete and 0 interrupted iterations
cap_mixed   [  34% ] 0022/2048 VUs  10m18.8s/30m0s  3000.00 iters/s

running (10m19.8s), 0231/2048 VUs, 1858654 complete and 0 interrupted iterations
cap_mixed   [  34% ] 0231/2048 VUs  10m19.8s/30m0s  3000.00 iters/s

running (10m20.8s), 0040/2048 VUs, 1861845 complete and 0 interrupted iterations
cap_mixed   [  34% ] 0040/2048 VUs  10m20.8s/30m0s  3000.00 iters/s

running (10m21.8s), 0017/2048 VUs, 1864868 complete and 0 interrupted iterations
cap_mixed   [  35% ] 0017/2048 VUs  10m21.8s/30m0s  3000.00 iters/s

running (10m22.8s), 0023/2048 VUs, 1867862 complete and 0 interrupted iterations
cap_mixed   [  35% ] 0023/2048 VUs  10m22.8s/30m0s  3000.00 iters/s

running (10m23.8s), 0031/2048 VUs, 1870854 complete and 0 interrupted iterations
cap_mixed   [  35% ] 0031/2048 VUs  10m23.8s/30m0s  3000.00 iters/s

running (10m24.8s), 0018/2048 VUs, 1873867 complete and 0 interrupted iterations
cap_mixed   [  35% ] 0018/2048 VUs  10m24.8s/30m0s  3000.00 iters/s

running (10m25.8s), 0017/2048 VUs, 1876867 complete and 0 interrupted iterations
cap_mixed   [  35% ] 0017/2048 VUs  10m25.8s/30m0s  3000.00 iters/s

running (10m26.8s), 0053/2048 VUs, 1879832 complete and 0 interrupted iterations
cap_mixed   [  35% ] 0053/2048 VUs  10m26.8s/30m0s  3000.00 iters/s

running (10m27.8s), 0034/2048 VUs, 1882851 complete and 0 interrupted iterations
cap_mixed   [  35% ] 0034/2048 VUs  10m27.8s/30m0s  3000.00 iters/s

running (10m28.8s), 0030/2048 VUs, 1885855 complete and 0 interrupted iterations
cap_mixed   [  35% ] 0030/2048 VUs  10m28.8s/30m0s  3000.00 iters/s

running (10m29.8s), 0020/2048 VUs, 1888865 complete and 0 interrupted iterations
cap_mixed   [  35% ] 0020/2048 VUs  10m29.8s/30m0s  3000.00 iters/s

running (10m30.8s), 0022/2048 VUs, 1891863 complete and 0 interrupted iterations
cap_mixed   [  35% ] 0022/2048 VUs  10m30.8s/30m0s  3000.00 iters/s

running (10m31.8s), 0033/2048 VUs, 1894852 complete and 0 interrupted iterations
cap_mixed   [  35% ] 0033/2048 VUs  10m31.8s/30m0s  3000.00 iters/s

running (10m32.8s), 0031/2048 VUs, 1897854 complete and 0 interrupted iterations
cap_mixed   [  35% ] 0031/2048 VUs  10m32.8s/30m0s  3000.00 iters/s

running (10m33.8s), 0018/2048 VUs, 1900867 complete and 0 interrupted iterations
cap_mixed   [  35% ] 0018/2048 VUs  10m33.8s/30m0s  3000.00 iters/s

running (10m34.8s), 0016/2048 VUs, 1903869 complete and 0 interrupted iterations
cap_mixed   [  35% ] 0016/2048 VUs  10m34.8s/30m0s  3000.00 iters/s

running (10m35.8s), 0020/2048 VUs, 1906865 complete and 0 interrupted iterations
cap_mixed   [  35% ] 0020/2048 VUs  10m35.8s/30m0s  3000.00 iters/s

running (10m36.8s), 0024/2048 VUs, 1909861 complete and 0 interrupted iterations
cap_mixed   [  35% ] 0024/2048 VUs  10m36.8s/30m0s  3000.00 iters/s

running (10m37.8s), 0017/2048 VUs, 1912868 complete and 0 interrupted iterations
cap_mixed   [  35% ] 0017/2048 VUs  10m37.8s/30m0s  3000.00 iters/s

running (10m38.8s), 0022/2048 VUs, 1915863 complete and 0 interrupted iterations
cap_mixed   [  35% ] 0022/2048 VUs  10m38.8s/30m0s  3000.00 iters/s

running (10m39.8s), 0016/2048 VUs, 1918869 complete and 0 interrupted iterations
cap_mixed   [  36% ] 0016/2048 VUs  10m39.8s/30m0s  3000.00 iters/s

running (10m40.8s), 0021/2048 VUs, 1921864 complete and 0 interrupted iterations
cap_mixed   [  36% ] 0021/2048 VUs  10m40.8s/30m0s  3000.00 iters/s

running (10m41.8s), 0024/2048 VUs, 1924861 complete and 0 interrupted iterations
cap_mixed   [  36% ] 0024/2048 VUs  10m41.8s/30m0s  3000.00 iters/s

running (10m42.8s), 0023/2048 VUs, 1927862 complete and 0 interrupted iterations
cap_mixed   [  36% ] 0023/2048 VUs  10m42.8s/30m0s  3000.00 iters/s

running (10m43.8s), 0035/2048 VUs, 1930851 complete and 0 interrupted iterations
cap_mixed   [  36% ] 0035/2048 VUs  10m43.8s/30m0s  3000.00 iters/s

running (10m44.8s), 0016/2048 VUs, 1933869 complete and 0 interrupted iterations
cap_mixed   [  36% ] 0016/2048 VUs  10m44.8s/30m0s  3000.00 iters/s

running (10m45.8s), 0018/2048 VUs, 1936867 complete and 0 interrupted iterations
cap_mixed   [  36% ] 0018/2048 VUs  10m45.8s/30m0s  3000.00 iters/s

running (10m46.8s), 0026/2048 VUs, 1939860 complete and 0 interrupted iterations
cap_mixed   [  36% ] 0026/2048 VUs  10m46.8s/30m0s  3000.00 iters/s

running (10m47.8s), 0015/2048 VUs, 1942870 complete and 0 interrupted iterations
cap_mixed   [  36% ] 0015/2048 VUs  10m47.8s/30m0s  3000.00 iters/s

running (10m48.8s), 0017/2048 VUs, 1945868 complete and 0 interrupted iterations
cap_mixed   [  36% ] 0017/2048 VUs  10m48.8s/30m0s  3000.00 iters/s

running (10m49.8s), 0093/2048 VUs, 1948792 complete and 0 interrupted iterations
cap_mixed   [  36% ] 0093/2048 VUs  10m49.8s/30m0s  3000.00 iters/s

running (10m50.8s), 0018/2048 VUs, 1951867 complete and 0 interrupted iterations
cap_mixed   [  36% ] 0018/2048 VUs  10m50.8s/30m0s  3000.00 iters/s

running (10m51.8s), 0021/2048 VUs, 1954864 complete and 0 interrupted iterations
cap_mixed   [  36% ] 0021/2048 VUs  10m51.8s/30m0s  3000.00 iters/s

running (10m52.8s), 0020/2048 VUs, 1957865 complete and 0 interrupted iterations
cap_mixed   [  36% ] 0020/2048 VUs  10m52.8s/30m0s  3000.00 iters/s

running (10m53.8s), 0037/2048 VUs, 1960849 complete and 0 interrupted iterations
cap_mixed   [  36% ] 0037/2048 VUs  10m53.8s/30m0s  3000.00 iters/s

running (10m54.8s), 0028/2048 VUs, 1963858 complete and 0 interrupted iterations
cap_mixed   [  36% ] 0028/2048 VUs  10m54.8s/30m0s  3000.00 iters/s

running (10m55.8s), 0013/2048 VUs, 1966872 complete and 0 interrupted iterations
cap_mixed   [  36% ] 0013/2048 VUs  10m55.8s/30m0s  3000.00 iters/s

running (10m56.8s), 0025/2048 VUs, 1969860 complete and 0 interrupted iterations
cap_mixed   [  36% ] 0025/2048 VUs  10m56.8s/30m0s  3000.00 iters/s

running (10m57.8s), 0022/2048 VUs, 1972864 complete and 0 interrupted iterations
cap_mixed   [  37% ] 0022/2048 VUs  10m57.8s/30m0s  3000.00 iters/s

running (10m58.8s), 0026/2048 VUs, 1975859 complete and 0 interrupted iterations
cap_mixed   [  37% ] 0026/2048 VUs  10m58.8s/30m0s  3000.00 iters/s

running (10m59.8s), 0022/2048 VUs, 1978863 complete and 0 interrupted iterations
cap_mixed   [  37% ] 0022/2048 VUs  10m59.8s/30m0s  3000.00 iters/s

running (11m00.8s), 0020/2048 VUs, 1981865 complete and 0 interrupted iterations
cap_mixed   [  37% ] 0019/2048 VUs  11m00.8s/30m0s  3000.00 iters/s

running (11m01.8s), 0018/2048 VUs, 1984867 complete and 0 interrupted iterations
cap_mixed   [  37% ] 0018/2048 VUs  11m01.8s/30m0s  3000.00 iters/s

running (11m02.8s), 0014/2048 VUs, 1987871 complete and 0 interrupted iterations
cap_mixed   [  37% ] 0014/2048 VUs  11m02.8s/30m0s  3000.00 iters/s

running (11m03.8s), 0022/2048 VUs, 1990863 complete and 0 interrupted iterations
cap_mixed   [  37% ] 0022/2048 VUs  11m03.8s/30m0s  3000.00 iters/s

running (11m04.8s), 0020/2048 VUs, 1993865 complete and 0 interrupted iterations
cap_mixed   [  37% ] 0020/2048 VUs  11m04.8s/30m0s  3000.00 iters/s

running (11m05.8s), 0014/2048 VUs, 1996871 complete and 0 interrupted iterations
cap_mixed   [  37% ] 0014/2048 VUs  11m05.8s/30m0s  3000.00 iters/s

running (11m06.8s), 0015/2048 VUs, 1999870 complete and 0 interrupted iterations
cap_mixed   [  37% ] 0015/2048 VUs  11m06.8s/30m0s  3000.00 iters/s

running (11m07.8s), 0028/2048 VUs, 2002858 complete and 0 interrupted iterations
cap_mixed   [  37% ] 0028/2048 VUs  11m07.8s/30m0s  3000.00 iters/s

running (11m08.8s), 0022/2048 VUs, 2005864 complete and 0 interrupted iterations
cap_mixed   [  37% ] 0022/2048 VUs  11m08.8s/30m0s  3000.00 iters/s

running (11m09.8s), 0030/2048 VUs, 2008855 complete and 0 interrupted iterations
cap_mixed   [  37% ] 0030/2048 VUs  11m09.8s/30m0s  3000.00 iters/s

running (11m10.8s), 0019/2048 VUs, 2011865 complete and 0 interrupted iterations
cap_mixed   [  37% ] 0020/2048 VUs  11m10.8s/30m0s  3000.00 iters/s

running (11m11.8s), 0024/2048 VUs, 2014861 complete and 0 interrupted iterations
cap_mixed   [  37% ] 0024/2048 VUs  11m11.8s/30m0s  3000.00 iters/s

running (11m12.8s), 0016/2048 VUs, 2017868 complete and 0 interrupted iterations
cap_mixed   [  37% ] 0016/2048 VUs  11m12.8s/30m0s  3000.00 iters/s

running (11m13.8s), 0028/2048 VUs, 2020857 complete and 0 interrupted iterations
cap_mixed   [  37% ] 0028/2048 VUs  11m13.8s/30m0s  3000.00 iters/s

running (11m14.8s), 0017/2048 VUs, 2023868 complete and 0 interrupted iterations
cap_mixed   [  37% ] 0017/2048 VUs  11m14.8s/30m0s  3000.00 iters/s

running (11m15.8s), 0026/2048 VUs, 2026859 complete and 0 interrupted iterations
cap_mixed   [  38% ] 0026/2048 VUs  11m15.8s/30m0s  3000.00 iters/s

running (11m16.8s), 0023/2048 VUs, 2029863 complete and 0 interrupted iterations
cap_mixed   [  38% ] 0023/2048 VUs  11m16.8s/30m0s  3000.00 iters/s

running (11m17.8s), 0042/2048 VUs, 2032843 complete and 0 interrupted iterations
cap_mixed   [  38% ] 0042/2048 VUs  11m17.8s/30m0s  3000.00 iters/s

running (11m18.8s), 0031/2048 VUs, 2035854 complete and 0 interrupted iterations
cap_mixed   [  38% ] 0031/2048 VUs  11m18.8s/30m0s  3000.00 iters/s

running (11m19.8s), 0023/2048 VUs, 2038862 complete and 0 interrupted iterations
cap_mixed   [  38% ] 0023/2048 VUs  11m19.8s/30m0s  3000.00 iters/s

running (11m20.8s), 0030/2048 VUs, 2041855 complete and 0 interrupted iterations
cap_mixed   [  38% ] 0030/2048 VUs  11m20.8s/30m0s  3000.00 iters/s

running (11m21.8s), 0023/2048 VUs, 2044863 complete and 0 interrupted iterations
cap_mixed   [  38% ] 0023/2048 VUs  11m21.8s/30m0s  3000.00 iters/s

running (11m22.8s), 0019/2048 VUs, 2047866 complete and 0 interrupted iterations
cap_mixed   [  38% ] 0019/2048 VUs  11m22.8s/30m0s  3000.00 iters/s

running (11m23.8s), 0022/2048 VUs, 2050863 complete and 0 interrupted iterations
cap_mixed   [  38% ] 0022/2048 VUs  11m23.8s/30m0s  3000.00 iters/s

running (11m24.8s), 0021/2048 VUs, 2053864 complete and 0 interrupted iterations
cap_mixed   [  38% ] 0021/2048 VUs  11m24.8s/30m0s  3000.00 iters/s

running (11m25.8s), 0013/2048 VUs, 2056872 complete and 0 interrupted iterations
cap_mixed   [  38% ] 0013/2048 VUs  11m25.8s/30m0s  3000.00 iters/s

running (11m26.8s), 0019/2048 VUs, 2059867 complete and 0 interrupted iterations
cap_mixed   [  38% ] 0019/2048 VUs  11m26.8s/30m0s  3000.00 iters/s

running (11m27.8s), 0019/2048 VUs, 2062866 complete and 0 interrupted iterations
cap_mixed   [  38% ] 0019/2048 VUs  11m27.8s/30m0s  3000.00 iters/s

running (11m28.8s), 0023/2048 VUs, 2065862 complete and 0 interrupted iterations
cap_mixed   [  38% ] 0023/2048 VUs  11m28.8s/30m0s  3000.00 iters/s

running (11m29.8s), 0022/2048 VUs, 2068863 complete and 0 interrupted iterations
cap_mixed   [  38% ] 0022/2048 VUs  11m29.8s/30m0s  3000.00 iters/s

running (11m30.8s), 0011/2048 VUs, 2071874 complete and 0 interrupted iterations
cap_mixed   [  38% ] 0011/2048 VUs  11m30.8s/30m0s  3000.00 iters/s

running (11m31.8s), 0091/2048 VUs, 2074795 complete and 0 interrupted iterations
cap_mixed   [  38% ] 0091/2048 VUs  11m31.8s/30m0s  3000.00 iters/s

running (11m32.8s), 0026/2048 VUs, 2077859 complete and 0 interrupted iterations
cap_mixed   [  38% ] 0026/2048 VUs  11m32.8s/30m0s  3000.00 iters/s

running (11m33.8s), 0019/2048 VUs, 2080867 complete and 0 interrupted iterations
cap_mixed   [  39% ] 0019/2048 VUs  11m33.8s/30m0s  3000.00 iters/s

running (11m34.8s), 0033/2048 VUs, 2083853 complete and 0 interrupted iterations
cap_mixed   [  39% ] 0033/2048 VUs  11m34.8s/30m0s  3000.00 iters/s

running (11m35.8s), 0024/2048 VUs, 2086861 complete and 0 interrupted iterations
cap_mixed   [  39% ] 0024/2048 VUs  11m35.8s/30m0s  3000.00 iters/s

running (11m36.8s), 0019/2048 VUs, 2089866 complete and 0 interrupted iterations
cap_mixed   [  39% ] 0019/2048 VUs  11m36.8s/30m0s  3000.00 iters/s

running (11m37.8s), 0013/2048 VUs, 2092871 complete and 0 interrupted iterations
cap_mixed   [  39% ] 0014/2048 VUs  11m37.8s/30m0s  3000.00 iters/s

running (11m38.8s), 0022/2048 VUs, 2095863 complete and 0 interrupted iterations
cap_mixed   [  39% ] 0022/2048 VUs  11m38.8s/30m0s  3000.00 iters/s

running (11m39.8s), 0015/2048 VUs, 2098870 complete and 0 interrupted iterations
cap_mixed   [  39% ] 0015/2048 VUs  11m39.8s/30m0s  3000.00 iters/s

running (11m40.8s), 0047/2048 VUs, 2101838 complete and 0 interrupted iterations
cap_mixed   [  39% ] 0047/2048 VUs  11m40.8s/30m0s  3000.00 iters/s

running (11m41.8s), 0019/2048 VUs, 2104866 complete and 0 interrupted iterations
cap_mixed   [  39% ] 0019/2048 VUs  11m41.8s/30m0s  3000.00 iters/s

running (11m42.8s), 0033/2048 VUs, 2107859 complete and 0 interrupted iterations
cap_mixed   [  39% ] 0033/2048 VUs  11m42.8s/30m0s  3000.00 iters/s

running (11m43.8s), 0016/2048 VUs, 2110870 complete and 0 interrupted iterations
cap_mixed   [  39% ] 0016/2048 VUs  11m43.8s/30m0s  3000.00 iters/s

running (11m44.8s), 0015/2048 VUs, 2113870 complete and 0 interrupted iterations
cap_mixed   [  39% ] 0015/2048 VUs  11m44.8s/30m0s  3000.00 iters/s

running (11m45.8s), 0020/2048 VUs, 2116865 complete and 0 interrupted iterations
cap_mixed   [  39% ] 0020/2048 VUs  11m45.8s/30m0s  3000.00 iters/s

running (11m46.8s), 0020/2048 VUs, 2119866 complete and 0 interrupted iterations
cap_mixed   [  39% ] 0020/2048 VUs  11m46.8s/30m0s  3000.00 iters/s

running (11m47.8s), 0016/2048 VUs, 2122869 complete and 0 interrupted iterations
cap_mixed   [  39% ] 0016/2048 VUs  11m47.8s/30m0s  3000.00 iters/s

running (11m48.8s), 0031/2048 VUs, 2125854 complete and 0 interrupted iterations
cap_mixed   [  39% ] 0031/2048 VUs  11m48.8s/30m0s  3000.00 iters/s

running (11m49.8s), 0024/2048 VUs, 2128860 complete and 0 interrupted iterations
cap_mixed   [  39% ] 0024/2048 VUs  11m49.8s/30m0s  3000.00 iters/s

running (11m50.8s), 0023/2048 VUs, 2131862 complete and 0 interrupted iterations
cap_mixed   [  39% ] 0023/2048 VUs  11m50.8s/30m0s  3000.00 iters/s

running (11m51.8s), 0019/2048 VUs, 2134866 complete and 0 interrupted iterations
cap_mixed   [  40% ] 0019/2048 VUs  11m51.8s/30m0s  3000.00 iters/s

running (11m52.8s), 0016/2048 VUs, 2137869 complete and 0 interrupted iterations
cap_mixed   [  40% ] 0016/2048 VUs  11m52.8s/30m0s  3000.00 iters/s

running (11m53.8s), 0025/2048 VUs, 2140860 complete and 0 interrupted iterations
cap_mixed   [  40% ] 0025/2048 VUs  11m53.8s/30m0s  3000.00 iters/s

running (11m54.8s), 0017/2048 VUs, 2143868 complete and 0 interrupted iterations
cap_mixed   [  40% ] 0017/2048 VUs  11m54.8s/30m0s  3000.00 iters/s

running (11m55.8s), 0019/2048 VUs, 2146866 complete and 0 interrupted iterations
cap_mixed   [  40% ] 0019/2048 VUs  11m55.8s/30m0s  3000.00 iters/s

running (11m56.8s), 0033/2048 VUs, 2149852 complete and 0 interrupted iterations
cap_mixed   [  40% ] 0033/2048 VUs  11m56.8s/30m0s  3000.00 iters/s

running (11m57.8s), 0021/2048 VUs, 2152864 complete and 0 interrupted iterations
cap_mixed   [  40% ] 0021/2048 VUs  11m57.8s/30m0s  3000.00 iters/s

running (11m58.8s), 0026/2048 VUs, 2155860 complete and 0 interrupted iterations
cap_mixed   [  40% ] 0026/2048 VUs  11m58.8s/30m0s  3000.00 iters/s

running (11m59.8s), 0026/2048 VUs, 2158859 complete and 0 interrupted iterations
cap_mixed   [  40% ] 0026/2048 VUs  11m59.8s/30m0s  3000.00 iters/s

running (12m00.8s), 0022/2048 VUs, 2161864 complete and 0 interrupted iterations
cap_mixed   [  40% ] 0022/2048 VUs  12m00.8s/30m0s  3000.00 iters/s

running (12m01.8s), 0015/2048 VUs, 2164871 complete and 0 interrupted iterations
cap_mixed   [  40% ] 0015/2048 VUs  12m01.8s/30m0s  3000.00 iters/s

running (12m02.8s), 0048/2048 VUs, 2167838 complete and 0 interrupted iterations
cap_mixed   [  40% ] 0048/2048 VUs  12m02.8s/30m0s  3000.00 iters/s

running (12m03.8s), 0017/2048 VUs, 2170868 complete and 0 interrupted iterations
cap_mixed   [  40% ] 0017/2048 VUs  12m03.8s/30m0s  3000.00 iters/s

running (12m04.8s), 0021/2048 VUs, 2173865 complete and 0 interrupted iterations
cap_mixed   [  40% ] 0021/2048 VUs  12m04.8s/30m0s  3000.00 iters/s

running (12m05.8s), 0022/2048 VUs, 2176862 complete and 0 interrupted iterations
cap_mixed   [  40% ] 0022/2048 VUs  12m05.8s/30m0s  3000.00 iters/s

running (12m06.8s), 0015/2048 VUs, 2179871 complete and 0 interrupted iterations
cap_mixed   [  40% ] 0015/2048 VUs  12m06.8s/30m0s  3000.00 iters/s

running (12m07.8s), 0029/2048 VUs, 2182857 complete and 0 interrupted iterations
cap_mixed   [  40% ] 0029/2048 VUs  12m07.8s/30m0s  3000.00 iters/s

running (12m08.8s), 0020/2048 VUs, 2185866 complete and 0 interrupted iterations
cap_mixed   [  40% ] 0020/2048 VUs  12m08.8s/30m0s  3000.00 iters/s

running (12m09.8s), 0020/2048 VUs, 2188865 complete and 0 interrupted iterations
cap_mixed   [  41% ] 0020/2048 VUs  12m09.8s/30m0s  3000.00 iters/s

running (12m10.8s), 0025/2048 VUs, 2191860 complete and 0 interrupted iterations
cap_mixed   [  41% ] 0025/2048 VUs  12m10.8s/30m0s  3000.00 iters/s

running (12m11.8s), 0015/2048 VUs, 2194869 complete and 0 interrupted iterations
cap_mixed   [  41% ] 0015/2048 VUs  12m11.8s/30m0s  3000.00 iters/s

running (12m12.8s), 0033/2048 VUs, 2197852 complete and 0 interrupted iterations
cap_mixed   [  41% ] 0033/2048 VUs  12m12.8s/30m0s  3000.00 iters/s

running (12m13.8s), 0027/2048 VUs, 2200857 complete and 0 interrupted iterations
cap_mixed   [  41% ] 0027/2048 VUs  12m13.8s/30m0s  3000.00 iters/s

running (12m14.8s), 0018/2048 VUs, 2203867 complete and 0 interrupted iterations
cap_mixed   [  41% ] 0018/2048 VUs  12m14.8s/30m0s  3000.00 iters/s

running (12m15.8s), 0018/2048 VUs, 2206867 complete and 0 interrupted iterations
cap_mixed   [  41% ] 0018/2048 VUs  12m15.8s/30m0s  3000.00 iters/s

running (12m16.8s), 0019/2048 VUs, 2209867 complete and 0 interrupted iterations
cap_mixed   [  41% ] 0019/2048 VUs  12m16.8s/30m0s  3000.00 iters/s

running (12m17.8s), 0027/2048 VUs, 2212858 complete and 0 interrupted iterations
cap_mixed   [  41% ] 0026/2048 VUs  12m17.8s/30m0s  3000.00 iters/s

running (12m18.8s), 0016/2048 VUs, 2215869 complete and 0 interrupted iterations
cap_mixed   [  41% ] 0016/2048 VUs  12m18.8s/30m0s  3000.00 iters/s

running (12m19.8s), 0016/2048 VUs, 2218870 complete and 0 interrupted iterations
cap_mixed   [  41% ] 0016/2048 VUs  12m19.8s/30m0s  3000.00 iters/s

running (12m20.8s), 0017/2048 VUs, 2221868 complete and 0 interrupted iterations
cap_mixed   [  41% ] 0017/2048 VUs  12m20.8s/30m0s  3000.00 iters/s

running (12m21.8s), 0039/2048 VUs, 2224846 complete and 0 interrupted iterations
cap_mixed   [  41% ] 0039/2048 VUs  12m21.8s/30m0s  3000.00 iters/s

running (12m22.8s), 0024/2048 VUs, 2227861 complete and 0 interrupted iterations
cap_mixed   [  41% ] 0024/2048 VUs  12m22.8s/30m0s  3000.00 iters/s

running (12m23.8s), 0026/2048 VUs, 2230859 complete and 0 interrupted iterations
cap_mixed   [  41% ] 0026/2048 VUs  12m23.8s/30m0s  3000.00 iters/s

running (12m24.8s), 0025/2048 VUs, 2233861 complete and 0 interrupted iterations
cap_mixed   [  41% ] 0025/2048 VUs  12m24.8s/30m0s  3000.00 iters/s

running (12m25.8s), 0019/2048 VUs, 2236866 complete and 0 interrupted iterations
cap_mixed   [  41% ] 0019/2048 VUs  12m25.8s/30m0s  3000.00 iters/s

running (12m26.8s), 0018/2048 VUs, 2239867 complete and 0 interrupted iterations
cap_mixed   [  41% ] 0018/2048 VUs  12m26.8s/30m0s  3000.00 iters/s

running (12m27.8s), 0018/2048 VUs, 2242868 complete and 0 interrupted iterations
cap_mixed   [  42% ] 0018/2048 VUs  12m27.8s/30m0s  3000.00 iters/s

running (12m28.8s), 0139/2048 VUs, 2245748 complete and 0 interrupted iterations
cap_mixed   [  42% ] 0138/2048 VUs  12m28.8s/30m0s  3000.00 iters/s

running (12m29.8s), 0018/2048 VUs, 2248867 complete and 0 interrupted iterations
cap_mixed   [  42% ] 0018/2048 VUs  12m29.8s/30m0s  3000.00 iters/s

running (12m30.8s), 0019/2048 VUs, 2251866 complete and 0 interrupted iterations
cap_mixed   [  42% ] 0019/2048 VUs  12m30.8s/30m0s  3000.00 iters/s

running (12m31.8s), 0027/2048 VUs, 2254859 complete and 0 interrupted iterations
cap_mixed   [  42% ] 0027/2048 VUs  12m31.8s/30m0s  3000.00 iters/s

running (12m32.8s), 0027/2048 VUs, 2257859 complete and 0 interrupted iterations
cap_mixed   [  42% ] 0027/2048 VUs  12m32.8s/30m0s  3000.00 iters/s

running (12m33.8s), 0025/2048 VUs, 2260861 complete and 0 interrupted iterations
cap_mixed   [  42% ] 0025/2048 VUs  12m33.8s/30m0s  3000.00 iters/s

running (12m34.8s), 0015/2048 VUs, 2263870 complete and 0 interrupted iterations
cap_mixed   [  42% ] 0015/2048 VUs  12m34.8s/30m0s  3000.00 iters/s

running (12m35.8s), 0023/2048 VUs, 2266862 complete and 0 interrupted iterations
cap_mixed   [  42% ] 0023/2048 VUs  12m35.8s/30m0s  3000.00 iters/s

running (12m36.8s), 0019/2048 VUs, 2269867 complete and 0 interrupted iterations
cap_mixed   [  42% ] 0019/2048 VUs  12m36.8s/30m0s  3000.00 iters/s

running (12m37.8s), 0024/2048 VUs, 2272862 complete and 0 interrupted iterations
cap_mixed   [  42% ] 0024/2048 VUs  12m37.8s/30m0s  3000.00 iters/s

running (12m38.8s), 0056/2048 VUs, 2275829 complete and 0 interrupted iterations
cap_mixed   [  42% ] 0056/2048 VUs  12m38.8s/30m0s  3000.00 iters/s

running (12m39.8s), 0136/2048 VUs, 2278750 complete and 0 interrupted iterations
cap_mixed   [  42% ] 0136/2048 VUs  12m39.8s/30m0s  3000.00 iters/s

running (12m40.8s), 0033/2048 VUs, 2281853 complete and 0 interrupted iterations
cap_mixed   [  42% ] 0033/2048 VUs  12m40.8s/30m0s  3000.00 iters/s

running (12m41.8s), 0020/2048 VUs, 2284866 complete and 0 interrupted iterations
cap_mixed   [  42% ] 0020/2048 VUs  12m41.8s/30m0s  3000.00 iters/s

running (12m42.8s), 0041/2048 VUs, 2287844 complete and 0 interrupted iterations
cap_mixed   [  42% ] 0041/2048 VUs  12m42.8s/30m0s  3000.00 iters/s

running (12m43.8s), 0022/2048 VUs, 2290864 complete and 0 interrupted iterations
cap_mixed   [  42% ] 0022/2048 VUs  12m43.8s/30m0s  3000.00 iters/s

running (12m44.8s), 0010/2048 VUs, 2293876 complete and 0 interrupted iterations
cap_mixed   [  42% ] 0010/2048 VUs  12m44.8s/30m0s  3000.00 iters/s

running (12m45.8s), 0015/2048 VUs, 2296871 complete and 0 interrupted iterations
cap_mixed   [  43% ] 0015/2048 VUs  12m45.8s/30m0s  3000.00 iters/s

running (12m46.8s), 0020/2048 VUs, 2299866 complete and 0 interrupted iterations
cap_mixed   [  43% ] 0020/2048 VUs  12m46.8s/30m0s  3000.00 iters/s

running (12m47.8s), 0029/2048 VUs, 2302857 complete and 0 interrupted iterations
cap_mixed   [  43% ] 0029/2048 VUs  12m47.8s/30m0s  3000.00 iters/s

running (12m48.8s), 0050/2048 VUs, 2305836 complete and 0 interrupted iterations
cap_mixed   [  43% ] 0050/2048 VUs  12m48.8s/30m0s  3000.00 iters/s

running (12m49.8s), 0014/2048 VUs, 2308871 complete and 0 interrupted iterations
cap_mixed   [  43% ] 0014/2048 VUs  12m49.8s/30m0s  3000.00 iters/s

running (12m50.8s), 0046/2048 VUs, 2311838 complete and 0 interrupted iterations
cap_mixed   [  43% ] 0046/2048 VUs  12m50.8s/30m0s  3000.00 iters/s

running (12m51.8s), 0020/2048 VUs, 2314866 complete and 0 interrupted iterations
cap_mixed   [  43% ] 0020/2048 VUs  12m51.8s/30m0s  3000.00 iters/s

running (12m52.8s), 0026/2048 VUs, 2317860 complete and 0 interrupted iterations
cap_mixed   [  43% ] 0026/2048 VUs  12m52.8s/30m0s  3000.00 iters/s

running (12m53.8s), 0027/2048 VUs, 2320859 complete and 0 interrupted iterations
cap_mixed   [  43% ] 0027/2048 VUs  12m53.8s/30m0s  3000.00 iters/s

running (12m54.8s), 0080/2048 VUs, 2323808 complete and 0 interrupted iterations
cap_mixed   [  43% ] 0080/2048 VUs  12m54.8s/30m0s  3000.00 iters/s

running (12m55.8s), 0015/2048 VUs, 2326871 complete and 0 interrupted iterations
cap_mixed   [  43% ] 0015/2048 VUs  12m55.8s/30m0s  3000.00 iters/s

running (12m56.8s), 0027/2048 VUs, 2329857 complete and 0 interrupted iterations
cap_mixed   [  43% ] 0027/2048 VUs  12m56.8s/30m0s  3000.00 iters/s

running (12m57.8s), 0023/2048 VUs, 2332862 complete and 0 interrupted iterations
cap_mixed   [  43% ] 0023/2048 VUs  12m57.8s/30m0s  3000.00 iters/s

running (12m58.8s), 0013/2048 VUs, 2335874 complete and 0 interrupted iterations
cap_mixed   [  43% ] 0013/2048 VUs  12m58.8s/30m0s  3000.00 iters/s

running (12m59.8s), 0224/2048 VUs, 2338663 complete and 0 interrupted iterations
cap_mixed   [  43% ] 0224/2048 VUs  12m59.8s/30m0s  3000.00 iters/s

running (13m00.8s), 0026/2048 VUs, 2341859 complete and 0 interrupted iterations
cap_mixed   [  43% ] 0026/2048 VUs  13m00.8s/30m0s  3000.00 iters/s

running (13m01.8s), 0030/2048 VUs, 2344855 complete and 0 interrupted iterations
cap_mixed   [  43% ] 0030/2048 VUs  13m01.8s/30m0s  3000.00 iters/s

running (13m02.8s), 0026/2048 VUs, 2347860 complete and 0 interrupted iterations
cap_mixed   [  43% ] 0026/2048 VUs  13m02.8s/30m0s  3000.00 iters/s

running (13m03.8s), 0029/2048 VUs, 2350856 complete and 0 interrupted iterations
cap_mixed   [  44% ] 0030/2048 VUs  13m03.8s/30m0s  3000.00 iters/s

running (13m04.8s), 0018/2048 VUs, 2353868 complete and 0 interrupted iterations
cap_mixed   [  44% ] 0018/2048 VUs  13m04.8s/30m0s  3000.00 iters/s

running (13m05.8s), 0016/2048 VUs, 2356869 complete and 0 interrupted iterations
cap_mixed   [  44% ] 0016/2048 VUs  13m05.8s/30m0s  3000.00 iters/s

running (13m06.8s), 0019/2048 VUs, 2359866 complete and 0 interrupted iterations
cap_mixed   [  44% ] 0019/2048 VUs  13m06.8s/30m0s  3000.00 iters/s

running (13m07.8s), 0017/2048 VUs, 2362868 complete and 0 interrupted iterations
cap_mixed   [  44% ] 0017/2048 VUs  13m07.8s/30m0s  3000.00 iters/s

running (13m08.8s), 0034/2048 VUs, 2365854 complete and 0 interrupted iterations
cap_mixed   [  44% ] 0034/2048 VUs  13m08.8s/30m0s  3000.00 iters/s

running (13m09.8s), 0020/2048 VUs, 2368866 complete and 0 interrupted iterations
cap_mixed   [  44% ] 0020/2048 VUs  13m09.8s/30m0s  3000.00 iters/s

running (13m10.8s), 0016/2048 VUs, 2371870 complete and 0 interrupted iterations
cap_mixed   [  44% ] 0016/2048 VUs  13m10.8s/30m0s  3000.00 iters/s

running (13m11.8s), 0016/2048 VUs, 2374870 complete and 0 interrupted iterations
cap_mixed   [  44% ] 0016/2048 VUs  13m11.8s/30m0s  3000.00 iters/s

running (13m12.8s), 0023/2048 VUs, 2377863 complete and 0 interrupted iterations
cap_mixed   [  44% ] 0023/2048 VUs  13m12.8s/30m0s  3000.00 iters/s

running (13m13.8s), 0030/2048 VUs, 2380856 complete and 0 interrupted iterations
cap_mixed   [  44% ] 0030/2048 VUs  13m13.8s/30m0s  3000.00 iters/s

running (13m14.8s), 0085/2048 VUs, 2383800 complete and 0 interrupted iterations
cap_mixed   [  44% ] 0086/2048 VUs  13m14.8s/30m0s  3000.00 iters/s

running (13m15.8s), 0014/2048 VUs, 2386872 complete and 0 interrupted iterations
cap_mixed   [  44% ] 0014/2048 VUs  13m15.8s/30m0s  3000.00 iters/s

running (13m16.8s), 0021/2048 VUs, 2389865 complete and 0 interrupted iterations
cap_mixed   [  44% ] 0021/2048 VUs  13m16.8s/30m0s  3000.00 iters/s

running (13m17.8s), 0031/2048 VUs, 2392855 complete and 0 interrupted iterations
cap_mixed   [  44% ] 0031/2048 VUs  13m17.8s/30m0s  3000.00 iters/s

running (13m18.8s), 0046/2048 VUs, 2395840 complete and 0 interrupted iterations
cap_mixed   [  44% ] 0046/2048 VUs  13m18.8s/30m0s  3000.00 iters/s

running (13m19.8s), 0139/2048 VUs, 2398745 complete and 0 interrupted iterations
cap_mixed   [  44% ] 0139/2048 VUs  13m19.8s/30m0s  3000.00 iters/s

running (13m20.8s), 0035/2048 VUs, 2401851 complete and 0 interrupted iterations
cap_mixed   [  44% ] 0035/2048 VUs  13m20.8s/30m0s  3000.00 iters/s

running (13m21.8s), 0037/2048 VUs, 2404849 complete and 0 interrupted iterations
cap_mixed   [  45% ] 0037/2048 VUs  13m21.8s/30m0s  3000.00 iters/s

running (13m22.8s), 0050/2048 VUs, 2407836 complete and 0 interrupted iterations
cap_mixed   [  45% ] 0050/2048 VUs  13m22.8s/30m0s  3000.00 iters/s

running (13m23.8s), 0059/2048 VUs, 2410826 complete and 0 interrupted iterations
cap_mixed   [  45% ] 0059/2048 VUs  13m23.8s/30m0s  3000.00 iters/s

running (13m24.8s), 0032/2048 VUs, 2413854 complete and 0 interrupted iterations
cap_mixed   [  45% ] 0032/2048 VUs  13m24.8s/30m0s  3000.00 iters/s

running (13m25.8s), 0028/2048 VUs, 2416857 complete and 0 interrupted iterations
cap_mixed   [  45% ] 0028/2048 VUs  13m25.8s/30m0s  3000.00 iters/s

running (13m26.8s), 0021/2048 VUs, 2419864 complete and 0 interrupted iterations
cap_mixed   [  45% ] 0021/2048 VUs  13m26.8s/30m0s  3000.00 iters/s

running (13m27.8s), 0057/2048 VUs, 2422829 complete and 0 interrupted iterations
cap_mixed   [  45% ] 0057/2048 VUs  13m27.8s/30m0s  3000.00 iters/s

running (13m28.8s), 0017/2048 VUs, 2425869 complete and 0 interrupted iterations
cap_mixed   [  45% ] 0017/2048 VUs  13m28.8s/30m0s  3000.00 iters/s

running (13m29.8s), 0017/2048 VUs, 2428868 complete and 0 interrupted iterations
cap_mixed   [  45% ] 0017/2048 VUs  13m29.8s/30m0s  3000.00 iters/s

running (13m30.8s), 0026/2048 VUs, 2431860 complete and 0 interrupted iterations
cap_mixed   [  45% ] 0026/2048 VUs  13m30.8s/30m0s  3000.00 iters/s

running (13m31.8s), 0048/2048 VUs, 2434838 complete and 0 interrupted iterations
cap_mixed   [  45% ] 0048/2048 VUs  13m31.8s/30m0s  3000.00 iters/s

running (13m32.8s), 0022/2048 VUs, 2437862 complete and 0 interrupted iterations
cap_mixed   [  45% ] 0023/2048 VUs  13m32.8s/30m0s  3000.00 iters/s

running (13m33.8s), 0012/2048 VUs, 2440874 complete and 0 interrupted iterations
cap_mixed   [  45% ] 0012/2048 VUs  13m33.8s/30m0s  3000.00 iters/s

running (13m34.8s), 0018/2048 VUs, 2443867 complete and 0 interrupted iterations
cap_mixed   [  45% ] 0019/2048 VUs  13m34.8s/30m0s  3000.00 iters/s

running (13m35.8s), 0020/2048 VUs, 2446866 complete and 0 interrupted iterations
cap_mixed   [  45% ] 0020/2048 VUs  13m35.8s/30m0s  3000.00 iters/s

running (13m36.8s), 0025/2048 VUs, 2449861 complete and 0 interrupted iterations
cap_mixed   [  45% ] 0025/2048 VUs  13m36.8s/30m0s  3000.00 iters/s

running (13m37.8s), 0045/2048 VUs, 2452841 complete and 0 interrupted iterations
cap_mixed   [  45% ] 0045/2048 VUs  13m37.8s/30m0s  3000.00 iters/s

running (13m38.8s), 0017/2048 VUs, 2455869 complete and 0 interrupted iterations
cap_mixed   [  45% ] 0017/2048 VUs  13m38.8s/30m0s  3000.00 iters/s

running (13m39.8s), 0258/2048 VUs, 2458637 complete and 0 interrupted iterations
cap_mixed   [  46% ] 0258/2048 VUs  13m39.8s/30m0s  3000.00 iters/s

running (13m40.8s), 0117/2048 VUs, 2461774 complete and 0 interrupted iterations
cap_mixed   [  46% ] 0117/2048 VUs  13m40.8s/30m0s  3000.00 iters/s

running (13m41.8s), 0018/2048 VUs, 2464868 complete and 0 interrupted iterations
cap_mixed   [  46% ] 0018/2048 VUs  13m41.8s/30m0s  3000.00 iters/s

running (13m42.8s), 0027/2048 VUs, 2467857 complete and 0 interrupted iterations
cap_mixed   [  46% ] 0028/2048 VUs  13m42.8s/30m0s  3000.00 iters/s

running (13m43.8s), 0022/2048 VUs, 2470865 complete and 0 interrupted iterations
cap_mixed   [  46% ] 0022/2048 VUs  13m43.8s/30m0s  3000.00 iters/s

running (13m44.8s), 0038/2048 VUs, 2473848 complete and 0 interrupted iterations
cap_mixed   [  46% ] 0038/2048 VUs  13m44.8s/30m0s  3000.00 iters/s

running (13m45.8s), 0027/2048 VUs, 2476859 complete and 0 interrupted iterations
cap_mixed   [  46% ] 0027/2048 VUs  13m45.8s/30m0s  3000.00 iters/s

running (13m46.8s), 0032/2048 VUs, 2479852 complete and 0 interrupted iterations
cap_mixed   [  46% ] 0032/2048 VUs  13m46.8s/30m0s  3000.00 iters/s

running (13m47.8s), 0020/2048 VUs, 2482865 complete and 0 interrupted iterations
cap_mixed   [  46% ] 0020/2048 VUs  13m47.8s/30m0s  3000.00 iters/s

running (13m48.8s), 0027/2048 VUs, 2485859 complete and 0 interrupted iterations
cap_mixed   [  46% ] 0027/2048 VUs  13m48.8s/30m0s  3000.00 iters/s

running (13m49.8s), 0033/2048 VUs, 2488855 complete and 0 interrupted iterations
cap_mixed   [  46% ] 0033/2048 VUs  13m49.8s/30m0s  3000.00 iters/s

running (13m50.8s), 0025/2048 VUs, 2491861 complete and 0 interrupted iterations
cap_mixed   [  46% ] 0025/2048 VUs  13m50.8s/30m0s  3000.00 iters/s

running (13m51.8s), 0030/2048 VUs, 2494856 complete and 0 interrupted iterations
cap_mixed   [  46% ] 0030/2048 VUs  13m51.8s/30m0s  3000.00 iters/s

running (13m52.8s), 0025/2048 VUs, 2497861 complete and 0 interrupted iterations
cap_mixed   [  46% ] 0025/2048 VUs  13m52.8s/30m0s  3000.00 iters/s

running (13m53.8s), 0020/2048 VUs, 2500866 complete and 0 interrupted iterations
cap_mixed   [  46% ] 0019/2048 VUs  13m53.8s/30m0s  3000.00 iters/s

running (13m54.8s), 0026/2048 VUs, 2503860 complete and 0 interrupted iterations
cap_mixed   [  46% ] 0026/2048 VUs  13m54.8s/30m0s  3000.00 iters/s

running (13m55.8s), 0018/2048 VUs, 2506871 complete and 0 interrupted iterations
cap_mixed   [  46% ] 0019/2048 VUs  13m55.8s/30m0s  3000.00 iters/s

running (13m56.8s), 0038/2048 VUs, 2509848 complete and 0 interrupted iterations
cap_mixed   [  46% ] 0038/2048 VUs  13m56.8s/30m0s  3000.00 iters/s

running (13m57.8s), 0015/2048 VUs, 2512870 complete and 0 interrupted iterations
cap_mixed   [  47% ] 0015/2048 VUs  13m57.8s/30m0s  3000.00 iters/s

running (13m58.8s), 0018/2048 VUs, 2515868 complete and 0 interrupted iterations
cap_mixed   [  47% ] 0018/2048 VUs  13m58.8s/30m0s  3000.00 iters/s

running (13m59.8s), 0020/2048 VUs, 2518866 complete and 0 interrupted iterations
cap_mixed   [  47% ] 0020/2048 VUs  13m59.8s/30m0s  3000.00 iters/s

running (14m00.8s), 0025/2048 VUs, 2521861 complete and 0 interrupted iterations
cap_mixed   [  47% ] 0025/2048 VUs  14m00.8s/30m0s  3000.00 iters/s

running (14m01.8s), 0015/2048 VUs, 2524871 complete and 0 interrupted iterations
cap_mixed   [  47% ] 0015/2048 VUs  14m01.8s/30m0s  3000.00 iters/s

running (14m02.8s), 0021/2048 VUs, 2527865 complete and 0 interrupted iterations
cap_mixed   [  47% ] 0021/2048 VUs  14m02.8s/30m0s  3000.00 iters/s

running (14m03.8s), 0035/2048 VUs, 2530851 complete and 0 interrupted iterations
cap_mixed   [  47% ] 0035/2048 VUs  14m03.8s/30m0s  3000.00 iters/s

running (14m04.8s), 0022/2048 VUs, 2533864 complete and 0 interrupted iterations
cap_mixed   [  47% ] 0022/2048 VUs  14m04.8s/30m0s  3000.00 iters/s

running (14m05.8s), 0015/2048 VUs, 2536871 complete and 0 interrupted iterations
cap_mixed   [  47% ] 0015/2048 VUs  14m05.8s/30m0s  3000.00 iters/s

running (14m06.8s), 0020/2048 VUs, 2539866 complete and 0 interrupted iterations
cap_mixed   [  47% ] 0020/2048 VUs  14m06.8s/30m0s  3000.00 iters/s

running (14m07.8s), 0029/2048 VUs, 2542858 complete and 0 interrupted iterations
cap_mixed   [  47% ] 0029/2048 VUs  14m07.8s/30m0s  3000.00 iters/s

running (14m08.8s), 0026/2048 VUs, 2545860 complete and 0 interrupted iterations
cap_mixed   [  47% ] 0026/2048 VUs  14m08.8s/30m0s  3000.00 iters/s

running (14m09.8s), 0022/2048 VUs, 2548864 complete and 0 interrupted iterations
cap_mixed   [  47% ] 0022/2048 VUs  14m09.8s/30m0s  3000.00 iters/s

running (14m10.8s), 0027/2048 VUs, 2551859 complete and 0 interrupted iterations
cap_mixed   [  47% ] 0027/2048 VUs  14m10.8s/30m0s  3000.00 iters/s

running (14m11.8s), 0138/2048 VUs, 2554748 complete and 0 interrupted iterations
cap_mixed   [  47% ] 0138/2048 VUs  14m11.8s/30m0s  3000.00 iters/s

running (14m12.8s), 0019/2048 VUs, 2557867 complete and 0 interrupted iterations
cap_mixed   [  47% ] 0019/2048 VUs  14m12.8s/30m0s  3000.00 iters/s

running (14m13.8s), 0026/2048 VUs, 2560859 complete and 0 interrupted iterations
cap_mixed   [  47% ] 0026/2048 VUs  14m13.8s/30m0s  3000.00 iters/s

running (14m14.8s), 0020/2048 VUs, 2563866 complete and 0 interrupted iterations
cap_mixed   [  47% ] 0020/2048 VUs  14m14.8s/30m0s  3000.00 iters/s

running (14m15.8s), 0019/2048 VUs, 2566867 complete and 0 interrupted iterations
cap_mixed   [  48% ] 0019/2048 VUs  14m15.8s/30m0s  3000.00 iters/s

running (14m16.8s), 0032/2048 VUs, 2569854 complete and 0 interrupted iterations
cap_mixed   [  48% ] 0032/2048 VUs  14m16.8s/30m0s  3000.00 iters/s

running (14m17.8s), 0022/2048 VUs, 2572864 complete and 0 interrupted iterations
cap_mixed   [  48% ] 0022/2048 VUs  14m17.8s/30m0s  3000.00 iters/s

running (14m18.8s), 0022/2048 VUs, 2575863 complete and 0 interrupted iterations
cap_mixed   [  48% ] 0022/2048 VUs  14m18.8s/30m0s  3000.00 iters/s

running (14m19.8s), 0022/2048 VUs, 2578865 complete and 0 interrupted iterations
cap_mixed   [  48% ] 0022/2048 VUs  14m19.8s/30m0s  3000.00 iters/s

running (14m20.8s), 0026/2048 VUs, 2581860 complete and 0 interrupted iterations
cap_mixed   [  48% ] 0025/2048 VUs  14m20.8s/30m0s  3000.00 iters/s

running (14m21.8s), 0024/2048 VUs, 2584862 complete and 0 interrupted iterations
cap_mixed   [  48% ] 0024/2048 VUs  14m21.8s/30m0s  3000.00 iters/s

running (14m22.8s), 0022/2048 VUs, 2587864 complete and 0 interrupted iterations
cap_mixed   [  48% ] 0022/2048 VUs  14m22.8s/30m0s  3000.00 iters/s

running (14m23.8s), 0017/2048 VUs, 2590869 complete and 0 interrupted iterations
cap_mixed   [  48% ] 0017/2048 VUs  14m23.8s/30m0s  3000.00 iters/s

running (14m24.8s), 0040/2048 VUs, 2593846 complete and 0 interrupted iterations
cap_mixed   [  48% ] 0040/2048 VUs  14m24.8s/30m0s  3000.00 iters/s

running (14m25.8s), 0021/2048 VUs, 2596865 complete and 0 interrupted iterations
cap_mixed   [  48% ] 0021/2048 VUs  14m25.8s/30m0s  3000.00 iters/s

running (14m26.8s), 0019/2048 VUs, 2599867 complete and 0 interrupted iterations
cap_mixed   [  48% ] 0019/2048 VUs  14m26.8s/30m0s  3000.00 iters/s

running (14m27.8s), 0022/2048 VUs, 2602866 complete and 0 interrupted iterations
cap_mixed   [  48% ] 0022/2048 VUs  14m27.8s/30m0s  3000.00 iters/s

running (14m28.8s), 0020/2048 VUs, 2605865 complete and 0 interrupted iterations
cap_mixed   [  48% ] 0020/2048 VUs  14m28.8s/30m0s  3000.00 iters/s

running (14m29.8s), 0020/2048 VUs, 2608866 complete and 0 interrupted iterations
cap_mixed   [  48% ] 0020/2048 VUs  14m29.8s/30m0s  3000.00 iters/s

running (14m30.8s), 0013/2048 VUs, 2611873 complete and 0 interrupted iterations
cap_mixed   [  48% ] 0013/2048 VUs  14m30.8s/30m0s  3000.00 iters/s

running (14m31.8s), 0021/2048 VUs, 2614865 complete and 0 interrupted iterations
cap_mixed   [  48% ] 0021/2048 VUs  14m31.8s/30m0s  3000.00 iters/s

running (14m32.8s), 0025/2048 VUs, 2617861 complete and 0 interrupted iterations
cap_mixed   [  48% ] 0025/2048 VUs  14m32.8s/30m0s  3000.00 iters/s

running (14m33.8s), 0038/2048 VUs, 2620846 complete and 0 interrupted iterations
cap_mixed   [  49% ] 0038/2048 VUs  14m33.8s/30m0s  3000.00 iters/s

running (14m34.8s), 0027/2048 VUs, 2623859 complete and 0 interrupted iterations
cap_mixed   [  49% ] 0027/2048 VUs  14m34.8s/30m0s  3000.00 iters/s

running (14m35.8s), 0025/2048 VUs, 2626861 complete and 0 interrupted iterations
cap_mixed   [  49% ] 0025/2048 VUs  14m35.8s/30m0s  3000.00 iters/s

running (14m36.8s), 0013/2048 VUs, 2629873 complete and 0 interrupted iterations
cap_mixed   [  49% ] 0013/2048 VUs  14m36.8s/30m0s  3000.00 iters/s

running (14m37.8s), 0027/2048 VUs, 2632859 complete and 0 interrupted iterations
cap_mixed   [  49% ] 0027/2048 VUs  14m37.8s/30m0s  3000.00 iters/s

running (14m38.8s), 0028/2048 VUs, 2635860 complete and 0 interrupted iterations
cap_mixed   [  49% ] 0028/2048 VUs  14m38.8s/30m0s  3000.00 iters/s

running (14m39.8s), 0019/2048 VUs, 2638867 complete and 0 interrupted iterations
cap_mixed   [  49% ] 0019/2048 VUs  14m39.8s/30m0s  3000.00 iters/s

running (14m40.8s), 0059/2048 VUs, 2641827 complete and 0 interrupted iterations
cap_mixed   [  49% ] 0059/2048 VUs  14m40.8s/30m0s  3000.00 iters/s

running (14m41.8s), 0020/2048 VUs, 2644866 complete and 0 interrupted iterations
cap_mixed   [  49% ] 0020/2048 VUs  14m41.8s/30m0s  3000.00 iters/s

running (14m42.8s), 0033/2048 VUs, 2647853 complete and 0 interrupted iterations
cap_mixed   [  49% ] 0033/2048 VUs  14m42.8s/30m0s  3000.00 iters/s

running (14m43.8s), 0038/2048 VUs, 2650849 complete and 0 interrupted iterations
cap_mixed   [  49% ] 0038/2048 VUs  14m43.8s/30m0s  3000.00 iters/s

running (14m44.8s), 0018/2048 VUs, 2653868 complete and 0 interrupted iterations
cap_mixed   [  49% ] 0018/2048 VUs  14m44.8s/30m0s  3000.00 iters/s

running (14m45.8s), 0024/2048 VUs, 2656862 complete and 0 interrupted iterations
cap_mixed   [  49% ] 0024/2048 VUs  14m45.8s/30m0s  3000.00 iters/s

running (14m46.8s), 0021/2048 VUs, 2659865 complete and 0 interrupted iterations
cap_mixed   [  49% ] 0021/2048 VUs  14m46.8s/30m0s  3000.00 iters/s

running (14m47.8s), 0036/2048 VUs, 2662850 complete and 0 interrupted iterations
cap_mixed   [  49% ] 0036/2048 VUs  14m47.8s/30m0s  3000.00 iters/s

running (14m48.8s), 0028/2048 VUs, 2665858 complete and 0 interrupted iterations
cap_mixed   [  49% ] 0028/2048 VUs  14m48.8s/30m0s  3000.00 iters/s

running (14m49.8s), 0018/2048 VUs, 2668868 complete and 0 interrupted iterations
cap_mixed   [  49% ] 0018/2048 VUs  14m49.8s/30m0s  3000.00 iters/s

running (14m50.8s), 0027/2048 VUs, 2671859 complete and 0 interrupted iterations
cap_mixed   [  49% ] 0027/2048 VUs  14m50.8s/30m0s  3000.00 iters/s

running (14m51.8s), 0025/2048 VUs, 2674861 complete and 0 interrupted iterations
cap_mixed   [  50% ] 0025/2048 VUs  14m51.8s/30m0s  3000.00 iters/s

running (14m52.8s), 0022/2048 VUs, 2677864 complete and 0 interrupted iterations
cap_mixed   [  50% ] 0022/2048 VUs  14m52.8s/30m0s  3000.00 iters/s

running (14m53.8s), 0026/2048 VUs, 2680860 complete and 0 interrupted iterations
cap_mixed   [  50% ] 0026/2048 VUs  14m53.8s/30m0s  3000.00 iters/s

running (14m54.8s), 0021/2048 VUs, 2683865 complete and 0 interrupted iterations
cap_mixed   [  50% ] 0021/2048 VUs  14m54.8s/30m0s  3000.00 iters/s

running (14m55.8s), 0023/2048 VUs, 2686863 complete and 0 interrupted iterations
cap_mixed   [  50% ] 0023/2048 VUs  14m55.8s/30m0s  3000.00 iters/s

running (14m56.8s), 0034/2048 VUs, 2689852 complete and 0 interrupted iterations
cap_mixed   [  50% ] 0034/2048 VUs  14m56.8s/30m0s  3000.00 iters/s

running (14m57.8s), 0027/2048 VUs, 2692858 complete and 0 interrupted iterations
cap_mixed   [  50% ] 0027/2048 VUs  14m57.8s/30m0s  3000.00 iters/s

running (14m58.8s), 0015/2048 VUs, 2695871 complete and 0 interrupted iterations
cap_mixed   [  50% ] 0015/2048 VUs  14m58.8s/30m0s  3000.00 iters/s

running (14m59.8s), 0022/2048 VUs, 2698864 complete and 0 interrupted iterations
cap_mixed   [  50% ] 0022/2048 VUs  14m59.8s/30m0s  3000.00 iters/s

running (15m00.8s), 0023/2048 VUs, 2701863 complete and 0 interrupted iterations
cap_mixed   [  50% ] 0023/2048 VUs  15m00.8s/30m0s  3000.00 iters/s

running (15m01.8s), 0122/2048 VUs, 2704764 complete and 0 interrupted iterations
cap_mixed   [  50% ] 0122/2048 VUs  15m01.8s/30m0s  3000.00 iters/s

running (15m02.8s), 0027/2048 VUs, 2707859 complete and 0 interrupted iterations
cap_mixed   [  50% ] 0027/2048 VUs  15m02.8s/30m0s  3000.00 iters/s

running (15m03.8s), 0018/2048 VUs, 2710868 complete and 0 interrupted iterations
cap_mixed   [  50% ] 0018/2048 VUs  15m03.8s/30m0s  3000.00 iters/s

running (15m04.8s), 0019/2048 VUs, 2713867 complete and 0 interrupted iterations
cap_mixed   [  50% ] 0019/2048 VUs  15m04.8s/30m0s  3000.00 iters/s

running (15m05.8s), 0015/2048 VUs, 2716871 complete and 0 interrupted iterations
cap_mixed   [  50% ] 0015/2048 VUs  15m05.8s/30m0s  3000.00 iters/s

running (15m06.8s), 0019/2048 VUs, 2719867 complete and 0 interrupted iterations
cap_mixed   [  50% ] 0019/2048 VUs  15m06.8s/30m0s  3000.00 iters/s

running (15m07.8s), 0025/2048 VUs, 2722864 complete and 0 interrupted iterations
cap_mixed   [  50% ] 0025/2048 VUs  15m07.8s/30m0s  3000.00 iters/s

running (15m08.8s), 0027/2048 VUs, 2725859 complete and 0 interrupted iterations
cap_mixed   [  50% ] 0027/2048 VUs  15m08.8s/30m0s  3000.00 iters/s

running (15m09.8s), 0022/2048 VUs, 2728864 complete and 0 interrupted iterations
cap_mixed   [  51% ] 0022/2048 VUs  15m09.8s/30m0s  3000.00 iters/s

running (15m10.8s), 0021/2048 VUs, 2731865 complete and 0 interrupted iterations
cap_mixed   [  51% ] 0021/2048 VUs  15m10.8s/30m0s  3000.00 iters/s

running (15m11.8s), 0020/2048 VUs, 2734866 complete and 0 interrupted iterations
cap_mixed   [  51% ] 0020/2048 VUs  15m11.8s/30m0s  3000.00 iters/s

running (15m12.8s), 0028/2048 VUs, 2737858 complete and 0 interrupted iterations
cap_mixed   [  51% ] 0028/2048 VUs  15m12.8s/30m0s  3000.00 iters/s

running (15m13.8s), 0016/2048 VUs, 2740870 complete and 0 interrupted iterations
cap_mixed   [  51% ] 0016/2048 VUs  15m13.8s/30m0s  3000.00 iters/s

running (15m14.8s), 0015/2048 VUs, 2743871 complete and 0 interrupted iterations
cap_mixed   [  51% ] 0015/2048 VUs  15m14.8s/30m0s  3000.00 iters/s

running (15m15.8s), 0033/2048 VUs, 2746853 complete and 0 interrupted iterations
cap_mixed   [  51% ] 0033/2048 VUs  15m15.8s/30m0s  3000.00 iters/s

running (15m16.8s), 0021/2048 VUs, 2749865 complete and 0 interrupted iterations
cap_mixed   [  51% ] 0021/2048 VUs  15m16.8s/30m0s  3000.00 iters/s

running (15m17.8s), 0023/2048 VUs, 2752863 complete and 0 interrupted iterations
cap_mixed   [  51% ] 0023/2048 VUs  15m17.8s/30m0s  3000.00 iters/s

running (15m18.8s), 0013/2048 VUs, 2755871 complete and 0 interrupted iterations
cap_mixed   [  51% ] 0013/2048 VUs  15m18.8s/30m0s  3000.00 iters/s

running (15m19.8s), 0084/2048 VUs, 2758803 complete and 0 interrupted iterations
cap_mixed   [  51% ] 0084/2048 VUs  15m19.8s/30m0s  3000.00 iters/s

running (15m20.8s), 0101/2048 VUs, 2761785 complete and 0 interrupted iterations
cap_mixed   [  51% ] 0101/2048 VUs  15m20.8s/30m0s  3000.00 iters/s

running (15m21.8s), 0024/2048 VUs, 2764862 complete and 0 interrupted iterations
cap_mixed   [  51% ] 0024/2048 VUs  15m21.8s/30m0s  3000.00 iters/s

running (15m22.8s), 0013/2048 VUs, 2767873 complete and 0 interrupted iterations
cap_mixed   [  51% ] 0013/2048 VUs  15m22.8s/30m0s  3000.00 iters/s

running (15m23.8s), 0049/2048 VUs, 2770837 complete and 0 interrupted iterations
cap_mixed   [  51% ] 0049/2048 VUs  15m23.8s/30m0s  3000.00 iters/s

running (15m24.8s), 0017/2048 VUs, 2773869 complete and 0 interrupted iterations
cap_mixed   [  51% ] 0017/2048 VUs  15m24.8s/30m0s  3000.00 iters/s

running (15m25.8s), 0020/2048 VUs, 2776865 complete and 0 interrupted iterations
cap_mixed   [  51% ] 0020/2048 VUs  15m25.8s/30m0s  3000.00 iters/s

running (15m26.8s), 0025/2048 VUs, 2779861 complete and 0 interrupted iterations
cap_mixed   [  51% ] 0025/2048 VUs  15m26.8s/30m0s  3000.00 iters/s

running (15m27.8s), 0027/2048 VUs, 2782859 complete and 0 interrupted iterations
cap_mixed   [  52% ] 0027/2048 VUs  15m27.8s/30m0s  3000.00 iters/s

running (15m28.8s), 0023/2048 VUs, 2785863 complete and 0 interrupted iterations
cap_mixed   [  52% ] 0023/2048 VUs  15m28.8s/30m0s  3000.00 iters/s

running (15m29.8s), 0018/2048 VUs, 2788868 complete and 0 interrupted iterations
cap_mixed   [  52% ] 0018/2048 VUs  15m29.8s/30m0s  3000.00 iters/s

running (15m30.8s), 0020/2048 VUs, 2791867 complete and 0 interrupted iterations
cap_mixed   [  52% ] 0020/2048 VUs  15m30.8s/30m0s  3000.00 iters/s

running (15m31.8s), 0016/2048 VUs, 2794870 complete and 0 interrupted iterations
cap_mixed   [  52% ] 0016/2048 VUs  15m31.8s/30m0s  3000.00 iters/s

running (15m32.8s), 0015/2048 VUs, 2797871 complete and 0 interrupted iterations
cap_mixed   [  52% ] 0015/2048 VUs  15m32.8s/30m0s  3000.00 iters/s

running (15m33.8s), 0020/2048 VUs, 2800867 complete and 0 interrupted iterations
cap_mixed   [  52% ] 0020/2048 VUs  15m33.8s/30m0s  3000.00 iters/s

running (15m34.8s), 0018/2048 VUs, 2803868 complete and 0 interrupted iterations
cap_mixed   [  52% ] 0018/2048 VUs  15m34.8s/30m0s  3000.00 iters/s

running (15m35.8s), 0019/2048 VUs, 2806867 complete and 0 interrupted iterations
cap_mixed   [  52% ] 0019/2048 VUs  15m35.8s/30m0s  3000.00 iters/s

running (15m36.8s), 0020/2048 VUs, 2809866 complete and 0 interrupted iterations
cap_mixed   [  52% ] 0020/2048 VUs  15m36.8s/30m0s  3000.00 iters/s

running (15m37.8s), 0043/2048 VUs, 2812843 complete and 0 interrupted iterations
cap_mixed   [  52% ] 0043/2048 VUs  15m37.8s/30m0s  3000.00 iters/s

running (15m38.8s), 0020/2048 VUs, 2815866 complete and 0 interrupted iterations
cap_mixed   [  52% ] 0020/2048 VUs  15m38.8s/30m0s  3000.00 iters/s

running (15m39.8s), 0114/2048 VUs, 2818771 complete and 0 interrupted iterations
cap_mixed   [  52% ] 0114/2048 VUs  15m39.8s/30m0s  3000.00 iters/s

running (15m40.8s), 0030/2048 VUs, 2821856 complete and 0 interrupted iterations
cap_mixed   [  52% ] 0030/2048 VUs  15m40.8s/30m0s  3000.00 iters/s

running (15m41.8s), 0025/2048 VUs, 2824861 complete and 0 interrupted iterations
cap_mixed   [  52% ] 0025/2048 VUs  15m41.8s/30m0s  3000.00 iters/s

running (15m42.8s), 0023/2048 VUs, 2827863 complete and 0 interrupted iterations
cap_mixed   [  52% ] 0023/2048 VUs  15m42.8s/30m0s  3000.00 iters/s

running (15m43.8s), 0015/2048 VUs, 2830871 complete and 0 interrupted iterations
cap_mixed   [  52% ] 0015/2048 VUs  15m43.8s/30m0s  3000.00 iters/s

running (15m44.8s), 0025/2048 VUs, 2833862 complete and 0 interrupted iterations
cap_mixed   [  52% ] 0025/2048 VUs  15m44.8s/30m0s  3000.00 iters/s

running (15m45.8s), 0030/2048 VUs, 2836856 complete and 0 interrupted iterations
cap_mixed   [  53% ] 0031/2048 VUs  15m45.8s/30m0s  3000.00 iters/s

running (15m46.8s), 0078/2048 VUs, 2839810 complete and 0 interrupted iterations
cap_mixed   [  53% ] 0078/2048 VUs  15m46.8s/30m0s  3000.00 iters/s

running (15m47.8s), 0031/2048 VUs, 2842857 complete and 0 interrupted iterations
cap_mixed   [  53% ] 0031/2048 VUs  15m47.8s/30m0s  3000.00 iters/s

running (15m48.8s), 0023/2048 VUs, 2845863 complete and 0 interrupted iterations
cap_mixed   [  53% ] 0023/2048 VUs  15m48.8s/30m0s  3000.00 iters/s

running (15m49.8s), 0022/2048 VUs, 2848864 complete and 0 interrupted iterations
cap_mixed   [  53% ] 0022/2048 VUs  15m49.8s/30m0s  3000.00 iters/s

running (15m50.8s), 0040/2048 VUs, 2851846 complete and 0 interrupted iterations
cap_mixed   [  53% ] 0040/2048 VUs  15m50.8s/30m0s  3000.00 iters/s

running (15m51.8s), 0019/2048 VUs, 2854867 complete and 0 interrupted iterations
cap_mixed   [  53% ] 0019/2048 VUs  15m51.8s/30m0s  3000.00 iters/s

running (15m52.8s), 0021/2048 VUs, 2857865 complete and 0 interrupted iterations
cap_mixed   [  53% ] 0021/2048 VUs  15m52.8s/30m0s  3000.00 iters/s

running (15m53.8s), 0017/2048 VUs, 2860869 complete and 0 interrupted iterations
cap_mixed   [  53% ] 0017/2048 VUs  15m53.8s/30m0s  3000.00 iters/s

running (15m54.8s), 0024/2048 VUs, 2863862 complete and 0 interrupted iterations
cap_mixed   [  53% ] 0024/2048 VUs  15m54.8s/30m0s  3000.00 iters/s

running (15m55.8s), 0014/2048 VUs, 2866872 complete and 0 interrupted iterations
cap_mixed   [  53% ] 0014/2048 VUs  15m55.8s/30m0s  3000.00 iters/s

running (15m56.8s), 0025/2048 VUs, 2869861 complete and 0 interrupted iterations
cap_mixed   [  53% ] 0025/2048 VUs  15m56.8s/30m0s  3000.00 iters/s

running (15m57.8s), 0031/2048 VUs, 2872855 complete and 0 interrupted iterations
cap_mixed   [  53% ] 0031/2048 VUs  15m57.8s/30m0s  3000.00 iters/s

running (15m58.8s), 0015/2048 VUs, 2875871 complete and 0 interrupted iterations
cap_mixed   [  53% ] 0015/2048 VUs  15m58.8s/30m0s  3000.00 iters/s

running (15m59.8s), 0021/2048 VUs, 2878865 complete and 0 interrupted iterations
cap_mixed   [  53% ] 0021/2048 VUs  15m59.8s/30m0s  3000.00 iters/s

running (16m00.8s), 0031/2048 VUs, 2881855 complete and 0 interrupted iterations
cap_mixed   [  53% ] 0031/2048 VUs  16m00.8s/30m0s  3000.00 iters/s

running (16m01.8s), 0020/2048 VUs, 2884867 complete and 0 interrupted iterations
cap_mixed   [  53% ] 0020/2048 VUs  16m01.8s/30m0s  3000.00 iters/s

running (16m02.8s), 0028/2048 VUs, 2887858 complete and 0 interrupted iterations
cap_mixed   [  53% ] 0028/2048 VUs  16m02.8s/30m0s  3000.00 iters/s

running (16m03.8s), 0022/2048 VUs, 2890864 complete and 0 interrupted iterations
cap_mixed   [  54% ] 0022/2048 VUs  16m03.8s/30m0s  3000.00 iters/s

running (16m04.8s), 0023/2048 VUs, 2893863 complete and 0 interrupted iterations
cap_mixed   [  54% ] 0023/2048 VUs  16m04.8s/30m0s  3000.00 iters/s

running (16m05.8s), 0038/2048 VUs, 2896848 complete and 0 interrupted iterations
cap_mixed   [  54% ] 0038/2048 VUs  16m05.8s/30m0s  3000.00 iters/s

running (16m06.8s), 0012/2048 VUs, 2899874 complete and 0 interrupted iterations
cap_mixed   [  54% ] 0012/2048 VUs  16m06.8s/30m0s  3000.00 iters/s

running (16m07.8s), 0024/2048 VUs, 2902863 complete and 0 interrupted iterations
cap_mixed   [  54% ] 0024/2048 VUs  16m07.8s/30m0s  3000.00 iters/s

running (16m08.8s), 0017/2048 VUs, 2905870 complete and 0 interrupted iterations
cap_mixed   [  54% ] 0017/2048 VUs  16m08.8s/30m0s  3000.00 iters/s

running (16m09.8s), 0030/2048 VUs, 2908856 complete and 0 interrupted iterations
cap_mixed   [  54% ] 0030/2048 VUs  16m09.8s/30m0s  3000.00 iters/s

running (16m10.8s), 0030/2048 VUs, 2911856 complete and 0 interrupted iterations
cap_mixed   [  54% ] 0030/2048 VUs  16m10.8s/30m0s  3000.00 iters/s

running (16m11.8s), 0027/2048 VUs, 2914859 complete and 0 interrupted iterations
cap_mixed   [  54% ] 0027/2048 VUs  16m11.8s/30m0s  3000.00 iters/s

running (16m12.8s), 0016/2048 VUs, 2917870 complete and 0 interrupted iterations
cap_mixed   [  54% ] 0016/2048 VUs  16m12.8s/30m0s  3000.00 iters/s

running (16m13.8s), 0012/2048 VUs, 2920874 complete and 0 interrupted iterations
cap_mixed   [  54% ] 0012/2048 VUs  16m13.8s/30m0s  3000.00 iters/s

running (16m14.8s), 0020/2048 VUs, 2923866 complete and 0 interrupted iterations
cap_mixed   [  54% ] 0020/2048 VUs  16m14.8s/30m0s  3000.00 iters/s

running (16m15.8s), 0022/2048 VUs, 2926864 complete and 0 interrupted iterations
cap_mixed   [  54% ] 0022/2048 VUs  16m15.8s/30m0s  3000.00 iters/s

running (16m16.8s), 0018/2048 VUs, 2929869 complete and 0 interrupted iterations
cap_mixed   [  54% ] 0018/2048 VUs  16m16.8s/30m0s  3000.00 iters/s

running (16m17.8s), 0037/2048 VUs, 2932849 complete and 0 interrupted iterations
cap_mixed   [  54% ] 0037/2048 VUs  16m17.8s/30m0s  3000.00 iters/s

running (16m18.8s), 0020/2048 VUs, 2935866 complete and 0 interrupted iterations
cap_mixed   [  54% ] 0020/2048 VUs  16m18.8s/30m0s  3000.00 iters/s

running (16m19.8s), 0027/2048 VUs, 2938859 complete and 0 interrupted iterations
cap_mixed   [  54% ] 0027/2048 VUs  16m19.8s/30m0s  3000.00 iters/s

running (16m20.8s), 0057/2048 VUs, 2941829 complete and 0 interrupted iterations
cap_mixed   [  54% ] 0057/2048 VUs  16m20.8s/30m0s  3000.00 iters/s

running (16m21.8s), 0018/2048 VUs, 2944868 complete and 0 interrupted iterations
cap_mixed   [  55% ] 0018/2048 VUs  16m21.8s/30m0s  3000.00 iters/s

running (16m22.8s), 0028/2048 VUs, 2947857 complete and 0 interrupted iterations
cap_mixed   [  55% ] 0028/2048 VUs  16m22.8s/30m0s  3000.00 iters/s

running (16m23.8s), 0037/2048 VUs, 2950852 complete and 0 interrupted iterations
cap_mixed   [  55% ] 0037/2048 VUs  16m23.8s/30m0s  3000.00 iters/s

running (16m24.8s), 0017/2048 VUs, 2953870 complete and 0 interrupted iterations
cap_mixed   [  55% ] 0017/2048 VUs  16m24.8s/30m0s  3000.00 iters/s

running (16m25.8s), 0018/2048 VUs, 2956869 complete and 0 interrupted iterations
cap_mixed   [  55% ] 0018/2048 VUs  16m25.8s/30m0s  3000.00 iters/s

running (16m26.8s), 0017/2048 VUs, 2959869 complete and 0 interrupted iterations
cap_mixed   [  55% ] 0017/2048 VUs  16m26.8s/30m0s  3000.00 iters/s

running (16m27.8s), 0016/2048 VUs, 2962869 complete and 0 interrupted iterations
cap_mixed   [  55% ] 0016/2048 VUs  16m27.8s/30m0s  3000.00 iters/s

running (16m28.8s), 0020/2048 VUs, 2965867 complete and 0 interrupted iterations
cap_mixed   [  55% ] 0020/2048 VUs  16m28.8s/30m0s  3000.00 iters/s

running (16m29.8s), 0024/2048 VUs, 2968862 complete and 0 interrupted iterations
cap_mixed   [  55% ] 0024/2048 VUs  16m29.8s/30m0s  3000.00 iters/s

running (16m30.8s), 0032/2048 VUs, 2971854 complete and 0 interrupted iterations
cap_mixed   [  55% ] 0032/2048 VUs  16m30.8s/30m0s  3000.00 iters/s

running (16m31.8s), 0035/2048 VUs, 2974851 complete and 0 interrupted iterations
cap_mixed   [  55% ] 0035/2048 VUs  16m31.8s/30m0s  3000.00 iters/s

running (16m32.8s), 0015/2048 VUs, 2977871 complete and 0 interrupted iterations
cap_mixed   [  55% ] 0015/2048 VUs  16m32.8s/30m0s  3000.00 iters/s

running (16m33.8s), 0027/2048 VUs, 2980860 complete and 0 interrupted iterations
cap_mixed   [  55% ] 0027/2048 VUs  16m33.8s/30m0s  3000.00 iters/s

running (16m34.8s), 0024/2048 VUs, 2983862 complete and 0 interrupted iterations
cap_mixed   [  55% ] 0024/2048 VUs  16m34.8s/30m0s  3000.00 iters/s

running (16m35.8s), 0035/2048 VUs, 2986851 complete and 0 interrupted iterations
cap_mixed   [  55% ] 0035/2048 VUs  16m35.8s/30m0s  3000.00 iters/s

running (16m36.8s), 0034/2048 VUs, 2989852 complete and 0 interrupted iterations
cap_mixed   [  55% ] 0034/2048 VUs  16m36.8s/30m0s  3000.00 iters/s

running (16m37.8s), 0022/2048 VUs, 2992865 complete and 0 interrupted iterations
cap_mixed   [  55% ] 0022/2048 VUs  16m37.8s/30m0s  3000.00 iters/s

running (16m38.8s), 0019/2048 VUs, 2995867 complete and 0 interrupted iterations
cap_mixed   [  55% ] 0019/2048 VUs  16m38.8s/30m0s  3000.00 iters/s

running (16m39.8s), 0013/2048 VUs, 2998873 complete and 0 interrupted iterations
cap_mixed   [  56% ] 0013/2048 VUs  16m39.8s/30m0s  3000.00 iters/s

running (16m40.8s), 0131/2048 VUs, 3001755 complete and 0 interrupted iterations
cap_mixed   [  56% ] 0131/2048 VUs  16m40.8s/30m0s  3000.00 iters/s

running (16m41.8s), 0020/2048 VUs, 3004866 complete and 0 interrupted iterations
cap_mixed   [  56% ] 0020/2048 VUs  16m41.8s/30m0s  3000.00 iters/s

running (16m42.8s), 0033/2048 VUs, 3007853 complete and 0 interrupted iterations
cap_mixed   [  56% ] 0033/2048 VUs  16m42.8s/30m0s  3000.00 iters/s

running (16m43.8s), 0031/2048 VUs, 3010855 complete and 0 interrupted iterations
cap_mixed   [  56% ] 0031/2048 VUs  16m43.8s/30m0s  3000.00 iters/s

running (16m44.8s), 0018/2048 VUs, 3013868 complete and 0 interrupted iterations
cap_mixed   [  56% ] 0018/2048 VUs  16m44.8s/30m0s  3000.00 iters/s

running (16m45.8s), 0015/2048 VUs, 3016871 complete and 0 interrupted iterations
cap_mixed   [  56% ] 0015/2048 VUs  16m45.8s/30m0s  3000.00 iters/s

running (16m46.8s), 0024/2048 VUs, 3019862 complete and 0 interrupted iterations
cap_mixed   [  56% ] 0024/2048 VUs  16m46.8s/30m0s  3000.00 iters/s

running (16m47.8s), 0020/2048 VUs, 3022866 complete and 0 interrupted iterations
cap_mixed   [  56% ] 0020/2048 VUs  16m47.8s/30m0s  3000.00 iters/s

running (16m48.8s), 0021/2048 VUs, 3025864 complete and 0 interrupted iterations
cap_mixed   [  56% ] 0021/2048 VUs  16m48.8s/30m0s  3000.00 iters/s

running (16m49.8s), 0013/2048 VUs, 3028873 complete and 0 interrupted iterations
cap_mixed   [  56% ] 0013/2048 VUs  16m49.8s/30m0s  3000.00 iters/s

running (16m50.8s), 0027/2048 VUs, 3031859 complete and 0 interrupted iterations
cap_mixed   [  56% ] 0027/2048 VUs  16m50.8s/30m0s  3000.00 iters/s

running (16m51.8s), 0142/2048 VUs, 3034745 complete and 0 interrupted iterations
cap_mixed   [  56% ] 0142/2048 VUs  16m51.8s/30m0s  3000.00 iters/s

running (16m52.8s), 0026/2048 VUs, 3037861 complete and 0 interrupted iterations
cap_mixed   [  56% ] 0026/2048 VUs  16m52.8s/30m0s  3000.00 iters/s

running (16m53.8s), 0043/2048 VUs, 3040843 complete and 0 interrupted iterations
cap_mixed   [  56% ] 0043/2048 VUs  16m53.8s/30m0s  3000.00 iters/s

running (16m54.8s), 0023/2048 VUs, 3043863 complete and 0 interrupted iterations
cap_mixed   [  56% ] 0023/2048 VUs  16m54.8s/30m0s  3000.00 iters/s

running (16m55.8s), 0036/2048 VUs, 3046850 complete and 0 interrupted iterations
cap_mixed   [  56% ] 0036/2048 VUs  16m55.8s/30m0s  3000.00 iters/s

running (16m56.8s), 0027/2048 VUs, 3049859 complete and 0 interrupted iterations
cap_mixed   [  56% ] 0027/2048 VUs  16m56.8s/30m0s  3000.00 iters/s

running (16m57.8s), 0018/2048 VUs, 3052868 complete and 0 interrupted iterations
cap_mixed   [  57% ] 0018/2048 VUs  16m57.8s/30m0s  3000.00 iters/s

running (16m58.8s), 0029/2048 VUs, 3055857 complete and 0 interrupted iterations
cap_mixed   [  57% ] 0029/2048 VUs  16m58.8s/30m0s  3000.00 iters/s

running (16m59.8s), 0017/2048 VUs, 3058868 complete and 0 interrupted iterations
cap_mixed   [  57% ] 0017/2048 VUs  16m59.8s/30m0s  3000.00 iters/s

running (17m00.8s), 0167/2048 VUs, 3061720 complete and 0 interrupted iterations
cap_mixed   [  57% ] 0167/2048 VUs  17m00.8s/30m0s  3000.00 iters/s

running (17m01.8s), 0028/2048 VUs, 3064858 complete and 0 interrupted iterations
cap_mixed   [  57% ] 0028/2048 VUs  17m01.8s/30m0s  3000.00 iters/s

running (17m02.8s), 0021/2048 VUs, 3067865 complete and 0 interrupted iterations
cap_mixed   [  57% ] 0021/2048 VUs  17m02.8s/30m0s  3000.00 iters/s

running (17m03.8s), 0044/2048 VUs, 3070842 complete and 0 interrupted iterations
cap_mixed   [  57% ] 0044/2048 VUs  17m03.8s/30m0s  3000.00 iters/s

running (17m04.8s), 0039/2048 VUs, 3073847 complete and 0 interrupted iterations
cap_mixed   [  57% ] 0039/2048 VUs  17m04.8s/30m0s  3000.00 iters/s

running (17m05.8s), 0021/2048 VUs, 3076865 complete and 0 interrupted iterations
cap_mixed   [  57% ] 0021/2048 VUs  17m05.8s/30m0s  3000.00 iters/s

running (17m06.8s), 0025/2048 VUs, 3079861 complete and 0 interrupted iterations
cap_mixed   [  57% ] 0025/2048 VUs  17m06.8s/30m0s  3000.00 iters/s

running (17m07.8s), 0029/2048 VUs, 3082857 complete and 0 interrupted iterations
cap_mixed   [  57% ] 0029/2048 VUs  17m07.8s/30m0s  3000.00 iters/s

running (17m08.8s), 0026/2048 VUs, 3085860 complete and 0 interrupted iterations
cap_mixed   [  57% ] 0026/2048 VUs  17m08.8s/30m0s  3000.00 iters/s

running (17m09.8s), 0024/2048 VUs, 3088862 complete and 0 interrupted iterations
cap_mixed   [  57% ] 0024/2048 VUs  17m09.8s/30m0s  3000.00 iters/s

running (17m10.8s), 0019/2048 VUs, 3091867 complete and 0 interrupted iterations
cap_mixed   [  57% ] 0018/2048 VUs  17m10.8s/30m0s  3000.00 iters/s

running (17m11.8s), 0029/2048 VUs, 3094857 complete and 0 interrupted iterations
cap_mixed   [  57% ] 0029/2048 VUs  17m11.8s/30m0s  3000.00 iters/s

running (17m12.8s), 0023/2048 VUs, 3097863 complete and 0 interrupted iterations
cap_mixed   [  57% ] 0023/2048 VUs  17m12.8s/30m0s  3000.00 iters/s

running (17m13.8s), 0018/2048 VUs, 3100868 complete and 0 interrupted iterations
cap_mixed   [  57% ] 0018/2048 VUs  17m13.8s/30m0s  3000.00 iters/s

running (17m14.8s), 0014/2048 VUs, 3103872 complete and 0 interrupted iterations
cap_mixed   [  57% ] 0014/2048 VUs  17m14.8s/30m0s  3000.00 iters/s

running (17m15.8s), 0035/2048 VUs, 3106851 complete and 0 interrupted iterations
cap_mixed   [  58% ] 0035/2048 VUs  17m15.8s/30m0s  3000.00 iters/s

running (17m16.8s), 0029/2048 VUs, 3109857 complete and 0 interrupted iterations
cap_mixed   [  58% ] 0029/2048 VUs  17m16.8s/30m0s  3000.00 iters/s

running (17m17.8s), 0028/2048 VUs, 3112858 complete and 0 interrupted iterations
cap_mixed   [  58% ] 0028/2048 VUs  17m17.8s/30m0s  3000.00 iters/s

running (17m18.8s), 0023/2048 VUs, 3115864 complete and 0 interrupted iterations
cap_mixed   [  58% ] 0023/2048 VUs  17m18.8s/30m0s  3000.00 iters/s

running (17m19.8s), 0051/2048 VUs, 3118835 complete and 0 interrupted iterations
cap_mixed   [  58% ] 0051/2048 VUs  17m19.8s/30m0s  3000.00 iters/s

running (17m20.8s), 0032/2048 VUs, 3121855 complete and 0 interrupted iterations
cap_mixed   [  58% ] 0032/2048 VUs  17m20.8s/30m0s  3000.00 iters/s

running (17m21.8s), 0034/2048 VUs, 3124855 complete and 0 interrupted iterations
cap_mixed   [  58% ] 0034/2048 VUs  17m21.8s/30m0s  3000.00 iters/s

running (17m22.8s), 0037/2048 VUs, 3127850 complete and 0 interrupted iterations
cap_mixed   [  58% ] 0037/2048 VUs  17m22.8s/30m0s  3000.00 iters/s

running (17m23.8s), 0042/2048 VUs, 3130845 complete and 0 interrupted iterations
cap_mixed   [  58% ] 0042/2048 VUs  17m23.8s/30m0s  3000.00 iters/s

running (17m24.8s), 0023/2048 VUs, 3133864 complete and 0 interrupted iterations
cap_mixed   [  58% ] 0023/2048 VUs  17m24.8s/30m0s  3000.00 iters/s

running (17m25.8s), 0021/2048 VUs, 3136866 complete and 0 interrupted iterations
cap_mixed   [  58% ] 0021/2048 VUs  17m25.8s/30m0s  3000.00 iters/s

running (17m26.8s), 0036/2048 VUs, 3139851 complete and 0 interrupted iterations
cap_mixed   [  58% ] 0036/2048 VUs  17m26.8s/30m0s  3000.00 iters/s

running (17m27.8s), 0026/2048 VUs, 3142861 complete and 0 interrupted iterations
cap_mixed   [  58% ] 0026/2048 VUs  17m27.8s/30m0s  3000.00 iters/s

running (17m28.8s), 0014/2048 VUs, 3145872 complete and 0 interrupted iterations
cap_mixed   [  58% ] 0015/2048 VUs  17m28.8s/30m0s  3000.00 iters/s

running (17m29.8s), 0029/2048 VUs, 3148857 complete and 0 interrupted iterations
cap_mixed   [  58% ] 0029/2048 VUs  17m29.8s/30m0s  3000.00 iters/s

running (17m30.8s), 0022/2048 VUs, 3151864 complete and 0 interrupted iterations
cap_mixed   [  58% ] 0022/2048 VUs  17m30.8s/30m0s  3000.00 iters/s

running (17m31.8s), 0027/2048 VUs, 3154862 complete and 0 interrupted iterations
cap_mixed   [  58% ] 0027/2048 VUs  17m31.8s/30m0s  3000.00 iters/s

running (17m32.8s), 0047/2048 VUs, 3157841 complete and 0 interrupted iterations
cap_mixed   [  58% ] 0047/2048 VUs  17m32.8s/30m0s  3000.00 iters/s

running (17m33.8s), 0039/2048 VUs, 3160847 complete and 0 interrupted iterations
cap_mixed   [  59% ] 0039/2048 VUs  17m33.8s/30m0s  3000.00 iters/s

running (17m34.8s), 0026/2048 VUs, 3163860 complete and 0 interrupted iterations
cap_mixed   [  59% ] 0026/2048 VUs  17m34.8s/30m0s  3000.00 iters/s

running (17m35.8s), 0029/2048 VUs, 3166858 complete and 0 interrupted iterations
cap_mixed   [  59% ] 0029/2048 VUs  17m35.8s/30m0s  3000.00 iters/s

running (17m36.8s), 0021/2048 VUs, 3169866 complete and 0 interrupted iterations
cap_mixed   [  59% ] 0021/2048 VUs  17m36.8s/30m0s  3000.00 iters/s

running (17m37.8s), 0015/2048 VUs, 3172871 complete and 0 interrupted iterations
cap_mixed   [  59% ] 0015/2048 VUs  17m37.8s/30m0s  3000.00 iters/s

running (17m38.8s), 0020/2048 VUs, 3175866 complete and 0 interrupted iterations
cap_mixed   [  59% ] 0020/2048 VUs  17m38.8s/30m0s  3000.00 iters/s

running (17m39.8s), 0098/2048 VUs, 3178788 complete and 0 interrupted iterations
cap_mixed   [  59% ] 0098/2048 VUs  17m39.8s/30m0s  3000.00 iters/s

running (17m40.8s), 0026/2048 VUs, 3181862 complete and 0 interrupted iterations
cap_mixed   [  59% ] 0026/2048 VUs  17m40.8s/30m0s  3000.00 iters/s

running (17m41.8s), 0020/2048 VUs, 3184867 complete and 0 interrupted iterations
cap_mixed   [  59% ] 0020/2048 VUs  17m41.8s/30m0s  3000.00 iters/s

running (17m42.8s), 0029/2048 VUs, 3187857 complete and 0 interrupted iterations
cap_mixed   [  59% ] 0029/2048 VUs  17m42.8s/30m0s  3000.00 iters/s

running (17m43.8s), 0021/2048 VUs, 3190865 complete and 0 interrupted iterations
cap_mixed   [  59% ] 0021/2048 VUs  17m43.8s/30m0s  3000.00 iters/s

running (17m44.8s), 0014/2048 VUs, 3193872 complete and 0 interrupted iterations
cap_mixed   [  59% ] 0015/2048 VUs  17m44.8s/30m0s  3000.00 iters/s

running (17m45.8s), 0020/2048 VUs, 3196866 complete and 0 interrupted iterations
cap_mixed   [  59% ] 0020/2048 VUs  17m45.8s/30m0s  3000.00 iters/s

running (17m46.8s), 0026/2048 VUs, 3199860 complete and 0 interrupted iterations
cap_mixed   [  59% ] 0026/2048 VUs  17m46.8s/30m0s  3000.00 iters/s

running (17m47.8s), 0023/2048 VUs, 3202863 complete and 0 interrupted iterations
cap_mixed   [  59% ] 0023/2048 VUs  17m47.8s/30m0s  3000.00 iters/s

running (17m48.8s), 0028/2048 VUs, 3205858 complete and 0 interrupted iterations
cap_mixed   [  59% ] 0028/2048 VUs  17m48.8s/30m0s  3000.00 iters/s

running (17m49.8s), 0025/2048 VUs, 3208861 complete and 0 interrupted iterations
cap_mixed   [  59% ] 0025/2048 VUs  17m49.8s/30m0s  3000.00 iters/s

running (17m50.8s), 0035/2048 VUs, 3211851 complete and 0 interrupted iterations
cap_mixed   [  59% ] 0035/2048 VUs  17m50.8s/30m0s  3000.00 iters/s

running (17m51.8s), 0018/2048 VUs, 3214868 complete and 0 interrupted iterations
cap_mixed   [  60% ] 0018/2048 VUs  17m51.8s/30m0s  3000.00 iters/s

running (17m52.8s), 0018/2048 VUs, 3217867 complete and 0 interrupted iterations
cap_mixed   [  60% ] 0018/2048 VUs  17m52.8s/30m0s  3000.00 iters/s

running (17m53.8s), 0031/2048 VUs, 3220855 complete and 0 interrupted iterations
cap_mixed   [  60% ] 0031/2048 VUs  17m53.8s/30m0s  3000.00 iters/s

running (17m54.8s), 0026/2048 VUs, 3223860 complete and 0 interrupted iterations
cap_mixed   [  60% ] 0026/2048 VUs  17m54.8s/30m0s  3000.00 iters/s

running (17m55.8s), 0021/2048 VUs, 3226865 complete and 0 interrupted iterations
cap_mixed   [  60% ] 0021/2048 VUs  17m55.8s/30m0s  3000.00 iters/s

running (17m56.8s), 0025/2048 VUs, 3229861 complete and 0 interrupted iterations
cap_mixed   [  60% ] 0025/2048 VUs  17m56.8s/30m0s  3000.00 iters/s

running (17m57.8s), 0034/2048 VUs, 3232852 complete and 0 interrupted iterations
cap_mixed   [  60% ] 0034/2048 VUs  17m57.8s/30m0s  3000.00 iters/s

running (17m58.8s), 0025/2048 VUs, 3235861 complete and 0 interrupted iterations
cap_mixed   [  60% ] 0025/2048 VUs  17m58.8s/30m0s  3000.00 iters/s

running (17m59.8s), 0016/2048 VUs, 3238879 complete and 0 interrupted iterations
cap_mixed   [  60% ] 0016/2048 VUs  17m59.8s/30m0s  3000.00 iters/s

running (18m00.8s), 0030/2048 VUs, 3241857 complete and 0 interrupted iterations
cap_mixed   [  60% ] 0030/2048 VUs  18m00.8s/30m0s  3000.00 iters/s

running (18m01.8s), 0183/2048 VUs, 3244703 complete and 0 interrupted iterations
cap_mixed   [  60% ] 0183/2048 VUs  18m01.8s/30m0s  3000.00 iters/s

running (18m02.8s), 0025/2048 VUs, 3247862 complete and 0 interrupted iterations
cap_mixed   [  60% ] 0025/2048 VUs  18m02.8s/30m0s  3000.00 iters/s

running (18m03.8s), 0019/2048 VUs, 3250867 complete and 0 interrupted iterations
cap_mixed   [  60% ] 0019/2048 VUs  18m03.8s/30m0s  3000.00 iters/s

running (18m04.8s), 0019/2048 VUs, 3253868 complete and 0 interrupted iterations
cap_mixed   [  60% ] 0019/2048 VUs  18m04.8s/30m0s  3000.00 iters/s

running (18m05.8s), 0028/2048 VUs, 3256858 complete and 0 interrupted iterations
cap_mixed   [  60% ] 0028/2048 VUs  18m05.8s/30m0s  3000.00 iters/s

running (18m06.8s), 0027/2048 VUs, 3259859 complete and 0 interrupted iterations
cap_mixed   [  60% ] 0028/2048 VUs  18m06.8s/30m0s  3000.00 iters/s

running (18m07.8s), 0020/2048 VUs, 3262866 complete and 0 interrupted iterations
cap_mixed   [  60% ] 0020/2048 VUs  18m07.8s/30m0s  3000.00 iters/s

running (18m08.8s), 0023/2048 VUs, 3265864 complete and 0 interrupted iterations
cap_mixed   [  60% ] 0023/2048 VUs  18m08.8s/30m0s  3000.00 iters/s

running (18m09.8s), 0020/2048 VUs, 3268866 complete and 0 interrupted iterations
cap_mixed   [  61% ] 0020/2048 VUs  18m09.8s/30m0s  3000.00 iters/s

running (18m10.8s), 0024/2048 VUs, 3271862 complete and 0 interrupted iterations
cap_mixed   [  61% ] 0024/2048 VUs  18m10.8s/30m0s  3000.00 iters/s

running (18m11.8s), 0035/2048 VUs, 3274853 complete and 0 interrupted iterations
cap_mixed   [  61% ] 0035/2048 VUs  18m11.8s/30m0s  3000.00 iters/s

running (18m12.8s), 0016/2048 VUs, 3277870 complete and 0 interrupted iterations
cap_mixed   [  61% ] 0016/2048 VUs  18m12.8s/30m0s  3000.00 iters/s

running (18m13.8s), 0022/2048 VUs, 3280866 complete and 0 interrupted iterations
cap_mixed   [  61% ] 0022/2048 VUs  18m13.8s/30m0s  3000.00 iters/s

running (18m14.8s), 0023/2048 VUs, 3283864 complete and 0 interrupted iterations
cap_mixed   [  61% ] 0023/2048 VUs  18m14.8s/30m0s  3000.00 iters/s

running (18m15.8s), 0031/2048 VUs, 3286855 complete and 0 interrupted iterations
cap_mixed   [  61% ] 0031/2048 VUs  18m15.8s/30m0s  3000.00 iters/s

running (18m16.8s), 0024/2048 VUs, 3289863 complete and 0 interrupted iterations
cap_mixed   [  61% ] 0024/2048 VUs  18m16.8s/30m0s  3000.00 iters/s

running (18m17.8s), 0040/2048 VUs, 3292846 complete and 0 interrupted iterations
cap_mixed   [  61% ] 0040/2048 VUs  18m17.8s/30m0s  3000.00 iters/s

running (18m18.8s), 0024/2048 VUs, 3295862 complete and 0 interrupted iterations
cap_mixed   [  61% ] 0024/2048 VUs  18m18.8s/30m0s  3000.00 iters/s

running (18m19.8s), 0021/2048 VUs, 3298865 complete and 0 interrupted iterations
cap_mixed   [  61% ] 0021/2048 VUs  18m19.8s/30m0s  3000.00 iters/s

running (18m20.8s), 0024/2048 VUs, 3301862 complete and 0 interrupted iterations
cap_mixed   [  61% ] 0024/2048 VUs  18m20.8s/30m0s  3000.00 iters/s

running (18m21.8s), 0148/2048 VUs, 3304750 complete and 0 interrupted iterations
cap_mixed   [  61% ] 0148/2048 VUs  18m21.8s/30m0s  3000.00 iters/s

running (18m22.8s), 0030/2048 VUs, 3307858 complete and 0 interrupted iterations
cap_mixed   [  61% ] 0030/2048 VUs  18m22.8s/30m0s  3000.00 iters/s

running (18m23.8s), 0065/2048 VUs, 3310822 complete and 0 interrupted iterations
cap_mixed   [  61% ] 0065/2048 VUs  18m23.8s/30m0s  3000.00 iters/s

running (18m24.8s), 0025/2048 VUs, 3313862 complete and 0 interrupted iterations
cap_mixed   [  61% ] 0025/2048 VUs  18m24.8s/30m0s  3000.00 iters/s

running (18m25.8s), 0027/2048 VUs, 3316859 complete and 0 interrupted iterations
cap_mixed   [  61% ] 0027/2048 VUs  18m25.8s/30m0s  3000.00 iters/s

running (18m26.8s), 0029/2048 VUs, 3319857 complete and 0 interrupted iterations
cap_mixed   [  61% ] 0029/2048 VUs  18m26.8s/30m0s  3000.00 iters/s

running (18m27.8s), 0033/2048 VUs, 3322854 complete and 0 interrupted iterations
cap_mixed   [  62% ] 0033/2048 VUs  18m27.8s/30m0s  3000.00 iters/s

running (18m28.8s), 0028/2048 VUs, 3325859 complete and 0 interrupted iterations
cap_mixed   [  62% ] 0028/2048 VUs  18m28.8s/30m0s  3000.00 iters/s

running (18m29.8s), 0015/2048 VUs, 3328871 complete and 0 interrupted iterations
cap_mixed   [  62% ] 0015/2048 VUs  18m29.8s/30m0s  3000.00 iters/s

running (18m30.8s), 0041/2048 VUs, 3331846 complete and 0 interrupted iterations
cap_mixed   [  62% ] 0041/2048 VUs  18m30.8s/30m0s  3000.00 iters/s

running (18m31.8s), 0025/2048 VUs, 3334861 complete and 0 interrupted iterations
cap_mixed   [  62% ] 0025/2048 VUs  18m31.8s/30m0s  3000.00 iters/s

running (18m32.8s), 0019/2048 VUs, 3337870 complete and 0 interrupted iterations
cap_mixed   [  62% ] 0019/2048 VUs  18m32.8s/30m0s  3000.00 iters/s

running (18m33.8s), 0037/2048 VUs, 3340849 complete and 0 interrupted iterations
cap_mixed   [  62% ] 0037/2048 VUs  18m33.8s/30m0s  3000.00 iters/s

running (18m34.8s), 0698/2048 VUs, 3343189 complete and 0 interrupted iterations
cap_mixed   [  62% ] 0698/2048 VUs  18m34.8s/30m0s  3000.00 iters/s

running (18m35.8s), 0405/2048 VUs, 3346483 complete and 0 interrupted iterations
cap_mixed   [  62% ] 0405/2048 VUs  18m35.8s/30m0s  3000.00 iters/s

running (18m36.8s), 0113/2048 VUs, 3349774 complete and 0 interrupted iterations
cap_mixed   [  62% ] 0113/2048 VUs  18m36.8s/30m0s  3000.00 iters/s

running (18m37.8s), 0021/2048 VUs, 3352866 complete and 0 interrupted iterations
cap_mixed   [  62% ] 0021/2048 VUs  18m37.8s/30m0s  3000.00 iters/s

running (18m38.8s), 0021/2048 VUs, 3355866 complete and 0 interrupted iterations
cap_mixed   [  62% ] 0021/2048 VUs  18m38.8s/30m0s  3000.00 iters/s

running (18m39.8s), 0016/2048 VUs, 3358871 complete and 0 interrupted iterations
cap_mixed   [  62% ] 0016/2048 VUs  18m39.8s/30m0s  3000.00 iters/s

running (18m40.8s), 0019/2048 VUs, 3361867 complete and 0 interrupted iterations
cap_mixed   [  62% ] 0020/2048 VUs  18m40.8s/30m0s  3000.00 iters/s

running (18m41.8s), 0071/2048 VUs, 3364816 complete and 0 interrupted iterations
cap_mixed   [  62% ] 0071/2048 VUs  18m41.8s/30m0s  3000.00 iters/s

running (18m42.8s), 0083/2048 VUs, 3367805 complete and 0 interrupted iterations
cap_mixed   [  62% ] 0083/2048 VUs  18m42.8s/30m0s  3000.00 iters/s

running (18m43.8s), 0024/2048 VUs, 3370862 complete and 0 interrupted iterations
cap_mixed   [  62% ] 0024/2048 VUs  18m43.8s/30m0s  3000.00 iters/s

running (18m44.8s), 0023/2048 VUs, 3373863 complete and 0 interrupted iterations
cap_mixed   [  62% ] 0023/2048 VUs  18m44.8s/30m0s  3000.00 iters/s

running (18m45.8s), 0018/2048 VUs, 3376869 complete and 0 interrupted iterations
cap_mixed   [  63% ] 0018/2048 VUs  18m45.8s/30m0s  3000.00 iters/s

running (18m46.8s), 0018/2048 VUs, 3379868 complete and 0 interrupted iterations
cap_mixed   [  63% ] 0018/2048 VUs  18m46.8s/30m0s  3000.00 iters/s

running (18m47.8s), 0028/2048 VUs, 3382858 complete and 0 interrupted iterations
cap_mixed   [  63% ] 0028/2048 VUs  18m47.8s/30m0s  3000.00 iters/s

running (18m48.8s), 0037/2048 VUs, 3385850 complete and 0 interrupted iterations
cap_mixed   [  63% ] 0037/2048 VUs  18m48.8s/30m0s  3000.00 iters/s

running (18m49.8s), 0028/2048 VUs, 3388859 complete and 0 interrupted iterations
cap_mixed   [  63% ] 0028/2048 VUs  18m49.8s/30m0s  3000.00 iters/s

running (18m50.8s), 0110/2048 VUs, 3391777 complete and 0 interrupted iterations
cap_mixed   [  63% ] 0110/2048 VUs  18m50.8s/30m0s  3000.00 iters/s

running (18m51.8s), 0025/2048 VUs, 3394863 complete and 0 interrupted iterations
cap_mixed   [  63% ] 0025/2048 VUs  18m51.8s/30m0s  3000.00 iters/s

running (18m52.8s), 0032/2048 VUs, 3397855 complete and 0 interrupted iterations
cap_mixed   [  63% ] 0032/2048 VUs  18m52.8s/30m0s  3000.00 iters/s

running (18m53.8s), 0031/2048 VUs, 3400855 complete and 0 interrupted iterations
cap_mixed   [  63% ] 0031/2048 VUs  18m53.8s/30m0s  3000.00 iters/s

running (18m54.8s), 0026/2048 VUs, 3403862 complete and 0 interrupted iterations
cap_mixed   [  63% ] 0026/2048 VUs  18m54.8s/30m0s  3000.00 iters/s

running (18m55.8s), 0028/2048 VUs, 3406860 complete and 0 interrupted iterations
cap_mixed   [  63% ] 0028/2048 VUs  18m55.8s/30m0s  3000.00 iters/s

running (18m56.8s), 0031/2048 VUs, 3409856 complete and 0 interrupted iterations
cap_mixed   [  63% ] 0031/2048 VUs  18m56.8s/30m0s  3000.00 iters/s

running (18m57.8s), 0029/2048 VUs, 3412858 complete and 0 interrupted iterations
cap_mixed   [  63% ] 0029/2048 VUs  18m57.8s/30m0s  3000.00 iters/s

running (18m58.8s), 0033/2048 VUs, 3415854 complete and 0 interrupted iterations
cap_mixed   [  63% ] 0033/2048 VUs  18m58.8s/30m0s  3000.00 iters/s

running (18m59.8s), 0071/2048 VUs, 3418816 complete and 0 interrupted iterations
cap_mixed   [  63% ] 0071/2048 VUs  18m59.8s/30m0s  3000.00 iters/s

running (19m00.8s), 0015/2048 VUs, 3421873 complete and 0 interrupted iterations
cap_mixed   [  63% ] 0015/2048 VUs  19m00.8s/30m0s  3000.00 iters/s

running (19m01.8s), 0028/2048 VUs, 3424859 complete and 0 interrupted iterations
cap_mixed   [  63% ] 0028/2048 VUs  19m01.8s/30m0s  3000.00 iters/s

running (19m02.8s), 0205/2048 VUs, 3427682 complete and 0 interrupted iterations
cap_mixed   [  63% ] 0205/2048 VUs  19m02.8s/30m0s  3000.00 iters/s

running (19m03.8s), 0013/2048 VUs, 3430875 complete and 0 interrupted iterations
cap_mixed   [  64% ] 0013/2048 VUs  19m03.8s/30m0s  3000.00 iters/s

running (19m04.8s), 0033/2048 VUs, 3433854 complete and 0 interrupted iterations
cap_mixed   [  64% ] 0033/2048 VUs  19m04.8s/30m0s  3000.00 iters/s

running (19m05.8s), 0026/2048 VUs, 3436861 complete and 0 interrupted iterations
cap_mixed   [  64% ] 0026/2048 VUs  19m05.8s/30m0s  3000.00 iters/s

running (19m06.8s), 0027/2048 VUs, 3439859 complete and 0 interrupted iterations
cap_mixed   [  64% ] 0026/2048 VUs  19m06.8s/30m0s  3000.00 iters/s

running (19m07.8s), 0024/2048 VUs, 3442862 complete and 0 interrupted iterations
cap_mixed   [  64% ] 0024/2048 VUs  19m07.8s/30m0s  3000.00 iters/s

running (19m08.8s), 0020/2048 VUs, 3445868 complete and 0 interrupted iterations
cap_mixed   [  64% ] 0020/2048 VUs  19m08.8s/30m0s  3000.00 iters/s

running (19m09.8s), 0021/2048 VUs, 3448865 complete and 0 interrupted iterations
cap_mixed   [  64% ] 0021/2048 VUs  19m09.8s/30m0s  3000.00 iters/s

running (19m10.8s), 0020/2048 VUs, 3451867 complete and 0 interrupted iterations
cap_mixed   [  64% ] 0020/2048 VUs  19m10.8s/30m0s  3000.00 iters/s

running (19m11.8s), 0023/2048 VUs, 3454863 complete and 0 interrupted iterations
cap_mixed   [  64% ] 0023/2048 VUs  19m11.8s/30m0s  3000.00 iters/s

running (19m12.8s), 0021/2048 VUs, 3457866 complete and 0 interrupted iterations
cap_mixed   [  64% ] 0021/2048 VUs  19m12.8s/30m0s  3000.00 iters/s

running (19m13.8s), 0025/2048 VUs, 3460862 complete and 0 interrupted iterations
cap_mixed   [  64% ] 0025/2048 VUs  19m13.8s/30m0s  3000.00 iters/s

running (19m14.8s), 0018/2048 VUs, 3463869 complete and 0 interrupted iterations
cap_mixed   [  64% ] 0018/2048 VUs  19m14.8s/30m0s  3000.00 iters/s

running (19m15.8s), 0026/2048 VUs, 3466861 complete and 0 interrupted iterations
cap_mixed   [  64% ] 0026/2048 VUs  19m15.8s/30m0s  3000.00 iters/s

running (19m16.8s), 0034/2048 VUs, 3469853 complete and 0 interrupted iterations
cap_mixed   [  64% ] 0034/2048 VUs  19m16.8s/30m0s  3000.00 iters/s

running (19m17.8s), 0028/2048 VUs, 3472859 complete and 0 interrupted iterations
cap_mixed   [  64% ] 0028/2048 VUs  19m17.8s/30m0s  3000.00 iters/s

running (19m18.8s), 0024/2048 VUs, 3475863 complete and 0 interrupted iterations
cap_mixed   [  64% ] 0024/2048 VUs  19m18.8s/30m0s  3000.00 iters/s

running (19m19.8s), 0056/2048 VUs, 3478831 complete and 0 interrupted iterations
cap_mixed   [  64% ] 0056/2048 VUs  19m19.8s/30m0s  3000.00 iters/s

running (19m20.8s), 0037/2048 VUs, 3481850 complete and 0 interrupted iterations
cap_mixed   [  64% ] 0037/2048 VUs  19m20.8s/30m0s  3000.00 iters/s

running (19m21.8s), 0022/2048 VUs, 3484864 complete and 0 interrupted iterations
cap_mixed   [  65% ] 0022/2048 VUs  19m21.8s/30m0s  3000.00 iters/s

running (19m22.8s), 0110/2048 VUs, 3487779 complete and 0 interrupted iterations
cap_mixed   [  65% ] 0110/2048 VUs  19m22.8s/30m0s  3000.00 iters/s

running (19m23.8s), 0098/2048 VUs, 3490789 complete and 0 interrupted iterations
cap_mixed   [  65% ] 0098/2048 VUs  19m23.8s/30m0s  3000.00 iters/s

running (19m24.8s), 0150/2048 VUs, 3493742 complete and 0 interrupted iterations
cap_mixed   [  65% ] 0150/2048 VUs  19m24.8s/30m0s  3000.00 iters/s

running (19m25.8s), 0020/2048 VUs, 3496867 complete and 0 interrupted iterations
cap_mixed   [  65% ] 0020/2048 VUs  19m25.8s/30m0s  3000.00 iters/s

running (19m26.8s), 0024/2048 VUs, 3499862 complete and 0 interrupted iterations
cap_mixed   [  65% ] 0024/2048 VUs  19m26.8s/30m0s  3000.00 iters/s

running (19m27.8s), 0135/2048 VUs, 3502752 complete and 0 interrupted iterations
cap_mixed   [  65% ] 0135/2048 VUs  19m27.8s/30m0s  3000.00 iters/s

running (19m28.8s), 0019/2048 VUs, 3505869 complete and 0 interrupted iterations
cap_mixed   [  65% ] 0019/2048 VUs  19m28.8s/30m0s  3000.00 iters/s

running (19m29.8s), 0020/2048 VUs, 3508867 complete and 0 interrupted iterations
cap_mixed   [  65% ] 0020/2048 VUs  19m29.8s/30m0s  3000.00 iters/s

running (19m30.8s), 0027/2048 VUs, 3511860 complete and 0 interrupted iterations
cap_mixed   [  65% ] 0027/2048 VUs  19m30.8s/30m0s  3000.00 iters/s

running (19m31.8s), 0032/2048 VUs, 3514855 complete and 0 interrupted iterations
cap_mixed   [  65% ] 0032/2048 VUs  19m31.8s/30m0s  3000.00 iters/s

running (19m32.8s), 0017/2048 VUs, 3517870 complete and 0 interrupted iterations
cap_mixed   [  65% ] 0017/2048 VUs  19m32.8s/30m0s  3000.00 iters/s

running (19m33.8s), 0039/2048 VUs, 3520848 complete and 0 interrupted iterations
cap_mixed   [  65% ] 0039/2048 VUs  19m33.8s/30m0s  3000.00 iters/s

running (19m34.8s), 0013/2048 VUs, 3523874 complete and 0 interrupted iterations
cap_mixed   [  65% ] 0013/2048 VUs  19m34.8s/30m0s  3000.00 iters/s

running (19m35.8s), 0024/2048 VUs, 3526863 complete and 0 interrupted iterations
cap_mixed   [  65% ] 0024/2048 VUs  19m35.8s/30m0s  3000.00 iters/s

running (19m36.8s), 0028/2048 VUs, 3529861 complete and 0 interrupted iterations
cap_mixed   [  65% ] 0028/2048 VUs  19m36.8s/30m0s  3000.00 iters/s

running (19m37.8s), 0034/2048 VUs, 3532852 complete and 0 interrupted iterations
cap_mixed   [  65% ] 0034/2048 VUs  19m37.8s/30m0s  3000.00 iters/s

running (19m38.8s), 0030/2048 VUs, 3535857 complete and 0 interrupted iterations
cap_mixed   [  65% ] 0030/2048 VUs  19m38.8s/30m0s  3000.00 iters/s

running (19m39.8s), 0027/2048 VUs, 3538860 complete and 0 interrupted iterations
cap_mixed   [  66% ] 0027/2048 VUs  19m39.8s/30m0s  3000.00 iters/s

running (19m40.8s), 0013/2048 VUs, 3541874 complete and 0 interrupted iterations
cap_mixed   [  66% ] 0013/2048 VUs  19m40.8s/30m0s  3000.00 iters/s

running (19m41.8s), 0028/2048 VUs, 3544859 complete and 0 interrupted iterations
cap_mixed   [  66% ] 0028/2048 VUs  19m41.8s/30m0s  3000.00 iters/s

running (19m42.8s), 0095/2048 VUs, 3547792 complete and 0 interrupted iterations
cap_mixed   [  66% ] 0095/2048 VUs  19m42.8s/30m0s  3000.00 iters/s

running (19m43.8s), 0018/2048 VUs, 3550869 complete and 0 interrupted iterations
cap_mixed   [  66% ] 0018/2048 VUs  19m43.8s/30m0s  3000.00 iters/s

running (19m44.8s), 0023/2048 VUs, 3553864 complete and 0 interrupted iterations
cap_mixed   [  66% ] 0023/2048 VUs  19m44.8s/30m0s  3000.00 iters/s

running (19m45.8s), 0017/2048 VUs, 3556870 complete and 0 interrupted iterations
cap_mixed   [  66% ] 0017/2048 VUs  19m45.8s/30m0s  3000.00 iters/s

running (19m46.8s), 0043/2048 VUs, 3559844 complete and 0 interrupted iterations
cap_mixed   [  66% ] 0043/2048 VUs  19m46.8s/30m0s  3000.00 iters/s

running (19m47.8s), 0015/2048 VUs, 3562872 complete and 0 interrupted iterations
cap_mixed   [  66% ] 0015/2048 VUs  19m47.8s/30m0s  3000.00 iters/s

running (19m48.8s), 0026/2048 VUs, 3565861 complete and 0 interrupted iterations
cap_mixed   [  66% ] 0026/2048 VUs  19m48.8s/30m0s  3000.00 iters/s

running (19m49.8s), 0061/2048 VUs, 3568826 complete and 0 interrupted iterations
cap_mixed   [  66% ] 0061/2048 VUs  19m49.8s/30m0s  3000.00 iters/s

running (19m50.8s), 0025/2048 VUs, 3571862 complete and 0 interrupted iterations
cap_mixed   [  66% ] 0025/2048 VUs  19m50.8s/30m0s  3000.00 iters/s

running (19m51.8s), 0024/2048 VUs, 3574863 complete and 0 interrupted iterations
cap_mixed   [  66% ] 0024/2048 VUs  19m51.8s/30m0s  3000.00 iters/s

running (19m52.8s), 0025/2048 VUs, 3577862 complete and 0 interrupted iterations
cap_mixed   [  66% ] 0025/2048 VUs  19m52.8s/30m0s  3000.00 iters/s

running (19m53.8s), 0021/2048 VUs, 3580866 complete and 0 interrupted iterations
cap_mixed   [  66% ] 0021/2048 VUs  19m53.8s/30m0s  3000.00 iters/s

running (19m54.8s), 0027/2048 VUs, 3583859 complete and 0 interrupted iterations
cap_mixed   [  66% ] 0027/2048 VUs  19m54.8s/30m0s  3000.00 iters/s

running (19m55.8s), 0028/2048 VUs, 3586860 complete and 0 interrupted iterations
cap_mixed   [  66% ] 0028/2048 VUs  19m55.8s/30m0s  3000.00 iters/s

running (19m56.8s), 0023/2048 VUs, 3589864 complete and 0 interrupted iterations
cap_mixed   [  66% ] 0023/2048 VUs  19m56.8s/30m0s  3000.00 iters/s

running (19m57.8s), 0028/2048 VUs, 3592859 complete and 0 interrupted iterations
cap_mixed   [  67% ] 0028/2048 VUs  19m57.8s/30m0s  3000.00 iters/s

running (19m58.8s), 0019/2048 VUs, 3595868 complete and 0 interrupted iterations
cap_mixed   [  67% ] 0019/2048 VUs  19m58.8s/30m0s  3000.00 iters/s

running (19m59.8s), 0018/2048 VUs, 3598868 complete and 0 interrupted iterations
cap_mixed   [  67% ] 0018/2048 VUs  19m59.8s/30m0s  3000.00 iters/s

running (20m00.8s), 0027/2048 VUs, 3601860 complete and 0 interrupted iterations
cap_mixed   [  67% ] 0027/2048 VUs  20m00.8s/30m0s  3000.00 iters/s

running (20m01.8s), 0021/2048 VUs, 3604866 complete and 0 interrupted iterations
cap_mixed   [  67% ] 0021/2048 VUs  20m01.8s/30m0s  3000.00 iters/s

running (20m02.8s), 0067/2048 VUs, 3607820 complete and 0 interrupted iterations
cap_mixed   [  67% ] 0067/2048 VUs  20m02.8s/30m0s  3000.00 iters/s

running (20m03.8s), 0023/2048 VUs, 3610865 complete and 0 interrupted iterations
cap_mixed   [  67% ] 0022/2048 VUs  20m03.8s/30m0s  3000.00 iters/s

running (20m04.8s), 0018/2048 VUs, 3613869 complete and 0 interrupted iterations
cap_mixed   [  67% ] 0018/2048 VUs  20m04.8s/30m0s  3000.00 iters/s

running (20m05.8s), 0024/2048 VUs, 3616863 complete and 0 interrupted iterations
cap_mixed   [  67% ] 0024/2048 VUs  20m05.8s/30m0s  3000.00 iters/s

running (20m06.8s), 0029/2048 VUs, 3619858 complete and 0 interrupted iterations
cap_mixed   [  67% ] 0028/2048 VUs  20m06.8s/30m0s  3000.00 iters/s

running (20m07.8s), 0024/2048 VUs, 3622863 complete and 0 interrupted iterations
cap_mixed   [  67% ] 0024/2048 VUs  20m07.8s/30m0s  3000.00 iters/s

running (20m08.8s), 0017/2048 VUs, 3625870 complete and 0 interrupted iterations
cap_mixed   [  67% ] 0017/2048 VUs  20m08.8s/30m0s  3000.00 iters/s

running (20m09.8s), 0031/2048 VUs, 3628856 complete and 0 interrupted iterations
cap_mixed   [  67% ] 0031/2048 VUs  20m09.8s/30m0s  3000.00 iters/s

running (20m10.8s), 0023/2048 VUs, 3631864 complete and 0 interrupted iterations
cap_mixed   [  67% ] 0023/2048 VUs  20m10.8s/30m0s  3000.00 iters/s

running (20m11.8s), 0021/2048 VUs, 3634866 complete and 0 interrupted iterations
cap_mixed   [  67% ] 0021/2048 VUs  20m11.8s/30m0s  3000.00 iters/s

running (20m12.8s), 0034/2048 VUs, 3637853 complete and 0 interrupted iterations
cap_mixed   [  67% ] 0034/2048 VUs  20m12.8s/30m0s  3000.00 iters/s

running (20m13.8s), 0017/2048 VUs, 3640870 complete and 0 interrupted iterations
cap_mixed   [  67% ] 0017/2048 VUs  20m13.8s/30m0s  3000.00 iters/s

running (20m14.8s), 0019/2048 VUs, 3643868 complete and 0 interrupted iterations
cap_mixed   [  67% ] 0019/2048 VUs  20m14.8s/30m0s  3000.00 iters/s

running (20m15.8s), 0033/2048 VUs, 3646855 complete and 0 interrupted iterations
cap_mixed   [  68% ] 0033/2048 VUs  20m15.8s/30m0s  3000.00 iters/s

running (20m16.8s), 0022/2048 VUs, 3649864 complete and 0 interrupted iterations
cap_mixed   [  68% ] 0022/2048 VUs  20m16.8s/30m0s  3000.00 iters/s

running (20m17.8s), 0017/2048 VUs, 3652870 complete and 0 interrupted iterations
cap_mixed   [  68% ] 0017/2048 VUs  20m17.8s/30m0s  3000.00 iters/s

running (20m18.8s), 0020/2048 VUs, 3655867 complete and 0 interrupted iterations
cap_mixed   [  68% ] 0020/2048 VUs  20m18.8s/30m0s  3000.00 iters/s

running (20m19.8s), 0023/2048 VUs, 3658864 complete and 0 interrupted iterations
cap_mixed   [  68% ] 0023/2048 VUs  20m19.8s/30m0s  3000.00 iters/s

running (20m20.8s), 0035/2048 VUs, 3661852 complete and 0 interrupted iterations
cap_mixed   [  68% ] 0035/2048 VUs  20m20.8s/30m0s  3000.00 iters/s

running (20m21.8s), 0022/2048 VUs, 3664866 complete and 0 interrupted iterations
cap_mixed   [  68% ] 0022/2048 VUs  20m21.8s/30m0s  3000.00 iters/s

running (20m22.8s), 0019/2048 VUs, 3667868 complete and 0 interrupted iterations
cap_mixed   [  68% ] 0019/2048 VUs  20m22.8s/30m0s  3000.00 iters/s

running (20m23.8s), 0022/2048 VUs, 3670864 complete and 0 interrupted iterations
cap_mixed   [  68% ] 0022/2048 VUs  20m23.8s/30m0s  3000.00 iters/s

running (20m24.8s), 0026/2048 VUs, 3673862 complete and 0 interrupted iterations
cap_mixed   [  68% ] 0026/2048 VUs  20m24.8s/30m0s  3000.00 iters/s

running (20m25.8s), 0017/2048 VUs, 3676870 complete and 0 interrupted iterations
cap_mixed   [  68% ] 0017/2048 VUs  20m25.8s/30m0s  3000.00 iters/s

running (20m26.8s), 0015/2048 VUs, 3679872 complete and 0 interrupted iterations
cap_mixed   [  68% ] 0015/2048 VUs  20m26.8s/30m0s  3000.00 iters/s

running (20m27.8s), 0014/2048 VUs, 3682874 complete and 0 interrupted iterations
cap_mixed   [  68% ] 0014/2048 VUs  20m27.8s/30m0s  3000.00 iters/s

running (20m28.8s), 0028/2048 VUs, 3685859 complete and 0 interrupted iterations
cap_mixed   [  68% ] 0028/2048 VUs  20m28.8s/30m0s  3000.00 iters/s

running (20m29.8s), 0025/2048 VUs, 3688862 complete and 0 interrupted iterations
cap_mixed   [  68% ] 0025/2048 VUs  20m29.8s/30m0s  3000.00 iters/s

running (20m30.8s), 0020/2048 VUs, 3691867 complete and 0 interrupted iterations
cap_mixed   [  68% ] 0020/2048 VUs  20m30.8s/30m0s  3000.00 iters/s

running (20m31.8s), 0017/2048 VUs, 3694870 complete and 0 interrupted iterations
cap_mixed   [  68% ] 0017/2048 VUs  20m31.8s/30m0s  3000.00 iters/s

running (20m32.8s), 0030/2048 VUs, 3697857 complete and 0 interrupted iterations
cap_mixed   [  68% ] 0030/2048 VUs  20m32.8s/30m0s  3000.00 iters/s

running (20m33.8s), 0015/2048 VUs, 3700872 complete and 0 interrupted iterations
cap_mixed   [  69% ] 0015/2048 VUs  20m33.8s/30m0s  3000.00 iters/s

running (20m34.8s), 0022/2048 VUs, 3703867 complete and 0 interrupted iterations
cap_mixed   [  69% ] 0022/2048 VUs  20m34.8s/30m0s  3000.00 iters/s

running (20m35.8s), 0022/2048 VUs, 3706865 complete and 0 interrupted iterations
cap_mixed   [  69% ] 0022/2048 VUs  20m35.8s/30m0s  3000.00 iters/s

running (20m36.8s), 0041/2048 VUs, 3709846 complete and 0 interrupted iterations
cap_mixed   [  69% ] 0041/2048 VUs  20m36.8s/30m0s  3000.00 iters/s

running (20m37.8s), 0032/2048 VUs, 3712855 complete and 0 interrupted iterations
cap_mixed   [  69% ] 0032/2048 VUs  20m37.8s/30m0s  3000.00 iters/s

running (20m38.8s), 0019/2048 VUs, 3715868 complete and 0 interrupted iterations
cap_mixed   [  69% ] 0020/2048 VUs  20m38.8s/30m0s  3000.00 iters/s

running (20m39.8s), 0030/2048 VUs, 3718857 complete and 0 interrupted iterations
cap_mixed   [  69% ] 0030/2048 VUs  20m39.8s/30m0s  3000.00 iters/s

running (20m40.8s), 0016/2048 VUs, 3721871 complete and 0 interrupted iterations
cap_mixed   [  69% ] 0016/2048 VUs  20m40.8s/30m0s  3000.00 iters/s

running (20m41.8s), 0027/2048 VUs, 3724860 complete and 0 interrupted iterations
cap_mixed   [  69% ] 0027/2048 VUs  20m41.8s/30m0s  3000.00 iters/s

running (20m42.8s), 0019/2048 VUs, 3727868 complete and 0 interrupted iterations
cap_mixed   [  69% ] 0019/2048 VUs  20m42.8s/30m0s  3000.00 iters/s

running (20m43.8s), 0141/2048 VUs, 3730746 complete and 0 interrupted iterations
cap_mixed   [  69% ] 0141/2048 VUs  20m43.8s/30m0s  3000.00 iters/s

running (20m44.8s), 0022/2048 VUs, 3733865 complete and 0 interrupted iterations
cap_mixed   [  69% ] 0022/2048 VUs  20m44.8s/30m0s  3000.00 iters/s

running (20m45.8s), 0018/2048 VUs, 3736869 complete and 0 interrupted iterations
cap_mixed   [  69% ] 0018/2048 VUs  20m45.8s/30m0s  3000.00 iters/s

running (20m46.8s), 0030/2048 VUs, 3739857 complete and 0 interrupted iterations
cap_mixed   [  69% ] 0030/2048 VUs  20m46.8s/30m0s  3000.00 iters/s

running (20m47.8s), 0024/2048 VUs, 3742863 complete and 0 interrupted iterations
cap_mixed   [  69% ] 0024/2048 VUs  20m47.8s/30m0s  3000.00 iters/s

running (20m48.8s), 0031/2048 VUs, 3745856 complete and 0 interrupted iterations
cap_mixed   [  69% ] 0031/2048 VUs  20m48.8s/30m0s  3000.00 iters/s

running (20m49.8s), 0014/2048 VUs, 3748873 complete and 0 interrupted iterations
cap_mixed   [  69% ] 0014/2048 VUs  20m49.8s/30m0s  3000.00 iters/s

running (20m50.8s), 0017/2048 VUs, 3751870 complete and 0 interrupted iterations
cap_mixed   [  69% ] 0017/2048 VUs  20m50.8s/30m0s  3000.00 iters/s

running (20m51.8s), 0027/2048 VUs, 3754860 complete and 0 interrupted iterations
cap_mixed   [  70% ] 0027/2048 VUs  20m51.8s/30m0s  3000.00 iters/s

running (20m52.8s), 0019/2048 VUs, 3757868 complete and 0 interrupted iterations
cap_mixed   [  70% ] 0019/2048 VUs  20m52.8s/30m0s  3000.00 iters/s

running (20m53.8s), 0026/2048 VUs, 3760861 complete and 0 interrupted iterations
cap_mixed   [  70% ] 0026/2048 VUs  20m53.8s/30m0s  3000.00 iters/s

running (20m54.8s), 0028/2048 VUs, 3763860 complete and 0 interrupted iterations
cap_mixed   [  70% ] 0028/2048 VUs  20m54.8s/30m0s  3000.00 iters/s

running (20m55.8s), 0028/2048 VUs, 3766859 complete and 0 interrupted iterations
cap_mixed   [  70% ] 0028/2048 VUs  20m55.8s/30m0s  3000.00 iters/s

running (20m56.8s), 0020/2048 VUs, 3769868 complete and 0 interrupted iterations
cap_mixed   [  70% ] 0020/2048 VUs  20m56.8s/30m0s  3000.00 iters/s

running (20m57.8s), 0025/2048 VUs, 3772862 complete and 0 interrupted iterations
cap_mixed   [  70% ] 0025/2048 VUs  20m57.8s/30m0s  3000.00 iters/s

running (20m58.8s), 0026/2048 VUs, 3775861 complete and 0 interrupted iterations
cap_mixed   [  70% ] 0026/2048 VUs  20m58.8s/30m0s  3000.00 iters/s

running (20m59.8s), 0018/2048 VUs, 3778870 complete and 0 interrupted iterations
cap_mixed   [  70% ] 0018/2048 VUs  20m59.8s/30m0s  3000.00 iters/s

running (21m00.8s), 0026/2048 VUs, 3781861 complete and 0 interrupted iterations
cap_mixed   [  70% ] 0026/2048 VUs  21m00.8s/30m0s  3000.00 iters/s

running (21m01.8s), 0022/2048 VUs, 3784865 complete and 0 interrupted iterations
cap_mixed   [  70% ] 0022/2048 VUs  21m01.8s/30m0s  3000.00 iters/s

running (21m02.8s), 0032/2048 VUs, 3787854 complete and 0 interrupted iterations
cap_mixed   [  70% ] 0032/2048 VUs  21m02.8s/30m0s  3000.00 iters/s

running (21m03.8s), 0150/2048 VUs, 3790737 complete and 0 interrupted iterations
cap_mixed   [  70% ] 0150/2048 VUs  21m03.8s/30m0s  3000.00 iters/s

running (21m04.8s), 0165/2048 VUs, 3793722 complete and 0 interrupted iterations
cap_mixed   [  70% ] 0165/2048 VUs  21m04.8s/30m0s  3000.00 iters/s

running (21m05.8s), 0033/2048 VUs, 3796854 complete and 0 interrupted iterations
cap_mixed   [  70% ] 0032/2048 VUs  21m05.8s/30m0s  3000.00 iters/s

running (21m06.8s), 0030/2048 VUs, 3799857 complete and 0 interrupted iterations
cap_mixed   [  70% ] 0030/2048 VUs  21m06.8s/30m0s  3000.00 iters/s

running (21m07.8s), 0030/2048 VUs, 3802857 complete and 0 interrupted iterations
cap_mixed   [  70% ] 0030/2048 VUs  21m07.8s/30m0s  3000.00 iters/s

running (21m08.8s), 0099/2048 VUs, 3805788 complete and 0 interrupted iterations
cap_mixed   [  70% ] 0099/2048 VUs  21m08.8s/30m0s  3000.00 iters/s

running (21m09.8s), 0032/2048 VUs, 3808855 complete and 0 interrupted iterations
cap_mixed   [  71% ] 0032/2048 VUs  21m09.8s/30m0s  3000.00 iters/s

running (21m10.8s), 0025/2048 VUs, 3811862 complete and 0 interrupted iterations
cap_mixed   [  71% ] 0025/2048 VUs  21m10.8s/30m0s  3000.00 iters/s

running (21m11.8s), 0027/2048 VUs, 3814860 complete and 0 interrupted iterations
cap_mixed   [  71% ] 0027/2048 VUs  21m11.8s/30m0s  3000.00 iters/s

running (21m12.8s), 0030/2048 VUs, 3817857 complete and 0 interrupted iterations
cap_mixed   [  71% ] 0030/2048 VUs  21m12.8s/30m0s  3000.00 iters/s

running (21m13.8s), 0028/2048 VUs, 3820859 complete and 0 interrupted iterations
cap_mixed   [  71% ] 0028/2048 VUs  21m13.8s/30m0s  3000.00 iters/s

running (21m14.8s), 0018/2048 VUs, 3823869 complete and 0 interrupted iterations
cap_mixed   [  71% ] 0018/2048 VUs  21m14.8s/30m0s  3000.00 iters/s

running (21m15.8s), 0035/2048 VUs, 3826852 complete and 0 interrupted iterations
cap_mixed   [  71% ] 0035/2048 VUs  21m15.8s/30m0s  3000.00 iters/s

running (21m16.8s), 0034/2048 VUs, 3829853 complete and 0 interrupted iterations
cap_mixed   [  71% ] 0033/2048 VUs  21m16.8s/30m0s  3000.00 iters/s

running (21m17.8s), 0040/2048 VUs, 3832847 complete and 0 interrupted iterations
cap_mixed   [  71% ] 0040/2048 VUs  21m17.8s/30m0s  3000.00 iters/s

running (21m18.8s), 0021/2048 VUs, 3835865 complete and 0 interrupted iterations
cap_mixed   [  71% ] 0021/2048 VUs  21m18.8s/30m0s  3000.00 iters/s

running (21m19.8s), 0025/2048 VUs, 3838862 complete and 0 interrupted iterations
cap_mixed   [  71% ] 0025/2048 VUs  21m19.8s/30m0s  3000.00 iters/s

running (21m20.8s), 0026/2048 VUs, 3841861 complete and 0 interrupted iterations
cap_mixed   [  71% ] 0026/2048 VUs  21m20.8s/30m0s  3000.00 iters/s

running (21m21.8s), 0033/2048 VUs, 3844854 complete and 0 interrupted iterations
cap_mixed   [  71% ] 0033/2048 VUs  21m21.8s/30m0s  3000.00 iters/s

running (21m22.8s), 0034/2048 VUs, 3847853 complete and 0 interrupted iterations
cap_mixed   [  71% ] 0034/2048 VUs  21m22.8s/30m0s  3000.00 iters/s

running (21m23.8s), 0035/2048 VUs, 3850852 complete and 0 interrupted iterations
cap_mixed   [  71% ] 0035/2048 VUs  21m23.8s/30m0s  3000.00 iters/s

running (21m24.8s), 0269/2048 VUs, 3853619 complete and 0 interrupted iterations
cap_mixed   [  71% ] 0269/2048 VUs  21m24.8s/30m0s  3000.00 iters/s

running (21m25.8s), 0024/2048 VUs, 3856863 complete and 0 interrupted iterations
cap_mixed   [  71% ] 0024/2048 VUs  21m25.8s/30m0s  3000.00 iters/s

running (21m26.8s), 0032/2048 VUs, 3859856 complete and 0 interrupted iterations
cap_mixed   [  71% ] 0032/2048 VUs  21m26.8s/30m0s  3000.00 iters/s

running (21m27.8s), 0027/2048 VUs, 3862860 complete and 0 interrupted iterations
cap_mixed   [  72% ] 0027/2048 VUs  21m27.8s/30m0s  3000.00 iters/s

running (21m28.8s), 0024/2048 VUs, 3865863 complete and 0 interrupted iterations
cap_mixed   [  72% ] 0024/2048 VUs  21m28.8s/30m0s  3000.00 iters/s

running (21m29.8s), 0020/2048 VUs, 3868867 complete and 0 interrupted iterations
cap_mixed   [  72% ] 0020/2048 VUs  21m29.8s/30m0s  3000.00 iters/s

running (21m30.8s), 0021/2048 VUs, 3871866 complete and 0 interrupted iterations
cap_mixed   [  72% ] 0021/2048 VUs  21m30.8s/30m0s  3000.00 iters/s

running (21m31.8s), 0027/2048 VUs, 3874860 complete and 0 interrupted iterations
cap_mixed   [  72% ] 0027/2048 VUs  21m31.8s/30m0s  3000.00 iters/s

running (21m32.8s), 0015/2048 VUs, 3877874 complete and 0 interrupted iterations
cap_mixed   [  72% ] 0015/2048 VUs  21m32.8s/30m0s  3000.00 iters/s

running (21m33.8s), 0018/2048 VUs, 3880869 complete and 0 interrupted iterations
cap_mixed   [  72% ] 0018/2048 VUs  21m33.8s/30m0s  3000.00 iters/s

running (21m34.8s), 0020/2048 VUs, 3883867 complete and 0 interrupted iterations
cap_mixed   [  72% ] 0020/2048 VUs  21m34.8s/30m0s  3000.00 iters/s

running (21m35.8s), 0022/2048 VUs, 3886866 complete and 0 interrupted iterations
cap_mixed   [  72% ] 0022/2048 VUs  21m35.8s/30m0s  3000.00 iters/s

running (21m36.8s), 0018/2048 VUs, 3889870 complete and 0 interrupted iterations
cap_mixed   [  72% ] 0018/2048 VUs  21m36.8s/30m0s  3000.00 iters/s

running (21m37.8s), 0027/2048 VUs, 3892861 complete and 0 interrupted iterations
cap_mixed   [  72% ] 0027/2048 VUs  21m37.8s/30m0s  3000.00 iters/s

running (21m38.8s), 0020/2048 VUs, 3895866 complete and 0 interrupted iterations
cap_mixed   [  72% ] 0020/2048 VUs  21m38.8s/30m0s  3000.00 iters/s

running (21m39.8s), 0015/2048 VUs, 3898872 complete and 0 interrupted iterations
cap_mixed   [  72% ] 0015/2048 VUs  21m39.8s/30m0s  3000.00 iters/s

running (21m40.8s), 0029/2048 VUs, 3901858 complete and 0 interrupted iterations
cap_mixed   [  72% ] 0029/2048 VUs  21m40.8s/30m0s  3000.00 iters/s

running (21m41.8s), 0020/2048 VUs, 3904867 complete and 0 interrupted iterations
cap_mixed   [  72% ] 0020/2048 VUs  21m41.8s/30m0s  3000.00 iters/s

running (21m42.8s), 0013/2048 VUs, 3907874 complete and 0 interrupted iterations
cap_mixed   [  72% ] 0013/2048 VUs  21m42.8s/30m0s  3000.00 iters/s

running (21m43.8s), 0025/2048 VUs, 3910862 complete and 0 interrupted iterations
cap_mixed   [  72% ] 0025/2048 VUs  21m43.8s/30m0s  3000.00 iters/s

running (21m44.8s), 0029/2048 VUs, 3913859 complete and 0 interrupted iterations
cap_mixed   [  72% ] 0028/2048 VUs  21m44.8s/30m0s  3000.00 iters/s

running (21m45.8s), 0078/2048 VUs, 3916809 complete and 0 interrupted iterations
cap_mixed   [  73% ] 0078/2048 VUs  21m45.8s/30m0s  3000.00 iters/s

running (21m46.8s), 0023/2048 VUs, 3919864 complete and 0 interrupted iterations
cap_mixed   [  73% ] 0023/2048 VUs  21m46.8s/30m0s  3000.00 iters/s

running (21m47.8s), 0023/2048 VUs, 3922863 complete and 0 interrupted iterations
cap_mixed   [  73% ] 0023/2048 VUs  21m47.8s/30m0s  3000.00 iters/s

running (21m48.8s), 0017/2048 VUs, 3925872 complete and 0 interrupted iterations
cap_mixed   [  73% ] 0017/2048 VUs  21m48.8s/30m0s  3000.00 iters/s

running (21m49.8s), 0033/2048 VUs, 3928854 complete and 0 interrupted iterations
cap_mixed   [  73% ] 0033/2048 VUs  21m49.8s/30m0s  3000.00 iters/s

running (21m50.8s), 0017/2048 VUs, 3931870 complete and 0 interrupted iterations
cap_mixed   [  73% ] 0017/2048 VUs  21m50.8s/30m0s  3000.00 iters/s

running (21m51.8s), 0038/2048 VUs, 3934853 complete and 0 interrupted iterations
cap_mixed   [  73% ] 0038/2048 VUs  21m51.8s/30m0s  3000.00 iters/s

running (21m52.8s), 0059/2048 VUs, 3937828 complete and 0 interrupted iterations
cap_mixed   [  73% ] 0059/2048 VUs  21m52.8s/30m0s  3000.00 iters/s

running (21m53.8s), 0032/2048 VUs, 3940856 complete and 0 interrupted iterations
cap_mixed   [  73% ] 0032/2048 VUs  21m53.8s/30m0s  3000.00 iters/s

running (21m54.8s), 0031/2048 VUs, 3943856 complete and 0 interrupted iterations
cap_mixed   [  73% ] 0031/2048 VUs  21m54.8s/30m0s  3000.00 iters/s

running (21m55.8s), 0202/2048 VUs, 3946685 complete and 0 interrupted iterations
cap_mixed   [  73% ] 0202/2048 VUs  21m55.8s/30m0s  3000.00 iters/s

running (21m56.8s), 0026/2048 VUs, 3949861 complete and 0 interrupted iterations
cap_mixed   [  73% ] 0026/2048 VUs  21m56.8s/30m0s  3000.00 iters/s

running (21m57.8s), 0032/2048 VUs, 3952855 complete and 0 interrupted iterations
cap_mixed   [  73% ] 0032/2048 VUs  21m57.8s/30m0s  3000.00 iters/s

running (21m58.8s), 0037/2048 VUs, 3955850 complete and 0 interrupted iterations
cap_mixed   [  73% ] 0037/2048 VUs  21m58.8s/30m0s  3000.00 iters/s

running (21m59.8s), 0044/2048 VUs, 3958844 complete and 0 interrupted iterations
cap_mixed   [  73% ] 0044/2048 VUs  21m59.8s/30m0s  3000.00 iters/s

running (22m00.8s), 0032/2048 VUs, 3961855 complete and 0 interrupted iterations
cap_mixed   [  73% ] 0033/2048 VUs  22m00.8s/30m0s  3000.00 iters/s

running (22m01.8s), 0022/2048 VUs, 3964866 complete and 0 interrupted iterations
cap_mixed   [  73% ] 0022/2048 VUs  22m01.8s/30m0s  3000.00 iters/s

running (22m02.8s), 0020/2048 VUs, 3967867 complete and 0 interrupted iterations
cap_mixed   [  73% ] 0020/2048 VUs  22m02.8s/30m0s  3000.00 iters/s

running (22m03.8s), 0025/2048 VUs, 3970862 complete and 0 interrupted iterations
cap_mixed   [  74% ] 0025/2048 VUs  22m03.8s/30m0s  3000.00 iters/s

running (22m04.8s), 0016/2048 VUs, 3973871 complete and 0 interrupted iterations
cap_mixed   [  74% ] 0016/2048 VUs  22m04.8s/30m0s  3000.00 iters/s

running (22m05.8s), 0261/2048 VUs, 3976626 complete and 0 interrupted iterations
cap_mixed   [  74% ] 0261/2048 VUs  22m05.8s/30m0s  3000.00 iters/s

running (22m06.8s), 0027/2048 VUs, 3979860 complete and 0 interrupted iterations
cap_mixed   [  74% ] 0027/2048 VUs  22m06.8s/30m0s  3000.00 iters/s

running (22m07.8s), 0026/2048 VUs, 3982861 complete and 0 interrupted iterations
cap_mixed   [  74% ] 0026/2048 VUs  22m07.8s/30m0s  3000.00 iters/s

running (22m08.8s), 0032/2048 VUs, 3985855 complete and 0 interrupted iterations
cap_mixed   [  74% ] 0032/2048 VUs  22m08.8s/30m0s  3000.00 iters/s

running (22m09.8s), 0037/2048 VUs, 3988850 complete and 0 interrupted iterations
cap_mixed   [  74% ] 0037/2048 VUs  22m09.8s/30m0s  3000.00 iters/s

running (22m10.8s), 0035/2048 VUs, 3991852 complete and 0 interrupted iterations
cap_mixed   [  74% ] 0035/2048 VUs  22m10.8s/30m0s  3000.00 iters/s

running (22m11.8s), 0011/2048 VUs, 3994876 complete and 0 interrupted iterations
cap_mixed   [  74% ] 0011/2048 VUs  22m11.8s/30m0s  3000.00 iters/s

running (22m12.8s), 0023/2048 VUs, 3997864 complete and 0 interrupted iterations
cap_mixed   [  74% ] 0023/2048 VUs  22m12.8s/30m0s  3000.00 iters/s

running (22m13.8s), 0027/2048 VUs, 4000860 complete and 0 interrupted iterations
cap_mixed   [  74% ] 0027/2048 VUs  22m13.8s/30m0s  3000.00 iters/s

running (22m14.8s), 0026/2048 VUs, 4003861 complete and 0 interrupted iterations
cap_mixed   [  74% ] 0026/2048 VUs  22m14.8s/30m0s  3000.00 iters/s

running (22m15.8s), 0023/2048 VUs, 4006864 complete and 0 interrupted iterations
cap_mixed   [  74% ] 0023/2048 VUs  22m15.8s/30m0s  3000.00 iters/s

running (22m16.8s), 0029/2048 VUs, 4009858 complete and 0 interrupted iterations
cap_mixed   [  74% ] 0029/2048 VUs  22m16.8s/30m0s  3000.00 iters/s

running (22m17.8s), 0023/2048 VUs, 4012864 complete and 0 interrupted iterations
cap_mixed   [  74% ] 0023/2048 VUs  22m17.8s/30m0s  3000.00 iters/s

running (22m18.8s), 0024/2048 VUs, 4015862 complete and 0 interrupted iterations
cap_mixed   [  74% ] 0024/2048 VUs  22m18.8s/30m0s  3000.00 iters/s

running (22m19.8s), 0039/2048 VUs, 4018848 complete and 0 interrupted iterations
cap_mixed   [  74% ] 0039/2048 VUs  22m19.8s/30m0s  3000.00 iters/s

running (22m20.8s), 0048/2048 VUs, 4021839 complete and 0 interrupted iterations
cap_mixed   [  74% ] 0048/2048 VUs  22m20.8s/30m0s  3000.00 iters/s

running (22m21.8s), 0067/2048 VUs, 4024820 complete and 0 interrupted iterations
cap_mixed   [  75% ] 0067/2048 VUs  22m21.8s/30m0s  3000.00 iters/s

running (22m22.8s), 0028/2048 VUs, 4027859 complete and 0 interrupted iterations
cap_mixed   [  75% ] 0028/2048 VUs  22m22.8s/30m0s  3000.00 iters/s

running (22m23.8s), 0032/2048 VUs, 4030855 complete and 0 interrupted iterations
cap_mixed   [  75% ] 0032/2048 VUs  22m23.8s/30m0s  3000.00 iters/s

running (22m24.8s), 0018/2048 VUs, 4033870 complete and 0 interrupted iterations
cap_mixed   [  75% ] 0018/2048 VUs  22m24.8s/30m0s  3000.00 iters/s

running (22m25.8s), 0032/2048 VUs, 4036855 complete and 0 interrupted iterations
cap_mixed   [  75% ] 0032/2048 VUs  22m25.8s/30m0s  3000.00 iters/s

running (22m26.8s), 0195/2048 VUs, 4039692 complete and 0 interrupted iterations
cap_mixed   [  75% ] 0195/2048 VUs  22m26.8s/30m0s  3000.00 iters/s

running (22m27.8s), 0025/2048 VUs, 4042862 complete and 0 interrupted iterations
cap_mixed   [  75% ] 0025/2048 VUs  22m27.8s/30m0s  3000.00 iters/s

running (22m28.8s), 0028/2048 VUs, 4045860 complete and 0 interrupted iterations
cap_mixed   [  75% ] 0028/2048 VUs  22m28.8s/30m0s  3000.00 iters/s

running (22m29.8s), 0038/2048 VUs, 4048849 complete and 0 interrupted iterations
cap_mixed   [  75% ] 0038/2048 VUs  22m29.8s/30m0s  3000.00 iters/s

running (22m30.8s), 0024/2048 VUs, 4051864 complete and 0 interrupted iterations
cap_mixed   [  75% ] 0024/2048 VUs  22m30.8s/30m0s  3000.00 iters/s

running (22m31.8s), 0024/2048 VUs, 4054863 complete and 0 interrupted iterations
cap_mixed   [  75% ] 0024/2048 VUs  22m31.8s/30m0s  3000.00 iters/s

running (22m32.8s), 0044/2048 VUs, 4057843 complete and 0 interrupted iterations
cap_mixed   [  75% ] 0044/2048 VUs  22m32.8s/30m0s  3000.00 iters/s

running (22m33.8s), 0041/2048 VUs, 4060849 complete and 0 interrupted iterations
cap_mixed   [  75% ] 0041/2048 VUs  22m33.8s/30m0s  3000.00 iters/s

running (22m34.8s), 0026/2048 VUs, 4063861 complete and 0 interrupted iterations
cap_mixed   [  75% ] 0026/2048 VUs  22m34.8s/30m0s  3000.00 iters/s

running (22m35.8s), 0036/2048 VUs, 4066851 complete and 0 interrupted iterations
cap_mixed   [  75% ] 0037/2048 VUs  22m35.8s/30m0s  3000.00 iters/s

running (22m36.8s), 0034/2048 VUs, 4069855 complete and 0 interrupted iterations
cap_mixed   [  75% ] 0034/2048 VUs  22m36.8s/30m0s  3000.00 iters/s

running (22m37.8s), 0030/2048 VUs, 4072860 complete and 0 interrupted iterations
cap_mixed   [  75% ] 0030/2048 VUs  22m37.8s/30m0s  3000.00 iters/s

running (22m38.8s), 0072/2048 VUs, 4075815 complete and 0 interrupted iterations
cap_mixed   [  75% ] 0072/2048 VUs  22m38.8s/30m0s  3000.00 iters/s

running (22m39.8s), 0028/2048 VUs, 4078859 complete and 0 interrupted iterations
cap_mixed   [  76% ] 0028/2048 VUs  22m39.8s/30m0s  3000.00 iters/s

running (22m40.8s), 0015/2048 VUs, 4081872 complete and 0 interrupted iterations
cap_mixed   [  76% ] 0015/2048 VUs  22m40.8s/30m0s  3000.00 iters/s

running (22m41.8s), 0019/2048 VUs, 4084868 complete and 0 interrupted iterations
cap_mixed   [  76% ] 0019/2048 VUs  22m41.8s/30m0s  3000.00 iters/s

running (22m42.8s), 0046/2048 VUs, 4087841 complete and 0 interrupted iterations
cap_mixed   [  76% ] 0046/2048 VUs  22m42.8s/30m0s  3000.00 iters/s

running (22m43.8s), 0015/2048 VUs, 4090872 complete and 0 interrupted iterations
cap_mixed   [  76% ] 0015/2048 VUs  22m43.8s/30m0s  3000.00 iters/s

running (22m44.8s), 0034/2048 VUs, 4093854 complete and 0 interrupted iterations
cap_mixed   [  76% ] 0034/2048 VUs  22m44.8s/30m0s  3000.00 iters/s

running (22m45.8s), 0029/2048 VUs, 4096858 complete and 0 interrupted iterations
cap_mixed   [  76% ] 0029/2048 VUs  22m45.8s/30m0s  3000.00 iters/s

running (22m46.8s), 0289/2048 VUs, 4099598 complete and 0 interrupted iterations
cap_mixed   [  76% ] 0289/2048 VUs  22m46.8s/30m0s  3000.00 iters/s

running (22m47.8s), 0191/2048 VUs, 4102696 complete and 0 interrupted iterations
cap_mixed   [  76% ] 0191/2048 VUs  22m47.8s/30m0s  3000.00 iters/s

running (22m48.8s), 0029/2048 VUs, 4105858 complete and 0 interrupted iterations
cap_mixed   [  76% ] 0029/2048 VUs  22m48.8s/30m0s  3000.00 iters/s

running (22m49.8s), 0032/2048 VUs, 4108859 complete and 0 interrupted iterations
cap_mixed   [  76% ] 0032/2048 VUs  22m49.8s/30m0s  3000.00 iters/s

running (22m50.8s), 0022/2048 VUs, 4111865 complete and 0 interrupted iterations
cap_mixed   [  76% ] 0022/2048 VUs  22m50.8s/30m0s  3000.00 iters/s

running (22m51.8s), 0069/2048 VUs, 4114818 complete and 0 interrupted iterations
cap_mixed   [  76% ] 0069/2048 VUs  22m51.8s/30m0s  3000.00 iters/s

running (22m52.8s), 0019/2048 VUs, 4117868 complete and 0 interrupted iterations
cap_mixed   [  76% ] 0019/2048 VUs  22m52.8s/30m0s  3000.00 iters/s

running (22m53.8s), 0023/2048 VUs, 4120864 complete and 0 interrupted iterations
cap_mixed   [  76% ] 0023/2048 VUs  22m53.8s/30m0s  3000.00 iters/s

running (22m54.8s), 0017/2048 VUs, 4123870 complete and 0 interrupted iterations
cap_mixed   [  76% ] 0017/2048 VUs  22m54.8s/30m0s  3000.00 iters/s

running (22m55.8s), 0029/2048 VUs, 4126858 complete and 0 interrupted iterations
cap_mixed   [  76% ] 0029/2048 VUs  22m55.8s/30m0s  3000.00 iters/s

running (22m56.8s), 0029/2048 VUs, 4129858 complete and 0 interrupted iterations
cap_mixed   [  76% ] 0029/2048 VUs  22m56.8s/30m0s  3000.00 iters/s

running (22m57.8s), 0020/2048 VUs, 4132868 complete and 0 interrupted iterations
cap_mixed   [  77% ] 0020/2048 VUs  22m57.8s/30m0s  3000.00 iters/s

running (22m58.8s), 0019/2048 VUs, 4135869 complete and 0 interrupted iterations
cap_mixed   [  77% ] 0019/2048 VUs  22m58.8s/30m0s  3000.00 iters/s

running (22m59.8s), 0020/2048 VUs, 4138868 complete and 0 interrupted iterations
cap_mixed   [  77% ] 0020/2048 VUs  22m59.8s/30m0s  3000.00 iters/s

running (23m00.8s), 0021/2048 VUs, 4141866 complete and 0 interrupted iterations
cap_mixed   [  77% ] 0021/2048 VUs  23m00.8s/30m0s  3000.00 iters/s

running (23m01.8s), 0020/2048 VUs, 4144867 complete and 0 interrupted iterations
cap_mixed   [  77% ] 0020/2048 VUs  23m01.8s/30m0s  3000.00 iters/s

running (23m02.8s), 0022/2048 VUs, 4147866 complete and 0 interrupted iterations
cap_mixed   [  77% ] 0022/2048 VUs  23m02.8s/30m0s  3000.00 iters/s

running (23m03.8s), 0020/2048 VUs, 4150868 complete and 0 interrupted iterations
cap_mixed   [  77% ] 0020/2048 VUs  23m03.8s/30m0s  3000.00 iters/s

running (23m04.8s), 0037/2048 VUs, 4153850 complete and 0 interrupted iterations
cap_mixed   [  77% ] 0037/2048 VUs  23m04.8s/30m0s  3000.00 iters/s

running (23m05.8s), 0020/2048 VUs, 4156867 complete and 0 interrupted iterations
cap_mixed   [  77% ] 0020/2048 VUs  23m05.8s/30m0s  3000.00 iters/s

running (23m06.8s), 0157/2048 VUs, 4159732 complete and 0 interrupted iterations
cap_mixed   [  77% ] 0157/2048 VUs  23m06.8s/30m0s  3000.00 iters/s

running (23m07.8s), 0024/2048 VUs, 4162863 complete and 0 interrupted iterations
cap_mixed   [  77% ] 0024/2048 VUs  23m07.8s/30m0s  3000.00 iters/s

running (23m08.8s), 0024/2048 VUs, 4165863 complete and 0 interrupted iterations
cap_mixed   [  77% ] 0024/2048 VUs  23m08.8s/30m0s  3000.00 iters/s

running (23m09.8s), 0018/2048 VUs, 4168869 complete and 0 interrupted iterations
cap_mixed   [  77% ] 0018/2048 VUs  23m09.8s/30m0s  3000.00 iters/s

running (23m10.8s), 0032/2048 VUs, 4171855 complete and 0 interrupted iterations
cap_mixed   [  77% ] 0032/2048 VUs  23m10.8s/30m0s  3000.00 iters/s

running (23m11.8s), 0026/2048 VUs, 4174861 complete and 0 interrupted iterations
cap_mixed   [  77% ] 0026/2048 VUs  23m11.8s/30m0s  3000.00 iters/s

running (23m12.8s), 0020/2048 VUs, 4177868 complete and 0 interrupted iterations
cap_mixed   [  77% ] 0020/2048 VUs  23m12.8s/30m0s  3000.00 iters/s

running (23m13.8s), 0028/2048 VUs, 4180861 complete and 0 interrupted iterations
cap_mixed   [  77% ] 0028/2048 VUs  23m13.8s/30m0s  3000.00 iters/s

running (23m14.8s), 0022/2048 VUs, 4183866 complete and 0 interrupted iterations
cap_mixed   [  77% ] 0022/2048 VUs  23m14.8s/30m0s  3000.00 iters/s

running (23m15.8s), 0019/2048 VUs, 4186870 complete and 0 interrupted iterations
cap_mixed   [  78% ] 0019/2048 VUs  23m15.8s/30m0s  3000.00 iters/s

running (23m16.8s), 0024/2048 VUs, 4189864 complete and 0 interrupted iterations
cap_mixed   [  78% ] 0024/2048 VUs  23m16.8s/30m0s  3000.00 iters/s

running (23m17.8s), 0027/2048 VUs, 4192860 complete and 0 interrupted iterations
cap_mixed   [  78% ] 0027/2048 VUs  23m17.8s/30m0s  3000.00 iters/s

running (23m18.8s), 0029/2048 VUs, 4195857 complete and 0 interrupted iterations
cap_mixed   [  78% ] 0029/2048 VUs  23m18.8s/30m0s  3000.00 iters/s

running (23m19.8s), 0017/2048 VUs, 4198870 complete and 0 interrupted iterations
cap_mixed   [  78% ] 0016/2048 VUs  23m19.8s/30m0s  3000.00 iters/s

running (23m20.8s), 0013/2048 VUs, 4201874 complete and 0 interrupted iterations
cap_mixed   [  78% ] 0013/2048 VUs  23m20.8s/30m0s  3000.00 iters/s

running (23m21.8s), 0015/2048 VUs, 4204872 complete and 0 interrupted iterations
cap_mixed   [  78% ] 0015/2048 VUs  23m21.8s/30m0s  3000.00 iters/s

running (23m22.8s), 0025/2048 VUs, 4207863 complete and 0 interrupted iterations
cap_mixed   [  78% ] 0025/2048 VUs  23m22.8s/30m0s  3000.00 iters/s

running (23m23.8s), 0016/2048 VUs, 4210871 complete and 0 interrupted iterations
cap_mixed   [  78% ] 0016/2048 VUs  23m23.8s/30m0s  3000.00 iters/s

running (23m24.8s), 0017/2048 VUs, 4213870 complete and 0 interrupted iterations
cap_mixed   [  78% ] 0017/2048 VUs  23m24.8s/30m0s  3000.00 iters/s

running (23m25.8s), 0032/2048 VUs, 4216855 complete and 0 interrupted iterations
cap_mixed   [  78% ] 0032/2048 VUs  23m25.8s/30m0s  3000.00 iters/s

running (23m26.8s), 0027/2048 VUs, 4219860 complete and 0 interrupted iterations
cap_mixed   [  78% ] 0027/2048 VUs  23m26.8s/30m0s  3000.00 iters/s

running (23m27.8s), 0184/2048 VUs, 4222703 complete and 0 interrupted iterations
cap_mixed   [  78% ] 0184/2048 VUs  23m27.8s/30m0s  3000.00 iters/s

running (23m28.8s), 0022/2048 VUs, 4225868 complete and 0 interrupted iterations
cap_mixed   [  78% ] 0022/2048 VUs  23m28.8s/30m0s  3000.00 iters/s

running (23m29.8s), 0017/2048 VUs, 4228870 complete and 0 interrupted iterations
cap_mixed   [  78% ] 0018/2048 VUs  23m29.8s/30m0s  3000.00 iters/s

running (23m30.8s), 0024/2048 VUs, 4231868 complete and 0 interrupted iterations
cap_mixed   [  78% ] 0024/2048 VUs  23m30.8s/30m0s  3000.00 iters/s

running (23m31.8s), 0020/2048 VUs, 4234867 complete and 0 interrupted iterations
cap_mixed   [  78% ] 0020/2048 VUs  23m31.8s/30m0s  3000.00 iters/s

running (23m32.8s), 0015/2048 VUs, 4237872 complete and 0 interrupted iterations
cap_mixed   [  78% ] 0015/2048 VUs  23m32.8s/30m0s  3000.00 iters/s

running (23m33.8s), 0029/2048 VUs, 4240858 complete and 0 interrupted iterations
cap_mixed   [  79% ] 0028/2048 VUs  23m33.8s/30m0s  3000.00 iters/s

running (23m34.8s), 0024/2048 VUs, 4243864 complete and 0 interrupted iterations
cap_mixed   [  79% ] 0024/2048 VUs  23m34.8s/30m0s  3000.00 iters/s

running (23m35.8s), 0023/2048 VUs, 4246865 complete and 0 interrupted iterations
cap_mixed   [  79% ] 0023/2048 VUs  23m35.8s/30m0s  3000.00 iters/s

running (23m36.8s), 0026/2048 VUs, 4249862 complete and 0 interrupted iterations
cap_mixed   [  79% ] 0026/2048 VUs  23m36.8s/30m0s  3000.00 iters/s

running (23m37.8s), 0023/2048 VUs, 4252864 complete and 0 interrupted iterations
cap_mixed   [  79% ] 0023/2048 VUs  23m37.8s/30m0s  3000.00 iters/s

running (23m38.8s), 0028/2048 VUs, 4255859 complete and 0 interrupted iterations
cap_mixed   [  79% ] 0028/2048 VUs  23m38.8s/30m0s  3000.00 iters/s

running (23m39.8s), 0029/2048 VUs, 4258858 complete and 0 interrupted iterations
cap_mixed   [  79% ] 0029/2048 VUs  23m39.8s/30m0s  3000.00 iters/s

running (23m40.8s), 0029/2048 VUs, 4261859 complete and 0 interrupted iterations
cap_mixed   [  79% ] 0029/2048 VUs  23m40.8s/30m0s  3000.00 iters/s

running (23m41.8s), 0036/2048 VUs, 4264852 complete and 0 interrupted iterations
cap_mixed   [  79% ] 0036/2048 VUs  23m41.8s/30m0s  3000.00 iters/s

running (23m42.8s), 0033/2048 VUs, 4267856 complete and 0 interrupted iterations
cap_mixed   [  79% ] 0033/2048 VUs  23m42.8s/30m0s  3000.00 iters/s

running (23m43.8s), 0016/2048 VUs, 4270872 complete and 0 interrupted iterations
cap_mixed   [  79% ] 0016/2048 VUs  23m43.8s/30m0s  3000.00 iters/s

running (23m44.8s), 0013/2048 VUs, 4273874 complete and 0 interrupted iterations
cap_mixed   [  79% ] 0013/2048 VUs  23m44.8s/30m0s  3000.00 iters/s

running (23m45.8s), 0029/2048 VUs, 4276862 complete and 0 interrupted iterations
cap_mixed   [  79% ] 0029/2048 VUs  23m45.8s/30m0s  3000.00 iters/s

running (23m46.8s), 0021/2048 VUs, 4279867 complete and 0 interrupted iterations
cap_mixed   [  79% ] 0021/2048 VUs  23m46.8s/30m0s  3000.00 iters/s

running (23m47.8s), 0097/2048 VUs, 4282791 complete and 0 interrupted iterations
cap_mixed   [  79% ] 0097/2048 VUs  23m47.8s/30m0s  3000.00 iters/s

running (23m48.8s), 0057/2048 VUs, 4285830 complete and 0 interrupted iterations
cap_mixed   [  79% ] 0057/2048 VUs  23m48.8s/30m0s  3000.00 iters/s

running (23m49.8s), 0027/2048 VUs, 4288860 complete and 0 interrupted iterations
cap_mixed   [  79% ] 0027/2048 VUs  23m49.8s/30m0s  3000.00 iters/s

running (23m50.8s), 0026/2048 VUs, 4291861 complete and 0 interrupted iterations
cap_mixed   [  79% ] 0026/2048 VUs  23m50.8s/30m0s  3000.00 iters/s

running (23m51.8s), 0049/2048 VUs, 4294839 complete and 0 interrupted iterations
cap_mixed   [  80% ] 0049/2048 VUs  23m51.8s/30m0s  3000.00 iters/s

running (23m52.8s), 0074/2048 VUs, 4297813 complete and 0 interrupted iterations
cap_mixed   [  80% ] 0074/2048 VUs  23m52.8s/30m0s  3000.00 iters/s

running (23m53.8s), 0032/2048 VUs, 4300855 complete and 0 interrupted iterations
cap_mixed   [  80% ] 0032/2048 VUs  23m53.8s/30m0s  3000.00 iters/s

running (23m54.8s), 0021/2048 VUs, 4303871 complete and 0 interrupted iterations
cap_mixed   [  80% ] 0021/2048 VUs  23m54.8s/30m0s  3000.00 iters/s

running (23m55.8s), 0023/2048 VUs, 4306865 complete and 0 interrupted iterations
cap_mixed   [  80% ] 0023/2048 VUs  23m55.8s/30m0s  3000.00 iters/s

running (23m56.8s), 0024/2048 VUs, 4309864 complete and 0 interrupted iterations
cap_mixed   [  80% ] 0025/2048 VUs  23m56.8s/30m0s  3000.00 iters/s

running (23m57.8s), 0032/2048 VUs, 4312855 complete and 0 interrupted iterations
cap_mixed   [  80% ] 0032/2048 VUs  23m57.8s/30m0s  3000.00 iters/s

running (23m58.8s), 0022/2048 VUs, 4315866 complete and 0 interrupted iterations
cap_mixed   [  80% ] 0022/2048 VUs  23m58.8s/30m0s  3000.00 iters/s

running (23m59.8s), 0026/2048 VUs, 4318861 complete and 0 interrupted iterations
cap_mixed   [  80% ] 0026/2048 VUs  23m59.8s/30m0s  3000.00 iters/s

running (24m00.8s), 0021/2048 VUs, 4321866 complete and 0 interrupted iterations
cap_mixed   [  80% ] 0021/2048 VUs  24m00.8s/30m0s  3000.00 iters/s

running (24m01.8s), 0026/2048 VUs, 4324866 complete and 0 interrupted iterations
cap_mixed   [  80% ] 0026/2048 VUs  24m01.8s/30m0s  3000.00 iters/s

running (24m02.8s), 0021/2048 VUs, 4327867 complete and 0 interrupted iterations
cap_mixed   [  80% ] 0021/2048 VUs  24m02.8s/30m0s  3000.00 iters/s

running (24m03.8s), 0020/2048 VUs, 4330868 complete and 0 interrupted iterations
cap_mixed   [  80% ] 0020/2048 VUs  24m03.8s/30m0s  3000.00 iters/s

running (24m04.8s), 0024/2048 VUs, 4333864 complete and 0 interrupted iterations
cap_mixed   [  80% ] 0024/2048 VUs  24m04.8s/30m0s  3000.00 iters/s

running (24m05.8s), 0021/2048 VUs, 4336865 complete and 0 interrupted iterations
cap_mixed   [  80% ] 0021/2048 VUs  24m05.8s/30m0s  3000.00 iters/s

running (24m06.8s), 0024/2048 VUs, 4339864 complete and 0 interrupted iterations
cap_mixed   [  80% ] 0024/2048 VUs  24m06.8s/30m0s  3000.00 iters/s

running (24m07.8s), 0016/2048 VUs, 4342871 complete and 0 interrupted iterations
cap_mixed   [  80% ] 0016/2048 VUs  24m07.8s/30m0s  3000.00 iters/s

running (24m08.8s), 0242/2048 VUs, 4345646 complete and 0 interrupted iterations
cap_mixed   [  80% ] 0242/2048 VUs  24m08.8s/30m0s  3000.00 iters/s

running (24m09.8s), 0022/2048 VUs, 4348865 complete and 0 interrupted iterations
cap_mixed   [  81% ] 0022/2048 VUs  24m09.8s/30m0s  3000.00 iters/s

running (24m10.8s), 0022/2048 VUs, 4351866 complete and 0 interrupted iterations
cap_mixed   [  81% ] 0022/2048 VUs  24m10.8s/30m0s  3000.00 iters/s

running (24m11.8s), 0015/2048 VUs, 4354873 complete and 0 interrupted iterations
cap_mixed   [  81% ] 0015/2048 VUs  24m11.8s/30m0s  3000.00 iters/s

running (24m12.8s), 0016/2048 VUs, 4357872 complete and 0 interrupted iterations
cap_mixed   [  81% ] 0016/2048 VUs  24m12.8s/30m0s  3000.00 iters/s

running (24m13.8s), 0022/2048 VUs, 4360866 complete and 0 interrupted iterations
cap_mixed   [  81% ] 0022/2048 VUs  24m13.8s/30m0s  3000.00 iters/s

running (24m14.8s), 0020/2048 VUs, 4363868 complete and 0 interrupted iterations
cap_mixed   [  81% ] 0020/2048 VUs  24m14.8s/30m0s  3000.00 iters/s

running (24m15.8s), 0024/2048 VUs, 4366864 complete and 0 interrupted iterations
cap_mixed   [  81% ] 0024/2048 VUs  24m15.8s/30m0s  3000.00 iters/s

running (24m16.8s), 0032/2048 VUs, 4369856 complete and 0 interrupted iterations
cap_mixed   [  81% ] 0032/2048 VUs  24m16.8s/30m0s  3000.00 iters/s

running (24m17.8s), 0051/2048 VUs, 4372835 complete and 0 interrupted iterations
cap_mixed   [  81% ] 0052/2048 VUs  24m17.8s/30m0s  3000.00 iters/s

running (24m18.8s), 0020/2048 VUs, 4375868 complete and 0 interrupted iterations
cap_mixed   [  81% ] 0020/2048 VUs  24m18.8s/30m0s  3000.00 iters/s

running (24m19.8s), 0028/2048 VUs, 4378859 complete and 0 interrupted iterations
cap_mixed   [  81% ] 0028/2048 VUs  24m19.8s/30m0s  3000.00 iters/s

running (24m20.8s), 0016/2048 VUs, 4381871 complete and 0 interrupted iterations
cap_mixed   [  81% ] 0016/2048 VUs  24m20.8s/30m0s  3000.00 iters/s

running (24m21.8s), 0013/2048 VUs, 4384873 complete and 0 interrupted iterations
cap_mixed   [  81% ] 0013/2048 VUs  24m21.8s/30m0s  3000.00 iters/s

running (24m22.8s), 0056/2048 VUs, 4387830 complete and 0 interrupted iterations
cap_mixed   [  81% ] 0056/2048 VUs  24m22.8s/30m0s  3000.00 iters/s

running (24m23.8s), 0030/2048 VUs, 4390857 complete and 0 interrupted iterations
cap_mixed   [  81% ] 0030/2048 VUs  24m23.8s/30m0s  3000.00 iters/s

running (24m24.8s), 0055/2048 VUs, 4393833 complete and 0 interrupted iterations
cap_mixed   [  81% ] 0055/2048 VUs  24m24.8s/30m0s  3000.00 iters/s

running (24m25.8s), 0047/2048 VUs, 4396844 complete and 0 interrupted iterations
cap_mixed   [  81% ] 0047/2048 VUs  24m25.8s/30m0s  3000.00 iters/s

running (24m26.8s), 0024/2048 VUs, 4399864 complete and 0 interrupted iterations
cap_mixed   [  81% ] 0024/2048 VUs  24m26.8s/30m0s  3000.00 iters/s

running (24m27.8s), 0024/2048 VUs, 4402864 complete and 0 interrupted iterations
cap_mixed   [  82% ] 0024/2048 VUs  24m27.8s/30m0s  3000.00 iters/s

running (24m28.8s), 0220/2048 VUs, 4405668 complete and 0 interrupted iterations
cap_mixed   [  82% ] 0220/2048 VUs  24m28.8s/30m0s  3000.00 iters/s

running (24m29.8s), 0022/2048 VUs, 4408866 complete and 0 interrupted iterations
cap_mixed   [  82% ] 0022/2048 VUs  24m29.8s/30m0s  3000.00 iters/s

running (24m30.8s), 0025/2048 VUs, 4411863 complete and 0 interrupted iterations
cap_mixed   [  82% ] 0025/2048 VUs  24m30.8s/30m0s  3000.00 iters/s

running (24m31.8s), 0058/2048 VUs, 4414839 complete and 0 interrupted iterations
cap_mixed   [  82% ] 0058/2048 VUs  24m31.8s/30m0s  3000.00 iters/s

running (24m32.8s), 0047/2048 VUs, 4417841 complete and 0 interrupted iterations
cap_mixed   [  82% ] 0047/2048 VUs  24m32.8s/30m0s  3000.00 iters/s

running (24m33.8s), 0023/2048 VUs, 4420865 complete and 0 interrupted iterations
cap_mixed   [  82% ] 0023/2048 VUs  24m33.8s/30m0s  3000.00 iters/s

running (24m34.8s), 0022/2048 VUs, 4423865 complete and 0 interrupted iterations
cap_mixed   [  82% ] 0022/2048 VUs  24m34.8s/30m0s  3000.00 iters/s

running (24m35.8s), 0027/2048 VUs, 4426862 complete and 0 interrupted iterations
cap_mixed   [  82% ] 0027/2048 VUs  24m35.8s/30m0s  3000.00 iters/s

running (24m36.8s), 0044/2048 VUs, 4429844 complete and 0 interrupted iterations
cap_mixed   [  82% ] 0044/2048 VUs  24m36.8s/30m0s  3000.00 iters/s

running (24m37.8s), 0030/2048 VUs, 4432860 complete and 0 interrupted iterations
cap_mixed   [  82% ] 0030/2048 VUs  24m37.8s/30m0s  3000.00 iters/s

running (24m38.8s), 0018/2048 VUs, 4435870 complete and 0 interrupted iterations
cap_mixed   [  82% ] 0018/2048 VUs  24m38.8s/30m0s  3000.00 iters/s

running (24m39.8s), 0021/2048 VUs, 4438867 complete and 0 interrupted iterations
cap_mixed   [  82% ] 0021/2048 VUs  24m39.8s/30m0s  3000.00 iters/s

running (24m40.8s), 0023/2048 VUs, 4441867 complete and 0 interrupted iterations
cap_mixed   [  82% ] 0023/2048 VUs  24m40.8s/30m0s  3000.00 iters/s

running (24m41.8s), 0019/2048 VUs, 4444868 complete and 0 interrupted iterations
cap_mixed   [  82% ] 0019/2048 VUs  24m41.8s/30m0s  3000.00 iters/s

running (24m42.8s), 0038/2048 VUs, 4447850 complete and 0 interrupted iterations
cap_mixed   [  82% ] 0038/2048 VUs  24m42.8s/30m0s  3000.00 iters/s

running (24m43.8s), 0030/2048 VUs, 4450858 complete and 0 interrupted iterations
cap_mixed   [  82% ] 0030/2048 VUs  24m43.8s/30m0s  3000.00 iters/s

running (24m44.8s), 0024/2048 VUs, 4453864 complete and 0 interrupted iterations
cap_mixed   [  82% ] 0024/2048 VUs  24m44.8s/30m0s  3000.00 iters/s

running (24m45.8s), 0016/2048 VUs, 4456871 complete and 0 interrupted iterations
cap_mixed   [  83% ] 0016/2048 VUs  24m45.8s/30m0s  3000.00 iters/s

running (24m46.8s), 0047/2048 VUs, 4459840 complete and 0 interrupted iterations
cap_mixed   [  83% ] 0047/2048 VUs  24m46.8s/30m0s  3000.00 iters/s

running (24m47.8s), 0070/2048 VUs, 4462817 complete and 0 interrupted iterations
cap_mixed   [  83% ] 0070/2048 VUs  24m47.8s/30m0s  3000.00 iters/s

running (24m48.8s), 0138/2048 VUs, 4465750 complete and 0 interrupted iterations
cap_mixed   [  83% ] 0138/2048 VUs  24m48.8s/30m0s  3000.00 iters/s

running (24m49.8s), 0218/2048 VUs, 4468670 complete and 0 interrupted iterations
cap_mixed   [  83% ] 0218/2048 VUs  24m49.8s/30m0s  3000.00 iters/s

running (24m50.8s), 0021/2048 VUs, 4471870 complete and 0 interrupted iterations
cap_mixed   [  83% ] 0021/2048 VUs  24m50.8s/30m0s  3000.00 iters/s

running (24m51.8s), 0054/2048 VUs, 4474835 complete and 0 interrupted iterations
cap_mixed   [  83% ] 0054/2048 VUs  24m51.8s/30m0s  3000.00 iters/s

running (24m52.8s), 0053/2048 VUs, 4477835 complete and 0 interrupted iterations
cap_mixed   [  83% ] 0053/2048 VUs  24m52.8s/30m0s  3000.00 iters/s

running (24m53.8s), 0019/2048 VUs, 4480868 complete and 0 interrupted iterations
cap_mixed   [  83% ] 0019/2048 VUs  24m53.8s/30m0s  3000.00 iters/s

running (24m54.8s), 0050/2048 VUs, 4483838 complete and 0 interrupted iterations
cap_mixed   [  83% ] 0050/2048 VUs  24m54.8s/30m0s  3000.00 iters/s

running (24m55.8s), 0031/2048 VUs, 4486858 complete and 0 interrupted iterations
cap_mixed   [  83% ] 0031/2048 VUs  24m55.8s/30m0s  3000.00 iters/s

running (24m56.8s), 0033/2048 VUs, 4489856 complete and 0 interrupted iterations
cap_mixed   [  83% ] 0033/2048 VUs  24m56.8s/30m0s  3000.00 iters/s

running (24m57.8s), 0019/2048 VUs, 4492871 complete and 0 interrupted iterations
cap_mixed   [  83% ] 0019/2048 VUs  24m57.8s/30m0s  3000.00 iters/s

running (24m58.8s), 0049/2048 VUs, 4495839 complete and 0 interrupted iterations
cap_mixed   [  83% ] 0049/2048 VUs  24m58.8s/30m0s  3000.00 iters/s

running (24m59.8s), 0039/2048 VUs, 4498849 complete and 0 interrupted iterations
cap_mixed   [  83% ] 0039/2048 VUs  24m59.8s/30m0s  3000.00 iters/s

running (25m00.8s), 0027/2048 VUs, 4501861 complete and 0 interrupted iterations
cap_mixed   [  83% ] 0027/2048 VUs  25m00.8s/30m0s  3000.00 iters/s

running (25m01.8s), 0060/2048 VUs, 4504833 complete and 0 interrupted iterations
cap_mixed   [  83% ] 0060/2048 VUs  25m01.8s/30m0s  3000.00 iters/s

running (25m02.8s), 0025/2048 VUs, 4507862 complete and 0 interrupted iterations
cap_mixed   [  83% ] 0025/2048 VUs  25m02.8s/30m0s  3000.00 iters/s

running (25m03.8s), 0027/2048 VUs, 4510861 complete and 0 interrupted iterations
cap_mixed   [  84% ] 0027/2048 VUs  25m03.8s/30m0s  3000.00 iters/s

running (25m04.8s), 0034/2048 VUs, 4513854 complete and 0 interrupted iterations
cap_mixed   [  84% ] 0034/2048 VUs  25m04.8s/30m0s  3000.00 iters/s

running (25m05.8s), 0026/2048 VUs, 4516863 complete and 0 interrupted iterations
cap_mixed   [  84% ] 0026/2048 VUs  25m05.8s/30m0s  3000.00 iters/s

running (25m06.8s), 0012/2048 VUs, 4519876 complete and 0 interrupted iterations
cap_mixed   [  84% ] 0012/2048 VUs  25m06.8s/30m0s  3000.00 iters/s

running (25m07.8s), 0042/2048 VUs, 4522846 complete and 0 interrupted iterations
cap_mixed   [  84% ] 0042/2048 VUs  25m07.8s/30m0s  3000.00 iters/s

running (25m08.8s), 0018/2048 VUs, 4525870 complete and 0 interrupted iterations
cap_mixed   [  84% ] 0018/2048 VUs  25m08.8s/30m0s  3000.00 iters/s

running (25m09.8s), 0093/2048 VUs, 4528795 complete and 0 interrupted iterations
cap_mixed   [  84% ] 0093/2048 VUs  25m09.8s/30m0s  3000.00 iters/s

running (25m10.8s), 0042/2048 VUs, 4531846 complete and 0 interrupted iterations
cap_mixed   [  84% ] 0042/2048 VUs  25m10.8s/30m0s  3000.00 iters/s

running (25m11.8s), 0017/2048 VUs, 4534870 complete and 0 interrupted iterations
cap_mixed   [  84% ] 0018/2048 VUs  25m11.8s/30m0s  3000.00 iters/s

running (25m12.8s), 0028/2048 VUs, 4537860 complete and 0 interrupted iterations
cap_mixed   [  84% ] 0028/2048 VUs  25m12.8s/30m0s  3000.00 iters/s

running (25m13.8s), 0024/2048 VUs, 4540864 complete and 0 interrupted iterations
cap_mixed   [  84% ] 0024/2048 VUs  25m13.8s/30m0s  3000.00 iters/s

running (25m14.8s), 0024/2048 VUs, 4543864 complete and 0 interrupted iterations
cap_mixed   [  84% ] 0024/2048 VUs  25m14.8s/30m0s  3000.00 iters/s

running (25m15.8s), 0120/2048 VUs, 4546768 complete and 0 interrupted iterations
cap_mixed   [  84% ] 0120/2048 VUs  25m15.8s/30m0s  3000.00 iters/s

running (25m16.8s), 0022/2048 VUs, 4549866 complete and 0 interrupted iterations
cap_mixed   [  84% ] 0022/2048 VUs  25m16.8s/30m0s  3000.00 iters/s

running (25m17.8s), 0032/2048 VUs, 4552856 complete and 0 interrupted iterations
cap_mixed   [  84% ] 0032/2048 VUs  25m17.8s/30m0s  3000.00 iters/s

running (25m18.8s), 0028/2048 VUs, 4555860 complete and 0 interrupted iterations
cap_mixed   [  84% ] 0028/2048 VUs  25m18.8s/30m0s  3000.00 iters/s

running (25m19.8s), 0039/2048 VUs, 4558849 complete and 0 interrupted iterations
cap_mixed   [  84% ] 0039/2048 VUs  25m19.8s/30m0s  3000.00 iters/s

running (25m20.8s), 0024/2048 VUs, 4561863 complete and 0 interrupted iterations
cap_mixed   [  84% ] 0025/2048 VUs  25m20.8s/30m0s  3000.00 iters/s

running (25m21.8s), 0021/2048 VUs, 4564867 complete and 0 interrupted iterations
cap_mixed   [  85% ] 0021/2048 VUs  25m21.8s/30m0s  3000.00 iters/s

running (25m22.8s), 0036/2048 VUs, 4567852 complete and 0 interrupted iterations
cap_mixed   [  85% ] 0036/2048 VUs  25m22.8s/30m0s  3000.00 iters/s

running (25m23.8s), 0054/2048 VUs, 4570834 complete and 0 interrupted iterations
cap_mixed   [  85% ] 0054/2048 VUs  25m23.8s/30m0s  3000.00 iters/s

running (25m24.8s), 0021/2048 VUs, 4573867 complete and 0 interrupted iterations
cap_mixed   [  85% ] 0021/2048 VUs  25m24.8s/30m0s  3000.00 iters/s

running (25m25.8s), 0031/2048 VUs, 4576857 complete and 0 interrupted iterations
cap_mixed   [  85% ] 0031/2048 VUs  25m25.8s/30m0s  3000.00 iters/s

running (25m26.8s), 0028/2048 VUs, 4579860 complete and 0 interrupted iterations
cap_mixed   [  85% ] 0028/2048 VUs  25m26.8s/30m0s  3000.00 iters/s

running (25m27.8s), 0023/2048 VUs, 4582864 complete and 0 interrupted iterations
cap_mixed   [  85% ] 0023/2048 VUs  25m27.8s/30m0s  3000.00 iters/s

running (25m28.8s), 0021/2048 VUs, 4585867 complete and 0 interrupted iterations
cap_mixed   [  85% ] 0021/2048 VUs  25m28.8s/30m0s  3000.00 iters/s

running (25m29.8s), 0043/2048 VUs, 4588845 complete and 0 interrupted iterations
cap_mixed   [  85% ] 0043/2048 VUs  25m29.8s/30m0s  3000.00 iters/s

running (25m30.8s), 0235/2048 VUs, 4591653 complete and 0 interrupted iterations
cap_mixed   [  85% ] 0235/2048 VUs  25m30.8s/30m0s  3000.00 iters/s

running (25m31.8s), 0028/2048 VUs, 4594860 complete and 0 interrupted iterations
cap_mixed   [  85% ] 0028/2048 VUs  25m31.8s/30m0s  3000.00 iters/s

running (25m32.8s), 0099/2048 VUs, 4597789 complete and 0 interrupted iterations
cap_mixed   [  85% ] 0099/2048 VUs  25m32.8s/30m0s  3000.00 iters/s

running (25m33.8s), 0040/2048 VUs, 4600848 complete and 0 interrupted iterations
cap_mixed   [  85% ] 0040/2048 VUs  25m33.8s/30m0s  3000.00 iters/s

running (25m34.8s), 0020/2048 VUs, 4603868 complete and 0 interrupted iterations
cap_mixed   [  85% ] 0020/2048 VUs  25m34.8s/30m0s  3000.00 iters/s

running (25m35.8s), 0021/2048 VUs, 4606869 complete and 0 interrupted iterations
cap_mixed   [  85% ] 0021/2048 VUs  25m35.8s/30m0s  3000.00 iters/s

running (25m36.8s), 0017/2048 VUs, 4609871 complete and 0 interrupted iterations
cap_mixed   [  85% ] 0017/2048 VUs  25m36.8s/30m0s  3000.00 iters/s

running (25m37.8s), 0016/2048 VUs, 4612872 complete and 0 interrupted iterations
cap_mixed   [  85% ] 0016/2048 VUs  25m37.8s/30m0s  3000.00 iters/s

running (25m38.8s), 0018/2048 VUs, 4615870 complete and 0 interrupted iterations
cap_mixed   [  85% ] 0018/2048 VUs  25m38.8s/30m0s  3000.00 iters/s

running (25m39.8s), 0020/2048 VUs, 4618868 complete and 0 interrupted iterations
cap_mixed   [  86% ] 0020/2048 VUs  25m39.8s/30m0s  3000.00 iters/s

running (25m40.8s), 0015/2048 VUs, 4621873 complete and 0 interrupted iterations
cap_mixed   [  86% ] 0015/2048 VUs  25m40.8s/30m0s  3000.00 iters/s

running (25m41.8s), 0056/2048 VUs, 4624832 complete and 0 interrupted iterations
cap_mixed   [  86% ] 0056/2048 VUs  25m41.8s/30m0s  3000.00 iters/s

running (25m42.8s), 0026/2048 VUs, 4627866 complete and 0 interrupted iterations
cap_mixed   [  86% ] 0025/2048 VUs  25m42.8s/30m0s  3000.00 iters/s

running (25m43.8s), 0035/2048 VUs, 4630853 complete and 0 interrupted iterations
cap_mixed   [  86% ] 0035/2048 VUs  25m43.8s/30m0s  3000.00 iters/s

running (25m44.8s), 0030/2048 VUs, 4633858 complete and 0 interrupted iterations
cap_mixed   [  86% ] 0030/2048 VUs  25m44.8s/30m0s  3000.00 iters/s

running (25m45.8s), 0030/2048 VUs, 4636857 complete and 0 interrupted iterations
cap_mixed   [  86% ] 0030/2048 VUs  25m45.8s/30m0s  3000.00 iters/s

running (25m46.8s), 0023/2048 VUs, 4639865 complete and 0 interrupted iterations
cap_mixed   [  86% ] 0023/2048 VUs  25m46.8s/30m0s  3000.00 iters/s

running (25m47.8s), 0032/2048 VUs, 4642856 complete and 0 interrupted iterations
cap_mixed   [  86% ] 0032/2048 VUs  25m47.8s/30m0s  3000.00 iters/s

running (25m48.8s), 0028/2048 VUs, 4645860 complete and 0 interrupted iterations
cap_mixed   [  86% ] 0028/2048 VUs  25m48.8s/30m0s  3000.00 iters/s

running (25m49.8s), 0025/2048 VUs, 4648863 complete and 0 interrupted iterations
cap_mixed   [  86% ] 0025/2048 VUs  25m49.8s/30m0s  3000.00 iters/s

running (25m50.8s), 0024/2048 VUs, 4651864 complete and 0 interrupted iterations
cap_mixed   [  86% ] 0024/2048 VUs  25m50.8s/30m0s  3000.00 iters/s

running (25m51.8s), 0017/2048 VUs, 4654871 complete and 0 interrupted iterations
cap_mixed   [  86% ] 0017/2048 VUs  25m51.8s/30m0s  3000.00 iters/s

running (25m52.8s), 0018/2048 VUs, 4657870 complete and 0 interrupted iterations
cap_mixed   [  86% ] 0018/2048 VUs  25m52.8s/30m0s  3000.00 iters/s

running (25m53.8s), 0027/2048 VUs, 4660861 complete and 0 interrupted iterations
cap_mixed   [  86% ] 0027/2048 VUs  25m53.8s/30m0s  3000.00 iters/s

running (25m54.8s), 0052/2048 VUs, 4663836 complete and 0 interrupted iterations
cap_mixed   [  86% ] 0052/2048 VUs  25m54.8s/30m0s  3000.00 iters/s

running (25m55.8s), 0018/2048 VUs, 4666870 complete and 0 interrupted iterations
cap_mixed   [  86% ] 0018/2048 VUs  25m55.8s/30m0s  3000.00 iters/s

running (25m56.8s), 0025/2048 VUs, 4669863 complete and 0 interrupted iterations
cap_mixed   [  86% ] 0025/2048 VUs  25m56.8s/30m0s  3000.00 iters/s

running (25m57.8s), 0024/2048 VUs, 4672864 complete and 0 interrupted iterations
cap_mixed   [  87% ] 0024/2048 VUs  25m57.8s/30m0s  3000.00 iters/s

running (25m58.8s), 0019/2048 VUs, 4675869 complete and 0 interrupted iterations
cap_mixed   [  87% ] 0019/2048 VUs  25m58.8s/30m0s  3000.00 iters/s

running (25m59.8s), 0034/2048 VUs, 4678855 complete and 0 interrupted iterations
cap_mixed   [  87% ] 0034/2048 VUs  25m59.8s/30m0s  3000.00 iters/s

running (26m00.8s), 0014/2048 VUs, 4681874 complete and 0 interrupted iterations
cap_mixed   [  87% ] 0014/2048 VUs  26m00.8s/30m0s  3000.00 iters/s

running (26m01.8s), 0035/2048 VUs, 4684853 complete and 0 interrupted iterations
cap_mixed   [  87% ] 0035/2048 VUs  26m01.8s/30m0s  3000.00 iters/s

running (26m02.8s), 0038/2048 VUs, 4687850 complete and 0 interrupted iterations
cap_mixed   [  87% ] 0038/2048 VUs  26m02.8s/30m0s  3000.00 iters/s

running (26m03.8s), 0016/2048 VUs, 4690873 complete and 0 interrupted iterations
cap_mixed   [  87% ] 0016/2048 VUs  26m03.8s/30m0s  3000.00 iters/s

running (26m04.8s), 0017/2048 VUs, 4693871 complete and 0 interrupted iterations
cap_mixed   [  87% ] 0017/2048 VUs  26m04.8s/30m0s  3000.00 iters/s

running (26m05.8s), 0013/2048 VUs, 4696875 complete and 0 interrupted iterations
cap_mixed   [  87% ] 0013/2048 VUs  26m05.8s/30m0s  3000.00 iters/s

running (26m06.8s), 0020/2048 VUs, 4699868 complete and 0 interrupted iterations
cap_mixed   [  87% ] 0020/2048 VUs  26m06.8s/30m0s  3000.00 iters/s

running (26m07.8s), 0018/2048 VUs, 4702870 complete and 0 interrupted iterations
cap_mixed   [  87% ] 0018/2048 VUs  26m07.8s/30m0s  3000.00 iters/s

running (26m08.8s), 0029/2048 VUs, 4705861 complete and 0 interrupted iterations
cap_mixed   [  87% ] 0029/2048 VUs  26m08.8s/30m0s  3000.00 iters/s

running (26m09.8s), 0019/2048 VUs, 4708869 complete and 0 interrupted iterations
cap_mixed   [  87% ] 0019/2048 VUs  26m09.8s/30m0s  3000.00 iters/s

running (26m10.8s), 0038/2048 VUs, 4711851 complete and 0 interrupted iterations
cap_mixed   [  87% ] 0038/2048 VUs  26m10.8s/30m0s  3000.00 iters/s

running (26m11.8s), 0023/2048 VUs, 4714865 complete and 0 interrupted iterations
cap_mixed   [  87% ] 0023/2048 VUs  26m11.8s/30m0s  3000.00 iters/s

running (26m12.8s), 0158/2048 VUs, 4717730 complete and 0 interrupted iterations
cap_mixed   [  87% ] 0158/2048 VUs  26m12.8s/30m0s  3000.00 iters/s

running (26m13.8s), 0017/2048 VUs, 4720871 complete and 0 interrupted iterations
cap_mixed   [  87% ] 0017/2048 VUs  26m13.8s/30m0s  3000.00 iters/s

running (26m14.8s), 0039/2048 VUs, 4723849 complete and 0 interrupted iterations
cap_mixed   [  87% ] 0039/2048 VUs  26m14.8s/30m0s  3000.00 iters/s

running (26m15.8s), 0023/2048 VUs, 4726865 complete and 0 interrupted iterations
cap_mixed   [  88% ] 0023/2048 VUs  26m15.8s/30m0s  3000.00 iters/s

running (26m16.8s), 0019/2048 VUs, 4729869 complete and 0 interrupted iterations
cap_mixed   [  88% ] 0019/2048 VUs  26m16.8s/30m0s  3000.00 iters/s

running (26m17.8s), 0024/2048 VUs, 4732864 complete and 0 interrupted iterations
cap_mixed   [  88% ] 0024/2048 VUs  26m17.8s/30m0s  3000.00 iters/s

running (26m18.8s), 0033/2048 VUs, 4735855 complete and 0 interrupted iterations
cap_mixed   [  88% ] 0033/2048 VUs  26m18.8s/30m0s  3000.00 iters/s

running (26m19.8s), 0028/2048 VUs, 4738860 complete and 0 interrupted iterations
cap_mixed   [  88% ] 0028/2048 VUs  26m19.8s/30m0s  3000.00 iters/s

running (26m20.8s), 0017/2048 VUs, 4741871 complete and 0 interrupted iterations
cap_mixed   [  88% ] 0017/2048 VUs  26m20.8s/30m0s  3000.00 iters/s

running (26m21.8s), 0031/2048 VUs, 4744858 complete and 0 interrupted iterations
cap_mixed   [  88% ] 0031/2048 VUs  26m21.8s/30m0s  3000.00 iters/s

running (26m22.8s), 0018/2048 VUs, 4747870 complete and 0 interrupted iterations
cap_mixed   [  88% ] 0018/2048 VUs  26m22.8s/30m0s  3000.00 iters/s

running (26m23.8s), 0022/2048 VUs, 4750866 complete and 0 interrupted iterations
cap_mixed   [  88% ] 0022/2048 VUs  26m23.8s/30m0s  3000.00 iters/s

running (26m24.8s), 0027/2048 VUs, 4753861 complete and 0 interrupted iterations
cap_mixed   [  88% ] 0027/2048 VUs  26m24.8s/30m0s  3000.00 iters/s

running (26m25.8s), 0020/2048 VUs, 4756870 complete and 0 interrupted iterations
cap_mixed   [  88% ] 0020/2048 VUs  26m25.8s/30m0s  3000.00 iters/s

running (26m26.8s), 0015/2048 VUs, 4759874 complete and 0 interrupted iterations
cap_mixed   [  88% ] 0015/2048 VUs  26m26.8s/30m0s  3000.00 iters/s

running (26m27.8s), 0035/2048 VUs, 4762853 complete and 0 interrupted iterations
cap_mixed   [  88% ] 0035/2048 VUs  26m27.8s/30m0s  3000.00 iters/s

running (26m28.8s), 0033/2048 VUs, 4765855 complete and 0 interrupted iterations
cap_mixed   [  88% ] 0033/2048 VUs  26m28.8s/30m0s  3000.00 iters/s

running (26m29.8s), 0021/2048 VUs, 4768867 complete and 0 interrupted iterations
cap_mixed   [  88% ] 0021/2048 VUs  26m29.8s/30m0s  3000.00 iters/s

running (26m30.8s), 0027/2048 VUs, 4771861 complete and 0 interrupted iterations
cap_mixed   [  88% ] 0027/2048 VUs  26m30.8s/30m0s  3000.00 iters/s

running (26m31.8s), 0018/2048 VUs, 4774873 complete and 0 interrupted iterations
cap_mixed   [  88% ] 0018/2048 VUs  26m31.8s/30m0s  3000.00 iters/s

running (26m32.8s), 0018/2048 VUs, 4777870 complete and 0 interrupted iterations
cap_mixed   [  88% ] 0017/2048 VUs  26m32.8s/30m0s  3000.00 iters/s

running (26m33.8s), 0031/2048 VUs, 4780857 complete and 0 interrupted iterations
cap_mixed   [  89% ] 0031/2048 VUs  26m33.8s/30m0s  3000.00 iters/s

running (26m34.8s), 0013/2048 VUs, 4783875 complete and 0 interrupted iterations
cap_mixed   [  89% ] 0013/2048 VUs  26m34.8s/30m0s  3000.00 iters/s

running (26m35.8s), 0032/2048 VUs, 4786856 complete and 0 interrupted iterations
cap_mixed   [  89% ] 0032/2048 VUs  26m35.8s/30m0s  3000.00 iters/s

running (26m36.8s), 0033/2048 VUs, 4789856 complete and 0 interrupted iterations
cap_mixed   [  89% ] 0033/2048 VUs  26m36.8s/30m0s  3000.00 iters/s

running (26m37.8s), 0030/2048 VUs, 4792858 complete and 0 interrupted iterations
cap_mixed   [  89% ] 0030/2048 VUs  26m37.8s/30m0s  3000.00 iters/s

running (26m38.8s), 0021/2048 VUs, 4795867 complete and 0 interrupted iterations
cap_mixed   [  89% ] 0021/2048 VUs  26m38.8s/30m0s  3000.00 iters/s

running (26m39.8s), 0022/2048 VUs, 4798868 complete and 0 interrupted iterations
cap_mixed   [  89% ] 0022/2048 VUs  26m39.8s/30m0s  3000.00 iters/s

running (26m40.8s), 0027/2048 VUs, 4801861 complete and 0 interrupted iterations
cap_mixed   [  89% ] 0027/2048 VUs  26m40.8s/30m0s  3000.00 iters/s

running (26m41.8s), 0026/2048 VUs, 4804862 complete and 0 interrupted iterations
cap_mixed   [  89% ] 0026/2048 VUs  26m41.8s/30m0s  3000.00 iters/s

running (26m42.8s), 0034/2048 VUs, 4807855 complete and 0 interrupted iterations
cap_mixed   [  89% ] 0034/2048 VUs  26m42.8s/30m0s  3000.00 iters/s

running (26m43.8s), 0028/2048 VUs, 4810861 complete and 0 interrupted iterations
cap_mixed   [  89% ] 0028/2048 VUs  26m43.8s/30m0s  3000.00 iters/s

running (26m44.8s), 0049/2048 VUs, 4813839 complete and 0 interrupted iterations
cap_mixed   [  89% ] 0049/2048 VUs  26m44.8s/30m0s  3000.00 iters/s

running (26m45.8s), 0029/2048 VUs, 4816860 complete and 0 interrupted iterations
cap_mixed   [  89% ] 0029/2048 VUs  26m45.8s/30m0s  3000.00 iters/s

running (26m46.8s), 0023/2048 VUs, 4819865 complete and 0 interrupted iterations
cap_mixed   [  89% ] 0023/2048 VUs  26m46.8s/30m0s  3000.00 iters/s

running (26m47.8s), 0020/2048 VUs, 4822868 complete and 0 interrupted iterations
cap_mixed   [  89% ] 0020/2048 VUs  26m47.8s/30m0s  3000.00 iters/s

running (26m48.8s), 0018/2048 VUs, 4825870 complete and 0 interrupted iterations
cap_mixed   [  89% ] 0018/2048 VUs  26m48.8s/30m0s  3000.00 iters/s

running (26m49.8s), 0025/2048 VUs, 4828863 complete and 0 interrupted iterations
cap_mixed   [  89% ] 0025/2048 VUs  26m49.8s/30m0s  3000.00 iters/s

running (26m50.8s), 0029/2048 VUs, 4831859 complete and 0 interrupted iterations
cap_mixed   [  89% ] 0029/2048 VUs  26m50.8s/30m0s  3000.00 iters/s

running (26m51.8s), 0016/2048 VUs, 4834872 complete and 0 interrupted iterations
cap_mixed   [  90% ] 0016/2048 VUs  26m51.8s/30m0s  3000.00 iters/s

running (26m52.8s), 0017/2048 VUs, 4837871 complete and 0 interrupted iterations
cap_mixed   [  90% ] 0017/2048 VUs  26m52.8s/30m0s  3000.00 iters/s

running (26m53.8s), 0258/2048 VUs, 4840631 complete and 0 interrupted iterations
cap_mixed   [  90% ] 0258/2048 VUs  26m53.8s/30m0s  3000.00 iters/s

running (26m54.8s), 0019/2048 VUs, 4843869 complete and 0 interrupted iterations
cap_mixed   [  90% ] 0019/2048 VUs  26m54.8s/30m0s  3000.00 iters/s

running (26m55.8s), 0042/2048 VUs, 4846847 complete and 0 interrupted iterations
cap_mixed   [  90% ] 0042/2048 VUs  26m55.8s/30m0s  3000.00 iters/s

running (26m56.8s), 0025/2048 VUs, 4849863 complete and 0 interrupted iterations
cap_mixed   [  90% ] 0025/2048 VUs  26m56.8s/30m0s  3000.00 iters/s

running (26m57.8s), 0037/2048 VUs, 4852851 complete and 0 interrupted iterations
cap_mixed   [  90% ] 0037/2048 VUs  26m57.8s/30m0s  3000.00 iters/s

running (26m58.8s), 0034/2048 VUs, 4855854 complete and 0 interrupted iterations
cap_mixed   [  90% ] 0034/2048 VUs  26m58.8s/30m0s  3000.00 iters/s

running (26m59.8s), 0027/2048 VUs, 4858861 complete and 0 interrupted iterations
cap_mixed   [  90% ] 0027/2048 VUs  26m59.8s/30m0s  3000.00 iters/s

running (27m00.8s), 0028/2048 VUs, 4861860 complete and 0 interrupted iterations
cap_mixed   [  90% ] 0028/2048 VUs  27m00.8s/30m0s  3000.00 iters/s

running (27m01.8s), 0021/2048 VUs, 4864867 complete and 0 interrupted iterations
cap_mixed   [  90% ] 0021/2048 VUs  27m01.8s/30m0s  3000.00 iters/s

running (27m02.8s), 0019/2048 VUs, 4867869 complete and 0 interrupted iterations
cap_mixed   [  90% ] 0019/2048 VUs  27m02.8s/30m0s  3000.00 iters/s

running (27m03.8s), 0020/2048 VUs, 4870868 complete and 0 interrupted iterations
cap_mixed   [  90% ] 0020/2048 VUs  27m03.8s/30m0s  3000.00 iters/s

running (27m04.8s), 0026/2048 VUs, 4873862 complete and 0 interrupted iterations
cap_mixed   [  90% ] 0026/2048 VUs  27m04.8s/30m0s  3000.00 iters/s

running (27m05.8s), 0027/2048 VUs, 4876861 complete and 0 interrupted iterations
cap_mixed   [  90% ] 0027/2048 VUs  27m05.8s/30m0s  3000.00 iters/s

running (27m06.8s), 0029/2048 VUs, 4879859 complete and 0 interrupted iterations
cap_mixed   [  90% ] 0029/2048 VUs  27m06.8s/30m0s  3000.00 iters/s

running (27m07.8s), 0020/2048 VUs, 4882869 complete and 0 interrupted iterations
cap_mixed   [  90% ] 0020/2048 VUs  27m07.8s/30m0s  3000.00 iters/s

running (27m08.8s), 0019/2048 VUs, 4885869 complete and 0 interrupted iterations
cap_mixed   [  90% ] 0019/2048 VUs  27m08.8s/30m0s  3000.00 iters/s

running (27m09.8s), 0029/2048 VUs, 4888859 complete and 0 interrupted iterations
cap_mixed   [  91% ] 0029/2048 VUs  27m09.8s/30m0s  3000.00 iters/s

running (27m10.8s), 0016/2048 VUs, 4891873 complete and 0 interrupted iterations
cap_mixed   [  91% ] 0016/2048 VUs  27m10.8s/30m0s  3000.00 iters/s

running (27m11.8s), 0020/2048 VUs, 4894868 complete and 0 interrupted iterations
cap_mixed   [  91% ] 0020/2048 VUs  27m11.8s/30m0s  3000.00 iters/s

running (27m12.8s), 0035/2048 VUs, 4897854 complete and 0 interrupted iterations
cap_mixed   [  91% ] 0035/2048 VUs  27m12.8s/30m0s  3000.00 iters/s

running (27m13.8s), 0037/2048 VUs, 4900851 complete and 0 interrupted iterations
cap_mixed   [  91% ] 0037/2048 VUs  27m13.8s/30m0s  3000.00 iters/s

running (27m14.8s), 0273/2048 VUs, 4903617 complete and 0 interrupted iterations
cap_mixed   [  91% ] 0273/2048 VUs  27m14.8s/30m0s  3000.00 iters/s

running (27m15.8s), 0051/2048 VUs, 4906837 complete and 0 interrupted iterations
cap_mixed   [  91% ] 0051/2048 VUs  27m15.8s/30m0s  3000.00 iters/s

running (27m16.8s), 0050/2048 VUs, 4909839 complete and 0 interrupted iterations
cap_mixed   [  91% ] 0050/2048 VUs  27m16.8s/30m0s  3000.00 iters/s

running (27m17.8s), 0077/2048 VUs, 4912811 complete and 0 interrupted iterations
cap_mixed   [  91% ] 0077/2048 VUs  27m17.8s/30m0s  3000.00 iters/s

running (27m18.8s), 0026/2048 VUs, 4915862 complete and 0 interrupted iterations
cap_mixed   [  91% ] 0026/2048 VUs  27m18.8s/30m0s  3000.00 iters/s

running (27m19.8s), 0086/2048 VUs, 4918803 complete and 0 interrupted iterations
cap_mixed   [  91% ] 0086/2048 VUs  27m19.8s/30m0s  3000.00 iters/s

running (27m20.8s), 0023/2048 VUs, 4921865 complete and 0 interrupted iterations
cap_mixed   [  91% ] 0023/2048 VUs  27m20.8s/30m0s  3000.00 iters/s

running (27m21.8s), 0016/2048 VUs, 4924872 complete and 0 interrupted iterations
cap_mixed   [  91% ] 0016/2048 VUs  27m21.8s/30m0s  3000.00 iters/s

running (27m22.8s), 0038/2048 VUs, 4927850 complete and 0 interrupted iterations
cap_mixed   [  91% ] 0038/2048 VUs  27m22.8s/30m0s  3000.00 iters/s

running (27m23.8s), 0198/2048 VUs, 4930691 complete and 0 interrupted iterations
cap_mixed   [  91% ] 0198/2048 VUs  27m23.8s/30m0s  3000.00 iters/s

running (27m24.8s), 0057/2048 VUs, 4933831 complete and 0 interrupted iterations
cap_mixed   [  91% ] 0057/2048 VUs  27m24.8s/30m0s  3000.00 iters/s

running (27m25.8s), 0039/2048 VUs, 4936849 complete and 0 interrupted iterations
cap_mixed   [  91% ] 0039/2048 VUs  27m25.8s/30m0s  3000.00 iters/s

running (27m26.8s), 0035/2048 VUs, 4939853 complete and 0 interrupted iterations
cap_mixed   [  91% ] 0035/2048 VUs  27m26.8s/30m0s  3000.00 iters/s

running (27m27.8s), 0023/2048 VUs, 4942865 complete and 0 interrupted iterations
cap_mixed   [  92% ] 0023/2048 VUs  27m27.8s/30m0s  3000.00 iters/s

running (27m28.8s), 0062/2048 VUs, 4945833 complete and 0 interrupted iterations
cap_mixed   [  92% ] 0062/2048 VUs  27m28.8s/30m0s  3000.00 iters/s

running (27m29.8s), 0201/2048 VUs, 4948688 complete and 0 interrupted iterations
cap_mixed   [  92% ] 0201/2048 VUs  27m29.8s/30m0s  3000.00 iters/s

running (27m30.8s), 0263/2048 VUs, 4951625 complete and 0 interrupted iterations
cap_mixed   [  92% ] 0263/2048 VUs  27m30.8s/30m0s  3000.00 iters/s

running (27m31.8s), 0137/2048 VUs, 4954751 complete and 0 interrupted iterations
cap_mixed   [  92% ] 0137/2048 VUs  27m31.8s/30m0s  3000.00 iters/s

running (27m32.8s), 0022/2048 VUs, 4957866 complete and 0 interrupted iterations
cap_mixed   [  92% ] 0022/2048 VUs  27m32.8s/30m0s  3000.00 iters/s

running (27m33.8s), 0043/2048 VUs, 4960845 complete and 0 interrupted iterations
cap_mixed   [  92% ] 0043/2048 VUs  27m33.8s/30m0s  3000.00 iters/s

running (27m34.8s), 0024/2048 VUs, 4963865 complete and 0 interrupted iterations
cap_mixed   [  92% ] 0024/2048 VUs  27m34.8s/30m0s  3000.00 iters/s

running (27m35.8s), 0359/2048 VUs, 4966529 complete and 0 interrupted iterations
cap_mixed   [  92% ] 0359/2048 VUs  27m35.8s/30m0s  3000.00 iters/s

running (27m36.8s), 0581/2048 VUs, 4969314 complete and 0 interrupted iterations
cap_mixed   [  92% ] 0581/2048 VUs  27m36.8s/30m0s  3000.00 iters/s

running (27m37.8s), 0292/2048 VUs, 4972596 complete and 0 interrupted iterations
cap_mixed   [  92% ] 0292/2048 VUs  27m37.8s/30m0s  3000.00 iters/s

running (27m38.8s), 0199/2048 VUs, 4975690 complete and 0 interrupted iterations
cap_mixed   [  92% ] 0199/2048 VUs  27m38.8s/30m0s  3000.00 iters/s

running (27m39.8s), 0033/2048 VUs, 4978856 complete and 0 interrupted iterations
cap_mixed   [  92% ] 0033/2048 VUs  27m39.8s/30m0s  3000.00 iters/s

running (27m40.8s), 0033/2048 VUs, 4981855 complete and 0 interrupted iterations
cap_mixed   [  92% ] 0033/2048 VUs  27m40.8s/30m0s  3000.00 iters/s

running (27m41.8s), 0026/2048 VUs, 4984862 complete and 0 interrupted iterations
cap_mixed   [  92% ] 0026/2048 VUs  27m41.8s/30m0s  3000.00 iters/s

running (27m42.8s), 0025/2048 VUs, 4987863 complete and 0 interrupted iterations
cap_mixed   [  92% ] 0025/2048 VUs  27m42.8s/30m0s  3000.00 iters/s

running (27m43.8s), 0035/2048 VUs, 4990853 complete and 0 interrupted iterations
cap_mixed   [  92% ] 0035/2048 VUs  27m43.8s/30m0s  3000.00 iters/s

running (27m44.8s), 0051/2048 VUs, 4993837 complete and 0 interrupted iterations
cap_mixed   [  92% ] 0051/2048 VUs  27m44.8s/30m0s  3000.00 iters/s

running (27m45.8s), 0028/2048 VUs, 4996860 complete and 0 interrupted iterations
cap_mixed   [  93% ] 0028/2048 VUs  27m45.8s/30m0s  3000.00 iters/s

running (27m46.8s), 0017/2048 VUs, 4999871 complete and 0 interrupted iterations
cap_mixed   [  93% ] 0017/2048 VUs  27m46.8s/30m0s  3000.00 iters/s

running (27m47.8s), 0026/2048 VUs, 5002862 complete and 0 interrupted iterations
cap_mixed   [  93% ] 0026/2048 VUs  27m47.8s/30m0s  3000.00 iters/s

running (27m48.8s), 0022/2048 VUs, 5005868 complete and 0 interrupted iterations
cap_mixed   [  93% ] 0022/2048 VUs  27m48.8s/30m0s  3000.00 iters/s

running (27m49.8s), 0022/2048 VUs, 5008866 complete and 0 interrupted iterations
cap_mixed   [  93% ] 0022/2048 VUs  27m49.8s/30m0s  3000.00 iters/s

running (27m50.8s), 0014/2048 VUs, 5011874 complete and 0 interrupted iterations
cap_mixed   [  93% ] 0014/2048 VUs  27m50.8s/30m0s  3000.00 iters/s

running (27m51.8s), 0022/2048 VUs, 5014866 complete and 0 interrupted iterations
cap_mixed   [  93% ] 0022/2048 VUs  27m51.8s/30m0s  3000.00 iters/s

running (27m52.8s), 0021/2048 VUs, 5017867 complete and 0 interrupted iterations
cap_mixed   [  93% ] 0021/2048 VUs  27m52.8s/30m0s  3000.00 iters/s

running (27m53.8s), 0020/2048 VUs, 5020868 complete and 0 interrupted iterations
cap_mixed   [  93% ] 0020/2048 VUs  27m53.8s/30m0s  3000.00 iters/s

running (27m54.8s), 0024/2048 VUs, 5023864 complete and 0 interrupted iterations
cap_mixed   [  93% ] 0024/2048 VUs  27m54.8s/30m0s  3000.00 iters/s

running (27m55.8s), 0029/2048 VUs, 5026859 complete and 0 interrupted iterations
cap_mixed   [  93% ] 0029/2048 VUs  27m55.8s/30m0s  3000.00 iters/s

running (27m56.8s), 0098/2048 VUs, 5029790 complete and 0 interrupted iterations
cap_mixed   [  93% ] 0098/2048 VUs  27m56.8s/30m0s  3000.00 iters/s

running (27m57.8s), 0018/2048 VUs, 5032870 complete and 0 interrupted iterations
cap_mixed   [  93% ] 0019/2048 VUs  27m57.8s/30m0s  3000.00 iters/s

running (27m58.8s), 0025/2048 VUs, 5035863 complete and 0 interrupted iterations
cap_mixed   [  93% ] 0025/2048 VUs  27m58.8s/30m0s  3000.00 iters/s

running (27m59.8s), 0031/2048 VUs, 5038857 complete and 0 interrupted iterations
cap_mixed   [  93% ] 0031/2048 VUs  27m59.8s/30m0s  3000.00 iters/s

running (28m00.8s), 0015/2048 VUs, 5041873 complete and 0 interrupted iterations
cap_mixed   [  93% ] 0015/2048 VUs  28m00.8s/30m0s  3000.00 iters/s

running (28m01.8s), 0018/2048 VUs, 5044870 complete and 0 interrupted iterations
cap_mixed   [  93% ] 0018/2048 VUs  28m01.8s/30m0s  3000.00 iters/s

running (28m02.8s), 0018/2048 VUs, 5047870 complete and 0 interrupted iterations
cap_mixed   [  93% ] 0017/2048 VUs  28m02.8s/30m0s  3000.00 iters/s

running (28m03.8s), 0023/2048 VUs, 5050865 complete and 0 interrupted iterations
cap_mixed   [  94% ] 0023/2048 VUs  28m03.8s/30m0s  3000.00 iters/s

running (28m04.8s), 0030/2048 VUs, 5053858 complete and 0 interrupted iterations
cap_mixed   [  94% ] 0031/2048 VUs  28m04.8s/30m0s  3000.00 iters/s

running (28m05.8s), 0029/2048 VUs, 5056859 complete and 0 interrupted iterations
cap_mixed   [  94% ] 0029/2048 VUs  28m05.8s/30m0s  3000.00 iters/s

running (28m06.8s), 0030/2048 VUs, 5059858 complete and 0 interrupted iterations
cap_mixed   [  94% ] 0030/2048 VUs  28m06.8s/30m0s  3000.00 iters/s

running (28m07.8s), 0020/2048 VUs, 5062868 complete and 0 interrupted iterations
cap_mixed   [  94% ] 0020/2048 VUs  28m07.8s/30m0s  3000.00 iters/s

running (28m08.8s), 0021/2048 VUs, 5065867 complete and 0 interrupted iterations
cap_mixed   [  94% ] 0021/2048 VUs  28m08.8s/30m0s  3000.00 iters/s

running (28m09.8s), 0021/2048 VUs, 5068867 complete and 0 interrupted iterations
cap_mixed   [  94% ] 0021/2048 VUs  28m09.8s/30m0s  3000.00 iters/s

running (28m10.8s), 0023/2048 VUs, 5071865 complete and 0 interrupted iterations
cap_mixed   [  94% ] 0023/2048 VUs  28m10.8s/30m0s  3000.00 iters/s

running (28m11.8s), 0026/2048 VUs, 5074862 complete and 0 interrupted iterations
cap_mixed   [  94% ] 0026/2048 VUs  28m11.8s/30m0s  3000.00 iters/s

running (28m12.8s), 0027/2048 VUs, 5077861 complete and 0 interrupted iterations
cap_mixed   [  94% ] 0027/2048 VUs  28m12.8s/30m0s  3000.00 iters/s

running (28m13.8s), 0019/2048 VUs, 5080870 complete and 0 interrupted iterations
cap_mixed   [  94% ] 0019/2048 VUs  28m13.8s/30m0s  3000.00 iters/s

running (28m14.8s), 0035/2048 VUs, 5083853 complete and 0 interrupted iterations
cap_mixed   [  94% ] 0035/2048 VUs  28m14.8s/30m0s  3000.00 iters/s

running (28m15.8s), 0023/2048 VUs, 5086865 complete and 0 interrupted iterations
cap_mixed   [  94% ] 0023/2048 VUs  28m15.8s/30m0s  3000.00 iters/s

running (28m16.8s), 0177/2048 VUs, 5089711 complete and 0 interrupted iterations
cap_mixed   [  94% ] 0177/2048 VUs  28m16.8s/30m0s  3000.00 iters/s

running (28m17.8s), 0025/2048 VUs, 5092872 complete and 0 interrupted iterations
cap_mixed   [  94% ] 0025/2048 VUs  28m17.8s/30m0s  3000.00 iters/s

running (28m18.8s), 0031/2048 VUs, 5095857 complete and 0 interrupted iterations
cap_mixed   [  94% ] 0031/2048 VUs  28m18.8s/30m0s  3000.00 iters/s

running (28m19.8s), 0024/2048 VUs, 5098864 complete and 0 interrupted iterations
cap_mixed   [  94% ] 0024/2048 VUs  28m19.8s/30m0s  3000.00 iters/s

running (28m20.8s), 0032/2048 VUs, 5101856 complete and 0 interrupted iterations
cap_mixed   [  94% ] 0032/2048 VUs  28m20.8s/30m0s  3000.00 iters/s

running (28m21.8s), 0036/2048 VUs, 5104853 complete and 0 interrupted iterations
cap_mixed   [  95% ] 0036/2048 VUs  28m21.8s/30m0s  3000.00 iters/s

running (28m22.8s), 0032/2048 VUs, 5107856 complete and 0 interrupted iterations
cap_mixed   [  95% ] 0032/2048 VUs  28m22.8s/30m0s  3000.00 iters/s

running (28m23.8s), 0015/2048 VUs, 5110873 complete and 0 interrupted iterations
cap_mixed   [  95% ] 0015/2048 VUs  28m23.8s/30m0s  3000.00 iters/s

running (28m24.8s), 0029/2048 VUs, 5113858 complete and 0 interrupted iterations
cap_mixed   [  95% ] 0029/2048 VUs  28m24.8s/30m0s  3000.00 iters/s

running (28m25.8s), 0024/2048 VUs, 5116865 complete and 0 interrupted iterations
cap_mixed   [  95% ] 0024/2048 VUs  28m25.8s/30m0s  3000.00 iters/s

running (28m26.8s), 0072/2048 VUs, 5119816 complete and 0 interrupted iterations
cap_mixed   [  95% ] 0072/2048 VUs  28m26.8s/30m0s  3000.00 iters/s

running (28m27.8s), 0022/2048 VUs, 5122866 complete and 0 interrupted iterations
cap_mixed   [  95% ] 0022/2048 VUs  28m27.8s/30m0s  3000.00 iters/s

running (28m28.8s), 0013/2048 VUs, 5125876 complete and 0 interrupted iterations
cap_mixed   [  95% ] 0013/2048 VUs  28m28.8s/30m0s  3000.00 iters/s

running (28m29.8s), 0026/2048 VUs, 5128862 complete and 0 interrupted iterations
cap_mixed   [  95% ] 0026/2048 VUs  28m29.8s/30m0s  3000.00 iters/s

running (28m30.8s), 0030/2048 VUs, 5131858 complete and 0 interrupted iterations
cap_mixed   [  95% ] 0030/2048 VUs  28m30.8s/30m0s  3000.00 iters/s

running (28m31.8s), 0026/2048 VUs, 5134862 complete and 0 interrupted iterations
cap_mixed   [  95% ] 0026/2048 VUs  28m31.8s/30m0s  3000.00 iters/s

running (28m32.8s), 0072/2048 VUs, 5137815 complete and 0 interrupted iterations
cap_mixed   [  95% ] 0072/2048 VUs  28m32.8s/30m0s  3000.00 iters/s

running (28m33.8s), 0023/2048 VUs, 5140866 complete and 0 interrupted iterations
cap_mixed   [  95% ] 0023/2048 VUs  28m33.8s/30m0s  3000.00 iters/s

running (28m34.8s), 0020/2048 VUs, 5143869 complete and 0 interrupted iterations
cap_mixed   [  95% ] 0020/2048 VUs  28m34.8s/30m0s  3000.00 iters/s

running (28m35.8s), 0023/2048 VUs, 5146865 complete and 0 interrupted iterations
cap_mixed   [  95% ] 0023/2048 VUs  28m35.8s/30m0s  3000.00 iters/s

running (28m36.8s), 0027/2048 VUs, 5149861 complete and 0 interrupted iterations
cap_mixed   [  95% ] 0027/2048 VUs  28m36.8s/30m0s  3000.00 iters/s

running (28m37.8s), 0049/2048 VUs, 5152839 complete and 0 interrupted iterations
cap_mixed   [  95% ] 0049/2048 VUs  28m37.8s/30m0s  3000.00 iters/s

running (28m38.8s), 0043/2048 VUs, 5155845 complete and 0 interrupted iterations
cap_mixed   [  95% ] 0043/2048 VUs  28m38.8s/30m0s  3000.00 iters/s

running (28m39.8s), 0016/2048 VUs, 5158872 complete and 0 interrupted iterations
cap_mixed   [  96% ] 0016/2048 VUs  28m39.8s/30m0s  3000.00 iters/s

running (28m40.8s), 0031/2048 VUs, 5161858 complete and 0 interrupted iterations
cap_mixed   [  96% ] 0031/2048 VUs  28m40.8s/30m0s  3000.00 iters/s

running (28m41.8s), 0034/2048 VUs, 5164854 complete and 0 interrupted iterations
cap_mixed   [  96% ] 0034/2048 VUs  28m41.8s/30m0s  3000.00 iters/s

running (28m42.8s), 0021/2048 VUs, 5167867 complete and 0 interrupted iterations
cap_mixed   [  96% ] 0021/2048 VUs  28m42.8s/30m0s  3000.00 iters/s

running (28m43.8s), 0024/2048 VUs, 5170864 complete and 0 interrupted iterations
cap_mixed   [  96% ] 0024/2048 VUs  28m43.8s/30m0s  3000.00 iters/s

running (28m44.8s), 0043/2048 VUs, 5173845 complete and 0 interrupted iterations
cap_mixed   [  96% ] 0043/2048 VUs  28m44.8s/30m0s  3000.00 iters/s

running (28m45.8s), 0033/2048 VUs, 5176856 complete and 0 interrupted iterations
cap_mixed   [  96% ] 0033/2048 VUs  28m45.8s/30m0s  3000.00 iters/s

running (28m46.8s), 0054/2048 VUs, 5179834 complete and 0 interrupted iterations
cap_mixed   [  96% ] 0054/2048 VUs  28m46.8s/30m0s  3000.00 iters/s

running (28m47.8s), 0059/2048 VUs, 5182832 complete and 0 interrupted iterations
cap_mixed   [  96% ] 0059/2048 VUs  28m47.8s/30m0s  3000.00 iters/s

running (28m48.8s), 0061/2048 VUs, 5185828 complete and 0 interrupted iterations
cap_mixed   [  96% ] 0061/2048 VUs  28m48.8s/30m0s  3000.00 iters/s

running (28m49.8s), 0027/2048 VUs, 5188862 complete and 0 interrupted iterations
cap_mixed   [  96% ] 0027/2048 VUs  28m49.8s/30m0s  3000.00 iters/s

running (28m50.8s), 0027/2048 VUs, 5191861 complete and 0 interrupted iterations
cap_mixed   [  96% ] 0027/2048 VUs  28m50.8s/30m0s  3000.00 iters/s

running (28m51.8s), 0038/2048 VUs, 5194851 complete and 0 interrupted iterations
cap_mixed   [  96% ] 0038/2048 VUs  28m51.8s/30m0s  3000.00 iters/s

running (28m52.8s), 0017/2048 VUs, 5197871 complete and 0 interrupted iterations
cap_mixed   [  96% ] 0017/2048 VUs  28m52.8s/30m0s  3000.00 iters/s

running (28m53.8s), 0034/2048 VUs, 5200855 complete and 0 interrupted iterations
cap_mixed   [  96% ] 0034/2048 VUs  28m53.8s/30m0s  3000.00 iters/s

running (28m54.8s), 0022/2048 VUs, 5203867 complete and 0 interrupted iterations
cap_mixed   [  96% ] 0022/2048 VUs  28m54.8s/30m0s  3000.00 iters/s

running (28m55.8s), 0025/2048 VUs, 5206864 complete and 0 interrupted iterations
cap_mixed   [  96% ] 0025/2048 VUs  28m55.8s/30m0s  3000.00 iters/s

running (28m56.8s), 0043/2048 VUs, 5209845 complete and 0 interrupted iterations
cap_mixed   [  96% ] 0043/2048 VUs  28m56.8s/30m0s  3000.00 iters/s

running (28m57.8s), 0021/2048 VUs, 5212867 complete and 0 interrupted iterations
cap_mixed   [  97% ] 0021/2048 VUs  28m57.8s/30m0s  3000.00 iters/s

running (28m58.8s), 0022/2048 VUs, 5215867 complete and 0 interrupted iterations
cap_mixed   [  97% ] 0022/2048 VUs  28m58.8s/30m0s  3000.00 iters/s

running (28m59.8s), 0038/2048 VUs, 5218850 complete and 0 interrupted iterations
cap_mixed   [  97% ] 0038/2048 VUs  28m59.8s/30m0s  3000.00 iters/s

running (29m00.8s), 0034/2048 VUs, 5221854 complete and 0 interrupted iterations
cap_mixed   [  97% ] 0034/2048 VUs  29m00.8s/30m0s  3000.00 iters/s

running (29m01.8s), 0026/2048 VUs, 5224862 complete and 0 interrupted iterations
cap_mixed   [  97% ] 0026/2048 VUs  29m01.8s/30m0s  3000.00 iters/s

running (29m02.8s), 0032/2048 VUs, 5227856 complete and 0 interrupted iterations
cap_mixed   [  97% ] 0032/2048 VUs  29m02.8s/30m0s  3000.00 iters/s

running (29m03.8s), 0028/2048 VUs, 5230861 complete and 0 interrupted iterations
cap_mixed   [  97% ] 0028/2048 VUs  29m03.8s/30m0s  3000.00 iters/s

running (29m04.8s), 0022/2048 VUs, 5233867 complete and 0 interrupted iterations
cap_mixed   [  97% ] 0022/2048 VUs  29m04.8s/30m0s  3000.00 iters/s

running (29m05.8s), 0030/2048 VUs, 5236858 complete and 0 interrupted iterations
cap_mixed   [  97% ] 0031/2048 VUs  29m05.8s/30m0s  3000.00 iters/s

running (29m06.8s), 0021/2048 VUs, 5239868 complete and 0 interrupted iterations
cap_mixed   [  97% ] 0021/2048 VUs  29m06.8s/30m0s  3000.00 iters/s

running (29m07.8s), 0027/2048 VUs, 5242861 complete and 0 interrupted iterations
cap_mixed   [  97% ] 0027/2048 VUs  29m07.8s/30m0s  3000.00 iters/s

running (29m08.8s), 0028/2048 VUs, 5245860 complete and 0 interrupted iterations
cap_mixed   [  97% ] 0028/2048 VUs  29m08.8s/30m0s  3000.00 iters/s

running (29m09.8s), 0021/2048 VUs, 5248866 complete and 0 interrupted iterations
cap_mixed   [  97% ] 0022/2048 VUs  29m09.8s/30m0s  3000.00 iters/s

running (29m10.8s), 0020/2048 VUs, 5251871 complete and 0 interrupted iterations
cap_mixed   [  97% ] 0020/2048 VUs  29m10.8s/30m0s  3000.00 iters/s

running (29m11.8s), 0025/2048 VUs, 5254864 complete and 0 interrupted iterations
cap_mixed   [  97% ] 0025/2048 VUs  29m11.8s/30m0s  3000.00 iters/s

running (29m12.8s), 0025/2048 VUs, 5257864 complete and 0 interrupted iterations
cap_mixed   [  97% ] 0025/2048 VUs  29m12.8s/30m0s  3000.00 iters/s

running (29m13.8s), 0021/2048 VUs, 5260868 complete and 0 interrupted iterations
cap_mixed   [  97% ] 0021/2048 VUs  29m13.8s/30m0s  3000.00 iters/s

running (29m14.8s), 0033/2048 VUs, 5263855 complete and 0 interrupted iterations
cap_mixed   [  97% ] 0033/2048 VUs  29m14.8s/30m0s  3000.00 iters/s

running (29m15.8s), 0018/2048 VUs, 5266871 complete and 0 interrupted iterations
cap_mixed   [  98% ] 0018/2048 VUs  29m15.8s/30m0s  3000.00 iters/s

running (29m16.8s), 0066/2048 VUs, 5269822 complete and 0 interrupted iterations
cap_mixed   [  98% ] 0066/2048 VUs  29m16.8s/30m0s  3000.00 iters/s

running (29m17.8s), 0032/2048 VUs, 5272856 complete and 0 interrupted iterations
cap_mixed   [  98% ] 0032/2048 VUs  29m17.8s/30m0s  3000.00 iters/s

running (29m18.8s), 0054/2048 VUs, 5275835 complete and 0 interrupted iterations
cap_mixed   [  98% ] 0054/2048 VUs  29m18.8s/30m0s  3000.00 iters/s

running (29m19.8s), 0016/2048 VUs, 5278873 complete and 0 interrupted iterations
cap_mixed   [  98% ] 0016/2048 VUs  29m19.8s/30m0s  3000.00 iters/s

running (29m20.8s), 0022/2048 VUs, 5281866 complete and 0 interrupted iterations
cap_mixed   [  98% ] 0022/2048 VUs  29m20.8s/30m0s  3000.00 iters/s

running (29m21.8s), 0031/2048 VUs, 5284857 complete and 0 interrupted iterations
cap_mixed   [  98% ] 0031/2048 VUs  29m21.8s/30m0s  3000.00 iters/s

running (29m22.8s), 0030/2048 VUs, 5287858 complete and 0 interrupted iterations
cap_mixed   [  98% ] 0030/2048 VUs  29m22.8s/30m0s  3000.00 iters/s

running (29m23.8s), 0023/2048 VUs, 5290866 complete and 0 interrupted iterations
cap_mixed   [  98% ] 0023/2048 VUs  29m23.8s/30m0s  3000.00 iters/s

running (29m24.8s), 0013/2048 VUs, 5293875 complete and 0 interrupted iterations
cap_mixed   [  98% ] 0013/2048 VUs  29m24.8s/30m0s  3000.00 iters/s

running (29m25.8s), 0022/2048 VUs, 5296866 complete and 0 interrupted iterations
cap_mixed   [  98% ] 0022/2048 VUs  29m25.8s/30m0s  3000.00 iters/s

running (29m26.8s), 0031/2048 VUs, 5299858 complete and 0 interrupted iterations
cap_mixed   [  98% ] 0031/2048 VUs  29m26.8s/30m0s  3000.00 iters/s

running (29m27.8s), 0036/2048 VUs, 5302853 complete and 0 interrupted iterations
cap_mixed   [  98% ] 0036/2048 VUs  29m27.8s/30m0s  3000.00 iters/s

running (29m28.8s), 0021/2048 VUs, 5305867 complete and 0 interrupted iterations
cap_mixed   [  98% ] 0021/2048 VUs  29m28.8s/30m0s  3000.00 iters/s

running (29m29.8s), 0021/2048 VUs, 5308867 complete and 0 interrupted iterations
cap_mixed   [  98% ] 0022/2048 VUs  29m29.8s/30m0s  3000.00 iters/s

running (29m30.8s), 0024/2048 VUs, 5311864 complete and 0 interrupted iterations
cap_mixed   [  98% ] 0024/2048 VUs  29m30.8s/30m0s  3000.00 iters/s

running (29m31.8s), 0014/2048 VUs, 5314875 complete and 0 interrupted iterations
cap_mixed   [  98% ] 0014/2048 VUs  29m31.8s/30m0s  3000.00 iters/s

running (29m32.8s), 0017/2048 VUs, 5317871 complete and 0 interrupted iterations
cap_mixed   [  98% ] 0017/2048 VUs  29m32.8s/30m0s  3000.00 iters/s

running (29m33.8s), 0036/2048 VUs, 5320853 complete and 0 interrupted iterations
cap_mixed   [  99% ] 0036/2048 VUs  29m33.8s/30m0s  3000.00 iters/s

running (29m34.8s), 0037/2048 VUs, 5323852 complete and 0 interrupted iterations
cap_mixed   [  99% ] 0037/2048 VUs  29m34.8s/30m0s  3000.00 iters/s

running (29m35.8s), 0017/2048 VUs, 5326872 complete and 0 interrupted iterations
cap_mixed   [  99% ] 0017/2048 VUs  29m35.8s/30m0s  3000.00 iters/s

running (29m36.8s), 0026/2048 VUs, 5329867 complete and 0 interrupted iterations
cap_mixed   [  99% ] 0026/2048 VUs  29m36.8s/30m0s  3000.00 iters/s

running (29m37.8s), 0015/2048 VUs, 5332873 complete and 0 interrupted iterations
cap_mixed   [  99% ] 0015/2048 VUs  29m37.8s/30m0s  3000.00 iters/s

running (29m38.8s), 0020/2048 VUs, 5335868 complete and 0 interrupted iterations
cap_mixed   [  99% ] 0020/2048 VUs  29m38.8s/30m0s  3000.00 iters/s

running (29m39.8s), 0187/2048 VUs, 5338701 complete and 0 interrupted iterations
cap_mixed   [  99% ] 0187/2048 VUs  29m39.8s/30m0s  3000.00 iters/s

running (29m40.8s), 0026/2048 VUs, 5341862 complete and 0 interrupted iterations
cap_mixed   [  99% ] 0026/2048 VUs  29m40.8s/30m0s  3000.00 iters/s

running (29m41.8s), 0020/2048 VUs, 5344868 complete and 0 interrupted iterations
cap_mixed   [  99% ] 0020/2048 VUs  29m41.8s/30m0s  3000.00 iters/s

running (29m42.8s), 0022/2048 VUs, 5347867 complete and 0 interrupted iterations
cap_mixed   [  99% ] 0022/2048 VUs  29m42.8s/30m0s  3000.00 iters/s

running (29m43.8s), 0017/2048 VUs, 5350872 complete and 0 interrupted iterations
cap_mixed   [  99% ] 0017/2048 VUs  29m43.8s/30m0s  3000.00 iters/s

running (29m44.8s), 0026/2048 VUs, 5353863 complete and 0 interrupted iterations
cap_mixed   [  99% ] 0026/2048 VUs  29m44.8s/30m0s  3000.00 iters/s

running (29m45.8s), 0015/2048 VUs, 5356874 complete and 0 interrupted iterations
cap_mixed   [  99% ] 0015/2048 VUs  29m45.8s/30m0s  3000.00 iters/s

running (29m46.8s), 0017/2048 VUs, 5359872 complete and 0 interrupted iterations
cap_mixed   [  99% ] 0017/2048 VUs  29m46.8s/30m0s  3000.00 iters/s

running (29m47.8s), 0032/2048 VUs, 5362857 complete and 0 interrupted iterations
cap_mixed   [  99% ] 0032/2048 VUs  29m47.8s/30m0s  3000.00 iters/s

running (29m48.8s), 0018/2048 VUs, 5365871 complete and 0 interrupted iterations
cap_mixed   [  99% ] 0018/2048 VUs  29m48.8s/30m0s  3000.00 iters/s

running (29m49.8s), 0023/2048 VUs, 5368866 complete and 0 interrupted iterations
cap_mixed   [  99% ] 0023/2048 VUs  29m49.8s/30m0s  3000.00 iters/s

running (29m50.8s), 0018/2048 VUs, 5371871 complete and 0 interrupted iterations
cap_mixed   [  99% ] 0018/2048 VUs  29m50.8s/30m0s  3000.00 iters/s

running (29m51.8s), 0027/2048 VUs, 5374862 complete and 0 interrupted iterations
cap_mixed   [ 100% ] 0027/2048 VUs  29m51.8s/30m0s  3000.00 iters/s

running (29m52.8s), 0018/2048 VUs, 5377871 complete and 0 interrupted iterations
cap_mixed   [ 100% ] 0018/2048 VUs  29m52.8s/30m0s  3000.00 iters/s

running (29m53.8s), 0023/2048 VUs, 5380866 complete and 0 interrupted iterations
cap_mixed   [ 100% ] 0023/2048 VUs  29m53.8s/30m0s  3000.00 iters/s

running (29m54.8s), 0013/2048 VUs, 5383875 complete and 0 interrupted iterations
cap_mixed   [ 100% ] 0013/2048 VUs  29m54.8s/30m0s  3000.00 iters/s

running (29m55.8s), 0022/2048 VUs, 5386867 complete and 0 interrupted iterations
cap_mixed   [ 100% ] 0022/2048 VUs  29m55.8s/30m0s  3000.00 iters/s

running (29m56.8s), 0030/2048 VUs, 5389859 complete and 0 interrupted iterations
cap_mixed   [ 100% ] 0030/2048 VUs  29m56.8s/30m0s  3000.00 iters/s

running (29m57.8s), 0023/2048 VUs, 5392866 complete and 0 interrupted iterations
cap_mixed   [ 100% ] 0023/2048 VUs  29m57.8s/30m0s  3000.00 iters/s

running (29m58.8s), 0026/2048 VUs, 5395863 complete and 0 interrupted iterations
cap_mixed   [ 100% ] 0026/2048 VUs  29m58.8s/30m0s  3000.00 iters/s

running (29m59.8s), 0011/2048 VUs, 5398877 complete and 0 interrupted iterations
cap_mixed   [ 100% ] 0011/2048 VUs  29m59.8s/30m0s  3000.00 iters/s

running (30m00.0s), 0000/2048 VUs, 5399529 complete and 0 interrupted iterations
cap_mixed ✓ [ 100% ] 0000/2048 VUs  30m0s  3000.00 iters/s

running (30m00.0s), 0000/2048 VUs, 5399529 complete and 0 interrupted iterations
cap_mixed ✓ [ 100% ] 0000/2048 VUs  30m0s  3000.00 iters/s

running (30m00.0s), 0000/2048 VUs, 5399529 complete and 0 interrupted iterations
cap_mixed ✓ [ 100% ] 0000/2048 VUs  30m0s  3000.00 iters/s

running (30m00.0s), 0000/2048 VUs, 5399529 complete and 0 interrupted iterations
cap_mixed ✓ [ 100% ] 0000/2048 VUs  30m0s  3000.00 iters/s

running (30m00.0s), 0000/2048 VUs, 5399529 complete and 0 interrupted iterations
cap_mixed ✓ [ 100% ] 0000/2048 VUs  30m0s  3000.00 iters/s

running (30m00.0s), 0000/2048 VUs, 5399529 complete and 0 interrupted iterations
cap_mixed ✓ [ 100% ] 0000/2048 VUs  30m0s  3000.00 iters/s

running (30m00.0s), 0000/2048 VUs, 5399529 complete and 0 interrupted iterations
cap_mixed ✓ [ 100% ] 0000/2048 VUs  30m0s  3000.00 iters/s
PERF_USER_COUNT=256 is below the multi-user concurrency minimum; using 2048 seeded users
seeded 2048 perf users, clients, and 48000 flow vectors (scenario=cap_mixed, rate=3000/s)
cap/cap_mixed: status=target_miss rps=4333.493 p95=28.427ms errors=0.000114 db_calls=163910398
