 Container nazoauth-perf-perf-run-7d89a9b31d43 Creating 
 Container nazoauth-perf-perf-run-7d89a9b31d43 Created 

         /\      Grafana   /‾‾/  
    /\  /  \     |\  __   /  /   
   /  \/    \    | |/ /  /   ‾‾\ 
  /          \   |   (  |  (‾)  |
 / __________ \  |_|\_\  \_____/ 


     execution: local
        script: /perf/k6/oauth.js
        output: -

     scenarios: (100.00%) 1 scenario, 1024 max VUs, 32m0s max duration (incl. graceful stop):
              * cap_mixed: 1900.00 iterations/s for 30m0s (maxVUs: 256-1024, exec: cap_mixed, gracefulStop: 2m0s)


running (00m00.8s), 0013/0256 VUs, 1453 complete and 0 interrupted iterations
cap_mixed   [   0% ] 0013/0256 VUs  00m00.8s/30m0s  1900.00 iters/s

running (00m01.8s), 0006/0256 VUs, 3361 complete and 0 interrupted iterations
cap_mixed   [   0% ] 0006/0256 VUs  00m01.8s/30m0s  1900.00 iters/s

running (00m02.8s), 0009/0256 VUs, 5258 complete and 0 interrupted iterations
cap_mixed   [   0% ] 0009/0256 VUs  00m02.8s/30m0s  1900.00 iters/s

running (00m03.8s), 0008/0256 VUs, 7158 complete and 0 interrupted iterations
cap_mixed   [   0% ] 0008/0256 VUs  00m03.8s/30m0s  1900.00 iters/s

running (00m04.8s), 0007/0256 VUs, 9059 complete and 0 interrupted iterations
cap_mixed   [   0% ] 0007/0256 VUs  00m04.8s/30m0s  1900.00 iters/s

running (00m05.8s), 0011/0256 VUs, 10955 complete and 0 interrupted iterations
cap_mixed   [   0% ] 0010/0256 VUs  00m05.8s/30m0s  1900.00 iters/s

running (00m06.8s), 0016/0256 VUs, 12850 complete and 0 interrupted iterations
cap_mixed   [   0% ] 0016/0256 VUs  00m06.8s/30m0s  1900.00 iters/s

running (00m07.8s), 0015/0256 VUs, 14751 complete and 0 interrupted iterations
cap_mixed   [   0% ] 0015/0256 VUs  00m07.8s/30m0s  1900.00 iters/s

running (00m08.8s), 0010/0256 VUs, 16656 complete and 0 interrupted iterations
cap_mixed   [   0% ] 0010/0256 VUs  00m08.8s/30m0s  1900.00 iters/s

running (00m09.8s), 0015/0256 VUs, 18551 complete and 0 interrupted iterations
cap_mixed   [   1% ] 0015/0256 VUs  00m09.8s/30m0s  1900.00 iters/s

running (00m10.8s), 0013/0256 VUs, 20454 complete and 0 interrupted iterations
cap_mixed   [   1% ] 0013/0256 VUs  00m10.8s/30m0s  1900.00 iters/s

running (00m11.8s), 0007/0256 VUs, 22359 complete and 0 interrupted iterations
cap_mixed   [   1% ] 0007/0256 VUs  00m11.8s/30m0s  1900.00 iters/s

running (00m12.8s), 0009/0256 VUs, 24257 complete and 0 interrupted iterations
cap_mixed   [   1% ] 0009/0256 VUs  00m12.8s/30m0s  1900.00 iters/s

running (00m13.8s), 0011/0256 VUs, 26156 complete and 0 interrupted iterations
cap_mixed   [   1% ] 0011/0256 VUs  00m13.8s/30m0s  1900.00 iters/s

running (00m14.8s), 0007/0256 VUs, 28059 complete and 0 interrupted iterations
cap_mixed   [   1% ] 0007/0256 VUs  00m14.8s/30m0s  1900.00 iters/s

running (00m15.8s), 0008/0256 VUs, 29959 complete and 0 interrupted iterations
cap_mixed   [   1% ] 0008/0256 VUs  00m15.8s/30m0s  1900.00 iters/s

running (00m16.8s), 0012/0256 VUs, 31854 complete and 0 interrupted iterations
cap_mixed   [   1% ] 0012/0256 VUs  00m16.8s/30m0s  1900.00 iters/s

running (00m17.8s), 0015/0256 VUs, 33751 complete and 0 interrupted iterations
cap_mixed   [   1% ] 0015/0256 VUs  00m17.8s/30m0s  1900.00 iters/s

running (00m18.8s), 0022/0256 VUs, 35645 complete and 0 interrupted iterations
cap_mixed   [   1% ] 0022/0256 VUs  00m18.8s/30m0s  1900.00 iters/s

running (00m19.8s), 0011/0256 VUs, 37555 complete and 0 interrupted iterations
cap_mixed   [   1% ] 0011/0256 VUs  00m19.8s/30m0s  1900.00 iters/s

running (00m20.8s), 0011/0256 VUs, 39455 complete and 0 interrupted iterations
cap_mixed   [   1% ] 0011/0256 VUs  00m20.8s/30m0s  1900.00 iters/s

running (00m21.8s), 0014/0256 VUs, 41352 complete and 0 interrupted iterations
cap_mixed   [   1% ] 0014/0256 VUs  00m21.8s/30m0s  1900.00 iters/s

running (00m22.8s), 0015/0256 VUs, 43252 complete and 0 interrupted iterations
cap_mixed   [   1% ] 0015/0256 VUs  00m22.8s/30m0s  1900.00 iters/s

running (00m23.8s), 0008/0256 VUs, 45158 complete and 0 interrupted iterations
cap_mixed   [   1% ] 0008/0256 VUs  00m23.8s/30m0s  1900.00 iters/s

running (00m24.8s), 0016/0256 VUs, 47050 complete and 0 interrupted iterations
cap_mixed   [   1% ] 0016/0256 VUs  00m24.8s/30m0s  1900.00 iters/s

running (00m25.8s), 0013/0256 VUs, 48953 complete and 0 interrupted iterations
cap_mixed   [   1% ] 0013/0256 VUs  00m25.8s/30m0s  1900.00 iters/s

running (00m26.8s), 0008/0256 VUs, 50858 complete and 0 interrupted iterations
cap_mixed   [   1% ] 0008/0256 VUs  00m26.8s/30m0s  1900.00 iters/s

running (00m27.8s), 0010/0256 VUs, 52756 complete and 0 interrupted iterations
cap_mixed   [   2% ] 0010/0256 VUs  00m27.8s/30m0s  1900.00 iters/s

running (00m28.8s), 0013/0256 VUs, 54654 complete and 0 interrupted iterations
cap_mixed   [   2% ] 0013/0256 VUs  00m28.8s/30m0s  1900.00 iters/s

running (00m29.8s), 0005/0256 VUs, 56561 complete and 0 interrupted iterations
cap_mixed   [   2% ] 0005/0256 VUs  00m29.8s/30m0s  1900.00 iters/s

running (00m30.8s), 0011/0256 VUs, 58455 complete and 0 interrupted iterations
cap_mixed   [   2% ] 0011/0256 VUs  00m30.8s/30m0s  1900.00 iters/s

running (00m31.8s), 0011/0256 VUs, 60355 complete and 0 interrupted iterations
cap_mixed   [   2% ] 0011/0256 VUs  00m31.8s/30m0s  1900.00 iters/s

running (00m32.8s), 0010/0256 VUs, 62256 complete and 0 interrupted iterations
cap_mixed   [   2% ] 0010/0256 VUs  00m32.8s/30m0s  1900.00 iters/s

running (00m33.8s), 0014/0256 VUs, 64152 complete and 0 interrupted iterations
cap_mixed   [   2% ] 0014/0256 VUs  00m33.8s/30m0s  1900.00 iters/s

running (00m34.8s), 0010/0256 VUs, 66056 complete and 0 interrupted iterations
cap_mixed   [   2% ] 0010/0256 VUs  00m34.8s/30m0s  1900.00 iters/s

running (00m35.8s), 0014/0256 VUs, 67953 complete and 0 interrupted iterations
cap_mixed   [   2% ] 0014/0256 VUs  00m35.8s/30m0s  1900.00 iters/s

running (00m36.8s), 0014/0256 VUs, 69852 complete and 0 interrupted iterations
cap_mixed   [   2% ] 0014/0256 VUs  00m36.8s/30m0s  1900.00 iters/s

running (00m37.8s), 0011/0256 VUs, 71755 complete and 0 interrupted iterations
cap_mixed   [   2% ] 0011/0256 VUs  00m37.8s/30m0s  1900.00 iters/s

running (00m38.8s), 0006/0256 VUs, 73660 complete and 0 interrupted iterations
cap_mixed   [   2% ] 0006/0256 VUs  00m38.8s/30m0s  1900.00 iters/s

running (00m39.8s), 0011/0256 VUs, 75555 complete and 0 interrupted iterations
cap_mixed   [   2% ] 0011/0256 VUs  00m39.8s/30m0s  1900.00 iters/s

running (00m40.8s), 0008/0256 VUs, 77459 complete and 0 interrupted iterations
cap_mixed   [   2% ] 0008/0256 VUs  00m40.8s/30m0s  1900.00 iters/s

running (00m41.8s), 0009/0256 VUs, 79357 complete and 0 interrupted iterations
cap_mixed   [   2% ] 0009/0256 VUs  00m41.8s/30m0s  1900.00 iters/s

running (00m42.8s), 0009/0256 VUs, 81257 complete and 0 interrupted iterations
cap_mixed   [   2% ] 0009/0256 VUs  00m42.8s/30m0s  1900.00 iters/s

running (00m43.8s), 0015/0256 VUs, 83152 complete and 0 interrupted iterations
cap_mixed   [   2% ] 0015/0256 VUs  00m43.8s/30m0s  1900.00 iters/s

running (00m44.8s), 0008/0256 VUs, 85058 complete and 0 interrupted iterations
cap_mixed   [   2% ] 0008/0256 VUs  00m44.8s/30m0s  1900.00 iters/s

running (00m45.8s), 0011/0256 VUs, 86955 complete and 0 interrupted iterations
cap_mixed   [   3% ] 0011/0256 VUs  00m45.8s/30m0s  1900.00 iters/s

running (00m46.8s), 0015/0256 VUs, 88852 complete and 0 interrupted iterations
cap_mixed   [   3% ] 0015/0256 VUs  00m46.8s/30m0s  1900.00 iters/s

running (00m47.8s), 0018/0256 VUs, 90748 complete and 0 interrupted iterations
cap_mixed   [   3% ] 0018/0256 VUs  00m47.8s/30m0s  1900.00 iters/s

running (00m48.8s), 0011/0256 VUs, 92655 complete and 0 interrupted iterations
cap_mixed   [   3% ] 0012/0256 VUs  00m48.8s/30m0s  1900.00 iters/s

running (00m49.8s), 0009/0256 VUs, 94557 complete and 0 interrupted iterations
cap_mixed   [   3% ] 0009/0256 VUs  00m49.8s/30m0s  1900.00 iters/s

running (00m50.8s), 0007/0256 VUs, 96459 complete and 0 interrupted iterations
cap_mixed   [   3% ] 0007/0256 VUs  00m50.8s/30m0s  1900.00 iters/s

running (00m51.8s), 0011/0256 VUs, 98355 complete and 0 interrupted iterations
cap_mixed   [   3% ] 0011/0256 VUs  00m51.8s/30m0s  1900.00 iters/s

running (00m52.8s), 0010/0256 VUs, 100258 complete and 0 interrupted iterations
cap_mixed   [   3% ] 0010/0256 VUs  00m52.8s/30m0s  1900.00 iters/s

running (00m53.8s), 0012/0256 VUs, 102155 complete and 0 interrupted iterations
cap_mixed   [   3% ] 0012/0256 VUs  00m53.8s/30m0s  1900.00 iters/s

running (00m54.8s), 0010/0256 VUs, 104056 complete and 0 interrupted iterations
cap_mixed   [   3% ] 0010/0256 VUs  00m54.8s/30m0s  1900.00 iters/s

running (00m55.8s), 0011/0256 VUs, 105956 complete and 0 interrupted iterations
cap_mixed   [   3% ] 0011/0256 VUs  00m55.8s/30m0s  1900.00 iters/s

running (00m56.8s), 0012/0256 VUs, 107854 complete and 0 interrupted iterations
cap_mixed   [   3% ] 0012/0256 VUs  00m56.8s/30m0s  1900.00 iters/s

running (00m57.8s), 0006/0256 VUs, 109760 complete and 0 interrupted iterations
cap_mixed   [   3% ] 0006/0256 VUs  00m57.8s/30m0s  1900.00 iters/s

running (00m58.8s), 0015/0256 VUs, 111651 complete and 0 interrupted iterations
cap_mixed   [   3% ] 0015/0256 VUs  00m58.8s/30m0s  1900.00 iters/s

running (00m59.8s), 0017/0256 VUs, 113549 complete and 0 interrupted iterations
cap_mixed   [   3% ] 0017/0256 VUs  00m59.8s/30m0s  1900.00 iters/s

running (01m00.8s), 0011/0256 VUs, 115455 complete and 0 interrupted iterations
cap_mixed   [   3% ] 0011/0256 VUs  01m00.8s/30m0s  1900.00 iters/s

running (01m01.8s), 0010/0256 VUs, 117356 complete and 0 interrupted iterations
cap_mixed   [   3% ] 0010/0256 VUs  01m01.8s/30m0s  1900.00 iters/s

running (01m02.8s), 0016/0256 VUs, 119251 complete and 0 interrupted iterations
cap_mixed   [   3% ] 0016/0256 VUs  01m02.8s/30m0s  1900.00 iters/s

running (01m03.8s), 0011/0256 VUs, 121155 complete and 0 interrupted iterations
cap_mixed   [   4% ] 0011/0256 VUs  01m03.8s/30m0s  1900.00 iters/s

running (01m04.8s), 0014/0256 VUs, 123053 complete and 0 interrupted iterations
cap_mixed   [   4% ] 0014/0256 VUs  01m04.8s/30m0s  1900.00 iters/s

running (01m05.8s), 0014/0256 VUs, 124952 complete and 0 interrupted iterations
cap_mixed   [   4% ] 0014/0256 VUs  01m05.8s/30m0s  1900.00 iters/s

running (01m06.8s), 0012/0256 VUs, 126854 complete and 0 interrupted iterations
cap_mixed   [   4% ] 0012/0256 VUs  01m06.8s/30m0s  1900.00 iters/s

running (01m07.8s), 0013/0256 VUs, 128753 complete and 0 interrupted iterations
cap_mixed   [   4% ] 0013/0256 VUs  01m07.8s/30m0s  1900.00 iters/s

running (01m08.8s), 0011/0256 VUs, 130656 complete and 0 interrupted iterations
cap_mixed   [   4% ] 0011/0256 VUs  01m08.8s/30m0s  1900.00 iters/s

running (01m09.8s), 0013/0256 VUs, 132553 complete and 0 interrupted iterations
cap_mixed   [   4% ] 0013/0256 VUs  01m09.8s/30m0s  1900.00 iters/s

running (01m10.8s), 0008/0256 VUs, 134459 complete and 0 interrupted iterations
cap_mixed   [   4% ] 0008/0256 VUs  01m10.8s/30m0s  1900.00 iters/s

running (01m11.8s), 0014/0256 VUs, 136354 complete and 0 interrupted iterations
cap_mixed   [   4% ] 0014/0256 VUs  01m11.8s/30m0s  1900.00 iters/s

running (01m12.8s), 0010/0256 VUs, 138256 complete and 0 interrupted iterations
cap_mixed   [   4% ] 0010/0256 VUs  01m12.8s/30m0s  1900.00 iters/s

running (01m13.8s), 0008/0256 VUs, 140159 complete and 0 interrupted iterations
cap_mixed   [   4% ] 0008/0256 VUs  01m13.8s/30m0s  1900.00 iters/s

running (01m14.8s), 0011/0256 VUs, 142055 complete and 0 interrupted iterations
cap_mixed   [   4% ] 0011/0256 VUs  01m14.8s/30m0s  1900.00 iters/s

running (01m15.8s), 0015/0256 VUs, 143953 complete and 0 interrupted iterations
cap_mixed   [   4% ] 0015/0256 VUs  01m15.8s/30m0s  1900.00 iters/s

running (01m16.8s), 0012/0256 VUs, 145854 complete and 0 interrupted iterations
cap_mixed   [   4% ] 0012/0256 VUs  01m16.8s/30m0s  1900.00 iters/s

running (01m17.8s), 0010/0256 VUs, 147756 complete and 0 interrupted iterations
cap_mixed   [   4% ] 0010/0256 VUs  01m17.8s/30m0s  1900.00 iters/s

running (01m18.8s), 0012/0256 VUs, 149654 complete and 0 interrupted iterations
cap_mixed   [   4% ] 0012/0256 VUs  01m18.8s/30m0s  1900.00 iters/s

running (01m19.8s), 0011/0256 VUs, 151555 complete and 0 interrupted iterations
cap_mixed   [   4% ] 0011/0256 VUs  01m19.8s/30m0s  1900.00 iters/s

running (01m20.8s), 0007/0256 VUs, 153459 complete and 0 interrupted iterations
cap_mixed   [   4% ] 0007/0256 VUs  01m20.8s/30m0s  1900.00 iters/s

running (01m21.8s), 0007/0256 VUs, 155359 complete and 0 interrupted iterations
cap_mixed   [   5% ] 0007/0256 VUs  01m21.8s/30m0s  1900.00 iters/s

running (01m22.8s), 0010/0256 VUs, 157257 complete and 0 interrupted iterations
cap_mixed   [   5% ] 0010/0256 VUs  01m22.8s/30m0s  1900.00 iters/s

running (01m23.8s), 0009/0256 VUs, 159157 complete and 0 interrupted iterations
cap_mixed   [   5% ] 0009/0256 VUs  01m23.8s/30m0s  1900.00 iters/s

running (01m24.8s), 0015/0256 VUs, 161051 complete and 0 interrupted iterations
cap_mixed   [   5% ] 0015/0256 VUs  01m24.8s/30m0s  1900.00 iters/s

running (01m25.8s), 0013/0256 VUs, 162953 complete and 0 interrupted iterations
cap_mixed   [   5% ] 0013/0256 VUs  01m25.8s/30m0s  1900.00 iters/s

running (01m26.8s), 0007/0256 VUs, 164859 complete and 0 interrupted iterations
cap_mixed   [   5% ] 0007/0256 VUs  01m26.8s/30m0s  1900.00 iters/s

running (01m27.8s), 0010/0256 VUs, 166756 complete and 0 interrupted iterations
cap_mixed   [   5% ] 0010/0256 VUs  01m27.8s/30m0s  1900.00 iters/s

running (01m28.8s), 0007/0256 VUs, 168660 complete and 0 interrupted iterations
cap_mixed   [   5% ] 0007/0256 VUs  01m28.8s/30m0s  1900.00 iters/s

running (01m29.8s), 0010/0256 VUs, 170556 complete and 0 interrupted iterations
cap_mixed   [   5% ] 0010/0256 VUs  01m29.8s/30m0s  1900.00 iters/s

running (01m30.8s), 0013/0256 VUs, 172453 complete and 0 interrupted iterations
cap_mixed   [   5% ] 0013/0256 VUs  01m30.8s/30m0s  1900.00 iters/s

running (01m31.8s), 0016/0256 VUs, 174351 complete and 0 interrupted iterations
cap_mixed   [   5% ] 0016/0256 VUs  01m31.8s/30m0s  1900.00 iters/s

running (01m32.8s), 0013/0256 VUs, 176254 complete and 0 interrupted iterations
cap_mixed   [   5% ] 0013/0256 VUs  01m32.8s/30m0s  1900.00 iters/s

running (01m33.8s), 0016/0256 VUs, 178152 complete and 0 interrupted iterations
cap_mixed   [   5% ] 0016/0256 VUs  01m33.8s/30m0s  1900.00 iters/s

running (01m34.8s), 0011/0256 VUs, 180054 complete and 0 interrupted iterations
cap_mixed   [   5% ] 0011/0256 VUs  01m34.8s/30m0s  1900.00 iters/s

running (01m35.8s), 0019/0256 VUs, 181949 complete and 0 interrupted iterations
cap_mixed   [   5% ] 0019/0256 VUs  01m35.8s/30m0s  1900.00 iters/s

running (01m36.8s), 0021/0256 VUs, 183846 complete and 0 interrupted iterations
cap_mixed   [   5% ] 0020/0256 VUs  01m36.8s/30m0s  1900.00 iters/s

running (01m37.8s), 0023/0256 VUs, 185743 complete and 0 interrupted iterations
cap_mixed   [   5% ] 0023/0256 VUs  01m37.8s/30m0s  1900.00 iters/s

running (01m38.8s), 0011/0256 VUs, 187656 complete and 0 interrupted iterations
cap_mixed   [   5% ] 0011/0256 VUs  01m38.8s/30m0s  1900.00 iters/s

running (01m39.8s), 0016/0256 VUs, 189550 complete and 0 interrupted iterations
cap_mixed   [   6% ] 0016/0256 VUs  01m39.8s/30m0s  1900.00 iters/s

running (01m40.8s), 0014/0256 VUs, 191452 complete and 0 interrupted iterations
cap_mixed   [   6% ] 0014/0256 VUs  01m40.8s/30m0s  1900.00 iters/s

running (01m41.8s), 0027/0256 VUs, 193339 complete and 0 interrupted iterations
cap_mixed   [   6% ] 0027/0256 VUs  01m41.8s/30m0s  1900.00 iters/s

running (01m42.8s), 0011/0256 VUs, 195256 complete and 0 interrupted iterations
cap_mixed   [   6% ] 0011/0256 VUs  01m42.8s/30m0s  1900.00 iters/s

running (01m43.8s), 0014/0256 VUs, 197154 complete and 0 interrupted iterations
cap_mixed   [   6% ] 0014/0256 VUs  01m43.8s/30m0s  1900.00 iters/s

running (01m44.8s), 0009/0256 VUs, 199057 complete and 0 interrupted iterations
cap_mixed   [   6% ] 0010/0256 VUs  01m44.8s/30m0s  1900.00 iters/s

running (01m45.8s), 0017/0256 VUs, 200950 complete and 0 interrupted iterations
cap_mixed   [   6% ] 0017/0256 VUs  01m45.8s/30m0s  1900.00 iters/s

running (01m46.8s), 0007/0256 VUs, 202859 complete and 0 interrupted iterations
cap_mixed   [   6% ] 0007/0256 VUs  01m46.8s/30m0s  1900.00 iters/s

running (01m47.8s), 0011/0256 VUs, 204755 complete and 0 interrupted iterations
cap_mixed   [   6% ] 0011/0256 VUs  01m47.8s/30m0s  1900.00 iters/s

running (01m48.8s), 0014/0256 VUs, 206653 complete and 0 interrupted iterations
cap_mixed   [   6% ] 0014/0256 VUs  01m48.8s/30m0s  1900.00 iters/s

running (01m49.8s), 0011/0256 VUs, 208555 complete and 0 interrupted iterations
cap_mixed   [   6% ] 0011/0256 VUs  01m49.8s/30m0s  1900.00 iters/s

running (01m50.8s), 0035/0256 VUs, 210434 complete and 0 interrupted iterations
cap_mixed   [   6% ] 0035/0256 VUs  01m50.8s/30m0s  1900.00 iters/s

running (01m51.8s), 0027/0256 VUs, 212339 complete and 0 interrupted iterations
cap_mixed   [   6% ] 0027/0256 VUs  01m51.8s/30m0s  1900.00 iters/s

running (01m52.8s), 0010/0256 VUs, 214257 complete and 0 interrupted iterations
cap_mixed   [   6% ] 0010/0256 VUs  01m52.8s/30m0s  1900.00 iters/s

running (01m53.8s), 0015/0256 VUs, 216152 complete and 0 interrupted iterations
cap_mixed   [   6% ] 0015/0256 VUs  01m53.8s/30m0s  1900.00 iters/s

running (01m54.8s), 0010/0256 VUs, 218056 complete and 0 interrupted iterations
cap_mixed   [   6% ] 0010/0256 VUs  01m54.8s/30m0s  1900.00 iters/s

running (01m55.8s), 0012/0256 VUs, 219954 complete and 0 interrupted iterations
cap_mixed   [   6% ] 0012/0256 VUs  01m55.8s/30m0s  1900.00 iters/s

running (01m56.8s), 0056/0256 VUs, 221811 complete and 0 interrupted iterations
cap_mixed   [   6% ] 0056/0256 VUs  01m56.8s/30m0s  1900.00 iters/s

running (01m57.8s), 0018/0256 VUs, 223748 complete and 0 interrupted iterations
cap_mixed   [   7% ] 0018/0256 VUs  01m57.8s/30m0s  1900.00 iters/s

running (01m58.8s), 0012/0256 VUs, 225655 complete and 0 interrupted iterations
cap_mixed   [   7% ] 0012/0256 VUs  01m58.8s/30m0s  1900.00 iters/s

running (01m59.8s), 0013/0256 VUs, 227554 complete and 0 interrupted iterations
cap_mixed   [   7% ] 0013/0256 VUs  01m59.8s/30m0s  1900.00 iters/s

running (02m00.8s), 0011/0256 VUs, 229456 complete and 0 interrupted iterations
cap_mixed   [   7% ] 0010/0256 VUs  02m00.8s/30m0s  1900.00 iters/s

running (02m01.8s), 0014/0256 VUs, 231353 complete and 0 interrupted iterations
cap_mixed   [   7% ] 0014/0256 VUs  02m01.8s/30m0s  1900.00 iters/s

running (02m02.8s), 0016/0256 VUs, 233251 complete and 0 interrupted iterations
cap_mixed   [   7% ] 0016/0256 VUs  02m02.8s/30m0s  1900.00 iters/s

running (02m03.8s), 0008/0256 VUs, 235159 complete and 0 interrupted iterations
cap_mixed   [   7% ] 0008/0256 VUs  02m03.8s/30m0s  1900.00 iters/s

running (02m04.8s), 0018/0256 VUs, 237049 complete and 0 interrupted iterations
cap_mixed   [   7% ] 0018/0256 VUs  02m04.8s/30m0s  1900.00 iters/s

running (02m05.8s), 0016/0256 VUs, 238951 complete and 0 interrupted iterations
cap_mixed   [   7% ] 0016/0256 VUs  02m05.8s/30m0s  1900.00 iters/s

running (02m06.8s), 0025/0256 VUs, 240842 complete and 0 interrupted iterations
cap_mixed   [   7% ] 0025/0256 VUs  02m06.8s/30m0s  1900.00 iters/s

running (02m07.8s), 0010/0256 VUs, 242759 complete and 0 interrupted iterations
cap_mixed   [   7% ] 0010/0256 VUs  02m07.8s/30m0s  1900.00 iters/s

running (02m08.8s), 0013/0256 VUs, 244654 complete and 0 interrupted iterations
cap_mixed   [   7% ] 0013/0256 VUs  02m08.8s/30m0s  1900.00 iters/s

running (02m09.8s), 0010/0256 VUs, 246557 complete and 0 interrupted iterations
cap_mixed   [   7% ] 0010/0256 VUs  02m09.8s/30m0s  1900.00 iters/s

running (02m10.8s), 0009/0256 VUs, 248458 complete and 0 interrupted iterations
cap_mixed   [   7% ] 0009/0256 VUs  02m10.8s/30m0s  1900.00 iters/s

running (02m11.8s), 0013/0256 VUs, 250354 complete and 0 interrupted iterations
cap_mixed   [   7% ] 0013/0256 VUs  02m11.8s/30m0s  1900.00 iters/s

running (02m12.8s), 0014/0256 VUs, 252253 complete and 0 interrupted iterations
cap_mixed   [   7% ] 0013/0256 VUs  02m12.8s/30m0s  1900.00 iters/s

running (02m13.8s), 0009/0256 VUs, 254158 complete and 0 interrupted iterations
cap_mixed   [   7% ] 0009/0256 VUs  02m13.8s/30m0s  1900.00 iters/s

running (02m14.8s), 0012/0256 VUs, 256055 complete and 0 interrupted iterations
cap_mixed   [   7% ] 0012/0256 VUs  02m14.8s/30m0s  1900.00 iters/s

running (02m15.8s), 0015/0256 VUs, 257952 complete and 0 interrupted iterations
cap_mixed   [   8% ] 0015/0256 VUs  02m15.8s/30m0s  1900.00 iters/s

running (02m16.8s), 0012/0256 VUs, 259855 complete and 0 interrupted iterations
cap_mixed   [   8% ] 0012/0256 VUs  02m16.8s/30m0s  1900.00 iters/s

running (02m17.8s), 0016/0256 VUs, 261750 complete and 0 interrupted iterations
cap_mixed   [   8% ] 0016/0256 VUs  02m17.8s/30m0s  1900.00 iters/s

running (02m18.8s), 0018/0256 VUs, 263649 complete and 0 interrupted iterations
cap_mixed   [   8% ] 0018/0256 VUs  02m18.8s/30m0s  1900.00 iters/s

running (02m19.8s), 0012/0256 VUs, 265555 complete and 0 interrupted iterations
cap_mixed   [   8% ] 0012/0256 VUs  02m19.8s/30m0s  1900.00 iters/s

running (02m20.8s), 0011/0256 VUs, 267456 complete and 0 interrupted iterations
cap_mixed   [   8% ] 0011/0256 VUs  02m20.8s/30m0s  1900.00 iters/s

running (02m21.8s), 0028/0256 VUs, 269339 complete and 0 interrupted iterations
cap_mixed   [   8% ] 0028/0256 VUs  02m21.8s/30m0s  1900.00 iters/s

running (02m22.8s), 0019/0256 VUs, 271248 complete and 0 interrupted iterations
cap_mixed   [   8% ] 0019/0256 VUs  02m22.8s/30m0s  1900.00 iters/s

running (02m23.8s), 0010/0256 VUs, 273157 complete and 0 interrupted iterations
cap_mixed   [   8% ] 0010/0256 VUs  02m23.8s/30m0s  1900.00 iters/s

running (02m24.8s), 0014/0256 VUs, 275053 complete and 0 interrupted iterations
cap_mixed   [   8% ] 0014/0256 VUs  02m24.8s/30m0s  1900.00 iters/s

running (02m25.8s), 0012/0256 VUs, 276955 complete and 0 interrupted iterations
cap_mixed   [   8% ] 0012/0256 VUs  02m25.8s/30m0s  1900.00 iters/s

running (02m26.8s), 0010/0256 VUs, 278856 complete and 0 interrupted iterations
cap_mixed   [   8% ] 0010/0256 VUs  02m26.8s/30m0s  1900.00 iters/s

running (02m27.8s), 0011/0256 VUs, 280756 complete and 0 interrupted iterations
cap_mixed   [   8% ] 0011/0256 VUs  02m27.8s/30m0s  1900.00 iters/s

running (02m28.8s), 0010/0256 VUs, 282657 complete and 0 interrupted iterations
cap_mixed   [   8% ] 0010/0256 VUs  02m28.8s/30m0s  1900.00 iters/s

running (02m29.8s), 0011/0256 VUs, 284555 complete and 0 interrupted iterations
cap_mixed   [   8% ] 0011/0256 VUs  02m29.8s/30m0s  1900.00 iters/s

running (02m30.8s), 0009/0256 VUs, 286458 complete and 0 interrupted iterations
cap_mixed   [   8% ] 0009/0256 VUs  02m30.8s/30m0s  1900.00 iters/s

running (02m31.8s), 0014/0256 VUs, 288353 complete and 0 interrupted iterations
cap_mixed   [   8% ] 0014/0256 VUs  02m31.8s/30m0s  1900.00 iters/s

running (02m32.8s), 0015/0256 VUs, 290252 complete and 0 interrupted iterations
cap_mixed   [   8% ] 0015/0256 VUs  02m32.8s/30m0s  1900.00 iters/s

running (02m33.8s), 0009/0256 VUs, 292158 complete and 0 interrupted iterations
cap_mixed   [   9% ] 0009/0256 VUs  02m33.8s/30m0s  1900.00 iters/s

running (02m34.8s), 0031/0256 VUs, 294036 complete and 0 interrupted iterations
cap_mixed   [   9% ] 0031/0256 VUs  02m34.8s/30m0s  1900.00 iters/s

running (02m35.8s), 0009/0256 VUs, 295958 complete and 0 interrupted iterations
cap_mixed   [   9% ] 0009/0256 VUs  02m35.8s/30m0s  1900.00 iters/s

running (02m36.8s), 0017/0256 VUs, 297851 complete and 0 interrupted iterations
cap_mixed   [   9% ] 0017/0256 VUs  02m36.8s/30m0s  1900.00 iters/s

running (02m37.8s), 0014/0256 VUs, 299753 complete and 0 interrupted iterations
cap_mixed   [   9% ] 0014/0256 VUs  02m37.8s/30m0s  1900.00 iters/s

running (02m38.8s), 0009/0256 VUs, 301658 complete and 0 interrupted iterations
cap_mixed   [   9% ] 0009/0256 VUs  02m38.8s/30m0s  1900.00 iters/s

running (02m39.8s), 0009/0256 VUs, 303558 complete and 0 interrupted iterations
cap_mixed   [   9% ] 0009/0256 VUs  02m39.8s/30m0s  1900.00 iters/s

running (02m40.8s), 0014/0256 VUs, 305453 complete and 0 interrupted iterations
cap_mixed   [   9% ] 0014/0256 VUs  02m40.8s/30m0s  1900.00 iters/s

running (02m41.8s), 0017/0256 VUs, 307349 complete and 0 interrupted iterations
cap_mixed   [   9% ] 0017/0256 VUs  02m41.8s/30m0s  1900.00 iters/s

running (02m42.8s), 0011/0256 VUs, 309256 complete and 0 interrupted iterations
cap_mixed   [   9% ] 0011/0256 VUs  02m42.8s/30m0s  1900.00 iters/s

running (02m43.8s), 0017/0256 VUs, 311150 complete and 0 interrupted iterations
cap_mixed   [   9% ] 0017/0256 VUs  02m43.8s/30m0s  1900.00 iters/s

running (02m44.8s), 0015/0256 VUs, 313052 complete and 0 interrupted iterations
cap_mixed   [   9% ] 0015/0256 VUs  02m44.8s/30m0s  1900.00 iters/s

running (02m45.8s), 0011/0256 VUs, 314956 complete and 0 interrupted iterations
cap_mixed   [   9% ] 0011/0256 VUs  02m45.8s/30m0s  1900.00 iters/s

running (02m46.8s), 0012/0256 VUs, 316855 complete and 0 interrupted iterations
cap_mixed   [   9% ] 0012/0256 VUs  02m46.8s/30m0s  1900.00 iters/s

running (02m47.8s), 0013/0256 VUs, 318754 complete and 0 interrupted iterations
cap_mixed   [   9% ] 0013/0256 VUs  02m47.8s/30m0s  1900.00 iters/s

running (02m48.8s), 0019/0256 VUs, 320648 complete and 0 interrupted iterations
cap_mixed   [   9% ] 0020/0256 VUs  02m48.8s/30m0s  1900.00 iters/s

running (02m49.8s), 0029/0256 VUs, 322538 complete and 0 interrupted iterations
cap_mixed   [   9% ] 0029/0256 VUs  02m49.8s/30m0s  1900.00 iters/s

running (02m50.8s), 0011/0256 VUs, 324456 complete and 0 interrupted iterations
cap_mixed   [   9% ] 0011/0256 VUs  02m50.8s/30m0s  1900.00 iters/s

running (02m51.8s), 0017/0256 VUs, 326350 complete and 0 interrupted iterations
cap_mixed   [  10% ] 0017/0256 VUs  02m51.8s/30m0s  1900.00 iters/s

running (02m52.8s), 0009/0256 VUs, 328258 complete and 0 interrupted iterations
cap_mixed   [  10% ] 0009/0256 VUs  02m52.8s/30m0s  1900.00 iters/s

running (02m53.8s), 0012/0256 VUs, 330155 complete and 0 interrupted iterations
cap_mixed   [  10% ] 0012/0256 VUs  02m53.8s/30m0s  1900.00 iters/s

running (02m54.8s), 0006/0256 VUs, 332061 complete and 0 interrupted iterations
cap_mixed   [  10% ] 0006/0256 VUs  02m54.8s/30m0s  1900.00 iters/s

running (02m55.8s), 0014/0256 VUs, 333953 complete and 0 interrupted iterations
cap_mixed   [  10% ] 0014/0256 VUs  02m55.8s/30m0s  1900.00 iters/s

running (02m56.8s), 0017/0256 VUs, 335850 complete and 0 interrupted iterations
cap_mixed   [  10% ] 0017/0256 VUs  02m56.8s/30m0s  1900.00 iters/s

running (02m57.8s), 0014/0256 VUs, 337753 complete and 0 interrupted iterations
cap_mixed   [  10% ] 0014/0256 VUs  02m57.8s/30m0s  1900.00 iters/s

running (02m58.8s), 0007/0256 VUs, 339659 complete and 0 interrupted iterations
cap_mixed   [  10% ] 0007/0256 VUs  02m58.8s/30m0s  1900.00 iters/s

running (02m59.8s), 0014/0256 VUs, 341553 complete and 0 interrupted iterations
cap_mixed   [  10% ] 0014/0256 VUs  02m59.8s/30m0s  1900.00 iters/s

running (03m00.8s), 0013/0256 VUs, 343453 complete and 0 interrupted iterations
cap_mixed   [  10% ] 0013/0256 VUs  03m00.8s/30m0s  1900.00 iters/s

running (03m01.8s), 0014/0256 VUs, 345353 complete and 0 interrupted iterations
cap_mixed   [  10% ] 0014/0256 VUs  03m01.8s/30m0s  1900.00 iters/s

running (03m02.8s), 0015/0256 VUs, 347252 complete and 0 interrupted iterations
cap_mixed   [  10% ] 0015/0256 VUs  03m02.8s/30m0s  1900.00 iters/s

running (03m03.8s), 0014/0256 VUs, 349153 complete and 0 interrupted iterations
cap_mixed   [  10% ] 0014/0256 VUs  03m03.8s/30m0s  1900.00 iters/s

running (03m04.8s), 0049/0256 VUs, 351018 complete and 0 interrupted iterations
cap_mixed   [  10% ] 0049/0256 VUs  03m04.8s/30m0s  1900.00 iters/s

running (03m05.8s), 0025/0256 VUs, 352944 complete and 0 interrupted iterations
cap_mixed   [  10% ] 0025/0256 VUs  03m05.8s/30m0s  1900.00 iters/s

running (03m06.8s), 0008/0256 VUs, 354859 complete and 0 interrupted iterations
cap_mixed   [  10% ] 0008/0256 VUs  03m06.8s/30m0s  1900.00 iters/s

running (03m07.8s), 0016/0256 VUs, 356751 complete and 0 interrupted iterations
cap_mixed   [  10% ] 0016/0256 VUs  03m07.8s/30m0s  1900.00 iters/s

running (03m08.8s), 0009/0256 VUs, 358658 complete and 0 interrupted iterations
cap_mixed   [  10% ] 0009/0256 VUs  03m08.8s/30m0s  1900.00 iters/s

running (03m09.8s), 0015/0256 VUs, 360552 complete and 0 interrupted iterations
cap_mixed   [  11% ] 0015/0256 VUs  03m09.8s/30m0s  1900.00 iters/s

running (03m10.8s), 0013/0256 VUs, 362454 complete and 0 interrupted iterations
cap_mixed   [  11% ] 0013/0256 VUs  03m10.8s/30m0s  1900.00 iters/s

running (03m11.8s), 0012/0256 VUs, 364355 complete and 0 interrupted iterations
cap_mixed   [  11% ] 0012/0256 VUs  03m11.8s/30m0s  1900.00 iters/s

running (03m12.8s), 0011/0256 VUs, 366255 complete and 0 interrupted iterations
cap_mixed   [  11% ] 0012/0256 VUs  03m12.8s/30m0s  1900.00 iters/s

running (03m13.8s), 0013/0256 VUs, 368154 complete and 0 interrupted iterations
cap_mixed   [  11% ] 0013/0256 VUs  03m13.8s/30m0s  1900.00 iters/s

running (03m14.8s), 0012/0256 VUs, 370055 complete and 0 interrupted iterations
cap_mixed   [  11% ] 0012/0256 VUs  03m14.8s/30m0s  1900.00 iters/s

running (03m15.8s), 0022/0256 VUs, 371945 complete and 0 interrupted iterations
cap_mixed   [  11% ] 0022/0256 VUs  03m15.8s/30m0s  1900.00 iters/s

running (03m16.8s), 0015/0256 VUs, 373852 complete and 0 interrupted iterations
cap_mixed   [  11% ] 0015/0256 VUs  03m16.8s/30m0s  1900.00 iters/s

running (03m17.8s), 0014/0256 VUs, 375753 complete and 0 interrupted iterations
cap_mixed   [  11% ] 0014/0256 VUs  03m17.8s/30m0s  1900.00 iters/s

running (03m18.8s), 0014/0256 VUs, 377653 complete and 0 interrupted iterations
cap_mixed   [  11% ] 0014/0256 VUs  03m18.8s/30m0s  1900.00 iters/s

running (03m19.8s), 0008/0256 VUs, 379559 complete and 0 interrupted iterations
cap_mixed   [  11% ] 0008/0256 VUs  03m19.8s/30m0s  1900.00 iters/s

running (03m20.8s), 0013/0256 VUs, 381454 complete and 0 interrupted iterations
cap_mixed   [  11% ] 0013/0256 VUs  03m20.8s/30m0s  1900.00 iters/s

running (03m21.8s), 0012/0256 VUs, 383356 complete and 0 interrupted iterations
cap_mixed   [  11% ] 0012/0256 VUs  03m21.8s/30m0s  1900.00 iters/s

running (03m22.8s), 0019/0256 VUs, 385248 complete and 0 interrupted iterations
cap_mixed   [  11% ] 0019/0256 VUs  03m22.8s/30m0s  1900.00 iters/s

running (03m23.8s), 0018/0256 VUs, 387149 complete and 0 interrupted iterations
cap_mixed   [  11% ] 0018/0256 VUs  03m23.8s/30m0s  1900.00 iters/s

running (03m24.8s), 0023/0256 VUs, 389044 complete and 0 interrupted iterations
cap_mixed   [  11% ] 0023/0256 VUs  03m24.8s/30m0s  1900.00 iters/s

running (03m25.8s), 0008/0256 VUs, 390958 complete and 0 interrupted iterations
cap_mixed   [  11% ] 0009/0256 VUs  03m25.8s/30m0s  1900.00 iters/s

running (03m26.8s), 0014/0256 VUs, 392853 complete and 0 interrupted iterations
cap_mixed   [  11% ] 0014/0256 VUs  03m26.8s/30m0s  1900.00 iters/s

running (03m27.8s), 0008/0256 VUs, 394759 complete and 0 interrupted iterations
cap_mixed   [  12% ] 0008/0256 VUs  03m27.8s/30m0s  1900.00 iters/s

running (03m28.8s), 0014/0256 VUs, 396653 complete and 0 interrupted iterations
cap_mixed   [  12% ] 0014/0256 VUs  03m28.8s/30m0s  1900.00 iters/s

running (03m29.8s), 0018/0256 VUs, 398549 complete and 0 interrupted iterations
cap_mixed   [  12% ] 0018/0256 VUs  03m29.8s/30m0s  1900.00 iters/s

running (03m30.8s), 0009/0256 VUs, 400458 complete and 0 interrupted iterations
cap_mixed   [  12% ] 0009/0256 VUs  03m30.8s/30m0s  1900.00 iters/s

running (03m31.8s), 0019/0256 VUs, 402348 complete and 0 interrupted iterations
cap_mixed   [  12% ] 0019/0256 VUs  03m31.8s/30m0s  1900.00 iters/s

running (03m32.8s), 0011/0256 VUs, 404256 complete and 0 interrupted iterations
cap_mixed   [  12% ] 0011/0256 VUs  03m32.8s/30m0s  1900.00 iters/s

running (03m33.8s), 0009/0256 VUs, 406158 complete and 0 interrupted iterations
cap_mixed   [  12% ] 0009/0256 VUs  03m33.8s/30m0s  1900.00 iters/s

running (03m34.8s), 0011/0256 VUs, 408056 complete and 0 interrupted iterations
cap_mixed   [  12% ] 0011/0256 VUs  03m34.8s/30m0s  1900.00 iters/s

running (03m35.8s), 0014/0256 VUs, 409953 complete and 0 interrupted iterations
cap_mixed   [  12% ] 0014/0256 VUs  03m35.8s/30m0s  1900.00 iters/s

running (03m36.8s), 0025/0256 VUs, 411842 complete and 0 interrupted iterations
cap_mixed   [  12% ] 0025/0256 VUs  03m36.8s/30m0s  1900.00 iters/s

running (03m37.8s), 0009/0256 VUs, 413758 complete and 0 interrupted iterations
cap_mixed   [  12% ] 0009/0256 VUs  03m37.8s/30m0s  1900.00 iters/s

running (03m38.8s), 0016/0256 VUs, 415651 complete and 0 interrupted iterations
cap_mixed   [  12% ] 0016/0256 VUs  03m38.8s/30m0s  1900.00 iters/s

running (03m39.8s), 0013/0256 VUs, 417555 complete and 0 interrupted iterations
cap_mixed   [  12% ] 0013/0256 VUs  03m39.8s/30m0s  1900.00 iters/s

running (03m40.8s), 0010/0256 VUs, 419457 complete and 0 interrupted iterations
cap_mixed   [  12% ] 0010/0256 VUs  03m40.8s/30m0s  1900.00 iters/s

running (03m41.8s), 0010/0256 VUs, 421357 complete and 0 interrupted iterations
cap_mixed   [  12% ] 0010/0256 VUs  03m41.8s/30m0s  1900.00 iters/s

running (03m42.8s), 0011/0256 VUs, 423256 complete and 0 interrupted iterations
cap_mixed   [  12% ] 0011/0256 VUs  03m42.8s/30m0s  1900.00 iters/s

running (03m43.8s), 0017/0256 VUs, 425150 complete and 0 interrupted iterations
cap_mixed   [  12% ] 0017/0256 VUs  03m43.8s/30m0s  1900.00 iters/s

running (03m44.8s), 0016/0256 VUs, 427051 complete and 0 interrupted iterations
cap_mixed   [  12% ] 0016/0256 VUs  03m44.8s/30m0s  1900.00 iters/s

running (03m45.8s), 0008/0256 VUs, 428959 complete and 0 interrupted iterations
cap_mixed   [  13% ] 0008/0256 VUs  03m45.8s/30m0s  1900.00 iters/s

running (03m46.8s), 0012/0256 VUs, 430855 complete and 0 interrupted iterations
cap_mixed   [  13% ] 0012/0256 VUs  03m46.8s/30m0s  1900.00 iters/s

running (03m47.8s), 0016/0256 VUs, 432751 complete and 0 interrupted iterations
cap_mixed   [  13% ] 0016/0256 VUs  03m47.8s/30m0s  1900.00 iters/s

running (03m48.8s), 0012/0256 VUs, 434655 complete and 0 interrupted iterations
cap_mixed   [  13% ] 0012/0256 VUs  03m48.8s/30m0s  1900.00 iters/s

running (03m49.8s), 0013/0256 VUs, 436554 complete and 0 interrupted iterations
cap_mixed   [  13% ] 0013/0256 VUs  03m49.8s/30m0s  1900.00 iters/s

running (03m50.8s), 0013/0256 VUs, 438454 complete and 0 interrupted iterations
cap_mixed   [  13% ] 0013/0256 VUs  03m50.8s/30m0s  1900.00 iters/s

running (03m51.8s), 0010/0256 VUs, 440357 complete and 0 interrupted iterations
cap_mixed   [  13% ] 0010/0256 VUs  03m51.8s/30m0s  1900.00 iters/s

running (03m52.8s), 0025/0256 VUs, 442242 complete and 0 interrupted iterations
cap_mixed   [  13% ] 0025/0256 VUs  03m52.8s/30m0s  1900.00 iters/s

running (03m53.8s), 0014/0256 VUs, 444153 complete and 0 interrupted iterations
cap_mixed   [  13% ] 0014/0256 VUs  03m53.8s/30m0s  1900.00 iters/s

running (03m54.8s), 0013/0256 VUs, 446054 complete and 0 interrupted iterations
cap_mixed   [  13% ] 0013/0256 VUs  03m54.8s/30m0s  1900.00 iters/s

running (03m55.8s), 0009/0256 VUs, 447957 complete and 0 interrupted iterations
cap_mixed   [  13% ] 0011/0256 VUs  03m55.8s/30m0s  1900.00 iters/s

running (03m56.8s), 0011/0256 VUs, 449856 complete and 0 interrupted iterations
cap_mixed   [  13% ] 0011/0256 VUs  03m56.8s/30m0s  1900.00 iters/s

running (03m57.8s), 0009/0256 VUs, 451758 complete and 0 interrupted iterations
cap_mixed   [  13% ] 0009/0256 VUs  03m57.8s/30m0s  1900.00 iters/s

running (03m58.8s), 0011/0256 VUs, 453656 complete and 0 interrupted iterations
cap_mixed   [  13% ] 0011/0256 VUs  03m58.8s/30m0s  1900.00 iters/s

running (03m59.8s), 0012/0256 VUs, 455555 complete and 0 interrupted iterations
cap_mixed   [  13% ] 0012/0256 VUs  03m59.8s/30m0s  1900.00 iters/s

running (04m00.8s), 0014/0256 VUs, 457452 complete and 0 interrupted iterations
cap_mixed   [  13% ] 0014/0256 VUs  04m00.8s/30m0s  1900.00 iters/s

running (04m01.8s), 0010/0256 VUs, 459358 complete and 0 interrupted iterations
cap_mixed   [  13% ] 0010/0256 VUs  04m01.8s/30m0s  1900.00 iters/s

running (04m02.8s), 0016/0256 VUs, 461251 complete and 0 interrupted iterations
cap_mixed   [  13% ] 0016/0256 VUs  04m02.8s/30m0s  1900.00 iters/s

running (04m03.8s), 0011/0256 VUs, 463156 complete and 0 interrupted iterations
cap_mixed   [  14% ] 0011/0256 VUs  04m03.8s/30m0s  1900.00 iters/s

running (04m04.8s), 0011/0256 VUs, 465056 complete and 0 interrupted iterations
cap_mixed   [  14% ] 0011/0256 VUs  04m04.8s/30m0s  1900.00 iters/s

running (04m05.8s), 0008/0256 VUs, 466959 complete and 0 interrupted iterations
cap_mixed   [  14% ] 0008/0256 VUs  04m05.8s/30m0s  1900.00 iters/s

running (04m06.8s), 0009/0256 VUs, 468858 complete and 0 interrupted iterations
cap_mixed   [  14% ] 0009/0256 VUs  04m06.8s/30m0s  1900.00 iters/s

running (04m07.8s), 0016/0256 VUs, 470751 complete and 0 interrupted iterations
cap_mixed   [  14% ] 0016/0256 VUs  04m07.8s/30m0s  1900.00 iters/s

running (04m08.8s), 0010/0256 VUs, 472657 complete and 0 interrupted iterations
cap_mixed   [  14% ] 0010/0256 VUs  04m08.8s/30m0s  1900.00 iters/s

running (04m09.8s), 0015/0256 VUs, 474552 complete and 0 interrupted iterations
cap_mixed   [  14% ] 0015/0256 VUs  04m09.8s/30m0s  1900.00 iters/s

running (04m10.8s), 0010/0256 VUs, 476458 complete and 0 interrupted iterations
cap_mixed   [  14% ] 0010/0256 VUs  04m10.8s/30m0s  1900.00 iters/s

running (04m11.8s), 0014/0256 VUs, 478353 complete and 0 interrupted iterations
cap_mixed   [  14% ] 0014/0256 VUs  04m11.8s/30m0s  1900.00 iters/s

running (04m12.8s), 0009/0256 VUs, 480258 complete and 0 interrupted iterations
cap_mixed   [  14% ] 0009/0256 VUs  04m12.8s/30m0s  1900.00 iters/s

running (04m13.8s), 0011/0256 VUs, 482156 complete and 0 interrupted iterations
cap_mixed   [  14% ] 0011/0256 VUs  04m13.8s/30m0s  1900.00 iters/s

running (04m14.8s), 0009/0256 VUs, 484058 complete and 0 interrupted iterations
cap_mixed   [  14% ] 0009/0256 VUs  04m14.8s/30m0s  1900.00 iters/s

running (04m15.8s), 0013/0256 VUs, 485954 complete and 0 interrupted iterations
cap_mixed   [  14% ] 0013/0256 VUs  04m15.8s/30m0s  1900.00 iters/s

running (04m16.8s), 0010/0256 VUs, 487857 complete and 0 interrupted iterations
cap_mixed   [  14% ] 0010/0256 VUs  04m16.8s/30m0s  1900.00 iters/s

running (04m17.8s), 0016/0256 VUs, 489751 complete and 0 interrupted iterations
cap_mixed   [  14% ] 0016/0256 VUs  04m17.8s/30m0s  1900.00 iters/s

running (04m18.8s), 0008/0256 VUs, 491659 complete and 0 interrupted iterations
cap_mixed   [  14% ] 0008/0256 VUs  04m18.8s/30m0s  1900.00 iters/s

running (04m19.8s), 0015/0256 VUs, 493552 complete and 0 interrupted iterations
cap_mixed   [  14% ] 0015/0256 VUs  04m19.8s/30m0s  1900.00 iters/s

running (04m20.8s), 0017/0256 VUs, 495450 complete and 0 interrupted iterations
cap_mixed   [  14% ] 0017/0256 VUs  04m20.8s/30m0s  1900.00 iters/s

running (04m21.8s), 0012/0256 VUs, 497355 complete and 0 interrupted iterations
cap_mixed   [  15% ] 0012/0256 VUs  04m21.8s/30m0s  1900.00 iters/s

running (04m22.8s), 0011/0256 VUs, 499256 complete and 0 interrupted iterations
cap_mixed   [  15% ] 0011/0256 VUs  04m22.8s/30m0s  1900.00 iters/s

running (04m23.8s), 0017/0256 VUs, 501150 complete and 0 interrupted iterations
cap_mixed   [  15% ] 0017/0256 VUs  04m23.8s/30m0s  1900.00 iters/s

running (04m24.8s), 0017/0256 VUs, 503050 complete and 0 interrupted iterations
cap_mixed   [  15% ] 0017/0256 VUs  04m24.8s/30m0s  1900.00 iters/s

running (04m25.8s), 0010/0256 VUs, 504957 complete and 0 interrupted iterations
cap_mixed   [  15% ] 0010/0256 VUs  04m25.8s/30m0s  1900.00 iters/s

running (04m26.8s), 0016/0256 VUs, 506851 complete and 0 interrupted iterations
cap_mixed   [  15% ] 0016/0256 VUs  04m26.8s/30m0s  1900.00 iters/s

running (04m27.8s), 0012/0256 VUs, 508755 complete and 0 interrupted iterations
cap_mixed   [  15% ] 0012/0256 VUs  04m27.8s/30m0s  1900.00 iters/s

running (04m28.8s), 0015/0256 VUs, 510653 complete and 0 interrupted iterations
cap_mixed   [  15% ] 0015/0256 VUs  04m28.8s/30m0s  1900.00 iters/s

running (04m29.8s), 0024/0256 VUs, 512543 complete and 0 interrupted iterations
cap_mixed   [  15% ] 0024/0256 VUs  04m29.8s/30m0s  1900.00 iters/s

running (04m30.8s), 0010/0256 VUs, 514458 complete and 0 interrupted iterations
cap_mixed   [  15% ] 0010/0256 VUs  04m30.8s/30m0s  1900.00 iters/s

running (04m31.8s), 0008/0256 VUs, 516359 complete and 0 interrupted iterations
cap_mixed   [  15% ] 0008/0256 VUs  04m31.8s/30m0s  1900.00 iters/s

running (04m32.8s), 0009/0256 VUs, 518258 complete and 0 interrupted iterations
cap_mixed   [  15% ] 0009/0256 VUs  04m32.8s/30m0s  1900.00 iters/s

running (04m33.8s), 0011/0256 VUs, 520156 complete and 0 interrupted iterations
cap_mixed   [  15% ] 0011/0256 VUs  04m33.8s/30m0s  1900.00 iters/s

running (04m34.8s), 0017/0256 VUs, 522050 complete and 0 interrupted iterations
cap_mixed   [  15% ] 0017/0256 VUs  04m34.8s/30m0s  1900.00 iters/s

running (04m35.8s), 0016/0256 VUs, 523951 complete and 0 interrupted iterations
cap_mixed   [  15% ] 0016/0256 VUs  04m35.8s/30m0s  1900.00 iters/s

running (04m36.8s), 0010/0256 VUs, 525857 complete and 0 interrupted iterations
cap_mixed   [  15% ] 0010/0256 VUs  04m36.8s/30m0s  1900.00 iters/s

running (04m37.8s), 0013/0256 VUs, 527752 complete and 0 interrupted iterations
cap_mixed   [  15% ] 0013/0256 VUs  04m37.8s/30m0s  1900.00 iters/s

running (04m38.8s), 0014/0256 VUs, 529653 complete and 0 interrupted iterations
cap_mixed   [  15% ] 0014/0256 VUs  04m38.8s/30m0s  1900.00 iters/s

running (04m39.8s), 0014/0256 VUs, 531553 complete and 0 interrupted iterations
cap_mixed   [  16% ] 0014/0256 VUs  04m39.8s/30m0s  1900.00 iters/s

running (04m40.8s), 0010/0256 VUs, 533456 complete and 0 interrupted iterations
cap_mixed   [  16% ] 0010/0256 VUs  04m40.8s/30m0s  1900.00 iters/s

running (04m41.8s), 0014/0256 VUs, 535353 complete and 0 interrupted iterations
cap_mixed   [  16% ] 0014/0256 VUs  04m41.8s/30m0s  1900.00 iters/s

running (04m42.8s), 0008/0256 VUs, 537259 complete and 0 interrupted iterations
cap_mixed   [  16% ] 0008/0256 VUs  04m42.8s/30m0s  1900.00 iters/s

running (04m43.8s), 0009/0256 VUs, 539158 complete and 0 interrupted iterations
cap_mixed   [  16% ] 0009/0256 VUs  04m43.8s/30m0s  1900.00 iters/s

running (04m44.8s), 0013/0256 VUs, 541054 complete and 0 interrupted iterations
cap_mixed   [  16% ] 0013/0256 VUs  04m44.8s/30m0s  1900.00 iters/s

running (04m45.8s), 0012/0256 VUs, 542955 complete and 0 interrupted iterations
cap_mixed   [  16% ] 0012/0256 VUs  04m45.8s/30m0s  1900.00 iters/s

running (04m46.8s), 0012/0256 VUs, 544855 complete and 0 interrupted iterations
cap_mixed   [  16% ] 0012/0256 VUs  04m46.8s/30m0s  1900.00 iters/s

running (04m47.8s), 0014/0256 VUs, 546753 complete and 0 interrupted iterations
cap_mixed   [  16% ] 0013/0256 VUs  04m47.8s/30m0s  1900.00 iters/s

running (04m48.8s), 0012/0256 VUs, 548655 complete and 0 interrupted iterations
cap_mixed   [  16% ] 0012/0256 VUs  04m48.8s/30m0s  1900.00 iters/s

running (04m49.8s), 0011/0256 VUs, 550556 complete and 0 interrupted iterations
cap_mixed   [  16% ] 0011/0256 VUs  04m49.8s/30m0s  1900.00 iters/s

running (04m50.8s), 0015/0256 VUs, 552452 complete and 0 interrupted iterations
cap_mixed   [  16% ] 0015/0256 VUs  04m50.8s/30m0s  1900.00 iters/s

running (04m51.8s), 0012/0256 VUs, 554356 complete and 0 interrupted iterations
cap_mixed   [  16% ] 0012/0256 VUs  04m51.8s/30m0s  1900.00 iters/s

running (04m52.8s), 0014/0256 VUs, 556253 complete and 0 interrupted iterations
cap_mixed   [  16% ] 0014/0256 VUs  04m52.8s/30m0s  1900.00 iters/s

running (04m53.8s), 0011/0256 VUs, 558156 complete and 0 interrupted iterations
cap_mixed   [  16% ] 0011/0256 VUs  04m53.8s/30m0s  1900.00 iters/s

running (04m54.8s), 0013/0256 VUs, 560054 complete and 0 interrupted iterations
cap_mixed   [  16% ] 0013/0256 VUs  04m54.8s/30m0s  1900.00 iters/s

running (04m55.8s), 0011/0256 VUs, 561956 complete and 0 interrupted iterations
cap_mixed   [  16% ] 0011/0256 VUs  04m55.8s/30m0s  1900.00 iters/s

running (04m56.8s), 0009/0256 VUs, 563858 complete and 0 interrupted iterations
cap_mixed   [  16% ] 0009/0256 VUs  04m56.8s/30m0s  1900.00 iters/s

running (04m57.8s), 0014/0256 VUs, 565753 complete and 0 interrupted iterations
cap_mixed   [  17% ] 0014/0256 VUs  04m57.8s/30m0s  1900.00 iters/s

running (04m58.8s), 0011/0256 VUs, 567656 complete and 0 interrupted iterations
cap_mixed   [  17% ] 0011/0256 VUs  04m58.8s/30m0s  1900.00 iters/s

running (04m59.8s), 0015/0256 VUs, 569551 complete and 0 interrupted iterations
cap_mixed   [  17% ] 0016/0256 VUs  04m59.8s/30m0s  1900.00 iters/s

running (05m00.8s), 0010/0256 VUs, 571458 complete and 0 interrupted iterations
cap_mixed   [  17% ] 0010/0256 VUs  05m00.8s/30m0s  1900.00 iters/s

running (05m01.8s), 0018/0256 VUs, 573349 complete and 0 interrupted iterations
cap_mixed   [  17% ] 0018/0256 VUs  05m01.8s/30m0s  1900.00 iters/s

running (05m02.8s), 0011/0256 VUs, 575256 complete and 0 interrupted iterations
cap_mixed   [  17% ] 0011/0256 VUs  05m02.8s/30m0s  1900.00 iters/s

running (05m03.8s), 0010/0256 VUs, 577157 complete and 0 interrupted iterations
cap_mixed   [  17% ] 0010/0256 VUs  05m03.8s/30m0s  1900.00 iters/s

running (05m04.8s), 0012/0256 VUs, 579055 complete and 0 interrupted iterations
cap_mixed   [  17% ] 0012/0256 VUs  05m04.8s/30m0s  1900.00 iters/s

running (05m05.8s), 0015/0256 VUs, 580953 complete and 0 interrupted iterations
cap_mixed   [  17% ] 0015/0256 VUs  05m05.8s/30m0s  1900.00 iters/s

running (05m06.8s), 0012/0256 VUs, 582855 complete and 0 interrupted iterations
cap_mixed   [  17% ] 0012/0256 VUs  05m06.8s/30m0s  1900.00 iters/s

running (05m07.8s), 0010/0256 VUs, 584757 complete and 0 interrupted iterations
cap_mixed   [  17% ] 0010/0256 VUs  05m07.8s/30m0s  1900.00 iters/s

running (05m08.8s), 0019/0256 VUs, 586648 complete and 0 interrupted iterations
cap_mixed   [  17% ] 0019/0256 VUs  05m08.8s/30m0s  1900.00 iters/s

running (05m09.8s), 0014/0256 VUs, 588553 complete and 0 interrupted iterations
cap_mixed   [  17% ] 0014/0256 VUs  05m09.8s/30m0s  1900.00 iters/s

running (05m10.8s), 0011/0256 VUs, 590456 complete and 0 interrupted iterations
cap_mixed   [  17% ] 0011/0256 VUs  05m10.8s/30m0s  1900.00 iters/s

running (05m11.8s), 0013/0256 VUs, 592354 complete and 0 interrupted iterations
cap_mixed   [  17% ] 0013/0256 VUs  05m11.8s/30m0s  1900.00 iters/s

running (05m12.8s), 0015/0256 VUs, 594252 complete and 0 interrupted iterations
cap_mixed   [  17% ] 0015/0256 VUs  05m12.8s/30m0s  1900.00 iters/s

running (05m13.8s), 0009/0256 VUs, 596158 complete and 0 interrupted iterations
cap_mixed   [  17% ] 0009/0256 VUs  05m13.8s/30m0s  1900.00 iters/s

running (05m14.8s), 0017/0256 VUs, 598050 complete and 0 interrupted iterations
cap_mixed   [  17% ] 0017/0256 VUs  05m14.8s/30m0s  1900.00 iters/s

running (05m15.8s), 0016/0256 VUs, 599951 complete and 0 interrupted iterations
cap_mixed   [  18% ] 0016/0256 VUs  05m15.8s/30m0s  1900.00 iters/s

running (05m16.8s), 0012/0256 VUs, 601855 complete and 0 interrupted iterations
cap_mixed   [  18% ] 0012/0256 VUs  05m16.8s/30m0s  1900.00 iters/s

running (05m17.8s), 0017/0256 VUs, 603750 complete and 0 interrupted iterations
cap_mixed   [  18% ] 0017/0256 VUs  05m17.8s/30m0s  1900.00 iters/s

running (05m18.8s), 0014/0256 VUs, 605653 complete and 0 interrupted iterations
cap_mixed   [  18% ] 0014/0256 VUs  05m18.8s/30m0s  1900.00 iters/s

running (05m19.8s), 0010/0256 VUs, 607557 complete and 0 interrupted iterations
cap_mixed   [  18% ] 0010/0256 VUs  05m19.8s/30m0s  1900.00 iters/s

running (05m20.8s), 0011/0256 VUs, 609456 complete and 0 interrupted iterations
cap_mixed   [  18% ] 0011/0256 VUs  05m20.8s/30m0s  1900.00 iters/s

running (05m21.8s), 0015/0256 VUs, 611352 complete and 0 interrupted iterations
cap_mixed   [  18% ] 0015/0256 VUs  05m21.8s/30m0s  1900.00 iters/s

running (05m22.8s), 0015/0256 VUs, 613252 complete and 0 interrupted iterations
cap_mixed   [  18% ] 0015/0256 VUs  05m22.8s/30m0s  1900.00 iters/s

running (05m23.8s), 0012/0256 VUs, 615155 complete and 0 interrupted iterations
cap_mixed   [  18% ] 0012/0256 VUs  05m23.8s/30m0s  1900.00 iters/s

running (05m24.8s), 0020/0256 VUs, 617047 complete and 0 interrupted iterations
cap_mixed   [  18% ] 0020/0256 VUs  05m24.8s/30m0s  1900.00 iters/s

running (05m25.8s), 0009/0256 VUs, 618957 complete and 0 interrupted iterations
cap_mixed   [  18% ] 0009/0256 VUs  05m25.8s/30m0s  1900.00 iters/s

running (05m26.8s), 0010/0256 VUs, 620857 complete and 0 interrupted iterations
cap_mixed   [  18% ] 0010/0256 VUs  05m26.8s/30m0s  1900.00 iters/s

running (05m27.8s), 0015/0256 VUs, 622752 complete and 0 interrupted iterations
cap_mixed   [  18% ] 0015/0256 VUs  05m27.8s/30m0s  1900.00 iters/s

running (05m28.8s), 0007/0256 VUs, 624660 complete and 0 interrupted iterations
cap_mixed   [  18% ] 0007/0256 VUs  05m28.8s/30m0s  1900.00 iters/s

running (05m29.8s), 0016/0256 VUs, 626552 complete and 0 interrupted iterations
cap_mixed   [  18% ] 0016/0256 VUs  05m29.8s/30m0s  1900.00 iters/s

running (05m30.8s), 0017/0256 VUs, 628450 complete and 0 interrupted iterations
cap_mixed   [  18% ] 0017/0256 VUs  05m30.8s/30m0s  1900.00 iters/s

running (05m31.8s), 0014/0256 VUs, 630353 complete and 0 interrupted iterations
cap_mixed   [  18% ] 0014/0256 VUs  05m31.8s/30m0s  1900.00 iters/s

running (05m32.8s), 0007/0256 VUs, 632260 complete and 0 interrupted iterations
cap_mixed   [  18% ] 0007/0256 VUs  05m32.8s/30m0s  1900.00 iters/s

running (05m33.8s), 0016/0256 VUs, 634151 complete and 0 interrupted iterations
cap_mixed   [  19% ] 0016/0256 VUs  05m33.8s/30m0s  1900.00 iters/s

running (05m34.8s), 0014/0256 VUs, 636053 complete and 0 interrupted iterations
cap_mixed   [  19% ] 0014/0256 VUs  05m34.8s/30m0s  1900.00 iters/s

running (05m35.8s), 0008/0256 VUs, 637959 complete and 0 interrupted iterations
cap_mixed   [  19% ] 0008/0256 VUs  05m35.8s/30m0s  1900.00 iters/s

running (05m36.8s), 0017/0256 VUs, 639850 complete and 0 interrupted iterations
cap_mixed   [  19% ] 0017/0256 VUs  05m36.8s/30m0s  1900.00 iters/s

running (05m37.8s), 0023/0256 VUs, 641745 complete and 0 interrupted iterations
cap_mixed   [  19% ] 0023/0256 VUs  05m37.8s/30m0s  1900.00 iters/s

running (05m38.8s), 0010/0256 VUs, 643657 complete and 0 interrupted iterations
cap_mixed   [  19% ] 0010/0256 VUs  05m38.8s/30m0s  1900.00 iters/s

running (05m39.8s), 0027/0256 VUs, 645540 complete and 0 interrupted iterations
cap_mixed   [  19% ] 0025/0256 VUs  05m39.8s/30m0s  1900.00 iters/s

running (05m40.8s), 0020/0256 VUs, 647447 complete and 0 interrupted iterations
cap_mixed   [  19% ] 0020/0256 VUs  05m40.8s/30m0s  1900.00 iters/s

running (05m41.8s), 0015/0256 VUs, 649353 complete and 0 interrupted iterations
cap_mixed   [  19% ] 0015/0256 VUs  05m41.8s/30m0s  1900.00 iters/s

running (05m42.8s), 0016/0256 VUs, 651251 complete and 0 interrupted iterations
cap_mixed   [  19% ] 0016/0256 VUs  05m42.8s/30m0s  1900.00 iters/s

running (05m43.8s), 0009/0256 VUs, 653159 complete and 0 interrupted iterations
cap_mixed   [  19% ] 0009/0256 VUs  05m43.8s/30m0s  1900.00 iters/s

running (05m44.8s), 0013/0256 VUs, 655054 complete and 0 interrupted iterations
cap_mixed   [  19% ] 0013/0256 VUs  05m44.8s/30m0s  1900.00 iters/s

running (05m45.8s), 0014/0256 VUs, 656953 complete and 0 interrupted iterations
cap_mixed   [  19% ] 0014/0256 VUs  05m45.8s/30m0s  1900.00 iters/s

running (05m46.8s), 0019/0256 VUs, 658848 complete and 0 interrupted iterations
cap_mixed   [  19% ] 0019/0256 VUs  05m46.8s/30m0s  1900.00 iters/s

running (05m47.8s), 0013/0256 VUs, 660754 complete and 0 interrupted iterations
cap_mixed   [  19% ] 0013/0256 VUs  05m47.8s/30m0s  1900.00 iters/s

running (05m48.8s), 0013/0256 VUs, 662654 complete and 0 interrupted iterations
cap_mixed   [  19% ] 0013/0256 VUs  05m48.8s/30m0s  1900.00 iters/s

running (05m49.8s), 0011/0256 VUs, 664556 complete and 0 interrupted iterations
cap_mixed   [  19% ] 0011/0256 VUs  05m49.8s/30m0s  1900.00 iters/s

running (05m50.8s), 0014/0256 VUs, 666453 complete and 0 interrupted iterations
cap_mixed   [  19% ] 0014/0256 VUs  05m50.8s/30m0s  1900.00 iters/s

running (05m51.8s), 0010/0256 VUs, 668357 complete and 0 interrupted iterations
cap_mixed   [  20% ] 0010/0256 VUs  05m51.8s/30m0s  1900.00 iters/s

running (05m52.8s), 0014/0256 VUs, 670253 complete and 0 interrupted iterations
cap_mixed   [  20% ] 0014/0256 VUs  05m52.8s/30m0s  1900.00 iters/s

running (05m53.8s), 0018/0256 VUs, 672149 complete and 0 interrupted iterations
cap_mixed   [  20% ] 0018/0256 VUs  05m53.8s/30m0s  1900.00 iters/s

running (05m54.8s), 0008/0256 VUs, 674059 complete and 0 interrupted iterations
cap_mixed   [  20% ] 0008/0256 VUs  05m54.8s/30m0s  1900.00 iters/s

running (05m55.8s), 0013/0256 VUs, 675954 complete and 0 interrupted iterations
cap_mixed   [  20% ] 0013/0256 VUs  05m55.8s/30m0s  1900.00 iters/s

running (05m56.8s), 0015/0256 VUs, 677852 complete and 0 interrupted iterations
cap_mixed   [  20% ] 0015/0256 VUs  05m56.8s/30m0s  1900.00 iters/s

running (05m57.8s), 0011/0256 VUs, 679757 complete and 0 interrupted iterations
cap_mixed   [  20% ] 0011/0256 VUs  05m57.8s/30m0s  1900.00 iters/s

running (05m58.8s), 0011/0256 VUs, 681656 complete and 0 interrupted iterations
cap_mixed   [  20% ] 0011/0256 VUs  05m58.8s/30m0s  1900.00 iters/s

running (05m59.8s), 0015/0256 VUs, 683554 complete and 0 interrupted iterations
cap_mixed   [  20% ] 0015/0256 VUs  05m59.8s/30m0s  1900.00 iters/s

running (06m00.8s), 0021/0256 VUs, 685447 complete and 0 interrupted iterations
cap_mixed   [  20% ] 0021/0256 VUs  06m00.8s/30m0s  1900.00 iters/s

running (06m01.8s), 0011/0256 VUs, 687356 complete and 0 interrupted iterations
cap_mixed   [  20% ] 0011/0256 VUs  06m01.8s/30m0s  1900.00 iters/s

running (06m02.8s), 0011/0256 VUs, 689256 complete and 0 interrupted iterations
cap_mixed   [  20% ] 0011/0256 VUs  06m02.8s/30m0s  1900.00 iters/s

running (06m03.8s), 0014/0256 VUs, 691153 complete and 0 interrupted iterations
cap_mixed   [  20% ] 0014/0256 VUs  06m03.8s/30m0s  1900.00 iters/s

running (06m04.8s), 0020/0256 VUs, 693048 complete and 0 interrupted iterations
cap_mixed   [  20% ] 0020/0256 VUs  06m04.8s/30m0s  1900.00 iters/s

running (06m05.8s), 0012/0256 VUs, 694956 complete and 0 interrupted iterations
cap_mixed   [  20% ] 0012/0256 VUs  06m05.8s/30m0s  1900.00 iters/s

running (06m06.8s), 0018/0256 VUs, 696849 complete and 0 interrupted iterations
cap_mixed   [  20% ] 0018/0256 VUs  06m06.8s/30m0s  1900.00 iters/s

running (06m07.8s), 0011/0256 VUs, 698756 complete and 0 interrupted iterations
cap_mixed   [  20% ] 0011/0256 VUs  06m07.8s/30m0s  1900.00 iters/s

running (06m08.8s), 0019/0256 VUs, 700648 complete and 0 interrupted iterations
cap_mixed   [  20% ] 0019/0256 VUs  06m08.8s/30m0s  1900.00 iters/s

running (06m09.8s), 0016/0256 VUs, 702550 complete and 0 interrupted iterations
cap_mixed   [  21% ] 0016/0256 VUs  06m09.8s/30m0s  1900.00 iters/s

running (06m10.8s), 0011/0256 VUs, 704456 complete and 0 interrupted iterations
cap_mixed   [  21% ] 0011/0256 VUs  06m10.8s/30m0s  1900.00 iters/s

running (06m11.8s), 0016/0256 VUs, 706351 complete and 0 interrupted iterations
cap_mixed   [  21% ] 0016/0256 VUs  06m11.8s/30m0s  1900.00 iters/s

running (06m12.8s), 0016/0256 VUs, 708251 complete and 0 interrupted iterations
cap_mixed   [  21% ] 0016/0256 VUs  06m12.8s/30m0s  1900.00 iters/s

running (06m13.8s), 0015/0256 VUs, 710152 complete and 0 interrupted iterations
cap_mixed   [  21% ] 0015/0256 VUs  06m13.8s/30m0s  1900.00 iters/s

running (06m14.8s), 0020/0256 VUs, 712047 complete and 0 interrupted iterations
cap_mixed   [  21% ] 0020/0256 VUs  06m14.8s/30m0s  1900.00 iters/s

running (06m15.8s), 0014/0256 VUs, 713953 complete and 0 interrupted iterations
cap_mixed   [  21% ] 0014/0256 VUs  06m15.8s/30m0s  1900.00 iters/s

running (06m16.8s), 0018/0256 VUs, 715849 complete and 0 interrupted iterations
cap_mixed   [  21% ] 0018/0256 VUs  06m16.8s/30m0s  1900.00 iters/s

running (06m17.8s), 0014/0256 VUs, 717753 complete and 0 interrupted iterations
cap_mixed   [  21% ] 0014/0256 VUs  06m17.8s/30m0s  1900.00 iters/s

running (06m18.8s), 0015/0256 VUs, 719652 complete and 0 interrupted iterations
cap_mixed   [  21% ] 0015/0256 VUs  06m18.8s/30m0s  1900.00 iters/s

running (06m19.8s), 0016/0256 VUs, 721552 complete and 0 interrupted iterations
cap_mixed   [  21% ] 0016/0256 VUs  06m19.8s/30m0s  1900.00 iters/s

running (06m20.8s), 0011/0256 VUs, 723456 complete and 0 interrupted iterations
cap_mixed   [  21% ] 0011/0256 VUs  06m20.8s/30m0s  1900.00 iters/s

running (06m21.8s), 0010/0256 VUs, 725357 complete and 0 interrupted iterations
cap_mixed   [  21% ] 0010/0256 VUs  06m21.8s/30m0s  1900.00 iters/s

running (06m22.8s), 0010/0256 VUs, 727257 complete and 0 interrupted iterations
cap_mixed   [  21% ] 0011/0256 VUs  06m22.8s/30m0s  1900.00 iters/s

running (06m23.8s), 0014/0256 VUs, 729153 complete and 0 interrupted iterations
cap_mixed   [  21% ] 0014/0256 VUs  06m23.8s/30m0s  1900.00 iters/s

running (06m24.8s), 0009/0256 VUs, 731058 complete and 0 interrupted iterations
cap_mixed   [  21% ] 0009/0256 VUs  06m24.8s/30m0s  1900.00 iters/s

running (06m25.8s), 0013/0256 VUs, 732954 complete and 0 interrupted iterations
cap_mixed   [  21% ] 0013/0256 VUs  06m25.8s/30m0s  1900.00 iters/s

running (06m26.8s), 0015/0256 VUs, 734852 complete and 0 interrupted iterations
cap_mixed   [  21% ] 0015/0256 VUs  06m26.8s/30m0s  1900.00 iters/s

running (06m27.8s), 0015/0256 VUs, 736752 complete and 0 interrupted iterations
cap_mixed   [  22% ] 0015/0256 VUs  06m27.8s/30m0s  1900.00 iters/s

running (06m28.8s), 0010/0256 VUs, 738658 complete and 0 interrupted iterations
cap_mixed   [  22% ] 0010/0256 VUs  06m28.8s/30m0s  1900.00 iters/s

running (06m29.8s), 0029/0256 VUs, 740538 complete and 0 interrupted iterations
cap_mixed   [  22% ] 0029/0256 VUs  06m29.8s/30m0s  1900.00 iters/s

running (06m30.8s), 0011/0256 VUs, 742456 complete and 0 interrupted iterations
cap_mixed   [  22% ] 0011/0256 VUs  06m30.8s/30m0s  1900.00 iters/s

running (06m31.8s), 0008/0256 VUs, 744359 complete and 0 interrupted iterations
cap_mixed   [  22% ] 0008/0256 VUs  06m31.8s/30m0s  1900.00 iters/s

running (06m32.8s), 0009/0256 VUs, 746258 complete and 0 interrupted iterations
cap_mixed   [  22% ] 0009/0256 VUs  06m32.8s/30m0s  1900.00 iters/s

running (06m33.8s), 0011/0256 VUs, 748156 complete and 0 interrupted iterations
cap_mixed   [  22% ] 0011/0256 VUs  06m33.8s/30m0s  1900.00 iters/s

running (06m34.8s), 0017/0256 VUs, 750050 complete and 0 interrupted iterations
cap_mixed   [  22% ] 0017/0256 VUs  06m34.8s/30m0s  1900.00 iters/s

running (06m35.8s), 0014/0256 VUs, 751953 complete and 0 interrupted iterations
cap_mixed   [  22% ] 0014/0256 VUs  06m35.8s/30m0s  1900.00 iters/s

running (06m36.8s), 0009/0256 VUs, 753859 complete and 0 interrupted iterations
cap_mixed   [  22% ] 0009/0256 VUs  06m36.8s/30m0s  1900.00 iters/s

running (06m37.8s), 0013/0256 VUs, 755754 complete and 0 interrupted iterations
cap_mixed   [  22% ] 0013/0256 VUs  06m37.8s/30m0s  1900.00 iters/s

running (06m38.8s), 0016/0256 VUs, 757652 complete and 0 interrupted iterations
cap_mixed   [  22% ] 0016/0256 VUs  06m38.8s/30m0s  1900.00 iters/s

running (06m39.8s), 0021/0256 VUs, 759546 complete and 0 interrupted iterations
cap_mixed   [  22% ] 0021/0256 VUs  06m39.8s/30m0s  1900.00 iters/s

running (06m40.8s), 0012/0256 VUs, 761455 complete and 0 interrupted iterations
cap_mixed   [  22% ] 0012/0256 VUs  06m40.8s/30m0s  1900.00 iters/s

running (06m41.8s), 0013/0256 VUs, 763354 complete and 0 interrupted iterations
cap_mixed   [  22% ] 0013/0256 VUs  06m41.8s/30m0s  1900.00 iters/s

running (06m42.8s), 0010/0256 VUs, 765257 complete and 0 interrupted iterations
cap_mixed   [  22% ] 0010/0256 VUs  06m42.8s/30m0s  1900.00 iters/s

running (06m43.8s), 0011/0256 VUs, 767157 complete and 0 interrupted iterations
cap_mixed   [  22% ] 0011/0256 VUs  06m43.8s/30m0s  1900.00 iters/s

running (06m44.8s), 0019/0256 VUs, 769048 complete and 0 interrupted iterations
cap_mixed   [  22% ] 0019/0256 VUs  06m44.8s/30m0s  1900.00 iters/s

running (06m45.8s), 0012/0256 VUs, 770955 complete and 0 interrupted iterations
cap_mixed   [  23% ] 0012/0256 VUs  06m45.8s/30m0s  1900.00 iters/s

running (06m46.8s), 0008/0256 VUs, 772860 complete and 0 interrupted iterations
cap_mixed   [  23% ] 0008/0256 VUs  06m46.8s/30m0s  1900.00 iters/s

running (06m47.8s), 0007/0256 VUs, 774761 complete and 0 interrupted iterations
cap_mixed   [  23% ] 0007/0256 VUs  06m47.8s/30m0s  1900.00 iters/s

running (06m48.8s), 0013/0256 VUs, 776655 complete and 0 interrupted iterations
cap_mixed   [  23% ] 0013/0256 VUs  06m48.8s/30m0s  1900.00 iters/s

running (06m49.8s), 0010/0256 VUs, 778557 complete and 0 interrupted iterations
cap_mixed   [  23% ] 0010/0256 VUs  06m49.8s/30m0s  1900.00 iters/s

running (06m50.8s), 0014/0256 VUs, 780453 complete and 0 interrupted iterations
cap_mixed   [  23% ] 0014/0256 VUs  06m50.8s/30m0s  1900.00 iters/s

running (06m51.8s), 0008/0256 VUs, 782358 complete and 0 interrupted iterations
cap_mixed   [  23% ] 0009/0256 VUs  06m51.8s/30m0s  1900.00 iters/s

running (06m52.8s), 0009/0256 VUs, 784258 complete and 0 interrupted iterations
cap_mixed   [  23% ] 0009/0256 VUs  06m52.8s/30m0s  1900.00 iters/s

running (06m53.8s), 0013/0256 VUs, 786155 complete and 0 interrupted iterations
cap_mixed   [  23% ] 0013/0256 VUs  06m53.8s/30m0s  1900.00 iters/s

running (06m54.8s), 0012/0256 VUs, 788056 complete and 0 interrupted iterations
cap_mixed   [  23% ] 0012/0256 VUs  06m54.8s/30m0s  1900.00 iters/s

running (06m55.8s), 0010/0256 VUs, 789957 complete and 0 interrupted iterations
cap_mixed   [  23% ] 0010/0256 VUs  06m55.8s/30m0s  1900.00 iters/s

running (06m56.8s), 0011/0256 VUs, 791856 complete and 0 interrupted iterations
cap_mixed   [  23% ] 0011/0256 VUs  06m56.8s/30m0s  1900.00 iters/s

running (06m57.8s), 0009/0256 VUs, 793758 complete and 0 interrupted iterations
cap_mixed   [  23% ] 0009/0256 VUs  06m57.8s/30m0s  1900.00 iters/s

running (06m58.8s), 0011/0256 VUs, 795656 complete and 0 interrupted iterations
cap_mixed   [  23% ] 0011/0256 VUs  06m58.8s/30m0s  1900.00 iters/s

running (06m59.8s), 0014/0256 VUs, 797554 complete and 0 interrupted iterations
cap_mixed   [  23% ] 0014/0256 VUs  06m59.8s/30m0s  1900.00 iters/s

running (07m00.8s), 0012/0256 VUs, 799455 complete and 0 interrupted iterations
cap_mixed   [  23% ] 0012/0256 VUs  07m00.8s/30m0s  1900.00 iters/s

running (07m01.8s), 0012/0256 VUs, 801355 complete and 0 interrupted iterations
cap_mixed   [  23% ] 0012/0256 VUs  07m01.8s/30m0s  1900.00 iters/s

running (07m02.8s), 0013/0256 VUs, 803255 complete and 0 interrupted iterations
cap_mixed   [  23% ] 0013/0256 VUs  07m02.8s/30m0s  1900.00 iters/s

running (07m03.8s), 0026/0256 VUs, 805143 complete and 0 interrupted iterations
cap_mixed   [  24% ] 0026/0256 VUs  07m03.8s/30m0s  1900.00 iters/s

running (07m04.8s), 0017/0256 VUs, 807051 complete and 0 interrupted iterations
cap_mixed   [  24% ] 0017/0256 VUs  07m04.8s/30m0s  1900.00 iters/s

running (07m05.8s), 0015/0256 VUs, 808952 complete and 0 interrupted iterations
cap_mixed   [  24% ] 0015/0256 VUs  07m05.8s/30m0s  1900.00 iters/s

running (07m06.8s), 0012/0256 VUs, 810856 complete and 0 interrupted iterations
cap_mixed   [  24% ] 0012/0256 VUs  07m06.8s/30m0s  1900.00 iters/s

running (07m07.8s), 0013/0256 VUs, 812754 complete and 0 interrupted iterations
cap_mixed   [  24% ] 0013/0256 VUs  07m07.8s/30m0s  1900.00 iters/s

running (07m08.8s), 0017/0256 VUs, 814651 complete and 0 interrupted iterations
cap_mixed   [  24% ] 0017/0256 VUs  07m08.8s/30m0s  1900.00 iters/s

running (07m09.8s), 0015/0256 VUs, 816553 complete and 0 interrupted iterations
cap_mixed   [  24% ] 0015/0256 VUs  07m09.8s/30m0s  1900.00 iters/s

running (07m10.8s), 0013/0256 VUs, 818454 complete and 0 interrupted iterations
cap_mixed   [  24% ] 0013/0256 VUs  07m10.8s/30m0s  1900.00 iters/s

running (07m11.8s), 0013/0256 VUs, 820354 complete and 0 interrupted iterations
cap_mixed   [  24% ] 0013/0256 VUs  07m11.8s/30m0s  1900.00 iters/s

running (07m12.8s), 0010/0256 VUs, 822257 complete and 0 interrupted iterations
cap_mixed   [  24% ] 0010/0256 VUs  07m12.8s/30m0s  1900.00 iters/s

running (07m13.8s), 0014/0256 VUs, 824153 complete and 0 interrupted iterations
cap_mixed   [  24% ] 0014/0256 VUs  07m13.8s/30m0s  1900.00 iters/s

running (07m14.8s), 0013/0256 VUs, 826055 complete and 0 interrupted iterations
cap_mixed   [  24% ] 0013/0256 VUs  07m14.8s/30m0s  1900.00 iters/s

running (07m15.8s), 0013/0256 VUs, 827954 complete and 0 interrupted iterations
cap_mixed   [  24% ] 0013/0256 VUs  07m15.8s/30m0s  1900.00 iters/s

running (07m16.8s), 0025/0256 VUs, 829842 complete and 0 interrupted iterations
cap_mixed   [  24% ] 0025/0256 VUs  07m16.8s/30m0s  1900.00 iters/s

running (07m17.8s), 0012/0256 VUs, 831756 complete and 0 interrupted iterations
cap_mixed   [  24% ] 0012/0256 VUs  07m17.8s/30m0s  1900.00 iters/s

running (07m18.8s), 0010/0256 VUs, 833657 complete and 0 interrupted iterations
cap_mixed   [  24% ] 0010/0256 VUs  07m18.8s/30m0s  1900.00 iters/s

running (07m19.8s), 0013/0256 VUs, 835555 complete and 0 interrupted iterations
cap_mixed   [  24% ] 0013/0256 VUs  07m19.8s/30m0s  1900.00 iters/s

running (07m20.8s), 0012/0256 VUs, 837455 complete and 0 interrupted iterations
cap_mixed   [  24% ] 0012/0256 VUs  07m20.8s/30m0s  1900.00 iters/s

running (07m21.8s), 0012/0256 VUs, 839356 complete and 0 interrupted iterations
cap_mixed   [  25% ] 0012/0256 VUs  07m21.8s/30m0s  1900.00 iters/s

running (07m22.8s), 0009/0256 VUs, 841258 complete and 0 interrupted iterations
cap_mixed   [  25% ] 0009/0256 VUs  07m22.8s/30m0s  1900.00 iters/s

running (07m23.8s), 0012/0256 VUs, 843156 complete and 0 interrupted iterations
cap_mixed   [  25% ] 0012/0256 VUs  07m23.8s/30m0s  1900.00 iters/s

running (07m24.8s), 0013/0256 VUs, 845054 complete and 0 interrupted iterations
cap_mixed   [  25% ] 0013/0256 VUs  07m24.8s/30m0s  1900.00 iters/s

running (07m25.8s), 0010/0256 VUs, 846957 complete and 0 interrupted iterations
cap_mixed   [  25% ] 0010/0256 VUs  07m25.8s/30m0s  1900.00 iters/s

running (07m26.8s), 0011/0256 VUs, 848856 complete and 0 interrupted iterations
cap_mixed   [  25% ] 0012/0256 VUs  07m26.8s/30m0s  1900.00 iters/s

running (07m27.8s), 0015/0256 VUs, 850752 complete and 0 interrupted iterations
cap_mixed   [  25% ] 0015/0256 VUs  07m27.8s/30m0s  1900.00 iters/s

running (07m28.8s), 0014/0256 VUs, 852654 complete and 0 interrupted iterations
cap_mixed   [  25% ] 0014/0256 VUs  07m28.8s/30m0s  1900.00 iters/s

running (07m29.8s), 0016/0256 VUs, 854551 complete and 0 interrupted iterations
cap_mixed   [  25% ] 0016/0256 VUs  07m29.8s/30m0s  1900.00 iters/s

running (07m30.8s), 0016/0256 VUs, 856451 complete and 0 interrupted iterations
cap_mixed   [  25% ] 0015/0256 VUs  07m30.8s/30m0s  1900.00 iters/s

running (07m31.8s), 0006/0256 VUs, 858361 complete and 0 interrupted iterations
cap_mixed   [  25% ] 0006/0256 VUs  07m31.8s/30m0s  1900.00 iters/s

running (07m32.8s), 0025/0256 VUs, 860243 complete and 0 interrupted iterations
cap_mixed   [  25% ] 0025/0256 VUs  07m32.8s/30m0s  1900.00 iters/s

running (07m33.8s), 0017/0256 VUs, 862150 complete and 0 interrupted iterations
cap_mixed   [  25% ] 0017/0256 VUs  07m33.8s/30m0s  1900.00 iters/s

running (07m34.8s), 0013/0256 VUs, 864055 complete and 0 interrupted iterations
cap_mixed   [  25% ] 0013/0256 VUs  07m34.8s/30m0s  1900.00 iters/s

running (07m35.8s), 0009/0256 VUs, 865959 complete and 0 interrupted iterations
cap_mixed   [  25% ] 0009/0256 VUs  07m35.8s/30m0s  1900.00 iters/s

running (07m36.8s), 0021/0256 VUs, 867846 complete and 0 interrupted iterations
cap_mixed   [  25% ] 0021/0256 VUs  07m36.8s/30m0s  1900.00 iters/s

running (07m37.8s), 0013/0256 VUs, 869755 complete and 0 interrupted iterations
cap_mixed   [  25% ] 0013/0256 VUs  07m37.8s/30m0s  1900.00 iters/s

running (07m38.8s), 0007/0256 VUs, 871660 complete and 0 interrupted iterations
cap_mixed   [  25% ] 0007/0256 VUs  07m38.8s/30m0s  1900.00 iters/s

running (07m39.8s), 0015/0256 VUs, 873552 complete and 0 interrupted iterations
cap_mixed   [  26% ] 0015/0256 VUs  07m39.8s/30m0s  1900.00 iters/s

running (07m40.8s), 0008/0256 VUs, 875459 complete and 0 interrupted iterations
cap_mixed   [  26% ] 0008/0256 VUs  07m40.8s/30m0s  1900.00 iters/s

running (07m41.8s), 0011/0256 VUs, 877356 complete and 0 interrupted iterations
cap_mixed   [  26% ] 0011/0256 VUs  07m41.8s/30m0s  1900.00 iters/s

running (07m42.8s), 0012/0256 VUs, 879256 complete and 0 interrupted iterations
cap_mixed   [  26% ] 0012/0256 VUs  07m42.8s/30m0s  1900.00 iters/s

running (07m43.8s), 0018/0256 VUs, 881149 complete and 0 interrupted iterations
cap_mixed   [  26% ] 0018/0256 VUs  07m43.8s/30m0s  1900.00 iters/s

running (07m44.8s), 0010/0256 VUs, 883058 complete and 0 interrupted iterations
cap_mixed   [  26% ] 0010/0256 VUs  07m44.8s/30m0s  1900.00 iters/s

running (07m45.8s), 0011/0256 VUs, 884956 complete and 0 interrupted iterations
cap_mixed   [  26% ] 0011/0256 VUs  07m45.8s/30m0s  1900.00 iters/s

running (07m46.8s), 0011/0256 VUs, 886856 complete and 0 interrupted iterations
cap_mixed   [  26% ] 0011/0256 VUs  07m46.8s/30m0s  1900.00 iters/s

running (07m47.8s), 0012/0256 VUs, 888755 complete and 0 interrupted iterations
cap_mixed   [  26% ] 0012/0256 VUs  07m47.8s/30m0s  1900.00 iters/s

running (07m48.8s), 0013/0256 VUs, 890655 complete and 0 interrupted iterations
cap_mixed   [  26% ] 0013/0256 VUs  07m48.8s/30m0s  1900.00 iters/s

running (07m49.8s), 0010/0256 VUs, 892558 complete and 0 interrupted iterations
cap_mixed   [  26% ] 0010/0256 VUs  07m49.8s/30m0s  1900.00 iters/s

running (07m50.8s), 0017/0256 VUs, 894450 complete and 0 interrupted iterations
cap_mixed   [  26% ] 0017/0256 VUs  07m50.8s/30m0s  1900.00 iters/s

running (07m51.8s), 0012/0256 VUs, 896356 complete and 0 interrupted iterations
cap_mixed   [  26% ] 0012/0256 VUs  07m51.8s/30m0s  1900.00 iters/s

running (07m52.8s), 0014/0256 VUs, 898254 complete and 0 interrupted iterations
cap_mixed   [  26% ] 0014/0256 VUs  07m52.8s/30m0s  1900.00 iters/s

running (07m53.8s), 0016/0256 VUs, 900151 complete and 0 interrupted iterations
cap_mixed   [  26% ] 0016/0256 VUs  07m53.8s/30m0s  1900.00 iters/s

running (07m54.8s), 0009/0256 VUs, 902059 complete and 0 interrupted iterations
cap_mixed   [  26% ] 0009/0256 VUs  07m54.8s/30m0s  1900.00 iters/s

running (07m55.8s), 0015/0256 VUs, 903953 complete and 0 interrupted iterations
cap_mixed   [  26% ] 0015/0256 VUs  07m55.8s/30m0s  1900.00 iters/s

running (07m56.8s), 0018/0256 VUs, 905849 complete and 0 interrupted iterations
cap_mixed   [  26% ] 0018/0256 VUs  07m56.8s/30m0s  1900.00 iters/s

running (07m57.8s), 0032/0256 VUs, 907736 complete and 0 interrupted iterations
cap_mixed   [  27% ] 0032/0256 VUs  07m57.8s/30m0s  1900.00 iters/s

running (07m58.8s), 0013/0256 VUs, 909655 complete and 0 interrupted iterations
cap_mixed   [  27% ] 0013/0256 VUs  07m58.8s/30m0s  1900.00 iters/s

running (07m59.8s), 0012/0256 VUs, 911555 complete and 0 interrupted iterations
cap_mixed   [  27% ] 0012/0256 VUs  07m59.8s/30m0s  1900.00 iters/s

running (08m00.8s), 0021/0256 VUs, 913446 complete and 0 interrupted iterations
cap_mixed   [  27% ] 0021/0256 VUs  08m00.8s/30m0s  1900.00 iters/s

running (08m01.8s), 0020/0256 VUs, 915347 complete and 0 interrupted iterations
cap_mixed   [  27% ] 0020/0256 VUs  08m01.8s/30m0s  1900.00 iters/s

running (08m02.8s), 0015/0256 VUs, 917253 complete and 0 interrupted iterations
cap_mixed   [  27% ] 0015/0256 VUs  08m02.8s/30m0s  1900.00 iters/s

running (08m03.8s), 0010/0256 VUs, 919158 complete and 0 interrupted iterations
cap_mixed   [  27% ] 0010/0256 VUs  08m03.8s/30m0s  1900.00 iters/s

running (08m04.8s), 0013/0256 VUs, 921055 complete and 0 interrupted iterations
cap_mixed   [  27% ] 0013/0256 VUs  08m04.8s/30m0s  1900.00 iters/s

running (08m05.8s), 0013/0256 VUs, 922954 complete and 0 interrupted iterations
cap_mixed   [  27% ] 0013/0256 VUs  08m05.8s/30m0s  1900.00 iters/s

running (08m06.8s), 0013/0256 VUs, 924855 complete and 0 interrupted iterations
cap_mixed   [  27% ] 0013/0256 VUs  08m06.8s/30m0s  1900.00 iters/s

running (08m07.8s), 0010/0256 VUs, 926757 complete and 0 interrupted iterations
cap_mixed   [  27% ] 0010/0256 VUs  08m07.8s/30m0s  1900.00 iters/s

running (08m08.8s), 0008/0256 VUs, 928660 complete and 0 interrupted iterations
cap_mixed   [  27% ] 0008/0256 VUs  08m08.8s/30m0s  1900.00 iters/s

running (08m09.8s), 0015/0256 VUs, 930553 complete and 0 interrupted iterations
cap_mixed   [  27% ] 0015/0256 VUs  08m09.8s/30m0s  1900.00 iters/s

running (08m10.8s), 0016/0256 VUs, 932451 complete and 0 interrupted iterations
cap_mixed   [  27% ] 0016/0256 VUs  08m10.8s/30m0s  1900.00 iters/s

running (08m11.8s), 0015/0256 VUs, 934353 complete and 0 interrupted iterations
cap_mixed   [  27% ] 0015/0256 VUs  08m11.8s/30m0s  1900.00 iters/s

running (08m12.8s), 0015/0256 VUs, 936253 complete and 0 interrupted iterations
cap_mixed   [  27% ] 0015/0256 VUs  08m12.8s/30m0s  1900.00 iters/s

running (08m13.8s), 0014/0256 VUs, 938153 complete and 0 interrupted iterations
cap_mixed   [  27% ] 0014/0256 VUs  08m13.8s/30m0s  1900.00 iters/s

running (08m14.8s), 0007/0256 VUs, 940060 complete and 0 interrupted iterations
cap_mixed   [  27% ] 0007/0256 VUs  08m14.8s/30m0s  1900.00 iters/s

running (08m15.8s), 0014/0256 VUs, 941954 complete and 0 interrupted iterations
cap_mixed   [  28% ] 0014/0256 VUs  08m15.8s/30m0s  1900.00 iters/s

running (08m16.8s), 0009/0256 VUs, 943859 complete and 0 interrupted iterations
cap_mixed   [  28% ] 0009/0256 VUs  08m16.8s/30m0s  1900.00 iters/s

running (08m17.8s), 0012/0256 VUs, 945756 complete and 0 interrupted iterations
cap_mixed   [  28% ] 0011/0256 VUs  08m17.8s/30m0s  1900.00 iters/s

running (08m18.8s), 0014/0256 VUs, 947654 complete and 0 interrupted iterations
cap_mixed   [  28% ] 0014/0256 VUs  08m18.8s/30m0s  1900.00 iters/s

running (08m19.8s), 0009/0256 VUs, 949559 complete and 0 interrupted iterations
cap_mixed   [  28% ] 0009/0256 VUs  08m19.8s/30m0s  1900.00 iters/s

running (08m20.8s), 0014/0256 VUs, 951453 complete and 0 interrupted iterations
cap_mixed   [  28% ] 0014/0256 VUs  08m20.8s/30m0s  1900.00 iters/s

running (08m21.8s), 0016/0256 VUs, 953350 complete and 0 interrupted iterations
cap_mixed   [  28% ] 0016/0256 VUs  08m21.8s/30m0s  1900.00 iters/s

running (08m22.8s), 0009/0256 VUs, 955259 complete and 0 interrupted iterations
cap_mixed   [  28% ] 0009/0256 VUs  08m22.8s/30m0s  1900.00 iters/s

running (08m23.8s), 0008/0256 VUs, 957160 complete and 0 interrupted iterations
cap_mixed   [  28% ] 0008/0256 VUs  08m23.8s/30m0s  1900.00 iters/s

running (08m24.8s), 0014/0256 VUs, 959054 complete and 0 interrupted iterations
cap_mixed   [  28% ] 0014/0256 VUs  08m24.8s/30m0s  1900.00 iters/s

running (08m25.8s), 0015/0256 VUs, 960953 complete and 0 interrupted iterations
cap_mixed   [  28% ] 0015/0256 VUs  08m25.8s/30m0s  1900.00 iters/s

running (08m26.8s), 0019/0256 VUs, 962849 complete and 0 interrupted iterations
cap_mixed   [  28% ] 0019/0256 VUs  08m26.8s/30m0s  1900.00 iters/s

running (08m27.8s), 0012/0256 VUs, 964756 complete and 0 interrupted iterations
cap_mixed   [  28% ] 0012/0256 VUs  08m27.8s/30m0s  1900.00 iters/s

running (08m28.8s), 0016/0256 VUs, 966652 complete and 0 interrupted iterations
cap_mixed   [  28% ] 0016/0256 VUs  08m28.8s/30m0s  1900.00 iters/s

running (08m29.8s), 0013/0256 VUs, 968555 complete and 0 interrupted iterations
cap_mixed   [  28% ] 0013/0256 VUs  08m29.8s/30m0s  1900.00 iters/s

running (08m30.8s), 0011/0256 VUs, 970457 complete and 0 interrupted iterations
cap_mixed   [  28% ] 0011/0256 VUs  08m30.8s/30m0s  1900.00 iters/s

running (08m31.8s), 0010/0256 VUs, 972358 complete and 0 interrupted iterations
cap_mixed   [  28% ] 0010/0256 VUs  08m31.8s/30m0s  1900.00 iters/s

running (08m32.8s), 0010/0256 VUs, 974258 complete and 0 interrupted iterations
cap_mixed   [  28% ] 0010/0256 VUs  08m32.8s/30m0s  1900.00 iters/s

running (08m33.8s), 0017/0256 VUs, 976151 complete and 0 interrupted iterations
cap_mixed   [  29% ] 0017/0256 VUs  08m33.8s/30m0s  1900.00 iters/s

running (08m34.8s), 0012/0256 VUs, 978055 complete and 0 interrupted iterations
cap_mixed   [  29% ] 0012/0256 VUs  08m34.8s/30m0s  1900.00 iters/s

running (08m35.8s), 0011/0256 VUs, 979957 complete and 0 interrupted iterations
cap_mixed   [  29% ] 0011/0256 VUs  08m35.8s/30m0s  1900.00 iters/s

running (08m36.8s), 0015/0256 VUs, 981853 complete and 0 interrupted iterations
cap_mixed   [  29% ] 0015/0256 VUs  08m36.8s/30m0s  1900.00 iters/s

running (08m37.8s), 0013/0256 VUs, 983754 complete and 0 interrupted iterations
cap_mixed   [  29% ] 0014/0256 VUs  08m37.8s/30m0s  1900.00 iters/s

running (08m38.8s), 0014/0256 VUs, 985654 complete and 0 interrupted iterations
cap_mixed   [  29% ] 0014/0256 VUs  08m38.8s/30m0s  1900.00 iters/s

running (08m39.8s), 0012/0256 VUs, 987556 complete and 0 interrupted iterations
cap_mixed   [  29% ] 0012/0256 VUs  08m39.8s/30m0s  1900.00 iters/s

running (08m40.8s), 0014/0256 VUs, 989454 complete and 0 interrupted iterations
cap_mixed   [  29% ] 0014/0256 VUs  08m40.8s/30m0s  1900.00 iters/s

running (08m41.8s), 0013/0256 VUs, 991355 complete and 0 interrupted iterations
cap_mixed   [  29% ] 0013/0256 VUs  08m41.8s/30m0s  1900.00 iters/s

running (08m42.8s), 0012/0256 VUs, 993256 complete and 0 interrupted iterations
cap_mixed   [  29% ] 0012/0256 VUs  08m42.8s/30m0s  1900.00 iters/s

running (08m43.8s), 0016/0256 VUs, 995152 complete and 0 interrupted iterations
cap_mixed   [  29% ] 0016/0256 VUs  08m43.8s/30m0s  1900.00 iters/s

running (08m44.8s), 0013/0256 VUs, 997056 complete and 0 interrupted iterations
cap_mixed   [  29% ] 0013/0256 VUs  08m44.8s/30m0s  1900.00 iters/s

running (08m45.8s), 0007/0256 VUs, 998961 complete and 0 interrupted iterations
cap_mixed   [  29% ] 0007/0256 VUs  08m45.8s/30m0s  1900.00 iters/s

running (08m46.8s), 0025/0256 VUs, 1000844 complete and 0 interrupted iterations
cap_mixed   [  29% ] 0025/0256 VUs  08m46.8s/30m0s  1900.00 iters/s

running (08m47.8s), 0008/0256 VUs, 1002761 complete and 0 interrupted iterations
cap_mixed   [  29% ] 0008/0256 VUs  08m47.8s/30m0s  1900.00 iters/s

running (08m48.8s), 0010/0256 VUs, 1004658 complete and 0 interrupted iterations
cap_mixed   [  29% ] 0010/0256 VUs  08m48.8s/30m0s  1900.00 iters/s

running (08m49.8s), 0017/0256 VUs, 1006551 complete and 0 interrupted iterations
cap_mixed   [  29% ] 0017/0256 VUs  08m49.8s/30m0s  1900.00 iters/s

running (08m50.8s), 0009/0256 VUs, 1008459 complete and 0 interrupted iterations
cap_mixed   [  29% ] 0009/0256 VUs  08m50.8s/30m0s  1900.00 iters/s

running (08m51.8s), 0012/0256 VUs, 1010357 complete and 0 interrupted iterations
cap_mixed   [  30% ] 0012/0256 VUs  08m51.8s/30m0s  1900.00 iters/s

running (08m52.8s), 0021/0256 VUs, 1012247 complete and 0 interrupted iterations
cap_mixed   [  30% ] 0021/0256 VUs  08m52.8s/30m0s  1900.00 iters/s

running (08m53.8s), 0014/0256 VUs, 1014154 complete and 0 interrupted iterations
cap_mixed   [  30% ] 0014/0256 VUs  08m53.8s/30m0s  1900.00 iters/s

running (08m54.8s), 0012/0256 VUs, 1016056 complete and 0 interrupted iterations
cap_mixed   [  30% ] 0012/0256 VUs  08m54.8s/30m0s  1900.00 iters/s

running (08m55.8s), 0016/0256 VUs, 1017952 complete and 0 interrupted iterations
cap_mixed   [  30% ] 0016/0256 VUs  08m55.8s/30m0s  1900.00 iters/s

running (08m56.8s), 0011/0256 VUs, 1019857 complete and 0 interrupted iterations
cap_mixed   [  30% ] 0011/0256 VUs  08m56.8s/30m0s  1900.00 iters/s

running (08m57.8s), 0008/0256 VUs, 1021759 complete and 0 interrupted iterations
cap_mixed   [  30% ] 0009/0256 VUs  08m57.8s/30m0s  1900.00 iters/s

running (08m58.8s), 0016/0256 VUs, 1023652 complete and 0 interrupted iterations
cap_mixed   [  30% ] 0016/0256 VUs  08m58.8s/30m0s  1900.00 iters/s

running (08m59.8s), 0016/0256 VUs, 1025552 complete and 0 interrupted iterations
cap_mixed   [  30% ] 0016/0256 VUs  08m59.8s/30m0s  1900.00 iters/s

running (09m00.8s), 0011/0256 VUs, 1027457 complete and 0 interrupted iterations
cap_mixed   [  30% ] 0011/0256 VUs  09m00.8s/30m0s  1900.00 iters/s

running (09m01.8s), 0024/0256 VUs, 1029344 complete and 0 interrupted iterations
cap_mixed   [  30% ] 0024/0256 VUs  09m01.8s/30m0s  1900.00 iters/s

running (09m02.8s), 0014/0256 VUs, 1031254 complete and 0 interrupted iterations
cap_mixed   [  30% ] 0014/0256 VUs  09m02.8s/30m0s  1900.00 iters/s

running (09m03.8s), 0014/0256 VUs, 1033154 complete and 0 interrupted iterations
cap_mixed   [  30% ] 0014/0256 VUs  09m03.8s/30m0s  1900.00 iters/s

running (09m04.8s), 0011/0256 VUs, 1035057 complete and 0 interrupted iterations
cap_mixed   [  30% ] 0011/0256 VUs  09m04.8s/30m0s  1900.00 iters/s

running (09m05.8s), 0015/0256 VUs, 1036954 complete and 0 interrupted iterations
cap_mixed   [  30% ] 0015/0256 VUs  09m05.8s/30m0s  1900.00 iters/s

running (09m06.8s), 0018/0256 VUs, 1038850 complete and 0 interrupted iterations
cap_mixed   [  30% ] 0018/0256 VUs  09m06.8s/30m0s  1900.00 iters/s

running (09m07.8s), 0013/0256 VUs, 1040755 complete and 0 interrupted iterations
cap_mixed   [  30% ] 0013/0256 VUs  09m07.8s/30m0s  1900.00 iters/s

running (09m08.8s), 0014/0256 VUs, 1042654 complete and 0 interrupted iterations
cap_mixed   [  30% ] 0014/0256 VUs  09m08.8s/30m0s  1900.00 iters/s

running (09m09.8s), 0014/0256 VUs, 1044554 complete and 0 interrupted iterations
cap_mixed   [  31% ] 0014/0256 VUs  09m09.8s/30m0s  1900.00 iters/s

running (09m10.8s), 0010/0256 VUs, 1046459 complete and 0 interrupted iterations
cap_mixed   [  31% ] 0010/0256 VUs  09m10.8s/30m0s  1900.00 iters/s

running (09m11.8s), 0015/0256 VUs, 1048353 complete and 0 interrupted iterations
cap_mixed   [  31% ] 0015/0256 VUs  09m11.8s/30m0s  1900.00 iters/s

running (09m12.8s), 0023/0256 VUs, 1050245 complete and 0 interrupted iterations
cap_mixed   [  31% ] 0023/0256 VUs  09m12.8s/30m0s  1900.00 iters/s

running (09m13.8s), 0009/0256 VUs, 1052159 complete and 0 interrupted iterations
cap_mixed   [  31% ] 0009/0256 VUs  09m13.8s/30m0s  1900.00 iters/s

running (09m14.8s), 0011/0256 VUs, 1054057 complete and 0 interrupted iterations
cap_mixed   [  31% ] 0011/0256 VUs  09m14.8s/30m0s  1900.00 iters/s

running (09m15.8s), 0010/0256 VUs, 1055958 complete and 0 interrupted iterations
cap_mixed   [  31% ] 0010/0256 VUs  09m15.8s/30m0s  1900.00 iters/s

running (09m16.8s), 0014/0256 VUs, 1057854 complete and 0 interrupted iterations
cap_mixed   [  31% ] 0014/0256 VUs  09m16.8s/30m0s  1900.00 iters/s

running (09m17.8s), 0016/0256 VUs, 1059752 complete and 0 interrupted iterations
cap_mixed   [  31% ] 0016/0256 VUs  09m17.8s/30m0s  1900.00 iters/s

running (09m18.8s), 0014/0256 VUs, 1061654 complete and 0 interrupted iterations
cap_mixed   [  31% ] 0014/0256 VUs  09m18.8s/30m0s  1900.00 iters/s

running (09m19.8s), 0012/0256 VUs, 1063556 complete and 0 interrupted iterations
cap_mixed   [  31% ] 0012/0256 VUs  09m19.8s/30m0s  1900.00 iters/s

running (09m20.8s), 0011/0256 VUs, 1065457 complete and 0 interrupted iterations
cap_mixed   [  31% ] 0011/0256 VUs  09m20.8s/30m0s  1900.00 iters/s

running (09m21.8s), 0010/0256 VUs, 1067358 complete and 0 interrupted iterations
cap_mixed   [  31% ] 0010/0256 VUs  09m21.8s/30m0s  1900.00 iters/s

running (09m22.8s), 0042/0256 VUs, 1069226 complete and 0 interrupted iterations
cap_mixed   [  31% ] 0042/0256 VUs  09m22.8s/30m0s  1900.00 iters/s

running (09m23.8s), 0022/0256 VUs, 1071146 complete and 0 interrupted iterations
cap_mixed   [  31% ] 0022/0256 VUs  09m23.8s/30m0s  1900.00 iters/s

running (09m24.8s), 0010/0256 VUs, 1073058 complete and 0 interrupted iterations
cap_mixed   [  31% ] 0010/0256 VUs  09m24.8s/30m0s  1900.00 iters/s

running (09m25.8s), 0025/0256 VUs, 1074943 complete and 0 interrupted iterations
cap_mixed   [  31% ] 0025/0256 VUs  09m25.8s/30m0s  1900.00 iters/s

running (09m26.8s), 0009/0256 VUs, 1076859 complete and 0 interrupted iterations
cap_mixed   [  31% ] 0009/0256 VUs  09m26.8s/30m0s  1900.00 iters/s

running (09m27.8s), 0014/0256 VUs, 1078754 complete and 0 interrupted iterations
cap_mixed   [  32% ] 0014/0256 VUs  09m27.8s/30m0s  1900.00 iters/s

running (09m28.8s), 0016/0256 VUs, 1080652 complete and 0 interrupted iterations
cap_mixed   [  32% ] 0016/0256 VUs  09m28.8s/30m0s  1900.00 iters/s

running (09m29.8s), 0016/0256 VUs, 1082552 complete and 0 interrupted iterations
cap_mixed   [  32% ] 0016/0256 VUs  09m29.8s/30m0s  1900.00 iters/s

running (09m30.8s), 0013/0256 VUs, 1084455 complete and 0 interrupted iterations
cap_mixed   [  32% ] 0013/0256 VUs  09m30.8s/30m0s  1900.00 iters/s

running (09m31.8s), 0011/0256 VUs, 1086357 complete and 0 interrupted iterations
cap_mixed   [  32% ] 0011/0256 VUs  09m31.8s/30m0s  1900.00 iters/s

running (09m32.8s), 0011/0256 VUs, 1088257 complete and 0 interrupted iterations
cap_mixed   [  32% ] 0011/0256 VUs  09m32.8s/30m0s  1900.00 iters/s

running (09m33.8s), 0018/0256 VUs, 1090150 complete and 0 interrupted iterations
cap_mixed   [  32% ] 0018/0256 VUs  09m33.8s/30m0s  1900.00 iters/s

running (09m34.8s), 0015/0256 VUs, 1092051 complete and 0 interrupted iterations
cap_mixed   [  32% ] 0015/0256 VUs  09m34.8s/30m0s  1900.00 iters/s

running (09m35.8s), 0018/0256 VUs, 1093950 complete and 0 interrupted iterations
cap_mixed   [  32% ] 0018/0256 VUs  09m35.8s/30m0s  1900.00 iters/s

running (09m36.8s), 0011/0256 VUs, 1095857 complete and 0 interrupted iterations
cap_mixed   [  32% ] 0011/0256 VUs  09m36.8s/30m0s  1900.00 iters/s

running (09m37.8s), 0011/0256 VUs, 1097757 complete and 0 interrupted iterations
cap_mixed   [  32% ] 0011/0256 VUs  09m37.8s/30m0s  1900.00 iters/s

running (09m38.8s), 0010/0256 VUs, 1099658 complete and 0 interrupted iterations
cap_mixed   [  32% ] 0010/0256 VUs  09m38.8s/30m0s  1900.00 iters/s

running (09m39.8s), 0010/0256 VUs, 1101558 complete and 0 interrupted iterations
cap_mixed   [  32% ] 0010/0256 VUs  09m39.8s/30m0s  1900.00 iters/s

running (09m40.8s), 0015/0256 VUs, 1103452 complete and 0 interrupted iterations
cap_mixed   [  32% ] 0015/0256 VUs  09m40.8s/30m0s  1900.00 iters/s

running (09m41.8s), 0020/0256 VUs, 1105348 complete and 0 interrupted iterations
cap_mixed   [  32% ] 0020/0256 VUs  09m41.8s/30m0s  1900.00 iters/s

running (09m42.8s), 0013/0256 VUs, 1107255 complete and 0 interrupted iterations
cap_mixed   [  32% ] 0013/0256 VUs  09m42.8s/30m0s  1900.00 iters/s

running (09m43.8s), 0009/0256 VUs, 1109159 complete and 0 interrupted iterations
cap_mixed   [  32% ] 0009/0256 VUs  09m43.8s/30m0s  1900.00 iters/s

running (09m44.8s), 0010/0256 VUs, 1111058 complete and 0 interrupted iterations
cap_mixed   [  32% ] 0010/0256 VUs  09m44.8s/30m0s  1900.00 iters/s

running (09m45.8s), 0012/0256 VUs, 1112955 complete and 0 interrupted iterations
cap_mixed   [  33% ] 0013/0256 VUs  09m45.8s/30m0s  1900.00 iters/s

running (09m46.8s), 0010/0256 VUs, 1114859 complete and 0 interrupted iterations
cap_mixed   [  33% ] 0010/0256 VUs  09m46.8s/30m0s  1900.00 iters/s

running (09m47.8s), 0016/0256 VUs, 1116752 complete and 0 interrupted iterations
cap_mixed   [  33% ] 0016/0256 VUs  09m47.8s/30m0s  1900.00 iters/s

running (09m48.8s), 0012/0256 VUs, 1118656 complete and 0 interrupted iterations
cap_mixed   [  33% ] 0012/0256 VUs  09m48.8s/30m0s  1900.00 iters/s

running (09m49.8s), 0018/0256 VUs, 1120550 complete and 0 interrupted iterations
cap_mixed   [  33% ] 0018/0256 VUs  09m49.8s/30m0s  1900.00 iters/s

running (09m50.8s), 0016/0256 VUs, 1122452 complete and 0 interrupted iterations
cap_mixed   [  33% ] 0016/0256 VUs  09m50.8s/30m0s  1900.00 iters/s

running (09m51.8s), 0009/0256 VUs, 1124359 complete and 0 interrupted iterations
cap_mixed   [  33% ] 0009/0256 VUs  09m51.8s/30m0s  1900.00 iters/s

running (09m52.8s), 0016/0256 VUs, 1126252 complete and 0 interrupted iterations
cap_mixed   [  33% ] 0016/0256 VUs  09m52.8s/30m0s  1900.00 iters/s

running (09m53.8s), 0011/0256 VUs, 1128157 complete and 0 interrupted iterations
cap_mixed   [  33% ] 0011/0256 VUs  09m53.8s/30m0s  1900.00 iters/s

running (09m54.8s), 0009/0256 VUs, 1130059 complete and 0 interrupted iterations
cap_mixed   [  33% ] 0009/0256 VUs  09m54.8s/30m0s  1900.00 iters/s

running (09m55.8s), 0022/0256 VUs, 1131947 complete and 0 interrupted iterations
cap_mixed   [  33% ] 0022/0256 VUs  09m55.8s/30m0s  1900.00 iters/s

running (09m56.8s), 0013/0256 VUs, 1133855 complete and 0 interrupted iterations
cap_mixed   [  33% ] 0013/0256 VUs  09m56.8s/30m0s  1900.00 iters/s

running (09m57.8s), 0010/0256 VUs, 1135758 complete and 0 interrupted iterations
cap_mixed   [  33% ] 0010/0256 VUs  09m57.8s/30m0s  1900.00 iters/s

running (09m58.8s), 0014/0256 VUs, 1137654 complete and 0 interrupted iterations
cap_mixed   [  33% ] 0014/0256 VUs  09m58.8s/30m0s  1900.00 iters/s

running (09m59.8s), 0015/0256 VUs, 1139553 complete and 0 interrupted iterations
cap_mixed   [  33% ] 0014/0256 VUs  09m59.8s/30m0s  1900.00 iters/s

running (10m00.8s), 0009/0256 VUs, 1141459 complete and 0 interrupted iterations
cap_mixed   [  33% ] 0009/0256 VUs  10m00.8s/30m0s  1900.00 iters/s

running (10m01.8s), 0011/0256 VUs, 1143358 complete and 0 interrupted iterations
cap_mixed   [  33% ] 0011/0256 VUs  10m01.8s/30m0s  1900.00 iters/s

running (10m02.8s), 0008/0256 VUs, 1145260 complete and 0 interrupted iterations
cap_mixed   [  33% ] 0008/0256 VUs  10m02.8s/30m0s  1900.00 iters/s

running (10m03.8s), 0017/0256 VUs, 1147151 complete and 0 interrupted iterations
cap_mixed   [  34% ] 0017/0256 VUs  10m03.8s/30m0s  1900.00 iters/s

running (10m04.8s), 0014/0256 VUs, 1149054 complete and 0 interrupted iterations
cap_mixed   [  34% ] 0014/0256 VUs  10m04.8s/30m0s  1900.00 iters/s

running (10m05.8s), 0014/0256 VUs, 1150954 complete and 0 interrupted iterations
cap_mixed   [  34% ] 0014/0256 VUs  10m05.8s/30m0s  1900.00 iters/s

running (10m06.8s), 0012/0256 VUs, 1152856 complete and 0 interrupted iterations
cap_mixed   [  34% ] 0012/0256 VUs  10m06.8s/30m0s  1900.00 iters/s

running (10m07.8s), 0007/0256 VUs, 1154761 complete and 0 interrupted iterations
cap_mixed   [  34% ] 0007/0256 VUs  10m07.8s/30m0s  1900.00 iters/s

running (10m08.8s), 0012/0256 VUs, 1156656 complete and 0 interrupted iterations
cap_mixed   [  34% ] 0012/0256 VUs  10m08.8s/30m0s  1900.00 iters/s

running (10m09.8s), 0013/0256 VUs, 1158555 complete and 0 interrupted iterations
cap_mixed   [  34% ] 0013/0256 VUs  10m09.8s/30m0s  1900.00 iters/s

running (10m10.8s), 0017/0256 VUs, 1160451 complete and 0 interrupted iterations
cap_mixed   [  34% ] 0017/0256 VUs  10m10.8s/30m0s  1900.00 iters/s

running (10m11.8s), 0009/0256 VUs, 1162359 complete and 0 interrupted iterations
cap_mixed   [  34% ] 0009/0256 VUs  10m11.8s/30m0s  1900.00 iters/s

running (10m12.8s), 0011/0256 VUs, 1164257 complete and 0 interrupted iterations
cap_mixed   [  34% ] 0011/0256 VUs  10m12.8s/30m0s  1900.00 iters/s

running (10m13.8s), 0013/0256 VUs, 1166155 complete and 0 interrupted iterations
cap_mixed   [  34% ] 0013/0256 VUs  10m13.8s/30m0s  1900.00 iters/s

running (10m14.8s), 0013/0256 VUs, 1168055 complete and 0 interrupted iterations
cap_mixed   [  34% ] 0013/0256 VUs  10m14.8s/30m0s  1900.00 iters/s

running (10m15.8s), 0013/0256 VUs, 1169955 complete and 0 interrupted iterations
cap_mixed   [  34% ] 0013/0256 VUs  10m15.8s/30m0s  1900.00 iters/s

running (10m16.8s), 0015/0256 VUs, 1171852 complete and 0 interrupted iterations
cap_mixed   [  34% ] 0015/0256 VUs  10m16.8s/30m0s  1900.00 iters/s

running (10m17.8s), 0018/0256 VUs, 1173750 complete and 0 interrupted iterations
cap_mixed   [  34% ] 0018/0256 VUs  10m17.8s/30m0s  1900.00 iters/s

running (10m18.8s), 0015/0256 VUs, 1175653 complete and 0 interrupted iterations
cap_mixed   [  34% ] 0015/0256 VUs  10m18.8s/30m0s  1900.00 iters/s

running (10m19.8s), 0010/0256 VUs, 1177557 complete and 0 interrupted iterations
cap_mixed   [  34% ] 0010/0256 VUs  10m19.8s/30m0s  1900.00 iters/s

running (10m20.8s), 0010/0256 VUs, 1179459 complete and 0 interrupted iterations
cap_mixed   [  34% ] 0010/0256 VUs  10m20.8s/30m0s  1900.00 iters/s

running (10m21.8s), 0024/0256 VUs, 1181344 complete and 0 interrupted iterations
cap_mixed   [  35% ] 0024/0256 VUs  10m21.8s/30m0s  1900.00 iters/s

running (10m22.8s), 0009/0256 VUs, 1183259 complete and 0 interrupted iterations
cap_mixed   [  35% ] 0009/0256 VUs  10m22.8s/30m0s  1900.00 iters/s

running (10m23.8s), 0017/0256 VUs, 1185151 complete and 0 interrupted iterations
cap_mixed   [  35% ] 0017/0256 VUs  10m23.8s/30m0s  1900.00 iters/s

running (10m24.8s), 0017/0256 VUs, 1187051 complete and 0 interrupted iterations
cap_mixed   [  35% ] 0017/0256 VUs  10m24.8s/30m0s  1900.00 iters/s

running (10m25.8s), 0013/0256 VUs, 1188955 complete and 0 interrupted iterations
cap_mixed   [  35% ] 0013/0256 VUs  10m25.8s/30m0s  1900.00 iters/s

running (10m26.8s), 0014/0256 VUs, 1190855 complete and 0 interrupted iterations
cap_mixed   [  35% ] 0014/0256 VUs  10m26.8s/30m0s  1900.00 iters/s

running (10m27.8s), 0009/0256 VUs, 1192759 complete and 0 interrupted iterations
cap_mixed   [  35% ] 0009/0256 VUs  10m27.8s/30m0s  1900.00 iters/s

running (10m28.8s), 0012/0256 VUs, 1194656 complete and 0 interrupted iterations
cap_mixed   [  35% ] 0012/0256 VUs  10m28.8s/30m0s  1900.00 iters/s

running (10m29.8s), 0048/0256 VUs, 1196520 complete and 0 interrupted iterations
cap_mixed   [  35% ] 0048/0256 VUs  10m29.8s/30m0s  1900.00 iters/s

running (10m30.8s), 0018/0256 VUs, 1198450 complete and 0 interrupted iterations
cap_mixed   [  35% ] 0018/0256 VUs  10m30.8s/30m0s  1900.00 iters/s

running (10m31.8s), 0015/0256 VUs, 1200353 complete and 0 interrupted iterations
cap_mixed   [  35% ] 0015/0256 VUs  10m31.8s/30m0s  1900.00 iters/s

running (10m32.8s), 0017/0256 VUs, 1202251 complete and 0 interrupted iterations
cap_mixed   [  35% ] 0017/0256 VUs  10m32.8s/30m0s  1900.00 iters/s

running (10m33.8s), 0016/0256 VUs, 1204152 complete and 0 interrupted iterations
cap_mixed   [  35% ] 0016/0256 VUs  10m33.8s/30m0s  1900.00 iters/s

running (10m34.8s), 0019/0256 VUs, 1206049 complete and 0 interrupted iterations
cap_mixed   [  35% ] 0019/0256 VUs  10m34.8s/30m0s  1900.00 iters/s

running (10m35.8s), 0011/0256 VUs, 1207957 complete and 0 interrupted iterations
cap_mixed   [  35% ] 0011/0256 VUs  10m35.8s/30m0s  1900.00 iters/s

running (10m36.8s), 0008/0256 VUs, 1209860 complete and 0 interrupted iterations
cap_mixed   [  35% ] 0008/0256 VUs  10m36.8s/30m0s  1900.00 iters/s

running (10m37.8s), 0013/0256 VUs, 1211755 complete and 0 interrupted iterations
cap_mixed   [  35% ] 0013/0256 VUs  10m37.8s/30m0s  1900.00 iters/s

running (10m38.8s), 0016/0256 VUs, 1213652 complete and 0 interrupted iterations
cap_mixed   [  35% ] 0016/0256 VUs  10m38.8s/30m0s  1900.00 iters/s

running (10m39.8s), 0012/0256 VUs, 1215556 complete and 0 interrupted iterations
cap_mixed   [  36% ] 0012/0256 VUs  10m39.8s/30m0s  1900.00 iters/s

running (10m40.8s), 0014/0256 VUs, 1217454 complete and 0 interrupted iterations
cap_mixed   [  36% ] 0014/0256 VUs  10m40.8s/30m0s  1900.00 iters/s

running (10m41.8s), 0009/0256 VUs, 1219359 complete and 0 interrupted iterations
cap_mixed   [  36% ] 0009/0256 VUs  10m41.8s/30m0s  1900.00 iters/s

running (10m42.8s), 0013/0256 VUs, 1221256 complete and 0 interrupted iterations
cap_mixed   [  36% ] 0013/0256 VUs  10m42.8s/30m0s  1900.00 iters/s

running (10m43.8s), 0011/0256 VUs, 1223157 complete and 0 interrupted iterations
cap_mixed   [  36% ] 0011/0256 VUs  10m43.8s/30m0s  1900.00 iters/s

running (10m44.8s), 0016/0256 VUs, 1225052 complete and 0 interrupted iterations
cap_mixed   [  36% ] 0016/0256 VUs  10m44.8s/30m0s  1900.00 iters/s

running (10m45.8s), 0010/0256 VUs, 1226958 complete and 0 interrupted iterations
cap_mixed   [  36% ] 0010/0256 VUs  10m45.8s/30m0s  1900.00 iters/s

running (10m46.8s), 0010/0256 VUs, 1228858 complete and 0 interrupted iterations
cap_mixed   [  36% ] 0010/0256 VUs  10m46.8s/30m0s  1900.00 iters/s

running (10m47.8s), 0014/0256 VUs, 1230754 complete and 0 interrupted iterations
cap_mixed   [  36% ] 0014/0256 VUs  10m47.8s/30m0s  1900.00 iters/s

running (10m48.8s), 0025/0256 VUs, 1232643 complete and 0 interrupted iterations
cap_mixed   [  36% ] 0025/0256 VUs  10m48.8s/30m0s  1900.00 iters/s

running (10m49.8s), 0021/0256 VUs, 1234547 complete and 0 interrupted iterations
cap_mixed   [  36% ] 0021/0256 VUs  10m49.8s/30m0s  1900.00 iters/s

running (10m50.8s), 0015/0256 VUs, 1236453 complete and 0 interrupted iterations
cap_mixed   [  36% ] 0015/0256 VUs  10m50.8s/30m0s  1900.00 iters/s

running (10m51.8s), 0012/0256 VUs, 1238356 complete and 0 interrupted iterations
cap_mixed   [  36% ] 0012/0256 VUs  10m51.8s/30m0s  1900.00 iters/s

running (10m52.8s), 0011/0256 VUs, 1240257 complete and 0 interrupted iterations
cap_mixed   [  36% ] 0011/0256 VUs  10m52.8s/30m0s  1900.00 iters/s

running (10m53.8s), 0013/0256 VUs, 1242157 complete and 0 interrupted iterations
cap_mixed   [  36% ] 0013/0256 VUs  10m53.8s/30m0s  1900.00 iters/s

running (10m54.8s), 0013/0256 VUs, 1244055 complete and 0 interrupted iterations
cap_mixed   [  36% ] 0013/0256 VUs  10m54.8s/30m0s  1900.00 iters/s

running (10m55.8s), 0006/0256 VUs, 1245962 complete and 0 interrupted iterations
cap_mixed   [  36% ] 0006/0256 VUs  10m55.8s/30m0s  1900.00 iters/s

running (10m56.8s), 0012/0256 VUs, 1247856 complete and 0 interrupted iterations
cap_mixed   [  36% ] 0012/0256 VUs  10m56.8s/30m0s  1900.00 iters/s

running (10m57.8s), 0013/0256 VUs, 1249755 complete and 0 interrupted iterations
cap_mixed   [  37% ] 0013/0256 VUs  10m57.8s/30m0s  1900.00 iters/s

running (10m58.8s), 0011/0256 VUs, 1251657 complete and 0 interrupted iterations
cap_mixed   [  37% ] 0011/0256 VUs  10m58.8s/30m0s  1900.00 iters/s

running (10m59.8s), 0010/0256 VUs, 1253558 complete and 0 interrupted iterations
cap_mixed   [  37% ] 0010/0256 VUs  10m59.8s/30m0s  1900.00 iters/s

running (11m00.8s), 0014/0256 VUs, 1255454 complete and 0 interrupted iterations
cap_mixed   [  37% ] 0014/0256 VUs  11m00.8s/30m0s  1900.00 iters/s

running (11m01.8s), 0011/0256 VUs, 1257357 complete and 0 interrupted iterations
cap_mixed   [  37% ] 0011/0256 VUs  11m01.8s/30m0s  1900.00 iters/s

running (11m02.8s), 0010/0256 VUs, 1259258 complete and 0 interrupted iterations
cap_mixed   [  37% ] 0010/0256 VUs  11m02.8s/30m0s  1900.00 iters/s

running (11m03.8s), 0013/0256 VUs, 1261156 complete and 0 interrupted iterations
cap_mixed   [  37% ] 0013/0256 VUs  11m03.8s/30m0s  1900.00 iters/s

running (11m04.8s), 0011/0256 VUs, 1263056 complete and 0 interrupted iterations
cap_mixed   [  37% ] 0011/0256 VUs  11m04.8s/30m0s  1900.00 iters/s

running (11m05.8s), 0018/0256 VUs, 1264951 complete and 0 interrupted iterations
cap_mixed   [  37% ] 0018/0256 VUs  11m05.8s/30m0s  1900.00 iters/s

running (11m06.8s), 0012/0256 VUs, 1266856 complete and 0 interrupted iterations
cap_mixed   [  37% ] 0012/0256 VUs  11m06.8s/30m0s  1900.00 iters/s

running (11m07.8s), 0011/0256 VUs, 1268757 complete and 0 interrupted iterations
cap_mixed   [  37% ] 0011/0256 VUs  11m07.8s/30m0s  1900.00 iters/s

running (11m08.8s), 0006/0256 VUs, 1270662 complete and 0 interrupted iterations
cap_mixed   [  37% ] 0006/0256 VUs  11m08.8s/30m0s  1900.00 iters/s

running (11m09.8s), 0010/0256 VUs, 1272559 complete and 0 interrupted iterations
cap_mixed   [  37% ] 0010/0256 VUs  11m09.8s/30m0s  1900.00 iters/s

running (11m10.8s), 0012/0256 VUs, 1274456 complete and 0 interrupted iterations
cap_mixed   [  37% ] 0012/0256 VUs  11m10.8s/30m0s  1900.00 iters/s

running (11m11.8s), 0009/0256 VUs, 1276358 complete and 0 interrupted iterations
cap_mixed   [  37% ] 0010/0256 VUs  11m11.8s/30m0s  1900.00 iters/s

running (11m12.8s), 0013/0256 VUs, 1278255 complete and 0 interrupted iterations
cap_mixed   [  37% ] 0013/0256 VUs  11m12.8s/30m0s  1900.00 iters/s

running (11m13.8s), 0009/0256 VUs, 1280159 complete and 0 interrupted iterations
cap_mixed   [  37% ] 0009/0256 VUs  11m13.8s/30m0s  1900.00 iters/s

running (11m14.8s), 0015/0256 VUs, 1282054 complete and 0 interrupted iterations
cap_mixed   [  37% ] 0015/0256 VUs  11m14.8s/30m0s  1900.00 iters/s

running (11m15.8s), 0007/0256 VUs, 1283961 complete and 0 interrupted iterations
cap_mixed   [  38% ] 0007/0256 VUs  11m15.8s/30m0s  1900.00 iters/s

running (11m16.8s), 0006/0256 VUs, 1285863 complete and 0 interrupted iterations
cap_mixed   [  38% ] 0006/0256 VUs  11m16.8s/30m0s  1900.00 iters/s

running (11m17.8s), 0013/0256 VUs, 1287756 complete and 0 interrupted iterations
cap_mixed   [  38% ] 0013/0256 VUs  11m17.8s/30m0s  1900.00 iters/s

running (11m18.8s), 0011/0256 VUs, 1289657 complete and 0 interrupted iterations
cap_mixed   [  38% ] 0011/0256 VUs  11m18.8s/30m0s  1900.00 iters/s

running (11m19.8s), 0010/0256 VUs, 1291558 complete and 0 interrupted iterations
cap_mixed   [  38% ] 0010/0256 VUs  11m19.8s/30m0s  1900.00 iters/s

running (11m20.8s), 0009/0256 VUs, 1293459 complete and 0 interrupted iterations
cap_mixed   [  38% ] 0009/0256 VUs  11m20.8s/30m0s  1900.00 iters/s

running (11m21.8s), 0008/0256 VUs, 1295360 complete and 0 interrupted iterations
cap_mixed   [  38% ] 0008/0256 VUs  11m21.8s/30m0s  1900.00 iters/s

running (11m22.8s), 0008/0256 VUs, 1297260 complete and 0 interrupted iterations
cap_mixed   [  38% ] 0008/0256 VUs  11m22.8s/30m0s  1900.00 iters/s

running (11m23.8s), 0014/0256 VUs, 1299154 complete and 0 interrupted iterations
cap_mixed   [  38% ] 0014/0256 VUs  11m23.8s/30m0s  1900.00 iters/s

running (11m24.8s), 0016/0256 VUs, 1301052 complete and 0 interrupted iterations
cap_mixed   [  38% ] 0016/0256 VUs  11m24.8s/30m0s  1900.00 iters/s

running (11m25.8s), 0012/0256 VUs, 1302956 complete and 0 interrupted iterations
cap_mixed   [  38% ] 0012/0256 VUs  11m25.8s/30m0s  1900.00 iters/s

running (11m26.8s), 0005/0256 VUs, 1304863 complete and 0 interrupted iterations
cap_mixed   [  38% ] 0005/0256 VUs  11m26.8s/30m0s  1900.00 iters/s

running (11m27.8s), 0010/0256 VUs, 1306758 complete and 0 interrupted iterations
cap_mixed   [  38% ] 0010/0256 VUs  11m27.8s/30m0s  1900.00 iters/s

running (11m28.8s), 0005/0256 VUs, 1308663 complete and 0 interrupted iterations
cap_mixed   [  38% ] 0005/0256 VUs  11m28.8s/30m0s  1900.00 iters/s

running (11m29.8s), 0012/0256 VUs, 1310556 complete and 0 interrupted iterations
cap_mixed   [  38% ] 0012/0256 VUs  11m29.8s/30m0s  1900.00 iters/s

running (11m30.8s), 0010/0256 VUs, 1312458 complete and 0 interrupted iterations
cap_mixed   [  38% ] 0010/0256 VUs  11m30.8s/30m0s  1900.00 iters/s

running (11m31.8s), 0011/0256 VUs, 1314357 complete and 0 interrupted iterations
cap_mixed   [  38% ] 0011/0256 VUs  11m31.8s/30m0s  1900.00 iters/s

running (11m32.8s), 0009/0256 VUs, 1316259 complete and 0 interrupted iterations
cap_mixed   [  38% ] 0009/0256 VUs  11m32.8s/30m0s  1900.00 iters/s

running (11m33.8s), 0012/0256 VUs, 1318156 complete and 0 interrupted iterations
cap_mixed   [  39% ] 0012/0256 VUs  11m33.8s/30m0s  1900.00 iters/s

running (11m34.8s), 0022/0256 VUs, 1320046 complete and 0 interrupted iterations
cap_mixed   [  39% ] 0022/0256 VUs  11m34.8s/30m0s  1900.00 iters/s

running (11m35.8s), 0019/0256 VUs, 1321950 complete and 0 interrupted iterations
cap_mixed   [  39% ] 0019/0256 VUs  11m35.8s/30m0s  1900.00 iters/s

running (11m36.8s), 0012/0256 VUs, 1323856 complete and 0 interrupted iterations
cap_mixed   [  39% ] 0012/0256 VUs  11m36.8s/30m0s  1900.00 iters/s

running (11m37.8s), 0009/0256 VUs, 1325759 complete and 0 interrupted iterations
cap_mixed   [  39% ] 0009/0256 VUs  11m37.8s/30m0s  1900.00 iters/s

running (11m38.8s), 0009/0256 VUs, 1327659 complete and 0 interrupted iterations
cap_mixed   [  39% ] 0009/0256 VUs  11m38.8s/30m0s  1900.00 iters/s

running (11m39.8s), 0012/0256 VUs, 1329556 complete and 0 interrupted iterations
cap_mixed   [  39% ] 0012/0256 VUs  11m39.8s/30m0s  1900.00 iters/s

running (11m40.8s), 0009/0256 VUs, 1331458 complete and 0 interrupted iterations
cap_mixed   [  39% ] 0009/0256 VUs  11m40.8s/30m0s  1900.00 iters/s

running (11m41.8s), 0014/0256 VUs, 1333354 complete and 0 interrupted iterations
cap_mixed   [  39% ] 0014/0256 VUs  11m41.8s/30m0s  1900.00 iters/s

running (11m42.8s), 0013/0256 VUs, 1335254 complete and 0 interrupted iterations
cap_mixed   [  39% ] 0013/0256 VUs  11m42.8s/30m0s  1900.00 iters/s

running (11m43.8s), 0017/0256 VUs, 1337151 complete and 0 interrupted iterations
cap_mixed   [  39% ] 0017/0256 VUs  11m43.8s/30m0s  1900.00 iters/s

running (11m44.8s), 0011/0256 VUs, 1339057 complete and 0 interrupted iterations
cap_mixed   [  39% ] 0011/0256 VUs  11m44.8s/30m0s  1900.00 iters/s

running (11m45.8s), 0016/0256 VUs, 1340952 complete and 0 interrupted iterations
cap_mixed   [  39% ] 0016/0256 VUs  11m45.8s/30m0s  1900.00 iters/s

running (11m46.8s), 0040/0256 VUs, 1342828 complete and 0 interrupted iterations
cap_mixed   [  39% ] 0040/0256 VUs  11m46.8s/30m0s  1900.00 iters/s

running (11m47.8s), 0009/0256 VUs, 1344760 complete and 0 interrupted iterations
cap_mixed   [  39% ] 0009/0256 VUs  11m47.8s/30m0s  1900.00 iters/s

running (11m48.8s), 0010/0256 VUs, 1346658 complete and 0 interrupted iterations
cap_mixed   [  39% ] 0010/0256 VUs  11m48.8s/30m0s  1900.00 iters/s

running (11m49.8s), 0019/0256 VUs, 1348550 complete and 0 interrupted iterations
cap_mixed   [  39% ] 0019/0256 VUs  11m49.8s/30m0s  1900.00 iters/s

running (11m50.8s), 0013/0256 VUs, 1350455 complete and 0 interrupted iterations
cap_mixed   [  39% ] 0013/0256 VUs  11m50.8s/30m0s  1900.00 iters/s

running (11m51.8s), 0014/0256 VUs, 1352353 complete and 0 interrupted iterations
cap_mixed   [  40% ] 0014/0256 VUs  11m51.8s/30m0s  1900.00 iters/s

running (11m52.8s), 0010/0256 VUs, 1354258 complete and 0 interrupted iterations
cap_mixed   [  40% ] 0010/0256 VUs  11m52.8s/30m0s  1900.00 iters/s

running (11m53.8s), 0008/0256 VUs, 1356160 complete and 0 interrupted iterations
cap_mixed   [  40% ] 0008/0256 VUs  11m53.8s/30m0s  1900.00 iters/s

running (11m54.8s), 0010/0256 VUs, 1358058 complete and 0 interrupted iterations
cap_mixed   [  40% ] 0010/0256 VUs  11m54.8s/30m0s  1900.00 iters/s

running (11m55.8s), 0012/0256 VUs, 1359956 complete and 0 interrupted iterations
cap_mixed   [  40% ] 0012/0256 VUs  11m55.8s/30m0s  1900.00 iters/s

running (11m56.8s), 0009/0256 VUs, 1361860 complete and 0 interrupted iterations
cap_mixed   [  40% ] 0009/0256 VUs  11m56.8s/30m0s  1900.00 iters/s

running (11m57.8s), 0009/0256 VUs, 1363759 complete and 0 interrupted iterations
cap_mixed   [  40% ] 0009/0256 VUs  11m57.8s/30m0s  1900.00 iters/s

running (11m58.8s), 0012/0256 VUs, 1365656 complete and 0 interrupted iterations
cap_mixed   [  40% ] 0012/0256 VUs  11m58.8s/30m0s  1900.00 iters/s

running (11m59.8s), 0010/0256 VUs, 1367559 complete and 0 interrupted iterations
cap_mixed   [  40% ] 0010/0256 VUs  11m59.8s/30m0s  1900.00 iters/s

running (12m00.8s), 0018/0256 VUs, 1369450 complete and 0 interrupted iterations
cap_mixed   [  40% ] 0018/0256 VUs  12m00.8s/30m0s  1900.00 iters/s

running (12m01.8s), 0023/0256 VUs, 1371346 complete and 0 interrupted iterations
cap_mixed   [  40% ] 0023/0256 VUs  12m01.8s/30m0s  1900.00 iters/s

running (12m02.8s), 0015/0256 VUs, 1373253 complete and 0 interrupted iterations
cap_mixed   [  40% ] 0015/0256 VUs  12m02.8s/30m0s  1900.00 iters/s

running (12m03.8s), 0014/0256 VUs, 1375154 complete and 0 interrupted iterations
cap_mixed   [  40% ] 0014/0256 VUs  12m03.8s/30m0s  1900.00 iters/s

running (12m04.8s), 0013/0256 VUs, 1377055 complete and 0 interrupted iterations
cap_mixed   [  40% ] 0013/0256 VUs  12m04.8s/30m0s  1900.00 iters/s

running (12m05.8s), 0022/0256 VUs, 1378946 complete and 0 interrupted iterations
cap_mixed   [  40% ] 0022/0256 VUs  12m05.8s/30m0s  1900.00 iters/s

running (12m06.8s), 0012/0256 VUs, 1380857 complete and 0 interrupted iterations
cap_mixed   [  40% ] 0012/0256 VUs  12m06.8s/30m0s  1900.00 iters/s

running (12m07.8s), 0011/0256 VUs, 1382757 complete and 0 interrupted iterations
cap_mixed   [  40% ] 0011/0256 VUs  12m07.8s/30m0s  1900.00 iters/s

running (12m08.8s), 0012/0256 VUs, 1384657 complete and 0 interrupted iterations
cap_mixed   [  40% ] 0012/0256 VUs  12m08.8s/30m0s  1900.00 iters/s

running (12m09.8s), 0017/0256 VUs, 1386551 complete and 0 interrupted iterations
cap_mixed   [  41% ] 0017/0256 VUs  12m09.8s/30m0s  1900.00 iters/s

running (12m10.8s), 0015/0256 VUs, 1388454 complete and 0 interrupted iterations
cap_mixed   [  41% ] 0015/0256 VUs  12m10.8s/30m0s  1900.00 iters/s

running (12m11.8s), 0012/0256 VUs, 1390356 complete and 0 interrupted iterations
cap_mixed   [  41% ] 0012/0256 VUs  12m11.8s/30m0s  1900.00 iters/s

running (12m12.8s), 0013/0256 VUs, 1392255 complete and 0 interrupted iterations
cap_mixed   [  41% ] 0013/0256 VUs  12m12.8s/30m0s  1900.00 iters/s

running (12m13.8s), 0013/0256 VUs, 1394155 complete and 0 interrupted iterations
cap_mixed   [  41% ] 0013/0256 VUs  12m13.8s/30m0s  1900.00 iters/s

running (12m14.8s), 0015/0256 VUs, 1396054 complete and 0 interrupted iterations
cap_mixed   [  41% ] 0015/0256 VUs  12m14.8s/30m0s  1900.00 iters/s

running (12m15.8s), 0009/0256 VUs, 1397960 complete and 0 interrupted iterations
cap_mixed   [  41% ] 0009/0256 VUs  12m15.8s/30m0s  1900.00 iters/s

running (12m16.8s), 0015/0256 VUs, 1399854 complete and 0 interrupted iterations
cap_mixed   [  41% ] 0015/0256 VUs  12m16.8s/30m0s  1900.00 iters/s

running (12m17.8s), 0013/0256 VUs, 1401755 complete and 0 interrupted iterations
cap_mixed   [  41% ] 0013/0256 VUs  12m17.8s/30m0s  1900.00 iters/s

running (12m18.8s), 0013/0256 VUs, 1403656 complete and 0 interrupted iterations
cap_mixed   [  41% ] 0013/0256 VUs  12m18.8s/30m0s  1900.00 iters/s

running (12m19.8s), 0011/0256 VUs, 1405557 complete and 0 interrupted iterations
cap_mixed   [  41% ] 0011/0256 VUs  12m19.8s/30m0s  1900.00 iters/s

running (12m20.8s), 0014/0256 VUs, 1407455 complete and 0 interrupted iterations
cap_mixed   [  41% ] 0014/0256 VUs  12m20.8s/30m0s  1900.00 iters/s

running (12m21.8s), 0012/0256 VUs, 1409356 complete and 0 interrupted iterations
cap_mixed   [  41% ] 0012/0256 VUs  12m21.8s/30m0s  1900.00 iters/s

running (12m22.8s), 0011/0256 VUs, 1411257 complete and 0 interrupted iterations
cap_mixed   [  41% ] 0011/0256 VUs  12m22.8s/30m0s  1900.00 iters/s

running (12m23.8s), 0013/0256 VUs, 1413156 complete and 0 interrupted iterations
cap_mixed   [  41% ] 0013/0256 VUs  12m23.8s/30m0s  1900.00 iters/s

running (12m24.8s), 0012/0256 VUs, 1415056 complete and 0 interrupted iterations
cap_mixed   [  41% ] 0012/0256 VUs  12m24.8s/30m0s  1900.00 iters/s

running (12m25.8s), 0012/0256 VUs, 1416956 complete and 0 interrupted iterations
cap_mixed   [  41% ] 0012/0256 VUs  12m25.8s/30m0s  1900.00 iters/s

running (12m26.8s), 0019/0256 VUs, 1418850 complete and 0 interrupted iterations
cap_mixed   [  41% ] 0019/0256 VUs  12m26.8s/30m0s  1900.00 iters/s

running (12m27.8s), 0017/0256 VUs, 1420752 complete and 0 interrupted iterations
cap_mixed   [  42% ] 0017/0256 VUs  12m27.8s/30m0s  1900.00 iters/s

running (12m28.8s), 0019/0256 VUs, 1422650 complete and 0 interrupted iterations
cap_mixed   [  42% ] 0019/0256 VUs  12m28.8s/30m0s  1900.00 iters/s

running (12m29.8s), 0014/0256 VUs, 1424555 complete and 0 interrupted iterations
cap_mixed   [  42% ] 0014/0256 VUs  12m29.8s/30m0s  1900.00 iters/s

running (12m30.8s), 0015/0256 VUs, 1426453 complete and 0 interrupted iterations
cap_mixed   [  42% ] 0015/0256 VUs  12m30.8s/30m0s  1900.00 iters/s

running (12m31.8s), 0009/0256 VUs, 1428359 complete and 0 interrupted iterations
cap_mixed   [  42% ] 0009/0256 VUs  12m31.8s/30m0s  1900.00 iters/s

running (12m32.8s), 0015/0256 VUs, 1430253 complete and 0 interrupted iterations
cap_mixed   [  42% ] 0015/0256 VUs  12m32.8s/30m0s  1900.00 iters/s

running (12m33.8s), 0016/0256 VUs, 1432152 complete and 0 interrupted iterations
cap_mixed   [  42% ] 0016/0256 VUs  12m33.8s/30m0s  1900.00 iters/s

running (12m34.8s), 0015/0256 VUs, 1434053 complete and 0 interrupted iterations
cap_mixed   [  42% ] 0015/0256 VUs  12m34.8s/30m0s  1900.00 iters/s

running (12m35.8s), 0011/0256 VUs, 1435958 complete and 0 interrupted iterations
cap_mixed   [  42% ] 0011/0256 VUs  12m35.8s/30m0s  1900.00 iters/s

running (12m36.8s), 0015/0256 VUs, 1437852 complete and 0 interrupted iterations
cap_mixed   [  42% ] 0016/0256 VUs  12m36.8s/30m0s  1900.00 iters/s

running (12m37.8s), 0020/0256 VUs, 1439749 complete and 0 interrupted iterations
cap_mixed   [  42% ] 0020/0256 VUs  12m37.8s/30m0s  1900.00 iters/s

running (12m38.8s), 0011/0256 VUs, 1441657 complete and 0 interrupted iterations
cap_mixed   [  42% ] 0011/0256 VUs  12m38.8s/30m0s  1900.00 iters/s

running (12m39.8s), 0006/0256 VUs, 1443563 complete and 0 interrupted iterations
cap_mixed   [  42% ] 0006/0256 VUs  12m39.8s/30m0s  1900.00 iters/s

running (12m40.8s), 0020/0256 VUs, 1445448 complete and 0 interrupted iterations
cap_mixed   [  42% ] 0020/0256 VUs  12m40.8s/30m0s  1900.00 iters/s

running (12m41.8s), 0009/0256 VUs, 1447359 complete and 0 interrupted iterations
cap_mixed   [  42% ] 0009/0256 VUs  12m41.8s/30m0s  1900.00 iters/s

running (12m42.8s), 0011/0256 VUs, 1449257 complete and 0 interrupted iterations
cap_mixed   [  42% ] 0011/0256 VUs  12m42.8s/30m0s  1900.00 iters/s

running (12m43.8s), 0011/0256 VUs, 1451157 complete and 0 interrupted iterations
cap_mixed   [  42% ] 0011/0256 VUs  12m43.8s/30m0s  1900.00 iters/s

running (12m44.8s), 0009/0256 VUs, 1453059 complete and 0 interrupted iterations
cap_mixed   [  42% ] 0009/0256 VUs  12m44.8s/30m0s  1900.00 iters/s

running (12m45.8s), 0013/0256 VUs, 1454956 complete and 0 interrupted iterations
cap_mixed   [  43% ] 0013/0256 VUs  12m45.8s/30m0s  1900.00 iters/s

running (12m46.8s), 0007/0256 VUs, 1456861 complete and 0 interrupted iterations
cap_mixed   [  43% ] 0007/0256 VUs  12m46.8s/30m0s  1900.00 iters/s

running (12m47.8s), 0021/0256 VUs, 1458748 complete and 0 interrupted iterations
cap_mixed   [  43% ] 0021/0256 VUs  12m47.8s/30m0s  1900.00 iters/s

running (12m48.8s), 0011/0256 VUs, 1460658 complete and 0 interrupted iterations
cap_mixed   [  43% ] 0011/0256 VUs  12m48.8s/30m0s  1900.00 iters/s

running (12m49.8s), 0012/0256 VUs, 1462556 complete and 0 interrupted iterations
cap_mixed   [  43% ] 0012/0256 VUs  12m49.8s/30m0s  1900.00 iters/s

running (12m50.8s), 0015/0256 VUs, 1464454 complete and 0 interrupted iterations
cap_mixed   [  43% ] 0015/0256 VUs  12m50.8s/30m0s  1900.00 iters/s

running (12m51.8s), 0044/0256 VUs, 1466325 complete and 0 interrupted iterations
cap_mixed   [  43% ] 0044/0256 VUs  12m51.8s/30m0s  1900.00 iters/s

running (12m52.8s), 0030/0256 VUs, 1468238 complete and 0 interrupted iterations
cap_mixed   [  43% ] 0030/0256 VUs  12m52.8s/30m0s  1900.00 iters/s

running (12m53.8s), 0019/0256 VUs, 1470149 complete and 0 interrupted iterations
cap_mixed   [  43% ] 0019/0256 VUs  12m53.8s/30m0s  1900.00 iters/s

running (12m54.8s), 0008/0256 VUs, 1472060 complete and 0 interrupted iterations
cap_mixed   [  43% ] 0007/0256 VUs  12m54.8s/30m0s  1900.00 iters/s

running (12m55.8s), 0021/0256 VUs, 1473948 complete and 0 interrupted iterations
cap_mixed   [  43% ] 0021/0256 VUs  12m55.8s/30m0s  1900.00 iters/s

running (12m56.8s), 0011/0256 VUs, 1475858 complete and 0 interrupted iterations
cap_mixed   [  43% ] 0011/0256 VUs  12m56.8s/30m0s  1900.00 iters/s

running (12m57.8s), 0014/0256 VUs, 1477754 complete and 0 interrupted iterations
cap_mixed   [  43% ] 0014/0256 VUs  12m57.8s/30m0s  1900.00 iters/s

running (12m58.8s), 0010/0256 VUs, 1479658 complete and 0 interrupted iterations
cap_mixed   [  43% ] 0010/0256 VUs  12m58.8s/30m0s  1900.00 iters/s

running (12m59.8s), 0012/0256 VUs, 1481558 complete and 0 interrupted iterations
cap_mixed   [  43% ] 0012/0256 VUs  12m59.8s/30m0s  1900.00 iters/s

running (13m00.8s), 0011/0256 VUs, 1483457 complete and 0 interrupted iterations
cap_mixed   [  43% ] 0011/0256 VUs  13m00.8s/30m0s  1900.00 iters/s

running (13m01.8s), 0009/0256 VUs, 1485359 complete and 0 interrupted iterations
cap_mixed   [  43% ] 0009/0256 VUs  13m01.8s/30m0s  1900.00 iters/s

running (13m02.8s), 0008/0256 VUs, 1487261 complete and 0 interrupted iterations
cap_mixed   [  43% ] 0008/0256 VUs  13m02.8s/30m0s  1900.00 iters/s

running (13m03.8s), 0013/0256 VUs, 1489155 complete and 0 interrupted iterations
cap_mixed   [  44% ] 0013/0256 VUs  13m03.8s/30m0s  1900.00 iters/s

running (13m04.8s), 0015/0256 VUs, 1491054 complete and 0 interrupted iterations
cap_mixed   [  44% ] 0015/0256 VUs  13m04.8s/30m0s  1900.00 iters/s

running (13m05.8s), 0011/0256 VUs, 1492958 complete and 0 interrupted iterations
cap_mixed   [  44% ] 0011/0256 VUs  13m05.8s/30m0s  1900.00 iters/s

running (13m06.8s), 0016/0256 VUs, 1494853 complete and 0 interrupted iterations
cap_mixed   [  44% ] 0016/0256 VUs  13m06.8s/30m0s  1900.00 iters/s

running (13m07.8s), 0014/0256 VUs, 1496754 complete and 0 interrupted iterations
cap_mixed   [  44% ] 0014/0256 VUs  13m07.8s/30m0s  1900.00 iters/s

running (13m08.8s), 0006/0256 VUs, 1498663 complete and 0 interrupted iterations
cap_mixed   [  44% ] 0006/0256 VUs  13m08.8s/30m0s  1900.00 iters/s

running (13m09.8s), 0019/0256 VUs, 1500550 complete and 0 interrupted iterations
cap_mixed   [  44% ] 0019/0256 VUs  13m09.8s/30m0s  1900.00 iters/s

running (13m10.8s), 0018/0256 VUs, 1502451 complete and 0 interrupted iterations
cap_mixed   [  44% ] 0018/0256 VUs  13m10.8s/30m0s  1900.00 iters/s

running (13m11.8s), 0010/0256 VUs, 1504359 complete and 0 interrupted iterations
cap_mixed   [  44% ] 0010/0256 VUs  13m11.8s/30m0s  1900.00 iters/s

running (13m12.8s), 0008/0256 VUs, 1506261 complete and 0 interrupted iterations
cap_mixed   [  44% ] 0008/0256 VUs  13m12.8s/30m0s  1900.00 iters/s

running (13m13.8s), 0010/0256 VUs, 1508158 complete and 0 interrupted iterations
cap_mixed   [  44% ] 0010/0256 VUs  13m13.8s/30m0s  1900.00 iters/s

running (13m14.8s), 0012/0256 VUs, 1510056 complete and 0 interrupted iterations
cap_mixed   [  44% ] 0012/0256 VUs  13m14.8s/30m0s  1900.00 iters/s

running (13m15.8s), 0011/0256 VUs, 1511957 complete and 0 interrupted iterations
cap_mixed   [  44% ] 0011/0256 VUs  13m15.8s/30m0s  1900.00 iters/s

running (13m16.8s), 0019/0256 VUs, 1513850 complete and 0 interrupted iterations
cap_mixed   [  44% ] 0019/0256 VUs  13m16.8s/30m0s  1900.00 iters/s

running (13m17.8s), 0012/0256 VUs, 1515756 complete and 0 interrupted iterations
cap_mixed   [  44% ] 0012/0256 VUs  13m17.8s/30m0s  1900.00 iters/s

running (13m18.8s), 0013/0256 VUs, 1517656 complete and 0 interrupted iterations
cap_mixed   [  44% ] 0013/0256 VUs  13m18.8s/30m0s  1900.00 iters/s

running (13m19.8s), 0013/0256 VUs, 1519556 complete and 0 interrupted iterations
cap_mixed   [  44% ] 0013/0256 VUs  13m19.8s/30m0s  1900.00 iters/s

running (13m20.8s), 0010/0256 VUs, 1521458 complete and 0 interrupted iterations
cap_mixed   [  44% ] 0010/0256 VUs  13m20.8s/30m0s  1900.00 iters/s

running (13m21.8s), 0011/0256 VUs, 1523358 complete and 0 interrupted iterations
cap_mixed   [  45% ] 0011/0256 VUs  13m21.8s/30m0s  1900.00 iters/s

running (13m22.8s), 0006/0256 VUs, 1525261 complete and 0 interrupted iterations
cap_mixed   [  45% ] 0007/0256 VUs  13m22.8s/30m0s  1900.00 iters/s

running (13m23.8s), 0015/0256 VUs, 1527153 complete and 0 interrupted iterations
cap_mixed   [  45% ] 0015/0256 VUs  13m23.8s/30m0s  1900.00 iters/s

running (13m24.8s), 0016/0256 VUs, 1529053 complete and 0 interrupted iterations
cap_mixed   [  45% ] 0016/0256 VUs  13m24.8s/30m0s  1900.00 iters/s

running (13m25.8s), 0015/0256 VUs, 1530954 complete and 0 interrupted iterations
cap_mixed   [  45% ] 0015/0256 VUs  13m25.8s/30m0s  1900.00 iters/s

running (13m26.8s), 0018/0256 VUs, 1532851 complete and 0 interrupted iterations
cap_mixed   [  45% ] 0018/0256 VUs  13m26.8s/30m0s  1900.00 iters/s

running (13m27.8s), 0011/0256 VUs, 1534757 complete and 0 interrupted iterations
cap_mixed   [  45% ] 0011/0256 VUs  13m27.8s/30m0s  1900.00 iters/s

running (13m28.8s), 0009/0256 VUs, 1536659 complete and 0 interrupted iterations
cap_mixed   [  45% ] 0009/0256 VUs  13m28.8s/30m0s  1900.00 iters/s

running (13m29.8s), 0007/0256 VUs, 1538561 complete and 0 interrupted iterations
cap_mixed   [  45% ] 0007/0256 VUs  13m29.8s/30m0s  1900.00 iters/s

running (13m30.8s), 0010/0256 VUs, 1540459 complete and 0 interrupted iterations
cap_mixed   [  45% ] 0010/0256 VUs  13m30.8s/30m0s  1900.00 iters/s

running (13m31.8s), 0009/0256 VUs, 1542359 complete and 0 interrupted iterations
cap_mixed   [  45% ] 0009/0256 VUs  13m31.8s/30m0s  1900.00 iters/s

running (13m32.8s), 0013/0256 VUs, 1544255 complete and 0 interrupted iterations
cap_mixed   [  45% ] 0013/0256 VUs  13m32.8s/30m0s  1900.00 iters/s

running (13m33.8s), 0020/0256 VUs, 1546149 complete and 0 interrupted iterations
cap_mixed   [  45% ] 0020/0256 VUs  13m33.8s/30m0s  1900.00 iters/s

running (13m34.8s), 0014/0256 VUs, 1548055 complete and 0 interrupted iterations
cap_mixed   [  45% ] 0014/0256 VUs  13m34.8s/30m0s  1900.00 iters/s

running (13m35.8s), 0015/0256 VUs, 1549954 complete and 0 interrupted iterations
cap_mixed   [  45% ] 0015/0256 VUs  13m35.8s/30m0s  1900.00 iters/s

running (13m36.8s), 0008/0256 VUs, 1551860 complete and 0 interrupted iterations
cap_mixed   [  45% ] 0008/0256 VUs  13m36.8s/30m0s  1900.00 iters/s

running (13m37.8s), 0013/0256 VUs, 1553755 complete and 0 interrupted iterations
cap_mixed   [  45% ] 0013/0256 VUs  13m37.8s/30m0s  1900.00 iters/s

running (13m38.8s), 0012/0256 VUs, 1555656 complete and 0 interrupted iterations
cap_mixed   [  45% ] 0012/0256 VUs  13m38.8s/30m0s  1900.00 iters/s

running (13m39.8s), 0009/0256 VUs, 1557559 complete and 0 interrupted iterations
cap_mixed   [  46% ] 0009/0256 VUs  13m39.8s/30m0s  1900.00 iters/s

running (13m40.8s), 0019/0256 VUs, 1559449 complete and 0 interrupted iterations
cap_mixed   [  46% ] 0019/0256 VUs  13m40.8s/30m0s  1900.00 iters/s

running (13m41.8s), 0013/0256 VUs, 1561356 complete and 0 interrupted iterations
cap_mixed   [  46% ] 0013/0256 VUs  13m41.8s/30m0s  1900.00 iters/s

running (13m42.8s), 0012/0256 VUs, 1563256 complete and 0 interrupted iterations
cap_mixed   [  46% ] 0012/0256 VUs  13m42.8s/30m0s  1900.00 iters/s

running (13m43.8s), 0014/0256 VUs, 1565154 complete and 0 interrupted iterations
cap_mixed   [  46% ] 0014/0256 VUs  13m43.8s/30m0s  1900.00 iters/s

running (13m44.8s), 0018/0256 VUs, 1567051 complete and 0 interrupted iterations
cap_mixed   [  46% ] 0018/0256 VUs  13m44.8s/30m0s  1900.00 iters/s

running (13m45.8s), 0011/0256 VUs, 1568957 complete and 0 interrupted iterations
cap_mixed   [  46% ] 0011/0256 VUs  13m45.8s/30m0s  1900.00 iters/s

running (13m46.8s), 0009/0256 VUs, 1570860 complete and 0 interrupted iterations
cap_mixed   [  46% ] 0009/0256 VUs  13m46.8s/30m0s  1900.00 iters/s

running (13m47.8s), 0012/0256 VUs, 1572756 complete and 0 interrupted iterations
cap_mixed   [  46% ] 0013/0256 VUs  13m47.8s/30m0s  1900.00 iters/s

running (13m48.8s), 0016/0256 VUs, 1574652 complete and 0 interrupted iterations
cap_mixed   [  46% ] 0016/0256 VUs  13m48.8s/30m0s  1900.00 iters/s

running (13m49.8s), 0013/0256 VUs, 1576556 complete and 0 interrupted iterations
cap_mixed   [  46% ] 0013/0256 VUs  13m49.8s/30m0s  1900.00 iters/s

running (13m50.8s), 0009/0256 VUs, 1578459 complete and 0 interrupted iterations
cap_mixed   [  46% ] 0009/0256 VUs  13m50.8s/30m0s  1900.00 iters/s

running (13m51.8s), 0011/0256 VUs, 1580358 complete and 0 interrupted iterations
cap_mixed   [  46% ] 0011/0256 VUs  13m51.8s/30m0s  1900.00 iters/s

running (13m52.8s), 0011/0256 VUs, 1582257 complete and 0 interrupted iterations
cap_mixed   [  46% ] 0011/0256 VUs  13m52.8s/30m0s  1900.00 iters/s

running (13m53.8s), 0012/0256 VUs, 1584157 complete and 0 interrupted iterations
cap_mixed   [  46% ] 0012/0256 VUs  13m53.8s/30m0s  1900.00 iters/s

running (13m54.8s), 0014/0256 VUs, 1586055 complete and 0 interrupted iterations
cap_mixed   [  46% ] 0014/0256 VUs  13m54.8s/30m0s  1900.00 iters/s

running (13m55.8s), 0009/0256 VUs, 1587960 complete and 0 interrupted iterations
cap_mixed   [  46% ] 0009/0256 VUs  13m55.8s/30m0s  1900.00 iters/s

running (13m56.8s), 0012/0256 VUs, 1589856 complete and 0 interrupted iterations
cap_mixed   [  46% ] 0012/0256 VUs  13m56.8s/30m0s  1900.00 iters/s

running (13m57.8s), 0013/0256 VUs, 1591756 complete and 0 interrupted iterations
cap_mixed   [  47% ] 0013/0256 VUs  13m57.8s/30m0s  1900.00 iters/s

running (13m58.8s), 0010/0256 VUs, 1593659 complete and 0 interrupted iterations
cap_mixed   [  47% ] 0010/0256 VUs  13m58.8s/30m0s  1900.00 iters/s

running (13m59.8s), 0008/0256 VUs, 1595561 complete and 0 interrupted iterations
cap_mixed   [  47% ] 0008/0256 VUs  13m59.8s/30m0s  1900.00 iters/s

running (14m00.8s), 0011/0256 VUs, 1597457 complete and 0 interrupted iterations
cap_mixed   [  47% ] 0011/0256 VUs  14m00.8s/30m0s  1900.00 iters/s

running (14m01.8s), 0014/0256 VUs, 1599354 complete and 0 interrupted iterations
cap_mixed   [  47% ] 0013/0256 VUs  14m01.8s/30m0s  1900.00 iters/s

running (14m02.8s), 0014/0256 VUs, 1601254 complete and 0 interrupted iterations
cap_mixed   [  47% ] 0014/0256 VUs  14m02.8s/30m0s  1900.00 iters/s

running (14m03.8s), 0013/0256 VUs, 1603155 complete and 0 interrupted iterations
cap_mixed   [  47% ] 0013/0256 VUs  14m03.8s/30m0s  1900.00 iters/s

running (14m04.8s), 0015/0256 VUs, 1605055 complete and 0 interrupted iterations
cap_mixed   [  47% ] 0015/0256 VUs  14m04.8s/30m0s  1900.00 iters/s

running (14m05.8s), 0018/0256 VUs, 1606952 complete and 0 interrupted iterations
cap_mixed   [  47% ] 0018/0256 VUs  14m05.8s/30m0s  1900.00 iters/s

running (14m06.8s), 0009/0256 VUs, 1608859 complete and 0 interrupted iterations
cap_mixed   [  47% ] 0010/0256 VUs  14m06.8s/30m0s  1900.00 iters/s

running (14m07.8s), 0019/0256 VUs, 1610750 complete and 0 interrupted iterations
cap_mixed   [  47% ] 0019/0256 VUs  14m07.8s/30m0s  1900.00 iters/s

running (14m08.8s), 0015/0256 VUs, 1612654 complete and 0 interrupted iterations
cap_mixed   [  47% ] 0015/0256 VUs  14m08.8s/30m0s  1900.00 iters/s

running (14m09.8s), 0014/0256 VUs, 1614554 complete and 0 interrupted iterations
cap_mixed   [  47% ] 0015/0256 VUs  14m09.8s/30m0s  1900.00 iters/s

running (14m10.8s), 0013/0256 VUs, 1616456 complete and 0 interrupted iterations
cap_mixed   [  47% ] 0013/0256 VUs  14m10.8s/30m0s  1900.00 iters/s

running (14m11.8s), 0009/0256 VUs, 1618359 complete and 0 interrupted iterations
cap_mixed   [  47% ] 0009/0256 VUs  14m11.8s/30m0s  1900.00 iters/s

running (14m12.8s), 0011/0256 VUs, 1620258 complete and 0 interrupted iterations
cap_mixed   [  47% ] 0011/0256 VUs  14m12.8s/30m0s  1900.00 iters/s

running (14m13.8s), 0011/0256 VUs, 1622158 complete and 0 interrupted iterations
cap_mixed   [  47% ] 0011/0256 VUs  14m13.8s/30m0s  1900.00 iters/s

running (14m14.8s), 0018/0256 VUs, 1624051 complete and 0 interrupted iterations
cap_mixed   [  47% ] 0018/0256 VUs  14m14.8s/30m0s  1900.00 iters/s

running (14m15.8s), 0017/0256 VUs, 1625952 complete and 0 interrupted iterations
cap_mixed   [  48% ] 0017/0256 VUs  14m15.8s/30m0s  1900.00 iters/s

running (14m16.8s), 0008/0256 VUs, 1627861 complete and 0 interrupted iterations
cap_mixed   [  48% ] 0008/0256 VUs  14m16.8s/30m0s  1900.00 iters/s

running (14m17.8s), 0015/0256 VUs, 1629754 complete and 0 interrupted iterations
cap_mixed   [  48% ] 0015/0256 VUs  14m17.8s/30m0s  1900.00 iters/s

running (14m18.8s), 0010/0256 VUs, 1631658 complete and 0 interrupted iterations
cap_mixed   [  48% ] 0010/0256 VUs  14m18.8s/30m0s  1900.00 iters/s

running (14m19.8s), 0019/0256 VUs, 1633550 complete and 0 interrupted iterations
cap_mixed   [  48% ] 0019/0256 VUs  14m19.8s/30m0s  1900.00 iters/s

running (14m20.8s), 0012/0256 VUs, 1635456 complete and 0 interrupted iterations
cap_mixed   [  48% ] 0012/0256 VUs  14m20.8s/30m0s  1900.00 iters/s

running (14m21.8s), 0011/0256 VUs, 1637356 complete and 0 interrupted iterations
cap_mixed   [  48% ] 0011/0256 VUs  14m21.8s/30m0s  1900.00 iters/s

running (14m22.8s), 0007/0256 VUs, 1639262 complete and 0 interrupted iterations
cap_mixed   [  48% ] 0007/0256 VUs  14m22.8s/30m0s  1900.00 iters/s

running (14m23.8s), 0016/0256 VUs, 1641152 complete and 0 interrupted iterations
cap_mixed   [  48% ] 0016/0256 VUs  14m23.8s/30m0s  1900.00 iters/s

running (14m24.8s), 0010/0256 VUs, 1643059 complete and 0 interrupted iterations
cap_mixed   [  48% ] 0010/0256 VUs  14m24.8s/30m0s  1900.00 iters/s

running (14m25.8s), 0014/0256 VUs, 1644955 complete and 0 interrupted iterations
cap_mixed   [  48% ] 0014/0256 VUs  14m25.8s/30m0s  1900.00 iters/s

running (14m26.8s), 0014/0256 VUs, 1646855 complete and 0 interrupted iterations
cap_mixed   [  48% ] 0014/0256 VUs  14m26.8s/30m0s  1900.00 iters/s

running (14m27.8s), 0014/0256 VUs, 1648755 complete and 0 interrupted iterations
cap_mixed   [  48% ] 0014/0256 VUs  14m27.8s/30m0s  1900.00 iters/s

running (14m28.8s), 0015/0256 VUs, 1650654 complete and 0 interrupted iterations
cap_mixed   [  48% ] 0015/0256 VUs  14m28.8s/30m0s  1900.00 iters/s

running (14m29.8s), 0014/0256 VUs, 1652555 complete and 0 interrupted iterations
cap_mixed   [  48% ] 0014/0256 VUs  14m29.8s/30m0s  1900.00 iters/s

running (14m30.8s), 0019/0256 VUs, 1654450 complete and 0 interrupted iterations
cap_mixed   [  48% ] 0019/0256 VUs  14m30.8s/30m0s  1900.00 iters/s

running (14m31.8s), 0011/0256 VUs, 1656358 complete and 0 interrupted iterations
cap_mixed   [  48% ] 0011/0256 VUs  14m31.8s/30m0s  1900.00 iters/s

running (14m32.8s), 0014/0256 VUs, 1658254 complete and 0 interrupted iterations
cap_mixed   [  48% ] 0014/0256 VUs  14m32.8s/30m0s  1900.00 iters/s

running (14m33.8s), 0016/0256 VUs, 1660152 complete and 0 interrupted iterations
cap_mixed   [  49% ] 0016/0256 VUs  14m33.8s/30m0s  1900.00 iters/s

running (14m34.8s), 0012/0256 VUs, 1662056 complete and 0 interrupted iterations
cap_mixed   [  49% ] 0012/0256 VUs  14m34.8s/30m0s  1900.00 iters/s

running (14m35.8s), 0012/0256 VUs, 1663957 complete and 0 interrupted iterations
cap_mixed   [  49% ] 0012/0256 VUs  14m35.8s/30m0s  1900.00 iters/s

running (14m36.8s), 0025/0256 VUs, 1665845 complete and 0 interrupted iterations
cap_mixed   [  49% ] 0025/0256 VUs  14m36.8s/30m0s  1900.00 iters/s

running (14m37.8s), 0005/0256 VUs, 1667764 complete and 0 interrupted iterations
cap_mixed   [  49% ] 0005/0256 VUs  14m37.8s/30m0s  1900.00 iters/s

running (14m38.8s), 0010/0256 VUs, 1669659 complete and 0 interrupted iterations
cap_mixed   [  49% ] 0010/0256 VUs  14m38.8s/30m0s  1900.00 iters/s

running (14m39.8s), 0019/0256 VUs, 1671550 complete and 0 interrupted iterations
cap_mixed   [  49% ] 0019/0256 VUs  14m39.8s/30m0s  1900.00 iters/s

running (14m40.8s), 0013/0256 VUs, 1673456 complete and 0 interrupted iterations
cap_mixed   [  49% ] 0013/0256 VUs  14m40.8s/30m0s  1900.00 iters/s

running (14m41.8s), 0011/0256 VUs, 1675357 complete and 0 interrupted iterations
cap_mixed   [  49% ] 0011/0256 VUs  14m41.8s/30m0s  1900.00 iters/s

running (14m42.8s), 0015/0256 VUs, 1677254 complete and 0 interrupted iterations
cap_mixed   [  49% ] 0015/0256 VUs  14m42.8s/30m0s  1900.00 iters/s

running (14m43.8s), 0012/0256 VUs, 1679157 complete and 0 interrupted iterations
cap_mixed   [  49% ] 0012/0256 VUs  14m43.8s/30m0s  1900.00 iters/s

running (14m44.8s), 0016/0256 VUs, 1681053 complete and 0 interrupted iterations
cap_mixed   [  49% ] 0016/0256 VUs  14m44.8s/30m0s  1900.00 iters/s

running (14m45.8s), 0012/0256 VUs, 1682957 complete and 0 interrupted iterations
cap_mixed   [  49% ] 0012/0256 VUs  14m45.8s/30m0s  1900.00 iters/s

running (14m46.8s), 0019/0256 VUs, 1684850 complete and 0 interrupted iterations
cap_mixed   [  49% ] 0019/0256 VUs  14m46.8s/30m0s  1900.00 iters/s

running (14m47.8s), 0012/0256 VUs, 1686757 complete and 0 interrupted iterations
cap_mixed   [  49% ] 0012/0256 VUs  14m47.8s/30m0s  1900.00 iters/s

running (14m48.8s), 0011/0256 VUs, 1688657 complete and 0 interrupted iterations
cap_mixed   [  49% ] 0012/0256 VUs  14m48.8s/30m0s  1900.00 iters/s

running (14m49.8s), 0014/0256 VUs, 1690555 complete and 0 interrupted iterations
cap_mixed   [  49% ] 0014/0256 VUs  14m49.8s/30m0s  1900.00 iters/s

running (14m50.8s), 0011/0256 VUs, 1692457 complete and 0 interrupted iterations
cap_mixed   [  49% ] 0011/0256 VUs  14m50.8s/30m0s  1900.00 iters/s

running (14m51.8s), 0015/0256 VUs, 1694355 complete and 0 interrupted iterations
cap_mixed   [  50% ] 0015/0256 VUs  14m51.8s/30m0s  1900.00 iters/s

running (14m52.8s), 0012/0256 VUs, 1696257 complete and 0 interrupted iterations
cap_mixed   [  50% ] 0012/0256 VUs  14m52.8s/30m0s  1900.00 iters/s

running (14m53.8s), 0014/0256 VUs, 1698155 complete and 0 interrupted iterations
cap_mixed   [  50% ] 0014/0256 VUs  14m53.8s/30m0s  1900.00 iters/s

running (14m54.8s), 0014/0256 VUs, 1700055 complete and 0 interrupted iterations
cap_mixed   [  50% ] 0014/0256 VUs  14m54.8s/30m0s  1900.00 iters/s

running (14m55.8s), 0010/0256 VUs, 1701959 complete and 0 interrupted iterations
cap_mixed   [  50% ] 0010/0256 VUs  14m55.8s/30m0s  1900.00 iters/s

running (14m56.8s), 0033/0256 VUs, 1703836 complete and 0 interrupted iterations
cap_mixed   [  50% ] 0033/0256 VUs  14m56.8s/30m0s  1900.00 iters/s

running (14m57.8s), 0017/0256 VUs, 1705752 complete and 0 interrupted iterations
cap_mixed   [  50% ] 0017/0256 VUs  14m57.8s/30m0s  1900.00 iters/s

running (14m58.8s), 0011/0256 VUs, 1707658 complete and 0 interrupted iterations
cap_mixed   [  50% ] 0011/0256 VUs  14m58.8s/30m0s  1900.00 iters/s

running (14m59.8s), 0012/0256 VUs, 1709557 complete and 0 interrupted iterations
cap_mixed   [  50% ] 0012/0256 VUs  14m59.8s/30m0s  1900.00 iters/s

running (15m00.8s), 0012/0256 VUs, 1711457 complete and 0 interrupted iterations
cap_mixed   [  50% ] 0012/0256 VUs  15m00.8s/30m0s  1900.00 iters/s

running (15m01.8s), 0018/0256 VUs, 1713351 complete and 0 interrupted iterations
cap_mixed   [  50% ] 0018/0256 VUs  15m01.8s/30m0s  1900.00 iters/s

running (15m02.8s), 0015/0256 VUs, 1715254 complete and 0 interrupted iterations
cap_mixed   [  50% ] 0015/0256 VUs  15m02.8s/30m0s  1900.00 iters/s

running (15m03.8s), 0014/0256 VUs, 1717155 complete and 0 interrupted iterations
cap_mixed   [  50% ] 0014/0256 VUs  15m03.8s/30m0s  1900.00 iters/s

running (15m04.8s), 0013/0256 VUs, 1719055 complete and 0 interrupted iterations
cap_mixed   [  50% ] 0013/0256 VUs  15m04.8s/30m0s  1900.00 iters/s

running (15m05.8s), 0027/0256 VUs, 1720943 complete and 0 interrupted iterations
cap_mixed   [  50% ] 0027/0256 VUs  15m05.8s/30m0s  1900.00 iters/s

running (15m06.8s), 0009/0256 VUs, 1722860 complete and 0 interrupted iterations
cap_mixed   [  50% ] 0009/0256 VUs  15m06.8s/30m0s  1900.00 iters/s

running (15m07.8s), 0007/0256 VUs, 1724761 complete and 0 interrupted iterations
cap_mixed   [  50% ] 0008/0256 VUs  15m07.8s/30m0s  1900.00 iters/s

running (15m08.8s), 0032/0256 VUs, 1726638 complete and 0 interrupted iterations
cap_mixed   [  50% ] 0032/0256 VUs  15m08.8s/30m0s  1900.00 iters/s

running (15m09.8s), 0006/0256 VUs, 1728563 complete and 0 interrupted iterations
cap_mixed   [  51% ] 0006/0256 VUs  15m09.8s/30m0s  1900.00 iters/s

running (15m10.8s), 0009/0256 VUs, 1730460 complete and 0 interrupted iterations
cap_mixed   [  51% ] 0009/0256 VUs  15m10.8s/30m0s  1900.00 iters/s

running (15m11.8s), 0019/0256 VUs, 1732349 complete and 0 interrupted iterations
cap_mixed   [  51% ] 0019/0256 VUs  15m11.8s/30m0s  1900.00 iters/s

running (15m12.8s), 0012/0256 VUs, 1734257 complete and 0 interrupted iterations
cap_mixed   [  51% ] 0012/0256 VUs  15m12.8s/30m0s  1900.00 iters/s

running (15m13.8s), 0007/0256 VUs, 1736161 complete and 0 interrupted iterations
cap_mixed   [  51% ] 0007/0256 VUs  15m13.8s/30m0s  1900.00 iters/s

running (15m14.8s), 0008/0256 VUs, 1738060 complete and 0 interrupted iterations
cap_mixed   [  51% ] 0009/0256 VUs  15m14.8s/30m0s  1900.00 iters/s

running (15m15.8s), 0014/0256 VUs, 1739955 complete and 0 interrupted iterations
cap_mixed   [  51% ] 0014/0256 VUs  15m15.8s/30m0s  1900.00 iters/s

running (15m16.8s), 0029/0256 VUs, 1741840 complete and 0 interrupted iterations
cap_mixed   [  51% ] 0029/0256 VUs  15m16.8s/30m0s  1900.00 iters/s

running (15m17.8s), 0015/0256 VUs, 1743754 complete and 0 interrupted iterations
cap_mixed   [  51% ] 0015/0256 VUs  15m17.8s/30m0s  1900.00 iters/s

running (15m18.8s), 0017/0256 VUs, 1745652 complete and 0 interrupted iterations
cap_mixed   [  51% ] 0017/0256 VUs  15m18.8s/30m0s  1900.00 iters/s

running (15m19.8s), 0010/0256 VUs, 1747559 complete and 0 interrupted iterations
cap_mixed   [  51% ] 0010/0256 VUs  15m19.8s/30m0s  1900.00 iters/s

running (15m20.8s), 0016/0256 VUs, 1749454 complete and 0 interrupted iterations
cap_mixed   [  51% ] 0016/0256 VUs  15m20.8s/30m0s  1900.00 iters/s

running (15m21.8s), 0011/0256 VUs, 1751358 complete and 0 interrupted iterations
cap_mixed   [  51% ] 0011/0256 VUs  15m21.8s/30m0s  1900.00 iters/s

running (15m22.8s), 0011/0256 VUs, 1753258 complete and 0 interrupted iterations
cap_mixed   [  51% ] 0011/0256 VUs  15m22.8s/30m0s  1900.00 iters/s

running (15m23.8s), 0019/0256 VUs, 1755149 complete and 0 interrupted iterations
cap_mixed   [  51% ] 0020/0256 VUs  15m23.8s/30m0s  1900.00 iters/s

running (15m24.8s), 0008/0256 VUs, 1757060 complete and 0 interrupted iterations
cap_mixed   [  51% ] 0008/0256 VUs  15m24.8s/30m0s  1900.00 iters/s

running (15m25.8s), 0010/0256 VUs, 1758959 complete and 0 interrupted iterations
cap_mixed   [  51% ] 0010/0256 VUs  15m25.8s/30m0s  1900.00 iters/s

running (15m26.8s), 0011/0256 VUs, 1760858 complete and 0 interrupted iterations
cap_mixed   [  51% ] 0011/0256 VUs  15m26.8s/30m0s  1900.00 iters/s

running (15m27.8s), 0006/0256 VUs, 1762763 complete and 0 interrupted iterations
cap_mixed   [  52% ] 0006/0256 VUs  15m27.8s/30m0s  1900.00 iters/s

running (15m28.8s), 0014/0256 VUs, 1764656 complete and 0 interrupted iterations
cap_mixed   [  52% ] 0014/0256 VUs  15m28.8s/30m0s  1900.00 iters/s

running (15m29.8s), 0012/0256 VUs, 1766557 complete and 0 interrupted iterations
cap_mixed   [  52% ] 0012/0256 VUs  15m29.8s/30m0s  1900.00 iters/s

running (15m30.8s), 0021/0256 VUs, 1768448 complete and 0 interrupted iterations
cap_mixed   [  52% ] 0021/0256 VUs  15m30.8s/30m0s  1900.00 iters/s

running (15m31.8s), 0012/0256 VUs, 1770357 complete and 0 interrupted iterations
cap_mixed   [  52% ] 0012/0256 VUs  15m31.8s/30m0s  1900.00 iters/s

running (15m32.8s), 0012/0256 VUs, 1772257 complete and 0 interrupted iterations
cap_mixed   [  52% ] 0012/0256 VUs  15m32.8s/30m0s  1900.00 iters/s

running (15m33.8s), 0010/0256 VUs, 1774159 complete and 0 interrupted iterations
cap_mixed   [  52% ] 0010/0256 VUs  15m33.8s/30m0s  1900.00 iters/s

running (15m34.8s), 0011/0256 VUs, 1776058 complete and 0 interrupted iterations
cap_mixed   [  52% ] 0011/0256 VUs  15m34.8s/30m0s  1900.00 iters/s

running (15m35.8s), 0011/0256 VUs, 1777958 complete and 0 interrupted iterations
cap_mixed   [  52% ] 0011/0256 VUs  15m35.8s/30m0s  1900.00 iters/s

running (15m36.8s), 0011/0256 VUs, 1779858 complete and 0 interrupted iterations
cap_mixed   [  52% ] 0011/0256 VUs  15m36.8s/30m0s  1900.00 iters/s

running (15m37.8s), 0009/0256 VUs, 1781760 complete and 0 interrupted iterations
cap_mixed   [  52% ] 0009/0256 VUs  15m37.8s/30m0s  1900.00 iters/s

running (15m38.8s), 0012/0256 VUs, 1783657 complete and 0 interrupted iterations
cap_mixed   [  52% ] 0012/0256 VUs  15m38.8s/30m0s  1900.00 iters/s

running (15m39.8s), 0012/0256 VUs, 1785557 complete and 0 interrupted iterations
cap_mixed   [  52% ] 0012/0256 VUs  15m39.8s/30m0s  1900.00 iters/s

running (15m40.8s), 0010/0256 VUs, 1787459 complete and 0 interrupted iterations
cap_mixed   [  52% ] 0010/0256 VUs  15m40.8s/30m0s  1900.00 iters/s

running (15m41.8s), 0026/0256 VUs, 1789342 complete and 0 interrupted iterations
cap_mixed   [  52% ] 0026/0256 VUs  15m41.8s/30m0s  1900.00 iters/s

running (15m42.8s), 0013/0256 VUs, 1791256 complete and 0 interrupted iterations
cap_mixed   [  52% ] 0013/0256 VUs  15m42.8s/30m0s  1900.00 iters/s

running (15m43.8s), 0010/0256 VUs, 1793159 complete and 0 interrupted iterations
cap_mixed   [  52% ] 0010/0256 VUs  15m43.8s/30m0s  1900.00 iters/s

running (15m44.8s), 0014/0256 VUs, 1795054 complete and 0 interrupted iterations
cap_mixed   [  52% ] 0015/0256 VUs  15m44.8s/30m0s  1900.00 iters/s

running (15m45.8s), 0011/0256 VUs, 1796958 complete and 0 interrupted iterations
cap_mixed   [  53% ] 0011/0256 VUs  15m45.8s/30m0s  1900.00 iters/s

running (15m46.8s), 0011/0256 VUs, 1798858 complete and 0 interrupted iterations
cap_mixed   [  53% ] 0011/0256 VUs  15m46.8s/30m0s  1900.00 iters/s

running (15m47.8s), 0011/0256 VUs, 1800758 complete and 0 interrupted iterations
cap_mixed   [  53% ] 0011/0256 VUs  15m47.8s/30m0s  1900.00 iters/s

running (15m48.8s), 0009/0256 VUs, 1802661 complete and 0 interrupted iterations
cap_mixed   [  53% ] 0009/0256 VUs  15m48.8s/30m0s  1900.00 iters/s

running (15m49.8s), 0016/0256 VUs, 1804553 complete and 0 interrupted iterations
cap_mixed   [  53% ] 0016/0256 VUs  15m49.8s/30m0s  1900.00 iters/s

running (15m50.8s), 0012/0256 VUs, 1806457 complete and 0 interrupted iterations
cap_mixed   [  53% ] 0012/0256 VUs  15m50.8s/30m0s  1900.00 iters/s

running (15m51.8s), 0011/0256 VUs, 1808358 complete and 0 interrupted iterations
cap_mixed   [  53% ] 0011/0256 VUs  15m51.8s/30m0s  1900.00 iters/s

running (15m52.8s), 0017/0256 VUs, 1810253 complete and 0 interrupted iterations
cap_mixed   [  53% ] 0017/0256 VUs  15m52.8s/30m0s  1900.00 iters/s

running (15m53.8s), 0013/0256 VUs, 1812156 complete and 0 interrupted iterations
cap_mixed   [  53% ] 0013/0256 VUs  15m53.8s/30m0s  1900.00 iters/s

running (15m54.8s), 0018/0256 VUs, 1814051 complete and 0 interrupted iterations
cap_mixed   [  53% ] 0018/0256 VUs  15m54.8s/30m0s  1900.00 iters/s

running (15m55.8s), 0015/0256 VUs, 1815954 complete and 0 interrupted iterations
cap_mixed   [  53% ] 0015/0256 VUs  15m55.8s/30m0s  1900.00 iters/s

running (15m56.8s), 0014/0256 VUs, 1817855 complete and 0 interrupted iterations
cap_mixed   [  53% ] 0014/0256 VUs  15m56.8s/30m0s  1900.00 iters/s

running (15m57.8s), 0010/0256 VUs, 1819759 complete and 0 interrupted iterations
cap_mixed   [  53% ] 0010/0256 VUs  15m57.8s/30m0s  1900.00 iters/s

running (15m58.8s), 0011/0256 VUs, 1821658 complete and 0 interrupted iterations
cap_mixed   [  53% ] 0011/0256 VUs  15m58.8s/30m0s  1900.00 iters/s

running (15m59.8s), 0014/0256 VUs, 1823555 complete and 0 interrupted iterations
cap_mixed   [  53% ] 0014/0256 VUs  15m59.8s/30m0s  1900.00 iters/s

running (16m00.8s), 0016/0256 VUs, 1825453 complete and 0 interrupted iterations
cap_mixed   [  53% ] 0016/0256 VUs  16m00.8s/30m0s  1900.00 iters/s

running (16m01.8s), 0011/0256 VUs, 1827358 complete and 0 interrupted iterations
cap_mixed   [  53% ] 0011/0256 VUs  16m01.8s/30m0s  1900.00 iters/s

running (16m02.8s), 0009/0256 VUs, 1829260 complete and 0 interrupted iterations
cap_mixed   [  53% ] 0009/0256 VUs  16m02.8s/30m0s  1900.00 iters/s

running (16m03.8s), 0007/0256 VUs, 1831162 complete and 0 interrupted iterations
cap_mixed   [  54% ] 0007/0256 VUs  16m03.8s/30m0s  1900.00 iters/s

running (16m04.8s), 0010/0256 VUs, 1833059 complete and 0 interrupted iterations
cap_mixed   [  54% ] 0010/0256 VUs  16m04.8s/30m0s  1900.00 iters/s

running (16m05.8s), 0014/0256 VUs, 1834955 complete and 0 interrupted iterations
cap_mixed   [  54% ] 0014/0256 VUs  16m05.8s/30m0s  1900.00 iters/s

running (16m06.8s), 0011/0256 VUs, 1836858 complete and 0 interrupted iterations
cap_mixed   [  54% ] 0011/0256 VUs  16m06.8s/30m0s  1900.00 iters/s

running (16m07.8s), 0016/0256 VUs, 1838753 complete and 0 interrupted iterations
cap_mixed   [  54% ] 0016/0256 VUs  16m07.8s/30m0s  1900.00 iters/s

running (16m08.8s), 0009/0256 VUs, 1840660 complete and 0 interrupted iterations
cap_mixed   [  54% ] 0009/0256 VUs  16m08.8s/30m0s  1900.00 iters/s

running (16m09.8s), 0021/0256 VUs, 1842548 complete and 0 interrupted iterations
cap_mixed   [  54% ] 0021/0256 VUs  16m09.8s/30m0s  1900.00 iters/s

running (16m10.8s), 0014/0256 VUs, 1844455 complete and 0 interrupted iterations
cap_mixed   [  54% ] 0014/0256 VUs  16m10.8s/30m0s  1900.00 iters/s

running (16m11.8s), 0014/0256 VUs, 1846355 complete and 0 interrupted iterations
cap_mixed   [  54% ] 0014/0256 VUs  16m11.8s/30m0s  1900.00 iters/s

running (16m12.8s), 0017/0256 VUs, 1848252 complete and 0 interrupted iterations
cap_mixed   [  54% ] 0017/0256 VUs  16m12.8s/30m0s  1900.00 iters/s

running (16m13.8s), 0012/0256 VUs, 1850157 complete and 0 interrupted iterations
cap_mixed   [  54% ] 0012/0256 VUs  16m13.8s/30m0s  1900.00 iters/s

running (16m14.8s), 0014/0256 VUs, 1852055 complete and 0 interrupted iterations
cap_mixed   [  54% ] 0014/0256 VUs  16m14.8s/30m0s  1900.00 iters/s

running (16m15.8s), 0015/0256 VUs, 1853954 complete and 0 interrupted iterations
cap_mixed   [  54% ] 0015/0256 VUs  16m15.8s/30m0s  1900.00 iters/s

running (16m16.8s), 0013/0256 VUs, 1855856 complete and 0 interrupted iterations
cap_mixed   [  54% ] 0013/0256 VUs  16m16.8s/30m0s  1900.00 iters/s

running (16m17.8s), 0020/0256 VUs, 1857749 complete and 0 interrupted iterations
cap_mixed   [  54% ] 0020/0256 VUs  16m17.8s/30m0s  1900.00 iters/s

running (16m18.8s), 0013/0256 VUs, 1859656 complete and 0 interrupted iterations
cap_mixed   [  54% ] 0013/0256 VUs  16m18.8s/30m0s  1900.00 iters/s

running (16m19.8s), 0012/0256 VUs, 1861557 complete and 0 interrupted iterations
cap_mixed   [  54% ] 0012/0256 VUs  16m19.8s/30m0s  1900.00 iters/s

running (16m20.8s), 0023/0256 VUs, 1863446 complete and 0 interrupted iterations
cap_mixed   [  54% ] 0023/0256 VUs  16m20.8s/30m0s  1900.00 iters/s

running (16m21.8s), 0012/0256 VUs, 1865357 complete and 0 interrupted iterations
cap_mixed   [  55% ] 0012/0256 VUs  16m21.8s/30m0s  1900.00 iters/s

running (16m22.8s), 0013/0256 VUs, 1867256 complete and 0 interrupted iterations
cap_mixed   [  55% ] 0012/0256 VUs  16m22.8s/30m0s  1900.00 iters/s

running (16m23.8s), 0014/0256 VUs, 1869155 complete and 0 interrupted iterations
cap_mixed   [  55% ] 0014/0256 VUs  16m23.8s/30m0s  1900.00 iters/s

running (16m24.8s), 0015/0256 VUs, 1871054 complete and 0 interrupted iterations
cap_mixed   [  55% ] 0015/0256 VUs  16m24.8s/30m0s  1900.00 iters/s

running (16m25.8s), 0013/0256 VUs, 1872956 complete and 0 interrupted iterations
cap_mixed   [  55% ] 0013/0256 VUs  16m25.8s/30m0s  1900.00 iters/s

running (16m26.8s), 0012/0256 VUs, 1874857 complete and 0 interrupted iterations
cap_mixed   [  55% ] 0012/0256 VUs  16m26.8s/30m0s  1900.00 iters/s

running (16m27.8s), 0011/0256 VUs, 1876758 complete and 0 interrupted iterations
cap_mixed   [  55% ] 0011/0256 VUs  16m27.8s/30m0s  1900.00 iters/s

running (16m28.8s), 0011/0256 VUs, 1878658 complete and 0 interrupted iterations
cap_mixed   [  55% ] 0011/0256 VUs  16m28.8s/30m0s  1900.00 iters/s

running (16m29.8s), 0014/0256 VUs, 1880555 complete and 0 interrupted iterations
cap_mixed   [  55% ] 0014/0256 VUs  16m29.8s/30m0s  1900.00 iters/s

running (16m30.8s), 0009/0256 VUs, 1882459 complete and 0 interrupted iterations
cap_mixed   [  55% ] 0009/0256 VUs  16m30.8s/30m0s  1900.00 iters/s

running (16m31.8s), 0014/0256 VUs, 1884355 complete and 0 interrupted iterations
cap_mixed   [  55% ] 0014/0256 VUs  16m31.8s/30m0s  1900.00 iters/s

running (16m32.8s), 0016/0256 VUs, 1886253 complete and 0 interrupted iterations
cap_mixed   [  55% ] 0016/0256 VUs  16m32.8s/30m0s  1900.00 iters/s

running (16m33.8s), 0014/0256 VUs, 1888155 complete and 0 interrupted iterations
cap_mixed   [  55% ] 0014/0256 VUs  16m33.8s/30m0s  1900.00 iters/s

running (16m34.8s), 0013/0256 VUs, 1890056 complete and 0 interrupted iterations
cap_mixed   [  55% ] 0013/0256 VUs  16m34.8s/30m0s  1900.00 iters/s

running (16m35.8s), 0019/0256 VUs, 1891950 complete and 0 interrupted iterations
cap_mixed   [  55% ] 0019/0256 VUs  16m35.8s/30m0s  1900.00 iters/s

running (16m36.8s), 0009/0256 VUs, 1893861 complete and 0 interrupted iterations
cap_mixed   [  55% ] 0009/0256 VUs  16m36.8s/30m0s  1900.00 iters/s

running (16m37.8s), 0014/0256 VUs, 1895755 complete and 0 interrupted iterations
cap_mixed   [  55% ] 0014/0256 VUs  16m37.8s/30m0s  1900.00 iters/s

running (16m38.8s), 0012/0256 VUs, 1897656 complete and 0 interrupted iterations
cap_mixed   [  55% ] 0013/0256 VUs  16m38.8s/30m0s  1900.00 iters/s

running (16m39.8s), 0017/0256 VUs, 1899553 complete and 0 interrupted iterations
cap_mixed   [  56% ] 0017/0256 VUs  16m39.8s/30m0s  1900.00 iters/s

running (16m40.8s), 0011/0256 VUs, 1901459 complete and 0 interrupted iterations
cap_mixed   [  56% ] 0011/0256 VUs  16m40.8s/30m0s  1900.00 iters/s

running (16m41.8s), 0013/0256 VUs, 1903356 complete and 0 interrupted iterations
cap_mixed   [  56% ] 0013/0256 VUs  16m41.8s/30m0s  1900.00 iters/s

running (16m42.8s), 0015/0256 VUs, 1905254 complete and 0 interrupted iterations
cap_mixed   [  56% ] 0015/0256 VUs  16m42.8s/30m0s  1900.00 iters/s

running (16m43.8s), 0008/0256 VUs, 1907161 complete and 0 interrupted iterations
cap_mixed   [  56% ] 0008/0256 VUs  16m43.8s/30m0s  1900.00 iters/s

running (16m44.8s), 0011/0256 VUs, 1909058 complete and 0 interrupted iterations
cap_mixed   [  56% ] 0011/0256 VUs  16m44.8s/30m0s  1900.00 iters/s

running (16m45.8s), 0014/0256 VUs, 1910955 complete and 0 interrupted iterations
cap_mixed   [  56% ] 0014/0256 VUs  16m45.8s/30m0s  1900.00 iters/s

running (16m46.8s), 0007/0256 VUs, 1912862 complete and 0 interrupted iterations
cap_mixed   [  56% ] 0007/0256 VUs  16m46.8s/30m0s  1900.00 iters/s

running (16m47.8s), 0012/0256 VUs, 1914757 complete and 0 interrupted iterations
cap_mixed   [  56% ] 0012/0256 VUs  16m47.8s/30m0s  1900.00 iters/s

running (16m48.8s), 0019/0256 VUs, 1916650 complete and 0 interrupted iterations
cap_mixed   [  56% ] 0019/0256 VUs  16m48.8s/30m0s  1900.00 iters/s

running (16m49.8s), 0014/0256 VUs, 1918555 complete and 0 interrupted iterations
cap_mixed   [  56% ] 0014/0256 VUs  16m49.8s/30m0s  1900.00 iters/s

running (16m50.8s), 0012/0256 VUs, 1920457 complete and 0 interrupted iterations
cap_mixed   [  56% ] 0012/0256 VUs  16m50.8s/30m0s  1900.00 iters/s

running (16m51.8s), 0010/0256 VUs, 1922359 complete and 0 interrupted iterations
cap_mixed   [  56% ] 0010/0256 VUs  16m51.8s/30m0s  1900.00 iters/s

running (16m52.8s), 0020/0256 VUs, 1924249 complete and 0 interrupted iterations
cap_mixed   [  56% ] 0020/0256 VUs  16m52.8s/30m0s  1900.00 iters/s

running (16m53.8s), 0014/0256 VUs, 1926155 complete and 0 interrupted iterations
cap_mixed   [  56% ] 0014/0256 VUs  16m53.8s/30m0s  1900.00 iters/s

running (16m54.8s), 0013/0256 VUs, 1928056 complete and 0 interrupted iterations
cap_mixed   [  56% ] 0013/0256 VUs  16m54.8s/30m0s  1900.00 iters/s

running (16m55.8s), 0012/0256 VUs, 1929957 complete and 0 interrupted iterations
cap_mixed   [  56% ] 0012/0256 VUs  16m55.8s/30m0s  1900.00 iters/s

running (16m56.8s), 0005/0256 VUs, 1931864 complete and 0 interrupted iterations
cap_mixed   [  56% ] 0005/0256 VUs  16m56.8s/30m0s  1900.00 iters/s

running (16m57.8s), 0011/0256 VUs, 1933758 complete and 0 interrupted iterations
cap_mixed   [  57% ] 0011/0256 VUs  16m57.8s/30m0s  1900.00 iters/s

running (16m58.8s), 0010/0256 VUs, 1935659 complete and 0 interrupted iterations
cap_mixed   [  57% ] 0010/0256 VUs  16m58.8s/30m0s  1900.00 iters/s

running (16m59.8s), 0011/0256 VUs, 1937558 complete and 0 interrupted iterations
cap_mixed   [  57% ] 0011/0256 VUs  16m59.8s/30m0s  1900.00 iters/s

running (17m00.8s), 0012/0256 VUs, 1939457 complete and 0 interrupted iterations
cap_mixed   [  57% ] 0012/0256 VUs  17m00.8s/30m0s  1900.00 iters/s

running (17m01.8s), 0008/0256 VUs, 1941361 complete and 0 interrupted iterations
cap_mixed   [  57% ] 0008/0256 VUs  17m01.8s/30m0s  1900.00 iters/s

running (17m02.8s), 0010/0256 VUs, 1943260 complete and 0 interrupted iterations
cap_mixed   [  57% ] 0010/0256 VUs  17m02.8s/30m0s  1900.00 iters/s

running (17m03.8s), 0013/0256 VUs, 1945156 complete and 0 interrupted iterations
cap_mixed   [  57% ] 0013/0256 VUs  17m03.8s/30m0s  1900.00 iters/s

running (17m04.8s), 0013/0256 VUs, 1947056 complete and 0 interrupted iterations
cap_mixed   [  57% ] 0013/0256 VUs  17m04.8s/30m0s  1900.00 iters/s

running (17m05.8s), 0011/0256 VUs, 1948958 complete and 0 interrupted iterations
cap_mixed   [  57% ] 0011/0256 VUs  17m05.8s/30m0s  1900.00 iters/s

running (17m06.8s), 0008/0256 VUs, 1950861 complete and 0 interrupted iterations
cap_mixed   [  57% ] 0008/0256 VUs  17m06.8s/30m0s  1900.00 iters/s

running (17m07.8s), 0017/0256 VUs, 1952751 complete and 0 interrupted iterations
cap_mixed   [  57% ] 0017/0256 VUs  17m07.8s/30m0s  1900.00 iters/s

running (17m08.8s), 0020/0256 VUs, 1954649 complete and 0 interrupted iterations
cap_mixed   [  57% ] 0020/0256 VUs  17m08.8s/30m0s  1900.00 iters/s

running (17m09.8s), 0011/0256 VUs, 1956558 complete and 0 interrupted iterations
cap_mixed   [  57% ] 0011/0256 VUs  17m09.8s/30m0s  1900.00 iters/s

running (17m10.8s), 0015/0256 VUs, 1958454 complete and 0 interrupted iterations
cap_mixed   [  57% ] 0015/0256 VUs  17m10.8s/30m0s  1900.00 iters/s

running (17m11.8s), 0015/0256 VUs, 1960355 complete and 0 interrupted iterations
cap_mixed   [  57% ] 0015/0256 VUs  17m11.8s/30m0s  1900.00 iters/s

running (17m12.8s), 0013/0256 VUs, 1962257 complete and 0 interrupted iterations
cap_mixed   [  57% ] 0013/0256 VUs  17m12.8s/30m0s  1900.00 iters/s

running (17m13.8s), 0008/0256 VUs, 1964162 complete and 0 interrupted iterations
cap_mixed   [  57% ] 0008/0256 VUs  17m13.8s/30m0s  1900.00 iters/s

running (17m14.8s), 0009/0256 VUs, 1966060 complete and 0 interrupted iterations
cap_mixed   [  57% ] 0009/0256 VUs  17m14.8s/30m0s  1900.00 iters/s

running (17m15.8s), 0015/0256 VUs, 1967955 complete and 0 interrupted iterations
cap_mixed   [  58% ] 0015/0256 VUs  17m15.8s/30m0s  1900.00 iters/s

running (17m16.8s), 0017/0256 VUs, 1969852 complete and 0 interrupted iterations
cap_mixed   [  58% ] 0017/0256 VUs  17m16.8s/30m0s  1900.00 iters/s

running (17m17.8s), 0010/0256 VUs, 1971758 complete and 0 interrupted iterations
cap_mixed   [  58% ] 0010/0256 VUs  17m17.8s/30m0s  1900.00 iters/s

running (17m18.8s), 0013/0256 VUs, 1973656 complete and 0 interrupted iterations
cap_mixed   [  58% ] 0013/0256 VUs  17m18.8s/30m0s  1900.00 iters/s

running (17m19.8s), 0012/0256 VUs, 1975557 complete and 0 interrupted iterations
cap_mixed   [  58% ] 0012/0256 VUs  17m19.8s/30m0s  1900.00 iters/s

running (17m20.8s), 0014/0256 VUs, 1977455 complete and 0 interrupted iterations
cap_mixed   [  58% ] 0014/0256 VUs  17m20.8s/30m0s  1900.00 iters/s

running (17m21.8s), 0011/0256 VUs, 1979358 complete and 0 interrupted iterations
cap_mixed   [  58% ] 0011/0256 VUs  17m21.8s/30m0s  1900.00 iters/s

running (17m22.8s), 0010/0256 VUs, 1981260 complete and 0 interrupted iterations
cap_mixed   [  58% ] 0010/0256 VUs  17m22.8s/30m0s  1900.00 iters/s

running (17m23.8s), 0013/0256 VUs, 1983156 complete and 0 interrupted iterations
cap_mixed   [  58% ] 0013/0256 VUs  17m23.8s/30m0s  1900.00 iters/s

running (17m24.8s), 0011/0256 VUs, 1985058 complete and 0 interrupted iterations
cap_mixed   [  58% ] 0011/0256 VUs  17m24.8s/30m0s  1900.00 iters/s

running (17m25.8s), 0010/0256 VUs, 1986959 complete and 0 interrupted iterations
cap_mixed   [  58% ] 0010/0256 VUs  17m25.8s/30m0s  1900.00 iters/s

running (17m26.8s), 0016/0256 VUs, 1988853 complete and 0 interrupted iterations
cap_mixed   [  58% ] 0016/0256 VUs  17m26.8s/30m0s  1900.00 iters/s

running (17m27.8s), 0015/0256 VUs, 1990754 complete and 0 interrupted iterations
cap_mixed   [  58% ] 0015/0256 VUs  17m27.8s/30m0s  1900.00 iters/s

running (17m28.8s), 0007/0256 VUs, 1992662 complete and 0 interrupted iterations
cap_mixed   [  58% ] 0007/0256 VUs  17m28.8s/30m0s  1900.00 iters/s

running (17m29.8s), 0016/0256 VUs, 1994553 complete and 0 interrupted iterations
cap_mixed   [  58% ] 0016/0256 VUs  17m29.8s/30m0s  1900.00 iters/s

running (17m30.8s), 0015/0256 VUs, 1996454 complete and 0 interrupted iterations
cap_mixed   [  58% ] 0015/0256 VUs  17m30.8s/30m0s  1900.00 iters/s

running (17m31.8s), 0009/0256 VUs, 1998360 complete and 0 interrupted iterations
cap_mixed   [  58% ] 0009/0256 VUs  17m31.8s/30m0s  1900.00 iters/s

running (17m32.8s), 0012/0256 VUs, 2000257 complete and 0 interrupted iterations
cap_mixed   [  58% ] 0012/0256 VUs  17m32.8s/30m0s  1900.00 iters/s

running (17m33.8s), 0013/0256 VUs, 2002156 complete and 0 interrupted iterations
cap_mixed   [  59% ] 0013/0256 VUs  17m33.8s/30m0s  1900.00 iters/s

running (17m34.8s), 0006/0256 VUs, 2004063 complete and 0 interrupted iterations
cap_mixed   [  59% ] 0006/0256 VUs  17m34.8s/30m0s  1900.00 iters/s

running (17m35.8s), 0017/0256 VUs, 2005952 complete and 0 interrupted iterations
cap_mixed   [  59% ] 0018/0256 VUs  17m35.8s/30m0s  1900.00 iters/s

running (17m36.8s), 0009/0256 VUs, 2007860 complete and 0 interrupted iterations
cap_mixed   [  59% ] 0009/0256 VUs  17m36.8s/30m0s  1900.00 iters/s

running (17m37.8s), 0019/0256 VUs, 2009751 complete and 0 interrupted iterations
cap_mixed   [  59% ] 0019/0256 VUs  17m37.8s/30m0s  1900.00 iters/s

running (17m38.8s), 0016/0256 VUs, 2011653 complete and 0 interrupted iterations
cap_mixed   [  59% ] 0016/0256 VUs  17m38.8s/30m0s  1900.00 iters/s

running (17m39.8s), 0011/0256 VUs, 2013558 complete and 0 interrupted iterations
cap_mixed   [  59% ] 0011/0256 VUs  17m39.8s/30m0s  1900.00 iters/s

running (17m40.8s), 0017/0256 VUs, 2015452 complete and 0 interrupted iterations
cap_mixed   [  59% ] 0017/0256 VUs  17m40.8s/30m0s  1900.00 iters/s

running (17m41.8s), 0012/0256 VUs, 2017357 complete and 0 interrupted iterations
cap_mixed   [  59% ] 0013/0256 VUs  17m41.8s/30m0s  1900.00 iters/s

running (17m42.8s), 0013/0256 VUs, 2019256 complete and 0 interrupted iterations
cap_mixed   [  59% ] 0013/0256 VUs  17m42.8s/30m0s  1900.00 iters/s

running (17m43.8s), 0015/0256 VUs, 2021155 complete and 0 interrupted iterations
cap_mixed   [  59% ] 0015/0256 VUs  17m43.8s/30m0s  1900.00 iters/s

running (17m44.8s), 0009/0256 VUs, 2023060 complete and 0 interrupted iterations
cap_mixed   [  59% ] 0009/0256 VUs  17m44.8s/30m0s  1900.00 iters/s

running (17m45.8s), 0013/0256 VUs, 2024957 complete and 0 interrupted iterations
cap_mixed   [  59% ] 0013/0256 VUs  17m45.8s/30m0s  1900.00 iters/s

running (17m46.8s), 0016/0256 VUs, 2026853 complete and 0 interrupted iterations
cap_mixed   [  59% ] 0016/0256 VUs  17m46.8s/30m0s  1900.00 iters/s

running (17m47.8s), 0012/0256 VUs, 2028757 complete and 0 interrupted iterations
cap_mixed   [  59% ] 0012/0256 VUs  17m47.8s/30m0s  1900.00 iters/s

running (17m48.8s), 0008/0256 VUs, 2030661 complete and 0 interrupted iterations
cap_mixed   [  59% ] 0008/0256 VUs  17m48.8s/30m0s  1900.00 iters/s

running (17m49.8s), 0040/0256 VUs, 2032529 complete and 0 interrupted iterations
cap_mixed   [  59% ] 0040/0256 VUs  17m49.8s/30m0s  1900.00 iters/s

running (17m50.8s), 0011/0256 VUs, 2034458 complete and 0 interrupted iterations
cap_mixed   [  59% ] 0011/0256 VUs  17m50.8s/30m0s  1900.00 iters/s

running (17m51.8s), 0014/0256 VUs, 2036356 complete and 0 interrupted iterations
cap_mixed   [  60% ] 0014/0256 VUs  17m51.8s/30m0s  1900.00 iters/s

running (17m52.8s), 0020/0256 VUs, 2038250 complete and 0 interrupted iterations
cap_mixed   [  60% ] 0020/0256 VUs  17m52.8s/30m0s  1900.00 iters/s

running (17m53.8s), 0010/0256 VUs, 2040159 complete and 0 interrupted iterations
cap_mixed   [  60% ] 0010/0256 VUs  17m53.8s/30m0s  1900.00 iters/s

running (17m54.8s), 0007/0256 VUs, 2042063 complete and 0 interrupted iterations
cap_mixed   [  60% ] 0007/0256 VUs  17m54.8s/30m0s  1900.00 iters/s

running (17m55.8s), 0008/0256 VUs, 2043962 complete and 0 interrupted iterations
cap_mixed   [  60% ] 0008/0256 VUs  17m55.8s/30m0s  1900.00 iters/s

running (17m56.8s), 0012/0256 VUs, 2045857 complete and 0 interrupted iterations
cap_mixed   [  60% ] 0012/0256 VUs  17m56.8s/30m0s  1900.00 iters/s

running (17m57.8s), 0021/0256 VUs, 2047748 complete and 0 interrupted iterations
cap_mixed   [  60% ] 0021/0256 VUs  17m57.8s/30m0s  1900.00 iters/s

running (17m58.8s), 0014/0256 VUs, 2049655 complete and 0 interrupted iterations
cap_mixed   [  60% ] 0014/0256 VUs  17m58.8s/30m0s  1900.00 iters/s

running (17m59.8s), 0010/0256 VUs, 2051560 complete and 0 interrupted iterations
cap_mixed   [  60% ] 0010/0256 VUs  17m59.8s/30m0s  1900.00 iters/s

running (18m00.8s), 0012/0256 VUs, 2053458 complete and 0 interrupted iterations
cap_mixed   [  60% ] 0012/0256 VUs  18m00.8s/30m0s  1900.00 iters/s

running (18m01.8s), 0008/0256 VUs, 2055362 complete and 0 interrupted iterations
cap_mixed   [  60% ] 0008/0256 VUs  18m01.8s/30m0s  1900.00 iters/s

running (18m02.8s), 0014/0256 VUs, 2057255 complete and 0 interrupted iterations
cap_mixed   [  60% ] 0014/0256 VUs  18m02.8s/30m0s  1900.00 iters/s

running (18m03.8s), 0012/0256 VUs, 2059157 complete and 0 interrupted iterations
cap_mixed   [  60% ] 0012/0256 VUs  18m03.8s/30m0s  1900.00 iters/s

running (18m04.8s), 0019/0256 VUs, 2061050 complete and 0 interrupted iterations
cap_mixed   [  60% ] 0019/0256 VUs  18m04.8s/30m0s  1900.00 iters/s

running (18m05.8s), 0017/0256 VUs, 2062952 complete and 0 interrupted iterations
cap_mixed   [  60% ] 0017/0256 VUs  18m05.8s/30m0s  1900.00 iters/s

running (18m06.8s), 0015/0256 VUs, 2064854 complete and 0 interrupted iterations
cap_mixed   [  60% ] 0015/0256 VUs  18m06.8s/30m0s  1900.00 iters/s

running (18m07.8s), 0019/0256 VUs, 2066750 complete and 0 interrupted iterations
cap_mixed   [  60% ] 0019/0256 VUs  18m07.8s/30m0s  1900.00 iters/s

running (18m08.8s), 0018/0256 VUs, 2068652 complete and 0 interrupted iterations
cap_mixed   [  60% ] 0018/0256 VUs  18m08.8s/30m0s  1900.00 iters/s

running (18m09.8s), 0009/0256 VUs, 2070560 complete and 0 interrupted iterations
cap_mixed   [  61% ] 0009/0256 VUs  18m09.8s/30m0s  1900.00 iters/s

running (18m10.8s), 0016/0256 VUs, 2072454 complete and 0 interrupted iterations
cap_mixed   [  61% ] 0016/0256 VUs  18m10.8s/30m0s  1900.00 iters/s

running (18m11.8s), 0011/0256 VUs, 2074358 complete and 0 interrupted iterations
cap_mixed   [  61% ] 0011/0256 VUs  18m11.8s/30m0s  1900.00 iters/s

running (18m12.8s), 0019/0256 VUs, 2076251 complete and 0 interrupted iterations
cap_mixed   [  61% ] 0019/0256 VUs  18m12.8s/30m0s  1900.00 iters/s

running (18m13.8s), 0016/0256 VUs, 2078153 complete and 0 interrupted iterations
cap_mixed   [  61% ] 0016/0256 VUs  18m13.8s/30m0s  1900.00 iters/s

running (18m14.8s), 0011/0256 VUs, 2080058 complete and 0 interrupted iterations
cap_mixed   [  61% ] 0011/0256 VUs  18m14.8s/30m0s  1900.00 iters/s

running (18m15.8s), 0009/0256 VUs, 2081961 complete and 0 interrupted iterations
cap_mixed   [  61% ] 0009/0256 VUs  18m15.8s/30m0s  1900.00 iters/s

running (18m16.8s), 0012/0256 VUs, 2083857 complete and 0 interrupted iterations
cap_mixed   [  61% ] 0012/0256 VUs  18m16.8s/30m0s  1900.00 iters/s

running (18m17.8s), 0021/0256 VUs, 2085749 complete and 0 interrupted iterations
cap_mixed   [  61% ] 0021/0256 VUs  18m17.8s/30m0s  1900.00 iters/s

running (18m18.8s), 0015/0256 VUs, 2087654 complete and 0 interrupted iterations
cap_mixed   [  61% ] 0015/0256 VUs  18m18.8s/30m0s  1900.00 iters/s

running (18m19.8s), 0015/0256 VUs, 2089555 complete and 0 interrupted iterations
cap_mixed   [  61% ] 0015/0256 VUs  18m19.8s/30m0s  1900.00 iters/s

running (18m20.8s), 0011/0256 VUs, 2091459 complete and 0 interrupted iterations
cap_mixed   [  61% ] 0011/0256 VUs  18m20.8s/30m0s  1900.00 iters/s

running (18m21.8s), 0007/0256 VUs, 2093363 complete and 0 interrupted iterations
cap_mixed   [  61% ] 0007/0256 VUs  18m21.8s/30m0s  1900.00 iters/s

running (18m22.8s), 0011/0256 VUs, 2095258 complete and 0 interrupted iterations
cap_mixed   [  61% ] 0011/0256 VUs  18m22.8s/30m0s  1900.00 iters/s

running (18m23.8s), 0014/0256 VUs, 2097155 complete and 0 interrupted iterations
cap_mixed   [  61% ] 0015/0256 VUs  18m23.8s/30m0s  1900.00 iters/s

running (18m24.8s), 0014/0256 VUs, 2099055 complete and 0 interrupted iterations
cap_mixed   [  61% ] 0014/0256 VUs  18m24.8s/30m0s  1900.00 iters/s

running (18m25.8s), 0015/0256 VUs, 2100954 complete and 0 interrupted iterations
cap_mixed   [  61% ] 0015/0256 VUs  18m25.8s/30m0s  1900.00 iters/s

running (18m26.8s), 0008/0256 VUs, 2102862 complete and 0 interrupted iterations
cap_mixed   [  61% ] 0008/0256 VUs  18m26.8s/30m0s  1900.00 iters/s

running (18m27.8s), 0011/0256 VUs, 2104758 complete and 0 interrupted iterations
cap_mixed   [  62% ] 0011/0256 VUs  18m27.8s/30m0s  1900.00 iters/s

running (18m28.8s), 0013/0256 VUs, 2106657 complete and 0 interrupted iterations
cap_mixed   [  62% ] 0013/0256 VUs  18m28.8s/30m0s  1900.00 iters/s

running (18m29.8s), 0015/0256 VUs, 2108555 complete and 0 interrupted iterations
cap_mixed   [  62% ] 0015/0256 VUs  18m29.8s/30m0s  1900.00 iters/s

running (18m30.8s), 0011/0256 VUs, 2110458 complete and 0 interrupted iterations
cap_mixed   [  62% ] 0010/0256 VUs  18m30.8s/30m0s  1900.00 iters/s

running (18m31.8s), 0023/0256 VUs, 2112346 complete and 0 interrupted iterations
cap_mixed   [  62% ] 0023/0256 VUs  18m31.8s/30m0s  1900.00 iters/s

running (18m32.8s), 0010/0256 VUs, 2114259 complete and 0 interrupted iterations
cap_mixed   [  62% ] 0010/0256 VUs  18m32.8s/30m0s  1900.00 iters/s

running (18m33.8s), 0016/0256 VUs, 2116154 complete and 0 interrupted iterations
cap_mixed   [  62% ] 0016/0256 VUs  18m33.8s/30m0s  1900.00 iters/s

running (18m34.8s), 0013/0256 VUs, 2118056 complete and 0 interrupted iterations
cap_mixed   [  62% ] 0013/0256 VUs  18m34.8s/30m0s  1900.00 iters/s

running (18m35.8s), 0005/0256 VUs, 2119964 complete and 0 interrupted iterations
cap_mixed   [  62% ] 0005/0256 VUs  18m35.8s/30m0s  1900.00 iters/s

running (18m36.8s), 0013/0256 VUs, 2121857 complete and 0 interrupted iterations
cap_mixed   [  62% ] 0013/0256 VUs  18m36.8s/30m0s  1900.00 iters/s

running (18m37.8s), 0014/0256 VUs, 2123755 complete and 0 interrupted iterations
cap_mixed   [  62% ] 0014/0256 VUs  18m37.8s/30m0s  1900.00 iters/s

running (18m38.8s), 0012/0256 VUs, 2125657 complete and 0 interrupted iterations
cap_mixed   [  62% ] 0012/0256 VUs  18m38.8s/30m0s  1900.00 iters/s

running (18m39.8s), 0019/0256 VUs, 2127551 complete and 0 interrupted iterations
cap_mixed   [  62% ] 0019/0256 VUs  18m39.8s/30m0s  1900.00 iters/s

running (18m40.8s), 0013/0256 VUs, 2129456 complete and 0 interrupted iterations
cap_mixed   [  62% ] 0013/0256 VUs  18m40.8s/30m0s  1900.00 iters/s

running (18m41.8s), 0010/0256 VUs, 2131360 complete and 0 interrupted iterations
cap_mixed   [  62% ] 0010/0256 VUs  18m41.8s/30m0s  1900.00 iters/s

running (18m42.8s), 0012/0256 VUs, 2133257 complete and 0 interrupted iterations
cap_mixed   [  62% ] 0012/0256 VUs  18m42.8s/30m0s  1900.00 iters/s

running (18m43.8s), 0015/0256 VUs, 2135154 complete and 0 interrupted iterations
cap_mixed   [  62% ] 0015/0256 VUs  18m43.8s/30m0s  1900.00 iters/s

running (18m44.8s), 0021/0256 VUs, 2137049 complete and 0 interrupted iterations
cap_mixed   [  62% ] 0021/0256 VUs  18m44.8s/30m0s  1900.00 iters/s

running (18m45.8s), 0010/0256 VUs, 2138959 complete and 0 interrupted iterations
cap_mixed   [  63% ] 0010/0256 VUs  18m45.8s/30m0s  1900.00 iters/s

running (18m46.8s), 0012/0256 VUs, 2140858 complete and 0 interrupted iterations
cap_mixed   [  63% ] 0012/0256 VUs  18m46.8s/30m0s  1900.00 iters/s

running (18m47.8s), 0012/0256 VUs, 2142758 complete and 0 interrupted iterations
cap_mixed   [  63% ] 0012/0256 VUs  18m47.8s/30m0s  1900.00 iters/s

running (18m48.8s), 0013/0256 VUs, 2144656 complete and 0 interrupted iterations
cap_mixed   [  63% ] 0013/0256 VUs  18m48.8s/30m0s  1900.00 iters/s

running (18m49.8s), 0010/0256 VUs, 2146559 complete and 0 interrupted iterations
cap_mixed   [  63% ] 0010/0256 VUs  18m49.8s/30m0s  1900.00 iters/s

running (18m50.8s), 0017/0256 VUs, 2148453 complete and 0 interrupted iterations
cap_mixed   [  63% ] 0017/0256 VUs  18m50.8s/30m0s  1900.00 iters/s

running (18m51.8s), 0014/0256 VUs, 2150355 complete and 0 interrupted iterations
cap_mixed   [  63% ] 0014/0256 VUs  18m51.8s/30m0s  1900.00 iters/s

running (18m52.8s), 0011/0256 VUs, 2152258 complete and 0 interrupted iterations
cap_mixed   [  63% ] 0011/0256 VUs  18m52.8s/30m0s  1900.00 iters/s

running (18m53.8s), 0018/0256 VUs, 2154152 complete and 0 interrupted iterations
cap_mixed   [  63% ] 0018/0256 VUs  18m53.8s/30m0s  1900.00 iters/s

running (18m54.8s), 0016/0256 VUs, 2156053 complete and 0 interrupted iterations
cap_mixed   [  63% ] 0016/0256 VUs  18m54.8s/30m0s  1900.00 iters/s

running (18m55.8s), 0007/0256 VUs, 2157961 complete and 0 interrupted iterations
cap_mixed   [  63% ] 0008/0256 VUs  18m55.8s/30m0s  1900.00 iters/s

running (18m56.8s), 0013/0256 VUs, 2159856 complete and 0 interrupted iterations
cap_mixed   [  63% ] 0013/0256 VUs  18m56.8s/30m0s  1900.00 iters/s

running (18m57.8s), 0020/0256 VUs, 2161749 complete and 0 interrupted iterations
cap_mixed   [  63% ] 0020/0256 VUs  18m57.8s/30m0s  1900.00 iters/s

running (18m58.8s), 0017/0256 VUs, 2163652 complete and 0 interrupted iterations
cap_mixed   [  63% ] 0017/0256 VUs  18m58.8s/30m0s  1900.00 iters/s

running (18m59.8s), 0009/0256 VUs, 2165560 complete and 0 interrupted iterations
cap_mixed   [  63% ] 0009/0256 VUs  18m59.8s/30m0s  1900.00 iters/s

running (19m00.8s), 0014/0256 VUs, 2167455 complete and 0 interrupted iterations
cap_mixed   [  63% ] 0014/0256 VUs  19m00.8s/30m0s  1900.00 iters/s

running (19m01.8s), 0014/0256 VUs, 2169355 complete and 0 interrupted iterations
cap_mixed   [  63% ] 0014/0256 VUs  19m01.8s/30m0s  1900.00 iters/s

running (19m02.8s), 0016/0256 VUs, 2171254 complete and 0 interrupted iterations
cap_mixed   [  63% ] 0016/0256 VUs  19m02.8s/30m0s  1900.00 iters/s

running (19m03.8s), 0010/0256 VUs, 2173159 complete and 0 interrupted iterations
cap_mixed   [  64% ] 0010/0256 VUs  19m03.8s/30m0s  1900.00 iters/s

running (19m04.8s), 0022/0256 VUs, 2175047 complete and 0 interrupted iterations
cap_mixed   [  64% ] 0022/0256 VUs  19m04.8s/30m0s  1900.00 iters/s

running (19m05.8s), 0017/0256 VUs, 2176953 complete and 0 interrupted iterations
cap_mixed   [  64% ] 0017/0256 VUs  19m05.8s/30m0s  1900.00 iters/s

running (19m06.8s), 0012/0256 VUs, 2178858 complete and 0 interrupted iterations
cap_mixed   [  64% ] 0012/0256 VUs  19m06.8s/30m0s  1900.00 iters/s

running (19m07.8s), 0011/0256 VUs, 2180759 complete and 0 interrupted iterations
cap_mixed   [  64% ] 0011/0256 VUs  19m07.8s/30m0s  1900.00 iters/s

running (19m08.8s), 0013/0256 VUs, 2182658 complete and 0 interrupted iterations
cap_mixed   [  64% ] 0013/0256 VUs  19m08.8s/30m0s  1900.00 iters/s

running (19m09.8s), 0008/0256 VUs, 2184562 complete and 0 interrupted iterations
cap_mixed   [  64% ] 0008/0256 VUs  19m09.8s/30m0s  1900.00 iters/s

running (19m10.8s), 0005/0256 VUs, 2186465 complete and 0 interrupted iterations
cap_mixed   [  64% ] 0005/0256 VUs  19m10.8s/30m0s  1900.00 iters/s

running (19m11.8s), 0026/0256 VUs, 2188344 complete and 0 interrupted iterations
cap_mixed   [  64% ] 0026/0256 VUs  19m11.8s/30m0s  1900.00 iters/s

running (19m12.8s), 0015/0256 VUs, 2190255 complete and 0 interrupted iterations
cap_mixed   [  64% ] 0015/0256 VUs  19m12.8s/30m0s  1900.00 iters/s

running (19m13.8s), 0017/0256 VUs, 2192153 complete and 0 interrupted iterations
cap_mixed   [  64% ] 0017/0256 VUs  19m13.8s/30m0s  1900.00 iters/s

running (19m14.8s), 0010/0256 VUs, 2194060 complete and 0 interrupted iterations
cap_mixed   [  64% ] 0010/0256 VUs  19m14.8s/30m0s  1900.00 iters/s

running (19m15.8s), 0012/0256 VUs, 2195957 complete and 0 interrupted iterations
cap_mixed   [  64% ] 0012/0256 VUs  19m15.8s/30m0s  1900.00 iters/s

running (19m16.8s), 0010/0256 VUs, 2197860 complete and 0 interrupted iterations
cap_mixed   [  64% ] 0010/0256 VUs  19m16.8s/30m0s  1900.00 iters/s

running (19m17.8s), 0014/0256 VUs, 2199756 complete and 0 interrupted iterations
cap_mixed   [  64% ] 0014/0256 VUs  19m17.8s/30m0s  1900.00 iters/s

running (19m18.8s), 0008/0256 VUs, 2201661 complete and 0 interrupted iterations
cap_mixed   [  64% ] 0008/0256 VUs  19m18.8s/30m0s  1900.00 iters/s

running (19m19.8s), 0011/0256 VUs, 2203558 complete and 0 interrupted iterations
cap_mixed   [  64% ] 0011/0256 VUs  19m19.8s/30m0s  1900.00 iters/s

running (19m20.8s), 0013/0256 VUs, 2205457 complete and 0 interrupted iterations
cap_mixed   [  64% ] 0013/0256 VUs  19m20.8s/30m0s  1900.00 iters/s

running (19m21.8s), 0010/0256 VUs, 2207359 complete and 0 interrupted iterations
cap_mixed   [  65% ] 0010/0256 VUs  19m21.8s/30m0s  1900.00 iters/s

running (19m22.8s), 0013/0256 VUs, 2209257 complete and 0 interrupted iterations
cap_mixed   [  65% ] 0013/0256 VUs  19m22.8s/30m0s  1900.00 iters/s

running (19m23.8s), 0011/0256 VUs, 2211159 complete and 0 interrupted iterations
cap_mixed   [  65% ] 0011/0256 VUs  19m23.8s/30m0s  1900.00 iters/s

running (19m24.8s), 0012/0256 VUs, 2213058 complete and 0 interrupted iterations
cap_mixed   [  65% ] 0012/0256 VUs  19m24.8s/30m0s  1900.00 iters/s

running (19m25.8s), 0012/0256 VUs, 2214958 complete and 0 interrupted iterations
cap_mixed   [  65% ] 0012/0256 VUs  19m25.8s/30m0s  1900.00 iters/s

running (19m26.8s), 0013/0256 VUs, 2216856 complete and 0 interrupted iterations
cap_mixed   [  65% ] 0013/0256 VUs  19m26.8s/30m0s  1900.00 iters/s

running (19m27.8s), 0010/0256 VUs, 2218760 complete and 0 interrupted iterations
cap_mixed   [  65% ] 0010/0256 VUs  19m27.8s/30m0s  1900.00 iters/s

running (19m28.8s), 0012/0256 VUs, 2220657 complete and 0 interrupted iterations
cap_mixed   [  65% ] 0012/0256 VUs  19m28.8s/30m0s  1900.00 iters/s

running (19m29.8s), 0011/0256 VUs, 2222559 complete and 0 interrupted iterations
cap_mixed   [  65% ] 0011/0256 VUs  19m29.8s/30m0s  1900.00 iters/s

running (19m30.8s), 0011/0256 VUs, 2224460 complete and 0 interrupted iterations
cap_mixed   [  65% ] 0011/0256 VUs  19m30.8s/30m0s  1900.00 iters/s

running (19m31.8s), 0011/0256 VUs, 2226359 complete and 0 interrupted iterations
cap_mixed   [  65% ] 0011/0256 VUs  19m31.8s/30m0s  1900.00 iters/s

running (19m32.8s), 0014/0256 VUs, 2228256 complete and 0 interrupted iterations
cap_mixed   [  65% ] 0014/0256 VUs  19m32.8s/30m0s  1900.00 iters/s

running (19m33.8s), 0010/0256 VUs, 2230159 complete and 0 interrupted iterations
cap_mixed   [  65% ] 0010/0256 VUs  19m33.8s/30m0s  1900.00 iters/s

running (19m34.8s), 0012/0256 VUs, 2232058 complete and 0 interrupted iterations
cap_mixed   [  65% ] 0012/0256 VUs  19m34.8s/30m0s  1900.00 iters/s

running (19m35.8s), 0013/0256 VUs, 2233956 complete and 0 interrupted iterations
cap_mixed   [  65% ] 0013/0256 VUs  19m35.8s/30m0s  1900.00 iters/s

running (19m36.8s), 0009/0256 VUs, 2235861 complete and 0 interrupted iterations
cap_mixed   [  65% ] 0009/0256 VUs  19m36.8s/30m0s  1900.00 iters/s

running (19m37.8s), 0011/0256 VUs, 2237759 complete and 0 interrupted iterations
cap_mixed   [  65% ] 0011/0256 VUs  19m37.8s/30m0s  1900.00 iters/s

running (19m38.8s), 0013/0256 VUs, 2239657 complete and 0 interrupted iterations
cap_mixed   [  65% ] 0013/0256 VUs  19m38.8s/30m0s  1900.00 iters/s

running (19m39.8s), 0013/0256 VUs, 2241556 complete and 0 interrupted iterations
cap_mixed   [  66% ] 0013/0256 VUs  19m39.8s/30m0s  1900.00 iters/s

running (19m40.8s), 0016/0256 VUs, 2243454 complete and 0 interrupted iterations
cap_mixed   [  66% ] 0016/0256 VUs  19m40.8s/30m0s  1900.00 iters/s

running (19m41.8s), 0014/0256 VUs, 2245355 complete and 0 interrupted iterations
cap_mixed   [  66% ] 0014/0256 VUs  19m41.8s/30m0s  1900.00 iters/s

running (19m42.8s), 0041/0256 VUs, 2247229 complete and 0 interrupted iterations
cap_mixed   [  66% ] 0041/0256 VUs  19m42.8s/30m0s  1900.00 iters/s

running (19m43.8s), 0016/0256 VUs, 2249154 complete and 0 interrupted iterations
cap_mixed   [  66% ] 0016/0256 VUs  19m43.8s/30m0s  1900.00 iters/s

running (19m44.8s), 0014/0256 VUs, 2251056 complete and 0 interrupted iterations
cap_mixed   [  66% ] 0014/0256 VUs  19m44.8s/30m0s  1900.00 iters/s

running (19m45.8s), 0010/0256 VUs, 2252959 complete and 0 interrupted iterations
cap_mixed   [  66% ] 0010/0256 VUs  19m45.8s/30m0s  1900.00 iters/s

running (19m46.8s), 0011/0256 VUs, 2254858 complete and 0 interrupted iterations
cap_mixed   [  66% ] 0011/0256 VUs  19m46.8s/30m0s  1900.00 iters/s

running (19m47.8s), 0011/0256 VUs, 2256759 complete and 0 interrupted iterations
cap_mixed   [  66% ] 0011/0256 VUs  19m47.8s/30m0s  1900.00 iters/s

running (19m48.8s), 0006/0256 VUs, 2258663 complete and 0 interrupted iterations
cap_mixed   [  66% ] 0006/0256 VUs  19m48.8s/30m0s  1900.00 iters/s

running (19m49.8s), 0011/0256 VUs, 2260558 complete and 0 interrupted iterations
cap_mixed   [  66% ] 0011/0256 VUs  19m49.8s/30m0s  1900.00 iters/s

running (19m50.8s), 0010/0256 VUs, 2262459 complete and 0 interrupted iterations
cap_mixed   [  66% ] 0010/0256 VUs  19m50.8s/30m0s  1900.00 iters/s

running (19m51.8s), 0008/0256 VUs, 2264361 complete and 0 interrupted iterations
cap_mixed   [  66% ] 0008/0256 VUs  19m51.8s/30m0s  1900.00 iters/s

running (19m52.8s), 0014/0256 VUs, 2266256 complete and 0 interrupted iterations
cap_mixed   [  66% ] 0014/0256 VUs  19m52.8s/30m0s  1900.00 iters/s

running (19m53.8s), 0014/0256 VUs, 2268156 complete and 0 interrupted iterations
cap_mixed   [  66% ] 0014/0256 VUs  19m53.8s/30m0s  1900.00 iters/s

running (19m54.8s), 0012/0256 VUs, 2270057 complete and 0 interrupted iterations
cap_mixed   [  66% ] 0012/0256 VUs  19m54.8s/30m0s  1900.00 iters/s

running (19m55.8s), 0011/0256 VUs, 2271959 complete and 0 interrupted iterations
cap_mixed   [  66% ] 0011/0256 VUs  19m55.8s/30m0s  1900.00 iters/s

running (19m56.8s), 0009/0256 VUs, 2273860 complete and 0 interrupted iterations
cap_mixed   [  66% ] 0009/0256 VUs  19m56.8s/30m0s  1900.00 iters/s

running (19m57.8s), 0013/0256 VUs, 2275757 complete and 0 interrupted iterations
cap_mixed   [  67% ] 0013/0256 VUs  19m57.8s/30m0s  1900.00 iters/s

running (19m58.8s), 0015/0256 VUs, 2277655 complete and 0 interrupted iterations
cap_mixed   [  67% ] 0015/0256 VUs  19m58.8s/30m0s  1900.00 iters/s

running (19m59.8s), 0010/0256 VUs, 2279560 complete and 0 interrupted iterations
cap_mixed   [  67% ] 0010/0256 VUs  19m59.8s/30m0s  1900.00 iters/s

running (20m00.8s), 0012/0256 VUs, 2281458 complete and 0 interrupted iterations
cap_mixed   [  67% ] 0012/0256 VUs  20m00.8s/30m0s  1900.00 iters/s

running (20m01.8s), 0016/0256 VUs, 2283354 complete and 0 interrupted iterations
cap_mixed   [  67% ] 0016/0256 VUs  20m01.8s/30m0s  1900.00 iters/s

running (20m02.8s), 0010/0256 VUs, 2285260 complete and 0 interrupted iterations
cap_mixed   [  67% ] 0010/0256 VUs  20m02.8s/30m0s  1900.00 iters/s

running (20m03.8s), 0009/0256 VUs, 2287161 complete and 0 interrupted iterations
cap_mixed   [  67% ] 0009/0256 VUs  20m03.8s/30m0s  1900.00 iters/s

running (20m04.8s), 0018/0256 VUs, 2289052 complete and 0 interrupted iterations
cap_mixed   [  67% ] 0017/0256 VUs  20m04.8s/30m0s  1900.00 iters/s

running (20m05.8s), 0017/0256 VUs, 2290953 complete and 0 interrupted iterations
cap_mixed   [  67% ] 0017/0256 VUs  20m05.8s/30m0s  1900.00 iters/s

running (20m06.8s), 0010/0256 VUs, 2292860 complete and 0 interrupted iterations
cap_mixed   [  67% ] 0010/0256 VUs  20m06.8s/30m0s  1900.00 iters/s

running (20m07.8s), 0010/0256 VUs, 2294760 complete and 0 interrupted iterations
cap_mixed   [  67% ] 0010/0256 VUs  20m07.8s/30m0s  1900.00 iters/s

running (20m08.8s), 0013/0256 VUs, 2296656 complete and 0 interrupted iterations
cap_mixed   [  67% ] 0013/0256 VUs  20m08.8s/30m0s  1900.00 iters/s

running (20m09.8s), 0010/0256 VUs, 2298560 complete and 0 interrupted iterations
cap_mixed   [  67% ] 0010/0256 VUs  20m09.8s/30m0s  1900.00 iters/s

running (20m10.8s), 0016/0256 VUs, 2300454 complete and 0 interrupted iterations
cap_mixed   [  67% ] 0016/0256 VUs  20m10.8s/30m0s  1900.00 iters/s

running (20m11.8s), 0011/0256 VUs, 2302359 complete and 0 interrupted iterations
cap_mixed   [  67% ] 0011/0256 VUs  20m11.8s/30m0s  1900.00 iters/s

running (20m12.8s), 0014/0256 VUs, 2304256 complete and 0 interrupted iterations
cap_mixed   [  67% ] 0014/0256 VUs  20m12.8s/30m0s  1900.00 iters/s

running (20m13.8s), 0013/0256 VUs, 2306157 complete and 0 interrupted iterations
cap_mixed   [  67% ] 0013/0256 VUs  20m13.8s/30m0s  1900.00 iters/s

running (20m14.8s), 0014/0256 VUs, 2308057 complete and 0 interrupted iterations
cap_mixed   [  67% ] 0014/0256 VUs  20m14.8s/30m0s  1900.00 iters/s

running (20m15.8s), 0012/0256 VUs, 2309958 complete and 0 interrupted iterations
cap_mixed   [  68% ] 0012/0256 VUs  20m15.8s/30m0s  1900.00 iters/s

running (20m16.8s), 0013/0256 VUs, 2311857 complete and 0 interrupted iterations
cap_mixed   [  68% ] 0013/0256 VUs  20m16.8s/30m0s  1900.00 iters/s

running (20m17.8s), 0026/0256 VUs, 2313744 complete and 0 interrupted iterations
cap_mixed   [  68% ] 0026/0256 VUs  20m17.8s/30m0s  1900.00 iters/s

running (20m18.8s), 0017/0256 VUs, 2315653 complete and 0 interrupted iterations
cap_mixed   [  68% ] 0017/0256 VUs  20m18.8s/30m0s  1900.00 iters/s

running (20m19.8s), 0015/0256 VUs, 2317555 complete and 0 interrupted iterations
cap_mixed   [  68% ] 0015/0256 VUs  20m19.8s/30m0s  1900.00 iters/s

running (20m20.8s), 0012/0256 VUs, 2319458 complete and 0 interrupted iterations
cap_mixed   [  68% ] 0012/0256 VUs  20m20.8s/30m0s  1900.00 iters/s

running (20m21.8s), 0012/0256 VUs, 2321357 complete and 0 interrupted iterations
cap_mixed   [  68% ] 0012/0256 VUs  20m21.8s/30m0s  1900.00 iters/s

running (20m22.8s), 0011/0256 VUs, 2323259 complete and 0 interrupted iterations
cap_mixed   [  68% ] 0011/0256 VUs  20m22.8s/30m0s  1900.00 iters/s

running (20m23.8s), 0016/0256 VUs, 2325154 complete and 0 interrupted iterations
cap_mixed   [  68% ] 0016/0256 VUs  20m23.8s/30m0s  1900.00 iters/s

running (20m24.8s), 0011/0256 VUs, 2327059 complete and 0 interrupted iterations
cap_mixed   [  68% ] 0011/0256 VUs  20m24.8s/30m0s  1900.00 iters/s

running (20m25.8s), 0009/0256 VUs, 2328961 complete and 0 interrupted iterations
cap_mixed   [  68% ] 0009/0256 VUs  20m25.8s/30m0s  1900.00 iters/s

running (20m26.8s), 0011/0256 VUs, 2330858 complete and 0 interrupted iterations
cap_mixed   [  68% ] 0012/0256 VUs  20m26.8s/30m0s  1900.00 iters/s

running (20m27.8s), 0010/0256 VUs, 2332759 complete and 0 interrupted iterations
cap_mixed   [  68% ] 0010/0256 VUs  20m27.8s/30m0s  1900.00 iters/s

running (20m28.8s), 0009/0256 VUs, 2334661 complete and 0 interrupted iterations
cap_mixed   [  68% ] 0009/0256 VUs  20m28.8s/30m0s  1900.00 iters/s

running (20m29.8s), 0024/0256 VUs, 2336546 complete and 0 interrupted iterations
cap_mixed   [  68% ] 0024/0256 VUs  20m29.8s/30m0s  1900.00 iters/s

running (20m30.8s), 0012/0256 VUs, 2338458 complete and 0 interrupted iterations
cap_mixed   [  68% ] 0012/0256 VUs  20m30.8s/30m0s  1900.00 iters/s

running (20m31.8s), 0009/0256 VUs, 2340361 complete and 0 interrupted iterations
cap_mixed   [  68% ] 0009/0256 VUs  20m31.8s/30m0s  1900.00 iters/s

running (20m32.8s), 0015/0256 VUs, 2342254 complete and 0 interrupted iterations
cap_mixed   [  68% ] 0016/0256 VUs  20m32.8s/30m0s  1900.00 iters/s

running (20m33.8s), 0017/0256 VUs, 2344153 complete and 0 interrupted iterations
cap_mixed   [  69% ] 0017/0256 VUs  20m33.8s/30m0s  1900.00 iters/s

running (20m34.8s), 0013/0256 VUs, 2346057 complete and 0 interrupted iterations
cap_mixed   [  69% ] 0013/0256 VUs  20m34.8s/30m0s  1900.00 iters/s

running (20m35.8s), 0008/0256 VUs, 2347962 complete and 0 interrupted iterations
cap_mixed   [  69% ] 0008/0256 VUs  20m35.8s/30m0s  1900.00 iters/s

running (20m36.8s), 0011/0256 VUs, 2349859 complete and 0 interrupted iterations
cap_mixed   [  69% ] 0011/0256 VUs  20m36.8s/30m0s  1900.00 iters/s

running (20m37.8s), 0015/0256 VUs, 2351755 complete and 0 interrupted iterations
cap_mixed   [  69% ] 0015/0256 VUs  20m37.8s/30m0s  1900.00 iters/s

running (20m38.8s), 0017/0256 VUs, 2353653 complete and 0 interrupted iterations
cap_mixed   [  69% ] 0017/0256 VUs  20m38.8s/30m0s  1900.00 iters/s

running (20m39.8s), 0013/0256 VUs, 2355557 complete and 0 interrupted iterations
cap_mixed   [  69% ] 0013/0256 VUs  20m39.8s/30m0s  1900.00 iters/s

running (20m40.8s), 0015/0256 VUs, 2357456 complete and 0 interrupted iterations
cap_mixed   [  69% ] 0015/0256 VUs  20m40.8s/30m0s  1900.00 iters/s

running (20m41.8s), 0015/0256 VUs, 2359355 complete and 0 interrupted iterations
cap_mixed   [  69% ] 0015/0256 VUs  20m41.8s/30m0s  1900.00 iters/s

running (20m42.8s), 0014/0256 VUs, 2361256 complete and 0 interrupted iterations
cap_mixed   [  69% ] 0014/0256 VUs  20m42.8s/30m0s  1900.00 iters/s

running (20m43.8s), 0021/0256 VUs, 2363149 complete and 0 interrupted iterations
cap_mixed   [  69% ] 0021/0256 VUs  20m43.8s/30m0s  1900.00 iters/s

running (20m44.8s), 0014/0256 VUs, 2365057 complete and 0 interrupted iterations
cap_mixed   [  69% ] 0014/0256 VUs  20m44.8s/30m0s  1900.00 iters/s

running (20m45.8s), 0013/0256 VUs, 2366957 complete and 0 interrupted iterations
cap_mixed   [  69% ] 0013/0256 VUs  20m45.8s/30m0s  1900.00 iters/s

running (20m46.8s), 0011/0256 VUs, 2368858 complete and 0 interrupted iterations
cap_mixed   [  69% ] 0012/0256 VUs  20m46.8s/30m0s  1900.00 iters/s

running (20m47.8s), 0031/0256 VUs, 2370738 complete and 0 interrupted iterations
cap_mixed   [  69% ] 0031/0256 VUs  20m47.8s/30m0s  1900.00 iters/s

running (20m48.8s), 0008/0256 VUs, 2372661 complete and 0 interrupted iterations
cap_mixed   [  69% ] 0008/0256 VUs  20m48.8s/30m0s  1900.00 iters/s

running (20m49.8s), 0014/0256 VUs, 2374556 complete and 0 interrupted iterations
cap_mixed   [  69% ] 0014/0256 VUs  20m49.8s/30m0s  1900.00 iters/s

running (20m50.8s), 0011/0256 VUs, 2376457 complete and 0 interrupted iterations
cap_mixed   [  69% ] 0011/0256 VUs  20m50.8s/30m0s  1900.00 iters/s

running (20m51.8s), 0011/0256 VUs, 2378359 complete and 0 interrupted iterations
cap_mixed   [  70% ] 0011/0256 VUs  20m51.8s/30m0s  1900.00 iters/s

running (20m52.8s), 0006/0256 VUs, 2380264 complete and 0 interrupted iterations
cap_mixed   [  70% ] 0006/0256 VUs  20m52.8s/30m0s  1900.00 iters/s

running (20m53.8s), 0011/0256 VUs, 2382159 complete and 0 interrupted iterations
cap_mixed   [  70% ] 0011/0256 VUs  20m53.8s/30m0s  1900.00 iters/s

running (20m54.8s), 0010/0256 VUs, 2384060 complete and 0 interrupted iterations
cap_mixed   [  70% ] 0010/0256 VUs  20m54.8s/30m0s  1900.00 iters/s

running (20m55.8s), 0013/0256 VUs, 2385958 complete and 0 interrupted iterations
cap_mixed   [  70% ] 0013/0256 VUs  20m55.8s/30m0s  1900.00 iters/s

running (20m56.8s), 0021/0256 VUs, 2387849 complete and 0 interrupted iterations
cap_mixed   [  70% ] 0021/0256 VUs  20m56.8s/30m0s  1900.00 iters/s

running (20m57.8s), 0010/0256 VUs, 2389760 complete and 0 interrupted iterations
cap_mixed   [  70% ] 0010/0256 VUs  20m57.8s/30m0s  1900.00 iters/s

running (20m58.8s), 0012/0256 VUs, 2391657 complete and 0 interrupted iterations
cap_mixed   [  70% ] 0012/0256 VUs  20m58.8s/30m0s  1900.00 iters/s

running (20m59.8s), 0015/0256 VUs, 2393555 complete and 0 interrupted iterations
cap_mixed   [  70% ] 0015/0256 VUs  20m59.8s/30m0s  1900.00 iters/s

running (21m00.8s), 0016/0256 VUs, 2395454 complete and 0 interrupted iterations
cap_mixed   [  70% ] 0016/0256 VUs  21m00.8s/30m0s  1900.00 iters/s

running (21m01.8s), 0012/0256 VUs, 2397358 complete and 0 interrupted iterations
cap_mixed   [  70% ] 0012/0256 VUs  21m01.8s/30m0s  1900.00 iters/s

running (21m02.8s), 0012/0256 VUs, 2399258 complete and 0 interrupted iterations
cap_mixed   [  70% ] 0012/0256 VUs  21m02.8s/30m0s  1900.00 iters/s

running (21m03.8s), 0017/0256 VUs, 2401153 complete and 0 interrupted iterations
cap_mixed   [  70% ] 0017/0256 VUs  21m03.8s/30m0s  1900.00 iters/s

running (21m04.8s), 0021/0256 VUs, 2403048 complete and 0 interrupted iterations
cap_mixed   [  70% ] 0021/0256 VUs  21m04.8s/30m0s  1900.00 iters/s

running (21m05.8s), 0009/0256 VUs, 2404961 complete and 0 interrupted iterations
cap_mixed   [  70% ] 0009/0256 VUs  21m05.8s/30m0s  1900.00 iters/s

running (21m06.8s), 0022/0256 VUs, 2406848 complete and 0 interrupted iterations
cap_mixed   [  70% ] 0022/0256 VUs  21m06.8s/30m0s  1900.00 iters/s

running (21m07.8s), 0014/0256 VUs, 2408756 complete and 0 interrupted iterations
cap_mixed   [  70% ] 0014/0256 VUs  21m07.8s/30m0s  1900.00 iters/s

running (21m08.8s), 0014/0256 VUs, 2410656 complete and 0 interrupted iterations
cap_mixed   [  70% ] 0014/0256 VUs  21m08.8s/30m0s  1900.00 iters/s

running (21m09.8s), 0010/0256 VUs, 2412560 complete and 0 interrupted iterations
cap_mixed   [  71% ] 0010/0256 VUs  21m09.8s/30m0s  1900.00 iters/s

running (21m10.8s), 0011/0256 VUs, 2414457 complete and 0 interrupted iterations
cap_mixed   [  71% ] 0011/0256 VUs  21m10.8s/30m0s  1900.00 iters/s

running (21m11.8s), 0011/0256 VUs, 2416359 complete and 0 interrupted iterations
cap_mixed   [  71% ] 0011/0256 VUs  21m11.8s/30m0s  1900.00 iters/s

running (21m12.8s), 0011/0256 VUs, 2418260 complete and 0 interrupted iterations
cap_mixed   [  71% ] 0011/0256 VUs  21m12.8s/30m0s  1900.00 iters/s

running (21m13.8s), 0012/0256 VUs, 2420158 complete and 0 interrupted iterations
cap_mixed   [  71% ] 0012/0256 VUs  21m13.8s/30m0s  1900.00 iters/s

running (21m14.8s), 0011/0256 VUs, 2422059 complete and 0 interrupted iterations
cap_mixed   [  71% ] 0012/0256 VUs  21m14.8s/30m0s  1900.00 iters/s

running (21m15.8s), 0014/0256 VUs, 2423956 complete and 0 interrupted iterations
cap_mixed   [  71% ] 0014/0256 VUs  21m15.8s/30m0s  1900.00 iters/s

running (21m16.8s), 0012/0256 VUs, 2425858 complete and 0 interrupted iterations
cap_mixed   [  71% ] 0012/0256 VUs  21m16.8s/30m0s  1900.00 iters/s

running (21m17.8s), 0013/0256 VUs, 2427756 complete and 0 interrupted iterations
cap_mixed   [  71% ] 0013/0256 VUs  21m17.8s/30m0s  1900.00 iters/s

running (21m18.8s), 0010/0256 VUs, 2429659 complete and 0 interrupted iterations
cap_mixed   [  71% ] 0010/0256 VUs  21m18.8s/30m0s  1900.00 iters/s

running (21m19.8s), 0011/0256 VUs, 2431559 complete and 0 interrupted iterations
cap_mixed   [  71% ] 0011/0256 VUs  21m19.8s/30m0s  1900.00 iters/s

running (21m20.8s), 0011/0256 VUs, 2433459 complete and 0 interrupted iterations
cap_mixed   [  71% ] 0011/0256 VUs  21m20.8s/30m0s  1900.00 iters/s

running (21m21.8s), 0011/0256 VUs, 2435359 complete and 0 interrupted iterations
cap_mixed   [  71% ] 0011/0256 VUs  21m21.8s/30m0s  1900.00 iters/s

running (21m22.8s), 0009/0256 VUs, 2437262 complete and 0 interrupted iterations
cap_mixed   [  71% ] 0009/0256 VUs  21m22.8s/30m0s  1900.00 iters/s

running (21m23.8s), 0015/0256 VUs, 2439155 complete and 0 interrupted iterations
cap_mixed   [  71% ] 0015/0256 VUs  21m23.8s/30m0s  1900.00 iters/s

running (21m24.8s), 0011/0256 VUs, 2441059 complete and 0 interrupted iterations
cap_mixed   [  71% ] 0011/0256 VUs  21m24.8s/30m0s  1900.00 iters/s

running (21m25.8s), 0013/0256 VUs, 2442957 complete and 0 interrupted iterations
cap_mixed   [  71% ] 0013/0256 VUs  21m25.8s/30m0s  1900.00 iters/s

running (21m26.8s), 0011/0256 VUs, 2444859 complete and 0 interrupted iterations
cap_mixed   [  71% ] 0011/0256 VUs  21m26.8s/30m0s  1900.00 iters/s

running (21m27.8s), 0013/0256 VUs, 2446757 complete and 0 interrupted iterations
cap_mixed   [  72% ] 0013/0256 VUs  21m27.8s/30m0s  1900.00 iters/s

running (21m28.8s), 0015/0256 VUs, 2448655 complete and 0 interrupted iterations
cap_mixed   [  72% ] 0015/0256 VUs  21m28.8s/30m0s  1900.00 iters/s

running (21m29.8s), 0010/0256 VUs, 2450560 complete and 0 interrupted iterations
cap_mixed   [  72% ] 0010/0256 VUs  21m29.8s/30m0s  1900.00 iters/s

running (21m30.8s), 0012/0256 VUs, 2452458 complete and 0 interrupted iterations
cap_mixed   [  72% ] 0012/0256 VUs  21m30.8s/30m0s  1900.00 iters/s

running (21m31.8s), 0011/0256 VUs, 2454359 complete and 0 interrupted iterations
cap_mixed   [  72% ] 0011/0256 VUs  21m31.8s/30m0s  1900.00 iters/s

running (21m32.8s), 0010/0256 VUs, 2456260 complete and 0 interrupted iterations
cap_mixed   [  72% ] 0010/0256 VUs  21m32.8s/30m0s  1900.00 iters/s

running (21m33.8s), 0012/0256 VUs, 2458158 complete and 0 interrupted iterations
cap_mixed   [  72% ] 0012/0256 VUs  21m33.8s/30m0s  1900.00 iters/s

running (21m34.8s), 0009/0256 VUs, 2460059 complete and 0 interrupted iterations
cap_mixed   [  72% ] 0009/0256 VUs  21m34.8s/30m0s  1900.00 iters/s

running (21m35.8s), 0012/0256 VUs, 2461959 complete and 0 interrupted iterations
cap_mixed   [  72% ] 0012/0256 VUs  21m35.8s/30m0s  1900.00 iters/s

running (21m36.8s), 0010/0256 VUs, 2463860 complete and 0 interrupted iterations
cap_mixed   [  72% ] 0010/0256 VUs  21m36.8s/30m0s  1900.00 iters/s

running (21m37.8s), 0010/0256 VUs, 2465760 complete and 0 interrupted iterations
cap_mixed   [  72% ] 0010/0256 VUs  21m37.8s/30m0s  1900.00 iters/s

running (21m38.8s), 0008/0256 VUs, 2467662 complete and 0 interrupted iterations
cap_mixed   [  72% ] 0008/0256 VUs  21m38.8s/30m0s  1900.00 iters/s

running (21m39.8s), 0011/0256 VUs, 2469558 complete and 0 interrupted iterations
cap_mixed   [  72% ] 0011/0256 VUs  21m39.8s/30m0s  1900.00 iters/s

running (21m40.8s), 0013/0256 VUs, 2471457 complete and 0 interrupted iterations
cap_mixed   [  72% ] 0013/0256 VUs  21m40.8s/30m0s  1900.00 iters/s

running (21m41.8s), 0010/0256 VUs, 2473360 complete and 0 interrupted iterations
cap_mixed   [  72% ] 0010/0256 VUs  21m41.8s/30m0s  1900.00 iters/s

running (21m42.8s), 0007/0256 VUs, 2475263 complete and 0 interrupted iterations
cap_mixed   [  72% ] 0007/0256 VUs  21m42.8s/30m0s  1900.00 iters/s

running (21m43.8s), 0010/0256 VUs, 2477160 complete and 0 interrupted iterations
cap_mixed   [  72% ] 0010/0256 VUs  21m43.8s/30m0s  1900.00 iters/s

running (21m44.8s), 0012/0256 VUs, 2479058 complete and 0 interrupted iterations
cap_mixed   [  72% ] 0012/0256 VUs  21m44.8s/30m0s  1900.00 iters/s

running (21m45.8s), 0011/0256 VUs, 2480959 complete and 0 interrupted iterations
cap_mixed   [  73% ] 0011/0256 VUs  21m45.8s/30m0s  1900.00 iters/s

running (21m46.8s), 0013/0256 VUs, 2482858 complete and 0 interrupted iterations
cap_mixed   [  73% ] 0013/0256 VUs  21m46.8s/30m0s  1900.00 iters/s

running (21m47.8s), 0011/0256 VUs, 2484759 complete and 0 interrupted iterations
cap_mixed   [  73% ] 0011/0256 VUs  21m47.8s/30m0s  1900.00 iters/s

running (21m48.8s), 0012/0256 VUs, 2486658 complete and 0 interrupted iterations
cap_mixed   [  73% ] 0012/0256 VUs  21m48.8s/30m0s  1900.00 iters/s

running (21m49.8s), 0011/0256 VUs, 2488560 complete and 0 interrupted iterations
cap_mixed   [  73% ] 0011/0256 VUs  21m49.8s/30m0s  1900.00 iters/s

running (21m50.8s), 0011/0256 VUs, 2490458 complete and 0 interrupted iterations
cap_mixed   [  73% ] 0011/0256 VUs  21m50.8s/30m0s  1900.00 iters/s

running (21m51.8s), 0016/0256 VUs, 2492354 complete and 0 interrupted iterations
cap_mixed   [  73% ] 0016/0256 VUs  21m51.8s/30m0s  1900.00 iters/s

running (21m52.8s), 0019/0256 VUs, 2494251 complete and 0 interrupted iterations
cap_mixed   [  73% ] 0019/0256 VUs  21m52.8s/30m0s  1900.00 iters/s

running (21m53.8s), 0012/0256 VUs, 2496159 complete and 0 interrupted iterations
cap_mixed   [  73% ] 0012/0256 VUs  21m53.8s/30m0s  1900.00 iters/s

running (21m54.8s), 0012/0256 VUs, 2498059 complete and 0 interrupted iterations
cap_mixed   [  73% ] 0012/0256 VUs  21m54.8s/30m0s  1900.00 iters/s

running (21m55.8s), 0008/0256 VUs, 2499962 complete and 0 interrupted iterations
cap_mixed   [  73% ] 0008/0256 VUs  21m55.8s/30m0s  1900.00 iters/s

running (21m56.8s), 0010/0256 VUs, 2501861 complete and 0 interrupted iterations
cap_mixed   [  73% ] 0010/0256 VUs  21m56.8s/30m0s  1900.00 iters/s

running (21m57.8s), 0014/0256 VUs, 2503756 complete and 0 interrupted iterations
cap_mixed   [  73% ] 0014/0256 VUs  21m57.8s/30m0s  1900.00 iters/s

running (21m58.8s), 0017/0256 VUs, 2505653 complete and 0 interrupted iterations
cap_mixed   [  73% ] 0017/0256 VUs  21m58.8s/30m0s  1900.00 iters/s

running (21m59.8s), 0009/0256 VUs, 2507561 complete and 0 interrupted iterations
cap_mixed   [  73% ] 0009/0256 VUs  21m59.8s/30m0s  1900.00 iters/s

running (22m00.8s), 0018/0256 VUs, 2509452 complete and 0 interrupted iterations
cap_mixed   [  73% ] 0018/0256 VUs  22m00.8s/30m0s  1900.00 iters/s

running (22m01.8s), 0007/0256 VUs, 2511363 complete and 0 interrupted iterations
cap_mixed   [  73% ] 0007/0256 VUs  22m01.8s/30m0s  1900.00 iters/s

running (22m02.8s), 0011/0256 VUs, 2513258 complete and 0 interrupted iterations
cap_mixed   [  73% ] 0011/0256 VUs  22m02.8s/30m0s  1900.00 iters/s

running (22m03.8s), 0014/0256 VUs, 2515156 complete and 0 interrupted iterations
cap_mixed   [  74% ] 0014/0256 VUs  22m03.8s/30m0s  1900.00 iters/s

running (22m04.8s), 0017/0256 VUs, 2517053 complete and 0 interrupted iterations
cap_mixed   [  74% ] 0017/0256 VUs  22m04.8s/30m0s  1900.00 iters/s

running (22m05.8s), 0014/0256 VUs, 2518956 complete and 0 interrupted iterations
cap_mixed   [  74% ] 0014/0256 VUs  22m05.8s/30m0s  1900.00 iters/s

running (22m06.8s), 0013/0256 VUs, 2520857 complete and 0 interrupted iterations
cap_mixed   [  74% ] 0013/0256 VUs  22m06.8s/30m0s  1900.00 iters/s

running (22m07.8s), 0019/0256 VUs, 2522751 complete and 0 interrupted iterations
cap_mixed   [  74% ] 0019/0256 VUs  22m07.8s/30m0s  1900.00 iters/s

running (22m08.8s), 0034/0256 VUs, 2524636 complete and 0 interrupted iterations
cap_mixed   [  74% ] 0034/0256 VUs  22m08.8s/30m0s  1900.00 iters/s

running (22m09.8s), 0011/0256 VUs, 2526559 complete and 0 interrupted iterations
cap_mixed   [  74% ] 0011/0256 VUs  22m09.8s/30m0s  1900.00 iters/s

running (22m10.8s), 0022/0256 VUs, 2528448 complete and 0 interrupted iterations
cap_mixed   [  74% ] 0022/0256 VUs  22m10.8s/30m0s  1900.00 iters/s

running (22m11.8s), 0011/0256 VUs, 2530359 complete and 0 interrupted iterations
cap_mixed   [  74% ] 0011/0256 VUs  22m11.8s/30m0s  1900.00 iters/s

running (22m12.8s), 0015/0256 VUs, 2532255 complete and 0 interrupted iterations
cap_mixed   [  74% ] 0015/0256 VUs  22m12.8s/30m0s  1900.00 iters/s

running (22m13.8s), 0009/0256 VUs, 2534161 complete and 0 interrupted iterations
cap_mixed   [  74% ] 0009/0256 VUs  22m13.8s/30m0s  1900.00 iters/s

running (22m14.8s), 0008/0256 VUs, 2536062 complete and 0 interrupted iterations
cap_mixed   [  74% ] 0008/0256 VUs  22m14.8s/30m0s  1900.00 iters/s

running (22m15.8s), 0013/0256 VUs, 2537957 complete and 0 interrupted iterations
cap_mixed   [  74% ] 0013/0256 VUs  22m15.8s/30m0s  1900.00 iters/s

running (22m16.8s), 0012/0256 VUs, 2539858 complete and 0 interrupted iterations
cap_mixed   [  74% ] 0012/0256 VUs  22m16.8s/30m0s  1900.00 iters/s

running (22m17.8s), 0016/0256 VUs, 2541754 complete and 0 interrupted iterations
cap_mixed   [  74% ] 0016/0256 VUs  22m17.8s/30m0s  1900.00 iters/s

running (22m18.8s), 0013/0256 VUs, 2543657 complete and 0 interrupted iterations
cap_mixed   [  74% ] 0013/0256 VUs  22m18.8s/30m0s  1900.00 iters/s

running (22m19.8s), 0015/0256 VUs, 2545556 complete and 0 interrupted iterations
cap_mixed   [  74% ] 0015/0256 VUs  22m19.8s/30m0s  1900.00 iters/s

running (22m20.8s), 0005/0256 VUs, 2547465 complete and 0 interrupted iterations
cap_mixed   [  74% ] 0005/0256 VUs  22m20.8s/30m0s  1900.00 iters/s

running (22m21.8s), 0015/0256 VUs, 2549354 complete and 0 interrupted iterations
cap_mixed   [  75% ] 0015/0256 VUs  22m21.8s/30m0s  1900.00 iters/s

running (22m22.8s), 0014/0256 VUs, 2551256 complete and 0 interrupted iterations
cap_mixed   [  75% ] 0014/0256 VUs  22m22.8s/30m0s  1900.00 iters/s

running (22m23.8s), 0010/0256 VUs, 2553160 complete and 0 interrupted iterations
cap_mixed   [  75% ] 0010/0256 VUs  22m23.8s/30m0s  1900.00 iters/s

running (22m24.8s), 0013/0256 VUs, 2555056 complete and 0 interrupted iterations
cap_mixed   [  75% ] 0013/0256 VUs  22m24.8s/30m0s  1900.00 iters/s

running (22m25.8s), 0011/0256 VUs, 2556959 complete and 0 interrupted iterations
cap_mixed   [  75% ] 0011/0256 VUs  22m25.8s/30m0s  1900.00 iters/s

running (22m26.8s), 0015/0256 VUs, 2558855 complete and 0 interrupted iterations
cap_mixed   [  75% ] 0015/0256 VUs  22m26.8s/30m0s  1900.00 iters/s

running (22m27.8s), 0015/0256 VUs, 2560755 complete and 0 interrupted iterations
cap_mixed   [  75% ] 0015/0256 VUs  22m27.8s/30m0s  1900.00 iters/s

running (22m28.8s), 0010/0256 VUs, 2562660 complete and 0 interrupted iterations
cap_mixed   [  75% ] 0010/0256 VUs  22m28.8s/30m0s  1900.00 iters/s

running (22m29.8s), 0016/0256 VUs, 2564554 complete and 0 interrupted iterations
cap_mixed   [  75% ] 0016/0256 VUs  22m29.8s/30m0s  1900.00 iters/s

running (22m30.8s), 0018/0256 VUs, 2566452 complete and 0 interrupted iterations
cap_mixed   [  75% ] 0018/0256 VUs  22m30.8s/30m0s  1900.00 iters/s

running (22m31.8s), 0010/0256 VUs, 2568360 complete and 0 interrupted iterations
cap_mixed   [  75% ] 0010/0256 VUs  22m31.8s/30m0s  1900.00 iters/s

running (22m32.8s), 0026/0256 VUs, 2570244 complete and 0 interrupted iterations
cap_mixed   [  75% ] 0026/0256 VUs  22m32.8s/30m0s  1900.00 iters/s

running (22m33.8s), 0015/0256 VUs, 2572156 complete and 0 interrupted iterations
cap_mixed   [  75% ] 0015/0256 VUs  22m33.8s/30m0s  1900.00 iters/s

running (22m34.8s), 0009/0256 VUs, 2574062 complete and 0 interrupted iterations
cap_mixed   [  75% ] 0009/0256 VUs  22m34.8s/30m0s  1900.00 iters/s

running (22m35.8s), 0015/0256 VUs, 2575955 complete and 0 interrupted iterations
cap_mixed   [  75% ] 0015/0256 VUs  22m35.8s/30m0s  1900.00 iters/s

running (22m36.8s), 0016/0256 VUs, 2577854 complete and 0 interrupted iterations
cap_mixed   [  75% ] 0015/0256 VUs  22m36.8s/30m0s  1900.00 iters/s

running (22m37.8s), 0022/0256 VUs, 2579748 complete and 0 interrupted iterations
cap_mixed   [  75% ] 0022/0256 VUs  22m37.8s/30m0s  1900.00 iters/s

running (22m38.8s), 0011/0256 VUs, 2581659 complete and 0 interrupted iterations
cap_mixed   [  75% ] 0011/0256 VUs  22m38.8s/30m0s  1900.00 iters/s

running (22m39.8s), 0017/0256 VUs, 2583553 complete and 0 interrupted iterations
cap_mixed   [  76% ] 0017/0256 VUs  22m39.8s/30m0s  1900.00 iters/s

running (22m40.8s), 0013/0256 VUs, 2585456 complete and 0 interrupted iterations
cap_mixed   [  76% ] 0014/0256 VUs  22m40.8s/30m0s  1900.00 iters/s

running (22m41.8s), 0007/0256 VUs, 2587363 complete and 0 interrupted iterations
cap_mixed   [  76% ] 0007/0256 VUs  22m41.8s/30m0s  1900.00 iters/s

running (22m42.8s), 0015/0256 VUs, 2589255 complete and 0 interrupted iterations
cap_mixed   [  76% ] 0015/0256 VUs  22m42.8s/30m0s  1900.00 iters/s

running (22m43.8s), 0015/0256 VUs, 2591156 complete and 0 interrupted iterations
cap_mixed   [  76% ] 0015/0256 VUs  22m43.8s/30m0s  1900.00 iters/s

running (22m44.8s), 0011/0256 VUs, 2593059 complete and 0 interrupted iterations
cap_mixed   [  76% ] 0011/0256 VUs  22m44.8s/30m0s  1900.00 iters/s

running (22m45.8s), 0011/0256 VUs, 2594959 complete and 0 interrupted iterations
cap_mixed   [  76% ] 0011/0256 VUs  22m45.8s/30m0s  1900.00 iters/s

running (22m46.8s), 0017/0256 VUs, 2596853 complete and 0 interrupted iterations
cap_mixed   [  76% ] 0017/0256 VUs  22m46.8s/30m0s  1900.00 iters/s

running (22m47.8s), 0009/0256 VUs, 2598761 complete and 0 interrupted iterations
cap_mixed   [  76% ] 0009/0256 VUs  22m47.8s/30m0s  1900.00 iters/s

running (22m48.8s), 0010/0256 VUs, 2600660 complete and 0 interrupted iterations
cap_mixed   [  76% ] 0010/0256 VUs  22m48.8s/30m0s  1900.00 iters/s

running (22m49.8s), 0008/0256 VUs, 2602563 complete and 0 interrupted iterations
cap_mixed   [  76% ] 0008/0256 VUs  22m49.8s/30m0s  1900.00 iters/s

running (22m50.8s), 0010/0256 VUs, 2604460 complete and 0 interrupted iterations
cap_mixed   [  76% ] 0010/0256 VUs  22m50.8s/30m0s  1900.00 iters/s

running (22m51.8s), 0009/0256 VUs, 2606361 complete and 0 interrupted iterations
cap_mixed   [  76% ] 0009/0256 VUs  22m51.8s/30m0s  1900.00 iters/s

running (22m52.8s), 0038/0256 VUs, 2608233 complete and 0 interrupted iterations
cap_mixed   [  76% ] 0038/0256 VUs  22m52.8s/30m0s  1900.00 iters/s

running (22m53.8s), 0010/0256 VUs, 2610160 complete and 0 interrupted iterations
cap_mixed   [  76% ] 0010/0256 VUs  22m53.8s/30m0s  1900.00 iters/s

running (22m54.8s), 0010/0256 VUs, 2612060 complete and 0 interrupted iterations
cap_mixed   [  76% ] 0010/0256 VUs  22m54.8s/30m0s  1900.00 iters/s

running (22m55.8s), 0016/0256 VUs, 2613955 complete and 0 interrupted iterations
cap_mixed   [  76% ] 0016/0256 VUs  22m55.8s/30m0s  1900.00 iters/s

running (22m56.8s), 0010/0256 VUs, 2615860 complete and 0 interrupted iterations
cap_mixed   [  76% ] 0010/0256 VUs  22m56.8s/30m0s  1900.00 iters/s

running (22m57.8s), 0010/0256 VUs, 2617760 complete and 0 interrupted iterations
cap_mixed   [  77% ] 0010/0256 VUs  22m57.8s/30m0s  1900.00 iters/s

running (22m58.8s), 0013/0256 VUs, 2619657 complete and 0 interrupted iterations
cap_mixed   [  77% ] 0013/0256 VUs  22m58.8s/30m0s  1900.00 iters/s

running (22m59.8s), 0014/0256 VUs, 2621556 complete and 0 interrupted iterations
cap_mixed   [  77% ] 0014/0256 VUs  22m59.8s/30m0s  1900.00 iters/s

running (23m00.8s), 0016/0256 VUs, 2623454 complete and 0 interrupted iterations
cap_mixed   [  77% ] 0016/0256 VUs  23m00.8s/30m0s  1900.00 iters/s

running (23m01.8s), 0017/0256 VUs, 2625353 complete and 0 interrupted iterations
cap_mixed   [  77% ] 0017/0256 VUs  23m01.8s/30m0s  1900.00 iters/s

running (23m02.8s), 0015/0256 VUs, 2627255 complete and 0 interrupted iterations
cap_mixed   [  77% ] 0015/0256 VUs  23m02.8s/30m0s  1900.00 iters/s

running (23m03.8s), 0017/0256 VUs, 2629153 complete and 0 interrupted iterations
cap_mixed   [  77% ] 0017/0256 VUs  23m03.8s/30m0s  1900.00 iters/s

running (23m04.8s), 0013/0256 VUs, 2631057 complete and 0 interrupted iterations
cap_mixed   [  77% ] 0013/0256 VUs  23m04.8s/30m0s  1900.00 iters/s

running (23m05.8s), 0010/0256 VUs, 2632960 complete and 0 interrupted iterations
cap_mixed   [  77% ] 0010/0256 VUs  23m05.8s/30m0s  1900.00 iters/s

running (23m06.8s), 0012/0256 VUs, 2634859 complete and 0 interrupted iterations
cap_mixed   [  77% ] 0012/0256 VUs  23m06.8s/30m0s  1900.00 iters/s

running (23m07.8s), 0012/0256 VUs, 2636758 complete and 0 interrupted iterations
cap_mixed   [  77% ] 0012/0256 VUs  23m07.8s/30m0s  1900.00 iters/s

running (23m08.8s), 0016/0256 VUs, 2638654 complete and 0 interrupted iterations
cap_mixed   [  77% ] 0016/0256 VUs  23m08.8s/30m0s  1900.00 iters/s

running (23m09.8s), 0023/0256 VUs, 2640547 complete and 0 interrupted iterations
cap_mixed   [  77% ] 0023/0256 VUs  23m09.8s/30m0s  1900.00 iters/s

running (23m10.8s), 0017/0256 VUs, 2642453 complete and 0 interrupted iterations
cap_mixed   [  77% ] 0017/0256 VUs  23m10.8s/30m0s  1900.00 iters/s

running (23m11.8s), 0013/0256 VUs, 2644357 complete and 0 interrupted iterations
cap_mixed   [  77% ] 0013/0256 VUs  23m11.8s/30m0s  1900.00 iters/s

running (23m12.8s), 0015/0256 VUs, 2646255 complete and 0 interrupted iterations
cap_mixed   [  77% ] 0015/0256 VUs  23m12.8s/30m0s  1900.00 iters/s

running (23m13.8s), 0019/0256 VUs, 2648151 complete and 0 interrupted iterations
cap_mixed   [  77% ] 0019/0256 VUs  23m13.8s/30m0s  1900.00 iters/s

running (23m14.8s), 0021/0256 VUs, 2650049 complete and 0 interrupted iterations
cap_mixed   [  77% ] 0021/0256 VUs  23m14.8s/30m0s  1900.00 iters/s

running (23m15.8s), 0016/0256 VUs, 2651954 complete and 0 interrupted iterations
cap_mixed   [  78% ] 0016/0256 VUs  23m15.8s/30m0s  1900.00 iters/s

running (23m16.8s), 0016/0256 VUs, 2653854 complete and 0 interrupted iterations
cap_mixed   [  78% ] 0016/0256 VUs  23m16.8s/30m0s  1900.00 iters/s

running (23m17.8s), 0013/0256 VUs, 2655757 complete and 0 interrupted iterations
cap_mixed   [  78% ] 0013/0256 VUs  23m17.8s/30m0s  1900.00 iters/s

running (23m18.8s), 0016/0256 VUs, 2657653 complete and 0 interrupted iterations
cap_mixed   [  78% ] 0016/0256 VUs  23m18.8s/30m0s  1900.00 iters/s

running (23m19.8s), 0008/0256 VUs, 2659561 complete and 0 interrupted iterations
cap_mixed   [  78% ] 0009/0256 VUs  23m19.8s/30m0s  1900.00 iters/s

running (23m20.8s), 0013/0256 VUs, 2661457 complete and 0 interrupted iterations
cap_mixed   [  78% ] 0013/0256 VUs  23m20.8s/30m0s  1900.00 iters/s

running (23m21.8s), 0007/0256 VUs, 2663364 complete and 0 interrupted iterations
cap_mixed   [  78% ] 0007/0256 VUs  23m21.8s/30m0s  1900.00 iters/s

running (23m22.8s), 0018/0256 VUs, 2665252 complete and 0 interrupted iterations
cap_mixed   [  78% ] 0018/0256 VUs  23m22.8s/30m0s  1900.00 iters/s

running (23m23.8s), 0015/0256 VUs, 2667155 complete and 0 interrupted iterations
cap_mixed   [  78% ] 0015/0256 VUs  23m23.8s/30m0s  1900.00 iters/s

running (23m24.8s), 0013/0256 VUs, 2669057 complete and 0 interrupted iterations
cap_mixed   [  78% ] 0013/0256 VUs  23m24.8s/30m0s  1900.00 iters/s

running (23m25.8s), 0006/0256 VUs, 2670965 complete and 0 interrupted iterations
cap_mixed   [  78% ] 0006/0256 VUs  23m25.8s/30m0s  1900.00 iters/s

running (23m26.8s), 0008/0256 VUs, 2672862 complete and 0 interrupted iterations
cap_mixed   [  78% ] 0008/0256 VUs  23m26.8s/30m0s  1900.00 iters/s

running (23m27.8s), 0011/0256 VUs, 2674760 complete and 0 interrupted iterations
cap_mixed   [  78% ] 0011/0256 VUs  23m27.8s/30m0s  1900.00 iters/s

running (23m28.8s), 0011/0256 VUs, 2676659 complete and 0 interrupted iterations
cap_mixed   [  78% ] 0011/0256 VUs  23m28.8s/30m0s  1900.00 iters/s

running (23m29.8s), 0013/0256 VUs, 2678557 complete and 0 interrupted iterations
cap_mixed   [  78% ] 0013/0256 VUs  23m29.8s/30m0s  1900.00 iters/s

running (23m30.8s), 0014/0256 VUs, 2680456 complete and 0 interrupted iterations
cap_mixed   [  78% ] 0013/0256 VUs  23m30.8s/30m0s  1900.00 iters/s

running (23m31.8s), 0009/0256 VUs, 2682361 complete and 0 interrupted iterations
cap_mixed   [  78% ] 0009/0256 VUs  23m31.8s/30m0s  1900.00 iters/s

running (23m32.8s), 0005/0256 VUs, 2684265 complete and 0 interrupted iterations
cap_mixed   [  78% ] 0005/0256 VUs  23m32.8s/30m0s  1900.00 iters/s

running (23m33.8s), 0016/0256 VUs, 2686154 complete and 0 interrupted iterations
cap_mixed   [  79% ] 0016/0256 VUs  23m33.8s/30m0s  1900.00 iters/s

running (23m34.8s), 0013/0256 VUs, 2688057 complete and 0 interrupted iterations
cap_mixed   [  79% ] 0013/0256 VUs  23m34.8s/30m0s  1900.00 iters/s

running (23m35.8s), 0009/0256 VUs, 2689962 complete and 0 interrupted iterations
cap_mixed   [  79% ] 0009/0256 VUs  23m35.8s/30m0s  1900.00 iters/s

running (23m36.8s), 0017/0256 VUs, 2691854 complete and 0 interrupted iterations
cap_mixed   [  79% ] 0017/0256 VUs  23m36.8s/30m0s  1900.00 iters/s

running (23m37.8s), 0013/0256 VUs, 2693758 complete and 0 interrupted iterations
cap_mixed   [  79% ] 0013/0256 VUs  23m37.8s/30m0s  1900.00 iters/s

running (23m38.8s), 0008/0256 VUs, 2695663 complete and 0 interrupted iterations
cap_mixed   [  79% ] 0008/0256 VUs  23m38.8s/30m0s  1900.00 iters/s

running (23m39.8s), 0030/0256 VUs, 2697541 complete and 0 interrupted iterations
cap_mixed   [  79% ] 0030/0256 VUs  23m39.8s/30m0s  1900.00 iters/s

running (23m40.8s), 0021/0256 VUs, 2699449 complete and 0 interrupted iterations
cap_mixed   [  79% ] 0021/0256 VUs  23m40.8s/30m0s  1900.00 iters/s

running (23m41.8s), 0008/0256 VUs, 2701363 complete and 0 interrupted iterations
cap_mixed   [  79% ] 0008/0256 VUs  23m41.8s/30m0s  1900.00 iters/s

running (23m42.8s), 0015/0256 VUs, 2703255 complete and 0 interrupted iterations
cap_mixed   [  79% ] 0015/0256 VUs  23m42.8s/30m0s  1900.00 iters/s

running (23m43.8s), 0008/0256 VUs, 2705163 complete and 0 interrupted iterations
cap_mixed   [  79% ] 0008/0256 VUs  23m43.8s/30m0s  1900.00 iters/s

running (23m44.8s), 0012/0256 VUs, 2707059 complete and 0 interrupted iterations
cap_mixed   [  79% ] 0012/0256 VUs  23m44.8s/30m0s  1900.00 iters/s

running (23m45.8s), 0011/0256 VUs, 2708960 complete and 0 interrupted iterations
cap_mixed   [  79% ] 0011/0256 VUs  23m45.8s/30m0s  1900.00 iters/s

running (23m46.8s), 0013/0256 VUs, 2710857 complete and 0 interrupted iterations
cap_mixed   [  79% ] 0013/0256 VUs  23m46.8s/30m0s  1900.00 iters/s

running (23m47.8s), 0020/0256 VUs, 2712751 complete and 0 interrupted iterations
cap_mixed   [  79% ] 0020/0256 VUs  23m47.8s/30m0s  1900.00 iters/s

running (23m48.8s), 0007/0256 VUs, 2714663 complete and 0 interrupted iterations
cap_mixed   [  79% ] 0007/0256 VUs  23m48.8s/30m0s  1900.00 iters/s

running (23m49.8s), 0026/0256 VUs, 2716544 complete and 0 interrupted iterations
cap_mixed   [  79% ] 0026/0256 VUs  23m49.8s/30m0s  1900.00 iters/s

running (23m50.8s), 0016/0256 VUs, 2718454 complete and 0 interrupted iterations
cap_mixed   [  79% ] 0016/0256 VUs  23m50.8s/30m0s  1900.00 iters/s

running (23m51.8s), 0021/0256 VUs, 2720349 complete and 0 interrupted iterations
cap_mixed   [  80% ] 0021/0256 VUs  23m51.8s/30m0s  1900.00 iters/s

running (23m52.8s), 0014/0256 VUs, 2722256 complete and 0 interrupted iterations
cap_mixed   [  80% ] 0014/0256 VUs  23m52.8s/30m0s  1900.00 iters/s

running (23m53.8s), 0011/0256 VUs, 2724159 complete and 0 interrupted iterations
cap_mixed   [  80% ] 0011/0256 VUs  23m53.8s/30m0s  1900.00 iters/s

running (23m54.8s), 0012/0256 VUs, 2726058 complete and 0 interrupted iterations
cap_mixed   [  80% ] 0012/0256 VUs  23m54.8s/30m0s  1900.00 iters/s

running (23m55.8s), 0021/0256 VUs, 2727949 complete and 0 interrupted iterations
cap_mixed   [  80% ] 0021/0256 VUs  23m55.8s/30m0s  1900.00 iters/s

running (23m56.8s), 0047/0260 VUs, 2729808 complete and 0 interrupted iterations
cap_mixed   [  80% ] 0047/0260 VUs  23m56.8s/30m0s  1900.00 iters/s

running (23m57.8s), 0008/0260 VUs, 2731748 complete and 0 interrupted iterations
cap_mixed   [  80% ] 0008/0260 VUs  23m57.8s/30m0s  1900.00 iters/s

running (23m58.8s), 0013/0260 VUs, 2733642 complete and 0 interrupted iterations
cap_mixed   [  80% ] 0013/0260 VUs  23m58.8s/30m0s  1900.00 iters/s

running (23m59.8s), 0009/0260 VUs, 2735546 complete and 0 interrupted iterations
cap_mixed   [  80% ] 0009/0260 VUs  23m59.8s/30m0s  1900.00 iters/s

running (24m00.8s), 0012/0260 VUs, 2737444 complete and 0 interrupted iterations
cap_mixed   [  80% ] 0012/0260 VUs  24m00.8s/30m0s  1900.00 iters/s

running (24m01.8s), 0015/0260 VUs, 2739340 complete and 0 interrupted iterations
cap_mixed   [  80% ] 0016/0260 VUs  24m01.8s/30m0s  1900.00 iters/s

running (24m02.8s), 0012/0260 VUs, 2741244 complete and 0 interrupted iterations
cap_mixed   [  80% ] 0012/0260 VUs  24m02.8s/30m0s  1900.00 iters/s

running (24m03.8s), 0008/0260 VUs, 2743147 complete and 0 interrupted iterations
cap_mixed   [  80% ] 0008/0260 VUs  24m03.8s/30m0s  1900.00 iters/s

running (24m04.8s), 0011/0260 VUs, 2745044 complete and 0 interrupted iterations
cap_mixed   [  80% ] 0011/0260 VUs  24m04.8s/30m0s  1900.00 iters/s

running (24m05.8s), 0011/0260 VUs, 2746944 complete and 0 interrupted iterations
cap_mixed   [  80% ] 0011/0260 VUs  24m05.8s/30m0s  1900.00 iters/s

running (24m06.8s), 0010/0260 VUs, 2748846 complete and 0 interrupted iterations
cap_mixed   [  80% ] 0010/0260 VUs  24m06.8s/30m0s  1900.00 iters/s

running (24m07.8s), 0030/0260 VUs, 2750726 complete and 0 interrupted iterations
cap_mixed   [  80% ] 0030/0260 VUs  24m07.8s/30m0s  1900.00 iters/s

running (24m08.8s), 0010/0260 VUs, 2752645 complete and 0 interrupted iterations
cap_mixed   [  80% ] 0010/0260 VUs  24m08.8s/30m0s  1900.00 iters/s

running (24m09.8s), 0010/0260 VUs, 2754546 complete and 0 interrupted iterations
cap_mixed   [  81% ] 0010/0260 VUs  24m09.8s/30m0s  1900.00 iters/s

running (24m10.8s), 0015/0260 VUs, 2756441 complete and 0 interrupted iterations
cap_mixed   [  81% ] 0015/0260 VUs  24m10.8s/30m0s  1900.00 iters/s

running (24m11.8s), 0011/0260 VUs, 2758345 complete and 0 interrupted iterations
cap_mixed   [  81% ] 0011/0260 VUs  24m11.8s/30m0s  1900.00 iters/s

running (24m12.8s), 0009/0260 VUs, 2760247 complete and 0 interrupted iterations
cap_mixed   [  81% ] 0009/0260 VUs  24m12.8s/30m0s  1900.00 iters/s

running (24m13.8s), 0015/0260 VUs, 2762140 complete and 0 interrupted iterations
cap_mixed   [  81% ] 0015/0260 VUs  24m13.8s/30m0s  1900.00 iters/s

running (24m14.8s), 0013/0260 VUs, 2764042 complete and 0 interrupted iterations
cap_mixed   [  81% ] 0013/0260 VUs  24m14.8s/30m0s  1900.00 iters/s

running (24m15.8s), 0009/0260 VUs, 2765947 complete and 0 interrupted iterations
cap_mixed   [  81% ] 0009/0260 VUs  24m15.8s/30m0s  1900.00 iters/s

running (24m16.8s), 0007/0260 VUs, 2767848 complete and 0 interrupted iterations
cap_mixed   [  81% ] 0007/0260 VUs  24m16.8s/30m0s  1900.00 iters/s

running (24m17.8s), 0011/0260 VUs, 2769745 complete and 0 interrupted iterations
cap_mixed   [  81% ] 0011/0260 VUs  24m17.8s/30m0s  1900.00 iters/s

running (24m18.8s), 0014/0260 VUs, 2771641 complete and 0 interrupted iterations
cap_mixed   [  81% ] 0014/0260 VUs  24m18.8s/30m0s  1900.00 iters/s

running (24m19.8s), 0011/0260 VUs, 2773545 complete and 0 interrupted iterations
cap_mixed   [  81% ] 0011/0260 VUs  24m19.8s/30m0s  1900.00 iters/s

running (24m20.8s), 0008/0260 VUs, 2775447 complete and 0 interrupted iterations
cap_mixed   [  81% ] 0008/0260 VUs  24m20.8s/30m0s  1900.00 iters/s

running (24m21.8s), 0020/0260 VUs, 2777335 complete and 0 interrupted iterations
cap_mixed   [  81% ] 0020/0260 VUs  24m21.8s/30m0s  1900.00 iters/s

running (24m22.8s), 0014/0260 VUs, 2779242 complete and 0 interrupted iterations
cap_mixed   [  81% ] 0014/0260 VUs  24m22.8s/30m0s  1900.00 iters/s

running (24m23.8s), 0011/0260 VUs, 2781144 complete and 0 interrupted iterations
cap_mixed   [  81% ] 0011/0260 VUs  24m23.8s/30m0s  1900.00 iters/s

running (24m24.8s), 0013/0260 VUs, 2783042 complete and 0 interrupted iterations
cap_mixed   [  81% ] 0013/0260 VUs  24m24.8s/30m0s  1900.00 iters/s

running (24m25.8s), 0014/0260 VUs, 2784941 complete and 0 interrupted iterations
cap_mixed   [  81% ] 0013/0260 VUs  24m25.8s/30m0s  1900.00 iters/s

running (24m26.8s), 0010/0260 VUs, 2786846 complete and 0 interrupted iterations
cap_mixed   [  81% ] 0010/0260 VUs  24m26.8s/30m0s  1900.00 iters/s

running (24m27.8s), 0240/0260 VUs, 2788516 complete and 0 interrupted iterations
cap_mixed   [  82% ] 0240/0260 VUs  24m27.8s/30m0s  1900.00 iters/s

running (24m28.8s), 0012/0268 VUs, 2790559 complete and 0 interrupted iterations
cap_mixed   [  82% ] 0012/0268 VUs  24m28.8s/30m0s  1900.00 iters/s

running (24m29.8s), 0012/0268 VUs, 2792460 complete and 0 interrupted iterations
cap_mixed   [  82% ] 0012/0268 VUs  24m29.8s/30m0s  1900.00 iters/s

running (24m30.8s), 0008/0268 VUs, 2794363 complete and 0 interrupted iterations
cap_mixed   [  82% ] 0008/0268 VUs  24m30.8s/30m0s  1900.00 iters/s

running (24m31.8s), 0018/0268 VUs, 2796253 complete and 0 interrupted iterations
cap_mixed   [  82% ] 0018/0268 VUs  24m31.8s/30m0s  1900.00 iters/s

running (24m32.8s), 0016/0268 VUs, 2798155 complete and 0 interrupted iterations
cap_mixed   [  82% ] 0016/0268 VUs  24m32.8s/30m0s  1900.00 iters/s

running (24m33.8s), 0010/0268 VUs, 2800061 complete and 0 interrupted iterations
cap_mixed   [  82% ] 0010/0268 VUs  24m33.8s/30m0s  1900.00 iters/s

running (24m34.8s), 0012/0268 VUs, 2801959 complete and 0 interrupted iterations
cap_mixed   [  82% ] 0012/0268 VUs  24m34.8s/30m0s  1900.00 iters/s

running (24m35.8s), 0011/0268 VUs, 2803860 complete and 0 interrupted iterations
cap_mixed   [  82% ] 0011/0268 VUs  24m35.8s/30m0s  1900.00 iters/s

running (24m36.8s), 0013/0268 VUs, 2805758 complete and 0 interrupted iterations
cap_mixed   [  82% ] 0014/0268 VUs  24m36.8s/30m0s  1900.00 iters/s

running (24m37.8s), 0013/0268 VUs, 2807658 complete and 0 interrupted iterations
cap_mixed   [  82% ] 0013/0268 VUs  24m37.8s/30m0s  1900.00 iters/s

running (24m38.8s), 0013/0268 VUs, 2809559 complete and 0 interrupted iterations
cap_mixed   [  82% ] 0013/0268 VUs  24m38.8s/30m0s  1900.00 iters/s

running (24m39.8s), 0016/0268 VUs, 2811456 complete and 0 interrupted iterations
cap_mixed   [  82% ] 0016/0268 VUs  24m39.8s/30m0s  1900.00 iters/s

running (24m40.8s), 0016/0268 VUs, 2813355 complete and 0 interrupted iterations
cap_mixed   [  82% ] 0016/0268 VUs  24m40.8s/30m0s  1900.00 iters/s

running (24m41.8s), 0012/0268 VUs, 2815259 complete and 0 interrupted iterations
cap_mixed   [  82% ] 0012/0268 VUs  24m41.8s/30m0s  1900.00 iters/s

running (24m42.8s), 0009/0268 VUs, 2817162 complete and 0 interrupted iterations
cap_mixed   [  82% ] 0009/0268 VUs  24m42.8s/30m0s  1900.00 iters/s

running (24m43.8s), 0010/0268 VUs, 2819062 complete and 0 interrupted iterations
cap_mixed   [  82% ] 0010/0268 VUs  24m43.8s/30m0s  1900.00 iters/s

running (24m44.8s), 0013/0268 VUs, 2820959 complete and 0 interrupted iterations
cap_mixed   [  82% ] 0013/0268 VUs  24m44.8s/30m0s  1900.00 iters/s

running (24m45.8s), 0016/0268 VUs, 2822855 complete and 0 interrupted iterations
cap_mixed   [  83% ] 0016/0268 VUs  24m45.8s/30m0s  1900.00 iters/s

running (24m46.8s), 0012/0268 VUs, 2824759 complete and 0 interrupted iterations
cap_mixed   [  83% ] 0012/0268 VUs  24m46.8s/30m0s  1900.00 iters/s

running (24m47.8s), 0012/0268 VUs, 2826659 complete and 0 interrupted iterations
cap_mixed   [  83% ] 0012/0268 VUs  24m47.8s/30m0s  1900.00 iters/s

running (24m48.8s), 0022/0268 VUs, 2828549 complete and 0 interrupted iterations
cap_mixed   [  83% ] 0022/0268 VUs  24m48.8s/30m0s  1900.00 iters/s

running (24m49.8s), 0014/0268 VUs, 2830458 complete and 0 interrupted iterations
cap_mixed   [  83% ] 0014/0268 VUs  24m49.8s/30m0s  1900.00 iters/s

running (24m50.8s), 0007/0268 VUs, 2832364 complete and 0 interrupted iterations
cap_mixed   [  83% ] 0007/0268 VUs  24m50.8s/30m0s  1900.00 iters/s

running (24m51.8s), 0015/0268 VUs, 2834256 complete and 0 interrupted iterations
cap_mixed   [  83% ] 0015/0268 VUs  24m51.8s/30m0s  1900.00 iters/s

running (24m52.8s), 0012/0268 VUs, 2836159 complete and 0 interrupted iterations
cap_mixed   [  83% ] 0012/0268 VUs  24m52.8s/30m0s  1900.00 iters/s

running (24m53.8s), 0049/0268 VUs, 2838023 complete and 0 interrupted iterations
cap_mixed   [  83% ] 0049/0268 VUs  24m53.8s/30m0s  1900.00 iters/s

running (24m54.8s), 0008/0268 VUs, 2839963 complete and 0 interrupted iterations
cap_mixed   [  83% ] 0008/0268 VUs  24m54.8s/30m0s  1900.00 iters/s

running (24m55.8s), 0013/0268 VUs, 2841859 complete and 0 interrupted iterations
cap_mixed   [  83% ] 0013/0268 VUs  24m55.8s/30m0s  1900.00 iters/s

running (24m56.8s), 0013/0268 VUs, 2843759 complete and 0 interrupted iterations
cap_mixed   [  83% ] 0013/0268 VUs  24m56.8s/30m0s  1900.00 iters/s

running (24m57.8s), 0015/0268 VUs, 2845657 complete and 0 interrupted iterations
cap_mixed   [  83% ] 0015/0268 VUs  24m57.8s/30m0s  1900.00 iters/s

running (24m58.8s), 0010/0268 VUs, 2847561 complete and 0 interrupted iterations
cap_mixed   [  83% ] 0010/0268 VUs  24m58.8s/30m0s  1900.00 iters/s

running (24m59.8s), 0017/0268 VUs, 2849454 complete and 0 interrupted iterations
cap_mixed   [  83% ] 0017/0268 VUs  24m59.8s/30m0s  1900.00 iters/s

running (25m00.8s), 0013/0268 VUs, 2851358 complete and 0 interrupted iterations
cap_mixed   [  83% ] 0013/0268 VUs  25m00.8s/30m0s  1900.00 iters/s

running (25m01.8s), 0015/0268 VUs, 2853258 complete and 0 interrupted iterations
cap_mixed   [  83% ] 0015/0268 VUs  25m01.8s/30m0s  1900.00 iters/s

running (25m02.8s), 0010/0268 VUs, 2855161 complete and 0 interrupted iterations
cap_mixed   [  83% ] 0010/0268 VUs  25m02.8s/30m0s  1900.00 iters/s

running (25m03.8s), 0014/0268 VUs, 2857057 complete and 0 interrupted iterations
cap_mixed   [  84% ] 0014/0268 VUs  25m03.8s/30m0s  1900.00 iters/s

running (25m04.8s), 0012/0268 VUs, 2858960 complete and 0 interrupted iterations
cap_mixed   [  84% ] 0012/0268 VUs  25m04.8s/30m0s  1900.00 iters/s

running (25m05.8s), 0012/0268 VUs, 2860860 complete and 0 interrupted iterations
cap_mixed   [  84% ] 0012/0268 VUs  25m05.8s/30m0s  1900.00 iters/s

running (25m06.8s), 0015/0268 VUs, 2862757 complete and 0 interrupted iterations
cap_mixed   [  84% ] 0015/0268 VUs  25m06.8s/30m0s  1900.00 iters/s

running (25m07.8s), 0014/0268 VUs, 2864658 complete and 0 interrupted iterations
cap_mixed   [  84% ] 0014/0268 VUs  25m07.8s/30m0s  1900.00 iters/s

running (25m08.8s), 0012/0268 VUs, 2866560 complete and 0 interrupted iterations
cap_mixed   [  84% ] 0012/0268 VUs  25m08.8s/30m0s  1900.00 iters/s

running (25m09.8s), 0015/0268 VUs, 2868457 complete and 0 interrupted iterations
cap_mixed   [  84% ] 0015/0268 VUs  25m09.8s/30m0s  1900.00 iters/s

running (25m10.8s), 0012/0268 VUs, 2870359 complete and 0 interrupted iterations
cap_mixed   [  84% ] 0012/0268 VUs  25m10.8s/30m0s  1900.00 iters/s

running (25m11.8s), 0018/0268 VUs, 2872254 complete and 0 interrupted iterations
cap_mixed   [  84% ] 0018/0268 VUs  25m11.8s/30m0s  1900.00 iters/s

running (25m12.8s), 0009/0268 VUs, 2874163 complete and 0 interrupted iterations
cap_mixed   [  84% ] 0009/0268 VUs  25m12.8s/30m0s  1900.00 iters/s

running (25m13.8s), 0014/0268 VUs, 2876058 complete and 0 interrupted iterations
cap_mixed   [  84% ] 0014/0268 VUs  25m13.8s/30m0s  1900.00 iters/s

running (25m14.8s), 0012/0268 VUs, 2877960 complete and 0 interrupted iterations
cap_mixed   [  84% ] 0012/0268 VUs  25m14.8s/30m0s  1900.00 iters/s

running (25m15.8s), 0019/0268 VUs, 2879852 complete and 0 interrupted iterations
cap_mixed   [  84% ] 0019/0268 VUs  25m15.8s/30m0s  1900.00 iters/s

running (25m16.8s), 0010/0268 VUs, 2881761 complete and 0 interrupted iterations
cap_mixed   [  84% ] 0010/0268 VUs  25m16.8s/30m0s  1900.00 iters/s

running (25m17.8s), 0014/0268 VUs, 2883657 complete and 0 interrupted iterations
cap_mixed   [  84% ] 0015/0268 VUs  25m17.8s/30m0s  1900.00 iters/s

running (25m18.8s), 0014/0268 VUs, 2885557 complete and 0 interrupted iterations
cap_mixed   [  84% ] 0014/0268 VUs  25m18.8s/30m0s  1900.00 iters/s

running (25m19.8s), 0012/0268 VUs, 2887461 complete and 0 interrupted iterations
cap_mixed   [  84% ] 0012/0268 VUs  25m19.8s/30m0s  1900.00 iters/s

running (25m20.8s), 0013/0268 VUs, 2889358 complete and 0 interrupted iterations
cap_mixed   [  84% ] 0013/0268 VUs  25m20.8s/30m0s  1900.00 iters/s

running (25m21.8s), 0015/0268 VUs, 2891257 complete and 0 interrupted iterations
cap_mixed   [  85% ] 0015/0268 VUs  25m21.8s/30m0s  1900.00 iters/s

running (25m22.8s), 0011/0268 VUs, 2893161 complete and 0 interrupted iterations
cap_mixed   [  85% ] 0011/0268 VUs  25m22.8s/30m0s  1900.00 iters/s

running (25m23.8s), 0010/0268 VUs, 2895061 complete and 0 interrupted iterations
cap_mixed   [  85% ] 0010/0268 VUs  25m23.8s/30m0s  1900.00 iters/s

running (25m24.8s), 0013/0268 VUs, 2896959 complete and 0 interrupted iterations
cap_mixed   [  85% ] 0013/0268 VUs  25m24.8s/30m0s  1900.00 iters/s

running (25m25.8s), 0017/0268 VUs, 2898855 complete and 0 interrupted iterations
cap_mixed   [  85% ] 0017/0268 VUs  25m25.8s/30m0s  1900.00 iters/s

running (25m26.8s), 0011/0268 VUs, 2900761 complete and 0 interrupted iterations
cap_mixed   [  85% ] 0011/0268 VUs  25m26.8s/30m0s  1900.00 iters/s

running (25m27.8s), 0014/0268 VUs, 2902657 complete and 0 interrupted iterations
cap_mixed   [  85% ] 0014/0268 VUs  25m27.8s/30m0s  1900.00 iters/s

running (25m28.8s), 0009/0268 VUs, 2904561 complete and 0 interrupted iterations
cap_mixed   [  85% ] 0009/0268 VUs  25m28.8s/30m0s  1900.00 iters/s

running (25m29.8s), 0009/0268 VUs, 2906463 complete and 0 interrupted iterations
cap_mixed   [  85% ] 0009/0268 VUs  25m29.8s/30m0s  1900.00 iters/s

running (25m30.8s), 0009/0268 VUs, 2908363 complete and 0 interrupted iterations
cap_mixed   [  85% ] 0009/0268 VUs  25m30.8s/30m0s  1900.00 iters/s

running (25m31.8s), 0015/0268 VUs, 2910257 complete and 0 interrupted iterations
cap_mixed   [  85% ] 0015/0268 VUs  25m31.8s/30m0s  1900.00 iters/s

running (25m32.8s), 0014/0268 VUs, 2912157 complete and 0 interrupted iterations
cap_mixed   [  85% ] 0014/0268 VUs  25m32.8s/30m0s  1900.00 iters/s

running (25m33.8s), 0013/0268 VUs, 2914059 complete and 0 interrupted iterations
cap_mixed   [  85% ] 0013/0268 VUs  25m33.8s/30m0s  1900.00 iters/s

running (25m34.8s), 0037/0268 VUs, 2915935 complete and 0 interrupted iterations
cap_mixed   [  85% ] 0037/0268 VUs  25m34.8s/30m0s  1900.00 iters/s

running (25m35.8s), 0017/0268 VUs, 2917855 complete and 0 interrupted iterations
cap_mixed   [  85% ] 0017/0268 VUs  25m35.8s/30m0s  1900.00 iters/s

running (25m36.8s), 0014/0268 VUs, 2919758 complete and 0 interrupted iterations
cap_mixed   [  85% ] 0014/0268 VUs  25m36.8s/30m0s  1900.00 iters/s

running (25m37.8s), 0012/0268 VUs, 2921660 complete and 0 interrupted iterations
cap_mixed   [  85% ] 0012/0268 VUs  25m37.8s/30m0s  1900.00 iters/s

running (25m38.8s), 0011/0268 VUs, 2923561 complete and 0 interrupted iterations
cap_mixed   [  85% ] 0011/0268 VUs  25m38.8s/30m0s  1900.00 iters/s

running (25m39.8s), 0009/0268 VUs, 2925463 complete and 0 interrupted iterations
cap_mixed   [  86% ] 0009/0268 VUs  25m39.8s/30m0s  1900.00 iters/s

running (25m40.8s), 0013/0268 VUs, 2927358 complete and 0 interrupted iterations
cap_mixed   [  86% ] 0013/0268 VUs  25m40.8s/30m0s  1900.00 iters/s

running (25m41.8s), 0014/0268 VUs, 2929258 complete and 0 interrupted iterations
cap_mixed   [  86% ] 0014/0268 VUs  25m41.8s/30m0s  1900.00 iters/s

running (25m42.8s), 0009/0268 VUs, 2931163 complete and 0 interrupted iterations
cap_mixed   [  86% ] 0010/0268 VUs  25m42.8s/30m0s  1900.00 iters/s

running (25m43.8s), 0014/0268 VUs, 2933056 complete and 0 interrupted iterations
cap_mixed   [  86% ] 0014/0268 VUs  25m43.8s/30m0s  1900.00 iters/s

running (25m44.8s), 0012/0268 VUs, 2934960 complete and 0 interrupted iterations
cap_mixed   [  86% ] 0012/0268 VUs  25m44.8s/30m0s  1900.00 iters/s

running (25m45.8s), 0274/0277 VUs, 2936457 complete and 0 interrupted iterations
cap_mixed   [  86% ] 0274/0277 VUs  25m45.8s/30m0s  1900.00 iters/s

running (25m46.8s), 0013/0282 VUs, 2938586 complete and 0 interrupted iterations
cap_mixed   [  86% ] 0014/0282 VUs  25m46.8s/30m0s  1900.00 iters/s

running (25m47.8s), 0009/0282 VUs, 2940489 complete and 0 interrupted iterations
cap_mixed   [  86% ] 0009/0282 VUs  25m47.8s/30m0s  1900.00 iters/s

running (25m48.8s), 0007/0282 VUs, 2942391 complete and 0 interrupted iterations
cap_mixed   [  86% ] 0008/0282 VUs  25m48.8s/30m0s  1900.00 iters/s

running (25m49.8s), 0015/0282 VUs, 2944283 complete and 0 interrupted iterations
cap_mixed   [  86% ] 0016/0282 VUs  25m49.8s/30m0s  1900.00 iters/s

running (25m50.8s), 0008/0282 VUs, 2946191 complete and 0 interrupted iterations
cap_mixed   [  86% ] 0008/0282 VUs  25m50.8s/30m0s  1900.00 iters/s

running (25m51.8s), 0014/0282 VUs, 2948085 complete and 0 interrupted iterations
cap_mixed   [  86% ] 0014/0282 VUs  25m51.8s/30m0s  1900.00 iters/s

running (25m52.8s), 0014/0282 VUs, 2949985 complete and 0 interrupted iterations
cap_mixed   [  86% ] 0014/0282 VUs  25m52.8s/30m0s  1900.00 iters/s

running (25m53.8s), 0013/0282 VUs, 2951885 complete and 0 interrupted iterations
cap_mixed   [  86% ] 0013/0282 VUs  25m53.8s/30m0s  1900.00 iters/s

running (25m54.8s), 0014/0282 VUs, 2953785 complete and 0 interrupted iterations
cap_mixed   [  86% ] 0014/0282 VUs  25m54.8s/30m0s  1900.00 iters/s

running (25m55.8s), 0012/0282 VUs, 2955687 complete and 0 interrupted iterations
cap_mixed   [  86% ] 0012/0282 VUs  25m55.8s/30m0s  1900.00 iters/s

running (25m56.8s), 0013/0282 VUs, 2957586 complete and 0 interrupted iterations
cap_mixed   [  86% ] 0013/0282 VUs  25m56.8s/30m0s  1900.00 iters/s

running (25m57.8s), 0014/0282 VUs, 2959485 complete and 0 interrupted iterations
cap_mixed   [  87% ] 0014/0282 VUs  25m57.8s/30m0s  1900.00 iters/s

running (25m58.8s), 0014/0282 VUs, 2961386 complete and 0 interrupted iterations
cap_mixed   [  87% ] 0014/0282 VUs  25m58.8s/30m0s  1900.00 iters/s

running (25m59.8s), 0013/0282 VUs, 2963285 complete and 0 interrupted iterations
cap_mixed   [  87% ] 0013/0282 VUs  25m59.8s/30m0s  1900.00 iters/s

running (26m00.8s), 0030/0282 VUs, 2965169 complete and 0 interrupted iterations
cap_mixed   [  87% ] 0030/0282 VUs  26m00.8s/30m0s  1900.00 iters/s

running (26m01.8s), 0014/0282 VUs, 2967085 complete and 0 interrupted iterations
cap_mixed   [  87% ] 0014/0282 VUs  26m01.8s/30m0s  1900.00 iters/s

running (26m02.8s), 0020/0282 VUs, 2968979 complete and 0 interrupted iterations
cap_mixed   [  87% ] 0020/0282 VUs  26m02.8s/30m0s  1900.00 iters/s

running (26m03.8s), 0017/0282 VUs, 2970882 complete and 0 interrupted iterations
cap_mixed   [  87% ] 0017/0282 VUs  26m03.8s/30m0s  1900.00 iters/s

running (26m04.8s), 0015/0282 VUs, 2972783 complete and 0 interrupted iterations
cap_mixed   [  87% ] 0015/0282 VUs  26m04.8s/30m0s  1900.00 iters/s

running (26m05.8s), 0013/0282 VUs, 2974686 complete and 0 interrupted iterations
cap_mixed   [  87% ] 0013/0282 VUs  26m05.8s/30m0s  1900.00 iters/s

running (26m06.8s), 0020/0282 VUs, 2976579 complete and 0 interrupted iterations
cap_mixed   [  87% ] 0020/0282 VUs  26m06.8s/30m0s  1900.00 iters/s

running (26m07.8s), 0014/0282 VUs, 2978485 complete and 0 interrupted iterations
cap_mixed   [  87% ] 0014/0282 VUs  26m07.8s/30m0s  1900.00 iters/s

running (26m08.8s), 0015/0282 VUs, 2980384 complete and 0 interrupted iterations
cap_mixed   [  87% ] 0015/0282 VUs  26m08.8s/30m0s  1900.00 iters/s

running (26m09.8s), 0011/0282 VUs, 2982288 complete and 0 interrupted iterations
cap_mixed   [  87% ] 0011/0282 VUs  26m09.8s/30m0s  1900.00 iters/s

running (26m10.8s), 0010/0282 VUs, 2984189 complete and 0 interrupted iterations
cap_mixed   [  87% ] 0010/0282 VUs  26m10.8s/30m0s  1900.00 iters/s

running (26m11.8s), 0010/0282 VUs, 2986089 complete and 0 interrupted iterations
cap_mixed   [  87% ] 0010/0282 VUs  26m11.8s/30m0s  1900.00 iters/s

running (26m12.8s), 0011/0282 VUs, 2987989 complete and 0 interrupted iterations
cap_mixed   [  87% ] 0011/0282 VUs  26m12.8s/30m0s  1900.00 iters/s

running (26m13.8s), 0018/0282 VUs, 2989881 complete and 0 interrupted iterations
cap_mixed   [  87% ] 0018/0282 VUs  26m13.8s/30m0s  1900.00 iters/s

running (26m14.8s), 0011/0282 VUs, 2991788 complete and 0 interrupted iterations
cap_mixed   [  87% ] 0011/0282 VUs  26m14.8s/30m0s  1900.00 iters/s

running (26m15.8s), 0010/0282 VUs, 2993689 complete and 0 interrupted iterations
cap_mixed   [  88% ] 0010/0282 VUs  26m15.8s/30m0s  1900.00 iters/s

running (26m16.8s), 0123/0282 VUs, 2995476 complete and 0 interrupted iterations
cap_mixed   [  88% ] 0123/0282 VUs  26m16.8s/30m0s  1900.00 iters/s

running (26m17.8s), 0016/0301 VUs, 2997095 complete and 0 interrupted iterations
cap_mixed   [  88% ] 0016/0301 VUs  26m17.8s/30m0s  1900.00 iters/s

running (26m18.8s), 0017/0301 VUs, 2998994 complete and 0 interrupted iterations
cap_mixed   [  88% ] 0017/0301 VUs  26m18.8s/30m0s  1900.00 iters/s

running (26m19.8s), 0012/0301 VUs, 3000899 complete and 0 interrupted iterations
cap_mixed   [  88% ] 0012/0301 VUs  26m19.8s/30m0s  1900.00 iters/s

running (26m20.8s), 0009/0301 VUs, 3002803 complete and 0 interrupted iterations
cap_mixed   [  88% ] 0009/0301 VUs  26m20.8s/30m0s  1900.00 iters/s

running (26m21.8s), 0011/0301 VUs, 3004700 complete and 0 interrupted iterations
cap_mixed   [  88% ] 0011/0301 VUs  26m21.8s/30m0s  1900.00 iters/s

running (26m22.8s), 0015/0301 VUs, 3006596 complete and 0 interrupted iterations
cap_mixed   [  88% ] 0015/0301 VUs  26m22.8s/30m0s  1900.00 iters/s

running (26m23.8s), 0020/0301 VUs, 3008491 complete and 0 interrupted iterations
cap_mixed   [  88% ] 0020/0301 VUs  26m23.8s/30m0s  1900.00 iters/s

running (26m24.8s), 0013/0301 VUs, 3010398 complete and 0 interrupted iterations
cap_mixed   [  88% ] 0013/0301 VUs  26m24.8s/30m0s  1900.00 iters/s

running (26m25.8s), 0014/0301 VUs, 3012297 complete and 0 interrupted iterations
cap_mixed   [  88% ] 0014/0301 VUs  26m25.8s/30m0s  1900.00 iters/s

running (26m26.8s), 0014/0301 VUs, 3014197 complete and 0 interrupted iterations
cap_mixed   [  88% ] 0014/0301 VUs  26m26.8s/30m0s  1900.00 iters/s

running (26m27.8s), 0013/0301 VUs, 3016098 complete and 0 interrupted iterations
cap_mixed   [  88% ] 0013/0301 VUs  26m27.8s/30m0s  1900.00 iters/s

running (26m28.8s), 0020/0301 VUs, 3017991 complete and 0 interrupted iterations
cap_mixed   [  88% ] 0020/0301 VUs  26m28.8s/30m0s  1900.00 iters/s

running (26m29.8s), 0015/0301 VUs, 3019896 complete and 0 interrupted iterations
cap_mixed   [  88% ] 0015/0301 VUs  26m29.8s/30m0s  1900.00 iters/s

running (26m30.8s), 0017/0301 VUs, 3021794 complete and 0 interrupted iterations
cap_mixed   [  88% ] 0017/0301 VUs  26m30.8s/30m0s  1900.00 iters/s

running (26m31.8s), 0015/0301 VUs, 3023696 complete and 0 interrupted iterations
cap_mixed   [  88% ] 0015/0301 VUs  26m31.8s/30m0s  1900.00 iters/s

running (26m32.8s), 0017/0301 VUs, 3025594 complete and 0 interrupted iterations
cap_mixed   [  88% ] 0017/0301 VUs  26m32.8s/30m0s  1900.00 iters/s

running (26m33.8s), 0021/0301 VUs, 3027490 complete and 0 interrupted iterations
cap_mixed   [  89% ] 0021/0301 VUs  26m33.8s/30m0s  1900.00 iters/s

running (26m34.8s), 0010/0301 VUs, 3029401 complete and 0 interrupted iterations
cap_mixed   [  89% ] 0010/0301 VUs  26m34.8s/30m0s  1900.00 iters/s

running (26m35.8s), 0010/0301 VUs, 3031301 complete and 0 interrupted iterations
cap_mixed   [  89% ] 0010/0301 VUs  26m35.8s/30m0s  1900.00 iters/s

running (26m36.8s), 0019/0301 VUs, 3033192 complete and 0 interrupted iterations
cap_mixed   [  89% ] 0019/0301 VUs  26m36.8s/30m0s  1900.00 iters/s

running (26m37.8s), 0011/0301 VUs, 3035100 complete and 0 interrupted iterations
cap_mixed   [  89% ] 0011/0301 VUs  26m37.8s/30m0s  1900.00 iters/s

running (26m38.8s), 0012/0301 VUs, 3036999 complete and 0 interrupted iterations
cap_mixed   [  89% ] 0012/0301 VUs  26m38.8s/30m0s  1900.00 iters/s

running (26m39.8s), 0007/0301 VUs, 3038903 complete and 0 interrupted iterations
cap_mixed   [  89% ] 0008/0301 VUs  26m39.8s/30m0s  1900.00 iters/s

running (26m40.8s), 0014/0301 VUs, 3040797 complete and 0 interrupted iterations
cap_mixed   [  89% ] 0014/0301 VUs  26m40.8s/30m0s  1900.00 iters/s

running (26m41.8s), 0011/0301 VUs, 3042698 complete and 0 interrupted iterations
cap_mixed   [  89% ] 0012/0301 VUs  26m41.8s/30m0s  1900.00 iters/s

running (26m42.8s), 0013/0301 VUs, 3044598 complete and 0 interrupted iterations
cap_mixed   [  89% ] 0013/0301 VUs  26m42.8s/30m0s  1900.00 iters/s

running (26m43.8s), 0017/0301 VUs, 3046494 complete and 0 interrupted iterations
cap_mixed   [  89% ] 0017/0301 VUs  26m43.8s/30m0s  1900.00 iters/s

running (26m44.8s), 0024/0301 VUs, 3048388 complete and 0 interrupted iterations
cap_mixed   [  89% ] 0024/0301 VUs  26m44.8s/30m0s  1900.00 iters/s

running (26m45.8s), 0014/0301 VUs, 3050297 complete and 0 interrupted iterations
cap_mixed   [  89% ] 0014/0301 VUs  26m45.8s/30m0s  1900.00 iters/s

running (26m46.8s), 0014/0301 VUs, 3052197 complete and 0 interrupted iterations
cap_mixed   [  89% ] 0014/0301 VUs  26m46.8s/30m0s  1900.00 iters/s

running (26m47.8s), 0012/0301 VUs, 3054099 complete and 0 interrupted iterations
cap_mixed   [  89% ] 0012/0301 VUs  26m47.8s/30m0s  1900.00 iters/s

running (26m48.8s), 0010/0301 VUs, 3056001 complete and 0 interrupted iterations
cap_mixed   [  89% ] 0010/0301 VUs  26m48.8s/30m0s  1900.00 iters/s

running (26m49.8s), 0011/0301 VUs, 3057900 complete and 0 interrupted iterations
cap_mixed   [  89% ] 0011/0301 VUs  26m49.8s/30m0s  1900.00 iters/s

running (26m50.8s), 0013/0301 VUs, 3059798 complete and 0 interrupted iterations
cap_mixed   [  89% ] 0013/0301 VUs  26m50.8s/30m0s  1900.00 iters/s

running (26m51.8s), 0017/0301 VUs, 3061695 complete and 0 interrupted iterations
cap_mixed   [  90% ] 0017/0301 VUs  26m51.8s/30m0s  1900.00 iters/s

running (26m52.8s), 0012/0301 VUs, 3063600 complete and 0 interrupted iterations
cap_mixed   [  90% ] 0012/0301 VUs  26m52.8s/30m0s  1900.00 iters/s

running (26m53.8s), 0011/0301 VUs, 3065498 complete and 0 interrupted iterations
cap_mixed   [  90% ] 0012/0301 VUs  26m53.8s/30m0s  1900.00 iters/s

running (26m54.8s), 0011/0301 VUs, 3067400 complete and 0 interrupted iterations
cap_mixed   [  90% ] 0011/0301 VUs  26m54.8s/30m0s  1900.00 iters/s

running (26m55.8s), 0015/0301 VUs, 3069296 complete and 0 interrupted iterations
cap_mixed   [  90% ] 0015/0301 VUs  26m55.8s/30m0s  1900.00 iters/s

running (26m56.8s), 0009/0301 VUs, 3071201 complete and 0 interrupted iterations
cap_mixed   [  90% ] 0009/0301 VUs  26m56.8s/30m0s  1900.00 iters/s

running (26m57.8s), 0014/0301 VUs, 3073097 complete and 0 interrupted iterations
cap_mixed   [  90% ] 0014/0301 VUs  26m57.8s/30m0s  1900.00 iters/s

running (26m58.8s), 0012/0301 VUs, 3074999 complete and 0 interrupted iterations
cap_mixed   [  90% ] 0012/0301 VUs  26m58.8s/30m0s  1900.00 iters/s

running (26m59.8s), 0019/0301 VUs, 3076892 complete and 0 interrupted iterations
cap_mixed   [  90% ] 0019/0301 VUs  26m59.8s/30m0s  1900.00 iters/s

running (27m00.8s), 0011/0301 VUs, 3078800 complete and 0 interrupted iterations
cap_mixed   [  90% ] 0011/0301 VUs  27m00.8s/30m0s  1900.00 iters/s

running (27m01.8s), 0012/0301 VUs, 3080700 complete and 0 interrupted iterations
cap_mixed   [  90% ] 0012/0301 VUs  27m01.8s/30m0s  1900.00 iters/s

running (27m02.8s), 0011/0301 VUs, 3082600 complete and 0 interrupted iterations
cap_mixed   [  90% ] 0011/0301 VUs  27m02.8s/30m0s  1900.00 iters/s

running (27m03.8s), 0036/0301 VUs, 3084475 complete and 0 interrupted iterations
cap_mixed   [  90% ] 0036/0301 VUs  27m03.8s/30m0s  1900.00 iters/s

running (27m04.8s), 0059/0301 VUs, 3086352 complete and 0 interrupted iterations
cap_mixed   [  90% ] 0059/0301 VUs  27m04.8s/30m0s  1900.00 iters/s

running (27m05.8s), 0021/0301 VUs, 3088290 complete and 0 interrupted iterations
cap_mixed   [  90% ] 0021/0301 VUs  27m05.8s/30m0s  1900.00 iters/s

running (27m06.8s), 0011/0301 VUs, 3090200 complete and 0 interrupted iterations
cap_mixed   [  90% ] 0011/0301 VUs  27m06.8s/30m0s  1900.00 iters/s

running (27m07.8s), 0017/0301 VUs, 3092094 complete and 0 interrupted iterations
cap_mixed   [  90% ] 0017/0301 VUs  27m07.8s/30m0s  1900.00 iters/s

running (27m08.8s), 0011/0301 VUs, 3094000 complete and 0 interrupted iterations
cap_mixed   [  90% ] 0011/0301 VUs  27m08.8s/30m0s  1900.00 iters/s

running (27m09.8s), 0012/0301 VUs, 3095899 complete and 0 interrupted iterations
cap_mixed   [  91% ] 0012/0301 VUs  27m09.8s/30m0s  1900.00 iters/s

running (27m10.8s), 0012/0301 VUs, 3097799 complete and 0 interrupted iterations
cap_mixed   [  91% ] 0012/0301 VUs  27m10.8s/30m0s  1900.00 iters/s

running (27m11.8s), 0019/0301 VUs, 3099692 complete and 0 interrupted iterations
cap_mixed   [  91% ] 0019/0301 VUs  27m11.8s/30m0s  1900.00 iters/s

running (27m12.8s), 0024/0301 VUs, 3101588 complete and 0 interrupted iterations
cap_mixed   [  91% ] 0024/0301 VUs  27m12.8s/30m0s  1900.00 iters/s

running (27m13.8s), 0011/0301 VUs, 3103500 complete and 0 interrupted iterations
cap_mixed   [  91% ] 0011/0301 VUs  27m13.8s/30m0s  1900.00 iters/s

running (27m14.8s), 0011/0301 VUs, 3105400 complete and 0 interrupted iterations
cap_mixed   [  91% ] 0011/0301 VUs  27m14.8s/30m0s  1900.00 iters/s

running (27m15.8s), 0013/0301 VUs, 3107298 complete and 0 interrupted iterations
cap_mixed   [  91% ] 0013/0301 VUs  27m15.8s/30m0s  1900.00 iters/s

running (27m16.8s), 0009/0301 VUs, 3109202 complete and 0 interrupted iterations
cap_mixed   [  91% ] 0009/0301 VUs  27m16.8s/30m0s  1900.00 iters/s

running (27m17.8s), 0017/0301 VUs, 3111094 complete and 0 interrupted iterations
cap_mixed   [  91% ] 0017/0301 VUs  27m17.8s/30m0s  1900.00 iters/s

running (27m18.8s), 0013/0301 VUs, 3112998 complete and 0 interrupted iterations
cap_mixed   [  91% ] 0013/0301 VUs  27m18.8s/30m0s  1900.00 iters/s

running (27m19.8s), 0204/0324 VUs, 3114365 complete and 0 interrupted iterations
cap_mixed   [  91% ] 0204/0324 VUs  27m19.8s/30m0s  1900.00 iters/s

running (27m20.8s), 0015/0324 VUs, 3116455 complete and 0 interrupted iterations
cap_mixed   [  91% ] 0015/0324 VUs  27m20.8s/30m0s  1900.00 iters/s

running (27m21.8s), 0031/0324 VUs, 3118338 complete and 0 interrupted iterations
cap_mixed   [  91% ] 0031/0324 VUs  27m21.8s/30m0s  1900.00 iters/s

running (27m22.8s), 0011/0324 VUs, 3120260 complete and 0 interrupted iterations
cap_mixed   [  91% ] 0011/0324 VUs  27m22.8s/30m0s  1900.00 iters/s

running (27m23.8s), 0013/0324 VUs, 3122156 complete and 0 interrupted iterations
cap_mixed   [  91% ] 0013/0324 VUs  27m23.8s/30m0s  1900.00 iters/s

running (27m24.8s), 0011/0324 VUs, 3124058 complete and 0 interrupted iterations
cap_mixed   [  91% ] 0011/0324 VUs  27m24.8s/30m0s  1900.00 iters/s

running (27m25.8s), 0011/0324 VUs, 3125958 complete and 0 interrupted iterations
cap_mixed   [  91% ] 0011/0324 VUs  27m25.8s/30m0s  1900.00 iters/s

running (27m26.8s), 0012/0324 VUs, 3127857 complete and 0 interrupted iterations
cap_mixed   [  91% ] 0012/0324 VUs  27m26.8s/30m0s  1900.00 iters/s

running (27m27.8s), 0010/0324 VUs, 3129759 complete and 0 interrupted iterations
cap_mixed   [  92% ] 0010/0324 VUs  27m27.8s/30m0s  1900.00 iters/s

running (27m28.8s), 0051/0324 VUs, 3131619 complete and 0 interrupted iterations
cap_mixed   [  92% ] 0051/0324 VUs  27m28.8s/30m0s  1900.00 iters/s

running (27m29.8s), 0014/0324 VUs, 3133555 complete and 0 interrupted iterations
cap_mixed   [  92% ] 0014/0324 VUs  27m29.8s/30m0s  1900.00 iters/s

running (27m30.8s), 0011/0324 VUs, 3135458 complete and 0 interrupted iterations
cap_mixed   [  92% ] 0011/0324 VUs  27m30.8s/30m0s  1900.00 iters/s

running (27m31.8s), 0015/0324 VUs, 3137355 complete and 0 interrupted iterations
cap_mixed   [  92% ] 0015/0324 VUs  27m31.8s/30m0s  1900.00 iters/s

running (27m32.8s), 0010/0324 VUs, 3139259 complete and 0 interrupted iterations
cap_mixed   [  92% ] 0010/0324 VUs  27m32.8s/30m0s  1900.00 iters/s

running (27m33.8s), 0011/0324 VUs, 3141158 complete and 0 interrupted iterations
cap_mixed   [  92% ] 0011/0324 VUs  27m33.8s/30m0s  1900.00 iters/s

running (27m34.8s), 0010/0324 VUs, 3143059 complete and 0 interrupted iterations
cap_mixed   [  92% ] 0010/0324 VUs  27m34.8s/30m0s  1900.00 iters/s

running (27m35.8s), 0018/0324 VUs, 3144950 complete and 0 interrupted iterations
cap_mixed   [  92% ] 0018/0324 VUs  27m35.8s/30m0s  1900.00 iters/s

running (27m36.8s), 0014/0324 VUs, 3146855 complete and 0 interrupted iterations
cap_mixed   [  92% ] 0014/0324 VUs  27m36.8s/30m0s  1900.00 iters/s

running (27m37.8s), 0013/0324 VUs, 3148756 complete and 0 interrupted iterations
cap_mixed   [  92% ] 0013/0324 VUs  27m37.8s/30m0s  1900.00 iters/s

running (27m38.8s), 0018/0324 VUs, 3150651 complete and 0 interrupted iterations
cap_mixed   [  92% ] 0018/0324 VUs  27m38.8s/30m0s  1900.00 iters/s

running (27m39.8s), 0014/0324 VUs, 3152556 complete and 0 interrupted iterations
cap_mixed   [  92% ] 0014/0324 VUs  27m39.8s/30m0s  1900.00 iters/s

running (27m40.8s), 0008/0324 VUs, 3154460 complete and 0 interrupted iterations
cap_mixed   [  92% ] 0009/0324 VUs  27m40.8s/30m0s  1900.00 iters/s

running (27m41.8s), 0010/0324 VUs, 3156360 complete and 0 interrupted iterations
cap_mixed   [  92% ] 0010/0324 VUs  27m41.8s/30m0s  1900.00 iters/s

running (27m42.8s), 0012/0324 VUs, 3158257 complete and 0 interrupted iterations
cap_mixed   [  92% ] 0012/0324 VUs  27m42.8s/30m0s  1900.00 iters/s

running (27m43.8s), 0015/0324 VUs, 3160155 complete and 0 interrupted iterations
cap_mixed   [  92% ] 0015/0324 VUs  27m43.8s/30m0s  1900.00 iters/s

running (27m44.8s), 0018/0324 VUs, 3162051 complete and 0 interrupted iterations
cap_mixed   [  92% ] 0018/0324 VUs  27m44.8s/30m0s  1900.00 iters/s

running (27m45.8s), 0016/0324 VUs, 3163953 complete and 0 interrupted iterations
cap_mixed   [  93% ] 0016/0324 VUs  27m45.8s/30m0s  1900.00 iters/s

running (27m46.8s), 0012/0324 VUs, 3165857 complete and 0 interrupted iterations
cap_mixed   [  93% ] 0012/0324 VUs  27m46.8s/30m0s  1900.00 iters/s

running (27m47.8s), 0016/0324 VUs, 3167753 complete and 0 interrupted iterations
cap_mixed   [  93% ] 0016/0324 VUs  27m47.8s/30m0s  1900.00 iters/s

running (27m48.8s), 0013/0324 VUs, 3169656 complete and 0 interrupted iterations
cap_mixed   [  93% ] 0013/0324 VUs  27m48.8s/30m0s  1900.00 iters/s

running (27m49.8s), 0121/0336 VUs, 3171237 complete and 0 interrupted iterations
cap_mixed   [  93% ] 0121/0336 VUs  27m49.8s/30m0s  1900.00 iters/s

running (27m50.8s), 0013/0336 VUs, 3173244 complete and 0 interrupted iterations
cap_mixed   [  93% ] 0013/0336 VUs  27m50.8s/30m0s  1900.00 iters/s

running (27m51.8s), 0010/0336 VUs, 3175148 complete and 0 interrupted iterations
cap_mixed   [  93% ] 0010/0336 VUs  27m51.8s/30m0s  1900.00 iters/s

running (27m52.8s), 0010/0336 VUs, 3177048 complete and 0 interrupted iterations
cap_mixed   [  93% ] 0010/0336 VUs  27m52.8s/30m0s  1900.00 iters/s

running (27m53.8s), 0012/0336 VUs, 3178946 complete and 0 interrupted iterations
cap_mixed   [  93% ] 0012/0336 VUs  27m53.8s/30m0s  1900.00 iters/s

running (27m54.8s), 0008/0336 VUs, 3180850 complete and 0 interrupted iterations
cap_mixed   [  93% ] 0008/0336 VUs  27m54.8s/30m0s  1900.00 iters/s

running (27m55.8s), 0011/0336 VUs, 3182747 complete and 0 interrupted iterations
cap_mixed   [  93% ] 0011/0336 VUs  27m55.8s/30m0s  1900.00 iters/s

running (27m56.8s), 0006/0336 VUs, 3184651 complete and 0 interrupted iterations
cap_mixed   [  93% ] 0006/0336 VUs  27m56.8s/30m0s  1900.00 iters/s

running (27m57.8s), 0011/0336 VUs, 3186548 complete and 0 interrupted iterations
cap_mixed   [  93% ] 0011/0336 VUs  27m57.8s/30m0s  1900.00 iters/s

running (27m58.8s), 0010/0336 VUs, 3188448 complete and 0 interrupted iterations
cap_mixed   [  93% ] 0010/0336 VUs  27m58.8s/30m0s  1900.00 iters/s

running (27m59.8s), 0013/0336 VUs, 3190345 complete and 0 interrupted iterations
cap_mixed   [  93% ] 0013/0336 VUs  27m59.8s/30m0s  1900.00 iters/s

running (28m00.8s), 0016/0336 VUs, 3192242 complete and 0 interrupted iterations
cap_mixed   [  93% ] 0016/0336 VUs  28m00.8s/30m0s  1900.00 iters/s

running (28m01.8s), 0015/0336 VUs, 3194143 complete and 0 interrupted iterations
cap_mixed   [  93% ] 0015/0336 VUs  28m01.8s/30m0s  1900.00 iters/s

running (28m02.8s), 0022/0336 VUs, 3196036 complete and 0 interrupted iterations
cap_mixed   [  93% ] 0022/0336 VUs  28m02.8s/30m0s  1900.00 iters/s

running (28m03.8s), 0010/0336 VUs, 3197948 complete and 0 interrupted iterations
cap_mixed   [  94% ] 0010/0336 VUs  28m03.8s/30m0s  1900.00 iters/s

running (28m04.8s), 0012/0336 VUs, 3199846 complete and 0 interrupted iterations
cap_mixed   [  94% ] 0012/0336 VUs  28m04.8s/30m0s  1900.00 iters/s

running (28m05.8s), 0012/0336 VUs, 3201746 complete and 0 interrupted iterations
cap_mixed   [  94% ] 0012/0336 VUs  28m05.8s/30m0s  1900.00 iters/s

running (28m06.8s), 0013/0336 VUs, 3203645 complete and 0 interrupted iterations
cap_mixed   [  94% ] 0013/0336 VUs  28m06.8s/30m0s  1900.00 iters/s

running (28m07.8s), 0010/0336 VUs, 3205548 complete and 0 interrupted iterations
cap_mixed   [  94% ] 0010/0336 VUs  28m07.8s/30m0s  1900.00 iters/s

running (28m08.8s), 0018/0336 VUs, 3207440 complete and 0 interrupted iterations
cap_mixed   [  94% ] 0018/0336 VUs  28m08.8s/30m0s  1900.00 iters/s

running (28m09.8s), 0014/0336 VUs, 3209344 complete and 0 interrupted iterations
cap_mixed   [  94% ] 0014/0336 VUs  28m09.8s/30m0s  1900.00 iters/s

running (28m10.8s), 0009/0336 VUs, 3211249 complete and 0 interrupted iterations
cap_mixed   [  94% ] 0009/0336 VUs  28m10.8s/30m0s  1900.00 iters/s

running (28m11.8s), 0011/0336 VUs, 3213147 complete and 0 interrupted iterations
cap_mixed   [  94% ] 0011/0336 VUs  28m11.8s/30m0s  1900.00 iters/s

running (28m12.8s), 0356/0356 VUs, 3214369 complete and 0 interrupted iterations
cap_mixed   [  94% ] 0356/0356 VUs  28m12.8s/30m0s  1900.00 iters/s

running (28m13.8s), 0428/0428 VUs, 3215209 complete and 0 interrupted iterations
cap_mixed   [  94% ] 0428/0428 VUs  28m13.8s/30m0s  1900.00 iters/s

running (28m14.8s), 0476/0476 VUs, 3216631 complete and 0 interrupted iterations
cap_mixed   [  94% ] 0476/0476 VUs  28m14.8s/30m0s  1900.00 iters/s

running (28m15.8s), 0101/0500 VUs, 3218751 complete and 0 interrupted iterations
cap_mixed   [  94% ] 0101/0500 VUs  28m15.8s/30m0s  1900.00 iters/s

running (28m16.8s), 0015/0500 VUs, 3220737 complete and 0 interrupted iterations
cap_mixed   [  94% ] 0015/0500 VUs  28m16.8s/30m0s  1900.00 iters/s

running (28m17.8s), 0015/0500 VUs, 3222637 complete and 0 interrupted iterations
cap_mixed   [  94% ] 0015/0500 VUs  28m17.8s/30m0s  1900.00 iters/s

running (28m18.8s), 0034/0500 VUs, 3224519 complete and 0 interrupted iterations
cap_mixed   [  94% ] 0034/0500 VUs  28m18.8s/30m0s  1900.00 iters/s

running (28m19.8s), 0019/0500 VUs, 3226434 complete and 0 interrupted iterations
cap_mixed   [  94% ] 0019/0500 VUs  28m19.8s/30m0s  1900.00 iters/s

running (28m20.8s), 0016/0500 VUs, 3228336 complete and 0 interrupted iterations
cap_mixed   [  94% ] 0016/0500 VUs  28m20.8s/30m0s  1900.00 iters/s

running (28m21.8s), 0031/0500 VUs, 3230221 complete and 0 interrupted iterations
cap_mixed   [  95% ] 0031/0500 VUs  28m21.8s/30m0s  1900.00 iters/s

running (28m22.8s), 0016/0500 VUs, 3232136 complete and 0 interrupted iterations
cap_mixed   [  95% ] 0016/0500 VUs  28m22.8s/30m0s  1900.00 iters/s

running (28m23.8s), 0014/0500 VUs, 3234038 complete and 0 interrupted iterations
cap_mixed   [  95% ] 0014/0500 VUs  28m23.8s/30m0s  1900.00 iters/s

running (28m24.8s), 0012/0500 VUs, 3235940 complete and 0 interrupted iterations
cap_mixed   [  95% ] 0012/0500 VUs  28m24.8s/30m0s  1900.00 iters/s

running (28m25.8s), 0010/0500 VUs, 3237842 complete and 0 interrupted iterations
cap_mixed   [  95% ] 0010/0500 VUs  28m25.8s/30m0s  1900.00 iters/s

running (28m26.8s), 0030/0500 VUs, 3239722 complete and 0 interrupted iterations
cap_mixed   [  95% ] 0030/0500 VUs  28m26.8s/30m0s  1900.00 iters/s

running (28m27.8s), 0011/0500 VUs, 3241641 complete and 0 interrupted iterations
cap_mixed   [  95% ] 0011/0500 VUs  28m27.8s/30m0s  1900.00 iters/s

running (28m28.8s), 0013/0500 VUs, 3243539 complete and 0 interrupted iterations
cap_mixed   [  95% ] 0013/0500 VUs  28m28.8s/30m0s  1900.00 iters/s

running (28m29.8s), 0032/0500 VUs, 3245420 complete and 0 interrupted iterations
cap_mixed   [  95% ] 0032/0500 VUs  28m29.8s/30m0s  1900.00 iters/s

running (28m30.8s), 0011/0500 VUs, 3247342 complete and 0 interrupted iterations
cap_mixed   [  95% ] 0011/0500 VUs  28m30.8s/30m0s  1900.00 iters/s

running (28m31.8s), 0015/0500 VUs, 3249237 complete and 0 interrupted iterations
cap_mixed   [  95% ] 0015/0500 VUs  28m31.8s/30m0s  1900.00 iters/s

running (28m32.8s), 0011/0500 VUs, 3251141 complete and 0 interrupted iterations
cap_mixed   [  95% ] 0011/0500 VUs  28m32.8s/30m0s  1900.00 iters/s

running (28m33.8s), 0021/0500 VUs, 3253030 complete and 0 interrupted iterations
cap_mixed   [  95% ] 0021/0500 VUs  28m33.8s/30m0s  1900.00 iters/s

running (28m34.8s), 0009/0500 VUs, 3254943 complete and 0 interrupted iterations
cap_mixed   [  95% ] 0009/0500 VUs  28m34.8s/30m0s  1900.00 iters/s

running (28m35.8s), 0016/0500 VUs, 3256836 complete and 0 interrupted iterations
cap_mixed   [  95% ] 0016/0500 VUs  28m35.8s/30m0s  1900.00 iters/s

running (28m36.8s), 0014/0500 VUs, 3258738 complete and 0 interrupted iterations
cap_mixed   [  95% ] 0014/0500 VUs  28m36.8s/30m0s  1900.00 iters/s

running (28m37.8s), 0014/0500 VUs, 3260639 complete and 0 interrupted iterations
cap_mixed   [  95% ] 0014/0500 VUs  28m37.8s/30m0s  1900.00 iters/s

running (28m38.8s), 0012/0500 VUs, 3262540 complete and 0 interrupted iterations
cap_mixed   [  95% ] 0012/0500 VUs  28m38.8s/30m0s  1900.00 iters/s

running (28m39.8s), 0016/0500 VUs, 3264436 complete and 0 interrupted iterations
cap_mixed   [  96% ] 0016/0500 VUs  28m39.8s/30m0s  1900.00 iters/s

running (28m40.8s), 0010/0500 VUs, 3266342 complete and 0 interrupted iterations
cap_mixed   [  96% ] 0010/0500 VUs  28m40.8s/30m0s  1900.00 iters/s

running (28m41.8s), 0018/0500 VUs, 3268234 complete and 0 interrupted iterations
cap_mixed   [  96% ] 0018/0500 VUs  28m41.8s/30m0s  1900.00 iters/s

running (28m42.8s), 0012/0500 VUs, 3270140 complete and 0 interrupted iterations
cap_mixed   [  96% ] 0012/0500 VUs  28m42.8s/30m0s  1900.00 iters/s

running (28m43.8s), 0012/0500 VUs, 3272040 complete and 0 interrupted iterations
cap_mixed   [  96% ] 0012/0500 VUs  28m43.8s/30m0s  1900.00 iters/s

running (28m44.8s), 0009/0500 VUs, 3273943 complete and 0 interrupted iterations
cap_mixed   [  96% ] 0009/0500 VUs  28m44.8s/30m0s  1900.00 iters/s

running (28m45.8s), 0015/0500 VUs, 3275837 complete and 0 interrupted iterations
cap_mixed   [  96% ] 0015/0500 VUs  28m45.8s/30m0s  1900.00 iters/s

running (28m46.8s), 0026/0500 VUs, 3277726 complete and 0 interrupted iterations
cap_mixed   [  96% ] 0026/0500 VUs  28m46.8s/30m0s  1900.00 iters/s

running (28m47.8s), 0011/0500 VUs, 3279641 complete and 0 interrupted iterations
cap_mixed   [  96% ] 0011/0500 VUs  28m47.8s/30m0s  1900.00 iters/s

running (28m48.8s), 0014/0500 VUs, 3281538 complete and 0 interrupted iterations
cap_mixed   [  96% ] 0014/0500 VUs  28m48.8s/30m0s  1900.00 iters/s

running (28m49.8s), 0019/0500 VUs, 3283433 complete and 0 interrupted iterations
cap_mixed   [  96% ] 0019/0500 VUs  28m49.8s/30m0s  1900.00 iters/s

running (28m50.8s), 0022/0500 VUs, 3285330 complete and 0 interrupted iterations
cap_mixed   [  96% ] 0022/0500 VUs  28m50.8s/30m0s  1900.00 iters/s

running (28m51.8s), 0014/0500 VUs, 3287238 complete and 0 interrupted iterations
cap_mixed   [  96% ] 0014/0500 VUs  28m51.8s/30m0s  1900.00 iters/s

running (28m52.8s), 0012/0500 VUs, 3289140 complete and 0 interrupted iterations
cap_mixed   [  96% ] 0012/0500 VUs  28m52.8s/30m0s  1900.00 iters/s

running (28m53.8s), 0018/0500 VUs, 3291034 complete and 0 interrupted iterations
cap_mixed   [  96% ] 0018/0500 VUs  28m53.8s/30m0s  1900.00 iters/s

running (28m54.8s), 0011/0500 VUs, 3292941 complete and 0 interrupted iterations
cap_mixed   [  96% ] 0011/0500 VUs  28m54.8s/30m0s  1900.00 iters/s

running (28m55.8s), 0010/0500 VUs, 3294842 complete and 0 interrupted iterations
cap_mixed   [  96% ] 0010/0500 VUs  28m55.8s/30m0s  1900.00 iters/s

running (28m56.8s), 0011/0500 VUs, 3296741 complete and 0 interrupted iterations
cap_mixed   [  96% ] 0011/0500 VUs  28m56.8s/30m0s  1900.00 iters/s

running (28m57.8s), 0018/0500 VUs, 3298634 complete and 0 interrupted iterations
cap_mixed   [  97% ] 0018/0500 VUs  28m57.8s/30m0s  1900.00 iters/s

running (28m58.8s), 0012/0500 VUs, 3300540 complete and 0 interrupted iterations
cap_mixed   [  97% ] 0012/0500 VUs  28m58.8s/30m0s  1900.00 iters/s

running (28m59.8s), 0009/0500 VUs, 3302443 complete and 0 interrupted iterations
cap_mixed   [  97% ] 0009/0500 VUs  28m59.8s/30m0s  1900.00 iters/s

running (29m00.8s), 0011/0500 VUs, 3304342 complete and 0 interrupted iterations
cap_mixed   [  97% ] 0011/0500 VUs  29m00.8s/30m0s  1900.00 iters/s

running (29m01.8s), 0014/0500 VUs, 3306238 complete and 0 interrupted iterations
cap_mixed   [  97% ] 0014/0500 VUs  29m01.8s/30m0s  1900.00 iters/s

running (29m02.8s), 0012/0500 VUs, 3308140 complete and 0 interrupted iterations
cap_mixed   [  97% ] 0012/0500 VUs  29m02.8s/30m0s  1900.00 iters/s

running (29m03.8s), 0012/0500 VUs, 3310040 complete and 0 interrupted iterations
cap_mixed   [  97% ] 0012/0500 VUs  29m03.8s/30m0s  1900.00 iters/s

running (29m04.8s), 0010/0500 VUs, 3311942 complete and 0 interrupted iterations
cap_mixed   [  97% ] 0010/0500 VUs  29m04.8s/30m0s  1900.00 iters/s

running (29m05.8s), 0014/0500 VUs, 3313838 complete and 0 interrupted iterations
cap_mixed   [  97% ] 0014/0500 VUs  29m05.8s/30m0s  1900.00 iters/s

running (29m06.8s), 0016/0500 VUs, 3315736 complete and 0 interrupted iterations
cap_mixed   [  97% ] 0016/0500 VUs  29m06.8s/30m0s  1900.00 iters/s

running (29m07.8s), 0011/0500 VUs, 3317641 complete and 0 interrupted iterations
cap_mixed   [  97% ] 0011/0500 VUs  29m07.8s/30m0s  1900.00 iters/s

running (29m08.8s), 0012/0500 VUs, 3319540 complete and 0 interrupted iterations
cap_mixed   [  97% ] 0012/0500 VUs  29m08.8s/30m0s  1900.00 iters/s

running (29m09.8s), 0012/0500 VUs, 3321440 complete and 0 interrupted iterations
cap_mixed   [  97% ] 0012/0500 VUs  29m09.8s/30m0s  1900.00 iters/s

running (29m10.8s), 0008/0500 VUs, 3323345 complete and 0 interrupted iterations
cap_mixed   [  97% ] 0008/0500 VUs  29m10.8s/30m0s  1900.00 iters/s

running (29m11.8s), 0017/0500 VUs, 3325235 complete and 0 interrupted iterations
cap_mixed   [  97% ] 0017/0500 VUs  29m11.8s/30m0s  1900.00 iters/s

running (29m12.8s), 0015/0500 VUs, 3327137 complete and 0 interrupted iterations
cap_mixed   [  97% ] 0015/0500 VUs  29m12.8s/30m0s  1900.00 iters/s

running (29m13.8s), 0008/0500 VUs, 3329044 complete and 0 interrupted iterations
cap_mixed   [  97% ] 0008/0500 VUs  29m13.8s/30m0s  1900.00 iters/s

running (29m14.8s), 0014/0500 VUs, 3330938 complete and 0 interrupted iterations
cap_mixed   [  97% ] 0014/0500 VUs  29m14.8s/30m0s  1900.00 iters/s

running (29m15.8s), 0017/0500 VUs, 3332836 complete and 0 interrupted iterations
cap_mixed   [  98% ] 0017/0500 VUs  29m15.8s/30m0s  1900.00 iters/s

running (29m16.8s), 0017/0500 VUs, 3334735 complete and 0 interrupted iterations
cap_mixed   [  98% ] 0017/0500 VUs  29m16.8s/30m0s  1900.00 iters/s

running (29m17.8s), 0016/0500 VUs, 3336637 complete and 0 interrupted iterations
cap_mixed   [  98% ] 0016/0500 VUs  29m17.8s/30m0s  1900.00 iters/s

running (29m18.8s), 0022/0500 VUs, 3338530 complete and 0 interrupted iterations
cap_mixed   [  98% ] 0022/0500 VUs  29m18.8s/30m0s  1900.00 iters/s

running (29m19.8s), 0007/0500 VUs, 3340445 complete and 0 interrupted iterations
cap_mixed   [  98% ] 0007/0500 VUs  29m19.8s/30m0s  1900.00 iters/s

running (29m20.8s), 0008/0500 VUs, 3342344 complete and 0 interrupted iterations
cap_mixed   [  98% ] 0008/0500 VUs  29m20.8s/30m0s  1900.00 iters/s

running (29m21.8s), 0008/0500 VUs, 3344245 complete and 0 interrupted iterations
cap_mixed   [  98% ] 0008/0500 VUs  29m21.8s/30m0s  1900.00 iters/s

running (29m22.8s), 0012/0500 VUs, 3346140 complete and 0 interrupted iterations
cap_mixed   [  98% ] 0012/0500 VUs  29m22.8s/30m0s  1900.00 iters/s

running (29m23.8s), 0019/0500 VUs, 3348033 complete and 0 interrupted iterations
cap_mixed   [  98% ] 0019/0500 VUs  29m23.8s/30m0s  1900.00 iters/s

running (29m24.8s), 0008/0500 VUs, 3349944 complete and 0 interrupted iterations
cap_mixed   [  98% ] 0008/0500 VUs  29m24.8s/30m0s  1900.00 iters/s

running (29m25.8s), 0012/0500 VUs, 3351840 complete and 0 interrupted iterations
cap_mixed   [  98% ] 0012/0500 VUs  29m25.8s/30m0s  1900.00 iters/s

running (29m26.8s), 0021/0500 VUs, 3353731 complete and 0 interrupted iterations
cap_mixed   [  98% ] 0021/0500 VUs  29m26.8s/30m0s  1900.00 iters/s

running (29m27.8s), 0009/0500 VUs, 3355643 complete and 0 interrupted iterations
cap_mixed   [  98% ] 0009/0500 VUs  29m27.8s/30m0s  1900.00 iters/s

running (29m28.8s), 0012/0500 VUs, 3357540 complete and 0 interrupted iterations
cap_mixed   [  98% ] 0012/0500 VUs  29m28.8s/30m0s  1900.00 iters/s

running (29m29.8s), 0012/0500 VUs, 3359440 complete and 0 interrupted iterations
cap_mixed   [  98% ] 0012/0500 VUs  29m29.8s/30m0s  1900.00 iters/s

running (29m30.8s), 0017/0500 VUs, 3361335 complete and 0 interrupted iterations
cap_mixed   [  98% ] 0017/0500 VUs  29m30.8s/30m0s  1900.00 iters/s

running (29m31.8s), 0005/0500 VUs, 3363247 complete and 0 interrupted iterations
cap_mixed   [  98% ] 0005/0500 VUs  29m31.8s/30m0s  1900.00 iters/s

running (29m32.8s), 0021/0500 VUs, 3365131 complete and 0 interrupted iterations
cap_mixed   [  98% ] 0021/0500 VUs  29m32.8s/30m0s  1900.00 iters/s

running (29m33.8s), 0016/0500 VUs, 3367037 complete and 0 interrupted iterations
cap_mixed   [  99% ] 0016/0500 VUs  29m33.8s/30m0s  1900.00 iters/s

running (29m34.8s), 0016/0500 VUs, 3368937 complete and 0 interrupted iterations
cap_mixed   [  99% ] 0016/0500 VUs  29m34.8s/30m0s  1900.00 iters/s

running (29m35.8s), 0013/0500 VUs, 3370840 complete and 0 interrupted iterations
cap_mixed   [  99% ] 0013/0500 VUs  29m35.8s/30m0s  1900.00 iters/s

running (29m36.8s), 0010/0500 VUs, 3372743 complete and 0 interrupted iterations
cap_mixed   [  99% ] 0010/0500 VUs  29m36.8s/30m0s  1900.00 iters/s

running (29m37.8s), 0013/0500 VUs, 3374639 complete and 0 interrupted iterations
cap_mixed   [  99% ] 0013/0500 VUs  29m37.8s/30m0s  1900.00 iters/s

running (29m38.8s), 0017/0500 VUs, 3376536 complete and 0 interrupted iterations
cap_mixed   [  99% ] 0017/0500 VUs  29m38.8s/30m0s  1900.00 iters/s

running (29m39.8s), 0015/0500 VUs, 3378438 complete and 0 interrupted iterations
cap_mixed   [  99% ] 0015/0500 VUs  29m39.8s/30m0s  1900.00 iters/s

running (29m40.8s), 0011/0500 VUs, 3380340 complete and 0 interrupted iterations
cap_mixed   [  99% ] 0012/0500 VUs  29m40.8s/30m0s  1900.00 iters/s

running (29m41.8s), 0014/0500 VUs, 3382239 complete and 0 interrupted iterations
cap_mixed   [  99% ] 0014/0500 VUs  29m41.8s/30m0s  1900.00 iters/s

running (29m42.8s), 0009/0500 VUs, 3384143 complete and 0 interrupted iterations
cap_mixed   [  99% ] 0009/0500 VUs  29m42.8s/30m0s  1900.00 iters/s

running (29m43.8s), 0016/0500 VUs, 3386036 complete and 0 interrupted iterations
cap_mixed   [  99% ] 0016/0500 VUs  29m43.8s/30m0s  1900.00 iters/s

running (29m44.8s), 0011/0500 VUs, 3387941 complete and 0 interrupted iterations
cap_mixed   [  99% ] 0011/0500 VUs  29m44.8s/30m0s  1900.00 iters/s

running (29m45.8s), 0012/0500 VUs, 3389840 complete and 0 interrupted iterations
cap_mixed   [  99% ] 0012/0500 VUs  29m45.8s/30m0s  1900.00 iters/s

running (29m46.8s), 0009/0500 VUs, 3391743 complete and 0 interrupted iterations
cap_mixed   [  99% ] 0009/0500 VUs  29m46.8s/30m0s  1900.00 iters/s

running (29m47.8s), 0010/0500 VUs, 3393642 complete and 0 interrupted iterations
cap_mixed   [  99% ] 0010/0500 VUs  29m47.8s/30m0s  1900.00 iters/s

running (29m48.8s), 0010/0500 VUs, 3395541 complete and 0 interrupted iterations
cap_mixed   [  99% ] 0010/0500 VUs  29m48.8s/30m0s  1900.00 iters/s

running (29m49.8s), 0014/0500 VUs, 3397438 complete and 0 interrupted iterations
cap_mixed   [  99% ] 0014/0500 VUs  29m49.8s/30m0s  1900.00 iters/s

running (29m50.8s), 0012/0500 VUs, 3399341 complete and 0 interrupted iterations
cap_mixed   [  99% ] 0012/0500 VUs  29m50.8s/30m0s  1900.00 iters/s

running (29m51.8s), 0015/0500 VUs, 3401238 complete and 0 interrupted iterations
cap_mixed   [ 100% ] 0015/0500 VUs  29m51.8s/30m0s  1900.00 iters/s

running (29m52.8s), 0011/0500 VUs, 3403141 complete and 0 interrupted iterations
cap_mixed   [ 100% ] 0011/0500 VUs  29m52.8s/30m0s  1900.00 iters/s

running (29m53.8s), 0010/0500 VUs, 3405042 complete and 0 interrupted iterations
cap_mixed   [ 100% ] 0010/0500 VUs  29m53.8s/30m0s  1900.00 iters/s

running (29m54.8s), 0011/0500 VUs, 3406941 complete and 0 interrupted iterations
cap_mixed   [ 100% ] 0011/0500 VUs  29m54.8s/30m0s  1900.00 iters/s

running (29m55.8s), 0008/0500 VUs, 3408843 complete and 0 interrupted iterations
cap_mixed   [ 100% ] 0008/0500 VUs  29m55.8s/30m0s  1900.00 iters/s

running (29m56.8s), 0010/0500 VUs, 3410742 complete and 0 interrupted iterations
cap_mixed   [ 100% ] 0010/0500 VUs  29m56.8s/30m0s  1900.00 iters/s

running (29m57.8s), 0013/0500 VUs, 3412639 complete and 0 interrupted iterations
cap_mixed   [ 100% ] 0013/0500 VUs  29m57.8s/30m0s  1900.00 iters/s

running (29m58.8s), 0033/0500 VUs, 3414519 complete and 0 interrupted iterations
cap_mixed   [ 100% ] 0033/0500 VUs  29m58.8s/30m0s  1900.00 iters/s

running (29m59.8s), 0013/0500 VUs, 3416439 complete and 0 interrupted iterations
cap_mixed   [ 100% ] 0013/0500 VUs  29m59.8s/30m0s  1900.00 iters/s

running (30m00.0s), 0000/0500 VUs, 3416887 complete and 0 interrupted iterations
cap_mixed ✓ [ 100% ] 0000/0500 VUs  30m0s  1900.00 iters/s

running (30m00.0s), 0000/0500 VUs, 3416887 complete and 0 interrupted iterations
cap_mixed ✓ [ 100% ] 0000/0500 VUs  30m0s  1900.00 iters/s

running (30m00.0s), 0000/0500 VUs, 3416887 complete and 0 interrupted iterations
cap_mixed ✓ [ 100% ] 0000/0500 VUs  30m0s  1900.00 iters/s

running (30m00.0s), 0000/0500 VUs, 3416887 complete and 0 interrupted iterations
cap_mixed ✓ [ 100% ] 0000/0500 VUs  30m0s  1900.00 iters/s
PERF_USER_COUNT=256 is below the multi-user concurrency minimum; using 1024 seeded users
seeded 1024 perf users, clients, and 240800 flow vectors (scenario=cap_mixed, rate=1900/s)
capacity/cap_mixed: status=target_miss rps=2718.037 p95=11.186ms errors=0.000118 db_calls=113855688
