 Container nazoauth-perf-perf-run-2adce04c50cb Creating 
 Container nazoauth-perf-perf-run-2adce04c50cb Created 

         /\      Grafana   /‾‾/  
    /\  /  \     |\  __   /  /   
   /  \/    \    | |/ /  /   ‾‾\ 
  /          \   |   (  |  (‾)  |
 / __________ \  |_|\_\  \_____/ 


     execution: local
        script: /perf/k6/oauth.js
        output: -

     scenarios: (100.00%) 1 scenario, 1024 max VUs, 32m0s max duration (incl. graceful stop):
              * cap_mixed: 2000.00 iterations/s for 30m0s (maxVUs: 256-1024, exec: cap_mixed, gracefulStop: 2m0s)


running (00m00.8s), 0011/0256 VUs, 1523 complete and 0 interrupted iterations
cap_mixed   [   0% ] 0011/0256 VUs  00m00.8s/30m0s  2000.00 iters/s

running (00m01.8s), 0012/0256 VUs, 3523 complete and 0 interrupted iterations
cap_mixed   [   0% ] 0012/0256 VUs  00m01.8s/30m0s  2000.00 iters/s

running (00m02.8s), 0009/0256 VUs, 5526 complete and 0 interrupted iterations
cap_mixed   [   0% ] 0009/0256 VUs  00m02.8s/30m0s  2000.00 iters/s

running (00m03.8s), 0017/0256 VUs, 7517 complete and 0 interrupted iterations
cap_mixed   [   0% ] 0017/0256 VUs  00m03.8s/30m0s  2000.00 iters/s

running (00m04.8s), 0013/0256 VUs, 9521 complete and 0 interrupted iterations
cap_mixed   [   0% ] 0013/0256 VUs  00m04.8s/30m0s  2000.00 iters/s

running (00m05.8s), 0015/0256 VUs, 11519 complete and 0 interrupted iterations
cap_mixed   [   0% ] 0015/0256 VUs  00m05.8s/30m0s  2000.00 iters/s

running (00m06.8s), 0008/0256 VUs, 13526 complete and 0 interrupted iterations
cap_mixed   [   0% ] 0008/0256 VUs  00m06.8s/30m0s  2000.00 iters/s

running (00m07.8s), 0011/0256 VUs, 15523 complete and 0 interrupted iterations
cap_mixed   [   0% ] 0011/0256 VUs  00m07.8s/30m0s  2000.00 iters/s

running (00m08.8s), 0022/0256 VUs, 17514 complete and 0 interrupted iterations
cap_mixed   [   0% ] 0022/0256 VUs  00m08.8s/30m0s  2000.00 iters/s

running (00m09.8s), 0007/0256 VUs, 19527 complete and 0 interrupted iterations
cap_mixed   [   1% ] 0007/0256 VUs  00m09.8s/30m0s  2000.00 iters/s

running (00m10.8s), 0006/0256 VUs, 21529 complete and 0 interrupted iterations
cap_mixed   [   1% ] 0006/0256 VUs  00m10.8s/30m0s  2000.00 iters/s

running (00m11.8s), 0015/0256 VUs, 23519 complete and 0 interrupted iterations
cap_mixed   [   1% ] 0015/0256 VUs  00m11.8s/30m0s  2000.00 iters/s

running (00m12.8s), 0009/0256 VUs, 25525 complete and 0 interrupted iterations
cap_mixed   [   1% ] 0009/0256 VUs  00m12.8s/30m0s  2000.00 iters/s

running (00m13.8s), 0008/0256 VUs, 27526 complete and 0 interrupted iterations
cap_mixed   [   1% ] 0008/0256 VUs  00m13.8s/30m0s  2000.00 iters/s

running (00m14.8s), 0007/0256 VUs, 29527 complete and 0 interrupted iterations
cap_mixed   [   1% ] 0007/0256 VUs  00m14.8s/30m0s  2000.00 iters/s

running (00m15.8s), 0010/0256 VUs, 31525 complete and 0 interrupted iterations
cap_mixed   [   1% ] 0010/0256 VUs  00m15.8s/30m0s  2000.00 iters/s

running (00m16.8s), 0008/0256 VUs, 33526 complete and 0 interrupted iterations
cap_mixed   [   1% ] 0008/0256 VUs  00m16.8s/30m0s  2000.00 iters/s

running (00m17.8s), 0012/0256 VUs, 35523 complete and 0 interrupted iterations
cap_mixed   [   1% ] 0012/0256 VUs  00m17.8s/30m0s  2000.00 iters/s

running (00m18.8s), 0013/0256 VUs, 37522 complete and 0 interrupted iterations
cap_mixed   [   1% ] 0013/0256 VUs  00m18.8s/30m0s  2000.00 iters/s

running (00m19.8s), 0006/0256 VUs, 39528 complete and 0 interrupted iterations
cap_mixed   [   1% ] 0006/0256 VUs  00m19.8s/30m0s  2000.00 iters/s

running (00m20.8s), 0011/0256 VUs, 41524 complete and 0 interrupted iterations
cap_mixed   [   1% ] 0011/0256 VUs  00m20.8s/30m0s  2000.00 iters/s

running (00m21.8s), 0010/0256 VUs, 43524 complete and 0 interrupted iterations
cap_mixed   [   1% ] 0010/0256 VUs  00m21.8s/30m0s  2000.00 iters/s

running (00m22.8s), 0010/0256 VUs, 45524 complete and 0 interrupted iterations
cap_mixed   [   1% ] 0010/0256 VUs  00m22.8s/30m0s  2000.00 iters/s

running (00m23.8s), 0010/0256 VUs, 47524 complete and 0 interrupted iterations
cap_mixed   [   1% ] 0010/0256 VUs  00m23.8s/30m0s  2000.00 iters/s

running (00m24.8s), 0011/0256 VUs, 49524 complete and 0 interrupted iterations
cap_mixed   [   1% ] 0011/0256 VUs  00m24.8s/30m0s  2000.00 iters/s

running (00m25.8s), 0018/0256 VUs, 51516 complete and 0 interrupted iterations
cap_mixed   [   1% ] 0018/0256 VUs  00m25.8s/30m0s  2000.00 iters/s

running (00m26.8s), 0010/0256 VUs, 53524 complete and 0 interrupted iterations
cap_mixed   [   1% ] 0012/0256 VUs  00m26.8s/30m0s  2000.00 iters/s

running (00m27.8s), 0010/0256 VUs, 55525 complete and 0 interrupted iterations
cap_mixed   [   2% ] 0010/0256 VUs  00m27.8s/30m0s  2000.00 iters/s

running (00m28.8s), 0009/0256 VUs, 57525 complete and 0 interrupted iterations
cap_mixed   [   2% ] 0009/0256 VUs  00m28.8s/30m0s  2000.00 iters/s

running (00m29.8s), 0008/0256 VUs, 59526 complete and 0 interrupted iterations
cap_mixed   [   2% ] 0008/0256 VUs  00m29.8s/30m0s  2000.00 iters/s

running (00m30.8s), 0009/0256 VUs, 61524 complete and 0 interrupted iterations
cap_mixed   [   2% ] 0010/0256 VUs  00m30.8s/30m0s  2000.00 iters/s

running (00m31.8s), 0015/0256 VUs, 63520 complete and 0 interrupted iterations
cap_mixed   [   2% ] 0015/0256 VUs  00m31.8s/30m0s  2000.00 iters/s

running (00m32.8s), 0007/0256 VUs, 65528 complete and 0 interrupted iterations
cap_mixed   [   2% ] 0007/0256 VUs  00m32.8s/30m0s  2000.00 iters/s

running (00m33.8s), 0008/0256 VUs, 67526 complete and 0 interrupted iterations
cap_mixed   [   2% ] 0008/0256 VUs  00m33.8s/30m0s  2000.00 iters/s

running (00m34.8s), 0011/0256 VUs, 69523 complete and 0 interrupted iterations
cap_mixed   [   2% ] 0011/0256 VUs  00m34.8s/30m0s  2000.00 iters/s

running (00m35.8s), 0008/0256 VUs, 71527 complete and 0 interrupted iterations
cap_mixed   [   2% ] 0008/0256 VUs  00m35.8s/30m0s  2000.00 iters/s

running (00m36.8s), 0013/0256 VUs, 73522 complete and 0 interrupted iterations
cap_mixed   [   2% ] 0013/0256 VUs  00m36.8s/30m0s  2000.00 iters/s

running (00m37.8s), 0013/0256 VUs, 75521 complete and 0 interrupted iterations
cap_mixed   [   2% ] 0013/0256 VUs  00m37.8s/30m0s  2000.00 iters/s

running (00m38.8s), 0013/0256 VUs, 77522 complete and 0 interrupted iterations
cap_mixed   [   2% ] 0013/0256 VUs  00m38.8s/30m0s  2000.00 iters/s

running (00m39.8s), 0016/0256 VUs, 79518 complete and 0 interrupted iterations
cap_mixed   [   2% ] 0016/0256 VUs  00m39.8s/30m0s  2000.00 iters/s

running (00m40.8s), 0011/0256 VUs, 81523 complete and 0 interrupted iterations
cap_mixed   [   2% ] 0011/0256 VUs  00m40.8s/30m0s  2000.00 iters/s

running (00m41.8s), 0010/0256 VUs, 83524 complete and 0 interrupted iterations
cap_mixed   [   2% ] 0010/0256 VUs  00m41.8s/30m0s  2000.00 iters/s

running (00m42.8s), 0008/0256 VUs, 85526 complete and 0 interrupted iterations
cap_mixed   [   2% ] 0008/0256 VUs  00m42.8s/30m0s  2000.00 iters/s

running (00m43.8s), 0018/0256 VUs, 87517 complete and 0 interrupted iterations
cap_mixed   [   2% ] 0018/0256 VUs  00m43.8s/30m0s  2000.00 iters/s

running (00m44.8s), 0010/0256 VUs, 89524 complete and 0 interrupted iterations
cap_mixed   [   2% ] 0010/0256 VUs  00m44.8s/30m0s  2000.00 iters/s

running (00m45.8s), 0019/0256 VUs, 91515 complete and 0 interrupted iterations
cap_mixed   [   3% ] 0019/0256 VUs  00m45.8s/30m0s  2000.00 iters/s

running (00m46.8s), 0010/0256 VUs, 93524 complete and 0 interrupted iterations
cap_mixed   [   3% ] 0010/0256 VUs  00m46.8s/30m0s  2000.00 iters/s

running (00m47.8s), 0017/0256 VUs, 95518 complete and 0 interrupted iterations
cap_mixed   [   3% ] 0017/0256 VUs  00m47.8s/30m0s  2000.00 iters/s

running (00m48.8s), 0011/0256 VUs, 97524 complete and 0 interrupted iterations
cap_mixed   [   3% ] 0010/0256 VUs  00m48.8s/30m0s  2000.00 iters/s

running (00m49.8s), 0003/0256 VUs, 99531 complete and 0 interrupted iterations
cap_mixed   [   3% ] 0003/0256 VUs  00m49.8s/30m0s  2000.00 iters/s

running (00m50.8s), 0012/0256 VUs, 101522 complete and 0 interrupted iterations
cap_mixed   [   3% ] 0011/0256 VUs  00m50.8s/30m0s  2000.00 iters/s

running (00m51.8s), 0009/0256 VUs, 103525 complete and 0 interrupted iterations
cap_mixed   [   3% ] 0009/0256 VUs  00m51.8s/30m0s  2000.00 iters/s

running (00m52.8s), 0011/0256 VUs, 105523 complete and 0 interrupted iterations
cap_mixed   [   3% ] 0011/0256 VUs  00m52.8s/30m0s  2000.00 iters/s

running (00m53.8s), 0021/0256 VUs, 107513 complete and 0 interrupted iterations
cap_mixed   [   3% ] 0021/0256 VUs  00m53.8s/30m0s  2000.00 iters/s

running (00m54.8s), 0015/0256 VUs, 109519 complete and 0 interrupted iterations
cap_mixed   [   3% ] 0015/0256 VUs  00m54.8s/30m0s  2000.00 iters/s

running (00m55.8s), 0017/0256 VUs, 111517 complete and 0 interrupted iterations
cap_mixed   [   3% ] 0018/0256 VUs  00m55.8s/30m0s  2000.00 iters/s

running (00m56.8s), 0010/0256 VUs, 113524 complete and 0 interrupted iterations
cap_mixed   [   3% ] 0010/0256 VUs  00m56.8s/30m0s  2000.00 iters/s

running (00m57.8s), 0010/0256 VUs, 115524 complete and 0 interrupted iterations
cap_mixed   [   3% ] 0010/0256 VUs  00m57.8s/30m0s  2000.00 iters/s

running (00m58.8s), 0013/0256 VUs, 117521 complete and 0 interrupted iterations
cap_mixed   [   3% ] 0013/0256 VUs  00m58.8s/30m0s  2000.00 iters/s

running (00m59.8s), 0008/0256 VUs, 119526 complete and 0 interrupted iterations
cap_mixed   [   3% ] 0008/0256 VUs  00m59.8s/30m0s  2000.00 iters/s

running (01m00.8s), 0013/0256 VUs, 121521 complete and 0 interrupted iterations
cap_mixed   [   3% ] 0013/0256 VUs  01m00.8s/30m0s  2000.00 iters/s

running (01m01.8s), 0011/0256 VUs, 123524 complete and 0 interrupted iterations
cap_mixed   [   3% ] 0011/0256 VUs  01m01.8s/30m0s  2000.00 iters/s

running (01m02.8s), 0012/0256 VUs, 125522 complete and 0 interrupted iterations
cap_mixed   [   3% ] 0012/0256 VUs  01m02.8s/30m0s  2000.00 iters/s

running (01m03.8s), 0011/0256 VUs, 127523 complete and 0 interrupted iterations
cap_mixed   [   4% ] 0012/0256 VUs  01m03.8s/30m0s  2000.00 iters/s

running (01m04.8s), 0008/0256 VUs, 129527 complete and 0 interrupted iterations
cap_mixed   [   4% ] 0008/0256 VUs  01m04.8s/30m0s  2000.00 iters/s

running (01m05.8s), 0019/0256 VUs, 131515 complete and 0 interrupted iterations
cap_mixed   [   4% ] 0019/0256 VUs  01m05.8s/30m0s  2000.00 iters/s

running (01m06.8s), 0008/0256 VUs, 133527 complete and 0 interrupted iterations
cap_mixed   [   4% ] 0008/0256 VUs  01m06.8s/30m0s  2000.00 iters/s

running (01m07.8s), 0009/0256 VUs, 135525 complete and 0 interrupted iterations
cap_mixed   [   4% ] 0009/0256 VUs  01m07.8s/30m0s  2000.00 iters/s

running (01m08.8s), 0006/0256 VUs, 137528 complete and 0 interrupted iterations
cap_mixed   [   4% ] 0006/0256 VUs  01m08.8s/30m0s  2000.00 iters/s

running (01m09.8s), 0012/0256 VUs, 139523 complete and 0 interrupted iterations
cap_mixed   [   4% ] 0012/0256 VUs  01m09.8s/30m0s  2000.00 iters/s

running (01m10.8s), 0014/0256 VUs, 141520 complete and 0 interrupted iterations
cap_mixed   [   4% ] 0014/0256 VUs  01m10.8s/30m0s  2000.00 iters/s

running (01m11.8s), 0014/0256 VUs, 143520 complete and 0 interrupted iterations
cap_mixed   [   4% ] 0014/0256 VUs  01m11.8s/30m0s  2000.00 iters/s

running (01m12.8s), 0009/0256 VUs, 145526 complete and 0 interrupted iterations
cap_mixed   [   4% ] 0009/0256 VUs  01m12.8s/30m0s  2000.00 iters/s

running (01m13.8s), 0010/0256 VUs, 147525 complete and 0 interrupted iterations
cap_mixed   [   4% ] 0010/0256 VUs  01m13.8s/30m0s  2000.00 iters/s

running (01m14.8s), 0009/0256 VUs, 149525 complete and 0 interrupted iterations
cap_mixed   [   4% ] 0009/0256 VUs  01m14.8s/30m0s  2000.00 iters/s

running (01m15.8s), 0010/0256 VUs, 151524 complete and 0 interrupted iterations
cap_mixed   [   4% ] 0010/0256 VUs  01m15.8s/30m0s  2000.00 iters/s

running (01m16.8s), 0008/0256 VUs, 153526 complete and 0 interrupted iterations
cap_mixed   [   4% ] 0008/0256 VUs  01m16.8s/30m0s  2000.00 iters/s

running (01m17.8s), 0007/0256 VUs, 155527 complete and 0 interrupted iterations
cap_mixed   [   4% ] 0007/0256 VUs  01m17.8s/30m0s  2000.00 iters/s

running (01m18.8s), 0026/0256 VUs, 157508 complete and 0 interrupted iterations
cap_mixed   [   4% ] 0026/0256 VUs  01m18.8s/30m0s  2000.00 iters/s

running (01m19.8s), 0012/0256 VUs, 159522 complete and 0 interrupted iterations
cap_mixed   [   4% ] 0012/0256 VUs  01m19.8s/30m0s  2000.00 iters/s

running (01m20.8s), 0011/0256 VUs, 161523 complete and 0 interrupted iterations
cap_mixed   [   4% ] 0011/0256 VUs  01m20.8s/30m0s  2000.00 iters/s

running (01m21.8s), 0010/0256 VUs, 163524 complete and 0 interrupted iterations
cap_mixed   [   5% ] 0010/0256 VUs  01m21.8s/30m0s  2000.00 iters/s

running (01m22.8s), 0010/0256 VUs, 165524 complete and 0 interrupted iterations
cap_mixed   [   5% ] 0010/0256 VUs  01m22.8s/30m0s  2000.00 iters/s

running (01m23.8s), 0007/0256 VUs, 167527 complete and 0 interrupted iterations
cap_mixed   [   5% ] 0007/0256 VUs  01m23.8s/30m0s  2000.00 iters/s

running (01m24.8s), 0010/0256 VUs, 169525 complete and 0 interrupted iterations
cap_mixed   [   5% ] 0010/0256 VUs  01m24.8s/30m0s  2000.00 iters/s

running (01m25.8s), 0010/0256 VUs, 171524 complete and 0 interrupted iterations
cap_mixed   [   5% ] 0010/0256 VUs  01m25.8s/30m0s  2000.00 iters/s

running (01m26.8s), 0034/0256 VUs, 173500 complete and 0 interrupted iterations
cap_mixed   [   5% ] 0034/0256 VUs  01m26.8s/30m0s  2000.00 iters/s

running (01m27.8s), 0012/0256 VUs, 175522 complete and 0 interrupted iterations
cap_mixed   [   5% ] 0012/0256 VUs  01m27.8s/30m0s  2000.00 iters/s

running (01m28.8s), 0009/0256 VUs, 177525 complete and 0 interrupted iterations
cap_mixed   [   5% ] 0009/0256 VUs  01m28.8s/30m0s  2000.00 iters/s

running (01m29.8s), 0011/0256 VUs, 179523 complete and 0 interrupted iterations
cap_mixed   [   5% ] 0011/0256 VUs  01m29.8s/30m0s  2000.00 iters/s

running (01m30.8s), 0016/0256 VUs, 181519 complete and 0 interrupted iterations
cap_mixed   [   5% ] 0016/0256 VUs  01m30.8s/30m0s  2000.00 iters/s

running (01m31.8s), 0010/0256 VUs, 183524 complete and 0 interrupted iterations
cap_mixed   [   5% ] 0009/0256 VUs  01m31.8s/30m0s  2000.00 iters/s

running (01m32.8s), 0027/0256 VUs, 185507 complete and 0 interrupted iterations
cap_mixed   [   5% ] 0027/0256 VUs  01m32.8s/30m0s  2000.00 iters/s

running (01m33.8s), 0008/0256 VUs, 187526 complete and 0 interrupted iterations
cap_mixed   [   5% ] 0008/0256 VUs  01m33.8s/30m0s  2000.00 iters/s

running (01m34.8s), 0016/0256 VUs, 189519 complete and 0 interrupted iterations
cap_mixed   [   5% ] 0016/0256 VUs  01m34.8s/30m0s  2000.00 iters/s

running (01m35.8s), 0011/0256 VUs, 191524 complete and 0 interrupted iterations
cap_mixed   [   5% ] 0011/0256 VUs  01m35.8s/30m0s  2000.00 iters/s

running (01m36.8s), 0012/0256 VUs, 193523 complete and 0 interrupted iterations
cap_mixed   [   5% ] 0012/0256 VUs  01m36.8s/30m0s  2000.00 iters/s

running (01m37.8s), 0012/0256 VUs, 195522 complete and 0 interrupted iterations
cap_mixed   [   5% ] 0012/0256 VUs  01m37.8s/30m0s  2000.00 iters/s

running (01m38.8s), 0017/0256 VUs, 197517 complete and 0 interrupted iterations
cap_mixed   [   5% ] 0017/0256 VUs  01m38.8s/30m0s  2000.00 iters/s

running (01m39.8s), 0009/0256 VUs, 199525 complete and 0 interrupted iterations
cap_mixed   [   6% ] 0009/0256 VUs  01m39.8s/30m0s  2000.00 iters/s

running (01m40.8s), 0009/0256 VUs, 201527 complete and 0 interrupted iterations
cap_mixed   [   6% ] 0009/0256 VUs  01m40.8s/30m0s  2000.00 iters/s

running (01m41.8s), 0012/0256 VUs, 203522 complete and 0 interrupted iterations
cap_mixed   [   6% ] 0012/0256 VUs  01m41.8s/30m0s  2000.00 iters/s

running (01m42.8s), 0014/0256 VUs, 205520 complete and 0 interrupted iterations
cap_mixed   [   6% ] 0014/0256 VUs  01m42.8s/30m0s  2000.00 iters/s

running (01m43.8s), 0010/0256 VUs, 207524 complete and 0 interrupted iterations
cap_mixed   [   6% ] 0010/0256 VUs  01m43.8s/30m0s  2000.00 iters/s

running (01m44.8s), 0014/0256 VUs, 209520 complete and 0 interrupted iterations
cap_mixed   [   6% ] 0014/0256 VUs  01m44.8s/30m0s  2000.00 iters/s

running (01m45.8s), 0006/0256 VUs, 211528 complete and 0 interrupted iterations
cap_mixed   [   6% ] 0006/0256 VUs  01m45.8s/30m0s  2000.00 iters/s

running (01m46.8s), 0015/0256 VUs, 213519 complete and 0 interrupted iterations
cap_mixed   [   6% ] 0015/0256 VUs  01m46.8s/30m0s  2000.00 iters/s

running (01m47.8s), 0015/0256 VUs, 215519 complete and 0 interrupted iterations
cap_mixed   [   6% ] 0015/0256 VUs  01m47.8s/30m0s  2000.00 iters/s

running (01m48.8s), 0011/0256 VUs, 217524 complete and 0 interrupted iterations
cap_mixed   [   6% ] 0011/0256 VUs  01m48.8s/30m0s  2000.00 iters/s

running (01m49.8s), 0012/0256 VUs, 219522 complete and 0 interrupted iterations
cap_mixed   [   6% ] 0012/0256 VUs  01m49.8s/30m0s  2000.00 iters/s

running (01m50.8s), 0011/0256 VUs, 221523 complete and 0 interrupted iterations
cap_mixed   [   6% ] 0011/0256 VUs  01m50.8s/30m0s  2000.00 iters/s

running (01m51.8s), 0009/0256 VUs, 223526 complete and 0 interrupted iterations
cap_mixed   [   6% ] 0009/0256 VUs  01m51.8s/30m0s  2000.00 iters/s

running (01m52.8s), 0011/0256 VUs, 225523 complete and 0 interrupted iterations
cap_mixed   [   6% ] 0011/0256 VUs  01m52.8s/30m0s  2000.00 iters/s

running (01m53.8s), 0020/0256 VUs, 227514 complete and 0 interrupted iterations
cap_mixed   [   6% ] 0020/0256 VUs  01m53.8s/30m0s  2000.00 iters/s

running (01m54.8s), 0008/0256 VUs, 229526 complete and 0 interrupted iterations
cap_mixed   [   6% ] 0008/0256 VUs  01m54.8s/30m0s  2000.00 iters/s

running (01m55.8s), 0012/0256 VUs, 231522 complete and 0 interrupted iterations
cap_mixed   [   6% ] 0012/0256 VUs  01m55.8s/30m0s  2000.00 iters/s

running (01m56.8s), 0014/0256 VUs, 233520 complete and 0 interrupted iterations
cap_mixed   [   6% ] 0015/0256 VUs  01m56.8s/30m0s  2000.00 iters/s

running (01m57.8s), 0011/0256 VUs, 235523 complete and 0 interrupted iterations
cap_mixed   [   7% ] 0011/0256 VUs  01m57.8s/30m0s  2000.00 iters/s

running (01m58.8s), 0015/0256 VUs, 237520 complete and 0 interrupted iterations
cap_mixed   [   7% ] 0015/0256 VUs  01m58.8s/30m0s  2000.00 iters/s

running (01m59.8s), 0011/0256 VUs, 239523 complete and 0 interrupted iterations
cap_mixed   [   7% ] 0011/0256 VUs  01m59.8s/30m0s  2000.00 iters/s

running (02m00.8s), 0013/0256 VUs, 241521 complete and 0 interrupted iterations
cap_mixed   [   7% ] 0013/0256 VUs  02m00.8s/30m0s  2000.00 iters/s

running (02m01.8s), 0014/0256 VUs, 243520 complete and 0 interrupted iterations
cap_mixed   [   7% ] 0014/0256 VUs  02m01.8s/30m0s  2000.00 iters/s

running (02m02.8s), 0017/0256 VUs, 245518 complete and 0 interrupted iterations
cap_mixed   [   7% ] 0017/0256 VUs  02m02.8s/30m0s  2000.00 iters/s

running (02m03.8s), 0028/0256 VUs, 247506 complete and 0 interrupted iterations
cap_mixed   [   7% ] 0028/0256 VUs  02m03.8s/30m0s  2000.00 iters/s

running (02m04.8s), 0015/0256 VUs, 249519 complete and 0 interrupted iterations
cap_mixed   [   7% ] 0015/0256 VUs  02m04.8s/30m0s  2000.00 iters/s

running (02m05.8s), 0013/0256 VUs, 251521 complete and 0 interrupted iterations
cap_mixed   [   7% ] 0013/0256 VUs  02m05.8s/30m0s  2000.00 iters/s

running (02m06.8s), 0023/0256 VUs, 253511 complete and 0 interrupted iterations
cap_mixed   [   7% ] 0023/0256 VUs  02m06.8s/30m0s  2000.00 iters/s

running (02m07.8s), 0009/0256 VUs, 255525 complete and 0 interrupted iterations
cap_mixed   [   7% ] 0009/0256 VUs  02m07.8s/30m0s  2000.00 iters/s

running (02m08.8s), 0016/0256 VUs, 257519 complete and 0 interrupted iterations
cap_mixed   [   7% ] 0016/0256 VUs  02m08.8s/30m0s  2000.00 iters/s

running (02m09.8s), 0014/0256 VUs, 259520 complete and 0 interrupted iterations
cap_mixed   [   7% ] 0014/0256 VUs  02m09.8s/30m0s  2000.00 iters/s

running (02m10.8s), 0014/0256 VUs, 261521 complete and 0 interrupted iterations
cap_mixed   [   7% ] 0014/0256 VUs  02m10.8s/30m0s  2000.00 iters/s

running (02m11.8s), 0013/0256 VUs, 263521 complete and 0 interrupted iterations
cap_mixed   [   7% ] 0013/0256 VUs  02m11.8s/30m0s  2000.00 iters/s

running (02m12.8s), 0007/0256 VUs, 265527 complete and 0 interrupted iterations
cap_mixed   [   7% ] 0007/0256 VUs  02m12.8s/30m0s  2000.00 iters/s

running (02m13.8s), 0015/0256 VUs, 267519 complete and 0 interrupted iterations
cap_mixed   [   7% ] 0015/0256 VUs  02m13.8s/30m0s  2000.00 iters/s

running (02m14.8s), 0016/0256 VUs, 269518 complete and 0 interrupted iterations
cap_mixed   [   7% ] 0016/0256 VUs  02m14.8s/30m0s  2000.00 iters/s

running (02m15.8s), 0017/0256 VUs, 271517 complete and 0 interrupted iterations
cap_mixed   [   8% ] 0017/0256 VUs  02m15.8s/30m0s  2000.00 iters/s

running (02m16.8s), 0010/0256 VUs, 273525 complete and 0 interrupted iterations
cap_mixed   [   8% ] 0010/0256 VUs  02m16.8s/30m0s  2000.00 iters/s

running (02m17.8s), 0016/0256 VUs, 275519 complete and 0 interrupted iterations
cap_mixed   [   8% ] 0016/0256 VUs  02m17.8s/30m0s  2000.00 iters/s

running (02m18.8s), 0015/0256 VUs, 277519 complete and 0 interrupted iterations
cap_mixed   [   8% ] 0015/0256 VUs  02m18.8s/30m0s  2000.00 iters/s

running (02m19.8s), 0013/0256 VUs, 279522 complete and 0 interrupted iterations
cap_mixed   [   8% ] 0013/0256 VUs  02m19.8s/30m0s  2000.00 iters/s

running (02m20.8s), 0010/0256 VUs, 281524 complete and 0 interrupted iterations
cap_mixed   [   8% ] 0010/0256 VUs  02m20.8s/30m0s  2000.00 iters/s

running (02m21.8s), 0024/0256 VUs, 283512 complete and 0 interrupted iterations
cap_mixed   [   8% ] 0024/0256 VUs  02m21.8s/30m0s  2000.00 iters/s

running (02m22.8s), 0017/0256 VUs, 285518 complete and 0 interrupted iterations
cap_mixed   [   8% ] 0017/0256 VUs  02m22.8s/30m0s  2000.00 iters/s

running (02m23.8s), 0013/0256 VUs, 287521 complete and 0 interrupted iterations
cap_mixed   [   8% ] 0013/0256 VUs  02m23.8s/30m0s  2000.00 iters/s

running (02m24.8s), 0013/0256 VUs, 289521 complete and 0 interrupted iterations
cap_mixed   [   8% ] 0013/0256 VUs  02m24.8s/30m0s  2000.00 iters/s

running (02m25.8s), 0015/0256 VUs, 291520 complete and 0 interrupted iterations
cap_mixed   [   8% ] 0015/0256 VUs  02m25.8s/30m0s  2000.00 iters/s

running (02m26.8s), 0011/0256 VUs, 293524 complete and 0 interrupted iterations
cap_mixed   [   8% ] 0011/0256 VUs  02m26.8s/30m0s  2000.00 iters/s

running (02m27.8s), 0010/0256 VUs, 295524 complete and 0 interrupted iterations
cap_mixed   [   8% ] 0010/0256 VUs  02m27.8s/30m0s  2000.00 iters/s

running (02m28.8s), 0016/0256 VUs, 297518 complete and 0 interrupted iterations
cap_mixed   [   8% ] 0016/0256 VUs  02m28.8s/30m0s  2000.00 iters/s

running (02m29.8s), 0009/0256 VUs, 299525 complete and 0 interrupted iterations
cap_mixed   [   8% ] 0009/0256 VUs  02m29.8s/30m0s  2000.00 iters/s

running (02m30.8s), 0012/0256 VUs, 301523 complete and 0 interrupted iterations
cap_mixed   [   8% ] 0012/0256 VUs  02m30.8s/30m0s  2000.00 iters/s

running (02m31.8s), 0007/0256 VUs, 303527 complete and 0 interrupted iterations
cap_mixed   [   8% ] 0007/0256 VUs  02m31.8s/30m0s  2000.00 iters/s

running (02m32.8s), 0013/0256 VUs, 305521 complete and 0 interrupted iterations
cap_mixed   [   8% ] 0013/0256 VUs  02m32.8s/30m0s  2000.00 iters/s

running (02m33.8s), 0009/0256 VUs, 307526 complete and 0 interrupted iterations
cap_mixed   [   9% ] 0009/0256 VUs  02m33.8s/30m0s  2000.00 iters/s

running (02m34.8s), 0020/0256 VUs, 309514 complete and 0 interrupted iterations
cap_mixed   [   9% ] 0020/0256 VUs  02m34.8s/30m0s  2000.00 iters/s

running (02m35.8s), 0017/0256 VUs, 311518 complete and 0 interrupted iterations
cap_mixed   [   9% ] 0017/0256 VUs  02m35.8s/30m0s  2000.00 iters/s

running (02m36.8s), 0010/0256 VUs, 313525 complete and 0 interrupted iterations
cap_mixed   [   9% ] 0010/0256 VUs  02m36.8s/30m0s  2000.00 iters/s

running (02m37.8s), 0015/0256 VUs, 315519 complete and 0 interrupted iterations
cap_mixed   [   9% ] 0015/0256 VUs  02m37.8s/30m0s  2000.00 iters/s

running (02m38.8s), 0016/0256 VUs, 317520 complete and 0 interrupted iterations
cap_mixed   [   9% ] 0016/0256 VUs  02m38.8s/30m0s  2000.00 iters/s

running (02m39.8s), 0012/0256 VUs, 319522 complete and 0 interrupted iterations
cap_mixed   [   9% ] 0012/0256 VUs  02m39.8s/30m0s  2000.00 iters/s

running (02m40.8s), 0010/0256 VUs, 321524 complete and 0 interrupted iterations
cap_mixed   [   9% ] 0010/0256 VUs  02m40.8s/30m0s  2000.00 iters/s

running (02m41.8s), 0014/0256 VUs, 323520 complete and 0 interrupted iterations
cap_mixed   [   9% ] 0014/0256 VUs  02m41.8s/30m0s  2000.00 iters/s

running (02m42.8s), 0014/0256 VUs, 325520 complete and 0 interrupted iterations
cap_mixed   [   9% ] 0014/0256 VUs  02m42.8s/30m0s  2000.00 iters/s

running (02m43.8s), 0013/0256 VUs, 327521 complete and 0 interrupted iterations
cap_mixed   [   9% ] 0013/0256 VUs  02m43.8s/30m0s  2000.00 iters/s

running (02m44.8s), 0011/0256 VUs, 329524 complete and 0 interrupted iterations
cap_mixed   [   9% ] 0011/0256 VUs  02m44.8s/30m0s  2000.00 iters/s

running (02m45.8s), 0006/0256 VUs, 331527 complete and 0 interrupted iterations
cap_mixed   [   9% ] 0006/0256 VUs  02m45.8s/30m0s  2000.00 iters/s

running (02m46.8s), 0013/0256 VUs, 333521 complete and 0 interrupted iterations
cap_mixed   [   9% ] 0013/0256 VUs  02m46.8s/30m0s  2000.00 iters/s

running (02m47.8s), 0006/0256 VUs, 335528 complete and 0 interrupted iterations
cap_mixed   [   9% ] 0006/0256 VUs  02m47.8s/30m0s  2000.00 iters/s

running (02m48.8s), 0009/0256 VUs, 337525 complete and 0 interrupted iterations
cap_mixed   [   9% ] 0009/0256 VUs  02m48.8s/30m0s  2000.00 iters/s

running (02m49.8s), 0012/0256 VUs, 339522 complete and 0 interrupted iterations
cap_mixed   [   9% ] 0012/0256 VUs  02m49.8s/30m0s  2000.00 iters/s

running (02m50.8s), 0013/0256 VUs, 341522 complete and 0 interrupted iterations
cap_mixed   [   9% ] 0013/0256 VUs  02m50.8s/30m0s  2000.00 iters/s

running (02m51.8s), 0015/0256 VUs, 343519 complete and 0 interrupted iterations
cap_mixed   [  10% ] 0015/0256 VUs  02m51.8s/30m0s  2000.00 iters/s

running (02m52.8s), 0014/0256 VUs, 345521 complete and 0 interrupted iterations
cap_mixed   [  10% ] 0014/0256 VUs  02m52.8s/30m0s  2000.00 iters/s

running (02m53.8s), 0014/0256 VUs, 347520 complete and 0 interrupted iterations
cap_mixed   [  10% ] 0014/0256 VUs  02m53.8s/30m0s  2000.00 iters/s

running (02m54.8s), 0012/0256 VUs, 349522 complete and 0 interrupted iterations
cap_mixed   [  10% ] 0012/0256 VUs  02m54.8s/30m0s  2000.00 iters/s

running (02m55.8s), 0013/0256 VUs, 351521 complete and 0 interrupted iterations
cap_mixed   [  10% ] 0013/0256 VUs  02m55.8s/30m0s  2000.00 iters/s

running (02m56.8s), 0010/0256 VUs, 353524 complete and 0 interrupted iterations
cap_mixed   [  10% ] 0010/0256 VUs  02m56.8s/30m0s  2000.00 iters/s

running (02m57.8s), 0010/0256 VUs, 355525 complete and 0 interrupted iterations
cap_mixed   [  10% ] 0010/0256 VUs  02m57.8s/30m0s  2000.00 iters/s

running (02m58.8s), 0009/0256 VUs, 357526 complete and 0 interrupted iterations
cap_mixed   [  10% ] 0009/0256 VUs  02m58.8s/30m0s  2000.00 iters/s

running (02m59.8s), 0010/0256 VUs, 359524 complete and 0 interrupted iterations
cap_mixed   [  10% ] 0010/0256 VUs  02m59.8s/30m0s  2000.00 iters/s

running (03m00.8s), 0009/0256 VUs, 361526 complete and 0 interrupted iterations
cap_mixed   [  10% ] 0009/0256 VUs  03m00.8s/30m0s  2000.00 iters/s

running (03m01.8s), 0008/0256 VUs, 363526 complete and 0 interrupted iterations
cap_mixed   [  10% ] 0008/0256 VUs  03m01.8s/30m0s  2000.00 iters/s

running (03m02.8s), 0009/0256 VUs, 365525 complete and 0 interrupted iterations
cap_mixed   [  10% ] 0009/0256 VUs  03m02.8s/30m0s  2000.00 iters/s

running (03m03.8s), 0018/0256 VUs, 367517 complete and 0 interrupted iterations
cap_mixed   [  10% ] 0018/0256 VUs  03m03.8s/30m0s  2000.00 iters/s

running (03m04.8s), 0011/0256 VUs, 369523 complete and 0 interrupted iterations
cap_mixed   [  10% ] 0011/0256 VUs  03m04.8s/30m0s  2000.00 iters/s

running (03m05.8s), 0010/0256 VUs, 371525 complete and 0 interrupted iterations
cap_mixed   [  10% ] 0010/0256 VUs  03m05.8s/30m0s  2000.00 iters/s

running (03m06.8s), 0011/0256 VUs, 373523 complete and 0 interrupted iterations
cap_mixed   [  10% ] 0011/0256 VUs  03m06.8s/30m0s  2000.00 iters/s

running (03m07.8s), 0013/0256 VUs, 375521 complete and 0 interrupted iterations
cap_mixed   [  10% ] 0013/0256 VUs  03m07.8s/30m0s  2000.00 iters/s

running (03m08.8s), 0010/0256 VUs, 377524 complete and 0 interrupted iterations
cap_mixed   [  10% ] 0010/0256 VUs  03m08.8s/30m0s  2000.00 iters/s

running (03m09.8s), 0034/0256 VUs, 379501 complete and 0 interrupted iterations
cap_mixed   [  11% ] 0034/0256 VUs  03m09.8s/30m0s  2000.00 iters/s

running (03m10.8s), 0017/0256 VUs, 381517 complete and 0 interrupted iterations
cap_mixed   [  11% ] 0017/0256 VUs  03m10.8s/30m0s  2000.00 iters/s

running (03m11.8s), 0014/0256 VUs, 383520 complete and 0 interrupted iterations
cap_mixed   [  11% ] 0014/0256 VUs  03m11.8s/30m0s  2000.00 iters/s

running (03m12.8s), 0006/0256 VUs, 385528 complete and 0 interrupted iterations
cap_mixed   [  11% ] 0006/0256 VUs  03m12.8s/30m0s  2000.00 iters/s

running (03m13.8s), 0017/0256 VUs, 387517 complete and 0 interrupted iterations
cap_mixed   [  11% ] 0017/0256 VUs  03m13.8s/30m0s  2000.00 iters/s

running (03m14.8s), 0016/0256 VUs, 389519 complete and 0 interrupted iterations
cap_mixed   [  11% ] 0016/0256 VUs  03m14.8s/30m0s  2000.00 iters/s

running (03m15.8s), 0014/0256 VUs, 391520 complete and 0 interrupted iterations
cap_mixed   [  11% ] 0014/0256 VUs  03m15.8s/30m0s  2000.00 iters/s

running (03m16.8s), 0014/0256 VUs, 393521 complete and 0 interrupted iterations
cap_mixed   [  11% ] 0014/0256 VUs  03m16.8s/30m0s  2000.00 iters/s

running (03m17.8s), 0018/0256 VUs, 395516 complete and 0 interrupted iterations
cap_mixed   [  11% ] 0018/0256 VUs  03m17.8s/30m0s  2000.00 iters/s

running (03m18.8s), 0013/0256 VUs, 397522 complete and 0 interrupted iterations
cap_mixed   [  11% ] 0013/0256 VUs  03m18.8s/30m0s  2000.00 iters/s

running (03m19.8s), 0011/0256 VUs, 399524 complete and 0 interrupted iterations
cap_mixed   [  11% ] 0011/0256 VUs  03m19.8s/30m0s  2000.00 iters/s

running (03m20.8s), 0016/0256 VUs, 401518 complete and 0 interrupted iterations
cap_mixed   [  11% ] 0016/0256 VUs  03m20.8s/30m0s  2000.00 iters/s

running (03m21.8s), 0013/0256 VUs, 403521 complete and 0 interrupted iterations
cap_mixed   [  11% ] 0013/0256 VUs  03m21.8s/30m0s  2000.00 iters/s

running (03m22.8s), 0006/0256 VUs, 405528 complete and 0 interrupted iterations
cap_mixed   [  11% ] 0006/0256 VUs  03m22.8s/30m0s  2000.00 iters/s

running (03m23.8s), 0011/0256 VUs, 407523 complete and 0 interrupted iterations
cap_mixed   [  11% ] 0011/0256 VUs  03m23.8s/30m0s  2000.00 iters/s

running (03m24.8s), 0014/0256 VUs, 409520 complete and 0 interrupted iterations
cap_mixed   [  11% ] 0014/0256 VUs  03m24.8s/30m0s  2000.00 iters/s

running (03m25.8s), 0013/0256 VUs, 411521 complete and 0 interrupted iterations
cap_mixed   [  11% ] 0013/0256 VUs  03m25.8s/30m0s  2000.00 iters/s

running (03m26.8s), 0010/0256 VUs, 413524 complete and 0 interrupted iterations
cap_mixed   [  11% ] 0010/0256 VUs  03m26.8s/30m0s  2000.00 iters/s

running (03m27.8s), 0011/0256 VUs, 415524 complete and 0 interrupted iterations
cap_mixed   [  12% ] 0011/0256 VUs  03m27.8s/30m0s  2000.00 iters/s

running (03m28.8s), 0015/0256 VUs, 417520 complete and 0 interrupted iterations
cap_mixed   [  12% ] 0015/0256 VUs  03m28.8s/30m0s  2000.00 iters/s

running (03m29.8s), 0016/0256 VUs, 419518 complete and 0 interrupted iterations
cap_mixed   [  12% ] 0016/0256 VUs  03m29.8s/30m0s  2000.00 iters/s

running (03m30.8s), 0011/0256 VUs, 421523 complete and 0 interrupted iterations
cap_mixed   [  12% ] 0011/0256 VUs  03m30.8s/30m0s  2000.00 iters/s

running (03m31.8s), 0008/0256 VUs, 423526 complete and 0 interrupted iterations
cap_mixed   [  12% ] 0008/0256 VUs  03m31.8s/30m0s  2000.00 iters/s

running (03m32.8s), 0013/0256 VUs, 425521 complete and 0 interrupted iterations
cap_mixed   [  12% ] 0013/0256 VUs  03m32.8s/30m0s  2000.00 iters/s

running (03m33.8s), 0009/0256 VUs, 427525 complete and 0 interrupted iterations
cap_mixed   [  12% ] 0009/0256 VUs  03m33.8s/30m0s  2000.00 iters/s

running (03m34.8s), 0008/0256 VUs, 429526 complete and 0 interrupted iterations
cap_mixed   [  12% ] 0008/0256 VUs  03m34.8s/30m0s  2000.00 iters/s

running (03m35.8s), 0009/0256 VUs, 431525 complete and 0 interrupted iterations
cap_mixed   [  12% ] 0009/0256 VUs  03m35.8s/30m0s  2000.00 iters/s

running (03m36.8s), 0013/0256 VUs, 433521 complete and 0 interrupted iterations
cap_mixed   [  12% ] 0013/0256 VUs  03m36.8s/30m0s  2000.00 iters/s

running (03m37.8s), 0011/0256 VUs, 435523 complete and 0 interrupted iterations
cap_mixed   [  12% ] 0011/0256 VUs  03m37.8s/30m0s  2000.00 iters/s

running (03m38.8s), 0015/0256 VUs, 437519 complete and 0 interrupted iterations
cap_mixed   [  12% ] 0015/0256 VUs  03m38.8s/30m0s  2000.00 iters/s

running (03m39.8s), 0017/0256 VUs, 439517 complete and 0 interrupted iterations
cap_mixed   [  12% ] 0017/0256 VUs  03m39.8s/30m0s  2000.00 iters/s

running (03m40.8s), 0011/0256 VUs, 441524 complete and 0 interrupted iterations
cap_mixed   [  12% ] 0011/0256 VUs  03m40.8s/30m0s  2000.00 iters/s

running (03m41.8s), 0016/0256 VUs, 443518 complete and 0 interrupted iterations
cap_mixed   [  12% ] 0016/0256 VUs  03m41.8s/30m0s  2000.00 iters/s

running (03m42.8s), 0018/0256 VUs, 445517 complete and 0 interrupted iterations
cap_mixed   [  12% ] 0018/0256 VUs  03m42.8s/30m0s  2000.00 iters/s

running (03m43.8s), 0012/0256 VUs, 447522 complete and 0 interrupted iterations
cap_mixed   [  12% ] 0012/0256 VUs  03m43.8s/30m0s  2000.00 iters/s

running (03m44.8s), 0018/0256 VUs, 449517 complete and 0 interrupted iterations
cap_mixed   [  12% ] 0018/0256 VUs  03m44.8s/30m0s  2000.00 iters/s

running (03m45.8s), 0015/0256 VUs, 451521 complete and 0 interrupted iterations
cap_mixed   [  13% ] 0015/0256 VUs  03m45.8s/30m0s  2000.00 iters/s

running (03m46.8s), 0009/0256 VUs, 453526 complete and 0 interrupted iterations
cap_mixed   [  13% ] 0009/0256 VUs  03m46.8s/30m0s  2000.00 iters/s

running (03m47.8s), 0012/0256 VUs, 455523 complete and 0 interrupted iterations
cap_mixed   [  13% ] 0012/0256 VUs  03m47.8s/30m0s  2000.00 iters/s

running (03m48.8s), 0010/0256 VUs, 457524 complete and 0 interrupted iterations
cap_mixed   [  13% ] 0010/0256 VUs  03m48.8s/30m0s  2000.00 iters/s

running (03m49.8s), 0016/0256 VUs, 459518 complete and 0 interrupted iterations
cap_mixed   [  13% ] 0016/0256 VUs  03m49.8s/30m0s  2000.00 iters/s

running (03m50.8s), 0010/0256 VUs, 461524 complete and 0 interrupted iterations
cap_mixed   [  13% ] 0010/0256 VUs  03m50.8s/30m0s  2000.00 iters/s

running (03m51.8s), 0018/0256 VUs, 463517 complete and 0 interrupted iterations
cap_mixed   [  13% ] 0018/0256 VUs  03m51.8s/30m0s  2000.00 iters/s

running (03m52.8s), 0020/0256 VUs, 465514 complete and 0 interrupted iterations
cap_mixed   [  13% ] 0020/0256 VUs  03m52.8s/30m0s  2000.00 iters/s

running (03m53.8s), 0015/0256 VUs, 467519 complete and 0 interrupted iterations
cap_mixed   [  13% ] 0015/0256 VUs  03m53.8s/30m0s  2000.00 iters/s

running (03m54.8s), 0015/0256 VUs, 469519 complete and 0 interrupted iterations
cap_mixed   [  13% ] 0015/0256 VUs  03m54.8s/30m0s  2000.00 iters/s

running (03m55.8s), 0012/0256 VUs, 471522 complete and 0 interrupted iterations
cap_mixed   [  13% ] 0012/0256 VUs  03m55.8s/30m0s  2000.00 iters/s

running (03m56.8s), 0013/0256 VUs, 473521 complete and 0 interrupted iterations
cap_mixed   [  13% ] 0013/0256 VUs  03m56.8s/30m0s  2000.00 iters/s

running (03m57.8s), 0007/0256 VUs, 475527 complete and 0 interrupted iterations
cap_mixed   [  13% ] 0007/0256 VUs  03m57.8s/30m0s  2000.00 iters/s

running (03m58.8s), 0014/0256 VUs, 477520 complete and 0 interrupted iterations
cap_mixed   [  13% ] 0014/0256 VUs  03m58.8s/30m0s  2000.00 iters/s

running (03m59.8s), 0014/0256 VUs, 479521 complete and 0 interrupted iterations
cap_mixed   [  13% ] 0014/0256 VUs  03m59.8s/30m0s  2000.00 iters/s

running (04m00.8s), 0086/0256 VUs, 481450 complete and 0 interrupted iterations
cap_mixed   [  13% ] 0086/0256 VUs  04m00.8s/30m0s  2000.00 iters/s

running (04m01.8s), 0019/0256 VUs, 483515 complete and 0 interrupted iterations
cap_mixed   [  13% ] 0019/0256 VUs  04m01.8s/30m0s  2000.00 iters/s

running (04m02.8s), 0055/0256 VUs, 485480 complete and 0 interrupted iterations
cap_mixed   [  13% ] 0055/0256 VUs  04m02.8s/30m0s  2000.00 iters/s

running (04m03.8s), 0017/0256 VUs, 487518 complete and 0 interrupted iterations
cap_mixed   [  14% ] 0017/0256 VUs  04m03.8s/30m0s  2000.00 iters/s

running (04m04.8s), 0017/0256 VUs, 489517 complete and 0 interrupted iterations
cap_mixed   [  14% ] 0016/0256 VUs  04m04.8s/30m0s  2000.00 iters/s

running (04m05.8s), 0014/0256 VUs, 491520 complete and 0 interrupted iterations
cap_mixed   [  14% ] 0014/0256 VUs  04m05.8s/30m0s  2000.00 iters/s

running (04m06.8s), 0018/0256 VUs, 493516 complete and 0 interrupted iterations
cap_mixed   [  14% ] 0018/0256 VUs  04m06.8s/30m0s  2000.00 iters/s

running (04m07.8s), 0018/0256 VUs, 495516 complete and 0 interrupted iterations
cap_mixed   [  14% ] 0018/0256 VUs  04m07.8s/30m0s  2000.00 iters/s

running (04m08.8s), 0016/0256 VUs, 497518 complete and 0 interrupted iterations
cap_mixed   [  14% ] 0016/0256 VUs  04m08.8s/30m0s  2000.00 iters/s

running (04m09.8s), 0015/0256 VUs, 499520 complete and 0 interrupted iterations
cap_mixed   [  14% ] 0015/0256 VUs  04m09.8s/30m0s  2000.00 iters/s

running (04m10.8s), 0017/0256 VUs, 501518 complete and 0 interrupted iterations
cap_mixed   [  14% ] 0017/0256 VUs  04m10.8s/30m0s  2000.00 iters/s

running (04m11.8s), 0009/0256 VUs, 503525 complete and 0 interrupted iterations
cap_mixed   [  14% ] 0009/0256 VUs  04m11.8s/30m0s  2000.00 iters/s

running (04m12.8s), 0012/0256 VUs, 505523 complete and 0 interrupted iterations
cap_mixed   [  14% ] 0012/0256 VUs  04m12.8s/30m0s  2000.00 iters/s

running (04m13.8s), 0014/0256 VUs, 507521 complete and 0 interrupted iterations
cap_mixed   [  14% ] 0014/0256 VUs  04m13.8s/30m0s  2000.00 iters/s

running (04m14.8s), 0017/0256 VUs, 509517 complete and 0 interrupted iterations
cap_mixed   [  14% ] 0018/0256 VUs  04m14.8s/30m0s  2000.00 iters/s

running (04m15.8s), 0019/0256 VUs, 511516 complete and 0 interrupted iterations
cap_mixed   [  14% ] 0019/0256 VUs  04m15.8s/30m0s  2000.00 iters/s

running (04m16.8s), 0015/0256 VUs, 513520 complete and 0 interrupted iterations
cap_mixed   [  14% ] 0015/0256 VUs  04m16.8s/30m0s  2000.00 iters/s

running (04m17.8s), 0007/0256 VUs, 515527 complete and 0 interrupted iterations
cap_mixed   [  14% ] 0007/0256 VUs  04m17.8s/30m0s  2000.00 iters/s

running (04m18.8s), 0020/0256 VUs, 517515 complete and 0 interrupted iterations
cap_mixed   [  14% ] 0020/0256 VUs  04m18.8s/30m0s  2000.00 iters/s

running (04m19.8s), 0011/0256 VUs, 519523 complete and 0 interrupted iterations
cap_mixed   [  14% ] 0011/0256 VUs  04m19.8s/30m0s  2000.00 iters/s

running (04m20.8s), 0014/0256 VUs, 521521 complete and 0 interrupted iterations
cap_mixed   [  14% ] 0014/0256 VUs  04m20.8s/30m0s  2000.00 iters/s

running (04m21.8s), 0016/0256 VUs, 523519 complete and 0 interrupted iterations
cap_mixed   [  15% ] 0016/0256 VUs  04m21.8s/30m0s  2000.00 iters/s

running (04m22.8s), 0017/0256 VUs, 525518 complete and 0 interrupted iterations
cap_mixed   [  15% ] 0017/0256 VUs  04m22.8s/30m0s  2000.00 iters/s

running (04m23.8s), 0012/0256 VUs, 527522 complete and 0 interrupted iterations
cap_mixed   [  15% ] 0012/0256 VUs  04m23.8s/30m0s  2000.00 iters/s

running (04m24.8s), 0013/0256 VUs, 529522 complete and 0 interrupted iterations
cap_mixed   [  15% ] 0013/0256 VUs  04m24.8s/30m0s  2000.00 iters/s

running (04m25.8s), 0025/0256 VUs, 531509 complete and 0 interrupted iterations
cap_mixed   [  15% ] 0025/0256 VUs  04m25.8s/30m0s  2000.00 iters/s

running (04m26.8s), 0018/0256 VUs, 533516 complete and 0 interrupted iterations
cap_mixed   [  15% ] 0018/0256 VUs  04m26.8s/30m0s  2000.00 iters/s

running (04m27.8s), 0014/0256 VUs, 535521 complete and 0 interrupted iterations
cap_mixed   [  15% ] 0014/0256 VUs  04m27.8s/30m0s  2000.00 iters/s

running (04m28.8s), 0013/0256 VUs, 537521 complete and 0 interrupted iterations
cap_mixed   [  15% ] 0013/0256 VUs  04m28.8s/30m0s  2000.00 iters/s

running (04m29.8s), 0021/0256 VUs, 539513 complete and 0 interrupted iterations
cap_mixed   [  15% ] 0021/0256 VUs  04m29.8s/30m0s  2000.00 iters/s

running (04m30.8s), 0013/0256 VUs, 541521 complete and 0 interrupted iterations
cap_mixed   [  15% ] 0013/0256 VUs  04m30.8s/30m0s  2000.00 iters/s

running (04m31.8s), 0015/0256 VUs, 543519 complete and 0 interrupted iterations
cap_mixed   [  15% ] 0015/0256 VUs  04m31.8s/30m0s  2000.00 iters/s

running (04m32.8s), 0126/0257 VUs, 545387 complete and 0 interrupted iterations
cap_mixed   [  15% ] 0126/0257 VUs  04m32.8s/30m0s  2000.00 iters/s

running (04m33.8s), 0008/0257 VUs, 547506 complete and 0 interrupted iterations
cap_mixed   [  15% ] 0008/0257 VUs  04m33.8s/30m0s  2000.00 iters/s

running (04m34.8s), 0010/0257 VUs, 549504 complete and 0 interrupted iterations
cap_mixed   [  15% ] 0010/0257 VUs  04m34.8s/30m0s  2000.00 iters/s

running (04m35.8s), 0011/0257 VUs, 551502 complete and 0 interrupted iterations
cap_mixed   [  15% ] 0011/0257 VUs  04m35.8s/30m0s  2000.00 iters/s

running (04m36.8s), 0019/0257 VUs, 553494 complete and 0 interrupted iterations
cap_mixed   [  15% ] 0019/0257 VUs  04m36.8s/30m0s  2000.00 iters/s

running (04m37.8s), 0020/0257 VUs, 555493 complete and 0 interrupted iterations
cap_mixed   [  15% ] 0020/0257 VUs  04m37.8s/30m0s  2000.00 iters/s

running (04m38.8s), 0014/0257 VUs, 557499 complete and 0 interrupted iterations
cap_mixed   [  15% ] 0014/0257 VUs  04m38.8s/30m0s  2000.00 iters/s

running (04m39.8s), 0012/0257 VUs, 559502 complete and 0 interrupted iterations
cap_mixed   [  16% ] 0012/0257 VUs  04m39.8s/30m0s  2000.00 iters/s

running (04m40.8s), 0010/0257 VUs, 561503 complete and 0 interrupted iterations
cap_mixed   [  16% ] 0010/0257 VUs  04m40.8s/30m0s  2000.00 iters/s

running (04m41.8s), 0013/0257 VUs, 563500 complete and 0 interrupted iterations
cap_mixed   [  16% ] 0013/0257 VUs  04m41.8s/30m0s  2000.00 iters/s

running (04m42.8s), 0013/0257 VUs, 565500 complete and 0 interrupted iterations
cap_mixed   [  16% ] 0013/0257 VUs  04m42.8s/30m0s  2000.00 iters/s

running (04m43.8s), 0028/0257 VUs, 567486 complete and 0 interrupted iterations
cap_mixed   [  16% ] 0028/0257 VUs  04m43.8s/30m0s  2000.00 iters/s

running (04m44.8s), 0030/0257 VUs, 569482 complete and 0 interrupted iterations
cap_mixed   [  16% ] 0031/0257 VUs  04m44.8s/30m0s  2000.00 iters/s

running (04m45.8s), 0049/0257 VUs, 571465 complete and 0 interrupted iterations
cap_mixed   [  16% ] 0049/0257 VUs  04m45.8s/30m0s  2000.00 iters/s

running (04m46.8s), 0014/0257 VUs, 573500 complete and 0 interrupted iterations
cap_mixed   [  16% ] 0014/0257 VUs  04m46.8s/30m0s  2000.00 iters/s

running (04m47.8s), 0012/0257 VUs, 575501 complete and 0 interrupted iterations
cap_mixed   [  16% ] 0012/0257 VUs  04m47.8s/30m0s  2000.00 iters/s

running (04m48.8s), 0023/0257 VUs, 577490 complete and 0 interrupted iterations
cap_mixed   [  16% ] 0023/0257 VUs  04m48.8s/30m0s  2000.00 iters/s

running (04m49.8s), 0015/0257 VUs, 579498 complete and 0 interrupted iterations
cap_mixed   [  16% ] 0015/0257 VUs  04m49.8s/30m0s  2000.00 iters/s

running (04m50.8s), 0010/0257 VUs, 581504 complete and 0 interrupted iterations
cap_mixed   [  16% ] 0010/0257 VUs  04m50.8s/30m0s  2000.00 iters/s

running (04m51.8s), 0015/0257 VUs, 583499 complete and 0 interrupted iterations
cap_mixed   [  16% ] 0015/0257 VUs  04m51.8s/30m0s  2000.00 iters/s

running (04m52.8s), 0010/0257 VUs, 585503 complete and 0 interrupted iterations
cap_mixed   [  16% ] 0010/0257 VUs  04m52.8s/30m0s  2000.00 iters/s

running (04m53.8s), 0014/0257 VUs, 587500 complete and 0 interrupted iterations
cap_mixed   [  16% ] 0014/0257 VUs  04m53.8s/30m0s  2000.00 iters/s

running (04m54.8s), 0011/0257 VUs, 589502 complete and 0 interrupted iterations
cap_mixed   [  16% ] 0011/0257 VUs  04m54.8s/30m0s  2000.00 iters/s

running (04m55.8s), 0017/0257 VUs, 591496 complete and 0 interrupted iterations
cap_mixed   [  16% ] 0017/0257 VUs  04m55.8s/30m0s  2000.00 iters/s

running (04m56.8s), 0012/0257 VUs, 593501 complete and 0 interrupted iterations
cap_mixed   [  16% ] 0012/0257 VUs  04m56.8s/30m0s  2000.00 iters/s

running (04m57.8s), 0012/0257 VUs, 595502 complete and 0 interrupted iterations
cap_mixed   [  17% ] 0012/0257 VUs  04m57.8s/30m0s  2000.00 iters/s

running (04m58.8s), 0015/0257 VUs, 597499 complete and 0 interrupted iterations
cap_mixed   [  17% ] 0015/0257 VUs  04m58.8s/30m0s  2000.00 iters/s

running (04m59.8s), 0011/0257 VUs, 599503 complete and 0 interrupted iterations
cap_mixed   [  17% ] 0011/0257 VUs  04m59.8s/30m0s  2000.00 iters/s

running (05m00.8s), 0018/0257 VUs, 601495 complete and 0 interrupted iterations
cap_mixed   [  17% ] 0018/0257 VUs  05m00.8s/30m0s  2000.00 iters/s

running (05m01.8s), 0015/0257 VUs, 603499 complete and 0 interrupted iterations
cap_mixed   [  17% ] 0015/0257 VUs  05m01.8s/30m0s  2000.00 iters/s

running (05m02.8s), 0010/0257 VUs, 605504 complete and 0 interrupted iterations
cap_mixed   [  17% ] 0010/0257 VUs  05m02.8s/30m0s  2000.00 iters/s

running (05m03.8s), 0011/0257 VUs, 607502 complete and 0 interrupted iterations
cap_mixed   [  17% ] 0011/0257 VUs  05m03.8s/30m0s  2000.00 iters/s

running (05m04.8s), 0019/0257 VUs, 609494 complete and 0 interrupted iterations
cap_mixed   [  17% ] 0019/0257 VUs  05m04.8s/30m0s  2000.00 iters/s

running (05m05.8s), 0024/0257 VUs, 611489 complete and 0 interrupted iterations
cap_mixed   [  17% ] 0024/0257 VUs  05m05.8s/30m0s  2000.00 iters/s

running (05m06.8s), 0014/0257 VUs, 613499 complete and 0 interrupted iterations
cap_mixed   [  17% ] 0014/0257 VUs  05m06.8s/30m0s  2000.00 iters/s

running (05m07.8s), 0014/0257 VUs, 615499 complete and 0 interrupted iterations
cap_mixed   [  17% ] 0014/0257 VUs  05m07.8s/30m0s  2000.00 iters/s

running (05m08.8s), 0011/0257 VUs, 617502 complete and 0 interrupted iterations
cap_mixed   [  17% ] 0011/0257 VUs  05m08.8s/30m0s  2000.00 iters/s

running (05m09.8s), 0012/0257 VUs, 619501 complete and 0 interrupted iterations
cap_mixed   [  17% ] 0012/0257 VUs  05m09.8s/30m0s  2000.00 iters/s

running (05m10.8s), 0013/0257 VUs, 621500 complete and 0 interrupted iterations
cap_mixed   [  17% ] 0013/0257 VUs  05m10.8s/30m0s  2000.00 iters/s

running (05m11.8s), 0015/0257 VUs, 623499 complete and 0 interrupted iterations
cap_mixed   [  17% ] 0015/0257 VUs  05m11.8s/30m0s  2000.00 iters/s

running (05m12.8s), 0018/0257 VUs, 625495 complete and 0 interrupted iterations
cap_mixed   [  17% ] 0018/0257 VUs  05m12.8s/30m0s  2000.00 iters/s

running (05m13.8s), 0015/0257 VUs, 627498 complete and 0 interrupted iterations
cap_mixed   [  17% ] 0016/0257 VUs  05m13.8s/30m0s  2000.00 iters/s

running (05m14.8s), 0007/0257 VUs, 629508 complete and 0 interrupted iterations
cap_mixed   [  17% ] 0007/0257 VUs  05m14.8s/30m0s  2000.00 iters/s

running (05m15.8s), 0012/0257 VUs, 631501 complete and 0 interrupted iterations
cap_mixed   [  18% ] 0012/0257 VUs  05m15.8s/30m0s  2000.00 iters/s

running (05m16.8s), 0020/0257 VUs, 633493 complete and 0 interrupted iterations
cap_mixed   [  18% ] 0020/0257 VUs  05m16.8s/30m0s  2000.00 iters/s

running (05m17.8s), 0011/0257 VUs, 635503 complete and 0 interrupted iterations
cap_mixed   [  18% ] 0011/0257 VUs  05m17.8s/30m0s  2000.00 iters/s

running (05m18.8s), 0015/0257 VUs, 637499 complete and 0 interrupted iterations
cap_mixed   [  18% ] 0015/0257 VUs  05m18.8s/30m0s  2000.00 iters/s

running (05m19.8s), 0012/0257 VUs, 639501 complete and 0 interrupted iterations
cap_mixed   [  18% ] 0012/0257 VUs  05m19.8s/30m0s  2000.00 iters/s

running (05m20.8s), 0008/0257 VUs, 641505 complete and 0 interrupted iterations
cap_mixed   [  18% ] 0008/0257 VUs  05m20.8s/30m0s  2000.00 iters/s

running (05m21.8s), 0012/0257 VUs, 643501 complete and 0 interrupted iterations
cap_mixed   [  18% ] 0012/0257 VUs  05m21.8s/30m0s  2000.00 iters/s

running (05m22.8s), 0012/0257 VUs, 645501 complete and 0 interrupted iterations
cap_mixed   [  18% ] 0012/0257 VUs  05m22.8s/30m0s  2000.00 iters/s

running (05m23.8s), 0039/0257 VUs, 647475 complete and 0 interrupted iterations
cap_mixed   [  18% ] 0039/0257 VUs  05m23.8s/30m0s  2000.00 iters/s

running (05m24.8s), 0014/0257 VUs, 649499 complete and 0 interrupted iterations
cap_mixed   [  18% ] 0014/0257 VUs  05m24.8s/30m0s  2000.00 iters/s

running (05m25.8s), 0009/0257 VUs, 651505 complete and 0 interrupted iterations
cap_mixed   [  18% ] 0009/0257 VUs  05m25.8s/30m0s  2000.00 iters/s

running (05m26.8s), 0012/0257 VUs, 653502 complete and 0 interrupted iterations
cap_mixed   [  18% ] 0012/0257 VUs  05m26.8s/30m0s  2000.00 iters/s

running (05m27.8s), 0012/0257 VUs, 655501 complete and 0 interrupted iterations
cap_mixed   [  18% ] 0012/0257 VUs  05m27.8s/30m0s  2000.00 iters/s

running (05m28.8s), 0025/0257 VUs, 657488 complete and 0 interrupted iterations
cap_mixed   [  18% ] 0025/0257 VUs  05m28.8s/30m0s  2000.00 iters/s

running (05m29.8s), 0007/0257 VUs, 659506 complete and 0 interrupted iterations
cap_mixed   [  18% ] 0007/0257 VUs  05m29.8s/30m0s  2000.00 iters/s

running (05m30.8s), 0015/0257 VUs, 661498 complete and 0 interrupted iterations
cap_mixed   [  18% ] 0015/0257 VUs  05m30.8s/30m0s  2000.00 iters/s

running (05m31.8s), 0015/0257 VUs, 663498 complete and 0 interrupted iterations
cap_mixed   [  18% ] 0015/0257 VUs  05m31.8s/30m0s  2000.00 iters/s

running (05m32.8s), 0014/0257 VUs, 665499 complete and 0 interrupted iterations
cap_mixed   [  18% ] 0014/0257 VUs  05m32.8s/30m0s  2000.00 iters/s

running (05m33.8s), 0018/0257 VUs, 667495 complete and 0 interrupted iterations
cap_mixed   [  19% ] 0018/0257 VUs  05m33.8s/30m0s  2000.00 iters/s

running (05m34.8s), 0011/0257 VUs, 669502 complete and 0 interrupted iterations
cap_mixed   [  19% ] 0011/0257 VUs  05m34.8s/30m0s  2000.00 iters/s

running (05m35.8s), 0013/0257 VUs, 671500 complete and 0 interrupted iterations
cap_mixed   [  19% ] 0013/0257 VUs  05m35.8s/30m0s  2000.00 iters/s

running (05m36.8s), 0015/0257 VUs, 673498 complete and 0 interrupted iterations
cap_mixed   [  19% ] 0015/0257 VUs  05m36.8s/30m0s  2000.00 iters/s

running (05m37.8s), 0012/0257 VUs, 675501 complete and 0 interrupted iterations
cap_mixed   [  19% ] 0012/0257 VUs  05m37.8s/30m0s  2000.00 iters/s

running (05m38.8s), 0011/0257 VUs, 677502 complete and 0 interrupted iterations
cap_mixed   [  19% ] 0011/0257 VUs  05m38.8s/30m0s  2000.00 iters/s

running (05m39.8s), 0014/0257 VUs, 679499 complete and 0 interrupted iterations
cap_mixed   [  19% ] 0014/0257 VUs  05m39.8s/30m0s  2000.00 iters/s

running (05m40.8s), 0011/0257 VUs, 681502 complete and 0 interrupted iterations
cap_mixed   [  19% ] 0011/0257 VUs  05m40.8s/30m0s  2000.00 iters/s

running (05m41.8s), 0010/0257 VUs, 683502 complete and 0 interrupted iterations
cap_mixed   [  19% ] 0010/0257 VUs  05m41.8s/30m0s  2000.00 iters/s

running (05m42.8s), 0017/0257 VUs, 685497 complete and 0 interrupted iterations
cap_mixed   [  19% ] 0017/0257 VUs  05m42.8s/30m0s  2000.00 iters/s

running (05m43.8s), 0019/0257 VUs, 687494 complete and 0 interrupted iterations
cap_mixed   [  19% ] 0019/0257 VUs  05m43.8s/30m0s  2000.00 iters/s

running (05m44.8s), 0009/0257 VUs, 689505 complete and 0 interrupted iterations
cap_mixed   [  19% ] 0009/0257 VUs  05m44.8s/30m0s  2000.00 iters/s

running (05m45.8s), 0014/0257 VUs, 691500 complete and 0 interrupted iterations
cap_mixed   [  19% ] 0014/0257 VUs  05m45.8s/30m0s  2000.00 iters/s

running (05m46.8s), 0011/0257 VUs, 693502 complete and 0 interrupted iterations
cap_mixed   [  19% ] 0011/0257 VUs  05m46.8s/30m0s  2000.00 iters/s

running (05m47.8s), 0012/0257 VUs, 695501 complete and 0 interrupted iterations
cap_mixed   [  19% ] 0012/0257 VUs  05m47.8s/30m0s  2000.00 iters/s

running (05m48.8s), 0008/0257 VUs, 697505 complete and 0 interrupted iterations
cap_mixed   [  19% ] 0008/0257 VUs  05m48.8s/30m0s  2000.00 iters/s

running (05m49.8s), 0013/0257 VUs, 699500 complete and 0 interrupted iterations
cap_mixed   [  19% ] 0013/0257 VUs  05m49.8s/30m0s  2000.00 iters/s

running (05m50.8s), 0012/0257 VUs, 701501 complete and 0 interrupted iterations
cap_mixed   [  19% ] 0012/0257 VUs  05m50.8s/30m0s  2000.00 iters/s

running (05m51.8s), 0013/0257 VUs, 703501 complete and 0 interrupted iterations
cap_mixed   [  20% ] 0013/0257 VUs  05m51.8s/30m0s  2000.00 iters/s

running (05m52.8s), 0013/0257 VUs, 705501 complete and 0 interrupted iterations
cap_mixed   [  20% ] 0013/0257 VUs  05m52.8s/30m0s  2000.00 iters/s

running (05m53.8s), 0007/0257 VUs, 707506 complete and 0 interrupted iterations
cap_mixed   [  20% ] 0007/0257 VUs  05m53.8s/30m0s  2000.00 iters/s

running (05m54.8s), 0013/0257 VUs, 709500 complete and 0 interrupted iterations
cap_mixed   [  20% ] 0013/0257 VUs  05m54.8s/30m0s  2000.00 iters/s

running (05m55.8s), 0013/0257 VUs, 711501 complete and 0 interrupted iterations
cap_mixed   [  20% ] 0013/0257 VUs  05m55.8s/30m0s  2000.00 iters/s

running (05m56.8s), 0011/0257 VUs, 713502 complete and 0 interrupted iterations
cap_mixed   [  20% ] 0011/0257 VUs  05m56.8s/30m0s  2000.00 iters/s

running (05m57.8s), 0025/0257 VUs, 715489 complete and 0 interrupted iterations
cap_mixed   [  20% ] 0024/0257 VUs  05m57.8s/30m0s  2000.00 iters/s

running (05m58.8s), 0019/0257 VUs, 717494 complete and 0 interrupted iterations
cap_mixed   [  20% ] 0019/0257 VUs  05m58.8s/30m0s  2000.00 iters/s

running (05m59.8s), 0006/0257 VUs, 719507 complete and 0 interrupted iterations
cap_mixed   [  20% ] 0007/0257 VUs  05m59.8s/30m0s  2000.00 iters/s

running (06m00.8s), 0027/0257 VUs, 721486 complete and 0 interrupted iterations
cap_mixed   [  20% ] 0027/0257 VUs  06m00.8s/30m0s  2000.00 iters/s

running (06m01.8s), 0011/0257 VUs, 723502 complete and 0 interrupted iterations
cap_mixed   [  20% ] 0011/0257 VUs  06m01.8s/30m0s  2000.00 iters/s

running (06m02.8s), 0017/0257 VUs, 725497 complete and 0 interrupted iterations
cap_mixed   [  20% ] 0017/0257 VUs  06m02.8s/30m0s  2000.00 iters/s

running (06m03.8s), 0008/0257 VUs, 727505 complete and 0 interrupted iterations
cap_mixed   [  20% ] 0008/0257 VUs  06m03.8s/30m0s  2000.00 iters/s

running (06m04.8s), 0012/0257 VUs, 729501 complete and 0 interrupted iterations
cap_mixed   [  20% ] 0012/0257 VUs  06m04.8s/30m0s  2000.00 iters/s

running (06m05.8s), 0010/0257 VUs, 731503 complete and 0 interrupted iterations
cap_mixed   [  20% ] 0010/0257 VUs  06m05.8s/30m0s  2000.00 iters/s

running (06m06.8s), 0019/0257 VUs, 733494 complete and 0 interrupted iterations
cap_mixed   [  20% ] 0019/0257 VUs  06m06.8s/30m0s  2000.00 iters/s

running (06m07.8s), 0011/0257 VUs, 735501 complete and 0 interrupted iterations
cap_mixed   [  20% ] 0011/0257 VUs  06m07.8s/30m0s  2000.00 iters/s

running (06m08.8s), 0043/0257 VUs, 737471 complete and 0 interrupted iterations
cap_mixed   [  20% ] 0043/0257 VUs  06m08.8s/30m0s  2000.00 iters/s

running (06m09.8s), 0010/0257 VUs, 739504 complete and 0 interrupted iterations
cap_mixed   [  21% ] 0010/0257 VUs  06m09.8s/30m0s  2000.00 iters/s

running (06m10.8s), 0011/0257 VUs, 741503 complete and 0 interrupted iterations
cap_mixed   [  21% ] 0011/0257 VUs  06m10.8s/30m0s  2000.00 iters/s

running (06m11.8s), 0010/0257 VUs, 743504 complete and 0 interrupted iterations
cap_mixed   [  21% ] 0010/0257 VUs  06m11.8s/30m0s  2000.00 iters/s

running (06m12.8s), 0010/0257 VUs, 745504 complete and 0 interrupted iterations
cap_mixed   [  21% ] 0010/0257 VUs  06m12.8s/30m0s  2000.00 iters/s

running (06m13.8s), 0011/0257 VUs, 747502 complete and 0 interrupted iterations
cap_mixed   [  21% ] 0011/0257 VUs  06m13.8s/30m0s  2000.00 iters/s

running (06m14.8s), 0016/0257 VUs, 749497 complete and 0 interrupted iterations
cap_mixed   [  21% ] 0016/0257 VUs  06m14.8s/30m0s  2000.00 iters/s

running (06m15.8s), 0015/0257 VUs, 751499 complete and 0 interrupted iterations
cap_mixed   [  21% ] 0015/0257 VUs  06m15.8s/30m0s  2000.00 iters/s

running (06m16.8s), 0020/0257 VUs, 753493 complete and 0 interrupted iterations
cap_mixed   [  21% ] 0020/0257 VUs  06m16.8s/30m0s  2000.00 iters/s

running (06m17.8s), 0012/0257 VUs, 755502 complete and 0 interrupted iterations
cap_mixed   [  21% ] 0012/0257 VUs  06m17.8s/30m0s  2000.00 iters/s

running (06m18.8s), 0009/0257 VUs, 757504 complete and 0 interrupted iterations
cap_mixed   [  21% ] 0009/0257 VUs  06m18.8s/30m0s  2000.00 iters/s

running (06m19.8s), 0009/0257 VUs, 759504 complete and 0 interrupted iterations
cap_mixed   [  21% ] 0009/0257 VUs  06m19.8s/30m0s  2000.00 iters/s

running (06m20.8s), 0014/0257 VUs, 761500 complete and 0 interrupted iterations
cap_mixed   [  21% ] 0014/0257 VUs  06m20.8s/30m0s  2000.00 iters/s

running (06m21.8s), 0012/0257 VUs, 763502 complete and 0 interrupted iterations
cap_mixed   [  21% ] 0011/0257 VUs  06m21.8s/30m0s  2000.00 iters/s

running (06m22.8s), 0011/0257 VUs, 765502 complete and 0 interrupted iterations
cap_mixed   [  21% ] 0011/0257 VUs  06m22.8s/30m0s  2000.00 iters/s

running (06m23.8s), 0015/0257 VUs, 767498 complete and 0 interrupted iterations
cap_mixed   [  21% ] 0015/0257 VUs  06m23.8s/30m0s  2000.00 iters/s

running (06m24.8s), 0026/0257 VUs, 769486 complete and 0 interrupted iterations
cap_mixed   [  21% ] 0026/0257 VUs  06m24.8s/30m0s  2000.00 iters/s

running (06m25.8s), 0006/0257 VUs, 771508 complete and 0 interrupted iterations
cap_mixed   [  21% ] 0006/0257 VUs  06m25.8s/30m0s  2000.00 iters/s

running (06m26.8s), 0010/0257 VUs, 773503 complete and 0 interrupted iterations
cap_mixed   [  21% ] 0010/0257 VUs  06m26.8s/30m0s  2000.00 iters/s

running (06m27.8s), 0009/0257 VUs, 775504 complete and 0 interrupted iterations
cap_mixed   [  22% ] 0009/0257 VUs  06m27.8s/30m0s  2000.00 iters/s

running (06m28.8s), 0010/0257 VUs, 777503 complete and 0 interrupted iterations
cap_mixed   [  22% ] 0010/0257 VUs  06m28.8s/30m0s  2000.00 iters/s

running (06m29.8s), 0014/0257 VUs, 779500 complete and 0 interrupted iterations
cap_mixed   [  22% ] 0014/0257 VUs  06m29.8s/30m0s  2000.00 iters/s

running (06m30.8s), 0010/0257 VUs, 781503 complete and 0 interrupted iterations
cap_mixed   [  22% ] 0010/0257 VUs  06m30.8s/30m0s  2000.00 iters/s

running (06m31.8s), 0016/0257 VUs, 783497 complete and 0 interrupted iterations
cap_mixed   [  22% ] 0016/0257 VUs  06m31.8s/30m0s  2000.00 iters/s

running (06m32.8s), 0013/0257 VUs, 785500 complete and 0 interrupted iterations
cap_mixed   [  22% ] 0013/0257 VUs  06m32.8s/30m0s  2000.00 iters/s

running (06m33.8s), 0018/0257 VUs, 787496 complete and 0 interrupted iterations
cap_mixed   [  22% ] 0018/0257 VUs  06m33.8s/30m0s  2000.00 iters/s

running (06m34.8s), 0014/0257 VUs, 789499 complete and 0 interrupted iterations
cap_mixed   [  22% ] 0014/0257 VUs  06m34.8s/30m0s  2000.00 iters/s

running (06m35.8s), 0012/0257 VUs, 791502 complete and 0 interrupted iterations
cap_mixed   [  22% ] 0012/0257 VUs  06m35.8s/30m0s  2000.00 iters/s

running (06m36.8s), 0016/0257 VUs, 793497 complete and 0 interrupted iterations
cap_mixed   [  22% ] 0016/0257 VUs  06m36.8s/30m0s  2000.00 iters/s

running (06m37.8s), 0010/0257 VUs, 795504 complete and 0 interrupted iterations
cap_mixed   [  22% ] 0010/0257 VUs  06m37.8s/30m0s  2000.00 iters/s

running (06m38.8s), 0015/0257 VUs, 797499 complete and 0 interrupted iterations
cap_mixed   [  22% ] 0015/0257 VUs  06m38.8s/30m0s  2000.00 iters/s

running (06m39.8s), 0014/0257 VUs, 799500 complete and 0 interrupted iterations
cap_mixed   [  22% ] 0014/0257 VUs  06m39.8s/30m0s  2000.00 iters/s

running (06m40.8s), 0010/0257 VUs, 801504 complete and 0 interrupted iterations
cap_mixed   [  22% ] 0010/0257 VUs  06m40.8s/30m0s  2000.00 iters/s

running (06m41.8s), 0008/0257 VUs, 803505 complete and 0 interrupted iterations
cap_mixed   [  22% ] 0008/0257 VUs  06m41.8s/30m0s  2000.00 iters/s

running (06m42.8s), 0022/0257 VUs, 805492 complete and 0 interrupted iterations
cap_mixed   [  22% ] 0022/0257 VUs  06m42.8s/30m0s  2000.00 iters/s

running (06m43.8s), 0018/0257 VUs, 807495 complete and 0 interrupted iterations
cap_mixed   [  22% ] 0018/0257 VUs  06m43.8s/30m0s  2000.00 iters/s

running (06m44.8s), 0010/0257 VUs, 809503 complete and 0 interrupted iterations
cap_mixed   [  22% ] 0010/0257 VUs  06m44.8s/30m0s  2000.00 iters/s

running (06m45.8s), 0014/0257 VUs, 811500 complete and 0 interrupted iterations
cap_mixed   [  23% ] 0014/0257 VUs  06m45.8s/30m0s  2000.00 iters/s

running (06m46.8s), 0012/0257 VUs, 813501 complete and 0 interrupted iterations
cap_mixed   [  23% ] 0012/0257 VUs  06m46.8s/30m0s  2000.00 iters/s

running (06m47.8s), 0012/0257 VUs, 815502 complete and 0 interrupted iterations
cap_mixed   [  23% ] 0012/0257 VUs  06m47.8s/30m0s  2000.00 iters/s

running (06m48.8s), 0013/0257 VUs, 817502 complete and 0 interrupted iterations
cap_mixed   [  23% ] 0013/0257 VUs  06m48.8s/30m0s  2000.00 iters/s

running (06m49.8s), 0010/0257 VUs, 819503 complete and 0 interrupted iterations
cap_mixed   [  23% ] 0010/0257 VUs  06m49.8s/30m0s  2000.00 iters/s

running (06m50.8s), 0013/0257 VUs, 821500 complete and 0 interrupted iterations
cap_mixed   [  23% ] 0013/0257 VUs  06m50.8s/30m0s  2000.00 iters/s

running (06m51.8s), 0013/0257 VUs, 823500 complete and 0 interrupted iterations
cap_mixed   [  23% ] 0013/0257 VUs  06m51.8s/30m0s  2000.00 iters/s

running (06m52.8s), 0015/0257 VUs, 825498 complete and 0 interrupted iterations
cap_mixed   [  23% ] 0015/0257 VUs  06m52.8s/30m0s  2000.00 iters/s

running (06m53.8s), 0012/0257 VUs, 827502 complete and 0 interrupted iterations
cap_mixed   [  23% ] 0012/0257 VUs  06m53.8s/30m0s  2000.00 iters/s

running (06m54.8s), 0012/0257 VUs, 829502 complete and 0 interrupted iterations
cap_mixed   [  23% ] 0012/0257 VUs  06m54.8s/30m0s  2000.00 iters/s

running (06m55.8s), 0019/0257 VUs, 831494 complete and 0 interrupted iterations
cap_mixed   [  23% ] 0020/0257 VUs  06m55.8s/30m0s  2000.00 iters/s

running (06m56.8s), 0023/0257 VUs, 833496 complete and 0 interrupted iterations
cap_mixed   [  23% ] 0023/0257 VUs  06m56.8s/30m0s  2000.00 iters/s

running (06m57.8s), 0012/0257 VUs, 835501 complete and 0 interrupted iterations
cap_mixed   [  23% ] 0012/0257 VUs  06m57.8s/30m0s  2000.00 iters/s

running (06m58.8s), 0011/0257 VUs, 837501 complete and 0 interrupted iterations
cap_mixed   [  23% ] 0011/0257 VUs  06m58.8s/30m0s  2000.00 iters/s

running (06m59.8s), 0019/0257 VUs, 839495 complete and 0 interrupted iterations
cap_mixed   [  23% ] 0019/0257 VUs  06m59.8s/30m0s  2000.00 iters/s

running (07m00.8s), 0016/0257 VUs, 841497 complete and 0 interrupted iterations
cap_mixed   [  23% ] 0016/0257 VUs  07m00.8s/30m0s  2000.00 iters/s

running (07m01.8s), 0022/0257 VUs, 843492 complete and 0 interrupted iterations
cap_mixed   [  23% ] 0022/0257 VUs  07m01.8s/30m0s  2000.00 iters/s

running (07m02.8s), 0009/0257 VUs, 845504 complete and 0 interrupted iterations
cap_mixed   [  23% ] 0009/0257 VUs  07m02.8s/30m0s  2000.00 iters/s

running (07m03.8s), 0009/0257 VUs, 847504 complete and 0 interrupted iterations
cap_mixed   [  24% ] 0009/0257 VUs  07m03.8s/30m0s  2000.00 iters/s

running (07m04.8s), 0014/0257 VUs, 849500 complete and 0 interrupted iterations
cap_mixed   [  24% ] 0014/0257 VUs  07m04.8s/30m0s  2000.00 iters/s

running (07m05.8s), 0013/0257 VUs, 851501 complete and 0 interrupted iterations
cap_mixed   [  24% ] 0013/0257 VUs  07m05.8s/30m0s  2000.00 iters/s

running (07m06.8s), 0011/0257 VUs, 853502 complete and 0 interrupted iterations
cap_mixed   [  24% ] 0011/0257 VUs  07m06.8s/30m0s  2000.00 iters/s

running (07m07.8s), 0012/0257 VUs, 855501 complete and 0 interrupted iterations
cap_mixed   [  24% ] 0013/0257 VUs  07m07.8s/30m0s  2000.00 iters/s

running (07m08.8s), 0009/0257 VUs, 857504 complete and 0 interrupted iterations
cap_mixed   [  24% ] 0009/0257 VUs  07m08.8s/30m0s  2000.00 iters/s

running (07m09.8s), 0014/0257 VUs, 859499 complete and 0 interrupted iterations
cap_mixed   [  24% ] 0015/0257 VUs  07m09.8s/30m0s  2000.00 iters/s

running (07m10.8s), 0015/0257 VUs, 861498 complete and 0 interrupted iterations
cap_mixed   [  24% ] 0015/0257 VUs  07m10.8s/30m0s  2000.00 iters/s

running (07m11.8s), 0038/0257 VUs, 863475 complete and 0 interrupted iterations
cap_mixed   [  24% ] 0039/0257 VUs  07m11.8s/30m0s  2000.00 iters/s

running (07m12.8s), 0012/0257 VUs, 865502 complete and 0 interrupted iterations
cap_mixed   [  24% ] 0012/0257 VUs  07m12.8s/30m0s  2000.00 iters/s

running (07m13.8s), 0016/0257 VUs, 867497 complete and 0 interrupted iterations
cap_mixed   [  24% ] 0016/0257 VUs  07m13.8s/30m0s  2000.00 iters/s

running (07m14.8s), 0016/0257 VUs, 869497 complete and 0 interrupted iterations
cap_mixed   [  24% ] 0016/0257 VUs  07m14.8s/30m0s  2000.00 iters/s

running (07m15.8s), 0012/0257 VUs, 871501 complete and 0 interrupted iterations
cap_mixed   [  24% ] 0012/0257 VUs  07m15.8s/30m0s  2000.00 iters/s

running (07m16.8s), 0013/0257 VUs, 873500 complete and 0 interrupted iterations
cap_mixed   [  24% ] 0013/0257 VUs  07m16.8s/30m0s  2000.00 iters/s

running (07m17.8s), 0011/0257 VUs, 875501 complete and 0 interrupted iterations
cap_mixed   [  24% ] 0011/0257 VUs  07m17.8s/30m0s  2000.00 iters/s

running (07m18.8s), 0015/0257 VUs, 877500 complete and 0 interrupted iterations
cap_mixed   [  24% ] 0015/0257 VUs  07m18.8s/30m0s  2000.00 iters/s

running (07m19.8s), 0012/0257 VUs, 879501 complete and 0 interrupted iterations
cap_mixed   [  24% ] 0012/0257 VUs  07m19.8s/30m0s  2000.00 iters/s

running (07m20.8s), 0013/0257 VUs, 881500 complete and 0 interrupted iterations
cap_mixed   [  24% ] 0013/0257 VUs  07m20.8s/30m0s  2000.00 iters/s

running (07m21.8s), 0015/0257 VUs, 883499 complete and 0 interrupted iterations
cap_mixed   [  25% ] 0014/0257 VUs  07m21.8s/30m0s  2000.00 iters/s

running (07m22.8s), 0014/0257 VUs, 885500 complete and 0 interrupted iterations
cap_mixed   [  25% ] 0014/0257 VUs  07m22.8s/30m0s  2000.00 iters/s

running (07m23.8s), 0013/0257 VUs, 887501 complete and 0 interrupted iterations
cap_mixed   [  25% ] 0013/0257 VUs  07m23.8s/30m0s  2000.00 iters/s

running (07m24.8s), 0011/0257 VUs, 889502 complete and 0 interrupted iterations
cap_mixed   [  25% ] 0011/0257 VUs  07m24.8s/30m0s  2000.00 iters/s

running (07m25.8s), 0011/0257 VUs, 891503 complete and 0 interrupted iterations
cap_mixed   [  25% ] 0011/0257 VUs  07m25.8s/30m0s  2000.00 iters/s

running (07m26.8s), 0022/0257 VUs, 893491 complete and 0 interrupted iterations
cap_mixed   [  25% ] 0022/0257 VUs  07m26.8s/30m0s  2000.00 iters/s

running (07m27.8s), 0012/0257 VUs, 895500 complete and 0 interrupted iterations
cap_mixed   [  25% ] 0012/0257 VUs  07m27.8s/30m0s  2000.00 iters/s

running (07m28.8s), 0010/0257 VUs, 897503 complete and 0 interrupted iterations
cap_mixed   [  25% ] 0010/0257 VUs  07m28.8s/30m0s  2000.00 iters/s

running (07m29.8s), 0013/0257 VUs, 899500 complete and 0 interrupted iterations
cap_mixed   [  25% ] 0013/0257 VUs  07m29.8s/30m0s  2000.00 iters/s

running (07m30.8s), 0012/0257 VUs, 901501 complete and 0 interrupted iterations
cap_mixed   [  25% ] 0011/0257 VUs  07m30.8s/30m0s  2000.00 iters/s

running (07m31.8s), 0011/0257 VUs, 903503 complete and 0 interrupted iterations
cap_mixed   [  25% ] 0011/0257 VUs  07m31.8s/30m0s  2000.00 iters/s

running (07m32.8s), 0017/0257 VUs, 905496 complete and 0 interrupted iterations
cap_mixed   [  25% ] 0017/0257 VUs  07m32.8s/30m0s  2000.00 iters/s

running (07m33.8s), 0012/0257 VUs, 907501 complete and 0 interrupted iterations
cap_mixed   [  25% ] 0012/0257 VUs  07m33.8s/30m0s  2000.00 iters/s

running (07m34.8s), 0018/0257 VUs, 909495 complete and 0 interrupted iterations
cap_mixed   [  25% ] 0018/0257 VUs  07m34.8s/30m0s  2000.00 iters/s

running (07m35.8s), 0015/0257 VUs, 911498 complete and 0 interrupted iterations
cap_mixed   [  25% ] 0015/0257 VUs  07m35.8s/30m0s  2000.00 iters/s

running (07m36.8s), 0024/0257 VUs, 913490 complete and 0 interrupted iterations
cap_mixed   [  25% ] 0024/0257 VUs  07m36.8s/30m0s  2000.00 iters/s

running (07m37.8s), 0014/0257 VUs, 915499 complete and 0 interrupted iterations
cap_mixed   [  25% ] 0014/0257 VUs  07m37.8s/30m0s  2000.00 iters/s

running (07m38.8s), 0012/0257 VUs, 917501 complete and 0 interrupted iterations
cap_mixed   [  25% ] 0013/0257 VUs  07m38.8s/30m0s  2000.00 iters/s

running (07m39.8s), 0015/0257 VUs, 919499 complete and 0 interrupted iterations
cap_mixed   [  26% ] 0015/0257 VUs  07m39.8s/30m0s  2000.00 iters/s

running (07m40.8s), 0009/0257 VUs, 921504 complete and 0 interrupted iterations
cap_mixed   [  26% ] 0010/0257 VUs  07m40.8s/30m0s  2000.00 iters/s

running (07m41.8s), 0012/0257 VUs, 923503 complete and 0 interrupted iterations
cap_mixed   [  26% ] 0012/0257 VUs  07m41.8s/30m0s  2000.00 iters/s

running (07m42.8s), 0012/0260 VUs, 925463 complete and 0 interrupted iterations
cap_mixed   [  26% ] 0012/0260 VUs  07m42.8s/30m0s  2000.00 iters/s

running (07m43.8s), 0009/0260 VUs, 927466 complete and 0 interrupted iterations
cap_mixed   [  26% ] 0009/0260 VUs  07m43.8s/30m0s  2000.00 iters/s

running (07m44.8s), 0016/0260 VUs, 929459 complete and 0 interrupted iterations
cap_mixed   [  26% ] 0016/0260 VUs  07m44.8s/30m0s  2000.00 iters/s

running (07m45.8s), 0014/0260 VUs, 931462 complete and 0 interrupted iterations
cap_mixed   [  26% ] 0014/0260 VUs  07m45.8s/30m0s  2000.00 iters/s

running (07m46.8s), 0014/0260 VUs, 933463 complete and 0 interrupted iterations
cap_mixed   [  26% ] 0014/0260 VUs  07m46.8s/30m0s  2000.00 iters/s

running (07m47.8s), 0020/0260 VUs, 935456 complete and 0 interrupted iterations
cap_mixed   [  26% ] 0020/0260 VUs  07m47.8s/30m0s  2000.00 iters/s

running (07m48.8s), 0009/0260 VUs, 937466 complete and 0 interrupted iterations
cap_mixed   [  26% ] 0009/0260 VUs  07m48.8s/30m0s  2000.00 iters/s

running (07m49.8s), 0015/0260 VUs, 939461 complete and 0 interrupted iterations
cap_mixed   [  26% ] 0015/0260 VUs  07m49.8s/30m0s  2000.00 iters/s

running (07m50.8s), 0010/0260 VUs, 941465 complete and 0 interrupted iterations
cap_mixed   [  26% ] 0010/0260 VUs  07m50.8s/30m0s  2000.00 iters/s

running (07m51.8s), 0016/0260 VUs, 943460 complete and 0 interrupted iterations
cap_mixed   [  26% ] 0016/0260 VUs  07m51.8s/30m0s  2000.00 iters/s

running (07m52.8s), 0012/0260 VUs, 945465 complete and 0 interrupted iterations
cap_mixed   [  26% ] 0012/0260 VUs  07m52.8s/30m0s  2000.00 iters/s

running (07m53.8s), 0014/0260 VUs, 947461 complete and 0 interrupted iterations
cap_mixed   [  26% ] 0015/0260 VUs  07m53.8s/30m0s  2000.00 iters/s

running (07m54.8s), 0016/0260 VUs, 949459 complete and 0 interrupted iterations
cap_mixed   [  26% ] 0016/0260 VUs  07m54.8s/30m0s  2000.00 iters/s

running (07m55.8s), 0013/0260 VUs, 951462 complete and 0 interrupted iterations
cap_mixed   [  26% ] 0013/0260 VUs  07m55.8s/30m0s  2000.00 iters/s

running (07m56.8s), 0017/0260 VUs, 953458 complete and 0 interrupted iterations
cap_mixed   [  26% ] 0017/0260 VUs  07m56.8s/30m0s  2000.00 iters/s

running (07m57.8s), 0011/0260 VUs, 955465 complete and 0 interrupted iterations
cap_mixed   [  27% ] 0011/0260 VUs  07m57.8s/30m0s  2000.00 iters/s

running (07m58.8s), 0013/0260 VUs, 957460 complete and 0 interrupted iterations
cap_mixed   [  27% ] 0013/0260 VUs  07m58.8s/30m0s  2000.00 iters/s

running (07m59.8s), 0014/0260 VUs, 959461 complete and 0 interrupted iterations
cap_mixed   [  27% ] 0014/0260 VUs  07m59.8s/30m0s  2000.00 iters/s

running (08m00.8s), 0029/0260 VUs, 961447 complete and 0 interrupted iterations
cap_mixed   [  27% ] 0029/0260 VUs  08m00.8s/30m0s  2000.00 iters/s

running (08m01.8s), 0015/0260 VUs, 963461 complete and 0 interrupted iterations
cap_mixed   [  27% ] 0015/0260 VUs  08m01.8s/30m0s  2000.00 iters/s

running (08m02.8s), 0020/0260 VUs, 965456 complete and 0 interrupted iterations
cap_mixed   [  27% ] 0020/0260 VUs  08m02.8s/30m0s  2000.00 iters/s

running (08m03.8s), 0018/0260 VUs, 967457 complete and 0 interrupted iterations
cap_mixed   [  27% ] 0018/0260 VUs  08m03.8s/30m0s  2000.00 iters/s

running (08m04.8s), 0023/0260 VUs, 969453 complete and 0 interrupted iterations
cap_mixed   [  27% ] 0023/0260 VUs  08m04.8s/30m0s  2000.00 iters/s

running (08m05.8s), 0013/0260 VUs, 971463 complete and 0 interrupted iterations
cap_mixed   [  27% ] 0013/0260 VUs  08m05.8s/30m0s  2000.00 iters/s

running (08m06.8s), 0010/0260 VUs, 973465 complete and 0 interrupted iterations
cap_mixed   [  27% ] 0010/0260 VUs  08m06.8s/30m0s  2000.00 iters/s

running (08m07.8s), 0017/0260 VUs, 975458 complete and 0 interrupted iterations
cap_mixed   [  27% ] 0017/0260 VUs  08m07.8s/30m0s  2000.00 iters/s

running (08m08.8s), 0014/0260 VUs, 977461 complete and 0 interrupted iterations
cap_mixed   [  27% ] 0015/0260 VUs  08m08.8s/30m0s  2000.00 iters/s

running (08m09.8s), 0012/0260 VUs, 979464 complete and 0 interrupted iterations
cap_mixed   [  27% ] 0012/0260 VUs  08m09.8s/30m0s  2000.00 iters/s

running (08m10.8s), 0014/0260 VUs, 981461 complete and 0 interrupted iterations
cap_mixed   [  27% ] 0014/0260 VUs  08m10.8s/30m0s  2000.00 iters/s

running (08m11.8s), 0031/0260 VUs, 983446 complete and 0 interrupted iterations
cap_mixed   [  27% ] 0031/0260 VUs  08m11.8s/30m0s  2000.00 iters/s

running (08m12.8s), 0009/0260 VUs, 985466 complete and 0 interrupted iterations
cap_mixed   [  27% ] 0009/0260 VUs  08m12.8s/30m0s  2000.00 iters/s

running (08m13.8s), 0011/0260 VUs, 987464 complete and 0 interrupted iterations
cap_mixed   [  27% ] 0011/0260 VUs  08m13.8s/30m0s  2000.00 iters/s

running (08m14.8s), 0012/0260 VUs, 989464 complete and 0 interrupted iterations
cap_mixed   [  27% ] 0012/0260 VUs  08m14.8s/30m0s  2000.00 iters/s

running (08m15.8s), 0019/0260 VUs, 991456 complete and 0 interrupted iterations
cap_mixed   [  28% ] 0019/0260 VUs  08m15.8s/30m0s  2000.00 iters/s

running (08m16.8s), 0019/0260 VUs, 993457 complete and 0 interrupted iterations
cap_mixed   [  28% ] 0019/0260 VUs  08m16.8s/30m0s  2000.00 iters/s

running (08m17.8s), 0020/0260 VUs, 995455 complete and 0 interrupted iterations
cap_mixed   [  28% ] 0021/0260 VUs  08m17.8s/30m0s  2000.00 iters/s

running (08m18.8s), 0269/0269 VUs, 997047 complete and 0 interrupted iterations
cap_mixed   [  28% ] 0269/0269 VUs  08m18.8s/30m0s  2000.00 iters/s

running (08m19.8s), 0017/0275 VUs, 999211 complete and 0 interrupted iterations
cap_mixed   [  28% ] 0017/0275 VUs  08m19.8s/30m0s  2000.00 iters/s

running (08m20.8s), 0014/0275 VUs, 1001213 complete and 0 interrupted iterations
cap_mixed   [  28% ] 0014/0275 VUs  08m20.8s/30m0s  2000.00 iters/s

running (08m21.8s), 0012/0275 VUs, 1003215 complete and 0 interrupted iterations
cap_mixed   [  28% ] 0012/0275 VUs  08m21.8s/30m0s  2000.00 iters/s

running (08m22.8s), 0014/0275 VUs, 1005214 complete and 0 interrupted iterations
cap_mixed   [  28% ] 0014/0275 VUs  08m22.8s/30m0s  2000.00 iters/s

running (08m23.8s), 0016/0275 VUs, 1007210 complete and 0 interrupted iterations
cap_mixed   [  28% ] 0016/0275 VUs  08m23.8s/30m0s  2000.00 iters/s

running (08m24.8s), 0016/0275 VUs, 1009211 complete and 0 interrupted iterations
cap_mixed   [  28% ] 0016/0275 VUs  08m24.8s/30m0s  2000.00 iters/s

running (08m25.8s), 0018/0275 VUs, 1011209 complete and 0 interrupted iterations
cap_mixed   [  28% ] 0018/0275 VUs  08m25.8s/30m0s  2000.00 iters/s

running (08m26.8s), 0022/0275 VUs, 1013205 complete and 0 interrupted iterations
cap_mixed   [  28% ] 0022/0275 VUs  08m26.8s/30m0s  2000.00 iters/s

running (08m27.8s), 0016/0275 VUs, 1015211 complete and 0 interrupted iterations
cap_mixed   [  28% ] 0016/0275 VUs  08m27.8s/30m0s  2000.00 iters/s

running (08m28.8s), 0011/0275 VUs, 1017216 complete and 0 interrupted iterations
cap_mixed   [  28% ] 0011/0275 VUs  08m28.8s/30m0s  2000.00 iters/s

running (08m29.8s), 0013/0275 VUs, 1019214 complete and 0 interrupted iterations
cap_mixed   [  28% ] 0013/0275 VUs  08m29.8s/30m0s  2000.00 iters/s

running (08m30.8s), 0017/0275 VUs, 1021210 complete and 0 interrupted iterations
cap_mixed   [  28% ] 0017/0275 VUs  08m30.8s/30m0s  2000.00 iters/s

running (08m31.8s), 0018/0275 VUs, 1023209 complete and 0 interrupted iterations
cap_mixed   [  28% ] 0018/0275 VUs  08m31.8s/30m0s  2000.00 iters/s

running (08m32.8s), 0017/0275 VUs, 1025209 complete and 0 interrupted iterations
cap_mixed   [  28% ] 0017/0275 VUs  08m32.8s/30m0s  2000.00 iters/s

running (08m33.8s), 0013/0275 VUs, 1027215 complete and 0 interrupted iterations
cap_mixed   [  29% ] 0013/0275 VUs  08m33.8s/30m0s  2000.00 iters/s

running (08m34.8s), 0014/0275 VUs, 1029213 complete and 0 interrupted iterations
cap_mixed   [  29% ] 0014/0275 VUs  08m34.8s/30m0s  2000.00 iters/s

running (08m35.8s), 0023/0275 VUs, 1031204 complete and 0 interrupted iterations
cap_mixed   [  29% ] 0023/0275 VUs  08m35.8s/30m0s  2000.00 iters/s

running (08m36.8s), 0019/0275 VUs, 1033208 complete and 0 interrupted iterations
cap_mixed   [  29% ] 0019/0275 VUs  08m36.8s/30m0s  2000.00 iters/s

running (08m37.8s), 0014/0275 VUs, 1035213 complete and 0 interrupted iterations
cap_mixed   [  29% ] 0014/0275 VUs  08m37.8s/30m0s  2000.00 iters/s

running (08m38.8s), 0008/0275 VUs, 1037219 complete and 0 interrupted iterations
cap_mixed   [  29% ] 0008/0275 VUs  08m38.8s/30m0s  2000.00 iters/s

running (08m39.8s), 0011/0275 VUs, 1039217 complete and 0 interrupted iterations
cap_mixed   [  29% ] 0011/0275 VUs  08m39.8s/30m0s  2000.00 iters/s

running (08m40.8s), 0014/0275 VUs, 1041213 complete and 0 interrupted iterations
cap_mixed   [  29% ] 0014/0275 VUs  08m40.8s/30m0s  2000.00 iters/s

running (08m41.8s), 0008/0275 VUs, 1043219 complete and 0 interrupted iterations
cap_mixed   [  29% ] 0008/0275 VUs  08m41.8s/30m0s  2000.00 iters/s

running (08m42.8s), 0014/0275 VUs, 1045214 complete and 0 interrupted iterations
cap_mixed   [  29% ] 0014/0275 VUs  08m42.8s/30m0s  2000.00 iters/s

running (08m43.8s), 0013/0275 VUs, 1047214 complete and 0 interrupted iterations
cap_mixed   [  29% ] 0013/0275 VUs  08m43.8s/30m0s  2000.00 iters/s

running (08m44.8s), 0013/0275 VUs, 1049214 complete and 0 interrupted iterations
cap_mixed   [  29% ] 0013/0275 VUs  08m44.8s/30m0s  2000.00 iters/s

running (08m45.8s), 0008/0275 VUs, 1051220 complete and 0 interrupted iterations
cap_mixed   [  29% ] 0008/0275 VUs  08m45.8s/30m0s  2000.00 iters/s

running (08m46.8s), 0012/0275 VUs, 1053215 complete and 0 interrupted iterations
cap_mixed   [  29% ] 0012/0275 VUs  08m46.8s/30m0s  2000.00 iters/s

running (08m47.8s), 0056/0275 VUs, 1055171 complete and 0 interrupted iterations
cap_mixed   [  29% ] 0056/0275 VUs  08m47.8s/30m0s  2000.00 iters/s

running (08m48.8s), 0010/0275 VUs, 1057217 complete and 0 interrupted iterations
cap_mixed   [  29% ] 0010/0275 VUs  08m48.8s/30m0s  2000.00 iters/s

running (08m49.8s), 0011/0275 VUs, 1059217 complete and 0 interrupted iterations
cap_mixed   [  29% ] 0011/0275 VUs  08m49.8s/30m0s  2000.00 iters/s

running (08m50.8s), 0010/0275 VUs, 1061218 complete and 0 interrupted iterations
cap_mixed   [  29% ] 0010/0275 VUs  08m50.8s/30m0s  2000.00 iters/s

running (08m51.8s), 0013/0275 VUs, 1063215 complete and 0 interrupted iterations
cap_mixed   [  30% ] 0013/0275 VUs  08m51.8s/30m0s  2000.00 iters/s

running (08m52.8s), 0014/0275 VUs, 1065214 complete and 0 interrupted iterations
cap_mixed   [  30% ] 0014/0275 VUs  08m52.8s/30m0s  2000.00 iters/s

running (08m53.8s), 0011/0275 VUs, 1067216 complete and 0 interrupted iterations
cap_mixed   [  30% ] 0011/0275 VUs  08m53.8s/30m0s  2000.00 iters/s

running (08m54.8s), 0026/0275 VUs, 1069202 complete and 0 interrupted iterations
cap_mixed   [  30% ] 0026/0275 VUs  08m54.8s/30m0s  2000.00 iters/s

running (08m55.8s), 0137/0275 VUs, 1071091 complete and 0 interrupted iterations
cap_mixed   [  30% ] 0137/0275 VUs  08m55.8s/30m0s  2000.00 iters/s

running (08m56.8s), 0015/0275 VUs, 1073213 complete and 0 interrupted iterations
cap_mixed   [  30% ] 0015/0275 VUs  08m56.8s/30m0s  2000.00 iters/s

running (08m57.8s), 0011/0275 VUs, 1075217 complete and 0 interrupted iterations
cap_mixed   [  30% ] 0011/0275 VUs  08m57.8s/30m0s  2000.00 iters/s

running (08m58.8s), 0010/0275 VUs, 1077217 complete and 0 interrupted iterations
cap_mixed   [  30% ] 0010/0275 VUs  08m58.8s/30m0s  2000.00 iters/s

running (08m59.8s), 0009/0275 VUs, 1079219 complete and 0 interrupted iterations
cap_mixed   [  30% ] 0009/0275 VUs  08m59.8s/30m0s  2000.00 iters/s

running (09m00.8s), 0012/0275 VUs, 1081215 complete and 0 interrupted iterations
cap_mixed   [  30% ] 0013/0275 VUs  09m00.8s/30m0s  2000.00 iters/s

running (09m01.8s), 0018/0275 VUs, 1083209 complete and 0 interrupted iterations
cap_mixed   [  30% ] 0018/0275 VUs  09m01.8s/30m0s  2000.00 iters/s

running (09m02.8s), 0024/0275 VUs, 1085204 complete and 0 interrupted iterations
cap_mixed   [  30% ] 0024/0275 VUs  09m02.8s/30m0s  2000.00 iters/s

running (09m03.8s), 0014/0275 VUs, 1087213 complete and 0 interrupted iterations
cap_mixed   [  30% ] 0014/0275 VUs  09m03.8s/30m0s  2000.00 iters/s

running (09m04.8s), 0010/0275 VUs, 1089217 complete and 0 interrupted iterations
cap_mixed   [  30% ] 0010/0275 VUs  09m04.8s/30m0s  2000.00 iters/s

running (09m05.8s), 0011/0275 VUs, 1091216 complete and 0 interrupted iterations
cap_mixed   [  30% ] 0011/0275 VUs  09m05.8s/30m0s  2000.00 iters/s

running (09m06.8s), 0011/0275 VUs, 1093216 complete and 0 interrupted iterations
cap_mixed   [  30% ] 0011/0275 VUs  09m06.8s/30m0s  2000.00 iters/s

running (09m07.8s), 0016/0275 VUs, 1095211 complete and 0 interrupted iterations
cap_mixed   [  30% ] 0016/0275 VUs  09m07.8s/30m0s  2000.00 iters/s

running (09m08.8s), 0027/0275 VUs, 1097201 complete and 0 interrupted iterations
cap_mixed   [  30% ] 0027/0275 VUs  09m08.8s/30m0s  2000.00 iters/s

running (09m09.8s), 0013/0275 VUs, 1099214 complete and 0 interrupted iterations
cap_mixed   [  31% ] 0013/0275 VUs  09m09.8s/30m0s  2000.00 iters/s

running (09m10.8s), 0027/0275 VUs, 1101200 complete and 0 interrupted iterations
cap_mixed   [  31% ] 0027/0275 VUs  09m10.8s/30m0s  2000.00 iters/s

running (09m11.8s), 0012/0275 VUs, 1103215 complete and 0 interrupted iterations
cap_mixed   [  31% ] 0012/0275 VUs  09m11.8s/30m0s  2000.00 iters/s

running (09m12.8s), 0012/0275 VUs, 1105215 complete and 0 interrupted iterations
cap_mixed   [  31% ] 0012/0275 VUs  09m12.8s/30m0s  2000.00 iters/s

running (09m13.8s), 0021/0275 VUs, 1107207 complete and 0 interrupted iterations
cap_mixed   [  31% ] 0021/0275 VUs  09m13.8s/30m0s  2000.00 iters/s

running (09m14.8s), 0008/0275 VUs, 1109219 complete and 0 interrupted iterations
cap_mixed   [  31% ] 0008/0275 VUs  09m14.8s/30m0s  2000.00 iters/s

running (09m15.8s), 0069/0275 VUs, 1111158 complete and 0 interrupted iterations
cap_mixed   [  31% ] 0069/0275 VUs  09m15.8s/30m0s  2000.00 iters/s

running (09m16.8s), 0014/0275 VUs, 1113213 complete and 0 interrupted iterations
cap_mixed   [  31% ] 0014/0275 VUs  09m16.8s/30m0s  2000.00 iters/s

running (09m17.8s), 0019/0275 VUs, 1115208 complete and 0 interrupted iterations
cap_mixed   [  31% ] 0019/0275 VUs  09m17.8s/30m0s  2000.00 iters/s

running (09m18.8s), 0011/0275 VUs, 1117216 complete and 0 interrupted iterations
cap_mixed   [  31% ] 0011/0275 VUs  09m18.8s/30m0s  2000.00 iters/s

running (09m19.8s), 0013/0275 VUs, 1119214 complete and 0 interrupted iterations
cap_mixed   [  31% ] 0013/0275 VUs  09m19.8s/30m0s  2000.00 iters/s

running (09m20.8s), 0019/0275 VUs, 1121208 complete and 0 interrupted iterations
cap_mixed   [  31% ] 0019/0275 VUs  09m20.8s/30m0s  2000.00 iters/s

running (09m21.8s), 0013/0275 VUs, 1123214 complete and 0 interrupted iterations
cap_mixed   [  31% ] 0013/0275 VUs  09m21.8s/30m0s  2000.00 iters/s

running (09m22.8s), 0015/0275 VUs, 1125212 complete and 0 interrupted iterations
cap_mixed   [  31% ] 0015/0275 VUs  09m22.8s/30m0s  2000.00 iters/s

running (09m23.8s), 0007/0275 VUs, 1127220 complete and 0 interrupted iterations
cap_mixed   [  31% ] 0007/0275 VUs  09m23.8s/30m0s  2000.00 iters/s

running (09m24.8s), 0012/0275 VUs, 1129215 complete and 0 interrupted iterations
cap_mixed   [  31% ] 0012/0275 VUs  09m24.8s/30m0s  2000.00 iters/s

running (09m25.8s), 0011/0275 VUs, 1131216 complete and 0 interrupted iterations
cap_mixed   [  31% ] 0011/0275 VUs  09m25.8s/30m0s  2000.00 iters/s

running (09m26.8s), 0011/0275 VUs, 1133216 complete and 0 interrupted iterations
cap_mixed   [  31% ] 0011/0275 VUs  09m26.8s/30m0s  2000.00 iters/s

running (09m27.8s), 0016/0275 VUs, 1135212 complete and 0 interrupted iterations
cap_mixed   [  32% ] 0016/0275 VUs  09m27.8s/30m0s  2000.00 iters/s

running (09m28.8s), 0016/0275 VUs, 1137211 complete and 0 interrupted iterations
cap_mixed   [  32% ] 0016/0275 VUs  09m28.8s/30m0s  2000.00 iters/s

running (09m29.8s), 0012/0275 VUs, 1139215 complete and 0 interrupted iterations
cap_mixed   [  32% ] 0012/0275 VUs  09m29.8s/30m0s  2000.00 iters/s

running (09m30.8s), 0015/0275 VUs, 1141212 complete and 0 interrupted iterations
cap_mixed   [  32% ] 0015/0275 VUs  09m30.8s/30m0s  2000.00 iters/s

running (09m31.8s), 0009/0275 VUs, 1143218 complete and 0 interrupted iterations
cap_mixed   [  32% ] 0009/0275 VUs  09m31.8s/30m0s  2000.00 iters/s

running (09m32.8s), 0051/0275 VUs, 1145176 complete and 0 interrupted iterations
cap_mixed   [  32% ] 0051/0275 VUs  09m32.8s/30m0s  2000.00 iters/s

running (09m33.8s), 0013/0275 VUs, 1147215 complete and 0 interrupted iterations
cap_mixed   [  32% ] 0013/0275 VUs  09m33.8s/30m0s  2000.00 iters/s

running (09m34.8s), 0013/0275 VUs, 1149214 complete and 0 interrupted iterations
cap_mixed   [  32% ] 0013/0275 VUs  09m34.8s/30m0s  2000.00 iters/s

running (09m35.8s), 0012/0275 VUs, 1151215 complete and 0 interrupted iterations
cap_mixed   [  32% ] 0012/0275 VUs  09m35.8s/30m0s  2000.00 iters/s

running (09m36.8s), 0013/0275 VUs, 1153215 complete and 0 interrupted iterations
cap_mixed   [  32% ] 0013/0275 VUs  09m36.8s/30m0s  2000.00 iters/s

running (09m37.8s), 0010/0275 VUs, 1155217 complete and 0 interrupted iterations
cap_mixed   [  32% ] 0010/0275 VUs  09m37.8s/30m0s  2000.00 iters/s

running (09m38.8s), 0181/0275 VUs, 1157046 complete and 0 interrupted iterations
cap_mixed   [  32% ] 0181/0275 VUs  09m38.8s/30m0s  2000.00 iters/s

running (09m39.8s), 0012/0276 VUs, 1159214 complete and 0 interrupted iterations
cap_mixed   [  32% ] 0012/0276 VUs  09m39.8s/30m0s  2000.00 iters/s

running (09m40.8s), 0016/0276 VUs, 1161209 complete and 0 interrupted iterations
cap_mixed   [  32% ] 0016/0276 VUs  09m40.8s/30m0s  2000.00 iters/s

running (09m41.8s), 0026/0276 VUs, 1163200 complete and 0 interrupted iterations
cap_mixed   [  32% ] 0026/0276 VUs  09m41.8s/30m0s  2000.00 iters/s

running (09m42.8s), 0014/0276 VUs, 1165211 complete and 0 interrupted iterations
cap_mixed   [  32% ] 0014/0276 VUs  09m42.8s/30m0s  2000.00 iters/s

running (09m43.8s), 0013/0276 VUs, 1167212 complete and 0 interrupted iterations
cap_mixed   [  32% ] 0013/0276 VUs  09m43.8s/30m0s  2000.00 iters/s

running (09m44.8s), 0013/0276 VUs, 1169212 complete and 0 interrupted iterations
cap_mixed   [  32% ] 0013/0276 VUs  09m44.8s/30m0s  2000.00 iters/s

running (09m45.8s), 0013/0276 VUs, 1171212 complete and 0 interrupted iterations
cap_mixed   [  33% ] 0013/0276 VUs  09m45.8s/30m0s  2000.00 iters/s

running (09m46.8s), 0017/0276 VUs, 1173209 complete and 0 interrupted iterations
cap_mixed   [  33% ] 0017/0276 VUs  09m46.8s/30m0s  2000.00 iters/s

running (09m47.8s), 0011/0276 VUs, 1175214 complete and 0 interrupted iterations
cap_mixed   [  33% ] 0011/0276 VUs  09m47.8s/30m0s  2000.00 iters/s

running (09m48.8s), 0017/0276 VUs, 1177208 complete and 0 interrupted iterations
cap_mixed   [  33% ] 0017/0276 VUs  09m48.8s/30m0s  2000.00 iters/s

running (09m49.8s), 0011/0276 VUs, 1179214 complete and 0 interrupted iterations
cap_mixed   [  33% ] 0011/0276 VUs  09m49.8s/30m0s  2000.00 iters/s

running (09m50.8s), 0014/0276 VUs, 1181211 complete and 0 interrupted iterations
cap_mixed   [  33% ] 0014/0276 VUs  09m50.8s/30m0s  2000.00 iters/s

running (09m51.8s), 0011/0276 VUs, 1183214 complete and 0 interrupted iterations
cap_mixed   [  33% ] 0011/0276 VUs  09m51.8s/30m0s  2000.00 iters/s

running (09m52.8s), 0011/0276 VUs, 1185215 complete and 0 interrupted iterations
cap_mixed   [  33% ] 0011/0276 VUs  09m52.8s/30m0s  2000.00 iters/s

running (09m53.8s), 0009/0276 VUs, 1187216 complete and 0 interrupted iterations
cap_mixed   [  33% ] 0009/0276 VUs  09m53.8s/30m0s  2000.00 iters/s

running (09m54.8s), 0014/0276 VUs, 1189211 complete and 0 interrupted iterations
cap_mixed   [  33% ] 0014/0276 VUs  09m54.8s/30m0s  2000.00 iters/s

running (09m55.8s), 0326/0326 VUs, 1190011 complete and 0 interrupted iterations
cap_mixed   [  33% ] 0326/0326 VUs  09m55.8s/30m0s  2000.00 iters/s

running (09m56.8s), 0011/0345 VUs, 1192010 complete and 0 interrupted iterations
cap_mixed   [  33% ] 0010/0345 VUs  09m56.8s/30m0s  2000.00 iters/s

running (09m57.8s), 0019/0345 VUs, 1194001 complete and 0 interrupted iterations
cap_mixed   [  33% ] 0019/0345 VUs  09m57.8s/30m0s  2000.00 iters/s

running (09m58.8s), 0009/0345 VUs, 1196011 complete and 0 interrupted iterations
cap_mixed   [  33% ] 0009/0345 VUs  09m58.8s/30m0s  2000.00 iters/s

running (09m59.8s), 0012/0345 VUs, 1198008 complete and 0 interrupted iterations
cap_mixed   [  33% ] 0012/0345 VUs  09m59.8s/30m0s  2000.00 iters/s

running (10m00.8s), 0009/0345 VUs, 1200011 complete and 0 interrupted iterations
cap_mixed   [  33% ] 0009/0345 VUs  10m00.8s/30m0s  2000.00 iters/s

running (10m01.8s), 0017/0345 VUs, 1202003 complete and 0 interrupted iterations
cap_mixed   [  33% ] 0017/0345 VUs  10m01.8s/30m0s  2000.00 iters/s

running (10m02.8s), 0010/0345 VUs, 1204010 complete and 0 interrupted iterations
cap_mixed   [  33% ] 0010/0345 VUs  10m02.8s/30m0s  2000.00 iters/s

running (10m03.8s), 0011/0345 VUs, 1206009 complete and 0 interrupted iterations
cap_mixed   [  34% ] 0011/0345 VUs  10m03.8s/30m0s  2000.00 iters/s

running (10m04.8s), 0014/0345 VUs, 1208007 complete and 0 interrupted iterations
cap_mixed   [  34% ] 0014/0345 VUs  10m04.8s/30m0s  2000.00 iters/s

running (10m05.8s), 0015/0345 VUs, 1210005 complete and 0 interrupted iterations
cap_mixed   [  34% ] 0015/0345 VUs  10m05.8s/30m0s  2000.00 iters/s

running (10m06.8s), 0015/0345 VUs, 1212005 complete and 0 interrupted iterations
cap_mixed   [  34% ] 0015/0345 VUs  10m06.8s/30m0s  2000.00 iters/s

running (10m07.8s), 0017/0345 VUs, 1214003 complete and 0 interrupted iterations
cap_mixed   [  34% ] 0017/0345 VUs  10m07.8s/30m0s  2000.00 iters/s

running (10m08.8s), 0010/0345 VUs, 1216010 complete and 0 interrupted iterations
cap_mixed   [  34% ] 0010/0345 VUs  10m08.8s/30m0s  2000.00 iters/s

running (10m09.8s), 0020/0345 VUs, 1218000 complete and 0 interrupted iterations
cap_mixed   [  34% ] 0020/0345 VUs  10m09.8s/30m0s  2000.00 iters/s

running (10m10.8s), 0011/0345 VUs, 1220009 complete and 0 interrupted iterations
cap_mixed   [  34% ] 0011/0345 VUs  10m10.8s/30m0s  2000.00 iters/s

running (10m11.8s), 0027/0345 VUs, 1221994 complete and 0 interrupted iterations
cap_mixed   [  34% ] 0027/0345 VUs  10m11.8s/30m0s  2000.00 iters/s

running (10m12.8s), 0010/0345 VUs, 1224010 complete and 0 interrupted iterations
cap_mixed   [  34% ] 0010/0345 VUs  10m12.8s/30m0s  2000.00 iters/s

running (10m13.8s), 0016/0345 VUs, 1226005 complete and 0 interrupted iterations
cap_mixed   [  34% ] 0016/0345 VUs  10m13.8s/30m0s  2000.00 iters/s

running (10m14.8s), 0011/0345 VUs, 1228009 complete and 0 interrupted iterations
cap_mixed   [  34% ] 0011/0345 VUs  10m14.8s/30m0s  2000.00 iters/s

running (10m15.8s), 0010/0345 VUs, 1230011 complete and 0 interrupted iterations
cap_mixed   [  34% ] 0010/0345 VUs  10m15.8s/30m0s  2000.00 iters/s

running (10m16.8s), 0014/0345 VUs, 1232006 complete and 0 interrupted iterations
cap_mixed   [  34% ] 0014/0345 VUs  10m16.8s/30m0s  2000.00 iters/s

running (10m17.8s), 0016/0345 VUs, 1234004 complete and 0 interrupted iterations
cap_mixed   [  34% ] 0016/0345 VUs  10m17.8s/30m0s  2000.00 iters/s

running (10m18.8s), 0018/0345 VUs, 1236002 complete and 0 interrupted iterations
cap_mixed   [  34% ] 0018/0345 VUs  10m18.8s/30m0s  2000.00 iters/s

running (10m19.8s), 0014/0345 VUs, 1238006 complete and 0 interrupted iterations
cap_mixed   [  34% ] 0014/0345 VUs  10m19.8s/30m0s  2000.00 iters/s

running (10m20.8s), 0011/0345 VUs, 1240010 complete and 0 interrupted iterations
cap_mixed   [  34% ] 0011/0345 VUs  10m20.8s/30m0s  2000.00 iters/s

running (10m21.8s), 0021/0345 VUs, 1241999 complete and 0 interrupted iterations
cap_mixed   [  35% ] 0021/0345 VUs  10m21.8s/30m0s  2000.00 iters/s

running (10m22.8s), 0015/0345 VUs, 1244006 complete and 0 interrupted iterations
cap_mixed   [  35% ] 0015/0345 VUs  10m22.8s/30m0s  2000.00 iters/s

running (10m23.8s), 0013/0345 VUs, 1246007 complete and 0 interrupted iterations
cap_mixed   [  35% ] 0013/0345 VUs  10m23.8s/30m0s  2000.00 iters/s

running (10m24.8s), 0012/0345 VUs, 1248009 complete and 0 interrupted iterations
cap_mixed   [  35% ] 0012/0345 VUs  10m24.8s/30m0s  2000.00 iters/s

running (10m25.8s), 0017/0345 VUs, 1250004 complete and 0 interrupted iterations
cap_mixed   [  35% ] 0017/0345 VUs  10m25.8s/30m0s  2000.00 iters/s

running (10m26.8s), 0013/0345 VUs, 1252008 complete and 0 interrupted iterations
cap_mixed   [  35% ] 0012/0345 VUs  10m26.8s/30m0s  2000.00 iters/s

running (10m27.8s), 0222/0357 VUs, 1253584 complete and 0 interrupted iterations
cap_mixed   [  35% ] 0222/0357 VUs  10m27.8s/30m0s  2000.00 iters/s

running (10m28.8s), 0012/0357 VUs, 1255793 complete and 0 interrupted iterations
cap_mixed   [  35% ] 0013/0357 VUs  10m28.8s/30m0s  2000.00 iters/s

running (10m29.8s), 0014/0357 VUs, 1257792 complete and 0 interrupted iterations
cap_mixed   [  35% ] 0014/0357 VUs  10m29.8s/30m0s  2000.00 iters/s

running (10m30.8s), 0013/0357 VUs, 1259793 complete and 0 interrupted iterations
cap_mixed   [  35% ] 0013/0357 VUs  10m30.8s/30m0s  2000.00 iters/s

running (10m31.8s), 0017/0357 VUs, 1261790 complete and 0 interrupted iterations
cap_mixed   [  35% ] 0017/0357 VUs  10m31.8s/30m0s  2000.00 iters/s

running (10m32.8s), 0014/0357 VUs, 1263792 complete and 0 interrupted iterations
cap_mixed   [  35% ] 0014/0357 VUs  10m32.8s/30m0s  2000.00 iters/s

running (10m33.8s), 0011/0357 VUs, 1265795 complete and 0 interrupted iterations
cap_mixed   [  35% ] 0011/0357 VUs  10m33.8s/30m0s  2000.00 iters/s

running (10m34.8s), 0011/0357 VUs, 1267794 complete and 0 interrupted iterations
cap_mixed   [  35% ] 0011/0357 VUs  10m34.8s/30m0s  2000.00 iters/s

running (10m35.8s), 0011/0357 VUs, 1269795 complete and 0 interrupted iterations
cap_mixed   [  35% ] 0011/0357 VUs  10m35.8s/30m0s  2000.00 iters/s

running (10m36.8s), 0009/0357 VUs, 1271797 complete and 0 interrupted iterations
cap_mixed   [  35% ] 0009/0357 VUs  10m36.8s/30m0s  2000.00 iters/s

running (10m37.8s), 0014/0357 VUs, 1273792 complete and 0 interrupted iterations
cap_mixed   [  35% ] 0014/0357 VUs  10m37.8s/30m0s  2000.00 iters/s

running (10m38.8s), 0014/0357 VUs, 1275792 complete and 0 interrupted iterations
cap_mixed   [  35% ] 0014/0357 VUs  10m38.8s/30m0s  2000.00 iters/s

running (10m39.8s), 0008/0357 VUs, 1277799 complete and 0 interrupted iterations
cap_mixed   [  36% ] 0008/0357 VUs  10m39.8s/30m0s  2000.00 iters/s

running (10m40.8s), 0017/0357 VUs, 1279789 complete and 0 interrupted iterations
cap_mixed   [  36% ] 0017/0357 VUs  10m40.8s/30m0s  2000.00 iters/s

running (10m41.8s), 0012/0357 VUs, 1281795 complete and 0 interrupted iterations
cap_mixed   [  36% ] 0012/0357 VUs  10m41.8s/30m0s  2000.00 iters/s

running (10m42.8s), 0016/0357 VUs, 1283790 complete and 0 interrupted iterations
cap_mixed   [  36% ] 0016/0357 VUs  10m42.8s/30m0s  2000.00 iters/s

running (10m43.8s), 0010/0357 VUs, 1285797 complete and 0 interrupted iterations
cap_mixed   [  36% ] 0010/0357 VUs  10m43.8s/30m0s  2000.00 iters/s

running (10m44.8s), 0031/0357 VUs, 1287775 complete and 0 interrupted iterations
cap_mixed   [  36% ] 0031/0357 VUs  10m44.8s/30m0s  2000.00 iters/s

running (10m45.8s), 0010/0357 VUs, 1289796 complete and 0 interrupted iterations
cap_mixed   [  36% ] 0011/0357 VUs  10m45.8s/30m0s  2000.00 iters/s

running (10m46.8s), 0017/0357 VUs, 1291789 complete and 0 interrupted iterations
cap_mixed   [  36% ] 0017/0357 VUs  10m46.8s/30m0s  2000.00 iters/s

running (10m47.8s), 0016/0357 VUs, 1293790 complete and 0 interrupted iterations
cap_mixed   [  36% ] 0016/0357 VUs  10m47.8s/30m0s  2000.00 iters/s

running (10m48.8s), 0009/0357 VUs, 1295797 complete and 0 interrupted iterations
cap_mixed   [  36% ] 0010/0357 VUs  10m48.8s/30m0s  2000.00 iters/s

running (10m49.8s), 0010/0357 VUs, 1297796 complete and 0 interrupted iterations
cap_mixed   [  36% ] 0010/0357 VUs  10m49.8s/30m0s  2000.00 iters/s

running (10m50.8s), 0008/0357 VUs, 1299798 complete and 0 interrupted iterations
cap_mixed   [  36% ] 0008/0357 VUs  10m50.8s/30m0s  2000.00 iters/s

running (10m51.8s), 0010/0357 VUs, 1301796 complete and 0 interrupted iterations
cap_mixed   [  36% ] 0010/0357 VUs  10m51.8s/30m0s  2000.00 iters/s

running (10m52.8s), 0011/0357 VUs, 1303795 complete and 0 interrupted iterations
cap_mixed   [  36% ] 0012/0357 VUs  10m52.8s/30m0s  2000.00 iters/s

running (10m53.8s), 0007/0357 VUs, 1305799 complete and 0 interrupted iterations
cap_mixed   [  36% ] 0007/0357 VUs  10m53.8s/30m0s  2000.00 iters/s

running (10m54.8s), 0013/0357 VUs, 1307793 complete and 0 interrupted iterations
cap_mixed   [  36% ] 0013/0357 VUs  10m54.8s/30m0s  2000.00 iters/s

running (10m55.8s), 0013/0357 VUs, 1309793 complete and 0 interrupted iterations
cap_mixed   [  36% ] 0013/0357 VUs  10m55.8s/30m0s  2000.00 iters/s

running (10m56.8s), 0009/0357 VUs, 1311797 complete and 0 interrupted iterations
cap_mixed   [  36% ] 0009/0357 VUs  10m56.8s/30m0s  2000.00 iters/s

running (10m57.8s), 0015/0357 VUs, 1313792 complete and 0 interrupted iterations
cap_mixed   [  37% ] 0015/0357 VUs  10m57.8s/30m0s  2000.00 iters/s

running (10m58.8s), 0026/0357 VUs, 1315780 complete and 0 interrupted iterations
cap_mixed   [  37% ] 0026/0357 VUs  10m58.8s/30m0s  2000.00 iters/s

running (10m59.8s), 0016/0357 VUs, 1317790 complete and 0 interrupted iterations
cap_mixed   [  37% ] 0016/0357 VUs  10m59.8s/30m0s  2000.00 iters/s

running (11m00.8s), 0010/0357 VUs, 1319796 complete and 0 interrupted iterations
cap_mixed   [  37% ] 0010/0357 VUs  11m00.8s/30m0s  2000.00 iters/s

running (11m01.8s), 0037/0357 VUs, 1321769 complete and 0 interrupted iterations
cap_mixed   [  37% ] 0037/0357 VUs  11m01.8s/30m0s  2000.00 iters/s

running (11m02.8s), 0010/0357 VUs, 1323796 complete and 0 interrupted iterations
cap_mixed   [  37% ] 0010/0357 VUs  11m02.8s/30m0s  2000.00 iters/s

running (11m03.8s), 0011/0357 VUs, 1325795 complete and 0 interrupted iterations
cap_mixed   [  37% ] 0011/0357 VUs  11m03.8s/30m0s  2000.00 iters/s

running (11m04.8s), 0122/0360 VUs, 1327648 complete and 0 interrupted iterations
cap_mixed   [  37% ] 0122/0360 VUs  11m04.8s/30m0s  2000.00 iters/s

running (11m05.8s), 0009/0360 VUs, 1329761 complete and 0 interrupted iterations
cap_mixed   [  37% ] 0009/0360 VUs  11m05.8s/30m0s  2000.00 iters/s

running (11m06.8s), 0010/0360 VUs, 1331760 complete and 0 interrupted iterations
cap_mixed   [  37% ] 0010/0360 VUs  11m06.8s/30m0s  2000.00 iters/s

running (11m07.8s), 0017/0360 VUs, 1333753 complete and 0 interrupted iterations
cap_mixed   [  37% ] 0017/0360 VUs  11m07.8s/30m0s  2000.00 iters/s

running (11m08.8s), 0012/0360 VUs, 1335759 complete and 0 interrupted iterations
cap_mixed   [  37% ] 0012/0360 VUs  11m08.8s/30m0s  2000.00 iters/s

running (11m09.8s), 0046/0360 VUs, 1337723 complete and 0 interrupted iterations
cap_mixed   [  37% ] 0047/0360 VUs  11m09.8s/30m0s  2000.00 iters/s

running (11m10.8s), 0017/0360 VUs, 1339753 complete and 0 interrupted iterations
cap_mixed   [  37% ] 0017/0360 VUs  11m10.8s/30m0s  2000.00 iters/s

running (11m11.8s), 0008/0360 VUs, 1341762 complete and 0 interrupted iterations
cap_mixed   [  37% ] 0008/0360 VUs  11m11.8s/30m0s  2000.00 iters/s

running (11m12.8s), 0013/0360 VUs, 1343758 complete and 0 interrupted iterations
cap_mixed   [  37% ] 0013/0360 VUs  11m12.8s/30m0s  2000.00 iters/s

running (11m13.8s), 0012/0360 VUs, 1345758 complete and 0 interrupted iterations
cap_mixed   [  37% ] 0013/0360 VUs  11m13.8s/30m0s  2000.00 iters/s

running (11m14.8s), 0009/0360 VUs, 1347761 complete and 0 interrupted iterations
cap_mixed   [  37% ] 0009/0360 VUs  11m14.8s/30m0s  2000.00 iters/s

running (11m15.8s), 0020/0360 VUs, 1349750 complete and 0 interrupted iterations
cap_mixed   [  38% ] 0020/0360 VUs  11m15.8s/30m0s  2000.00 iters/s

running (11m16.8s), 0014/0360 VUs, 1351756 complete and 0 interrupted iterations
cap_mixed   [  38% ] 0014/0360 VUs  11m16.8s/30m0s  2000.00 iters/s

running (11m17.8s), 0013/0360 VUs, 1353758 complete and 0 interrupted iterations
cap_mixed   [  38% ] 0013/0360 VUs  11m17.8s/30m0s  2000.00 iters/s

running (11m18.8s), 0022/0360 VUs, 1355748 complete and 0 interrupted iterations
cap_mixed   [  38% ] 0022/0360 VUs  11m18.8s/30m0s  2000.00 iters/s

running (11m19.8s), 0009/0360 VUs, 1357761 complete and 0 interrupted iterations
cap_mixed   [  38% ] 0009/0360 VUs  11m19.8s/30m0s  2000.00 iters/s

running (11m20.8s), 0051/0360 VUs, 1359719 complete and 0 interrupted iterations
cap_mixed   [  38% ] 0051/0360 VUs  11m20.8s/30m0s  2000.00 iters/s

running (11m21.8s), 0011/0360 VUs, 1361760 complete and 0 interrupted iterations
cap_mixed   [  38% ] 0011/0360 VUs  11m21.8s/30m0s  2000.00 iters/s

running (11m22.8s), 0013/0360 VUs, 1363757 complete and 0 interrupted iterations
cap_mixed   [  38% ] 0013/0360 VUs  11m22.8s/30m0s  2000.00 iters/s

running (11m23.8s), 0019/0360 VUs, 1365752 complete and 0 interrupted iterations
cap_mixed   [  38% ] 0019/0360 VUs  11m23.8s/30m0s  2000.00 iters/s

running (11m24.8s), 0009/0360 VUs, 1367762 complete and 0 interrupted iterations
cap_mixed   [  38% ] 0009/0360 VUs  11m24.8s/30m0s  2000.00 iters/s

running (11m25.8s), 0024/0360 VUs, 1369747 complete and 0 interrupted iterations
cap_mixed   [  38% ] 0024/0360 VUs  11m25.8s/30m0s  2000.00 iters/s

running (11m26.8s), 0009/0360 VUs, 1371761 complete and 0 interrupted iterations
cap_mixed   [  38% ] 0009/0360 VUs  11m26.8s/30m0s  2000.00 iters/s

running (11m27.8s), 0013/0360 VUs, 1373757 complete and 0 interrupted iterations
cap_mixed   [  38% ] 0013/0360 VUs  11m27.8s/30m0s  2000.00 iters/s

running (11m28.8s), 0010/0360 VUs, 1375760 complete and 0 interrupted iterations
cap_mixed   [  38% ] 0010/0360 VUs  11m28.8s/30m0s  2000.00 iters/s

running (11m29.8s), 0011/0360 VUs, 1377759 complete and 0 interrupted iterations
cap_mixed   [  38% ] 0011/0360 VUs  11m29.8s/30m0s  2000.00 iters/s

running (11m30.8s), 0014/0360 VUs, 1379756 complete and 0 interrupted iterations
cap_mixed   [  38% ] 0014/0360 VUs  11m30.8s/30m0s  2000.00 iters/s

running (11m31.8s), 0022/0360 VUs, 1381748 complete and 0 interrupted iterations
cap_mixed   [  38% ] 0022/0360 VUs  11m31.8s/30m0s  2000.00 iters/s

running (11m32.8s), 0418/0418 VUs, 1382382 complete and 0 interrupted iterations
cap_mixed   [  38% ] 0418/0418 VUs  11m32.8s/30m0s  2000.00 iters/s

running (11m33.8s), 0367/0468 VUs, 1383573 complete and 0 interrupted iterations
cap_mixed   [  39% ] 0367/0468 VUs  11m33.8s/30m0s  2000.00 iters/s

running (11m34.8s), 0012/0468 VUs, 1385928 complete and 0 interrupted iterations
cap_mixed   [  39% ] 0012/0468 VUs  11m34.8s/30m0s  2000.00 iters/s

running (11m35.8s), 0014/0468 VUs, 1387927 complete and 0 interrupted iterations
cap_mixed   [  39% ] 0014/0468 VUs  11m35.8s/30m0s  2000.00 iters/s

running (11m36.8s), 0020/0468 VUs, 1389921 complete and 0 interrupted iterations
cap_mixed   [  39% ] 0020/0468 VUs  11m36.8s/30m0s  2000.00 iters/s

running (11m37.8s), 0013/0468 VUs, 1391927 complete and 0 interrupted iterations
cap_mixed   [  39% ] 0013/0468 VUs  11m37.8s/30m0s  2000.00 iters/s

running (11m38.8s), 0132/0468 VUs, 1393808 complete and 0 interrupted iterations
cap_mixed   [  39% ] 0132/0468 VUs  11m38.8s/30m0s  2000.00 iters/s

running (11m39.8s), 0013/0468 VUs, 1395927 complete and 0 interrupted iterations
cap_mixed   [  39% ] 0013/0468 VUs  11m39.8s/30m0s  2000.00 iters/s

running (11m40.8s), 0011/0468 VUs, 1397929 complete and 0 interrupted iterations
cap_mixed   [  39% ] 0011/0468 VUs  11m40.8s/30m0s  2000.00 iters/s

running (11m41.8s), 0027/0468 VUs, 1399913 complete and 0 interrupted iterations
cap_mixed   [  39% ] 0027/0468 VUs  11m41.8s/30m0s  2000.00 iters/s

running (11m42.8s), 0016/0468 VUs, 1401925 complete and 0 interrupted iterations
cap_mixed   [  39% ] 0016/0468 VUs  11m42.8s/30m0s  2000.00 iters/s

running (11m43.8s), 0012/0468 VUs, 1403928 complete and 0 interrupted iterations
cap_mixed   [  39% ] 0012/0468 VUs  11m43.8s/30m0s  2000.00 iters/s

running (11m44.8s), 0016/0468 VUs, 1405927 complete and 0 interrupted iterations
cap_mixed   [  39% ] 0016/0468 VUs  11m44.8s/30m0s  2000.00 iters/s

running (11m45.8s), 0010/0468 VUs, 1407931 complete and 0 interrupted iterations
cap_mixed   [  39% ] 0010/0468 VUs  11m45.8s/30m0s  2000.00 iters/s

running (11m46.8s), 0013/0468 VUs, 1409927 complete and 0 interrupted iterations
cap_mixed   [  39% ] 0013/0468 VUs  11m46.8s/30m0s  2000.00 iters/s

running (11m47.8s), 0017/0468 VUs, 1411923 complete and 0 interrupted iterations
cap_mixed   [  39% ] 0017/0468 VUs  11m47.8s/30m0s  2000.00 iters/s

running (11m48.8s), 0014/0468 VUs, 1413927 complete and 0 interrupted iterations
cap_mixed   [  39% ] 0014/0468 VUs  11m48.8s/30m0s  2000.00 iters/s

running (11m49.8s), 0105/0468 VUs, 1415835 complete and 0 interrupted iterations
cap_mixed   [  39% ] 0105/0468 VUs  11m49.8s/30m0s  2000.00 iters/s

running (11m50.8s), 0012/0468 VUs, 1417928 complete and 0 interrupted iterations
cap_mixed   [  39% ] 0012/0468 VUs  11m50.8s/30m0s  2000.00 iters/s

running (11m51.8s), 0019/0468 VUs, 1419922 complete and 0 interrupted iterations
cap_mixed   [  40% ] 0019/0468 VUs  11m51.8s/30m0s  2000.00 iters/s

running (11m52.8s), 0013/0468 VUs, 1421927 complete and 0 interrupted iterations
cap_mixed   [  40% ] 0013/0468 VUs  11m52.8s/30m0s  2000.00 iters/s

running (11m53.8s), 0011/0468 VUs, 1423929 complete and 0 interrupted iterations
cap_mixed   [  40% ] 0011/0468 VUs  11m53.8s/30m0s  2000.00 iters/s

running (11m54.8s), 0015/0468 VUs, 1425926 complete and 0 interrupted iterations
cap_mixed   [  40% ] 0015/0468 VUs  11m54.8s/30m0s  2000.00 iters/s

running (11m55.8s), 0115/0468 VUs, 1427825 complete and 0 interrupted iterations
cap_mixed   [  40% ] 0115/0468 VUs  11m55.8s/30m0s  2000.00 iters/s

running (11m56.8s), 0020/0468 VUs, 1429920 complete and 0 interrupted iterations
cap_mixed   [  40% ] 0020/0468 VUs  11m56.8s/30m0s  2000.00 iters/s

running (11m57.8s), 0027/0468 VUs, 1431912 complete and 0 interrupted iterations
cap_mixed   [  40% ] 0027/0468 VUs  11m57.8s/30m0s  2000.00 iters/s

running (11m58.8s), 0010/0468 VUs, 1433930 complete and 0 interrupted iterations
cap_mixed   [  40% ] 0010/0468 VUs  11m58.8s/30m0s  2000.00 iters/s

running (11m59.8s), 0015/0468 VUs, 1435926 complete and 0 interrupted iterations
cap_mixed   [  40% ] 0015/0468 VUs  11m59.8s/30m0s  2000.00 iters/s

running (12m00.8s), 0019/0468 VUs, 1437920 complete and 0 interrupted iterations
cap_mixed   [  40% ] 0019/0468 VUs  12m00.8s/30m0s  2000.00 iters/s

running (12m01.8s), 0506/0506 VUs, 1438855 complete and 0 interrupted iterations
cap_mixed   [  40% ] 0506/0506 VUs  12m01.8s/30m0s  2000.00 iters/s

running (12m02.8s), 0013/0508 VUs, 1441330 complete and 0 interrupted iterations
cap_mixed   [  40% ] 0013/0508 VUs  12m02.8s/30m0s  2000.00 iters/s

running (12m03.8s), 0011/0508 VUs, 1443331 complete and 0 interrupted iterations
cap_mixed   [  40% ] 0011/0508 VUs  12m03.8s/30m0s  2000.00 iters/s

running (12m04.8s), 0014/0508 VUs, 1445329 complete and 0 interrupted iterations
cap_mixed   [  40% ] 0014/0508 VUs  12m04.8s/30m0s  2000.00 iters/s

running (12m05.8s), 0016/0508 VUs, 1447327 complete and 0 interrupted iterations
cap_mixed   [  40% ] 0016/0508 VUs  12m05.8s/30m0s  2000.00 iters/s

running (12m06.8s), 0018/0508 VUs, 1449324 complete and 0 interrupted iterations
cap_mixed   [  40% ] 0018/0508 VUs  12m06.8s/30m0s  2000.00 iters/s

running (12m07.8s), 0303/0514 VUs, 1450942 complete and 0 interrupted iterations
cap_mixed   [  40% ] 0303/0514 VUs  12m07.8s/30m0s  2000.00 iters/s

running (12m08.8s), 0016/0514 VUs, 1453230 complete and 0 interrupted iterations
cap_mixed   [  40% ] 0016/0514 VUs  12m08.8s/30m0s  2000.00 iters/s

running (12m09.8s), 0014/0514 VUs, 1455231 complete and 0 interrupted iterations
cap_mixed   [  41% ] 0014/0514 VUs  12m09.8s/30m0s  2000.00 iters/s

running (12m10.8s), 0010/0514 VUs, 1457236 complete and 0 interrupted iterations
cap_mixed   [  41% ] 0010/0514 VUs  12m10.8s/30m0s  2000.00 iters/s

running (12m11.8s), 0011/0514 VUs, 1459232 complete and 0 interrupted iterations
cap_mixed   [  41% ] 0012/0514 VUs  12m11.8s/30m0s  2000.00 iters/s

running (12m12.8s), 0086/0514 VUs, 1461158 complete and 0 interrupted iterations
cap_mixed   [  41% ] 0086/0514 VUs  12m12.8s/30m0s  2000.00 iters/s

running (12m13.8s), 0018/0514 VUs, 1463228 complete and 0 interrupted iterations
cap_mixed   [  41% ] 0018/0514 VUs  12m13.8s/30m0s  2000.00 iters/s

running (12m14.8s), 0016/0514 VUs, 1465229 complete and 0 interrupted iterations
cap_mixed   [  41% ] 0016/0514 VUs  12m14.8s/30m0s  2000.00 iters/s

running (12m15.8s), 0014/0514 VUs, 1467231 complete and 0 interrupted iterations
cap_mixed   [  41% ] 0014/0514 VUs  12m15.8s/30m0s  2000.00 iters/s

running (12m16.8s), 0014/0514 VUs, 1469232 complete and 0 interrupted iterations
cap_mixed   [  41% ] 0014/0514 VUs  12m16.8s/30m0s  2000.00 iters/s

running (12m17.8s), 0012/0514 VUs, 1471233 complete and 0 interrupted iterations
cap_mixed   [  41% ] 0012/0514 VUs  12m17.8s/30m0s  2000.00 iters/s

running (12m18.8s), 0473/0519 VUs, 1472677 complete and 0 interrupted iterations
cap_mixed   [  41% ] 0473/0519 VUs  12m18.8s/30m0s  2000.00 iters/s

running (12m19.8s), 0212/0564 VUs, 1474222 complete and 0 interrupted iterations
cap_mixed   [  41% ] 0212/0564 VUs  12m19.8s/30m0s  2000.00 iters/s

running (12m20.8s), 0010/0564 VUs, 1476426 complete and 0 interrupted iterations
cap_mixed   [  41% ] 0010/0564 VUs  12m20.8s/30m0s  2000.00 iters/s

running (12m21.8s), 0011/0564 VUs, 1478424 complete and 0 interrupted iterations
cap_mixed   [  41% ] 0011/0564 VUs  12m21.8s/30m0s  2000.00 iters/s

running (12m22.8s), 0010/0564 VUs, 1480425 complete and 0 interrupted iterations
cap_mixed   [  41% ] 0010/0564 VUs  12m22.8s/30m0s  2000.00 iters/s

running (12m23.8s), 0014/0564 VUs, 1482421 complete and 0 interrupted iterations
cap_mixed   [  41% ] 0014/0564 VUs  12m23.8s/30m0s  2000.00 iters/s

running (12m24.8s), 0058/0564 VUs, 1484377 complete and 0 interrupted iterations
cap_mixed   [  41% ] 0058/0564 VUs  12m24.8s/30m0s  2000.00 iters/s

running (12m25.8s), 0017/0564 VUs, 1486419 complete and 0 interrupted iterations
cap_mixed   [  41% ] 0017/0564 VUs  12m25.8s/30m0s  2000.00 iters/s

running (12m26.8s), 0011/0564 VUs, 1488424 complete and 0 interrupted iterations
cap_mixed   [  41% ] 0011/0564 VUs  12m26.8s/30m0s  2000.00 iters/s

running (12m27.8s), 0014/0564 VUs, 1490421 complete and 0 interrupted iterations
cap_mixed   [  42% ] 0014/0564 VUs  12m27.8s/30m0s  2000.00 iters/s

running (12m28.8s), 0019/0564 VUs, 1492416 complete and 0 interrupted iterations
cap_mixed   [  42% ] 0019/0564 VUs  12m28.8s/30m0s  2000.00 iters/s

running (12m29.8s), 0013/0564 VUs, 1494422 complete and 0 interrupted iterations
cap_mixed   [  42% ] 0013/0564 VUs  12m29.8s/30m0s  2000.00 iters/s

running (12m30.8s), 0013/0564 VUs, 1496422 complete and 0 interrupted iterations
cap_mixed   [  42% ] 0013/0564 VUs  12m30.8s/30m0s  2000.00 iters/s

running (12m31.8s), 0020/0564 VUs, 1498416 complete and 0 interrupted iterations
cap_mixed   [  42% ] 0020/0564 VUs  12m31.8s/30m0s  2000.00 iters/s

running (12m32.8s), 0019/0564 VUs, 1500417 complete and 0 interrupted iterations
cap_mixed   [  42% ] 0019/0564 VUs  12m32.8s/30m0s  2000.00 iters/s

running (12m33.8s), 0021/0564 VUs, 1502415 complete and 0 interrupted iterations
cap_mixed   [  42% ] 0021/0564 VUs  12m33.8s/30m0s  2000.00 iters/s

running (12m34.8s), 0011/0564 VUs, 1504424 complete and 0 interrupted iterations
cap_mixed   [  42% ] 0011/0564 VUs  12m34.8s/30m0s  2000.00 iters/s

running (12m35.8s), 0017/0564 VUs, 1506418 complete and 0 interrupted iterations
cap_mixed   [  42% ] 0017/0564 VUs  12m35.8s/30m0s  2000.00 iters/s

running (12m36.8s), 0017/0564 VUs, 1508419 complete and 0 interrupted iterations
cap_mixed   [  42% ] 0017/0564 VUs  12m36.8s/30m0s  2000.00 iters/s

running (12m37.8s), 0011/0564 VUs, 1510424 complete and 0 interrupted iterations
cap_mixed   [  42% ] 0011/0564 VUs  12m37.8s/30m0s  2000.00 iters/s

running (12m38.8s), 0018/0564 VUs, 1512417 complete and 0 interrupted iterations
cap_mixed   [  42% ] 0018/0564 VUs  12m38.8s/30m0s  2000.00 iters/s

running (12m39.8s), 0015/0564 VUs, 1514420 complete and 0 interrupted iterations
cap_mixed   [  42% ] 0015/0564 VUs  12m39.8s/30m0s  2000.00 iters/s

running (12m40.8s), 0024/0564 VUs, 1516411 complete and 0 interrupted iterations
cap_mixed   [  42% ] 0024/0564 VUs  12m40.8s/30m0s  2000.00 iters/s

running (12m41.8s), 0017/0564 VUs, 1518419 complete and 0 interrupted iterations
cap_mixed   [  42% ] 0017/0564 VUs  12m41.8s/30m0s  2000.00 iters/s

running (12m42.8s), 0015/0564 VUs, 1520421 complete and 0 interrupted iterations
cap_mixed   [  42% ] 0015/0564 VUs  12m42.8s/30m0s  2000.00 iters/s

running (12m43.8s), 0013/0564 VUs, 1522422 complete and 0 interrupted iterations
cap_mixed   [  42% ] 0013/0564 VUs  12m43.8s/30m0s  2000.00 iters/s

running (12m44.8s), 0014/0564 VUs, 1524422 complete and 0 interrupted iterations
cap_mixed   [  42% ] 0014/0564 VUs  12m44.8s/30m0s  2000.00 iters/s

running (12m45.8s), 0032/0564 VUs, 1526404 complete and 0 interrupted iterations
cap_mixed   [  43% ] 0032/0564 VUs  12m45.8s/30m0s  2000.00 iters/s

running (12m46.8s), 0009/0564 VUs, 1528426 complete and 0 interrupted iterations
cap_mixed   [  43% ] 0009/0564 VUs  12m46.8s/30m0s  2000.00 iters/s

running (12m47.8s), 0014/0564 VUs, 1530421 complete and 0 interrupted iterations
cap_mixed   [  43% ] 0014/0564 VUs  12m47.8s/30m0s  2000.00 iters/s

running (12m48.8s), 0014/0564 VUs, 1532421 complete and 0 interrupted iterations
cap_mixed   [  43% ] 0014/0564 VUs  12m48.8s/30m0s  2000.00 iters/s

running (12m49.8s), 0017/0564 VUs, 1534420 complete and 0 interrupted iterations
cap_mixed   [  43% ] 0017/0564 VUs  12m49.8s/30m0s  2000.00 iters/s

running (12m50.8s), 0011/0564 VUs, 1536424 complete and 0 interrupted iterations
cap_mixed   [  43% ] 0011/0564 VUs  12m50.8s/30m0s  2000.00 iters/s

running (12m51.8s), 0016/0564 VUs, 1538419 complete and 0 interrupted iterations
cap_mixed   [  43% ] 0016/0564 VUs  12m51.8s/30m0s  2000.00 iters/s

running (12m52.8s), 0015/0564 VUs, 1540420 complete and 0 interrupted iterations
cap_mixed   [  43% ] 0015/0564 VUs  12m52.8s/30m0s  2000.00 iters/s

running (12m53.8s), 0018/0564 VUs, 1542417 complete and 0 interrupted iterations
cap_mixed   [  43% ] 0018/0564 VUs  12m53.8s/30m0s  2000.00 iters/s

running (12m54.8s), 0011/0564 VUs, 1544424 complete and 0 interrupted iterations
cap_mixed   [  43% ] 0011/0564 VUs  12m54.8s/30m0s  2000.00 iters/s

running (12m55.8s), 0012/0564 VUs, 1546423 complete and 0 interrupted iterations
cap_mixed   [  43% ] 0012/0564 VUs  12m55.8s/30m0s  2000.00 iters/s

running (12m56.8s), 0014/0564 VUs, 1548422 complete and 0 interrupted iterations
cap_mixed   [  43% ] 0014/0564 VUs  12m56.8s/30m0s  2000.00 iters/s

running (12m57.8s), 0013/0564 VUs, 1550422 complete and 0 interrupted iterations
cap_mixed   [  43% ] 0013/0564 VUs  12m57.8s/30m0s  2000.00 iters/s

running (12m58.8s), 0025/0564 VUs, 1552410 complete and 0 interrupted iterations
cap_mixed   [  43% ] 0025/0564 VUs  12m58.8s/30m0s  2000.00 iters/s

running (12m59.8s), 0012/0564 VUs, 1554423 complete and 0 interrupted iterations
cap_mixed   [  43% ] 0012/0564 VUs  12m59.8s/30m0s  2000.00 iters/s

running (13m00.8s), 0015/0564 VUs, 1556421 complete and 0 interrupted iterations
cap_mixed   [  43% ] 0015/0564 VUs  13m00.8s/30m0s  2000.00 iters/s

running (13m01.8s), 0028/0564 VUs, 1558407 complete and 0 interrupted iterations
cap_mixed   [  43% ] 0028/0564 VUs  13m01.8s/30m0s  2000.00 iters/s

running (13m02.8s), 0032/0564 VUs, 1560403 complete and 0 interrupted iterations
cap_mixed   [  43% ] 0032/0564 VUs  13m02.8s/30m0s  2000.00 iters/s

running (13m03.8s), 0034/0564 VUs, 1562402 complete and 0 interrupted iterations
cap_mixed   [  44% ] 0034/0564 VUs  13m03.8s/30m0s  2000.00 iters/s

running (13m04.8s), 0015/0564 VUs, 1564420 complete and 0 interrupted iterations
cap_mixed   [  44% ] 0015/0564 VUs  13m04.8s/30m0s  2000.00 iters/s

running (13m05.8s), 0014/0564 VUs, 1566422 complete and 0 interrupted iterations
cap_mixed   [  44% ] 0014/0564 VUs  13m05.8s/30m0s  2000.00 iters/s

running (13m06.8s), 0014/0564 VUs, 1568421 complete and 0 interrupted iterations
cap_mixed   [  44% ] 0014/0564 VUs  13m06.8s/30m0s  2000.00 iters/s

running (13m07.8s), 0017/0564 VUs, 1570419 complete and 0 interrupted iterations
cap_mixed   [  44% ] 0017/0564 VUs  13m07.8s/30m0s  2000.00 iters/s

running (13m08.8s), 0013/0564 VUs, 1572422 complete and 0 interrupted iterations
cap_mixed   [  44% ] 0013/0564 VUs  13m08.8s/30m0s  2000.00 iters/s

running (13m09.8s), 0013/0564 VUs, 1574423 complete and 0 interrupted iterations
cap_mixed   [  44% ] 0013/0564 VUs  13m09.8s/30m0s  2000.00 iters/s

running (13m10.8s), 0011/0564 VUs, 1576424 complete and 0 interrupted iterations
cap_mixed   [  44% ] 0011/0564 VUs  13m10.8s/30m0s  2000.00 iters/s

running (13m11.8s), 0013/0564 VUs, 1578422 complete and 0 interrupted iterations
cap_mixed   [  44% ] 0013/0564 VUs  13m11.8s/30m0s  2000.00 iters/s

running (13m12.8s), 0011/0564 VUs, 1580424 complete and 0 interrupted iterations
cap_mixed   [  44% ] 0011/0564 VUs  13m12.8s/30m0s  2000.00 iters/s

running (13m13.8s), 0014/0564 VUs, 1582421 complete and 0 interrupted iterations
cap_mixed   [  44% ] 0014/0564 VUs  13m13.8s/30m0s  2000.00 iters/s

running (13m14.8s), 0019/0564 VUs, 1584416 complete and 0 interrupted iterations
cap_mixed   [  44% ] 0018/0564 VUs  13m14.8s/30m0s  2000.00 iters/s

running (13m15.8s), 0015/0564 VUs, 1586420 complete and 0 interrupted iterations
cap_mixed   [  44% ] 0015/0564 VUs  13m15.8s/30m0s  2000.00 iters/s

running (13m16.8s), 0006/0564 VUs, 1588429 complete and 0 interrupted iterations
cap_mixed   [  44% ] 0006/0564 VUs  13m16.8s/30m0s  2000.00 iters/s

running (13m17.8s), 0018/0564 VUs, 1590417 complete and 0 interrupted iterations
cap_mixed   [  44% ] 0018/0564 VUs  13m17.8s/30m0s  2000.00 iters/s

running (13m18.8s), 0011/0564 VUs, 1592425 complete and 0 interrupted iterations
cap_mixed   [  44% ] 0011/0564 VUs  13m18.8s/30m0s  2000.00 iters/s

running (13m19.8s), 0013/0564 VUs, 1594422 complete and 0 interrupted iterations
cap_mixed   [  44% ] 0013/0564 VUs  13m19.8s/30m0s  2000.00 iters/s

running (13m20.8s), 0012/0564 VUs, 1596423 complete and 0 interrupted iterations
cap_mixed   [  44% ] 0012/0564 VUs  13m20.8s/30m0s  2000.00 iters/s

running (13m21.8s), 0012/0564 VUs, 1598423 complete and 0 interrupted iterations
cap_mixed   [  45% ] 0012/0564 VUs  13m21.8s/30m0s  2000.00 iters/s

running (13m22.8s), 0011/0564 VUs, 1600424 complete and 0 interrupted iterations
cap_mixed   [  45% ] 0011/0564 VUs  13m22.8s/30m0s  2000.00 iters/s

running (13m23.8s), 0016/0564 VUs, 1602421 complete and 0 interrupted iterations
cap_mixed   [  45% ] 0016/0564 VUs  13m23.8s/30m0s  2000.00 iters/s

running (13m24.8s), 0011/0564 VUs, 1604425 complete and 0 interrupted iterations
cap_mixed   [  45% ] 0011/0564 VUs  13m24.8s/30m0s  2000.00 iters/s

running (13m25.8s), 0013/0564 VUs, 1606423 complete and 0 interrupted iterations
cap_mixed   [  45% ] 0013/0564 VUs  13m25.8s/30m0s  2000.00 iters/s

running (13m26.8s), 0036/0564 VUs, 1608399 complete and 0 interrupted iterations
cap_mixed   [  45% ] 0036/0564 VUs  13m26.8s/30m0s  2000.00 iters/s

running (13m27.8s), 0011/0564 VUs, 1610426 complete and 0 interrupted iterations
cap_mixed   [  45% ] 0011/0564 VUs  13m27.8s/30m0s  2000.00 iters/s

running (13m28.8s), 0012/0564 VUs, 1612423 complete and 0 interrupted iterations
cap_mixed   [  45% ] 0012/0564 VUs  13m28.8s/30m0s  2000.00 iters/s

running (13m29.8s), 0015/0564 VUs, 1614420 complete and 0 interrupted iterations
cap_mixed   [  45% ] 0015/0564 VUs  13m29.8s/30m0s  2000.00 iters/s

running (13m30.8s), 0016/0564 VUs, 1616419 complete and 0 interrupted iterations
cap_mixed   [  45% ] 0016/0564 VUs  13m30.8s/30m0s  2000.00 iters/s

running (13m31.8s), 0015/0564 VUs, 1618420 complete and 0 interrupted iterations
cap_mixed   [  45% ] 0015/0564 VUs  13m31.8s/30m0s  2000.00 iters/s

running (13m32.8s), 0026/0564 VUs, 1620409 complete and 0 interrupted iterations
cap_mixed   [  45% ] 0026/0564 VUs  13m32.8s/30m0s  2000.00 iters/s

running (13m33.8s), 0016/0564 VUs, 1622419 complete and 0 interrupted iterations
cap_mixed   [  45% ] 0016/0564 VUs  13m33.8s/30m0s  2000.00 iters/s

running (13m34.8s), 0010/0564 VUs, 1624425 complete and 0 interrupted iterations
cap_mixed   [  45% ] 0010/0564 VUs  13m34.8s/30m0s  2000.00 iters/s

running (13m35.8s), 0011/0564 VUs, 1626424 complete and 0 interrupted iterations
cap_mixed   [  45% ] 0011/0564 VUs  13m35.8s/30m0s  2000.00 iters/s

running (13m36.8s), 0011/0564 VUs, 1628425 complete and 0 interrupted iterations
cap_mixed   [  45% ] 0011/0564 VUs  13m36.8s/30m0s  2000.00 iters/s

running (13m37.8s), 0016/0564 VUs, 1630419 complete and 0 interrupted iterations
cap_mixed   [  45% ] 0016/0564 VUs  13m37.8s/30m0s  2000.00 iters/s

running (13m38.8s), 0014/0564 VUs, 1632422 complete and 0 interrupted iterations
cap_mixed   [  45% ] 0014/0564 VUs  13m38.8s/30m0s  2000.00 iters/s

running (13m39.8s), 0015/0564 VUs, 1634420 complete and 0 interrupted iterations
cap_mixed   [  46% ] 0015/0564 VUs  13m39.8s/30m0s  2000.00 iters/s

running (13m40.8s), 0014/0564 VUs, 1636420 complete and 0 interrupted iterations
cap_mixed   [  46% ] 0014/0564 VUs  13m40.8s/30m0s  2000.00 iters/s

running (13m41.8s), 0023/0564 VUs, 1638413 complete and 0 interrupted iterations
cap_mixed   [  46% ] 0023/0564 VUs  13m41.8s/30m0s  2000.00 iters/s

running (13m42.8s), 0008/0564 VUs, 1640427 complete and 0 interrupted iterations
cap_mixed   [  46% ] 0008/0564 VUs  13m42.8s/30m0s  2000.00 iters/s

running (13m43.8s), 0012/0564 VUs, 1642423 complete and 0 interrupted iterations
cap_mixed   [  46% ] 0012/0564 VUs  13m43.8s/30m0s  2000.00 iters/s

running (13m44.8s), 0015/0564 VUs, 1644420 complete and 0 interrupted iterations
cap_mixed   [  46% ] 0015/0564 VUs  13m44.8s/30m0s  2000.00 iters/s

running (13m45.8s), 0013/0564 VUs, 1646423 complete and 0 interrupted iterations
cap_mixed   [  46% ] 0013/0564 VUs  13m45.8s/30m0s  2000.00 iters/s

running (13m46.8s), 0015/0564 VUs, 1648420 complete and 0 interrupted iterations
cap_mixed   [  46% ] 0015/0564 VUs  13m46.8s/30m0s  2000.00 iters/s

running (13m47.8s), 0014/0564 VUs, 1650421 complete and 0 interrupted iterations
cap_mixed   [  46% ] 0014/0564 VUs  13m47.8s/30m0s  2000.00 iters/s

running (13m48.8s), 0021/0564 VUs, 1652415 complete and 0 interrupted iterations
cap_mixed   [  46% ] 0021/0564 VUs  13m48.8s/30m0s  2000.00 iters/s

running (13m49.8s), 0013/0564 VUs, 1654423 complete and 0 interrupted iterations
cap_mixed   [  46% ] 0013/0564 VUs  13m49.8s/30m0s  2000.00 iters/s

running (13m50.8s), 0011/0564 VUs, 1656424 complete and 0 interrupted iterations
cap_mixed   [  46% ] 0011/0564 VUs  13m50.8s/30m0s  2000.00 iters/s

running (13m51.8s), 0013/0564 VUs, 1658422 complete and 0 interrupted iterations
cap_mixed   [  46% ] 0013/0564 VUs  13m51.8s/30m0s  2000.00 iters/s

running (13m52.8s), 0015/0564 VUs, 1660421 complete and 0 interrupted iterations
cap_mixed   [  46% ] 0015/0564 VUs  13m52.8s/30m0s  2000.00 iters/s

running (13m53.8s), 0019/0564 VUs, 1662417 complete and 0 interrupted iterations
cap_mixed   [  46% ] 0019/0564 VUs  13m53.8s/30m0s  2000.00 iters/s

running (13m54.8s), 0018/0564 VUs, 1664417 complete and 0 interrupted iterations
cap_mixed   [  46% ] 0018/0564 VUs  13m54.8s/30m0s  2000.00 iters/s

running (13m55.8s), 0015/0564 VUs, 1666420 complete and 0 interrupted iterations
cap_mixed   [  46% ] 0015/0564 VUs  13m55.8s/30m0s  2000.00 iters/s

running (13m56.8s), 0016/0564 VUs, 1668419 complete and 0 interrupted iterations
cap_mixed   [  46% ] 0016/0564 VUs  13m56.8s/30m0s  2000.00 iters/s

running (13m57.8s), 0020/0564 VUs, 1670416 complete and 0 interrupted iterations
cap_mixed   [  47% ] 0020/0564 VUs  13m57.8s/30m0s  2000.00 iters/s

running (13m58.8s), 0011/0564 VUs, 1672424 complete and 0 interrupted iterations
cap_mixed   [  47% ] 0011/0564 VUs  13m58.8s/30m0s  2000.00 iters/s

running (13m59.8s), 0012/0564 VUs, 1674424 complete and 0 interrupted iterations
cap_mixed   [  47% ] 0012/0564 VUs  13m59.8s/30m0s  2000.00 iters/s

running (14m00.8s), 0019/0564 VUs, 1676416 complete and 0 interrupted iterations
cap_mixed   [  47% ] 0019/0564 VUs  14m00.8s/30m0s  2000.00 iters/s

running (14m01.8s), 0014/0564 VUs, 1678422 complete and 0 interrupted iterations
cap_mixed   [  47% ] 0014/0564 VUs  14m01.8s/30m0s  2000.00 iters/s

running (14m02.8s), 0022/0564 VUs, 1680412 complete and 0 interrupted iterations
cap_mixed   [  47% ] 0022/0564 VUs  14m02.8s/30m0s  2000.00 iters/s

running (14m03.8s), 0013/0564 VUs, 1682423 complete and 0 interrupted iterations
cap_mixed   [  47% ] 0013/0564 VUs  14m03.8s/30m0s  2000.00 iters/s

running (14m04.8s), 0010/0564 VUs, 1684425 complete and 0 interrupted iterations
cap_mixed   [  47% ] 0010/0564 VUs  14m04.8s/30m0s  2000.00 iters/s

running (14m05.8s), 0010/0564 VUs, 1686425 complete and 0 interrupted iterations
cap_mixed   [  47% ] 0010/0564 VUs  14m05.8s/30m0s  2000.00 iters/s

running (14m06.8s), 0014/0564 VUs, 1688421 complete and 0 interrupted iterations
cap_mixed   [  47% ] 0014/0564 VUs  14m06.8s/30m0s  2000.00 iters/s

running (14m07.8s), 0023/0564 VUs, 1690412 complete and 0 interrupted iterations
cap_mixed   [  47% ] 0023/0564 VUs  14m07.8s/30m0s  2000.00 iters/s

running (14m08.8s), 0015/0564 VUs, 1692420 complete and 0 interrupted iterations
cap_mixed   [  47% ] 0015/0564 VUs  14m08.8s/30m0s  2000.00 iters/s

running (14m09.8s), 0016/0564 VUs, 1694419 complete and 0 interrupted iterations
cap_mixed   [  47% ] 0016/0564 VUs  14m09.8s/30m0s  2000.00 iters/s

running (14m10.8s), 0015/0564 VUs, 1696420 complete and 0 interrupted iterations
cap_mixed   [  47% ] 0015/0564 VUs  14m10.8s/30m0s  2000.00 iters/s

running (14m11.8s), 0010/0564 VUs, 1698426 complete and 0 interrupted iterations
cap_mixed   [  47% ] 0010/0564 VUs  14m11.8s/30m0s  2000.00 iters/s

running (14m12.8s), 0009/0564 VUs, 1700426 complete and 0 interrupted iterations
cap_mixed   [  47% ] 0009/0564 VUs  14m12.8s/30m0s  2000.00 iters/s

running (14m13.8s), 0015/0564 VUs, 1702420 complete and 0 interrupted iterations
cap_mixed   [  47% ] 0015/0564 VUs  14m13.8s/30m0s  2000.00 iters/s

running (14m14.8s), 0015/0564 VUs, 1704420 complete and 0 interrupted iterations
cap_mixed   [  47% ] 0015/0564 VUs  14m14.8s/30m0s  2000.00 iters/s

running (14m15.8s), 0016/0564 VUs, 1706419 complete and 0 interrupted iterations
cap_mixed   [  48% ] 0016/0564 VUs  14m15.8s/30m0s  2000.00 iters/s

running (14m16.8s), 0015/0564 VUs, 1708420 complete and 0 interrupted iterations
cap_mixed   [  48% ] 0015/0564 VUs  14m16.8s/30m0s  2000.00 iters/s

running (14m17.8s), 0012/0564 VUs, 1710424 complete and 0 interrupted iterations
cap_mixed   [  48% ] 0012/0564 VUs  14m17.8s/30m0s  2000.00 iters/s

running (14m18.8s), 0015/0564 VUs, 1712420 complete and 0 interrupted iterations
cap_mixed   [  48% ] 0015/0564 VUs  14m18.8s/30m0s  2000.00 iters/s

running (14m19.8s), 0017/0564 VUs, 1714419 complete and 0 interrupted iterations
cap_mixed   [  48% ] 0017/0564 VUs  14m19.8s/30m0s  2000.00 iters/s

running (14m20.8s), 0018/0564 VUs, 1716417 complete and 0 interrupted iterations
cap_mixed   [  48% ] 0018/0564 VUs  14m20.8s/30m0s  2000.00 iters/s

running (14m21.8s), 0017/0564 VUs, 1718418 complete and 0 interrupted iterations
cap_mixed   [  48% ] 0017/0564 VUs  14m21.8s/30m0s  2000.00 iters/s

running (14m22.8s), 0160/0564 VUs, 1720276 complete and 0 interrupted iterations
cap_mixed   [  48% ] 0160/0564 VUs  14m22.8s/30m0s  2000.00 iters/s

running (14m23.8s), 0012/0564 VUs, 1722423 complete and 0 interrupted iterations
cap_mixed   [  48% ] 0012/0564 VUs  14m23.8s/30m0s  2000.00 iters/s

running (14m24.8s), 0016/0564 VUs, 1724419 complete and 0 interrupted iterations
cap_mixed   [  48% ] 0016/0564 VUs  14m24.8s/30m0s  2000.00 iters/s

running (14m25.8s), 0014/0564 VUs, 1726421 complete and 0 interrupted iterations
cap_mixed   [  48% ] 0014/0564 VUs  14m25.8s/30m0s  2000.00 iters/s

running (14m26.8s), 0013/0564 VUs, 1728423 complete and 0 interrupted iterations
cap_mixed   [  48% ] 0013/0564 VUs  14m26.8s/30m0s  2000.00 iters/s

running (14m27.8s), 0017/0564 VUs, 1730418 complete and 0 interrupted iterations
cap_mixed   [  48% ] 0017/0564 VUs  14m27.8s/30m0s  2000.00 iters/s

running (14m28.8s), 0017/0564 VUs, 1732418 complete and 0 interrupted iterations
cap_mixed   [  48% ] 0017/0564 VUs  14m28.8s/30m0s  2000.00 iters/s

running (14m29.8s), 0039/0564 VUs, 1734396 complete and 0 interrupted iterations
cap_mixed   [  48% ] 0039/0564 VUs  14m29.8s/30m0s  2000.00 iters/s

running (14m30.8s), 0018/0564 VUs, 1736417 complete and 0 interrupted iterations
cap_mixed   [  48% ] 0018/0564 VUs  14m30.8s/30m0s  2000.00 iters/s

running (14m31.8s), 0022/0564 VUs, 1738413 complete and 0 interrupted iterations
cap_mixed   [  48% ] 0022/0564 VUs  14m31.8s/30m0s  2000.00 iters/s

running (14m32.8s), 0007/0564 VUs, 1740428 complete and 0 interrupted iterations
cap_mixed   [  48% ] 0007/0564 VUs  14m32.8s/30m0s  2000.00 iters/s

running (14m33.8s), 0013/0564 VUs, 1742423 complete and 0 interrupted iterations
cap_mixed   [  49% ] 0013/0564 VUs  14m33.8s/30m0s  2000.00 iters/s

running (14m34.8s), 0016/0564 VUs, 1744419 complete and 0 interrupted iterations
cap_mixed   [  49% ] 0016/0564 VUs  14m34.8s/30m0s  2000.00 iters/s

running (14m35.8s), 0012/0564 VUs, 1746423 complete and 0 interrupted iterations
cap_mixed   [  49% ] 0012/0564 VUs  14m35.8s/30m0s  2000.00 iters/s

running (14m36.8s), 0016/0564 VUs, 1748420 complete and 0 interrupted iterations
cap_mixed   [  49% ] 0016/0564 VUs  14m36.8s/30m0s  2000.00 iters/s

running (14m37.8s), 0007/0564 VUs, 1750428 complete and 0 interrupted iterations
cap_mixed   [  49% ] 0007/0564 VUs  14m37.8s/30m0s  2000.00 iters/s

running (14m38.8s), 0045/0564 VUs, 1752391 complete and 0 interrupted iterations
cap_mixed   [  49% ] 0045/0564 VUs  14m38.8s/30m0s  2000.00 iters/s

running (14m39.8s), 0035/0564 VUs, 1754400 complete and 0 interrupted iterations
cap_mixed   [  49% ] 0035/0564 VUs  14m39.8s/30m0s  2000.00 iters/s

running (14m40.8s), 0104/0567 VUs, 1756277 complete and 0 interrupted iterations
cap_mixed   [  49% ] 0104/0567 VUs  14m40.8s/30m0s  2000.00 iters/s

running (14m41.8s), 0011/0567 VUs, 1758370 complete and 0 interrupted iterations
cap_mixed   [  49% ] 0011/0567 VUs  14m41.8s/30m0s  2000.00 iters/s

running (14m42.8s), 0012/0567 VUs, 1760369 complete and 0 interrupted iterations
cap_mixed   [  49% ] 0012/0567 VUs  14m42.8s/30m0s  2000.00 iters/s

running (14m43.8s), 0215/0567 VUs, 1762166 complete and 0 interrupted iterations
cap_mixed   [  49% ] 0215/0567 VUs  14m43.8s/30m0s  2000.00 iters/s

running (14m44.8s), 0355/0567 VUs, 1764026 complete and 0 interrupted iterations
cap_mixed   [  49% ] 0355/0567 VUs  14m44.8s/30m0s  2000.00 iters/s

running (14m45.8s), 0007/0567 VUs, 1766373 complete and 0 interrupted iterations
cap_mixed   [  49% ] 0007/0567 VUs  14m45.8s/30m0s  2000.00 iters/s

running (14m46.8s), 0015/0567 VUs, 1768366 complete and 0 interrupted iterations
cap_mixed   [  49% ] 0015/0567 VUs  14m46.8s/30m0s  2000.00 iters/s

running (14m47.8s), 0025/0567 VUs, 1770356 complete and 0 interrupted iterations
cap_mixed   [  49% ] 0025/0567 VUs  14m47.8s/30m0s  2000.00 iters/s

running (14m48.8s), 0018/0567 VUs, 1772365 complete and 0 interrupted iterations
cap_mixed   [  49% ] 0018/0567 VUs  14m48.8s/30m0s  2000.00 iters/s

running (14m49.8s), 0008/0567 VUs, 1774373 complete and 0 interrupted iterations
cap_mixed   [  49% ] 0008/0567 VUs  14m49.8s/30m0s  2000.00 iters/s

running (14m50.8s), 0064/0567 VUs, 1776316 complete and 0 interrupted iterations
cap_mixed   [  49% ] 0065/0567 VUs  14m50.8s/30m0s  2000.00 iters/s

running (14m51.8s), 0022/0567 VUs, 1778360 complete and 0 interrupted iterations
cap_mixed   [  50% ] 0022/0567 VUs  14m51.8s/30m0s  2000.00 iters/s

running (14m52.8s), 0010/0567 VUs, 1780371 complete and 0 interrupted iterations
cap_mixed   [  50% ] 0010/0567 VUs  14m52.8s/30m0s  2000.00 iters/s

running (14m53.8s), 0214/0567 VUs, 1782167 complete and 0 interrupted iterations
cap_mixed   [  50% ] 0214/0567 VUs  14m53.8s/30m0s  2000.00 iters/s

running (14m54.8s), 0487/0567 VUs, 1783893 complete and 0 interrupted iterations
cap_mixed   [  50% ] 0487/0567 VUs  14m54.8s/30m0s  2000.00 iters/s

running (14m55.8s), 0625/0629 VUs, 1785071 complete and 0 interrupted iterations
cap_mixed   [  50% ] 0625/0629 VUs  14m55.8s/30m0s  2000.00 iters/s

running (14m56.8s), 0697/0702 VUs, 1786240 complete and 0 interrupted iterations
cap_mixed   [  50% ] 0697/0702 VUs  14m56.8s/30m0s  2000.00 iters/s

running (14m57.8s), 0766/0767 VUs, 1787381 complete and 0 interrupted iterations
cap_mixed   [  50% ] 0766/0767 VUs  14m57.8s/30m0s  2000.00 iters/s

running (14m58.8s), 0818/0820 VUs, 1788554 complete and 0 interrupted iterations
cap_mixed   [  50% ] 0818/0820 VUs  14m58.8s/30m0s  2000.00 iters/s

running (14m59.8s), 0883/0886 VUs, 1789824 complete and 0 interrupted iterations
cap_mixed   [  50% ] 0883/0886 VUs  14m59.8s/30m0s  2000.00 iters/s

running (15m00.8s), 0951/0955 VUs, 1791011 complete and 0 interrupted iterations
cap_mixed   [  50% ] 0951/0955 VUs  15m00.8s/30m0s  2000.00 iters/s

running (15m01.8s), 0927/1022 VUs, 1792121 complete and 0 interrupted iterations
cap_mixed   [  50% ] 0927/1022 VUs  15m01.8s/30m0s  2000.00 iters/s

running (15m02.8s), 0312/1022 VUs, 1794736 complete and 0 interrupted iterations
cap_mixed   [  50% ] 0312/1022 VUs  15m02.8s/30m0s  2000.00 iters/s

running (15m03.8s), 0008/1022 VUs, 1797040 complete and 0 interrupted iterations
cap_mixed   [  50% ] 0008/1022 VUs  15m03.8s/30m0s  2000.00 iters/s

running (15m04.8s), 0029/1022 VUs, 1799019 complete and 0 interrupted iterations
cap_mixed   [  50% ] 0029/1022 VUs  15m04.8s/30m0s  2000.00 iters/s

running (15m05.8s), 0018/1022 VUs, 1801030 complete and 0 interrupted iterations
cap_mixed   [  50% ] 0018/1022 VUs  15m05.8s/30m0s  2000.00 iters/s

running (15m06.8s), 0006/1022 VUs, 1803042 complete and 0 interrupted iterations
cap_mixed   [  50% ] 0006/1022 VUs  15m06.8s/30m0s  2000.00 iters/s

running (15m07.8s), 0018/1022 VUs, 1805030 complete and 0 interrupted iterations
cap_mixed   [  50% ] 0018/1022 VUs  15m07.8s/30m0s  2000.00 iters/s

running (15m08.8s), 0011/1022 VUs, 1807037 complete and 0 interrupted iterations
cap_mixed   [  50% ] 0011/1022 VUs  15m08.8s/30m0s  2000.00 iters/s

running (15m09.8s), 0015/1022 VUs, 1809033 complete and 0 interrupted iterations
cap_mixed   [  51% ] 0015/1022 VUs  15m09.8s/30m0s  2000.00 iters/s

running (15m10.8s), 0037/1022 VUs, 1811012 complete and 0 interrupted iterations
cap_mixed   [  51% ] 0037/1022 VUs  15m10.8s/30m0s  2000.00 iters/s

running (15m11.8s), 0009/1022 VUs, 1813039 complete and 0 interrupted iterations
cap_mixed   [  51% ] 0009/1022 VUs  15m11.8s/30m0s  2000.00 iters/s

running (15m12.8s), 0006/1022 VUs, 1815042 complete and 0 interrupted iterations
cap_mixed   [  51% ] 0006/1022 VUs  15m12.8s/30m0s  2000.00 iters/s

running (15m13.8s), 0513/1022 VUs, 1816535 complete and 0 interrupted iterations
cap_mixed   [  51% ] 0513/1022 VUs  15m13.8s/30m0s  2000.00 iters/s

running (15m14.8s), 1019/1024 VUs, 1817576 complete and 0 interrupted iterations
cap_mixed   [  51% ] 1019/1024 VUs  15m14.8s/30m0s  2000.00 iters/s

running (15m15.8s), 1021/1024 VUs, 1819088 complete and 0 interrupted iterations
cap_mixed   [  51% ] 1021/1024 VUs  15m15.8s/30m0s  2000.00 iters/s

running (15m16.8s), 1024/1024 VUs, 1820607 complete and 0 interrupted iterations
cap_mixed   [  51% ] 1024/1024 VUs  15m16.8s/30m0s  2000.00 iters/s

running (15m17.8s), 0817/1024 VUs, 1822471 complete and 0 interrupted iterations
cap_mixed   [  51% ] 0817/1024 VUs  15m17.8s/30m0s  2000.00 iters/s

running (15m18.8s), 0154/1024 VUs, 1825135 complete and 0 interrupted iterations
cap_mixed   [  51% ] 0154/1024 VUs  15m18.8s/30m0s  2000.00 iters/s

running (15m19.8s), 0656/1024 VUs, 1826633 complete and 0 interrupted iterations
cap_mixed   [  51% ] 0656/1024 VUs  15m19.8s/30m0s  2000.00 iters/s

running (15m20.8s), 0286/1024 VUs, 1829003 complete and 0 interrupted iterations
cap_mixed   [  51% ] 0286/1024 VUs  15m20.8s/30m0s  2000.00 iters/s

running (15m21.8s), 0013/1024 VUs, 1831276 complete and 0 interrupted iterations
cap_mixed   [  51% ] 0013/1024 VUs  15m21.8s/30m0s  2000.00 iters/s

running (15m22.8s), 0025/1024 VUs, 1833265 complete and 0 interrupted iterations
cap_mixed   [  51% ] 0025/1024 VUs  15m22.8s/30m0s  2000.00 iters/s

running (15m23.8s), 0014/1024 VUs, 1835274 complete and 0 interrupted iterations
cap_mixed   [  51% ] 0014/1024 VUs  15m23.8s/30m0s  2000.00 iters/s

running (15m24.8s), 0009/1024 VUs, 1837279 complete and 0 interrupted iterations
cap_mixed   [  51% ] 0009/1024 VUs  15m24.8s/30m0s  2000.00 iters/s

running (15m25.8s), 0018/1024 VUs, 1839270 complete and 0 interrupted iterations
cap_mixed   [  51% ] 0018/1024 VUs  15m25.8s/30m0s  2000.00 iters/s

running (15m26.8s), 0014/1024 VUs, 1841274 complete and 0 interrupted iterations
cap_mixed   [  51% ] 0014/1024 VUs  15m26.8s/30m0s  2000.00 iters/s

running (15m27.8s), 0015/1024 VUs, 1843273 complete and 0 interrupted iterations
cap_mixed   [  52% ] 0015/1024 VUs  15m27.8s/30m0s  2000.00 iters/s

running (15m28.8s), 0018/1024 VUs, 1845270 complete and 0 interrupted iterations
cap_mixed   [  52% ] 0018/1024 VUs  15m28.8s/30m0s  2000.00 iters/s

running (15m29.8s), 0029/1024 VUs, 1847259 complete and 0 interrupted iterations
cap_mixed   [  52% ] 0029/1024 VUs  15m29.8s/30m0s  2000.00 iters/s

running (15m30.8s), 0013/1024 VUs, 1849275 complete and 0 interrupted iterations
cap_mixed   [  52% ] 0013/1024 VUs  15m30.8s/30m0s  2000.00 iters/s

running (15m31.8s), 0012/1024 VUs, 1851276 complete and 0 interrupted iterations
cap_mixed   [  52% ] 0012/1024 VUs  15m31.8s/30m0s  2000.00 iters/s

running (15m32.8s), 0016/1024 VUs, 1853272 complete and 0 interrupted iterations
cap_mixed   [  52% ] 0016/1024 VUs  15m32.8s/30m0s  2000.00 iters/s

running (15m33.8s), 0023/1024 VUs, 1855265 complete and 0 interrupted iterations
cap_mixed   [  52% ] 0023/1024 VUs  15m33.8s/30m0s  2000.00 iters/s

running (15m34.8s), 0018/1024 VUs, 1857270 complete and 0 interrupted iterations
cap_mixed   [  52% ] 0018/1024 VUs  15m34.8s/30m0s  2000.00 iters/s

running (15m35.8s), 0012/1024 VUs, 1859276 complete and 0 interrupted iterations
cap_mixed   [  52% ] 0012/1024 VUs  15m35.8s/30m0s  2000.00 iters/s

running (15m36.8s), 0014/1024 VUs, 1861274 complete and 0 interrupted iterations
cap_mixed   [  52% ] 0015/1024 VUs  15m36.8s/30m0s  2000.00 iters/s

running (15m37.8s), 0016/1024 VUs, 1863272 complete and 0 interrupted iterations
cap_mixed   [  52% ] 0016/1024 VUs  15m37.8s/30m0s  2000.00 iters/s

running (15m38.8s), 0015/1024 VUs, 1865273 complete and 0 interrupted iterations
cap_mixed   [  52% ] 0015/1024 VUs  15m38.8s/30m0s  2000.00 iters/s

running (15m39.8s), 0012/1024 VUs, 1867276 complete and 0 interrupted iterations
cap_mixed   [  52% ] 0012/1024 VUs  15m39.8s/30m0s  2000.00 iters/s

running (15m40.8s), 0535/1024 VUs, 1868753 complete and 0 interrupted iterations
cap_mixed   [  52% ] 0535/1024 VUs  15m40.8s/30m0s  2000.00 iters/s

running (15m41.8s), 0979/1024 VUs, 1870308 complete and 0 interrupted iterations
cap_mixed   [  52% ] 0979/1024 VUs  15m41.8s/30m0s  2000.00 iters/s

running (15m42.8s), 1024/1024 VUs, 1871796 complete and 0 interrupted iterations
cap_mixed   [  52% ] 1024/1024 VUs  15m42.8s/30m0s  2000.00 iters/s

running (15m43.8s), 1024/1024 VUs, 1873239 complete and 0 interrupted iterations
cap_mixed   [  52% ] 1024/1024 VUs  15m43.8s/30m0s  2000.00 iters/s

running (15m44.8s), 0788/1024 VUs, 1875095 complete and 0 interrupted iterations
cap_mixed   [  52% ] 0788/1024 VUs  15m44.8s/30m0s  2000.00 iters/s

running (15m45.8s), 0214/1024 VUs, 1877669 complete and 0 interrupted iterations
cap_mixed   [  53% ] 0214/1024 VUs  15m45.8s/30m0s  2000.00 iters/s

running (15m46.8s), 0008/1024 VUs, 1879876 complete and 0 interrupted iterations
cap_mixed   [  53% ] 0008/1024 VUs  15m46.8s/30m0s  2000.00 iters/s

running (15m47.8s), 0018/1024 VUs, 1881865 complete and 0 interrupted iterations
cap_mixed   [  53% ] 0018/1024 VUs  15m47.8s/30m0s  2000.00 iters/s

running (15m48.8s), 0013/1024 VUs, 1883870 complete and 0 interrupted iterations
cap_mixed   [  53% ] 0013/1024 VUs  15m48.8s/30m0s  2000.00 iters/s

running (15m49.8s), 0014/1024 VUs, 1885869 complete and 0 interrupted iterations
cap_mixed   [  53% ] 0014/1024 VUs  15m49.8s/30m0s  2000.00 iters/s

running (15m50.8s), 0014/1024 VUs, 1887870 complete and 0 interrupted iterations
cap_mixed   [  53% ] 0014/1024 VUs  15m50.8s/30m0s  2000.00 iters/s

running (15m51.8s), 0011/1024 VUs, 1889872 complete and 0 interrupted iterations
cap_mixed   [  53% ] 0011/1024 VUs  15m51.8s/30m0s  2000.00 iters/s

running (15m52.8s), 0018/1024 VUs, 1891865 complete and 0 interrupted iterations
cap_mixed   [  53% ] 0018/1024 VUs  15m52.8s/30m0s  2000.00 iters/s

running (15m53.8s), 0015/1024 VUs, 1893869 complete and 0 interrupted iterations
cap_mixed   [  53% ] 0015/1024 VUs  15m53.8s/30m0s  2000.00 iters/s

running (15m54.8s), 0039/1024 VUs, 1895845 complete and 0 interrupted iterations
cap_mixed   [  53% ] 0039/1024 VUs  15m54.8s/30m0s  2000.00 iters/s

running (15m55.8s), 0014/1024 VUs, 1897869 complete and 0 interrupted iterations
cap_mixed   [  53% ] 0014/1024 VUs  15m55.8s/30m0s  2000.00 iters/s

running (15m56.8s), 0452/1024 VUs, 1899431 complete and 0 interrupted iterations
cap_mixed   [  53% ] 0452/1024 VUs  15m56.8s/30m0s  2000.00 iters/s

running (15m57.8s), 1024/1024 VUs, 1900507 complete and 0 interrupted iterations
cap_mixed   [  53% ] 1024/1024 VUs  15m57.8s/30m0s  2000.00 iters/s

running (15m58.8s), 1016/1024 VUs, 1901809 complete and 0 interrupted iterations
cap_mixed   [  53% ] 1017/1024 VUs  15m58.8s/30m0s  2000.00 iters/s

running (15m59.8s), 0966/1024 VUs, 1902749 complete and 0 interrupted iterations
cap_mixed   [  53% ] 0966/1024 VUs  15m59.8s/30m0s  2000.00 iters/s

running (16m00.8s), 0395/1024 VUs, 1905322 complete and 0 interrupted iterations
cap_mixed   [  53% ] 0395/1024 VUs  16m00.8s/30m0s  2000.00 iters/s

running (16m01.8s), 0023/1024 VUs, 1907694 complete and 0 interrupted iterations
cap_mixed   [  53% ] 0023/1024 VUs  16m01.8s/30m0s  2000.00 iters/s

running (16m02.8s), 0697/1024 VUs, 1909019 complete and 0 interrupted iterations
cap_mixed   [  53% ] 0697/1024 VUs  16m02.8s/30m0s  2000.00 iters/s

running (16m03.8s), 0219/1024 VUs, 1911497 complete and 0 interrupted iterations
cap_mixed   [  54% ] 0219/1024 VUs  16m03.8s/30m0s  2000.00 iters/s

running (16m04.8s), 0016/1024 VUs, 1913700 complete and 0 interrupted iterations
cap_mixed   [  54% ] 0016/1024 VUs  16m04.8s/30m0s  2000.00 iters/s

running (16m05.8s), 0033/1024 VUs, 1915694 complete and 0 interrupted iterations
cap_mixed   [  54% ] 0033/1024 VUs  16m05.8s/30m0s  2000.00 iters/s

running (16m06.8s), 0030/1024 VUs, 1917686 complete and 0 interrupted iterations
cap_mixed   [  54% ] 0030/1024 VUs  16m06.8s/30m0s  2000.00 iters/s

running (16m07.8s), 0018/1024 VUs, 1919698 complete and 0 interrupted iterations
cap_mixed   [  54% ] 0018/1024 VUs  16m07.8s/30m0s  2000.00 iters/s

running (16m08.8s), 0018/1024 VUs, 1921698 complete and 0 interrupted iterations
cap_mixed   [  54% ] 0018/1024 VUs  16m08.8s/30m0s  2000.00 iters/s

running (16m09.8s), 0030/1024 VUs, 1923685 complete and 0 interrupted iterations
cap_mixed   [  54% ] 0030/1024 VUs  16m09.8s/30m0s  2000.00 iters/s

running (16m10.8s), 0029/1024 VUs, 1925698 complete and 0 interrupted iterations
cap_mixed   [  54% ] 0029/1024 VUs  16m10.8s/30m0s  2000.00 iters/s

running (16m11.8s), 0018/1024 VUs, 1927698 complete and 0 interrupted iterations
cap_mixed   [  54% ] 0018/1024 VUs  16m11.8s/30m0s  2000.00 iters/s

running (16m12.8s), 0015/1024 VUs, 1929701 complete and 0 interrupted iterations
cap_mixed   [  54% ] 0015/1024 VUs  16m12.8s/30m0s  2000.00 iters/s

running (16m13.8s), 0013/1024 VUs, 1931703 complete and 0 interrupted iterations
cap_mixed   [  54% ] 0013/1024 VUs  16m13.8s/30m0s  2000.00 iters/s

running (16m14.8s), 0016/1024 VUs, 1933701 complete and 0 interrupted iterations
cap_mixed   [  54% ] 0016/1024 VUs  16m14.8s/30m0s  2000.00 iters/s

running (16m15.8s), 0018/1024 VUs, 1935698 complete and 0 interrupted iterations
cap_mixed   [  54% ] 0018/1024 VUs  16m15.8s/30m0s  2000.00 iters/s

running (16m16.8s), 0023/1024 VUs, 1937693 complete and 0 interrupted iterations
cap_mixed   [  54% ] 0023/1024 VUs  16m16.8s/30m0s  2000.00 iters/s

running (16m17.8s), 0017/1024 VUs, 1939700 complete and 0 interrupted iterations
cap_mixed   [  54% ] 0017/1024 VUs  16m17.8s/30m0s  2000.00 iters/s

running (16m18.8s), 0019/1024 VUs, 1941698 complete and 0 interrupted iterations
cap_mixed   [  54% ] 0019/1024 VUs  16m18.8s/30m0s  2000.00 iters/s

running (16m19.8s), 0026/1024 VUs, 1943691 complete and 0 interrupted iterations
cap_mixed   [  54% ] 0026/1024 VUs  16m19.8s/30m0s  2000.00 iters/s

running (16m20.8s), 0015/1024 VUs, 1945701 complete and 0 interrupted iterations
cap_mixed   [  54% ] 0015/1024 VUs  16m20.8s/30m0s  2000.00 iters/s

running (16m21.8s), 0022/1024 VUs, 1947694 complete and 0 interrupted iterations
cap_mixed   [  55% ] 0022/1024 VUs  16m21.8s/30m0s  2000.00 iters/s

running (16m22.8s), 0012/1024 VUs, 1949704 complete and 0 interrupted iterations
cap_mixed   [  55% ] 0012/1024 VUs  16m22.8s/30m0s  2000.00 iters/s

running (16m23.8s), 0017/1024 VUs, 1951700 complete and 0 interrupted iterations
cap_mixed   [  55% ] 0017/1024 VUs  16m23.8s/30m0s  2000.00 iters/s

running (16m24.8s), 0021/1024 VUs, 1953695 complete and 0 interrupted iterations
cap_mixed   [  55% ] 0021/1024 VUs  16m24.8s/30m0s  2000.00 iters/s

running (16m25.8s), 0014/1024 VUs, 1955702 complete and 0 interrupted iterations
cap_mixed   [  55% ] 0015/1024 VUs  16m25.8s/30m0s  2000.00 iters/s

running (16m26.8s), 0012/1024 VUs, 1957704 complete and 0 interrupted iterations
cap_mixed   [  55% ] 0012/1024 VUs  16m26.8s/30m0s  2000.00 iters/s

running (16m27.8s), 0021/1024 VUs, 1959696 complete and 0 interrupted iterations
cap_mixed   [  55% ] 0021/1024 VUs  16m27.8s/30m0s  2000.00 iters/s

running (16m28.8s), 0017/1024 VUs, 1961699 complete and 0 interrupted iterations
cap_mixed   [  55% ] 0017/1024 VUs  16m28.8s/30m0s  2000.00 iters/s

running (16m29.8s), 0010/1024 VUs, 1963706 complete and 0 interrupted iterations
cap_mixed   [  55% ] 0010/1024 VUs  16m29.8s/30m0s  2000.00 iters/s

running (16m30.8s), 0019/1024 VUs, 1965698 complete and 0 interrupted iterations
cap_mixed   [  55% ] 0019/1024 VUs  16m30.8s/30m0s  2000.00 iters/s

running (16m31.8s), 0013/1024 VUs, 1967703 complete and 0 interrupted iterations
cap_mixed   [  55% ] 0013/1024 VUs  16m31.8s/30m0s  2000.00 iters/s

running (16m32.8s), 0024/1024 VUs, 1969692 complete and 0 interrupted iterations
cap_mixed   [  55% ] 0024/1024 VUs  16m32.8s/30m0s  2000.00 iters/s

running (16m33.8s), 0016/1024 VUs, 1971700 complete and 0 interrupted iterations
cap_mixed   [  55% ] 0016/1024 VUs  16m33.8s/30m0s  2000.00 iters/s

running (16m34.8s), 0504/1024 VUs, 1973212 complete and 0 interrupted iterations
cap_mixed   [  55% ] 0504/1024 VUs  16m34.8s/30m0s  2000.00 iters/s

running (16m35.8s), 0075/1024 VUs, 1975647 complete and 0 interrupted iterations
cap_mixed   [  55% ] 0075/1024 VUs  16m35.8s/30m0s  2000.00 iters/s

running (16m36.8s), 0030/1024 VUs, 1977687 complete and 0 interrupted iterations
cap_mixed   [  55% ] 0030/1024 VUs  16m36.8s/30m0s  2000.00 iters/s

running (16m37.8s), 0012/1024 VUs, 1979705 complete and 0 interrupted iterations
cap_mixed   [  55% ] 0012/1024 VUs  16m37.8s/30m0s  2000.00 iters/s

running (16m38.8s), 0014/1024 VUs, 1981703 complete and 0 interrupted iterations
cap_mixed   [  55% ] 0014/1024 VUs  16m38.8s/30m0s  2000.00 iters/s

running (16m39.8s), 0020/1024 VUs, 1983696 complete and 0 interrupted iterations
cap_mixed   [  56% ] 0020/1024 VUs  16m39.8s/30m0s  2000.00 iters/s

running (16m40.8s), 0809/1024 VUs, 1984908 complete and 0 interrupted iterations
cap_mixed   [  56% ] 0809/1024 VUs  16m40.8s/30m0s  2000.00 iters/s

running (16m41.8s), 0568/1024 VUs, 1986506 complete and 0 interrupted iterations
cap_mixed   [  56% ] 0568/1024 VUs  16m41.8s/30m0s  2000.00 iters/s

running (16m42.8s), 0016/1024 VUs, 1989058 complete and 0 interrupted iterations
cap_mixed   [  56% ] 0016/1024 VUs  16m42.8s/30m0s  2000.00 iters/s

running (16m43.8s), 0017/1024 VUs, 1991057 complete and 0 interrupted iterations
cap_mixed   [  56% ] 0017/1024 VUs  16m43.8s/30m0s  2000.00 iters/s

running (16m44.8s), 0016/1024 VUs, 1993058 complete and 0 interrupted iterations
cap_mixed   [  56% ] 0016/1024 VUs  16m44.8s/30m0s  2000.00 iters/s

running (16m45.8s), 0013/1024 VUs, 1995062 complete and 0 interrupted iterations
cap_mixed   [  56% ] 0013/1024 VUs  16m45.8s/30m0s  2000.00 iters/s

running (16m46.8s), 0183/1024 VUs, 1996892 complete and 0 interrupted iterations
cap_mixed   [  56% ] 0183/1024 VUs  16m46.8s/30m0s  2000.00 iters/s

running (16m47.8s), 0628/1024 VUs, 1998261 complete and 0 interrupted iterations
cap_mixed   [  56% ] 0629/1024 VUs  16m47.8s/30m0s  2000.00 iters/s

running (16m48.8s), 0013/1024 VUs, 2000876 complete and 0 interrupted iterations
cap_mixed   [  56% ] 0013/1024 VUs  16m48.8s/30m0s  2000.00 iters/s

running (16m49.8s), 0011/1024 VUs, 2002878 complete and 0 interrupted iterations
cap_mixed   [  56% ] 0011/1024 VUs  16m49.8s/30m0s  2000.00 iters/s

running (16m50.8s), 0010/1024 VUs, 2004879 complete and 0 interrupted iterations
cap_mixed   [  56% ] 0010/1024 VUs  16m50.8s/30m0s  2000.00 iters/s

running (16m51.8s), 0014/1024 VUs, 2006875 complete and 0 interrupted iterations
cap_mixed   [  56% ] 0014/1024 VUs  16m51.8s/30m0s  2000.00 iters/s

running (16m52.8s), 0017/1024 VUs, 2008872 complete and 0 interrupted iterations
cap_mixed   [  56% ] 0017/1024 VUs  16m52.8s/30m0s  2000.00 iters/s

running (16m53.8s), 0271/1024 VUs, 2010618 complete and 0 interrupted iterations
cap_mixed   [  56% ] 0271/1024 VUs  16m53.8s/30m0s  2000.00 iters/s

running (16m54.8s), 0016/1024 VUs, 2012873 complete and 0 interrupted iterations
cap_mixed   [  56% ] 0016/1024 VUs  16m54.8s/30m0s  2000.00 iters/s

running (16m55.8s), 0019/1024 VUs, 2014871 complete and 0 interrupted iterations
cap_mixed   [  56% ] 0019/1024 VUs  16m55.8s/30m0s  2000.00 iters/s

running (16m56.8s), 0012/1024 VUs, 2016877 complete and 0 interrupted iterations
cap_mixed   [  56% ] 0012/1024 VUs  16m56.8s/30m0s  2000.00 iters/s

running (16m57.8s), 0016/1024 VUs, 2018874 complete and 0 interrupted iterations
cap_mixed   [  57% ] 0016/1024 VUs  16m57.8s/30m0s  2000.00 iters/s

running (16m58.8s), 0013/1024 VUs, 2020877 complete and 0 interrupted iterations
cap_mixed   [  57% ] 0013/1024 VUs  16m58.8s/30m0s  2000.00 iters/s

running (16m59.8s), 0010/1024 VUs, 2022879 complete and 0 interrupted iterations
cap_mixed   [  57% ] 0010/1024 VUs  16m59.8s/30m0s  2000.00 iters/s

running (17m00.8s), 0024/1024 VUs, 2024867 complete and 0 interrupted iterations
cap_mixed   [  57% ] 0024/1024 VUs  17m00.8s/30m0s  2000.00 iters/s

running (17m01.8s), 0017/1024 VUs, 2026872 complete and 0 interrupted iterations
cap_mixed   [  57% ] 0017/1024 VUs  17m01.8s/30m0s  2000.00 iters/s

running (17m02.8s), 0009/1024 VUs, 2028881 complete and 0 interrupted iterations
cap_mixed   [  57% ] 0009/1024 VUs  17m02.8s/30m0s  2000.00 iters/s

running (17m03.8s), 0012/1024 VUs, 2030877 complete and 0 interrupted iterations
cap_mixed   [  57% ] 0012/1024 VUs  17m03.8s/30m0s  2000.00 iters/s

running (17m04.8s), 0024/1024 VUs, 2032865 complete and 0 interrupted iterations
cap_mixed   [  57% ] 0024/1024 VUs  17m04.8s/30m0s  2000.00 iters/s

running (17m05.8s), 0011/1024 VUs, 2034877 complete and 0 interrupted iterations
cap_mixed   [  57% ] 0011/1024 VUs  17m05.8s/30m0s  2000.00 iters/s

running (17m06.8s), 0013/1024 VUs, 2036876 complete and 0 interrupted iterations
cap_mixed   [  57% ] 0013/1024 VUs  17m06.8s/30m0s  2000.00 iters/s

running (17m07.8s), 0013/1024 VUs, 2038877 complete and 0 interrupted iterations
cap_mixed   [  57% ] 0013/1024 VUs  17m07.8s/30m0s  2000.00 iters/s

running (17m08.8s), 0014/1024 VUs, 2040876 complete and 0 interrupted iterations
cap_mixed   [  57% ] 0014/1024 VUs  17m08.8s/30m0s  2000.00 iters/s

running (17m09.8s), 0008/1024 VUs, 2042881 complete and 0 interrupted iterations
cap_mixed   [  57% ] 0008/1024 VUs  17m09.8s/30m0s  2000.00 iters/s

running (17m10.8s), 0013/1024 VUs, 2044876 complete and 0 interrupted iterations
cap_mixed   [  57% ] 0013/1024 VUs  17m10.8s/30m0s  2000.00 iters/s

running (17m11.8s), 0016/1024 VUs, 2046875 complete and 0 interrupted iterations
cap_mixed   [  57% ] 0016/1024 VUs  17m11.8s/30m0s  2000.00 iters/s

running (17m12.8s), 0023/1024 VUs, 2048868 complete and 0 interrupted iterations
cap_mixed   [  57% ] 0023/1024 VUs  17m12.8s/30m0s  2000.00 iters/s

running (17m13.8s), 0014/1024 VUs, 2050875 complete and 0 interrupted iterations
cap_mixed   [  57% ] 0014/1024 VUs  17m13.8s/30m0s  2000.00 iters/s

running (17m14.8s), 0009/1024 VUs, 2052880 complete and 0 interrupted iterations
cap_mixed   [  57% ] 0009/1024 VUs  17m14.8s/30m0s  2000.00 iters/s

running (17m15.8s), 0015/1024 VUs, 2054874 complete and 0 interrupted iterations
cap_mixed   [  58% ] 0015/1024 VUs  17m15.8s/30m0s  2000.00 iters/s

running (17m16.8s), 0012/1024 VUs, 2056877 complete and 0 interrupted iterations
cap_mixed   [  58% ] 0012/1024 VUs  17m16.8s/30m0s  2000.00 iters/s

running (17m17.8s), 0008/1024 VUs, 2058881 complete and 0 interrupted iterations
cap_mixed   [  58% ] 0008/1024 VUs  17m17.8s/30m0s  2000.00 iters/s

running (17m18.8s), 0012/1024 VUs, 2060877 complete and 0 interrupted iterations
cap_mixed   [  58% ] 0012/1024 VUs  17m18.8s/30m0s  2000.00 iters/s

running (17m19.8s), 0583/1024 VUs, 2062305 complete and 0 interrupted iterations
cap_mixed   [  58% ] 0583/1024 VUs  17m19.8s/30m0s  2000.00 iters/s

running (17m20.8s), 0012/1024 VUs, 2064877 complete and 0 interrupted iterations
cap_mixed   [  58% ] 0013/1024 VUs  17m20.8s/30m0s  2000.00 iters/s

running (17m21.8s), 0011/1024 VUs, 2066879 complete and 0 interrupted iterations
cap_mixed   [  58% ] 0011/1024 VUs  17m21.8s/30m0s  2000.00 iters/s

running (17m22.8s), 0014/1024 VUs, 2068875 complete and 0 interrupted iterations
cap_mixed   [  58% ] 0014/1024 VUs  17m22.8s/30m0s  2000.00 iters/s

running (17m23.8s), 0010/1024 VUs, 2070878 complete and 0 interrupted iterations
cap_mixed   [  58% ] 0011/1024 VUs  17m23.8s/30m0s  2000.00 iters/s

running (17m24.8s), 0012/1024 VUs, 2072878 complete and 0 interrupted iterations
cap_mixed   [  58% ] 0012/1024 VUs  17m24.8s/30m0s  2000.00 iters/s

running (17m25.8s), 0014/1024 VUs, 2074876 complete and 0 interrupted iterations
cap_mixed   [  58% ] 0014/1024 VUs  17m25.8s/30m0s  2000.00 iters/s

running (17m26.8s), 0015/1024 VUs, 2076874 complete and 0 interrupted iterations
cap_mixed   [  58% ] 0015/1024 VUs  17m26.8s/30m0s  2000.00 iters/s

running (17m27.8s), 0013/1024 VUs, 2078877 complete and 0 interrupted iterations
cap_mixed   [  58% ] 0013/1024 VUs  17m27.8s/30m0s  2000.00 iters/s

running (17m28.8s), 0013/1024 VUs, 2080876 complete and 0 interrupted iterations
cap_mixed   [  58% ] 0014/1024 VUs  17m28.8s/30m0s  2000.00 iters/s

running (17m29.8s), 0017/1024 VUs, 2082873 complete and 0 interrupted iterations
cap_mixed   [  58% ] 0017/1024 VUs  17m29.8s/30m0s  2000.00 iters/s

running (17m30.8s), 0007/1024 VUs, 2084882 complete and 0 interrupted iterations
cap_mixed   [  58% ] 0007/1024 VUs  17m30.8s/30m0s  2000.00 iters/s

running (17m31.8s), 0019/1024 VUs, 2086870 complete and 0 interrupted iterations
cap_mixed   [  58% ] 0019/1024 VUs  17m31.8s/30m0s  2000.00 iters/s

running (17m32.8s), 0014/1024 VUs, 2088875 complete and 0 interrupted iterations
cap_mixed   [  58% ] 0015/1024 VUs  17m32.8s/30m0s  2000.00 iters/s

running (17m33.8s), 0014/1024 VUs, 2090875 complete and 0 interrupted iterations
cap_mixed   [  59% ] 0014/1024 VUs  17m33.8s/30m0s  2000.00 iters/s

running (17m34.8s), 0010/1024 VUs, 2092879 complete and 0 interrupted iterations
cap_mixed   [  59% ] 0010/1024 VUs  17m34.8s/30m0s  2000.00 iters/s

running (17m35.8s), 0015/1024 VUs, 2094874 complete and 0 interrupted iterations
cap_mixed   [  59% ] 0015/1024 VUs  17m35.8s/30m0s  2000.00 iters/s

running (17m36.8s), 0019/1024 VUs, 2096870 complete and 0 interrupted iterations
cap_mixed   [  59% ] 0020/1024 VUs  17m36.8s/30m0s  2000.00 iters/s

running (17m37.8s), 0012/1024 VUs, 2098877 complete and 0 interrupted iterations
cap_mixed   [  59% ] 0012/1024 VUs  17m37.8s/30m0s  2000.00 iters/s

running (17m38.8s), 0010/1024 VUs, 2100879 complete and 0 interrupted iterations
cap_mixed   [  59% ] 0010/1024 VUs  17m38.8s/30m0s  2000.00 iters/s

running (17m39.8s), 0040/1024 VUs, 2102847 complete and 0 interrupted iterations
cap_mixed   [  59% ] 0040/1024 VUs  17m39.8s/30m0s  2000.00 iters/s

running (17m40.8s), 0013/1024 VUs, 2104877 complete and 0 interrupted iterations
cap_mixed   [  59% ] 0013/1024 VUs  17m40.8s/30m0s  2000.00 iters/s

running (17m41.8s), 0010/1024 VUs, 2106879 complete and 0 interrupted iterations
cap_mixed   [  59% ] 0010/1024 VUs  17m41.8s/30m0s  2000.00 iters/s

running (17m42.8s), 0020/1024 VUs, 2108869 complete and 0 interrupted iterations
cap_mixed   [  59% ] 0020/1024 VUs  17m42.8s/30m0s  2000.00 iters/s

running (17m43.8s), 0017/1024 VUs, 2110872 complete and 0 interrupted iterations
cap_mixed   [  59% ] 0017/1024 VUs  17m43.8s/30m0s  2000.00 iters/s

running (17m44.8s), 0020/1024 VUs, 2112869 complete and 0 interrupted iterations
cap_mixed   [  59% ] 0019/1024 VUs  17m44.8s/30m0s  2000.00 iters/s

running (17m45.8s), 0017/1024 VUs, 2114872 complete and 0 interrupted iterations
cap_mixed   [  59% ] 0017/1024 VUs  17m45.8s/30m0s  2000.00 iters/s

running (17m46.8s), 0012/1024 VUs, 2116878 complete and 0 interrupted iterations
cap_mixed   [  59% ] 0012/1024 VUs  17m46.8s/30m0s  2000.00 iters/s

running (17m47.8s), 0011/1024 VUs, 2118878 complete and 0 interrupted iterations
cap_mixed   [  59% ] 0011/1024 VUs  17m47.8s/30m0s  2000.00 iters/s

running (17m48.8s), 0013/1024 VUs, 2120877 complete and 0 interrupted iterations
cap_mixed   [  59% ] 0013/1024 VUs  17m48.8s/30m0s  2000.00 iters/s

running (17m49.8s), 0016/1024 VUs, 2122873 complete and 0 interrupted iterations
cap_mixed   [  59% ] 0016/1024 VUs  17m49.8s/30m0s  2000.00 iters/s

running (17m50.8s), 0012/1024 VUs, 2124877 complete and 0 interrupted iterations
cap_mixed   [  59% ] 0012/1024 VUs  17m50.8s/30m0s  2000.00 iters/s

running (17m51.8s), 0168/1024 VUs, 2126720 complete and 0 interrupted iterations
cap_mixed   [  60% ] 0168/1024 VUs  17m51.8s/30m0s  2000.00 iters/s

running (17m52.8s), 0010/1024 VUs, 2128880 complete and 0 interrupted iterations
cap_mixed   [  60% ] 0010/1024 VUs  17m52.8s/30m0s  2000.00 iters/s

running (17m53.8s), 0014/1024 VUs, 2130875 complete and 0 interrupted iterations
cap_mixed   [  60% ] 0014/1024 VUs  17m53.8s/30m0s  2000.00 iters/s

running (17m54.8s), 0011/1024 VUs, 2132879 complete and 0 interrupted iterations
cap_mixed   [  60% ] 0011/1024 VUs  17m54.8s/30m0s  2000.00 iters/s

running (17m55.8s), 0010/1024 VUs, 2134879 complete and 0 interrupted iterations
cap_mixed   [  60% ] 0010/1024 VUs  17m55.8s/30m0s  2000.00 iters/s

running (17m56.8s), 0014/1024 VUs, 2136875 complete and 0 interrupted iterations
cap_mixed   [  60% ] 0014/1024 VUs  17m56.8s/30m0s  2000.00 iters/s

running (17m57.8s), 0016/1024 VUs, 2138873 complete and 0 interrupted iterations
cap_mixed   [  60% ] 0016/1024 VUs  17m57.8s/30m0s  2000.00 iters/s

running (17m58.8s), 0012/1024 VUs, 2140877 complete and 0 interrupted iterations
cap_mixed   [  60% ] 0013/1024 VUs  17m58.8s/30m0s  2000.00 iters/s

running (17m59.8s), 0011/1024 VUs, 2142878 complete and 0 interrupted iterations
cap_mixed   [  60% ] 0011/1024 VUs  17m59.8s/30m0s  2000.00 iters/s

running (18m00.8s), 0012/1024 VUs, 2144878 complete and 0 interrupted iterations
cap_mixed   [  60% ] 0012/1024 VUs  18m00.8s/30m0s  2000.00 iters/s

running (18m01.8s), 0013/1024 VUs, 2146876 complete and 0 interrupted iterations
cap_mixed   [  60% ] 0013/1024 VUs  18m01.8s/30m0s  2000.00 iters/s

running (18m02.8s), 0013/1024 VUs, 2148876 complete and 0 interrupted iterations
cap_mixed   [  60% ] 0013/1024 VUs  18m02.8s/30m0s  2000.00 iters/s

running (18m03.8s), 0012/1024 VUs, 2150877 complete and 0 interrupted iterations
cap_mixed   [  60% ] 0012/1024 VUs  18m03.8s/30m0s  2000.00 iters/s

running (18m04.8s), 0008/1024 VUs, 2152881 complete and 0 interrupted iterations
cap_mixed   [  60% ] 0008/1024 VUs  18m04.8s/30m0s  2000.00 iters/s

running (18m05.8s), 0012/1024 VUs, 2154878 complete and 0 interrupted iterations
cap_mixed   [  60% ] 0012/1024 VUs  18m05.8s/30m0s  2000.00 iters/s

running (18m06.8s), 0007/1024 VUs, 2156882 complete and 0 interrupted iterations
cap_mixed   [  60% ] 0007/1024 VUs  18m06.8s/30m0s  2000.00 iters/s

running (18m07.8s), 0013/1024 VUs, 2158876 complete and 0 interrupted iterations
cap_mixed   [  60% ] 0013/1024 VUs  18m07.8s/30m0s  2000.00 iters/s

running (18m08.8s), 0015/1024 VUs, 2160874 complete and 0 interrupted iterations
cap_mixed   [  60% ] 0015/1024 VUs  18m08.8s/30m0s  2000.00 iters/s

running (18m09.8s), 0014/1024 VUs, 2162875 complete and 0 interrupted iterations
cap_mixed   [  61% ] 0014/1024 VUs  18m09.8s/30m0s  2000.00 iters/s

running (18m10.8s), 0011/1024 VUs, 2164878 complete and 0 interrupted iterations
cap_mixed   [  61% ] 0011/1024 VUs  18m10.8s/30m0s  2000.00 iters/s

running (18m11.8s), 0011/1024 VUs, 2166879 complete and 0 interrupted iterations
cap_mixed   [  61% ] 0011/1024 VUs  18m11.8s/30m0s  2000.00 iters/s

running (18m12.8s), 0014/1024 VUs, 2168875 complete and 0 interrupted iterations
cap_mixed   [  61% ] 0014/1024 VUs  18m12.8s/30m0s  2000.00 iters/s

running (18m13.8s), 0013/1024 VUs, 2170876 complete and 0 interrupted iterations
cap_mixed   [  61% ] 0013/1024 VUs  18m13.8s/30m0s  2000.00 iters/s

running (18m14.8s), 0010/1024 VUs, 2172879 complete and 0 interrupted iterations
cap_mixed   [  61% ] 0010/1024 VUs  18m14.8s/30m0s  2000.00 iters/s

running (18m15.8s), 0013/1024 VUs, 2174876 complete and 0 interrupted iterations
cap_mixed   [  61% ] 0013/1024 VUs  18m15.8s/30m0s  2000.00 iters/s

running (18m16.8s), 0013/1024 VUs, 2176876 complete and 0 interrupted iterations
cap_mixed   [  61% ] 0013/1024 VUs  18m16.8s/30m0s  2000.00 iters/s

running (18m17.8s), 0011/1024 VUs, 2178879 complete and 0 interrupted iterations
cap_mixed   [  61% ] 0011/1024 VUs  18m17.8s/30m0s  2000.00 iters/s

running (18m18.8s), 0014/1024 VUs, 2180875 complete and 0 interrupted iterations
cap_mixed   [  61% ] 0014/1024 VUs  18m18.8s/30m0s  2000.00 iters/s

running (18m19.8s), 0018/1024 VUs, 2182871 complete and 0 interrupted iterations
cap_mixed   [  61% ] 0018/1024 VUs  18m19.8s/30m0s  2000.00 iters/s

running (18m20.8s), 0030/1024 VUs, 2184859 complete and 0 interrupted iterations
cap_mixed   [  61% ] 0030/1024 VUs  18m20.8s/30m0s  2000.00 iters/s

running (18m21.8s), 0014/1024 VUs, 2186875 complete and 0 interrupted iterations
cap_mixed   [  61% ] 0014/1024 VUs  18m21.8s/30m0s  2000.00 iters/s

running (18m22.8s), 0025/1024 VUs, 2188864 complete and 0 interrupted iterations
cap_mixed   [  61% ] 0025/1024 VUs  18m22.8s/30m0s  2000.00 iters/s

running (18m23.8s), 0046/1024 VUs, 2190843 complete and 0 interrupted iterations
cap_mixed   [  61% ] 0046/1024 VUs  18m23.8s/30m0s  2000.00 iters/s

running (18m24.8s), 0018/1024 VUs, 2192871 complete and 0 interrupted iterations
cap_mixed   [  61% ] 0018/1024 VUs  18m24.8s/30m0s  2000.00 iters/s

running (18m25.8s), 0012/1024 VUs, 2194877 complete and 0 interrupted iterations
cap_mixed   [  61% ] 0012/1024 VUs  18m25.8s/30m0s  2000.00 iters/s

running (18m26.8s), 0016/1024 VUs, 2196873 complete and 0 interrupted iterations
cap_mixed   [  61% ] 0017/1024 VUs  18m26.8s/30m0s  2000.00 iters/s

running (18m27.8s), 0082/1024 VUs, 2198808 complete and 0 interrupted iterations
cap_mixed   [  62% ] 0082/1024 VUs  18m27.8s/30m0s  2000.00 iters/s

running (18m28.8s), 0009/1024 VUs, 2200880 complete and 0 interrupted iterations
cap_mixed   [  62% ] 0009/1024 VUs  18m28.8s/30m0s  2000.00 iters/s

running (18m29.8s), 0019/1024 VUs, 2202871 complete and 0 interrupted iterations
cap_mixed   [  62% ] 0019/1024 VUs  18m29.8s/30m0s  2000.00 iters/s

running (18m30.8s), 0012/1024 VUs, 2204877 complete and 0 interrupted iterations
cap_mixed   [  62% ] 0012/1024 VUs  18m30.8s/30m0s  2000.00 iters/s

running (18m31.8s), 0058/1024 VUs, 2206832 complete and 0 interrupted iterations
cap_mixed   [  62% ] 0058/1024 VUs  18m31.8s/30m0s  2000.00 iters/s

running (18m32.8s), 0013/1024 VUs, 2208876 complete and 0 interrupted iterations
cap_mixed   [  62% ] 0013/1024 VUs  18m32.8s/30m0s  2000.00 iters/s

running (18m33.8s), 0052/1024 VUs, 2210837 complete and 0 interrupted iterations
cap_mixed   [  62% ] 0053/1024 VUs  18m33.8s/30m0s  2000.00 iters/s

running (18m34.8s), 0019/1024 VUs, 2212871 complete and 0 interrupted iterations
cap_mixed   [  62% ] 0019/1024 VUs  18m34.8s/30m0s  2000.00 iters/s

running (18m35.8s), 0011/1024 VUs, 2214878 complete and 0 interrupted iterations
cap_mixed   [  62% ] 0011/1024 VUs  18m35.8s/30m0s  2000.00 iters/s

running (18m36.8s), 0196/1024 VUs, 2216693 complete and 0 interrupted iterations
cap_mixed   [  62% ] 0196/1024 VUs  18m36.8s/30m0s  2000.00 iters/s

running (18m37.8s), 0012/1024 VUs, 2218877 complete and 0 interrupted iterations
cap_mixed   [  62% ] 0012/1024 VUs  18m37.8s/30m0s  2000.00 iters/s

running (18m38.8s), 0067/1024 VUs, 2220821 complete and 0 interrupted iterations
cap_mixed   [  62% ] 0067/1024 VUs  18m38.8s/30m0s  2000.00 iters/s

running (18m39.8s), 0013/1024 VUs, 2222876 complete and 0 interrupted iterations
cap_mixed   [  62% ] 0013/1024 VUs  18m39.8s/30m0s  2000.00 iters/s

running (18m40.8s), 0019/1024 VUs, 2224871 complete and 0 interrupted iterations
cap_mixed   [  62% ] 0019/1024 VUs  18m40.8s/30m0s  2000.00 iters/s

running (18m41.8s), 0013/1024 VUs, 2226876 complete and 0 interrupted iterations
cap_mixed   [  62% ] 0013/1024 VUs  18m41.8s/30m0s  2000.00 iters/s

running (18m42.8s), 0012/1024 VUs, 2228878 complete and 0 interrupted iterations
cap_mixed   [  62% ] 0012/1024 VUs  18m42.8s/30m0s  2000.00 iters/s

running (18m43.8s), 0014/1024 VUs, 2230876 complete and 0 interrupted iterations
cap_mixed   [  62% ] 0014/1024 VUs  18m43.8s/30m0s  2000.00 iters/s

running (18m44.8s), 0011/1024 VUs, 2232878 complete and 0 interrupted iterations
cap_mixed   [  62% ] 0011/1024 VUs  18m44.8s/30m0s  2000.00 iters/s

running (18m45.8s), 0014/1024 VUs, 2234875 complete and 0 interrupted iterations
cap_mixed   [  63% ] 0014/1024 VUs  18m45.8s/30m0s  2000.00 iters/s

running (18m46.8s), 0014/1024 VUs, 2236875 complete and 0 interrupted iterations
cap_mixed   [  63% ] 0014/1024 VUs  18m46.8s/30m0s  2000.00 iters/s

running (18m47.8s), 0014/1024 VUs, 2238876 complete and 0 interrupted iterations
cap_mixed   [  63% ] 0014/1024 VUs  18m47.8s/30m0s  2000.00 iters/s

running (18m48.8s), 0011/1024 VUs, 2240879 complete and 0 interrupted iterations
cap_mixed   [  63% ] 0011/1024 VUs  18m48.8s/30m0s  2000.00 iters/s

running (18m49.8s), 0013/1024 VUs, 2242876 complete and 0 interrupted iterations
cap_mixed   [  63% ] 0013/1024 VUs  18m49.8s/30m0s  2000.00 iters/s

running (18m50.8s), 0019/1024 VUs, 2244870 complete and 0 interrupted iterations
cap_mixed   [  63% ] 0019/1024 VUs  18m50.8s/30m0s  2000.00 iters/s

running (18m51.8s), 0011/1024 VUs, 2246878 complete and 0 interrupted iterations
cap_mixed   [  63% ] 0011/1024 VUs  18m51.8s/30m0s  2000.00 iters/s

running (18m52.8s), 0015/1024 VUs, 2248875 complete and 0 interrupted iterations
cap_mixed   [  63% ] 0015/1024 VUs  18m52.8s/30m0s  2000.00 iters/s

running (18m53.8s), 0014/1024 VUs, 2250875 complete and 0 interrupted iterations
cap_mixed   [  63% ] 0014/1024 VUs  18m53.8s/30m0s  2000.00 iters/s

running (18m54.8s), 0018/1024 VUs, 2252872 complete and 0 interrupted iterations
cap_mixed   [  63% ] 0018/1024 VUs  18m54.8s/30m0s  2000.00 iters/s

running (18m55.8s), 0011/1024 VUs, 2254878 complete and 0 interrupted iterations
cap_mixed   [  63% ] 0011/1024 VUs  18m55.8s/30m0s  2000.00 iters/s

running (18m56.8s), 0008/1024 VUs, 2256881 complete and 0 interrupted iterations
cap_mixed   [  63% ] 0008/1024 VUs  18m56.8s/30m0s  2000.00 iters/s

running (18m57.8s), 0011/1024 VUs, 2258879 complete and 0 interrupted iterations
cap_mixed   [  63% ] 0011/1024 VUs  18m57.8s/30m0s  2000.00 iters/s

running (18m58.8s), 0016/1024 VUs, 2260873 complete and 0 interrupted iterations
cap_mixed   [  63% ] 0017/1024 VUs  18m58.8s/30m0s  2000.00 iters/s

running (18m59.8s), 0014/1024 VUs, 2262875 complete and 0 interrupted iterations
cap_mixed   [  63% ] 0014/1024 VUs  18m59.8s/30m0s  2000.00 iters/s

running (19m00.8s), 0016/1024 VUs, 2264874 complete and 0 interrupted iterations
cap_mixed   [  63% ] 0016/1024 VUs  19m00.8s/30m0s  2000.00 iters/s

running (19m01.8s), 0031/1024 VUs, 2266858 complete and 0 interrupted iterations
cap_mixed   [  63% ] 0031/1024 VUs  19m01.8s/30m0s  2000.00 iters/s

running (19m02.8s), 0018/1024 VUs, 2268871 complete and 0 interrupted iterations
cap_mixed   [  63% ] 0018/1024 VUs  19m02.8s/30m0s  2000.00 iters/s

running (19m03.8s), 0017/1024 VUs, 2270872 complete and 0 interrupted iterations
cap_mixed   [  64% ] 0017/1024 VUs  19m03.8s/30m0s  2000.00 iters/s

running (19m04.8s), 0015/1024 VUs, 2272874 complete and 0 interrupted iterations
cap_mixed   [  64% ] 0015/1024 VUs  19m04.8s/30m0s  2000.00 iters/s

running (19m05.8s), 0016/1024 VUs, 2274873 complete and 0 interrupted iterations
cap_mixed   [  64% ] 0016/1024 VUs  19m05.8s/30m0s  2000.00 iters/s

running (19m06.8s), 0024/1024 VUs, 2276865 complete and 0 interrupted iterations
cap_mixed   [  64% ] 0024/1024 VUs  19m06.8s/30m0s  2000.00 iters/s

running (19m07.8s), 0018/1024 VUs, 2278872 complete and 0 interrupted iterations
cap_mixed   [  64% ] 0018/1024 VUs  19m07.8s/30m0s  2000.00 iters/s

running (19m08.8s), 0017/1024 VUs, 2280872 complete and 0 interrupted iterations
cap_mixed   [  64% ] 0017/1024 VUs  19m08.8s/30m0s  2000.00 iters/s

running (19m09.8s), 0014/1024 VUs, 2282875 complete and 0 interrupted iterations
cap_mixed   [  64% ] 0014/1024 VUs  19m09.8s/30m0s  2000.00 iters/s

running (19m10.8s), 0012/1024 VUs, 2284878 complete and 0 interrupted iterations
cap_mixed   [  64% ] 0012/1024 VUs  19m10.8s/30m0s  2000.00 iters/s

running (19m11.8s), 0018/1024 VUs, 2286873 complete and 0 interrupted iterations
cap_mixed   [  64% ] 0018/1024 VUs  19m11.8s/30m0s  2000.00 iters/s

running (19m12.8s), 0010/1024 VUs, 2288879 complete and 0 interrupted iterations
cap_mixed   [  64% ] 0010/1024 VUs  19m12.8s/30m0s  2000.00 iters/s

running (19m13.8s), 0012/1024 VUs, 2290879 complete and 0 interrupted iterations
cap_mixed   [  64% ] 0012/1024 VUs  19m13.8s/30m0s  2000.00 iters/s

running (19m14.8s), 0014/1024 VUs, 2292876 complete and 0 interrupted iterations
cap_mixed   [  64% ] 0014/1024 VUs  19m14.8s/30m0s  2000.00 iters/s

running (19m15.8s), 0011/1024 VUs, 2294879 complete and 0 interrupted iterations
cap_mixed   [  64% ] 0011/1024 VUs  19m15.8s/30m0s  2000.00 iters/s

running (19m16.8s), 0010/1024 VUs, 2296879 complete and 0 interrupted iterations
cap_mixed   [  64% ] 0010/1024 VUs  19m16.8s/30m0s  2000.00 iters/s

running (19m17.8s), 0019/1024 VUs, 2298870 complete and 0 interrupted iterations
cap_mixed   [  64% ] 0019/1024 VUs  19m17.8s/30m0s  2000.00 iters/s

running (19m18.8s), 0012/1024 VUs, 2300877 complete and 0 interrupted iterations
cap_mixed   [  64% ] 0012/1024 VUs  19m18.8s/30m0s  2000.00 iters/s

running (19m19.8s), 0163/1024 VUs, 2302727 complete and 0 interrupted iterations
cap_mixed   [  64% ] 0163/1024 VUs  19m19.8s/30m0s  2000.00 iters/s

running (19m20.8s), 0807/1024 VUs, 2304083 complete and 0 interrupted iterations
cap_mixed   [  64% ] 0807/1024 VUs  19m20.8s/30m0s  2000.00 iters/s

running (19m21.8s), 1019/1024 VUs, 2305748 complete and 0 interrupted iterations
cap_mixed   [  65% ] 1019/1024 VUs  19m21.8s/30m0s  2000.00 iters/s

running (19m22.8s), 1024/1024 VUs, 2307615 complete and 0 interrupted iterations
cap_mixed   [  65% ] 1024/1024 VUs  19m22.8s/30m0s  2000.00 iters/s

running (19m23.8s), 1024/1024 VUs, 2309223 complete and 0 interrupted iterations
cap_mixed   [  65% ] 1024/1024 VUs  19m23.8s/30m0s  2000.00 iters/s

running (19m24.8s), 1010/1024 VUs, 2310893 complete and 0 interrupted iterations
cap_mixed   [  65% ] 1010/1024 VUs  19m24.8s/30m0s  2000.00 iters/s

running (19m25.8s), 1017/1024 VUs, 2312710 complete and 0 interrupted iterations
cap_mixed   [  65% ] 1017/1024 VUs  19m25.8s/30m0s  2000.00 iters/s

running (19m26.8s), 1001/1024 VUs, 2314216 complete and 0 interrupted iterations
cap_mixed   [  65% ] 1001/1024 VUs  19m26.8s/30m0s  2000.00 iters/s

running (19m27.8s), 1013/1024 VUs, 2316117 complete and 0 interrupted iterations
cap_mixed   [  65% ] 1013/1024 VUs  19m27.8s/30m0s  2000.00 iters/s

running (19m28.8s), 0611/1024 VUs, 2318513 complete and 0 interrupted iterations
cap_mixed   [  65% ] 0611/1024 VUs  19m28.8s/30m0s  2000.00 iters/s

running (19m29.8s), 0265/1024 VUs, 2320860 complete and 0 interrupted iterations
cap_mixed   [  65% ] 0265/1024 VUs  19m29.8s/30m0s  2000.00 iters/s

running (19m30.8s), 0014/1024 VUs, 2323111 complete and 0 interrupted iterations
cap_mixed   [  65% ] 0014/1024 VUs  19m30.8s/30m0s  2000.00 iters/s

running (19m31.8s), 0012/1024 VUs, 2325112 complete and 0 interrupted iterations
cap_mixed   [  65% ] 0012/1024 VUs  19m31.8s/30m0s  2000.00 iters/s

running (19m32.8s), 0025/1024 VUs, 2327099 complete and 0 interrupted iterations
cap_mixed   [  65% ] 0025/1024 VUs  19m32.8s/30m0s  2000.00 iters/s

running (19m33.8s), 0011/1024 VUs, 2329113 complete and 0 interrupted iterations
cap_mixed   [  65% ] 0011/1024 VUs  19m33.8s/30m0s  2000.00 iters/s

running (19m34.8s), 0021/1024 VUs, 2331103 complete and 0 interrupted iterations
cap_mixed   [  65% ] 0021/1024 VUs  19m34.8s/30m0s  2000.00 iters/s

running (19m35.8s), 0016/1024 VUs, 2333108 complete and 0 interrupted iterations
cap_mixed   [  65% ] 0016/1024 VUs  19m35.8s/30m0s  2000.00 iters/s

running (19m36.8s), 0015/1024 VUs, 2335109 complete and 0 interrupted iterations
cap_mixed   [  65% ] 0015/1024 VUs  19m36.8s/30m0s  2000.00 iters/s

running (19m37.8s), 0015/1024 VUs, 2337109 complete and 0 interrupted iterations
cap_mixed   [  65% ] 0015/1024 VUs  19m37.8s/30m0s  2000.00 iters/s

running (19m38.8s), 0013/1024 VUs, 2339111 complete and 0 interrupted iterations
cap_mixed   [  65% ] 0013/1024 VUs  19m38.8s/30m0s  2000.00 iters/s

running (19m39.8s), 0016/1024 VUs, 2341108 complete and 0 interrupted iterations
cap_mixed   [  66% ] 0016/1024 VUs  19m39.8s/30m0s  2000.00 iters/s

running (19m40.8s), 0015/1024 VUs, 2343109 complete and 0 interrupted iterations
cap_mixed   [  66% ] 0015/1024 VUs  19m40.8s/30m0s  2000.00 iters/s

running (19m41.8s), 0010/1024 VUs, 2345114 complete and 0 interrupted iterations
cap_mixed   [  66% ] 0010/1024 VUs  19m41.8s/30m0s  2000.00 iters/s

running (19m42.8s), 0012/1024 VUs, 2347112 complete and 0 interrupted iterations
cap_mixed   [  66% ] 0012/1024 VUs  19m42.8s/30m0s  2000.00 iters/s

running (19m43.8s), 0013/1024 VUs, 2349112 complete and 0 interrupted iterations
cap_mixed   [  66% ] 0013/1024 VUs  19m43.8s/30m0s  2000.00 iters/s

running (19m44.8s), 0013/1024 VUs, 2351111 complete and 0 interrupted iterations
cap_mixed   [  66% ] 0013/1024 VUs  19m44.8s/30m0s  2000.00 iters/s

running (19m45.8s), 0012/1024 VUs, 2353112 complete and 0 interrupted iterations
cap_mixed   [  66% ] 0012/1024 VUs  19m45.8s/30m0s  2000.00 iters/s

running (19m46.8s), 0015/1024 VUs, 2355109 complete and 0 interrupted iterations
cap_mixed   [  66% ] 0015/1024 VUs  19m46.8s/30m0s  2000.00 iters/s

running (19m47.8s), 0015/1024 VUs, 2357109 complete and 0 interrupted iterations
cap_mixed   [  66% ] 0015/1024 VUs  19m47.8s/30m0s  2000.00 iters/s

running (19m48.8s), 0013/1024 VUs, 2359111 complete and 0 interrupted iterations
cap_mixed   [  66% ] 0013/1024 VUs  19m48.8s/30m0s  2000.00 iters/s

running (19m49.8s), 0010/1024 VUs, 2361115 complete and 0 interrupted iterations
cap_mixed   [  66% ] 0010/1024 VUs  19m49.8s/30m0s  2000.00 iters/s

running (19m50.8s), 0007/1024 VUs, 2363117 complete and 0 interrupted iterations
cap_mixed   [  66% ] 0007/1024 VUs  19m50.8s/30m0s  2000.00 iters/s

running (19m51.8s), 0014/1024 VUs, 2365110 complete and 0 interrupted iterations
cap_mixed   [  66% ] 0014/1024 VUs  19m51.8s/30m0s  2000.00 iters/s

running (19m52.8s), 0013/1024 VUs, 2367112 complete and 0 interrupted iterations
cap_mixed   [  66% ] 0013/1024 VUs  19m52.8s/30m0s  2000.00 iters/s

running (19m53.8s), 0136/1024 VUs, 2368988 complete and 0 interrupted iterations
cap_mixed   [  66% ] 0136/1024 VUs  19m53.8s/30m0s  2000.00 iters/s

running (19m54.8s), 0105/1024 VUs, 2371020 complete and 0 interrupted iterations
cap_mixed   [  66% ] 0105/1024 VUs  19m54.8s/30m0s  2000.00 iters/s

running (19m55.8s), 0231/1024 VUs, 2372895 complete and 0 interrupted iterations
cap_mixed   [  66% ] 0231/1024 VUs  19m55.8s/30m0s  2000.00 iters/s

running (19m56.8s), 0537/1024 VUs, 2374589 complete and 0 interrupted iterations
cap_mixed   [  66% ] 0537/1024 VUs  19m56.8s/30m0s  2000.00 iters/s

running (19m57.8s), 0992/1024 VUs, 2376131 complete and 0 interrupted iterations
cap_mixed   [  67% ] 0992/1024 VUs  19m57.8s/30m0s  2000.00 iters/s

running (19m58.8s), 1023/1024 VUs, 2377668 complete and 0 interrupted iterations
cap_mixed   [  67% ] 1023/1024 VUs  19m58.8s/30m0s  2000.00 iters/s

running (19m59.8s), 1001/1024 VUs, 2379378 complete and 0 interrupted iterations
cap_mixed   [  67% ] 1001/1024 VUs  19m59.8s/30m0s  2000.00 iters/s

running (20m00.8s), 1024/1024 VUs, 2381073 complete and 0 interrupted iterations
cap_mixed   [  67% ] 1024/1024 VUs  20m00.8s/30m0s  2000.00 iters/s

running (20m01.8s), 1024/1024 VUs, 2382865 complete and 0 interrupted iterations
cap_mixed   [  67% ] 1024/1024 VUs  20m01.8s/30m0s  2000.00 iters/s

running (20m02.8s), 1024/1024 VUs, 2383541 complete and 0 interrupted iterations
cap_mixed   [  67% ] 1024/1024 VUs  20m02.8s/30m0s  2000.00 iters/s

running (20m03.8s), 1018/1024 VUs, 2385090 complete and 0 interrupted iterations
cap_mixed   [  67% ] 1017/1024 VUs  20m03.8s/30m0s  2000.00 iters/s

running (20m04.8s), 1018/1024 VUs, 2386662 complete and 0 interrupted iterations
cap_mixed   [  67% ] 1018/1024 VUs  20m04.8s/30m0s  2000.00 iters/s

running (20m05.8s), 1021/1024 VUs, 2388095 complete and 0 interrupted iterations
cap_mixed   [  67% ] 1021/1024 VUs  20m05.8s/30m0s  2000.00 iters/s

running (20m06.8s), 1021/1024 VUs, 2389663 complete and 0 interrupted iterations
cap_mixed   [  67% ] 1021/1024 VUs  20m06.8s/30m0s  2000.00 iters/s

running (20m07.8s), 1017/1024 VUs, 2391376 complete and 0 interrupted iterations
cap_mixed   [  67% ] 1017/1024 VUs  20m07.8s/30m0s  2000.00 iters/s

running (20m08.8s), 1020/1024 VUs, 2393003 complete and 0 interrupted iterations
cap_mixed   [  67% ] 1020/1024 VUs  20m08.8s/30m0s  2000.00 iters/s

running (20m09.8s), 1017/1024 VUs, 2394609 complete and 0 interrupted iterations
cap_mixed   [  67% ] 1017/1024 VUs  20m09.8s/30m0s  2000.00 iters/s

running (20m10.8s), 1020/1024 VUs, 2396343 complete and 0 interrupted iterations
cap_mixed   [  67% ] 1020/1024 VUs  20m10.8s/30m0s  2000.00 iters/s

running (20m11.8s), 1024/1024 VUs, 2398098 complete and 0 interrupted iterations
cap_mixed   [  67% ] 1024/1024 VUs  20m11.8s/30m0s  2000.00 iters/s

running (20m12.8s), 1015/1024 VUs, 2399812 complete and 0 interrupted iterations
cap_mixed   [  67% ] 1015/1024 VUs  20m12.8s/30m0s  2000.00 iters/s

running (20m13.8s), 1007/1024 VUs, 2401295 complete and 0 interrupted iterations
cap_mixed   [  67% ] 1007/1024 VUs  20m13.8s/30m0s  2000.00 iters/s

running (20m14.8s), 0613/1024 VUs, 2403689 complete and 0 interrupted iterations
cap_mixed   [  67% ] 0613/1024 VUs  20m14.8s/30m0s  2000.00 iters/s

running (20m15.8s), 0067/1024 VUs, 2406236 complete and 0 interrupted iterations
cap_mixed   [  68% ] 0067/1024 VUs  20m15.8s/30m0s  2000.00 iters/s

running (20m16.8s), 0014/1024 VUs, 2408288 complete and 0 interrupted iterations
cap_mixed   [  68% ] 0014/1024 VUs  20m16.8s/30m0s  2000.00 iters/s

running (20m17.8s), 0014/1024 VUs, 2410288 complete and 0 interrupted iterations
cap_mixed   [  68% ] 0014/1024 VUs  20m17.8s/30m0s  2000.00 iters/s

running (20m18.8s), 0007/1024 VUs, 2412295 complete and 0 interrupted iterations
cap_mixed   [  68% ] 0007/1024 VUs  20m18.8s/30m0s  2000.00 iters/s

running (20m19.8s), 0031/1024 VUs, 2414273 complete and 0 interrupted iterations
cap_mixed   [  68% ] 0031/1024 VUs  20m19.8s/30m0s  2000.00 iters/s

running (20m20.8s), 0034/1024 VUs, 2416268 complete and 0 interrupted iterations
cap_mixed   [  68% ] 0034/1024 VUs  20m20.8s/30m0s  2000.00 iters/s

running (20m21.8s), 0013/1024 VUs, 2418289 complete and 0 interrupted iterations
cap_mixed   [  68% ] 0013/1024 VUs  20m21.8s/30m0s  2000.00 iters/s

running (20m22.8s), 0020/1024 VUs, 2420283 complete and 0 interrupted iterations
cap_mixed   [  68% ] 0020/1024 VUs  20m22.8s/30m0s  2000.00 iters/s

running (20m23.8s), 0110/1024 VUs, 2422204 complete and 0 interrupted iterations
cap_mixed   [  68% ] 0110/1024 VUs  20m23.8s/30m0s  2000.00 iters/s

running (20m24.8s), 0439/1024 VUs, 2423864 complete and 0 interrupted iterations
cap_mixed   [  68% ] 0439/1024 VUs  20m24.8s/30m0s  2000.00 iters/s

running (20m25.8s), 0355/1024 VUs, 2425947 complete and 0 interrupted iterations
cap_mixed   [  68% ] 0356/1024 VUs  20m25.8s/30m0s  2000.00 iters/s

running (20m26.8s), 0012/1024 VUs, 2428290 complete and 0 interrupted iterations
cap_mixed   [  68% ] 0011/1024 VUs  20m26.8s/30m0s  2000.00 iters/s

running (20m27.8s), 0013/1024 VUs, 2430289 complete and 0 interrupted iterations
cap_mixed   [  68% ] 0013/1024 VUs  20m27.8s/30m0s  2000.00 iters/s

running (20m28.8s), 0011/1024 VUs, 2432291 complete and 0 interrupted iterations
cap_mixed   [  68% ] 0011/1024 VUs  20m28.8s/30m0s  2000.00 iters/s

running (20m29.8s), 0014/1024 VUs, 2434289 complete and 0 interrupted iterations
cap_mixed   [  68% ] 0014/1024 VUs  20m29.8s/30m0s  2000.00 iters/s

running (20m30.8s), 0014/1024 VUs, 2436289 complete and 0 interrupted iterations
cap_mixed   [  68% ] 0014/1024 VUs  20m30.8s/30m0s  2000.00 iters/s

running (20m31.8s), 0027/1024 VUs, 2438276 complete and 0 interrupted iterations
cap_mixed   [  68% ] 0027/1024 VUs  20m31.8s/30m0s  2000.00 iters/s

running (20m32.8s), 0011/1024 VUs, 2440291 complete and 0 interrupted iterations
cap_mixed   [  68% ] 0011/1024 VUs  20m32.8s/30m0s  2000.00 iters/s

running (20m33.8s), 0484/1024 VUs, 2441818 complete and 0 interrupted iterations
cap_mixed   [  69% ] 0484/1024 VUs  20m33.8s/30m0s  2000.00 iters/s

running (20m34.8s), 0372/1024 VUs, 2443930 complete and 0 interrupted iterations
cap_mixed   [  69% ] 0372/1024 VUs  20m34.8s/30m0s  2000.00 iters/s

running (20m35.8s), 0010/1024 VUs, 2446292 complete and 0 interrupted iterations
cap_mixed   [  69% ] 0010/1024 VUs  20m35.8s/30m0s  2000.00 iters/s

running (20m36.8s), 0012/1024 VUs, 2448290 complete and 0 interrupted iterations
cap_mixed   [  69% ] 0012/1024 VUs  20m36.8s/30m0s  2000.00 iters/s

running (20m37.8s), 0014/1024 VUs, 2450289 complete and 0 interrupted iterations
cap_mixed   [  69% ] 0014/1024 VUs  20m37.8s/30m0s  2000.00 iters/s

running (20m38.8s), 0015/1024 VUs, 2452288 complete and 0 interrupted iterations
cap_mixed   [  69% ] 0015/1024 VUs  20m38.8s/30m0s  2000.00 iters/s

running (20m39.8s), 0011/1024 VUs, 2454290 complete and 0 interrupted iterations
cap_mixed   [  69% ] 0011/1024 VUs  20m39.8s/30m0s  2000.00 iters/s

running (20m40.8s), 0011/1024 VUs, 2456291 complete and 0 interrupted iterations
cap_mixed   [  69% ] 0011/1024 VUs  20m40.8s/30m0s  2000.00 iters/s

running (20m41.8s), 0010/1024 VUs, 2458292 complete and 0 interrupted iterations
cap_mixed   [  69% ] 0010/1024 VUs  20m41.8s/30m0s  2000.00 iters/s

running (20m42.8s), 0014/1024 VUs, 2460288 complete and 0 interrupted iterations
cap_mixed   [  69% ] 0014/1024 VUs  20m42.8s/30m0s  2000.00 iters/s

running (20m43.8s), 0010/1024 VUs, 2462292 complete and 0 interrupted iterations
cap_mixed   [  69% ] 0010/1024 VUs  20m43.8s/30m0s  2000.00 iters/s

running (20m44.8s), 0008/1024 VUs, 2464294 complete and 0 interrupted iterations
cap_mixed   [  69% ] 0008/1024 VUs  20m44.8s/30m0s  2000.00 iters/s

running (20m45.8s), 0012/1024 VUs, 2466290 complete and 0 interrupted iterations
cap_mixed   [  69% ] 0012/1024 VUs  20m45.8s/30m0s  2000.00 iters/s

running (20m46.8s), 0011/1024 VUs, 2468292 complete and 0 interrupted iterations
cap_mixed   [  69% ] 0011/1024 VUs  20m46.8s/30m0s  2000.00 iters/s

running (20m47.8s), 0058/1024 VUs, 2470245 complete and 0 interrupted iterations
cap_mixed   [  69% ] 0058/1024 VUs  20m47.8s/30m0s  2000.00 iters/s

running (20m48.8s), 0011/1024 VUs, 2472291 complete and 0 interrupted iterations
cap_mixed   [  69% ] 0011/1024 VUs  20m48.8s/30m0s  2000.00 iters/s

running (20m49.8s), 0013/1024 VUs, 2474289 complete and 0 interrupted iterations
cap_mixed   [  69% ] 0013/1024 VUs  20m49.8s/30m0s  2000.00 iters/s

running (20m50.8s), 0012/1024 VUs, 2476290 complete and 0 interrupted iterations
cap_mixed   [  69% ] 0012/1024 VUs  20m50.8s/30m0s  2000.00 iters/s

running (20m51.8s), 0019/1024 VUs, 2478283 complete and 0 interrupted iterations
cap_mixed   [  70% ] 0019/1024 VUs  20m51.8s/30m0s  2000.00 iters/s

running (20m52.8s), 0007/1024 VUs, 2480295 complete and 0 interrupted iterations
cap_mixed   [  70% ] 0007/1024 VUs  20m52.8s/30m0s  2000.00 iters/s

running (20m53.8s), 0014/1024 VUs, 2482288 complete and 0 interrupted iterations
cap_mixed   [  70% ] 0013/1024 VUs  20m53.8s/30m0s  2000.00 iters/s

running (20m54.8s), 0011/1024 VUs, 2484291 complete and 0 interrupted iterations
cap_mixed   [  70% ] 0011/1024 VUs  20m54.8s/30m0s  2000.00 iters/s

running (20m55.8s), 0018/1024 VUs, 2486285 complete and 0 interrupted iterations
cap_mixed   [  70% ] 0018/1024 VUs  20m55.8s/30m0s  2000.00 iters/s

running (20m56.8s), 0013/1024 VUs, 2488289 complete and 0 interrupted iterations
cap_mixed   [  70% ] 0013/1024 VUs  20m56.8s/30m0s  2000.00 iters/s

running (20m57.8s), 0008/1024 VUs, 2490294 complete and 0 interrupted iterations
cap_mixed   [  70% ] 0008/1024 VUs  20m57.8s/30m0s  2000.00 iters/s

running (20m58.8s), 0011/1024 VUs, 2492291 complete and 0 interrupted iterations
cap_mixed   [  70% ] 0011/1024 VUs  20m58.8s/30m0s  2000.00 iters/s

running (20m59.8s), 0013/1024 VUs, 2494290 complete and 0 interrupted iterations
cap_mixed   [  70% ] 0013/1024 VUs  20m59.8s/30m0s  2000.00 iters/s

running (21m00.8s), 0008/1024 VUs, 2496294 complete and 0 interrupted iterations
cap_mixed   [  70% ] 0008/1024 VUs  21m00.8s/30m0s  2000.00 iters/s

running (21m01.8s), 0006/1024 VUs, 2498296 complete and 0 interrupted iterations
cap_mixed   [  70% ] 0006/1024 VUs  21m01.8s/30m0s  2000.00 iters/s

running (21m02.8s), 0021/1024 VUs, 2500281 complete and 0 interrupted iterations
cap_mixed   [  70% ] 0021/1024 VUs  21m02.8s/30m0s  2000.00 iters/s

running (21m03.8s), 0010/1024 VUs, 2502292 complete and 0 interrupted iterations
cap_mixed   [  70% ] 0010/1024 VUs  21m03.8s/30m0s  2000.00 iters/s

running (21m04.8s), 0022/1024 VUs, 2504280 complete and 0 interrupted iterations
cap_mixed   [  70% ] 0022/1024 VUs  21m04.8s/30m0s  2000.00 iters/s

running (21m05.8s), 0011/1024 VUs, 2506291 complete and 0 interrupted iterations
cap_mixed   [  70% ] 0011/1024 VUs  21m05.8s/30m0s  2000.00 iters/s

running (21m06.8s), 0012/1024 VUs, 2508290 complete and 0 interrupted iterations
cap_mixed   [  70% ] 0012/1024 VUs  21m06.8s/30m0s  2000.00 iters/s

running (21m07.8s), 0012/1024 VUs, 2510290 complete and 0 interrupted iterations
cap_mixed   [  70% ] 0012/1024 VUs  21m07.8s/30m0s  2000.00 iters/s

running (21m08.8s), 0011/1024 VUs, 2512291 complete and 0 interrupted iterations
cap_mixed   [  70% ] 0011/1024 VUs  21m08.8s/30m0s  2000.00 iters/s

running (21m09.8s), 0018/1024 VUs, 2514284 complete and 0 interrupted iterations
cap_mixed   [  71% ] 0018/1024 VUs  21m09.8s/30m0s  2000.00 iters/s

running (21m10.8s), 0020/1024 VUs, 2516283 complete and 0 interrupted iterations
cap_mixed   [  71% ] 0020/1024 VUs  21m10.8s/30m0s  2000.00 iters/s

running (21m11.8s), 0017/1024 VUs, 2518286 complete and 0 interrupted iterations
cap_mixed   [  71% ] 0017/1024 VUs  21m11.8s/30m0s  2000.00 iters/s

running (21m12.8s), 0016/1024 VUs, 2520287 complete and 0 interrupted iterations
cap_mixed   [  71% ] 0016/1024 VUs  21m12.8s/30m0s  2000.00 iters/s

running (21m13.8s), 0013/1024 VUs, 2522289 complete and 0 interrupted iterations
cap_mixed   [  71% ] 0013/1024 VUs  21m13.8s/30m0s  2000.00 iters/s

running (21m14.8s), 0017/1024 VUs, 2524286 complete and 0 interrupted iterations
cap_mixed   [  71% ] 0017/1024 VUs  21m14.8s/30m0s  2000.00 iters/s

running (21m15.8s), 0013/1024 VUs, 2526291 complete and 0 interrupted iterations
cap_mixed   [  71% ] 0013/1024 VUs  21m15.8s/30m0s  2000.00 iters/s

running (21m16.8s), 0010/1024 VUs, 2528292 complete and 0 interrupted iterations
cap_mixed   [  71% ] 0010/1024 VUs  21m16.8s/30m0s  2000.00 iters/s

running (21m17.8s), 0010/1024 VUs, 2530292 complete and 0 interrupted iterations
cap_mixed   [  71% ] 0011/1024 VUs  21m17.8s/30m0s  2000.00 iters/s

running (21m18.8s), 0010/1024 VUs, 2532292 complete and 0 interrupted iterations
cap_mixed   [  71% ] 0010/1024 VUs  21m18.8s/30m0s  2000.00 iters/s

running (21m19.8s), 0016/1024 VUs, 2534286 complete and 0 interrupted iterations
cap_mixed   [  71% ] 0016/1024 VUs  21m19.8s/30m0s  2000.00 iters/s

running (21m20.8s), 0008/1024 VUs, 2536294 complete and 0 interrupted iterations
cap_mixed   [  71% ] 0008/1024 VUs  21m20.8s/30m0s  2000.00 iters/s

running (21m21.8s), 0015/1024 VUs, 2538287 complete and 0 interrupted iterations
cap_mixed   [  71% ] 0015/1024 VUs  21m21.8s/30m0s  2000.00 iters/s

running (21m22.8s), 0012/1024 VUs, 2540290 complete and 0 interrupted iterations
cap_mixed   [  71% ] 0012/1024 VUs  21m22.8s/30m0s  2000.00 iters/s

running (21m23.8s), 0010/1024 VUs, 2542292 complete and 0 interrupted iterations
cap_mixed   [  71% ] 0010/1024 VUs  21m23.8s/30m0s  2000.00 iters/s

running (21m24.8s), 0014/1024 VUs, 2544288 complete and 0 interrupted iterations
cap_mixed   [  71% ] 0014/1024 VUs  21m24.8s/30m0s  2000.00 iters/s

running (21m25.8s), 0013/1024 VUs, 2546290 complete and 0 interrupted iterations
cap_mixed   [  71% ] 0013/1024 VUs  21m25.8s/30m0s  2000.00 iters/s

running (21m26.8s), 0010/1024 VUs, 2548293 complete and 0 interrupted iterations
cap_mixed   [  71% ] 0010/1024 VUs  21m26.8s/30m0s  2000.00 iters/s

running (21m27.8s), 0016/1024 VUs, 2550287 complete and 0 interrupted iterations
cap_mixed   [  72% ] 0016/1024 VUs  21m27.8s/30m0s  2000.00 iters/s

running (21m28.8s), 0011/1024 VUs, 2552291 complete and 0 interrupted iterations
cap_mixed   [  72% ] 0011/1024 VUs  21m28.8s/30m0s  2000.00 iters/s

running (21m29.8s), 0021/1024 VUs, 2554282 complete and 0 interrupted iterations
cap_mixed   [  72% ] 0021/1024 VUs  21m29.8s/30m0s  2000.00 iters/s

running (21m30.8s), 0009/1024 VUs, 2556293 complete and 0 interrupted iterations
cap_mixed   [  72% ] 0009/1024 VUs  21m30.8s/30m0s  2000.00 iters/s

running (21m31.8s), 0012/1024 VUs, 2558291 complete and 0 interrupted iterations
cap_mixed   [  72% ] 0012/1024 VUs  21m31.8s/30m0s  2000.00 iters/s

running (21m32.8s), 0011/1024 VUs, 2560291 complete and 0 interrupted iterations
cap_mixed   [  72% ] 0011/1024 VUs  21m32.8s/30m0s  2000.00 iters/s

running (21m33.8s), 0012/1024 VUs, 2562291 complete and 0 interrupted iterations
cap_mixed   [  72% ] 0012/1024 VUs  21m33.8s/30m0s  2000.00 iters/s

running (21m34.8s), 0009/1024 VUs, 2564293 complete and 0 interrupted iterations
cap_mixed   [  72% ] 0009/1024 VUs  21m34.8s/30m0s  2000.00 iters/s

running (21m35.8s), 0427/1024 VUs, 2565875 complete and 0 interrupted iterations
cap_mixed   [  72% ] 0428/1024 VUs  21m35.8s/30m0s  2000.00 iters/s

running (21m36.8s), 0012/1024 VUs, 2568291 complete and 0 interrupted iterations
cap_mixed   [  72% ] 0012/1024 VUs  21m36.8s/30m0s  2000.00 iters/s

running (21m37.8s), 0014/1024 VUs, 2570288 complete and 0 interrupted iterations
cap_mixed   [  72% ] 0014/1024 VUs  21m37.8s/30m0s  2000.00 iters/s

running (21m38.8s), 0010/1024 VUs, 2572293 complete and 0 interrupted iterations
cap_mixed   [  72% ] 0010/1024 VUs  21m38.8s/30m0s  2000.00 iters/s

running (21m39.8s), 0013/1024 VUs, 2574289 complete and 0 interrupted iterations
cap_mixed   [  72% ] 0013/1024 VUs  21m39.8s/30m0s  2000.00 iters/s

running (21m40.8s), 0012/1024 VUs, 2576290 complete and 0 interrupted iterations
cap_mixed   [  72% ] 0012/1024 VUs  21m40.8s/30m0s  2000.00 iters/s

running (21m41.8s), 0013/1024 VUs, 2578290 complete and 0 interrupted iterations
cap_mixed   [  72% ] 0013/1024 VUs  21m41.8s/30m0s  2000.00 iters/s

running (21m42.8s), 0013/1024 VUs, 2580289 complete and 0 interrupted iterations
cap_mixed   [  72% ] 0013/1024 VUs  21m42.8s/30m0s  2000.00 iters/s

running (21m43.8s), 0012/1024 VUs, 2582291 complete and 0 interrupted iterations
cap_mixed   [  72% ] 0012/1024 VUs  21m43.8s/30m0s  2000.00 iters/s

running (21m44.8s), 0009/1024 VUs, 2584293 complete and 0 interrupted iterations
cap_mixed   [  72% ] 0009/1024 VUs  21m44.8s/30m0s  2000.00 iters/s

running (21m45.8s), 0027/1024 VUs, 2586275 complete and 0 interrupted iterations
cap_mixed   [  73% ] 0027/1024 VUs  21m45.8s/30m0s  2000.00 iters/s

running (21m46.8s), 0011/1024 VUs, 2588292 complete and 0 interrupted iterations
cap_mixed   [  73% ] 0011/1024 VUs  21m46.8s/30m0s  2000.00 iters/s

running (21m47.8s), 0020/1024 VUs, 2590283 complete and 0 interrupted iterations
cap_mixed   [  73% ] 0020/1024 VUs  21m47.8s/30m0s  2000.00 iters/s

running (21m48.8s), 0016/1024 VUs, 2592286 complete and 0 interrupted iterations
cap_mixed   [  73% ] 0016/1024 VUs  21m48.8s/30m0s  2000.00 iters/s

running (21m49.8s), 0011/1024 VUs, 2594291 complete and 0 interrupted iterations
cap_mixed   [  73% ] 0011/1024 VUs  21m49.8s/30m0s  2000.00 iters/s

running (21m50.8s), 0016/1024 VUs, 2596286 complete and 0 interrupted iterations
cap_mixed   [  73% ] 0016/1024 VUs  21m50.8s/30m0s  2000.00 iters/s

running (21m51.8s), 0016/1024 VUs, 2598287 complete and 0 interrupted iterations
cap_mixed   [  73% ] 0016/1024 VUs  21m51.8s/30m0s  2000.00 iters/s

running (21m52.8s), 0009/1024 VUs, 2600294 complete and 0 interrupted iterations
cap_mixed   [  73% ] 0009/1024 VUs  21m52.8s/30m0s  2000.00 iters/s

running (21m53.8s), 0013/1024 VUs, 2602289 complete and 0 interrupted iterations
cap_mixed   [  73% ] 0013/1024 VUs  21m53.8s/30m0s  2000.00 iters/s

running (21m54.8s), 0016/1024 VUs, 2604286 complete and 0 interrupted iterations
cap_mixed   [  73% ] 0016/1024 VUs  21m54.8s/30m0s  2000.00 iters/s

running (21m55.8s), 0016/1024 VUs, 2606286 complete and 0 interrupted iterations
cap_mixed   [  73% ] 0016/1024 VUs  21m55.8s/30m0s  2000.00 iters/s

running (21m56.8s), 0011/1024 VUs, 2608292 complete and 0 interrupted iterations
cap_mixed   [  73% ] 0011/1024 VUs  21m56.8s/30m0s  2000.00 iters/s

running (21m57.8s), 0020/1024 VUs, 2610282 complete and 0 interrupted iterations
cap_mixed   [  73% ] 0020/1024 VUs  21m57.8s/30m0s  2000.00 iters/s

running (21m58.8s), 0012/1024 VUs, 2612291 complete and 0 interrupted iterations
cap_mixed   [  73% ] 0012/1024 VUs  21m58.8s/30m0s  2000.00 iters/s

running (21m59.8s), 0012/1024 VUs, 2614291 complete and 0 interrupted iterations
cap_mixed   [  73% ] 0012/1024 VUs  21m59.8s/30m0s  2000.00 iters/s

running (22m00.8s), 0007/1024 VUs, 2616295 complete and 0 interrupted iterations
cap_mixed   [  73% ] 0007/1024 VUs  22m00.8s/30m0s  2000.00 iters/s

running (22m01.8s), 0021/1024 VUs, 2618281 complete and 0 interrupted iterations
cap_mixed   [  73% ] 0021/1024 VUs  22m01.8s/30m0s  2000.00 iters/s

running (22m02.8s), 0050/1024 VUs, 2620253 complete and 0 interrupted iterations
cap_mixed   [  73% ] 0050/1024 VUs  22m02.8s/30m0s  2000.00 iters/s

running (22m03.8s), 0015/1024 VUs, 2622287 complete and 0 interrupted iterations
cap_mixed   [  74% ] 0015/1024 VUs  22m03.8s/30m0s  2000.00 iters/s

running (22m04.8s), 0013/1024 VUs, 2624289 complete and 0 interrupted iterations
cap_mixed   [  74% ] 0013/1024 VUs  22m04.8s/30m0s  2000.00 iters/s

running (22m05.8s), 0012/1024 VUs, 2626291 complete and 0 interrupted iterations
cap_mixed   [  74% ] 0012/1024 VUs  22m05.8s/30m0s  2000.00 iters/s

running (22m06.8s), 0049/1024 VUs, 2628253 complete and 0 interrupted iterations
cap_mixed   [  74% ] 0049/1024 VUs  22m06.8s/30m0s  2000.00 iters/s

running (22m07.8s), 0022/1024 VUs, 2630280 complete and 0 interrupted iterations
cap_mixed   [  74% ] 0022/1024 VUs  22m07.8s/30m0s  2000.00 iters/s

running (22m08.8s), 0014/1024 VUs, 2632288 complete and 0 interrupted iterations
cap_mixed   [  74% ] 0014/1024 VUs  22m08.8s/30m0s  2000.00 iters/s

running (22m09.8s), 0014/1024 VUs, 2634288 complete and 0 interrupted iterations
cap_mixed   [  74% ] 0014/1024 VUs  22m09.8s/30m0s  2000.00 iters/s

running (22m10.8s), 0013/1024 VUs, 2636289 complete and 0 interrupted iterations
cap_mixed   [  74% ] 0013/1024 VUs  22m10.8s/30m0s  2000.00 iters/s

running (22m11.8s), 0011/1024 VUs, 2638292 complete and 0 interrupted iterations
cap_mixed   [  74% ] 0011/1024 VUs  22m11.8s/30m0s  2000.00 iters/s

running (22m12.8s), 0011/1024 VUs, 2640292 complete and 0 interrupted iterations
cap_mixed   [  74% ] 0011/1024 VUs  22m12.8s/30m0s  2000.00 iters/s

running (22m13.8s), 0013/1024 VUs, 2642289 complete and 0 interrupted iterations
cap_mixed   [  74% ] 0013/1024 VUs  22m13.8s/30m0s  2000.00 iters/s

running (22m14.8s), 0012/1024 VUs, 2644290 complete and 0 interrupted iterations
cap_mixed   [  74% ] 0012/1024 VUs  22m14.8s/30m0s  2000.00 iters/s

running (22m15.8s), 0013/1024 VUs, 2646291 complete and 0 interrupted iterations
cap_mixed   [  74% ] 0013/1024 VUs  22m15.8s/30m0s  2000.00 iters/s

running (22m16.8s), 0013/1024 VUs, 2648290 complete and 0 interrupted iterations
cap_mixed   [  74% ] 0013/1024 VUs  22m16.8s/30m0s  2000.00 iters/s

running (22m17.8s), 0012/1024 VUs, 2650290 complete and 0 interrupted iterations
cap_mixed   [  74% ] 0012/1024 VUs  22m17.8s/30m0s  2000.00 iters/s

running (22m18.8s), 0011/1024 VUs, 2652291 complete and 0 interrupted iterations
cap_mixed   [  74% ] 0011/1024 VUs  22m18.8s/30m0s  2000.00 iters/s

running (22m19.8s), 0014/1024 VUs, 2654288 complete and 0 interrupted iterations
cap_mixed   [  74% ] 0014/1024 VUs  22m19.8s/30m0s  2000.00 iters/s

running (22m20.8s), 0014/1024 VUs, 2656288 complete and 0 interrupted iterations
cap_mixed   [  74% ] 0014/1024 VUs  22m20.8s/30m0s  2000.00 iters/s

running (22m21.8s), 0023/1024 VUs, 2658280 complete and 0 interrupted iterations
cap_mixed   [  75% ] 0023/1024 VUs  22m21.8s/30m0s  2000.00 iters/s

running (22m22.8s), 0021/1024 VUs, 2660282 complete and 0 interrupted iterations
cap_mixed   [  75% ] 0021/1024 VUs  22m22.8s/30m0s  2000.00 iters/s

running (22m23.8s), 0016/1024 VUs, 2662286 complete and 0 interrupted iterations
cap_mixed   [  75% ] 0016/1024 VUs  22m23.8s/30m0s  2000.00 iters/s

running (22m24.8s), 0006/1024 VUs, 2664296 complete and 0 interrupted iterations
cap_mixed   [  75% ] 0006/1024 VUs  22m24.8s/30m0s  2000.00 iters/s

running (22m25.8s), 0017/1024 VUs, 2666285 complete and 0 interrupted iterations
cap_mixed   [  75% ] 0017/1024 VUs  22m25.8s/30m0s  2000.00 iters/s

running (22m26.8s), 0015/1024 VUs, 2668288 complete and 0 interrupted iterations
cap_mixed   [  75% ] 0015/1024 VUs  22m26.8s/30m0s  2000.00 iters/s

running (22m27.8s), 0010/1024 VUs, 2670292 complete and 0 interrupted iterations
cap_mixed   [  75% ] 0010/1024 VUs  22m27.8s/30m0s  2000.00 iters/s

running (22m28.8s), 0011/1024 VUs, 2672291 complete and 0 interrupted iterations
cap_mixed   [  75% ] 0011/1024 VUs  22m28.8s/30m0s  2000.00 iters/s

running (22m29.8s), 0010/1024 VUs, 2674292 complete and 0 interrupted iterations
cap_mixed   [  75% ] 0010/1024 VUs  22m29.8s/30m0s  2000.00 iters/s

running (22m30.8s), 0011/1024 VUs, 2676291 complete and 0 interrupted iterations
cap_mixed   [  75% ] 0012/1024 VUs  22m30.8s/30m0s  2000.00 iters/s

running (22m31.8s), 0008/1024 VUs, 2678294 complete and 0 interrupted iterations
cap_mixed   [  75% ] 0008/1024 VUs  22m31.8s/30m0s  2000.00 iters/s

running (22m32.8s), 0013/1024 VUs, 2680289 complete and 0 interrupted iterations
cap_mixed   [  75% ] 0013/1024 VUs  22m32.8s/30m0s  2000.00 iters/s

running (22m33.8s), 0014/1024 VUs, 2682288 complete and 0 interrupted iterations
cap_mixed   [  75% ] 0014/1024 VUs  22m33.8s/30m0s  2000.00 iters/s

running (22m34.8s), 0010/1024 VUs, 2684292 complete and 0 interrupted iterations
cap_mixed   [  75% ] 0010/1024 VUs  22m34.8s/30m0s  2000.00 iters/s

running (22m35.8s), 0032/1024 VUs, 2686270 complete and 0 interrupted iterations
cap_mixed   [  75% ] 0032/1024 VUs  22m35.8s/30m0s  2000.00 iters/s

running (22m36.8s), 0013/1024 VUs, 2688289 complete and 0 interrupted iterations
cap_mixed   [  75% ] 0013/1024 VUs  22m36.8s/30m0s  2000.00 iters/s

running (22m37.8s), 0015/1024 VUs, 2690287 complete and 0 interrupted iterations
cap_mixed   [  75% ] 0015/1024 VUs  22m37.8s/30m0s  2000.00 iters/s

running (22m38.8s), 0013/1024 VUs, 2692289 complete and 0 interrupted iterations
cap_mixed   [  75% ] 0013/1024 VUs  22m38.8s/30m0s  2000.00 iters/s

running (22m39.8s), 0012/1024 VUs, 2694291 complete and 0 interrupted iterations
cap_mixed   [  76% ] 0012/1024 VUs  22m39.8s/30m0s  2000.00 iters/s

running (22m40.8s), 0014/1024 VUs, 2696288 complete and 0 interrupted iterations
cap_mixed   [  76% ] 0014/1024 VUs  22m40.8s/30m0s  2000.00 iters/s

running (22m41.8s), 0015/1024 VUs, 2698287 complete and 0 interrupted iterations
cap_mixed   [  76% ] 0015/1024 VUs  22m41.8s/30m0s  2000.00 iters/s

running (22m42.8s), 0013/1024 VUs, 2700289 complete and 0 interrupted iterations
cap_mixed   [  76% ] 0013/1024 VUs  22m42.8s/30m0s  2000.00 iters/s

running (22m43.8s), 0014/1024 VUs, 2702288 complete and 0 interrupted iterations
cap_mixed   [  76% ] 0014/1024 VUs  22m43.8s/30m0s  2000.00 iters/s

running (22m44.8s), 0243/1024 VUs, 2704061 complete and 0 interrupted iterations
cap_mixed   [  76% ] 0243/1024 VUs  22m44.8s/30m0s  2000.00 iters/s

running (22m45.8s), 0010/1024 VUs, 2706292 complete and 0 interrupted iterations
cap_mixed   [  76% ] 0010/1024 VUs  22m45.8s/30m0s  2000.00 iters/s

running (22m46.8s), 0020/1024 VUs, 2708282 complete and 0 interrupted iterations
cap_mixed   [  76% ] 0020/1024 VUs  22m46.8s/30m0s  2000.00 iters/s

running (22m47.8s), 0019/1024 VUs, 2710283 complete and 0 interrupted iterations
cap_mixed   [  76% ] 0019/1024 VUs  22m47.8s/30m0s  2000.00 iters/s

running (22m48.8s), 0020/1024 VUs, 2712282 complete and 0 interrupted iterations
cap_mixed   [  76% ] 0020/1024 VUs  22m48.8s/30m0s  2000.00 iters/s

running (22m49.8s), 0016/1024 VUs, 2714287 complete and 0 interrupted iterations
cap_mixed   [  76% ] 0016/1024 VUs  22m49.8s/30m0s  2000.00 iters/s

running (22m50.8s), 0021/1024 VUs, 2716281 complete and 0 interrupted iterations
cap_mixed   [  76% ] 0021/1024 VUs  22m50.8s/30m0s  2000.00 iters/s

running (22m51.8s), 0012/1024 VUs, 2718291 complete and 0 interrupted iterations
cap_mixed   [  76% ] 0012/1024 VUs  22m51.8s/30m0s  2000.00 iters/s

running (22m52.8s), 0011/1024 VUs, 2720291 complete and 0 interrupted iterations
cap_mixed   [  76% ] 0011/1024 VUs  22m52.8s/30m0s  2000.00 iters/s

running (22m53.8s), 0012/1024 VUs, 2722290 complete and 0 interrupted iterations
cap_mixed   [  76% ] 0012/1024 VUs  22m53.8s/30m0s  2000.00 iters/s

running (22m54.8s), 0015/1024 VUs, 2724287 complete and 0 interrupted iterations
cap_mixed   [  76% ] 0015/1024 VUs  22m54.8s/30m0s  2000.00 iters/s

running (22m55.8s), 0016/1024 VUs, 2726287 complete and 0 interrupted iterations
cap_mixed   [  76% ] 0016/1024 VUs  22m55.8s/30m0s  2000.00 iters/s

running (22m56.8s), 0019/1024 VUs, 2728283 complete and 0 interrupted iterations
cap_mixed   [  76% ] 0019/1024 VUs  22m56.8s/30m0s  2000.00 iters/s

running (22m57.8s), 0020/1024 VUs, 2730282 complete and 0 interrupted iterations
cap_mixed   [  77% ] 0020/1024 VUs  22m57.8s/30m0s  2000.00 iters/s

running (22m58.8s), 0023/1024 VUs, 2732279 complete and 0 interrupted iterations
cap_mixed   [  77% ] 0023/1024 VUs  22m58.8s/30m0s  2000.00 iters/s

running (22m59.8s), 0010/1024 VUs, 2734292 complete and 0 interrupted iterations
cap_mixed   [  77% ] 0010/1024 VUs  22m59.8s/30m0s  2000.00 iters/s

running (23m00.8s), 0016/1024 VUs, 2736284 complete and 0 interrupted iterations
cap_mixed   [  77% ] 0016/1024 VUs  23m00.8s/30m0s  2000.00 iters/s

running (23m01.8s), 0020/1024 VUs, 2738282 complete and 0 interrupted iterations
cap_mixed   [  77% ] 0020/1024 VUs  23m01.8s/30m0s  2000.00 iters/s

running (23m02.8s), 0018/1024 VUs, 2740285 complete and 0 interrupted iterations
cap_mixed   [  77% ] 0018/1024 VUs  23m02.8s/30m0s  2000.00 iters/s

running (23m03.8s), 0020/1024 VUs, 2742282 complete and 0 interrupted iterations
cap_mixed   [  77% ] 0020/1024 VUs  23m03.8s/30m0s  2000.00 iters/s

running (23m04.8s), 0015/1024 VUs, 2744287 complete and 0 interrupted iterations
cap_mixed   [  77% ] 0015/1024 VUs  23m04.8s/30m0s  2000.00 iters/s

running (23m05.8s), 0012/1024 VUs, 2746290 complete and 0 interrupted iterations
cap_mixed   [  77% ] 0012/1024 VUs  23m05.8s/30m0s  2000.00 iters/s

running (23m06.8s), 0012/1024 VUs, 2748290 complete and 0 interrupted iterations
cap_mixed   [  77% ] 0012/1024 VUs  23m06.8s/30m0s  2000.00 iters/s

running (23m07.8s), 0016/1024 VUs, 2750286 complete and 0 interrupted iterations
cap_mixed   [  77% ] 0016/1024 VUs  23m07.8s/30m0s  2000.00 iters/s

running (23m08.8s), 0014/1024 VUs, 2752288 complete and 0 interrupted iterations
cap_mixed   [  77% ] 0014/1024 VUs  23m08.8s/30m0s  2000.00 iters/s

running (23m09.8s), 0011/1024 VUs, 2754291 complete and 0 interrupted iterations
cap_mixed   [  77% ] 0011/1024 VUs  23m09.8s/30m0s  2000.00 iters/s

running (23m10.8s), 0014/1024 VUs, 2756289 complete and 0 interrupted iterations
cap_mixed   [  77% ] 0014/1024 VUs  23m10.8s/30m0s  2000.00 iters/s

running (23m11.8s), 0016/1024 VUs, 2758286 complete and 0 interrupted iterations
cap_mixed   [  77% ] 0016/1024 VUs  23m11.8s/30m0s  2000.00 iters/s

running (23m12.8s), 0010/1024 VUs, 2760292 complete and 0 interrupted iterations
cap_mixed   [  77% ] 0010/1024 VUs  23m12.8s/30m0s  2000.00 iters/s

running (23m13.8s), 0016/1024 VUs, 2762287 complete and 0 interrupted iterations
cap_mixed   [  77% ] 0016/1024 VUs  23m13.8s/30m0s  2000.00 iters/s

running (23m14.8s), 0012/1024 VUs, 2764290 complete and 0 interrupted iterations
cap_mixed   [  77% ] 0012/1024 VUs  23m14.8s/30m0s  2000.00 iters/s

running (23m15.8s), 0012/1024 VUs, 2766291 complete and 0 interrupted iterations
cap_mixed   [  78% ] 0012/1024 VUs  23m15.8s/30m0s  2000.00 iters/s

running (23m16.8s), 0013/1024 VUs, 2768289 complete and 0 interrupted iterations
cap_mixed   [  78% ] 0013/1024 VUs  23m16.8s/30m0s  2000.00 iters/s

running (23m17.8s), 0017/1024 VUs, 2770286 complete and 0 interrupted iterations
cap_mixed   [  78% ] 0017/1024 VUs  23m17.8s/30m0s  2000.00 iters/s

running (23m18.8s), 0013/1024 VUs, 2772290 complete and 0 interrupted iterations
cap_mixed   [  78% ] 0013/1024 VUs  23m18.8s/30m0s  2000.00 iters/s

running (23m19.8s), 0141/1024 VUs, 2774158 complete and 0 interrupted iterations
cap_mixed   [  78% ] 0141/1024 VUs  23m19.8s/30m0s  2000.00 iters/s

running (23m20.8s), 0338/1024 VUs, 2775964 complete and 0 interrupted iterations
cap_mixed   [  78% ] 0338/1024 VUs  23m20.8s/30m0s  2000.00 iters/s

running (23m21.8s), 0442/1024 VUs, 2777874 complete and 0 interrupted iterations
cap_mixed   [  78% ] 0442/1024 VUs  23m21.8s/30m0s  2000.00 iters/s

running (23m22.8s), 0572/1024 VUs, 2779728 complete and 0 interrupted iterations
cap_mixed   [  78% ] 0572/1024 VUs  23m22.8s/30m0s  2000.00 iters/s

running (23m23.8s), 0603/1024 VUs, 2781699 complete and 0 interrupted iterations
cap_mixed   [  78% ] 0603/1024 VUs  23m23.8s/30m0s  2000.00 iters/s

running (23m24.8s), 0597/1024 VUs, 2783705 complete and 0 interrupted iterations
cap_mixed   [  78% ] 0597/1024 VUs  23m24.8s/30m0s  2000.00 iters/s

running (23m25.8s), 0668/1024 VUs, 2785634 complete and 0 interrupted iterations
cap_mixed   [  78% ] 0668/1024 VUs  23m25.8s/30m0s  2000.00 iters/s

running (23m26.8s), 0718/1024 VUs, 2787584 complete and 0 interrupted iterations
cap_mixed   [  78% ] 0718/1024 VUs  23m26.8s/30m0s  2000.00 iters/s

running (23m27.8s), 0812/1024 VUs, 2789491 complete and 0 interrupted iterations
cap_mixed   [  78% ] 0812/1024 VUs  23m27.8s/30m0s  2000.00 iters/s

running (23m28.8s), 0790/1024 VUs, 2791512 complete and 0 interrupted iterations
cap_mixed   [  78% ] 0790/1024 VUs  23m28.8s/30m0s  2000.00 iters/s

running (23m29.8s), 0838/1024 VUs, 2793464 complete and 0 interrupted iterations
cap_mixed   [  78% ] 0839/1024 VUs  23m29.8s/30m0s  2000.00 iters/s

running (23m30.8s), 0883/1024 VUs, 2795423 complete and 0 interrupted iterations
cap_mixed   [  78% ] 0883/1024 VUs  23m30.8s/30m0s  2000.00 iters/s

running (23m31.8s), 0885/1024 VUs, 2797417 complete and 0 interrupted iterations
cap_mixed   [  78% ] 0885/1024 VUs  23m31.8s/30m0s  2000.00 iters/s

running (23m32.8s), 0985/1024 VUs, 2799319 complete and 0 interrupted iterations
cap_mixed   [  78% ] 0985/1024 VUs  23m32.8s/30m0s  2000.00 iters/s

running (23m33.8s), 0948/1024 VUs, 2801286 complete and 0 interrupted iterations
cap_mixed   [  79% ] 0948/1024 VUs  23m33.8s/30m0s  2000.00 iters/s

running (23m34.8s), 1021/1024 VUs, 2803123 complete and 0 interrupted iterations
cap_mixed   [  79% ] 1021/1024 VUs  23m34.8s/30m0s  2000.00 iters/s

running (23m35.8s), 1020/1024 VUs, 2805083 complete and 0 interrupted iterations
cap_mixed   [  79% ] 1020/1024 VUs  23m35.8s/30m0s  2000.00 iters/s

running (23m36.8s), 0996/1024 VUs, 2806916 complete and 0 interrupted iterations
cap_mixed   [  79% ] 0996/1024 VUs  23m36.8s/30m0s  2000.00 iters/s

running (23m37.8s), 1017/1024 VUs, 2808802 complete and 0 interrupted iterations
cap_mixed   [  79% ] 1017/1024 VUs  23m37.8s/30m0s  2000.00 iters/s

running (23m38.8s), 0933/1024 VUs, 2810864 complete and 0 interrupted iterations
cap_mixed   [  79% ] 0933/1024 VUs  23m38.8s/30m0s  2000.00 iters/s

running (23m39.8s), 0914/1024 VUs, 2812883 complete and 0 interrupted iterations
cap_mixed   [  79% ] 0914/1024 VUs  23m39.8s/30m0s  2000.00 iters/s

running (23m40.8s), 0914/1024 VUs, 2814882 complete and 0 interrupted iterations
cap_mixed   [  79% ] 0914/1024 VUs  23m40.8s/30m0s  2000.00 iters/s

running (23m41.8s), 0917/1024 VUs, 2816880 complete and 0 interrupted iterations
cap_mixed   [  79% ] 0917/1024 VUs  23m41.8s/30m0s  2000.00 iters/s

running (23m42.8s), 0866/1024 VUs, 2818930 complete and 0 interrupted iterations
cap_mixed   [  79% ] 0866/1024 VUs  23m42.8s/30m0s  2000.00 iters/s

running (23m43.8s), 0857/1024 VUs, 2820939 complete and 0 interrupted iterations
cap_mixed   [  79% ] 0857/1024 VUs  23m43.8s/30m0s  2000.00 iters/s

running (23m44.8s), 0876/1024 VUs, 2822922 complete and 0 interrupted iterations
cap_mixed   [  79% ] 0876/1024 VUs  23m44.8s/30m0s  2000.00 iters/s

running (23m45.8s), 0851/1024 VUs, 2824946 complete and 0 interrupted iterations
cap_mixed   [  79% ] 0851/1024 VUs  23m45.8s/30m0s  2000.00 iters/s

running (23m46.8s), 0941/1024 VUs, 2826859 complete and 0 interrupted iterations
cap_mixed   [  79% ] 0941/1024 VUs  23m46.8s/30m0s  2000.00 iters/s

running (23m47.8s), 1015/1024 VUs, 2828777 complete and 0 interrupted iterations
cap_mixed   [  79% ] 1015/1024 VUs  23m47.8s/30m0s  2000.00 iters/s

running (23m48.8s), 0954/1024 VUs, 2830739 complete and 0 interrupted iterations
cap_mixed   [  79% ] 0954/1024 VUs  23m48.8s/30m0s  2000.00 iters/s

running (23m49.8s), 0940/1024 VUs, 2832754 complete and 0 interrupted iterations
cap_mixed   [  79% ] 0940/1024 VUs  23m49.8s/30m0s  2000.00 iters/s

running (23m50.8s), 0942/1024 VUs, 2834727 complete and 0 interrupted iterations
cap_mixed   [  79% ] 0942/1024 VUs  23m50.8s/30m0s  2000.00 iters/s

running (23m51.8s), 0820/1024 VUs, 2836850 complete and 0 interrupted iterations
cap_mixed   [  80% ] 0820/1024 VUs  23m51.8s/30m0s  2000.00 iters/s

running (23m52.8s), 0737/1024 VUs, 2838932 complete and 0 interrupted iterations
cap_mixed   [  80% ] 0737/1024 VUs  23m52.8s/30m0s  2000.00 iters/s

running (23m53.8s), 0832/1024 VUs, 2840837 complete and 0 interrupted iterations
cap_mixed   [  80% ] 0832/1024 VUs  23m53.8s/30m0s  2000.00 iters/s

running (23m54.8s), 0927/1024 VUs, 2842742 complete and 0 interrupted iterations
cap_mixed   [  80% ] 0927/1024 VUs  23m54.8s/30m0s  2000.00 iters/s

running (23m55.8s), 1007/1024 VUs, 2844643 complete and 0 interrupted iterations
cap_mixed   [  80% ] 1007/1024 VUs  23m55.8s/30m0s  2000.00 iters/s

running (23m56.8s), 0990/1024 VUs, 2846642 complete and 0 interrupted iterations
cap_mixed   [  80% ] 0990/1024 VUs  23m56.8s/30m0s  2000.00 iters/s

running (23m57.8s), 0967/1024 VUs, 2848665 complete and 0 interrupted iterations
cap_mixed   [  80% ] 0967/1024 VUs  23m57.8s/30m0s  2000.00 iters/s

running (23m58.8s), 0928/1024 VUs, 2850676 complete and 0 interrupted iterations
cap_mixed   [  80% ] 0928/1024 VUs  23m58.8s/30m0s  2000.00 iters/s

running (23m59.8s), 0825/1024 VUs, 2852778 complete and 0 interrupted iterations
cap_mixed   [  80% ] 0825/1024 VUs  23m59.8s/30m0s  2000.00 iters/s

running (24m00.8s), 0965/1024 VUs, 2854638 complete and 0 interrupted iterations
cap_mixed   [  80% ] 0965/1024 VUs  24m00.8s/30m0s  2000.00 iters/s

running (24m01.8s), 0918/1024 VUs, 2856604 complete and 0 interrupted iterations
cap_mixed   [  80% ] 0918/1024 VUs  24m01.8s/30m0s  2000.00 iters/s

running (24m02.8s), 0954/1024 VUs, 2858570 complete and 0 interrupted iterations
cap_mixed   [  80% ] 0954/1024 VUs  24m02.8s/30m0s  2000.00 iters/s

running (24m03.8s), 0916/1024 VUs, 2860567 complete and 0 interrupted iterations
cap_mixed   [  80% ] 0916/1024 VUs  24m03.8s/30m0s  2000.00 iters/s

running (24m04.8s), 0867/1024 VUs, 2862613 complete and 0 interrupted iterations
cap_mixed   [  80% ] 0867/1024 VUs  24m04.8s/30m0s  2000.00 iters/s

running (24m05.8s), 0364/1024 VUs, 2865115 complete and 0 interrupted iterations
cap_mixed   [  80% ] 0364/1024 VUs  24m05.8s/30m0s  2000.00 iters/s

running (24m06.8s), 0015/1024 VUs, 2867465 complete and 0 interrupted iterations
cap_mixed   [  80% ] 0015/1024 VUs  24m06.8s/30m0s  2000.00 iters/s

running (24m07.8s), 0014/1024 VUs, 2869465 complete and 0 interrupted iterations
cap_mixed   [  80% ] 0014/1024 VUs  24m07.8s/30m0s  2000.00 iters/s

running (24m08.8s), 0009/1024 VUs, 2871470 complete and 0 interrupted iterations
cap_mixed   [  80% ] 0009/1024 VUs  24m08.8s/30m0s  2000.00 iters/s

running (24m09.8s), 0025/1024 VUs, 2873454 complete and 0 interrupted iterations
cap_mixed   [  81% ] 0025/1024 VUs  24m09.8s/30m0s  2000.00 iters/s

running (24m10.8s), 0012/1024 VUs, 2875469 complete and 0 interrupted iterations
cap_mixed   [  81% ] 0012/1024 VUs  24m10.8s/30m0s  2000.00 iters/s

running (24m11.8s), 0013/1024 VUs, 2877466 complete and 0 interrupted iterations
cap_mixed   [  81% ] 0013/1024 VUs  24m11.8s/30m0s  2000.00 iters/s

running (24m12.8s), 0015/1024 VUs, 2879464 complete and 0 interrupted iterations
cap_mixed   [  81% ] 0015/1024 VUs  24m12.8s/30m0s  2000.00 iters/s

running (24m13.8s), 0012/1024 VUs, 2881468 complete and 0 interrupted iterations
cap_mixed   [  81% ] 0012/1024 VUs  24m13.8s/30m0s  2000.00 iters/s

running (24m14.8s), 0016/1024 VUs, 2883463 complete and 0 interrupted iterations
cap_mixed   [  81% ] 0016/1024 VUs  24m14.8s/30m0s  2000.00 iters/s

running (24m15.8s), 0014/1024 VUs, 2885465 complete and 0 interrupted iterations
cap_mixed   [  81% ] 0014/1024 VUs  24m15.8s/30m0s  2000.00 iters/s

running (24m16.8s), 0011/1024 VUs, 2887468 complete and 0 interrupted iterations
cap_mixed   [  81% ] 0011/1024 VUs  24m16.8s/30m0s  2000.00 iters/s

running (24m17.8s), 0011/1024 VUs, 2889469 complete and 0 interrupted iterations
cap_mixed   [  81% ] 0011/1024 VUs  24m17.8s/30m0s  2000.00 iters/s

running (24m18.8s), 0011/1024 VUs, 2891469 complete and 0 interrupted iterations
cap_mixed   [  81% ] 0011/1024 VUs  24m18.8s/30m0s  2000.00 iters/s

running (24m19.8s), 0012/1024 VUs, 2893467 complete and 0 interrupted iterations
cap_mixed   [  81% ] 0012/1024 VUs  24m19.8s/30m0s  2000.00 iters/s

running (24m20.8s), 0016/1024 VUs, 2895462 complete and 0 interrupted iterations
cap_mixed   [  81% ] 0017/1024 VUs  24m20.8s/30m0s  2000.00 iters/s

running (24m21.8s), 0027/1024 VUs, 2897452 complete and 0 interrupted iterations
cap_mixed   [  81% ] 0027/1024 VUs  24m21.8s/30m0s  2000.00 iters/s

running (24m22.8s), 0015/1024 VUs, 2899465 complete and 0 interrupted iterations
cap_mixed   [  81% ] 0015/1024 VUs  24m22.8s/30m0s  2000.00 iters/s

running (24m23.8s), 0012/1024 VUs, 2901467 complete and 0 interrupted iterations
cap_mixed   [  81% ] 0012/1024 VUs  24m23.8s/30m0s  2000.00 iters/s

running (24m24.8s), 0019/1024 VUs, 2903461 complete and 0 interrupted iterations
cap_mixed   [  81% ] 0019/1024 VUs  24m24.8s/30m0s  2000.00 iters/s

running (24m25.8s), 0018/1024 VUs, 2905462 complete and 0 interrupted iterations
cap_mixed   [  81% ] 0018/1024 VUs  24m25.8s/30m0s  2000.00 iters/s

running (24m26.8s), 0018/1024 VUs, 2907461 complete and 0 interrupted iterations
cap_mixed   [  81% ] 0018/1024 VUs  24m26.8s/30m0s  2000.00 iters/s

running (24m27.8s), 0013/1024 VUs, 2909467 complete and 0 interrupted iterations
cap_mixed   [  82% ] 0013/1024 VUs  24m27.8s/30m0s  2000.00 iters/s

running (24m28.8s), 0016/1024 VUs, 2911463 complete and 0 interrupted iterations
cap_mixed   [  82% ] 0016/1024 VUs  24m28.8s/30m0s  2000.00 iters/s

running (24m29.8s), 0013/1024 VUs, 2913467 complete and 0 interrupted iterations
cap_mixed   [  82% ] 0013/1024 VUs  24m29.8s/30m0s  2000.00 iters/s

running (24m30.8s), 0028/1024 VUs, 2915451 complete and 0 interrupted iterations
cap_mixed   [  82% ] 0028/1024 VUs  24m30.8s/30m0s  2000.00 iters/s

running (24m31.8s), 0017/1024 VUs, 2917462 complete and 0 interrupted iterations
cap_mixed   [  82% ] 0017/1024 VUs  24m31.8s/30m0s  2000.00 iters/s

running (24m32.8s), 0010/1024 VUs, 2919469 complete and 0 interrupted iterations
cap_mixed   [  82% ] 0010/1024 VUs  24m32.8s/30m0s  2000.00 iters/s

running (24m33.8s), 0009/1024 VUs, 2921470 complete and 0 interrupted iterations
cap_mixed   [  82% ] 0009/1024 VUs  24m33.8s/30m0s  2000.00 iters/s

running (24m34.8s), 0023/1024 VUs, 2923456 complete and 0 interrupted iterations
cap_mixed   [  82% ] 0023/1024 VUs  24m34.8s/30m0s  2000.00 iters/s

running (24m35.8s), 0102/1024 VUs, 2925378 complete and 0 interrupted iterations
cap_mixed   [  82% ] 0102/1024 VUs  24m35.8s/30m0s  2000.00 iters/s

running (24m36.8s), 0017/1024 VUs, 2927463 complete and 0 interrupted iterations
cap_mixed   [  82% ] 0017/1024 VUs  24m36.8s/30m0s  2000.00 iters/s

running (24m37.8s), 0017/1024 VUs, 2929462 complete and 0 interrupted iterations
cap_mixed   [  82% ] 0017/1024 VUs  24m37.8s/30m0s  2000.00 iters/s

running (24m38.8s), 0021/1024 VUs, 2931458 complete and 0 interrupted iterations
cap_mixed   [  82% ] 0021/1024 VUs  24m38.8s/30m0s  2000.00 iters/s

running (24m39.8s), 0263/1024 VUs, 2933216 complete and 0 interrupted iterations
cap_mixed   [  82% ] 0263/1024 VUs  24m39.8s/30m0s  2000.00 iters/s

running (24m40.8s), 0012/1024 VUs, 2935467 complete and 0 interrupted iterations
cap_mixed   [  82% ] 0012/1024 VUs  24m40.8s/30m0s  2000.00 iters/s

running (24m41.8s), 0018/1024 VUs, 2937462 complete and 0 interrupted iterations
cap_mixed   [  82% ] 0018/1024 VUs  24m41.8s/30m0s  2000.00 iters/s

running (24m42.8s), 0019/1024 VUs, 2939460 complete and 0 interrupted iterations
cap_mixed   [  82% ] 0019/1024 VUs  24m42.8s/30m0s  2000.00 iters/s

running (24m43.8s), 0009/1024 VUs, 2941470 complete and 0 interrupted iterations
cap_mixed   [  82% ] 0009/1024 VUs  24m43.8s/30m0s  2000.00 iters/s

running (24m44.8s), 0017/1024 VUs, 2943462 complete and 0 interrupted iterations
cap_mixed   [  82% ] 0017/1024 VUs  24m44.8s/30m0s  2000.00 iters/s

running (24m45.8s), 0006/1024 VUs, 2945473 complete and 0 interrupted iterations
cap_mixed   [  83% ] 0006/1024 VUs  24m45.8s/30m0s  2000.00 iters/s

running (24m46.8s), 0021/1024 VUs, 2947458 complete and 0 interrupted iterations
cap_mixed   [  83% ] 0021/1024 VUs  24m46.8s/30m0s  2000.00 iters/s

running (24m47.8s), 0012/1024 VUs, 2949467 complete and 0 interrupted iterations
cap_mixed   [  83% ] 0012/1024 VUs  24m47.8s/30m0s  2000.00 iters/s

running (24m48.8s), 0011/1024 VUs, 2951468 complete and 0 interrupted iterations
cap_mixed   [  83% ] 0011/1024 VUs  24m48.8s/30m0s  2000.00 iters/s

running (24m49.8s), 0012/1024 VUs, 2953467 complete and 0 interrupted iterations
cap_mixed   [  83% ] 0012/1024 VUs  24m49.8s/30m0s  2000.00 iters/s

running (24m50.8s), 0012/1024 VUs, 2955467 complete and 0 interrupted iterations
cap_mixed   [  83% ] 0012/1024 VUs  24m50.8s/30m0s  2000.00 iters/s

running (24m51.8s), 0012/1024 VUs, 2957467 complete and 0 interrupted iterations
cap_mixed   [  83% ] 0012/1024 VUs  24m51.8s/30m0s  2000.00 iters/s

running (24m52.8s), 0008/1024 VUs, 2959471 complete and 0 interrupted iterations
cap_mixed   [  83% ] 0008/1024 VUs  24m52.8s/30m0s  2000.00 iters/s

running (24m53.8s), 0019/1024 VUs, 2961459 complete and 0 interrupted iterations
cap_mixed   [  83% ] 0019/1024 VUs  24m53.8s/30m0s  2000.00 iters/s

running (24m54.8s), 0062/1024 VUs, 2963417 complete and 0 interrupted iterations
cap_mixed   [  83% ] 0062/1024 VUs  24m54.8s/30m0s  2000.00 iters/s

running (24m55.8s), 0010/1024 VUs, 2965469 complete and 0 interrupted iterations
cap_mixed   [  83% ] 0010/1024 VUs  24m55.8s/30m0s  2000.00 iters/s

running (24m56.8s), 0008/1024 VUs, 2967471 complete and 0 interrupted iterations
cap_mixed   [  83% ] 0008/1024 VUs  24m56.8s/30m0s  2000.00 iters/s

running (24m57.8s), 0019/1024 VUs, 2969460 complete and 0 interrupted iterations
cap_mixed   [  83% ] 0019/1024 VUs  24m57.8s/30m0s  2000.00 iters/s

running (24m58.8s), 0011/1024 VUs, 2971468 complete and 0 interrupted iterations
cap_mixed   [  83% ] 0011/1024 VUs  24m58.8s/30m0s  2000.00 iters/s

running (24m59.8s), 0020/1024 VUs, 2973460 complete and 0 interrupted iterations
cap_mixed   [  83% ] 0020/1024 VUs  24m59.8s/30m0s  2000.00 iters/s

running (25m00.8s), 0013/1024 VUs, 2975466 complete and 0 interrupted iterations
cap_mixed   [  83% ] 0013/1024 VUs  25m00.8s/30m0s  2000.00 iters/s

running (25m01.8s), 0009/1024 VUs, 2977470 complete and 0 interrupted iterations
cap_mixed   [  83% ] 0009/1024 VUs  25m01.8s/30m0s  2000.00 iters/s

running (25m02.8s), 0017/1024 VUs, 2979462 complete and 0 interrupted iterations
cap_mixed   [  83% ] 0017/1024 VUs  25m02.8s/30m0s  2000.00 iters/s

running (25m03.8s), 0016/1024 VUs, 2981463 complete and 0 interrupted iterations
cap_mixed   [  84% ] 0016/1024 VUs  25m03.8s/30m0s  2000.00 iters/s

running (25m04.8s), 0019/1024 VUs, 2983461 complete and 0 interrupted iterations
cap_mixed   [  84% ] 0019/1024 VUs  25m04.8s/30m0s  2000.00 iters/s

running (25m05.8s), 0012/1024 VUs, 2985467 complete and 0 interrupted iterations
cap_mixed   [  84% ] 0012/1024 VUs  25m05.8s/30m0s  2000.00 iters/s

running (25m06.8s), 0014/1024 VUs, 2987465 complete and 0 interrupted iterations
cap_mixed   [  84% ] 0014/1024 VUs  25m06.8s/30m0s  2000.00 iters/s

running (25m07.8s), 0008/1024 VUs, 2989471 complete and 0 interrupted iterations
cap_mixed   [  84% ] 0008/1024 VUs  25m07.8s/30m0s  2000.00 iters/s

running (25m08.8s), 0013/1024 VUs, 2991466 complete and 0 interrupted iterations
cap_mixed   [  84% ] 0013/1024 VUs  25m08.8s/30m0s  2000.00 iters/s

running (25m09.8s), 0014/1024 VUs, 2993465 complete and 0 interrupted iterations
cap_mixed   [  84% ] 0014/1024 VUs  25m09.8s/30m0s  2000.00 iters/s

running (25m10.8s), 0012/1024 VUs, 2995467 complete and 0 interrupted iterations
cap_mixed   [  84% ] 0012/1024 VUs  25m10.8s/30m0s  2000.00 iters/s

running (25m11.8s), 0011/1024 VUs, 2997468 complete and 0 interrupted iterations
cap_mixed   [  84% ] 0011/1024 VUs  25m11.8s/30m0s  2000.00 iters/s

running (25m12.8s), 0013/1024 VUs, 2999466 complete and 0 interrupted iterations
cap_mixed   [  84% ] 0013/1024 VUs  25m12.8s/30m0s  2000.00 iters/s

running (25m13.8s), 0015/1024 VUs, 3001464 complete and 0 interrupted iterations
cap_mixed   [  84% ] 0015/1024 VUs  25m13.8s/30m0s  2000.00 iters/s

running (25m14.8s), 0013/1024 VUs, 3003467 complete and 0 interrupted iterations
cap_mixed   [  84% ] 0013/1024 VUs  25m14.8s/30m0s  2000.00 iters/s

running (25m15.8s), 0010/1024 VUs, 3005469 complete and 0 interrupted iterations
cap_mixed   [  84% ] 0010/1024 VUs  25m15.8s/30m0s  2000.00 iters/s

running (25m16.8s), 0015/1024 VUs, 3007464 complete and 0 interrupted iterations
cap_mixed   [  84% ] 0015/1024 VUs  25m16.8s/30m0s  2000.00 iters/s

running (25m17.8s), 0009/1024 VUs, 3009470 complete and 0 interrupted iterations
cap_mixed   [  84% ] 0009/1024 VUs  25m17.8s/30m0s  2000.00 iters/s

running (25m18.8s), 0022/1024 VUs, 3011458 complete and 0 interrupted iterations
cap_mixed   [  84% ] 0022/1024 VUs  25m18.8s/30m0s  2000.00 iters/s

running (25m19.8s), 0010/1024 VUs, 3013471 complete and 0 interrupted iterations
cap_mixed   [  84% ] 0010/1024 VUs  25m19.8s/30m0s  2000.00 iters/s

running (25m20.8s), 0013/1024 VUs, 3015466 complete and 0 interrupted iterations
cap_mixed   [  84% ] 0013/1024 VUs  25m20.8s/30m0s  2000.00 iters/s

running (25m21.8s), 0010/1024 VUs, 3017469 complete and 0 interrupted iterations
cap_mixed   [  85% ] 0010/1024 VUs  25m21.8s/30m0s  2000.00 iters/s

running (25m22.8s), 0012/1024 VUs, 3019467 complete and 0 interrupted iterations
cap_mixed   [  85% ] 0012/1024 VUs  25m22.8s/30m0s  2000.00 iters/s

running (25m23.8s), 0012/1024 VUs, 3021467 complete and 0 interrupted iterations
cap_mixed   [  85% ] 0012/1024 VUs  25m23.8s/30m0s  2000.00 iters/s

running (25m24.8s), 0018/1024 VUs, 3023461 complete and 0 interrupted iterations
cap_mixed   [  85% ] 0018/1024 VUs  25m24.8s/30m0s  2000.00 iters/s

running (25m25.8s), 0014/1024 VUs, 3025465 complete and 0 interrupted iterations
cap_mixed   [  85% ] 0014/1024 VUs  25m25.8s/30m0s  2000.00 iters/s

running (25m26.8s), 0012/1024 VUs, 3027468 complete and 0 interrupted iterations
cap_mixed   [  85% ] 0012/1024 VUs  25m26.8s/30m0s  2000.00 iters/s

running (25m27.8s), 0015/1024 VUs, 3029465 complete and 0 interrupted iterations
cap_mixed   [  85% ] 0015/1024 VUs  25m27.8s/30m0s  2000.00 iters/s

running (25m28.8s), 0010/1024 VUs, 3031469 complete and 0 interrupted iterations
cap_mixed   [  85% ] 0010/1024 VUs  25m28.8s/30m0s  2000.00 iters/s

running (25m29.8s), 0013/1024 VUs, 3033466 complete and 0 interrupted iterations
cap_mixed   [  85% ] 0013/1024 VUs  25m29.8s/30m0s  2000.00 iters/s

running (25m30.8s), 0028/1024 VUs, 3035451 complete and 0 interrupted iterations
cap_mixed   [  85% ] 0028/1024 VUs  25m30.8s/30m0s  2000.00 iters/s

running (25m31.8s), 0012/1024 VUs, 3037468 complete and 0 interrupted iterations
cap_mixed   [  85% ] 0013/1024 VUs  25m31.8s/30m0s  2000.00 iters/s

running (25m32.8s), 0015/1024 VUs, 3039464 complete and 0 interrupted iterations
cap_mixed   [  85% ] 0015/1024 VUs  25m32.8s/30m0s  2000.00 iters/s

running (25m33.8s), 0015/1024 VUs, 3041465 complete and 0 interrupted iterations
cap_mixed   [  85% ] 0015/1024 VUs  25m33.8s/30m0s  2000.00 iters/s

running (25m34.8s), 0022/1024 VUs, 3043458 complete and 0 interrupted iterations
cap_mixed   [  85% ] 0022/1024 VUs  25m34.8s/30m0s  2000.00 iters/s

running (25m35.8s), 0014/1024 VUs, 3045465 complete and 0 interrupted iterations
cap_mixed   [  85% ] 0014/1024 VUs  25m35.8s/30m0s  2000.00 iters/s

running (25m36.8s), 0017/1024 VUs, 3047463 complete and 0 interrupted iterations
cap_mixed   [  85% ] 0017/1024 VUs  25m36.8s/30m0s  2000.00 iters/s

running (25m37.8s), 0023/1024 VUs, 3049456 complete and 0 interrupted iterations
cap_mixed   [  85% ] 0023/1024 VUs  25m37.8s/30m0s  2000.00 iters/s

running (25m38.8s), 0018/1024 VUs, 3051461 complete and 0 interrupted iterations
cap_mixed   [  85% ] 0018/1024 VUs  25m38.8s/30m0s  2000.00 iters/s

running (25m39.8s), 0009/1024 VUs, 3053470 complete and 0 interrupted iterations
cap_mixed   [  86% ] 0009/1024 VUs  25m39.8s/30m0s  2000.00 iters/s

running (25m40.8s), 0009/1024 VUs, 3055471 complete and 0 interrupted iterations
cap_mixed   [  86% ] 0009/1024 VUs  25m40.8s/30m0s  2000.00 iters/s

running (25m41.8s), 0084/1024 VUs, 3057396 complete and 0 interrupted iterations
cap_mixed   [  86% ] 0084/1024 VUs  25m41.8s/30m0s  2000.00 iters/s

running (25m42.8s), 0015/1024 VUs, 3059464 complete and 0 interrupted iterations
cap_mixed   [  86% ] 0015/1024 VUs  25m42.8s/30m0s  2000.00 iters/s

running (25m43.8s), 0007/1024 VUs, 3061473 complete and 0 interrupted iterations
cap_mixed   [  86% ] 0007/1024 VUs  25m43.8s/30m0s  2000.00 iters/s

running (25m44.8s), 0017/1024 VUs, 3063463 complete and 0 interrupted iterations
cap_mixed   [  86% ] 0017/1024 VUs  25m44.8s/30m0s  2000.00 iters/s

running (25m45.8s), 0019/1024 VUs, 3065461 complete and 0 interrupted iterations
cap_mixed   [  86% ] 0019/1024 VUs  25m45.8s/30m0s  2000.00 iters/s

running (25m46.8s), 0015/1024 VUs, 3067464 complete and 0 interrupted iterations
cap_mixed   [  86% ] 0015/1024 VUs  25m46.8s/30m0s  2000.00 iters/s

running (25m47.8s), 0012/1024 VUs, 3069467 complete and 0 interrupted iterations
cap_mixed   [  86% ] 0012/1024 VUs  25m47.8s/30m0s  2000.00 iters/s

running (25m48.8s), 0019/1024 VUs, 3071459 complete and 0 interrupted iterations
cap_mixed   [  86% ] 0019/1024 VUs  25m48.8s/30m0s  2000.00 iters/s

running (25m49.8s), 0011/1024 VUs, 3073468 complete and 0 interrupted iterations
cap_mixed   [  86% ] 0011/1024 VUs  25m49.8s/30m0s  2000.00 iters/s

running (25m50.8s), 0015/1024 VUs, 3075465 complete and 0 interrupted iterations
cap_mixed   [  86% ] 0015/1024 VUs  25m50.8s/30m0s  2000.00 iters/s

running (25m51.8s), 0011/1024 VUs, 3077468 complete and 0 interrupted iterations
cap_mixed   [  86% ] 0011/1024 VUs  25m51.8s/30m0s  2000.00 iters/s

running (25m52.8s), 0113/1024 VUs, 3079367 complete and 0 interrupted iterations
cap_mixed   [  86% ] 0113/1024 VUs  25m52.8s/30m0s  2000.00 iters/s

running (25m53.8s), 0012/1024 VUs, 3081468 complete and 0 interrupted iterations
cap_mixed   [  86% ] 0012/1024 VUs  25m53.8s/30m0s  2000.00 iters/s

running (25m54.8s), 0010/1024 VUs, 3083470 complete and 0 interrupted iterations
cap_mixed   [  86% ] 0010/1024 VUs  25m54.8s/30m0s  2000.00 iters/s

running (25m55.8s), 0010/1024 VUs, 3085470 complete and 0 interrupted iterations
cap_mixed   [  86% ] 0010/1024 VUs  25m55.8s/30m0s  2000.00 iters/s

running (25m56.8s), 0017/1024 VUs, 3087463 complete and 0 interrupted iterations
cap_mixed   [  86% ] 0017/1024 VUs  25m56.8s/30m0s  2000.00 iters/s

running (25m57.8s), 0008/1024 VUs, 3089471 complete and 0 interrupted iterations
cap_mixed   [  87% ] 0008/1024 VUs  25m57.8s/30m0s  2000.00 iters/s

running (25m58.8s), 0009/1024 VUs, 3091470 complete and 0 interrupted iterations
cap_mixed   [  87% ] 0010/1024 VUs  25m58.8s/30m0s  2000.00 iters/s

running (25m59.8s), 0010/1024 VUs, 3093469 complete and 0 interrupted iterations
cap_mixed   [  87% ] 0010/1024 VUs  25m59.8s/30m0s  2000.00 iters/s

running (26m00.8s), 0013/1024 VUs, 3095465 complete and 0 interrupted iterations
cap_mixed   [  87% ] 0013/1024 VUs  26m00.8s/30m0s  2000.00 iters/s

running (26m01.8s), 0010/1024 VUs, 3097469 complete and 0 interrupted iterations
cap_mixed   [  87% ] 0010/1024 VUs  26m01.8s/30m0s  2000.00 iters/s

running (26m02.8s), 0009/1024 VUs, 3099470 complete and 0 interrupted iterations
cap_mixed   [  87% ] 0010/1024 VUs  26m02.8s/30m0s  2000.00 iters/s

running (26m03.8s), 0011/1024 VUs, 3101469 complete and 0 interrupted iterations
cap_mixed   [  87% ] 0011/1024 VUs  26m03.8s/30m0s  2000.00 iters/s

running (26m04.8s), 0012/1024 VUs, 3103467 complete and 0 interrupted iterations
cap_mixed   [  87% ] 0012/1024 VUs  26m04.8s/30m0s  2000.00 iters/s

running (26m05.8s), 0013/1024 VUs, 3105466 complete and 0 interrupted iterations
cap_mixed   [  87% ] 0013/1024 VUs  26m05.8s/30m0s  2000.00 iters/s

running (26m06.8s), 0015/1024 VUs, 3107464 complete and 0 interrupted iterations
cap_mixed   [  87% ] 0015/1024 VUs  26m06.8s/30m0s  2000.00 iters/s

running (26m07.8s), 0014/1024 VUs, 3109466 complete and 0 interrupted iterations
cap_mixed   [  87% ] 0014/1024 VUs  26m07.8s/30m0s  2000.00 iters/s

running (26m08.8s), 0009/1024 VUs, 3111470 complete and 0 interrupted iterations
cap_mixed   [  87% ] 0009/1024 VUs  26m08.8s/30m0s  2000.00 iters/s

running (26m09.8s), 0012/1024 VUs, 3113467 complete and 0 interrupted iterations
cap_mixed   [  87% ] 0012/1024 VUs  26m09.8s/30m0s  2000.00 iters/s

running (26m10.8s), 0016/1024 VUs, 3115465 complete and 0 interrupted iterations
cap_mixed   [  87% ] 0015/1024 VUs  26m10.8s/30m0s  2000.00 iters/s

running (26m11.8s), 0017/1024 VUs, 3117461 complete and 0 interrupted iterations
cap_mixed   [  87% ] 0018/1024 VUs  26m11.8s/30m0s  2000.00 iters/s

running (26m12.8s), 0015/1024 VUs, 3119464 complete and 0 interrupted iterations
cap_mixed   [  87% ] 0015/1024 VUs  26m12.8s/30m0s  2000.00 iters/s

running (26m13.8s), 0013/1024 VUs, 3121467 complete and 0 interrupted iterations
cap_mixed   [  87% ] 0013/1024 VUs  26m13.8s/30m0s  2000.00 iters/s

running (26m14.8s), 0016/1024 VUs, 3123464 complete and 0 interrupted iterations
cap_mixed   [  87% ] 0016/1024 VUs  26m14.8s/30m0s  2000.00 iters/s

running (26m15.8s), 0022/1024 VUs, 3125457 complete and 0 interrupted iterations
cap_mixed   [  88% ] 0022/1024 VUs  26m15.8s/30m0s  2000.00 iters/s

running (26m16.8s), 0018/1024 VUs, 3127461 complete and 0 interrupted iterations
cap_mixed   [  88% ] 0018/1024 VUs  26m16.8s/30m0s  2000.00 iters/s

running (26m17.8s), 0016/1024 VUs, 3129464 complete and 0 interrupted iterations
cap_mixed   [  88% ] 0016/1024 VUs  26m17.8s/30m0s  2000.00 iters/s

running (26m18.8s), 0016/1024 VUs, 3131463 complete and 0 interrupted iterations
cap_mixed   [  88% ] 0016/1024 VUs  26m18.8s/30m0s  2000.00 iters/s

running (26m19.8s), 0017/1024 VUs, 3133462 complete and 0 interrupted iterations
cap_mixed   [  88% ] 0017/1024 VUs  26m19.8s/30m0s  2000.00 iters/s

running (26m20.8s), 0011/1024 VUs, 3135468 complete and 0 interrupted iterations
cap_mixed   [  88% ] 0011/1024 VUs  26m20.8s/30m0s  2000.00 iters/s

running (26m21.8s), 0009/1024 VUs, 3137470 complete and 0 interrupted iterations
cap_mixed   [  88% ] 0009/1024 VUs  26m21.8s/30m0s  2000.00 iters/s

running (26m22.8s), 0015/1024 VUs, 3139464 complete and 0 interrupted iterations
cap_mixed   [  88% ] 0015/1024 VUs  26m22.8s/30m0s  2000.00 iters/s

running (26m23.8s), 0019/1024 VUs, 3141460 complete and 0 interrupted iterations
cap_mixed   [  88% ] 0019/1024 VUs  26m23.8s/30m0s  2000.00 iters/s

running (26m24.8s), 0012/1024 VUs, 3143467 complete and 0 interrupted iterations
cap_mixed   [  88% ] 0012/1024 VUs  26m24.8s/30m0s  2000.00 iters/s

running (26m25.8s), 0016/1024 VUs, 3145464 complete and 0 interrupted iterations
cap_mixed   [  88% ] 0016/1024 VUs  26m25.8s/30m0s  2000.00 iters/s

running (26m26.8s), 0016/1024 VUs, 3147464 complete and 0 interrupted iterations
cap_mixed   [  88% ] 0016/1024 VUs  26m26.8s/30m0s  2000.00 iters/s

running (26m27.8s), 0017/1024 VUs, 3149462 complete and 0 interrupted iterations
cap_mixed   [  88% ] 0017/1024 VUs  26m27.8s/30m0s  2000.00 iters/s

running (26m28.8s), 0016/1024 VUs, 3151463 complete and 0 interrupted iterations
cap_mixed   [  88% ] 0016/1024 VUs  26m28.8s/30m0s  2000.00 iters/s

running (26m29.8s), 0021/1024 VUs, 3153458 complete and 0 interrupted iterations
cap_mixed   [  88% ] 0021/1024 VUs  26m29.8s/30m0s  2000.00 iters/s

running (26m30.8s), 0012/1024 VUs, 3155467 complete and 0 interrupted iterations
cap_mixed   [  88% ] 0012/1024 VUs  26m30.8s/30m0s  2000.00 iters/s

running (26m31.8s), 0011/1024 VUs, 3157468 complete and 0 interrupted iterations
cap_mixed   [  88% ] 0011/1024 VUs  26m31.8s/30m0s  2000.00 iters/s

running (26m32.8s), 0012/1024 VUs, 3159467 complete and 0 interrupted iterations
cap_mixed   [  88% ] 0012/1024 VUs  26m32.8s/30m0s  2000.00 iters/s

running (26m33.8s), 0011/1024 VUs, 3161469 complete and 0 interrupted iterations
cap_mixed   [  89% ] 0011/1024 VUs  26m33.8s/30m0s  2000.00 iters/s

running (26m34.8s), 0014/1024 VUs, 3163466 complete and 0 interrupted iterations
cap_mixed   [  89% ] 0014/1024 VUs  26m34.8s/30m0s  2000.00 iters/s

running (26m35.8s), 0012/1024 VUs, 3165468 complete and 0 interrupted iterations
cap_mixed   [  89% ] 0012/1024 VUs  26m35.8s/30m0s  2000.00 iters/s

running (26m36.8s), 0020/1024 VUs, 3167459 complete and 0 interrupted iterations
cap_mixed   [  89% ] 0020/1024 VUs  26m36.8s/30m0s  2000.00 iters/s

running (26m37.8s), 0017/1024 VUs, 3169462 complete and 0 interrupted iterations
cap_mixed   [  89% ] 0017/1024 VUs  26m37.8s/30m0s  2000.00 iters/s

running (26m38.8s), 0011/1024 VUs, 3171468 complete and 0 interrupted iterations
cap_mixed   [  89% ] 0011/1024 VUs  26m38.8s/30m0s  2000.00 iters/s

running (26m39.8s), 0018/1024 VUs, 3173462 complete and 0 interrupted iterations
cap_mixed   [  89% ] 0018/1024 VUs  26m39.8s/30m0s  2000.00 iters/s

running (26m40.8s), 0010/1024 VUs, 3175469 complete and 0 interrupted iterations
cap_mixed   [  89% ] 0010/1024 VUs  26m40.8s/30m0s  2000.00 iters/s

running (26m41.8s), 0008/1024 VUs, 3177472 complete and 0 interrupted iterations
cap_mixed   [  89% ] 0008/1024 VUs  26m41.8s/30m0s  2000.00 iters/s

running (26m42.8s), 0016/1024 VUs, 3179464 complete and 0 interrupted iterations
cap_mixed   [  89% ] 0016/1024 VUs  26m42.8s/30m0s  2000.00 iters/s

running (26m43.8s), 0012/1024 VUs, 3181467 complete and 0 interrupted iterations
cap_mixed   [  89% ] 0012/1024 VUs  26m43.8s/30m0s  2000.00 iters/s

running (26m44.8s), 0114/1024 VUs, 3183366 complete and 0 interrupted iterations
cap_mixed   [  89% ] 0114/1024 VUs  26m44.8s/30m0s  2000.00 iters/s

running (26m45.8s), 0013/1024 VUs, 3185466 complete and 0 interrupted iterations
cap_mixed   [  89% ] 0013/1024 VUs  26m45.8s/30m0s  2000.00 iters/s

running (26m46.8s), 0010/1024 VUs, 3187469 complete and 0 interrupted iterations
cap_mixed   [  89% ] 0010/1024 VUs  26m46.8s/30m0s  2000.00 iters/s

running (26m47.8s), 0020/1024 VUs, 3189460 complete and 0 interrupted iterations
cap_mixed   [  89% ] 0020/1024 VUs  26m47.8s/30m0s  2000.00 iters/s

running (26m48.8s), 0014/1024 VUs, 3191466 complete and 0 interrupted iterations
cap_mixed   [  89% ] 0014/1024 VUs  26m48.8s/30m0s  2000.00 iters/s

running (26m49.8s), 0017/1024 VUs, 3193462 complete and 0 interrupted iterations
cap_mixed   [  89% ] 0017/1024 VUs  26m49.8s/30m0s  2000.00 iters/s

running (26m50.8s), 0011/1024 VUs, 3195468 complete and 0 interrupted iterations
cap_mixed   [  89% ] 0011/1024 VUs  26m50.8s/30m0s  2000.00 iters/s

running (26m51.8s), 0007/1024 VUs, 3197472 complete and 0 interrupted iterations
cap_mixed   [  90% ] 0007/1024 VUs  26m51.8s/30m0s  2000.00 iters/s

running (26m52.8s), 0008/1024 VUs, 3199472 complete and 0 interrupted iterations
cap_mixed   [  90% ] 0008/1024 VUs  26m52.8s/30m0s  2000.00 iters/s

running (26m53.8s), 0017/1024 VUs, 3201462 complete and 0 interrupted iterations
cap_mixed   [  90% ] 0017/1024 VUs  26m53.8s/30m0s  2000.00 iters/s

running (26m54.8s), 0016/1024 VUs, 3203463 complete and 0 interrupted iterations
cap_mixed   [  90% ] 0016/1024 VUs  26m54.8s/30m0s  2000.00 iters/s

running (26m55.8s), 0009/1024 VUs, 3205470 complete and 0 interrupted iterations
cap_mixed   [  90% ] 0009/1024 VUs  26m55.8s/30m0s  2000.00 iters/s

running (26m56.8s), 0011/1024 VUs, 3207469 complete and 0 interrupted iterations
cap_mixed   [  90% ] 0011/1024 VUs  26m56.8s/30m0s  2000.00 iters/s

running (26m57.8s), 0020/1024 VUs, 3209460 complete and 0 interrupted iterations
cap_mixed   [  90% ] 0020/1024 VUs  26m57.8s/30m0s  2000.00 iters/s

running (26m58.8s), 0018/1024 VUs, 3211461 complete and 0 interrupted iterations
cap_mixed   [  90% ] 0018/1024 VUs  26m58.8s/30m0s  2000.00 iters/s

running (26m59.8s), 0009/1024 VUs, 3213470 complete and 0 interrupted iterations
cap_mixed   [  90% ] 0009/1024 VUs  26m59.8s/30m0s  2000.00 iters/s

running (27m00.8s), 0017/1024 VUs, 3215463 complete and 0 interrupted iterations
cap_mixed   [  90% ] 0017/1024 VUs  27m00.8s/30m0s  2000.00 iters/s

running (27m01.8s), 0012/1024 VUs, 3217467 complete and 0 interrupted iterations
cap_mixed   [  90% ] 0012/1024 VUs  27m01.8s/30m0s  2000.00 iters/s

running (27m02.8s), 0017/1024 VUs, 3219463 complete and 0 interrupted iterations
cap_mixed   [  90% ] 0018/1024 VUs  27m02.8s/30m0s  2000.00 iters/s

running (27m03.8s), 0016/1024 VUs, 3221463 complete and 0 interrupted iterations
cap_mixed   [  90% ] 0016/1024 VUs  27m03.8s/30m0s  2000.00 iters/s

running (27m04.8s), 0017/1024 VUs, 3223463 complete and 0 interrupted iterations
cap_mixed   [  90% ] 0017/1024 VUs  27m04.8s/30m0s  2000.00 iters/s

running (27m05.8s), 0014/1024 VUs, 3225466 complete and 0 interrupted iterations
cap_mixed   [  90% ] 0014/1024 VUs  27m05.8s/30m0s  2000.00 iters/s

running (27m06.8s), 0013/1024 VUs, 3227466 complete and 0 interrupted iterations
cap_mixed   [  90% ] 0013/1024 VUs  27m06.8s/30m0s  2000.00 iters/s

running (27m07.8s), 0014/1024 VUs, 3229465 complete and 0 interrupted iterations
cap_mixed   [  90% ] 0015/1024 VUs  27m07.8s/30m0s  2000.00 iters/s

running (27m08.8s), 0020/1024 VUs, 3231459 complete and 0 interrupted iterations
cap_mixed   [  90% ] 0020/1024 VUs  27m08.8s/30m0s  2000.00 iters/s

running (27m09.8s), 0023/1024 VUs, 3233456 complete and 0 interrupted iterations
cap_mixed   [  91% ] 0023/1024 VUs  27m09.8s/30m0s  2000.00 iters/s

running (27m10.8s), 0011/1024 VUs, 3235468 complete and 0 interrupted iterations
cap_mixed   [  91% ] 0011/1024 VUs  27m10.8s/30m0s  2000.00 iters/s

running (27m11.8s), 0011/1024 VUs, 3237468 complete and 0 interrupted iterations
cap_mixed   [  91% ] 0011/1024 VUs  27m11.8s/30m0s  2000.00 iters/s

running (27m12.8s), 0015/1024 VUs, 3239464 complete and 0 interrupted iterations
cap_mixed   [  91% ] 0016/1024 VUs  27m12.8s/30m0s  2000.00 iters/s

running (27m13.8s), 0013/1024 VUs, 3241466 complete and 0 interrupted iterations
cap_mixed   [  91% ] 0013/1024 VUs  27m13.8s/30m0s  2000.00 iters/s

running (27m14.8s), 0010/1024 VUs, 3243469 complete and 0 interrupted iterations
cap_mixed   [  91% ] 0010/1024 VUs  27m14.8s/30m0s  2000.00 iters/s

running (27m15.8s), 0013/1024 VUs, 3245467 complete and 0 interrupted iterations
cap_mixed   [  91% ] 0013/1024 VUs  27m15.8s/30m0s  2000.00 iters/s

running (27m16.8s), 0019/1024 VUs, 3247460 complete and 0 interrupted iterations
cap_mixed   [  91% ] 0019/1024 VUs  27m16.8s/30m0s  2000.00 iters/s

running (27m17.8s), 0015/1024 VUs, 3249464 complete and 0 interrupted iterations
cap_mixed   [  91% ] 0015/1024 VUs  27m17.8s/30m0s  2000.00 iters/s

running (27m18.8s), 0017/1024 VUs, 3251462 complete and 0 interrupted iterations
cap_mixed   [  91% ] 0017/1024 VUs  27m18.8s/30m0s  2000.00 iters/s

running (27m19.8s), 0010/1024 VUs, 3253469 complete and 0 interrupted iterations
cap_mixed   [  91% ] 0010/1024 VUs  27m19.8s/30m0s  2000.00 iters/s

running (27m20.8s), 0013/1024 VUs, 3255467 complete and 0 interrupted iterations
cap_mixed   [  91% ] 0013/1024 VUs  27m20.8s/30m0s  2000.00 iters/s

running (27m21.8s), 0014/1024 VUs, 3257465 complete and 0 interrupted iterations
cap_mixed   [  91% ] 0014/1024 VUs  27m21.8s/30m0s  2000.00 iters/s

running (27m22.8s), 0021/1024 VUs, 3259458 complete and 0 interrupted iterations
cap_mixed   [  91% ] 0021/1024 VUs  27m22.8s/30m0s  2000.00 iters/s

running (27m23.8s), 0011/1024 VUs, 3261468 complete and 0 interrupted iterations
cap_mixed   [  91% ] 0011/1024 VUs  27m23.8s/30m0s  2000.00 iters/s

running (27m24.8s), 0015/1024 VUs, 3263464 complete and 0 interrupted iterations
cap_mixed   [  91% ] 0015/1024 VUs  27m24.8s/30m0s  2000.00 iters/s

running (27m25.8s), 0007/1024 VUs, 3265472 complete and 0 interrupted iterations
cap_mixed   [  91% ] 0007/1024 VUs  27m25.8s/30m0s  2000.00 iters/s

running (27m26.8s), 0026/1024 VUs, 3267454 complete and 0 interrupted iterations
cap_mixed   [  91% ] 0026/1024 VUs  27m26.8s/30m0s  2000.00 iters/s

running (27m27.8s), 0009/1024 VUs, 3269469 complete and 0 interrupted iterations
cap_mixed   [  92% ] 0010/1024 VUs  27m27.8s/30m0s  2000.00 iters/s

running (27m28.8s), 0015/1024 VUs, 3271464 complete and 0 interrupted iterations
cap_mixed   [  92% ] 0015/1024 VUs  27m28.8s/30m0s  2000.00 iters/s

running (27m29.8s), 0011/1024 VUs, 3273468 complete and 0 interrupted iterations
cap_mixed   [  92% ] 0011/1024 VUs  27m29.8s/30m0s  2000.00 iters/s

running (27m30.8s), 0014/1024 VUs, 3275465 complete and 0 interrupted iterations
cap_mixed   [  92% ] 0014/1024 VUs  27m30.8s/30m0s  2000.00 iters/s

running (27m31.8s), 0007/1024 VUs, 3277472 complete and 0 interrupted iterations
cap_mixed   [  92% ] 0007/1024 VUs  27m31.8s/30m0s  2000.00 iters/s

running (27m32.8s), 0015/1024 VUs, 3279464 complete and 0 interrupted iterations
cap_mixed   [  92% ] 0015/1024 VUs  27m32.8s/30m0s  2000.00 iters/s

running (27m33.8s), 0017/1024 VUs, 3281463 complete and 0 interrupted iterations
cap_mixed   [  92% ] 0017/1024 VUs  27m33.8s/30m0s  2000.00 iters/s

running (27m34.8s), 0014/1024 VUs, 3283466 complete and 0 interrupted iterations
cap_mixed   [  92% ] 0014/1024 VUs  27m34.8s/30m0s  2000.00 iters/s

running (27m35.8s), 0012/1024 VUs, 3285467 complete and 0 interrupted iterations
cap_mixed   [  92% ] 0012/1024 VUs  27m35.8s/30m0s  2000.00 iters/s

running (27m36.8s), 0010/1024 VUs, 3287469 complete and 0 interrupted iterations
cap_mixed   [  92% ] 0010/1024 VUs  27m36.8s/30m0s  2000.00 iters/s

running (27m37.8s), 0010/1024 VUs, 3289471 complete and 0 interrupted iterations
cap_mixed   [  92% ] 0010/1024 VUs  27m37.8s/30m0s  2000.00 iters/s

running (27m38.8s), 0010/1024 VUs, 3291469 complete and 0 interrupted iterations
cap_mixed   [  92% ] 0010/1024 VUs  27m38.8s/30m0s  2000.00 iters/s

running (27m39.8s), 0012/1024 VUs, 3293467 complete and 0 interrupted iterations
cap_mixed   [  92% ] 0012/1024 VUs  27m39.8s/30m0s  2000.00 iters/s

running (27m40.8s), 0012/1024 VUs, 3295467 complete and 0 interrupted iterations
cap_mixed   [  92% ] 0012/1024 VUs  27m40.8s/30m0s  2000.00 iters/s

running (27m41.8s), 0012/1024 VUs, 3297467 complete and 0 interrupted iterations
cap_mixed   [  92% ] 0012/1024 VUs  27m41.8s/30m0s  2000.00 iters/s

running (27m42.8s), 0012/1024 VUs, 3299467 complete and 0 interrupted iterations
cap_mixed   [  92% ] 0012/1024 VUs  27m42.8s/30m0s  2000.00 iters/s

running (27m43.8s), 0014/1024 VUs, 3301465 complete and 0 interrupted iterations
cap_mixed   [  92% ] 0014/1024 VUs  27m43.8s/30m0s  2000.00 iters/s

running (27m44.8s), 0012/1024 VUs, 3303467 complete and 0 interrupted iterations
cap_mixed   [  92% ] 0012/1024 VUs  27m44.8s/30m0s  2000.00 iters/s

running (27m45.8s), 0011/1024 VUs, 3305468 complete and 0 interrupted iterations
cap_mixed   [  93% ] 0012/1024 VUs  27m45.8s/30m0s  2000.00 iters/s

running (27m46.8s), 0032/1024 VUs, 3307447 complete and 0 interrupted iterations
cap_mixed   [  93% ] 0032/1024 VUs  27m46.8s/30m0s  2000.00 iters/s

running (27m47.8s), 0013/1024 VUs, 3309466 complete and 0 interrupted iterations
cap_mixed   [  93% ] 0013/1024 VUs  27m47.8s/30m0s  2000.00 iters/s

running (27m48.8s), 0012/1024 VUs, 3311467 complete and 0 interrupted iterations
cap_mixed   [  93% ] 0012/1024 VUs  27m48.8s/30m0s  2000.00 iters/s

running (27m49.8s), 0022/1024 VUs, 3313457 complete and 0 interrupted iterations
cap_mixed   [  93% ] 0022/1024 VUs  27m49.8s/30m0s  2000.00 iters/s

running (27m50.8s), 0028/1024 VUs, 3315452 complete and 0 interrupted iterations
cap_mixed   [  93% ] 0028/1024 VUs  27m50.8s/30m0s  2000.00 iters/s

running (27m51.8s), 0017/1024 VUs, 3317462 complete and 0 interrupted iterations
cap_mixed   [  93% ] 0017/1024 VUs  27m51.8s/30m0s  2000.00 iters/s

running (27m52.8s), 0012/1024 VUs, 3319468 complete and 0 interrupted iterations
cap_mixed   [  93% ] 0012/1024 VUs  27m52.8s/30m0s  2000.00 iters/s

running (27m53.8s), 0015/1024 VUs, 3321465 complete and 0 interrupted iterations
cap_mixed   [  93% ] 0015/1024 VUs  27m53.8s/30m0s  2000.00 iters/s

running (27m54.8s), 0010/1024 VUs, 3323469 complete and 0 interrupted iterations
cap_mixed   [  93% ] 0010/1024 VUs  27m54.8s/30m0s  2000.00 iters/s

running (27m55.8s), 0013/1024 VUs, 3325466 complete and 0 interrupted iterations
cap_mixed   [  93% ] 0013/1024 VUs  27m55.8s/30m0s  2000.00 iters/s

running (27m56.8s), 0007/1024 VUs, 3327472 complete and 0 interrupted iterations
cap_mixed   [  93% ] 0007/1024 VUs  27m56.8s/30m0s  2000.00 iters/s

running (27m57.8s), 0016/1024 VUs, 3329464 complete and 0 interrupted iterations
cap_mixed   [  93% ] 0016/1024 VUs  27m57.8s/30m0s  2000.00 iters/s

running (27m58.8s), 0019/1024 VUs, 3331461 complete and 0 interrupted iterations
cap_mixed   [  93% ] 0019/1024 VUs  27m58.8s/30m0s  2000.00 iters/s

running (27m59.8s), 0017/1024 VUs, 3333462 complete and 0 interrupted iterations
cap_mixed   [  93% ] 0017/1024 VUs  27m59.8s/30m0s  2000.00 iters/s

running (28m00.8s), 0011/1024 VUs, 3335469 complete and 0 interrupted iterations
cap_mixed   [  93% ] 0011/1024 VUs  28m00.8s/30m0s  2000.00 iters/s

running (28m01.8s), 0017/1024 VUs, 3337462 complete and 0 interrupted iterations
cap_mixed   [  93% ] 0017/1024 VUs  28m01.8s/30m0s  2000.00 iters/s

running (28m02.8s), 0013/1024 VUs, 3339467 complete and 0 interrupted iterations
cap_mixed   [  93% ] 0013/1024 VUs  28m02.8s/30m0s  2000.00 iters/s

running (28m03.8s), 0013/1024 VUs, 3341467 complete and 0 interrupted iterations
cap_mixed   [  94% ] 0013/1024 VUs  28m03.8s/30m0s  2000.00 iters/s

running (28m04.8s), 0014/1024 VUs, 3343465 complete and 0 interrupted iterations
cap_mixed   [  94% ] 0014/1024 VUs  28m04.8s/30m0s  2000.00 iters/s

running (28m05.8s), 0022/1024 VUs, 3345457 complete and 0 interrupted iterations
cap_mixed   [  94% ] 0022/1024 VUs  28m05.8s/30m0s  2000.00 iters/s

running (28m06.8s), 0027/1024 VUs, 3347452 complete and 0 interrupted iterations
cap_mixed   [  94% ] 0027/1024 VUs  28m06.8s/30m0s  2000.00 iters/s

running (28m07.8s), 0014/1024 VUs, 3349466 complete and 0 interrupted iterations
cap_mixed   [  94% ] 0014/1024 VUs  28m07.8s/30m0s  2000.00 iters/s

running (28m08.8s), 0015/1024 VUs, 3351464 complete and 0 interrupted iterations
cap_mixed   [  94% ] 0015/1024 VUs  28m08.8s/30m0s  2000.00 iters/s

running (28m09.8s), 0012/1024 VUs, 3353467 complete and 0 interrupted iterations
cap_mixed   [  94% ] 0012/1024 VUs  28m09.8s/30m0s  2000.00 iters/s

running (28m10.8s), 0013/1024 VUs, 3355466 complete and 0 interrupted iterations
cap_mixed   [  94% ] 0013/1024 VUs  28m10.8s/30m0s  2000.00 iters/s

running (28m11.8s), 0010/1024 VUs, 3357469 complete and 0 interrupted iterations
cap_mixed   [  94% ] 0010/1024 VUs  28m11.8s/30m0s  2000.00 iters/s

running (28m12.8s), 0012/1024 VUs, 3359468 complete and 0 interrupted iterations
cap_mixed   [  94% ] 0012/1024 VUs  28m12.8s/30m0s  2000.00 iters/s

running (28m13.8s), 0012/1024 VUs, 3361467 complete and 0 interrupted iterations
cap_mixed   [  94% ] 0012/1024 VUs  28m13.8s/30m0s  2000.00 iters/s

running (28m14.8s), 0012/1024 VUs, 3363468 complete and 0 interrupted iterations
cap_mixed   [  94% ] 0012/1024 VUs  28m14.8s/30m0s  2000.00 iters/s

running (28m15.8s), 0012/1024 VUs, 3365467 complete and 0 interrupted iterations
cap_mixed   [  94% ] 0012/1024 VUs  28m15.8s/30m0s  2000.00 iters/s

running (28m16.8s), 0013/1024 VUs, 3367468 complete and 0 interrupted iterations
cap_mixed   [  94% ] 0013/1024 VUs  28m16.8s/30m0s  2000.00 iters/s

running (28m17.8s), 0013/1024 VUs, 3369466 complete and 0 interrupted iterations
cap_mixed   [  94% ] 0013/1024 VUs  28m17.8s/30m0s  2000.00 iters/s

running (28m18.8s), 0015/1024 VUs, 3371464 complete and 0 interrupted iterations
cap_mixed   [  94% ] 0015/1024 VUs  28m18.8s/30m0s  2000.00 iters/s

running (28m19.8s), 0016/1024 VUs, 3373463 complete and 0 interrupted iterations
cap_mixed   [  94% ] 0016/1024 VUs  28m19.8s/30m0s  2000.00 iters/s

running (28m20.8s), 0012/1024 VUs, 3375467 complete and 0 interrupted iterations
cap_mixed   [  94% ] 0012/1024 VUs  28m20.8s/30m0s  2000.00 iters/s

running (28m21.8s), 0017/1024 VUs, 3377463 complete and 0 interrupted iterations
cap_mixed   [  95% ] 0017/1024 VUs  28m21.8s/30m0s  2000.00 iters/s

running (28m22.8s), 0017/1024 VUs, 3379462 complete and 0 interrupted iterations
cap_mixed   [  95% ] 0017/1024 VUs  28m22.8s/30m0s  2000.00 iters/s

running (28m23.8s), 0018/1024 VUs, 3381462 complete and 0 interrupted iterations
cap_mixed   [  95% ] 0018/1024 VUs  28m23.8s/30m0s  2000.00 iters/s

running (28m24.8s), 0018/1024 VUs, 3383462 complete and 0 interrupted iterations
cap_mixed   [  95% ] 0018/1024 VUs  28m24.8s/30m0s  2000.00 iters/s

running (28m25.8s), 0024/1024 VUs, 3385455 complete and 0 interrupted iterations
cap_mixed   [  95% ] 0024/1024 VUs  28m25.8s/30m0s  2000.00 iters/s

running (28m26.8s), 0022/1024 VUs, 3387458 complete and 0 interrupted iterations
cap_mixed   [  95% ] 0022/1024 VUs  28m26.8s/30m0s  2000.00 iters/s

running (28m27.8s), 0013/1024 VUs, 3389466 complete and 0 interrupted iterations
cap_mixed   [  95% ] 0014/1024 VUs  28m27.8s/30m0s  2000.00 iters/s

running (28m28.8s), 0016/1024 VUs, 3391464 complete and 0 interrupted iterations
cap_mixed   [  95% ] 0016/1024 VUs  28m28.8s/30m0s  2000.00 iters/s

running (28m29.8s), 0023/1024 VUs, 3393457 complete and 0 interrupted iterations
cap_mixed   [  95% ] 0023/1024 VUs  28m29.8s/30m0s  2000.00 iters/s

running (28m30.8s), 0014/1024 VUs, 3395465 complete and 0 interrupted iterations
cap_mixed   [  95% ] 0014/1024 VUs  28m30.8s/30m0s  2000.00 iters/s

running (28m31.8s), 0009/1024 VUs, 3397471 complete and 0 interrupted iterations
cap_mixed   [  95% ] 0009/1024 VUs  28m31.8s/30m0s  2000.00 iters/s

running (28m32.8s), 0016/1024 VUs, 3399465 complete and 0 interrupted iterations
cap_mixed   [  95% ] 0016/1024 VUs  28m32.8s/30m0s  2000.00 iters/s

running (28m33.8s), 0012/1024 VUs, 3401467 complete and 0 interrupted iterations
cap_mixed   [  95% ] 0012/1024 VUs  28m33.8s/30m0s  2000.00 iters/s

running (28m34.8s), 0012/1024 VUs, 3403467 complete and 0 interrupted iterations
cap_mixed   [  95% ] 0012/1024 VUs  28m34.8s/30m0s  2000.00 iters/s

running (28m35.8s), 0014/1024 VUs, 3405467 complete and 0 interrupted iterations
cap_mixed   [  95% ] 0014/1024 VUs  28m35.8s/30m0s  2000.00 iters/s

running (28m36.8s), 0016/1024 VUs, 3407464 complete and 0 interrupted iterations
cap_mixed   [  95% ] 0016/1024 VUs  28m36.8s/30m0s  2000.00 iters/s

running (28m37.8s), 0011/1024 VUs, 3409468 complete and 0 interrupted iterations
cap_mixed   [  95% ] 0011/1024 VUs  28m37.8s/30m0s  2000.00 iters/s

running (28m38.8s), 0014/1024 VUs, 3411465 complete and 0 interrupted iterations
cap_mixed   [  95% ] 0014/1024 VUs  28m38.8s/30m0s  2000.00 iters/s

running (28m39.8s), 0011/1024 VUs, 3413468 complete and 0 interrupted iterations
cap_mixed   [  96% ] 0011/1024 VUs  28m39.8s/30m0s  2000.00 iters/s

running (28m40.8s), 0011/1024 VUs, 3415469 complete and 0 interrupted iterations
cap_mixed   [  96% ] 0011/1024 VUs  28m40.8s/30m0s  2000.00 iters/s

running (28m41.8s), 0012/1024 VUs, 3417467 complete and 0 interrupted iterations
cap_mixed   [  96% ] 0012/1024 VUs  28m41.8s/30m0s  2000.00 iters/s

running (28m42.8s), 0013/1024 VUs, 3419466 complete and 0 interrupted iterations
cap_mixed   [  96% ] 0013/1024 VUs  28m42.8s/30m0s  2000.00 iters/s

running (28m43.8s), 0014/1024 VUs, 3421465 complete and 0 interrupted iterations
cap_mixed   [  96% ] 0014/1024 VUs  28m43.8s/30m0s  2000.00 iters/s

running (28m44.8s), 0018/1024 VUs, 3423461 complete and 0 interrupted iterations
cap_mixed   [  96% ] 0018/1024 VUs  28m44.8s/30m0s  2000.00 iters/s

running (28m45.8s), 0014/1024 VUs, 3425465 complete and 0 interrupted iterations
cap_mixed   [  96% ] 0015/1024 VUs  28m45.8s/30m0s  2000.00 iters/s

running (28m46.8s), 0011/1024 VUs, 3427469 complete and 0 interrupted iterations
cap_mixed   [  96% ] 0011/1024 VUs  28m46.8s/30m0s  2000.00 iters/s

running (28m47.8s), 0008/1024 VUs, 3429471 complete and 0 interrupted iterations
cap_mixed   [  96% ] 0008/1024 VUs  28m47.8s/30m0s  2000.00 iters/s

running (28m48.8s), 0009/1024 VUs, 3431470 complete and 0 interrupted iterations
cap_mixed   [  96% ] 0009/1024 VUs  28m48.8s/30m0s  2000.00 iters/s

running (28m49.8s), 0011/1024 VUs, 3433468 complete and 0 interrupted iterations
cap_mixed   [  96% ] 0011/1024 VUs  28m49.8s/30m0s  2000.00 iters/s

running (28m50.8s), 0011/1024 VUs, 3435468 complete and 0 interrupted iterations
cap_mixed   [  96% ] 0011/1024 VUs  28m50.8s/30m0s  2000.00 iters/s

running (28m51.8s), 0007/1024 VUs, 3437473 complete and 0 interrupted iterations
cap_mixed   [  96% ] 0007/1024 VUs  28m51.8s/30m0s  2000.00 iters/s

running (28m52.8s), 0015/1024 VUs, 3439465 complete and 0 interrupted iterations
cap_mixed   [  96% ] 0015/1024 VUs  28m52.8s/30m0s  2000.00 iters/s

running (28m53.8s), 0009/1024 VUs, 3441470 complete and 0 interrupted iterations
cap_mixed   [  96% ] 0009/1024 VUs  28m53.8s/30m0s  2000.00 iters/s

running (28m54.8s), 0014/1024 VUs, 3443465 complete and 0 interrupted iterations
cap_mixed   [  96% ] 0014/1024 VUs  28m54.8s/30m0s  2000.00 iters/s

running (28m55.8s), 0011/1024 VUs, 3445468 complete and 0 interrupted iterations
cap_mixed   [  96% ] 0011/1024 VUs  28m55.8s/30m0s  2000.00 iters/s

running (28m56.8s), 0011/1024 VUs, 3447468 complete and 0 interrupted iterations
cap_mixed   [  96% ] 0011/1024 VUs  28m56.8s/30m0s  2000.00 iters/s

running (28m57.8s), 0012/1024 VUs, 3449467 complete and 0 interrupted iterations
cap_mixed   [  97% ] 0012/1024 VUs  28m57.8s/30m0s  2000.00 iters/s

running (28m58.8s), 0011/1024 VUs, 3451469 complete and 0 interrupted iterations
cap_mixed   [  97% ] 0011/1024 VUs  28m58.8s/30m0s  2000.00 iters/s

running (28m59.8s), 0007/1024 VUs, 3453472 complete and 0 interrupted iterations
cap_mixed   [  97% ] 0007/1024 VUs  28m59.8s/30m0s  2000.00 iters/s

running (29m00.8s), 0010/1024 VUs, 3455469 complete and 0 interrupted iterations
cap_mixed   [  97% ] 0010/1024 VUs  29m00.8s/30m0s  2000.00 iters/s

running (29m01.8s), 0010/1024 VUs, 3457470 complete and 0 interrupted iterations
cap_mixed   [  97% ] 0010/1024 VUs  29m01.8s/30m0s  2000.00 iters/s

running (29m02.8s), 0013/1024 VUs, 3459467 complete and 0 interrupted iterations
cap_mixed   [  97% ] 0013/1024 VUs  29m02.8s/30m0s  2000.00 iters/s

running (29m03.8s), 0017/1024 VUs, 3461462 complete and 0 interrupted iterations
cap_mixed   [  97% ] 0017/1024 VUs  29m03.8s/30m0s  2000.00 iters/s

running (29m04.8s), 0014/1024 VUs, 3463465 complete and 0 interrupted iterations
cap_mixed   [  97% ] 0014/1024 VUs  29m04.8s/30m0s  2000.00 iters/s

running (29m05.8s), 0018/1024 VUs, 3465462 complete and 0 interrupted iterations
cap_mixed   [  97% ] 0018/1024 VUs  29m05.8s/30m0s  2000.00 iters/s

running (29m06.8s), 0010/1024 VUs, 3467470 complete and 0 interrupted iterations
cap_mixed   [  97% ] 0010/1024 VUs  29m06.8s/30m0s  2000.00 iters/s

running (29m07.8s), 0014/1024 VUs, 3469465 complete and 0 interrupted iterations
cap_mixed   [  97% ] 0014/1024 VUs  29m07.8s/30m0s  2000.00 iters/s

running (29m08.8s), 0013/1024 VUs, 3471466 complete and 0 interrupted iterations
cap_mixed   [  97% ] 0013/1024 VUs  29m08.8s/30m0s  2000.00 iters/s

running (29m09.8s), 0007/1024 VUs, 3473473 complete and 0 interrupted iterations
cap_mixed   [  97% ] 0007/1024 VUs  29m09.8s/30m0s  2000.00 iters/s

running (29m10.8s), 0012/1024 VUs, 3475468 complete and 0 interrupted iterations
cap_mixed   [  97% ] 0012/1024 VUs  29m10.8s/30m0s  2000.00 iters/s

running (29m11.8s), 0009/1024 VUs, 3477471 complete and 0 interrupted iterations
cap_mixed   [  97% ] 0010/1024 VUs  29m11.8s/30m0s  2000.00 iters/s

running (29m12.8s), 0016/1024 VUs, 3479464 complete and 0 interrupted iterations
cap_mixed   [  97% ] 0016/1024 VUs  29m12.8s/30m0s  2000.00 iters/s

running (29m13.8s), 0006/1024 VUs, 3481473 complete and 0 interrupted iterations
cap_mixed   [  97% ] 0006/1024 VUs  29m13.8s/30m0s  2000.00 iters/s

running (29m14.8s), 0015/1024 VUs, 3483464 complete and 0 interrupted iterations
cap_mixed   [  97% ] 0015/1024 VUs  29m14.8s/30m0s  2000.00 iters/s

running (29m15.8s), 0012/1024 VUs, 3485467 complete and 0 interrupted iterations
cap_mixed   [  98% ] 0012/1024 VUs  29m15.8s/30m0s  2000.00 iters/s

running (29m16.8s), 0010/1024 VUs, 3487469 complete and 0 interrupted iterations
cap_mixed   [  98% ] 0010/1024 VUs  29m16.8s/30m0s  2000.00 iters/s

running (29m17.8s), 0021/1024 VUs, 3489459 complete and 0 interrupted iterations
cap_mixed   [  98% ] 0021/1024 VUs  29m17.8s/30m0s  2000.00 iters/s

running (29m18.8s), 0014/1024 VUs, 3491466 complete and 0 interrupted iterations
cap_mixed   [  98% ] 0014/1024 VUs  29m18.8s/30m0s  2000.00 iters/s

running (29m19.8s), 0011/1024 VUs, 3493468 complete and 0 interrupted iterations
cap_mixed   [  98% ] 0011/1024 VUs  29m19.8s/30m0s  2000.00 iters/s

running (29m20.8s), 0009/1024 VUs, 3495470 complete and 0 interrupted iterations
cap_mixed   [  98% ] 0009/1024 VUs  29m20.8s/30m0s  2000.00 iters/s

running (29m21.8s), 0015/1024 VUs, 3497465 complete and 0 interrupted iterations
cap_mixed   [  98% ] 0015/1024 VUs  29m21.8s/30m0s  2000.00 iters/s

running (29m22.8s), 0012/1024 VUs, 3499467 complete and 0 interrupted iterations
cap_mixed   [  98% ] 0012/1024 VUs  29m22.8s/30m0s  2000.00 iters/s

running (29m23.8s), 0021/1024 VUs, 3501459 complete and 0 interrupted iterations
cap_mixed   [  98% ] 0021/1024 VUs  29m23.8s/30m0s  2000.00 iters/s

running (29m24.8s), 0011/1024 VUs, 3503468 complete and 0 interrupted iterations
cap_mixed   [  98% ] 0011/1024 VUs  29m24.8s/30m0s  2000.00 iters/s

running (29m25.8s), 0008/1024 VUs, 3505471 complete and 0 interrupted iterations
cap_mixed   [  98% ] 0008/1024 VUs  29m25.8s/30m0s  2000.00 iters/s

running (29m26.8s), 0013/1024 VUs, 3507466 complete and 0 interrupted iterations
cap_mixed   [  98% ] 0013/1024 VUs  29m26.8s/30m0s  2000.00 iters/s

running (29m27.8s), 0015/1024 VUs, 3509464 complete and 0 interrupted iterations
cap_mixed   [  98% ] 0015/1024 VUs  29m27.8s/30m0s  2000.00 iters/s

running (29m28.8s), 0009/1024 VUs, 3511470 complete and 0 interrupted iterations
cap_mixed   [  98% ] 0009/1024 VUs  29m28.8s/30m0s  2000.00 iters/s

running (29m29.8s), 0012/1024 VUs, 3513468 complete and 0 interrupted iterations
cap_mixed   [  98% ] 0012/1024 VUs  29m29.8s/30m0s  2000.00 iters/s

running (29m30.8s), 0014/1024 VUs, 3515465 complete and 0 interrupted iterations
cap_mixed   [  98% ] 0014/1024 VUs  29m30.8s/30m0s  2000.00 iters/s

running (29m31.8s), 0011/1024 VUs, 3517468 complete and 0 interrupted iterations
cap_mixed   [  98% ] 0011/1024 VUs  29m31.8s/30m0s  2000.00 iters/s

running (29m32.8s), 0010/1024 VUs, 3519469 complete and 0 interrupted iterations
cap_mixed   [  98% ] 0010/1024 VUs  29m32.8s/30m0s  2000.00 iters/s

running (29m33.8s), 0008/1024 VUs, 3521471 complete and 0 interrupted iterations
cap_mixed   [  99% ] 0008/1024 VUs  29m33.8s/30m0s  2000.00 iters/s

running (29m34.8s), 0010/1024 VUs, 3523469 complete and 0 interrupted iterations
cap_mixed   [  99% ] 0010/1024 VUs  29m34.8s/30m0s  2000.00 iters/s

running (29m35.8s), 0021/1024 VUs, 3525459 complete and 0 interrupted iterations
cap_mixed   [  99% ] 0021/1024 VUs  29m35.8s/30m0s  2000.00 iters/s

running (29m36.8s), 0014/1024 VUs, 3527465 complete and 0 interrupted iterations
cap_mixed   [  99% ] 0014/1024 VUs  29m36.8s/30m0s  2000.00 iters/s

running (29m37.8s), 0012/1024 VUs, 3529468 complete and 0 interrupted iterations
cap_mixed   [  99% ] 0012/1024 VUs  29m37.8s/30m0s  2000.00 iters/s

running (29m38.8s), 0009/1024 VUs, 3531470 complete and 0 interrupted iterations
cap_mixed   [  99% ] 0008/1024 VUs  29m38.8s/30m0s  2000.00 iters/s

running (29m39.8s), 0010/1024 VUs, 3533469 complete and 0 interrupted iterations
cap_mixed   [  99% ] 0010/1024 VUs  29m39.8s/30m0s  2000.00 iters/s

running (29m40.8s), 0010/1024 VUs, 3535469 complete and 0 interrupted iterations
cap_mixed   [  99% ] 0010/1024 VUs  29m40.8s/30m0s  2000.00 iters/s

running (29m41.8s), 0013/1024 VUs, 3537467 complete and 0 interrupted iterations
cap_mixed   [  99% ] 0013/1024 VUs  29m41.8s/30m0s  2000.00 iters/s

running (29m42.8s), 0011/1024 VUs, 3539469 complete and 0 interrupted iterations
cap_mixed   [  99% ] 0011/1024 VUs  29m42.8s/30m0s  2000.00 iters/s

running (29m43.8s), 0018/1024 VUs, 3541461 complete and 0 interrupted iterations
cap_mixed   [  99% ] 0018/1024 VUs  29m43.8s/30m0s  2000.00 iters/s

running (29m44.8s), 0010/1024 VUs, 3543469 complete and 0 interrupted iterations
cap_mixed   [  99% ] 0010/1024 VUs  29m44.8s/30m0s  2000.00 iters/s

running (29m45.8s), 0016/1024 VUs, 3545464 complete and 0 interrupted iterations
cap_mixed   [  99% ] 0016/1024 VUs  29m45.8s/30m0s  2000.00 iters/s

running (29m46.8s), 0021/1024 VUs, 3547458 complete and 0 interrupted iterations
cap_mixed   [  99% ] 0021/1024 VUs  29m46.8s/30m0s  2000.00 iters/s

running (29m47.8s), 0016/1024 VUs, 3549464 complete and 0 interrupted iterations
cap_mixed   [  99% ] 0016/1024 VUs  29m47.8s/30m0s  2000.00 iters/s

running (29m48.8s), 0015/1024 VUs, 3551464 complete and 0 interrupted iterations
cap_mixed   [  99% ] 0015/1024 VUs  29m48.8s/30m0s  2000.00 iters/s

running (29m49.8s), 0008/1024 VUs, 3553471 complete and 0 interrupted iterations
cap_mixed   [  99% ] 0008/1024 VUs  29m49.8s/30m0s  2000.00 iters/s

running (29m50.8s), 0015/1024 VUs, 3555464 complete and 0 interrupted iterations
cap_mixed   [  99% ] 0015/1024 VUs  29m50.8s/30m0s  2000.00 iters/s

running (29m51.8s), 0009/1024 VUs, 3557470 complete and 0 interrupted iterations
cap_mixed   [ 100% ] 0009/1024 VUs  29m51.8s/30m0s  2000.00 iters/s

running (29m52.8s), 0014/1024 VUs, 3559465 complete and 0 interrupted iterations
cap_mixed   [ 100% ] 0014/1024 VUs  29m52.8s/30m0s  2000.00 iters/s

running (29m53.8s), 0009/1024 VUs, 3561470 complete and 0 interrupted iterations
cap_mixed   [ 100% ] 0009/1024 VUs  29m53.8s/30m0s  2000.00 iters/s

running (29m54.8s), 0011/1024 VUs, 3563468 complete and 0 interrupted iterations
cap_mixed   [ 100% ] 0011/1024 VUs  29m54.8s/30m0s  2000.00 iters/s

running (29m55.8s), 0013/1024 VUs, 3565466 complete and 0 interrupted iterations
cap_mixed   [ 100% ] 0013/1024 VUs  29m55.8s/30m0s  2000.00 iters/s

running (29m56.8s), 0016/1024 VUs, 3567463 complete and 0 interrupted iterations
cap_mixed   [ 100% ] 0017/1024 VUs  29m56.8s/30m0s  2000.00 iters/s

running (29m57.8s), 0016/1024 VUs, 3569464 complete and 0 interrupted iterations
cap_mixed   [ 100% ] 0016/1024 VUs  29m57.8s/30m0s  2000.00 iters/s

running (29m58.8s), 0011/1024 VUs, 3571469 complete and 0 interrupted iterations
cap_mixed   [ 100% ] 0011/1024 VUs  29m58.8s/30m0s  2000.00 iters/s

running (29m59.8s), 0017/1024 VUs, 3573462 complete and 0 interrupted iterations
cap_mixed   [ 100% ] 0017/1024 VUs  29m59.8s/30m0s  2000.00 iters/s

running (30m00.0s), 0000/1024 VUs, 3573946 complete and 0 interrupted iterations
cap_mixed ✓ [ 100% ] 0000/1024 VUs  30m0s  2000.00 iters/s

running (30m00.0s), 0000/1024 VUs, 3573946 complete and 0 interrupted iterations
cap_mixed ✓ [ 100% ] 0000/1024 VUs  30m0s  2000.00 iters/s

running (30m00.0s), 0000/1024 VUs, 3573946 complete and 0 interrupted iterations
cap_mixed ✓ [ 100% ] 0000/1024 VUs  30m0s  2000.00 iters/s

running (30m00.0s), 0000/1024 VUs, 3573946 complete and 0 interrupted iterations
cap_mixed ✓ [ 100% ] 0000/1024 VUs  30m0s  2000.00 iters/s

running (30m00.0s), 0000/1024 VUs, 3573946 complete and 0 interrupted iterations
cap_mixed ✓ [ 100% ] 0000/1024 VUs  30m0s  2000.00 iters/s
PERF_USER_COUNT=256 is below the multi-user concurrency minimum; using 1024 seeded users
seeded 1024 perf users, clients, and 240800 flow vectors (scenario=cap_mixed, rate=2000/s)
capacity/cap_mixed: status=target_miss rps=2865.59 p95=144.361ms errors=0.000128 db_calls=119870762
