epoch,app_jif,app_rss_kb,pg_jif,pg_rss_kb,vk_jif,vk_rss_kb,run_jif,run_rss_kb
1789697651,56162,126528,57986,4054232,3380,41800,3951,204220
1789697653,58111,126544,59764,4061480,3509,44236,4838,204684
1789697655,60090,127404,61592,4070796,3635,45896,5697,185144
1789697658,61111,127396,62630,4071568,3704,46680,6202,210852
1789697660,63161,127448,64707,4098760,3840,47952,7109,211012
1789697663,63510,128108,65029,4098808,3851,48004,,
1789697665,63533,128068,65099,4099008,3852,47992,35,33996
1789697667,64222,128028,65861,4148840,3905,48684,585,207320
1789697669,66515,128064,68020,4157892,4046,50152,1604,212260
1789697672,68830,128024,70234,4162872,4191,51608,2682,188024
1789697674,71224,128104,72494,4168624,4333,53160,3717,216752
1789697677,72859,128056,73978,4169592,4423,54128,4390,219860
1789697679,74577,128032,75695,4203420,4534,55148,5218,222260
1789697682,76809,128028,77882,4334784,4671,56572,6225,198544
1789697684,78908,128028,79967,4331632,4800,57864,7145,229424
1789697686,81111,128020,81949,4361972,4919,59240,8014,228076
1789697689,81136,128028,81890,4182964,4920,59328,,
1789697691,81157,128076,81982,4308240,4920,59300,78,64944
1789697693,83028,128076,83652,4187540,5038,60940,1086,208312
1789697696,85363,128080,85686,4191656,5176,62788,2086,239524
1789697698,87707,128108,87745,4192184,5314,64660,3100,240388
1789697700,90016,128032,89743,4195632,5447,66392,4096,216436
1789697703,92342,128028,91795,4196484,5586,68288,5120,248904
1789697705,94664,128052,93818,4199292,5721,70068,6124,251992
1789697707,96992,128064,95837,4200684,5857,71800,7134,255680
1789697710,99347,128052,97890,4201476,6003,77128,8154,231656
1789697712,101253,128112,99501,4201548,6101,77244,8863,260936
1789697714,101275,127996,99569,4201712,6101,77348,,
1789697716,101296,128024,99695,4376608,6103,77340,101,67204
1789697719,101799,128020,100190,4228236,6113,77340,264,152612
1789697721,102445,128028,100850,4228336,6128,76872,414,154648
1789697724,103065,128072,101495,4228472,6140,76900,566,153984
1789697726,103710,128052,102141,4228500,6152,76912,716,129500
1789697728,104337,128028,102741,4228520,6167,76876,863,156876
1789697731,104937,128072,103249,4228572,6177,76812,995,160844
1789697733,105539,128068,103762,4228852,6187,76844,1121,158224
1789697735,106144,128020,104265,4229144,6197,76780,1247,135488
1789697738,106615,128072,104628,4229176,6204,76896,1336,163488
1789697740,106617,127992,104633,4367380,6204,76904,21,34884
1789697742,107830,128096,105748,4386680,6221,76860,440,189528
1789697745,109965,128100,107496,4417504,6246,76896,936,193104
1789697747,112219,128024,109274,4239576,6273,76876,1413,196372
1789697749,114416,128020,111049,4240132,6299,76852,1922,167216
1789697752,116578,128052,112764,4240396,6325,76888,2405,199976
1789697754,118796,128076,114563,4240616,6352,76868,2937,203744
1789697756,120883,128068,116234,4240812,6378,76908,3427,203068
1789697759,123008,128112,117948,4241044,6403,76868,3914,180108
1789697761,125128,128108,119588,4241316,6427,76884,4353,209748
1789697763,125130,128000,119590,4241396,6427,76844,,
1789697765,125325,128108,119793,4241780,6432,76852,236,213660
1789697768,127656,128104,121594,4241900,6458,76828,787,198556
1789697770,130017,128020,123403,4242168,6485,76768,1316,229376
1789697772,132298,128032,125180,4242184,6512,76836,1840,230776
1789697775,134701,128072,126986,4242600,6539,76876,2385,235848
1789697777,137060,128020,128787,4242680,6566,76900,2934,215120
1789697779,139346,128068,130542,4243184,6592,76752,3471,237964
1789697782,141604,128076,132273,4243432,6617,76884,3991,244416
1789697784,143959,128016,134075,4243520,6645,76852,4526,239116
1789697786,145180,128016,134938,4243476,6656,76776,4744,224316
1789697789,145183,128112,134939,4243484,6657,76740,,
1789697791,145313,127992,135107,4244068,6660,76988,125,148964
1789697793,145951,128100,135776,4244664,6666,77024,228,126892
1789697795,146624,128104,136480,4244676,6672,76972,335,126996
1789697798,147269,128072,137157,4244644,6678,76976,440,154320
1789697800,147903,128020,137888,4398960,6684,76980,536,155316
1789697802,148482,128048,138502,4398988,6689,77008,634,129844
1789697805,149136,128052,139204,4428056,6696,76888,741,155396
1789697807,149795,128028,139841,4249676,6702,77040,844,157308
1789697809,150456,128068,140526,4249752,6709,77004,943,155540
1789697811,150822,128000,140871,4249860,6713,76968,,
1789697814,150824,128056,140905,4371576,6713,76924,75,64324
1789697816,152606,128052,142756,4250056,6731,76968,430,192952
1789697818,154942,128064,145106,4251176,6748,77004,793,191500
1789697821,157332,128080,147525,4251516,6768,77048,1150,193376
1789697823,159624,128100,149817,4251760,6786,77044,1512,168112
1789697825,161863,128024,152087,4252024,6804,77028,1859,195312
1789697828,164115,128068,154378,4252640,6822,76892,2215,199700
1789697830,166470,128060,156728,4252532,6840,76924,2589,198680
1789697832,168810,128112,159081,4252600,6858,76900,2945,175736
1789697835,170816,128104,161016,4252572,6873,76984,3216,200848
1789697837,170818,128064,161016,4252504,6873,76988,,
1789697839,170820,128072,161113,4435712,6874,76948,47,129704
1789697841,172626,128052,162818,4285296,6892,77216,467,231728
1789697844,175213,127992,165271,4285716,6910,77192,844,233608
1789697846,177764,128068,167712,4285884,6929,77204,1210,237628
1789697848,180368,128028,170166,4286396,6948,77236,1585,212048
1789697851,182937,128072,172595,4286684,6967,77060,1982,240292
1789697853,185484,128032,175021,4286568,6985,77136,2370,244128
1789697855,188072,128024,177469,4286676,7004,77096,2754,244288
1789697858,190616,128016,179876,4286812,7022,77068,3144,216944
1789697860,192852,128072,181970,4329816,7036,76932,3447,244676
1789697862,192854,128028,181982,4360844,7037,77056,,
1789697864,192856,128052,182078,4576528,7037,77080,39,63340
1789697867,193159,128028,182331,4450368,7087,77728,369,153928
1789697869,193622,128072,182795,4466036,7154,78532,715,153888
1789697871,194105,128000,183287,4466292,7225,79624,1080,154832
1789697874,194532,128068,183723,4466276,7286,80536,1404,129372
1789697876,194953,128112,184160,4495020,7346,81512,1733,157404
1789697878,195420,128068,184555,4315668,7415,82564,2084,157396
1789697880,195897,128112,185009,4315876,7486,83648,2435,133792
1789697883,196365,128028,185454,4327308,7555,84660,2780,159796
1789697885,196825,128108,185904,4316440,7625,85588,3094,163836
1789697887,196887,127996,185950,4316288,7630,85716,,
1789697889,197310,128076,186399,4364784,7694,86496,560,187572
1789697892,198621,128104,187628,4364712,7864,89320,1575,189320
1789697894,199918,128372,188838,4364836,8032,92104,2589,169496
1789697896,201235,129224,190075,4365304,8199,94940,3583,196164
1789697899,202501,129184,191262,4365356,8363,97648,4566,198376
1789697901,203815,129192,192473,4365360,8531,100368,5551,173432
1789697903,205144,129228,193727,4365376,8700,103224,6492,176136
1789697906,206457,129168,194963,4365612,8870,105956,7449,203532
1789697908,207835,129212,196241,4365668,9044,108844,8435,208456
1789697910,208334,129412,196685,4365644,9095,109604,,
1789697912,208353,129480,196743,4365660,9096,109500,32,54032
1789697915,209196,129376,197568,4378420,9203,111268,909,227484
1789697917,210863,129480,199073,4378536,9397,114740,2183,237140
1789697919,212602,129456,200642,4450876,9592,118148,3472,208900
1789697922,214306,129476,202181,4504216,9784,121732,4744,239432
1789697924,216002,129396,203730,4530776,9972,125056,6009,237984
1789697926,217644,129404,205219,4530952,10160,128384,7230,244936
1789697929,219295,129448,206744,4535100,10349,131736,8451,222972
1789697931,220966,129484,208258,4535044,10542,135164,9674,251100
1789697933,222603,129488,209666,4385772,10737,146624,10865,255072
1789697936,222886,129484,209917,4385684,10758,146980,,
1789697938,222906,129436,209984,4506508,10759,146920,41,63464
1789697940,223336,129400,210367,4388736,10766,144880,246,154776
1789697942,223957,129396,210872,4388624,10774,144948,427,155772
1789697945,224561,129408,211370,4388732,10784,144928,605,146956
1789697947,225142,129452,211850,4388736,10793,144920,777,130768
1789697949,225769,129404,212371,4388724,10803,142800,942,157688
1789697951,226338,129396,212856,4388732,10811,142728,1097,158048
1789697954,226960,129400,213358,4388780,10821,142808,1263,133056
1789697956,227568,129456,213859,4388704,10829,142812,1441,163164
1789697958,228163,129488,214345,4388784,10838,142848,1621,161644
1789697961,228228,129436,214384,4388740,10839,142844,,
1789697963,229068,129436,215110,4390744,10853,142904,405,191176
1789697965,231218,129448,216831,4390840,10879,142884,995,192572
1789697967,233230,129376,218425,4390892,10903,142788,1509,167184
1789697970,235397,129408,220156,4390920,10930,142708,2066,198044
1789697972,237509,129488,221850,4390960,10956,142812,2671,205176
1789697974,239641,129372,223543,4390948,10982,142784,3252,197616
1789697977,241826,129448,225297,4391004,11009,142776,3828,181712
1789697979,244075,129456,227117,4426388,11037,142720,4414,213988
1789697981,246307,129456,228908,4487832,11063,142636,4990,210224
1789697984,246839,129492,229293,4525204,11068,142636,,
1789697986,246841,129432,229307,4526624,11069,142712,78,133848
1789697988,248851,129448,230999,4551624,11096,143028,774,205576
1789697990,251368,129408,232817,4396812,11124,142956,1442,236956
1789697993,253842,129408,234705,4396796,11150,142900,2092,236272
1789697995,256326,129372,236581,4396876,11178,142872,2743,216724
1789697997,258796,129492,238438,4396900,11204,142936,3410,240704
1789698000,261237,129400,240312,4396964,11231,142752,4084,248000
1789698002,263529,129484,242036,4396968,11256,142776,4718,253132
1789698004,265715,129396,243705,4396936,11279,142764,5295,228796
1789698007,267465,129400,244988,4396932,11296,142792,5714,265544
1789698009,267467,129400,244988,4396992,11297,142760,,
1789698011,267708,129376,245208,4397064,11298,142828,480,162148
1789698013,268433,129408,245794,4397016,11299,142848,1228,175596
1789698016,269161,129380,246376,4397000,11299,142804,1962,158288
1789698018,269886,129392,246952,4397036,11300,142792,2681,191372
1789698020,270610,129456,247541,4397052,11300,142796,3429,203468
1789698023,271341,129396,248137,4396928,11300,142820,4150,212688
1789698025,272066,129492,248715,4396892,11302,142816,4836,201540
1789698027,272791,129404,249297,4397096,11302,142800,5544,225992
1789698030,273519,129400,249888,4396896,11302,142796,6246,245780
1789698032,273759,129456,250067,4396896,11303,142828,6437,224136
1789698034,273761,129404,250068,4397032,11303,142764,82,93028
1789698036,273761,129452,250069,4396976,11303,142752,76,101472
1789698039,275986,129456,251869,4397700,11306,142880,2928,204480
1789698041,278653,129448,253979,4547060,11307,142892,5738,252700
1789698043,281352,129400,256037,4399408,11307,142800,8426,269872
1789698046,284072,129460,258145,4399200,11308,142792,11175,272636
1789698048,286851,129440,260299,4399260,11309,142772,13947,297448
1789698050,289610,129448,262449,4399316,11309,142844,16664,336972
1789698053,292378,129476,264562,4399260,11309,142824,19347,368428
1789698055,295190,129404,266739,4399288,11310,142852,21938,358220
1789698057,297085,129440,268129,4399256,11311,142912,23526,421296
1789698060,297088,129440,268130,4399292,11311,142764,,
1789698062,298307,129484,269061,4399268,11316,143036,1805,273192
1789698064,301656,129452,271342,4399192,11316,142892,5109,285004
1789698067,305038,129432,273651,4399184,11317,142900,8317,276124
1789698069,308457,129404,275980,4399200,11317,143036,11490,335136
1789698071,311907,129436,278322,4399376,11318,142948,14836,374348
1789698074,315380,129400,280687,4399120,11319,143020,18060,380192
1789698076,318840,129436,283042,4399232,11319,143000,21228,392060
1789698078,322329,129480,285444,4399280,11319,142948,24396,418624
1789698081,325859,129412,287853,4399228,11320,142980,27504,459072
1789698083,326236,129484,288019,4399136,11320,142968,,
1789698085,326238,129456,288022,4399156,11321,143012,92,142196
1789698088,326613,129432,288463,4399768,11376,143448,411,126520
1789698090,327055,129484,288984,4399812,11435,144104,737,153960
1789698092,327477,129436,289501,4399752,11492,144800,1042,155336
1789698094,327896,129448,290016,4399740,11549,145404,1345,130720
1789698097,328303,129484,290548,4399628,11606,145892,1636,157544
1789698099,328724,129704,291109,4400108,11663,146672,1939,159728
1789698101,329143,129936,291614,4403372,11720,147280,2235,158992
1789698104,329609,130204,292147,4403452,11785,147968,2553,134612
1789698106,329996,130244,292576,4403288,11834,148480,2782,162400
1789698108,330018,130196,292631,4403392,11835,148528,30,41612
1789698110,330872,130272,293596,4403492,11945,149848,836,192548
1789698113,332200,130204,295013,4403500,12101,151472,1752,194240
1789698115,333549,130228,296457,4403588,12259,153412,2685,177052
1789698117,334928,130196,297933,4403548,12419,155136,3647,172444
1789698120,336320,130276,299431,4403532,12582,156952,4611,200072
1789698122,337659,130240,300853,4403588,12737,158684,5541,205420
1789698124,338991,130192,302277,4403580,12892,160512,6418,175928
1789698126,340305,130284,303694,4403564,13047,162268,7311,203736
1789698129,341645,130280,305118,4403560,13200,163864,8206,210836
1789698131,341736,130168,305206,4403532,13201,163980,,
1789698133,341757,130248,305248,4404400,13201,164044,97,150548
1789698136,342376,130272,306133,4404964,13238,164060,606,135244
1789698138,343039,130240,307051,4404840,13277,164108,1099,164828
1789698140,343703,130240,307967,4405032,13316,164056,1588,168612
1789698142,344361,130196,308878,4404888,13355,164072,2077,149572
1789698145,345017,130224,309772,4404732,13392,164036,2572,179060
1789698147,345670,130188,310680,4404824,13429,164080,3066,185328
1789698149,346303,130248,311573,4404960,13465,163968,3592,192164
1789698152,346953,130240,312488,4405204,13504,164080,4076,183844
1789698154,347496,130288,313221,4404796,13534,163852,4433,202520
1789698156,347498,130192,313223,4404816,13534,163920,36,58920
1789698158,348971,130272,315174,4405312,13599,164112,1422,208244
1789698161,351062,130172,317977,4586484,13681,164140,3066,213528
1789698163,353207,130192,320736,4408300,13766,164088,4716,233992
1789698165,355347,130244,323432,4408432,13850,163908,6293,218044
1789698168,357463,130168,326098,4408440,13933,164032,8038,253128
1789698170,359615,130244,328806,4408584,14017,164040,9690,270436
1789698173,361771,130200,331542,4408508,14102,164024,11261,281860
1789698175,363970,130204,334318,4408264,14185,163920,12769,260748
1789698177,365616,130284,336323,4408092,14243,163944,13784,306228
1789698180,365618,130168,336325,4408108,14243,163964,,
1789698182,366241,130284,337169,4408388,14271,164016,868,245040
1789698184,368734,130284,340165,4408544,14344,164096,2951,262184
1789698186,371246,130196,343165,4408520,14417,164080,4992,239088
1789698189,373776,130196,346195,4408460,14490,164132,6997,278076
1789698191,376309,130280,349195,4408372,14564,164088,9114,298868
1789698194,378854,130164,352206,4408420,14638,163892,11203,272964
1789698196,381406,130272,355230,4408512,14714,163864,13247,281960
1789698198,383941,130232,358247,4408416,14790,163912,15229,324904
1789698201,386491,130200,361273,4408520,14866,163840,17264,350872
1789698203,387078,130272,361821,4408208,14878,163928,,
1789698205,387079,130196,361822,4443176,14879,163836,82,88628
1789698208,387890,130196,362217,4409948,14885,163852,173,125768
1789698210,388883,130192,362675,4409996,14893,163816,269,153012
1789698212,389850,130280,363142,4410144,14901,163856,358,154608
1789698214,390809,130280,363580,4410084,14907,163724,448,126780
1789698217,391819,130200,364028,4410216,14915,163764,538,154664
1789698219,392756,130200,364463,4410336,14920,163728,628,157152
1789698221,393728,130252,364919,4412288,14928,163648,713,156696
1789698224,394708,130280,365372,4412332,14935,162312,807,130248
1789698226,395594,130248,365764,4412352,14941,162232,881,157148
1789698228,395596,130280,365768,4412364,14942,162320,,
1789698230,396930,130548,366908,4412572,14955,162200,353,184740
1789698233,399477,130452,369028,4412564,14982,162264,767,188384
1789698235,402053,130508,371027,4412364,15007,157776,1148,190012
1789698237,404536,130544,373039,4412452,15031,157612,1543,165916
1789698240,406977,130468,375018,4412472,15056,157700,1945,193700
1789698242,409353,130540,376906,4412524,15078,157732,2308,196080
1789698244,411746,130552,378830,4412604,15101,157164,2670,173004
1789698247,414163,130500,380801,4412588,15125,157104,3035,200008
1789698249,416602,130552,382752,4412424,15148,157164,3374,202692
1789698251,416677,130548,382754,4412432,15148,157168,,
1789698253,416936,130492,382961,4412516,15153,156188,201,213732
1789698256,421113,130464,384918,4412512,15177,156108,578,199616
1789698258,425282,130508,386865,4412472,15204,156140,953,226804
1789698260,429377,130508,388814,4412496,15229,156132,1344,228360
1789698263,433624,130464,390823,4412396,15256,156140,1725,231824
1789698265,437936,130456,392845,4412580,15283,155244,2103,206620
1789698267,442183,130432,394845,4412780,15308,155240,2489,236236
1789698270,446310,130536,396794,4412676,15334,155260,2862,237376
1789698272,450585,130540,398828,4412612,15360,155188,3252,224356
1789698274,453071,130492,399928,4412544,15375,154540,82,62560
1789698277,453072,130504,399930,4412560,15375,154544,12,26672
1789698279,453538,130512,399934,4413028,15376,154560,2779,243440
1789698281,454375,130492,399969,4535548,15376,154456,6517,286384
1789698283,455241,130488,399992,4527908,15376,154468,10193,308300
1789698286,456141,130544,400010,4527724,15378,154456,13801,369596
1789698288,457053,130508,400075,4566592,15378,154084,17378,430312
1789698290,457967,130544,399987,4415816,15378,154124,20940,474244
1789698293,458910,130544,399987,4415820,15379,154156,24480,536484
1789698295,459846,130544,399987,4415812,15379,154104,27970,517104
1789698297,460766,130536,399988,4415840,15379,154124,31255,630536
1789698300,460805,130536,399991,4415712,15380,153688,,
1789698302,461697,130456,399994,4415768,15381,153576,3535,392740
1789698304,464448,130464,399995,4415840,15381,153564,11110,447132
1789698307,467376,130504,399995,4415824,15382,153668,18715,514160
1789698309,470419,130504,399997,4415860,15382,153200,26398,683080
1789698311,473503,130500,399998,4415796,15383,153112,34109,713968
1789698314,476669,130488,400000,4415860,15383,153108,41798,793364
1789698316,479887,130492,400002,4415804,15383,153168,49521,869836
1789698318,483169,130492,400003,4415836,15385,153156,57297,908260
1789698321,486504,130504,400004,4415816,15385,153072,64766,1047256
1789698323,486728,130456,400006,4415860,15385,152912,,
1789698325,486729,130488,400006,4415856,15386,152920,30,41744
1789698328,488170,130516,400007,4415764,15386,152840,5625,481748
1789698330,490544,130512,400010,4415852,15387,152904,12988,536000
1789698332,492917,130488,400013,4415836,15388,152520,20339,615404
1789698335,495350,130536,400013,4415684,15388,152588,27578,676524
1789698337,497872,130492,400014,4415864,15389,152592,34796,778764
1789698339,500363,130548,400018,4418852,15389,152480,41916,832360
1789698342,502937,130456,400021,4418744,15390,152476,49007,931720
1789698344,505479,130496,400022,4418868,15391,152184,56011,926644
1789698346,507653,130508,400022,4418740,15391,152220,61383,1064292
1789698349,507655,130496,400023,4418756,15391,152212,,
1789698351,507657,130504,400025,4453548,15392,152200,78,88120
1789698353,507659,130504,400027,4418744,15392,151792,1272,166636
1789698355,507661,130500,400031,4418896,15392,151736,2531,169304
1789698358,507663,130464,400031,4418776,15393,151828,3785,173552
1789698360,507665,130540,400036,4418760,15393,151812,5089,149780
1789698362,507666,130516,400038,4418840,15394,151156,6330,175032
1789698365,507668,130468,400038,4418868,15395,151148,7520,177048
1789698367,507669,130464,400039,4418788,15395,151032,8685,156420
1789698369,507671,130460,400039,4418904,15396,151144,9864,156852
1789698371,507673,130544,400040,4418868,15396,151148,10888,184696
1789698374,507674,130460,400040,4418884,15396,150908,48,129824
1789698376,507676,130536,400041,4418844,15397,150940,1316,175300
1789698378,507678,130492,400041,4418908,15397,150768,2622,181392
1789698381,507679,130512,400042,4418856,15398,150916,3924,181356
1789698383,507681,130544,400042,4418908,15399,150548,5191,158728
1789698385,507684,130540,400046,4418896,15399,150644,6434,189676
1789698387,507685,130496,400048,4418884,15399,150692,7616,191316
1789698390,507687,130504,400050,4418796,15399,150708,8766,165452
1789698392,507688,130464,400052,4418908,15400,150540,9902,166664
1789698394,507690,130548,400052,4418772,15401,150604,11012,199816
1789698396,507692,130464,400052,4418916,15401,150552,24,35260
1789698399,507694,130460,400053,4418912,15402,150644,1165,192656
1789698401,507696,130468,400058,4421248,15402,150612,2549,197592
1789698403,507697,130500,400059,4421256,15402,150576,3962,187392
1789698406,507699,130456,400059,4421284,15404,150596,5350,179328
1789698408,507700,130536,400059,4421268,15404,150596,6661,204500
1789698410,507702,130468,400061,4421128,15404,150512,8035,210988
1789698412,507704,130460,400061,4421312,15405,150608,9353,182324
1789698415,507705,130452,400062,4421196,15405,150584,10709,213588
1789698417,507708,130488,400063,4421272,15406,150616,12023,215544
1789698419,507710,130488,400064,4421148,15406,150460,17,32936
1789698422,507963,130432,400139,4421272,15419,150564,1432,198124
1789698424,508410,130548,400253,4421256,15440,150508,3220,215856
1789698426,508904,130536,400388,4421240,15466,150548,4924,214128
1789698428,509391,130460,400510,4421260,15490,150492,6615,250740
1789698431,509863,130464,400636,4421248,15513,150424,8333,315648
1789698433,510338,130500,400763,4421264,15538,150516,10025,354172
1789698435,510793,130468,400874,4421260,15558,150524,11463,366336
1789698438,510794,130488,400874,4421292,15558,150492,80,91308
1789698440,510796,130492,400875,4448940,15559,150496,73,64312
1789698442,512011,130464,401225,4421192,15607,150488,5574,272344
1789698444,513707,130508,401685,4421104,15666,150428,11782,353592
1789698447,515485,130496,402167,4421220,15729,150380,17899,409172
1789698449,517255,130464,402644,4421256,15791,150360,24031,464364
1789698451,518919,130436,403093,4421272,15852,150364,30031,564600
1789698454,520626,130452,403553,4421128,15914,150308,35998,708488
1789698456,521720,130492,403829,4421264,15950,150168,81,90828
1789698458,521722,130512,403832,4421248,15950,150288,,
1789698461,521722,130552,403834,4424184,15950,150240,17,33364
1789698463,522085,130756,404205,4427256,15976,150060,788,162628
1789698465,522676,130692,404798,4427316,16014,150096,1702,170900
1789698467,523308,130804,405433,4427428,16054,149964,2527,176776
1789698470,523953,130764,406072,4427480,16094,150012,3303,165352
1789698472,524572,130768,406684,4427368,16134,149976,4126,202276
1789698474,525201,130764,407300,4427376,16177,149936,4905,208660
1789698477,525765,130692,407835,4427348,16211,149904,5574,187640
1789698479,525767,130812,407841,4427320,16211,149980,81,91732
1789698481,525769,130716,407841,4455536,16212,149984,71,129664
1789698483,527222,131040,409344,4427256,16275,149788,2801,224556
1789698486,529212,131068,411311,4427228,16353,149792,5856,251316
1789698488,531243,130992,413338,4427416,16434,149788,8805,269188
1789698490,533301,131064,415362,4427360,16517,149796,11730,265060
1789698493,535357,131068,417400,4427336,16601,149644,14664,312536
1789698495,537429,131028,419446,4427284,16684,149724,17528,345812
1789698497,538885,131028,420816,4427296,16738,149748,19305,339236
1789698500,538887,130980,420819,4447204,16738,149696,,
1789698502,538889,131036,420820,4427196,16738,149720,21,35160
1789698504,539352,132044,421403,4442740,16758,149580,463,159764
1789698507,540115,132072,422293,4442704,16790,149496,918,164572
1789698509,540878,132308,423184,4442668,16820,149560,1374,165820
1789698511,541638,133452,424079,4442816,16853,149600,1827,151544
1789698513,542386,133448,424958,4442800,16882,149288,2303,179956
1789698516,543149,133704,425853,4442656,16911,149328,2739,191060
1789698518,543837,134416,426642,4442740,16936,149376,3126,165148
1789698520,543859,134456,426695,4446180,16936,149340,83,92380
1789698523,543875,134504,426733,4446316,16937,149320,55,88168
1789698525,545905,141428,428881,4446016,16993,149112,1696,208012
1789698527,548697,141392,431700,4446112,17063,149280,3497,220312
1789698530,551539,141388,434572,4446000,17134,149296,5233,232744
1789698532,554419,141336,437430,4446052,17206,149280,6991,224936
1789698534,557269,141428,440280,4445900,17279,149012,8741,259660
1789698537,560132,141392,443181,4446064,17352,149156,10450,276976
1789698539,562031,141372,444971,4445840,17395,149136,11410,303036
1789698541,562049,141336,445022,4445916,17396,149060,,
1789698544,562068,141316,445066,4445944,17396,148972,22,34212
1789698546,562112,141368,445159,4449856,17397,149164,122,148212
1789698548,562169,141312,445279,4449756,17397,149240,156,150836
1789698550,562218,141428,445383,4449852,17398,149284,186,150256
1789698553,562274,141336,445502,4449816,17398,149188,216,124300
1789698555,562344,141380,445644,4449916,17399,148928,257,154668
1789698557,562405,141388,445772,4449944,17399,148936,294,151572
1789698560,562461,141372,445884,4449860,17399,148964,328,126508
1789698562,562462,141312,445888,4449888,17400,148928,81,92648
1789698564,562464,141388,445891,4449940,17400,148532,59,121156
1789698566,562514,141372,446010,4449976,17401,148504,127,157940
1789698569,562590,141372,446177,4449928,17402,148520,172,160552
1789698571,562661,141384,446341,4450032,17402,148516,212,162516
1789698573,562727,141344,446483,4450020,17402,148228,245,135244
1789698576,562791,141396,446629,4450084,17403,148192,287,164232
1789698578,562869,141344,446809,4449940,17403,148192,331,162384
1789698580,562917,141392,446918,4452808,17403,148176,362,136768
1789698582,562919,141344,446919,4452860,17403,148196,80,86696
1789698585,562920,141388,446920,4452892,17404,148008,,
1789698587,562924,141336,446925,4453300,17404,148024,1490,184444
1789698589,562926,141368,446926,4453252,17405,148032,4006,200140
1789698591,562928,141388,446928,4453228,17406,147988,6516,170384
1789698594,562930,141388,446931,4453316,17406,147520,8997,224976
1789698596,562932,141416,446931,4453320,17407,147532,11503,288864
1789698598,562933,141388,446933,4453252,17407,147556,13970,296668
1789698600,562935,141424,446935,4453388,17407,147532,16380,290816
1789698603,562937,141312,446936,4453400,17409,147556,84,93496
1789698605,562938,141328,446937,4453328,17409,147132,14,27464
1789698607,563238,141312,447207,4455376,17433,147116,209,153816
1789698610,563752,141596,447649,4455412,17472,147468,385,154440
1789698612,564309,143768,448132,4455348,17510,148296,556,129132
1789698614,564881,143716,448606,4455276,17554,149088,738,132008
1789698616,565428,144248,449052,4455452,17595,149912,915,160580
1789698619,565932,144548,449483,4455388,17634,150008,1066,160116
1789698621,566442,144768,449896,4455280,17669,150172,1216,134644
1789698623,566460,144800,449944,4455272,17669,150044,80,92852
1789698626,566482,144856,449999,4455380,17670,150040,54,64336
1789698628,567251,144800,450696,4455972,17733,150108,367,139796
1789698630,568360,144856,451609,4455980,17810,150876,718,168660
1789698633,569472,144816,452507,4456036,17890,152660,1032,170840
1789698635,570481,144776,453317,4456032,17963,154500,1316,144396
1789698637,571529,144776,454184,4456032,18040,155968,1617,174928
1789698640,572601,145076,455061,4498816,18117,157764,1931,176520
1789698642,573393,145076,455696,4458984,18165,159424,2138,175468
1789698644,573416,145040,455749,4459012,18165,159400,,
1789698646,573438,145072,455801,4459040,18166,159376,,
1789698649,573678,145124,456014,4459836,18184,159780,515,154544
1789698651,574108,145032,456382,4459904,18212,160464,1205,153852
1789698653,574542,145292,456755,4459948,18241,161140,1862,128324
1789698656,574986,145536,457137,4459968,18268,161904,2498,157424
1789698658,575405,146972,457502,4459956,18297,163456,3126,156244
1789698660,575822,147440,457855,4459932,18323,165112,3748,161960
1789698662,576237,147412,458205,4460052,18348,166696,4349,133232
1789698665,576277,147400,458259,4459912,18348,166624,79,93752
1789698667,576294,147384,458308,4459896,18348,166684,29,38096
1789698669,576434,212944,458347,4460476,18350,166796,99,144776
1789698672,576631,147468,458362,4460596,18352,166776,106,147304
1789698674,576832,212888,458378,4460984,18355,166892,115,141080
1789698676,577038,212972,458401,4461220,18356,166868,126,118392
1789698679,577238,212896,458421,4461360,18358,166880,135,146356
1789698681,577437,212896,458438,4461608,18360,166912,144,144760
1789698683,577634,212888,458460,4461684,18362,166808,153,119816
1789698685,577831,212936,458478,4461956,18364,166864,163,145868
1789698688,578031,147508,458493,4462044,18366,166932,172,147020
1789698690,578056,147508,458494,4462036,18367,166888,,
1789698692,578203,278384,458515,4462152,18369,167024,95,152492
1789698694,578601,205564,458546,4462220,18372,167076,111,145296
1789698697,579003,278460,458579,4462476,18375,167120,127,119132
1789698699,579400,278456,458611,4462608,18378,167116,142,148500
1789698701,579791,147524,458668,4530784,18381,167224,155,145564
1789698704,580174,278416,458706,4531048,18384,167264,171,145148
1789698706,580575,147532,458752,4531284,18388,167296,184,119020
1789698708,580974,212992,458762,4464808,18391,167380,198,146820
1789698710,581383,278384,458792,4464940,18394,167424,214,146096
1789698713,581527,147536,458805,4465020,18396,167372,,
1789698715,581529,147452,458807,4465044,18396,167412,37,56368
1789698717,582063,370624,458847,4465024,18401,167532,122,151808
1789698720,582889,409400,458904,4465100,18407,167604,152,151308
1789698722,583702,409400,458967,4465132,18413,167632,183,151324
1789698724,584496,171060,459026,4465072,18419,167728,211,125528
1789698726,585275,305216,459081,4465116,18424,167916,240,152856
1789698729,586061,154124,459140,4465056,18431,167876,266,152580
1789698731,586848,147492,459199,4465164,18436,168096,294,126636
1789698733,587618,409352,459254,4465152,18442,168132,322,154752
1789698735,588409,409356,459314,4465156,18447,168244,350,153536
1789698738,588526,147568,459324,4465184,18449,168276,,
1789698740,588528,147512,459327,4465156,18449,168328,99,162596
1789698742,589990,649908,459418,4465192,18459,168468,155,136032
1789698744,591597,409468,459528,4465216,18470,168612,208,162284
1789698747,593188,671348,459636,4465168,18479,168820,262,166620
1789698749,594772,354856,459743,4465124,18491,168956,310,138272
1789698751,596367,671300,459852,4465152,18501,169196,362,138532
1789698754,597949,426868,459958,4465168,18511,169376,414,165064
1789698756,599553,671292,460066,4465068,18521,169472,466,163428
1789698758,601143,436228,460174,4465104,18532,169748,516,138172
1789698760,602508,147584,460269,4467676,18541,169908,557,165340
1789698763,602510,147556,460274,4467588,18541,169840,,
1789698765,602765,671800,460287,4467636,18543,170016,139,183980
1789698767,604563,612168,460413,4467784,18557,170124,213,156144
1789698770,606345,418948,460544,4467820,18570,170512,289,157532
1789698772,608167,629820,460675,4467900,18582,170736,365,184728
1789698774,609977,522692,460800,4467824,18595,171084,431,185776
1789698776,611718,577860,460912,4467876,18605,171332,501,158440
1789698779,613415,671808,461027,4467828,18617,171668,579,185528
1789698781,615096,671844,461146,4467880,18629,171900,644,184944
1789698783,616776,671836,461258,4467896,18641,172256,713,187148
1789698786,617848,148016,461329,4467820,18648,172432,97,66612
1789698788,617850,148092,461331,4467920,18648,172392,,
1789698790,617851,148096,461331,4467820,18648,172364,,
1789698792,617853,148100,461331,4467868,18649,172392,,
1789698795,617854,148104,461332,4467796,18650,172424,,
1789698797,617856,148064,461335,4467920,18650,172396,,
1789698799,617859,148056,461338,4467896,18651,172284,,
1789698801,617861,148060,461340,4467904,18651,172380,,
1789698804,617862,148016,461341,4467872,18651,172380,,
1789698806,617865,148016,461342,4467884,18652,172372,,
1789698808,617867,148052,461343,4467884,18653,172360,,
1789698810,617869,148044,461342,4467892,18654,172348,,
1789698813,617870,148056,461344,4467932,18654,172308,,
1789698815,617873,148012,461348,4467796,18654,172304,,
1789698817,617875,147988,461349,4467852,18656,172356,,
1789698819,617878,148060,461354,4469348,18656,172348,,
1789698824,617881,148104,461355,4469448,18656,172364,,
1789698827,617881,148068,461355,4469432,18658,172372,,
1789698829,617883,148100,461357,4469444,18658,172340,,
1789698831,617885,148020,461357,4469428,18658,172324,,
1789698833,617888,148092,461360,4469336,18660,172408,,
1789698836,617889,148056,461362,4469424,18660,172284,,
1789698838,617891,148048,461363,4469416,18660,172360,,
1789698840,617893,148012,461368,4469468,18662,172272,,
1789698842,617894,148012,461370,4469456,18662,172316,,
1789698845,617897,148104,461375,4469328,18662,172360,,
1789698847,617900,148016,461376,4469416,18662,172360,,
1789698849,617901,148108,461377,4469444,18663,172332,,
1789698852,617903,148012,461377,4469440,18663,172396,,
1789698854,617904,148044,461378,4469400,18663,172404,,
1789698856,617906,148056,461379,4469408,18663,172388,,
1789698858,617907,148024,461380,4469336,18663,172376,,
1789698861,617909,148048,461380,4469464,18664,172388,,
1789698863,617910,147988,461383,4469440,18664,172308,,
1789698865,617912,148100,461384,4469440,18664,172400,,
1789698867,617914,148064,461384,4469408,18665,172384,,
1789698870,617916,148064,461386,4469456,18666,172384,,
1789698872,617918,148072,461389,4469432,18666,172412,,
1789698874,617920,148064,461390,4469428,18667,172392,,
1789698876,617922,148024,461391,4469460,18668,172368,,
1789698879,617924,148012,461392,4469432,18668,172284,,
1789698881,617928,148100,461395,4469376,18670,172424,,
1789698883,617930,148096,461395,4469452,18669,172356,,
1789698886,617931,148012,461395,4469488,18670,172368,,
1789698888,617934,148008,461398,4469456,18671,172380,,
1789698890,617936,148048,461400,4469460,18671,172376,,
1789698892,617938,148020,461403,4469464,18672,172344,,
1789698895,617940,147988,461404,4469416,18672,172324,,
1789698897,617942,148012,461407,4469448,18673,172320,,
1789698899,617945,148004,461407,4469380,18674,172392,,
1789698901,617946,148016,461411,4469488,18675,172348,,
1789698904,617950,147988,461413,4469436,18675,172356,,
1789698906,617951,147992,461414,4469464,18676,172408,,
1789698908,617953,148024,461414,4469500,18676,172280,,
1789698911,617954,148024,461414,4469480,18677,172256,,
1789698913,617956,147988,461416,4469432,18677,172392,,
1789698915,617959,148008,461415,4469472,18680,172392,,
1789698917,617961,148064,461417,4469460,18679,172412,,
1789698920,617962,148100,461417,4469472,18679,172356,,
1789698922,617964,148012,461419,4469428,18680,172440,,
1789698924,617966,148048,461421,4469424,18681,172364,,
1789698926,617969,147984,461422,4469488,18681,172376,,
1789698929,617970,148100,461423,4469452,18681,172308,,
1789698931,617972,148052,461424,4469340,18682,172436,,
1789698933,617974,148020,461425,4469412,18682,172416,,
1789698935,617977,148092,461426,4469448,18682,172400,,
1789698938,617978,148048,461426,4469372,18682,172292,,
1789698940,617981,147988,461431,4469500,18683,172280,,
1789698942,617983,148064,461432,4469364,18684,172312,,
1789698945,617985,148024,461434,4469500,18683,172380,,
1789698947,617987,148060,461436,4469452,18684,172396,,
1789698949,617990,148104,461437,4469384,18684,172296,,
1789698951,617992,148008,461439,4469464,18685,172284,,
1789698954,617994,148016,461440,4469488,18686,172396,,
1789698956,617996,148048,461441,4469352,18686,172376,,
1789698958,617998,148020,461441,4469332,18686,172360,,
1789698961,618000,148072,461442,4469380,18686,172324,,
1789698963,618002,148052,461447,4469428,18687,172400,,
1789698965,618004,148008,461450,4469412,18688,172284,,
1789698967,618006,148060,461451,4469424,18689,172340,,
1789698970,618009,148016,461452,4469476,18690,172332,,
1789698972,618011,148004,461452,4469352,18690,172392,,
1789698974,618014,148068,461454,4469444,18690,172392,,
1789698977,618015,148056,461456,4469488,18691,172344,,
1789698979,618017,148104,461457,4469448,18692,172332,,
1789698981,618019,148004,461459,4469460,18692,172372,,
1789698983,618021,148012,461460,4469424,18693,172364,,
1789698986,618023,148056,461462,4469404,18694,172404,,
1789698988,618025,148096,461464,4469408,18694,172348,,
1789698990,618027,148016,461464,4469452,18695,172384,,
1789698992,618028,148024,461466,4469476,18695,172392,,
1789698995,618030,148024,461466,4469484,18696,172388,,
1789698997,618032,148048,461469,4469492,18695,172376,,
1789698999,618034,148100,461470,4469596,18696,172384,,
1789699002,618036,148048,461470,4469600,18696,172360,,
1789699004,618037,148060,461471,4469636,18696,172260,,
1789699006,618039,148008,461472,4469520,18698,172348,,
1789699008,618041,148004,461476,4469672,18699,172272,,
1789699011,618043,148020,461475,4469608,18698,172340,,
1789699013,618044,148064,461477,4469628,18699,172256,,
1789699015,618046,148016,461478,4469700,18699,172360,,
1789699017,618047,148016,461482,4514264,18699,172336,77,130048
1789699020,618050,148088,461483,4469636,18700,172396,1356,175764
1789699022,618053,148056,461483,4469652,18701,172392,2819,180648
1789699025,618055,148012,461484,4469652,18702,172404,3834,186008
1789699027,618056,148092,461486,4469588,18702,172364,,
1789699029,618059,148056,461491,4469656,18702,172316,,
1789699031,618061,147984,461490,4469660,18703,172384,,
1789699034,618062,148088,461491,4469644,18703,172312,,
1789699036,618065,148016,461492,4469688,18703,172396,,
1789699038,618067,148096,461494,4469688,18704,172368,,
1789699041,618068,148104,461496,4469660,18704,172260,,
1789699043,618070,148016,461498,4469680,18705,172260,,
1789699045,618072,148048,461499,4469628,18706,172344,,
1789699047,618073,148044,461500,4469696,18706,172344,,
1789699050,618077,148008,461499,4469664,18708,172264,,
1789699052,618076,148012,461501,4469664,18707,172352,,
1789699054,618079,148020,461502,4469692,18707,172384,,
1789699056,618080,148064,461503,4469656,18707,172340,,
1789699059,618082,148056,461506,4469704,18708,172416,,
1789699061,618084,148092,461514,4472572,18708,172332,,
1789699063,618086,148016,461515,4472568,18708,172392,,
1789699065,618087,148020,461516,4472556,18709,172356,,
1789699068,618089,148016,461516,4472584,18709,172284,,
1789699070,618091,148052,461520,4472552,18710,172300,,
1789699072,618093,148040,461520,4472568,18711,172336,,
1789699075,618094,148048,461523,4472532,18711,172268,,
1789699077,618096,148068,461524,4472548,18711,172380,,
1789699079,618098,148108,461526,4472556,18713,172324,,
1789699081,618099,148108,461526,4472572,18712,172348,,
1789699084,618101,148008,461526,4472548,18712,172332,,
1789699086,618103,148020,461528,4472460,18714,172400,,
1789699088,618105,148060,461528,4472580,18713,172312,,
1789699091,618107,148044,461529,4472544,18714,172220,,
1789699093,618108,148024,461531,4472580,18715,172328,,
1789699095,618110,147988,461533,4472532,18715,172348,86,64764
1789699097,618258,148020,461593,4472612,18727,172340,927,125072
1789699100,618451,148008,461659,4472548,18742,172320,1764,152720
1789699102,618605,148064,461707,4472572,18751,173972,2266,152596
1789699104,618607,148016,461708,4472580,18752,173860,,
1789699107,618609,148096,461709,4472568,18753,173880,,
1789699109,618612,148060,461715,4472604,18753,173948,,
1789699111,618613,148012,461716,4472588,18755,173924,,
1789699114,618615,148072,461718,4472600,18755,173952,,
1789699116,618617,148056,461717,4472632,18771,197960,,
1789699118,618620,148064,461719,4472576,18771,197860,,
1789699120,618621,148012,461723,4474460,18771,186024,,
1789699123,618623,148092,461725,4474440,18782,188600,,
1789699125,618625,148016,461727,4474488,18784,188560,,
1789699127,618627,148020,461728,4474456,18784,188596,,
1789699129,618628,148044,461729,4474492,18784,188600,,
1789699132,618630,148092,461731,4474388,18784,188620,,
1789699134,618633,148104,461732,4474488,18785,174628,,
1789699136,618635,148096,461734,4474392,18787,174648,,
1789699139,618637,148100,461735,4474348,18785,174708,,
1789699141,618640,148048,461738,4474480,18786,174636,,
1789699143,618640,148096,461738,4474348,18787,174596,,
1789699145,618642,148072,461740,4474440,18787,174624,,
1789699148,618644,148052,461740,4474472,18787,174552,,
1789699150,618645,148012,461744,4474376,18788,174620,,
1789699152,618647,148044,461747,4474432,18801,195684,20,26276
1789699154,618913,148092,462021,4474524,18807,195572,197,152400
1789699157,619525,148060,462613,4474404,18820,181604,339,151724
1789699159,620095,148052,463132,4474408,18830,174464,460,127320
1789699161,620689,148012,463662,4474444,18840,174348,588,156956
1789699164,621309,148104,464221,4474484,18852,174400,732,155136
1789699166,621943,148048,464813,4474384,18864,174464,868,157632
1789699168,622570,148016,465385,4474524,18875,174440,1014,131304
1789699171,623181,148068,465951,4474504,18887,174452,1159,160484
1789699173,623832,148064,466540,4474568,18899,174484,1294,160192
1789699175,624451,148072,467114,4474412,18911,174428,1427,142832
1789699178,625109,148056,467714,4474540,18923,174484,1565,134744
1789699180,625741,148020,468297,4564868,18935,174476,1704,161372
1789699182,626370,148020,468873,4475988,18947,174420,1841,163048
1789699185,626984,148060,469423,4476132,18959,174408,1968,137656
1789699187,627614,148068,470001,4476104,18970,174364,2105,138556
1789699189,628226,148016,470559,4476092,18981,174480,2233,168464
1789699192,628834,148068,471098,4475996,18993,174448,2358,167788
1789699194,629460,148088,471639,4476268,19005,174416,2492,144260
1789699196,630098,147992,472209,4476148,19016,174420,2626,172264
1789699199,630627,148048,472658,4476148,19025,174416,2724,170876
1789699201,630630,148016,472662,4476160,19025,174380,,
1789699203,630851,148108,472896,4476036,19030,174424,187,161688
1789699206,631998,148024,473900,4476176,19048,174392,451,165020
1789699208,633109,148100,474861,4476032,19065,174256,682,140684
1789699210,634256,148056,475853,4476176,19082,174416,935,170032
1789699213,635431,148012,476897,4476180,19100,174308,1197,171172
1789699215,636625,148044,477932,4481248,19119,174384,1446,146916
1789699217,637792,148020,478983,4476292,19138,174336,1726,149692
1789699220,638996,148064,480053,4476244,19157,174356,1999,177816
1789699222,640180,148064,481071,4476288,19174,174284,2264,179808
1789699224,641413,148008,482133,4476332,19194,174172,2530,150536
1789699227,642574,148008,483126,4476304,19211,174240,2780,182628
1789699229,643749,148012,484138,4476156,19229,174232,3027,180584
1789699231,644953,148104,485187,4476440,19248,173972,3300,185488
1789699234,646126,148064,486181,4476304,19265,173960,3549,160552
1789699236,647319,148012,487198,4476468,19283,173912,3804,189984
1789699238,648491,148096,488258,4476176,19303,174016,4061,190856
1789699241,649658,148012,489340,4590688,19321,171776,4322,192344
1789699243,650874,148068,490413,4584224,19340,171804,4567,166016
1789699245,652078,148008,491421,4477944,19358,171824,4822,193140
1789699248,653204,148020,492384,4477452,19374,171812,5051,201112
1789699250,653222,148020,492388,4477552,19375,181664,,
1789699252,653224,148096,492389,4500392,19376,170476,80,64184
1789699255,654787,148040,493770,4477460,19401,170412,526,186508
1789699257,656800,148052,495432,4477536,19428,170440,979,188932
1789699259,658798,148068,497111,4477788,19455,170488,1438,188484
1789699262,660871,148104,498842,4477596,19484,169684,1893,166540
1789699264,662933,148096,500557,4477504,19512,169756,2337,195628
1789699267,664786,148060,502134,4477524,19537,169764,2783,203352
1789699269,666821,148020,503933,4477556,19568,169768,3267,201408
1789699271,668873,148016,505748,4477512,19600,169656,3744,176896
1789699274,670869,148068,507491,4477472,19630,169680,4211,203940
1789699276,672942,148068,509268,4477472,19660,169756,4690,211124
1789699279,674916,147988,510938,4477712,19688,169812,5134,211788
1789699281,676747,148100,512566,4477764,19715,169812,5539,184796
1789699283,678746,148092,514308,4477640,19744,169804,5989,217076
1789699286,680798,148020,516067,4477756,19775,169772,6452,218200
1789699288,682883,148020,517835,4477636,19805,169784,6936,217600
1789699291,684819,148056,519579,4477752,19836,169688,7363,198148
1789699293,686620,148056,521164,4477616,19863,169792,7733,224556
1789699296,688521,148016,522817,4477648,19892,169736,8160,226480
1789699298,690604,148044,524594,4477804,19921,169772,8593,229824
1789699300,690703,148100,524632,4517060,19922,169784,,
1789699302,690704,148020,524664,4585624,19922,169756,,
1789699305,691212,148044,525208,4659144,19932,169788,339,217660
1789699307,693323,148096,527051,4479784,19966,169768,816,228272
1789699310,695362,148056,528793,4479636,19996,169680,1266,202044
1789699312,697436,148064,530633,4479576,20027,169748,1722,205928
1789699315,699569,148044,532410,4479716,20058,169688,2155,237328
1789699317,701729,148100,534220,4479512,20089,169792,2653,237184
1789699320,703994,148068,536062,4479748,20117,169716,3158,212280
1789699322,706127,148004,537853,4479632,20147,169748,3658,215460
1789699324,708190,148108,539578,4479608,20175,169724,4121,247888
1789699327,710263,148056,541343,4479924,20205,169728,4602,245132
1789699329,712550,148100,543211,4479680,20235,169736,5110,223692
1789699332,714700,148056,545032,4479584,20265,169708,5609,224044
1789699334,716900,148048,546889,4479676,20296,169772,,
1789699336,719075,147984,548651,4479588,20323,169728,6580,260856
1789699339,721247,148024,550459,4479628,20353,169740,7065,233284
1789699341,723450,148064,552280,4479568,20382,169732,7568,269920
1789699343,725652,148104,554064,4479644,20411,169676,8052,268076
1789699346,727871,147988,555878,4479596,20440,169728,8546,268056
1789699348,730133,148096,557690,4479724,20470,169764,9042,256284
1789699351,730923,148044,558277,4479584,20479,169724,110,92456
1789699353,730926,147988,558278,4479636,20479,169728,,
1789699355,731085,148020,558470,4479672,20483,169732,284,319092
1789699357,733287,148072,560222,4479652,20512,169760,761,308896
1789699360,735507,148012,562081,4527932,20543,169752,1274,315388
1789699362,737646,148064,563792,4580064,20570,169652,1742,345132
1789699365,739827,148008,565574,4657472,20598,169736,2242,347160
1789699367,742097,148068,567372,4482488,20627,169720,2754,326292
1789699369,744271,148044,569152,4482552,20657,169748,3282,356592
1789699372,746531,148024,570938,4482764,20687,169748,3859,360700
1789699374,748924,148064,572868,4482548,20718,169700,4351,360332
1789699377,751110,148092,574629,4482628,20747,169684,4859,339724
1789699379,753314,148060,576417,4482624,20777,169732,5387,367308
1789699381,755519,148052,578192,4482648,20806,169692,5893,379056
1789699384,757671,148100,579913,4482664,20833,169712,6389,374644
1789699386,759801,148092,581663,4482576,20862,169676,6882,348692
1789699388,762020,148020,583438,4482716,20891,169724,7389,387360
1789699391,764130,148104,585247,4482552,20921,169592,7898,385628
1789699393,766358,148052,587018,4482648,20950,169716,8386,386804
1789699396,768490,148068,588760,4482652,20979,169688,8874,359616
1789699398,770663,148096,590523,4482648,21008,169728,9367,394776
1789699400,772494,147988,591921,4482632,21028,169764,9752,394676
1789699403,772496,148012,591924,4482624,21029,169624,,
1789699405,772498,148020,591924,4482596,21038,184996,,
1789699407,772726,148064,592161,4483008,21044,184616,,
1789699410,773356,148072,592729,4482888,21055,174948,352,155324
1789699412,773973,148052,593280,4483012,21065,169984,513,128048
1789699414,774591,148060,593842,4482996,21076,170040,672,159296
1789699417,775219,148012,594441,4482960,21089,169996,842,156696
1789699419,775885,148064,595070,4483532,21100,170020,1008,157316
1789699421,776466,148024,595624,4522220,21111,170004,1163,132388
1789699424,777078,148064,596231,4612772,21121,169932,1326,159708
1789699426,777711,148048,596748,4485472,21131,169984,1483,161976
1789699428,778321,148068,597309,4485396,21142,169996,1641,149140
1789699431,778947,148012,597870,4485284,21152,169848,1793,134776
1789699433,779571,148092,598445,4485428,21163,169960,1960,163224
1789699435,780194,148108,598996,4485468,21173,169844,2110,162460
1789699438,780801,148100,599533,4485496,21185,169976,2254,138172
1789699440,781422,148060,600095,4485452,21195,169916,2407,164592
1789699442,782030,148104,600634,4485480,21205,169928,2549,167968
1789699445,782653,148020,601226,4485456,21218,169932,2703,168236
1789699447,783300,148016,601840,4485528,21232,169936,2859,140284
1789699450,783908,148068,602410,4485464,21241,169912,3012,142504
1789699452,784414,148044,602838,4485380,21248,169928,3127,171504
1789699454,784416,148012,602839,4485408,21250,169788,,
1789699456,784719,148024,603152,4485604,21256,169788,228,163636
1789699459,785962,148048,604253,4485500,21273,169836,548,166164
1789699461,787174,148024,605329,4485692,21290,169672,884,143612
1789699463,788434,148016,606446,4485636,21309,169184,1193,171812
1789699466,789670,148048,607554,4485672,21326,169188,1518,171536
1789699468,790964,148012,608743,4485632,21346,169180,1858,157024
1789699471,792182,148052,609835,4485684,21364,169168,2183,149360
1789699473,793405,148100,610918,4485936,21380,164636,2497,176380
1789699475,794672,147988,612041,4485508,21399,164684,2818,179000
1789699478,795917,148048,613172,4485644,21417,164720,3155,152560
1789699480,797207,147988,614346,4525280,21437,164608,3479,158124
1789699482,798365,148044,615395,4525556,21453,159304,3755,184764
1789699485,799478,148020,616427,4530664,21469,159300,4039,182236
1789699487,800748,148064,617536,4486988,21486,159360,4348,163808
1789699489,801964,148008,618621,4487184,21505,159352,4657,186384
1789699492,803148,148012,619666,4486976,21520,159388,4958,191160
1789699494,804358,148092,620730,4487092,21537,155160,5249,193848
1789699496,805636,148016,621858,4486976,21556,155084,5541,165976
1789699499,806895,148016,622966,4486948,21574,155136,5839,195316
1789699501,808012,148096,623912,4486968,21589,148612,6089,193276
1789699503,808015,148108,623913,4486956,21590,148520,,
1789699506,808017,148056,623915,4487012,21590,148616,84,129728
1789699508,809495,148044,625245,4486872,21614,148616,597,193344
1789699511,811622,148036,627094,4487016,21645,147892,1183,194856
1789699513,813723,148060,628927,4487112,21673,147832,1724,191784
1789699515,815799,148048,630725,4487192,21701,147816,2271,173428
1789699518,817867,148048,632486,4487200,21729,147772,2795,202768
1789699520,819948,148040,634232,4486932,21757,145616,3369,202804
1789699522,822045,148016,636021,4487012,21785,145540,3922,204276
1789699525,824107,148092,637788,4487176,21815,145536,4493,179376
1789699527,826240,148104,639582,4486900,21842,145660,5040,209088
1789699530,828423,148104,641459,4487008,21871,145632,5587,209824
1789699532,830492,148044,643204,4486948,21900,145136,6137,217212
1789699534,832627,148020,645018,4487052,21927,145068,6678,189968
1789699537,834681,148096,646751,4487080,21955,145212,7206,224668
1789699539,836801,148060,648551,4487016,21983,145208,7742,224692
1789699541,838789,148092,650285,4583672,22009,145200,8241,223800
1789699544,840832,148060,652002,4489296,22036,145048,8765,201140
1789699546,842904,148016,653757,4489356,22064,145160,9265,230864
1789699548,844981,148012,655542,4489340,22093,145092,9818,231992
1789699551,847165,148044,657438,4489244,22122,145136,10339,234568
1789699553,847660,148008,657785,4489244,22128,145220,,
1789699556,847662,148012,657788,4489196,22129,145168,,
1789699558,848302,148056,658423,4489408,22143,145272,386,230800
1789699560,850450,147988,660184,4489428,22170,145408,935,237280
1789699563,852651,148024,661977,4489380,22197,145408,1481,211660
1789699565,854688,148012,663653,4489428,22222,145408,2017,239044
1789699567,856905,148064,665455,4489456,22249,145364,2563,244712
1789699570,859088,148064,667235,4489392,22276,145368,3132,246444
1789699572,861313,148024,669042,4489460,22303,145276,3709,222028
1789699575,863536,147988,670865,4489552,22331,145388,4294,248972
1789699577,865807,148048,672740,4489444,22360,145416,4901,252052
1789699579,868060,148096,674660,4489528,22389,145232,5464,253976
1789699582,870338,148048,676565,4489420,22420,145140,6044,233452
1789699584,872587,148064,678453,4489560,22449,145252,6633,261676
1789699587,874907,148016,680371,4489572,22479,145112,7225,263828
1789699589,877244,148072,682288,4489364,22509,145232,7824,262720
1789699591,879500,148104,684099,4489532,22534,145136,8379,238688
1789699594,881645,148056,685867,4489392,22562,145240,8941,267316
1789699596,883800,148056,687634,4489552,22589,145276,9474,274148
1789699598,886122,148016,689537,4489452,22618,145192,10040,270508
1789699601,888387,148048,691405,4524396,22645,145236,10607,249424
1789699603,889650,148044,692391,4590824,22659,145252,94,92400
1789699605,889651,148064,692407,4591056,22659,145240,,
1789699608,889653,148068,692421,4599632,22660,145116,92,93360
1789699610,891253,148020,693854,4591232,22689,145576,769,322076
1789699612,893324,148044,695600,4639908,22716,145592,1318,356380
1789699615,895586,148060,697412,4493644,22745,145524,1907,358192
1789699617,897690,148060,699133,4493484,22772,145432,2449,334620
1789699619,899876,148012,700900,4493624,22800,145484,3000,335848
1789699622,902023,148272,702621,4493756,22827,145476,3555,367148
1789699624,904158,148316,704374,4493624,22854,145444,4123,370024
1789699627,906287,148256,706125,4493576,22880,145384,4684,345072
1789699629,908544,148284,707971,4493824,22909,145320,5306,376140
1789699631,910714,148308,709733,4493652,22937,145256,5871,375200
1789699634,912918,148368,711552,4493724,22966,145308,6458,381704
1789699636,914925,148312,713244,4493720,22993,145324,7011,355948
1789699639,916795,148328,714749,4493580,23018,145224,7484,367136
1789699641,918725,148284,716365,4493768,23045,145356,7975,386336
1789699643,920722,148360,718052,4493680,23072,145268,8526,388256
1789699646,922723,148324,719730,4493508,23100,145336,9063,382076
1789699649,924744,148280,721425,4493572,23127,145228,9560,370300
1789699651,926717,148588,723063,4493672,23155,145280,10069,370228
1789699653,928392,148572,724367,4493632,23175,145352,10437,399124
1789699656,928394,148596,724368,4493524,23176,145236,,
1789699658,928395,148552,724368,4503088,23184,180728,77,90944
1789699660,928950,148544,725101,4549616,23192,177448,192,123812
1789699663,929600,148540,725827,4495824,23199,165372,295,152432
1789699665,930247,148576,726560,4495796,23209,147672,391,152492
1789699668,930924,148544,727330,4495848,23217,147592,498,149312
1789699670,931572,148548,728058,4495816,23225,147712,594,126804
1789699672,932254,148624,728836,4495820,23233,147712,704,154136
1789699675,932971,148596,729654,4495868,23242,147672,824,155468
1789699677,933679,148520,730447,4495744,23252,145384,935,157064
1789699680,934386,148616,731268,4495744,23260,145400,1046,129088
1789699682,935061,148576,732058,4495824,23269,145276,1162,156996
1789699685,935753,148596,732890,4495768,23278,145392,1281,160592
1789699687,936431,148576,733681,4495836,23286,145288,1387,159364
1789699690,937100,148596,734497,4495820,23295,145384,1504,130384
1789699692,937780,148584,735320,4495820,23305,145420,1621,134844
1789699695,938506,148592,736135,4495804,23313,145336,1731,162176
1789699698,939201,148548,736954,4495860,23322,145380,1849,162476
1789699700,939904,148532,737801,4495824,23331,145356,1964,156900
1789699703,940599,148600,738644,4495844,23340,145344,2077,136704
1789699705,940787,148536,738817,4495868,23343,145348,87,93364
1789699708,940788,148544,738818,4495868,23343,145412,,
1789699710,940790,148572,738870,4496524,23345,145332,146,163896
1789699712,942124,148548,740625,4496556,23362,145320,398,168092
1789699715,943711,148632,742239,4496488,23374,145300,605,141556
1789699718,945160,148576,743847,4496572,23387,145380,817,170236
1789699720,946487,148624,745357,4642624,23398,145392,1013,172752
1789699723,947813,148624,746891,4498256,23411,145416,1237,152680
1789699726,949192,148544,748449,4498400,23425,145288,1458,145916
1789699728,950623,148540,750012,4498236,23438,145428,1674,171548
1789699731,952072,148548,751608,4498352,23452,145320,1883,174016
1789699733,953463,148628,753263,4498364,23466,145380,2118,175960
1789699736,955016,148628,754860,4498216,23480,145232,2322,150944
1789699739,956324,148576,756311,4498316,23494,145372,2525,150132
1789699741,957681,148544,757818,4498420,23509,145224,2744,179444
1789699743,959040,148548,759315,4498348,23524,145260,2947,179440
1789699746,960334,148584,760748,4498304,23537,145284,3151,152644
1789699748,961682,148596,762233,4498344,23550,145284,3339,152876
1789699751,963009,148552,763700,4498304,23565,145212,3545,181956
1789699753,964374,148576,765189,4498196,23579,145068,3750,185556
1789699756,965357,148548,766210,4498260,23588,145220,3878,164344
1789699758,965359,148572,766212,4498284,23589,145216,94,66016
1789699760,965360,148580,766214,4498284,23589,145216,,
1789699762,965362,148624,766290,4651664,23589,145164,40,63444
1789699765,966451,148580,767480,4498844,23604,145108,336,186680
1789699767,968605,148552,769911,4498824,23624,145140,668,190712
1789699769,970682,148624,772393,4498976,23644,145164,988,163900
1789699772,972811,148596,774977,4498816,23663,145028,1307,166824
1789699774,975017,148572,777323,4498880,23685,144980,1653,192632
1789699777,977260,148552,779701,4498716,23706,145064,1987,197556
1789699779,979478,148544,782118,4498760,23729,145084,2352,171924
1789699781,981713,148588,784600,4610684,23751,144756,2702,172460
1789699784,983864,148572,786911,4649884,23771,144720,3042,201632
1789699786,986103,148572,789316,4650036,23793,144772,3388,201176
1789699788,988333,148584,791754,4651988,23813,144828,3725,175664
1789699791,990317,148536,793866,4652108,23831,144408,4031,207204
1789699793,992398,148596,796107,4652020,23850,144432,4352,205336
1789699795,994505,148516,798348,4652184,23869,144384,4674,213052
1789699798,996606,148596,800567,4652016,23888,144440,4995,183032
1789699800,998561,148584,802700,4684192,23905,144412,5291,210888
1789699803,1000700,148536,804778,4501340,23925,143512,5613,217128
1789699805,1002772,148588,806978,4501308,23943,143488,5921,215260
1789699807,1004884,148624,809237,4501252,23963,143528,6244,190552
1789699810,1005996,148632,810308,4501228,23974,143484,88,93944
1789699812,1005998,148600,810308,4501276,23973,141944,,
1789699814,1006000,148592,810374,4656828,23973,142032,52,63376
1789699817,1006002,148584,810589,4658044,23973,141992,94,90528
1789699819,1007750,148596,812196,4503224,23994,142028,474,202980
1789699821,1010039,148636,814549,4503388,24013,140560,822,232860
1789699824,1012402,148540,816987,4503332,24034,140548,1165,234284
1789699826,1014829,148620,819490,4503228,24055,140548,1526,208384
1789699829,1017321,148592,822035,4503332,24076,140588,1886,238888
1789699831,1019718,148552,824496,4503344,24099,140388,2262,238816
1789699833,1022051,148592,826908,4503316,24118,140360,2618,241400
1789699836,1024403,148516,829316,4503300,24138,140252,2987,218516
1789699838,1026857,148584,831835,4503260,24159,140388,3361,242664
1789699840,1029094,148632,834128,4556332,24178,140244,3691,250224
1789699843,1031505,148548,836578,4582220,24197,140316,4052,244864
1789699845,1033833,148636,838976,4643144,24217,140248,4410,219848
1789699848,1036221,148600,841477,4652080,24238,140340,4783,223992
1789699850,1038657,148588,843983,4652148,24260,140264,5160,251732
1789699852,1040994,148620,846453,4689968,24280,140380,5516,253684
1789699855,1043330,148624,849014,4657252,24301,140296,5869,231604
1789699857,1045702,148572,851468,4657356,24321,140324,6217,257212
1789699860,1048041,148576,853704,4506100,24341,140320,6571,259712
1789699862,1050425,148568,856104,4505980,24360,140388,6901,258124
1789699864,1050482,148552,856104,4506052,24361,140364,,
1789699867,1050484,148588,856105,4505996,24362,140348,,
1789699869,1050486,148624,856199,4661028,24362,140356,58,63984
1789699871,1050487,148624,856120,4507956,24367,140664,273,327784
1789699874,1052710,148572,858500,4508168,24393,140616,632,311708
1789699876,1055105,148544,860966,4508088,24415,140580,980,345772
1789699879,1057279,148536,863250,4508292,24435,140660,1298,345816
1789699881,1059554,148544,865584,4508216,24455,140636,1628,349936
1789699883,1061755,148584,867872,4508164,24474,140420,1953,324220
1789699886,1063993,148568,870184,4508188,24495,140452,2307,351684
1789699888,1066355,148624,872546,4508224,24515,140448,2671,356520
1789699890,1068746,148548,874942,4508112,24534,140484,3044,357448
1789699893,1071097,148548,877314,4508140,24554,140256,3418,333436
1789699895,1073364,148516,879627,4508256,24574,140380,3764,362840
1789699897,1075686,148624,882004,4508284,24594,140376,4127,365312
1789699900,1078017,148552,884416,4544404,24615,140360,4492,337624
1789699902,1080181,148592,886648,4568284,24633,140360,4827,344308
1789699904,1082310,148568,888866,4649576,24652,140276,5150,371980
1789699907,1084521,148588,891209,4658968,24671,140200,5505,371288
1789699909,1086851,148580,893614,4658940,24693,140288,5854,351948
1789699912,1089144,148632,896011,4658772,24713,140216,6212,351924
1789699914,1091453,148544,898361,4659816,24733,140340,6556,377284
1789699916,1093759,148532,900749,4659896,24753,140224,6906,380088
1789699919,1093885,148588,900841,4661088,24753,140232,,
1789699921,1093888,148616,900865,4661104,24761,175748,14,27068
1789699923,1093890,148596,901085,4817380,24761,175736,41,63508
1789699926,1094282,148628,901561,4664268,24787,176004,467,158608
1789699928,1094966,148536,902560,4664164,24830,175916,992,162776
1789699931,1095694,148536,903516,4664192,24876,162992,1527,165992
1789699933,1096366,148544,904241,4513912,24921,150136,2025,140260
1789699935,1097035,148592,905181,4513868,24962,144944,2513,172424
1789699938,1097710,148572,906094,4513848,25005,140328,3044,177360
1789699940,1098413,148548,906984,4513872,25046,140292,3591,184936
1789699942,1099089,148632,907875,4513940,25088,140296,4082,169504
1789699945,1099750,148628,908833,4513872,25130,140304,4552,189176
1789699947,1100425,148548,909738,4513864,25171,140244,5066,194800
1789699949,1101104,148624,910614,4513964,25212,140252,5574,197180
1789699952,1101784,148624,911527,4513984,25253,140172,6052,174672
1789699954,1102445,148552,912439,4513776,25295,140252,6555,211788
1789699956,1103116,148628,913469,4514052,25341,140264,7083,210336
1789699959,1103862,148588,914437,4514144,25381,140208,7542,210784
1789699961,1104522,148620,915403,4551996,25420,140200,7993,196648
1789699964,1105188,148576,916334,4654356,25460,140208,8470,227500
1789699966,1105852,148596,917314,4664820,25503,140148,8918,227520
1789699969,1106510,148536,918266,4665376,25543,140088,9377,237288
1789699971,1106698,148540,918498,4665264,25553,140020,,
1789699973,1106701,148544,918463,4566860,25554,140124,89,70080
1789699976,1107672,148592,920023,4517588,25613,140108,957,148904
1789699978,1108879,148516,921869,4517768,25677,140076,1881,178412
1789699980,1110114,148520,923778,4517564,25747,140068,2780,184220
1789699983,1111370,148596,925665,4517636,25815,140120,3680,166344
1789699985,1112639,148636,927570,4517668,25882,140064,4516,175656
1789699988,1113843,148592,929401,4517480,25949,139972,5420,202532
1789699990,1115067,148588,931235,4517704,26015,140092,6329,212044
1789699992,1116315,148548,933095,4517620,26080,140064,7220,225388
1789699995,1117587,148568,934877,4517556,26143,140072,8178,198056
1789699997,1118849,148540,936673,4517540,26209,140044,9123,238916
1789700000,1120076,148536,938552,4517756,26279,139964,10044,237116
1789700002,1121170,148580,940348,4517692,26344,140020,10851,250920
1789700005,1122225,148596,942081,4517560,26406,140044,11594,225160
1789700007,1123202,148588,943711,4517664,26464,139932,12323,248816
1789700010,1124361,148580,945644,4517748,26534,140012,13157,272944
1789700012,1125474,148544,947437,4517660,26596,139996,13929,275344
1789700015,1126490,148588,949308,4517632,26663,140052,14843,249828
1789700018,1127790,148572,951566,4517768,26734,140016,15711,249916
1789700020,1128118,148632,952013,4521596,26747,139896,99,91644
1789700023,1128119,148548,952014,4521568,26747,139900,,
1789700025,1128121,148628,952018,4554456,26747,139960,77,130328
1789700028,1129251,148584,953909,4521760,26807,140052,1169,175008
1789700030,1130720,148548,956292,4521944,26876,140060,2389,205656
1789700033,1132538,148572,959032,4521812,26954,140100,3812,212556
1789700035,1134266,148576,961623,4521652,27028,140052,5021,191688
1789700038,1135823,148536,964166,4521748,27102,139888,6245,202772
1789700040,1137480,148544,966790,4521932,27177,139896,7559,241108
1789700043,1139228,148572,969422,4521896,27253,139984,8887,246096
1789700045,1141113,148584,972201,4521856,27332,139960,10218,263888
1789700048,1142662,148572,974571,4533568,27401,139796,11331,230276
1789700050,1144226,148632,976962,4522016,27470,139892,12499,284408
1789700053,1145752,148536,979377,4521780,27539,139876,13623,274808
1789700055,1147358,148576,982055,4521892,27619,139924,14880,276980
1789700058,1149022,148628,984742,4522048,27696,139836,16124,271416
1789700060,1150584,148632,987347,4521980,27773,139828,17352,269776
1789700063,1152357,148516,990121,4521932,27854,139844,18585,304652
1789700065,1153850,148628,992533,4521608,27924,139828,19715,329360
1789700068,1155761,148624,995384,4521788,28002,139800,21018,338984
1789700070,1157608,148540,998072,4521788,28082,139856,22313,300664
1789700073,1157921,148632,998405,4521460,28088,139856,88,93256
1789700075,1157923,148632,998406,4521472,28088,139716,,
1789700077,1157925,148588,998408,4521624,28088,139696,136,182592
1789700080,1159650,148536,1000913,4608464,28156,140004,1765,215880
1789700082,1161865,148628,1003924,4524416,28229,140000,3458,256800
1789700085,1164046,148548,1006867,4524304,28297,139908,5100,261876
1789700087,1166108,148572,1009718,4524316,28366,140040,6685,268172
1789700090,1168219,148588,1012590,4524440,28433,139848,8256,249116
1789700092,1170368,148592,1015488,4524536,28504,139936,9912,287608
1789700095,1172525,148548,1018489,4524392,28576,139944,11549,303828
1789700097,1174636,148512,1021303,4524348,28642,139896,13161,303648
1789700099,1176708,148592,1024160,4524440,28709,139832,14794,293944
1789700102,1178827,148552,1027098,4524320,28776,139820,16384,328668
1789700104,1180864,148548,1029869,4524348,28841,139768,17881,342144
1789700107,1182926,148592,1032710,4524404,28908,139780,19404,345216
1789700109,1184978,148624,1035474,4524520,28974,139792,20885,316712
1789700112,1187058,148628,1038359,4524472,29041,139752,22407,371864
1789700114,1189143,148588,1041220,4524368,29108,139780,23956,370928
1789700117,1191355,148592,1044209,4524472,29179,139684,25522,372776
1789700119,1193511,148548,1047147,4524560,29248,139752,27079,374144
1789700121,1195633,148620,1050041,4524520,29317,139724,28634,408924
1789700124,1196812,148516,1051522,4524276,29350,139624,89,92500
1789700126,1196814,148540,1051525,4524288,29350,139720,,
1789700129,1196815,148592,1051526,4524300,29351,139744,67,118156
1789700131,1197842,148572,1053038,4524280,29399,139960,1150,361192
1789700133,1199823,148620,1055831,4524324,29467,140040,2724,369876
1789700136,1202003,148540,1058856,4524812,29542,140040,4449,377412
1789700138,1204066,148548,1061835,4524416,29614,140056,6060,362816
1789700141,1206178,148628,1064735,4526700,29684,140040,7691,390048
1789700143,1208110,148592,1067485,4527000,29754,140000,9279,399752
1789700146,1210184,148588,1070391,4526844,29823,140016,10928,405748
1789700148,1212213,148596,1073220,4526668,29893,139624,12648,397048
1789700151,1214385,148588,1076238,4526704,29966,139756,14308,453132
1789700153,1216478,148588,1079209,4526676,30037,139768,16010,438412
1789700156,1218624,148544,1082198,4526924,30112,139640,17714,460808
1789700158,1220747,148548,1085162,4526772,30182,139752,19337,419556
1789700160,1222776,148548,1088040,4526868,30252,139716,20953,428592
1789700163,1224830,148580,1090907,4527200,30319,139664,22558,482496
1789700165,1226912,148584,1093810,4526724,30388,139636,24216,481116
1789700168,1228997,148544,1096716,4526980,30457,139588,25805,464140
1789700170,1231000,148548,1099541,4527048,30527,139548,27392,488096
1789700173,1233121,148588,1102473,4526852,30596,139596,28973,520432
1789700175,1234859,148588,1104811,4526684,30650,139656,30197,515548
1789700177,1234861,148616,1104812,4526616,30650,139616,,
1789700180,1234862,148548,1104815,4551228,30658,139560,83,82164
1789700182,1235212,148536,1105273,4526636,30714,139968,367,127772
1789700184,1235630,148624,1105794,4526716,30774,140276,624,155756
1789700187,1236075,148548,1106363,4526760,30837,141024,902,155440
1789700189,1236495,148540,1106942,4526636,30900,141560,1183,130072
1789700191,1236927,148516,1107560,4526704,30965,142136,1475,131536
1789700194,1237319,148536,1108108,4526788,31022,142648,1719,158192
1789700196,1237716,148568,1108699,4526880,31080,143240,1990,159604
1789700199,1238135,148552,1109371,4526652,31146,143836,2298,158288
1789700201,1238615,148832,1110031,4526432,31209,144400,2576,135804
1789700204,1239064,149128,1110607,4526500,31280,145032,2883,161980
1789700206,1239543,149072,1111216,4526420,31353,145744,3200,165488
1789700209,1240019,149160,1111826,4526364,31424,146536,3517,164404
1789700211,1240495,149336,1112439,4526404,31497,147472,3831,141264
1789700213,1240922,149384,1112971,4526432,31559,148348,4106,166544
1789700216,1241367,149692,1113547,4526484,31628,149184,4415,164920
1789700218,1241865,149680,1114144,4526380,31697,150060,4703,138032
1789700221,1242353,149628,1114748,4526428,31770,150868,5006,141984
1789700223,1242810,149648,1115303,4526356,31832,151884,5269,168120
1789700226,1243155,149604,1115695,4526476,31871,152508,5439,170376
1789700228,1243175,149648,1115752,4526484,31872,152504,,
1789700230,1243197,149656,1115841,4650752,31872,152476,81,89528
1789700233,1243840,149688,1116579,4526544,31956,153844,588,140844
1789700235,1244666,149592,1117541,4526480,32064,155436,1161,168768
1789700237,1245510,149604,1118506,4526468,32175,156972,1712,170228
1789700239,1246340,149608,1119450,4526440,32278,158572,2243,142352
1789700242,1247150,149900,1120378,4526444,32381,160144,2770,171496
1789700244,1247970,150216,1121317,4526420,32490,161688,3298,173916
1789700246,1248835,150216,1122304,4526332,32598,163264,3839,173988
1789700249,1249656,150160,1123265,4526408,32702,164792,4389,148932
1789700251,1250525,150208,1124274,4526284,32819,166376,4928,176572
1789700253,1251393,150204,1125276,4526436,32936,168016,5469,178484
1789700256,1252260,150172,1126283,4526392,33053,169544,5993,153864
1789700258,1253130,150208,1127271,4526464,33167,171100,6520,154260
1789700260,1254003,150208,1128263,4610028,33278,172708,7026,180464
1789700263,1254863,150100,1129281,4673584,33390,174192,7557,181860
1789700265,1255669,150216,1130186,4528160,33494,175864,8080,161748
1789700267,1256518,150212,1131133,4528140,33601,177380,8624,160196
1789700270,1257360,150168,1132094,4528068,33710,178916,9179,186728
1789700272,1258248,150204,1133101,4528112,33824,180592,9723,191192
1789700275,1259150,150136,1134109,4528236,33940,182420,10275,165580
1789700277,1259586,150172,1134591,4527964,33986,183024,91,92396
1789700279,1259606,150160,1134654,4528052,33988,183052,,
1789700282,1259623,150212,1134732,4673728,33987,182912,41,63492
1789700284,1260469,150180,1135699,4528128,34100,184752,797,190556
1789700286,1261788,150168,1137225,4528144,34260,187052,1749,194700
1789700289,1263128,150128,1138776,4528296,34424,189492,2701,195140
1789700291,1264482,150120,1140287,4528240,34583,191852,3634,169976
1789700293,1265794,150204,1141737,4528132,34738,194160,4517,199620
1789700296,1267114,150128,1143219,4528220,34898,196532,5414,200716
1789700298,1268485,150176,1144772,4528188,35063,198824,6326,202120
1789700300,1269853,150204,1146291,4528108,35224,201184,7231,175288
1789700303,1271216,150172,1147825,4528096,35387,203628,8126,206524
1789700305,1272588,150212,1149338,4528144,35546,206192,9019,211696
1789700307,1274022,150128,1150947,4528088,35713,208796,9936,209280
1789700310,1275411,150176,1152495,4528252,35877,211384,10847,192324
1789700312,1276748,150212,1154001,4528088,36035,213656,11700,214312
1789700314,1278121,150156,1155535,4528080,36196,216284,12571,216708
1789700317,1279475,150132,1157060,4528124,36359,218776,13467,205324
1789700319,1280844,150204,1158596,4528296,36520,221328,14339,199020
1789700322,1282212,150212,1160116,4651484,36678,223908,15243,223012
1789700324,1283627,150128,1161687,4682016,36841,226452,16131,223724
1789700326,1284883,150176,1163112,4530096,36993,228856,16964,203860
1789700329,1285482,150172,1163779,4529996,37058,229860,89,93416
1789700331,1285502,150160,1163848,4529936,37058,229820,,
1789700333,1285521,150132,1163985,4680956,37059,229856,65,129992
1789700335,1286566,150168,1165201,4530416,37204,232120,1056,209156
1789700338,1288211,150120,1167083,4530464,37396,234792,2156,241240
1789700340,1289878,150132,1168872,4530416,37579,237808,3293,242204
1789700343,1291552,150132,1170634,4530352,37751,240380,4381,214800
1789700345,1293210,150168,1172375,4530476,37928,243308,5471,215912
1789700348,1294699,150120,1174071,4530348,38108,245948,6556,248000
1789700350,1296265,150132,1175741,4530348,38280,248652,7473,252156
1789700353,1297608,150132,1177225,4530460,38440,251008,8410,253152
1789700355,1299114,150132,1178890,4530296,38617,253624,9408,228700
1789700357,1300552,150132,1180445,4530304,38779,256204,10366,256132
1789700360,1301916,150128,1181991,4530260,38947,258672,11309,255508
1789700362,1303419,150104,1183662,4530584,39130,261680,12370,251852
1789700365,1304937,150160,1185324,4530356,39294,264140,13282,231976
1789700367,1306483,150104,1187067,4530276,39475,266976,14313,272648
1789700370,1308060,150212,1188834,4530376,39661,269912,15342,268536
1789700372,1309658,150160,1190583,4530428,39841,272612,16388,259588
1789700375,1310929,150208,1192064,4530272,40000,275120,17278,239564
1789700377,1312597,150120,1193866,4530388,40194,277992,18380,267712
1789700380,1313619,150160,1194941,4551724,40293,279488,88,92676
1789700382,1313639,150180,1195019,4637636,40294,279456,,
1789700384,1313660,150204,1195112,4824836,40294,279392,42,63892
1789700387,1314222,150172,1195820,4683996,40372,280932,728,342956
1789700389,1315679,150180,1197456,4683784,40541,283568,1709,349284
1789700391,1317165,150212,1199116,4683780,40721,295732,2741,322112
1789700394,1318668,150184,1200751,4683708,40913,305280,3735,325172
1789700396,1320120,150212,1202344,4683816,41091,303808,4734,359648
1789700399,1321723,150172,1204116,4683660,41275,306516,5812,366856
1789700401,1323187,150168,1205744,4683904,41442,309092,6810,335332
1789700404,1324618,150216,1207184,4533364,41612,311440,7808,337836
1789700406,1326207,150132,1208921,4533056,41793,310156,8841,361844
1789700409,1327749,150128,1210623,4533208,41972,312868,9912,373804
1789700411,1329276,150128,1212307,4533256,42152,315612,10966,363724
1789700413,1330867,150136,1214004,4533180,42327,318020,11986,345948
1789700416,1332338,150124,1215627,4533196,42496,320676,12965,375708
1789700418,1333908,150116,1217381,4533196,42681,323440,14044,376772
1789700421,1335491,150212,1219099,4533104,42865,326068,15134,368320
1789700423,1337079,150208,1220852,4533068,43047,328960,16221,355832
1789700426,1338711,150116,1222670,4533124,43235,331752,17328,379048
1789700428,1340226,150132,1224325,4533048,43407,334360,18311,393784
1789700431,1341806,150128,1226041,4533092,43578,336856,19250,362652
1789700433,1341885,150212,1226091,4533028,43578,336736,,
1789700436,1341905,150100,1226152,4533064,43579,336844,,
1789700438,1341917,150120,1226249,4686032,43605,364804,64,129852
1789700440,1342339,150216,1226608,4602296,43606,355464,642,164876
1789700443,1343090,150124,1227257,4684980,43607,346976,1391,171840
1789700445,1343769,150208,1227972,4685768,43608,338152,2082,178228
1789700448,1344459,150120,1228626,4534892,43608,338188,2761,156820
1789700450,1345153,150208,1229319,4534752,43609,338216,3422,190332
1789700452,1345802,150132,1230036,4534944,43609,338212,4108,195680
1789700455,1346533,150176,1230709,4534832,43610,338072,4824,212588
1789700457,1347251,150124,1231368,4534888,43611,338056,5516,184960
1789700459,1347964,150172,1232026,4534964,43612,338000,6208,228072
1789700462,1348690,150124,1232685,4534784,43612,338048,6885,243276
1789700464,1349407,150100,1233339,4534924,43613,338052,7563,233068
1789700467,1350121,150128,1234014,4546480,43613,338048,8236,216400
1789700469,1350853,150132,1234706,4534952,43614,338028,8908,269860
1789700471,1351568,150184,1235381,4534892,43614,338024,9557,265524
1789700474,1352282,150220,1236047,4534900,43615,338032,10212,262912
1789700476,1352995,150204,1236699,4534864,43616,338080,10862,266720
1789700478,1353713,150136,1237354,4534940,43616,337948,11524,293780
1789700481,1354435,150208,1238011,4534920,43617,337868,12199,294084
1789700483,1355181,150132,1238672,4534920,43617,338024,12846,299016
1789700485,1355429,150136,1238873,4534892,43618,338044,105,92704
1789700488,1355431,150152,1238874,4534916,43618,338044,37,59468
1789700490,1356318,150164,1239740,4535040,43619,338088,1196,186584
1789700492,1357614,150132,1240949,4535216,43621,338112,2549,200320
1789700495,1358973,150156,1242157,4535020,43621,338088,3806,207448
1789700497,1360309,150128,1243389,4535088,43622,338084,5100,196876
1789700500,1361679,150176,1244609,4535136,43622,337888,6314,211136
1789700502,1363002,150212,1245801,4536900,43622,337936,7583,259252
1789700505,1364307,150172,1246975,4536896,43623,337888,8826,258988
1789700507,1365616,150120,1248182,4536860,43624,337856,10096,252944
1789700509,1366947,150172,1249359,4536908,43625,337928,11312,277740
1789700512,1368252,150100,1250512,4537032,43625,337952,12506,310040
1789700514,1369567,150168,1251685,4536924,43625,337948,13727,349544
1789700517,1370901,150160,1252864,4536848,43626,337848,14912,318904
1789700519,1372212,150128,1254041,4536724,43627,337924,16110,341940
1789700521,1373523,150120,1255210,4536884,43628,337948,17294,386012
1789700524,1374870,150180,1256403,4536896,43628,337924,18463,382716
1789700526,1376202,150208,1257571,4536992,43629,337792,19644,364044
1789700528,1377515,150204,1258749,4536808,43629,337828,20844,454964
1789700531,1378864,150116,1259963,4536912,43631,337928,22044,437620
1789700533,1380205,150176,1261120,4536924,43631,337948,23124,444012
1789700535,1380221,150208,1261121,4536884,43632,337944,,
1789700538,1380223,150176,1261124,4536776,43632,337932,18,33444
1789700540,1381452,150216,1262310,4537032,43634,338036,1753,227188
1789700543,1383728,150212,1264213,4537016,43635,338096,4080,236552
1789700545,1386050,150208,1266206,4536956,43637,337964,6370,257888
1789700548,1388430,150168,1268245,4537116,43636,338068,8554,240760
1789700550,1390755,150136,1270182,4537084,43637,338072,10665,282476
1789700553,1392950,150212,1272101,4537052,43638,338040,13017,314832
1789700555,1395381,150184,1274143,4537100,43638,338084,15212,333728
1789700558,1397681,150168,1276134,4537140,43639,338044,17429,335448
1789700560,1400121,150164,1278137,4536968,43640,337904,19674,376596
1789700563,1402930,150172,1280341,4537140,43641,338024,22317,421272
1789700565,1405745,150176,1282508,4537092,43642,338044,24886,418500
1789700567,1408456,150204,1284629,4537088,43642,337944,27353,439428
1789700570,1411022,150172,1286686,4536932,43643,337960,29633,472060
1789700572,1413600,150124,1288725,4537044,43643,338016,31916,535368
1789700574,1416178,150172,1290790,4537020,43644,337956,34184,530132
1789700577,1418769,150128,1292850,4537112,43645,337968,36487,539292
1789700579,1421385,150136,1294939,4537040,43646,337952,38750,514400
1789700582,1423977,150172,1297005,4537012,43647,337808,41002,581796
1789700584,1426164,150176,1298680,4537044,43647,337984,42725,623400
1789700586,1426165,150128,1298681,4537016,43648,337920,,
1789700589,1426168,150100,1298682,4537044,43649,337916,70,64124
1789700591,1427893,150132,1299969,4537000,43654,337992,2250,257892
1789700593,1430720,150100,1301937,4537176,43654,338084,5048,286424
1789700596,1433570,150216,1303940,4537000,43656,338044,7724,300484
1789700598,1436557,150180,1306004,4537036,43657,338072,10418,296952
1789700601,1439425,150152,1308006,4537128,43657,338080,12937,335116
1789700603,1442221,150100,1309951,4537152,43658,338056,15518,381836
1789700605,1445062,150168,1311945,4536960,43660,338104,18189,387556
1789700608,1448170,150180,1314111,4537168,43660,338056,21033,383364
1789700610,1451187,150180,1316194,4537136,43661,337948,23667,482332
1789700613,1454121,150208,1318271,4537044,43662,338000,26311,454548
1789700615,1457207,150180,1320421,4537052,43664,337840,28956,461032
1789700617,1460171,150208,1322498,4537096,43665,337856,31510,472724
1789700620,1463123,150132,1324563,4597604,43666,337996,34048,509424
1789700622,1466163,150128,1326696,4537656,43667,337928,36717,578416
1789700625,1469242,150208,1328874,4537556,43668,337836,39285,571804
1789700627,1472434,150156,1331057,4537480,43670,337972,41899,557360
1789700630,1475554,150172,1333238,4537544,43671,337840,44527,672576
1789700632,1478578,150124,1335352,4537552,43672,337952,47004,657092
1789700634,1481578,150172,1337450,4537444,43674,337976,49347,663276
1789700637,1481774,150100,1337501,4537456,43674,337940,,
1789700639,1481776,150164,1337501,4537396,43675,337924,,
1789700641,1482475,150136,1338104,4537636,43687,338252,1214,375456
1789700644,1485417,150132,1340193,4537576,43688,338244,4211,381672
1789700646,1488216,150212,1342150,4537516,43690,338164,6939,403952
1789700649,1490972,150160,1344107,4537504,43691,338196,9628,432944
1789700651,1493888,150176,1346248,4537568,43693,338172,12526,440356
1789700653,1496927,150100,1348321,4537608,43696,338140,15317,463560
1789700656,1499800,150176,1350338,4537584,43698,338072,18203,464552
1789700658,1502696,150176,1352387,4537576,43701,338060,21092,526696
1789700661,1505511,150152,1354355,4537580,43704,337976,23826,535304
1789700663,1508288,150204,1356312,4537512,43707,337996,26544,568236
1789700666,1511111,150104,1358304,4537584,43709,337980,29332,539196
1789700668,1514109,150216,1360426,4537564,43712,337996,32123,628368
1789700670,1517032,150132,1362500,4537540,43712,330412,34828,622028
1789700673,1519965,150124,1364574,4537616,43714,322540,37629,631456
1789700675,1522820,150104,1366604,4537568,43714,313724,40346,664476
1789700678,1525884,150100,1368755,4537564,43715,313600,43080,684100
1789700680,1528809,150212,1370837,4667708,43716,313692,45754,700468
1789700682,1531674,150216,1372858,4537536,43717,313716,48425,781128
1789700685,1534534,150180,1374867,4537592,43718,309484,51051,765644
1789700687,1535694,150168,1375609,4537520,43719,309468,105,92884
1789700689,1535696,150212,1375610,4537528,43741,363272,,
1789700692,1535734,150120,1375623,4537504,43755,346840,481,174424
1789700694,1536249,150100,1375773,4537516,43784,332912,2217,173500
1789700696,1536765,150096,1375913,4537496,43812,311620,3931,226252
1789700699,1537286,150172,1376059,4537480,43841,307828,5628,252020
1789700701,1537834,150128,1376207,4537472,43871,307976,7272,276452
1789700703,1538373,150120,1376350,4537488,43899,307912,8906,267972
1789700706,1538881,150204,1376494,4537476,43927,307832,10569,332408
1789700708,1539395,150156,1376642,4537492,43956,313412,12261,369000
1789700710,1539926,150096,1376781,4537516,43984,303368,13906,378208
1789700713,1540438,150164,1376923,4537516,44012,303324,15557,401948
1789700715,1540960,150220,1377067,4537484,44039,303320,17208,439920
1789700718,1541484,150168,1377211,4537388,44067,303220,18841,501060
1789700720,1541993,150124,1377347,4537488,44093,302340,20460,481508
1789700722,1542501,150208,1377482,4537528,44120,302280,22111,542228
1789700724,1543020,150216,1377621,4537480,44148,302380,23714,583244
1789700727,1543533,150168,1377765,4537516,44174,302344,25337,585868
1789700729,1544058,150124,1377905,4537496,44203,301600,27004,722552
1789700732,1544595,150132,1378046,4537484,44232,301504,28665,658060
1789700734,1545131,150176,1378201,4537476,44258,301588,30264,703808
1789700736,1545691,150180,1378354,4537508,44288,301572,31852,701980
1789700739,1545765,150220,1378373,4537484,44291,299888,,
1789700741,1545768,150132,1378373,4553124,44292,299904,90,65856
1789700743,1546513,150128,1378589,4537380,44328,299864,3398,209668
1789700746,1547462,150172,1378851,4537472,44371,299892,6780,283488
1789700748,1548444,150132,1379122,4537492,44415,299920,10102,332108
1789700750,1549452,150120,1379402,4537496,44460,299004,13352,330424
1789700753,1550489,150176,1379685,4537528,44506,299088,16616,367208
1789700755,1551460,150128,1379951,4537432,44550,299136,19907,457136
1789700757,1552438,150180,1380220,4537468,44593,299100,23213,523240
1789700760,1553429,150180,1380497,4537488,44640,298580,26499,494052
1789700762,1554427,150160,1380769,4537492,44683,298608,29846,589932
1789700765,1555472,150132,1381051,4537504,44731,298584,33170,615132
1789700767,1556469,150176,1381326,4537476,44778,298560,36446,704428
1789700769,1557486,150164,1381602,4537496,44825,298272,39709,702412
1789700772,1558492,150208,1381884,4537416,44871,298408,42983,798620
1789700774,1559518,150212,1382161,4537528,44918,298260,46210,854252
1789700777,1560512,150132,1382438,4537452,44963,298344,49457,859276
1789700779,1561529,150100,1382712,4537468,45009,297784,52728,959864
1789700781,1562539,150172,1382992,4537532,45055,297944,55929,1002624
1789700784,1563550,150132,1383269,4537560,45101,297920,59199,1055036
1789700786,1564578,150172,1383552,4537524,45148,297944,62455,1046460
1789700788,1564740,150124,1383583,4537536,45153,297876,,
1789700791,1564743,150160,1383584,4537540,45153,297772,,
1789700793,1564746,150180,1383587,4537532,45153,297736,,
1789700795,1564749,150208,1383590,4537520,45153,297748,,
1789700797,1564751,150168,1383592,4537532,45154,297616,,
1789700800,1564754,150208,1383595,4537488,45154,297432,,
1789700802,1564755,150156,1383597,4537512,45155,297396,,
1789700804,1564758,150208,1383597,4537552,45156,297340,,
1789700806,1564759,150100,1383597,4537468,45156,297436,,
1789700809,1564761,150168,1383599,4537508,45157,297316,,
1789700811,1564764,150204,1383603,4537464,45157,297204,,
1789700813,1564766,150208,1383603,4537520,45159,297272,,
1789700816,1564768,150132,1383603,4537504,45159,297296,,
1789700818,1564770,150128,1383607,4537512,45159,297260,,
1789700820,1564771,150168,1383609,4537472,45160,297320,,
1789700822,1564886,150216,1383656,4537496,45167,297236,1199,276844
1789700825,1566274,150128,1384029,4537496,45209,297264,6497,284896
1789700827,1567738,150124,1384430,4537508,45254,297188,11907,331880
1789700830,1569294,150168,1384846,4537456,45300,297220,17106,404612
1789700832,1570847,150136,1385278,4537532,45348,297240,22294,452284
1789700834,1572442,150132,1385718,4537464,45399,297232,27566,465364
1789700837,1573962,150124,1386130,4537508,45448,297232,32814,543396
1789700839,1575466,150104,1386540,4537532,45497,297280,37897,645848
1789700842,1577013,150104,1386954,4537556,45550,297116,43053,793460
1789700844,1578534,150160,1387372,4537484,45600,297084,48126,727552
1789700846,1580063,150100,1387784,4537552,45653,297068,53238,740744
1789700849,1581624,150180,1388208,4537388,45704,297088,58474,903808
1789700851,1583176,150216,1388632,4537500,45756,297104,63580,895928
1789700853,1584771,150160,1389062,4537536,45810,296828,68832,1035220
1789700856,1586325,150168,1389486,4537496,45863,296768,74051,1043780
1789700858,1587924,150180,1389915,4537396,45916,296836,79173,1105332
1789700861,1589479,150132,1390337,4537484,45969,296800,84297,1312128
1789700863,1591058,150136,1390765,4537432,46022,296616,89413,1324412
1789700865,1592616,150116,1391189,4537492,46074,296560,94605,1338132
1789700868,1593781,150216,1391489,4537372,46108,296544,97844,1355980
1789700870,1593784,150172,1391491,4547672,46109,296460,100,91028
1789700873,1593786,150120,1391491,4537412,46110,295992,,
1789700875,1593789,150136,1391492,4537516,46111,296048,,
1789700877,1594153,150156,1391606,4537536,46122,296080,2187,379464
1789700879,1595753,150156,1392018,4537440,46155,296092,8087,405732
1789700882,1597593,150204,1392501,4537408,46189,296096,14349,469776
1789700884,1599498,150172,1392999,4537416,46225,295740,20908,541000
1789700887,1601442,150124,1393496,4537504,46258,295724,27065,646968
1789700889,1603300,150120,1393978,4537548,46295,295676,33031,657000
1789700892,1604894,150172,1394384,4537460,46334,295688,38447,667772
1789700894,1606420,150208,1394778,4537400,46373,295684,43643,783220
1789700896,1608036,150204,1395197,4537440,46413,295284,49005,810180
1789700899,1609600,150216,1395602,4537528,46452,295276,54225,951672
1789700901,1611130,150216,1395998,4537516,46490,295364,59330,908864
1789700904,1612704,150120,1396406,4537544,46530,295296,64566,1050532
1789700906,1614284,150128,1396818,4537544,46570,294900,69753,1079560
1789700908,1615911,150208,1397243,4537480,46610,294940,75054,1101460
1789700911,1617549,150172,1397679,4537484,46651,294892,80503,1392476
1789700913,1619169,150212,1398089,4537448,46690,294940,85743,1352556
1789700916,1620817,150124,1398517,4537500,46733,294932,91104,1343256
1789700918,1622456,150156,1398941,4537476,46772,294436,96390,1339596
1789700920,1624091,150168,1399379,4537500,46815,294432,101852,1512908
1789700923,1624825,150096,1399544,4537504,46828,294364,103645,1671600
1789700925,1624827,150176,1399545,4537408,46829,294504,,
1789700928,1624829,150128,1399546,4537508,46830,294104,41,39180
1789700930,1625596,150160,1399755,4537524,46848,304604,3803,477340
1789700932,1627313,150156,1400203,4537520,46877,293972,9996,516840
1789700935,1629109,150216,1400658,4537392,46909,294124,16298,579492
1789700937,1630963,150120,1401130,4537496,46941,293972,22465,635308
1789700940,1632822,150180,1401617,4537396,46973,293984,28529,702788
1789700942,1634421,150160,1402024,4537484,47007,294012,33813,741408
1789700944,1635806,150216,1402384,4537404,47043,294008,38814,770100
1789700947,1637220,150172,1402755,4537476,47078,294016,43874,846164
1789700949,1638687,150124,1403128,4537504,47114,293800,48940,908068
1789700952,1640090,150116,1403499,4537464,47150,293820,53977,978312
1789700954,1641502,150172,1403863,4537504,47185,293756,58897,1017216
1789700957,1642907,150156,1404225,4537512,47221,293760,63798,1014112
1789700959,1644307,150172,1404586,4537404,47258,293388,68720,1176320
1789700961,1645692,150124,1404945,4537388,47296,293364,73583,1213412
1789700964,1647080,150156,1405328,4537528,47333,293360,78771,1219388
1789700966,1648692,150212,1405730,4537452,47371,293276,84018,1287604
1789700969,1650180,150212,1406117,4537544,47409,292912,89158,1386196
1789700971,1651683,150164,1406507,4537392,47447,292908,94401,1469796
1789700974,1653050,150180,1406839,4537500,47479,292952,98342,1497364
1789700977,1653046,150132,1406840,4537540,47479,292996,,
1789700979,1653049,150212,1406841,4537496,47480,292712,,
1789700981,1653052,150168,1406845,4537608,47481,292644,,
1789700984,1653054,150168,1406847,4537448,47507,343836,105,108484
1789700986,1653556,150180,1407419,4537600,47548,326860,374,128080
1789700989,1654158,150212,1408068,4537616,47595,302760,630,155168
1789700991,1654762,150200,1408686,4537572,47639,293676,883,158476
1789700994,1655378,150180,1409313,4537500,47686,293964,1131,156500
1789700996,1655887,150128,1409846,4537956,47727,294236,1345,132856
1789700999,1656508,150132,1410488,4537872,47774,294664,1596,158936
1789701001,1657087,150204,1411096,4537624,47816,294948,1828,159780
1789701003,1657613,150124,1411654,4537632,47858,295276,2052,163380
1789701006,1658157,150216,1412212,4537488,47900,295416,2272,136428
1789701008,1658713,150124,1412787,4537384,47942,295912,2507,164776
1789701011,1659307,150164,1413473,4537536,47983,296172,2760,164308
1789701013,1659874,150124,1414118,4537496,48030,296412,2998,163528
1789701015,1660440,150132,1414714,4537548,48069,296672,3233,140392
1789701018,1660996,150164,1415313,4537468,48109,297028,3473,168016
1789701020,1661562,150176,1415908,4537528,48151,297416,3710,168688
1789701022,1662126,150156,1416510,4537616,48192,297760,3937,169976
1789701025,1662718,150208,1417131,4537468,48239,298088,4167,145636
1789701027,1663194,150132,1417641,4537520,48274,298364,4366,170656
1789701029,1663736,150204,1418216,4537468,48312,298604,4571,168464
1789701032,1663737,150132,1418221,4537476,48314,298548,,
1789701034,1663739,150172,1418223,4537500,48314,298580,87,64724
1789701036,1664663,150160,1419174,4537520,48385,299196,557,139936
1789701039,1665772,150216,1420282,4537528,48463,299796,1053,171704
1789701041,1666902,150128,1421436,4669456,48546,300384,1548,170340
1789701043,1668027,150208,1422587,4708616,48626,301032,2008,144136
1789701046,1669107,150208,1423622,4540612,48705,301668,2476,173764
1789701048,1670206,150208,1424711,4540552,48783,302228,2942,174068
1789701050,1671322,150220,1425807,4540664,48861,302720,3433,176248
1789701053,1672404,150156,1426887,4540668,48939,303480,3906,151400
1789701055,1673525,150208,1428012,4540704,49019,304008,4380,182468
1789701057,1674634,150212,1429149,4540596,49095,304596,4820,181676
1789701060,1675695,150216,1430240,4540728,49177,305128,5279,188384
1789701062,1676795,150184,1431316,4540672,49250,305556,5720,160788
1789701065,1677848,150160,1432363,4540756,49331,306264,6172,185304
1789701067,1678932,150168,1433437,4540608,49404,306908,6612,190304
1789701069,1680013,150212,1434506,4540712,49484,307392,7091,192360
1789701072,1681139,150216,1435624,4540732,49564,308140,7543,167468
1789701074,1682243,150212,1436705,4540720,49639,308692,8002,196984
1789701076,1683347,150128,1437781,4540764,49714,309372,8439,197660
1789701079,1684425,150132,1438866,4540780,49791,309920,8870,196768
1789701081,1684702,150176,1439094,4540712,49807,310032,,
1789701083,1684705,150128,1439095,4540704,49807,309980,,
1789701086,1684707,150124,1439185,4541048,49807,309908,87,74260
1789701088,1686338,150160,1440769,4541056,49927,310928,994,162548
1789701090,1688417,150212,1442767,4541116,50058,311932,1862,191784
1789701093,1689777,150172,1444132,4541136,50148,312520,2488,195940
1789701095,1691770,150180,1446073,4541000,50276,313472,3351,171432
1789701098,1693375,150132,1447646,4541004,50382,314288,4034,172656
1789701100,1695390,150132,1449612,4579340,50511,315192,4899,205572
1789701102,1697319,150120,1451489,4677784,50640,316320,5767,208564
1789701105,1699317,150216,1453424,4541832,50770,317336,6609,183336
1789701107,1701295,150116,1455379,4541804,50903,318688,7485,185012
1789701110,1702620,150000,1456617,4541860,50984,319572,7992,211944
1789701112,1704502,150160,1458495,4541792,51117,320908,8850,227232
1789701115,1706544,150136,1460495,4541920,51252,322512,9718,215436
1789701117,1708603,150096,1462496,4541960,51384,323912,10564,190728
1789701119,1710671,150200,1464525,4541888,51517,325328,11413,226064
1789701122,1712659,150176,1466454,4541880,51644,326808,12217,230644
1789701124,1714528,150128,1468276,4541972,51767,328196,13002,229236
1789701126,1716494,150132,1470191,4541780,51897,329640,13802,208876
1789701129,1718395,150208,1472058,4541864,52025,331092,14609,240432
1789701131,1720298,150132,1473838,4541936,52140,332268,15307,243764
1789701134,1720319,150204,1473906,4541916,52141,332336,,
1789701136,1720338,150184,1473967,4541952,52141,332348,,
1789701138,1720365,150168,1474103,4542596,52155,332660,290,222276
1789701140,1722716,150180,1476205,4542588,52294,334328,1320,203740
1789701143,1724789,150132,1478065,4542600,52416,335920,2270,234848
1789701145,1727204,150100,1480259,4542692,52561,337576,3293,237200
1789701147,1729540,150212,1482398,4542604,52698,339192,4332,242920
1789701150,1731973,150152,1484576,4542500,52837,340888,5346,219744
1789701152,1734321,150212,1486706,4542556,52977,342780,6380,249976
1789701154,1736712,150160,1488833,4542624,53115,344452,7415,250804
1789701157,1739117,150220,1491026,4542576,53257,346192,8470,237292
1789701159,1741538,150124,1493212,4542520,53398,347804,9502,231552
1789701161,1743883,150212,1495326,4583152,53536,349496,10526,259888
1789701164,1746428,150132,1497657,4684896,53687,351432,11556,271664
1789701166,1748685,150180,1499743,4689348,53819,352948,12488,242612
1789701169,1750867,150176,1501760,4689284,53951,354644,13407,244436
1789701171,1753017,150160,1503763,4691232,54085,356100,14303,272376
1789701173,1755151,150128,1505783,4691072,54218,357748,15183,280972
1789701176,1757195,150164,1507673,4691208,54340,359092,16000,253156
1789701178,1759286,150212,1509663,4693984,54475,360624,16891,253736
1789701180,1761441,150204,1511633,4691196,54603,362068,17720,294892
1789701183,1763419,150176,1513498,4691208,54723,363428,18482,292032
1789701185,1763609,150132,1513662,4691196,54725,363432,,
1789701188,1763633,150132,1513753,4692468,54726,363464,,
1789701190,1763651,150156,1513648,4546700,54727,363384,106,85792
1789701192,1765400,150132,1515381,4546676,54845,364728,1127,313720
1789701195,1767565,150168,1517401,4546624,54980,366244,2060,347456
1789701197,1769794,150204,1519462,4546580,55115,367776,2963,349224
1789701199,1771875,150212,1521400,4546808,55246,369312,3891,354868
1789701202,1774106,150220,1523434,4546664,55381,370760,4786,334224
1789701204,1776142,150176,1525328,4546708,55509,372256,5692,358132
1789701207,1778347,150164,1527362,4546620,55644,373884,6634,364792
1789701209,1780416,150396,1529286,4546672,55771,375268,7495,346584
1789701211,1782471,150476,1531187,4546588,55899,376712,8397,346828
1789701214,1784707,150436,1533288,4546744,56037,378264,9351,379540
1789701216,1786790,150388,1535200,4546608,56163,379708,10218,380048
1789701219,1788992,150392,1537277,4546668,56300,381280,11149,353904
1789701221,1791208,150428,1539302,4595096,56435,382796,12059,386100
1789701223,1793380,150472,1541331,4695252,56568,384236,12960,383728
1789701226,1795591,150476,1543547,4706592,56709,385916,13910,386584
1789701228,1797840,150476,1545483,4548496,56844,387320,14827,371156
1789701231,1799997,150388,1547459,4548580,56976,389004,15738,400360
1789701233,1802188,150416,1549501,4548612,57114,390628,16659,401008
1789701235,1804362,150364,1551410,4548512,57235,391912,17466,416200
1789701238,1804395,150436,1551488,4548584,57237,391856,,
1789701240,1804422,150440,1551563,4548584,57235,395316,,
1789701242,1804439,150472,1551693,4701292,57266,412396,73,64456
1789701245,1804880,150420,1552090,4551792,57295,405892,979,168000
1789701247,1805454,150436,1552675,4551760,57329,399356,1922,179904
1789701249,1806049,150396,1553267,4551852,57364,392904,2812,185872
1789701251,1806670,150388,1553884,4551776,57403,392844,3649,163560
1789701254,1807293,150476,1554480,4551820,57444,392880,4454,196756
1789701256,1807930,150424,1555122,4551800,57485,392864,5196,209344
1789701258,1808578,150432,1555756,4551784,57530,392824,5931,212964
1789701261,1809219,150392,1556374,4551812,57574,392732,6702,199672
1789701263,1809862,150380,1557019,4551800,57617,404792,7459,225396
1789701265,1810509,150480,1557647,4551884,57659,392836,8177,242552
1789701268,1811146,150480,1558261,4551760,57698,392864,8932,217284
1789701270,1811794,150480,1558898,4551784,57742,392836,9663,238272
1789701272,1812442,150472,1559522,4551812,57785,392776,10378,266488
1789701275,1813081,150428,1560153,4551676,57827,392768,11100,268420
1789701277,1813723,150420,1560768,4551796,57869,392752,11817,265612
1789701279,1814371,150368,1561411,4552016,57912,392824,12533,265612
1789701282,1815012,150464,1562031,4701812,57952,392792,13264,300920
1789701284,1815673,150396,1562682,4552580,57997,392844,13973,298056
1789701286,1816351,150396,1563309,4552584,58039,392728,14711,296208
1789701289,1816679,150428,1563602,4552520,58056,392740,89,66016
1789701291,1816681,150428,1563604,4552572,58057,392836,54,129672
1789701294,1817476,150732,1564443,4552748,58105,392836,1375,189284
1789701296,1818614,150732,1565590,4552580,58166,392864,2900,194108
1789701298,1819767,150696,1566753,4552632,58230,392832,4366,203976
1789701301,1820931,150704,1567908,4552552,58291,392792,5794,198640
1789701303,1822115,150692,1569105,4552564,58355,392748,7183,237456
1789701305,1823271,150704,1570277,4552588,58419,392728,8617,250276
1789701308,1824438,150680,1571455,4552672,58481,392860,10030,264404
1789701310,1825611,150656,1572633,4552764,58545,392824,11436,247444
1789701312,1826795,150696,1573824,4552616,58611,392844,12813,284332
1789701315,1827983,150656,1575010,4552588,58674,392772,14184,311076
1789701317,1829169,150628,1576198,4552512,58737,392828,15556,311856
1789701320,1830380,150660,1577423,4552584,58804,392820,16910,309164
1789701322,1831558,150688,1578596,4552608,58868,392720,18269,343408
1789701324,1832740,150736,1579778,4552504,58931,392828,19610,373640
1789701327,1833944,150736,1580992,4552604,58994,392716,20917,380504
1789701329,1835140,150652,1582217,4552708,59059,392812,22289,358352
1789701331,1836379,150628,1583439,4552548,59125,392812,23650,387840
1789701334,1837584,150732,1584657,4552732,59190,392688,24977,430964
1789701336,1838776,150704,1585857,4552640,59253,392792,26314,419408
1789701338,1839175,150704,1586212,4552572,59269,392848,91,74780
1789701341,1839176,150696,1586221,4553348,59270,392736,,
1789701343,1839703,151000,1586823,4553392,59295,392792,1273,211784
1789701345,1841512,150952,1588652,4553224,59365,392796,4027,234416
1789701348,1843316,150916,1590441,4553516,59432,392792,6615,212696
1789701350,1845185,150912,1592329,4553360,59504,392816,9244,263356
1789701353,1847195,150892,1594363,4553384,59582,392796,11759,278124
1789701355,1849111,150960,1596322,4553372,59659,392776,14318,301372
1789701357,1851042,150960,1598264,4553560,59732,392784,16874,300872
1789701360,1852957,150924,1600208,4553620,59807,392816,19410,337224
1789701362,1854915,150924,1602185,4553552,59882,392676,21865,365276
1789701365,1856887,150972,1604167,4553372,59958,392776,24340,370796
1789701367,1858856,150952,1606148,4553704,60036,392768,26783,379880
1789701369,1860814,150968,1608126,4553404,60109,392788,29198,417784
1789701372,1862784,150944,1610118,4553524,60186,392804,31587,453340
1789701374,1864778,150972,1612111,4553288,60264,392784,33995,463940
1789701377,1866763,150948,1614117,4553496,60341,392748,36416,445164
1789701379,1868749,151004,1616107,4553552,60417,392764,38762,525476
1789701381,1870757,150956,1618135,4553344,60499,392808,41170,528612
1789701384,1872816,150912,1620198,4553412,60576,392824,43561,523384
1789701386,1874819,150920,1622204,4553440,60653,392684,45938,576252
1789701388,1875906,150960,1623230,4553220,60689,392644,97,91712
1789701391,1875909,150956,1623231,4553372,60690,392672,,
1789701393,1875911,150952,1623233,4553268,60691,392776,81,64240
1789701395,1877385,150964,1624680,4553528,60733,392788,2819,295388
1789701398,1879672,150896,1626726,4553856,60790,392780,6162,279080
1789701400,1881947,151004,1628788,4649244,60847,392792,9372,298960
1789701402,1884232,150968,1630860,4554076,60904,392752,12483,299176
1789701405,1886560,150924,1632973,4554120,60962,392668,15509,339716
1789701407,1888923,150964,1635105,4553956,61022,392708,18689,367496
1789701410,1891295,150968,1637224,4554092,61082,392780,21864,393712
1789701412,1893760,150892,1639480,4553900,61145,392788,25037,381748
1789701415,1896163,150952,1641657,4554156,61206,392752,28124,438876
1789701417,1898596,150928,1643845,4554008,61267,392760,31156,450388
1789701419,1901114,150952,1646118,4554084,61332,392764,34285,491840
1789701422,1903604,151008,1648337,4554252,61394,392772,37254,496532
1789701424,1906044,150952,1650544,4554044,61456,392648,40271,513744
1789701426,1908560,151000,1652799,4554160,61519,392784,43316,574096
1789701429,1911052,150968,1655034,4553860,61581,392656,46235,571916
1789701431,1913515,151012,1657245,4553736,61643,392728,49158,567428
1789701434,1915995,150916,1659490,4553940,61707,392748,52129,660024
1789701436,1918529,150948,1661766,4553892,61770,392720,55067,695800
1789701438,1921012,151000,1664023,4554140,61833,392724,57975,676276
1789701441,1921308,150996,1664199,4553844,61835,392724,,
1789701443,1921311,151008,1664201,4553724,61837,392612,,
1789701445,1922061,151152,1664967,4553860,61864,392948,1883,370548
1789701448,1924567,151220,1667204,4553960,61925,392984,5420,401732
1789701450,1926866,151212,1669283,4554064,61983,392904,8689,391960
1789701453,1929229,151224,1671464,4553944,62046,392972,12101,419040
1789701455,1931720,151152,1673656,4554208,62110,392944,15461,450552
1789701457,1934089,151180,1675842,4554064,62173,392960,18785,486676
1789701460,1936539,151180,1678013,4553888,62236,392980,22232,484080
1789701462,1938898,151496,1680138,4553812,62298,392944,25559,519284
1789701465,1941286,151440,1682262,4553900,62359,392932,28809,597300
1789701467,1943614,151528,1684361,4554372,62421,392904,31987,557296
1789701469,1946088,151528,1686555,4554112,62487,392940,35278,612716
1789701472,1948481,151444,1688713,4554180,62550,392936,38512,613432
1789701474,1951005,151524,1690995,4553900,62618,392940,41821,608688
1789701477,1953493,151524,1693228,4554084,62683,392820,45074,700628
1789701479,1956036,151500,1695521,4553928,62752,392948,48450,661448
1789701481,1958596,151500,1697761,4553952,62820,392916,51659,689120
1789701484,1961018,151488,1699935,4554072,62881,392920,54741,743756
1789701486,1963584,151528,1702275,4554132,62950,392848,57966,762484
1789701489,1966042,151452,1704447,4553988,63014,392912,61094,747620
1789701491,1966990,151528,1705218,4553848,63037,392888,107,90832
1789701493,1966992,151496,1705219,4553876,63035,392924,,
1789701496,1966996,151504,1705223,4641756,63062,410536,94,90568
1789701498,1967566,151492,1705982,4554112,63084,405600,511,133112
1789701500,1968318,151480,1706895,4554112,63117,399060,947,163144
1789701503,1969049,151536,1707771,4554124,63145,393008,1403,171124
1789701505,1969793,151424,1708670,4554388,63176,392892,1824,144196
1789701507,1970531,151492,1709573,4554188,63204,393008,2219,177308
1789701510,1971243,151500,1710447,4554164,63231,393036,2673,180844
1789701512,1971967,151440,1711328,4554208,63261,392992,3117,192040
1789701514,1972703,151532,1712203,4554180,63289,393000,3538,163080
1789701517,1973437,151476,1713079,4554188,63319,392956,3960,197368
1789701519,1974165,151484,1713993,4554260,63347,392988,4365,199036
1789701521,1974897,151532,1714870,4554248,63376,393032,4790,208344
1789701524,1975637,151524,1715766,4554288,63407,392984,5205,183016
1789701526,1976381,151496,1716639,4554260,63438,392992,5648,217388
1789701529,1977150,151440,1717558,4554104,63466,392992,6073,222256
1789701531,1977903,151488,1718452,4554100,63495,392992,6499,218356
1789701533,1978637,151488,1719346,4554316,63526,392936,6902,198508
1789701536,1979382,151452,1720212,4554280,63556,392988,7306,241796
1789701538,1980103,151496,1721092,4554208,63583,392880,7734,243004
1789701540,1980868,151500,1722008,4554064,63614,393756,8156,241460
1789701543,1981102,151448,1722249,4554124,63620,392948,108,63836
1789701545,1981104,151452,1722251,4554164,63697,602732,,
1789701548,1981187,151440,1722359,4554280,63688,410624,218,152524
1789701550,1981680,151480,1722881,4554212,63764,399936,560,126844
1789701552,1982171,151500,1723383,4554308,63839,397764,876,128296
1789701555,1982654,151492,1723884,4554248,63912,398592,1215,155436
1789701557,1983153,151492,1724407,4554324,63994,399260,1551,156740
1789701559,1983651,151536,1724940,4554304,64068,399876,1894,132008
1789701562,1984170,151536,1725483,4554196,64146,400540,2252,130848
1789701564,1984699,151452,1726072,4554260,64224,398140,2604,159488
1789701567,1985205,151528,1726608,4554348,64295,398856,2932,159404
1789701569,1985701,151420,1727125,4554236,64372,399528,3251,133972
1789701571,1986186,151500,1727646,4554340,64451,400224,3579,133800
1789701574,1986694,151488,1728154,4554280,64528,400940,3901,163112
1789701576,1987160,151536,1728649,4554292,64598,401692,4206,162772
1789701578,1987685,151532,1729193,4554296,64680,402204,4536,137372
1789701581,1988215,151496,1729815,4698888,64756,403028,4865,138320
1789701583,1988746,151448,1730384,4555128,64835,403588,5195,166852
1789701586,1989254,151520,1730912,4555084,64914,404372,5521,161868
1789701588,1989781,151444,1731455,4555016,64995,405104,5840,142068
1789701590,1990289,151480,1731985,4555088,65073,405944,6174,167868
1789701593,1990711,151500,1732405,4555136,65133,406444,6413,169960
1789701595,1990713,151532,1732406,4555164,65134,406420,,
1789701597,1990717,151488,1732408,4555136,65134,406440,100,90892
1789701599,1991460,151424,1733231,4555128,65254,407576,721,139996
1789701602,1992294,151444,1734084,4555164,65372,408636,1309,166440
1789701604,1993137,151496,1734919,4555236,65489,409980,1885,168636
1789701606,1993913,151492,1735698,4555100,65595,411100,2450,143940
1789701609,1994753,151472,1736543,4555152,65711,412372,3051,169956
1789701611,1995606,151476,1737399,4555180,65828,413756,3689,172880
1789701613,1996374,151424,1738173,4555156,65934,414968,4256,173108
1789701616,1997229,151492,1739011,4555088,66056,416304,4873,149616
1789701618,1998011,151492,1739787,4555104,66162,417528,5408,178352
1789701620,1998866,151448,1740629,4555164,66280,418880,5986,178628
1789701623,1999702,151444,1741466,4555116,66395,420244,6608,174832
1789701625,2000519,151448,1742276,4555100,66507,421488,7198,153000
1789701627,2001377,151452,1743135,4555044,66626,422908,7810,183696
1789701629,2002237,151524,1743986,4555236,66743,424256,8403,184028
1789701632,2003074,151448,1744821,4555264,66859,425504,9005,167940
1789701634,2003934,151448,1745712,4555196,66987,426848,9612,188288
1789701636,2004842,151476,1746647,4555252,67114,428012,10208,189020
1789701639,2005698,151448,1747548,4555240,67234,429192,10774,190608
1789701641,2006594,151496,1748505,4647808,67366,430412,11394,170844
1789701644,2007183,151528,1749132,4555968,67436,430980,111,92404
1789701646,2007215,151504,1749222,4556004,67436,430908,,
1789701648,2007243,151440,1749368,4686704,67437,431004,84,121044
1789701651,2008145,151480,1750279,4557096,67573,432236,938,188908
1789701653,2009465,151488,1751600,4557204,67745,434152,1911,187324
1789701655,2010771,151524,1752913,4557184,67920,435908,2864,192624
1789701658,2012119,151536,1754285,4557224,68103,438504,3856,165544
1789701660,2013546,151448,1755755,4557204,68286,440872,4885,200320
1789701663,2014889,151500,1757127,4557180,68463,443116,5811,198456
1789701665,2016196,151452,1758507,4557220,68638,445332,6753,197120
1789701667,2017558,151492,1759926,4557276,68817,447684,7721,176696
1789701670,2018932,151440,1761322,4557144,68994,450048,8650,204572
1789701672,2020327,151524,1762728,4557244,69184,452600,9656,205632
1789701675,2021713,151456,1764182,4557284,69364,454992,10594,203528
1789701677,2023100,151784,1765578,4557156,69547,457600,11529,186092
1789701680,2024451,151704,1766938,4557244,69726,460332,12486,181144
1789701682,2025800,151740,1768274,4557296,69901,462996,13401,213380
1789701684,2027096,151756,1769602,4557196,70080,465668,14305,214364
1789701687,2028374,151800,1770863,4557200,70250,468216,15193,189492
1789701689,2029752,151800,1772273,4557264,70434,470764,16113,191096
1789701691,2031016,151804,1773545,4557212,70601,473036,16959,224828
1789701694,2032397,151768,1774946,4557176,70773,475476,17777,225092
1789701696,2032444,151704,1775026,4557192,70776,475428,,
1789701699,2032467,151716,1775099,4557120,70775,475416,,
1789701701,2032480,151688,1775165,4708244,70785,475680,275,230448
1789701703,2034126,151704,1776859,4709096,70980,478404,1494,202560
1789701706,2035709,151688,1778425,4709068,71172,481456,2641,228220
1789701708,2037283,151720,1779971,4709052,71368,484404,3776,238332
1789701711,2038933,151788,1781573,4708980,71556,487392,4913,234188
1789701713,2040496,151716,1783106,4709388,71750,490372,6012,213008
1789701715,2042160,151752,1784633,4558540,71944,493480,7173,243100
1789701718,2043848,151752,1786288,4558572,72146,496392,8337,240044
1789701720,2045536,151796,1787946,4558420,72342,499184,9511,246968
1789701723,2047121,151720,1789504,4558520,72530,501976,10598,244928
1789701725,2048843,151720,1791188,4558440,72718,504756,11749,225236
1789701727,2050427,151796,1792705,4558420,72905,507712,12843,254220
1789701730,2052075,151764,1794294,4558536,73105,511068,14008,266880
1789701732,2053724,151704,1795878,4558508,73304,514252,15153,256736
1789701734,2055396,151788,1797483,4558672,73506,517548,16312,231108
1789701737,2057002,151740,1799029,4558436,73698,520672,17425,271556
1789701739,2058658,151756,1800622,4558532,73890,523792,18539,265364
1789701742,2060274,151708,1802213,4558592,74076,526580,19643,267616
1789701744,2061913,151700,1803784,4558504,74268,529628,20758,239608
1789701746,2063298,151800,1805085,4558428,74419,531916,21543,282912
1789701749,2063337,151688,1805169,4558568,74419,532028,,
1789701751,2063370,151768,1805281,4712236,74419,532060,67,63668
1789701753,2064139,151756,1806126,4559028,74512,533444,977,336780
1789701756,2066002,151784,1807935,4559120,74726,536804,2256,354048
1789701758,2067805,151752,1809627,4559204,74933,540380,3550,323576
1789701761,2069646,151740,1811393,4644416,75148,543708,4822,327752
1789701763,2071461,151704,1813100,4705708,75359,547468,6100,358432
1789701765,2073247,151736,1814824,4715940,75565,550888,7319,359292
1789701768,2075046,151712,1816468,4560868,75776,554356,8634,334552
1789701770,2076803,151740,1818160,4560896,75984,557880,9894,360672
1789701773,2078629,151804,1819873,4560768,76197,561360,11157,369544
1789701775,2080443,151716,1821618,4560928,76413,564608,12403,366732
1789701777,2082266,151788,1823323,4560904,76625,568216,13683,341516
1789701780,2084075,151764,1825055,4560852,76852,571752,15009,374816
1789701782,2085980,151704,1826890,4560880,77063,575080,16249,375648
1789701785,2087805,151712,1828654,4560904,77269,578340,17493,381640
1789701787,2089432,151704,1830222,4560852,77496,608364,18554,354816
1789701790,2090969,151720,1831713,4560940,77720,607972,19598,376436
1789701792,2092661,151752,1833352,4560964,77933,610860,20736,381620
1789701794,2094411,151760,1835038,4560924,78145,613960,21940,387496
1789701797,2096160,151744,1836708,4560960,78359,609220,23168,366784
1789701799,2096852,151684,1837321,4560920,78418,610016,123,92760
1789701802,2096887,151800,1837402,4560952,78419,609956,,
1789701804,2096921,151800,1837495,4560936,78508,1148804,,
1789701806,2096932,151796,1837613,4713188,78467,634912,122,65736
1789701809,2097001,151716,1837675,4562872,78468,621184,178,143200
1789701811,2097096,151800,1837868,4562932,78469,613796,236,145000
1789701813,2097199,151752,1838074,4562908,78471,613768,292,145540
1789701816,2097455,151684,1838514,4563336,78479,613748,239,149388
1789701818,2097918,151712,1839187,4563264,78495,613668,481,149620
1789701821,2098372,151744,1839866,4709284,78511,611636,721,153676
1789701823,2098801,151684,1840481,4713016,78527,611676,907,127424
1789701825,2098903,151744,1840690,4713056,78525,611640,,
1789701828,2098991,151760,1840881,4713056,78526,611584,675,122220
1789701830,2099085,151760,1841089,4563928,78527,611664,733,150620
1789701832,2099173,151800,1841277,4564040,78529,611672,777,150144
1789701835,2099261,151752,1841465,4564024,78529,611668,842,148828
1789701837,2099354,151716,1841671,4564024,78530,611664,895,122756
1789701839,2099444,151708,1841876,4564060,78531,611516,958,149904
1789701842,2099536,151736,1842074,4564044,78532,611620,1011,150668
1789701844,2099616,151712,1842242,4564028,78532,611632,1072,147468
1789701847,2099715,151748,1842429,4564052,78534,611572,1153,124068
1789701849,2099806,151740,1842627,4564104,78535,611536,1216,152928
1789701851,2099907,151752,1842836,4564024,78535,611596,1273,151132
1789701854,2099934,151712,1842902,4564064,78535,611544,,
1789701856,2099938,151684,1842906,4563976,78538,611664,118,146852
1789701858,2100017,151716,1843082,4563952,78537,611560,172,121316
1789701861,2100105,151792,1843266,4563924,78539,611552,239,148640
1789701863,2100210,151708,1843478,4564016,78538,611644,294,150368
1789701865,2100301,151764,1843677,4563928,78539,611692,343,151936
1789701868,2100396,151756,1843873,4564076,78539,611704,407,124548
1789701870,2100500,151708,1844079,4564016,78540,611592,475,152084
1789701873,2100582,151744,1844279,4563952,78540,611660,533,150652
1789701875,2100680,151716,1844506,4563928,78541,611544,8,40592
1789701877,2100778,151704,1844726,4564040,78541,611600,659,126492
1789701880,2100882,151768,1844942,4564228,78544,611540,723,152600
1789701882,2100993,151788,1845173,4564516,78543,611636,786,153636
1789701884,2101101,151792,1845400,4564552,78545,611656,854,127208
1789701887,2101207,151736,1845600,4564516,78546,611560,912,127808
1789701889,2101305,151764,1845800,4564504,78546,611648,974,154744
1789701891,2101413,151716,1846049,4564672,78547,611552,1040,155168
1789701894,2101510,151704,1846247,4564604,78547,611664,1107,128896
1789701896,2101634,151760,1846479,4564596,78549,611692,1188,153816
1789701899,2101740,151712,1846688,4564604,78552,611664,1272,155804
1789701901,2101851,151744,1846897,4564576,78550,611636,1333,156788
1789701904,2101863,151764,1846924,4564636,78551,611628,,
1789701906,2101867,151744,1846926,4564604,78552,611600,,
1789701908,2101902,151764,1847017,4564656,78554,611668,167,157760
1789701911,2102005,151720,1847240,4564560,78554,611684,244,161728
1789701913,2102119,151800,1847457,4564616,78556,611676,323,134036
1789701915,2102215,151712,1847668,4564540,78556,611656,391,160880
1789701918,2102301,151712,1847877,4564588,78557,611536,444,163020
1789701920,2102399,151764,1848088,4564616,78558,611564,491,163424
1789701922,2102510,151764,1848323,4564592,78560,611640,554,136028
1789701925,2102605,151712,1848526,4564608,78561,611596,623,163880
1789701927,2102712,151684,1848756,4564592,78562,611648,698,163396
1789701930,2102815,151720,1848994,4564640,78563,611632,763,165156
1789701932,2102923,151792,1849198,4564528,78565,611644,833,138136
1789701934,2103035,151708,1849428,4564640,78565,611612,917,163940
1789701937,2103122,151788,1849651,4564668,78565,611696,976,164556
1789701939,2103229,151792,1849887,4564644,78566,611680,1054,166440
1789701941,2103326,151712,1850138,4707560,78567,611692,1126,138284
1789701944,2103429,151796,1850369,4566216,78568,611644,1211,165068
1789701946,2103532,151792,1850591,4566228,78569,611628,1272,166048
1789701949,2103638,151720,1850829,4566228,78570,611628,1348,161340
1789701951,2103744,151712,1851050,4566240,78571,611656,1424,140616
1789701953,2103804,151760,1851193,4566188,78571,611692,125,92072
1789701956,2103807,151800,1851193,4566196,78574,611668,,
1789701958,2103809,151684,1851197,4597496,78617,628280,123,92100
1789701960,2104080,151796,1851490,4566132,78645,621996,241,121160
1789701963,2104397,151804,1851825,4566248,78679,615260,331,147840
1789701965,2104741,151704,1852220,4566212,78710,615396,431,149384
1789701968,2105067,151680,1852567,4566276,78746,615392,520,122436
1789701970,2105384,151712,1852910,4566192,78772,616012,642,122192
1789701972,2105712,151792,1853264,4566252,78802,614828,742,150376
1789701975,2106040,151760,1853617,4566136,78837,615396,849,150840
1789701977,2106368,151768,1853929,4566180,78860,616144,926,124456
1789701979,2106635,151768,1854168,4566280,78882,616680,998,151500
1789701982,2106937,151748,1854443,4566152,78910,617388,1077,152312
1789701984,2107208,151748,1854692,4566108,78932,618112,8,42632
1789701986,2107500,152016,1854952,4566104,78956,618844,1238,127636
1789701989,2107801,152060,1855223,4566040,78982,619616,1315,153612
1789701991,2108092,152020,1855489,4566068,79008,620364,1395,155916
1789701993,2108400,152268,1855817,4566084,79035,621000,1487,129188
1789701996,2108738,152272,1856173,4566004,79069,621536,1593,130940
1789701998,2109073,152232,1856518,4566140,79099,622124,1681,156704
1789702000,2109409,152288,1856900,4596376,79128,622724,1780,157836
1789702003,2109732,152328,1857223,4566728,79158,623196,1874,156880
1789702005,2109858,152240,1857382,4566796,79166,623460,141,63860
1789702007,2109891,152296,1857463,4566732,79169,623428,35,41756
1789702010,2110233,152272,1857812,4566780,79204,624140,233,153668
1789702012,2110843,152324,1858438,4566808,79260,625208,433,154176
1789702015,2111473,152480,1859057,4566848,79316,638484,618,155652
1789702017,2112108,153648,1859693,4566864,79364,627484,827,129424
1789702019,2112752,153592,1860355,4566880,79422,628696,1024,156216
1789702022,2113348,153916,1860911,4566964,79470,629880,1183,158428
1789702024,2113955,153900,1861488,4566936,79525,630980,1357,132012
1789702027,2114530,153832,1862064,4566852,79575,632000,1566,134620
1789702029,2115186,153856,1862711,4566960,79627,633056,1734,162984
1789702031,2115804,153796,1863333,4566940,79680,634296,1923,162668
1789702034,2116408,153912,1863936,4566944,79733,635356,2114,163340
1789702036,2116698,153912,1632783,4118476,79753,635832,95,64588
1789702039,2116733,153820,1009728,2832116,79753,635824,94,64524
1789702041,2116776,155456,79749,1196228,79761,635916,,
1789702043,2117391,155488,80304,1404480,79809,636996,2431,142516
1789702046,2117957,155504,80792,1505636,79855,638192,2599,138984
1789702048,2118539,155532,81263,1580120,79903,639604,2776,168400
1789702051,2119132,155560,81779,1633160,79960,640664,2950,168496
1789702053,2119790,156128,82411,1891932,80009,641820,155,144388
1789702055,2120304,156072,83017,1944688,80031,642072,420,145452
1789702058,2120643,156128,83444,1970472,80109,786692,589,120024
1789702060,2121001,156192,83979,2034932,80139,665080,182,144460
1789702062,2121322,156124,84298,2070964,80162,661892,506,149416
1789702065,2121610,156196,84589,2110692,80185,645620,858,120088
1789702067,2121879,156120,84856,2134484,80206,645876,1212,149716
1789702070,2122153,156140,85120,2169144,80227,646292,1560,149592
1789702072,2122395,156112,85372,2191240,80248,646520,1881,148228
1789702074,2122657,156160,85633,2210044,80269,643808,2226,123460
1789702077,2122945,156200,85914,2234960,80290,644116,2562,149780
1789702079,2123218,156168,86182,2262988,80312,644424,2901,152088
1789702082,2123476,156200,86438,2285020,80329,644768,3256,151580
1789702084,2123762,156108,86728,2314428,80353,645024,3587,125340
1789702086,2124020,156124,86978,2338188,80377,645272,3901,152276
1789702089,2124298,156164,87271,2373448,80400,645608,4256,151976
1789702091,2124572,156120,87535,2396404,80419,645912,4576,153840
1789702094,2124820,156148,87769,2406632,80437,646140,4916,125676
1789702096,2125097,156112,88027,2421044,80460,646452,5257,152836
1789702098,2125339,156116,88264,2438108,80479,646704,5596,154584
1789702101,2125581,156192,88507,2459284,80497,646996,5951,155736
1789702103,2125875,156164,88770,2473088,80522,647348,6284,128580
1789702105,2126077,156104,88947,2480796,80533,647460,106,92200
1789702108,2126080,156160,88948,2480908,80535,647456,,
1789702110,2126252,156204,89125,2482956,80552,647740,419,155764
1789702112,2126758,156148,89586,2502140,80591,648232,23,34248
1789702115,2127245,156116,90043,2526968,80624,648904,48,58380
1789702117,2127800,156112,90575,2547252,80664,649484,49,58388
1789702120,2128321,156640,91045,2589416,80703,650120,49,58392
1789702122,2128829,156724,91505,2598896,80738,650640,49,58376
1789702125,2129368,156984,91998,2611320,80775,651240,50,58368
1789702127,2129894,157780,92464,2633632,80810,651820,49,58384
1789702129,2130384,157704,92925,2638452,80844,652396,50,58412
1789702132,2130898,157780,93395,2644784,80880,652976,50,58392
1789702134,2131380,157692,93816,2648056,80911,653472,50,58396
1789702137,2131884,157776,94282,2654896,80947,654152,51,58412
1789702139,2132400,157728,94751,2661924,80984,654700,52,58316
1789702141,2132907,157780,95226,2673252,81020,655204,52,58372
1789702144,2133420,157704,95696,2686132,81058,655948,51,58380
1789702146,2133925,157700,96157,2698592,81088,656516,53,58296
1789702148,2134434,157704,96628,2714004,81126,656984,53,58316
1789702151,2134944,157704,97086,2719640,81160,657484,53,58316
1789702153,2135433,157740,97529,2721976,81192,658240,53,58396
1789702155,2135684,157784,97780,2726464,81208,658444,54,58412
1789702158,2135718,157780,97862,2729364,81209,658324,54,58416
1789702161,2135746,157776,97940,2760528,81209,658404,107,64644
1789702163,2136418,158040,98616,3026400,81257,659128,1195,167128
1789702165,2137341,157936,99469,3119020,81319,660208,2488,170524
1789702168,2138246,157940,100249,3204768,81380,661404,3837,168832
1789702170,2139194,157940,101131,3275344,81442,662416,5104,146784
1789702172,2140107,158032,101967,3342728,81505,663404,6430,173024
1789702175,2141071,158056,102836,3396684,81573,664520,7745,175688
1789702177,2142015,158104,103708,3438672,81635,665528,9038,175116
1789702180,2142939,158372,104511,3474508,81695,666692,10360,151264
1789702182,2143828,158288,105274,3567540,81751,667876,11619,177332
1789702184,2144700,158316,106042,3590576,81810,668988,12829,181244
1789702187,2145577,158328,106856,3608856,81868,669940,13983,182796
1789702189,2146407,158268,107599,3635896,81923,670936,15180,155452
1789702192,2147304,158364,108429,3655996,81984,671936,16403,186784
1789702194,2148203,158252,109283,3670020,82044,672964,17595,185808
1789702196,2149093,158356,110078,3682004,82104,673960,18804,160424
1789702199,2150021,158368,110946,3697172,82164,675080,20023,159352
1789702201,2150857,158368,111742,3704184,82221,676004,21175,191092
1789702203,2151622,158368,112464,3713252,82270,676940,22191,190996
1789702206,2152427,158284,113173,3721296,82323,677976,23264,164340
1789702208,2152551,158360,113315,3722028,82328,678012,23302,163532
1789702211,2152572,158364,113220,3686456,82328,678120,,
1789702213,2152610,158308,113302,3712092,82329,678136,101,64596
1789702215,2153737,159068,114337,3997300,82401,681352,2208,187600
1789702218,2155224,159068,115644,4102244,82493,685776,4668,196340
1789702220,2156764,159068,116972,4186096,82582,689896,7045,194856
1789702223,2158292,159068,118380,4248664,82676,693852,9450,171656
1789702225,2159904,159156,119733,4301904,82770,698672,11935,203852
1789702227,2161464,159108,121081,4343004,82863,703044,14352,205648
1789702230,2163036,159156,122441,4379592,82958,707532,16755,206172
1789702232,2164593,159076,123838,4406868,83052,711772,19142,184472
1789702235,2166173,159168,125151,4433608,83145,716664,21550,215544
1789702237,2167731,159128,126483,4451704,83237,721464,24029,211980
1789702240,2169270,159084,127770,4467632,83326,726220,26326,217892
1789702242,2170769,159132,129030,4513636,83413,730984,28649,187764
1789702244,2172164,159116,130227,4484328,83496,735088,30764,215632
1789702247,2173713,159088,131535,4489632,83589,751452,33134,226896
1789702249,2175266,159072,132843,4493148,83680,744824,35522,222828
1789702251,2176770,159104,134184,4496532,83769,749080,37755,199776
1789702254,2178305,159084,135461,4499496,83857,753728,40024,222508
1789702256,2179819,159136,136783,4501924,83951,758276,42392,232580
1789702259,2181401,159112,138111,4503952,84036,762512,44476,232744
1789702261,2181472,159132,138194,4503868,84037,762596,,
1789702263,2181508,159132,138274,4504060,84038,762572,,
1789702266,2182075,159120,138872,4504552,84074,764308,1420,234948
1789702268,2183991,159052,140425,4507404,84162,769728,4423,242904
1789702271,2185894,159112,141934,4508772,84247,775556,7479,219760
1789702273,2187769,159088,143438,4509212,84336,781160,10486,245576
1789702275,2189576,159172,144897,4510144,84419,786624,13408,254116
1789702278,2191471,159132,146441,4510172,84504,792192,16466,245952
1789702280,2193370,159172,147934,4510356,84587,797996,19406,229492
1789702283,2195244,159092,149436,4510804,84674,803612,22310,258400
1789702285,2197076,159140,150922,4510944,84758,809124,25169,256544
1789702287,2198908,159168,152398,4511228,84841,814824,28050,261532
1789702290,2200837,159164,153951,4511288,84928,821040,31067,239004
1789702292,2202741,159116,155528,4511492,85016,826884,34036,267360
1789702295,2204756,159084,157133,4511644,85106,832980,37052,284092
1789702297,2206637,159132,158638,4511744,85192,838596,39846,269940
1789702299,2208489,159088,160142,4511696,85278,844532,42646,249816
1789702302,2210352,159136,161760,4544880,85363,849496,45395,273776
1789702304,2212292,159076,163353,4548352,85454,855248,48135,281648
1789702307,2214109,159160,164820,4548432,85539,861016,50875,305092
1789702309,2216010,159168,166354,4610904,85627,866908,53686,256500
1789702312,2216620,159124,166911,4656588,85648,868396,103,92968
1789702314,2216655,159160,166908,4513372,85649,868416,,
1789702316,2216691,159124,166993,4513336,85805,1764972,,
1789702318,2216747,159168,167065,4513548,85748,931364,389,150264
1789702321,2216948,159088,167126,4513604,85762,904024,1229,150180
1789702323,2217147,159128,167199,4513500,85777,885000,2065,127352
1789702326,2217348,159168,167282,4513620,85790,878016,2902,156548
1789702328,2217553,159124,167356,4513620,85805,880140,3729,158036
1789702330,2217774,159172,167438,4513532,85819,882208,4506,131392
1789702333,2217993,159132,167512,4513592,85834,884288,5333,133204
1789702335,2218209,159088,167591,4513612,85850,886212,6130,160884
1789702337,2218425,159168,167677,4513652,85864,887992,6921,162536
1789702340,2218608,159092,167745,4513648,85876,890052,7757,138676
1789702342,2218824,159124,167817,4513700,85893,892248,8556,138740
1789702345,2219022,159072,167892,4513676,85908,894388,9378,172496
1789702347,2219203,159128,167940,4513752,85922,896396,10205,171592
1789702349,2219402,159060,168010,4513732,85934,898592,10974,142228
1789702352,2219601,159112,168095,4513624,85945,900472,11809,148924
1789702354,2219822,159128,168173,4513728,85959,902824,12591,174936
1789702357,2220056,159120,168260,4513832,85979,904836,13334,174292
1789702359,2220267,159176,168342,4513852,85994,907324,14104,152468
1789702361,2220496,159160,168469,4563700,86012,909404,14853,154976
1789702364,2220656,159128,168510,4515304,86023,910456,113,92432
1789702366,2220659,159084,168513,4515316,86023,910484,,
1789702368,2220717,159072,168534,4515624,86029,911212,522,159264
1789702371,2221081,159160,168672,4515672,86055,915252,2244,154952
1789702373,2221481,159084,168806,4515624,86079,919088,3889,135148
1789702376,2221837,159092,168933,4515604,86120,958712,5344,168108
1789702378,2222200,159088,169049,4515632,86170,982160,6783,169036
1789702381,2222579,159088,169191,4515636,86222,992092,8340,173640
1789702383,2222958,159116,169317,4515636,86271,997352,9911,146036
1789702385,2223351,159116,169469,4515684,86327,1001288,11478,175576
1789702388,2223769,159080,169621,4515616,86382,1004932,12988,181020
1789702391,2223976,159080,169684,4515660,86406,1006152,13687,182448
1789702393,2224203,159084,169767,4515640,86436,991828,14808,180924
1789702397,2224484,159124,169849,4515664,86458,993620,15700,154088
1789702399,2224853,159136,169972,4515744,86490,996768,17199,186708
1789702401,2225238,159136,170105,4515708,86526,1000528,18659,187464
1789702404,2225628,159136,170248,4515652,86564,1004120,20169,192396
1789702406,2226008,159092,170368,4515820,86598,1008132,21703,167864
1789702409,2226395,159164,170511,4515704,86630,1011768,23244,195760
1789702411,2226805,159104,170657,4515692,86669,1015796,24750,201044
1789702413,2227125,159164,170761,4515832,86692,1018444,25835,199640
1789702416,2227129,159164,170765,4515820,86695,1018352,,
1789702418,2227129,159172,170767,4515736,86698,1018432,,
1789702420,2227326,159056,171030,4550028,86717,1018700,1874,172496
1789702423,2227736,159076,171554,4516352,86746,1002348,4934,177900
1789702425,2228139,159132,172079,4516580,86775,1002340,7737,155488
1789702428,2228440,159088,172489,4516556,86798,1002312,9495,170452
1789702431,2228751,159056,172894,4516420,86820,1002252,11278,160384
1789702434,2229091,159132,173305,4516428,86842,1002324,12904,178960
1789702437,2229362,159164,173650,4516472,86860,1002248,14309,184096
1789702440,2229639,159136,174002,4516452,86880,1002340,15846,208928
1789702443,2229922,159132,174365,4516536,86901,1002372,17241,176996
1789702446,2230349,159132,174922,4516568,86929,1002256,19860,166948
1789702448,2230812,159056,175542,4516504,86961,1002324,22756,192912
1789702451,2231268,159056,176157,4516532,86992,1002300,25739,194364
1789702453,2231734,159164,176758,4516544,87025,1002368,28716,195332
1789702455,2232047,159076,177165,4516408,87045,1002348,30497,186832
1789702458,2232474,159060,177729,4516472,87076,1002344,33045,198640
1789702461,2232961,159080,178364,4516580,87108,1002344,35922,201228
1789702463,2233457,159172,179037,4516500,87143,1002336,38836,209304
1789702466,2233703,159128,179313,4516472,87156,1002352,86,92784
1789702468,2233703,159076,179321,4516440,87225,1246380,,
1789702470,2233706,159160,179322,4516424,87281,1067232,88,129684
1789702473,2233831,159084,179449,4517488,87299,1047616,638,151080
1789702475,2234028,159076,179647,4517904,87322,1023620,1290,150684
1789702477,2234208,159084,179827,4517936,87347,1009396,1997,150864
1789702480,2234408,159168,180015,4517716,87370,1010928,2653,125560
1789702482,2234601,159160,180210,4519488,87395,1013088,3328,155036
1789702484,2234805,159056,180409,4519416,87423,1015076,3963,156968
1789702487,2235022,159076,180613,4519432,87450,1017316,4607,138112
1789702489,2235224,159080,180817,4519456,87469,1019436,5260,130160
1789702492,2235422,159084,181031,4519364,87491,1021536,5895,157404
1789702494,2235608,159172,181213,4519364,87514,1023676,6574,156912
1789702496,2235803,159076,181419,4519312,87534,1025612,7214,197724
1789702499,2235993,159128,181612,4519468,87557,1027524,7879,132060
1789702501,2236195,159084,181808,4519464,87580,1029452,8488,163256
1789702504,2236408,159056,182022,4519344,87604,1031348,9085,164928
1789702506,2236598,159076,182209,4519444,87627,1033408,9749,138172
1789702508,2236823,159084,182414,4519472,87657,1035484,10352,137188
1789702511,2237025,159084,182629,4519368,87679,1037636,10969,168356
1789702513,2237216,159124,182818,4519476,87706,1039528,11606,165888
1789702515,2237409,159156,183010,4519504,87732,1041364,12232,140132
1789702518,2237477,159168,183079,4519384,87740,1041820,138,92860
1789702520,2237480,159080,183081,4519468,87792,1242420,,
1789702522,2237484,159164,183082,4519492,87840,1222488,92,137056
1789702525,2237677,159124,183110,4522332,87849,1163824,102,115176
1789702527,2237869,159132,183133,4523660,87856,1083840,112,142720
1789702530,2238070,188648,183159,4525296,87864,1046808,123,142476
1789702532,2238274,224604,183188,4527136,87870,1046792,135,126684
1789702534,2238474,179144,183210,4527944,87878,1046800,145,116600
1789702537,2238684,224632,183236,4529204,87885,1046868,156,142400
1789702539,2238895,224640,183257,4529904,87892,1046852,164,143764
1789702541,2239104,159120,183296,4530912,87899,1043028,174,116348
1789702544,2239312,224588,183311,4531264,87904,1042964,186,117096
1789702546,2239534,224580,183329,4531644,87910,1042896,199,144736
1789702549,2239746,159168,183354,4531820,87919,1043036,209,146272
1789702551,2239960,224548,183373,4532480,87925,1042952,214,117292
1789702553,2240172,224644,183399,4533064,87933,1042980,225,117316
1789702556,2240384,208324,183420,4533368,87938,1043096,234,144280
1789702558,2240598,159084,183442,4533520,87948,1043096,247,144216
1789702560,2240804,159056,183467,4533628,87960,1043032,256,117336
1789702563,2241004,159172,183488,4533592,87972,1042924,262,117856
1789702565,2241006,159168,183488,4533712,87979,1043028,,
1789702568,2241095,290100,183502,4533584,87987,1043012,132,145504
1789702570,2241514,285012,183536,4533848,87997,1042920,147,142260
1789702572,2241939,224524,183579,4533940,88011,1042984,163,119048
1789702575,2242366,290052,183608,4534012,88024,1041992,177,147120
1789702577,2242805,224584,183647,4534044,88031,1037344,198,148060
1789702580,2243238,273644,183688,4534200,88040,1020280,219,148820
1789702582,2243672,290100,183731,4534380,88047,1009712,235,122748
1789702584,2244084,159084,183776,4534464,88052,1002392,253,150508
1789702587,2244496,290072,183813,4534628,88057,1002332,273,149908
1789702589,2244924,290020,183839,4534520,88061,1002236,291,149896
1789702592,2245349,289992,183875,4534608,88066,1002352,303,122420
1789702594,2245765,290008,183911,4534740,88071,1002304,319,149524
1789702596,2246191,290028,183951,4534620,88077,996484,335,149032
1789702599,2246618,239328,183996,4534584,88083,996472,352,149508
1789702601,2247034,232996,184052,4535004,88088,996420,371,122712
1789702603,2247450,224628,184094,4535272,88095,996456,388,149908
1789702606,2247862,224604,184141,4535336,88103,992920,408,149780
1789702608,2248089,159088,184166,4535448,88106,992888,,
1789702611,2248091,159084,184166,4535460,88107,992940,,
1789702613,2248279,355560,184180,4535516,88112,992920,128,164716
1789702615,2249119,290048,184260,4535684,88120,987288,155,129932
1789702618,2249922,355560,184333,4535652,88127,987276,184,130216
1789702620,2250746,357560,184402,4535740,88135,987340,222,157976
1789702622,2251561,421056,184476,4535792,88143,987364,263,157040
1789702625,2252372,321284,184551,4535792,88153,982328,300,130260
1789702627,2253203,420972,184633,4536020,88162,982372,333,130268
1789702629,2254033,413664,184710,4535888,88171,982408,368,159440
1789702632,2254887,232752,184789,4535916,88181,982488,399,156612
1789702634,2255734,421024,184862,4536072,88191,978996,428,130264
1789702637,2256573,355540,184917,4536112,88197,979128,457,131676
1789702639,2257411,420984,184979,4536128,88204,979064,488,159312
1789702641,2258253,420984,185031,4536112,88211,979232,514,158456
1789702644,2259121,355552,185088,4536088,88218,979200,546,131304
1789702646,2259977,421016,185152,4536112,88226,975176,582,131332
1789702648,2260826,355508,185224,4536152,88235,975168,613,158572
1789702651,2261666,420956,185288,4536156,88244,975228,640,157744
1789702653,2262305,159096,185336,4536016,88251,975312,660,131764
1789702655,2262307,159160,185338,4535988,88251,972656,,
1789702658,2262310,159112,185343,4536012,88255,972624,133,174588
1789702660,2263750,683012,185434,4536340,88265,972736,183,142156
1789702663,2265308,682932,185578,4536900,88280,972816,244,169216
1789702665,2266957,552076,185722,4537020,88298,969400,314,169680
1789702667,2268664,599796,185851,4536912,88313,969524,372,170608
1789702670,2270347,612772,185996,4536920,88327,969616,424,145656
1789702672,2271954,159188,186133,4536992,88348,969672,485,171860
1789702675,2273691,486504,186276,4537008,88364,966836,542,171656
1789702677,2275359,682960,186399,4537080,88378,966964,600,174024
1789702680,2276993,494540,186531,4537052,88393,967072,654,147072
1789702682,2278609,552000,186667,4536924,88408,967152,721,174596
1789702684,2280240,491428,186812,4537008,88427,964176,786,175460
1789702687,2281868,617552,186962,4537024,88445,964184,849,176328
1789702690,2283418,552076,187102,4536980,88468,964272,916,174948
1789702693,2285127,426648,187251,4537096,88488,964388,973,148032
1789702696,2286632,159224,187399,4537008,88508,964412,1031,147932
1789702699,2287933,159192,187504,4536932,88520,960376,1070,174616
1789702701,2287936,159248,187506,4537032,88524,960412,,
1789702703,2287938,159272,187507,4537068,88526,960396,55,43720
1789702706,2288478,378232,187560,4537116,88537,957544,240,199684
1789702708,2290294,186136,187722,4537100,88560,957592,342,199304
1789702710,2292153,683128,187878,4537140,88578,957704,440,172276
1789702713,2294039,604752,188038,4537052,88596,957820,531,202428
1789702715,2296016,631604,188213,4537092,88621,954560,619,201916
1789702718,2297951,683056,188379,4537060,88643,954600,701,203728
1789702720,2299900,621084,188547,4537092,88671,952436,787,175896
1789702722,2301859,683168,188733,4537868,88697,947832,882,205268
1789702725,2303829,410868,188911,4537792,88721,947728,973,207872
1789702727,2305834,513420,189107,4537980,88746,941116,1070,206416
1789702730,2307701,683116,189255,4538156,88769,931276,1168,181472
1789702732,2309486,683056,189448,4538156,88799,922356,1263,207372
1789702735,2311633,673808,189643,4538280,88829,908656,1358,208272
1789702738,2313859,612856,189866,4538300,88863,885908,1450,209716
1789702741,2316261,683116,190107,4538284,88897,879904,1544,209736
1789702744,2318556,517564,190346,4538168,88928,861908,1639,209512
1789702747,2319122,159364,190379,4538128,88935,850552,,
1789702750,2319123,159380,190379,4538296,88938,846960,,
1789702753,2319125,159384,190379,4538172,88940,847040,,
1789702755,2319129,159424,190384,4538264,88941,841448,,
1789702757,2319132,159420,190386,4538288,88944,837204,,
1789702760,2319135,159340,190390,4538212,88946,837204,,
1789702762,2319138,159336,190393,4538244,88947,837100,,
1789702764,2319140,159416,190394,4538232,88950,837176,,
1789702767,2319142,159312,190394,4538252,88950,837044,,
1789702769,2319145,159368,190396,4538240,88952,832696,,
1789702771,2319148,159384,190397,4538144,88953,832752,,
1789702773,2319150,159340,190399,4538272,88957,832708,,
1789702776,2319154,159384,190399,4538164,88957,832592,,
1789702778,2319157,159424,190402,4538232,88958,829192,,
1789702780,2319159,159344,190406,4538264,88960,829116,,
1789702783,2319162,159332,190414,4538764,88961,829144,,
1789702785,2319166,159376,190418,4538748,88962,829172,,
1789702787,2319169,159340,190418,4538784,88964,826744,,
1789702790,2319172,159424,190419,4538740,88965,826744,,
1789702792,2319174,159416,190423,4538696,88967,826744,,
1789702794,2319176,159368,190423,4538724,88967,826708,,
1789702796,2319178,159420,190426,4538764,88969,826716,,
1789702799,2319181,159332,190427,4538752,88971,823936,,
1789702801,2319184,159368,190429,4538696,88971,823960,,
1789702803,2319186,159340,190430,4538756,88972,823828,,
1789702806,2319187,159332,190431,4538636,88973,823992,,
1789702808,2319191,159392,190433,4538808,88974,820172,,
1789702810,2319192,159416,190434,4538776,88975,820224,,
1789702813,2319195,159332,190437,4538760,88976,820176,,
1789702815,2319197,159424,190437,4538764,88978,820256,,
1789702817,2319201,159424,190437,4538748,88979,818524,,
1789702820,2319203,159340,190439,4538664,88980,818452,,
1789702822,2319205,159424,190442,4538744,88981,818536,,
1789702824,2319208,159340,190443,4538624,88982,818416,,
1789702827,2319210,159332,190443,4538736,88983,818568,,
1789702829,2319213,159328,190444,4538744,88984,816168,,
1789702831,2319216,159384,190446,4538724,88985,816172,,
1789702834,2319217,159328,190447,4538756,88985,816196,,
1789702837,2319219,159424,190450,4538776,88986,814496,,
1789702839,2319222,159412,190452,4538760,88988,814320,,
1789702842,2319223,159416,190454,4538764,88989,814340,,
1789702845,2319225,159424,190456,4538700,88989,814408,,
1789702847,2319228,159340,190456,4538820,88990,812104,,
1789702850,2319230,159328,190458,4538844,88991,812240,,
1789702853,2319232,159344,190458,4538780,88991,812224,,
1789702855,2319234,159388,190460,4538784,88993,812260,,
1789702858,2319236,159420,190462,4538824,88994,810700,,
1789702860,2319239,159388,190467,4538768,88994,810760,,
1789702862,2319242,159424,190468,4538800,88995,810652,,
1789702865,2319243,159424,190470,4538784,88997,810712,,
1789702867,2319247,159328,190473,4538692,88997,808616,,
1789702869,2319248,159384,190475,4541792,88998,808548,,
1789702871,2319251,159360,190474,4538708,88999,808656,,
1789702874,2319252,159420,190475,4538800,89000,808672,,
1789702876,2319256,159332,190476,4538804,89001,808616,,
1789702878,2319258,159420,190476,4538680,89002,806956,,
1789702881,2319260,159328,190477,4538824,89002,806956,,
1789702883,2319263,159420,190478,4538756,89003,807012,,
1789702885,2319265,159416,190478,4538800,89004,807040,,
1789702887,2319267,159328,190479,4538904,89005,805432,,
1789702890,2319269,159340,190479,4538820,89006,805460,,
1789702892,2319272,159328,190480,4538768,89006,805484,,
1789702894,2319275,159368,190481,4538892,89007,805480,,
1789702896,2319278,159340,190482,4538836,89009,805392,,
1789702899,2319280,159324,190482,4538780,89009,804884,,
1789702901,2319283,159428,190485,4539036,89010,804844,,
1789702903,2319284,159332,190485,4538956,89010,804880,,
1789702906,2319287,159388,190488,4539020,89011,804848,,
1789702908,2319288,159376,190489,4539032,89012,803628,,
1789702910,2319291,159340,190493,4539052,89013,803600,,
1789702912,2319294,159376,190494,4539068,89014,803608,,
1789702915,2319296,159364,190496,4539052,89014,803536,,
1789702917,2319298,159392,190500,4539064,89016,801776,,
1789702919,2319301,159312,190503,4539088,89016,801744,,
1789702921,2319303,159328,190508,4539044,89017,801752,,
1789702924,2319305,159384,190509,4539044,89018,801796,,
1789702926,2319307,159340,190511,4539060,89018,801760,,
1789702928,2319310,159364,190513,4539088,89020,801740,,
1789702930,2319313,159340,190514,4539036,89020,801704,,
1789702933,2319315,159424,190514,4539016,89021,801768,,
1789702935,2319317,159384,190515,4539036,89021,801780,,
1789702938,2319319,159416,190516,4539016,89023,800224,,
1789702940,2319321,159340,190519,4539044,89023,800188,,
1789702943,2319323,159332,190518,4539008,89023,800164,,
1789702945,2319325,159384,190518,4538984,89025,800264,,
1789702948,2319327,159384,190519,4538980,89026,798932,,
1789702951,2319329,159384,190520,4539008,89026,798916,,
1789702953,2319331,159416,190523,4539020,89027,798928,,
1789702956,2319333,159388,190522,4539064,89027,798932,,
1789702959,2319335,159332,190525,4539084,89028,797032,,
1789702961,2319338,159384,190526,4538980,89028,797032,,
1789702964,2319341,159344,190527,4539008,89030,797044,,
1789702966,2319341,159372,190528,4539076,89030,796992,,
1789702969,2319343,159384,190527,4539064,89031,796148,,
1789702971,2319346,159412,190530,4539048,89032,796068,,
1789702974,2319347,159372,190531,4539068,89033,796120,,
1789702976,2319349,159416,190531,4538996,89033,796004,,
1789702979,2319352,159328,190533,4539048,89034,795288,,
1789702982,2319353,159384,190534,4539072,89034,795300,,
1789702984,2319355,159384,190537,4539132,89035,795228,,
1789702987,2319358,159340,190537,4539160,89035,795304,,
1789702990,2319359,159420,190540,4539028,89037,793952,,
1789702992,2319361,159388,190541,4539084,89037,793924,,
1789702995,2319364,159420,190544,4539060,89038,793956,,
1789702997,2319365,159336,190545,4539120,89038,793812,,
1789703000,2319368,159376,190546,4538984,89039,793528,,
1789703003,2319370,159392,190547,4539128,89040,793424,,
1789703005,2319372,159380,190547,4539004,89040,793504,,
1789703008,2319375,159388,190548,4539072,89041,793580,,
1789703010,2319377,159304,190551,4538984,89042,792304,,
1789703012,2319379,159368,190552,4539092,89043,792232,,
1789703015,2319382,159368,190554,4539076,89043,792320,,
1789703017,2319384,159420,190555,4539100,89044,792388,,
1789703019,2319385,159336,190557,4539076,89045,790384,,
1789703021,2319388,159388,190560,4539188,89046,790416,,
1789703024,2319390,159412,190561,4539300,89047,790428,,
1789703027,2319392,159308,190561,4539300,89047,790440,,
1789703029,2319394,159428,190561,4539180,89048,788852,,
1789703031,2319396,159340,190564,4539252,89048,788880,,
1789703033,2319400,159380,190567,4539304,89049,788876,,
1789703036,2319481,159380,190656,4539440,89062,788748,417,190660
1789703038,2319647,159328,190815,4539464,89082,789664,982,190928
1789703041,2319826,159364,190990,4539436,89104,790976,1509,164452
1789703043,2320001,159376,191142,4539500,89124,791800,1903,164892
1789703046,2320003,159388,191144,4539496,89125,791776,,
1789703048,2320006,159364,191147,4539484,89126,791652,,
1789703051,2320008,159412,191148,4539516,89127,791540,,
1789703053,2320010,159412,191149,4539424,89127,791616,,
1789703056,2320013,159388,191153,4539484,89128,791652,,
1789703058,2320015,159428,191156,4539488,89129,791004,,
1789703061,2320017,159336,191155,4539432,89129,791056,,
1789703063,2320020,159332,191155,4539408,89130,791072,,
1789703066,2320023,159376,191156,4539504,89132,791012,,
1789703068,2320025,159332,191158,4539540,89133,789696,,
1789703071,2320028,159332,191158,4539396,89132,789764,,
1789703073,2320030,159364,191160,4539476,89134,789808,,
1789703076,2320033,159360,191159,4539472,89134,789728,,
1789703079,2320035,159344,191160,4539448,89135,789104,,
1789703081,2320037,159336,191169,4539636,89135,788984,,
1789703084,2320040,159424,191170,4539620,89137,788992,,
1789703086,2320042,159388,191171,4539640,89138,789036,,
1789703089,2320045,159388,191172,4539676,89138,787288,,
1789703091,2320047,159420,191174,4539644,89139,787208,,
1789703094,2320049,159340,191176,4539512,89140,787360,,
1789703096,2320052,159368,191178,4539668,89140,787228,,
1789703099,2320054,159380,191181,4539668,89141,785884,,
1789703101,2320056,159376,191182,4539632,89142,785824,,
1789703104,2320058,159332,191182,4539532,89142,785928,,
1789703106,2320061,159336,191185,4539648,89144,785936,,
1789703109,2320063,159416,191188,4539640,89144,784640,,
1789703111,2320065,159336,191188,4539636,89145,784684,,
1789703114,2320067,159368,191189,4539688,89146,784560,,
1789703116,2320069,159312,191190,4539708,89146,784640,,
1789703119,2320071,159312,191192,4539648,89147,784064,,
1789703122,2320073,159380,191193,4539668,89147,784000,,
1789703124,2320076,159412,191196,4539620,89149,784060,,
1789703127,2320078,159416,191196,4539632,89149,784000,,
1789703129,2320080,159308,191197,4539540,89150,782288,33,34076
1789703132,2320152,159340,191271,4539536,89162,782264,401,158376
1789703135,2320320,159412,191419,4539628,89183,782292,836,188376
1789703138,2320498,159424,191582,4539484,89207,783128,1295,188820
1789703140,2320579,159328,191657,4539660,89214,783368,,
1789703143,2320582,159340,191659,4539696,89215,783484,,
1789703145,2320585,159340,191660,4539704,89216,783456,,
1789703148,2320586,159336,191662,4539676,89217,783440,,
1789703151,2320588,159412,191663,4539744,89218,783156,,
1789703153,2320591,159384,191665,4539736,89218,783244,93,180548
1789703156,2320708,159376,191786,4539780,89236,783288,559,161128
1789703158,2320896,159384,191955,4539872,89259,783504,1066,188524
1789703161,2321116,159364,192170,4539784,89283,785024,1661,192172
1789703163,2321184,159388,192222,4539828,89289,785324,,
1789703166,2321186,159420,192224,4539812,89291,785356,,
1789703168,2321189,159376,192225,4539828,89292,785296,,
1789703171,2321191,159416,192226,4539820,89292,785324,,
1789703173,2321193,159412,192229,4539684,89294,785232,,
1789703176,2321196,159364,192229,4539684,89293,785220,,
1789703178,2321199,159420,192232,4539792,89295,785240,,
1789703181,2321202,159416,192236,4542168,89296,785200,,
1789703183,2321204,159340,192240,4542152,89296,783904,,
1789703186,2321206,159424,192241,4542168,89297,783956,,
1789703189,2321208,159336,192242,4542196,89297,783936,,
1789703191,2321210,159336,192243,4542160,89298,783880,,
1789703194,2321212,159420,192243,4542052,89299,781992,,
1789703196,2321214,159420,192244,4542164,89300,782080,,
1789703199,2321216,159384,192245,4542060,89300,782092,,
1789703201,2321218,159364,192250,4542264,89301,782032,,
1789703204,2321220,159424,192250,4542216,89303,781284,,
1789703207,2321222,159324,192253,4542184,89302,781156,,
1789703210,2321224,159372,192255,4542212,89303,781316,,
1789703213,2321226,159388,192256,4542272,89304,780816,,
1789703215,2321228,159376,192257,4542120,89304,780684,,
1789703218,2321230,159336,192257,4542236,89304,780828,,
1789703220,2321232,159388,192259,4542184,89305,780776,,
1789703223,2321234,159340,192261,4542200,89306,779112,,
1789703226,2321236,159408,192261,4542272,89307,779020,,
1789703228,2321239,159372,192260,4542120,89307,779108,,
1789703231,2321241,159384,192261,4542164,89308,779136,,
1789703234,2321243,159384,192262,4542152,89309,777684,,
1789703236,2321244,159340,192263,4542248,89309,777720,,
1789703239,2321246,159340,192263,4542192,89310,777616,,
1789703242,2321248,159340,192264,4542224,89311,777692,,
1789703245,2321250,159388,192265,4542248,89311,776140,,
1789703247,2321252,159336,192264,4542256,89312,776156,,
1789703250,2321254,159332,192268,4542252,89312,776176,,
1789703252,2321256,159336,192268,4542260,89315,774096,,
1789703255,2321258,159364,192268,4542232,89314,774188,,
1789703258,2321262,159332,192271,4542296,89315,774272,,
1789703260,2321263,159420,192280,4542436,89317,774188,66,95600
1789703263,2321347,159344,192397,4542448,89338,773324,750,183704
1789703267,2321584,159384,192613,4542416,89367,775288,1488,162844
1789703270,2321717,159424,192729,4542460,89380,776032,67,61572
1789703273,2321719,159388,192729,4542368,89380,775808,,
1789703276,2321721,159372,192730,4542456,89381,775756,,
1789703279,2321724,159336,192731,4542444,89381,775756,,
1789703282,2321726,159412,192731,4542368,89383,775744,,
1789703284,2321728,159332,192732,4542392,89383,775360,,
1789703287,2321730,159384,192736,4542428,89384,775372,,
1789703290,2321731,159364,192736,4542408,89384,775288,,
1789703293,2321733,159332,192736,4542364,89385,775324,,
1789703295,2321737,159344,192737,4542448,89386,773884,,
1789703298,2321737,159424,192739,4542412,89386,773892,,
1789703301,2321739,159392,192739,4542460,89388,773844,,
1789703303,2321741,159336,192740,4542424,89388,772592,,
1789703306,2321743,159376,192743,4542468,89389,772476,,
1789703308,2321745,159384,192743,4542312,89389,772520,,
1789703311,2321746,159416,192744,4542456,89390,772424,,
1789703313,2321749,159416,192746,4542464,89390,770960,,
1789703316,2321750,159332,192747,4542468,89391,770956,,
1789703318,2321752,159340,192747,4542488,89392,770960,,
1789703321,2321754,159368,192751,4542468,89393,770924,,
1789703323,2321756,159416,192751,4542320,89393,768784,,
1789703326,2321758,159312,192752,4542488,89394,768908,,
1789703329,2321759,159340,192753,4542492,89395,768920,,
1789703331,2321761,159368,192754,4542472,89396,768796,,
1789703334,2321763,159384,192755,4542420,89396,768656,,
1789703336,2321764,159412,192755,4542372,89396,768548,,
1789703339,2321766,159420,,,89397,768652,,
1789703341,2321768,159392,192757,4542464,89397,768668,,
1789703344,2321770,159336,192757,4542444,89398,766248,,
1789703346,2321771,159340,192762,4542460,89399,766332,,
1789703348,2321774,159372,192764,4542344,89399,766332,,
1789703351,2321775,159416,192764,4542444,89400,766228,,
1789703354,2321776,159372,192764,4542444,89400,764888,,
1789703356,2321779,159344,192765,4542468,89401,764840,,
1789703359,2321780,159376,192767,4542512,89401,764944,,
1789703361,2321781,159424,192767,4542436,89402,764908,,
1789703364,2321783,159376,192768,4542500,89403,762300,,
1789703367,2321786,159416,192770,4542484,89404,762348,,
1789703369,2321787,159424,192770,4542472,89404,762328,,
1789703372,2321788,159412,192771,4542388,89404,762336,,
1789703375,2321790,159392,192772,4542428,89405,761220,,
1789703377,2321794,159332,192772,4542460,89406,761120,,
1789703380,2321794,159416,192773,4542492,89407,761208,,
1789703382,2321795,159364,192777,4542608,89407,761256,,
1789703385,2321798,159376,192777,4542520,89408,759148,,
1789703388,2321800,159328,192779,4542644,89408,759144,,
1789703390,2321801,159376,192780,4542668,89409,759104,,
1789703393,2321803,159308,192782,4542624,89409,756652,,
1789703395,2321804,159416,192782,4542636,89411,756600,,
1789703398,2321806,159368,192783,4542640,89411,756584,,
1789703400,2321808,159420,192784,4542528,89412,756644,,
1789703403,2321810,159424,192786,4542512,89412,755840,,
1789703406,2321811,159372,192786,4542600,89459,1200292,,
1789703409,2321813,159360,192786,4542692,89438,878748,137,149144
1789703412,2322145,159336,193178,4553076,89457,803912,387,156332
1789703415,2322591,159424,193648,4552988,89478,756628,687,130636
1789703418,2323000,159340,194056,4553196,89495,756532,920,157964
1789703421,2323394,159416,194472,4553188,89513,751652,1199,161652
1789703424,2323807,159420,194916,4553260,89534,751644,1489,168552
1789703427,2324276,159324,195390,4553220,89553,751620,1761,168144
1789703430,2324726,159328,195845,4553256,89571,750060,2000,140876
1789703433,2325053,159388,196181,4553204,89586,750156,2225,143404
1789703436,2325474,159380,196630,4553308,89606,750072,2494,171024
1789703439,2325954,159332,197132,4553272,89628,750128,2799,174440
1789703442,2326419,159380,197607,4554692,89649,748784,3083,177240
1789703445,2326937,159420,198163,4554712,89674,748688,3413,177708
1789703449,2327372,159364,198604,4554716,89692,748780,3678,182916
1789703452,2327797,159372,199033,4554696,89710,747356,3904,180732
1789703455,2328120,159408,199348,4554672,89723,747304,120,72488
1789703457,2328122,159332,199350,4554688,89746,897368,83,129748
1789703460,2328199,159388,199377,4554744,89754,865692,625,161644
1789703463,2328399,159420,199449,4554712,89770,789796,1738,175792
1789703466,2328667,159332,199525,4554632,89788,753032,2923,168068
1789703469,2328874,159344,199591,4554648,89801,748016,3783,161512
1789703472,2329069,159364,199657,4554800,89813,748048,4743,167664
1789703475,2329288,159360,199723,4554704,89828,748008,5682,139876
1789703478,2329505,159336,199788,4554728,89843,746172,6646,171504
1789703481,2329734,159416,199862,4554784,89860,746172,7935,168288
1789703485,2330004,159308,199938,4554804,89877,746164,9031,174248
1789703488,2330244,159420,200003,4554680,89892,746200,9981,170272
1789703491,2330471,159412,200073,4554784,89906,746148,10984,218512
1789703494,2330695,159428,200141,4554728,89921,746200,11930,146668
1789703497,2330902,159388,200206,4554672,89934,746164,12820,152660
1789703500,2331141,159380,200280,4554664,89950,746140,13856,180736
1789703503,2331397,159344,200367,4555796,89966,746152,14921,181032
1789703506,2331451,159364,200379,4555812,89968,746024,,
1789703509,2331453,159364,200380,4555812,89970,746108,,
1789703511,2331455,159336,200382,4555788,89969,746068,,
1789703514,2331457,159304,200383,4555812,89970,746152,,
1789703516,2331461,159380,200385,4555792,89972,746128,,
1789703519,2331462,159364,200385,4555808,89971,746056,,
1789703521,2331467,159364,200391,4555868,89973,746048,,
1789703523,2331468,159344,200389,4555788,89973,745988,,
1789703526,2331471,159424,200390,4555752,89974,746092,,
1789703528,2331473,159388,200391,4555800,89975,745252,,
1789703531,2331476,159408,200393,4555732,89976,745096,,
1789703533,2331480,159364,200392,4555772,89976,745192,,
1789703536,2331482,159340,200392,4555848,89977,745196,,
1789703538,2331484,159416,200396,4555804,89978,743580,,
1789703540,2331487,159416,200398,4555892,89979,743508,,
1789703542,2331490,159384,200400,4555764,89980,743624,,
1789703545,2331492,159412,200402,4555840,90007,915436,43,34608
1789703547,2331538,159340,200457,4557772,90017,878096,249,212316
1789703550,2331635,159344,200552,4558544,90034,802232,351,214212
1789703552,2331726,159412,200641,4558824,90050,751220,455,188312
1789703555,2331818,159388,200726,4558940,90064,746588,558,190196
1789703557,2331895,159332,200805,4558884,90078,746420,659,216252
1789703559,2331985,159368,200887,4558988,90090,746528,766,217072
1789703562,2332069,159328,200982,4559648,90103,746500,848,191720
1789703564,2332168,159368,201080,4559828,90119,743508,955,191940
1789703566,2332253,159336,201166,4559960,90129,743508,1047,219188
1789703569,2332339,159388,201247,4571896,90143,743552,1149,219552
1789703571,2332435,159416,201336,4560004,90156,743568,1246,192736
1789703574,2332512,159344,201413,4559880,90167,743640,1345,192728
1789703576,2332599,159340,201497,4559948,90179,743660,1459,219848
1789703578,2332684,159420,201576,4559864,90191,743616,1550,219284
1789703581,2332759,159416,201655,4559844,90204,743696,1653,193212
1789703583,2332854,159308,201744,4559892,90218,743744,1756,193252
1789703586,2332947,159324,201825,4559932,90232,743704,1868,219556
1789703588,2333026,159392,201898,4559956,90241,743720,1985,218920
1789703591,2333131,159424,201992,4559964,90257,743800,2109,219856
1789703593,2333163,159336,202011,4559976,90261,743856,,
1789703596,2333179,159412,202032,4560052,90266,743752,219,217516
1789703598,2333349,159340,202198,4560448,90291,743932,426,224092
1789703601,2333521,159336,202357,4560444,90315,744012,621,213236
1789703603,2333678,159364,202510,4560396,90339,744060,836,240944
1789703606,2333868,159388,202679,4560380,90364,744140,1032,243124
1789703608,2334046,159324,202863,4560416,90396,744208,1250,242784
1789703611,2334247,159416,203039,4560328,90421,744292,1448,246164
1789703614,2334415,159364,203181,4560424,90444,744360,1638,217904
1789703616,2334592,159420,203342,4560796,90471,744376,1849,245784
1789703619,2334769,159424,203499,4560812,90496,744504,2043,244756
1789703621,2334938,159380,203654,4561572,90517,744580,2237,238420
1789703624,2335091,159308,203801,4561940,90539,744552,2412,220260
1789703626,2335256,159388,203953,4562024,90564,744636,2601,248808
1789703629,2335447,159368,204128,4562056,90593,744720,2803,248020
1789703631,2335610,159384,204269,4562368,90615,744680,2985,220576
1789703633,2335756,159308,204423,4562376,90634,744828,3174,220776
1789703636,2335899,159392,204564,4562288,90653,744864,3353,249884
1789703638,2336069,159332,204711,4562332,90678,744968,3534,246976
1789703641,2336217,159372,204849,4562372,90697,745028,3709,221572
1789703643,2336229,159420,204849,4562372,90702,745756,122,93324
1789703645,2336232,159420,204851,4562360,90699,745008,125,143896
1789703648,2336512,159416,205123,4562692,90735,745188,562,252916
1789703650,2336808,159380,205394,4562748,90779,745344,974,301468
1789703653,2337139,159408,205673,4562792,90829,745492,1412,301528
1789703656,2337463,159360,205933,4562728,90869,745648,1767,300104
1789703659,2337792,159380,206225,4562816,90915,745764,2132,275332
1789703661,2338094,159364,206479,4562796,90954,745812,2452,275232
1789703663,2338375,159328,206743,4562712,90993,745976,2789,301224
1789703666,2338653,159364,207000,4562828,91025,746036,3095,303364
1789703668,2338954,159340,207274,4562712,91067,746212,3493,275488
1789703670,2339224,159336,207520,4562808,91097,746220,3806,301804
1789703673,2339492,159368,207753,4562772,91128,746456,4133,303092
1789703675,2339760,159416,207996,4562796,91160,746512,4438,302224
1789703677,2340054,159332,208272,4562824,91200,746688,4784,275704
1789703680,2340333,159368,208529,4562756,91234,746864,5086,302740
1789703682,2340623,159336,208816,4562560,91269,746860,5401,302036
1789703684,2340884,159368,209058,4562692,91300,747120,5730,302244
1789703687,2341143,159328,209286,4562684,91329,747100,6087,276048
1789703689,2341445,159388,209570,4562648,91370,747328,6460,302032
1789703692,2341625,159380,209712,4562524,91387,747272,122,93176
1789703694,2341627,159336,209713,4562664,91387,747376,45,45612
1789703696,2341781,159424,209872,4563204,91414,747472,602,429508
1789703699,2342283,159324,210307,4563312,91467,747804,1158,443720
1789703701,2342794,159388,210751,4563188,91529,748120,1801,421084
1789703703,2343219,159380,211088,4563372,91577,748328,2298,449188
1789703706,2343601,159392,211397,4563312,91621,748484,2762,450660
1789703708,2343986,159328,211703,4563208,91665,748808,3257,452456
1789703710,2344369,159344,212008,4563332,91708,749052,3723,425200
1789703713,2344756,159384,212306,4563280,91753,749188,4207,452196
1789703715,2345136,159344,212600,4563272,91797,749512,4687,452328
1789703717,2345522,159420,212910,4563396,91842,749740,5140,452152
1789703719,2345916,159416,213231,4563392,91892,749940,5639,425696
1789703722,2346395,159332,213642,4563340,91949,750296,6243,452464
1789703724,2346901,159328,214085,4563304,92006,751072,6829,451476
1789703727,2347361,159388,214469,4563420,92062,751696,7396,426632
1789703729,2347844,159380,214899,4563408,92121,752412,8042,426680
1789703731,2348350,159340,215335,4563340,92176,753072,8594,454028
1789703734,2348865,159304,215775,4563372,92237,753712,9204,457076
1789703736,2349347,159412,216167,4563416,92295,754352,9742,429696
1789703738,2349848,159368,216624,4563392,92354,754984,10329,429772
1789703741,2350339,159340,217038,4661768,92404,755620,10796,456356
1789703743,2350342,159336,217052,4665056,92404,755624,81,129788
1789703745,2350480,159376,217217,4564980,92431,755796,299,217732
1789703748,2350775,159332,217548,4565236,92472,756196,491,230292
1789703750,2351076,159328,217883,4565328,92520,756528,665,218804
1789703753,2351349,159392,218190,4565380,92557,756828,878,208036
1789703755,2351647,159380,218529,4565412,92596,757168,1099,236280
1789703757,2351946,159388,218854,4565324,92640,757364,1282,235880
1789703760,2352203,159360,219121,4565336,92683,757800,1463,232784
1789703762,2352475,159416,219433,4565232,92724,758084,1664,210520
1789703764,2352755,159384,219737,4565352,92772,758460,1831,239268
1789703767,2353046,159372,220049,4565316,92815,758716,2038,239688
1789703769,2353364,159392,220391,4565376,92870,759020,2257,213692
1789703772,2353743,159416,220808,4565240,92934,759404,2487,213940
1789703774,2354102,159368,221189,4565304,92992,759788,2713,242512
1789703777,2354442,159376,221570,4565372,93049,760100,2932,240584
1789703779,2354759,159388,221915,4565472,93101,760436,3140,214472
1789703782,2355065,159388,222247,4565384,93149,760768,3344,214500
1789703784,2355354,159324,222569,4565420,93191,761052,3545,242340
1789703786,2355638,159332,222875,4565512,93236,761380,3751,242528
1789703789,2355926,159340,223199,4565472,93279,761760,3944,238828
1789703791,2356013,159384,223282,4565428,93289,761764,151,63428
1789703793,2356015,159420,223283,4565452,93290,761760,156,178100
1789703796,2356361,159344,223639,4565472,93348,762316,519,249736
1789703798,2356829,159380,224110,4565388,93421,762908,827,281328
1789703800,2357320,159412,224635,4565616,93497,763612,1157,284404
1789703803,2357829,159340,225160,4565896,93571,764232,1481,259124
1789703805,2358309,159308,225653,4565824,93644,764888,1788,259088
1789703808,2358779,159380,226129,4565976,93717,765556,2117,285332
1789703810,2359264,159376,226621,4566004,93796,766180,2413,287296
1789703812,2359764,159340,227133,4565944,93867,766748,2724,261300
1789703815,2360262,159368,227654,4566004,93944,767432,3043,261628
1789703817,2360829,159340,228274,4565844,94027,768052,3418,290840
1789703819,2361420,159308,228902,4565876,94116,768824,3790,289932
1789703822,2362036,159384,229586,4565960,94216,769436,4205,265792
1789703824,2362622,159340,230224,4566044,94305,780696,4588,265772
1789703827,2363208,159420,230846,4566004,94385,770680,4926,293772
1789703829,2363795,159344,231484,4565988,94482,771396,5336,296352
1789703832,2364488,159420,232215,4565952,94588,772088,5756,270644
1789703834,2365188,159388,232995,4565948,94700,772812,6198,273764
1789703837,2365890,159416,233705,4565916,94803,773448,6597,298700
1789703840,2366443,159384,234278,4565992,94877,774020,6873,301396
1789703842,2366447,159420,234282,4566004,94878,774020,47,40472
1789703844,2366574,159416,234446,4566892,94881,774020,210,235572
1789703847,2366951,159388,234911,4566904,94888,774008,289,235728
1789703849,2367426,159380,235515,4566784,94899,774012,397,210644
1789703852,2367861,159376,236052,4566836,94908,774016,483,237580
1789703854,2368321,159420,236626,4566836,94918,773872,590,238520
1789703856,2368748,159376,237162,4566840,94926,773940,683,240700
1789703859,2369221,159328,237734,4566872,94937,773932,778,214220
1789703861,2369687,159368,238354,4696272,94947,773924,872,240252
1789703863,2370144,159364,238916,4567312,94959,773812,975,241972
1789703866,2370631,159340,239509,4567264,94971,773508,1064,217652
1789703868,2371051,159336,240022,4567256,94980,773584,1153,215616
1789703871,2371514,159304,240600,4567348,94991,773512,1244,243440
1789703873,2372017,159312,241192,4567316,95002,773436,1327,244700
1789703876,2372481,159336,241785,4567288,95013,773332,1432,245380
1789703878,2372950,159324,242326,4567356,95022,773280,1510,216964
1789703881,2373441,159380,242927,4567384,95034,773360,1615,243980
1789703883,2373935,159420,243556,4567328,95047,773356,1713,242308
1789703886,2374404,159360,244101,4567272,95057,772948,1803,244552
1789703888,2374835,159380,244602,4567204,95065,773020,1883,218452
1789703891,2374892,159384,244641,4567272,95068,773044,129,91976
1789703893,2374895,159380,244664,4687500,95068,772980,77,64260
1789703896,2375316,159384,245177,4567384,95075,772748,304,271976
1789703898,2376044,159376,246061,4567304,95089,772844,447,274212
1789703900,2376882,159328,247062,4567400,95100,772828,594,282364
1789703903,2377858,159376,248297,4567340,95120,772812,762,255296
1789703905,2378659,159372,249265,4567336,95130,772372,889,282380
1789703908,2379366,159420,250110,4567336,95140,772296,1008,283680
1789703910,2380045,159424,250895,4567304,95148,772240,1120,267288
1789703913,2380727,159416,251696,4567312,95157,772320,1233,258804
1789703915,2381396,159328,252469,4567352,95165,771944,1345,284868
1789703917,2382038,159424,253159,4567312,95173,772048,1450,287200
1789703920,2382715,159412,253902,4567364,95182,772048,1560,259452
1789703922,2383411,159420,254735,4743804,95192,772008,1684,259700
1789703924,2384148,159344,255512,4568244,95202,772048,1804,286192
1789703927,2384849,159420,256306,4568148,95211,771464,1921,287044
1789703929,2385599,159312,257203,4568016,95222,771448,2060,261996
1789703931,2386399,159368,258143,4568140,95234,771436,2206,262568
1789703934,2387209,159324,259099,4568108,95249,771408,2344,287708
1789703936,2387932,159340,259945,4568196,95260,771280,2474,288872
1789703938,2388798,159388,260979,4568192,95276,771264,2627,265616
1789703941,2389089,159380,261299,4568212,95279,771304,2668,294204
1789703943,2389092,159388,261347,4708660,95280,771192,74,63940
1789703946,2389105,159408,261322,4568356,95283,782636,206,177284
1789703948,2389138,159392,261369,4568216,95287,770932,301,177184
1789703950,2389173,159376,261415,4568200,95289,770924,395,153256
1789703953,2389204,159360,261467,4568052,95291,770992,498,181368
1789703955,2389239,159428,261516,4568104,95295,770764,601,182016
1789703958,2389277,159328,261574,4567988,95298,770864,694,181284
1789703960,2389303,159340,261614,4568012,95301,770804,772,155896
1789703962,2389337,159372,261658,4568100,95304,770836,850,182376
1789703965,2389360,159372,261698,4568112,95305,771024,943,184000
1789703967,2389386,159388,261745,4568096,95307,770948,1015,185224
1789703969,2389418,159416,261785,4568028,95310,770984,1098,156676
1789703972,2389440,159340,261816,4567988,95313,771068,1166,183964
1789703974,2389465,159364,261854,4568112,95315,771144,1250,183380
1789703976,2389491,159428,261891,4568076,95316,770820,1346,183168
1789703979,2389515,159340,261927,4568084,95319,770740,1447,157428
1789703981,2389540,159340,261969,4636772,95322,770724,1549,185200
1789703983,2389565,159332,262010,4568576,95324,770728,1620,184544
1789703986,2389601,159364,262063,4568584,95327,770376,1708,183992
1789703988,2389630,159328,262105,4568680,95329,770424,1790,158116
1789703991,2389650,159384,262135,4568740,95331,770480,131,93648
1789703993,2389653,159364,262139,4568692,95332,770524,145,186676
1789703996,2389692,159412,262199,4568696,95335,770364,286,168824
1789703998,2389729,159332,262250,4568636,95339,770320,425,199984
1789704000,2389780,159412,262328,4568572,95343,770476,604,200360
1789704003,2389833,159388,262410,4568680,95347,770596,782,175860
1789704005,2389901,159340,262507,4568700,95355,770284,960,176900
1789704007,2389959,159424,262590,4568732,95358,770512,1147,203696
1789704010,2390017,159420,262676,4568728,95363,770464,1323,204532
1789704012,2390083,159376,262762,4568748,95368,770484,1525,177684
1789704014,2390144,159388,262854,4568732,95375,770412,1679,178436
1789704017,2390208,159324,262949,4568728,95380,770072,1836,206352
1789704019,2390266,159392,263028,4568704,95386,769984,1964,205784
1789704022,2390318,159360,263114,4568708,95391,770060,2114,205780
1789704024,2390378,159376,263195,4568696,95397,770056,2280,179660
1789704027,2390434,159424,263273,4568624,95402,768932,2430,207148
1789704029,2390488,159368,263353,4568724,95407,768932,2591,207300
1789704031,2390538,159416,263431,4568700,95411,768940,2764,202468
1789704034,2390599,159412,263522,4568736,95417,768860,2935,180560
1789704036,2390654,159340,263590,4568712,95421,767816,3107,205940
1789704038,2390701,159388,263655,4568668,95427,767792,3257,206460
1789704041,2390704,159336,263665,4672428,95428,767708,85,64332
1789704043,2391725,536684,263707,4568960,95435,767720,320,246992
1789704046,2393674,618684,263779,4569052,95445,766436,500,248436
1789704048,2395603,684156,263862,4569020,95461,766528,666,253624
1789704051,2397572,575676,263940,4568984,95472,766592,815,229984
1789704053,2399411,684196,264024,4569128,95484,766552,1004,257936
1789704055,2401313,600988,264105,4569008,95497,764968,1182,258692
1789704058,2403230,640620,264193,4569132,95512,765008,1349,259852
1789704060,2405055,449028,264255,4569164,95522,764896,1497,233196
1789704062,2406924,557420,264337,4569040,95532,764968,1663,261248
1789704065,2408852,650052,264421,4569120,95546,763120,1827,261340
1789704067,2410830,618540,264503,4568960,95558,763092,2028,262352
1789704070,2412780,463704,264579,4569052,95568,763204,2177,234712
1789704072,2414532,241672,264645,4569088,95579,763512,2339,262000
1789704074,2416411,684156,264726,4569028,95593,763488,2487,262728
1789704077,2418287,667832,264810,4569116,95605,760280,2642,260844
1789704079,2420227,551408,264896,4569080,95620,760260,2811,235280
1789704081,2422214,684132,264976,4569112,95631,760256,2997,262288
1789704084,2424141,684156,265060,4569080,95642,760276,3158,262760
1789704086,2426019,684116,265137,4568992,95652,759004,3344,263944
1789704089,2426608,160440,265157,4568948,95657,758944,,
1789704091,2426629,578032,265168,4569152,95660,759072,205,189488
1789704093,2428659,515464,265397,4569164,95683,759072,397,173752
1789704096,2430638,684200,265597,4569212,95706,756044,567,177236
1789704098,2432649,683892,265807,4569212,95731,756016,744,207072
1789704101,2434707,683948,266030,4569244,95755,756032,923,204236
1789704103,2436771,636348,266308,4710336,95779,755960,1100,180068
1789704105,2438746,191096,266565,4710680,95810,749696,1298,180780
1789704108,2440887,587012,266837,4710772,95840,749604,1494,209484
1789704111,2443095,482808,267105,4710664,95868,749508,1667,208720
1789704113,2445112,635576,267256,4569980,95898,749624,1867,207692
1789704116,2447100,656708,267480,4570132,95930,744548,2053,181556
1789704119,2449291,580148,267741,4570100,95961,744640,2262,181800
1789704121,2451512,683932,267992,4570028,95994,744704,2461,209884
1789704124,2453575,659168,268223,4570100,96025,744672,2652,209132
1789704127,2455670,683980,268441,4570072,96052,741632,2827,210180
1789704129,2457666,683892,268654,4570164,96077,741840,3012,182016
1789704132,2459657,683948,268867,4570156,96103,741860,3192,209308
1789704134,2461677,675240,269089,4570056,96129,741916,3385,209004
1789704136,2463609,160232,269274,4570052,96148,741432,3523,204628
1789704139,2463611,160152,269275,4570108,96149,741420,,
1789704141,2463613,160180,269283,4570104,96154,741536,,
1789704143,2463616,160144,269286,4570100,96153,741556,,
1789704146,2463618,159948,269285,4570124,96156,740980,,
1789704148,2463622,159548,269288,4570092,96155,740824,,
1789704150,2463624,159620,269291,4570084,96157,740800,,
1789704153,2463627,159552,269291,4570104,96158,740908,,
1789704155,2463630,159516,269294,4570076,96161,739684,,
1789704157,2463633,159592,269293,4570124,96161,739668,,
1789704160,2463635,159536,269295,4570104,96163,739672,,
1789704162,2463638,159592,269308,4570056,96164,739664,,
1789704164,2463642,159540,269308,4569980,96164,739712,,
1789704167,2463642,159596,269308,4569960,96164,738580,,
1789704169,2463645,159596,269312,4570068,96165,738596,,
1789704171,2463649,159596,269312,4570020,96166,738584,,
1789704174,2463651,159592,269312,4570072,96167,738600,,
1789704176,2463654,159592,269320,4569988,96167,737948,,
1789704178,2463655,159592,269320,4569940,96170,737940,,
1789704180,2463657,159548,269323,4570104,96168,738044,,
1789704183,2463662,159536,269325,4570060,96169,737864,,
1789704185,2463663,159536,269327,4570060,96170,737792,,
1789704187,2463666,159552,269328,4569948,96169,737780,,
1789704190,2463667,159636,269329,4570052,96170,737720,,
1789704192,2463671,159516,269332,4570112,96171,737696,,
1789704195,2463672,159632,269332,4570016,96172,737808,,
1789704197,2463676,159544,269335,4570076,96173,737616,,
1789704199,2463679,159544,269334,4570112,96174,737612,,
1789704201,2463680,159544,269338,4570020,96174,737656,,
1789704204,2463682,159548,269342,4570088,96175,737624,,
1789704206,2463686,159592,269342,4570056,96175,737456,,
1789704208,2463690,159620,269342,4570080,96177,737416,,
1789704211,2463691,159592,269343,4570104,96177,737452,,
1789704213,2463693,159536,269345,4570104,96177,737428,,
1789704215,2463696,159592,269346,4570040,96178,737304,,
1789704218,2463699,159632,269347,4570076,96179,737288,,
1789704220,2463703,159540,269348,4569976,96180,737260,,
1789704222,2463706,159632,269351,4570052,96181,737296,,
1789704225,2463708,159552,269350,4570068,96182,737280,,
1789704227,2463710,159548,269353,4569988,96185,737072,,
1789704229,2463714,159600,269354,4570100,96186,737064,,
1789704232,2463716,159516,269355,4570012,96186,737016,,
1789704234,2463721,159584,269356,4570036,96187,737084,,
1789704236,2463723,159632,269357,4570012,96188,737112,,
1789704239,2463727,159548,269358,4570136,96189,737140,,
1789704241,2463728,159544,269359,4570144,96192,737060,,
1789704243,2463731,159624,269361,4570184,96191,736980,,
1789704245,2463735,159536,269361,4570136,96192,737120,,
1789704248,2463737,159588,269366,4570096,96192,737060,,
1789704250,2463740,159588,269366,4570088,96194,736984,,
1789704252,2463744,159620,269367,4570092,96195,737028,,
1789704255,2463746,159548,269371,4570144,96196,737056,,
1789704257,2463750,159576,269374,4570140,96196,736900,,
1789704259,2463752,159628,269374,4570156,96197,736904,,
1789704262,2463755,159588,269376,4570104,96198,736920,,
1789704264,2463758,159632,269377,4570060,96199,736840,,
1789704267,2463762,159620,269382,4570132,96200,736948,,
1789704269,2463765,159568,269381,4570160,96203,736804,,
1789704271,2463768,159540,269383,4570184,96202,736788,,
1789704274,2463771,159540,269385,4570188,96204,736796,,
1789704276,2463774,159632,269387,4570116,96204,736788,,
1789704279,2463778,159588,269388,4570044,96206,736852,,
1789704281,2463781,159548,269394,4570092,96206,736604,,
1789704284,2463784,159632,269394,4570064,96207,736744,,
1789704286,2463787,159588,269397,4570112,96208,736760,,
1789704289,2463790,159616,269397,4570196,96209,736696,,
1789704291,2463794,159624,269398,4570072,96209,736580,,
1789704293,2463798,159592,269399,4570188,96211,736596,,
1789704296,2463800,159596,269400,4570244,96212,736572,,
1789704298,2463804,159544,269402,4570100,96213,736580,,
1789704301,2463809,159540,269403,4570216,96214,736592,,
1789704303,2463811,159620,269404,4570072,96215,736596,,
1789704306,2463814,159572,269409,4570200,96216,736424,,
1789704308,2463817,159540,269411,4570148,96217,736556,,
1789704311,2463821,159544,269415,4570200,96218,736428,,
1789704313,2463823,159636,269421,4570152,96219,736468,,
1789704315,2463827,159540,269421,4570196,96220,736444,,
1789704318,2463829,159536,269422,4570076,96222,736428,,
1789704320,2463832,159632,269422,4570188,96222,736440,,
1789704322,2463835,159536,269422,4570196,96225,736472,,
1789704324,2463837,159552,269423,4570196,96223,736436,,
1789704327,2463840,159592,269424,4570148,96224,736424,,
1789704329,2463844,159580,269427,4570228,96225,736444,,
1789704331,2463846,159596,269429,4570152,96228,736404,,
1789704334,2463848,159624,269435,4570096,96227,736392,,
1789704336,2463851,159552,269432,4570216,96229,736368,,
1789704338,2463854,159636,269434,4570220,96230,736356,,
1789704340,2463857,159628,269435,4570192,96230,736396,,
1789704343,2463859,159588,269441,4570108,96231,736380,,
1789704345,2463861,159576,269441,4570228,96232,736300,,
1789704347,2463865,159536,269442,4570216,96232,736180,,
1789704350,2463867,159512,269443,4570192,96232,736312,,
1789704352,2463868,159516,269446,4570076,96233,736284,,
1789704354,2463872,159512,269448,4570120,96235,736204,,
1789704357,2463874,159572,269455,4570236,96234,736128,,
1789704359,2463876,159544,269454,4570232,96235,736132,,
1789704361,2463880,159568,269455,4570196,96235,736156,,
1789704364,2463881,159544,269457,4570228,96236,736112,,
1789704366,2463886,159576,269459,4570196,96236,736000,,
1789704368,2463888,159580,269461,4570116,96237,736140,,
1789704371,2463890,159576,269462,4570120,96238,736020,,
1789704373,2463893,159588,269462,4570072,96238,736128,,
1789704375,2463895,159588,269464,4570236,96238,735924,,
1789704377,2463897,159572,269465,4570192,96238,735976,,
1789704380,2463900,159516,269468,4570180,96240,736020,,
1789704382,2463904,159516,269472,4570232,96240,735996,,
1789704384,2463905,159536,269474,4570104,96240,735952,,
1789704387,2463908,159632,269474,4570232,96240,735972,,
1789704389,2463909,159548,269475,4570072,96241,735908,,
1789704391,2463912,159632,269477,4570236,96287,1198148,,
1789704394,2463915,159592,269501,4653032,96267,882444,99,65620
1789704396,2464866,159624,270429,4575852,96344,824788,761,326012
1789704398,2466081,159592,271609,4576004,96430,762180,1277,356572
1789704401,2467218,159624,272679,4575816,96509,739896,1799,357220
1789704403,2468400,159628,273849,4577024,96591,739744,2296,332472
1789704405,2469548,159616,274922,4577036,96671,739864,2786,363364
1789704408,2470692,159584,276024,4576952,96753,739776,3299,363684
1789704410,2471862,159624,277159,4576968,96833,738488,3823,367884
1789704413,2473164,159588,278463,4576960,96916,738832,4403,342732
1789704415,2474277,159548,279531,4576972,96993,739288,4916,372952
1789704417,2475469,159628,280670,4577048,97073,739772,5435,371300
1789704420,2476601,159544,281758,4577028,97153,740144,5925,376908
1789704422,2477761,159580,282857,4577052,97234,740376,6449,351348
1789704424,2478954,159540,284017,4576992,97318,740700,6987,379676
1789704427,2480155,159588,285183,4577076,97401,741200,7512,383628
1789704429,2481327,159536,286291,4577016,97478,741488,8039,385776
1789704431,2482490,159632,287408,4577060,97559,742004,8561,358692
1789704434,2483715,159592,288563,4576920,97645,742464,9101,390452
1789704436,2484913,159624,289722,4576972,97723,742780,9624,390020
1789704439,2486041,159624,290810,4577092,97801,743184,10134,389276
1789704441,2487291,159620,292046,4577044,97890,743476,10679,364196
1789704443,2488464,159584,293185,4577072,97975,743936,11220,399160
1789704446,2489693,159548,294399,4577148,98058,744372,11768,401184
1789704448,2490848,159552,295483,4577088,98136,744648,12267,372812
1789704450,2492207,159548,296895,4577168,98236,745180,12927,372864
1789704453,2493586,159572,298244,4576988,98330,745540,13530,398860
1789704455,2494845,159616,299479,4577084,98419,745832,14073,407400
1789704458,2496005,159548,300618,4577060,98502,746320,14600,378992
1789704460,2497182,159624,301728,4577000,98577,746732,15125,381268
1789704462,2498459,159596,303024,4689060,98669,747120,15715,407928
1789704465,2499788,159536,304418,4714956,98761,747556,16284,409016
1789704467,2501015,159580,305557,4578004,98845,747920,16826,384392
1789704469,2502381,159548,306954,4577916,98943,748312,17447,384884
1789704472,2503601,159576,308095,4577952,99028,748732,17953,428416
1789704474,2504835,159540,309292,4577960,99115,749036,18493,427156
1789704477,2506019,159576,310443,4578044,99204,749508,19063,401248
1789704479,2507405,159620,311823,4577940,99298,749940,19657,427760
1789704481,2508585,159532,312972,4578032,99382,750360,20189,429716
1789704484,2509957,159628,314365,4577996,99478,750744,20785,427908
1789704486,2511243,159536,315622,4577832,99563,751044,21359,401436
1789704489,2512491,159632,316824,4577976,99648,751472,21894,427828
1789704491,2513700,159592,318007,4577932,99734,751968,22434,443300
1789704493,2514876,159592,319146,4577976,99820,752576,22965,443800
1789704496,2516091,159588,320305,4577864,99902,753244,23488,413572
1789704498,2517368,159628,321595,4577964,99996,753816,24093,441112
1789704500,2518773,159576,322980,4577984,100087,754428,24678,440020
1789704503,2519968,159596,324154,4578016,100167,755060,25205,440056
1789704505,2521141,159572,325286,4578004,100245,755696,25696,413824
1789704508,2522271,159516,326360,4578036,100328,756228,26199,441628
1789704510,2523484,159548,327562,4578036,100410,756880,26730,439708
1789704512,2524614,159540,328624,4578028,100488,757504,27212,439876
1789704515,2526018,225316,329938,4577960,100582,758080,27791,434480
1789704517,2527562,225020,331206,4578032,100677,758636,28332,461292
1789704520,2529105,225004,332464,4578020,100767,759244,28875,461640
1789704522,2530559,225004,333664,4611960,100852,759840,29395,462864
1789704524,2532022,225060,334886,4714292,100940,760628,29924,434992
1789704527,2533543,225016,336218,4722240,101029,761220,30462,436256
1789704529,2535054,225092,337496,4722980,101122,761876,31017,462688
1789704531,2536575,196328,338766,4722972,101211,773488,31552,463580
1789704534,2538086,207620,340036,4722956,101301,763144,32087,438236
1789704536,2539608,210232,341319,4722980,101394,763724,32641,438056
1789704539,2541101,225044,342379,4578664,101482,764344,33168,438132
1789704541,2542564,225008,343573,4578668,101570,765020,33693,466668
1789704543,2544080,225004,344817,4578636,101658,765596,34234,487116
1789704546,2545635,225104,346078,4578656,101749,766236,34801,489496
1789704548,2547213,225004,347407,4578616,101843,766788,35366,462668
1789704551,2549035,225004,348964,4578728,101951,767484,36019,462684
1789704553,2550591,225016,350248,4578744,102036,768224,36555,491456
1789704555,2552091,225008,351493,4578736,102127,768844,37110,491860
1789704558,2553665,168596,352813,4578628,102223,769316,37670,490856
1789704560,2555247,225064,354116,4578484,102313,770120,38206,465172
1789704563,2556851,224988,355397,4578524,102405,770684,38765,465260
1789704565,2558404,225008,356676,4578708,102496,771208,39294,491808
1789704568,2559836,225100,357843,4578620,102581,771944,39807,491064
1789704570,2561278,225048,359020,4578644,102667,772436,40315,492184
1789704572,2562699,225064,360219,4578836,102756,773200,40848,465968
1789704575,2564242,225008,361439,4578708,102844,773756,41381,467032
1789704577,2565787,225088,362759,4578600,102942,774488,41957,494792
1789704580,2567522,225104,364181,4578696,103041,775000,42537,495540
1789704582,2569038,225000,365445,4611624,103131,775776,43090,538640
1789704584,2570478,159624,366640,4720500,103215,776384,43579,514340
1789704587,2572076,225016,368046,4755052,103310,776820,44172,514316
1789704589,2573762,225084,369527,4724456,103415,777556,44781,541604
1789704592,2575601,225044,371223,4757800,103524,778312,45465,541524
1789704594,2577409,225060,372598,4582808,103628,779036,46081,537656
1789704597,2579008,225064,373900,4579920,103721,779596,46615,513036
1789704599,2580530,206584,375178,4579976,103813,780256,47181,513044
1789704601,2582018,225040,376408,4579924,103900,780932,47705,538644
1789704604,2583537,225056,377639,4580008,103994,781540,48277,540688
1789704606,2585172,225008,379004,4579944,104088,782296,48829,538956
1789704609,2586713,225100,380309,4579876,104182,782868,49369,513208
1789704611,2588226,225052,381561,4579840,104271,783492,49927,513300
1789704613,2589994,225020,383059,4580000,104370,784168,50559,542184
1789704616,2591483,225044,384266,4579896,104461,784756,51096,540292
1789704618,2593207,290532,385735,4579912,104564,785412,51732,541504
1789704621,2594860,225064,387091,4579968,104658,786056,52299,514936
1789704623,2596566,226684,388556,4579892,104754,786672,52936,539804
1789704625,2598247,225088,389964,4579968,104854,787396,53528,570724
1789704628,2599978,225056,391460,4579992,104960,787944,54159,628612
1789704630,2601745,225096,392970,4580068,105071,788752,54811,629644
1789704633,2603402,225052,394338,4579944,105161,789232,55350,602536
1789704635,2605140,225048,395846,4580028,105269,790036,56017,602664
1789704638,2606948,225004,397387,4579864,105372,790712,56642,630008
1789704640,2608463,225008,398606,4579948,105459,791292,57175,629648
1789704643,2609990,225096,399948,4612356,105559,803500,57755,629936
1789704645,2611583,225060,401246,4720816,105645,792500,58294,602668
1789704647,2613133,225012,402619,4758060,105740,793284,58853,602656
1789704650,2614721,224984,403841,4580596,105829,793932,59399,628704
1789704652,2616242,225096,405106,4580672,105920,794448,59963,630192
1789704655,2617800,225012,406394,4580856,106012,795160,60522,629396
1789704657,2619281,225064,407644,4580608,106097,795736,61045,602880
1789704659,2620813,225092,408907,4580616,106183,796332,61563,602892
1789704662,2622338,225068,410170,4580688,106276,797024,62124,630928
1789704664,2623965,236620,411555,4580700,106377,797560,62741,629480
1789704667,2625633,225060,412914,4580712,106473,798332,63300,628572
1789704669,2627378,225056,414386,4580668,106578,798832,63950,629220
1789704672,2628948,220604,415669,4580680,106669,799572,64501,602884
1789704674,2630596,225056,417051,4580720,106761,800176,65086,629336
1789704676,2632104,225016,418308,4580616,106851,800844,65620,629536
1789704679,2633611,225088,419545,4580800,106942,801356,66163,629864
1789704681,2635149,159580,420820,4580696,107038,802104,66738,629580
1789704684,2636912,225004,422302,4580708,107137,802772,67336,603456
1789704686,2638502,214984,423619,4580696,107232,803464,67927,683352
1789704688,2640002,225008,424863,4580720,107323,804020,68467,684828
1789704691,2641597,225008,426157,4580628,107415,804764,69027,686824
1789704693,2643104,225008,427398,4580676,107503,805276,69549,658752
1789704696,2644594,225060,428633,4580744,107593,805960,70086,658768
1789704698,2646086,225056,429886,4580672,107685,806664,70667,684088
1789704700,2647624,225044,431134,4580696,107777,807304,71214,683564
1789704703,2649376,256980,432681,4611056,107875,807940,71827,686040
1789704705,2650917,225016,433913,4723188,107961,808576,72330,684560
1789704708,2652493,225092,435289,4759280,108054,809224,72905,659000
1789704710,2654090,251760,436664,4729548,108145,809836,73464,685416
1789704713,2655721,225096,438128,4729600,108243,810500,74096,687380
1789704715,2657365,225004,439480,4729552,108337,811124,74634,685464
1789704717,2658898,224988,440772,4729536,108426,811764,75182,681036
1789704720,2660579,225088,442257,4730052,108530,812388,75829,654832
1789704722,2662376,225016,443561,4581560,108629,812908,76442,681312
1789704725,2663888,225008,444859,4581408,108721,813648,77003,681192
1789704727,2665473,225008,446113,4581468,108808,814268,77520,682576
1789704730,2666956,225040,447371,4581560,108898,814856,78045,659744
1789704732,2668547,225096,448677,4581488,108988,815436,78604,655296
1789704734,2670085,225008,449928,4581616,109076,816140,79139,681868
1789704737,2671630,214980,451208,4581364,109172,816716,79698,681992
1789704739,2673116,225008,452401,4581532,109259,817376,80211,682492
1789704742,2674622,225012,453649,4581580,109347,818012,80765,681536
1789704744,2676168,225008,454911,4581504,109440,818596,81307,655260
1789704746,2677650,225052,456140,4581552,109529,819348,81863,682596
1789704749,2679242,290560,457478,4581492,109624,820004,82441,682756
1789704751,2680829,225096,458744,4581560,109709,820544,82974,683168
1789704754,2682330,225036,459975,4581468,109797,823944,83502,658540
1789704756,2683876,225096,461264,4581344,109887,821796,84051,658412
1789704758,2685460,225008,462587,4581568,109979,822376,84649,779640
1789704761,2687006,225012,463877,4581528,110070,823032,85202,763924
1789704763,2688608,225088,465218,4613052,110163,823692,85764,764008
1789704766,2690236,225064,466637,4722892,110265,824272,86381,738592
1789704768,2691924,236332,468124,4761392,110363,824936,86966,738596
1789704770,2693523,225096,469378,4582424,110457,825592,87516,765992
1789704773,2694937,225036,470540,4582452,110540,826248,88019,766428
1789704775,2696506,225008,471905,4582436,110638,826920,88610,764468
1789704778,2698074,212856,473149,4582416,110729,827484,89148,738584
1789704780,2699705,224988,474501,4582468,110828,828188,89734,738620
1789704782,2701249,225096,475791,4582436,110921,828832,90282,764980
1789704785,2702726,225096,476995,4582328,111009,829328,90818,766308
1789704787,2704260,186368,478273,4582288,111102,830080,91363,766016
1789704790,2705795,225008,479528,4582432,111194,830740,91908,738608
1789704792,2707323,225092,480789,4582372,111285,831252,92473,738628
1789704794,2708838,225048,482033,4582288,111375,831964,93017,764964
1789704797,2710386,225012,483306,4582468,111466,832716,93566,763500
1789704799,2711933,225092,484586,4582464,111560,833412,94120,766576
1789704802,2713631,225064,486032,4582344,111656,833940,94722,738640
1789704804,2715288,225092,487379,4582440,111751,834504,95325,738636
1789704807,2716862,186320,488676,4582440,111841,835204,95867,766984
1789704809,2718331,225008,489886,4582360,111925,835848,96408,764400
1789704811,2719837,219736,491144,4582432,112014,836416,96928,764168
1789704814,2721319,225100,492332,4582412,112100,837136,97447,738676
1789704816,2722787,224980,493564,4582420,112190,837712,97995,738592
1789704819,2724329,225064,494832,4582436,112279,838400,98552,766516
1789704821,2725813,225004,496053,4582340,112365,839040,99096,765676
1789704823,2727362,225096,497353,4615692,112456,839644,99640,764900
1789704826,2728880,225004,498624,4728152,112546,840156,100160,738592
1789704828,2730334,225040,499883,4762656,112635,840888,100715,738588
1789704831,2731854,225016,501057,4583088,112730,841452,101279,764848
1789704833,2733393,225048,502328,4583072,112818,842232,101812,764644
1789704835,2734850,225004,503585,4583092,112910,842768,102349,765088
1789704838,2736441,225100,504850,4583004,113001,843476,102907,738852
1789704840,2737940,225060,506089,4583144,113092,844152,103469,738764
1789704843,2739495,225100,507390,4583196,113185,844752,104012,765744
1789704845,2740977,225048,508626,4583148,113275,845340,104565,764936
1789704847,2742617,225016,510023,4583180,113373,845984,105168,764160
1789704850,2744159,201832,511269,4583196,113466,846552,105735,841736
1789704852,2745827,240844,512672,4583060,113563,847284,106336,795028
1789704855,2747411,225056,513994,4583112,113656,847952,106936,822704
1789704857,2749042,225056,515329,4583004,113748,848616,107499,840220
1789704859,2750620,225016,516652,4583200,113845,849316,108046,843980
1789704862,2752304,225092,518097,4583092,113946,849904,108674,826444
1789704864,2753898,225004,519396,4583160,114037,850508,109242,828040
1789704867,2755394,225040,520614,4583176,114124,851132,109763,856792
1789704869,2756917,225016,521883,4583116,114216,851776,110321,854676
1789704871,2758421,184888,523092,4583100,114304,852436,110851,854788
1789704874,2759995,225096,524375,4583184,114396,853076,111389,828868
1789704876,2761566,225004,525672,4583104,114496,853696,111990,828812
1789704879,2763012,225052,526835,4583200,114579,854320,112509,854304
1789704881,2764500,225088,528041,4583160,114666,854960,113016,855864
1789704883,2766014,225008,529307,4614116,114758,855680,113562,855128
1789704886,2767510,225012,530549,4729504,114847,856320,114082,829532
1789704888,2768928,225056,531735,4762116,114930,856828,114623,829548
1789704890,2770417,225008,533067,4733812,115023,857404,115168,852440
1789704893,2772210,290484,534649,4734748,115127,858220,115806,852540
1789704895,2773820,225096,536022,4734840,115226,858868,116398,854552
1789704898,2775575,225060,537517,4734916,115325,859480,116994,825632
1789704900,2777313,225044,538998,4734816,115425,860144,117611,825624
1789704903,2778852,225044,540280,4734832,115516,860816,118159,851272
1789704905,2780452,225052,541432,4584596,115617,861448,118769,850828
1789704908,2782219,225100,542924,4584552,115717,862028,119346,853208
1789704910,2783890,225012,544345,4584692,115818,862780,119986,825608
1789704912,2785509,224984,545718,4584700,115918,863420,120604,825892
1789704915,2787192,225052,547121,4584688,116015,864044,121182,852284
1789704917,2788715,225016,548387,4584740,116106,864684,121758,851816
1789704920,2790268,225092,549629,4584596,116190,865292,122274,854780
1789704922,2791773,225016,550885,4584712,116283,865820,122855,826104
1789704925,2793314,225092,552165,4584848,116376,866452,123413,826004
1789704927,2794820,225020,553384,4584800,116464,867268,123937,853468
1789704929,2796278,225044,554571,4584708,116550,867892,124459,852060
1789704932,2797733,225012,555799,4584708,116636,868448,125015,851940
1789704934,2799276,225100,557032,4584724,116724,869024,125575,826148
1789704936,2800737,225060,558238,4584824,116813,869784,126124,826108
1789704939,2802206,225016,559446,4584692,116897,870308,126642,854084
1789704941,2803669,225056,560632,4611040,116982,870944,127133,852092
1789704944,2805177,225008,561893,4619368,117070,871604,127687,852384
1789704946,2806701,225068,563192,4726796,117160,872148,128256,826188
1789704948,2808224,225096,564464,4762980,117248,872860,128784,826180
1789704951,2809692,225040,565754,4734852,117336,873368,129313,851920
1789704953,2811184,225044,566874,4585364,117422,873956,129855,854856
1789704956,2812716,225092,568163,4585416,117517,874708,130413,833936
1789704958,2814202,215864,569376,4585412,117604,875352,130961,826168
1789704960,2815769,225012,570671,4585364,117697,875968,131533,852152
1789704963,2817396,225016,572056,4585268,117793,876584,132111,855216
1789704965,2818956,225088,573336,4585548,117886,877256,132706,940484
1789704968,2820495,224984,574621,4585372,117979,877896,133261,922192
1789704970,2822279,225096,576153,4585332,118086,878544,133952,920200
1789704973,2823896,186372,577535,4585368,118181,879116,134508,916988
1789704975,2825491,225048,578820,4585368,118274,879872,135064,943056
1789704977,2827028,193628,580103,4585356,118361,880456,135608,943604
1789704980,2828548,225052,581356,4585408,118454,881140,136160,943324
1789704982,2830080,225052,582614,4585376,118539,881708,136722,918664
1789704985,2831574,166976,583862,4585380,118630,882376,137275,918624
1789704987,2833178,225060,585173,4585332,118721,882996,137816,944484
1789704990,2834795,225036,586575,4585504,118823,883528,138427,947516
1789704992,2836370,225096,587841,4585412,118913,884220,138988,946196
1789704994,2837959,225100,589144,4585536,119003,884868,139528,919876
1789704997,2839600,225092,590516,4585336,119095,885388,140119,920232
1789704999,2841196,225016,591880,4585292,119196,886132,140730,948032
1789705002,2842890,225084,593312,4615628,119293,886852,141356,946856
1789705004,2844755,225056,594931,4621880,119400,887392,142019,947900
1789705007,2846383,225096,596291,4730012,119489,887972,142568,920180
1789705009,2847806,225020,597535,4766056,119576,888656,143094,920248
1789705011,2849353,224984,598761,4586620,119668,889316,143640,945908
1789705014,2850906,225096,600040,4586724,119764,890016,144203,946168
1789705016,2852425,225008,601321,4586600,119857,890632,144799,946444
1789705018,2853966,225092,602567,4586716,119943,891244,145318,920444
1789705021,2855452,228744,603792,4586648,120029,891888,145865,920368
1789705023,2857002,225044,605068,4586700,120122,892492,146421,947772
1789705026,2858508,199760,606323,4586836,120215,893084,146966,947408
1789705028,2860013,212684,607564,4586708,120304,893780,147532,946816
1789705030,2861543,224984,608819,4586680,120393,894436,148067,920448
1789705033,2863054,225056,610081,4586736,120486,895032,148637,920360
1789705035,2864626,225008,611366,4586760,120577,895516,149167,947824
1789705038,2866153,204708,612613,4586760,120666,896184,149719,946924
1789705040,2867712,225100,613930,4586876,120759,896884,150311,920464
1789705042,2869332,223508,615332,4586724,120860,897536,150919,920368
1789705045,2870873,225052,616603,4586696,120953,898160,151483,920412
1789705047,2872479,225008,617878,4586644,121040,898780,152015,947092
1789705050,2874001,225060,619127,4586732,121132,899492,152562,949520
1789705052,2875542,225008,620403,4586708,121224,900108,153170,920448
1789705054,2877195,181496,621776,4586844,121323,900764,153764,936572
1789705057,2879014,225004,623333,4586732,121433,901320,154421,936544
1789705059,2880606,225016,624619,4586720,121521,902052,154951,962984
1789705062,2882137,225016,625907,4618176,121613,902676,155515,963292
1789705064,2883683,225092,627223,4622444,121706,903324,156116,963032
1789705067,2885220,225100,628549,4730612,121799,903936,156661,936524
1789705069,2886754,256716,629875,4766916,121893,904576,157207,936528
1789705071,2888273,225040,631199,4737220,121987,905236,157775,964848
1789705074,2889870,225844,632562,4737360,122076,905920,158321,963024
1789705076,2891433,225056,633899,4737140,122174,906580,158933,962604
1789705079,2892968,225096,635177,4737128,122265,907200,159493,936732
1789705081,2894602,225060,636375,4587740,122362,907844,160056,936744
1789705083,2896082,216272,637609,4587756,122450,908388,160605,963936
1789705086,2897583,225064,638859,4587624,122542,909128,161170,964564
1789705088,2899349,225056,640388,4587764,122649,909696,161848,960132
1789705091,2901096,225044,641835,4587792,122751,910376,162467,937300
1789705093,2902614,225056,643090,4587744,122839,910960,163040,937280
1789705095,2904141,225008,644346,4587696,122929,911672,163575,963264
1789705098,2905639,225060,645575,4587800,123016,912240,164115,963532
1789705100,2907182,225004,646873,4587804,123110,912960,164706,958588
1789705103,2908707,225052,648117,4587800,123198,913532,165252,937184
1789705105,2910162,225092,649363,4587760,123290,914168,165814,937324
1789705107,2911798,225056,650680,4587968,123384,914784,166398,1033464
1789705110,2913266,225064,651905,4587752,123471,915360,166940,1031228
1789705112,2914811,225008,653202,4587856,123565,916072,167551,1005052
1789705115,2916532,225060,654620,4587736,123671,916784,168154,1025080
1789705117,2918086,159628,655908,4587796,123766,917528,168708,1029472
1789705120,2919599,225060,657165,4587772,123857,918152,169249,1058124
1789705122,2921068,225040,658372,4617884,123947,918756,169789,1057928
1789705124,2922697,225044,659829,4660924,124046,919400,170447,1065192
1789705127,2924359,225096,661219,4731568,124140,920040,170990,1039416
1789705129,2925839,210760,662500,4768188,124230,920524,171558,1039808
1789705132,2927393,225064,663730,4588772,124321,921296,172086,1068100
1789705134,2929068,225048,665178,4588952,124426,921932,172762,1066032
1789705136,2930841,225088,666693,4589052,124532,922576,173408,1068664
1789705139,2932483,225088,668081,4588828,124626,923144,173978,1039696
1789705141,2934054,225016,669389,4588960,124721,923976,174536,1040508
1789705144,2935543,225088,670644,4588984,124810,924528,175082,1068068
1789705146,2937077,225040,671919,4588848,124902,925044,175660,1069860
1789705149,2938652,225044,673236,4588944,124996,925664,176235,1068896
1789705151,2940124,159584,674435,4588972,125083,926440,176750,1043004
1789705153,2941636,225056,675708,4588932,125174,926888,177283,1042904
1789705156,2943122,197824,676931,4588968,125262,927580,177835,1070024
1789705158,2944681,225056,678215,4589024,125352,928260,178393,1070936
1789705160,2946095,225100,679357,4588940,125536,1668704,178996,1070516
1789705163,2947614,225004,680660,4745872,125570,1026948,61,63416
1789705165,2948442,159552,681445,4750388,125609,983164,61,63500
1789705168,2949712,225348,6178,2693900,125688,937480,61,63484
1789705170,2951234,227024,7420,3296292,125785,930824,61,63440
1789705173,2952716,172584,8782,3740308,125879,931496,61,63464
1789705175,2954114,161576,8910,3870148,125998,1292028,181817,1175888
1789705177,2955244,161640,9809,4133904,126058,1026828,58,63588
1789705180,2956456,227336,10820,4271260,126122,989644,58,63568
1789705182,2957067,295220,5687,2495792,126154,942796,59,63424
1789705185,2958421,258056,6511,2860236,126232,935204,58,63460
1789705187,2960032,231872,7763,3416988,126331,935360,58,63544
1789705189,2961728,232104,9432,3897568,126439,935604,58,63528
1789705192,2963313,232176,9585,3925568,126540,935688,185144,1205348
1789705194,2964971,216484,11006,4131240,126642,936132,185811,1205836
1789705197,2966399,232264,12154,4254228,126729,936692,186331,1207892
1789705199,2967858,232280,13367,4340696,126821,937340,186888,1180724
1789705202,2969296,232280,14515,4399520,126914,937960,187413,1180792
1789705204,2970717,232228,15652,4439044,127004,938632,187947,1208244
1789705206,2972171,232240,16843,4466112,127091,939216,188564,1209312
1789705209,2973596,232276,18014,4490208,127177,939788,189108,1180776
1789705211,2975030,179476,19183,4503900,127262,940428,189634,1180676
1789705213,2976525,297700,20396,4514368,127357,941048,190205,1208472
1789705216,2977977,232316,21604,4522632,127451,941728,190779,1207408
1789705218,2979578,202408,22903,4526332,127544,942144,191421,1208468
1789705221,2980986,196412,24045,4530256,127632,942772,191953,1180708
1789705223,2982373,224096,25150,4535600,127713,943400,192470,1180740
1789705225,2983721,232320,26220,4537436,127799,944140,192986,1208512
1789705228,2985197,232240,27426,4538348,127895,944608,193581,1227564
1789705230,2986746,232280,28704,4539364,127986,945308,194184,1227428
1789705233,2988196,232244,29873,4540144,128074,945984,194747,1224292
1789705235,2989742,232324,31127,4540780,128168,946544,195326,1200528
1789705237,2991286,232316,32396,4541428,128260,947104,195911,1228944
1789705240,2992654,232236,33491,4541896,128351,947816,196461,1226272
1789705242,2994246,232268,34845,4606592,128453,948524,197110,1228416
1789705245,2995839,232240,36190,4606836,128554,949148,197750,1224448
1789705247,2997363,232208,37455,4607968,128644,949776,198306,1200508
1789705250,2998832,232264,38679,4601220,128730,950400,198845,1226832
1789705252,3000351,232288,39971,4624556,128829,950984,199453,1227704
1789705254,3001799,232320,41215,4634080,128920,951680,200035,1247764
1789705257,3003268,232236,42439,4634088,129007,952140,200630,1250664
1789705259,3004843,232328,43764,4634252,129101,952916,201208,1220812
1789705262,3006346,232232,45001,4634328,129195,1002980,201747,1247804
1789705264,3007703,232284,46122,4800360,129330,1043132,62,63676
1789705266,3009330,236492,47458,4698392,129428,1014744,62,63652
1789705269,3010833,166848,48942,4698468,129520,977860,62,63592
1789705271,3012491,232284,50570,4698484,129618,955896,62,63640
1789705274,3014009,232316,52028,4700196,129711,956596,62,63652
1789705276,3015522,232240,53499,4700416,129802,957084,62,63636
1789705279,3017096,232288,55131,4700556,129904,957756,62,63528
1789705281,3018762,232236,56693,4700448,130001,958456,63,63656
1789705284,3020286,232276,58196,4700524,130094,959032,62,63648
1789705286,3021795,232276,59646,4700684,130187,959660,62,63652
1789705288,3023332,232228,61166,4700708,130283,960260,63,63588
1789705291,3024759,232244,62572,4700740,130372,960916,63,63656
1789705293,3026160,232208,63965,4700880,130463,961532,63,63668
1789705296,3027740,236304,65553,4712104,130558,962192,64,63600
1789705298,3029282,232240,67066,4700904,130649,962768,63,63636
1789705300,3030750,193564,68506,4700860,130742,963368,63,63664
1789705303,3032251,232208,69986,4701364,130831,964040,63,63680
1789705305,3033846,232232,71563,4701504,130929,964596,63,63672
1789705308,3035418,232236,73104,4701692,131026,965312,63,63640
1789705310,3036853,232288,74525,4701728,131119,965880,63,63536
1789705313,3038494,227292,76140,4701852,131216,966400,64,63612
1789705315,3040032,232288,77671,4702100,131311,967104,63,63652
1789705317,3041562,203280,79127,4767996,131400,967676,64,63604
1789705320,3043100,271600,80562,4773720,131496,968244,64,63616
1789705322,3044756,233608,50301,3925448,131595,968828,64,63608
1789705325,3046275,233604,51857,4290388,131691,969568,64,63512
1789705327,3047992,233588,53389,4373544,131790,970172,64,63524
1789705330,3049438,233556,54820,4529292,131877,970748,64,63684
1789705332,3050908,233652,49657,4384800,131970,982304,219091,1424428
1789705335,3052386,233612,50865,4637912,132096,1052616,47,63576
1789705337,3053796,233656,52242,4685808,132182,1025832,47,63616
1789705339,3055225,233572,53655,4709648,132273,984816,47,63592
1789705342,3056705,233572,55094,4725472,132364,977232,48,63648
1789705344,3058118,233612,56478,4736432,132453,977704,48,63632
1789705347,3059518,233608,57839,4742960,132540,978448,48,63512
1789705349,3060964,233656,59319,4748404,132633,978924,48,63608
1789705351,3062586,233620,60858,4753088,132728,976136,49,63600
1789705354,3064064,233580,62301,4754652,132819,976760,49,63524
1789705356,3065619,231540,63846,4757200,132917,977376,49,63504
1789705359,3067364,233620,65607,4758408,133018,978024,49,63600
1789705361,3068953,233612,67128,4759308,133109,978544,49,63528
1789705363,3070504,233660,68674,4805364,133208,979176,50,63624
1789705366,3072162,233624,70300,4805680,133302,979860,49,63488
1789705368,3073814,233580,72003,4805900,133405,980420,49,63600
1789705371,3075402,227556,73540,4806048,133498,981200,49,63628
1789705373,3077143,233568,75263,4806300,133599,981752,49,63600
1789705375,3078748,260324,76876,4825180,133696,982264,49,63636
1789705378,3080456,233624,78538,4826880,133799,983172,49,63500
1789705380,3082062,225212,80149,4888740,133898,983580,49,63472
1789705383,3083764,233628,81851,4892672,133997,984408,50,63644
1789705385,3085538,233616,83595,4894472,134101,984908,50,63604
1789705388,3087121,227848,85227,4903980,134197,985480,50,63616
1789705390,3088724,207472,86899,4919612,134293,986092,50,63504
1789705393,3089910,233568,87943,4927860,134352,986368,50,63632
1789705395,3091360,168460,69313,4157840,134436,987024,50,63628
1789705397,3092955,234104,54120,4289876,134530,987544,50,63600
1789705400,3094441,234140,55611,4541788,134615,988028,50,63572
1789705402,3095951,234140,57138,4699748,134713,988688,50,63512
1789705405,3097581,180044,58765,4784528,134813,989300,50,63632
1789705407,3099271,234152,53376,4613968,134915,989864,237673,1401900
1789705410,3100931,299668,54804,4649480,135015,990448,238297,1401948
1789705412,3102441,234148,56031,4665648,135103,990960,238891,1428116
1789705414,3104157,234108,57488,4677952,135203,991748,239534,1430460
1789705417,3105705,234196,58795,4717244,135293,992172,240121,1429116
1789705419,3107322,234108,60195,4723748,135393,992964,240743,1401932
1789705422,3108928,234144,61608,4778792,135487,993480,241315,1401860
1789705424,3110527,234160,63031,4787212,135588,994052,241986,1429704
1789705427,3112180,234120,63909,4641788,135681,994552,242593,1430084
1789705429,3113716,234124,65211,4642644,135775,995188,243184,1427912
1789705431,3115188,234144,66436,4643608,135866,995796,243748,1401936
1789705434,3116762,234088,67805,4644300,135964,996308,244416,1401924
1789705436,3118473,234200,69182,4557988,136060,996836,245068,1430292
1789705439,3120008,234168,70461,4558596,136157,997452,245656,1428348
1789705441,3121665,267200,71902,4558804,136260,998012,246311,1429652
1789705444,3123450,234108,73362,4559256,136356,998560,246949,1429588
1789705446,3124999,234144,74657,4560088,136454,999076,247556,1402176
1789705448,3126498,208536,75888,4560856,136544,999684,248155,1428044
1789705451,3127973,228336,77099,4560832,136632,1000080,248721,1429272
1789705453,3129390,234116,78246,4560788,136829,1749620,249243,1429368
1789705456,3130879,234164,79628,4774732,136850,1044940,60,63784
1789705458,3132433,219072,81160,4774988,136944,1016076,60,63800
1789705460,3134038,234168,82721,4775208,137041,1002424,60,63668
1789705463,3135572,224500,84205,4775580,137131,1002948,60,63792
1789705465,3137209,234124,85833,4775700,137230,1003456,60,63812
1789705468,3138772,218572,87344,4775904,137323,1003928,60,63776
1789705470,3140331,234084,88884,4775920,137418,1004556,60,63792
1789705473,3141981,234088,90540,4776908,137520,1005064,60,63816
1789705475,3143725,234160,92228,4777004,137621,1005552,60,63732
1789705477,3145423,234164,93931,4777100,137721,1006076,61,63780
1789705480,3147000,234108,95474,4777308,137812,1006596,61,63732
1789705482,3148744,234196,97241,4814144,137911,1007048,61,63812
1789705485,3150344,234164,98802,4814152,138002,1007568,61,63756
1789705487,3151974,299664,100425,4816088,138096,1007988,61,63720
1789705490,3153611,168648,102063,4820192,138192,1008536,61,63668
1789705492,3155218,234092,103587,4820324,138284,1008952,61,63804
1789705494,3156957,234120,105359,4836460,138395,1009396,61,63792
1789705497,3158673,234124,107009,4836448,138487,1010076,61,63796
1789705499,3160198,171104,108558,4838020,138579,1010468,61,63788
1789705502,3161737,191088,110097,4840284,138670,1011076,61,63780
1789705504,3163319,219588,111682,4889656,138765,1011532,62,63656
1789705507,3164887,234112,113248,4913484,138858,1012112,62,63780
1789705509,3166438,234108,114788,4920424,138949,1012636,62,63768
1789705511,3167939,234120,116286,4921388,139037,1013116,62,63764
1789705514,3169727,218592,118110,4924552,139141,1013676,62,63808
1789705516,3171290,234120,119678,4925272,139232,1014044,62,63672
1789705519,3172849,234144,121257,4930048,139325,1014620,62,63768
1789705521,3174393,234192,122828,4930296,139419,1015108,62,63656
1789705523,3175600,234108,123969,4938112,139478,1015360,62,63784
1789705526,3176904,234160,125155,4944476,139551,1015832,62,63692
1789705528,3178385,235256,52543,3901692,139644,1016300,63,63788
1789705531,3180174,235172,54336,4401508,139746,1016872,63,63756
1789705533,3181690,235152,55883,4616900,139843,1017432,63,63764
1789705535,3183250,235180,57416,4737460,139938,1017908,63,63780
1789705538,3184788,235232,58995,4814880,140033,1018432,63,63812
1789705540,3186343,235216,52202,4632000,140126,1018988,,
1789705543,3187753,235280,53366,4837980,140254,1069108,54,63608
1789705545,3189346,235156,54509,4744480,140353,1049688,54,63644
1789705548,3191096,235184,56182,4757184,140455,1033600,54,63596
1789705550,3192507,235216,57593,4763976,140546,1021628,55,63484
1789705553,3194306,235268,59380,4769584,140654,1021720,55,63556
1789705555,3195882,182384,60881,4772380,140745,1022312,55,63632
1789705557,3197524,235236,62528,4774252,140844,1022828,55,63572
1789705560,3199347,235236,64285,4776104,140944,1023268,55,63600
1789705562,3200854,235220,65797,4777020,141036,1023940,56,63592
1789705565,3202387,235184,67288,4777596,141132,1024452,55,63500
1789705567,3203977,235260,68842,4778468,141225,1024856,55,63588
1789705570,3205514,235236,70390,4778400,141316,1025508,57,63588
1789705572,3207013,217320,71840,4778772,141407,1025984,55,63484
1789705575,3208656,187672,73440,4779364,141502,1026428,55,75440
1789705577,3210101,235264,74876,4779404,141592,1026968,55,63476
1789705579,3211566,235180,76326,4779524,141680,1027576,56,63564
1789705582,3213190,235184,77938,4779700,141778,1028076,56,63640
1789705584,3214926,235192,79589,4779616,141877,1028592,56,63640
1789705587,3216371,235184,81022,4779740,141965,1029052,56,63632
1789705589,3217863,235220,82503,4779752,142053,1029600,56,63592
1789705591,3219363,235188,83990,4779888,142144,1030140,56,63488
1789705594,3220921,235188,85542,4780000,142241,1030648,56,63544
1789705596,3222521,235228,87103,4779996,142342,1031292,57,63624
1789705599,3224064,235276,88643,4780012,142435,1031896,56,63568
1789705601,3225573,235236,90129,4780080,142524,1032416,56,63616
1789705603,3227283,235232,91923,4850072,142626,1032876,56,63520
1789705606,3228888,210420,93511,4850392,142719,1033196,57,63600
1789705608,3230289,235196,94966,4876856,142800,1033752,57,63612
1789705611,3231652,300700,96263,4884024,142870,1034132,57,63544
1789705613,3233148,235236,97681,4887912,142952,1034516,57,63600
1789705615,3234756,235236,90523,4694808,143049,1035136,57,63628
1789705618,3236350,235188,92135,4783892,143145,1035568,57,63608
1789705620,3237970,272412,93612,4730704,143251,1036256,57,63604
1789705623,3239717,235228,95395,4754648,143356,1036720,57,63608
1789705625,3241299,235276,96947,4767084,143446,1037188,57,63592
1789705628,3242952,235188,98685,4777008,143552,1037856,57,63548
1789705630,3244552,169748,100227,4782744,143646,1038444,57,63612
1789705632,3246017,249752,92988,4561568,143734,1038980,294372,1593564
1789705635,3247577,235236,94296,4563512,143828,1039480,294975,1619772
1789705637,3249138,235228,95645,4565724,143928,1039968,295619,1620048
1789705640,3250980,235188,97240,4566944,144039,1040716,296267,1621084
1789705642,3252624,235220,98609,4567576,144142,1041308,296939,1593660
1789705645,3254194,235220,99894,4567764,144238,1041824,297581,1593620
1789705647,3256013,235184,101475,4568312,144348,1042608,298313,1620456
1789705649,3257536,235272,102752,4568752,144440,1043192,298888,1621952
1789705652,3259007,235180,103976,4568920,144531,1055304,299476,1620712
1789705654,3260494,235240,105208,4569068,144621,1044352,300076,1593520
1789705657,3261941,235264,106403,4569300,144710,1044900,300662,1593620
1789705659,3263428,235220,107632,4569264,144801,1045500,301255,1620704
1789705661,3264994,235276,108940,4590020,144891,1046012,301826,1619440
1789705664,3266460,235220,110182,4600552,144976,1046352,302373,1620372
1789705666,3267946,235164,111429,4602316,145069,1047112,302993,1593592
1789705669,3269467,228592,112718,4602288,145160,1047520,303602,1593592
1789705671,3270955,235224,113963,4602312,145250,1048100,304170,1620332
1789705673,3272420,235184,115175,4602204,145338,1048548,304708,1619936
1789705676,3273923,235196,116448,4602400,145429,1049028,305295,1619392
1789705678,3275569,235232,117846,4603064,145524,1049580,305941,1593544
1789705681,3277118,235264,119159,4610356,145616,1050092,306576,1619788
1789705683,3278704,235220,120583,4623864,145715,1050484,307236,1621284
1789705685,3280416,235188,121959,4625496,145812,1050824,307841,1620868
1789705688,3281999,235216,123349,4626312,145912,1051564,308480,1620792
1789705690,3283533,203484,124588,4626836,146001,1051964,309080,1593592
1789705693,3285280,247336,126131,4627412,146104,1052592,309829,1593620
1789705695,3286892,235216,127468,4628024,146197,1052964,310427,1621424
1789705697,3288477,235192,128826,4628864,146292,1053304,311040,1621140
1789705700,3290062,235220,130157,4629744,146387,1053852,311646,1619640
1789705702,3291523,235180,131408,4643904,146475,1057664,312252,1593660
1789705705,3293073,235192,132701,4646336,146566,1054860,312857,1593520
1789705707,3294630,235240,134013,4648240,146661,1055316,313427,1620428
1789705710,3296245,281124,135365,4650376,146799,1077604,73,64148
1789705712,3296522,169804,67035,3279804,146802,1074212,74,64080
1789705714,3296543,170280,67303,3282320,146803,1061780,74,64028
1789705717,3296566,170324,67190,3177748,146804,1059712,74,64156
1789705719,3296585,170188,67424,3177764,146805,1059680,74,64128
1789705722,3296601,170140,67671,3231648,146806,1059704,74,64144
1789705724,3296618,169836,67908,3177716,146807,1059692,76,64084
1789705726,3296637,169864,68141,3177784,146808,1055364,74,64108
1789705729,3296656,169804,68384,3177780,146809,1055300,74,64156
1789705731,3296673,169884,68612,3177768,146809,1055328,75,64088
1789705734,3296694,169824,68847,3177796,146810,1055356,75,64104
1789705736,3296712,169912,69076,3177792,146812,1054832,74,64096
1789705738,3296727,169800,69308,3177792,146813,1054868,74,64164
1789705741,3296744,169876,69554,3177636,146813,1054856,75,64124
1789705743,3296760,169800,69781,3177840,146814,1054812,75,64036
1789705746,3296776,169904,70009,3177816,146815,1054388,75,64132
1789705748,3296792,169884,70240,3177788,146816,1054388,76,64128
1789705750,3296811,169824,70477,3177776,146816,1054360,76,64108
1789705753,3296829,169872,70704,3177692,146817,1054316,76,64012
1789705755,3296844,169828,70931,3177640,146820,1054000,77,64140
1789705758,3296861,169880,71156,3177768,146819,1053956,76,64124
1789705760,3296880,169888,71382,3177708,146820,1053940,76,64092
1789705762,3296893,169916,71614,3177824,146821,1053996,76,64124
1789705765,3296906,169864,71833,3177720,146822,1053980,76,64084
1789705767,3296917,169836,72071,3177832,146822,1053888,76,64176
1789705769,3296929,169864,72312,3177744,146823,1053708,76,64028
1789705772,3296947,169832,72550,3177800,146826,1053796,76,64028
1789705774,3296976,169824,72796,3177700,146828,1053848,77,64104
1789705777,3296998,169872,73031,3177816,146829,1053832,77,64136
1789705779,3297023,169872,73277,3177796,146830,1053740,78,64116
1789705782,3297040,169876,73513,3177800,146832,1053812,77,64144
1789705784,3297056,169836,73750,3177832,146833,1053764,77,64112
1789705786,3297077,169868,74013,3180668,146834,1053700,77,64144
1789705789,3297100,169912,74211,3189800,146837,1053792,77,64148
1789705791,3297122,169820,74454,3189856,146838,1053708,77,64028
1789705794,3297139,169884,74698,3189900,146839,1053684,77,64116
1789705796,3297151,169880,74939,3189872,146841,1053700,77,64152
1789705798,3297162,169828,75181,3189964,146842,1053788,77,64120
1789705801,3297174,169872,75424,3189896,146843,1053808,77,64104
1789705803,3297186,169836,75663,3189832,146845,1053776,80,64144
1789705806,3297886,169828,67602,3281928,146873,1053692,1840,176692
1789705808,3299125,169920,68448,3435524,146919,1053784,4714,177928
1789705811,3300339,169876,69196,3524692,146964,1053716,7745,181972
1789705813,3301527,169804,69931,3593756,147010,1053692,10759,187604
1789705815,3302783,169876,70750,3664864,147061,1053772,13937,164728
1789705818,3304108,169836,71562,3712016,147107,1053784,16929,169244
1789705821,3305348,169828,72305,3752476,147152,1055068,19856,202756
1789705823,3306548,169892,73034,3765080,147200,1060884,22774,202564
1789705826,3307808,169904,73828,3801676,147249,1066332,25715,206172
1789705828,3309192,169828,74764,3841340,147299,1071732,28444,184528
1789705830,3310419,169808,75508,3879584,147348,1078080,31429,199368
1789705833,3311682,169864,76259,3919628,147396,1083864,34305,222440
1789705835,3312904,169860,76994,3964044,147445,1089908,37169,231032
1789705838,3314135,169828,77758,3987864,147496,1095996,39946,230844
1789705840,3315313,169836,78474,4017716,147545,1102024,42746,218372
1789705843,3316513,169860,79219,4079468,147594,1107984,45615,214528
1789705845,3317758,169832,79987,4115780,147647,1114728,48434,217936
1789705848,3318950,169860,80739,4142320,147695,1120800,51219,241400
1789705850,3320006,169904,81402,4159332,147735,1125300,53126,250488
1789705852,3320510,169836,81912,4178888,147785,1355764,327504,1604280
1789705855,3320994,169804,82439,4212928,147832,1158976,49,64440
1789705857,3321596,169908,83177,4400724,147849,1143352,48,64400
1789705860,3322223,169880,84035,4425052,147866,1131544,93,64564
1789705862,3323193,169800,84610,4219888,147901,1129796,3099,200408
1789705865,3324622,169856,85503,4236232,147948,1136640,7508,248824
1789705867,3326003,169820,86327,4243052,147994,1143232,11799,233472
1789705870,3327410,169828,87234,4247956,148040,1149576,15984,245716
1789705872,3328962,169864,88143,4253268,148090,1156716,20530,248384
1789705875,3330371,169872,88936,4257472,148138,1164568,25293,218636
1789705877,3331736,169836,89721,4261720,148182,1171736,29717,240420
1789705880,3333147,169912,90519,4268520,148230,1179644,34276,265332
1789705882,3334511,169824,91361,4274876,148277,1187540,38952,257160
1789705885,3335966,169800,92150,4278828,148323,1194952,43295,266184
1789705887,3337345,169804,92942,4280248,148372,1203160,47890,296416
1789705890,3338731,169836,93727,4283592,148418,1210952,52334,254968
1789705893,3340124,169888,94534,4288744,148467,1219252,56742,254436
1789705895,3341513,169872,95340,4293352,148512,1226916,60958,288588
1789705898,3342887,169828,96108,4299140,148559,1234968,65370,295420
1789705900,3344247,169880,96881,4301368,148606,1243552,69748,314376
1789705902,3345614,169828,97672,4330420,148651,1251628,73958,317268
1789705905,3346991,169876,98501,4339164,148696,1259928,78340,325556
1789705907,3347805,169908,99107,4347416,148720,1262556,120,92284
1789705910,3348222,169872,99577,4409224,148735,1262520,348512,1606492
1789705912,3348703,169916,100097,4418408,148753,1262548,349453,1633740
1789705915,3349240,169860,100685,4445160,148773,1262576,350441,1631880
1789705917,3349776,169888,101268,4469188,148793,1262524,351393,1633012
1789705919,3350214,169868,101726,4496512,148806,1262484,352266,1606540
1789705922,3350731,169808,102339,4512976,148827,1262484,353287,1606532
1789705924,3351238,169916,102873,4533156,148843,1262556,354306,1632328
1789705927,3351704,169880,103390,4539384,148861,1262528,355213,1632408
1789705929,3352223,169884,103957,4540800,148879,1262548,356107,1632576
1789705932,3352673,169876,104443,4543340,148895,1262524,356999,1606508
1789705934,3353175,169908,105006,4554140,148913,1262500,357952,1606496
1789705936,3353624,169836,105479,4557188,148929,1262532,358856,1633020
1789705939,3354090,169908,105975,4562812,148950,1262496,359809,1632604
1789705941,3354656,169820,106596,4577444,148966,1262508,360728,1634728
1789705944,3355162,169808,107168,4581016,148985,1262468,361727,1632560
1789705946,3355660,169924,107684,4583416,149003,1262468,362645,1608840
1789705948,3356198,169920,108289,4586196,149021,1262460,363616,1636172
1789705951,3356689,169908,108815,4586608,149040,1262524,364593,1635576
1789705953,3357174,169888,109330,4587384,149056,1262500,365497,1635740
1789705956,3357642,169880,109821,4587824,149072,1262464,366361,1608856
1789705958,3358142,169808,110363,4598644,149090,1262480,367287,1608788
1789705960,3358614,169876,110878,4599736,149107,1262336,368201,1636648
1789705963,3359084,169860,111406,4602164,149126,1262484,369208,1634004
1789705965,3359582,169856,111934,4603592,149143,1262432,370138,1635912
1789705968,3360049,169924,112407,4604084,149159,1262456,371028,1845840
1789705970,3360503,169916,112903,4604380,149176,1262352,371969,1822224
1789705972,3361017,169836,113443,4605096,149193,1262424,372879,1852804
1789705975,3361483,169884,113939,4612664,149210,1262464,373774,1845608
1789705977,3362033,169836,114556,4615428,149231,1262424,374740,1847912
1789705980,3362464,169828,115022,4627428,149246,1262448,375594,1822660
1789705982,3362938,169872,115553,4629888,149267,1262448,376558,1823236
1789705984,3363482,169908,116151,4637980,149284,1262448,377586,1850172
1789705987,3363941,169800,116617,4638920,149299,1262328,378533,1852736
1789705989,3364473,169876,117207,4639188,149320,1262440,379507,1854252
1789705992,3365016,169872,117817,4642568,149340,1262408,380475,1826220
1789705994,3365502,169884,118336,4650368,149358,1262312,381412,1826116
1789705996,3366051,169920,118946,4652676,149376,1262436,382428,1852204
1789705999,3366503,169824,119452,4654004,149392,1262408,383381,1854164
1789706001,3366978,169800,119945,4655184,149409,1262404,384282,1852944
1789706004,3367419,169872,120393,4656628,149424,1262420,385117,1826212
1789706006,3367854,169828,120851,4658500,149439,1262440,385984,1826248
1789706008,3368372,169876,121416,4660804,149458,1262392,387005,1851640
1789706011,3368903,169912,121998,4666692,149478,1262420,387919,1853956
1789706013,3369369,169916,122488,4673644,149495,1262388,388820,1853896
1789706016,3369874,169840,123031,4680756,149512,1262368,389819,1826272
1789706018,3370365,169836,123595,4684484,149530,1262360,390858,1826224
1789706021,3370824,169908,124094,4687004,149544,1262376,391723,1852644
1789706023,3371281,169864,123891,4531316,149559,1262384,392606,1846784
1789706025,3371740,169824,124356,4531860,149576,1262372,393486,1846524
1789706028,3372192,169884,124820,4533352,149593,1262280,394349,1820364
1789706030,3372641,169856,125283,4534576,149609,1262400,395281,1820488
1789706033,3373107,169836,125782,4536428,149626,1262384,396186,1847980
1789706035,3373576,169864,126250,4539084,149642,1262400,397080,1846268
1789706037,3374102,169880,126847,4541432,149663,1262404,398165,1846096
1789706040,3374591,169860,127327,4542244,149679,1262376,399044,1820472
1789706042,3375080,169804,127851,4542480,149696,1262388,400070,1820340
1789706045,3375595,169836,128372,4542716,149713,1262416,400980,1843584
1789706047,3376054,169864,128842,4542652,149730,1262316,401860,1842756
1789706049,3376493,169912,129315,4542892,149746,1262392,402724,1843940
1789706052,3376973,169876,129792,4542768,149760,1262296,403605,1816488
1789706054,3377400,169924,130240,4542968,149776,1262348,404570,1816464
1789706057,3377919,169904,130783,4543044,149796,1262392,405494,1844120
1789706059,3378318,169912,131178,4545720,149809,1262284,406333,1843288
1789706061,3378773,169876,131651,4548292,149825,1262316,407281,1816572
1789706064,3379216,169856,132114,4549032,149840,1262420,408140,1816400
1789706066,3379701,169832,132640,4549840,149857,1262380,409095,1843516
1789706068,3380169,169804,133144,4550208,149875,1262312,410062,1843780
1789706071,3380752,169836,133770,4550120,149895,1262396,411013,1843476
1789706073,3381180,169876,134220,4550236,149911,1262348,411928,1843808
1789706076,3381664,169884,134733,4550204,149928,1262396,412860,1816604
1789706078,3382214,169832,135338,4550176,149949,1262248,413877,1816708
1789706081,3382680,169908,135806,4550812,149964,1273728,414751,1842616
1789706083,3383124,169860,136249,4552536,149978,1262252,415612,1842620
1789706085,3383548,169828,136704,4552668,149994,1262252,416488,1839020
1789706088,3384009,169860,137174,4552876,150010,1262316,417361,1816672
1789706090,3384454,169876,137642,4553148,150027,1262360,418399,1816624
1789706093,3384925,169884,138112,4553168,150042,1262368,419262,1844740
1789706095,3385460,169828,138712,4554516,150061,1262344,420237,1844372
1789706097,3385955,169872,139239,4555860,150079,1262388,421154,1827892
1789706100,3386381,169832,139669,4557520,150095,1262368,422031,1816732
1789706102,3386824,169836,140127,4557640,150110,1262404,422970,1842760
1789706105,3387279,169864,140576,4558176,150127,1262360,423900,1844496
1789706107,3387720,169824,141021,4559528,150140,1262388,424740,1843040
1789706109,3388155,169876,141483,4560520,150158,1262396,425682,1838404
1789706112,3388623,169836,141945,4560680,150171,1262280,426514,1816732
1789706114,3389044,169836,142370,4560708,150186,1262364,427394,1843648
1789706117,3389476,169908,142800,4560716,150202,1262324,428265,1843020
1789706119,3389918,169836,143240,4560748,150217,1262376,429132,1879280
1789706121,3390334,169820,143660,4561520,150232,1262348,429981,1851992
1789706124,3390818,169920,144183,4561464,150250,1262392,430887,1852060
1789706126,3391248,169916,144620,4561892,150265,1262384,431771,1879096
1789706129,3391738,169880,145171,4561704,150282,1262348,432862,1879168
1789706131,3392295,169872,145761,4562056,150301,1262376,433828,1880524
1789706133,3392719,169908,146187,4562148,150315,1262324,434713,1852280
1789706136,3393195,169836,146689,4562220,150332,1262248,435629,1852192
1789706138,3393664,169832,147182,4562504,150351,1262276,436594,1878380
1789706141,3394130,169820,147644,4562636,150365,1262292,437482,1869304
1789706143,3394571,169860,148116,4584424,150381,1262328,438330,1870408
1789706145,3395047,169880,148632,4588952,150400,1262340,439339,1857908
1789706148,3395482,169920,149102,4589076,150416,1262348,440250,1842248
1789706150,3395993,169860,149636,4590376,150433,1262204,441198,1869408
1789706153,3396430,169876,150086,4590696,150449,1262380,442079,1868160
1789706155,3396991,169920,150625,4565024,150468,1262200,443057,1869264
1789706157,3397406,169832,151056,4564832,150484,1262632,443898,1842220
1789706160,3397884,169872,151552,4565628,150500,1262588,444840,1843372
1789706162,3398348,169876,152028,4565640,150517,1262568,445811,1868432
1789706165,3398883,169804,152603,4565656,150538,1262464,446751,1868540
1789706167,3399315,169828,153036,4565852,150553,1262580,447571,1869140
1789706169,3399782,169824,153541,4565828,150569,1262608,448552,1842444
1789706172,3400348,169912,154155,4565800,150592,1262584,449560,1842668
1789706174,3400836,169868,154664,4565992,150608,1262592,450551,1868244
1789706177,3401322,169856,155164,4565812,150626,1262496,451453,1870828
1789706179,3401803,169856,155686,4565684,150645,1262612,452411,1868596
1789706182,3402330,169832,156236,4565900,150665,1262608,453340,1842568
1789706184,3402755,169824,156667,4565688,150680,1262584,454230,1842672
1789706186,3403198,169872,157114,4565900,150696,1262556,455152,1869216
1789706189,3403635,169908,157562,4565940,150713,1262572,456045,1869736
1789706191,3404137,169908,158106,4566120,150736,1262592,457033,1868308
1789706193,3404669,169800,158651,4566076,150751,1262548,458022,1842696
1789706196,3405167,169908,159201,4566312,150770,1262464,458999,1842712
1789706198,3405710,169832,159768,4566160,150790,1262580,460006,1870720
1789706201,3406149,169832,160235,4566220,150806,1262568,460916,1869276
1789706203,3406644,169804,160781,4566536,150827,1262524,461872,1870616
1789706206,3407166,169840,161300,4566708,150846,1262536,462797,1842696
1789706208,3407570,169832,161700,4566716,150863,1262572,463618,1842576
1789706210,3408036,169864,162174,4566584,150880,1262564,464538,1870732
1789706213,3408516,169864,162715,4566840,150903,1262536,465536,1870200
1789706215,3409072,169880,163265,4566748,150925,1262552,466507,1869120
1789706217,3409557,169868,163780,4566844,150947,1262560,467472,1842664
1789706220,3410018,169832,164254,4566812,150969,1262580,468369,1842700
1789706222,3410528,169840,164813,4566872,150995,1262472,469321,1869212
1789706225,3411026,169908,165339,4567140,151022,1262540,470223,1869472
1789706227,3411518,169836,165867,4567172,151048,1262540,471178,1870312
1789706229,3412038,169876,166419,4567052,151077,1262556,472125,1842736
1789706232,3412498,169872,166903,4567368,151104,1262572,473050,1869452
1789706234,3413027,169908,167477,4567148,151138,1262568,474046,1871044
1789706237,3413530,169824,168011,4567364,151180,1261168,475040,1870488
1789706239,3414031,169872,168514,4567228,151206,1260988,475999,1842996
1789706241,3414538,169920,169055,4567304,151229,1226836,476918,1842980
1789706244,3415042,169864,169593,4567372,151249,1175996,477889,1870096
1789706246,3415493,169804,170046,4567308,151266,1135024,478838,1870444
1789706249,3416001,169912,170596,4567316,151284,1122544,479816,1869520
1789706251,3416495,169856,171100,4567356,151302,1122612,480728,1850904
1789706253,3416929,169876,171536,4567316,151317,1122660,481589,1842892
1789706256,3417351,169920,171972,4567396,151332,1122616,482433,1870304
1789706258,3417833,169860,172472,4567376,151351,1116516,483422,1869764
1789706261,3418293,169924,172941,4567520,151366,1116492,484289,1869796
1789706263,3418722,169872,173383,4567440,151382,1116460,485159,1866764
1789706265,3419175,169876,173851,4567408,151398,1110540,486104,1842964
1789706268,3419676,169804,174395,4567396,151418,1110580,487141,1868344
1789706270,3420112,169912,174846,4567556,151433,1102032,488033,1869856
1789706273,3420568,169920,175302,4567456,151448,1102060,488892,1869888
1789706275,3421008,169860,175754,4567412,151464,1096724,489766,1843420
1789706277,3421422,169916,176182,4567636,151478,1089440,490667,1843400
1789706280,3421850,169916,176623,4567540,151495,1089404,491526,1871768
1789706282,3422314,169888,177120,4568580,151511,1089452,492494,1869708
1789706284,3422787,169920,177600,4569376,151528,1089532,493416,1871992
1789706287,3423307,169908,178153,4569516,151548,1084096,494377,1843828
1789706289,3423760,169880,178638,4569460,151564,1084008,495270,1843840
1789706292,3424263,169840,179175,4569384,151583,1084132,496244,1869448
1789706294,3424749,169876,179684,4569800,151600,1077784,497214,1870488
1789706297,3425287,169828,180263,4569844,151620,1077732,498283,1869280
1789706299,3425753,169888,180750,4569716,151636,1077784,499194,1869932
1789706302,3426208,169864,181232,4569748,151652,1077780,500120,1844048
1789706304,3426677,169908,181697,4569708,151668,1073316,501029,1871844
1789706306,3427096,169804,182121,4569748,151684,1073372,501928,1869648
1789706309,3427547,169888,182577,4569740,151699,1073388,502877,1869872
1789706311,3428035,169880,183085,4569820,151716,1073372,503801,1844088
1789706314,3428459,169884,183531,4569724,151730,1073340,504680,1844072
1789706316,3428990,169864,184097,4569904,151751,1067784,505742,1869940
1789706319,3429517,169864,184652,4569900,151770,1067716,506699,1871240
1789706321,3429984,169904,185132,4569812,151785,1067796,507641,1871176
1789706323,3430437,169840,185614,4569908,151802,1067820,508563,1852808
1789706326,3430954,169828,186157,4569840,151821,1066400,509530,1844064
1789706328,3431412,169876,186620,4569872,151837,1066536,510422,1870408
1789706330,3431830,169916,187042,4569860,151852,1066532,511320,1870136
1789706333,3432261,169836,187485,4569964,151866,1066524,512188,1870180
1789706335,3432725,169904,188000,4569960,151883,1063896,513143,1843972
1789706338,3433247,169880,188549,4570040,151901,1063896,514143,1844116
1789706340,3433764,169860,189113,4570004,151919,1064004,515101,1870536
1789706342,3434250,169836,189614,4569908,151934,1064020,516119,1871004
1789706345,3434789,169924,190207,4570164,151956,1060992,517167,1870068
1789706347,3435331,169860,190790,4570180,151975,1061000,518111,1843992
1789706350,3435798,169840,191270,4569972,151993,1060984,519049,1844072
1789706352,3436314,169828,191808,4570084,152010,1060996,519992,1871572
1789706354,3436773,169820,192279,4570100,152025,1059008,520909,1870056
1789706357,3437205,169912,192743,4570140,152042,1059064,521810,1872484
1789706359,3437662,169912,193210,4570176,152058,1058924,522749,1844084
1789706362,3438219,169836,193821,4570312,152079,1058980,523742,1844052
1789706364,3438690,169828,194308,4570308,152096,1058988,524641,1869792
1789706366,3439115,169916,194737,4570248,152116,1056356,525600,1872464
1789706369,3439568,169876,195195,4570292,152128,1056368,526475,1873360
1789706371,3439986,169864,195631,4570364,152142,1056252,527344,1844096
1789706374,3440414,169860,196074,4570380,152157,1056332,528183,1844036
1789706376,3440838,169824,196524,4570384,152173,1053512,529043,1869848
1789706378,3441251,169908,196936,4570224,152187,1053560,529927,1873040
1789706381,3441736,169828,197445,4570420,152206,1053480,530875,1844156
1789706383,3442208,169872,197962,4570504,152225,1053408,531800,1844072
1789706385,3442675,169872,198465,4570364,152240,1051808,532743,1870844
1789706388,3443213,169832,199064,4570332,152259,1051768,533720,1870624
1789706390,3443670,169920,199508,4570332,152275,1051772,534654,1869352
1789706393,3444136,169916,199999,4570448,152291,1051816,535550,1870668
1789706395,3444557,169828,200442,4570320,152305,1048832,536435,1843996
1789706397,3445017,169876,200904,4570396,152321,1048856,537310,1871812
1789706400,3445480,169920,201387,4570372,152339,1048876,538210,1871136
1789706402,3445907,169908,201836,4570420,152354,1048832,539114,1871748
1789706404,3446330,169912,202262,4570344,152368,1047684,539974,1844008
1789706407,3446750,169840,202704,4570752,152384,1047632,540900,1844088
1789706409,3447268,169916,203268,4570672,152402,1047660,541834,1870604
1789706412,3447721,169876,203760,4570616,152417,1047540,542735,1870688
1789706414,3448157,169872,204192,4570756,152431,1047636,543600,1870224
1789706416,3448568,169876,204606,4570692,152446,1045564,544485,1843940
1789706419,3448977,169804,205013,4570728,152459,1045560,545368,1844020
1789706421,3449407,169836,205438,4570956,152476,1045440,546232,1870548
1789706423,3449874,169916,205920,4570804,152493,1056112,547128,1869380
1789706426,3450333,169860,206398,4570768,152508,1044384,548031,1867512
1789706428,3450809,169920,206891,4570796,152524,1044376,548987,1844068
1789706431,3451350,169804,207482,4570788,152543,1044428,550039,1869440
1789706433,3451866,169904,208030,4570868,152560,1044312,550995,1870500
1789706435,3452387,169912,208578,4570944,152579,1042244,552002,1871200
1789706438,3452911,169872,209147,4570924,152597,1042204,552961,1870468
1789706440,3453385,169916,209653,4570988,152614,1042216,553968,1844020
1789706443,3453907,169836,210203,4598540,152634,1042152,554920,1869748
1789706445,3454391,169836,210719,4571020,152650,1041112,555882,1871008
1789706447,3454886,169916,211238,4571036,152670,1041068,556889,1872356
1789706450,3455348,169888,211694,4570928,152685,1041124,557766,1908796
1789706452,3455826,169872,212199,4570928,152703,1041108,558723,1844096
1789706455,3456236,169832,212621,4570884,152717,1039740,559606,1870156
1789706457,3456712,169920,213127,4570976,152734,1039776,560537,1870980
1789706459,3457214,169836,213667,4570976,152752,1039736,561480,1870520
1789706462,3457704,169864,214198,4571060,152771,1039784,562441,1844088
1789706464,3458216,169836,214745,4571048,152790,1039620,563441,1844004
1789706467,3458736,169912,215308,4571388,152805,1039424,564445,1871568
1789706469,3459196,169828,215766,4571468,152822,1039404,565358,1871224
1789706471,3459695,169924,216326,4571364,152841,1039428,566316,1870480
1789706474,3460254,169880,216890,4571428,152860,1039348,567294,1843952
1789706476,3460672,169876,217324,4571380,152875,1037744,568217,1844096
1789706478,3461127,169836,217786,4571352,152892,1037648,569131,1872108
1789706481,3461520,169804,218185,4571400,152906,1037780,569979,1869652
1789706483,3461951,169912,218644,4571420,152921,1037772,570859,1872888
1789706486,3462359,169916,219055,4571420,152935,1035440,571714,1844028
1789706488,3462778,169832,219488,4571376,152950,1035464,572618,1844108
1789706490,3463224,169832,219958,4571384,152965,1035408,573564,1869768
1789706493,3463742,169864,220491,4571420,152983,1035408,574526,1872348
1789706495,3464187,169824,220956,4571448,152999,1034696,575386,1866652
1789706497,3464697,169880,221512,4571432,153016,1034832,576354,1844104
1789706500,3465206,169840,222050,4571580,153035,1034844,577286,1844072
1789706502,3465706,169836,222573,4571384,153054,1034856,578285,1870956
1789706505,3466173,169800,223057,4571508,153071,1033992,579287,1869804
1789706507,3466692,169868,223583,4571412,153087,1033948,580212,1871100
1789706510,3467113,169824,224021,4571456,153102,1033932,581068,1844112
1789706512,3467606,169856,224560,4571452,153121,1033864,582079,1843980
1789706514,3468125,169860,225087,4571328,153138,1033996,583087,1869544
1789706517,3468546,169800,225518,4571360,153154,1033124,583960,1869924
1789706519,3469050,169872,226054,4571404,153173,1044184,584922,1866032
1789706522,3469575,169824,226614,4571636,153191,1033220,585869,1889444
1789706524,3470051,169912,227106,4571456,153209,1033224,586816,1889364
1789706526,3470600,169908,227707,4571484,153226,1032012,587826,1915280
1789706529,3471052,169864,228170,4571412,153241,1032088,588697,1916704
1789706531,3471563,169884,228720,4571636,153259,1032040,589658,1909548
1789706534,3472083,169804,229283,4571548,153278,1032096,590592,1889480
1789706536,3472492,169860,229707,4571516,153292,1030724,591442,1915104
1789706538,3472918,169832,230152,4571728,153306,1030632,592351,1915384
1789706541,3473367,169916,230616,4571560,153322,1030636,593248,1916600
1789706543,3473778,169924,231033,4571552,153337,1030752,594075,1889944
1789706545,3474244,169832,231532,4571504,153352,1030064,594983,1889976
1789706548,3474686,169908,231984,4571400,153369,1030076,595889,1966572
1789706550,3475235,169912,232581,4571640,153386,1030184,596910,1965292
1789706553,3475664,169824,233028,4571580,153401,1030180,597823,1965184
1789706555,3476079,169868,233453,4571592,153415,1030144,598694,1939348
1789706557,3476545,169836,233953,4571480,153432,1029508,599616,1939404
1789706560,3476985,169804,234399,4571596,153448,1029576,600548,2336360
1789706562,3477457,169912,234894,4571584,153465,1029608,601481,2217840
1789706564,3477891,169868,235341,4571508,153480,1029564,602381,2204076
1789706567,3478416,169884,235923,4571524,153499,1028628,603406,2170124
1789706569,3478883,169904,236402,4571548,153514,1028572,604334,2171432
1789706572,3479331,169872,236847,4571780,153530,1028604,605250,2201552
1789706574,3479816,169824,237362,4571604,153546,1028640,606177,2200356
1789706577,3480247,169864,237813,4571608,153563,1028184,607151,2198660
1789706579,3480780,169872,238391,4571768,153582,1028160,608117,2173612
1789706581,3481240,169856,238877,4571564,153598,1028184,608994,2169516
1789706584,3481671,169908,239334,4571640,153614,1028160,609854,2196648
1789706586,3482151,169836,239867,4571852,153631,1027036,610855,2197472
1789706588,3482647,169920,240394,4571784,153649,1026972,611872,2190488
1789706591,3483094,169828,240845,4571964,153667,1027020,612851,2169528
1789706593,3483579,169864,241365,4571868,153680,1026908,613688,2169572
1789706596,3484015,169876,241807,4571768,153694,1026376,614591,2197372
1789706598,3484434,169864,242238,4571844,153709,1026348,615501,2198184
1789706600,3484887,169836,242707,4571948,153724,1026368,616411,2192276
1789706603,3485319,169828,243154,4571828,153739,1026388,617304,2169436
1789706605,3485741,169912,243594,4571992,153753,1025492,618179,2196660
1789706608,3486193,169836,244082,4571956,153769,1025424,619105,2197184
1789706610,3486674,169884,244607,4571952,153787,1025460,620088,2197076
1789706613,3487181,169828,245134,4571920,153804,1025460,621067,2190856
1789706615,3487686,169880,245663,4572024,153822,1025472,622014,2169760
1789706617,3488162,169864,246163,4572028,153838,1024636,622920,2196572
1789706620,3488646,169872,246669,4572136,153855,1024636,623839,2198404
1789706622,3489124,169912,247174,4571924,153873,1024536,624835,2197408
1789706624,3489565,169884,247645,4572116,153889,1024512,625811,2189976
1789706627,3490088,169836,248194,4572068,153908,1023424,626786,2170416
1789706629,3490595,169916,248741,4572096,153925,1023396,627704,2198948
1789706632,3491119,169888,249304,4572108,153943,1023272,628707,2197320
1789706634,3491574,169832,249771,4572260,153960,1023376,629628,2196712
1789706636,3492072,169872,250343,4572104,153978,1022644,630644,2197028
1789706639,3492562,169800,250822,4572032,153996,1022532,631508,2170312
1789706641,3493040,169868,251324,4572076,154013,1022568,632454,2196660
1789706644,3493552,169924,251869,4572160,154030,1022624,633443,2196736
1789706646,3494021,169888,252380,4572300,154048,1021796,634353,2196756
1789706648,3494432,169840,252806,4572252,154061,1021760,635257,2170356
1789706651,3494859,169876,253253,4572240,154076,1021808,636186,2170416
1789706653,3495296,169916,253712,4572260,154091,1021664,637095,2198252
1789706656,3495738,169880,254146,4572264,154105,1021324,637934,2196112
1789706658,3496177,169832,254621,4572104,154122,1021340,638829,2196456
1789706660,3496638,169872,255089,4572196,154137,1021300,639799,2170432
1789706663,3497137,169836,255628,4572336,154154,1021184,640754,2170432
1789706665,3497590,169872,256094,4572196,154172,1021352,641664,2197948
1789706667,3498096,169912,256652,4572116,154190,1020588,642672,2196568
1789706670,3498607,169888,257193,4572236,154208,1020584,643663,2199140
1789706672,3499109,169836,257727,4572152,154226,1020500,644644,2170416
1789706675,3499531,169912,258168,4572288,154240,1020480,645552,2174136
1789706677,3500063,169860,258738,4572232,154260,1019872,646553,2200244
1789706679,3500524,169860,259223,4572204,154277,1019720,647470,2200752
1789706682,3500965,169908,259679,4572316,154292,1019804,648390,2197704
1789706684,3501480,169824,260257,4572120,154312,1019872,649422,2174096
1789706687,3501941,169912,260727,4592872,154330,1019284,650385,2174132
1789706689,3502423,169876,261209,4572216,154344,1019432,651241,2200228
1789706691,3502820,169864,261606,4572260,154356,1019440,652050,2200280
1789706694,3503258,169840,262061,4572336,154372,1019372,652929,2185816
1789706696,3503723,169864,262558,4572368,154390,1018828,653867,2174172
1789706699,3504220,169872,263099,4572332,154409,1018888,654858,2174064
1789706701,3504716,169904,263621,4572244,154427,1018852,655759,2201092
1789706703,3505235,169804,264182,4572296,154446,1018860,656699,2200216
1789706706,3505665,169876,264633,4572668,154461,1018048,657565,2178508
1789706708,3506201,169880,265215,4572688,154481,1018084,658637,2174120
1789706711,3506670,169836,265702,4572624,154498,1018060,659577,2200448
1789706713,3507109,169828,266147,4572552,154514,1018052,660480,2200600
1789706716,3507540,169920,266584,4572780,154528,1016604,661362,2201772
1789706718,3507973,169884,267027,4572632,154542,1016660,662223,2192532
1789706720,3508440,169924,267521,4572640,154559,1016572,663170,2174076
1789706723,3508936,169836,268064,4572552,154576,1016608,664117,2200812
1789706725,3509381,169828,268536,4572748,154594,1016644,665058,2200596
1789706727,3509876,169828,269054,4572648,154611,1015792,665986,2200472
1789706730,3510397,169888,269602,4572760,154630,1015768,666964,2193804
1789706732,3510835,169832,270045,4572672,154645,1015704,667815,2174172
1789706735,3511248,169836,270468,4572784,154659,1015772,668710,2201164
1789706737,3511742,169832,271013,4572772,154680,1015124,669716,2200704
1789706740,3512254,169916,271555,4572752,154700,1015128,670626,2200608
1789706742,3512689,169828,272002,4572872,154713,1015188,671558,2189400
1789706744,3513153,169864,272499,4572776,154731,1015048,672516,2174100
1789706747,3513597,169916,272949,4572808,154746,1014604,673452,2201496
1789706749,3514034,169876,273391,4572900,154761,1014644,674364,2202480
1789706751,3514466,169824,273832,4572744,154777,1014628,675228,2200368
1789706754,3514905,169836,274289,4572804,154795,1014552,676127,2174140
1789706756,3515364,169868,274746,4572764,154809,1014596,677144,2174156
1789706759,3515817,169888,275206,4572728,154825,1014136,678029,2211768
1789706761,3516252,169828,275665,4572796,154841,1014096,678959,2200276
1789706763,3516756,169880,276190,4572772,154857,1014104,679852,2202192
1789706766,3517249,169836,276728,4573032,154875,1014204,680725,2174152
1789706768,3517746,169836,277271,4573132,154892,1013944,681739,2174156
1789706770,3518276,169880,277852,4573200,154912,1013912,682733,2199996
1789706773,3518803,169836,278411,4573080,154930,1013800,683698,2201420
1789706775,3519335,169868,279003,4573160,154952,1013892,684758,2200172
1789706778,3519826,169872,279495,4573044,154969,1013416,685646,2174336
1789706780,3520280,169872,279973,4573088,154985,1013352,686557,2174336
1789706783,3520721,169872,280417,4573144,155001,1013356,687472,2200732
1789706785,3521167,169872,280876,4573096,155015,1013380,688360,2200328
1789706787,3521602,169872,281338,4573204,155031,1012372,689294,2200684
1789706790,3522099,169832,281850,4573108,155049,1012392,690178,2174308
1789706792,3522527,169876,282282,4573048,155064,1012384,691069,2174332
1789706794,3522955,169824,282718,4573104,155078,1012344,691979,2203252
1789706797,3523400,169800,283195,4573096,155094,1012436,692871,2200076
1789706799,3523905,169912,283732,4573112,155113,1011740,693825,2200680
1789706802,3524356,169884,284198,4573300,155127,1023248,694718,2174192
1789706804,3524789,169828,284645,4573036,155142,1011852,695682,2200016
1789706806,3525256,169880,285125,4573124,155159,1011836,696621,2206588
1789706809,3525695,169832,285574,4573112,155174,1010864,697561,2205980
1789706811,3526124,169864,286024,4573120,155191,1010996,698461,2189240
1789706814,3526543,169864,286445,4573136,155205,1010976,699337,2179868
1789706816,3527006,169912,286932,4573468,155221,1010928,700289,2204800
1789706818,3527423,169908,287358,4573116,155235,1010572,701200,2205692
1789706821,3527876,169840,287810,4573168,155250,1010548,702110,2205704
1789706823,3528352,169808,288313,4573160,155268,1010580,703039,2179844
1789706826,3528782,169828,288779,4573252,155283,1010652,703866,2179832
1789706828,3529253,169864,289269,4573264,155299,1010240,704859,2206568
1789706830,3529727,169876,289751,4573240,155315,1010148,705777,2205904
1789706833,3530202,169912,290271,4573312,155332,1010236,706792,2205892
1789706835,3530743,169836,290867,4573228,155354,1010136,707824,2179752
1789706838,3531210,169808,291359,4573332,155368,1010068,708729,2179796
1789706840,3531661,169916,291845,4573256,155383,1009944,709665,2207288
1789706842,3532150,169916,292347,4573188,155401,1010000,710670,2207124
1789706845,3532611,169864,292830,4573208,155418,1010024,711584,2208360
1789706847,3533105,169836,293362,4573320,155436,1010040,712514,2179836
1789706849,3533521,169828,293790,4573268,155450,1009848,713367,2179816
1789706852,3533951,169860,294243,4573256,155466,1009812,714211,2207648
1789706854,3534352,169860,294659,4573264,155479,1009936,715064,2205832
1789706857,3534843,169920,295174,4573348,155498,1009848,716077,2195012
1789706859,3535265,169828,295606,4573284,155511,1009556,716947,2179744
1789706861,3535711,169920,296072,4573272,155528,1009492,717898,2206668
1789706864,3536159,169832,296546,4593744,155545,1009556,718812,2206056
1789706866,3536641,169876,297067,4597320,155563,1009556,719799,2206272
1789706869,3537147,169920,297641,4597676,155582,1009056,720807,2179772
1789706871,3537624,169860,298145,4716840,155598,1009124,721692,2179800
1789706873,3538130,169868,298658,4573344,155615,1009144,722674,2205092
1789706876,3538621,169840,299191,4573196,155634,1009184,723616,2207740
1789706878,3539103,169856,299705,4573328,155651,1008684,724600,2205828
1789706881,3539598,169876,300236,4573412,155668,1008564,725576,2185808
1789706883,3540099,169808,300759,4573452,155687,1008540,726540,2179816
1789706885,3540603,169836,301309,4574296,155706,1008676,727464,2207504
1789706888,3541069,169876,301801,4574244,155721,1008440,728365,2206644
1789706890,3541569,169832,302328,4574264,155738,1008396,729303,2205952
1789706892,3542071,169832,302883,4574096,155757,1008404,730316,2179860
1789706895,3542499,169832,303335,4574252,155771,1008388,731220,2179756
1789706897,3542934,169876,303767,4574260,155787,1008404,732101,2205960
1789706900,3543358,169924,304193,4574400,155801,1007736,732993,2205632
1789706902,3543780,169920,304619,4574256,155816,1007780,733869,2207936
1789706904,3544190,169828,305036,4574268,155831,1007848,734784,2179888
1789706907,3544619,169872,305451,4574300,155845,1007744,735750,2179744
1789706909,3545064,169804,305913,4574256,155860,1007416,736661,2206624
1789706911,3545494,169912,306349,4574240,155875,1007404,737561,2205296
1789706914,3545990,169920,306872,4574416,155893,1007400,738511,2206092
1789706916,3546458,169836,307363,4574308,155909,1007384,739503,2179720
1789706919,3546910,169912,307819,4574296,155924,1007256,740409,2179832
1789706921,3547337,169860,308245,4574524,155940,1007272,741266,2204984
1789706923,3547758,169836,308673,4574184,155956,1007360,742167,2207484
1789706926,3548185,169912,309123,4574236,155969,1007416,743060,2205168
1789706928,3548635,169856,309577,4574364,155984,1006740,743998,2179836
1789706931,3549055,169800,310016,4574508,156000,1006732,744897,2179860
1789706933,3549487,169828,310459,4574372,156014,1006708,745784,2204956
1789706935,3549908,169876,310879,4574432,156028,1006708,746671,2207428
1789706938,3550338,169836,311319,4574320,156044,1005964,747563,2179936
1789706940,3550805,169916,311799,4574280,156059,1005952,748472,2179840
1789706942,3551226,169912,312231,4574380,156075,1006072,749381,2206460
1789706945,3551698,169864,312746,4574684,156092,1006028,750323,2209216
1789706947,3552167,169916,313242,4574772,156109,1006028,751252,2207184
1789706950,3552649,169908,313765,4574764,156127,1005552,752240,2205412
1789706952,3553111,169876,314250,4574760,156143,1005620,753171,2179708
1789706954,3553603,169884,314768,4574740,156161,1005616,754113,2207036
1789706957,3554139,169824,315354,4574652,156181,1005644,755128,2208128
1789706959,3554602,169912,315834,4574668,156197,1005548,756010,2208000
1789706962,3555027,169828,316275,4574680,156212,1005604,756874,2179860
1789706964,3555474,169860,316742,4574664,156226,1005616,757801,2179832
1789706966,3555930,169856,317216,4574776,156245,1005612,758747,2206852
1789706969,3556377,169908,317691,4574800,156259,1004992,759695,2205876
1789706971,3556842,169868,318153,4574708,156276,1004940,760667,2229016
1789706974,3557365,169860,318720,4574688,156295,1005012,761611,2200144
1789706976,3557833,169804,319218,4574720,156310,1005020,762550,2200184
1789706978,3558262,169876,319651,4574672,156324,1005024,763453,2228320
1789706981,3558695,169880,320120,4574728,156339,1004532,764404,2226412
1789706983,3559188,169876,320662,4574664,156357,1004516,765390,2226912
1789706986,3559614,169912,321085,4574724,156372,1004532,766294,2200108
1789706988,3560025,169912,321500,4574652,156388,1004504,767198,2200128
1789706990,3560477,169800,321948,4574844,156404,1004160,768170,2227324
1789706993,3560926,169836,322410,4574664,156419,1004040,769095,2228708
1789706995,3561366,169864,322865,4574712,156434,1004172,770008,2226512
1789706997,3561842,169868,323397,4574664,156451,1004048,770919,2200056
1789707000,3562297,169912,323877,4574680,156466,1003888,771805,2227112
1789707002,3562792,169832,324444,4574712,156485,1003920,772867,2227012
1789707005,3563335,169880,325007,4574728,156503,1003896,773888,2225908
1789707007,3563796,169836,325488,4574708,156518,1003792,774756,2228260
1789707010,3564246,169860,325948,4574920,156535,1003868,775684,2200068
1789707012,3564683,169888,326396,4574828,156549,1003680,776578,2228124
1789707014,3565158,169908,326889,4574804,156567,1003628,777568,2226816
1789707017,3565616,169884,327369,4574752,156582,1003632,778532,2227144
1789707019,3566073,169904,327849,4574764,156599,1003624,779435,2222016
1789707021,3566491,169872,328283,4574832,156614,1003524,780329,2200172
1789707024,3566999,169824,328840,4574696,156633,1003532,781298,2227288
1789707026,3567443,169820,329289,4574720,156649,1003516,782240,2246344
1789707029,3567930,169828,329812,4574744,156667,1003512,783270,2261144
1789707031,3568434,169888,330364,4574816,156685,1003312,784196,2235308
1789707033,3568896,169836,330871,4574824,156704,1003356,785171,2235692
1789707036,3569451,169908,331478,4574908,156723,1003296,786164,2262008
1789707038,3569918,169876,331962,4574704,156741,1003392,787147,2263064
1789707041,3570424,169872,332496,4574884,156760,1003008,788180,2264628
1789707043,3570921,169872,333002,4574732,156775,1003164,789078,2260120
1789707046,3571329,169864,333398,4574756,156789,1003144,789924,2236572
1789707048,3571737,169808,333813,4574788,156803,1003140,790790,2263840
1789707050,3572182,169916,334315,4574804,156820,1003004,791786,2263688
1789707053,3572690,169824,334856,4574768,156835,1003016,792770,2262952
1789707055,3573093,169920,335265,4574940,156849,1003000,793652,2236664
1789707057,3573539,169820,335727,4574800,156867,1003072,794528,2236700
1789707060,3574007,169836,336220,4574768,156882,1003068,795463,2262840
1789707062,3574412,169860,336609,4574808,156897,1002720,796404,2263600
1789707065,3574863,169912,337066,4574792,156914,1002784,797374,2265984
1789707067,3575340,169832,337561,4574900,156927,1002652,798306,2237164
1789707069,3575761,169884,338008,4574876,156943,1002704,799198,2237280
1789707072,3576212,169836,338493,4574816,156959,1002096,800165,2264292
1789707074,3576724,169908,339017,4574864,156975,1002088,801115,2264744
1789707077,3577201,169908,339529,4574844,156995,1002116,802152,2264672
1789707079,3577679,169828,340017,4574740,157010,1002120,803039,2237248
1789707081,3578106,169808,340449,4574760,157026,1002028,803918,2237260
1789707084,3578528,169920,340874,4574820,157039,1001968,804834,2264792
1789707086,3578953,169824,341313,4574836,157055,1002016,805788,2263832
1789707089,3579444,169828,341821,4574952,157071,1001988,806739,2262608
1789707091,3579979,169920,342392,4574712,157090,1001680,807777,2237212
1789707093,3580397,169872,342817,4574808,157105,1001572,808673,2263116
1789707096,3580834,169832,343259,4574700,157120,1001676,809582,2263628
1789707098,3581238,169876,343670,4574868,157136,1001688,810431,2263372
1789707100,3581717,169880,344178,4574740,157153,1001048,811399,2263808
1789707103,3582137,169836,344609,4574832,157167,1001096,812342,2237160
1789707105,3582639,169916,345144,4574864,157185,1001016,813351,2262644
1789707107,3583112,169908,345642,4574828,157200,1000960,814308,2263984
1789707110,3583635,169880,346201,4574952,157221,1001064,815340,2265088
1789707112,3584096,169916,346673,4574776,157236,1000572,816228,2237324
1789707115,3584530,169832,347132,4575012,157252,1000616,817168,2237324
1789707117,3584941,169868,347535,4574868,157266,1000592,818044,2263476
1789707119,3585351,169824,347955,4574812,157280,1000664,818870,2262976
1789707122,3585775,169912,348396,4574852,157295,1000148,819776,2263416
1789707124,3586207,169860,348844,4574888,157311,1000160,820744,2237276
1789707126,3586648,169876,349316,4575068,157328,1000084,821721,2237300
1789707129,3587093,169836,349777,4575072,157343,1000180,822662,2265948
1789707131,3587539,169836,350221,4575312,157357,1000064,823554,2263148
1789707134,3587979,169820,350679,4575100,157375,999872,824514,2264132
1789707136,3588396,169888,351085,4575104,157388,1000024,825388,2237340
1789707138,3588835,169916,351526,4575132,157403,1000012,826298,2237344
1789707141,3589333,169916,352058,4575072,157422,999972,827296,2263988
1789707143,3589754,169860,352484,4575144,157436,999772,828160,2262432
1789707146,3590190,169916,352936,4575188,157451,999688,829084,2259632
1789707148,3590742,169860,353527,4575120,157471,999828,830108,2237340
1789707150,3591206,169912,353998,4575092,157489,999808,831062,2262696
1789707153,3591606,169880,354428,4586744,157503,999704,832047,2263388
1789707155,3592089,169820,354918,4575204,157521,999564,832933,2262980
1789707158,3592498,169912,355366,4575008,157536,999704,833825,2237312
1789707160,3592935,169880,355786,4575188,157551,999592,834727,2237332
1789707162,3593369,169824,356241,4575192,157566,999404,835556,2263688
1789707165,3593773,169808,356642,4575372,157580,999396,836486,2263108
1789707167,3594242,169908,357155,4575184,157599,999332,837459,2265720
1789707169,3594726,169884,357664,4575072,157615,999408,838457,2237536
1789707172,3595190,169916,358148,4575172,157630,998920,839366,2237576
1789707174,3595651,169836,358634,4575288,157645,998920,840380,2264956
1789707177,3596056,169836,359059,4575228,157661,998920,841331,2264272
1789707179,3596497,169804,359493,4575128,157675,998912,842199,2266004
1789707181,3596920,169868,359919,4575172,157690,998820,843081,2237520
1789707184,3597349,169808,360369,4575296,157704,998504,843931,2237604
1789707186,3597767,169832,360785,4575376,157719,998536,844835,2264336
1789707189,3598220,169920,361256,4575524,157734,998428,845757,2265200
1789707191,3598662,169908,361733,4575336,157750,998520,846722,2259608
1789707193,3599088,169876,362162,4575372,157765,998256,847629,2237584
1789707196,3599493,169876,362571,4575244,157779,998304,848491,2264996
1789707198,3599892,169832,362970,4575308,157793,998300,849414,2263312
1789707200,3600402,169872,363507,4575244,157811,998284,850403,2264604
1789707203,3600842,169884,363957,4575248,157827,998276,851283,2264640
1789707205,3601304,169916,364452,4575336,157844,998236,852203,2237584
1789707207,3601794,169828,364978,4575424,157862,998288,853202,2264520
1789707210,3602300,169912,365523,4575224,157878,998276,854169,2265376
1789707212,3602760,169864,365988,4575432,157896,998136,855128,2264412
1789707215,3603192,169884,366432,4575404,157911,997992,856052,2237660
1789707217,3603596,169908,366837,4575468,157925,997880,856964,2237628
1789707219,3604032,169864,367289,4575444,157940,997924,857892,2264588
1789707222,3604445,169908,367697,4575280,157954,998028,858701,2264836
1789707224,3604888,169868,368154,4575436,157970,997600,859597,2264512
1789707226,3605286,169876,368566,4575516,157984,997604,860526,2237532
1789707229,3605741,169912,369028,4575472,158000,997612,861475,2237540
1789707231,3606181,169856,369492,4575316,158016,997624,862424,2267192
1789707234,3606695,169856,370042,4575520,158035,997592,863481,2262760
1789707236,3607182,169860,370568,4575444,158053,997256,864464,2264056
1789707238,3607674,169820,371080,4575436,158071,997240,865459,2237628
1789707241,3608180,169868,371622,4575404,158090,997268,866420,2265524
1789707243,3608639,169864,372118,4575500,158105,997244,867356,2264548
1789707246,3609118,169908,372610,4575720,158122,996764,868341,2263652
1789707248,3609602,169920,373149,4575816,158139,996828,869356,2261516
1789707250,3610095,169864,373682,4575816,158157,996872,870324,2237492
1789707253,3610530,169828,374135,4575824,158172,996800,871264,2264148
1789707255,3610946,169920,374555,4575860,158187,996780,872174,2266012
1789707257,3611356,169876,374971,4575912,158202,996328,873072,2264532
1789707260,3611805,169860,375462,4575848,158219,996348,873961,2237608
1789707262,3612273,169836,375957,4575904,158236,996308,874922,2237620
1789707265,3612768,169924,376512,4576056,158252,996448,875959,2275808
1789707267,3613220,169888,376967,4575768,158268,996252,876886,2265192
1789707269,3613701,169876,377478,4575812,158286,996352,877860,2263596
1789707272,3614156,169908,377957,4575840,158302,996356,878809,2237640
1789707274,3614713,169800,378570,4575868,158322,996332,879885,2237628
1789707277,3615179,169884,379040,4575740,158340,995972,880873,2264836
1789707279,3615628,169864,379511,4575928,158356,995944,881794,2264864
1789707281,3616086,169916,379992,4575684,158373,995952,882694,2264644
1789707284,3616546,169916,380459,4575808,158387,995844,883611,2237600
1789707286,3616970,169908,380888,4575856,158403,995556,884554,2237600
1789707289,3617453,169908,381404,4575680,158421,995588,885618,2262812
1789707291,3617942,169836,381922,4575844,158436,995604,886620,2263628
1789707293,3618449,169912,382443,4575864,158456,995640,887568,2264128
1789707296,3618947,169860,382966,4575768,158473,995180,888528,2237616
1789707298,3619359,169868,383376,4575772,158487,995180,889414,2237596
1789707301,3619849,169884,383896,4575844,158504,995252,890371,2264280
1789707303,3620354,169920,384428,4575788,158523,995220,891411,2587468
1789707305,3620793,169912,384889,4576196,158540,994692,892326,2601176
1789707308,3621280,169804,385404,4576044,158556,994744,893239,2536720
1789707310,3621744,169880,385878,4576156,158572,994740,894177,2572136
1789707312,3622300,169876,386523,4576044,158594,994624,895289,2564600
1789707315,3622806,169876,387041,4576196,158611,994736,896276,2576980
1789707317,3623274,169864,387530,4576172,158628,994420,897253,2562940
1789707320,3623762,169880,388019,4576136,158645,994380,898172,2536828
1789707322,3624180,169908,388430,4576192,158660,994368,899082,2579780
1789707324,3624624,169840,388891,4576204,158676,994276,900086,2575452
1789707327,3625084,169888,389352,4576084,158692,994012,901012,2576128
1789707329,3625512,169916,389804,4576216,158707,994076,901917,2548876
1789707332,3625963,169836,390269,4576292,158722,993988,902771,2548812
1789707334,3626390,169836,390708,4576040,158736,994108,903631,2576020
1789707336,3626801,169836,391117,4576228,158751,994112,904589,2575740
1789707339,3627325,169828,391687,4576208,158770,993916,905681,2575472
1789707341,3627818,169884,392212,4576140,158788,993984,906631,2548808
1789707343,3628248,169908,392634,4576220,158802,993904,907505,2546772
1789707346,3628715,169920,393113,4576224,158818,993936,908453,2572896
1789707348,3629163,169828,393598,4576180,158835,993892,909412,2574440
1789707350,3629594,169880,394039,4576064,158848,993872,910365,2559948
1789707353,3630088,169916,394540,4576108,158866,993892,911338,2547316
1789707355,3630550,169864,395030,4576112,158881,993876,912318,2574996
1789707358,3631029,169832,395547,4576168,158900,993576,913322,2572972
1789707360,3631562,169872,396117,4575972,158917,993596,914355,2572756
1789707362,3632050,169864,396649,4576144,158936,993512,915306,2574412
1789707365,3632502,169868,397111,4576212,158950,993536,916295,2547572
1789707367,3633009,169908,397663,4576148,158967,993016,917248,2574696
1789707370,3633452,169920,398122,4576032,158982,992956,918193,2574648
1789707372,3633967,169884,398686,4576048,159001,993024,919249,2574988
1789707374,3634472,169880,399214,4576244,159017,992980,920191,2553292
1789707377,3634911,169920,399684,4576128,159034,992876,921163,2547800
1789707379,3635358,169836,400148,4576032,159050,992668,922117,2575304
1789707382,3635816,169916,400629,4576128,159068,992692,923045,2574716
1789707384,3636294,169920,401138,4576196,159086,992672,924075,2575676
1789707387,3636772,169804,401635,4576308,159104,992648,924994,2577028
1789707389,3637225,169880,402105,4576124,159120,992496,925984,2548004
1789707391,3637659,169884,402546,4576120,159136,992476,926932,2576180
1789707394,3638093,169912,402987,4576068,159150,992512,927834,2574388
1789707396,3638570,169832,403492,4576188,159167,992500,928783,2574604
1789707398,3638989,169820,403913,4576132,159183,992292,929701,2575512
1789707401,3639483,169916,404433,4576156,159200,992252,930725,2546276
1789707403,3639954,169880,404929,4576160,159214,992300,931649,2573236
1789707406,3640421,169840,405429,4576212,159232,992276,932682,2574556
1789707408,3641006,169876,406048,4576152,159252,992304,933723,2573332
1789707411,3641473,169920,406550,4576296,159269,992024,934696,2569708
1789707413,3641935,169824,407033,4576088,159289,992092,935618,2546252
1789707415,3642376,169868,407486,4576148,159300,992016,936503,2573344
1789707418,3642828,169836,407978,4576220,159316,992008,937491,2572816
1789707420,3643344,169876,408528,4576256,159336,991604,938517,2573356
1789707422,3643890,169832,409119,4576084,159355,991672,939594,2546176
1789707425,3644352,169912,409610,4576164,159372,991632,940565,2546236
1789707427,3644787,169908,410067,4576488,159388,991532,941457,2573132
1789707430,3645199,169864,410493,4576720,159403,991540,942306,2572384
1789707432,3645628,169880,410922,4576520,159417,991592,943182,2572352
1789707434,3646073,169828,411392,4576632,159432,991616,944145,2546336
1789707437,3646518,169824,411862,4576664,159449,991472,945100,2561944
1789707439,3647032,169912,412409,4576624,159467,991420,946098,2589632
1789707442,3647458,169820,412836,4576616,159480,991408,946933,2590120
1789707444,3647919,169912,413329,4576688,159497,991420,947924,2588936
1789707446,3648415,169912,413854,4576616,159514,991444,948917,2561588
1789707449,3648888,169880,414355,4576556,159530,990920,949892,2561524
1789707451,3649379,169824,414903,4576568,159549,990928,950948,2587176
1789707454,3649871,169828,415380,4576576,159565,990996,951822,2588780
1789707456,3650287,169916,415810,4576652,159579,991000,952784,2588400
1789707458,3650764,169868,416319,4576748,159597,991008,953807,2561504
1789707461,3651276,169840,416882,4576692,159615,990492,954852,2561536
1789707463,3651776,169924,417405,4576616,159633,990572,955773,2587016
1789707465,3652227,169860,417868,4576620,159651,990568,956785,2588876
1789707468,3652751,169888,418424,4576616,159667,990588,957765,2588856
1789707470,3653167,169828,418846,4576632,159683,990452,958735,2561652
1789707473,3653609,169908,419305,4576700,159696,990440,959702,2588268
1789707475,3654033,169836,419743,4576760,159710,990560,960588,2587972
1789707477,3654477,169828,420188,4576748,159728,990480,961493,2588456
1789707480,3654915,169876,420636,4576716,159742,990368,962360,2561540
1789707482,3655395,169872,421154,4576536,159760,990412,963379,2561648
1789707484,3655887,169920,421658,4576680,159777,990376,964322,2589364
1789707487,3656435,169868,422275,4576704,159797,990364,965418,2587816
1789707489,3656895,169876,422776,4576672,159816,990024,966397,2588868
1789707492,3657369,169876,423240,4576680,159833,990036,967349,2561656
1789707494,3657818,169868,423715,4576788,159850,989976,968332,2557700
1789707496,3658297,169908,424224,4576884,159867,990088,969282,2583704
1789707499,3658754,169824,424712,4576756,159882,989460,970243,2584600
1789707501,3659192,169864,425177,4576780,159898,989500,971158,2581244
1789707504,3659666,169880,425677,4576720,159915,989404,972141,2553772
1789707506,3660101,169876,426126,4576692,159930,989504,973083,2551804
1789707508,3660578,169868,426609,4576800,159948,989416,974048,2577892
1789707511,3661057,169880,427109,4576724,159963,989192,975030,2578564
1789707513,3661468,169828,427527,4576748,159980,989308,975994,2560368
1789707516,3661947,169872,428024,4576740,159995,989336,976954,2551780
1789707518,3662373,169884,428467,4576824,160010,989260,977852,2578292
1789707520,3662814,169920,428935,4576684,160026,989116,978878,2578188
1789707523,3663306,169824,429469,4603500,160041,989144,979897,2577432
1789707525,3663755,169912,429916,4576900,160056,989092,980857,2579376
1789707527,3664201,169872,430380,4576656,160073,989128,981795,2551768
1789707530,3664683,169832,430889,4576928,160091,988760,982742,2579116
1789707532,3665159,169880,431394,4576644,160108,988764,983738,2577844
1789707534,3665667,169912,431938,4576704,160128,988700,984806,2579372
1789707537,3666139,169864,432441,4576732,160144,988768,985787,2551772
1789707539,3666593,169908,432899,4576812,160161,988372,986659,2551824
1789707542,3667079,169884,433430,4576832,160177,988388,987657,2577800
1789707544,3667524,169832,433890,4576860,160193,988288,988583,2579108
1789707546,3667996,169872,434417,4576728,160210,988376,989601,2578492
1789707549,3668526,169808,434960,4576892,160228,988028,990555,2551780
1789707551,3668978,169868,435450,4576836,160246,988020,991586,2551804
1789707553,3669453,169828,435953,4576880,160263,987880,992529,2578580
1789707556,3669906,169832,436417,4576724,160278,987944,993451,2579424
1789707558,3670321,169836,436845,4576748,160294,987992,994395,2579728
1789707561,3670733,169876,437261,4576856,160306,988040,995293,2551772
1789707563,3671163,169920,437676,4576704,160321,987852,996171,2551848
1789707565,3671594,169916,438129,4576784,160336,987780,997072,2578572
1789707568,3672074,169840,438635,4576716,160354,987876,998085,2579748
1789707570,3672518,169912,439091,4576812,160368,987860,999065,2556340
1789707573,3672944,169912,439537,4576780,160384,987784,999939,2551784
1789707575,3673379,169860,439985,4576720,160400,987760,1000891,2579744
1789707577,3673826,169908,440432,4576840,160415,987736,1001795,2577988
1789707580,3674244,169860,440861,4576752,160428,987620,1002669,2579496
1789707582,3674670,169864,441308,4594524,160443,987528,1003533,2551900
1789707584,3675087,169832,441772,4599476,160458,987552,1004493,2551852
1789707587,3675517,169904,442219,4599444,160472,987564,1005453,2578560
1789707589,3675947,169872,442676,4599492,160489,987528,1006360,2578580
1789707592,3676357,169884,443098,4701592,160504,987548,1007286,2578552
1789707594,3676782,169856,443495,4576736,160517,987432,1008169,2551764
1789707596,3677224,169884,443955,4576824,160532,987348,1009130,2551768
1789707599,3677647,169912,444401,4576736,160550,987376,1010091,2579552
1789707601,3678107,169836,444882,4576812,160566,987424,1011076,2579272
1789707604,3678581,169912,445379,4576788,160583,987044,1011997,2579432
1789707606,3679098,169884,445934,4576780,160601,987152,1013066,2551864
1789707608,3679589,169876,446456,4576904,160621,987112,1014128,2551756
1789707611,3680037,169864,446915,4576780,160635,987188,1015066,2578528
1789707613,3680461,169876,447351,4576792,160651,986960,1016000,2578956
1789707615,3680895,169804,447796,4576824,160665,986944,1016858,2574936
1789707618,3681283,169864,448178,4576828,160679,986980,1017755,2551748
1789707620,3681696,169836,448608,4576756,160693,986996,1018669,2578772
1789707623,3682126,169920,449056,4576792,160709,986936,1019596,2580200
1789707625,3682575,169872,449509,4576704,160725,986868,1020508,2580140
1789707627,3682975,169888,449924,4576740,160739,986840,1021395,2551856
1789707630,3683401,169876,450366,4576896,160754,986944,1022349,2551852
1789707632,3683833,169824,450800,4576980,160770,986936,1023241,2577508
1789707634,3684287,169864,451279,4576772,160787,986888,1024194,2579992
1789707637,3684747,169904,451772,4577000,160805,986840,1025187,2579224
1789707639,3685203,169832,452250,4576804,160822,986808,1026160,2551800
1789707642,3685656,169872,452735,4576772,160839,986804,1027144,2551872
1789707644,3686191,169840,453305,4576784,160859,986820,1028175,2578644
1789707646,3686652,169860,453810,4576784,160877,986780,1029214,2577976
1789707649,3687155,169836,454341,4576896,160895,986708,1030189,2579656
1789707651,3687622,169824,454831,4576788,160912,986768,1031141,2551840
1789707654,3688050,169916,455273,4576860,160927,986720,1032057,2551812
1789707656,3688485,169860,455727,4576836,160943,986492,1033013,2579280
1789707658,3688949,169836,456210,4576832,160959,986560,1033901,2595668
1789707661,3689371,169824,456651,4576716,160972,986548,1034861,2595900
1789707663,3689870,169920,457194,4576812,160990,986392,1035862,2568384
1789707665,3690341,169864,457712,4576824,161008,986496,1036864,2568472
1789707668,3690816,169832,458208,4576804,161026,986408,1037856,2594860
1789707670,3691345,169836,458773,4576868,161045,986416,1038857,2594880
1789707673,3691794,169868,459250,4576812,161060,986428,1039792,2592364
1789707675,3692283,169916,459764,4576896,161079,986428,1040814,2569600
1789707677,3692809,169880,460336,4576828,161098,986308,1041865,2569916
1789707680,3693329,169908,460895,4576864,161119,986308,1042877,2595712
1789707682,3693810,169800,461422,4576768,161138,986308,1043897,2618020
1789707685,3694309,169872,461960,4576924,161156,986288,1044928,2598548
1789707687,3694781,169872,462459,4576864,161172,986272,1045909,2590752
1789707690,3695332,169872,463044,4576892,161191,986224,1046926,2616776
1789707692,3695767,169828,463496,4576888,161207,986188,1047832,2617384
1789707694,3696242,169868,464048,4576996,161226,986168,1049059,2617612
1789707697,3696806,169908,464689,4576872,161249,986204,1050219,2618892
1789707700,3697327,169876,465287,4576932,161271,986064,1051343,2618680
1789707702,3697856,169832,465894,4576952,161293,986048,1052496,2657300
1789707705,3698333,169872,466416,4576948,161311,986064,1053500,2592716
1789707708,3698829,169868,466962,4576892,161330,986032,1054446,2618704
1789707710,3699304,169908,467464,4576772,161348,985960,1055447,2631860
1789707712,3699795,169860,467983,4576892,161365,985952,1056512,2621264
1789707715,3700265,169840,468483,4576828,161383,985944,1057531,2592780
1789707717,3700703,169908,468938,4576788,161400,985940,1058454,2592804
1789707719,3701124,169828,469362,4576980,161414,985916,1059345,2619372
1789707722,3701551,169908,469794,4576804,161429,985900,1060270,2619436
1789707724,3701982,169832,470253,4576916,161444,985896,1061238,2619356
1789707727,3702400,169828,470702,4576960,161459,985908,1062128,2593036
1789707729,3702819,169884,471142,4576768,161473,985768,1063108,2593008
1789707731,3703304,169924,471645,4576776,161490,985852,1064110,2620464
1789707734,3703777,169880,472151,4576768,161508,985836,1065089,2618068
1789707736,3704269,169888,472699,4576724,161528,985804,1066139,2619696
1789707739,3704813,169924,473326,4576832,161551,985808,1067410,2618852
1789707742,3705395,169836,473981,4576848,161574,985708,1068485,2592924
1789707744,3705896,169916,474566,4576712,161595,985676,1069612,2593000
1789707747,3706430,169872,475181,4576888,161617,985780,1070770,2619424
1789707749,3706986,169832,475837,4576944,161641,985780,1071988,2621416
1789707752,3707561,169876,476523,4576844,161665,985740,1073345,2618720
1789707755,3708134,169860,477212,4576832,161690,985816,1074586,2620824
1789707758,3708698,169836,477762,4576924,161709,985720,1075557,2619776
1789707761,3709123,169888,478205,4576852,161725,985688,1076483,2620372
1789707763,3709585,169832,478688,4577008,161740,985656,1077441,2593100
1789707765,3709997,169836,479119,4576888,161755,985564,1078351,2593016
1789707768,3710426,169836,479548,4577032,161771,985632,1079243,2620920
1789707770,3710937,169840,480145,4576848,161794,985408,1080527,2620844
1789707773,3711483,169828,480738,4576876,161814,985544,1081565,2621152
1789707775,3711918,169832,481191,4576808,161829,985452,1082497,2593192
1789707778,3712422,169872,481741,4576792,161847,985580,1083502,2593124
1789707780,3712934,169908,482287,4576796,161866,985404,1084443,2619684
1789707783,3713381,169840,482785,4576836,161883,985316,1085469,2619636
1789707785,3713868,169872,483294,4576912,161900,985428,1086506,2620532
1789707787,3714345,169880,483809,4577456,161917,985428,1087468,2612564
1789707790,3714796,169876,484269,4577376,161934,985116,1088391,2593148
1789707792,3715237,169864,484751,4577372,161950,985100,1089348,2620076
1789707795,3715725,169836,485290,4577200,161969,985052,1090429,2620924
1789707797,3716217,169876,485805,4577224,161984,985100,1091430,2619608
1789707799,3716675,169860,486278,4577212,162002,984896,1092346,2604856
1789707802,3717136,169832,486761,4577320,162019,984864,1093329,2593148
1789707804,3717596,169824,487240,4577312,162034,984768,1094271,2621960
1789707807,3718036,169828,487712,4577244,162051,984892,1095291,2620532
1789707809,3718541,169836,488248,4577340,162068,984784,1096247,2620680
1789707811,3719016,169916,488755,4577228,162086,984744,1097190,2593044
1789707814,3719497,169860,489256,4577276,162104,984656,1098156,2593140
1789707816,3720010,169916,489831,4577480,162122,984672,1099198,2620648
1789707819,3720507,169836,490350,4577368,162141,984712,1100188,2620140
1789707821,3720966,169828,490850,4577308,162157,984576,1101194,2619212
1789707823,3721434,169836,491346,4577220,162174,984572,1102106,2593128
1789707826,3721847,169884,491790,4577548,162188,984516,1103036,2593116
1789707828,3722295,169872,492241,4577344,162204,984560,1103969,2619164
1789707830,3722734,169912,492697,4577488,162219,984572,1104949,2620700
1789707833,3723161,169912,493139,4577404,162236,984288,1105915,2619944
1789707835,3723605,169804,493599,4577224,162250,984348,1106868,2593120
1789707838,3724057,169804,494071,4577444,162267,984412,1107771,2593104
1789707840,3724500,169864,494522,4577348,162282,984340,1108697,2619748
1789707842,3724930,169864,494984,4577428,162298,984268,1109685,2620824
1789707845,3725454,169924,495541,4577380,162318,984200,1110758,2621072
1789707847,3725943,169864,496067,4577412,162333,984352,1111719,2593120
1789707850,3726376,169828,496526,4577296,162347,984324,1112626,2593136
1789707852,3726801,169884,496973,4577388,162362,984212,1113552,2619512
1789707854,3727218,169832,497395,4577292,162376,984244,1114518,2621260
1789707857,3727636,169836,497818,4577316,162391,984160,1115421,2593040
1789707859,3728100,169916,498326,4577396,162408,984180,1116420,2593152
1789707861,3728554,169868,498782,4577336,162423,983984,1117332,2619320
1789707864,3729047,169860,499316,4577252,162442,983944,1118344,2620540
1789707866,3729487,169840,499770,4577208,162458,983968,1119292,2620308
1789707869,3729987,169884,500321,4577640,162476,983964,1120347,2619968
1789707871,3730503,169880,500902,4577268,162496,983800,1121414,2593164
1789707873,3730979,169876,501397,4577356,162514,983656,1122351,2620204
1789707876,3731469,169868,501937,4577336,162531,983732,1123268,2618344
1789707878,3731954,169908,502460,4577240,162549,983676,1124305,2620416
1789707881,3732433,169884,502968,4577356,162566,983584,1125317,2593092
1789707883,3732903,169880,503495,4600028,162587,983112,1126393,2593108
1789707885,3733451,169872,504048,4577320,162604,983184,1127380,2619424
1789707888,3733887,169832,504521,4577416,162621,983068,1128333,2620336
1789707890,3734381,169876,505040,4577468,162641,983200,1129374,2619644
1789707893,3734838,169912,505522,4577252,162658,982836,1130355,2593164
1789707895,3735311,169832,506018,4577424,162674,982980,1131315,2593052
1789707897,3735774,169916,506513,4577260,162692,982968,1132326,2620180
1789707900,3736332,169880,507111,4577296,162712,982960,1133405,2618740
1789707902,3736768,169916,507570,4577256,162727,982780,1134337,2620476
1789707904,3737222,169824,508052,4577428,162745,982808,1135295,2593172
1789707907,3737681,169888,508527,4577468,162761,982792,1136290,2593080
1789707909,3738114,169908,508968,4577416,162776,982784,1137178,2619832
1789707912,3738554,169860,509417,4577496,162791,982820,1138081,2619568
1789707914,3738973,169880,509854,4577536,162807,982708,1138986,2615536
1789707916,3739432,169920,510349,4577536,162824,982668,1139991,2593156
1789707919,3739934,169828,510892,4577428,162845,982716,1141034,2620856
1789707921,3740458,169916,511463,4577488,162866,982708,1142039,2620020
1789707923,3740946,169912,511986,4577488,162884,982392,1142973,2618772
1789707926,3741462,169856,512558,4577412,162903,982472,1144005,2620096
1789707928,3741945,169864,513082,4577472,162921,982428,1145041,2593076
1789707931,3742407,169864,513563,4577484,162938,982380,1146004,2619680
1789707933,3742922,169912,514108,4577396,162959,982200,1147005,2619628
1789707935,3743386,169868,514602,4577480,162976,982244,1147954,2620424
1789707938,3743852,169804,515097,4577528,162994,982128,1148960,2593156
1789707940,3744365,169868,515655,4577592,163014,982208,1149986,2593204
1789707942,3744869,169864,516203,4577444,163032,982028,1150945,2619728
1789707945,3745284,169808,516628,4577556,163047,981964,1151886,2620908
1789707947,3745723,169832,517089,4577372,163065,982048,1152875,2618216
1789707950,3746167,169908,517544,4577448,163080,981996,1153739,2593096
1789707952,3746616,169820,518008,4577548,163097,981884,1154721,2621464
1789707954,3747071,169880,518490,4577480,163115,981808,1155739,2620800
1789707957,3747536,169808,518974,4577476,163131,981756,1156743,2619448
1789707959,3747983,169920,519430,4577500,163147,981836,1157688,2619268
1789707961,3748461,169864,519942,4577412,163165,981820,1158675,2593392
1789707964,3748920,169912,520407,4577356,163181,981604,1159656,2619440
1789707966,3749449,169872,521033,4577480,163202,981712,1160752,2619144
1789707969,3749940,169876,521532,4577500,163219,981572,1161711,2620272
1789707971,3750434,169912,522055,4577512,163237,981680,1162773,2619464
1789707974,3750885,169868,522514,4577528,163253,981636,1163711,2593372
1789707976,3751379,169916,523031,4577560,163271,981608,1164696,2619628
1789707978,3751834,169884,523517,4577436,163289,981672,1165691,2621100
1789707981,3752303,169864,524025,4577500,163307,981624,1166698,2620832
1789707983,3752800,169908,524549,4577516,163327,981400,1167754,2595372
1789707985,3753316,169872,525093,4577504,163345,981488,1168779,2593328
1789707988,3753727,169836,525525,4577532,163361,981568,1169640,2618892
1789707990,3754159,169916,525947,4577404,163376,981556,1170611,2619716
1789707993,3754612,169864,526439,4577520,163393,981224,1171588,2619696
1789707995,3755078,169840,526919,4577516,163410,981268,1172589,2593348
1789707997,3755529,169804,527389,4577544,163426,981156,1173535,2593380
1789708000,3756003,169840,527888,4577524,163443,981224,1174482,2620476
1789708002,3756450,169876,528350,4577592,163459,980880,1175457,2619648
1789708004,3756967,169920,528928,4577548,163481,980988,1176570,2618588
1789708007,3757452,169924,529407,4577548,163495,981004,1177518,2593328
1789708009,3757942,169864,529932,4577520,163515,980928,1178546,2593384
1789708012,3758418,169912,530458,4577540,163535,980996,1179568,2619476
1789708014,3758928,169820,531016,4577352,163555,980884,1180628,2620428
1789708016,3759410,169836,531521,4577528,163573,980904,1181593,2619676
1789708019,3759869,169824,531995,4577532,163591,980768,1182573,2593376
1789708021,3760325,169884,532487,4577468,163609,980804,1183604,2593380
1789708024,3760812,169868,533011,4577544,163627,980784,1184592,2619776
1789708026,3761281,169808,533504,4577544,163644,980716,1185551,2621196
1789708028,3761727,169860,533984,4577500,163660,980792,1186545,2620472
1789708031,3762224,169880,534549,4577496,163679,980776,1187630,2593636
1789708033,3762741,169880,535093,4577552,163698,980568,1188683,2593512
1789708036,3763210,169856,535597,4577564,163714,980608,1189585,2620600
1789708038,3763687,169860,536088,4577520,163733,980532,1190585,2621904
1789708040,3764136,169916,536562,4577564,163750,980440,1191576,2593628
1789708043,3764619,169840,537119,4577512,163770,980252,1192692,2593480
1789708045,3765136,169824,537707,4577532,163792,980340,1193822,2593584
1789708048,3765688,169824,538356,4577516,163814,980332,1195044,2593652
1789708051,3766226,169876,538989,4577540,163837,980280,1196278,2593648
1789708054,3766764,169876,539564,4577552,163857,980148,1197287,2620276
1789708056,3767242,169880,540066,4577564,163874,980136,1198301,2622284
1789708059,3767705,169832,540564,4577516,163892,980072,1199341,2599180
1789708061,3768181,169828,541067,4577600,163912,980072,1200320,2593764
1789708063,3768620,169880,541513,4577576,163927,979904,1201253,2621960
1789708066,3769072,169836,541992,4577548,163944,979936,1202219,2619108
1789708068,3769569,169860,542523,4577580,163962,979920,1203221,2621804
1789708070,3770030,169828,543017,4577604,163979,979976,1204201,2611080
1789708073,3770505,169864,543518,4577472,163997,979516,1205213,2593704
1789708075,3770967,169864,543994,4577560,164014,979660,1206253,2620776
1789708078,3771437,169884,544469,4577552,164030,979692,1207216,2619212
1789708080,3771907,169912,544974,4577484,164047,979540,1208172,2620984
1789708082,3772376,169916,545455,4577624,164065,979524,1209188,2593736
1789708085,3772839,169836,545953,4577616,164082,979676,1210197,2593668
1789708087,3773318,169832,546467,4577544,164101,979240,1211179,2621084
1789708089,3773794,169908,547026,4577532,164121,979332,1212376,2619432
1789708092,3774389,169880,547717,4577464,164145,979220,1213706,2620544
1789708095,3774949,169916,548342,4577492,164167,979376,1214802,2622448
1789708098,3775451,169864,548918,4577528,164188,979200,1215970,2620508
1789708100,3776000,169828,549534,4577528,164209,979124,1217076,2593836
1789708103,3776507,169916,550124,4577516,164231,979160,1218225,2593844
1789708106,3777048,169828,550725,4577588,164252,979204,1219340,2593776
1789708108,3777586,169880,551371,4577736,164275,979024,1220592,2618924
1789708111,3778145,169864,552012,4577520,164297,978948,1221790,2619780
1789708114,3778668,169880,552546,4577704,164317,978944,1222746,2620244
1789708116,3779143,169804,553084,4577520,164335,978992,1223759,2616080
1789708118,3779617,169836,553590,4577396,164352,978804,1224757,2593852
1789708121,3780120,169828,554139,4577680,164372,978884,1225906,2593912
1789708123,3780664,169908,554694,4577528,164391,978892,1226942,2620560
1789708126,3781136,169864,555210,4577688,164407,978756,1227943,2620372
1789708128,3781659,169836,555808,4577528,164427,978732,1229013,2621480
1789708131,3782155,169836,556305,4577620,164445,978608,1230041,2593916
1789708133,3782621,169884,556793,4577520,164460,978524,1231099,2593824
1789708135,3783161,169880,557410,4577628,164480,978568,1232226,2619992
1789708138,3783739,169832,558014,4577412,164500,978660,1233171,2618888
1789708140,3784202,169828,558505,4577540,164518,978328,1234187,2622312
1789708143,3784641,169828,558949,4577492,164534,978240,1235130,2593924
1789708145,3785080,169908,559405,4577528,164551,978308,1236152,2593940
1789708147,3785547,169868,559903,4577488,164567,978264,1237114,2620088
1789708150,3786011,169860,560387,4577660,164584,978088,1238060,2622000
1789708152,3786451,169856,560857,4577520,164600,978036,1239098,2593936
1789708154,3786938,169920,561375,4577476,164617,978080,1240123,2593916
1789708157,3787392,169860,561847,4577636,164633,978072,1241059,2620068
1789708159,3787857,169840,562316,4577528,164649,977916,1242057,2621032
1789708162,3788295,169888,562769,4577560,164666,977872,1243024,2620100
1789708164,3788766,169832,563289,4577508,164682,977868,1244075,2618392
1789708166,3789203,169880,563739,4577432,164699,977804,1245026,2593960
1789708169,3789715,169880,564299,4597784,164720,977756,1246156,2620676
1789708171,3790247,169912,564890,4577584,164740,977724,1247277,2621260
1789708174,3790735,169884,565384,4577556,164760,977636,1248255,2620416
1789708176,3791218,169868,565890,4577680,164777,977736,1249235,2619580
1789708179,3791719,169880,566423,4577728,164797,977692,1250281,2593924
1789708181,3792244,169880,566990,4577544,164818,977436,1251371,2593968
1789708183,3792762,169868,567548,4577576,164837,977416,1252378,2620648
1789708186,3793216,169912,568054,4577476,164855,977480,1253401,2622132
1789708188,3793681,169916,568524,4577420,164873,977444,1254408,2618736
1789708191,3794142,169916,569021,4577564,164891,977312,1255436,2593944
1789708193,3794591,169860,569503,4577584,164906,977284,1256395,2621232
1789708195,3795021,169840,569943,4577536,164922,977364,1257370,2622284
1789708198,3795484,169860,570442,4577528,164939,977224,1258325,2620416
1789708200,3796000,169920,571000,4577552,164957,977044,1259394,2620524
1789708203,3796469,169884,571501,4577576,164975,977064,1260382,2593864
1789708205,3796959,169832,572039,4577540,164994,977096,1261458,2620028
1789708207,3797463,169880,572573,4577616,165015,977040,1262501,2622032
1789708210,3797947,169832,573132,4577540,165035,977004,1263587,2620760
1789708212,3798447,169912,573715,4577544,165058,976956,1264760,2611060
1789708215,3798981,169828,574328,4577692,165077,976960,1265875,2593996
1789708217,3799499,169916,574943,4577712,165099,976972,1267043,2594204
1789708220,3800045,169836,575553,4577500,165121,976716,1268183,2594408
1789708223,3800575,169880,576176,4577536,165144,976740,1269379,2621376
1789708225,3801102,169884,576761,4577636,165164,976716,1270491,2622056
1789708228,3801649,169872,577386,4577604,165186,976716,1271629,2623204
1789708231,3802179,169820,578014,4577656,165209,976428,1272882,3093708
1789708233,3802688,169836,578585,4577572,165230,976496,1273907,3121404
1789708236,3803163,169876,579107,4577544,165248,976496,1274914,3011980
1789708238,3803647,169808,579635,4577688,165268,976528,1275983,3041032
1789708241,3804144,169920,580148,4577484,165283,976264,1276951,3040388
1789708243,3804648,169880,580691,4577560,165302,976212,1278020,3024388
1789708245,3805149,169860,581217,4577504,165320,976276,1279058,3000660
1789708248,3805607,169916,581693,4577688,165336,976192,1279991,3000764
1789708250,3806058,169904,582165,4577520,165353,975920,1281010,3028136
1789708252,3806506,169824,582638,4577580,165369,975872,1281996,3027276
1789708255,3806982,169860,583145,4577536,165387,975920,1282974,3030344
1789708257,3807437,169912,583619,4577600,165402,975808,1283944,3001008
1789708260,3807887,169876,584091,4577508,165420,975552,1284920,3000996
1789708262,3808362,169916,584588,4577520,165437,975624,1285935,3026664
1789708264,3808874,169908,585123,4577488,165456,975624,1286975,3029164
1789708267,3809329,169836,585608,4577780,165473,975544,1288030,3025956
1789708269,3809818,169832,586141,4577904,165491,975652,1289040,3001052
1789708271,3810359,169916,586707,4577864,165511,975400,1290121,3029064
1789708274,3810830,169804,587218,4577852,165529,975400,1291116,3027052
1789708276,3811277,169888,587698,4577836,165547,975288,1292079,3025944
1789708279,3811760,169804,588214,4577832,165563,975400,1293133,3026628
1789708281,3812194,169876,588673,4577716,165578,975264,1294146,3001004
1789708283,3812630,169908,589089,4577776,165593,975244,1295021,3027060
1789708286,3813072,169876,589550,4577788,165609,975240,1295972,3033228
1789708288,3813498,169880,589983,4577708,165626,975120,1296920,3034708
1789708290,3813927,169828,590411,4577840,165641,975100,1297844,3007068
1789708293,3814367,169832,590882,4577760,165658,975004,1298851,3006984
1789708295,3814851,169912,591405,4577856,165675,975100,1299858,3034228
1789708298,3815293,169872,591870,4577764,165690,975076,1300823,3034996
1789708300,3815751,169868,592364,4577820,165706,974912,1301838,3032804
1789708302,3816268,169864,592937,4607320,165725,974888,1302877,3006984
1789708305,3816761,169916,593465,4577840,165743,974888,1303942,3007088
1789708307,3817267,169876,594017,4577792,165761,974908,1304980,3033560
1789708310,3817697,169860,594449,4577804,165776,974880,1305872,3033556
1789708312,3818150,169828,594916,4577788,165793,974732,1306852,3034256
1789708314,3818609,169912,595403,4577700,165809,986164,1307836,3007084
1789708317,3819044,169880,595843,4577820,165825,974800,1308791,3034356
1789708319,3819507,169880,596357,4577692,165842,974800,1309797,3033484
1789708321,3820016,169908,596912,4577812,165861,974716,1310796,3033080
1789708324,3820537,169876,597485,4577852,165881,974692,1311785,3030112
1789708326,3821027,169832,598050,4578196,165900,974596,1312949,3007056
1789708329,3821538,169872,598619,4578124,165921,974616,1314111,3007244
1789708331,3822047,169916,599210,4578116,165942,974580,1315184,3034672
1789708334,3822543,169860,599772,4578264,165962,974556,1316290,3033996
1789708337,3823068,169808,600350,4578248,165983,974568,1317432,3033668
1789708339,3823578,169884,600932,4578308,166004,974612,1318532,3015268
1789708342,3824101,169872,601523,4578372,166024,974456,1319578,3007352
1789708344,3824598,169824,602102,4578228,166045,974432,1320744,3007572
1789708347,3825151,169868,602721,4578364,166067,974408,1321883,3033672
1789708349,3825676,169804,603346,4578324,166089,985092,1323011,3034604
1789708352,3826213,169800,603938,4578432,166111,974360,1324215,3034284
1789708355,3826755,169864,604537,4578200,166132,974300,1325372,3034728
1789708357,3827269,169864,605133,4578312,166154,974324,1326492,3034388
1789708360,3827794,169864,605736,4578252,166176,974144,1327656,3024760
1789708363,3828365,169860,606380,4597664,166198,974176,1328830,3007600
1789708365,3828896,169872,607004,4602404,166219,974232,1329970,3007564
1789708368,3829459,169832,607667,4602868,166241,974188,1331040,3033776
1789708370,3829961,169824,608266,4603064,166262,973840,1332184,3035212
1789708373,3830485,169876,608821,4578432,166284,973860,1333402,3033888
1789708376,3831055,169912,609476,4578384,166307,973904,1334485,3033792
1789708378,3831572,169876,610081,4578340,166330,973824,1335789,3030204
1789708381,3832158,169808,610720,4578424,166351,973940,1336947,3072380
1789708384,3832679,169824,611332,4578208,166374,973928,1338106,3007596
1789708386,3833204,169836,611933,4578328,166394,973904,1339205,3007588
1789708389,3833762,169808,612578,4578280,166418,973948,1340410,3035204
1789708392,3834322,169912,613242,4578472,166441,973740,1341703,3034560
1789708395,3834889,169880,613858,4578300,166463,973744,1342827,3034340
1789708397,3835387,169920,614432,4578280,166483,973796,1343919,3034340
1789708400,3835876,169912,614996,4578376,166504,973788,1344978,3026896
1789708402,3836383,169880,615576,4578220,166524,973408,1346123,3007588
1789708405,3836893,169808,616142,4578336,166543,973560,1347125,3007664
1789708407,3837387,169856,616669,4578384,166561,973532,1348126,3033992
1789708409,3837889,169880,617238,4578340,166580,973552,1349180,3034644
1789708412,3838398,169836,617800,4578228,166598,973404,1350193,3031436
1789708414,3838874,169872,618292,4578320,166616,973292,1351206,3007600
1789708417,3839355,169912,618795,4578228,166632,973388,1352216,3007596
1789708419,3839808,169872,619255,4578284,166650,973396,1353153,3034780
1789708422,3840254,169820,619714,4578292,166663,973320,1354144,3034916
1789708424,3840722,169872,620225,4578328,166683,973332,1355270,3033612
1789708427,3841258,169880,620806,4578372,166703,973196,1356355,3007644
1789708429,3841757,169908,621345,4578320,166722,973228,1357365,3007596
1789708431,3842216,169860,621830,4578268,166740,973164,1358363,3034696
1789708434,3842710,169904,622354,4578368,166760,973292,1359361,3035204
1789708436,3843231,169880,622947,4578312,166781,973312,1360600,3034448
1789708439,3843791,169920,623568,4578232,166804,973216,1361829,3037424
1789708442,3844325,169804,624129,4578172,166823,973132,1362773,3007596
1789708444,3844816,169828,624650,4578312,166843,972964,1363823,3007536
1789708446,3845315,169884,625196,4578644,166862,973112,1364895,3034520
1789708449,3845824,169884,625764,4578528,166883,973068,1366001,3033480
1789708451,3846374,169800,626364,4578560,166905,972976,1367092,3035248
1789708454,3846890,169916,626975,4578632,166928,972984,1368274,3017224
1789708457,3847449,169864,627605,4578732,166953,972988,1369444,3007524
1789708459,3848019,169876,628255,4578608,166976,972920,1370561,3007568
1789708462,3848547,169876,628839,4578628,166997,972904,1371678,3034400
1789708464,3849088,169884,629452,4590276,167020,972884,1372807,3037068
1789708467,3849616,169832,630066,4578556,167043,972940,1373973,3036132
1789708470,3850181,169836,630680,4578664,167065,972804,1375036,3035104
1789708472,3850680,169920,631229,4578640,167085,972812,1376090,3034952
1789708474,3851221,169840,631841,4579784,167108,972844,1377171,3008572
1789708477,3851738,169916,632414,4578576,167129,972764,1378317,3035176
1789708479,3852276,169868,633009,4589520,167150,972876,1379393,3034524
1789708482,3852788,169828,633594,4578620,167172,972632,1380483,3035712
1789708485,3853334,169880,634275,4578840,167196,972744,1381819,3036044
1789708488,3853952,169912,634913,4578668,167219,972740,1382942,3037140
1789708490,3854463,169920,635481,4578532,167240,972740,1384016,3033608
1789708493,3854997,169876,636076,4578656,167261,972596,1385140,3009152
1789708495,3855501,169832,636638,4578636,167283,972548,1386268,3009108
1789708498,3856026,169868,637209,4578632,167303,972556,1387252,3034620
1789708500,3856524,169836,637771,4578612,167323,972564,1388334,3035204
1789708503,3857029,169912,638343,4578552,167344,972408,1389431,3036520
1789708505,3857540,169880,638903,4578728,167364,972488,1390462,3009032
1789708508,3858037,169808,639473,4578720,167384,972456,1391534,3009148
1789708510,3858547,169912,640052,4578712,167406,972396,1392693,3009148
1789708513,3859089,169836,640662,4578684,167429,972376,1393824,3035072
1789708515,3859620,169808,641274,4578732,167450,972376,1394986,3035308
1789708518,3860172,169856,641893,4578768,167472,972344,1396121,3038176
1789708520,3860693,169880,642472,4578656,167491,972296,1397202,3037700
1789708523,3861217,169880,643066,4578764,167514,972144,1398360,3009264
1789708526,3861747,169912,643667,4578676,167535,972176,1399458,3009184
1789708528,3862281,169920,644274,4578672,167558,972208,1400542,3036060
1789708531,3862801,169884,644872,4578660,167579,972212,1401743,3036820
1789708533,3863341,169912,645463,4578688,167600,971952,1402862,3038500
1789708536,3863870,169912,646063,4578644,167622,971976,1403937,3036384
1789708538,3864390,169920,646624,4578772,167643,971968,1405040,3009224
1789708541,3864920,169868,647213,4578692,167665,971940,1406152,3009296
1789708543,3865431,169924,647772,4578612,167685,971836,1407172,3036920
1789708546,3865966,169828,648357,4578664,167708,971832,1408295,3035528
1789708548,3866487,169836,648936,4578664,167728,971720,1409399,3036744
1789708551,3867008,169832,649503,4578676,167750,971816,1410487,3034900
1789708553,3867549,169868,650098,4578632,167773,971740,1411619,3009320
1789708556,3868042,169916,650684,4578616,167794,971780,1412795,3009356
1789708558,3868604,169916,651289,4578736,167815,971740,1413948,3009316
1789708561,3869146,169820,651902,4578712,167838,971752,1415097,3037596
1789708564,3869673,169868,652483,4578696,167859,971608,1416194,3036648
1789708566,3870199,169804,653064,4578720,167880,971644,1417266,3035568
1789708569,3870714,169832,653652,4578744,167902,971656,1418456,3029116
1789708571,3871260,169864,654259,4578720,167924,971600,1419555,3009516
1789708574,3871781,169880,654844,4578980,167945,971544,1420565,3009440
1789708576,3872288,169920,655436,4578660,167967,971392,1421725,3037168
1789708579,3872820,169908,656026,4578784,167989,971560,1422884,3037868
1789708581,3873341,169864,656590,4578720,168009,971504,1423936,3036280
1789708584,3873850,169824,657165,4578784,168031,971196,1425050,3034324
1789708586,3874352,169824,657751,4578708,168051,971372,1426170,3009428
1789708589,3874847,169836,658288,4578708,168070,971392,1427228,3009488
1789708591,3875337,169832,658838,4578740,168091,971332,1428301,3035132
1789708594,3875850,169880,659413,4578728,168111,971224,1429414,3036148
1789708596,3876402,169904,660017,4578768,168134,971320,1430584,3034732
1789708599,3876938,169860,660604,4578780,168155,971320,1431707,3035472
1789708601,3877468,169880,661209,4578664,168177,971300,1432871,3009444
1789708604,3878012,169916,661840,4578756,168199,971220,1434137,3009504
1789708607,3878558,169916,662451,4578652,168221,971164,1435300,3009392
1789708609,3879096,169828,663048,4578740,168243,971216,1436401,3037292
1789708612,3879610,169920,663643,4578780,168265,971216,1437624,3037060
1789708615,3880160,169804,664269,4578808,168288,971000,1438774,3036324
1789708617,3880724,169880,664936,4578676,168311,970952,1440055,3035008
1789708620,3881319,169884,665641,4578716,168338,971020,1441456,3035872
1789708623,3881902,169868,666320,4578724,168363,970952,1442682,3036956
1789708626,3882464,169912,666945,4578800,168386,970928,1443852,3074972
1789708629,3883028,169908,667603,4578796,168410,970840,1445120,3010072
1789708632,3883577,169800,668258,4578832,168434,970908,1446345,3010264
1789708634,3884151,169916,668936,4578680,168461,970688,1447644,3010308
1789708637,3884732,169824,669581,4578812,168482,970764,1448752,3038256
1789708640,3885251,169880,670212,4578836,168505,970748,1449960,3037272
1789708642,3885843,169856,670858,4578696,168528,970640,1451249,3036112
1789708645,3886390,169824,671510,4578732,168553,970660,1452445,3036888
1789708648,3886962,169832,672146,4578920,168574,970548,1453585,3037992
1789708651,3887469,169920,672727,4578760,168596,970660,1454775,3010392
1789708653,3888012,169840,673357,4578812,168618,970636,1455846,3010332
1789708656,3888548,169912,673957,4578684,168641,970440,1457057,3010300
1789708658,3889103,169920,674593,4578768,168662,970388,1458203,3036316
1789708661,3889602,169832,675191,4578772,168686,970320,1459452,3038276
1789708664,3890148,169824,675813,4578804,168707,970416,1460592,3037420
1789708666,3890703,169828,676439,4578708,168730,970352,1461813,3038176
1789708669,3891235,169908,677067,4578688,168753,970360,1463053,3089600
1789708672,3891788,169864,677694,4578780,168777,970320,1464261,3126600
1789708675,3892367,169864,678409,4578740,168801,970080,1465576,3088208
1789708677,3892939,169828,679052,4578676,168824,970144,1466756,3061700
1789708680,3893464,169904,679685,4578852,168848,970168,1468047,3061632
1789708683,3894050,169884,680327,4578656,168870,970188,1469236,3061712
1789708686,3894630,169836,681015,4578660,168894,969948,1470440,3088048
1789708688,3895164,169912,681605,4578856,168916,969960,1471729,3089648
1789708691,3895730,169832,682260,4578752,168939,969988,1472813,3088904
1789708694,3896287,169876,682939,4578836,168964,969812,1474162,3087516
1789708697,3896885,169836,683605,4578716,168988,969956,1475473,3089632
1789708700,3897452,169856,684269,4578616,169011,969808,1476616,3088068
1789708702,3897972,169836,684861,4578748,169034,969888,1477767,3089368
1789708705,3898542,169860,685536,4578700,169058,969760,1479054,3061668
1789708708,3899090,169904,686192,4578608,169081,969848,1480290,3061720
1789708710,3899647,169884,686801,4578756,169103,969848,1481364,3061688
1789708713,3900187,169924,687433,4578740,169126,969836,1482631,3088792
1789708716,3900706,169824,688025,4578784,169147,969652,1483816,3088940
1789708718,3901237,169804,688647,4578828,169170,969600,1484982,3088304
1789708721,3901794,169904,689304,4578892,169193,969660,1486230,3088760
1789708724,3902373,169832,690033,4605608,169220,969520,1487632,3090532
1789708727,3903002,169824,690773,4578896,169247,969300,1488997,3088268
1789708730,3903608,169828,691434,4578888,169270,969340,1490210,3126592
1789708733,3904165,169804,692076,4579012,169293,969356,1491457,3061676
1789708735,3904727,169836,692715,4578868,169316,969152,1492634,3061744
1789708738,3905280,169832,693375,4579136,169340,969200,1493916,3061828
1789708741,3905852,169836,694040,4579228,169366,969172,1495224,3061796
1789708744,3906440,169908,694690,4578944,169388,969156,1496359,3088060
1789708746,3906978,169916,695344,4578972,169411,969020,1497684,3089400
1789708749,3907538,169876,695984,4579064,169435,968996,1498943,3088912
1789708752,3908111,169876,696642,4579064,169458,969028,1500136,3089036
1789708755,3908692,169920,697324,4579216,169482,968916,1501382,3087820
1789708757,3909222,169800,697920,4578936,169505,968852,1502624,3071320
1789708760,3909784,169876,698590,4579068,169529,968768,1503846,3085824
1789708763,3910327,169876,699200,4579016,169549,968768,1504948,3061892
1789708765,3910843,169904,699835,4578968,169572,968872,1506176,3062288
1789708768,3911380,169860,700423,4578944,169594,968696,1507308,3062268
1789708771,3911907,169840,701040,4579156,169615,968772,1508500,3089524
1789708773,3912403,169832,701608,4589508,169637,968764,1509719,3089648
1789708776,3912979,169916,702302,4578972,169661,968468,1510959,3088060
1789708779,3913543,169804,702950,4578888,169685,968500,1512193,3088004
1789708782,3914107,169872,703608,4579176,169708,968476,1513429,3089264
1789708785,3914649,169836,704219,4579148,169729,968468,1514576,3084680
1789708787,3915189,169908,704849,4578968,169752,968128,1515739,3062312
1789708790,3915737,169836,705462,4579036,169776,980152,1516894,3062184
1789708792,3916324,169912,706146,4578944,169799,968216,1518223,3062488
1789708795,3916920,169864,706820,4579076,169823,968224,1519488,3090208
1789708798,3917491,169856,707532,4578980,169848,968032,1520856,3089776
1789708801,3918103,169836,708205,4578964,169872,967980,1522069,3090084
1789708804,3918655,169836,708834,4579016,169893,967988,1523318,3090476
1789708807,3919246,169840,709532,4578920,169918,967940,1524593,3090352
1789708809,3919806,169884,710169,4578996,169941,967760,1525793,3088288
1789708812,3920349,169864,710810,4579044,169965,967884,1527054,3062588
1789708815,3920922,169904,711478,4579124,169988,967880,1528389,3062616
1789708818,3921500,169924,712150,4579052,170013,967872,1529625,3090168
1789708821,3922127,169800,712930,4578968,170042,967740,1531130,3083888
1789708824,3922726,169828,713578,4581900,170065,967680,1532458,3062632
1789708827,3923348,169864,714295,4579032,170090,967720,1533719,3062668
1789708830,3923874,169916,714911,4579036,170111,967628,1534893,3062656
1789708832,3924437,169864,715574,4578880,170137,967516,1536240,3062676
1789708835,3925016,169908,716255,4578952,170162,967452,1537485,3062724
1789708838,3925623,169808,716971,4579040,170187,967576,1538913,3062716
1789708841,3926230,169864,717699,4579016,170213,967368,1540276,3062700
1789708844,3926876,169872,718448,4578928,170241,967384,1541718,3062700
1789708848,3927506,169912,719215,4579000,170269,967292,1543214,3062680
1789708851,3928167,169832,719942,4579068,170295,967348,1544534,3062708
1789708854,3928732,169884,720629,4578988,170321,967304,1545921,3062664
1789708857,3929355,169864,721347,4579004,170346,967216,1547202,3062692
1789708860,3929913,169864,722008,4578924,170372,967232,1548595,3062680
1789708863,3930545,169832,722743,4579020,170396,967244,1549908,3062748
1789708866,3931124,169832,723421,4578944,170421,967228,1551116,3089840
1789708869,3931692,169832,724112,4579140,170446,967228,1552458,3090164
1789708872,3932324,169860,724847,4579048,170471,967212,1553747,3089600
1789708874,3932924,169832,725529,4578944,170498,967172,1555186,3090992
1789708878,3933544,169912,726218,4579168,170522,967052,1556461,3089852
1789708880,3934124,169864,726913,4579036,170548,967096,1557894,3089928
1789708884,3934714,169888,727575,4579056,170571,967008,1559077,3089984
1789708886,3935288,169836,728231,4579040,170595,966932,1560430,3089856
1789708889,3935851,169828,728908,4578992,170619,967040,1561783,3089720
1789708892,3936462,169872,729626,4579052,170645,966880,1563109,3090812
1789708895,3937057,169828,730290,4579140,170668,966784,1564295,3090760
1789708898,3937611,169800,730961,4579048,170693,966912,1565753,3090636
1789708901,3938272,169860,731731,4578900,170719,966668,1567087,3089060
1789708904,3938891,169884,732446,4579052,170746,966724,1568495,3091840
1789708907,3939477,169828,733123,4578876,170769,966804,1569749,3088616
1789708910,3940063,169916,733806,4578920,170794,966748,1571026,3089788
1789708913,3940622,169828,734434,4578936,170816,966712,1572276,3091484
1789708916,3941213,169840,735120,4579012,170841,966612,1573547,3088692
1789708919,3941756,169912,735765,4579112,170866,966596,1574882,3062696
1789708922,3942347,169824,736457,4578952,170890,966656,1576199,3062724
1789708925,3942921,169920,737156,4578960,170916,966520,1577493,3062700
1789708927,3943512,169856,737832,4579036,170940,966516,1578769,3062692
1789708930,3944067,169860,738464,4579040,170964,966548,1579967,3063780
1789708933,3944657,169916,739156,4578896,170989,966344,1581285,3089676
1789708936,3945237,169908,739843,4579008,171014,966352,1582656,3089648
1789708939,3945800,169832,740537,4578908,171040,966380,1584044,3089920
1789708942,3946445,169840,741305,4579108,171067,966232,1585382,3088784
1789708945,3947081,169828,742033,4578984,171094,966104,1586773,3062688
1789708948,3947697,169912,742733,4579020,171119,966244,1588191,3090236
1789708951,3948302,169872,743428,4579112,171146,966260,1589571,3091212
1789708954,3948877,169836,744102,4578928,171169,966116,1590813,3089688
1789708957,3949410,169908,744665,4579196,171188,966112,1591827,3091844
1789708959,3949903,169916,745203,4579024,171209,966144,1592884,3091464
1789708962,3950380,169824,745724,4578932,171226,966172,1593849,3062632
1789708964,3950902,169828,746310,4579000,171246,966076,1594960,3062732
1789708967,3951449,169912,746911,4579052,171269,965900,1596073,3089440
1789708969,3951880,169912,747366,4578868,171284,966040,1597018,3090036
1789708971,3952328,169908,747850,4579004,171301,965992,1598067,3089572
1789708974,3952808,169824,748355,4579056,171319,965900,1599121,3062656
1789708976,3953292,169820,748883,4578972,171338,965872,1600162,3062712
1789708979,3953792,169824,749434,4579012,171358,965728,1601279,3090796
1789708981,3954277,169836,749943,4579168,171376,965832,1602268,3090596
1789708983,3954771,169864,750487,4579076,171394,965832,1603417,3069168
1789708986,3955252,169880,751011,4578976,171413,965640,1604495,3062744
1789708988,3955786,169868,751608,4579140,171435,965648,1605573,3062728
1789708991,3956291,169832,752152,4579076,171454,965640,1606720,3089992
1789708993,3956814,169912,752725,4579300,171476,965660,1607949,3089540
1789708996,3957357,169916,753322,4579144,171496,965576,1608978,3089688
1789708998,3957841,169832,753858,4579096,171515,965536,1610028,3062656
1789709000,3958332,169860,754417,4579112,171536,965520,1611127,3062708
1789709003,3958904,169916,755029,4579068,171556,965512,1612263,3091448
1789709005,3959377,169864,755525,4579280,171574,965440,1613311,3089164
1789709008,3959872,169912,756057,4579108,171593,965552,1614295,3088476
1789709010,3960342,169876,756562,4579076,171610,965332,1615339,3062732
1789709013,3960809,169864,757061,4579308,171628,965448,1616419,3062752
1789709015,3961310,169876,757610,4579108,171649,965296,1617481,3089416
1789709017,3961764,169836,758088,4579136,171665,965444,1618530,3091144
1789709020,3962318,169836,758721,4579180,171688,965288,1619643,3088772
1789709022,3962806,169864,759233,4579176,171707,965304,1620743,3127660
1789709025,3963312,169860,759785,4579152,171726,965292,1621836,3062796
1789709027,3963817,169912,760330,4579056,171745,965144,1622846,3088292
1789709030,3964289,169836,760857,4579132,171764,965128,1624009,3089196
1789709032,3964849,169868,761482,4579136,171787,965172,1625216,3088748
1789709035,3965361,169876,762076,4579264,171808,965036,1626333,3089700
1789709037,3965878,169912,762624,4579044,171828,965180,1627415,3062752
1789709040,3966385,169880,763193,4579184,171848,965088,1628529,3062736
1789709042,3966892,169876,763794,4579136,171870,965088,1629707,3062664
1789709045,3967421,169832,764381,4579004,171890,965064,1630816,3090740
1789709047,3967953,169836,764989,4579108,171913,965036,1632009,3088916
1789709050,3968445,169828,765508,4579104,171930,964952,1632925,3089256
1789709052,3968944,169824,766069,4579140,171951,964856,1634063,3062760
1789709055,3969447,169864,766614,4579012,171970,965016,1635082,3062772
1789709057,3969931,169836,767140,4579176,171989,964940,1636144,3090576
1789709059,3970436,169868,767767,4579080,172012,964936,1637496,3088716
1789709062,3971015,169820,768399,4579088,172035,964864,1638685,3089144
1789709065,3971561,169904,769028,4579076,172057,964908,1639817,3088876
1789709068,3972060,169828,769594,4578968,172078,964920,1640995,3082044
1789709070,3972595,169912,770218,4579132,172099,964776,1642139,3062752
1789709073,3973105,169880,770788,4578992,172119,964868,1643250,3062652
1789709075,3973602,169876,771362,4579112,172140,964852,1644362,3089880
1789709078,3974105,169916,771924,4579036,172160,964740,1645403,3090876
1789709080,3974613,169912,772477,4579072,172181,964800,1646500,3089532
1789709083,3975170,169864,773105,4579132,172204,964820,1647649,3062764
1789709085,3975679,169912,773665,4579076,172224,964808,1648711,3062680
1789709088,3976101,169912,774118,4579052,172240,964716,1649712,3088508
1789709090,3976574,169912,774627,4579136,172258,964712,1650751,3088428
1789709092,3977107,169804,775200,4579024,172279,964656,1651829,3088204
1789709095,3977609,169876,775742,4579112,172297,964616,1652973,3083068
1789709097,3978129,169876,776295,4579164,172315,964720,1653982,3062788
1789709100,3978614,169864,776855,4578996,172337,964596,1655261,3062796
1789709102,3979157,169884,777479,4579176,172359,964524,1656554,3089496
1789709105,3979697,169828,778139,4579152,172383,964624,1657864,3089608
1789709108,3980216,169828,778710,4579088,172403,964612,1658935,3089488
1789709111,3980709,169832,779263,4598800,172422,964504,1660005,3090344
1789709113,3981189,169856,779770,4579044,172439,964400,1661052,3084872
1789709115,3981657,169876,780286,4579068,172457,964552,1662097,3062784
1789709118,3982102,169836,780741,4578988,172472,964504,1663076,3088544
1789709120,3982639,169916,781327,4579180,172494,964424,1664152,3088476
1789709123,3983129,169804,781833,4579116,172511,964352,1665164,3090832
1789709125,3983620,169832,782361,4579104,172527,964344,1666272,3062744
1789709127,3984172,169804,782966,4579156,172547,964376,1667371,3062768
1789709130,3984631,169876,783461,4579028,172564,964452,1668384,3089464
1789709132,3985101,169908,783940,4579152,172582,964420,1669406,3090820
1789709135,3985586,169924,784465,4579096,172600,964344,1670503,3089848
1789709137,3986007,169920,784888,4579040,172614,964416,1671513,3062752
1789709139,3986449,169904,785357,4579088,172630,964432,1672505,3062740
1789709142,3986924,169924,785854,4579104,172647,964216,1673525,3090532
1789709144,3987402,169916,786417,4597996,172667,964272,1674600,3089012
1789709146,3987866,169808,786931,4602516,172686,964212,1675640,3091136
1789709149,3988343,169860,787472,4602604,172704,964232,1676807,3062712
1789709151,3988896,169908,788080,4602464,172724,964008,1677865,3062808
1789709154,3989354,169912,788495,4579136,172741,964036,1678902,3089044
1789709156,3989812,169880,788977,4579140,172757,964104,1679907,3090400
1789709158,3990284,169868,789485,4579156,172773,964140,1680930,3091988
1789709161,3990725,169808,789960,4579164,172790,964128,1682015,3062752
1789709163,3991287,169836,790567,4579176,172811,963964,1683148,3062824
1789709166,3991733,169860,791026,4579084,172826,964108,1684102,3088480
1789709168,3992181,169824,791485,4579268,172842,963980,1685081,3090724
1789709170,3992588,169920,791885,4579392,172856,964024,1686061,3062836
1789709173,3993067,169832,792393,4579248,172873,963852,1687095,3062840
1789709175,3993497,169804,792840,4579452,172890,963940,1688134,3091124
1789709177,3993947,169840,793299,4579300,172905,963940,1689111,3088720
1789709180,3994384,169828,793744,4579352,172921,963960,1690110,3088492
1789709182,3994889,169884,794285,4579360,172939,963512,1691164,3089400
1789709185,3995330,169808,794746,4579376,172954,963588,1692245,3062732
1789709187,3995808,169804,795241,4579372,172971,963596,1693324,3088704
1789709189,3996329,169868,795816,4579280,172991,963580,1694535,3088860
1789709192,3996835,169916,796331,4579392,173008,963308,1695532,3090352
1789709194,3997273,169884,796774,4579368,173024,963368,1696516,3062840
1789709197,3997764,169920,797310,4579220,173042,963272,1697544,3062884
1789709199,3998256,169836,797826,4579368,173060,963300,1698644,3089176
1789709201,3998737,169828,798322,4579376,173077,963296,1699624,3090336
1789709204,3999178,169908,798798,4579408,173093,963236,1700675,3090380
1789709206,3999700,169824,799358,4579412,173112,963188,1701754,3062876
1789709208,4000144,169924,799823,4579284,173129,963304,1702781,3062780
1789709211,4000700,169832,800426,4579388,173151,963292,1703960,3090236
1789709213,4001188,169836,800943,4579420,173169,963296,1705038,3088752
1789709216,4001717,169880,801532,4579372,173189,963136,1706109,3090864
1789709218,4002163,169804,801991,4579356,173205,963196,1707115,3062868
1789709220,4002637,169912,802492,4579392,173223,963284,1708152,3062724
1789709223,4003078,169808,802957,4579376,173240,963088,1709206,3089020
1789709225,4003501,169868,803399,4579312,173255,963188,1710210,3091188
1789709228,4003969,169836,803905,4579380,173272,963068,1711252,3090608
1789709230,4004432,169824,804391,4579440,173290,963180,1712309,3062844
1789709232,4004937,169824,804961,4579484,173310,963152,1713493,3062844
1789709235,4005486,169832,805570,4579256,173332,962984,1714574,3090920
1789709237,4006025,169912,806184,4579412,173352,963088,1715758,3091656
1789709240,4006554,169840,806749,4579312,173374,963164,1716801,3089420
1789709242,4007085,169916,807325,4579296,173394,963012,1717896,3062948
1789709245,4007571,169908,807838,4579412,173411,963016,1719007,3062932
1789709247,4008058,169872,808364,4579496,173429,963028,1720079,3089736
1789709249,4008525,169856,808855,4579400,173446,974060,1721135,3090276
1789709252,4009004,169880,809348,4579304,173463,962920,1722144,3089704
1789709254,4009450,169860,809815,4579460,173479,963000,1723150,3062912
1789709257,4009872,169832,810251,4579360,173494,962844,1724172,3062928
1789709259,4010286,169916,810669,4579428,173508,962860,1725116,3088320
1789709261,4010866,169876,811295,4579528,173531,962864,1726307,3089840
1789709264,4011343,169880,811808,4579280,173550,962856,1727407,3089416
1789709266,4011837,169904,812331,4579428,173568,962856,1728406,3063160
1789709268,4012361,169916,812902,4579324,173589,962752,1729586,3091500
1789709271,4012834,169916,813380,4579252,173606,962860,1730577,3089828
1789709273,4013357,169884,813986,4579500,173626,962784,1731756,3088688
1789709276,4013848,169804,814511,4579236,173643,962712,1732808,3069560
1789709278,4014291,169912,814963,4579332,173660,962736,1733773,3063112
1789709280,4014767,169828,815465,4579404,173677,962736,1734857,3089980
1789709283,4015237,169920,815976,4579380,173694,962732,1735929,3089568
1789709285,4015701,169876,816487,4579396,173712,962604,1736970,3091480
1789709288,4016260,169804,817106,4579428,173734,962544,1738102,3089192
1789709290,4016767,169804,817670,4579420,173753,962632,1739133,3063160
1789709292,4017258,169868,818191,4579344,173771,962616,1740246,3091524
1789709295,4017783,169828,818780,4579464,173790,962628,1741350,3090756
1789709297,4018252,169924,819265,4579404,173807,962544,1742381,3089296
1789709300,4018768,169836,819846,4579460,173828,972876,1743523,3164572
1789709302,4019297,169828,820453,4579356,173850,962584,1744731,3139864
1789709305,4019824,169860,821053,4579412,173872,962540,1745840,3139968
1789709307,4020326,169860,821611,4579460,173892,962432,1746937,3166752
1789709310,4020825,169864,822165,4579456,173911,962560,1747973,3168140
1789709312,4021269,169864,822635,4579392,173927,962516,1748963,3165360
1789709315,4021750,169860,823168,4579352,173946,962488,1750045,3140000
1789709317,4022286,169836,823752,4579316,173969,962532,1751234,3139968
1789709319,4022778,169864,824293,4579384,173987,962436,1752324,3168056
1789709322,4023269,169868,824819,4579240,174006,962464,1753398,3167136
1789709324,4023754,169908,825375,4579376,174027,962488,1754449,3168300
1789709327,4024266,169908,825960,4579404,174048,962480,1755636,3139904
1789709329,4024781,169884,826535,4579460,174069,962428,1756763,3139896
1789709332,4025314,169808,827133,4579428,174090,962412,1757859,3167024
1789709334,4025817,169864,827688,4579372,174110,962368,1758965,3165888
1789709336,4026322,169836,828276,4579368,174130,962424,1760096,3167596
1789709339,4026875,169880,828892,4579364,174152,962328,1761298,3168028
1789709341,4027396,169864,829457,4579404,174173,962340,1762381,3140528
1789709344,4027899,169836,830030,4579268,174193,962316,1763535,3140552
1789709346,4028435,169856,830627,4579392,174214,962336,1764641,3170072
1789709349,4028931,169872,831184,4579344,174234,962360,1765794,3166764
1789709351,4029470,169828,831819,4579420,174259,962272,1767027,3168708
1789709354,4030003,169880,832383,4579516,174278,962280,1768120,3148496
1789709356,4030500,169912,832933,4579380,174299,962264,1769259,3140416
1789709359,4031010,169884,833477,4579364,174318,962288,1770302,3168648
1789709361,4031528,169884,834060,4579428,174339,962016,1771496,3171188
1789709364,4032098,169836,834681,4579444,174361,962120,1772557,3166392
1789709366,4032562,169876,835163,4579376,174378,962124,1773629,3143464
1789709369,4033069,169884,835691,4579372,174395,962132,1774659,3140488
1789709371,4033484,169832,836104,4579288,174411,962116,1775591,3168408
1789709373,4034005,169860,836681,4579324,174430,962108,1776779,3166904
1789709376,4034503,169832,837201,4579540,174450,962148,1777817,3166312
1789709378,4035040,169884,837782,4579260,174469,962092,1778938,3166180
1789709381,4035542,169856,838320,4579412,174487,962012,1780055,3140520
1789709383,4036002,169800,838806,4579340,174504,962120,1781055,3168004
1789709385,4036398,169836,839207,4579424,174518,962124,1782070,3166980
1789709388,4036804,169836,839626,4579348,174532,962120,1783039,3167268
1789709390,4037281,169888,840129,4579372,174549,962132,1784140,3796168
1789709392,4037774,169820,840670,4579404,174570,961976,1785199,3768780
1789709395,4038259,169856,841188,4579448,174589,961936,1786324,3628472
1789709397,4038760,169924,841720,4579384,174607,961932,1787352,3631172
1789709400,4039269,169840,842261,4579460,174627,961868,1788448,3623100
1789709402,4039709,169836,842730,4579424,174642,961812,1789493,3602436
1789709405,4040229,169824,843287,4579432,174661,961840,1790644,3597208
1789709407,4040698,169880,843796,4579388,174678,961812,1791729,3628724
1789709409,4041212,169832,844348,4579376,174699,961852,1792818,3628016
1789709412,4041727,169868,844908,4579396,174717,961976,1793940,3628716
1789709414,4042151,169884,845363,4579576,174733,961972,1794947,3629120
1789709417,4042630,169832,845865,4579436,174752,962024,1796081,3602428
1789709419,4043141,169908,846416,4579460,174772,961968,1797153,3628224
1789709422,4043603,169908,846896,4579416,174788,961960,1798217,3627544
1789709424,4044058,169876,847382,4579436,174806,961968,1799210,3631156
1789709426,4044532,169876,847883,4579220,174822,961960,1800274,3602304
1789709429,4044969,169876,848337,4579420,174838,961992,1801305,3602400
1789709431,4045405,169864,848792,4579252,174853,961992,1802386,3629792
1789709434,4045838,169860,849235,4579500,174868,961976,1803442,3687260
1789709436,4046299,169908,849707,4579364,174885,961956,1804394,3687768
1789709438,4046740,169868,850176,4579268,174900,961992,1805449,3666344
1789709441,4047201,169880,850666,4579528,174917,961948,1806497,3666276
1789709443,4047736,169916,851237,4579392,174937,961920,1807571,3692632
1789709446,4048164,169864,851687,4579432,174951,961928,1808574,3694524
1789709448,4048622,169876,852159,4579384,174967,961888,1809580,3694100
1789709450,4049128,169880,852689,4579376,174987,961892,1810707,3676092
1789709453,4049646,169916,853240,4579400,175006,961892,1811787,3667360
1789709455,4050107,169864,853724,4579444,175024,961856,1812840,3692628
1789709458,4050558,169836,854211,4579516,175040,961872,1813858,3694260
1789709460,4051068,169860,854777,4579380,175061,961916,1815000,3695188
1789709462,4051675,169872,855442,4579408,175085,961784,1816149,3693932
1789709465,4052165,169836,855947,4579332,175103,961892,1817192,3668324
1789709467,4052607,169912,856405,4579416,175118,961876,1818158,3694628
1789709470,4053081,169828,856923,4579384,175138,961908,1819289,3693796
1789709472,4053559,169832,857436,4579464,175156,961852,1820315,3695308
1789709474,4054036,169836,857929,4579420,175173,961860,1821401,3669400
1789709477,4054490,169876,858433,4579352,175193,961720,1822469,3669412
1789709479,4055005,169920,858981,4579428,175211,961816,1823532,3696448
1789709481,4055424,169876,859411,4579388,175225,961856,1824501,3697996
1789709484,4055860,169836,859865,4579400,175241,961748,1825519,3697576
1789709486,4056289,169864,860299,4579292,175256,961788,1826493,3669992
1789709489,4056730,169916,860757,4579424,175272,961760,1827494,3669868
1789709491,4057148,169880,861182,4579436,175287,961740,1828522,3697336
1789709493,4057611,169856,861683,4579328,175304,961708,1829540,3698048
1789709496,4058102,169884,862209,4579448,175324,961652,1830689,3695684
1789709498,4058587,169836,862734,4579436,175341,961652,1831690,3669964
1789709501,4059072,169880,863255,4579344,175359,961684,1832758,3669968
1789709503,4059592,169912,863802,4579408,175378,961576,1833833,3697080
1789709505,4060100,169824,864348,4579444,175398,961476,1834949,3697468
1789709508,4060609,169860,864901,4579328,175416,961600,1836030,3699284
1789709510,4061166,169864,865497,4579436,175438,961612,1837203,3669856
1789709513,4061657,169836,865999,4579352,175453,961516,1838222,3669856
1789709515,4062170,169872,866567,4579392,175472,961448,1839386,3697820
1789709518,4062714,169832,867130,4579412,175491,961428,1840439,3697524
1789709520,4063238,169908,867695,4579408,175510,961516,1841549,3695948
1789709522,4063724,169820,868211,4579416,175528,961412,1842634,3670172
1789709525,4064203,169912,868703,4579420,175545,961400,1843717,3670124
1789709527,4064669,169916,869188,4579500,175561,961416,1844705,3695672
1789709530,4065189,169916,869743,4579572,175581,961284,1845868,3696832
1789709532,4065709,169912,870291,4579576,175599,961400,1846969,3697136
1789709534,4066147,169920,870737,4579536,175615,961388,1847936,3670164
1789709537,4066570,169860,871168,4579544,175630,961344,1848999,3670120
1789709539,4067066,169828,871721,4579584,175650,961256,1850079,3696192
1789709542,4067571,169804,872245,4579508,175668,961396,1851198,3696752
1789709544,4068043,169908,872744,4579476,175685,961220,1852239,3696200
1789709546,4068488,169832,873208,4579496,175701,961316,1853154,3670164
1789709549,4068992,169872,873737,4579536,175719,961312,1854142,3697076
1789709551,4069467,169836,874241,4579492,175737,961268,1855258,3698512
1789709554,4069990,169860,874810,4579412,175755,961124,1856354,3695620
1789709556,4070474,169860,875322,4579408,175771,961252,1857409,3693596
1789709558,4070908,169912,875774,4579524,175787,961288,1858406,3670144
1789709561,4071387,169912,876266,4579548,175804,961280,1859498,3670192
1789709563,4071840,169836,876745,4579564,175820,961124,1860508,3697612
1789709566,4072310,169832,877229,4579712,175837,961156,1861566,3696156
1789709568,4072760,169860,877691,4579524,175854,961180,1862571,3693448
1789709570,4073211,169884,878171,4579456,175869,961156,1863662,3670048
1789709573,4073681,169824,878650,4579524,175886,960928,1864728,3670176
1789709575,4074126,169912,879121,4579504,175903,961044,1865754,3695812
1789709578,4074625,169912,879654,4579488,175922,960928,1866889,3696588
1789709580,4075177,169824,880286,4579428,175944,961012,1868130,3697356
1789709583,4075730,169912,880898,4579480,175967,960868,1869320,3696664
1789709585,4076296,169836,881531,4579532,175990,960804,1870531,3670192
1789709588,4076844,169888,882152,4579596,176012,960812,1871711,3670068
1789709590,4077356,169836,882726,4579556,176033,960708,1872825,3696264
1789709593,4077891,169860,883327,4579504,176055,960704,1874013,3697176
1789709595,4078404,169916,883896,4579680,176076,960700,1875182,3697936
1789709598,4078921,169864,884456,4579568,176097,960652,1876251,3670436
1789709600,4079428,169916,885006,4579476,176117,960692,1877388,3670348
1789709603,4079914,169912,885518,4579480,176135,960692,1878472,3696572
1789709605,4080404,169912,886066,4579540,176154,960584,1879631,3696460
1789709607,4080913,169820,886647,4579380,176174,960500,1880764,3697436
1789709610,4081451,169876,887213,4579428,176193,960456,1881893,3670352
1789709612,4081921,169884,887718,4579436,176212,960584,1882975,3670420
1789709615,4082405,169920,888228,4579520,176229,960500,1884052,3697708
1789709617,4082943,169912,888828,4579432,176250,960480,1885234,3696232
1789709620,4083485,169884,889407,4579528,176269,960468,1886304,3697200
1789709622,4083933,169884,889877,4579460,176284,960488,1887282,3670444
1789709624,4084360,169880,890308,4579524,176300,960304,1888319,3670468
1789709627,4084802,169916,890774,4579500,176315,960360,1889307,3698528
1789709629,4085228,169920,891219,4579496,176329,960272,1890347,3697668
1789709631,4085688,169808,891698,4579556,176345,960424,1891374,3696648
1789709634,4086137,169876,892157,4579476,176361,960200,1892406,3670464
1789709636,4086543,169808,892575,4579576,176376,960072,1893352,3670416
1789709639,4087023,169908,893115,4579480,176395,960224,1894499,3696372
1789709641,4087561,169832,893668,4579620,176414,960176,1895646,3698044
1789709643,4088055,169920,894193,4579416,176433,960140,1896719,3696196
1789709646,4088566,169884,894736,4579568,176452,959884,1897856,3670496
1789709648,4089091,169904,895309,4579644,176472,959984,1898952,3670472
1789709651,4089582,169836,895821,4579528,176488,959976,1900022,3697248
1789709653,4090024,169872,896282,4579632,176505,959992,1901044,3697848
1789709655,4090502,169836,896785,4579556,176522,959988,1902136,3684344
1789709658,4090956,169912,897260,4579728,176539,959960,1902989,3670332
1789709660,4091430,169804,897765,4579580,176555,960004,1904056,3695860
1789709663,4091888,169804,898262,4579580,176572,959940,1905109,3695648
1789709665,4092346,169916,898717,4579512,176587,959852,1906162,3696688
1789709667,4092877,169872,899299,4579500,176607,959832,1907232,3670508
1789709670,4093349,169880,899799,4579584,176626,959872,1908308,3670468
1789709672,4093895,169836,900412,4579524,176647,959852,1909494,3698016
1789709675,4094439,169860,900994,4579600,176667,959880,1910668,3696880
1789709677,4094939,169864,901546,4579616,176688,959836,1911786,3697840
1789709679,4095471,169876,902091,4579588,176707,959820,1912854,3695772
1789709682,4095923,169876,902571,4579552,176723,959876,1913931,3670480
1789709684,4096415,169828,903092,4579640,176742,959808,1914968,3697972
1789709687,4096938,169860,903650,4579816,176760,959836,1916115,3697036
1789709689,4097457,169800,904229,4579640,176781,959816,1917227,3698360
1789709691,4098006,169888,904822,4579564,176802,959780,1918415,3693676
1789709694,4098603,169916,905468,4579636,176825,959624,1919575,3670380
1789709696,4099096,169876,906007,4579592,176844,959732,1920689,3697352
1789709699,4099565,169804,906512,4579540,176863,959712,1921769,3696336
1789709701,4100071,169836,907044,4579620,176880,959600,1922865,3696096
1789709703,4100532,169824,907535,4579596,176898,959744,1923895,3698136
1789709706,4101074,169876,908143,4579588,176917,959640,1925088,3670516
1789709708,4101587,169868,908694,4579608,176936,959712,1926174,3697300
1789709711,4102145,169912,909298,4579552,176958,959700,1927392,3696552
1789709713,4102695,169912,909872,4579596,176976,959636,1928470,3695564
1789709715,4103151,169876,910360,4579540,176995,959516,1929438,3697188
1789709718,4103628,169800,910843,4579600,177012,959508,1930404,3670488
1789709720,4104059,169884,911291,4579636,177026,959532,1931412,3696100
1789709723,4104554,169860,911819,4579568,177044,959432,1932459,3698052
1789709725,4105015,169836,912307,4579516,177058,959444,1933366,3697860
1789709727,4105527,169828,912872,4579484,177077,959376,1934541,3670480
1789709730,4105997,169836,913360,4579652,177094,959440,1935343,3671568
1789709732,4106443,169904,913817,4579592,177111,959360,1936358,3696216
1789709735,4106882,169832,914278,4579596,177126,959324,1937361,3696472
1789709737,4107363,169824,914784,4579564,177144,959372,1938451,3696900
1789709739,4107825,169872,915271,4579476,177161,959396,1939459,3670496
1789709742,4108240,169836,915688,4579484,177175,959332,1940484,3670488
1789709744,4108743,169912,916264,4579540,177194,959384,1941572,3696808
1789709746,4109228,169864,916777,4579504,177211,959356,1942617,3696748
1789709749,4109743,169912,917347,4579596,177230,959356,1943696,3696572
1789709751,4110278,169884,917910,4579608,177250,959228,1944822,3670504
1789709754,4110731,169876,918383,4579544,177266,959332,1945662,3698432
1789709756,4111286,169908,919010,4579504,177287,959188,1946849,3696684
1789709758,4111777,169804,919538,4579596,177304,959188,1947919,3696312
1789709761,4112250,169840,920027,4579596,177321,959180,1948924,3696896
1789709763,4112729,169908,920552,4579560,177340,959136,1949952,3670512
1789709766,4113222,169828,921093,4579556,177359,959064,1951170,3670472
1789709769,4113739,169916,921614,4579556,177377,959104,1952300,3670496
1789709771,4114224,169808,922118,4579532,177394,959064,1953351,3697260
1789709774,4114695,169828,922626,4579680,177411,959080,1954497,3697616
1789709776,4115166,169912,923096,4579476,177429,959120,1955561,3698712
1789709779,4115671,169920,923621,4579516,177445,959084,1956749,3679380
1789709782,4116274,169832,924303,4579528,177467,958968,1958036,3689616
1789709784,4116786,169840,924844,4579544,177484,959028,1959102,3670476
1789709787,4117400,169864,925543,4579620,177508,958940,1960460,3670496
1789709790,4117948,169808,926051,4579460,177523,959032,1961582,3670508
1789709792,4118416,169924,926545,4579608,177539,959088,1962568,3698688
1789709795,4118916,169868,927067,4579544,177557,959016,1963586,3697676
1789709797,4119364,169824,927526,4579564,177571,959032,1964483,3697696
1789709800,4119781,169880,927963,4579684,177587,959048,1965454,3670476
1789709802,4120334,169920,928554,4579648,177605,959024,1966606,3670504
1789709804,4120807,169912,929057,4579736,177622,958928,1967651,3695868
1789709807,4121244,169836,929498,4579592,177637,959036,1968686,3696384
1789709809,4121680,169840,929967,4579532,177652,958988,1969717,3699440
1789709812,4122155,169916,930450,4600152,177668,958816,1970794,3670472
1789709814,4122604,169864,930898,4579468,177684,958948,1971813,3670464
1789709817,4123051,169912,931375,4579540,177699,958960,1972809,3696508
1789709819,4123508,169860,931865,4579616,177716,958928,1973895,3697476
1789709821,4124056,169828,932475,4579436,177735,958824,1975007,3698112
1789709824,4124521,169920,932954,4579500,177752,958864,1976078,3670444
1789709826,4125005,169860,933474,4579576,177769,958860,1977098,3670536
1789709829,4125469,169864,933978,4579568,177785,958860,1978167,3696972
1789709831,4125915,169860,934440,4579616,177801,958792,1979081,3699120
1789709833,4126461,169872,935048,4579560,177823,958780,1980288,3696132
1789709836,4126973,169888,935561,4579528,177841,958764,1981319,3670436
1789709838,4127471,169884,936098,4579564,177860,958824,1982434,3670548
1789709841,4127973,169800,936629,4579612,177876,958808,1983481,3696540
1789709843,4128431,169836,937105,4579576,177892,958656,1984548,3695780
1789709846,4128968,169840,937695,4579568,177912,958776,1985686,3695668
1789709848,4129433,169912,938198,4579460,177929,958784,1986627,3694888
1789709850,4129921,169804,938712,4579556,177945,958736,1987732,3670500
1789709853,4130432,169832,939261,4579588,177962,958756,1988827,3697548
1789709855,4130938,169876,939821,4579536,177980,958716,1989951,3697148
1789709858,4131425,169912,940320,4579584,177995,958740,1990994,3696436
1789709860,4131896,169888,940815,4579492,178015,958688,1991987,3697924
1789709863,4132423,169876,941394,4579460,178032,958736,1993064,3670572
1789709865,4132888,169832,941897,4579616,178049,958712,1994124,3697708
1789709867,4133343,169880,942364,4579564,178065,958708,1995137,3699588
1789709870,4133785,169836,942822,4579564,178081,958720,1996198,3697292
1789709872,4134243,169920,943289,4579668,178097,958768,1997197,3690168
1789709875,4134689,169832,943748,4579812,178112,958720,1998088,3670584
1789709877,4135150,169880,944213,4579620,178128,958768,1999095,3698008
1789709879,4135589,169872,944676,4579560,178143,958616,2000161,3696152
1789709882,4136053,169824,945164,4579696,178158,958744,2001164,3698176
1789709884,4136535,169828,945670,4579600,178175,958612,2002203,3697136
1789709887,4136995,169828,946136,4579528,178191,958736,2003124,3670460
1789709889,4137413,169884,946569,4579628,178205,958756,2004182,3696940
1789709892,4137923,169864,947129,4579488,178223,958648,2005321,3697144
1789709894,4138426,169880,947676,4579624,178240,958740,2006249,3696824
1789709896,4138945,169832,948242,4579528,178258,958748,2007408,3670624
1789709899,4139426,169912,948741,4579532,178276,958728,2008411,3670540
1789709901,4139950,169804,949300,4579496,178294,958692,2009468,3670564
1789709904,4140476,169836,949877,4579556,178314,958588,2010592,3696648
1789709906,4140987,169876,950382,4579604,178331,958684,2011692,3697584
1789709909,4141434,169836,950848,4579588,178347,958728,2012571,3698556
1789709911,4141895,169872,951334,4579552,178366,958680,2013655,3670604
1789709913,4142386,169908,951841,4579544,178381,958680,2014540,3670556
1789709916,4142901,169832,952420,4579688,178401,958700,2015685,3696556
1789709918,4143365,169836,952884,4579408,178416,958704,2016486,3698008
1789709921,4143853,169916,953409,4579560,178434,958712,2017610,3698156
1789709923,4144393,169920,953990,4579548,178456,958572,2018776,3670540
1789709925,4144928,169820,954554,4579600,178472,958684,2019800,3670488
1789709928,4145362,169876,954998,4579564,178486,958604,2020803,3698688
1789709930,4145813,169860,955462,4579580,178502,958668,2021814,3695140
1789709933,4146272,169804,955939,4579548,178517,958648,2022795,3698584
1789709935,4146739,169916,956439,4579700,178535,958644,2023758,3670608
1789709937,4147198,169880,956910,4579572,178551,958568,2024791,3670560
1789709940,4147638,169856,957371,4579440,178567,958620,2025607,3695928
1789709942,4148100,169832,957858,4579552,178584,958632,2026680,3695748
1789709945,4148588,169836,958391,4579664,178600,958632,2027698,3697028
1789709947,4149116,169908,958966,4579616,178620,958660,2028764,3670600
1789709949,4149617,169836,959489,4579608,178634,958660,2029766,3670448
1789709952,4150124,169920,960033,4579600,178652,958652,2030899,3698320
1789709954,4150633,169908,960565,4579596,178669,958648,2031865,3698844
1789709957,4151087,169884,961036,4579532,178687,958644,2033009,3697816
1789709959,4151577,169876,961558,4579720,178703,958676,2033907,3670576
1789709962,4152051,169800,962066,4579492,178719,958664,2034967,3670568
1789709964,4152554,169916,962594,4579504,178740,958516,2036052,3696488
1789709967,4153042,169832,963124,4579488,178755,958676,2037036,3696964
1789709969,4153580,169832,963686,4579628,178772,958656,2038068,3696188
1789709971,4154092,169832,964229,4579600,178790,958544,2039054,3674540
1789709974,4154566,169924,964735,4579760,178807,958628,2040136,3670672
1789709976,4155072,169912,965309,4579544,178825,958608,2041105,3698288
1789709979,4155551,169832,965803,4579644,178842,958604,2042219,3697472
1789709981,4155997,169912,966270,4579612,178858,958576,2043197,3695932
1789709984,4156459,169832,966781,4603504,178874,958596,2044275,3670768
1789709986,4156869,169884,967219,4603976,178888,958596,2045082,3670816
1789709988,4157300,169828,967700,4668076,178903,958632,2046116,3697160
1789709991,4157754,169920,968185,4668020,178918,958588,2047050,3695988
1789709993,4158157,169912,968623,4668224,178933,958596,2047994,3698156
1789709995,4158670,169828,969177,4668304,178949,958576,2049034,3670680
1789709998,4159125,169880,969601,4579700,178965,958588,2049954,3670768
1789710000,4159685,169912,970197,4579492,178985,958568,2051055,3698592
1789710003,4160181,169864,970709,4579456,179003,958764,2052172,3697252
1789710005,4160665,169872,971219,4579480,179020,958812,2053208,3697136
1789710007,4161172,169876,971764,4579660,179038,958752,2054217,3670788
1789710010,4161632,169920,972254,4579584,179057,958784,2055263,3670876
1789710012,4162139,169880,972788,4579500,179073,958804,2056235,3696728
1789710015,4162657,169880,973332,4579564,179091,958760,2057281,3697288
1789710017,4163115,169824,973816,4579540,179108,958804,2058300,3697988
1789710020,4163580,169908,974334,4579644,179125,958772,2059484,3670964
1789710022,4164159,169804,974930,4579672,179147,958832,2060582,3670920
1789710024,4164618,169876,975407,4579488,179160,958852,2061629,3695844
1789710027,4165061,169860,975859,4579556,179176,958864,2062520,3697892
1789710029,4165514,169832,976358,4579620,179192,958776,2063619,3698136
1789710032,4165968,169832,976821,4579564,179207,958792,2064435,3670912
1789710034,4166422,169876,977298,4579616,179224,958756,2065485,3670944
1789710036,4166878,169876,977764,4579536,179241,958776,2066549,3697988
1789710039,4167375,169828,978306,4579544,179259,958768,2067675,3697912
1789710041,4167904,169824,978857,4579600,179279,958784,2068769,3697140
1789710044,4168436,169824,979424,4579652,179299,958764,2070008,3697228
1789710046,4168999,169836,980027,4579624,179321,958728,2071102,3670956
1789710049,4169531,169856,980614,4579636,179339,958660,2072124,3670916
1789710051,4170021,169920,981128,4579648,179357,958740,2073191,3699576
1789710054,4170526,169884,981673,4579728,179373,958740,2074095,3698920
1789710056,4171032,169876,982206,4579588,179391,958768,2075243,3696672
1789710059,4171514,169832,982714,4579616,179408,958792,2076303,3670968
1789710061,4171981,169832,983199,4579628,179424,958704,2077314,3671004
1789710063,4172437,169808,983682,4579608,179441,958788,2078339,3697728
1789710066,4172948,169804,984234,4579632,179458,958748,2079514,3696460
1789710068,4173456,169800,984783,4579516,179476,958696,2080422,3698864
1789710071,4173907,169840,985254,4579684,179494,958704,2081498,3670924
1789710073,4174365,169880,985736,4579780,179508,958732,2082489,3670988
1789710076,4174812,169916,986200,4579620,179524,958680,2083526,3696920
1789710078,4175255,169836,986663,4579660,179541,958568,2084535,3697492
1789710080,4175714,169884,987141,4579732,179556,958696,2085609,3696760
1789710083,4176144,169884,987573,4579644,179570,958716,2086619,3671036
1789710085,4176594,169832,988032,4579584,179587,958716,2087562,3670960
1789710088,4177091,169880,988550,4579604,179603,958580,2088556,3698544
1789710090,4177547,169872,989025,4579616,179620,958692,2089652,3758752
1789710092,4178010,169868,989500,4579528,179637,958636,2090544,3757696
1789710095,4178464,169908,989971,4579600,179656,958560,2091596,3731468
1789710097,4178945,169912,990486,4579544,179669,958648,2092669,3731520
1789710100,4179424,169908,990979,4579548,179686,958668,2093522,3756864
1789710102,4179947,169868,991533,4579608,179705,958632,2094664,3757280
1789710105,4180463,169924,992174,4621224,179722,958560,2095715,3759940
1789710107,4180940,169880,992621,4579584,179740,958644,2096664,3731468
1789710109,4181370,169804,993061,4579488,179754,958496,2097647,3731416
1789710112,4181824,169908,993527,4579580,179768,958620,2098559,3759808
1789710114,4182279,169912,993998,4579680,179784,958648,2099545,3758312
1789710116,4182728,169864,994450,4579552,179800,958612,2100426,3759560
1789710119,4183239,169836,995024,4579544,179820,958604,2101539,3732188
1789710121,4183773,169860,995584,4579548,179839,958544,2102585,3732372
1789710124,4184241,169908,996090,4579628,179855,958608,2103613,3759280
1789710126,4184723,169884,996632,4579740,179873,958612,2104731,3757688
1789710129,4185197,169916,997133,4579552,179889,958520,2105604,3758964
1789710131,4185665,169864,997588,4579552,179905,958504,2106649,3732372
1789710133,4186144,169860,998094,4579620,179923,958600,2107603,3732440
1789710136,4186592,169864,998562,4579636,179938,958584,2108633,3759168
1789710138,4187138,169908,999145,4579620,179958,958552,2109724,3759940
1789710141,4187583,169840,999600,4579600,179974,958604,2110621,3759348
1789710143,4188110,169824,1000196,4579520,179994,958812,2111854,3732448
1789710145,4188622,169824,1000719,4579696,180011,958788,2112874,3732460
1789710148,4189099,169836,1001218,4579428,180027,958820,2113991,3759432
1789710150,4189532,169908,1001670,4579624,180043,958696,2114865,3759924
1789710153,4189983,169828,1002140,4579500,180060,958860,2115906,3760720
1789710155,4190407,169836,1002580,4579712,180075,958824,2116842,3732508
1789710157,4190886,169824,1003089,4579632,180094,958812,2117941,3732440
1789710160,4191402,169804,1003631,4579604,180109,958712,2118958,3758336
1789710162,4191796,169864,1004051,4579756,180124,958800,2119973,3758452
1789710165,4192251,169876,1004500,4579564,180140,958836,2120860,3758436
1789710167,4192723,169868,1004987,4579596,180156,958720,2121923,3732516
1789710170,4193165,169872,1005431,4579592,180171,958712,2122792,3732448
1789710172,4193641,169924,1005930,4579564,180189,958740,2123938,3761688
1789710174,4194166,169884,1006489,4579620,180207,958796,2124992,3758972
1789710177,4194638,169832,1007000,4579588,180224,958780,2126049,3759924
1789710179,4195175,169912,1007602,4579608,180244,958808,2127077,3732576
1789710182,4195685,169836,1008136,4579452,180261,958680,2128201,3732420
1789710184,4196142,169864,1008613,4579676,180277,958748,2129053,3760540
1789710187,4196645,169836,1009154,4579536,180294,958796,2130208,3760668
1789710189,4197113,169916,1009641,4579544,180310,958752,2131257,3761144
1789710191,4197585,169916,1010142,4579548,180329,958696,2132199,3732544
1789710194,4198026,169836,1010572,4579524,180342,958728,2133171,3732548
1789710196,4198499,169876,1011046,4579620,180359,958760,2134142,3760756
1789710199,4198968,169920,1011531,4579608,180375,958740,2135153,3758108
1789710201,4199431,169916,1012021,4579620,180391,958780,2136086,3759888
1789710203,4199883,169840,1012498,4579592,180406,958792,2137183,3759184
1789710206,4200429,169836,1013070,4579532,180424,958780,2138100,3732592
1789710208,4200904,169876,1013574,4579556,180441,967912,2139226,3758640
1789710211,4201427,169832,1014142,4579604,180460,958708,2140282,3758148
1789710213,4201963,169860,1014720,4579556,180480,958780,2141347,3760328
1789710216,4202432,169908,1015215,4579544,180497,958708,2142354,3758452
1789710218,4202929,169868,1015733,4579648,180515,958616,2143457,3732560
1789710220,4203373,169868,1016193,4579632,180531,958768,2144290,3759612
1789710223,4203902,169872,1016779,4579652,180552,958780,2145470,3759372
1789710225,4204371,169860,1017255,4579644,180567,958744,2146416,3758136
1789710228,4204877,169908,1017788,4579568,180586,958772,2147387,3736688
1789710230,4205396,169876,1018340,4579488,180605,958708,2148459,3732720
1789710232,4205879,169912,1018849,4579552,180622,958716,2149556,3760072
1789710235,4206373,169832,1019368,4579648,180639,958620,2150528,3760376
1789710237,4206835,169908,1019833,4579492,180655,958688,2151589,3759260
1789710240,4207327,169804,1020366,4579484,180674,958704,2152695,3732748
1789710242,4207830,169868,1020891,4579592,180692,958728,2153633,3732748
1789710245,4208303,169860,1021387,4579588,180707,958736,2154708,3732744
1789710247,4208772,169824,1021892,4579612,180723,958720,2155722,3759344
1789710250,4209325,169868,1022483,4579560,180742,958696,2156803,3759024
1789710252,4209810,169916,1022997,4579660,180760,958688,2157836,3760092
1789710254,4210248,169884,1023439,4579568,180774,958716,2158747,3732700
1789710257,4210674,169884,1023890,4579576,180790,958624,2159769,3732604
1789710259,4211139,169860,1024363,4579564,180806,958704,2160863,3758368
1789710261,4211659,169832,1024927,4579676,180826,958696,2161874,3758964
1789710264,4212089,169832,1025366,4579560,180841,958684,2162911,3760040
1789710266,4212585,169836,1025898,4579688,180858,958712,2163968,3732724
1789710269,4213102,169912,1026444,4579600,180877,958704,2164998,3732716
1789710271,4213570,169876,1026926,4579668,180895,958672,2166006,3759436
1789710274,4214048,169840,1027439,4579692,180911,958732,2167105,3758836
1789710276,4214477,169860,1027911,4579568,180927,958688,2167933,3759708
1789710278,4215009,169872,1028472,4579608,180946,958616,2169062,3732640
1789710281,4215473,169880,1028958,4579784,180961,958616,2170115,3732724
1789710283,4215972,169888,1029483,4579776,180979,958604,2171078,3759348
1789710286,4216411,169808,1029941,4579716,180995,958540,2172049,3759368
1789710288,4216923,169916,1030487,4579620,181013,958688,2173188,3758600
1789710290,4217396,169920,1030971,4579556,181030,958664,2174057,3732736
1789710293,4217914,169860,1031518,4579648,181049,958536,2175107,3732744
1789710295,4218360,169836,1031996,4579732,181067,958636,2176095,3759048
1789710298,4218798,169880,1032447,4579664,181081,958668,2177138,3759068
1789710300,4219320,169864,1033033,4579744,181101,958612,2178252,3755912
1789710302,4219793,169884,1033534,4579688,181118,958560,2179190,3732792
1789710305,4220246,169836,1033993,4579704,181133,958516,2180192,3759624
1789710307,4220699,169876,1034487,4579872,181149,958640,2181266,3760680
1789710310,4221188,169872,1034988,4579836,181167,958652,2182354,3758164
1789710312,4221619,169916,1035438,4579780,181181,958656,2183201,3755260
1789710314,4222062,169840,1035899,4579792,181197,958576,2184216,3732764
1789710317,4222516,169864,1036360,4579776,181214,958492,2185165,3759996
1789710319,4222960,169828,1036830,4579764,181230,958648,2186136,3759580
1789710322,4223422,169916,1037314,4579952,181247,958608,2186995,3759716
1789710324,4223860,169884,1037752,4579772,181262,958616,2188012,3759752
1789710326,4224343,169884,1038247,4579744,181281,958624,2188936,3732752
1789710329,4224849,169920,1038783,4591064,181298,958624,2189941,3758548
1789710331,4225303,169920,1039267,4579808,181313,958648,2190906,3758532
1789710334,4225748,169860,1039721,4579808,181329,958644,2191944,3760872
1789710336,4226175,169908,1040161,4579908,181343,958640,2192752,3755492
1789710338,4226632,169832,1040630,4579796,181359,958592,2193811,3732736
1789710341,4227080,169860,1041094,4579784,181376,958636,2194734,3761280
1789710343,4227550,169924,1041579,4579844,181393,958612,2195756,3760892
1789710346,4228054,169912,1042109,4579780,181411,958608,2196826,3759776
1789710348,4228568,169824,1042657,4579796,181431,958620,2197796,3746800
1789710351,4229060,169836,1043191,4579768,181447,958548,2198892,3733784
1789710353,4229615,169836,1043789,4579760,181468,958600,2200014,3761176
1789710355,4230087,169832,1044281,4579860,181486,958568,2200990,3759612
1789710358,4230561,169832,1044770,4579784,181501,958620,2201891,3760184
1789710360,4231023,169872,1045245,4579948,181517,958616,2202923,3759148
1789710363,4231487,169828,1045734,4579872,181534,958616,2203960,3733816
1789710365,4231931,169876,1046171,4579708,181550,958604,2204886,3761864
1789710367,4232439,169836,1046738,4579840,181570,958496,2206018,3760832
1789710370,4232945,169860,1047284,4579792,181585,958596,2206947,3760404
1789710372,4233460,169824,1047844,4579872,181604,958620,2208086,3733908
1789710375,4233981,169912,1048391,4579820,181622,958600,2209138,3733872
1789710377,4234493,169912,1048917,4579884,181641,958536,2210098,3759916
1789710379,4234956,169824,1049414,4579840,181660,958572,2211231,3761184
1789710382,4235474,169832,1049953,4579852,181678,958580,2212174,3760676
1789710384,4235934,169912,1050452,4579712,181695,958828,2213217,3736820
1789710387,4236383,169864,1050910,4579940,181712,958740,2214122,3734320
1789710389,4236900,169876,1051444,4579824,181730,958836,2215246,3734220
1789710392,4237389,169872,1051964,4579876,181750,958816,2216222,3762412
1789710394,4237870,169828,1052479,4579916,181768,958792,2217358,3759996
1789710397,4238405,169832,1053036,4579960,181786,958788,2218313,3760304
1789710399,4238954,169864,1053618,4579824,181806,958788,2219494,3734172
1789710401,4239474,169828,1054187,4579956,181826,958720,2220485,3734160
1789710404,4239949,169884,1054670,4579876,181841,958684,2221547,3762192
1789710406,4240354,169868,1055076,4579804,181856,958804,2222376,3763372
1789710409,4240817,169836,1055565,4579848,181873,958768,2223400,3762516
1789710411,4241308,169912,1056053,4579768,181890,958764,2224272,3734180
1789710413,4241756,169824,1056502,4579980,181907,958804,2225238,3734220
1789710416,4242224,169880,1056982,4579864,181923,958748,2226257,3760216
1789710418,4242774,169880,1057582,4579920,181945,958792,2227234,3761576
1789710421,4243254,169824,1058100,4579868,181962,958724,2228286,3760064
1789710423,4243773,169804,1058658,4579748,181981,958760,2229311,3734220
1789710425,4244286,169872,1059190,4579908,181999,958808,2230440,3734160
1789710428,4244799,169836,1059752,4579888,182018,958692,2231404,3759912
1789710430,4245304,169872,1060295,4579908,182037,958704,2232477,3760552
1789710433,4245835,169872,1060871,4588392,182057,958780,2233478,3760412
1789710435,4246369,169832,1061425,4579852,182075,958772,2234476,3734224
1789710438,4246871,169868,1061970,4579864,182093,958652,2235476,3734288
1789710440,4247407,169828,1062539,4579936,182111,958644,2236486,3760508
1789710442,4247856,169884,1063000,4579844,182127,958708,2237459,3761200
1789710445,4248295,169828,1063456,4579912,182142,958780,2238370,3761620
1789710447,4248766,169804,1063947,4579932,182158,958708,2239437,3734188
1789710450,4249238,169876,1064462,4579760,182175,958692,2240409,3734300
1789710452,4249770,169828,1065021,4579920,182194,958632,2241449,3761612
1789710454,4250271,169916,1065561,4579840,182212,958784,2242413,3760200
1789710457,4250742,169820,1066030,4579848,182227,958720,2243304,3760332
1789710459,4251234,169828,1066578,4579872,182244,958724,2244321,3734172
1789710462,4251711,169864,1067083,4579804,182260,958740,2245245,3734296
1789710464,4252179,169908,1067567,4579676,182278,958620,2246335,3761544
1789710466,4252636,169828,1068043,4579820,182293,958748,2247332,3762452
1789710469,4253065,169876,1068496,4579860,182307,958720,2248314,3762168
1789710471,4253564,169832,1069031,4579820,182326,958756,2249305,3734292
1789710474,4254039,169908,1069503,4579796,182342,958720,2250264,3734340
1789710476,4254542,169912,1070041,4579856,182359,958716,2251327,3761456
1789710478,4254952,169832,1070443,4579908,182374,958652,2252330,3760916
1789710481,4255439,169876,1070957,4579868,182392,958732,2253259,3740744
1789710483,4256006,169876,1071585,4579836,182414,958660,2254334,3734276
1789710486,4256491,169824,1072093,4579916,182429,958740,2255344,3760924
1789710488,4256940,169804,1072549,4579880,182444,958716,2256172,3760644
1789710490,4257399,169880,1073019,4579864,182459,958704,2257176,3763008
1789710493,4257849,169828,1073497,4579852,182476,958736,2258152,3759536
1789710495,4258334,169804,1073991,4579848,182494,958576,2259144,3734228
1789710497,4258837,169836,1074538,4579852,182511,958696,2260026,3761084
1789710500,4259325,169880,1075062,4579872,182530,958668,2261105,3762388
1789710502,4259842,169836,1075617,4579900,182548,958668,2261977,3761072
1789710505,4260276,169920,1076056,4579876,182563,958580,2263030,3734304
1789710507,4260740,169884,1076547,4579956,182581,958600,2263962,3734284
1789710509,4261219,169872,1077074,4579880,182598,958684,2265040,3760528
1789710512,4261748,169832,1077620,4579832,182618,958660,2266168,3760912
1789710514,4262226,169912,1078115,4579812,182636,958688,2267061,3761636
1789710517,4262696,169804,1078613,4579788,182655,958656,2268103,3734328
1789710519,4263178,169836,1079121,4579816,182673,958644,2269148,3734160
1789710522,4263699,169912,1079685,4579816,182690,958664,2270182,3760128
1789710524,4264177,169916,1080179,4579868,182707,958664,2271306,3759876
1789710526,4264710,169916,1080746,4579924,182725,958632,2272225,3761400
1789710529,4265239,169864,1081303,4579896,182743,958692,2273275,3734236
1789710531,4265729,169864,1081844,4579948,182762,958660,2274305,3734256
1789710534,4266272,169908,1082424,4579888,182781,958668,2275431,3761548
1789710536,4266718,169876,1082882,4579972,182798,958684,2276271,3761912
1789710539,4267235,169804,1083433,4579876,182816,958552,2277440,3760572
1789710541,4267688,169832,1083908,4579896,182833,958584,2278435,3761372
1789710543,4268245,169880,1084517,4579936,182852,958508,2279557,3734308
1789710546,4268790,169916,1085129,4579848,182874,958616,2280629,3734280
1789710548,4269333,169832,1085669,4579776,182891,958616,2281648,3761756
1789710551,4269821,169912,1086181,4579856,182908,958544,2282655,3760236
1789710553,4270326,169860,1086754,4579744,182928,958592,2283907,3760364
1789710556,4270842,169832,1087250,4579908,182944,958476,2284777,3761172
1789710558,4271295,169836,1087732,4579848,182962,958664,2285861,3734252
1789710561,4271808,169916,1088264,4579804,182978,958636,2286888,3761736
1789710563,4272329,169916,1088828,4579932,182999,958616,2287864,3759916
1789710566,4272878,169868,1089408,4579808,183017,958644,2288967,3760548
1789710568,4273358,169868,1089933,4579996,183035,958600,2289937,3761152
1789710571,4273905,169804,1090488,4579936,183055,958640,2291019,3734304
1789710573,4274364,169804,1090969,4579736,183072,958588,2291928,3734168
1789710575,4274812,169876,1091443,4579828,183088,958540,2292907,3762156
1789710578,4275305,169916,1091987,4579880,183105,958624,2293946,3761068
1789710580,4275823,169916,1092544,4579872,183123,958620,2294918,3760968
1789710583,4276282,169836,1093018,4579896,183140,958580,2295887,3734304
1789710585,4276732,169836,1093504,4579856,183155,958536,2296863,3734260
1789710587,4277167,169836,1093939,4579764,183171,958432,2297737,3760820
1789710590,4277662,169880,1094477,4579864,183189,958500,2298849,3761208
1789710592,4278190,169916,1095035,4579796,183209,958540,2299994,3760848
1789710595,4278670,169876,1095541,4579716,183225,958844,2300894,3734280
1789710597,4279146,169832,1096046,4579944,183242,958860,2302037,3734268
1789710599,4279636,169868,1096583,4579760,183258,958844,2302977,3761428
1789710602,4280193,169832,1097188,4579844,183279,958840,2304134,3760820
1789710604,4280695,169836,1097717,4579892,183298,958816,2305041,3760264
1789710607,4281164,169832,1098200,4579844,183314,958760,2306012,3734324
1789710609,4281591,169876,1098631,4579840,183328,958824,2306941,3734280
1789710611,4282059,169880,1099129,4579860,183345,958728,2307887,3760008
1789710614,4282559,169836,1099665,4579896,183365,958748,2308945,3760888
1789710616,4283021,169916,1100127,4579996,183381,958800,2309811,3799864
1789710619,4283508,169920,1100651,4579916,183400,958784,2310897,3734188
1789710621,4283995,169860,1101144,4579944,183416,958740,2311862,3760756
1789710623,4284467,169880,1101662,4579936,183435,958812,2312892,3761424
1789710626,4285036,169868,1102256,4579748,183454,958820,2313832,3762532
1789710628,4285499,169864,1102749,4579908,183471,958844,2314864,3758532
1789710631,4285955,169904,1103229,4579896,183487,958756,2315783,3734412
1789710633,4286387,169836,1103648,4579864,183502,958768,2316656,3759956
1789710635,4286826,169912,1104121,4580000,183518,958760,2317675,3760868
1789710638,4287311,169864,1104636,4579900,183536,958772,2318549,3760356
1789710640,4287807,169864,1105162,4579900,183552,958780,2319637,3750840
1789710643,4288248,169876,1105638,4579916,183570,958824,2320664,3734412
1789710645,4288714,169880,1106101,4579908,183585,958648,2321575,3760700
1789710647,4289169,169916,1106611,4579976,183602,958652,2322540,3762576
1789710650,4289759,169860,1107225,4579812,183623,958732,2323698,3761040
1789710652,4290227,169888,1107731,4579892,183640,958776,2324553,3734500
1789710655,4290709,169876,1108237,4579824,183657,958772,2325731,3734444
1789710657,4291209,169908,1108760,4579864,183677,958776,2326699,3734408
1789710660,4291697,169804,1109271,4580000,183693,958748,2327716,3760076
1789710662,4292154,169836,1109754,4579832,183706,958792,2328661,3760912
1789710665,4292663,169836,1110276,4579904,183726,958740,2329726,3908600
1789710667,4293167,169880,1110833,4579916,183744,958740,2330809,3885040
1789710669,4293656,169912,1111389,4579864,183764,958628,2331725,3885136
1789710672,4294099,169876,1111895,4579900,183781,958756,2332785,3911924
1789710674,4294524,169920,1112376,4579868,183799,958744,2333664,3910692
1789710677,4294961,169912,1112866,4579896,183816,958668,2334629,3913820
1789710679,4295415,169804,1113346,4579920,183832,958728,2335557,3886424
1789710682,4295879,169876,1113836,4579860,183850,958736,2336495,3886672
1789710684,4296306,169828,1114274,4579884,183865,958636,2337443,3912444
1789710686,4296755,169832,1114754,4579896,183882,958736,2338553,3914292
1789710689,4297202,169824,1115208,4579940,183898,958708,2339389,3914252
1789710691,4297635,169888,1115664,4579844,183913,958624,2340361,4037816
1789710693,4298135,169884,1116193,4579972,183932,958572,2341378,4037748
1789710696,4298598,169840,1116679,4579836,183949,958656,2342285,3982464
1789710698,4299115,169804,1117238,4579864,183968,958684,2343397,3982996
1789710701,4299587,169864,1117737,4579776,183987,958696,2344437,3983464
1789710703,4300043,169908,1118253,4579836,184005,958704,2345389,3956612
1789710706,4300466,169880,1118747,4579856,184021,958692,2346465,3956584
1789710708,4300889,169876,1119252,4579880,184039,958588,2347335,3983372
1789710710,4301330,169884,1119774,4579936,184057,958704,2348431,3983572
1789710713,4301799,169824,1120316,4579968,184077,958672,2349558,3984032
1789710716,4302278,169864,1120862,4579800,184094,958584,2350469,3984324
1789710718,4302744,169860,1121381,4579936,184112,958548,2351507,3951484
1789710721,4303191,169876,1121899,4579908,184131,958668,2352487,3951592
1789710723,4303651,169912,1122423,4580092,184148,958700,2353419,3979144
1789710726,4304106,169872,1122964,4579844,184167,958656,2354478,3977360
1789710728,4304556,169800,1123487,4580128,184185,958632,2355550,3977876
1789710731,4304983,169832,1124000,4580204,184202,958604,2356508,3978428
1789710733,4305438,169828,1124524,4580096,184220,958600,2357617,3951604
1789710736,4305873,169872,1125039,4580148,184238,958640,2358512,3951692
1789710738,4306312,169832,1125555,4580140,184256,958528,2359590,3977724
1789710741,4306773,169864,1126089,4580220,184273,958596,2360564,3977892
1789710743,4307228,169804,1126615,4580096,184291,958636,2361513,3977888
1789710746,4307671,169860,1127143,4580228,184310,958508,2362567,3978808
1789710748,4308130,169888,1127667,4580144,184326,958516,2363595,3951840
1789710751,4308552,169908,1128167,4580216,184344,958532,2364512,3951876
1789710753,4308982,169872,1128674,4580080,184361,958536,2365443,3978860
1789710756,4309413,169804,1129193,4580244,184378,958648,2366508,3979600
1789710758,4309887,169872,1129724,4580132,184397,958616,2367489,3979104
1789710761,4310338,169916,1130262,4580188,184415,958608,2368593,3977196
1789710763,4310779,169808,1130799,4603632,184433,958524,2369562,3951972
1789710766,4311213,169872,1131298,4580264,184449,958524,2370564,3978744
1789710768,4311651,169872,1131814,4580224,184467,958568,2371621,3978876
1789710771,4312073,169884,1132298,4580232,184483,958572,2372521,3979576
1789710773,4312500,169872,1132810,4580200,184500,958624,2373511,3975120
1789710776,4312952,169920,1133331,4580192,184519,958592,2374588,3978592
1789710778,4313414,169876,1133878,4580352,184538,958608,2375607,3952148
1789710781,4313884,169884,1134413,4580216,184556,958572,2376625,3952152
1789710784,4314338,169836,1134948,4580144,184573,958588,2377645,3980016
1789710786,4314758,169920,1135431,4580204,184590,958568,2378554,3978184
1789710789,4315206,169836,1135969,4580124,184607,958492,2379531,3978768
1789710791,4315626,169824,1136470,4580228,184624,958592,2380539,3961760
1789710794,4316052,169904,1136968,4580336,184642,958580,2381403,3952188
1789710796,4316483,169840,1137461,4580156,184658,958576,2382471,3952168
1789710799,4316905,169868,1137982,4580220,184676,958612,2383432,3979164
1789710801,4317355,169828,1138483,4580352,184693,958608,2384380,3979212
1789710804,4317778,169832,1138981,4580272,184711,958740,2385378,3952136
1789710806,4318207,169856,1139481,4580216,184727,958820,2386290,3952148
1789710808,4318648,169912,1140000,4580280,184745,958780,2387287,3952064
1789710811,4319071,169916,1140515,4580196,184764,958696,2388276,3979028
1789710813,4319511,169880,1141009,4580308,184780,958808,2389183,3978944
1789710816,4319962,169924,1141553,4580172,184798,958680,2390260,3980100
1789710818,4320394,169916,1142049,4580312,184815,958728,2391161,3971376
1789710821,4320841,169836,1142571,4580232,184833,958696,2392191,3952144
1789710823,4321283,169912,1143102,4580236,184851,958772,2393168,3952180
1789710826,4321725,169832,1143609,4580292,184868,958764,2394102,3979148
1789710828,4322177,169912,1144143,4580256,184887,958676,2395160,3979904
1789710831,4322646,169880,1144692,4580180,184905,958788,2396175,3977508
1789710834,4323086,169860,1145206,4580264,184922,958808,2397057,3962100
1789710836,4323530,169836,1145723,4580216,184940,958812,2398110,3952392
1789710838,4323952,169832,1146212,4580236,184957,958796,2399001,3952496
1789710841,4324394,169884,1146734,4580272,184975,958752,2400079,4516636
1789710843,4324821,169840,1147220,4580248,184991,958776,2401059,4517500
1789710846,4325253,169824,1147723,4580180,185009,958736,2401971,4797560
1789710848,4325695,169836,1148264,4580288,185027,958728,2403060,4466336
1789710851,4326165,169832,1148811,4580252,185046,958756,2404080,4469304
1789710854,4326613,169860,1149333,4580224,185063,958780,2405029,4474776
1789710856,4327055,169916,1149839,4580328,185079,958668,2406018,4501928
1789710859,4327478,169836,1150335,4580232,185097,958696,2406985,4490252
1789710861,4327920,169904,1150852,4580252,185114,958676,2407890,4490724
1789710864,4328336,169860,1151349,4580120,185131,958664,2408947,4468488
1789710866,4328770,169920,1151857,4580168,185148,958712,2409817,4468336
1789710869,4329204,169924,1152363,4580264,185166,958736,2410846,4471100
1789710871,4329640,169864,1152872,4580196,185183,958700,2411813,4496412
1789710874,4330062,169800,1153366,4580044,185199,958592,2412697,4498320
1789710876,4330487,169920,1153859,4580180,185218,958624,2413745,4495344
1789710878,4330926,169912,1154386,4580212,185236,958696,2414669,4466944
1789710881,4331387,169828,1154914,4580476,185254,958584,2415664,4467056
1789710883,4331825,169836,1155437,4603552,185271,958724,2416663,4495640
1789710886,4332267,169872,1155976,4608472,185289,958688,2417564,4493884
1789710888,4332702,169920,1156509,4609224,185305,958688,2418540,4494260
1789710891,4333125,169908,1157015,4609036,185323,958660,2419511,4494432
1789710893,4333569,169872,1157554,4609208,185341,958572,2420492,4467036
1789710896,4334027,169824,1158028,4580488,185359,958696,2421618,4467692
1789710898,4334470,169884,1158542,4580452,185376,958688,2422485,4494564
1789710901,4334911,169916,1159050,4580580,185394,958700,2423458,4497824
1789710903,4335340,169860,1159558,4580448,185412,958708,2424476,4495584
1789710906,4335746,169912,1160039,4580504,185428,958660,2425355,4469488
1789710908,4336178,169856,1160547,4580484,185444,958648,2426402,4465516
1789710911,4336596,169836,1161039,4580540,185461,958684,2427299,4494896
1789710913,4337019,169828,1161535,4580508,185477,958652,2428281,4491336
1789710916,4337448,169916,1162047,4580464,185495,958648,2429292,4492624
1789710918,4337875,169916,1162534,4580336,185512,958652,2430193,4465688
1789710920,4338296,169880,1163029,4580584,185528,958604,2431178,4465764
1789710923,4338717,169912,1163529,4580408,185546,958640,2432150,4491952
1789710925,4339160,169832,1164046,4580468,185563,958592,2433076,4492832
1789710928,4339598,169824,1164544,4580504,185579,958628,2434070,4491776
1789710930,4340013,169876,1165027,4580464,185596,958692,2434972,4475960
1789710933,4340442,169836,1165536,4580572,185613,958656,2435947,4466284
1789710935,4340881,169808,1166054,4580380,185631,970036,2436963,4462372
1789710938,4341317,169840,1166564,4580380,185648,958556,2437837,4489504
1789710940,4341771,169872,1167088,4580468,185666,958600,2438916,4489924
1789710943,4342211,169860,1167607,4580508,185684,958628,2439890,4487576
1789710945,4342675,169880,1168133,4580484,185702,958696,2440876,4484896
1789710948,4343117,169828,1168661,4580524,185719,958612,2441870,4462256
1789710950,4343538,169904,1169150,4580532,185736,958580,2442801,4487792
1789710952,4343968,169908,1169673,4580400,185754,958640,2443838,4488904
1789710955,4344406,169912,1170178,4581748,185771,958568,2444795,4489160
1789710958,4344864,169832,1170720,4580512,185790,958636,2445784,4489948
1789710960,4345307,169820,1171229,4580604,185807,958644,2446807,4468304
1789710962,4345731,169868,1171738,4580624,185828,958624,2447912,4468332
1789710965,4346241,169920,1172337,4580472,185845,958588,2448857,4468308
1789710968,4346698,169804,1172891,4580436,185864,958680,2450056,4494560
1789710970,4347172,169836,1173440,4580504,185884,958520,2451005,4494996
1789710973,4347631,169860,1173963,4580504,185901,958692,2451991,4493756
1789710975,4348064,169872,1174483,4580488,185919,958632,2453004,4495804
1789710978,4348510,169912,1174994,4580520,185937,958608,2453971,4468380
1789710981,4348975,169824,1175533,4580504,185954,958588,2454953,4468304
1789710983,4349405,169888,1176042,4580492,185973,958556,2455942,4494260
1789710985,4349838,169824,1176553,4580492,185991,958560,2456929,4495432
1789710988,4350311,169908,1177112,4580468,186008,958616,2457987,4494736
1789710991,4350738,169824,1177627,4580504,186027,958568,2458989,4495084
1789710993,4351220,169824,1178165,4580568,186046,958500,2459926,4468288
1789710996,4351666,169908,1178692,4580544,186064,958576,2461010,4468304
1789710998,4352107,169920,1179197,4580368,186080,958600,2461872,4494484
1789711001,4352546,169836,1179710,4580544,186099,958556,2462950,4495192
1789711003,4352988,169836,1180219,4580584,186115,958592,2463908,4496248
1789711006,4353401,169808,1180718,4580512,186133,958600,2464873,4493808
1789711008,4353858,169828,1181243,4580400,186150,958568,2465893,4468256
1789711011,4354285,169924,1181753,4580396,186168,958596,2466909,4468424
1789711013,4354749,169864,1182286,4580408,186185,958584,2467811,4496032
1789711016,4355184,169920,1182808,4580568,186203,958872,2468964,4494812
1789711018,4355653,169836,1183348,4580464,186222,958844,2469984,4495420
1789711021,4356076,169920,1183842,4580500,186238,958816,2470883,4481448
1789711023,4356518,169916,1184363,4580532,186257,958832,2471889,4468604
1789711026,4356963,169884,1184878,4580524,186274,958784,2472930,4468652
1789711028,4357401,169888,1185389,4580496,186292,958844,2473863,4496692
1789711031,4357843,169916,1185910,4580512,186310,958812,2474865,4494836
1789711033,4358276,169824,1186439,4580400,186328,958848,2475904,4497020
1789711036,4358717,169876,1186939,4580560,186345,958832,2476775,4495656
1789711038,4359164,169804,1187465,4580504,186363,958732,2477895,4468928
1789711041,4359597,169864,1187962,4580456,186379,958784,2478764,4495596
1789711043,4360012,169916,1188469,4580500,186397,958780,2479758,4495760
1789711046,4360453,169864,1188979,4580480,186415,958780,2480809,4495776
1789711048,4360913,169832,1189526,4580564,186434,958800,2481869,4496796
1789711051,4361342,169916,1190024,4580620,186450,958672,2482824,4468860
1789711053,4361774,169868,1190537,4580420,186468,958832,2483792,4468932
1789711055,4362209,169832,1191040,4580380,186485,958712,2484816,4496300
1789711058,4362621,169832,1191517,4580532,186502,958772,2485681,4496160
1789711060,4363089,169880,1192073,4580484,186522,958756,2486810,4494820
1789711063,4363524,169836,1192571,4580604,186538,958768,2487693,4468836
1789711065,4363956,169836,1193092,4580544,186557,958736,2488674,4468928
1789711068,4364389,169920,1193584,4580476,186573,958680,2489655,4494488
1789711070,4364817,169916,1194078,4580484,186591,958800,2490573,4495640
1789711073,4365260,169804,1194598,4580420,186609,958732,2491615,4496800
1789711075,4365695,169820,1195097,4580684,186626,958744,2492557,4478520
1789711078,4366120,169864,1195595,4580504,186643,958644,2493491,4468880
1789711080,4366538,169884,1196089,4580512,186660,958788,2494523,4468904
1789711082,4366982,169808,1196605,4580508,186678,958776,2495543,4496244
1789711085,4367455,169876,1197153,4580528,186698,958764,2496553,4495652
1789711088,4367901,169908,1197679,4580408,186716,958728,2497616,4496500
1789711090,4368339,169876,1198177,4580428,186733,958652,2498522,4469396
1789711092,4368793,169836,1198710,4580352,186751,958728,2499596,4469432
1789711095,4369218,169804,1199216,4580428,186768,958764,2500518,4469436
1789711097,4369656,169832,1199723,4580496,186785,958740,2501426,4497444
1789711100,4370096,169912,1200246,4580464,186805,958700,2502546,4498172
1789711102,4370544,169840,1200762,4580364,186822,958752,2503462,4496108
1789711105,4370996,169872,1201302,4580552,186840,958744,2504498,4469808
1789711107,4371429,169828,1201793,4580548,186858,958720,2505470,4469764
1789711110,4371851,169876,1202290,4580516,186874,958728,2506383,4496528
1789711112,4372270,169920,1202783,4580508,186890,958736,2507412,4495692
1789711115,4372710,169860,1203299,4580496,186909,958652,2508371,4495976
1789711117,4373162,169872,1203831,4580444,186928,958688,2509360,4490936
1789711120,4373603,169824,1204345,4580500,186945,958608,2510359,4469788
1789711122,4374038,169864,1204847,4580468,186963,958676,2511315,4469740
1789711124,4374486,169920,1205385,4606572,186981,958580,2512346,4496756
1789711127,4374915,169864,1205890,4580512,186998,958656,2513320,4497008
1789711129,4375354,169920,1206394,4580576,187016,958656,2514242,4495104
1789711132,4375801,169872,1206914,4580504,187034,958672,2515336,4469796
1789711134,4376222,169884,1207407,4580552,187051,958660,2516223,4469800
1789711137,4376665,169884,1207916,4580544,187068,958656,2517254,4496000
1789711139,4377095,169836,1208429,4580560,187087,958672,2518229,4496208
1789711142,4377523,169868,1208923,4580444,187103,958652,2519127,4495548
1789711144,4377961,169828,1209436,4580584,187121,958564,2520233,4535564
1789711147,4378405,169808,1209955,4580432,187139,958624,2521149,4469680
1789711149,4378842,169888,1210471,4580508,187156,958664,2522158,4469704
1789711152,4379286,169880,1210987,4580392,187174,958616,2523160,4497800
1789711154,4379733,169868,1211496,4580492,187191,958596,2524086,4497148
1789711157,4380165,169828,1212004,4580536,187209,958628,2525100,4497924
1789711159,4380587,169872,1212498,4580504,187226,958620,2526075,4469812
1789711161,4381017,169916,1213002,4580488,187244,958628,2527040,4469808
1789711164,4381468,169836,1213523,4580392,187261,958608,2528074,4497828
1789711166,4381897,169884,1214028,4580352,187280,958636,2529037,4496964
1789711169,4382359,169912,1214569,4580472,187298,958584,2530038,4496076
1789711171,4382796,169828,1215079,4580332,187314,958472,2531048,4492792
1789711174,4383214,169916,1215575,4580408,187332,958600,2531944,4469740
1789711176,4383671,169872,1216106,4580484,187351,958484,2533047,4469792
1789711179,4384109,169876,1216619,4580672,187368,958648,2533938,4498872
1789711181,4384549,169832,1217138,4580524,187386,958580,2534953,4497468
1789711184,4384989,169884,1217651,4580472,187404,958620,2535954,4496864
1789711186,4385402,169876,1218147,4580608,187422,958572,2536886,4469820
1789711189,4385867,169912,1218686,4580416,187440,958560,2537934,4469832
1789711191,4386307,169824,1219189,4580508,187457,958612,2538874,4496604
1789711193,4386740,169880,1219696,4580432,187475,958600,2539838,4495824
1789711196,4387184,169832,1220215,4580488,187493,958612,2540879,4497968
1789711198,4387608,169916,1220712,4580388,187510,958580,2541789,4495484
1789711201,4388060,169912,1221246,4580568,187528,958612,2542787,4469776
1789711203,4388483,169836,1221736,4580560,187545,958560,2543723,4496896
1789711206,4388905,169884,1222233,4580492,187563,958796,2544671,4495500
1789711208,4389339,169920,1222745,4580472,187580,958708,2545700,4495848
1789711210,4389769,169840,1223253,4580540,187598,958864,2546666,4479324
1789711213,4390223,169872,1223784,4580548,187616,958836,2547633,4469820
1789711215,4390650,169824,1224288,4580472,187634,958848,2548692,4469824
1789711218,4391093,169832,1224801,4580500,187652,958832,2549601,4496036
1789711220,4391528,169884,1225317,4580580,187669,958828,2550692,4497128
1789711223,4391995,169832,1225866,4580484,187690,958840,2551692,4497888
1789711225,4392442,169912,1226378,4580480,187706,958840,2552618,4469816
1789711228,4392882,169876,1226909,4580528,187725,958704,2553716,4469856
1789711230,4393329,169864,1227426,4580540,187743,958864,2554606,4497316
1789711233,4393770,169832,1227944,4580604,187761,958832,2555665,4495800
1789711235,4394221,169828,1228457,4580512,187779,958832,2556629,4497520
1789711238,4394660,169880,1228963,4580480,187796,958768,2557565,4470052
1789711240,4395087,169912,1229484,4580452,187815,958664,2558628,4469968
1789711243,4395523,169876,1229973,4580476,187831,958784,2559567,4469960
1789711245,4395963,169832,1230499,4580512,187849,958768,2560548,4497544
1789711248,4396385,169808,1230991,4580472,187866,958724,2561618,4497208
1789711250,4396849,169876,1231534,4580488,187885,958784,2562551,4497928
1789711253,4397282,169880,1232033,4580528,187901,958672,2563536,4470048
1789711255,4397718,169828,1232545,4580460,187919,958792,2564542,4470008
1789711258,4398147,169884,1233050,4580432,187937,958780,2565512,4470080
1789711260,4398619,169924,1233610,4580528,187956,958780,2566655,4496860
1789711263,4399055,169836,1234120,4580584,187974,958776,2567636,4495736
1789711265,4399529,169824,1234665,4580492,187992,958676,2568614,4496556
1789711268,4399965,169804,1235191,4580544,188011,958652,2569671,4479720
1789711270,4400410,169800,1235710,4580632,188028,958700,2570638,4470072
1789711273,4400851,169840,1236239,4580496,188047,958620,2571654,4470104
1789711275,4401301,169864,1236770,4580372,188065,958612,2572815,4496412
1789711278,4401794,169868,1237332,4580540,188085,958632,2573775,4497416
1789711281,4402252,169880,1237871,4580464,188102,958700,2574769,4497108
1789711283,4402683,169884,1238369,4580452,188119,958600,2575733,4473652
1789711286,4403101,169832,1238865,4580580,188136,958728,2576629,4470168
1789711288,4403546,169860,1239390,4580552,188155,958720,2577769,4470060
1789711290,4403997,169876,1239925,4580360,188173,958628,2578705,4497308
1789711293,4404422,169908,1240412,4580608,188190,958728,2579704,4497112
1789711295,4404837,169908,1240903,4580656,188207,958724,2580675,4495496
1789711298,4405243,169880,1241375,4580468,188223,958740,2581577,4470168
1789711300,4405683,169808,1241892,4580476,188241,958696,2582623,4470188
1789711303,4406126,169828,1242404,4580348,188258,958656,2583526,4497768
1789711305,4406563,169860,1242917,4580396,188275,958664,2584532,4496164
1789711308,4407000,169828,1243426,4580524,188292,958680,2585549,4496892
1789711310,4407416,169836,1243916,4580540,188309,958584,2586474,4536136
1789711313,4407836,169824,1244409,4580576,188326,958644,2587469,4470188
1789711315,4408260,169880,1244904,4580660,188343,958628,2588440,4470180
1789711318,4408684,169908,1245409,4580476,188361,958572,2589345,4496364
1789711320,4409110,169904,1245897,4580600,188377,958632,2590414,4496008
1789711322,4409536,169912,1246408,4580560,188393,958652,2591338,4497932
1789711325,4409967,169828,1246906,4580508,188411,958656,2592305,4470184
1789711327,4410381,169864,1247397,4580520,188428,958632,2593344,4470168
1789711330,4410811,169920,1247894,4580488,188444,958580,2594205,4497280
1789711332,4411244,169804,1248410,4580376,188461,958628,2595327,4497072
1789711335,4411692,169828,1248934,4580564,188480,958580,2596263,4496056
1789711337,4412127,169876,1249437,4580472,188498,958644,2597263,4470252
1789711340,4412570,169836,1249959,4580544,188515,958636,2598298,4470140
1789711342,4413010,169908,1250482,4580596,188534,958584,2599265,4470092
1789711345,4413454,169840,1250988,4580408,188551,958620,2600279,4496200
1789711347,4413896,169924,1251508,4580592,188568,958548,2601253,4497092
1789711350,4414337,169924,1252021,4580456,188585,958612,2602180,4495464
1789711352,4414760,169880,1252522,4580444,188603,958560,2603218,4470228
1789711354,4415194,169916,1253045,4580464,188621,958836,2604213,4470212
1789711357,4415637,169908,1253555,4580452,188639,958816,2605152,4497884
1789711360,4416080,169864,1254080,4580544,188657,958808,2606233,4496096
1789711362,4416521,169876,1254594,4580628,188674,958840,2607121,4496264
1789711365,4416964,169872,1255133,4605704,188693,958756,2608237,4495988
1789711367,4417395,169824,1255622,4580540,188710,958860,2609202,4470176
1789711370,4417842,169908,1256148,4580444,188728,958844,2610192,4470196
1789711372,4418285,169828,1256670,4580524,188745,958692,2611233,4497224
1789711375,4418711,169828,1257166,4580576,188762,958828,2612134,4497552
1789711377,4419128,169840,1257652,4580376,188779,958732,2613114,4496920
1789711380,4419551,169832,1258138,4580652,188796,958816,2614093,4478280
1789711382,4420008,169864,1258665,4580464,188813,958700,2615064,4470236
1789711385,4420419,169916,1259150,4580420,188830,958824,2616118,4470208
1789711387,4420869,169908,1259680,4580516,188847,958788,2617088,4497476
1789711389,4421299,169912,1260178,4581000,188864,958792,2618005,4496588
1789711392,4421752,169864,1260705,4580492,188883,958804,2619122,4497344
1789711394,4422188,169916,1261217,4591552,188902,958764,2620065,4497808
1789711397,4422633,169920,1261724,4580488,188919,958808,2621018,4470128
1789711399,4423053,169884,1262222,4580500,188937,958760,2622056,4470240
1789711402,4423497,169872,1262740,4580568,188955,958696,2622951,4496300
1789711404,4423931,169864,1263254,4580480,188972,958768,2624053,4495584
1789711407,4424356,169908,1263762,4580436,188989,958752,2624972,4498076
1789711409,4424780,169920,1264260,4580548,189006,958780,2625951,4470252
1789711412,4425208,169836,1264765,4580564,189024,958580,2626939,4470132
1789711414,4425638,169864,1265277,4580500,189042,958708,2627928,4496660
1789711417,4426079,169828,1265808,4580492,189060,958744,2628992,4496312
1789711419,4426498,169880,1266311,4580520,189077,958688,2629938,4496900
1789711422,4426920,169920,1266807,4580472,189093,958748,2630837,4470232
1789711424,4427317,169832,1267311,4609792,189111,958744,2631888,4470212
1789711427,4427742,169876,1267802,4580596,189126,958712,2632811,4496260
1789711429,4428142,169880,1268275,4580620,189142,958764,2633752,4496960
1789711431,4428544,169836,1268761,4580544,189158,958696,2634747,4470128
1789711434,4428933,169876,1269221,4580500,189174,958740,2635631,4470184
1789711436,4429339,169836,1269710,4580436,189190,958744,2636642,4497560
1789711439,4429732,169860,1270184,4580532,189206,958732,2637544,4495832
1789711441,4430129,169832,1270642,4580512,189222,958748,2638450,4470224
1789711443,4430526,169828,1271129,4580488,189238,958604,2639475,4470144
1789711446,4430939,169912,1271603,4580504,189254,958720,2640310,4497124
1789711448,4431323,169804,1272073,4580548,189269,958720,2641367,4498120
1789711451,4431707,169824,1272550,4580460,189285,958688,2642220,4470200
1789711453,4432104,169916,1273014,4580500,189301,958732,2643146,4470240
1789711455,4432498,169828,1273489,4580492,189316,958688,2644124,4498216
1789711458,4432878,169804,1273943,4580472,189331,958756,2644946,4497256
1789711460,4433264,169824,1274409,4580484,189346,958716,2645983,4470232
1789711463,4433652,169868,1274878,4580492,189362,958720,2646826,4499024
1789711465,4434040,169840,1275347,4580384,189378,958732,2647799,4496460
1789711467,4434425,169880,1275810,4580428,189393,958720,2648717,4496608
1789711470,4434812,169864,1276279,4580504,189407,958584,2649552,4470212
1789711472,4435214,169912,1276765,4580504,189424,958660,2650592,4496044
1789711475,4435600,169880,1277221,4580520,189439,958752,2651425,4496272
1789711477,4435986,169836,1277687,4580528,189455,958728,2652429,4493072
1789711479,4436377,169908,1278156,4580432,189470,958676,2653342,4470276
1789711482,4436773,169912,1278639,4580504,189487,958648,2654263,4496692
1789711484,4437180,169916,1279136,4580420,189503,958668,2655291,4496144
1789711487,4437576,169872,1279603,4580496,189520,958548,2656284,4496892
1789711489,4438019,169872,1280129,4580480,189536,958656,2657197,4470436
1789711492,4438413,169916,1280610,4580520,189553,958652,2658150,4496292
1789711494,4438798,169912,1281066,4580568,189567,958620,2659015,4496528
1789711496,4439182,169824,1281540,4580564,189583,958672,2660004,4489884
1789711499,4439578,169836,1282013,4580376,189599,958632,2660930,4470420
1789711501,4439992,169836,1282500,4580548,189615,958548,2661836,4496740
1789711504,4440408,169912,1283009,4580560,189633,958580,2662889,4496480
1789711506,4440816,169916,1283496,4580496,189649,958684,2663763,4470372
1789711509,4441232,169876,1283997,4580556,189665,958692,2664745,4470416
1789711511,4441626,169864,1284483,4580592,189681,958504,2665736,4496860
1789711513,4442040,169832,1284973,4580408,189697,958644,2666639,4496176
1789711516,4442434,169920,1285452,4580392,189715,958600,2667712,4493016
1789711518,4442841,169836,1285938,4580520,189730,958536,2668560,4470428
1789711521,4443251,169860,1286439,4580516,189747,958600,2669603,4498952
1789711523,4443645,169884,1286918,4580532,189763,958648,2670513,4497368
1789711526,4444037,169832,1287383,4580488,189778,958604,2671388,4496808
1789711528,4444450,169872,1287883,4580540,189795,958556,2672422,4470436
1789711530,4444856,169876,1288365,4580536,189811,958632,2673292,4497852
1789711533,4445250,169916,1288842,4580504,189827,958512,2674299,4497496
1789711535,4445633,169824,1289315,4580532,189842,958480,2675190,4470400
1789711538,4446021,169804,1289774,4580548,189857,958524,2676105,4470416
1789711540,4446415,169880,1290248,4580428,189873,958580,2677087,4496460
1789711542,4446800,169828,1290711,4580520,189888,958656,2677933,4498260
1789711545,4447207,169808,1291197,4580408,189905,958608,2678965,4470460
1789711547,4447610,169828,1291678,4580480,189920,958496,2679886,4470452
1789711550,4447990,169908,1292133,4580532,189935,958624,2680776,4498496
1789711552,4448383,169876,1292612,4580436,189951,958604,2681793,4496656
1789711554,4448784,169904,1293091,4580460,189967,958620,2682709,4470448
1789711557,4449193,169880,1293577,4580452,189982,958548,2683634,4498284
1789711559,4449602,169880,1294067,4580464,189999,958588,2684581,4497592
1789711562,4449999,169804,1294538,4580536,190015,958552,2685519,4497484
1789711564,4450409,169840,1295045,4580736,190032,958528,2686563,4470332
1789711567,4450796,169912,1295498,4580664,190047,958700,2687467,4470440
1789711569,4451186,169864,1296003,4580456,190063,958796,2688422,4497832
1789711572,4451603,169916,1296489,4580476,190080,958772,2689452,4498172
1789711574,4451986,169840,1296943,4580508,190094,958784,2690340,4493608
1789711577,4452393,169828,1297449,4580512,190110,958764,2691386,4470428
1789711579,4452796,169840,1297922,4580536,190126,958788,2692299,4498024
1789711581,4453192,169908,1298405,4580504,190142,958804,2693205,4497480
1789711584,4453591,169832,1298874,4580544,190158,958800,2694219,4470464
1789711586,4453981,169840,1299344,4580464,190173,958832,2695058,4470440
1789711589,4454375,169920,1299831,4580652,190191,958832,2696216,4496968
1789711591,4454841,169860,1300393,4580528,190209,958704,2697352,4498024
1789711594,4455283,169864,1300896,4580516,190224,958752,2698129,4496752
1789711597,4455284,169916,1300897,4580552,190225,958792,2698358,4470432
1789711599,4455286,169800,1300900,4580500,190225,958804,2698605,4470472
1789711601,4455288,169880,1300901,4591904,190226,958792,2698867,4497896
1789711604,4455290,169888,1300902,4580508,190227,958768,2699103,4496796
1789711606,4455291,169860,1300902,4580532,190227,958792,2699359,4474796
1789711609,4455293,169912,1300902,4580512,190227,958656,2595,64320
1789711611,4455295,169864,1300903,4580476,190228,958812,,
1789711614,4455295,169916,1300903,4580512,190228,958744,,
1789711616,4455298,169864,1300904,4580476,190228,958764,,
1789711618,4455299,169804,1300906,4580500,190229,958752,,
1789711621,4455300,169876,1300909,4580516,190229,958728,,
1789711623,4455302,169832,1300910,4580384,190230,958760,,
1789711625,4455302,169884,1300911,4580428,190230,958760,,
1789711627,4455303,169840,1300915,4580504,190231,958788,,
1789711630,4455304,169860,1300915,4580476,190231,958780,,
1789711632,4455307,169828,1300916,4580452,190231,958772,,
1789711634,4455308,169876,1300916,4580496,190232,958704,,
1789711637,4455309,169880,1300916,4580556,190232,958784,,
1789711639,4455310,169840,1300917,4580472,190232,958772,,
1789711641,4455312,169832,1300917,4580524,190233,958676,,
1789711643,4455313,169912,1300918,4580508,190233,958716,,
1789711646,4455314,169860,1300919,4580528,190233,958800,,
1789711648,4455316,169800,1300919,4580468,190233,958796,,
1789711650,4455317,169876,1300920,4580452,190235,958676,,
1789711653,4455319,169828,1300921,4580384,190235,958668,,
1789711655,4455320,169828,1300922,4580480,190235,958764,,
1789711657,4455321,169828,1300924,4585508,190235,958668,,
1789711659,4455323,169876,1300925,4580488,190236,958784,,
1789711662,4455324,169832,1300925,4580476,190236,958752,,
1789711664,4455325,169908,1300927,4580500,190236,958652,,
1789711666,4455327,169884,1300928,4580528,190236,958808,,
1789711669,4455329,169864,1300928,4580508,190237,958804,,
1789711671,4455330,169832,1300928,4580480,190238,958680,,
1789711673,4455332,169916,1300932,4580516,190238,958724,,
1789711675,4455333,169824,1300931,4580544,190238,958772,,
1789711678,4455334,169832,1300931,4580508,190239,958768,,
1789711680,4455335,169820,1300932,4580492,190239,958744,,
1789711682,4455337,169876,1300932,4580504,190239,958688,,
1789711685,4455338,169864,1300932,4580512,190240,958720,,
1789711687,4455339,169860,1300933,4580532,190239,958760,,
1789711689,4455341,169872,1300936,4580524,190241,958680,,
1789711691,4455342,169808,1300937,4580536,190241,958796,,
1789711694,4455344,169872,1300939,4580508,190241,958808,,
1789711696,4455345,169808,1300940,4580524,190241,958764,,
1789711698,4455347,169824,1300940,4580492,190242,958760,,
1789711701,4455348,169832,1300940,4580524,190242,958684,,
1789711703,4455349,169808,1300942,4580532,190242,958796,,
1789711705,4455351,169840,1300943,4580536,190242,958680,,
1789711708,4455351,169916,1300944,4580524,190244,958776,,
1789711710,4455353,169912,1300945,4580472,190244,958788,,
1789711712,4455356,169800,1300946,4580508,190244,958772,,
1789711714,4455355,169836,1300948,4580532,190243,958796,,
1789711717,4455356,169908,1300948,4580376,190245,958828,,
1789711719,4455358,169880,1300949,4580536,190245,958808,,
1789711721,4455360,169912,1300949,4580424,190245,958772,,
1789711724,4455361,169876,1300950,4580536,190246,958768,,
1789711726,4455362,169836,1300953,4580488,190246,958796,,
1789711728,4455364,169908,1300954,4580524,190247,958736,,
1789711731,4455366,169872,1300956,4580528,190247,958792,,
1789711733,4455367,169916,1300956,4580412,190248,958740,,
1789711735,4455369,169920,1300957,4580484,190248,958792,,
1789711738,4455369,169820,1300960,4591084,190248,958768,,
1789711740,4455371,169864,1300960,4580536,190249,958664,,
1789711742,4455372,169868,1300961,4580524,190249,958764,,
1789711745,4455374,169912,1300961,4580520,190249,958780,,
1789711747,4455376,169880,1300962,4580524,190250,958672,,
1789711749,4455376,169860,1300964,4580512,190250,958792,,
1789711752,4455378,169860,1300965,4580392,190250,958776,,
1789711754,4455379,169872,1300965,4580456,190251,958772,,
1789711756,4455381,169884,1300967,4580480,190251,958820,,
1789711758,4455382,169832,1300968,4580488,190251,958660,,
1789711761,4455383,169872,1300970,4580480,190252,958772,,
1789711763,4455385,169916,1300971,4580484,190253,958796,,
1789711765,4455387,169860,1300972,4580516,190253,958784,,
1789711767,4455388,169856,1300973,4580464,190253,958764,,
1789711770,4455389,169912,1300979,4580504,190253,958772,,
1789711772,4455391,169832,1300978,4580536,190254,958796,,
1789711774,4455392,169912,1300981,4580412,190254,958808,,
1789711777,4455393,169824,1300981,4580516,190254,958772,,
1789711779,4455394,169880,1300982,4580512,190254,958780,,
1789711781,4455396,169916,1300983,4580504,190255,958772,,
1789711783,4455397,169916,1300983,4580460,190255,958724,,
1789711786,4455398,169836,1300984,4580500,190255,958808,,
1789711788,4455400,169808,1300986,4580496,190256,958828,,
1789711790,4455401,169836,1300986,4580496,190257,958768,,
1789711793,4455403,169884,1300988,4580400,190257,958768,,
1789711795,4455403,169872,1300988,4580364,190257,958804,,
1789711797,4455405,169828,1300988,4580508,190258,958812,,
1789711799,4455407,169804,1300989,4580496,190258,958800,,
1789711802,4455408,169920,1300989,4580480,190258,958828,,
1789711804,4455409,169864,1300994,4580468,190258,958772,,
1789711806,4455411,169880,1300995,4580536,190259,958760,,
1789711808,4455411,169912,1300997,4580448,190259,958660,,
1789711811,4455413,169884,1301000,4580480,190260,958780,,
1789711813,4455414,169912,1301001,4580464,190259,958812,,
1789711815,4455416,169828,1301002,4580464,190260,958768,,
1789711818,4455417,169820,1301002,4580484,190261,958752,,
1789711820,4455419,169912,1301004,4580468,190261,958764,,
1789711822,4455420,169820,1301004,4580500,190261,958800,,
1789711824,4455421,169832,1301004,4580368,190262,958664,,
1789711827,4455422,169824,1301005,4580528,190262,958776,,
1789711829,4455424,169920,1301007,4580372,190262,958768,,
1789711831,4455426,169908,1301007,4580464,190262,958692,,
1789711834,4455427,169908,1301009,4580492,190263,958804,,
1789711836,4455428,169840,1301008,4580424,190264,958776,,
1789711838,4455429,169860,1301008,4580540,190264,958804,,
1789711841,4455431,169908,1301009,4580504,190264,958764,,
1789711843,4455432,169836,1301011,4580412,190265,958788,,
1789711845,4455433,169824,1301011,4580476,190265,958764,,
1789711847,4455435,169916,1301011,4580412,190265,958816,,
1789711850,4455437,169832,1301012,4580484,190266,958792,,
1789711852,4455438,169908,1301015,4580384,190266,958676,,
1789711854,4455439,169828,1301018,4580496,190267,958776,,
1789711857,4455441,169888,1301018,4580516,190267,958828,,
1789711859,4455442,169828,1301018,4580516,190267,958800,,
1789711861,4455444,169916,1301019,4580500,190268,958740,,
1789711863,4455445,169832,1301019,4580388,190268,958736,,
1789711866,4455446,169888,1301023,4580492,190269,958720,,
1789711868,4455448,169876,1301025,4580512,190269,958804,,
1789711870,4455449,169920,1301025,4580508,190269,958752,,
1789711873,4455451,169808,1301029,4580492,190270,958764,,
1789711875,4455452,169908,1301030,4580396,190270,958752,,
1789711877,4455454,169880,1301030,4580528,190270,958780,,
1789711880,4455454,169836,1301030,4580420,190270,958744,,
1789711882,4455456,169876,1301031,4580440,190272,958776,,
1789711884,4455458,169920,1301035,4580472,190272,958800,,
1789711886,4455459,169832,1301035,4580500,190272,958724,,
1789711889,4455460,169888,1301035,4580372,190272,958760,,
1789711891,4455462,169876,1301035,4580516,190273,958688,,
1789711893,4455463,169872,1301037,4580372,190273,958752,,
1789711896,4455464,169876,1301037,4580484,190273,958764,,
1789711898,4455465,169924,1301039,4580392,190273,958740,,
1789711900,4455467,169820,1301042,4580500,190274,958736,,
1789711903,4455469,169836,1301041,4580484,190275,958788,,
1789711905,4455471,169832,1301043,4580520,190275,958784,,
1789711907,4455471,169832,1301046,4580496,190276,958796,,
1789711910,4455473,169880,1301048,4580492,190276,958740,,
1789711912,4455474,169908,1301049,4580500,190276,958628,,
1789711914,4455476,169828,1301050,4580456,190276,958720,,
1789711916,4455477,169880,1301052,4580468,190277,958764,,
1789711919,4455478,169872,1301053,4580504,190277,958756,,
1789711921,4455480,169828,1301053,4580500,190278,958736,,
1789711923,4455481,169832,1301054,4580464,190279,958748,,
1789711926,4455483,169880,1301054,4580520,190279,958720,,
1789711928,4455484,169868,1301058,4580508,190279,958760,,
1789711930,4455485,169908,1301058,4580368,190279,958688,,
1789711932,4455487,169876,1301058,4580472,190279,958796,,
1789711935,4455488,169864,1301061,4580440,190280,958740,,
1789711937,4455489,169824,1301061,4580380,190281,958776,,
1789711939,4455491,169828,1301063,4580532,190281,958800,,
1789711942,4455492,169800,1301062,4580512,190281,958768,,
1789711944,4455494,169908,1301062,4580468,190282,958736,,
1789711946,4455495,169876,1301066,4580496,190282,958732,,
1789711948,4455497,169880,1301066,4580488,190282,958776,,
1789711951,4455497,169836,1301068,4580384,190282,958752,,
1789711953,4455499,169912,1301070,4580460,190283,958776,,
1789711955,4455501,169916,1301070,4580400,190283,958736,,
1789711958,4455502,169856,1301070,4580424,190284,958764,,
1789711960,4455503,169876,1301071,4580480,190284,958720,,
1789711962,4455505,169840,1301072,4580508,190284,958772,,
1789711964,4455506,169860,1301074,4580368,190284,958764,,
1789711967,4455508,169912,1301074,4580504,190285,958780,,
1789711969,4455508,169912,1301077,4580416,190285,958744,,
1789711971,4455510,169828,1301080,4580492,190286,958752,,
1789711974,4455512,169800,1301081,4580536,190286,958668,,
1789711976,4455512,169872,1301081,4580484,190287,958796,,
1789711978,4455515,169884,1301081,4580516,190287,958624,,
1789711980,4455516,169920,1301081,4580472,190288,958768,,
1789711983,4455517,169864,1301082,4580524,190288,958752,,
1789711985,4455519,169804,1301083,4580376,190288,968672,,
1789711987,4455520,169916,1301086,4580508,190289,958776,,
1789711990,4455521,169872,1301094,4580464,190290,958740,,
1789711992,4455522,169836,1301096,4580480,190290,958660,,
1789711994,4455524,169884,1301096,4580372,190290,958792,,
1789711996,4455526,169824,1301097,4580516,190290,958676,,
1789711999,4455527,169908,1301097,4580492,190291,958708,,
1789712001,4455529,169836,1301100,4580484,190291,958752,,
1789712003,4455531,169924,1301101,4580464,190292,958712,,
1789712006,4455532,169860,1301101,4580496,190292,958812,,
1789712008,4455534,169912,1301103,4580408,190292,958744,,
1789712010,4455535,169864,1301103,4580408,190293,958744,,
1789712012,4455537,169908,1301103,4580388,190293,958740,,
1789712015,4455537,169864,1301103,4580392,190293,958792,,
1789712017,4455539,169912,1301103,4580492,190295,958640,,
1789712019,4455541,169876,1301103,4580520,190295,958756,,
1789712022,4455542,169808,1301103,4580468,190295,958756,,
1789712024,4455544,169880,1301103,4580496,190295,958764,,
1789712026,4455545,169920,1301103,4580388,190296,958752,,
1789712029,4455546,169884,1301104,4580496,190296,958804,,
1789712031,4455548,169828,1301104,4580488,190296,958636,,
1789712033,4455549,169828,1301104,4580484,190297,958732,,
1789712035,4455550,169832,1301105,4580484,190297,958760,,
1789712038,4455552,169832,1301107,4580376,190298,958716,,
1789712040,4455554,169804,1301109,4580484,190298,958644,,
1789712042,4455555,169832,1301110,4580516,190298,958628,,
1789712044,4455556,169888,1301114,4580512,190299,958700,,
1789712047,4455557,169876,1301114,4580512,190299,958680,,
1789712049,4455559,169916,1301118,4580488,190299,958708,,
1789712051,4455560,169864,1301118,4580420,190299,958724,,
1789712054,4455562,169912,1301120,4580492,190300,958772,,
1789712056,4455563,169840,1301122,4580456,190301,958776,,
1789712058,4455564,169924,1301124,4580484,190301,958784,,
1789712061,4455567,169828,1301124,4580452,190302,958752,,
1789712063,4455568,169916,1301127,4580496,190302,958636,,
1789712065,4455569,169804,1301127,4580404,190302,958808,,
1789712067,4455571,169920,1301127,4580480,190303,958732,,
1789712070,4455572,169804,1301127,4580480,190303,958788,,
1789712072,4455574,169876,1301130,4580468,190303,958728,,
1789712074,4455575,169832,1301131,4580460,190304,958624,,
1789712077,4455576,169860,1301131,4580512,190305,958748,,
1789712079,4455578,169884,1301132,4580440,190305,958740,,
1789712081,4455579,169824,1301132,4580460,190305,958720,,
1789712083,4455580,169804,1301134,4580468,190306,958764,,
1789712086,4455582,169828,1301135,4580464,190306,958748,,
1789712088,4455583,169832,1301137,4580528,190306,958636,,
1789712090,4455586,169876,1301138,4580484,190306,958808,,
1789712093,4455587,169868,1301139,4580496,190308,958800,,
1789712095,4455588,169828,1301139,4580480,190308,958728,,
1789712097,4455590,169836,1301141,4580472,190308,958684,,
1789712100,4455590,169804,1301141,4580436,190309,958780,,
1789712102,4455592,169904,1301143,4580504,190309,958728,,
1789712104,4455594,169832,1301143,4580444,190309,958728,,
1789712106,4455595,169880,1301144,4580516,190309,958764,,
1789712109,4455596,169840,1301147,4580492,190310,958760,,
1789712111,4455598,169864,1301148,4580400,190310,958760,,
1789712113,4455599,169840,1301148,4580500,190310,958772,,
1789712116,4455601,169832,1301150,4580504,190311,958732,,
1789712118,4455603,169884,1301153,4580448,190311,958804,,
1789712120,4455604,169864,1301154,4580496,190312,958644,,
1789712122,4455605,169912,1301156,4580376,190313,958688,,
1789712125,4455607,169828,1301156,4580508,190313,958728,,
1789712127,4455608,169920,1301157,4580504,190313,958756,,
1789712129,4455610,169828,1301158,4580388,190313,958716,,
1789712132,4455611,169864,1301160,4580528,190314,958748,,
1789712134,4455612,169860,1301162,4580524,190314,958796,,
1789712136,4455614,169880,1301164,4580520,190314,958784,,
1789712138,4455615,169872,1301164,4580440,190315,958756,,
1789712141,4455617,169912,1301165,4580492,190315,958728,,
1789712143,4455618,169804,1301166,4580408,190316,958716,,
1789712145,4455620,169808,1301166,4580480,190317,958752,,
1789712148,4455621,169824,1301166,4580376,190317,958756,,
1789712150,4455623,169884,1301167,4580368,190317,958716,,
1789712152,4455624,169836,1301168,4580388,190317,958628,,
1789712154,4455625,169876,1301168,4580520,190318,958796,,
1789712157,4455627,169908,1301168,4580496,190318,958780,,
1789712159,4455628,169884,1301168,4580440,190318,958664,,
1789712161,4455629,169836,1301169,4580516,190318,958712,,
1789712164,4455632,169824,1301173,4580536,190320,958792,,
1789712166,4455633,169828,1301173,4580504,190320,958712,,
1789712168,4455635,169884,1301176,4580428,190320,958716,,
1789712171,4455636,169864,1301177,4580412,190320,958644,,
1789712173,4455637,169836,1301179,4580500,190321,958792,,
1789712175,4455639,169916,1301182,4580484,190321,958780,,
1789712178,4455640,169808,1301182,4580492,190322,958752,,
1789712180,4455642,169840,1301185,4580500,190322,958736,,
1789712182,4455643,169836,1301185,4580484,190322,958780,,
1789712184,4455645,169908,1301185,4580384,190322,958664,,
1789712187,4455647,169836,1301185,4580508,190324,958792,,
1789712189,4455648,169876,1301185,4580532,190324,958684,,
1789712191,4455649,169828,1301186,4580416,190325,958776,,
1789712194,4455651,169832,1301187,4580480,190325,958728,,
1789712196,4455653,169832,1301188,4580428,190325,958776,,
1789712198,4455654,169884,1301189,4580448,190325,958720,,
1789712201,4455655,169872,1301190,4580468,190326,958728,,
1789712203,4455657,169876,1301191,4580536,190326,958752,,
1789712205,4455659,169808,1301195,4580428,190326,958708,,
1789712208,4455660,169880,1301195,4580476,190327,958780,,
1789712210,4455661,169876,1301196,4580536,190328,958736,,
1789712212,4455663,169836,1301197,4580432,190328,958736,,
1789712214,4455664,169804,1301196,4580528,190328,958760,,
1789712217,4455666,169884,1301197,4580412,190329,958744,,
1789712219,4455667,169808,1301199,4580544,190329,958672,,
1789712221,4455670,169880,1301201,4580484,190329,958744,,
1789712223,4455670,169880,1301201,4580468,190329,958624,,
1789712226,4455672,169800,1301203,4580436,190330,958640,,
1789712228,4455674,169808,1301206,4580408,190330,958752,,
1789712230,4455674,169920,1301207,4580540,190330,958712,,
1789712233,4455676,169836,1301209,4580504,190331,958744,,
1789712235,4455678,169836,1301210,4580508,190332,958804,,
1789712237,4455680,169924,1301210,4580520,190332,958764,,
1789712239,4455681,169876,1301211,4580484,190332,958784,,
1789712242,4455682,169864,1301213,4580532,190333,958732,,
1789712244,4455684,169856,1301213,4580488,190334,958808,,
1789712246,4455685,169832,1301215,4580520,190334,958788,,
1789712249,4455686,169836,1301215,4580504,190334,958792,,
1789712251,4455688,169828,1301215,4580508,190334,958632,,
1789712253,4455690,169824,1301218,4580480,190335,958624,,
1789712256,4455691,169880,1301219,4580512,190335,958772,,
1789712258,4455693,169916,1301221,4580512,190336,958752,,
1789712260,4455694,169884,1301222,4580496,190336,958748,,
1789712263,4455695,169908,1301222,4580508,190337,958760,,
1789712265,4455697,169832,1301223,4580500,190337,958772,,
1789712267,4455698,169880,1301224,4580488,190337,958668,,
1789712269,4455700,169828,1301224,4580552,190338,958752,,
1789712272,4455701,169916,1301224,4580508,190338,958804,,
1789712274,4455703,169836,1301225,4580376,190338,958780,,
1789712276,4455704,169920,1301227,4580464,190338,958756,,
1789712279,4455705,169888,1301228,4580528,190339,958716,,
1789712281,4455707,169920,1301232,4580528,190339,958776,,
1789712283,4455708,169836,1301232,4580376,190339,958716,,
1789712286,4455709,169824,1301232,4580520,190340,958700,,
1789712288,4455711,169832,1301237,4580508,190340,958644,,
1789712290,4455712,169868,1301238,4580500,190340,958752,,
1789712292,4455715,169908,1301238,4580396,190341,958784,,
1789712295,4455714,169908,1301239,4580364,190341,958736,,
1789712297,4455717,169836,1301240,4580444,190341,958752,,
1789712299,4455718,169864,1301241,4580512,190343,958748,,
1789712302,4455718,169804,1301241,4580412,190343,958768,,
1789712304,4455721,169864,1301242,4580476,190343,958780,,
1789712306,4455722,169832,1301242,4580384,190343,958736,,
1789712308,4455723,169916,1301244,4580420,190343,958760,,
1789712311,4455724,169876,1301245,4580480,190344,958764,,
1789712313,4455725,169828,1301246,4580400,190344,958768,,
1789712315,4455728,169840,1301246,4580544,190344,958608,,
1789712317,4455728,169800,1301246,4580516,190345,958792,,
1789712320,4455730,169920,1301246,4580520,190346,958652,,
1789712322,4455731,169828,1301246,4580520,190346,958808,,
1789712324,4455732,169924,1301248,4580520,190346,958748,,
1789712327,4455734,169888,1301249,4580444,190346,958788,,
1789712329,4455736,169840,1301252,4580540,190347,958800,,
1789712331,4455737,169868,1301252,4580476,190347,958728,,
1789712334,4455739,169920,1301252,4580496,190347,958676,,
1789712336,4455740,169828,1301252,4580496,190348,958720,,
1789712338,4455741,169872,1301252,4580500,190349,958708,,
1789712341,4455743,169876,1301252,4580488,190349,958780,,
1789712343,4455744,169832,1301252,4580508,190349,958788,,
1789712345,4455745,169920,1301253,4580552,190350,958668,,
1789712348,4455747,169916,1301253,4580412,190350,958680,,
1789712350,4455749,169876,1301256,4580496,190350,958744,,
1789712352,4455750,169916,1301257,4580412,190351,958748,,
1789712354,4455751,169828,1301260,4580484,190351,958636,,
1789712357,4455753,169916,1301262,4580484,190351,958772,,
1789712359,4455754,169832,1301264,4580444,190352,958752,,
1789712361,4455755,169836,1301265,4580508,190352,958756,,
1789712364,4455757,169860,1301265,4580532,190352,958748,,
1789712366,4455759,169840,1301267,4580512,190352,958776,,
1789712368,4455760,169864,1301268,4580532,190354,958760,,
1789712370,4455761,169872,1301269,4580444,190354,958720,,
1789712373,4455762,169828,1301271,4580372,190354,958636,,
1789712375,4455764,169912,1301271,4580400,190354,958724,,
1789712377,4455765,169864,1301274,4580536,190355,958756,,
1789712380,4455767,169836,1301275,4580484,190355,958796,,
1789712382,4455769,169880,1301276,4580500,190356,958672,,
1789712384,4455770,169836,1301277,4580480,190357,958812,,
1789712387,4455771,169912,1301278,4580516,190357,958748,,
1789712389,4455773,169908,1301280,4580476,190358,958772,,
1789712391,4455774,169880,1301279,4580488,190358,958728,,
1789712394,4455776,169912,1301281,4580512,190359,958752,,
1789712396,4455777,169872,1301281,4580424,190359,958636,,
1789712399,4455779,169912,1301282,4580508,190361,958748,,
1789712401,4455781,169916,1301282,4580544,190360,958676,,
1789712403,4455782,169832,1301283,4580440,190360,958788,,
1789712406,4455784,169832,1301285,4580408,190360,958748,,
1789712408,4455785,169804,1301286,4580488,190361,958716,,
1789712410,4455787,169880,1301288,4580464,190363,958740,,
1789712413,4455787,169808,1301288,4580504,190362,958772,,
1789712415,4455790,169916,1301290,4580544,190363,958704,,
1789712417,4455791,169808,1301290,4580452,190365,958744,,
1789712419,4455793,169916,1301290,4580500,190363,958760,,
1789712422,4455794,169828,1301291,4580484,190364,958764,,
1789712424,4455796,169836,1301293,4580476,190364,958748,,
1789712426,4455797,169824,1301292,4580488,190364,958776,,
1789712429,4455798,169920,1301292,4580524,190365,958760,,
1789712431,4455800,169864,1301293,4580368,190366,958760,,
1789712433,4455800,169860,1301296,4580500,190366,958756,,
1789712436,4455802,169916,1301296,4580520,190366,958660,,
1789712438,4455804,169864,1301297,4580436,190367,958652,,
1789712440,4455804,169864,1301299,4580496,190367,958728,,
1789712443,4455806,169904,1301300,4580496,190367,958680,,
1789712445,4455808,169836,1301302,4580424,190369,958800,,
1789712447,4455809,169884,1301307,4580508,190369,958784,,
1789712450,4455810,169880,1301309,4580404,190369,958720,,
1789712452,4455812,169912,1301310,4580508,190369,958664,,
1789712454,4455813,169824,1301312,4580512,190370,958704,,
1789712456,4455817,169828,1301313,4580424,190371,958644,,
1789712459,4455817,169832,1301314,4580520,190371,958740,,
1789712461,4455817,169864,1301314,4580516,190372,958736,,
1789712463,4455819,169840,1301315,4580432,190372,958744,,
1789712466,4455820,169908,1301317,4580512,190372,958692,,
1789712468,4455822,169884,1301319,4580556,190373,958700,,
1789712470,4455823,169828,1301321,4580488,190373,958724,,
1789712473,4455825,169856,1301322,4580508,190373,958788,,
1789712475,4455826,169872,1301322,4580548,190373,958756,,
1789712477,4455828,169864,1301322,4580528,190374,958704,,
1789712480,4455829,169836,1301322,4580496,190375,958648,,
1789712482,4455830,169872,1301322,4580544,190375,958768,,
1789712484,4455832,169908,1301322,4580492,190375,958664,,
1789712487,4455833,169872,1301323,4580536,190375,958740,,
1789712489,4455834,169808,1301324,4580460,190376,958736,,
1789712491,4455836,169872,1301324,4580512,190376,958772,,
1789712493,4455838,169832,1301325,4580528,190376,958772,,
1789712496,4455839,169864,1301325,4580484,190377,958756,,
1789712498,4455840,169800,1301326,4580384,190377,958756,,
1789712500,4455841,169828,1301327,4580528,190378,958644,,
1789712503,4455843,169876,1301327,4580436,190379,958732,,
1789712505,4455844,169920,1301328,4580432,190384,958748,,
1789712507,4455845,169884,1301329,4580524,190384,958764,,
1789712510,4455847,169920,1301329,4580544,190385,958788,,
1789712512,4455849,169836,1301329,4580404,190385,958724,,
1789712514,4455850,169832,1301331,4580560,190385,958800,,
1789712516,4455851,169828,1301331,4580544,190385,958740,,
1789712519,4455853,169832,1301331,4580408,190385,958812,,
1789712521,4455854,169804,1301334,4580488,190387,958664,,
1789712523,4455856,169860,1301334,4580488,190387,958760,,
1789712526,4455857,169908,1301335,4580388,190387,958756,,
1789712528,4455859,169912,1301340,4580536,190392,958760,,
1789712530,4455860,169876,1301341,4580384,190393,958792,,
1789712532,4455862,169836,1301343,4580452,190393,958764,,
1789712535,4455863,169820,1301343,4580560,190393,968328,,
1789712537,4455864,169880,1301344,4580472,190394,958648,,
1789712539,4455865,169916,1301345,4580496,190394,958776,,
1789712542,4455867,169820,1301346,4580504,190394,958676,,
1789712544,4455868,169836,1301348,4580468,190395,958676,,
1789712546,4455870,169876,1301351,4580552,190395,958780,,
1789712548,4455871,169832,1301353,4580468,190401,958756,,
1789712551,4455873,169840,1301352,4580532,190401,958796,,
1789712553,4455874,169864,1301352,4580504,190401,958648,,
1789712555,4455876,169852,1301352,4580396,190402,958656,,
1789712558,4455877,169920,1301352,4580516,190407,958760,,
1789712560,4455878,169920,1301353,4580484,190409,958732,,
1789712562,4455880,169820,1301356,4580468,190552,961936,,
1789712565,4455881,169880,1301359,4580564,190526,958684,,
1789712567,4455883,169912,1301360,4580508,190527,958796,,
1789712569,4455885,169872,1301360,4580524,190528,958756,,
1789712572,4455886,169872,1301360,4580564,190528,958760,,
1789712574,4455887,169804,1301363,4580480,190528,958792,,
1789712576,4455889,169824,1301364,4580488,190529,958772,,
1789712578,4455890,169916,1301364,4580412,190529,958728,,
1789712581,4455891,169808,1301364,4580472,190530,958768,,
1789712583,4455893,169836,1301364,4580456,190530,958756,,
1789712585,4455894,169824,1301367,4580516,190530,958728,,
1789712588,4455895,169912,1301367,4580524,190530,958740,,
1789712590,4455897,169828,1301370,4580520,190531,958788,,
1789712592,4455899,169884,1301371,4580560,190531,958680,,
1789712595,4455900,169828,1301372,4580516,190531,958760,,
1789712597,4455901,169872,1301375,4580552,190532,958732,,
1789712599,4455910,169876,1301375,4580540,190533,958812,,
1789712601,4455959,169832,1301376,4580496,190533,958740,,
1789712604,4456009,169912,1301376,4580408,190533,958724,,
1789712606,4456062,169912,1301377,4580492,190534,958704,,
1789712608,4456117,169808,1301377,4580452,190535,958672,,
1789712611,4456162,169860,1301377,4580492,190535,958796,,
1789712613,4456164,169808,1301379,4580504,190536,958768,,
1789712616,4456166,169832,1301380,4580540,190536,958756,,
1789712618,4456169,169836,1301381,4580440,190537,958764,,
1789712621,4456170,169912,1301382,4580500,190538,958656,,
1789712623,4456173,169916,1301382,4580500,190539,958772,,
1789712626,4456175,169832,1301382,4580420,190539,958780,,
1789712628,4456177,169832,1301385,4580536,190540,958772,,
1789712631,4456180,169832,1301386,4580548,190540,958740,,
1789712633,4456182,169920,1301389,4580476,190541,958732,,
1789712636,4456184,169916,1301392,4592456,190542,967192,,
1789712638,4456186,169912,1301393,4580500,190542,958776,,
1789712640,4456187,169880,1301394,4580504,190543,958672,,
1789712643,4456190,169872,1301395,4580436,190543,958800,,
1789712645,4456192,169828,1301395,4580504,190546,958780,,
1789712648,4456194,169880,1301400,4580536,190544,958752,,
1789712650,4456196,169832,1301401,4580472,190546,958756,,
1789712653,4456199,169888,1301405,4580520,190546,958728,,
1789712655,4456200,169912,1301407,4580492,190547,958808,,
1789712657,4456203,169920,1301408,4580540,190547,958784,,
1789712660,4456204,169824,1301409,4580508,190547,958768,,
1789712662,4456205,169836,1301411,4580532,190548,958664,,
1789712665,4456208,169824,1301411,4580456,190549,958764,,
1789712667,4456209,169860,1301411,4580404,190549,958780,,
1789712669,4456210,169832,1301412,4580428,190549,958768,,
1789712671,4456211,169912,1301412,4580480,190550,958652,,
1789712674,4456213,169912,1301412,4580488,190550,958788,,
1789712676,4456214,169876,1301412,4580396,190550,958748,,
1789712678,4456216,169804,1301412,4580456,190550,958700,,
1789712681,4456215,169884,1301412,4580496,190551,958768,,
1789712683,4456218,169864,1301416,4580532,190551,958736,,
1789712685,4456219,169804,1301414,4580392,190552,958724,,
1789712688,4456220,169828,1301414,4580508,190552,958764,,
1789712690,4456222,169836,1301416,4580500,190552,958648,,
1789712692,4456226,169828,1301419,4580512,190552,958764,,
1789712694,4456225,169840,1301421,4580504,190553,958760,,
1789712697,4456226,169872,1301421,4580400,190553,958732,,
1789712699,4456228,169840,1301423,4580492,190553,958704,,
1789712701,4456229,169908,1301423,4580512,190554,958788,,
1789712704,4456233,169920,1301424,4580508,190555,958656,,
1789712706,4456232,169828,1301425,4580556,190555,958792,,
1789712708,4456233,169824,1301429,4580496,190556,958784,,
1789712711,4456235,169828,1301429,4580428,190556,958680,,
1789712713,4456236,169912,1301431,4580412,190556,958760,,
1789712715,4456237,169876,1301432,4580528,190556,958780,,
1789712717,4456239,169840,1301432,4580400,190557,958720,,
1789712720,4456240,169832,1301432,4580492,190557,958724,,
1789712722,4456241,169884,1301435,4580536,190557,958792,,
1789712724,4456243,169920,1301436,4580400,190558,958764,,
1789712727,4456244,169908,1301436,4580552,190558,958740,,
1789712729,4456246,169920,1301438,4580512,190558,958796,,
1789712731,4456247,169828,1301439,4580508,190559,958744,,
1789712734,4456249,169864,1301441,4580508,190559,958788,,
1789712736,4456250,169916,1301441,4580536,190562,958732,,
1789712738,4456251,169804,1301442,4580532,190561,958712,,
1789712741,4456252,169828,1301443,4580492,190562,958664,,
1789712743,4456254,169872,1301445,4580536,190561,958772,,
1789712745,4456256,169876,1301446,4580536,190562,958680,,
1789712748,4456256,169860,1301447,4580496,190562,958696,,
1789712750,4456258,169860,1301450,4580508,190562,958632,,
1789712752,4456260,169804,1301451,4580488,190562,958792,,
1789712754,4456261,169876,1301451,4580504,190563,958752,,
1789712757,4456262,169860,1301451,4580496,190563,958712,,
1789712759,4456264,169864,1301451,4580476,190563,958728,,
1789712761,4456265,169836,1301451,4580536,190563,958796,,
1789712763,4456266,169920,1301451,4580508,190564,958764,,
1789712766,4456268,169884,1301453,4580524,190565,958768,,
1789712768,4456269,169836,1301458,4580508,190565,958728,,
1789712770,4456271,169924,1301458,4580552,190565,958676,,
1789712773,4456272,169860,1301459,4580536,190566,958620,,
1789712775,4456274,169880,1301460,4580484,190566,958704,,
1789712777,4456276,169912,1301460,4580384,190566,958688,,
1789712780,4456276,169808,1301461,4580516,190567,958792,,
1789712782,4456278,169908,1301461,4580504,190567,958636,,
1789712784,4456279,169916,1301462,4580492,190567,958728,,
1789712787,4456281,169912,1301462,4580400,190568,958756,,
1789712789,4456282,169832,1301462,4580408,190569,958732,,
1789712791,4456283,169860,1301465,4580404,190569,958760,,
1789712793,4456285,169876,1301466,4580544,190569,958756,,
1789712796,4456287,169876,1301466,4580428,190569,958612,,
1789712798,4456288,169828,1301466,4580516,190569,958764,,
1789712800,4456289,169904,1301467,4580504,190571,958716,,
1789712802,4456291,169864,1301468,4580476,190571,958632,,
1789712805,4456292,169916,1301469,4580508,190571,958748,,
1789712807,4456293,169872,1301469,4580404,190572,958644,,
1789712809,4456295,169828,1301470,4580452,190572,958752,,
1789712812,4456296,169876,1301472,4580488,190572,958776,,
1789712814,4456298,169916,1301474,4580520,190573,958756,,
1789712816,4456299,169920,1301474,4580480,190573,958728,,
1789712819,4456300,169876,1301476,4580512,190573,958736,,
1789712821,4456302,169800,1301479,4580456,190574,958796,,
1789712823,4456303,169804,1301480,4580468,190574,958764,,
1789712825,4456304,169840,1301481,4580476,190574,958752,,
1789712828,4456305,169828,1301484,4580500,190574,958752,,
1789712830,4456307,169920,1301486,4580508,190576,958680,,
1789712832,4456308,169916,1301487,4580416,190576,958752,,
1789712834,4456310,169908,1301487,4580488,190576,958772,,
1789712837,4456312,169864,1301487,4580488,190576,958764,,
1789712839,4456313,169884,1301488,4580560,190576,958740,,
1789712841,4456314,169904,1301489,4580536,190577,958776,,
1789712844,4456316,169828,1301489,4580500,190578,958740,,
1789712846,4456317,169824,1301490,4580476,190578,958736,,
1789712848,4456319,169840,1301491,4580508,190578,958760,,
1789712850,4456320,169884,1301492,4580496,190579,958748,,
1789712853,4456322,169872,1301494,4580452,190579,958756,,
1789712855,4456323,169872,1301495,4580540,190579,958756,,
1789712857,4456325,169880,1301496,4580524,190580,958772,,
1789712860,4456325,169876,1301497,4580420,190580,958704,,
1789712862,4456327,169836,1301498,4580540,190580,958688,,
1789712864,4456327,169836,1301500,4580524,190582,958772,,
1789712867,4456329,169808,1301501,4580500,190582,958740,,
1789712869,4456331,169876,1301502,4580472,190582,958760,,
1789712871,4456333,169808,1301503,4580464,190582,958772,,
1789712873,4456335,169840,1301503,4580508,190582,958792,,
1789712876,4456335,169876,1301504,4580492,190583,958744,,
1789712878,4456336,169804,1301506,4580496,190583,958640,,
1789712880,4456338,169832,1301507,4580504,190583,958704,,
1789712882,4456339,169916,1301506,4580480,190584,958792,,
1789712885,4456341,169916,1301506,4580532,190584,958748,,
1789712887,4456343,169884,1301508,4580520,190584,958760,,
1789712889,4456344,169916,1301509,4580436,190585,958668,,
1789712892,4456345,169836,1301510,4580440,190585,958756,,
1789712894,4456346,169876,1301510,4580508,190586,958792,,
1789712896,4456348,169828,1301513,4580472,190587,958784,,
1789712898,4456350,169860,1301515,4580512,190587,958728,,
1789712901,4456351,169828,1301519,4580540,190587,958732,,
1789712903,4456352,169880,1301520,4580396,190587,958776,,
1789712905,4456354,169864,1301520,4580412,190587,958756,,
1789712908,4456354,169828,1301520,4580492,190588,958768,,
1789712910,4456356,169836,1301520,4580508,190588,958748,,
1789712912,4456358,169888,1301521,4580556,190589,958736,,
1789712915,4456360,169832,1301522,4580504,190589,958748,,
1789712917,4456361,169924,1301524,4580400,190589,958772,,
1789712919,4456368,169912,1301525,4580460,190590,958776,,
1789712922,4456380,169876,1301525,4580528,190590,958756,,
1789712924,4456390,169864,1301527,4580380,190591,958768,,
1789712926,4456402,169836,1301528,4580508,190592,958732,,
1789712928,4456414,169880,1301528,4580388,190592,958696,,
1789712931,4456426,169908,1301528,4580392,190592,958736,,
1789712933,4456436,169860,1301530,4580528,190592,958796,,
1789712935,4456447,169828,1301530,4580460,190593,958784,,
1789712938,4456459,169820,1301531,4580488,190593,958772,,
1789712940,4456468,169828,1301534,4580488,190593,958748,,
1789712942,4456477,169884,1301535,4580536,190594,958768,,
1789712944,4456487,169908,1301536,4580528,190594,958780,,
1789712947,4456498,169836,1301538,4580436,190595,958656,,
1789712949,4456508,169836,1301540,4580516,190596,958788,,
1789712951,4456518,169920,1301541,4580508,190596,958752,,
1789712954,4456529,169828,1301542,4580488,190596,958736,,
1789712956,4456539,169876,1301542,4580420,190596,958744,,
1789712958,4456550,169872,1301542,4580508,190597,958760,,
1789712960,4456560,169828,1301544,4580508,190597,958716,,
1789712963,4456570,169832,1301545,4580456,190598,958804,,
1789712965,4456581,169800,1301546,4580392,190599,958748,,
1789712967,4456592,169804,1301547,4580504,190599,958664,,
1789712970,4456603,169868,1301547,4580424,190599,958760,,
1789712972,4456613,169832,1301548,4580488,190600,958768,,
1789712974,4456624,169880,1301549,4580424,190600,958788,,
1789712976,4456634,169920,1301549,4580456,190600,958792,,
1789712979,4456644,169912,1301552,4580552,190601,958752,,
1789712981,4456654,169880,1301552,4580508,190601,958776,,
1789712983,4456663,169872,1301552,4580532,190602,958684,,
1789712986,4456673,169832,1301552,4580512,190602,958632,,
1789712988,4456683,169912,1301553,4580528,190603,958756,,
1789712990,4456693,169824,1301554,4580480,190604,958740,,
1789712993,4456703,169824,1301555,4580412,190604,958736,,
1789712995,4456712,169876,1301556,4580532,190604,958728,,
1789712997,4456722,169924,1301558,4580504,190605,958748,,
1789712999,4456732,169872,1301559,4580504,190605,958768,,
1789713002,4456742,169860,1301561,4580476,190605,958784,,
1789713004,4456752,169872,1301562,4580504,190606,958748,,
1789713006,4456762,169864,1301562,4580520,190606,958744,,
1789713009,4456770,169864,1301564,4580552,190607,958676,,
1789713011,4456772,169860,1301565,4580464,190608,958752,,
1789713013,4456774,169840,1301565,4580512,190608,958776,,
1789713015,4456775,169876,1301566,4580528,190608,958748,,
1789713018,4456776,169832,1301567,4580552,190609,958756,,
1789713020,4456777,169840,1301570,4580512,190609,958796,,
1789713022,4456779,169828,1301572,4580552,190609,958740,,
1789713024,4456779,169868,1301572,4580496,190609,958796,,
1789713027,4456781,169864,1301572,4580516,190610,958780,,
1789713029,4456783,169876,1301574,4580532,190610,958644,,
1789713031,4456783,169912,1301575,4580480,190610,958780,,
1789713034,4456784,169864,1301576,4580480,190611,958792,,
1789713036,4456786,169912,1301577,4580516,190612,958768,,
1789713038,4456787,169876,1301577,4580392,190612,958668,,
1789713040,4456790,169868,1301577,4580488,190612,958648,,
1789713043,4456790,169864,1301579,4580496,190613,958744,,
1789713045,4456792,169828,1301580,4580516,190615,958736,,
1789713047,4456793,169876,1301580,4580524,190613,958732,,
1789713049,4456795,169876,1301583,4580496,190614,958728,,
1789713052,4456796,169876,1301583,4580392,190614,958716,,
1789713054,4456798,169832,1301586,4580532,190614,958708,,
1789713056,4456799,169836,1301586,4580496,190615,958716,,
1789713059,4456800,169840,1301587,4580520,190615,958732,,
1789713061,4456801,169924,1301588,4580392,190616,958768,,
1789713063,4456803,169860,1301589,4580392,190616,958760,,
1789713065,4456805,169840,1301595,4580504,190616,958764,,
1789713068,4456806,169920,1301593,4580504,190617,958656,,
1789713070,4456807,169868,1301596,4580504,190617,958788,,
1789713072,4456809,169888,1301596,4580528,190617,958708,,
1789713075,4456810,169872,1301598,4580484,190618,958744,,
1789713077,4456812,169828,1301599,4580528,190618,958728,,
1789713079,4456813,169840,1301600,4580508,190619,958728,,
1789713081,4456814,169884,1301601,4580488,190619,958648,,
1789713084,4456815,169824,1301601,4580504,190620,958772,,
1789713086,4456817,169884,1301601,4580512,190620,958740,,
1789713088,4456819,169804,1301601,4580428,190621,958760,,
1789713091,4456820,169872,1301602,4580520,190621,958692,,
1789713093,4456822,169904,1301604,4580524,190621,958716,,
1789713095,4456823,169908,1301605,4580500,190621,958700,,
1789713098,4456824,169868,1301605,4580564,190622,958644,,
1789713100,4456826,169840,1301610,4580548,190622,958752,,
1789713102,4456827,169876,1301611,4580556,190622,958748,,
1789713104,4456828,169864,1301611,4580504,190623,958684,,
1789713107,4456829,169832,1301612,4580416,190623,958776,,
1789713109,4456831,169828,1301612,4580472,190623,958748,,
1789713111,4456833,169824,1301612,4580484,190623,958780,,
1789713114,4456834,169872,1301612,4580508,190625,958740,,
1789713116,4456836,169872,1301614,4580520,190625,958660,,
1789713118,4456836,169804,1301615,4580424,190626,958700,,
1789713121,4456838,169884,1301615,4580544,190626,958704,,
1789713123,4456840,169836,1301617,4580540,190626,958752,,
1789713125,4456841,169864,1301618,4580536,190627,958696,,
1789713128,4456842,169860,1301619,4580444,190627,958748,,
1789713130,4456844,169840,1301621,4580540,190627,958752,,
1789713132,4456846,169864,1301623,4580476,190627,958756,,
1789713134,4456846,169864,1301624,4580520,190628,958724,,
1789713137,4456848,169920,1301625,4580492,190628,958668,,
1789713139,4456850,169888,1301626,4580432,190628,958764,,
1789713141,4456850,169912,1301627,4580452,190629,958780,,
1789713144,4456854,169880,1301627,4580460,190629,958700,,
1789713146,4456853,169856,1301627,4580472,190629,958780,,
1789713148,4456855,169924,1301627,4580500,190629,958644,,
1789713151,4456856,169908,1301629,4580400,190631,958664,,
1789713153,4456857,169876,1301629,4580532,190631,958764,,
1789713155,4456859,169872,1301629,4580476,190631,958740,,
1789713158,4456860,169836,1301629,4580488,190632,958776,,
1789713160,4456862,169864,1301632,4580544,190632,958788,,
1789713162,4456863,169832,1301632,4580532,190632,958756,,
1789713165,4456864,169860,1301633,4580412,190633,958728,,
1789713167,4456867,169824,1301634,4580508,190633,958788,,
1789713169,4456867,169880,1301636,4580424,190633,958764,,
1789713172,4456869,169868,1301634,4580516,190633,958764,,
1789713174,4456871,169868,1301635,4580464,190634,958752,,
1789713176,4456872,169916,1301636,4580408,190635,958768,,
1789713179,4456873,169864,1301638,4580496,190635,958744,,
1789713181,4456875,169904,1301640,4580512,190635,958732,,
1789713183,4456876,169868,1301641,4580548,190636,958784,,
1789713186,4456878,169920,1301643,4580540,190636,958724,,
1789713188,4456879,169836,1301647,4580532,190636,958656,,
1789713190,4456880,169920,1301649,4580440,190636,958744,,
1789713192,4456882,169824,1301651,4580464,190637,958812,,
1789713195,4456883,169908,1301651,4580440,190638,958756,,
1789713197,4456885,169912,1301653,4580500,190638,958776,,
1789713199,4456886,169860,1301653,4580512,190638,958748,,
1789713202,4456887,169912,1301653,4580548,190639,958732,,
1789713204,4456888,169872,1301654,4580508,190639,958736,,
1789713206,4456890,169836,1301654,4580452,190639,958784,,
1789713208,4456891,169916,1301655,4580480,190639,958776,,
1789713211,4456892,169804,1301657,4580444,190639,958664,,
1789713213,4456894,169860,1301658,4580520,190641,958736,,
1789713215,4456896,169832,1301661,4580476,190641,958660,,
1789713217,4456897,169828,1301661,4580508,190641,958740,,
1789713220,4456898,169880,1301661,4580524,190641,958756,,
1789713222,4456899,169836,1301661,4580400,190642,958740,,
1789713224,4456901,169824,1301662,4580504,190642,958704,,
1789713226,4456903,169872,1301664,4580380,190642,958720,,
1789713229,4456904,169804,1301663,4580464,190643,958744,,
1789713231,4456905,169864,1301663,4580504,190643,958752,,
1789713233,4456907,169836,1301666,4580500,190644,958712,,
1789713236,4456909,169880,1301665,4580560,190644,958744,,
1789713238,4456909,169836,1301666,4580400,190644,958640,,
1789713240,4456911,169868,1301666,4580512,190645,958776,,
1789713242,4456914,169872,1301668,4580484,190645,958700,,
1789713245,4456914,169888,1301667,4580512,190645,958748,,
1789713247,4456915,169908,1301670,4580420,190646,958640,,
1789713249,4456917,169916,1301673,4580472,190647,958736,,
1789713251,4456919,169912,1301674,4580536,190647,958780,,
1789713254,4456921,169916,1301675,4580508,190648,958792,,
1789713256,4456922,169824,1301676,4580484,190648,958660,,
1789713258,4456923,169836,1301678,4580492,190650,958784,,
1789713261,4456925,169868,1301679,4580556,190648,958760,,
1789713263,4456927,169828,1301684,4580532,190651,958652,,
1789713265,4456929,169876,1301685,4580512,190651,958784,,
1789713267,4456930,169832,1301686,4580496,190650,958772,,
1789713270,4456931,169804,1301687,4580532,190651,958748,,
1789713272,4456932,169836,1301689,4580504,190651,958768,,
1789713274,4456934,169820,1301691,4580552,190652,958780,,
1789713276,4456935,169920,1301691,4580496,190651,958744,,
1789713279,4456937,169828,1301692,4580396,190651,958740,,
1789713281,4456938,169916,1301693,4580500,190653,958800,,
1789713283,4456940,169836,1301694,4580508,190653,958804,,
1789713286,4456942,169912,1301695,4580508,190653,958632,,
1789713288,4456943,169836,1301694,4580512,190654,958764,,
1789713290,4456945,169872,1301696,4580456,190654,958700,,
1789713292,4456946,169872,1301695,4580424,190654,958748,,
1789713295,4456947,169820,1301696,4580488,190655,958736,,
1789713297,4456949,169832,1301697,4580488,190657,958668,,
1789713299,4456950,169864,1301697,4580524,190655,958760,,
1789713301,4456951,169924,1301701,4580516,190655,958808,,
1789713304,4456953,169916,1301701,4580536,190655,958784,,
1789713306,4456954,169856,1301703,4580436,190656,958776,,
1789713308,4456956,169880,1301706,4580428,190657,958728,,
1789713310,4456957,169832,1301706,4580536,190657,958788,,
1789713313,4456959,169820,1301707,4580488,190658,958648,,
1789713315,4456960,169836,1301708,4580488,190657,958680,,
1789713317,4456963,169880,1301708,4580544,190658,958792,,
1789713320,4456963,169912,1301709,4580552,190659,958768,,
1789713322,4456965,169912,1301711,4580448,190659,958640,,
1789713324,4456967,169832,1301711,4580520,190660,958800,,
1789713327,4456968,169904,1301712,4580512,190661,958772,,
1789713329,4456970,169836,1301715,4580504,190660,958756,,
1789713331,4456971,169832,1301716,4580444,190660,958788,,
1789713333,4456972,169912,1301718,4580536,190661,958652,,
1789713336,4456973,169912,1301720,4580448,190661,958724,,
1789713338,4456975,169828,1301721,4580516,190661,958776,,
1789713340,4456976,169800,1301721,4580408,190662,958752,,
1789713342,4456978,169916,1301722,4580556,190662,958748,,
1789713345,4456979,169860,1301722,4580500,190662,958756,,
1789713347,4456984,169916,1301723,4580536,190662,958740,,
1789713349,4456983,169880,1301723,4580508,190664,958768,,
1789713351,4456984,169880,1301723,4580524,190664,958704,,
1789713354,4456986,169908,1301724,4580416,190665,958752,,
1789713356,4456988,169864,1301724,4580524,190664,958804,,
1789713358,4456990,169824,1301724,4580500,190665,958716,,
1789713361,4457008,169860,1301726,4580572,190665,958788,,
1789713363,4457024,169860,1301726,4580460,190665,958768,,
1789713365,4457040,169836,1301727,4580496,190666,958704,,
1789713367,4457047,169872,1301727,4580540,190667,958804,,
1789713370,4457049,169872,1301732,4580384,190667,958768,,
1789713372,4457051,169876,1301733,4580540,190668,958776,,
1789713374,4457052,169836,1301733,4580528,190668,958796,,
1789713377,4457053,169876,1301734,4580536,190668,958780,,
1789713379,4457055,169864,1301736,4580480,190670,958636,,
1789713381,4457057,169804,1301738,4580508,190669,958672,,
1789713384,4457059,169800,1301741,4580504,190669,958776,,
1789713386,4457060,169884,1301741,4580516,190670,958740,,
1789713388,4457062,169916,1301743,4580504,190670,958776,,
1789713391,4457064,169804,1301743,4580528,190671,958736,,
1789713393,4457066,169832,1301745,4580528,190672,958788,,
1789713395,4457067,169832,1301746,4580560,190672,958768,,
1789713397,4457069,169832,1301748,4580532,190673,958652,,
1789713400,4457070,169908,1301750,4580540,190674,958640,,
1789713402,4457072,169880,1301752,4580528,190675,958724,,
1789713404,4457073,169880,1301752,4580516,190674,958708,,
1789713407,4457075,169820,1301751,4580492,190674,958772,,
1789713409,4457077,169884,1301752,4580396,190675,958780,,
1789713411,4457079,169924,1301753,4580548,190675,958748,,
1789713414,4457080,169888,1301754,4580540,190675,958752,,
1789713416,4457081,169908,1301759,4580528,190676,958752,,
1789713418,4457083,169804,1301759,4580512,190676,958748,,
1789713420,4457085,169912,1301760,4580516,190677,958804,,
1789713423,4457087,169800,1301762,4580508,190678,958756,,
1789713425,4457089,169836,1301765,4580476,190679,958772,,
1789713427,4457089,169924,1301764,4580556,190678,958788,,
1789713429,4457091,169832,1301766,4580580,190679,958708,,
1789713432,4457094,169916,1301768,4580588,190679,958656,,
1789713434,4457095,169920,1301767,4580564,190679,958760,,
1789713436,4457096,169920,1301770,4580540,190680,958736,,
1789713439,4457098,169836,1301771,4580484,190680,958756,,
1789713441,4457099,169808,1301773,4580596,190681,958752,,
1789713443,4457101,169920,1301773,4580560,190681,958784,,
1789713445,4457103,169920,1301774,4580444,190682,958764,,
1789713448,4457104,169868,1301773,4580548,190683,958640,,
1789713450,4457106,169920,1301774,4580568,190682,958668,,
1789713452,4457109,169908,1301779,4580604,190684,958716,,
1789713455,4457111,169904,1301779,4580640,190684,958748,,
1789713457,4457113,169920,1301780,4580592,190684,958776,,
1789713459,4457114,169880,1301780,4580588,190684,958632,,
1789713462,4457118,169884,1301783,4580496,190685,958772,,
1789713464,4457119,169880,1301784,4580620,190685,958664,,
1789713466,4457121,169832,1301784,4580640,190687,958736,,
1789713468,4457122,169864,1301784,4580560,190686,958652,,
1789713471,4457125,169832,1301786,4580652,190687,958648,,
1789713473,4457128,169836,1301787,4580600,190687,958656,,
1789713475,4457128,169912,1301788,4580612,190688,958720,,
1789713478,4457130,169804,1301788,4580624,190687,958716,,
1789713480,4457133,169912,1301788,4580540,190688,958800,,
1789713482,4457134,169916,1301789,4580600,190688,958744,,
1789713485,4457135,169912,1301791,4580560,190690,958796,,
1789713487,4457137,169916,1301793,4580620,190689,958772,,
1789713489,4457139,169800,1301798,4580612,190689,958776,,
1789713491,4457141,169824,1301801,4580616,190689,958732,,
1789713494,4457142,169924,1301801,4580608,190690,958724,,
1789713496,4457144,169864,1301802,4580604,190690,958684,,
1789713498,4457145,169840,1301804,4580648,190691,958804,,
1789713500,4457147,169920,1301803,4580636,190692,958792,,
1789713503,4457149,169876,1301805,4580508,190692,958676,,
1789713505,4457151,169876,1301806,4580648,190693,958752,,
1789713507,4457153,169808,1301807,4580592,190692,958804,,
1789713510,4457154,169884,1301807,4580628,190693,958780,,
1789713512,4457157,169864,1301807,4580588,190694,958768,,
1789713514,4457158,169880,1301808,4580600,190695,958748,,
1789713516,4457160,169832,1301811,4580512,190695,958772,,
1789713519,4457162,169808,1301811,4580524,190695,958804,,
1789713521,4457163,169836,1301814,4580596,190697,958700,,
1789713523,4457164,169832,1301814,4580612,190696,958668,,
1789713525,4457165,169912,1301816,4580588,190697,958716,,
1789713528,4457168,169864,1301818,4580612,190697,958780,,
1789713530,4457169,169916,1301820,4580640,190698,958756,,
1789713533,4457171,169824,1301822,4580612,190699,958744,,
1789713535,4457172,169916,1301821,4580624,190699,958736,,
1789713537,4457174,169872,1301821,4580608,190700,958756,,
1789713539,4457175,169880,1301822,4580580,190699,958768,,
1789713542,4457176,169876,1301823,4580640,190699,958720,,
1789713544,4457178,169872,1301824,4580592,190702,958652,,
1789713546,4457180,169888,1301826,4580604,190701,958768,,
1789713549,4457181,169808,1301831,4580584,190701,963992,,
1789713551,4457185,169920,1301830,4580540,190702,958732,,
1789713553,4457185,169836,1301831,4580620,190702,958788,,
1789713555,4457187,169828,1301833,4580572,190703,958712,,
1789713558,4457188,169872,1301834,4580584,190703,958744,,
1789713560,4457190,169836,1301838,4580480,190704,958764,,
1789713562,4457191,169824,1301838,4580616,190704,958752,,
1789713565,4457193,169920,1301837,4580660,190704,958744,,
1789713567,4457196,169840,1301840,4580488,190704,958732,,
1789713569,4457196,169920,1301839,4580612,190705,958640,,
1789713572,4457198,169924,1301839,4580620,190705,958784,,
1789713574,4457200,169836,1301841,4580572,190706,958756,,
1789713576,4457201,169868,1301845,4580624,190706,958764,,
1789713579,4457202,169872,1301846,4580604,190706,958808,,
1789713581,4457205,169912,1301848,4580564,190707,958672,,
1789713583,4457206,169916,1301849,4580596,190707,958728,,
1789713585,4457208,169872,1301848,4580616,190707,958772,,
1789713588,4457209,169920,1301848,4580632,190707,958760,,
1789713590,4457212,169804,1301850,4580540,190709,958780,,
1789713592,4457213,169916,1301850,4580620,190709,958684,,
1789713594,4457214,169828,1301851,4580624,190710,958744,,
1789713597,4457216,169860,1301852,4580492,190709,958776,,
1789713599,4457218,169912,1301853,4591928,190709,958748,,
1789713601,4457220,169920,1301855,4580612,190710,958688,,
1789713604,4457222,169876,1301857,4580520,190712,958760,,
1789713606,4457224,169824,1301857,4580640,190711,958728,,
1789713608,4457226,169916,1301862,4580580,190712,958656,,
1789713610,4457228,169860,1301863,4580568,190712,958688,,
1789713613,4457230,169836,1301863,4580604,190712,958708,,
1789713615,4457231,169888,1301865,4580636,190712,958760,,
1789713617,4457233,169832,1301865,4580584,190714,958680,,
1789713620,4457235,169836,1301866,4580636,190715,958760,,
1789713622,4457236,169880,1301871,4580648,190714,958756,,
1789713624,4457238,169860,1301870,4580572,190715,958780,,
1789713626,4457240,169832,1301870,4580600,190715,958744,,
1789713629,4457241,169824,1301871,4580584,190715,958628,,
1789713631,4457243,169832,1301873,4580544,190716,958748,,
1789713633,4457245,169920,1301873,4580572,190716,958684,,
1789713636,4457245,169836,1301875,4580652,190716,958692,,
1789713638,4457247,169916,1301875,4580492,190716,958776,,
1789713640,4457249,169884,1301876,4580512,190717,958748,,
1789713642,4457251,169912,1301876,4580596,190717,958752,,
1789713645,4457252,169880,1301878,4580552,190718,958700,,
1789713647,4457254,169864,1301882,4580652,190720,958732,,
1789713649,4457256,169824,1301882,4580616,190719,958776,,
1789713652,4457257,169864,1301882,4580632,190719,958724,,
1789713654,4457259,169808,1301884,4580612,190720,958776,,
1789713656,4457261,169800,1301885,4580488,190720,958772,,
1789713658,4457264,169860,1301885,4580484,190720,958740,,
1789713661,4457263,169828,1301885,4580528,190722,958660,,
1789713663,4457265,169876,1301886,4580592,190722,958788,,
1789713665,4457267,169920,1301886,4580588,190723,958808,,
1789713668,4457270,169828,1301887,4580612,190723,958776,,
1789713670,4457271,169836,1301890,4580504,190723,958756,,
1789713672,4457273,169912,1301891,4580572,190723,958684,,
1789713675,4457276,169908,1301891,4580608,190724,970572,,
1789713677,4457276,169836,1301892,4580616,190724,958760,,
1789713679,4457277,169920,1301895,4580548,190726,958792,,
1789713681,4457279,169860,1301896,4580592,190725,958716,,
1789713684,4457281,169868,1301898,4580632,190726,958664,,
1789713686,4457282,169868,1301900,4580652,190727,958648,,
1789713688,4457285,169840,1301903,4580592,190726,958632,,
1789713691,4457285,169836,1301903,4580480,190727,958752,,
1789713693,4457288,169836,1301904,4580624,190728,958708,,
1789713695,4457289,169920,1301904,4580572,190727,958760,,
1789713698,4457291,169856,1301904,4580608,190727,958756,,
1789713700,4457292,169884,1301907,4580604,190729,958800,,
1789713702,4457294,169876,1301909,4580516,190729,958628,,
1789713704,4457296,169832,1301911,4580628,190729,958740,,
1789713707,4457297,169864,1301913,4580604,190730,958756,,
1789713709,4457300,169920,1301915,4580632,190730,958756,,
1789713711,4457302,169828,1301917,4580628,190732,958764,,
1789713714,4457303,169836,1301917,4580612,190731,958728,,
1789713716,4457305,169908,1301918,4580628,190732,958728,,
1789713718,4457307,169836,1301919,4580648,190732,958748,,
1789713720,4457308,169864,1301920,4580560,190733,958652,,
1789713723,4457310,169876,1301920,4580612,190733,958736,,
1789713725,4457311,169920,1301921,4580608,190733,958792,,
1789713727,4457314,169832,1301921,4580484,190733,958716,,
1789713730,4457315,169836,1301925,4580668,190734,958752,,
1789713732,4457318,169916,1301927,4580640,190735,958772,,
1789713734,4457318,169884,1301927,4580648,190736,958736,,
1789713737,4457321,169860,1301927,4580560,190736,958800,,
1789713739,4457322,169912,1301928,4580620,190737,958680,,
1789713741,4457323,169828,1301927,4580636,190737,958688,,
1789713743,4457325,169840,1301929,4580604,190737,958720,,
1789713746,4457327,169916,1301930,4580604,190738,958740,,
1789713748,4457329,169828,1301932,4580464,190738,958796,,
1789713750,4457331,169884,1301936,4580628,190738,958668,,
1789713753,4457332,169908,1301935,4580620,190739,958768,,
1789713755,4457334,169920,1301935,4580504,190740,958720,,
1789713757,4457337,169832,1301935,4580644,190740,958744,,
1789713759,4457337,169808,1301936,4580620,190741,958780,,
1789713762,4457339,169916,1301935,4580528,190741,958792,,
1789713764,4457341,169912,1301938,4580624,190743,958736,,
1789713766,4457343,169836,1301938,4580584,190741,958744,,
1789713769,4457344,169872,1301940,4580584,190742,958744,,
1789713771,4457346,169872,1301941,4580588,190743,958736,,
1789713773,4457348,169876,1301944,4580592,190781,1080436,24,30176
1789713775,4457667,169828,1302306,4590872,190812,1051520,483,326756
1789713778,4458611,169836,1303273,4590916,190881,997984,947,345164
1789713780,4459610,169860,1304253,4591048,190949,963696,1367,322772
1789713783,4460583,169828,1305221,4590876,191019,964204,1780,350164
1789713785,4461526,169876,1306156,4590916,191084,964960,2179,352840
1789713787,4462458,169864,1307098,4591052,191155,965540,2619,354888
1789713790,4463470,169820,1308111,4590912,191227,963488,3047,330836
1789713792,4464442,169832,1309047,4590996,191297,964124,3482,358588
1789713794,4465430,169856,1310062,4590952,191369,964920,3940,362416
1789713797,4466479,169868,1311130,4590956,191441,965448,4433,356456
1789713799,4467532,169880,1312194,4590960,191517,966364,4894,340508
1789713802,4468498,169864,1313159,4591016,191585,967000,5343,369124
1789713804,4469570,169800,1314306,4591028,191662,967820,5854,367500
1789713806,4470523,169836,1315197,4591004,191723,968460,6256,345144
1789713809,4471443,169872,1316105,4591000,191788,969024,6670,371876
1789713811,4472394,169912,1317063,4590996,191855,969852,7100,371424
1789713813,4473362,169908,1318023,4591028,191930,970616,7540,379316
1789713816,4474322,169904,1318971,4591068,192000,972620,7971,352092
1789713818,4475245,169864,1319876,4591088,192068,972064,8379,381904
1789713820,4476176,169832,1320814,4591128,192133,972776,8801,377540
1789713823,4477241,169908,1321946,4591076,192214,973480,9323,386412
1789713825,4478259,169912,1322972,4728464,192279,974220,9744,360460
1789713827,4479186,169824,1323930,4732040,192345,974996,10174,387428
1789713830,4480125,169920,1324860,4732700,192412,975620,10596,386988
1789713832,4481053,169840,1325785,4759496,192475,976356,11006,360640
1789713835,4482010,169828,1326818,4737164,192545,977096,11426,363024
1789713837,4482972,169876,1327771,4738808,192616,977748,11859,403828
1789713839,4483961,169920,1328767,4738808,192686,978524,12296,404652
1789713842,4484924,169824,1329727,4738820,192759,979260,12749,377088
1789713844,4485974,169864,1330795,4738812,192832,980024,13213,380452
1789713846,4486950,169864,1331586,4592264,192903,980708,13648,409116
1789713849,4487974,169824,1332603,4592464,192976,981388,14107,411260
1789713851,4488957,169832,1333571,4592312,193050,982208,14563,396764
1789713854,4490032,169840,1334663,4592268,193127,982896,15032,428460
1789713856,4491059,169836,1335686,4592420,193202,983672,15493,430988
1789713858,4492038,169804,1336631,4592328,193268,984216,15924,430328
1789713861,4492992,169808,1337607,4592312,193336,985044,16379,403608
1789713863,4493989,169916,1338565,4592460,193403,985728,16796,432836
1789713865,4494937,169880,1339517,4592340,193474,986404,17237,432452
1789713868,4496063,169828,1340664,4592272,193548,987144,17749,434376
1789713870,4497136,169916,1341726,4592268,193623,987888,18225,428412
1789713873,4498219,169920,1342812,4592392,193700,988564,18690,456660
1789713875,4499258,169860,1343882,4592372,193777,989240,19175,456792
1789713877,4500259,169872,1344855,4592376,193846,989900,19603,454308
1789713880,4501300,169876,1345937,4592424,193919,990700,20083,429180
1789713882,4502337,169864,1346980,4592384,193990,991428,20531,456432
1789713884,4503328,169840,1347996,4624800,194058,992120,20982,454828
1789713887,4504364,169832,1349066,4727396,194132,992760,21474,434040
1789713889,4505362,169828,1350028,4592088,194201,993556,21893,429232
1789713892,4506360,169804,1351061,4592320,194274,994316,22359,456244
1789713894,4507390,169880,1352127,4592380,194352,995000,22839,483648
1789713896,4508895,235340,1353362,4592512,194436,995792,23363,469816
1789713899,4510159,235328,1354381,4592596,194513,996532,23800,442980
1789713901,4511419,300760,1355362,4592572,194579,997292,24243,469836
1789713903,4512734,300820,1356419,4592500,194652,998032,24685,469208
1789713906,4514039,235340,1357484,4592604,194729,998752,25155,470732
1789713908,4515368,235324,1358552,4592516,194805,999392,25616,442984
1789713911,4516609,235292,1359532,4592664,194876,1000164,26024,443048
1789713913,4517912,235308,1360584,4592748,194951,1000880,26474,468632
1789713915,4519272,300808,1361689,4592744,195029,1001580,26965,469136
1789713918,4520602,235352,1362766,4592704,195106,1002444,27434,469056
1789713920,4521974,235304,1363852,4592696,195183,1003140,27886,443252
1789713923,4523254,235384,1364888,4592772,195260,1003888,28362,443144
1789713925,4524582,184656,1365997,4592684,195338,1004588,28809,492728
1789713927,4525857,235376,1366982,4592708,195413,1005264,29234,491140
1789713930,4527187,235292,1368112,4592704,195492,1005968,29727,493912
1789713932,4528552,184432,1369169,4592720,195565,1006812,30173,467276
1789713935,4529798,235388,1370175,4592788,195642,1007592,30612,467220
1789713937,4531036,235340,1371173,4592700,195712,1008360,31030,493264
1789713939,4532287,235340,1372154,4592744,195786,1008972,31460,492920
1789713942,4533539,235304,1373147,4592656,195859,1009820,31900,493348
1789713944,4534843,235384,1374209,4623840,195938,1010564,32351,467188
1789713947,4536235,235380,1375380,4728568,196017,1011264,32825,495204
1789713949,4537499,235388,1376420,4733072,196094,1011928,33272,496760
1789713951,4538814,235376,1377464,4593016,196172,1012844,33750,495164
1789713954,4540221,235328,1378620,4593028,196253,1013440,34236,492052
1789713956,4541547,235300,1379682,4593012,196325,1014264,34664,468204
1789713959,4542883,235292,1380815,4593024,196408,1015024,35151,468280
1789713961,4544381,235272,1382085,4592944,196492,1015792,35692,522020
1789713963,4545645,235388,1383110,4593012,196572,1016564,36169,519724
1789713966,4547008,235388,1384237,4593024,196649,1017300,36648,518632
1789713968,4548326,235304,1385305,4593016,196727,1018032,37071,496112
1789713971,4549551,235296,1386301,4593036,196798,1018796,37518,496152
1789713973,4550854,203404,1387350,4593060,196877,1019468,37978,522376
1789713975,4552088,232420,1388344,4593016,196950,1020320,38412,519148
1789713978,4553378,235296,1389404,4593108,197027,1021096,38873,496124
1789713980,4554630,235292,1390423,4592952,197106,1021828,39320,492276
1789713983,4555926,218932,1391471,4593124,197182,1022584,39782,492312
1789713985,4557196,169916,1392519,4593056,197259,1023268,40228,520236
1789713987,4558447,169824,1393522,4593044,197334,1024128,40669,520296
1789713990,4559716,235384,1394550,4593020,197409,1024892,41108,518200
1789713992,4561094,235340,1395726,4592996,197494,1025660,41610,492288
1789713995,4562450,235272,1396822,4593092,197571,1026328,42092,519316
1789713997,4563805,235332,1397941,4592896,197655,1027100,42568,520120
1789713999,4565228,235388,1399132,4592984,197739,1027956,43069,519988
1789714002,4566601,235352,1400299,4593056,197821,1028608,43554,516792
1789714004,4567878,235276,1401301,4624356,197893,1029448,43979,492272
1789714007,4569225,235336,1402473,4729104,197980,1030140,44489,520108
1789714009,4570716,235296,1403719,4736460,198064,1031032,44976,559172
1789714011,4571952,235296,1404678,4593024,198136,1031744,45418,563592
1789714014,4573241,235332,1405726,4592968,198214,1032492,45848,602788
1789714016,4574584,235276,1406819,4593116,198295,1033328,46321,538116
1789714019,4575866,235292,1407867,4593216,198375,1034004,46780,564368
1789714021,4577110,235332,1408857,4593164,198447,1034916,47202,563804
1789714023,4578367,235272,1409877,4593132,198521,1035528,47640,566360
1789714026,4579695,280520,1410972,4593248,198598,1036276,48093,538380
1789714028,4581000,235348,1411991,4593152,198673,1037116,48530,538356
1789714030,4582236,235324,1412991,4593136,198747,1037824,48957,566228
1789714033,4583630,235388,1414126,4593208,198826,1038600,49444,565808
1789714035,4584876,235300,1415131,4593244,198901,1039304,49893,565008
1789714038,4586146,235292,1416169,4593148,198975,1039876,50339,538420
1789714040,4587673,283604,1417457,4593192,199066,1040792,50874,538680
1789714042,4589022,235272,1418551,4593168,199144,1041568,51330,564572
1789714045,4590254,235352,1419527,4593228,199216,1042296,51776,567356
1789714047,4591502,235376,1420530,4593124,199290,1042964,52192,566176
1789714050,4592806,235300,1421634,4593260,199371,1043824,52679,538628
1789714052,4594067,235392,1422628,4593112,199445,1044516,53132,538536
1789714054,4595406,235340,1423718,4593172,199523,1045300,53578,567264
1789714057,4596772,235328,1424842,4593288,199604,1045976,54076,564772
1789714059,4598201,235348,1426052,4593084,199687,1046804,54571,544544
1789714062,4599499,225504,1427048,4593196,199762,1047576,54999,538608
1789714064,4600712,235268,1428014,4617400,199830,1048136,55395,566392
1789714066,4601817,273404,1428903,4632528,199899,1049124,55889,624668
1789714069,4603151,235296,1429984,4735312,199978,1049780,56378,713744
1789714071,4604452,235308,1431127,4770716,200052,1050524,56830,720524
1789714074,4605751,181484,1432211,4741460,200128,1051240,57247,723448
1789714076,4607122,235388,1433360,4741476,200206,1051960,57757,754048
1789714078,4608437,235352,1434470,4743296,200281,1052596,58211,755508
1789714081,4609854,235292,1435674,4741484,200365,1053400,58728,756276
1789714083,4611237,213384,1436830,4741512,200447,1054244,59237,754164
1789714086,4612702,235308,1438083,4742156,200527,1054924,59728,732428
1789714088,4614038,235328,1438998,4593408,200608,1055628,60199,758940
1789714090,4615458,235356,1440163,4593424,200689,1056444,60688,759508
1789714093,4616758,235348,1441222,4593424,200764,1057220,61162,759936
1789714095,4618081,300848,1442311,4593596,200844,1058080,61644,799452
1789714098,4619537,300756,1443496,4593412,200925,1058844,62087,734692
1789714100,4620759,235304,1444443,4593420,200995,1059560,62518,734692
1789714103,4622022,235348,1445476,4593476,201071,1060284,62996,761948
1789714105,4623297,235384,1446537,4593268,201145,1061040,63481,761368
1789714108,4624587,235372,1447564,4593364,201223,1061796,63917,760192
1789714110,4625858,235388,1448585,4593268,201297,1062420,64367,734880
1789714112,4627146,235328,1449672,4593288,201378,1063288,64865,734788
1789714115,4628495,235296,1450794,4593320,201463,1064032,65370,768564
1789714117,4629924,235296,1452105,4593264,201562,1065068,65939,767356
1789714120,4631479,231080,1453352,4593340,201651,1065824,66478,768872
1789714123,4632890,209592,1454561,4593376,201741,1066764,66947,770980
1789714126,4634338,235348,1455837,4626180,201829,1067484,67462,773500
1789714129,4635676,196608,1456992,4737464,201916,1080044,67975,771448
1789714131,4637090,235352,1458274,4772684,201999,1069184,68479,745136
1789714134,4638480,244272,1459529,4742072,202086,1070076,68964,745020
1789714136,4639862,235304,1460575,4594180,202174,1070688,69470,745124
1789714139,4641285,235340,1461868,4594100,202271,1071772,70046,829164
1789714142,4642946,235384,1463260,4594112,202375,1072636,70657,828360
1789714145,4644470,235292,1464512,4594104,202467,1073628,71171,855124
1789714148,4645960,235300,1465760,4594264,202555,1074428,71683,856016
1789714151,4647272,213636,1466914,4594132,202643,1075308,72207,855292
1789714153,4648700,235296,1468130,4594252,202730,1076128,72692,854960
1789714156,4650112,235352,1469318,4594168,202821,1076848,73204,856740
1789714159,4651500,235384,1470520,4594060,202912,1077716,73748,848624
1789714162,4653018,235376,1471767,4594208,202997,1078512,74261,848820
1789714164,4654385,235292,1472956,4594244,203084,1079424,74716,829512
1789714167,4655756,235296,1474136,4594312,203172,1080160,75249,829496
1789714170,4657113,245804,1475296,4594224,203259,1081108,75755,857652
1789714172,4658531,235292,1476533,4594212,203352,1081944,76313,856648
1789714175,4660060,235372,1477819,4594192,203446,1082712,76810,857632
1789714178,4661489,235352,1478978,4594180,203528,1083636,77312,856760
1789714181,4662890,213920,1480172,4594092,203616,1084488,77819,855148
1789714183,4664232,235344,1481314,4594180,203700,1085252,78330,852012
1789714186,4665669,235300,1482578,4627744,203790,1085924,78843,856204
1789714189,4667136,235296,1483842,4738652,203874,1086824,79336,829760
1789714191,4668503,235340,1485087,4776060,203964,1087716,79863,829724
1789714194,4669931,235380,1486249,4594516,204054,1088552,80358,857204
1789714197,4671302,235348,1487401,4594556,204140,1089176,80869,855496
1789714199,4672675,201808,1488573,4594588,204226,1090076,81376,864128
1789714202,4674076,235328,1489852,4594528,204322,1090984,81925,842144
1789714205,4675552,235296,1491097,4594740,204416,1091916,82484,860708
1789714208,4677082,235388,1492325,4594512,204504,1092624,82953,861200
1789714210,4678422,235332,1493529,4594632,204591,1093528,83483,838144
1789714213,4679850,235328,1494719,4594608,204678,1094348,84003,832148
1789714216,4681214,235380,1495920,4594476,204767,1095200,84478,832128
1789714218,4682641,235352,1497170,4594596,204860,1096036,85026,859384
1789714221,4684114,235332,1498393,4594564,204952,1096868,85565,859876
1789714224,4685561,235300,1499623,4594704,205045,1097848,86096,866608
1789714226,4687005,178780,1500836,4594540,205129,1098640,86614,866364
1789714229,4688327,235272,1501978,4594620,205211,1099360,87090,866200
1789714232,4689763,235300,1503188,4594700,205296,1100072,87587,901760
1789714234,4691168,200192,1504444,4594712,205393,1101116,88152,877972
1789714237,4692566,235300,1505572,4594580,205473,1101872,88595,882352
1789714240,4693950,235384,1506793,4594560,205564,1102660,89135,875640
1789714243,4695468,235296,1508098,4594660,205661,1103600,89700,901052
1789714245,4696945,222880,1509410,4628232,205770,1104624,90336,876004
1789714249,4698718,235288,1510946,4739224,205867,1105560,90902,913180
1789714252,4700193,235808,1512302,4774260,205960,1106312,91407,903488
1789714254,4701637,235296,1513454,4594616,206058,1107212,91985,903216
1789714257,4703131,235296,1514731,4594720,206152,1108104,92503,902328
1789714260,4704464,235340,1515873,4594784,206238,1109044,93006,903020
1789714263,4705933,235292,1517138,4594648,206331,1109764,93549,875968
1789714265,4707344,235328,1518342,4594696,206420,1110628,94074,902056
1789714268,4708770,235328,1519580,4594764,206510,1111472,94560,875956
1789714271,4710197,235272,1520815,4594664,206605,1112256,95129,876048
1789714274,4711664,234032,1522059,4594764,206693,1113164,95616,875892
1789714276,4713073,235272,1523303,4594792,206784,1114012,96135,902888
1789714279,4714487,228476,1524511,4594712,206877,1114852,96715,902740
1789714282,4715988,235384,1525897,4594720,206985,1115792,97332,904600
1789714285,4717680,235384,1527248,4594636,207084,1116792,97875,902688
1789714288,4719216,235268,1528615,4594820,207182,1117640,98441,903304
1789714291,4720763,235272,1529981,4606712,207284,1118572,99041,903224
1789714294,4722303,235380,1531314,4594744,207385,1119560,99579,904316
1789714297,4723834,235296,1532615,4594716,207483,1120416,100135,905036
1789714299,4725288,235308,1533882,4594788,207576,1121216,100665,905568
1789714302,4726711,211596,1535059,4594656,207666,1122100,101220,900516
1789714305,4728150,235332,1536308,4628168,207760,1123020,101730,915056
1789714308,4729646,227192,1537616,4738928,207857,1123932,102264,887608
1789714310,4731021,235272,1538809,4738864,207945,1124812,102804,888392
1789714313,4732458,235392,1540167,4744276,208037,1125560,103309,888528
1789714316,4733867,235300,1541460,4744560,208128,1126496,103840,915364
1789714319,4735255,235288,1542642,4744476,208219,1127324,104382,915696
1789714321,4736744,235376,1543948,4744660,208308,1128108,104878,915312
1789714324,4738058,199648,1545126,4744476,208396,1128836,105402,915744
1789714327,4739474,176164,1546148,4595104,208493,1129808,105979,916688
1789714330,4741055,235328,1547450,4595120,208581,1130732,106484,917308
1789714332,4742478,235268,1548693,4595040,208677,1131560,107055,929544
1789714335,4744005,223496,1550014,4595100,208775,1132412,107578,903964
1789714338,4745455,173336,1551241,4595056,208866,1133164,108109,903940
1789714341,4746868,235304,1552470,4595128,208958,1134004,108685,905240
1789714343,4748378,235304,1553791,4594956,209047,1134872,109220,974732
1789714346,4749922,235340,1555121,4595052,209147,1135840,109785,991224
1789714349,4751390,235296,1556435,4595160,209245,1136644,110352,991160
1789714352,4752957,235340,1557695,4595144,209343,1137628,110908,991620
1789714355,4754532,235296,1559114,4595072,209451,1138612,111511,994964
1789714358,4756034,177748,1560431,4595156,209542,1139356,112063,995696
1789714361,4757513,261668,1561648,4595164,209630,1140280,112569,994928
1789714364,4758849,235376,1562778,4595076,209715,1141056,113033,995348
1789714366,4760125,235352,1563887,4630272,209795,1141796,113518,968272
1789714369,4761421,206632,1565041,4737452,209883,1142552,114003,968208
1789714371,4762781,235300,1566278,4755884,209975,1143356,114549,968892
1789714374,4764181,235348,1567424,4595152,210063,1144236,115038,996168
1789714376,4765556,235336,1568593,4595104,210152,1156872,115599,998068
1789714379,4766994,235372,1569872,4595140,210247,1145944,116133,996104
1789714382,4768513,235308,1571154,4595272,210337,1146916,116655,997192
1789714385,4769968,235332,1572418,4595208,210431,1147768,117202,998116
1789714388,4771436,235348,1573678,4595176,210526,1148644,117745,996576
1789714391,4772876,204184,1574888,4595144,210617,1149508,118287,993472
1789714393,4774349,235348,1576140,4595160,210707,1150368,118800,970544
1789714396,4775689,235304,1577341,4595136,210799,1151240,119329,970604
1789714399,4777154,235380,1578570,4595176,210889,1152012,119869,970500
1789714402,4778608,235308,1579769,4595168,210979,1152860,120367,970564
1789714404,4779957,235376,1580955,4595196,211066,1153640,120904,997448
1789714407,4781447,189660,1582285,4595172,211170,1154628,121481,996704
1789714410,4782967,235380,1583536,4595192,211265,1155484,122036,996528
1789714413,4784391,235380,1584748,4595056,211354,1156416,122561,996920
1789714415,4785798,235356,1586009,4595156,211448,1157200,123101,996924
1789714418,4787334,208664,1587298,4595104,211544,1158188,123641,997016
1789714421,4788738,235340,1588488,4595228,211637,1158984,124208,996756
1789714424,4790229,235300,1589752,4615272,211728,1159900,124745,980648
1789714427,4791817,235328,1591158,4692036,211833,1160856,125359,979004
1789714430,4793345,235276,1592571,4740996,211932,1161800,125948,997272
1789714433,4794909,235300,1593886,4595124,212034,1162672,126493,971140
1789714435,4796319,235272,1595110,4595304,212122,1163392,127021,972336
1789714438,4797770,235344,1596344,4595160,212217,1164288,127537,972344
1789714441,4799242,235344,1597609,4595340,212307,1165180,128107,998736
1789714444,4800634,235352,1598840,4595332,212397,1166068,128606,998604
1789714446,4802064,235272,1600036,4595196,212485,1166884,129165,1000160
1789714449,4803484,235324,1601268,4595168,212574,1167652,129662,999040
1789714452,4805006,187828,1602584,4595304,212673,1168644,130220,999936
1789714455,4806387,235292,1603690,4595172,212753,1169388,130708,980364
1789714457,4807819,235376,1604933,4595272,212845,1170212,131276,972388
1789714460,4809348,235304,1606230,4595288,212941,1171044,131802,972440
1789714463,4810790,235304,1607462,4595264,213035,1171960,132358,972352
1789714466,4812182,230840,1608625,4595212,213116,1172616,132815,972424
1789714468,4813513,235332,1609744,4595352,213199,1173432,133293,999576
1789714471,4814834,235272,1610813,4595252,213277,1174168,133785,1000200
1789714473,4816148,262008,1611934,4595276,213363,1174964,134281,999020
1789714476,4817473,230624,1613065,4595340,213448,1175740,134770,999856
1789714478,4818882,235372,1614315,4595228,213548,1176628,135356,972936
1789714481,4820320,235296,1615522,4595300,213632,1177396,135830,972900
1789714484,4821631,235336,1616646,4595280,213716,1178204,136337,972788
1789714487,4823020,215500,1617984,4675880,213812,1179048,136905,1076924
1789714489,4824512,235348,1619300,4687160,213905,1179964,137457,1078600
1789714492,4826038,214940,1620485,4595228,214007,1180752,138038,1077600
1789714495,4827508,235272,1621753,4595416,214103,1181668,138598,1078876
1789714498,4829039,235300,1623037,4595372,214196,1182692,139097,1078952
1789714501,4830457,235388,1624250,4595208,214285,1183484,139635,1078528
1789714503,4831861,170876,1625483,4595316,214376,1184280,140180,1051168
1789714506,4833287,234812,1626694,4595292,214465,1185028,140675,1077892
1789714509,4834751,235300,1627923,4595308,214555,1185948,141196,1051240
1789714511,4836100,235296,1629108,4595292,214644,1186736,141725,1051200
1789714514,4837446,235324,1630319,4595328,214735,1187564,142250,1077560
1789714517,4838991,235340,1631687,4595360,214834,1188424,142838,1077356
1789714520,4840506,235380,1632969,4595332,214929,1189296,143395,1079776
1789714523,4842024,235276,1634236,4595372,215028,1190296,143977,1078364
1789714526,4843572,235376,1635510,4595368,215119,1191084,144531,1079024
1789714529,4845033,235332,1636757,4595408,215212,1191900,145086,1078668
1789714531,4846535,235376,1638055,4595348,215306,1192808,145582,1078156
1789714534,4847864,235304,1639151,4595376,215385,1193432,146084,1051792
1789714537,4849283,235296,1640400,4595316,215478,1194384,146643,1077656
1789714540,4850732,235376,1641658,4595388,215566,1195180,147126,1051892
1789714542,4852098,235380,1642818,4595484,215656,1196060,147672,1051824
1789714545,4853523,235352,1644069,4626136,215745,1196868,148221,1051856
1789714548,4855077,235296,1645404,4670924,215844,1197724,148757,1078240
1789714550,4856451,210736,1646618,4737184,215933,1198588,149299,1080484
1789714553,4857849,235352,1647827,4741048,216013,1199308,149788,1079904
1789714555,4859175,235348,1649080,4775332,216104,1200116,150315,1080568
1789714558,4860643,212936,1650427,4745504,216202,1201032,150912,1076192
1789714561,4862235,235348,1651787,4745600,216295,1201804,151454,1079400
1789714564,4863701,172816,1653063,4745612,216383,1202600,151946,1052144
1789714567,4865154,235348,1654368,4745556,216480,1203476,152569,1052096
1789714570,4866658,235304,1655431,4595892,216570,1204264,153099,1052032
1789714572,4868184,235332,1656719,4595944,216668,1205140,153655,1052112
1789714575,4869619,235388,1657930,4596004,216755,1205940,154175,1079948
1789714578,4870999,235380,1659112,4595972,216844,1206740,154686,1078012
1789714581,4872480,235380,1660450,4595912,216950,1207716,155306,1079492
1789714584,4874065,235304,1661761,4595824,217043,1208520,155858,1077428
1789714587,4875548,235332,1662994,4595740,217136,1209416,156419,1078852
1789714589,4876988,235372,1664226,4595908,217226,1210272,156933,1079708
1789714592,4878502,203964,1665556,4595888,217322,1211068,157507,1080256
1789714595,4879933,235344,1666795,4595876,217414,1211952,158041,1078588
1789714598,4881378,235304,1668032,4595860,217505,1212648,158602,1068228
1789714601,4882874,235376,1669342,4595872,217603,1213652,159176,1080160
1789714604,4884353,213120,1670578,4595860,217693,1214444,159683,1052076
1789714606,4885828,235296,1671851,4595936,217788,1215316,160261,1052064
1789714609,4887307,235352,1673116,4595832,217882,1216104,160804,1052088
1789714612,4888740,235340,1674357,4595880,217974,1216976,161334,1077864
1789714615,4890312,235348,1675720,4595812,218071,1217728,161947,1079976
1789714618,4891787,235304,1676965,4595840,218166,1218640,162483,1078080
1789714620,4893236,235348,1678180,4595828,218260,1219500,163073,1078016
1789714623,4894746,235376,1679463,4595852,218348,1220356,163592,1078804
1789714626,4896142,235272,1680678,4595800,218438,1221140,164095,1078908
1789714629,4897488,235276,1681812,4595888,218525,1221804,164642,1078680
1789714631,4898940,235356,1683061,4595824,218617,1222704,165145,1052224
1789714634,4900296,235380,1684233,4595952,218702,1223592,165669,1052344
1789714637,4901687,235324,1685432,4595892,218792,1224272,166210,1052356
1789714639,4903129,235352,1686681,4595876,218883,1225092,166751,1079380
1789714642,4904579,235340,1687964,4595936,218977,1226012,167309,1079920
1789714645,4906039,235304,1689228,4595936,219076,1226892,167903,1080408
1789714648,4907565,235352,1690488,4595980,219163,1227592,168414,1079224
1789714651,4909039,235344,1691782,4595820,219259,1228572,169016,1078396
1789714653,4910556,235384,1693115,4595876,219357,1229504,169589,1079936
1789714656,4912164,235304,1694479,4596040,219455,1230360,170193,1079532
1789714659,4913715,235272,1695769,4595924,219554,1231168,170767,1079932
1789714662,4915206,225132,1697067,4595976,219646,1231900,171321,1079368
1789714665,4916648,235328,1698336,4625692,219749,1232924,171943,1167712
1789714668,4918272,235340,1699755,4631584,219844,1233808,172500,1176404
1789714671,4919721,235388,1700995,4740060,219932,1234592,173011,1154136
1789714674,4921094,235344,1702225,4740084,220024,1235408,173564,1154992
1789714676,4922535,234032,1703532,4775732,220119,1236144,174154,1166580
1789714679,4924020,235336,1704708,4596216,220208,1236992,174671,1172340
1789714682,4925466,235292,1705966,4596148,220304,1237972,175192,1201700
1789714685,4926811,199400,1707141,4596328,220389,1238688,175757,1209032
1789714688,4928337,235348,1708489,4596328,220487,1239600,176337,1208788
1789714691,4929818,235380,1709727,4596468,220587,1240488,176936,1211648
1789714693,4931368,235384,1711044,4596436,220676,1241172,177440,1211648
1789714696,4932795,235272,1712269,4596408,220769,1242076,177968,1209732
1789714699,4934226,235304,1713540,4596392,220862,1242968,178549,1210796
1789714702,4935722,235328,1714781,4596396,220956,1243840,179107,1192364
1789714705,4937205,235300,1716130,4596308,221057,1244576,179725,1207964
1789714708,4938778,235336,1717422,4596476,221148,1245384,180247,1210932
1789714710,4940230,235388,1718668,4596280,221243,1246244,180833,1209776
1789714713,4941738,235352,1719960,4596388,221333,1247048,181336,1183656
1789714716,4943101,235288,1721195,4596480,221428,1247880,181912,1183680
1789714719,4944641,235344,1722501,4596264,221524,1248776,182503,1183900
1789714722,4946177,235380,1723795,4596364,221612,1249576,183026,1210824
1789714724,4947617,235352,1725057,4596264,221705,1250388,183550,1212192
1789714727,4949052,235304,1726300,4596388,221798,1251196,184118,1211364
1789714730,4950502,235388,1727584,4596320,221894,1252052,184684,1211520
1789714733,4952014,296284,1728895,4596340,221991,1252884,185277,1211460
1789714736,4953582,235348,1730280,4596340,222099,1253732,185863,1211772
1789714739,4955070,235352,1731521,4596292,222194,1254656,186451,1211336
1789714742,4956634,235272,1732911,4596368,222298,1255512,187066,1206696
1789714745,4958219,235340,1734325,4596400,222405,1256584,187697,1211852
1789714748,4959900,235304,1735753,4596292,222508,1257412,188282,1210860
1789714751,4961451,235384,1737092,4596468,222603,1258200,188900,1211476
1789714754,4963045,235332,1738479,4596376,222705,1259244,189472,1211100
1789714757,4964588,235340,1739731,4596372,222802,1260104,190051,1184360
1789714760,4966088,235308,1741049,4596300,222895,1260872,190586,1208460
1789714763,4967679,235344,1742436,4596504,223005,1261836,191272,1205060
1789714766,4969310,254352,1743904,4596436,223112,1262752,191921,1212012
1789714769,4970967,235380,1745369,4596388,223216,1263800,192496,1212500
1789714772,4972558,235296,1746703,4596360,223316,1264572,193129,1207596
1789714775,4974107,235348,1748012,4596324,223419,1265616,193727,1184396
1789714778,4975730,235304,1749382,4596356,223511,1266404,194279,1209468
1789714781,4977210,235388,1750699,4596392,223606,1267076,194840,1210172
1789714784,4978672,235296,1751953,4622320,223701,1268024,195400,1184380
1789714787,4980172,235296,1753353,4630700,223809,1268992,196029,1184560
1789714790,4981742,235348,1754683,4686180,223906,1269852,196569,1184604
1789714792,4983232,235272,1756043,4740060,224003,1270708,197175,1184612
1789714795,4984851,235372,1757494,4743244,224115,1271632,197810,1184636
1789714799,4986413,235328,1758922,4746032,224209,1272488,198395,1184668
1789714801,4987879,211620,1760261,4746060,224304,1273296,198942,1210168
1789714804,4989449,235304,1761394,4596908,224401,1274232,199528,1211180
1789714807,4990900,235384,1762770,4597140,224505,1275116,200162,1210552
1789714810,4992567,235348,1764130,4597028,224603,1275892,200780,1211740
1789714813,4994108,235308,1765475,4597064,224706,1276904,201359,1212340
1789714816,4995687,235300,1766816,4596940,224807,1277772,201956,1212604
1789714819,4997214,235304,1768100,4597120,224901,1278644,202536,1211340
1789714822,4998785,235344,1769387,4597056,224998,1279368,203143,1211800
1789714825,5000323,235352,1770767,4597000,225101,1280212,203734,1212032
1789714829,5001916,230984,1772115,4597016,225202,1281212,204337,1211768
1789714831,5003471,235300,1773469,4596956,225295,1282000,204914,1215244
1789714834,5004971,191032,1774780,4597016,225393,1282916,205488,1213120
1789714837,5006546,235332,1776135,4597116,225497,1283776,206120,1216088
1789714840,5008245,235328,1777606,4596984,225609,1284772,206802,1216064
1789714844,5009840,209208,1778996,4596904,225710,1285676,207343,1213624
1789714846,5011394,228140,1780407,4651256,225807,1286424,207931,1213696
1789714849,5012800,235340,1781661,4651104,225905,1287408,208497,1215752
1789714852,5014351,235308,1782972,4651232,225999,1288244,209061,1209056
1789714855,5015910,186508,1784355,4651240,226103,1289152,209707,1216128
1789714858,5017399,197624,1785640,4652024,226193,1289996,210263,1216356
1789714861,5018940,235272,1787048,4675932,226289,1290652,210847,1212888
1789714864,5020512,216348,1788254,4596976,226389,1291656,211449,1216152
1789714867,5022128,242768,1789749,4596964,226500,1292616,212116,1216112
1789714870,5023776,235340,1791080,4596876,226603,1293480,212760,1216988
1789714874,5025440,235292,1792528,4596972,226709,1294520,213345,1207216
1789714877,5027019,222184,1793941,4596888,226815,1295344,214016,1216884
1789714880,5028631,235296,1795265,4596896,226911,1296264,214610,1213664
1789714883,5030187,235388,1796673,4597024,227019,1297180,215240,1206452
1789714886,5031815,235340,1798037,4596948,227117,1298048,215780,1250748
1789714889,5033361,235288,1799426,4596852,227219,1299008,216455,1323448
1789714892,5034913,235308,1800745,4596944,227314,1299776,217030,1324020
1789714895,5036522,235332,1802090,4597008,227414,1300596,217642,1298004
1789714898,5038006,235336,1803421,4596940,227517,1301512,218198,1325652
1789714901,5039507,235384,1804707,4596980,227610,1302312,218769,1302004
1789714903,5040995,235296,1806058,4596996,227717,1303284,219403,1334692
1789714907,5042722,211968,1807502,4626060,227821,1304192,220035,1335408
1789714910,5044192,235336,1808834,4683740,227919,1305072,220584,1336492
1789714912,5045632,235384,1810079,4741588,228010,1305872,221169,1330848
1789714915,5047249,235300,1811518,4741500,228118,1306724,221769,1331088
1789714918,5048785,235348,1812826,4597184,228218,1307508,222407,1340564
1789714921,5050371,235388,1814188,4597208,228318,1308452,222980,1344036
1789714924,5051985,235348,1815578,4597368,228425,1309424,223639,1344252
1789714928,5053475,235308,1816848,4597472,228517,1310260,224192,1344220
1789714930,5055043,235352,1818259,4597660,228621,1311104,224843,1344532
1789714934,5056702,235344,1819681,4597668,228722,1312008,225401,1344768
1789714936,5058319,235328,1821072,4597500,228824,1312812,226059,1346244
1789714940,5059880,235328,1822418,4597504,228930,1313640,226634,1373980
1789714942,5061358,200508,1823685,4597684,229026,1314592,227240,1374204
1789714945,5062857,235384,1824973,4597568,229119,1315308,227806,1372656
1789714948,5064336,235304,1826270,4597692,229216,1316284,228414,1374776
1789714951,5065901,214212,1827550,4597588,229312,1317072,229011,1374100
1789714954,5067485,235292,1828936,4597540,229414,1318040,229653,1373628
1789714957,5069033,235304,1830300,4597616,229513,1318960,230219,1374712
1789714961,5070520,235384,1831520,4597476,229606,1319680,230818,1375108
1789714963,5072012,235384,1832851,4597548,229704,1320556,231390,1374300
1789714966,5073613,198956,1834217,4597620,229804,1321380,232030,1374204
1789714969,5075187,235304,1835592,4597568,229907,1322228,232612,1373228
1789714972,5076767,235304,1836902,4597564,230004,1323152,233201,1375348
1789714975,5078238,235336,1838194,4597660,230106,1324012,233808,1373668
1789714978,5079868,235272,1839667,4597640,230222,1325040,234468,1376052
1789714981,5081390,235388,1840990,4597600,230321,1325816,235080,1376996
1789714984,5083069,235336,1842392,4597676,230428,1326872,235717,1375984
1789714987,5084595,235376,1843689,4597552,230522,1327676,236280,1376040
1789714990,5086047,235352,1844915,4597500,230615,1328420,236817,1349276
1789714993,5087489,196480,1846232,4597556,230717,1329332,237439,1349188
1789714996,5089010,235272,1847564,4597496,230814,1330140,238012,1349784
1789714998,5090547,235296,1848839,4597564,230915,1330964,238622,1349784
1789715001,5092063,235332,1850152,4597592,231011,1331780,239230,1349764
1789715004,5093655,235344,1851522,4597640,231114,1332620,239853,1349764
1789715007,5095191,235380,1852815,4597516,231205,1333372,240409,1378180
1789715010,5096641,235296,1854110,4597572,231306,1334228,240977,1376436
1789715013,5098147,235376,1855456,4597480,231404,1335000,241612,1377076
1789715016,5099716,235292,1856777,4597536,231500,1335796,242215,1376752
1789715019,5101252,235376,1858068,4597564,231602,1336724,242856,1375924
1789715022,5102818,235328,1859389,4597596,231700,1337484,243432,1379940
1789715025,5104351,198340,1860739,4627356,231797,1338204,244025,1378996
1789715028,5105878,235272,1862047,4627616,231895,1339172,244580,1379456
1789715030,5107244,235384,1863361,4706808,231992,1340012,245206,1379516
1789715033,5108868,235304,1864760,4744004,232092,1340832,245774,1377912
1789715036,5110347,235300,1866054,4745580,232188,1341636,246345,1356216
1789715039,5111863,235332,1867520,4752508,232281,1342432,246956,1379220
1789715042,5113336,235340,1868585,4597960,232380,1343296,247533,1351824
1789715045,5114895,235324,1869975,4597928,232480,1344096,248178,1351792
1789715048,5116559,235296,1871373,4598076,232580,1344972,248739,1351840
1789715050,5118038,235344,1872631,4597976,232679,1345784,249387,1351732
1789715053,5119597,235272,1874013,4598172,232784,1346660,250012,1351860
1789715056,5121119,235300,1875301,4598068,232872,1347224,250564,1351732
1789715059,5122648,235328,1876627,4598016,232966,1348128,251150,1378156
1789715062,5124091,235332,1878024,4598072,233073,1348996,251764,1379516
1789715065,5125675,227612,1879295,4598020,233166,1349708,252368,1379668
1789715068,5127198,201480,1880641,4598056,233266,1350548,252957,1378464
1789715071,5128826,202272,1881975,4597992,233367,1351344,253610,1379336
1789715074,5130439,231336,1883425,4598076,233478,1352452,254261,1379180
1789715077,5132102,235272,1884783,4598136,233578,1353292,254848,1377296
1789715080,5133528,235384,1885995,4598144,233668,1354036,255394,1378412
1789715083,5134975,235300,1887234,4598228,233759,1354848,256011,1378144
1789715086,5136523,235392,1888595,4648220,233859,1355724,256605,1377408
1789715089,5138047,235344,1889941,4653724,233955,1356528,257200,1379076
1789715092,5139541,235332,1891270,4653872,234050,1357216,257779,1378560
1789715095,5141033,225848,1892668,4653988,234155,1358220,258436,1379816
1789715098,5142665,235292,1893914,4598048,234255,1359024,259047,1379684
1789715101,5144215,235348,1895242,4597936,234357,1359868,259689,1379736
1789715104,5145781,235332,1896613,4598024,234459,1360572,260278,1379256
1789715107,5147395,235296,1898053,4597988,234565,1361456,260955,1377284
1789715110,5148996,235304,1899392,4598048,234661,1362260,261531,1378964
1789715113,5150585,235296,1900730,4598048,234758,1363108,262161,1351728
1789715116,5152129,235380,1902068,4597948,234856,1363920,262750,1365232
1789715119,5153657,235384,1903365,4598148,234955,1364716,263370,1378964
1789715122,5155155,235352,1904663,4598076,235055,1365700,263955,1377856
1789715124,5156758,235304,1906024,4598052,235156,1366480,264550,1351824
1789715127,5158155,235384,1907269,4598096,235247,1367180,265160,1351828
1789715130,5159621,203888,1908459,4598088,235337,1368000,265694,1351728
1789715133,5161065,235376,1909729,4598132,235429,1368852,266291,1379344
1789715136,5162514,235296,1910990,4598084,235523,1369540,266856,1377900
1789715139,5163964,235388,1912197,4598004,235616,1370228,267462,1379032
1789715141,5165495,200148,1913512,4598072,235709,1371060,268038,1379712
1789715144,5166968,229244,1914814,4626072,235803,1371860,268638,1378024
1789715147,5168465,255132,1916168,4627584,235898,1372668,269254,1379248
1789715150,5170071,235388,1917575,4703080,236004,1373592,269841,1379584
1789715153,5171625,235352,1918985,4743164,236106,1374328,270506,1377948
1789715156,5173296,169912,1920436,4745632,236215,1375372,271141,1380488
1789715159,5174857,235276,1921880,4748320,236310,1376156,271730,1378568
1789715162,5176398,235304,1923016,4598548,236405,1376908,272286,1377756
1789715165,5177836,235300,1924274,4598560,236497,1377556,272927,1567048
1789715168,5179346,235332,1925587,4598652,236594,1378512,273514,1559336
1789715171,5180856,235332,1926884,4598652,236689,1379188,274159,1534016
1789715174,5182447,235352,1928209,4598532,236790,1380104,274733,1534256
1789715177,5183894,213964,1929448,4598604,236882,1380792,275297,1534384
1789715180,5185321,186728,1930697,4598724,236974,1381592,275849,1536268
1789715182,5186778,235392,1931950,4598752,237068,1382376,276437,1532212
1789715185,5188324,235304,1933269,4598728,237167,1383212,277051,1532196
1789715188,5189840,235296,1934572,4598596,237266,1384076,277619,1532164
1789715191,5191353,235384,1935851,4598800,237361,1384808,278250,1558468
1789715194,5192840,235388,1937176,4598660,237462,1385668,278841,1559440
1789715197,5194332,235328,1938418,4598740,237559,1386484,279458,1559416
1789715200,5195874,235304,1939691,4598524,237654,1387248,280034,1557516
1789715202,5197422,235380,1941031,4598636,237755,1388044,280676,1559456
1789715205,5198909,235308,1942316,4598708,237850,1388828,281262,1558816
1789715208,5200378,235276,1943600,4598684,237943,1389700,281810,1560164
1789715211,5201770,235356,1944820,4598696,238037,1390476,282427,1553588
1789715214,5203306,235336,1946123,4598636,238136,1391320,282971,1538120
1789715217,5204871,235304,1947491,4598604,238242,1392140,283707,1553668
1789715220,5206546,235380,1948890,4598616,238345,1393052,284252,1555368
1789715223,5207995,235324,1950176,4598708,238444,1393804,284890,1558048
1789715226,5209505,238248,1951445,4598588,238538,1394684,285447,1532600
1789715228,5210912,235348,1952635,4598576,238626,1395308,285982,1532596
1789715231,5212312,235380,1953825,4598696,238716,1396200,286577,1532556
1789715234,5213789,235388,1955136,4598648,238808,1396904,287143,1560816
1789715237,5215268,235308,1956388,4598784,238903,1397664,287813,1532892
1789715240,5216860,235296,1957758,4598692,239007,1398492,288394,1561020
1789715243,5218367,235356,1959071,4598616,239105,1399276,289024,1560924
1789715246,5219860,235300,1960343,4598592,239204,1400100,289620,1557516
1789715249,5221481,235348,1961768,4598552,239307,1400780,290288,1560804
1789715252,5223117,235272,1963136,4598752,239410,1401660,290908,1560888
1789715255,5224635,252008,1964459,4598668,239512,1402564,291561,1559196
1789715258,5226192,235384,1965784,4598588,239607,1403320,292104,1561724
1789715260,5227649,235348,1967073,4598680,239705,1404092,292739,1560392
1789715263,5229245,231104,1968556,4598660,239818,1404832,293392,1560720
1789715267,5230911,223052,1969999,4629932,239918,1405568,294080,1558496
1789715270,5232544,216564,1971412,4676212,240024,1406488,294684,1559416
1789715273,5234137,235300,1972817,4742520,240130,1407444,295354,1559420
1789715276,5235739,235376,1974217,4746188,240228,1408236,295949,1559092
1789715279,5237331,235292,1975667,4779100,240328,1408956,296585,1558992
1789715282,5238824,235272,1976840,4598784,240432,1409848,297178,1560136
1789715285,5240390,196844,1978197,4598972,240530,1410556,297825,1559464
1789715288,5241919,235356,1979507,4598868,240627,1411372,298407,1560404
1789715291,5243411,235300,1980898,4598928,240732,1412296,299095,1561152
1789715294,5245120,235376,1982304,4598836,240834,1413028,299696,1560864
1789715297,5246688,235300,1983608,4598852,240929,1413624,300319,1559792
1789715300,5248162,203116,1984916,4599004,241034,1414552,300949,1559236
1789715303,5249826,235332,1986341,4598976,241140,1415332,301637,1533172
1789715306,5251446,235304,1987668,4598944,241233,1416100,302214,1549732
1789715309,5252982,235348,1989025,4598964,241337,1416908,302883,1533136
1789715312,5254557,235376,1990355,4598776,241432,1417676,303444,1533040
1789715314,5255965,235340,1991586,4598840,241523,1418468,304015,1533056
1789715317,5257389,235288,1992781,4599036,241611,1419180,304581,1533096
1789715320,5258835,235300,1994029,4599044,241704,1419780,305129,1532956
1789715323,5260399,235388,1995402,4599024,241810,1420588,305810,1559940
1789715326,5261922,235304,1996765,4647948,241910,1421484,306405,1560072
1789715329,5263524,235388,1998190,4654372,242016,1422364,307093,1560860
1789715332,5265106,235352,1999560,4654348,242117,1423228,307680,1558936
1789715335,5266630,235356,2000900,4654668,242217,1423964,308366,1560904
1789715338,5268243,235376,2002209,4598968,242320,1424700,308973,1559628
1789715341,5269797,235348,2003564,4598928,242418,1425388,309650,1570800
1789715344,5271377,235384,2004929,4598888,242517,1426220,310224,1558568
1789715347,5272901,235304,2006136,4599000,242611,1426928,310874,1559332
1789715350,5274428,235300,2007474,4598996,242711,1427648,311467,1559856
1789715352,5275984,235388,2008890,4598876,242813,1428428,312128,1559792
1789715356,5277590,235352,2010184,4598920,242907,1429116,312708,1559780
1789715358,5279014,235300,2011423,4598952,243002,1429832,313286,1561968
1789715361,5280485,235344,2012686,4598968,243097,1430524,313917,1557240
1789715364,5282028,235292,2013977,4598884,243191,1431236,314451,1558972
1789715367,5283436,222976,2015219,4598996,243283,1431924,315055,1533072
1789715369,5284961,235268,2016576,4598908,243385,1432512,315678,1533012
1789715372,5286495,218712,2017896,4599028,243479,1433332,316302,1533004
1789715375,5288010,235336,2019251,4599060,243586,1434028,316961,1532968
1789715379,5289675,235332,2020658,4598952,243685,1434800,317598,1533084
1789715381,5291178,235376,2021940,4598960,243786,1435612,318229,1533088
1789715384,5292803,235388,2023348,4627272,243893,1436444,318911,1532964
1789715388,5294404,235332,2024727,4627944,243985,1437032,319502,1532980
1789715391,5295862,169920,2025925,4685604,244079,1437968,320121,1564656
1789715393,5297569,211268,2027477,4743544,244189,1438820,320764,1591740
1789715396,5299084,274664,2028840,4743316,244285,1439508,321364,1596144
1789715399,5300528,235336,2030244,4748324,244385,1440332,322009,1595696
1789715402,5302083,235332,2031512,4748472,244473,1440956,322527,1595920
1789715405,5303548,235380,2032853,4757248,244567,1441648,323160,1598924
1789715407,5305010,235308,2033803,4599632,244656,1442420,323761,1598708
1789715410,5306503,235304,2035150,4599588,244758,1443080,324362,1570952
1789715413,5308005,235292,2036417,4599536,244854,1443940,325022,1578036
1789715416,5309548,220752,2037771,4599528,244950,1444584,325613,1604940
1789715419,5311056,235296,2039037,4599580,245044,1445244,326201,1581336
1789715421,5312408,235352,2040252,4599584,245135,1445936,326740,1581356
1789715424,5313819,244848,2041420,4599532,245221,1446556,327294,1606960
1789715427,5315186,235336,2042659,4599512,245318,1447292,327956,1608196
1789715430,5316708,235384,2043986,4599556,245420,1448080,328572,1607964
1789715433,5318311,235348,2045356,4599704,245519,1448908,329195,1609288
1789715435,5319787,235332,2046590,4599608,245615,1449592,329842,1607184
1789715439,5321387,235332,2048024,4599504,245721,1450376,330530,1610108
1789715442,5323027,235376,2049394,4599624,245825,1451104,331151,1607800
1789715445,5324589,235348,2050747,4599632,245921,1451872,331760,1608448
1789715448,5326080,235296,2052007,4599660,246015,1452536,332321,1609268
1789715450,5327499,235376,2053283,4611320,246109,1453228,332959,1607604
1789715453,5329080,235324,2054639,4599560,246208,1453932,333564,1608384
1789715456,5330497,235296,2055888,4599548,246307,1454636,334189,1606464
1789715459,5332042,235276,2057221,4599540,246412,1455336,334859,1607688
1789715462,5333663,235352,2058651,4599580,246518,1456100,335492,1581648
1789715465,5335177,235332,2059941,4599604,246614,1456772,336085,1581588
1789715467,5336647,235336,2061249,4599604,246711,1457592,336735,1583152
1789715470,5338225,235380,2062603,4599472,246811,1458252,337386,1583160
1789715473,5339793,235308,2063932,4599580,246908,1459088,338010,1583180
1789715476,5341410,235292,2065386,4599500,247023,1459936,338760,1583116
1789715479,5343063,235296,2066777,4599684,247122,1460572,339346,1583176
1789715482,5344517,235328,2068006,4599780,247215,1461216,339933,1583208
1789715485,5346061,235328,2069401,4599564,247316,1461860,340621,1583216
1789715488,5347668,235300,2070714,4599632,247416,1462552,341278,1583160
1789715491,5349323,218264,2072133,4599656,247520,1463260,341875,1583160
1789715494,5350777,235352,2073471,4599628,247616,1463968,342463,1610848
1789715497,5352313,235344,2074744,4599568,247712,1464628,343124,1608720
1789715500,5353731,235348,2075979,4599540,247808,1465384,343739,1609440
1789715503,5355330,235296,2077323,4599548,247902,1465968,344384,1608892
1789715506,5356804,249372,2078616,4628664,247998,1466656,344978,1609844
1789715509,5358432,235308,2080107,4632496,248112,1467416,345709,1610004
1789715512,5359958,235384,2081407,4705956,248205,1468048,346276,1609588
1789715514,5361418,235304,2082681,4743208,248299,1468804,346854,1869936
1789715517,5362736,235384,2083871,4747192,248384,1469472,347455,1860056
1789715520,5364209,235304,2085064,4600092,248480,1469984,348012,1831516
1789715522,5365656,235300,2086413,4600332,248579,1470672,348670,1832620
1789715525,5367210,178360,2087718,4600532,248680,1471372,349329,1833756
1789715528,5368757,235304,2089043,4600432,248777,1471996,349924,1831088
1789715531,5370253,235328,2090418,4600480,248882,1472688,350573,1831072
1789715534,5371858,234016,2091768,4600656,248982,1473268,351177,1858180
1789715537,5373339,235272,2093045,4600580,249077,1473956,351855,1856888
1789715540,5374813,235344,2094386,4600564,249178,1474684,352466,1857104
1789715543,5376396,235300,2095715,4600692,249288,1475464,353200,1858476
1789715546,5378102,235336,2097245,4600576,249392,1476108,353792,1857720
1789715549,5379604,235292,2098488,4600532,249486,1476792,354422,1859448
1789715552,5381059,265468,2099683,4600504,249574,1477240,354983,1857188
1789715554,5382467,235340,2100896,4600568,249669,1478004,355562,1857836
1789715557,5383881,235272,2102148,4600492,249768,1478748,356194,1896188
1789715560,5385417,235344,2103463,4600536,249868,1479328,356825,1831348
1789715563,5386899,235344,2104737,4600492,249957,1480124,357445,1856900
1789715566,5388318,235332,2105955,4662136,250042,1480568,357951,1831280
1789715568,5389648,235352,2107282,4670464,250143,1481300,358562,1831164
1789715571,5391205,235348,2108615,4671796,250241,1481824,359232,1831296
1789715574,5392720,235384,2109901,4671680,250331,1482576,359799,1857936
1789715576,5394058,235352,2111158,4671564,250426,1483288,360370,1858916
1789715579,5395532,219200,2112221,4600524,250509,1483824,361004,1858860
1789715582,5396958,235352,2113487,4600476,250601,1484472,361562,1856464
1789715584,5398363,235344,2114668,4600540,250694,1485048,362186,1831232
1789715587,5399949,235352,2116097,4600504,250804,1485792,362843,1853552
1789715590,5401467,235300,2117393,4600520,250895,1486424,363468,1858856
1789715593,5403017,235336,2118700,4600456,250992,1487064,364113,1857920
1789715596,5404397,235344,2119921,4600600,251086,1487696,364700,1853872
1789715599,5405952,235300,2121263,4600524,251185,1488332,365352,1831340
1789715602,5407467,235376,2122661,4600664,251294,1489028,366006,1831480
1789715605,5409069,235348,2124001,4600524,251394,1489700,366701,1831476
1789715608,5410567,213996,2125269,4600560,251490,1490368,367274,1831456
1789715611,5412020,235380,2126540,4600540,251581,1491008,367916,1831456
1789715614,5413502,235300,2127797,4600472,251675,1491564,368481,1859016
1789715616,5414908,233184,2129121,4600536,251780,1492276,369174,1857720
1789715619,5416628,235388,2130553,4600508,251884,1493096,369856,1831480
1789715623,5418288,235348,2131999,4600544,251992,1493824,370567,1831384
1789715626,5419821,235340,2133281,4630428,252089,1494404,371145,1859424
1789715628,5421366,233448,2134675,4634108,252188,1495168,371782,1857636
1789715631,5422916,235304,2136112,4723604,252296,1495796,372497,1858024
1789715635,5424608,235324,2137634,4744272,252410,1496476,373243,1859700
1789715638,5426288,235292,2139082,4756256,252518,1497300,373902,1857652
1789715641,5428032,221836,2140485,4600912,252624,1497956,374606,1857688
1789715644,5429486,235308,2141693,4601000,252714,1498560,375147,1858508
1789715647,5430948,235304,2142996,4601044,252808,1499152,375780,1857144
1789715649,5432411,235388,2144227,4600936,252904,1499844,376412,1859280
1789715652,5433862,235348,2145528,4600976,253001,1511700,376959,1857928
1789715655,5435312,235336,2146752,4600964,253094,1501032,377617,1859188
1789715658,5436787,235308,2148042,4600972,253190,1501592,378239,1854960
1789715661,5438257,235352,2149310,4600980,253285,1502304,378865,1839772
1789715663,5439825,235332,2150694,4600940,253384,1502980,379475,1831628
1789715666,5441242,235340,2151903,4601112,253482,1503564,380116,1831608
1789715669,5442803,235348,2153243,4600992,253585,1504300,380806,1831656
1789715672,5444427,235332,2154599,4600940,253679,1504848,381388,1831612
1789715675,5445856,235352,2155836,4601144,253769,1505440,381960,1858452
1789715678,5447199,235336,2157071,4600892,253863,1505964,382587,1856808
1789715680,5448727,235292,2158382,4600912,253964,1506588,383279,1859512
1789715683,5450303,235304,2159716,4600904,254061,1507356,383904,1858228
1789715686,5451849,235380,2161078,4601080,254166,1507936,384549,1859224
1789715689,5453404,235388,2162412,4600996,254260,1508512,385195,1857588
1789715692,5454929,235328,2163801,4600980,254365,1509356,385887,1857524
1789715695,5456597,235328,2165152,4601048,254464,1509840,386519,1858292
1789715698,5458124,235332,2166508,4600996,254568,1510636,387175,1858296
1789715701,5459586,235352,2167795,4601056,254667,1511284,387781,1858844
1789715704,5460993,235388,2168975,4601020,254756,1511856,388375,1857848
1789715706,5462437,235352,2170184,4601156,254847,1512464,388942,1831552
1789715709,5463822,235380,2171542,4600920,254950,1513136,389608,1831588
1789715712,5465335,235384,2172712,4601024,255034,1513720,390167,1831920
1789715715,5466766,235332,2173993,4601044,255132,1514368,390843,1831844
1789715718,5468242,235388,2175240,4601024,255227,1514844,391457,1831812
1789715720,5469788,235376,2176631,4601016,255330,1515536,392126,1831944
1789715724,5471454,235384,2178071,4601084,255435,1516332,392790,1831920
1789715727,5473119,293380,2179499,4601032,255540,1517060,393509,1831904
1789715730,5474715,235300,2180840,4600884,255643,1517716,394157,1831884
1789715733,5476321,235388,2182224,4600920,255740,1518308,394809,1857652
1789715736,5477768,207424,2183603,4601040,255846,1518972,395444,1858992
1789715739,5479379,235348,2184946,4600972,255948,1519604,396125,1860540
1789715742,5480928,235272,2186212,4601000,256042,1520284,396733,1858608
1789715744,5482279,235328,2187379,4601016,256127,1520848,397270,1858728
1789715747,5483682,235296,2188663,4631564,256219,1521344,397901,1856364
1789715750,5485218,235376,2190047,4681032,256321,1522124,398541,1859808
1789715752,5486728,230076,2191336,4739320,256419,1522660,399216,1858152
1789715755,5488279,235348,2192763,4748180,256520,1523392,399841,1831796
1789715758,5489748,235392,2194092,4780064,256622,1524044,400482,1896600
1789715761,5491345,235376,2195330,4601164,256720,1524708,401150,1831948
1789715764,5492901,235268,2196664,4601260,256819,1525340,401762,1832008
1789715767,5494328,235384,2197880,4601268,256910,1525888,402396,1832312
1789715770,5495783,235352,2199180,4601256,257006,1526456,402995,1832240
1789715773,5497348,235344,2200492,4601172,257099,1527196,403642,1860232
1789715775,5498806,235336,2201733,4601332,257196,1527776,404274,1859308
1789715778,5500292,235380,2203123,4601236,257296,1528404,404947,1859844
1789715781,5501975,235380,2204539,4601248,257400,1529068,405619,1859808
1789715785,5503546,235332,2205912,4601260,257502,1529824,406295,1860232
1789715787,5505141,235304,2207251,4601300,257596,1530408,406932,1859124
1789715790,5506667,235296,2208549,4601436,257697,1531052,407624,1858992
1789715793,5508284,179600,2209970,4601180,257797,1531660,408271,1859340
1789715796,5509833,235296,2211307,4601240,257899,1532360,408914,1857936
1789715799,5511398,235344,2212595,4601280,257994,1533016,409553,1856812
1789715802,5512857,171436,2213879,4601364,258095,1533660,410191,1858252
1789715805,5514371,235348,2215159,4601260,258186,1534220,410798,1860648
1789715808,5515806,235348,2216406,4601240,258280,1534904,411421,1858960
1789715811,5517250,235296,2217644,4601188,258375,1535512,412048,1860256
1789715813,5518739,235336,2218959,4601220,258472,1536108,412713,1832476
1789715816,5520301,235384,2220290,4601220,258571,1536792,413315,1832404
1789715819,5521755,235380,2221588,4601200,258668,1537312,413984,1832424
1789715822,5523219,235296,2222778,4601260,258758,1537928,414571,1832532
1789715825,5524688,235376,2224053,4601232,258851,1538648,415223,1832440
1789715828,5526213,235308,2225405,4601204,258953,1539380,415858,1832372
1789715831,5527771,235276,2226695,4601400,259045,1539924,416467,1860100
1789715833,5529149,242372,2227852,4601272,259140,1540520,417150,1858384
1789715836,5530713,235380,2229197,4601356,259241,1541224,417794,1859048
1789715839,5532277,235388,2230574,4601228,259345,1541864,418515,1860908
1789715842,5533946,235288,2232036,4601272,259453,1542528,419200,1860616
1789715845,5535607,235332,2233455,4601288,259556,1543148,419878,1860672
1789715848,5537112,235348,2234755,4601144,259652,1543832,420502,1860680
1789715851,5538665,235348,2236082,4601308,259752,1544420,421112,1860296
1789715854,5540085,235388,2237369,4601356,259849,1544996,421758,1859992
1789715857,5541654,235292,2238683,4601416,259947,1545728,422433,1859512
1789715860,5543088,235268,2239928,4601348,260043,1546424,423071,1833528
1789715862,5544567,235304,2241175,4601348,260131,1546960,423625,1833384
1789715865,5545988,218404,2242461,4629716,260229,1547564,424309,1833352
1789715868,5547418,235304,2243652,4632508,260311,1548188,424859,1833456
1789715870,5548807,235352,2244873,4666980,260404,1548716,425438,1860604
1789715873,5550261,235340,2246202,4733356,260504,1549348,426140,1860972
1789715876,5551788,235340,2247517,4745544,260600,1549996,426749,1860040
1789715879,5553226,235388,2248784,4748188,260691,1550512,427324,1860672
1789715881,5554584,235352,2250026,4750316,260778,1551152,427947,1861740
1789715884,5555987,235376,2251236,4750444,260866,1551792,428515,1844924
1789715887,5557431,235348,2252511,4750572,260960,1552292,429139,1833744
1789715889,5558869,235344,2253835,4750728,261061,1552996,429803,1833700
1789715892,5560405,235348,2255104,4750932,261155,1553692,430404,1838228
1789715895,5561848,253952,2256381,4750748,261247,1554132,431061,1865976
1789715898,5563229,224816,2257411,4601844,261340,1554952,431657,1865544
1789715900,5564727,235296,2258663,4601856,261433,1555496,432252,1864392
1789715903,5566213,235304,2259957,4601836,261529,1556120,432950,1866048
1789715906,5567853,235388,2261378,4601868,261637,1556780,433646,1865928
1789715909,5569433,235348,2262738,4601868,261736,1557376,434305,1863668
1789715912,5570908,255968,2263993,4601748,261829,1558024,434885,1866124
1789715915,5572336,235376,2265231,4601864,261925,1558632,435563,1865644
1789715917,5573851,235300,2266549,4601976,262024,1559336,436231,1863688
1789715921,5575385,235388,2267849,4601848,262118,1571600,436820,1865556
1789715923,5576858,201988,2269114,4601980,262212,1560496,437487,1838648
1789715926,5578394,235384,2270587,4657352,262319,1561248,438177,1838636
1789715929,5579974,235392,2271872,4601904,262417,1561856,438821,1838648
1789715932,5581416,235296,2273087,4601964,262509,1562448,439408,1838656
1789715935,5582828,235344,2274280,4601808,262598,1563028,440019,1864524
1789715937,5584310,235352,2275651,4601864,262701,1563704,440716,1865408
1789715940,5585815,235332,2276937,4602032,262801,1564396,441327,1866408
1789715943,5587360,235272,2278241,4601756,262894,1564860,441993,1866984
1789715946,5588892,235308,2279550,4601768,262992,1565540,442646,1866632
1789715949,5590420,235348,2280875,4601900,263095,1566160,443351,2219372
1789715952,5591881,235340,2282166,4601784,263187,1566844,443979,2167212
1789715954,5593421,235332,2283499,4601824,263293,1567464,444638,2168428
1789715957,5594914,235304,2284799,4601816,263392,1568116,445296,2154768
1789715960,5596466,235300,2286084,4601876,263485,1568732,445895,2121932
1789715963,5597879,235344,2287290,4601908,263574,1569288,446490,2121892
1789715966,5599201,235348,2288471,4601916,263665,1569852,447130,2124544
1789715968,5600684,235352,2289747,4601908,263759,1570492,447706,2149884
1789715971,5602178,235352,2291028,4601840,263855,1571132,448390,2152888
1789715974,5603622,235380,2292295,4601764,263953,1571680,449024,2153004
1789715977,5605069,235356,2293499,4601928,264038,1572316,449611,2154540
1789715979,5606396,251132,2294665,4601780,264125,1572936,450261,2152984
1789715982,5607792,235308,2295841,4601792,264210,1573504,450791,2126932
1789715984,5609157,235348,2297056,4627768,264304,1574076,451419,2128112
1789715987,5610535,235304,2298260,4633772,264393,1574712,452054,2128084
1789715990,5611981,235332,2299531,4601908,264491,1575208,452647,2128088
1789715992,5613371,235380,2300722,4601896,264584,1575924,453238,2155852
1789715995,5614710,235328,2301874,4601952,264671,1576460,453882,2155280
1789715998,5616172,235380,2303135,4601948,264765,1576972,454482,2156388
1789716000,5617594,235304,2304409,4601984,264858,1577684,455076,2155428
1789716003,5618987,235292,2305572,4601920,264946,1578184,455671,2152564
1789716006,5620374,249948,2306778,4601840,265040,1578852,456300,2125672
1789716008,5621700,235304,2307897,4601912,265119,1579376,456787,2125728
1789716011,5622964,235384,2309023,4601768,265205,1579900,457393,2153236
1789716013,5624340,235340,2310175,4602092,265291,1580468,458010,2152132
1789716016,5625688,235328,2311364,4601744,265380,1581000,458568,2160008
1789716018,5627093,235352,2312558,4601928,265471,1581652,459177,2160056
1789716021,5628483,235344,2313727,4601840,265557,1582184,459746,2151792
1789716024,5629831,216592,2314916,4601924,265644,1582784,460357,2132052
1789716026,5631173,235272,2316068,4601912,265730,1583324,460923,2132040
1789716029,5632590,235288,2317291,4601900,265824,1583856,461538,2160212
1789716031,5633967,235332,2318492,4601972,265920,1584500,462197,2161148
1789716034,5635506,235304,2319818,4601976,266014,1585144,462778,2159480
1789716037,5636969,235344,2321076,4601836,266113,1585752,463473,2159224
1789716040,5638485,235332,2322375,4601984,266207,1586252,464067,2158504
1789716043,5639905,235292,2323630,4601928,266306,1586984,464802,2162732
1789716046,5641611,235384,2325120,4632124,266413,1587712,465434,2161656
1789716049,5643018,235388,2326399,4633084,266510,1588320,466069,2158008
1789716051,5644500,235304,2327659,4640180,266603,1588852,466680,2135544
1789716054,5645929,235272,2328935,4718776,266692,1589460,467297,2135636
1789716056,5647336,235328,2330216,4744040,266785,1590052,467913,2135572
1789716059,5648828,233480,2331499,4748316,266879,1590608,468580,2164000
1789716062,5650184,235348,2332696,4748276,266965,1591228,469167,2162748
1789716064,5651651,223768,2333926,4751280,267053,1591784,469728,2164392
1789716067,5652982,235340,2334940,4602028,267141,1592308,470336,2164208
1789716070,5654353,240384,2336139,4602060,267234,1592940,470961,2162124
1789716072,5655789,235296,2337415,4602096,267324,1596368,471538,2136152
1789716075,5657200,235300,2338666,4602176,267420,1593964,472212,2136164
1789716078,5658611,235308,2339824,4602072,267504,1594500,472787,2162800
1789716080,5659908,235332,2340997,4602156,267594,1595264,473389,2163348
1789716083,5661447,235296,2342225,4602036,267682,1595812,473977,2163036
1789716085,5662828,235300,2343489,4602164,267779,1596288,474644,2164224
1789716088,5664268,235384,2344693,4602224,267868,1596892,475173,2162980
1789716091,5665640,235300,2345873,4602192,267959,1597560,475826,2164180
1789716093,5667158,235372,2347166,4602196,268054,1598164,476464,2136932
1789716096,5668502,235372,2348317,4602180,268142,1598644,477018,2136888
1789716098,5669930,235376,2349554,4602124,268237,1599392,477685,2163388
1789716101,5671431,235300,2350834,4602096,268332,1599968,478333,2163548
1789716104,5672848,235384,2352061,4602184,268426,1600596,478935,2163584
1789716107,5674255,235292,2353356,4677000,268520,1601148,479601,2163904
1789716109,5675759,235376,2354626,4602164,268615,1601704,480221,2162988
1789716112,5677123,235328,2355810,4602176,268703,1602272,480802,2162284
1789716115,5678397,235328,2356934,4602132,268794,1602960,481408,2136852
1789716117,5679938,235304,2358256,4602132,268890,1603544,482088,2136884
1789716120,5681335,235332,2359438,4602164,268979,1604088,482714,2136916
1789716123,5682831,235384,2360701,4602160,269072,1604580,483303,2163932
1789716125,5684197,235376,2361857,4602168,269160,1605172,483942,2164000
1789716128,5685604,235384,2363100,4602192,269249,1605736,484479,2164868
1789716131,5686980,235388,2364317,4602280,269340,1606240,485088,2162448
1789716133,5688410,235344,2365526,4602160,269429,1606952,485757,2154160
1789716136,5689755,235288,2366692,4602164,269515,1607388,486301,2136896
1789716138,5691093,235392,2367864,4602180,269602,1608072,486890,2136880
1789716141,5692487,235380,2369117,4602172,269697,1608604,487555,2164128
1789716144,5693958,235388,2370380,4602212,269791,1609300,488195,2164124
1789716146,5695413,235332,2371642,4602196,269892,1609764,488847,2164184
1789716149,5696808,235328,2372833,4602196,269977,1610336,489441,2163488
1789716152,5698239,235352,2374053,4602248,270070,1611012,490086,2164556
1789716154,5699647,235348,2375269,4602188,270162,1611484,490650,2155084
1789716157,5701039,235292,2376522,4602128,270252,1612140,491278,2136932
1789716160,5702425,235388,2377742,4602172,270345,1612732,491948,2136888
1789716162,5703906,235328,2379027,4602060,270443,1613388,492554,2136856
1789716165,5705412,235276,2380380,4654568,270544,1613948,493283,2163164
1789716168,5706918,235332,2381727,4660848,270642,1614564,493892,2162708
1789716171,5708389,235268,2383025,4661228,270736,1615168,494585,2164052
1789716174,5709944,235304,2384385,4661280,270833,1615840,495252,2162492
1789716176,5711395,235376,2385710,4661240,270930,1616328,495819,2165004
1789716179,5712888,235332,2386973,4661172,271025,1617152,496496,2136864
1789716182,5714258,235352,2388123,4602120,271131,1617748,497231,2158904
1789716185,5715974,235272,2389582,4602148,271236,1618480,497892,2201768
1789716188,5717489,235380,2390847,4602112,271327,1619064,498556,2136932
1789716190,5718939,199712,2392137,4602132,271424,1619556,499191,2137096
1789716193,5720448,235292,2393419,4602176,271522,1620268,499872,2137120
1789716196,5721851,248044,2394615,4602168,271613,1620920,500487,2137364
1789716199,5723373,235296,2395957,4602104,271715,1621568,501155,2174492
1789716201,5724853,235332,2397233,4602000,271807,1621996,501808,2165968
1789716204,5726260,235332,2398455,4602156,271899,1622676,502376,2164224
1789716207,5727773,235300,2399784,4602128,272001,1623304,503082,2164884
1789716210,5729210,268612,2401034,4602224,272098,1623976,503766,2166220
1789716212,5730646,231984,2402243,4602176,272190,1624576,504322,2166312
1789716215,5731990,235356,2403445,4602000,272282,1625056,505008,2137568
1789716218,5733510,235376,2404736,4602168,272378,1625724,505662,2137656
1789716220,5734893,235336,2405938,4602252,272469,1626332,506221,2137628
1789716223,5736376,227380,2407220,4602108,272561,1626872,506884,2164936
1789716226,5737771,207392,2408499,4633692,272660,1627524,507531,2164636
1789716228,5739382,235376,2409880,4634564,272764,1628064,508190,2165228
1789716231,5740914,235344,2411248,4638584,272867,1628748,508963,2179972
1789716234,5742500,231380,2412668,4692756,272968,1629392,509564,2180800
1789716237,5743938,169880,2413990,4734576,273069,1630016,510282,2180204
1789716240,5745482,235288,2415329,4746996,273160,1630596,510938,2181636
1789716242,5746794,235304,2416547,4748812,273247,1631220,511506,2153656
1789716245,5748402,235388,2417737,4602200,273345,1631712,512230,2153660
1789716248,5749941,235352,2419059,4602316,273450,1632416,512924,2153680
1789716251,5751512,235348,2420451,4602292,273545,1633016,513608,2153696
1789716253,5753033,235300,2421762,4602316,273644,1633704,514275,2181972
1789716256,5754489,235348,2423029,4602480,273745,1634296,514895,2180108
1789716259,5755923,235296,2424254,4602436,273833,1634784,515509,2181764
1789716261,5757315,235304,2425509,4602336,273931,1635544,516190,2180932
1789716264,5758787,215348,2426784,4602444,274024,1636104,516840,2153924
1789716267,5760216,235380,2428017,4602396,274119,1636724,517477,2153808
1789716269,5761604,235304,2429225,4602404,274207,1637280,518079,2153760
1789716272,5762980,241132,2430440,4602484,274302,1637708,518758,2153824
1789716275,5764503,235356,2431734,4602512,274390,1638412,519359,2182208
1789716278,5765033,235376,2432025,4602316,274412,1638588,519676,2180624
1789716280,5766307,235384,2433126,4602480,274496,1639136,520124,2179752
1789716283,5767693,235392,2434307,4602556,274584,1639528,520745,2181404
1789716286,5769060,235328,2435543,4663896,274671,1640172,521334,2179268
1789716288,5770399,235388,2436657,4602416,274752,1640664,521892,2178504
1789716291,5771737,235332,2437828,4602416,274843,1641284,522497,2153820
1789716293,5773166,270964,2439075,4602444,274938,1641872,523160,2153788
1789716296,5774549,235272,2440274,4602412,275021,1642320,523775,2179808
1789716299,5775985,235372,2441464,4602408,275108,1642956,524367,2180556
1789716301,5777378,235300,2442653,4602284,275199,1643496,525002,2181056
1789716304,5778700,220660,2443811,4602432,275281,1643976,525573,2229400
1789716306,5780060,235304,2444975,4602296,275374,1644636,526176,2191012
1789716309,5781526,235388,2446259,4602464,275463,1645192,526809,2182924
1789716312,5782955,235304,2447537,4602448,275559,1645760,527493,2182904
1789716314,5784409,235328,2448754,4602456,275651,1646328,528129,2182824
1789716317,5785888,235344,2449974,4602400,275743,1646972,528759,2208956
1789716320,5787384,235380,2451232,4602508,275839,1647568,529445,2209616
1789716322,5788744,235352,2452445,4602452,275927,1648144,529987,2210308
1789716325,5790184,200484,2453719,4602320,276028,1648748,530691,2208564
1789716327,5791708,235328,2455122,4602452,276125,1649364,531398,2207004
1789716330,5793192,235340,2456314,4602396,276212,1649928,531945,2183324
1789716333,5794535,259856,2457501,4602560,276304,1650476,532615,2183328
1789716336,5796012,235388,2458800,4602308,276398,1651092,533248,2183420
1789716338,5797405,235380,2460022,4602456,276491,1651700,533898,2211492
1789716341,5798904,235344,2461310,4602544,276588,1652136,534602,2211424
1789716344,5800415,235384,2462628,4602472,276683,1652900,535243,2211980
1789716347,5801900,235300,2463938,4602384,276781,1653404,535919,2210816
1789716349,5803388,235356,2465258,4602576,276877,1654072,536625,2212732
1789716352,5804918,235296,2466682,4602384,276988,1654740,537328,2211648
1789716355,5806561,235340,2468043,4602320,277089,1655384,538042,2213028
1789716358,5808085,212112,2469358,4602488,277188,1655912,538716,2194124
1789716361,5809600,235332,2470637,4602472,277283,1656628,539361,2184848
1789716363,5811035,235380,2471882,4602448,277374,1657212,540008,2184756
1789716366,5812658,235384,2473319,4602412,277493,1657932,540834,2184796
1789716369,5814422,235324,2474872,4602412,277605,1658608,541605,2184844
1789716372,5816050,235352,2476269,4602468,277705,1659296,542265,2184788
1789716375,5817580,205028,2477475,4602428,277792,1659916,542950,2184820
1789716378,5818916,235292,2478460,4602396,277865,1660456,543334,2184768
1789716381,5820312,235388,2479690,4602588,277953,1671860,544025,2211224
1789716384,5821905,235344,2481170,4602464,278065,1661668,544747,2212472
1789716387,5823495,230596,2482489,4602508,278157,1662216,545361,2211388
1789716389,5824926,230844,2483704,4602448,278247,1662820,546053,2212232
1789716392,5826399,235348,2484981,4602404,278349,1663524,546718,2212708
1789716395,5827924,235384,2486284,4602404,278442,1664072,547370,2212068
1789716397,5829439,235292,2487635,4602584,278545,1664728,548093,2185040
1789716400,5830886,233004,2488902,4602588,278641,1665376,548730,2196472
1789716403,5832473,235324,2490204,4602368,278745,1666044,549487,2184968
1789716406,5833932,235300,2491473,4633572,278833,1667856,550123,2184892
1789716409,5835299,235292,2492659,4633992,278918,1667116,550690,2184992
1789716411,5836689,244128,2493883,4635936,279011,1667700,551362,2211560
1789716414,5838026,235304,2495099,4680284,279098,1668352,551994,2212644
1789716416,5839587,235348,2496447,4733792,279201,1668964,552681,2210304
1789716419,5841061,235380,2497765,4746416,279293,1669644,553301,2212760
1789716422,5842449,235304,2498992,4746384,279380,1670184,553941,2208148
1789716424,5843812,235344,2500192,4746364,279469,1670700,554550,2184940
1789716427,5845217,235304,2501346,4758712,279552,1671332,555175,2184984
1789716429,5846415,235388,2502269,4759020,279620,1671832,555643,2211100
1789716432,5847851,235384,2503567,4752324,279708,1672464,556171,2212060
1789716435,5849174,235348,2504765,4752284,279795,1672940,556807,2212180
1789716437,5850606,235292,2506007,4752336,279884,1673540,557440,2213308
1789716440,5851976,235328,2507209,4752476,279972,1674056,558065,2185232
1789716442,5853285,265660,2508382,4752452,280052,1674544,558602,2185296
1789716445,5854637,235300,2509257,4602912,280136,1675056,559232,2211792
1789716447,5856016,253704,2510489,4603080,280228,1675540,559886,2212752
1789716450,5857405,235344,2511675,4603008,280318,1676212,560537,2211128
1789716453,5858902,235344,2512952,4602988,280413,1676820,561223,2211376
1789716456,5860368,235300,2514280,4603016,280509,1677428,561879,2212484
1789716458,5861851,235296,2515518,4603032,280601,1678080,562527,2206548
1789716461,5863379,235340,2516824,4603004,280705,1678816,563231,2213420
1789716464,5864845,235348,2518109,4602984,280797,1679344,563928,2185284
1789716466,5866284,235300,2519391,4677084,280891,1679896,564590,2185148
1789716469,5867881,235388,2520867,4666872,280995,1680692,565279,2185292
1789716472,5869257,232164,2521934,4603052,281086,1681116,565918,2211416
1789716474,5870657,235376,2523138,4603068,281176,1681876,566497,2212264
1789716477,5871798,235348,2524015,4603072,281244,1682468,567083,2213048
1789716480,5873298,235340,2525184,4603232,281329,1682968,567595,2211696
1789716482,5874692,235344,2526402,4603144,281418,1683496,568170,2185272
1789716485,5876041,235332,2527581,4603180,281502,1684056,568756,2185152
1789716487,5877375,235276,2528733,4603192,281586,1684520,569386,2213096
1789716490,5878721,235296,2529926,4603100,281675,1685180,570000,2211432
1789716492,5880102,235304,2531082,4603080,281761,1685592,570617,2211480
1789716495,5881472,235336,2532348,4603108,281856,1686388,571334,2705264
1789716497,5882954,235304,2533601,4603164,281954,1686816,572041,2505980
1789716500,5884424,235380,2534805,4603040,282040,1687500,572604,2505856
1789716503,5885832,235348,2535951,4603048,282122,1688136,573268,2501892
1789716505,5887297,228480,2537177,4603068,282217,1688600,573948,2502136
1789716508,5888752,235292,2538515,4603124,282315,1689268,574614,2530272
1789716511,5890225,235304,2539781,4603112,282411,1689932,575274,2531048
1789716514,5891663,235344,2541044,4603112,282504,1690528,575973,2521284
1789716516,5893129,235392,2542255,4603044,282592,1691052,576565,2522100
1789716519,5894557,235380,2543525,4602912,282690,1691732,577264,2526108
1789716522,5896051,235292,2544757,4603104,282779,1692284,577936,2503184
1789716524,5897637,237668,2546112,4603056,282883,1693016,578607,2497784
1789716527,5899043,235328,2547333,4603012,282971,1693552,579265,2497800
1789716530,5900458,235272,2548569,4603060,283064,1694104,579948,2497796
1789716532,5901920,235388,2549820,4603116,283156,1694856,580554,2523264
1789716535,5903328,235344,2551026,4603092,283249,1695420,581250,2524476
1789716538,5904766,235268,2552261,4603148,283343,1696016,581902,2525492
1789716541,5906269,235300,2553565,4603112,283440,1696628,582566,2524228
1789716543,5907764,235384,2554884,4603088,283540,1697348,583312,2523700
1789716546,5909447,235300,2556335,4603260,283648,1697904,584044,2524096
1789716549,5911059,235276,2557724,4603144,283751,1698660,584823,2524252
1789716552,5912588,235304,2559042,4603100,283856,1699384,585436,2524600
1789716555,5914080,235304,2560343,4603120,283946,1699968,586194,2497712
1789716558,5915557,235340,2561620,4603080,284042,1700568,586804,2497736
1789716560,5916984,235344,2562874,4603096,284135,1701228,587460,2497736
1789716563,5918426,235272,2564093,4603060,284231,1701808,588171,2497788
1789716566,5919980,235328,2565419,4603096,284320,1702412,588811,2497764
1789716569,5921462,238756,2566716,4603144,284418,1703044,589489,2525332
1789716572,5922951,235296,2567956,4603264,284510,1703704,590167,2525244
1789716574,5924331,235376,2569146,4603008,284600,1704224,590794,2526324
1789716577,5925821,235332,2570431,4603132,284697,1704908,591485,2524552
1789716580,5927308,235344,2571643,4603176,284784,1705524,592145,2525268
1789716582,5928784,235392,2572825,4603120,284867,1706080,592640,2524276
1789716585,5930150,235292,2574032,4627240,284957,1706568,593251,2498008
1789716587,5931543,235336,2575290,4633808,285049,1707120,593909,2498032
1789716590,5932968,235328,2576568,4634520,285145,1707784,594543,2526220
1789716593,5934430,235304,2577856,4641404,285238,1708460,595225,2524032
1789716595,5935867,235388,2579118,4710740,285329,1709004,595879,2524856
1789716598,5937284,235300,2580366,4739992,285418,1709648,596542,2524996
1789716601,5938777,202292,2581749,4748140,285520,1710200,597269,2525220
1789716604,5940368,235328,2583218,4748420,285629,1710908,598034,2562932
1789716607,5942031,235380,2584449,4603700,285733,1711656,598789,2525604
1789716610,5943715,235328,2585915,4603776,285839,1712368,599526,2523184
1789716612,5945289,217648,2587227,4603692,285942,1712972,600210,2498644
1789716615,5946825,235380,2588611,4603688,286045,1713648,600952,2498680
1789716618,5948353,235376,2589908,4603780,286135,1714288,601605,2498696
1789716621,5949866,235348,2591271,4603808,286248,1714856,602448,2498712
1789716624,5951920,235380,2592975,4603776,286363,1715660,603218,2498728
1789716627,5953729,235332,2594509,4603924,286473,1716304,604018,2498612
1789716630,5955248,235352,2595693,4603876,286562,1716976,604707,2498620
1789716633,5957046,235292,2597188,4603904,286669,1717560,605338,2498648
1789716636,5958618,235384,2598556,4603908,286774,1718252,606030,2498612
1789716639,5960214,235384,2599945,4603756,286870,1718856,606760,2498712
1789716642,5961782,287608,2601258,4603920,286968,1719512,607415,2498716
1789716645,5963319,273888,2602560,4630692,287067,1720200,608128,2527360
1789716648,5964784,235380,2603927,4635796,287164,1720760,608806,2525816
1789716651,5966346,235272,2605255,4703212,287265,1721468,609529,2524640
1789716653,5967913,235348,2606614,4603952,287367,1722112,610248,2525340
1789716656,5969533,235300,2608102,4603840,287476,1722880,611068,2526016
1789716660,5971516,235380,2609729,4604040,287586,1723548,611833,2524212
1789716662,5973201,235380,2611161,4603864,287688,1724140,612546,2526176
1789716665,5974917,235348,2612624,4603896,287789,1724820,613377,2526052
1789716668,5976747,186456,2614239,4603892,287909,1725580,614174,2527016
1789716671,5978641,235268,2615782,4603936,288013,1726240,614898,2524480
1789716674,5980221,235300,2617142,4603852,288109,1726872,615590,2525696
1789716677,5981951,251668,2618623,4604076,288212,1727500,616398,2517100
1789716680,5983683,235348,2619976,4603848,288306,1728164,617014,2498896
1789716683,5985191,211972,2621240,4603904,288407,1728792,617734,2498944
1789716686,5986747,235336,2622571,4603936,288501,1729456,618377,2498920
1789716688,5988210,235340,2623913,4603896,288596,1730056,619114,2498868
1789716691,5989889,246356,2625261,4603816,288694,1730632,619796,2525560
1789716694,5991296,235328,2626488,4603856,288786,1731208,620473,2528204
1789716697,5992776,235292,2627831,4603808,288885,1731800,621130,2525668
1789716699,5994309,225800,2629150,4603932,288983,1732504,621914,2526084
1789716702,5995948,235392,2630589,4603848,289089,1733148,622612,2524796
1789716705,5997503,238244,2631934,4629672,289188,1733696,623375,2526536
1789716708,5999108,235348,2633330,4634804,289293,1734476,624119,2508696
1789716711,6000760,235272,2634766,4636256,289391,1734996,624830,2508600
1789716714,6002288,235352,2636147,4699228,289491,1735784,625563,2527260
1789716717,6003838,235304,2637516,4741120,289592,1736416,626223,2498968
1789716719,6005330,255404,2638865,4749324,289688,1737044,626967,2499000
1789716722,6006807,241016,2639977,4749236,289765,1737604,627537,2498996
1789716725,6008246,222924,2641367,4783316,289863,1738136,628126,2526392
1789716727,6009769,235336,2642532,4604020,289963,1738740,628812,2527652
1789716730,6011312,226348,2643854,4604056,290064,1739488,629547,2525136
1789716733,6012896,235304,2645215,4604016,290163,1740188,630269,2526852
1789716736,6014496,235328,2646590,4604592,290265,1740664,631001,2525356
1789716739,6016107,222148,2648039,4604560,290370,1741560,631760,2524748
1789716742,6017582,235300,2649287,4604544,290463,1742092,632421,2525052
1789716745,6019005,191776,2650483,4604552,290554,1742712,633074,2524152
1789716748,6020523,191504,2651825,4604636,290648,1743348,633814,2524892
1789716750,6021945,235332,2653024,4604440,290737,1743944,634395,2498944
1789716753,6023321,235344,2654283,4604500,290836,1744576,635122,2498860
1789716756,6024795,235304,2655505,4604636,290924,1745084,635764,2498988
1789716758,6026188,274072,2656631,4604568,291011,1745720,636446,2526524
1789716761,6027634,235344,2657884,4604464,291104,1746356,637075,2527160
1789716763,6029131,235348,2659228,4604448,291202,1747000,637818,2526292
1789716766,6030581,235272,2660565,4655488,291299,1747540,638577,2525128
1789716769,6032218,235348,2661955,4661684,291409,1748384,639305,2526264
1789716772,6033767,235268,2663431,4661536,291521,1749120,640143,2525636
1789716775,6035545,235292,2664904,4662216,291619,1749752,640839,2525912
1789716778,6037162,235328,2666289,4662196,291725,1750436,641603,2526332
1789716781,6038676,226908,2667681,4662204,291826,1751188,642335,2526904
1789716784,6040192,176992,2668786,4604560,291917,1751736,643044,2526356
1789716787,6041861,235344,2670162,4604464,292018,1752400,643822,2499144
1789716790,6043360,235332,2671551,4604540,292125,1753096,644553,2508808
1789716793,6045137,169880,2673065,4604592,292234,1753816,645380,2506840
1789716797,6046756,235300,2674394,4604552,292331,1754500,646028,2521432
1789716799,6048264,235296,2675664,4604588,292427,1755156,646800,2525928
1789716802,6049783,235384,2676988,4604592,292526,1755764,647427,2499100
1789716805,6051252,235332,2678270,4604556,292621,1756468,648160,2499028
1789716808,6052764,235380,2679566,4604464,292723,1757024,648887,2499032
1789716810,6054335,204184,2680944,4604576,292819,1757652,649617,2499124
1789716813,6055894,235344,2682300,4604552,292921,1758344,650318,2499120
1789716816,6057430,235384,2683638,4604548,293020,1758924,651004,2527036
1789716819,6058911,235300,2684946,4604512,293123,1759628,651737,2525992
1789716822,6060487,240400,2686394,4604528,293234,1760404,652512,2535528
1789716825,6062199,235308,2687761,4627336,293330,1761048,653243,2525872
1789716828,6063638,238820,2689023,4634452,293421,1761520,653892,2525100
1789716830,6065051,235376,2690274,4636676,293511,1762168,654541,2527284
1789716833,6066504,235292,2691557,4705452,293609,1762752,655235,2563928
1789716836,6067934,236436,2692816,4744232,293699,1763352,655947,2526540
1789716838,6069489,235296,2694264,4756920,293804,1764144,656711,2527156
1789716842,6071098,169824,2695650,4748260,293902,1764736,657427,2498956
1789716844,6072566,235272,2696825,4605120,293998,1765388,658117,2499100
1789716847,6074142,235296,2698205,4605212,294105,1766096,658902,2499064
1789716850,6075717,235384,2699489,4605280,294198,1766676,659555,2499084
1789716853,6077160,235356,2700744,4605392,294291,1767260,660251,2526328
1789716856,6078638,235376,2702048,4605332,294388,1767940,660965,2526604
1789716858,6080168,235268,2703319,4605404,294490,1768672,661714,2525876
1789716861,6081662,235304,2704637,4605260,294582,1769220,662365,2526932
1789716864,6083042,235376,2705846,4605364,294674,1769852,663049,2525888
1789716866,6084387,235384,2706969,4605252,294756,1770392,663622,2526896
1789716869,6085791,235296,2708202,4605312,294846,1771000,664326,2499316
1789716872,6087265,235380,2709482,4605256,294943,1771544,665019,2499208
1789716874,6088742,235348,2710751,4605356,295040,1772276,665685,2499332
1789716877,6090162,235380,2711966,4605328,295130,1772764,666332,2527700
1789716880,6091553,235380,2713132,4605356,295215,1773456,666995,2526900
1789716882,6092918,235336,2714341,4605248,295305,1773956,667617,2525360
1789716885,6094311,235344,2715551,4658620,295397,1774608,668332,2522008
1789716888,6095811,235292,2716839,4605360,295490,1775224,669025,2499404
1789716890,6097318,235380,2718153,4605344,295589,1775804,669722,2499312
1789716893,6098818,235340,2719473,4605324,295690,1776472,670434,2499320
1789716896,6100288,235304,2720715,4605340,295785,1777136,671148,2499280
1789716899,6101821,235272,2722062,4605236,295888,1777836,671862,2499216
1789716901,6103337,235356,2723367,4605284,295980,1778392,672568,2526288
1789716904,6104770,235296,2724624,4605252,296075,1779052,673255,2525164
1789716907,6106421,229016,2726085,4605432,296187,1779740,674147,2525444
1789716910,6108318,235296,2727618,4605244,296295,1780564,674938,2526652
1789716913,6110050,235276,2729055,4605324,296394,1781172,675656,2525104
1789716916,6111760,229756,2730437,4605368,296496,1781776,676386,2525608
1789716919,6113350,228736,2731793,4605308,296589,1782420,677028,2526280
1789716921,6114693,235392,2733003,4605340,296678,1782972,677737,2521840
1789716924,6116155,235292,2734236,4605424,296772,1783704,678422,2564384
1789716927,6117673,235300,2735532,4605204,296862,1784264,679120,2525892
1789716930,6119109,235352,2736737,4605292,296955,1784804,679763,2499520
1789716932,6120450,235380,2737910,4605384,297044,1785476,680419,2499520
1789716935,6121889,235340,2739139,4605312,297134,1786060,681069,2526664
1789716937,6123216,235348,2740289,4605248,297223,1786668,681775,2552876
1789716940,6124682,235332,2741551,4605436,297313,1787340,682394,2554960
1789716943,6126291,235340,2742960,4605472,297417,1790884,683214,2553320
1789716946,6128116,235296,2744532,4634972,297529,1788768,684045,2554944
1789716949,6129908,235348,2746025,4638888,297633,1789448,684912,2554544
1789716952,6131739,235348,2747644,4672788,297740,1790096,685585,2555856
1789716955,6133500,235352,2749281,4731420,297855,1790812,686542,2553244
1789716958,6135648,235296,2751076,4749664,297975,1791620,687372,2555668
1789716962,6137506,235304,2752550,4752920,298069,1792236,688090,2557228
1789716964,6139275,235348,2753952,4605436,298175,1792832,688811,2576324
1789716967,6140871,235384,2755306,4605640,298274,1793484,689511,2578316
1789716970,6142276,235300,2756538,4605516,298364,1794012,690225,2578288
1789716973,6143738,226100,2757859,4605472,298461,1794764,690916,2579104
1789716975,6145227,235356,2759107,4605572,298551,1795324,691620,2550792
1789716978,6146674,235460,2760432,4605652,298659,1796028,692364,2550768
1789716981,6148344,235332,2761818,4605552,298753,1796584,693110,2550744
1789716984,6149841,235308,2763137,4605572,298854,1797276,693824,2550736
1789716987,6151329,235268,2764390,4605584,298945,1797876,694505,2576708
1789716989,6152677,235388,2765616,4605516,299039,1798608,695199,2577872
1789716992,6154230,201292,2766881,4605480,299135,1799224,695924,2578200
1789716995,6155697,235352,2768131,4605572,299225,1799748,696586,2578708
1789716998,6157142,270500,2769382,4605532,299316,1800360,697288,2579560
1789717000,6158538,235300,2770582,4605524,299404,1800956,697914,2577180
1789717003,6159897,236176,2771716,4605580,299488,1801436,698557,2550972
1789717005,6161260,235300,2772978,4656940,299585,1802236,699292,2550924
1789717008,6162791,235392,2774168,4662996,299667,1802764,699926,2551004
1789717011,6164185,235300,2775328,4663128,299750,1803396,700559,2580304
1789717013,6165513,227232,2776408,4663068,299828,1803888,701170,2577280
1789717016,6166814,235344,2777505,4663148,299905,1804456,701765,2578380
1789717018,6168048,235344,2778451,4605492,299979,1805008,702348,2577892
1789717021,6169343,235296,2779672,4605580,300071,1805684,703068,2551048
1789717024,6170896,235340,2780751,4605516,300149,1806116,703697,2551028
1789717026,6172224,196612,2781840,4605432,300229,1806756,704276,2578668
1789717029,6173526,235352,2782913,4605608,300312,1807368,704897,2580256
1789717031,6174768,235380,2783924,4605492,300387,1807848,705469,2578696
1789717034,6176015,235384,2784944,4605564,300464,1808516,706059,2551132
1789717036,6177346,235384,2786043,4605580,300543,1809040,706703,2550932
1789717039,6178629,235348,2787124,4605548,300620,1809584,707280,2550996
1789717041,6179996,235288,2788279,4605668,300708,1810116,707979,2578744
1789717044,6181431,235348,2789454,4605616,300790,1810800,708617,2575988
1789717046,6182788,235348,2790590,4605504,300874,1811352,709279,2578300
1789717049,6184219,235388,2791812,4605504,300962,1811904,709931,2560752
1789717051,6185767,235304,2793121,4605572,301053,1812436,710685,2550960
1789717054,6187167,235300,2794264,4605580,301132,1812948,711299,2551080
1789717056,6188603,235276,2795518,4605684,301224,1813632,711984,2576396
1789717059,6190030,235344,2796730,4605564,301314,1814324,712698,2577648
1789717062,6191546,235304,2797923,4605528,301398,1814800,713376,2578820
1789717064,6192870,235340,2799044,4605504,301482,1815424,713990,2577288
1789717067,6194219,201860,2800113,4605476,301564,1816024,714611,2577180
1789717069,6195450,235344,2801134,4605608,301641,1816544,715187,2551084
1789717072,6196661,235344,2802087,4605504,301712,1817124,715754,2576844
1789717074,6197905,235348,2803117,4605504,301790,1817676,716386,2577700
1789717076,6199186,235304,2804190,4605532,301871,1818212,716993,2576328
1789717079,6200585,235352,2805325,4605468,301955,1818808,717644,2581112
1789717082,6201882,192084,2806376,4605596,302034,1819376,718258,2551092
1789717084,6203197,235300,2807459,4605472,302114,1819940,718915,2551072
1789717087,6204478,169828,2808493,4605536,302190,1820520,719486,2579892
1789717089,6205760,235340,2809516,4605504,302267,1820952,720127,2579076
1789717091,6207023,178540,2810569,4605468,302346,1821668,720742,2578828
1789717094,6208284,235328,2811646,4605540,302426,1822164,721419,2560764
1789717096,6209664,235380,2812736,4605512,302508,1822764,721996,2551052
1789717099,6210933,235292,2813790,4605552,302588,1823328,722625,2550996
1789717101,6212239,216820,2814840,4605524,302666,1823788,723254,2578580
1789717104,6213469,235276,2815853,4605536,302742,1824380,723834,2577868
1789717106,6214698,235348,2816872,4605512,302821,1824992,724463,2578000
1789717109,6215940,235296,2817883,4605512,302895,1825516,725029,2551044
1789717111,6217207,235340,2818939,4605564,302972,1826088,725662,2551052
1789717114,6218452,208688,2819960,4605572,303049,1826628,726261,2577184
1789717116,6219766,235300,2821035,4605448,303132,1827272,726903,2577780
1789717118,6221018,235308,2822080,4605540,303210,1827820,727487,2578100
1789717121,6222248,235268,2823111,4605480,303290,1828360,728184,2577256
1789717124,6223706,235340,2824222,4605500,303372,1828948,728790,2551124
1789717126,6224980,192800,2825300,4637016,303449,1829560,729354,2551108
1789717129,6226199,235380,2826324,4639028,303523,1830140,729962,2577244
1789717131,6227453,235380,2827376,4641036,303602,1830648,730571,2577648
1789717134,6228745,235332,2828483,4688140,303682,1831220,731213,2576924
1789717136,6229983,235344,2829554,4730092,303758,1831740,731813,2551164
1789717139,6231366,235304,2830786,4746984,303850,1832436,732515,2551236
1789717141,6232890,235332,2832106,4750676,303942,1832948,733211,2551240
1789717144,6234378,235332,2833445,4750808,304045,1833616,734003,2551120
1789717147,6235955,209340,2834610,4605652,304134,1834276,734660,2576300
1789717149,6237347,202652,2835815,4605632,304218,1834732,735368,2577692
1789717152,6239000,188360,2837215,4605576,304319,1835564,736190,2575968
1789717155,6240588,235344,2838739,4605560,304421,1836172,737026,2578900
1789717158,6242280,235328,2839825,4605488,304500,1836688,737529,2578860
1789717161,6243702,278360,2841047,4605400,304588,1837212,738166,2577344
1789717163,6245172,235376,2842252,4605640,304675,1837800,738846,2576164
1789717166,6246574,235388,2843391,4605528,304760,1838316,739469,2551108
1789717168,6247936,179148,2844500,4605528,304841,1838868,740129,2577564
1789717170,6249511,169916,2845924,4605492,304943,1839636,741042,2551240
1789717175,6251525,235344,2847447,4605592,305059,1840368,741812,2551192
1789717178,6253460,283344,2849076,4616772,305172,1841036,742722,3095256
1789717181,6255332,300744,2850696,4605648,305284,1841712,743555,2968556
1789717184,6257231,278404,2852283,4605636,305396,1842336,744358,2968468
1789717187,6258877,235344,2853700,4605552,305500,1842976,745088,2973248
1789717189,6260588,235328,2855136,4605688,305603,1843616,745884,2965864
1789717192,6262283,235340,2856678,4605656,305715,1844300,746673,2965844
1789717195,6264135,300852,2858109,4605612,305823,1844932,747539,2968812
1789717198,6265964,235292,2859670,4605624,305935,1845700,748309,2969088
1789717201,6267638,235388,2861119,4605528,306037,1846332,749228,2977896
1789717204,6269824,208680,2862965,4605636,306163,1847188,750043,2978004
1789717208,6271850,235332,2864451,4605948,306268,1847800,750847,2970732
1789717210,6273550,239248,2865906,4605532,306370,1848436,751627,2970728
1789717213,6275141,235300,2867246,4605544,306467,1848996,752402,2971416
1789717216,6276638,235372,2868529,4605632,306567,1849768,753054,2997944
1789717219,6278052,219492,2869718,4605592,306656,1850396,753775,2991436
1789717222,6279525,235308,2871019,4605680,306754,1850940,754520,2990784
1789717225,6281053,290820,2872342,4605648,306864,1851788,755379,2990596
1789717228,6282991,235348,2873961,4605708,306971,1852476,756167,3010268
1789717231,6284736,235376,2875397,4605600,307074,1853060,756948,3010880
1789717234,6286321,235352,2876784,4605652,307179,1853880,757783,2999760
1789717237,6288197,235304,2878326,4605712,307290,1854564,758654,3001884
1789717240,6290048,235372,2879910,4605516,307401,1855296,759498,2999732
1789717243,6291832,235332,2881462,4605624,307516,1856012,760371,2999764
1789717246,6293596,235380,2882930,4636312,307624,1856700,761170,3001836
1789717250,6295681,300816,2884832,4637644,307758,1857540,762302,2999332
1789717253,6297781,246688,2886648,4683360,307881,1858304,763135,3001756
1789717256,6299584,235352,2888218,4729348,307993,1858884,763955,3001296
1789717259,6301409,235328,2889873,4750088,308108,1859712,764833,3002200
1789717262,6303240,280476,2891476,4750204,308219,1860260,765704,3001480
1789717266,6305315,235380,2893349,4785380,308336,1860952,766537,3000384
1789717269,6307156,235300,2895002,4754804,308447,1861828,767437,3001772
1789717272,6309114,235376,2896640,4754920,308555,1862536,768224,2999804
1789717275,6310959,300852,2898247,4755836,308662,1863056,769043,3000616
1789717278,6312775,235292,2899813,4755924,308772,1863828,769872,2998888
1789717281,6314630,235376,2901423,4755696,308889,1864464,770828,2999260
1789717284,6316575,235276,2903096,4756004,309009,1865312,771668,3023364
1789717287,6318390,240568,2904696,4756092,309122,1865960,772546,3017732
1789717290,6320266,235344,2905905,4605756,309246,1866652,773407,2990732
1789717294,6322125,235304,2907506,4605524,309370,1867408,774336,2990620
1789717297,6323957,235300,2909091,4605692,309480,1868108,775167,2990612
1789717300,6325870,235380,2910737,4605676,309604,1868868,776141,2990968
1789717304,6327842,235376,2912513,4605580,309731,1869692,777051,3017308
1789717307,6329783,232100,2914149,4602440,309843,1869528,777943,2996924
1789717310,6331637,232100,2915785,4602464,309975,1870344,778878,3016908
1789717313,6333528,232092,2917423,4602448,310088,1871124,779753,3014844
1789717316,6335355,263824,2918859,4602300,310187,1871716,780461,3017536
1789717319,6336912,232120,2920123,4602440,310279,1872236,781110,2990940
1789717321,6338331,175908,2921286,4602584,310371,1872788,781972,2990900
1789717324,6340064,232144,2922732,4602448,310470,1873528,782643,3017564
1789717327,6341393,232180,2923878,4602464,310557,1874104,783345,3017368
1789717329,6342980,232100,2925130,4602312,310647,1874724,784023,3018328
1789717332,6344413,232124,2926329,4602324,310735,1875256,784817,3018616
1789717335,6346015,232124,2927636,4602376,310824,1875840,785501,3019676
1789717337,6347420,232152,2928824,4602512,310912,1876468,786175,2991476
1789717340,6348874,232096,2930000,4602460,310993,1877112,786942,2991452
1789717343,6350426,232064,2931234,4602456,311087,1877516,787578,2991404
1789717345,6351903,229504,2932469,4602400,311173,1878228,788316,3018776
1789717348,6353385,297572,2933805,4602484,311272,1878776,789061,3017884
1789717351,6355062,297592,2935112,4602416,311359,1879540,789753,3016692
1789717354,6356522,232148,2936327,4602420,311443,1880100,790473,3019160
1789717356,6358090,178764,2937652,4602460,311536,1880684,791179,3018140
1789717359,6359587,232100,2938866,4602468,311631,1881344,792037,3018620
1789717362,6361246,232180,2940218,4602512,311713,1882032,792681,3020060
1789717365,6362608,166672,2941314,4602380,311795,1882580,793376,3017164
1789717367,6364194,232124,2942701,4633960,311884,1883176,794061,2991988
1789717370,6365531,192852,2943784,4636224,311961,1883576,794677,3018600
1789717372,6366903,297604,2944985,4671156,312049,1884148,795407,3018648
1789717375,6368166,232148,2946008,4720948,312120,1884836,795968,3018416
1789717377,6369445,232140,2947094,4741820,312200,1885424,796632,3017464
1789717379,6370933,232096,2948362,4746152,312291,1885984,797303,2992300
1789717382,6372325,232176,2949517,4750036,312378,1886616,798001,3019908
1789717384,6373801,232072,2950646,4602556,312466,1887124,798750,3019356
1789717387,6375328,213620,2951884,4602640,312556,1887804,799451,3018020
1789717389,6376623,232128,2952930,4602728,312634,1888312,800124,3018428
1789717392,6378048,232072,2954103,4602724,312724,1888960,800810,3015452
1789717394,6379466,232096,2955268,4602620,312800,1889480,801277,2992340
1789717397,6380807,232140,2956371,4602772,312886,1890056,801939,3018704
1789717399,6382148,232096,2957463,4602716,312974,1890668,802631,3019504
1789717402,6383596,232176,2958638,4602748,313058,1891288,803195,3020228
1789717404,6384958,232096,2959768,4602752,313144,1891792,803788,3018588
1789717407,6386323,232100,2960860,4602736,313222,1892368,804399,2992336
1789717409,6387588,297600,2961887,4602692,313298,1892960,805076,2992364
1789717412,6388894,232128,2962931,4602620,313370,1893472,805662,3018948
1789717414,6390149,232132,2963930,4602784,313445,1893976,806269,3020208
1789717417,6391398,232180,2964960,4602684,313519,1894532,806871,3020288
1789717419,6392603,232068,2965935,4602808,313589,1895132,807466,2992308
1789717421,6393863,232144,2966964,4602708,313662,1895668,808095,2992280
1789717424,6395100,232144,2967971,4602656,313738,1896256,808700,3019636
1789717426,6396366,232124,2968977,4602552,313811,1896768,809323,3019356
1789717429,6397681,232124,2970053,4602688,313899,1897364,809990,3019800
1789717431,6399038,193060,2971189,4602744,313975,1898024,810612,3019880
1789717434,6400306,232092,2972191,4602692,314048,1898480,811239,2992312
1789717436,6401560,232092,2973207,4602692,314119,1899052,811857,2992320
1789717439,6402768,232136,2974173,4602736,314190,1899624,812402,3020332
1789717441,6403971,232148,2975153,4602740,314265,1900188,813082,3019560
1789717444,6405253,198304,2976194,4602804,314333,1900652,813652,3018728
1789717446,6406445,215840,2977157,4602756,314402,1901248,814227,2992300
1789717448,6407673,232188,2978148,4602688,314476,1901824,814880,2992324
1789717451,6408955,224252,2979210,4602660,314551,1902376,815464,3019620
1789717453,6410181,232100,2980188,4602860,314623,1902728,816102,3018548
1789717456,6411457,185044,2981220,4602784,314696,1903348,816686,3018464
1789717458,6412700,232188,2982235,4602628,314768,1903932,817276,2992336
1789717460,6413931,226872,2983240,4602640,314840,1904452,817898,2992212
1789717463,6415227,232064,2984268,4602704,314908,1904916,818485,3018896
1789717465,6416399,232172,2985199,4602796,314976,1905516,819059,3019036
1789717468,6417642,232180,2986202,4602620,315044,1906052,819682,3018860
1789717470,6418841,232152,2987174,4602728,315113,1906468,820261,2992280
1789717472,6420039,216608,2988149,4602680,315184,1907116,820889,2992440
1789717475,6421343,232140,2989206,4602720,315264,1907616,821488,3019132
1789717477,6422671,179564,2990289,4602692,315343,1908268,822152,3019340
1789717480,6424110,232132,2991464,4602748,315432,1908888,822853,3019116
1789717483,6425394,232140,2992537,4602740,315513,1909436,823464,3018956
1789717485,6426697,232068,2993573,4602856,315589,1909852,824122,2992568
1789717487,6428028,232064,2994707,4635268,315670,1910520,824760,2992524
1789717490,6429386,232172,2995859,4636604,315760,1911172,825490,3018532
1789717493,6430908,232124,2997192,4698760,315850,1911680,826213,3021704
1789717495,6432287,232092,2998249,4740000,315925,1912172,826809,3019908
1789717498,6433634,232176,2999386,4748208,316005,1912712,827476,3018068
1789717500,6434923,232176,3000505,4748168,316086,1913332,828136,2992584
1789717503,6436389,232144,3001733,4752364,316176,1913956,828803,2992560
1789717505,6437692,232144,3002667,4602784,316255,1914472,829496,3019552
1789717508,6439157,207392,3003893,4602920,316347,1915184,830198,3020244
1789717510,6440468,232144,3004951,4602772,316425,1915724,830875,3018844
1789717513,6441765,232096,3006020,4602828,316506,1916176,831491,3019388
1789717515,6443061,232184,3007065,4602624,316585,1916820,832111,2992564
1789717518,6444296,232140,3008068,4602876,316659,1917368,832760,2992444
1789717520,6445510,232104,3009057,4602784,316730,1917940,833354,3017852
1789717523,6446691,232068,3009988,4602776,316798,1918444,833900,3020104
1789717525,6447920,232100,3010997,4602740,316872,1918908,834555,3019356
1789717527,6449196,232176,3012011,4602788,316944,1919536,835140,2992564
1789717530,6450426,232180,3013004,4602840,317017,1920088,835790,2992552
1789717532,6451631,232088,3013966,4602788,317084,1920732,836362,3019504
1789717535,6452811,232136,3014930,4602752,317152,1921068,836905,3018336
1789717537,6454001,232180,3015894,4602792,317221,1921732,837542,3018464
1789717539,6455226,166716,3016876,4602772,317295,1922184,838134,2992588
1789717542,6456402,232100,3017828,4602820,317362,1922824,838708,2992552
1789717544,6457634,232068,3018828,4602740,317436,1923292,839374,3018588
1789717547,6458897,232148,3019922,4653656,317510,1923952,839946,3020428
1789717549,6460069,232128,3020957,4668136,317583,1924504,840601,3021060
1789717551,6461330,232068,3022006,4670604,317653,1925052,841185,2992792
1789717554,6462622,232072,3023072,4670652,317733,1925656,841816,2992700
1789717556,6463876,232140,3024105,4670560,317807,1926128,842479,3018848
1789717559,6465251,232152,3025262,4670492,317886,1926772,843129,3018896
1789717561,6466524,236844,3026309,4670524,317957,1927364,843715,3019880
1789717564,6467712,218636,3027133,4602828,318026,1927964,844373,3002440
1789717566,6468996,232100,3028172,4602832,318101,1928608,844987,2992840
1789717569,6470210,232096,3029151,4602920,318170,1929260,845621,3021224
1789717571,6471404,232188,3030114,4602960,318239,1929852,846203,3021040
1789717573,6472590,232104,3031082,4602892,318310,1930440,846782,3019544
1789717576,6473755,232100,3032008,4602820,318377,1931148,847420,3018696
1789717578,6474972,232144,3032994,4602928,318450,1931800,847996,2992776
1789717581,6476138,232128,3033931,4602860,318517,1932372,848558,3019412
1789717583,6477379,232096,3034948,4602812,318592,1933084,849225,3020128
1789717585,6478661,173544,3035991,4603036,318665,1933736,849840,3019260
1789717588,6479903,232128,3037032,4602948,318742,1934324,850586,3018472
1789717591,6481357,232096,3038252,4602900,318826,1935176,851300,3019636
1789717594,6482750,232100,3039289,4603012,318898,1935768,851868,2992828
1789717596,6483943,232124,3040266,4602944,318972,1936372,852549,2992796
1789717599,6485219,232180,3041289,4602800,319042,1937020,853113,3020768
1789717601,6486394,199448,3042244,4602896,319110,1937608,853754,3019576
1789717603,6487613,232084,3043224,4602876,319179,1938192,854333,3019312
1789717606,6488809,232104,3044186,4602956,319248,1938648,854914,2992812
1789717608,6490012,232132,3045225,4602888,319322,1939236,855593,2992828
1789717611,6491333,232184,3046236,4602912,319393,1939912,856195,2992828
1789717613,6492579,214220,3047242,4602888,319467,1940648,856847,3019420
1789717616,6493761,191792,3048200,4603052,319538,1941300,857435,3020760
1789717618,6495031,218976,3049220,4602944,319618,1941936,858065,3015840
1789717620,6496352,232128,3050291,4602788,319700,1942568,858732,2992820
1789717623,6497583,232184,3051309,4602788,319772,1943296,859344,3019792
1789717625,6498797,232096,3052287,4602816,319844,1943912,859968,3018288
1789717628,6500133,232092,3053370,4602868,319922,1944576,860652,3020932
1789717630,6501352,232172,3054365,4602984,319993,1945184,861245,3018764
1789717633,6502607,232140,3055374,4602920,320073,1945892,861915,2992860
1789717635,6503936,232128,3056436,4603044,320144,1946512,862524,2992820
1789717638,6505147,232180,3057412,4603044,320215,1947132,863128,3020184
1789717640,6506389,196444,3058405,4602944,320288,1947564,863774,3019460
1789717642,6507566,232180,3059354,4602924,320357,1948224,864355,3019512
1789717645,6508735,232100,3060284,4602836,320424,1948792,864953,2992856
1789717647,6509904,232128,3061229,4602952,320493,1949352,865568,2992848
1789717650,6511213,232064,3062283,4602856,320568,1949944,866161,3019604
1789717652,6512440,232180,3063272,4602960,320640,1950544,866821,3020276
1789717654,6513646,232148,3064271,4602892,320713,1951192,867421,3019348
1789717657,6514931,232172,3065267,4602920,320785,1951832,868031,2992816
1789717659,6516191,232136,3066284,4602832,320861,1952392,868695,2992840
1789717662,6517403,232136,3067272,4602900,320931,1953052,869303,3018776
1789717664,6518635,166600,3068239,4602784,321004,1953628,869983,3020996
1789717667,6519934,188092,3069326,4633252,321080,1954368,870571,3019164
1789717669,6521125,232172,3070323,4634768,321153,1955008,871168,2992816
1789717671,6522467,232100,3071474,4640180,321234,1955636,871865,2993000
1789717674,6523790,222860,3072554,4696956,321314,1956336,872514,3019296
1789717676,6525391,194600,3073946,4730472,321406,1956936,873071,3021120
1789717679,6526759,232144,3075085,4743972,321490,1957480,873765,3020496
1789717681,6528072,232072,3076206,4748120,321573,1958084,874396,3020768
1789717684,6529404,232092,3077330,4748152,321650,1958560,875084,2993060
1789717686,6530736,232072,3078405,4750672,321728,1959200,875736,2993012
1789717689,6532032,228720,3079493,4752508,321805,1959764,876365,3019408
1789717691,6533378,232068,3080459,4603264,321887,1960504,877069,3019884
1789717694,6534720,232136,3081539,4603360,321962,1961140,877687,3020488
1789717696,6536116,232124,3082719,4603224,322047,1961756,878434,2992892
1789717698,6537631,283384,3083960,4603336,322131,1962440,879116,2992888
1789717701,6539051,232172,3085127,4603316,322218,1962964,879795,3022036
1789717704,6540831,202576,3086664,4603372,322317,1963596,880475,3019908
1789717706,6542246,232104,3087793,4603356,322400,1964172,881120,3019888
1789717709,6543580,232096,3088935,4603368,322480,1964776,881625,3018692
1789717711,6544949,232176,3090005,4603216,322561,1965444,882266,2992916
1789717713,6546274,232072,3091094,4603260,322644,1966032,882911,2992956
1789717716,6547610,263768,3092176,4603360,322726,1966624,883480,3019276
1789717718,6548921,232124,3093241,4603308,322801,1967156,884047,3020484
1789717721,6550338,232068,3094443,4603356,322886,1967804,884714,3021336
1789717723,6551826,232100,3095683,4603364,322972,1968412,885421,3001948
1789717726,6553221,232184,3096853,4682672,323056,1969028,885979,2992988
1789717728,6554728,276188,3098164,4603320,323153,1969796,886736,2993020
1789717731,6556229,232088,3099355,4603388,323235,1970336,887402,3019568
1789717734,6557630,178852,3100500,4603360,323316,1971008,888060,3020412
1789717736,6558990,232128,3101623,4603300,323397,1971624,888636,3019836
1789717738,6560329,232100,3102745,4603204,323480,1972220,889253,2996532
1789717741,6561975,217076,3104151,4603292,323579,1973008,890034,2993036
1789717744,6563468,232128,3105344,4603388,323661,1973640,890570,2993028
1789717746,6564826,232184,3106484,4603320,323745,1974236,891227,3019780
1789717748,6566205,232132,3107628,4603292,323828,1974692,891977,3019940
1789717751,6567579,232096,3108730,4603420,323909,1975448,892622,3020556
1789717754,6568922,232180,3109830,4603364,323990,1975976,893291,3024316
1789717756,6570318,232084,3110964,4603440,324078,1976780,894008,3021840
1789717759,6571766,232100,3112151,4603328,324163,1977504,894658,3021684
1789717761,6573146,232124,3113327,4603344,324253,1978212,895442,3047904
1789717764,6574675,200184,3114574,4603292,324338,1978752,896001,3048212
1789717766,6576176,232128,3115847,4603388,324430,1979528,896685,3048800
1789717769,6577799,232140,3117193,4603460,324530,1980056,897440,3047692
1789717771,6579356,247132,3118441,4603316,324615,1980832,897964,3022028
1789717774,6580706,232100,3119548,4603340,324695,1981356,898660,3022076
1789717776,6582062,232100,3120664,4603428,324783,1981864,899357,3048284
1789717779,6583578,232172,3121937,4603400,324876,1982652,899888,3048016
1789717781,6585040,232184,3123133,4603304,324958,1983340,900611,3049404
1789717784,6586516,232176,3124365,4603360,325049,1984048,901300,3049088
1789717786,6588011,263776,3125658,4635704,325140,1984720,901898,3022112
1789717789,6589550,232168,3126918,4637956,325226,1985320,902569,3022164
1789717791,6590978,232064,3128113,4640676,325310,1985904,903243,3048628
1789717794,6592403,232072,3129306,4696988,325397,1986620,903872,3048636
1789717796,6593781,232092,3130460,4732096,325474,1987148,904448,3047636
1789717799,6595115,232096,3131606,4744812,325556,1987740,905154,3023040
1789717801,6596500,232140,3132783,4748780,325640,1988380,905657,3023032
1789717804,6597853,232096,3133920,4748960,325723,1988948,906289,3023072
1789717806,6599430,232144,3135107,4603468,325815,1989476,906914,3049164
1789717809,6600861,232092,3136284,4603376,325900,1990188,907565,3049316
1789717811,6602289,232100,3137449,4603344,325983,1990796,908217,3051280
1789717814,6603757,297572,3138718,4603440,326073,1991472,908977,3023056
1789717816,6605179,232144,3139882,4603480,326157,1992020,909497,3023192
1789717819,6606678,232176,3141131,4603484,326242,1992652,910184,3050148
1789717821,6608104,232124,3142296,4603564,326325,1993260,910851,3049072
1789717824,6609582,232144,3143490,4603600,326412,1993968,911396,3049092
1789717826,6610970,232184,3144656,4603548,326493,1994564,912118,3049956
1789717829,6612393,232180,3145794,4603588,326574,1995128,912582,3023180
1789717831,6613854,232084,3147051,4603716,326659,1995812,913257,3023164
1789717834,6615173,297572,3148108,4603524,326734,1996224,913870,3049628
1789717836,6616598,232132,3149312,4603544,326823,1996872,914479,3049464
1789717839,6618113,209696,3150540,4603660,326907,1997348,915164,3050352
1789717841,6619441,232152,3151623,4603628,326985,1997996,915611,3045896
1789717843,6620783,232100,3152770,4603640,327064,1998540,916254,3023240
1789717846,6622154,232092,3153922,4664372,327144,1999228,916839,3023192
1789717848,6623469,232068,3155079,4667300,327222,1999704,917409,3049784
1789717851,6624797,297536,3156180,4668732,327303,2000392,918041,3049144
1789717853,6626223,232100,3157356,4668916,327382,2001032,918571,3048388
1789717856,6627613,238208,3158566,4668716,327475,2001776,919256,3023172
1789717858,6629092,222148,3159812,4670256,327553,2002236,919811,3023184
1789717861,6630448,232172,3160934,4670160,327637,2002992,920480,3051760
1789717863,6632042,232144,3162176,4603656,327736,2003696,921156,3049300
1789717866,6633525,232096,3163347,4603664,327815,2004264,921727,3049880
1789717868,6634792,220736,3164364,4603648,327891,2004888,922344,3045384
1789717870,6636053,232100,3165422,4603608,327970,2005492,923030,3023252
1789717873,6637393,232144,3166467,4603636,328046,2005964,923604,3049672
1789717875,6638650,232148,3167481,4603620,328119,2006640,924080,3049184
1789717878,6639956,232132,3168519,4603532,328198,2007232,924753,3051204
1789717880,6641281,232176,3169607,4603640,328284,2007952,925264,3050320
1789717883,6642786,232124,3170819,4603600,328367,2008548,925937,3023200
1789717885,6644230,232180,3172001,4603524,328452,2009252,926592,3023192
1789717888,6645537,232068,3173100,4603836,328528,2009748,927127,3050788
1789717890,6647215,297652,3174505,4603596,328627,2010352,927755,3049420
1789717893,6648622,269984,3175651,4603624,328705,2011020,928367,3049604
1789717895,6650042,297564,3176864,4603612,328798,2011612,928932,3034684
1789717898,6651631,272000,3178169,4603664,328890,2012292,929713,3023144
1789717901,6652952,232176,3179298,4603612,328975,2012876,930231,3023124
1789717903,6654458,232144,3180418,4603624,329053,2013596,930884,3023208
1789717906,6655817,170700,3181560,4633492,329136,2014024,931575,3051120
1789717908,6657239,232176,3182773,4634776,329217,2014684,932096,3049152
1789717911,6658761,232100,3184014,4603724,329313,2015428,932848,3051100
1789717913,6660224,232124,3185231,4603508,329398,2016012,933470,3023232
1789717916,6661621,260076,3186421,4603708,329484,2016528,934024,3023212
1789717918,6663053,232096,3187560,4603612,329561,2017160,934721,3050348
1789717920,6664284,232128,3188569,4603652,329637,2017584,935349,3050284
1789717923,6665760,248988,3189781,4603524,329718,2018292,935881,3051372
1789717925,6667232,262972,3191022,4603708,329809,2018716,936611,3023196
1789717928,6668688,232140,3192210,4615268,329890,2019328,937122,3023288
1789717930,6670083,202296,3193335,4603604,329973,2020040,937769,3023204
1789717933,6671348,222368,3194408,4603660,330052,2020716,938395,3050520
1789717935,6672735,232176,3195506,4603612,330134,2021380,938882,3050812
1789717938,6674174,232096,3196729,4603584,330221,2021916,939617,3049900
1789717940,6675590,232124,3197838,4603728,330292,2022556,940109,3049068
1789717943,6676952,232144,3198955,4603704,330374,2023184,940780,3023336
1789717945,6678306,232172,3200032,4603636,330452,2023728,941359,3050832
1789717948,6679750,232092,3201227,4603612,330535,2024412,941903,3050968
1789717950,6681104,232120,3202332,4603584,330611,2024912,942603,3049816
1789717953,6682408,232180,3203390,4603664,330687,2025604,943045,3050784
1789717955,6683765,232148,3204539,4603644,330773,2026192,943712,3023356
1789717958,6685339,232624,3205825,4603620,330864,2026752,944453,3023328
1789717960,6686668,207288,3206906,4603612,330944,2027388,944995,3050272
1789717962,6688088,232176,3208088,4603652,331038,2027968,945692,3049668
1789717965,6689528,232092,3209274,4603576,331119,2028388,946308,3049656
1789717967,6690799,232104,3210318,4635988,331194,2029000,946771,3023372
1789717970,6692164,249516,3211508,4636012,331280,2029476,947483,3023332
1789717972,6693772,232068,3212839,4641676,331366,2030208,948013,3050088
1789717975,6695227,236392,3214094,4689708,331457,2030716,948691,3050288
1789717977,6696716,232180,3215349,4727464,331537,2031208,949202,3048724
1789717979,6698032,175156,3216478,4744408,331616,2031888,949862,3049524
1789717982,6699499,232100,3217698,4748388,331704,2032504,950447,3023288
1789717984,6700954,232104,3218948,4748336,331790,2033048,951069,3050496
1789717987,6702355,232096,3220147,4748368,331878,2033824,951581,3049448
1789717989,6704085,297616,3221741,4757512,331983,2034452,952359,3050736
1789717992,6705610,232120,3222778,4603504,332072,2035092,952955,3049852
1789717994,6706989,193628,3223921,4603792,332159,2035696,953609,3023468
1789717997,6708387,232120,3225108,4603572,332246,2036312,954186,3023476
1789717999,6709768,232144,3226239,4603712,332328,2036948,954828,3048664
1789718002,6711099,232184,3227347,4603676,332411,2037584,955538,3050924
1789718004,6712468,232180,3228497,4603772,332496,2038172,956048,3052700
1789718007,6713842,232140,3229676,4603728,332581,2038768,956682,3023612
1789718009,6715413,232184,3230961,4603784,332682,2039496,957325,3023604
1789718012,6716881,232172,3232172,4603628,332759,2039996,957830,3023560
1789718014,6718260,207484,3233334,4603692,332844,2040612,958484,3050664
1789718017,6719672,232176,3234511,4603700,332927,2041272,958949,3049840
1789718019,6721125,232144,3235730,4603712,333014,2041784,959608,3050320
1789718021,6722583,232144,3236960,4603644,333103,2042484,960234,3049672
1789718024,6724080,232088,3238213,4603832,333194,2043132,960944,3023552
1789718027,6725487,232148,3239391,4604072,333273,2043800,961517,3728188
1789718029,6726776,232120,3240411,4603972,333345,2044300,962107,3726756
1789718031,6728110,232132,3241500,4603912,333429,2044732,962730,3588728
1789718034,6729464,232092,3242651,4603936,333512,2045400,963294,3561924
1789718036,6730781,232092,3243742,4603864,333588,2045884,963748,3561720
1789718039,6732135,272196,3244967,4604024,333677,2046572,964483,3553888
1789718041,6733533,180968,3245989,4603996,333753,2047156,964928,3580104
1789718044,6734813,232128,3247036,4603968,333832,2047780,965603,3581364
1789718046,6736241,232128,3248153,4603952,333916,2048264,966161,3576224
1789718049,6737660,232176,3249340,4603964,333999,2048756,966795,3574152
1789718051,6738995,233684,3250536,4603884,334089,2049432,967363,3550764
1789718054,6740609,232140,3251798,4604036,334175,2049960,968079,3553764
1789718056,6741733,232140,3252644,4603972,334234,2050408,968481,3581008
1789718059,6743042,188620,3253699,4603960,334313,2050940,969090,3579688
1789718061,6744342,232124,3254762,4603900,334391,2051524,969704,3583420
1789718064,6745650,232132,3255821,4604060,334464,2052060,970207,3548932
1789718066,6746932,232180,3256884,4603996,334542,2052592,970859,3549004
1789718069,6748305,232136,3257979,4604000,334622,2052996,971324,3575624
1789718071,6749643,232148,3259127,4604052,334706,2053660,972037,3575664
1789718073,6750948,232188,3260139,4603964,334776,2054112,972572,3574912
1789718076,6752223,232084,3261172,4603920,334854,2054656,973080,3548936
1789718078,6753523,232180,3262237,4604008,334935,2055392,973821,3552344
1789718081,6755043,232180,3263442,4603948,335013,2055820,974296,3574620
1789718083,6756390,232088,3264565,4603956,335095,2056420,974908,3575416
1789718086,6757793,232712,3265717,4656120,335176,2057080,975495,3576584
1789718088,6759048,232092,3266798,4663060,335250,2057616,976113,3576528
1789718091,6760386,182284,3267909,4663308,335325,2058140,976575,3548996
1789718093,6761789,232172,3269160,4663332,335415,2058792,977277,3549020
1789718096,6763152,232100,3270240,4663440,335493,2059104,977828,3574988
1789718098,6764563,232096,3271335,4604076,335585,2059908,978544,3574984
1789718101,6766014,183788,3272497,4603944,335667,2060524,979052,3575704
1789718103,6767295,232176,3273536,4603948,335743,2061080,979608,3575516
1789718106,6768651,232136,3274667,4603948,335829,2061644,980173,3548972
1789718108,6770179,232172,3275929,4603944,335919,2062424,980763,3549024
1789718111,6771732,232144,3277209,4603840,336011,2063072,981449,3549032
1789718113,6773054,232172,3278316,4604036,336090,2063496,981950,3575992
1789718116,6774306,232096,3279387,4603880,336176,2064184,982706,3574912
1789718119,6775772,232100,3280510,4603988,336253,2064776,983157,3577140
1789718121,6777115,232128,3281599,4603976,336329,2065328,983794,3575124
1789718123,6778379,232172,3282622,4603936,336401,2065832,984375,3549060
1789718126,6779677,297648,3283699,4604012,336480,2066324,984919,3576248
1789718128,6780954,232172,3284722,4604040,336558,2066984,985551,3575876
1789718131,6782341,232128,3285880,4603956,336641,2067608,986078,3575072
1789718133,6783699,232176,3286966,4603908,336725,2068036,986751,3549120
1789718136,6785085,232128,3288172,4603968,336812,2068804,987489,3549032
1789718138,6786686,177188,3289434,4604100,336896,2069364,988076,3549124
1789718141,6787997,232104,3290507,4603956,336971,2069904,988712,3575044
1789718143,6789294,232092,3291582,4603896,337051,2070448,989285,3575820
1789718146,6790570,232096,3292604,4629236,337126,2071032,989834,3576816
1789718148,6791884,232136,3293712,4635204,337206,2071664,990470,3549144
1789718151,6793179,232172,3294805,4635948,337291,2072332,990954,3549004
1789718153,6794622,232064,3296075,4640044,337380,2072780,991670,3576216
1789718156,6796083,232144,3297342,4690784,337466,2073492,992219,3577608
1789718158,6797412,232172,3298432,4728240,337545,2074052,992709,3574748
1789718161,6798828,232096,3299639,4740976,337629,2074560,993421,3576704
1789718163,6800224,232100,3300806,4749344,337710,2075176,993947,3549244
1789718166,6801638,258920,3302040,4749148,337797,2075928,994531,3579092
1789718168,6803098,232184,3303232,4749288,337882,2076452,995180,3605836
1789718171,6804456,232180,3304465,4754380,337962,2076908,995657,3607248
1789718173,6805875,232084,3305647,4754532,338041,2077408,996291,3606724
1789718175,6807189,232176,3306445,4604420,338123,2078156,996993,3596652
1789718178,6808476,232136,3307512,4604340,338199,2078724,997510,3579084
1789718180,6809869,232092,3308640,4604316,338281,2079232,998105,3579060
1789718183,6811128,232176,3309672,4604312,338356,2079928,998744,3605340
1789718185,6812401,232092,3310698,4604404,338428,2080416,999180,3604636
1789718188,6813730,232096,3311811,4604616,338512,2081032,999781,3607192
1789718190,6815232,232088,3313002,4604464,338593,2081520,1000393,3579128
1789718193,6816466,232188,3313949,4604544,338661,2081920,1000984,3579136
1789718195,6817703,232068,3314951,4604432,338737,2082412,1001438,3606716
1789718197,6819095,231988,3316122,4604404,338823,2083144,1002078,3606044
1789718200,6820453,232176,3317249,4604460,338905,2083536,1002647,3604312
1789718202,6821879,245592,3318455,4604544,338994,2084200,1003149,3604348
1789718205,6823447,232124,3319709,4604248,339081,2084740,1003860,3579108
1789718207,6825092,232092,3321147,4604364,339186,2085436,1004528,3579000
1789718210,6826731,232100,3322460,4604544,339274,2085968,1005079,3606504
1789718213,6828099,232180,3323583,4604500,339358,2086420,1005748,3605924
1789718215,6829435,217836,3324721,4604520,339442,2087108,1006282,3605244
1789718218,6830882,232128,3325926,4604352,339532,2087564,1006870,3606808
1789718220,6832240,232172,3326940,4604504,339608,2088232,1007463,3579192
1789718223,6833467,199972,3327917,4604484,339680,2088752,1007908,3579260
1789718225,6834786,232100,3329079,4604512,339765,2089424,1008612,3607068
1789718228,6836213,232092,3330143,4604492,339843,2089976,1009148,3605540
1789718230,6837691,232148,3331394,4604520,339929,2090488,1009826,3604756
1789718233,6839107,232132,3332584,4604396,340015,2090988,1010317,3604928
1789718235,6840605,232180,3333812,4604424,340102,2091648,1010973,3579236
1789718238,6842024,232128,3334963,4604488,340184,2092220,1011527,3579252
1789718240,6843434,232128,3336184,4604504,340266,2092780,1012217,3605232
1789718242,6844745,167768,3337198,4604604,340341,2093344,1012701,3605816
1789718245,6846110,232144,3338314,4604548,340427,2094032,1013407,3606004
1789718247,6847435,232132,3339388,4604484,340503,2094540,1013967,3579264
1789718250,6848661,232124,3340367,4604496,340576,2095036,1014467,3579240
1789718252,6849936,232676,3341397,4604360,340653,2095520,1015136,3606124
1789718255,6851157,232172,3342382,4604396,340726,2096084,1015590,3604980
1789718257,6852425,232144,3343414,4604452,340803,2096564,1016204,3605544
1789718259,6853767,232176,3344566,4604456,340883,2097176,1016750,3579484
1789718262,6855166,218944,3345693,4604532,340964,2097768,1017304,3579544
1789718264,6856501,232144,3346831,4604368,341051,2098352,1017964,3605128
1789718267,6857920,232092,3347951,4604576,341127,2098928,1018437,3606616
1789718269,6859237,232100,3349042,4604472,341209,2099448,1018990,3605872
1789718272,6860535,232152,3350098,4604492,341288,2099988,1019511,3607304
1789718274,6861881,232124,3351197,4604484,341369,2100504,1020065,3579496
1789718277,6863217,232124,3352297,4604528,341452,2101112,1020664,3606088
1789718279,6864533,232140,3353366,4604488,341535,2101584,1021123,3607028
1789718281,6865770,225752,3354368,4604372,341614,2102176,1021837,3606912
1789718284,6867214,232176,3355560,4604476,341690,2102676,1022367,3606592
1789718286,6868540,232168,3356656,4604492,341769,2103336,1022945,3579528
1789718289,6869894,232072,3357780,4604568,341848,2103832,1023585,3606164
1789718291,6871120,232136,3358775,4604444,341923,2104340,1024082,3606712
1789718293,6872423,232140,3359830,4604480,341999,2104844,1024642,3606032
1789718296,6873897,250584,3361064,4604460,342086,2105500,1025262,3599024
1789718299,6875268,232124,3362194,4604488,342166,2106028,1025778,3579520
1789718301,6876619,232136,3363271,4604516,342248,2106492,1026392,3579552
1789718304,6877710,297652,3364094,4604376,342310,2107044,1026831,3607336
1789718306,6879224,232176,3365315,4604588,342396,2107580,1027438,3608028
1789718309,6880568,232176,3366421,4604484,342473,2108112,1028005,3606124
1789718311,6881848,232096,3367452,4604412,342554,2108688,1028688,3605988
1789718314,6883279,183784,3368563,4604500,342628,2109084,1029205,3579508
1789718316,6884561,193424,3369616,4604444,342707,2109640,1029757,3579528
1789718318,6885935,214444,3370773,4604496,342798,2110344,1030380,3606804
1789718321,6887283,232176,3371854,4604512,342876,2110844,1030889,3607356
1789718323,6888678,232124,3373053,4604500,342964,2111464,1031542,3606080
1789718326,6890171,232176,3374303,4630820,343055,2111960,1032117,3605252
1789718329,6891440,232064,3375332,4636612,343125,2112628,1032566,3579536
1789718331,6892726,232140,3376392,4636584,343203,2113180,1033201,3605868
1789718333,6893953,232096,3377418,4640944,343277,2113652,1033774,3607120
1789718336,6895197,232104,3378488,4688052,343352,2114260,1034337,3605388
1789718338,6896562,232172,3379587,4729888,343430,2114848,1034858,3605872
1789718341,6898060,232100,3380783,4743600,343524,2115336,1035593,3605300
1789718344,6899591,171668,3382278,4747592,343627,2116148,1036311,3604760
1789718347,6901306,232172,3383608,4751704,343719,2116748,1036879,3579552
1789718350,6902802,232124,3384919,4754288,343815,2117364,1037541,3579452
1789718352,6904516,232124,3386361,4754404,343908,2118032,1038280,3579556
1789718355,6905973,232064,3387569,4754504,343993,2118744,1038816,3579556
1789718358,6907485,232144,3388760,4754504,344074,2119184,1039405,3579544
1789718361,6909065,232096,3390105,4754628,344164,2119860,1040115,3579500
1789718364,6910583,232132,3391100,4604924,344253,2120432,1040638,3605440
1789718366,6911986,232088,3392297,4604904,344339,2121036,1041206,3605364
1789718369,6913450,232172,3393567,4604944,344438,2121784,1042058,3606924
1789718372,6915556,198828,3395182,4604948,344551,2122428,1042726,3605632
1789718375,6916865,193452,3396221,4604908,344626,2122940,1043212,3606684
1789718377,6918133,232096,3397255,4604840,344703,2123388,1043789,3579592
1789718380,6919468,256688,3398348,4604956,344784,2124072,1044369,3579532
1789718382,6920865,258760,3399509,4604860,344869,2124684,1044959,3579440
1789718385,6922343,232188,3400691,4625172,344956,2125364,1045576,3579516
1789718388,6923615,232168,3401696,4604916,345027,2125768,1046060,3606556
1789718390,6924920,232180,3402742,4604940,345105,2126320,1046583,3605696
1789718393,6926223,232100,3403786,4604928,345180,2126976,1047175,3607864
1789718395,6927643,232100,3404968,4605024,345264,2127512,1047673,3579584
1789718397,6929010,266708,3406081,4604980,345349,2128116,1048334,3579580
1789718400,6930418,232140,3407248,4604848,345427,2128652,1048962,3605712
1789718402,6931999,232120,3408552,4604836,345517,2129168,1049625,3606064
1789718405,6933411,233500,3409682,4604940,345596,2129716,1050141,3605092
1789718407,6934879,232140,3410933,4604940,345685,2130284,1050796,3599860
1789718410,6936252,232148,3412026,4604904,345764,2130944,1051339,3579516
1789718412,6937644,297572,3413157,4604968,345851,2131508,1051922,3579480
1789718415,6939261,232172,3414490,4604844,345937,2132020,1052612,3608400
1789718417,6940612,232100,3415571,4604956,346015,2132620,1053103,3606312
1789718420,6941930,232096,3416633,4604872,346092,2133104,1053712,3605064
1789718422,6943169,232176,3417620,4604976,346162,2133648,1054245,3579592
1789718425,6944438,252208,3418651,4604892,346239,2134200,1054845,3579644
1789718427,6945715,232144,3419685,4604964,346312,2134728,1055273,3605924
1789718429,6946922,171120,3420694,4604816,346389,2135288,1055902,3608252
1789718432,6948239,232092,3421745,4604888,346471,2135816,1056429,3605900
1789718434,6949748,218320,3422984,4604988,346556,2136452,1056978,3603364
1789718437,6951096,232068,3424067,4604828,346634,2136956,1057649,3579692
1789718439,6952420,232180,3425168,4604972,346713,2137476,1058185,3607204
1789718442,6954043,297612,3426474,4604908,346804,2138032,1058771,3606232
1789718445,6955445,232096,3427656,4604856,346894,2138668,1059529,3608092
1789718447,6957030,232088,3428940,4604992,346987,2139248,1060170,3607476
1789718450,6958415,232128,3430063,4604932,347062,2139660,1060694,3603220
1789718452,6959875,232148,3431291,4604984,347161,2140332,1061482,3579816
1789718455,6961405,232100,3432517,4604912,347231,2140900,1061957,3579780
1789718457,6962734,232100,3433591,4604960,347310,2141392,1062533,3606336
1789718460,6963986,192312,3434608,4604940,347385,2141908,1063100,3607860
1789718462,6965356,232168,3435742,4604896,347472,2142524,1063624,3607616
1789718465,6966763,232096,3436895,4605016,347549,2143100,1064269,3587728
1789718467,6968273,232128,3438149,4604932,347636,2143500,1065008,3579804
1789718470,6969753,232184,3439348,4604912,347722,2144176,1065572,3579812
1789718472,6971068,232088,3440437,4604876,347802,2144728,1066092,3607952
1789718475,6972424,232124,3441558,4604940,347887,2145436,1066766,3608480
1789718477,6973862,232144,3442722,4605140,347974,2145884,1067287,3607184
1789718480,6975141,232144,3443748,4604852,348050,2146432,1067817,3601240
1789718482,6976669,183592,3445005,4604940,348139,2146992,1068500,3579692
1789718485,6978050,232092,3446217,4604816,348227,2147560,1069016,3579680
1789718487,6979408,232096,3447272,4604940,348305,2147988,1069603,3605788
1789718490,6980644,232144,3448280,4604872,348376,2148644,1070121,3607980
1789718492,6981889,166632,3449295,4604920,348454,2149076,1070622,3589240
1789718494,6983282,232088,3450484,4604840,348542,2149708,1071282,3579792
1789718497,6984721,269584,3451652,4604908,348623,2150224,1071794,3579792
1789718499,6986062,232136,3452731,4605000,348704,2150744,1072408,3606772
1789718502,6987425,213096,3453851,4604948,348785,2151324,1072980,3604760
1789718504,6988734,232176,3454962,4604784,348869,2151864,1073448,3607740
1789718507,6990252,232144,3456256,4635016,348964,2152488,1074206,3605416
1789718510,6991790,232172,3457498,4636904,349047,2153032,1074727,3579824
1789718512,6993175,232132,3458679,4637956,349127,2153560,1075375,3579788
1789718514,6994543,232088,3459833,4643544,349209,2154164,1075925,3606840
1789718517,6995815,232096,3460953,4704104,349286,2154660,1076532,3605692
1789718519,6997178,232140,3462052,4734560,349367,2155308,1077028,3606368
1789718522,6998442,232180,3463027,4747008,349435,2155756,1077550,3604988
1789718524,6999684,232140,3464037,4751216,349512,2156312,1078097,3579716
1789718527,7000890,232176,3465055,4751276,349587,2156936,1078565,3606892
1789718529,7002190,232088,3466066,4751280,349662,2157392,1079169,3606544
1789718532,7003406,232184,3467119,4754500,349733,2158064,1079633,3607360
1789718534,7004641,232100,3468142,4754384,349807,2158520,1080118,3607576
1789718536,7005881,232124,3468907,4605036,349880,2159160,1080712,3579800
1789718539,7007055,232104,3469870,4605104,349952,2159624,1081158,3606480
1789718541,7008463,232140,3470941,4605120,350032,2160228,1081816,3607136
1789718544,7009652,232068,3471902,4605040,350100,2160764,1082374,3607280
1789718546,7010811,232176,3472812,4605024,350177,2161148,1082965,3605576
1789718549,7012306,232140,3474039,4605020,350259,2161892,1083463,3601712
1789718551,7013557,232128,3475023,4605112,350334,2162456,1084039,3579776
1789718554,7014734,232120,3475967,4605000,350404,2163056,1084540,3579872
1789718556,7015972,232104,3476895,4605036,350474,2163440,1084960,3607152
1789718559,7017154,192260,3477838,4605016,350546,2164068,1085592,3606712
1789718561,7018364,232172,3478769,4605004,350621,2164648,1086136,3605904
1789718564,7019793,232100,3479896,4604940,350696,2165292,1086600,3587604
1789718566,7021009,232128,3480867,4659836,350769,2165812,1087208,3579848
1789718569,7022282,232088,3481865,4605040,350839,2166392,1087628,3606600
1789718571,7023474,232180,3482835,4605028,350914,2166820,1088189,3607120
1789718574,7024844,232184,3483918,4604960,350995,2167508,1088770,3607032
1789718576,7026188,231384,3485059,4604880,351079,2168136,1089306,3606176
1789718579,7027539,232136,3486136,4605048,351159,2168728,1089909,3579844
1789718581,7028867,209928,3487218,4604996,351241,2169284,1090475,3579708
1789718584,7030254,232096,3488399,4605040,351325,2169812,1091032,3606728
1789718586,7031639,232140,3489520,4604936,351406,2170432,1091650,3606236
1789718589,7033107,232176,3490783,4605120,351497,2171032,1092214,3606796
1789718591,7034439,166664,3491796,4604992,351570,2171416,1092773,3605640
1789718594,7035676,232132,3492809,4605008,351644,2172088,1093273,3579848
1789718596,7036995,232148,3493902,4605156,351723,2172568,1093832,3579820
1789718599,7038372,232148,3495042,4605100,351804,2173080,1094441,3607276
1789718601,7039630,232184,3496060,4604972,351883,2173552,1094893,3607696
1789718603,7040955,232096,3497147,4604996,351966,2174248,1095491,3606184
1789718606,7042432,238140,3498402,4605076,352054,2174652,1096122,3579888
1789718608,7043871,232136,3499592,4605028,352138,2175264,1096646,3579848
1789718611,7045095,232136,3500581,4604960,352211,2175772,1097236,3605392
1789718613,7046365,232144,3501627,4605108,352289,2176360,1097727,3605172
1789718615,7047711,217804,3502743,4605080,352374,2176952,1098353,3605800
1789718618,7049161,232144,3504030,4604984,352487,2177640,1099069,3606476
1789718621,7050845,232136,3505333,4604924,352563,2178188,1099601,3579772
1789718623,7052182,232176,3506419,4605020,352642,2178624,1100173,3579820
1789718626,7053454,232104,3507475,4657124,352720,2179204,1100704,3606536
1789718628,7054726,232096,3508568,4664796,352796,2179808,1101223,3607664
1789718631,7056011,232136,3509622,4664996,352871,2180360,1101820,3607160
1789718633,7057302,232180,3510689,4665028,352951,2180924,1102279,3579872
1789718635,7058556,232184,3511740,4664992,353025,2181428,1102890,3579856
1789718638,7059894,232140,3512864,4665036,353106,2181932,1103444,3657296
1789718640,7061226,218984,3513882,4604992,353189,2182604,1103980,3658072
1789718643,7062609,232176,3514997,4604988,353268,2183144,1104648,3659356
1789718645,7064056,232184,3516177,4604972,353352,2183632,1105166,3697036
1789718648,7065328,232188,3517215,4604964,353428,2184136,1105701,3631884
1789718650,7066597,232176,3518240,4605008,353503,2184724,1106331,3655732
1789718653,7067909,232100,3519342,4605040,353584,2185276,1106791,3654808
1789718655,7069412,232100,3520583,4605060,353670,2185808,1107449,3654372
1789718658,7070740,232088,3521710,4605028,353755,2186452,1108091,3647436
1789718660,7072202,232096,3522907,4604936,353843,2187004,1108612,3647692
1789718663,7073700,232072,3524094,4604908,353927,2187528,1109259,3621636
1789718665,7075105,232092,3525233,4605072,354011,2188144,1109830,3649416
1789718668,7076449,232136,3526396,4604988,354096,2188596,1110391,3648816
1789718670,7077827,232132,3527442,4605024,354176,2189248,1110957,3649824
1789718673,7079127,232068,3528492,4605016,354253,2189796,1111467,3648564
1789718675,7080401,204448,3529519,4605020,354329,2190340,1112057,3621656
1789718677,7081639,232148,3530527,4605128,354407,2190876,1112550,3621764
1789718680,7082913,225836,3531567,4604984,354482,2191460,1113109,3648128
1789718682,7084247,232096,3532658,4605020,354561,2192024,1113687,3648240
1789718685,7085547,232184,3533705,4605012,354641,2192528,1114196,3648048
1789718687,7086985,232096,3534919,4637820,354724,2193092,1114786,3621844
1789718690,7088170,232176,3535904,4639248,354798,2193596,1115340,3621812
1789718692,7089463,217868,3536953,4640204,354879,2194160,1115871,3648576
1789718695,7090920,232072,3538176,4647840,354961,2194704,1116508,3648216
1789718697,7092269,232088,3539347,4701908,355038,2195272,1117037,3648960
1789718700,7093508,232104,3540386,4731628,355115,2195736,1117608,3649028
1789718702,7094853,232120,3541497,4744068,355197,2196344,1118161,3621880
1789718704,7096213,198596,3542666,4748248,355278,2196864,1118700,3647592
1789718707,7097535,232128,3543821,4748216,355359,2197388,1119333,3648756
1789718709,7098885,232184,3544926,4748156,355435,2197892,1119807,3648652
1789718712,7100141,232092,3545761,4605068,355511,2198468,1120432,3631544
1789718714,7101534,232184,3546878,4605188,355597,2199068,1120992,3621868
1789718717,7102743,232140,3547871,4605196,355673,2199640,1121450,3647700
1789718719,7104036,232140,3548952,4605080,355757,2200188,1122154,3650404
1789718722,7105498,232088,3550150,4605248,355844,2200676,1122689,3649436
1789718724,7106787,232096,3551181,4605168,355919,2201324,1123176,3647924
1789718727,7108106,182168,3552264,4605128,355997,2201884,1123804,3622452
1789718729,7109411,232132,3553338,4605404,356077,2202388,1124288,3622376
1789718731,7110715,232176,3554452,4605292,356157,2202924,1124870,3648572
1789718734,7112064,232144,3555527,4605228,356234,2203508,1125445,3649312
1789718736,7113307,232140,3556518,4605104,356307,2203932,1125934,3649244
1789718739,7114700,212616,3557675,4605328,356391,2204436,1126580,3649516
1789718741,7116209,285188,3558948,4605424,356480,2205020,1127109,3622448
1789718744,7117515,226860,3560024,4605184,356563,2205704,1127735,3661752
1789718746,7118930,247760,3561215,4605268,356646,2206216,1128325,3688020
1789718749,7120387,232152,3562408,4605272,356730,2206784,1129017,3689788
1789718751,7121786,226064,3563542,4605252,356815,2207160,1129616,3687732
1789718754,7123137,232100,3564657,4605220,356904,2207784,1130175,3687348
1789718756,7124488,232140,3565740,4605272,356976,2208428,1130714,3661976
1789718759,7125843,232068,3566855,4605220,357060,2208920,1131252,3688108
1789718761,7127103,232152,3567875,4605356,357136,2209500,1131870,3688080
1789718763,7128364,232104,3568903,4605124,357219,2210076,1132396,3688704
1789718766,7129697,232104,3569974,4605332,357293,2210628,1132968,3687940
1789718768,7130938,262816,3570980,4605276,357365,2211108,1133532,3661984
1789718771,7132220,232132,3572014,4605256,357445,2211752,1134002,3689984
1789718773,7133639,232088,3573394,4605112,357542,2212388,1134789,3688804
1789718776,7135197,196180,3574478,4605296,357620,2212936,1135330,3689276
1789718778,7136537,232104,3575568,4605224,357700,2213556,1135826,3690268
1789718781,7137773,232100,3576581,4605280,357773,2213868,1136477,3689568
1789718783,7139064,232084,3577666,4605232,357859,2214608,1137031,3663324
1789718786,7140684,191748,3578977,4605192,357956,2215244,1137614,3663328
1789718788,7142034,232124,3580088,4605264,358033,2215648,1138242,3688792
1789718791,7143345,232128,3581193,4605320,358120,2216288,1138768,3689660
1789718793,7144772,232184,3582379,4605292,358206,2216948,1139375,3690416
1789718796,7146169,232172,3583520,4605208,358289,2217556,1139976,3688884
1789718798,7147400,232132,3584550,4605228,358366,2217936,1140467,3663376
1789718801,7148740,232148,3585592,4605204,358448,2218688,1141110,3663408
1789718803,7149990,213684,3586588,4605288,358521,2219164,1141581,3689448
1789718806,7151278,232136,3587642,4640196,358597,2219624,1142136,3690224
1789718808,7152577,232096,3588734,4605272,358681,2220336,1142708,3663704
1789718811,7153803,166632,3589708,4605280,358753,2220792,1143138,3663636
1789718813,7155074,232064,3590744,4605212,358831,2221256,1143807,3663608
1789718815,7156472,233940,3591875,4605328,358910,2221980,1144331,3691176
1789718818,7157681,208068,3592847,4605312,358991,2222448,1144830,3690176
1789718820,7159137,198880,3594065,4605248,359078,2223084,1145548,3691176
1789718823,7160456,266680,3595132,4605200,359154,2223656,1146031,3689996
1789718825,7161759,232100,3596190,4605180,359232,2224268,1146623,3663628
1789718828,7163029,232184,3597214,4605132,359307,2224748,1147187,3689568
1789718830,7164408,232100,3598410,4605264,359394,2225320,1147730,3690084
1789718833,7165696,210004,3599431,4605284,359468,2225748,1148322,3690020
1789718835,7166989,232176,3600486,4605188,359549,2238084,1148910,3685680
1789718838,7168564,232136,3601774,4605156,359645,2227036,1149492,3663820
1789718840,7170009,232152,3603026,4605340,359731,2227576,1150110,3663784
1789718843,7171440,232132,3604221,4605036,359816,2228172,1150663,3689696
1789718845,7172935,232180,3605449,4605272,359907,2228688,1151397,3691028
1789718848,7174341,223212,3606597,4605444,359989,2229192,1151953,3690328
1789718850,7175728,232172,3607735,4605292,360070,2229624,1152487,3663896
1789718852,7176962,189336,3608737,4605228,360146,2230312,1153136,3663876
1789718855,7178327,232184,3609835,4605164,360226,2230880,1153600,3690596
1789718857,7179546,232132,3610815,4605148,360297,2231332,1154160,3690324
1789718860,7180784,232100,3611823,4605300,360373,2231928,1154710,3691084
1789718862,7182104,232176,3612903,4605220,360450,2232412,1155218,3663944
1789718864,7183355,218660,3613911,4605244,360527,2232992,1155845,3663892
1789718867,7184869,232136,3615216,4635028,360614,2233540,1156407,3691044
1789718870,7186138,232184,3616273,4637932,360690,2234080,1156977,3690216
1789718872,7187578,213876,3617487,4637948,360781,2234768,1157582,3691360
1789718874,7188925,232120,3618615,4642204,360859,2235304,1158098,3687204
1789718877,7190371,240276,3619887,4689960,360949,2235864,1158830,3663916
1789718879,7191682,232136,3620951,4725532,361033,2236352,1159331,3663924
1789718882,7193104,232140,3622154,4742308,361110,2236924,1159887,3690456
1789718884,7194448,232100,3623310,4746416,361192,2237532,1160532,3692076
1789718887,7195822,232144,3624467,4750572,361271,2237980,1161014,3692076
1789718889,7197070,232176,3625511,4750512,361348,2238584,1161639,3663896
1789718891,7198341,232092,3626544,4783584,361422,2239068,1162159,3663956
1789718894,7199618,232104,3627700,4755216,361509,2239532,1162710,3692756
1789718896,7200982,232176,3628869,4755256,361583,2240168,1163310,3689424
1789718899,7202322,212560,3630001,4755272,361668,2240696,1163866,3693368
1789718901,7203697,184368,3631182,4755284,361754,2241364,1164525,3690592
1789718904,7205146,232128,3632336,4755180,361835,2241952,1165064,3663908
1789718906,7206517,297616,3633505,4785288,361920,2242420,1165683,3663956
1789718909,7208068,232096,3634909,4786432,362012,2243160,1166388,3691272
1789718911,7209376,232124,3635638,4605556,362091,2243604,1166897,3692232
1789718914,7210814,232176,3636787,4605484,362181,2244232,1167545,3690756
1789718916,7212218,297652,3637961,4605576,362264,2244692,1168152,3663904
1789718919,7213474,232172,3639002,4605584,362344,2245316,1168621,3663924
1789718921,7214842,232136,3640106,4605576,362424,2245848,1169239,3690360
1789718924,7216312,232148,3641314,4605600,362516,2246544,1169880,3690156
1789718926,7217748,218604,3642478,4605484,362596,2246972,1170385,3690208
1789718929,7218966,208904,3643527,4605432,362675,2247556,1171006,3690112
1789718931,7220380,232096,3644623,4605404,362752,2248012,1171691,3663900
1789718934,7221624,212724,3645651,4605508,362830,2248672,1172207,3663924
1789718936,7222909,232144,3646691,4605492,362905,2249208,1172699,3691112
1789718938,7224108,232176,3647665,4605472,362978,2249772,1173322,3690484
1789718941,7225446,232140,3648760,4605804,363056,2250272,1173811,3691916
1789718943,7226774,232148,3649841,4605472,363135,2250788,1174400,3663840
1789718946,7228088,229992,3650935,4605516,363216,2251340,1174991,3663936
1789718948,7229394,232144,3651994,4605588,363294,2251924,1175496,3692132
1789718951,7230668,232132,3653005,4605548,363369,2252504,1176116,3689936
1789718953,7232006,232136,3654108,4605452,363451,2253124,1176594,3690752
1789718956,7233439,216780,3655307,4605544,363535,2253588,1177262,3663968
1789718958,7234764,232132,3656386,4605448,363612,2254160,1177824,3674860
1789718961,7236206,288328,3657610,4605568,363697,2254560,1178359,3663944
1789718963,7237549,232180,3658775,4605460,363784,2255168,1179120,3691980
1789718966,7238962,270948,3659894,4605564,363868,2255708,1179668,3692692
1789718968,7240305,166672,3660981,4605800,363942,2256188,1180161,3689328
1789718970,7241566,232096,3662007,4605504,364016,2256864,1180816,3663956
1789718973,7242895,232088,3663154,4605464,364106,2257412,1181322,3663972
1789718975,7244306,232088,3664255,4605524,364187,2258000,1181919,3691568
1789718978,7245559,203504,3665290,4605560,364266,2258448,1182516,3690436
1789718980,7246858,166668,3666328,4605488,364337,2259148,1183015,3690600
1789718983,7248165,232144,3667458,4605508,364422,2259660,1183636,3690800
1789718985,7249621,232172,3668621,4655580,364511,2260308,1184285,3663988
1789718988,7251054,232180,3669813,4605468,364597,2260780,1184807,3663992
1789718991,7252548,232176,3671019,4605560,364685,2261412,1185469,3663832
1789718993,7253809,232092,3672052,4605552,364761,2261900,1186003,3691536
1789718996,7255053,232136,3673058,4605560,364837,2262552,1186566,3691296
1789718998,7256477,232084,3674226,4605432,364922,2263180,1187177,3691456
1789719001,7257739,232124,3675247,4605436,364996,2263588,1187657,3663952
1789719003,7259079,232096,3676364,4605456,365076,2265420,1188337,3663932
1789719006,7260437,232100,3677457,4605524,365157,2264632,1188876,3663972
1789719008,7261808,232136,3678595,4605440,365238,2265296,1189421,3689600
1789719011,7263268,232144,3679787,4605488,365323,2265840,1190165,3691392
1789719013,7264854,264876,3681156,4605540,365419,2266388,1190725,3690680
1789719016,7266212,198908,3682247,4605544,365505,2266976,1191300,3690952
1789719018,7267599,244000,3683398,4605532,365586,2267536,1191938,3664004
1789719021,7268961,232092,3684525,4605496,365665,2268020,1192461,3689948
1789719023,7270312,232136,3685656,4605520,365746,2268576,1193119,3692328
1789719025,7271612,232124,3686753,4605528,365824,2269144,1193668,3692940
1789719028,7273019,232100,3687887,4605436,365907,2269696,1194258,3666988
1789719031,7274422,232168,3689058,4605620,365991,2270256,1194919,3663868
1789719033,7275906,247664,3690339,4605560,366086,2270740,1195582,3663952
1789719036,7277423,232152,3691571,4605564,366170,2271332,1196175,3689320
1789719038,7278719,186136,3692644,4605520,366250,2271900,1196733,3689284
1789719041,7280031,232172,3693721,4605528,366331,2272492,1197241,3693612
1789719043,7281322,232184,3694792,4605508,366409,2273008,1197906,3686296
1789719045,7282566,232096,3695854,4622532,366492,2273572,1198430,3663904
1789719048,7283889,205736,3697014,4639836,366572,2274104,1198963,3663980
1789719051,7285161,232100,3698118,4640288,366653,2274728,1199614,3692600
1789719053,7286478,232176,3699252,4644556,366736,2275196,1200118,3691080
1789719056,7287767,232184,3700431,4671272,366819,2275824,1200733,3690308
1789719058,7289153,232124,3701584,4712820,366903,2276364,1201369,3691120
1789719061,7290441,232100,3702709,4738208,366989,2277016,1201873,3663972
1789719063,7291694,232092,3703811,4746452,367070,2277592,1202517,3663948
1789719066,7293028,232144,3704927,4750832,367146,2278076,1203099,3690196
1789719068,7294320,193420,3706078,4752868,367228,2278596,1203607,3689764
1789719071,7295591,232100,3707147,4752924,367305,2279228,1204219,3691828
1789719073,7296850,232096,3708023,4605628,367390,2279704,1204781,3687256
1789719076,7298174,232184,3709134,4605676,367470,2280372,1205338,3663900
1789719078,7299425,228896,3710197,4605580,367552,2280976,1205925,3663968
1789719081,7300715,232064,3711265,4605756,367645,2281584,1206523,3691648
1789719083,7302135,212648,3712458,4605760,367725,2282164,1207132,3690320
1789719086,7303415,232104,3713530,4605864,367814,2282744,1207717,3690740
1789719089,7304813,232172,3714691,4605788,367895,2283324,1208287,3690844
1789719091,7306100,232068,3715772,4605680,367975,2283836,1208918,3934912
1789719094,7307322,232176,3716797,4605752,368053,2284448,1209493,4527640
1789719096,7308616,232088,3717860,4605732,368137,2285020,1210042,4554188
1789719099,7309985,232100,3719018,4605808,368220,2285520,1210672,4555220
1789719101,7311218,229988,3720041,4605696,368293,2286008,1211168,4277924
1789719103,7312443,232152,3721075,4605664,368376,2286684,1211764,4275564
1789719106,7313747,179292,3722163,4605704,368454,2287220,1212305,4249972
1789719108,7315029,232096,3723245,4605648,368534,2287660,1212803,4250004
1789719111,7316283,232092,3724288,4605620,368614,2288360,1213475,4279560
1789719113,7317551,232068,3725347,4605756,368697,2288892,1214027,4278312
1789719116,7318858,232136,3726480,4605796,368783,2289436,1214590,4279332
1789719119,7320243,232144,3727638,4605748,368864,2290044,1215257,4282920
1789719121,7321491,232128,3728679,4605796,368943,2290560,1215791,4278172
1789719124,7322860,232096,3729866,4605692,369032,2291188,1216367,4255568
1789719127,7324406,193412,3731107,4605720,369119,2291804,1216995,4256368
1789719129,7325740,232096,3732207,4605748,369200,2292348,1217553,4286392
1789719131,7327026,232068,3733262,4605764,369278,2292888,1218148,4285036
1789719134,7328332,243712,3734379,4605696,369362,2293456,1218701,4285280
1789719136,7329769,232092,3735545,4605792,369449,2294048,1219255,4284908
1789719139,7331209,232180,3736753,4605812,369537,2294620,1219958,4259192
1789719141,7332445,232128,3737754,4605664,369617,2295136,1220443,4285392
1789719144,7333683,232096,3738767,4605740,369696,2295656,1221026,4287056
1789719146,7335190,232148,3740049,4605708,369787,2296236,1221664,4287828
1789719148,7336542,232176,3741173,4605708,369869,2296928,1222146,4259332
1789719151,7337864,232172,3742255,4605616,369948,2297364,1222764,4259296
1789719153,7339141,264820,3743305,4605780,370028,2297984,1223239,4285516
1789719156,7340623,232072,3744545,4605752,370115,2298448,1223918,4284968
1789719158,7341873,232124,3745545,4605976,370195,2299108,1224489,4288556
1789719161,7343388,232124,3746814,4605728,370285,2299680,1225070,4261384
1789719163,7344840,232176,3748038,4605652,370376,2300244,1225748,4259372
1789719166,7346383,232140,3749324,4631428,370463,2300816,1226374,4259324
1789719168,7347688,232100,3750421,4636880,370538,2301372,1226875,4286400
1789719171,7349035,232128,3751677,4675476,370632,2301820,1227557,4285104
1789719173,7350564,211760,3752878,4677612,370714,2302540,1228142,4285416
1789719176,7351835,232140,3753980,4677656,370795,2303188,1228739,4285452
1789719178,7353082,232172,3755088,4677704,370874,2303668,1229314,4259344
1789719181,7354366,232088,3756163,4678780,370952,2304208,1229815,4259284
1789719183,7355656,232100,3757335,4678848,371038,2304828,1230555,4285980
1789719186,7357211,232172,3758760,4692484,371135,2305400,1231186,4285840
1789719188,7358902,232176,3759993,4605772,371229,2306000,1231825,4284224
1789719191,7360685,232148,3761470,4605868,371324,2306520,1232605,4286980
1789719194,7362310,232068,3762855,4605712,371414,2307236,1233283,4286304
1789719197,7364173,232088,3764268,4605848,371506,2307752,1233834,4259660
1789719199,7365923,232152,3765718,4605800,371599,2308372,1234408,4259484
1789719202,7367535,256452,3767078,4605904,371687,2308972,1235079,4259592
1789719204,7369303,297644,3768628,4605720,371787,2309604,1235804,4285564
1789719207,7371042,231856,3770008,4605924,371874,2310092,1236439,4286900
1789719210,7372666,232180,3771363,4605804,371957,2310700,1237077,4285888
1789719213,7374468,232180,3772760,4605808,372049,2311312,1237659,4286964
1789719215,7376167,215276,3774194,4605704,372139,2311844,1238249,4287732
1789719218,7377889,232128,3775574,4605840,372231,2312504,1238748,4287172
1789719221,7379724,232096,3777087,4605788,372328,2313080,1239361,4287728
1789719223,7381420,232128,3778487,4605788,372419,2313648,1240111,4259628
1789719226,7383098,232100,3779949,4630392,372521,2314252,1240885,4259568
1789719229,7384814,232148,3781446,4639128,372621,2314848,1241528,4259636
1789719232,7386539,232180,3782824,4639184,372704,2315432,1242149,4287888
1789719234,7388376,297588,3784326,4640700,372801,2316044,1242672,4287960
1789719237,7390053,232084,3785733,4674820,372893,2316676,1243191,4287212
1789719240,7391770,297568,3787123,4712024,372975,2317180,1243694,4286712
1789719243,7393314,242160,3788457,4734580,373067,2317588,1244189,4286104
1789719245,7395091,232176,3789851,4747288,373150,2318284,1244665,4285016
1789719248,7396868,242432,3791337,4751460,373242,2318744,1245185,4259736
1789719251,7398640,291276,3792777,4751404,373326,2319408,1245725,4284872
1789719254,7400211,232096,3794064,4751492,373413,2319900,1246180,4259624
1789719256,7401959,232176,3795234,4605916,373506,2320492,1246691,4259652
1789719259,7403651,232148,3796627,4605828,373596,2321056,1247386,4287944
1789719261,7405403,232120,3798120,4605848,373697,2325796,1248053,4287908
1789719264,7407190,232140,3799799,4606024,373804,2322372,1248895,4285564
1789719267,7409190,232168,3801432,4605936,373919,2322992,1249721,4299188
1789719271,7411106,232104,3802947,4605976,374013,2323776,1250420,4286292
1789719273,7412743,232124,3804252,4605908,374100,2324244,1250943,4302400
1789719276,7414465,232180,3805642,4605996,374193,2324828,1251455,4301540
1789719279,7416288,232100,3807163,4606212,374287,2325360,1252084,4302708
1789719281,7417942,232176,3808440,4605996,374367,2326008,1252624,4302568
1789719284,7419493,232148,3809630,4606040,374443,2326548,1253050,4275768
1789719287,7421317,232120,3811154,4682920,374539,2327136,1253587,4275724
1789719289,7422989,232104,3812505,4606040,374632,2327452,1254218,4275776
1789719292,7424695,297564,3813973,4606024,374729,2328124,1254775,4318496
1789719295,7426342,232188,3815386,4625428,374830,2328688,1255483,4318604
1789719297,7428014,275964,3816797,4606076,374924,2329324,1256128,4319288
1789719300,7429677,232088,3818211,4606000,375024,2329924,1256759,4318612
1789719303,7431300,232176,3819689,4606100,375131,2330600,1257544,4319688
1789719305,7433038,232128,3821129,4606036,375226,2331064,1258239,4291624
1789719308,7434839,232184,3822593,4606044,375332,2331728,1258863,4291552
1789719311,7436512,232152,3823985,4605928,375427,2332404,1259556,4291576
1789719313,7438148,232120,3825410,4606032,375526,2333044,1260167,4319044
1789719316,7439845,232140,3826826,4606116,375625,2333588,1260880,4319980
1789719319,7441520,232180,3828244,4606056,375722,2334204,1261587,4319712
1789719321,7443161,294208,3829633,4606036,375816,2334784,1262155,4319884
1789719324,7444826,232144,3831081,4606052,375915,2335264,1262866,4318896
1789719327,7446592,276500,3832567,4605996,376019,2335944,1263633,4357480
1789719329,7448493,232180,3834166,4606028,376128,2336620,1264286,4314620
1789719332,7450233,232144,3835602,4605992,376227,2337288,1264900,4292056
1789719335,7452017,232172,3837115,4606080,376333,2337912,1265709,4292232
1789719338,7453624,232132,3838465,4606096,376434,2338536,1266334,4292200
1789719340,7455301,232152,3839923,4605960,376530,2339064,1266937,4317956
1789719343,7457023,232144,3841400,4606144,376634,2339744,1267761,4319124
1789719346,7458869,234784,3842959,4605896,376737,2340452,1268459,4319712
1789719349,7460603,232124,3844404,4606120,376837,2340888,1269019,4320876
1789719351,7462302,232092,3845882,4606112,376940,2341660,1269817,4319908
1789719354,7464020,232184,3847318,4606036,377041,2342284,1270509,4320752
1789719357,7465815,242260,3848863,4606028,377149,2343000,1271103,4318648
1789719359,7467447,297620,3850285,4605996,377249,2343644,1271878,4292356
1789719362,7469001,223988,3851582,4606012,377347,2344168,1272533,4292376
1789719365,7470553,232084,3852863,4606028,377434,2344752,1273139,4292304
1789719367,7471885,166604,3853948,4605988,377513,2345388,1273759,4320016
1789719370,7473283,232144,3855090,4606036,377592,2345916,1274340,4320812
1789719372,7474549,232172,3856134,4605964,377672,2346336,1274857,4318216
1789719375,7475832,232100,3857227,4605924,377752,2347064,1275506,4292408
1789719377,7477190,232100,3858325,4606008,377830,2347504,1276028,4292260
1789719380,7478504,198592,3859413,4606000,377911,2348036,1276688,4321960
1789719382,7479930,232172,3860594,4606000,377994,2348572,1277269,4317672
1789719385,7481364,232068,3861802,4605900,378078,2349176,1277817,4319804
1789719387,7482662,232140,3862940,4606028,378163,2349860,1278500,4306000
1789719390,7484055,232188,3864025,4606284,378243,2350400,1279078,4292328
1789719392,7485403,232180,3865143,4606004,378325,2350908,1279636,4292396
1789719395,7486806,218628,3866310,4606020,378406,2351444,1280257,4318788
1789719397,7488242,232140,3867488,4605928,378491,2352072,1280824,4319368
1789719400,7489574,297616,3868645,4605976,378575,2352516,1281473,4319728
1789719402,7490987,212028,3869788,4606128,378659,2353112,1282068,4314092
1789719405,7492387,232140,3870981,4606060,378743,2353696,1282630,4292256
1789719407,7493688,192572,3872000,4606080,378819,2354288,1283306,4292400
1789719410,7495085,232144,3873224,4606036,378910,2354884,1283882,4318912
1789719412,7496545,170400,3874369,4605996,378993,2355408,1284449,4320484
1789719415,7497859,232144,3875463,4606024,379074,2355984,1285072,4319348
1789719417,7499097,232144,3876500,4606032,379150,2356536,1285654,4319412
1789719420,7500604,232144,3877766,4606012,379238,2357036,1286308,4292368
1789719422,7501828,232144,3878767,4606068,379311,2357536,1286820,4319204
1789719424,7503180,232104,3879917,4606104,379399,2358116,1287415,4319872
1789719427,7504471,228744,3880949,4606000,379471,2358652,1288062,4318588
1789719429,7505691,182228,3881929,4606016,379541,2359112,1288542,4292400
1789719432,7507054,216576,3883123,4606048,379628,2359732,1289180,4292280
1789719434,7508394,232184,3884204,4606204,379707,2360168,1289737,4317916
1789719436,7509746,283264,3885322,4606072,379790,2360860,1290341,4319064
1789719439,7511191,241120,3886505,4606040,379874,2361368,1291061,4318260
1789719442,7512749,232184,3887871,4606084,379971,2362084,1291662,4320048
1789719444,7514296,232144,3889094,4606128,380055,2362652,1292312,4318404
1789719447,7515601,232132,3890179,4606136,380140,2363264,1292964,4292404
1789719449,7517026,232096,3891399,4606076,380224,2363788,1293498,4292408
1789719452,7518478,232144,3892595,4605984,380311,2364252,1294088,4318412
1789719454,7519882,232096,3893746,4606028,380396,2364852,1294755,4319080
1789719457,7521275,232144,3894919,4606180,380486,2365384,1295317,4320016
1789719459,7522651,232144,3896051,4606088,380564,2365984,1295939,4292380
1789719462,7523904,205516,3897111,4605916,380639,2366620,1296442,4292408
1789719464,7525141,232088,3898101,4605932,380709,2367092,1296987,4320980
1789719466,7526389,232140,3899173,4631504,380789,2367592,1297595,4319676
1789719469,7527773,215196,3900336,4638604,380870,2368140,1298121,4319324
1789719471,7529139,232100,3901514,4639204,380954,2368564,1298754,4292392
1789719474,7530461,232100,3902619,4643280,381035,2369224,1299327,4292560
1789719476,7531725,232068,3903670,4661076,381119,2369840,1299865,4319352
1789719479,7533102,232100,3904858,4694196,381201,2370368,1300496,4320728
1789719481,7534446,232136,3906064,4727932,381282,2370928,1301038,4319044
1789719484,7535947,297588,3907347,4744580,381370,2371488,1301760,4319248
1789719486,7537384,232148,3908499,4748740,381450,2372024,1302316,4292608
1789719489,7538597,232100,3909526,4748860,381524,2372548,1302818,4292640
1789719491,7540032,232104,3910807,4752748,381611,2373056,1303561,4320096
1789719493,7541382,232176,3911893,4752708,381697,2373708,1304135,4318240
1789719496,7542883,297648,3913185,4755568,381779,2374248,1304697,4319344
1789719498,7544303,184092,3914419,4755636,381863,2374820,1305351,4318820
1789719501,7545792,232136,3915689,4755528,381953,2375320,1305970,4292608
1789719504,7547226,232088,3916938,4755848,382036,2375900,1306621,4292660
1789719506,7548886,232124,3918362,4755788,382134,2376500,1307264,4320316
1789719508,7550157,232148,3919432,4755720,382211,2377088,1307774,4319548
1789719511,7551564,232072,3920603,4755720,382294,2377624,1308487,4319892
1789719513,7552932,232144,3921757,4755884,382377,2378100,1309009,4292656
1789719516,7554234,232172,3922470,4606248,382458,2378824,1309589,4292620
1789719518,7555488,232128,3923516,4606172,382534,2379164,1310173,4318152
1789719521,7556773,232068,3924560,4606280,382617,2379912,1310713,4321416
1789719523,7558116,232128,3925648,4606292,382693,2380408,1311325,4319144
1789719526,7559447,232172,3926768,4654188,382783,2380968,1311890,4292612
1789719528,7560863,232180,3927951,4606368,382865,2381456,1312498,4292644
1789719531,7562185,232100,3929067,4606288,382947,2382188,1313120,4292564
1789719533,7563678,232176,3930311,4606312,383037,2382640,1313712,4319168
1789719535,7564929,232088,3931328,4606224,383112,2383292,1314302,4319776
1789719538,7566175,258920,3932352,4606284,383191,2383824,1314865,4358500
1789719540,7567510,218984,3933442,4606368,383275,2384456,1315393,4292928
1789719543,7568814,232100,3934517,4606296,383359,2384944,1316001,4318144
1789719545,7570292,209732,3935769,4606380,383449,2385616,1316623,4319244
1789719548,7571684,232088,3936870,4606280,383527,2386224,1317257,4319252
1789719550,7572991,232148,3938001,4606300,383611,2386812,1317856,4320600
1789719553,7574427,232100,3939132,4606324,383694,2387356,1318380,4292892
1789719555,7575830,193460,3940308,4606388,383778,2387904,1319056,4292932
1789719558,7577205,232096,3941412,4606200,383857,2388416,1319603,4318900
1789719560,7578446,232144,3942401,4606340,383936,2388944,1320180,4318924
1789719562,7579964,232180,3943662,4606320,384020,2389560,1320791,4321084
1789719565,7581271,232140,3944747,4606388,384104,2390112,1321383,4292976
1789719568,7582687,226704,3945885,4606296,384185,2390684,1322043,4292868
1789719570,7584123,232092,3947075,4606240,384271,2391264,1322640,4292848
1789719572,7585425,199368,3948120,4606328,384349,2391828,1323153,4319436
1789719575,7586732,232124,3949217,4606388,384431,2392300,1323845,4319840
1789719577,7587981,232144,3950199,4606320,384505,2392968,1324334,4318388
1789719580,7589238,232180,3951233,4606344,384582,2393548,1324916,4292880
1789719582,7590442,232140,3952187,4606168,384652,2394016,1325423,4292764
1789719584,7591769,232140,3953291,4606316,384733,2394564,1326016,4320704
1789719587,7593046,232124,3954320,4606224,384812,2395020,1326626,4318036
1789719589,7594306,232088,3955340,4606268,384885,2395624,1327157,4319072
1789719592,7595740,232120,3956527,4606216,384972,2396224,1327782,4292916
1789719594,7597133,232172,3957664,4606336,385064,2396872,1328444,4292888
1789719597,7598504,232068,3958805,4606192,385141,2397372,1328982,4319136
1789719599,7599851,232136,3959906,4606396,385220,2397888,1329619,4319552
1789719602,7601336,255320,3961145,4606328,385309,2398548,1330223,4319992
1789719604,7602797,232140,3962348,4606308,385392,2399112,1330853,4320364
1789719607,7604193,297644,3963494,4606308,385478,2399604,1331478,4292988
1789719609,7605597,232136,3964694,4606300,385566,2400216,1332127,4292968
1789719612,7606995,232096,3965817,4606488,385647,2400820,1332731,4318952
1789719614,7608232,218368,3966844,4606396,385720,2401348,1333309,4318700
1789719616,7609558,232148,3967943,4606332,385801,2401840,1333875,4318252
1789719619,7610981,232180,3969112,4606284,385885,2402392,1334516,4292972
1789719621,7612249,232088,3970169,4606248,385963,2402968,1335061,4292948
1789719624,7613499,232180,3971149,4606340,386037,2403476,1335619,4320864
1789719626,7614773,232092,3972199,4606340,386114,2404092,1336154,4320308
1789719628,7616007,232180,3973239,4606368,386189,2404452,1336649,4319528
1789719631,7617357,232092,3974316,4606300,386269,2405080,1337320,4293048
1789719633,7618669,232144,3975428,4606348,386352,2405600,1337852,4293032
1789719636,7620027,232148,3976510,4606224,386432,2406196,1338458,4321020
1789719638,7621427,232084,3977677,4606316,386511,2406724,1339028,4320288
1789719641,7622825,232172,3978860,4606364,386595,2407232,1339612,4319812
1789719643,7624071,232140,3979872,4606292,386668,2407840,1340217,4293028
1789719645,7625425,232068,3980979,4606320,386749,2408288,1340768,4293044
1789719648,7626658,232128,3982012,4640224,386824,2408944,1341318,4321064
1789719650,7627923,232100,3983088,4640672,386900,2409376,1341945,4320220
1789719653,7629178,232068,3984110,4641288,386975,2409988,1342487,4321228
1789719655,7630569,232092,3985277,4645836,387057,2410584,1343123,4294652
1789719658,7631904,232172,3986413,4682080,387136,2411116,1343651,4293040
1789719660,7633186,232140,3987494,4719948,387211,2411644,1344262,4318372
1789719663,7634478,232188,3988582,4741004,387288,2412148,1344855,4320612
1789719665,7635852,256964,3989755,4749488,387375,2412760,1345424,4318720
1789719667,7637276,232128,3990940,4749484,387457,2413276,1346086,4315340
1789719670,7638585,232144,3992063,4754108,387536,2413836,1346692,4292992
1789719672,7640168,232132,3993415,4754076,387626,2414256,1347284,4293016
1789719675,7641438,232100,3994281,4606700,387702,2414816,1347892,4319060
1789719677,7642719,232128,3995312,4606612,387780,2415480,1348404,4320220
1789719680,7644008,232064,3996406,4606668,387860,2416036,1349073,4318464
1789719682,7645432,270892,3997613,4606684,387957,2416516,1349702,4293044
1789719684,7646879,232184,3998787,4606592,388035,2417216,1350241,4293012
1789719687,7648325,232124,4000018,4606628,388122,2417772,1350919,4319508
1789719689,7649646,232140,4001100,4606560,388201,2418372,1351531,4318888
1789719692,7651189,232184,4002400,4606560,388294,2418932,1352174,4319264
1789719694,7652603,232136,4003569,4606716,388376,2419504,1352765,4358588
1789719697,7653886,232124,4004661,4606680,388468,2420044,1353464,4293032
1789719699,7655432,232140,4005925,4606748,388549,2420644,1354094,4293028
1789719702,7656832,232100,4007068,4606688,388631,2421148,1354622,4319132
1789719704,7658070,219420,4008058,4606584,388701,2421676,1355122,4319268
1789719707,7659426,232100,4009208,4667808,388783,2422308,1355796,4320828
1789719709,7660785,232072,4010323,4606712,388864,2422760,1356343,4292948
1789719711,7662092,232096,4011392,4606664,388942,2423280,1356975,4293016
1789719714,7663354,169084,4012420,4606688,389020,2423864,1357504,4318768
1789719716,7664755,232132,4013582,4606704,389102,2424460,1358120,4320708
1789719719,7666029,232168,4014641,4606612,389181,2424992,1358726,4319904
1789719721,7667295,232088,4015628,4606700,389252,2425472,1359203,4293172
1789719723,7668571,232128,4016680,4606796,389329,2425956,1359829,4320304
1789719726,7669947,232100,4017838,4606796,389412,2426532,1360438,4320164
1789719728,7671295,232124,4018968,4606776,389495,2427044,1361038,4319772
1789719731,7672699,265704,4020153,4606676,389579,2427716,1361707,4315772
1789719733,7674146,232124,4021340,4606672,389670,2428292,1362295,4293128
1789719736,7675632,232136,4022594,4606868,389756,2428884,1362971,4293136
1789719738,7676891,223408,4023608,4606676,389830,2429340,1363540,4320288
1789719741,7678264,232068,4024757,4606692,389914,2429960,1364091,4319412
1789719743,7679698,232124,4025934,4606584,390000,2430544,1364766,4319340
1789719746,7681019,232100,4027002,4606744,390077,2431172,1365342,4293160
1789719748,7682395,232100,4028129,4606732,390160,2431588,1365939,4293112
1789719751,7683750,297540,4029238,4606728,390242,2432188,1366586,4293172
1789719753,7685187,244312,4030444,4606600,390323,2432756,1367151,4322532
1789719755,7686511,219264,4031532,4606708,390407,2433416,1367824,4319920
1789719758,7687824,232136,4032612,4606700,390485,2433916,1368363,4318932
1789719760,7689161,166664,4033713,4606720,390567,2434516,1368924,4293160
1789719763,7690590,229020,4034906,4606852,390653,2434996,1369630,4293104
1789719765,7692052,223464,4036126,4606664,390741,2435668,1370218,4320188
1789719768,7693360,232188,4037225,4638024,390822,2436096,1370834,4321048
1789719770,7694770,232092,4038424,4638016,390907,2436788,1371422,4318824
1789719773,7696067,187260,4039513,4678976,390985,2437236,1372055,4299664
1789719775,7697655,232096,4040881,4681540,391083,2437988,1372755,4293208
1789719778,7699078,232148,4042087,4681272,391174,2438588,1373340,4293216
1789719780,7700546,232132,4043317,4681340,391262,2439216,1373971,4321116
1789719783,7701879,232096,4044437,4681352,391348,2439772,1374650,4321332
1789719785,7703161,232132,4045368,4606692,391429,2440268,1375171,4319808
1789719788,7704486,232140,4046481,4606732,391504,2440940,1375775,4293200
1789719790,7705864,232092,4047648,4618612,391593,2441512,1376458,4293120
1789719793,7707401,232180,4048912,4606912,391684,2442188,1377134,4293240
1789719795,7708907,266716,4050159,4606796,391769,2442720,1377792,4320028
1789719798,7710197,232128,4051207,4606716,391845,2443256,1378335,4320704
1789719800,7711604,232092,4052371,4606864,391931,2443744,1378974,4320364
1789719803,7712857,232136,4053397,4606752,392003,2444304,1379565,4293232
1789719805,7714117,232068,4054461,4606768,392084,2444756,1380085,4293252
1789719808,7715445,232140,4055546,4606740,392167,2445392,1380733,4319740
1789719810,7716790,219884,4056625,4606644,392245,2445848,1381328,4319372
1789719812,7718108,232088,4057729,4606744,392323,2446436,1381892,4320076
1789719815,7719459,232176,4058827,4606880,392407,2447084,1382535,4298648
1789719817,7720738,232100,4059891,4606760,392484,2447500,1383082,4293240
1789719820,7722149,174888,4061016,4606804,392563,2448156,1383709,4293096
1789719822,7723533,232140,4062191,4606816,392646,2448576,1384378,4319064
1789719825,7724896,232184,4063304,4606664,392724,2449204,1384889,4320280
1789719828,7726203,232144,4064366,4606792,392802,2449776,1385508,4319268
1789719830,7727426,232124,4065349,4606636,392874,2450224,1386064,4293240
1789719832,7728756,232096,4066459,4606824,392957,2450884,1386631,4293236
1789719835,7730076,232136,4067604,4606756,393044,2451408,1387278,4320408
1789719837,7731487,232084,4068778,4606796,393128,2451896,1387944,4319644
1789719840,7732902,232096,4069918,4606840,393208,2452452,1388567,4318308
1789719842,7734223,232128,4071027,4606700,393290,2453176,1389155,4318876
1789719845,7735565,232088,4072113,4606720,393368,2453676,1389673,4293156
1789719847,7736879,232092,4073257,4606628,393451,2454284,1390401,4293276
1789719849,7738160,232104,4074262,4606908,393525,2454820,1390909,4320132
1789719852,7739404,232180,4075286,4606796,393600,2455312,1391516,4318740
1789719854,7740758,232148,4076430,4606812,393686,2455892,1392148,4319736
1789719857,7742225,232136,4077638,4606856,393772,2456356,1392777,4293260
1789719859,7743550,232168,4078779,4606764,393857,2457060,1393449,4293112
1789719862,7744980,232124,4079911,4606776,393940,2457496,1394002,4319960
1789719864,7746432,232144,4081138,4606728,394030,2458192,1394626,4319364
1789719867,7747875,232176,4082315,4606884,394115,2458732,1395316,4319824
1789719869,7749256,232140,4083484,4606740,394200,2459276,1395894,4293232
1789719871,7750611,232128,4084638,4606896,394281,2459816,1396569,4293196
1789719874,7751891,232172,4085648,4606788,394360,2460252,1397088,4318452
1789719876,7753164,232100,4086791,4606768,394439,2460948,1397683,4322628
1789719879,7754547,232072,4087841,4606720,394521,2461476,1398342,4320608
1789719881,7755802,232188,4088957,4606616,394606,2462196,1398909,4319168
1789719884,7757111,232172,4089967,4606836,394683,2462708,1399495,4293156
1789719886,7758352,232104,4091027,4633248,394765,2463296,1400101,4293236
1789719889,7759653,232172,4092134,4640240,394847,2463896,1400649,4319144
1789719891,7760938,232100,4093244,4640080,394933,2464456,1401317,4319980
1789719894,7762193,232176,4094308,4641016,395005,2464952,1401873,4321440
1789719896,7763440,232180,4095368,4644924,395084,2465412,1402420,4293336
1789719899,7764796,232180,4096563,4683840,395169,2466160,1403090,4293212
1789719901,7766019,232092,4097602,4717936,395245,2466644,1403620,4293196
1789719904,7767309,232136,4098706,4734424,395326,2467180,1404271,4320260
1789719906,7768528,201212,4099739,4747032,395404,2467640,1404904,4318940
1789719909,7769906,232088,4100930,4751264,395490,2468408,1405442,4320192
1789719911,7771160,232100,4102028,4751160,395571,2468864,1406077,4303140
1789719914,7772415,225580,4103126,4754420,395652,2469540,1406691,4293240
1789719916,7773756,232100,4104249,4754328,395735,2470100,1407250,4293244
1789719919,7775014,172480,4105087,4606900,395816,2470700,1407884,4319244
1789719921,7776299,232092,4106156,4606956,395896,2471228,1408487,4320732
1789719924,7777568,232172,4107210,4607000,395973,2471780,1409053,4319972
1789719926,7778831,232084,4108258,4607016,396053,2472396,1409676,4319628
1789719929,7780155,232136,4109375,4607068,396137,2473000,1410214,4293248
1789719932,7781411,232180,4110445,4607060,396217,2473632,1410893,4293236
1789719934,7782654,232176,4111465,4607044,396292,2473956,1411407,4321200
1789719936,7783847,232176,4112455,4607220,396370,2474680,1411959,4319448
1789719939,7785185,232184,4113588,4607164,396452,2475188,1412601,4319404
1789719941,7786407,232064,4114612,4607280,396531,2475796,1413167,4302900
1789719944,7787650,232180,4115662,4607060,396612,2476364,1413745,4293204
1789719946,7788899,232172,4116727,4663900,396690,2476808,1414336,4293220
1789719949,7790166,232168,4117784,4607200,396768,2477468,1414871,4321488
1789719951,7791481,232176,4118879,4607212,396850,2478044,1415563,4320884
1789719954,7792704,232092,4119906,4607288,396929,2478616,1416111,4397348
1789719956,7793957,224700,4120951,4607272,397008,2479256,1416634,4369780
1789719959,7795160,232124,4121967,4607076,397091,2482620,1417319,4369764
1789719961,7796442,232180,4123036,4607300,397191,2510256,1417841,4396256
1789719964,7797680,282784,4124074,4607136,397292,2532660,1418444,4397876
1789719966,7798914,232104,4125093,4607080,397388,2550072,1418995,4395820
1789719969,7800149,232140,4126155,4607076,397491,2564924,1419575,4392920
1789719971,7801389,232096,4127196,4607184,397591,2576240,1420192,4370404
1789719973,7802657,232136,4128257,4607136,397691,2585376,1420749,4370316
1789719976,7803883,193428,4129280,4607196,397788,2592540,1421308,4397724
1789719979,7805184,232184,4130397,4607200,397892,2598616,1421973,4397936
1789719981,7806410,208200,4131404,4607200,397990,2603076,1422503,4396332
1789719983,7807636,232184,4132437,4607168,398092,2606816,1423144,4397240
1789719986,7808962,232176,4133528,4607180,398195,2610004,1423738,4370432
1789719989,7810189,232144,4134544,4607268,398286,2579304,1424282,4397892
1789719991,7811419,232148,4135568,4607104,398371,2580832,1424938,4397408
1789719994,7812746,232092,4136672,4607268,398465,2582384,1425450,4397856
1789719996,7813974,232152,4137703,4607204,398552,2583476,1426065,4397280
1789719998,7815191,232088,4138726,4607148,398640,2584728,1426658,4370308
1789720001,7816445,232180,4139782,4607176,398732,2585580,1427234,4370384
1789720004,7817801,232188,4140883,4607080,398820,2586580,1427865,4370456
1789720006,7819025,193412,4141900,4607160,398908,2587380,1428465,4397244
1789720009,7820277,232136,4142942,4607160,398997,2588140,1429013,4398144
1789720011,7821561,232180,4144035,4607096,399087,2588888,1429658,4395720
1789720013,7822802,217888,4145047,4607020,399172,2589480,1430200,4370656
1789720016,7824054,232068,4146093,4607144,399256,2590272,1430838,4371132
1789720018,7825344,198088,4147215,4607160,399349,2591032,1431456,4398140
1789720021,7826725,232140,4148335,4607040,399446,2591824,1432033,4397768
1789720024,7828020,232096,4149417,4607172,399541,2592528,1432699,4399060
1789720026,7829318,217576,4150530,4607112,399630,2593200,1433347,4401744
1789720029,7830684,234788,4151633,4607284,399719,2593892,1433882,4371640
1789720031,7831903,232176,4152661,4607080,399806,2594552,1434523,4371596
1789720034,7833159,232132,4153704,4607232,399890,2595048,1435064,4399296
1789720036,7834419,232100,4154763,4607240,399981,2595928,1435696,4398856
1789720038,7835647,194660,4155804,4607240,400064,2596532,1436280,4398284
1789720041,7836995,232100,4156874,4607268,400144,2564220,1436833,4389484
1789720043,7838290,232180,4157932,4607264,400220,2564964,1437490,4371604
1789720046,7839585,232168,4159013,4607296,400301,2565628,1438055,4397588
1789720048,7840919,232100,4160121,4607136,400383,2566256,1438640,4399216
1789720051,7842272,232072,4161220,4607180,400460,2566856,1439242,4398244
1789720053,7843543,232152,4162272,4607120,400536,2567492,1439826,4396160
1789720055,7844790,232072,4163323,4607188,400615,2568080,1440460,4371612
1789720058,7846032,232096,4164364,4607144,400693,2568676,1441002,4371620
1789720060,7847236,232140,4165380,4607168,400769,2569396,1441552,4399736
1789720063,7848436,232152,4166375,4607132,400843,2569888,1442220,4398252
1789720065,7849700,232184,4167429,4607164,400922,2570640,1442743,4398240
1789720068,7850890,232092,4168462,4637388,400996,2571160,1443343,4371576
1789720070,7852044,200228,4169472,4640000,401068,2571708,1443870,4371636
1789720073,7853252,232184,4170497,4641000,401145,2572284,1444436,4397812
1789720075,7854488,232136,4171554,4642464,401225,2573104,1445083,4397048
1789720077,7855747,232176,4172653,4663480,401312,2573820,1445677,4398720
1789720080,7857086,232072,4173807,4705292,401390,2574436,1446274,4371552
1789720082,7858326,232176,4174866,4734712,401472,2575048,1446926,4371640
1789720085,7859662,232092,4176010,4747204,401553,2575688,1447495,4371656
1789720087,7860933,223996,4177125,4751436,401633,2576452,1448139,4400048
1789720090,7862203,232140,4178253,4751400,401713,2577064,1448698,4397812
1789720092,7863507,232172,4179387,4751488,401797,2577688,1449341,4397608
1789720095,7864804,232104,4180494,4751476,401875,2578348,1449981,4371800
1789720097,7866059,232184,4181595,4756876,401962,2579016,1450567,4371784
1789720100,7867396,193368,4182763,4756828,402045,2579648,1451187,4400252
1789720102,7868695,232180,4183954,4756904,402133,2580372,1451901,4400620
1789720105,7870092,226616,4185058,4756832,402212,2581196,1452481,4397684
1789720108,7871415,232152,4186188,4756876,402294,2581820,1453099,4398764
1789720110,7872692,232176,4187269,4756940,402376,2582364,1453711,4374492
1789720113,7873947,193408,4188013,4607372,402456,2583068,1454282,4371876
1789720115,7875181,232140,4189040,4607316,402534,2583788,1454917,4371896
1789720118,7876404,232100,4190052,4607412,402609,2584444,1455432,4397920
1789720120,7877608,232152,4191047,4607528,402684,2584972,1456049,4399392
1789720122,7878827,232180,4192099,4607280,402766,2585696,1456647,4399724
1789720125,7880091,232148,4193123,4607424,402843,2586232,1457218,4371932
1789720127,7881456,232084,4194300,4607168,402931,2586960,1457877,4371928
1789720130,7882791,232096,4195423,4607416,403020,2587532,1458548,4371916
1789720133,7884201,226072,4196611,4607516,403104,2588348,1459140,4397776
1789720135,7885442,188544,4197619,4607444,403183,2588860,1459792,4397608
1789720138,7886723,199964,4198709,4607396,403261,2589596,1460332,4399716
1789720140,7887996,232140,4199788,4607440,403343,2590132,1460961,4372004
1789720143,7889378,232104,4200940,4607428,403428,2590900,1461597,4371912
1789720145,7890591,232136,4201955,4607468,403506,2591400,1462140,4371900
1789720148,7891815,232144,4202976,4607428,403581,2592040,1462738,4397400
1789720150,7893054,232132,4204020,4607512,403664,2592704,1463418,4397928
1789720153,7894346,232176,4205098,4607472,403745,2593312,1463941,4399108
1789720155,7895560,232144,4206124,4607316,403819,2593876,1464552,4371904
1789720158,7896782,232132,4207144,4607460,403897,2594420,1465102,4371804
1789720160,7898039,193416,4208193,4607444,403977,2595096,1465742,4398432
1789720163,7899396,232176,4209343,4607396,404063,2595648,1466392,4399432
1789720165,7900630,232088,4210345,4607372,404138,2596428,1466955,4399916
1789720168,7901954,232104,4211492,4607428,404228,2597168,1467643,4397388
1789720170,7903276,177452,4212552,4607492,404313,2597676,1468269,4391120
1789720173,7904571,232176,4213614,4607440,404395,2598340,1468840,4371852
1789720176,7905875,232152,4214705,4607504,404471,2598996,1469478,4371940
1789720178,7907154,232096,4215782,4607480,404555,2599728,1470088,4399072
1789720181,7908413,232140,4216830,4607456,404633,2600316,1470624,4399704
1789720183,7909634,232148,4217852,4607460,404709,2600828,1471250,4397772
1789720185,7910913,232092,4218929,4607504,404790,2601600,1471811,4371832
1789720188,7912296,232068,4220119,4607640,404874,2602224,1472516,4371936
1789720190,7913600,232096,4221199,4618744,404955,2602788,1473114,4399128
1789720193,7914832,225528,4222242,4607824,405043,2603468,1473708,4398644
1789720195,7916193,232128,4223390,4607780,405125,2604072,1474364,4399044
1789720198,7917480,232136,4224417,4607700,405202,2604856,1474946,4397908
1789720200,7918679,179028,4225414,4607676,405277,2605412,1475469,4371928
1789720203,7919902,212292,4226474,4607704,405360,2606184,1476116,4371928
1789720205,7921170,232092,4227508,4607696,405437,2606704,1476653,4397592
1789720208,7922407,232104,4228596,4607712,405518,2607440,1477332,4399192
1789720210,7923687,232072,4229599,4607672,405595,2608128,1477893,4398332
1789720213,7924923,232124,4230628,4607700,405674,2608688,1478448,4394736
1789720215,7926161,232068,4231674,4607760,405752,2609312,1479084,4371968
1789720218,7927382,232096,4232694,4607648,405829,2609912,1479687,4371948
1789720220,7928654,232180,4233753,4607724,405909,2610584,1480270,4399536
1789720223,7929897,232176,4234791,4607760,405990,2611248,1480868,4398488
1789720225,7931113,232064,4235817,4607728,406076,2611920,1481488,4398952
1789720228,7932516,197012,4236980,4607672,406158,2612568,1482152,4399052
1789720230,7933746,232100,4238010,4607596,406235,2613220,1482699,4372080
1789720233,7934962,232148,4239049,4607644,406316,2613912,1483257,4398744
1789720235,7936196,232100,4240063,4607772,406402,2614552,1483975,4398960
1789720238,7937518,232100,4241238,4607724,406482,2615248,1484566,4398844
1789720240,7938867,232172,4242291,4607628,406561,2615852,1485139,4398592
1789720243,7940073,232100,4243298,4607716,406636,2628080,1485736,4437800
1789720245,7941335,259036,4244353,4607692,406715,2617128,1486337,4372080
1789720248,7942590,232188,4245412,4689712,406795,2617760,1486969,4398832
1789720250,7943834,232148,4246456,4607656,406878,2618416,1487553,4397396
1789720253,7945078,232064,4247487,4607740,406955,2618964,1488100,4399896
1789720255,7946321,232172,4248508,4607744,407032,2619592,1488783,4388432
1789720257,7947555,232088,4249544,4607620,407114,2620144,1489333,4372032
1789720260,7948853,232176,4250664,4607956,407195,2620912,1489950,4372012
1789720263,7950193,232088,4251753,4607760,407281,2621624,1490576,4399360
1789720265,7951478,232168,4252833,4607848,407362,2622324,1491181,4397948
1789720267,7952848,234992,4253975,4607716,407451,2622916,1491926,4398540
1789720270,7954429,232088,4255344,4607676,407545,2623508,1492558,4400824
1789720273,7955833,232092,4256454,4607560,407622,2624248,1493094,4372128
1789720275,7957123,232068,4257534,4607720,407700,2624844,1493835,4372144
1789720278,7958485,232140,4258645,4607668,407779,2625492,1494373,4398340
1789720280,7959834,232152,4259723,4607704,407861,2626068,1494988,4397536
1789720282,7961097,232144,4260763,4607748,407936,2626768,1495565,4398460
1789720285,7962392,193376,4261807,4607736,408015,2627324,1496180,4372252
1789720287,7963800,232188,4262954,4607696,408095,2627968,1496851,4372276
1789720290,7965204,232072,4264102,4607572,408178,2628592,1497413,4398920
1789720292,7966485,232100,4265154,4607644,408257,2629172,1498033,4398416
1789720295,7967866,232136,4266301,4607704,408336,2629848,1498711,4399380
1789720297,7969102,173760,4267311,4607668,408412,2630388,1499265,4399408
1789720299,7970506,232100,4268438,4607600,408492,2631064,1499904,4372244
1789720302,7971857,232144,4269567,4607588,408573,2631720,1500475,4399804
1789720304,7973155,204140,4270638,4607776,408654,2632164,1501117,4398908
1789720307,7974389,232068,4271678,4632280,408733,2633000,1501739,4397732
1789720309,7975637,184608,4272792,4640968,408816,2633596,1502326,4398136
1789720312,7976933,232184,4273860,4640964,408893,2634192,1502915,4372344
1789720314,7978162,232148,4274909,4641848,408972,2634844,1503519,4372272
1789720317,7979413,232172,4275971,4645464,409053,2635556,1504113,4400340
1789720319,7980743,232144,4277143,4675184,409135,2636216,1504764,4399008
1789720322,7981977,232068,4278179,4713280,409211,2636800,1505292,4398976
1789720324,7983181,232064,4279203,4734256,409289,2637420,1505928,4372208
1789720326,7984423,232172,4280272,4742648,409368,2638096,1506513,4372240
1789720329,7985673,232092,4281343,4746864,409456,2638736,1507124,4398876
1789720332,7987033,232092,4282529,4751060,409536,2639396,1507822,4399424
1789720334,7988292,251600,4283624,4750956,409613,2640016,1508388,4400076
1789720337,7989556,232140,4284723,4750952,409698,2640744,1508993,4398884
1789720339,7990929,232144,4285601,4607788,409778,2641248,1509617,4397452
1789720342,7992176,232180,4286647,4607772,409861,2642056,1510273,4372360
1789720344,7993457,232184,4287700,4607784,409936,2642752,1510823,4372264
1789720347,7994671,232096,4288721,4607828,410015,2643348,1511464,4400228
1789720349,7996047,232096,4289875,4607780,410102,2644052,1512038,4398244
1789720352,7997272,232176,4290894,4607792,410178,2644664,1512682,4399556
1789720354,7998476,232172,4291908,4607832,410261,2645384,1513280,4395296
1789720357,7999838,232152,4293042,4607960,410339,2646028,1513840,4372344
1789720359,8001036,232104,4294051,4607724,410416,2646608,1514467,4372364
1789720362,8002264,232084,4295073,4607808,410488,2647256,1515033,4399128
1789720364,8003499,232144,4296104,4607688,410570,2647928,1515616,4398516
1789720367,8004780,232140,4297193,4661484,410650,2648600,1516236,4399732
1789720369,8006012,232124,4298267,4669336,410725,2649072,1516761,4372324
1789720372,8007437,232144,4299508,4669276,410811,2649648,1517449,4372340
1789720374,8008696,232148,4300538,4669192,410886,2650328,1517989,4399880
1789720376,8009982,232136,4301642,4669280,410966,2650928,1518586,4399232
1789720379,8011399,281732,4302839,4669296,411051,2651456,1519268,4399848
1789720382,8012854,232104,4304079,4682772,411139,2652244,1519941,4382568
1789720384,8014226,232088,4305149,4607748,411225,2652820,1520563,4372512
1789720387,8015525,232180,4306222,4607896,411304,2653412,1521165,4372540
1789720389,8016921,232096,4307384,4607820,411387,2654060,1521745,4399860
1789720391,8018315,172964,4308571,4607772,411469,2654624,1522483,4398052
1789720394,8019647,232188,4309683,4607824,411555,2655220,1523071,4400496
1789720396,8021066,232132,4310902,4607912,411642,2655972,1523714,4372740
1789720399,8022500,223652,4312058,4607828,411727,2656648,1524348,4372724
1789720401,8023868,232148,4313219,4607712,411812,2657196,1524995,4400344
1789720404,8025163,232120,4314287,4607976,411890,2657804,1525642,4399280
1789720406,8026507,232068,4315390,4607784,411974,2658516,1526224,4398036
1789720408,8027793,232184,4316460,4607840,412058,2658948,1526796,4397704
1789720411,8029129,232084,4317543,4607736,412138,2659656,1527477,4373916
1789720413,8030423,232096,4318617,4607816,412214,2660200,1528030,4400684
1789720416,8031611,202028,4319574,4607892,412283,2660768,1528626,4398728
1789720418,8032835,232088,4320585,4607832,412360,2661324,1529234,4497440
1789720420,8034153,232100,4321694,4607764,412441,2661936,1529903,5728132
1789720423,8035465,232100,4322819,4607716,412524,2662708,1530578,5608720
1789720425,8036966,232176,4324092,4607860,412614,2663320,1531222,5634568
1789720428,8038304,232184,4325207,4607808,412696,2663960,1531853,5634308
1789720430,8039563,232180,4326233,4607852,412776,2664572,1532451,5748220
1789720433,8040879,232144,4327328,4607800,412855,2665192,1533047,5209800
1789720435,8042112,232088,4328360,4607832,412934,2665656,1533682,5188344
1789720438,8043466,232176,4329471,4607812,413010,2666280,1534251,5188492
1789720440,8044752,232144,4330569,4607744,413090,2666844,1534880,5214724
1789720443,8046152,232100,4331704,4607908,413175,2667572,1535515,5215020
1789720445,8047485,232144,4332777,4607732,413254,2668120,1536115,5214812
1789720447,8048761,232140,4333800,4607832,413329,2668800,1536739,5188472
1789720450,8050044,232140,4334859,4607820,413410,2669388,1537306,5188420
1789720452,8051483,232104,4336089,4607924,413497,2669924,1537943,5218460
1789720455,8052819,232104,4337182,4607888,413573,2670596,1538550,5217548
1789720457,8054102,232072,4338304,4607808,413654,2671136,1539210,5220232
1789720460,8055512,166684,4339385,4607668,413730,2671820,1539855,5194108
1789720462,8056801,232096,4340464,4607864,413805,2672404,1540397,5193880
1789720465,8058311,232092,4341779,4607820,413902,2673064,1541083,5221196
1789720467,8059603,232092,4342865,4607776,413985,2673628,1541804,5223436
1789720470,8060991,232128,4344007,4607800,414068,2674396,1542403,5223732
1789720472,8062269,232100,4345083,4607848,414146,2674952,1542996,5224556
1789720475,8063584,232136,4346136,4607908,414224,2675552,1543590,5197432
1789720477,8064907,232172,4347223,4607696,414303,2676232,1544152,5197340
1789720479,8066184,232140,4348259,4607840,414381,2676908,1544826,5225564
1789720482,8067456,231864,4349335,4607812,414458,2677488,1545383,5223936
1789720484,8068740,232148,4350391,4608020,414534,2678080,1545976,5223080
1789720487,8070025,232144,4351441,4632540,414610,2678672,1546568,5197396
1789720489,8071283,232068,4352540,4640856,414690,2679300,1547230,5197380
1789720492,8072750,232180,4353869,4640948,414777,2680008,1547940,5224548
1789720494,8074107,232100,4354975,4642080,414858,2680564,1548533,5222628
1789720497,8075350,168472,4356015,4647452,414930,2681068,1549068,5226164
1789720499,8076615,232184,4357115,4675236,415007,2681772,1549695,5197304
1789720501,8077898,232176,4358223,4716100,415091,2682396,1550355,5197376
1789720504,8079398,232180,4359541,4739752,415187,2683168,1551075,5197432
1789720506,8080910,232104,4360828,4748056,415277,2683812,1551717,5224052
1789720509,8082245,232068,4361970,4752176,415358,2684492,1552286,5223468
1789720511,8083588,232096,4363146,4752236,415436,2685112,1552976,5223260
1789720514,8084896,232140,4364302,4752208,415518,2685648,1553580,5197408
1789720516,8086430,232072,4365582,4756052,415609,2686404,1554262,5197448
1789720519,8087632,232180,4366596,4756052,415680,2687052,1554902,5197308
1789720521,8089057,232180,4367799,4755924,415761,2687528,1555485,5222980
1789720524,8090348,232096,4368551,4607984,415834,2688016,1556165,5223708
1789720526,8091466,171680,4369397,4607968,415897,2688620,1556688,5224204
1789720529,8092737,201424,4370446,4608080,415974,2689100,1557275,5197432
1789720531,8094065,232068,4371539,4608108,416054,2689652,1557910,5197432
1789720534,8095327,232068,4372569,4607996,416129,2690188,1558433,5223816
1789720536,8096643,232128,4373728,4608116,416215,2690852,1559115,5223968
1789720539,8098017,232092,4374783,4608032,416294,2691488,1559735,5224280
1789720541,8099321,232176,4375879,4608100,416372,2691976,1560315,5223616
1789720544,8100633,232088,4376935,4608064,416450,2692656,1560937,5197448
1789720546,8101946,232104,4377994,4608096,416531,2693380,1561556,5223952
1789720548,8103319,232100,4379148,4608068,416611,2694020,1562173,5223640
1789720551,8104623,232124,4380214,4607964,416688,2694552,1562800,5223832
1789720553,8106020,232092,4381370,4607992,416772,2695064,1563386,5219564
1789720556,8107337,232144,4382473,4608036,416853,2695760,1564036,5197436
1789720558,8108595,232068,4383511,4608088,416930,2696344,1564649,5224772
1789720560,8109857,191468,4384536,4608072,417006,2697056,1565186,5223164
1789720563,8111069,197548,4385520,4608036,417084,2697604,1565808,5224184
1789720565,8112423,232172,4386647,4608112,417160,2698144,1566398,5263372
1789720568,8113747,232176,4387731,4608012,417242,2698884,1567034,5197432
1789720570,8114976,232100,4388804,4608060,417320,2699524,1567670,5197460
1789720573,8116318,232092,4389858,4607976,417398,2700148,1568216,5224088
1789720575,8117595,232104,4390908,4608068,417472,2700632,1568841,5222696
1789720577,8119020,232104,4392168,4608136,417559,2701244,1569499,5221840
1789720580,8120479,232176,4393354,4619344,417644,2701832,1570141,5197420
1789720582,8121744,232096,4394403,4608016,417715,2702364,1570741,5197932
1789720585,8123040,232104,4395482,4608072,417798,2702940,1571350,5225736
1789720587,8124469,232132,4396708,4608072,417893,2703580,1572047,5224396
1789720590,8125955,232176,4397965,4608168,417978,2704152,1572689,5224908
1789720592,8127358,232136,4399103,4607984,418059,2704928,1573325,5224112
1789720595,8128626,232092,4400202,4608212,418139,2705500,1573968,5197948
1789720597,8130147,232180,4401528,4608088,418231,2706064,1574620,5197980
1789720600,8131542,232104,4402665,4607984,418316,2706760,1575267,5225664
1789720602,8132875,232088,4403777,4608012,418398,2707356,1575877,5226320
1789720605,8134284,232144,4404917,4608080,418481,2707900,1576533,5223840
1789720608,8135742,232128,4406249,4674660,418572,2708588,1577260,5220280
1789720610,8137140,232140,4407455,4672168,418653,2709148,1577861,5197996
1789720612,8138405,232144,4408537,4672188,418732,2709904,1578447,5197844
1789720615,8139749,231300,4409697,4672108,418814,2710372,1579149,5223488
1789720617,8141119,232184,4410810,4672132,418894,2710980,1579735,5225472
1789720620,8142456,232088,4411938,4673596,418973,2711536,1580396,5225208
1789720622,8143857,232128,4412956,4608316,419054,2712220,1580983,5197856
1789720625,8145093,232100,4413980,4608492,419136,2712892,1581589,5197960
1789720627,8146431,232084,4415068,4608220,419214,2713460,1582287,5224124
1789720629,8147811,232180,4416232,4608372,419306,2714272,1582971,5224804
1789720632,8149297,232140,4417449,4608132,419388,2714876,1583555,5223732
1789720635,8150523,224028,4418447,4608160,419462,2715452,1584200,5222108
1789720637,8152150,232136,4419821,4608292,419557,2716092,1584900,5197924
1789720640,8153477,232096,4420921,4608448,419645,2716744,1585594,5197876
1789720642,8154933,232072,4422101,4608324,419727,2717468,1586154,5224116
1789720645,8156270,297564,4423221,4608188,419808,2717852,1586752,5224076
1789720647,8157636,232128,4424383,4608220,419894,2718716,1587449,5224412
1789720650,8158933,232096,4425392,4608300,419967,2719260,1588060,5225008
1789720652,8160339,232148,4426529,4608320,420050,2719884,1588690,5198164
1789720655,8161619,232092,4427587,4608368,420128,2720444,1589273,5223532
1789720657,8162835,232180,4428574,4608224,420200,2721088,1589827,5225216
1789720659,8164084,193024,4429553,4608264,420269,2721740,1590483,5224060
1789720662,8165278,166676,4430512,4608296,420337,2722256,1591014,5207656
1789720664,8166476,232176,4431472,4608268,420402,2722808,1591578,5198040
1789720666,8167663,215812,4432444,4608276,420471,2723496,1592142,5223788
1789720669,8168953,232172,4433487,4608332,420543,2724132,1592670,5225424
1789720671,8170164,232124,4434451,4608324,420613,2724796,1593336,5223752
1789720674,8171352,232124,4435395,4608316,420680,2725188,1593864,5225096
1789720676,8172537,232124,4436335,4608440,420741,2725760,1594388,5198244
1789720679,8173812,232144,4437350,4608336,420814,2726396,1594997,5224548
1789720681,8175001,251976,4438303,4608320,420877,2726812,1595498,5224908
1789720683,8176222,278908,4439360,4608316,420955,2727548,1596209,5227128
1789720686,8177501,232072,4440358,4608444,421029,2728040,1596749,5225344
1789720688,8178681,232180,4441342,4608304,421100,2728644,1597297,5198148
1789720691,8179868,240580,4442339,4608372,421170,2729208,1597892,5198232
1789720693,8181088,232152,4443390,4608296,421248,2729828,1598486,5224040
1789720696,8182297,232140,4444385,4608348,421321,2730508,1599125,5226156
1789720698,8183476,232096,4445372,4608260,421392,2731108,1599668,5225828
1789720701,8184633,166600,4446346,4608328,421464,2731720,1600208,5198264
1789720703,8185841,232184,4447357,4608228,421538,2732352,1600833,5198216
1789720706,8187048,232168,4448344,4608444,421606,2732892,1601413,5224600
1789720708,8188238,188320,4449340,4608232,421676,2733508,1601983,5223948
1789720710,8189418,232088,4450322,4608296,421752,2734124,1602558,5224852
1789720713,8190691,232144,4451361,4608316,421819,2734796,1603099,5206160
1789720715,8191872,232184,4452299,4608212,421884,2735328,1603694,5198264
1789720718,8193105,232088,4453280,4608288,421955,2735972,1604309,5223552
1789720720,8194286,232100,4454200,4608412,422021,2736592,1604847,5224760
1789720723,8195388,232144,4455044,4608352,422079,2737236,1605387,5223496
1789720725,8196462,232100,4455886,4608300,422140,2737872,1605856,5264296
1789720727,8197570,232180,4456766,4634060,422201,2738484,1606425,5198244
1789720730,8198662,212568,4457651,4640648,422262,2738964,1607005,5225152
1789720732,8199843,232140,4458598,4641044,422328,2739696,1607538,5226632
1789720735,8200952,232088,4459488,4642976,422396,2740312,1608111,5225040
1789720737,8202127,232176,4460414,4647456,422454,2740780,1608598,5224296
1789720739,8203223,232144,4461300,4679828,422517,2741408,1609222,5198560
1789720742,8204325,232088,4462195,4715300,422577,2741904,1609717,5225132
1789720744,8205443,232088,4463082,4735760,422643,2742684,1610276,5225496
1789720747,8206561,232100,4463983,4744092,422706,2743308,1610800,5225520
1789720749,8207638,232184,4464840,4748380,422765,2743880,1611311,5225232
1789720751,8208876,232144,4465885,4752296,422838,2744504,1611962,5198628
1789720754,8210030,232180,4466883,4752376,422906,2745068,1612461,5224580
1789720756,8211189,232128,4467923,4752448,422979,2745620,1613040,5224996
1789720759,8212452,232140,4468928,4752596,423049,2746236,1613615,5224780
1789720761,8213617,232096,4469684,4608392,423118,2746608,1614121,5198668
1789720763,8214758,232168,4470633,4608340,423192,2747376,1614809,5198680
1789720766,8216017,232144,4471698,4608388,423264,2748004,1615382,5226172
1789720768,8217172,232136,4472662,4608432,423334,2748512,1615911,5224200
1789720771,8218345,232180,4473649,4608364,423409,2749172,1616529,5226940
1789720773,8219569,232096,4474660,4608440,423481,2749644,1617087,5225708
1789720776,8220759,232124,4475658,4608500,423553,2750324,1617730,5198684
1789720778,8221862,232176,4476528,4608396,423612,2750808,1618215,5198696
1789720781,8222988,232068,4477392,4608412,423674,2751540,1618710,5225772
1789720783,8224066,232128,4478227,4608436,423733,2752172,1619277,5226212
1789720785,8225166,232096,4479093,4608420,423793,2752664,1619799,5223952
1789720788,8226270,232092,4479951,4608468,423851,2753264,1620349,5198668
1789720790,8227344,232088,4480782,4608372,423909,2753708,1620823,5225132
1789720792,8228475,232088,4481657,4608384,423971,2754444,1621343,5225400
1789720795,8229614,232132,4482557,4608436,424038,2757924,1621905,5224284
1789720797,8230716,178064,4483402,4608428,424098,2755612,1622439,5198732
1789720799,8231786,232168,4484238,4608484,424156,2756300,1622999,5198716
1789720802,8232902,232124,4485121,4608332,424220,2756848,1623485,5224828
1789720804,8233992,166716,4485964,4608468,424278,2757376,1624007,5225328
1789720806,8235103,232092,4486839,4608424,424341,2758172,1624536,5221020
1789720809,8236220,189596,4487698,4608404,424404,2758796,1625079,5198720
1789720811,8237322,232148,4488571,4608408,424468,2759404,1625669,5225588
1789720814,8238534,232184,4489498,4608408,424535,2759976,1626171,5225764
1789720816,8239629,204368,4490357,4608308,424598,2760676,1626709,5224156
1789720818,8240756,232136,4491224,4608484,424660,2761340,1627250,5221348
1789720821,8241892,232096,4492150,4608332,424725,2761876,1627800,5198776
1789720823,8243073,232092,4493118,4608508,424795,2762400,1628388,5227040
1789720826,8244224,232124,4494125,4608436,424868,2763064,1628959,5225116
1789720828,8245454,232088,4495095,4608360,424938,2763564,1629532,5226216
1789720831,8246638,203360,4496097,4608448,425013,2764232,1630163,5225288
1789720833,8247806,189596,4497058,4608364,425083,2764800,1630705,5198764
1789720835,8248986,232184,4498038,4608496,425154,2765284,1631310,5223840
1789720838,8250150,232148,4499021,4608376,425224,2765936,1631856,5224696
1789720840,8251342,232096,4499989,4608420,425294,2766516,1632449,5224656
1789720842,8252527,232124,4501018,4608328,425370,2767196,1633096,5198764
1789720845,8253716,232100,4501975,4608448,425437,2767612,1633614,5198728
1789720847,8254909,232140,4502981,4663120,425507,2768304,1634220,5198800
1789720850,8256070,232176,4503969,4670376,425574,2768960,1634758,5225136
1789720852,8257222,232096,4504932,4670684,425643,2769544,1635303,5226408
1789720855,8258367,232088,4505897,4670796,425711,2770000,1635921,5214384
1789720857,8259581,232188,4506942,4670736,425784,2770684,1636475,5198752
1789720859,8260732,232176,4507915,4686960,425852,2771284,1637067,5225856
1789720862,8261909,232104,4508812,4608444,425927,2771688,1637630,5224308
1789720864,8263163,232068,4509851,4608396,425998,2772432,1638199,5224696
1789720867,8264306,232144,4510797,4608400,426069,2772932,1638823,5200420
1789720869,8265477,232148,4511794,4608488,426143,2773668,1639364,5198776
1789720871,8266628,232068,4512747,4608432,426211,2774208,1639957,5225380
1789720874,8267754,180096,4513726,4608492,426284,2774772,1640496,5226944
1789720876,8268886,232092,4514579,4608396,426341,2775324,1641032,5224016
1789720879,8270063,232072,4515529,4608572,426411,2776004,1641660,5198772
1789720881,8271204,232088,4516375,4608472,426470,2776564,1642155,5198800
1789720884,8272298,166624,4517214,4608484,426532,2777124,1642728,5198704
1789720886,8273399,232128,4518092,4608464,426590,2777692,1643214,5225472
1789720888,8274586,232104,4519015,4608400,426657,2778132,1643798,5225016
1789720891,8275674,232148,4519876,4608340,426721,2778852,1644374,5222468
1789720893,8276771,180984,4520717,4608476,426780,2779284,1644855,5198684
1789720896,8277689,166660,4521529,4608448,426837,2779980,1645405,5225560
1789720898,8278492,166660,4522306,4608420,426893,2780440,1645845,5224676
1789720900,8279300,166672,4523090,4608424,426949,2781024,1646405,5227944
1789720902,8280078,166704,4523838,4608368,427000,2781416,1646892,5198816
1789720905,8280871,166668,4524610,4608424,427056,2782088,1647348,5226844
1789720907,8281672,166680,4525404,4634688,427111,2782668,1647891,5225032
1789720909,8282464,166660,4526213,4642772,427167,2783268,1648347,5224696
1789720912,8283284,166616,4527015,4642912,427224,2783648,1648945,5198896
1789720914,8284068,166632,4527810,4644140,427278,2784352,1649415,5225472
1789720916,8284898,166680,4528594,4649760,427336,2784812,1649919,5224596
1789720919,8285731,166632,4529450,4674540,427392,2785360,1650449,5225132
1789720921,8286514,166632,4530215,4716556,427444,2786092,1650910,5198960
1789720923,8287318,166620,4531005,4733240,427499,2786612,1651522,5224076
1789720926,8288127,166616,4531815,4749288,427553,2787116,1651981,5224772
1789720928,8288926,166664,4532593,4753516,427607,2787760,1652501,5199020
1789720930,8289732,166664,4533408,4753488,427665,2788224,1653013,5224912
1789720933,8290544,166628,4534216,4753360,427730,2788800,1653523,5226436
1789720935,8291397,166716,4535054,4753548,427778,2789232,1654104,5226144
1789720938,8292195,166708,4535643,4608492,427834,2789916,1654525,5198928
1789720940,8293011,166624,4536430,4608428,427889,2790400,1655062,5225136
1789720942,8293799,166708,4537191,4608424,427946,2790932,1655540,5225316
1789720945,8294629,166600,4537976,4608444,428005,2791568,1656028,5226024
1789720947,8295430,166668,4538752,4608472,428061,2791996,1656622,5198880
1789720949,8296243,166720,4539546,4608432,428117,2792700,1657096,5225840
1789720952,8297043,166716,4540314,4608284,428175,2793292,1657646,5225476
1789720954,8297854,166632,4541101,4608396,428230,2793908,1658117,5225772
1789720956,8298654,166620,4541900,4608388,428287,2794472,1658623,5199024
1789720959,8299463,166600,4542645,4608420,428343,2795036,1659129,5224276
1789720961,8300255,166676,4543398,4608400,428395,2795476,1659584,5225940
1789720963,8301048,166716,4544161,4608416,428448,2795948,1660150,5218284
1789720966,8301883,166632,4544984,4608396,428508,2796624,1660641,5199000
1789720968,8302700,166660,4545741,4608352,428562,2797092,1661218,5226700
1789720970,8303491,166620,4546511,4608452,428615,2797640,1661693,5225656
1789720973,8304279,166628,4547257,4608456,428669,2798160,1662155,5199112
1789720975,8305058,166672,4547982,4608408,428720,2798660,1662657,5199076
1789720977,8305059,166652,4547983,4608252,428721,2798680,1662889,5224952
1789720980,8305060,166660,4547984,4608384,428722,2798716,1663117,5226448
1789720982,8305063,166672,4547986,4608348,428722,2798732,1663344,5198996
1789720984,8305064,166624,4547988,4608324,428722,2798584,1663573,5225356
1789720986,8305066,166632,4547989,4608424,428723,2798716,1663800,5225756
1789720989,8305067,166676,4547991,4608408,428724,2798688,1664031,89428
1789720991,8305069,166676,4547992,4608400,428724,2798704,OCI runtime exec failed: exec failed: unable to start container process: error executing setns process: exit status 1
,
1789720993,8305070,166656,4547994,4608376,428725,2798604,,
1789720995,8305072,166632,4548002,4608364,428725,2798596,,
1789720998,8305073,166672,4548003,4608380,428725,2798760,,
1789721000,8305074,166712,4548003,4608376,428726,2798700,,
1789721002,8305076,166676,4548006,4608368,428726,2798676,,
1789721005,8305077,166624,4548007,4608396,428726,2798748,,
1789721007,8305078,166700,4548010,4608256,428727,2798708,,
1789721009,8305080,166664,4548011,4608404,428727,2798716,,
1789721011,8305081,166652,4548011,4608372,428727,2798696,,
1789721014,8305083,166604,4548013,4608312,428728,2798604,,
1789721016,8305084,166596,4548014,4608404,428728,2798732,,
1789721018,8305085,166684,4548015,4608352,428728,2798676,,
1789721020,8305087,166684,4548016,4608432,428729,2798732,,
1789721023,8305088,166628,4548018,4608364,428729,2798628,,
1789721025,8305089,166632,4548019,4608384,428730,2798624,,
1789721027,8305091,166628,4548023,4608392,428731,2798548,,
1789721029,8305093,166680,4548023,4608360,428731,2798580,,
1789721032,8305094,166708,4548023,4608400,428732,2798572,,
1789721034,8305101,166680,4548024,4608284,428732,2798692,,
1789721036,8305096,166636,4548024,4608376,428732,2798636,,
1789721038,8305098,166596,4548025,4608336,428733,2798680,,
1789721041,8305100,166716,4548025,4608412,428738,2798692,,
1789721043,8305101,166716,4548026,4608400,428736,2798684,,
1789721045,8305103,166712,4548026,4608420,428735,2798688,,
1789721047,8305103,166628,4548027,4608372,428735,2798688,,
1789721050,8305106,166656,4548027,4608372,428735,2798628,,
1789721052,8305106,166624,4548028,4608408,428735,2798656,,
1789721054,8305109,166628,4548028,4608428,428736,2798672,,
1789721056,8305110,166624,4548033,4608384,428736,2798688,,
1789721059,8305112,166620,4548033,4608364,428737,2798604,,
1789721061,8305114,166668,4548036,4608388,428737,2798704,,
1789721063,8305115,166660,4548036,4608388,428737,2798640,,
1789721065,8305118,166632,4548038,4608344,428739,2798688,,
1789721068,8305118,166708,4548038,4608392,428739,2798640,,
1789721070,8305120,166708,4548039,4608400,428739,2798688,,
1789721072,8305122,166704,4548039,4608396,428740,2798620,,
1789721074,8305123,166636,4548041,4608296,428740,2798620,,
1789721077,8305124,166656,4548041,4608376,428741,2798712,,
1789721079,8305132,166676,4548041,4608388,428741,2798680,,
1789721081,8305128,166716,4548042,4608396,428742,2798624,,
1789721084,8305128,166632,4548044,4608296,428742,2798628,,
1789721086,8305130,166672,4548046,4608352,428742,2798592,,
1789721088,8305132,166604,4548046,4608264,428743,2798584,,
1789721090,8305133,166720,4548048,4608312,428743,2798644,,
1789721092,8305135,166628,4548048,4608336,428744,2798688,,
1789721095,8305136,166632,4548050,4608300,428744,2798676,,
1789721097,8305138,166676,4548051,4608304,428745,2798652,,
1789721099,8305139,166628,4548052,4608268,428745,2798544,,
1789721101,8305140,166712,4548056,4608276,428745,2798708,,
1789721104,8305140,166712,4548056,4608360,428746,2798680,,
1789721106,8305145,166652,4548057,4608420,428746,2798656,,
1789721108,8305144,166700,4548057,4608364,428747,2798696,,
1789721110,8305145,166668,4548058,4608376,428747,2798652,,
1789721113,8305148,166656,4548059,4608412,428747,2798696,,
1789721115,8305148,166620,4548061,4608416,428748,2798580,,
1789721117,8305150,166664,4548062,4608332,428748,2798640,,
1789721119,8305151,166712,4548062,4608420,428749,2798596,,
1789721122,8305153,166684,4548064,4608396,428750,2798616,,
1789721124,8305153,166632,4548065,4608264,428750,2798592,,
1789721126,8305161,166628,4548065,4608364,428751,2798672,,
1789721129,8305155,166672,4548065,4608344,428751,2798716,,
1789721131,8305158,166660,4548067,4608384,428751,2798644,,
1789721133,8305160,166716,4548068,4608376,428752,2798548,,
1789721135,8305160,166620,4548068,4608432,428752,2798624,,
1789721137,8305162,166632,4548069,4608384,428752,2798684,,
1789721140,8305163,166628,4548070,4608408,428753,2798700,,
1789721142,8305164,166624,4548072,4608432,428757,2798600,,
1789721144,8305166,166656,4548072,4608308,428754,2798724,,
1789721146,8305168,166600,4548072,4608308,428754,2798668,,
1789721149,8305168,166668,4548072,4608344,428754,2798668,,
1789721151,8305170,166632,4548073,4608428,428755,2798672,,
1789721153,8305171,166628,4548073,4608288,428755,2798692,,
1789721155,8305173,166628,4548073,4608372,428755,2798700,,
1789721158,8305176,166600,4548074,4608404,428756,2798700,,
1789721160,8305176,166628,4548074,4608340,428756,2798712,,
1789721162,8305177,166632,4548075,4608412,428757,2798552,,
1789721164,8305179,166632,4548076,4608352,428758,2798636,,
1789721167,8305179,166704,4548077,4608416,428758,2798708,,
1789721169,8305182,166672,4548078,4608276,428759,2798704,,
1789721171,8305182,166708,4548079,4608344,428764,2798672,,
1789721173,8305184,166656,4548079,4608444,428759,2798684,,
1789721176,8305185,166708,4548081,4608408,428760,2798560,,
1789721178,8305187,166656,4548083,4608424,428760,2798660,,
1789721180,8305188,166656,4548084,4608392,428761,2798660,,
1789721182,8305190,166600,4548084,4608388,428761,2798532,,
1789721185,8305191,166632,4548087,4608400,428761,2798684,,
1789721187,8305192,166720,4548090,4608412,428762,2798668,,
1789721189,8305194,166684,4548087,4608284,428763,2798696,,
1789721191,8305195,166624,4548089,4608292,428764,2798660,,
1789721194,8305197,166656,4548091,4608264,428764,2798652,,
1789721196,8305198,166672,4548094,4608420,428764,2798652,,
1789721198,8305200,166596,4548096,4608368,428765,2798656,,
1789721200,8305201,166624,4548097,4608396,428765,2798696,,
1789721202,8305203,166632,4548098,4608380,428765,2798576,,
1789721205,8305204,166628,4548099,4608396,428766,2798700,,
1789721207,8305207,166624,4548101,4608376,428767,2798664,,
1789721209,8305207,166672,4548102,4608420,428771,2798616,,
1789721212,8305208,166720,4548103,4608308,428767,2798708,,
1789721214,8305210,166672,4548105,4608388,428768,2798680,,
1789721216,8305211,166624,4548105,4608424,428768,2798676,,
1789721218,8305213,166636,4548109,4608428,428769,2798636,,
1789721221,8305215,166628,4548110,4608396,428769,2798608,,
1789721223,8305216,166604,4548110,4608288,428770,2798676,,
1789721225,8305218,166620,4548111,4608360,428770,2798696,,
1789721227,8305220,166684,4548111,4608380,428770,2798600,,
1789721230,8305221,166632,4548111,4608384,428771,2798684,,
1789721232,8305228,166660,4548112,4608268,428772,2798672,,
1789721234,8305224,166632,4548112,4608404,428773,2798660,,
1789721236,8305225,166720,4548115,4608268,428774,2798656,,
1789721239,8305227,166716,4548115,4608404,428774,2798636,,
1789721241,8305229,166632,4548117,4608424,428774,2798652,,
1789721243,8305230,166660,4548118,4608364,428774,2798652,,
1789721245,8305232,166712,4548118,4608276,428779,2798680,,
1789721248,8305233,166672,4548122,4608316,428775,2798608,,
1789721250,8305234,166660,4548122,4608268,428776,2798640,,
1789721252,8305236,166636,4548123,4608364,428776,2798644,,
1789721254,8305237,166604,4548123,4608384,428776,2798668,,
1789721257,8305238,166632,4548124,4608428,428777,2798688,,
1789721259,8305240,166656,4548127,4608372,428777,2798688,,
1789721261,8305241,166620,4548129,4608320,428778,2798700,,
1789721263,8305243,166632,4548129,4608416,428778,2798640,,
1789721265,8305244,166712,4548131,4608380,428778,2798652,,
1789721268,8305246,166712,4548133,4608364,428780,2798600,,
1789721270,8305248,166632,4548133,4608336,428780,2798612,,
1789721273,8305250,166600,4548134,4608376,428781,2798656,,
1789721275,8305251,166668,4548134,4608408,428781,2798596,,
1789721277,8305252,166664,4548137,4608288,428781,2798700,,
1789721279,8305254,166680,4548138,4608308,428782,2798696,,
1789721281,8305256,166600,4548141,4608264,428782,2798664,,
1789721284,8305256,166676,4548141,4608356,428784,2798636,,
1789721286,8305259,166676,4548142,4608384,428784,2798528,,
1789721288,8305259,166624,4548142,4608392,428784,2798604,,
1789721290,8305261,166624,4548142,4608384,428789,2798692,,
1789721293,8305263,166624,4548142,4608336,428785,2798616,,
1789721295,8305264,166668,4548143,4608364,428785,2798652,,
1789721297,8305265,166712,4548144,4608436,428786,2798656,,
1789721299,8305267,166624,4548144,4608392,428786,2798676,,
1789721301,8305269,166628,4548147,4608392,428787,2798716,,
1789721304,8305270,166628,4548147,4608380,428787,2798636,,
1789721306,8305271,166632,4548148,4608412,428788,2798636,,
1789721308,8305273,166628,4548150,4608344,428790,2798532,,
1789721310,8305274,166624,4548150,4608428,428789,2798660,,
1789721313,8305275,166632,4548153,4608428,428789,2798640,,
1789721315,8305276,166676,4548154,4608396,428790,2798584,,
1789721317,8305279,166624,4548155,4608376,428790,2798584,,
1789721319,8305280,166604,4548155,4608368,428790,2798676,,
1789721322,8305281,166672,4548155,4608368,428791,2798676,,
1789721324,8305283,166656,4548155,4608416,428791,2798660,,
1789721326,8305284,166660,4548155,4608360,428792,2798628,,
1789721328,8305285,166628,4548156,4608316,428792,2798540,,
1789721330,8305286,166672,4548157,4608352,428793,2798696,,
1789721333,8305288,166620,4548159,4608444,428794,2798632,,
1789721335,8305294,166628,4548160,4608428,428794,2798564,,
1789721337,8305291,166628,4548160,4608304,428794,2798556,,
1789721339,8305292,166672,4548161,4608384,428795,2798696,,
1789721342,8305293,166628,4548162,4608388,428795,2798652,,
1789721344,8305295,166712,4548165,4608412,428796,2798692,,
1789721346,8305296,166704,4548165,4608392,428796,2798648,,
1789721348,8305298,166712,4548166,4608320,428796,2798648,,
1789721351,8305299,166616,4548167,4608440,428797,2798652,,
1789721353,8305301,166720,4548167,4608372,428798,2798560,,
1789721355,8305302,166668,4548172,4608380,428798,2798664,,
1789721357,8305303,166668,4548172,4608392,428798,2798668,,
1789721359,8305304,166708,4548172,4608300,428799,2798692,,
1789721362,8305306,166600,4548174,4608364,428799,2798668,,
1789721364,8305307,166712,4548174,4608388,428800,2798636,,
1789721366,8305309,166712,4548176,4608376,428800,2798680,,
1789721368,8305310,166632,4548177,4608392,428801,2798648,,
1789721371,8305312,166680,4548177,4608280,428801,2798656,,
1789721373,8305313,166628,4548181,4608320,428801,2798648,,
1789721375,8305315,166672,4548181,4608376,428803,2798560,,
1789721377,8305315,166708,4548181,4608372,428803,2798616,,
1789721380,8305317,166636,4548181,4608296,428804,2798624,,
1789721382,8305318,166712,4548183,4608344,428804,2798644,,
1789721384,8305320,166676,4548183,4608392,428804,2798648,,
1789721386,8305321,166708,4548184,4608384,428805,2798684,,
1789721388,8305323,166624,4548187,4608320,428805,2798620,,
1789721391,8305323,166624,4548187,4608408,428805,2798684,,
1789721393,8305325,166624,4548188,4608284,428806,2798672,,
1789721395,8305328,166712,4548190,4608364,428806,2798608,,
1789721397,8305328,166668,4548192,4608344,428807,2798644,,
1789721400,8305329,166604,4548193,4608380,428807,2798620,,
1789721402,8305331,166628,4548195,4608360,428807,2798536,,
1789721404,8305333,166664,4548195,4608372,428809,2798640,,
1789721406,8305334,166680,4548197,4608312,428809,2798644,,
1789721408,8305335,166620,4548197,4608392,428809,2798660,,
1789721411,8305337,166680,4548197,4608380,428809,2798648,,
1789721413,8305338,166708,4548197,4608368,428810,2798660,,
1789721415,8305339,166716,4548200,4608404,428810,2798680,,
1789721417,8305341,166660,4548201,4608308,428811,2798620,,
1789721420,8305342,166620,4548202,4608352,428811,2798680,,
1789721422,8305344,166628,4548203,4608396,428812,2798648,,
1789721424,8305345,166712,4548204,4608376,428813,2798588,,
1789721426,8305346,166668,4548206,4608360,428813,2798668,,
1789721429,8305348,166600,4548208,4610364,428813,2798640,,
1789721431,8305349,166628,4548210,4608404,428814,2798644,,
1789721433,8305350,166636,4548211,4608396,428814,2798656,,
1789721435,8305354,166704,4548212,4608388,428814,2798688,,
1789721438,8305353,166632,4548212,4608344,428815,2798652,,
1789721440,8305355,166600,4548215,4608340,428816,2798676,,
1789721442,8305356,166712,4548216,4608280,428816,2798640,,
1789721444,8305357,166656,4548219,4608372,428816,2798676,,
1789721447,8305359,166704,4548222,4608260,428816,2798668,,
1789721449,8305360,166668,4548222,4608360,428817,2798624,,
1789721451,8305362,166628,4548223,4608416,428817,2798640,,
1789721453,8305363,166600,4548224,4608372,428818,2798668,,
1789721455,8305364,166716,4548224,4608360,428818,2798524,,
1789721458,8305366,166668,4548225,4608324,428818,2798684,,
1789721460,8305368,166672,4548226,4608424,428819,2798632,,
1789721462,8305369,166656,4548227,4608408,428819,2798640,,
1789721465,8305370,166660,4548227,4608388,428820,2798552,,
1789721467,8305371,166712,4548228,4608360,428821,2798692,,
1789721469,8305373,166628,4548231,4608420,428821,2798644,,
1789721471,8305375,166700,4548231,4608396,428821,2798576,43,64468
1789721473,8305375,166680,4548426,4822620,428822,2798640,43,64432
1789721476,8305377,166656,4548640,4822800,428822,2798652,44,64560
1789721478,8305379,166600,4548863,4822988,428823,2798632,44,64508
1789721480,8305380,166624,4549078,4822940,428823,2798636,44,64556
1789721483,8305382,166664,4549289,4822992,428823,2798672,44,64584
1789721485,8305383,166676,4549503,4822920,428824,2798684,45,64520
1789721487,8305386,166628,4549745,4822960,428825,2798528,45,64480
1789721490,8305387,166624,4549961,4822868,428826,2798652,45,64532
1789721492,8305388,166708,4550173,4822988,428826,2798668,45,64520
1789721494,8305390,166712,4550386,4822964,428827,2798620,45,64540
1789721497,8305391,166708,4550606,4822920,428828,2801520,45,64508
1789721499,8305394,166676,4550815,4822952,428828,2798660,45,64576
1789721501,8305395,166628,4551033,4822908,428828,2798640,45,64572
1789721504,8305397,166712,4551247,4822944,428828,2798620,45,64552
1789721506,8305398,166672,4551468,4822960,428830,2798616,45,64540
1789721508,8305400,166720,4551683,4822956,428830,2798652,45,64564
1789721510,8305402,166636,4551900,4822976,428830,2798700,49,64444
1789721513,8305403,166676,4552122,4822844,428831,2798692,45,64508
1789721515,8305405,166624,4552338,4822896,428831,2798696,46,64452
1789721518,8305406,166680,4552576,4822852,428832,2798660,46,64552
1789721520,8305408,166712,4552791,4822984,428832,2798660,46,64512
1789721522,8305409,166600,4553002,4822920,428832,2798700,46,64500
1789721525,8305411,166632,4553226,4822952,428833,2798560,46,64520
1789721527,8305412,166712,4553438,4822860,428833,2798608,46,64540
1789721529,8305413,166708,4553646,4822912,428834,2798648,46,64556
1789721531,8305415,166712,4553858,4822980,428834,2798648,46,64548
1789721534,8305416,166676,4554067,4822952,428835,2798608,51,64540
1789721536,8305417,166704,4554284,4822904,428842,2798676,46,64424
1789721538,8305419,166672,4554520,4822952,428836,2798568,46,64528
1789721541,8305421,166656,4554732,4822944,428837,2798684,46,64536
1789721543,8305422,166708,4554943,4822952,428837,2798692,46,64516
1789721545,8305423,166708,4555151,4822948,428838,2798688,46,64456
1789721548,8305425,166668,4555375,4822916,428838,2798512,48,64548
1789721550,8305426,166680,4555591,4822944,428838,2798688,48,64516
1789721552,8305427,166628,4555799,4822964,428839,2798576,48,64404
1789721555,8305429,166628,4556012,4822912,428840,2798524,48,64500
1789721557,8305430,166656,4556224,4822960,428841,2798656,48,64588
1789721559,8305432,166628,4556434,4822956,428841,2798624,48,64548
1789721561,8305433,166712,4556650,4822912,428841,2798664,48,64588
1789721564,8305435,166700,4556867,4822968,428842,2798660,48,64552
1789721566,8305436,166716,4557078,4822936,428842,2798632,48,64564
1789721568,8305437,166712,4557289,4822988,428842,2798612,48,64548
1789721571,8305439,166632,4557509,4822936,428843,2798580,48,64572
1789721573,8305440,166664,4557718,4822820,428843,2798652,48,64536
1789721575,8305442,166656,4557931,4822828,428844,2798696,52,64432
1789721577,8305444,166600,4558148,4822932,428845,2798540,49,64604
1789721580,8305445,166660,4558360,4822920,428845,2798684,49,64576
1789721582,8305447,166628,4558568,4822952,428845,2798652,49,64440
1789721584,8305448,166632,4558775,4822968,428846,2798540,49,64528
1789721587,8305450,166628,4558985,4822972,428846,2798652,49,64476
1789721589,8305452,166668,4559197,4822940,428847,2798632,49,64552
1789721591,8305452,166676,4559415,4822960,428847,2798656,49,64552
1789721593,8305454,166664,4559625,4822984,428848,2798648,49,64556
1789721596,8305455,166668,4559841,4822976,428848,2798620,49,64560
1789721598,8305457,166632,4560049,4822976,428848,2798668,49,64556
1789721600,8305458,166660,4560257,4822884,428850,2798648,50,64548
1789721603,8305460,166676,4560470,4822928,428850,2798560,50,64568
1789721605,8305461,166600,4560675,4822960,428850,2798628,50,64456
1789721607,8305462,166624,4560891,4826136,428851,2798544,50,64556
1789721609,8305464,166624,4561107,4826040,428851,2798624,50,64436
1789721612,8305465,166684,4561326,4826192,428852,2798628,50,64552
1789721614,8305467,166600,4561538,4826208,428852,2798668,50,64528
1789721616,8305468,166672,4561750,4826156,428852,2798680,51,64440
1789721619,8305470,166620,4561972,4826056,428853,2798684,50,64516
1789721621,8305472,166624,4562181,4826140,428853,2798648,50,64576
1789721623,8305473,166620,4562398,4826156,428853,2798532,50,64548
1789721626,8305474,166632,4562610,4826156,428854,2798648,50,64564
1789721628,8305476,166712,4562824,4826064,428854,2798596,50,64544
1789721630,8305478,166632,4563036,4826156,428855,2798656,50,64524
1789721632,8305479,166700,4563248,4826168,428856,2798668,50,64516
1789721635,8305480,166636,4563461,4826208,428856,2798636,51,64500
1789721637,8305482,166660,4563674,4826140,428857,2798628,51,64560
1789721639,8305483,166700,4563886,4826068,428857,2798652,52,64520
1789721642,8305485,166684,4564098,4826176,428858,2798540,52,64556
1789721644,8305491,166624,4564329,4826188,428858,2798620,52,64552
1789721646,8305488,166712,4564540,4826080,428858,2798660,52,64568
1789721649,8305489,166668,4564749,4826092,428859,2798648,52,64560
1789721651,8305491,166600,4564961,4826216,428860,2798664,52,64580
1789721653,8305492,166712,4565172,4826156,428861,2798644,52,64532
1789721655,8305494,166716,4565384,4826068,428861,2798640,52,64544
1789721658,8305495,166656,4565594,4826192,428861,2798620,52,64592
1789721660,8305496,166684,4565811,4826160,428862,2798572,52,64568
1789721662,8305498,166680,4566027,4826200,428862,2798640,52,64416
1789721665,8305500,166632,4566242,4826168,428863,2798672,52,64592
1789721667,8305502,166616,4566456,4826168,428863,2798660,52,64432
1789721669,8305503,166676,4566666,4826212,428864,2798668,52,64556
1789721671,8305505,166620,4566876,4826044,428864,2798656,52,64540
1789721674,8305505,166628,4567089,4826208,428865,2798568,52,64544
1789721676,8305508,166704,4567317,4826152,428865,2798668,52,64544
1789721678,8305508,166632,4567534,4826204,428865,2798668,53,64428
1789721681,8305510,166620,4567749,4826172,428866,2798628,53,64512
1789721683,8305512,166632,4567962,4826148,428866,2798560,53,64460
1789721685,8305513,166684,4568175,4826184,428868,2798668,53,64532
1789721688,8305515,166632,4568388,4826204,428868,2798580,53,64576
1789721690,8305517,166656,4568597,4826168,428868,2798652,53,64496
1789721692,8305518,166704,4568809,4826148,428869,2798688,53,64516
1789721695,8305519,166660,4569017,4826176,428869,2798656,53,64560
1789721697,8305521,166668,4569234,4826164,428869,2798652,53,64552
1789721699,8305523,166656,4569443,4826172,428871,2798648,53,64512
1789721701,8305524,166672,4569660,4826176,428871,2798620,53,64548
1789721704,8305526,166668,4569866,4826180,428872,2798664,53,64524
1789721706,8305527,166720,4570074,4826148,428872,2798552,53,64528
1789721708,8305529,166672,4570287,4826168,428872,2798520,53,64440
1789721710,8305530,166708,4570491,4826172,428873,2798664,53,64560
1789721713,8305531,166708,4570708,4826192,428873,2798688,53,64512
1789721715,8305533,166716,4570917,4826200,428873,2798652,53,64588
1789721717,8305534,166712,4571129,4826164,428874,2798660,54,64496
1789721720,8305535,166708,4571350,4826168,428875,2798608,54,64548
1789721722,8305537,166624,4571572,4826172,428874,2798596,54,64568
1789721724,8305539,166680,4571789,4826216,428875,2798640,54,64484
1789721727,8305540,166708,4572001,4826168,428876,2798672,54,64436
1789721729,8305542,166632,4572210,4826180,428876,2798620,54,64536
1789721731,8305543,166672,4572425,4826196,428877,2798624,54,64588
1789721734,8305544,166668,4572631,4826056,428877,2798608,54,64444
1789721736,8305546,166676,4572845,4826152,428877,2798592,54,64424
1789721738,8305547,166720,4573054,4826216,428879,2798612,54,64596
1789721740,8305548,166632,4573286,4826116,428879,2798628,54,64564
1789721743,8305550,166712,4573500,4826152,428879,2798664,54,64520
1789721745,8305552,166656,4573712,4826060,428880,2798544,54,64540
1789721747,8305552,166628,4573921,4826096,428880,2798632,54,64464
1789721750,8305555,166664,4574165,4826180,428881,2798640,54,64576
1789721752,8305556,166604,4574373,4826184,428881,2798632,54,64528
1789721754,8305557,166624,4574583,4826188,428882,2798656,54,64536
1789721757,8305559,166628,4574797,4826184,428883,2798564,55,64588
1789721759,8305560,166600,4575009,4826200,428883,2798696,55,64592
1789721761,8305562,166652,4575225,4826220,428884,2798580,55,64524
1789721764,8305564,166604,4575438,4826064,428884,2798656,55,64572
1789721766,8305566,166668,4575662,4826160,428884,2798664,56,64556
1789721768,8305567,166708,4575873,4826168,428885,2798660,56,64564
1789721771,8305568,166660,4576149,4852468,428885,2798592,56,64508
1789721773,8305570,166672,4576338,4863280,428886,2798516,56,64440
1789721775,8305571,166700,4576536,4877536,428886,2798636,56,64452
1789721778,8305574,166668,4576716,4890172,428887,2798624,56,64532
1789721780,8305575,166680,4576884,4902536,428892,2798664,56,64548
1789721783,8305576,166664,4577120,4904848,428888,2798536,57,64580
1789721785,8305578,166632,4577373,4904888,428889,2798548,57,64576
1789721788,8305580,166720,4577657,4904756,428890,2798628,56,64532
1789721790,8305582,166660,4577890,4904860,428890,2798624,60,64536
1789721793,8305583,166656,4578157,4904780,428891,2798620,56,64556
1789721795,8305585,166660,4578397,4904864,428891,2798672,56,64532
1789721798,8305591,166632,4578666,4904900,428892,2798512,56,64560
1789721800,8305588,166716,4578901,4904844,428892,2798564,56,64540
1789721803,8305589,166704,4579135,4904892,428893,2798648,56,64528
1789721805,8305590,166716,4579363,4904872,428893,2798640,56,64484
1789721807,8305592,166656,4579595,4904860,428894,2798544,57,64572
1789721810,8305594,166680,4579838,4904852,428895,2798536,57,64548
1789721812,8305595,166712,4580070,4904756,428895,2798664,57,64480
1789721814,8305596,166684,4580301,4904768,428896,2798572,57,64520
1789721817,8305598,166624,4580532,4904836,428896,2798612,57,64564
1789721819,8305600,166600,4580762,4904900,428897,2798608,57,64464
1789721821,8305600,166600,4580993,4904900,428897,2798632,57,64548
1789721824,8305602,166684,4581229,4904844,428898,2798620,57,64564
1789721826,8305604,166712,4581461,4904836,428898,2798612,57,64544
1789721828,8305605,166680,4581692,4904848,428899,2798672,57,64440
1789721831,8305606,166660,4581938,4904748,428900,2798624,57,64564
1789721833,8305608,166708,4582172,4904740,428900,2798612,57,64476
1789721835,8305610,166632,4582404,4904856,428901,2798536,57,64532
1789721838,8305610,166720,4582636,4904888,428901,2798616,57,64588
1789721840,8305613,166712,4582889,4904856,428902,2798636,57,64592
1789721842,8305614,166668,4583125,4904828,428902,2798608,58,64476
1789721845,8305616,166672,4583364,4904856,428902,2798636,58,64452
1789721847,8305617,166620,4583606,4904844,428903,2798592,58,64596
1789721850,8305622,166624,4549794,4611764,428905,2798732,127,154000
1789721852,8305679,166716,4549846,4611860,428913,2798792,198,128312
1789721854,8305735,166628,4549895,4611788,428922,2798856,263,156868
1789721857,8305789,166620,4549947,4611852,428930,2798916,327,157620
1789721859,8305844,166604,4549995,4611780,428938,2798868,393,156688
1789721861,8305898,166624,4550046,4611796,428946,2799132,459,131464
1789721864,8305954,166616,4550105,4611864,428954,2799056,524,157032
1789721866,8306009,166708,4550152,4611792,428963,2799324,592,157900
1789721868,8306064,166632,4550212,4640028,428971,2799360,656,157256
1789721871,8306126,166672,4550287,4640232,428980,2799432,726,131876
1789721873,8306183,166632,4550351,4640460,428989,2799588,793,160332
1789721876,8306240,166668,4550418,4640680,428997,2799640,862,158788
1789721878,8306300,166636,4550493,4641024,429006,2799712,930,158260
1789721880,8306355,166672,4550563,4641212,429015,2799648,993,132368
1789721883,8306412,166720,4550627,4641600,429024,2799896,1061,161060
1789721885,8306469,166708,4550698,4641448,429032,2799872,1128,159672
1789721887,8306528,166680,4550763,4641868,429041,2800116,1195,159024
1789721890,8306582,166708,4550825,4642116,429049,2800200,1259,133168
1789721892,8306639,166708,4550901,4642248,429057,2800272,1323,160392
1789721894,8306693,166680,4550964,4642712,429066,2800320,1390,162960
1789721897,8306759,166624,4551047,4642900,429079,2800472,1466,160964
1789721899,8306843,166680,4551153,4643132,429092,2800540,1554,133576
1789721902,8306920,166660,4551252,4643532,429103,2800592,1643,160272
1789721904,8306996,166664,4551355,4643704,429112,2800644,1721,161800
1789721906,8307083,166720,4551460,4644008,429126,2800776,1798,159156
1789721909,8307157,166616,4551562,4644224,429137,2800904,1877,134432
1789721911,8307183,166624,4551601,4644544,429139,2800828,113,93708
1789721914,8307185,166620,4551619,4644756,429141,2800748,,
1789721916,8307187,166712,4551635,4645028,429141,2800856,,
1789721918,8307191,166708,4551649,4644948,429142,2800812,,
1789721921,8307190,166628,4551666,4645300,429142,2800804,,
1789721923,8307192,166620,4551684,4645560,429143,2800848,,
1789721925,8307194,166716,4551698,4645808,429143,2800884,,
1789721928,8307196,166660,4551714,4645724,429144,2800736,,
1789721930,8307197,166716,4551734,4646124,429144,2800868,,
1789721932,8307199,166604,4551763,4646368,429145,2800848,,
1789721935,8307200,166704,4551778,4646600,429145,2800892,,
1789721937,8307202,166664,4551794,4646896,429146,2800896,,
1789721939,8307204,166708,4551808,4646872,429147,2800860,,
1789721941,8307205,166660,4551822,4647128,429148,2800840,,
1789721944,8307207,166660,4551838,4647352,429148,2800864,,
1789721946,8307209,166668,4551859,4647604,429149,2800776,,
1789721949,8307210,166672,4551873,4647956,429150,2800864,,
1789721951,8307212,166708,4551886,4647900,429150,2800712,,
1789721953,8307214,166636,4551900,4648176,429151,2800852,,
1789721955,8307215,166708,4551916,4648460,429152,2800764,,
1789721958,8307217,166672,4551930,4648764,429152,2800844,,
1789721960,8307219,166680,4551946,4649028,429153,2800848,,
1789721962,8307220,166600,4551960,4649036,429153,2800820,,
1789721965,8307222,166624,4551976,4649184,429154,2800864,,
1789721967,8307223,166632,4551991,4649508,429154,2800784,,
1789721969,8307225,166660,4552010,4649772,429156,2800808,,
1789721971,8307229,166632,4552025,4649968,429156,2800748,,
1789721974,8307228,166716,4552037,4650088,429157,2800804,,
1789721976,8307229,166628,4552049,4650284,429157,2800856,,
1789721978,8307231,166712,4552060,4707716,429157,2800832,,
1789721981,8307232,166620,4552070,4751796,429158,2800852,,
1789721983,8307234,166632,4552087,4752036,429158,2800840,,
1789721985,8307235,166660,4552097,4752060,429158,2800820,,
1789721987,8307236,166684,4552109,4752328,429159,2800848,,
1789721989,8307238,166628,4552126,4752584,429160,2800808,,
1789721992,8307240,166676,4552138,4752872,429161,2800872,,
1789721994,8307241,166676,4552157,4752988,429162,2800752,,
1789721996,8307243,166672,4552172,4753016,429162,2800796,,
1789721999,8307246,166708,4552189,4753352,429163,2800820,,
1789722001,8307245,166672,4552207,4753532,429162,2800832,,
