epoch,app_jif,app_rss_kb,pg_jif,pg_rss_kb,vk_jif,vk_rss_kb,run_jif,run_rss_kb
1789811893,610055,146740,1062554,6402116,267291,2378508,,
1789811896,610564,146744,1063055,6402368,267333,2327952,563,424324
1789811898,611388,146704,1063842,6402272,267393,2283856,985,444520
1789811900,612188,146708,1064617,6402132,267445,2271592,1385,419340
1789811903,613006,146684,1065431,6402572,267502,2272128,1774,421428
1789811905,613806,146704,1066255,6402296,267557,2272580,2153,449216
1789811907,614632,146688,1067171,6402312,267615,2272976,2588,450160
1789811910,615473,146656,1068065,6402204,267669,2270512,3006,425328
1789811912,616302,146704,1068939,6402216,267723,2271060,3392,454540
1789811914,617127,146752,1069822,6402292,267780,2271472,3834,456560
1789811917,617936,146688,1070710,6405580,267837,2272000,4231,458456
1789811919,618755,146656,1071604,6402316,267893,2272600,4653,437164
1789811921,619580,146700,1072511,6402132,267951,2273124,5061,464472
1789811924,620437,146660,1073480,6402372,268014,2273808,5503,464592
1789811926,621239,146656,1074382,6402400,268065,2274484,5894,471456
1789811928,622091,146660,1075358,6402372,268126,2275080,6308,443760
1789811931,622925,146740,1076326,6402320,268183,2275660,6735,469508
1789811933,623729,146652,1077265,6408108,268237,2276372,7123,474056
1789811935,624543,146664,1078229,6402408,268292,2276920,7521,476232
1789811938,625359,146704,1079236,6402352,268352,2277612,7964,448240
1789811940,626194,146704,1080216,6402532,268408,2278176,8374,476120
1789811943,627040,146700,1081246,6402332,268465,2278772,8766,483228
1789811945,627843,146704,1082250,6402304,268520,2279412,9194,466676
1789811947,628667,146736,1083265,6402312,268576,2279956,9591,457088
1789811949,629502,146736,1084326,6410424,268633,2280648,9990,484844
1789811952,630336,146692,1085350,6445688,268689,2281284,10392,485088
1789811954,631169,146656,1086432,6443688,268744,2281976,10792,457144
1789811956,631971,146712,1087453,6552468,268797,2282464,11196,467480
1789811959,632794,146688,1088509,6523984,268858,2283196,11636,495216
1789811961,633660,146712,1089629,6873132,268915,2283660,12037,494280
1789811964,634477,146744,1090593,6390608,268969,2284388,12436,467344
1789811966,635306,146688,1091614,6766888,269027,2285036,12843,493284
1789811968,636136,146700,1092621,6694428,269086,2297344,13258,494048
1789811971,637009,146708,1093799,6863012,269146,2286344,13678,507348
1789811973,637860,146660,1094923,6387444,269203,2286952,14111,480452
1789811975,638703,146688,1096008,6387620,269261,2287584,14508,506412
1789811978,639511,146712,1097077,6724880,269313,2288088,14860,508048
1789811980,640316,146684,1098109,6387748,269367,2288644,15260,506480
1789811982,641125,146664,1099188,6842596,269425,2289216,15656,480792
1789811985,641946,146740,1100266,6387960,269479,2289944,16053,508792
1789811987,642768,146712,1101381,6759044,269537,2290488,16461,507892
1789811989,643585,146712,1102411,6721204,269593,2291092,16902,521940
1789811992,644456,146656,1103549,6740304,269651,2291708,17300,494224
1789811994,645301,146688,1104703,6699596,269709,2292368,17680,521956
1789811996,646149,146664,1105902,6743836,269767,2292968,18091,519712
1789811999,646989,146664,1107004,7043872,269826,2293532,18510,520880
1789812001,647854,146660,1108183,6746240,269884,2294240,18929,494264
1789812003,648697,146636,1109351,6756064,269943,2294916,19341,519920
1789812006,649537,146660,1110473,6719580,269999,2295388,19754,519868
1789812008,650381,146668,1111644,7158504,270059,2296128,20164,522156
1789812010,651224,146632,1112752,6385768,270116,2296724,20572,494252
1789812013,652061,146664,1114061,7438184,270176,2297376,20984,521492
1789812015,652936,146760,1115376,6960808,270236,2298012,21405,541336
1789812017,654320,212184,1116897,7581316,270309,2298832,21852,515060
1789812020,655770,212144,1118408,7196692,270386,2299728,22308,515112
1789812022,657262,212220,1119856,7148056,270462,2300608,22741,540992
1789812025,658796,212144,1121493,7008072,270544,2301492,23177,540792
1789812027,660249,212132,1122932,6759048,270620,2302360,23622,540704
1789812029,661722,212188,1124612,7283288,270699,2303292,24069,515124
1789812032,663208,212144,1126437,7293536,270779,2304248,24531,515056
1789812034,664726,191552,1127893,6978584,270858,2305084,24993,541852
1789812037,666254,212140,1129651,6824904,270935,2306000,25451,540848
1789812039,667724,212164,1131002,6842208,271013,2306840,25871,541316
1789812041,669193,212224,1132375,6814840,271089,2307756,26304,515068
1789812044,670665,183388,1134015,7100448,271169,2308568,26748,536268
1789812046,672160,212144,1135226,6410188,271248,2309636,27200,562692
1789812048,673617,212168,1136849,7071500,271325,2310520,27647,561652
1789812051,675094,212132,1138622,7262320,271400,2311412,28069,562404
1789812053,676587,212168,1140186,7310100,271479,2312304,28528,536504
1789812055,678078,212228,1141701,7089308,271558,2313188,28983,564300
1789812058,679567,146760,1143477,7289672,271637,2314048,29402,562728
1789812060,681084,146668,1144878,7182600,271716,2314952,29868,562288
1789812063,682605,212140,1146644,7439064,271795,2315764,30314,559440
1789812065,684108,212136,1148066,7202012,271870,2316768,30736,536532
1789812067,685587,212144,1149815,7287912,271949,2317648,31197,563280
1789812070,687069,146748,1151298,7273652,272031,2318572,31671,563040
1789812072,688654,212112,1153036,7367376,272112,2319508,32122,563192
1789812075,690180,212148,1154635,6932920,272191,2320356,32575,536520
1789812077,691670,212176,1156433,7324548,272269,2321160,33019,536500
1789812079,693148,212184,1158139,7397456,272345,2322052,33439,562624
1789812082,694632,212112,1159481,7095680,272423,2323048,33890,589828
1789812084,696150,212140,1161231,7472040,272507,2323996,34381,590700
1789812087,697712,193212,1162979,7479520,272587,2324724,34805,563228
1789812089,699215,212128,1164226,6828716,272666,2325652,35263,563180
1789812091,700727,212140,1165751,7075432,272746,2326668,35700,588468
1789812094,702220,169928,1167426,7410568,272823,2327596,36151,590856
1789812096,703715,212196,1168576,6690204,272902,2328472,36583,590024
1789812099,705207,212164,1170357,7290828,272977,2329336,37036,563132
1789812101,706699,212168,1172015,7274104,273053,2330204,37453,563236
1789812103,708214,212132,1173831,7351720,273136,2331164,37924,590732
1789812106,709740,193388,1175420,7247900,273214,2332132,38390,589336
1789812108,711319,212144,1177190,7307176,273300,2332928,38862,589868
1789812111,712896,146752,1178659,6900652,273375,2333940,39309,563104
1789812113,714369,146716,1180034,6911996,273450,2334828,39731,563212
1789812116,715819,194220,1181505,6919312,273526,2335664,40188,589440
1789812118,717302,212144,1182592,7026036,273599,2336500,40590,589580
1789812120,718784,146724,1184053,7039616,273675,2337400,41056,588980
1789812123,720243,212180,1185432,7045784,273752,2338376,41474,563208
1789812125,721695,212228,1186514,6692620,273824,2339208,41917,563092
1789812127,723175,146680,1187852,6453072,273899,2340032,42348,629100
1789812130,724633,212188,1189210,6439368,273974,2340992,42794,617840
1789812132,726065,212232,1190532,6442340,274047,2341752,43212,614692
1789812135,727538,162512,1192196,6442612,274122,2342768,43646,592400
1789812137,729223,212188,1193910,6477156,274216,2343972,44174,592420
1789812139,730758,146668,1195007,6604684,274301,2356292,44655,617920
1789812142,732301,212176,1196960,6770172,274383,2345772,45110,619284
1789812144,733881,212180,1199044,7793828,274463,2346712,45587,619440
1789812147,735408,212188,1200644,7157944,274547,2347820,46078,671100
1789812149,736883,212144,1202515,7652480,274623,2348792,46512,673388
1789812152,738363,146704,1204534,7840652,274694,2349488,46943,701960
1789812154,739931,213624,1206782,7981148,274782,2350720,47487,839952
1789812157,741426,148240,1208392,7353292,274856,2351516,47979,870672
1789812159,743004,148732,1210573,6698620,274935,2352412,48411,877536
1789812162,744605,214468,1212451,7428764,275019,2353352,48904,851432
1789812164,745912,214416,1214257,7727584,275086,2354148,49298,852244
1789812167,747224,149032,1216282,7762380,275155,2354976,49695,882672
1789812169,748856,149004,1217998,6715824,275238,2355780,50177,884320
1789812172,750327,214416,1220248,7492364,275316,2356880,50625,885412
1789812174,751881,214492,1222335,8010420,275398,2357656,51111,858596
1789812176,753442,214496,1224258,7105372,275475,2358488,51540,859000
1789812179,754837,149244,1226280,7808064,275549,2359548,51968,885952
1789812181,756419,199720,1228423,8083956,275630,2360344,52460,886884
1789812184,757900,149216,1229824,6864788,275709,2361028,52890,887152
1789812186,759326,149184,1231695,6899416,275789,2362144,53397,953628
1789812189,760920,149244,1233631,7067212,275861,2362940,53818,927848
1789812191,762333,149224,1235218,6771428,275934,2363872,54245,954228
1789812193,763941,214684,1237806,7501448,276018,2364700,54742,954556
1789812196,765408,215036,1239371,6974048,276094,2365676,55174,955964
1789812198,766580,214992,1241186,7418172,276158,2366456,55567,929356
1789812201,768288,159292,1243385,7893284,276243,2367280,56074,929304
1789812203,769793,215036,1245456,7799844,276321,2368004,56502,956452
1789812205,771324,149532,1247201,7973000,276402,2368904,56963,955432
1789812208,772768,159768,1248387,6891884,276478,2369896,57436,958136
1789812210,773800,149512,1250359,7366260,276532,2370740,57789,952368
1789812213,775465,215028,1252350,7356284,276614,2371480,58222,929408
1789812215,776959,149480,1254335,7143356,276695,2372296,58649,954476
1789812218,778445,149528,1256149,7618472,276772,2373104,59133,956180
1789812220,779978,214988,1258449,7678464,276859,2374136,59589,957268
1789812222,781491,214944,1259969,7870040,276942,2375164,60114,929608
1789812225,783082,214956,1262329,7611580,277016,2375896,60542,929616
1789812227,784470,214988,1263861,7204136,277087,2376792,60933,929648
1789812230,785965,214972,1266008,7991228,277166,2377648,61424,954944
1789812232,787495,164780,1268243,7327348,277246,2378524,61868,955008
1789812235,789005,149480,1270002,7410008,277330,2379440,62335,934528
1789812237,790559,214944,1272257,7388492,277411,2380228,62822,936188
1789812239,792077,214952,1274061,7330388,277492,2381232,63267,962300
1789812242,793572,149484,1276258,7380928,277572,2382116,63705,961088
1789812244,795104,176200,1278521,7624412,277653,2382948,64197,964456
1789812246,796596,215020,1280263,7363864,277734,2383848,64645,936224
1789812249,797891,149512,1282198,7959976,277808,2384892,65137,936128
1789812251,799612,214948,1283996,7647392,277887,2385744,65574,963864
1789812254,801172,214948,1286077,7741248,277968,2386456,66019,964760
1789812256,802729,215208,1288406,7609320,278054,2387308,66542,963796
1789812259,804260,203412,1290263,7879964,278132,2388268,67002,965284
1789812261,805886,149796,1292458,7505384,278229,2409004,67439,936980
1789812264,807407,215296,1294426,7919176,278336,2438872,67957,948564
1789812266,808933,215248,1296020,7298312,278440,2460548,68448,969056
1789812268,810448,215260,1297730,6996792,278545,2478020,68907,973416
1789812271,811667,149832,1299662,7694952,278626,2488636,69300,973972
1789812273,813277,215216,1301269,7226860,278734,2499748,69814,986112
1789812276,814805,149792,1303327,6806788,278840,2507152,70261,987152
1789812278,816382,215256,1305683,7454984,278946,2513472,70706,1015908
1789812280,817911,215244,1307794,7536788,279049,2517976,71152,1014460
1789812283,819414,215288,1309594,7258616,279182,2521760,122,30860
1789812285,820969,215236,1312376,7761852,279324,2491584,256,30924
1789812288,822488,171732,1314004,7818512,279456,2493328,402,30928
1789812290,824049,215216,1316314,8053932,279595,2494768,550,30832
1789812293,825632,215252,1318179,7929428,279727,2495972,695,30936
1789812295,827246,215244,1320409,7285420,279866,2496728,838,30816
1789812297,828741,215248,1322656,7534336,279990,2497744,74479,996244
1789812300,830234,149784,1324355,7550928,280075,2498304,74910,996212
1789812302,831739,215304,1326293,7432228,280159,2498896,75367,1022876
1789812305,833309,210436,1328344,7177664,280249,2499632,75815,1024604
1789812307,834799,149788,1330224,7133612,280457,2503388,76326,1000096
1789812309,836368,176532,1332253,7117108,280731,2471024,76785,996172
1789812312,837967,215216,1334348,7260132,280997,2471404,77237,996532
1789812314,839569,215292,1336852,7885048,280895,2468252,154,35548
1789812317,841079,149832,1338654,8149292,281017,2468156,313,41884
1789812319,842607,215212,1340195,7075164,281139,2468248,470,49316
1789812321,844130,149716,1342331,7094072,281263,2468464,628,53508
1789812324,845676,149832,1343821,6817696,281385,2468660,779,57804
1789812326,847221,215212,1346214,7447764,281510,2467944,931,68124
1789812329,848750,215260,1348191,8004900,281602,2468148,80482,1017156
1789812331,850239,149820,1350171,7054828,281680,2468472,80966,1007820
1789812333,851743,149736,1352065,7118632,281757,2468808,81391,990564
1789812336,853242,215256,1353607,6644244,281837,2468984,81842,1018448
1789812338,854749,149784,1355686,7317260,281933,2469460,100,30760
1789812340,856251,215200,1357799,6913088,282051,2469688,264,30732
1789812343,857806,215292,1359483,6887360,282176,2470092,416,30708
1789812345,859313,215296,1361320,6716408,282298,2470344,569,30720
1789812348,860832,208352,1363747,7365028,282421,2470656,719,30800
1789812350,862381,215296,1366076,8039792,282547,2470868,877,30644
1789812353,863978,215260,1368242,7376440,282646,2471200,85111,1021160
1789812355,865480,215256,1370335,7941772,282725,2471632,85611,1085684
1789812357,867006,215252,1372033,7191944,282806,2471952,86052,1052408
1789812360,868528,215208,1374135,7213988,282887,2472568,86507,1079860
1789812362,870030,215208,1376422,7806672,282964,2473032,86945,1080504
1789812365,871523,215256,1377739,6947296,283044,2473584,87406,1082012
1789812367,873053,215236,1379838,7257688,283124,2474132,87898,1045912
1789812369,874528,215304,1381116,6423292,283200,2474672,88330,1045988
1789812372,876070,149720,1383389,6723612,283436,2478204,88786,1072524
1789812374,877588,215264,1385663,7428872,283705,2478860,89237,1071328
1789812376,879338,149776,1387474,7233680,284009,2483624,89863,1072212
1789812379,880940,215240,1389909,7729764,284333,2484208,90310,1046532
1789812381,882464,215292,1391454,6706900,284652,2484700,90750,1046512
1789812384,883993,215208,1393767,7200436,284713,2481384,91200,1073892
1789812386,885556,149736,1396055,7466692,284974,2481768,91668,1074068
1789812388,887132,149736,1397930,7850492,285236,2482188,92192,1073040
1789812391,888695,215260,1399626,7007060,285501,2482872,92645,1046804
1789812393,890336,215184,1402054,7150272,285761,2483368,93162,1046812
1789812396,891963,215292,1404333,7445472,285269,2480996,93624,1072192
1789812398,893445,176492,1406582,7719140,285348,2481532,94108,1073688
1789812400,894949,215248,1408610,7836016,285437,2482108,94610,1074540
1789812403,896558,215212,1410509,7582288,285511,2482600,95046,1046752
1789812405,898114,206812,1412459,7057272,285596,2483140,95496,1046784
1789812408,899632,215256,1414069,6887204,285677,2483764,95945,1075032
1789812410,901177,215260,1416781,7830404,285758,2484256,96451,1074980
1789812413,902685,215244,1418521,7272164,285836,2484720,96899,1074208
1789812415,904165,149788,1420702,7467952,285915,2485296,97333,1046752
1789812417,905722,215216,1422818,6661704,285997,2485748,97785,1046796
1789812420,907256,149744,1425077,7388796,286076,2486384,98236,1072080
1789812422,908763,149824,1427371,7918452,286155,2486896,98729,1074624
1789812424,910258,149744,1429695,8077564,286235,2487476,99203,1074152
1789812427,911798,215300,1431476,7570212,286313,2487976,99644,1046696
1789812429,913359,149772,1433448,7338508,286393,2488580,100100,1046788
1789812432,914916,149832,1435509,7643816,286476,2489124,100561,1072912
1789812434,916594,215212,1437651,7463236,286565,2489708,101107,1074444
1789812437,918102,215244,1439867,7464448,286643,2490268,101539,1074560
1789812439,919616,149740,1442034,7466204,286725,2490680,101981,1046800
1789812442,921107,215292,1443601,6891036,286803,2491328,102426,1046792
1789812444,922614,215216,1445879,7088340,286884,2491764,102869,1073500
1789812446,924125,149740,1448198,7436804,286963,2492352,103309,1075664
1789812449,925631,165140,1450240,7649072,287045,2492928,103832,1073632
1789812451,927149,215216,1452173,7329864,287122,2493416,104264,1047200
1789812453,928651,149740,1454379,7692248,287202,2493964,104712,1047284
1789812456,930199,215292,1456178,7411072,287289,2494580,105188,1075888
1789812458,931781,215260,1458220,6957400,287372,2495092,105646,1073828
1789812461,933344,215240,1460252,7108900,287455,2495572,106154,1073188
1789812463,934892,215524,1462573,7347500,287534,2496228,106602,1047288
1789812465,936424,215556,1464625,7678896,287618,2496760,107057,1047420
1789812468,937936,215528,1466360,7285280,287700,2497356,107515,1186988
1789812470,939464,181508,1468604,7227756,287780,2497884,108011,1077056
1789812473,940975,150060,1470409,6801660,287859,2498352,108492,1063404
1789812475,942498,215444,1472987,7359148,287940,2498852,108931,1054364
1789812477,943969,215516,1475005,7419488,288015,2499480,109372,1079984
1789812480,945532,211812,1477440,7795544,288097,2499932,109815,1130996
1789812482,947075,215564,1479179,7717536,288176,2500588,110328,1131992
1789812485,948670,150044,1481589,7382132,288263,2501232,110827,1134244
1789812487,950228,215524,1483651,7508196,288346,2501740,111297,1108452
1789812490,951821,150008,1485499,6750116,288427,2502272,111753,1108448
1789812492,953365,215564,1488449,7632452,288508,2502828,112203,1135892
1789812494,954893,215472,1490250,7595752,288590,2503348,112662,1138656
1789812497,956400,215520,1492332,7535400,288673,2503956,113143,1112796
1789812499,957946,215564,1494488,7629760,288757,2504480,113657,1114412
1789812501,959466,215476,1496498,7837416,288838,2505068,114109,1141900
1789812504,960976,150088,1498286,7147920,288915,2505420,114552,1141056
1789812506,962491,215480,1500227,7258172,288996,2506004,115006,1142876
1789812509,963963,215560,1502678,7246736,289076,2506616,115480,1136920
1789812511,965504,215476,1504767,7548292,289157,2507224,115945,1115188
1789812513,967072,163784,1506994,7505352,289242,2507792,116409,1142476
1789812516,968558,176832,1509013,8004344,289323,2508288,116853,1143632
1789812518,970077,215524,1510706,7331704,289403,2508804,117296,1142572
1789812521,971585,169016,1513034,7642056,289479,2509356,117768,1115984
1789812523,973105,150032,1514889,7506224,289558,2509900,118210,1115936
1789812525,974592,150012,1516837,7314756,289634,2510376,118653,1142660
1789812528,976099,150096,1518469,7056112,289717,2511000,119165,1142680
1789812530,977619,215472,1520901,7045596,289798,2511396,119614,1141296
1789812532,979139,215556,1523402,7687068,289875,2511936,120106,1115880
1789812535,980690,215480,1525013,7654700,289955,2512592,120552,1115972
1789812537,982218,215560,1527353,7857904,290036,2513092,121007,1141812
1789812540,983745,215568,1529331,7127180,290120,2513700,121475,1143844
1789812542,985263,150044,1531462,7146848,290201,2514248,121933,1138040
1789812544,986790,150088,1533668,7770472,290282,2514784,122380,1115960
1789812547,988281,150016,1535606,7861496,290362,2515276,122853,1141616
1789812549,989768,215516,1537245,7515916,290440,2515764,123300,1142244
1789812551,991342,215548,1539683,7626668,290523,2516340,123766,1142072
1789812554,992892,160296,1542038,7354340,290605,2516836,124217,1140816
1789812556,994398,150060,1544169,7535224,290691,2517480,124732,1115920
1789812559,995987,215564,1546505,7746648,290767,2517972,125191,1142552
1789812561,997489,215556,1548525,7444884,290849,2518476,125650,1143160
1789812563,999022,215472,1550571,7229056,290931,2519124,126115,1143736
1789812566,1000511,215560,1552227,6934800,291009,2519620,126579,1143436
1789812568,1002125,215448,1554634,7084664,291096,2520100,127037,1115932
1789812571,1003668,215468,1556851,7106604,291179,2520788,127531,1142232
1789812573,1005174,150036,1559290,7532444,291262,2521284,127994,1142088
1789812575,1006749,196440,1561351,7675368,291345,2521884,128454,1144188
1789812578,1008244,150048,1563398,7779612,291423,2522380,128895,1115856
1789812580,1009775,150080,1565337,7493504,291509,2522996,129439,1115952
1789812583,1011391,166640,1567727,7617824,291588,2523464,129898,1145068
1789812585,1012883,150060,1569236,7281828,291668,2524084,130356,1146916
1789812587,1014403,150040,1571286,6855268,291749,2524540,130814,1150584
1789812590,1015883,150012,1573659,7603392,291826,2525116,131267,1122812
1789812592,1017390,215504,1575900,7836384,291908,2525524,131726,1122700
1789812595,1018877,215444,1577632,7991240,291985,2526172,132199,1150032
1789812597,1020392,215476,1580002,7932372,292068,2526668,132672,1148436
1789812599,1021915,215564,1581875,7816228,292146,2527184,133130,1147544
1789812602,1023438,150012,1583749,7093564,292226,2527828,133580,1122764
1789812604,1024946,215508,1586188,7407760,292305,2539180,134049,1122876
1789812606,1026526,176796,1587710,6951552,292389,2528884,134537,1150088
1789812609,1028061,215556,1589821,6825452,292473,2529404,135004,1149520
1789812611,1029572,215512,1592145,7238636,292551,2530020,135521,1259728
1789812614,1031074,215516,1594403,8027388,292628,2530500,135965,1232416
1789812616,1032654,215512,1596594,8130004,292719,2531140,136464,1262908
1789812618,1034281,215480,1598721,7734940,292809,2531752,136969,1250128
1789812621,1035816,150016,1601280,7892428,292892,2532312,137444,1255604
1789812623,1037327,215520,1603754,7813296,292972,2532760,137900,1252280
1789812625,1038874,215452,1606026,7762848,293054,2533336,138372,1227784
1789812628,1040452,150048,1607613,8043452,293147,2533952,138870,1253300
1789812630,1042029,215448,1609801,7982520,293228,2534528,139355,1253248
1789812633,1043572,215452,1611759,7593408,293308,2535092,139830,1255520
1789812635,1045159,215552,1614208,7739268,293398,2535648,140318,1228188
1789812637,1046683,206820,1616273,7637784,293478,2536324,140778,1228512
1789812640,1048210,176800,1618073,7313352,293560,2536844,141235,1254520
1789812642,1049687,215524,1620130,7811504,293637,2537404,141686,1255796
1789812645,1051234,215556,1622354,7733284,293721,2537868,142186,1255724
1789812647,1052777,150036,1623701,6814560,293805,2538468,142653,1229452
1789812649,1054296,215520,1625859,6988296,293884,2539044,143107,1229436
1789812652,1055828,150000,1627713,6751188,293972,2539608,143578,1255756
1789812654,1057385,215468,1630664,7742280,294046,2539992,144029,1257348
1789812657,1058916,215528,1632838,7640676,294129,2540592,144527,1256912
1789812659,1060406,214444,1634474,7553468,294207,2541184,144978,1229932
1789812661,1061900,150084,1636330,7834564,294288,2541660,145436,1229928
1789812664,1063476,215560,1638692,7871988,294369,2542228,145893,1256960
1789812666,1064989,150048,1640375,7776940,294449,2542800,146360,1255228
1789812669,1066474,215560,1642546,7305664,294533,2543404,146862,1257576
1789812671,1068051,215512,1645293,7507388,294613,2543912,147318,1230192
1789812673,1069536,215484,1646819,8069584,294689,2544448,147767,1230220
1789812676,1071065,215524,1648964,7631320,294770,2544988,148228,1256800
1789812678,1072563,150100,1650580,7871608,294848,2545452,148687,1256272
1789812681,1074128,215500,1652881,7508844,294932,2546060,149176,1255952
1789812683,1075654,150100,1654992,7943484,295013,2546632,149630,1230448
1789812685,1077181,215520,1657082,7536956,295092,2547132,150080,1230412
1789812688,1078710,215468,1659820,7543676,295172,2547700,150529,1256556
1789812690,1080229,150000,1661818,7288620,295253,2548208,150987,1257284
1789812692,1081729,215444,1663911,7731280,295333,2548648,151463,1238612
1789812695,1083282,150000,1666073,8198576,295414,2549280,151938,1230908
1789812697,1084788,215508,1667837,7732668,295495,2549816,152392,1259036
1789812700,1086358,215484,1670146,8013508,295578,2550428,152873,1257384
1789812702,1087867,150012,1672164,8004904,295658,2550816,153327,1258492
1789812704,1089377,215504,1674132,7583464,295734,2551436,153783,1251192
1789812707,1090882,215444,1676056,7499312,295813,2551976,154258,1231684
1789812709,1092400,215552,1678066,7555532,295897,2552512,154718,1257776
1789812712,1093914,215472,1680725,7642868,295977,2553112,155176,1259128
1789812714,1095418,215520,1682254,7110228,296055,2553624,155632,1258448
1789812716,1096909,215560,1684497,7695636,296131,2554096,156074,1231712
1789812719,1098513,150000,1686411,7044432,296219,2554644,156608,1231668
1789812721,1100131,215524,1689016,8084556,296305,2555164,157079,1257692
1789812724,1101693,215516,1690822,7541164,296391,2555764,157554,1258188
1789812726,1103230,215512,1693273,7777396,296477,2556344,158042,1257724
1789812729,1104831,215532,1694935,6921592,296561,2556948,158565,1253436
1789812731,1106487,150012,1697364,7721140,296644,2557380,159033,1231688
1789812733,1108040,150052,1699741,8065744,296724,2557888,159498,1259580
1789812736,1109643,215448,1701612,7615140,296812,2558604,159986,1257760
1789812738,1111145,215448,1703354,6764092,296889,2559120,160445,1258016
1789812741,1112645,215480,1705847,7951176,296971,2559724,160953,1231656
1789812743,1114220,215528,1708015,7813128,297054,2560252,161423,1231684
1789812745,1115753,150000,1709870,8245416,297137,2560748,161890,1258452
1789812748,1117261,150044,1711679,7397000,297217,2561360,162359,1259460
1789812750,1118761,150088,1713927,7257384,297294,2561800,162818,1259944
1789812753,1120273,215504,1716475,7670880,297371,2562404,163307,1231824
1789812755,1121798,215448,1718688,7821444,297454,2562916,163767,1231872
1789812757,1123312,183532,1720518,7531164,297532,2563464,164222,1259752
1789812760,1124843,150032,1722711,7585388,297614,2563848,164690,1258976
1789812762,1126379,215512,1724642,7271364,297698,2564544,165163,1258516
1789812764,1127935,215520,1727067,7660536,297778,2565100,165647,1231844
1789812767,1129460,150008,1728513,6655684,297859,2565620,166118,1231908
1789812769,1130994,156912,1731158,8184952,297944,2566196,166598,1258016
1789812772,1132524,215556,1732932,8029120,298022,2566708,167057,1258236
1789812774,1134034,215472,1734953,7122720,298107,2567244,167538,1258440
1789812776,1135625,215476,1736986,7827648,298189,2567852,168052,1231936
1789812779,1137204,215516,1738792,7612228,298273,2568348,168526,1231960
1789812781,1138752,150016,1741126,7827660,298355,2568944,168943,1257724
1789812784,1140268,215476,1743118,7124500,298439,2569488,169414,1259200
1789812786,1141779,212872,1745577,7614184,298523,2570072,169900,1257844
1789812788,1143390,215524,1747640,7521704,298608,2570648,170472,1362276
1789812791,1144936,215564,1749543,7453360,298689,2571188,170962,1356868
1789812793,1146474,215556,1752046,7843836,298771,2571744,171435,1384904
1789812796,1147990,215504,1753518,6542928,298851,2572332,171910,1378148
1789812798,1149559,150012,1756032,7666276,298935,2572892,172336,1376220
1789812800,1151101,215564,1758235,7860764,299021,2573456,172867,1352344
1789812803,1152706,215448,1760704,7636400,299108,2574056,173363,1352428
1789812805,1154321,215476,1762559,7162504,299190,2574628,173834,1378660
1789812808,1155817,150004,1764777,7705996,299268,2575028,174291,1379092
1789812810,1157319,150056,1766985,8004296,299353,2575752,174762,1379136
1789812813,1158900,215520,1768714,7684676,299431,2576284,175259,1352472
1789812815,1160428,215532,1770459,7368296,299511,2576796,175720,1352428
1789812817,1161975,215532,1772226,6638256,299596,2577424,176207,1376928
1789812820,1163539,215512,1774663,7361124,299677,2577960,176682,1379452
1789812822,1165052,215516,1776803,7499780,299757,2578440,177163,1371672
1789812825,1166622,215556,1779195,7450232,299837,2579068,177587,1352472
1789812827,1168146,215520,1781286,7829848,299917,2579584,178073,1352420
1789812829,1169729,150044,1783369,7453448,299999,2580132,178554,1378832
1789812832,1171249,215560,1785526,7821212,300082,2580700,179032,1378616
1789812834,1172747,150004,1786746,6469532,300163,2581184,179494,1364288
1789812836,1174277,150092,1789538,7172464,300242,2581808,179967,1352316
1789812839,1175758,150016,1791113,7414832,300322,2582260,180446,1378856
1789812841,1177266,215504,1792912,6427248,300404,2582944,180905,1380020
1789812844,1178724,150092,1795183,7409300,300481,2583512,181359,1379716
1789812846,1180227,215476,1797444,7923004,300561,2584060,181773,1352484
1789812848,1181764,215448,1799258,7178184,300649,2584644,182267,1352452
1789812851,1183327,150048,1801557,7947704,300726,2585204,182763,1380152
1789812853,1184848,155788,1803582,7356608,300810,2585788,183236,1378144
1789812855,1186363,178336,1805809,7319192,300891,2586300,183710,1379628
1789812858,1188034,192004,1808159,7468748,300988,2586968,184230,1352332
1789812860,1189547,174588,1810427,7807108,301072,2587464,184708,1352432
1789812863,1191083,150016,1812205,7760764,301154,2588156,185223,1377816
1789812865,1192629,215504,1814493,7474700,301238,2588684,185701,1379404
1789812867,1194202,215448,1816504,7292092,301326,2589292,186202,1378184
1789812870,1195794,167688,1818978,7318484,301407,2589924,186686,1352476
1789812872,1197289,205968,1820241,6564716,301487,2590420,187171,1352444
1789812875,1198958,215560,1823058,7998056,301581,2591116,187720,1378492
1789812877,1200517,215520,1824358,6848712,301666,2591704,188206,1378424
1789812879,1202043,215556,1826256,6430716,301747,2592280,188628,1380476
1789812882,1203569,215512,1828725,6667680,301826,2592788,189094,1352516
1789812884,1205084,150052,1830655,6432772,301903,2593188,189551,1352504
1789812887,1206623,215552,1833110,6662624,301986,2593700,190063,1378516
1789812889,1208128,150012,1835327,7366260,302066,2594316,190545,1378924
1789812891,1209652,215468,1837970,8043092,302145,2594820,191020,1363928
1789812894,1211191,215468,1839594,7741612,302229,2595496,191509,1352464
1789812896,1212779,190916,1841546,7646308,302309,2596072,191986,1352348
1789812899,1214336,215484,1843139,7132664,302387,2596640,192428,1378476
1789812901,1215848,215560,1845366,6670212,302468,2597124,192900,1379872
1789812903,1217316,215452,1847260,6815040,302544,2597716,193364,1379940
1789812906,1218869,215568,1849527,6840484,302626,2598184,193839,1352404
1789812908,1220372,215564,1851520,6783232,302707,2598784,194311,1378412
1789812910,1221845,215468,1854028,7796872,302784,2599272,194801,1379524
1789812913,1223381,215560,1855806,7494376,302865,2599952,195294,1379284
1789812915,1224906,150092,1857939,7627168,302947,2600460,195783,1352432
1789812918,1226511,181676,1860539,7569016,303035,2601020,196284,1352480
1789812920,1228070,215524,1862579,7739420,303115,2601612,196760,1378480
1789812923,1229638,150012,1864691,8178788,303197,2602172,197203,1380188
1789812925,1231142,150052,1867092,8135596,303276,2602724,197686,1377672
1789812927,1232623,165136,1868557,7327040,303354,2603232,198150,1352500
1789812930,1234214,215560,1870878,7513712,303439,2603796,198645,1352364
1789812932,1235742,215508,1873211,7534540,303518,2604332,199123,1384384
1789812934,1237265,150092,1875317,7690996,303601,2604916,199618,1382728
1789812937,1238800,150056,1877204,7553800,303685,2605484,200118,1383872
1789812939,1240306,209480,1879467,7140256,303762,2605992,200574,1357524
1789812942,1241803,215560,1881886,8004108,303843,2606512,200998,1357476
1789812944,1243377,215448,1883641,7528512,303927,2607084,201485,1384028
1789812946,1244932,215504,1886089,7773884,304012,2607660,201985,1383628
1789812949,1246466,215516,1888124,7538232,304096,2608204,202499,1382872
1789812951,1248062,215560,1890825,7937892,304177,2608792,202967,1357484
1789812953,1249566,215504,1892395,7783668,304255,2609320,203433,1357380
1789812956,1251160,215480,1894619,7561212,304337,2609732,203920,1385012
1789812958,1252708,215464,1896901,7305696,304420,2610428,204419,1384632
1789812961,1254237,156432,1899266,8085436,304506,2610988,204942,1380752
1789812963,1255842,215524,1901365,7856432,304588,2611584,205369,1357472
1789812966,1257466,215480,1903297,7189788,304673,2612120,205869,1357492
1789812968,1258980,215528,1905546,7126320,304759,2612640,206358,1384604
1789812971,1260573,215528,1907850,7402036,304838,2613300,206868,1384680
1789812973,1262105,215472,1909784,8082676,304921,2613824,207373,1384832
1789812975,1263612,215484,1911479,7410936,304999,2614384,207835,1357760
1789812978,1265138,153196,1913538,7454444,305082,2614960,208320,1357812
1789812980,1266690,150052,1915302,7278960,305166,2615488,208808,1383728
1789812982,1268212,215508,1917476,7584016,305246,2615992,209300,1385284
1789812985,1269745,215520,1920078,8012060,305328,2616660,209765,1380460
1789812987,1271316,150008,1922325,7650576,305411,2617176,210241,1358068
1789812990,1272827,215504,1923973,7439280,305491,2617784,210725,1358028
1789812992,1274384,150032,1925853,6977788,305569,2618196,211209,1386616
1789812995,1275999,215516,1928565,7782572,305655,2618748,211718,1385072
1789812997,1277483,215516,1930656,8103940,305730,2619328,212195,1384984
1789812999,1279029,215472,1933268,7504004,305812,2619848,212681,1358028
1789813002,1280567,215472,1935309,7549768,305892,2620492,213163,1383864
1789813004,1282076,215476,1937071,7861376,305971,2621036,213580,1384200
1789813006,1283599,215472,1938737,7489308,306050,2621600,214067,1386012
1789813009,1285091,215484,1940902,7725740,306131,2622200,214613,1472592
1789813011,1286679,150048,1942757,7302300,306213,2622616,215095,1549384
1789813014,1288243,215528,1944521,6879476,306295,2623224,215581,1477076
1789813016,1289752,159584,1947265,7772280,306379,2623772,216072,1476216
1789813019,1291304,215476,1948971,7721024,306456,2624416,216560,1465476
1789813021,1292821,168488,1951010,7313580,306536,2624892,217063,1466360
1789813023,1294417,215484,1953086,7546072,306623,2625504,217558,1440092
1789813026,1295952,152676,1954681,6651244,306703,2626080,218040,1477652
1789813028,1297463,150060,1957476,7155056,306783,2626584,218465,1475872
1789813030,1298991,215508,1958963,7358740,306861,2627128,218974,1482024
1789813033,1300516,215480,1961423,7157844,306940,2627696,219479,1484320
1789813035,1302025,215508,1963425,6939628,307018,2628248,219949,1458128
1789813038,1303553,215472,1966091,8102496,307103,2628804,220436,1486692
1789813040,1305080,150032,1967300,7140800,307183,2629284,220859,1496576
1789813043,1306651,215560,1969463,7556036,307261,2629764,221384,1495992
1789813045,1308208,215468,1971915,7506764,307345,2630404,221879,1469552
1789813047,1309750,161960,1974018,7907476,307427,2630932,222354,1469528
1789813050,1311263,215516,1976028,7601624,307508,2631560,222830,1502580
1789813052,1312806,215512,1978030,7806708,307592,2632128,223257,1502316
1789813054,1314335,203364,1980372,7952924,307671,2632620,223767,1505172
1789813057,1315848,150000,1982184,7393612,307752,2633224,224272,1478956
1789813059,1317407,215528,1984353,7143864,307837,2633848,224769,1479152
1789813062,1318931,215512,1986420,7301648,307916,2634400,225244,1507580
1789813064,1320438,215524,1988833,7717288,308000,2634956,225679,1506888
1789813067,1322030,215512,1990641,7967396,308082,2635480,226207,1505416
1789813069,1323602,215504,1992982,7604532,308167,2636108,226707,1479492
1789813071,1325139,215552,1994480,6792492,308250,2636580,227190,1479704
1789813074,1326688,150036,1997121,7402132,308336,2637224,227685,1505372
1789813076,1328214,149980,1999342,7158400,308418,2637784,228115,1506604
1789813078,1329760,215520,2001974,8281100,308501,2638192,228624,1506048
1789813081,1331302,150096,2003516,7736500,308583,2638932,229131,1479764
1789813083,1332817,215512,2005779,7978700,308662,2639396,229609,1479980
1789813086,1334351,167664,2007900,7704592,308742,2639940,230100,1506844
1789813088,1335913,215468,2010129,7513712,308828,2640516,230540,1506104
1789813090,1337459,170104,2012772,7714392,308914,2641076,231057,1507172
1789813093,1339092,215556,2014415,7319956,308991,2641664,231546,1479976
1789813095,1340639,215524,2017169,7448676,309073,2642184,232032,1480000
1789813098,1342250,215560,2019266,8005488,309171,2642840,232578,1506768
1789813100,1343838,215560,2021324,7661660,309249,2643320,232995,1506936
1789813103,1345355,215516,2023115,7467868,309329,2643996,233505,1506672
1789813105,1346940,163764,2025173,6786392,309414,2644508,234018,1479984
1789813107,1348498,215468,2027896,7580212,309503,2645104,234522,1479992
1789813110,1350076,215556,2030435,7853116,309590,2645636,235022,1505948
1789813112,1351620,212836,2031624,7311384,309672,2646304,235449,1507560
1789813115,1353214,215552,2033788,7801080,309768,2646932,236026,1507592
1789813117,1354802,215472,2035423,7218384,309850,2647568,236530,1480240
1789813119,1356317,166100,2037857,7777380,309930,2648088,237005,1480428
1789813122,1357860,150000,2039695,7322800,310013,2648636,237485,1507420
1789813124,1359394,215472,2042316,7607580,310095,2649108,237919,1506940
1789813127,1360871,215484,2044001,7668916,310178,2649744,238450,1506556
1789813129,1362460,150000,2045705,6924820,310255,2650304,238931,1480752
1789813131,1363976,150052,2048186,7664912,310334,2650836,239410,1480704
1789813134,1365518,215480,2050217,7547144,310417,2651368,239900,1509624
1789813136,1367047,215480,2052119,7321860,310495,2651820,240318,1508792
1789813139,1368583,150036,2054712,7677060,310584,2652492,240884,1512180
1789813141,1370183,215480,2057075,7901860,310666,2652960,241381,1483840
1789813143,1371726,215556,2058732,7905548,310747,2653588,241872,1483840
1789813146,1373295,215564,2061344,7907332,310831,2654044,242365,1512392
1789813148,1374839,215480,2063228,7518612,310914,2654688,242805,1511788
1789813151,1376379,215508,2065123,7355432,310999,2655280,243334,1509808
1789813153,1377926,215472,2067977,7984672,311079,2655808,243837,1484332
1789813155,1379458,215524,2069366,7496656,311160,2656400,244322,1484284
1789813158,1380959,215520,2071595,6971432,311239,2656920,244754,1510492
1789813160,1382478,215464,2073742,6822520,311318,2657464,245251,1510884
1789813163,1383993,178756,2075911,7193864,311400,2658052,245777,1484256
1789813165,1385507,150048,2078641,8012116,311478,2658552,246261,1484212
1789813167,1387003,215476,2080271,8118304,311560,2659096,246746,1512380
1789813170,1388535,150044,2082518,7654296,311641,2659636,247185,1511036
1789813172,1390074,215520,2084954,8064788,311726,2660220,247681,1509612
1789813174,1391573,150084,2086783,7627048,311804,2660684,248174,1484308
1789813177,1393094,150016,2088980,7720432,311888,2661320,248718,1484624
1789813179,1394603,181420,2091166,7352728,311967,2661916,249205,1511824
1789813181,1396117,215472,2093267,7525128,312047,2662420,249625,1513392
1789813184,1397574,179316,2095408,8013492,312129,2662964,250127,1512552
1789813186,1399217,215504,2097584,7994896,312214,2663448,250649,1484580
1789813189,1400791,194664,2099859,7884340,312301,2664100,251188,1484500
1789813191,1402308,215556,2101849,7648196,312379,2664588,251673,1535684
1789813193,1403796,150048,2103681,7532468,312456,2665116,252112,1536156
1789813196,1405398,215484,2106391,6674256,312546,2665796,252604,1537364
1789813198,1406865,215552,2108469,7841584,312622,2666356,253070,1511436
1789813201,1408345,196736,2109878,7999636,312699,2666832,253582,1511708
1789813203,1409887,215508,2111799,7104728,312780,2667384,254028,1537196
1789813205,1411455,215560,2114428,7754344,312862,2667884,254538,1539044
1789813208,1412990,215556,2115892,7491956,312950,2668560,255044,1539020
1789813210,1414612,215560,2118664,7436096,313032,2669104,255555,1513296
1789813213,1416104,215516,2120571,7276300,313110,2669644,256075,1538448
1789813215,1417672,215484,2123215,7273896,313197,2670212,256535,1564596
1789813218,1419219,149980,2125427,7734072,313280,2670816,257022,1566124
1789813220,1420711,167168,2127904,7979784,313361,2671336,257517,1564800
1789813222,1422286,215524,2129871,7702708,313441,2671900,258019,1540580
1789813225,1423814,170512,2131742,7631808,313524,2672392,258503,1540572
1789813227,1425339,215568,2134128,7532392,313604,2673008,259007,1566996
1789813230,1426833,215560,2135787,7179332,313683,2673552,259484,1567744
1789813232,1428308,180728,2138263,7511852,313761,2674088,259968,1564192
1789813234,1429844,215564,2140787,7898628,313842,2674632,260398,1540648
1789813237,1431358,215468,2141878,6428020,313923,2675156,260918,1566500
1789813239,1432908,215560,2144595,7370212,314006,2675732,261439,1568404
1789813241,1434449,215560,2146653,7330956,314089,2676272,261939,1567040
1789813244,1435926,215504,2148794,7358804,314167,2676728,262429,1541064
1789813246,1437481,215528,2150877,7383168,314248,2677400,262855,1541040
1789813248,1438965,150012,2152737,7780088,314324,2677924,263352,1567168
1789813251,1440484,215564,2154687,6919904,314403,2678408,263887,1568328
1789813253,1441992,215448,2156798,7581232,314486,2679052,264385,1567632
1789813256,1443510,215468,2158374,7710548,314561,2679692,264809,1541184
1789813258,1445017,149980,2159999,6826936,314644,2680176,265290,1541176
1789813260,1446512,215520,2162672,7557684,314721,2680716,265774,1568384
1789813263,1448030,150088,2164081,7027388,314804,2681196,266304,1568904
1789813265,1449540,215484,2166597,7563084,314885,2682132,266754,1568060
1789813268,1451124,150008,2169266,8042020,314971,2683032,267257,1541304
1789813270,1452656,215552,2170866,7459244,315053,2683948,267750,1567912
1789813272,1454156,161652,2172990,7495872,315131,2684728,268250,1568880
1789813275,1455669,215512,2175094,7222364,315212,2685628,268780,1568628
1789813277,1457197,150096,2177180,7705864,315291,2686580,269227,1541300
1789813279,1458738,215560,2178769,7159480,315370,2687488,269707,1541300
1789813282,1460253,166420,2180826,6978532,315450,2688304,270195,1567680
1789813284,1461753,215444,2183109,7934252,315530,2689264,270679,1568232
1789813286,1463232,215516,2184596,7210000,315606,2690092,271112,1569176
1789813289,1464721,215476,2186601,7394152,315688,2690952,271695,1706080
1789813291,1466180,215504,2188382,7433848,315760,2691800,272102,1717592
1789813294,1467731,150032,2190359,7466200,315841,2692824,272602,1723508
1789813296,1469262,215504,2192426,8073108,315920,2693636,273094,1727608
1789813298,1470740,215528,2193945,7473524,315999,2694508,273545,1727980
1789813301,1472266,198396,2195437,7092476,316079,2695272,274071,1693076
1789813303,1473780,215452,2197553,7022484,316159,2696192,274562,1688508
1789813306,1475280,215500,2199287,7533816,316239,2697204,275046,1714736
1789813308,1476784,150056,2200970,7544876,316318,2698128,275480,1715480
1789813310,1478285,203600,2203030,7275268,316398,2698932,275984,1715428
1789813313,1479819,150844,2205293,7539944,316478,2699848,276509,1689024
1789813315,1481294,214160,2206708,7408420,316557,2700728,276946,1689020
1789813317,1482861,215564,2209228,7397260,316645,2701632,277475,1715280
1789813320,1484363,150016,2210850,7363988,316726,2702564,277971,1715528
1789813322,1485898,215560,2213745,7626692,316811,2703544,278514,1715728
1789813325,1487547,215508,2215537,7515976,316896,2716180,278984,1689988
1789813327,1489087,215480,2217793,8031016,316976,2705364,279488,1690004
1789813330,1490591,215480,2219169,7074328,317057,2706236,279968,1717600
1789813332,1492097,150040,2221863,7962776,317138,2707060,280402,1716820
1789813334,1493589,215520,2223298,6679796,317217,2707932,280901,1714076
1789813337,1495162,150088,2225831,7077836,317302,2708848,281448,1690088
1789813339,1496786,215508,2227939,7329068,317399,2709896,282020,1691492
1789813342,1498419,215504,2230329,7719292,317480,2710788,282455,1718044
1789813344,1499973,150012,2232971,7397488,317562,2711580,282952,1719696
1789813346,1501489,215560,2235563,7545580,317649,2712540,283498,1718484
1789813349,1503138,150064,2237534,7060252,317734,2713520,283977,1691764
1789813351,1504647,150008,2239726,7519004,317818,2714284,284481,1692000
1789813354,1506145,150060,2241568,7581308,317898,2715392,284985,1717944
1789813356,1507790,215560,2243551,7026720,317993,2716368,285526,1718576
1789813358,1509335,150040,2245852,7573300,318075,2717228,286000,1718696
1789813361,1510871,205480,2247336,7369964,318154,2718148,286537,1693232
1789813363,1512357,215524,2249198,6915068,318233,2719052,287020,1721152
1789813366,1513855,215560,2251561,7793832,318315,2719816,287461,1718608
1789813368,1515375,215524,2252825,7681712,318391,2720668,287952,1721356
1789813370,1516885,215524,2255473,7831044,318474,2721676,288474,1719744
1789813373,1518445,215476,2257039,6894424,318556,2722588,288948,1693460
1789813375,1519952,215504,2259469,7226080,318635,2723388,289455,1719388
1789813378,1521470,215552,2262292,7885108,318718,2724228,289951,1719428
1789813380,1522954,215524,2263483,7927972,318795,2725264,290375,1719500
1789813382,1524471,215528,2265569,7644224,318878,2726108,290880,1693456
1789813385,1525988,215472,2268171,7843016,318959,2726948,291391,1693460
1789813387,1527496,150012,2269906,7400960,319038,2727716,291905,1721156
1789813389,1528974,150012,2271532,7617624,319118,2728620,292355,1719992
1789813392,1530501,150012,2273471,7344724,319202,2729560,292862,1719388
1789813394,1532049,170488,2276123,7312920,319280,2730292,293365,1693540
1789813397,1533573,215528,2278174,8104812,319366,2731216,293837,1693440
1789813399,1535088,215524,2279909,7647916,319449,2732120,294373,1719324
1789813401,1536565,215560,2282019,7798400,319523,2733020,294862,1721076
1789813404,1538096,215560,2283984,7295536,319605,2733964,295308,1720496
1789813406,1539653,150004,2286403,7673620,319690,2734844,295807,1693580
1789813408,1541207,215480,2288586,7371732,319774,2735708,296317,1721016
1789813411,1542709,150060,2290674,7354924,319854,2736576,296798,1720272
1789813413,1544252,153748,2292955,7381324,319935,2737468,297305,1720056
1789813416,1545762,150092,2294784,7322300,320015,2749540,297803,1712708
1789813418,1547275,173276,2296467,7411656,320091,2739148,298273,1693552
1789813420,1548801,150052,2298735,7527960,320176,2740068,298735,1721196
1789813423,1550331,185156,2300546,7508284,320260,2740984,299280,1719648
1789813425,1551824,149980,2302361,7488572,320338,2741848,299791,1719536
1789813427,1553332,150004,2303931,7365112,320416,2742716,300233,1693576
1789813430,1554818,215552,2305867,7654620,320494,2743596,300732,1693520
1789813432,1556332,215472,2307770,7363568,320576,2744448,301231,1719244
1789813435,1557835,215552,2309760,7366064,320658,2745360,301728,1721044
1789813437,1559386,215480,2311457,7339200,320737,2746228,302255,1721540
1789813439,1560920,150040,2313219,7318804,320817,2747016,302731,1693560
1789813442,1562400,215476,2315035,7628996,320893,2747920,303163,1693556
1789813444,1563913,215524,2316794,7561188,320973,2748824,303659,1720972
1789813447,1565388,177012,2318962,6663332,321048,2749584,304160,1720292
1789813449,1566856,150012,2320967,7756648,321127,2750476,304626,1720436
1789813451,1568372,215564,2322131,7148596,321205,2751296,305118,1693584
1789813454,1569881,215504,2324167,6944956,321287,2752152,305619,1693580
1789813456,1571385,215480,2326332,7761704,321366,2753084,306106,1720892
1789813458,1572856,150092,2327569,7160688,321445,2753904,306585,1720864
1789813461,1574426,150012,2330178,7489140,321531,2754880,307146,1717708
1789813463,1576004,215468,2331953,7181256,321614,2755772,307656,1693588
1789813466,1577542,150048,2334625,7828732,321695,2756676,308107,1693744
1789813468,1579060,215504,2336310,7823504,321775,2757484,308592,1720820
1789813470,1580553,215448,2338018,6907108,321851,2758144,309105,1719920
1789813473,1582058,215504,2340069,7067864,321931,2759196,309585,1693824
1789813475,1583605,150016,2342392,7021568,322014,2759900,310104,1693756
1789813478,1585160,215480,2345116,7841396,322099,2760772,310622,1719800
1789813480,1586684,215472,2347709,7388208,322182,2761744,311069,1721260
1789813482,1588195,150060,2349604,7565220,322259,2762540,311563,1721208
1789813485,1589691,215504,2351563,7548968,322340,2763336,312096,1693652
1789813487,1591199,215548,2353462,7475716,322419,2764260,312558,1693740
1789813489,1592741,215476,2355655,7790880,322500,2765036,313054,1720268
1789813492,1594242,215508,2357453,7526480,322580,2765968,313555,1721396
1789813494,1595756,199380,2359746,7660248,322665,2766776,314085,1719440
1789813497,1597344,215472,2361725,7289448,322744,2767696,314554,1693772
1789813499,1598886,215520,2364163,7328952,322826,2768496,315067,1693776
1789813501,1600441,215448,2366244,7629060,322909,2769464,315573,1721076
1789813504,1601981,176756,2368849,7173796,322995,2770340,316039,1720880
1789813506,1603579,150000,2370689,6878724,323077,2771224,316571,1719812
1789813509,1605083,166184,2373211,7640756,323155,2771972,317104,1693748
1789813511,1606607,215484,2374800,6917252,323233,2772932,317563,1693664
1789813514,1608094,215452,2376804,7953392,323309,2773716,318055,1720976
1789813516,1609594,215548,2378397,7319344,323387,2774516,318551,1720276
1789813518,1611089,202012,2380055,7203152,323466,2775368,318989,1721324
1789813521,1612582,215524,2382262,7708068,323542,2776172,319512,1694216
1789813523,1614111,215472,2384377,7812728,323623,2777020,320033,1694448
1789813525,1615595,215472,2386631,8235216,323705,2777736,320488,1722012
1789813528,1617153,150060,2388171,7812820,323783,2778588,320996,1721932
1789813530,1618730,215552,2389816,7330988,323867,2779544,321513,1722032
1789813533,1620219,215564,2391459,7254808,323946,2780424,322040,1694440
1789813535,1621719,215520,2393850,7762804,324027,2781208,322504,1714180
1789813538,1623251,215556,2395296,7624504,324109,2781988,323008,1739912
1789813540,1624774,215476,2397387,7365656,324191,2782904,323512,1741208
1789813542,1626294,215564,2399268,7339984,324273,2783724,323981,1740828
1789813545,1627849,215556,2401293,7310352,324356,2784660,324503,1714128
1789813547,1629313,178076,2402945,7301488,324428,2785376,325012,1714308
1789813549,1630843,150048,2404906,7665780,324516,2786284,325472,1742504
1789813552,1632384,176836,2406593,7488620,324589,2787144,325948,1742476
1789813554,1633884,215480,2408782,7974160,324667,2787896,326461,1715032
1789813557,1635408,215472,2410359,7214628,324749,2788828,326951,1714876
1789813559,1636988,150052,2412483,7136056,324833,2789652,327485,1715204
1789813562,1638559,215480,2414755,7802948,324921,2790496,328017,1742512
1789813564,1640119,215528,2416805,7468404,325004,2791420,328472,1742304
1789813566,1641643,176836,2419091,7365048,325087,2792248,329009,1741684
1789813569,1643190,215512,2420814,6549352,325168,2793208,329547,1715444
1789813571,1644749,215568,2423672,7147560,325249,2794044,330013,1715480
1789813574,1646278,215524,2425001,6671240,325330,2794868,330536,1741736
1789813576,1647813,150084,2427486,6976552,325414,2795780,331050,1741024
1789813578,1649462,215476,2429999,7386440,325516,2796800,331647,1742180
1789813581,1651063,149980,2432370,7546204,325604,2797688,332157,1715712
1789813583,1652586,150092,2434409,7495608,325685,2798584,332668,1742972
1789813585,1654112,215476,2436731,7448724,325768,2799444,333181,1743216
1789813588,1655653,215516,2438971,7679500,325850,2800256,333640,1743144
1789813590,1657219,215480,2440958,7176932,325935,2801152,334146,1715904
1789813593,1658722,215512,2443404,7437880,326015,2801876,334675,1715776
1789813595,1660275,215508,2445752,7697764,326107,2802928,335233,1742104
1789813597,1661930,150052,2448122,7327172,326193,2803676,335749,1742784
1789813600,1663430,215472,2450095,7767856,326274,2804612,336259,1741516
1789813602,1664966,215476,2452392,7504432,326356,2805568,336713,1715784
1789813605,1666496,215560,2454768,7810272,326439,2806384,337243,1715864
1789813607,1668026,215560,2456484,7596028,326517,2807172,337784,1741564
1789813609,1669582,150000,2459239,7969696,326603,2807936,338251,1741572
1789813612,1671126,150008,2460817,7533620,326687,2808812,338774,1742800
1789813614,1672650,215516,2463191,7189700,326766,2809696,339283,1715912
1789813616,1674225,162408,2464908,6899048,326850,2810504,339765,1715868
1789813619,1675700,215472,2467230,7875348,326927,2811256,340316,1741952
1789813621,1677239,215472,2469281,7739432,327010,2812128,340832,1742164
1789813624,1678726,215476,2471305,7216048,327090,2812920,341287,1741832
1789813626,1680337,150008,2473835,7495916,327173,2813772,341797,1715916
1789813628,1681850,150016,2475898,7492500,327258,2814624,342350,1715852
1789813631,1683410,209488,2478011,7987136,327343,2815484,342906,1742284
1789813633,1684953,204132,2479822,7149920,327426,2816372,343369,1743116
1789813636,1686476,150048,2482307,7677440,327511,2817204,343907,1989700
1789813638,1688019,149980,2484341,7948528,327593,2818048,344412,1923576
1789813640,1689527,215552,2486563,7690440,327676,2818916,344961,1925544
1789813643,1691100,215476,2488259,7557432,327756,2819688,345471,1952548
1789813645,1692697,150044,2490610,7089292,327840,2820624,345992,1953816
1789813648,1694188,150012,2492582,7239200,327921,2821500,346457,1957276
1789813650,1695716,215468,2494877,7558180,327999,2822312,346958,1929752
1789813653,1697279,215508,2496985,7862488,328083,2834468,347514,1931244
1789813655,1698784,150036,2499435,7580580,328163,2823956,348001,1958020
1789813657,1700305,215476,2501118,6832428,328244,2824676,348520,1958416
1789813660,1701788,150008,2503306,7034436,328321,2825568,349033,1939400
1789813662,1703317,150008,2505329,7323180,328404,2826388,349481,1931196
1789813664,1704843,215448,2507988,8238308,328488,2827240,350022,1959008
1789813667,1706386,215560,2510041,7967304,328568,2828048,350536,1957136
1789813669,1707984,150004,2511825,7615612,328654,2828936,351066,1957420
1789813672,1709516,156236,2514115,7469156,328739,2829812,351599,1956208
1789813674,1711073,215472,2516012,7347412,328822,2830712,352066,1931480
1789813676,1712698,150012,2518692,6670240,328909,2831524,352628,1958780
1789813679,1714231,150008,2521220,7861128,328992,2832384,353137,1957612
1789813681,1715876,215528,2524119,7984240,329078,2833164,353699,1957900
1789813684,1717367,215476,2525740,7770956,329157,2833972,354212,1959620
1789813686,1719171,150052,2528138,7473700,329252,2834936,354768,1931488
1789813689,1720714,215556,2530252,7251184,329334,2835816,355337,1931396
1789813691,1722241,215476,2532365,7802460,329418,2836516,355879,1959608
1789813694,1723751,215520,2534044,6711308,329506,2837492,356338,1958872
1789813696,1725293,150056,2536441,7325832,329582,2838268,356851,1958092
1789813698,1726803,215472,2538552,7315808,329661,2839056,357321,1931660
1789813701,1728316,150096,2541233,8015456,329743,2839740,357879,1931688
1789813703,1729858,157652,2543196,7631160,329825,2840720,358416,1959400
1789813706,1731406,215528,2545235,7579116,329911,2841560,358889,1958036
1789813708,1732930,210988,2547485,7330928,329993,2842252,359400,1958084
1789813710,1734475,204384,2549104,6667212,330074,2843188,359852,1931712
1789813713,1736004,153428,2551266,7134708,330155,2843960,360394,1931780
1789813715,1737505,150016,2553346,7010196,330236,2844828,360953,1958752
1789813718,1739068,215532,2555326,6966528,330321,2845608,361418,1958964
1789813720,1740575,215512,2557650,7114580,330402,2846512,361932,1958452
1789813722,1742087,150036,2559579,6668848,330481,2847288,362374,1932140
1789813725,1743576,215472,2561944,7187588,330564,2848224,362919,1959216
1789813727,1745055,150012,2564390,7301268,330643,2848912,363452,1959400
1789813729,1746581,215528,2566591,7914496,330725,2849812,363927,1958080
1789813732,1748055,215560,2567762,6432476,330800,2850628,364425,1932184
1789813734,1749598,215560,2570405,6819800,330893,2851492,364922,1932180
1789813737,1751141,215504,2572403,7133432,330969,2852168,365461,1958388
1789813739,1752708,215508,2575402,7768276,331055,2853068,366033,1959288
1789813741,1754249,150000,2577700,7741332,331140,2853912,366524,1957012
1789813744,1755762,215560,2579264,7505172,331219,2854624,367043,1932264
1789813746,1757314,211520,2581651,7363004,331302,2855304,367504,1932256
1789813748,1758854,215524,2583903,7952940,331385,2856272,368030,1960328
1789813751,1760385,215480,2586111,7699900,331470,2857028,368591,1958592
1789813753,1761888,215516,2587955,7916304,331552,2857788,369075,1959720
1789813756,1763414,215448,2589922,6878908,331633,2858624,369610,1932148
1789813758,1765024,150040,2592609,7415908,331717,2859336,370064,1932272
1789813760,1766550,215480,2594925,7085360,331798,2860192,370588,1958356
1789813763,1768064,215512,2597095,7481108,331879,2860928,371130,1960128
1789813765,1769594,215512,2599526,7476952,331958,2861660,371635,1960268
1789813767,1771107,215476,2601693,7448308,332043,2862476,372157,1932280
1789813770,1772648,215528,2603732,7488168,332128,2863324,372624,1960356
1789813772,1774136,215472,2606051,7926408,332206,2863980,373129,1957484
1789813775,1775682,165044,2607742,8034144,332292,2864864,373683,1958184
1789813777,1777165,150100,2609883,7492372,332370,2865680,374203,1951812
1789813779,1778725,150048,2611519,7220564,332455,2866456,374717,1932180
1789813782,1780234,215520,2613848,7858216,332536,2867320,375154,1957704
1789813784,1781767,215448,2615429,7041092,332618,2868096,375679,1959592
1789813787,1783306,215516,2617785,7642788,332702,2868908,376226,1960776
1789813789,1784817,191000,2619624,7113816,332784,2869744,376727,1932280
1789813791,1786369,150092,2621828,7099536,332867,2870536,377263,1932280
1789813794,1787863,150088,2623919,7434828,332945,2874328,377716,1958636
1789813796,1789424,215484,2626639,7647776,333029,2872140,378246,1958672
1789813798,1790947,158972,2628992,8289240,333115,2872944,378812,1959524
1789813801,1792542,150012,2630012,7116852,333196,2873680,379303,1932252
1789813803,1794037,211440,2632372,7654200,333277,2874472,379836,1932316
1789813806,1795573,149976,2634162,7201428,333359,2875324,380291,1959980
1789813808,1797119,215560,2636609,7492520,333443,2876048,380817,1958608
1789813810,1798631,215480,2639001,7833588,333523,2876880,381363,1960892
1789813813,1800154,215480,2640658,7493568,333603,2877668,381850,1932288
1789813815,1801649,215532,2642361,6977696,333680,2878320,382387,1958208
1789813818,1803291,215532,2644798,6936300,333773,2879312,382915,1960028
1789813820,1804897,150016,2647485,8110408,333861,2880060,383471,1960620
1789813822,1806421,215564,2649401,7830900,333941,2880796,384003,1958404
1789813825,1807953,215528,2651422,7921908,334020,2881388,384505,1932324
1789813827,1809486,215480,2653895,7774956,334102,2882304,385039,1932160
1789813830,1811060,149980,2655631,7491780,334190,2883208,385574,1958656
1789813832,1812587,215476,2657849,7308968,334271,2883816,386039,1958960
1789813834,1813985,150016,2659924,7634592,334346,2884924,386618,1959444
1789813837,1815767,215480,2662296,7401064,334445,2885736,387162,1932256
1789813840,1817372,150012,2664849,7563948,334534,2886524,387708,1932312
1789813842,1818930,215524,2667084,7719340,334622,2887352,388257,1959540
1789813844,1820502,215508,2669370,7152096,334708,2888060,388744,1958220
1789813847,1822055,215500,2672156,7984576,334790,2888904,389334,1959872
1789813849,1823616,170372,2673580,6690260,334873,2889708,389801,1932276
1789813852,1825109,215556,2676375,8095116,334955,2890424,390330,1932300
1789813854,1826626,150004,2677983,7468932,335033,2891264,390842,1957712
1789813856,1828129,215520,2680202,7410948,335114,2892012,391294,1958088
1789813859,1829626,215448,2681949,7344528,335195,2892756,391838,1951216
1789813861,1831133,215556,2684240,7792476,335275,2893524,392319,1932192
1789813863,1832626,150088,2686070,7170104,335354,2894072,392853,1959180
1789813866,1834133,215560,2688564,7630544,335437,2895032,393387,1958820
1789813868,1835684,215500,2690486,7140208,335516,2895756,393850,1957948
1789813870,1837154,203420,2692746,7524512,335597,2896396,394383,1960808
1789813873,1838745,150052,2695736,7985816,335683,2897276,394897,1932280
1789813875,1840319,215524,2697979,7659924,335767,2898052,395467,1959028
1789813878,1841845,150060,2700160,7730580,335847,2898772,395984,1957500
1789813880,1843361,215476,2701940,7663164,335928,2899364,396453,1959312
1789813882,1844842,215508,2703337,6822448,336004,2900228,396962,1932292
1789813885,1846372,177244,2705963,7357128,336087,2900956,397467,1932316
1789813887,1847928,215448,2708808,7668192,336172,2901676,398059,1958788
1789813889,1849495,215524,2710595,7315876,336256,2902520,398604,1958420
1789813892,1851028,215512,2712756,7285928,336337,2903320,399072,1959880
1789813894,1852562,215484,2714887,7264108,336419,2903972,399596,1932372
1789813897,1854042,215476,2716730,7785792,336499,2904752,400089,1932312
1789813899,1855594,185956,2719232,7818632,336583,2905496,400668,1958796
1789813901,1857149,215516,2720956,6996540,336669,2906260,401228,1959624
1789813904,1858666,215552,2723381,7086088,336750,2907080,401700,1932388
1789813906,1860190,215520,2725845,7173088,336830,2907764,402215,1932308
1789813908,1861671,215528,2728195,7573292,336913,2908532,402709,1958408
1789813911,1863245,150016,2730164,7374760,336993,2909264,403277,1960700
1789813913,1864753,150100,2732433,7456420,337073,2910024,403773,1958908
1789813916,1866289,215504,2734342,7368360,337151,2910748,404305,1952656
1789813918,1867800,150096,2735645,7050804,337229,2911560,404817,1932744
1789813920,1869262,150004,2737583,7327864,337305,2912200,405272,1959028
1789813923,1870759,215512,2739193,7567592,337384,2913048,405840,1959720
1789813925,1872303,215516,2741132,7339260,337465,2913852,406339,1959944
1789813928,1873820,215552,2742513,7081040,337545,2914636,406851,1933132
1789813930,1875275,215528,2744482,7331716,337624,2915372,407361,1933184
1789813932,1876824,185456,2745898,6940172,337701,2916076,407860,1959172
1789813935,1878379,215552,2748230,7994428,337783,2916788,408411,1961280
1789813937,1879866,150056,2749622,6955572,337862,2917460,408880,1959724
1789813940,1881333,215552,2751799,7388320,337933,2918180,409376,1934156
1789813942,1882841,150012,2753313,7007460,338014,2918964,409890,1934020
1789813944,1884282,150004,2755294,7448244,338089,2919712,410342,1960784
1789813947,1885764,215512,2756885,7768776,338169,2920500,410903,1959572
1789813949,1887207,213568,2758547,7317104,338248,2921452,411397,1960804
1789813951,1888740,215556,2760014,7026120,338329,2922028,411914,1934116
1789813954,1890235,215468,2762024,7341376,338407,2922716,412441,1934136
1789813956,1891723,215476,2763431,7126704,338487,2923428,412894,1960340
1789813959,1893213,215532,2765123,7283100,338565,2924120,413432,1960424
1789813961,1894669,215484,2766846,7123948,338642,2924916,413932,1938200
1789813963,1896193,215524,2768845,7341276,338719,2925660,414450,1934696
1789813966,1897671,215552,2770301,7223136,338800,2926304,414912,1960716
1789813968,1899182,215560,2772078,6906520,338880,2927108,415443,1960768
1789813970,1900648,215516,2773754,7619340,338956,2937208,415969,1961968
1789813973,1902148,215484,2775725,6869464,339034,2928568,416454,1960572
1789813975,1903617,159776,2777195,7304908,339114,2929232,417004,1934992
1789813978,1905152,215476,2778574,6886240,339190,2929916,417450,1961856
1789813980,1906625,215480,2780311,7138752,339268,2930608,417967,1961108
1789813982,1908135,215448,2782439,7711000,339350,2931372,418509,1962348
1789813985,1909625,215516,2783616,6890844,339427,2932060,419000,1935044
1789813987,1911112,150012,2785605,7323252,339506,2932768,419539,1934952
1789813989,1912566,215556,2786945,6887364,339580,2933480,419991,1961992
1789813992,1914041,215508,2788846,7287672,339660,2934236,420509,1962996
1789813994,1915527,213936,2791057,7937312,339740,2934912,420981,1961196
1789813997,1917080,215528,2792485,7414812,339820,2935660,421542,1934964
1789813999,1918558,215564,2793776,6999808,339897,2936380,422078,1935004
1789814001,1920040,206540,2795755,7347912,339974,2937112,422553,1962224
1789814004,1921528,215560,2798064,7477224,340050,2937752,423046,1959868
1789814006,1922984,215524,2799674,7274980,340127,2938588,423508,1962980
1789814008,1924492,215560,2801207,6896664,340204,2939288,424031,1935104
1789814011,1925951,215472,2803061,7287476,340280,2939884,424506,1962020
1789814013,1927414,215480,2804404,6884576,340356,2940664,425062,1961360
1789814016,1928904,215524,2806389,7294828,340437,2941440,425574,1961908
1789814018,1930394,150088,2807806,6883392,340516,2942232,426036,1935068
1789814020,1931891,215508,2809849,7293280,340596,2942872,426564,1935000
1789814023,1933354,215452,2811297,6886048,340673,2943552,427059,1962284
1789814025,1934901,154008,2813097,7174152,340751,2944296,427619,1960520
1789814027,1936397,202880,2814571,6855236,340832,2944896,428104,1962220
1789814030,1937881,215516,2816281,6889668,340909,2945688,428627,1935096
1789814032,1939392,150040,2818293,7330044,340990,2946324,429166,1935060
1789814035,1940951,193044,2819844,6909616,341070,2947052,429665,1962884
1789814037,1942402,215512,2821735,7313920,341146,2947720,430213,1961496
1789814039,1943924,150088,2823264,7131436,341230,2948340,430691,1961596
1789814042,1945426,215520,2825219,7333256,341306,2949196,431211,1935148
1789814044,1946935,150000,2826558,6882224,341388,2949820,431741,1935164
1789814047,1948418,215556,2828357,7188388,341465,2950504,432216,1961588
1789814049,1949922,150008,2830344,7352884,341541,2951028,432768,1960620
1789814051,1951399,215520,2831699,7050140,341623,2951716,433268,1935204
1789814054,1952960,150004,2833638,7338752,341705,2952508,433795,1935036
1789814056,1954502,215516,2835198,7124960,341784,2953140,434252,1935112
1789814059,1956038,149980,2837138,7312460,341870,2953836,434821,1960592
1789814061,1957585,215520,2838530,6879724,341957,2954580,435394,1961824
1789814063,1959068,215532,2840436,7259284,342036,2955252,435892,1935376
1789814066,1960578,215520,2841849,6872192,342115,2956000,436426,1935624
1789814068,1962070,150088,2844089,7567032,342196,2956732,436964,2393360
1789814070,1963622,215500,2846212,7342496,342279,2957520,437513,2259420
1789814073,1965115,162148,2847614,7091956,342360,2958240,438040,2258144
1789814075,1966665,215532,2849854,7358800,342445,2959008,438607,2233128
1789814078,1968250,215520,2851292,7056564,342533,2959656,439120,2245992
1789814080,1969759,215556,2853404,7651240,342613,2960372,439649,2253732
1789814082,1971239,215512,2854570,6928164,342688,2960916,440099,2255424
1789814085,1972698,215520,2856607,7301304,342763,2961600,440661,2256332
1789814087,1974211,215480,2858608,7374656,342838,2962380,441150,2230072
1789814089,1975674,198656,2859718,6912812,342914,2962976,441670,2224752
1789814092,1977114,215520,2861146,7416008,342988,2963472,442127,2253088
1789814094,1978669,215524,2863569,7597960,343071,2964256,442680,2251504
1789814097,1980180,215508,2865035,7309424,343157,2965024,443208,2253304
1789814099,1981702,215512,2866379,6874716,343234,2965612,443764,2226664
1789814101,1983189,215484,2868290,7258640,343312,2966304,444247,2266264
1789814104,1984665,215520,2870414,7740340,343390,2966840,444779,2265624
1789814106,1986160,215480,2871411,6885152,343471,2967576,445248,2265272
1789814108,1987634,215472,2873223,7154264,343547,2968292,445801,2260304
1789814111,1989159,150084,2875098,7361916,343629,2968788,446308,2239748
1789814113,1990626,150040,2876474,7145472,343705,2969484,446876,2269148
1789814116,1992184,215504,2878933,8069208,343790,2970160,447417,2269156
1789814118,1993695,215472,2879953,6965924,343870,2970696,447905,2270688
1789814120,1995203,215472,2881966,7375004,343949,2971132,448465,2243588
1789814123,1996699,215472,2883305,6969680,344027,2971944,448961,2243672
1789814125,1998172,150056,2885097,7231596,344105,2972484,449518,2271776
1789814128,1999678,215508,2887360,8092692,344184,2973128,449987,2271832
1789814130,2001157,215476,2888403,6986436,344260,2973976,450517,2262868
1789814132,2002648,215520,2890272,7278772,344338,2974392,450993,2249344
1789814135,2004141,215516,2892250,7466992,344415,2975044,451549,2239348
1789814137,2005637,215520,2893990,7272044,344497,2975700,452068,2266936
1789814140,2007214,150052,2896635,8133656,344579,2976272,452628,2265108
1789814142,2008685,215504,2897734,7031328,344657,2976936,453080,2266808
1789814144,2010146,150048,2899396,7072248,344732,2977400,453595,2239372
1789814147,2011650,215528,2900925,7155084,344809,2978100,454098,2239228
1789814149,2013169,215480,2902839,7359316,344892,2978584,454679,2264672
1789814151,2014655,215568,2904232,7567480,344968,2979456,455168,2265684
1789814154,2016106,202800,2905581,7133828,345042,2979924,455692,2239412
1789814156,2017621,215512,2907136,6812076,345118,2980632,456154,2239352
1789814158,2019100,215560,2908974,7012556,345197,2981328,456706,2265448
1789814161,2020605,215524,2910942,7310792,345273,2981864,457204,2266080
1789814163,2022109,176224,2912503,7345596,345350,2982520,457755,2267992
1789814166,2023571,215556,2914050,7120732,345426,2983200,458222,2241000
1789814168,2025072,215560,2916065,7317856,345504,2983760,458759,2242748
1789814170,2026542,215472,2917345,6906944,345582,2984364,459227,2269876
1789814173,2028020,215472,2919275,7277656,345657,2984980,459786,2269240
1789814175,2029487,215520,2921306,7850200,345733,2985728,460288,2270188
1789814177,2030964,187576,2922395,6962560,345807,2986420,460814,2244036
1789814180,2032433,215508,2924286,7269260,345885,2987108,461287,2244008
1789814182,2033921,215476,2926188,7492552,345965,2987640,461821,2270772
1789814185,2035408,215564,2927381,6888856,346043,2988224,462324,2271980
1789814187,2036886,193588,2929279,7607004,346122,2988880,462890,2247004
1789814189,2038378,176220,2931184,7361828,346197,2989480,463372,2244024
1789814192,2039843,215508,2932448,7135116,346275,2990152,463903,2271308
1789814194,2041305,215524,2934345,7332932,346353,2990932,464368,2270344
1789814196,2042774,215448,2935603,6885824,346430,2991532,464916,2270696
1789814199,2044291,215552,2937648,7580200,346512,2992260,465417,2270244
1789814201,2045762,215552,2939341,7321892,346591,2992840,465998,2244360
1789814204,2047305,215564,2940891,6866788,346667,2993348,466468,2271152
1789814206,2048802,150084,2942942,7229540,346745,2993924,467012,2270720
1789814208,2050283,215516,2944543,6872080,346824,2994604,467485,2270400
1789814211,2051796,214420,2946690,7688192,346907,2995344,468062,2244364
1789814213,2053313,150048,2948712,7642296,346987,2995948,468560,2244408
1789814215,2054773,215504,2950017,6919208,347063,2996480,469107,2272144
1789814218,2056215,215520,2951554,7246956,347135,2997004,469552,2272564
1789814220,2057687,150084,2952877,6873392,347214,2997588,470098,2273456
1789814223,2059185,215528,2954704,7431772,347296,2998236,470664,2245024
1789814225,2060705,215564,2956405,7033468,347374,2998776,471171,2245028
1789814227,2062231,215472,2958106,6883492,347456,2999368,471752,2271276
1789814230,2063742,215500,2959735,6905236,347533,3000024,472222,2271052
1789814232,2065213,215528,2961622,7259444,347609,3000724,472751,2273004
1789814235,2066689,150004,2963182,7321632,347688,3001284,473241,2245032
1789814237,2068180,150056,2964816,6958268,347765,3001728,473808,2245028
1789814239,2069685,215516,2966685,7291120,347843,3002408,474304,2271392
1789814242,2071136,215508,2968019,6933296,347920,3002940,474829,2271380
1789814244,2072618,215504,2969775,6961472,347998,3003552,475319,2245504
1789814247,2074155,215504,2971726,7704672,348078,3004204,475889,2245468
1789814249,2075658,151056,2973442,7232528,348156,3004732,476390,2245416
1789814251,2077136,215564,2975066,7320724,348232,3005244,476941,2271432
1789814254,2078626,215524,2976387,6966564,348308,3005888,477398,2271436
1789814256,2080054,215524,2977956,6990660,348380,3006360,477922,2253556
1789814258,2081535,215484,2979717,7539196,348461,3006908,478403,2245572
1789814261,2083028,215520,2981567,7352984,348540,3007412,478967,2273540
1789814263,2084493,149976,2983167,7313884,348616,3007872,479453,2272168
1789814266,2085930,215552,2984368,6886284,348690,3008404,479983,2273556
1789814268,2087408,215548,2986156,7151484,348766,3008908,480441,2245688
1789814270,2088906,215476,2988281,7757924,348846,3009412,480974,2245864
1789814273,2090392,215560,2989662,6873452,348922,3009964,481471,2271380
1789814275,2091865,215444,2991602,7134140,349000,3010356,482034,2272640
1789814277,2093335,215512,2993341,6929900,349080,3011012,482515,2272384
1789814280,2094854,215520,2994840,7277616,349159,3011544,483055,2245900
1789814282,2096368,150084,2996757,7296512,349242,3012176,483551,2245928
1789814285,2097860,215480,2998502,7280428,349321,3012796,484110,2272712
1789814287,2099333,197312,2999761,6860548,349401,3013476,484629,2273880
1789814289,2100847,166384,3001514,6895292,349477,3014004,485191,2258116
1789814292,2102362,150084,3003506,7295552,349552,3014508,485651,2246280
1789814294,2103860,215472,3004961,7579688,349633,3015164,486192,2272388
1789814297,2105379,215520,3006773,7141532,349717,3015684,486712,2273472
1789814299,2106900,152424,3008767,7355916,349802,3016336,487315,2274244
1789814301,2108439,215516,3010013,6891140,349886,3016912,487851,2273736
1789814304,2109902,215568,3011837,7153128,349965,3017432,488389,2246872
1789814306,2111397,150096,3013858,8031872,350047,3017992,488865,2273052
1789814308,2112944,215508,3015024,6870588,350133,3018752,489447,2273740
1789814311,2114485,215556,3016850,7148724,350218,3019404,490067,2272132
1789814313,2116019,150004,3018779,7338196,350296,3019960,490569,2271872
1789814316,2117518,180448,3020086,6892472,350378,3020432,491116,2247148
1789814318,2119033,149980,3021723,6981204,350459,3021076,491603,2273312
1789814320,2120550,215508,3023725,7305816,350540,3021616,492159,2274204
1789814323,2122045,149980,3025135,6902312,350619,3022164,492666,2275904
1789814325,2123490,215472,3026791,6919276,350692,3022600,493220,2247120
1789814328,2124964,150040,3028590,7231324,350769,3023236,493731,2247024
1789814330,2126465,215468,3030490,7389544,350852,3023748,494279,2273872
1789814332,2127983,215480,3032086,7388164,350930,3024280,494765,2273036
1789814335,2129487,215484,3033694,7228284,351013,3024912,495346,2273116
1789814337,2130983,215560,3035745,7572960,351084,3025464,495845,2247072
1789814339,2132496,215468,3037416,6928644,351165,3025992,496415,2247160
1789814342,2133980,202324,3039363,7485476,351246,3026408,496902,2275012
1789814344,2135546,215564,3042130,7578372,351330,3026960,497470,2274292
1789814347,2136985,212308,3042776,7297308,351405,3027568,497962,2269880
1789814349,2138485,176760,3044430,6901280,351483,3028056,498528,2247156
1789814351,2139971,150040,3046313,7190228,351564,3028588,499073,2273472
1789814354,2141502,215556,3048213,7382400,351642,3029092,499618,2274596
1789814356,2143009,208660,3049710,7365260,351722,3029656,500093,2273736
1789814358,2144529,188892,3051617,7284172,351802,3030124,500655,2247156
1789814361,2146017,215556,3053007,6895856,351881,3030684,501154,2247100
1789814363,2147491,215476,3054574,6905232,351959,3031096,501711,2272944
1789814366,2148949,215504,3056177,6914052,352036,3031596,502206,2275864
1789814368,2150441,215480,3058115,7879936,352119,3032276,502757,2274280
1789814370,2151974,215472,3059836,7299388,352200,3032768,503238,2247168
1789814373,2153426,215504,3061521,7359512,352275,3033348,503810,2247064
1789814375,2154912,215528,3062811,6914056,352353,3033784,504317,2272636
1789814377,2156398,215480,3064492,7161416,352432,3034328,504891,2274268
1789814380,2157869,215524,3066386,7437904,352508,3034772,505371,2273788
1789814382,2159392,215548,3067657,6889108,352585,3035364,505909,2247200
1789814385,2160851,150060,3069323,6911944,352661,3035824,506396,2274580
1789814387,2162318,215476,3071068,7170020,352738,3036336,506979,2274216
1789814389,2163824,150040,3072949,7308160,352819,3036704,507489,2274520
1789814392,2165274,215448,3074170,6897616,352895,3037312,508035,2272068
1789814394,2166747,215532,3076148,7380064,352971,3037804,508504,2247240
1789814396,2168251,150036,3077507,6921020,353049,3038352,509050,2273272
1789814399,2169743,215484,3079319,7229760,353126,3038800,509566,2273988
1789814401,2171242,215532,3081237,7380476,353202,3039320,510134,2273288
1789814404,2172693,150084,3082454,6913728,353278,3039664,510633,2247140
1789814406,2174192,215480,3084617,7568396,353357,3040332,511178,2247192
1789814408,2175648,215476,3086131,6915128,353433,3040804,511649,2273180
1789814411,2177116,161060,3087826,7093820,353511,3041148,512203,2274184
1789814413,2178617,215504,3089767,7322084,353587,3041792,512731,2274260
1789814415,2180116,215448,3091615,7447412,353667,3042320,513328,2247224
1789814418,2181663,150040,3093093,7448012,353746,3042736,513806,2247196
1789814420,2183179,215564,3094675,7017672,353823,3043340,514362,2273776
1789814423,2184624,215480,3096345,7286944,353897,3043824,514860,2309160
1789814425,2186092,215552,3098202,7467880,353973,3044280,515445,2286052
1789814427,2187606,215564,3099641,7042300,354053,3044796,515947,2282148
1789814430,2189084,215452,3101560,7828400,354132,3045324,516513,2307772
1789814432,2190578,215480,3103143,7314532,354209,3045692,516990,2310836
1789814434,2192039,215468,3104936,7452180,354288,3046304,517569,2310040
1789814437,2193556,215520,3106721,7525528,354366,3046764,518072,2309508
1789814439,2195026,215504,3107796,7029492,354444,3047412,518650,2282136
1789814442,2196716,150040,3110123,7709648,354539,3047976,519286,2282620
1789814444,2198318,215528,3111774,7340888,354619,3048536,519790,2319096
1789814447,2199783,215484,3113520,7451320,354697,3049044,520364,2317556
1789814449,2201284,150096,3114784,7029996,354779,3049568,520903,2319424
1789814451,2202805,150096,3116477,7052600,354857,3050068,521485,2298072
1789814454,2204300,150008,3118307,7628024,354935,3050600,521947,2298132
1789814456,2205781,190448,3119727,6843500,355014,3050920,522491,2324032
1789814459,2207301,150012,3121754,7304740,355095,3051552,523020,2323768
1789814461,2208809,150036,3123394,7287632,355180,3051940,523643,2324688
1789814463,2210340,215476,3125209,7381840,355257,3052592,524150,2298360
1789814466,2211864,215560,3126375,7328400,355337,3053168,524714,2325064
1789814468,2213369,150052,3127901,6900660,355419,3053756,525201,2325876
1789814471,2214853,215516,3129626,6931056,355498,3054052,525788,2324000
1789814473,2216382,215528,3131690,7274496,355577,3054660,526328,2325684
1789814475,2217909,150052,3133714,6931900,355658,3055216,526931,2298804
1789814478,2219426,150048,3135527,7886864,355736,3055780,527440,2324276
1789814480,2220939,215520,3137246,7365992,355816,3056228,527989,2325912
1789814483,2222435,215480,3138362,6913272,355896,3056728,528497,2325168
1789814485,2223907,149980,3140042,6925252,355975,3057112,529084,2327116
1789814487,2225418,215480,3141786,7182248,356050,3057716,529589,2299308
1789814490,2226885,150036,3143911,7849356,356128,3058260,530127,2326304
1789814492,2228326,191456,3144932,6913460,356203,3058828,530617,2324868
1789814495,2229864,215480,3146602,6924624,356283,3069564,531189,2325508
1789814497,2231325,215468,3148359,6988876,356361,3059764,531704,2299424
1789814499,2232791,150052,3150248,7368080,356437,3060268,532297,2299380
1789814502,2234349,150008,3151781,7351096,356520,3060792,532801,2324456
1789814504,2235796,150000,3153479,6943556,356597,3061392,533369,2327472
1789814507,2237472,215480,3155264,7210444,356678,3061912,533915,2327784
1789814509,2238924,150008,3157048,7390440,356752,3062360,534502,2299476
1789814512,2240515,150088,3158329,6910980,356833,3062884,535007,2299432
1789814514,2241764,210016,3160011,7371356,356905,3063452,535546,2326360
1789814516,2243426,215480,3161885,7203472,356989,3063892,536066,2326124
1789814519,2244935,215520,3163873,7401616,357068,3064312,536647,2332260
1789814521,2246402,150044,3165068,6924956,357145,3064728,537158,2305144
1789814523,2247865,150092,3166704,6955476,357219,3065296,537722,2305316
1789814526,2249344,150016,3168601,7807484,357296,3065844,538200,2332892
1789814528,2250812,154044,3170282,7346560,357374,3066344,538743,2331836
1789814531,2252345,215524,3171618,6973080,357458,3066844,539282,2333800
1789814533,2253863,150000,3173411,6978800,357537,3067316,539903,2305352
1789814536,2255350,215508,3175167,7197328,357613,3067968,540408,2305324
1789814538,2256876,215484,3177128,7830888,357695,3068376,540957,2331568
1789814540,2258462,215516,3178915,7281000,357784,3068936,541492,2332924
1789814543,2259998,215532,3180857,7333776,357869,3069492,542072,2331520
1789814545,2261487,215472,3182137,6914988,357948,3070024,542583,2305360
1789814547,2262947,165320,3183758,6929016,358021,3070524,543156,2305344
1789814550,2264454,215552,3185764,7806180,358103,3071000,543679,2332224
1789814552,2266005,215548,3187366,7192952,358187,3071548,544249,2331208
1789814555,2267472,215468,3189033,7284504,358265,3072108,544781,2332580
1789814557,2269044,215564,3190723,7297984,358352,3072680,545388,2305352
1789814559,2270591,215468,3191956,6884408,358443,3073168,545964,2305368
1789814562,2272205,215480,3193972,7384328,358521,3073720,546499,2333724
1789814564,2273669,166112,3195489,6940452,358596,3074208,546978,2332628
1789814567,2275147,150040,3197210,7127724,358674,3074656,547570,2331840
1789814569,2276648,215468,3199041,7331672,358753,3075116,548088,2305332
1789814571,2278137,215568,3200836,7360256,358833,3075800,548691,2305396
1789814574,2279628,161592,3202693,7315920,358912,3076224,549187,2330604
1789814576,2281171,150096,3203659,6885908,358994,3076640,549758,2335816
1789814579,2282674,215452,3205248,6895572,359073,3077268,550291,2333304
1789814581,2284212,215556,3206965,6922576,359153,3077628,550879,2309156
1789814583,2285690,215504,3208693,6932052,359232,3078176,551406,2338112
1789814586,2287162,215532,3210420,7453088,359310,3078628,551970,2336712
1789814588,2288667,215508,3212103,7100548,359387,3079176,552465,2334508
1789814590,2290161,215516,3213673,6976772,359467,3079640,553029,2335384
1789814593,2291659,215528,3215272,6992328,359549,3080144,553552,2309212
1789814595,2293120,150060,3216807,6998396,359623,3080584,554121,2335236
1789814598,2294606,215476,3218584,7455904,359703,3081176,554663,2338360
1789814600,2296151,215476,3220220,7033968,359779,3081636,555215,2335516
1789814602,2297519,150008,3221964,7370644,359854,3082272,555782,2330944
1789814605,2299295,215508,3224242,7480516,359941,3082724,556379,2309268
1789814607,2300805,215484,3225577,6987700,360021,3083140,556886,2335212
1789814610,2302351,215500,3227704,7581316,360105,3083624,557479,2336004
1789814612,2303918,215480,3229467,7059252,360188,3084036,558047,2654576
1789814615,2305379,209224,3230944,7047520,360264,3084592,558565,2626820
1789814617,2306866,174592,3232682,7067716,360344,3085108,559235,2602028
1789814620,2308521,215516,3234476,7088348,360429,3085696,559758,2602076
1789814622,2310049,215520,3236500,7940636,360512,3086180,560328,2623012
1789814624,2311569,151140,3238321,7514288,360592,3086712,560855,2623076
1789814627,2313123,215556,3239546,7059020,360670,3087132,561395,2623312
1789814629,2314666,215544,3240968,6930800,360751,3087608,561997,2601236
1789814632,2316199,181768,3242671,6936696,360832,3088232,562516,2601396
1789814634,2317700,215564,3244515,7591708,360911,3088736,563080,2636204
1789814636,2319188,209932,3246019,6957444,360991,3089308,563595,2635908
1789814639,2320688,215552,3247676,6964788,361069,3089736,564187,2619356
1789814641,2322188,215560,3249213,6963940,361148,3090160,564712,2599904
1789814644,2323659,215560,3250834,7122432,361227,3090752,565291,2629188
1789814646,2325088,215444,3252755,7710112,361300,3091356,565792,2626884
1789814648,2326579,150056,3254375,7283048,361379,3091668,566287,2628236
1789814651,2328120,149976,3256280,7435228,361461,3092164,566906,2611312
1789814653,2329613,150008,3257478,6965304,361537,3092688,567422,2617496
1789814656,2331100,215564,3259164,6980116,361616,3093172,567994,2643568
1789814658,2332572,215476,3260942,7717468,361695,3093596,568488,2644372
1789814660,2334112,215468,3262614,7282376,361778,3094048,569059,2644888
1789814663,2335552,150004,3264325,7300344,361853,3094704,569606,2617516
1789814665,2337104,176672,3266211,7363168,361938,3095212,570155,2617532
1789814667,2338721,150096,3267557,6915212,362025,3095680,570804,2642712
1789814670,2340244,150056,3269447,7532236,362106,3096348,571330,2642944
1789814673,2341819,166684,3271152,6922060,362188,3096772,571950,2635780
1789814675,2343317,150052,3273065,6924044,362270,3097248,572539,2636188
1789814678,2345023,215520,3275176,7193432,362356,3097872,573152,2609304
1789814680,2346501,215524,3277127,7293332,362432,3098284,573657,2609364
1789814682,2347996,169016,3279052,7336424,362514,3098704,574247,2637400
1789814685,2349552,150008,3280010,6888048,362597,3099252,574806,2635568
1789814687,2351028,215516,3281549,6888320,362673,3098920,575398,2635332
1789814690,2352543,215556,3283977,7411804,362754,3099412,575919,2609612
1789814692,2354040,215480,3285108,6928384,362834,3099960,576406,2609548
1789814694,2355530,215448,3287012,7775300,362910,3100388,576974,2655204
1789814697,2357032,150092,3288620,7185132,362990,3100900,577530,2655208
1789814699,2358538,150056,3290514,7355376,363078,3101420,578215,2635116
1789814702,2360363,215528,3292087,6923160,363164,3102076,578757,2630524
1789814705,2361874,215472,3293716,6931916,363247,3102416,579411,2608124
1789814707,2363599,215520,3295722,7095688,363335,3103108,580003,2608120
1789814710,2365171,215520,3297459,6957544,363416,3103536,580600,2668632
1789814712,2366649,215480,3298935,6986236,363493,3104016,581086,2668156
1789814715,2368164,215480,3300639,7155344,363574,3104552,581687,2667724
1789814717,2369648,159292,3302308,7194512,363650,3105040,582214,2641660
1789814719,2371677,150012,3304979,7363392,363763,3105820,583040,2641948
1789814723,2373547,150084,3306849,7175296,363869,3106332,583698,2641952
1789814725,2375245,215532,3308362,6918372,363959,3106700,584299,2641808
1789814728,2376891,184820,3310010,6899844,364051,3107176,584901,2669312
1789814730,2378540,215564,3311824,7298860,364145,3107728,585459,2668468
1789814732,2380286,199416,3314160,7264628,364239,3108096,586093,2667540
1789814735,2381909,150060,3315821,7171756,364335,3108752,586736,2642160
1789814737,2383678,150060,3317646,6937896,364434,3109192,587400,2642540
1789814740,2385319,215472,3318720,6452212,364520,3109628,587919,2669272
1789814742,2386862,215484,3320891,7424984,364604,3110200,588514,2670720
1789814745,2388505,215516,3322940,6936000,364698,3110648,589113,2670336
1789814747,2390047,215520,3324615,6902760,364776,3111124,589633,2642888
1789814749,2391562,215556,3326318,6925460,364857,3111520,590231,2642720
1789814752,2393070,215520,3327949,6932824,364935,3112020,590734,2668280
1789814754,2394645,215480,3329928,7681788,365022,3112524,591373,2669536
1789814757,2396246,150012,3331673,7181696,365104,3113108,591977,2669992
1789814760,2398051,215480,3333936,7274456,365204,3113716,592683,2668952
1789814762,2399596,215568,3335590,7288348,365286,3114220,593229,2668700
1789814765,2401227,215548,3337534,7324148,365375,3114536,593878,2643132
1789814767,2402967,170384,3339631,7657108,365470,3115036,594478,2643112
1789814770,2404573,215552,3340925,6951768,365556,3115644,595075,2670892
1789814772,2406054,215448,3342478,6988472,365634,3116100,595566,2669564
1789814775,2407444,150040,3344035,6979036,365712,3116724,596104,2670504
1789814777,2408983,215508,3345589,6980432,365787,3117052,596700,2643152
1789814779,2410494,215564,3347645,7690044,365871,3117608,597253,2643096
1789814782,2412120,150040,3349111,6999564,365964,3118176,597846,2668816
1789814784,2413657,150084,3350841,7050400,366049,3118684,598359,2668744
1789814787,2415111,215480,3352442,7196828,366127,3119044,598961,2643128
1789814789,2416645,215524,3354434,7378632,366214,3119712,599544,2643032
1789814791,2418491,215528,3357077,7977328,366325,3120184,600315,2643112
1789814794,2420334,215512,3358649,7218144,366422,3120760,600852,2669148
1789814797,2421958,215448,3360391,7083204,366513,3121292,601412,2670200
1789814799,2423704,215484,3362242,7051128,366621,3121868,602140,2670748
1789814802,2425391,215548,3363683,6969900,366712,3122380,602747,2668884
1789814804,2427060,150060,3366561,8093876,366802,3122828,603355,2643128
1789814806,2428559,215500,3367296,6922040,366885,3123304,603881,2671036
1789814809,2430111,215556,3369097,6920312,366970,3123816,604510,2669444
1789814811,2431644,150056,3370971,6910152,367047,3124152,605039,2669528
1789814814,2433130,215468,3372759,6914608,367126,3124764,605641,2643168
1789814816,2434616,150092,3374705,7400224,367204,3125236,606159,2643112
1789814818,2436169,150048,3376134,6927064,367286,3125624,606673,2670416
1789814821,2437757,215508,3377906,6917276,367374,3126288,607322,2669780
1789814823,2439283,175924,3379591,6956704,367452,3126704,607859,2669696
1789814826,2440755,215552,3381163,6943720,367527,3127008,608453,2644772
1789814828,2442293,215552,3383012,7607248,367610,3127668,609000,2643176
1789814830,2443803,176784,3384506,6970268,367693,3128108,609598,2669212
1789814833,2445360,150092,3386364,7181452,367776,3128632,610182,2668756
1789814835,2446962,215560,3388183,7201572,367863,3129092,610790,2669648
1789814838,2448436,215520,3389883,7307624,367938,3129516,611320,2661932
1789814840,2449918,215552,3391786,7897488,368017,3130020,611824,2643116
1789814842,2451399,215468,3393027,7190816,368098,3130496,612399,2669280
1789814845,2452897,158452,3394547,7181404,368177,3131004,612964,2670524
1789814847,2454419,215484,3396269,7193100,368254,3131500,613572,2669384
1789814850,2455943,215480,3397947,7273620,368333,3131972,614099,2642984
1789814852,2457470,215476,3400068,8022228,368416,3132420,614678,2643272
1789814854,2458947,215560,3400823,6843200,368494,3132888,615215,2669236
1789814857,2460475,215520,3403048,7357908,368575,3133408,615745,2671212
1789814859,2461962,215468,3404615,7335728,368651,3133840,616326,2669452
1789814862,2463414,215524,3406144,7369552,368728,3134264,616854,2643204
1789814864,2464915,215560,3408057,7842616,368806,3134788,617430,2643272
1789814866,2466378,215472,3409201,6977216,368882,3135112,617918,2670100
1789814869,2467844,215528,3410736,7357432,368959,3135664,618524,2671348
1789814871,2469353,215468,3412916,7423520,369041,3136140,619076,2669772
1789814873,2470881,215480,3413890,6909540,369119,3136664,619606,2643288
1789814876,2472390,215484,3415852,7507972,369204,3137148,620226,2643268
1789814878,2473957,215448,3417579,6897460,369286,3137616,620733,2669508
1789814881,2475433,150088,3419494,6897052,369364,3138076,621326,2670344
1789814883,2476897,215472,3421263,6936412,369441,3138500,621867,2648720
1789814885,2478384,215552,3422736,6926528,369518,3138916,622462,2643312
1789814888,2479870,149976,3424495,7469436,369597,3139288,622994,2671292
1789814890,2481377,215532,3425784,6691768,369679,3139796,623504,2670680
1789814892,2482837,215472,3427944,7214688,369755,3140204,624064,2670688
1789814895,2484290,215476,3429156,6948508,369830,3140732,624603,2643312
1789814897,2485767,215508,3430842,6978224,369909,3141256,625217,2643276
1789814899,2487288,150052,3432718,7442440,369992,3141676,625760,2670684
1789814902,2488789,215468,3434284,7006592,370070,3142164,626355,2669424
1789814904,2490290,150012,3436021,7039476,370151,3142592,626861,2670260
1789814907,2491745,215448,3437470,7029480,370226,3143092,627381,2643332
1789814909,2493214,150092,3438982,6924968,370301,3143556,627961,2643236
1789814911,2494705,176752,3440763,7307952,370378,3143996,628486,2668944
1789814914,2496214,149980,3442314,6951644,370458,3144344,629079,2670764
1789814916,2497645,215512,3443849,6944932,370535,3144924,629593,2643368
1789814919,2499158,182520,3445392,6944964,370618,3156860,630189,2643228
1789814921,2500715,215564,3447012,6947352,370696,3145816,630734,2643316
1789814923,2502223,172580,3448725,7464440,370780,3146188,631294,2669312
1789814926,2503754,215524,3450467,7179356,370861,3146764,631898,2669532
1789814928,2505202,215564,3451974,6959124,370936,3147260,632390,2651284
1789814931,2506660,215520,3452744,6603424,371008,3147620,632972,2643456
1789814933,2508164,178028,3455158,7639236,371091,3148128,633509,2669540
1789814935,2509679,150004,3456875,7372012,371174,3148532,634108,2670344
1789814938,2511188,215448,3458473,7187264,371254,3148992,634650,2669832
1789814940,2512674,215564,3460207,7294788,371333,3149500,635162,2670284
1789814942,2514193,215516,3461948,7280224,371414,3149964,635740,2643484
1789814945,2515661,195452,3463578,7116424,371492,3150360,636279,2669516
1789814947,2517153,215564,3465313,7687924,371570,3150828,636882,2671336
1789814950,2518664,215504,3467100,7187868,371648,3151308,637417,2670176
1789814952,2520129,215468,3468787,7227968,371726,3151740,638001,2643456
1789814954,2521601,215520,3470285,7182888,371807,3152236,638520,2643416
1789814957,2523060,199424,3471817,7194532,371882,3152632,639037,2670068
1789814959,2524514,215468,3473350,7279336,371958,3153068,639639,2669632
1789814961,2526012,150092,3474965,6965352,372041,3153592,640214,2670320
1789814964,2527570,215568,3476608,7190092,372117,3154044,640790,2643468
1789814966,2529045,215468,3478219,7182312,372194,3154520,641279,2643508
1789814969,2530544,215560,3479997,7309160,372278,3154940,641897,2669624
1789814971,2532039,215480,3481656,7262372,372357,3155452,642438,2672004
1789814973,2533536,215560,3483281,7282748,372442,3155820,643067,2643464
1789814976,2535036,150092,3484322,6722672,372520,3156356,643594,2643504
1789814978,2536541,215480,3486415,7244248,372600,3156820,644106,2669804
1789814980,2538008,176184,3488203,7410556,372679,3157244,644690,2670724
1789814983,2539494,154236,3489352,6898508,372764,3157744,645255,2669940
1789814985,2541056,150044,3491021,6883188,372842,3158008,645880,2668604
1789814988,2542549,215556,3492550,6873892,372923,3158556,646429,2643496
1789814990,2544003,150052,3493838,6458472,372999,3159100,646993,2671092
1789814992,2545445,215484,3495382,6920912,373072,3159356,647527,2672228
1789814995,2546970,215520,3497699,7384116,373154,3159932,648077,2669832
1789814997,2548471,215564,3499561,7209672,373236,3160416,648693,2643672
1789815000,2549952,215560,3501318,7440348,373315,3160768,649233,2643704
1789815002,2551453,215476,3502729,6962172,373394,3161228,649826,2671084
1789815004,2552895,215516,3504221,6959796,373471,3173040,650331,2670904
1789815007,2554403,215560,3505837,6932776,373548,3162092,650925,2670584
1789815009,2555882,215476,3507756,7401536,373624,3162536,651460,2643776
1789815011,2557418,215452,3509446,6984156,373708,3162900,652027,2643820
1789815014,2558900,150040,3511222,6945600,373784,3163412,652626,2656908
1789815016,2560402,150040,3513019,6975256,373865,3163816,653135,2655252
1789815019,2561869,215504,3514622,6994152,373945,3164280,653744,2638288
1789815021,2563486,215452,3516773,7677524,374038,3164828,654340,2630108
1789815023,2564998,150092,3518179,7040760,374123,3165332,654978,2656620
1789815026,2566499,215524,3519717,7022576,374201,3165780,655530,2656648
1789815028,2567987,215568,3521348,7025888,374281,3166208,656121,2657384
1789815030,2569499,150016,3523056,7061204,374360,3166676,656650,2630164
1789815033,2571048,215528,3525051,7746904,374447,3166980,657236,2630196
1789815035,2572562,150096,3526482,7074840,374529,3167508,657852,2671880
1789815037,2574075,215568,3528142,7279712,374615,3168048,658424,2673036
1789815040,2575598,215480,3529924,7303680,374700,3168412,659041,2672072
1789815042,2577084,163728,3531614,7326696,374777,3168976,659547,2644796
1789815045,2578613,215528,3533555,7975316,374860,3169404,660191,2644772
1789815047,2580121,215508,3534964,7112480,374940,3169908,660762,2673228
1789815049,2581654,215528,3536566,7116572,375019,3170376,661355,2671084
1789815052,2583149,150048,3538410,7470496,375098,3170840,661922,2670616
1789815054,2584644,215476,3539836,7216452,375175,3171176,662437,2644808
1789815057,2586157,215504,3541434,7598684,375256,3171680,663064,2644712
1789815059,2587650,215452,3542862,7103536,375337,3172132,663630,2670316
1789815061,2589165,198660,3544588,7196796,375415,3172644,664246,2671396
1789815064,2590658,215516,3546195,6968028,375497,3173028,664829,2671168
1789815066,2592237,215520,3547894,7204488,375578,3173484,665410,2644752
1789815069,2593693,211456,3549701,7541688,375658,3173948,665983,2644880
1789815071,2595270,150040,3551166,6969484,375740,3174388,666554,2671656
1789815073,2596798,215524,3552749,6962448,375824,3174832,667185,2672312
1789815076,2598280,150040,3554414,6961004,375905,3175296,667716,2671636
1789815078,2599777,215568,3556120,6935840,375982,3175644,668272,2653484
1789815081,2601262,192988,3558080,7427952,376062,3176088,668800,2679816
1789815083,2602733,215560,3559699,6931492,376139,3176472,669403,2679964
1789815085,2604188,215560,3561204,6923992,376213,3176944,669936,2680768
1789815088,2605637,215476,3562717,6919256,376289,3177400,670484,2679444
1789815090,2607125,215520,3564326,6923432,376372,3177808,671077,2653584
1789815092,2608632,215508,3565930,7347056,376450,3178224,671611,2679800
1789815095,2610144,150088,3568057,7370624,376533,3178680,672221,2681548
1789815097,2611639,215516,3568993,6759288,376615,3179088,672772,2682168
1789815100,2613115,215516,3571125,7329036,376695,3179460,673369,2654604
1789815102,2614630,215520,3572996,7431852,376775,3179964,673928,2654644
1789815104,2616116,185464,3574001,7233980,376854,3180304,674449,2681132
1789815107,2617627,215472,3576378,7433924,376932,3180832,675050,2681884
1789815109,2619137,200396,3577265,6891028,377013,3181396,675630,2681000
1789815111,2620610,150088,3579392,7350504,377091,3181824,676220,2655312
1789815114,2622108,193876,3580842,7195832,377169,3182224,676745,2655292
1789815116,2623610,215484,3582506,7839716,377249,3182688,677272,2680960
1789815119,2625112,215556,3584040,6978628,377326,3183196,677895,2682552
1789815121,2626555,215504,3584959,6736400,377405,3183616,678446,2682708
1789815123,2628090,215520,3587498,7697224,377484,3184080,679065,2655168
1789815126,2629600,215480,3589076,7205380,377563,3184552,679617,2655248
1789815128,2631065,215448,3590486,7035240,377640,3185036,680189,2683048
1789815131,2632547,206052,3592036,6976588,377718,3185404,680740,2681528
1789815133,2634118,215448,3593854,7021700,377800,3185932,681333,2681296
1789815135,2635616,215476,3595499,7033576,377881,3186368,681970,2655212
1789815138,2637154,150092,3596988,7022120,377955,3187008,682512,2655168
1789815140,2638622,215480,3598542,7000404,378033,3187448,683074,2682288
1789815143,2640124,215504,3600209,7030724,378114,3187936,683638,2680496
1789815145,2641613,154756,3602032,7019584,378194,3188320,684276,2655212
1789815147,2643181,150032,3604003,7050520,378274,3188836,684821,2655272
1789815150,2644682,215528,3605698,6904412,378354,3189316,685373,2681332
1789815152,2646166,215480,3607494,6953252,378433,3189968,685956,2683644
1789815155,2647643,215472,3609297,7174944,378510,3190408,686491,2683240
1789815157,2649117,150008,3610694,6938268,378588,3190992,687108,2655304
1789815159,2650574,215452,3612201,6936024,378666,3191368,687663,2655252
1789815162,2652097,150004,3613834,6933408,378746,3192016,688213,2682040
1789815164,2653578,215528,3615314,6918800,378823,3192588,688824,2682488
1789815166,2655069,215464,3617193,7386724,378906,3193052,689368,2681224
1789815169,2656557,215520,3618486,6920412,378981,3193588,689979,2655264
1789815171,2658017,215560,3620013,6904032,379060,3194056,690537,2655304
1789815173,2659492,215564,3621642,6904124,379139,3194652,691182,2680772
1789815176,2661020,150008,3623279,6915548,379221,3195140,691722,2682272
1789815178,2662559,150056,3625215,7380204,379304,3195612,692273,2680748
1789815181,2664051,215512,3626686,6925548,379385,3207536,692914,2655268
1789815183,2665572,186956,3627774,6458468,379459,3196756,693463,2655292
1789815186,2667079,215516,3629509,7146180,379547,3197316,694114,2681856
1789815188,2668625,183848,3631983,7427964,379625,3197836,694650,2680924
1789815190,2670231,215564,3633750,8028496,379710,3198452,695297,2682152
1789815193,2671741,215564,3634842,7090292,379790,3198952,695858,2655460
1789815195,2673243,215556,3637304,7382852,379871,3199440,696413,2655508
1789815198,2674760,215528,3639465,7823848,379955,3199996,697046,2681292
1789815200,2676242,150088,3640147,7007288,380031,3200480,697576,2682212
1789815202,2677733,150012,3642711,7855112,380114,3200916,698193,2682128
1789815205,2679253,215520,3644496,7661656,380191,3201492,698740,2655920
1789815207,2680720,150012,3646129,7663156,380268,3202020,699343,2683404
1789815210,2682235,215512,3647832,7494320,380350,3202400,699947,2683112
1789815212,2683833,215480,3649709,6976412,380433,3203100,700484,2683384
1789815214,2685321,150040,3652100,7997528,380512,3203584,701092,2672596
1789815217,2686853,150052,3653456,7048832,380597,3204140,701673,2655972
1789815219,2688396,215472,3655775,7188484,380678,3204680,702300,2655964
1789815222,2689901,215556,3657757,7772652,380756,3205176,702857,2681508
1789815224,2691405,215520,3659687,7639152,380838,3205644,703416,2682764
1789815226,2692921,215504,3661478,7612140,380920,3217396,704022,2665472
1789815229,2694425,210500,3663272,7536532,380999,3206780,704576,2656004
1789815231,2695952,149984,3664440,6883716,381081,3207228,705204,2683584
1789815233,2697438,215528,3667265,7456848,381160,3207724,705766,2683036
1789815236,2698956,215472,3668857,7891128,381241,3208388,706376,2682296
1789815238,2700456,149976,3670159,7498736,381322,3208924,706939,2655928
1789815240,2701966,198136,3671910,6477488,381401,3209292,707477,2656032
1789815243,2703738,215476,3675396,7414700,381495,3210004,708250,2656020
1789815246,2705330,215512,3677847,7910284,381584,3210604,708869,2681316
1789815248,2706850,215564,3679559,7555940,381666,3211088,709497,2684280
1789815251,2708406,215480,3681937,7523852,381751,3211620,710088,2683228
1789815253,2710019,150056,3683970,6541712,381839,3212204,710716,2656092
1789815255,2711544,215512,3687070,7653524,381924,3212772,711314,2656248
1789815258,2713065,150044,3689314,7239660,382006,3213264,711885,2682832
1789815260,2714650,164560,3691764,7763304,382094,3213860,712534,2682932
1789815263,2716237,215520,3694221,7567096,382188,3214504,713152,2678032
1789815265,2717850,215528,3696817,7798396,382274,3214916,713800,2656476
1789815267,2719360,200428,3697962,7641952,382356,3215528,714373,2683380
1789815270,2720844,215560,3700235,7344460,382437,3216096,714996,2683208
1789815272,2722375,150000,3702212,7462284,382518,3216488,715527,2684436
1789815274,2723945,215508,3704171,7444296,382607,3217188,716112,2682960
1789815277,2725496,215528,3706199,7118104,382692,3217780,716742,2656512
1789815279,2727103,215448,3708875,7328400,382781,3218324,717348,2684444
1789815282,2728640,150040,3710480,7671428,382864,3218928,718006,2683608
1789815284,2730220,215560,3712892,7358460,382947,3219456,718555,2683200
1789815286,2731723,215512,3715004,7695852,383028,3220004,719155,2656392
1789815289,2733255,215500,3717473,8335800,383111,3220408,719829,3403772
1789815291,2734782,197028,3718309,7341912,383196,3221084,720415,3430656
1789815293,2736300,215468,3720832,7599544,383278,3221540,720971,3430680
1789815296,2737782,215560,3722561,7899476,383359,3222148,721615,2954324
1789815298,2739325,215528,3723373,6934488,383438,3222724,722151,2925932
1789815301,2740916,215568,3726449,7634948,383527,3223236,722817,2926180
1789815303,2742450,215504,3728012,7422436,383610,3223736,723393,2953208
1789815305,2743962,190168,3730170,7138664,383692,3224336,723969,2952092
1789815308,2745450,215552,3732267,7329600,383775,3224868,724617,2936168
1789815310,2747023,215560,3734572,7432268,383852,3225328,725169,2926164
1789815312,2748519,215484,3735785,7314932,383931,3225912,725783,2954072
1789815315,2750016,215524,3738234,7450424,384007,3226340,726340,2951696
1789815317,2751475,215520,3739102,6936676,384082,3226988,726896,2952076
1789815320,2752959,167164,3740647,6926564,384164,3227568,727544,2926496
1789815322,2754428,150040,3742810,7372888,384240,3228048,728101,2926488
1789815324,2755906,215512,3744353,7688008,384321,3228624,728699,2959448
1789815327,2757402,215524,3745710,6980092,384395,3229152,729253,2959564
1789815329,2758858,215520,3746595,6847048,384475,3229576,729815,2960204
1789815331,2760387,183096,3749207,7766468,384557,3230252,730446,2933792
1789815334,2761919,150088,3750005,6695648,384638,3230776,731028,2933764
1789815336,2763422,150056,3752677,7690740,384719,3231220,731573,2959848
1789815339,2764956,215564,3754686,8020480,384803,3231880,732197,2962956
1789815341,2766423,215448,3756103,7210640,384881,3232320,732766,2960880
1789815343,2767952,215528,3758229,7716396,384963,3232876,733403,2936448
1789815346,2769465,215528,3760024,7638148,385040,3233392,733972,2964020
1789815348,2770957,215480,3761713,7202540,385120,3233932,734530,2963424
1789815350,2772482,150012,3764505,8125260,385200,3234508,735157,2962460
1789815353,2773976,215452,3765607,7379336,385277,3234952,735717,2936448
1789815355,2775473,215468,3767152,7162536,385356,3235568,736290,2936508
1789815357,2776993,150052,3768877,6919488,385438,3236048,736943,2964036
1789815360,2778537,215528,3770929,7283232,385522,3236632,737535,2964832
1789815362,2780071,215524,3772554,7416676,385605,3237144,738084,2963564
1789815365,2781568,201036,3775027,7705960,385685,3237744,738736,2936480
1789815367,2783136,150016,3776573,7412720,385767,3238288,739311,2936336
1789815369,2784656,171968,3778092,7210244,385848,3238836,739963,2963372
1789815372,2786147,176840,3780284,7472096,385927,3239376,740521,2963048
1789815374,2787643,150048,3781761,7778012,386007,3239824,741071,2964088
1789815377,2789152,215560,3782886,6551756,386083,3240380,741682,2936892
1789815379,2790660,215556,3785152,7274468,386165,3241016,742281,2936828
1789815381,2792155,150036,3787573,8133844,386245,3241488,742866,2962788
1789815384,2793666,215476,3788827,7978248,386325,3241956,743490,2964032
1789815386,2795206,149984,3790898,7844340,386411,3242612,744085,2960104
1789815389,2796804,215448,3793013,6919388,386497,3243144,744751,2936876
1789815391,2798420,215552,3795772,7441672,386586,3243700,745371,2936880
1789815394,2800111,215476,3798263,7339848,386673,3244260,745976,2964136
1789815396,2801693,215560,3801221,7947832,386755,3244748,746607,2991300
1789815399,2803270,215468,3802549,7570584,386842,3245352,747195,2990080
1789815401,2804809,215504,3804909,6739552,386923,3245860,747782,2987864
1789815403,2806344,215520,3807821,7379848,387005,3246488,748442,2964472
1789815406,2807882,215480,3809998,7732252,387089,3247012,749029,2989648
1789815408,2809389,215524,3812159,7334520,387169,3247448,749630,2990316
1789815411,2810910,209132,3814474,8084988,387249,3248088,750177,2990720
1789815413,2812418,150012,3815591,7331840,387329,3248592,750764,2964436
1789815415,2813970,174600,3818173,7148340,387409,3249120,751395,2964340
1789815418,2815456,215480,3820566,7547840,387491,3249652,751964,2991060
1789815420,2816978,215516,3822599,7403816,387572,3250172,752525,3011172
1789815422,2818475,215476,3824332,7164128,387654,3250676,753150,3020888
1789815425,2819989,215468,3825490,6826856,387736,3251212,753722,2995136
1789815427,2821494,150092,3828546,7654456,387812,3251708,754277,2995212
1789815429,2823018,215516,3830051,7579832,387894,3252240,754926,3022100
1789815432,2824516,215564,3831414,7065364,387971,3252744,755503,3022488
1789815434,2826062,215484,3834369,7674752,388056,3253400,756140,3020828
1789815437,2827534,150304,3836448,7687972,388138,3254044,757042,3060536
1789815441,2829835,215740,3839469,7656696,388248,3254680,757579,3062044
1789815443,2831379,215820,3841731,7810860,388333,3255132,758253,3061428
1789815446,2832975,215772,3843757,7360596,388419,3255680,758846,3034828
1789815448,2834515,215788,3846266,8073112,388501,3256292,759490,3061308
1789815450,2836071,215728,3848359,7848944,388585,3256796,760075,3061784
1789815453,2837662,168756,3850350,7384768,388668,3257396,760692,3063656
1789815455,2839260,177008,3852403,6465220,388754,3257952,761357,3044992
1789815458,2840891,174328,3856577,8147944,388842,3258464,762119,3034936
1789815461,2842859,215772,3859762,8100848,388949,3259336,762718,3034988
1789815464,2844466,215732,3861569,7996924,389029,3259688,763341,3034964
1789815466,2845994,153440,3863631,7801616,389110,3260196,763912,3062152
1789815468,2847514,215784,3865178,7385508,389194,3260648,764547,3060480
1789815471,2849062,215744,3867937,7105324,389278,3261284,765146,3062588
1789815473,2850547,215744,3870554,8122312,389356,3261672,765723,3034892
1789815475,2852113,199504,3872659,7511712,389440,3262272,766355,3035012
1789815478,2853649,215788,3874719,7795624,389522,3262852,766956,3061900
1789815480,2855205,215744,3876623,6908656,389605,3263404,767527,3061064
1789815483,2856769,150276,3880098,7143784,389693,3263872,768203,3060992
1789815485,2858338,215768,3882574,7644836,389776,3264568,768797,3035028
1789815487,2859869,215824,3884453,8033848,389859,3265064,769389,3034972
1789815490,2861419,215820,3886306,7765052,389942,3265508,770070,3062268
1789815492,2863050,150352,3888381,6728648,390029,3266216,770668,3061140
1789815495,2864606,150276,3891590,7473780,390118,3266644,771355,3063180
1789815497,2866201,215820,3894229,8014416,390207,3267292,771997,3035012
1789815500,2867907,150280,3896767,7724260,390297,3268092,772678,3035000
1789815503,2869198,215768,3897846,7375572,390364,3268600,773288,3035048
1789815505,2870827,215792,3899996,6569740,390451,3268984,773855,3063140
1789815508,2872352,215788,3903304,8475040,390536,3269492,774449,3062552
1789815510,2873897,215828,3904681,7953400,390625,3270060,775152,3062428
1789815512,2875550,215772,3906825,6828944,390719,3270736,775795,3061344
1789815515,2877264,215824,3910681,8245796,390802,3271364,776458,3035016
1789815518,2878845,215792,3911901,7269460,390889,3271884,777126,3035028
1789815520,2880624,215832,3914954,7696824,390990,3272524,777726,3062164
1789815523,2882273,215780,3917288,7686480,391079,3273008,778392,3061804
1789815525,2883821,215732,3919571,7232404,391165,3273668,778986,3060768
1789815527,2885430,150304,3921820,7317200,391248,3274244,779581,3034912
1789815530,2886972,215832,3923809,7537200,391332,3274808,780250,3035032
1789815532,2888525,150348,3926288,7645824,391415,3275312,780823,3060968
1789815535,2890117,215788,3927965,7494300,391505,3275864,781499,3060880
1789815537,2891717,215784,3930185,6966832,391588,3276372,782096,3062104
1789815539,2893225,215820,3933211,7906776,391668,3276944,782683,3035092
1789815542,2894776,215712,3934830,8005804,391750,3277476,783348,3035052
1789815544,2896318,215712,3936271,7055464,391833,3278092,783925,3062200
1789815547,2897849,215772,3939895,7662912,391912,3278552,784517,3062636
1789815549,2899385,215748,3942002,7649236,391992,3278996,785167,3062552
1789815551,2900906,150320,3944068,7133928,392075,3279584,785751,3035192
1789815554,2902385,203060,3946700,7466464,392152,3280060,786340,3035208
1789815556,2903910,215768,3948854,7810468,392242,3280724,787009,3060344
1789815559,2905563,215736,3950959,7843060,392326,3281260,787625,3061880
1789815561,2907164,215740,3953197,7436252,392410,3281760,788318,3063480
1789815564,2908787,215820,3954626,7392252,392495,3282324,788976,3061524
1789815566,2910452,215716,3956650,7493108,392585,3282844,789546,3035188
1789815569,2911992,215740,3958511,6976952,392666,3283548,790198,3061636
1789815571,2913504,215712,3960408,7809256,392749,3284020,790793,3060624
1789815573,2915065,215740,3962022,7210156,392829,3284532,791379,3061684
1789815576,2916591,150356,3963683,6918684,392912,3284992,792029,3052320
1789815578,2918102,199372,3965902,7356396,392994,3285660,792596,3035160
1789815581,2919654,150276,3967073,7019896,393074,3286168,793180,3061684
1789815583,2921163,215732,3969325,7475064,393157,3286700,793825,3062896
1789815585,2922783,215784,3971121,7387660,393241,3287352,794433,3061816
1789815588,2924243,150316,3972841,7255340,393315,3287840,795078,3054500
1789815590,2925809,215740,3974450,6921900,393400,3288376,795666,3035160
1789815593,2927406,215744,3976802,7370508,393484,3288968,796286,3065652
1789815595,2928945,150244,3978051,7369428,393568,3289528,796966,3062748
1789815598,2930511,150316,3980249,6977688,393656,3290132,797598,3061668
1789815600,2932150,150356,3982341,7426156,393740,3290676,798190,3060988
1789815603,2933669,162752,3983768,7268184,393819,3291132,798842,3035172
1789815605,2935179,215736,3985312,6883788,393896,3291792,799424,3035260
1789815607,2936673,150324,3988157,7798656,393974,3292352,800082,3060648
1789815610,2938194,215728,3989576,7400120,394056,3292792,800692,3061544
1789815612,2939712,150304,3991082,7251516,394136,3293464,801299,3057092
1789815614,2941258,150248,3993506,7475108,394219,3294008,801940,3035212
1789815617,2942771,150312,3995131,7330700,394301,3294512,802533,3062408
1789815619,2944255,215828,3996548,6769856,394379,3295072,803096,3061440
1789815622,2945795,215772,3999596,7791912,394462,3295572,803774,3061628
1789815624,2947322,215712,4000759,7560532,394550,3296128,804400,3063528
1789815627,2948988,151932,4002593,7707060,394634,3296816,804980,3035216
1789815629,2950501,215780,4003890,6604800,394715,3297284,805643,3035152
1789815631,2952057,215708,4006979,7590980,394796,3297724,806232,3062572
1789815634,2953567,215780,4009027,8239912,394877,3298396,806889,3061960
1789815636,2955108,215772,4010518,7328208,394962,3298948,807509,3063192
1789815639,2956658,215740,4012499,6487800,395043,3299444,808086,3035088
1789815641,2958162,215740,4015277,7295392,395123,3299992,808743,3061216
1789815643,2959646,150268,4017390,7218964,395202,3300520,809332,3063956
1789815646,2961236,215768,4020186,7651476,395288,3301040,809927,3062868
1789815648,2962749,215732,4022429,7423724,395375,3301516,810601,3035308
1789815651,2964357,215824,4024296,7455580,395455,3302156,811176,3035200
1789815653,2965867,215748,4026023,6983072,395533,3302664,811750,3062252
1789815655,2967391,215884,4029211,7693200,395618,3303228,812414,3063156
1789815658,2969014,215768,4031173,8288988,395707,3303772,813044,3061448
1789815660,2970511,215788,4032069,6699116,395787,3304268,813691,3035168
1789815662,2972028,150280,4035261,7856996,395868,3304844,814308,3035204
1789815665,2973705,177020,4037410,7838880,395958,3305504,814937,3060964
1789815667,2975255,215824,4039650,7353224,396050,3305976,815639,3063356
1789815670,2976931,177068,4042410,7464308,396137,3306540,816280,3061728
1789815673,2978592,215744,4044660,7948832,396227,3307076,816866,3062340
1789815675,2980119,152144,4046491,7462584,396308,3307592,817519,3035312
1789815677,2981674,215736,4048243,6476908,396389,3308116,818113,3035324
1789815680,2983206,201516,4051416,8027788,396474,3308632,818784,3061564
1789815682,2984790,215828,4053665,7531896,396557,3309124,819389,3061476
1789815685,2986342,215824,4055496,6925212,396637,3309756,819977,3063732
1789815687,2987865,183084,4058433,7441136,396722,3310292,820643,3035320
1789815689,2989439,215776,4060798,7574260,396807,3310856,821261,3035340
1789815692,2990992,215736,4062656,6765824,396888,3311248,821875,3061676
1789815694,2992637,215784,4065992,7659288,396980,3311924,822537,3061348
1789815697,2994193,215776,4068558,7663424,397067,3312496,823177,3061184
1789815699,2995765,174880,4070895,7226660,397146,3312956,823753,3035268
1789815701,2997288,150316,4073097,7863524,397231,3313612,824414,3035284
1789815704,2998892,150312,4074927,7428176,397319,3314112,825044,3063788
1789815706,3000469,150268,4078085,7637668,397401,3314692,825706,3062500
1789815709,3001993,215828,4079699,7424296,397483,3315208,826309,3062936
1789815711,3003529,215736,4082029,7215204,397562,3315764,826906,3035204
1789815713,3005052,215816,4084183,7369988,397645,3316260,827576,3035312
1789815716,3006574,215780,4086249,7472948,397728,3316760,828176,3062168
1789815718,3008128,215780,4088349,7860464,397814,3317388,828784,3062092
1789815721,3009603,215740,4089796,7521412,397892,3317832,829450,3063048
1789815723,3011151,150352,4091961,6970128,397971,3318424,830044,3035360
1789815725,3012664,215784,4094108,7894440,398052,3318976,830645,3035184
1789815728,3014154,215820,4096203,7587588,398129,3319328,831310,3062244
1789815730,3015708,199680,4098324,8237028,398213,3320004,831923,3062608
1789815733,3017210,202040,4100374,7735316,398294,3320496,832519,3040816
1789815735,3018762,159824,4102445,7735332,398374,3321048,833175,3035208
1789815737,3020321,150328,4103896,7706692,398460,3321660,833787,3061956
1789815740,3021888,189312,4105119,6540544,398546,3322188,834470,3062012
1789815742,3023445,215712,4108555,8123364,398632,3322820,835103,3062568
1789815744,3025090,199684,4110892,7939000,398731,3323472,835787,3060816
1789815747,3026751,150272,4112528,7735524,398818,3323980,836469,3035280
1789815749,3028295,150300,4114975,7854688,398901,3324492,837078,3063532
1789815752,3029912,150264,4117348,7917924,398992,3325132,837729,3061004
1789815754,3031499,214152,4119542,7162020,399078,3325548,838414,3062040
1789815757,3033075,215744,4122503,7644068,399167,3326252,839014,3035308
1789815759,3034649,150272,4125171,8277208,399255,3326764,839708,3035356
1789815761,3036250,215748,4127341,7888980,399351,3327400,840377,3061328
1789815764,3037883,150320,4129392,7492376,399439,3327952,841003,3063096
1789815766,3039466,213844,4132138,7595560,399523,3328412,841670,3063324
1789815768,3040986,164000,4133921,7942660,399608,3329004,842259,3035376
1789815771,3042532,150276,4136435,7851484,399693,3329588,842877,3035324
1789815773,3044072,213716,4138659,7135852,399774,3330064,843548,3061460
1789815776,3045541,215796,4140497,7177864,399852,3330620,844150,3061364
1789815778,3047193,215260,4143787,7593216,399942,3331172,844857,3060832
1789815780,3048718,172488,4146075,8033876,400022,3331664,845313,3035336
1789815783,3050335,215824,4148437,7363292,400105,3332384,845898,3035372
1789815785,3051945,215820,4150684,7681052,400193,3332916,846602,3060904
1789815788,3053510,215772,4153049,8125660,400276,3333452,847218,3062024
1789815790,3055060,215744,4154937,7192004,400361,3333944,847834,3060568
1789815793,3056571,150356,4157503,7949020,400441,3334492,848493,3035316
1789815795,3058167,215828,4159053,8232104,400529,3335076,849142,3035280
1789815797,3059696,215816,4160406,6967700,400617,3335688,849792,3061740
1789815800,3061349,215828,4164002,8104448,400704,3336116,850497,3060220
1789815802,3062938,215788,4165763,8064580,400788,3336768,851108,3062680
1789815805,3064453,215732,4168202,7721300,400869,3337212,851770,3061696
1789815807,3065933,215796,4168680,6941524,400948,3337848,852371,3035360
1789815809,3067485,215780,4170261,7257356,401029,3338320,852982,3062560
1789815812,3068985,215732,4172374,7377428,401107,3338904,853631,3063896
1789815814,3070484,150360,4173874,7171912,401187,3339396,854210,3061224
1789815817,3071939,215776,4175169,6963056,401260,3339968,854774,3035312
1789815819,3073430,215784,4176733,6931184,401342,3340536,855427,3035336
1789815821,3074985,150320,4178739,7345332,401425,3341000,856037,3061940
1789815824,3076518,215764,4180834,7309832,401505,3341696,856637,3063120
1789815826,3077993,215772,4182138,7201092,401581,3342136,857278,3062752
1789815829,3079485,186484,4183628,7192252,401659,3342708,857879,3035364
1789815831,3081066,150268,4185290,6956568,401742,3343232,858560,3035372
1789815834,3082577,215828,4187020,7622252,401824,3343684,859191,3062640
1789815836,3084130,215772,4188260,6900252,401904,3344364,859792,3060724
1789815838,3085605,150300,4190219,7199896,401981,3344908,860473,3060800
1789815841,3087145,215712,4191584,6963036,402054,3345436,861040,3062576
1789815843,3088626,215820,4192917,6934096,402134,3345980,861630,3035388
1789815846,3090136,215716,4194735,7373812,402216,3346536,862316,3061668
1789815848,3091644,215744,4196565,6964228,402293,3347072,862898,3138604
1789815850,3093132,215732,4197100,6463776,402370,3347500,863566,3139716
1789815853,3094702,215772,4199217,7217684,402453,3348184,864170,3122664
1789815855,3096270,177024,4201532,7472356,402536,3348780,864785,3112648
1789815858,3097787,215788,4202823,7487524,402616,3349308,865454,3139416
1789815860,3099265,215828,4204696,7042844,402695,3349800,866061,3138800
1789815862,3100784,150300,4206168,7034376,402771,3350316,866640,3138640
1789815865,3102226,150264,4207725,7085500,402846,3350908,867285,3112608
1789815867,3103675,197520,4209267,7073084,402922,3351400,867865,3112632
1789815870,3105160,215772,4210524,7182308,403000,3352004,868472,3138356
1789815872,3106675,165892,4212565,7207920,403080,3352416,869131,3138856
1789815874,3108179,150248,4214051,7189144,403162,3353060,869719,3138852
1789815877,3109686,215744,4215579,6959336,403239,3353596,870366,3112756
1789815879,3111128,215708,4216945,6942744,403318,3354088,870978,3112884
1789815882,3112678,173312,4218521,7364192,403397,3354684,871560,3140852
1789815884,3114182,215776,4220077,6795196,403474,3355204,872206,3140316
1789815886,3115643,203380,4222173,6941656,403553,3355788,872793,3135716
1789815889,3117120,171200,4223549,6918008,403626,3356268,873353,3112912
1789815891,3118585,215824,4224924,6701884,403704,3356752,873981,3139808
1789815893,3120049,215780,4227039,7269732,403788,3357268,874623,3141052
1789815896,3121689,215740,4228761,6963684,403868,3357980,875216,3141688
1789815898,3123166,215732,4230137,6945152,403945,3358444,875893,3137576
1789815901,3124669,215828,4231684,6942916,404026,3359040,876481,3113228
1789815903,3126156,213416,4233112,6909976,404102,3359540,877065,3141116
1789815905,3127650,215736,4234535,6706892,404184,3360136,877747,3139616
1789815908,3129243,213844,4236640,6961492,404266,3360712,878381,3140184
1789815910,3130677,150356,4237384,6466640,404339,3361188,879025,3139468
1789815913,3132156,191528,4239413,7309368,404416,3361680,879610,3113220
1789815915,3133655,215732,4241171,6962600,404493,3362252,880203,3140348
1789815917,3135119,215796,4242528,6960120,404568,3362756,880862,3139724
1789815920,3136645,150300,4244444,7638708,404650,3363340,881472,3138808
1789815922,3138133,150316,4245379,6779240,404725,3363900,882059,3113232
1789815924,3139620,215744,4247315,6966380,404804,3364328,882736,3113208
1789815927,3141156,215820,4248695,6943592,404885,3364972,883342,3138356
1789815929,3142692,183076,4250268,6942456,404965,3365516,883928,3139068
1789815932,3144193,215772,4251993,7470824,405044,3366076,884615,3139988
1789815934,3145726,150348,4253884,7264344,405123,3366616,885216,3113372
1789815936,3147195,215792,4255278,6967484,405200,3367088,885799,3113388
1789815939,3148798,215784,4256698,6950152,405283,3367748,886506,3140164
1789815941,3150285,150312,4258264,6932592,405363,3368248,887113,3140760
1789815944,3151819,215784,4260155,7590016,405447,3368808,887761,3140508
1789815946,3153309,215744,4261931,7200056,405524,3369260,888355,3113364
1789815948,3154781,193004,4263152,6966564,405602,3369892,888927,3113464
1789815951,3156269,215716,4264739,6937768,405677,3370468,889586,3138928
1789815953,3157761,181072,4266474,6916912,405758,3373788,890178,3141212
1789815956,3159251,150264,4268274,7331916,405837,3371456,890798,3140380
1789815958,3160848,215744,4270213,6958232,405921,3372036,891473,3113460
1789815960,3162351,215792,4271616,6949124,405997,3372628,892069,3113472
1789815963,3163839,150312,4273082,6923884,406076,3373172,892632,3141848
1789815965,3165336,215824,4274478,6706440,406154,3373612,893176,3139840
1789815968,3166936,215740,4276717,7522568,406242,3374172,893797,3138852
1789815970,3168498,215768,4278244,6947940,406326,3374776,894448,3113456
1789815973,3170096,215748,4279733,6952092,406404,3375236,895079,3113480
1789815975,3171553,215816,4280849,6496392,406477,3375780,895664,3139700
1789815977,3172954,215776,4282286,6733316,406557,3376520,896186,3140080
1789815980,3174579,188628,4284405,7397940,406640,3376956,896807,3140620
1789815982,3176172,199104,4285799,6980160,406724,3377456,897399,3113508
1789815985,3177748,189236,4287936,7348408,406814,3378164,898217,3113688
1789815988,3179383,150272,4290213,7370152,406903,3378940,898866,3113616
1789815990,3181065,162144,4291721,7053612,406984,3379360,899336,3139752
1789815993,3182702,212876,4293656,7709784,407077,3379932,900056,3140312
1789815995,3184308,215820,4295026,7033332,407157,3380484,900571,3140476
1789815998,3185791,215784,4296533,7021308,407239,3381040,901144,3136060
1789816000,3187374,150348,4297942,6813384,407321,3381600,901765,3113612
1789816002,3188906,215828,4299952,7068640,407402,3382236,902371,3140588
1789816005,3190374,150312,4301586,7685860,407477,3382744,903037,3140840
1789816007,3191894,215820,4302735,6927132,407558,3383304,903637,3140068
1789816010,3193324,150320,4304643,7080108,407632,3383784,904215,3113688
1789816012,3194767,215832,4305995,7064620,407705,3384300,904721,3113600
1789816014,3196263,215788,4307170,6912092,407788,3384864,905287,3140396
1789816017,3197762,215816,4308973,7318688,407872,3385296,905902,3139148
1789816019,3199372,215820,4311075,7118192,407949,3385964,906415,3138940
1789816022,3200841,150324,4312669,6936532,408027,3386448,907016,3113728
1789816024,3202401,215740,4314336,6931544,408111,3387036,907627,3113716
1789816026,3203916,215820,4315815,6869224,408193,3387588,908307,3140436
1789816029,3205441,216052,4318058,7580224,408272,3388052,908762,3140336
1789816031,3206998,150584,4319547,6956764,408354,3388812,909397,3141360
1789816034,3208511,150624,4321042,6947276,408433,3389220,909951,3113692
1789816036,3210013,216008,4322528,6933736,408514,3389668,910484,3113668
1789816038,3211313,150576,4324130,6925492,408587,3390376,911119,3139976
1789816041,3212963,216036,4325597,7124484,408668,3390852,911565,3140344
1789816043,3214471,216004,4327733,7202816,408744,3391292,912158,3139556
1789816046,3215954,216088,4329099,6952820,408821,3391924,912869,3113732
1789816048,3217524,216008,4330660,6933968,408905,3392404,913273,3113696
1789816051,3219010,150536,4332120,6909016,408983,3393016,913867,3139804
1789816053,3220424,150588,4333608,6991840,409053,3393628,914461,3141192
1789816056,3222049,216004,4335754,6962008,409142,3394160,914980,3140256
1789816058,3223511,216056,4337033,6953108,409220,3394604,915576,3140220
1789816060,3224962,216040,4338382,6928928,409294,3395064,916085,3113688
1789816063,3226586,216040,4340013,6888556,409381,3395732,916684,3139724
1789816065,3228066,215972,4342029,7191596,409457,3396136,917279,3140712
1789816067,3229578,150568,4343619,7336564,409537,3396748,917842,3140248
1789816070,3231060,216008,4344685,6917988,409612,3397208,918359,3140880
1789816072,3232557,216092,4346156,6809848,409694,3397876,918971,3113600
1789816075,3234075,150612,4348123,6960780,409775,3398428,919606,3139624
1789816077,3235547,216088,4349465,6930340,409851,3398820,920050,3140124
1789816079,3237058,216008,4351165,7370844,409932,3399468,920702,3139732
1789816082,3238552,150540,4352798,7054472,410009,3400012,921302,3113688
1789816084,3240044,216052,4354613,7192504,410090,3400592,921730,3113612
1789816087,3241585,150580,4356265,6937452,410172,3401184,922393,3142448
1789816089,3243053,216052,4357788,6906640,410245,3401528,922986,3139488
1789816091,3244560,150616,4360444,7972712,410326,3402120,923605,3141784
1789816094,3246069,215992,4361535,7007604,410402,3402740,924140,3113772
1789816096,3247523,150544,4362892,6982220,410477,3403248,924663,3113716
1789816098,3249039,216032,4364481,6982684,410557,3403644,925254,3141348
1789816101,3250518,187392,4366108,6987276,410633,3404328,925857,3140568
1789816103,3251965,216028,4367526,7338404,410710,3404828,926328,3139800
1789816106,3253532,150572,4369561,7070804,410794,3405388,926921,3113768
1789816108,3255016,216092,4370490,6929980,410872,3405892,927425,3138964
1789816110,3256493,216096,4372942,7431576,410950,3406460,927984,3141156
1789816113,3257947,150616,4373543,6693900,411024,3406956,928532,3140804
1789816115,3259397,216092,4375489,7449016,411093,3407456,929012,3113732
1789816117,3260877,215976,4376635,6871968,411170,3407920,929569,3113764
1789816120,3262318,216056,4378523,6956284,411247,3408540,930023,3140736
1789816122,3263797,215996,4379851,6944540,411324,3409056,930629,3141624
1789816124,3265309,150532,4381495,6934796,411404,3409620,931212,3139736
1789816127,3266762,216084,4382824,6999604,411478,3410136,931621,3113648
1789816129,3268304,152084,4384434,6842804,411560,3410668,932302,3113716
1789816132,3269802,216084,4386360,6958620,411639,3411160,932771,3140916
1789816134,3271252,215996,4387639,6943580,411714,3411768,933373,3140452
1789816136,3272750,150568,4389159,6927036,411790,3412244,933956,3138756
1789816139,3274256,216008,4390623,6885372,411871,3412828,934387,3113768
1789816141,3275784,216052,4392632,7104728,411950,3413400,935060,4053696
1789816144,3277244,216088,4393994,6941604,412027,3413848,935623,3682812
1789816146,3278747,150536,4395332,6923956,412101,3414468,936140,3684072
1789816148,3280204,174592,4397303,7196612,412174,3414952,936715,3682280
1789816151,3281702,170600,4398569,6976764,412250,3415544,937122,3952768
1789816153,3283215,216092,4400250,7285964,412332,3415968,937844,3655920
1789816156,3284858,216000,4401900,6745224,412420,3416608,938324,3682112
1789816158,3286355,150612,4403991,6960668,412500,3417228,938885,3688888
1789816160,3287845,216092,4405421,6938772,412580,3417756,939538,3664304
1789816163,3289332,150540,4406856,6929864,412657,3418256,940133,3664164
1789816165,3290931,150540,4408497,7136676,412741,3418848,940683,3664540
1789816168,3292427,216008,4410258,6959716,412817,3419384,941262,3690148
1789816170,3293867,204956,4410950,6461208,412896,3419956,941863,3687928
1789816173,3295379,216080,4412653,6939144,412972,3420472,942270,3689216
1789816175,3296893,216004,4414656,7266260,413055,3421072,942955,3663624
1789816177,3298405,216048,4416786,7430708,413137,3421484,943472,3663500
1789816180,3299926,216044,4417908,6940628,413214,3422096,943991,3688912
1789816182,3301402,150616,4419304,6931552,413294,3422520,944648,3690852
1789816185,3302882,216044,4420746,6855744,413369,3423196,945093,3691760
1789816187,3304385,216052,4422709,7193640,413449,3423656,945679,3663640
1789816189,3305869,150572,4424433,7637260,413527,3424164,946188,3692384
1789816192,3307366,150620,4425679,6934776,413609,3424816,946786,3683156
1789816194,3308853,216084,4427263,6929352,413689,3425352,947417,3682472
1789816197,3310398,216044,4429445,6801344,413766,3425900,947837,3672472
1789816199,3311883,215976,4430611,6961056,413842,3426336,948509,3655480
1789816201,3313391,216084,4432258,7600548,413923,3427024,949020,3682192
1789816204,3314872,216008,4433377,6859940,414003,3427516,949539,3681904
1789816206,3316351,216000,4435379,7182960,414080,3428124,950220,3680992
1789816208,3317840,216060,4436781,6952812,414157,3428644,950672,3680876
1789816211,3319385,203900,4438245,6966012,414237,3429200,951248,3655516
1789816213,3320893,150540,4440126,7411188,414320,3429672,951834,3682724
1789816216,3322408,216000,4441354,6789736,414396,3430260,952356,3682392
1789816218,3323919,150544,4443547,7308852,414478,3430824,952971,3682500
1789816221,3325545,150620,4445480,7055980,414566,3431468,953657,3680788
1789816223,3327089,216056,4447081,6931776,414648,3431892,954120,3655532
1789816226,3328668,216000,4448798,7389412,414736,3432456,954743,3655548
1789816228,3330185,216012,4450121,6717100,414820,3433136,955263,3682820
1789816230,3331681,216008,4452062,6965548,414899,3433728,955838,3682284
1789816233,3333149,150584,4453383,6946260,414978,3434236,956408,3676816
1789816235,3334642,216056,4454495,6464900,415059,3434816,956857,3655504
1789816237,3336117,194884,4456093,7502284,415138,3435396,957527,3681244
1789816240,3337661,216056,4458043,6969640,415225,3435996,957995,3683512
1789816242,3339141,216004,4459391,6936616,415302,3436532,958553,3681804
1789816244,3340642,216052,4461519,7380176,415383,3436956,959209,3655564
1789816247,3342111,215976,4463328,7219836,415461,3437492,959666,3655552
1789816249,3343649,216036,4464660,7042940,415541,3438048,960259,3681308
1789816252,3345164,215980,4466391,7348484,415620,3438692,960817,3682560
1789816254,3346654,215996,4467513,6908840,415698,3439132,961352,3682124
1789816256,3348097,216048,4469407,6971176,415773,3439728,961740,3655524
1789816259,3349590,150564,4470756,6953012,415853,3440228,962408,3655504
1789816261,3351073,216004,4472058,6918432,415933,3440748,963012,3684420
1789816264,3352565,150624,4473750,7391520,416012,3441200,963608,3682168
1789816266,3354029,215980,4475367,6950760,416090,3441820,964055,3663628
1789816268,3355519,216056,4476776,6936420,416169,3442336,964686,3655444
1789816271,3357061,216044,4478341,6918980,416251,3442816,965281,3681048
1789816273,3358565,150540,4480523,7247264,416331,3443416,965761,3682824
1789816276,3360118,158772,4482408,7932756,416412,3444040,966416,3682060
1789816278,3361595,150616,4483683,7048244,416492,3444468,966886,3682204
1789816280,3363084,215972,4485180,7027684,416569,3445092,967455,3655400
1789816283,3364592,216092,4486528,6980964,416644,3445560,968098,3681620
1789816285,3366064,215980,4488587,7312732,416722,3446168,968543,3683156
1789816287,3367601,216056,4490440,7648776,416800,3446600,969159,3681564
1789816290,3369107,216048,4492029,7038272,416879,3447172,969691,3667240
1789816292,3370627,195400,4493710,7035884,416958,3447680,970262,3655592
1789816295,3372114,216036,4495855,7367424,417038,3448264,970681,3682268
1789816297,3373603,216004,4497180,7105396,417118,3448828,971309,3680916
1789816299,3375180,215980,4498923,7598192,417200,3449356,971883,3682500
1789816302,3376689,150612,4500599,7094944,417277,3449808,972410,3682300
1789816304,3378149,216056,4501630,6842336,417352,3450432,973017,3655532
1789816307,3379617,216084,4503574,7110548,417427,3450936,973475,3680884
1789816309,3381083,150588,4504996,7084964,417507,3451508,974015,3683148
1789816311,3382642,150536,4506582,7391004,417585,3451968,974509,3682332
1789816314,3384139,216088,4508713,7373792,417665,3452520,975176,3655556
1789816316,3385605,191800,4510014,7119308,417743,3453056,975587,3655524
1789816319,3387117,216036,4511345,7097600,417822,3453568,976168,3682708
1789816321,3388678,216056,4512499,6813764,417905,3454140,976704,3681444
1789816324,3390150,216056,4514473,7300344,417982,3454600,977183,3682304
1789816326,3391637,208436,4515921,6946692,418059,3455264,977719,3655620
1789816328,3393132,210276,4517376,6938784,418141,3455676,978150,3655648
1789816331,3394598,155580,4518755,6864844,418221,3456328,978813,3682520
1789816333,3396051,150572,4520676,7006956,418296,3456796,979345,3682612
1789816335,3397514,179124,4522020,6988604,418373,3457392,979819,3681664
1789816338,3398980,216084,4523708,7406196,418448,3458048,980487,3655516
1789816340,3400420,216052,4524857,6753396,418530,3458396,980951,3655596
1789816343,3401987,216032,4526893,7046680,418608,3458984,981495,3683188
1789816345,3403437,216092,4528168,6945976,418686,3459496,982132,3683176
1789816347,3404856,216004,4529410,6837156,418761,3459996,982605,3681844
1789816350,3406381,216032,4531638,7624168,418840,3460632,983196,3655628
1789816352,3407869,150564,4532886,6934660,418914,3461124,983685,3655596
1789816354,3409368,216088,4534541,6914260,418993,3461608,984274,3680996
1789816357,3410861,201780,4536853,7188756,419072,3462176,984695,3681156
1789816359,3412341,216048,4538179,6966080,419151,3462564,985297,3676700
1789816362,3413814,150588,4539153,7072648,419225,3463224,985840,3655840
1789816364,3415293,150580,4540519,6836572,419301,3463600,986360,3683480
1789816366,3416772,216056,4542654,7247532,419382,3464244,986767,3682556
1789816369,3418287,216040,4544713,7432228,419465,3464776,987444,3683456
1789816371,3419774,216032,4545578,6897576,419543,3465364,987972,3655948
1789816373,3421229,190212,4547677,7632236,419622,3465748,988456,3656036
1789816376,3422708,216036,4548977,6946372,419698,3466420,989111,3682772
1789816378,3424174,216084,4550317,6939900,419769,3466880,989519,3682596
1789816381,3425647,150532,4551660,6709184,419846,3467420,990113,3682932
1789816383,3427162,216056,4553578,6974164,419923,3467988,990644,3655896
1789816385,3428666,216012,4554992,7051464,420001,3468460,991209,3656024
1789816388,3430197,216024,4556360,6841780,420083,3469056,991816,3683148
1789816390,3431669,154256,4558288,6964856,420160,3469568,992248,3681520
1789816392,3433103,216008,4559760,6980824,420240,3470028,992909,3683396
1789816395,3434676,216048,4561026,6928804,420318,3470560,993459,3655880
1789816397,3436132,150620,4563032,7258424,420394,3471076,993928,3656056
1789816400,3437664,150564,4564671,7428708,420473,3471592,994601,3683124
1789816402,3439131,150584,4565687,6935608,420547,3472240,995038,3682732
1789816404,3440610,150528,4566869,6469156,420634,3472816,995658,3682620
1789816407,3442141,216000,4568847,6963220,420705,3473332,996183,3655920
1789816409,3443637,216032,4570172,6933788,420783,3473788,996731,3656036
1789816412,3445140,216088,4572728,7538912,420865,3474440,997206,3682800
1789816414,3446642,216000,4573637,6972444,420942,3474996,997762,3682516
1789816417,3448210,216004,4574859,6943360,421023,3475512,998418,3682256
1789816419,3449675,150588,4576248,6828316,421098,3476056,998833,3656032
1789816421,3451134,150536,4578331,6963576,421175,3476508,999323,3655980
1789816424,3452602,216048,4579600,7142168,421253,3477128,999906,3682556
1789816426,3454067,216032,4580887,6887908,421328,3477604,1000478,3682384
1789816428,3455542,216052,4583148,7542872,421406,3478148,1000907,3665548
1789816431,3457040,150564,4585305,7459096,421484,3478556,1001523,3655984
1789816433,3458553,216056,4586118,6943464,421566,3479224,1001983,3681900
1789816436,3460023,150588,4587716,7309620,421642,3479684,1002572,3682152
1789816438,3461493,216088,4589487,7029264,421718,3480164,1003017,3684280
1789816440,3462935,170912,4590842,6949964,421799,3480628,1003655,3682108
1789816443,3464481,216060,4592239,6925480,421875,3481232,1004070,3656012
1789816445,3465959,177152,4594169,6976740,421954,3481832,1004674,3684096
1789816448,3467468,150620,4595457,7324144,422034,3482328,1005242,3682960
1789816450,3469006,215976,4596943,6893540,422118,3482864,1005798,3682324
1789816452,3470493,216088,4599190,7322796,422200,3483412,1006231,3656208
1789816455,3472031,216004,4600428,6976048,422277,3483912,1006867,3656124
1789816457,3473528,171096,4601795,6956092,422353,3484376,1007314,3683988
1789816460,3474989,216008,4603139,7487012,422430,3484968,1007909,3681576
1789816462,3476483,216092,4605048,6976680,422511,3485576,1008388,3682932
1789816464,3478033,216000,4606566,6956484,422603,3486192,1009088,3656192
1789816467,3479641,216076,4607916,6923564,422684,3486816,1009502,3656128
1789816469,3481090,215976,4609822,7120684,422762,3487284,1010096,3683884
1789816471,3482551,216040,4611085,6960884,422834,3487744,1010653,3683472
1789816474,3484073,216088,4612799,7317340,422920,3488404,1011226,3683156
1789816476,3485686,216040,4613868,6717820,423002,3488904,1011852,3656156
1789816479,3487161,150560,4615791,6958528,423079,3489408,1012325,3656200
1789816481,3488727,216000,4617417,6954852,423169,3490048,1012883,3683512
1789816484,3490211,150512,4618661,6853836,423249,3490568,1013382,3682496
1789816486,3491738,216092,4621158,7556220,423331,3491128,1013916,3681480
1789816488,3493211,216004,4622584,6967900,423402,3491628,1014465,3656200
1789816491,3494685,216008,4623809,6880652,423480,3492128,1015044,3656224
1789816493,3496139,216044,4625788,6979524,423556,3492580,1015536,3683336
1789816495,3497623,150564,4627176,6965272,423631,3493192,1016032,3682308
1789816498,3499087,216012,4628734,7581788,423708,3493748,1016548,3665648
1789816500,3500596,150544,4630624,7202832,423798,3494324,1017021,3656200
1789816503,3502175,216056,4631867,6954960,423875,3494852,1017646,3656192
1789816505,3503657,190736,4633237,6940392,423953,3495412,1018096,3683976
1789816507,3505133,150620,4634600,6728412,424035,3495956,1018601,3682924
1789816510,3506621,216012,4636728,7596232,424114,3496484,1019191,3661240
1789816512,3508146,216032,4638147,6965776,424202,3496968,1019849,3656212
1789816515,3509720,216036,4639454,6913640,424279,3497616,1020300,3656100
1789816517,3511229,183308,4641411,7023376,424360,3498136,1020891,3684764
1789816519,3512690,191484,4642709,7020444,424437,3498620,1021365,3681468
1789816522,3514147,215996,4644329,7478252,424513,3499128,1021812,3665112
1789816524,3515708,216080,4645666,6756076,424596,3499680,1022467,3656220
1789816527,3517188,150620,4647565,6982724,424672,3500216,1022861,3681100
1789816529,3518666,216084,4648947,6952972,424753,3500728,1023404,3682684
1789816531,3520181,216052,4650305,6848652,424829,3501316,1023881,3682680
1789816534,3521653,216008,4652342,7838032,424914,3501816,1024557,3681988
1789816536,3523329,150564,4653977,6973712,424995,3502420,1025038,3656360
1789816539,3524780,216092,4655257,6942200,425071,3502932,1025602,3683692
1789816541,3526256,150540,4657183,6982824,425146,3503364,1026125,3682372
1789816544,3527751,216056,4658402,6956020,425226,3503912,1026621,3683648
1789816546,3529229,215996,4659752,6939840,425304,3504456,1027150,3684096
1789816548,3530761,216032,4662424,7810392,425387,3505016,1027645,3656384
1789816551,3532278,216028,4663478,6979588,425466,3505524,1028226,3682560
1789816553,3533792,153732,4665140,7368800,425547,3506008,1028674,3682240
1789816555,3535309,150620,4667269,7219804,425627,3506640,1029291,3681880
1789816558,3536831,215996,4668855,6973580,425708,3507100,1029862,3656364
1789816560,3538350,216012,4670794,7635764,425794,3507620,1030448,3656372
1789816563,3539890,216012,4672573,6711176,425869,3508184,1030854,3683272
1789816565,3541372,150612,4673759,7180732,425949,3508716,1031466,3683700
1789816567,3542855,150536,4675296,6959476,426024,3509260,1031940,3683192
1789816570,3544338,216048,4676698,6943960,426099,3509760,1032392,3656256
1789816572,3545840,195932,4679115,7937644,426180,3510264,1033059,3656412
1789816575,3547454,215976,4680338,7041568,426264,3510812,1033491,3686056
1789816577,3548961,210496,4681642,7013408,426343,3511356,1034041,3720848
1789816579,3550452,150616,4683874,7422908,426422,3511848,1034613,3721040
1789816582,3551976,216004,4685178,7078764,426500,3512368,1035057,3693892
1789816584,3553465,216004,4686784,7651708,426580,3512924,1035622,3693880
1789816587,3554948,215996,4687921,6937960,426658,3513472,1036115,3720984
1789816589,3556448,177356,4689895,7106032,426733,3514012,1036648,3720380
1789816591,3557942,215996,4691316,7082748,426809,3514472,1037146,3720368
1789816594,3559416,150568,4692573,7004876,426886,3514960,1037612,3693848
1789816596,3560920,216048,4694624,7547468,426966,3515636,1038247,3693764
1789816599,3562434,215996,4695860,7062260,427044,3516124,1038852,3720452
1789816601,3563902,216084,4697786,7126620,427121,3516672,1039288,3719676
1789816603,3565382,216004,4698932,7094676,427199,3517184,1039857,3721624
1789816606,3566930,216056,4700103,6851248,427277,3517772,1040410,3693852
1789816608,3568427,216080,4702081,7325940,427351,3518240,1040826,3693820
1789816611,3569979,150624,4703539,7061976,427434,3518724,1041487,3720252
1789816613,3571451,216080,4705523,7295356,427511,3519384,1041941,3720564
1789816615,3572955,150584,4706872,7112244,427592,3519772,1042437,3719816
1789816618,3574435,150588,4708100,7060872,427665,3520384,1042962,3694056
1789816620,3575941,216052,4710347,7354172,427744,3520944,1043462,3694180
1789816623,3577536,216004,4712190,7382180,427829,3521508,1044065,3722448
1789816625,3579069,216056,4713750,7096616,427910,3522040,1044521,3720024
1789816627,3580541,177376,4715195,6856100,427988,3522564,1045097,3720492
1789816630,3582079,216000,4717188,7116712,428063,3523056,1045624,3694196
1789816632,3583561,150580,4718099,6951528,428141,3523588,1046059,3694080
1789816635,3585087,216012,4720714,7989308,428222,3524200,1046709,3721428
1789816637,3586545,216060,4721570,6970836,428295,3524656,1047151,3721096
1789816639,3588023,150568,4722618,6927868,428372,3525040,1047658,3721660
1789816642,3589611,216008,4724698,7146660,428457,3525708,1048235,3694164
1789816644,3591137,216004,4726035,6948012,428535,3526144,1048725,3694072
1789816647,3592647,150616,4727748,7405296,428613,3526780,1049300,3721948
1789816649,3594102,216036,4728707,6463560,428690,3527144,1049753,3722504
1789816651,3595570,150504,4730646,6945764,428771,3527700,1050321,3694284
1789816654,3597102,216032,4732122,6934900,428846,3528212,1050835,3694148
1789816656,3598565,216088,4733292,6701840,428921,3528752,1051256,3721904
1789816659,3600059,150572,4735398,7503812,429000,3529360,1051912,3719916
1789816661,3601586,150576,4736905,6942608,429083,3529920,1052370,3719488
1789816663,3603062,216092,4738251,6907812,429160,3530484,1052867,3721244
1789816666,3604518,214464,4740146,6978736,429245,3530992,1053484,3694228
1789816668,3606148,203568,4741605,6942396,429328,3531604,1054127,3694120
1789816671,3607652,150620,4743139,7432448,429405,3532092,1054557,3720392
1789816673,3609131,215980,4745009,7205664,429483,3532596,1055095,3720580
1789816676,3610608,211808,4746243,6959312,429558,3533176,1055655,3698608
1789816678,3612107,216012,4747484,6907708,429642,3533704,1056113,3694236
1789816680,3613692,150572,4749541,6967252,429720,3534236,1056685,3694228
1789816683,3615190,216004,4750871,7369964,429801,3534748,1057193,3722844
1789816685,3616755,216000,4752398,6916332,429882,3535292,1057732,3720068
1789816688,3618228,216004,4753675,6616520,429960,3535740,1058246,3700696
1789816690,3619761,216052,4755926,6946072,430043,3536440,1058781,3694204
1789816693,3621382,150584,4757595,6998796,430127,3536820,1059385,3694236
1789816695,3622860,150576,4759825,7611244,430206,3537488,1059822,3721252
1789816697,3624402,191708,4761156,7097552,430285,3538020,1060393,3723152
1789816700,3625866,216088,4762282,7021420,430361,3549008,1060913,3716552
1789816702,3627401,216032,4764275,6975772,430445,3539076,1061372,3694160
1789816705,3628993,216004,4765670,6948912,430531,3539676,1062000,3694296
1789816707,3630506,216052,4767292,6943836,430615,3540216,1062515,3720348
1789816709,3632032,216056,4769044,7343096,430704,3540836,1063080,3722276
1789816712,3633540,216084,4770853,6607264,430782,3541372,1063602,3719004
1789816714,3635090,216012,4772168,6951320,430866,3541944,1064170,3694212
1789816717,3636648,150508,4773475,6896192,430950,3542468,1064748,3720800
1789816719,3638139,216092,4775429,7120720,431031,3543000,1065195,3721132
1789816721,3639705,216088,4777221,7637668,431118,3543496,1065817,3721432
1789816724,3641209,216032,4778315,6927000,431201,3544144,1066336,3721480
1789816726,3642696,150580,4779524,6613512,431280,3544648,1066789,3694620
1789816728,3644199,216044,4781480,6947696,431352,3545148,1067417,3723168
1789816731,3645678,150624,4782754,6912964,431434,3545708,1067858,3720772
1789816733,3647237,216084,4784999,7629172,431516,3546164,1068382,3721648
1789816736,3648700,216044,4786064,6943900,431594,3546644,1068873,3694504
1789816738,3650184,216088,4787422,6887856,431670,3547212,1069392,3694660
1789816740,3651685,180936,4789362,6970584,431748,3547856,1069954,3720940
1789816743,3653149,216012,4790617,6949928,431825,3548304,1070373,3719420
1789816745,3654700,150528,4793078,7702496,431915,3548924,1071021,3722208
1789816748,3656266,177464,4794302,7207872,431996,3549356,1071537,3694616
1789816750,3657787,216004,4795712,6965984,432075,3549992,1071996,3694652
1789816752,3659279,216052,4797074,6937360,432156,3550556,1072649,3722128
1789816755,3660795,216048,4798789,6922772,432238,3551104,1073103,3720204
1789816757,3662268,150616,4800990,6917444,432319,3551612,1073658,3721988
1789816759,3663818,215996,4802475,6940592,432395,3552128,1074208,3694520
1789816762,3665322,150536,4803890,6911652,432475,3552544,1074700,3694592
1789816764,3666824,216056,4805819,6974816,432553,3553196,1075267,3721372
1789816767,3668311,216008,4806972,6942444,432632,3553788,1075705,3723428
1789816769,3669811,150536,4808317,6731456,432715,3554252,1076340,3702736
1789816771,3671326,150528,4810697,7385316,432801,3554780,1076871,3694608
1789816774,3672933,215260,4811841,6949648,432879,3555384,1077332,3694644
1789816776,3674440,202268,4813279,6887892,432963,3555932,1077991,3722112
1789816779,3675907,216076,4815179,6980136,433036,3556516,1078391,3720656
1789816781,3677387,216004,4816327,6939404,433115,3556944,1078944,3722172
1789816783,3678952,216004,4818753,7680616,433199,3557464,1079527,3694660
1789816786,3680445,216044,4819624,6952832,433276,3558140,1079972,3694680
1789816788,3681942,195976,4820981,6898188,433354,3558632,1080546,3722244
1789816791,3683453,216084,4822930,6982756,433435,3559172,1081038,3721416
1789816793,3684930,180624,4824145,6951588,433516,3559720,1081617,3704196
1789816795,3686481,215992,4825922,7281592,433601,3560312,1082138,3694636
1789816798,3688023,216052,4827690,6973480,433682,3560772,1082601,3694628
1789816800,3689523,216048,4829129,6951424,433759,3561200,1083240,3721172
1789816803,3690998,186700,4830415,6901072,433835,3561824,1083652,3720388
1789816805,3692509,216000,4832628,7225156,433916,3562416,1084220,3717584
1789816807,3694050,150508,4834229,7501996,434002,3563008,1084812,3694664
1789816810,3695624,216000,4835806,6954060,434080,3563480,1085281,3720500
1789816812,3697125,216032,4837125,6948780,434163,3564040,1085872,3721524
1789816815,3698604,156652,4839063,7040300,434239,3564556,1086358,3720696
1789816817,3700076,216004,4840297,6953080,434316,3565080,1086899,3721164
1789816819,3701587,210992,4842087,7574436,434402,3565688,1087445,3694640
1789816822,3703239,216040,4843360,6476572,434486,3566208,1087963,3694600
1789816825,3704797,216012,4845539,6946732,434567,3566740,1088553,3721760
1789816827,3706288,216088,4847091,6903564,434647,3567160,1088991,3721896
1789816829,3707818,216084,4849130,6984196,434725,3567832,1089521,3721312
1789816832,3709287,150620,4850384,7035504,434802,3568308,1090107,3694648
1789816834,3710820,150624,4852124,7304372,434881,3568888,1090536,3748628
1789816837,3712303,216044,4853809,6995428,434960,3569456,1091091,3776764
1789816839,3713744,192016,4854985,6953384,435036,3569968,1091576,3775164
1789816841,3715224,150544,4857116,7291640,435114,3570520,1092121,3753212
1789816844,3716710,216004,4858226,6977668,435192,3571056,1092612,3748724
1789816846,3718231,150584,4859983,7653168,435274,3571540,1093143,3775808
1789816848,3719706,215976,4860798,6717940,435354,3572088,1093723,3775068
1789816851,3721195,158536,4862764,6970524,435433,3572500,1094155,3774828
1789816853,3722673,193024,4864040,6926756,435511,3572996,1094738,3748744
1789816855,3724163,150564,4866012,6984272,435593,3573676,1095245,3748672
1789816858,3725676,150624,4867279,7564272,435668,3574096,1095695,3777480
1789816860,3727164,216056,4869051,6988616,435746,3574748,1096264,3775976
1789816863,3728595,150612,4869543,6478412,435817,3575276,1096735,3775920
1789816865,3730056,216056,4871276,6959428,435893,3575772,1097282,3748764
1789816867,3731554,216060,4872558,6713156,435978,3576348,1097795,3748664
1789816870,3733127,216088,4874620,7413912,436059,3576896,1098367,3776700
1789816872,3734661,216000,4876212,6996592,436141,3577404,1098944,3775268
1789816875,3736141,156900,4877537,6775936,436219,3577948,1099387,3775680
1789816877,3737738,150528,4879605,7049624,436307,3578468,1100004,3749016
1789816879,3739218,176452,4881139,7017244,436390,3579096,1100531,3748944
1789816882,3740856,216032,4882616,7274148,436472,3579672,1101008,3775448
1789816884,3742399,216012,4884636,7077380,436554,3580244,1101614,3774968
1789816887,3743905,150592,4885985,7111060,436634,3580744,1102122,3776932
1789816889,3745425,216036,4888366,7468052,436714,3581172,1102663,3749656
1789816892,3746962,216080,4889684,6979188,436794,3581704,1103184,3749536
1789816894,3748456,216044,4891200,6935732,436875,3582228,1103717,3775596
1789816896,3749946,216008,4893557,7637772,436953,3582836,1104299,3777456
1789816899,3751423,192232,4894590,6981860,437032,3583384,1104736,3777056
1789816901,3752905,216084,4895970,6961072,437105,3583908,1105341,3749756
1789816903,3754394,150588,4897293,6889404,437185,3584416,1105849,3749832
1789816906,3755868,169316,4899209,6984972,437264,3584932,1106319,3775900
1789816908,3757389,216076,4900830,7638044,437345,3585504,1106904,3777216
1789816911,3758875,216092,4902714,7278056,437427,3586044,1107443,3776600
1789816913,3760403,163548,4903922,6989312,437502,3586504,1107972,3749712
1789816915,3761885,216004,4905327,6963016,437584,3587048,1108486,3749784
1789816918,3763455,216036,4906841,6928696,437663,3587464,1109006,3776832
1789816920,3764953,216044,4909096,7664820,437742,3588088,1109592,3776532
1789816923,3766435,181988,4909490,6479196,437818,3588584,1110035,3777176
1789816925,3767946,215996,4911307,6953948,437894,3589100,1110636,3749956
1789816928,3769440,215976,4913458,7173000,437971,3589664,1111147,3749912
1789816930,3770943,215992,4914810,7208780,438052,3590168,1111624,3775620
1789816932,3772456,215980,4917115,7854336,438132,3590688,1112201,3776084
1789816935,3773957,215992,4918694,7004828,438214,3591136,1112733,3750064
1789816937,3775514,177284,4919826,6977112,438294,3591780,1113294,3750044
1789816939,3777037,150584,4921386,6961712,438375,3592328,1113801,3749988
1789816942,3778531,216044,4922682,6516524,438452,3592788,1114352,3776292
1789816944,3780106,216048,4924769,7374384,438540,3593348,1114986,3776612
1789816947,3781737,216088,4926257,6942728,438634,3594028,1115480,3776760
1789816949,3783313,216008,4928293,7048868,438713,3594556,1116107,3750412
1789816952,3784811,216008,4929622,7019960,438793,3595124,1116622,3750260
1789816954,3786340,186432,4931240,7023620,438874,3595720,1117109,3777976
1789816956,3787899,216044,4932799,7343124,438956,3596236,1117709,3776996
1789816959,3789412,216092,4935035,7053496,439037,3596772,1118232,3778512
1789816961,3790978,150572,4936658,7016200,439123,3597336,1118803,3750664
1789816964,3792498,216012,4938770,7325136,439206,3597892,1119328,3750640
1789816966,3794008,150568,4940164,7090324,439291,3598436,1119879,3778124
1789816969,3795574,215976,4941485,7020592,439364,3598900,1120456,3777628
1789816971,3797000,216048,4943815,7673284,439445,3599592,1120919,3777168
1789816973,3798572,216088,4945110,7094388,439528,3599944,1121551,3750528
1789816976,3800086,203600,4946408,7055000,439605,3600608,1122059,3750616
1789816978,3801580,215992,4948443,7327416,439684,3601124,1122511,3777396
1789816981,3803085,164868,4949779,7080708,439763,3601652,1123116,3777636
1789816983,3804592,150508,4951130,7396124,439843,3602152,1123641,3778472
1789816985,3806130,216088,4953221,7363104,439923,3602716,1124171,3750548
1789816988,3807613,216032,4954511,6986844,440003,3603240,1124686,3776180
1789816990,3809072,150532,4955440,6781224,440080,3603720,1125350,3777464
1789816992,3810574,150588,4957358,6983480,440158,3604292,1125816,3778156
1789816995,3812052,210548,4959512,7833328,440237,3604748,1126401,3778472
1789816997,3813564,216032,4960390,6475796,440318,3605256,1126936,3750588
1789817000,3815149,150536,4962479,6958260,440400,3605884,1127474,3776588
1789817002,3816613,216008,4963877,6929868,440479,3606348,1128024,3776932
1789817004,3818100,150608,4965914,7221396,440554,3606824,1128461,3776740
1789817007,3819596,150628,4967323,7393032,440631,3607368,1129124,3755064
1789817009,3821099,150576,4968640,6924948,440713,3607884,1129592,3750640
1789817012,3822622,216092,4969939,6707160,440788,3608468,1130089,3778976
1789817014,3824087,216028,4971897,6966960,440865,3608832,1130692,3777436
1789817016,3825560,150540,4973120,6898516,440942,3609528,1131129,3777868
1789817019,3827032,216032,4975082,7338268,441016,3609972,1131714,3750664
1789817021,3828528,150532,4976409,6953228,441096,3610564,1132169,3750552
1789817024,3830013,150616,4977925,6777824,441178,3611076,1132758,3778516
1789817026,3831550,150608,4980020,6975828,441256,3611584,1133314,3777564
1789817029,3833124,176716,4981721,6939444,441335,3612044,1133758,3776968
1789817031,3834605,150504,4983089,6828408,441412,3612660,1134395,3773904
1789817033,3836129,216012,4985105,6976008,441490,3613076,1134877,3750636
1789817036,3837660,216080,4986301,6906528,441571,3613708,1135380,3777596
1789817038,3839134,216000,4988239,6986736,441649,3614280,1136004,3777568
1789817041,3840622,197028,4989481,6956772,441727,3614688,1136443,3777684
1789817043,3842073,216084,4990654,6708564,441805,3615192,1137018,3750640
1789817045,3843592,216088,4993031,7650028,441887,3615828,1137495,3750660
1789817048,3845085,216040,4994111,6942588,441966,3616376,1138081,3778612
1789817050,3846562,216052,4996145,7222736,442043,3616792,1138616,3777112
1789817052,3848065,216056,4997429,7010516,442125,3617476,1139079,3777588
1789817055,3849570,216028,4998865,7006096,442207,3617920,1139763,3750660
1789817057,3851009,215032,5001132,7904136,442286,3618580,1140224,3750600
1789817059,3852523,216012,5002281,6966372,442380,3619084,1140810,3777248
1789817062,3854158,216044,5003788,6940868,442472,3619720,1141515,3776664
1789817065,3855784,216056,5005329,6747192,442550,3620164,1141955,3779192
1789817067,3857217,216036,5007244,6986152,442632,3620848,1142516,3777656
1789817070,3858736,216000,5008949,7632468,442719,3621400,1143121,3750672
1789817072,3860197,216032,5009909,6709072,442802,3621848,1143590,3750664
1789817075,3861817,150536,5012053,6978932,442881,3622476,1144210,3776536
1789817077,3863351,216096,5013455,6952560,442960,3623020,1144769,3778296
1789817079,3864843,150588,5014788,6717752,443040,3623556,1145341,3777000
1789817082,3866344,150540,5016959,7608580,443119,3624084,1145808,3750656
1789817084,3867820,150508,5018039,6905548,443199,3624616,1146377,3750596
1789817087,3869270,216092,5019945,6987996,443273,3625036,1146884,3777068
1789817089,3870739,216008,5021173,6958572,443350,3625620,1147430,3777056
1789817091,3872209,150612,5022683,6890216,443429,3626088,1147909,3752292
1789817094,3873722,216008,5024936,7406672,443509,3626728,1148457,3750704
1789817096,3875254,197816,5026236,6899116,443588,3627204,1149038,3776236
1789817098,3876711,150540,5028136,6991572,443664,3627792,1149456,3776016
1789817101,3878188,216000,5029414,6960784,443742,3628320,1150031,3776384
1789817103,3879648,150624,5030649,6718496,443823,3628820,1150577,3775856
1789817106,3881156,215976,5032648,7266712,443901,3629460,1151084,3750680
1789817108,3882657,216048,5034357,7357820,443982,3629952,1151630,3776468
1789817110,3884151,216056,5035426,6729520,444058,3630500,1152142,3777840
1789817113,3885642,216048,5037383,7009856,444135,3631024,1152728,3775624
1789817115,3887094,216088,5038735,6982832,444211,3631588,1153164,3750720
1789817117,3888550,150544,5040695,7036280,444289,3632056,1153667,3750652
1789817120,3890069,216000,5042365,7684088,444371,3632624,1154270,3776340
1789817122,3891526,216008,5043084,6832324,444444,3633224,1154700,3776552
1789817125,3892959,185356,5045067,7110704,444520,3633664,1155310,3778032
1789817127,3894453,216088,5046064,6850376,444592,3634220,1155800,3750536
1789817129,3895932,150568,5047913,6957040,444669,3634732,1156310,3750660
1789817132,3897418,216052,5049272,7410152,444748,3635280,1156825,3778800
1789817134,3898902,216012,5051034,6979832,444824,3635828,1157283,3778360
1789817136,3900375,160652,5052347,6945068,444902,3636368,1157949,3750796
1789817139,3901855,215976,5053469,6689108,444980,3636900,1158376,3750720
1789817141,3903309,216000,5055393,6963876,445055,3637464,1158906,3777772
1789817144,3904823,216012,5056888,7357352,445138,3638020,1159499,3778804
1789817146,3906313,216032,5058776,6980392,445215,3638496,1159952,3777088
1789817148,3907776,216004,5059985,6954504,445293,3639064,1160517,3750676
1789817151,3909224,216004,5061212,6806508,445368,3639540,1161008,3750724
1789817153,3910694,199188,5063114,6984508,445442,3640140,1161561,3778984
1789817155,3912157,216004,5064356,7048224,445520,3640660,1162049,3776748
1789817158,3913670,216076,5066557,6983504,445602,3641144,1162533,3780032
1789817160,3915157,150564,5067998,6941528,445679,3641760,1163164,3750740
1789817163,3916676,216092,5069541,6876756,445762,3642340,1163650,3750692
1789817165,3918208,150612,5071553,7096928,445840,3642920,1164218,3779884
1789817167,3919683,181452,5072974,6955136,445914,3643368,1164762,3776640
1789817170,3921221,150504,5074606,7233696,445998,3643988,1165258,3777056
1789817172,3922680,216096,5076354,6973448,446073,3644536,1165809,3750600
1789817175,3924142,196208,5077662,6952920,446146,3645048,1166244,3750692
1789817177,3925602,216008,5078917,6776572,446222,3645668,1166881,3777352
1789817179,3927085,212564,5080834,6966752,446300,3646180,1167348,3777136
1789817182,3928577,216052,5082452,7405412,446380,3646720,1167851,3759428
1789817184,3930054,162224,5084212,6991296,446456,3647180,1168468,3750740
1789817186,3931605,216032,5085385,6952936,446543,3647840,1168956,3777128
1789817189,3933100,150576,5086681,6714128,446625,3648376,1169572,3776964
1789817191,3934602,216088,5088619,6966624,446704,3648896,1170097,3776528
1789817194,3936103,150580,5090135,7467052,446783,3649452,1170608,3750716
1789817196,3937587,216048,5092081,7236956,446862,3650028,1171150,3750660
1789817198,3939085,216048,5093338,6973136,446941,3650596,1171722,4805752
1789817201,3940581,212128,5094679,6909916,447020,3651176,1172326,4805088
1789817203,3942094,216084,5096718,7140064,447103,3651676,1172873,4394464
1789817205,3943612,202352,5098194,7537960,447184,3652192,1173404,4367484
1789817208,3945148,150612,5099554,6882652,447269,3652828,1173943,4367484
1789817210,3946633,150504,5101482,6986656,447346,3653372,1174411,4637744
1789817213,3948114,152948,5102699,6952916,447426,3653792,1175091,4397628
1789817215,3949585,216004,5103944,6700512,447501,3654456,1175533,4396456
1789817217,3951089,215980,5105879,6958480,447577,3654952,1176068,4369972
1789817220,3952603,216052,5107808,7612536,447658,3655492,1176604,4377816
1789817222,3954105,216008,5109606,7213288,447737,3656076,1177146,4406748
1789817225,3955644,186748,5110991,6965328,447818,3656556,1177760,4408520
1789817227,3957096,150568,5112357,6905244,447894,3657044,1178209,4407752
1789817229,3958606,216092,5114632,6968216,447975,3657612,1178747,4382948
1789817232,3960144,216052,5116286,7649996,448053,3658064,1179343,4368764
1789817234,3961640,216032,5117296,6779036,448132,3658588,1179806,4394648
1789817237,3963142,150508,5119285,7056452,448212,3659156,1180407,4396440
1789817239,3964599,216080,5120437,6938016,448285,3659748,1180858,4393476
1789817241,3966086,171072,5122628,7323376,448361,3660216,1181447,4371188
1789817244,3967600,216080,5124120,7537132,448442,3660732,1181972,4398160
1789817246,3969117,216044,5125346,6939576,448524,3661268,1182449,4398036
1789817248,3970622,199460,5126523,6469356,448602,3661824,1183037,4398724
1789817251,3972085,193572,5128483,6957040,448679,3662400,1183569,4393440
1789817253,3973539,216084,5129538,6710692,448756,3662948,1184126,4371168
1789817256,3975075,150512,5131625,7309980,448836,3663372,1184645,4396868
1789817258,3976602,216080,5133302,6944748,448919,3664060,1185190,4396764
1789817260,3978097,150588,5134568,6842500,449001,3664648,1185787,4398528
1789817263,3979565,216040,5136472,6979592,449075,3665164,1186222,4371236
1789817265,3981075,211560,5137827,6942332,449159,3665708,1186788,4371244
1789817268,3982622,150612,5140049,7218784,449241,3666252,1187400,4397512
1789817270,3984167,216084,5141500,7363996,449321,3666832,1187846,4399192
1789817272,3985661,216080,5142518,6918640,449401,3667324,1188438,4397416
1789817275,3987114,150536,5144474,6981340,449478,3667928,1188897,4371256
1789817277,3988632,211044,5145802,6952844,449553,3668512,1189518,4371132
1789817280,3990105,150612,5147017,6742504,449633,3669028,1190019,4395764
1789817282,3991616,150576,5149364,7671088,449709,3669424,1190505,4399164
1789817284,3993113,216032,5150387,6939724,449790,3670060,1191099,4397696
1789817287,3994617,216080,5151549,6471036,449867,3670604,1191639,4371280
1789817289,3996110,216012,5153490,6957196,449946,3671032,1192193,4371248
1789817292,3997613,174816,5154917,6939072,450025,3671676,1192695,4397592
1789817294,3999127,216032,5157333,7688380,450106,3672216,1193181,4397736
1789817296,4000609,216044,5158673,7017668,450188,3672772,1193825,4397396
1789817299,4002116,216032,5160708,7102028,450266,3673208,1194277,4371304
1789817301,4003588,150588,5161116,6466844,450343,3673896,1194835,4399228
1789817303,4005057,164832,5162763,6949168,450422,3674496,1195317,4397060
1789817306,4006534,216076,5165013,7626272,450501,3675008,1195894,4397448
1789817308,4008048,164924,5166311,6977080,450582,3675564,1196468,4396876
1789817311,4009541,150628,5167548,6932500,450658,3676024,1196904,4371268
1789817313,4011005,212572,5169488,6979124,450734,3676600,1197476,4398656
1789817315,4012486,216076,5170704,6950520,450811,3677040,1198028,4397732
1789817318,4013964,216036,5172238,6924664,450887,3677520,1198524,4396992
1789817320,4015426,216004,5174585,7691880,450963,3678112,1199066,4371304
1789817322,4016895,216088,5175397,6952124,451038,3678592,1199490,4371188
1789817325,4018386,183392,5176488,6677664,451116,3679076,1200146,4399196
1789817327,4019839,177284,5178434,6960292,451195,3679728,1200601,4398804
1789817330,4021335,150616,5179474,6701268,451277,3680128,1201133,4396256
1789817332,4022818,215996,5181691,7596584,451357,3680756,1201726,4371180
1789817334,4024333,216044,5182701,6836520,451440,3681376,1202216,4371336
1789817337,4025830,150532,5184611,6972340,451515,3681888,1202791,4397408
1789817339,4027295,177544,5185800,6933604,451592,3682392,1203237,4397416
1789817342,4028790,201532,5187037,6465596,451673,3682956,1203925,4397020
1789817344,4030288,216036,5189131,7421776,451750,3683392,1204414,4371256
1789817346,4031812,150564,5190349,6816468,451831,3684004,1205003,4371168
1789817349,4033296,150536,5192296,6974940,451912,3684676,1205467,4398412
1789817351,4034769,215976,5193475,6940700,451987,3685068,1206092,4397360
1789817354,4036257,151940,5195556,7270148,452066,3685656,1206600,4397124
1789817356,4037759,150540,5196909,7422868,452143,3686188,1207081,4371256
1789817358,4039315,216092,5198801,7030372,452224,3686580,1207672,4371320
1789817361,4040806,216092,5199998,6564684,452302,3687220,1208217,4398660
1789817363,4042335,150544,5202036,7033100,452382,3687784,1208795,4397904
1789817366,4043754,215980,5204100,7219860,452459,3688276,1209291,4395968
1789817368,4045248,216004,5205377,7070980,452536,3688820,1209777,4371312
1789817370,4046740,150620,5207162,7672484,452616,3689276,1210429,4398000
1789817373,4048242,216044,5208787,7104732,452696,3689852,1210914,4398516
1789817375,4049781,216004,5210053,7064916,452776,3690368,1211494,4397036
1789817378,4051234,215976,5211972,7125292,452850,3690928,1211980,4371420
1789817380,4052734,216032,5213291,7082656,452930,3691404,1212550,4371712
1789817382,4054288,216088,5214848,7514956,453012,3691956,1213141,4399224
1789817385,4055756,216044,5216648,7094136,453089,3692440,1213588,4398532
1789817387,4057273,203640,5217948,7013012,453168,3692960,1214163,4398656
1789817389,4058740,150616,5219893,7127964,453246,3693524,1214730,4393000
1789817392,4060264,150580,5221250,7090292,453325,3694096,1215226,4371696
1789817394,4061741,150576,5222596,7269828,453404,3694656,1215803,4398380
1789817397,4063264,216040,5224574,7112056,453486,3695160,1216280,4398068
1789817399,4064743,216032,5225830,7043476,453563,3695612,1216936,4399336
1789817401,4066214,175880,5227788,7119676,453640,3696220,1217413,4371616
1789817404,4067671,216048,5228982,7094032,453716,3696752,1217898,4371728
1789817406,4069133,216040,5230912,7133140,453790,3697308,1218457,4415680
1789817409,4070641,215996,5232728,7804364,453869,3697756,1218993,4440960
1789817411,4072125,216060,5233513,6862464,453947,3709272,1219602,4439168
1789817413,4073674,193300,5235560,7158972,454025,3698720,1220087,4413512
1789817416,4075092,216052,5236957,7148772,454105,3699404,1220594,4413544
1789817418,4076576,215996,5239230,7622952,454185,3699936,1221225,4440196
1789817421,4078059,216004,5240394,7716032,454262,3700496,1221701,4440724
1789817423,4079547,215996,5241515,7194672,454345,3701088,1222308,4441144
1789817425,4081114,216096,5244257,7485604,454426,3701692,1222853,4413508
1789817428,4082662,216076,5244960,6861852,454513,3702212,1223420,4413444
1789817430,4084191,215996,5247145,6959112,454595,3702724,1223979,4439016
1789817432,4085671,216084,5248597,7422184,454678,3703228,1224474,4441256
1789817435,4087245,216008,5250613,6989344,454762,3703804,1225166,4441540
1789817437,4088784,216048,5251748,6950932,454843,3704484,1225653,4413864
1789817440,4090320,216048,5253106,6719412,454925,3705084,1226161,4413764
1789817442,4091822,150572,5255050,6974308,455008,3705660,1226733,4441476
1789817445,4093351,150612,5256465,7302364,455095,3706220,1227297,4440592
1789817447,4094888,215996,5258481,6989556,455179,3706768,1227922,4418092
1789817449,4096381,216092,5259720,6947216,455255,3707152,1228386,4414156
1789817452,4097873,216040,5261024,6786844,455336,3707804,1228901,4414200
1789817454,4099371,216028,5262924,6976096,455412,3708344,1229520,4440572
1789817457,4100834,216036,5263978,6863264,455490,3708820,1229982,4440592
1789817459,4102340,216052,5266193,7426868,455569,3709336,1230580,4438708
1789817461,4103824,216028,5267486,6949400,455644,3709892,1231038,4414228
1789817464,4105301,150568,5268663,6703460,455722,3710412,1231624,4441120
1789817466,4106788,216008,5270611,6956764,455801,3711012,1232171,4441720
1789817468,4108258,216048,5271547,6692960,455877,3711404,1232605,4439504
1789817471,4109743,207384,5273829,7630364,455953,3711936,1233198,4414192
1789817473,4111245,150528,5274764,6754912,456033,3712500,1233742,4414184
1789817475,4112725,216096,5276722,7002904,456112,3713000,1234277,4442576
1789817478,4114202,203636,5277996,6983752,456188,3713600,1234793,4440028
1789817480,4115685,150580,5279869,6993332,456268,3714028,1235268,4440756
1789817483,4117239,215976,5281092,7398932,456352,3714664,1235966,4414216
1789817485,4118762,215976,5282963,6993104,456438,3715192,1236463,4414196
1789817487,4120257,150532,5284213,6943376,456514,3715768,1237002,4439584
1789817490,4121697,216036,5286094,6986100,456590,3716248,1237512,4440860
1789817492,4123145,216040,5287116,6937556,456667,3716680,1238064,4439348
1789817495,4124669,216004,5289316,7614340,456745,3717348,1238666,4414272
1789817497,4126213,150588,5290756,6933032,456829,3717932,1239158,4414404
1789817499,4127664,150564,5291896,6472200,456904,3718408,1239698,4442288
1789817502,4129133,216040,5293651,6949404,456988,3718900,1240304,4441716
1789817504,4130654,215976,5294834,6471968,457066,3719432,1240787,4439288
1789817507,4132148,216008,5296676,6951396,457146,3720100,1241381,4414380
1789817509,4133655,150540,5298037,6852276,457227,3720648,1241849,4442160
1789817511,4135135,216032,5299728,6945480,457303,3721084,1242488,4439948
1789817514,4136612,216012,5301035,6709308,457380,3721652,1242998,4441876
1789817516,4138105,216088,5302986,6966904,457461,3722192,1243473,4422644
1789817519,4139683,216092,5304434,6939080,457540,3722684,1244067,4414424
1789817521,4141177,216052,5307071,8026872,457620,3723116,1244613,4441300
1789817523,4142682,216008,5308083,6991796,457702,3723760,1245170,4442340
1789817526,4144199,216084,5309200,6923892,457780,3724280,1245691,4440448
1789817528,4145644,216036,5311105,6988820,457856,3724720,1246156,4439180
1789817531,4147195,150584,5312482,6955332,457936,3725344,1246840,4414516
1789817533,4148681,174292,5313945,7193992,458015,3725912,1247309,4441512
1789817535,4150182,216008,5315838,7034644,458094,3726496,1247857,4440352
1789817538,4151649,216088,5316999,6900164,458169,3726944,1248355,4440428
1789817540,4153088,150532,5318874,6985744,458247,3727488,1248900,4440824
1789817542,4154565,215992,5319973,6931716,458326,3727944,1249476,4414396
1789817545,4156049,177368,5321984,7594976,458404,3728492,1249940,4443088
1789817547,4157559,216060,5323229,6943228,458483,3729040,1250508,4442216
1789817550,4159080,216008,5324412,6716256,458565,3729580,1251085,4440928
1789817552,4160571,216048,5326363,6958152,458643,3730128,1251577,4414552
1789817554,4162108,191428,5327655,6883328,458724,3730660,1252180,4414436
1789817557,4163592,216084,5329600,6981596,458801,3731220,1252634,4440344
1789817559,4165087,186960,5331439,7405128,458883,3731596,1253277,4442472
1789817562,4166564,180980,5333341,7222572,458959,3732192,1253790,4439592
1789817564,4168135,216008,5334806,6943612,459045,3732764,1254271,4414548
1789817566,4169584,215976,5336196,6905276,459121,3733188,1254843,4414452
1789817569,4171009,216056,5338077,6988100,459200,3733832,1255381,4440956
1789817571,4172554,216048,5339839,7623124,459276,3734288,1255944,4442044
1789817574,4174111,216080,5341632,6998444,459356,3734836,1256470,4442784
1789817576,4175586,177284,5342609,6958624,459431,3735316,1256931,4414512
1789817578,4177045,216000,5343902,6713236,459509,3735836,1257580,4414580
1789817581,4178523,216040,5345853,6986964,459586,3736392,1258036,4441524
1789817583,4180033,216036,5347297,7383280,459664,3736844,1258613,4439896
1789817586,4181566,216008,5349241,6993036,459745,3737364,1259137,4439580
1789817588,4183022,216012,5350213,6939192,459816,3737892,1259670,4414536
1789817590,4184491,215976,5352139,6983524,459893,3738468,1260258,4414524
1789817593,4185993,216084,5353193,6922396,459972,3739008,1260718,4440788
1789817595,4187468,216008,5355106,7080092,460049,3739508,1261303,4441724
1789817598,4189013,216008,5356609,6929560,460134,3740092,1261900,4442704
1789817600,4190513,216052,5357575,6476768,460213,3740608,1262391,4414524
1789817602,4192055,215972,5359626,6962880,460293,3750832,1262981,4414516
1789817605,4193531,216044,5360850,6765424,460372,3741640,1263456,4442076
1789817607,4195067,150528,5362761,6987452,460449,3742196,1264091,4441596
1789817610,4196560,216076,5364400,7404340,460532,3742688,1264650,4441860
1789817612,4198141,150592,5365853,6734672,460612,3743224,1265115,4414564
1789817615,4199638,216088,5367463,6957864,460692,3743740,1265703,4414584
1789817617,4201102,216084,5369533,7236576,460769,3744212,1266227,4440700
1789817619,4202554,216004,5370642,6969592,460842,3744700,1266755,4442228
1789817622,4204042,173528,5372198,7572072,460921,3745236,1267277,4439560
1789817624,4205553,150580,5373952,6997348,461000,3745752,1267764,4414584
1789817626,4207047,216040,5375252,6942556,461080,3746164,1268417,4414588
1789817629,4208514,215996,5377364,6994744,461157,3746748,1268896,4441184
1789817631,4210013,216080,5378710,6941296,461236,3747188,1269460,4439792
1789817634,4211473,216076,5379927,7151224,461312,3747760,1269938,4440884
1789817636,4212970,216052,5381862,6950892,461392,3748224,1270508,4414572
1789817638,4214456,216048,5382970,6628732,461473,3748868,1271081,4440340
1789817641,4215917,216060,5384991,6959344,461553,3749400,1271562,4439916
1789817643,4217447,216088,5386063,6718816,461630,3749852,1272125,4441004
1789817645,4218895,150536,5388048,6976964,461708,3750372,1272689,4414556
1789817648,4220425,212652,5389582,7411388,461785,3750940,1273202,4414476
1789817650,4221981,191588,5391231,6981984,461870,3751436,1273795,4439416
1789817653,4223449,216008,5392407,6920736,461946,3751944,1274273,4442164
1789817655,4224965,216000,5394401,7043432,462028,3752548,1274918,4441904
1789817658,4226430,216032,5395512,6993024,462100,3752904,1275393,4414540
1789817660,4227997,216036,5397852,7739440,462184,3753400,1275912,4414568
1789817662,4229493,216044,5399022,7024824,462266,3753956,1276491,4441012
1789817665,4231038,204472,5400120,6596372,462348,3754624,1277065,4441028
1789817667,4232618,216040,5402184,7097288,462437,3755280,1277684,4441460
1789817670,4234091,199644,5403287,6852228,462519,3755840,1278196,4414464
1789817672,4235628,216092,5405367,7534904,462601,3756372,1278689,4414556
1789817674,4237162,216088,5406447,6721400,462685,3756928,1279361,4441400
1789817677,4238662,160644,5408470,6978180,462770,3757476,1279868,4441920
1789817679,4240223,215996,5409783,6939980,462846,3758004,1280438,4441008
1789817682,4241701,216080,5411723,7001096,462925,3758452,1281012,4414572
1789817684,4243231,215976,5412910,7622708,463008,3759072,1281534,4414584
1789817686,4244741,167772,5414910,7227988,463093,3759636,1282145,4440976
1789817689,4246282,216032,5416275,6965456,463172,3760208,1282591,4441352
1789817691,4247749,150624,5417496,6877168,463249,3760584,1283230,4440056
1789817694,4249220,176132,5419499,6994628,463326,3761236,1283711,4414556
1789817696,4250724,216036,5420965,6933928,463412,3761716,1284239,4414556
1789817698,4252278,216000,5423447,7230208,463489,3762216,1284812,4441764
1789817701,4253746,216036,5424438,6958384,463567,3762708,1285355,4439520
1789817703,4255230,216044,5426564,7236716,463647,3763316,1285974,4440680
1789817705,4256744,197688,5427690,6988848,463727,3763820,1286461,4414620
1789817708,4258213,216004,5428652,6721808,463802,3764356,1286967,4414512
1789817710,4259778,216036,5431034,7649924,463886,3764972,1287640,4440300
1789817713,4261224,216032,5431712,6733016,463960,3765416,1288102,4440936
1789817715,4262693,150584,5433725,6978484,464038,3765916,1288686,4442416
1789817718,4264241,216052,5435163,6952152,464114,3766476,1289189,4414564
1789817720,4265735,216084,5436358,6480472,464196,3767040,1289768,4414596
1789817722,4267219,150524,5438365,7485056,464270,3767420,1290329,4442304
1789817725,4268694,216004,5440190,6997000,464347,3768048,1290815,4440460
1789817727,4270241,215992,5441577,6968584,464431,3768576,1291409,4442116
1789817730,4271726,216004,5442651,6712776,464507,3769048,1291964,4414628
1789817732,4273206,150576,5444585,6988980,464583,3769524,1292468,4440576
1789817734,4274677,216008,5445568,7159352,464661,3770104,1293037,4441056
1789817737,4276158,178600,5446787,6480960,464739,3770672,1293503,4442256
1789817739,4277674,216004,5448738,6960848,464817,3771220,1294193,4424688
1789817741,4279165,150572,5450062,6853668,464895,3771564,1294687,4414588
1789817744,4280640,216088,5451983,6995856,464969,3772180,1295184,4440844
1789817746,4282114,216048,5453237,7010804,465048,3772684,1295767,4442452
1789817749,4283641,209432,5455472,7390068,465125,3773200,1296321,4441164
1789817751,4285115,150568,5456509,6961452,465203,3773656,1296888,4437400
1789817753,4286588,215976,5457750,6743016,465280,3774176,1297357,4414480
1789817756,4288013,175320,5459591,6989072,465351,3774652,1297853,4440296
1789817758,4289478,174284,5460785,6918416,465430,3775128,1298479,4442188
1789817761,4290979,150584,5463143,7648848,465513,3775776,1298968,4442500
1789817763,4292500,150580,5464314,6913940,465594,3776248,1299580,4414616
1789817765,4293983,216044,5466460,6984324,465673,3776820,1300072,4414580
1789817768,4295493,216044,5467779,6957756,465752,3777312,1300672,4441108
1789817770,4296999,216000,5469747,7001420,465832,3777824,1301214,4441128
1789817772,4298454,181252,5471219,7448748,465913,3778388,1301693,4441020
1789817775,4299990,150568,5472206,6698748,465989,3778744,1302306,4414588
1789817777,4301511,216056,5474249,7000484,466069,3779404,1302843,4414596
1789817780,4303004,215976,5475529,6879740,466147,3779800,1303366,4439668
1789817782,4304449,216084,5477437,7050424,466220,3780376,1303887,4440624
1789817784,4305934,216056,5478799,7298108,466303,3780976,1304383,4442296
1789817787,4307511,216008,5480920,7087308,466386,3781524,1305067,4414636
1789817789,4308995,216080,5482022,7033780,466463,3782020,1305542,4414600
1789817792,4310496,212396,5484005,7091408,466540,3782436,1306062,4442172
1789817794,4311989,216084,5485008,7049400,466620,3783064,1306598,4440984
1789817796,4313485,150572,5486993,7116824,466702,3783620,1307166,4422436
1789817799,4314992,216036,5488016,7289620,466781,3784116,1307769,4414488
1789817801,4316415,206232,5488902,6600280,466853,3784612,1308231,4441644
1789817804,4317888,150592,5490834,7082352,466929,3785008,1308753,4441140
1789817806,4319394,216088,5492264,6982624,467010,3785592,1309351,4441140
1789817808,4320840,174056,5494208,7126636,467085,3786200,1309829,4441108
1789817811,4322373,216324,5496384,8073184,467173,3786724,1310459,4414532
1789817813,4323947,216260,5499024,7656224,467252,3787140,1310938,4440904
1789817815,4325419,150856,5499131,7028236,467333,3787748,1311566,4442216
1789817818,4326972,216296,5501167,7131204,467416,3788276,1312100,4442276
1789817820,4328446,216308,5502404,7090420,467492,3788812,1312552,4414592
1789817823,4329920,216320,5504428,7437992,467571,3789348,1313167,4414620
1789817825,4331449,216268,5506058,7098320,467652,3789924,1313734,4441288
1789817827,4332982,216296,5506972,6628836,467732,3790376,1314287,4442584
1789817830,4334500,216356,5509130,7103872,467813,3790940,1314822,4441212
1789817832,4335975,150884,5510435,6621672,467887,3791364,1315297,4414660
1789817835,4337462,216256,5512427,7107044,467968,3791844,1315977,4414600
1789817837,4338968,150772,5514343,7692012,468049,3792316,1316475,4442052
1789817839,4340456,216264,5515140,6944920,468125,3792752,1317038,4440184
1789817842,4341908,150856,5517085,7148628,468203,3793372,1317548,4442344
1789817844,4343376,168752,5518310,6963516,468276,3793824,1318073,4414656
1789817846,4344888,216260,5519637,6849720,468358,3794280,1318692,4414604
1789817849,4346436,216260,5521839,7573828,468445,3794844,1319248,4440996
1789817851,4348050,150892,5523120,6942744,468525,3795420,1319806,4442068
1789817854,4349564,216320,5525454,7344080,468611,3795976,1320452,4441180
1789817856,4351184,216272,5526755,6999704,468695,3796580,1320978,4440120
1789817859,4352720,150828,5528025,6951920,468775,3797112,1321589,4414584
1789817861,4354222,196708,5530095,7437924,468855,3797644,1322086,4440352
1789817864,4355681,150852,5530545,6476852,468932,3798072,1322710,4441580
1789817866,4357163,216264,5531896,6718304,469011,3798692,1323254,4441404
1789817868,4358632,216300,5533834,6963136,469087,3799188,1323722,4414536
1789817871,4360157,216272,5536803,7863484,469169,3799776,1324338,4414656
1789817873,4361653,216312,5538676,7740644,469253,3800196,1324937,4441388
1789817876,4363256,216312,5539140,6791560,469337,3800780,1325519,4441156
1789817878,4364776,216292,5540932,6994248,469414,3801216,1326065,4440300
1789817880,4366262,205960,5541920,6765756,469489,3801728,1326541,4414620
1789817883,4367731,150776,5543843,6976484,469566,3802132,1327209,4414620
1789817885,4369206,216324,5545169,6939732,469646,3802752,1327691,4440040
1789817888,4370687,216308,5547561,7694604,469723,3803220,1328239,4440760
1789817890,4372218,216312,5548435,6953592,469804,3803712,1328788,4441628
1789817892,4373672,216268,5550352,7023068,469877,3804228,1329311,4414568
1789817895,4375169,216312,5551707,6989784,469957,3804680,1329933,4414664
1789817897,4376651,216300,5553012,6516968,470034,3805220,1330419,4440176
1789817900,4378220,216312,5555408,7612984,470113,3805764,1330987,4442080
1789817902,4379699,216352,5556495,6530176,470190,3806244,1331596,4441200
1789817904,4381197,184584,5558404,7017228,470270,3806684,1332049,4414676
1789817907,4382751,178564,5559809,6782004,470358,3807340,1332686,4414540
1789817909,4384260,216304,5561676,6970792,470440,3807808,1333175,4442500
1789817911,4385801,216300,5563219,7362016,470525,3808276,1333837,4442532
1789817914,4387306,182216,5565173,7001044,470604,3808940,1334377,4424664
1789817916,4388816,216272,5566233,6963184,470684,3809396,1334884,4414636
1789817919,4390302,216360,5567374,6479640,470765,3809964,1335500,4440248
1789817921,4391800,216352,5569247,6966408,470844,3810472,1336058,4440992
1789817923,4393323,216276,5570369,6479272,470929,3811028,1336653,4442864
1789817926,4394804,216276,5572642,7250780,471008,3811568,1337183,4414596
1789817928,4396314,150856,5574215,6998348,471085,3812064,1337695,4414544
1789817930,4397778,150800,5574689,6479604,471164,3812664,1338356,4441256
1789817933,4399269,216316,5576725,7253100,471247,3813200,1338869,4440816
1789817935,4400835,216308,5579444,7502916,471328,3813660,1339467,4441944
1789817938,4402330,216272,5580195,7365332,471406,3814032,1339968,4414652
1789817940,4403804,150792,5581930,6997456,471482,3814668,1340552,4414660
1789817942,4405300,216316,5583012,6934472,471562,3815200,1341131,4442216
1789817945,4406761,216296,5584985,7239420,471638,3815692,1341605,4441636
1789817947,4408330,216316,5586468,6968768,471723,3816248,1342243,4443460
1789817950,4409838,187700,5587857,7294840,471804,3816700,1342832,4414588
1789817952,4411337,216308,5589758,6990032,471883,3817188,1343349,4414700
1789817954,4412821,150832,5590868,6906412,471962,3817724,1343925,4440344
1789817957,4414271,216236,5592766,6991084,472039,3818240,1344395,4441396
1789817959,4415759,197268,5593831,6930096,472118,3818692,1345072,4442040
1789817962,4417290,216304,5595851,7255836,472198,3819092,1345557,4414696
1789817964,4418794,216272,5597516,7310936,472278,3819684,1346115,4414672
1789817966,4420344,216296,5599552,6964544,472360,3820180,1346683,4441164
1789817969,4421841,216268,5600911,6934204,472441,3820704,1347244,4441432
1789817971,4423284,216308,5601970,6700084,472513,3821180,1347822,4438720
1789817973,4424773,216312,5603939,6956140,472592,3821520,1348301,4414684
1789817976,4426286,209448,5605504,7463316,472672,3822016,1348839,4441252
1789817978,4427756,150848,5607212,6975540,472752,3822656,1349487,4440924
1789817981,4429286,216260,5608440,6903316,472824,3823112,1349980,4441580
1789817983,4430760,216272,5610369,6992872,472901,3823596,1350591,4423780
1789817985,4432230,216348,5611006,6473136,472979,3824120,1351060,4414696
1789817988,4433733,216272,5612443,7103620,473062,3824604,1351679,4441884
1789817990,4435256,150888,5614297,6952108,473148,3825124,1352258,4440576
1789817993,4436742,170096,5615731,7046024,473225,3825696,1352745,4440656
1789817995,4438265,216352,5618451,7474296,473315,3826256,1353400,4440572
1789817997,4439859,150884,5620015,6643964,473395,3826840,1353977,4414612
1789818000,4441382,216300,5621149,7358436,473479,3827364,1354527,4441168
1789818002,4442905,150888,5622565,6862872,473561,3827860,1355104,4440780
1789818005,4444392,150796,5624496,6989488,473637,3828292,1355580,4440032
1789818007,4445851,157652,5625545,6921968,473711,3828832,1356268,4414544
1789818009,4447352,216352,5627515,6988720,473794,3829336,1356781,4414664
1789818012,4448845,168780,5628715,7010468,473878,3829860,1357344,4440896
1789818014,4450473,216268,5631351,7720732,473959,3830404,1357927,4442516
1789818017,4451934,216304,5632121,7003632,474035,3830792,1358476,4441188
1789818019,4453410,216300,5633229,6558232,474115,3831396,1359082,4414528
1789818021,4454898,216312,5634946,6954908,474192,3831944,1359560,4414672
1789818024,4456343,216308,5636837,6989228,474265,3832296,1360086,4440360
1789818026,4457851,216316,5638284,7591932,474345,3832868,1360709,4440936
1789818028,4459312,216272,5639133,6466868,474422,3833388,1361202,4441560
1789818031,4460877,150880,5641327,6941316,474502,3833856,1361818,4414612
1789818033,4462366,216244,5643008,6908776,474582,3834224,1362301,4414668
1789818036,4463830,216344,5645091,6970152,474657,3834792,1362903,4439904
1789818038,4465311,150884,5646239,7300428,474737,3835340,1363460,4442492
1789818040,4466866,216260,5648252,6983664,474821,3835872,1363974,4443228
1789818043,4468332,216264,5649254,6861336,474900,3836336,1364580,4414532
1789818045,4469845,216276,5651240,6972344,474984,3836876,1365150,4414620
1789818048,4471335,216272,5652396,6897900,475063,3837284,1365672,4442384
1789818050,4472790,150796,5654281,6983928,475139,3837880,1366212,4441836
1789818052,4474265,216276,5655913,7392796,475222,3838488,1366724,4431220
1789818055,4475777,201572,5657553,6989444,475300,3838952,1367390,4414696
1789818057,4477226,216288,5658068,6467900,475376,3839460,1367890,4443248
1789818060,4478698,150880,5659292,6467904,475452,3839848,1368421,4443296
1789818062,4480130,216276,5660807,6911700,475528,3840504,1368972,4440284
1789818064,4481665,216272,5663122,7665132,475610,3841044,1369557,4419584
1789818067,4483195,216316,5663848,6709652,475687,3841516,1370149,4414696
1789818069,4484700,216292,5665976,7220024,475769,3842004,1370667,4440996
1789818072,4486251,216352,5668171,7459288,475851,3842416,1371277,4440816
1789818074,4487771,150808,5669919,7226028,475936,3842940,1371873,4443048
1789818077,4489337,203328,5671388,7547760,476016,3843504,1372373,4414736
1789818079,4490840,216320,5672254,6709168,476094,3843940,1372976,4414684
1789818081,4492313,150824,5674186,6970292,476170,3844532,1373518,4442352
1789818084,4493794,216356,5675313,6797452,476248,3844976,1374070,4441212
1789818086,4495286,150888,5677220,6983768,476327,3845580,1374622,4440600
1789818088,4496762,216316,5678520,7530584,476413,3846100,1375161,4500376
1789818091,4498359,216272,5680803,7227440,476494,3846628,1375837,4478512
1789818093,4499822,150840,5681352,6720508,476574,3847116,1376333,4478384
1789818096,4501390,216320,5683417,6973288,476653,3847652,1376882,4504888
1789818098,4502872,216272,5684798,6904112,476728,3848112,1377432,4504252
1789818101,4504303,216256,5686884,6989688,476802,3848588,1377984,4501444
1789818103,4505834,216240,5688704,7615648,476883,3849028,1378602,4479032
1789818105,4507291,189784,5690311,6988996,476960,3849620,1379106,4505788
1789818108,4508747,216316,5691319,6937460,477035,3850132,1379658,4506220
1789818110,4510242,150856,5693267,6992080,477114,3850580,1380280,4505176
1789818112,4511678,216260,5694301,6945040,477189,3851036,1380768,4479036
1789818115,4513172,216348,5696425,7628292,477267,3851604,1381366,4479068
1789818117,4514665,216268,5697433,6940224,477343,3852088,1381847,4505300
1789818120,4516120,184052,5699338,6992676,477419,3852556,1382400,4505184
1789818122,4517621,216348,5700447,6950604,477499,3853104,1383022,4505976
1789818124,4519080,216268,5701542,6631880,477571,3853560,1383488,4479928
1789818127,4520561,216260,5703597,7566152,477648,3854052,1384087,4479936
1789818129,4522093,216268,5706101,7431352,477729,3854536,1384575,4508056
1789818131,4523554,150804,5707101,7019104,477804,3854996,1385211,4505828
1789818134,4524980,216344,5707958,6895292,477885,3855560,1385762,4506140
1789818136,4526538,150804,5710026,7033184,477958,3856052,1386248,4480264
1789818139,4527992,150844,5711224,6985668,478037,3856608,1386866,4480344
1789818141,4529527,216304,5713610,7734784,478119,3857196,1387453,4505608
1789818143,4531012,212308,5714439,7076852,478195,3857588,1387998,4506852
1789818146,4532559,216352,5716501,7112424,478281,3858212,1388570,4504020
1789818148,4534104,216296,5717793,7079216,478364,3858736,1389042,4480292
1789818151,4535647,216356,5719714,6987148,478452,3859388,1389775,4480308
1789818153,4537249,216308,5721087,7617440,478535,3859888,1390269,4509176
1789818156,4538718,216316,5722778,6469700,478613,3860392,1390813,4507648
1789818158,4540196,150772,5723695,6944408,478693,3860892,1391346,4504492
1789818160,4541655,216312,5725589,6988256,478768,3861404,1391882,4480352
1789818163,4543119,214676,5726505,6925436,478846,3861900,1392487,4506196
1789818165,4544641,150792,5728794,7430956,478937,3862580,1393028,4507188
1789818168,4546267,172792,5730233,6916440,479022,3863176,1393622,4507168
1789818170,4547732,216312,5732298,6972136,479098,3863668,1394219,4505260
1789818172,4549196,216276,5733332,6948812,479173,3864144,1394705,4480316
1789818175,4550692,216308,5735263,6994708,479257,3864684,1395318,4505664
1789818177,4552151,216312,5736327,7057328,479335,3865160,1395801,4506136
1789818179,4553673,216272,5738624,7383560,479417,3865732,1396465,4506812
1789818182,4555115,216268,5739353,6950964,479491,3866228,1396970,4480256
1789818184,4556569,216316,5741255,6990124,479568,3866724,1397472,4480356
1789818186,4558015,216320,5741743,6472560,479643,3867236,1398039,4507680
1789818189,4559419,216352,5742978,6703076,479718,3867740,1398580,4507624
1789818191,4560928,216268,5745759,7909528,479804,3868216,1399181,4506340
1789818194,4562495,216344,5747279,6986268,479884,3868868,1399698,4480348
1789818196,4563939,216316,5748224,6912796,479960,3869332,1400191,4480340
1789818198,4565366,216256,5750117,6990800,480032,3869864,1400819,4508052
1789818201,4566841,150800,5751308,6947736,480117,3870440,1401323,4507624
1789818203,4568336,216088,5753442,7528572,480190,3871036,1401925,4506804
1789818206,4569822,168268,5754394,6928204,480267,3871456,1402416,4480332
1789818208,4571294,216348,5756304,6974132,480344,3871944,1403026,4480328
1789818210,4572757,216240,5757268,6937284,480426,3872456,1403625,4506380
1789818213,4574286,216240,5759352,7231016,480503,3872924,1404114,4506572
1789818215,4575760,216296,5760635,7320500,480584,3873444,1404719,4480284
1789818218,4577310,150888,5762113,7124448,480668,3874064,1405302,4480360
1789818220,4578810,150792,5763838,6980508,480749,3874532,1405831,4507048
1789818222,4580244,216340,5764798,6710272,480825,3875072,1406400,4506076
1789818225,4581767,216296,5766878,6986984,480913,3875604,1406942,4508448
1789818227,4583312,216264,5767789,6710716,480991,3876232,1407614,4501692
1789818230,4584848,216264,5770198,7647340,481073,3876704,1408119,4480364
1789818232,4586322,216348,5771214,6711880,481154,3877156,1408658,4480224
1789818234,4587842,216272,5773365,6938136,481231,3877824,1409245,4507400
1789818237,4589294,216272,5774604,6721156,481310,3878304,1409803,4507100
1789818239,4590855,209672,5776653,6992384,481391,3878784,1410428,4507192
1789818242,4592391,216352,5777969,7364480,481471,3879320,1410984,4480300
1789818244,4593980,216348,5779886,6991760,481553,3879936,1411456,4480388
1789818247,4595455,216276,5780889,6722880,481629,3880436,1412143,4508488
1789818249,4596906,216352,5782799,6984836,481705,3880824,1412623,4507392
1789818251,4598382,216240,5783809,6766456,481784,3881452,1413200,4507788
1789818254,4599874,150792,5785877,7404544,481863,3882032,1413725,4480388
1789818256,4601423,210980,5786859,6542632,481948,3882552,1414289,4480404
1789818259,4602854,150892,5788037,6548836,482018,3883036,1414861,4507496
1789818261,4604309,150796,5790197,7385592,482094,3883468,1415346,4506256
1789818263,4605803,150772,5792786,7508436,482175,3884044,1415938,4485768
1789818266,4607299,216272,5793258,6947696,482251,3884580,1416512,4480384
1789818268,4608772,216296,5795603,7695784,482331,3885056,1416996,4507380
1789818270,4610217,150848,5796207,6909176,482408,3885552,1417570,4506688
1789818273,4611687,216236,5798070,6991548,482484,3886080,1418041,4506868
1789818275,4613146,216304,5799224,6933036,482560,3886516,1418637,4480376
1789818278,4614620,150876,5801256,7236408,482637,3887084,1419191,4480348
1789818280,4616108,216272,5802809,7609644,482717,3887592,1419700,4505616
1789818282,4617574,210544,5803902,6853908,482796,3888152,1420277,4507700
1789818285,4619058,216268,5805863,6989784,482872,3888628,1420773,4505864
1789818287,4620533,216260,5806695,6719016,482946,3889072,1421443,4480332
1789818290,4622065,150796,5808703,6990240,483028,3889708,1421944,4480360
1789818292,4623556,150852,5810057,7183712,483109,3890296,1422479,4508248
1789818294,4625051,150800,5812069,6995600,483191,3890712,1423059,4506760
1789818297,4626585,216268,5813178,6940032,483267,3891292,1423635,4507112
1789818299,4628044,216356,5815250,6994324,483344,3891788,1424238,4480368
1789818301,4629500,216260,5816509,6931280,483419,3892292,1424720,4480392
1789818304,4630965,216316,5818550,6995748,483495,3892796,1425261,4506364
1789818306,4632436,216264,5819945,7481432,483573,3893368,1425885,4508568
1789818309,4633881,216308,5821443,6995364,483650,3893892,1426380,4480432
1789818311,4635383,216324,5822530,6817168,483730,3894456,1426982,4480384
1789818313,4636828,150832,5824444,7022948,483805,3894904,1427463,4506156
1789818316,4638277,216264,5825556,6879788,483882,3895404,1428075,4508164
1789818318,4639776,216268,5827985,8064932,483962,3895972,1428621,4508424
1789818320,4641272,216260,5829877,7292652,484039,3896532,1429117,4480400
1789818323,4642718,216272,5831196,6827880,484116,3897020,1429712,4480380
1789818325,4644163,216352,5832565,7043264,484190,3897536,1430278,4506632
1789818327,4645636,216260,5834515,7102200,484269,3897924,1430846,4507448
1789818330,4647087,216272,5835713,7435716,484350,3898620,1431382,4506884
1789818332,4648627,150880,5837742,7118636,484427,3899144,1431852,4480272
1789818335,4650140,204736,5838854,7079712,484508,3899604,1432530,4480272
1789818337,4651584,216352,5840756,7131516,484583,3900184,1433014,4508096
1789818339,4653049,216236,5841885,7089564,484659,3900708,1433595,4507324
1789818342,4654478,216348,5843956,6853356,484736,3901248,1434099,4506164
1789818344,4655975,183352,5845650,7809176,484818,3901812,1434710,4480384
1789818347,4657508,216272,5846271,6856776,484897,3902200,1435312,4480372
1789818349,4658959,216268,5848224,7104292,484973,3902836,1435789,4506104
1789818351,4660399,216352,5849301,6864852,485048,3903312,1436367,4507324
1789818354,4661863,216272,5851272,7117904,485124,3903816,1436929,4507908
1789818356,4663348,216316,5852555,7523480,485204,3904400,1437479,4480408
1789818358,4664835,163512,5854375,7112024,485290,3904928,1438085,4506792
1789818361,4666339,216260,5855404,6864204,485362,3905436,1438572,4506184
1789818363,4667814,150832,5857384,7107600,485439,3905988,1439242,4507196
1789818366,4669273,216308,5858508,6629360,485514,3906496,1439729,4480324
1789818368,4670772,216312,5860737,7496068,485595,3906908,1440291,4480432
1789818370,4672269,150796,5862928,7148824,485672,3907516,1440848,4507740
1789818373,4673784,216340,5864106,7117572,485748,3908036,1441423,4509040
1789818375,4675258,216344,5865219,6759260,485824,3908524,1442052,4507272
1789818378,4676748,216256,5866808,6970788,485900,3909112,1442543,4480844
1789818380,4678241,150792,5869020,7301520,485979,3909612,1443062,4480872
1789818382,4679757,216276,5870525,7698764,486062,3910188,1443637,4507708
1789818385,4681222,164528,5871208,6733784,486140,3910764,1444213,4506960
1789818387,4682712,150828,5873183,6999060,486221,3911196,1444830,4508700
1789818389,4684212,216316,5874144,6724060,486301,3911920,1445380,4480832
1789818392,4685838,150852,5876247,6974440,486390,3912504,1445850,4480832
1789818394,4687347,216300,5877706,7420336,486470,3913048,1446511,4506132
1789818397,4688873,216268,5879463,6985652,486553,3913544,1447043,4507236
1789818399,4690341,216344,5880317,6639116,486630,3924848,1447645,4507536
1789818402,4691818,216320,5882277,6975256,486710,3914588,1448161,4480820
1789818404,4693426,216244,5883421,6698388,486799,3915300,1448824,4481208
1789818406,4694936,216264,5885541,7363304,486883,3915828,1449404,4506664
1789818409,4696410,150796,5886493,6484756,486960,3916344,1449884,4509448
1789818411,4697871,216268,5888345,6971004,487039,3916872,1450486,4510076
1789818413,4699322,216312,5890239,7006412,487113,3917404,1451045,4481196
1789818416,4700803,150832,5891100,6939448,487190,3917904,1451589,4481320
1789818418,4702238,216308,5892990,7006364,487264,3918328,1452130,4506328
1789818421,4703718,216340,5894475,7526716,487340,3918984,1452671,4509000
1789818423,4705220,216312,5896066,7004876,487420,3919584,1453345,4487104
1789818425,4706725,216312,5897010,6728764,487498,3920036,1453868,4481780
1789818428,4708165,177520,5898879,6984564,487570,3920564,1454406,4506656
1789818430,4709600,216316,5899965,6830772,487643,3921128,1454937,4508268
1789818433,4711081,216260,5902271,7638972,487722,3921688,1455510,4507244
1789818435,4712567,216348,5903723,6980820,487808,3922276,1456147,4504580
1789818437,4714111,216348,5905935,7059860,487884,3922756,1456650,4481732
1789818440,4715571,216272,5907129,7026064,487959,3923244,1457205,4508368
1789818442,4717029,216300,5909065,7081840,488037,3923780,1457816,4506940
1789818444,4718499,216236,5910260,7614648,488112,3924368,1458337,4510300
1789818447,4720045,216264,5912293,7097808,488198,3924944,1458984,4481748
1789818449,4721557,216264,5913502,7075940,488277,3925444,1459484,4481748
1789818452,4723007,216312,5915461,7121780,488354,3925992,1460136,4508644
1789818454,4724547,188336,5916401,6969572,488434,3926456,1460681,4509832
1789818456,4725995,208864,5918288,7002980,488509,3927088,1461187,4508588
1789818459,4727480,216348,5919625,7606728,488587,3927624,1461793,4481760
1789818461,4728949,150876,5921205,6997696,488667,3928160,1462304,4481756
1789818464,4730447,216300,5922118,6891220,488745,3928696,1462948,4507740
1789818466,4731896,150852,5924005,6989240,488822,3929288,1463496,4508992
1789818468,4733380,216308,5925069,6756860,488900,3929804,1464005,4507824
1789818471,4734905,216272,5927270,7617140,488981,3930352,1464625,4481780
1789818473,4736389,177628,5928264,6875392,489057,3930864,1465200,4481784
1789818476,4737856,216264,5930188,6981228,489134,3931412,1465757,4508328
1789818478,4739297,207376,5931160,6750952,489210,3931968,1466267,4506780
1789818480,4740745,150880,5933091,6983264,489292,3932480,1466805,4481812
1789818483,4742300,156856,5934280,7316600,489371,3933096,1467493,4481788
1789818485,4743788,150804,5936252,6986292,489450,3933636,1468005,4508360
1789818487,4745275,216268,5937540,6948564,489529,3934216,1468578,4508928
1789818490,4746746,216312,5939436,6994024,489606,3934692,1469096,4508292
1789818492,4748210,216272,5940502,6952660,489682,3935276,1469677,4507596
1789818495,4749654,177636,5942388,6993412,489757,3935684,1470252,4481752
1789818497,4751130,216368,5943728,7598624,489835,3936244,1470762,4509052
1789818499,4752602,175432,5945437,6997904,489911,3936856,1471347,4509516
1789818502,4754059,216340,5946590,6918492,489990,3937392,1471931,4508680
1789818504,4755559,216308,5948740,6979904,490067,3937920,1472431,4481700
1789818506,4757036,216356,5949844,6877112,490146,3938448,1472997,4481724
1789818509,4758582,150804,5952126,7555888,490230,3939016,1473553,4507732
1789818511,4760115,150872,5953072,6869632,490309,3939516,1474230,4509152
1789818514,4761574,216272,5954997,6995056,490383,3940040,1474747,4506952
1789818516,4763030,216316,5955843,6719924,490455,3940520,1475260,4481812
1789818518,4764518,216344,5957787,6976188,490535,3941096,1475851,4481820
1789818521,4765971,150844,5958787,7078428,490610,3941500,1476360,4508308
1789818523,4767483,216268,5961007,7369108,490690,3942184,1477046,4509000
1789818526,4768949,186728,5961821,6712676,490772,3942728,1477684,5698496
1789818528,4770505,216320,5963847,6982932,490853,3943140,1478244,5672116
1789818530,4771953,216320,5964760,6710312,490927,3943736,1478808,5672048
1789818533,4773440,216304,5966726,6968864,491005,3944348,1479333,5699632
1789818535,4774965,216296,5969056,7689520,491085,3944796,1479931,5940332
1789818538,4776414,150856,5969759,6954388,491161,3945388,1480542,5324548
1789818540,4777895,216344,5971873,7001384,491246,3945964,1481148,5310224
1789818543,4779651,216312,5973079,6955984,491335,3946584,1481764,5298668
1789818545,4781122,216240,5974112,6480492,491415,3947172,1482289,5324760
1789818547,4782602,150800,5976240,7519068,491488,3947604,1482937,5325912
1789818550,4784104,216344,5978126,7003240,491569,3948196,1483477,5325980
1789818552,4785594,216296,5979072,6970328,491649,3948780,1484012,5299296
1789818555,4787090,216360,5980979,7014920,491725,3949228,1484602,5299248
1789818557,4788563,150768,5982185,6989172,491802,3949776,1485120,5326468
1789818559,4790076,150852,5984278,7724012,491877,3950308,1485771,5330944
1789818562,4791611,150788,5985363,7005520,491961,3950948,1486319,5329408
1789818564,4793096,175396,5987277,6992748,492038,3951412,1486850,5303172
1789818567,4794588,216320,5988315,6928660,492117,3952056,1487452,5303192
1789818569,4796082,150772,5990473,6993092,492197,3952524,1487971,5332516
1789818571,4797590,201996,5991651,6854580,492278,3953176,1488654,5336064
1789818574,4799067,216344,5994072,7688344,492360,3953680,1489189,5335548
1789818576,4800567,150796,5994764,6763028,492434,3954120,1489696,5308344
1789818579,4802017,216352,5996668,6977288,492511,3954768,1490291,5308272
1789818581,4803511,216276,5997851,6811868,492592,3955300,1490820,5335736
1789818583,4804984,216304,5999762,6991664,492668,3955848,1491490,5334228
1789818586,4806443,216272,6000940,7304772,492746,3956464,1492021,5314852
1789818588,4807954,216312,6002828,6979748,492827,3957048,1492554,5308224
1789818590,4809416,150796,6003749,6717744,492903,3957480,1493126,5334688
1789818593,4810886,210808,6005694,6971552,492978,3957980,1493629,5334792
1789818595,4812400,216356,6006784,6708716,493058,3958612,1494320,5335696
1789818598,4813877,216348,6008744,7073812,493135,3959224,1494834,5308592
1789818600,4815375,216352,6010363,7242960,493219,3959764,1495398,5308620
1789818602,4816848,171208,6012077,6999208,493294,3960292,1495954,5336428
1789818605,4818290,177540,6013002,6725560,493371,3960844,1496546,5334160
1789818607,4819791,150800,6014971,6983924,493451,3961392,1497155,5334196
1789818609,4821257,150768,6015905,6720748,493529,3961948,1497674,5308612
1789818612,4822739,216272,6018157,7702268,493607,3962440,1498211,5308572
1789818614,4824194,216260,6019041,6726160,493684,3963012,1498760,5335024
1789818616,4825668,216308,6020972,6973004,493761,3963444,1499344,5334732
1789818619,4827120,216272,6022108,6827348,493843,3964120,1499972,5335816
1789818621,4828647,150800,6024072,6991784,493915,3964552,1500465,5308588
1789818624,4830085,216300,6025105,7159236,493990,3965164,1501013,5335312
1789818626,4831561,216352,6027116,6981260,494071,3965784,1501581,5335332
1789818629,4833140,190132,6028266,6817732,494156,3966352,1502183,5335620
1789818631,4834651,216268,6030217,6990316,494242,3966868,1502815,5334948
1789818633,4836193,216240,6031454,6828236,494323,3967428,1503348,5308768
1789818636,4837683,183532,6033585,6991928,494401,3968068,1503912,5335388
1789818638,4839219,150832,6035185,7164468,494487,3968624,1504542,5335908
1789818640,4840708,216312,6036054,6485200,494562,3969192,1505070,5335312
1789818643,4842148,216348,6037618,6912520,494639,3969816,1505656,5308900
1789818645,4843632,216300,6039547,7005972,494720,3970328,1506147,5308864
1789818647,4845098,155328,6040562,6761772,494803,3970912,1506757,5336148
1789818650,4846689,216272,6042829,7628608,494885,3971468,1507390,5334504
1789818652,4848173,216264,6043648,6725116,494965,3972092,1507924,5335104
1789818655,4849621,188368,6045577,6983172,495042,3972564,1508519,5308844
1789818657,4851098,150796,6046518,6713292,495121,3973176,1509059,5308848
1789818659,4852568,216320,6048461,6962320,495197,3973632,1509637,5334536
1789818662,4854010,216312,6050521,7647460,495273,3974268,1510229,5335808
1789818664,4855492,216320,6051907,7204088,495350,3974776,1510766,5335544
1789818667,4856992,216240,6052810,6763160,495427,3975340,1511371,5308940
1789818669,4858487,216356,6054829,6984668,495508,3975944,1511881,5308888
1789818671,4860044,216292,6056014,6909668,495585,3976460,1512479,5335460
1789818674,4861506,150800,6057957,7039216,495661,3976936,1513088,5335080
1789818676,4863074,198652,6059576,7574028,495745,3977460,1513639,5335660
1789818679,4864556,216300,6061188,7047480,495821,3978088,1514230,5308932
1789818681,4866015,181192,6062164,6788552,495898,3978660,1514759,5308868
1789818683,4867444,150832,6064147,7029276,495975,3979240,1515353,5335136
1789818686,4868939,216272,6066080,7094168,496051,3979764,1515946,5336144
1789818688,4870411,216356,6067156,7608020,496129,3980256,1516478,5334312
1789818691,4871926,190704,6069194,7253904,496212,3980816,1517093,5308912
1789818693,4873407,150876,6070311,6989392,496287,3981364,1517574,5308944
1789818695,4874881,166372,6071129,6479268,496367,3981876,1518235,5337244
1789818698,4876353,216256,6072868,6959036,496442,3982412,1518767,5336124
1789818700,4877863,216264,6074991,7364996,496523,3982912,1519304,5310988
1789818703,4879399,216320,6076313,6909956,496602,3983484,1519923,5308932
1789818705,4880906,216316,6078469,6975608,496677,3984052,1520420,5308924
1789818707,4882395,216240,6079633,6948072,496759,3984616,1521085,5334008
1789818710,4883844,216300,6081505,6995104,496835,3985196,1521596,5335392
1789818712,4885291,150804,6082438,6933856,496910,3985696,1522111,5335304
1789818715,4886843,150800,6084936,7696488,496993,3986352,1522729,5309064
1789818717,4888366,216344,6085483,6731732,497070,3986904,1523260,5309084
1789818719,4889906,216268,6087501,6986332,497151,3987384,1523945,5336336
1789818722,4891411,216260,6088518,6736016,497230,3988072,1524500,5335572
1789818724,4892874,216312,6090444,6981732,497310,3988572,1525023,5317012
1789818727,4894375,216276,6091820,7398544,497384,3989052,1525627,5309068
1789818729,4895832,216272,6093534,6962380,497459,3989632,1526139,5336424
1789818732,4897221,216244,6094434,6512840,497536,3990164,1526789,5334964
1789818734,4898722,216360,6096294,6958944,497610,3990656,1527311,5335696
1789818736,4900167,150844,6098186,7001640,497688,3991372,1527826,5330896
1789818739,4901632,216340,6099221,7222200,497765,3991696,1528413,5309956
1789818741,4903122,150824,6101201,6989308,497848,3992440,1529019,5336212
1789818743,4904646,150792,6102445,6960656,497927,3992948,1529620,5337512
1789818746,4906089,216344,6104339,7000344,498005,3993588,1530157,5337872
1789818748,4907604,150880,6105485,6962592,498079,3994076,1530668,5336640
1789818751,4909082,216300,6107688,7238960,498157,3994704,1531269,5309984
1789818753,4910592,216272,6109200,7660520,498236,3995216,1531867,5336824
1789818755,4912068,216296,6110211,6921060,498315,3995728,1532479,5337556
1789818758,4913519,216320,6112084,6989556,498386,3996244,1532981,5336732
1789818760,4914954,216264,6113234,6934716,498459,3996688,1533433,5310060
1789818763,4916416,216300,6115145,6977480,498533,3997308,1534011,5310108
1789818765,4917875,216316,6116257,7454704,498611,3997832,1534624,5336756
1789818767,4919394,216348,6118272,6984908,498694,3998288,1535230,5335892
1789818770,4920876,216320,6119894,6921188,498774,3999028,1535778,5336368
1789818772,4922405,216312,6122041,6975588,498852,3999432,1536319,5310124
1789818774,4923884,212884,6123080,7146612,498931,3999936,1536895,5309976
1789818777,4925354,216272,6125784,7835564,499007,4000612,1537473,5336620
1789818779,4926912,177520,6126712,7451804,499090,4001112,1538116,5337532
1789818782,4928452,216348,6129253,7477704,499176,4001764,1538679,5321808
1789818784,4929949,216260,6129665,6473548,499254,4002256,1539229,5310096
1789818786,4931420,216240,6131409,6943484,499331,4002824,1539796,5336328
1789818789,4932880,195948,6133396,6991028,499411,4003404,1540419,5336124
1789818791,4934439,150772,6134716,7540440,499491,4003840,1541031,5336324
1789818793,4935884,216356,6136381,7031620,499563,4004432,1541555,5335868
1789818796,4937346,178332,6137230,6764476,499642,4004920,1542121,5310132
1789818798,4938815,216348,6139157,6958688,499720,4005596,1542684,5336696
1789818801,4940284,216316,6140136,6599640,499796,4006116,1543281,5337448
1789818803,4941797,216340,6142240,7407004,499874,4006652,1543922,5337420
1789818805,4943334,216268,6143285,6616636,499955,4007336,1544441,5310120
1789818808,4944822,216260,6145288,6954848,500035,4007848,1545016,5310088
1789818810,4946303,216356,6147206,6991280,500113,4008376,1545644,5337448
1789818813,4947772,216316,6148278,6962404,500190,4008956,1546173,5336216
1789818815,4949272,216316,6149617,6723664,500271,4009556,1546775,5336436
1789818817,4950248,150844,6151859,7662576,500337,4009884,1547292,5310064
1789818820,4951155,150884,6152493,6857208,500399,4010408,1547845,5310036
1789818822,4952034,150884,6154258,6993388,500461,4010900,1548445,5335636
1789818825,4952899,150832,6155169,6909508,500520,4011380,1548946,5336624
1789818827,4953849,150804,6157029,6982992,500586,4011712,1549532,5337564
1789818829,4954744,150848,6158340,7594000,500645,4012152,1550037,5310088
1789818832,4955629,150796,6159909,6999844,500707,4012608,1550584,5337320
1789818834,4956503,150796,6160857,6936368,500769,4013068,1551162,5335852
1789818836,4957370,150840,6162760,6996976,500826,4013440,1551622,5310584
1789818839,4958223,150844,6163582,6779268,500886,4013884,1552186,5339148
1789818841,4959074,150804,6165379,7626672,500944,4014300,1552691,5336716
1789818843,4960010,150844,6166719,6943648,501009,4014812,1553272,5337204
1789818846,4960908,150772,6168571,7225052,501075,4015220,1553879,5310560
1789818848,4961953,150844,6169882,6956580,501146,4015676,1554443,5337652
1789818850,4962818,150824,6170856,6713236,501209,4016132,1555009,5336960
1789818853,4963696,150832,6172660,6998140,501271,4016604,1555493,5336420
1789818855,4964587,150884,6173545,7022292,501331,4017040,1556065,5310664
1789818858,4965451,150808,6175149,6959192,501390,4017440,1556629,5338492
1789818860,4966424,150884,6177354,7375700,501456,4017792,1557219,5336760
1789818862,4967239,150800,6178142,7000556,501511,4018244,1557742,5333412
1789818865,4968124,150836,6179207,6953528,501575,4018648,1558230,5310636
1789818867,4969003,150884,6181295,7675168,501640,4019220,1558820,5337980
1789818869,4970014,150796,6182124,6933876,501719,4019728,1559441,5336752
1789818872,4971019,150888,6183984,6994328,501788,4020240,1560009,5310704
1789818874,4971879,150852,6184969,6956588,501848,4020612,1560530,5310596
1789818876,4972764,150792,6186708,7001712,501910,4021116,1561027,5337268
1789818879,4973772,150772,6187796,7358556,501987,4021608,1561758,5337900
1789818881,4974703,150792,6189645,7001416,502053,4022044,1562248,5311220
1789818884,4975627,150884,6190636,6957056,502125,4022520,1562870,5311176
1789818886,4976623,150884,6192500,7002252,502191,4022992,1563408,5337336
1789818888,4977524,150848,6193372,6962104,502255,4023464,1563907,5338908
1789818891,4978401,150848,6194456,6708628,502317,4023920,1564559,5311248
1789818893,4979287,150832,6196652,7673188,502381,4024276,1565034,5338180
1789818895,4980157,150804,6197425,6935228,502442,4024760,1565604,5338552
1789818898,4981019,150804,6199141,6997428,502505,4025316,1566089,5337276
1789818900,4981868,150804,6200078,6917600,502563,4025584,1566601,5311216
1789818903,4982784,150832,6202171,7145812,502623,4026100,1567229,5337020
1789818905,4983652,150772,6203735,7561672,502682,4026560,1567709,5339280
1789818907,4984489,150832,6205463,7245564,502737,4026852,1568265,5338692
1789818910,4985326,150776,6206289,6986944,502794,4027296,1568734,5311176
1789818912,4986162,150776,6207238,6889708,502850,4027780,1569234,5337676
1789818914,4986982,150884,6208950,7048084,502907,4028200,1569821,5339288
1789818917,4987826,150804,6209828,6933864,502963,4028632,1570298,5337808
1789818919,4988681,150832,6212022,7759772,503023,4029032,1570869,5311224
1789818921,4989560,150880,6212777,7032676,503082,4029460,1571334,5338624
1789818924,4990391,150832,6214493,7099212,503139,4029936,1571877,5338312
1789818926,4991218,150808,6215463,7057276,503195,4030304,1572424,5311256
1789818928,4992055,150792,6216380,6815892,503252,4030756,1572899,5311248
1789818931,4992917,150792,6218349,7643728,503312,4031056,1573444,5337372
1789818933,4993773,150888,6219023,6600488,503369,4031604,1573886,5337488
1789818935,4994613,150824,6220631,7079704,503428,4032064,1574445,5311304
1789818938,4995446,150884,6222324,7134048,503485,4032476,1574977,5337940
1789818940,4996306,150880,6223305,7095516,503545,4032912,1575517,5337788
1789818942,4997159,150792,6224188,6948708,503604,4033368,1576034,5337972
1789818944,4998007,150856,6226176,7497916,503664,4033744,1576502,5311296
1789818947,4998878,150880,6227021,6856640,503721,4034208,1577065,5339000
1789818949,4999751,150844,6228796,7136688,503781,4034636,1577607,5337792
1789818952,5000601,150852,6229745,7014936,503842,4035116,1578151,5336692
1789818954,5001468,150808,6231471,7141576,503899,4035524,1578639,5311244
1789818956,5002300,150852,6232873,7769072,503954,4035808,1579118,5336836
1789818959,5003166,150844,6234376,7147564,504013,4036256,1579678,5337556
1789818961,5004018,150832,6235285,7106900,504070,4036776,1580236,5338460
1789818963,5004860,150880,6236973,7155704,504127,4037208,1580785,5311244
1789818966,5005714,150880,6237906,7106020,504186,4037624,1581275,5339468
1789818968,5006572,150848,6239889,7536428,504244,4038068,1581768,5336716
1789818970,5007445,150804,6241337,7321160,504309,4038536,1582310,5315088
1789818973,5008320,150844,6242221,6880228,504368,4038972,1582876,5311284
1789818975,5009177,150804,6243980,7126692,504428,4039344,1583424,5337000
1789818977,5010014,150876,6244731,6655320,504488,4039912,1583910,5337988
1789818980,5010874,150848,6246328,7133796,504548,4040360,1584416,5320968
1789818982,5011728,150884,6248360,7876960,504605,4040792,1584907,5311308
1789818984,5012607,150880,6249306,7166144,504667,4041220,1585475,5337684
1789818987,5013453,150888,6250281,6928020,504727,4041732,1586034,5340012
1789818989,5014280,150836,6251997,7210384,504782,4042096,1586517,5311360
1789818991,5015121,150804,6252715,6932240,504840,4042544,1587061,5338116
1789818994,5015958,150772,6254546,7722540,504901,4042992,1587543,5340656
1789818996,5016866,150796,6255104,6792016,504962,4043444,1588161,5338060
1789818998,5017773,150844,6256969,7090428,505027,4043876,1588718,5311332
1789819001,5018628,150856,6257579,6721912,505085,4044384,1589198,5311296
1789819003,5019460,150792,6259312,6976416,505142,4044800,1589742,5339848
1789819006,5020283,150844,6260986,7009564,505199,4045220,1590216,5337720
1789819008,5021153,150808,6262112,7655076,505259,4045616,1590827,5311348
1789819010,5021988,150880,6263478,6997884,505314,4046104,1591315,5338616
1789819012,5022823,150804,6264484,6971868,505368,4046468,1591790,5336764
1789819015,5023639,150852,6265224,6482324,505424,4046820,1592343,5337468
1789819017,5024503,150796,6266830,6960456,505481,4047344,1592797,5311352
1789819019,5025361,150848,6268958,7884296,505542,4047740,1593444,5340124
1789819022,5026245,150848,6269808,6981100,505604,4048228,1593935,5338848
1789819024,5027090,150848,6270751,6861872,505665,4048588,1594438,5335148
1789819026,5027917,150884,6272433,7005184,505721,4049056,1594957,5311236
1789819029,5028748,150888,6273313,6930368,505776,4049472,1595404,5338184
1789819031,5029586,150804,6275039,7315504,505834,4049888,1596019,5339172
1789819033,5030441,150796,6276427,7352868,505895,4050332,1596510,5311208
1789819036,5031264,150840,6278089,6995112,505949,4050752,1597030,5311240
1789819038,5032113,150888,6278904,6935116,506005,4051148,1597529,5338520
1789819040,5032973,150808,6280668,7004012,506067,4051640,1598023,5338976
1789819043,5033829,150800,6281724,6968296,506129,4052128,1598660,5311360
1789819045,5034669,150836,6282955,7381144,506188,4052564,1599164,5311316
1789819047,5035524,150836,6284488,6969312,506249,4052868,1599720,5337756
1789819050,5036380,150856,6285652,6925236,506306,4053304,1600195,5336448
1789819052,5037204,150828,6287306,7002796,506360,4053752,1600674,5311380
1789819054,5038039,150804,6288306,6957552,506423,4054184,1601315,5337808
1789819057,5038905,150796,6290199,7446896,506485,4054648,1601799,5337520
1789819059,5039792,150888,6291056,6946600,506548,4055192,1602390,5337276
1789819062,5040693,150772,6292966,7237572,506606,4055628,1602885,5311372
1789819064,5041546,150800,6294000,6991176,506664,4055944,1603435,5338420
1789819066,5042358,150804,6294875,6829664,506722,4056436,1603967,5338448
1789819069,5043187,150844,6296547,6999596,506778,4056812,1604431,5337996
1789819071,5044049,150800,6297734,7230612,506838,4057276,1605001,5311372
1789819073,5044882,150844,6299235,7001520,506894,4057640,1605460,5337620
1789819076,5045717,150884,6300306,6961612,506954,4058072,1606092,5337700
1789819078,5046599,150796,6301291,6484972,507018,4058548,1606612,5338272
1789819080,5047424,150884,6302695,6950784,507074,4059076,1607075,5311268
1789819083,5048286,150772,6304670,7676864,507133,4059516,1607636,5339004
1789819085,5049109,150884,6304917,6485232,507190,4059924,1608112,5338884
1789819087,5049915,150880,6305872,6485228,507241,4060400,1608725,5319444
1789819090,5050768,150828,6307435,6972268,507300,4063608,1609219,5311348
1789819092,5051596,150844,6309122,7035004,507355,4061224,1609717,5339804
1789819094,5052439,150804,6310136,7267272,507413,4061664,1610251,5338048
1789819097,5052521,150792,6310380,6773912,507415,4061560,1610483,5311340
1789819099,5052526,150808,6311321,7007780,507416,4061608,1610713,5311300
1789819101,5052535,150828,6311729,6880612,507416,4061656,1610948,5338584
1789819104,5052540,150884,6312836,6997584,507417,4061700,1611180,5337180
1789819106,5052542,150840,6313153,6987308,507417,4061668,1611417,5311368
1789819108,5052544,150808,6313854,7616628,507418,4061688,1611648,5339620
