 Container nazoauth-perf-perf-run-77fc5993c1d5 Creating 
 Container nazoauth-perf-perf-run-77fc5993c1d5 Created 

         /\      Grafana   /‾‾/  
    /\  /  \     |\  __   /  /   
   /  \/    \    | |/ /  /   ‾‾\ 
  /          \   |   (  |  (‾)  |
 / __________ \  |_|\_\  \_____/ 


     execution: local
        script: /perf/k6/oauth.js
        output: -

     scenarios: (100.00%) 1 scenario, 1024 max VUs, 32m0s max duration (incl. graceful stop):
              * cap_mixed: 2000.00 iterations/s for 30m0s (maxVUs: 256-1024, exec: cap_mixed, gracefulStop: 2m0s)


running (00m00.8s), 0008/0256 VUs, 1552 complete and 0 interrupted iterations
cap_mixed   [   0% ] 0008/0256 VUs  00m00.8s/30m0s  2000.00 iters/s

running (00m01.8s), 0012/0256 VUs, 3548 complete and 0 interrupted iterations
cap_mixed   [   0% ] 0012/0256 VUs  00m01.8s/30m0s  2000.00 iters/s

running (00m02.8s), 0010/0256 VUs, 5550 complete and 0 interrupted iterations
cap_mixed   [   0% ] 0010/0256 VUs  00m02.8s/30m0s  2000.00 iters/s

running (00m03.8s), 0018/0256 VUs, 7542 complete and 0 interrupted iterations
cap_mixed   [   0% ] 0018/0256 VUs  00m03.8s/30m0s  2000.00 iters/s

running (00m04.8s), 0008/0256 VUs, 9552 complete and 0 interrupted iterations
cap_mixed   [   0% ] 0008/0256 VUs  00m04.8s/30m0s  2000.00 iters/s

running (00m05.8s), 0014/0256 VUs, 11546 complete and 0 interrupted iterations
cap_mixed   [   0% ] 0014/0256 VUs  00m05.8s/30m0s  2000.00 iters/s

running (00m06.8s), 0014/0256 VUs, 13546 complete and 0 interrupted iterations
cap_mixed   [   0% ] 0014/0256 VUs  00m06.8s/30m0s  2000.00 iters/s

running (00m07.8s), 0012/0256 VUs, 15548 complete and 0 interrupted iterations
cap_mixed   [   0% ] 0012/0256 VUs  00m07.8s/30m0s  2000.00 iters/s

running (00m08.8s), 0011/0256 VUs, 17549 complete and 0 interrupted iterations
cap_mixed   [   0% ] 0012/0256 VUs  00m08.8s/30m0s  2000.00 iters/s

running (00m09.8s), 0010/0256 VUs, 19550 complete and 0 interrupted iterations
cap_mixed   [   1% ] 0010/0256 VUs  00m09.8s/30m0s  2000.00 iters/s

running (00m10.8s), 0012/0256 VUs, 21548 complete and 0 interrupted iterations
cap_mixed   [   1% ] 0012/0256 VUs  00m10.8s/30m0s  2000.00 iters/s

running (00m11.8s), 0007/0256 VUs, 23553 complete and 0 interrupted iterations
cap_mixed   [   1% ] 0007/0256 VUs  00m11.8s/30m0s  2000.00 iters/s

running (00m12.8s), 0007/0256 VUs, 25553 complete and 0 interrupted iterations
cap_mixed   [   1% ] 0007/0256 VUs  00m12.8s/30m0s  2000.00 iters/s

running (00m13.8s), 0018/0256 VUs, 27542 complete and 0 interrupted iterations
cap_mixed   [   1% ] 0018/0256 VUs  00m13.8s/30m0s  2000.00 iters/s

running (00m14.8s), 0014/0256 VUs, 29546 complete and 0 interrupted iterations
cap_mixed   [   1% ] 0014/0256 VUs  00m14.8s/30m0s  2000.00 iters/s

running (00m15.8s), 0011/0256 VUs, 31549 complete and 0 interrupted iterations
cap_mixed   [   1% ] 0012/0256 VUs  00m15.8s/30m0s  2000.00 iters/s

running (00m16.8s), 0011/0256 VUs, 33549 complete and 0 interrupted iterations
cap_mixed   [   1% ] 0011/0256 VUs  00m16.8s/30m0s  2000.00 iters/s

running (00m17.8s), 0014/0256 VUs, 35546 complete and 0 interrupted iterations
cap_mixed   [   1% ] 0014/0256 VUs  00m17.8s/30m0s  2000.00 iters/s

running (00m18.8s), 0014/0256 VUs, 37546 complete and 0 interrupted iterations
cap_mixed   [   1% ] 0014/0256 VUs  00m18.8s/30m0s  2000.00 iters/s

running (00m19.8s), 0016/0256 VUs, 39544 complete and 0 interrupted iterations
cap_mixed   [   1% ] 0016/0256 VUs  00m19.8s/30m0s  2000.00 iters/s

running (00m20.8s), 0010/0256 VUs, 41550 complete and 0 interrupted iterations
cap_mixed   [   1% ] 0010/0256 VUs  00m20.8s/30m0s  2000.00 iters/s

running (00m21.8s), 0015/0256 VUs, 43545 complete and 0 interrupted iterations
cap_mixed   [   1% ] 0015/0256 VUs  00m21.8s/30m0s  2000.00 iters/s

running (00m22.8s), 0010/0256 VUs, 45549 complete and 0 interrupted iterations
cap_mixed   [   1% ] 0010/0256 VUs  00m22.8s/30m0s  2000.00 iters/s

running (00m23.8s), 0008/0256 VUs, 47552 complete and 0 interrupted iterations
cap_mixed   [   1% ] 0008/0256 VUs  00m23.8s/30m0s  2000.00 iters/s

running (00m24.8s), 0010/0256 VUs, 49550 complete and 0 interrupted iterations
cap_mixed   [   1% ] 0010/0256 VUs  00m24.8s/30m0s  2000.00 iters/s

running (00m25.8s), 0009/0256 VUs, 51551 complete and 0 interrupted iterations
cap_mixed   [   1% ] 0009/0256 VUs  00m25.8s/30m0s  2000.00 iters/s

running (00m26.8s), 0010/0256 VUs, 53550 complete and 0 interrupted iterations
cap_mixed   [   1% ] 0010/0256 VUs  00m26.8s/30m0s  2000.00 iters/s

running (00m27.8s), 0014/0256 VUs, 55546 complete and 0 interrupted iterations
cap_mixed   [   2% ] 0014/0256 VUs  00m27.8s/30m0s  2000.00 iters/s

running (00m28.8s), 0007/0256 VUs, 57553 complete and 0 interrupted iterations
cap_mixed   [   2% ] 0007/0256 VUs  00m28.8s/30m0s  2000.00 iters/s

running (00m29.8s), 0013/0256 VUs, 59547 complete and 0 interrupted iterations
cap_mixed   [   2% ] 0013/0256 VUs  00m29.8s/30m0s  2000.00 iters/s

running (00m30.8s), 0012/0256 VUs, 61548 complete and 0 interrupted iterations
cap_mixed   [   2% ] 0012/0256 VUs  00m30.8s/30m0s  2000.00 iters/s

running (00m31.8s), 0007/0256 VUs, 63553 complete and 0 interrupted iterations
cap_mixed   [   2% ] 0007/0256 VUs  00m31.8s/30m0s  2000.00 iters/s

running (00m32.8s), 0011/0256 VUs, 65548 complete and 0 interrupted iterations
cap_mixed   [   2% ] 0011/0256 VUs  00m32.8s/30m0s  2000.00 iters/s

running (00m33.8s), 0010/0256 VUs, 67550 complete and 0 interrupted iterations
cap_mixed   [   2% ] 0010/0256 VUs  00m33.8s/30m0s  2000.00 iters/s

running (00m34.8s), 0016/0256 VUs, 69544 complete and 0 interrupted iterations
cap_mixed   [   2% ] 0016/0256 VUs  00m34.8s/30m0s  2000.00 iters/s

running (00m35.8s), 0011/0256 VUs, 71549 complete and 0 interrupted iterations
cap_mixed   [   2% ] 0011/0256 VUs  00m35.8s/30m0s  2000.00 iters/s

running (00m36.8s), 0018/0256 VUs, 73542 complete and 0 interrupted iterations
cap_mixed   [   2% ] 0018/0256 VUs  00m36.8s/30m0s  2000.00 iters/s

running (00m37.8s), 0013/0256 VUs, 75547 complete and 0 interrupted iterations
cap_mixed   [   2% ] 0013/0256 VUs  00m37.8s/30m0s  2000.00 iters/s

running (00m38.8s), 0012/0256 VUs, 77548 complete and 0 interrupted iterations
cap_mixed   [   2% ] 0012/0256 VUs  00m38.8s/30m0s  2000.00 iters/s

running (00m39.8s), 0014/0256 VUs, 79546 complete and 0 interrupted iterations
cap_mixed   [   2% ] 0014/0256 VUs  00m39.8s/30m0s  2000.00 iters/s

running (00m40.8s), 0009/0256 VUs, 81551 complete and 0 interrupted iterations
cap_mixed   [   2% ] 0009/0256 VUs  00m40.8s/30m0s  2000.00 iters/s

running (00m41.8s), 0011/0256 VUs, 83548 complete and 0 interrupted iterations
cap_mixed   [   2% ] 0011/0256 VUs  00m41.8s/30m0s  2000.00 iters/s

running (00m42.8s), 0011/0256 VUs, 85549 complete and 0 interrupted iterations
cap_mixed   [   2% ] 0011/0256 VUs  00m42.8s/30m0s  2000.00 iters/s

running (00m43.8s), 0016/0256 VUs, 87544 complete and 0 interrupted iterations
cap_mixed   [   2% ] 0016/0256 VUs  00m43.8s/30m0s  2000.00 iters/s

running (00m44.8s), 0010/0256 VUs, 89551 complete and 0 interrupted iterations
cap_mixed   [   2% ] 0010/0256 VUs  00m44.8s/30m0s  2000.00 iters/s

running (00m45.8s), 0013/0256 VUs, 91547 complete and 0 interrupted iterations
cap_mixed   [   3% ] 0013/0256 VUs  00m45.8s/30m0s  2000.00 iters/s

running (00m46.8s), 0014/0256 VUs, 93546 complete and 0 interrupted iterations
cap_mixed   [   3% ] 0014/0256 VUs  00m46.8s/30m0s  2000.00 iters/s

running (00m47.8s), 0013/0256 VUs, 95548 complete and 0 interrupted iterations
cap_mixed   [   3% ] 0013/0256 VUs  00m47.8s/30m0s  2000.00 iters/s

running (00m48.8s), 0011/0256 VUs, 97549 complete and 0 interrupted iterations
cap_mixed   [   3% ] 0011/0256 VUs  00m48.8s/30m0s  2000.00 iters/s

running (00m49.8s), 0014/0256 VUs, 99546 complete and 0 interrupted iterations
cap_mixed   [   3% ] 0014/0256 VUs  00m49.8s/30m0s  2000.00 iters/s

running (00m50.8s), 0009/0256 VUs, 101551 complete and 0 interrupted iterations
cap_mixed   [   3% ] 0009/0256 VUs  00m50.8s/30m0s  2000.00 iters/s

running (00m51.8s), 0007/0256 VUs, 103554 complete and 0 interrupted iterations
cap_mixed   [   3% ] 0007/0256 VUs  00m51.8s/30m0s  2000.00 iters/s

running (00m52.8s), 0006/0256 VUs, 105554 complete and 0 interrupted iterations
cap_mixed   [   3% ] 0006/0256 VUs  00m52.8s/30m0s  2000.00 iters/s

running (00m53.8s), 0011/0256 VUs, 107549 complete and 0 interrupted iterations
cap_mixed   [   3% ] 0011/0256 VUs  00m53.8s/30m0s  2000.00 iters/s

running (00m54.8s), 0009/0256 VUs, 109550 complete and 0 interrupted iterations
cap_mixed   [   3% ] 0009/0256 VUs  00m54.8s/30m0s  2000.00 iters/s

running (00m55.8s), 0016/0256 VUs, 111544 complete and 0 interrupted iterations
cap_mixed   [   3% ] 0016/0256 VUs  00m55.8s/30m0s  2000.00 iters/s

running (00m56.8s), 0013/0256 VUs, 113547 complete and 0 interrupted iterations
cap_mixed   [   3% ] 0013/0256 VUs  00m56.8s/30m0s  2000.00 iters/s

running (00m57.8s), 0011/0256 VUs, 115549 complete and 0 interrupted iterations
cap_mixed   [   3% ] 0011/0256 VUs  00m57.8s/30m0s  2000.00 iters/s

running (00m58.8s), 0006/0256 VUs, 117554 complete and 0 interrupted iterations
cap_mixed   [   3% ] 0006/0256 VUs  00m58.8s/30m0s  2000.00 iters/s

running (00m59.8s), 0012/0256 VUs, 119549 complete and 0 interrupted iterations
cap_mixed   [   3% ] 0012/0256 VUs  00m59.8s/30m0s  2000.00 iters/s

running (01m00.8s), 0008/0256 VUs, 121552 complete and 0 interrupted iterations
cap_mixed   [   3% ] 0008/0256 VUs  01m00.8s/30m0s  2000.00 iters/s

running (01m01.8s), 0017/0256 VUs, 123543 complete and 0 interrupted iterations
cap_mixed   [   3% ] 0017/0256 VUs  01m01.8s/30m0s  2000.00 iters/s

running (01m02.8s), 0014/0256 VUs, 125546 complete and 0 interrupted iterations
cap_mixed   [   3% ] 0014/0256 VUs  01m02.8s/30m0s  2000.00 iters/s

running (01m03.8s), 0009/0256 VUs, 127551 complete and 0 interrupted iterations
cap_mixed   [   4% ] 0009/0256 VUs  01m03.8s/30m0s  2000.00 iters/s

running (01m04.8s), 0011/0256 VUs, 129549 complete and 0 interrupted iterations
cap_mixed   [   4% ] 0011/0256 VUs  01m04.8s/30m0s  2000.00 iters/s

running (01m05.8s), 0010/0256 VUs, 131550 complete and 0 interrupted iterations
cap_mixed   [   4% ] 0010/0256 VUs  01m05.8s/30m0s  2000.00 iters/s

running (01m06.8s), 0013/0256 VUs, 133547 complete and 0 interrupted iterations
cap_mixed   [   4% ] 0013/0256 VUs  01m06.8s/30m0s  2000.00 iters/s

running (01m07.8s), 0006/0256 VUs, 135553 complete and 0 interrupted iterations
cap_mixed   [   4% ] 0006/0256 VUs  01m07.8s/30m0s  2000.00 iters/s

running (01m08.8s), 0014/0256 VUs, 137546 complete and 0 interrupted iterations
cap_mixed   [   4% ] 0014/0256 VUs  01m08.8s/30m0s  2000.00 iters/s

running (01m09.8s), 0009/0256 VUs, 139551 complete and 0 interrupted iterations
cap_mixed   [   4% ] 0009/0256 VUs  01m09.8s/30m0s  2000.00 iters/s

running (01m10.8s), 0008/0256 VUs, 141552 complete and 0 interrupted iterations
cap_mixed   [   4% ] 0008/0256 VUs  01m10.8s/30m0s  2000.00 iters/s

running (01m11.8s), 0020/0256 VUs, 143540 complete and 0 interrupted iterations
cap_mixed   [   4% ] 0020/0256 VUs  01m11.8s/30m0s  2000.00 iters/s

running (01m12.8s), 0015/0256 VUs, 145545 complete and 0 interrupted iterations
cap_mixed   [   4% ] 0015/0256 VUs  01m12.8s/30m0s  2000.00 iters/s

running (01m13.8s), 0011/0256 VUs, 147549 complete and 0 interrupted iterations
cap_mixed   [   4% ] 0011/0256 VUs  01m13.8s/30m0s  2000.00 iters/s

running (01m14.8s), 0014/0256 VUs, 149546 complete and 0 interrupted iterations
cap_mixed   [   4% ] 0014/0256 VUs  01m14.8s/30m0s  2000.00 iters/s

running (01m15.8s), 0007/0256 VUs, 151553 complete and 0 interrupted iterations
cap_mixed   [   4% ] 0007/0256 VUs  01m15.8s/30m0s  2000.00 iters/s

running (01m16.8s), 0011/0256 VUs, 153549 complete and 0 interrupted iterations
cap_mixed   [   4% ] 0011/0256 VUs  01m16.8s/30m0s  2000.00 iters/s

running (01m17.8s), 0006/0256 VUs, 155554 complete and 0 interrupted iterations
cap_mixed   [   4% ] 0006/0256 VUs  01m17.8s/30m0s  2000.00 iters/s

running (01m18.8s), 0014/0256 VUs, 157547 complete and 0 interrupted iterations
cap_mixed   [   4% ] 0014/0256 VUs  01m18.8s/30m0s  2000.00 iters/s

running (01m19.8s), 0011/0256 VUs, 159549 complete and 0 interrupted iterations
cap_mixed   [   4% ] 0011/0256 VUs  01m19.8s/30m0s  2000.00 iters/s

running (01m20.8s), 0015/0256 VUs, 161546 complete and 0 interrupted iterations
cap_mixed   [   4% ] 0015/0256 VUs  01m20.8s/30m0s  2000.00 iters/s

running (01m21.8s), 0008/0256 VUs, 163552 complete and 0 interrupted iterations
cap_mixed   [   5% ] 0008/0256 VUs  01m21.8s/30m0s  2000.00 iters/s

running (01m22.8s), 0012/0256 VUs, 165548 complete and 0 interrupted iterations
cap_mixed   [   5% ] 0012/0256 VUs  01m22.8s/30m0s  2000.00 iters/s

running (01m23.8s), 0011/0256 VUs, 167549 complete and 0 interrupted iterations
cap_mixed   [   5% ] 0011/0256 VUs  01m23.8s/30m0s  2000.00 iters/s

running (01m24.8s), 0012/0256 VUs, 169548 complete and 0 interrupted iterations
cap_mixed   [   5% ] 0012/0256 VUs  01m24.8s/30m0s  2000.00 iters/s

running (01m25.8s), 0011/0256 VUs, 171549 complete and 0 interrupted iterations
cap_mixed   [   5% ] 0011/0256 VUs  01m25.8s/30m0s  2000.00 iters/s

running (01m26.8s), 0004/0256 VUs, 173556 complete and 0 interrupted iterations
cap_mixed   [   5% ] 0004/0256 VUs  01m26.8s/30m0s  2000.00 iters/s

running (01m27.8s), 0013/0256 VUs, 175547 complete and 0 interrupted iterations
cap_mixed   [   5% ] 0013/0256 VUs  01m27.8s/30m0s  2000.00 iters/s

running (01m28.8s), 0007/0256 VUs, 177553 complete and 0 interrupted iterations
cap_mixed   [   5% ] 0007/0256 VUs  01m28.8s/30m0s  2000.00 iters/s

running (01m29.8s), 0011/0256 VUs, 179549 complete and 0 interrupted iterations
cap_mixed   [   5% ] 0011/0256 VUs  01m29.8s/30m0s  2000.00 iters/s

running (01m30.8s), 0013/0256 VUs, 181547 complete and 0 interrupted iterations
cap_mixed   [   5% ] 0013/0256 VUs  01m30.8s/30m0s  2000.00 iters/s

running (01m31.8s), 0013/0256 VUs, 183547 complete and 0 interrupted iterations
cap_mixed   [   5% ] 0013/0256 VUs  01m31.8s/30m0s  2000.00 iters/s

running (01m32.8s), 0006/0256 VUs, 185554 complete and 0 interrupted iterations
cap_mixed   [   5% ] 0006/0256 VUs  01m32.8s/30m0s  2000.00 iters/s

running (01m33.8s), 0011/0256 VUs, 187550 complete and 0 interrupted iterations
cap_mixed   [   5% ] 0011/0256 VUs  01m33.8s/30m0s  2000.00 iters/s

running (01m34.8s), 0014/0256 VUs, 189546 complete and 0 interrupted iterations
cap_mixed   [   5% ] 0014/0256 VUs  01m34.8s/30m0s  2000.00 iters/s

running (01m35.8s), 0015/0256 VUs, 191545 complete and 0 interrupted iterations
cap_mixed   [   5% ] 0015/0256 VUs  01m35.8s/30m0s  2000.00 iters/s

running (01m36.8s), 0016/0256 VUs, 193545 complete and 0 interrupted iterations
cap_mixed   [   5% ] 0016/0256 VUs  01m36.8s/30m0s  2000.00 iters/s

running (01m37.8s), 0013/0256 VUs, 195547 complete and 0 interrupted iterations
cap_mixed   [   5% ] 0013/0256 VUs  01m37.8s/30m0s  2000.00 iters/s

running (01m38.8s), 0007/0256 VUs, 197553 complete and 0 interrupted iterations
cap_mixed   [   5% ] 0007/0256 VUs  01m38.8s/30m0s  2000.00 iters/s

running (01m39.8s), 0010/0256 VUs, 199550 complete and 0 interrupted iterations
cap_mixed   [   6% ] 0010/0256 VUs  01m39.8s/30m0s  2000.00 iters/s

running (01m40.8s), 0012/0256 VUs, 201548 complete and 0 interrupted iterations
cap_mixed   [   6% ] 0012/0256 VUs  01m40.8s/30m0s  2000.00 iters/s

running (01m41.8s), 0021/0256 VUs, 203539 complete and 0 interrupted iterations
cap_mixed   [   6% ] 0021/0256 VUs  01m41.8s/30m0s  2000.00 iters/s

running (01m42.8s), 0015/0256 VUs, 205546 complete and 0 interrupted iterations
cap_mixed   [   6% ] 0015/0256 VUs  01m42.8s/30m0s  2000.00 iters/s

running (01m43.8s), 0009/0256 VUs, 207551 complete and 0 interrupted iterations
cap_mixed   [   6% ] 0009/0256 VUs  01m43.8s/30m0s  2000.00 iters/s

running (01m44.8s), 0008/0256 VUs, 209552 complete and 0 interrupted iterations
cap_mixed   [   6% ] 0008/0256 VUs  01m44.8s/30m0s  2000.00 iters/s

running (01m45.8s), 0011/0256 VUs, 211549 complete and 0 interrupted iterations
cap_mixed   [   6% ] 0011/0256 VUs  01m45.8s/30m0s  2000.00 iters/s

running (01m46.8s), 0010/0256 VUs, 213550 complete and 0 interrupted iterations
cap_mixed   [   6% ] 0010/0256 VUs  01m46.8s/30m0s  2000.00 iters/s

running (01m47.8s), 0012/0256 VUs, 215548 complete and 0 interrupted iterations
cap_mixed   [   6% ] 0012/0256 VUs  01m47.8s/30m0s  2000.00 iters/s

running (01m48.8s), 0017/0256 VUs, 217543 complete and 0 interrupted iterations
cap_mixed   [   6% ] 0017/0256 VUs  01m48.8s/30m0s  2000.00 iters/s

running (01m49.8s), 0010/0256 VUs, 219550 complete and 0 interrupted iterations
cap_mixed   [   6% ] 0010/0256 VUs  01m49.8s/30m0s  2000.00 iters/s

running (01m50.8s), 0009/0256 VUs, 221551 complete and 0 interrupted iterations
cap_mixed   [   6% ] 0009/0256 VUs  01m50.8s/30m0s  2000.00 iters/s

running (01m51.8s), 0011/0256 VUs, 223549 complete and 0 interrupted iterations
cap_mixed   [   6% ] 0011/0256 VUs  01m51.8s/30m0s  2000.00 iters/s

running (01m52.8s), 0014/0256 VUs, 225546 complete and 0 interrupted iterations
cap_mixed   [   6% ] 0014/0256 VUs  01m52.8s/30m0s  2000.00 iters/s

running (01m53.8s), 0013/0256 VUs, 227547 complete and 0 interrupted iterations
cap_mixed   [   6% ] 0013/0256 VUs  01m53.8s/30m0s  2000.00 iters/s

running (01m54.8s), 0007/0256 VUs, 229553 complete and 0 interrupted iterations
cap_mixed   [   6% ] 0007/0256 VUs  01m54.8s/30m0s  2000.00 iters/s

running (01m55.8s), 0010/0256 VUs, 231550 complete and 0 interrupted iterations
cap_mixed   [   6% ] 0010/0256 VUs  01m55.8s/30m0s  2000.00 iters/s

running (01m56.8s), 0016/0256 VUs, 233544 complete and 0 interrupted iterations
cap_mixed   [   6% ] 0016/0256 VUs  01m56.8s/30m0s  2000.00 iters/s

running (01m57.8s), 0012/0256 VUs, 235548 complete and 0 interrupted iterations
cap_mixed   [   7% ] 0012/0256 VUs  01m57.8s/30m0s  2000.00 iters/s

running (01m58.8s), 0010/0256 VUs, 237550 complete and 0 interrupted iterations
cap_mixed   [   7% ] 0010/0256 VUs  01m58.8s/30m0s  2000.00 iters/s

running (01m59.8s), 0011/0256 VUs, 239549 complete and 0 interrupted iterations
cap_mixed   [   7% ] 0011/0256 VUs  01m59.8s/30m0s  2000.00 iters/s

running (02m00.8s), 0013/0256 VUs, 241547 complete and 0 interrupted iterations
cap_mixed   [   7% ] 0013/0256 VUs  02m00.8s/30m0s  2000.00 iters/s

running (02m01.8s), 0011/0256 VUs, 243549 complete and 0 interrupted iterations
cap_mixed   [   7% ] 0011/0256 VUs  02m01.8s/30m0s  2000.00 iters/s

running (02m02.8s), 0012/0256 VUs, 245548 complete and 0 interrupted iterations
cap_mixed   [   7% ] 0012/0256 VUs  02m02.8s/30m0s  2000.00 iters/s

running (02m03.8s), 0016/0256 VUs, 247542 complete and 0 interrupted iterations
cap_mixed   [   7% ] 0016/0256 VUs  02m03.8s/30m0s  2000.00 iters/s

running (02m04.8s), 0016/0256 VUs, 249544 complete and 0 interrupted iterations
cap_mixed   [   7% ] 0016/0256 VUs  02m04.8s/30m0s  2000.00 iters/s

running (02m05.8s), 0016/0256 VUs, 251544 complete and 0 interrupted iterations
cap_mixed   [   7% ] 0016/0256 VUs  02m05.8s/30m0s  2000.00 iters/s

running (02m06.8s), 0012/0256 VUs, 253548 complete and 0 interrupted iterations
cap_mixed   [   7% ] 0012/0256 VUs  02m06.8s/30m0s  2000.00 iters/s

running (02m07.8s), 0008/0256 VUs, 255552 complete and 0 interrupted iterations
cap_mixed   [   7% ] 0008/0256 VUs  02m07.8s/30m0s  2000.00 iters/s

running (02m08.8s), 0027/0256 VUs, 257533 complete and 0 interrupted iterations
cap_mixed   [   7% ] 0027/0256 VUs  02m08.8s/30m0s  2000.00 iters/s

running (02m09.8s), 0012/0256 VUs, 259548 complete and 0 interrupted iterations
cap_mixed   [   7% ] 0012/0256 VUs  02m09.8s/30m0s  2000.00 iters/s

running (02m10.8s), 0008/0256 VUs, 261552 complete and 0 interrupted iterations
cap_mixed   [   7% ] 0008/0256 VUs  02m10.8s/30m0s  2000.00 iters/s

running (02m11.8s), 0011/0256 VUs, 263549 complete and 0 interrupted iterations
cap_mixed   [   7% ] 0011/0256 VUs  02m11.8s/30m0s  2000.00 iters/s

running (02m12.8s), 0016/0256 VUs, 265544 complete and 0 interrupted iterations
cap_mixed   [   7% ] 0016/0256 VUs  02m12.8s/30m0s  2000.00 iters/s

running (02m13.8s), 0017/0256 VUs, 267543 complete and 0 interrupted iterations
cap_mixed   [   7% ] 0017/0256 VUs  02m13.8s/30m0s  2000.00 iters/s

running (02m14.8s), 0013/0256 VUs, 269547 complete and 0 interrupted iterations
cap_mixed   [   7% ] 0013/0256 VUs  02m14.8s/30m0s  2000.00 iters/s

running (02m15.8s), 0011/0256 VUs, 271550 complete and 0 interrupted iterations
cap_mixed   [   8% ] 0011/0256 VUs  02m15.8s/30m0s  2000.00 iters/s

running (02m16.8s), 0010/0256 VUs, 273550 complete and 0 interrupted iterations
cap_mixed   [   8% ] 0010/0256 VUs  02m16.8s/30m0s  2000.00 iters/s

running (02m17.8s), 0018/0256 VUs, 275542 complete and 0 interrupted iterations
cap_mixed   [   8% ] 0017/0256 VUs  02m17.8s/30m0s  2000.00 iters/s

running (02m18.8s), 0016/0256 VUs, 277544 complete and 0 interrupted iterations
cap_mixed   [   8% ] 0016/0256 VUs  02m18.8s/30m0s  2000.00 iters/s

running (02m19.8s), 0012/0256 VUs, 279548 complete and 0 interrupted iterations
cap_mixed   [   8% ] 0012/0256 VUs  02m19.8s/30m0s  2000.00 iters/s

running (02m20.8s), 0014/0256 VUs, 281546 complete and 0 interrupted iterations
cap_mixed   [   8% ] 0014/0256 VUs  02m20.8s/30m0s  2000.00 iters/s

running (02m21.8s), 0011/0256 VUs, 283549 complete and 0 interrupted iterations
cap_mixed   [   8% ] 0011/0256 VUs  02m21.8s/30m0s  2000.00 iters/s

running (02m22.8s), 0014/0256 VUs, 285547 complete and 0 interrupted iterations
cap_mixed   [   8% ] 0014/0256 VUs  02m22.8s/30m0s  2000.00 iters/s

running (02m23.8s), 0008/0256 VUs, 287552 complete and 0 interrupted iterations
cap_mixed   [   8% ] 0008/0256 VUs  02m23.8s/30m0s  2000.00 iters/s

running (02m24.8s), 0007/0256 VUs, 289553 complete and 0 interrupted iterations
cap_mixed   [   8% ] 0007/0256 VUs  02m24.8s/30m0s  2000.00 iters/s

running (02m25.8s), 0017/0256 VUs, 291543 complete and 0 interrupted iterations
cap_mixed   [   8% ] 0017/0256 VUs  02m25.8s/30m0s  2000.00 iters/s

running (02m26.8s), 0018/0256 VUs, 293541 complete and 0 interrupted iterations
cap_mixed   [   8% ] 0018/0256 VUs  02m26.8s/30m0s  2000.00 iters/s

running (02m27.8s), 0011/0256 VUs, 295549 complete and 0 interrupted iterations
cap_mixed   [   8% ] 0011/0256 VUs  02m27.8s/30m0s  2000.00 iters/s

running (02m28.8s), 0011/0256 VUs, 297549 complete and 0 interrupted iterations
cap_mixed   [   8% ] 0011/0256 VUs  02m28.8s/30m0s  2000.00 iters/s

running (02m29.8s), 0016/0256 VUs, 299544 complete and 0 interrupted iterations
cap_mixed   [   8% ] 0016/0256 VUs  02m29.8s/30m0s  2000.00 iters/s

running (02m30.8s), 0008/0256 VUs, 301552 complete and 0 interrupted iterations
cap_mixed   [   8% ] 0008/0256 VUs  02m30.8s/30m0s  2000.00 iters/s

running (02m31.8s), 0012/0256 VUs, 303548 complete and 0 interrupted iterations
cap_mixed   [   8% ] 0012/0256 VUs  02m31.8s/30m0s  2000.00 iters/s

running (02m32.8s), 0010/0256 VUs, 305550 complete and 0 interrupted iterations
cap_mixed   [   8% ] 0010/0256 VUs  02m32.8s/30m0s  2000.00 iters/s

running (02m33.8s), 0012/0256 VUs, 307548 complete and 0 interrupted iterations
cap_mixed   [   9% ] 0012/0256 VUs  02m33.8s/30m0s  2000.00 iters/s

running (02m34.8s), 0008/0256 VUs, 309552 complete and 0 interrupted iterations
cap_mixed   [   9% ] 0008/0256 VUs  02m34.8s/30m0s  2000.00 iters/s

running (02m35.8s), 0012/0256 VUs, 311548 complete and 0 interrupted iterations
cap_mixed   [   9% ] 0012/0256 VUs  02m35.8s/30m0s  2000.00 iters/s

running (02m36.8s), 0007/0256 VUs, 313552 complete and 0 interrupted iterations
cap_mixed   [   9% ] 0007/0256 VUs  02m36.8s/30m0s  2000.00 iters/s

running (02m37.8s), 0010/0256 VUs, 315550 complete and 0 interrupted iterations
cap_mixed   [   9% ] 0010/0256 VUs  02m37.8s/30m0s  2000.00 iters/s

running (02m38.8s), 0026/0256 VUs, 317535 complete and 0 interrupted iterations
cap_mixed   [   9% ] 0026/0256 VUs  02m38.8s/30m0s  2000.00 iters/s

running (02m39.8s), 0009/0256 VUs, 319551 complete and 0 interrupted iterations
cap_mixed   [   9% ] 0009/0256 VUs  02m39.8s/30m0s  2000.00 iters/s

running (02m40.8s), 0010/0256 VUs, 321551 complete and 0 interrupted iterations
cap_mixed   [   9% ] 0010/0256 VUs  02m40.8s/30m0s  2000.00 iters/s

running (02m41.8s), 0014/0256 VUs, 323546 complete and 0 interrupted iterations
cap_mixed   [   9% ] 0014/0256 VUs  02m41.8s/30m0s  2000.00 iters/s

running (02m42.8s), 0011/0256 VUs, 325548 complete and 0 interrupted iterations
cap_mixed   [   9% ] 0012/0256 VUs  02m42.8s/30m0s  2000.00 iters/s

running (02m43.8s), 0016/0256 VUs, 327544 complete and 0 interrupted iterations
cap_mixed   [   9% ] 0016/0256 VUs  02m43.8s/30m0s  2000.00 iters/s

running (02m44.8s), 0010/0256 VUs, 329550 complete and 0 interrupted iterations
cap_mixed   [   9% ] 0010/0256 VUs  02m44.8s/30m0s  2000.00 iters/s

running (02m45.8s), 0017/0256 VUs, 331543 complete and 0 interrupted iterations
cap_mixed   [   9% ] 0017/0256 VUs  02m45.8s/30m0s  2000.00 iters/s

running (02m46.8s), 0011/0256 VUs, 333549 complete and 0 interrupted iterations
cap_mixed   [   9% ] 0011/0256 VUs  02m46.8s/30m0s  2000.00 iters/s

running (02m47.8s), 0013/0256 VUs, 335548 complete and 0 interrupted iterations
cap_mixed   [   9% ] 0013/0256 VUs  02m47.8s/30m0s  2000.00 iters/s

running (02m48.8s), 0012/0256 VUs, 337548 complete and 0 interrupted iterations
cap_mixed   [   9% ] 0012/0256 VUs  02m48.8s/30m0s  2000.00 iters/s

running (02m49.8s), 0011/0256 VUs, 339549 complete and 0 interrupted iterations
cap_mixed   [   9% ] 0011/0256 VUs  02m49.8s/30m0s  2000.00 iters/s

running (02m50.8s), 0018/0256 VUs, 341542 complete and 0 interrupted iterations
cap_mixed   [   9% ] 0018/0256 VUs  02m50.8s/30m0s  2000.00 iters/s

running (02m51.8s), 0017/0256 VUs, 343543 complete and 0 interrupted iterations
cap_mixed   [  10% ] 0017/0256 VUs  02m51.8s/30m0s  2000.00 iters/s

running (02m52.8s), 0012/0256 VUs, 345548 complete and 0 interrupted iterations
cap_mixed   [  10% ] 0012/0256 VUs  02m52.8s/30m0s  2000.00 iters/s

running (02m53.8s), 0009/0256 VUs, 347551 complete and 0 interrupted iterations
cap_mixed   [  10% ] 0009/0256 VUs  02m53.8s/30m0s  2000.00 iters/s

running (02m54.8s), 0012/0256 VUs, 349548 complete and 0 interrupted iterations
cap_mixed   [  10% ] 0012/0256 VUs  02m54.8s/30m0s  2000.00 iters/s

running (02m55.8s), 0010/0256 VUs, 351549 complete and 0 interrupted iterations
cap_mixed   [  10% ] 0011/0256 VUs  02m55.8s/30m0s  2000.00 iters/s

running (02m56.8s), 0014/0256 VUs, 353546 complete and 0 interrupted iterations
cap_mixed   [  10% ] 0014/0256 VUs  02m56.8s/30m0s  2000.00 iters/s

running (02m57.8s), 0013/0256 VUs, 355546 complete and 0 interrupted iterations
cap_mixed   [  10% ] 0014/0256 VUs  02m57.8s/30m0s  2000.00 iters/s

running (02m58.8s), 0014/0256 VUs, 357546 complete and 0 interrupted iterations
cap_mixed   [  10% ] 0014/0256 VUs  02m58.8s/30m0s  2000.00 iters/s

running (02m59.8s), 0008/0256 VUs, 359552 complete and 0 interrupted iterations
cap_mixed   [  10% ] 0008/0256 VUs  02m59.8s/30m0s  2000.00 iters/s

running (03m00.8s), 0009/0256 VUs, 361551 complete and 0 interrupted iterations
cap_mixed   [  10% ] 0009/0256 VUs  03m00.8s/30m0s  2000.00 iters/s

running (03m01.8s), 0012/0256 VUs, 363548 complete and 0 interrupted iterations
cap_mixed   [  10% ] 0012/0256 VUs  03m01.8s/30m0s  2000.00 iters/s

running (03m02.8s), 0009/0256 VUs, 365551 complete and 0 interrupted iterations
cap_mixed   [  10% ] 0009/0256 VUs  03m02.8s/30m0s  2000.00 iters/s

running (03m03.8s), 0015/0256 VUs, 367546 complete and 0 interrupted iterations
cap_mixed   [  10% ] 0015/0256 VUs  03m03.8s/30m0s  2000.00 iters/s

running (03m04.8s), 0016/0256 VUs, 369546 complete and 0 interrupted iterations
cap_mixed   [  10% ] 0016/0256 VUs  03m04.8s/30m0s  2000.00 iters/s

running (03m05.8s), 0013/0256 VUs, 371547 complete and 0 interrupted iterations
cap_mixed   [  10% ] 0013/0256 VUs  03m05.8s/30m0s  2000.00 iters/s

running (03m06.8s), 0011/0256 VUs, 373549 complete and 0 interrupted iterations
cap_mixed   [  10% ] 0011/0256 VUs  03m06.8s/30m0s  2000.00 iters/s

running (03m07.8s), 0014/0256 VUs, 375546 complete and 0 interrupted iterations
cap_mixed   [  10% ] 0014/0256 VUs  03m07.8s/30m0s  2000.00 iters/s

running (03m08.8s), 0014/0256 VUs, 377546 complete and 0 interrupted iterations
cap_mixed   [  10% ] 0014/0256 VUs  03m08.8s/30m0s  2000.00 iters/s

running (03m09.8s), 0022/0256 VUs, 379539 complete and 0 interrupted iterations
cap_mixed   [  11% ] 0022/0256 VUs  03m09.8s/30m0s  2000.00 iters/s

running (03m10.8s), 0010/0256 VUs, 381550 complete and 0 interrupted iterations
cap_mixed   [  11% ] 0010/0256 VUs  03m10.8s/30m0s  2000.00 iters/s

running (03m11.8s), 0017/0256 VUs, 383543 complete and 0 interrupted iterations
cap_mixed   [  11% ] 0017/0256 VUs  03m11.8s/30m0s  2000.00 iters/s

running (03m12.8s), 0013/0256 VUs, 385548 complete and 0 interrupted iterations
cap_mixed   [  11% ] 0013/0256 VUs  03m12.8s/30m0s  2000.00 iters/s

running (03m13.8s), 0014/0256 VUs, 387546 complete and 0 interrupted iterations
cap_mixed   [  11% ] 0014/0256 VUs  03m13.8s/30m0s  2000.00 iters/s

running (03m14.8s), 0014/0256 VUs, 389546 complete and 0 interrupted iterations
cap_mixed   [  11% ] 0014/0256 VUs  03m14.8s/30m0s  2000.00 iters/s

running (03m15.8s), 0017/0256 VUs, 391543 complete and 0 interrupted iterations
cap_mixed   [  11% ] 0017/0256 VUs  03m15.8s/30m0s  2000.00 iters/s

running (03m16.8s), 0014/0256 VUs, 393546 complete and 0 interrupted iterations
cap_mixed   [  11% ] 0014/0256 VUs  03m16.8s/30m0s  2000.00 iters/s

running (03m17.8s), 0009/0256 VUs, 395551 complete and 0 interrupted iterations
cap_mixed   [  11% ] 0009/0256 VUs  03m17.8s/30m0s  2000.00 iters/s

running (03m18.8s), 0012/0256 VUs, 397548 complete and 0 interrupted iterations
cap_mixed   [  11% ] 0012/0256 VUs  03m18.8s/30m0s  2000.00 iters/s

running (03m19.8s), 0009/0256 VUs, 399552 complete and 0 interrupted iterations
cap_mixed   [  11% ] 0009/0256 VUs  03m19.8s/30m0s  2000.00 iters/s

running (03m20.8s), 0013/0256 VUs, 401548 complete and 0 interrupted iterations
cap_mixed   [  11% ] 0013/0256 VUs  03m20.8s/30m0s  2000.00 iters/s

running (03m21.8s), 0016/0256 VUs, 403545 complete and 0 interrupted iterations
cap_mixed   [  11% ] 0016/0256 VUs  03m21.8s/30m0s  2000.00 iters/s

running (03m22.8s), 0015/0256 VUs, 405545 complete and 0 interrupted iterations
cap_mixed   [  11% ] 0015/0256 VUs  03m22.8s/30m0s  2000.00 iters/s

running (03m23.8s), 0015/0256 VUs, 407545 complete and 0 interrupted iterations
cap_mixed   [  11% ] 0015/0256 VUs  03m23.8s/30m0s  2000.00 iters/s

running (03m24.8s), 0011/0256 VUs, 409549 complete and 0 interrupted iterations
cap_mixed   [  11% ] 0011/0256 VUs  03m24.8s/30m0s  2000.00 iters/s

running (03m25.8s), 0013/0256 VUs, 411547 complete and 0 interrupted iterations
cap_mixed   [  11% ] 0013/0256 VUs  03m25.8s/30m0s  2000.00 iters/s

running (03m26.8s), 0009/0256 VUs, 413551 complete and 0 interrupted iterations
cap_mixed   [  11% ] 0009/0256 VUs  03m26.8s/30m0s  2000.00 iters/s

running (03m27.8s), 0016/0256 VUs, 415544 complete and 0 interrupted iterations
cap_mixed   [  12% ] 0016/0256 VUs  03m27.8s/30m0s  2000.00 iters/s

running (03m28.8s), 0008/0256 VUs, 417552 complete and 0 interrupted iterations
cap_mixed   [  12% ] 0008/0256 VUs  03m28.8s/30m0s  2000.00 iters/s

running (03m29.8s), 0009/0256 VUs, 419551 complete and 0 interrupted iterations
cap_mixed   [  12% ] 0009/0256 VUs  03m29.8s/30m0s  2000.00 iters/s

running (03m30.8s), 0009/0256 VUs, 421552 complete and 0 interrupted iterations
cap_mixed   [  12% ] 0009/0256 VUs  03m30.8s/30m0s  2000.00 iters/s

running (03m31.8s), 0013/0256 VUs, 423547 complete and 0 interrupted iterations
cap_mixed   [  12% ] 0013/0256 VUs  03m31.8s/30m0s  2000.00 iters/s

running (03m32.8s), 0009/0256 VUs, 425551 complete and 0 interrupted iterations
cap_mixed   [  12% ] 0009/0256 VUs  03m32.8s/30m0s  2000.00 iters/s

running (03m33.8s), 0014/0256 VUs, 427546 complete and 0 interrupted iterations
cap_mixed   [  12% ] 0014/0256 VUs  03m33.8s/30m0s  2000.00 iters/s

running (03m34.8s), 0005/0256 VUs, 429555 complete and 0 interrupted iterations
cap_mixed   [  12% ] 0005/0256 VUs  03m34.8s/30m0s  2000.00 iters/s

running (03m35.8s), 0009/0256 VUs, 431551 complete and 0 interrupted iterations
cap_mixed   [  12% ] 0009/0256 VUs  03m35.8s/30m0s  2000.00 iters/s

running (03m36.8s), 0009/0256 VUs, 433551 complete and 0 interrupted iterations
cap_mixed   [  12% ] 0009/0256 VUs  03m36.8s/30m0s  2000.00 iters/s

running (03m37.8s), 0009/0256 VUs, 435551 complete and 0 interrupted iterations
cap_mixed   [  12% ] 0009/0256 VUs  03m37.8s/30m0s  2000.00 iters/s

running (03m38.8s), 0008/0256 VUs, 437552 complete and 0 interrupted iterations
cap_mixed   [  12% ] 0008/0256 VUs  03m38.8s/30m0s  2000.00 iters/s

running (03m39.8s), 0019/0256 VUs, 439541 complete and 0 interrupted iterations
cap_mixed   [  12% ] 0019/0256 VUs  03m39.8s/30m0s  2000.00 iters/s

running (03m40.8s), 0011/0256 VUs, 441549 complete and 0 interrupted iterations
cap_mixed   [  12% ] 0011/0256 VUs  03m40.8s/30m0s  2000.00 iters/s

running (03m41.8s), 0011/0256 VUs, 443549 complete and 0 interrupted iterations
cap_mixed   [  12% ] 0011/0256 VUs  03m41.8s/30m0s  2000.00 iters/s

running (03m42.8s), 0012/0256 VUs, 445549 complete and 0 interrupted iterations
cap_mixed   [  12% ] 0012/0256 VUs  03m42.8s/30m0s  2000.00 iters/s

running (03m43.8s), 0014/0256 VUs, 447546 complete and 0 interrupted iterations
cap_mixed   [  12% ] 0014/0256 VUs  03m43.8s/30m0s  2000.00 iters/s

running (03m44.8s), 0015/0256 VUs, 449545 complete and 0 interrupted iterations
cap_mixed   [  12% ] 0015/0256 VUs  03m44.8s/30m0s  2000.00 iters/s

running (03m45.8s), 0028/0256 VUs, 451533 complete and 0 interrupted iterations
cap_mixed   [  13% ] 0029/0256 VUs  03m45.8s/30m0s  2000.00 iters/s

running (03m46.8s), 0014/0256 VUs, 453546 complete and 0 interrupted iterations
cap_mixed   [  13% ] 0014/0256 VUs  03m46.8s/30m0s  2000.00 iters/s

running (03m47.8s), 0015/0256 VUs, 455545 complete and 0 interrupted iterations
cap_mixed   [  13% ] 0015/0256 VUs  03m47.8s/30m0s  2000.00 iters/s

running (03m48.8s), 0010/0256 VUs, 457550 complete and 0 interrupted iterations
cap_mixed   [  13% ] 0010/0256 VUs  03m48.8s/30m0s  2000.00 iters/s

running (03m49.8s), 0012/0256 VUs, 459549 complete and 0 interrupted iterations
cap_mixed   [  13% ] 0012/0256 VUs  03m49.8s/30m0s  2000.00 iters/s

running (03m50.8s), 0010/0256 VUs, 461550 complete and 0 interrupted iterations
cap_mixed   [  13% ] 0010/0256 VUs  03m50.8s/30m0s  2000.00 iters/s

running (03m51.8s), 0013/0256 VUs, 463547 complete and 0 interrupted iterations
cap_mixed   [  13% ] 0013/0256 VUs  03m51.8s/30m0s  2000.00 iters/s

running (03m52.8s), 0015/0256 VUs, 465545 complete and 0 interrupted iterations
cap_mixed   [  13% ] 0015/0256 VUs  03m52.8s/30m0s  2000.00 iters/s

running (03m53.8s), 0013/0256 VUs, 467548 complete and 0 interrupted iterations
cap_mixed   [  13% ] 0013/0256 VUs  03m53.8s/30m0s  2000.00 iters/s

running (03m54.8s), 0010/0256 VUs, 469550 complete and 0 interrupted iterations
cap_mixed   [  13% ] 0010/0256 VUs  03m54.8s/30m0s  2000.00 iters/s

running (03m55.8s), 0014/0256 VUs, 471546 complete and 0 interrupted iterations
cap_mixed   [  13% ] 0014/0256 VUs  03m55.8s/30m0s  2000.00 iters/s

running (03m56.8s), 0011/0256 VUs, 473549 complete and 0 interrupted iterations
cap_mixed   [  13% ] 0011/0256 VUs  03m56.8s/30m0s  2000.00 iters/s

running (03m57.8s), 0010/0256 VUs, 475550 complete and 0 interrupted iterations
cap_mixed   [  13% ] 0010/0256 VUs  03m57.8s/30m0s  2000.00 iters/s

running (03m58.8s), 0024/0256 VUs, 477536 complete and 0 interrupted iterations
cap_mixed   [  13% ] 0024/0256 VUs  03m58.8s/30m0s  2000.00 iters/s

running (03m59.8s), 0021/0256 VUs, 479539 complete and 0 interrupted iterations
cap_mixed   [  13% ] 0021/0256 VUs  03m59.8s/30m0s  2000.00 iters/s

running (04m00.8s), 0014/0256 VUs, 481546 complete and 0 interrupted iterations
cap_mixed   [  13% ] 0014/0256 VUs  04m00.8s/30m0s  2000.00 iters/s

running (04m01.8s), 0023/0256 VUs, 483537 complete and 0 interrupted iterations
cap_mixed   [  13% ] 0023/0256 VUs  04m01.8s/30m0s  2000.00 iters/s

running (04m02.8s), 0016/0256 VUs, 485544 complete and 0 interrupted iterations
cap_mixed   [  13% ] 0016/0256 VUs  04m02.8s/30m0s  2000.00 iters/s

running (04m03.8s), 0012/0256 VUs, 487548 complete and 0 interrupted iterations
cap_mixed   [  14% ] 0011/0256 VUs  04m03.8s/30m0s  2000.00 iters/s

running (04m04.8s), 0014/0256 VUs, 489546 complete and 0 interrupted iterations
cap_mixed   [  14% ] 0014/0256 VUs  04m04.8s/30m0s  2000.00 iters/s

running (04m05.8s), 0017/0256 VUs, 491543 complete and 0 interrupted iterations
cap_mixed   [  14% ] 0018/0256 VUs  04m05.8s/30m0s  2000.00 iters/s

running (04m06.8s), 0021/0256 VUs, 493539 complete and 0 interrupted iterations
cap_mixed   [  14% ] 0021/0256 VUs  04m06.8s/30m0s  2000.00 iters/s

running (04m07.8s), 0008/0256 VUs, 495552 complete and 0 interrupted iterations
cap_mixed   [  14% ] 0008/0256 VUs  04m07.8s/30m0s  2000.00 iters/s

running (04m08.8s), 0014/0256 VUs, 497546 complete and 0 interrupted iterations
cap_mixed   [  14% ] 0014/0256 VUs  04m08.8s/30m0s  2000.00 iters/s

running (04m09.8s), 0011/0256 VUs, 499549 complete and 0 interrupted iterations
cap_mixed   [  14% ] 0011/0256 VUs  04m09.8s/30m0s  2000.00 iters/s

running (04m10.8s), 0015/0256 VUs, 501545 complete and 0 interrupted iterations
cap_mixed   [  14% ] 0015/0256 VUs  04m10.8s/30m0s  2000.00 iters/s

running (04m11.8s), 0007/0256 VUs, 503553 complete and 0 interrupted iterations
cap_mixed   [  14% ] 0007/0256 VUs  04m11.8s/30m0s  2000.00 iters/s

running (04m12.8s), 0012/0256 VUs, 505548 complete and 0 interrupted iterations
cap_mixed   [  14% ] 0012/0256 VUs  04m12.8s/30m0s  2000.00 iters/s

running (04m13.8s), 0013/0256 VUs, 507547 complete and 0 interrupted iterations
cap_mixed   [  14% ] 0013/0256 VUs  04m13.8s/30m0s  2000.00 iters/s

running (04m14.8s), 0012/0256 VUs, 509548 complete and 0 interrupted iterations
cap_mixed   [  14% ] 0012/0256 VUs  04m14.8s/30m0s  2000.00 iters/s

running (04m15.8s), 0014/0256 VUs, 511546 complete and 0 interrupted iterations
cap_mixed   [  14% ] 0014/0256 VUs  04m15.8s/30m0s  2000.00 iters/s

running (04m16.8s), 0022/0256 VUs, 513538 complete and 0 interrupted iterations
cap_mixed   [  14% ] 0022/0256 VUs  04m16.8s/30m0s  2000.00 iters/s

running (04m17.8s), 0012/0256 VUs, 515548 complete and 0 interrupted iterations
cap_mixed   [  14% ] 0012/0256 VUs  04m17.8s/30m0s  2000.00 iters/s

running (04m18.8s), 0026/0256 VUs, 517534 complete and 0 interrupted iterations
cap_mixed   [  14% ] 0026/0256 VUs  04m18.8s/30m0s  2000.00 iters/s

running (04m19.8s), 0017/0256 VUs, 519543 complete and 0 interrupted iterations
cap_mixed   [  14% ] 0017/0256 VUs  04m19.8s/30m0s  2000.00 iters/s

running (04m20.8s), 0011/0256 VUs, 521549 complete and 0 interrupted iterations
cap_mixed   [  14% ] 0011/0256 VUs  04m20.8s/30m0s  2000.00 iters/s

running (04m21.8s), 0009/0256 VUs, 523551 complete and 0 interrupted iterations
cap_mixed   [  15% ] 0009/0256 VUs  04m21.8s/30m0s  2000.00 iters/s

running (04m22.8s), 0020/0256 VUs, 525540 complete and 0 interrupted iterations
cap_mixed   [  15% ] 0020/0256 VUs  04m22.8s/30m0s  2000.00 iters/s

running (04m23.8s), 0009/0256 VUs, 527551 complete and 0 interrupted iterations
cap_mixed   [  15% ] 0009/0256 VUs  04m23.8s/30m0s  2000.00 iters/s

running (04m24.8s), 0011/0256 VUs, 529549 complete and 0 interrupted iterations
cap_mixed   [  15% ] 0011/0256 VUs  04m24.8s/30m0s  2000.00 iters/s

running (04m25.8s), 0014/0256 VUs, 531546 complete and 0 interrupted iterations
cap_mixed   [  15% ] 0014/0256 VUs  04m25.8s/30m0s  2000.00 iters/s

running (04m26.8s), 0010/0256 VUs, 533550 complete and 0 interrupted iterations
cap_mixed   [  15% ] 0010/0256 VUs  04m26.8s/30m0s  2000.00 iters/s

running (04m27.8s), 0013/0256 VUs, 535547 complete and 0 interrupted iterations
cap_mixed   [  15% ] 0013/0256 VUs  04m27.8s/30m0s  2000.00 iters/s

running (04m28.8s), 0016/0256 VUs, 537544 complete and 0 interrupted iterations
cap_mixed   [  15% ] 0016/0256 VUs  04m28.8s/30m0s  2000.00 iters/s

running (04m29.8s), 0018/0256 VUs, 539543 complete and 0 interrupted iterations
cap_mixed   [  15% ] 0017/0256 VUs  04m29.8s/30m0s  2000.00 iters/s

running (04m30.8s), 0013/0256 VUs, 541546 complete and 0 interrupted iterations
cap_mixed   [  15% ] 0013/0256 VUs  04m30.8s/30m0s  2000.00 iters/s

running (04m31.8s), 0013/0256 VUs, 543547 complete and 0 interrupted iterations
cap_mixed   [  15% ] 0013/0256 VUs  04m31.8s/30m0s  2000.00 iters/s

running (04m32.8s), 0010/0256 VUs, 545550 complete and 0 interrupted iterations
cap_mixed   [  15% ] 0010/0256 VUs  04m32.8s/30m0s  2000.00 iters/s

running (04m33.8s), 0013/0256 VUs, 547547 complete and 0 interrupted iterations
cap_mixed   [  15% ] 0013/0256 VUs  04m33.8s/30m0s  2000.00 iters/s

running (04m34.8s), 0013/0256 VUs, 549548 complete and 0 interrupted iterations
cap_mixed   [  15% ] 0013/0256 VUs  04m34.8s/30m0s  2000.00 iters/s

running (04m35.8s), 0016/0256 VUs, 551544 complete and 0 interrupted iterations
cap_mixed   [  15% ] 0016/0256 VUs  04m35.8s/30m0s  2000.00 iters/s

running (04m36.8s), 0017/0256 VUs, 553543 complete and 0 interrupted iterations
cap_mixed   [  15% ] 0017/0256 VUs  04m36.8s/30m0s  2000.00 iters/s

running (04m37.8s), 0013/0256 VUs, 555547 complete and 0 interrupted iterations
cap_mixed   [  15% ] 0013/0256 VUs  04m37.8s/30m0s  2000.00 iters/s

running (04m38.8s), 0012/0256 VUs, 557548 complete and 0 interrupted iterations
cap_mixed   [  15% ] 0012/0256 VUs  04m38.8s/30m0s  2000.00 iters/s

running (04m39.8s), 0018/0256 VUs, 559541 complete and 0 interrupted iterations
cap_mixed   [  16% ] 0018/0256 VUs  04m39.8s/30m0s  2000.00 iters/s

running (04m40.8s), 0016/0256 VUs, 561543 complete and 0 interrupted iterations
cap_mixed   [  16% ] 0016/0256 VUs  04m40.8s/30m0s  2000.00 iters/s

running (04m41.8s), 0013/0256 VUs, 563547 complete and 0 interrupted iterations
cap_mixed   [  16% ] 0013/0256 VUs  04m41.8s/30m0s  2000.00 iters/s

running (04m42.8s), 0013/0256 VUs, 565547 complete and 0 interrupted iterations
cap_mixed   [  16% ] 0013/0256 VUs  04m42.8s/30m0s  2000.00 iters/s

running (04m43.8s), 0010/0256 VUs, 567550 complete and 0 interrupted iterations
cap_mixed   [  16% ] 0010/0256 VUs  04m43.8s/30m0s  2000.00 iters/s

running (04m44.8s), 0013/0256 VUs, 569547 complete and 0 interrupted iterations
cap_mixed   [  16% ] 0013/0256 VUs  04m44.8s/30m0s  2000.00 iters/s

running (04m45.8s), 0050/0256 VUs, 571510 complete and 0 interrupted iterations
cap_mixed   [  16% ] 0050/0256 VUs  04m45.8s/30m0s  2000.00 iters/s

running (04m46.8s), 0014/0256 VUs, 573546 complete and 0 interrupted iterations
cap_mixed   [  16% ] 0014/0256 VUs  04m46.8s/30m0s  2000.00 iters/s

running (04m47.8s), 0079/0256 VUs, 575481 complete and 0 interrupted iterations
cap_mixed   [  16% ] 0079/0256 VUs  04m47.8s/30m0s  2000.00 iters/s

running (04m48.8s), 0022/0256 VUs, 577539 complete and 0 interrupted iterations
cap_mixed   [  16% ] 0022/0256 VUs  04m48.8s/30m0s  2000.00 iters/s

running (04m49.8s), 0010/0256 VUs, 579550 complete and 0 interrupted iterations
cap_mixed   [  16% ] 0010/0256 VUs  04m49.8s/30m0s  2000.00 iters/s

running (04m50.8s), 0016/0256 VUs, 581544 complete and 0 interrupted iterations
cap_mixed   [  16% ] 0017/0256 VUs  04m50.8s/30m0s  2000.00 iters/s

running (04m51.8s), 0010/0256 VUs, 583550 complete and 0 interrupted iterations
cap_mixed   [  16% ] 0010/0256 VUs  04m51.8s/30m0s  2000.00 iters/s

running (04m52.8s), 0011/0256 VUs, 585551 complete and 0 interrupted iterations
cap_mixed   [  16% ] 0011/0256 VUs  04m52.8s/30m0s  2000.00 iters/s

running (04m53.8s), 0013/0256 VUs, 587547 complete and 0 interrupted iterations
cap_mixed   [  16% ] 0013/0256 VUs  04m53.8s/30m0s  2000.00 iters/s

running (04m54.8s), 0018/0256 VUs, 589543 complete and 0 interrupted iterations
cap_mixed   [  16% ] 0018/0256 VUs  04m54.8s/30m0s  2000.00 iters/s

running (04m55.8s), 0010/0256 VUs, 591550 complete and 0 interrupted iterations
cap_mixed   [  16% ] 0010/0256 VUs  04m55.8s/30m0s  2000.00 iters/s

running (04m56.8s), 0014/0256 VUs, 593546 complete and 0 interrupted iterations
cap_mixed   [  16% ] 0014/0256 VUs  04m56.8s/30m0s  2000.00 iters/s

running (04m57.8s), 0025/0256 VUs, 595535 complete and 0 interrupted iterations
cap_mixed   [  17% ] 0025/0256 VUs  04m57.8s/30m0s  2000.00 iters/s

running (04m58.8s), 0015/0256 VUs, 597545 complete and 0 interrupted iterations
cap_mixed   [  17% ] 0015/0256 VUs  04m58.8s/30m0s  2000.00 iters/s

running (04m59.8s), 0012/0256 VUs, 599547 complete and 0 interrupted iterations
cap_mixed   [  17% ] 0013/0256 VUs  04m59.8s/30m0s  2000.00 iters/s

running (05m00.8s), 0021/0256 VUs, 601539 complete and 0 interrupted iterations
cap_mixed   [  17% ] 0021/0256 VUs  05m00.8s/30m0s  2000.00 iters/s

running (05m01.8s), 0017/0256 VUs, 603543 complete and 0 interrupted iterations
cap_mixed   [  17% ] 0017/0256 VUs  05m01.8s/30m0s  2000.00 iters/s

running (05m02.8s), 0020/0256 VUs, 605541 complete and 0 interrupted iterations
cap_mixed   [  17% ] 0020/0256 VUs  05m02.8s/30m0s  2000.00 iters/s

running (05m03.8s), 0010/0256 VUs, 607551 complete and 0 interrupted iterations
cap_mixed   [  17% ] 0010/0256 VUs  05m03.8s/30m0s  2000.00 iters/s

running (05m04.8s), 0011/0256 VUs, 609549 complete and 0 interrupted iterations
cap_mixed   [  17% ] 0011/0256 VUs  05m04.8s/30m0s  2000.00 iters/s

running (05m05.8s), 0019/0256 VUs, 611542 complete and 0 interrupted iterations
cap_mixed   [  17% ] 0019/0256 VUs  05m05.8s/30m0s  2000.00 iters/s

running (05m06.8s), 0023/0256 VUs, 613537 complete and 0 interrupted iterations
cap_mixed   [  17% ] 0023/0256 VUs  05m06.8s/30m0s  2000.00 iters/s

running (05m07.8s), 0013/0256 VUs, 615547 complete and 0 interrupted iterations
cap_mixed   [  17% ] 0013/0256 VUs  05m07.8s/30m0s  2000.00 iters/s

running (05m08.8s), 0019/0256 VUs, 617541 complete and 0 interrupted iterations
cap_mixed   [  17% ] 0019/0256 VUs  05m08.8s/30m0s  2000.00 iters/s

running (05m09.8s), 0023/0256 VUs, 619537 complete and 0 interrupted iterations
cap_mixed   [  17% ] 0023/0256 VUs  05m09.8s/30m0s  2000.00 iters/s

running (05m10.8s), 0015/0256 VUs, 621545 complete and 0 interrupted iterations
cap_mixed   [  17% ] 0015/0256 VUs  05m10.8s/30m0s  2000.00 iters/s

running (05m11.8s), 0010/0256 VUs, 623550 complete and 0 interrupted iterations
cap_mixed   [  17% ] 0010/0256 VUs  05m11.8s/30m0s  2000.00 iters/s

running (05m12.8s), 0025/0256 VUs, 625535 complete and 0 interrupted iterations
cap_mixed   [  17% ] 0025/0256 VUs  05m12.8s/30m0s  2000.00 iters/s

running (05m13.8s), 0017/0256 VUs, 627544 complete and 0 interrupted iterations
cap_mixed   [  17% ] 0017/0256 VUs  05m13.8s/30m0s  2000.00 iters/s

running (05m14.8s), 0010/0256 VUs, 629550 complete and 0 interrupted iterations
cap_mixed   [  17% ] 0010/0256 VUs  05m14.8s/30m0s  2000.00 iters/s

running (05m15.8s), 0022/0256 VUs, 631538 complete and 0 interrupted iterations
cap_mixed   [  18% ] 0022/0256 VUs  05m15.8s/30m0s  2000.00 iters/s

running (05m16.8s), 0012/0256 VUs, 633548 complete and 0 interrupted iterations
cap_mixed   [  18% ] 0012/0256 VUs  05m16.8s/30m0s  2000.00 iters/s

running (05m17.8s), 0011/0256 VUs, 635549 complete and 0 interrupted iterations
cap_mixed   [  18% ] 0011/0256 VUs  05m17.8s/30m0s  2000.00 iters/s

running (05m18.8s), 0018/0256 VUs, 637542 complete and 0 interrupted iterations
cap_mixed   [  18% ] 0018/0256 VUs  05m18.8s/30m0s  2000.00 iters/s

running (05m19.8s), 0020/0256 VUs, 639540 complete and 0 interrupted iterations
cap_mixed   [  18% ] 0020/0256 VUs  05m19.8s/30m0s  2000.00 iters/s

running (05m20.8s), 0007/0256 VUs, 641553 complete and 0 interrupted iterations
cap_mixed   [  18% ] 0007/0256 VUs  05m20.8s/30m0s  2000.00 iters/s

running (05m21.8s), 0017/0256 VUs, 643543 complete and 0 interrupted iterations
cap_mixed   [  18% ] 0017/0256 VUs  05m21.8s/30m0s  2000.00 iters/s

running (05m22.8s), 0019/0256 VUs, 645542 complete and 0 interrupted iterations
cap_mixed   [  18% ] 0019/0256 VUs  05m22.8s/30m0s  2000.00 iters/s

running (05m23.8s), 0017/0256 VUs, 647543 complete and 0 interrupted iterations
cap_mixed   [  18% ] 0017/0256 VUs  05m23.8s/30m0s  2000.00 iters/s

running (05m24.8s), 0013/0256 VUs, 649547 complete and 0 interrupted iterations
cap_mixed   [  18% ] 0013/0256 VUs  05m24.8s/30m0s  2000.00 iters/s

running (05m25.8s), 0012/0256 VUs, 651548 complete and 0 interrupted iterations
cap_mixed   [  18% ] 0012/0256 VUs  05m25.8s/30m0s  2000.00 iters/s

running (05m26.8s), 0010/0256 VUs, 653550 complete and 0 interrupted iterations
cap_mixed   [  18% ] 0010/0256 VUs  05m26.8s/30m0s  2000.00 iters/s

running (05m27.8s), 0009/0256 VUs, 655551 complete and 0 interrupted iterations
cap_mixed   [  18% ] 0009/0256 VUs  05m27.8s/30m0s  2000.00 iters/s

running (05m28.8s), 0010/0256 VUs, 657550 complete and 0 interrupted iterations
cap_mixed   [  18% ] 0010/0256 VUs  05m28.8s/30m0s  2000.00 iters/s

running (05m29.8s), 0023/0256 VUs, 659537 complete and 0 interrupted iterations
cap_mixed   [  18% ] 0023/0256 VUs  05m29.8s/30m0s  2000.00 iters/s

running (05m30.8s), 0013/0256 VUs, 661547 complete and 0 interrupted iterations
cap_mixed   [  18% ] 0013/0256 VUs  05m30.8s/30m0s  2000.00 iters/s

running (05m31.8s), 0014/0256 VUs, 663546 complete and 0 interrupted iterations
cap_mixed   [  18% ] 0014/0256 VUs  05m31.8s/30m0s  2000.00 iters/s

running (05m32.8s), 0011/0256 VUs, 665549 complete and 0 interrupted iterations
cap_mixed   [  18% ] 0011/0256 VUs  05m32.8s/30m0s  2000.00 iters/s

running (05m33.8s), 0015/0256 VUs, 667545 complete and 0 interrupted iterations
cap_mixed   [  19% ] 0015/0256 VUs  05m33.8s/30m0s  2000.00 iters/s

running (05m34.8s), 0015/0256 VUs, 669545 complete and 0 interrupted iterations
cap_mixed   [  19% ] 0015/0256 VUs  05m34.8s/30m0s  2000.00 iters/s

running (05m35.8s), 0015/0256 VUs, 671545 complete and 0 interrupted iterations
cap_mixed   [  19% ] 0015/0256 VUs  05m35.8s/30m0s  2000.00 iters/s

running (05m36.8s), 0013/0256 VUs, 673547 complete and 0 interrupted iterations
cap_mixed   [  19% ] 0013/0256 VUs  05m36.8s/30m0s  2000.00 iters/s

running (05m37.8s), 0011/0256 VUs, 675550 complete and 0 interrupted iterations
cap_mixed   [  19% ] 0011/0256 VUs  05m37.8s/30m0s  2000.00 iters/s

running (05m38.8s), 0006/0256 VUs, 677554 complete and 0 interrupted iterations
cap_mixed   [  19% ] 0006/0256 VUs  05m38.8s/30m0s  2000.00 iters/s

running (05m39.8s), 0011/0256 VUs, 679549 complete and 0 interrupted iterations
cap_mixed   [  19% ] 0011/0256 VUs  05m39.8s/30m0s  2000.00 iters/s

running (05m40.8s), 0011/0256 VUs, 681549 complete and 0 interrupted iterations
cap_mixed   [  19% ] 0011/0256 VUs  05m40.8s/30m0s  2000.00 iters/s

running (05m41.8s), 0012/0256 VUs, 683548 complete and 0 interrupted iterations
cap_mixed   [  19% ] 0012/0256 VUs  05m41.8s/30m0s  2000.00 iters/s

running (05m42.8s), 0012/0256 VUs, 685549 complete and 0 interrupted iterations
cap_mixed   [  19% ] 0012/0256 VUs  05m42.8s/30m0s  2000.00 iters/s

running (05m43.8s), 0019/0256 VUs, 687542 complete and 0 interrupted iterations
cap_mixed   [  19% ] 0019/0256 VUs  05m43.8s/30m0s  2000.00 iters/s

running (05m44.8s), 0012/0256 VUs, 689548 complete and 0 interrupted iterations
cap_mixed   [  19% ] 0012/0256 VUs  05m44.8s/30m0s  2000.00 iters/s

running (05m45.8s), 0023/0256 VUs, 691537 complete and 0 interrupted iterations
cap_mixed   [  19% ] 0023/0256 VUs  05m45.8s/30m0s  2000.00 iters/s

running (05m46.8s), 0010/0256 VUs, 693550 complete and 0 interrupted iterations
cap_mixed   [  19% ] 0010/0256 VUs  05m46.8s/30m0s  2000.00 iters/s

running (05m47.8s), 0015/0256 VUs, 695546 complete and 0 interrupted iterations
cap_mixed   [  19% ] 0015/0256 VUs  05m47.8s/30m0s  2000.00 iters/s

running (05m48.8s), 0015/0256 VUs, 697545 complete and 0 interrupted iterations
cap_mixed   [  19% ] 0015/0256 VUs  05m48.8s/30m0s  2000.00 iters/s

running (05m49.8s), 0010/0256 VUs, 699550 complete and 0 interrupted iterations
cap_mixed   [  19% ] 0010/0256 VUs  05m49.8s/30m0s  2000.00 iters/s

running (05m50.8s), 0014/0256 VUs, 701546 complete and 0 interrupted iterations
cap_mixed   [  19% ] 0014/0256 VUs  05m50.8s/30m0s  2000.00 iters/s

running (05m51.8s), 0016/0256 VUs, 703544 complete and 0 interrupted iterations
cap_mixed   [  20% ] 0016/0256 VUs  05m51.8s/30m0s  2000.00 iters/s

running (05m52.8s), 0014/0256 VUs, 705546 complete and 0 interrupted iterations
cap_mixed   [  20% ] 0014/0256 VUs  05m52.8s/30m0s  2000.00 iters/s

running (05m53.8s), 0012/0256 VUs, 707548 complete and 0 interrupted iterations
cap_mixed   [  20% ] 0012/0256 VUs  05m53.8s/30m0s  2000.00 iters/s

running (05m54.8s), 0015/0256 VUs, 709545 complete and 0 interrupted iterations
cap_mixed   [  20% ] 0015/0256 VUs  05m54.8s/30m0s  2000.00 iters/s

running (05m55.8s), 0012/0256 VUs, 711548 complete and 0 interrupted iterations
cap_mixed   [  20% ] 0012/0256 VUs  05m55.8s/30m0s  2000.00 iters/s

running (05m56.8s), 0012/0256 VUs, 713549 complete and 0 interrupted iterations
cap_mixed   [  20% ] 0012/0256 VUs  05m56.8s/30m0s  2000.00 iters/s

running (05m57.8s), 0012/0256 VUs, 715548 complete and 0 interrupted iterations
cap_mixed   [  20% ] 0012/0256 VUs  05m57.8s/30m0s  2000.00 iters/s

running (05m58.8s), 0016/0256 VUs, 717544 complete and 0 interrupted iterations
cap_mixed   [  20% ] 0016/0256 VUs  05m58.8s/30m0s  2000.00 iters/s

running (05m59.8s), 0012/0256 VUs, 719548 complete and 0 interrupted iterations
cap_mixed   [  20% ] 0012/0256 VUs  05m59.8s/30m0s  2000.00 iters/s

running (06m00.8s), 0010/0256 VUs, 721550 complete and 0 interrupted iterations
cap_mixed   [  20% ] 0010/0256 VUs  06m00.8s/30m0s  2000.00 iters/s

running (06m01.8s), 0012/0256 VUs, 723549 complete and 0 interrupted iterations
cap_mixed   [  20% ] 0012/0256 VUs  06m01.8s/30m0s  2000.00 iters/s

running (06m02.8s), 0017/0256 VUs, 725543 complete and 0 interrupted iterations
cap_mixed   [  20% ] 0017/0256 VUs  06m02.8s/30m0s  2000.00 iters/s

running (06m03.8s), 0015/0256 VUs, 727545 complete and 0 interrupted iterations
cap_mixed   [  20% ] 0015/0256 VUs  06m03.8s/30m0s  2000.00 iters/s

running (06m04.8s), 0013/0256 VUs, 729547 complete and 0 interrupted iterations
cap_mixed   [  20% ] 0013/0256 VUs  06m04.8s/30m0s  2000.00 iters/s

running (06m05.8s), 0008/0256 VUs, 731553 complete and 0 interrupted iterations
cap_mixed   [  20% ] 0008/0256 VUs  06m05.8s/30m0s  2000.00 iters/s

running (06m06.8s), 0012/0256 VUs, 733548 complete and 0 interrupted iterations
cap_mixed   [  20% ] 0012/0256 VUs  06m06.8s/30m0s  2000.00 iters/s

running (06m07.8s), 0019/0256 VUs, 735541 complete and 0 interrupted iterations
cap_mixed   [  20% ] 0019/0256 VUs  06m07.8s/30m0s  2000.00 iters/s

running (06m08.8s), 0019/0256 VUs, 737541 complete and 0 interrupted iterations
cap_mixed   [  20% ] 0019/0256 VUs  06m08.8s/30m0s  2000.00 iters/s

running (06m09.8s), 0024/0256 VUs, 739536 complete and 0 interrupted iterations
cap_mixed   [  21% ] 0024/0256 VUs  06m09.8s/30m0s  2000.00 iters/s

running (06m10.8s), 0012/0256 VUs, 741548 complete and 0 interrupted iterations
cap_mixed   [  21% ] 0012/0256 VUs  06m10.8s/30m0s  2000.00 iters/s

running (06m11.8s), 0026/0256 VUs, 743534 complete and 0 interrupted iterations
cap_mixed   [  21% ] 0026/0256 VUs  06m11.8s/30m0s  2000.00 iters/s

running (06m12.8s), 0019/0256 VUs, 745541 complete and 0 interrupted iterations
cap_mixed   [  21% ] 0019/0256 VUs  06m12.8s/30m0s  2000.00 iters/s

running (06m13.8s), 0015/0256 VUs, 747545 complete and 0 interrupted iterations
cap_mixed   [  21% ] 0015/0256 VUs  06m13.8s/30m0s  2000.00 iters/s

running (06m14.8s), 0014/0256 VUs, 749546 complete and 0 interrupted iterations
cap_mixed   [  21% ] 0014/0256 VUs  06m14.8s/30m0s  2000.00 iters/s

running (06m15.8s), 0018/0256 VUs, 751543 complete and 0 interrupted iterations
cap_mixed   [  21% ] 0018/0256 VUs  06m15.8s/30m0s  2000.00 iters/s

running (06m16.8s), 0013/0256 VUs, 753547 complete and 0 interrupted iterations
cap_mixed   [  21% ] 0013/0256 VUs  06m16.8s/30m0s  2000.00 iters/s

running (06m17.8s), 0017/0256 VUs, 755543 complete and 0 interrupted iterations
cap_mixed   [  21% ] 0017/0256 VUs  06m17.8s/30m0s  2000.00 iters/s

running (06m18.8s), 0008/0256 VUs, 757552 complete and 0 interrupted iterations
cap_mixed   [  21% ] 0008/0256 VUs  06m18.8s/30m0s  2000.00 iters/s

running (06m19.8s), 0012/0256 VUs, 759548 complete and 0 interrupted iterations
cap_mixed   [  21% ] 0012/0256 VUs  06m19.8s/30m0s  2000.00 iters/s

running (06m20.8s), 0023/0256 VUs, 761537 complete and 0 interrupted iterations
cap_mixed   [  21% ] 0023/0256 VUs  06m20.8s/30m0s  2000.00 iters/s

running (06m21.8s), 0015/0256 VUs, 763545 complete and 0 interrupted iterations
cap_mixed   [  21% ] 0015/0256 VUs  06m21.8s/30m0s  2000.00 iters/s

running (06m22.8s), 0009/0256 VUs, 765551 complete and 0 interrupted iterations
cap_mixed   [  21% ] 0009/0256 VUs  06m22.8s/30m0s  2000.00 iters/s

running (06m23.8s), 0008/0256 VUs, 767552 complete and 0 interrupted iterations
cap_mixed   [  21% ] 0008/0256 VUs  06m23.8s/30m0s  2000.00 iters/s

running (06m24.8s), 0014/0256 VUs, 769547 complete and 0 interrupted iterations
cap_mixed   [  21% ] 0014/0256 VUs  06m24.8s/30m0s  2000.00 iters/s

running (06m25.8s), 0012/0256 VUs, 771548 complete and 0 interrupted iterations
cap_mixed   [  21% ] 0012/0256 VUs  06m25.8s/30m0s  2000.00 iters/s

running (06m26.8s), 0012/0256 VUs, 773548 complete and 0 interrupted iterations
cap_mixed   [  21% ] 0012/0256 VUs  06m26.8s/30m0s  2000.00 iters/s

running (06m27.8s), 0019/0256 VUs, 775542 complete and 0 interrupted iterations
cap_mixed   [  22% ] 0019/0256 VUs  06m27.8s/30m0s  2000.00 iters/s

running (06m28.8s), 0014/0256 VUs, 777546 complete and 0 interrupted iterations
cap_mixed   [  22% ] 0014/0256 VUs  06m28.8s/30m0s  2000.00 iters/s

running (06m29.8s), 0009/0256 VUs, 779551 complete and 0 interrupted iterations
cap_mixed   [  22% ] 0009/0256 VUs  06m29.8s/30m0s  2000.00 iters/s

running (06m30.8s), 0014/0256 VUs, 781546 complete and 0 interrupted iterations
cap_mixed   [  22% ] 0014/0256 VUs  06m30.8s/30m0s  2000.00 iters/s

running (06m31.8s), 0017/0256 VUs, 783543 complete and 0 interrupted iterations
cap_mixed   [  22% ] 0017/0256 VUs  06m31.8s/30m0s  2000.00 iters/s

running (06m32.8s), 0011/0256 VUs, 785549 complete and 0 interrupted iterations
cap_mixed   [  22% ] 0011/0256 VUs  06m32.8s/30m0s  2000.00 iters/s

running (06m33.8s), 0011/0256 VUs, 787549 complete and 0 interrupted iterations
cap_mixed   [  22% ] 0011/0256 VUs  06m33.8s/30m0s  2000.00 iters/s

running (06m34.8s), 0013/0256 VUs, 789548 complete and 0 interrupted iterations
cap_mixed   [  22% ] 0013/0256 VUs  06m34.8s/30m0s  2000.00 iters/s

running (06m35.8s), 0024/0256 VUs, 791537 complete and 0 interrupted iterations
cap_mixed   [  22% ] 0024/0256 VUs  06m35.8s/30m0s  2000.00 iters/s

running (06m36.8s), 0027/0256 VUs, 793533 complete and 0 interrupted iterations
cap_mixed   [  22% ] 0027/0256 VUs  06m36.8s/30m0s  2000.00 iters/s

running (06m37.8s), 0016/0256 VUs, 795544 complete and 0 interrupted iterations
cap_mixed   [  22% ] 0016/0256 VUs  06m37.8s/30m0s  2000.00 iters/s

running (06m38.8s), 0014/0256 VUs, 797546 complete and 0 interrupted iterations
cap_mixed   [  22% ] 0014/0256 VUs  06m38.8s/30m0s  2000.00 iters/s

running (06m39.8s), 0119/0256 VUs, 799441 complete and 0 interrupted iterations
cap_mixed   [  22% ] 0119/0256 VUs  06m39.8s/30m0s  2000.00 iters/s

running (06m40.8s), 0018/0256 VUs, 801543 complete and 0 interrupted iterations
cap_mixed   [  22% ] 0018/0256 VUs  06m40.8s/30m0s  2000.00 iters/s

running (06m41.8s), 0013/0256 VUs, 803547 complete and 0 interrupted iterations
cap_mixed   [  22% ] 0013/0256 VUs  06m41.8s/30m0s  2000.00 iters/s

running (06m42.8s), 0031/0256 VUs, 805530 complete and 0 interrupted iterations
cap_mixed   [  22% ] 0031/0256 VUs  06m42.8s/30m0s  2000.00 iters/s

running (06m43.8s), 0017/0256 VUs, 807543 complete and 0 interrupted iterations
cap_mixed   [  22% ] 0017/0256 VUs  06m43.8s/30m0s  2000.00 iters/s

running (06m44.8s), 0016/0256 VUs, 809542 complete and 0 interrupted iterations
cap_mixed   [  22% ] 0017/0256 VUs  06m44.8s/30m0s  2000.00 iters/s

running (06m45.8s), 0011/0256 VUs, 811549 complete and 0 interrupted iterations
cap_mixed   [  23% ] 0011/0256 VUs  06m45.8s/30m0s  2000.00 iters/s

running (06m46.8s), 0011/0256 VUs, 813549 complete and 0 interrupted iterations
cap_mixed   [  23% ] 0011/0256 VUs  06m46.8s/30m0s  2000.00 iters/s

running (06m47.8s), 0018/0256 VUs, 815542 complete and 0 interrupted iterations
cap_mixed   [  23% ] 0018/0256 VUs  06m47.8s/30m0s  2000.00 iters/s

running (06m48.8s), 0016/0256 VUs, 817544 complete and 0 interrupted iterations
cap_mixed   [  23% ] 0016/0256 VUs  06m48.8s/30m0s  2000.00 iters/s

running (06m49.8s), 0014/0256 VUs, 819546 complete and 0 interrupted iterations
cap_mixed   [  23% ] 0014/0256 VUs  06m49.8s/30m0s  2000.00 iters/s

running (06m50.8s), 0017/0256 VUs, 821542 complete and 0 interrupted iterations
cap_mixed   [  23% ] 0017/0256 VUs  06m50.8s/30m0s  2000.00 iters/s

running (06m51.8s), 0016/0256 VUs, 823544 complete and 0 interrupted iterations
cap_mixed   [  23% ] 0016/0256 VUs  06m51.8s/30m0s  2000.00 iters/s

running (06m52.8s), 0014/0256 VUs, 825546 complete and 0 interrupted iterations
cap_mixed   [  23% ] 0014/0256 VUs  06m52.8s/30m0s  2000.00 iters/s

running (06m53.8s), 0025/0256 VUs, 827534 complete and 0 interrupted iterations
cap_mixed   [  23% ] 0025/0256 VUs  06m53.8s/30m0s  2000.00 iters/s

running (06m54.8s), 0017/0256 VUs, 829543 complete and 0 interrupted iterations
cap_mixed   [  23% ] 0017/0256 VUs  06m54.8s/30m0s  2000.00 iters/s

running (06m55.8s), 0009/0256 VUs, 831551 complete and 0 interrupted iterations
cap_mixed   [  23% ] 0009/0256 VUs  06m55.8s/30m0s  2000.00 iters/s

running (06m56.8s), 0011/0256 VUs, 833549 complete and 0 interrupted iterations
cap_mixed   [  23% ] 0011/0256 VUs  06m56.8s/30m0s  2000.00 iters/s

running (06m57.8s), 0018/0256 VUs, 835542 complete and 0 interrupted iterations
cap_mixed   [  23% ] 0018/0256 VUs  06m57.8s/30m0s  2000.00 iters/s

running (06m58.8s), 0017/0256 VUs, 837543 complete and 0 interrupted iterations
cap_mixed   [  23% ] 0017/0256 VUs  06m58.8s/30m0s  2000.00 iters/s

running (06m59.8s), 0010/0256 VUs, 839550 complete and 0 interrupted iterations
cap_mixed   [  23% ] 0010/0256 VUs  06m59.8s/30m0s  2000.00 iters/s

running (07m00.8s), 0011/0256 VUs, 841549 complete and 0 interrupted iterations
cap_mixed   [  23% ] 0011/0256 VUs  07m00.8s/30m0s  2000.00 iters/s

running (07m01.8s), 0011/0256 VUs, 843550 complete and 0 interrupted iterations
cap_mixed   [  23% ] 0011/0256 VUs  07m01.8s/30m0s  2000.00 iters/s

running (07m02.8s), 0016/0256 VUs, 845544 complete and 0 interrupted iterations
cap_mixed   [  23% ] 0016/0256 VUs  07m02.8s/30m0s  2000.00 iters/s

running (07m03.8s), 0009/0256 VUs, 847551 complete and 0 interrupted iterations
cap_mixed   [  24% ] 0009/0256 VUs  07m03.8s/30m0s  2000.00 iters/s

running (07m04.8s), 0015/0256 VUs, 849545 complete and 0 interrupted iterations
cap_mixed   [  24% ] 0015/0256 VUs  07m04.8s/30m0s  2000.00 iters/s

running (07m05.8s), 0014/0256 VUs, 851546 complete and 0 interrupted iterations
cap_mixed   [  24% ] 0014/0256 VUs  07m05.8s/30m0s  2000.00 iters/s

running (07m06.8s), 0016/0256 VUs, 853545 complete and 0 interrupted iterations
cap_mixed   [  24% ] 0016/0256 VUs  07m06.8s/30m0s  2000.00 iters/s

running (07m07.8s), 0020/0256 VUs, 855541 complete and 0 interrupted iterations
cap_mixed   [  24% ] 0020/0256 VUs  07m07.8s/30m0s  2000.00 iters/s

running (07m08.8s), 0014/0256 VUs, 857546 complete and 0 interrupted iterations
cap_mixed   [  24% ] 0014/0256 VUs  07m08.8s/30m0s  2000.00 iters/s

running (07m09.8s), 0013/0256 VUs, 859547 complete and 0 interrupted iterations
cap_mixed   [  24% ] 0013/0256 VUs  07m09.8s/30m0s  2000.00 iters/s

running (07m10.8s), 0014/0256 VUs, 861546 complete and 0 interrupted iterations
cap_mixed   [  24% ] 0014/0256 VUs  07m10.8s/30m0s  2000.00 iters/s

running (07m11.8s), 0013/0256 VUs, 863547 complete and 0 interrupted iterations
cap_mixed   [  24% ] 0013/0256 VUs  07m11.8s/30m0s  2000.00 iters/s

running (07m12.8s), 0017/0256 VUs, 865543 complete and 0 interrupted iterations
cap_mixed   [  24% ] 0017/0256 VUs  07m12.8s/30m0s  2000.00 iters/s

running (07m13.8s), 0020/0256 VUs, 867541 complete and 0 interrupted iterations
cap_mixed   [  24% ] 0020/0256 VUs  07m13.8s/30m0s  2000.00 iters/s

running (07m14.8s), 0017/0256 VUs, 869543 complete and 0 interrupted iterations
cap_mixed   [  24% ] 0017/0256 VUs  07m14.8s/30m0s  2000.00 iters/s

running (07m15.8s), 0035/0256 VUs, 871525 complete and 0 interrupted iterations
cap_mixed   [  24% ] 0035/0256 VUs  07m15.8s/30m0s  2000.00 iters/s

running (07m16.8s), 0011/0256 VUs, 873549 complete and 0 interrupted iterations
cap_mixed   [  24% ] 0011/0256 VUs  07m16.8s/30m0s  2000.00 iters/s

running (07m17.8s), 0017/0256 VUs, 875543 complete and 0 interrupted iterations
cap_mixed   [  24% ] 0017/0256 VUs  07m17.8s/30m0s  2000.00 iters/s

running (07m18.8s), 0016/0256 VUs, 877544 complete and 0 interrupted iterations
cap_mixed   [  24% ] 0016/0256 VUs  07m18.8s/30m0s  2000.00 iters/s

running (07m19.8s), 0013/0256 VUs, 879547 complete and 0 interrupted iterations
cap_mixed   [  24% ] 0013/0256 VUs  07m19.8s/30m0s  2000.00 iters/s

running (07m20.8s), 0011/0256 VUs, 881549 complete and 0 interrupted iterations
cap_mixed   [  24% ] 0011/0256 VUs  07m20.8s/30m0s  2000.00 iters/s

running (07m21.8s), 0010/0256 VUs, 883550 complete and 0 interrupted iterations
cap_mixed   [  25% ] 0010/0256 VUs  07m21.8s/30m0s  2000.00 iters/s

running (07m22.8s), 0024/0256 VUs, 885536 complete and 0 interrupted iterations
cap_mixed   [  25% ] 0024/0256 VUs  07m22.8s/30m0s  2000.00 iters/s

running (07m23.8s), 0006/0256 VUs, 887554 complete and 0 interrupted iterations
cap_mixed   [  25% ] 0006/0256 VUs  07m23.8s/30m0s  2000.00 iters/s

running (07m24.8s), 0038/0256 VUs, 889522 complete and 0 interrupted iterations
cap_mixed   [  25% ] 0038/0256 VUs  07m24.8s/30m0s  2000.00 iters/s

running (07m25.8s), 0010/0256 VUs, 891551 complete and 0 interrupted iterations
cap_mixed   [  25% ] 0010/0256 VUs  07m25.8s/30m0s  2000.00 iters/s

running (07m26.8s), 0021/0256 VUs, 893539 complete and 0 interrupted iterations
cap_mixed   [  25% ] 0021/0256 VUs  07m26.8s/30m0s  2000.00 iters/s

running (07m27.8s), 0015/0256 VUs, 895545 complete and 0 interrupted iterations
cap_mixed   [  25% ] 0015/0256 VUs  07m27.8s/30m0s  2000.00 iters/s

running (07m28.8s), 0011/0256 VUs, 897549 complete and 0 interrupted iterations
cap_mixed   [  25% ] 0011/0256 VUs  07m28.8s/30m0s  2000.00 iters/s

running (07m29.8s), 0013/0256 VUs, 899547 complete and 0 interrupted iterations
cap_mixed   [  25% ] 0013/0256 VUs  07m29.8s/30m0s  2000.00 iters/s

running (07m30.8s), 0014/0256 VUs, 901546 complete and 0 interrupted iterations
cap_mixed   [  25% ] 0014/0256 VUs  07m30.8s/30m0s  2000.00 iters/s

running (07m31.8s), 0014/0256 VUs, 903546 complete and 0 interrupted iterations
cap_mixed   [  25% ] 0014/0256 VUs  07m31.8s/30m0s  2000.00 iters/s

running (07m32.8s), 0014/0256 VUs, 905544 complete and 0 interrupted iterations
cap_mixed   [  25% ] 0014/0256 VUs  07m32.8s/30m0s  2000.00 iters/s

running (07m33.8s), 0011/0256 VUs, 907549 complete and 0 interrupted iterations
cap_mixed   [  25% ] 0011/0256 VUs  07m33.8s/30m0s  2000.00 iters/s

running (07m34.8s), 0011/0256 VUs, 909549 complete and 0 interrupted iterations
cap_mixed   [  25% ] 0011/0256 VUs  07m34.8s/30m0s  2000.00 iters/s

running (07m35.8s), 0011/0256 VUs, 911550 complete and 0 interrupted iterations
cap_mixed   [  25% ] 0011/0256 VUs  07m35.8s/30m0s  2000.00 iters/s

running (07m36.8s), 0010/0256 VUs, 913550 complete and 0 interrupted iterations
cap_mixed   [  25% ] 0010/0256 VUs  07m36.8s/30m0s  2000.00 iters/s

running (07m37.8s), 0056/0256 VUs, 915504 complete and 0 interrupted iterations
cap_mixed   [  25% ] 0056/0256 VUs  07m37.8s/30m0s  2000.00 iters/s

running (07m38.8s), 0010/0256 VUs, 917549 complete and 0 interrupted iterations
cap_mixed   [  25% ] 0010/0256 VUs  07m38.8s/30m0s  2000.00 iters/s

running (07m39.8s), 0009/0256 VUs, 919551 complete and 0 interrupted iterations
cap_mixed   [  26% ] 0009/0256 VUs  07m39.8s/30m0s  2000.00 iters/s

running (07m40.8s), 0010/0256 VUs, 921550 complete and 0 interrupted iterations
cap_mixed   [  26% ] 0010/0256 VUs  07m40.8s/30m0s  2000.00 iters/s

running (07m41.8s), 0007/0256 VUs, 923553 complete and 0 interrupted iterations
cap_mixed   [  26% ] 0007/0256 VUs  07m41.8s/30m0s  2000.00 iters/s

running (07m42.8s), 0010/0256 VUs, 925550 complete and 0 interrupted iterations
cap_mixed   [  26% ] 0010/0256 VUs  07m42.8s/30m0s  2000.00 iters/s

running (07m43.8s), 0018/0256 VUs, 927541 complete and 0 interrupted iterations
cap_mixed   [  26% ] 0018/0256 VUs  07m43.8s/30m0s  2000.00 iters/s

running (07m44.8s), 0020/0256 VUs, 929540 complete and 0 interrupted iterations
cap_mixed   [  26% ] 0020/0256 VUs  07m44.8s/30m0s  2000.00 iters/s

running (07m45.8s), 0016/0256 VUs, 931544 complete and 0 interrupted iterations
cap_mixed   [  26% ] 0016/0256 VUs  07m45.8s/30m0s  2000.00 iters/s

running (07m46.8s), 0009/0256 VUs, 933551 complete and 0 interrupted iterations
cap_mixed   [  26% ] 0009/0256 VUs  07m46.8s/30m0s  2000.00 iters/s

running (07m47.8s), 0024/0256 VUs, 935536 complete and 0 interrupted iterations
cap_mixed   [  26% ] 0024/0256 VUs  07m47.8s/30m0s  2000.00 iters/s

running (07m48.8s), 0018/0256 VUs, 937542 complete and 0 interrupted iterations
cap_mixed   [  26% ] 0018/0256 VUs  07m48.8s/30m0s  2000.00 iters/s

running (07m49.8s), 0013/0256 VUs, 939547 complete and 0 interrupted iterations
cap_mixed   [  26% ] 0013/0256 VUs  07m49.8s/30m0s  2000.00 iters/s

running (07m50.8s), 0010/0256 VUs, 941550 complete and 0 interrupted iterations
cap_mixed   [  26% ] 0010/0256 VUs  07m50.8s/30m0s  2000.00 iters/s

running (07m51.8s), 0013/0256 VUs, 943547 complete and 0 interrupted iterations
cap_mixed   [  26% ] 0013/0256 VUs  07m51.8s/30m0s  2000.00 iters/s

running (07m52.8s), 0012/0256 VUs, 945548 complete and 0 interrupted iterations
cap_mixed   [  26% ] 0012/0256 VUs  07m52.8s/30m0s  2000.00 iters/s

running (07m53.8s), 0015/0256 VUs, 947545 complete and 0 interrupted iterations
cap_mixed   [  26% ] 0015/0256 VUs  07m53.8s/30m0s  2000.00 iters/s

running (07m54.8s), 0044/0256 VUs, 949516 complete and 0 interrupted iterations
cap_mixed   [  26% ] 0044/0256 VUs  07m54.8s/30m0s  2000.00 iters/s

running (07m55.8s), 0011/0256 VUs, 951549 complete and 0 interrupted iterations
cap_mixed   [  26% ] 0011/0256 VUs  07m55.8s/30m0s  2000.00 iters/s

running (07m56.8s), 0008/0256 VUs, 953552 complete and 0 interrupted iterations
cap_mixed   [  26% ] 0008/0256 VUs  07m56.8s/30m0s  2000.00 iters/s

running (07m57.8s), 0015/0256 VUs, 955545 complete and 0 interrupted iterations
cap_mixed   [  27% ] 0015/0256 VUs  07m57.8s/30m0s  2000.00 iters/s

running (07m58.8s), 0015/0256 VUs, 957544 complete and 0 interrupted iterations
cap_mixed   [  27% ] 0016/0256 VUs  07m58.8s/30m0s  2000.00 iters/s

running (07m59.8s), 0009/0256 VUs, 959551 complete and 0 interrupted iterations
cap_mixed   [  27% ] 0009/0256 VUs  07m59.8s/30m0s  2000.00 iters/s

running (08m00.8s), 0021/0256 VUs, 961539 complete and 0 interrupted iterations
cap_mixed   [  27% ] 0021/0256 VUs  08m00.8s/30m0s  2000.00 iters/s

running (08m01.8s), 0019/0256 VUs, 963541 complete and 0 interrupted iterations
cap_mixed   [  27% ] 0019/0256 VUs  08m01.8s/30m0s  2000.00 iters/s

running (08m02.8s), 0018/0256 VUs, 965542 complete and 0 interrupted iterations
cap_mixed   [  27% ] 0018/0256 VUs  08m02.8s/30m0s  2000.00 iters/s

running (08m03.8s), 0012/0256 VUs, 967548 complete and 0 interrupted iterations
cap_mixed   [  27% ] 0012/0256 VUs  08m03.8s/30m0s  2000.00 iters/s

running (08m04.8s), 0011/0256 VUs, 969549 complete and 0 interrupted iterations
cap_mixed   [  27% ] 0011/0256 VUs  08m04.8s/30m0s  2000.00 iters/s

running (08m05.8s), 0016/0256 VUs, 971544 complete and 0 interrupted iterations
cap_mixed   [  27% ] 0016/0256 VUs  08m05.8s/30m0s  2000.00 iters/s

running (08m06.8s), 0013/0256 VUs, 973547 complete and 0 interrupted iterations
cap_mixed   [  27% ] 0013/0256 VUs  08m06.8s/30m0s  2000.00 iters/s

running (08m07.8s), 0010/0256 VUs, 975550 complete and 0 interrupted iterations
cap_mixed   [  27% ] 0010/0256 VUs  08m07.8s/30m0s  2000.00 iters/s

running (08m08.8s), 0043/0256 VUs, 977515 complete and 0 interrupted iterations
cap_mixed   [  27% ] 0043/0256 VUs  08m08.8s/30m0s  2000.00 iters/s

running (08m09.8s), 0010/0256 VUs, 979550 complete and 0 interrupted iterations
cap_mixed   [  27% ] 0010/0256 VUs  08m09.8s/30m0s  2000.00 iters/s

running (08m10.8s), 0017/0256 VUs, 981543 complete and 0 interrupted iterations
cap_mixed   [  27% ] 0017/0256 VUs  08m10.8s/30m0s  2000.00 iters/s

running (08m11.8s), 0013/0256 VUs, 983547 complete and 0 interrupted iterations
cap_mixed   [  27% ] 0013/0256 VUs  08m11.8s/30m0s  2000.00 iters/s

running (08m12.8s), 0015/0256 VUs, 985545 complete and 0 interrupted iterations
cap_mixed   [  27% ] 0015/0256 VUs  08m12.8s/30m0s  2000.00 iters/s

running (08m13.8s), 0018/0256 VUs, 987542 complete and 0 interrupted iterations
cap_mixed   [  27% ] 0018/0256 VUs  08m13.8s/30m0s  2000.00 iters/s

running (08m14.8s), 0017/0256 VUs, 989543 complete and 0 interrupted iterations
cap_mixed   [  27% ] 0017/0256 VUs  08m14.8s/30m0s  2000.00 iters/s

running (08m15.8s), 0012/0256 VUs, 991548 complete and 0 interrupted iterations
cap_mixed   [  28% ] 0012/0256 VUs  08m15.8s/30m0s  2000.00 iters/s

running (08m16.8s), 0016/0256 VUs, 993544 complete and 0 interrupted iterations
cap_mixed   [  28% ] 0016/0256 VUs  08m16.8s/30m0s  2000.00 iters/s

running (08m17.8s), 0021/0256 VUs, 995539 complete and 0 interrupted iterations
cap_mixed   [  28% ] 0021/0256 VUs  08m17.8s/30m0s  2000.00 iters/s

running (08m18.8s), 0014/0256 VUs, 997546 complete and 0 interrupted iterations
cap_mixed   [  28% ] 0014/0256 VUs  08m18.8s/30m0s  2000.00 iters/s

running (08m19.8s), 0015/0256 VUs, 999545 complete and 0 interrupted iterations
cap_mixed   [  28% ] 0015/0256 VUs  08m19.8s/30m0s  2000.00 iters/s

running (08m20.8s), 0012/0256 VUs, 1001548 complete and 0 interrupted iterations
cap_mixed   [  28% ] 0012/0256 VUs  08m20.8s/30m0s  2000.00 iters/s

running (08m21.8s), 0008/0256 VUs, 1003553 complete and 0 interrupted iterations
cap_mixed   [  28% ] 0008/0256 VUs  08m21.8s/30m0s  2000.00 iters/s

running (08m22.8s), 0009/0256 VUs, 1005551 complete and 0 interrupted iterations
cap_mixed   [  28% ] 0009/0256 VUs  08m22.8s/30m0s  2000.00 iters/s

running (08m23.8s), 0014/0256 VUs, 1007546 complete and 0 interrupted iterations
cap_mixed   [  28% ] 0014/0256 VUs  08m23.8s/30m0s  2000.00 iters/s

running (08m24.8s), 0012/0256 VUs, 1009548 complete and 0 interrupted iterations
cap_mixed   [  28% ] 0012/0256 VUs  08m24.8s/30m0s  2000.00 iters/s

running (08m25.8s), 0017/0256 VUs, 1011543 complete and 0 interrupted iterations
cap_mixed   [  28% ] 0017/0256 VUs  08m25.8s/30m0s  2000.00 iters/s

running (08m26.8s), 0014/0256 VUs, 1013546 complete and 0 interrupted iterations
cap_mixed   [  28% ] 0014/0256 VUs  08m26.8s/30m0s  2000.00 iters/s

running (08m27.8s), 0016/0256 VUs, 1015544 complete and 0 interrupted iterations
cap_mixed   [  28% ] 0016/0256 VUs  08m27.8s/30m0s  2000.00 iters/s

running (08m28.8s), 0016/0256 VUs, 1017544 complete and 0 interrupted iterations
cap_mixed   [  28% ] 0016/0256 VUs  08m28.8s/30m0s  2000.00 iters/s

running (08m29.8s), 0011/0256 VUs, 1019549 complete and 0 interrupted iterations
cap_mixed   [  28% ] 0011/0256 VUs  08m29.8s/30m0s  2000.00 iters/s

running (08m30.8s), 0012/0256 VUs, 1021548 complete and 0 interrupted iterations
cap_mixed   [  28% ] 0012/0256 VUs  08m30.8s/30m0s  2000.00 iters/s

running (08m31.8s), 0018/0256 VUs, 1023543 complete and 0 interrupted iterations
cap_mixed   [  28% ] 0018/0256 VUs  08m31.8s/30m0s  2000.00 iters/s

running (08m32.8s), 0017/0256 VUs, 1025543 complete and 0 interrupted iterations
cap_mixed   [  28% ] 0017/0256 VUs  08m32.8s/30m0s  2000.00 iters/s

running (08m33.8s), 0011/0256 VUs, 1027549 complete and 0 interrupted iterations
cap_mixed   [  29% ] 0011/0256 VUs  08m33.8s/30m0s  2000.00 iters/s

running (08m34.8s), 0015/0256 VUs, 1029545 complete and 0 interrupted iterations
cap_mixed   [  29% ] 0015/0256 VUs  08m34.8s/30m0s  2000.00 iters/s

running (08m35.8s), 0012/0256 VUs, 1031548 complete and 0 interrupted iterations
cap_mixed   [  29% ] 0012/0256 VUs  08m35.8s/30m0s  2000.00 iters/s

running (08m36.8s), 0007/0256 VUs, 1033553 complete and 0 interrupted iterations
cap_mixed   [  29% ] 0007/0256 VUs  08m36.8s/30m0s  2000.00 iters/s

running (08m37.8s), 0016/0256 VUs, 1035544 complete and 0 interrupted iterations
cap_mixed   [  29% ] 0016/0256 VUs  08m37.8s/30m0s  2000.00 iters/s

running (08m38.8s), 0024/0256 VUs, 1037536 complete and 0 interrupted iterations
cap_mixed   [  29% ] 0024/0256 VUs  08m38.8s/30m0s  2000.00 iters/s

running (08m39.8s), 0015/0256 VUs, 1039544 complete and 0 interrupted iterations
cap_mixed   [  29% ] 0015/0256 VUs  08m39.8s/30m0s  2000.00 iters/s

running (08m40.8s), 0016/0256 VUs, 1041544 complete and 0 interrupted iterations
cap_mixed   [  29% ] 0016/0256 VUs  08m40.8s/30m0s  2000.00 iters/s

running (08m41.8s), 0017/0256 VUs, 1043543 complete and 0 interrupted iterations
cap_mixed   [  29% ] 0017/0256 VUs  08m41.8s/30m0s  2000.00 iters/s

running (08m42.8s), 0016/0256 VUs, 1045544 complete and 0 interrupted iterations
cap_mixed   [  29% ] 0016/0256 VUs  08m42.8s/30m0s  2000.00 iters/s

running (08m43.8s), 0019/0256 VUs, 1047541 complete and 0 interrupted iterations
cap_mixed   [  29% ] 0019/0256 VUs  08m43.8s/30m0s  2000.00 iters/s

running (08m44.8s), 0008/0256 VUs, 1049553 complete and 0 interrupted iterations
cap_mixed   [  29% ] 0008/0256 VUs  08m44.8s/30m0s  2000.00 iters/s

running (08m45.8s), 0017/0256 VUs, 1051542 complete and 0 interrupted iterations
cap_mixed   [  29% ] 0017/0256 VUs  08m45.8s/30m0s  2000.00 iters/s

running (08m46.8s), 0015/0256 VUs, 1053546 complete and 0 interrupted iterations
cap_mixed   [  29% ] 0015/0256 VUs  08m46.8s/30m0s  2000.00 iters/s

running (08m47.8s), 0019/0256 VUs, 1055541 complete and 0 interrupted iterations
cap_mixed   [  29% ] 0019/0256 VUs  08m47.8s/30m0s  2000.00 iters/s

running (08m48.8s), 0016/0256 VUs, 1057544 complete and 0 interrupted iterations
cap_mixed   [  29% ] 0016/0256 VUs  08m48.8s/30m0s  2000.00 iters/s

running (08m49.8s), 0014/0256 VUs, 1059546 complete and 0 interrupted iterations
cap_mixed   [  29% ] 0014/0256 VUs  08m49.8s/30m0s  2000.00 iters/s

running (08m50.8s), 0015/0256 VUs, 1061545 complete and 0 interrupted iterations
cap_mixed   [  29% ] 0015/0256 VUs  08m50.8s/30m0s  2000.00 iters/s

running (08m51.8s), 0013/0256 VUs, 1063547 complete and 0 interrupted iterations
cap_mixed   [  30% ] 0013/0256 VUs  08m51.8s/30m0s  2000.00 iters/s

running (08m52.8s), 0013/0256 VUs, 1065547 complete and 0 interrupted iterations
cap_mixed   [  30% ] 0013/0256 VUs  08m52.8s/30m0s  2000.00 iters/s

running (08m53.8s), 0013/0256 VUs, 1067547 complete and 0 interrupted iterations
cap_mixed   [  30% ] 0013/0256 VUs  08m53.8s/30m0s  2000.00 iters/s

running (08m54.8s), 0018/0256 VUs, 1069542 complete and 0 interrupted iterations
cap_mixed   [  30% ] 0018/0256 VUs  08m54.8s/30m0s  2000.00 iters/s

running (08m55.8s), 0018/0256 VUs, 1071542 complete and 0 interrupted iterations
cap_mixed   [  30% ] 0018/0256 VUs  08m55.8s/30m0s  2000.00 iters/s

running (08m56.8s), 0015/0256 VUs, 1073545 complete and 0 interrupted iterations
cap_mixed   [  30% ] 0015/0256 VUs  08m56.8s/30m0s  2000.00 iters/s

running (08m57.8s), 0010/0256 VUs, 1075550 complete and 0 interrupted iterations
cap_mixed   [  30% ] 0010/0256 VUs  08m57.8s/30m0s  2000.00 iters/s

running (08m58.8s), 0016/0256 VUs, 1077544 complete and 0 interrupted iterations
cap_mixed   [  30% ] 0016/0256 VUs  08m58.8s/30m0s  2000.00 iters/s

running (08m59.8s), 0019/0256 VUs, 1079541 complete and 0 interrupted iterations
cap_mixed   [  30% ] 0019/0256 VUs  08m59.8s/30m0s  2000.00 iters/s

running (09m00.8s), 0011/0256 VUs, 1081549 complete and 0 interrupted iterations
cap_mixed   [  30% ] 0011/0256 VUs  09m00.8s/30m0s  2000.00 iters/s

running (09m01.8s), 0009/0256 VUs, 1083551 complete and 0 interrupted iterations
cap_mixed   [  30% ] 0009/0256 VUs  09m01.8s/30m0s  2000.00 iters/s

running (09m02.8s), 0018/0256 VUs, 1085542 complete and 0 interrupted iterations
cap_mixed   [  30% ] 0018/0256 VUs  09m02.8s/30m0s  2000.00 iters/s

running (09m03.8s), 0024/0256 VUs, 1087536 complete and 0 interrupted iterations
cap_mixed   [  30% ] 0024/0256 VUs  09m03.8s/30m0s  2000.00 iters/s

running (09m04.8s), 0020/0256 VUs, 1089541 complete and 0 interrupted iterations
cap_mixed   [  30% ] 0020/0256 VUs  09m04.8s/30m0s  2000.00 iters/s

running (09m05.8s), 0007/0256 VUs, 1091553 complete and 0 interrupted iterations
cap_mixed   [  30% ] 0007/0256 VUs  09m05.8s/30m0s  2000.00 iters/s

running (09m06.8s), 0009/0256 VUs, 1093552 complete and 0 interrupted iterations
cap_mixed   [  30% ] 0009/0256 VUs  09m06.8s/30m0s  2000.00 iters/s

running (09m07.8s), 0020/0256 VUs, 1095540 complete and 0 interrupted iterations
cap_mixed   [  30% ] 0020/0256 VUs  09m07.8s/30m0s  2000.00 iters/s

running (09m08.8s), 0017/0256 VUs, 1097543 complete and 0 interrupted iterations
cap_mixed   [  30% ] 0017/0256 VUs  09m08.8s/30m0s  2000.00 iters/s

running (09m09.8s), 0019/0256 VUs, 1099541 complete and 0 interrupted iterations
cap_mixed   [  31% ] 0019/0256 VUs  09m09.8s/30m0s  2000.00 iters/s

running (09m10.8s), 0013/0256 VUs, 1101547 complete and 0 interrupted iterations
cap_mixed   [  31% ] 0013/0256 VUs  09m10.8s/30m0s  2000.00 iters/s

running (09m11.8s), 0010/0256 VUs, 1103550 complete and 0 interrupted iterations
cap_mixed   [  31% ] 0010/0256 VUs  09m11.8s/30m0s  2000.00 iters/s

running (09m12.8s), 0014/0256 VUs, 1105546 complete and 0 interrupted iterations
cap_mixed   [  31% ] 0014/0256 VUs  09m12.8s/30m0s  2000.00 iters/s

running (09m13.8s), 0017/0256 VUs, 1107543 complete and 0 interrupted iterations
cap_mixed   [  31% ] 0017/0256 VUs  09m13.8s/30m0s  2000.00 iters/s

running (09m14.8s), 0011/0256 VUs, 1109549 complete and 0 interrupted iterations
cap_mixed   [  31% ] 0011/0256 VUs  09m14.8s/30m0s  2000.00 iters/s

running (09m15.8s), 0012/0256 VUs, 1111547 complete and 0 interrupted iterations
cap_mixed   [  31% ] 0013/0256 VUs  09m15.8s/30m0s  2000.00 iters/s

running (09m16.8s), 0018/0256 VUs, 1113542 complete and 0 interrupted iterations
cap_mixed   [  31% ] 0018/0256 VUs  09m16.8s/30m0s  2000.00 iters/s

running (09m17.8s), 0014/0256 VUs, 1115546 complete and 0 interrupted iterations
cap_mixed   [  31% ] 0014/0256 VUs  09m17.8s/30m0s  2000.00 iters/s

running (09m18.8s), 0010/0256 VUs, 1117550 complete and 0 interrupted iterations
cap_mixed   [  31% ] 0010/0256 VUs  09m18.8s/30m0s  2000.00 iters/s

running (09m19.8s), 0016/0256 VUs, 1119544 complete and 0 interrupted iterations
cap_mixed   [  31% ] 0016/0256 VUs  09m19.8s/30m0s  2000.00 iters/s

running (09m20.8s), 0013/0256 VUs, 1121547 complete and 0 interrupted iterations
cap_mixed   [  31% ] 0013/0256 VUs  09m20.8s/30m0s  2000.00 iters/s

running (09m21.8s), 0011/0256 VUs, 1123548 complete and 0 interrupted iterations
cap_mixed   [  31% ] 0011/0256 VUs  09m21.8s/30m0s  2000.00 iters/s

running (09m22.8s), 0013/0256 VUs, 1125547 complete and 0 interrupted iterations
cap_mixed   [  31% ] 0013/0256 VUs  09m22.8s/30m0s  2000.00 iters/s

running (09m23.8s), 0013/0256 VUs, 1127547 complete and 0 interrupted iterations
cap_mixed   [  31% ] 0013/0256 VUs  09m23.8s/30m0s  2000.00 iters/s

running (09m24.8s), 0010/0256 VUs, 1129550 complete and 0 interrupted iterations
cap_mixed   [  31% ] 0010/0256 VUs  09m24.8s/30m0s  2000.00 iters/s

running (09m25.8s), 0015/0256 VUs, 1131545 complete and 0 interrupted iterations
cap_mixed   [  31% ] 0015/0256 VUs  09m25.8s/30m0s  2000.00 iters/s

running (09m26.8s), 0014/0256 VUs, 1133546 complete and 0 interrupted iterations
cap_mixed   [  31% ] 0014/0256 VUs  09m26.8s/30m0s  2000.00 iters/s

running (09m27.8s), 0011/0256 VUs, 1135549 complete and 0 interrupted iterations
cap_mixed   [  32% ] 0011/0256 VUs  09m27.8s/30m0s  2000.00 iters/s

running (09m28.8s), 0012/0256 VUs, 1137548 complete and 0 interrupted iterations
cap_mixed   [  32% ] 0012/0256 VUs  09m28.8s/30m0s  2000.00 iters/s

running (09m29.8s), 0010/0256 VUs, 1139550 complete and 0 interrupted iterations
cap_mixed   [  32% ] 0010/0256 VUs  09m29.8s/30m0s  2000.00 iters/s

running (09m30.8s), 0015/0256 VUs, 1141545 complete and 0 interrupted iterations
cap_mixed   [  32% ] 0015/0256 VUs  09m30.8s/30m0s  2000.00 iters/s

running (09m31.8s), 0013/0256 VUs, 1143547 complete and 0 interrupted iterations
cap_mixed   [  32% ] 0013/0256 VUs  09m31.8s/30m0s  2000.00 iters/s

running (09m32.8s), 0011/0256 VUs, 1145548 complete and 0 interrupted iterations
cap_mixed   [  32% ] 0011/0256 VUs  09m32.8s/30m0s  2000.00 iters/s

running (09m33.8s), 0014/0256 VUs, 1147547 complete and 0 interrupted iterations
cap_mixed   [  32% ] 0014/0256 VUs  09m33.8s/30m0s  2000.00 iters/s

running (09m34.8s), 0009/0256 VUs, 1149551 complete and 0 interrupted iterations
cap_mixed   [  32% ] 0009/0256 VUs  09m34.8s/30m0s  2000.00 iters/s

running (09m35.8s), 0016/0256 VUs, 1151544 complete and 0 interrupted iterations
cap_mixed   [  32% ] 0016/0256 VUs  09m35.8s/30m0s  2000.00 iters/s

running (09m36.8s), 0014/0256 VUs, 1153546 complete and 0 interrupted iterations
cap_mixed   [  32% ] 0014/0256 VUs  09m36.8s/30m0s  2000.00 iters/s

running (09m37.8s), 0013/0256 VUs, 1155547 complete and 0 interrupted iterations
cap_mixed   [  32% ] 0013/0256 VUs  09m37.8s/30m0s  2000.00 iters/s

running (09m38.8s), 0014/0256 VUs, 1157546 complete and 0 interrupted iterations
cap_mixed   [  32% ] 0014/0256 VUs  09m38.8s/30m0s  2000.00 iters/s

running (09m39.8s), 0017/0256 VUs, 1159543 complete and 0 interrupted iterations
cap_mixed   [  32% ] 0017/0256 VUs  09m39.8s/30m0s  2000.00 iters/s

running (09m40.8s), 0011/0256 VUs, 1161548 complete and 0 interrupted iterations
cap_mixed   [  32% ] 0011/0256 VUs  09m40.8s/30m0s  2000.00 iters/s

running (09m41.8s), 0016/0256 VUs, 1163544 complete and 0 interrupted iterations
cap_mixed   [  32% ] 0016/0256 VUs  09m41.8s/30m0s  2000.00 iters/s

running (09m42.8s), 0011/0256 VUs, 1165549 complete and 0 interrupted iterations
cap_mixed   [  32% ] 0011/0256 VUs  09m42.8s/30m0s  2000.00 iters/s

running (09m43.8s), 0019/0256 VUs, 1167540 complete and 0 interrupted iterations
cap_mixed   [  32% ] 0019/0256 VUs  09m43.8s/30m0s  2000.00 iters/s

running (09m44.8s), 0026/0256 VUs, 1169534 complete and 0 interrupted iterations
cap_mixed   [  32% ] 0026/0256 VUs  09m44.8s/30m0s  2000.00 iters/s

running (09m45.8s), 0021/0256 VUs, 1171539 complete and 0 interrupted iterations
cap_mixed   [  33% ] 0021/0256 VUs  09m45.8s/30m0s  2000.00 iters/s

running (09m46.8s), 0009/0256 VUs, 1173551 complete and 0 interrupted iterations
cap_mixed   [  33% ] 0009/0256 VUs  09m46.8s/30m0s  2000.00 iters/s

running (09m47.8s), 0009/0256 VUs, 1175551 complete and 0 interrupted iterations
cap_mixed   [  33% ] 0009/0256 VUs  09m47.8s/30m0s  2000.00 iters/s

running (09m48.8s), 0007/0256 VUs, 1177553 complete and 0 interrupted iterations
cap_mixed   [  33% ] 0007/0256 VUs  09m48.8s/30m0s  2000.00 iters/s

running (09m49.8s), 0013/0256 VUs, 1179547 complete and 0 interrupted iterations
cap_mixed   [  33% ] 0013/0256 VUs  09m49.8s/30m0s  2000.00 iters/s

running (09m50.8s), 0026/0256 VUs, 1181534 complete and 0 interrupted iterations
cap_mixed   [  33% ] 0025/0256 VUs  09m50.8s/30m0s  2000.00 iters/s

running (09m51.8s), 0008/0256 VUs, 1183552 complete and 0 interrupted iterations
cap_mixed   [  33% ] 0008/0256 VUs  09m51.8s/30m0s  2000.00 iters/s

running (09m52.8s), 0008/0256 VUs, 1185552 complete and 0 interrupted iterations
cap_mixed   [  33% ] 0008/0256 VUs  09m52.8s/30m0s  2000.00 iters/s

running (09m53.8s), 0011/0256 VUs, 1187549 complete and 0 interrupted iterations
cap_mixed   [  33% ] 0011/0256 VUs  09m53.8s/30m0s  2000.00 iters/s

running (09m54.8s), 0016/0256 VUs, 1189544 complete and 0 interrupted iterations
cap_mixed   [  33% ] 0016/0256 VUs  09m54.8s/30m0s  2000.00 iters/s

running (09m55.8s), 0017/0256 VUs, 1191543 complete and 0 interrupted iterations
cap_mixed   [  33% ] 0017/0256 VUs  09m55.8s/30m0s  2000.00 iters/s

running (09m56.8s), 0015/0256 VUs, 1193544 complete and 0 interrupted iterations
cap_mixed   [  33% ] 0015/0256 VUs  09m56.8s/30m0s  2000.00 iters/s

running (09m57.8s), 0014/0256 VUs, 1195546 complete and 0 interrupted iterations
cap_mixed   [  33% ] 0014/0256 VUs  09m57.8s/30m0s  2000.00 iters/s

running (09m58.8s), 0014/0256 VUs, 1197546 complete and 0 interrupted iterations
cap_mixed   [  33% ] 0014/0256 VUs  09m58.8s/30m0s  2000.00 iters/s

running (09m59.8s), 0008/0256 VUs, 1199552 complete and 0 interrupted iterations
cap_mixed   [  33% ] 0008/0256 VUs  09m59.8s/30m0s  2000.00 iters/s

running (10m00.8s), 0010/0256 VUs, 1201551 complete and 0 interrupted iterations
cap_mixed   [  33% ] 0010/0256 VUs  10m00.8s/30m0s  2000.00 iters/s

running (10m01.8s), 0016/0256 VUs, 1203544 complete and 0 interrupted iterations
cap_mixed   [  33% ] 0016/0256 VUs  10m01.8s/30m0s  2000.00 iters/s

running (10m02.8s), 0015/0256 VUs, 1205545 complete and 0 interrupted iterations
cap_mixed   [  33% ] 0015/0256 VUs  10m02.8s/30m0s  2000.00 iters/s

running (10m03.8s), 0013/0256 VUs, 1207547 complete and 0 interrupted iterations
cap_mixed   [  34% ] 0013/0256 VUs  10m03.8s/30m0s  2000.00 iters/s

running (10m04.8s), 0015/0256 VUs, 1209545 complete and 0 interrupted iterations
cap_mixed   [  34% ] 0015/0256 VUs  10m04.8s/30m0s  2000.00 iters/s

running (10m05.8s), 0012/0256 VUs, 1211548 complete and 0 interrupted iterations
cap_mixed   [  34% ] 0012/0256 VUs  10m05.8s/30m0s  2000.00 iters/s

running (10m06.8s), 0019/0256 VUs, 1213541 complete and 0 interrupted iterations
cap_mixed   [  34% ] 0019/0256 VUs  10m06.8s/30m0s  2000.00 iters/s

running (10m07.8s), 0011/0256 VUs, 1215549 complete and 0 interrupted iterations
cap_mixed   [  34% ] 0011/0256 VUs  10m07.8s/30m0s  2000.00 iters/s

running (10m08.8s), 0011/0256 VUs, 1217549 complete and 0 interrupted iterations
cap_mixed   [  34% ] 0011/0256 VUs  10m08.8s/30m0s  2000.00 iters/s

running (10m09.8s), 0022/0256 VUs, 1219538 complete and 0 interrupted iterations
cap_mixed   [  34% ] 0022/0256 VUs  10m09.8s/30m0s  2000.00 iters/s

running (10m10.8s), 0015/0256 VUs, 1221545 complete and 0 interrupted iterations
cap_mixed   [  34% ] 0015/0256 VUs  10m10.8s/30m0s  2000.00 iters/s

running (10m11.8s), 0015/0256 VUs, 1223546 complete and 0 interrupted iterations
cap_mixed   [  34% ] 0015/0256 VUs  10m11.8s/30m0s  2000.00 iters/s

running (10m12.8s), 0015/0256 VUs, 1225545 complete and 0 interrupted iterations
cap_mixed   [  34% ] 0015/0256 VUs  10m12.8s/30m0s  2000.00 iters/s

running (10m13.8s), 0010/0256 VUs, 1227550 complete and 0 interrupted iterations
cap_mixed   [  34% ] 0010/0256 VUs  10m13.8s/30m0s  2000.00 iters/s

running (10m14.8s), 0012/0256 VUs, 1229548 complete and 0 interrupted iterations
cap_mixed   [  34% ] 0012/0256 VUs  10m14.8s/30m0s  2000.00 iters/s

running (10m15.8s), 0009/0256 VUs, 1231552 complete and 0 interrupted iterations
cap_mixed   [  34% ] 0009/0256 VUs  10m15.8s/30m0s  2000.00 iters/s

running (10m16.8s), 0016/0256 VUs, 1233544 complete and 0 interrupted iterations
cap_mixed   [  34% ] 0016/0256 VUs  10m16.8s/30m0s  2000.00 iters/s

running (10m17.8s), 0028/0256 VUs, 1235532 complete and 0 interrupted iterations
cap_mixed   [  34% ] 0028/0256 VUs  10m17.8s/30m0s  2000.00 iters/s

running (10m18.8s), 0013/0256 VUs, 1237547 complete and 0 interrupted iterations
cap_mixed   [  34% ] 0013/0256 VUs  10m18.8s/30m0s  2000.00 iters/s

running (10m19.8s), 0013/0256 VUs, 1239547 complete and 0 interrupted iterations
cap_mixed   [  34% ] 0013/0256 VUs  10m19.8s/30m0s  2000.00 iters/s

running (10m20.8s), 0014/0256 VUs, 1241546 complete and 0 interrupted iterations
cap_mixed   [  34% ] 0014/0256 VUs  10m20.8s/30m0s  2000.00 iters/s

running (10m21.8s), 0013/0256 VUs, 1243547 complete and 0 interrupted iterations
cap_mixed   [  35% ] 0013/0256 VUs  10m21.8s/30m0s  2000.00 iters/s

running (10m22.8s), 0011/0256 VUs, 1245549 complete and 0 interrupted iterations
cap_mixed   [  35% ] 0011/0256 VUs  10m22.8s/30m0s  2000.00 iters/s

running (10m23.8s), 0008/0256 VUs, 1247552 complete and 0 interrupted iterations
cap_mixed   [  35% ] 0008/0256 VUs  10m23.8s/30m0s  2000.00 iters/s

running (10m24.8s), 0011/0256 VUs, 1249549 complete and 0 interrupted iterations
cap_mixed   [  35% ] 0011/0256 VUs  10m24.8s/30m0s  2000.00 iters/s

running (10m25.8s), 0011/0256 VUs, 1251549 complete and 0 interrupted iterations
cap_mixed   [  35% ] 0011/0256 VUs  10m25.8s/30m0s  2000.00 iters/s

running (10m26.8s), 0010/0256 VUs, 1253550 complete and 0 interrupted iterations
cap_mixed   [  35% ] 0010/0256 VUs  10m26.8s/30m0s  2000.00 iters/s

running (10m27.8s), 0013/0256 VUs, 1255547 complete and 0 interrupted iterations
cap_mixed   [  35% ] 0013/0256 VUs  10m27.8s/30m0s  2000.00 iters/s

running (10m28.8s), 0009/0256 VUs, 1257551 complete and 0 interrupted iterations
cap_mixed   [  35% ] 0009/0256 VUs  10m28.8s/30m0s  2000.00 iters/s

running (10m29.8s), 0022/0256 VUs, 1259538 complete and 0 interrupted iterations
cap_mixed   [  35% ] 0022/0256 VUs  10m29.8s/30m0s  2000.00 iters/s

running (10m30.8s), 0011/0256 VUs, 1261550 complete and 0 interrupted iterations
cap_mixed   [  35% ] 0011/0256 VUs  10m30.8s/30m0s  2000.00 iters/s

running (10m31.8s), 0016/0256 VUs, 1263544 complete and 0 interrupted iterations
cap_mixed   [  35% ] 0016/0256 VUs  10m31.8s/30m0s  2000.00 iters/s

running (10m32.8s), 0009/0256 VUs, 1265551 complete and 0 interrupted iterations
cap_mixed   [  35% ] 0009/0256 VUs  10m32.8s/30m0s  2000.00 iters/s

running (10m33.8s), 0016/0256 VUs, 1267544 complete and 0 interrupted iterations
cap_mixed   [  35% ] 0016/0256 VUs  10m33.8s/30m0s  2000.00 iters/s

running (10m34.8s), 0014/0256 VUs, 1269547 complete and 0 interrupted iterations
cap_mixed   [  35% ] 0014/0256 VUs  10m34.8s/30m0s  2000.00 iters/s

running (10m35.8s), 0016/0256 VUs, 1271544 complete and 0 interrupted iterations
cap_mixed   [  35% ] 0016/0256 VUs  10m35.8s/30m0s  2000.00 iters/s

running (10m36.8s), 0012/0256 VUs, 1273548 complete and 0 interrupted iterations
cap_mixed   [  35% ] 0012/0256 VUs  10m36.8s/30m0s  2000.00 iters/s

running (10m37.8s), 0014/0256 VUs, 1275547 complete and 0 interrupted iterations
cap_mixed   [  35% ] 0014/0256 VUs  10m37.8s/30m0s  2000.00 iters/s

running (10m38.8s), 0010/0256 VUs, 1277550 complete and 0 interrupted iterations
cap_mixed   [  35% ] 0010/0256 VUs  10m38.8s/30m0s  2000.00 iters/s

running (10m39.8s), 0012/0256 VUs, 1279548 complete and 0 interrupted iterations
cap_mixed   [  36% ] 0012/0256 VUs  10m39.8s/30m0s  2000.00 iters/s

running (10m40.8s), 0013/0256 VUs, 1281547 complete and 0 interrupted iterations
cap_mixed   [  36% ] 0013/0256 VUs  10m40.8s/30m0s  2000.00 iters/s

running (10m41.8s), 0009/0256 VUs, 1283551 complete and 0 interrupted iterations
cap_mixed   [  36% ] 0009/0256 VUs  10m41.8s/30m0s  2000.00 iters/s

running (10m42.8s), 0011/0256 VUs, 1285550 complete and 0 interrupted iterations
cap_mixed   [  36% ] 0011/0256 VUs  10m42.8s/30m0s  2000.00 iters/s

running (10m43.8s), 0013/0256 VUs, 1287547 complete and 0 interrupted iterations
cap_mixed   [  36% ] 0013/0256 VUs  10m43.8s/30m0s  2000.00 iters/s

running (10m44.8s), 0015/0256 VUs, 1289545 complete and 0 interrupted iterations
cap_mixed   [  36% ] 0015/0256 VUs  10m44.8s/30m0s  2000.00 iters/s

running (10m45.8s), 0015/0256 VUs, 1291545 complete and 0 interrupted iterations
cap_mixed   [  36% ] 0015/0256 VUs  10m45.8s/30m0s  2000.00 iters/s

running (10m46.8s), 0008/0256 VUs, 1293552 complete and 0 interrupted iterations
cap_mixed   [  36% ] 0008/0256 VUs  10m46.8s/30m0s  2000.00 iters/s

running (10m47.8s), 0009/0256 VUs, 1295551 complete and 0 interrupted iterations
cap_mixed   [  36% ] 0009/0256 VUs  10m47.8s/30m0s  2000.00 iters/s

running (10m48.8s), 0015/0256 VUs, 1297545 complete and 0 interrupted iterations
cap_mixed   [  36% ] 0015/0256 VUs  10m48.8s/30m0s  2000.00 iters/s

running (10m49.8s), 0016/0256 VUs, 1299544 complete and 0 interrupted iterations
cap_mixed   [  36% ] 0016/0256 VUs  10m49.8s/30m0s  2000.00 iters/s

running (10m50.8s), 0009/0256 VUs, 1301551 complete and 0 interrupted iterations
cap_mixed   [  36% ] 0009/0256 VUs  10m50.8s/30m0s  2000.00 iters/s

running (10m51.8s), 0018/0256 VUs, 1303542 complete and 0 interrupted iterations
cap_mixed   [  36% ] 0018/0256 VUs  10m51.8s/30m0s  2000.00 iters/s

running (10m52.8s), 0012/0256 VUs, 1305548 complete and 0 interrupted iterations
cap_mixed   [  36% ] 0012/0256 VUs  10m52.8s/30m0s  2000.00 iters/s

running (10m53.8s), 0016/0256 VUs, 1307544 complete and 0 interrupted iterations
cap_mixed   [  36% ] 0016/0256 VUs  10m53.8s/30m0s  2000.00 iters/s

running (10m54.8s), 0011/0256 VUs, 1309548 complete and 0 interrupted iterations
cap_mixed   [  36% ] 0012/0256 VUs  10m54.8s/30m0s  2000.00 iters/s

running (10m55.8s), 0013/0256 VUs, 1311547 complete and 0 interrupted iterations
cap_mixed   [  36% ] 0013/0256 VUs  10m55.8s/30m0s  2000.00 iters/s

running (10m56.8s), 0017/0256 VUs, 1313544 complete and 0 interrupted iterations
cap_mixed   [  36% ] 0017/0256 VUs  10m56.8s/30m0s  2000.00 iters/s

running (10m57.8s), 0016/0256 VUs, 1315544 complete and 0 interrupted iterations
cap_mixed   [  37% ] 0016/0256 VUs  10m57.8s/30m0s  2000.00 iters/s

running (10m58.8s), 0008/0256 VUs, 1317552 complete and 0 interrupted iterations
cap_mixed   [  37% ] 0008/0256 VUs  10m58.8s/30m0s  2000.00 iters/s

running (10m59.8s), 0017/0256 VUs, 1319543 complete and 0 interrupted iterations
cap_mixed   [  37% ] 0017/0256 VUs  10m59.8s/30m0s  2000.00 iters/s

running (11m00.8s), 0016/0256 VUs, 1321545 complete and 0 interrupted iterations
cap_mixed   [  37% ] 0016/0256 VUs  11m00.8s/30m0s  2000.00 iters/s

running (11m01.8s), 0012/0256 VUs, 1323548 complete and 0 interrupted iterations
cap_mixed   [  37% ] 0012/0256 VUs  11m01.8s/30m0s  2000.00 iters/s

running (11m02.8s), 0012/0256 VUs, 1325548 complete and 0 interrupted iterations
cap_mixed   [  37% ] 0012/0256 VUs  11m02.8s/30m0s  2000.00 iters/s

running (11m03.8s), 0011/0256 VUs, 1327549 complete and 0 interrupted iterations
cap_mixed   [  37% ] 0011/0256 VUs  11m03.8s/30m0s  2000.00 iters/s

running (11m04.8s), 0007/0256 VUs, 1329552 complete and 0 interrupted iterations
cap_mixed   [  37% ] 0007/0256 VUs  11m04.8s/30m0s  2000.00 iters/s

running (11m05.8s), 0016/0256 VUs, 1331544 complete and 0 interrupted iterations
cap_mixed   [  37% ] 0016/0256 VUs  11m05.8s/30m0s  2000.00 iters/s

running (11m06.8s), 0012/0256 VUs, 1333548 complete and 0 interrupted iterations
cap_mixed   [  37% ] 0012/0256 VUs  11m06.8s/30m0s  2000.00 iters/s

running (11m07.8s), 0012/0256 VUs, 1335548 complete and 0 interrupted iterations
cap_mixed   [  37% ] 0011/0256 VUs  11m07.8s/30m0s  2000.00 iters/s

running (11m08.8s), 0010/0256 VUs, 1337550 complete and 0 interrupted iterations
cap_mixed   [  37% ] 0010/0256 VUs  11m08.8s/30m0s  2000.00 iters/s

running (11m09.8s), 0009/0256 VUs, 1339551 complete and 0 interrupted iterations
cap_mixed   [  37% ] 0009/0256 VUs  11m09.8s/30m0s  2000.00 iters/s

running (11m10.8s), 0010/0256 VUs, 1341550 complete and 0 interrupted iterations
cap_mixed   [  37% ] 0010/0256 VUs  11m10.8s/30m0s  2000.00 iters/s

running (11m11.8s), 0009/0256 VUs, 1343551 complete and 0 interrupted iterations
cap_mixed   [  37% ] 0009/0256 VUs  11m11.8s/30m0s  2000.00 iters/s

running (11m12.8s), 0025/0256 VUs, 1345535 complete and 0 interrupted iterations
cap_mixed   [  37% ] 0026/0256 VUs  11m12.8s/30m0s  2000.00 iters/s

running (11m13.8s), 0007/0256 VUs, 1347553 complete and 0 interrupted iterations
cap_mixed   [  37% ] 0007/0256 VUs  11m13.8s/30m0s  2000.00 iters/s

running (11m14.8s), 0012/0256 VUs, 1349548 complete and 0 interrupted iterations
cap_mixed   [  37% ] 0012/0256 VUs  11m14.8s/30m0s  2000.00 iters/s

running (11m15.8s), 0023/0256 VUs, 1351537 complete and 0 interrupted iterations
cap_mixed   [  38% ] 0023/0256 VUs  11m15.8s/30m0s  2000.00 iters/s

running (11m16.8s), 0011/0256 VUs, 1353549 complete and 0 interrupted iterations
cap_mixed   [  38% ] 0011/0256 VUs  11m16.8s/30m0s  2000.00 iters/s

running (11m17.8s), 0015/0256 VUs, 1355545 complete and 0 interrupted iterations
cap_mixed   [  38% ] 0015/0256 VUs  11m17.8s/30m0s  2000.00 iters/s

running (11m18.8s), 0009/0256 VUs, 1357551 complete and 0 interrupted iterations
cap_mixed   [  38% ] 0009/0256 VUs  11m18.8s/30m0s  2000.00 iters/s

running (11m19.8s), 0018/0256 VUs, 1359542 complete and 0 interrupted iterations
cap_mixed   [  38% ] 0018/0256 VUs  11m19.8s/30m0s  2000.00 iters/s

running (11m20.8s), 0015/0256 VUs, 1361544 complete and 0 interrupted iterations
cap_mixed   [  38% ] 0016/0256 VUs  11m20.8s/30m0s  2000.00 iters/s

running (11m21.8s), 0011/0256 VUs, 1363549 complete and 0 interrupted iterations
cap_mixed   [  38% ] 0011/0256 VUs  11m21.8s/30m0s  2000.00 iters/s

running (11m22.8s), 0012/0256 VUs, 1365548 complete and 0 interrupted iterations
cap_mixed   [  38% ] 0012/0256 VUs  11m22.8s/30m0s  2000.00 iters/s

running (11m23.8s), 0013/0256 VUs, 1367548 complete and 0 interrupted iterations
cap_mixed   [  38% ] 0013/0256 VUs  11m23.8s/30m0s  2000.00 iters/s

running (11m24.8s), 0011/0256 VUs, 1369549 complete and 0 interrupted iterations
cap_mixed   [  38% ] 0011/0256 VUs  11m24.8s/30m0s  2000.00 iters/s

running (11m25.8s), 0013/0256 VUs, 1371547 complete and 0 interrupted iterations
cap_mixed   [  38% ] 0013/0256 VUs  11m25.8s/30m0s  2000.00 iters/s

running (11m26.8s), 0019/0256 VUs, 1373541 complete and 0 interrupted iterations
cap_mixed   [  38% ] 0019/0256 VUs  11m26.8s/30m0s  2000.00 iters/s

running (11m27.8s), 0010/0256 VUs, 1375550 complete and 0 interrupted iterations
cap_mixed   [  38% ] 0010/0256 VUs  11m27.8s/30m0s  2000.00 iters/s

running (11m28.8s), 0014/0256 VUs, 1377546 complete and 0 interrupted iterations
cap_mixed   [  38% ] 0014/0256 VUs  11m28.8s/30m0s  2000.00 iters/s

running (11m29.8s), 0013/0256 VUs, 1379547 complete and 0 interrupted iterations
cap_mixed   [  38% ] 0013/0256 VUs  11m29.8s/30m0s  2000.00 iters/s

running (11m30.8s), 0008/0256 VUs, 1381552 complete and 0 interrupted iterations
cap_mixed   [  38% ] 0008/0256 VUs  11m30.8s/30m0s  2000.00 iters/s

running (11m31.8s), 0019/0256 VUs, 1383541 complete and 0 interrupted iterations
cap_mixed   [  38% ] 0019/0256 VUs  11m31.8s/30m0s  2000.00 iters/s

running (11m32.8s), 0017/0256 VUs, 1385543 complete and 0 interrupted iterations
cap_mixed   [  38% ] 0017/0256 VUs  11m32.8s/30m0s  2000.00 iters/s

running (11m33.8s), 0021/0256 VUs, 1387539 complete and 0 interrupted iterations
cap_mixed   [  39% ] 0021/0256 VUs  11m33.8s/30m0s  2000.00 iters/s

running (11m34.8s), 0012/0256 VUs, 1389548 complete and 0 interrupted iterations
cap_mixed   [  39% ] 0012/0256 VUs  11m34.8s/30m0s  2000.00 iters/s

running (11m35.8s), 0011/0256 VUs, 1391549 complete and 0 interrupted iterations
cap_mixed   [  39% ] 0011/0256 VUs  11m35.8s/30m0s  2000.00 iters/s

running (11m36.8s), 0010/0256 VUs, 1393550 complete and 0 interrupted iterations
cap_mixed   [  39% ] 0010/0256 VUs  11m36.8s/30m0s  2000.00 iters/s

running (11m37.8s), 0011/0256 VUs, 1395549 complete and 0 interrupted iterations
cap_mixed   [  39% ] 0011/0256 VUs  11m37.8s/30m0s  2000.00 iters/s

running (11m38.8s), 0019/0256 VUs, 1397541 complete and 0 interrupted iterations
cap_mixed   [  39% ] 0019/0256 VUs  11m38.8s/30m0s  2000.00 iters/s

running (11m39.8s), 0012/0256 VUs, 1399548 complete and 0 interrupted iterations
cap_mixed   [  39% ] 0012/0256 VUs  11m39.8s/30m0s  2000.00 iters/s

running (11m40.8s), 0009/0256 VUs, 1401551 complete and 0 interrupted iterations
cap_mixed   [  39% ] 0009/0256 VUs  11m40.8s/30m0s  2000.00 iters/s

running (11m41.8s), 0016/0256 VUs, 1403544 complete and 0 interrupted iterations
cap_mixed   [  39% ] 0016/0256 VUs  11m41.8s/30m0s  2000.00 iters/s

running (11m42.8s), 0014/0256 VUs, 1405546 complete and 0 interrupted iterations
cap_mixed   [  39% ] 0014/0256 VUs  11m42.8s/30m0s  2000.00 iters/s

running (11m43.8s), 0011/0256 VUs, 1407549 complete and 0 interrupted iterations
cap_mixed   [  39% ] 0011/0256 VUs  11m43.8s/30m0s  2000.00 iters/s

running (11m44.8s), 0014/0256 VUs, 1409546 complete and 0 interrupted iterations
cap_mixed   [  39% ] 0014/0256 VUs  11m44.8s/30m0s  2000.00 iters/s

running (11m45.8s), 0007/0256 VUs, 1411553 complete and 0 interrupted iterations
cap_mixed   [  39% ] 0007/0256 VUs  11m45.8s/30m0s  2000.00 iters/s

running (11m46.8s), 0014/0256 VUs, 1413546 complete and 0 interrupted iterations
cap_mixed   [  39% ] 0014/0256 VUs  11m46.8s/30m0s  2000.00 iters/s

running (11m47.8s), 0011/0256 VUs, 1415549 complete and 0 interrupted iterations
cap_mixed   [  39% ] 0011/0256 VUs  11m47.8s/30m0s  2000.00 iters/s

running (11m48.8s), 0018/0256 VUs, 1417542 complete and 0 interrupted iterations
cap_mixed   [  39% ] 0018/0256 VUs  11m48.8s/30m0s  2000.00 iters/s

running (11m49.8s), 0014/0256 VUs, 1419547 complete and 0 interrupted iterations
cap_mixed   [  39% ] 0014/0256 VUs  11m49.8s/30m0s  2000.00 iters/s

running (11m50.8s), 0024/0256 VUs, 1421536 complete and 0 interrupted iterations
cap_mixed   [  39% ] 0024/0256 VUs  11m50.8s/30m0s  2000.00 iters/s

running (11m51.8s), 0009/0256 VUs, 1423551 complete and 0 interrupted iterations
cap_mixed   [  40% ] 0009/0256 VUs  11m51.8s/30m0s  2000.00 iters/s

running (11m52.8s), 0016/0256 VUs, 1425544 complete and 0 interrupted iterations
cap_mixed   [  40% ] 0016/0256 VUs  11m52.8s/30m0s  2000.00 iters/s

running (11m53.8s), 0009/0256 VUs, 1427552 complete and 0 interrupted iterations
cap_mixed   [  40% ] 0009/0256 VUs  11m53.8s/30m0s  2000.00 iters/s

running (11m54.8s), 0019/0256 VUs, 1429544 complete and 0 interrupted iterations
cap_mixed   [  40% ] 0019/0256 VUs  11m54.8s/30m0s  2000.00 iters/s

running (11m55.8s), 0010/0256 VUs, 1431550 complete and 0 interrupted iterations
cap_mixed   [  40% ] 0010/0256 VUs  11m55.8s/30m0s  2000.00 iters/s

running (11m56.8s), 0010/0256 VUs, 1433550 complete and 0 interrupted iterations
cap_mixed   [  40% ] 0010/0256 VUs  11m56.8s/30m0s  2000.00 iters/s

running (11m57.8s), 0011/0256 VUs, 1435549 complete and 0 interrupted iterations
cap_mixed   [  40% ] 0011/0256 VUs  11m57.8s/30m0s  2000.00 iters/s

running (11m58.8s), 0006/0256 VUs, 1437554 complete and 0 interrupted iterations
cap_mixed   [  40% ] 0006/0256 VUs  11m58.8s/30m0s  2000.00 iters/s

running (11m59.8s), 0016/0256 VUs, 1439544 complete and 0 interrupted iterations
cap_mixed   [  40% ] 0016/0256 VUs  11m59.8s/30m0s  2000.00 iters/s

running (12m00.8s), 0023/0256 VUs, 1441537 complete and 0 interrupted iterations
cap_mixed   [  40% ] 0023/0256 VUs  12m00.8s/30m0s  2000.00 iters/s

running (12m01.8s), 0015/0256 VUs, 1443545 complete and 0 interrupted iterations
cap_mixed   [  40% ] 0015/0256 VUs  12m01.8s/30m0s  2000.00 iters/s

running (12m02.8s), 0014/0256 VUs, 1445545 complete and 0 interrupted iterations
cap_mixed   [  40% ] 0014/0256 VUs  12m02.8s/30m0s  2000.00 iters/s

running (12m03.8s), 0012/0256 VUs, 1447548 complete and 0 interrupted iterations
cap_mixed   [  40% ] 0012/0256 VUs  12m03.8s/30m0s  2000.00 iters/s

running (12m04.8s), 0017/0256 VUs, 1449543 complete and 0 interrupted iterations
cap_mixed   [  40% ] 0017/0256 VUs  12m04.8s/30m0s  2000.00 iters/s

running (12m05.8s), 0010/0256 VUs, 1451550 complete and 0 interrupted iterations
cap_mixed   [  40% ] 0010/0256 VUs  12m05.8s/30m0s  2000.00 iters/s

running (12m06.8s), 0021/0256 VUs, 1453539 complete and 0 interrupted iterations
cap_mixed   [  40% ] 0021/0256 VUs  12m06.8s/30m0s  2000.00 iters/s

running (12m07.8s), 0010/0256 VUs, 1455550 complete and 0 interrupted iterations
cap_mixed   [  40% ] 0010/0256 VUs  12m07.8s/30m0s  2000.00 iters/s

running (12m08.8s), 0011/0256 VUs, 1457548 complete and 0 interrupted iterations
cap_mixed   [  40% ] 0011/0256 VUs  12m08.8s/30m0s  2000.00 iters/s

running (12m09.8s), 0010/0256 VUs, 1459550 complete and 0 interrupted iterations
cap_mixed   [  41% ] 0010/0256 VUs  12m09.8s/30m0s  2000.00 iters/s

running (12m10.8s), 0013/0256 VUs, 1461548 complete and 0 interrupted iterations
cap_mixed   [  41% ] 0013/0256 VUs  12m10.8s/30m0s  2000.00 iters/s

running (12m11.8s), 0015/0256 VUs, 1463546 complete and 0 interrupted iterations
cap_mixed   [  41% ] 0015/0256 VUs  12m11.8s/30m0s  2000.00 iters/s

running (12m12.8s), 0011/0256 VUs, 1465549 complete and 0 interrupted iterations
cap_mixed   [  41% ] 0011/0256 VUs  12m12.8s/30m0s  2000.00 iters/s

running (12m13.8s), 0016/0256 VUs, 1467544 complete and 0 interrupted iterations
cap_mixed   [  41% ] 0016/0256 VUs  12m13.8s/30m0s  2000.00 iters/s

running (12m14.8s), 0016/0256 VUs, 1469544 complete and 0 interrupted iterations
cap_mixed   [  41% ] 0016/0256 VUs  12m14.8s/30m0s  2000.00 iters/s

running (12m15.8s), 0013/0256 VUs, 1471547 complete and 0 interrupted iterations
cap_mixed   [  41% ] 0013/0256 VUs  12m15.8s/30m0s  2000.00 iters/s

running (12m16.8s), 0014/0256 VUs, 1473546 complete and 0 interrupted iterations
cap_mixed   [  41% ] 0014/0256 VUs  12m16.8s/30m0s  2000.00 iters/s

running (12m17.8s), 0008/0256 VUs, 1475552 complete and 0 interrupted iterations
cap_mixed   [  41% ] 0008/0256 VUs  12m17.8s/30m0s  2000.00 iters/s

running (12m18.8s), 0010/0256 VUs, 1477550 complete and 0 interrupted iterations
cap_mixed   [  41% ] 0010/0256 VUs  12m18.8s/30m0s  2000.00 iters/s

running (12m19.8s), 0012/0256 VUs, 1479547 complete and 0 interrupted iterations
cap_mixed   [  41% ] 0012/0256 VUs  12m19.8s/30m0s  2000.00 iters/s

running (12m20.8s), 0011/0256 VUs, 1481549 complete and 0 interrupted iterations
cap_mixed   [  41% ] 0011/0256 VUs  12m20.8s/30m0s  2000.00 iters/s

running (12m21.8s), 0011/0256 VUs, 1483549 complete and 0 interrupted iterations
cap_mixed   [  41% ] 0011/0256 VUs  12m21.8s/30m0s  2000.00 iters/s

running (12m22.8s), 0034/0256 VUs, 1485526 complete and 0 interrupted iterations
cap_mixed   [  41% ] 0034/0256 VUs  12m22.8s/30m0s  2000.00 iters/s

running (12m23.8s), 0015/0256 VUs, 1487545 complete and 0 interrupted iterations
cap_mixed   [  41% ] 0015/0256 VUs  12m23.8s/30m0s  2000.00 iters/s

running (12m24.8s), 0012/0256 VUs, 1489548 complete and 0 interrupted iterations
cap_mixed   [  41% ] 0012/0256 VUs  12m24.8s/30m0s  2000.00 iters/s

running (12m25.8s), 0014/0256 VUs, 1491546 complete and 0 interrupted iterations
cap_mixed   [  41% ] 0014/0256 VUs  12m25.8s/30m0s  2000.00 iters/s

running (12m26.8s), 0017/0256 VUs, 1493544 complete and 0 interrupted iterations
cap_mixed   [  41% ] 0017/0256 VUs  12m26.8s/30m0s  2000.00 iters/s

running (12m27.8s), 0013/0256 VUs, 1495547 complete and 0 interrupted iterations
cap_mixed   [  42% ] 0013/0256 VUs  12m27.8s/30m0s  2000.00 iters/s

running (12m28.8s), 0015/0256 VUs, 1497545 complete and 0 interrupted iterations
cap_mixed   [  42% ] 0015/0256 VUs  12m28.8s/30m0s  2000.00 iters/s

running (12m29.8s), 0013/0256 VUs, 1499547 complete and 0 interrupted iterations
cap_mixed   [  42% ] 0013/0256 VUs  12m29.8s/30m0s  2000.00 iters/s

running (12m30.8s), 0013/0256 VUs, 1501545 complete and 0 interrupted iterations
cap_mixed   [  42% ] 0015/0256 VUs  12m30.8s/30m0s  2000.00 iters/s

running (12m31.8s), 0013/0256 VUs, 1503547 complete and 0 interrupted iterations
cap_mixed   [  42% ] 0013/0256 VUs  12m31.8s/30m0s  2000.00 iters/s

running (12m32.8s), 0017/0256 VUs, 1505543 complete and 0 interrupted iterations
cap_mixed   [  42% ] 0017/0256 VUs  12m32.8s/30m0s  2000.00 iters/s

running (12m33.8s), 0012/0256 VUs, 1507548 complete and 0 interrupted iterations
cap_mixed   [  42% ] 0012/0256 VUs  12m33.8s/30m0s  2000.00 iters/s

running (12m34.8s), 0009/0256 VUs, 1509551 complete and 0 interrupted iterations
cap_mixed   [  42% ] 0009/0256 VUs  12m34.8s/30m0s  2000.00 iters/s

running (12m35.8s), 0017/0256 VUs, 1511543 complete and 0 interrupted iterations
cap_mixed   [  42% ] 0017/0256 VUs  12m35.8s/30m0s  2000.00 iters/s

running (12m36.8s), 0027/0256 VUs, 1513541 complete and 0 interrupted iterations
cap_mixed   [  42% ] 0027/0256 VUs  12m36.8s/30m0s  2000.00 iters/s

running (12m37.8s), 0018/0256 VUs, 1515542 complete and 0 interrupted iterations
cap_mixed   [  42% ] 0018/0256 VUs  12m37.8s/30m0s  2000.00 iters/s

running (12m38.8s), 0012/0256 VUs, 1517547 complete and 0 interrupted iterations
cap_mixed   [  42% ] 0013/0256 VUs  12m38.8s/30m0s  2000.00 iters/s

running (12m39.8s), 0018/0256 VUs, 1519542 complete and 0 interrupted iterations
cap_mixed   [  42% ] 0018/0256 VUs  12m39.8s/30m0s  2000.00 iters/s

running (12m40.8s), 0016/0256 VUs, 1521544 complete and 0 interrupted iterations
cap_mixed   [  42% ] 0016/0256 VUs  12m40.8s/30m0s  2000.00 iters/s

running (12m41.8s), 0016/0256 VUs, 1523544 complete and 0 interrupted iterations
cap_mixed   [  42% ] 0016/0256 VUs  12m41.8s/30m0s  2000.00 iters/s

running (12m42.8s), 0008/0256 VUs, 1525552 complete and 0 interrupted iterations
cap_mixed   [  42% ] 0008/0256 VUs  12m42.8s/30m0s  2000.00 iters/s

running (12m43.8s), 0015/0256 VUs, 1527545 complete and 0 interrupted iterations
cap_mixed   [  42% ] 0015/0256 VUs  12m43.8s/30m0s  2000.00 iters/s

running (12m44.8s), 0015/0256 VUs, 1529545 complete and 0 interrupted iterations
cap_mixed   [  42% ] 0015/0256 VUs  12m44.8s/30m0s  2000.00 iters/s

running (12m45.8s), 0014/0256 VUs, 1531546 complete and 0 interrupted iterations
cap_mixed   [  43% ] 0014/0256 VUs  12m45.8s/30m0s  2000.00 iters/s

running (12m46.8s), 0012/0256 VUs, 1533548 complete and 0 interrupted iterations
cap_mixed   [  43% ] 0012/0256 VUs  12m46.8s/30m0s  2000.00 iters/s

running (12m47.8s), 0017/0256 VUs, 1535544 complete and 0 interrupted iterations
cap_mixed   [  43% ] 0017/0256 VUs  12m47.8s/30m0s  2000.00 iters/s

running (12m48.8s), 0018/0256 VUs, 1537542 complete and 0 interrupted iterations
cap_mixed   [  43% ] 0018/0256 VUs  12m48.8s/30m0s  2000.00 iters/s

running (12m49.8s), 0016/0256 VUs, 1539544 complete and 0 interrupted iterations
cap_mixed   [  43% ] 0016/0256 VUs  12m49.8s/30m0s  2000.00 iters/s

running (12m50.8s), 0014/0256 VUs, 1541546 complete and 0 interrupted iterations
cap_mixed   [  43% ] 0014/0256 VUs  12m50.8s/30m0s  2000.00 iters/s

running (12m51.8s), 0012/0256 VUs, 1543548 complete and 0 interrupted iterations
cap_mixed   [  43% ] 0012/0256 VUs  12m51.8s/30m0s  2000.00 iters/s

running (12m52.8s), 0008/0256 VUs, 1545552 complete and 0 interrupted iterations
cap_mixed   [  43% ] 0008/0256 VUs  12m52.8s/30m0s  2000.00 iters/s

running (12m53.8s), 0017/0256 VUs, 1547543 complete and 0 interrupted iterations
cap_mixed   [  43% ] 0017/0256 VUs  12m53.8s/30m0s  2000.00 iters/s

running (12m54.8s), 0020/0256 VUs, 1549540 complete and 0 interrupted iterations
cap_mixed   [  43% ] 0020/0256 VUs  12m54.8s/30m0s  2000.00 iters/s

running (12m55.8s), 0020/0256 VUs, 1551540 complete and 0 interrupted iterations
cap_mixed   [  43% ] 0020/0256 VUs  12m55.8s/30m0s  2000.00 iters/s

running (12m56.8s), 0034/0256 VUs, 1553526 complete and 0 interrupted iterations
cap_mixed   [  43% ] 0034/0256 VUs  12m56.8s/30m0s  2000.00 iters/s

running (12m57.8s), 0013/0256 VUs, 1555547 complete and 0 interrupted iterations
cap_mixed   [  43% ] 0013/0256 VUs  12m57.8s/30m0s  2000.00 iters/s

running (12m58.8s), 0028/0256 VUs, 1557532 complete and 0 interrupted iterations
cap_mixed   [  43% ] 0028/0256 VUs  12m58.8s/30m0s  2000.00 iters/s

running (12m59.8s), 0011/0256 VUs, 1559549 complete and 0 interrupted iterations
cap_mixed   [  43% ] 0011/0256 VUs  12m59.8s/30m0s  2000.00 iters/s

running (13m00.8s), 0012/0256 VUs, 1561548 complete and 0 interrupted iterations
cap_mixed   [  43% ] 0012/0256 VUs  13m00.8s/30m0s  2000.00 iters/s

running (13m01.8s), 0016/0256 VUs, 1563544 complete and 0 interrupted iterations
cap_mixed   [  43% ] 0016/0256 VUs  13m01.8s/30m0s  2000.00 iters/s

running (13m02.8s), 0012/0256 VUs, 1565549 complete and 0 interrupted iterations
cap_mixed   [  43% ] 0012/0256 VUs  13m02.8s/30m0s  2000.00 iters/s

running (13m03.8s), 0014/0256 VUs, 1567546 complete and 0 interrupted iterations
cap_mixed   [  44% ] 0014/0256 VUs  13m03.8s/30m0s  2000.00 iters/s

running (13m04.8s), 0009/0256 VUs, 1569550 complete and 0 interrupted iterations
cap_mixed   [  44% ] 0009/0256 VUs  13m04.8s/30m0s  2000.00 iters/s

running (13m05.8s), 0014/0256 VUs, 1571546 complete and 0 interrupted iterations
cap_mixed   [  44% ] 0014/0256 VUs  13m05.8s/30m0s  2000.00 iters/s

running (13m06.8s), 0013/0256 VUs, 1573547 complete and 0 interrupted iterations
cap_mixed   [  44% ] 0013/0256 VUs  13m06.8s/30m0s  2000.00 iters/s

running (13m07.8s), 0009/0256 VUs, 1575551 complete and 0 interrupted iterations
cap_mixed   [  44% ] 0009/0256 VUs  13m07.8s/30m0s  2000.00 iters/s

running (13m08.8s), 0027/0256 VUs, 1577533 complete and 0 interrupted iterations
cap_mixed   [  44% ] 0027/0256 VUs  13m08.8s/30m0s  2000.00 iters/s

running (13m09.8s), 0012/0256 VUs, 1579548 complete and 0 interrupted iterations
cap_mixed   [  44% ] 0012/0256 VUs  13m09.8s/30m0s  2000.00 iters/s

running (13m10.8s), 0016/0256 VUs, 1581542 complete and 0 interrupted iterations
cap_mixed   [  44% ] 0016/0256 VUs  13m10.8s/30m0s  2000.00 iters/s

running (13m11.8s), 0012/0256 VUs, 1583548 complete and 0 interrupted iterations
cap_mixed   [  44% ] 0012/0256 VUs  13m11.8s/30m0s  2000.00 iters/s

running (13m12.8s), 0013/0256 VUs, 1585547 complete and 0 interrupted iterations
cap_mixed   [  44% ] 0013/0256 VUs  13m12.8s/30m0s  2000.00 iters/s

running (13m13.8s), 0023/0256 VUs, 1587537 complete and 0 interrupted iterations
cap_mixed   [  44% ] 0023/0256 VUs  13m13.8s/30m0s  2000.00 iters/s

running (13m14.8s), 0011/0256 VUs, 1589548 complete and 0 interrupted iterations
cap_mixed   [  44% ] 0011/0256 VUs  13m14.8s/30m0s  2000.00 iters/s

running (13m15.8s), 0014/0256 VUs, 1591546 complete and 0 interrupted iterations
cap_mixed   [  44% ] 0014/0256 VUs  13m15.8s/30m0s  2000.00 iters/s

running (13m16.8s), 0011/0256 VUs, 1593549 complete and 0 interrupted iterations
cap_mixed   [  44% ] 0011/0256 VUs  13m16.8s/30m0s  2000.00 iters/s

running (13m17.8s), 0013/0256 VUs, 1595547 complete and 0 interrupted iterations
cap_mixed   [  44% ] 0014/0256 VUs  13m17.8s/30m0s  2000.00 iters/s

running (13m18.8s), 0014/0256 VUs, 1597546 complete and 0 interrupted iterations
cap_mixed   [  44% ] 0014/0256 VUs  13m18.8s/30m0s  2000.00 iters/s

running (13m19.8s), 0015/0256 VUs, 1599545 complete and 0 interrupted iterations
cap_mixed   [  44% ] 0015/0256 VUs  13m19.8s/30m0s  2000.00 iters/s

running (13m20.8s), 0014/0256 VUs, 1601546 complete and 0 interrupted iterations
cap_mixed   [  44% ] 0014/0256 VUs  13m20.8s/30m0s  2000.00 iters/s

running (13m21.8s), 0012/0256 VUs, 1603548 complete and 0 interrupted iterations
cap_mixed   [  45% ] 0012/0256 VUs  13m21.8s/30m0s  2000.00 iters/s

running (13m22.8s), 0014/0256 VUs, 1605546 complete and 0 interrupted iterations
cap_mixed   [  45% ] 0014/0256 VUs  13m22.8s/30m0s  2000.00 iters/s

running (13m23.8s), 0012/0256 VUs, 1607548 complete and 0 interrupted iterations
cap_mixed   [  45% ] 0012/0256 VUs  13m23.8s/30m0s  2000.00 iters/s

running (13m24.8s), 0013/0256 VUs, 1609547 complete and 0 interrupted iterations
cap_mixed   [  45% ] 0013/0256 VUs  13m24.8s/30m0s  2000.00 iters/s

running (13m25.8s), 0015/0256 VUs, 1611545 complete and 0 interrupted iterations
cap_mixed   [  45% ] 0015/0256 VUs  13m25.8s/30m0s  2000.00 iters/s

running (13m26.8s), 0015/0256 VUs, 1613545 complete and 0 interrupted iterations
cap_mixed   [  45% ] 0015/0256 VUs  13m26.8s/30m0s  2000.00 iters/s

running (13m27.8s), 0008/0256 VUs, 1615552 complete and 0 interrupted iterations
cap_mixed   [  45% ] 0008/0256 VUs  13m27.8s/30m0s  2000.00 iters/s

running (13m28.8s), 0012/0256 VUs, 1617548 complete and 0 interrupted iterations
cap_mixed   [  45% ] 0012/0256 VUs  13m28.8s/30m0s  2000.00 iters/s

running (13m29.8s), 0013/0256 VUs, 1619547 complete and 0 interrupted iterations
cap_mixed   [  45% ] 0013/0256 VUs  13m29.8s/30m0s  2000.00 iters/s

running (13m30.8s), 0012/0256 VUs, 1621548 complete and 0 interrupted iterations
cap_mixed   [  45% ] 0012/0256 VUs  13m30.8s/30m0s  2000.00 iters/s

running (13m31.8s), 0020/0256 VUs, 1623540 complete and 0 interrupted iterations
cap_mixed   [  45% ] 0020/0256 VUs  13m31.8s/30m0s  2000.00 iters/s

running (13m32.8s), 0018/0256 VUs, 1625543 complete and 0 interrupted iterations
cap_mixed   [  45% ] 0018/0256 VUs  13m32.8s/30m0s  2000.00 iters/s

running (13m33.8s), 0016/0256 VUs, 1627544 complete and 0 interrupted iterations
cap_mixed   [  45% ] 0016/0256 VUs  13m33.8s/30m0s  2000.00 iters/s

running (13m34.8s), 0014/0256 VUs, 1629546 complete and 0 interrupted iterations
cap_mixed   [  45% ] 0014/0256 VUs  13m34.8s/30m0s  2000.00 iters/s

running (13m35.8s), 0010/0256 VUs, 1631550 complete and 0 interrupted iterations
cap_mixed   [  45% ] 0010/0256 VUs  13m35.8s/30m0s  2000.00 iters/s

running (13m36.8s), 0011/0256 VUs, 1633549 complete and 0 interrupted iterations
cap_mixed   [  45% ] 0011/0256 VUs  13m36.8s/30m0s  2000.00 iters/s

running (13m37.8s), 0011/0256 VUs, 1635549 complete and 0 interrupted iterations
cap_mixed   [  45% ] 0011/0256 VUs  13m37.8s/30m0s  2000.00 iters/s

running (13m38.8s), 0019/0256 VUs, 1637541 complete and 0 interrupted iterations
cap_mixed   [  45% ] 0019/0256 VUs  13m38.8s/30m0s  2000.00 iters/s

running (13m39.8s), 0013/0256 VUs, 1639548 complete and 0 interrupted iterations
cap_mixed   [  46% ] 0013/0256 VUs  13m39.8s/30m0s  2000.00 iters/s

running (13m40.8s), 0014/0256 VUs, 1641546 complete and 0 interrupted iterations
cap_mixed   [  46% ] 0014/0256 VUs  13m40.8s/30m0s  2000.00 iters/s

running (13m41.8s), 0036/0256 VUs, 1643524 complete and 0 interrupted iterations
cap_mixed   [  46% ] 0036/0256 VUs  13m41.8s/30m0s  2000.00 iters/s

running (13m42.8s), 0018/0256 VUs, 1645542 complete and 0 interrupted iterations
cap_mixed   [  46% ] 0018/0256 VUs  13m42.8s/30m0s  2000.00 iters/s

running (13m43.8s), 0012/0256 VUs, 1647548 complete and 0 interrupted iterations
cap_mixed   [  46% ] 0012/0256 VUs  13m43.8s/30m0s  2000.00 iters/s

running (13m44.8s), 0015/0256 VUs, 1649545 complete and 0 interrupted iterations
cap_mixed   [  46% ] 0015/0256 VUs  13m44.8s/30m0s  2000.00 iters/s

running (13m45.8s), 0014/0256 VUs, 1651546 complete and 0 interrupted iterations
cap_mixed   [  46% ] 0014/0256 VUs  13m45.8s/30m0s  2000.00 iters/s

running (13m46.8s), 0008/0256 VUs, 1653552 complete and 0 interrupted iterations
cap_mixed   [  46% ] 0008/0256 VUs  13m46.8s/30m0s  2000.00 iters/s

running (13m47.8s), 0008/0256 VUs, 1655552 complete and 0 interrupted iterations
cap_mixed   [  46% ] 0008/0256 VUs  13m47.8s/30m0s  2000.00 iters/s

running (13m48.8s), 0011/0256 VUs, 1657549 complete and 0 interrupted iterations
cap_mixed   [  46% ] 0011/0256 VUs  13m48.8s/30m0s  2000.00 iters/s

running (13m49.8s), 0014/0256 VUs, 1659546 complete and 0 interrupted iterations
cap_mixed   [  46% ] 0014/0256 VUs  13m49.8s/30m0s  2000.00 iters/s

running (13m50.8s), 0011/0256 VUs, 1661549 complete and 0 interrupted iterations
cap_mixed   [  46% ] 0011/0256 VUs  13m50.8s/30m0s  2000.00 iters/s

running (13m51.8s), 0010/0256 VUs, 1663550 complete and 0 interrupted iterations
cap_mixed   [  46% ] 0010/0256 VUs  13m51.8s/30m0s  2000.00 iters/s

running (13m52.8s), 0014/0256 VUs, 1665546 complete and 0 interrupted iterations
cap_mixed   [  46% ] 0014/0256 VUs  13m52.8s/30m0s  2000.00 iters/s

running (13m53.8s), 0010/0256 VUs, 1667550 complete and 0 interrupted iterations
cap_mixed   [  46% ] 0010/0256 VUs  13m53.8s/30m0s  2000.00 iters/s

running (13m54.8s), 0015/0256 VUs, 1669545 complete and 0 interrupted iterations
cap_mixed   [  46% ] 0015/0256 VUs  13m54.8s/30m0s  2000.00 iters/s

running (13m55.8s), 0011/0256 VUs, 1671549 complete and 0 interrupted iterations
cap_mixed   [  46% ] 0011/0256 VUs  13m55.8s/30m0s  2000.00 iters/s

running (13m56.8s), 0013/0256 VUs, 1673547 complete and 0 interrupted iterations
cap_mixed   [  46% ] 0013/0256 VUs  13m56.8s/30m0s  2000.00 iters/s

running (13m57.8s), 0016/0256 VUs, 1675544 complete and 0 interrupted iterations
cap_mixed   [  47% ] 0016/0256 VUs  13m57.8s/30m0s  2000.00 iters/s

running (13m58.8s), 0011/0256 VUs, 1677549 complete and 0 interrupted iterations
cap_mixed   [  47% ] 0011/0256 VUs  13m58.8s/30m0s  2000.00 iters/s

running (13m59.8s), 0011/0256 VUs, 1679549 complete and 0 interrupted iterations
cap_mixed   [  47% ] 0011/0256 VUs  13m59.8s/30m0s  2000.00 iters/s

running (14m00.8s), 0016/0256 VUs, 1681544 complete and 0 interrupted iterations
cap_mixed   [  47% ] 0016/0256 VUs  14m00.8s/30m0s  2000.00 iters/s

running (14m01.8s), 0025/0256 VUs, 1683535 complete and 0 interrupted iterations
cap_mixed   [  47% ] 0025/0256 VUs  14m01.8s/30m0s  2000.00 iters/s

running (14m02.8s), 0012/0256 VUs, 1685548 complete and 0 interrupted iterations
cap_mixed   [  47% ] 0012/0256 VUs  14m02.8s/30m0s  2000.00 iters/s

running (14m03.8s), 0016/0256 VUs, 1687544 complete and 0 interrupted iterations
cap_mixed   [  47% ] 0016/0256 VUs  14m03.8s/30m0s  2000.00 iters/s

running (14m04.8s), 0010/0256 VUs, 1689550 complete and 0 interrupted iterations
cap_mixed   [  47% ] 0010/0256 VUs  14m04.8s/30m0s  2000.00 iters/s

running (14m05.8s), 0008/0256 VUs, 1691552 complete and 0 interrupted iterations
cap_mixed   [  47% ] 0008/0256 VUs  14m05.8s/30m0s  2000.00 iters/s

running (14m06.8s), 0017/0256 VUs, 1693543 complete and 0 interrupted iterations
cap_mixed   [  47% ] 0017/0256 VUs  14m06.8s/30m0s  2000.00 iters/s

running (14m07.8s), 0013/0256 VUs, 1695547 complete and 0 interrupted iterations
cap_mixed   [  47% ] 0013/0256 VUs  14m07.8s/30m0s  2000.00 iters/s

running (14m08.8s), 0018/0256 VUs, 1697542 complete and 0 interrupted iterations
cap_mixed   [  47% ] 0018/0256 VUs  14m08.8s/30m0s  2000.00 iters/s

running (14m09.8s), 0015/0256 VUs, 1699545 complete and 0 interrupted iterations
cap_mixed   [  47% ] 0015/0256 VUs  14m09.8s/30m0s  2000.00 iters/s

running (14m10.8s), 0012/0256 VUs, 1701548 complete and 0 interrupted iterations
cap_mixed   [  47% ] 0012/0256 VUs  14m10.8s/30m0s  2000.00 iters/s

running (14m11.8s), 0012/0256 VUs, 1703548 complete and 0 interrupted iterations
cap_mixed   [  47% ] 0012/0256 VUs  14m11.8s/30m0s  2000.00 iters/s

running (14m12.8s), 0012/0256 VUs, 1705548 complete and 0 interrupted iterations
cap_mixed   [  47% ] 0012/0256 VUs  14m12.8s/30m0s  2000.00 iters/s

running (14m13.8s), 0011/0256 VUs, 1707549 complete and 0 interrupted iterations
cap_mixed   [  47% ] 0011/0256 VUs  14m13.8s/30m0s  2000.00 iters/s

running (14m14.8s), 0020/0256 VUs, 1709540 complete and 0 interrupted iterations
cap_mixed   [  47% ] 0020/0256 VUs  14m14.8s/30m0s  2000.00 iters/s

running (14m15.8s), 0017/0256 VUs, 1711543 complete and 0 interrupted iterations
cap_mixed   [  48% ] 0017/0256 VUs  14m15.8s/30m0s  2000.00 iters/s

running (14m16.8s), 0010/0256 VUs, 1713550 complete and 0 interrupted iterations
cap_mixed   [  48% ] 0010/0256 VUs  14m16.8s/30m0s  2000.00 iters/s

running (14m17.8s), 0011/0256 VUs, 1715549 complete and 0 interrupted iterations
cap_mixed   [  48% ] 0011/0256 VUs  14m17.8s/30m0s  2000.00 iters/s

running (14m18.8s), 0012/0256 VUs, 1717549 complete and 0 interrupted iterations
cap_mixed   [  48% ] 0012/0256 VUs  14m18.8s/30m0s  2000.00 iters/s

running (14m19.8s), 0011/0256 VUs, 1719549 complete and 0 interrupted iterations
cap_mixed   [  48% ] 0011/0256 VUs  14m19.8s/30m0s  2000.00 iters/s

running (14m20.8s), 0009/0256 VUs, 1721551 complete and 0 interrupted iterations
cap_mixed   [  48% ] 0009/0256 VUs  14m20.8s/30m0s  2000.00 iters/s

running (14m21.8s), 0008/0256 VUs, 1723552 complete and 0 interrupted iterations
cap_mixed   [  48% ] 0008/0256 VUs  14m21.8s/30m0s  2000.00 iters/s

running (14m22.8s), 0019/0256 VUs, 1725542 complete and 0 interrupted iterations
cap_mixed   [  48% ] 0019/0256 VUs  14m22.8s/30m0s  2000.00 iters/s

running (14m23.8s), 0016/0256 VUs, 1727544 complete and 0 interrupted iterations
cap_mixed   [  48% ] 0016/0256 VUs  14m23.8s/30m0s  2000.00 iters/s

running (14m24.8s), 0014/0256 VUs, 1729546 complete and 0 interrupted iterations
cap_mixed   [  48% ] 0014/0256 VUs  14m24.8s/30m0s  2000.00 iters/s

running (14m25.8s), 0009/0256 VUs, 1731551 complete and 0 interrupted iterations
cap_mixed   [  48% ] 0009/0256 VUs  14m25.8s/30m0s  2000.00 iters/s

running (14m26.8s), 0013/0256 VUs, 1733547 complete and 0 interrupted iterations
cap_mixed   [  48% ] 0013/0256 VUs  14m26.8s/30m0s  2000.00 iters/s

running (14m27.8s), 0013/0256 VUs, 1735547 complete and 0 interrupted iterations
cap_mixed   [  48% ] 0013/0256 VUs  14m27.8s/30m0s  2000.00 iters/s

running (14m28.8s), 0011/0256 VUs, 1737549 complete and 0 interrupted iterations
cap_mixed   [  48% ] 0011/0256 VUs  14m28.8s/30m0s  2000.00 iters/s

running (14m29.8s), 0016/0256 VUs, 1739544 complete and 0 interrupted iterations
cap_mixed   [  48% ] 0016/0256 VUs  14m29.8s/30m0s  2000.00 iters/s

running (14m30.8s), 0062/0256 VUs, 1741498 complete and 0 interrupted iterations
cap_mixed   [  48% ] 0062/0256 VUs  14m30.8s/30m0s  2000.00 iters/s

running (14m31.8s), 0013/0256 VUs, 1743547 complete and 0 interrupted iterations
cap_mixed   [  48% ] 0013/0256 VUs  14m31.8s/30m0s  2000.00 iters/s

running (14m32.8s), 0010/0256 VUs, 1745552 complete and 0 interrupted iterations
cap_mixed   [  48% ] 0010/0256 VUs  14m32.8s/30m0s  2000.00 iters/s

running (14m33.8s), 0011/0256 VUs, 1747549 complete and 0 interrupted iterations
cap_mixed   [  49% ] 0011/0256 VUs  14m33.8s/30m0s  2000.00 iters/s

running (14m34.8s), 0012/0256 VUs, 1749548 complete and 0 interrupted iterations
cap_mixed   [  49% ] 0012/0256 VUs  14m34.8s/30m0s  2000.00 iters/s

running (14m35.8s), 0012/0256 VUs, 1751548 complete and 0 interrupted iterations
cap_mixed   [  49% ] 0012/0256 VUs  14m35.8s/30m0s  2000.00 iters/s

running (14m36.8s), 0013/0256 VUs, 1753547 complete and 0 interrupted iterations
cap_mixed   [  49% ] 0013/0256 VUs  14m36.8s/30m0s  2000.00 iters/s

running (14m37.8s), 0016/0256 VUs, 1755544 complete and 0 interrupted iterations
cap_mixed   [  49% ] 0016/0256 VUs  14m37.8s/30m0s  2000.00 iters/s

running (14m38.8s), 0013/0256 VUs, 1757547 complete and 0 interrupted iterations
cap_mixed   [  49% ] 0013/0256 VUs  14m38.8s/30m0s  2000.00 iters/s

running (14m39.8s), 0013/0256 VUs, 1759547 complete and 0 interrupted iterations
cap_mixed   [  49% ] 0012/0256 VUs  14m39.8s/30m0s  2000.00 iters/s

running (14m40.8s), 0013/0256 VUs, 1761547 complete and 0 interrupted iterations
cap_mixed   [  49% ] 0013/0256 VUs  14m40.8s/30m0s  2000.00 iters/s

running (14m41.8s), 0011/0256 VUs, 1763549 complete and 0 interrupted iterations
cap_mixed   [  49% ] 0011/0256 VUs  14m41.8s/30m0s  2000.00 iters/s

running (14m42.8s), 0027/0256 VUs, 1765537 complete and 0 interrupted iterations
cap_mixed   [  49% ] 0027/0256 VUs  14m42.8s/30m0s  2000.00 iters/s

running (14m43.8s), 0009/0256 VUs, 1767551 complete and 0 interrupted iterations
cap_mixed   [  49% ] 0009/0256 VUs  14m43.8s/30m0s  2000.00 iters/s

running (14m44.8s), 0014/0256 VUs, 1769546 complete and 0 interrupted iterations
cap_mixed   [  49% ] 0014/0256 VUs  14m44.8s/30m0s  2000.00 iters/s

running (14m45.8s), 0019/0256 VUs, 1771541 complete and 0 interrupted iterations
cap_mixed   [  49% ] 0019/0256 VUs  14m45.8s/30m0s  2000.00 iters/s

running (14m46.8s), 0016/0256 VUs, 1773545 complete and 0 interrupted iterations
cap_mixed   [  49% ] 0016/0256 VUs  14m46.8s/30m0s  2000.00 iters/s

running (14m47.8s), 0013/0256 VUs, 1775547 complete and 0 interrupted iterations
cap_mixed   [  49% ] 0013/0256 VUs  14m47.8s/30m0s  2000.00 iters/s

running (14m48.8s), 0018/0256 VUs, 1777540 complete and 0 interrupted iterations
cap_mixed   [  49% ] 0018/0256 VUs  14m48.8s/30m0s  2000.00 iters/s

running (14m49.8s), 0015/0256 VUs, 1779545 complete and 0 interrupted iterations
cap_mixed   [  49% ] 0015/0256 VUs  14m49.8s/30m0s  2000.00 iters/s

running (14m50.8s), 0015/0256 VUs, 1781545 complete and 0 interrupted iterations
cap_mixed   [  49% ] 0015/0256 VUs  14m50.8s/30m0s  2000.00 iters/s

running (14m51.8s), 0009/0256 VUs, 1783551 complete and 0 interrupted iterations
cap_mixed   [  50% ] 0009/0256 VUs  14m51.8s/30m0s  2000.00 iters/s

running (14m52.8s), 0010/0256 VUs, 1785550 complete and 0 interrupted iterations
cap_mixed   [  50% ] 0010/0256 VUs  14m52.8s/30m0s  2000.00 iters/s

running (14m53.8s), 0018/0256 VUs, 1787542 complete and 0 interrupted iterations
cap_mixed   [  50% ] 0018/0256 VUs  14m53.8s/30m0s  2000.00 iters/s

running (14m54.8s), 0009/0256 VUs, 1789551 complete and 0 interrupted iterations
cap_mixed   [  50% ] 0009/0256 VUs  14m54.8s/30m0s  2000.00 iters/s

running (14m55.8s), 0012/0256 VUs, 1791548 complete and 0 interrupted iterations
cap_mixed   [  50% ] 0012/0256 VUs  14m55.8s/30m0s  2000.00 iters/s

running (14m56.8s), 0013/0256 VUs, 1793547 complete and 0 interrupted iterations
cap_mixed   [  50% ] 0013/0256 VUs  14m56.8s/30m0s  2000.00 iters/s

running (14m57.8s), 0011/0256 VUs, 1795549 complete and 0 interrupted iterations
cap_mixed   [  50% ] 0011/0256 VUs  14m57.8s/30m0s  2000.00 iters/s

running (14m58.8s), 0017/0256 VUs, 1797543 complete and 0 interrupted iterations
cap_mixed   [  50% ] 0017/0256 VUs  14m58.8s/30m0s  2000.00 iters/s

running (14m59.8s), 0012/0256 VUs, 1799548 complete and 0 interrupted iterations
cap_mixed   [  50% ] 0012/0256 VUs  14m59.8s/30m0s  2000.00 iters/s

running (15m00.8s), 0014/0256 VUs, 1801546 complete and 0 interrupted iterations
cap_mixed   [  50% ] 0014/0256 VUs  15m00.8s/30m0s  2000.00 iters/s

running (15m01.8s), 0025/0256 VUs, 1803535 complete and 0 interrupted iterations
cap_mixed   [  50% ] 0025/0256 VUs  15m01.8s/30m0s  2000.00 iters/s

running (15m02.8s), 0007/0256 VUs, 1805553 complete and 0 interrupted iterations
cap_mixed   [  50% ] 0007/0256 VUs  15m02.8s/30m0s  2000.00 iters/s

running (15m03.8s), 0019/0256 VUs, 1807541 complete and 0 interrupted iterations
cap_mixed   [  50% ] 0019/0256 VUs  15m03.8s/30m0s  2000.00 iters/s

running (15m04.8s), 0012/0256 VUs, 1809548 complete and 0 interrupted iterations
cap_mixed   [  50% ] 0012/0256 VUs  15m04.8s/30m0s  2000.00 iters/s

running (15m05.8s), 0008/0256 VUs, 1811552 complete and 0 interrupted iterations
cap_mixed   [  50% ] 0008/0256 VUs  15m05.8s/30m0s  2000.00 iters/s

running (15m06.8s), 0010/0256 VUs, 1813549 complete and 0 interrupted iterations
cap_mixed   [  50% ] 0010/0256 VUs  15m06.8s/30m0s  2000.00 iters/s

running (15m07.8s), 0017/0256 VUs, 1815543 complete and 0 interrupted iterations
cap_mixed   [  50% ] 0017/0256 VUs  15m07.8s/30m0s  2000.00 iters/s

running (15m08.8s), 0014/0256 VUs, 1817547 complete and 0 interrupted iterations
cap_mixed   [  50% ] 0014/0256 VUs  15m08.8s/30m0s  2000.00 iters/s

running (15m09.8s), 0022/0256 VUs, 1819538 complete and 0 interrupted iterations
cap_mixed   [  51% ] 0022/0256 VUs  15m09.8s/30m0s  2000.00 iters/s

running (15m10.8s), 0013/0256 VUs, 1821547 complete and 0 interrupted iterations
cap_mixed   [  51% ] 0013/0256 VUs  15m10.8s/30m0s  2000.00 iters/s

running (15m11.8s), 0012/0256 VUs, 1823548 complete and 0 interrupted iterations
cap_mixed   [  51% ] 0012/0256 VUs  15m11.8s/30m0s  2000.00 iters/s

running (15m12.8s), 0010/0256 VUs, 1825550 complete and 0 interrupted iterations
cap_mixed   [  51% ] 0010/0256 VUs  15m12.8s/30m0s  2000.00 iters/s

running (15m13.8s), 0035/0256 VUs, 1827526 complete and 0 interrupted iterations
cap_mixed   [  51% ] 0035/0256 VUs  15m13.8s/30m0s  2000.00 iters/s

running (15m14.8s), 0017/0256 VUs, 1829543 complete and 0 interrupted iterations
cap_mixed   [  51% ] 0017/0256 VUs  15m14.8s/30m0s  2000.00 iters/s

running (15m15.8s), 0015/0256 VUs, 1831545 complete and 0 interrupted iterations
cap_mixed   [  51% ] 0015/0256 VUs  15m15.8s/30m0s  2000.00 iters/s

running (15m16.8s), 0018/0256 VUs, 1833542 complete and 0 interrupted iterations
cap_mixed   [  51% ] 0018/0256 VUs  15m16.8s/30m0s  2000.00 iters/s

running (15m17.8s), 0015/0256 VUs, 1835545 complete and 0 interrupted iterations
cap_mixed   [  51% ] 0015/0256 VUs  15m17.8s/30m0s  2000.00 iters/s

running (15m18.8s), 0050/0256 VUs, 1837510 complete and 0 interrupted iterations
cap_mixed   [  51% ] 0050/0256 VUs  15m18.8s/30m0s  2000.00 iters/s

running (15m19.8s), 0015/0256 VUs, 1839546 complete and 0 interrupted iterations
cap_mixed   [  51% ] 0015/0256 VUs  15m19.8s/30m0s  2000.00 iters/s

running (15m20.8s), 0009/0256 VUs, 1841551 complete and 0 interrupted iterations
cap_mixed   [  51% ] 0009/0256 VUs  15m20.8s/30m0s  2000.00 iters/s

running (15m21.8s), 0011/0256 VUs, 1843549 complete and 0 interrupted iterations
cap_mixed   [  51% ] 0011/0256 VUs  15m21.8s/30m0s  2000.00 iters/s

running (15m22.8s), 0010/0256 VUs, 1845550 complete and 0 interrupted iterations
cap_mixed   [  51% ] 0010/0256 VUs  15m22.8s/30m0s  2000.00 iters/s

running (15m23.8s), 0012/0256 VUs, 1847546 complete and 0 interrupted iterations
cap_mixed   [  51% ] 0012/0256 VUs  15m23.8s/30m0s  2000.00 iters/s

running (15m24.8s), 0014/0256 VUs, 1849546 complete and 0 interrupted iterations
cap_mixed   [  51% ] 0014/0256 VUs  15m24.8s/30m0s  2000.00 iters/s

running (15m25.8s), 0010/0256 VUs, 1851550 complete and 0 interrupted iterations
cap_mixed   [  51% ] 0010/0256 VUs  15m25.8s/30m0s  2000.00 iters/s

running (15m26.8s), 0014/0256 VUs, 1853546 complete and 0 interrupted iterations
cap_mixed   [  51% ] 0014/0256 VUs  15m26.8s/30m0s  2000.00 iters/s

running (15m27.8s), 0102/0256 VUs, 1855458 complete and 0 interrupted iterations
cap_mixed   [  52% ] 0102/0256 VUs  15m27.8s/30m0s  2000.00 iters/s

running (15m28.8s), 0014/0256 VUs, 1857546 complete and 0 interrupted iterations
cap_mixed   [  52% ] 0014/0256 VUs  15m28.8s/30m0s  2000.00 iters/s

running (15m29.8s), 0019/0256 VUs, 1859541 complete and 0 interrupted iterations
cap_mixed   [  52% ] 0019/0256 VUs  15m29.8s/30m0s  2000.00 iters/s

running (15m30.8s), 0013/0256 VUs, 1861547 complete and 0 interrupted iterations
cap_mixed   [  52% ] 0013/0256 VUs  15m30.8s/30m0s  2000.00 iters/s

running (15m31.8s), 0013/0256 VUs, 1863547 complete and 0 interrupted iterations
cap_mixed   [  52% ] 0013/0256 VUs  15m31.8s/30m0s  2000.00 iters/s

running (15m32.8s), 0010/0256 VUs, 1865550 complete and 0 interrupted iterations
cap_mixed   [  52% ] 0010/0256 VUs  15m32.8s/30m0s  2000.00 iters/s

running (15m33.8s), 0013/0256 VUs, 1867547 complete and 0 interrupted iterations
cap_mixed   [  52% ] 0013/0256 VUs  15m33.8s/30m0s  2000.00 iters/s

running (15m34.8s), 0010/0256 VUs, 1869549 complete and 0 interrupted iterations
cap_mixed   [  52% ] 0010/0256 VUs  15m34.8s/30m0s  2000.00 iters/s

running (15m35.8s), 0013/0256 VUs, 1871547 complete and 0 interrupted iterations
cap_mixed   [  52% ] 0013/0256 VUs  15m35.8s/30m0s  2000.00 iters/s

running (15m36.8s), 0010/0256 VUs, 1873550 complete and 0 interrupted iterations
cap_mixed   [  52% ] 0010/0256 VUs  15m36.8s/30m0s  2000.00 iters/s

running (15m37.8s), 0012/0256 VUs, 1875548 complete and 0 interrupted iterations
cap_mixed   [  52% ] 0012/0256 VUs  15m37.8s/30m0s  2000.00 iters/s

running (15m38.8s), 0008/0256 VUs, 1877552 complete and 0 interrupted iterations
cap_mixed   [  52% ] 0008/0256 VUs  15m38.8s/30m0s  2000.00 iters/s

running (15m39.8s), 0013/0256 VUs, 1879547 complete and 0 interrupted iterations
cap_mixed   [  52% ] 0013/0256 VUs  15m39.8s/30m0s  2000.00 iters/s

running (15m40.8s), 0011/0256 VUs, 1881549 complete and 0 interrupted iterations
cap_mixed   [  52% ] 0011/0256 VUs  15m40.8s/30m0s  2000.00 iters/s

running (15m41.8s), 0014/0256 VUs, 1883547 complete and 0 interrupted iterations
cap_mixed   [  52% ] 0014/0256 VUs  15m41.8s/30m0s  2000.00 iters/s

running (15m42.8s), 0015/0256 VUs, 1885545 complete and 0 interrupted iterations
cap_mixed   [  52% ] 0015/0256 VUs  15m42.8s/30m0s  2000.00 iters/s

running (15m43.8s), 0013/0256 VUs, 1887547 complete and 0 interrupted iterations
cap_mixed   [  52% ] 0013/0256 VUs  15m43.8s/30m0s  2000.00 iters/s

running (15m44.8s), 0017/0256 VUs, 1889543 complete and 0 interrupted iterations
cap_mixed   [  52% ] 0017/0256 VUs  15m44.8s/30m0s  2000.00 iters/s

running (15m45.8s), 0009/0256 VUs, 1891550 complete and 0 interrupted iterations
cap_mixed   [  53% ] 0009/0256 VUs  15m45.8s/30m0s  2000.00 iters/s

running (15m46.8s), 0006/0256 VUs, 1893554 complete and 0 interrupted iterations
cap_mixed   [  53% ] 0006/0256 VUs  15m46.8s/30m0s  2000.00 iters/s

running (15m47.8s), 0010/0256 VUs, 1895549 complete and 0 interrupted iterations
cap_mixed   [  53% ] 0010/0256 VUs  15m47.8s/30m0s  2000.00 iters/s

running (15m48.8s), 0014/0256 VUs, 1897546 complete and 0 interrupted iterations
cap_mixed   [  53% ] 0014/0256 VUs  15m48.8s/30m0s  2000.00 iters/s

running (15m49.8s), 0015/0256 VUs, 1899545 complete and 0 interrupted iterations
cap_mixed   [  53% ] 0015/0256 VUs  15m49.8s/30m0s  2000.00 iters/s

running (15m50.8s), 0015/0256 VUs, 1901545 complete and 0 interrupted iterations
cap_mixed   [  53% ] 0015/0256 VUs  15m50.8s/30m0s  2000.00 iters/s

running (15m51.8s), 0016/0256 VUs, 1903544 complete and 0 interrupted iterations
cap_mixed   [  53% ] 0016/0256 VUs  15m51.8s/30m0s  2000.00 iters/s

running (15m52.8s), 0012/0256 VUs, 1905548 complete and 0 interrupted iterations
cap_mixed   [  53% ] 0012/0256 VUs  15m52.8s/30m0s  2000.00 iters/s

running (15m53.8s), 0011/0256 VUs, 1907547 complete and 0 interrupted iterations
cap_mixed   [  53% ] 0011/0256 VUs  15m53.8s/30m0s  2000.00 iters/s

running (15m54.8s), 0010/0256 VUs, 1909550 complete and 0 interrupted iterations
cap_mixed   [  53% ] 0010/0256 VUs  15m54.8s/30m0s  2000.00 iters/s

running (15m55.8s), 0006/0256 VUs, 1911554 complete and 0 interrupted iterations
cap_mixed   [  53% ] 0006/0256 VUs  15m55.8s/30m0s  2000.00 iters/s

running (15m56.8s), 0012/0256 VUs, 1913548 complete and 0 interrupted iterations
cap_mixed   [  53% ] 0012/0256 VUs  15m56.8s/30m0s  2000.00 iters/s

running (15m57.8s), 0010/0256 VUs, 1915550 complete and 0 interrupted iterations
cap_mixed   [  53% ] 0010/0256 VUs  15m57.8s/30m0s  2000.00 iters/s

running (15m58.8s), 0009/0256 VUs, 1917551 complete and 0 interrupted iterations
cap_mixed   [  53% ] 0009/0256 VUs  15m58.8s/30m0s  2000.00 iters/s

running (15m59.8s), 0011/0256 VUs, 1919549 complete and 0 interrupted iterations
cap_mixed   [  53% ] 0011/0256 VUs  15m59.8s/30m0s  2000.00 iters/s

running (16m00.8s), 0038/0256 VUs, 1921522 complete and 0 interrupted iterations
cap_mixed   [  53% ] 0038/0256 VUs  16m00.8s/30m0s  2000.00 iters/s

running (16m01.8s), 0016/0256 VUs, 1923545 complete and 0 interrupted iterations
cap_mixed   [  53% ] 0016/0256 VUs  16m01.8s/30m0s  2000.00 iters/s

running (16m02.8s), 0015/0256 VUs, 1925545 complete and 0 interrupted iterations
cap_mixed   [  53% ] 0015/0256 VUs  16m02.8s/30m0s  2000.00 iters/s

running (16m03.8s), 0012/0256 VUs, 1927548 complete and 0 interrupted iterations
cap_mixed   [  54% ] 0012/0256 VUs  16m03.8s/30m0s  2000.00 iters/s

running (16m04.8s), 0028/0256 VUs, 1929532 complete and 0 interrupted iterations
cap_mixed   [  54% ] 0028/0256 VUs  16m04.8s/30m0s  2000.00 iters/s

running (16m05.8s), 0009/0256 VUs, 1931551 complete and 0 interrupted iterations
cap_mixed   [  54% ] 0009/0256 VUs  16m05.8s/30m0s  2000.00 iters/s

running (16m06.8s), 0007/0256 VUs, 1933553 complete and 0 interrupted iterations
cap_mixed   [  54% ] 0007/0256 VUs  16m06.8s/30m0s  2000.00 iters/s

running (16m07.8s), 0010/0256 VUs, 1935550 complete and 0 interrupted iterations
cap_mixed   [  54% ] 0010/0256 VUs  16m07.8s/30m0s  2000.00 iters/s

running (16m08.8s), 0016/0256 VUs, 1937544 complete and 0 interrupted iterations
cap_mixed   [  54% ] 0016/0256 VUs  16m08.8s/30m0s  2000.00 iters/s

running (16m09.8s), 0012/0256 VUs, 1939548 complete and 0 interrupted iterations
cap_mixed   [  54% ] 0012/0256 VUs  16m09.8s/30m0s  2000.00 iters/s

running (16m10.8s), 0019/0256 VUs, 1941541 complete and 0 interrupted iterations
cap_mixed   [  54% ] 0019/0256 VUs  16m10.8s/30m0s  2000.00 iters/s

running (16m11.8s), 0015/0256 VUs, 1943545 complete and 0 interrupted iterations
cap_mixed   [  54% ] 0015/0256 VUs  16m11.8s/30m0s  2000.00 iters/s

running (16m12.8s), 0012/0256 VUs, 1945548 complete and 0 interrupted iterations
cap_mixed   [  54% ] 0012/0256 VUs  16m12.8s/30m0s  2000.00 iters/s

running (16m13.8s), 0020/0256 VUs, 1947540 complete and 0 interrupted iterations
cap_mixed   [  54% ] 0020/0256 VUs  16m13.8s/30m0s  2000.00 iters/s

running (16m14.8s), 0018/0256 VUs, 1949542 complete and 0 interrupted iterations
cap_mixed   [  54% ] 0018/0256 VUs  16m14.8s/30m0s  2000.00 iters/s

running (16m15.8s), 0017/0256 VUs, 1951543 complete and 0 interrupted iterations
cap_mixed   [  54% ] 0017/0256 VUs  16m15.8s/30m0s  2000.00 iters/s

running (16m16.8s), 0025/0256 VUs, 1953535 complete and 0 interrupted iterations
cap_mixed   [  54% ] 0025/0256 VUs  16m16.8s/30m0s  2000.00 iters/s

running (16m17.8s), 0017/0256 VUs, 1955543 complete and 0 interrupted iterations
cap_mixed   [  54% ] 0017/0256 VUs  16m17.8s/30m0s  2000.00 iters/s

running (16m18.8s), 0035/0256 VUs, 1957525 complete and 0 interrupted iterations
cap_mixed   [  54% ] 0035/0256 VUs  16m18.8s/30m0s  2000.00 iters/s

running (16m19.8s), 0014/0256 VUs, 1959546 complete and 0 interrupted iterations
cap_mixed   [  54% ] 0014/0256 VUs  16m19.8s/30m0s  2000.00 iters/s

running (16m20.8s), 0014/0256 VUs, 1961546 complete and 0 interrupted iterations
cap_mixed   [  54% ] 0014/0256 VUs  16m20.8s/30m0s  2000.00 iters/s

running (16m21.8s), 0015/0256 VUs, 1963545 complete and 0 interrupted iterations
cap_mixed   [  55% ] 0015/0256 VUs  16m21.8s/30m0s  2000.00 iters/s

running (16m22.8s), 0010/0256 VUs, 1965550 complete and 0 interrupted iterations
cap_mixed   [  55% ] 0010/0256 VUs  16m22.8s/30m0s  2000.00 iters/s

running (16m23.8s), 0010/0256 VUs, 1967550 complete and 0 interrupted iterations
cap_mixed   [  55% ] 0010/0256 VUs  16m23.8s/30m0s  2000.00 iters/s

running (16m24.8s), 0062/0256 VUs, 1969498 complete and 0 interrupted iterations
cap_mixed   [  55% ] 0062/0256 VUs  16m24.8s/30m0s  2000.00 iters/s

running (16m25.8s), 0018/0256 VUs, 1971541 complete and 0 interrupted iterations
cap_mixed   [  55% ] 0018/0256 VUs  16m25.8s/30m0s  2000.00 iters/s

running (16m26.8s), 0020/0256 VUs, 1973541 complete and 0 interrupted iterations
cap_mixed   [  55% ] 0020/0256 VUs  16m26.8s/30m0s  2000.00 iters/s

running (16m27.8s), 0016/0256 VUs, 1975544 complete and 0 interrupted iterations
cap_mixed   [  55% ] 0016/0256 VUs  16m27.8s/30m0s  2000.00 iters/s

running (16m28.8s), 0017/0256 VUs, 1977543 complete and 0 interrupted iterations
cap_mixed   [  55% ] 0017/0256 VUs  16m28.8s/30m0s  2000.00 iters/s

running (16m29.8s), 0018/0256 VUs, 1979542 complete and 0 interrupted iterations
cap_mixed   [  55% ] 0018/0256 VUs  16m29.8s/30m0s  2000.00 iters/s

running (16m30.8s), 0010/0256 VUs, 1981550 complete and 0 interrupted iterations
cap_mixed   [  55% ] 0010/0256 VUs  16m30.8s/30m0s  2000.00 iters/s

running (16m31.8s), 0013/0256 VUs, 1983547 complete and 0 interrupted iterations
cap_mixed   [  55% ] 0013/0256 VUs  16m31.8s/30m0s  2000.00 iters/s

running (16m32.8s), 0058/0256 VUs, 1985486 complete and 0 interrupted iterations
cap_mixed   [  55% ] 0058/0256 VUs  16m32.8s/30m0s  2000.00 iters/s

running (16m33.8s), 0045/0256 VUs, 1987513 complete and 0 interrupted iterations
cap_mixed   [  55% ] 0045/0256 VUs  16m33.8s/30m0s  2000.00 iters/s

running (16m34.8s), 0017/0256 VUs, 1989543 complete and 0 interrupted iterations
cap_mixed   [  55% ] 0016/0256 VUs  16m34.8s/30m0s  2000.00 iters/s

running (16m35.8s), 0018/0256 VUs, 1991542 complete and 0 interrupted iterations
cap_mixed   [  55% ] 0018/0256 VUs  16m35.8s/30m0s  2000.00 iters/s

running (16m36.8s), 0015/0256 VUs, 1993545 complete and 0 interrupted iterations
cap_mixed   [  55% ] 0015/0256 VUs  16m36.8s/30m0s  2000.00 iters/s

running (16m37.8s), 0010/0256 VUs, 1995550 complete and 0 interrupted iterations
cap_mixed   [  55% ] 0010/0256 VUs  16m37.8s/30m0s  2000.00 iters/s

running (16m38.8s), 0019/0256 VUs, 1997541 complete and 0 interrupted iterations
cap_mixed   [  55% ] 0019/0256 VUs  16m38.8s/30m0s  2000.00 iters/s

running (16m39.8s), 0021/0256 VUs, 1999539 complete and 0 interrupted iterations
cap_mixed   [  56% ] 0021/0256 VUs  16m39.8s/30m0s  2000.00 iters/s

running (16m40.8s), 0019/0256 VUs, 2001541 complete and 0 interrupted iterations
cap_mixed   [  56% ] 0019/0256 VUs  16m40.8s/30m0s  2000.00 iters/s

running (16m41.8s), 0009/0256 VUs, 2003551 complete and 0 interrupted iterations
cap_mixed   [  56% ] 0009/0256 VUs  16m41.8s/30m0s  2000.00 iters/s

running (16m42.8s), 0019/0256 VUs, 2005541 complete and 0 interrupted iterations
cap_mixed   [  56% ] 0019/0256 VUs  16m42.8s/30m0s  2000.00 iters/s

running (16m43.8s), 0011/0256 VUs, 2007549 complete and 0 interrupted iterations
cap_mixed   [  56% ] 0011/0256 VUs  16m43.8s/30m0s  2000.00 iters/s

running (16m44.8s), 0008/0256 VUs, 2009552 complete and 0 interrupted iterations
cap_mixed   [  56% ] 0008/0256 VUs  16m44.8s/30m0s  2000.00 iters/s

running (16m45.8s), 0014/0256 VUs, 2011546 complete and 0 interrupted iterations
cap_mixed   [  56% ] 0014/0256 VUs  16m45.8s/30m0s  2000.00 iters/s

running (16m46.8s), 0010/0256 VUs, 2013550 complete and 0 interrupted iterations
cap_mixed   [  56% ] 0010/0256 VUs  16m46.8s/30m0s  2000.00 iters/s

running (16m47.8s), 0014/0256 VUs, 2015546 complete and 0 interrupted iterations
cap_mixed   [  56% ] 0014/0256 VUs  16m47.8s/30m0s  2000.00 iters/s

running (16m48.8s), 0012/0256 VUs, 2017548 complete and 0 interrupted iterations
cap_mixed   [  56% ] 0012/0256 VUs  16m48.8s/30m0s  2000.00 iters/s

running (16m49.8s), 0016/0256 VUs, 2019544 complete and 0 interrupted iterations
cap_mixed   [  56% ] 0016/0256 VUs  16m49.8s/30m0s  2000.00 iters/s

running (16m50.8s), 0015/0256 VUs, 2021545 complete and 0 interrupted iterations
cap_mixed   [  56% ] 0015/0256 VUs  16m50.8s/30m0s  2000.00 iters/s

running (16m51.8s), 0022/0256 VUs, 2023538 complete and 0 interrupted iterations
cap_mixed   [  56% ] 0022/0256 VUs  16m51.8s/30m0s  2000.00 iters/s

running (16m52.8s), 0018/0256 VUs, 2025542 complete and 0 interrupted iterations
cap_mixed   [  56% ] 0018/0256 VUs  16m52.8s/30m0s  2000.00 iters/s

running (16m53.8s), 0016/0256 VUs, 2027544 complete and 0 interrupted iterations
cap_mixed   [  56% ] 0016/0256 VUs  16m53.8s/30m0s  2000.00 iters/s

running (16m54.8s), 0018/0256 VUs, 2029542 complete and 0 interrupted iterations
cap_mixed   [  56% ] 0018/0256 VUs  16m54.8s/30m0s  2000.00 iters/s

running (16m55.8s), 0011/0256 VUs, 2031549 complete and 0 interrupted iterations
cap_mixed   [  56% ] 0011/0256 VUs  16m55.8s/30m0s  2000.00 iters/s

running (16m56.8s), 0017/0256 VUs, 2033544 complete and 0 interrupted iterations
cap_mixed   [  56% ] 0017/0256 VUs  16m56.8s/30m0s  2000.00 iters/s

running (16m57.8s), 0017/0256 VUs, 2035543 complete and 0 interrupted iterations
cap_mixed   [  57% ] 0017/0256 VUs  16m57.8s/30m0s  2000.00 iters/s

running (16m58.8s), 0015/0256 VUs, 2037545 complete and 0 interrupted iterations
cap_mixed   [  57% ] 0015/0256 VUs  16m58.8s/30m0s  2000.00 iters/s

running (16m59.8s), 0016/0256 VUs, 2039544 complete and 0 interrupted iterations
cap_mixed   [  57% ] 0016/0256 VUs  16m59.8s/30m0s  2000.00 iters/s

running (17m00.8s), 0010/0256 VUs, 2041550 complete and 0 interrupted iterations
cap_mixed   [  57% ] 0010/0256 VUs  17m00.8s/30m0s  2000.00 iters/s

running (17m01.8s), 0012/0256 VUs, 2043548 complete and 0 interrupted iterations
cap_mixed   [  57% ] 0012/0256 VUs  17m01.8s/30m0s  2000.00 iters/s

running (17m02.8s), 0014/0256 VUs, 2045546 complete and 0 interrupted iterations
cap_mixed   [  57% ] 0014/0256 VUs  17m02.8s/30m0s  2000.00 iters/s

running (17m03.8s), 0013/0256 VUs, 2047547 complete and 0 interrupted iterations
cap_mixed   [  57% ] 0013/0256 VUs  17m03.8s/30m0s  2000.00 iters/s

running (17m04.8s), 0011/0256 VUs, 2049549 complete and 0 interrupted iterations
cap_mixed   [  57% ] 0011/0256 VUs  17m04.8s/30m0s  2000.00 iters/s

running (17m05.8s), 0013/0256 VUs, 2051547 complete and 0 interrupted iterations
cap_mixed   [  57% ] 0013/0256 VUs  17m05.8s/30m0s  2000.00 iters/s

running (17m06.8s), 0014/0256 VUs, 2053546 complete and 0 interrupted iterations
cap_mixed   [  57% ] 0014/0256 VUs  17m06.8s/30m0s  2000.00 iters/s

running (17m07.8s), 0012/0256 VUs, 2055548 complete and 0 interrupted iterations
cap_mixed   [  57% ] 0012/0256 VUs  17m07.8s/30m0s  2000.00 iters/s

running (17m08.8s), 0011/0256 VUs, 2057549 complete and 0 interrupted iterations
cap_mixed   [  57% ] 0011/0256 VUs  17m08.8s/30m0s  2000.00 iters/s

running (17m09.8s), 0009/0256 VUs, 2059551 complete and 0 interrupted iterations
cap_mixed   [  57% ] 0009/0256 VUs  17m09.8s/30m0s  2000.00 iters/s

running (17m10.8s), 0017/0256 VUs, 2061544 complete and 0 interrupted iterations
cap_mixed   [  57% ] 0017/0256 VUs  17m10.8s/30m0s  2000.00 iters/s

running (17m11.8s), 0018/0256 VUs, 2063542 complete and 0 interrupted iterations
cap_mixed   [  57% ] 0018/0256 VUs  17m11.8s/30m0s  2000.00 iters/s

running (17m12.8s), 0015/0256 VUs, 2065545 complete and 0 interrupted iterations
cap_mixed   [  57% ] 0015/0256 VUs  17m12.8s/30m0s  2000.00 iters/s

running (17m13.8s), 0015/0256 VUs, 2067545 complete and 0 interrupted iterations
cap_mixed   [  57% ] 0015/0256 VUs  17m13.8s/30m0s  2000.00 iters/s

running (17m14.8s), 0017/0256 VUs, 2069543 complete and 0 interrupted iterations
cap_mixed   [  57% ] 0017/0256 VUs  17m14.8s/30m0s  2000.00 iters/s

running (17m15.8s), 0021/0256 VUs, 2071539 complete and 0 interrupted iterations
cap_mixed   [  58% ] 0021/0256 VUs  17m15.8s/30m0s  2000.00 iters/s

running (17m16.8s), 0014/0256 VUs, 2073546 complete and 0 interrupted iterations
cap_mixed   [  58% ] 0014/0256 VUs  17m16.8s/30m0s  2000.00 iters/s

running (17m17.8s), 0010/0256 VUs, 2075550 complete and 0 interrupted iterations
cap_mixed   [  58% ] 0010/0256 VUs  17m17.8s/30m0s  2000.00 iters/s

running (17m18.8s), 0013/0256 VUs, 2077547 complete and 0 interrupted iterations
cap_mixed   [  58% ] 0013/0256 VUs  17m18.8s/30m0s  2000.00 iters/s

running (17m19.8s), 0012/0256 VUs, 2079548 complete and 0 interrupted iterations
cap_mixed   [  58% ] 0012/0256 VUs  17m19.8s/30m0s  2000.00 iters/s

running (17m20.8s), 0016/0256 VUs, 2081544 complete and 0 interrupted iterations
cap_mixed   [  58% ] 0016/0256 VUs  17m20.8s/30m0s  2000.00 iters/s

running (17m21.8s), 0011/0256 VUs, 2083549 complete and 0 interrupted iterations
cap_mixed   [  58% ] 0011/0256 VUs  17m21.8s/30m0s  2000.00 iters/s

running (17m22.8s), 0012/0256 VUs, 2085548 complete and 0 interrupted iterations
cap_mixed   [  58% ] 0012/0256 VUs  17m22.8s/30m0s  2000.00 iters/s

running (17m23.8s), 0016/0256 VUs, 2087544 complete and 0 interrupted iterations
cap_mixed   [  58% ] 0016/0256 VUs  17m23.8s/30m0s  2000.00 iters/s

running (17m24.8s), 0017/0256 VUs, 2089543 complete and 0 interrupted iterations
cap_mixed   [  58% ] 0017/0256 VUs  17m24.8s/30m0s  2000.00 iters/s

running (17m25.8s), 0016/0256 VUs, 2091544 complete and 0 interrupted iterations
cap_mixed   [  58% ] 0016/0256 VUs  17m25.8s/30m0s  2000.00 iters/s

running (17m26.8s), 0013/0256 VUs, 2093548 complete and 0 interrupted iterations
cap_mixed   [  58% ] 0013/0256 VUs  17m26.8s/30m0s  2000.00 iters/s

running (17m27.8s), 0010/0256 VUs, 2095550 complete and 0 interrupted iterations
cap_mixed   [  58% ] 0010/0256 VUs  17m27.8s/30m0s  2000.00 iters/s

running (17m28.8s), 0015/0256 VUs, 2097545 complete and 0 interrupted iterations
cap_mixed   [  58% ] 0015/0256 VUs  17m28.8s/30m0s  2000.00 iters/s

running (17m29.8s), 0013/0256 VUs, 2099547 complete and 0 interrupted iterations
cap_mixed   [  58% ] 0013/0256 VUs  17m29.8s/30m0s  2000.00 iters/s

running (17m30.8s), 0031/0256 VUs, 2101529 complete and 0 interrupted iterations
cap_mixed   [  58% ] 0031/0256 VUs  17m30.8s/30m0s  2000.00 iters/s

running (17m31.8s), 0010/0256 VUs, 2103550 complete and 0 interrupted iterations
cap_mixed   [  58% ] 0010/0256 VUs  17m31.8s/30m0s  2000.00 iters/s

running (17m32.8s), 0011/0256 VUs, 2105549 complete and 0 interrupted iterations
cap_mixed   [  58% ] 0011/0256 VUs  17m32.8s/30m0s  2000.00 iters/s

running (17m33.8s), 0018/0256 VUs, 2107542 complete and 0 interrupted iterations
cap_mixed   [  59% ] 0018/0256 VUs  17m33.8s/30m0s  2000.00 iters/s

running (17m34.8s), 0010/0256 VUs, 2109551 complete and 0 interrupted iterations
cap_mixed   [  59% ] 0010/0256 VUs  17m34.8s/30m0s  2000.00 iters/s

running (17m35.8s), 0008/0256 VUs, 2111551 complete and 0 interrupted iterations
cap_mixed   [  59% ] 0008/0256 VUs  17m35.8s/30m0s  2000.00 iters/s

running (17m36.8s), 0012/0256 VUs, 2113548 complete and 0 interrupted iterations
cap_mixed   [  59% ] 0012/0256 VUs  17m36.8s/30m0s  2000.00 iters/s

running (17m37.8s), 0037/0256 VUs, 2115523 complete and 0 interrupted iterations
cap_mixed   [  59% ] 0037/0256 VUs  17m37.8s/30m0s  2000.00 iters/s

running (17m38.8s), 0013/0256 VUs, 2117547 complete and 0 interrupted iterations
cap_mixed   [  59% ] 0014/0256 VUs  17m38.8s/30m0s  2000.00 iters/s

running (17m39.8s), 0012/0256 VUs, 2119548 complete and 0 interrupted iterations
cap_mixed   [  59% ] 0012/0256 VUs  17m39.8s/30m0s  2000.00 iters/s

running (17m40.8s), 0010/0256 VUs, 2121550 complete and 0 interrupted iterations
cap_mixed   [  59% ] 0010/0256 VUs  17m40.8s/30m0s  2000.00 iters/s

running (17m41.8s), 0014/0256 VUs, 2123546 complete and 0 interrupted iterations
cap_mixed   [  59% ] 0014/0256 VUs  17m41.8s/30m0s  2000.00 iters/s

running (17m42.8s), 0014/0256 VUs, 2125546 complete and 0 interrupted iterations
cap_mixed   [  59% ] 0014/0256 VUs  17m42.8s/30m0s  2000.00 iters/s

running (17m43.8s), 0012/0256 VUs, 2127548 complete and 0 interrupted iterations
cap_mixed   [  59% ] 0012/0256 VUs  17m43.8s/30m0s  2000.00 iters/s

running (17m44.8s), 0012/0256 VUs, 2129548 complete and 0 interrupted iterations
cap_mixed   [  59% ] 0012/0256 VUs  17m44.8s/30m0s  2000.00 iters/s

running (17m45.8s), 0024/0256 VUs, 2131536 complete and 0 interrupted iterations
cap_mixed   [  59% ] 0024/0256 VUs  17m45.8s/30m0s  2000.00 iters/s

running (17m46.8s), 0022/0256 VUs, 2133538 complete and 0 interrupted iterations
cap_mixed   [  59% ] 0022/0256 VUs  17m46.8s/30m0s  2000.00 iters/s

running (17m47.8s), 0019/0256 VUs, 2135542 complete and 0 interrupted iterations
cap_mixed   [  59% ] 0019/0256 VUs  17m47.8s/30m0s  2000.00 iters/s

running (17m48.8s), 0021/0256 VUs, 2137539 complete and 0 interrupted iterations
cap_mixed   [  59% ] 0022/0256 VUs  17m48.8s/30m0s  2000.00 iters/s

running (17m49.8s), 0026/0256 VUs, 2139535 complete and 0 interrupted iterations
cap_mixed   [  59% ] 0026/0256 VUs  17m49.8s/30m0s  2000.00 iters/s

running (17m50.8s), 0015/0256 VUs, 2141545 complete and 0 interrupted iterations
cap_mixed   [  59% ] 0015/0256 VUs  17m50.8s/30m0s  2000.00 iters/s

running (17m51.8s), 0012/0256 VUs, 2143548 complete and 0 interrupted iterations
cap_mixed   [  60% ] 0012/0256 VUs  17m51.8s/30m0s  2000.00 iters/s

running (17m52.8s), 0016/0256 VUs, 2145544 complete and 0 interrupted iterations
cap_mixed   [  60% ] 0015/0256 VUs  17m52.8s/30m0s  2000.00 iters/s

running (17m53.8s), 0015/0256 VUs, 2147545 complete and 0 interrupted iterations
cap_mixed   [  60% ] 0015/0256 VUs  17m53.8s/30m0s  2000.00 iters/s

running (17m54.8s), 0018/0256 VUs, 2149542 complete and 0 interrupted iterations
cap_mixed   [  60% ] 0018/0256 VUs  17m54.8s/30m0s  2000.00 iters/s

running (17m55.8s), 0012/0256 VUs, 2151548 complete and 0 interrupted iterations
cap_mixed   [  60% ] 0012/0256 VUs  17m55.8s/30m0s  2000.00 iters/s

running (17m56.8s), 0019/0256 VUs, 2153541 complete and 0 interrupted iterations
cap_mixed   [  60% ] 0019/0256 VUs  17m56.8s/30m0s  2000.00 iters/s

running (17m57.8s), 0015/0256 VUs, 2155545 complete and 0 interrupted iterations
cap_mixed   [  60% ] 0015/0256 VUs  17m57.8s/30m0s  2000.00 iters/s

running (17m58.8s), 0011/0256 VUs, 2157550 complete and 0 interrupted iterations
cap_mixed   [  60% ] 0011/0256 VUs  17m58.8s/30m0s  2000.00 iters/s

running (17m59.8s), 0012/0256 VUs, 2159548 complete and 0 interrupted iterations
cap_mixed   [  60% ] 0012/0256 VUs  17m59.8s/30m0s  2000.00 iters/s

running (18m00.8s), 0024/0256 VUs, 2161536 complete and 0 interrupted iterations
cap_mixed   [  60% ] 0024/0256 VUs  18m00.8s/30m0s  2000.00 iters/s

running (18m01.8s), 0009/0256 VUs, 2163551 complete and 0 interrupted iterations
cap_mixed   [  60% ] 0009/0256 VUs  18m01.8s/30m0s  2000.00 iters/s

running (18m02.8s), 0014/0256 VUs, 2165546 complete and 0 interrupted iterations
cap_mixed   [  60% ] 0014/0256 VUs  18m02.8s/30m0s  2000.00 iters/s

running (18m03.8s), 0010/0256 VUs, 2167550 complete and 0 interrupted iterations
cap_mixed   [  60% ] 0010/0256 VUs  18m03.8s/30m0s  2000.00 iters/s

running (18m04.8s), 0016/0256 VUs, 2169544 complete and 0 interrupted iterations
cap_mixed   [  60% ] 0016/0256 VUs  18m04.8s/30m0s  2000.00 iters/s

running (18m05.8s), 0017/0256 VUs, 2171543 complete and 0 interrupted iterations
cap_mixed   [  60% ] 0017/0256 VUs  18m05.8s/30m0s  2000.00 iters/s

running (18m06.8s), 0010/0256 VUs, 2173550 complete and 0 interrupted iterations
cap_mixed   [  60% ] 0010/0256 VUs  18m06.8s/30m0s  2000.00 iters/s

running (18m07.8s), 0008/0256 VUs, 2175552 complete and 0 interrupted iterations
cap_mixed   [  60% ] 0009/0256 VUs  18m07.8s/30m0s  2000.00 iters/s

running (18m08.8s), 0015/0256 VUs, 2177546 complete and 0 interrupted iterations
cap_mixed   [  60% ] 0015/0256 VUs  18m08.8s/30m0s  2000.00 iters/s

running (18m09.8s), 0015/0256 VUs, 2179545 complete and 0 interrupted iterations
cap_mixed   [  61% ] 0015/0256 VUs  18m09.8s/30m0s  2000.00 iters/s

running (18m10.8s), 0018/0256 VUs, 2181542 complete and 0 interrupted iterations
cap_mixed   [  61% ] 0018/0256 VUs  18m10.8s/30m0s  2000.00 iters/s

running (18m11.8s), 0017/0256 VUs, 2183543 complete and 0 interrupted iterations
cap_mixed   [  61% ] 0017/0256 VUs  18m11.8s/30m0s  2000.00 iters/s

running (18m12.8s), 0012/0256 VUs, 2185547 complete and 0 interrupted iterations
cap_mixed   [  61% ] 0012/0256 VUs  18m12.8s/30m0s  2000.00 iters/s

running (18m13.8s), 0012/0256 VUs, 2187548 complete and 0 interrupted iterations
cap_mixed   [  61% ] 0012/0256 VUs  18m13.8s/30m0s  2000.00 iters/s

running (18m14.8s), 0011/0256 VUs, 2189549 complete and 0 interrupted iterations
cap_mixed   [  61% ] 0011/0256 VUs  18m14.8s/30m0s  2000.00 iters/s

running (18m15.8s), 0012/0256 VUs, 2191548 complete and 0 interrupted iterations
cap_mixed   [  61% ] 0012/0256 VUs  18m15.8s/30m0s  2000.00 iters/s

running (18m16.8s), 0016/0256 VUs, 2193544 complete and 0 interrupted iterations
cap_mixed   [  61% ] 0016/0256 VUs  18m16.8s/30m0s  2000.00 iters/s

running (18m17.8s), 0012/0256 VUs, 2195548 complete and 0 interrupted iterations
cap_mixed   [  61% ] 0012/0256 VUs  18m17.8s/30m0s  2000.00 iters/s

running (18m18.8s), 0016/0256 VUs, 2197544 complete and 0 interrupted iterations
cap_mixed   [  61% ] 0015/0256 VUs  18m18.8s/30m0s  2000.00 iters/s

running (18m19.8s), 0011/0256 VUs, 2199549 complete and 0 interrupted iterations
cap_mixed   [  61% ] 0011/0256 VUs  18m19.8s/30m0s  2000.00 iters/s

running (18m20.8s), 0011/0256 VUs, 2201549 complete and 0 interrupted iterations
cap_mixed   [  61% ] 0011/0256 VUs  18m20.8s/30m0s  2000.00 iters/s

running (18m21.8s), 0020/0256 VUs, 2203540 complete and 0 interrupted iterations
cap_mixed   [  61% ] 0020/0256 VUs  18m21.8s/30m0s  2000.00 iters/s

running (18m22.8s), 0004/0256 VUs, 2205556 complete and 0 interrupted iterations
cap_mixed   [  61% ] 0004/0256 VUs  18m22.8s/30m0s  2000.00 iters/s

running (18m23.8s), 0012/0256 VUs, 2207548 complete and 0 interrupted iterations
cap_mixed   [  61% ] 0012/0256 VUs  18m23.8s/30m0s  2000.00 iters/s

running (18m24.8s), 0013/0256 VUs, 2209545 complete and 0 interrupted iterations
cap_mixed   [  61% ] 0013/0256 VUs  18m24.8s/30m0s  2000.00 iters/s

running (18m25.8s), 0013/0256 VUs, 2211547 complete and 0 interrupted iterations
cap_mixed   [  61% ] 0013/0256 VUs  18m25.8s/30m0s  2000.00 iters/s

running (18m26.8s), 0022/0256 VUs, 2213538 complete and 0 interrupted iterations
cap_mixed   [  61% ] 0022/0256 VUs  18m26.8s/30m0s  2000.00 iters/s

running (18m27.8s), 0011/0256 VUs, 2215549 complete and 0 interrupted iterations
cap_mixed   [  62% ] 0011/0256 VUs  18m27.8s/30m0s  2000.00 iters/s

running (18m28.8s), 0010/0256 VUs, 2217550 complete and 0 interrupted iterations
cap_mixed   [  62% ] 0010/0256 VUs  18m28.8s/30m0s  2000.00 iters/s

running (18m29.8s), 0016/0256 VUs, 2219544 complete and 0 interrupted iterations
cap_mixed   [  62% ] 0016/0256 VUs  18m29.8s/30m0s  2000.00 iters/s

running (18m30.8s), 0031/0256 VUs, 2221530 complete and 0 interrupted iterations
cap_mixed   [  62% ] 0031/0256 VUs  18m30.8s/30m0s  2000.00 iters/s

running (18m31.8s), 0008/0256 VUs, 2223552 complete and 0 interrupted iterations
cap_mixed   [  62% ] 0008/0256 VUs  18m31.8s/30m0s  2000.00 iters/s

running (18m32.8s), 0016/0256 VUs, 2225544 complete and 0 interrupted iterations
cap_mixed   [  62% ] 0016/0256 VUs  18m32.8s/30m0s  2000.00 iters/s

running (18m33.8s), 0008/0256 VUs, 2227552 complete and 0 interrupted iterations
cap_mixed   [  62% ] 0008/0256 VUs  18m33.8s/30m0s  2000.00 iters/s

running (18m34.8s), 0016/0256 VUs, 2229544 complete and 0 interrupted iterations
cap_mixed   [  62% ] 0016/0256 VUs  18m34.8s/30m0s  2000.00 iters/s

running (18m35.8s), 0006/0256 VUs, 2231554 complete and 0 interrupted iterations
cap_mixed   [  62% ] 0006/0256 VUs  18m35.8s/30m0s  2000.00 iters/s

running (18m36.8s), 0012/0256 VUs, 2233548 complete and 0 interrupted iterations
cap_mixed   [  62% ] 0012/0256 VUs  18m36.8s/30m0s  2000.00 iters/s

running (18m37.8s), 0016/0256 VUs, 2235544 complete and 0 interrupted iterations
cap_mixed   [  62% ] 0016/0256 VUs  18m37.8s/30m0s  2000.00 iters/s

running (18m38.8s), 0013/0256 VUs, 2237547 complete and 0 interrupted iterations
cap_mixed   [  62% ] 0013/0256 VUs  18m38.8s/30m0s  2000.00 iters/s

running (18m39.8s), 0018/0256 VUs, 2239542 complete and 0 interrupted iterations
cap_mixed   [  62% ] 0018/0256 VUs  18m39.8s/30m0s  2000.00 iters/s

running (18m40.8s), 0011/0256 VUs, 2241549 complete and 0 interrupted iterations
cap_mixed   [  62% ] 0011/0256 VUs  18m40.8s/30m0s  2000.00 iters/s

running (18m41.8s), 0024/0256 VUs, 2243537 complete and 0 interrupted iterations
cap_mixed   [  62% ] 0024/0256 VUs  18m41.8s/30m0s  2000.00 iters/s

running (18m42.8s), 0017/0256 VUs, 2245543 complete and 0 interrupted iterations
cap_mixed   [  62% ] 0017/0256 VUs  18m42.8s/30m0s  2000.00 iters/s

running (18m43.8s), 0026/0256 VUs, 2247534 complete and 0 interrupted iterations
cap_mixed   [  62% ] 0026/0256 VUs  18m43.8s/30m0s  2000.00 iters/s

running (18m44.8s), 0008/0256 VUs, 2249553 complete and 0 interrupted iterations
cap_mixed   [  62% ] 0008/0256 VUs  18m44.8s/30m0s  2000.00 iters/s

running (18m45.8s), 0022/0256 VUs, 2251538 complete and 0 interrupted iterations
cap_mixed   [  63% ] 0022/0256 VUs  18m45.8s/30m0s  2000.00 iters/s

running (18m46.8s), 0012/0256 VUs, 2253548 complete and 0 interrupted iterations
cap_mixed   [  63% ] 0013/0256 VUs  18m46.8s/30m0s  2000.00 iters/s

running (18m47.8s), 0014/0256 VUs, 2255546 complete and 0 interrupted iterations
cap_mixed   [  63% ] 0014/0256 VUs  18m47.8s/30m0s  2000.00 iters/s

running (18m48.8s), 0019/0256 VUs, 2257542 complete and 0 interrupted iterations
cap_mixed   [  63% ] 0019/0256 VUs  18m48.8s/30m0s  2000.00 iters/s

running (18m49.8s), 0016/0256 VUs, 2259544 complete and 0 interrupted iterations
cap_mixed   [  63% ] 0016/0256 VUs  18m49.8s/30m0s  2000.00 iters/s

running (18m50.8s), 0025/0256 VUs, 2261535 complete and 0 interrupted iterations
cap_mixed   [  63% ] 0025/0256 VUs  18m50.8s/30m0s  2000.00 iters/s

running (18m51.8s), 0016/0256 VUs, 2263544 complete and 0 interrupted iterations
cap_mixed   [  63% ] 0016/0256 VUs  18m51.8s/30m0s  2000.00 iters/s

running (18m52.8s), 0011/0256 VUs, 2265549 complete and 0 interrupted iterations
cap_mixed   [  63% ] 0011/0256 VUs  18m52.8s/30m0s  2000.00 iters/s

running (18m53.8s), 0014/0256 VUs, 2267546 complete and 0 interrupted iterations
cap_mixed   [  63% ] 0014/0256 VUs  18m53.8s/30m0s  2000.00 iters/s

running (18m54.8s), 0008/0256 VUs, 2269552 complete and 0 interrupted iterations
cap_mixed   [  63% ] 0008/0256 VUs  18m54.8s/30m0s  2000.00 iters/s

running (18m55.8s), 0010/0256 VUs, 2271550 complete and 0 interrupted iterations
cap_mixed   [  63% ] 0010/0256 VUs  18m55.8s/30m0s  2000.00 iters/s

running (18m56.8s), 0016/0256 VUs, 2273545 complete and 0 interrupted iterations
cap_mixed   [  63% ] 0016/0256 VUs  18m56.8s/30m0s  2000.00 iters/s

running (18m57.8s), 0012/0256 VUs, 2275548 complete and 0 interrupted iterations
cap_mixed   [  63% ] 0012/0256 VUs  18m57.8s/30m0s  2000.00 iters/s

running (18m58.8s), 0015/0256 VUs, 2277545 complete and 0 interrupted iterations
cap_mixed   [  63% ] 0015/0256 VUs  18m58.8s/30m0s  2000.00 iters/s

running (18m59.8s), 0011/0256 VUs, 2279549 complete and 0 interrupted iterations
cap_mixed   [  63% ] 0011/0256 VUs  18m59.8s/30m0s  2000.00 iters/s

running (19m00.8s), 0011/0256 VUs, 2281549 complete and 0 interrupted iterations
cap_mixed   [  63% ] 0011/0256 VUs  19m00.8s/30m0s  2000.00 iters/s

running (19m01.8s), 0011/0256 VUs, 2283549 complete and 0 interrupted iterations
cap_mixed   [  63% ] 0011/0256 VUs  19m01.8s/30m0s  2000.00 iters/s

running (19m02.8s), 0015/0256 VUs, 2285545 complete and 0 interrupted iterations
cap_mixed   [  63% ] 0015/0256 VUs  19m02.8s/30m0s  2000.00 iters/s

running (19m03.8s), 0013/0256 VUs, 2287547 complete and 0 interrupted iterations
cap_mixed   [  64% ] 0013/0256 VUs  19m03.8s/30m0s  2000.00 iters/s

running (19m04.8s), 0009/0256 VUs, 2289551 complete and 0 interrupted iterations
cap_mixed   [  64% ] 0009/0256 VUs  19m04.8s/30m0s  2000.00 iters/s

running (19m05.8s), 0015/0256 VUs, 2291545 complete and 0 interrupted iterations
cap_mixed   [  64% ] 0015/0256 VUs  19m05.8s/30m0s  2000.00 iters/s

running (19m06.8s), 0011/0256 VUs, 2293549 complete and 0 interrupted iterations
cap_mixed   [  64% ] 0011/0256 VUs  19m06.8s/30m0s  2000.00 iters/s

running (19m07.8s), 0007/0256 VUs, 2295553 complete and 0 interrupted iterations
cap_mixed   [  64% ] 0007/0256 VUs  19m07.8s/30m0s  2000.00 iters/s

running (19m08.8s), 0016/0256 VUs, 2297543 complete and 0 interrupted iterations
cap_mixed   [  64% ] 0016/0256 VUs  19m08.8s/30m0s  2000.00 iters/s

running (19m09.8s), 0014/0256 VUs, 2299546 complete and 0 interrupted iterations
cap_mixed   [  64% ] 0014/0256 VUs  19m09.8s/30m0s  2000.00 iters/s

running (19m10.8s), 0012/0256 VUs, 2301548 complete and 0 interrupted iterations
cap_mixed   [  64% ] 0012/0256 VUs  19m10.8s/30m0s  2000.00 iters/s

running (19m11.8s), 0005/0256 VUs, 2303555 complete and 0 interrupted iterations
cap_mixed   [  64% ] 0005/0256 VUs  19m11.8s/30m0s  2000.00 iters/s

running (19m12.8s), 0013/0256 VUs, 2305547 complete and 0 interrupted iterations
cap_mixed   [  64% ] 0013/0256 VUs  19m12.8s/30m0s  2000.00 iters/s

running (19m13.8s), 0013/0256 VUs, 2307547 complete and 0 interrupted iterations
cap_mixed   [  64% ] 0013/0256 VUs  19m13.8s/30m0s  2000.00 iters/s

running (19m14.8s), 0022/0256 VUs, 2309538 complete and 0 interrupted iterations
cap_mixed   [  64% ] 0022/0256 VUs  19m14.8s/30m0s  2000.00 iters/s

running (19m15.8s), 0012/0256 VUs, 2311548 complete and 0 interrupted iterations
cap_mixed   [  64% ] 0012/0256 VUs  19m15.8s/30m0s  2000.00 iters/s

running (19m16.8s), 0011/0256 VUs, 2313549 complete and 0 interrupted iterations
cap_mixed   [  64% ] 0011/0256 VUs  19m16.8s/30m0s  2000.00 iters/s

running (19m17.8s), 0012/0256 VUs, 2315548 complete and 0 interrupted iterations
cap_mixed   [  64% ] 0012/0256 VUs  19m17.8s/30m0s  2000.00 iters/s

running (19m18.8s), 0015/0256 VUs, 2317545 complete and 0 interrupted iterations
cap_mixed   [  64% ] 0015/0256 VUs  19m18.8s/30m0s  2000.00 iters/s

running (19m19.8s), 0012/0256 VUs, 2319547 complete and 0 interrupted iterations
cap_mixed   [  64% ] 0012/0256 VUs  19m19.8s/30m0s  2000.00 iters/s

running (19m20.8s), 0011/0256 VUs, 2321548 complete and 0 interrupted iterations
cap_mixed   [  64% ] 0011/0256 VUs  19m20.8s/30m0s  2000.00 iters/s

running (19m21.8s), 0019/0256 VUs, 2323542 complete and 0 interrupted iterations
cap_mixed   [  65% ] 0019/0256 VUs  19m21.8s/30m0s  2000.00 iters/s

running (19m22.8s), 0010/0256 VUs, 2325550 complete and 0 interrupted iterations
cap_mixed   [  65% ] 0010/0256 VUs  19m22.8s/30m0s  2000.00 iters/s

running (19m23.8s), 0017/0256 VUs, 2327543 complete and 0 interrupted iterations
cap_mixed   [  65% ] 0017/0256 VUs  19m23.8s/30m0s  2000.00 iters/s

running (19m24.8s), 0014/0256 VUs, 2329547 complete and 0 interrupted iterations
cap_mixed   [  65% ] 0014/0256 VUs  19m24.8s/30m0s  2000.00 iters/s

running (19m25.8s), 0012/0256 VUs, 2331548 complete and 0 interrupted iterations
cap_mixed   [  65% ] 0012/0256 VUs  19m25.8s/30m0s  2000.00 iters/s

running (19m26.8s), 0011/0256 VUs, 2333549 complete and 0 interrupted iterations
cap_mixed   [  65% ] 0011/0256 VUs  19m26.8s/30m0s  2000.00 iters/s

running (19m27.8s), 0010/0256 VUs, 2335550 complete and 0 interrupted iterations
cap_mixed   [  65% ] 0010/0256 VUs  19m27.8s/30m0s  2000.00 iters/s

running (19m28.8s), 0011/0256 VUs, 2337549 complete and 0 interrupted iterations
cap_mixed   [  65% ] 0011/0256 VUs  19m28.8s/30m0s  2000.00 iters/s

running (19m29.8s), 0013/0256 VUs, 2339547 complete and 0 interrupted iterations
cap_mixed   [  65% ] 0013/0256 VUs  19m29.8s/30m0s  2000.00 iters/s

running (19m30.8s), 0012/0256 VUs, 2341549 complete and 0 interrupted iterations
cap_mixed   [  65% ] 0012/0256 VUs  19m30.8s/30m0s  2000.00 iters/s

running (19m31.8s), 0030/0256 VUs, 2343530 complete and 0 interrupted iterations
cap_mixed   [  65% ] 0030/0256 VUs  19m31.8s/30m0s  2000.00 iters/s

running (19m32.8s), 0012/0256 VUs, 2345548 complete and 0 interrupted iterations
cap_mixed   [  65% ] 0012/0256 VUs  19m32.8s/30m0s  2000.00 iters/s

running (19m33.8s), 0014/0256 VUs, 2347546 complete and 0 interrupted iterations
cap_mixed   [  65% ] 0014/0256 VUs  19m33.8s/30m0s  2000.00 iters/s

running (19m34.8s), 0012/0256 VUs, 2349549 complete and 0 interrupted iterations
cap_mixed   [  65% ] 0012/0256 VUs  19m34.8s/30m0s  2000.00 iters/s

running (19m35.8s), 0016/0256 VUs, 2351544 complete and 0 interrupted iterations
cap_mixed   [  65% ] 0016/0256 VUs  19m35.8s/30m0s  2000.00 iters/s

running (19m36.8s), 0008/0256 VUs, 2353552 complete and 0 interrupted iterations
cap_mixed   [  65% ] 0008/0256 VUs  19m36.8s/30m0s  2000.00 iters/s

running (19m37.8s), 0008/0256 VUs, 2355552 complete and 0 interrupted iterations
cap_mixed   [  65% ] 0008/0256 VUs  19m37.8s/30m0s  2000.00 iters/s

running (19m38.8s), 0014/0256 VUs, 2357546 complete and 0 interrupted iterations
cap_mixed   [  65% ] 0014/0256 VUs  19m38.8s/30m0s  2000.00 iters/s

running (19m39.8s), 0012/0256 VUs, 2359549 complete and 0 interrupted iterations
cap_mixed   [  66% ] 0012/0256 VUs  19m39.8s/30m0s  2000.00 iters/s

running (19m40.8s), 0013/0256 VUs, 2361547 complete and 0 interrupted iterations
cap_mixed   [  66% ] 0013/0256 VUs  19m40.8s/30m0s  2000.00 iters/s

running (19m41.8s), 0017/0256 VUs, 2363543 complete and 0 interrupted iterations
cap_mixed   [  66% ] 0017/0256 VUs  19m41.8s/30m0s  2000.00 iters/s

running (19m42.8s), 0014/0256 VUs, 2365546 complete and 0 interrupted iterations
cap_mixed   [  66% ] 0014/0256 VUs  19m42.8s/30m0s  2000.00 iters/s

running (19m43.8s), 0015/0256 VUs, 2367545 complete and 0 interrupted iterations
cap_mixed   [  66% ] 0015/0256 VUs  19m43.8s/30m0s  2000.00 iters/s

running (19m44.8s), 0014/0256 VUs, 2369546 complete and 0 interrupted iterations
cap_mixed   [  66% ] 0014/0256 VUs  19m44.8s/30m0s  2000.00 iters/s

running (19m45.8s), 0020/0256 VUs, 2371540 complete and 0 interrupted iterations
cap_mixed   [  66% ] 0020/0256 VUs  19m45.8s/30m0s  2000.00 iters/s

running (19m46.8s), 0014/0256 VUs, 2373546 complete and 0 interrupted iterations
cap_mixed   [  66% ] 0014/0256 VUs  19m46.8s/30m0s  2000.00 iters/s

running (19m47.8s), 0013/0256 VUs, 2375547 complete and 0 interrupted iterations
cap_mixed   [  66% ] 0013/0256 VUs  19m47.8s/30m0s  2000.00 iters/s

running (19m48.8s), 0013/0256 VUs, 2377548 complete and 0 interrupted iterations
cap_mixed   [  66% ] 0013/0256 VUs  19m48.8s/30m0s  2000.00 iters/s

running (19m49.8s), 0013/0256 VUs, 2379547 complete and 0 interrupted iterations
cap_mixed   [  66% ] 0013/0256 VUs  19m49.8s/30m0s  2000.00 iters/s

running (19m50.8s), 0010/0256 VUs, 2381550 complete and 0 interrupted iterations
cap_mixed   [  66% ] 0010/0256 VUs  19m50.8s/30m0s  2000.00 iters/s

running (19m51.8s), 0007/0256 VUs, 2383553 complete and 0 interrupted iterations
cap_mixed   [  66% ] 0007/0256 VUs  19m51.8s/30m0s  2000.00 iters/s

running (19m52.8s), 0009/0256 VUs, 2385551 complete and 0 interrupted iterations
cap_mixed   [  66% ] 0009/0256 VUs  19m52.8s/30m0s  2000.00 iters/s

running (19m53.8s), 0015/0256 VUs, 2387545 complete and 0 interrupted iterations
cap_mixed   [  66% ] 0015/0256 VUs  19m53.8s/30m0s  2000.00 iters/s

running (19m54.8s), 0011/0256 VUs, 2389549 complete and 0 interrupted iterations
cap_mixed   [  66% ] 0011/0256 VUs  19m54.8s/30m0s  2000.00 iters/s

running (19m55.8s), 0012/0256 VUs, 2391548 complete and 0 interrupted iterations
cap_mixed   [  66% ] 0011/0256 VUs  19m55.8s/30m0s  2000.00 iters/s

running (19m56.8s), 0019/0256 VUs, 2393541 complete and 0 interrupted iterations
cap_mixed   [  66% ] 0019/0256 VUs  19m56.8s/30m0s  2000.00 iters/s

running (19m57.8s), 0011/0256 VUs, 2395549 complete and 0 interrupted iterations
cap_mixed   [  67% ] 0011/0256 VUs  19m57.8s/30m0s  2000.00 iters/s

running (19m58.8s), 0013/0256 VUs, 2397547 complete and 0 interrupted iterations
cap_mixed   [  67% ] 0013/0256 VUs  19m58.8s/30m0s  2000.00 iters/s

running (19m59.8s), 0012/0256 VUs, 2399548 complete and 0 interrupted iterations
cap_mixed   [  67% ] 0012/0256 VUs  19m59.8s/30m0s  2000.00 iters/s

running (20m00.8s), 0017/0256 VUs, 2401543 complete and 0 interrupted iterations
cap_mixed   [  67% ] 0017/0256 VUs  20m00.8s/30m0s  2000.00 iters/s

running (20m01.8s), 0019/0256 VUs, 2403541 complete and 0 interrupted iterations
cap_mixed   [  67% ] 0019/0256 VUs  20m01.8s/30m0s  2000.00 iters/s

running (20m02.8s), 0014/0256 VUs, 2405546 complete and 0 interrupted iterations
cap_mixed   [  67% ] 0014/0256 VUs  20m02.8s/30m0s  2000.00 iters/s

running (20m03.8s), 0024/0256 VUs, 2407536 complete and 0 interrupted iterations
cap_mixed   [  67% ] 0024/0256 VUs  20m03.8s/30m0s  2000.00 iters/s

running (20m04.8s), 0010/0256 VUs, 2409550 complete and 0 interrupted iterations
cap_mixed   [  67% ] 0010/0256 VUs  20m04.8s/30m0s  2000.00 iters/s

running (20m05.8s), 0018/0256 VUs, 2411542 complete and 0 interrupted iterations
cap_mixed   [  67% ] 0018/0256 VUs  20m05.8s/30m0s  2000.00 iters/s

running (20m06.8s), 0009/0256 VUs, 2413551 complete and 0 interrupted iterations
cap_mixed   [  67% ] 0009/0256 VUs  20m06.8s/30m0s  2000.00 iters/s

running (20m07.8s), 0015/0256 VUs, 2415545 complete and 0 interrupted iterations
cap_mixed   [  67% ] 0015/0256 VUs  20m07.8s/30m0s  2000.00 iters/s

running (20m08.8s), 0015/0256 VUs, 2417545 complete and 0 interrupted iterations
cap_mixed   [  67% ] 0015/0256 VUs  20m08.8s/30m0s  2000.00 iters/s

running (20m09.8s), 0029/0256 VUs, 2419530 complete and 0 interrupted iterations
cap_mixed   [  67% ] 0030/0256 VUs  20m09.8s/30m0s  2000.00 iters/s

running (20m10.8s), 0014/0256 VUs, 2421546 complete and 0 interrupted iterations
cap_mixed   [  67% ] 0014/0256 VUs  20m10.8s/30m0s  2000.00 iters/s

running (20m11.8s), 0040/0256 VUs, 2423520 complete and 0 interrupted iterations
cap_mixed   [  67% ] 0040/0256 VUs  20m11.8s/30m0s  2000.00 iters/s

running (20m12.8s), 0018/0256 VUs, 2425542 complete and 0 interrupted iterations
cap_mixed   [  67% ] 0018/0256 VUs  20m12.8s/30m0s  2000.00 iters/s

running (20m13.8s), 0018/0256 VUs, 2427542 complete and 0 interrupted iterations
cap_mixed   [  67% ] 0018/0256 VUs  20m13.8s/30m0s  2000.00 iters/s

running (20m14.8s), 0017/0256 VUs, 2429543 complete and 0 interrupted iterations
cap_mixed   [  67% ] 0017/0256 VUs  20m14.8s/30m0s  2000.00 iters/s

running (20m15.8s), 0013/0256 VUs, 2431547 complete and 0 interrupted iterations
cap_mixed   [  68% ] 0013/0256 VUs  20m15.8s/30m0s  2000.00 iters/s

running (20m16.8s), 0016/0256 VUs, 2433544 complete and 0 interrupted iterations
cap_mixed   [  68% ] 0016/0256 VUs  20m16.8s/30m0s  2000.00 iters/s

running (20m17.8s), 0014/0256 VUs, 2435546 complete and 0 interrupted iterations
cap_mixed   [  68% ] 0014/0256 VUs  20m17.8s/30m0s  2000.00 iters/s

running (20m18.8s), 0015/0256 VUs, 2437545 complete and 0 interrupted iterations
cap_mixed   [  68% ] 0015/0256 VUs  20m18.8s/30m0s  2000.00 iters/s

running (20m19.8s), 0014/0256 VUs, 2439546 complete and 0 interrupted iterations
cap_mixed   [  68% ] 0014/0256 VUs  20m19.8s/30m0s  2000.00 iters/s

running (20m20.8s), 0014/0256 VUs, 2441546 complete and 0 interrupted iterations
cap_mixed   [  68% ] 0014/0256 VUs  20m20.8s/30m0s  2000.00 iters/s

running (20m21.8s), 0012/0256 VUs, 2443548 complete and 0 interrupted iterations
cap_mixed   [  68% ] 0012/0256 VUs  20m21.8s/30m0s  2000.00 iters/s

running (20m22.8s), 0018/0256 VUs, 2445542 complete and 0 interrupted iterations
cap_mixed   [  68% ] 0018/0256 VUs  20m22.8s/30m0s  2000.00 iters/s

running (20m23.8s), 0016/0256 VUs, 2447544 complete and 0 interrupted iterations
cap_mixed   [  68% ] 0016/0256 VUs  20m23.8s/30m0s  2000.00 iters/s

running (20m24.8s), 0020/0256 VUs, 2449541 complete and 0 interrupted iterations
cap_mixed   [  68% ] 0020/0256 VUs  20m24.8s/30m0s  2000.00 iters/s

running (20m25.8s), 0012/0256 VUs, 2451548 complete and 0 interrupted iterations
cap_mixed   [  68% ] 0012/0256 VUs  20m25.8s/30m0s  2000.00 iters/s

running (20m26.8s), 0017/0256 VUs, 2453543 complete and 0 interrupted iterations
cap_mixed   [  68% ] 0017/0256 VUs  20m26.8s/30m0s  2000.00 iters/s

running (20m27.8s), 0011/0256 VUs, 2455549 complete and 0 interrupted iterations
cap_mixed   [  68% ] 0011/0256 VUs  20m27.8s/30m0s  2000.00 iters/s

running (20m28.8s), 0012/0256 VUs, 2457548 complete and 0 interrupted iterations
cap_mixed   [  68% ] 0012/0256 VUs  20m28.8s/30m0s  2000.00 iters/s

running (20m29.8s), 0009/0256 VUs, 2459551 complete and 0 interrupted iterations
cap_mixed   [  68% ] 0009/0256 VUs  20m29.8s/30m0s  2000.00 iters/s

running (20m30.8s), 0019/0256 VUs, 2461541 complete and 0 interrupted iterations
cap_mixed   [  68% ] 0019/0256 VUs  20m30.8s/30m0s  2000.00 iters/s

running (20m31.8s), 0014/0256 VUs, 2463546 complete and 0 interrupted iterations
cap_mixed   [  68% ] 0014/0256 VUs  20m31.8s/30m0s  2000.00 iters/s

running (20m32.8s), 0013/0256 VUs, 2465547 complete and 0 interrupted iterations
cap_mixed   [  68% ] 0013/0256 VUs  20m32.8s/30m0s  2000.00 iters/s

running (20m33.8s), 0014/0256 VUs, 2467546 complete and 0 interrupted iterations
cap_mixed   [  69% ] 0014/0256 VUs  20m33.8s/30m0s  2000.00 iters/s

running (20m34.8s), 0011/0256 VUs, 2469549 complete and 0 interrupted iterations
cap_mixed   [  69% ] 0011/0256 VUs  20m34.8s/30m0s  2000.00 iters/s

running (20m35.8s), 0012/0256 VUs, 2471548 complete and 0 interrupted iterations
cap_mixed   [  69% ] 0012/0256 VUs  20m35.8s/30m0s  2000.00 iters/s

running (20m36.8s), 0011/0256 VUs, 2473550 complete and 0 interrupted iterations
cap_mixed   [  69% ] 0011/0256 VUs  20m36.8s/30m0s  2000.00 iters/s

running (20m37.8s), 0012/0256 VUs, 2475548 complete and 0 interrupted iterations
cap_mixed   [  69% ] 0012/0256 VUs  20m37.8s/30m0s  2000.00 iters/s

running (20m38.8s), 0016/0256 VUs, 2477544 complete and 0 interrupted iterations
cap_mixed   [  69% ] 0016/0256 VUs  20m38.8s/30m0s  2000.00 iters/s

running (20m39.8s), 0014/0256 VUs, 2479546 complete and 0 interrupted iterations
cap_mixed   [  69% ] 0014/0256 VUs  20m39.8s/30m0s  2000.00 iters/s

running (20m40.8s), 0017/0256 VUs, 2481543 complete and 0 interrupted iterations
cap_mixed   [  69% ] 0017/0256 VUs  20m40.8s/30m0s  2000.00 iters/s

running (20m41.8s), 0011/0256 VUs, 2483549 complete and 0 interrupted iterations
cap_mixed   [  69% ] 0011/0256 VUs  20m41.8s/30m0s  2000.00 iters/s

running (20m42.8s), 0013/0256 VUs, 2485547 complete and 0 interrupted iterations
cap_mixed   [  69% ] 0013/0256 VUs  20m42.8s/30m0s  2000.00 iters/s

running (20m43.8s), 0014/0256 VUs, 2487546 complete and 0 interrupted iterations
cap_mixed   [  69% ] 0014/0256 VUs  20m43.8s/30m0s  2000.00 iters/s

running (20m44.8s), 0014/0256 VUs, 2489546 complete and 0 interrupted iterations
cap_mixed   [  69% ] 0014/0256 VUs  20m44.8s/30m0s  2000.00 iters/s

running (20m45.8s), 0015/0256 VUs, 2491545 complete and 0 interrupted iterations
cap_mixed   [  69% ] 0015/0256 VUs  20m45.8s/30m0s  2000.00 iters/s

running (20m46.8s), 0020/0256 VUs, 2493540 complete and 0 interrupted iterations
cap_mixed   [  69% ] 0020/0256 VUs  20m46.8s/30m0s  2000.00 iters/s

running (20m47.8s), 0014/0256 VUs, 2495546 complete and 0 interrupted iterations
cap_mixed   [  69% ] 0014/0256 VUs  20m47.8s/30m0s  2000.00 iters/s

running (20m48.8s), 0011/0256 VUs, 2497549 complete and 0 interrupted iterations
cap_mixed   [  69% ] 0011/0256 VUs  20m48.8s/30m0s  2000.00 iters/s

running (20m49.8s), 0014/0256 VUs, 2499545 complete and 0 interrupted iterations
cap_mixed   [  69% ] 0015/0256 VUs  20m49.8s/30m0s  2000.00 iters/s

running (20m50.8s), 0013/0256 VUs, 2501547 complete and 0 interrupted iterations
cap_mixed   [  69% ] 0013/0256 VUs  20m50.8s/30m0s  2000.00 iters/s

running (20m51.8s), 0014/0256 VUs, 2503546 complete and 0 interrupted iterations
cap_mixed   [  70% ] 0014/0256 VUs  20m51.8s/30m0s  2000.00 iters/s

running (20m52.8s), 0018/0256 VUs, 2505542 complete and 0 interrupted iterations
cap_mixed   [  70% ] 0018/0256 VUs  20m52.8s/30m0s  2000.00 iters/s

running (20m53.8s), 0008/0256 VUs, 2507551 complete and 0 interrupted iterations
cap_mixed   [  70% ] 0008/0256 VUs  20m53.8s/30m0s  2000.00 iters/s

running (20m54.8s), 0014/0256 VUs, 2509545 complete and 0 interrupted iterations
cap_mixed   [  70% ] 0014/0256 VUs  20m54.8s/30m0s  2000.00 iters/s

running (20m55.8s), 0014/0256 VUs, 2511546 complete and 0 interrupted iterations
cap_mixed   [  70% ] 0014/0256 VUs  20m55.8s/30m0s  2000.00 iters/s

running (20m56.8s), 0015/0256 VUs, 2513545 complete and 0 interrupted iterations
cap_mixed   [  70% ] 0015/0256 VUs  20m56.8s/30m0s  2000.00 iters/s

running (20m57.8s), 0015/0256 VUs, 2515545 complete and 0 interrupted iterations
cap_mixed   [  70% ] 0015/0256 VUs  20m57.8s/30m0s  2000.00 iters/s

running (20m58.8s), 0021/0256 VUs, 2517539 complete and 0 interrupted iterations
cap_mixed   [  70% ] 0021/0256 VUs  20m58.8s/30m0s  2000.00 iters/s

running (20m59.8s), 0011/0256 VUs, 2519549 complete and 0 interrupted iterations
cap_mixed   [  70% ] 0011/0256 VUs  20m59.8s/30m0s  2000.00 iters/s

running (21m00.8s), 0021/0256 VUs, 2521539 complete and 0 interrupted iterations
cap_mixed   [  70% ] 0021/0256 VUs  21m00.8s/30m0s  2000.00 iters/s

running (21m01.8s), 0015/0256 VUs, 2523545 complete and 0 interrupted iterations
cap_mixed   [  70% ] 0015/0256 VUs  21m01.8s/30m0s  2000.00 iters/s

running (21m02.8s), 0015/0256 VUs, 2525546 complete and 0 interrupted iterations
cap_mixed   [  70% ] 0015/0256 VUs  21m02.8s/30m0s  2000.00 iters/s

running (21m03.8s), 0011/0256 VUs, 2527549 complete and 0 interrupted iterations
cap_mixed   [  70% ] 0011/0256 VUs  21m03.8s/30m0s  2000.00 iters/s

running (21m04.8s), 0013/0256 VUs, 2529547 complete and 0 interrupted iterations
cap_mixed   [  70% ] 0013/0256 VUs  21m04.8s/30m0s  2000.00 iters/s

running (21m05.8s), 0008/0256 VUs, 2531552 complete and 0 interrupted iterations
cap_mixed   [  70% ] 0008/0256 VUs  21m05.8s/30m0s  2000.00 iters/s

running (21m06.8s), 0009/0256 VUs, 2533551 complete and 0 interrupted iterations
cap_mixed   [  70% ] 0009/0256 VUs  21m06.8s/30m0s  2000.00 iters/s

running (21m07.8s), 0017/0256 VUs, 2535544 complete and 0 interrupted iterations
cap_mixed   [  70% ] 0017/0256 VUs  21m07.8s/30m0s  2000.00 iters/s

running (21m08.8s), 0011/0256 VUs, 2537549 complete and 0 interrupted iterations
cap_mixed   [  70% ] 0011/0256 VUs  21m08.8s/30m0s  2000.00 iters/s

running (21m09.8s), 0019/0256 VUs, 2539542 complete and 0 interrupted iterations
cap_mixed   [  71% ] 0019/0256 VUs  21m09.8s/30m0s  2000.00 iters/s

running (21m10.8s), 0022/0256 VUs, 2541538 complete and 0 interrupted iterations
cap_mixed   [  71% ] 0022/0256 VUs  21m10.8s/30m0s  2000.00 iters/s

running (21m11.8s), 0013/0256 VUs, 2543547 complete and 0 interrupted iterations
cap_mixed   [  71% ] 0013/0256 VUs  21m11.8s/30m0s  2000.00 iters/s

running (21m12.8s), 0012/0256 VUs, 2545548 complete and 0 interrupted iterations
cap_mixed   [  71% ] 0012/0256 VUs  21m12.8s/30m0s  2000.00 iters/s

running (21m13.8s), 0014/0256 VUs, 2547546 complete and 0 interrupted iterations
cap_mixed   [  71% ] 0014/0256 VUs  21m13.8s/30m0s  2000.00 iters/s

running (21m14.8s), 0014/0256 VUs, 2549546 complete and 0 interrupted iterations
cap_mixed   [  71% ] 0014/0256 VUs  21m14.8s/30m0s  2000.00 iters/s

running (21m15.8s), 0061/0256 VUs, 2551499 complete and 0 interrupted iterations
cap_mixed   [  71% ] 0061/0256 VUs  21m15.8s/30m0s  2000.00 iters/s

running (21m16.8s), 0010/0256 VUs, 2553550 complete and 0 interrupted iterations
cap_mixed   [  71% ] 0010/0256 VUs  21m16.8s/30m0s  2000.00 iters/s

running (21m17.8s), 0014/0256 VUs, 2555546 complete and 0 interrupted iterations
cap_mixed   [  71% ] 0014/0256 VUs  21m17.8s/30m0s  2000.00 iters/s

running (21m18.8s), 0009/0256 VUs, 2557551 complete and 0 interrupted iterations
cap_mixed   [  71% ] 0009/0256 VUs  21m18.8s/30m0s  2000.00 iters/s

running (21m19.8s), 0015/0256 VUs, 2559545 complete and 0 interrupted iterations
cap_mixed   [  71% ] 0015/0256 VUs  21m19.8s/30m0s  2000.00 iters/s

running (21m20.8s), 0011/0256 VUs, 2561549 complete and 0 interrupted iterations
cap_mixed   [  71% ] 0011/0256 VUs  21m20.8s/30m0s  2000.00 iters/s

running (21m21.8s), 0010/0256 VUs, 2563550 complete and 0 interrupted iterations
cap_mixed   [  71% ] 0010/0256 VUs  21m21.8s/30m0s  2000.00 iters/s

running (21m22.8s), 0017/0256 VUs, 2565543 complete and 0 interrupted iterations
cap_mixed   [  71% ] 0017/0256 VUs  21m22.8s/30m0s  2000.00 iters/s

running (21m23.8s), 0015/0256 VUs, 2567545 complete and 0 interrupted iterations
cap_mixed   [  71% ] 0015/0256 VUs  21m23.8s/30m0s  2000.00 iters/s

running (21m24.8s), 0011/0256 VUs, 2569549 complete and 0 interrupted iterations
cap_mixed   [  71% ] 0011/0256 VUs  21m24.8s/30m0s  2000.00 iters/s

running (21m25.8s), 0022/0256 VUs, 2571538 complete and 0 interrupted iterations
cap_mixed   [  71% ] 0022/0256 VUs  21m25.8s/30m0s  2000.00 iters/s

running (21m26.8s), 0015/0256 VUs, 2573545 complete and 0 interrupted iterations
cap_mixed   [  71% ] 0015/0256 VUs  21m26.8s/30m0s  2000.00 iters/s

running (21m27.8s), 0009/0256 VUs, 2575551 complete and 0 interrupted iterations
cap_mixed   [  72% ] 0009/0256 VUs  21m27.8s/30m0s  2000.00 iters/s

running (21m28.8s), 0016/0256 VUs, 2577544 complete and 0 interrupted iterations
cap_mixed   [  72% ] 0016/0256 VUs  21m28.8s/30m0s  2000.00 iters/s

running (21m29.8s), 0011/0256 VUs, 2579549 complete and 0 interrupted iterations
cap_mixed   [  72% ] 0011/0256 VUs  21m29.8s/30m0s  2000.00 iters/s

running (21m30.8s), 0014/0256 VUs, 2581546 complete and 0 interrupted iterations
cap_mixed   [  72% ] 0014/0256 VUs  21m30.8s/30m0s  2000.00 iters/s

running (21m31.8s), 0014/0256 VUs, 2583546 complete and 0 interrupted iterations
cap_mixed   [  72% ] 0014/0256 VUs  21m31.8s/30m0s  2000.00 iters/s

running (21m32.8s), 0011/0256 VUs, 2585549 complete and 0 interrupted iterations
cap_mixed   [  72% ] 0011/0256 VUs  21m32.8s/30m0s  2000.00 iters/s

running (21m33.8s), 0020/0256 VUs, 2587540 complete and 0 interrupted iterations
cap_mixed   [  72% ] 0020/0256 VUs  21m33.8s/30m0s  2000.00 iters/s

running (21m34.8s), 0021/0256 VUs, 2589539 complete and 0 interrupted iterations
cap_mixed   [  72% ] 0021/0256 VUs  21m34.8s/30m0s  2000.00 iters/s

running (21m35.8s), 0009/0256 VUs, 2591552 complete and 0 interrupted iterations
cap_mixed   [  72% ] 0009/0256 VUs  21m35.8s/30m0s  2000.00 iters/s

running (21m36.8s), 0013/0256 VUs, 2593547 complete and 0 interrupted iterations
cap_mixed   [  72% ] 0013/0256 VUs  21m36.8s/30m0s  2000.00 iters/s

running (21m37.8s), 0013/0256 VUs, 2595547 complete and 0 interrupted iterations
cap_mixed   [  72% ] 0013/0256 VUs  21m37.8s/30m0s  2000.00 iters/s

running (21m38.8s), 0019/0256 VUs, 2597541 complete and 0 interrupted iterations
cap_mixed   [  72% ] 0019/0256 VUs  21m38.8s/30m0s  2000.00 iters/s

running (21m39.8s), 0026/0256 VUs, 2599535 complete and 0 interrupted iterations
cap_mixed   [  72% ] 0026/0256 VUs  21m39.8s/30m0s  2000.00 iters/s

running (21m40.8s), 0020/0256 VUs, 2601540 complete and 0 interrupted iterations
cap_mixed   [  72% ] 0020/0256 VUs  21m40.8s/30m0s  2000.00 iters/s

running (21m41.8s), 0020/0256 VUs, 2603540 complete and 0 interrupted iterations
cap_mixed   [  72% ] 0020/0256 VUs  21m41.8s/30m0s  2000.00 iters/s

running (21m42.8s), 0016/0256 VUs, 2605544 complete and 0 interrupted iterations
cap_mixed   [  72% ] 0016/0256 VUs  21m42.8s/30m0s  2000.00 iters/s

running (21m43.8s), 0011/0256 VUs, 2607549 complete and 0 interrupted iterations
cap_mixed   [  72% ] 0011/0256 VUs  21m43.8s/30m0s  2000.00 iters/s

running (21m44.8s), 0012/0256 VUs, 2609547 complete and 0 interrupted iterations
cap_mixed   [  72% ] 0012/0256 VUs  21m44.8s/30m0s  2000.00 iters/s

running (21m45.8s), 0010/0256 VUs, 2611550 complete and 0 interrupted iterations
cap_mixed   [  73% ] 0010/0256 VUs  21m45.8s/30m0s  2000.00 iters/s

running (21m46.8s), 0028/0256 VUs, 2613532 complete and 0 interrupted iterations
cap_mixed   [  73% ] 0028/0256 VUs  21m46.8s/30m0s  2000.00 iters/s

running (21m47.8s), 0023/0256 VUs, 2615537 complete and 0 interrupted iterations
cap_mixed   [  73% ] 0023/0256 VUs  21m47.8s/30m0s  2000.00 iters/s

running (21m48.8s), 0010/0256 VUs, 2617551 complete and 0 interrupted iterations
cap_mixed   [  73% ] 0010/0256 VUs  21m48.8s/30m0s  2000.00 iters/s

running (21m49.8s), 0013/0256 VUs, 2619548 complete and 0 interrupted iterations
cap_mixed   [  73% ] 0013/0256 VUs  21m49.8s/30m0s  2000.00 iters/s

running (21m50.8s), 0008/0256 VUs, 2621552 complete and 0 interrupted iterations
cap_mixed   [  73% ] 0008/0256 VUs  21m50.8s/30m0s  2000.00 iters/s

running (21m51.8s), 0014/0256 VUs, 2623546 complete and 0 interrupted iterations
cap_mixed   [  73% ] 0014/0256 VUs  21m51.8s/30m0s  2000.00 iters/s

running (21m52.8s), 0015/0256 VUs, 2625545 complete and 0 interrupted iterations
cap_mixed   [  73% ] 0015/0256 VUs  21m52.8s/30m0s  2000.00 iters/s

running (21m53.8s), 0012/0256 VUs, 2627548 complete and 0 interrupted iterations
cap_mixed   [  73% ] 0012/0256 VUs  21m53.8s/30m0s  2000.00 iters/s

running (21m54.8s), 0009/0256 VUs, 2629551 complete and 0 interrupted iterations
cap_mixed   [  73% ] 0009/0256 VUs  21m54.8s/30m0s  2000.00 iters/s

running (21m55.8s), 0016/0256 VUs, 2631544 complete and 0 interrupted iterations
cap_mixed   [  73% ] 0016/0256 VUs  21m55.8s/30m0s  2000.00 iters/s

running (21m56.8s), 0010/0256 VUs, 2633550 complete and 0 interrupted iterations
cap_mixed   [  73% ] 0010/0256 VUs  21m56.8s/30m0s  2000.00 iters/s

running (21m57.8s), 0016/0256 VUs, 2635544 complete and 0 interrupted iterations
cap_mixed   [  73% ] 0016/0256 VUs  21m57.8s/30m0s  2000.00 iters/s

running (21m58.8s), 0009/0256 VUs, 2637551 complete and 0 interrupted iterations
cap_mixed   [  73% ] 0009/0256 VUs  21m58.8s/30m0s  2000.00 iters/s

running (21m59.8s), 0010/0256 VUs, 2639550 complete and 0 interrupted iterations
cap_mixed   [  73% ] 0010/0256 VUs  21m59.8s/30m0s  2000.00 iters/s

running (22m00.8s), 0017/0256 VUs, 2641543 complete and 0 interrupted iterations
cap_mixed   [  73% ] 0017/0256 VUs  22m00.8s/30m0s  2000.00 iters/s

running (22m01.8s), 0021/0256 VUs, 2643540 complete and 0 interrupted iterations
cap_mixed   [  73% ] 0021/0256 VUs  22m01.8s/30m0s  2000.00 iters/s

running (22m02.8s), 0010/0256 VUs, 2645550 complete and 0 interrupted iterations
cap_mixed   [  73% ] 0010/0256 VUs  22m02.8s/30m0s  2000.00 iters/s

running (22m03.8s), 0017/0256 VUs, 2647542 complete and 0 interrupted iterations
cap_mixed   [  74% ] 0017/0256 VUs  22m03.8s/30m0s  2000.00 iters/s

running (22m04.8s), 0015/0256 VUs, 2649545 complete and 0 interrupted iterations
cap_mixed   [  74% ] 0015/0256 VUs  22m04.8s/30m0s  2000.00 iters/s

running (22m05.8s), 0013/0256 VUs, 2651547 complete and 0 interrupted iterations
cap_mixed   [  74% ] 0013/0256 VUs  22m05.8s/30m0s  2000.00 iters/s

running (22m06.8s), 0016/0256 VUs, 2653544 complete and 0 interrupted iterations
cap_mixed   [  74% ] 0016/0256 VUs  22m06.8s/30m0s  2000.00 iters/s

running (22m07.8s), 0014/0256 VUs, 2655546 complete and 0 interrupted iterations
cap_mixed   [  74% ] 0014/0256 VUs  22m07.8s/30m0s  2000.00 iters/s

running (22m08.8s), 0015/0256 VUs, 2657545 complete and 0 interrupted iterations
cap_mixed   [  74% ] 0015/0256 VUs  22m08.8s/30m0s  2000.00 iters/s

running (22m09.8s), 0008/0256 VUs, 2659552 complete and 0 interrupted iterations
cap_mixed   [  74% ] 0008/0256 VUs  22m09.8s/30m0s  2000.00 iters/s

running (22m10.8s), 0046/0256 VUs, 2661514 complete and 0 interrupted iterations
cap_mixed   [  74% ] 0046/0256 VUs  22m10.8s/30m0s  2000.00 iters/s

running (22m11.8s), 0011/0256 VUs, 2663549 complete and 0 interrupted iterations
cap_mixed   [  74% ] 0011/0256 VUs  22m11.8s/30m0s  2000.00 iters/s

running (22m12.8s), 0012/0256 VUs, 2665548 complete and 0 interrupted iterations
cap_mixed   [  74% ] 0012/0256 VUs  22m12.8s/30m0s  2000.00 iters/s

running (22m13.8s), 0011/0256 VUs, 2667549 complete and 0 interrupted iterations
cap_mixed   [  74% ] 0011/0256 VUs  22m13.8s/30m0s  2000.00 iters/s

running (22m14.8s), 0013/0256 VUs, 2669547 complete and 0 interrupted iterations
cap_mixed   [  74% ] 0013/0256 VUs  22m14.8s/30m0s  2000.00 iters/s

running (22m15.8s), 0017/0256 VUs, 2671543 complete and 0 interrupted iterations
cap_mixed   [  74% ] 0017/0256 VUs  22m15.8s/30m0s  2000.00 iters/s

running (22m16.8s), 0009/0256 VUs, 2673551 complete and 0 interrupted iterations
cap_mixed   [  74% ] 0009/0256 VUs  22m16.8s/30m0s  2000.00 iters/s

running (22m17.8s), 0012/0256 VUs, 2675548 complete and 0 interrupted iterations
cap_mixed   [  74% ] 0012/0256 VUs  22m17.8s/30m0s  2000.00 iters/s

running (22m18.8s), 0015/0256 VUs, 2677545 complete and 0 interrupted iterations
cap_mixed   [  74% ] 0015/0256 VUs  22m18.8s/30m0s  2000.00 iters/s

running (22m19.8s), 0015/0256 VUs, 2679545 complete and 0 interrupted iterations
cap_mixed   [  74% ] 0015/0256 VUs  22m19.8s/30m0s  2000.00 iters/s

running (22m20.8s), 0016/0256 VUs, 2681544 complete and 0 interrupted iterations
cap_mixed   [  74% ] 0016/0256 VUs  22m20.8s/30m0s  2000.00 iters/s

running (22m21.8s), 0009/0256 VUs, 2683551 complete and 0 interrupted iterations
cap_mixed   [  75% ] 0009/0256 VUs  22m21.8s/30m0s  2000.00 iters/s

running (22m22.8s), 0014/0256 VUs, 2685546 complete and 0 interrupted iterations
cap_mixed   [  75% ] 0014/0256 VUs  22m22.8s/30m0s  2000.00 iters/s

running (22m23.8s), 0012/0256 VUs, 2687548 complete and 0 interrupted iterations
cap_mixed   [  75% ] 0012/0256 VUs  22m23.8s/30m0s  2000.00 iters/s

running (22m24.8s), 0015/0256 VUs, 2689545 complete and 0 interrupted iterations
cap_mixed   [  75% ] 0015/0256 VUs  22m24.8s/30m0s  2000.00 iters/s

running (22m25.8s), 0020/0256 VUs, 2691540 complete and 0 interrupted iterations
cap_mixed   [  75% ] 0020/0256 VUs  22m25.8s/30m0s  2000.00 iters/s

running (22m26.8s), 0016/0256 VUs, 2693544 complete and 0 interrupted iterations
cap_mixed   [  75% ] 0016/0256 VUs  22m26.8s/30m0s  2000.00 iters/s

running (22m27.8s), 0014/0256 VUs, 2695546 complete and 0 interrupted iterations
cap_mixed   [  75% ] 0013/0256 VUs  22m27.8s/30m0s  2000.00 iters/s

running (22m28.8s), 0012/0256 VUs, 2697548 complete and 0 interrupted iterations
cap_mixed   [  75% ] 0012/0256 VUs  22m28.8s/30m0s  2000.00 iters/s

running (22m29.8s), 0012/0256 VUs, 2699548 complete and 0 interrupted iterations
cap_mixed   [  75% ] 0012/0256 VUs  22m29.8s/30m0s  2000.00 iters/s

running (22m30.8s), 0014/0256 VUs, 2701546 complete and 0 interrupted iterations
cap_mixed   [  75% ] 0014/0256 VUs  22m30.8s/30m0s  2000.00 iters/s

running (22m31.8s), 0045/0256 VUs, 2703514 complete and 0 interrupted iterations
cap_mixed   [  75% ] 0045/0256 VUs  22m31.8s/30m0s  2000.00 iters/s

running (22m32.8s), 0006/0256 VUs, 2705554 complete and 0 interrupted iterations
cap_mixed   [  75% ] 0006/0256 VUs  22m32.8s/30m0s  2000.00 iters/s

running (22m33.8s), 0014/0256 VUs, 2707546 complete and 0 interrupted iterations
cap_mixed   [  75% ] 0014/0256 VUs  22m33.8s/30m0s  2000.00 iters/s

running (22m34.8s), 0012/0256 VUs, 2709548 complete and 0 interrupted iterations
cap_mixed   [  75% ] 0012/0256 VUs  22m34.8s/30m0s  2000.00 iters/s

running (22m35.8s), 0010/0256 VUs, 2711550 complete and 0 interrupted iterations
cap_mixed   [  75% ] 0010/0256 VUs  22m35.8s/30m0s  2000.00 iters/s

running (22m36.8s), 0016/0256 VUs, 2713544 complete and 0 interrupted iterations
cap_mixed   [  75% ] 0016/0256 VUs  22m36.8s/30m0s  2000.00 iters/s

running (22m37.8s), 0017/0256 VUs, 2715543 complete and 0 interrupted iterations
cap_mixed   [  75% ] 0017/0256 VUs  22m37.8s/30m0s  2000.00 iters/s

running (22m38.8s), 0017/0256 VUs, 2717543 complete and 0 interrupted iterations
cap_mixed   [  75% ] 0017/0256 VUs  22m38.8s/30m0s  2000.00 iters/s

running (22m39.8s), 0012/0256 VUs, 2719548 complete and 0 interrupted iterations
cap_mixed   [  76% ] 0012/0256 VUs  22m39.8s/30m0s  2000.00 iters/s

running (22m40.8s), 0040/0256 VUs, 2721520 complete and 0 interrupted iterations
cap_mixed   [  76% ] 0040/0256 VUs  22m40.8s/30m0s  2000.00 iters/s

running (22m41.8s), 0023/0256 VUs, 2723537 complete and 0 interrupted iterations
cap_mixed   [  76% ] 0023/0256 VUs  22m41.8s/30m0s  2000.00 iters/s

running (22m42.8s), 0011/0256 VUs, 2725549 complete and 0 interrupted iterations
cap_mixed   [  76% ] 0011/0256 VUs  22m42.8s/30m0s  2000.00 iters/s

running (22m43.8s), 0015/0256 VUs, 2727546 complete and 0 interrupted iterations
cap_mixed   [  76% ] 0015/0256 VUs  22m43.8s/30m0s  2000.00 iters/s

running (22m44.8s), 0015/0256 VUs, 2729545 complete and 0 interrupted iterations
cap_mixed   [  76% ] 0015/0256 VUs  22m44.8s/30m0s  2000.00 iters/s

running (22m45.8s), 0015/0256 VUs, 2731545 complete and 0 interrupted iterations
cap_mixed   [  76% ] 0015/0256 VUs  22m45.8s/30m0s  2000.00 iters/s

running (22m46.8s), 0015/0256 VUs, 2733545 complete and 0 interrupted iterations
cap_mixed   [  76% ] 0015/0256 VUs  22m46.8s/30m0s  2000.00 iters/s

running (22m47.8s), 0010/0256 VUs, 2735551 complete and 0 interrupted iterations
cap_mixed   [  76% ] 0010/0256 VUs  22m47.8s/30m0s  2000.00 iters/s

running (22m48.8s), 0012/0256 VUs, 2737548 complete and 0 interrupted iterations
cap_mixed   [  76% ] 0012/0256 VUs  22m48.8s/30m0s  2000.00 iters/s

running (22m49.8s), 0015/0256 VUs, 2739545 complete and 0 interrupted iterations
cap_mixed   [  76% ] 0015/0256 VUs  22m49.8s/30m0s  2000.00 iters/s

running (22m50.8s), 0009/0256 VUs, 2741551 complete and 0 interrupted iterations
cap_mixed   [  76% ] 0009/0256 VUs  22m50.8s/30m0s  2000.00 iters/s

running (22m51.8s), 0013/0256 VUs, 2743547 complete and 0 interrupted iterations
cap_mixed   [  76% ] 0013/0256 VUs  22m51.8s/30m0s  2000.00 iters/s

running (22m52.8s), 0015/0256 VUs, 2745545 complete and 0 interrupted iterations
cap_mixed   [  76% ] 0015/0256 VUs  22m52.8s/30m0s  2000.00 iters/s

running (22m53.8s), 0008/0256 VUs, 2747552 complete and 0 interrupted iterations
cap_mixed   [  76% ] 0008/0256 VUs  22m53.8s/30m0s  2000.00 iters/s

running (22m54.8s), 0010/0256 VUs, 2749551 complete and 0 interrupted iterations
cap_mixed   [  76% ] 0010/0256 VUs  22m54.8s/30m0s  2000.00 iters/s

running (22m55.8s), 0010/0256 VUs, 2751550 complete and 0 interrupted iterations
cap_mixed   [  76% ] 0010/0256 VUs  22m55.8s/30m0s  2000.00 iters/s

running (22m56.8s), 0006/0256 VUs, 2753554 complete and 0 interrupted iterations
cap_mixed   [  76% ] 0006/0256 VUs  22m56.8s/30m0s  2000.00 iters/s

running (22m57.8s), 0013/0256 VUs, 2755547 complete and 0 interrupted iterations
cap_mixed   [  77% ] 0013/0256 VUs  22m57.8s/30m0s  2000.00 iters/s

running (22m58.8s), 0010/0256 VUs, 2757550 complete and 0 interrupted iterations
cap_mixed   [  77% ] 0010/0256 VUs  22m58.8s/30m0s  2000.00 iters/s

running (22m59.8s), 0010/0256 VUs, 2759550 complete and 0 interrupted iterations
cap_mixed   [  77% ] 0010/0256 VUs  22m59.8s/30m0s  2000.00 iters/s

running (23m00.8s), 0036/0256 VUs, 2761524 complete and 0 interrupted iterations
cap_mixed   [  77% ] 0036/0256 VUs  23m00.8s/30m0s  2000.00 iters/s

running (23m01.8s), 0017/0256 VUs, 2763543 complete and 0 interrupted iterations
cap_mixed   [  77% ] 0017/0256 VUs  23m01.8s/30m0s  2000.00 iters/s

running (23m02.8s), 0015/0256 VUs, 2765545 complete and 0 interrupted iterations
cap_mixed   [  77% ] 0015/0256 VUs  23m02.8s/30m0s  2000.00 iters/s

running (23m03.8s), 0013/0256 VUs, 2767547 complete and 0 interrupted iterations
cap_mixed   [  77% ] 0013/0256 VUs  23m03.8s/30m0s  2000.00 iters/s

running (23m04.8s), 0013/0256 VUs, 2769547 complete and 0 interrupted iterations
cap_mixed   [  77% ] 0013/0256 VUs  23m04.8s/30m0s  2000.00 iters/s

running (23m05.8s), 0014/0256 VUs, 2771546 complete and 0 interrupted iterations
cap_mixed   [  77% ] 0014/0256 VUs  23m05.8s/30m0s  2000.00 iters/s

running (23m06.8s), 0010/0256 VUs, 2773550 complete and 0 interrupted iterations
cap_mixed   [  77% ] 0010/0256 VUs  23m06.8s/30m0s  2000.00 iters/s

running (23m07.8s), 0020/0256 VUs, 2775540 complete and 0 interrupted iterations
cap_mixed   [  77% ] 0020/0256 VUs  23m07.8s/30m0s  2000.00 iters/s

running (23m08.8s), 0011/0256 VUs, 2777549 complete and 0 interrupted iterations
cap_mixed   [  77% ] 0011/0256 VUs  23m08.8s/30m0s  2000.00 iters/s

running (23m09.8s), 0018/0256 VUs, 2779542 complete and 0 interrupted iterations
cap_mixed   [  77% ] 0018/0256 VUs  23m09.8s/30m0s  2000.00 iters/s

running (23m10.8s), 0018/0256 VUs, 2781542 complete and 0 interrupted iterations
cap_mixed   [  77% ] 0018/0256 VUs  23m10.8s/30m0s  2000.00 iters/s

running (23m11.8s), 0012/0256 VUs, 2783548 complete and 0 interrupted iterations
cap_mixed   [  77% ] 0012/0256 VUs  23m11.8s/30m0s  2000.00 iters/s

running (23m12.8s), 0006/0256 VUs, 2785554 complete and 0 interrupted iterations
cap_mixed   [  77% ] 0006/0256 VUs  23m12.8s/30m0s  2000.00 iters/s

running (23m13.8s), 0013/0256 VUs, 2787547 complete and 0 interrupted iterations
cap_mixed   [  77% ] 0013/0256 VUs  23m13.8s/30m0s  2000.00 iters/s

running (23m14.8s), 0016/0256 VUs, 2789544 complete and 0 interrupted iterations
cap_mixed   [  77% ] 0016/0256 VUs  23m14.8s/30m0s  2000.00 iters/s

running (23m15.8s), 0016/0256 VUs, 2791544 complete and 0 interrupted iterations
cap_mixed   [  78% ] 0016/0256 VUs  23m15.8s/30m0s  2000.00 iters/s

running (23m16.8s), 0010/0256 VUs, 2793550 complete and 0 interrupted iterations
cap_mixed   [  78% ] 0010/0256 VUs  23m16.8s/30m0s  2000.00 iters/s

running (23m17.8s), 0016/0256 VUs, 2795544 complete and 0 interrupted iterations
cap_mixed   [  78% ] 0016/0256 VUs  23m17.8s/30m0s  2000.00 iters/s

running (23m18.8s), 0010/0256 VUs, 2797550 complete and 0 interrupted iterations
cap_mixed   [  78% ] 0010/0256 VUs  23m18.8s/30m0s  2000.00 iters/s

running (23m19.8s), 0008/0256 VUs, 2799552 complete and 0 interrupted iterations
cap_mixed   [  78% ] 0008/0256 VUs  23m19.8s/30m0s  2000.00 iters/s

running (23m20.8s), 0014/0256 VUs, 2801546 complete and 0 interrupted iterations
cap_mixed   [  78% ] 0014/0256 VUs  23m20.8s/30m0s  2000.00 iters/s

running (23m21.8s), 0012/0256 VUs, 2803548 complete and 0 interrupted iterations
cap_mixed   [  78% ] 0012/0256 VUs  23m21.8s/30m0s  2000.00 iters/s

running (23m22.8s), 0007/0256 VUs, 2805553 complete and 0 interrupted iterations
cap_mixed   [  78% ] 0007/0256 VUs  23m22.8s/30m0s  2000.00 iters/s

running (23m23.8s), 0014/0256 VUs, 2807546 complete and 0 interrupted iterations
cap_mixed   [  78% ] 0014/0256 VUs  23m23.8s/30m0s  2000.00 iters/s

running (23m24.8s), 0011/0256 VUs, 2809549 complete and 0 interrupted iterations
cap_mixed   [  78% ] 0011/0256 VUs  23m24.8s/30m0s  2000.00 iters/s

running (23m25.8s), 0029/0256 VUs, 2811531 complete and 0 interrupted iterations
cap_mixed   [  78% ] 0029/0256 VUs  23m25.8s/30m0s  2000.00 iters/s

running (23m26.8s), 0016/0256 VUs, 2813544 complete and 0 interrupted iterations
cap_mixed   [  78% ] 0016/0256 VUs  23m26.8s/30m0s  2000.00 iters/s

running (23m27.8s), 0012/0256 VUs, 2815548 complete and 0 interrupted iterations
cap_mixed   [  78% ] 0012/0256 VUs  23m27.8s/30m0s  2000.00 iters/s

running (23m28.8s), 0011/0256 VUs, 2817549 complete and 0 interrupted iterations
cap_mixed   [  78% ] 0011/0256 VUs  23m28.8s/30m0s  2000.00 iters/s

running (23m29.8s), 0011/0256 VUs, 2819549 complete and 0 interrupted iterations
cap_mixed   [  78% ] 0011/0256 VUs  23m29.8s/30m0s  2000.00 iters/s

running (23m30.8s), 0013/0256 VUs, 2821547 complete and 0 interrupted iterations
cap_mixed   [  78% ] 0013/0256 VUs  23m30.8s/30m0s  2000.00 iters/s

running (23m31.8s), 0010/0256 VUs, 2823551 complete and 0 interrupted iterations
cap_mixed   [  78% ] 0010/0256 VUs  23m31.8s/30m0s  2000.00 iters/s

running (23m32.8s), 0012/0256 VUs, 2825548 complete and 0 interrupted iterations
cap_mixed   [  78% ] 0012/0256 VUs  23m32.8s/30m0s  2000.00 iters/s

running (23m33.8s), 0018/0256 VUs, 2827542 complete and 0 interrupted iterations
cap_mixed   [  79% ] 0018/0256 VUs  23m33.8s/30m0s  2000.00 iters/s

running (23m34.8s), 0018/0256 VUs, 2829541 complete and 0 interrupted iterations
cap_mixed   [  79% ] 0018/0256 VUs  23m34.8s/30m0s  2000.00 iters/s

running (23m35.8s), 0056/0256 VUs, 2831504 complete and 0 interrupted iterations
cap_mixed   [  79% ] 0056/0256 VUs  23m35.8s/30m0s  2000.00 iters/s

running (23m36.8s), 0011/0262 VUs, 2833483 complete and 0 interrupted iterations
cap_mixed   [  79% ] 0011/0262 VUs  23m36.8s/30m0s  2000.00 iters/s

running (23m37.8s), 0009/0262 VUs, 2835486 complete and 0 interrupted iterations
cap_mixed   [  79% ] 0009/0262 VUs  23m37.8s/30m0s  2000.00 iters/s

running (23m38.8s), 0007/0262 VUs, 2837487 complete and 0 interrupted iterations
cap_mixed   [  79% ] 0007/0262 VUs  23m38.8s/30m0s  2000.00 iters/s

running (23m39.8s), 0010/0262 VUs, 2839484 complete and 0 interrupted iterations
cap_mixed   [  79% ] 0010/0262 VUs  23m39.8s/30m0s  2000.00 iters/s

running (23m40.8s), 0017/0262 VUs, 2841477 complete and 0 interrupted iterations
cap_mixed   [  79% ] 0017/0262 VUs  23m40.8s/30m0s  2000.00 iters/s

running (23m41.8s), 0012/0262 VUs, 2843482 complete and 0 interrupted iterations
cap_mixed   [  79% ] 0012/0262 VUs  23m41.8s/30m0s  2000.00 iters/s

running (23m42.8s), 0015/0262 VUs, 2845479 complete and 0 interrupted iterations
cap_mixed   [  79% ] 0015/0262 VUs  23m42.8s/30m0s  2000.00 iters/s

running (23m43.8s), 0012/0262 VUs, 2847482 complete and 0 interrupted iterations
cap_mixed   [  79% ] 0012/0262 VUs  23m43.8s/30m0s  2000.00 iters/s

running (23m44.8s), 0018/0262 VUs, 2849476 complete and 0 interrupted iterations
cap_mixed   [  79% ] 0018/0262 VUs  23m44.8s/30m0s  2000.00 iters/s

running (23m45.8s), 0010/0262 VUs, 2851484 complete and 0 interrupted iterations
cap_mixed   [  79% ] 0010/0262 VUs  23m45.8s/30m0s  2000.00 iters/s

running (23m46.8s), 0012/0262 VUs, 2853482 complete and 0 interrupted iterations
cap_mixed   [  79% ] 0012/0262 VUs  23m46.8s/30m0s  2000.00 iters/s

running (23m47.8s), 0087/0262 VUs, 2855407 complete and 0 interrupted iterations
cap_mixed   [  79% ] 0087/0262 VUs  23m47.8s/30m0s  2000.00 iters/s

running (23m48.8s), 0010/0262 VUs, 2857484 complete and 0 interrupted iterations
cap_mixed   [  79% ] 0010/0262 VUs  23m48.8s/30m0s  2000.00 iters/s

running (23m49.8s), 0013/0262 VUs, 2859481 complete and 0 interrupted iterations
cap_mixed   [  79% ] 0013/0262 VUs  23m49.8s/30m0s  2000.00 iters/s

running (23m50.8s), 0014/0262 VUs, 2861481 complete and 0 interrupted iterations
cap_mixed   [  79% ] 0014/0262 VUs  23m50.8s/30m0s  2000.00 iters/s

running (23m51.8s), 0007/0262 VUs, 2863487 complete and 0 interrupted iterations
cap_mixed   [  80% ] 0007/0262 VUs  23m51.8s/30m0s  2000.00 iters/s

running (23m52.8s), 0018/0262 VUs, 2865476 complete and 0 interrupted iterations
cap_mixed   [  80% ] 0018/0262 VUs  23m52.8s/30m0s  2000.00 iters/s

running (23m53.8s), 0008/0262 VUs, 2867486 complete and 0 interrupted iterations
cap_mixed   [  80% ] 0008/0262 VUs  23m53.8s/30m0s  2000.00 iters/s

running (23m54.8s), 0008/0262 VUs, 2869486 complete and 0 interrupted iterations
cap_mixed   [  80% ] 0008/0262 VUs  23m54.8s/30m0s  2000.00 iters/s

running (23m55.8s), 0013/0262 VUs, 2871481 complete and 0 interrupted iterations
cap_mixed   [  80% ] 0013/0262 VUs  23m55.8s/30m0s  2000.00 iters/s

running (23m56.8s), 0020/0262 VUs, 2873474 complete and 0 interrupted iterations
cap_mixed   [  80% ] 0020/0262 VUs  23m56.8s/30m0s  2000.00 iters/s

running (23m57.8s), 0011/0262 VUs, 2875483 complete and 0 interrupted iterations
cap_mixed   [  80% ] 0011/0262 VUs  23m57.8s/30m0s  2000.00 iters/s

running (23m58.8s), 0012/0262 VUs, 2877482 complete and 0 interrupted iterations
cap_mixed   [  80% ] 0012/0262 VUs  23m58.8s/30m0s  2000.00 iters/s

running (23m59.8s), 0017/0262 VUs, 2879477 complete and 0 interrupted iterations
cap_mixed   [  80% ] 0017/0262 VUs  23m59.8s/30m0s  2000.00 iters/s

running (24m00.8s), 0009/0262 VUs, 2881485 complete and 0 interrupted iterations
cap_mixed   [  80% ] 0009/0262 VUs  24m00.8s/30m0s  2000.00 iters/s

running (24m01.8s), 0019/0262 VUs, 2883475 complete and 0 interrupted iterations
cap_mixed   [  80% ] 0019/0262 VUs  24m01.8s/30m0s  2000.00 iters/s

running (24m02.8s), 0020/0262 VUs, 2885474 complete and 0 interrupted iterations
cap_mixed   [  80% ] 0020/0262 VUs  24m02.8s/30m0s  2000.00 iters/s

running (24m03.8s), 0009/0262 VUs, 2887485 complete and 0 interrupted iterations
cap_mixed   [  80% ] 0009/0262 VUs  24m03.8s/30m0s  2000.00 iters/s

running (24m04.8s), 0016/0262 VUs, 2889478 complete and 0 interrupted iterations
cap_mixed   [  80% ] 0016/0262 VUs  24m04.8s/30m0s  2000.00 iters/s

running (24m05.8s), 0013/0262 VUs, 2891479 complete and 0 interrupted iterations
cap_mixed   [  80% ] 0013/0262 VUs  24m05.8s/30m0s  2000.00 iters/s

running (24m06.8s), 0012/0262 VUs, 2893482 complete and 0 interrupted iterations
cap_mixed   [  80% ] 0012/0262 VUs  24m06.8s/30m0s  2000.00 iters/s

running (24m07.8s), 0012/0262 VUs, 2895482 complete and 0 interrupted iterations
cap_mixed   [  80% ] 0012/0262 VUs  24m07.8s/30m0s  2000.00 iters/s

running (24m08.8s), 0016/0262 VUs, 2897478 complete and 0 interrupted iterations
cap_mixed   [  80% ] 0016/0262 VUs  24m08.8s/30m0s  2000.00 iters/s

running (24m09.8s), 0012/0262 VUs, 2899482 complete and 0 interrupted iterations
cap_mixed   [  81% ] 0012/0262 VUs  24m09.8s/30m0s  2000.00 iters/s

running (24m10.8s), 0020/0262 VUs, 2901474 complete and 0 interrupted iterations
cap_mixed   [  81% ] 0020/0262 VUs  24m10.8s/30m0s  2000.00 iters/s

running (24m11.8s), 0012/0262 VUs, 2903482 complete and 0 interrupted iterations
cap_mixed   [  81% ] 0012/0262 VUs  24m11.8s/30m0s  2000.00 iters/s

running (24m12.8s), 0009/0262 VUs, 2905485 complete and 0 interrupted iterations
cap_mixed   [  81% ] 0009/0262 VUs  24m12.8s/30m0s  2000.00 iters/s

running (24m13.8s), 0020/0262 VUs, 2907474 complete and 0 interrupted iterations
cap_mixed   [  81% ] 0020/0262 VUs  24m13.8s/30m0s  2000.00 iters/s

running (24m14.8s), 0025/0262 VUs, 2909469 complete and 0 interrupted iterations
cap_mixed   [  81% ] 0025/0262 VUs  24m14.8s/30m0s  2000.00 iters/s

running (24m15.8s), 0017/0262 VUs, 2911477 complete and 0 interrupted iterations
cap_mixed   [  81% ] 0017/0262 VUs  24m15.8s/30m0s  2000.00 iters/s

running (24m16.8s), 0025/0262 VUs, 2913469 complete and 0 interrupted iterations
cap_mixed   [  81% ] 0025/0262 VUs  24m16.8s/30m0s  2000.00 iters/s

running (24m17.8s), 0016/0262 VUs, 2915479 complete and 0 interrupted iterations
cap_mixed   [  81% ] 0016/0262 VUs  24m17.8s/30m0s  2000.00 iters/s

running (24m18.8s), 0013/0262 VUs, 2917481 complete and 0 interrupted iterations
cap_mixed   [  81% ] 0013/0262 VUs  24m18.8s/30m0s  2000.00 iters/s

running (24m19.8s), 0034/0262 VUs, 2919460 complete and 0 interrupted iterations
cap_mixed   [  81% ] 0034/0262 VUs  24m19.8s/30m0s  2000.00 iters/s

running (24m20.8s), 0012/0262 VUs, 2921482 complete and 0 interrupted iterations
cap_mixed   [  81% ] 0012/0262 VUs  24m20.8s/30m0s  2000.00 iters/s

running (24m21.8s), 0013/0262 VUs, 2923481 complete and 0 interrupted iterations
cap_mixed   [  81% ] 0013/0262 VUs  24m21.8s/30m0s  2000.00 iters/s

running (24m22.8s), 0012/0262 VUs, 2925482 complete and 0 interrupted iterations
cap_mixed   [  81% ] 0012/0262 VUs  24m22.8s/30m0s  2000.00 iters/s

running (24m23.8s), 0017/0262 VUs, 2927477 complete and 0 interrupted iterations
cap_mixed   [  81% ] 0017/0262 VUs  24m23.8s/30m0s  2000.00 iters/s

running (24m24.8s), 0011/0262 VUs, 2929483 complete and 0 interrupted iterations
cap_mixed   [  81% ] 0011/0262 VUs  24m24.8s/30m0s  2000.00 iters/s

running (24m25.8s), 0015/0262 VUs, 2931479 complete and 0 interrupted iterations
cap_mixed   [  81% ] 0015/0262 VUs  24m25.8s/30m0s  2000.00 iters/s

running (24m26.8s), 0016/0262 VUs, 2933478 complete and 0 interrupted iterations
cap_mixed   [  81% ] 0016/0262 VUs  24m26.8s/30m0s  2000.00 iters/s

running (24m27.8s), 0010/0262 VUs, 2935484 complete and 0 interrupted iterations
cap_mixed   [  82% ] 0010/0262 VUs  24m27.8s/30m0s  2000.00 iters/s

running (24m28.8s), 0014/0262 VUs, 2937480 complete and 0 interrupted iterations
cap_mixed   [  82% ] 0014/0262 VUs  24m28.8s/30m0s  2000.00 iters/s

running (24m29.8s), 0015/0262 VUs, 2939479 complete and 0 interrupted iterations
cap_mixed   [  82% ] 0015/0262 VUs  24m29.8s/30m0s  2000.00 iters/s

running (24m30.8s), 0012/0262 VUs, 2941482 complete and 0 interrupted iterations
cap_mixed   [  82% ] 0012/0262 VUs  24m30.8s/30m0s  2000.00 iters/s

running (24m31.8s), 0009/0262 VUs, 2943485 complete and 0 interrupted iterations
cap_mixed   [  82% ] 0009/0262 VUs  24m31.8s/30m0s  2000.00 iters/s

running (24m32.8s), 0010/0262 VUs, 2945484 complete and 0 interrupted iterations
cap_mixed   [  82% ] 0010/0262 VUs  24m32.8s/30m0s  2000.00 iters/s

running (24m33.8s), 0031/0262 VUs, 2947463 complete and 0 interrupted iterations
cap_mixed   [  82% ] 0031/0262 VUs  24m33.8s/30m0s  2000.00 iters/s

running (24m34.8s), 0015/0262 VUs, 2949479 complete and 0 interrupted iterations
cap_mixed   [  82% ] 0015/0262 VUs  24m34.8s/30m0s  2000.00 iters/s

running (24m35.8s), 0008/0262 VUs, 2951486 complete and 0 interrupted iterations
cap_mixed   [  82% ] 0008/0262 VUs  24m35.8s/30m0s  2000.00 iters/s

running (24m36.8s), 0009/0262 VUs, 2953485 complete and 0 interrupted iterations
cap_mixed   [  82% ] 0009/0262 VUs  24m36.8s/30m0s  2000.00 iters/s

running (24m37.8s), 0016/0262 VUs, 2955478 complete and 0 interrupted iterations
cap_mixed   [  82% ] 0016/0262 VUs  24m37.8s/30m0s  2000.00 iters/s

running (24m38.8s), 0017/0262 VUs, 2957477 complete and 0 interrupted iterations
cap_mixed   [  82% ] 0017/0262 VUs  24m38.8s/30m0s  2000.00 iters/s

running (24m39.8s), 0012/0262 VUs, 2959482 complete and 0 interrupted iterations
cap_mixed   [  82% ] 0012/0262 VUs  24m39.8s/30m0s  2000.00 iters/s

running (24m40.8s), 0014/0262 VUs, 2961480 complete and 0 interrupted iterations
cap_mixed   [  82% ] 0014/0262 VUs  24m40.8s/30m0s  2000.00 iters/s

running (24m41.8s), 0011/0262 VUs, 2963483 complete and 0 interrupted iterations
cap_mixed   [  82% ] 0011/0262 VUs  24m41.8s/30m0s  2000.00 iters/s

running (24m42.8s), 0015/0262 VUs, 2965480 complete and 0 interrupted iterations
cap_mixed   [  82% ] 0015/0262 VUs  24m42.8s/30m0s  2000.00 iters/s

running (24m43.8s), 0010/0262 VUs, 2967484 complete and 0 interrupted iterations
cap_mixed   [  82% ] 0010/0262 VUs  24m43.8s/30m0s  2000.00 iters/s

running (24m44.8s), 0016/0262 VUs, 2969478 complete and 0 interrupted iterations
cap_mixed   [  82% ] 0016/0262 VUs  24m44.8s/30m0s  2000.00 iters/s

running (24m45.8s), 0012/0262 VUs, 2971483 complete and 0 interrupted iterations
cap_mixed   [  83% ] 0012/0262 VUs  24m45.8s/30m0s  2000.00 iters/s

running (24m46.8s), 0016/0262 VUs, 2973478 complete and 0 interrupted iterations
cap_mixed   [  83% ] 0016/0262 VUs  24m46.8s/30m0s  2000.00 iters/s

running (24m47.8s), 0012/0262 VUs, 2975482 complete and 0 interrupted iterations
cap_mixed   [  83% ] 0012/0262 VUs  24m47.8s/30m0s  2000.00 iters/s

running (24m48.8s), 0015/0262 VUs, 2977479 complete and 0 interrupted iterations
cap_mixed   [  83% ] 0015/0262 VUs  24m48.8s/30m0s  2000.00 iters/s

running (24m49.8s), 0011/0262 VUs, 2979483 complete and 0 interrupted iterations
cap_mixed   [  83% ] 0011/0262 VUs  24m49.8s/30m0s  2000.00 iters/s

running (24m50.8s), 0005/0262 VUs, 2981489 complete and 0 interrupted iterations
cap_mixed   [  83% ] 0005/0262 VUs  24m50.8s/30m0s  2000.00 iters/s

running (24m51.8s), 0010/0262 VUs, 2983484 complete and 0 interrupted iterations
cap_mixed   [  83% ] 0010/0262 VUs  24m51.8s/30m0s  2000.00 iters/s

running (24m52.8s), 0012/0262 VUs, 2985482 complete and 0 interrupted iterations
cap_mixed   [  83% ] 0012/0262 VUs  24m52.8s/30m0s  2000.00 iters/s

running (24m53.8s), 0014/0262 VUs, 2987480 complete and 0 interrupted iterations
cap_mixed   [  83% ] 0015/0262 VUs  24m53.8s/30m0s  2000.00 iters/s

running (24m54.8s), 0008/0262 VUs, 2989486 complete and 0 interrupted iterations
cap_mixed   [  83% ] 0008/0262 VUs  24m54.8s/30m0s  2000.00 iters/s

running (24m55.8s), 0016/0262 VUs, 2991478 complete and 0 interrupted iterations
cap_mixed   [  83% ] 0016/0262 VUs  24m55.8s/30m0s  2000.00 iters/s

running (24m56.8s), 0017/0262 VUs, 2993476 complete and 0 interrupted iterations
cap_mixed   [  83% ] 0017/0262 VUs  24m56.8s/30m0s  2000.00 iters/s

running (24m57.8s), 0015/0262 VUs, 2995479 complete and 0 interrupted iterations
cap_mixed   [  83% ] 0015/0262 VUs  24m57.8s/30m0s  2000.00 iters/s

running (24m58.8s), 0017/0262 VUs, 2997477 complete and 0 interrupted iterations
cap_mixed   [  83% ] 0017/0262 VUs  24m58.8s/30m0s  2000.00 iters/s

running (24m59.8s), 0013/0262 VUs, 2999481 complete and 0 interrupted iterations
cap_mixed   [  83% ] 0013/0262 VUs  24m59.8s/30m0s  2000.00 iters/s

running (25m00.8s), 0013/0262 VUs, 3001482 complete and 0 interrupted iterations
cap_mixed   [  83% ] 0013/0262 VUs  25m00.8s/30m0s  2000.00 iters/s

running (25m01.8s), 0223/0289 VUs, 3002820 complete and 0 interrupted iterations
cap_mixed   [  83% ] 0223/0289 VUs  25m01.8s/30m0s  2000.00 iters/s

running (25m02.8s), 0020/0289 VUs, 3005023 complete and 0 interrupted iterations
cap_mixed   [  83% ] 0020/0289 VUs  25m02.8s/30m0s  2000.00 iters/s

running (25m03.8s), 0015/0289 VUs, 3007028 complete and 0 interrupted iterations
cap_mixed   [  84% ] 0015/0289 VUs  25m03.8s/30m0s  2000.00 iters/s

running (25m04.8s), 0017/0289 VUs, 3009026 complete and 0 interrupted iterations
cap_mixed   [  84% ] 0017/0289 VUs  25m04.8s/30m0s  2000.00 iters/s

running (25m05.8s), 0030/0289 VUs, 3011013 complete and 0 interrupted iterations
cap_mixed   [  84% ] 0030/0289 VUs  25m05.8s/30m0s  2000.00 iters/s

running (25m06.8s), 0010/0289 VUs, 3013033 complete and 0 interrupted iterations
cap_mixed   [  84% ] 0009/0289 VUs  25m06.8s/30m0s  2000.00 iters/s

running (25m07.8s), 0013/0289 VUs, 3015030 complete and 0 interrupted iterations
cap_mixed   [  84% ] 0013/0289 VUs  25m07.8s/30m0s  2000.00 iters/s

running (25m08.8s), 0014/0289 VUs, 3017028 complete and 0 interrupted iterations
cap_mixed   [  84% ] 0014/0289 VUs  25m08.8s/30m0s  2000.00 iters/s

running (25m09.8s), 0011/0289 VUs, 3019032 complete and 0 interrupted iterations
cap_mixed   [  84% ] 0011/0289 VUs  25m09.8s/30m0s  2000.00 iters/s

running (25m10.8s), 0013/0289 VUs, 3021031 complete and 0 interrupted iterations
cap_mixed   [  84% ] 0013/0289 VUs  25m10.8s/30m0s  2000.00 iters/s

running (25m11.8s), 0020/0289 VUs, 3023023 complete and 0 interrupted iterations
cap_mixed   [  84% ] 0020/0289 VUs  25m11.8s/30m0s  2000.00 iters/s

running (25m12.8s), 0015/0289 VUs, 3025028 complete and 0 interrupted iterations
cap_mixed   [  84% ] 0015/0289 VUs  25m12.8s/30m0s  2000.00 iters/s

running (25m13.8s), 0013/0289 VUs, 3027030 complete and 0 interrupted iterations
cap_mixed   [  84% ] 0013/0289 VUs  25m13.8s/30m0s  2000.00 iters/s

running (25m14.8s), 0023/0289 VUs, 3029021 complete and 0 interrupted iterations
cap_mixed   [  84% ] 0023/0289 VUs  25m14.8s/30m0s  2000.00 iters/s

running (25m15.8s), 0009/0289 VUs, 3031034 complete and 0 interrupted iterations
cap_mixed   [  84% ] 0009/0289 VUs  25m15.8s/30m0s  2000.00 iters/s

running (25m16.8s), 0016/0289 VUs, 3033027 complete and 0 interrupted iterations
cap_mixed   [  84% ] 0016/0289 VUs  25m16.8s/30m0s  2000.00 iters/s

running (25m17.8s), 0015/0289 VUs, 3035028 complete and 0 interrupted iterations
cap_mixed   [  84% ] 0015/0289 VUs  25m17.8s/30m0s  2000.00 iters/s

running (25m18.8s), 0012/0289 VUs, 3037031 complete and 0 interrupted iterations
cap_mixed   [  84% ] 0012/0289 VUs  25m18.8s/30m0s  2000.00 iters/s

running (25m19.8s), 0014/0289 VUs, 3039029 complete and 0 interrupted iterations
cap_mixed   [  84% ] 0014/0289 VUs  25m19.8s/30m0s  2000.00 iters/s

running (25m20.8s), 0015/0289 VUs, 3041029 complete and 0 interrupted iterations
cap_mixed   [  84% ] 0015/0289 VUs  25m20.8s/30m0s  2000.00 iters/s

running (25m21.8s), 0018/0289 VUs, 3043025 complete and 0 interrupted iterations
cap_mixed   [  85% ] 0018/0289 VUs  25m21.8s/30m0s  2000.00 iters/s

running (25m22.8s), 0012/0289 VUs, 3045031 complete and 0 interrupted iterations
cap_mixed   [  85% ] 0012/0289 VUs  25m22.8s/30m0s  2000.00 iters/s

running (25m23.8s), 0011/0289 VUs, 3047032 complete and 0 interrupted iterations
cap_mixed   [  85% ] 0011/0289 VUs  25m23.8s/30m0s  2000.00 iters/s

running (25m24.8s), 0008/0289 VUs, 3049035 complete and 0 interrupted iterations
cap_mixed   [  85% ] 0008/0289 VUs  25m24.8s/30m0s  2000.00 iters/s

running (25m25.8s), 0018/0289 VUs, 3051025 complete and 0 interrupted iterations
cap_mixed   [  85% ] 0018/0289 VUs  25m25.8s/30m0s  2000.00 iters/s

running (25m26.8s), 0012/0289 VUs, 3053030 complete and 0 interrupted iterations
cap_mixed   [  85% ] 0012/0289 VUs  25m26.8s/30m0s  2000.00 iters/s

running (25m27.8s), 0010/0289 VUs, 3055033 complete and 0 interrupted iterations
cap_mixed   [  85% ] 0010/0289 VUs  25m27.8s/30m0s  2000.00 iters/s

running (25m28.8s), 0018/0289 VUs, 3057025 complete and 0 interrupted iterations
cap_mixed   [  85% ] 0018/0289 VUs  25m28.8s/30m0s  2000.00 iters/s

running (25m29.8s), 0014/0289 VUs, 3059029 complete and 0 interrupted iterations
cap_mixed   [  85% ] 0014/0289 VUs  25m29.8s/30m0s  2000.00 iters/s

running (25m30.8s), 0014/0289 VUs, 3061029 complete and 0 interrupted iterations
cap_mixed   [  85% ] 0014/0289 VUs  25m30.8s/30m0s  2000.00 iters/s

running (25m31.8s), 0014/0289 VUs, 3063029 complete and 0 interrupted iterations
cap_mixed   [  85% ] 0014/0289 VUs  25m31.8s/30m0s  2000.00 iters/s

running (25m32.8s), 0013/0289 VUs, 3065030 complete and 0 interrupted iterations
cap_mixed   [  85% ] 0013/0289 VUs  25m32.8s/30m0s  2000.00 iters/s

running (25m33.8s), 0007/0289 VUs, 3067037 complete and 0 interrupted iterations
cap_mixed   [  85% ] 0007/0289 VUs  25m33.8s/30m0s  2000.00 iters/s

running (25m34.8s), 0010/0289 VUs, 3069033 complete and 0 interrupted iterations
cap_mixed   [  85% ] 0010/0289 VUs  25m34.8s/30m0s  2000.00 iters/s

running (25m35.8s), 0009/0289 VUs, 3071034 complete and 0 interrupted iterations
cap_mixed   [  85% ] 0009/0289 VUs  25m35.8s/30m0s  2000.00 iters/s

running (25m36.8s), 0166/0314 VUs, 3072481 complete and 0 interrupted iterations
cap_mixed   [  85% ] 0166/0314 VUs  25m36.8s/30m0s  2000.00 iters/s

running (25m37.8s), 0014/0314 VUs, 3074634 complete and 0 interrupted iterations
cap_mixed   [  85% ] 0014/0314 VUs  25m37.8s/30m0s  2000.00 iters/s

running (25m38.8s), 0018/0314 VUs, 3076629 complete and 0 interrupted iterations
cap_mixed   [  85% ] 0018/0314 VUs  25m38.8s/30m0s  2000.00 iters/s

running (25m39.8s), 0005/0314 VUs, 3078641 complete and 0 interrupted iterations
cap_mixed   [  86% ] 0005/0314 VUs  25m39.8s/30m0s  2000.00 iters/s

running (25m40.8s), 0022/0314 VUs, 3080625 complete and 0 interrupted iterations
cap_mixed   [  86% ] 0022/0314 VUs  25m40.8s/30m0s  2000.00 iters/s

running (25m41.8s), 0013/0314 VUs, 3082634 complete and 0 interrupted iterations
cap_mixed   [  86% ] 0013/0314 VUs  25m41.8s/30m0s  2000.00 iters/s

running (25m42.8s), 0020/0314 VUs, 3084627 complete and 0 interrupted iterations
cap_mixed   [  86% ] 0020/0314 VUs  25m42.8s/30m0s  2000.00 iters/s

running (25m43.8s), 0010/0314 VUs, 3086637 complete and 0 interrupted iterations
cap_mixed   [  86% ] 0010/0314 VUs  25m43.8s/30m0s  2000.00 iters/s

running (25m44.8s), 0011/0314 VUs, 3088636 complete and 0 interrupted iterations
cap_mixed   [  86% ] 0011/0314 VUs  25m44.8s/30m0s  2000.00 iters/s

running (25m45.8s), 0020/0314 VUs, 3090627 complete and 0 interrupted iterations
cap_mixed   [  86% ] 0020/0314 VUs  25m45.8s/30m0s  2000.00 iters/s

running (25m46.8s), 0020/0314 VUs, 3092628 complete and 0 interrupted iterations
cap_mixed   [  86% ] 0020/0314 VUs  25m46.8s/30m0s  2000.00 iters/s

running (25m47.8s), 0015/0314 VUs, 3094632 complete and 0 interrupted iterations
cap_mixed   [  86% ] 0015/0314 VUs  25m47.8s/30m0s  2000.00 iters/s

running (25m48.8s), 0016/0314 VUs, 3096631 complete and 0 interrupted iterations
cap_mixed   [  86% ] 0016/0314 VUs  25m48.8s/30m0s  2000.00 iters/s

running (25m49.8s), 0011/0314 VUs, 3098636 complete and 0 interrupted iterations
cap_mixed   [  86% ] 0011/0314 VUs  25m49.8s/30m0s  2000.00 iters/s

running (25m50.8s), 0014/0314 VUs, 3100633 complete and 0 interrupted iterations
cap_mixed   [  86% ] 0014/0314 VUs  25m50.8s/30m0s  2000.00 iters/s

running (25m51.8s), 0011/0314 VUs, 3102636 complete and 0 interrupted iterations
cap_mixed   [  86% ] 0011/0314 VUs  25m51.8s/30m0s  2000.00 iters/s

running (25m52.8s), 0011/0314 VUs, 3104636 complete and 0 interrupted iterations
cap_mixed   [  86% ] 0011/0314 VUs  25m52.8s/30m0s  2000.00 iters/s

running (25m53.8s), 0014/0314 VUs, 3106633 complete and 0 interrupted iterations
cap_mixed   [  86% ] 0014/0314 VUs  25m53.8s/30m0s  2000.00 iters/s

running (25m54.8s), 0017/0314 VUs, 3108630 complete and 0 interrupted iterations
cap_mixed   [  86% ] 0017/0314 VUs  25m54.8s/30m0s  2000.00 iters/s

running (25m55.8s), 0016/0314 VUs, 3110631 complete and 0 interrupted iterations
cap_mixed   [  86% ] 0016/0314 VUs  25m55.8s/30m0s  2000.00 iters/s

running (25m56.8s), 0030/0314 VUs, 3112618 complete and 0 interrupted iterations
cap_mixed   [  86% ] 0030/0314 VUs  25m56.8s/30m0s  2000.00 iters/s

running (25m57.8s), 0011/0314 VUs, 3114636 complete and 0 interrupted iterations
cap_mixed   [  87% ] 0011/0314 VUs  25m57.8s/30m0s  2000.00 iters/s

running (25m58.8s), 0011/0314 VUs, 3116636 complete and 0 interrupted iterations
cap_mixed   [  87% ] 0011/0314 VUs  25m58.8s/30m0s  2000.00 iters/s

running (25m59.8s), 0016/0314 VUs, 3118631 complete and 0 interrupted iterations
cap_mixed   [  87% ] 0016/0314 VUs  25m59.8s/30m0s  2000.00 iters/s

running (26m00.8s), 0012/0314 VUs, 3120635 complete and 0 interrupted iterations
cap_mixed   [  87% ] 0012/0314 VUs  26m00.8s/30m0s  2000.00 iters/s

running (26m01.8s), 0012/0314 VUs, 3122635 complete and 0 interrupted iterations
cap_mixed   [  87% ] 0012/0314 VUs  26m01.8s/30m0s  2000.00 iters/s

running (26m02.8s), 0012/0314 VUs, 3124635 complete and 0 interrupted iterations
cap_mixed   [  87% ] 0012/0314 VUs  26m02.8s/30m0s  2000.00 iters/s

running (26m03.8s), 0020/0314 VUs, 3126627 complete and 0 interrupted iterations
cap_mixed   [  87% ] 0020/0314 VUs  26m03.8s/30m0s  2000.00 iters/s

running (26m04.8s), 0008/0314 VUs, 3128639 complete and 0 interrupted iterations
cap_mixed   [  87% ] 0008/0314 VUs  26m04.8s/30m0s  2000.00 iters/s

running (26m05.8s), 0019/0314 VUs, 3130628 complete and 0 interrupted iterations
cap_mixed   [  87% ] 0019/0314 VUs  26m05.8s/30m0s  2000.00 iters/s

running (26m06.8s), 0010/0314 VUs, 3132637 complete and 0 interrupted iterations
cap_mixed   [  87% ] 0010/0314 VUs  26m06.8s/30m0s  2000.00 iters/s

running (26m07.8s), 0303/0331 VUs, 3134073 complete and 0 interrupted iterations
cap_mixed   [  87% ] 0303/0331 VUs  26m07.8s/30m0s  2000.00 iters/s

running (26m08.8s), 0022/0331 VUs, 3136354 complete and 0 interrupted iterations
cap_mixed   [  87% ] 0022/0331 VUs  26m08.8s/30m0s  2000.00 iters/s

running (26m09.8s), 0011/0331 VUs, 3138365 complete and 0 interrupted iterations
cap_mixed   [  87% ] 0011/0331 VUs  26m09.8s/30m0s  2000.00 iters/s

running (26m10.8s), 0013/0331 VUs, 3140363 complete and 0 interrupted iterations
cap_mixed   [  87% ] 0013/0331 VUs  26m10.8s/30m0s  2000.00 iters/s

running (26m11.8s), 0017/0331 VUs, 3142359 complete and 0 interrupted iterations
cap_mixed   [  87% ] 0017/0331 VUs  26m11.8s/30m0s  2000.00 iters/s

running (26m12.8s), 0013/0331 VUs, 3144363 complete and 0 interrupted iterations
cap_mixed   [  87% ] 0013/0331 VUs  26m12.8s/30m0s  2000.00 iters/s

running (26m13.8s), 0013/0331 VUs, 3146363 complete and 0 interrupted iterations
cap_mixed   [  87% ] 0013/0331 VUs  26m13.8s/30m0s  2000.00 iters/s

running (26m14.8s), 0013/0331 VUs, 3148362 complete and 0 interrupted iterations
cap_mixed   [  87% ] 0013/0331 VUs  26m14.8s/30m0s  2000.00 iters/s

running (26m15.8s), 0009/0331 VUs, 3150368 complete and 0 interrupted iterations
cap_mixed   [  88% ] 0009/0331 VUs  26m15.8s/30m0s  2000.00 iters/s

running (26m16.8s), 0016/0331 VUs, 3152360 complete and 0 interrupted iterations
cap_mixed   [  88% ] 0016/0331 VUs  26m16.8s/30m0s  2000.00 iters/s

running (26m17.8s), 0015/0331 VUs, 3154361 complete and 0 interrupted iterations
cap_mixed   [  88% ] 0015/0331 VUs  26m17.8s/30m0s  2000.00 iters/s

running (26m18.8s), 0044/0331 VUs, 3156332 complete and 0 interrupted iterations
cap_mixed   [  88% ] 0044/0331 VUs  26m18.8s/30m0s  2000.00 iters/s

running (26m19.8s), 0012/0331 VUs, 3158364 complete and 0 interrupted iterations
cap_mixed   [  88% ] 0012/0331 VUs  26m19.8s/30m0s  2000.00 iters/s

running (26m20.8s), 0017/0331 VUs, 3160359 complete and 0 interrupted iterations
cap_mixed   [  88% ] 0017/0331 VUs  26m20.8s/30m0s  2000.00 iters/s

running (26m21.8s), 0014/0331 VUs, 3162362 complete and 0 interrupted iterations
cap_mixed   [  88% ] 0014/0331 VUs  26m21.8s/30m0s  2000.00 iters/s

running (26m22.8s), 0023/0331 VUs, 3164352 complete and 0 interrupted iterations
cap_mixed   [  88% ] 0024/0331 VUs  26m22.8s/30m0s  2000.00 iters/s

running (26m23.8s), 0013/0331 VUs, 3166363 complete and 0 interrupted iterations
cap_mixed   [  88% ] 0013/0331 VUs  26m23.8s/30m0s  2000.00 iters/s

running (26m24.8s), 0011/0331 VUs, 3168366 complete and 0 interrupted iterations
cap_mixed   [  88% ] 0011/0331 VUs  26m24.8s/30m0s  2000.00 iters/s

running (26m25.8s), 0012/0331 VUs, 3170364 complete and 0 interrupted iterations
cap_mixed   [  88% ] 0012/0331 VUs  26m25.8s/30m0s  2000.00 iters/s

running (26m26.8s), 0011/0331 VUs, 3172365 complete and 0 interrupted iterations
cap_mixed   [  88% ] 0011/0331 VUs  26m26.8s/30m0s  2000.00 iters/s

running (26m27.8s), 0011/0331 VUs, 3174365 complete and 0 interrupted iterations
cap_mixed   [  88% ] 0011/0331 VUs  26m27.8s/30m0s  2000.00 iters/s

running (26m28.8s), 0010/0331 VUs, 3176366 complete and 0 interrupted iterations
cap_mixed   [  88% ] 0010/0331 VUs  26m28.8s/30m0s  2000.00 iters/s

running (26m29.8s), 0007/0331 VUs, 3178369 complete and 0 interrupted iterations
cap_mixed   [  88% ] 0007/0331 VUs  26m29.8s/30m0s  2000.00 iters/s

running (26m30.8s), 0017/0331 VUs, 3180359 complete and 0 interrupted iterations
cap_mixed   [  88% ] 0017/0331 VUs  26m30.8s/30m0s  2000.00 iters/s

running (26m31.8s), 0013/0331 VUs, 3182363 complete and 0 interrupted iterations
cap_mixed   [  88% ] 0013/0331 VUs  26m31.8s/30m0s  2000.00 iters/s

running (26m32.8s), 0013/0331 VUs, 3184364 complete and 0 interrupted iterations
cap_mixed   [  88% ] 0013/0331 VUs  26m32.8s/30m0s  2000.00 iters/s

running (26m33.8s), 0011/0331 VUs, 3186365 complete and 0 interrupted iterations
cap_mixed   [  89% ] 0011/0331 VUs  26m33.8s/30m0s  2000.00 iters/s

running (26m34.8s), 0015/0331 VUs, 3188361 complete and 0 interrupted iterations
cap_mixed   [  89% ] 0014/0331 VUs  26m34.8s/30m0s  2000.00 iters/s

running (26m35.8s), 0021/0331 VUs, 3190355 complete and 0 interrupted iterations
cap_mixed   [  89% ] 0021/0331 VUs  26m35.8s/30m0s  2000.00 iters/s

running (26m36.8s), 0012/0331 VUs, 3192364 complete and 0 interrupted iterations
cap_mixed   [  89% ] 0012/0331 VUs  26m36.8s/30m0s  2000.00 iters/s

running (26m37.8s), 0011/0331 VUs, 3194365 complete and 0 interrupted iterations
cap_mixed   [  89% ] 0011/0331 VUs  26m37.8s/30m0s  2000.00 iters/s

running (26m38.8s), 0337/0337 VUs, 3195931 complete and 0 interrupted iterations
cap_mixed   [  89% ] 0337/0337 VUs  26m38.8s/30m0s  2000.00 iters/s

running (26m39.8s), 0014/0349 VUs, 3198003 complete and 0 interrupted iterations
cap_mixed   [  89% ] 0014/0349 VUs  26m39.8s/30m0s  2000.00 iters/s

running (26m40.8s), 0015/0349 VUs, 3200003 complete and 0 interrupted iterations
cap_mixed   [  89% ] 0015/0349 VUs  26m40.8s/30m0s  2000.00 iters/s

running (26m41.8s), 0010/0349 VUs, 3202007 complete and 0 interrupted iterations
cap_mixed   [  89% ] 0010/0349 VUs  26m41.8s/30m0s  2000.00 iters/s

running (26m42.8s), 0026/0349 VUs, 3203992 complete and 0 interrupted iterations
cap_mixed   [  89% ] 0026/0349 VUs  26m42.8s/30m0s  2000.00 iters/s

running (26m43.8s), 0008/0349 VUs, 3206009 complete and 0 interrupted iterations
cap_mixed   [  89% ] 0008/0349 VUs  26m43.8s/30m0s  2000.00 iters/s

running (26m44.8s), 0012/0349 VUs, 3208005 complete and 0 interrupted iterations
cap_mixed   [  89% ] 0012/0349 VUs  26m44.8s/30m0s  2000.00 iters/s

running (26m45.8s), 0015/0349 VUs, 3210002 complete and 0 interrupted iterations
cap_mixed   [  89% ] 0015/0349 VUs  26m45.8s/30m0s  2000.00 iters/s

running (26m46.8s), 0008/0349 VUs, 3212009 complete and 0 interrupted iterations
cap_mixed   [  89% ] 0008/0349 VUs  26m46.8s/30m0s  2000.00 iters/s

running (26m47.8s), 0012/0349 VUs, 3214004 complete and 0 interrupted iterations
cap_mixed   [  89% ] 0013/0349 VUs  26m47.8s/30m0s  2000.00 iters/s

running (26m48.8s), 0015/0349 VUs, 3216003 complete and 0 interrupted iterations
cap_mixed   [  89% ] 0015/0349 VUs  26m48.8s/30m0s  2000.00 iters/s

running (26m49.8s), 0012/0349 VUs, 3218005 complete and 0 interrupted iterations
cap_mixed   [  89% ] 0012/0349 VUs  26m49.8s/30m0s  2000.00 iters/s

running (26m50.8s), 0019/0349 VUs, 3219998 complete and 0 interrupted iterations
cap_mixed   [  89% ] 0019/0349 VUs  26m50.8s/30m0s  2000.00 iters/s

running (26m51.8s), 0034/0349 VUs, 3221983 complete and 0 interrupted iterations
cap_mixed   [  90% ] 0034/0349 VUs  26m51.8s/30m0s  2000.00 iters/s

running (26m52.8s), 0014/0349 VUs, 3224003 complete and 0 interrupted iterations
cap_mixed   [  90% ] 0014/0349 VUs  26m52.8s/30m0s  2000.00 iters/s

running (26m53.8s), 0015/0349 VUs, 3226002 complete and 0 interrupted iterations
cap_mixed   [  90% ] 0015/0349 VUs  26m53.8s/30m0s  2000.00 iters/s

running (26m54.8s), 0010/0349 VUs, 3228007 complete and 0 interrupted iterations
cap_mixed   [  90% ] 0010/0349 VUs  26m54.8s/30m0s  2000.00 iters/s

running (26m55.8s), 0012/0349 VUs, 3230005 complete and 0 interrupted iterations
cap_mixed   [  90% ] 0012/0349 VUs  26m55.8s/30m0s  2000.00 iters/s

running (26m56.8s), 0015/0349 VUs, 3232003 complete and 0 interrupted iterations
cap_mixed   [  90% ] 0015/0349 VUs  26m56.8s/30m0s  2000.00 iters/s

running (26m57.8s), 0045/0349 VUs, 3233972 complete and 0 interrupted iterations
cap_mixed   [  90% ] 0045/0349 VUs  26m57.8s/30m0s  2000.00 iters/s

running (26m58.8s), 0012/0349 VUs, 3236005 complete and 0 interrupted iterations
cap_mixed   [  90% ] 0012/0349 VUs  26m58.8s/30m0s  2000.00 iters/s

running (26m59.8s), 0011/0349 VUs, 3238006 complete and 0 interrupted iterations
cap_mixed   [  90% ] 0011/0349 VUs  26m59.8s/30m0s  2000.00 iters/s

running (27m00.8s), 0011/0349 VUs, 3240006 complete and 0 interrupted iterations
cap_mixed   [  90% ] 0011/0349 VUs  27m00.8s/30m0s  2000.00 iters/s

running (27m01.8s), 0011/0349 VUs, 3242007 complete and 0 interrupted iterations
cap_mixed   [  90% ] 0011/0349 VUs  27m01.8s/30m0s  2000.00 iters/s

running (27m02.8s), 0014/0349 VUs, 3244003 complete and 0 interrupted iterations
cap_mixed   [  90% ] 0014/0349 VUs  27m02.8s/30m0s  2000.00 iters/s

running (27m03.8s), 0014/0349 VUs, 3246004 complete and 0 interrupted iterations
cap_mixed   [  90% ] 0014/0349 VUs  27m03.8s/30m0s  2000.00 iters/s

running (27m04.8s), 0017/0349 VUs, 3248000 complete and 0 interrupted iterations
cap_mixed   [  90% ] 0017/0349 VUs  27m04.8s/30m0s  2000.00 iters/s

running (27m05.8s), 0201/0356 VUs, 3249708 complete and 0 interrupted iterations
cap_mixed   [  90% ] 0201/0356 VUs  27m05.8s/30m0s  2000.00 iters/s

running (27m06.8s), 0014/0356 VUs, 3251895 complete and 0 interrupted iterations
cap_mixed   [  90% ] 0014/0356 VUs  27m06.8s/30m0s  2000.00 iters/s

running (27m07.8s), 0021/0356 VUs, 3253888 complete and 0 interrupted iterations
cap_mixed   [  90% ] 0021/0356 VUs  27m07.8s/30m0s  2000.00 iters/s

running (27m08.8s), 0331/0356 VUs, 3255578 complete and 0 interrupted iterations
cap_mixed   [  90% ] 0331/0356 VUs  27m08.8s/30m0s  2000.00 iters/s

running (27m09.8s), 0015/0366 VUs, 3257778 complete and 0 interrupted iterations
cap_mixed   [  91% ] 0015/0366 VUs  27m09.8s/30m0s  2000.00 iters/s

running (27m10.8s), 0011/0366 VUs, 3259782 complete and 0 interrupted iterations
cap_mixed   [  91% ] 0011/0366 VUs  27m10.8s/30m0s  2000.00 iters/s

running (27m11.8s), 0017/0366 VUs, 3261776 complete and 0 interrupted iterations
cap_mixed   [  91% ] 0017/0366 VUs  27m11.8s/30m0s  2000.00 iters/s

running (27m12.8s), 0017/0366 VUs, 3263776 complete and 0 interrupted iterations
cap_mixed   [  91% ] 0017/0366 VUs  27m12.8s/30m0s  2000.00 iters/s

running (27m13.8s), 0013/0366 VUs, 3265780 complete and 0 interrupted iterations
cap_mixed   [  91% ] 0013/0366 VUs  27m13.8s/30m0s  2000.00 iters/s

running (27m14.8s), 0026/0366 VUs, 3267767 complete and 0 interrupted iterations
cap_mixed   [  91% ] 0026/0366 VUs  27m14.8s/30m0s  2000.00 iters/s

running (27m15.8s), 0312/0366 VUs, 3269481 complete and 0 interrupted iterations
cap_mixed   [  91% ] 0312/0366 VUs  27m15.8s/30m0s  2000.00 iters/s

running (27m16.8s), 0449/0449 VUs, 3269909 complete and 0 interrupted iterations
cap_mixed   [  91% ] 0449/0449 VUs  27m16.8s/30m0s  2000.00 iters/s

running (27m17.8s), 0402/0504 VUs, 3271047 complete and 0 interrupted iterations
cap_mixed   [  91% ] 0402/0504 VUs  27m17.8s/30m0s  2000.00 iters/s

running (27m18.8s), 0008/0504 VUs, 3273441 complete and 0 interrupted iterations
cap_mixed   [  91% ] 0008/0504 VUs  27m18.8s/30m0s  2000.00 iters/s

running (27m19.8s), 0012/0504 VUs, 3275437 complete and 0 interrupted iterations
cap_mixed   [  91% ] 0012/0504 VUs  27m19.8s/30m0s  2000.00 iters/s

running (27m20.8s), 0014/0504 VUs, 3277435 complete and 0 interrupted iterations
cap_mixed   [  91% ] 0014/0504 VUs  27m20.8s/30m0s  2000.00 iters/s

running (27m21.8s), 0011/0504 VUs, 3279438 complete and 0 interrupted iterations
cap_mixed   [  91% ] 0011/0504 VUs  27m21.8s/30m0s  2000.00 iters/s

running (27m22.8s), 0009/0504 VUs, 3281440 complete and 0 interrupted iterations
cap_mixed   [  91% ] 0009/0504 VUs  27m22.8s/30m0s  2000.00 iters/s

running (27m23.8s), 0014/0504 VUs, 3283435 complete and 0 interrupted iterations
cap_mixed   [  91% ] 0014/0504 VUs  27m23.8s/30m0s  2000.00 iters/s

running (27m24.8s), 0012/0504 VUs, 3285437 complete and 0 interrupted iterations
cap_mixed   [  91% ] 0012/0504 VUs  27m24.8s/30m0s  2000.00 iters/s

running (27m25.8s), 0016/0504 VUs, 3287433 complete and 0 interrupted iterations
cap_mixed   [  91% ] 0016/0504 VUs  27m25.8s/30m0s  2000.00 iters/s

running (27m26.8s), 0015/0504 VUs, 3289434 complete and 0 interrupted iterations
cap_mixed   [  91% ] 0015/0504 VUs  27m26.8s/30m0s  2000.00 iters/s

running (27m27.8s), 0013/0504 VUs, 3291436 complete and 0 interrupted iterations
cap_mixed   [  92% ] 0013/0504 VUs  27m27.8s/30m0s  2000.00 iters/s

running (27m28.8s), 0014/0504 VUs, 3293436 complete and 0 interrupted iterations
cap_mixed   [  92% ] 0014/0504 VUs  27m28.8s/30m0s  2000.00 iters/s

running (27m29.8s), 0014/0504 VUs, 3295435 complete and 0 interrupted iterations
cap_mixed   [  92% ] 0013/0504 VUs  27m29.8s/30m0s  2000.00 iters/s

running (27m30.8s), 0009/0504 VUs, 3297440 complete and 0 interrupted iterations
cap_mixed   [  92% ] 0009/0504 VUs  27m30.8s/30m0s  2000.00 iters/s

running (27m31.8s), 0010/0504 VUs, 3299439 complete and 0 interrupted iterations
cap_mixed   [  92% ] 0010/0504 VUs  27m31.8s/30m0s  2000.00 iters/s

running (27m32.8s), 0018/0504 VUs, 3301432 complete and 0 interrupted iterations
cap_mixed   [  92% ] 0018/0504 VUs  27m32.8s/30m0s  2000.00 iters/s

running (27m33.8s), 0013/0504 VUs, 3303436 complete and 0 interrupted iterations
cap_mixed   [  92% ] 0013/0504 VUs  27m33.8s/30m0s  2000.00 iters/s

running (27m34.8s), 0020/0504 VUs, 3305429 complete and 0 interrupted iterations
cap_mixed   [  92% ] 0020/0504 VUs  27m34.8s/30m0s  2000.00 iters/s

running (27m35.8s), 0012/0504 VUs, 3307437 complete and 0 interrupted iterations
cap_mixed   [  92% ] 0012/0504 VUs  27m35.8s/30m0s  2000.00 iters/s

running (27m36.8s), 0012/0504 VUs, 3309437 complete and 0 interrupted iterations
cap_mixed   [  92% ] 0012/0504 VUs  27m36.8s/30m0s  2000.00 iters/s

running (27m37.8s), 0016/0504 VUs, 3311434 complete and 0 interrupted iterations
cap_mixed   [  92% ] 0016/0504 VUs  27m37.8s/30m0s  2000.00 iters/s

running (27m38.8s), 0013/0504 VUs, 3313436 complete and 0 interrupted iterations
cap_mixed   [  92% ] 0013/0504 VUs  27m38.8s/30m0s  2000.00 iters/s

running (27m39.8s), 0011/0504 VUs, 3315439 complete and 0 interrupted iterations
cap_mixed   [  92% ] 0011/0504 VUs  27m39.8s/30m0s  2000.00 iters/s

running (27m40.8s), 0013/0504 VUs, 3317436 complete and 0 interrupted iterations
cap_mixed   [  92% ] 0013/0504 VUs  27m40.8s/30m0s  2000.00 iters/s

running (27m41.8s), 0014/0504 VUs, 3319435 complete and 0 interrupted iterations
cap_mixed   [  92% ] 0014/0504 VUs  27m41.8s/30m0s  2000.00 iters/s

running (27m42.8s), 0021/0504 VUs, 3321429 complete and 0 interrupted iterations
cap_mixed   [  92% ] 0021/0504 VUs  27m42.8s/30m0s  2000.00 iters/s

running (27m43.8s), 0015/0504 VUs, 3323434 complete and 0 interrupted iterations
cap_mixed   [  92% ] 0015/0504 VUs  27m43.8s/30m0s  2000.00 iters/s

running (27m44.8s), 0011/0504 VUs, 3325438 complete and 0 interrupted iterations
cap_mixed   [  92% ] 0011/0504 VUs  27m44.8s/30m0s  2000.00 iters/s

running (27m45.8s), 0012/0504 VUs, 3327437 complete and 0 interrupted iterations
cap_mixed   [  93% ] 0012/0504 VUs  27m45.8s/30m0s  2000.00 iters/s

running (27m46.8s), 0010/0504 VUs, 3329439 complete and 0 interrupted iterations
cap_mixed   [  93% ] 0010/0504 VUs  27m46.8s/30m0s  2000.00 iters/s

running (27m47.8s), 0016/0504 VUs, 3331433 complete and 0 interrupted iterations
cap_mixed   [  93% ] 0016/0504 VUs  27m47.8s/30m0s  2000.00 iters/s

running (27m48.8s), 0500/0517 VUs, 3332655 complete and 0 interrupted iterations
cap_mixed   [  93% ] 0500/0517 VUs  27m48.8s/30m0s  2000.00 iters/s

running (27m49.8s), 0013/0520 VUs, 3335095 complete and 0 interrupted iterations
cap_mixed   [  93% ] 0013/0520 VUs  27m49.8s/30m0s  2000.00 iters/s

running (27m50.8s), 0019/0520 VUs, 3337088 complete and 0 interrupted iterations
cap_mixed   [  93% ] 0019/0520 VUs  27m50.8s/30m0s  2000.00 iters/s

running (27m51.8s), 0010/0520 VUs, 3339097 complete and 0 interrupted iterations
cap_mixed   [  93% ] 0010/0520 VUs  27m51.8s/30m0s  2000.00 iters/s

running (27m52.8s), 0011/0520 VUs, 3341096 complete and 0 interrupted iterations
cap_mixed   [  93% ] 0011/0520 VUs  27m52.8s/30m0s  2000.00 iters/s

running (27m53.8s), 0013/0520 VUs, 3343094 complete and 0 interrupted iterations
cap_mixed   [  93% ] 0013/0520 VUs  27m53.8s/30m0s  2000.00 iters/s

running (27m54.8s), 0495/0533 VUs, 3344387 complete and 0 interrupted iterations
cap_mixed   [  93% ] 0495/0533 VUs  27m54.8s/30m0s  2000.00 iters/s

running (27m55.8s), 0594/0594 VUs, 3345502 complete and 0 interrupted iterations
cap_mixed   [  93% ] 0594/0594 VUs  27m55.8s/30m0s  2000.00 iters/s

running (27m56.8s), 0088/0616 VUs, 3347803 complete and 0 interrupted iterations
cap_mixed   [  93% ] 0088/0616 VUs  27m56.8s/30m0s  2000.00 iters/s

running (27m57.8s), 0017/0616 VUs, 3349874 complete and 0 interrupted iterations
cap_mixed   [  93% ] 0017/0616 VUs  27m57.8s/30m0s  2000.00 iters/s

running (27m58.8s), 0006/0616 VUs, 3351885 complete and 0 interrupted iterations
cap_mixed   [  93% ] 0006/0616 VUs  27m58.8s/30m0s  2000.00 iters/s

running (27m59.8s), 0013/0616 VUs, 3353878 complete and 0 interrupted iterations
cap_mixed   [  93% ] 0013/0616 VUs  27m59.8s/30m0s  2000.00 iters/s

running (28m00.8s), 0010/0616 VUs, 3355881 complete and 0 interrupted iterations
cap_mixed   [  93% ] 0010/0616 VUs  28m00.8s/30m0s  2000.00 iters/s

running (28m01.8s), 0088/0616 VUs, 3357803 complete and 0 interrupted iterations
cap_mixed   [  93% ] 0088/0616 VUs  28m01.8s/30m0s  2000.00 iters/s

running (28m02.8s), 0521/0616 VUs, 3359370 complete and 0 interrupted iterations
cap_mixed   [  93% ] 0521/0616 VUs  28m02.8s/30m0s  2000.00 iters/s

running (28m03.8s), 0025/0616 VUs, 3361865 complete and 0 interrupted iterations
cap_mixed   [  94% ] 0026/0616 VUs  28m03.8s/30m0s  2000.00 iters/s

running (28m04.8s), 0006/0616 VUs, 3363885 complete and 0 interrupted iterations
cap_mixed   [  94% ] 0006/0616 VUs  28m04.8s/30m0s  2000.00 iters/s

running (28m05.8s), 0011/0616 VUs, 3365880 complete and 0 interrupted iterations
cap_mixed   [  94% ] 0011/0616 VUs  28m05.8s/30m0s  2000.00 iters/s

running (28m06.8s), 0013/0616 VUs, 3367878 complete and 0 interrupted iterations
cap_mixed   [  94% ] 0013/0616 VUs  28m06.8s/30m0s  2000.00 iters/s

running (28m07.8s), 0019/0616 VUs, 3369872 complete and 0 interrupted iterations
cap_mixed   [  94% ] 0019/0616 VUs  28m07.8s/30m0s  2000.00 iters/s

running (28m08.8s), 0243/0616 VUs, 3371648 complete and 0 interrupted iterations
cap_mixed   [  94% ] 0243/0616 VUs  28m08.8s/30m0s  2000.00 iters/s

running (28m09.8s), 0014/0616 VUs, 3373877 complete and 0 interrupted iterations
cap_mixed   [  94% ] 0014/0616 VUs  28m09.8s/30m0s  2000.00 iters/s

running (28m10.8s), 0012/0616 VUs, 3375879 complete and 0 interrupted iterations
cap_mixed   [  94% ] 0012/0616 VUs  28m10.8s/30m0s  2000.00 iters/s

running (28m11.8s), 0009/0616 VUs, 3377882 complete and 0 interrupted iterations
cap_mixed   [  94% ] 0009/0616 VUs  28m11.8s/30m0s  2000.00 iters/s

running (28m12.8s), 0016/0616 VUs, 3379875 complete and 0 interrupted iterations
cap_mixed   [  94% ] 0016/0616 VUs  28m12.8s/30m0s  2000.00 iters/s

running (28m13.8s), 0019/0616 VUs, 3381872 complete and 0 interrupted iterations
cap_mixed   [  94% ] 0019/0616 VUs  28m13.8s/30m0s  2000.00 iters/s

running (28m14.8s), 0201/0616 VUs, 3383690 complete and 0 interrupted iterations
cap_mixed   [  94% ] 0201/0616 VUs  28m14.8s/30m0s  2000.00 iters/s

running (28m15.8s), 0014/0616 VUs, 3385877 complete and 0 interrupted iterations
cap_mixed   [  94% ] 0014/0616 VUs  28m15.8s/30m0s  2000.00 iters/s

running (28m16.8s), 0013/0616 VUs, 3387878 complete and 0 interrupted iterations
cap_mixed   [  94% ] 0013/0616 VUs  28m16.8s/30m0s  2000.00 iters/s

running (28m17.8s), 0013/0616 VUs, 3389878 complete and 0 interrupted iterations
cap_mixed   [  94% ] 0013/0616 VUs  28m17.8s/30m0s  2000.00 iters/s

running (28m18.8s), 0012/0616 VUs, 3391879 complete and 0 interrupted iterations
cap_mixed   [  94% ] 0012/0616 VUs  28m18.8s/30m0s  2000.00 iters/s

running (28m19.8s), 0018/0616 VUs, 3393873 complete and 0 interrupted iterations
cap_mixed   [  94% ] 0018/0616 VUs  28m19.8s/30m0s  2000.00 iters/s

running (28m20.8s), 0011/0616 VUs, 3395880 complete and 0 interrupted iterations
cap_mixed   [  94% ] 0011/0616 VUs  28m20.8s/30m0s  2000.00 iters/s

running (28m21.8s), 0008/0616 VUs, 3397883 complete and 0 interrupted iterations
cap_mixed   [  95% ] 0008/0616 VUs  28m21.8s/30m0s  2000.00 iters/s

running (28m22.8s), 0012/0616 VUs, 3399879 complete and 0 interrupted iterations
cap_mixed   [  95% ] 0012/0616 VUs  28m22.8s/30m0s  2000.00 iters/s

running (28m23.8s), 0012/0616 VUs, 3401879 complete and 0 interrupted iterations
cap_mixed   [  95% ] 0012/0616 VUs  28m23.8s/30m0s  2000.00 iters/s

running (28m24.8s), 0017/0616 VUs, 3403874 complete and 0 interrupted iterations
cap_mixed   [  95% ] 0017/0616 VUs  28m24.8s/30m0s  2000.00 iters/s

running (28m25.8s), 0013/0616 VUs, 3405878 complete and 0 interrupted iterations
cap_mixed   [  95% ] 0013/0616 VUs  28m25.8s/30m0s  2000.00 iters/s

running (28m26.8s), 0155/0616 VUs, 3407736 complete and 0 interrupted iterations
cap_mixed   [  95% ] 0156/0616 VUs  28m26.8s/30m0s  2000.00 iters/s

running (28m27.8s), 0014/0616 VUs, 3409877 complete and 0 interrupted iterations
cap_mixed   [  95% ] 0014/0616 VUs  28m27.8s/30m0s  2000.00 iters/s

running (28m28.8s), 0014/0616 VUs, 3411877 complete and 0 interrupted iterations
cap_mixed   [  95% ] 0014/0616 VUs  28m28.8s/30m0s  2000.00 iters/s

running (28m29.8s), 0015/0616 VUs, 3413876 complete and 0 interrupted iterations
cap_mixed   [  95% ] 0015/0616 VUs  28m29.8s/30m0s  2000.00 iters/s

running (28m30.8s), 0008/0616 VUs, 3415883 complete and 0 interrupted iterations
cap_mixed   [  95% ] 0008/0616 VUs  28m30.8s/30m0s  2000.00 iters/s

running (28m31.8s), 0014/0616 VUs, 3417877 complete and 0 interrupted iterations
cap_mixed   [  95% ] 0014/0616 VUs  28m31.8s/30m0s  2000.00 iters/s

running (28m32.8s), 0016/0616 VUs, 3419875 complete and 0 interrupted iterations
cap_mixed   [  95% ] 0016/0616 VUs  28m32.8s/30m0s  2000.00 iters/s

running (28m33.8s), 0009/0616 VUs, 3421882 complete and 0 interrupted iterations
cap_mixed   [  95% ] 0009/0616 VUs  28m33.8s/30m0s  2000.00 iters/s

running (28m34.8s), 0017/0616 VUs, 3423874 complete and 0 interrupted iterations
cap_mixed   [  95% ] 0017/0616 VUs  28m34.8s/30m0s  2000.00 iters/s

running (28m35.8s), 0010/0616 VUs, 3425881 complete and 0 interrupted iterations
cap_mixed   [  95% ] 0010/0616 VUs  28m35.8s/30m0s  2000.00 iters/s

running (28m36.8s), 0015/0616 VUs, 3427876 complete and 0 interrupted iterations
cap_mixed   [  95% ] 0015/0616 VUs  28m36.8s/30m0s  2000.00 iters/s

running (28m37.8s), 0016/0616 VUs, 3429875 complete and 0 interrupted iterations
cap_mixed   [  95% ] 0016/0616 VUs  28m37.8s/30m0s  2000.00 iters/s

running (28m38.8s), 0093/0616 VUs, 3431798 complete and 0 interrupted iterations
cap_mixed   [  95% ] 0093/0616 VUs  28m38.8s/30m0s  2000.00 iters/s

running (28m39.8s), 0015/0616 VUs, 3433876 complete and 0 interrupted iterations
cap_mixed   [  96% ] 0015/0616 VUs  28m39.8s/30m0s  2000.00 iters/s

running (28m40.8s), 0016/0616 VUs, 3435875 complete and 0 interrupted iterations
cap_mixed   [  96% ] 0016/0616 VUs  28m40.8s/30m0s  2000.00 iters/s

running (28m41.8s), 0019/0616 VUs, 3437871 complete and 0 interrupted iterations
cap_mixed   [  96% ] 0019/0616 VUs  28m41.8s/30m0s  2000.00 iters/s

running (28m42.8s), 0015/0616 VUs, 3439876 complete and 0 interrupted iterations
cap_mixed   [  96% ] 0015/0616 VUs  28m42.8s/30m0s  2000.00 iters/s

running (28m43.8s), 0013/0616 VUs, 3441878 complete and 0 interrupted iterations
cap_mixed   [  96% ] 0013/0616 VUs  28m43.8s/30m0s  2000.00 iters/s

running (28m44.8s), 0199/0616 VUs, 3443692 complete and 0 interrupted iterations
cap_mixed   [  96% ] 0199/0616 VUs  28m44.8s/30m0s  2000.00 iters/s

running (28m45.8s), 0016/0616 VUs, 3445875 complete and 0 interrupted iterations
cap_mixed   [  96% ] 0016/0616 VUs  28m45.8s/30m0s  2000.00 iters/s

running (28m46.8s), 0017/0616 VUs, 3447874 complete and 0 interrupted iterations
cap_mixed   [  96% ] 0017/0616 VUs  28m46.8s/30m0s  2000.00 iters/s

running (28m47.8s), 0012/0616 VUs, 3449879 complete and 0 interrupted iterations
cap_mixed   [  96% ] 0012/0616 VUs  28m47.8s/30m0s  2000.00 iters/s

running (28m48.8s), 0015/0616 VUs, 3451876 complete and 0 interrupted iterations
cap_mixed   [  96% ] 0015/0616 VUs  28m48.8s/30m0s  2000.00 iters/s

running (28m49.8s), 0017/0616 VUs, 3453874 complete and 0 interrupted iterations
cap_mixed   [  96% ] 0017/0616 VUs  28m49.8s/30m0s  2000.00 iters/s

running (28m50.8s), 0017/0616 VUs, 3455874 complete and 0 interrupted iterations
cap_mixed   [  96% ] 0017/0616 VUs  28m50.8s/30m0s  2000.00 iters/s

running (28m51.8s), 0015/0616 VUs, 3457877 complete and 0 interrupted iterations
cap_mixed   [  96% ] 0015/0616 VUs  28m51.8s/30m0s  2000.00 iters/s

running (28m52.8s), 0011/0616 VUs, 3459880 complete and 0 interrupted iterations
cap_mixed   [  96% ] 0011/0616 VUs  28m52.8s/30m0s  2000.00 iters/s

running (28m53.8s), 0023/0616 VUs, 3461869 complete and 0 interrupted iterations
cap_mixed   [  96% ] 0023/0616 VUs  28m53.8s/30m0s  2000.00 iters/s

running (28m54.8s), 0009/0616 VUs, 3463882 complete and 0 interrupted iterations
cap_mixed   [  96% ] 0009/0616 VUs  28m54.8s/30m0s  2000.00 iters/s

running (28m55.8s), 0013/0616 VUs, 3465878 complete and 0 interrupted iterations
cap_mixed   [  96% ] 0013/0616 VUs  28m55.8s/30m0s  2000.00 iters/s

running (28m56.8s), 0013/0616 VUs, 3467878 complete and 0 interrupted iterations
cap_mixed   [  96% ] 0013/0616 VUs  28m56.8s/30m0s  2000.00 iters/s

running (28m57.8s), 0015/0616 VUs, 3469876 complete and 0 interrupted iterations
cap_mixed   [  97% ] 0015/0616 VUs  28m57.8s/30m0s  2000.00 iters/s

running (28m58.8s), 0014/0616 VUs, 3471877 complete and 0 interrupted iterations
cap_mixed   [  97% ] 0014/0616 VUs  28m58.8s/30m0s  2000.00 iters/s

running (28m59.8s), 0012/0616 VUs, 3473879 complete and 0 interrupted iterations
cap_mixed   [  97% ] 0012/0616 VUs  28m59.8s/30m0s  2000.00 iters/s

running (29m00.8s), 0017/0616 VUs, 3475874 complete and 0 interrupted iterations
cap_mixed   [  97% ] 0017/0616 VUs  29m00.8s/30m0s  2000.00 iters/s

running (29m01.8s), 0014/0616 VUs, 3477877 complete and 0 interrupted iterations
cap_mixed   [  97% ] 0014/0616 VUs  29m01.8s/30m0s  2000.00 iters/s

running (29m02.8s), 0012/0616 VUs, 3479879 complete and 0 interrupted iterations
cap_mixed   [  97% ] 0012/0616 VUs  29m02.8s/30m0s  2000.00 iters/s

running (29m03.8s), 0009/0616 VUs, 3481882 complete and 0 interrupted iterations
cap_mixed   [  97% ] 0009/0616 VUs  29m03.8s/30m0s  2000.00 iters/s

running (29m04.8s), 0015/0616 VUs, 3483876 complete and 0 interrupted iterations
cap_mixed   [  97% ] 0015/0616 VUs  29m04.8s/30m0s  2000.00 iters/s

running (29m05.8s), 0012/0616 VUs, 3485879 complete and 0 interrupted iterations
cap_mixed   [  97% ] 0012/0616 VUs  29m05.8s/30m0s  2000.00 iters/s

running (29m06.8s), 0017/0616 VUs, 3487874 complete and 0 interrupted iterations
cap_mixed   [  97% ] 0017/0616 VUs  29m06.8s/30m0s  2000.00 iters/s

running (29m07.8s), 0010/0616 VUs, 3489881 complete and 0 interrupted iterations
cap_mixed   [  97% ] 0010/0616 VUs  29m07.8s/30m0s  2000.00 iters/s

running (29m08.8s), 0021/0616 VUs, 3491870 complete and 0 interrupted iterations
cap_mixed   [  97% ] 0021/0616 VUs  29m08.8s/30m0s  2000.00 iters/s

running (29m09.8s), 0013/0616 VUs, 3493879 complete and 0 interrupted iterations
cap_mixed   [  97% ] 0013/0616 VUs  29m09.8s/30m0s  2000.00 iters/s

running (29m10.8s), 0010/0616 VUs, 3495882 complete and 0 interrupted iterations
cap_mixed   [  97% ] 0010/0616 VUs  29m10.8s/30m0s  2000.00 iters/s

running (29m11.8s), 0012/0616 VUs, 3497879 complete and 0 interrupted iterations
cap_mixed   [  97% ] 0012/0616 VUs  29m11.8s/30m0s  2000.00 iters/s

running (29m12.8s), 0007/0616 VUs, 3499884 complete and 0 interrupted iterations
cap_mixed   [  97% ] 0007/0616 VUs  29m12.8s/30m0s  2000.00 iters/s

running (29m13.8s), 0016/0616 VUs, 3501875 complete and 0 interrupted iterations
cap_mixed   [  97% ] 0016/0616 VUs  29m13.8s/30m0s  2000.00 iters/s

running (29m14.8s), 0025/0616 VUs, 3503866 complete and 0 interrupted iterations
cap_mixed   [  97% ] 0025/0616 VUs  29m14.8s/30m0s  2000.00 iters/s

running (29m15.8s), 0013/0616 VUs, 3505877 complete and 0 interrupted iterations
cap_mixed   [  98% ] 0013/0616 VUs  29m15.8s/30m0s  2000.00 iters/s

running (29m16.8s), 0016/0616 VUs, 3507875 complete and 0 interrupted iterations
cap_mixed   [  98% ] 0016/0616 VUs  29m16.8s/30m0s  2000.00 iters/s

running (29m17.8s), 0015/0616 VUs, 3509876 complete and 0 interrupted iterations
cap_mixed   [  98% ] 0015/0616 VUs  29m17.8s/30m0s  2000.00 iters/s

running (29m18.8s), 0015/0616 VUs, 3511876 complete and 0 interrupted iterations
cap_mixed   [  98% ] 0015/0616 VUs  29m18.8s/30m0s  2000.00 iters/s

running (29m19.8s), 0013/0616 VUs, 3513878 complete and 0 interrupted iterations
cap_mixed   [  98% ] 0013/0616 VUs  29m19.8s/30m0s  2000.00 iters/s

running (29m20.8s), 0016/0616 VUs, 3515875 complete and 0 interrupted iterations
cap_mixed   [  98% ] 0016/0616 VUs  29m20.8s/30m0s  2000.00 iters/s

running (29m21.8s), 0016/0616 VUs, 3517875 complete and 0 interrupted iterations
cap_mixed   [  98% ] 0016/0616 VUs  29m21.8s/30m0s  2000.00 iters/s

running (29m22.8s), 0012/0616 VUs, 3519880 complete and 0 interrupted iterations
cap_mixed   [  98% ] 0012/0616 VUs  29m22.8s/30m0s  2000.00 iters/s

running (29m23.8s), 0013/0616 VUs, 3521878 complete and 0 interrupted iterations
cap_mixed   [  98% ] 0013/0616 VUs  29m23.8s/30m0s  2000.00 iters/s

running (29m24.8s), 0013/0616 VUs, 3523878 complete and 0 interrupted iterations
cap_mixed   [  98% ] 0013/0616 VUs  29m24.8s/30m0s  2000.00 iters/s

running (29m25.8s), 0014/0616 VUs, 3525877 complete and 0 interrupted iterations
cap_mixed   [  98% ] 0014/0616 VUs  29m25.8s/30m0s  2000.00 iters/s

running (29m26.8s), 0019/0616 VUs, 3527873 complete and 0 interrupted iterations
cap_mixed   [  98% ] 0019/0616 VUs  29m26.8s/30m0s  2000.00 iters/s

running (29m27.8s), 0013/0616 VUs, 3529880 complete and 0 interrupted iterations
cap_mixed   [  98% ] 0013/0616 VUs  29m27.8s/30m0s  2000.00 iters/s

running (29m28.8s), 0012/0616 VUs, 3531879 complete and 0 interrupted iterations
cap_mixed   [  98% ] 0012/0616 VUs  29m28.8s/30m0s  2000.00 iters/s

running (29m29.8s), 0011/0616 VUs, 3533880 complete and 0 interrupted iterations
cap_mixed   [  98% ] 0011/0616 VUs  29m29.8s/30m0s  2000.00 iters/s

running (29m30.8s), 0010/0616 VUs, 3535881 complete and 0 interrupted iterations
cap_mixed   [  98% ] 0010/0616 VUs  29m30.8s/30m0s  2000.00 iters/s

running (29m31.8s), 0015/0616 VUs, 3537876 complete and 0 interrupted iterations
cap_mixed   [  98% ] 0015/0616 VUs  29m31.8s/30m0s  2000.00 iters/s

running (29m32.8s), 0010/0616 VUs, 3539882 complete and 0 interrupted iterations
cap_mixed   [  98% ] 0010/0616 VUs  29m32.8s/30m0s  2000.00 iters/s

running (29m33.8s), 0014/0616 VUs, 3541877 complete and 0 interrupted iterations
cap_mixed   [  99% ] 0014/0616 VUs  29m33.8s/30m0s  2000.00 iters/s

running (29m34.8s), 0013/0616 VUs, 3543879 complete and 0 interrupted iterations
cap_mixed   [  99% ] 0013/0616 VUs  29m34.8s/30m0s  2000.00 iters/s

running (29m35.8s), 0020/0616 VUs, 3545871 complete and 0 interrupted iterations
cap_mixed   [  99% ] 0020/0616 VUs  29m35.8s/30m0s  2000.00 iters/s

running (29m36.8s), 0013/0616 VUs, 3547878 complete and 0 interrupted iterations
cap_mixed   [  99% ] 0013/0616 VUs  29m36.8s/30m0s  2000.00 iters/s

running (29m37.8s), 0050/0616 VUs, 3549841 complete and 0 interrupted iterations
cap_mixed   [  99% ] 0050/0616 VUs  29m37.8s/30m0s  2000.00 iters/s

running (29m38.8s), 0018/0616 VUs, 3551874 complete and 0 interrupted iterations
cap_mixed   [  99% ] 0018/0616 VUs  29m38.8s/30m0s  2000.00 iters/s

running (29m39.8s), 0015/0616 VUs, 3553876 complete and 0 interrupted iterations
cap_mixed   [  99% ] 0015/0616 VUs  29m39.8s/30m0s  2000.00 iters/s

running (29m40.8s), 0014/0616 VUs, 3555877 complete and 0 interrupted iterations
cap_mixed   [  99% ] 0014/0616 VUs  29m40.8s/30m0s  2000.00 iters/s

running (29m41.8s), 0012/0616 VUs, 3557879 complete and 0 interrupted iterations
cap_mixed   [  99% ] 0012/0616 VUs  29m41.8s/30m0s  2000.00 iters/s

running (29m42.8s), 0016/0616 VUs, 3559875 complete and 0 interrupted iterations
cap_mixed   [  99% ] 0016/0616 VUs  29m42.8s/30m0s  2000.00 iters/s

running (29m43.8s), 0010/0616 VUs, 3561881 complete and 0 interrupted iterations
cap_mixed   [  99% ] 0010/0616 VUs  29m43.8s/30m0s  2000.00 iters/s

running (29m44.8s), 0075/0616 VUs, 3563816 complete and 0 interrupted iterations
cap_mixed   [  99% ] 0075/0616 VUs  29m44.8s/30m0s  2000.00 iters/s

running (29m45.8s), 0013/0616 VUs, 3565878 complete and 0 interrupted iterations
cap_mixed   [  99% ] 0012/0616 VUs  29m45.8s/30m0s  2000.00 iters/s

running (29m46.8s), 0014/0616 VUs, 3567876 complete and 0 interrupted iterations
cap_mixed   [  99% ] 0014/0616 VUs  29m46.8s/30m0s  2000.00 iters/s

running (29m47.8s), 0009/0616 VUs, 3569882 complete and 0 interrupted iterations
cap_mixed   [  99% ] 0009/0616 VUs  29m47.8s/30m0s  2000.00 iters/s

running (29m48.8s), 0017/0616 VUs, 3571875 complete and 0 interrupted iterations
cap_mixed   [  99% ] 0017/0616 VUs  29m48.8s/30m0s  2000.00 iters/s

running (29m49.8s), 0011/0616 VUs, 3573880 complete and 0 interrupted iterations
cap_mixed   [  99% ] 0011/0616 VUs  29m49.8s/30m0s  2000.00 iters/s

running (29m50.8s), 0015/0616 VUs, 3575876 complete and 0 interrupted iterations
cap_mixed   [  99% ] 0015/0616 VUs  29m50.8s/30m0s  2000.00 iters/s

running (29m51.8s), 0012/0616 VUs, 3577879 complete and 0 interrupted iterations
cap_mixed   [ 100% ] 0012/0616 VUs  29m51.8s/30m0s  2000.00 iters/s

running (29m52.8s), 0012/0616 VUs, 3579879 complete and 0 interrupted iterations
cap_mixed   [ 100% ] 0012/0616 VUs  29m52.8s/30m0s  2000.00 iters/s

running (29m53.8s), 0014/0616 VUs, 3581877 complete and 0 interrupted iterations
cap_mixed   [ 100% ] 0014/0616 VUs  29m53.8s/30m0s  2000.00 iters/s

running (29m54.8s), 0016/0616 VUs, 3583876 complete and 0 interrupted iterations
cap_mixed   [ 100% ] 0016/0616 VUs  29m54.8s/30m0s  2000.00 iters/s

running (29m55.8s), 0011/0616 VUs, 3585880 complete and 0 interrupted iterations
cap_mixed   [ 100% ] 0011/0616 VUs  29m55.8s/30m0s  2000.00 iters/s

running (29m56.8s), 0016/0616 VUs, 3587875 complete and 0 interrupted iterations
cap_mixed   [ 100% ] 0016/0616 VUs  29m56.8s/30m0s  2000.00 iters/s

running (29m57.8s), 0017/0616 VUs, 3589874 complete and 0 interrupted iterations
cap_mixed   [ 100% ] 0017/0616 VUs  29m57.8s/30m0s  2000.00 iters/s

running (29m58.8s), 0015/0616 VUs, 3591876 complete and 0 interrupted iterations
cap_mixed   [ 100% ] 0015/0616 VUs  29m58.8s/30m0s  2000.00 iters/s

running (29m59.8s), 0058/0616 VUs, 3593833 complete and 0 interrupted iterations
cap_mixed   [ 100% ] 0058/0616 VUs  29m59.8s/30m0s  2000.00 iters/s

running (30m00.0s), 0000/0616 VUs, 3594332 complete and 0 interrupted iterations
cap_mixed ✓ [ 100% ] 0000/0616 VUs  30m0s  2000.00 iters/s

running (30m00.0s), 0000/0616 VUs, 3594332 complete and 0 interrupted iterations
cap_mixed ✓ [ 100% ] 0000/0616 VUs  30m0s  2000.00 iters/s

running (30m00.0s), 0000/0616 VUs, 3594332 complete and 0 interrupted iterations
cap_mixed ✓ [ 100% ] 0000/0616 VUs  30m0s  2000.00 iters/s

running (30m00.0s), 0000/0616 VUs, 3594332 complete and 0 interrupted iterations
cap_mixed ✓ [ 100% ] 0000/0616 VUs  30m0s  2000.00 iters/s
PERF_USER_COUNT=256 is below the multi-user concurrency minimum; using 1024 seeded users
seeded 1024 perf users, clients, and 240800 flow vectors (scenario=cap_mixed, rate=2000/s)
capacity/cap_mixed: status=target_miss rps=2858.267 p95=11.877ms errors=0.000123 db_calls=117875417
