
         /\      Grafana   /‾‾/  
    /\  /  \     |\  __   /  /   
   /  \/    \    | |/ /  /   ‾‾\ 
  /          \   |   (  |  (‾)  |
 / __________ \  |_|\_\  \_____/ 


     execution: local
        script: /perf/k6/oauth.js
        output: json (/out/cap-fapi2-logged-in-high-security.k6points.fifo)

     scenarios: (100.00%) 1 scenario, 64 max VUs, 32m0s max duration (incl. graceful stop):
              * fapi2_logged_in_high_security: 30.00 iterations/s for 30m0s (maxVUs: 32-64, exec: fapi2_logged_in_high_security, gracefulStop: 2m0s)


running (00m00.9s), 01/32 VUs, 27 complete and 0 interrupted iterations
fapi2_logged_in_high_security   [   0% ] 01/32 VUs  00m00.9s/30m0s  30.00 iters/s

running (00m01.9s), 01/32 VUs, 57 complete and 0 interrupted iterations
fapi2_logged_in_high_security   [   0% ] 01/32 VUs  00m01.9s/30m0s  30.00 iters/s

running (00m02.9s), 01/32 VUs, 87 complete and 0 interrupted iterations
fapi2_logged_in_high_security   [   0% ] 01/32 VUs  00m02.9s/30m0s  30.00 iters/s

running (00m03.9s), 20/32 VUs, 98 complete and 0 interrupted iterations
fapi2_logged_in_high_security   [   0% ] 20/32 VUs  00m03.9s/30m0s  30.00 iters/s

running (00m04.9s), 36/36 VUs, 108 complete and 0 interrupted iterations
fapi2_logged_in_high_security   [   0% ] 36/36 VUs  00m04.9s/30m0s  30.00 iters/s

running (00m05.9s), 41/42 VUs, 126 complete and 0 interrupted iterations
fapi2_logged_in_high_security   [   0% ] 41/42 VUs  00m05.9s/30m0s  30.00 iters/s

running (00m06.9s), 35/42 VUs, 162 complete and 0 interrupted iterations
fapi2_logged_in_high_security   [   0% ] 35/42 VUs  00m06.9s/30m0s  30.00 iters/s

running (00m07.9s), 24/42 VUs, 203 complete and 0 interrupted iterations
fapi2_logged_in_high_security   [   0% ] 24/42 VUs  00m07.9s/30m0s  30.00 iters/s

running (00m08.9s), 07/42 VUs, 250 complete and 0 interrupted iterations
fapi2_logged_in_high_security   [   0% ] 07/42 VUs  00m08.9s/30m0s  30.00 iters/s

running (00m09.9s), 01/42 VUs, 286 complete and 0 interrupted iterations
fapi2_logged_in_high_security   [   1% ] 01/42 VUs  00m09.9s/30m0s  30.00 iters/s

running (00m10.9s), 01/42 VUs, 316 complete and 0 interrupted iterations
fapi2_logged_in_high_security   [   1% ] 01/42 VUs  00m10.9s/30m0s  30.00 iters/s

running (00m11.9s), 01/42 VUs, 346 complete and 0 interrupted iterations
fapi2_logged_in_high_security   [   1% ] 01/42 VUs  00m11.9s/30m0s  30.00 iters/s

running (00m12.9s), 02/42 VUs, 375 complete and 0 interrupted iterations
fapi2_logged_in_high_security   [   1% ] 02/42 VUs  00m12.9s/30m0s  30.00 iters/s

running (00m13.9s), 01/42 VUs, 406 complete and 0 interrupted iterations
fapi2_logged_in_high_security   [   1% ] 01/42 VUs  00m13.9s/30m0s  30.00 iters/s

running (00m14.9s), 01/42 VUs, 436 complete and 0 interrupted iterations
fapi2_logged_in_high_security   [   1% ] 01/42 VUs  00m14.9s/30m0s  30.00 iters/s

running (00m15.9s), 02/42 VUs, 465 complete and 0 interrupted iterations
fapi2_logged_in_high_security   [   1% ] 02/42 VUs  00m15.9s/30m0s  30.00 iters/s

running (00m16.9s), 01/42 VUs, 496 complete and 0 interrupted iterations
fapi2_logged_in_high_security   [   1% ] 01/42 VUs  00m16.9s/30m0s  30.00 iters/s

running (00m17.9s), 01/42 VUs, 526 complete and 0 interrupted iterations
fapi2_logged_in_high_security   [   1% ] 01/42 VUs  00m17.9s/30m0s  30.00 iters/s

running (00m18.9s), 02/42 VUs, 555 complete and 0 interrupted iterations
fapi2_logged_in_high_security   [   1% ] 02/42 VUs  00m18.9s/30m0s  30.00 iters/s

running (00m19.9s), 01/42 VUs, 586 complete and 0 interrupted iterations
fapi2_logged_in_high_security   [   1% ] 01/42 VUs  00m19.9s/30m0s  30.00 iters/s

running (00m20.9s), 02/42 VUs, 615 complete and 0 interrupted iterations
fapi2_logged_in_high_security   [   1% ] 02/42 VUs  00m20.9s/30m0s  30.00 iters/s

running (00m21.9s), 01/42 VUs, 646 complete and 0 interrupted iterations
fapi2_logged_in_high_security   [   1% ] 01/42 VUs  00m21.9s/30m0s  30.00 iters/s

running (00m22.9s), 02/42 VUs, 675 complete and 0 interrupted iterations
fapi2_logged_in_high_security   [   1% ] 02/42 VUs  00m22.9s/30m0s  30.00 iters/s

running (00m23.9s), 01/42 VUs, 706 complete and 0 interrupted iterations
fapi2_logged_in_high_security   [   1% ] 01/42 VUs  00m23.9s/30m0s  30.00 iters/s

running (00m24.9s), 01/42 VUs, 736 complete and 0 interrupted iterations
fapi2_logged_in_high_security   [   1% ] 01/42 VUs  00m24.9s/30m0s  30.00 iters/s

running (00m25.9s), 02/42 VUs, 765 complete and 0 interrupted iterations
fapi2_logged_in_high_security   [   1% ] 02/42 VUs  00m25.9s/30m0s  30.00 iters/s

running (00m26.9s), 01/42 VUs, 796 complete and 0 interrupted iterations
fapi2_logged_in_high_security   [   1% ] 01/42 VUs  00m26.9s/30m0s  30.00 iters/s

running (00m27.9s), 02/42 VUs, 825 complete and 0 interrupted iterations
fapi2_logged_in_high_security   [   2% ] 02/42 VUs  00m27.9s/30m0s  30.00 iters/s

running (00m28.9s), 02/42 VUs, 855 complete and 0 interrupted iterations
fapi2_logged_in_high_security   [   2% ] 02/42 VUs  00m28.9s/30m0s  30.00 iters/s

running (00m29.9s), 01/42 VUs, 886 complete and 0 interrupted iterations
fapi2_logged_in_high_security   [   2% ] 01/42 VUs  00m29.9s/30m0s  30.00 iters/s

running (00m30.9s), 01/42 VUs, 916 complete and 0 interrupted iterations
fapi2_logged_in_high_security   [   2% ] 01/42 VUs  00m30.9s/30m0s  30.00 iters/s

running (00m31.9s), 11/42 VUs, 936 complete and 0 interrupted iterations
fapi2_logged_in_high_security   [   2% ] 11/42 VUs  00m31.9s/30m0s  30.00 iters/s

running (00m32.9s), 08/42 VUs, 969 complete and 0 interrupted iterations
fapi2_logged_in_high_security   [   2% ] 08/42 VUs  00m32.9s/30m0s  30.00 iters/s

running (00m33.9s), 02/42 VUs, 1005 complete and 0 interrupted iterations
fapi2_logged_in_high_security   [   2% ] 02/42 VUs  00m33.9s/30m0s  30.00 iters/s

running (00m34.9s), 01/42 VUs, 1036 complete and 0 interrupted iterations
fapi2_logged_in_high_security   [   2% ] 01/42 VUs  00m34.9s/30m0s  30.00 iters/s

running (00m35.9s), 02/42 VUs, 1065 complete and 0 interrupted iterations
fapi2_logged_in_high_security   [   2% ] 02/42 VUs  00m35.9s/30m0s  30.00 iters/s

running (00m36.9s), 01/42 VUs, 1096 complete and 0 interrupted iterations
fapi2_logged_in_high_security   [   2% ] 01/42 VUs  00m36.9s/30m0s  30.00 iters/s

running (00m37.9s), 02/42 VUs, 1125 complete and 0 interrupted iterations
fapi2_logged_in_high_security   [   2% ] 02/42 VUs  00m37.9s/30m0s  30.00 iters/s

running (00m38.9s), 01/42 VUs, 1156 complete and 0 interrupted iterations
fapi2_logged_in_high_security   [   2% ] 01/42 VUs  00m38.9s/30m0s  30.00 iters/s

running (00m39.9s), 02/42 VUs, 1185 complete and 0 interrupted iterations
fapi2_logged_in_high_security   [   2% ] 02/42 VUs  00m39.9s/30m0s  30.00 iters/s

running (00m40.9s), 03/42 VUs, 1214 complete and 0 interrupted iterations
fapi2_logged_in_high_security   [   2% ] 03/42 VUs  00m40.9s/30m0s  30.00 iters/s

running (00m41.9s), 02/42 VUs, 1245 complete and 0 interrupted iterations
fapi2_logged_in_high_security   [   2% ] 02/42 VUs  00m41.9s/30m0s  30.00 iters/s

running (00m42.9s), 04/42 VUs, 1273 complete and 0 interrupted iterations
fapi2_logged_in_high_security   [   2% ] 04/42 VUs  00m42.9s/30m0s  30.00 iters/s

running (00m43.9s), 05/42 VUs, 1302 complete and 0 interrupted iterations
fapi2_logged_in_high_security   [   2% ] 05/42 VUs  00m43.9s/30m0s  30.00 iters/s

running (00m44.9s), 04/42 VUs, 1333 complete and 0 interrupted iterations
fapi2_logged_in_high_security   [   2% ] 04/42 VUs  00m44.9s/30m0s  30.00 iters/s

running (00m45.9s), 11/42 VUs, 1356 complete and 0 interrupted iterations
fapi2_logged_in_high_security   [   3% ] 11/42 VUs  00m45.9s/30m0s  30.00 iters/s

running (00m46.9s), 15/42 VUs, 1382 complete and 0 interrupted iterations
fapi2_logged_in_high_security   [   3% ] 15/42 VUs  00m46.9s/30m0s  30.00 iters/s

running (00m47.9s), 15/42 VUs, 1412 complete and 0 interrupted iterations
fapi2_logged_in_high_security   [   3% ] 15/42 VUs  00m47.9s/30m0s  30.00 iters/s

running (00m48.9s), 17/42 VUs, 1440 complete and 0 interrupted iterations
fapi2_logged_in_high_security   [   3% ] 17/42 VUs  00m48.9s/30m0s  30.00 iters/s

running (00m49.9s), 18/42 VUs, 1469 complete and 0 interrupted iterations
fapi2_logged_in_high_security   [   3% ] 18/42 VUs  00m49.9s/30m0s  30.00 iters/s

running (00m50.9s), 21/42 VUs, 1496 complete and 0 interrupted iterations
fapi2_logged_in_high_security   [   3% ] 21/42 VUs  00m50.9s/30m0s  30.00 iters/s

running (00m51.9s), 24/42 VUs, 1523 complete and 0 interrupted iterations
fapi2_logged_in_high_security   [   3% ] 24/42 VUs  00m51.9s/30m0s  30.00 iters/s

running (00m52.9s), 26/42 VUs, 1551 complete and 0 interrupted iterations
fapi2_logged_in_high_security   [   3% ] 26/42 VUs  00m52.9s/30m0s  30.00 iters/s

running (00m53.9s), 27/42 VUs, 1580 complete and 0 interrupted iterations
fapi2_logged_in_high_security   [   3% ] 27/42 VUs  00m53.9s/30m0s  30.00 iters/s

running (00m54.9s), 28/42 VUs, 1609 complete and 0 interrupted iterations
fapi2_logged_in_high_security   [   3% ] 28/42 VUs  00m54.9s/30m0s  30.00 iters/s

running (00m55.9s), 28/42 VUs, 1639 complete and 0 interrupted iterations
fapi2_logged_in_high_security   [   3% ] 28/42 VUs  00m55.9s/30m0s  30.00 iters/s

running (00m56.9s), 28/42 VUs, 1669 complete and 0 interrupted iterations
fapi2_logged_in_high_security   [   3% ] 28/42 VUs  00m56.9s/30m0s  30.00 iters/s

running (00m57.9s), 23/42 VUs, 1704 complete and 0 interrupted iterations
fapi2_logged_in_high_security   [   3% ] 23/42 VUs  00m57.9s/30m0s  30.00 iters/s

running (00m58.9s), 13/42 VUs, 1744 complete and 0 interrupted iterations
fapi2_logged_in_high_security   [   3% ] 13/42 VUs  00m58.9s/30m0s  30.00 iters/s

running (00m59.9s), 01/42 VUs, 1786 complete and 0 interrupted iterations
fapi2_logged_in_high_security   [   3% ] 01/42 VUs  00m59.9s/30m0s  30.00 iters/s

running (01m00.9s), 11/42 VUs, 1806 complete and 0 interrupted iterations
fapi2_logged_in_high_security   [   3% ] 11/42 VUs  01m00.9s/30m0s  30.00 iters/s

running (01m01.9s), 04/42 VUs, 1843 complete and 0 interrupted iterations
fapi2_logged_in_high_security   [   3% ] 04/42 VUs  01m01.9s/30m0s  30.00 iters/s

running (01m02.9s), 01/42 VUs, 1876 complete and 0 interrupted iterations
fapi2_logged_in_high_security   [   3% ] 01/42 VUs  01m02.9s/30m0s  30.00 iters/s

running (01m03.9s), 01/42 VUs, 1906 complete and 0 interrupted iterations
fapi2_logged_in_high_security   [   4% ] 01/42 VUs  01m03.9s/30m0s  30.00 iters/s

running (01m04.9s), 01/42 VUs, 1936 complete and 0 interrupted iterations
fapi2_logged_in_high_security   [   4% ] 01/42 VUs  01m04.9s/30m0s  30.00 iters/s

running (01m05.9s), 01/42 VUs, 1966 complete and 0 interrupted iterations
fapi2_logged_in_high_security   [   4% ] 01/42 VUs  01m05.9s/30m0s  30.00 iters/s

running (01m06.9s), 02/42 VUs, 1995 complete and 0 interrupted iterations
fapi2_logged_in_high_security   [   4% ] 02/42 VUs  01m06.9s/30m0s  30.00 iters/s

running (01m07.9s), 01/42 VUs, 2026 complete and 0 interrupted iterations
fapi2_logged_in_high_security   [   4% ] 01/42 VUs  01m07.9s/30m0s  30.00 iters/s

running (01m08.9s), 01/42 VUs, 2056 complete and 0 interrupted iterations
fapi2_logged_in_high_security   [   4% ] 01/42 VUs  01m08.9s/30m0s  30.00 iters/s

running (01m09.9s), 01/42 VUs, 2086 complete and 0 interrupted iterations
fapi2_logged_in_high_security   [   4% ] 01/42 VUs  01m09.9s/30m0s  30.00 iters/s

running (01m10.9s), 01/42 VUs, 2116 complete and 0 interrupted iterations
fapi2_logged_in_high_security   [   4% ] 01/42 VUs  01m10.9s/30m0s  30.00 iters/s

running (01m11.9s), 01/42 VUs, 2146 complete and 0 interrupted iterations
fapi2_logged_in_high_security   [   4% ] 01/42 VUs  01m11.9s/30m0s  30.00 iters/s

running (01m12.9s), 01/42 VUs, 2176 complete and 0 interrupted iterations
fapi2_logged_in_high_security   [   4% ] 01/42 VUs  01m12.9s/30m0s  30.00 iters/s

running (01m13.9s), 02/42 VUs, 2205 complete and 0 interrupted iterations
fapi2_logged_in_high_security   [   4% ] 02/42 VUs  01m13.9s/30m0s  30.00 iters/s

running (01m14.9s), 01/42 VUs, 2236 complete and 0 interrupted iterations
fapi2_logged_in_high_security   [   4% ] 01/42 VUs  01m14.9s/30m0s  30.00 iters/s

running (01m15.9s), 04/42 VUs, 2263 complete and 0 interrupted iterations
fapi2_logged_in_high_security   [   4% ] 04/42 VUs  01m15.9s/30m0s  30.00 iters/s

running (01m16.9s), 01/42 VUs, 2296 complete and 0 interrupted iterations
fapi2_logged_in_high_security   [   4% ] 01/42 VUs  01m16.9s/30m0s  30.00 iters/s

running (01m17.9s), 01/42 VUs, 2326 complete and 0 interrupted iterations
fapi2_logged_in_high_security   [   4% ] 01/42 VUs  01m17.9s/30m0s  30.00 iters/s

running (01m18.9s), 03/42 VUs, 2354 complete and 0 interrupted iterations
fapi2_logged_in_high_security   [   4% ] 03/42 VUs  01m18.9s/30m0s  30.00 iters/s

running (01m19.9s), 02/42 VUs, 2385 complete and 0 interrupted iterations
fapi2_logged_in_high_security   [   4% ] 02/42 VUs  01m19.9s/30m0s  30.00 iters/s

running (01m20.9s), 02/42 VUs, 2415 complete and 0 interrupted iterations
fapi2_logged_in_high_security   [   4% ] 02/42 VUs  01m20.9s/30m0s  30.00 iters/s

running (01m21.9s), 01/42 VUs, 2446 complete and 0 interrupted iterations
fapi2_logged_in_high_security   [   5% ] 01/42 VUs  01m21.9s/30m0s  30.00 iters/s

running (01m22.9s), 03/42 VUs, 2474 complete and 0 interrupted iterations
fapi2_logged_in_high_security   [   5% ] 03/42 VUs  01m22.9s/30m0s  30.00 iters/s

running (01m23.9s), 01/42 VUs, 2506 complete and 0 interrupted iterations
fapi2_logged_in_high_security   [   5% ] 01/42 VUs  01m23.9s/30m0s  30.00 iters/s

running (01m24.9s), 01/42 VUs, 2536 complete and 0 interrupted iterations
fapi2_logged_in_high_security   [   5% ] 01/42 VUs  01m24.9s/30m0s  30.00 iters/s

running (01m25.9s), 02/42 VUs, 2565 complete and 0 interrupted iterations
fapi2_logged_in_high_security   [   5% ] 02/42 VUs  01m25.9s/30m0s  30.00 iters/s

running (01m26.9s), 02/42 VUs, 2595 complete and 0 interrupted iterations
fapi2_logged_in_high_security   [   5% ] 02/42 VUs  01m26.9s/30m0s  30.00 iters/s

running (01m27.9s), 01/42 VUs, 2626 complete and 0 interrupted iterations
fapi2_logged_in_high_security   [   5% ] 01/42 VUs  01m27.9s/30m0s  30.00 iters/s

running (01m28.9s), 01/42 VUs, 2656 complete and 0 interrupted iterations
fapi2_logged_in_high_security   [   5% ] 01/42 VUs  01m28.9s/30m0s  30.00 iters/s

running (01m29.9s), 01/42 VUs, 2686 complete and 0 interrupted iterations
fapi2_logged_in_high_security   [   5% ] 01/42 VUs  01m29.9s/30m0s  30.00 iters/s

running (01m30.9s), 01/42 VUs, 2716 complete and 0 interrupted iterations
fapi2_logged_in_high_security   [   5% ] 01/42 VUs  01m30.9s/30m0s  30.00 iters/s

running (01m31.9s), 01/42 VUs, 2746 complete and 0 interrupted iterations
fapi2_logged_in_high_security   [   5% ] 01/42 VUs  01m31.9s/30m0s  30.00 iters/s

running (01m32.9s), 02/42 VUs, 2775 complete and 0 interrupted iterations
fapi2_logged_in_high_security   [   5% ] 02/42 VUs  01m32.9s/30m0s  30.00 iters/s

running (01m33.9s), 01/42 VUs, 2806 complete and 0 interrupted iterations
fapi2_logged_in_high_security   [   5% ] 01/42 VUs  01m33.9s/30m0s  30.00 iters/s

running (01m34.9s), 02/42 VUs, 2835 complete and 0 interrupted iterations
fapi2_logged_in_high_security   [   5% ] 02/42 VUs  01m34.9s/30m0s  30.00 iters/s

running (01m35.9s), 10/42 VUs, 2857 complete and 0 interrupted iterations
fapi2_logged_in_high_security   [   5% ] 10/42 VUs  01m35.9s/30m0s  30.00 iters/s

running (01m36.9s), 03/42 VUs, 2894 complete and 0 interrupted iterations
fapi2_logged_in_high_security   [   5% ] 03/42 VUs  01m36.9s/30m0s  30.00 iters/s

running (01m37.9s), 02/42 VUs, 2925 complete and 0 interrupted iterations
fapi2_logged_in_high_security   [   5% ] 02/42 VUs  01m37.9s/30m0s  30.00 iters/s

running (01m38.9s), 01/42 VUs, 2956 complete and 0 interrupted iterations
fapi2_logged_in_high_security   [   5% ] 01/42 VUs  01m38.9s/30m0s  30.00 iters/s

running (01m39.9s), 03/42 VUs, 2984 complete and 0 interrupted iterations
fapi2_logged_in_high_security   [   6% ] 03/42 VUs  01m39.9s/30m0s  30.00 iters/s

running (01m40.9s), 01/42 VUs, 3016 complete and 0 interrupted iterations
fapi2_logged_in_high_security   [   6% ] 01/42 VUs  01m40.9s/30m0s  30.00 iters/s

running (01m41.9s), 01/42 VUs, 3046 complete and 0 interrupted iterations
fapi2_logged_in_high_security   [   6% ] 01/42 VUs  01m41.9s/30m0s  30.00 iters/s

running (01m42.9s), 01/42 VUs, 3076 complete and 0 interrupted iterations
fapi2_logged_in_high_security   [   6% ] 01/42 VUs  01m42.9s/30m0s  30.00 iters/s

running (01m43.9s), 04/42 VUs, 3103 complete and 0 interrupted iterations
fapi2_logged_in_high_security   [   6% ] 04/42 VUs  01m43.9s/30m0s  30.00 iters/s

running (01m44.9s), 01/42 VUs, 3136 complete and 0 interrupted iterations
fapi2_logged_in_high_security   [   6% ] 01/42 VUs  01m44.9s/30m0s  30.00 iters/s

running (01m45.9s), 01/42 VUs, 3166 complete and 0 interrupted iterations
fapi2_logged_in_high_security   [   6% ] 01/42 VUs  01m45.9s/30m0s  30.00 iters/s

running (01m46.9s), 01/42 VUs, 3196 complete and 0 interrupted iterations
fapi2_logged_in_high_security   [   6% ] 01/42 VUs  01m46.9s/30m0s  30.00 iters/s

running (01m47.9s), 01/42 VUs, 3226 complete and 0 interrupted iterations
fapi2_logged_in_high_security   [   6% ] 01/42 VUs  01m47.9s/30m0s  30.00 iters/s

running (01m48.9s), 01/42 VUs, 3256 complete and 0 interrupted iterations
fapi2_logged_in_high_security   [   6% ] 01/42 VUs  01m48.9s/30m0s  30.00 iters/s

running (01m49.9s), 01/42 VUs, 3286 complete and 0 interrupted iterations
fapi2_logged_in_high_security   [   6% ] 01/42 VUs  01m49.9s/30m0s  30.00 iters/s

running (01m50.9s), 01/42 VUs, 3316 complete and 0 interrupted iterations
fapi2_logged_in_high_security   [   6% ] 01/42 VUs  01m50.9s/30m0s  30.00 iters/s

running (01m51.9s), 01/42 VUs, 3346 complete and 0 interrupted iterations
fapi2_logged_in_high_security   [   6% ] 01/42 VUs  01m51.9s/30m0s  30.00 iters/s

running (01m52.9s), 03/42 VUs, 3374 complete and 0 interrupted iterations
fapi2_logged_in_high_security   [   6% ] 03/42 VUs  01m52.9s/30m0s  30.00 iters/s

running (01m53.9s), 01/42 VUs, 3406 complete and 0 interrupted iterations
fapi2_logged_in_high_security   [   6% ] 01/42 VUs  01m53.9s/30m0s  30.00 iters/s

running (01m54.9s), 01/42 VUs, 3436 complete and 0 interrupted iterations
fapi2_logged_in_high_security   [   6% ] 01/42 VUs  01m54.9s/30m0s  30.00 iters/s

running (01m55.9s), 01/42 VUs, 3466 complete and 0 interrupted iterations
fapi2_logged_in_high_security   [   6% ] 01/42 VUs  01m55.9s/30m0s  30.00 iters/s

running (01m56.9s), 01/42 VUs, 3496 complete and 0 interrupted iterations
fapi2_logged_in_high_security   [   6% ] 01/42 VUs  01m56.9s/30m0s  30.00 iters/s

running (01m57.9s), 01/42 VUs, 3526 complete and 0 interrupted iterations
fapi2_logged_in_high_security   [   7% ] 01/42 VUs  01m57.9s/30m0s  30.00 iters/s

running (01m58.9s), 02/42 VUs, 3555 complete and 0 interrupted iterations
fapi2_logged_in_high_security   [   7% ] 02/42 VUs  01m58.9s/30m0s  30.00 iters/s

running (01m59.9s), 01/42 VUs, 3586 complete and 0 interrupted iterations
fapi2_logged_in_high_security   [   7% ] 01/42 VUs  01m59.9s/30m0s  30.00 iters/s

running (02m00.9s), 01/42 VUs, 3616 complete and 0 interrupted iterations
fapi2_logged_in_high_security   [   7% ] 01/42 VUs  02m00.9s/30m0s  30.00 iters/s

running (02m01.9s), 05/42 VUs, 3642 complete and 0 interrupted iterations
fapi2_logged_in_high_security   [   7% ] 05/42 VUs  02m01.9s/30m0s  30.00 iters/s

running (02m02.9s), 01/42 VUs, 3676 complete and 0 interrupted iterations
fapi2_logged_in_high_security   [   7% ] 01/42 VUs  02m02.9s/30m0s  30.00 iters/s

running (02m03.9s), 01/42 VUs, 3706 complete and 0 interrupted iterations
fapi2_logged_in_high_security   [   7% ] 01/42 VUs  02m03.9s/30m0s  30.00 iters/s

running (02m04.9s), 01/42 VUs, 3736 complete and 0 interrupted iterations
fapi2_logged_in_high_security   [   7% ] 01/42 VUs  02m04.9s/30m0s  30.00 iters/s

running (02m05.9s), 01/42 VUs, 3766 complete and 0 interrupted iterations
fapi2_logged_in_high_security   [   7% ] 01/42 VUs  02m05.9s/30m0s  30.00 iters/s

running (02m06.9s), 01/42 VUs, 3796 complete and 0 interrupted iterations
fapi2_logged_in_high_security   [   7% ] 01/42 VUs  02m06.9s/30m0s  30.00 iters/s

running (02m07.9s), 01/42 VUs, 3826 complete and 0 interrupted iterations
fapi2_logged_in_high_security   [   7% ] 01/42 VUs  02m07.9s/30m0s  30.00 iters/s

running (02m08.9s), 02/42 VUs, 3855 complete and 0 interrupted iterations
fapi2_logged_in_high_security   [   7% ] 02/42 VUs  02m08.9s/30m0s  30.00 iters/s

running (02m09.9s), 01/42 VUs, 3886 complete and 0 interrupted iterations
fapi2_logged_in_high_security   [   7% ] 01/42 VUs  02m09.9s/30m0s  30.00 iters/s

running (02m10.9s), 01/42 VUs, 3916 complete and 0 interrupted iterations
fapi2_logged_in_high_security   [   7% ] 01/42 VUs  02m10.9s/30m0s  30.00 iters/s

running (02m11.9s), 01/42 VUs, 3946 complete and 0 interrupted iterations
fapi2_logged_in_high_security   [   7% ] 01/42 VUs  02m11.9s/30m0s  30.00 iters/s

running (02m12.9s), 01/42 VUs, 3976 complete and 0 interrupted iterations
fapi2_logged_in_high_security   [   7% ] 01/42 VUs  02m12.9s/30m0s  30.00 iters/s

running (02m13.9s), 06/42 VUs, 4001 complete and 0 interrupted iterations
fapi2_logged_in_high_security   [   7% ] 06/42 VUs  02m13.9s/30m0s  30.00 iters/s

running (02m14.9s), 01/42 VUs, 4036 complete and 0 interrupted iterations
fapi2_logged_in_high_security   [   7% ] 01/42 VUs  02m14.9s/30m0s  30.00 iters/s

running (02m15.9s), 02/42 VUs, 4065 complete and 0 interrupted iterations
fapi2_logged_in_high_security   [   8% ] 02/42 VUs  02m15.9s/30m0s  30.00 iters/s

running (02m16.9s), 03/42 VUs, 4094 complete and 0 interrupted iterations
fapi2_logged_in_high_security   [   8% ] 03/42 VUs  02m16.9s/30m0s  30.00 iters/s

running (02m17.9s), 01/42 VUs, 4126 complete and 0 interrupted iterations
fapi2_logged_in_high_security   [   8% ] 01/42 VUs  02m17.9s/30m0s  30.00 iters/s

running (02m18.9s), 01/42 VUs, 4156 complete and 0 interrupted iterations
fapi2_logged_in_high_security   [   8% ] 01/42 VUs  02m18.9s/30m0s  30.00 iters/s

running (02m19.9s), 02/42 VUs, 4185 complete and 0 interrupted iterations
fapi2_logged_in_high_security   [   8% ] 02/42 VUs  02m19.9s/30m0s  30.00 iters/s

running (02m20.9s), 02/42 VUs, 4215 complete and 0 interrupted iterations
fapi2_logged_in_high_security   [   8% ] 02/42 VUs  02m20.9s/30m0s  30.00 iters/s

running (02m21.9s), 01/42 VUs, 4246 complete and 0 interrupted iterations
fapi2_logged_in_high_security   [   8% ] 01/42 VUs  02m21.9s/30m0s  30.00 iters/s

running (02m22.9s), 02/42 VUs, 4275 complete and 0 interrupted iterations
fapi2_logged_in_high_security   [   8% ] 02/42 VUs  02m22.9s/30m0s  30.00 iters/s

running (02m23.9s), 01/42 VUs, 4306 complete and 0 interrupted iterations
fapi2_logged_in_high_security   [   8% ] 01/42 VUs  02m23.9s/30m0s  30.00 iters/s

running (02m24.9s), 01/42 VUs, 4336 complete and 0 interrupted iterations
fapi2_logged_in_high_security   [   8% ] 01/42 VUs  02m24.9s/30m0s  30.00 iters/s

running (02m25.9s), 02/42 VUs, 4365 complete and 0 interrupted iterations
fapi2_logged_in_high_security   [   8% ] 02/42 VUs  02m25.9s/30m0s  30.00 iters/s

running (02m26.9s), 01/42 VUs, 4396 complete and 0 interrupted iterations
fapi2_logged_in_high_security   [   8% ] 01/42 VUs  02m26.9s/30m0s  30.00 iters/s

running (02m27.9s), 01/42 VUs, 4426 complete and 0 interrupted iterations
fapi2_logged_in_high_security   [   8% ] 01/42 VUs  02m27.9s/30m0s  30.00 iters/s

running (02m28.9s), 03/42 VUs, 4454 complete and 0 interrupted iterations
fapi2_logged_in_high_security   [   8% ] 03/42 VUs  02m28.9s/30m0s  30.00 iters/s

running (02m29.9s), 01/42 VUs, 4486 complete and 0 interrupted iterations
fapi2_logged_in_high_security   [   8% ] 01/42 VUs  02m29.9s/30m0s  30.00 iters/s

running (02m30.9s), 01/42 VUs, 4516 complete and 0 interrupted iterations
fapi2_logged_in_high_security   [   8% ] 01/42 VUs  02m30.9s/30m0s  30.00 iters/s

running (02m31.9s), 02/42 VUs, 4545 complete and 0 interrupted iterations
fapi2_logged_in_high_security   [   8% ] 02/42 VUs  02m31.9s/30m0s  30.00 iters/s

running (02m32.9s), 07/42 VUs, 4570 complete and 0 interrupted iterations
fapi2_logged_in_high_security   [   8% ] 07/42 VUs  02m32.9s/30m0s  30.00 iters/s

running (02m33.9s), 02/42 VUs, 4605 complete and 0 interrupted iterations
fapi2_logged_in_high_security   [   9% ] 02/42 VUs  02m33.9s/30m0s  30.00 iters/s

running (02m34.9s), 01/42 VUs, 4636 complete and 0 interrupted iterations
fapi2_logged_in_high_security   [   9% ] 01/42 VUs  02m34.9s/30m0s  30.00 iters/s

running (02m35.9s), 01/42 VUs, 4666 complete and 0 interrupted iterations
fapi2_logged_in_high_security   [   9% ] 01/42 VUs  02m35.9s/30m0s  30.00 iters/s

running (02m36.9s), 02/42 VUs, 4695 complete and 0 interrupted iterations
fapi2_logged_in_high_security   [   9% ] 02/42 VUs  02m36.9s/30m0s  30.00 iters/s

running (02m37.9s), 02/42 VUs, 4725 complete and 0 interrupted iterations
fapi2_logged_in_high_security   [   9% ] 02/42 VUs  02m37.9s/30m0s  30.00 iters/s

running (02m38.9s), 02/42 VUs, 4755 complete and 0 interrupted iterations
fapi2_logged_in_high_security   [   9% ] 02/42 VUs  02m38.9s/30m0s  30.00 iters/s

running (02m39.9s), 02/42 VUs, 4785 complete and 0 interrupted iterations
fapi2_logged_in_high_security   [   9% ] 02/42 VUs  02m39.9s/30m0s  30.00 iters/s

running (02m40.9s), 02/42 VUs, 4815 complete and 0 interrupted iterations
fapi2_logged_in_high_security   [   9% ] 02/42 VUs  02m40.9s/30m0s  30.00 iters/s

running (02m41.9s), 02/42 VUs, 4845 complete and 0 interrupted iterations
fapi2_logged_in_high_security   [   9% ] 02/42 VUs  02m41.9s/30m0s  30.00 iters/s

running (02m42.9s), 09/42 VUs, 4868 complete and 0 interrupted iterations
fapi2_logged_in_high_security   [   9% ] 09/42 VUs  02m42.9s/30m0s  30.00 iters/s

running (02m43.9s), 01/42 VUs, 4906 complete and 0 interrupted iterations
fapi2_logged_in_high_security   [   9% ] 01/42 VUs  02m43.9s/30m0s  30.00 iters/s

running (02m44.9s), 01/42 VUs, 4936 complete and 0 interrupted iterations
fapi2_logged_in_high_security   [   9% ] 01/42 VUs  02m44.9s/30m0s  30.00 iters/s

running (02m45.9s), 01/42 VUs, 4966 complete and 0 interrupted iterations
fapi2_logged_in_high_security   [   9% ] 01/42 VUs  02m45.9s/30m0s  30.00 iters/s

running (02m46.9s), 02/42 VUs, 4995 complete and 0 interrupted iterations
fapi2_logged_in_high_security   [   9% ] 02/42 VUs  02m46.9s/30m0s  30.00 iters/s

running (02m47.9s), 01/42 VUs, 5026 complete and 0 interrupted iterations
fapi2_logged_in_high_security   [   9% ] 01/42 VUs  02m47.9s/30m0s  30.00 iters/s

running (02m48.9s), 01/42 VUs, 5056 complete and 0 interrupted iterations
fapi2_logged_in_high_security   [   9% ] 01/42 VUs  02m48.9s/30m0s  30.00 iters/s

running (02m49.9s), 01/42 VUs, 5086 complete and 0 interrupted iterations
fapi2_logged_in_high_security   [   9% ] 01/42 VUs  02m49.9s/30m0s  30.00 iters/s

running (02m50.9s), 01/42 VUs, 5116 complete and 0 interrupted iterations
fapi2_logged_in_high_security   [   9% ] 01/42 VUs  02m50.9s/30m0s  30.00 iters/s

running (02m51.9s), 04/42 VUs, 5143 complete and 0 interrupted iterations
fapi2_logged_in_high_security   [  10% ] 04/42 VUs  02m51.9s/30m0s  30.00 iters/s

running (02m52.9s), 01/42 VUs, 5176 complete and 0 interrupted iterations
fapi2_logged_in_high_security   [  10% ] 01/42 VUs  02m52.9s/30m0s  30.00 iters/s

running (02m53.9s), 01/42 VUs, 5206 complete and 0 interrupted iterations
fapi2_logged_in_high_security   [  10% ] 01/42 VUs  02m53.9s/30m0s  30.00 iters/s

running (02m54.9s), 01/42 VUs, 5236 complete and 0 interrupted iterations
fapi2_logged_in_high_security   [  10% ] 01/42 VUs  02m54.9s/30m0s  30.00 iters/s

running (02m55.9s), 02/42 VUs, 5265 complete and 0 interrupted iterations
fapi2_logged_in_high_security   [  10% ] 02/42 VUs  02m55.9s/30m0s  30.00 iters/s

running (02m56.9s), 02/42 VUs, 5295 complete and 0 interrupted iterations
fapi2_logged_in_high_security   [  10% ] 02/42 VUs  02m56.9s/30m0s  30.00 iters/s

running (02m57.9s), 01/42 VUs, 5326 complete and 0 interrupted iterations
fapi2_logged_in_high_security   [  10% ] 01/42 VUs  02m57.9s/30m0s  30.00 iters/s

running (02m58.9s), 01/42 VUs, 5356 complete and 0 interrupted iterations
fapi2_logged_in_high_security   [  10% ] 01/42 VUs  02m58.9s/30m0s  30.00 iters/s

running (02m59.9s), 01/42 VUs, 5386 complete and 0 interrupted iterations
fapi2_logged_in_high_security   [  10% ] 01/42 VUs  02m59.9s/30m0s  30.00 iters/s

running (03m00.9s), 01/42 VUs, 5416 complete and 0 interrupted iterations
fapi2_logged_in_high_security   [  10% ] 01/42 VUs  03m00.9s/30m0s  30.00 iters/s

running (03m01.9s), 02/42 VUs, 5445 complete and 0 interrupted iterations
fapi2_logged_in_high_security   [  10% ] 02/42 VUs  03m01.9s/30m0s  30.00 iters/s

running (03m02.9s), 01/42 VUs, 5476 complete and 0 interrupted iterations
fapi2_logged_in_high_security   [  10% ] 01/42 VUs  03m02.9s/30m0s  30.00 iters/s

running (03m03.9s), 01/42 VUs, 5506 complete and 0 interrupted iterations
fapi2_logged_in_high_security   [  10% ] 01/42 VUs  03m03.9s/30m0s  30.00 iters/s

running (03m04.9s), 01/42 VUs, 5536 complete and 0 interrupted iterations
fapi2_logged_in_high_security   [  10% ] 01/42 VUs  03m04.9s/30m0s  30.00 iters/s

running (03m05.9s), 01/42 VUs, 5566 complete and 0 interrupted iterations
fapi2_logged_in_high_security   [  10% ] 01/42 VUs  03m05.9s/30m0s  30.00 iters/s

running (03m06.9s), 01/42 VUs, 5596 complete and 0 interrupted iterations
fapi2_logged_in_high_security   [  10% ] 01/42 VUs  03m06.9s/30m0s  30.00 iters/s

running (03m07.9s), 01/42 VUs, 5626 complete and 0 interrupted iterations
fapi2_logged_in_high_security   [  10% ] 01/42 VUs  03m07.9s/30m0s  30.00 iters/s

running (03m08.9s), 02/42 VUs, 5655 complete and 0 interrupted iterations
fapi2_logged_in_high_security   [  10% ] 02/42 VUs  03m08.9s/30m0s  30.00 iters/s

running (03m09.9s), 01/42 VUs, 5686 complete and 0 interrupted iterations
fapi2_logged_in_high_security   [  11% ] 01/42 VUs  03m09.9s/30m0s  30.00 iters/s

running (03m10.9s), 01/42 VUs, 5716 complete and 0 interrupted iterations
fapi2_logged_in_high_security   [  11% ] 01/42 VUs  03m10.9s/30m0s  30.00 iters/s

running (03m11.9s), 01/42 VUs, 5746 complete and 0 interrupted iterations
fapi2_logged_in_high_security   [  11% ] 01/42 VUs  03m11.9s/30m0s  30.00 iters/s

running (03m12.9s), 01/42 VUs, 5776 complete and 0 interrupted iterations
fapi2_logged_in_high_security   [  11% ] 01/42 VUs  03m12.9s/30m0s  30.00 iters/s

running (03m13.9s), 01/42 VUs, 5806 complete and 0 interrupted iterations
fapi2_logged_in_high_security   [  11% ] 01/42 VUs  03m13.9s/30m0s  30.00 iters/s

running (03m14.9s), 01/42 VUs, 5836 complete and 0 interrupted iterations
fapi2_logged_in_high_security   [  11% ] 01/42 VUs  03m14.9s/30m0s  30.00 iters/s

running (03m15.9s), 01/42 VUs, 5866 complete and 0 interrupted iterations
fapi2_logged_in_high_security   [  11% ] 01/42 VUs  03m15.9s/30m0s  30.00 iters/s

running (03m16.9s), 01/42 VUs, 5896 complete and 0 interrupted iterations
fapi2_logged_in_high_security   [  11% ] 01/42 VUs  03m16.9s/30m0s  30.00 iters/s

running (03m17.9s), 01/42 VUs, 5926 complete and 0 interrupted iterations
fapi2_logged_in_high_security   [  11% ] 01/42 VUs  03m17.9s/30m0s  30.00 iters/s

running (03m18.9s), 01/42 VUs, 5956 complete and 0 interrupted iterations
fapi2_logged_in_high_security   [  11% ] 01/42 VUs  03m18.9s/30m0s  30.00 iters/s

running (03m19.9s), 02/42 VUs, 5985 complete and 0 interrupted iterations
fapi2_logged_in_high_security   [  11% ] 02/42 VUs  03m19.9s/30m0s  30.00 iters/s

running (03m20.9s), 01/42 VUs, 6016 complete and 0 interrupted iterations
fapi2_logged_in_high_security   [  11% ] 01/42 VUs  03m20.9s/30m0s  30.00 iters/s

running (03m21.9s), 01/42 VUs, 6046 complete and 0 interrupted iterations
fapi2_logged_in_high_security   [  11% ] 01/42 VUs  03m21.9s/30m0s  30.00 iters/s

running (03m22.9s), 01/42 VUs, 6076 complete and 0 interrupted iterations
fapi2_logged_in_high_security   [  11% ] 01/42 VUs  03m22.9s/30m0s  30.00 iters/s

running (03m23.9s), 01/42 VUs, 6106 complete and 0 interrupted iterations
fapi2_logged_in_high_security   [  11% ] 01/42 VUs  03m23.9s/30m0s  30.00 iters/s

running (03m24.9s), 01/42 VUs, 6136 complete and 0 interrupted iterations
fapi2_logged_in_high_security   [  11% ] 01/42 VUs  03m24.9s/30m0s  30.00 iters/s

running (03m25.9s), 01/42 VUs, 6166 complete and 0 interrupted iterations
fapi2_logged_in_high_security   [  11% ] 01/42 VUs  03m25.9s/30m0s  30.00 iters/s

running (03m26.9s), 01/42 VUs, 6196 complete and 0 interrupted iterations
fapi2_logged_in_high_security   [  11% ] 01/42 VUs  03m26.9s/30m0s  30.00 iters/s

running (03m27.9s), 02/42 VUs, 6225 complete and 0 interrupted iterations
fapi2_logged_in_high_security   [  12% ] 02/42 VUs  03m27.9s/30m0s  30.00 iters/s

running (03m28.9s), 01/42 VUs, 6256 complete and 0 interrupted iterations
fapi2_logged_in_high_security   [  12% ] 01/42 VUs  03m28.9s/30m0s  30.00 iters/s

running (03m29.9s), 01/42 VUs, 6286 complete and 0 interrupted iterations
fapi2_logged_in_high_security   [  12% ] 01/42 VUs  03m29.9s/30m0s  30.00 iters/s

running (03m30.9s), 04/42 VUs, 6313 complete and 0 interrupted iterations
fapi2_logged_in_high_security   [  12% ] 04/42 VUs  03m30.9s/30m0s  30.00 iters/s

running (03m31.9s), 01/42 VUs, 6346 complete and 0 interrupted iterations
fapi2_logged_in_high_security   [  12% ] 01/42 VUs  03m31.9s/30m0s  30.00 iters/s

running (03m32.9s), 02/42 VUs, 6375 complete and 0 interrupted iterations
fapi2_logged_in_high_security   [  12% ] 02/42 VUs  03m32.9s/30m0s  30.00 iters/s

running (03m33.9s), 01/42 VUs, 6406 complete and 0 interrupted iterations
fapi2_logged_in_high_security   [  12% ] 01/42 VUs  03m33.9s/30m0s  30.00 iters/s

running (03m34.9s), 01/42 VUs, 6436 complete and 0 interrupted iterations
fapi2_logged_in_high_security   [  12% ] 01/42 VUs  03m34.9s/30m0s  30.00 iters/s

running (03m35.9s), 01/42 VUs, 6466 complete and 0 interrupted iterations
fapi2_logged_in_high_security   [  12% ] 01/42 VUs  03m35.9s/30m0s  30.00 iters/s

running (03m36.9s), 01/42 VUs, 6496 complete and 0 interrupted iterations
fapi2_logged_in_high_security   [  12% ] 01/42 VUs  03m36.9s/30m0s  30.00 iters/s

running (03m37.9s), 02/42 VUs, 6525 complete and 0 interrupted iterations
fapi2_logged_in_high_security   [  12% ] 02/42 VUs  03m37.9s/30m0s  30.00 iters/s

running (03m38.9s), 01/42 VUs, 6556 complete and 0 interrupted iterations
fapi2_logged_in_high_security   [  12% ] 01/42 VUs  03m38.9s/30m0s  30.00 iters/s

running (03m39.9s), 01/42 VUs, 6586 complete and 0 interrupted iterations
fapi2_logged_in_high_security   [  12% ] 01/42 VUs  03m39.9s/30m0s  30.00 iters/s

running (03m40.9s), 01/42 VUs, 6616 complete and 0 interrupted iterations
fapi2_logged_in_high_security   [  12% ] 01/42 VUs  03m40.9s/30m0s  30.00 iters/s

running (03m41.9s), 01/42 VUs, 6646 complete and 0 interrupted iterations
fapi2_logged_in_high_security   [  12% ] 01/42 VUs  03m41.9s/30m0s  30.00 iters/s

running (03m42.9s), 01/42 VUs, 6676 complete and 0 interrupted iterations
fapi2_logged_in_high_security   [  12% ] 01/42 VUs  03m42.9s/30m0s  30.00 iters/s

running (03m43.9s), 01/42 VUs, 6706 complete and 0 interrupted iterations
fapi2_logged_in_high_security   [  12% ] 01/42 VUs  03m43.9s/30m0s  30.00 iters/s

running (03m44.9s), 02/42 VUs, 6735 complete and 0 interrupted iterations
fapi2_logged_in_high_security   [  12% ] 02/42 VUs  03m44.9s/30m0s  30.00 iters/s

running (03m45.9s), 01/42 VUs, 6766 complete and 0 interrupted iterations
fapi2_logged_in_high_security   [  13% ] 01/42 VUs  03m45.9s/30m0s  30.00 iters/s

running (03m46.9s), 01/42 VUs, 6796 complete and 0 interrupted iterations
fapi2_logged_in_high_security   [  13% ] 01/42 VUs  03m46.9s/30m0s  30.00 iters/s

running (03m47.9s), 01/42 VUs, 6826 complete and 0 interrupted iterations
fapi2_logged_in_high_security   [  13% ] 01/42 VUs  03m47.9s/30m0s  30.00 iters/s

running (03m48.9s), 01/42 VUs, 6856 complete and 0 interrupted iterations
fapi2_logged_in_high_security   [  13% ] 01/42 VUs  03m48.9s/30m0s  30.00 iters/s

running (03m49.9s), 05/42 VUs, 6882 complete and 0 interrupted iterations
fapi2_logged_in_high_security   [  13% ] 05/42 VUs  03m49.9s/30m0s  30.00 iters/s

running (03m50.9s), 02/42 VUs, 6915 complete and 0 interrupted iterations
fapi2_logged_in_high_security   [  13% ] 02/42 VUs  03m50.9s/30m0s  30.00 iters/s

running (03m51.9s), 01/42 VUs, 6946 complete and 0 interrupted iterations
fapi2_logged_in_high_security   [  13% ] 01/42 VUs  03m51.9s/30m0s  30.00 iters/s

running (03m52.9s), 01/42 VUs, 6976 complete and 0 interrupted iterations
fapi2_logged_in_high_security   [  13% ] 01/42 VUs  03m52.9s/30m0s  30.00 iters/s

running (03m53.9s), 01/42 VUs, 7006 complete and 0 interrupted iterations
fapi2_logged_in_high_security   [  13% ] 01/42 VUs  03m53.9s/30m0s  30.00 iters/s

running (03m54.9s), 01/42 VUs, 7036 complete and 0 interrupted iterations
fapi2_logged_in_high_security   [  13% ] 01/42 VUs  03m54.9s/30m0s  30.00 iters/s

running (03m55.9s), 06/42 VUs, 7061 complete and 0 interrupted iterations
fapi2_logged_in_high_security   [  13% ] 06/42 VUs  03m55.9s/30m0s  30.00 iters/s

running (03m56.9s), 01/42 VUs, 7096 complete and 0 interrupted iterations
fapi2_logged_in_high_security   [  13% ] 01/42 VUs  03m56.9s/30m0s  30.00 iters/s

running (03m57.9s), 04/42 VUs, 7123 complete and 0 interrupted iterations
fapi2_logged_in_high_security   [  13% ] 04/42 VUs  03m57.9s/30m0s  30.00 iters/s

running (03m58.9s), 01/42 VUs, 7156 complete and 0 interrupted iterations
fapi2_logged_in_high_security   [  13% ] 01/42 VUs  03m58.9s/30m0s  30.00 iters/s

running (03m59.9s), 01/42 VUs, 7186 complete and 0 interrupted iterations
fapi2_logged_in_high_security   [  13% ] 01/42 VUs  03m59.9s/30m0s  30.00 iters/s

running (04m00.9s), 01/42 VUs, 7216 complete and 0 interrupted iterations
fapi2_logged_in_high_security   [  13% ] 01/42 VUs  04m00.9s/30m0s  30.00 iters/s

running (04m01.9s), 01/42 VUs, 7246 complete and 0 interrupted iterations
fapi2_logged_in_high_security   [  13% ] 01/42 VUs  04m01.9s/30m0s  30.00 iters/s

running (04m02.9s), 01/42 VUs, 7276 complete and 0 interrupted iterations
fapi2_logged_in_high_security   [  13% ] 01/42 VUs  04m02.9s/30m0s  30.00 iters/s

running (04m03.9s), 01/42 VUs, 7306 complete and 0 interrupted iterations
fapi2_logged_in_high_security   [  14% ] 01/42 VUs  04m03.9s/30m0s  30.00 iters/s

running (04m04.9s), 01/42 VUs, 7336 complete and 0 interrupted iterations
fapi2_logged_in_high_security   [  14% ] 01/42 VUs  04m04.9s/30m0s  30.00 iters/s

running (04m05.9s), 01/42 VUs, 7366 complete and 0 interrupted iterations
fapi2_logged_in_high_security   [  14% ] 01/42 VUs  04m05.9s/30m0s  30.00 iters/s

running (04m06.9s), 01/42 VUs, 7396 complete and 0 interrupted iterations
fapi2_logged_in_high_security   [  14% ] 01/42 VUs  04m06.9s/30m0s  30.00 iters/s

running (04m07.9s), 01/42 VUs, 7426 complete and 0 interrupted iterations
fapi2_logged_in_high_security   [  14% ] 01/42 VUs  04m07.9s/30m0s  30.00 iters/s

running (04m08.9s), 01/42 VUs, 7456 complete and 0 interrupted iterations
fapi2_logged_in_high_security   [  14% ] 01/42 VUs  04m08.9s/30m0s  30.00 iters/s

running (04m09.9s), 02/42 VUs, 7485 complete and 0 interrupted iterations
fapi2_logged_in_high_security   [  14% ] 02/42 VUs  04m09.9s/30m0s  30.00 iters/s

running (04m10.9s), 01/42 VUs, 7516 complete and 0 interrupted iterations
fapi2_logged_in_high_security   [  14% ] 01/42 VUs  04m10.9s/30m0s  30.00 iters/s

running (04m11.9s), 01/42 VUs, 7546 complete and 0 interrupted iterations
fapi2_logged_in_high_security   [  14% ] 01/42 VUs  04m11.9s/30m0s  30.00 iters/s

running (04m12.9s), 01/42 VUs, 7576 complete and 0 interrupted iterations
fapi2_logged_in_high_security   [  14% ] 01/42 VUs  04m12.9s/30m0s  30.00 iters/s

running (04m13.9s), 01/42 VUs, 7606 complete and 0 interrupted iterations
fapi2_logged_in_high_security   [  14% ] 01/42 VUs  04m13.9s/30m0s  30.00 iters/s

running (04m14.9s), 01/42 VUs, 7636 complete and 0 interrupted iterations
fapi2_logged_in_high_security   [  14% ] 01/42 VUs  04m14.9s/30m0s  30.00 iters/s

running (04m15.9s), 01/42 VUs, 7666 complete and 0 interrupted iterations
fapi2_logged_in_high_security   [  14% ] 01/42 VUs  04m15.9s/30m0s  30.00 iters/s

running (04m16.9s), 01/42 VUs, 7696 complete and 0 interrupted iterations
fapi2_logged_in_high_security   [  14% ] 01/42 VUs  04m16.9s/30m0s  30.00 iters/s

running (04m17.9s), 01/42 VUs, 7726 complete and 0 interrupted iterations
fapi2_logged_in_high_security   [  14% ] 01/42 VUs  04m17.9s/30m0s  30.00 iters/s

running (04m18.9s), 01/42 VUs, 7756 complete and 0 interrupted iterations
fapi2_logged_in_high_security   [  14% ] 01/42 VUs  04m18.9s/30m0s  30.00 iters/s

running (04m19.9s), 01/42 VUs, 7786 complete and 0 interrupted iterations
fapi2_logged_in_high_security   [  14% ] 01/42 VUs  04m19.9s/30m0s  30.00 iters/s

running (04m20.9s), 01/42 VUs, 7816 complete and 0 interrupted iterations
fapi2_logged_in_high_security   [  14% ] 01/42 VUs  04m20.9s/30m0s  30.00 iters/s

running (04m21.9s), 01/42 VUs, 7846 complete and 0 interrupted iterations
fapi2_logged_in_high_security   [  15% ] 01/42 VUs  04m21.9s/30m0s  30.00 iters/s

running (04m22.9s), 02/42 VUs, 7875 complete and 0 interrupted iterations
fapi2_logged_in_high_security   [  15% ] 02/42 VUs  04m22.9s/30m0s  30.00 iters/s

running (04m23.9s), 01/42 VUs, 7906 complete and 0 interrupted iterations
fapi2_logged_in_high_security   [  15% ] 01/42 VUs  04m23.9s/30m0s  30.00 iters/s

running (04m24.9s), 03/42 VUs, 7934 complete and 0 interrupted iterations
fapi2_logged_in_high_security   [  15% ] 03/42 VUs  04m24.9s/30m0s  30.00 iters/s

running (04m25.9s), 01/42 VUs, 7966 complete and 0 interrupted iterations
fapi2_logged_in_high_security   [  15% ] 01/42 VUs  04m25.9s/30m0s  30.00 iters/s

running (04m26.9s), 02/42 VUs, 7995 complete and 0 interrupted iterations
fapi2_logged_in_high_security   [  15% ] 02/42 VUs  04m26.9s/30m0s  30.00 iters/s

running (04m27.9s), 01/42 VUs, 8026 complete and 0 interrupted iterations
fapi2_logged_in_high_security   [  15% ] 01/42 VUs  04m27.9s/30m0s  30.00 iters/s

running (04m28.9s), 06/42 VUs, 8051 complete and 0 interrupted iterations
fapi2_logged_in_high_security   [  15% ] 06/42 VUs  04m28.9s/30m0s  30.00 iters/s

running (04m29.9s), 02/42 VUs, 8085 complete and 0 interrupted iterations
fapi2_logged_in_high_security   [  15% ] 02/42 VUs  04m29.9s/30m0s  30.00 iters/s

running (04m30.9s), 01/42 VUs, 8116 complete and 0 interrupted iterations
fapi2_logged_in_high_security   [  15% ] 01/42 VUs  04m30.9s/30m0s  30.00 iters/s

running (04m31.9s), 01/42 VUs, 8146 complete and 0 interrupted iterations
fapi2_logged_in_high_security   [  15% ] 01/42 VUs  04m31.9s/30m0s  30.00 iters/s

running (04m32.9s), 01/42 VUs, 8176 complete and 0 interrupted iterations
fapi2_logged_in_high_security   [  15% ] 01/42 VUs  04m32.9s/30m0s  30.00 iters/s

running (04m33.9s), 01/42 VUs, 8206 complete and 0 interrupted iterations
fapi2_logged_in_high_security   [  15% ] 01/42 VUs  04m33.9s/30m0s  30.00 iters/s

running (04m34.9s), 01/42 VUs, 8236 complete and 0 interrupted iterations
fapi2_logged_in_high_security   [  15% ] 01/42 VUs  04m34.9s/30m0s  30.00 iters/s

running (04m35.9s), 02/42 VUs, 8265 complete and 0 interrupted iterations
fapi2_logged_in_high_security   [  15% ] 02/42 VUs  04m35.9s/30m0s  30.00 iters/s

running (04m36.9s), 01/42 VUs, 8296 complete and 0 interrupted iterations
fapi2_logged_in_high_security   [  15% ] 01/42 VUs  04m36.9s/30m0s  30.00 iters/s

running (04m37.9s), 03/42 VUs, 8324 complete and 0 interrupted iterations
fapi2_logged_in_high_security   [  15% ] 03/42 VUs  04m37.9s/30m0s  30.00 iters/s

running (04m38.9s), 01/42 VUs, 8356 complete and 0 interrupted iterations
fapi2_logged_in_high_security   [  15% ] 01/42 VUs  04m38.9s/30m0s  30.00 iters/s

running (04m39.9s), 01/42 VUs, 8386 complete and 0 interrupted iterations
fapi2_logged_in_high_security   [  16% ] 01/42 VUs  04m39.9s/30m0s  30.00 iters/s

running (04m40.9s), 01/42 VUs, 8416 complete and 0 interrupted iterations
fapi2_logged_in_high_security   [  16% ] 01/42 VUs  04m40.9s/30m0s  30.00 iters/s

running (04m41.9s), 01/42 VUs, 8446 complete and 0 interrupted iterations
fapi2_logged_in_high_security   [  16% ] 01/42 VUs  04m41.9s/30m0s  30.00 iters/s

running (04m42.9s), 01/42 VUs, 8476 complete and 0 interrupted iterations
fapi2_logged_in_high_security   [  16% ] 01/42 VUs  04m42.9s/30m0s  30.00 iters/s

running (04m43.9s), 01/42 VUs, 8506 complete and 0 interrupted iterations
fapi2_logged_in_high_security   [  16% ] 01/42 VUs  04m43.9s/30m0s  30.00 iters/s

running (04m44.9s), 02/42 VUs, 8535 complete and 0 interrupted iterations
fapi2_logged_in_high_security   [  16% ] 02/42 VUs  04m44.9s/30m0s  30.00 iters/s

running (04m45.9s), 01/42 VUs, 8566 complete and 0 interrupted iterations
fapi2_logged_in_high_security   [  16% ] 01/42 VUs  04m45.9s/30m0s  30.00 iters/s

running (04m46.9s), 01/42 VUs, 8596 complete and 0 interrupted iterations
fapi2_logged_in_high_security   [  16% ] 01/42 VUs  04m46.9s/30m0s  30.00 iters/s

running (04m47.9s), 01/42 VUs, 8626 complete and 0 interrupted iterations
fapi2_logged_in_high_security   [  16% ] 01/42 VUs  04m47.9s/30m0s  30.00 iters/s

running (04m48.9s), 07/42 VUs, 8650 complete and 0 interrupted iterations
fapi2_logged_in_high_security   [  16% ] 07/42 VUs  04m48.9s/30m0s  30.00 iters/s

running (04m49.9s), 01/42 VUs, 8686 complete and 0 interrupted iterations
fapi2_logged_in_high_security   [  16% ] 01/42 VUs  04m49.9s/30m0s  30.00 iters/s

running (04m50.9s), 04/42 VUs, 8713 complete and 0 interrupted iterations
fapi2_logged_in_high_security   [  16% ] 04/42 VUs  04m50.9s/30m0s  30.00 iters/s

running (04m51.9s), 02/42 VUs, 8745 complete and 0 interrupted iterations
fapi2_logged_in_high_security   [  16% ] 02/42 VUs  04m51.9s/30m0s  30.00 iters/s

running (04m52.9s), 01/42 VUs, 8776 complete and 0 interrupted iterations
fapi2_logged_in_high_security   [  16% ] 01/42 VUs  04m52.9s/30m0s  30.00 iters/s

running (04m53.9s), 02/42 VUs, 8805 complete and 0 interrupted iterations
fapi2_logged_in_high_security   [  16% ] 02/42 VUs  04m53.9s/30m0s  30.00 iters/s

running (04m54.9s), 01/42 VUs, 8836 complete and 0 interrupted iterations
fapi2_logged_in_high_security   [  16% ] 01/42 VUs  04m54.9s/30m0s  30.00 iters/s

running (04m55.9s), 01/42 VUs, 8866 complete and 0 interrupted iterations
fapi2_logged_in_high_security   [  16% ] 01/42 VUs  04m55.9s/30m0s  30.00 iters/s

running (04m56.9s), 01/42 VUs, 8896 complete and 0 interrupted iterations
fapi2_logged_in_high_security   [  16% ] 01/42 VUs  04m56.9s/30m0s  30.00 iters/s

running (04m57.9s), 01/42 VUs, 8926 complete and 0 interrupted iterations
fapi2_logged_in_high_security   [  17% ] 01/42 VUs  04m57.9s/30m0s  30.00 iters/s

running (04m58.9s), 01/42 VUs, 8956 complete and 0 interrupted iterations
fapi2_logged_in_high_security   [  17% ] 01/42 VUs  04m58.9s/30m0s  30.00 iters/s

running (04m59.9s), 02/42 VUs, 8985 complete and 0 interrupted iterations
fapi2_logged_in_high_security   [  17% ] 02/42 VUs  04m59.9s/30m0s  30.00 iters/s

running (05m00.9s), 02/42 VUs, 9015 complete and 0 interrupted iterations
fapi2_logged_in_high_security   [  17% ] 02/42 VUs  05m00.9s/30m0s  30.00 iters/s

running (05m01.9s), 01/42 VUs, 9046 complete and 0 interrupted iterations
fapi2_logged_in_high_security   [  17% ] 01/42 VUs  05m01.9s/30m0s  30.00 iters/s

running (05m02.9s), 01/42 VUs, 9076 complete and 0 interrupted iterations
fapi2_logged_in_high_security   [  17% ] 01/42 VUs  05m02.9s/30m0s  30.00 iters/s

running (05m03.9s), 01/42 VUs, 9106 complete and 0 interrupted iterations
fapi2_logged_in_high_security   [  17% ] 01/42 VUs  05m03.9s/30m0s  30.00 iters/s

running (05m04.9s), 01/42 VUs, 9136 complete and 0 interrupted iterations
fapi2_logged_in_high_security   [  17% ] 01/42 VUs  05m04.9s/30m0s  30.00 iters/s

running (05m05.9s), 01/42 VUs, 9166 complete and 0 interrupted iterations
fapi2_logged_in_high_security   [  17% ] 01/42 VUs  05m05.9s/30m0s  30.00 iters/s

running (05m06.9s), 01/42 VUs, 9196 complete and 0 interrupted iterations
fapi2_logged_in_high_security   [  17% ] 01/42 VUs  05m06.9s/30m0s  30.00 iters/s

running (05m07.9s), 06/42 VUs, 9221 complete and 0 interrupted iterations
fapi2_logged_in_high_security   [  17% ] 06/42 VUs  05m07.9s/30m0s  30.00 iters/s

running (05m08.9s), 01/42 VUs, 9256 complete and 0 interrupted iterations
fapi2_logged_in_high_security   [  17% ] 01/42 VUs  05m08.9s/30m0s  30.00 iters/s

running (05m09.9s), 01/42 VUs, 9286 complete and 0 interrupted iterations
fapi2_logged_in_high_security   [  17% ] 01/42 VUs  05m09.9s/30m0s  30.00 iters/s

running (05m10.9s), 01/42 VUs, 9316 complete and 0 interrupted iterations
fapi2_logged_in_high_security   [  17% ] 01/42 VUs  05m10.9s/30m0s  30.00 iters/s

running (05m11.9s), 01/42 VUs, 9346 complete and 0 interrupted iterations
fapi2_logged_in_high_security   [  17% ] 01/42 VUs  05m11.9s/30m0s  30.00 iters/s

running (05m12.9s), 01/42 VUs, 9376 complete and 0 interrupted iterations
fapi2_logged_in_high_security   [  17% ] 01/42 VUs  05m12.9s/30m0s  30.00 iters/s

running (05m13.9s), 01/42 VUs, 9406 complete and 0 interrupted iterations
fapi2_logged_in_high_security   [  17% ] 01/42 VUs  05m13.9s/30m0s  30.00 iters/s

running (05m14.9s), 01/42 VUs, 9436 complete and 0 interrupted iterations
fapi2_logged_in_high_security   [  17% ] 01/42 VUs  05m14.9s/30m0s  30.00 iters/s

running (05m15.9s), 01/42 VUs, 9466 complete and 0 interrupted iterations
fapi2_logged_in_high_security   [  18% ] 01/42 VUs  05m15.9s/30m0s  30.00 iters/s

running (05m16.9s), 03/42 VUs, 9494 complete and 0 interrupted iterations
fapi2_logged_in_high_security   [  18% ] 03/42 VUs  05m16.9s/30m0s  30.00 iters/s

running (05m17.9s), 02/42 VUs, 9525 complete and 0 interrupted iterations
fapi2_logged_in_high_security   [  18% ] 02/42 VUs  05m17.9s/30m0s  30.00 iters/s

running (05m18.9s), 01/42 VUs, 9556 complete and 0 interrupted iterations
fapi2_logged_in_high_security   [  18% ] 01/42 VUs  05m18.9s/30m0s  30.00 iters/s

running (05m19.9s), 01/42 VUs, 9586 complete and 0 interrupted iterations
fapi2_logged_in_high_security   [  18% ] 01/42 VUs  05m19.9s/30m0s  30.00 iters/s

running (05m20.9s), 05/42 VUs, 9612 complete and 0 interrupted iterations
fapi2_logged_in_high_security   [  18% ] 05/42 VUs  05m20.9s/30m0s  30.00 iters/s

running (05m21.9s), 01/42 VUs, 9646 complete and 0 interrupted iterations
fapi2_logged_in_high_security   [  18% ] 01/42 VUs  05m21.9s/30m0s  30.00 iters/s

running (05m22.9s), 01/42 VUs, 9676 complete and 0 interrupted iterations
fapi2_logged_in_high_security   [  18% ] 01/42 VUs  05m22.9s/30m0s  30.00 iters/s

running (05m23.9s), 12/42 VUs, 9695 complete and 0 interrupted iterations
fapi2_logged_in_high_security   [  18% ] 12/42 VUs  05m23.9s/30m0s  30.00 iters/s

running (05m24.9s), 02/42 VUs, 9735 complete and 0 interrupted iterations
fapi2_logged_in_high_security   [  18% ] 02/42 VUs  05m24.9s/30m0s  30.00 iters/s

running (05m25.9s), 02/42 VUs, 9765 complete and 0 interrupted iterations
fapi2_logged_in_high_security   [  18% ] 02/42 VUs  05m25.9s/30m0s  30.00 iters/s

running (05m26.9s), 01/42 VUs, 9796 complete and 0 interrupted iterations
fapi2_logged_in_high_security   [  18% ] 01/42 VUs  05m26.9s/30m0s  30.00 iters/s

running (05m27.9s), 06/42 VUs, 9821 complete and 0 interrupted iterations
fapi2_logged_in_high_security   [  18% ] 06/42 VUs  05m27.9s/30m0s  30.00 iters/s

running (05m28.9s), 02/42 VUs, 9855 complete and 0 interrupted iterations
fapi2_logged_in_high_security   [  18% ] 02/42 VUs  05m28.9s/30m0s  30.00 iters/s

running (05m29.9s), 02/42 VUs, 9885 complete and 0 interrupted iterations
fapi2_logged_in_high_security   [  18% ] 02/42 VUs  05m29.9s/30m0s  30.00 iters/s

running (05m30.9s), 01/42 VUs, 9916 complete and 0 interrupted iterations
fapi2_logged_in_high_security   [  18% ] 01/42 VUs  05m30.9s/30m0s  30.00 iters/s

running (05m31.9s), 01/42 VUs, 9946 complete and 0 interrupted iterations
fapi2_logged_in_high_security   [  18% ] 01/42 VUs  05m31.9s/30m0s  30.00 iters/s

running (05m32.9s), 01/42 VUs, 9976 complete and 0 interrupted iterations
fapi2_logged_in_high_security   [  18% ] 01/42 VUs  05m32.9s/30m0s  30.00 iters/s

running (05m33.9s), 03/42 VUs, 10004 complete and 0 interrupted iterations
fapi2_logged_in_high_security   [  19% ] 03/42 VUs  05m33.9s/30m0s  30.00 iters/s

running (05m34.9s), 01/42 VUs, 10036 complete and 0 interrupted iterations
fapi2_logged_in_high_security   [  19% ] 01/42 VUs  05m34.9s/30m0s  30.00 iters/s

running (05m35.9s), 02/42 VUs, 10065 complete and 0 interrupted iterations
fapi2_logged_in_high_security   [  19% ] 02/42 VUs  05m35.9s/30m0s  30.00 iters/s

running (05m36.9s), 01/42 VUs, 10096 complete and 0 interrupted iterations
fapi2_logged_in_high_security   [  19% ] 01/42 VUs  05m36.9s/30m0s  30.00 iters/s

running (05m37.9s), 02/42 VUs, 10125 complete and 0 interrupted iterations
fapi2_logged_in_high_security   [  19% ] 02/42 VUs  05m37.9s/30m0s  30.00 iters/s

running (05m38.9s), 02/42 VUs, 10155 complete and 0 interrupted iterations
fapi2_logged_in_high_security   [  19% ] 02/42 VUs  05m38.9s/30m0s  30.00 iters/s

running (05m39.9s), 01/42 VUs, 10186 complete and 0 interrupted iterations
fapi2_logged_in_high_security   [  19% ] 01/42 VUs  05m39.9s/30m0s  30.00 iters/s

running (05m40.9s), 01/42 VUs, 10216 complete and 0 interrupted iterations
fapi2_logged_in_high_security   [  19% ] 01/42 VUs  05m40.9s/30m0s  30.00 iters/s

running (05m41.9s), 02/42 VUs, 10245 complete and 0 interrupted iterations
fapi2_logged_in_high_security   [  19% ] 02/42 VUs  05m41.9s/30m0s  30.00 iters/s

running (05m42.9s), 02/42 VUs, 10275 complete and 0 interrupted iterations
fapi2_logged_in_high_security   [  19% ] 02/42 VUs  05m42.9s/30m0s  30.00 iters/s

running (05m43.9s), 01/42 VUs, 10306 complete and 0 interrupted iterations
fapi2_logged_in_high_security   [  19% ] 01/42 VUs  05m43.9s/30m0s  30.00 iters/s

running (05m44.9s), 01/42 VUs, 10336 complete and 0 interrupted iterations
fapi2_logged_in_high_security   [  19% ] 01/42 VUs  05m44.9s/30m0s  30.00 iters/s

running (05m45.9s), 01/42 VUs, 10366 complete and 0 interrupted iterations
fapi2_logged_in_high_security   [  19% ] 01/42 VUs  05m45.9s/30m0s  30.00 iters/s

running (05m46.9s), 01/42 VUs, 10396 complete and 0 interrupted iterations
fapi2_logged_in_high_security   [  19% ] 01/42 VUs  05m46.9s/30m0s  30.00 iters/s

running (05m47.9s), 04/42 VUs, 10423 complete and 0 interrupted iterations
fapi2_logged_in_high_security   [  19% ] 04/42 VUs  05m47.9s/30m0s  30.00 iters/s

running (05m48.9s), 01/42 VUs, 10456 complete and 0 interrupted iterations
fapi2_logged_in_high_security   [  19% ] 01/42 VUs  05m48.9s/30m0s  30.00 iters/s

running (05m49.9s), 01/42 VUs, 10486 complete and 0 interrupted iterations
fapi2_logged_in_high_security   [  19% ] 01/42 VUs  05m49.9s/30m0s  30.00 iters/s

running (05m50.9s), 05/42 VUs, 10512 complete and 0 interrupted iterations
fapi2_logged_in_high_security   [  19% ] 05/42 VUs  05m50.9s/30m0s  30.00 iters/s

running (05m51.9s), 02/42 VUs, 10545 complete and 0 interrupted iterations
fapi2_logged_in_high_security   [  20% ] 02/42 VUs  05m51.9s/30m0s  30.00 iters/s

running (05m52.9s), 01/42 VUs, 10576 complete and 0 interrupted iterations
fapi2_logged_in_high_security   [  20% ] 01/42 VUs  05m52.9s/30m0s  30.00 iters/s

running (05m53.9s), 03/42 VUs, 10604 complete and 0 interrupted iterations
fapi2_logged_in_high_security   [  20% ] 03/42 VUs  05m53.9s/30m0s  30.00 iters/s

running (05m54.9s), 02/42 VUs, 10635 complete and 0 interrupted iterations
fapi2_logged_in_high_security   [  20% ] 02/42 VUs  05m54.9s/30m0s  30.00 iters/s

running (05m55.9s), 02/42 VUs, 10665 complete and 0 interrupted iterations
fapi2_logged_in_high_security   [  20% ] 02/42 VUs  05m55.9s/30m0s  30.00 iters/s

running (05m56.9s), 01/42 VUs, 10696 complete and 0 interrupted iterations
fapi2_logged_in_high_security   [  20% ] 01/42 VUs  05m56.9s/30m0s  30.00 iters/s

running (05m57.9s), 02/42 VUs, 10725 complete and 0 interrupted iterations
fapi2_logged_in_high_security   [  20% ] 02/42 VUs  05m57.9s/30m0s  30.00 iters/s

running (05m58.9s), 02/42 VUs, 10755 complete and 0 interrupted iterations
fapi2_logged_in_high_security   [  20% ] 02/42 VUs  05m58.9s/30m0s  30.00 iters/s

running (05m59.9s), 01/42 VUs, 10786 complete and 0 interrupted iterations
fapi2_logged_in_high_security   [  20% ] 01/42 VUs  05m59.9s/30m0s  30.00 iters/s

running (06m00.9s), 01/42 VUs, 10816 complete and 0 interrupted iterations
fapi2_logged_in_high_security   [  20% ] 01/42 VUs  06m00.9s/30m0s  30.00 iters/s

running (06m01.9s), 01/42 VUs, 10846 complete and 0 interrupted iterations
fapi2_logged_in_high_security   [  20% ] 01/42 VUs  06m01.9s/30m0s  30.00 iters/s

running (06m02.9s), 02/42 VUs, 10875 complete and 0 interrupted iterations
fapi2_logged_in_high_security   [  20% ] 02/42 VUs  06m02.9s/30m0s  30.00 iters/s

running (06m03.9s), 01/42 VUs, 10906 complete and 0 interrupted iterations
fapi2_logged_in_high_security   [  20% ] 01/42 VUs  06m03.9s/30m0s  30.00 iters/s

running (06m04.9s), 01/42 VUs, 10936 complete and 0 interrupted iterations
fapi2_logged_in_high_security   [  20% ] 01/42 VUs  06m04.9s/30m0s  30.00 iters/s

running (06m05.9s), 01/42 VUs, 10966 complete and 0 interrupted iterations
fapi2_logged_in_high_security   [  20% ] 01/42 VUs  06m05.9s/30m0s  30.00 iters/s

running (06m06.9s), 04/42 VUs, 10993 complete and 0 interrupted iterations
fapi2_logged_in_high_security   [  20% ] 04/42 VUs  06m06.9s/30m0s  30.00 iters/s

running (06m07.9s), 01/42 VUs, 11026 complete and 0 interrupted iterations
fapi2_logged_in_high_security   [  20% ] 01/42 VUs  06m07.9s/30m0s  30.00 iters/s

running (06m08.9s), 02/42 VUs, 11055 complete and 0 interrupted iterations
fapi2_logged_in_high_security   [  20% ] 02/42 VUs  06m08.9s/30m0s  30.00 iters/s

running (06m09.9s), 01/42 VUs, 11086 complete and 0 interrupted iterations
fapi2_logged_in_high_security   [  21% ] 01/42 VUs  06m09.9s/30m0s  30.00 iters/s

running (06m10.9s), 01/42 VUs, 11116 complete and 0 interrupted iterations
fapi2_logged_in_high_security   [  21% ] 01/42 VUs  06m10.9s/30m0s  30.00 iters/s

running (06m11.9s), 01/42 VUs, 11146 complete and 0 interrupted iterations
fapi2_logged_in_high_security   [  21% ] 01/42 VUs  06m11.9s/30m0s  30.00 iters/s

running (06m12.9s), 01/42 VUs, 11176 complete and 0 interrupted iterations
fapi2_logged_in_high_security   [  21% ] 01/42 VUs  06m12.9s/30m0s  30.00 iters/s

running (06m13.9s), 01/42 VUs, 11206 complete and 0 interrupted iterations
fapi2_logged_in_high_security   [  21% ] 01/42 VUs  06m13.9s/30m0s  30.00 iters/s

running (06m14.9s), 02/42 VUs, 11235 complete and 0 interrupted iterations
fapi2_logged_in_high_security   [  21% ] 02/42 VUs  06m14.9s/30m0s  30.00 iters/s

running (06m15.9s), 01/42 VUs, 11266 complete and 0 interrupted iterations
fapi2_logged_in_high_security   [  21% ] 01/42 VUs  06m15.9s/30m0s  30.00 iters/s

running (06m16.9s), 01/42 VUs, 11296 complete and 0 interrupted iterations
fapi2_logged_in_high_security   [  21% ] 01/42 VUs  06m16.9s/30m0s  30.00 iters/s

running (06m17.9s), 02/42 VUs, 11325 complete and 0 interrupted iterations
fapi2_logged_in_high_security   [  21% ] 02/42 VUs  06m17.9s/30m0s  30.00 iters/s

running (06m18.9s), 02/42 VUs, 11355 complete and 0 interrupted iterations
fapi2_logged_in_high_security   [  21% ] 02/42 VUs  06m18.9s/30m0s  30.00 iters/s

running (06m19.9s), 02/42 VUs, 11385 complete and 0 interrupted iterations
fapi2_logged_in_high_security   [  21% ] 02/42 VUs  06m19.9s/30m0s  30.00 iters/s

running (06m20.9s), 02/42 VUs, 11415 complete and 0 interrupted iterations
fapi2_logged_in_high_security   [  21% ] 02/42 VUs  06m20.9s/30m0s  30.00 iters/s

running (06m21.9s), 02/42 VUs, 11445 complete and 0 interrupted iterations
fapi2_logged_in_high_security   [  21% ] 02/42 VUs  06m21.9s/30m0s  30.00 iters/s

running (06m22.9s), 02/42 VUs, 11475 complete and 0 interrupted iterations
fapi2_logged_in_high_security   [  21% ] 02/42 VUs  06m22.9s/30m0s  30.00 iters/s

running (06m23.9s), 02/42 VUs, 11505 complete and 0 interrupted iterations
fapi2_logged_in_high_security   [  21% ] 02/42 VUs  06m23.9s/30m0s  30.00 iters/s

running (06m24.9s), 02/42 VUs, 11535 complete and 0 interrupted iterations
fapi2_logged_in_high_security   [  21% ] 02/42 VUs  06m24.9s/30m0s  30.00 iters/s

running (06m25.9s), 01/42 VUs, 11566 complete and 0 interrupted iterations
fapi2_logged_in_high_security   [  21% ] 01/42 VUs  06m25.9s/30m0s  30.00 iters/s

running (06m26.9s), 02/42 VUs, 11595 complete and 0 interrupted iterations
fapi2_logged_in_high_security   [  21% ] 02/42 VUs  06m26.9s/30m0s  30.00 iters/s

running (06m27.9s), 01/42 VUs, 11626 complete and 0 interrupted iterations
fapi2_logged_in_high_security   [  22% ] 01/42 VUs  06m27.9s/30m0s  30.00 iters/s

running (06m28.9s), 01/42 VUs, 11656 complete and 0 interrupted iterations
fapi2_logged_in_high_security   [  22% ] 01/42 VUs  06m28.9s/30m0s  30.00 iters/s

running (06m29.9s), 02/42 VUs, 11685 complete and 0 interrupted iterations
fapi2_logged_in_high_security   [  22% ] 02/42 VUs  06m29.9s/30m0s  30.00 iters/s

running (06m30.9s), 02/42 VUs, 11715 complete and 0 interrupted iterations
fapi2_logged_in_high_security   [  22% ] 02/42 VUs  06m30.9s/30m0s  30.00 iters/s

running (06m31.9s), 01/42 VUs, 11746 complete and 0 interrupted iterations
fapi2_logged_in_high_security   [  22% ] 01/42 VUs  06m31.9s/30m0s  30.00 iters/s

running (06m32.9s), 02/42 VUs, 11775 complete and 0 interrupted iterations
fapi2_logged_in_high_security   [  22% ] 02/42 VUs  06m32.9s/30m0s  30.00 iters/s

running (06m33.9s), 01/42 VUs, 11806 complete and 0 interrupted iterations
fapi2_logged_in_high_security   [  22% ] 01/42 VUs  06m33.9s/30m0s  30.00 iters/s

running (06m34.9s), 01/42 VUs, 11836 complete and 0 interrupted iterations
fapi2_logged_in_high_security   [  22% ] 01/42 VUs  06m34.9s/30m0s  30.00 iters/s

running (06m35.9s), 03/42 VUs, 11864 complete and 0 interrupted iterations
fapi2_logged_in_high_security   [  22% ] 03/42 VUs  06m35.9s/30m0s  30.00 iters/s

running (06m36.9s), 01/42 VUs, 11896 complete and 0 interrupted iterations
fapi2_logged_in_high_security   [  22% ] 01/42 VUs  06m36.9s/30m0s  30.00 iters/s

running (06m37.9s), 02/42 VUs, 11925 complete and 0 interrupted iterations
fapi2_logged_in_high_security   [  22% ] 02/42 VUs  06m37.9s/30m0s  30.00 iters/s

running (06m38.9s), 02/42 VUs, 11955 complete and 0 interrupted iterations
fapi2_logged_in_high_security   [  22% ] 02/42 VUs  06m38.9s/30m0s  30.00 iters/s

running (06m39.9s), 02/42 VUs, 11985 complete and 0 interrupted iterations
fapi2_logged_in_high_security   [  22% ] 02/42 VUs  06m39.9s/30m0s  30.00 iters/s

running (06m40.9s), 01/42 VUs, 12016 complete and 0 interrupted iterations
fapi2_logged_in_high_security   [  22% ] 01/42 VUs  06m40.9s/30m0s  30.00 iters/s

running (06m41.9s), 02/42 VUs, 12045 complete and 0 interrupted iterations
fapi2_logged_in_high_security   [  22% ] 02/42 VUs  06m41.9s/30m0s  30.00 iters/s

running (06m42.9s), 02/42 VUs, 12075 complete and 0 interrupted iterations
fapi2_logged_in_high_security   [  22% ] 02/42 VUs  06m42.9s/30m0s  30.00 iters/s

running (06m43.9s), 01/42 VUs, 12106 complete and 0 interrupted iterations
fapi2_logged_in_high_security   [  22% ] 01/42 VUs  06m43.9s/30m0s  30.00 iters/s

running (06m44.9s), 01/42 VUs, 12136 complete and 0 interrupted iterations
fapi2_logged_in_high_security   [  22% ] 01/42 VUs  06m44.9s/30m0s  30.00 iters/s

running (06m45.9s), 01/42 VUs, 12166 complete and 0 interrupted iterations
fapi2_logged_in_high_security   [  23% ] 01/42 VUs  06m45.9s/30m0s  30.00 iters/s

running (06m46.9s), 01/42 VUs, 12196 complete and 0 interrupted iterations
fapi2_logged_in_high_security   [  23% ] 01/42 VUs  06m46.9s/30m0s  30.00 iters/s

running (06m47.9s), 01/42 VUs, 12226 complete and 0 interrupted iterations
fapi2_logged_in_high_security   [  23% ] 01/42 VUs  06m47.9s/30m0s  30.00 iters/s

running (06m48.9s), 01/42 VUs, 12256 complete and 0 interrupted iterations
fapi2_logged_in_high_security   [  23% ] 01/42 VUs  06m48.9s/30m0s  30.00 iters/s

running (06m49.9s), 01/42 VUs, 12286 complete and 0 interrupted iterations
fapi2_logged_in_high_security   [  23% ] 01/42 VUs  06m49.9s/30m0s  30.00 iters/s

running (06m50.9s), 01/42 VUs, 12316 complete and 0 interrupted iterations
fapi2_logged_in_high_security   [  23% ] 01/42 VUs  06m50.9s/30m0s  30.00 iters/s

running (06m51.9s), 01/42 VUs, 12346 complete and 0 interrupted iterations
fapi2_logged_in_high_security   [  23% ] 01/42 VUs  06m51.9s/30m0s  30.00 iters/s

running (06m52.9s), 01/42 VUs, 12376 complete and 0 interrupted iterations
fapi2_logged_in_high_security   [  23% ] 01/42 VUs  06m52.9s/30m0s  30.00 iters/s

running (06m53.9s), 01/42 VUs, 12406 complete and 0 interrupted iterations
fapi2_logged_in_high_security   [  23% ] 01/42 VUs  06m53.9s/30m0s  30.00 iters/s

running (06m54.9s), 01/42 VUs, 12436 complete and 0 interrupted iterations
fapi2_logged_in_high_security   [  23% ] 01/42 VUs  06m54.9s/30m0s  30.00 iters/s

running (06m55.9s), 01/42 VUs, 12466 complete and 0 interrupted iterations
fapi2_logged_in_high_security   [  23% ] 01/42 VUs  06m55.9s/30m0s  30.00 iters/s

running (06m56.9s), 01/42 VUs, 12496 complete and 0 interrupted iterations
fapi2_logged_in_high_security   [  23% ] 01/42 VUs  06m56.9s/30m0s  30.00 iters/s

running (06m57.9s), 02/42 VUs, 12525 complete and 0 interrupted iterations
fapi2_logged_in_high_security   [  23% ] 02/42 VUs  06m57.9s/30m0s  30.00 iters/s

running (06m58.9s), 02/42 VUs, 12555 complete and 0 interrupted iterations
fapi2_logged_in_high_security   [  23% ] 02/42 VUs  06m58.9s/30m0s  30.00 iters/s

running (06m59.9s), 02/42 VUs, 12585 complete and 0 interrupted iterations
fapi2_logged_in_high_security   [  23% ] 02/42 VUs  06m59.9s/30m0s  30.00 iters/s

running (07m00.9s), 01/42 VUs, 12616 complete and 0 interrupted iterations
fapi2_logged_in_high_security   [  23% ] 01/42 VUs  07m00.9s/30m0s  30.00 iters/s

running (07m01.9s), 01/42 VUs, 12646 complete and 0 interrupted iterations
fapi2_logged_in_high_security   [  23% ] 01/42 VUs  07m01.9s/30m0s  30.00 iters/s

running (07m02.9s), 01/42 VUs, 12676 complete and 0 interrupted iterations
fapi2_logged_in_high_security   [  23% ] 01/42 VUs  07m02.9s/30m0s  30.00 iters/s

running (07m03.9s), 01/42 VUs, 12706 complete and 0 interrupted iterations
fapi2_logged_in_high_security   [  24% ] 01/42 VUs  07m03.9s/30m0s  30.00 iters/s

running (07m04.9s), 01/42 VUs, 12736 complete and 0 interrupted iterations
fapi2_logged_in_high_security   [  24% ] 01/42 VUs  07m04.9s/30m0s  30.00 iters/s

running (07m05.9s), 01/42 VUs, 12766 complete and 0 interrupted iterations
fapi2_logged_in_high_security   [  24% ] 01/42 VUs  07m05.9s/30m0s  30.00 iters/s

running (07m06.9s), 01/42 VUs, 12796 complete and 0 interrupted iterations
fapi2_logged_in_high_security   [  24% ] 01/42 VUs  07m06.9s/30m0s  30.00 iters/s

running (07m07.9s), 01/42 VUs, 12826 complete and 0 interrupted iterations
fapi2_logged_in_high_security   [  24% ] 01/42 VUs  07m07.9s/30m0s  30.00 iters/s

running (07m08.9s), 01/42 VUs, 12856 complete and 0 interrupted iterations
fapi2_logged_in_high_security   [  24% ] 01/42 VUs  07m08.9s/30m0s  30.00 iters/s

running (07m09.9s), 01/42 VUs, 12886 complete and 0 interrupted iterations
fapi2_logged_in_high_security   [  24% ] 01/42 VUs  07m09.9s/30m0s  30.00 iters/s

running (07m10.9s), 01/42 VUs, 12916 complete and 0 interrupted iterations
fapi2_logged_in_high_security   [  24% ] 01/42 VUs  07m10.9s/30m0s  30.00 iters/s

running (07m11.9s), 07/42 VUs, 12940 complete and 0 interrupted iterations
fapi2_logged_in_high_security   [  24% ] 07/42 VUs  07m11.9s/30m0s  30.00 iters/s

running (07m12.9s), 01/42 VUs, 12976 complete and 0 interrupted iterations
fapi2_logged_in_high_security   [  24% ] 01/42 VUs  07m12.9s/30m0s  30.00 iters/s

running (07m13.9s), 01/42 VUs, 13006 complete and 0 interrupted iterations
fapi2_logged_in_high_security   [  24% ] 01/42 VUs  07m13.9s/30m0s  30.00 iters/s

running (07m14.9s), 01/42 VUs, 13036 complete and 0 interrupted iterations
fapi2_logged_in_high_security   [  24% ] 01/42 VUs  07m14.9s/30m0s  30.00 iters/s

running (07m15.9s), 01/42 VUs, 13066 complete and 0 interrupted iterations
fapi2_logged_in_high_security   [  24% ] 01/42 VUs  07m15.9s/30m0s  30.00 iters/s

running (07m16.9s), 01/42 VUs, 13096 complete and 0 interrupted iterations
fapi2_logged_in_high_security   [  24% ] 01/42 VUs  07m16.9s/30m0s  30.00 iters/s

running (07m17.9s), 01/42 VUs, 13126 complete and 0 interrupted iterations
fapi2_logged_in_high_security   [  24% ] 01/42 VUs  07m17.9s/30m0s  30.00 iters/s

running (07m18.9s), 02/42 VUs, 13155 complete and 0 interrupted iterations
fapi2_logged_in_high_security   [  24% ] 02/42 VUs  07m18.9s/30m0s  30.00 iters/s

running (07m19.9s), 02/42 VUs, 13185 complete and 0 interrupted iterations
fapi2_logged_in_high_security   [  24% ] 02/42 VUs  07m19.9s/30m0s  30.00 iters/s

running (07m20.9s), 01/42 VUs, 13216 complete and 0 interrupted iterations
fapi2_logged_in_high_security   [  24% ] 01/42 VUs  07m20.9s/30m0s  30.00 iters/s

running (07m21.9s), 01/42 VUs, 13246 complete and 0 interrupted iterations
fapi2_logged_in_high_security   [  25% ] 01/42 VUs  07m21.9s/30m0s  30.00 iters/s

running (07m22.9s), 02/42 VUs, 13275 complete and 0 interrupted iterations
fapi2_logged_in_high_security   [  25% ] 02/42 VUs  07m22.9s/30m0s  30.00 iters/s

running (07m23.9s), 01/42 VUs, 13306 complete and 0 interrupted iterations
fapi2_logged_in_high_security   [  25% ] 01/42 VUs  07m23.9s/30m0s  30.00 iters/s

running (07m24.9s), 01/42 VUs, 13336 complete and 0 interrupted iterations
fapi2_logged_in_high_security   [  25% ] 01/42 VUs  07m24.9s/30m0s  30.00 iters/s

running (07m25.9s), 07/42 VUs, 13360 complete and 0 interrupted iterations
fapi2_logged_in_high_security   [  25% ] 07/42 VUs  07m25.9s/30m0s  30.00 iters/s

running (07m26.9s), 02/42 VUs, 13395 complete and 0 interrupted iterations
fapi2_logged_in_high_security   [  25% ] 02/42 VUs  07m26.9s/30m0s  30.00 iters/s

running (07m27.9s), 01/42 VUs, 13426 complete and 0 interrupted iterations
fapi2_logged_in_high_security   [  25% ] 01/42 VUs  07m27.9s/30m0s  30.00 iters/s

running (07m28.9s), 01/42 VUs, 13456 complete and 0 interrupted iterations
fapi2_logged_in_high_security   [  25% ] 01/42 VUs  07m28.9s/30m0s  30.00 iters/s

running (07m29.9s), 01/42 VUs, 13486 complete and 0 interrupted iterations
fapi2_logged_in_high_security   [  25% ] 01/42 VUs  07m29.9s/30m0s  30.00 iters/s

running (07m30.9s), 02/42 VUs, 13515 complete and 0 interrupted iterations
fapi2_logged_in_high_security   [  25% ] 02/42 VUs  07m30.9s/30m0s  30.00 iters/s

running (07m31.9s), 01/42 VUs, 13546 complete and 0 interrupted iterations
fapi2_logged_in_high_security   [  25% ] 01/42 VUs  07m31.9s/30m0s  30.00 iters/s

running (07m32.9s), 01/42 VUs, 13576 complete and 0 interrupted iterations
fapi2_logged_in_high_security   [  25% ] 01/42 VUs  07m32.9s/30m0s  30.00 iters/s

running (07m33.9s), 02/42 VUs, 13605 complete and 0 interrupted iterations
fapi2_logged_in_high_security   [  25% ] 02/42 VUs  07m33.9s/30m0s  30.00 iters/s

running (07m34.9s), 04/42 VUs, 13633 complete and 0 interrupted iterations
fapi2_logged_in_high_security   [  25% ] 04/42 VUs  07m34.9s/30m0s  30.00 iters/s

running (07m35.9s), 01/42 VUs, 13666 complete and 0 interrupted iterations
fapi2_logged_in_high_security   [  25% ] 01/42 VUs  07m35.9s/30m0s  30.00 iters/s

running (07m36.9s), 01/42 VUs, 13696 complete and 0 interrupted iterations
fapi2_logged_in_high_security   [  25% ] 01/42 VUs  07m36.9s/30m0s  30.00 iters/s

running (07m37.9s), 02/42 VUs, 13725 complete and 0 interrupted iterations
fapi2_logged_in_high_security   [  25% ] 02/42 VUs  07m37.9s/30m0s  30.00 iters/s

running (07m38.9s), 01/42 VUs, 13756 complete and 0 interrupted iterations
fapi2_logged_in_high_security   [  25% ] 01/42 VUs  07m38.9s/30m0s  30.00 iters/s

running (07m39.9s), 01/42 VUs, 13786 complete and 0 interrupted iterations
fapi2_logged_in_high_security   [  26% ] 01/42 VUs  07m39.9s/30m0s  30.00 iters/s

running (07m40.9s), 01/42 VUs, 13816 complete and 0 interrupted iterations
fapi2_logged_in_high_security   [  26% ] 01/42 VUs  07m40.9s/30m0s  30.00 iters/s

running (07m41.9s), 01/42 VUs, 13846 complete and 0 interrupted iterations
fapi2_logged_in_high_security   [  26% ] 01/42 VUs  07m41.9s/30m0s  30.00 iters/s

running (07m42.9s), 02/42 VUs, 13875 complete and 0 interrupted iterations
fapi2_logged_in_high_security   [  26% ] 02/42 VUs  07m42.9s/30m0s  30.00 iters/s

running (07m43.9s), 02/42 VUs, 13905 complete and 0 interrupted iterations
fapi2_logged_in_high_security   [  26% ] 02/42 VUs  07m43.9s/30m0s  30.00 iters/s

running (07m44.9s), 01/42 VUs, 13936 complete and 0 interrupted iterations
fapi2_logged_in_high_security   [  26% ] 01/42 VUs  07m44.9s/30m0s  30.00 iters/s

running (07m45.9s), 06/42 VUs, 13961 complete and 0 interrupted iterations
fapi2_logged_in_high_security   [  26% ] 06/42 VUs  07m45.9s/30m0s  30.00 iters/s

running (07m46.9s), 01/42 VUs, 13996 complete and 0 interrupted iterations
fapi2_logged_in_high_security   [  26% ] 01/42 VUs  07m46.9s/30m0s  30.00 iters/s

running (07m47.9s), 02/42 VUs, 14025 complete and 0 interrupted iterations
fapi2_logged_in_high_security   [  26% ] 02/42 VUs  07m47.9s/30m0s  30.00 iters/s

running (07m48.9s), 01/42 VUs, 14056 complete and 0 interrupted iterations
fapi2_logged_in_high_security   [  26% ] 01/42 VUs  07m48.9s/30m0s  30.00 iters/s

running (07m49.9s), 01/42 VUs, 14086 complete and 0 interrupted iterations
fapi2_logged_in_high_security   [  26% ] 01/42 VUs  07m49.9s/30m0s  30.00 iters/s

running (07m50.9s), 02/42 VUs, 14115 complete and 0 interrupted iterations
fapi2_logged_in_high_security   [  26% ] 02/42 VUs  07m50.9s/30m0s  30.00 iters/s

running (07m51.9s), 01/42 VUs, 14146 complete and 0 interrupted iterations
fapi2_logged_in_high_security   [  26% ] 01/42 VUs  07m51.9s/30m0s  30.00 iters/s

running (07m52.9s), 02/42 VUs, 14175 complete and 0 interrupted iterations
fapi2_logged_in_high_security   [  26% ] 02/42 VUs  07m52.9s/30m0s  30.00 iters/s

running (07m53.9s), 01/42 VUs, 14206 complete and 0 interrupted iterations
fapi2_logged_in_high_security   [  26% ] 01/42 VUs  07m53.9s/30m0s  30.00 iters/s

running (07m54.9s), 01/42 VUs, 14236 complete and 0 interrupted iterations
fapi2_logged_in_high_security   [  26% ] 01/42 VUs  07m54.9s/30m0s  30.00 iters/s

running (07m55.9s), 01/42 VUs, 14266 complete and 0 interrupted iterations
fapi2_logged_in_high_security   [  26% ] 01/42 VUs  07m55.9s/30m0s  30.00 iters/s

running (07m56.9s), 01/42 VUs, 14296 complete and 0 interrupted iterations
fapi2_logged_in_high_security   [  26% ] 01/42 VUs  07m56.9s/30m0s  30.00 iters/s

running (07m57.9s), 01/42 VUs, 14326 complete and 0 interrupted iterations
fapi2_logged_in_high_security   [  27% ] 01/42 VUs  07m57.9s/30m0s  30.00 iters/s

running (07m58.9s), 01/42 VUs, 14356 complete and 0 interrupted iterations
fapi2_logged_in_high_security   [  27% ] 01/42 VUs  07m58.9s/30m0s  30.00 iters/s

running (07m59.9s), 02/42 VUs, 14385 complete and 0 interrupted iterations
fapi2_logged_in_high_security   [  27% ] 02/42 VUs  07m59.9s/30m0s  30.00 iters/s

running (08m00.9s), 01/42 VUs, 14416 complete and 0 interrupted iterations
fapi2_logged_in_high_security   [  27% ] 01/42 VUs  08m00.9s/30m0s  30.00 iters/s

running (08m01.9s), 01/42 VUs, 14446 complete and 0 interrupted iterations
fapi2_logged_in_high_security   [  27% ] 01/42 VUs  08m01.9s/30m0s  30.00 iters/s

running (08m02.9s), 02/42 VUs, 14475 complete and 0 interrupted iterations
fapi2_logged_in_high_security   [  27% ] 02/42 VUs  08m02.9s/30m0s  30.00 iters/s

running (08m03.9s), 01/42 VUs, 14506 complete and 0 interrupted iterations
fapi2_logged_in_high_security   [  27% ] 01/42 VUs  08m03.9s/30m0s  30.00 iters/s

running (08m04.9s), 01/42 VUs, 14536 complete and 0 interrupted iterations
fapi2_logged_in_high_security   [  27% ] 01/42 VUs  08m04.9s/30m0s  30.00 iters/s

running (08m05.9s), 02/42 VUs, 14565 complete and 0 interrupted iterations
fapi2_logged_in_high_security   [  27% ] 02/42 VUs  08m05.9s/30m0s  30.00 iters/s

running (08m06.9s), 01/42 VUs, 14596 complete and 0 interrupted iterations
fapi2_logged_in_high_security   [  27% ] 01/42 VUs  08m06.9s/30m0s  30.00 iters/s

running (08m07.9s), 01/42 VUs, 14626 complete and 0 interrupted iterations
fapi2_logged_in_high_security   [  27% ] 01/42 VUs  08m07.9s/30m0s  30.00 iters/s

running (08m08.9s), 01/42 VUs, 14656 complete and 0 interrupted iterations
fapi2_logged_in_high_security   [  27% ] 01/42 VUs  08m08.9s/30m0s  30.00 iters/s

running (08m09.9s), 02/42 VUs, 14685 complete and 0 interrupted iterations
fapi2_logged_in_high_security   [  27% ] 02/42 VUs  08m09.9s/30m0s  30.00 iters/s

running (08m10.9s), 01/42 VUs, 14716 complete and 0 interrupted iterations
fapi2_logged_in_high_security   [  27% ] 01/42 VUs  08m10.9s/30m0s  30.00 iters/s

running (08m11.9s), 01/42 VUs, 14746 complete and 0 interrupted iterations
fapi2_logged_in_high_security   [  27% ] 01/42 VUs  08m11.9s/30m0s  30.00 iters/s

running (08m12.9s), 01/42 VUs, 14776 complete and 0 interrupted iterations
fapi2_logged_in_high_security   [  27% ] 01/42 VUs  08m12.9s/30m0s  30.00 iters/s

running (08m13.9s), 02/42 VUs, 14805 complete and 0 interrupted iterations
fapi2_logged_in_high_security   [  27% ] 02/42 VUs  08m13.9s/30m0s  30.00 iters/s

running (08m14.9s), 01/42 VUs, 14836 complete and 0 interrupted iterations
fapi2_logged_in_high_security   [  27% ] 01/42 VUs  08m14.9s/30m0s  30.00 iters/s

running (08m15.9s), 01/42 VUs, 14866 complete and 0 interrupted iterations
fapi2_logged_in_high_security   [  28% ] 01/42 VUs  08m15.9s/30m0s  30.00 iters/s

running (08m16.9s), 01/42 VUs, 14896 complete and 0 interrupted iterations
fapi2_logged_in_high_security   [  28% ] 01/42 VUs  08m16.9s/30m0s  30.00 iters/s

running (08m17.9s), 02/42 VUs, 14925 complete and 0 interrupted iterations
fapi2_logged_in_high_security   [  28% ] 02/42 VUs  08m17.9s/30m0s  30.00 iters/s

running (08m18.9s), 01/42 VUs, 14956 complete and 0 interrupted iterations
fapi2_logged_in_high_security   [  28% ] 01/42 VUs  08m18.9s/30m0s  30.00 iters/s

running (08m19.9s), 02/42 VUs, 14985 complete and 0 interrupted iterations
fapi2_logged_in_high_security   [  28% ] 02/42 VUs  08m19.9s/30m0s  30.00 iters/s

running (08m20.9s), 02/42 VUs, 15015 complete and 0 interrupted iterations
fapi2_logged_in_high_security   [  28% ] 02/42 VUs  08m20.9s/30m0s  30.00 iters/s

running (08m21.9s), 01/42 VUs, 15046 complete and 0 interrupted iterations
fapi2_logged_in_high_security   [  28% ] 01/42 VUs  08m21.9s/30m0s  30.00 iters/s

running (08m22.9s), 01/42 VUs, 15076 complete and 0 interrupted iterations
fapi2_logged_in_high_security   [  28% ] 01/42 VUs  08m22.9s/30m0s  30.00 iters/s

running (08m23.9s), 01/42 VUs, 15106 complete and 0 interrupted iterations
fapi2_logged_in_high_security   [  28% ] 01/42 VUs  08m23.9s/30m0s  30.00 iters/s

running (08m24.9s), 06/42 VUs, 15131 complete and 0 interrupted iterations
fapi2_logged_in_high_security   [  28% ] 06/42 VUs  08m24.9s/30m0s  30.00 iters/s

running (08m25.9s), 01/42 VUs, 15166 complete and 0 interrupted iterations
fapi2_logged_in_high_security   [  28% ] 01/42 VUs  08m25.9s/30m0s  30.00 iters/s

running (08m26.9s), 03/42 VUs, 15194 complete and 0 interrupted iterations
fapi2_logged_in_high_security   [  28% ] 03/42 VUs  08m26.9s/30m0s  30.00 iters/s

running (08m27.9s), 01/42 VUs, 15226 complete and 0 interrupted iterations
fapi2_logged_in_high_security   [  28% ] 01/42 VUs  08m27.9s/30m0s  30.00 iters/s

running (08m28.9s), 01/42 VUs, 15256 complete and 0 interrupted iterations
fapi2_logged_in_high_security   [  28% ] 01/42 VUs  08m28.9s/30m0s  30.00 iters/s

running (08m29.9s), 05/42 VUs, 15282 complete and 0 interrupted iterations
fapi2_logged_in_high_security   [  28% ] 05/42 VUs  08m29.9s/30m0s  30.00 iters/s

running (08m30.9s), 06/42 VUs, 15311 complete and 0 interrupted iterations
fapi2_logged_in_high_security   [  28% ] 06/42 VUs  08m30.9s/30m0s  30.00 iters/s

running (08m31.9s), 01/42 VUs, 15346 complete and 0 interrupted iterations
fapi2_logged_in_high_security   [  28% ] 01/42 VUs  08m31.9s/30m0s  30.00 iters/s

running (08m32.9s), 02/42 VUs, 15375 complete and 0 interrupted iterations
fapi2_logged_in_high_security   [  28% ] 02/42 VUs  08m32.9s/30m0s  30.00 iters/s

running (08m33.9s), 02/42 VUs, 15405 complete and 0 interrupted iterations
fapi2_logged_in_high_security   [  29% ] 02/42 VUs  08m33.9s/30m0s  30.00 iters/s

running (08m34.9s), 02/42 VUs, 15435 complete and 0 interrupted iterations
fapi2_logged_in_high_security   [  29% ] 02/42 VUs  08m34.9s/30m0s  30.00 iters/s

running (08m35.9s), 02/42 VUs, 15465 complete and 0 interrupted iterations
fapi2_logged_in_high_security   [  29% ] 02/42 VUs  08m35.9s/30m0s  30.00 iters/s

running (08m36.9s), 02/42 VUs, 15495 complete and 0 interrupted iterations
fapi2_logged_in_high_security   [  29% ] 02/42 VUs  08m36.9s/30m0s  30.00 iters/s

running (08m37.9s), 01/42 VUs, 15526 complete and 0 interrupted iterations
fapi2_logged_in_high_security   [  29% ] 01/42 VUs  08m37.9s/30m0s  30.00 iters/s

running (08m38.9s), 02/42 VUs, 15555 complete and 0 interrupted iterations
fapi2_logged_in_high_security   [  29% ] 02/42 VUs  08m38.9s/30m0s  30.00 iters/s

running (08m39.9s), 05/42 VUs, 15582 complete and 0 interrupted iterations
fapi2_logged_in_high_security   [  29% ] 05/42 VUs  08m39.9s/30m0s  30.00 iters/s

running (08m40.9s), 01/42 VUs, 15616 complete and 0 interrupted iterations
fapi2_logged_in_high_security   [  29% ] 01/42 VUs  08m40.9s/30m0s  30.00 iters/s

running (08m41.9s), 01/42 VUs, 15646 complete and 0 interrupted iterations
fapi2_logged_in_high_security   [  29% ] 01/42 VUs  08m41.9s/30m0s  30.00 iters/s

running (08m42.9s), 02/42 VUs, 15675 complete and 0 interrupted iterations
fapi2_logged_in_high_security   [  29% ] 02/42 VUs  08m42.9s/30m0s  30.00 iters/s

running (08m43.9s), 01/42 VUs, 15706 complete and 0 interrupted iterations
fapi2_logged_in_high_security   [  29% ] 01/42 VUs  08m43.9s/30m0s  30.00 iters/s

running (08m44.9s), 03/42 VUs, 15734 complete and 0 interrupted iterations
fapi2_logged_in_high_security   [  29% ] 03/42 VUs  08m44.9s/30m0s  30.00 iters/s

running (08m45.9s), 01/42 VUs, 15766 complete and 0 interrupted iterations
fapi2_logged_in_high_security   [  29% ] 01/42 VUs  08m45.9s/30m0s  30.00 iters/s

running (08m46.9s), 01/42 VUs, 15796 complete and 0 interrupted iterations
fapi2_logged_in_high_security   [  29% ] 01/42 VUs  08m46.9s/30m0s  30.00 iters/s

running (08m47.9s), 02/42 VUs, 15825 complete and 0 interrupted iterations
fapi2_logged_in_high_security   [  29% ] 02/42 VUs  08m47.9s/30m0s  30.00 iters/s

running (08m48.9s), 01/42 VUs, 15856 complete and 0 interrupted iterations
fapi2_logged_in_high_security   [  29% ] 01/42 VUs  08m48.9s/30m0s  30.00 iters/s

running (08m49.9s), 01/42 VUs, 15886 complete and 0 interrupted iterations
fapi2_logged_in_high_security   [  29% ] 01/42 VUs  08m49.9s/30m0s  30.00 iters/s

running (08m50.9s), 03/42 VUs, 15914 complete and 0 interrupted iterations
fapi2_logged_in_high_security   [  29% ] 03/42 VUs  08m50.9s/30m0s  30.00 iters/s

running (08m51.9s), 01/42 VUs, 15946 complete and 0 interrupted iterations
fapi2_logged_in_high_security   [  30% ] 01/42 VUs  08m51.9s/30m0s  30.00 iters/s

running (08m52.9s), 01/42 VUs, 15976 complete and 0 interrupted iterations
fapi2_logged_in_high_security   [  30% ] 01/42 VUs  08m52.9s/30m0s  30.00 iters/s

running (08m53.9s), 01/42 VUs, 16006 complete and 0 interrupted iterations
fapi2_logged_in_high_security   [  30% ] 01/42 VUs  08m53.9s/30m0s  30.00 iters/s

running (08m54.9s), 01/42 VUs, 16036 complete and 0 interrupted iterations
fapi2_logged_in_high_security   [  30% ] 01/42 VUs  08m54.9s/30m0s  30.00 iters/s

running (08m55.9s), 02/42 VUs, 16065 complete and 0 interrupted iterations
fapi2_logged_in_high_security   [  30% ] 02/42 VUs  08m55.9s/30m0s  30.00 iters/s

running (08m56.9s), 02/42 VUs, 16095 complete and 0 interrupted iterations
fapi2_logged_in_high_security   [  30% ] 02/42 VUs  08m56.9s/30m0s  30.00 iters/s

running (08m57.9s), 01/42 VUs, 16126 complete and 0 interrupted iterations
fapi2_logged_in_high_security   [  30% ] 01/42 VUs  08m57.9s/30m0s  30.00 iters/s

running (08m58.9s), 01/42 VUs, 16156 complete and 0 interrupted iterations
fapi2_logged_in_high_security   [  30% ] 01/42 VUs  08m58.9s/30m0s  30.00 iters/s

running (08m59.9s), 02/42 VUs, 16185 complete and 0 interrupted iterations
fapi2_logged_in_high_security   [  30% ] 02/42 VUs  08m59.9s/30m0s  30.00 iters/s

running (09m00.9s), 01/42 VUs, 16216 complete and 0 interrupted iterations
fapi2_logged_in_high_security   [  30% ] 01/42 VUs  09m00.9s/30m0s  30.00 iters/s

running (09m01.9s), 01/42 VUs, 16246 complete and 0 interrupted iterations
fapi2_logged_in_high_security   [  30% ] 01/42 VUs  09m01.9s/30m0s  30.00 iters/s

running (09m02.9s), 02/42 VUs, 16275 complete and 0 interrupted iterations
fapi2_logged_in_high_security   [  30% ] 02/42 VUs  09m02.9s/30m0s  30.00 iters/s

running (09m03.9s), 02/42 VUs, 16305 complete and 0 interrupted iterations
fapi2_logged_in_high_security   [  30% ] 02/42 VUs  09m03.9s/30m0s  30.00 iters/s

running (09m04.9s), 09/42 VUs, 16328 complete and 0 interrupted iterations
fapi2_logged_in_high_security   [  30% ] 09/42 VUs  09m04.9s/30m0s  30.00 iters/s

running (09m05.9s), 02/42 VUs, 16365 complete and 0 interrupted iterations
fapi2_logged_in_high_security   [  30% ] 02/42 VUs  09m05.9s/30m0s  30.00 iters/s

running (09m06.9s), 01/42 VUs, 16396 complete and 0 interrupted iterations
fapi2_logged_in_high_security   [  30% ] 01/42 VUs  09m06.9s/30m0s  30.00 iters/s

running (09m07.9s), 02/42 VUs, 16425 complete and 0 interrupted iterations
fapi2_logged_in_high_security   [  30% ] 02/42 VUs  09m07.9s/30m0s  30.00 iters/s

running (09m08.9s), 01/42 VUs, 16456 complete and 0 interrupted iterations
fapi2_logged_in_high_security   [  30% ] 01/42 VUs  09m08.9s/30m0s  30.00 iters/s

running (09m09.9s), 01/42 VUs, 16486 complete and 0 interrupted iterations
fapi2_logged_in_high_security   [  31% ] 01/42 VUs  09m09.9s/30m0s  30.00 iters/s

running (09m10.9s), 01/42 VUs, 16516 complete and 0 interrupted iterations
fapi2_logged_in_high_security   [  31% ] 01/42 VUs  09m10.9s/30m0s  30.00 iters/s

running (09m11.9s), 02/42 VUs, 16545 complete and 0 interrupted iterations
fapi2_logged_in_high_security   [  31% ] 02/42 VUs  09m11.9s/30m0s  30.00 iters/s

running (09m12.9s), 01/42 VUs, 16576 complete and 0 interrupted iterations
fapi2_logged_in_high_security   [  31% ] 01/42 VUs  09m12.9s/30m0s  30.00 iters/s

running (09m13.9s), 01/42 VUs, 16606 complete and 0 interrupted iterations
fapi2_logged_in_high_security   [  31% ] 01/42 VUs  09m13.9s/30m0s  30.00 iters/s

running (09m14.9s), 02/42 VUs, 16635 complete and 0 interrupted iterations
fapi2_logged_in_high_security   [  31% ] 02/42 VUs  09m14.9s/30m0s  30.00 iters/s

running (09m15.9s), 01/42 VUs, 16666 complete and 0 interrupted iterations
fapi2_logged_in_high_security   [  31% ] 01/42 VUs  09m15.9s/30m0s  30.00 iters/s

running (09m16.9s), 01/42 VUs, 16696 complete and 0 interrupted iterations
fapi2_logged_in_high_security   [  31% ] 01/42 VUs  09m16.9s/30m0s  30.00 iters/s

running (09m17.9s), 01/42 VUs, 16726 complete and 0 interrupted iterations
fapi2_logged_in_high_security   [  31% ] 01/42 VUs  09m17.9s/30m0s  30.00 iters/s

running (09m18.9s), 01/42 VUs, 16756 complete and 0 interrupted iterations
fapi2_logged_in_high_security   [  31% ] 01/42 VUs  09m18.9s/30m0s  30.00 iters/s

running (09m19.9s), 01/42 VUs, 16786 complete and 0 interrupted iterations
fapi2_logged_in_high_security   [  31% ] 01/42 VUs  09m19.9s/30m0s  30.00 iters/s

running (09m20.9s), 02/42 VUs, 16815 complete and 0 interrupted iterations
fapi2_logged_in_high_security   [  31% ] 02/42 VUs  09m20.9s/30m0s  30.00 iters/s

running (09m21.9s), 02/42 VUs, 16845 complete and 0 interrupted iterations
fapi2_logged_in_high_security   [  31% ] 02/42 VUs  09m21.9s/30m0s  30.00 iters/s

running (09m22.9s), 01/42 VUs, 16876 complete and 0 interrupted iterations
fapi2_logged_in_high_security   [  31% ] 01/42 VUs  09m22.9s/30m0s  30.00 iters/s

running (09m23.9s), 01/42 VUs, 16906 complete and 0 interrupted iterations
fapi2_logged_in_high_security   [  31% ] 01/42 VUs  09m23.9s/30m0s  30.00 iters/s

running (09m24.9s), 07/42 VUs, 16930 complete and 0 interrupted iterations
fapi2_logged_in_high_security   [  31% ] 07/42 VUs  09m24.9s/30m0s  30.00 iters/s

running (09m25.9s), 01/42 VUs, 16966 complete and 0 interrupted iterations
fapi2_logged_in_high_security   [  31% ] 01/42 VUs  09m25.9s/30m0s  30.00 iters/s

running (09m26.9s), 01/42 VUs, 16996 complete and 0 interrupted iterations
fapi2_logged_in_high_security   [  31% ] 01/42 VUs  09m26.9s/30m0s  30.00 iters/s

running (09m27.9s), 02/42 VUs, 17025 complete and 0 interrupted iterations
fapi2_logged_in_high_security   [  32% ] 02/42 VUs  09m27.9s/30m0s  30.00 iters/s

running (09m28.9s), 01/42 VUs, 17056 complete and 0 interrupted iterations
fapi2_logged_in_high_security   [  32% ] 01/42 VUs  09m28.9s/30m0s  30.00 iters/s

running (09m29.9s), 01/42 VUs, 17086 complete and 0 interrupted iterations
fapi2_logged_in_high_security   [  32% ] 01/42 VUs  09m29.9s/30m0s  30.00 iters/s

running (09m30.9s), 01/42 VUs, 17116 complete and 0 interrupted iterations
fapi2_logged_in_high_security   [  32% ] 01/42 VUs  09m30.9s/30m0s  30.00 iters/s

running (09m31.9s), 01/42 VUs, 17146 complete and 0 interrupted iterations
fapi2_logged_in_high_security   [  32% ] 01/42 VUs  09m31.9s/30m0s  30.00 iters/s

running (09m32.9s), 01/42 VUs, 17176 complete and 0 interrupted iterations
fapi2_logged_in_high_security   [  32% ] 01/42 VUs  09m32.9s/30m0s  30.00 iters/s

running (09m33.9s), 02/42 VUs, 17205 complete and 0 interrupted iterations
fapi2_logged_in_high_security   [  32% ] 02/42 VUs  09m33.9s/30m0s  30.00 iters/s

running (09m34.9s), 01/42 VUs, 17236 complete and 0 interrupted iterations
fapi2_logged_in_high_security   [  32% ] 01/42 VUs  09m34.9s/30m0s  30.00 iters/s

running (09m35.9s), 01/42 VUs, 17266 complete and 0 interrupted iterations
fapi2_logged_in_high_security   [  32% ] 01/42 VUs  09m35.9s/30m0s  30.00 iters/s

running (09m36.9s), 02/42 VUs, 17295 complete and 0 interrupted iterations
fapi2_logged_in_high_security   [  32% ] 02/42 VUs  09m36.9s/30m0s  30.00 iters/s

running (09m37.9s), 01/42 VUs, 17326 complete and 0 interrupted iterations
fapi2_logged_in_high_security   [  32% ] 01/42 VUs  09m37.9s/30m0s  30.00 iters/s

running (09m38.9s), 01/42 VUs, 17356 complete and 0 interrupted iterations
fapi2_logged_in_high_security   [  32% ] 01/42 VUs  09m38.9s/30m0s  30.00 iters/s

running (09m39.9s), 01/42 VUs, 17386 complete and 0 interrupted iterations
fapi2_logged_in_high_security   [  32% ] 01/42 VUs  09m39.9s/30m0s  30.00 iters/s

running (09m40.9s), 02/42 VUs, 17415 complete and 0 interrupted iterations
fapi2_logged_in_high_security   [  32% ] 02/42 VUs  09m40.9s/30m0s  30.00 iters/s

running (09m41.9s), 01/42 VUs, 17446 complete and 0 interrupted iterations
fapi2_logged_in_high_security   [  32% ] 01/42 VUs  09m41.9s/30m0s  30.00 iters/s

running (09m42.9s), 01/42 VUs, 17476 complete and 0 interrupted iterations
fapi2_logged_in_high_security   [  32% ] 01/42 VUs  09m42.9s/30m0s  30.00 iters/s

running (09m43.9s), 04/42 VUs, 17503 complete and 0 interrupted iterations
fapi2_logged_in_high_security   [  32% ] 04/42 VUs  09m43.9s/30m0s  30.00 iters/s

running (09m44.9s), 01/42 VUs, 17536 complete and 0 interrupted iterations
fapi2_logged_in_high_security   [  32% ] 01/42 VUs  09m44.9s/30m0s  30.00 iters/s

running (09m45.9s), 02/42 VUs, 17565 complete and 0 interrupted iterations
fapi2_logged_in_high_security   [  33% ] 02/42 VUs  09m45.9s/30m0s  30.00 iters/s

running (09m46.9s), 01/42 VUs, 17596 complete and 0 interrupted iterations
fapi2_logged_in_high_security   [  33% ] 01/42 VUs  09m46.9s/30m0s  30.00 iters/s

running (09m47.9s), 01/42 VUs, 17626 complete and 0 interrupted iterations
fapi2_logged_in_high_security   [  33% ] 01/42 VUs  09m47.9s/30m0s  30.00 iters/s

running (09m48.9s), 02/42 VUs, 17655 complete and 0 interrupted iterations
fapi2_logged_in_high_security   [  33% ] 02/42 VUs  09m48.9s/30m0s  30.00 iters/s

running (09m49.9s), 02/42 VUs, 17685 complete and 0 interrupted iterations
fapi2_logged_in_high_security   [  33% ] 02/42 VUs  09m49.9s/30m0s  30.00 iters/s

running (09m50.9s), 01/42 VUs, 17716 complete and 0 interrupted iterations
fapi2_logged_in_high_security   [  33% ] 01/42 VUs  09m50.9s/30m0s  30.00 iters/s

running (09m51.9s), 02/42 VUs, 17745 complete and 0 interrupted iterations
fapi2_logged_in_high_security   [  33% ] 02/42 VUs  09m51.9s/30m0s  30.00 iters/s

running (09m52.9s), 01/42 VUs, 17776 complete and 0 interrupted iterations
fapi2_logged_in_high_security   [  33% ] 01/42 VUs  09m52.9s/30m0s  30.00 iters/s

running (09m53.9s), 01/42 VUs, 17806 complete and 0 interrupted iterations
fapi2_logged_in_high_security   [  33% ] 01/42 VUs  09m53.9s/30m0s  30.00 iters/s

running (09m54.9s), 02/42 VUs, 17835 complete and 0 interrupted iterations
fapi2_logged_in_high_security   [  33% ] 02/42 VUs  09m54.9s/30m0s  30.00 iters/s

running (09m55.9s), 01/42 VUs, 17866 complete and 0 interrupted iterations
fapi2_logged_in_high_security   [  33% ] 01/42 VUs  09m55.9s/30m0s  30.00 iters/s

running (09m56.9s), 01/42 VUs, 17896 complete and 0 interrupted iterations
fapi2_logged_in_high_security   [  33% ] 01/42 VUs  09m56.9s/30m0s  30.00 iters/s

running (09m57.9s), 02/42 VUs, 17925 complete and 0 interrupted iterations
fapi2_logged_in_high_security   [  33% ] 02/42 VUs  09m57.9s/30m0s  30.00 iters/s

running (09m58.9s), 01/42 VUs, 17956 complete and 0 interrupted iterations
fapi2_logged_in_high_security   [  33% ] 01/42 VUs  09m58.9s/30m0s  30.00 iters/s

running (09m59.9s), 02/42 VUs, 17985 complete and 0 interrupted iterations
fapi2_logged_in_high_security   [  33% ] 02/42 VUs  09m59.9s/30m0s  30.00 iters/s

running (10m00.9s), 01/42 VUs, 18016 complete and 0 interrupted iterations
fapi2_logged_in_high_security   [  33% ] 01/42 VUs  10m00.9s/30m0s  30.00 iters/s

running (10m01.9s), 01/42 VUs, 18046 complete and 0 interrupted iterations
fapi2_logged_in_high_security   [  33% ] 01/42 VUs  10m01.9s/30m0s  30.00 iters/s

running (10m02.9s), 01/42 VUs, 18076 complete and 0 interrupted iterations
fapi2_logged_in_high_security   [  33% ] 01/42 VUs  10m02.9s/30m0s  30.00 iters/s

running (10m03.9s), 06/42 VUs, 18101 complete and 0 interrupted iterations
fapi2_logged_in_high_security   [  34% ] 06/42 VUs  10m03.9s/30m0s  30.00 iters/s

running (10m04.9s), 01/42 VUs, 18136 complete and 0 interrupted iterations
fapi2_logged_in_high_security   [  34% ] 01/42 VUs  10m04.9s/30m0s  30.00 iters/s

running (10m05.9s), 01/42 VUs, 18166 complete and 0 interrupted iterations
fapi2_logged_in_high_security   [  34% ] 01/42 VUs  10m05.9s/30m0s  30.00 iters/s

running (10m06.9s), 02/42 VUs, 18195 complete and 0 interrupted iterations
fapi2_logged_in_high_security   [  34% ] 02/42 VUs  10m06.9s/30m0s  30.00 iters/s

running (10m07.9s), 02/42 VUs, 18225 complete and 0 interrupted iterations
fapi2_logged_in_high_security   [  34% ] 02/42 VUs  10m07.9s/30m0s  30.00 iters/s

running (10m08.9s), 01/42 VUs, 18256 complete and 0 interrupted iterations
fapi2_logged_in_high_security   [  34% ] 01/42 VUs  10m08.9s/30m0s  30.00 iters/s

running (10m09.9s), 01/42 VUs, 18286 complete and 0 interrupted iterations
fapi2_logged_in_high_security   [  34% ] 01/42 VUs  10m09.9s/30m0s  30.00 iters/s

running (10m10.9s), 01/42 VUs, 18316 complete and 0 interrupted iterations
fapi2_logged_in_high_security   [  34% ] 01/42 VUs  10m10.9s/30m0s  30.00 iters/s

running (10m11.9s), 01/42 VUs, 18346 complete and 0 interrupted iterations
fapi2_logged_in_high_security   [  34% ] 01/42 VUs  10m11.9s/30m0s  30.00 iters/s

running (10m12.9s), 02/42 VUs, 18375 complete and 0 interrupted iterations
fapi2_logged_in_high_security   [  34% ] 02/42 VUs  10m12.9s/30m0s  30.00 iters/s

running (10m13.9s), 01/42 VUs, 18406 complete and 0 interrupted iterations
fapi2_logged_in_high_security   [  34% ] 01/42 VUs  10m13.9s/30m0s  30.00 iters/s

running (10m14.9s), 02/42 VUs, 18435 complete and 0 interrupted iterations
fapi2_logged_in_high_security   [  34% ] 02/42 VUs  10m14.9s/30m0s  30.00 iters/s

running (10m15.9s), 01/42 VUs, 18466 complete and 0 interrupted iterations
fapi2_logged_in_high_security   [  34% ] 01/42 VUs  10m15.9s/30m0s  30.00 iters/s

running (10m16.9s), 02/42 VUs, 18495 complete and 0 interrupted iterations
fapi2_logged_in_high_security   [  34% ] 02/42 VUs  10m16.9s/30m0s  30.00 iters/s

running (10m17.9s), 01/42 VUs, 18526 complete and 0 interrupted iterations
fapi2_logged_in_high_security   [  34% ] 01/42 VUs  10m17.9s/30m0s  30.00 iters/s

running (10m18.9s), 01/42 VUs, 18556 complete and 0 interrupted iterations
fapi2_logged_in_high_security   [  34% ] 01/42 VUs  10m18.9s/30m0s  30.00 iters/s

running (10m19.9s), 02/42 VUs, 18585 complete and 0 interrupted iterations
fapi2_logged_in_high_security   [  34% ] 02/42 VUs  10m19.9s/30m0s  30.00 iters/s

running (10m20.9s), 01/42 VUs, 18616 complete and 0 interrupted iterations
fapi2_logged_in_high_security   [  34% ] 01/42 VUs  10m20.9s/30m0s  30.00 iters/s

running (10m21.9s), 01/42 VUs, 18646 complete and 0 interrupted iterations
fapi2_logged_in_high_security   [  35% ] 01/42 VUs  10m21.9s/30m0s  30.00 iters/s

running (10m22.9s), 09/42 VUs, 18668 complete and 0 interrupted iterations
fapi2_logged_in_high_security   [  35% ] 09/42 VUs  10m22.9s/30m0s  30.00 iters/s

running (10m23.9s), 02/42 VUs, 18705 complete and 0 interrupted iterations
fapi2_logged_in_high_security   [  35% ] 02/42 VUs  10m23.9s/30m0s  30.00 iters/s

running (10m24.9s), 01/42 VUs, 18736 complete and 0 interrupted iterations
fapi2_logged_in_high_security   [  35% ] 01/42 VUs  10m24.9s/30m0s  30.00 iters/s

running (10m25.9s), 01/42 VUs, 18766 complete and 0 interrupted iterations
fapi2_logged_in_high_security   [  35% ] 01/42 VUs  10m25.9s/30m0s  30.00 iters/s

running (10m26.9s), 01/42 VUs, 18796 complete and 0 interrupted iterations
fapi2_logged_in_high_security   [  35% ] 01/42 VUs  10m26.9s/30m0s  30.00 iters/s

running (10m27.9s), 01/42 VUs, 18826 complete and 0 interrupted iterations
fapi2_logged_in_high_security   [  35% ] 01/42 VUs  10m27.9s/30m0s  30.00 iters/s

running (10m28.9s), 02/42 VUs, 18855 complete and 0 interrupted iterations
fapi2_logged_in_high_security   [  35% ] 02/42 VUs  10m28.9s/30m0s  30.00 iters/s

running (10m29.9s), 02/42 VUs, 18885 complete and 0 interrupted iterations
fapi2_logged_in_high_security   [  35% ] 02/42 VUs  10m29.9s/30m0s  30.00 iters/s

running (10m30.9s), 01/42 VUs, 18916 complete and 0 interrupted iterations
fapi2_logged_in_high_security   [  35% ] 01/42 VUs  10m30.9s/30m0s  30.00 iters/s

running (10m31.9s), 01/42 VUs, 18946 complete and 0 interrupted iterations
fapi2_logged_in_high_security   [  35% ] 01/42 VUs  10m31.9s/30m0s  30.00 iters/s

running (10m32.9s), 01/42 VUs, 18976 complete and 0 interrupted iterations
fapi2_logged_in_high_security   [  35% ] 01/42 VUs  10m32.9s/30m0s  30.00 iters/s

running (10m33.9s), 01/42 VUs, 19006 complete and 0 interrupted iterations
fapi2_logged_in_high_security   [  35% ] 01/42 VUs  10m33.9s/30m0s  30.00 iters/s

running (10m34.9s), 01/42 VUs, 19036 complete and 0 interrupted iterations
fapi2_logged_in_high_security   [  35% ] 01/42 VUs  10m34.9s/30m0s  30.00 iters/s

running (10m35.9s), 01/42 VUs, 19066 complete and 0 interrupted iterations
fapi2_logged_in_high_security   [  35% ] 01/42 VUs  10m35.9s/30m0s  30.00 iters/s

running (10m36.9s), 01/42 VUs, 19096 complete and 0 interrupted iterations
fapi2_logged_in_high_security   [  35% ] 01/42 VUs  10m36.9s/30m0s  30.00 iters/s

running (10m37.9s), 01/42 VUs, 19126 complete and 0 interrupted iterations
fapi2_logged_in_high_security   [  35% ] 01/42 VUs  10m37.9s/30m0s  30.00 iters/s

running (10m38.9s), 01/42 VUs, 19156 complete and 0 interrupted iterations
fapi2_logged_in_high_security   [  35% ] 01/42 VUs  10m38.9s/30m0s  30.00 iters/s

running (10m39.9s), 01/42 VUs, 19186 complete and 0 interrupted iterations
fapi2_logged_in_high_security   [  36% ] 01/42 VUs  10m39.9s/30m0s  30.00 iters/s

running (10m40.9s), 01/42 VUs, 19216 complete and 0 interrupted iterations
fapi2_logged_in_high_security   [  36% ] 01/42 VUs  10m40.9s/30m0s  30.00 iters/s

running (10m41.9s), 01/42 VUs, 19246 complete and 0 interrupted iterations
fapi2_logged_in_high_security   [  36% ] 01/42 VUs  10m41.9s/30m0s  30.00 iters/s

running (10m42.9s), 01/42 VUs, 19276 complete and 0 interrupted iterations
fapi2_logged_in_high_security   [  36% ] 01/42 VUs  10m42.9s/30m0s  30.00 iters/s

running (10m43.9s), 01/42 VUs, 19306 complete and 0 interrupted iterations
fapi2_logged_in_high_security   [  36% ] 01/42 VUs  10m43.9s/30m0s  30.00 iters/s

running (10m44.9s), 01/42 VUs, 19336 complete and 0 interrupted iterations
fapi2_logged_in_high_security   [  36% ] 01/42 VUs  10m44.9s/30m0s  30.00 iters/s

running (10m45.9s), 02/42 VUs, 19365 complete and 0 interrupted iterations
fapi2_logged_in_high_security   [  36% ] 02/42 VUs  10m45.9s/30m0s  30.00 iters/s

running (10m46.9s), 02/42 VUs, 19395 complete and 0 interrupted iterations
fapi2_logged_in_high_security   [  36% ] 02/42 VUs  10m46.9s/30m0s  30.00 iters/s

running (10m47.9s), 01/42 VUs, 19426 complete and 0 interrupted iterations
fapi2_logged_in_high_security   [  36% ] 01/42 VUs  10m47.9s/30m0s  30.00 iters/s

running (10m48.9s), 01/42 VUs, 19456 complete and 0 interrupted iterations
fapi2_logged_in_high_security   [  36% ] 01/42 VUs  10m48.9s/30m0s  30.00 iters/s

running (10m49.9s), 01/42 VUs, 19486 complete and 0 interrupted iterations
fapi2_logged_in_high_security   [  36% ] 01/42 VUs  10m49.9s/30m0s  30.00 iters/s

running (10m50.9s), 01/42 VUs, 19516 complete and 0 interrupted iterations
fapi2_logged_in_high_security   [  36% ] 01/42 VUs  10m50.9s/30m0s  30.00 iters/s

running (10m51.9s), 01/42 VUs, 19546 complete and 0 interrupted iterations
fapi2_logged_in_high_security   [  36% ] 01/42 VUs  10m51.9s/30m0s  30.00 iters/s

running (10m52.9s), 04/42 VUs, 19573 complete and 0 interrupted iterations
fapi2_logged_in_high_security   [  36% ] 04/42 VUs  10m52.9s/30m0s  30.00 iters/s

running (10m53.9s), 01/42 VUs, 19606 complete and 0 interrupted iterations
fapi2_logged_in_high_security   [  36% ] 01/42 VUs  10m53.9s/30m0s  30.00 iters/s

running (10m54.9s), 01/42 VUs, 19636 complete and 0 interrupted iterations
fapi2_logged_in_high_security   [  36% ] 01/42 VUs  10m54.9s/30m0s  30.00 iters/s

running (10m55.9s), 01/42 VUs, 19666 complete and 0 interrupted iterations
fapi2_logged_in_high_security   [  36% ] 01/42 VUs  10m55.9s/30m0s  30.00 iters/s

running (10m56.9s), 01/42 VUs, 19696 complete and 0 interrupted iterations
fapi2_logged_in_high_security   [  36% ] 01/42 VUs  10m56.9s/30m0s  30.00 iters/s

running (10m57.9s), 01/42 VUs, 19726 complete and 0 interrupted iterations
fapi2_logged_in_high_security   [  37% ] 01/42 VUs  10m57.9s/30m0s  30.00 iters/s

running (10m58.9s), 01/42 VUs, 19756 complete and 0 interrupted iterations
fapi2_logged_in_high_security   [  37% ] 01/42 VUs  10m58.9s/30m0s  30.00 iters/s

running (10m59.9s), 01/42 VUs, 19786 complete and 0 interrupted iterations
fapi2_logged_in_high_security   [  37% ] 01/42 VUs  10m59.9s/30m0s  30.00 iters/s

running (11m00.9s), 01/42 VUs, 19816 complete and 0 interrupted iterations
fapi2_logged_in_high_security   [  37% ] 01/42 VUs  11m00.9s/30m0s  30.00 iters/s

running (11m01.9s), 01/42 VUs, 19846 complete and 0 interrupted iterations
fapi2_logged_in_high_security   [  37% ] 01/42 VUs  11m01.9s/30m0s  30.00 iters/s

running (11m02.9s), 01/42 VUs, 19876 complete and 0 interrupted iterations
fapi2_logged_in_high_security   [  37% ] 01/42 VUs  11m02.9s/30m0s  30.00 iters/s

running (11m03.9s), 01/42 VUs, 19906 complete and 0 interrupted iterations
fapi2_logged_in_high_security   [  37% ] 01/42 VUs  11m03.9s/30m0s  30.00 iters/s

running (11m04.9s), 01/42 VUs, 19936 complete and 0 interrupted iterations
fapi2_logged_in_high_security   [  37% ] 01/42 VUs  11m04.9s/30m0s  30.00 iters/s

running (11m05.9s), 01/42 VUs, 19966 complete and 0 interrupted iterations
fapi2_logged_in_high_security   [  37% ] 01/42 VUs  11m05.9s/30m0s  30.00 iters/s

running (11m06.9s), 01/42 VUs, 19996 complete and 0 interrupted iterations
fapi2_logged_in_high_security   [  37% ] 01/42 VUs  11m06.9s/30m0s  30.00 iters/s

running (11m07.9s), 02/42 VUs, 20025 complete and 0 interrupted iterations
fapi2_logged_in_high_security   [  37% ] 02/42 VUs  11m07.9s/30m0s  30.00 iters/s

running (11m08.9s), 01/42 VUs, 20056 complete and 0 interrupted iterations
fapi2_logged_in_high_security   [  37% ] 01/42 VUs  11m08.9s/30m0s  30.00 iters/s

running (11m09.9s), 01/42 VUs, 20086 complete and 0 interrupted iterations
fapi2_logged_in_high_security   [  37% ] 01/42 VUs  11m09.9s/30m0s  30.00 iters/s

running (11m10.9s), 01/42 VUs, 20116 complete and 0 interrupted iterations
fapi2_logged_in_high_security   [  37% ] 01/42 VUs  11m10.9s/30m0s  30.00 iters/s

running (11m11.9s), 01/42 VUs, 20146 complete and 0 interrupted iterations
fapi2_logged_in_high_security   [  37% ] 01/42 VUs  11m11.9s/30m0s  30.00 iters/s

running (11m12.9s), 01/42 VUs, 20176 complete and 0 interrupted iterations
fapi2_logged_in_high_security   [  37% ] 01/42 VUs  11m12.9s/30m0s  30.00 iters/s

running (11m13.9s), 01/42 VUs, 20206 complete and 0 interrupted iterations
fapi2_logged_in_high_security   [  37% ] 01/42 VUs  11m13.9s/30m0s  30.00 iters/s

running (11m14.9s), 02/42 VUs, 20235 complete and 0 interrupted iterations
fapi2_logged_in_high_security   [  37% ] 02/42 VUs  11m14.9s/30m0s  30.00 iters/s

running (11m15.9s), 01/42 VUs, 20266 complete and 0 interrupted iterations
fapi2_logged_in_high_security   [  38% ] 01/42 VUs  11m15.9s/30m0s  30.00 iters/s

running (11m16.9s), 02/42 VUs, 20295 complete and 0 interrupted iterations
fapi2_logged_in_high_security   [  38% ] 02/42 VUs  11m16.9s/30m0s  30.00 iters/s

running (11m17.9s), 01/42 VUs, 20326 complete and 0 interrupted iterations
fapi2_logged_in_high_security   [  38% ] 01/42 VUs  11m17.9s/30m0s  30.00 iters/s

running (11m18.9s), 01/42 VUs, 20356 complete and 0 interrupted iterations
fapi2_logged_in_high_security   [  38% ] 01/42 VUs  11m18.9s/30m0s  30.00 iters/s

running (11m19.9s), 01/42 VUs, 20386 complete and 0 interrupted iterations
fapi2_logged_in_high_security   [  38% ] 01/42 VUs  11m19.9s/30m0s  30.00 iters/s

running (11m20.9s), 02/42 VUs, 20415 complete and 0 interrupted iterations
fapi2_logged_in_high_security   [  38% ] 02/42 VUs  11m20.9s/30m0s  30.00 iters/s

running (11m21.9s), 01/42 VUs, 20446 complete and 0 interrupted iterations
fapi2_logged_in_high_security   [  38% ] 01/42 VUs  11m21.9s/30m0s  30.00 iters/s

running (11m22.9s), 01/42 VUs, 20476 complete and 0 interrupted iterations
fapi2_logged_in_high_security   [  38% ] 01/42 VUs  11m22.9s/30m0s  30.00 iters/s

running (11m23.9s), 01/42 VUs, 20506 complete and 0 interrupted iterations
fapi2_logged_in_high_security   [  38% ] 01/42 VUs  11m23.9s/30m0s  30.00 iters/s

running (11m24.9s), 01/42 VUs, 20536 complete and 0 interrupted iterations
fapi2_logged_in_high_security   [  38% ] 01/42 VUs  11m24.9s/30m0s  30.00 iters/s

running (11m25.9s), 01/42 VUs, 20566 complete and 0 interrupted iterations
fapi2_logged_in_high_security   [  38% ] 01/42 VUs  11m25.9s/30m0s  30.00 iters/s

running (11m26.9s), 02/42 VUs, 20595 complete and 0 interrupted iterations
fapi2_logged_in_high_security   [  38% ] 02/42 VUs  11m26.9s/30m0s  30.00 iters/s

running (11m27.9s), 01/42 VUs, 20626 complete and 0 interrupted iterations
fapi2_logged_in_high_security   [  38% ] 01/42 VUs  11m27.9s/30m0s  30.00 iters/s

running (11m28.9s), 01/42 VUs, 20656 complete and 0 interrupted iterations
fapi2_logged_in_high_security   [  38% ] 01/42 VUs  11m28.9s/30m0s  30.00 iters/s

running (11m29.9s), 01/42 VUs, 20686 complete and 0 interrupted iterations
fapi2_logged_in_high_security   [  38% ] 01/42 VUs  11m29.9s/30m0s  30.00 iters/s

running (11m30.9s), 01/42 VUs, 20716 complete and 0 interrupted iterations
fapi2_logged_in_high_security   [  38% ] 01/42 VUs  11m30.9s/30m0s  30.00 iters/s

running (11m31.9s), 01/42 VUs, 20746 complete and 0 interrupted iterations
fapi2_logged_in_high_security   [  38% ] 01/42 VUs  11m31.9s/30m0s  30.00 iters/s

running (11m32.9s), 01/42 VUs, 20776 complete and 0 interrupted iterations
fapi2_logged_in_high_security   [  38% ] 01/42 VUs  11m32.9s/30m0s  30.00 iters/s

running (11m33.9s), 01/42 VUs, 20806 complete and 0 interrupted iterations
fapi2_logged_in_high_security   [  39% ] 01/42 VUs  11m33.9s/30m0s  30.00 iters/s

running (11m34.9s), 03/42 VUs, 20834 complete and 0 interrupted iterations
fapi2_logged_in_high_security   [  39% ] 03/42 VUs  11m34.9s/30m0s  30.00 iters/s

running (11m35.9s), 01/42 VUs, 20866 complete and 0 interrupted iterations
fapi2_logged_in_high_security   [  39% ] 01/42 VUs  11m35.9s/30m0s  30.00 iters/s

running (11m36.9s), 02/42 VUs, 20895 complete and 0 interrupted iterations
fapi2_logged_in_high_security   [  39% ] 02/42 VUs  11m36.9s/30m0s  30.00 iters/s

running (11m37.9s), 01/42 VUs, 20926 complete and 0 interrupted iterations
fapi2_logged_in_high_security   [  39% ] 01/42 VUs  11m37.9s/30m0s  30.00 iters/s

running (11m38.9s), 01/42 VUs, 20956 complete and 0 interrupted iterations
fapi2_logged_in_high_security   [  39% ] 01/42 VUs  11m38.9s/30m0s  30.00 iters/s

running (11m39.9s), 01/42 VUs, 20986 complete and 0 interrupted iterations
fapi2_logged_in_high_security   [  39% ] 01/42 VUs  11m39.9s/30m0s  30.00 iters/s

running (11m40.9s), 01/42 VUs, 21016 complete and 0 interrupted iterations
fapi2_logged_in_high_security   [  39% ] 01/42 VUs  11m40.9s/30m0s  30.00 iters/s

running (11m41.9s), 01/42 VUs, 21046 complete and 0 interrupted iterations
fapi2_logged_in_high_security   [  39% ] 01/42 VUs  11m41.9s/30m0s  30.00 iters/s

running (11m42.9s), 02/42 VUs, 21075 complete and 0 interrupted iterations
fapi2_logged_in_high_security   [  39% ] 02/42 VUs  11m42.9s/30m0s  30.00 iters/s

running (11m43.9s), 02/42 VUs, 21105 complete and 0 interrupted iterations
fapi2_logged_in_high_security   [  39% ] 02/42 VUs  11m43.9s/30m0s  30.00 iters/s

running (11m44.9s), 01/42 VUs, 21136 complete and 0 interrupted iterations
fapi2_logged_in_high_security   [  39% ] 01/42 VUs  11m44.9s/30m0s  30.00 iters/s

running (11m45.9s), 01/42 VUs, 21166 complete and 0 interrupted iterations
fapi2_logged_in_high_security   [  39% ] 01/42 VUs  11m45.9s/30m0s  30.00 iters/s

running (11m46.9s), 01/42 VUs, 21196 complete and 0 interrupted iterations
fapi2_logged_in_high_security   [  39% ] 01/42 VUs  11m46.9s/30m0s  30.00 iters/s

running (11m47.9s), 01/42 VUs, 21226 complete and 0 interrupted iterations
fapi2_logged_in_high_security   [  39% ] 01/42 VUs  11m47.9s/30m0s  30.00 iters/s

running (11m48.9s), 01/42 VUs, 21256 complete and 0 interrupted iterations
fapi2_logged_in_high_security   [  39% ] 01/42 VUs  11m48.9s/30m0s  30.00 iters/s

running (11m49.9s), 01/42 VUs, 21286 complete and 0 interrupted iterations
fapi2_logged_in_high_security   [  39% ] 01/42 VUs  11m49.9s/30m0s  30.00 iters/s

running (11m50.9s), 01/42 VUs, 21316 complete and 0 interrupted iterations
fapi2_logged_in_high_security   [  39% ] 01/42 VUs  11m50.9s/30m0s  30.00 iters/s

running (11m51.9s), 02/42 VUs, 21345 complete and 0 interrupted iterations
fapi2_logged_in_high_security   [  40% ] 02/42 VUs  11m51.9s/30m0s  30.00 iters/s

running (11m52.9s), 01/42 VUs, 21376 complete and 0 interrupted iterations
fapi2_logged_in_high_security   [  40% ] 01/42 VUs  11m52.9s/30m0s  30.00 iters/s

running (11m53.9s), 01/42 VUs, 21406 complete and 0 interrupted iterations
fapi2_logged_in_high_security   [  40% ] 01/42 VUs  11m53.9s/30m0s  30.00 iters/s

running (11m54.9s), 01/42 VUs, 21436 complete and 0 interrupted iterations
fapi2_logged_in_high_security   [  40% ] 01/42 VUs  11m54.9s/30m0s  30.00 iters/s

running (11m55.9s), 01/42 VUs, 21466 complete and 0 interrupted iterations
fapi2_logged_in_high_security   [  40% ] 01/42 VUs  11m55.9s/30m0s  30.00 iters/s

running (11m56.9s), 01/42 VUs, 21496 complete and 0 interrupted iterations
fapi2_logged_in_high_security   [  40% ] 01/42 VUs  11m56.9s/30m0s  30.00 iters/s

running (11m57.9s), 01/42 VUs, 21526 complete and 0 interrupted iterations
fapi2_logged_in_high_security   [  40% ] 01/42 VUs  11m57.9s/30m0s  30.00 iters/s

running (11m58.9s), 01/42 VUs, 21556 complete and 0 interrupted iterations
fapi2_logged_in_high_security   [  40% ] 01/42 VUs  11m58.9s/30m0s  30.00 iters/s

running (11m59.9s), 01/42 VUs, 21586 complete and 0 interrupted iterations
fapi2_logged_in_high_security   [  40% ] 01/42 VUs  11m59.9s/30m0s  30.00 iters/s

running (12m00.9s), 01/42 VUs, 21616 complete and 0 interrupted iterations
fapi2_logged_in_high_security   [  40% ] 01/42 VUs  12m00.9s/30m0s  30.00 iters/s

running (12m01.9s), 01/42 VUs, 21646 complete and 0 interrupted iterations
fapi2_logged_in_high_security   [  40% ] 01/42 VUs  12m01.9s/30m0s  30.00 iters/s

running (12m02.9s), 01/42 VUs, 21676 complete and 0 interrupted iterations
fapi2_logged_in_high_security   [  40% ] 01/42 VUs  12m02.9s/30m0s  30.00 iters/s

running (12m03.9s), 01/42 VUs, 21706 complete and 0 interrupted iterations
fapi2_logged_in_high_security   [  40% ] 01/42 VUs  12m03.9s/30m0s  30.00 iters/s

running (12m04.9s), 01/42 VUs, 21736 complete and 0 interrupted iterations
fapi2_logged_in_high_security   [  40% ] 01/42 VUs  12m04.9s/30m0s  30.00 iters/s

running (12m05.9s), 02/42 VUs, 21765 complete and 0 interrupted iterations
fapi2_logged_in_high_security   [  40% ] 02/42 VUs  12m05.9s/30m0s  30.00 iters/s

running (12m06.9s), 01/42 VUs, 21796 complete and 0 interrupted iterations
fapi2_logged_in_high_security   [  40% ] 01/42 VUs  12m06.9s/30m0s  30.00 iters/s

running (12m07.9s), 01/42 VUs, 21826 complete and 0 interrupted iterations
fapi2_logged_in_high_security   [  40% ] 01/42 VUs  12m07.9s/30m0s  30.00 iters/s

running (12m08.9s), 02/42 VUs, 21855 complete and 0 interrupted iterations
fapi2_logged_in_high_security   [  40% ] 02/42 VUs  12m08.9s/30m0s  30.00 iters/s

running (12m09.9s), 02/42 VUs, 21885 complete and 0 interrupted iterations
fapi2_logged_in_high_security   [  41% ] 02/42 VUs  12m09.9s/30m0s  30.00 iters/s

running (12m10.9s), 01/42 VUs, 21916 complete and 0 interrupted iterations
fapi2_logged_in_high_security   [  41% ] 01/42 VUs  12m10.9s/30m0s  30.00 iters/s

running (12m11.9s), 01/42 VUs, 21946 complete and 0 interrupted iterations
fapi2_logged_in_high_security   [  41% ] 01/42 VUs  12m11.9s/30m0s  30.00 iters/s

running (12m12.9s), 01/42 VUs, 21976 complete and 0 interrupted iterations
fapi2_logged_in_high_security   [  41% ] 01/42 VUs  12m12.9s/30m0s  30.00 iters/s

running (12m13.9s), 01/42 VUs, 22006 complete and 0 interrupted iterations
fapi2_logged_in_high_security   [  41% ] 01/42 VUs  12m13.9s/30m0s  30.00 iters/s

running (12m14.9s), 01/42 VUs, 22036 complete and 0 interrupted iterations
fapi2_logged_in_high_security   [  41% ] 01/42 VUs  12m14.9s/30m0s  30.00 iters/s

running (12m15.9s), 01/42 VUs, 22066 complete and 0 interrupted iterations
fapi2_logged_in_high_security   [  41% ] 01/42 VUs  12m15.9s/30m0s  30.00 iters/s

running (12m16.9s), 01/42 VUs, 22096 complete and 0 interrupted iterations
fapi2_logged_in_high_security   [  41% ] 01/42 VUs  12m16.9s/30m0s  30.00 iters/s

running (12m17.9s), 01/42 VUs, 22126 complete and 0 interrupted iterations
fapi2_logged_in_high_security   [  41% ] 01/42 VUs  12m17.9s/30m0s  30.00 iters/s

running (12m18.9s), 01/42 VUs, 22156 complete and 0 interrupted iterations
fapi2_logged_in_high_security   [  41% ] 01/42 VUs  12m18.9s/30m0s  30.00 iters/s

running (12m19.9s), 01/42 VUs, 22186 complete and 0 interrupted iterations
fapi2_logged_in_high_security   [  41% ] 01/42 VUs  12m19.9s/30m0s  30.00 iters/s

running (12m20.9s), 01/42 VUs, 22216 complete and 0 interrupted iterations
fapi2_logged_in_high_security   [  41% ] 01/42 VUs  12m20.9s/30m0s  30.00 iters/s

running (12m21.9s), 01/42 VUs, 22246 complete and 0 interrupted iterations
fapi2_logged_in_high_security   [  41% ] 01/42 VUs  12m21.9s/30m0s  30.00 iters/s

running (12m22.9s), 01/42 VUs, 22276 complete and 0 interrupted iterations
fapi2_logged_in_high_security   [  41% ] 01/42 VUs  12m22.9s/30m0s  30.00 iters/s

running (12m23.9s), 01/42 VUs, 22306 complete and 0 interrupted iterations
fapi2_logged_in_high_security   [  41% ] 01/42 VUs  12m23.9s/30m0s  30.00 iters/s

running (12m24.9s), 02/42 VUs, 22335 complete and 0 interrupted iterations
fapi2_logged_in_high_security   [  41% ] 02/42 VUs  12m24.9s/30m0s  30.00 iters/s

running (12m25.9s), 01/42 VUs, 22366 complete and 0 interrupted iterations
fapi2_logged_in_high_security   [  41% ] 01/42 VUs  12m25.9s/30m0s  30.00 iters/s

running (12m26.9s), 01/42 VUs, 22396 complete and 0 interrupted iterations
fapi2_logged_in_high_security   [  41% ] 01/42 VUs  12m26.9s/30m0s  30.00 iters/s

running (12m27.9s), 01/42 VUs, 22426 complete and 0 interrupted iterations
fapi2_logged_in_high_security   [  42% ] 01/42 VUs  12m27.9s/30m0s  30.00 iters/s

running (12m28.9s), 01/42 VUs, 22456 complete and 0 interrupted iterations
fapi2_logged_in_high_security   [  42% ] 01/42 VUs  12m28.9s/30m0s  30.00 iters/s

running (12m29.9s), 01/42 VUs, 22486 complete and 0 interrupted iterations
fapi2_logged_in_high_security   [  42% ] 01/42 VUs  12m29.9s/30m0s  30.00 iters/s

running (12m30.9s), 01/42 VUs, 22516 complete and 0 interrupted iterations
fapi2_logged_in_high_security   [  42% ] 01/42 VUs  12m30.9s/30m0s  30.00 iters/s

running (12m31.9s), 05/42 VUs, 22542 complete and 0 interrupted iterations
fapi2_logged_in_high_security   [  42% ] 05/42 VUs  12m31.9s/30m0s  30.00 iters/s

running (12m32.9s), 01/42 VUs, 22576 complete and 0 interrupted iterations
fapi2_logged_in_high_security   [  42% ] 01/42 VUs  12m32.9s/30m0s  30.00 iters/s

running (12m33.9s), 01/42 VUs, 22606 complete and 0 interrupted iterations
fapi2_logged_in_high_security   [  42% ] 01/42 VUs  12m33.9s/30m0s  30.00 iters/s

running (12m34.9s), 01/42 VUs, 22636 complete and 0 interrupted iterations
fapi2_logged_in_high_security   [  42% ] 01/42 VUs  12m34.9s/30m0s  30.00 iters/s

running (12m35.9s), 01/42 VUs, 22666 complete and 0 interrupted iterations
fapi2_logged_in_high_security   [  42% ] 01/42 VUs  12m35.9s/30m0s  30.00 iters/s

running (12m36.9s), 01/42 VUs, 22696 complete and 0 interrupted iterations
fapi2_logged_in_high_security   [  42% ] 01/42 VUs  12m36.9s/30m0s  30.00 iters/s

running (12m37.9s), 01/42 VUs, 22726 complete and 0 interrupted iterations
fapi2_logged_in_high_security   [  42% ] 01/42 VUs  12m37.9s/30m0s  30.00 iters/s

running (12m38.9s), 02/42 VUs, 22755 complete and 0 interrupted iterations
fapi2_logged_in_high_security   [  42% ] 02/42 VUs  12m38.9s/30m0s  30.00 iters/s

running (12m39.9s), 01/42 VUs, 22786 complete and 0 interrupted iterations
fapi2_logged_in_high_security   [  42% ] 01/42 VUs  12m39.9s/30m0s  30.00 iters/s

running (12m40.9s), 01/42 VUs, 22816 complete and 0 interrupted iterations
fapi2_logged_in_high_security   [  42% ] 01/42 VUs  12m40.9s/30m0s  30.00 iters/s

running (12m41.9s), 02/42 VUs, 22845 complete and 0 interrupted iterations
fapi2_logged_in_high_security   [  42% ] 02/42 VUs  12m41.9s/30m0s  30.00 iters/s

running (12m42.9s), 05/42 VUs, 22872 complete and 0 interrupted iterations
fapi2_logged_in_high_security   [  42% ] 05/42 VUs  12m42.9s/30m0s  30.00 iters/s

running (12m43.9s), 01/42 VUs, 22906 complete and 0 interrupted iterations
fapi2_logged_in_high_security   [  42% ] 01/42 VUs  12m43.9s/30m0s  30.00 iters/s

running (12m44.9s), 01/42 VUs, 22936 complete and 0 interrupted iterations
fapi2_logged_in_high_security   [  42% ] 01/42 VUs  12m44.9s/30m0s  30.00 iters/s

running (12m45.9s), 01/42 VUs, 22966 complete and 0 interrupted iterations
fapi2_logged_in_high_security   [  43% ] 01/42 VUs  12m45.9s/30m0s  30.00 iters/s

running (12m46.9s), 01/42 VUs, 22996 complete and 0 interrupted iterations
fapi2_logged_in_high_security   [  43% ] 01/42 VUs  12m46.9s/30m0s  30.00 iters/s

running (12m47.9s), 01/42 VUs, 23026 complete and 0 interrupted iterations
fapi2_logged_in_high_security   [  43% ] 01/42 VUs  12m47.9s/30m0s  30.00 iters/s

running (12m48.9s), 01/42 VUs, 23056 complete and 0 interrupted iterations
fapi2_logged_in_high_security   [  43% ] 01/42 VUs  12m48.9s/30m0s  30.00 iters/s

running (12m49.9s), 01/42 VUs, 23086 complete and 0 interrupted iterations
fapi2_logged_in_high_security   [  43% ] 01/42 VUs  12m49.9s/30m0s  30.00 iters/s

running (12m50.9s), 01/42 VUs, 23116 complete and 0 interrupted iterations
fapi2_logged_in_high_security   [  43% ] 01/42 VUs  12m50.9s/30m0s  30.00 iters/s

running (12m51.9s), 02/42 VUs, 23145 complete and 0 interrupted iterations
fapi2_logged_in_high_security   [  43% ] 02/42 VUs  12m51.9s/30m0s  30.00 iters/s

running (12m52.9s), 02/42 VUs, 23175 complete and 0 interrupted iterations
fapi2_logged_in_high_security   [  43% ] 02/42 VUs  12m52.9s/30m0s  30.00 iters/s

running (12m53.9s), 02/42 VUs, 23205 complete and 0 interrupted iterations
fapi2_logged_in_high_security   [  43% ] 02/42 VUs  12m53.9s/30m0s  30.00 iters/s

running (12m54.9s), 01/42 VUs, 23236 complete and 0 interrupted iterations
fapi2_logged_in_high_security   [  43% ] 01/42 VUs  12m54.9s/30m0s  30.00 iters/s

running (12m55.9s), 01/42 VUs, 23266 complete and 0 interrupted iterations
fapi2_logged_in_high_security   [  43% ] 01/42 VUs  12m55.9s/30m0s  30.00 iters/s

running (12m56.9s), 01/42 VUs, 23296 complete and 0 interrupted iterations
fapi2_logged_in_high_security   [  43% ] 01/42 VUs  12m56.9s/30m0s  30.00 iters/s

running (12m57.9s), 03/42 VUs, 23324 complete and 0 interrupted iterations
fapi2_logged_in_high_security   [  43% ] 03/42 VUs  12m57.9s/30m0s  30.00 iters/s

running (12m58.9s), 01/42 VUs, 23356 complete and 0 interrupted iterations
fapi2_logged_in_high_security   [  43% ] 01/42 VUs  12m58.9s/30m0s  30.00 iters/s

running (12m59.9s), 01/42 VUs, 23386 complete and 0 interrupted iterations
fapi2_logged_in_high_security   [  43% ] 01/42 VUs  12m59.9s/30m0s  30.00 iters/s

running (13m00.9s), 01/42 VUs, 23416 complete and 0 interrupted iterations
fapi2_logged_in_high_security   [  43% ] 01/42 VUs  13m00.9s/30m0s  30.00 iters/s

running (13m01.9s), 01/42 VUs, 23446 complete and 0 interrupted iterations
fapi2_logged_in_high_security   [  43% ] 01/42 VUs  13m01.9s/30m0s  30.00 iters/s

running (13m02.9s), 08/42 VUs, 23469 complete and 0 interrupted iterations
fapi2_logged_in_high_security   [  43% ] 08/42 VUs  13m02.9s/30m0s  30.00 iters/s

running (13m03.9s), 01/42 VUs, 23506 complete and 0 interrupted iterations
fapi2_logged_in_high_security   [  44% ] 01/42 VUs  13m03.9s/30m0s  30.00 iters/s

running (13m04.9s), 01/42 VUs, 23536 complete and 0 interrupted iterations
fapi2_logged_in_high_security   [  44% ] 01/42 VUs  13m04.9s/30m0s  30.00 iters/s

running (13m05.9s), 01/42 VUs, 23566 complete and 0 interrupted iterations
fapi2_logged_in_high_security   [  44% ] 01/42 VUs  13m05.9s/30m0s  30.00 iters/s

running (13m06.9s), 01/42 VUs, 23596 complete and 0 interrupted iterations
fapi2_logged_in_high_security   [  44% ] 01/42 VUs  13m06.9s/30m0s  30.00 iters/s

running (13m07.9s), 01/42 VUs, 23626 complete and 0 interrupted iterations
fapi2_logged_in_high_security   [  44% ] 01/42 VUs  13m07.9s/30m0s  30.00 iters/s

running (13m08.9s), 01/42 VUs, 23656 complete and 0 interrupted iterations
fapi2_logged_in_high_security   [  44% ] 01/42 VUs  13m08.9s/30m0s  30.00 iters/s

running (13m09.9s), 01/42 VUs, 23686 complete and 0 interrupted iterations
fapi2_logged_in_high_security   [  44% ] 01/42 VUs  13m09.9s/30m0s  30.00 iters/s

running (13m10.9s), 01/42 VUs, 23716 complete and 0 interrupted iterations
fapi2_logged_in_high_security   [  44% ] 01/42 VUs  13m10.9s/30m0s  30.00 iters/s

running (13m11.9s), 02/42 VUs, 23745 complete and 0 interrupted iterations
fapi2_logged_in_high_security   [  44% ] 02/42 VUs  13m11.9s/30m0s  30.00 iters/s

running (13m12.9s), 01/42 VUs, 23776 complete and 0 interrupted iterations
fapi2_logged_in_high_security   [  44% ] 01/42 VUs  13m12.9s/30m0s  30.00 iters/s

running (13m13.9s), 01/42 VUs, 23806 complete and 0 interrupted iterations
fapi2_logged_in_high_security   [  44% ] 01/42 VUs  13m13.9s/30m0s  30.00 iters/s

running (13m14.9s), 01/42 VUs, 23836 complete and 0 interrupted iterations
fapi2_logged_in_high_security   [  44% ] 01/42 VUs  13m14.9s/30m0s  30.00 iters/s

running (13m15.9s), 01/42 VUs, 23866 complete and 0 interrupted iterations
fapi2_logged_in_high_security   [  44% ] 01/42 VUs  13m15.9s/30m0s  30.00 iters/s

running (13m16.9s), 01/42 VUs, 23896 complete and 0 interrupted iterations
fapi2_logged_in_high_security   [  44% ] 01/42 VUs  13m16.9s/30m0s  30.00 iters/s

running (13m17.9s), 03/42 VUs, 23924 complete and 0 interrupted iterations
fapi2_logged_in_high_security   [  44% ] 03/42 VUs  13m17.9s/30m0s  30.00 iters/s

running (13m18.9s), 01/42 VUs, 23956 complete and 0 interrupted iterations
fapi2_logged_in_high_security   [  44% ] 01/42 VUs  13m18.9s/30m0s  30.00 iters/s

running (13m19.9s), 02/42 VUs, 23985 complete and 0 interrupted iterations
fapi2_logged_in_high_security   [  44% ] 02/42 VUs  13m19.9s/30m0s  30.00 iters/s

running (13m20.9s), 01/42 VUs, 24016 complete and 0 interrupted iterations
fapi2_logged_in_high_security   [  44% ] 01/42 VUs  13m20.9s/30m0s  30.00 iters/s

running (13m21.9s), 02/42 VUs, 24045 complete and 0 interrupted iterations
fapi2_logged_in_high_security   [  45% ] 02/42 VUs  13m21.9s/30m0s  30.00 iters/s

running (13m22.9s), 06/42 VUs, 24071 complete and 0 interrupted iterations
fapi2_logged_in_high_security   [  45% ] 06/42 VUs  13m22.9s/30m0s  30.00 iters/s

running (13m23.9s), 01/42 VUs, 24106 complete and 0 interrupted iterations
fapi2_logged_in_high_security   [  45% ] 01/42 VUs  13m23.9s/30m0s  30.00 iters/s

running (13m24.9s), 01/42 VUs, 24136 complete and 0 interrupted iterations
fapi2_logged_in_high_security   [  45% ] 01/42 VUs  13m24.9s/30m0s  30.00 iters/s

running (13m25.9s), 03/42 VUs, 24164 complete and 0 interrupted iterations
fapi2_logged_in_high_security   [  45% ] 03/42 VUs  13m25.9s/30m0s  30.00 iters/s

running (13m26.9s), 02/42 VUs, 24195 complete and 0 interrupted iterations
fapi2_logged_in_high_security   [  45% ] 02/42 VUs  13m26.9s/30m0s  30.00 iters/s

running (13m27.9s), 01/42 VUs, 24226 complete and 0 interrupted iterations
fapi2_logged_in_high_security   [  45% ] 01/42 VUs  13m27.9s/30m0s  30.00 iters/s

running (13m28.9s), 01/42 VUs, 24256 complete and 0 interrupted iterations
fapi2_logged_in_high_security   [  45% ] 01/42 VUs  13m28.9s/30m0s  30.00 iters/s

running (13m29.9s), 01/42 VUs, 24286 complete and 0 interrupted iterations
fapi2_logged_in_high_security   [  45% ] 01/42 VUs  13m29.9s/30m0s  30.00 iters/s

running (13m30.9s), 02/42 VUs, 24315 complete and 0 interrupted iterations
fapi2_logged_in_high_security   [  45% ] 02/42 VUs  13m30.9s/30m0s  30.00 iters/s

running (13m31.9s), 01/42 VUs, 24346 complete and 0 interrupted iterations
fapi2_logged_in_high_security   [  45% ] 01/42 VUs  13m31.9s/30m0s  30.00 iters/s

running (13m32.9s), 01/42 VUs, 24376 complete and 0 interrupted iterations
fapi2_logged_in_high_security   [  45% ] 01/42 VUs  13m32.9s/30m0s  30.00 iters/s

running (13m33.9s), 01/42 VUs, 24406 complete and 0 interrupted iterations
fapi2_logged_in_high_security   [  45% ] 01/42 VUs  13m33.9s/30m0s  30.00 iters/s

running (13m34.9s), 02/42 VUs, 24435 complete and 0 interrupted iterations
fapi2_logged_in_high_security   [  45% ] 02/42 VUs  13m34.9s/30m0s  30.00 iters/s

running (13m35.9s), 01/42 VUs, 24466 complete and 0 interrupted iterations
fapi2_logged_in_high_security   [  45% ] 01/42 VUs  13m35.9s/30m0s  30.00 iters/s

running (13m36.9s), 01/42 VUs, 24496 complete and 0 interrupted iterations
fapi2_logged_in_high_security   [  45% ] 01/42 VUs  13m36.9s/30m0s  30.00 iters/s

running (13m37.9s), 01/42 VUs, 24526 complete and 0 interrupted iterations
fapi2_logged_in_high_security   [  45% ] 01/42 VUs  13m37.9s/30m0s  30.00 iters/s

running (13m38.9s), 01/42 VUs, 24556 complete and 0 interrupted iterations
fapi2_logged_in_high_security   [  45% ] 01/42 VUs  13m38.9s/30m0s  30.00 iters/s

running (13m39.9s), 01/42 VUs, 24586 complete and 0 interrupted iterations
fapi2_logged_in_high_security   [  46% ] 01/42 VUs  13m39.9s/30m0s  30.00 iters/s

running (13m40.9s), 02/42 VUs, 24615 complete and 0 interrupted iterations
fapi2_logged_in_high_security   [  46% ] 02/42 VUs  13m40.9s/30m0s  30.00 iters/s

running (13m41.9s), 01/42 VUs, 24646 complete and 0 interrupted iterations
fapi2_logged_in_high_security   [  46% ] 01/42 VUs  13m41.9s/30m0s  30.00 iters/s

running (13m42.9s), 10/42 VUs, 24667 complete and 0 interrupted iterations
fapi2_logged_in_high_security   [  46% ] 10/42 VUs  13m42.9s/30m0s  30.00 iters/s

running (13m43.9s), 05/42 VUs, 24702 complete and 0 interrupted iterations
fapi2_logged_in_high_security   [  46% ] 05/42 VUs  13m43.9s/30m0s  30.00 iters/s

running (13m44.9s), 01/42 VUs, 24736 complete and 0 interrupted iterations
fapi2_logged_in_high_security   [  46% ] 01/42 VUs  13m44.9s/30m0s  30.00 iters/s

running (13m45.9s), 01/42 VUs, 24766 complete and 0 interrupted iterations
fapi2_logged_in_high_security   [  46% ] 01/42 VUs  13m45.9s/30m0s  30.00 iters/s

running (13m46.9s), 02/42 VUs, 24795 complete and 0 interrupted iterations
fapi2_logged_in_high_security   [  46% ] 02/42 VUs  13m46.9s/30m0s  30.00 iters/s

running (13m47.9s), 01/42 VUs, 24826 complete and 0 interrupted iterations
fapi2_logged_in_high_security   [  46% ] 01/42 VUs  13m47.9s/30m0s  30.00 iters/s

running (13m48.9s), 01/42 VUs, 24856 complete and 0 interrupted iterations
fapi2_logged_in_high_security   [  46% ] 01/42 VUs  13m48.9s/30m0s  30.00 iters/s

running (13m49.9s), 02/42 VUs, 24885 complete and 0 interrupted iterations
fapi2_logged_in_high_security   [  46% ] 02/42 VUs  13m49.9s/30m0s  30.00 iters/s

running (13m50.9s), 01/42 VUs, 24916 complete and 0 interrupted iterations
fapi2_logged_in_high_security   [  46% ] 01/42 VUs  13m50.9s/30m0s  30.00 iters/s

running (13m51.9s), 01/42 VUs, 24946 complete and 0 interrupted iterations
fapi2_logged_in_high_security   [  46% ] 01/42 VUs  13m51.9s/30m0s  30.00 iters/s

running (13m52.9s), 02/42 VUs, 24975 complete and 0 interrupted iterations
fapi2_logged_in_high_security   [  46% ] 02/42 VUs  13m52.9s/30m0s  30.00 iters/s

running (13m53.9s), 01/42 VUs, 25006 complete and 0 interrupted iterations
fapi2_logged_in_high_security   [  46% ] 01/42 VUs  13m53.9s/30m0s  30.00 iters/s

running (13m54.9s), 02/42 VUs, 25035 complete and 0 interrupted iterations
fapi2_logged_in_high_security   [  46% ] 01/42 VUs  13m54.9s/30m0s  30.00 iters/s

running (13m55.9s), 02/42 VUs, 25065 complete and 0 interrupted iterations
fapi2_logged_in_high_security   [  46% ] 02/42 VUs  13m55.9s/30m0s  30.00 iters/s

running (13m56.9s), 01/42 VUs, 25096 complete and 0 interrupted iterations
fapi2_logged_in_high_security   [  46% ] 01/42 VUs  13m56.9s/30m0s  30.00 iters/s

running (13m57.9s), 01/42 VUs, 25126 complete and 0 interrupted iterations
fapi2_logged_in_high_security   [  47% ] 01/42 VUs  13m57.9s/30m0s  30.00 iters/s

running (13m58.9s), 01/42 VUs, 25156 complete and 0 interrupted iterations
fapi2_logged_in_high_security   [  47% ] 01/42 VUs  13m58.9s/30m0s  30.00 iters/s

running (13m59.9s), 01/42 VUs, 25186 complete and 0 interrupted iterations
fapi2_logged_in_high_security   [  47% ] 01/42 VUs  13m59.9s/30m0s  30.00 iters/s

running (14m00.9s), 01/42 VUs, 25216 complete and 0 interrupted iterations
fapi2_logged_in_high_security   [  47% ] 01/42 VUs  14m00.9s/30m0s  30.00 iters/s

running (14m01.9s), 01/42 VUs, 25246 complete and 0 interrupted iterations
fapi2_logged_in_high_security   [  47% ] 01/42 VUs  14m01.9s/30m0s  30.00 iters/s

running (14m02.9s), 01/42 VUs, 25276 complete and 0 interrupted iterations
fapi2_logged_in_high_security   [  47% ] 01/42 VUs  14m02.9s/30m0s  30.00 iters/s

running (14m03.9s), 01/42 VUs, 25306 complete and 0 interrupted iterations
fapi2_logged_in_high_security   [  47% ] 01/42 VUs  14m03.9s/30m0s  30.00 iters/s

running (14m04.9s), 01/42 VUs, 25336 complete and 0 interrupted iterations
fapi2_logged_in_high_security   [  47% ] 01/42 VUs  14m04.9s/30m0s  30.00 iters/s

running (14m05.9s), 01/42 VUs, 25366 complete and 0 interrupted iterations
fapi2_logged_in_high_security   [  47% ] 01/42 VUs  14m05.9s/30m0s  30.00 iters/s

running (14m06.9s), 01/42 VUs, 25396 complete and 0 interrupted iterations
fapi2_logged_in_high_security   [  47% ] 01/42 VUs  14m06.9s/30m0s  30.00 iters/s

running (14m07.9s), 01/42 VUs, 25426 complete and 0 interrupted iterations
fapi2_logged_in_high_security   [  47% ] 01/42 VUs  14m07.9s/30m0s  30.00 iters/s

running (14m08.9s), 01/42 VUs, 25456 complete and 0 interrupted iterations
fapi2_logged_in_high_security   [  47% ] 01/42 VUs  14m08.9s/30m0s  30.00 iters/s

running (14m09.9s), 01/42 VUs, 25486 complete and 0 interrupted iterations
fapi2_logged_in_high_security   [  47% ] 01/42 VUs  14m09.9s/30m0s  30.00 iters/s

running (14m10.9s), 01/42 VUs, 25516 complete and 0 interrupted iterations
fapi2_logged_in_high_security   [  47% ] 01/42 VUs  14m10.9s/30m0s  30.00 iters/s

running (14m11.9s), 01/42 VUs, 25546 complete and 0 interrupted iterations
fapi2_logged_in_high_security   [  47% ] 01/42 VUs  14m11.9s/30m0s  30.00 iters/s

running (14m12.9s), 01/42 VUs, 25576 complete and 0 interrupted iterations
fapi2_logged_in_high_security   [  47% ] 01/42 VUs  14m12.9s/30m0s  30.00 iters/s

running (14m13.9s), 01/42 VUs, 25606 complete and 0 interrupted iterations
fapi2_logged_in_high_security   [  47% ] 01/42 VUs  14m13.9s/30m0s  30.00 iters/s

running (14m14.9s), 05/42 VUs, 25632 complete and 0 interrupted iterations
fapi2_logged_in_high_security   [  47% ] 05/42 VUs  14m14.9s/30m0s  30.00 iters/s

running (14m15.9s), 01/42 VUs, 25666 complete and 0 interrupted iterations
fapi2_logged_in_high_security   [  48% ] 01/42 VUs  14m15.9s/30m0s  30.00 iters/s

running (14m16.9s), 01/42 VUs, 25696 complete and 0 interrupted iterations
fapi2_logged_in_high_security   [  48% ] 01/42 VUs  14m16.9s/30m0s  30.00 iters/s

running (14m17.9s), 01/42 VUs, 25726 complete and 0 interrupted iterations
fapi2_logged_in_high_security   [  48% ] 01/42 VUs  14m17.9s/30m0s  30.00 iters/s

running (14m18.9s), 01/42 VUs, 25756 complete and 0 interrupted iterations
fapi2_logged_in_high_security   [  48% ] 01/42 VUs  14m18.9s/30m0s  30.00 iters/s

running (14m19.9s), 01/42 VUs, 25786 complete and 0 interrupted iterations
fapi2_logged_in_high_security   [  48% ] 01/42 VUs  14m19.9s/30m0s  30.00 iters/s

running (14m20.9s), 01/42 VUs, 25816 complete and 0 interrupted iterations
fapi2_logged_in_high_security   [  48% ] 01/42 VUs  14m20.9s/30m0s  30.00 iters/s

running (14m21.9s), 01/42 VUs, 25846 complete and 0 interrupted iterations
fapi2_logged_in_high_security   [  48% ] 01/42 VUs  14m21.9s/30m0s  30.00 iters/s

running (14m22.9s), 01/42 VUs, 25876 complete and 0 interrupted iterations
fapi2_logged_in_high_security   [  48% ] 01/42 VUs  14m22.9s/30m0s  30.00 iters/s

running (14m23.9s), 02/42 VUs, 25905 complete and 0 interrupted iterations
fapi2_logged_in_high_security   [  48% ] 02/42 VUs  14m23.9s/30m0s  30.00 iters/s

running (14m24.9s), 02/42 VUs, 25935 complete and 0 interrupted iterations
fapi2_logged_in_high_security   [  48% ] 02/42 VUs  14m24.9s/30m0s  30.00 iters/s

running (14m25.9s), 02/42 VUs, 25965 complete and 0 interrupted iterations
fapi2_logged_in_high_security   [  48% ] 02/42 VUs  14m25.9s/30m0s  30.00 iters/s

running (14m26.9s), 01/42 VUs, 25996 complete and 0 interrupted iterations
fapi2_logged_in_high_security   [  48% ] 01/42 VUs  14m26.9s/30m0s  30.00 iters/s

running (14m27.9s), 02/42 VUs, 26025 complete and 0 interrupted iterations
fapi2_logged_in_high_security   [  48% ] 02/42 VUs  14m27.9s/30m0s  30.00 iters/s

running (14m28.9s), 01/42 VUs, 26056 complete and 0 interrupted iterations
fapi2_logged_in_high_security   [  48% ] 01/42 VUs  14m28.9s/30m0s  30.00 iters/s

running (14m29.9s), 02/42 VUs, 26085 complete and 0 interrupted iterations
fapi2_logged_in_high_security   [  48% ] 02/42 VUs  14m29.9s/30m0s  30.00 iters/s

running (14m30.9s), 01/42 VUs, 26116 complete and 0 interrupted iterations
fapi2_logged_in_high_security   [  48% ] 01/42 VUs  14m30.9s/30m0s  30.00 iters/s

running (14m31.9s), 01/42 VUs, 26146 complete and 0 interrupted iterations
fapi2_logged_in_high_security   [  48% ] 01/42 VUs  14m31.9s/30m0s  30.00 iters/s

running (14m32.9s), 01/42 VUs, 26176 complete and 0 interrupted iterations
fapi2_logged_in_high_security   [  48% ] 01/42 VUs  14m32.9s/30m0s  30.00 iters/s

running (14m33.9s), 01/42 VUs, 26206 complete and 0 interrupted iterations
fapi2_logged_in_high_security   [  49% ] 01/42 VUs  14m33.9s/30m0s  30.00 iters/s

running (14m34.9s), 02/42 VUs, 26235 complete and 0 interrupted iterations
fapi2_logged_in_high_security   [  49% ] 02/42 VUs  14m34.9s/30m0s  30.00 iters/s

running (14m35.9s), 01/42 VUs, 26266 complete and 0 interrupted iterations
fapi2_logged_in_high_security   [  49% ] 01/42 VUs  14m35.9s/30m0s  30.00 iters/s

running (14m36.9s), 02/42 VUs, 26295 complete and 0 interrupted iterations
fapi2_logged_in_high_security   [  49% ] 02/42 VUs  14m36.9s/30m0s  30.00 iters/s

running (14m37.9s), 01/42 VUs, 26326 complete and 0 interrupted iterations
fapi2_logged_in_high_security   [  49% ] 01/42 VUs  14m37.9s/30m0s  30.00 iters/s

running (14m38.9s), 01/42 VUs, 26356 complete and 0 interrupted iterations
fapi2_logged_in_high_security   [  49% ] 01/42 VUs  14m38.9s/30m0s  30.00 iters/s

running (14m39.9s), 01/42 VUs, 26386 complete and 0 interrupted iterations
fapi2_logged_in_high_security   [  49% ] 01/42 VUs  14m39.9s/30m0s  30.00 iters/s

running (14m40.9s), 01/42 VUs, 26416 complete and 0 interrupted iterations
fapi2_logged_in_high_security   [  49% ] 01/42 VUs  14m40.9s/30m0s  30.00 iters/s

running (14m41.9s), 01/42 VUs, 26446 complete and 0 interrupted iterations
fapi2_logged_in_high_security   [  49% ] 01/42 VUs  14m41.9s/30m0s  30.00 iters/s

running (14m42.9s), 01/42 VUs, 26476 complete and 0 interrupted iterations
fapi2_logged_in_high_security   [  49% ] 01/42 VUs  14m42.9s/30m0s  30.00 iters/s

running (14m43.9s), 02/42 VUs, 26505 complete and 0 interrupted iterations
fapi2_logged_in_high_security   [  49% ] 02/42 VUs  14m43.9s/30m0s  30.00 iters/s

running (14m44.9s), 01/42 VUs, 26536 complete and 0 interrupted iterations
fapi2_logged_in_high_security   [  49% ] 01/42 VUs  14m44.9s/30m0s  30.00 iters/s

running (14m45.9s), 02/42 VUs, 26565 complete and 0 interrupted iterations
fapi2_logged_in_high_security   [  49% ] 02/42 VUs  14m45.9s/30m0s  30.00 iters/s

running (14m46.9s), 02/42 VUs, 26595 complete and 0 interrupted iterations
fapi2_logged_in_high_security   [  49% ] 02/42 VUs  14m46.9s/30m0s  30.00 iters/s

running (14m47.9s), 01/42 VUs, 26626 complete and 0 interrupted iterations
fapi2_logged_in_high_security   [  49% ] 01/42 VUs  14m47.9s/30m0s  30.00 iters/s

running (14m48.9s), 01/42 VUs, 26656 complete and 0 interrupted iterations
fapi2_logged_in_high_security   [  49% ] 01/42 VUs  14m48.9s/30m0s  30.00 iters/s

running (14m49.9s), 01/42 VUs, 26686 complete and 0 interrupted iterations
fapi2_logged_in_high_security   [  49% ] 01/42 VUs  14m49.9s/30m0s  30.00 iters/s

running (14m50.9s), 01/42 VUs, 26716 complete and 0 interrupted iterations
fapi2_logged_in_high_security   [  49% ] 01/42 VUs  14m50.9s/30m0s  30.00 iters/s

running (14m51.9s), 01/42 VUs, 26746 complete and 0 interrupted iterations
fapi2_logged_in_high_security   [  50% ] 01/42 VUs  14m51.9s/30m0s  30.00 iters/s

running (14m52.9s), 01/42 VUs, 26776 complete and 0 interrupted iterations
fapi2_logged_in_high_security   [  50% ] 01/42 VUs  14m52.9s/30m0s  30.00 iters/s

running (14m53.9s), 01/42 VUs, 26806 complete and 0 interrupted iterations
fapi2_logged_in_high_security   [  50% ] 01/42 VUs  14m53.9s/30m0s  30.00 iters/s

running (14m54.9s), 01/42 VUs, 26836 complete and 0 interrupted iterations
fapi2_logged_in_high_security   [  50% ] 01/42 VUs  14m54.9s/30m0s  30.00 iters/s

running (14m55.9s), 01/42 VUs, 26866 complete and 0 interrupted iterations
fapi2_logged_in_high_security   [  50% ] 01/42 VUs  14m55.9s/30m0s  30.00 iters/s

running (14m56.9s), 01/42 VUs, 26896 complete and 0 interrupted iterations
fapi2_logged_in_high_security   [  50% ] 01/42 VUs  14m56.9s/30m0s  30.00 iters/s

running (14m57.9s), 01/42 VUs, 26926 complete and 0 interrupted iterations
fapi2_logged_in_high_security   [  50% ] 01/42 VUs  14m57.9s/30m0s  30.00 iters/s

running (14m58.9s), 01/42 VUs, 26956 complete and 0 interrupted iterations
fapi2_logged_in_high_security   [  50% ] 01/42 VUs  14m58.9s/30m0s  30.00 iters/s

running (14m59.9s), 01/42 VUs, 26986 complete and 0 interrupted iterations
fapi2_logged_in_high_security   [  50% ] 01/42 VUs  14m59.9s/30m0s  30.00 iters/s

running (15m00.9s), 01/42 VUs, 27016 complete and 0 interrupted iterations
fapi2_logged_in_high_security   [  50% ] 01/42 VUs  15m00.9s/30m0s  30.00 iters/s

running (15m01.9s), 01/42 VUs, 27046 complete and 0 interrupted iterations
fapi2_logged_in_high_security   [  50% ] 01/42 VUs  15m01.9s/30m0s  30.00 iters/s

running (15m02.9s), 01/42 VUs, 27076 complete and 0 interrupted iterations
fapi2_logged_in_high_security   [  50% ] 01/42 VUs  15m02.9s/30m0s  30.00 iters/s

running (15m03.9s), 02/42 VUs, 27105 complete and 0 interrupted iterations
fapi2_logged_in_high_security   [  50% ] 02/42 VUs  15m03.9s/30m0s  30.00 iters/s

running (15m04.9s), 05/42 VUs, 27132 complete and 0 interrupted iterations
fapi2_logged_in_high_security   [  50% ] 05/42 VUs  15m04.9s/30m0s  30.00 iters/s

running (15m05.9s), 01/42 VUs, 27166 complete and 0 interrupted iterations
fapi2_logged_in_high_security   [  50% ] 01/42 VUs  15m05.9s/30m0s  30.00 iters/s

running (15m06.9s), 01/42 VUs, 27196 complete and 0 interrupted iterations
fapi2_logged_in_high_security   [  50% ] 01/42 VUs  15m06.9s/30m0s  30.00 iters/s

running (15m07.9s), 01/42 VUs, 27226 complete and 0 interrupted iterations
fapi2_logged_in_high_security   [  50% ] 01/42 VUs  15m07.9s/30m0s  30.00 iters/s

running (15m08.9s), 01/42 VUs, 27256 complete and 0 interrupted iterations
fapi2_logged_in_high_security   [  50% ] 01/42 VUs  15m08.9s/30m0s  30.00 iters/s

running (15m09.9s), 01/42 VUs, 27286 complete and 0 interrupted iterations
fapi2_logged_in_high_security   [  51% ] 01/42 VUs  15m09.9s/30m0s  30.00 iters/s

running (15m10.9s), 01/42 VUs, 27316 complete and 0 interrupted iterations
fapi2_logged_in_high_security   [  51% ] 01/42 VUs  15m10.9s/30m0s  30.00 iters/s

running (15m11.9s), 01/42 VUs, 27346 complete and 0 interrupted iterations
fapi2_logged_in_high_security   [  51% ] 01/42 VUs  15m11.9s/30m0s  30.00 iters/s

running (15m12.9s), 01/42 VUs, 27376 complete and 0 interrupted iterations
fapi2_logged_in_high_security   [  51% ] 01/42 VUs  15m12.9s/30m0s  30.00 iters/s

running (15m13.9s), 01/42 VUs, 27406 complete and 0 interrupted iterations
fapi2_logged_in_high_security   [  51% ] 01/42 VUs  15m13.9s/30m0s  30.00 iters/s

running (15m14.9s), 01/42 VUs, 27436 complete and 0 interrupted iterations
fapi2_logged_in_high_security   [  51% ] 01/42 VUs  15m14.9s/30m0s  30.00 iters/s

running (15m15.9s), 01/42 VUs, 27466 complete and 0 interrupted iterations
fapi2_logged_in_high_security   [  51% ] 01/42 VUs  15m15.9s/30m0s  30.00 iters/s

running (15m16.9s), 01/42 VUs, 27496 complete and 0 interrupted iterations
fapi2_logged_in_high_security   [  51% ] 01/42 VUs  15m16.9s/30m0s  30.00 iters/s

running (15m17.9s), 01/42 VUs, 27526 complete and 0 interrupted iterations
fapi2_logged_in_high_security   [  51% ] 01/42 VUs  15m17.9s/30m0s  30.00 iters/s

running (15m18.9s), 01/42 VUs, 27556 complete and 0 interrupted iterations
fapi2_logged_in_high_security   [  51% ] 01/42 VUs  15m18.9s/30m0s  30.00 iters/s

running (15m19.9s), 01/42 VUs, 27586 complete and 0 interrupted iterations
fapi2_logged_in_high_security   [  51% ] 01/42 VUs  15m19.9s/30m0s  30.00 iters/s

running (15m20.9s), 01/42 VUs, 27616 complete and 0 interrupted iterations
fapi2_logged_in_high_security   [  51% ] 01/42 VUs  15m20.9s/30m0s  30.00 iters/s

running (15m21.9s), 01/42 VUs, 27646 complete and 0 interrupted iterations
fapi2_logged_in_high_security   [  51% ] 01/42 VUs  15m21.9s/30m0s  30.00 iters/s

running (15m22.9s), 03/42 VUs, 27674 complete and 0 interrupted iterations
fapi2_logged_in_high_security   [  51% ] 03/42 VUs  15m22.9s/30m0s  30.00 iters/s

running (15m23.9s), 04/42 VUs, 27703 complete and 0 interrupted iterations
fapi2_logged_in_high_security   [  51% ] 04/42 VUs  15m23.9s/30m0s  30.00 iters/s

running (15m24.9s), 02/42 VUs, 27735 complete and 0 interrupted iterations
fapi2_logged_in_high_security   [  51% ] 02/42 VUs  15m24.9s/30m0s  30.00 iters/s

running (15m25.9s), 01/42 VUs, 27766 complete and 0 interrupted iterations
fapi2_logged_in_high_security   [  51% ] 01/42 VUs  15m25.9s/30m0s  30.00 iters/s

running (15m26.9s), 02/42 VUs, 27795 complete and 0 interrupted iterations
fapi2_logged_in_high_security   [  51% ] 02/42 VUs  15m26.9s/30m0s  30.00 iters/s

running (15m27.9s), 01/42 VUs, 27826 complete and 0 interrupted iterations
fapi2_logged_in_high_security   [  52% ] 01/42 VUs  15m27.9s/30m0s  30.00 iters/s

running (15m28.9s), 01/42 VUs, 27856 complete and 0 interrupted iterations
fapi2_logged_in_high_security   [  52% ] 01/42 VUs  15m28.9s/30m0s  30.00 iters/s

running (15m29.9s), 01/42 VUs, 27886 complete and 0 interrupted iterations
fapi2_logged_in_high_security   [  52% ] 01/42 VUs  15m29.9s/30m0s  30.00 iters/s

running (15m30.9s), 01/42 VUs, 27916 complete and 0 interrupted iterations
fapi2_logged_in_high_security   [  52% ] 01/42 VUs  15m30.9s/30m0s  30.00 iters/s

running (15m31.9s), 01/42 VUs, 27946 complete and 0 interrupted iterations
fapi2_logged_in_high_security   [  52% ] 01/42 VUs  15m31.9s/30m0s  30.00 iters/s

running (15m32.9s), 01/42 VUs, 27976 complete and 0 interrupted iterations
fapi2_logged_in_high_security   [  52% ] 01/42 VUs  15m32.9s/30m0s  30.00 iters/s

running (15m33.9s), 01/42 VUs, 28006 complete and 0 interrupted iterations
fapi2_logged_in_high_security   [  52% ] 01/42 VUs  15m33.9s/30m0s  30.00 iters/s

running (15m34.9s), 02/42 VUs, 28035 complete and 0 interrupted iterations
fapi2_logged_in_high_security   [  52% ] 02/42 VUs  15m34.9s/30m0s  30.00 iters/s

running (15m35.9s), 01/42 VUs, 28066 complete and 0 interrupted iterations
fapi2_logged_in_high_security   [  52% ] 01/42 VUs  15m35.9s/30m0s  30.00 iters/s

running (15m36.9s), 02/42 VUs, 28095 complete and 0 interrupted iterations
fapi2_logged_in_high_security   [  52% ] 02/42 VUs  15m36.9s/30m0s  30.00 iters/s

running (15m37.9s), 01/42 VUs, 28126 complete and 0 interrupted iterations
fapi2_logged_in_high_security   [  52% ] 01/42 VUs  15m37.9s/30m0s  30.00 iters/s

running (15m38.9s), 01/42 VUs, 28156 complete and 0 interrupted iterations
fapi2_logged_in_high_security   [  52% ] 01/42 VUs  15m38.9s/30m0s  30.00 iters/s

running (15m39.9s), 01/42 VUs, 28186 complete and 0 interrupted iterations
fapi2_logged_in_high_security   [  52% ] 01/42 VUs  15m39.9s/30m0s  30.00 iters/s

running (15m40.9s), 01/42 VUs, 28216 complete and 0 interrupted iterations
fapi2_logged_in_high_security   [  52% ] 01/42 VUs  15m40.9s/30m0s  30.00 iters/s

running (15m41.9s), 01/42 VUs, 28246 complete and 0 interrupted iterations
fapi2_logged_in_high_security   [  52% ] 01/42 VUs  15m41.9s/30m0s  30.00 iters/s

running (15m42.9s), 05/42 VUs, 28272 complete and 0 interrupted iterations
fapi2_logged_in_high_security   [  52% ] 05/42 VUs  15m42.9s/30m0s  30.00 iters/s

running (15m43.9s), 02/42 VUs, 28305 complete and 0 interrupted iterations
fapi2_logged_in_high_security   [  52% ] 02/42 VUs  15m43.9s/30m0s  30.00 iters/s

running (15m44.9s), 01/42 VUs, 28336 complete and 0 interrupted iterations
fapi2_logged_in_high_security   [  52% ] 01/42 VUs  15m44.9s/30m0s  30.00 iters/s

running (15m45.9s), 01/42 VUs, 28366 complete and 0 interrupted iterations
fapi2_logged_in_high_security   [  53% ] 01/42 VUs  15m45.9s/30m0s  30.00 iters/s

running (15m46.9s), 01/42 VUs, 28396 complete and 0 interrupted iterations
fapi2_logged_in_high_security   [  53% ] 01/42 VUs  15m46.9s/30m0s  30.00 iters/s

running (15m47.9s), 01/42 VUs, 28426 complete and 0 interrupted iterations
fapi2_logged_in_high_security   [  53% ] 01/42 VUs  15m47.9s/30m0s  30.00 iters/s

running (15m48.9s), 01/42 VUs, 28456 complete and 0 interrupted iterations
fapi2_logged_in_high_security   [  53% ] 01/42 VUs  15m48.9s/30m0s  30.00 iters/s

running (15m49.9s), 03/42 VUs, 28484 complete and 0 interrupted iterations
fapi2_logged_in_high_security   [  53% ] 03/42 VUs  15m49.9s/30m0s  30.00 iters/s

running (15m50.9s), 02/42 VUs, 28515 complete and 0 interrupted iterations
fapi2_logged_in_high_security   [  53% ] 02/42 VUs  15m50.9s/30m0s  30.00 iters/s

running (15m51.9s), 01/42 VUs, 28546 complete and 0 interrupted iterations
fapi2_logged_in_high_security   [  53% ] 01/42 VUs  15m51.9s/30m0s  30.00 iters/s

running (15m52.9s), 01/42 VUs, 28576 complete and 0 interrupted iterations
fapi2_logged_in_high_security   [  53% ] 01/42 VUs  15m52.9s/30m0s  30.00 iters/s

running (15m53.9s), 02/42 VUs, 28605 complete and 0 interrupted iterations
fapi2_logged_in_high_security   [  53% ] 02/42 VUs  15m53.9s/30m0s  30.00 iters/s

running (15m54.9s), 01/42 VUs, 28636 complete and 0 interrupted iterations
fapi2_logged_in_high_security   [  53% ] 01/42 VUs  15m54.9s/30m0s  30.00 iters/s

running (15m55.9s), 01/42 VUs, 28666 complete and 0 interrupted iterations
fapi2_logged_in_high_security   [  53% ] 01/42 VUs  15m55.9s/30m0s  30.00 iters/s

running (15m56.9s), 01/42 VUs, 28696 complete and 0 interrupted iterations
fapi2_logged_in_high_security   [  53% ] 01/42 VUs  15m56.9s/30m0s  30.00 iters/s

running (15m57.9s), 01/42 VUs, 28726 complete and 0 interrupted iterations
fapi2_logged_in_high_security   [  53% ] 01/42 VUs  15m57.9s/30m0s  30.00 iters/s

running (15m58.9s), 01/42 VUs, 28756 complete and 0 interrupted iterations
fapi2_logged_in_high_security   [  53% ] 01/42 VUs  15m58.9s/30m0s  30.00 iters/s

running (15m59.9s), 01/42 VUs, 28786 complete and 0 interrupted iterations
fapi2_logged_in_high_security   [  53% ] 01/42 VUs  15m59.9s/30m0s  30.00 iters/s

running (16m00.9s), 01/42 VUs, 28816 complete and 0 interrupted iterations
fapi2_logged_in_high_security   [  53% ] 01/42 VUs  16m00.9s/30m0s  30.00 iters/s

running (16m01.9s), 01/42 VUs, 28846 complete and 0 interrupted iterations
fapi2_logged_in_high_security   [  53% ] 01/42 VUs  16m01.9s/30m0s  30.00 iters/s

running (16m02.9s), 01/42 VUs, 28876 complete and 0 interrupted iterations
fapi2_logged_in_high_security   [  53% ] 01/42 VUs  16m02.9s/30m0s  30.00 iters/s

running (16m03.9s), 01/42 VUs, 28906 complete and 0 interrupted iterations
fapi2_logged_in_high_security   [  54% ] 01/42 VUs  16m03.9s/30m0s  30.00 iters/s

running (16m04.9s), 01/42 VUs, 28936 complete and 0 interrupted iterations
fapi2_logged_in_high_security   [  54% ] 01/42 VUs  16m04.9s/30m0s  30.00 iters/s

running (16m05.9s), 01/42 VUs, 28966 complete and 0 interrupted iterations
fapi2_logged_in_high_security   [  54% ] 01/42 VUs  16m05.9s/30m0s  30.00 iters/s

running (16m06.9s), 01/42 VUs, 28996 complete and 0 interrupted iterations
fapi2_logged_in_high_security   [  54% ] 01/42 VUs  16m06.9s/30m0s  30.00 iters/s

running (16m07.9s), 01/42 VUs, 29026 complete and 0 interrupted iterations
fapi2_logged_in_high_security   [  54% ] 01/42 VUs  16m07.9s/30m0s  30.00 iters/s

running (16m08.9s), 02/42 VUs, 29055 complete and 0 interrupted iterations
fapi2_logged_in_high_security   [  54% ] 02/42 VUs  16m08.9s/30m0s  30.00 iters/s

running (16m09.9s), 01/42 VUs, 29086 complete and 0 interrupted iterations
fapi2_logged_in_high_security   [  54% ] 01/42 VUs  16m09.9s/30m0s  30.00 iters/s

running (16m10.9s), 01/42 VUs, 29116 complete and 0 interrupted iterations
fapi2_logged_in_high_security   [  54% ] 01/42 VUs  16m10.9s/30m0s  30.00 iters/s

running (16m11.9s), 01/42 VUs, 29146 complete and 0 interrupted iterations
fapi2_logged_in_high_security   [  54% ] 01/42 VUs  16m11.9s/30m0s  30.00 iters/s

running (16m12.9s), 01/42 VUs, 29176 complete and 0 interrupted iterations
fapi2_logged_in_high_security   [  54% ] 01/42 VUs  16m12.9s/30m0s  30.00 iters/s

running (16m13.9s), 01/42 VUs, 29206 complete and 0 interrupted iterations
fapi2_logged_in_high_security   [  54% ] 01/42 VUs  16m13.9s/30m0s  30.00 iters/s

running (16m14.9s), 02/42 VUs, 29235 complete and 0 interrupted iterations
fapi2_logged_in_high_security   [  54% ] 02/42 VUs  16m14.9s/30m0s  30.00 iters/s

running (16m15.9s), 01/42 VUs, 29266 complete and 0 interrupted iterations
fapi2_logged_in_high_security   [  54% ] 01/42 VUs  16m15.9s/30m0s  30.00 iters/s

running (16m16.9s), 01/42 VUs, 29296 complete and 0 interrupted iterations
fapi2_logged_in_high_security   [  54% ] 01/42 VUs  16m16.9s/30m0s  30.00 iters/s

running (16m17.9s), 02/42 VUs, 29325 complete and 0 interrupted iterations
fapi2_logged_in_high_security   [  54% ] 02/42 VUs  16m17.9s/30m0s  30.00 iters/s

running (16m18.9s), 02/42 VUs, 29355 complete and 0 interrupted iterations
fapi2_logged_in_high_security   [  54% ] 02/42 VUs  16m18.9s/30m0s  30.00 iters/s

running (16m19.9s), 01/42 VUs, 29386 complete and 0 interrupted iterations
fapi2_logged_in_high_security   [  54% ] 01/42 VUs  16m19.9s/30m0s  30.00 iters/s

running (16m20.9s), 02/42 VUs, 29415 complete and 0 interrupted iterations
fapi2_logged_in_high_security   [  54% ] 02/42 VUs  16m20.9s/30m0s  30.00 iters/s

running (16m21.9s), 01/42 VUs, 29446 complete and 0 interrupted iterations
fapi2_logged_in_high_security   [  55% ] 01/42 VUs  16m21.9s/30m0s  30.00 iters/s

running (16m22.9s), 01/42 VUs, 29476 complete and 0 interrupted iterations
fapi2_logged_in_high_security   [  55% ] 01/42 VUs  16m22.9s/30m0s  30.00 iters/s

running (16m23.9s), 02/42 VUs, 29505 complete and 0 interrupted iterations
fapi2_logged_in_high_security   [  55% ] 02/42 VUs  16m23.9s/30m0s  30.00 iters/s

running (16m24.9s), 01/42 VUs, 29536 complete and 0 interrupted iterations
fapi2_logged_in_high_security   [  55% ] 01/42 VUs  16m24.9s/30m0s  30.00 iters/s

running (16m25.9s), 02/42 VUs, 29565 complete and 0 interrupted iterations
fapi2_logged_in_high_security   [  55% ] 02/42 VUs  16m25.9s/30m0s  30.00 iters/s

running (16m26.9s), 02/42 VUs, 29595 complete and 0 interrupted iterations
fapi2_logged_in_high_security   [  55% ] 02/42 VUs  16m26.9s/30m0s  30.00 iters/s

running (16m27.9s), 01/42 VUs, 29626 complete and 0 interrupted iterations
fapi2_logged_in_high_security   [  55% ] 01/42 VUs  16m27.9s/30m0s  30.00 iters/s

running (16m28.9s), 01/42 VUs, 29656 complete and 0 interrupted iterations
fapi2_logged_in_high_security   [  55% ] 01/42 VUs  16m28.9s/30m0s  30.00 iters/s

running (16m29.9s), 01/42 VUs, 29686 complete and 0 interrupted iterations
fapi2_logged_in_high_security   [  55% ] 01/42 VUs  16m29.9s/30m0s  30.00 iters/s

running (16m30.9s), 01/42 VUs, 29716 complete and 0 interrupted iterations
fapi2_logged_in_high_security   [  55% ] 01/42 VUs  16m30.9s/30m0s  30.00 iters/s

running (16m31.9s), 01/42 VUs, 29746 complete and 0 interrupted iterations
fapi2_logged_in_high_security   [  55% ] 01/42 VUs  16m31.9s/30m0s  30.00 iters/s

running (16m32.9s), 01/42 VUs, 29776 complete and 0 interrupted iterations
fapi2_logged_in_high_security   [  55% ] 01/42 VUs  16m32.9s/30m0s  30.00 iters/s

running (16m33.9s), 02/42 VUs, 29805 complete and 0 interrupted iterations
fapi2_logged_in_high_security   [  55% ] 02/42 VUs  16m33.9s/30m0s  30.00 iters/s

running (16m34.9s), 02/42 VUs, 29835 complete and 0 interrupted iterations
fapi2_logged_in_high_security   [  55% ] 02/42 VUs  16m34.9s/30m0s  30.00 iters/s

running (16m35.9s), 01/42 VUs, 29866 complete and 0 interrupted iterations
fapi2_logged_in_high_security   [  55% ] 01/42 VUs  16m35.9s/30m0s  30.00 iters/s

running (16m36.9s), 01/42 VUs, 29896 complete and 0 interrupted iterations
fapi2_logged_in_high_security   [  55% ] 01/42 VUs  16m36.9s/30m0s  30.00 iters/s

running (16m37.9s), 01/42 VUs, 29926 complete and 0 interrupted iterations
fapi2_logged_in_high_security   [  55% ] 01/42 VUs  16m37.9s/30m0s  30.00 iters/s

running (16m38.9s), 01/42 VUs, 29956 complete and 0 interrupted iterations
fapi2_logged_in_high_security   [  55% ] 01/42 VUs  16m38.9s/30m0s  30.00 iters/s

running (16m39.9s), 01/42 VUs, 29986 complete and 0 interrupted iterations
fapi2_logged_in_high_security   [  56% ] 01/42 VUs  16m39.9s/30m0s  30.00 iters/s

running (16m40.9s), 01/42 VUs, 30016 complete and 0 interrupted iterations
fapi2_logged_in_high_security   [  56% ] 01/42 VUs  16m40.9s/30m0s  30.00 iters/s

running (16m41.9s), 01/42 VUs, 30046 complete and 0 interrupted iterations
fapi2_logged_in_high_security   [  56% ] 01/42 VUs  16m41.9s/30m0s  30.00 iters/s

running (16m42.9s), 01/42 VUs, 30076 complete and 0 interrupted iterations
fapi2_logged_in_high_security   [  56% ] 01/42 VUs  16m42.9s/30m0s  30.00 iters/s

running (16m43.9s), 04/42 VUs, 30103 complete and 0 interrupted iterations
fapi2_logged_in_high_security   [  56% ] 04/42 VUs  16m43.9s/30m0s  30.00 iters/s

running (16m44.9s), 02/42 VUs, 30135 complete and 0 interrupted iterations
fapi2_logged_in_high_security   [  56% ] 02/42 VUs  16m44.9s/30m0s  30.00 iters/s

running (16m45.9s), 01/42 VUs, 30166 complete and 0 interrupted iterations
fapi2_logged_in_high_security   [  56% ] 01/42 VUs  16m45.9s/30m0s  30.00 iters/s

running (16m46.9s), 01/42 VUs, 30196 complete and 0 interrupted iterations
fapi2_logged_in_high_security   [  56% ] 01/42 VUs  16m46.9s/30m0s  30.00 iters/s

running (16m47.9s), 01/42 VUs, 30226 complete and 0 interrupted iterations
fapi2_logged_in_high_security   [  56% ] 01/42 VUs  16m47.9s/30m0s  30.00 iters/s

running (16m48.9s), 01/42 VUs, 30256 complete and 0 interrupted iterations
fapi2_logged_in_high_security   [  56% ] 01/42 VUs  16m48.9s/30m0s  30.00 iters/s

running (16m49.9s), 01/42 VUs, 30286 complete and 0 interrupted iterations
fapi2_logged_in_high_security   [  56% ] 01/42 VUs  16m49.9s/30m0s  30.00 iters/s

running (16m50.9s), 01/42 VUs, 30316 complete and 0 interrupted iterations
fapi2_logged_in_high_security   [  56% ] 01/42 VUs  16m50.9s/30m0s  30.00 iters/s

running (16m51.9s), 01/42 VUs, 30346 complete and 0 interrupted iterations
fapi2_logged_in_high_security   [  56% ] 01/42 VUs  16m51.9s/30m0s  30.00 iters/s

running (16m52.9s), 01/42 VUs, 30376 complete and 0 interrupted iterations
fapi2_logged_in_high_security   [  56% ] 01/42 VUs  16m52.9s/30m0s  30.00 iters/s

running (16m53.9s), 01/42 VUs, 30406 complete and 0 interrupted iterations
fapi2_logged_in_high_security   [  56% ] 01/42 VUs  16m53.9s/30m0s  30.00 iters/s

running (16m54.9s), 04/42 VUs, 30433 complete and 0 interrupted iterations
fapi2_logged_in_high_security   [  56% ] 04/42 VUs  16m54.9s/30m0s  30.00 iters/s

running (16m55.9s), 02/42 VUs, 30465 complete and 0 interrupted iterations
fapi2_logged_in_high_security   [  56% ] 02/42 VUs  16m55.9s/30m0s  30.00 iters/s

running (16m56.9s), 02/42 VUs, 30495 complete and 0 interrupted iterations
fapi2_logged_in_high_security   [  56% ] 02/42 VUs  16m56.9s/30m0s  30.00 iters/s

running (16m57.9s), 02/42 VUs, 30525 complete and 0 interrupted iterations
fapi2_logged_in_high_security   [  57% ] 02/42 VUs  16m57.9s/30m0s  30.00 iters/s

running (16m58.9s), 02/42 VUs, 30555 complete and 0 interrupted iterations
fapi2_logged_in_high_security   [  57% ] 02/42 VUs  16m58.9s/30m0s  30.00 iters/s

running (16m59.9s), 01/42 VUs, 30586 complete and 0 interrupted iterations
fapi2_logged_in_high_security   [  57% ] 01/42 VUs  16m59.9s/30m0s  30.00 iters/s

running (17m00.9s), 01/42 VUs, 30616 complete and 0 interrupted iterations
fapi2_logged_in_high_security   [  57% ] 01/42 VUs  17m00.9s/30m0s  30.00 iters/s

running (17m01.9s), 02/42 VUs, 30645 complete and 0 interrupted iterations
fapi2_logged_in_high_security   [  57% ] 02/42 VUs  17m01.9s/30m0s  30.00 iters/s

running (17m02.9s), 01/42 VUs, 30676 complete and 0 interrupted iterations
fapi2_logged_in_high_security   [  57% ] 01/42 VUs  17m02.9s/30m0s  30.00 iters/s

running (17m03.9s), 06/42 VUs, 30701 complete and 0 interrupted iterations
fapi2_logged_in_high_security   [  57% ] 06/42 VUs  17m03.9s/30m0s  30.00 iters/s

running (17m04.9s), 02/42 VUs, 30735 complete and 0 interrupted iterations
fapi2_logged_in_high_security   [  57% ] 02/42 VUs  17m04.9s/30m0s  30.00 iters/s

running (17m05.9s), 01/42 VUs, 30766 complete and 0 interrupted iterations
fapi2_logged_in_high_security   [  57% ] 01/42 VUs  17m05.9s/30m0s  30.00 iters/s

running (17m06.9s), 02/42 VUs, 30795 complete and 0 interrupted iterations
fapi2_logged_in_high_security   [  57% ] 02/42 VUs  17m06.9s/30m0s  30.00 iters/s

running (17m07.9s), 01/42 VUs, 30826 complete and 0 interrupted iterations
fapi2_logged_in_high_security   [  57% ] 01/42 VUs  17m07.9s/30m0s  30.00 iters/s

running (17m08.9s), 01/42 VUs, 30856 complete and 0 interrupted iterations
fapi2_logged_in_high_security   [  57% ] 01/42 VUs  17m08.9s/30m0s  30.00 iters/s

running (17m09.9s), 01/42 VUs, 30886 complete and 0 interrupted iterations
fapi2_logged_in_high_security   [  57% ] 01/42 VUs  17m09.9s/30m0s  30.00 iters/s

running (17m10.9s), 01/42 VUs, 30916 complete and 0 interrupted iterations
fapi2_logged_in_high_security   [  57% ] 01/42 VUs  17m10.9s/30m0s  30.00 iters/s

running (17m11.9s), 02/42 VUs, 30945 complete and 0 interrupted iterations
fapi2_logged_in_high_security   [  57% ] 02/42 VUs  17m11.9s/30m0s  30.00 iters/s

running (17m12.9s), 01/42 VUs, 30976 complete and 0 interrupted iterations
fapi2_logged_in_high_security   [  57% ] 01/42 VUs  17m12.9s/30m0s  30.00 iters/s

running (17m13.9s), 01/42 VUs, 31006 complete and 0 interrupted iterations
fapi2_logged_in_high_security   [  57% ] 01/42 VUs  17m13.9s/30m0s  30.00 iters/s

running (17m14.9s), 01/42 VUs, 31036 complete and 0 interrupted iterations
fapi2_logged_in_high_security   [  57% ] 01/42 VUs  17m14.9s/30m0s  30.00 iters/s

running (17m15.9s), 01/42 VUs, 31066 complete and 0 interrupted iterations
fapi2_logged_in_high_security   [  58% ] 01/42 VUs  17m15.9s/30m0s  30.00 iters/s

running (17m16.9s), 01/42 VUs, 31096 complete and 0 interrupted iterations
fapi2_logged_in_high_security   [  58% ] 01/42 VUs  17m16.9s/30m0s  30.00 iters/s

running (17m17.9s), 01/42 VUs, 31126 complete and 0 interrupted iterations
fapi2_logged_in_high_security   [  58% ] 01/42 VUs  17m17.9s/30m0s  30.00 iters/s

running (17m18.9s), 01/42 VUs, 31156 complete and 0 interrupted iterations
fapi2_logged_in_high_security   [  58% ] 01/42 VUs  17m18.9s/30m0s  30.00 iters/s

running (17m19.9s), 01/42 VUs, 31186 complete and 0 interrupted iterations
fapi2_logged_in_high_security   [  58% ] 01/42 VUs  17m19.9s/30m0s  30.00 iters/s

running (17m20.9s), 01/42 VUs, 31216 complete and 0 interrupted iterations
fapi2_logged_in_high_security   [  58% ] 01/42 VUs  17m20.9s/30m0s  30.00 iters/s

running (17m21.9s), 01/42 VUs, 31246 complete and 0 interrupted iterations
fapi2_logged_in_high_security   [  58% ] 01/42 VUs  17m21.9s/30m0s  30.00 iters/s

running (17m22.9s), 01/42 VUs, 31276 complete and 0 interrupted iterations
fapi2_logged_in_high_security   [  58% ] 01/42 VUs  17m22.9s/30m0s  30.00 iters/s

running (17m23.9s), 02/42 VUs, 31305 complete and 0 interrupted iterations
fapi2_logged_in_high_security   [  58% ] 02/42 VUs  17m23.9s/30m0s  30.00 iters/s

running (17m24.9s), 02/42 VUs, 31335 complete and 0 interrupted iterations
fapi2_logged_in_high_security   [  58% ] 02/42 VUs  17m24.9s/30m0s  30.00 iters/s

running (17m25.9s), 01/42 VUs, 31366 complete and 0 interrupted iterations
fapi2_logged_in_high_security   [  58% ] 01/42 VUs  17m25.9s/30m0s  30.00 iters/s

running (17m26.9s), 02/42 VUs, 31395 complete and 0 interrupted iterations
fapi2_logged_in_high_security   [  58% ] 02/42 VUs  17m26.9s/30m0s  30.00 iters/s

running (17m27.9s), 01/42 VUs, 31426 complete and 0 interrupted iterations
fapi2_logged_in_high_security   [  58% ] 01/42 VUs  17m27.9s/30m0s  30.00 iters/s

running (17m28.9s), 01/42 VUs, 31456 complete and 0 interrupted iterations
fapi2_logged_in_high_security   [  58% ] 01/42 VUs  17m28.9s/30m0s  30.00 iters/s

running (17m29.9s), 02/42 VUs, 31485 complete and 0 interrupted iterations
fapi2_logged_in_high_security   [  58% ] 02/42 VUs  17m29.9s/30m0s  30.00 iters/s

running (17m30.9s), 02/42 VUs, 31515 complete and 0 interrupted iterations
fapi2_logged_in_high_security   [  58% ] 02/42 VUs  17m30.9s/30m0s  30.00 iters/s

running (17m31.9s), 01/42 VUs, 31546 complete and 0 interrupted iterations
fapi2_logged_in_high_security   [  58% ] 01/42 VUs  17m31.9s/30m0s  30.00 iters/s

running (17m32.9s), 02/42 VUs, 31575 complete and 0 interrupted iterations
fapi2_logged_in_high_security   [  58% ] 02/42 VUs  17m32.9s/30m0s  30.00 iters/s

running (17m33.9s), 01/42 VUs, 31606 complete and 0 interrupted iterations
fapi2_logged_in_high_security   [  59% ] 01/42 VUs  17m33.9s/30m0s  30.00 iters/s

running (17m34.9s), 01/42 VUs, 31636 complete and 0 interrupted iterations
fapi2_logged_in_high_security   [  59% ] 01/42 VUs  17m34.9s/30m0s  30.00 iters/s

running (17m35.9s), 02/42 VUs, 31665 complete and 0 interrupted iterations
fapi2_logged_in_high_security   [  59% ] 02/42 VUs  17m35.9s/30m0s  30.00 iters/s

running (17m36.9s), 02/42 VUs, 31695 complete and 0 interrupted iterations
fapi2_logged_in_high_security   [  59% ] 02/42 VUs  17m36.9s/30m0s  30.00 iters/s

running (17m37.9s), 01/42 VUs, 31726 complete and 0 interrupted iterations
fapi2_logged_in_high_security   [  59% ] 01/42 VUs  17m37.9s/30m0s  30.00 iters/s

running (17m38.9s), 02/42 VUs, 31755 complete and 0 interrupted iterations
fapi2_logged_in_high_security   [  59% ] 02/42 VUs  17m38.9s/30m0s  30.00 iters/s

running (17m39.9s), 01/42 VUs, 31786 complete and 0 interrupted iterations
fapi2_logged_in_high_security   [  59% ] 01/42 VUs  17m39.9s/30m0s  30.00 iters/s

running (17m40.9s), 01/42 VUs, 31816 complete and 0 interrupted iterations
fapi2_logged_in_high_security   [  59% ] 01/42 VUs  17m40.9s/30m0s  30.00 iters/s

running (17m41.9s), 02/42 VUs, 31845 complete and 0 interrupted iterations
fapi2_logged_in_high_security   [  59% ] 02/42 VUs  17m41.9s/30m0s  30.00 iters/s

running (17m42.9s), 05/42 VUs, 31872 complete and 0 interrupted iterations
fapi2_logged_in_high_security   [  59% ] 05/42 VUs  17m42.9s/30m0s  30.00 iters/s

running (17m43.9s), 01/42 VUs, 31906 complete and 0 interrupted iterations
fapi2_logged_in_high_security   [  59% ] 01/42 VUs  17m43.9s/30m0s  30.00 iters/s

running (17m44.9s), 02/42 VUs, 31935 complete and 0 interrupted iterations
fapi2_logged_in_high_security   [  59% ] 02/42 VUs  17m44.9s/30m0s  30.00 iters/s

running (17m45.9s), 02/42 VUs, 31965 complete and 0 interrupted iterations
fapi2_logged_in_high_security   [  59% ] 02/42 VUs  17m45.9s/30m0s  30.00 iters/s

running (17m46.9s), 01/42 VUs, 31996 complete and 0 interrupted iterations
fapi2_logged_in_high_security   [  59% ] 01/42 VUs  17m46.9s/30m0s  30.00 iters/s

running (17m47.9s), 01/42 VUs, 32026 complete and 0 interrupted iterations
fapi2_logged_in_high_security   [  59% ] 01/42 VUs  17m47.9s/30m0s  30.00 iters/s

running (17m48.9s), 01/42 VUs, 32056 complete and 0 interrupted iterations
fapi2_logged_in_high_security   [  59% ] 01/42 VUs  17m48.9s/30m0s  30.00 iters/s

running (17m49.9s), 02/42 VUs, 32085 complete and 0 interrupted iterations
fapi2_logged_in_high_security   [  59% ] 02/42 VUs  17m49.9s/30m0s  30.00 iters/s

running (17m50.9s), 02/42 VUs, 32115 complete and 0 interrupted iterations
fapi2_logged_in_high_security   [  59% ] 02/42 VUs  17m50.9s/30m0s  30.00 iters/s

running (17m51.9s), 01/42 VUs, 32146 complete and 0 interrupted iterations
fapi2_logged_in_high_security   [  60% ] 01/42 VUs  17m51.9s/30m0s  30.00 iters/s

running (17m52.9s), 02/42 VUs, 32175 complete and 0 interrupted iterations
fapi2_logged_in_high_security   [  60% ] 02/42 VUs  17m52.9s/30m0s  30.00 iters/s

running (17m53.9s), 02/42 VUs, 32205 complete and 0 interrupted iterations
fapi2_logged_in_high_security   [  60% ] 02/42 VUs  17m53.9s/30m0s  30.00 iters/s

running (17m54.9s), 01/42 VUs, 32236 complete and 0 interrupted iterations
fapi2_logged_in_high_security   [  60% ] 01/42 VUs  17m54.9s/30m0s  30.00 iters/s

running (17m55.9s), 01/42 VUs, 32266 complete and 0 interrupted iterations
fapi2_logged_in_high_security   [  60% ] 01/42 VUs  17m55.9s/30m0s  30.00 iters/s

running (17m56.9s), 02/42 VUs, 32295 complete and 0 interrupted iterations
fapi2_logged_in_high_security   [  60% ] 02/42 VUs  17m56.9s/30m0s  30.00 iters/s

running (17m57.9s), 02/42 VUs, 32325 complete and 0 interrupted iterations
fapi2_logged_in_high_security   [  60% ] 02/42 VUs  17m57.9s/30m0s  30.00 iters/s

running (17m58.9s), 01/42 VUs, 32356 complete and 0 interrupted iterations
fapi2_logged_in_high_security   [  60% ] 01/42 VUs  17m58.9s/30m0s  30.00 iters/s

running (17m59.9s), 02/42 VUs, 32385 complete and 0 interrupted iterations
fapi2_logged_in_high_security   [  60% ] 02/42 VUs  17m59.9s/30m0s  30.00 iters/s

running (18m00.9s), 02/42 VUs, 32415 complete and 0 interrupted iterations
fapi2_logged_in_high_security   [  60% ] 02/42 VUs  18m00.9s/30m0s  30.00 iters/s

running (18m01.9s), 01/42 VUs, 32446 complete and 0 interrupted iterations
fapi2_logged_in_high_security   [  60% ] 01/42 VUs  18m01.9s/30m0s  30.00 iters/s

running (18m02.9s), 01/42 VUs, 32476 complete and 0 interrupted iterations
fapi2_logged_in_high_security   [  60% ] 01/42 VUs  18m02.9s/30m0s  30.00 iters/s

running (18m03.9s), 02/42 VUs, 32505 complete and 0 interrupted iterations
fapi2_logged_in_high_security   [  60% ] 02/42 VUs  18m03.9s/30m0s  30.00 iters/s

running (18m04.9s), 08/42 VUs, 32529 complete and 0 interrupted iterations
fapi2_logged_in_high_security   [  60% ] 08/42 VUs  18m04.9s/30m0s  30.00 iters/s

running (18m05.9s), 02/42 VUs, 32565 complete and 0 interrupted iterations
fapi2_logged_in_high_security   [  60% ] 02/42 VUs  18m05.9s/30m0s  30.00 iters/s

running (18m06.9s), 02/42 VUs, 32595 complete and 0 interrupted iterations
fapi2_logged_in_high_security   [  60% ] 02/42 VUs  18m06.9s/30m0s  30.00 iters/s

running (18m07.9s), 01/42 VUs, 32626 complete and 0 interrupted iterations
fapi2_logged_in_high_security   [  60% ] 01/42 VUs  18m07.9s/30m0s  30.00 iters/s

running (18m08.9s), 01/42 VUs, 32656 complete and 0 interrupted iterations
fapi2_logged_in_high_security   [  60% ] 01/42 VUs  18m08.9s/30m0s  30.00 iters/s

running (18m09.9s), 01/42 VUs, 32686 complete and 0 interrupted iterations
fapi2_logged_in_high_security   [  61% ] 01/42 VUs  18m09.9s/30m0s  30.00 iters/s

running (18m10.9s), 01/42 VUs, 32716 complete and 0 interrupted iterations
fapi2_logged_in_high_security   [  61% ] 01/42 VUs  18m10.9s/30m0s  30.00 iters/s

running (18m11.9s), 01/42 VUs, 32746 complete and 0 interrupted iterations
fapi2_logged_in_high_security   [  61% ] 01/42 VUs  18m11.9s/30m0s  30.00 iters/s

running (18m12.9s), 01/42 VUs, 32776 complete and 0 interrupted iterations
fapi2_logged_in_high_security   [  61% ] 01/42 VUs  18m12.9s/30m0s  30.00 iters/s

running (18m13.9s), 01/42 VUs, 32806 complete and 0 interrupted iterations
fapi2_logged_in_high_security   [  61% ] 01/42 VUs  18m13.9s/30m0s  30.00 iters/s

running (18m14.9s), 01/42 VUs, 32836 complete and 0 interrupted iterations
fapi2_logged_in_high_security   [  61% ] 01/42 VUs  18m14.9s/30m0s  30.00 iters/s

running (18m15.9s), 01/42 VUs, 32866 complete and 0 interrupted iterations
fapi2_logged_in_high_security   [  61% ] 01/42 VUs  18m15.9s/30m0s  30.00 iters/s

running (18m16.9s), 01/42 VUs, 32896 complete and 0 interrupted iterations
fapi2_logged_in_high_security   [  61% ] 01/42 VUs  18m16.9s/30m0s  30.00 iters/s

running (18m17.9s), 01/42 VUs, 32926 complete and 0 interrupted iterations
fapi2_logged_in_high_security   [  61% ] 01/42 VUs  18m17.9s/30m0s  30.00 iters/s

running (18m18.9s), 01/42 VUs, 32956 complete and 0 interrupted iterations
fapi2_logged_in_high_security   [  61% ] 01/42 VUs  18m18.9s/30m0s  30.00 iters/s

running (18m19.9s), 01/42 VUs, 32986 complete and 0 interrupted iterations
fapi2_logged_in_high_security   [  61% ] 01/42 VUs  18m19.9s/30m0s  30.00 iters/s

running (18m20.9s), 02/42 VUs, 33015 complete and 0 interrupted iterations
fapi2_logged_in_high_security   [  61% ] 02/42 VUs  18m20.9s/30m0s  30.00 iters/s

running (18m21.9s), 01/42 VUs, 33046 complete and 0 interrupted iterations
fapi2_logged_in_high_security   [  61% ] 01/42 VUs  18m21.9s/30m0s  30.00 iters/s

running (18m22.9s), 01/42 VUs, 33076 complete and 0 interrupted iterations
fapi2_logged_in_high_security   [  61% ] 01/42 VUs  18m22.9s/30m0s  30.00 iters/s

running (18m23.9s), 01/42 VUs, 33106 complete and 0 interrupted iterations
fapi2_logged_in_high_security   [  61% ] 01/42 VUs  18m23.9s/30m0s  30.00 iters/s

running (18m24.9s), 06/42 VUs, 33131 complete and 0 interrupted iterations
fapi2_logged_in_high_security   [  61% ] 06/42 VUs  18m24.9s/30m0s  30.00 iters/s

running (18m25.9s), 01/42 VUs, 33166 complete and 0 interrupted iterations
fapi2_logged_in_high_security   [  61% ] 01/42 VUs  18m25.9s/30m0s  30.00 iters/s

running (18m26.9s), 02/42 VUs, 33195 complete and 0 interrupted iterations
fapi2_logged_in_high_security   [  61% ] 02/42 VUs  18m26.9s/30m0s  30.00 iters/s

running (18m27.9s), 01/42 VUs, 33226 complete and 0 interrupted iterations
fapi2_logged_in_high_security   [  62% ] 01/42 VUs  18m27.9s/30m0s  30.00 iters/s

running (18m28.9s), 01/42 VUs, 33256 complete and 0 interrupted iterations
fapi2_logged_in_high_security   [  62% ] 01/42 VUs  18m28.9s/30m0s  30.00 iters/s

running (18m29.9s), 01/42 VUs, 33286 complete and 0 interrupted iterations
fapi2_logged_in_high_security   [  62% ] 01/42 VUs  18m29.9s/30m0s  30.00 iters/s

running (18m30.9s), 01/42 VUs, 33316 complete and 0 interrupted iterations
fapi2_logged_in_high_security   [  62% ] 01/42 VUs  18m30.9s/30m0s  30.00 iters/s

running (18m31.9s), 01/42 VUs, 33346 complete and 0 interrupted iterations
fapi2_logged_in_high_security   [  62% ] 01/42 VUs  18m31.9s/30m0s  30.00 iters/s

running (18m32.9s), 01/42 VUs, 33376 complete and 0 interrupted iterations
fapi2_logged_in_high_security   [  62% ] 01/42 VUs  18m32.9s/30m0s  30.00 iters/s

running (18m33.9s), 02/42 VUs, 33405 complete and 0 interrupted iterations
fapi2_logged_in_high_security   [  62% ] 02/42 VUs  18m33.9s/30m0s  30.00 iters/s

running (18m34.9s), 02/42 VUs, 33435 complete and 0 interrupted iterations
fapi2_logged_in_high_security   [  62% ] 02/42 VUs  18m34.9s/30m0s  30.00 iters/s

running (18m35.9s), 01/42 VUs, 33466 complete and 0 interrupted iterations
fapi2_logged_in_high_security   [  62% ] 01/42 VUs  18m35.9s/30m0s  30.00 iters/s

running (18m36.9s), 02/42 VUs, 33495 complete and 0 interrupted iterations
fapi2_logged_in_high_security   [  62% ] 02/42 VUs  18m36.9s/30m0s  30.00 iters/s

running (18m37.9s), 20/42 VUs, 33507 complete and 0 interrupted iterations
fapi2_logged_in_high_security   [  62% ] 20/42 VUs  18m37.9s/30m0s  30.00 iters/s

running (18m38.9s), 15/42 VUs, 33542 complete and 0 interrupted iterations
fapi2_logged_in_high_security   [  62% ] 15/42 VUs  18m38.9s/30m0s  30.00 iters/s

running (18m39.9s), 05/42 VUs, 33582 complete and 0 interrupted iterations
fapi2_logged_in_high_security   [  62% ] 05/42 VUs  18m39.9s/30m0s  30.00 iters/s

running (18m40.9s), 01/42 VUs, 33616 complete and 0 interrupted iterations
fapi2_logged_in_high_security   [  62% ] 01/42 VUs  18m40.9s/30m0s  30.00 iters/s

running (18m41.9s), 02/42 VUs, 33645 complete and 0 interrupted iterations
fapi2_logged_in_high_security   [  62% ] 02/42 VUs  18m41.9s/30m0s  30.00 iters/s

running (18m42.9s), 01/42 VUs, 33676 complete and 0 interrupted iterations
fapi2_logged_in_high_security   [  62% ] 01/42 VUs  18m42.9s/30m0s  30.00 iters/s

running (18m43.9s), 01/42 VUs, 33706 complete and 0 interrupted iterations
fapi2_logged_in_high_security   [  62% ] 01/42 VUs  18m43.9s/30m0s  30.00 iters/s

running (18m44.9s), 03/42 VUs, 33734 complete and 0 interrupted iterations
fapi2_logged_in_high_security   [  62% ] 03/42 VUs  18m44.9s/30m0s  30.00 iters/s

running (18m45.9s), 03/42 VUs, 33764 complete and 0 interrupted iterations
fapi2_logged_in_high_security   [  63% ] 03/42 VUs  18m45.9s/30m0s  30.00 iters/s

running (18m46.9s), 02/42 VUs, 33795 complete and 0 interrupted iterations
fapi2_logged_in_high_security   [  63% ] 02/42 VUs  18m46.9s/30m0s  30.00 iters/s

running (18m47.9s), 01/42 VUs, 33826 complete and 0 interrupted iterations
fapi2_logged_in_high_security   [  63% ] 01/42 VUs  18m47.9s/30m0s  30.00 iters/s

running (18m48.9s), 01/42 VUs, 33856 complete and 0 interrupted iterations
fapi2_logged_in_high_security   [  63% ] 01/42 VUs  18m48.9s/30m0s  30.00 iters/s

running (18m49.9s), 01/42 VUs, 33886 complete and 0 interrupted iterations
fapi2_logged_in_high_security   [  63% ] 01/42 VUs  18m49.9s/30m0s  30.00 iters/s

running (18m50.9s), 01/42 VUs, 33916 complete and 0 interrupted iterations
fapi2_logged_in_high_security   [  63% ] 01/42 VUs  18m50.9s/30m0s  30.00 iters/s

running (18m51.9s), 02/42 VUs, 33945 complete and 0 interrupted iterations
fapi2_logged_in_high_security   [  63% ] 02/42 VUs  18m51.9s/30m0s  30.00 iters/s

running (18m52.9s), 02/42 VUs, 33975 complete and 0 interrupted iterations
fapi2_logged_in_high_security   [  63% ] 02/42 VUs  18m52.9s/30m0s  30.00 iters/s

running (18m53.9s), 04/42 VUs, 34003 complete and 0 interrupted iterations
fapi2_logged_in_high_security   [  63% ] 04/42 VUs  18m53.9s/30m0s  30.00 iters/s

running (18m54.9s), 01/42 VUs, 34036 complete and 0 interrupted iterations
fapi2_logged_in_high_security   [  63% ] 01/42 VUs  18m54.9s/30m0s  30.00 iters/s

running (18m55.9s), 02/42 VUs, 34065 complete and 0 interrupted iterations
fapi2_logged_in_high_security   [  63% ] 02/42 VUs  18m55.9s/30m0s  30.00 iters/s

running (18m56.9s), 02/42 VUs, 34095 complete and 0 interrupted iterations
fapi2_logged_in_high_security   [  63% ] 02/42 VUs  18m56.9s/30m0s  30.00 iters/s

running (18m57.9s), 02/42 VUs, 34125 complete and 0 interrupted iterations
fapi2_logged_in_high_security   [  63% ] 02/42 VUs  18m57.9s/30m0s  30.00 iters/s

running (18m58.9s), 02/42 VUs, 34155 complete and 0 interrupted iterations
fapi2_logged_in_high_security   [  63% ] 02/42 VUs  18m58.9s/30m0s  30.00 iters/s

running (18m59.9s), 01/42 VUs, 34186 complete and 0 interrupted iterations
fapi2_logged_in_high_security   [  63% ] 01/42 VUs  18m59.9s/30m0s  30.00 iters/s

running (19m00.9s), 01/42 VUs, 34216 complete and 0 interrupted iterations
fapi2_logged_in_high_security   [  63% ] 01/42 VUs  19m00.9s/30m0s  30.00 iters/s

running (19m01.9s), 02/42 VUs, 34245 complete and 0 interrupted iterations
fapi2_logged_in_high_security   [  63% ] 02/42 VUs  19m01.9s/30m0s  30.00 iters/s

running (19m02.9s), 02/42 VUs, 34275 complete and 0 interrupted iterations
fapi2_logged_in_high_security   [  63% ] 02/42 VUs  19m02.9s/30m0s  30.00 iters/s

running (19m03.9s), 01/42 VUs, 34306 complete and 0 interrupted iterations
fapi2_logged_in_high_security   [  64% ] 01/42 VUs  19m03.9s/30m0s  30.00 iters/s

running (19m04.9s), 02/42 VUs, 34335 complete and 0 interrupted iterations
fapi2_logged_in_high_security   [  64% ] 02/42 VUs  19m04.9s/30m0s  30.00 iters/s

running (19m05.9s), 08/42 VUs, 34359 complete and 0 interrupted iterations
fapi2_logged_in_high_security   [  64% ] 08/42 VUs  19m05.9s/30m0s  30.00 iters/s

running (19m06.9s), 02/42 VUs, 34395 complete and 0 interrupted iterations
fapi2_logged_in_high_security   [  64% ] 02/42 VUs  19m06.9s/30m0s  30.00 iters/s

running (19m07.9s), 02/42 VUs, 34425 complete and 0 interrupted iterations
fapi2_logged_in_high_security   [  64% ] 02/42 VUs  19m07.9s/30m0s  30.00 iters/s

running (19m08.9s), 01/42 VUs, 34456 complete and 0 interrupted iterations
fapi2_logged_in_high_security   [  64% ] 01/42 VUs  19m08.9s/30m0s  30.00 iters/s

running (19m09.9s), 01/42 VUs, 34486 complete and 0 interrupted iterations
fapi2_logged_in_high_security   [  64% ] 01/42 VUs  19m09.9s/30m0s  30.00 iters/s

running (19m10.9s), 01/42 VUs, 34516 complete and 0 interrupted iterations
fapi2_logged_in_high_security   [  64% ] 01/42 VUs  19m10.9s/30m0s  30.00 iters/s

running (19m11.9s), 01/42 VUs, 34546 complete and 0 interrupted iterations
fapi2_logged_in_high_security   [  64% ] 01/42 VUs  19m11.9s/30m0s  30.00 iters/s

running (19m12.9s), 01/42 VUs, 34576 complete and 0 interrupted iterations
fapi2_logged_in_high_security   [  64% ] 01/42 VUs  19m12.9s/30m0s  30.00 iters/s

running (19m13.9s), 01/42 VUs, 34606 complete and 0 interrupted iterations
fapi2_logged_in_high_security   [  64% ] 01/42 VUs  19m13.9s/30m0s  30.00 iters/s

running (19m14.9s), 01/42 VUs, 34636 complete and 0 interrupted iterations
fapi2_logged_in_high_security   [  64% ] 01/42 VUs  19m14.9s/30m0s  30.00 iters/s

running (19m15.9s), 01/42 VUs, 34666 complete and 0 interrupted iterations
fapi2_logged_in_high_security   [  64% ] 01/42 VUs  19m15.9s/30m0s  30.00 iters/s

running (19m16.9s), 01/42 VUs, 34696 complete and 0 interrupted iterations
fapi2_logged_in_high_security   [  64% ] 01/42 VUs  19m16.9s/30m0s  30.00 iters/s

running (19m17.9s), 01/42 VUs, 34726 complete and 0 interrupted iterations
fapi2_logged_in_high_security   [  64% ] 01/42 VUs  19m17.9s/30m0s  30.00 iters/s

running (19m18.9s), 01/42 VUs, 34756 complete and 0 interrupted iterations
fapi2_logged_in_high_security   [  64% ] 01/42 VUs  19m18.9s/30m0s  30.00 iters/s

running (19m19.9s), 01/42 VUs, 34786 complete and 0 interrupted iterations
fapi2_logged_in_high_security   [  64% ] 01/42 VUs  19m19.9s/30m0s  30.00 iters/s

running (19m20.9s), 01/42 VUs, 34816 complete and 0 interrupted iterations
fapi2_logged_in_high_security   [  64% ] 01/42 VUs  19m20.9s/30m0s  30.00 iters/s

running (19m21.9s), 01/42 VUs, 34846 complete and 0 interrupted iterations
fapi2_logged_in_high_security   [  65% ] 01/42 VUs  19m21.9s/30m0s  30.00 iters/s

running (19m22.9s), 02/42 VUs, 34875 complete and 0 interrupted iterations
fapi2_logged_in_high_security   [  65% ] 02/42 VUs  19m22.9s/30m0s  30.00 iters/s

running (19m23.9s), 01/42 VUs, 34906 complete and 0 interrupted iterations
fapi2_logged_in_high_security   [  65% ] 01/42 VUs  19m23.9s/30m0s  30.00 iters/s

running (19m24.9s), 01/42 VUs, 34936 complete and 0 interrupted iterations
fapi2_logged_in_high_security   [  65% ] 01/42 VUs  19m24.9s/30m0s  30.00 iters/s

running (19m25.9s), 04/42 VUs, 34963 complete and 0 interrupted iterations
fapi2_logged_in_high_security   [  65% ] 04/42 VUs  19m25.9s/30m0s  30.00 iters/s

running (19m26.9s), 04/42 VUs, 34993 complete and 0 interrupted iterations
fapi2_logged_in_high_security   [  65% ] 04/42 VUs  19m26.9s/30m0s  30.00 iters/s

running (19m27.9s), 06/42 VUs, 35021 complete and 0 interrupted iterations
fapi2_logged_in_high_security   [  65% ] 06/42 VUs  19m27.9s/30m0s  30.00 iters/s

running (19m28.9s), 01/42 VUs, 35056 complete and 0 interrupted iterations
fapi2_logged_in_high_security   [  65% ] 01/42 VUs  19m28.9s/30m0s  30.00 iters/s

running (19m29.9s), 01/42 VUs, 35086 complete and 0 interrupted iterations
fapi2_logged_in_high_security   [  65% ] 01/42 VUs  19m29.9s/30m0s  30.00 iters/s

running (19m30.9s), 04/42 VUs, 35113 complete and 0 interrupted iterations
fapi2_logged_in_high_security   [  65% ] 04/42 VUs  19m30.9s/30m0s  30.00 iters/s

running (19m31.9s), 01/42 VUs, 35146 complete and 0 interrupted iterations
fapi2_logged_in_high_security   [  65% ] 01/42 VUs  19m31.9s/30m0s  30.00 iters/s

running (19m32.9s), 01/42 VUs, 35176 complete and 0 interrupted iterations
fapi2_logged_in_high_security   [  65% ] 01/42 VUs  19m32.9s/30m0s  30.00 iters/s

running (19m33.9s), 01/42 VUs, 35206 complete and 0 interrupted iterations
fapi2_logged_in_high_security   [  65% ] 01/42 VUs  19m33.9s/30m0s  30.00 iters/s

running (19m34.9s), 01/42 VUs, 35236 complete and 0 interrupted iterations
fapi2_logged_in_high_security   [  65% ] 01/42 VUs  19m34.9s/30m0s  30.00 iters/s

running (19m35.9s), 01/42 VUs, 35266 complete and 0 interrupted iterations
fapi2_logged_in_high_security   [  65% ] 01/42 VUs  19m35.9s/30m0s  30.00 iters/s

running (19m36.9s), 02/42 VUs, 35295 complete and 0 interrupted iterations
fapi2_logged_in_high_security   [  65% ] 02/42 VUs  19m36.9s/30m0s  30.00 iters/s

running (19m37.9s), 01/42 VUs, 35326 complete and 0 interrupted iterations
fapi2_logged_in_high_security   [  65% ] 01/42 VUs  19m37.9s/30m0s  30.00 iters/s

running (19m38.9s), 01/42 VUs, 35356 complete and 0 interrupted iterations
fapi2_logged_in_high_security   [  65% ] 01/42 VUs  19m38.9s/30m0s  30.00 iters/s

running (19m39.9s), 02/42 VUs, 35385 complete and 0 interrupted iterations
fapi2_logged_in_high_security   [  66% ] 02/42 VUs  19m39.9s/30m0s  30.00 iters/s

running (19m40.9s), 01/42 VUs, 35416 complete and 0 interrupted iterations
fapi2_logged_in_high_security   [  66% ] 01/42 VUs  19m40.9s/30m0s  30.00 iters/s

running (19m41.9s), 01/42 VUs, 35446 complete and 0 interrupted iterations
fapi2_logged_in_high_security   [  66% ] 01/42 VUs  19m41.9s/30m0s  30.00 iters/s

running (19m42.9s), 01/42 VUs, 35476 complete and 0 interrupted iterations
fapi2_logged_in_high_security   [  66% ] 01/42 VUs  19m42.9s/30m0s  30.00 iters/s

running (19m43.9s), 01/42 VUs, 35506 complete and 0 interrupted iterations
fapi2_logged_in_high_security   [  66% ] 01/42 VUs  19m43.9s/30m0s  30.00 iters/s

running (19m44.9s), 01/42 VUs, 35536 complete and 0 interrupted iterations
fapi2_logged_in_high_security   [  66% ] 01/42 VUs  19m44.9s/30m0s  30.00 iters/s

running (19m45.9s), 04/42 VUs, 35563 complete and 0 interrupted iterations
fapi2_logged_in_high_security   [  66% ] 04/42 VUs  19m45.9s/30m0s  30.00 iters/s

running (19m46.9s), 01/42 VUs, 35596 complete and 0 interrupted iterations
fapi2_logged_in_high_security   [  66% ] 01/42 VUs  19m46.9s/30m0s  30.00 iters/s

running (19m47.9s), 01/42 VUs, 35626 complete and 0 interrupted iterations
fapi2_logged_in_high_security   [  66% ] 01/42 VUs  19m47.9s/30m0s  30.00 iters/s

running (19m48.9s), 01/42 VUs, 35656 complete and 0 interrupted iterations
fapi2_logged_in_high_security   [  66% ] 01/42 VUs  19m48.9s/30m0s  30.00 iters/s

running (19m49.9s), 01/42 VUs, 35686 complete and 0 interrupted iterations
fapi2_logged_in_high_security   [  66% ] 01/42 VUs  19m49.9s/30m0s  30.00 iters/s

running (19m50.9s), 01/42 VUs, 35716 complete and 0 interrupted iterations
fapi2_logged_in_high_security   [  66% ] 01/42 VUs  19m50.9s/30m0s  30.00 iters/s

running (19m51.9s), 01/42 VUs, 35746 complete and 0 interrupted iterations
fapi2_logged_in_high_security   [  66% ] 01/42 VUs  19m51.9s/30m0s  30.00 iters/s

running (19m52.9s), 02/42 VUs, 35775 complete and 0 interrupted iterations
fapi2_logged_in_high_security   [  66% ] 02/42 VUs  19m52.9s/30m0s  30.00 iters/s

running (19m53.9s), 01/42 VUs, 35806 complete and 0 interrupted iterations
fapi2_logged_in_high_security   [  66% ] 01/42 VUs  19m53.9s/30m0s  30.00 iters/s

running (19m54.9s), 01/42 VUs, 35836 complete and 0 interrupted iterations
fapi2_logged_in_high_security   [  66% ] 01/42 VUs  19m54.9s/30m0s  30.00 iters/s

running (19m55.9s), 01/42 VUs, 35866 complete and 0 interrupted iterations
fapi2_logged_in_high_security   [  66% ] 01/42 VUs  19m55.9s/30m0s  30.00 iters/s

running (19m56.9s), 01/42 VUs, 35896 complete and 0 interrupted iterations
fapi2_logged_in_high_security   [  66% ] 01/42 VUs  19m56.9s/30m0s  30.00 iters/s

running (19m57.9s), 01/42 VUs, 35926 complete and 0 interrupted iterations
fapi2_logged_in_high_security   [  67% ] 01/42 VUs  19m57.9s/30m0s  30.00 iters/s

running (19m58.9s), 01/42 VUs, 35956 complete and 0 interrupted iterations
fapi2_logged_in_high_security   [  67% ] 01/42 VUs  19m58.9s/30m0s  30.00 iters/s

running (19m59.9s), 01/42 VUs, 35986 complete and 0 interrupted iterations
fapi2_logged_in_high_security   [  67% ] 01/42 VUs  19m59.9s/30m0s  30.00 iters/s

running (20m00.9s), 01/42 VUs, 36016 complete and 0 interrupted iterations
fapi2_logged_in_high_security   [  67% ] 01/42 VUs  20m00.9s/30m0s  30.00 iters/s

running (20m01.9s), 01/42 VUs, 36046 complete and 0 interrupted iterations
fapi2_logged_in_high_security   [  67% ] 01/42 VUs  20m01.9s/30m0s  30.00 iters/s

running (20m02.9s), 01/42 VUs, 36076 complete and 0 interrupted iterations
fapi2_logged_in_high_security   [  67% ] 01/42 VUs  20m02.9s/30m0s  30.00 iters/s

running (20m03.9s), 01/42 VUs, 36106 complete and 0 interrupted iterations
fapi2_logged_in_high_security   [  67% ] 01/42 VUs  20m03.9s/30m0s  30.00 iters/s

running (20m04.9s), 01/42 VUs, 36136 complete and 0 interrupted iterations
fapi2_logged_in_high_security   [  67% ] 01/42 VUs  20m04.9s/30m0s  30.00 iters/s

running (20m05.9s), 02/42 VUs, 36165 complete and 0 interrupted iterations
fapi2_logged_in_high_security   [  67% ] 02/42 VUs  20m05.9s/30m0s  30.00 iters/s

running (20m06.9s), 01/42 VUs, 36196 complete and 0 interrupted iterations
fapi2_logged_in_high_security   [  67% ] 01/42 VUs  20m06.9s/30m0s  30.00 iters/s

running (20m07.9s), 01/42 VUs, 36226 complete and 0 interrupted iterations
fapi2_logged_in_high_security   [  67% ] 01/42 VUs  20m07.9s/30m0s  30.00 iters/s

running (20m08.9s), 01/42 VUs, 36256 complete and 0 interrupted iterations
fapi2_logged_in_high_security   [  67% ] 01/42 VUs  20m08.9s/30m0s  30.00 iters/s

running (20m09.9s), 01/42 VUs, 36286 complete and 0 interrupted iterations
fapi2_logged_in_high_security   [  67% ] 01/42 VUs  20m09.9s/30m0s  30.00 iters/s

running (20m10.9s), 01/42 VUs, 36316 complete and 0 interrupted iterations
fapi2_logged_in_high_security   [  67% ] 01/42 VUs  20m10.9s/30m0s  30.00 iters/s

running (20m11.9s), 01/42 VUs, 36346 complete and 0 interrupted iterations
fapi2_logged_in_high_security   [  67% ] 01/42 VUs  20m11.9s/30m0s  30.00 iters/s

running (20m12.9s), 01/42 VUs, 36376 complete and 0 interrupted iterations
fapi2_logged_in_high_security   [  67% ] 01/42 VUs  20m12.9s/30m0s  30.00 iters/s

running (20m13.9s), 01/42 VUs, 36406 complete and 0 interrupted iterations
fapi2_logged_in_high_security   [  67% ] 01/42 VUs  20m13.9s/30m0s  30.00 iters/s

running (20m14.9s), 01/42 VUs, 36436 complete and 0 interrupted iterations
fapi2_logged_in_high_security   [  67% ] 01/42 VUs  20m14.9s/30m0s  30.00 iters/s

running (20m15.9s), 01/42 VUs, 36466 complete and 0 interrupted iterations
fapi2_logged_in_high_security   [  68% ] 01/42 VUs  20m15.9s/30m0s  30.00 iters/s

running (20m16.9s), 01/42 VUs, 36496 complete and 0 interrupted iterations
fapi2_logged_in_high_security   [  68% ] 01/42 VUs  20m16.9s/30m0s  30.00 iters/s

running (20m17.9s), 01/42 VUs, 36526 complete and 0 interrupted iterations
fapi2_logged_in_high_security   [  68% ] 01/42 VUs  20m17.9s/30m0s  30.00 iters/s

running (20m18.9s), 01/42 VUs, 36556 complete and 0 interrupted iterations
fapi2_logged_in_high_security   [  68% ] 01/42 VUs  20m18.9s/30m0s  30.00 iters/s

running (20m19.9s), 01/42 VUs, 36586 complete and 0 interrupted iterations
fapi2_logged_in_high_security   [  68% ] 01/42 VUs  20m19.9s/30m0s  30.00 iters/s

running (20m20.9s), 01/42 VUs, 36616 complete and 0 interrupted iterations
fapi2_logged_in_high_security   [  68% ] 01/42 VUs  20m20.9s/30m0s  30.00 iters/s

running (20m21.9s), 01/42 VUs, 36646 complete and 0 interrupted iterations
fapi2_logged_in_high_security   [  68% ] 01/42 VUs  20m21.9s/30m0s  30.00 iters/s

running (20m22.9s), 01/42 VUs, 36676 complete and 0 interrupted iterations
fapi2_logged_in_high_security   [  68% ] 01/42 VUs  20m22.9s/30m0s  30.00 iters/s

running (20m23.9s), 01/42 VUs, 36706 complete and 0 interrupted iterations
fapi2_logged_in_high_security   [  68% ] 01/42 VUs  20m23.9s/30m0s  30.00 iters/s

running (20m24.9s), 01/42 VUs, 36736 complete and 0 interrupted iterations
fapi2_logged_in_high_security   [  68% ] 01/42 VUs  20m24.9s/30m0s  30.00 iters/s

running (20m25.9s), 01/42 VUs, 36766 complete and 0 interrupted iterations
fapi2_logged_in_high_security   [  68% ] 01/42 VUs  20m25.9s/30m0s  30.00 iters/s

running (20m26.9s), 01/42 VUs, 36796 complete and 0 interrupted iterations
fapi2_logged_in_high_security   [  68% ] 01/42 VUs  20m26.9s/30m0s  30.00 iters/s

running (20m27.9s), 01/42 VUs, 36826 complete and 0 interrupted iterations
fapi2_logged_in_high_security   [  68% ] 01/42 VUs  20m27.9s/30m0s  30.00 iters/s

running (20m28.9s), 01/42 VUs, 36856 complete and 0 interrupted iterations
fapi2_logged_in_high_security   [  68% ] 01/42 VUs  20m28.9s/30m0s  30.00 iters/s

running (20m29.9s), 01/42 VUs, 36886 complete and 0 interrupted iterations
fapi2_logged_in_high_security   [  68% ] 01/42 VUs  20m29.9s/30m0s  30.00 iters/s

running (20m30.9s), 01/42 VUs, 36916 complete and 0 interrupted iterations
fapi2_logged_in_high_security   [  68% ] 01/42 VUs  20m30.9s/30m0s  30.00 iters/s

running (20m31.9s), 02/42 VUs, 36945 complete and 0 interrupted iterations
fapi2_logged_in_high_security   [  68% ] 02/42 VUs  20m31.9s/30m0s  30.00 iters/s

running (20m32.9s), 01/42 VUs, 36976 complete and 0 interrupted iterations
fapi2_logged_in_high_security   [  68% ] 01/42 VUs  20m32.9s/30m0s  30.00 iters/s

running (20m33.9s), 01/42 VUs, 37006 complete and 0 interrupted iterations
fapi2_logged_in_high_security   [  69% ] 01/42 VUs  20m33.9s/30m0s  30.00 iters/s

running (20m34.9s), 01/42 VUs, 37036 complete and 0 interrupted iterations
fapi2_logged_in_high_security   [  69% ] 01/42 VUs  20m34.9s/30m0s  30.00 iters/s

running (20m35.9s), 01/42 VUs, 37066 complete and 0 interrupted iterations
fapi2_logged_in_high_security   [  69% ] 01/42 VUs  20m35.9s/30m0s  30.00 iters/s

running (20m36.9s), 01/42 VUs, 37096 complete and 0 interrupted iterations
fapi2_logged_in_high_security   [  69% ] 01/42 VUs  20m36.9s/30m0s  30.00 iters/s

running (20m37.9s), 01/42 VUs, 37126 complete and 0 interrupted iterations
fapi2_logged_in_high_security   [  69% ] 01/42 VUs  20m37.9s/30m0s  30.00 iters/s

running (20m38.9s), 01/42 VUs, 37156 complete and 0 interrupted iterations
fapi2_logged_in_high_security   [  69% ] 01/42 VUs  20m38.9s/30m0s  30.00 iters/s

running (20m39.9s), 01/42 VUs, 37186 complete and 0 interrupted iterations
fapi2_logged_in_high_security   [  69% ] 01/42 VUs  20m39.9s/30m0s  30.00 iters/s

running (20m40.9s), 01/42 VUs, 37216 complete and 0 interrupted iterations
fapi2_logged_in_high_security   [  69% ] 01/42 VUs  20m40.9s/30m0s  30.00 iters/s

running (20m41.9s), 01/42 VUs, 37246 complete and 0 interrupted iterations
fapi2_logged_in_high_security   [  69% ] 01/42 VUs  20m41.9s/30m0s  30.00 iters/s

running (20m42.9s), 01/42 VUs, 37276 complete and 0 interrupted iterations
fapi2_logged_in_high_security   [  69% ] 01/42 VUs  20m42.9s/30m0s  30.00 iters/s

running (20m43.9s), 01/42 VUs, 37306 complete and 0 interrupted iterations
fapi2_logged_in_high_security   [  69% ] 01/42 VUs  20m43.9s/30m0s  30.00 iters/s

running (20m44.9s), 01/42 VUs, 37336 complete and 0 interrupted iterations
fapi2_logged_in_high_security   [  69% ] 01/42 VUs  20m44.9s/30m0s  30.00 iters/s

running (20m45.9s), 01/42 VUs, 37366 complete and 0 interrupted iterations
fapi2_logged_in_high_security   [  69% ] 01/42 VUs  20m45.9s/30m0s  30.00 iters/s

running (20m46.9s), 05/42 VUs, 37392 complete and 0 interrupted iterations
fapi2_logged_in_high_security   [  69% ] 05/42 VUs  20m46.9s/30m0s  30.00 iters/s

running (20m47.9s), 01/42 VUs, 37426 complete and 0 interrupted iterations
fapi2_logged_in_high_security   [  69% ] 01/42 VUs  20m47.9s/30m0s  30.00 iters/s

running (20m48.9s), 01/42 VUs, 37456 complete and 0 interrupted iterations
fapi2_logged_in_high_security   [  69% ] 01/42 VUs  20m48.9s/30m0s  30.00 iters/s

running (20m49.9s), 01/42 VUs, 37486 complete and 0 interrupted iterations
fapi2_logged_in_high_security   [  69% ] 01/42 VUs  20m49.9s/30m0s  30.00 iters/s

running (20m50.9s), 01/42 VUs, 37516 complete and 0 interrupted iterations
fapi2_logged_in_high_security   [  69% ] 01/42 VUs  20m50.9s/30m0s  30.00 iters/s

running (20m51.9s), 02/42 VUs, 37545 complete and 0 interrupted iterations
fapi2_logged_in_high_security   [  70% ] 02/42 VUs  20m51.9s/30m0s  30.00 iters/s

running (20m52.9s), 01/42 VUs, 37576 complete and 0 interrupted iterations
fapi2_logged_in_high_security   [  70% ] 01/42 VUs  20m52.9s/30m0s  30.00 iters/s

running (20m53.9s), 01/42 VUs, 37606 complete and 0 interrupted iterations
fapi2_logged_in_high_security   [  70% ] 01/42 VUs  20m53.9s/30m0s  30.00 iters/s

running (20m54.9s), 01/42 VUs, 37636 complete and 0 interrupted iterations
fapi2_logged_in_high_security   [  70% ] 01/42 VUs  20m54.9s/30m0s  30.00 iters/s

running (20m55.9s), 01/42 VUs, 37666 complete and 0 interrupted iterations
fapi2_logged_in_high_security   [  70% ] 01/42 VUs  20m55.9s/30m0s  30.00 iters/s

running (20m56.9s), 01/42 VUs, 37696 complete and 0 interrupted iterations
fapi2_logged_in_high_security   [  70% ] 01/42 VUs  20m56.9s/30m0s  30.00 iters/s

running (20m57.9s), 02/42 VUs, 37725 complete and 0 interrupted iterations
fapi2_logged_in_high_security   [  70% ] 02/42 VUs  20m57.9s/30m0s  30.00 iters/s

running (20m58.9s), 01/42 VUs, 37756 complete and 0 interrupted iterations
fapi2_logged_in_high_security   [  70% ] 01/42 VUs  20m58.9s/30m0s  30.00 iters/s

running (20m59.9s), 01/42 VUs, 37786 complete and 0 interrupted iterations
fapi2_logged_in_high_security   [  70% ] 01/42 VUs  20m59.9s/30m0s  30.00 iters/s

running (21m00.9s), 01/42 VUs, 37816 complete and 0 interrupted iterations
fapi2_logged_in_high_security   [  70% ] 01/42 VUs  21m00.9s/30m0s  30.00 iters/s

running (21m01.9s), 02/42 VUs, 37845 complete and 0 interrupted iterations
fapi2_logged_in_high_security   [  70% ] 02/42 VUs  21m01.9s/30m0s  30.00 iters/s

running (21m02.9s), 02/42 VUs, 37875 complete and 0 interrupted iterations
fapi2_logged_in_high_security   [  70% ] 02/42 VUs  21m02.9s/30m0s  30.00 iters/s

running (21m03.9s), 02/42 VUs, 37905 complete and 0 interrupted iterations
fapi2_logged_in_high_security   [  70% ] 02/42 VUs  21m03.9s/30m0s  30.00 iters/s

running (21m04.9s), 01/42 VUs, 37936 complete and 0 interrupted iterations
fapi2_logged_in_high_security   [  70% ] 01/42 VUs  21m04.9s/30m0s  30.00 iters/s

running (21m05.9s), 02/42 VUs, 37965 complete and 0 interrupted iterations
fapi2_logged_in_high_security   [  70% ] 02/42 VUs  21m05.9s/30m0s  30.00 iters/s

running (21m06.9s), 05/42 VUs, 37992 complete and 0 interrupted iterations
fapi2_logged_in_high_security   [  70% ] 05/42 VUs  21m06.9s/30m0s  30.00 iters/s

running (21m07.9s), 06/42 VUs, 38021 complete and 0 interrupted iterations
fapi2_logged_in_high_security   [  70% ] 06/42 VUs  21m07.9s/30m0s  30.00 iters/s

running (21m08.9s), 01/42 VUs, 38056 complete and 0 interrupted iterations
fapi2_logged_in_high_security   [  70% ] 01/42 VUs  21m08.9s/30m0s  30.00 iters/s

running (21m09.9s), 01/42 VUs, 38086 complete and 0 interrupted iterations
fapi2_logged_in_high_security   [  71% ] 01/42 VUs  21m09.9s/30m0s  30.00 iters/s

running (21m10.9s), 01/42 VUs, 38116 complete and 0 interrupted iterations
fapi2_logged_in_high_security   [  71% ] 01/42 VUs  21m10.9s/30m0s  30.00 iters/s

running (21m11.9s), 04/42 VUs, 38143 complete and 0 interrupted iterations
fapi2_logged_in_high_security   [  71% ] 04/42 VUs  21m11.9s/30m0s  30.00 iters/s

running (21m12.9s), 02/42 VUs, 38175 complete and 0 interrupted iterations
fapi2_logged_in_high_security   [  71% ] 02/42 VUs  21m12.9s/30m0s  30.00 iters/s

running (21m13.9s), 02/42 VUs, 38205 complete and 0 interrupted iterations
fapi2_logged_in_high_security   [  71% ] 02/42 VUs  21m13.9s/30m0s  30.00 iters/s

running (21m14.9s), 01/42 VUs, 38236 complete and 0 interrupted iterations
fapi2_logged_in_high_security   [  71% ] 01/42 VUs  21m14.9s/30m0s  30.00 iters/s

running (21m15.9s), 01/42 VUs, 38266 complete and 0 interrupted iterations
fapi2_logged_in_high_security   [  71% ] 01/42 VUs  21m15.9s/30m0s  30.00 iters/s

running (21m16.9s), 01/42 VUs, 38296 complete and 0 interrupted iterations
fapi2_logged_in_high_security   [  71% ] 01/42 VUs  21m16.9s/30m0s  30.00 iters/s

running (21m17.9s), 01/42 VUs, 38326 complete and 0 interrupted iterations
fapi2_logged_in_high_security   [  71% ] 01/42 VUs  21m17.9s/30m0s  30.00 iters/s

running (21m18.9s), 01/42 VUs, 38356 complete and 0 interrupted iterations
fapi2_logged_in_high_security   [  71% ] 01/42 VUs  21m18.9s/30m0s  30.00 iters/s

running (21m19.9s), 02/42 VUs, 38385 complete and 0 interrupted iterations
fapi2_logged_in_high_security   [  71% ] 02/42 VUs  21m19.9s/30m0s  30.00 iters/s

running (21m20.9s), 03/42 VUs, 38414 complete and 0 interrupted iterations
fapi2_logged_in_high_security   [  71% ] 03/42 VUs  21m20.9s/30m0s  30.00 iters/s

running (21m21.9s), 01/42 VUs, 38446 complete and 0 interrupted iterations
fapi2_logged_in_high_security   [  71% ] 01/42 VUs  21m21.9s/30m0s  30.00 iters/s

running (21m22.9s), 01/42 VUs, 38476 complete and 0 interrupted iterations
fapi2_logged_in_high_security   [  71% ] 01/42 VUs  21m22.9s/30m0s  30.00 iters/s

running (21m23.9s), 01/42 VUs, 38506 complete and 0 interrupted iterations
fapi2_logged_in_high_security   [  71% ] 01/42 VUs  21m23.9s/30m0s  30.00 iters/s

running (21m24.9s), 02/42 VUs, 38535 complete and 0 interrupted iterations
fapi2_logged_in_high_security   [  71% ] 02/42 VUs  21m24.9s/30m0s  30.00 iters/s

running (21m25.9s), 01/42 VUs, 38566 complete and 0 interrupted iterations
fapi2_logged_in_high_security   [  71% ] 01/42 VUs  21m25.9s/30m0s  30.00 iters/s

running (21m26.9s), 02/42 VUs, 38595 complete and 0 interrupted iterations
fapi2_logged_in_high_security   [  71% ] 02/42 VUs  21m26.9s/30m0s  30.00 iters/s

running (21m27.9s), 11/42 VUs, 38616 complete and 0 interrupted iterations
fapi2_logged_in_high_security   [  72% ] 11/42 VUs  21m27.9s/30m0s  30.00 iters/s

running (21m28.9s), 01/42 VUs, 38656 complete and 0 interrupted iterations
fapi2_logged_in_high_security   [  72% ] 01/42 VUs  21m28.9s/30m0s  30.00 iters/s

running (21m29.9s), 01/42 VUs, 38686 complete and 0 interrupted iterations
fapi2_logged_in_high_security   [  72% ] 01/42 VUs  21m29.9s/30m0s  30.00 iters/s

running (21m30.9s), 02/42 VUs, 38715 complete and 0 interrupted iterations
fapi2_logged_in_high_security   [  72% ] 02/42 VUs  21m30.9s/30m0s  30.00 iters/s

running (21m31.9s), 02/42 VUs, 38745 complete and 0 interrupted iterations
fapi2_logged_in_high_security   [  72% ] 02/42 VUs  21m31.9s/30m0s  30.00 iters/s

running (21m32.9s), 01/42 VUs, 38776 complete and 0 interrupted iterations
fapi2_logged_in_high_security   [  72% ] 01/42 VUs  21m32.9s/30m0s  30.00 iters/s

running (21m33.9s), 01/42 VUs, 38806 complete and 0 interrupted iterations
fapi2_logged_in_high_security   [  72% ] 01/42 VUs  21m33.9s/30m0s  30.00 iters/s

running (21m34.9s), 02/42 VUs, 38835 complete and 0 interrupted iterations
fapi2_logged_in_high_security   [  72% ] 02/42 VUs  21m34.9s/30m0s  30.00 iters/s

running (21m35.9s), 01/42 VUs, 38866 complete and 0 interrupted iterations
fapi2_logged_in_high_security   [  72% ] 01/42 VUs  21m35.9s/30m0s  30.00 iters/s

running (21m36.9s), 01/42 VUs, 38896 complete and 0 interrupted iterations
fapi2_logged_in_high_security   [  72% ] 01/42 VUs  21m36.9s/30m0s  30.00 iters/s

running (21m37.9s), 01/42 VUs, 38926 complete and 0 interrupted iterations
fapi2_logged_in_high_security   [  72% ] 01/42 VUs  21m37.9s/30m0s  30.00 iters/s

running (21m38.9s), 02/42 VUs, 38955 complete and 0 interrupted iterations
fapi2_logged_in_high_security   [  72% ] 02/42 VUs  21m38.9s/30m0s  30.00 iters/s

running (21m39.9s), 01/42 VUs, 38986 complete and 0 interrupted iterations
fapi2_logged_in_high_security   [  72% ] 01/42 VUs  21m39.9s/30m0s  30.00 iters/s

running (21m40.9s), 01/42 VUs, 39016 complete and 0 interrupted iterations
fapi2_logged_in_high_security   [  72% ] 01/42 VUs  21m40.9s/30m0s  30.00 iters/s

running (21m41.9s), 01/42 VUs, 39046 complete and 0 interrupted iterations
fapi2_logged_in_high_security   [  72% ] 01/42 VUs  21m41.9s/30m0s  30.00 iters/s

running (21m42.9s), 02/42 VUs, 39075 complete and 0 interrupted iterations
fapi2_logged_in_high_security   [  72% ] 02/42 VUs  21m42.9s/30m0s  30.00 iters/s

running (21m43.9s), 01/42 VUs, 39106 complete and 0 interrupted iterations
fapi2_logged_in_high_security   [  72% ] 01/42 VUs  21m43.9s/30m0s  30.00 iters/s

running (21m44.9s), 01/42 VUs, 39136 complete and 0 interrupted iterations
fapi2_logged_in_high_security   [  72% ] 01/42 VUs  21m44.9s/30m0s  30.00 iters/s

running (21m45.9s), 01/42 VUs, 39166 complete and 0 interrupted iterations
fapi2_logged_in_high_security   [  73% ] 01/42 VUs  21m45.9s/30m0s  30.00 iters/s

running (21m46.9s), 01/42 VUs, 39196 complete and 0 interrupted iterations
fapi2_logged_in_high_security   [  73% ] 01/42 VUs  21m46.9s/30m0s  30.00 iters/s

running (21m47.9s), 02/42 VUs, 39225 complete and 0 interrupted iterations
fapi2_logged_in_high_security   [  73% ] 02/42 VUs  21m47.9s/30m0s  30.00 iters/s

running (21m48.9s), 03/42 VUs, 39254 complete and 0 interrupted iterations
fapi2_logged_in_high_security   [  73% ] 03/42 VUs  21m48.9s/30m0s  30.00 iters/s

running (21m49.9s), 02/42 VUs, 39285 complete and 0 interrupted iterations
fapi2_logged_in_high_security   [  73% ] 02/42 VUs  21m49.9s/30m0s  30.00 iters/s

running (21m50.9s), 01/42 VUs, 39316 complete and 0 interrupted iterations
fapi2_logged_in_high_security   [  73% ] 01/42 VUs  21m50.9s/30m0s  30.00 iters/s

running (21m51.9s), 02/42 VUs, 39345 complete and 0 interrupted iterations
fapi2_logged_in_high_security   [  73% ] 02/42 VUs  21m51.9s/30m0s  30.00 iters/s

running (21m52.9s), 02/42 VUs, 39375 complete and 0 interrupted iterations
fapi2_logged_in_high_security   [  73% ] 02/42 VUs  21m52.9s/30m0s  30.00 iters/s

running (21m53.9s), 01/42 VUs, 39406 complete and 0 interrupted iterations
fapi2_logged_in_high_security   [  73% ] 01/42 VUs  21m53.9s/30m0s  30.00 iters/s

running (21m54.9s), 02/42 VUs, 39435 complete and 0 interrupted iterations
fapi2_logged_in_high_security   [  73% ] 02/42 VUs  21m54.9s/30m0s  30.00 iters/s

running (21m55.9s), 03/42 VUs, 39464 complete and 0 interrupted iterations
fapi2_logged_in_high_security   [  73% ] 03/42 VUs  21m55.9s/30m0s  30.00 iters/s

running (21m56.9s), 01/42 VUs, 39496 complete and 0 interrupted iterations
fapi2_logged_in_high_security   [  73% ] 01/42 VUs  21m56.9s/30m0s  30.00 iters/s

running (21m57.9s), 02/42 VUs, 39525 complete and 0 interrupted iterations
fapi2_logged_in_high_security   [  73% ] 02/42 VUs  21m57.9s/30m0s  30.00 iters/s

running (21m58.9s), 09/42 VUs, 39548 complete and 0 interrupted iterations
fapi2_logged_in_high_security   [  73% ] 09/42 VUs  21m58.9s/30m0s  30.00 iters/s

running (21m59.9s), 02/42 VUs, 39585 complete and 0 interrupted iterations
fapi2_logged_in_high_security   [  73% ] 02/42 VUs  21m59.9s/30m0s  30.00 iters/s

running (22m00.9s), 01/42 VUs, 39616 complete and 0 interrupted iterations
fapi2_logged_in_high_security   [  73% ] 01/42 VUs  22m00.9s/30m0s  30.00 iters/s

running (22m01.9s), 02/42 VUs, 39645 complete and 0 interrupted iterations
fapi2_logged_in_high_security   [  73% ] 02/42 VUs  22m01.9s/30m0s  30.00 iters/s

running (22m02.9s), 02/42 VUs, 39675 complete and 0 interrupted iterations
fapi2_logged_in_high_security   [  73% ] 02/42 VUs  22m02.9s/30m0s  30.00 iters/s

running (22m03.9s), 01/42 VUs, 39706 complete and 0 interrupted iterations
fapi2_logged_in_high_security   [  74% ] 01/42 VUs  22m03.9s/30m0s  30.00 iters/s

running (22m04.9s), 01/42 VUs, 39736 complete and 0 interrupted iterations
fapi2_logged_in_high_security   [  74% ] 01/42 VUs  22m04.9s/30m0s  30.00 iters/s

running (22m05.9s), 01/42 VUs, 39766 complete and 0 interrupted iterations
fapi2_logged_in_high_security   [  74% ] 01/42 VUs  22m05.9s/30m0s  30.00 iters/s

running (22m06.9s), 01/42 VUs, 39796 complete and 0 interrupted iterations
fapi2_logged_in_high_security   [  74% ] 01/42 VUs  22m06.9s/30m0s  30.00 iters/s

running (22m07.9s), 02/42 VUs, 39825 complete and 0 interrupted iterations
fapi2_logged_in_high_security   [  74% ] 02/42 VUs  22m07.9s/30m0s  30.00 iters/s

running (22m08.9s), 09/42 VUs, 39848 complete and 0 interrupted iterations
fapi2_logged_in_high_security   [  74% ] 09/42 VUs  22m08.9s/30m0s  30.00 iters/s

running (22m09.9s), 02/42 VUs, 39885 complete and 0 interrupted iterations
fapi2_logged_in_high_security   [  74% ] 02/42 VUs  22m09.9s/30m0s  30.00 iters/s

running (22m10.9s), 01/42 VUs, 39916 complete and 0 interrupted iterations
fapi2_logged_in_high_security   [  74% ] 01/42 VUs  22m10.9s/30m0s  30.00 iters/s

running (22m11.9s), 01/42 VUs, 39946 complete and 0 interrupted iterations
fapi2_logged_in_high_security   [  74% ] 01/42 VUs  22m11.9s/30m0s  30.00 iters/s

running (22m12.9s), 02/42 VUs, 39975 complete and 0 interrupted iterations
fapi2_logged_in_high_security   [  74% ] 02/42 VUs  22m12.9s/30m0s  30.00 iters/s

running (22m13.9s), 01/42 VUs, 40006 complete and 0 interrupted iterations
fapi2_logged_in_high_security   [  74% ] 01/42 VUs  22m13.9s/30m0s  30.00 iters/s

running (22m14.9s), 01/42 VUs, 40036 complete and 0 interrupted iterations
fapi2_logged_in_high_security   [  74% ] 01/42 VUs  22m14.9s/30m0s  30.00 iters/s

running (22m15.9s), 01/42 VUs, 40066 complete and 0 interrupted iterations
fapi2_logged_in_high_security   [  74% ] 01/42 VUs  22m15.9s/30m0s  30.00 iters/s

running (22m16.9s), 02/42 VUs, 40095 complete and 0 interrupted iterations
fapi2_logged_in_high_security   [  74% ] 02/42 VUs  22m16.9s/30m0s  30.00 iters/s

running (22m17.9s), 01/42 VUs, 40126 complete and 0 interrupted iterations
fapi2_logged_in_high_security   [  74% ] 01/42 VUs  22m17.9s/30m0s  30.00 iters/s

running (22m18.9s), 01/42 VUs, 40156 complete and 0 interrupted iterations
fapi2_logged_in_high_security   [  74% ] 01/42 VUs  22m18.9s/30m0s  30.00 iters/s

running (22m19.9s), 02/42 VUs, 40185 complete and 0 interrupted iterations
fapi2_logged_in_high_security   [  74% ] 02/42 VUs  22m19.9s/30m0s  30.00 iters/s

running (22m20.9s), 02/42 VUs, 40215 complete and 0 interrupted iterations
fapi2_logged_in_high_security   [  74% ] 02/42 VUs  22m20.9s/30m0s  30.00 iters/s

running (22m21.9s), 02/42 VUs, 40245 complete and 0 interrupted iterations
fapi2_logged_in_high_security   [  75% ] 02/42 VUs  22m21.9s/30m0s  30.00 iters/s

running (22m22.9s), 02/42 VUs, 40275 complete and 0 interrupted iterations
fapi2_logged_in_high_security   [  75% ] 02/42 VUs  22m22.9s/30m0s  30.00 iters/s

running (22m23.9s), 02/42 VUs, 40305 complete and 0 interrupted iterations
fapi2_logged_in_high_security   [  75% ] 02/42 VUs  22m23.9s/30m0s  30.00 iters/s

running (22m24.9s), 03/42 VUs, 40334 complete and 0 interrupted iterations
fapi2_logged_in_high_security   [  75% ] 03/42 VUs  22m24.9s/30m0s  30.00 iters/s

running (22m25.9s), 01/42 VUs, 40366 complete and 0 interrupted iterations
fapi2_logged_in_high_security   [  75% ] 01/42 VUs  22m25.9s/30m0s  30.00 iters/s

running (22m26.9s), 01/42 VUs, 40396 complete and 0 interrupted iterations
fapi2_logged_in_high_security   [  75% ] 01/42 VUs  22m26.9s/30m0s  30.00 iters/s

running (22m27.9s), 01/42 VUs, 40426 complete and 0 interrupted iterations
fapi2_logged_in_high_security   [  75% ] 01/42 VUs  22m27.9s/30m0s  30.00 iters/s

running (22m28.9s), 02/42 VUs, 40455 complete and 0 interrupted iterations
fapi2_logged_in_high_security   [  75% ] 02/42 VUs  22m28.9s/30m0s  30.00 iters/s

running (22m29.9s), 07/42 VUs, 40480 complete and 0 interrupted iterations
fapi2_logged_in_high_security   [  75% ] 07/42 VUs  22m29.9s/30m0s  30.00 iters/s

running (22m30.9s), 02/42 VUs, 40515 complete and 0 interrupted iterations
fapi2_logged_in_high_security   [  75% ] 02/42 VUs  22m30.9s/30m0s  30.00 iters/s

running (22m31.9s), 01/42 VUs, 40546 complete and 0 interrupted iterations
fapi2_logged_in_high_security   [  75% ] 01/42 VUs  22m31.9s/30m0s  30.00 iters/s

running (22m32.9s), 02/42 VUs, 40575 complete and 0 interrupted iterations
fapi2_logged_in_high_security   [  75% ] 02/42 VUs  22m32.9s/30m0s  30.00 iters/s

running (22m33.9s), 01/42 VUs, 40606 complete and 0 interrupted iterations
fapi2_logged_in_high_security   [  75% ] 01/42 VUs  22m33.9s/30m0s  30.00 iters/s

running (22m34.9s), 01/42 VUs, 40636 complete and 0 interrupted iterations
fapi2_logged_in_high_security   [  75% ] 01/42 VUs  22m34.9s/30m0s  30.00 iters/s

running (22m35.9s), 02/42 VUs, 40665 complete and 0 interrupted iterations
fapi2_logged_in_high_security   [  75% ] 02/42 VUs  22m35.9s/30m0s  30.00 iters/s

running (22m36.9s), 01/42 VUs, 40696 complete and 0 interrupted iterations
fapi2_logged_in_high_security   [  75% ] 01/42 VUs  22m36.9s/30m0s  30.00 iters/s

running (22m37.9s), 01/42 VUs, 40726 complete and 0 interrupted iterations
fapi2_logged_in_high_security   [  75% ] 01/42 VUs  22m37.9s/30m0s  30.00 iters/s

running (22m38.9s), 02/42 VUs, 40755 complete and 0 interrupted iterations
fapi2_logged_in_high_security   [  75% ] 02/42 VUs  22m38.9s/30m0s  30.00 iters/s

running (22m39.9s), 02/42 VUs, 40785 complete and 0 interrupted iterations
fapi2_logged_in_high_security   [  76% ] 02/42 VUs  22m39.9s/30m0s  30.00 iters/s

running (22m40.9s), 02/42 VUs, 40815 complete and 0 interrupted iterations
fapi2_logged_in_high_security   [  76% ] 02/42 VUs  22m40.9s/30m0s  30.00 iters/s

running (22m41.9s), 03/42 VUs, 40844 complete and 0 interrupted iterations
fapi2_logged_in_high_security   [  76% ] 03/42 VUs  22m41.9s/30m0s  30.00 iters/s

running (22m42.9s), 02/42 VUs, 40875 complete and 0 interrupted iterations
fapi2_logged_in_high_security   [  76% ] 02/42 VUs  22m42.9s/30m0s  30.00 iters/s

running (22m43.9s), 01/42 VUs, 40906 complete and 0 interrupted iterations
fapi2_logged_in_high_security   [  76% ] 01/42 VUs  22m43.9s/30m0s  30.00 iters/s

running (22m44.9s), 01/42 VUs, 40936 complete and 0 interrupted iterations
fapi2_logged_in_high_security   [  76% ] 01/42 VUs  22m44.9s/30m0s  30.00 iters/s

running (22m45.9s), 02/42 VUs, 40965 complete and 0 interrupted iterations
fapi2_logged_in_high_security   [  76% ] 02/42 VUs  22m45.9s/30m0s  30.00 iters/s

running (22m46.9s), 01/42 VUs, 40996 complete and 0 interrupted iterations
fapi2_logged_in_high_security   [  76% ] 01/42 VUs  22m46.9s/30m0s  30.00 iters/s

running (22m47.9s), 02/42 VUs, 41025 complete and 0 interrupted iterations
fapi2_logged_in_high_security   [  76% ] 02/42 VUs  22m47.9s/30m0s  30.00 iters/s

running (22m48.9s), 02/42 VUs, 41055 complete and 0 interrupted iterations
fapi2_logged_in_high_security   [  76% ] 02/42 VUs  22m48.9s/30m0s  30.00 iters/s

running (22m49.9s), 11/42 VUs, 41076 complete and 0 interrupted iterations
fapi2_logged_in_high_security   [  76% ] 11/42 VUs  22m49.9s/30m0s  30.00 iters/s

running (22m50.9s), 07/42 VUs, 41110 complete and 0 interrupted iterations
fapi2_logged_in_high_security   [  76% ] 07/42 VUs  22m50.9s/30m0s  30.00 iters/s

running (22m51.9s), 01/42 VUs, 41146 complete and 0 interrupted iterations
fapi2_logged_in_high_security   [  76% ] 01/42 VUs  22m51.9s/30m0s  30.00 iters/s

running (22m52.9s), 02/42 VUs, 41175 complete and 0 interrupted iterations
fapi2_logged_in_high_security   [  76% ] 02/42 VUs  22m52.9s/30m0s  30.00 iters/s

running (22m53.9s), 02/42 VUs, 41205 complete and 0 interrupted iterations
fapi2_logged_in_high_security   [  76% ] 02/42 VUs  22m53.9s/30m0s  30.00 iters/s

running (22m54.9s), 03/42 VUs, 41234 complete and 0 interrupted iterations
fapi2_logged_in_high_security   [  76% ] 03/42 VUs  22m54.9s/30m0s  30.00 iters/s

running (22m55.9s), 02/42 VUs, 41265 complete and 0 interrupted iterations
fapi2_logged_in_high_security   [  76% ] 02/42 VUs  22m55.9s/30m0s  30.00 iters/s

running (22m56.9s), 01/42 VUs, 41296 complete and 0 interrupted iterations
fapi2_logged_in_high_security   [  76% ] 01/42 VUs  22m56.9s/30m0s  30.00 iters/s

running (22m57.9s), 01/42 VUs, 41326 complete and 0 interrupted iterations
fapi2_logged_in_high_security   [  77% ] 01/42 VUs  22m57.9s/30m0s  30.00 iters/s

running (22m58.9s), 01/42 VUs, 41356 complete and 0 interrupted iterations
fapi2_logged_in_high_security   [  77% ] 01/42 VUs  22m58.9s/30m0s  30.00 iters/s

running (22m59.9s), 02/42 VUs, 41385 complete and 0 interrupted iterations
fapi2_logged_in_high_security   [  77% ] 02/42 VUs  22m59.9s/30m0s  30.00 iters/s

running (23m00.9s), 01/42 VUs, 41416 complete and 0 interrupted iterations
fapi2_logged_in_high_security   [  77% ] 01/42 VUs  23m00.9s/30m0s  30.00 iters/s

running (23m01.9s), 01/42 VUs, 41446 complete and 0 interrupted iterations
fapi2_logged_in_high_security   [  77% ] 01/42 VUs  23m01.9s/30m0s  30.00 iters/s

running (23m02.9s), 01/42 VUs, 41476 complete and 0 interrupted iterations
fapi2_logged_in_high_security   [  77% ] 01/42 VUs  23m02.9s/30m0s  30.00 iters/s

running (23m03.9s), 02/42 VUs, 41505 complete and 0 interrupted iterations
fapi2_logged_in_high_security   [  77% ] 02/42 VUs  23m03.9s/30m0s  30.00 iters/s

running (23m04.9s), 02/42 VUs, 41535 complete and 0 interrupted iterations
fapi2_logged_in_high_security   [  77% ] 02/42 VUs  23m04.9s/30m0s  30.00 iters/s

running (23m05.9s), 01/42 VUs, 41566 complete and 0 interrupted iterations
fapi2_logged_in_high_security   [  77% ] 01/42 VUs  23m05.9s/30m0s  30.00 iters/s

running (23m06.9s), 01/42 VUs, 41596 complete and 0 interrupted iterations
fapi2_logged_in_high_security   [  77% ] 01/42 VUs  23m06.9s/30m0s  30.00 iters/s

running (23m07.9s), 01/42 VUs, 41626 complete and 0 interrupted iterations
fapi2_logged_in_high_security   [  77% ] 01/42 VUs  23m07.9s/30m0s  30.00 iters/s

running (23m08.9s), 01/42 VUs, 41656 complete and 0 interrupted iterations
fapi2_logged_in_high_security   [  77% ] 01/42 VUs  23m08.9s/30m0s  30.00 iters/s

running (23m09.9s), 06/42 VUs, 41681 complete and 0 interrupted iterations
fapi2_logged_in_high_security   [  77% ] 06/42 VUs  23m09.9s/30m0s  30.00 iters/s

running (23m10.9s), 01/42 VUs, 41716 complete and 0 interrupted iterations
fapi2_logged_in_high_security   [  77% ] 01/42 VUs  23m10.9s/30m0s  30.00 iters/s

running (23m11.9s), 02/42 VUs, 41745 complete and 0 interrupted iterations
fapi2_logged_in_high_security   [  77% ] 02/42 VUs  23m11.9s/30m0s  30.00 iters/s

running (23m12.9s), 02/42 VUs, 41775 complete and 0 interrupted iterations
fapi2_logged_in_high_security   [  77% ] 02/42 VUs  23m12.9s/30m0s  30.00 iters/s

running (23m13.9s), 02/42 VUs, 41805 complete and 0 interrupted iterations
fapi2_logged_in_high_security   [  77% ] 02/42 VUs  23m13.9s/30m0s  30.00 iters/s

running (23m14.9s), 02/42 VUs, 41835 complete and 0 interrupted iterations
fapi2_logged_in_high_security   [  77% ] 02/42 VUs  23m14.9s/30m0s  30.00 iters/s

running (23m15.9s), 02/42 VUs, 41865 complete and 0 interrupted iterations
fapi2_logged_in_high_security   [  78% ] 02/42 VUs  23m15.9s/30m0s  30.00 iters/s

running (23m16.9s), 01/42 VUs, 41896 complete and 0 interrupted iterations
fapi2_logged_in_high_security   [  78% ] 01/42 VUs  23m16.9s/30m0s  30.00 iters/s

running (23m17.9s), 01/42 VUs, 41926 complete and 0 interrupted iterations
fapi2_logged_in_high_security   [  78% ] 01/42 VUs  23m17.9s/30m0s  30.00 iters/s

running (23m18.9s), 02/42 VUs, 41955 complete and 0 interrupted iterations
fapi2_logged_in_high_security   [  78% ] 02/42 VUs  23m18.9s/30m0s  30.00 iters/s

running (23m19.9s), 01/42 VUs, 41986 complete and 0 interrupted iterations
fapi2_logged_in_high_security   [  78% ] 01/42 VUs  23m19.9s/30m0s  30.00 iters/s

running (23m20.9s), 02/42 VUs, 42015 complete and 0 interrupted iterations
fapi2_logged_in_high_security   [  78% ] 02/42 VUs  23m20.9s/30m0s  30.00 iters/s

running (23m21.9s), 01/42 VUs, 42046 complete and 0 interrupted iterations
fapi2_logged_in_high_security   [  78% ] 01/42 VUs  23m21.9s/30m0s  30.00 iters/s

running (23m22.9s), 01/42 VUs, 42076 complete and 0 interrupted iterations
fapi2_logged_in_high_security   [  78% ] 01/42 VUs  23m22.9s/30m0s  30.00 iters/s

running (23m23.9s), 01/42 VUs, 42106 complete and 0 interrupted iterations
fapi2_logged_in_high_security   [  78% ] 01/42 VUs  23m23.9s/30m0s  30.00 iters/s

running (23m24.9s), 01/42 VUs, 42136 complete and 0 interrupted iterations
fapi2_logged_in_high_security   [  78% ] 01/42 VUs  23m24.9s/30m0s  30.00 iters/s

running (23m25.9s), 01/42 VUs, 42166 complete and 0 interrupted iterations
fapi2_logged_in_high_security   [  78% ] 01/42 VUs  23m25.9s/30m0s  30.00 iters/s

running (23m26.9s), 01/42 VUs, 42196 complete and 0 interrupted iterations
fapi2_logged_in_high_security   [  78% ] 01/42 VUs  23m26.9s/30m0s  30.00 iters/s

running (23m27.9s), 01/42 VUs, 42226 complete and 0 interrupted iterations
fapi2_logged_in_high_security   [  78% ] 01/42 VUs  23m27.9s/30m0s  30.00 iters/s

running (23m28.9s), 02/42 VUs, 42255 complete and 0 interrupted iterations
fapi2_logged_in_high_security   [  78% ] 02/42 VUs  23m28.9s/30m0s  30.00 iters/s

running (23m29.9s), 01/42 VUs, 42286 complete and 0 interrupted iterations
fapi2_logged_in_high_security   [  78% ] 01/42 VUs  23m29.9s/30m0s  30.00 iters/s

running (23m30.9s), 07/42 VUs, 42310 complete and 0 interrupted iterations
fapi2_logged_in_high_security   [  78% ] 07/42 VUs  23m30.9s/30m0s  30.00 iters/s

running (23m31.9s), 01/42 VUs, 42346 complete and 0 interrupted iterations
fapi2_logged_in_high_security   [  78% ] 01/42 VUs  23m31.9s/30m0s  30.00 iters/s

running (23m32.9s), 01/42 VUs, 42376 complete and 0 interrupted iterations
fapi2_logged_in_high_security   [  78% ] 01/42 VUs  23m32.9s/30m0s  30.00 iters/s

running (23m33.9s), 01/42 VUs, 42406 complete and 0 interrupted iterations
fapi2_logged_in_high_security   [  79% ] 01/42 VUs  23m33.9s/30m0s  30.00 iters/s

running (23m34.9s), 01/42 VUs, 42436 complete and 0 interrupted iterations
fapi2_logged_in_high_security   [  79% ] 01/42 VUs  23m34.9s/30m0s  30.00 iters/s

running (23m35.9s), 01/42 VUs, 42466 complete and 0 interrupted iterations
fapi2_logged_in_high_security   [  79% ] 01/42 VUs  23m35.9s/30m0s  30.00 iters/s

running (23m36.9s), 01/42 VUs, 42496 complete and 0 interrupted iterations
fapi2_logged_in_high_security   [  79% ] 01/42 VUs  23m36.9s/30m0s  30.00 iters/s

running (23m37.9s), 02/42 VUs, 42525 complete and 0 interrupted iterations
fapi2_logged_in_high_security   [  79% ] 02/42 VUs  23m37.9s/30m0s  30.00 iters/s

running (23m38.9s), 01/42 VUs, 42556 complete and 0 interrupted iterations
fapi2_logged_in_high_security   [  79% ] 01/42 VUs  23m38.9s/30m0s  30.00 iters/s

running (23m39.9s), 01/42 VUs, 42586 complete and 0 interrupted iterations
fapi2_logged_in_high_security   [  79% ] 01/42 VUs  23m39.9s/30m0s  30.00 iters/s

running (23m40.9s), 02/42 VUs, 42615 complete and 0 interrupted iterations
fapi2_logged_in_high_security   [  79% ] 02/42 VUs  23m40.9s/30m0s  30.00 iters/s

running (23m41.9s), 01/42 VUs, 42646 complete and 0 interrupted iterations
fapi2_logged_in_high_security   [  79% ] 01/42 VUs  23m41.9s/30m0s  30.00 iters/s

running (23m42.9s), 02/42 VUs, 42675 complete and 0 interrupted iterations
fapi2_logged_in_high_security   [  79% ] 02/42 VUs  23m42.9s/30m0s  30.00 iters/s

running (23m43.9s), 01/42 VUs, 42706 complete and 0 interrupted iterations
fapi2_logged_in_high_security   [  79% ] 01/42 VUs  23m43.9s/30m0s  30.00 iters/s

running (23m44.9s), 01/42 VUs, 42736 complete and 0 interrupted iterations
fapi2_logged_in_high_security   [  79% ] 01/42 VUs  23m44.9s/30m0s  30.00 iters/s

running (23m45.9s), 01/42 VUs, 42766 complete and 0 interrupted iterations
fapi2_logged_in_high_security   [  79% ] 01/42 VUs  23m45.9s/30m0s  30.00 iters/s

running (23m46.9s), 01/42 VUs, 42796 complete and 0 interrupted iterations
fapi2_logged_in_high_security   [  79% ] 01/42 VUs  23m46.9s/30m0s  30.00 iters/s

running (23m47.9s), 01/42 VUs, 42826 complete and 0 interrupted iterations
fapi2_logged_in_high_security   [  79% ] 01/42 VUs  23m47.9s/30m0s  30.00 iters/s

running (23m48.9s), 01/42 VUs, 42856 complete and 0 interrupted iterations
fapi2_logged_in_high_security   [  79% ] 01/42 VUs  23m48.9s/30m0s  30.00 iters/s

running (23m49.9s), 01/42 VUs, 42886 complete and 0 interrupted iterations
fapi2_logged_in_high_security   [  79% ] 01/42 VUs  23m49.9s/30m0s  30.00 iters/s

running (23m50.9s), 04/42 VUs, 42913 complete and 0 interrupted iterations
fapi2_logged_in_high_security   [  79% ] 04/42 VUs  23m50.9s/30m0s  30.00 iters/s

running (23m51.9s), 02/42 VUs, 42945 complete and 0 interrupted iterations
fapi2_logged_in_high_security   [  80% ] 02/42 VUs  23m51.9s/30m0s  30.00 iters/s

running (23m52.9s), 02/42 VUs, 42975 complete and 0 interrupted iterations
fapi2_logged_in_high_security   [  80% ] 02/42 VUs  23m52.9s/30m0s  30.00 iters/s

running (23m53.9s), 02/42 VUs, 43005 complete and 0 interrupted iterations
fapi2_logged_in_high_security   [  80% ] 02/42 VUs  23m53.9s/30m0s  30.00 iters/s

running (23m54.9s), 02/42 VUs, 43035 complete and 0 interrupted iterations
fapi2_logged_in_high_security   [  80% ] 02/42 VUs  23m54.9s/30m0s  30.00 iters/s

running (23m55.9s), 03/42 VUs, 43064 complete and 0 interrupted iterations
fapi2_logged_in_high_security   [  80% ] 03/42 VUs  23m55.9s/30m0s  30.00 iters/s

running (23m56.9s), 01/42 VUs, 43096 complete and 0 interrupted iterations
fapi2_logged_in_high_security   [  80% ] 01/42 VUs  23m56.9s/30m0s  30.00 iters/s

running (23m57.9s), 01/42 VUs, 43126 complete and 0 interrupted iterations
fapi2_logged_in_high_security   [  80% ] 01/42 VUs  23m57.9s/30m0s  30.00 iters/s

running (23m58.9s), 02/42 VUs, 43155 complete and 0 interrupted iterations
fapi2_logged_in_high_security   [  80% ] 02/42 VUs  23m58.9s/30m0s  30.00 iters/s

running (23m59.9s), 02/42 VUs, 43185 complete and 0 interrupted iterations
fapi2_logged_in_high_security   [  80% ] 02/42 VUs  23m59.9s/30m0s  30.00 iters/s

running (24m00.9s), 01/42 VUs, 43216 complete and 0 interrupted iterations
fapi2_logged_in_high_security   [  80% ] 01/42 VUs  24m00.9s/30m0s  30.00 iters/s

running (24m01.9s), 01/42 VUs, 43246 complete and 0 interrupted iterations
fapi2_logged_in_high_security   [  80% ] 01/42 VUs  24m01.9s/30m0s  30.00 iters/s

running (24m02.9s), 01/42 VUs, 43276 complete and 0 interrupted iterations
fapi2_logged_in_high_security   [  80% ] 01/42 VUs  24m02.9s/30m0s  30.00 iters/s

running (24m03.9s), 01/42 VUs, 43306 complete and 0 interrupted iterations
fapi2_logged_in_high_security   [  80% ] 01/42 VUs  24m03.9s/30m0s  30.00 iters/s

running (24m04.9s), 02/42 VUs, 43335 complete and 0 interrupted iterations
fapi2_logged_in_high_security   [  80% ] 02/42 VUs  24m04.9s/30m0s  30.00 iters/s

running (24m05.9s), 01/42 VUs, 43366 complete and 0 interrupted iterations
fapi2_logged_in_high_security   [  80% ] 01/42 VUs  24m05.9s/30m0s  30.00 iters/s

running (24m06.9s), 02/42 VUs, 43395 complete and 0 interrupted iterations
fapi2_logged_in_high_security   [  80% ] 02/42 VUs  24m06.9s/30m0s  30.00 iters/s

running (24m07.9s), 01/42 VUs, 43426 complete and 0 interrupted iterations
fapi2_logged_in_high_security   [  80% ] 01/42 VUs  24m07.9s/30m0s  30.00 iters/s

running (24m08.9s), 01/42 VUs, 43456 complete and 0 interrupted iterations
fapi2_logged_in_high_security   [  80% ] 01/42 VUs  24m08.9s/30m0s  30.00 iters/s

running (24m09.9s), 02/42 VUs, 43485 complete and 0 interrupted iterations
fapi2_logged_in_high_security   [  81% ] 02/42 VUs  24m09.9s/30m0s  30.00 iters/s

running (24m10.9s), 01/42 VUs, 43516 complete and 0 interrupted iterations
fapi2_logged_in_high_security   [  81% ] 01/42 VUs  24m10.9s/30m0s  30.00 iters/s

running (24m11.9s), 05/42 VUs, 43542 complete and 0 interrupted iterations
fapi2_logged_in_high_security   [  81% ] 05/42 VUs  24m11.9s/30m0s  30.00 iters/s

running (24m12.9s), 02/42 VUs, 43575 complete and 0 interrupted iterations
fapi2_logged_in_high_security   [  81% ] 02/42 VUs  24m12.9s/30m0s  30.00 iters/s

running (24m13.9s), 01/42 VUs, 43606 complete and 0 interrupted iterations
fapi2_logged_in_high_security   [  81% ] 01/42 VUs  24m13.9s/30m0s  30.00 iters/s

running (24m14.9s), 01/42 VUs, 43636 complete and 0 interrupted iterations
fapi2_logged_in_high_security   [  81% ] 01/42 VUs  24m14.9s/30m0s  30.00 iters/s

running (24m15.9s), 01/42 VUs, 43666 complete and 0 interrupted iterations
fapi2_logged_in_high_security   [  81% ] 01/42 VUs  24m15.9s/30m0s  30.00 iters/s

running (24m16.9s), 01/42 VUs, 43696 complete and 0 interrupted iterations
fapi2_logged_in_high_security   [  81% ] 01/42 VUs  24m16.9s/30m0s  30.00 iters/s

running (24m17.9s), 01/42 VUs, 43726 complete and 0 interrupted iterations
fapi2_logged_in_high_security   [  81% ] 01/42 VUs  24m17.9s/30m0s  30.00 iters/s

running (24m18.9s), 01/42 VUs, 43756 complete and 0 interrupted iterations
fapi2_logged_in_high_security   [  81% ] 01/42 VUs  24m18.9s/30m0s  30.00 iters/s

running (24m19.9s), 01/42 VUs, 43786 complete and 0 interrupted iterations
fapi2_logged_in_high_security   [  81% ] 01/42 VUs  24m19.9s/30m0s  30.00 iters/s

running (24m20.9s), 02/42 VUs, 43815 complete and 0 interrupted iterations
fapi2_logged_in_high_security   [  81% ] 02/42 VUs  24m20.9s/30m0s  30.00 iters/s

running (24m21.9s), 01/42 VUs, 43846 complete and 0 interrupted iterations
fapi2_logged_in_high_security   [  81% ] 01/42 VUs  24m21.9s/30m0s  30.00 iters/s

running (24m22.9s), 01/42 VUs, 43876 complete and 0 interrupted iterations
fapi2_logged_in_high_security   [  81% ] 01/42 VUs  24m22.9s/30m0s  30.00 iters/s

running (24m23.9s), 01/42 VUs, 43906 complete and 0 interrupted iterations
fapi2_logged_in_high_security   [  81% ] 01/42 VUs  24m23.9s/30m0s  30.00 iters/s

running (24m24.9s), 01/42 VUs, 43936 complete and 0 interrupted iterations
fapi2_logged_in_high_security   [  81% ] 01/42 VUs  24m24.9s/30m0s  30.00 iters/s

running (24m25.9s), 03/42 VUs, 43964 complete and 0 interrupted iterations
fapi2_logged_in_high_security   [  81% ] 03/42 VUs  24m25.9s/30m0s  30.00 iters/s

running (24m26.9s), 01/42 VUs, 43996 complete and 0 interrupted iterations
fapi2_logged_in_high_security   [  81% ] 01/42 VUs  24m26.9s/30m0s  30.00 iters/s

running (24m27.9s), 02/42 VUs, 44025 complete and 0 interrupted iterations
fapi2_logged_in_high_security   [  82% ] 02/42 VUs  24m27.9s/30m0s  30.00 iters/s

running (24m28.9s), 02/42 VUs, 44055 complete and 0 interrupted iterations
fapi2_logged_in_high_security   [  82% ] 02/42 VUs  24m28.9s/30m0s  30.00 iters/s

running (24m29.9s), 01/42 VUs, 44086 complete and 0 interrupted iterations
fapi2_logged_in_high_security   [  82% ] 01/42 VUs  24m29.9s/30m0s  30.00 iters/s

running (24m30.9s), 02/42 VUs, 44115 complete and 0 interrupted iterations
fapi2_logged_in_high_security   [  82% ] 02/42 VUs  24m30.9s/30m0s  30.00 iters/s

running (24m31.9s), 08/42 VUs, 44139 complete and 0 interrupted iterations
fapi2_logged_in_high_security   [  82% ] 08/42 VUs  24m31.9s/30m0s  30.00 iters/s

running (24m32.9s), 01/42 VUs, 44176 complete and 0 interrupted iterations
fapi2_logged_in_high_security   [  82% ] 01/42 VUs  24m32.9s/30m0s  30.00 iters/s

running (24m33.9s), 01/42 VUs, 44206 complete and 0 interrupted iterations
fapi2_logged_in_high_security   [  82% ] 01/42 VUs  24m33.9s/30m0s  30.00 iters/s

running (24m34.9s), 02/42 VUs, 44235 complete and 0 interrupted iterations
fapi2_logged_in_high_security   [  82% ] 02/42 VUs  24m34.9s/30m0s  30.00 iters/s

running (24m35.9s), 01/42 VUs, 44266 complete and 0 interrupted iterations
fapi2_logged_in_high_security   [  82% ] 01/42 VUs  24m35.9s/30m0s  30.00 iters/s

running (24m36.9s), 02/42 VUs, 44295 complete and 0 interrupted iterations
fapi2_logged_in_high_security   [  82% ] 02/42 VUs  24m36.9s/30m0s  30.00 iters/s

running (24m37.9s), 02/42 VUs, 44325 complete and 0 interrupted iterations
fapi2_logged_in_high_security   [  82% ] 02/42 VUs  24m37.9s/30m0s  30.00 iters/s

running (24m38.9s), 01/42 VUs, 44356 complete and 0 interrupted iterations
fapi2_logged_in_high_security   [  82% ] 01/42 VUs  24m38.9s/30m0s  30.00 iters/s

running (24m39.9s), 02/42 VUs, 44385 complete and 0 interrupted iterations
fapi2_logged_in_high_security   [  82% ] 02/42 VUs  24m39.9s/30m0s  30.00 iters/s

running (24m40.9s), 02/42 VUs, 44415 complete and 0 interrupted iterations
fapi2_logged_in_high_security   [  82% ] 02/42 VUs  24m40.9s/30m0s  30.00 iters/s

running (24m41.9s), 01/42 VUs, 44446 complete and 0 interrupted iterations
fapi2_logged_in_high_security   [  82% ] 01/42 VUs  24m41.9s/30m0s  30.00 iters/s

running (24m42.9s), 01/42 VUs, 44476 complete and 0 interrupted iterations
fapi2_logged_in_high_security   [  82% ] 01/42 VUs  24m42.9s/30m0s  30.00 iters/s

running (24m43.9s), 01/42 VUs, 44506 complete and 0 interrupted iterations
fapi2_logged_in_high_security   [  82% ] 01/42 VUs  24m43.9s/30m0s  30.00 iters/s

running (24m44.9s), 01/42 VUs, 44536 complete and 0 interrupted iterations
fapi2_logged_in_high_security   [  82% ] 01/42 VUs  24m44.9s/30m0s  30.00 iters/s

running (24m45.9s), 02/42 VUs, 44565 complete and 0 interrupted iterations
fapi2_logged_in_high_security   [  83% ] 02/42 VUs  24m45.9s/30m0s  30.00 iters/s

running (24m46.9s), 02/42 VUs, 44595 complete and 0 interrupted iterations
fapi2_logged_in_high_security   [  83% ] 02/42 VUs  24m46.9s/30m0s  30.00 iters/s

running (24m47.9s), 02/42 VUs, 44625 complete and 0 interrupted iterations
fapi2_logged_in_high_security   [  83% ] 02/42 VUs  24m47.9s/30m0s  30.00 iters/s

running (24m48.9s), 02/42 VUs, 44655 complete and 0 interrupted iterations
fapi2_logged_in_high_security   [  83% ] 02/42 VUs  24m48.9s/30m0s  30.00 iters/s

running (24m49.9s), 02/42 VUs, 44685 complete and 0 interrupted iterations
fapi2_logged_in_high_security   [  83% ] 02/42 VUs  24m49.9s/30m0s  30.00 iters/s

running (24m50.9s), 03/42 VUs, 44714 complete and 0 interrupted iterations
fapi2_logged_in_high_security   [  83% ] 03/42 VUs  24m50.9s/30m0s  30.00 iters/s

running (24m51.9s), 05/42 VUs, 44742 complete and 0 interrupted iterations
fapi2_logged_in_high_security   [  83% ] 05/42 VUs  24m51.9s/30m0s  30.00 iters/s

running (24m52.9s), 09/42 VUs, 44768 complete and 0 interrupted iterations
fapi2_logged_in_high_security   [  83% ] 09/42 VUs  24m52.9s/30m0s  30.00 iters/s

running (24m53.9s), 02/42 VUs, 44805 complete and 0 interrupted iterations
fapi2_logged_in_high_security   [  83% ] 02/42 VUs  24m53.9s/30m0s  30.00 iters/s

running (24m54.9s), 02/42 VUs, 44835 complete and 0 interrupted iterations
fapi2_logged_in_high_security   [  83% ] 02/42 VUs  24m54.9s/30m0s  30.00 iters/s

running (24m55.9s), 02/42 VUs, 44865 complete and 0 interrupted iterations
fapi2_logged_in_high_security   [  83% ] 02/42 VUs  24m55.9s/30m0s  30.00 iters/s

running (24m56.9s), 02/42 VUs, 44895 complete and 0 interrupted iterations
fapi2_logged_in_high_security   [  83% ] 02/42 VUs  24m56.9s/30m0s  30.00 iters/s

running (24m57.9s), 02/42 VUs, 44925 complete and 0 interrupted iterations
fapi2_logged_in_high_security   [  83% ] 02/42 VUs  24m57.9s/30m0s  30.00 iters/s

running (24m58.9s), 02/42 VUs, 44955 complete and 0 interrupted iterations
fapi2_logged_in_high_security   [  83% ] 02/42 VUs  24m58.9s/30m0s  30.00 iters/s

running (24m59.9s), 02/42 VUs, 44985 complete and 0 interrupted iterations
fapi2_logged_in_high_security   [  83% ] 02/42 VUs  24m59.9s/30m0s  30.00 iters/s

running (25m00.9s), 01/42 VUs, 45016 complete and 0 interrupted iterations
fapi2_logged_in_high_security   [  83% ] 01/42 VUs  25m00.9s/30m0s  30.00 iters/s

running (25m01.9s), 02/42 VUs, 45045 complete and 0 interrupted iterations
fapi2_logged_in_high_security   [  83% ] 02/42 VUs  25m01.9s/30m0s  30.00 iters/s

running (25m02.9s), 02/42 VUs, 45075 complete and 0 interrupted iterations
fapi2_logged_in_high_security   [  83% ] 02/42 VUs  25m02.9s/30m0s  30.00 iters/s

running (25m03.9s), 01/42 VUs, 45106 complete and 0 interrupted iterations
fapi2_logged_in_high_security   [  84% ] 01/42 VUs  25m03.9s/30m0s  30.00 iters/s

running (25m04.9s), 03/42 VUs, 45134 complete and 0 interrupted iterations
fapi2_logged_in_high_security   [  84% ] 03/42 VUs  25m04.9s/30m0s  30.00 iters/s

running (25m05.9s), 01/42 VUs, 45166 complete and 0 interrupted iterations
fapi2_logged_in_high_security   [  84% ] 01/42 VUs  25m05.9s/30m0s  30.00 iters/s

running (25m06.9s), 01/42 VUs, 45196 complete and 0 interrupted iterations
fapi2_logged_in_high_security   [  84% ] 01/42 VUs  25m06.9s/30m0s  30.00 iters/s

running (25m07.9s), 02/42 VUs, 45225 complete and 0 interrupted iterations
fapi2_logged_in_high_security   [  84% ] 02/42 VUs  25m07.9s/30m0s  30.00 iters/s

running (25m08.9s), 03/42 VUs, 45254 complete and 0 interrupted iterations
fapi2_logged_in_high_security   [  84% ] 03/42 VUs  25m08.9s/30m0s  30.00 iters/s

running (25m09.9s), 01/42 VUs, 45286 complete and 0 interrupted iterations
fapi2_logged_in_high_security   [  84% ] 01/42 VUs  25m09.9s/30m0s  30.00 iters/s

running (25m10.9s), 02/42 VUs, 45315 complete and 0 interrupted iterations
fapi2_logged_in_high_security   [  84% ] 02/42 VUs  25m10.9s/30m0s  30.00 iters/s

running (25m11.9s), 01/42 VUs, 45346 complete and 0 interrupted iterations
fapi2_logged_in_high_security   [  84% ] 01/42 VUs  25m11.9s/30m0s  30.00 iters/s

running (25m12.9s), 03/42 VUs, 45374 complete and 0 interrupted iterations
fapi2_logged_in_high_security   [  84% ] 03/42 VUs  25m12.9s/30m0s  30.00 iters/s

running (25m13.9s), 02/42 VUs, 45405 complete and 0 interrupted iterations
fapi2_logged_in_high_security   [  84% ] 02/42 VUs  25m13.9s/30m0s  30.00 iters/s

running (25m14.9s), 01/42 VUs, 45436 complete and 0 interrupted iterations
fapi2_logged_in_high_security   [  84% ] 01/42 VUs  25m14.9s/30m0s  30.00 iters/s

running (25m15.9s), 01/42 VUs, 45466 complete and 0 interrupted iterations
fapi2_logged_in_high_security   [  84% ] 01/42 VUs  25m15.9s/30m0s  30.00 iters/s

running (25m16.9s), 02/42 VUs, 45495 complete and 0 interrupted iterations
fapi2_logged_in_high_security   [  84% ] 02/42 VUs  25m16.9s/30m0s  30.00 iters/s

running (25m17.9s), 01/42 VUs, 45526 complete and 0 interrupted iterations
fapi2_logged_in_high_security   [  84% ] 01/42 VUs  25m17.9s/30m0s  30.00 iters/s

running (25m18.9s), 05/42 VUs, 45552 complete and 0 interrupted iterations
fapi2_logged_in_high_security   [  84% ] 05/42 VUs  25m18.9s/30m0s  30.00 iters/s

running (25m19.9s), 02/42 VUs, 45585 complete and 0 interrupted iterations
fapi2_logged_in_high_security   [  84% ] 02/42 VUs  25m19.9s/30m0s  30.00 iters/s

running (25m20.9s), 02/42 VUs, 45615 complete and 0 interrupted iterations
fapi2_logged_in_high_security   [  84% ] 02/42 VUs  25m20.9s/30m0s  30.00 iters/s

running (25m21.9s), 02/42 VUs, 45645 complete and 0 interrupted iterations
fapi2_logged_in_high_security   [  85% ] 02/42 VUs  25m21.9s/30m0s  30.00 iters/s

running (25m22.9s), 02/42 VUs, 45675 complete and 0 interrupted iterations
fapi2_logged_in_high_security   [  85% ] 02/42 VUs  25m22.9s/30m0s  30.00 iters/s

running (25m23.9s), 01/42 VUs, 45706 complete and 0 interrupted iterations
fapi2_logged_in_high_security   [  85% ] 01/42 VUs  25m23.9s/30m0s  30.00 iters/s

running (25m24.9s), 02/42 VUs, 45735 complete and 0 interrupted iterations
fapi2_logged_in_high_security   [  85% ] 02/42 VUs  25m24.9s/30m0s  30.00 iters/s

running (25m25.9s), 02/42 VUs, 45765 complete and 0 interrupted iterations
fapi2_logged_in_high_security   [  85% ] 02/42 VUs  25m25.9s/30m0s  30.00 iters/s

running (25m26.9s), 02/42 VUs, 45795 complete and 0 interrupted iterations
fapi2_logged_in_high_security   [  85% ] 02/42 VUs  25m26.9s/30m0s  30.00 iters/s

running (25m27.9s), 01/42 VUs, 45826 complete and 0 interrupted iterations
fapi2_logged_in_high_security   [  85% ] 01/42 VUs  25m27.9s/30m0s  30.00 iters/s

running (25m28.9s), 01/42 VUs, 45856 complete and 0 interrupted iterations
fapi2_logged_in_high_security   [  85% ] 01/42 VUs  25m28.9s/30m0s  30.00 iters/s

running (25m29.9s), 01/42 VUs, 45886 complete and 0 interrupted iterations
fapi2_logged_in_high_security   [  85% ] 01/42 VUs  25m29.9s/30m0s  30.00 iters/s

running (25m30.9s), 02/42 VUs, 45915 complete and 0 interrupted iterations
fapi2_logged_in_high_security   [  85% ] 02/42 VUs  25m30.9s/30m0s  30.00 iters/s

running (25m31.9s), 02/42 VUs, 45945 complete and 0 interrupted iterations
fapi2_logged_in_high_security   [  85% ] 02/42 VUs  25m31.9s/30m0s  30.00 iters/s

running (25m32.9s), 02/42 VUs, 45975 complete and 0 interrupted iterations
fapi2_logged_in_high_security   [  85% ] 02/42 VUs  25m32.9s/30m0s  30.00 iters/s

running (25m33.9s), 08/42 VUs, 45999 complete and 0 interrupted iterations
fapi2_logged_in_high_security   [  85% ] 08/42 VUs  25m33.9s/30m0s  30.00 iters/s

running (25m34.9s), 01/42 VUs, 46036 complete and 0 interrupted iterations
fapi2_logged_in_high_security   [  85% ] 01/42 VUs  25m34.9s/30m0s  30.00 iters/s

running (25m35.9s), 04/42 VUs, 46063 complete and 0 interrupted iterations
fapi2_logged_in_high_security   [  85% ] 04/42 VUs  25m35.9s/30m0s  30.00 iters/s

running (25m36.9s), 02/42 VUs, 46095 complete and 0 interrupted iterations
fapi2_logged_in_high_security   [  85% ] 02/42 VUs  25m36.9s/30m0s  30.00 iters/s

running (25m37.9s), 01/42 VUs, 46126 complete and 0 interrupted iterations
fapi2_logged_in_high_security   [  85% ] 01/42 VUs  25m37.9s/30m0s  30.00 iters/s

running (25m38.9s), 01/42 VUs, 46156 complete and 0 interrupted iterations
fapi2_logged_in_high_security   [  85% ] 01/42 VUs  25m38.9s/30m0s  30.00 iters/s

running (25m39.9s), 01/42 VUs, 46186 complete and 0 interrupted iterations
fapi2_logged_in_high_security   [  86% ] 01/42 VUs  25m39.9s/30m0s  30.00 iters/s

running (25m40.9s), 01/42 VUs, 46216 complete and 0 interrupted iterations
fapi2_logged_in_high_security   [  86% ] 01/42 VUs  25m40.9s/30m0s  30.00 iters/s

running (25m41.9s), 01/42 VUs, 46246 complete and 0 interrupted iterations
fapi2_logged_in_high_security   [  86% ] 01/42 VUs  25m41.9s/30m0s  30.00 iters/s

running (25m42.9s), 01/42 VUs, 46276 complete and 0 interrupted iterations
fapi2_logged_in_high_security   [  86% ] 01/42 VUs  25m42.9s/30m0s  30.00 iters/s

running (25m43.9s), 01/42 VUs, 46306 complete and 0 interrupted iterations
fapi2_logged_in_high_security   [  86% ] 01/42 VUs  25m43.9s/30m0s  30.00 iters/s

running (25m44.9s), 03/42 VUs, 46334 complete and 0 interrupted iterations
fapi2_logged_in_high_security   [  86% ] 03/42 VUs  25m44.9s/30m0s  30.00 iters/s

running (25m45.9s), 01/42 VUs, 46366 complete and 0 interrupted iterations
fapi2_logged_in_high_security   [  86% ] 01/42 VUs  25m45.9s/30m0s  30.00 iters/s

running (25m46.9s), 02/42 VUs, 46395 complete and 0 interrupted iterations
fapi2_logged_in_high_security   [  86% ] 02/42 VUs  25m46.9s/30m0s  30.00 iters/s

running (25m47.9s), 01/42 VUs, 46426 complete and 0 interrupted iterations
fapi2_logged_in_high_security   [  86% ] 01/42 VUs  25m47.9s/30m0s  30.00 iters/s

running (25m48.9s), 01/42 VUs, 46456 complete and 0 interrupted iterations
fapi2_logged_in_high_security   [  86% ] 01/42 VUs  25m48.9s/30m0s  30.00 iters/s

running (25m49.9s), 01/42 VUs, 46486 complete and 0 interrupted iterations
fapi2_logged_in_high_security   [  86% ] 01/42 VUs  25m49.9s/30m0s  30.00 iters/s

running (25m50.9s), 01/42 VUs, 46516 complete and 0 interrupted iterations
fapi2_logged_in_high_security   [  86% ] 01/42 VUs  25m50.9s/30m0s  30.00 iters/s

running (25m51.9s), 01/42 VUs, 46546 complete and 0 interrupted iterations
fapi2_logged_in_high_security   [  86% ] 01/42 VUs  25m51.9s/30m0s  30.00 iters/s

running (25m52.9s), 01/42 VUs, 46576 complete and 0 interrupted iterations
fapi2_logged_in_high_security   [  86% ] 01/42 VUs  25m52.9s/30m0s  30.00 iters/s

running (25m53.9s), 01/42 VUs, 46606 complete and 0 interrupted iterations
fapi2_logged_in_high_security   [  86% ] 01/42 VUs  25m53.9s/30m0s  30.00 iters/s

running (25m54.9s), 01/42 VUs, 46636 complete and 0 interrupted iterations
fapi2_logged_in_high_security   [  86% ] 01/42 VUs  25m54.9s/30m0s  30.00 iters/s

running (25m55.9s), 02/42 VUs, 46665 complete and 0 interrupted iterations
fapi2_logged_in_high_security   [  86% ] 02/42 VUs  25m55.9s/30m0s  30.00 iters/s

running (25m56.9s), 02/42 VUs, 46695 complete and 0 interrupted iterations
fapi2_logged_in_high_security   [  86% ] 02/42 VUs  25m56.9s/30m0s  30.00 iters/s

running (25m57.9s), 02/42 VUs, 46725 complete and 0 interrupted iterations
fapi2_logged_in_high_security   [  87% ] 02/42 VUs  25m57.9s/30m0s  30.00 iters/s

running (25m58.9s), 01/42 VUs, 46756 complete and 0 interrupted iterations
fapi2_logged_in_high_security   [  87% ] 01/42 VUs  25m58.9s/30m0s  30.00 iters/s

running (25m59.9s), 01/42 VUs, 46786 complete and 0 interrupted iterations
fapi2_logged_in_high_security   [  87% ] 01/42 VUs  25m59.9s/30m0s  30.00 iters/s

running (26m00.9s), 01/42 VUs, 46816 complete and 0 interrupted iterations
fapi2_logged_in_high_security   [  87% ] 01/42 VUs  26m00.9s/30m0s  30.00 iters/s

running (26m01.9s), 02/42 VUs, 46845 complete and 0 interrupted iterations
fapi2_logged_in_high_security   [  87% ] 02/42 VUs  26m01.9s/30m0s  30.00 iters/s

running (26m02.9s), 02/42 VUs, 46875 complete and 0 interrupted iterations
fapi2_logged_in_high_security   [  87% ] 02/42 VUs  26m02.9s/30m0s  30.00 iters/s

running (26m03.9s), 02/42 VUs, 46905 complete and 0 interrupted iterations
fapi2_logged_in_high_security   [  87% ] 02/42 VUs  26m03.9s/30m0s  30.00 iters/s

running (26m04.9s), 01/42 VUs, 46936 complete and 0 interrupted iterations
fapi2_logged_in_high_security   [  87% ] 01/42 VUs  26m04.9s/30m0s  30.00 iters/s

running (26m05.9s), 01/42 VUs, 46966 complete and 0 interrupted iterations
fapi2_logged_in_high_security   [  87% ] 01/42 VUs  26m05.9s/30m0s  30.00 iters/s

running (26m06.9s), 01/42 VUs, 46996 complete and 0 interrupted iterations
fapi2_logged_in_high_security   [  87% ] 01/42 VUs  26m06.9s/30m0s  30.00 iters/s

running (26m07.9s), 01/42 VUs, 47026 complete and 0 interrupted iterations
fapi2_logged_in_high_security   [  87% ] 01/42 VUs  26m07.9s/30m0s  30.00 iters/s

running (26m08.9s), 01/42 VUs, 47056 complete and 0 interrupted iterations
fapi2_logged_in_high_security   [  87% ] 01/42 VUs  26m08.9s/30m0s  30.00 iters/s

running (26m09.9s), 01/42 VUs, 47086 complete and 0 interrupted iterations
fapi2_logged_in_high_security   [  87% ] 01/42 VUs  26m09.9s/30m0s  30.00 iters/s

running (26m10.9s), 01/42 VUs, 47116 complete and 0 interrupted iterations
fapi2_logged_in_high_security   [  87% ] 01/42 VUs  26m10.9s/30m0s  30.00 iters/s

running (26m11.9s), 01/42 VUs, 47146 complete and 0 interrupted iterations
fapi2_logged_in_high_security   [  87% ] 01/42 VUs  26m11.9s/30m0s  30.00 iters/s

running (26m12.9s), 01/42 VUs, 47176 complete and 0 interrupted iterations
fapi2_logged_in_high_security   [  87% ] 01/42 VUs  26m12.9s/30m0s  30.00 iters/s

running (26m13.9s), 02/42 VUs, 47205 complete and 0 interrupted iterations
fapi2_logged_in_high_security   [  87% ] 02/42 VUs  26m13.9s/30m0s  30.00 iters/s

running (26m14.9s), 01/42 VUs, 47236 complete and 0 interrupted iterations
fapi2_logged_in_high_security   [  87% ] 01/42 VUs  26m14.9s/30m0s  30.00 iters/s

running (26m15.9s), 06/42 VUs, 47261 complete and 0 interrupted iterations
fapi2_logged_in_high_security   [  88% ] 06/42 VUs  26m15.9s/30m0s  30.00 iters/s

running (26m16.9s), 01/42 VUs, 47296 complete and 0 interrupted iterations
fapi2_logged_in_high_security   [  88% ] 01/42 VUs  26m16.9s/30m0s  30.00 iters/s

running (26m17.9s), 01/42 VUs, 47326 complete and 0 interrupted iterations
fapi2_logged_in_high_security   [  88% ] 01/42 VUs  26m17.9s/30m0s  30.00 iters/s

running (26m18.9s), 01/42 VUs, 47356 complete and 0 interrupted iterations
fapi2_logged_in_high_security   [  88% ] 01/42 VUs  26m18.9s/30m0s  30.00 iters/s

running (26m19.9s), 01/42 VUs, 47386 complete and 0 interrupted iterations
fapi2_logged_in_high_security   [  88% ] 01/42 VUs  26m19.9s/30m0s  30.00 iters/s

running (26m20.9s), 01/42 VUs, 47416 complete and 0 interrupted iterations
fapi2_logged_in_high_security   [  88% ] 01/42 VUs  26m20.9s/30m0s  30.00 iters/s

running (26m21.9s), 02/42 VUs, 47445 complete and 0 interrupted iterations
fapi2_logged_in_high_security   [  88% ] 02/42 VUs  26m21.9s/30m0s  30.00 iters/s

running (26m22.9s), 01/42 VUs, 47476 complete and 0 interrupted iterations
fapi2_logged_in_high_security   [  88% ] 01/42 VUs  26m22.9s/30m0s  30.00 iters/s

running (26m23.9s), 01/42 VUs, 47506 complete and 0 interrupted iterations
fapi2_logged_in_high_security   [  88% ] 01/42 VUs  26m23.9s/30m0s  30.00 iters/s

running (26m24.9s), 01/42 VUs, 47536 complete and 0 interrupted iterations
fapi2_logged_in_high_security   [  88% ] 01/42 VUs  26m24.9s/30m0s  30.00 iters/s

running (26m25.9s), 01/42 VUs, 47566 complete and 0 interrupted iterations
fapi2_logged_in_high_security   [  88% ] 01/42 VUs  26m25.9s/30m0s  30.00 iters/s

running (26m26.9s), 02/42 VUs, 47595 complete and 0 interrupted iterations
fapi2_logged_in_high_security   [  88% ] 02/42 VUs  26m26.9s/30m0s  30.00 iters/s

running (26m27.9s), 01/42 VUs, 47626 complete and 0 interrupted iterations
fapi2_logged_in_high_security   [  88% ] 01/42 VUs  26m27.9s/30m0s  30.00 iters/s

running (26m28.9s), 02/42 VUs, 47655 complete and 0 interrupted iterations
fapi2_logged_in_high_security   [  88% ] 02/42 VUs  26m28.9s/30m0s  30.00 iters/s

running (26m29.9s), 01/42 VUs, 47686 complete and 0 interrupted iterations
fapi2_logged_in_high_security   [  88% ] 01/42 VUs  26m29.9s/30m0s  30.00 iters/s

running (26m30.9s), 02/42 VUs, 47715 complete and 0 interrupted iterations
fapi2_logged_in_high_security   [  88% ] 02/42 VUs  26m30.9s/30m0s  30.00 iters/s

running (26m31.9s), 01/42 VUs, 47746 complete and 0 interrupted iterations
fapi2_logged_in_high_security   [  88% ] 01/42 VUs  26m31.9s/30m0s  30.00 iters/s

running (26m32.9s), 01/42 VUs, 47776 complete and 0 interrupted iterations
fapi2_logged_in_high_security   [  88% ] 01/42 VUs  26m32.9s/30m0s  30.00 iters/s

running (26m33.9s), 01/42 VUs, 47806 complete and 0 interrupted iterations
fapi2_logged_in_high_security   [  89% ] 01/42 VUs  26m33.9s/30m0s  30.00 iters/s

running (26m34.9s), 01/42 VUs, 47836 complete and 0 interrupted iterations
fapi2_logged_in_high_security   [  89% ] 01/42 VUs  26m34.9s/30m0s  30.00 iters/s

running (26m35.9s), 01/42 VUs, 47866 complete and 0 interrupted iterations
fapi2_logged_in_high_security   [  89% ] 01/42 VUs  26m35.9s/30m0s  30.00 iters/s

running (26m36.9s), 02/42 VUs, 47895 complete and 0 interrupted iterations
fapi2_logged_in_high_security   [  89% ] 02/42 VUs  26m36.9s/30m0s  30.00 iters/s

running (26m37.9s), 01/42 VUs, 47926 complete and 0 interrupted iterations
fapi2_logged_in_high_security   [  89% ] 01/42 VUs  26m37.9s/30m0s  30.00 iters/s

running (26m38.9s), 01/42 VUs, 47956 complete and 0 interrupted iterations
fapi2_logged_in_high_security   [  89% ] 01/42 VUs  26m38.9s/30m0s  30.00 iters/s

running (26m39.9s), 01/42 VUs, 47986 complete and 0 interrupted iterations
fapi2_logged_in_high_security   [  89% ] 01/42 VUs  26m39.9s/30m0s  30.00 iters/s

running (26m40.9s), 01/42 VUs, 48016 complete and 0 interrupted iterations
fapi2_logged_in_high_security   [  89% ] 01/42 VUs  26m40.9s/30m0s  30.00 iters/s

running (26m41.9s), 01/42 VUs, 48046 complete and 0 interrupted iterations
fapi2_logged_in_high_security   [  89% ] 01/42 VUs  26m41.9s/30m0s  30.00 iters/s

running (26m42.9s), 01/42 VUs, 48076 complete and 0 interrupted iterations
fapi2_logged_in_high_security   [  89% ] 01/42 VUs  26m42.9s/30m0s  30.00 iters/s

running (26m43.9s), 01/42 VUs, 48106 complete and 0 interrupted iterations
fapi2_logged_in_high_security   [  89% ] 01/42 VUs  26m43.9s/30m0s  30.00 iters/s

running (26m44.9s), 01/42 VUs, 48136 complete and 0 interrupted iterations
fapi2_logged_in_high_security   [  89% ] 01/42 VUs  26m44.9s/30m0s  30.00 iters/s

running (26m45.9s), 02/42 VUs, 48165 complete and 0 interrupted iterations
fapi2_logged_in_high_security   [  89% ] 02/42 VUs  26m45.9s/30m0s  30.00 iters/s

running (26m46.9s), 01/42 VUs, 48196 complete and 0 interrupted iterations
fapi2_logged_in_high_security   [  89% ] 01/42 VUs  26m46.9s/30m0s  30.00 iters/s

running (26m47.9s), 03/42 VUs, 48224 complete and 0 interrupted iterations
fapi2_logged_in_high_security   [  89% ] 03/42 VUs  26m47.9s/30m0s  30.00 iters/s

running (26m48.9s), 01/42 VUs, 48256 complete and 0 interrupted iterations
fapi2_logged_in_high_security   [  89% ] 01/42 VUs  26m48.9s/30m0s  30.00 iters/s

running (26m49.9s), 01/42 VUs, 48286 complete and 0 interrupted iterations
fapi2_logged_in_high_security   [  89% ] 01/42 VUs  26m49.9s/30m0s  30.00 iters/s

running (26m50.9s), 02/42 VUs, 48315 complete and 0 interrupted iterations
fapi2_logged_in_high_security   [  89% ] 02/42 VUs  26m50.9s/30m0s  30.00 iters/s

running (26m51.9s), 01/42 VUs, 48346 complete and 0 interrupted iterations
fapi2_logged_in_high_security   [  90% ] 01/42 VUs  26m51.9s/30m0s  30.00 iters/s

running (26m52.9s), 02/42 VUs, 48375 complete and 0 interrupted iterations
fapi2_logged_in_high_security   [  90% ] 02/42 VUs  26m52.9s/30m0s  30.00 iters/s

running (26m53.9s), 02/42 VUs, 48405 complete and 0 interrupted iterations
fapi2_logged_in_high_security   [  90% ] 02/42 VUs  26m53.9s/30m0s  30.00 iters/s

running (26m54.9s), 01/42 VUs, 48436 complete and 0 interrupted iterations
fapi2_logged_in_high_security   [  90% ] 01/42 VUs  26m54.9s/30m0s  30.00 iters/s

running (26m55.9s), 01/42 VUs, 48466 complete and 0 interrupted iterations
fapi2_logged_in_high_security   [  90% ] 01/42 VUs  26m55.9s/30m0s  30.00 iters/s

running (26m56.9s), 09/42 VUs, 48488 complete and 0 interrupted iterations
fapi2_logged_in_high_security   [  90% ] 09/42 VUs  26m56.9s/30m0s  30.00 iters/s

running (26m57.9s), 01/42 VUs, 48526 complete and 0 interrupted iterations
fapi2_logged_in_high_security   [  90% ] 01/42 VUs  26m57.9s/30m0s  30.00 iters/s

running (26m58.9s), 02/42 VUs, 48555 complete and 0 interrupted iterations
fapi2_logged_in_high_security   [  90% ] 02/42 VUs  26m58.9s/30m0s  30.00 iters/s

running (26m59.9s), 02/42 VUs, 48585 complete and 0 interrupted iterations
fapi2_logged_in_high_security   [  90% ] 02/42 VUs  26m59.9s/30m0s  30.00 iters/s

running (27m00.9s), 01/42 VUs, 48616 complete and 0 interrupted iterations
fapi2_logged_in_high_security   [  90% ] 01/42 VUs  27m00.9s/30m0s  30.00 iters/s

running (27m01.9s), 02/42 VUs, 48645 complete and 0 interrupted iterations
fapi2_logged_in_high_security   [  90% ] 02/42 VUs  27m01.9s/30m0s  30.00 iters/s

running (27m02.9s), 01/42 VUs, 48676 complete and 0 interrupted iterations
fapi2_logged_in_high_security   [  90% ] 01/42 VUs  27m02.9s/30m0s  30.00 iters/s

running (27m03.9s), 02/42 VUs, 48705 complete and 0 interrupted iterations
fapi2_logged_in_high_security   [  90% ] 02/42 VUs  27m03.9s/30m0s  30.00 iters/s

running (27m04.9s), 01/42 VUs, 48736 complete and 0 interrupted iterations
fapi2_logged_in_high_security   [  90% ] 01/42 VUs  27m04.9s/30m0s  30.00 iters/s

running (27m05.9s), 01/42 VUs, 48766 complete and 0 interrupted iterations
fapi2_logged_in_high_security   [  90% ] 01/42 VUs  27m05.9s/30m0s  30.00 iters/s

running (27m06.9s), 01/42 VUs, 48796 complete and 0 interrupted iterations
fapi2_logged_in_high_security   [  90% ] 01/42 VUs  27m06.9s/30m0s  30.00 iters/s

running (27m07.9s), 01/42 VUs, 48826 complete and 0 interrupted iterations
fapi2_logged_in_high_security   [  90% ] 01/42 VUs  27m07.9s/30m0s  30.00 iters/s

running (27m08.9s), 01/42 VUs, 48856 complete and 0 interrupted iterations
fapi2_logged_in_high_security   [  90% ] 01/42 VUs  27m08.9s/30m0s  30.00 iters/s

running (27m09.9s), 01/42 VUs, 48886 complete and 0 interrupted iterations
fapi2_logged_in_high_security   [  91% ] 01/42 VUs  27m09.9s/30m0s  30.00 iters/s

running (27m10.9s), 01/42 VUs, 48916 complete and 0 interrupted iterations
fapi2_logged_in_high_security   [  91% ] 01/42 VUs  27m10.9s/30m0s  30.00 iters/s

running (27m11.9s), 01/42 VUs, 48946 complete and 0 interrupted iterations
fapi2_logged_in_high_security   [  91% ] 01/42 VUs  27m11.9s/30m0s  30.00 iters/s

running (27m12.9s), 01/42 VUs, 48976 complete and 0 interrupted iterations
fapi2_logged_in_high_security   [  91% ] 01/42 VUs  27m12.9s/30m0s  30.00 iters/s

running (27m13.9s), 01/42 VUs, 49006 complete and 0 interrupted iterations
fapi2_logged_in_high_security   [  91% ] 01/42 VUs  27m13.9s/30m0s  30.00 iters/s

running (27m14.9s), 01/42 VUs, 49036 complete and 0 interrupted iterations
fapi2_logged_in_high_security   [  91% ] 01/42 VUs  27m14.9s/30m0s  30.00 iters/s

running (27m15.9s), 01/42 VUs, 49066 complete and 0 interrupted iterations
fapi2_logged_in_high_security   [  91% ] 01/42 VUs  27m15.9s/30m0s  30.00 iters/s

running (27m16.9s), 02/42 VUs, 49095 complete and 0 interrupted iterations
fapi2_logged_in_high_security   [  91% ] 02/42 VUs  27m16.9s/30m0s  30.00 iters/s

running (27m17.9s), 11/42 VUs, 49116 complete and 0 interrupted iterations
fapi2_logged_in_high_security   [  91% ] 11/42 VUs  27m17.9s/30m0s  30.00 iters/s

running (27m18.9s), 02/42 VUs, 49155 complete and 0 interrupted iterations
fapi2_logged_in_high_security   [  91% ] 02/42 VUs  27m18.9s/30m0s  30.00 iters/s

running (27m19.9s), 02/42 VUs, 49185 complete and 0 interrupted iterations
fapi2_logged_in_high_security   [  91% ] 02/42 VUs  27m19.9s/30m0s  30.00 iters/s

running (27m20.9s), 03/42 VUs, 49214 complete and 0 interrupted iterations
fapi2_logged_in_high_security   [  91% ] 03/42 VUs  27m20.9s/30m0s  30.00 iters/s

running (27m21.9s), 01/42 VUs, 49246 complete and 0 interrupted iterations
fapi2_logged_in_high_security   [  91% ] 01/42 VUs  27m21.9s/30m0s  30.00 iters/s

running (27m22.9s), 03/42 VUs, 49274 complete and 0 interrupted iterations
fapi2_logged_in_high_security   [  91% ] 03/42 VUs  27m22.9s/30m0s  30.00 iters/s

running (27m23.9s), 02/42 VUs, 49305 complete and 0 interrupted iterations
fapi2_logged_in_high_security   [  91% ] 02/42 VUs  27m23.9s/30m0s  30.00 iters/s

running (27m24.9s), 01/42 VUs, 49336 complete and 0 interrupted iterations
fapi2_logged_in_high_security   [  91% ] 01/42 VUs  27m24.9s/30m0s  30.00 iters/s

running (27m25.9s), 02/42 VUs, 49365 complete and 0 interrupted iterations
fapi2_logged_in_high_security   [  91% ] 02/42 VUs  27m25.9s/30m0s  30.00 iters/s

running (27m26.9s), 07/42 VUs, 49390 complete and 0 interrupted iterations
fapi2_logged_in_high_security   [  91% ] 07/42 VUs  27m26.9s/30m0s  30.00 iters/s

running (27m27.9s), 02/42 VUs, 49425 complete and 0 interrupted iterations
fapi2_logged_in_high_security   [  92% ] 02/42 VUs  27m27.9s/30m0s  30.00 iters/s

running (27m28.9s), 02/42 VUs, 49455 complete and 0 interrupted iterations
fapi2_logged_in_high_security   [  92% ] 02/42 VUs  27m28.9s/30m0s  30.00 iters/s

running (27m29.9s), 02/42 VUs, 49485 complete and 0 interrupted iterations
fapi2_logged_in_high_security   [  92% ] 02/42 VUs  27m29.9s/30m0s  30.00 iters/s

running (27m30.9s), 02/42 VUs, 49515 complete and 0 interrupted iterations
fapi2_logged_in_high_security   [  92% ] 02/42 VUs  27m30.9s/30m0s  30.00 iters/s

running (27m31.9s), 02/42 VUs, 49545 complete and 0 interrupted iterations
fapi2_logged_in_high_security   [  92% ] 02/42 VUs  27m31.9s/30m0s  30.00 iters/s

running (27m32.9s), 08/42 VUs, 49569 complete and 0 interrupted iterations
fapi2_logged_in_high_security   [  92% ] 08/42 VUs  27m32.9s/30m0s  30.00 iters/s

running (27m33.9s), 10/42 VUs, 49597 complete and 0 interrupted iterations
fapi2_logged_in_high_security   [  92% ] 10/42 VUs  27m33.9s/30m0s  30.00 iters/s

running (27m34.9s), 07/42 VUs, 49630 complete and 0 interrupted iterations
fapi2_logged_in_high_security   [  92% ] 07/42 VUs  27m34.9s/30m0s  30.00 iters/s

running (27m35.9s), 01/42 VUs, 49666 complete and 0 interrupted iterations
fapi2_logged_in_high_security   [  92% ] 01/42 VUs  27m35.9s/30m0s  30.00 iters/s

running (27m36.9s), 02/42 VUs, 49695 complete and 0 interrupted iterations
fapi2_logged_in_high_security   [  92% ] 02/42 VUs  27m36.9s/30m0s  30.00 iters/s

running (27m37.9s), 01/42 VUs, 49726 complete and 0 interrupted iterations
fapi2_logged_in_high_security   [  92% ] 01/42 VUs  27m37.9s/30m0s  30.00 iters/s

running (27m38.9s), 13/42 VUs, 49744 complete and 0 interrupted iterations
fapi2_logged_in_high_security   [  92% ] 13/42 VUs  27m38.9s/30m0s  30.00 iters/s

running (27m39.9s), 19/42 VUs, 49768 complete and 0 interrupted iterations
fapi2_logged_in_high_security   [  92% ] 19/42 VUs  27m39.9s/30m0s  30.00 iters/s

running (27m40.9s), 12/42 VUs, 49805 complete and 0 interrupted iterations
fapi2_logged_in_high_security   [  92% ] 12/42 VUs  27m40.9s/30m0s  30.00 iters/s

running (27m41.9s), 07/42 VUs, 49840 complete and 0 interrupted iterations
fapi2_logged_in_high_security   [  92% ] 07/42 VUs  27m41.9s/30m0s  30.00 iters/s

running (27m42.9s), 01/42 VUs, 49876 complete and 0 interrupted iterations
fapi2_logged_in_high_security   [  92% ] 01/42 VUs  27m42.9s/30m0s  30.00 iters/s

running (27m43.9s), 02/42 VUs, 49905 complete and 0 interrupted iterations
fapi2_logged_in_high_security   [  92% ] 02/42 VUs  27m43.9s/30m0s  30.00 iters/s

running (27m44.9s), 02/42 VUs, 49935 complete and 0 interrupted iterations
fapi2_logged_in_high_security   [  92% ] 02/42 VUs  27m44.9s/30m0s  30.00 iters/s

running (27m45.9s), 01/42 VUs, 49966 complete and 0 interrupted iterations
fapi2_logged_in_high_security   [  93% ] 01/42 VUs  27m45.9s/30m0s  30.00 iters/s

running (27m46.9s), 02/42 VUs, 49995 complete and 0 interrupted iterations
fapi2_logged_in_high_security   [  93% ] 02/42 VUs  27m46.9s/30m0s  30.00 iters/s

running (27m47.9s), 02/42 VUs, 50025 complete and 0 interrupted iterations
fapi2_logged_in_high_security   [  93% ] 02/42 VUs  27m47.9s/30m0s  30.00 iters/s

running (27m48.9s), 01/42 VUs, 50056 complete and 0 interrupted iterations
fapi2_logged_in_high_security   [  93% ] 01/42 VUs  27m48.9s/30m0s  30.00 iters/s

running (27m49.9s), 01/42 VUs, 50086 complete and 0 interrupted iterations
fapi2_logged_in_high_security   [  93% ] 01/42 VUs  27m49.9s/30m0s  30.00 iters/s

running (27m50.9s), 02/42 VUs, 50115 complete and 0 interrupted iterations
fapi2_logged_in_high_security   [  93% ] 02/42 VUs  27m50.9s/30m0s  30.00 iters/s

running (27m51.9s), 02/42 VUs, 50145 complete and 0 interrupted iterations
fapi2_logged_in_high_security   [  93% ] 02/42 VUs  27m51.9s/30m0s  30.00 iters/s

running (27m52.9s), 01/42 VUs, 50176 complete and 0 interrupted iterations
fapi2_logged_in_high_security   [  93% ] 01/42 VUs  27m52.9s/30m0s  30.00 iters/s

running (27m53.9s), 01/42 VUs, 50206 complete and 0 interrupted iterations
fapi2_logged_in_high_security   [  93% ] 01/42 VUs  27m53.9s/30m0s  30.00 iters/s

running (27m54.9s), 02/42 VUs, 50235 complete and 0 interrupted iterations
fapi2_logged_in_high_security   [  93% ] 02/42 VUs  27m54.9s/30m0s  30.00 iters/s

running (27m55.9s), 02/42 VUs, 50265 complete and 0 interrupted iterations
fapi2_logged_in_high_security   [  93% ] 02/42 VUs  27m55.9s/30m0s  30.00 iters/s

running (27m56.9s), 02/42 VUs, 50295 complete and 0 interrupted iterations
fapi2_logged_in_high_security   [  93% ] 02/42 VUs  27m56.9s/30m0s  30.00 iters/s

running (27m57.9s), 01/42 VUs, 50326 complete and 0 interrupted iterations
fapi2_logged_in_high_security   [  93% ] 01/42 VUs  27m57.9s/30m0s  30.00 iters/s

running (27m58.9s), 01/42 VUs, 50356 complete and 0 interrupted iterations
fapi2_logged_in_high_security   [  93% ] 01/42 VUs  27m58.9s/30m0s  30.00 iters/s

running (27m59.9s), 04/42 VUs, 50383 complete and 0 interrupted iterations
fapi2_logged_in_high_security   [  93% ] 04/42 VUs  27m59.9s/30m0s  30.00 iters/s

running (28m00.9s), 01/42 VUs, 50416 complete and 0 interrupted iterations
fapi2_logged_in_high_security   [  93% ] 01/42 VUs  28m00.9s/30m0s  30.00 iters/s

running (28m01.9s), 01/42 VUs, 50446 complete and 0 interrupted iterations
fapi2_logged_in_high_security   [  93% ] 01/42 VUs  28m01.9s/30m0s  30.00 iters/s

running (28m02.9s), 02/42 VUs, 50475 complete and 0 interrupted iterations
fapi2_logged_in_high_security   [  93% ] 02/42 VUs  28m02.9s/30m0s  30.00 iters/s

running (28m03.9s), 01/42 VUs, 50506 complete and 0 interrupted iterations
fapi2_logged_in_high_security   [  94% ] 01/42 VUs  28m03.9s/30m0s  30.00 iters/s

running (28m04.9s), 01/42 VUs, 50536 complete and 0 interrupted iterations
fapi2_logged_in_high_security   [  94% ] 01/42 VUs  28m04.9s/30m0s  30.00 iters/s

running (28m05.9s), 01/42 VUs, 50566 complete and 0 interrupted iterations
fapi2_logged_in_high_security   [  94% ] 01/42 VUs  28m05.9s/30m0s  30.00 iters/s

running (28m06.9s), 01/42 VUs, 50596 complete and 0 interrupted iterations
fapi2_logged_in_high_security   [  94% ] 01/42 VUs  28m06.9s/30m0s  30.00 iters/s

running (28m07.9s), 01/42 VUs, 50626 complete and 0 interrupted iterations
fapi2_logged_in_high_security   [  94% ] 01/42 VUs  28m07.9s/30m0s  30.00 iters/s

running (28m08.9s), 01/42 VUs, 50656 complete and 0 interrupted iterations
fapi2_logged_in_high_security   [  94% ] 01/42 VUs  28m08.9s/30m0s  30.00 iters/s

running (28m09.9s), 02/42 VUs, 50685 complete and 0 interrupted iterations
fapi2_logged_in_high_security   [  94% ] 02/42 VUs  28m09.9s/30m0s  30.00 iters/s

running (28m10.9s), 01/42 VUs, 50716 complete and 0 interrupted iterations
fapi2_logged_in_high_security   [  94% ] 01/42 VUs  28m10.9s/30m0s  30.00 iters/s

running (28m11.9s), 01/42 VUs, 50746 complete and 0 interrupted iterations
fapi2_logged_in_high_security   [  94% ] 01/42 VUs  28m11.9s/30m0s  30.00 iters/s

running (28m12.9s), 01/42 VUs, 50776 complete and 0 interrupted iterations
fapi2_logged_in_high_security   [  94% ] 01/42 VUs  28m12.9s/30m0s  30.00 iters/s

running (28m13.9s), 01/42 VUs, 50806 complete and 0 interrupted iterations
fapi2_logged_in_high_security   [  94% ] 01/42 VUs  28m13.9s/30m0s  30.00 iters/s

running (28m14.9s), 01/42 VUs, 50836 complete and 0 interrupted iterations
fapi2_logged_in_high_security   [  94% ] 01/42 VUs  28m14.9s/30m0s  30.00 iters/s

running (28m15.9s), 02/42 VUs, 50865 complete and 0 interrupted iterations
fapi2_logged_in_high_security   [  94% ] 02/42 VUs  28m15.9s/30m0s  30.00 iters/s

running (28m16.9s), 01/42 VUs, 50896 complete and 0 interrupted iterations
fapi2_logged_in_high_security   [  94% ] 01/42 VUs  28m16.9s/30m0s  30.00 iters/s

running (28m17.9s), 02/42 VUs, 50925 complete and 0 interrupted iterations
fapi2_logged_in_high_security   [  94% ] 02/42 VUs  28m17.9s/30m0s  30.00 iters/s

running (28m18.9s), 02/42 VUs, 50955 complete and 0 interrupted iterations
fapi2_logged_in_high_security   [  94% ] 02/42 VUs  28m18.9s/30m0s  30.00 iters/s

running (28m19.9s), 07/42 VUs, 50980 complete and 0 interrupted iterations
fapi2_logged_in_high_security   [  94% ] 07/42 VUs  28m19.9s/30m0s  30.00 iters/s

running (28m20.9s), 02/42 VUs, 51015 complete and 0 interrupted iterations
fapi2_logged_in_high_security   [  94% ] 02/42 VUs  28m20.9s/30m0s  30.00 iters/s

running (28m21.9s), 02/42 VUs, 51045 complete and 0 interrupted iterations
fapi2_logged_in_high_security   [  95% ] 02/42 VUs  28m21.9s/30m0s  30.00 iters/s

running (28m22.9s), 01/42 VUs, 51076 complete and 0 interrupted iterations
fapi2_logged_in_high_security   [  95% ] 01/42 VUs  28m22.9s/30m0s  30.00 iters/s

running (28m23.9s), 01/42 VUs, 51106 complete and 0 interrupted iterations
fapi2_logged_in_high_security   [  95% ] 01/42 VUs  28m23.9s/30m0s  30.00 iters/s

running (28m24.9s), 01/42 VUs, 51136 complete and 0 interrupted iterations
fapi2_logged_in_high_security   [  95% ] 01/42 VUs  28m24.9s/30m0s  30.00 iters/s

running (28m25.9s), 01/42 VUs, 51166 complete and 0 interrupted iterations
fapi2_logged_in_high_security   [  95% ] 01/42 VUs  28m25.9s/30m0s  30.00 iters/s

running (28m26.9s), 01/42 VUs, 51196 complete and 0 interrupted iterations
fapi2_logged_in_high_security   [  95% ] 01/42 VUs  28m26.9s/30m0s  30.00 iters/s

running (28m27.9s), 02/42 VUs, 51225 complete and 0 interrupted iterations
fapi2_logged_in_high_security   [  95% ] 02/42 VUs  28m27.9s/30m0s  30.00 iters/s

running (28m28.9s), 01/42 VUs, 51256 complete and 0 interrupted iterations
fapi2_logged_in_high_security   [  95% ] 01/42 VUs  28m28.9s/30m0s  30.00 iters/s

running (28m29.9s), 04/42 VUs, 51283 complete and 0 interrupted iterations
fapi2_logged_in_high_security   [  95% ] 04/42 VUs  28m29.9s/30m0s  30.00 iters/s

running (28m30.9s), 01/42 VUs, 51316 complete and 0 interrupted iterations
fapi2_logged_in_high_security   [  95% ] 01/42 VUs  28m30.9s/30m0s  30.00 iters/s

running (28m31.9s), 01/42 VUs, 51346 complete and 0 interrupted iterations
fapi2_logged_in_high_security   [  95% ] 01/42 VUs  28m31.9s/30m0s  30.00 iters/s

running (28m32.9s), 01/42 VUs, 51376 complete and 0 interrupted iterations
fapi2_logged_in_high_security   [  95% ] 01/42 VUs  28m32.9s/30m0s  30.00 iters/s

running (28m33.9s), 01/42 VUs, 51406 complete and 0 interrupted iterations
fapi2_logged_in_high_security   [  95% ] 01/42 VUs  28m33.9s/30m0s  30.00 iters/s

running (28m34.9s), 01/42 VUs, 51436 complete and 0 interrupted iterations
fapi2_logged_in_high_security   [  95% ] 01/42 VUs  28m34.9s/30m0s  30.00 iters/s

running (28m35.9s), 03/42 VUs, 51464 complete and 0 interrupted iterations
fapi2_logged_in_high_security   [  95% ] 03/42 VUs  28m35.9s/30m0s  30.00 iters/s

running (28m36.9s), 02/42 VUs, 51495 complete and 0 interrupted iterations
fapi2_logged_in_high_security   [  95% ] 02/42 VUs  28m36.9s/30m0s  30.00 iters/s

running (28m37.9s), 01/42 VUs, 51526 complete and 0 interrupted iterations
fapi2_logged_in_high_security   [  95% ] 01/42 VUs  28m37.9s/30m0s  30.00 iters/s

running (28m38.9s), 02/42 VUs, 51555 complete and 0 interrupted iterations
fapi2_logged_in_high_security   [  95% ] 02/42 VUs  28m38.9s/30m0s  30.00 iters/s

running (28m39.9s), 01/42 VUs, 51586 complete and 0 interrupted iterations
fapi2_logged_in_high_security   [  96% ] 01/42 VUs  28m39.9s/30m0s  30.00 iters/s

running (28m40.9s), 03/42 VUs, 51614 complete and 0 interrupted iterations
fapi2_logged_in_high_security   [  96% ] 03/42 VUs  28m40.9s/30m0s  30.00 iters/s

running (28m41.9s), 02/42 VUs, 51645 complete and 0 interrupted iterations
fapi2_logged_in_high_security   [  96% ] 02/42 VUs  28m41.9s/30m0s  30.00 iters/s

running (28m42.9s), 01/42 VUs, 51676 complete and 0 interrupted iterations
fapi2_logged_in_high_security   [  96% ] 01/42 VUs  28m42.9s/30m0s  30.00 iters/s

running (28m43.9s), 01/42 VUs, 51706 complete and 0 interrupted iterations
fapi2_logged_in_high_security   [  96% ] 01/42 VUs  28m43.9s/30m0s  30.00 iters/s

running (28m44.9s), 02/42 VUs, 51735 complete and 0 interrupted iterations
fapi2_logged_in_high_security   [  96% ] 02/42 VUs  28m44.9s/30m0s  30.00 iters/s

running (28m45.9s), 01/42 VUs, 51766 complete and 0 interrupted iterations
fapi2_logged_in_high_security   [  96% ] 01/42 VUs  28m45.9s/30m0s  30.00 iters/s

running (28m46.9s), 01/42 VUs, 51796 complete and 0 interrupted iterations
fapi2_logged_in_high_security   [  96% ] 01/42 VUs  28m46.9s/30m0s  30.00 iters/s

running (28m47.9s), 02/42 VUs, 51825 complete and 0 interrupted iterations
fapi2_logged_in_high_security   [  96% ] 02/42 VUs  28m47.9s/30m0s  30.00 iters/s

running (28m48.9s), 02/42 VUs, 51855 complete and 0 interrupted iterations
fapi2_logged_in_high_security   [  96% ] 02/42 VUs  28m48.9s/30m0s  30.00 iters/s

running (28m49.9s), 02/42 VUs, 51885 complete and 0 interrupted iterations
fapi2_logged_in_high_security   [  96% ] 02/42 VUs  28m49.9s/30m0s  30.00 iters/s

running (28m50.9s), 03/42 VUs, 51914 complete and 0 interrupted iterations
fapi2_logged_in_high_security   [  96% ] 03/42 VUs  28m50.9s/30m0s  30.00 iters/s

running (28m51.9s), 03/42 VUs, 51944 complete and 0 interrupted iterations
fapi2_logged_in_high_security   [  96% ] 03/42 VUs  28m51.9s/30m0s  30.00 iters/s

running (28m52.9s), 02/42 VUs, 51975 complete and 0 interrupted iterations
fapi2_logged_in_high_security   [  96% ] 02/42 VUs  28m52.9s/30m0s  30.00 iters/s

running (28m53.9s), 02/42 VUs, 52005 complete and 0 interrupted iterations
fapi2_logged_in_high_security   [  96% ] 02/42 VUs  28m53.9s/30m0s  30.00 iters/s

running (28m54.9s), 01/42 VUs, 52036 complete and 0 interrupted iterations
fapi2_logged_in_high_security   [  96% ] 01/42 VUs  28m54.9s/30m0s  30.00 iters/s

running (28m55.9s), 01/42 VUs, 52066 complete and 0 interrupted iterations
fapi2_logged_in_high_security   [  96% ] 01/42 VUs  28m55.9s/30m0s  30.00 iters/s

running (28m56.9s), 02/42 VUs, 52095 complete and 0 interrupted iterations
fapi2_logged_in_high_security   [  96% ] 02/42 VUs  28m56.9s/30m0s  30.00 iters/s

running (28m57.9s), 01/42 VUs, 52126 complete and 0 interrupted iterations
fapi2_logged_in_high_security   [  97% ] 01/42 VUs  28m57.9s/30m0s  30.00 iters/s

running (28m58.9s), 01/42 VUs, 52156 complete and 0 interrupted iterations
fapi2_logged_in_high_security   [  97% ] 01/42 VUs  28m58.9s/30m0s  30.00 iters/s

running (28m59.9s), 02/42 VUs, 52185 complete and 0 interrupted iterations
fapi2_logged_in_high_security   [  97% ] 02/42 VUs  28m59.9s/30m0s  30.00 iters/s

running (29m00.9s), 01/42 VUs, 52216 complete and 0 interrupted iterations
fapi2_logged_in_high_security   [  97% ] 01/42 VUs  29m00.9s/30m0s  30.00 iters/s

running (29m01.9s), 02/42 VUs, 52245 complete and 0 interrupted iterations
fapi2_logged_in_high_security   [  97% ] 02/42 VUs  29m01.9s/30m0s  30.00 iters/s

running (29m02.9s), 02/42 VUs, 52275 complete and 0 interrupted iterations
fapi2_logged_in_high_security   [  97% ] 02/42 VUs  29m02.9s/30m0s  30.00 iters/s

running (29m03.9s), 02/42 VUs, 52305 complete and 0 interrupted iterations
fapi2_logged_in_high_security   [  97% ] 02/42 VUs  29m03.9s/30m0s  30.00 iters/s

running (29m04.9s), 01/42 VUs, 52336 complete and 0 interrupted iterations
fapi2_logged_in_high_security   [  97% ] 01/42 VUs  29m04.9s/30m0s  30.00 iters/s

running (29m05.9s), 02/42 VUs, 52365 complete and 0 interrupted iterations
fapi2_logged_in_high_security   [  97% ] 02/42 VUs  29m05.9s/30m0s  30.00 iters/s

running (29m06.9s), 02/42 VUs, 52395 complete and 0 interrupted iterations
fapi2_logged_in_high_security   [  97% ] 02/42 VUs  29m06.9s/30m0s  30.00 iters/s

running (29m07.9s), 01/42 VUs, 52426 complete and 0 interrupted iterations
fapi2_logged_in_high_security   [  97% ] 01/42 VUs  29m07.9s/30m0s  30.00 iters/s

running (29m08.9s), 02/42 VUs, 52455 complete and 0 interrupted iterations
fapi2_logged_in_high_security   [  97% ] 02/42 VUs  29m08.9s/30m0s  30.00 iters/s

running (29m09.9s), 01/42 VUs, 52486 complete and 0 interrupted iterations
fapi2_logged_in_high_security   [  97% ] 01/42 VUs  29m09.9s/30m0s  30.00 iters/s

running (29m10.9s), 02/42 VUs, 52515 complete and 0 interrupted iterations
fapi2_logged_in_high_security   [  97% ] 02/42 VUs  29m10.9s/30m0s  30.00 iters/s

running (29m11.9s), 02/42 VUs, 52545 complete and 0 interrupted iterations
fapi2_logged_in_high_security   [  97% ] 02/42 VUs  29m11.9s/30m0s  30.00 iters/s

running (29m12.9s), 02/42 VUs, 52575 complete and 0 interrupted iterations
fapi2_logged_in_high_security   [  97% ] 02/42 VUs  29m12.9s/30m0s  30.00 iters/s

running (29m13.9s), 02/42 VUs, 52605 complete and 0 interrupted iterations
fapi2_logged_in_high_security   [  97% ] 02/42 VUs  29m13.9s/30m0s  30.00 iters/s

running (29m14.9s), 01/42 VUs, 52636 complete and 0 interrupted iterations
fapi2_logged_in_high_security   [  97% ] 01/42 VUs  29m14.9s/30m0s  30.00 iters/s

running (29m15.9s), 01/42 VUs, 52666 complete and 0 interrupted iterations
fapi2_logged_in_high_security   [  98% ] 01/42 VUs  29m15.9s/30m0s  30.00 iters/s

running (29m16.9s), 01/42 VUs, 52696 complete and 0 interrupted iterations
fapi2_logged_in_high_security   [  98% ] 01/42 VUs  29m16.9s/30m0s  30.00 iters/s

running (29m17.9s), 01/42 VUs, 52726 complete and 0 interrupted iterations
fapi2_logged_in_high_security   [  98% ] 01/42 VUs  29m17.9s/30m0s  30.00 iters/s

running (29m18.9s), 01/42 VUs, 52756 complete and 0 interrupted iterations
fapi2_logged_in_high_security   [  98% ] 01/42 VUs  29m18.9s/30m0s  30.00 iters/s

running (29m19.9s), 02/42 VUs, 52785 complete and 0 interrupted iterations
fapi2_logged_in_high_security   [  98% ] 02/42 VUs  29m19.9s/30m0s  30.00 iters/s

running (29m20.9s), 01/42 VUs, 52816 complete and 0 interrupted iterations
fapi2_logged_in_high_security   [  98% ] 01/42 VUs  29m20.9s/30m0s  30.00 iters/s

running (29m21.9s), 02/42 VUs, 52845 complete and 0 interrupted iterations
fapi2_logged_in_high_security   [  98% ] 02/42 VUs  29m21.9s/30m0s  30.00 iters/s

running (29m22.9s), 01/42 VUs, 52876 complete and 0 interrupted iterations
fapi2_logged_in_high_security   [  98% ] 01/42 VUs  29m22.9s/30m0s  30.00 iters/s

running (29m23.9s), 01/42 VUs, 52906 complete and 0 interrupted iterations
fapi2_logged_in_high_security   [  98% ] 01/42 VUs  29m23.9s/30m0s  30.00 iters/s

running (29m24.9s), 01/42 VUs, 52936 complete and 0 interrupted iterations
fapi2_logged_in_high_security   [  98% ] 01/42 VUs  29m24.9s/30m0s  30.00 iters/s

running (29m25.9s), 02/42 VUs, 52965 complete and 0 interrupted iterations
fapi2_logged_in_high_security   [  98% ] 02/42 VUs  29m25.9s/30m0s  30.00 iters/s

running (29m26.9s), 01/42 VUs, 52996 complete and 0 interrupted iterations
fapi2_logged_in_high_security   [  98% ] 01/42 VUs  29m26.9s/30m0s  30.00 iters/s

running (29m27.9s), 01/42 VUs, 53026 complete and 0 interrupted iterations
fapi2_logged_in_high_security   [  98% ] 01/42 VUs  29m27.9s/30m0s  30.00 iters/s

running (29m28.9s), 01/42 VUs, 53056 complete and 0 interrupted iterations
fapi2_logged_in_high_security   [  98% ] 01/42 VUs  29m28.9s/30m0s  30.00 iters/s

running (29m29.9s), 02/42 VUs, 53085 complete and 0 interrupted iterations
fapi2_logged_in_high_security   [  98% ] 02/42 VUs  29m29.9s/30m0s  30.00 iters/s

running (29m30.9s), 01/42 VUs, 53116 complete and 0 interrupted iterations
fapi2_logged_in_high_security   [  98% ] 01/42 VUs  29m30.9s/30m0s  30.00 iters/s

running (29m31.9s), 01/42 VUs, 53146 complete and 0 interrupted iterations
fapi2_logged_in_high_security   [  98% ] 01/42 VUs  29m31.9s/30m0s  30.00 iters/s

running (29m32.9s), 01/42 VUs, 53176 complete and 0 interrupted iterations
fapi2_logged_in_high_security   [  98% ] 01/42 VUs  29m32.9s/30m0s  30.00 iters/s

running (29m33.9s), 01/42 VUs, 53206 complete and 0 interrupted iterations
fapi2_logged_in_high_security   [  99% ] 01/42 VUs  29m33.9s/30m0s  30.00 iters/s

running (29m34.9s), 01/42 VUs, 53236 complete and 0 interrupted iterations
fapi2_logged_in_high_security   [  99% ] 01/42 VUs  29m34.9s/30m0s  30.00 iters/s

running (29m35.9s), 02/42 VUs, 53265 complete and 0 interrupted iterations
fapi2_logged_in_high_security   [  99% ] 02/42 VUs  29m35.9s/30m0s  30.00 iters/s

running (29m36.9s), 01/42 VUs, 53296 complete and 0 interrupted iterations
fapi2_logged_in_high_security   [  99% ] 01/42 VUs  29m36.9s/30m0s  30.00 iters/s

running (29m37.9s), 02/42 VUs, 53325 complete and 0 interrupted iterations
fapi2_logged_in_high_security   [  99% ] 02/42 VUs  29m37.9s/30m0s  30.00 iters/s

running (29m38.9s), 01/42 VUs, 53356 complete and 0 interrupted iterations
fapi2_logged_in_high_security   [  99% ] 01/42 VUs  29m38.9s/30m0s  30.00 iters/s

running (29m39.9s), 01/42 VUs, 53386 complete and 0 interrupted iterations
fapi2_logged_in_high_security   [  99% ] 01/42 VUs  29m39.9s/30m0s  30.00 iters/s

running (29m40.9s), 01/42 VUs, 53416 complete and 0 interrupted iterations
fapi2_logged_in_high_security   [  99% ] 01/42 VUs  29m40.9s/30m0s  30.00 iters/s

running (29m41.9s), 01/42 VUs, 53446 complete and 0 interrupted iterations
fapi2_logged_in_high_security   [  99% ] 01/42 VUs  29m41.9s/30m0s  30.00 iters/s

running (29m42.9s), 07/42 VUs, 53470 complete and 0 interrupted iterations
fapi2_logged_in_high_security   [  99% ] 07/42 VUs  29m42.9s/30m0s  30.00 iters/s

running (29m43.9s), 01/42 VUs, 53506 complete and 0 interrupted iterations
fapi2_logged_in_high_security   [  99% ] 01/42 VUs  29m43.9s/30m0s  30.00 iters/s

running (29m44.9s), 01/42 VUs, 53536 complete and 0 interrupted iterations
fapi2_logged_in_high_security   [  99% ] 01/42 VUs  29m44.9s/30m0s  30.00 iters/s

running (29m45.9s), 01/42 VUs, 53566 complete and 0 interrupted iterations
fapi2_logged_in_high_security   [  99% ] 01/42 VUs  29m45.9s/30m0s  30.00 iters/s

running (29m46.9s), 01/42 VUs, 53596 complete and 0 interrupted iterations
fapi2_logged_in_high_security   [  99% ] 01/42 VUs  29m46.9s/30m0s  30.00 iters/s

running (29m47.9s), 01/42 VUs, 53626 complete and 0 interrupted iterations
fapi2_logged_in_high_security   [  99% ] 01/42 VUs  29m47.9s/30m0s  30.00 iters/s

running (29m48.9s), 01/42 VUs, 53656 complete and 0 interrupted iterations
fapi2_logged_in_high_security   [  99% ] 01/42 VUs  29m48.9s/30m0s  30.00 iters/s

running (29m49.9s), 01/42 VUs, 53686 complete and 0 interrupted iterations
fapi2_logged_in_high_security   [  99% ] 01/42 VUs  29m49.9s/30m0s  30.00 iters/s

running (29m50.9s), 01/42 VUs, 53716 complete and 0 interrupted iterations
fapi2_logged_in_high_security   [  99% ] 01/42 VUs  29m50.9s/30m0s  30.00 iters/s

running (29m51.9s), 01/42 VUs, 53746 complete and 0 interrupted iterations
fapi2_logged_in_high_security   [ 100% ] 01/42 VUs  29m51.9s/30m0s  30.00 iters/s

running (29m52.9s), 01/42 VUs, 53776 complete and 0 interrupted iterations
fapi2_logged_in_high_security   [ 100% ] 01/42 VUs  29m52.9s/30m0s  30.00 iters/s

running (29m53.9s), 01/42 VUs, 53806 complete and 0 interrupted iterations
fapi2_logged_in_high_security   [ 100% ] 01/42 VUs  29m53.9s/30m0s  30.00 iters/s

running (29m54.9s), 01/42 VUs, 53836 complete and 0 interrupted iterations
fapi2_logged_in_high_security   [ 100% ] 01/42 VUs  29m54.9s/30m0s  30.00 iters/s

running (29m55.9s), 01/42 VUs, 53866 complete and 0 interrupted iterations
fapi2_logged_in_high_security   [ 100% ] 01/42 VUs  29m55.9s/30m0s  30.00 iters/s

running (29m56.9s), 01/42 VUs, 53896 complete and 0 interrupted iterations
fapi2_logged_in_high_security   [ 100% ] 01/42 VUs  29m56.9s/30m0s  30.00 iters/s

running (29m57.9s), 01/42 VUs, 53926 complete and 0 interrupted iterations
fapi2_logged_in_high_security   [ 100% ] 01/42 VUs  29m57.9s/30m0s  30.00 iters/s

running (29m58.9s), 01/42 VUs, 53956 complete and 0 interrupted iterations
fapi2_logged_in_high_security   [ 100% ] 01/42 VUs  29m58.9s/30m0s  30.00 iters/s

running (29m59.9s), 01/42 VUs, 53986 complete and 0 interrupted iterations
fapi2_logged_in_high_security   [ 100% ] 01/42 VUs  29m59.9s/30m0s  30.00 iters/s

running (30m00.0s), 00/42 VUs, 53990 complete and 0 interrupted iterations
fapi2_logged_in_high_security ✓ [ 100% ] 00/42 VUs  30m0s  30.00 iters/s
PERF_VECTOR_COUNT=2000 is below the replay-safe minimum; using 49200 flow vectors
cap/fapi2_logged_in_high_security: status=target_miss rps=149.968 p95=28.987ms errors=0.0 db_calls=163574925
