    Finished `test` profile [unoptimized] target(s) in 0.32s
     Running unittests src/lib.rs (target/debug/deps/nazo_auth-05e05a8957989458)

running 176 tests
test admin_clients::service::tests::page_forwards_the_policy_tenant_to_persistence ... ok
test admin_clients::validation::metadata_tests::ciba_and_logout_callback_uri_lengths_share_one_bound ... ok
test admin_clients::validation::metadata_tests::client_metadata_accepts_implemented_jwt_bearer_grant ... ok
test admin_clients::validation::metadata_tests::client_metadata_accepts_refresh_tokens_for_ciba_and_device_grants ... ok
test admin_clients::validation::metadata_tests::client_metadata_rejects_backchannel_logout_uri_with_fragment_or_insecure_host ... ok
test admin_clients::validation::metadata_tests::client_metadata_rejects_frontchannel_logout_uri_with_fragment_or_insecure_host ... ok
test admin_clients::validation::metadata_tests::client_metadata_rejects_non_loopback_http_redirect_uri ... ok
test admin_clients::validation::metadata_tests::client_metadata_rejects_public_client_secret_and_confidential_none ... ok
test admin_clients::validation::metadata_tests::client_metadata_rejects_removed_or_unsafe_grants ... ok
test admin_clients::validation::metadata_tests::client_metadata_rejects_unsupported_auth_and_unsafe_grant_combinations ... ok
test admin_clients::validation::metadata_tests::client_metadata_requires_public_jwks_for_private_key_jwt ... ok
test admin_clients::validation::metadata_tests::client_metadata_requires_refresh_grant_for_offline_access ... ok
test admin_clients::validation::metadata_tests::client_metadata_validates_introspection_jwe_metadata ... ok
test admin_clients::validation::metadata_tests::client_metadata_validates_optional_jwks_for_all_auth_methods ... ok
test admin_clients::validation::metadata_tests::client_metadata_validates_userinfo_and_authorization_response_crypto_metadata ... ok
test admin_clients::validation::metadata_tests::request_object_crypto_metadata_is_a_closed_supported_pair ... ok
test admin_clients::validation::mtls_tests::client_metadata_rejects_duplicate_san_email_bindings ... ok
test admin_clients::validation::mtls_tests::client_metadata_rejects_mtls_auth_for_public_clients ... ok
test admin_clients::validation::mtls_tests::client_metadata_requires_exactly_one_rfc8705_pki_subject_selector ... ok
test admin_clients::validation::mtls_tests::client_metadata_requires_mtls_binding_material ... ok
test admin_clients::validation::mtls_tests::client_metadata_requires_self_signed_mtls_x5c_jwks ... ok
test admin_clients::validation::mtls_tests::client_metadata_validates_mtls_binding_material_shape ... ok
test admin_clients::validation::tests::policy_debug_output_redacts_server_secrets ... ok
test admin_clients::validation::tests::sector_identifier_document_requires_every_redirect ... ok
test admin_clients::validation::tests::sector_identifier_uri_must_have_a_host ... ok
test authorization_policy::tests::authorization_policy_normalizes_oidc_claims_rar_and_jarm ... ok
test authorization_policy::tests::interaction_and_response_failures_are_typed_and_fail_closed ... ok
test authorization_policy::tests::max_age_decision_matches_elapsed_session_age ... ok
test authorization_policy::tests::module_and_profile_failures_preserve_protocol_error_categories ... ok
test authorization_policy::tests::protocol_max_age_zero_accepts_only_completed_fresh_authentication ... ok
test authorization_policy::tests::protocol_max_age_zero_requires_fresh_authentication_without_completion_nonce ... ok
test authorization_policy::tests::response_plan_keeps_plain_and_jarm_outputs_distinct ... ok
test authorization_policy::tests::same_second_fresh_authentication_requires_strictly_later_server_event ... ok
test authorization_policy::tests::session_policy_handles_prompt_none_and_reauthentication_without_transport_state ... ok
test authorization_request::tests::compact_shape_algorithm_key_and_signature_errors_remain_distinct ... ok
test authorization_request::tests::jar_expired_object_never_consumes_replay_state ... ok
test authorization_request::tests::jar_replay_deadline_uses_validated_expiry ... ok
test authorization_request::tests::oidc_signed_request_object_parameters_supersede_outer_duplicates ... ok
test authorization_request::tests::owned_normalizer_reuses_outer_map_without_consuming_it_on_policy_failure ... ok
test authorization_request::tests::par_fapi_policy_requires_confidential_strong_auth_and_sender_constraint ... ok
test authorization_request::tests::registered_request_object_signing_algorithm_is_enforced ... ok
test authorization_request::tests::replay_and_dependency_failures_are_fail_closed_and_keep_error_categories ... ok
test authorization_request::tests::signed_request_object_crypto_defers_time_policy_to_injected_clock ... ok
test authorization_request::tests::signed_request_object_crypto_uses_strict_shared_client_jwk_policy ... ok
test authorization_request::tests::signed_request_object_is_normalized_only_after_all_claim_checks ... ok
test authorization_request::tests::signed_request_object_rejects_conflicts_and_reserved_request_uri ... ok
test authorization_request::tests::signed_request_object_time_window_is_bounded ... ok
test authorization_request::tests::unsigned_request_objects_are_rejected_for_every_client_profile ... ok
test authorization_service::tests::admitted_consent_consumes_its_par_handle_once ... ok
test authorization_service::tests::approved_but_undelivered_keeps_fact_grant_and_consumption_fence ... ok
test authorization_service::tests::arc_trait_object_is_an_authorization_state_store ... ok
test authorization_service::tests::cancellation_before_decision_ack_never_publishes_a_code ... ok
test authorization_service::tests::ciba_request_object_replay_is_delegated_to_the_state_store ... ok
test authorization_service::tests::cleanup_dependency_errors_preserve_the_original_stage_mapping ... ok
test authorization_service::tests::code_expiry_extends_retention_without_extending_admission_expiry ... ok
test authorization_service::tests::competing_decision_kinds_share_one_par_commit ... ok
test authorization_service::tests::concurrent_preparation_disposal_removes_only_the_observed_snapshot ... ok
test authorization_service::tests::consent_cleanup_mismatch_does_not_attempt_par_cleanup ... ok
test authorization_service::tests::consent_replacement_between_load_and_claim_is_preserved ... ok
test authorization_service::tests::corrupt_par_snapshot_between_load_and_disposal_is_preserved ... ok
test authorization_service::tests::decision_kind_requires_matching_code_presence ... ok
test authorization_service::tests::deny_and_prompt_none_share_par_fence_without_incrementing_explicit_grants ... ok
test authorization_service::tests::failed_or_unknown_decision_never_publishes_a_code ... ok
test authorization_service::tests::foreign_user_cannot_consume_an_observed_consent ... ok
test authorization_service::tests::independent_request_fence_is_tenant_scoped_and_expired_input_cannot_commit ... ok
test authorization_service::tests::mismatched_prepared_authorization_is_rejected_before_repository_commit ... ok
test authorization_service::tests::missing_par_preview_retains_consent_for_protocol_redirect ... ok
test authorization_service::tests::owned_request_object_admission_keeps_outer_parameters_on_replay_dependency_failure ... ok
test authorization_service::tests::preview_preserves_longest_material_retention_and_shortest_admission_expiry ... ok
test authorization_service::tests::pushed_request_digest_is_independent_of_hash_map_iteration_order ... ok
test authorization_service::tests::stored_grant_must_cover_every_scope_and_resource ... ok
test authorization_service::tests::successful_commit_binds_exact_prepared_code_before_publication ... ok
test client_assertion::jwk_policy_tests::shared_jwk_policy_rejects_private_material_and_ambiguous_key_ids ... ok
test client_assertion::jwk_policy_tests::shared_rsa_policy_rejects_weak_moduli_and_invalid_exponents ... ok
test client_attestation::tests::client_attestation_window_preserves_inclusive_age_and_future_tolerance ... ok
test client_authentication::tests::all_builtin_methods_are_fixed_and_unknown_methods_fail_closed ... ok
test client_authentication::tests::credential_client_id_must_match_the_resolved_tenant_scoped_client ... ok
test client_authentication::tests::fixed_methods_require_exact_material ... ok
test client_authentication::tests::method_mismatch_and_credential_smuggling_fail_before_adapter_execution ... ok
test client_authentication::tests::presented_credentials_debug_output_redacts_secret_material ... ok
test client_authentication::tests::public_none_is_explicit_and_rejects_hidden_credentials ... ok
test client_authentication::tests::transport_mtls_presentation_preserves_the_registered_self_signed_policy ... ok
test client_registration::tests::baseline_policy_is_explicitly_default_deny ... ok
test client_registration::tests::independent_message_signing_requirements_can_coexist ... ok
test client_registration::tests::pushed_requests_are_independent_of_fapi_client_authentication ... ok
test client_registration::tests::unknown_policy_version_fails_closed ... ok
test device::tests::arc_trait_objects_preserve_the_store_version_type ... ok
test device::tests::stale_approval_claims_are_reclaimable_but_bounded ... ok
test device::tests::state_version_exposes_the_opaque_comparison_token ... ok
test dpop::tests::accepts_an_explicit_alternate_mtls_endpoint_target ... ok
test dpop::tests::arc_trait_object_is_a_dpop_state_store ... ok
test dpop::tests::binding_and_missing_proof_are_enforced ... ok
test dpop::tests::concurrent_replay_consumption_has_exactly_one_winner ... ok
test dpop::tests::constant_time_comparison_preserves_equality_semantics ... ok
test dpop::tests::dpop_explicit_null_or_empty_crit_is_rejected ... ok
test dpop::tests::dpop_future_iat_replay_marker_outlives_acceptance ... ok
test dpop::tests::dpop_http_method_is_case_sensitive ... ok
test dpop::tests::dpop_nonce_ttl_does_not_follow_replay_ttl ... ok
test dpop::tests::dpop_noncritical_extension_remains_accepted ... ok
test dpop::tests::dpop_replay_scope_preserves_exact_method ... ok
test dpop::tests::dpop_unknown_critical_header_is_rejected ... ok
test dpop::tests::enforces_htu_htm_iat_jti_and_ath ... ok
test dpop::tests::htu_ignores_query_and_fragment_but_not_origin ... ok
test dpop::tests::htu_normalizes_claim_and_configured_target_equivalently ... ok
test dpop::tests::nonce_has_256_bits_of_urlsafe_entropy ... ok
test dpop::tests::protected_resource_replay_scope_rejects_same_jti_across_dpop_keys ... ok
test dpop::tests::rejects_oversized_raw_jti_even_when_trimmed_payload_is_short ... ok
test dpop::tests::rejects_private_or_mislabelled_jwk_material ... ok
test dpop::tests::rejects_wrong_type_algorithm_curve_segments_and_signature ... ok
test dpop::tests::required_nonce_is_reusable_while_jti_replay_remains_one_time ... ok
test dpop::tests::state_failures_are_fail_closed_with_compatible_error_categories ... ok
test dpop::tests::verifies_public_jwk_and_protocol_claims ... ok
test dynamic_client_registration::tests::configuration_update_rejects_invalid_shapes_and_public_secrets ... ok
test dynamic_client_registration::tests::configuration_update_rejects_server_fields_and_requires_matching_credentials ... ok
test dynamic_client_registration::tests::default_registration_contract_matches_oidc_code_client_behavior ... ok
test dynamic_client_registration::tests::every_rp_metadata_choice_fails_closed_when_no_server_value_is_supported ... ok
test dynamic_client_registration::tests::external_request_uri_registration_is_validated_and_preserved ... ok
test dynamic_client_registration::tests::private_key_jwt_registration_enables_standard_oidc_token_endpoint_audience ... ok
test dynamic_client_registration::tests::public_and_confidential_code_clients_share_one_registration_path ... ok
test dynamic_client_registration::tests::rp_metadata_choice_lists_reject_empty_values ... ok
test dynamic_client_registration::tests::rp_metadata_choices_select_supported_single_values_and_reject_inconsistency ... ok
test dynamic_client_registration::tests::software_statement_and_response_type_errors_keep_rfc_codes ... ok
test dynamic_client_registration::tests::third_party_initiated_login_uri_requires_https_and_is_preserved ... ok
test extension_grants::tests::actor_claim_requires_same_client_and_rejects_sender_constraint ... ok
test extension_grants::tests::admitted_raw_assertions_and_exchange_tokens_borrow_the_original_buffers ... ok
test extension_grants::tests::dual_subject_binding_and_sender_binding_conversion_fail_closed ... ok
test extension_grants::tests::empty_but_present_grant_tokens_reach_crypto_validation ... ok
test extension_grants::tests::exchange_subject_identity_table_separates_user_and_client ... ok
test extension_grants::tests::jwt_bearer_claims_require_exact_party_audience_time_and_replay_values ... ok
test extension_grants::tests::token_exchange_multi_target_fails_closed_on_any_denied_target ... ok
test extension_grants::tests::token_exchange_type_scope_and_target_policy_is_explicit ... ok
test extension_grants::tests::verified_subject_limits_scope_and_preserves_sender_binding ... ok
test metadata::document::tests::baseline_document_shape_is_locked ... ok
test metadata::document::tests::ciba_metadata_is_complete_and_profile_scoped ... ok
test metadata::document::tests::composable_metadata_advertises_the_union_of_supported_client_policies ... ok
test metadata::document::tests::draining_modules_are_not_advertised_as_accepting_new_transactions ... ok
test metadata::document::tests::external_request_uri_is_advertised_only_with_both_required_modules_on_baseline ... ok
test metadata::document::tests::fapi_external_request_uri_is_not_advertised_and_other_configuration_is_preserved ... ok
test metadata::document::tests::fapi_profiles_publish_only_the_selected_security_contract ... ok
test metadata::document::tests::grant_modules_change_only_the_typed_grant_catalog ... ok
test metadata::document::tests::id_token_metadata_includes_non_primary_eligible_signing_keys ... ok
test metadata::document::tests::jarm_capability_controls_jwt_response_mode ... ok
test metadata::document::tests::native_sso_does_not_emit_nonstandard_discovery_field ... ok
test metadata::document::tests::non_standard_http_signatures_and_scim_do_not_mutate_standard_metadata ... ok
test metadata::document::tests::protected_resource_metadata_uses_the_same_rar_snapshot ... ok
test metadata::document::tests::runtime_module_advertisements_are_table_driven ... ok
test metadata::document::tests::token_management_auth_metadata_projects_its_actual_endpoint_policies ... ok
test oauth_parameters::tests::duplicate_detection_is_limited_to_named_parameters ... ok
test oauth_parameters::tests::json_string_collections_ignore_non_string_members ... ok
test oauth_parameters::tests::scope_and_subset_policy_preserve_oauth_semantics ... ok
test oauth_parameters::tests::token_audience_policy_accepts_string_or_array_only ... ok
test oidc_logout::tests::oidc_pairwise_subject_requires_secret_and_supported_subject_type ... ok
test oidc_logout::tests::oidc_pairwise_subject_uses_explicit_sector_and_redirect_host_fallback ... ok
test oidc_logout::tests::oidc_subject_for_public_client_is_the_user_identifier ... ok
test oidc_logout::tests::pairwise_subject_is_stable_within_sector_and_distinct_across_sectors ... ok
test oidc_logout::tests::redirect_state_is_appended_without_replacing_registered_query ... ok
test oidc_logout::tests::resolve_client_rejects_conflicting_hint_audience ... ok
test rate_limit::tests::arc_trait_object_forwards_to_rate_limit_port ... ok
test resource_indicator::tests::private_parameter_representation_uses_the_same_validation ... ok
test resource_indicator::tests::resource_indicators_require_absolute_unique_fragmentless_uris ... ok
test session_management::tests::issuer_uses_browser_origin_serialization ... ok
test session_management::tests::state_is_bound_to_client_origin_browser_state_and_salt ... ok
test token::tests::authentication_context_accepts_only_the_current_version ... ok
test token::tests::public_unbound_refresh_proofs_are_retained_until_token_expiry ... ok
test token::tests::refresh_authority_keeps_the_immutable_contract_and_generation_sid_separate ... ok
test token_endpoint::tests::client_grant_profile_and_sender_constraint_are_admitted_together ... ok
test token_endpoint::tests::conflicting_client_authentication_material_is_rejected_before_crypto ... ok
test token_endpoint::tests::core_grants_dispatch_to_distinct_typed_requests ... ok
test token_endpoint::tests::every_extension_grant_is_exhaustively_classified_without_parsing_its_state_machine ... ok
test token_endpoint::tests::required_grant_material_fails_closed ... ok
test token_endpoint::tests::sender_constraint_matrix_rejects_missing_mismatched_and_dual_bindings ... ok
test token_service::tests::access_token_cannot_bind_two_sender_constraints ... ok
test token_service::tests::arc_trait_object_is_a_token_state_store ... ok
test token_service::tests::introspection_reports_dpop_only_for_dpop_bound_tokens ... ok
test token_service::tests::token_inspection_builds_exact_rfc7662_documents ... ok
test token_service::tests::token_inspection_preserves_owned_audience_and_confirmation_shapes ... ok

test result: ok. 176 passed; 0 failed; 0 ignored; 0 measured; 0 filtered out; finished in 0.14s

     Running tests/admin_client_types.rs (target/debug/deps/admin_client_types-6ba5864cac80431f)

running 7 tests
test admin_client_ports_and_errors_have_stable_operator_messages ... ok
test admin_create_and_patch_keep_ciba_user_code_disabled_without_stored_state ... ok
test client_patch_applies_optional_registration_metadata_as_one_update ... ok
test client_patch_preserves_pairwise_host_and_rejects_unsafe_transitions ... ok
test prepared_and_created_client_debug_redacts_all_secret_material ... ok
test prepared_write_moves_registration_and_holds_undisclosed_secret ... ok
test supplied_client_secret_is_bounded_and_redacted ... ok

test result: ok. 7 passed; 0 failed; 0 ignored; 0 measured; 0 filtered out; finished in 0.01s

     Running tests/authorization_details.rs (target/debug/deps/authorization_details-5fb4cf891b7e151a)

running 5 tests
test authorization_details_enforce_rar_size_and_cardinality_limits ... ok
test authorization_details_normalization_preserves_only_empty_internal_states ... ok
test authorization_details_require_array_of_supported_typed_objects ... ok
test canonicalization_preserves_the_exact_valid_json_shape ... ok
test high_risk_authorization_details_detect_payments_and_write_actions ... ok

test result: ok. 5 passed; 0 failed; 0 ignored; 0 measured; 0 filtered out; finished in 0.01s

     Running tests/authorization_pkce_policy.rs (target/debug/deps/authorization_pkce_policy-6125c76784aca871)

running 5 tests
test confidential_non_oidc_code_flow_requires_pkce ... ok
test explicit_confidential_oidc_compatibility_policy_may_omit_pkce_and_nonce ... ok
test hardened_profile_requires_pkce_even_for_confidential_oidc_client ... ok
test nonce_does_not_control_explicit_confidential_oidc_compatibility_policy ... ok
test public_client_cannot_replace_pkce_with_oidc_nonce ... ok

test result: ok. 5 passed; 0 failed; 0 ignored; 0 measured; 0 filtered out; finished in 0.01s

     Running tests/ciba_decision_preparation.rs (target/debug/deps/ciba_decision_preparation-4e94909125242fbf)

running 6 tests
test decision_uses_the_earlier_request_or_caller_deadline ... ok
test prepared_ciba_conflict_reloads_poll_timing_but_rejects_changed_authorization ... ok
test prepared_ciba_decision_rechecks_time_and_user_after_preparation ... ok
test prepared_ciba_decision_reuses_validated_snapshot_and_bound_handle ... ok
test prepared_ciba_unknown_write_outcome_stops_without_retrying_or_claiming_commit ... ok
test store_clock_rejects_late_approval_and_denial_before_retention_expires ... ok

test result: ok. 6 passed; 0 failed; 0 ignored; 0 measured; 0 filtered out; finished in 0.00s

     Running tests/ciba_ping_creation.rs (target/debug/deps/ciba_ping_creation-4c1a3501ffbfb2eb)

running 4 tests
test authentication_context_is_bound_on_approval_and_invalid_context_is_rejected ... ok
test decision_deadline_preserves_the_neutral_atomic_contract ... ok
test ping_creation_allows_the_adapter_to_atomically_bind_auth_req_id ... ok
test protocol_ciba_deadline_defaults_refuse_unenforced_authority_without_mutation ... ok

test result: ok. 4 passed; 0 failed; 0 ignored; 0 measured; 0 filtered out; finished in 0.00s

     Running tests/ciba_ping_delivery_policy.rs (target/debug/deps/ciba_ping_delivery_policy-08fd4175cc3f1029)

running 4 tests
test ciba_ping_endpoint_length_is_bounded_consistently ... ok
test ciba_ping_endpoint_requires_an_https_origin_without_ambiguous_authority ... ok
test ciba_ping_retries_are_bounded_and_never_cross_authorization_expiry ... ok
test redirects_and_client_errors_are_terminal_but_server_errors_are_retryable ... ok

test result: ok. 4 passed; 0 failed; 0 ignored; 0 measured; 0 filtered out; finished in 0.00s

     Running tests/ciba_registration_contract.rs (target/debug/deps/ciba_registration_contract-4863f192d314d0a6)

running 4 tests
test ciba_user_code_and_weak_request_signing_are_not_supported ... ok
test omitted_and_false_ciba_user_code_metadata_have_the_same_public_value ... ok
test ping_requires_an_https_notification_endpoint_and_ciba_grant ... ok
test poll_and_ping_are_the_only_registered_delivery_modes ... ok

test result: ok. 4 passed; 0 failed; 0 ignored; 0 measured; 0 filtered out; finished in 0.00s

     Running tests/ciba_state_version.rs (target/debug/deps/ciba_state_version-7967eea815ecb5ce)

running 2 tests
test arc_trait_objects_preserve_the_store_version_type ... ok
test state_version_exposes_only_adapter_comparison_inputs ... ok

test result: ok. 2 passed; 0 failed; 0 ignored; 0 measured; 0 filtered out; finished in 0.01s

     Running tests/claims_contract.rs (target/debug/deps/claims_contract-0d642b708de9f49f)

running 11 tests
test access_token_claims_follow_jwt_profile_for_user_subjects ... ok
test access_token_claims_keep_client_credentials_subject_separate ... ok
test access_token_without_sender_constraints_does_not_emit_cnf ... ok
test authorization_response_jwt_omits_absent_state_and_inapplicable_result ... ok
test authorization_response_jwt_preserves_explicit_empty_state ... ok
test authorization_response_jwt_ttl_is_never_zero_or_negative ... ok
test backchannel_logout_token_claims_follow_oidc_shape_without_nonce ... ok
test backchannel_logout_token_ttl_is_never_zero_or_negative ... ok
test id_token_claims_include_independent_sid_and_protect_reserved_claims ... ok
test id_token_extra_claims_cannot_override_registered_claims ... ok
test token_claim_constructors_are_locked_to_complete_reviewed_shapes ... ok

test result: ok. 11 passed; 0 failed; 0 ignored; 0 measured; 0 filtered out; finished in 0.02s

     Running tests/claims_edge_cases.rs (target/debug/deps/claims_edge_cases-5b3ec923858e6c84)

running 35 tests
test access_token_claims_carries_userinfo_claim_requests ... ok
test access_token_claims_client_credentials_omits_user_id ... ok
test access_token_claims_cnf_is_none_when_both_dpop_and_mtls_are_present ... ok
test access_token_claims_cnf_is_none_when_sender_constraints_are_absent ... ok
test access_token_claims_cnf_with_mtls_x5t_only ... ok
test access_token_claims_empty_audience_is_empty_json_array ... ok
test access_token_claims_empty_authorization_details_is_empty_array ... ok
test access_token_claims_empty_scope_is_empty_string ... ok
test access_token_claims_include_user_id_only_for_public_user_subject ... ok
test access_token_claims_includes_all_required_jwt_fields ... ok
test access_token_claims_multiple_audiences_produces_json_array ... ok
test access_token_claims_scope_is_sorted_alphabetically ... ok
test access_token_claims_single_audience_is_json_string_not_array ... ok
test access_token_claims_zero_ttl_produces_exp_equal_to_iat ... ok
test authorization_response_jwt_exp_floor_is_iat_plus_one ... ok
test authorization_response_jwt_includes_standard_timestamp_and_identifier_claims ... ok
test authorization_response_jwt_with_all_optionals_absent ... ok
test authorization_response_jwt_with_code_and_state ... ok
test authorization_response_jwt_with_code_error_and_state ... ok
test authorization_response_jwt_with_code_only ... ok
test authorization_response_jwt_with_error_and_state ... ok
test authorization_response_jwt_with_error_only ... ok
test authorization_response_jwt_with_state_only ... ok
test backchannel_logout_token_claims_exp_is_at_least_iat_plus_one ... ok
test backchannel_logout_token_claims_full_with_sub_and_sid ... ok
test backchannel_logout_token_claims_includes_openid_events_claim ... ok
test backchannel_logout_token_claims_omits_both_sub_and_sid_when_not_provided ... ok
test backchannel_logout_token_claims_omits_sid_when_not_provided ... ok
test backchannel_logout_token_claims_omits_sub_when_not_provided ... ok
test backchannel_logout_token_claims_standard_fields_are_always_present ... ok
test id_token_claims_extra_claims_null_value_does_not_crash ... ok
test id_token_claims_extra_claims_top_level_non_object_is_ignored ... ok
test id_token_claims_filters_all_reserved_keys_from_extra_claims ... ok
test id_token_claims_includes_all_fields_when_provided ... ok
test id_token_claims_omits_optional_fields_when_not_provided ... ok

test result: ok. 35 passed; 0 failed; 0 ignored; 0 measured; 0 filtered out; finished in 0.00s

     Running tests/client_assertion_core.rs (target/debug/deps/client_assertion_core-d25b5881bf1c2c31)

running 8 tests
test configured_mtls_endpoint_alias_is_only_accepted_for_opted_in_endpoint_audiences ... ok
test endpoint_audiences_and_arrays_follow_exact_client_policy ... ok
test key_selection_rejects_private_mismatched_and_ambiguous_material ... ok
test registered_client_assertion_algorithm_is_enforced_before_key_selection ... ok
test rsa_key_strength_uses_unsigned_bit_length_and_safe_public_exponents ... ok
test time_jti_and_party_failures_are_distinct_and_fail_closed ... ok
test unverified_identity_is_only_a_lookup_hint_with_matching_nonempty_parties ... ok
test valid_assertion_returns_only_replay_and_algorithm_material ... ok

test result: ok. 8 passed; 0 failed; 0 ignored; 0 measured; 0 filtered out; finished in 0.04s

     Running tests/dependency_boundary.rs (target/debug/deps/dependency_boundary-4d5332fcabd0fae5)

running 1 test
test auth_has_no_framework_or_storage_dependencies ... ok

test result: ok. 1 passed; 0 failed; 0 ignored; 0 measured; 0 filtered out; finished in 0.03s

     Running tests/device.rs (target/debug/deps/device-0e3466729148b46a)

running 3 tests
test device_authorization_policy_defaults_resource_and_binds_expiry ... ok
test device_authorization_policy_fails_closed_at_each_admission_boundary ... ok
test device_poll_state_machine_preserves_terminal_and_slow_down_contracts ... ok

test result: ok. 3 passed; 0 failed; 0 ignored; 0 measured; 0 filtered out; finished in 0.00s

     Running tests/dynamic_registration_presentation.rs (target/debug/deps/dynamic_registration_presentation-f945f64cf1612b59)

running 2 tests
test dynamic_registration_preserves_https_presentation_metadata ... ok
test dynamic_registration_rejects_unsafe_presentation_metadata ... ok

test result: ok. 2 passed; 0 failed; 0 ignored; 0 measured; 0 filtered out; finished in 0.00s

     Running tests/logout_registration_defaults.rs (target/debug/deps/logout_registration_defaults-f41512d29057ed75)

running 2 tests
test explicit_logout_session_requirements_are_preserved ... ok
test omitted_logout_session_requirements_follow_openid_connect_false_defaults ... ok

test result: ok. 2 passed; 0 failed; 0 ignored; 0 measured; 0 filtered out; finished in 0.00s

     Running tests/logout_service.rs (target/debug/deps/logout_service-939d7113c02398e2)

running 9 tests
test client_id_only_does_not_fan_out_to_an_ungranted_client ... ok
test current_session_membership_allows_client_id_only_fanout ... ok
test dependency_error_is_closed_and_non_http ... ok
test expired_hint_is_accepted_only_when_bound_to_the_current_session ... ok
test hinted_frontchannel_preserves_only_hinted_client_compatibility ... ok
test logout_batches_session_clients_and_reuses_the_validated_hint ... ok
test no_hint_frontchannel_fans_out_once_and_retry_deduplicates_backchannel ... ok
test unbound_logout_requires_both_user_confirmation_and_csrf_authorization ... ok
test valid_hint_makes_an_ungranted_client_a_bound_fanout_target ... ok

test result: ok. 9 passed; 0 failed; 0 ignored; 0 measured; 0 filtered out; finished in 0.01s

     Running tests/metadata.rs (target/debug/deps/metadata-35271eef199aaf5a)

running 2 tests
test disabled_but_draining_ciba_is_hidden_while_existing_polling_remains_admissible ... ok
test metadata_exposes_only_capabilities_accepting_new_work ... ok

test result: ok. 2 passed; 0 failed; 0 ignored; 0 measured; 0 filtered out; finished in 0.00s

     Running tests/protocol_policy.rs (target/debug/deps/protocol_policy-32fcd9a5ddc1ab5f)

running 6 tests
test baseline_profile_accepts_public_bearer_clients ... ok
test fapi2_profile_preserves_exact_rejection_codes_and_descriptions ... ok
test grant_type_wire_values_are_protocol_stable ... ok
test protocol_error_code_wire_values_are_exhaustive ... ok
test protocol_errors_serialize_exact_oauth_fields ... ok
test sender_thumbprints_accept_only_canonical_sha256_evidence ... ok

test result: ok. 6 passed; 0 failed; 0 ignored; 0 measured; 0 filtered out; finished in 0.00s

     Running tests/signing.rs (target/debug/deps/signing-18ae9743712ef103)

running 1 test
test signer_receives_only_purpose_scoped_signing_material ... ok

test result: ok. 1 passed; 0 failed; 0 ignored; 0 measured; 0 filtered out; finished in 0.00s

     Running tests/token_management.rs (target/debug/deps/token_management-6cdbdf3e874852fa)

running 6 tests
test access_revocation_storage_failure_is_propagated ... ok
test expired_introspection_avoids_storage_but_live_token_fails_closed_on_storage_error ... ok
test ownership_introspection_audience_shapes_keep_membership_and_tenant_boundaries ... ok
test ownership_refresh_introspection_preserves_scope_output ... ok
test unknown_or_foreign_access_uses_raw_refresh_lookup_without_a_jti ... ok
test verified_owned_access_revokes_directly_and_retains_audit_count_and_expiry ... ok

test result: ok. 6 passed; 0 failed; 0 ignored; 0 measured; 0 filtered out; finished in 0.00s

     Running tests/uri_policy.rs (target/debug/deps/uri_policy-1e265b70df3385d8)

running 10 tests
test https_redirect_uris_without_forbidden_parts_are_allowed ... ok
test issuer_requires_https_except_loopback_http ... ok
test issuer_urls_reject_query_fragment_credentials_and_trailing_slash ... ok
test loopback_redirect_matching_ignores_only_port ... ok
test loopback_redirect_matching_varies_only_by_port ... ok
test non_loopback_http_redirect_uris_are_rejected ... ok
test pkce_values_follow_rfc7636_length_and_charset ... ok
test redirect_uri_policy_allows_only_oauth_bcp_exceptions ... ok
test redirect_uri_rejects_credentials_fragments_and_wildcards ... ok
test registered_redirect_resolution_is_framework_independent ... ok

test result: ok. 10 passed; 0 failed; 0 ignored; 0 measured; 0 filtered out; finished in 0.27s

     Running unittests src/lib.rs (target/debug/deps/nazo_crypto-dea5774eb69ecb84)

running 0 tests

test result: ok. 0 passed; 0 failed; 0 ignored; 0 measured; 0 filtered out; finished in 0.00s

     Running tests/contract.rs (target/debug/deps/contract-c835f40b5de5ec6d)

running 19 tests
test aead::aead_ciphertexts_match_existing_layouts ... ok
test certificate::certificate_signatures_and_profiles_interoperate ... ok
test crl_signer_rejects_certificate_private_key_mismatch ... ok
test crypto_errors_are_backend_free ... ok
test ecdh::p256_shared_secret_matches_existing_curve ... ok
test ed25519::ed25519_matches_existing_dalek ... ok
test jose::jws_error_categories_preserve_dpop_semantics ... ok
test jose::jws_matches_existing_implementation ... ok
test jose::jwt_decoding_preserves_claim_policy ... ok
test jose::prepared_key_debug_does_not_leak_private_material ... ok
test jose::prepared_rsa_key_signs_concurrently_across_eight_threads ... ok
test jose::ps256_prepared_signatures_verify_and_randomize ... ok
test jose::rs256_prepared_signatures_are_byte_identical_to_provider ... ok
test jose::rsa_oaep_and_key_wrap_interoperate ... ok
test jose::rsa_prepared_key_rejects_invalid_der_at_construction ... ok
test jose::rsa_sign_path_does_not_reparse_der ... ok
test jose::rsa_signatures_do_not_cross_accept_between_rs256_and_ps256 ... ok
test jose::stored_key_bytes_and_public_projection_are_compatible ... ok
test password::argon2_accepts_stored_phc ... ok

test result: ok. 19 passed; 0 failed; 0 ignored; 0 measured; 0 filtered out; finished in 6.89s

     Running unittests src/lib.rs (target/debug/deps/nazo_digital_credentials-e1b359793591e314)

running 0 tests

test result: ok. 0 passed; 0 failed; 0 ignored; 0 measured; 0 filtered out; finished in 0.00s

     Running tests/domain_contract.rs (target/debug/deps/domain_contract-f1562f36604d30e1)

running 7 tests
test credential_formats_use_final_spec_identifiers ... ok
test dcql_claim_paths_and_sets_are_closed_over_declared_claims ... ok
test dcql_ignores_extensions_at_every_object_level_without_weakening_known_fields ... ok
test dcql_multiple_defaults_to_false_and_accepts_only_booleans ... ok
test dcql_rejects_empty_sets_and_malformed_known_metadata_while_ignoring_extensions ... ok
test dcql_requires_at_least_one_credential_query ... ok
test unsigned_jwt_is_rejected ... ok

test result: ok. 7 passed; 0 failed; 0 ignored; 0 measured; 0 filtered out; finished in 0.02s

     Running tests/issuer_trust_policy.rs (target/debug/deps/issuer_trust_policy-d8ba0fe4411b3117)

running 8 tests
test allowlist_can_fail_closed_and_invalid_certificates_are_untrusted ... ok
test allowlist_keeps_same_host_multi_tenant_explicit ... ok
test default_policy_is_the_san_bound_policy ... ok
test exact_uri_san_can_bind_a_non_dns_issuer_identity ... ok
test issuer_validation_rejects_malformed_or_credential_bearing_urls ... ok
test non_dns_san_types_do_not_bind_an_issuer ... ok
test san_binding_rejects_same_ca_style_cross_issuer_host ... ok
test wildcard_san_does_not_bind_an_issuer ... ok

test result: ok. 8 passed; 0 failed; 0 ignored; 0 measured; 0 filtered out; finished in 0.05s

     Running tests/jwe_contract.rs (target/debug/deps/jwe_contract-a4d3bc841a383c32)

running 6 tests
test deflate_round_trip_is_authenticated_and_bounded ... ok
test ecdh_es_a128gcm_round_trip_matches_oid4vp_default ... ok
test ecdh_es_a256gcm_round_trip_is_authenticated ... ok
test ecdh_es_ephemeral_jwk_rejects_an_explicit_wrong_algorithm ... ok
test ecdh_es_output_matches_compact_jwe_serialization_contract ... ok
test ecdh_es_recipient_jwk_requires_an_exact_algorithm_binding ... ok

test result: ok. 6 passed; 0 failed; 0 ignored; 0 measured; 0 filtered out; finished in 0.03s

     Running tests/revocation_snapshot.rs (target/debug/deps/revocation_snapshot-42ad514e222a877c)

running 17 tests
test check_chain_maps_not_yet_valid_and_structurally_invalid_snapshots ... ok
test freshness_rejects_a_snapshot_that_is_not_yet_valid ... ok
test global_certificate_status_requires_consistent_entries ... ok
test json_snapshot_rejects_duplicate_issuer_certificate_entries ... ok
test optional_policy_allows_unknown_status_but_not_stale_snapshot ... ok
test policy_modes_expose_snapshot_state_and_disabled_policy_fails_open ... ok
test prepared_snapshot_preserves_freshness_boundaries_and_clock_rollback ... ok
test prepared_snapshot_rejects_invalid_public_input ... ok
test reload_publishes_revocation_and_rejects_a_failed_reload_without_overwriting_old_state ... ok
test required_policy_accepts_an_explicit_good_status ... ok
test required_policy_accepts_unknown_certificate_only_for_explicit_scoped_trust ... ok
test required_policy_rejects_a_revoked_certificate ... ok
test required_policy_rejects_an_unknown_issuer_or_certificate ... ok
test required_policy_rejects_mdoc_certificate_revocation_by_global_identity ... ok
test snapshot_validation_rejects_invalid_entries_and_accepts_valid_json ... ok
test snapshot_validation_rejects_unsupported_versions_and_invalid_intervals ... ok
test stale_snapshot_fails_closed_even_when_status_is_good ... ok

test result: ok. 17 passed; 0 failed; 0 ignored; 0 measured; 0 filtered out; finished in 0.05s

     Running unittests src/lib.rs (target/debug/deps/nazo_http_actix-a4b10c66f329561b)

running 119 tests
test authorization_request_object_tests::policy_and_replay_errors_preserve_status_code_and_body ... ok
test authorization_request_object_tests::verification_errors_preserve_existing_oauth_contract ... ok
test cookies::tests::cookie_headers_and_lookup_preserve_values ... ok
test cookies::tests::cookie_max_age_saturates_at_i64_max ... ok
test cookies::tests::cookies_preserve_exact_security_attributes ... ok
test cors::tests::dynamic_origin_predicate_keeps_the_token_endpoint_policy ... ok
test csrf::tests::csrf_error_preserves_status_body_and_cache_headers ... ok
test csrf::tests::csrf_validation_is_required_only_for_existing_sessions ... ok
test csrf::tests::token_comparison_matches_only_equal_bytes ... ok
test dpop::tests::header_parser_distinguishes_absent_blank_and_present_proofs ... ok
test dpop::tests::header_parser_rejects_duplicate_or_non_utf8_proofs ... ok
test dpop::tests::nonce_challenge_preserves_context_specific_status_and_headers ... ok
test dpop::tests::target_uris_ignore_untrusted_request_authority ... ok
test dpop::tests::token_endpoint_errors_preserve_status_headers_content_type_and_body ... ok
test dynamic_client_registration::tests::bearer_credentials_are_closed_to_exact_non_empty_scheme_and_expected_token ... ok
test dynamic_client_registration::tests::client_configuration_read_preserves_authenticated_registration_token ... ok
test dynamic_client_registration::tests::client_configuration_update_preserves_server_managed_security_policy ... ok
test dynamic_client_registration::tests::client_configuration_update_validates_current_server_managed_policy ... ok
test dynamic_client_registration::tests::configured_initial_access_token_applies_baseline_confidential_oidc_policy ... ok
test dynamic_client_registration::tests::configured_initial_access_token_keeps_oauth_only_client_pkce_policy ... ok
test dynamic_client_registration::tests::configured_initial_access_update_preserves_security_policy ... ok
test dynamic_client_registration::tests::configured_public_client_keeps_strict_pkce_policy ... ok
test dynamic_client_registration::tests::configured_token_preserves_oidc_policy ... ok
test dynamic_client_registration::tests::disabled_module_rejects_every_method_before_body_or_credentials ... ok
test dynamic_client_registration::tests::non_configured_initial_access_token_is_rejected_without_dependency_lookup ... ok
test dynamic_client_registration::tests::rate_limit_error_keeps_oauth_code_and_retry_after ... ok
test dynamic_client_registration::tests::registration_access_token_lookup_fails_closed_across_tenants ... ok
test dynamic_client_registration::tests::registration_and_management_methods_keep_wire_contracts ... ok
test dynamic_client_registration::tests::registration_authentication_error_keeps_bearer_and_no_store_contract ... ok
test dynamic_client_registration::tests::trusted_proxy_chain_selects_nearest_untrusted_hop ... ok
test dynamic_client_registration::tests::unknown_initial_access_token_remains_invalid ... ok
test dynamic_client_registration::tests::untrusted_peer_cannot_spoof_forwarded_source_ip ... ok
test extract::tests::access_token_transport_rejects_duplicates_and_signed_form_transport ... ok
test extract::tests::authorization_header_wins_only_when_form_transport_is_absent ... ok
test extract::tests::bearer_and_dpop_authorization_schemes_are_case_insensitive ... ok
test extract::tests::bearer_transport_rejects_blank_first_duplicates_and_mixed_query_without_changing_query_only ... ok
test extract::tests::form_access_token_accepts_one_value_and_content_type_parameters ... ok
test extract::tests::form_access_token_ignores_unrelated_fields ... ok
test extract::tests::form_access_token_rejects_duplicates_and_treats_blank_as_missing ... ok
test extract::tests::form_access_token_requires_post_and_form_content_type ... ok
test extract::tests::form_content_type_is_case_insensitive_and_accepts_parameters ... ok
test extract::tests::query_access_token_is_not_a_supported_transport ... ok
test fapi_resource::tests::bearer_dpop_and_mtls_protocol_errors_keep_exact_http_contracts ... ok
test fapi_resource::tests::duplicate_dpop_header_preserves_invalid_dpop_contract_and_skips_core ... ok
test fapi_resource::tests::fapi_resource_rejects_form_body_access_tokens_without_signature_module ... ok
test fapi_resource::tests::handler_extracts_calls_core_and_preserves_success_contract ... ok
test fapi_resource::tests::malformed_or_duplicate_signature_fields_fail_before_authorization_and_are_signed ... ok
test fapi_resource::tests::missing_token_preserves_bearer_error_and_skips_core ... ok
test fapi_resource::tests::nonce_challenge_and_nonce_dependency_failure_keep_exact_signed_http_contracts ... ok
test fapi_resource::tests::response_signer_failure_returns_an_empty_unsigned_503 ... ok
test fapi_resource::tests::response_signing_preserves_multiple_physical_header_values ... ok
test fapi_resource::tests::signature_enabled_endpoint_rejects_form_body_access_tokens_before_core ... ok
test fapi_resource::tests::signature_verification_failures_preserve_status_and_signed_error_contracts ... ok
test fapi_resource::tests::signed_get_uses_one_authorization_call_and_signs_the_success_response ... ok
test fapi_resource::tests::signed_post_binds_the_received_request_digest ... ok
test local_registration::tests::development_code_is_exposed_only_when_enabled_and_newly_sent ... ok
test local_registration::tests::error_mapping_preserves_status_and_oauth_code ... ok
test local_registration::tests::rate_limit_runs_before_validation_and_preserves_retry_contract ... ok
test local_registration::tests::register_trims_only_code_whitespace_and_returns_public_identity ... ok
test local_registration::tests::route_methods_cors_cache_and_security_headers_remain_exact ... ok
test local_registration::tests::transport_normalizes_email_and_preserves_raw_peer_cooldown_subject ... ok
test local_registration::tests::trusted_proxy_header_controls_rate_limit_but_not_peer_cooldown ... ok
test local_registration::tests::unavailable_rate_limit_fails_closed_before_registration ... ok
test local_registration::tests::untrusted_forwarded_header_cannot_spoof_rate_limit_subject ... ok
test metadata::tests::focused_metadata_routes_preserve_transport_and_snapshot_contracts ... ok
test passkey::tests::login_finish_extracts_security_context_and_sets_only_bound_session_material ... ok
test passkey::tests::login_routes_preserve_post_only_no_cors_surface ... ok
test passkey::tests::missing_profile_session_clears_both_cookies_with_exact_protocol_error ... ok
test passkey::tests::profile_routes_preserve_get_post_delete_options_preflight_contract ... ok
test passkey::tests::profile_routes_preserve_wrong_method_cors_and_security_contract ... ok
test passkey::tests::public_passkey_projection_excludes_tenant_user_and_credential_material ... ok
test passkey::tests::rate_limit_response_preserves_retry_after_and_does_not_call_core ... ok
test passkey::tests::write_rejects_invalid_csrf_before_session_or_core_lookup ... ok
test password_login::tests::form_login_requires_exact_origin_and_redirects_only_to_authorize ... ok
test password_login::tests::json_success_sets_session_and_csrf_together_and_rotates_previous_id ... ok
test password_login::tests::malformed_requests_fail_before_rate_limit_and_authentication ... ok
test password_login::tests::rate_limit_and_authentication_failures_set_no_cookies_and_no_store ... ok
test password_login::tests::route_methods_cors_and_security_headers_are_locked ... ok
test password_login::tests::trusted_proxy_is_honored_but_untrusted_forwarding_is_ignored ... ok
test presenter::tests::forbidden_bytes_never_reach_body_or_challenge ... ok
test presenter::tests::non_ascii_protocol_description_is_replaced ... ok
test presenter::tests::oauth_error_description_allows_only_the_rfc_charset ... ok
test presenter::tests::oauth_error_description_replaces_control_quote_backslash_and_unicode ... ok
test presenter::tests::semantic_json_bearer_and_disabled_keep_their_distinct_header_contracts ... ok
test presenter::tests::semantic_pre_authorized_error_keeps_token_nonce_and_cache_policy ... ok
test presenter::tests::semantic_token_error_preserves_ascii_body_and_basic_challenge ... ok
test presenter::tests::token_error_preserves_cache_and_challenge_contract ... ok
test profile_account::tests::active_me_keeps_exact_profile_shape_without_csrf_token ... ok
test profile_account::tests::missing_session_keeps_login_required_body_and_cookie_clearing ... ok
test profile_account::tests::pending_mfa_me_returns_cookie_csrf_token_and_reduced_profile ... ok
test profile_account::tests::update_and_applications_keep_success_contracts ... ok
test profile_account::tests::update_rejects_missing_csrf_before_calling_operations ... ok
test profile_account::tests::validation_and_dependency_errors_keep_status_and_oauth_codes ... ok
test runtime_modules::tests::event_pagination_rejects_out_of_bounds_before_the_port ... ok
test runtime_modules::tests::list_exposes_only_current_actions_and_disables_caching ... ok
test runtime_modules::tests::module_identifiers_and_event_names_are_exhaustive ... ok
test runtime_modules::tests::patch_changes_only_desired_state_and_returns_pending_revision ... ok
test runtime_modules::tests::patch_checks_csrf_before_session_and_recent_mfa_policy ... ok
test runtime_modules::tests::stale_revision_is_a_non_cacheable_conflict ... ok
test runtime_modules::tests::static_routes_lock_cors_security_method_and_preflight_contracts ... ok
test session::tests::login_required_contract_clears_both_cookies ... ok
test session::tests::logout_deletes_the_cookie_session_and_preserves_response_contract ... ok
test session::tests::logout_fails_closed_at_the_browser_boundary_when_store_is_unavailable ... ok
test session_management::tests::disabled_enabled_and_draining_route_contracts_are_stable ... ok
test session_management::tests::iframe_document_escapes_executable_string_context ... ok
test session_management::tests::status_is_unchanged_only_for_the_bound_live_session ... ok
test session_management::tests::status_rejects_an_origin_not_registered_for_the_client ... ok
test token_management::tests::basic_invalid_client_keeps_challenge_and_oauth_error ... ok
test token_management::tests::expensive_certificate_parsing_happens_after_rate_and_form_rejection ... ok
test token_management::tests::inactive_introspection_is_exact_rfc7662_no_store_json ... ok
test token_management::tests::introspection_route_has_no_browser_cors_and_rejects_get_and_options ... ok
test token_management::tests::rate_limit_runs_before_form_parsing_and_keeps_retry_contract ... ok
test token_management::tests::revocation_route_locks_post_get_options_cors_and_security_contracts ... ok
test token_management::tests::revocation_success_is_empty_and_non_cacheable ... ok
test token_management::tests::signed_introspection_keeps_media_type_and_cache_headers ... ok
test userinfo::tests::error_mapping_preserves_bearer_status_and_code ... ok
test userinfo::tests::json_success_is_no_store_and_returns_next_dpop_nonce ... ok
test userinfo::tests::protected_success_keeps_jwt_media_type_and_cache_headers ... ok
test userinfo::tests::use_dpop_nonce_keeps_challenge_and_nonce_headers ... ok

test result: ok. 119 passed; 0 failed; 0 ignored; 0 measured; 0 filtered out; finished in 0.14s

     Running tests/authorization_decision_transport.rs (target/debug/deps/authorization_decision_transport-b48b282f8c67f4d9)

running 6 tests
test approved_transport_forwards_typed_command_and_preserves_redirect ... ok
test csrf_is_checked_before_decision_operations ... ok
test domain_failures_keep_existing_status_and_oauth_error_contracts ... ok
test form_post_decision_returns_no_store_auto_submit_document ... ok
test invalid_decision_is_rejected_before_session_or_operations ... ok
test missing_session_preserves_login_required_and_cookie_clearing ... ok

test result: ok. 6 passed; 0 failed; 0 ignored; 0 measured; 0 filtered out; finished in 0.01s

     Running tests/client_ip.rs (target/debug/deps/client_ip-b985dcea1a7e347e)

running 9 tests
test cidr_matches_ipv4_and_ipv6 ... ok
test client_ip_configuration_rejects_unknown_modes_and_invalid_cidrs ... ok
test forwarded_header_parser_accepts_ip_literals_with_ports ... ok
test forwarded_header_uses_the_nearest_untrusted_hop ... ok
test forwarded_headers_are_ignored_until_the_socket_peer_is_trusted ... ok
test malformed_proxy_chains_fail_closed_to_the_socket_peer ... ok
test missing_peer_address_is_unknown ... ok
test prefix_zero_cidrs_match_only_their_ip_family ... ok
test x_forwarded_for_uses_the_nearest_untrusted_hop ... ok

test result: ok. 9 passed; 0 failed; 0 ignored; 0 measured; 0 filtered out; finished in 0.02s

     Running tests/forbidden_dependencies.rs (target/debug/deps/forbidden_dependencies-a4abc51e53eea412)

running 1 test
test transport_crate_has_no_infrastructure_or_configuration_dependencies ... ok

test result: ok. 1 passed; 0 failed; 0 ignored; 0 measured; 0 filtered out; finished in 0.00s

     Running tests/form_post_response.rs (target/debug/deps/form_post_response-834c78e768f15566)

running 3 tests
test form_post_csp_serializes_ipv6_redirect_origin_safely ... ok
test form_post_response_does_not_put_protocol_values_in_the_action_uri ... ok
test form_post_response_escapes_values_and_sets_hardening_headers ... ok

test result: ok. 3 passed; 0 failed; 0 ignored; 0 measured; 0 filtered out; finished in 0.00s

     Running tests/mfa_profile_transport.rs (target/debug/deps/mfa_profile_transport-9c98960ad95be406)

running 5 tests
test disabling_only_clears_remembered_device_cookie_when_state_changed ... ok
test malformed_json_and_rate_limit_fail_closed_with_stable_http_contract ... ok
test missing_mfa_challenge_does_not_clear_an_authenticated_session ... ok
test static_mfa_routes_lock_methods_cors_security_headers_and_no_store ... ok
test successful_step_up_rotates_session_and_csrf_as_a_no_store_pair ... ok

test result: ok. 5 passed; 0 failed; 0 ignored; 0 measured; 0 filtered out; finished in 0.01s

     Running tests/oidc_logout_transport.rs (target/debug/deps/oidc_logout_transport-c7899fa8cf18481b)

running 7 tests
test frontchannel_document_escapes_urls_and_redirect_and_clears_cookies ... ok
test get_and_form_post_preserve_parser_cookie_and_no_store_contracts ... ok
test invalid_rp_parameters_are_not_preserved_and_confirmation_errors_do_not_loop ... ok
test malformed_posts_fail_before_operations_and_do_not_clear_retryable_cookies ... ok
test options_remains_unhandled_and_never_invokes_logout_operations ... ok
test unbound_logout_requires_explicit_csrf_bound_confirmation ... ok
test valkey_delete_failure_is_retryable_and_never_clears_cookies ... ok

test result: ok. 7 passed; 0 failed; 0 ignored; 0 measured; 0 filtered out; finished in 0.01s

     Running tests/presenter_contract.rs (target/debug/deps/presenter_contract-244ee2e93b0cf942)

running 11 tests
test authorization_error_is_json_no_store_and_sanitized ... ok
test bearer_challenge_never_serializes_non_ascii_descriptions ... ok
test bearer_error_preserves_and_sanitizes_challenge_fields ... ok
test form_detection_accepts_case_and_parameters_only ... ok
test issued_token_keeps_cache_pragma_and_nonce ... ok
test no_store_and_body_helpers_preserve_transport_shapes ... ok
test oauth_descriptions_preserve_only_rfc_allowed_ascii ... ok
test oauth_error_description_enforces_rfc_allowed_ascii ... ok
test oauth_error_preserves_exact_body_and_existing_cache_contract ... ok
test preauthorized_token_keeps_its_own_json_and_cache_policy ... ok
test redirect_fails_closed_for_invalid_location_header ... ok

test result: ok. 11 passed; 0 failed; 0 ignored; 0 measured; 0 filtered out; finished in 0.15s

     Running tests/scim_transport.rs (target/debug/deps/scim_transport-b5f5647ab0c9ea83)

running 8 tests
test authorization_errors_preserve_scim_documents_and_bearer_challenge ... ok
test authorization_extracts_only_bearer_source_ip_and_user_agent ... ok
test discovery_cached_bodies_keep_per_request_authority_and_current_variants ... ok
test empty_immediate_poll_also_rechecks_current_authority ... ok
test event_poll_rechecks_authority_after_wait_without_replaying_dispositions ... ok
test event_poll_requires_content_language_for_set_error_descriptions ... ok
test event_poll_returns_rfc8936_shape_and_advertises_only_when_deliverable ... ok
test provider_config_handler_preserves_http_contract ... ok

test result: ok. 8 passed; 0 failed; 0 ignored; 0 measured; 0 filtered out; finished in 2.53s

     Running tests/token_client_auth_transport.rs (target/debug/deps/token_client_auth_transport-88c09e3ed487c9f8)

running 6 tests
test assertion_basic_form_mtls_and_public_sources_have_fixed_precedence ... ok
test assertion_fields_and_missing_form_client_mtls_are_preserved_as_facts ... ok
test basic_credentials_are_parsed_once_and_secrets_are_redacted ... ok
test basic_credentials_decode_each_form_urlencoded_component ... ok
test malformed_basic_remains_present_for_challenge_and_conflict_policy ... ok
test malformed_form_encoding_and_utf8_fail_closed_without_source_fallback ... ok

test result: ok. 6 passed; 0 failed; 0 ignored; 0 measured; 0 filtered out; finished in 0.02s

     Running tests/userinfo_transport.rs (target/debug/deps/userinfo_transport-119a2af54f6e0629)

running 2 tests
test invalid_token_precedes_malformed_dpop_and_certificate_extraction ... ok
test missing_and_conflicting_token_transport_keep_exact_bearer_contract ... ok

test result: ok. 2 passed; 0 failed; 0 ignored; 0 measured; 0 filtered out; finished in 0.00s

     Running unittests src/lib.rs (target/debug/deps/nazo_http_signatures-114f3c6c23919f8e)

running 8 tests
test jwk::tests::accepts_supported_public_key_shapes_without_optional_alg ... ok
test jwk::tests::rejects_incompatible_public_key_shapes ... ok
test jwk::tests::rejects_private_material_and_non_verification_metadata ... ok
test jwk::tests::requires_one_unique_kid_and_a_supported_algorithm ... ok
test jwk::tests::rsa_policy_counts_unsigned_modulus_bits ... ok
test jwk::tests::verifies_a_valid_ed25519_signature ... ok
test jwk::tests::verifies_valid_es256_and_rejects_an_invalid_signature ... ok
test jwk::tests::verifies_valid_rsa_and_rejects_an_invalid_signature ... ok

test result: ok. 8 passed; 0 failed; 0 ignored; 0 measured; 0 filtered out; finished in 0.10s

     Running tests/crate_identity.rs (target/debug/deps/crate_identity-56890302704067db)

running 1 test
test crate_identity_and_public_docs_are_protocol_generic ... ok

test result: ok. 1 passed; 0 failed; 0 ignored; 0 measured; 0 filtered out; finished in 0.00s

     Running tests/request.rs (target/debug/deps/request-642c8bece63ae600)

running 22 tests
test accepts_the_profile_algorithm_allowlist ... ok
test content_digest_encodes_sha256_as_a_structured_field_byte_sequence ... ok
test content_digest_semantics_accept_outer_ows_and_additional_digest_members ... ok
test digest_never_panics_for_arbitrary_bodies ... ok
test explicitly_covers_safe_additional_headers_in_caller_order ... ok
test finish_encodes_arbitrary_signature_bytes_as_an_sfv_byte_sequence ... ok
test prepares_the_required_fapi_request_signature_components ... ok
test preserves_custom_method_case_in_the_signature_base ... ok
test rejects_body_and_content_digest_conflict ... ok
test rejects_duplicate_covered_headers ... ok
test rejects_empty_key_id ... ok
test rejects_header_injection ... ok
test rejects_invalid_method ... ok
test rejects_invalid_target_uri ... ok
test rejects_missing_authorization ... ok
test rejects_non_ascii_covered_field_values ... ok
test rejects_reserved_signature_fields_as_additional_components ... ok
test rejects_target_uri_line_injection ... ok
test rejects_target_uri_userinfo ... ok
test rejects_unsupported_algorithm ... ok
test signs_the_parsed_canonical_target_uri ... ok
test strips_outer_whitespace_from_covered_field_values ... ok

test result: ok. 22 passed; 0 failed; 0 ignored; 0 measured; 0 filtered out; finished in 1.05s

     Running tests/response.rs (target/debug/deps/response-86cf1d0777ddb89f)

running 24 tests
test authenticated_context_changes_reconstruct_a_different_base ... ok
test body_with_recomputed_digest_reconstructs_a_different_base ... ok
test borrowed_digest_response_has_identical_wire_base_and_denies_stale_evidence ... ok
test changed_body_with_stale_digest_is_rejected ... ok
test client_preserves_the_received_digest_field_value_in_the_signature_base ... ok
test client_reconstructs_exact_response_signature_base ... ok
test client_rejects_a_digest_dictionary_with_a_non_digest_member ... ok
test client_requires_status_created_tag_and_exact_req_component_parameters ... ok
test covered_request_signature_fields_still_reject_non_ascii_values ... ok
test prepares_response_signature_with_exact_request_linkage ... ok
test request_body_and_recomputed_request_digest_reconstruct_a_different_base ... ok
test request_components_are_never_sourced_from_response_headers ... ok
test request_req_digest_accepts_and_preserves_valid_multi_algorithm_serialization ... ok
test request_req_digest_requires_a_physical_strict_digest_field ... ok
test response_extra_components_round_trip_from_their_exact_contexts ... ok
test response_extra_header_tampering_reconstructs_a_different_base ... ok
test response_signing_accepts_and_preserves_valid_multi_algorithm_digest_serialization ... ok
test response_signing_rejects_invalid_physical_digest_fields ... ok
test response_signing_rejects_reserved_signature_fields_as_explicit_extras ... ok
test response_signing_requires_a_physical_content_digest_for_a_non_empty_body ... ok
test response_verifier_reconstructs_required_components_in_received_order ... ok
test response_verifier_rejects_a_present_reserved_response_signature_extra ... ok
test response_verifier_rejects_unsafe_or_ambiguous_extra_components ... ok
test unrelated_obs_text_headers_do_not_affect_response_signing ... ok

test result: ok. 24 passed; 0 failed; 0 ignored; 0 measured; 0 filtered out; finished in 0.01s

     Running tests/verify_request.rs (target/debug/deps/verify_request-ffa51d701246a872)

running 46 tests
test accepts_an_rfc_9530_digest_dictionary_with_other_algorithms_and_ows ... ok
test accepts_and_reconstructs_a_safe_extra_covered_header ... ok
test accepts_created_at_the_exact_future_skew_boundary ... ok
test accepts_created_at_the_exact_max_age_boundary ... ok
test accepts_expires_at_the_exact_current_time_boundary ... ok
test digest_evidence_preserves_request_checks_and_rejects_body_or_field_substitution ... ok
test extra_header_tampering_reconstructs_a_different_base ... ok
test parses_a_valid_strict_request_signature ... ok
test preserves_custom_method_case_when_reconstructing_the_base ... ok
test reconstructs_a_different_base_for_an_altered_authorization ... ok
test reconstructs_a_different_base_for_an_altered_dpop_proof ... ok
test reconstructs_a_different_base_for_an_altered_method ... ok
test reconstructs_a_different_base_for_an_altered_target_uri ... ok
test reconstructs_required_components_in_received_order ... ok
test rejects_a_duplicate_signature_label ... ok
test rejects_a_duplicate_signature_parameter ... ok
test rejects_a_non_empty_body_without_an_actual_content_digest_header ... ok
test rejects_a_sha_256_digest_member_with_the_wrong_sfv_type ... ok
test rejects_a_sha_256_digest_that_is_not_exactly_32_bytes ... ok
test rejects_an_altered_body_without_a_matching_digest ... ok
test rejects_created_too_far_in_the_future ... ok
test rejects_duplicate_optional_profile_headers_even_when_not_covered ... ok
test rejects_duplicate_raw_sha_256_digest_members ... ok
test rejects_duplicated_covered_components ... ok
test rejects_expires_before_created ... ok
test rejects_expires_one_second_before_current_time ... ok
test rejects_malformed_signature_input_structured_field ... ok
test rejects_malformed_signature_structured_field ... ok
test rejects_mismatched_labels ... ok
test rejects_missing_authorization_coverage ... ok
test rejects_missing_digest_coverage ... ok
test rejects_missing_dpop_coverage ... ok
test rejects_missing_method_coverage ... ok
test rejects_missing_signature_label ... ok
test rejects_missing_target_uri_coverage ... ok
test rejects_multiple_signature_labels ... ok
test rejects_stale_created_time ... ok
test rejects_target_uri_userinfo_and_non_ascii_covered_values ... ok
test rejects_unknown_algorithm ... ok
test rejects_unsafe_or_ambiguous_extra_components ... ok
test rejects_wrong_content_digest ... ok
test rejects_wrong_tag ... ok
test replay_fingerprint_changes_with_authenticated_request_context ... ok
test replay_fingerprint_does_not_depend_on_malleable_signature_bytes ... ok
test verified_input_debug_output_is_fully_redacted ... ok
test verifier_rejects_a_present_reserved_signature_extra ... ok

test result: ok. 46 passed; 0 failed; 0 ignored; 0 measured; 0 filtered out; finished in 0.03s

     Running unittests src/lib.rs (target/debug/deps/nazo_identity-ae08a9c53a706d02)

running 54 tests
test avatar::tests::avatar_reference_rejects_extra_query_or_path_components ... ok
test avatar::tests::content_detection_uses_file_signatures ... ok
test avatar::tests::direct_avatar_read_and_delete_preserve_repository_and_storage_boundaries ... ok
test avatar::tests::direct_shared_candidates_survive_database_cas_miss_and_unknown_outcomes ... ok
test avatar::tests::direct_upload_begin_rejects_invalid_references_and_provider_failures ... ok
test avatar::tests::direct_upload_claim_states_fail_closed_and_release_invalid_pending_claims ... ok
test avatar::tests::direct_upload_fixes_validated_snapshot_before_database_cas ... ok
test avatar::tests::direct_upload_handles_retries_repository_failures_and_overview_failures ... ok
test avatar::tests::direct_upload_recognizes_completed_and_already_recorded_candidates ... ok
test avatar::tests::direct_upload_rejects_empty_declared_length_before_storage_authorization ... ok
test avatar::tests::direct_upload_rejects_oversized_declared_length_before_storage_authorization ... ok
test avatar::tests::direct_upload_releases_pending_claim_after_invalid_staged_bytes ... ok
test avatar::tests::direct_upload_retry_from_another_service_returns_the_selected_candidate ... ok
test avatar::tests::direct_upload_validates_staged_snapshots_and_storage_transitions ... ok
test avatar::tests::final_object_identifier_binds_upload_and_exact_bytes ... ok
test avatar::tests::pending_reads_once_and_keeps_validated_mime_while_candidate_failures_never_publish ... ok
test avatar::tests::pending_validates_and_hashes_once_and_drops_bytes_before_recording ... ok
test federation::tests::browser_binding_digest_is_tenant_scoped_and_canonical_hex ... ok
test federation::tests::every_account_result_passes_active_gate_before_link_audit_or_session_creation ... ok
test federation::tests::legacy_state_deserializes_without_inventing_a_browser_binding ... ok
test mfa_service::tests::disable_reuses_verified_generation_without_consuming_another_factor ... ok
test mfa_service::tests::failed_or_replayed_confirmation_cannot_return_backup_code_secrets ... ok
test mfa_service::tests::required_confirmation_has_no_bare_repository_fallback_or_backup_code_disclosure ... ok
test model::tests::login_identity_debug_never_exposes_password_hash ... ok
test model::tests::password_hash_accepts_argon2_0_5_phc_vector ... ok
test model::tests::password_hash_verifies_candidates_without_exposing_the_verifier ... ok
test passkey::tests::malformed_owned_credential_keeps_the_existing_consistency_failure ... ok
test passkey::tests::owned_credential_value_keeps_existing_webauthn_key_material_and_wire ... ok
test profile::tests::applications_are_loaded_from_the_accounts_tenant ... ok
test profile::tests::profile_text_trims_blanks_and_enforces_byte_limit ... ok
test profile::tests::profile_update_normalizes_only_profile_fields_and_resets_changed_phone_verification ... ok
test profile::tests::profile_url_accepts_only_absolute_http_urls ... ok
test profile::tests::retry_is_idempotent_when_profile_write_succeeds_before_overview_failure ... ok
test registration::tests::denied_email_reservation_releases_peer_and_skips_code_delivery ... ok
test registration::tests::failed_delivery_deletes_code_and_releases_tenant_scoped_reservations ... ok
test registration::tests::failed_email_reservation_releases_peer_and_skips_code_delivery ... ok
test registration::tests::failed_hash_and_uncertain_code_store_release_only_this_attempt ... ok
test registration::tests::registration_scopes_code_load_and_consumption_to_service_tenant ... ok
test registration::tests::successful_send_scopes_code_and_cooldowns_to_service_tenant ... ok
test registration::tests::verification_codes_are_fixed_width_decimal_values ... ok
test session::tests::add_amr_deduplicates_methods_and_preserves_claim_order ... ok
test session::tests::authentication_precision_is_owned_by_the_record_and_legacy_updates_clear_it ... ok
test session::tests::binding_client_fails_closed_for_invalid_or_missing_sessions ... ok
test session::tests::binding_client_rejects_repeated_compare_and_set_conflicts ... ok
test session::tests::binding_clients_is_session_scoped_and_idempotent ... ok
test session::tests::corrupt_session_is_deleted_and_resolves_as_missing ... ok
test session::tests::current_session_exposes_exact_logged_in_clients ... ok
test session::tests::invalid_authentication_metadata_is_deleted_fail_closed ... ok
test session::tests::mfa_resolution_invalidates_inactive_or_corrupt_sessions_but_keeps_dependency_failures ... ok
test session::tests::mfa_resolution_reads_one_snapshot_and_one_account_for_either_session_state ... ok
test session::tests::recent_interactive_mfa_has_one_strict_time_and_factor_policy ... ok
test session::tests::step_up_builds_a_fresh_session_and_csrf_pair_for_atomic_rotation ... ok
test session::tests::unavailable_session_store_is_not_downgraded_to_anonymous ... ok
test tenancy::tests::tenant_host_has_one_canonical_form ... ok

test result: ok. 54 passed; 0 failed; 0 ignored; 0 measured; 0 filtered out; finished in 1.65s

     Running tests/access_request_validation.rs (target/debug/deps/access_request_validation-6ff09ddb1c96372e)

running 3 tests
test access_request_database_boundaries_are_enforced_before_persistence ... ok
test access_request_fields_are_trimmed_and_https_site_is_accepted ... ok
test access_request_rejects_empty_fields_and_unsafe_site_urls ... ok

test result: ok. 3 passed; 0 failed; 0 ignored; 0 measured; 0 filtered out; finished in 0.00s

     Running tests/admin_policy.rs (target/debug/deps/admin_policy-95920492b3b04de1)

running 3 tests
test admin_cannot_elevate_or_demote_disable_self ... ok
test admin_cannot_modify_peer_superior_or_grant_own_level ... ok
test admin_policy_rejects_cross_tenant_and_resolves_safe_update ... ok

test result: ok. 3 passed; 0 failed; 0 ignored; 0 measured; 0 filtered out; finished in 0.00s

     Running tests/dependency_boundary.rs (target/debug/deps/dependency_boundary-26ef1c6445b81703)

running 1 test
test identity_has_no_auth_framework_or_storage_dependencies ... ok

test result: ok. 1 passed; 0 failed; 0 ignored; 0 measured; 0 filtered out; finished in 0.03s

     Running tests/model.rs (target/debug/deps/model-d7a22b0e3a593e09)

running 6 tests
test authentication_context_has_ordered_deduplicated_amr_and_mfa ... ok
test authentication_context_validates_persisted_metadata ... ok
test identity_ids_reject_nil_uuid_during_deserialization ... ok
test identity_ids_reject_nil_uuid_values ... ok
test principal_and_tenant_context_do_not_require_database_rows ... ok
test subject_claims_are_framework_and_storage_independent ... ok

test result: ok. 6 passed; 0 failed; 0 ignored; 0 measured; 0 filtered out; finished in 0.00s

     Running tests/password_authentication.rs (target/debug/deps/password_authentication-6a9c219079c5613e)

running 2 tests
test missing_and_inactive_accounts_share_dummy_verification_and_failure_behavior ... ok
test pending_mfa_login_uses_a_short_session_ttl ... ok

test result: ok. 2 passed; 0 failed; 0 ignored; 0 measured; 0 filtered out; finished in 0.00s

     Running tests/policy.rs (target/debug/deps/policy-0a840967d692cbd2)

running 15 tests
test backup_code_normalization_preserves_strict_display_contract ... ok
test base32_decode_accepts_transport_whitespace_case_and_padding_only ... ok
test email_policy_normalizes_addresses_and_renders_existing_template ... ok
test email_policy_preserves_lettre_address_syntax_contract ... ok
test federation_callback_token_policy_is_exact ... ok
test generated_backup_code_uses_two_fixed_width_numeric_chunks ... ok
test generated_totp_secret_is_base32_without_padding ... ok
test mfa_policy_preserves_totp_and_backup_code_contracts ... ok
test otpauth_uri_keeps_existing_encoding_contract ... ok
test passkey_policy_binds_tenant_user_and_validates_user_input ... ok
test scim_policy_normalizes_identity_filter_payload_and_patch ... ok
test scim_policy_rejects_invalid_email_dot_placement ... ok
test session_policy_validates_metadata_and_preserves_amr_order ... ok
test totp_verification_rejects_replay_and_keeps_one_step_skew ... ok
test totp_verifier_rejects_malformed_code_or_secret_without_fallback ... ok

test result: ok. 15 passed; 0 failed; 0 ignored; 0 measured; 0 filtered out; finished in 0.00s

     Running tests/port_arc_dispatch.rs (target/debug/deps/port_arc_dispatch-d4ab76654b2e204f)

running 7 tests
test authentication_audit_arc_dispatches_complete_event_once ... ok
test delivery_arc_preserves_borrowed_fields_ttl_and_error ... ok
test federation_audit_arc_dispatches_complete_event_once ... ok
test federation_hasher_arc_preserves_generated_value ... ok
test passkey_audit_arc_dispatches_complete_event_once ... ok
test secret_hasher_arc_dispatches_both_operations_without_changing_results ... ok
test secret_verifier_arc_preserves_arguments_and_busy_error ... ok

test result: ok. 7 passed; 0 failed; 0 ignored; 0 measured; 0 filtered out; finished in 0.00s

     Running tests/repository_ports.rs (target/debug/deps/repository_ports-d6880d98b7f79f64)

running 9 tests
test avatar_direct_upload_contract_keeps_storage_details_opaque ... ok
test avatar_storage_errors_are_descriptive_without_exposing_unrelated_state ... ok
test avatar_upload_claim_preserves_the_fixed_candidate_across_a_retry ... ok
test fake_user_repository_is_a_minimal_test_substitute ... ok
test fake_user_repository_round_trips_principals_and_subject_claims ... ok
test identity_port_errors_and_secret_wrappers_preserve_safe_messages ... ok
test public_account_is_composed_from_domain_concepts_not_a_flat_database_row ... ok
test public_identity_api_has_no_catch_all_identity_user ... ok
test totp_key_ring_requires_distinct_non_empty_versioned_keys ... ok

test result: ok. 9 passed; 0 failed; 0 ignored; 0 measured; 0 filtered out; finished in 0.00s

     Running tests/scim_core.rs (target/debug/deps/scim_core-6eef9c9d047238d5)

running 10 tests
test cursor_core_binds_tenant_actor_filter_count_and_lifetime ... ok
test cursor_envelope_rejects_noncanonical_and_malformed_inputs ... ok
test documents_preserve_public_wire_shape_and_hide_internal_identity_state ... ok
test filter_and_identity_normalization_are_case_stable ... ok
test list_query_parser_preserves_wire_names_and_exact_error_types ... ok
test malformed_cursor_plaintext_is_rejected_without_panicking ... ok
test pagination_is_total_and_bounded_across_boundary_values ... ok
test patch_schema_and_operations_preserve_scim_error_semantics ... ok
test repository_failures_delete_outcomes_and_scopes_are_typed ... ok
test scim_json_models_deserialize_post_and_patch_inputs_without_extra_dtos ... ok

test result: ok. 10 passed; 0 failed; 0 ignored; 0 measured; 0 filtered out; finished in 0.00s

     Running tests/scim_service.rs (target/debug/deps/scim_service-2d9c3f1ceb12bc01)

running 3 tests
test credential_lookup_is_delegated_to_the_credential_port ... ok
test get_post_put_patch_and_delete_use_the_single_scim_repository_boundary ... ok
test list_users_builds_a_tenant_scoped_repository_query ... ok

test result: ok. 3 passed; 0 failed; 0 ignored; 0 measured; 0 filtered out; finished in 0.00s

     Running unittests src/lib.rs (target/debug/deps/nazo_key_management-df22889049bcd268)

running 87 tests
test client_registration::tests::algorithm_specific_signing_key_selection_requires_matching_public_material ... ok
test client_registration::tests::client_jwks_accept_supported_ecdh_encryption_keys ... ok
test client_registration::tests::client_jwks_accepts_optional_key_ids_but_rejects_duplicate_values ... ok
test client_registration::tests::client_jwks_reject_private_key_material ... ok
test client_registration::tests::client_jwks_reject_symmetric_jwe_keys ... ok
test client_registration::tests::client_jwks_reject_unsupported_ecdh_key_wrap_width ... ok
test client_registration::tests::client_secret_digest_preserves_persisted_v1_format ... ok
test client_registration::tests::policy_validation_crypto_has_no_keyset_and_exposes_compiled_algorithms ... ok
test client_registration::tests::rfc4514_distinguished_names_are_parsed_and_compared_canonically ... ok
test database::tests::active_database_external_key_signs_only_with_a_matching_public_signature ... ok
test database::tests::bounded_cas_exhaustion_is_typed_and_retry_converges_at_existing_owner ... ok
test database::tests::database_jwt_encoding_rejects_mismatched_kid_and_unsupported_algorithm ... ok
test database::tests::database_rotation_selects_the_oldest_local_candidate_and_ignores_external_candidates ... ok
test database::tests::decrypt_payload_rejects_invalid_revision_ciphertext_and_projection ... ok
test database::tests::external_registration_rejects_unusable_verification_material_without_persisting ... ok
test database::tests::load_payload_handles_external_keys_with_and_without_a_signer_capability ... ok
test database::tests::load_payload_rejects_tampered_local_and_generation_metadata ... ok
test database::tests::local_private_key_export_requires_a_local_database_key ... ok
test database::tests::maintain_payload_prepublishes_rotates_and_repairs_protocol_keys ... ok
test database::tests::openid4vc_public_projection_redacts_iaca_and_reload_rebases_observation ... ok
test database::tests::openid4vc_revision_conflict_does_not_publish_material ... ok
test database::tests::openid4vc_revoked_active_leaf_cannot_prepare_signing ... ok
test database::tests::openid4vc_wrong_leaf_is_rejected_before_cas ... ok
test database::tests::records_report_each_persisted_key_lifecycle_state ... ok
test database::tests::registration_validation_rejects_ambiguous_or_unsafe_inputs ... ok
test external::tests::external_public_jwk_policy_is_algorithm_and_usage_bound ... ok
test external::tests::external_signature_verification_accepts_signature_bound_to_active_public_jwk ... ok
test external::tests::external_signature_verification_rejects_signature_that_does_not_match_input ... ok
test external::tests::external_signer_output_is_verified_against_exact_message ... ok
test jwks::tests::jwks_never_publishes_private_members ... ok
test key_repository_tests::database_diagnostics_leave_due_old_wrapping_generation_unchanged_and_reject_tampering ... ok
test key_repository_tests::database_diagnostics_reject_invalid_creation_times_without_writing ... ok
test key_repository_tests::database_diagnostics_reject_missing_keys_without_initializing_them ... ok
test key_repository_tests::database_registration_converges_and_survives_restart_without_files ... ok
test key_repository_tests::database_startup_maintains_an_overdue_keyset_before_it_is_ready ... ok
test key_repository_tests::database_update_retries_compare_and_swap_conflicts_before_applying ... ok
test key_repository_tests::database_update_stops_after_the_cas_conflict_budget ... ok
test key_repository_tests::encrypted_generation_rejects_swapped_public_metadata ... ok
test key_repository_tests::encrypted_key_material_is_bound_to_its_tenant_and_purpose ... ok
test key_repository_tests::expired_database_key_remains_encrypted_but_is_not_advertised_or_verifiable ... ok
test key_repository_tests::refresh_reseals_an_old_generation_before_previous_wrapping_key_is_removed ... ok
test key_repository_tests::two_managers_share_database_keyset_without_writing_key_files ... ok
test key_repository_tests::wrapping_key_ring_rejects_invalid_ids_and_malformed_material ... ok
test lifecycle::tests::database_refresh_failure_keeps_last_generation_and_recovers ... ok
test model::tests::captured_jwks_uses_the_same_retirement_boundary_as_its_cache_deadline ... ok
test model::tests::captured_snapshot_stops_exposing_a_key_after_its_retirement_deadline ... ok
test model::tests::database_rotation_retains_old_public_key_for_grace_and_snapshot_bounds ... ok
test model::tests::expired_database_generation_fails_closed_while_lifecycle_flag_is_still_healthy ... ok
test model::tests::expired_http_lease_cannot_use_old_generation_after_newer_generation_is_current ... ok
test model::tests::external_purpose_key_is_not_selected_as_a_local_signer ... ok
test model::tests::external_signatures_use_the_selected_generation_prepared_public_key ... ok
test model::tests::external_signing_failure_is_returned_without_successful_signature ... ok
test model::tests::grace_key_verifies_but_does_not_sign ... ok
test model::tests::http_signing_lease_fails_closed_when_identity_does_not_match_generation ... ok
test model::tests::http_signing_lease_keeps_label_and_key_on_one_generation_during_rotation ... ok
test model::tests::http_signing_rejects_wrong_purpose_grace_and_retired_keys ... ok
test model::tests::id_token_key_rejects_http_message_signing ... ok
test model::tests::jwt_encoding_preserves_compact_wire_bytes ... ok
test model::tests::jwt_encoding_rejects_grace_and_retired_keys ... ok
test model::tests::key_record_status_has_stable_operator_labels ... ok
test model::tests::metadata_snapshot_does_not_advertise_jarm_only_keys_for_id_tokens ... ok
test model::tests::openid4vc_lease_pins_material_and_restricts_signing_purposes ... ok
test model::tests::openid4vc_lease_requires_healthy_complete_matching_material ... ok
test model::tests::openid4vc_material_conversion_and_parsers_enforce_the_persisted_shape ... ok
test model::tests::openid4vc_public_projection_and_revocation_index_are_shared_per_generation ... ok
test model::tests::prepared_verification_accepts_only_absent_or_verify_only_key_ops ... ok
test model::tests::prepared_verification_rejects_invalid_p256_public_points ... ok
test model::tests::retired_key_neither_verifies_nor_signs ... ok
test model::tests::signer_rejects_active_key_with_wrong_purpose ... ok
test model::tests::snapshot_publication_rejects_a_managed_key_whose_jwk_cannot_verify ... ok
test purpose_scoped_keys_tests::overlapping_purpose_scoped_keys_are_rejected ... ok
test purpose_scoped_keys_tests::purpose_scoped_key_signs_only_declared_openid4vc_purposes ... ok
test purpose_scoped_keys_tests::purpose_scoped_registration_rejects_oidc_signing_purposes ... ok
test request_object_encryption::tests::dedicated_request_object_key_decrypts_authenticated_nested_jwt ... ok
test request_object_encryption::tests::request_object_decryption_rejects_invalid_encrypted_key_before_aead ... ok
test request_object_encryption::tests::request_object_decryption_rejects_tampered_ciphertext ... ok
test request_object_encryption::tests::request_object_decryption_uses_the_current_generation_recipient_key ... ok
test token::tests::access_token_header_and_signature_keep_one_generation_during_rotation ... ok
test token::tests::decode_rejects_a_header_algorithm_outside_the_keys_prepared_algorithm ... ok
test token::tests::id_token_and_introspection_keep_default_and_registered_keys_during_rotation ... ok
test token::tests::introspection_response_uses_registered_algorithm ... ok
test token::tests::logout_hint_malformed_claims_and_kid_match_original_decoder ... ok
test token::tests::logout_hint_prepared_key_preserves_signature_issuer_type_and_expired_policy ... ok
test token::tests::logout_hint_prepared_key_still_observes_retirement_and_algorithm ... ok
test token::tests::logout_hint_supported_algorithms_match_original_claim_and_expiry_semantics ... ok
test token::tests::ownership_introspection_envelope_preserves_fixed_time_payload_bytes ... ok
test token::tests::ownership_signed_introspection_payload_matches_original_bytes_and_algorithm ... ok

test result: ok. 87 passed; 0 failed; 0 ignored; 0 measured; 0 filtered out; finished in 46.09s

     Running tests/mtls_trust.rs (target/debug/deps/mtls_trust-18f379f41fdf974f)

running 3 tests
test accepts_current_strong_ca_and_canonicalizes_pem ... ok
test rejects_leaf_and_ca_without_key_cert_sign ... ok
test rejects_multiple_certificates_and_oversized_input ... ok

test result: ok. 3 passed; 0 failed; 0 ignored; 0 measured; 0 filtered out; finished in 0.04s

     Running unittests src/lib.rs (target/debug/deps/nazo_oauth_server-1fed0f0a5b9156a6)

running 370 tests
test authorization::consent::tests::consent_payload_is_bound_to_current_user ... ok
test authorization::consent::tests::matching_consent_payload_user_is_preserved_for_response_building ... ok
test authorization::consent::tests::missing_or_malformed_consent_state_has_original_error ... ok
test authorization::jar::tests::encrypted_jar_without_outer_client_id_survives_par_preparation ... ok
test authorization::jar::tests::policy_and_replay_errors_preserve_status_code_and_body ... ok
test authorization::jar::tests::prepared_encrypted_jar_still_requires_registered_algorithms_signature_and_claims ... ok
test authorization::jar::tests::protocol_jar_login_preserves_signed_envelope_and_consumes_replay_only_on_continuation ... ok
test authorization::jar::tests::protocol_par_invalid_signed_scope_does_not_consume_request_object_replay ... ok
test authorization::jar::tests::verification_errors_preserve_existing_oauth_contract ... ok
test authorization::presentation::tests::append_query_preserves_invalid_base_and_skips_empty_values ... ok
test authorization::presentation::tests::framework_boundary_transport_views_query_projection_semantics ... ok
test authorization::presentation::tests::inactive_client_is_not_found_and_active_client_exposes_only_display_metadata ... ok
test authorization::request::parameters::tests::claim_request_names_preserve_normalized_order ... ok
test authorization::request::parameters::tests::duplicate_parameter_policy_covers_authorization_inputs_and_internal_reauth_nonce ... ok
test authorization::request::parameters::tests::login_query_preserves_the_original_par_reference ... ok
test authorization::request::parameters::tests::login_url_encodes_next_request_and_optional_reauth_nonce ... ok
test authorization::request::parameters::tests::login_url_keeps_the_exact_single_parameter_encoding_contract ... ok
test authorization::request::parameters::tests::outer_request_uri_parameters_must_match_pushed_values ... ok
test authorization::request::parameters::tests::verified_dpop_binding_is_added_only_when_the_request_did_not_supply_one ... ok
test authorization::request::prompt_none::tests::competing_prompt_none_requests_with_one_par_snapshot_write_one_code ... ok
test authorization::request::prompt_none::tests::prompt_none_binding_conflict_reloads_and_preserves_another_rp ... ok
test authorization::request::prompt_none::tests::prompt_none_cleanup_failure_preserves_success_and_durable_replay_fence ... ok
test authorization::request::prompt_none::tests::prompt_none_commit_preserves_original_expiry_and_changed_cleanup_snapshot ... ok
test authorization::request::prompt_none::tests::prompt_none_logout_between_resolution_and_binding_prevents_code_response_and_session_revival ... ok
test authorization::request::prompt_none::tests::prompt_none_non_oidc_authorization_does_not_read_or_bind_the_browser_session ... ok
test authorization::request::prompt_none::tests::prompt_none_oidc_without_session_id_does_not_return_a_code ... ok
test authorization::request::prompt_none::tests::prompt_none_preserves_original_private_payload_claims_when_storing_code ... ok
test authorization::request::prompt_none::tests::prompt_none_rejected_commit_never_writes_a_code_or_binds_a_session ... ok
test authorization::request::prompt_none::tests::prompt_none_required_audit_failure_prevents_decision_code_and_session_mutation ... ok
test authorization::request::prompt_none::tests::prompt_none_session_binding_failure_never_returns_a_code_or_compensates_the_decision ... ok
test authorization::request::prompt_none::tests::prompt_none_success_binds_rp_in_persisted_session_after_durable_decision ... ok
test authorization::request::prompt_none::tests::stored_grant_covers_prompt_none_request_when_scope_is_subset ... ok
test authorization::request::prompt_none::tests::stored_grant_does_not_cover_new_or_malformed_scope_sets ... ok
test authorization::request::prompt_none::tests::stored_grant_does_not_cover_new_resource_indicators ... ok
test authorization::request::prompt_none::tests::stored_grant_never_silently_reuses_high_risk_authorization_details ... ok
test authorization::request::prompt_none::tests::stored_grant_requires_exact_authorization_details_binding ... ok
test authorization::request::prompt_none::tests::stored_grant_treats_empty_requested_authorization_details_as_already_covered ... ok
test authorization::request::response::tests::authorization_response_crypto_failure_never_falls_back_to_plain_query ... ok
test authorization::request::response::tests::authorization_response_policy_lookup_failure_never_emits_redirect_parameters ... ok
test authorization::request::response::tests::authorization_response_redirect_emits_signed_jarm_response ... ok
test authorization::request::response::tests::authorization_response_redirect_jarm_profile_signs_without_response_mode ... ok
test authorization::request::response::tests::authorization_response_redirect_signs_then_encrypts_jarm_for_client_policy ... ok
test authorization::request::response::tests::signed_response_with_precomputed_policy_still_requires_an_authoritative_client ... ok
test authorization::request::tests::attested_clients_enforce_their_pushed_request_policy_before_login ... ok
test authorization::request::tests::authorization_login_url_marks_reauthentication_start_once ... ok
test authorization::request::tests::authorization_nonce_length_check_allows_long_state_but_rejects_long_nonce ... ok
test authorization::request::tests::authorization_pkce_compatibility_keeps_oidc_nonce_optional ... ok
test authorization::request::tests::authorization_policy_enforces_runtime_modules_and_extracts_credential_ids ... ok
test authorization::request::tests::authorization_request_pkce_policy_preserves_effective_profile_boundary ... ok
test authorization::request::tests::authorization_response_jwt_redirect_uses_only_response_parameter ... ok
test authorization::request::tests::authorization_response_jwt_signing_failure_does_not_fallback_to_query ... ok
test authorization::request::tests::authorization_response_query_omits_absent_state_and_inapplicable_result ... ok
test authorization::request::tests::authorization_response_query_preserves_explicit_empty_state ... ok
test authorization::request::tests::authorize_requires_outer_client_id_before_jar_or_par_lookup ... ok
test authorization::request::tests::claims_parameter_accepts_value_values_and_null_requests ... ok
test authorization::request::tests::claims_parameter_extracts_supported_user_claim_names ... ok
test authorization::request::tests::claims_parameter_preserves_requested_acr_values ... ok
test authorization::request::tests::malformed_claims_parameter_is_invalid ... ok
test authorization::request::tests::max_age_zero_and_prompt_directives_require_reauthentication ... ok
test authorization::request::tests::preserve_verified_dpop_binding_adds_missing_authorization_parameter ... ok
test authorization::request::tests::preserve_verified_dpop_binding_keeps_explicit_authorization_parameter ... ok
test authorization::request::tests::prompt_parsing_accepts_oidc_values_and_rejects_invalid_combinations ... ok
test authorization::request::tests::protocol_max_age_zero_application_uses_existing_one_use_reauthentication_nonce ... ok
test authorization::request::tests::protocol_same_second_old_session_cannot_complete_reauthentication ... ok
test authorization::request::tests::reauth_nonce_consume_failure_removes_untrusted_nonce ... ok
test authorization::request::tests::reauth_nonce_is_single_use_authorization_state ... ok
test authorization::request::tests::reauth_nonce_store_failure_returns_server_error ... ok
test authorization::request::tests::request_object_jwks_failure_is_server_error_without_using_persisted_fallback ... ok
test authorization::request::tests::request_uri_allows_outer_parameters_only_when_equal_to_pushed_values ... ok
test authorization::request::tests::requested_acr_ignores_unsupported_request_values ... ok
test authorization::request::tests::requested_acr_selects_supported_request_value ... ok
test authorization::request::tests::unverified_request_object_routing_extracts_only_parseable_signed_payloads ... ok
test contracts::token_client_auth::tests::credential_view_borrows_secret_and_keeps_source_precedence ... ok
test domain::client_jwe::tests::client_jwe_encrypts_with_supported_ecdh_key_management_algorithms ... ok
test domain::client_jwe::tests::client_jwe_key_rejects_ambiguous_matching_keys ... ok
test domain::client_jwe::tests::client_jwe_key_rejects_unsupported_ecdh_and_symmetric_algorithms ... ok
test domain::client_jwe::tests::ownership_introspection_signs_then_encrypts_without_changing_inner_jwt ... ok
test domain::client_policy::oauth_client_jwks_tests::client_jwks_accepts_encryption_keys_for_introspection_jwe ... ok
test domain::client_policy::oauth_client_jwks_tests::client_jwks_accepts_supported_public_key_algorithms ... ok
test domain::client_policy::oauth_client_jwks_tests::client_jwks_allows_one_unidentified_key_class_but_rejects_empty_or_duplicate_kids ... ok
test domain::client_policy::oauth_client_jwks_tests::client_jwks_rejects_algorithm_key_type_mismatch ... ok
test domain::client_policy::oauth_client_jwks_tests::client_jwks_rejects_encryption_algorithm_key_type_mismatch ... ok
test domain::client_policy::oauth_client_jwks_tests::client_jwks_rejects_private_key_material ... ok
test domain::client_policy::oauth_client_jwks_tests::client_jwks_requires_declared_algorithm ... ok
test domain::client_policy::oauth_client_jwks_tests::encrypted_response_refresh_is_noop_without_policy_and_uses_remote_keys_with_policy ... ok
test domain::client_policy::oauth_client_jwks_tests::refresh_client_jwks_does_not_replace_snapshot_when_resolution_fails ... ok
test domain::client_policy::oauth_client_jwks_tests::refresh_client_jwks_uses_registered_uri_and_preserves_snapshot_without_one ... ok
test domain::client_policy::oauth_client_jwks_tests::response_encryption_refresh_does_not_fetch_when_the_selected_response_is_plain ... ok
test domain::client_policy::oauth_client_jwks_tests::self_signed_mtls_jwks_requires_a_current_parseable_x5c_certificate ... ok
test domain::oauth::tests::authorization_code_state_survives_lua_empty_array_roundtrip_shape ... ok
test domain::oauth::tests::code_payload_defaults_missing_authorization_details_to_empty_array ... ok
test domain::oauth::tests::code_payload_normalizes_empty_internal_authorization_details_states ... ok
test domain::oauth::tests::code_payload_rejects_non_array_authorization_details ... ok
test domain::oidc_claims::tests::id_token_claim_values_filter_output_and_allow_matching_contact_claims ... ok
test domain::oidc_claims::tests::id_token_user_claims_do_not_expose_email_scope_claims ... ok
test domain::oidc_claims::tests::prompt_none_claims_require_their_authorizing_scope ... ok
test domain::oidc_claims::tests::requested_contact_claims_allow_explicit_contact_claims_without_contact_scopes ... ok
test domain::oidc_claims::tests::requested_userinfo_claim_values_filter_output_even_without_matching_scope ... ok
test domain::oidc_claims::tests::requested_userinfo_claims_allow_explicit_profile_claims_without_profile_scope ... ok
test domain::oidc_claims::tests::userinfo_claims_follow_authorized_scopes ... ok
test domain::oidc_claims::tests::userinfo_claims_omit_unrequested_profile_and_email ... ok
test domain::oidc_logout::orchestration_tests::id_token_hint_expires_at_the_exact_exp_boundary ... ok
test domain::oidc_logout::orchestration_tests::postgres_outbox_failure_never_deletes_the_valkey_session ... ok
test domain::oidc_logout::orchestration_tests::valkey_failure_keeps_the_committed_operation_retryable ... ok
test domain::openid4vc::client_attestation::tests::client_attestation_configuration_and_unverified_subject_are_strict ... ok
test domain::openid4vc::client_attestation::tests::client_attestation_draft_07_accepts_optional_time_claims_and_binds_instance_key ... ok
test domain::openid4vc::client_attestation::tests::client_attestation_one_second_node_difference_does_not_change_owner_window ... ok
test domain::openid4vc::client_attestation::tests::client_attestation_rejects_header_key_claim_and_replay_contract_violations ... ok
test domain::openid4vc::client_attestation::tests::client_attestation_rejects_private_instance_key_material ... ok
test domain::openid4vc::client_attestation::tests::client_attestation_replay_marker_outlives_every_accepted_iat_second ... ok
test domain::openid4vc::client_attestation::tests::client_attestation_validate_for_client_uses_static_trust_when_client_is_unbound ... ok
test domain::openid4vc::credential_crypto::tests::certificate_chain_at_checks_leaf_intermediates_anchor_and_time ... ok
test domain::openid4vc::credential_crypto::tests::certificate_client_ids_bind_to_hash_and_dns_san ... ok
test domain::openid4vc::credential_crypto::tests::constructor_fails_closed_without_managed_material ... ok
test domain::openid4vc::credential_crypto::tests::current_revocation_policy_preserves_optional_and_required_snapshots ... ok
test domain::openid4vc::credential_crypto::tests::expired_scoped_anchor_with_valid_global_path_cannot_exempt_required_unknown_status ... ok
test domain::openid4vc::credential_crypto::tests::mdoc_assessment_and_holder_helpers_fail_closed ... ok
test domain::openid4vc::credential_crypto::tests::mdoc_direct_scoped_trust_anchor_is_exact_self_signed_and_lease_scoped ... ok
test domain::openid4vc::credential_crypto::tests::mdoc_mdl_binary_elements_require_base64url_and_encode_as_bstr ... ok
test domain::openid4vc::credential_crypto::tests::mdoc_required_unknown_status_uses_authenticated_anchor_not_loaded_scope ... ok
test domain::openid4vc::credential_crypto::tests::mdoc_signing_covers_holder_and_namespace_encoding_errors ... ok
test domain::openid4vc::credential_crypto::tests::mdoc_signing_requires_the_issuing_country_from_the_leaf_certificate ... ok
test domain::openid4vc::credential_crypto::tests::mdoc_signing_skips_mdl_country_validation_for_other_document_types ... ok
test domain::openid4vc::credential_crypto::tests::mdoc_verification_accepts_signed_device_response_and_extracts_claims ... ok
test domain::openid4vc::credential_crypto::tests::mdoc_verification_rejects_missing_transcript_bad_cbor_and_bad_anchors ... ok
test domain::openid4vc::credential_crypto::tests::mdoc_verification_rejects_signing_before_certificate_validity ... ok
test domain::openid4vc::credential_crypto::tests::request_and_metadata_signing_emit_required_jose_headers ... ok
test domain::openid4vc::credential_crypto::tests::request_and_metadata_signing_map_key_failures_to_errors ... ok
test domain::openid4vc::credential_crypto::tests::scoped_trust_anchors_require_a_bounded_unique_current_ca_set ... ok
test domain::openid4vc::credential_crypto::tests::sd_jwt_chain_and_combined_anchor_validation_fail_closed ... ok
test domain::openid4vc::credential_crypto::tests::sd_jwt_key_binding_requires_type_and_matches_disclosure_hash ... ok
test domain::openid4vc::credential_crypto::tests::sd_jwt_projects_aki_only_from_its_authenticated_issuer_chain ... ok
test domain::openid4vc::credential_crypto::tests::sd_jwt_required_unknown_status_uses_authenticated_anchor_not_loaded_scope ... ok
test domain::openid4vc::credential_crypto::tests::sd_jwt_signing_supports_disclosures_holder_binding_and_status ... ok
test domain::openid4vc::credential_crypto::tests::sd_jwt_verification_accepts_valid_holder_binding_and_rejects_tampering ... ok
test domain::openid4vc::credential_crypto::tests::sd_jwt_verification_rejects_holder_and_issuer_policy_failures ... ok
test domain::openid4vc::credential_crypto::tests::shared_signing_key_anchor_selection_prefers_actual_scoped_der_without_second_validation ... ok
test domain::openid4vc::credential_crypto::tests::signed_holder_nonce_failure_is_distinct_from_other_holder_failures ... ok
test domain::openid4vc::credential_crypto::tests::signed_issuer_time_policy_cannot_hide_optional_holder_nonce ... ok
test domain::openid4vc::credential_crypto::tests::signed_mdoc_rejects_an_unmatched_current_session_without_nonce_claim_guessing ... ok
test domain::openid4vc::credential_crypto::tests::signed_revoked_optional_nonce_is_fatal_and_stale_snapshot_is_unavailable ... ok
test domain::openid4vc::credential_crypto::tests::signed_sd_jwt_aki_and_nonce_flow_through_real_presentation_service ... ok
test domain::openid4vc::credential_crypto::tests::signed_unused_configured_anchor_cannot_supply_a_dcql_aki ... ok
test domain::openid4vc::credential_crypto::tests::standard_device_authentication_bytes_is_deterministic_and_rejects_bad_inputs ... ok
test domain::openid4vc::tests::attestation_proof_accepts_missing_expiration ... ok
test domain::openid4vc::tests::attestation_proof_rejects_missing_nonce ... ok
test domain::openid4vc::tests::credential_proofs::anonymous_credential_proof_origin_ignores_same_named_registered_client_trust ... ok
test domain::openid4vc::tests::credential_proofs::credential_attestation_algorithm_obeys_selected_configuration_for_both_contexts ... ok
test domain::openid4vc::tests::credential_proofs::credential_attestation_is_one_jwt_with_multiple_attested_keys ... ok
test domain::openid4vc::tests::credential_proofs::credential_embedded_attestation_algorithm_is_checked_after_valid_eddsa_outer_proof ... ok
test domain::openid4vc::tests::credential_proofs::credential_proof_binds_optional_attestation_and_requires_its_nonce ... ok
test domain::openid4vc::tests::credential_proofs::credential_proof_issuer_uses_origin_even_for_a_registered_placeholder_name ... ok
test domain::openid4vc::tests::credential_proofs::credential_proof_requires_scalar_audience_and_matching_present_issuer ... ok
test domain::openid4vc::tests::crypto_helpers_cover_jwk_key_and_algorithm_boundaries ... ok
test domain::openid4vc::tests::crypto_helpers_round_trip_json_cbor_values_and_reject_invalid_shapes ... ok
test domain::openid4vc::tests::crypto_helpers_validate_pem_certificate_inputs ... ok
test domain::openid4vc::tests::crypto_helpers_verify_openid4vc_certificate_chain_and_anchor_policy ... ok
test domain::openid4vc::tests::jwt_proof_key_attestation_rejects_missing_nonce ... ok
test domain::openid4vc::tests::jwt_proof_key_attestation_requires_expiration ... ok
test domain::openid4vc::tests::key_attestation_rejects_expired_optional_expiration ... ok
test domain::openid4vc::tests::key_attestation_rejects_missing_issued_at ... ok
test domain::openid4vc::tests::key_attestation_rejects_out_of_window_issued_at ... ok
test domain::openid4vc::tests::key_attestation_validates_header_nonce_expiry_and_component_requirements ... ok
test domain::openid4vc::tests::mdoc_device_signature_uses_tagged_device_authentication_bytes ... ok
test domain::openid4vc::tests::mdoc_fallback_accepts_only_independently_verified_checks ... ok
test domain::openid4vc::tests::mdoc_holder_binding_rejects_rsa_attested_keys ... ok
test domain::openid4vc::tests::one_attestation_can_expand_beyond_the_proof_array_batch_limit ... ok
test domain::openid4vc::tests::proof_port_accepts_one_attestation_set_and_returns_each_attested_public_key ... ok
test domain::openid4vc::tests::proof_validator_binds_required_key_attestation_to_the_jwt_key ... ok
test domain::openid4vc::tests::proof_validator_enforces_jwt_header_key_metadata_and_claim_contracts ... ok
test domain::openid4vc::tests::proof_validator_rejects_ambiguous_and_malformed_proof_sets ... ok
test domain::openid4vc::tests::verified_mdoc_holder_binding_preserves_the_device_cose_key ... ok
test domain::openid4vc_endpoints::helpers::tests::authorization_details_filter_by_type_issuer_and_scope ... ok
test domain::openid4vc_endpoints::helpers::tests::authorization_details_reject_empty_and_unknown_configurations ... ok
test domain::openid4vc_endpoints::helpers::tests::credential_and_deferred_request_digest_preserve_exact_canonical_envelope ... ok
test domain::openid4vc_endpoints::helpers::tests::issuance_errors_map_to_stable_http_contracts ... ok
test domain::openid4vc_endpoints::helpers::tests::presentation_completion_dependency_errors_remain_server_errors ... ok
test domain::openid4vc_endpoints::helpers::tests::presentation_verifier_dependency_errors_remain_server_errors ... ok
test domain::openid4vc_endpoints::helpers::tests::proof_nonce_and_request_digest_are_stable_and_fail_closed ... ok
test domain::openid4vc_endpoints::helpers::tests::resolve_configuration_id_enforces_exactly_one_identifier_and_access ... ok
test domain::openid4vc_endpoints::helpers::tests::resolve_identifier_uses_only_the_authorized_identifier_namespace ... ok
test domain::openid4vc_endpoints::helpers::tests::stored_and_recovered_responses_preserve_encoding_status_and_nonce ... ok
test domain::openid4vc_endpoints::openid4vci::request_json_tests::request_json_accepts_json_and_rejects_invalid_encrypted_request ... ok
test domain::openid4vc_endpoints::openid4vci::response_tests::deferred_response_status_survives_real_encryption_and_stored_replay ... ok
test domain::openid4vc_endpoints::openid4vci::response_tests::dpop_nonce_generation_fails_closed_when_nonce_state_is_unavailable ... ok
test domain::openid4vc_endpoints::openid4vci::response_tests::finish_response_supports_json_ecdh_and_deflate_and_rejects_unsupported_parameters ... ok
test domain::openid4vc_endpoints::openid4vci::response_tests::response_encryption_requires_an_encrypted_request_before_any_issuance_effect ... ok
test domain::openid4vc_endpoints::tests::managed_dataset_rejects_claim_names_and_json_shape_at_every_boundary ... ok
test domain::openid4vc_endpoints::tests::managed_dataset_validity_must_end_after_start_and_now ... ok
test domain::openid4vc_endpoints::tests::managed_mdoc_dataset_rejects_namespace_and_inner_claim_name_bounds ... ok
test domain::openid4vc_endpoints::tests::managed_mdoc_dataset_requires_nonempty_namespace_objects ... ok
test domain::openid4vc_endpoints::tests::managed_sd_jwt_dataset_rejects_reserved_claims_and_structural_abuse ... ok
test domain::openid4vc_endpoints::tests::vci_authorization_detail_contains_final_credential_identifier ... ok
test domain::profile_account::tests::active_and_pending_sessions_expose_their_distinct_profile_shapes ... ok
test domain::profile_account::tests::auth_me_classifies_active_pending_missing_and_invalidated_from_one_session_read ... ok
test domain::profile_account::tests::missing_and_unavailable_sessions_remain_distinct_errors ... ok
test domain::profile_account::tests::update_validation_and_application_projection_stay_in_focused_services ... ok
test domain::resource_server::tests::verifier_cache_expires_at_retirement_even_without_a_new_generation ... ok
test domain::resource_server::tests::verifier_cache_hits_only_the_same_live_snapshot_generation ... ok
test domain::resource_server::tests::verifier_cache_rebuilds_after_clock_rollback_with_or_without_a_future_retirement ... ok
test domain::scim::tests::authorization_preserves_scope_tenant_and_live_credential_denials ... ok
test domain::scim::tests::denied_authorization_fails_closed_if_required_audit_is_unavailable ... ok
test domain::scim::tests::module_shutdown_during_live_credential_lookup_blocks_authorization ... ok
test domain::scim::tests::scim_cursor_protection_round_trips_and_rejects_tampering_or_truncation ... ok
test domain::scim::tests::successful_authorization_uses_one_live_lookup_and_one_unified_audit_event ... ok
test domain::session_management::tests::client_origin_policy_requires_an_active_client_and_registered_redirect_origin ... ok
test domain::tenancy::tests::tenant_context_rejects_cross_tenant_entities ... ok
test domain::token_management::tests::authentication_store_failures_are_not_mapped_to_invalid_client ... ok
test domain::token_management::tests::invalid_client_mapping_preserves_basic_challenge ... ok
test security::mtls::tests::administrator_thumbprint_pin_can_only_narrow_registered_subject_match ... ok
test security::mtls::tests::certificate_der_identity_extracts_full_subject_dn_names ... ok
test security::mtls::tests::certificate_der_identity_extracts_san_values_and_escapes_subject_dn ... ok
test security::mtls::tests::certificate_der_identity_rejects_future_and_expired_certificates ... ok
test security::mtls::tests::certificate_der_identity_rejects_trailing_data ... ok
test security::mtls::tests::client_certificate_matches_registered_san_dns ... ok
test security::mtls::tests::client_certificate_matches_registered_san_uri_ip_and_email ... ok
test security::mtls::tests::client_certificate_matches_registered_subject_dn ... ok
test security::mtls::tests::client_certificate_rejects_legacy_rows_with_multiple_rfc8705_selectors ... ok
test security::mtls::tests::client_certificate_rejects_unregistered_subject_and_san ... ok
test security::mtls::tests::mtls_ipaddress_parser_rejects_invalid_san_lengths ... ok
test security::mtls::tests::normalizes_colon_hex_sha256_to_x5t_s256 ... ok
test security::mtls::tests::pki_certificate_requires_the_selected_trust_anchor_and_valid_chain ... ok
test security::mtls::tests::rejects_invalid_sha256_thumbprints ... ok
test security::mtls::tests::self_signed_client_certificate_ignores_non_leaf_x5c_entries ... ok
test security::mtls::tests::self_signed_client_certificate_matches_registered_x5c ... ok
test security::mtls::tests::self_signed_client_certificate_rejects_expired_x5c ... ok
test security::mtls::tests::self_signed_client_certificate_rejects_subject_dn_and_thumbprint_shortcuts ... ok
test security::mtls::tests::self_signed_client_certificate_rotation_accepts_only_registered_x5c_set ... ok
test sessions::tests::administrator_policy_requires_a_positive_admin_level ... ok
test sessions::tests::corrupt_session_snapshot_is_deleted_and_treated_as_anonymous_through_port ... ok
test sessions::tests::deleted_and_inactive_accounts_invalidate_sessions ... ok
test sessions::tests::invalid_authentication_metadata_is_cleared_before_pending_mfa_is_considered ... ok
test sessions::tests::missing_and_pending_sessions_are_anonymous_without_account_lookup_or_deletion ... ok
test sessions::tests::recent_admin_mfa_requires_a_fresh_interactive_factor ... ok
test sessions::tests::resolved_session_preserves_account_authentication_and_logged_in_clients ... ok
test sessions::tests::resolver_delete_delegates_to_the_existing_session_store ... ok
test sessions::tests::session_payload_allows_only_small_clock_skew_for_auth_time ... ok
test sessions::tests::session_payload_preserves_pending_mfa_as_metadata_not_validity ... ok
test sessions::tests::session_payload_requires_authentication_metadata_and_oidc_sid ... ok
test sessions::tests::session_payload_requires_non_blank_oidc_sid_after_trimming ... ok
test sessions::tests::unavailable_accounts_fail_closed_without_invalidating_the_session ... ok
test sessions::tests::unavailable_session_store_fails_closed_without_deleting_state ... ok
test token::authorization_code::pkce_tests::authorization_code_audiences_allow_token_request_to_narrow_authorized_resources ... ok
test token::authorization_code::pkce_tests::authorization_code_audiences_inherit_authorized_resources_when_token_request_omits_resource ... ok
test token::authorization_code::pkce_tests::authorization_code_audiences_reject_token_request_resource_outside_authorization ... ok
test token::authorization_code::pkce_tests::authorization_code_audiences_use_credential_issuer_for_openid4vci_scope ... ok
test token::authorization_code::pkce_tests::baseline_confidential_oidc_compatibility_does_not_weaken_hardened_clients ... ok
test token::authorization_code::pkce_tests::explicit_token_audience_overrides_openid4vci_default ... ok
test token::authorization_code::tests::code_holder_evidence_ignores_only_additional_valid_proofs ... ok
test token::authorization_code::tests::code_holder_evidence_requires_every_original_proof_and_version ... ok
test token::authorization_code::tests::empty_public_code_holder_is_never_a_possession_wildcard ... ok
test token::authorization_code::tests::fresh_verified_certificate_is_projected_by_original_receipt_requirements ... ok
test token::ciba::decision::tests::ciba_audit_writer_failure_does_not_change_committed_response ... ok
test token::ciba::decision::tests::ciba_decision_audit_is_emitted_only_for_committed_outcome ... ok
test token::ciba::poll::tests::ciba_poll_failures_preserve_invalid_grant_and_contention_boundaries ... ok
test token::ciba::poll::tests::ciba_poll_storage_failure_returns_503_and_never_protocol_progress ... ok
test token::ciba::poll::tests::ciba_token_grant_state_rejects_other_client_auth_req_id_as_invalid_grant ... ok
test token::ciba::poll::tests::ciba_token_issue_allows_refresh_and_binds_refresh_sender_constraint ... ok
test token::ciba::poll::tests::ciba_token_issue_transfers_approved_authentication_context ... ok
test token::ciba::request::tests::ciba_lookup_hint_never_trusts_unsigned_request_object_or_mixed_auth ... ok
test token::ciba::request::tests::ciba_mtls_lookup_may_use_signed_request_object_issuer_as_hint ... ok
test token::ciba::request::tests::ciba_ping_requires_a_registered_endpoint_and_high_entropy_notification_token ... ok
test token::ciba::request::tests::ciba_policy_covers_algorithm_names_and_delivery_rejections ... ok
test token::ciba::request::tests::ciba_poll_rejects_ping_only_notification_credentials ... ok
test token::ciba::request::tests::ciba_profile_does_not_apply_authorization_code_only_controls ... ok
test token::ciba::request::tests::ciba_rejects_rs256_client_assertion_algorithm ... ok
test token::ciba::request::tests::ciba_rejects_rs256_request_object_signing_algorithm ... ok
test token::ciba::request::tests::ciba_request_object_helpers_cover_protocol_boundaries ... ok
test token::ciba::request::tests::ciba_request_object_presence_enforces_client_policy ... ok
test token::ciba::request::tests::ciba_request_object_rejects_invalid_compact_jwt_metadata ... ok
test token::ciba::request::tests::ciba_request_object_rejects_invalid_or_conflicting_requested_expiry ... ok
test token::ciba::request::tests::ciba_request_object_rejects_unsupported_binding_and_parameter_conflicts ... ok
test token::ciba::request::tests::ciba_request_object_without_request_is_a_noop ... ok
test token::ciba::request::tests::ciba_selected_acr_uses_supported_requested_value ... ok
test token::ciba::request::tests::ciba_signed_binding_is_trimmed_and_outer_binding_is_rejected ... ok
test token::ciba::request::tests::ciba_signed_request_object_claims_apply_to_backchannel_form ... ok
test token::ciba::request::tests::ciba_signed_request_object_missing_audience_maps_to_invalid_request ... ok
test token::ciba::request::tests::ciba_signed_request_object_missing_required_claim_maps_to_invalid_request ... ok
test token::ciba::request::tests::ciba_start_audit_fields_are_redacted ... ok
test token::ciba::request::tests::ciba_status_serializes_as_protocol_state ... ok
test token::ciba::request::tests::ciba_token_profile_covers_fapi2_client_and_sender_constraints ... ok
test token::ciba::request::tests::ciba_unverified_request_object_hint_rejects_none_and_empty_issuers ... ok
test token::ciba::request::tests::fapi2_ciba_client_policy_rejects_public_weak_auth_and_bearer_tokens ... ok
test token::ciba::request::tests::fapi2_ciba_private_key_jwt_requires_issuer_audience_only ... ok
test token::ciba::request::tests::fapi2_ciba_profile_requires_signed_backchannel_authentication_request ... ok
test token::ciba::request::tests::fapi_ciba_id1_accepts_both_private_key_jwt_and_mtls_client_authentication ... ok
test token::ciba::request::tests::fapi_ciba_id1_requires_a_signed_backchannel_authentication_request ... ok
test token::ciba::request::tests::protocol_ciba_signed_request_rejects_all_outer_authentication_fields ... ok
test token::ciba::request::tests::protocol_ciba_signed_request_requires_op_issuer_audience ... ok
test token::client_auth::tests::client_assertion_failures_keep_typed_security_classification ... ok
test token::client_auth::tests::client_secret_match_result_preserves_true_and_false ... ok
test token::client_auth::tests::confidential_client_secret_auth_fails_closed_when_store_is_unavailable ... ok
test token::client_auth::tests::dummy_client_secret_salt_is_deterministic_but_not_global ... ok
test token::device::tests::application::approval_and_denial_require_audit_before_mutation ... ok
test token::device::tests::application::create_and_verify_preserve_authorization_payload ... ok
test token::device::tests::application::create_rejects_client_and_storage_failures_before_issuing_codes ... ok
test token::device::tests::application::decision_rejects_invalid_requests_and_maps_dependency_failures ... ok
test token::device::tests::application::device_claim_success_still_reloads_before_any_durable_grant_write ... ok
test token::device::tests::application::device_recorded_snapshot_is_version_fenced_and_unknown_writes_do_not_advance ... ok
test token::device::tests::application::device_recorded_snapshot_rechecks_expiry_before_final_cas ... ok
test token::device::tests::application::prepared_device_approval_rechecks_commit_time_and_live_mapping_before_grant ... ok
test token::device::tests::application::prepared_device_conflict_reloads_poll_state_but_never_retargets_payload ... ok
test token::device::tests::application::prepared_device_decisions_preserve_audit_order_and_remove_only_redundant_reads ... ok
test token::device::tests::device_authorization_request_binds_scope_audience_ttl_and_poll_interval ... ok
test token::device::tests::device_authorization_request_rejects_disabled_or_unregistered_client_grant ... ok
test token::device::tests::device_client_authentication_accepts_registered_public_none_and_rejects_secret ... ok
test token::device::tests::device_code_polling_enforces_pending_slow_down_denied_and_expired_results ... ok
test token::device::tests::device_user_code_normalization_is_case_insensitive_and_separator_safe ... ok
test token::device_issuance::tests::device_code_grant_requires_device_code_before_state_lookup ... ok
test token::device_issuance::tests::device_grant_identity_only_depends_on_the_immutable_code ... ok
test token::dispatch::policy_tests::active_client_with_registered_grant_is_allowed_to_dispatch ... ok
test token::dispatch::policy_tests::attested_client_id_must_match_optional_token_request_client_id_hint ... ok
test token::dispatch::policy_tests::ciba_dispatch_requires_the_client_registered_grant ... ok
test token::dispatch::policy_tests::disabled_client_is_rejected_before_grant_dispatch ... ok
test token::dispatch::policy_tests::grant_dispatch_rejects_unregistered_grant_without_panicking ... ok
test token::dispatch::policy_tests::missing_client_authorization_code_holder_check_fails_closed_when_client_lookup_errors ... ok
test token::dispatch::policy_tests::missing_client_authorization_code_holder_check_fails_closed_when_valkey_is_unavailable ... ok
test token::dispatch::policy_tests::missing_client_authorization_code_holder_error_returns_none_when_client_is_not_sender_bound ... ok
test token::dispatch::policy_tests::missing_client_authorization_code_holder_error_returns_none_when_code_missing ... ok
test token::dispatch::policy_tests::missing_client_client_credentials_with_dpop_stays_client_auth_failure ... ok
test token::dispatch::policy_tests::missing_client_client_credentials_without_dpop_uses_invalid_request ... ok
test token::dispatch::policy_tests::missing_client_dpop_authorization_code_holder_uses_invalid_grant ... ok
test token::dispatch::policy_tests::missing_client_holder_check_ignores_non_client_credentials_grants ... ok
test token::dispatch::policy_tests::missing_client_mtls_authorization_code_holder_uses_invalid_request ... ok
test token::dispatch::policy_tests::missing_client_mtls_client_credentials_uses_invalid_request ... ok
test token::dispatch::policy_tests::missing_client_unbound_authorization_code_does_not_mask_client_auth_failure ... ok
test token::dispatch::policy_tests::missing_grant_registration_is_rejected_before_grant_dispatch ... ok
test token::dispatch::pre_authorized::tests::parses_required_code_and_optional_tx_code_once ... ok
test token::dispatch::pre_authorized::tests::rejects_missing_empty_and_repeated_issuance_parameters ... ok
test token::issue::refresh_persistence::tests::new_refresh_family_retains_full_code_grant_when_access_token_is_narrower ... ok
test token::issue::refresh_persistence::tests::openid4vci_credential_authorization_still_requires_refresh_grant ... ok
test token::issue::refresh_persistence::tests::ownership_refresh_borrowed_context_rejects_each_contract_field_difference ... ok
test token::issue::refresh_persistence::tests::ownership_refresh_context_normalizes_nonce_and_keeps_generation_sid_separate ... ok
test token::issue::refresh_persistence::tests::ownership_refresh_context_rejects_equal_but_malformed_issue_and_source ... ok
test token::issue::refresh_persistence::tests::refresh_authentication_context_preserves_original_claim_contract_on_scope_narrowing ... ok
test token::issue::refresh_persistence::tests::refresh_policy_requires_exact_source_shape_even_without_a_refresh_response ... ok
test token::issue::refresh_persistence::tests::refresh_signing_input_preserves_sender_binding_and_cannot_add_an_actor ... ok
test token::issue::refresh_persistence::tests::rotated_refresh_preserves_original_contract_while_selecting_current_audience ... ok
test token::issue::refresh_persistence::tests::should_issue_refresh_token_exact_grant_match_required ... ok
test token::issue::refresh_persistence::tests::should_issue_refresh_token_false_without_offline_access_scope ... ok
test token::issue::refresh_persistence::tests::should_issue_refresh_token_false_without_refresh_grant ... ok
test token::issue::refresh_persistence::tests::should_issue_refresh_token_for_openid4vci_credential_authorization ... ok
test token::issue::refresh_persistence::tests::should_issue_refresh_token_scope_case_sensitive ... ok
test token::issue::refresh_persistence::tests::should_issue_refresh_token_true_with_refresh_grant_and_offline_access ... ok
test token::issue::refresh_persistence::tests::unbound_refresh_source_can_constrain_access_token_without_rebinding_refresh_token ... ok
test token::issue::tests::essential_id_token_claim_requests_match_protocol_claim_values ... ok
test token::issue::tests::failed_authorization_code_transition_is_idempotent_only_for_terminal_or_missing_states ... ok
test token::issue::tests::id_token_sid_is_included_for_session_bound_logout_clients ... ok
test token::issue::tests::id_token_sid_is_not_enabled_for_all_clients_by_logout_feature_flags ... ok
test token::issue::tests::id_token_sid_is_omitted_unless_explicitly_requested ... ok
test token::issue::tests::id_token_sid_request_object_also_allows_session_sid ... ok
test token::issue::tests::id_token_signing_alg_uses_rs256_default_and_ps256_for_fapi_clients ... ok
test token::issue::tests::refresh_id_token_sid_contract_distinguishes_presence_and_original_omission ... ok
test token::issue::tests::refresh_token_grant_matching_is_exact_and_scope_case_sensitive ... ok
test token::issue::tests::refresh_token_requires_authorized_use_case_and_client_grant ... ok
test token::issue::tests::refresh_without_id_token_preserves_the_original_sid_contract ... ok
test token::native_sso::tests::native_sso_device_secret_hash_is_stable_and_non_raw ... ok
test token::native_sso::tests::native_sso_id_token_audience_requires_the_source_client ... ok
test token::native_sso::tests::new_native_sso_token_binding_requires_session_id ... ok
test token::refresh::tests::attested_refresh_token_requires_the_original_client_instance_key ... ok
test token::refresh::tests::openid4vci_refresh_token_scope_may_narrow_to_credential_authorization ... ok
test token::refresh::tests::refresh_subject_preparation_hint_respects_effective_scope_shape ... ok
test token::refresh::tests::refresh_token_scope_request_defaults_to_original_authorization ... ok
test token::refresh::tests::refresh_token_scope_request_may_narrow_original_authorization ... ok
test token::refresh::tests::refresh_token_scope_request_rejects_privilege_expansion ... ok
test token::token_exchange::tests::token_exchange_binding_claims_preserve_sender_constraint_type ... ok
test workers::backchannel_logout::tests::backchannel_response_classification_retries_only_recoverable_statuses ... ok
test workers::backchannel_logout::tests::delivery_failure_state_distinguishes_terminal_and_retryable_outcomes ... ok
test workers::backchannel_logout::tests::persisted_delivery_errors_are_unicode_safe_and_bounded ... ok
test workers::backchannel_logout::tests::retries_are_bounded_and_never_scheduled_after_expiry ... ok

test result: ok. 370 passed; 0 failed; 0 ignored; 0 measured; 0 filtered out; finished in 37.07s

     Running tests/application_boundaries.rs (target/debug/deps/application_boundaries-94d0d4bd6ed3be15)

running 2 tests
test client_display_projects_only_registered_public_metadata ... ok
test consent_loads_authenticated_account_before_request_state ... ok

test result: ok. 2 passed; 0 failed; 0 ignored; 0 measured; 0 filtered out; finished in 0.40s

     Running tests/authorization_application.rs (target/debug/deps/authorization_application-75465d00c528bbd2)

running 13 tests
test authorization_decision_application::decision_cleanup_cannot_change_committed_outcome_or_its_retention ... ok
test authorize_unregistered_redirect_fails_before_session_or_state_access ... ok
test authorize_unverified_client_never_returns_redirect ... ok
test client_presentation_distinguishes_absence_and_repository_failure ... ok
test consent_checks_session_before_missing_request_id ... ok
test consent_reads_request_only_after_valid_session ... ok
test par_application::par_attestation_requires_valid_proof_and_available_single_use_replay_state ... ok
test par_application::par_client_lookup_and_attestation_errors_do_not_persist ... ok
test par_application::par_parameter_and_rate_errors_fail_before_client_lookup ... ok
test par_application::par_persists_bound_request_and_reports_write_failure ... ok
test par_application::par_rejects_invalid_redirect_pkce_and_dpop_before_storage ... ok
test par_application::protocol_par_dpop_header_requires_pkce_even_for_confidential_oidc_compatibility ... ok
test par_application::protocol_par_rejects_non_executable_authorization_parameters_before_persistence ... ok

test result: ok. 13 passed; 0 failed; 0 ignored; 0 measured; 0 filtered out; finished in 8.47s

     Running tests/client_delivery_secret.rs (target/debug/deps/client_delivery_secret-9399d4704de4bb42)

running 1 test
test delivery_secret_binding_uses_the_issued_generation_and_rejects_malformed_hashes ... ok

test result: ok. 1 passed; 0 failed; 0 ignored; 0 measured; 0 filtered out; finished in 0.00s

     Running tests/credential_execution_boundaries.rs (target/debug/deps/credential_execution_boundaries-a3e9d96ae3aab799)

running 1 test
test credential_execution_uses_completed_builder_and_pinned_lease_without_native_runtime ... ok

test result: ok. 1 passed; 0 failed; 0 ignored; 0 measured; 0 filtered out; finished in 0.22s

     Running tests/cross_device_application.rs (target/debug/deps/cross_device_application-9928ee35892066c7)

running 13 tests
test ciba_creation::ciba_creation_rejects_inactive_client_and_reports_account_repository_failure ... ok
test ciba_creation::creation_persists_pending_state_and_audit_before_returning_poll_or_ping_handle ... ok
test ciba_creation::creation_requires_active_user_and_durable_audit_and_reports_state_failure ... ok
test ciba_creation::delayed_create_crossing_authorization_expiry_cannot_report_success_while_retention_is_live ... ok
test ciba_creation::invalid_creation_is_rejected_before_audit_and_state_mutation ... ok
test ciba_creation::short_creation_validity_starts_after_required_audit_and_request_replay_complete ... ok
test ciba_decision_audit_failure_never_mutates_request_state ... ok
test ciba_decision_binds_expected_user_to_current_session ... ok
test ciba_decision_persists_audit_intent_before_state_transition_and_result_audit ... ok
test ciba_invalid_decision_does_not_read_store_or_emit_audit ... ok
test ciba_missing_credentials_fail_before_client_or_state_access ... ok
test ciba_prepared_authentication_conflicts_fail_before_client_or_state_access ... ok
test device_prepared_authentication_conflicts_and_missing_client_fail_before_io ... ok

test result: ok. 13 passed; 0 failed; 0 ignored; 0 measured; 0 filtered out; finished in 8.36s

     Running tests/delivery_batches.rs (target/debug/deps/delivery_batches-fef60ace1614d9a8)

running 6 tests
test ciba_batch_bounds_claim_and_concurrency_and_drains_before_first_error ... ok
test ciba_finish_missing_and_conflict_preserve_fencing_and_are_nonfatal ... ok
test ciba_sender_status_and_transport_errors_reach_retry_and_terminal_finishes ... ok
test logout_batch_keeps_twenty_claims_eight_senders_and_drains_before_first_error ... ok
test logout_retry_cannot_be_scheduled_at_or_after_expiry ... ok
test logout_worker_routes_statuses_and_preserves_retry_fences_and_error_bounds ... ok

test result: ok. 6 passed; 0 failed; 0 ignored; 0 measured; 0 filtered out; finished in 0.01s

     Running tests/dynamic_registration_application.rs (target/debug/deps/dynamic_registration_application-a4caca71f3531da7)

running 7 tests
test application_create_read_update_delete_preserves_credentials_and_audit_order ... ok
test dynamic_registration_guard_fails_closed_for_unavailable_dependencies ... ok
test dynamic_registration_guard_preserves_fixed_window_threshold ... ok
test dynamic_registration_guard_rejects_new_requests_when_module_is_disabled ... ok
test dynamic_registration_secret_port_hashes_and_compares_without_plaintext_reuse ... ok
test limiter_precedes_initial_token_and_metadata_validation ... ok
test stale_update_and_delete_fail_without_mutation_or_success_audit ... ok

test result: ok. 7 passed; 0 failed; 0 ignored; 0 measured; 0 filtered out; finished in 0.00s

     Running tests/host_replacement_contract.rs (target/debug/deps/host_replacement_contract-9eeac14acf95e289)

running 3 tests
test authorize_rejects_unregistered_redirect_before_session_access ... ok
test oneshot_batch_delivers_records_result_and_returns_to_external_caller ... ok
test security_facts_validate_signature_target_and_replay_without_host_state ... ok

test result: ok. 3 passed; 0 failed; 0 ignored; 0 measured; 0 filtered out; finished in 0.44s

     Running tests/security_facts.rs (target/debug/deps/security_facts-4f6f5f754545e4a6)

running 3 tests
test malformed_present_proof_fails_before_state_and_missing_bound_proof_is_distinct ... ok
test token_prepare_rejects_grant_parameter_before_auth_source_conflict ... ok
test unbound_request_without_proof_does_not_touch_dpop_state ... ok

test result: ok. 3 passed; 0 failed; 0 ignored; 0 measured; 0 filtered out; finished in 0.00s

     Running tests/token_outcome.rs (target/debug/deps/token_outcome-bb7c51ccda1c9554)

running 4 tests
test allowed_audience_still_rejects_conflicting_authentication_sources ... ok
test audience_error_precedes_authentication_source_conflict ... ok
test preflight_leaves_credential_validation_to_execution ... ok
test token_results_are_send_without_a_framework_response_wrapper ... ok

test result: ok. 4 passed; 0 failed; 0 ignored; 0 measured; 0 filtered out; finished in 0.00s

     Running unittests src/lib.rs (target/debug/deps/nazo_oauth_server_object_store-2df145f6377b0d27)

running 2 tests
test s3::url_tests::path_style_preserves_endpoint_prefix_without_double_slash ... ok
test s3::url_tests::virtual_host_style_moves_bucket_into_host ... ok

test result: ok. 2 passed; 0 failed; 0 ignored; 0 measured; 0 filtered out; finished in 0.08s

     Running tests/s3.rs (target/debug/deps/s3-1b393da7091df8d6)

running 1 test
test s3_direct_target_fixes_the_staging_key_and_exact_length ... ok

test result: ok. 1 passed; 0 failed; 0 ignored; 0 measured; 0 filtered out; finished in 0.04s

     Running tests/s3_minio.rs (target/debug/deps/s3_minio-a8de74aac267a453)

running 1 test
test minio_presigned_put_publishes_an_immutable_candidate ... ok

test result: ok. 1 passed; 0 failed; 0 ignored; 0 measured; 0 filtered out; finished in 0.21s

     Running tests/s3_read_final.rs (target/debug/deps/s3_read_final-16912910ed9a4029)

running 3 tests
test final_read_gets_mime_and_body_from_one_signed_response ... ok
test final_read_preserves_status_mapping_and_rejects_unsafe_ids_without_io ... ok
test final_read_rejects_missing_or_unknown_mime_without_an_extra_request ... ok

test result: ok. 3 passed; 0 failed; 0 ignored; 0 measured; 0 filtered out; finished in 0.37s

     Running tests/s3_read_staged.rs (target/debug/deps/s3_read_staged-22d6da1243ea9d80)

running 2 tests
test staged_read_rejects_oversize_or_unversioned_snapshots_without_another_request ... ok
test staged_read_uses_one_get_snapshot_for_version_length_and_bounded_body ... ok

test result: ok. 2 passed; 0 failed; 0 ignored; 0 measured; 0 filtered out; finished in 0.12s

     Running tests/s3_tls.rs (target/debug/deps/s3_tls-bc995673d08322b6)

running 2 tests
test s3_platform_tls_child ... ignored, invoked by the parent test with an isolated platform trust environment
test s3_platform_trust_requires_a_trusted_ca_and_matching_hostname ... ok

test result: ok. 1 passed; 0 failed; 1 ignored; 0 measured; 0 filtered out; finished in 0.20s

     Running unittests src/lib.rs (target/debug/deps/nazo_oauth_server_postgres-60a395ba1796a785)

running 1 test
test tests::provider_constructs_a_runtime_module_store_for_the_requested_tenant ... ok

test result: ok. 1 passed; 0 failed; 0 ignored; 0 measured; 0 filtered out; finished in 0.00s

     Running unittests src/lib.rs (target/debug/deps/nazo_oauth_server_valkey-daf926df3fcd2477)

running 0 tests

test result: ok. 0 passed; 0 failed; 0 ignored; 0 measured; 0 filtered out; finished in 0.00s

     Running unittests src/lib.rs (target/debug/deps/nazo_openid4vc_http_actix-ca0a30f6fcf36893)

running 0 tests

test result: ok. 0 passed; 0 failed; 0 ignored; 0 measured; 0 filtered out; finished in 0.00s

     Running tests/transport_contract.rs (target/debug/deps/transport_contract-e3d138ec28ac3630)

running 18 tests
test bearer_success_does_not_emit_a_dpop_nonce ... ok
test credential_endpoint_passes_injected_verified_certificate_thumbprint ... ok
test credential_endpoint_preserves_dpop_authorization_scheme_and_proof ... ok
test credential_endpoint_preserves_dpop_nonce_challenge_error ... ok
test credential_endpoint_rejects_multiple_dpop_proof_headers ... ok
test credential_endpoint_rejects_query_tokens_and_non_json_or_jwt_bodies ... ok
test credential_success_returns_next_dpop_nonce_for_json_and_jwt_responses ... ok
test deferred_and_notification_success_return_next_dpop_nonce ... ok
test direct_post_preserves_json_vp_token_and_jwt_response_shapes ... ok
test direct_post_rejects_duplicate_and_mixed_response_parameters ... ok
test management_endpoints_fail_closed_without_exact_bearer_token ... ok
test metadata_endpoint_returns_signed_jwt_when_requested ... ok
test notification_endpoint_accepts_extension_members_without_relaxing_authentication ... ok
test presentation_completion_page_does_not_claim_an_unknown_transaction_succeeded ... ok
test presentation_completion_page_reflects_a_verified_transaction ... ok
test presentation_create_echoes_the_typed_idempotency_binding ... ok
test presentation_management_requires_nonempty_exact_bearer_token ... ok
test presentation_request_accepts_only_the_generic_trust_policy_fence ... ok

test result: ok. 18 passed; 0 failed; 0 ignored; 0 measured; 0 filtered out; finished in 0.02s

     Running unittests src/lib.rs (target/debug/deps/nazo_openid4vci-83f536dd98aba24b)

running 0 tests

test result: ok. 0 passed; 0 failed; 0 ignored; 0 measured; 0 filtered out; finished in 0.00s

     Running tests/protocol_contract.rs (target/debug/deps/protocol_contract-8f28337982b67c0b)

running 4 tests
test credential_request_requires_exactly_one_identifier_form ... ok
test deferred_wire_request_ignores_extensions_but_validates_known_field_types ... ok
test metadata_rejects_algorithms_the_issuer_cannot_execute ... ok
test metadata_rejects_single_item_batch_claim ... ok

test result: ok. 4 passed; 0 failed; 0 ignored; 0 measured; 0 filtered out; finished in 0.00s

     Running tests/service_contract.rs (target/debug/deps/service_contract-5b78ef1c4383c305)

running 8 tests
test batch_issuance_consumes_nonce_once_and_binds_each_credential ... ok
test doctype_is_used_when_vct_is_absent ... ok
test immediate_and_deferred_commit_variants_preserve_identity_and_rollback ... ok
test invalid_holder_binding_remains_a_protocol_error_not_a_generic_signing_failure ... ok
test persist_pre_authorized_access_forwards_arguments_and_errors ... ok
test proof_dataset_claim_and_signing_failures_are_classified_and_released ... ok
test request_and_access_validation_rejects_ambiguous_or_unsupported_inputs ... ok
test unbound_issuance_requires_a_proof_free_configuration ... ok

test result: ok. 8 passed; 0 failed; 0 ignored; 0 measured; 0 filtered out; finished in 0.00s

     Running tests/state_machine_contract.rs (target/debug/deps/state_machine_contract-6cc301904eaa38c1)

running 10 tests
test deferred_claim_is_ready_single_owner_reclaimable_and_finalized_once ... ok
test deferred_nonce_commit_rolls_back_all_state_when_claim_is_invalid ... ok
test nonce_claim_is_linearizable_under_concurrent_requests ... ok
test nonce_claim_is_single_owner_until_lease_timeout_then_replay_is_rejected ... ok
test nonce_notification_commit_is_atomic_and_rejects_wrong_claim_without_side_effects ... ok
test notification_retains_one_event_accepts_identical_retries_and_expires_with_the_handle ... ok
test pre_authorized_persist_forwards_arguments_and_errors ... ok
test response_commit_rejects_duplicate_notification_atomically_and_can_retry ... ok
test response_identity_conflict_is_keyed_by_token_and_digest_across_issuances ... ok
test response_lookup_is_bound_to_issuance_identity_and_expiry ... ok

test result: ok. 10 passed; 0 failed; 0 ignored; 0 measured; 0 filtered out; finished in 0.01s

     Running unittests src/lib.rs (target/debug/deps/nazo_openid4vp-5374bb9de30e9e96)

running 0 tests

test result: ok. 0 passed; 0 failed; 0 ignored; 0 measured; 0 filtered out; finished in 0.00s

     Running tests/protocol_contract.rs (target/debug/deps/protocol_contract-548a47e85f495d52)

running 2 tests
test haip_requires_signed_x509_hash_and_encrypted_direct_post ... ok
test redirect_uri_scheme_cannot_be_combined_with_signed_request_object ... ok

test result: ok. 2 passed; 0 failed; 0 ignored; 0 measured; 0 filtered out; finished in 0.00s

     Running tests/service_contract.rs (target/debug/deps/service_contract-33e67a8d49975a2f)

running 8 tests
test dcql_aki_matches_authenticated_chain_bytes_and_not_issuer_strings ... ok
test dcql_checks_all_returned_cardinalities_before_verification_or_completion ... ok
test dcql_optional_queries_may_be_absent_but_not_malformed_or_overfilled ... ok
test discarded_presentations_are_removed_before_required_alternative_selection ... ok
test final_mdoc_handover_binds_verifier_key_and_request_context ... ok
test malformed_retained_dcql_never_verifies_or_completes_an_empty_response ... ok
test optional_query_nonce_and_session_errors_reject_the_entire_response ... ok
test optional_query_verifier_unavailability_remains_a_dependency_failure ... ok

test result: ok. 8 passed; 0 failed; 0 ignored; 0 measured; 0 filtered out; finished in 0.01s

     Running unittests src/lib.rs (target/debug/deps/nazo_operator_protocol-f95f7ecbcb297ca5)

running 47 tests
test tests::arbitrary_compact_input_never_panics ... ok
test tests::control_operation_tests::arbitrary_text_kids_hashes_and_revisions_never_panic ... ok
test tests::control_operation_tests::config_revision_fencing_compares_constant_time ... ok
test tests::control_operation_tests::control_results_roundtrip_through_journal_and_stdout_shapes ... ok
test tests::control_operation_tests::distinct_requests_never_share_a_request_hash ... ok
test tests::control_operation_tests::golden_canonical_bytes_and_request_hash_are_stable ... ok
test tests::control_operation_tests::kid_is_base64url_sha256_of_raw_public_key_bytes ... ok
test tests::control_operation_tests::non_canonical_payload_encoding_is_rejected_even_when_correctly_signed ... ok
test tests::control_operation_tests::oversize_canonical_payloads_are_refused ... ok
test tests::control_operation_tests::prepared_control_operation_verifies_original_segments_and_reuses_canonical_hash ... ok
test tests::control_operation_tests::recovery_invalidation_has_deployment_authority_and_strict_epoch_shape ... ok
test tests::control_operation_tests::result_data_wire_validation_includes_the_complete_result_envelope ... ok
test tests::control_operation_tests::revoke_result_manifest_describes_remaining_active_set_not_revoked_delta ... ok
test tests::control_operation_tests::sign_verify_roundtrip_binds_header_kid_and_media_type ... ok
test tests::control_operation_tests::tampered_compact_bytes_are_rejected ... ok
test tests::control_operation_tests::tenant_key_generation_is_tenant_bound_and_returns_public_material_only ... ok
test tests::control_operation_tests::tenant_resource_payloads_are_bounded_typed_and_unique ... ok
test tests::control_operation_tests::two_encodings_of_one_logical_request_produce_identical_bytes ... ok
test tests::control_operation_tests::typed_result_data_is_closed_and_outcome_coupled ... ok
test tests::control_operation_tests::unknown_fields_are_denied_everywhere ... ok
test tests::control_operation_tests::uuidv7_shape_is_enforced_for_ids ... ok
test tests::control_operation_tests::wrong_kid_and_wrong_signer_are_rejected ... ok
test tests::directory_control_tests::tenant_directory_payloads_reject_bad_identities_and_unknown_fields ... ok
test tests::directory_control_tests::tenant_directory_payloads_roundtrip_and_validate ... ok
test tests::directory_control_tests::tenant_directory_result_data_is_wire_valid_and_replay_decodable ... ok
test tests::discovery_and_offline_identity_fail_closed_on_invalid_claims ... ok
test tests::discovery_identity_and_identifier_boundaries_are_checked ... ok
test tests::golden_control_discovery_vector_is_stable_and_nonce_bound ... ok
test tests::offline_deployment_statement_is_identity_evidence_not_artifact_trust ... ok
test tests::openid4vc_trust_policy_accepts_bounded_public_bundle_and_rejects_unknowns ... ok
test tests::openid4vc_trust_policy_rejects_ambiguous_origins_certificates_and_jwks ... ok
test tests::openid4vp_create_request_jti_requires_canonical_versioned_uuid ... ok
test tests::openid4vp_normalized_create_request_canonicalizes_recursive_object_order ... ok
test tests::openid4vp_normalized_create_request_hash_binds_every_field ... ok
test tests::protected_header_rejects_untrusted_key_lookup_inputs ... ok
test tests::recovery_tests::allocation_proof_binds_nonce_deployment_and_complete_proposal ... ok
test tests::recovery_tests::challenge_message_binds_every_field_and_signature_verifies_only_against_the_right_key ... ok
test tests::recovery_tests::derivation_is_deterministic_and_discriminates_secret_and_deployment ... ok
test tests::recovery_tests::hkdf_matches_the_rfc_5869_sha256_vectors ... ok
test tests::recovery_tests::kdf_identifier_is_stable_and_challenge_action_is_frozen ... ok
test tests::recovery_tests::parsing_accepts_optional_prefix_grouping_whitespace_and_case ... ok
test tests::recovery_tests::parsing_rejects_everything_that_is_not_exactly_thirtytwo_bytes ... ok
test tests::recovery_tests::proposal_validation_rejects_unbound_kids_and_bad_shapes ... ok
test tests::recovery_tests::recovery_secret_display_form_is_prefix_plus_sixtyfour_lowercase_hex ... ok
test tests::recovery_tests::rotation_digests_are_deterministic_and_discriminate_every_field ... ok
test tests::rejects_unknown_claims_and_algorithm_confusion ... ok
test tests::trust_policy_parser_rejects_multi_authority_and_inter_certificate_junk ... ok

test result: ok. 47 passed; 0 failed; 0 ignored; 0 measured; 0 filtered out; finished in 0.42s

     Running unittests src/lib.rs (target/debug/deps/nazo_persistence-c510169dd12d46c1)

running 7 tests
test audit_wire::tests::escaped_payload_counts_match_final_json_and_maximum_singleton_bound ... ok
test audit_wire::tests::shared_encoder_matches_frozen_legacy_anchor_v2_wire_bytes ... ok
test tenant_resources::tests::change_set_decoder_requires_the_exact_signed_identity_set ... ok
test tenant_resources::tests::change_set_identity_is_unique_by_kind_and_resource_id ... ok
test tenant_resources::tests::current_action_names_are_closed ... ok
test tenant_resources::tests::executor_rejects_an_outcome_that_the_journal_cannot_publish ... ok
test tenant_resources::tests::replay_outcome_json_is_closed ... ok

test result: ok. 7 passed; 0 failed; 0 ignored; 0 measured; 0 filtered out; finished in 0.04s

     Running unittests src/lib.rs (target/debug/deps/nazo_postgres-4578718ff00f1a52)

running 71 tests
test convert::identity::tests::display_summaries_reject_corrupt_tenant_and_user_identifiers ... ok
test convert::identity::tests::persisted_blank_password_hash_is_rejected ... ok
test convert::identity::tests::subject_claims_uses_full_persisted_user_invariant ... ok
test repositories::access_requests::tests::search_pattern_trims_and_ignores_blank_queries ... ok
test repositories::access_token_revocation::tests::deadline_adds_one_more_window_to_an_already_padded_input ... ok
test repositories::access_token_revocation::tests::deadline_is_exp_plus_exactly_one_clock_skew_window ... ok
test repositories::access_token_revocation::tests::deadline_rejects_an_unrepresentable_exp_instead_of_wrapping ... ok
test repositories::access_token_revocation::tests::owner_batch_conflicting_clients_roll_back_and_other_tenants_are_untouched ... ok
test repositories::access_token_revocation::tests::owner_batch_dedups_duplicate_keys_to_the_longest_deadline ... ok
test repositories::access_token_revocation::tests::upsert_extends_only_forward_and_preserves_the_first_fact ... ok
test repositories::access_token_revocation::tests::upsert_rejects_duplicate_authority_keys_inside_one_batch ... ok
test repositories::admin_provision::tests::identifiers_use_the_file_identifier_contract ... ok
test repositories::audit::tests::identity_event_rejects_a_real_cross_tenant_actor ... ok
test repositories::audit_ledger::tests::audit_event_validation_rejects_non_object_and_invalid_names ... ok
test repositories::audit_ledger::tests::audit_hash_is_domain_separated_and_chain_ordered ... ok
test repositories::audit_ledger::tests::completed_single_mutation_preserves_insert_and_idempotent_replay_results ... ok
test repositories::audit_ledger::tests::completed_single_mutation_rejects_missing_or_extra_rows ... ok
test repositories::audit_ledger::tests::generic_audit_append_rejects_reserved_authorization_authority ... ok
test repositories::audit_ledger::tests::payload_byte_count_matches_compact_json_and_exact_limit ... ok
test repositories::authorization_flow::tests::authorization_repository_error_mapping_is_exhaustive ... ok
test repositories::authorization_flow::tests::device_grant_repository_error_mapping_is_exhaustive ... ok
test repositories::authorization_flow::tests::fixed_tenant_adapter_rejects_cross_tenant_grant_writes_before_database_access ... ok
test repositories::clients::logout::tests::logout_projection_selects_only_its_eleven_facts ... ok
test repositories::clients::tests::missing_client_rows_preserve_not_found_semantics ... ok
test repositories::clients::tests::oauth_client_record_into_domain_validates_json_columns_after_decode ... ok
test repositories::clients::tests::oauth_client_record_queryable_by_name_rejects_malformed_rows ... ok
test repositories::clients::tests::persisted_client_string_arrays_reject_non_array_json ... ok
test repositories::clients::tests::replace_registration_validates_the_record_before_audited_commit ... ok
test repositories::controller_registry::approvals::tests::identity_action_catalog_is_closed ... ok
test repositories::controller_registry::slots::tests::controller_id_requires_canonical_lowercase_uuidv7 ... ok
test repositories::controller_registry::slots::tests::kid_must_bind_to_public_key_material ... ok
test repositories::controller_registry::slots::tests::kid_shape_must_be_unpadded_base64url_sha256_length ... ok
test repositories::controller_registry::slots::tests::label_bounds_are_enforced_before_storage ... ok
test repositories::controller_registry::slots::tests::slot_index_selection_fills_lowest_free_and_stops_at_three ... ok
test repositories::controller_registry::slots::tests::status_catalog_is_closed ... ok
test repositories::controller_registry::slots::tests::summary_never_carries_public_key_bytes ... ok
test repositories::mfa::tests::backup_hash_count_and_error_mappings_are_fail_closed ... ok
test repositories::mfa::tests::enrollment_unique_violation_is_a_typed_conflict ... ok
test repositories::mfa::tests::mfa_repository_key_requirement_precedes_database_access ... ok
test repositories::mfa::tests::totp_envelope_authenticates_secret_and_identity_binding ... ok
test repositories::mfa::tests::totp_secret_validation_rejects_malformed_rows_and_uses_previous_keys ... ok
test repositories::recovery_root::tests::failed_attempt_counter_refuses_open_and_broken_transaction_states ... ok
test repositories::runtime_modules::tests::desired_revision_exhaustion_is_rejected_without_saturation ... ok
test repositories::tenancy::tests::active_boundary_is_accepted ... ok
test repositories::tenancy::tests::directory_revision_rejects_negative_storage_values ... ok
test repositories::tenancy::tests::directory_snapshot_maps_active_bindings_and_empty_directory ... ok
test repositories::tenancy::tests::directory_snapshot_rejects_incomplete_rows ... ok
test repositories::tenancy::tests::inactive_organization_fails_closed_as_consistency_error ... ok
test repositories::tenancy::tests::inactive_realm_fails_closed_as_consistency_error ... ok
test repositories::tenancy::tests::inactive_tenant_fails_closed_as_consistency_error ... ok
test repositories::tenancy::tests::missing_boundary_row_is_not_found ... ok
test repositories::tenancy::tests::missing_tenant_or_realm_row_is_not_found ... ok
test repositories::tenancy::tests::organization_from_another_tenant_fails_closed_as_consistency_error ... ok
test repositories::tenancy::tests::query_errors_preserve_not_found_and_unexpected_semantics ... ok
test repositories::tenancy::tests::realm_from_another_tenant_fails_closed_as_consistency_error ... ok
test repositories::token_issuance::tests::audit_events_cover_issuance_rotation_and_reuse_shapes ... ok
test repositories::token_issuance::tests::commit_input_validation_enforces_mode_ownership_and_expiry_contracts ... ok
test repositories::token_issuance::tests::commit_transaction_conversion_preserves_diesel_errors ... ok
test repositories::token_issuance::tests::owner_revocation_streams_large_sets_and_rolls_back_all_batches ... ok
test repositories::token_issuance::tests::token_error_mappings_preserve_conflicts_and_corruption_boundaries ... ok
test repositories::tokens::tests::ownership_current_moves_original_grant_and_spent_keeps_both_audience_views ... ok
test repositories::tokens::tests::ownership_public_uuid_boundary_keeps_consistency_error_before_connection ... ok
test repositories::tokens::tests::refresh_contract_preparation_preserves_the_original_canonical_digest ... ok
test repositories::tokens::tests::refresh_contract_preparation_rejects_each_nonpersistent_context_field ... ok
test repositories::tokens::tests::refresh_family_lock_key_is_the_shared_high_xor_low_formula ... ok
test repositories::tokens::tests::refresh_token_validation_accepts_complete_current_context ... ok
test repositories::tokens::tests::refresh_token_validation_rejects_malformed_context_and_audiences ... ok
test unavailable::tests::actual_migration_harness_preserves_wrapped_query_type ... ok
test unavailable::tests::direct_boxed_public_migration_errors_keep_typed_retry_and_original_cause ... ok
test unavailable::tests::only_typed_query_and_pool_failures_are_unavailable ... ok
test unavailable::tests::unlock_failure_preserves_primary_error_category ... ok

test result: ok. 71 passed; 0 failed; 0 ignored; 0 measured; 0 filtered out; finished in 9.40s

     Running tests/access_requests.rs (target/debug/deps/access_requests-91f4a44b2a9127f0)

running 15 tests
test approval_rejects_mismatched_actor_context ... ok
test approved_delivery_matches_requires_every_predicate_to_hold ... ok
test cancellation_discards_client_cas_and_access_rejection_connections_before_peer_lock_retry ... ok
test client_cas_commit_error_after_returning_never_returns_a_success_view ... ok
test concurrent_approval_has_one_cas_winner_and_rolls_back_losing_client ... ok
test concurrent_rejection_has_one_cas_winner ... ok
test create_list_cancel_and_detail_are_tenant_and_owner_scoped ... ok
test create_rejects_user_from_a_different_tenant ... ok
test decision_write_ports_return_acknowledged_views_without_a_display_reread ... ok
test delivery_binding_requires_the_exact_approved_secret_generation ... ok
test duplicate_client_conflict_does_not_report_request_as_processed ... ok
test existence_predicates_return_booleans_while_page_keeps_count_semantics ... ok
test metadata_patch_rejects_stale_semantic_snapshot_and_preserves_unrelated_updates ... ok
test required_approval_rolls_back_client_and_decision_and_recovers_only_exact_audit_binding ... ok
test required_rejection_ledger_failure_rolls_back_decision_and_has_one_acknowledged_outcome ... ok

test result: ok. 15 passed; 0 failed; 0 ignored; 0 measured; 0 filtered out; finished in 2.58s

     Running tests/access_token_retention.rs (target/debug/deps/access_token_retention-985e36fd609be7bd)

running 6 tests
test conflicting_owner_revocation_rolls_back_and_other_tenants_are_unaffected ... ok
test maintenance_reclaims_revocation_facts_once_the_padded_deadline_passes ... ok
test owner_revocation_covers_oauth_and_vci_sources_inside_the_skew_window ... ok
test replay_compensation_writes_padded_deadline_and_missing_expiry_skips_the_access_fact ... ok
test revocation_deadline_is_monotonic_across_writer_orderings ... ok
test revoked_access_token_within_skew_survives_cleanup_until_its_padded_deadline ... ok

test result: ok. 6 passed; 0 failed; 0 ignored; 0 measured; 0 filtered out; finished in 1.21s

     Running tests/admin_provision.rs (target/debug/deps/admin_provision-62a118b8c569d130)

running 3 tests
test concurrent_provisioning_returns_one_receipt_and_one_admin_effect ... ok
test operation_and_email_conflicts_are_rejected ... ok
test provisioning_is_atomic_and_retries_return_the_same_receipt ... ok

test result: ok. 3 passed; 0 failed; 0 ignored; 0 measured; 0 filtered out; finished in 3.00s

     Running tests/audit_chain_cutover.rs (target/debug/deps/audit_chain_cutover-302ce00cc01b4924)

running 1 test
test audit_cutover_preserves_history_and_moves_chain_authority_to_exporter ... ok

test result: ok. 1 passed; 0 failed; 0 ignored; 0 measured; 0 filtered out; finished in 4.69s

     Running tests/audit_commit_boundary.rs (target/debug/deps/audit_commit_boundary-d011185b52f1984d)

running 4 tests
test committed_ack_with_lost_ready_for_query_recovers_from_the_durable_checkpoint ... ok
test every_audit_mutation_rejects_late_commit_failure_cancel_and_disconnect ... ok
test first_data_row_is_not_a_commit_acknowledgement ... ok
test fresh_audit_conflict_rolls_back_the_callers_business_transaction ... ok

test result: ok. 4 passed; 0 failed; 0 ignored; 0 measured; 0 filtered out; finished in 28.89s

     Running tests/audit_ledger.rs (target/debug/deps/audit_ledger-3ad555b200632ac6)

running 19 tests
test audit_claim_is_bounded_without_planner_statistics ... ok
test audit_claim_survives_dead_prefix_and_autovacuum_recovers ... ok
test audit_ledger_append_batch_commits_atomically ... ok
test audit_ledger_append_is_chained_and_pending ... ok
test audit_ledger_migration_is_append_only_and_has_durable_outbox ... ok
test audit_ledger_rejects_invalid_events_and_enforces_batch_fencing ... ok
test batch_delivery_migration_fences_one_batch_and_retires_per_event_state ... ok
test bounded_claim_analysis_accepts_decimal_rows_and_rejects_backlog_scans ... ok
test bounded_claim_migration_materializes_identities_before_joining ... ok
test delivery_scoped_retention_migration_reclaims_at_ack_and_drops_archive ... ok
test each_successful_observation_refreshes_time_without_acknowledging_backlog ... ok
test fresh_claim_finalizer_updates_once_and_rolls_back_every_mutation ... ok
test fresh_claim_keeps_chained_prefix_and_concurrent_reclaim_bytes ... ok
test new_claim_budget_counts_escaped_json_wire_bytes_and_keeps_legal_singletons ... ok
test new_claim_budget_exact_multi_event_fit_and_one_byte_overflow_have_no_chain_gap ... ok
test pending_event_set_migration_moves_pending_identity_to_events ... ok
test pending_set_cutover_guard_rejects_divergence_and_accepts_mirror ... ok
test refresh_contract_ensure_migration_provides_single_call_reference ... ok
test shared_anchor_migration_persists_checkpoint_without_a_local_file ... ok

test result: ok. 19 passed; 0 failed; 0 ignored; 0 measured; 0 filtered out; finished in 284.22s

     Running tests/audit_pending_upgrade.rs (target/debug/deps/audit_pending_upgrade-655f7b7aa45af14a)

running 5 tests
test pending_set_upgrade_from_empty_state ... ok
test pending_set_upgrade_from_inflight_batch ... ok
test pending_set_upgrade_from_mixed_backlog ... ok
test pending_set_upgrade_from_unchained_backlog ... ok
test pending_set_upgrade_rolls_back_on_divergence ... ok

test result: ok. 5 passed; 0 failed; 0 ignored; 0 measured; 0 filtered out; finished in 4.25s

     Running tests/audit_preflight_roles.rs (target/debug/deps/audit_preflight_roles-fddde8c25eec9f8d)

running 1 test
test strict_preflight_checks_real_login_reachable_roles_and_columns ... ok

test result: ok. 1 passed; 0 failed; 0 ignored; 0 measured; 0 filtered out; finished in 6.56s

     Running tests/auth_repositories.rs (target/debug/deps/auth_repositories-9f08ec8fb6819ba3)

running 40 tests
test access_token_revoked_exists_semantics_ignore_deadline_and_scope ... ok
test admin_grant_required::grant_current_role_gate_preserves_separate_admitted_actor_home_tenant ... ok
test admin_grant_required::grant_owner_rechecks_current_actor_after_real_demotion_lock_wait ... ok
test admin_grant_required::grant_owner_rejects_missing_inactive_or_demoted_current_actor_without_effect_or_outcome ... ok
test admin_grant_required::required_ledger_failure_rolls_back_exact_grant_and_refresh_family ... ok
test audit_repository_reads_active_scim_credentials_and_drives_logout_outbox ... ok
test authorization_code_replay_compensation_revokes_both_token_kinds ... ok
test authorization_replay_waits_for_concurrent_refresh_rotation_before_compensation ... ok
test backchannel_logout_fanout_rolls_back_when_any_delivery_is_invalid ... ok
test client_deactivation_is_atomic_across_real_batches_and_repeated_owners ... ok
test client_deactivation_waits_for_issuance_and_revokes_committed_credentials ... ok
test concurrent_ordinary_rotations_commit_one_winner_and_one_committed_compromise ... ok
test family_active_exists_semantics_cover_cardinality_and_predicates ... ok
test grant_revoke_skips_already_revoked_family_lock ... ok
test grant_revoke_waits_for_concurrent_refresh_rotation_before_revoking_family ... ok
test grants_upsert_cover_and_revoke_tokens_atomically ... ok
test issuance_commits_complete_audit_payloads_and_pending_events_for_users_rotation_and_reuse ... ok
test issuance_waits_for_principal_deactivation_and_rechecks_the_committed_state ... ok
test lost_response_retry_rechecks_family_compromise_under_the_family_lock ... ok
test lost_response_successor_requires_exactly_one_bound_unexpired_successor ... ok
test new_family_collision_is_tenant_scoped_and_preserves_compromise_audit ... ok
test oidc_subject_snapshot_reuses_statement_but_refreshes_epoch_and_binding ... ok
test ordinary_rotation_context_compare_uses_serde_value_semantics ... ok
test ordinary_rotation_context_mismatch_commits_compromise_and_reuse_audit ... ok
test ordinary_rotation_parent_misses_compromise_family_and_commit_reuse_audit ... ok
test principal_snapshot_reuses_authenticated_epoch_and_prepared_query ... ok
test refresh_contract_ensure_rolls_back_with_caller_and_validates_args ... ok
test refresh_contract_ensure_serializes_same_key_create_race ... ok
test refresh_contract_reference_survives_last_reference_reclaim_race ... ok
test refresh_family_requires_one_root_and_matching_direct_parent_context ... ok
test refresh_rotation_reuse_compromises_the_whole_family ... ok
test refresh_token_authentication_context_round_trips_and_rejects_invalid_values ... ok
test refresh_token_client_attestation_binding_round_trips ... ok
test required_revocation_event_failure_rolls_back_access_and_refresh_effects ... ok
test rotation_sql_failure_propagates_error_and_rolls_back_instead_of_conflicting ... ok
test server_auth_callers_do_not_query_diesel_or_auth_tables ... ok
test single_use_grant_retry_is_rejected_without_reissuing_or_duplicating_audit ... ok
test single_use_redemption_reads_back_committed_replay_evidence ... ok
test stale_logout_worker_cannot_complete_or_fail_a_reclaimed_delivery ... ok
test token_management_revocation_is_client_scoped_idempotent_and_serializes_family ... ok

test result: ok. 40 passed; 0 failed; 0 ignored; 0 measured; 0 filtered out; finished in 25.28s

     Running tests/authorization_decisions.rs (target/debug/deps/authorization_decisions-0e66e15450c0cd79)

running 4 tests
test audit_ack_samples_time_after_blocked_head_validation ... ok
test authorization_decision_waits_for_implicit_commit_ack ... ok
test authorization_decisions_commit_once_and_survive_export_ack ... ok
test decision_migration_has_independent_fences_and_safe_retention ... ok

test result: ok. 4 passed; 0 failed; 0 ignored; 0 measured; 0 filtered out; finished in 8.48s

     Running tests/control_plane_required.rs (target/debug/deps/control_plane_required-e9e868ecf72b954d)

running 7 tests
test required_control_plane_all_six_ledger_failures_roll_back_exact_owners ... ok
test required_control_plane_approvals_accept_submicrosecond_clocks_with_exact_stored_expiry ... ok
test required_control_plane_cancelled_accepting_owner_releases_connection_and_deployment_lock ... FAILED
test required_control_plane_current_actor_denies_inactive_demoted_and_moved_context ... ok
test required_control_plane_defaults_never_invoke_bare_mutation ... ok
test required_control_plane_hidden_real_commits_withhold_tokens_and_receipts ... ok
test required_control_plane_rewritten_approval_expiry_is_rejected_and_rolled_back ... ok

failures:

---- required_control_plane_cancelled_accepting_owner_releases_connection_and_deployment_lock stdout ----

thread 'required_control_plane_cancelled_accepting_owner_releases_connection_and_deployment_lock' (73025) panicked at crates/persistence-postgres/tests/control_plane_required.rs:1243:5:
discarded accepting connection releases its deployment lock
note: run with `RUST_BACKTRACE=1` environment variable to display a backtrace


failures:
    required_control_plane_cancelled_accepting_owner_releases_connection_and_deployment_lock

test result: FAILED. 6 passed; 1 failed; 0 ignored; 0 measured; 0 filtered out; finished in 2.24s

error: test failed, to rerun pass `-p nazo-postgres --test control_plane_required`
     Running tests/controller_recovery.rs (target/debug/deps/controller_recovery-3757e53069352faa)

running 13 tests
test accepted_recovery_revokes_everything_installs_one_slot_and_rotates_the_root ... ok
test challenges_are_refused_while_any_controller_is_admitted_and_single_pending ... ok
test concurrent_rotations_cannot_install_one_recovery_key_twice ... ok
test failed_rollback_does_not_reuse_a_connection_for_the_counter ... ok
test generation_exhaustion_rolls_back_the_root_and_approval ... ok
test history_failure_rolls_back_root_approval_and_pending_challenge ... ok
test recovered_slots_count_toward_the_three_slot_bound ... ok
test recovery_cannot_reinstall_a_historical_root_or_leave_a_slot ... ok
test recovery_submission_waits_for_the_deployment_identity_lock ... ok
test replay_expiry_and_wrong_signers_fail_closed_without_partial_state ... ok
test root_enrollment_and_replacement_return_rows_in_six_data_queries ... ok
test rotated_away_recovery_keys_can_never_be_installed_again ... ok
test rotation_needs_unconsumed_fresh_approval_and_bumps_exactly_one_generation ... ok

test result: ok. 13 passed; 0 failed; 0 ignored; 0 measured; 0 filtered out; finished in 13.26s

     Running tests/controller_registry.rs (target/debug/deps/controller_registry-84c2a8d6e67710aa)

running 11 tests
test approvals_are_single_use_bound_to_action_hash_and_expire ... ok
test atomic_first_bind_enrolls_root_and_refuses_a_second ... ok
test concurrent_add_races_never_exceed_three_active_slots ... ok
test concurrent_duplicate_kids_have_one_winner_for_insert_and_rotation ... ok
test crud_negatives_are_typed_and_leave_no_partial_state ... ok
test expiry_is_exactly_thirty_days_and_admission_fails_at_the_boundary ... ok
test fourth_add_is_refused_in_transaction_with_non_secret_summaries ... ok
test revocation_is_terminal_and_rotation_cannot_resurrect ... ok
test rotate_keeps_count_and_identity_while_replacing_material ... ok
test slot_mutations_return_the_stored_rows_in_three_data_queries ... ok
test unrelated_unique_constraints_are_transport_errors_and_roll_back ... ok

test result: ok. 11 passed; 0 failed; 0 ignored; 0 measured; 0 filtered out; finished in 10.39s

     Running tests/directory_control.rs (target/debug/deps/directory_control-9a8f10541b1f650a)

running 5 tests
test audit_before_revision_is_the_locked_mutation_fact_after_a_concurrent_commit ... ok
test create_commits_mutation_audit_and_ledger_atomically ... ok
test replays_return_recorded_outcomes_without_new_effects ... ok
test stale_revisions_are_rejected_without_ledger_side_effects ... ok
test update_disable_finalize_and_describe_complete_the_lifecycle ... ok

test result: ok. 5 passed; 0 failed; 0 ignored; 0 measured; 0 filtered out; finished in 5.45s

     Running tests/identity_repositories.rs (target/debug/deps/identity_repositories-7bb91f92f30770d5)

running 61 tests
test access_request_boundary_has_no_server_diesel_or_forwarding_support_layer ... ok
test active_subject_id_by_tenant_id_returns_the_live_principal_subject ... ok
test active_subject_id_fails_closed_on_corrupt_principal_rows ... ok
test active_subject_id_is_none_for_inactive_missing_and_cross_tenant_users ... ok
test active_subject_id_read_projects_only_the_seven_principal_columns ... ok
test admin_partial_update_validates_final_role_level_before_commit ... ok
test admin_user_page_is_tenant_scoped_at_the_query_boundary ... ok
test admin_user_required::admin_user_required_current_actor_context_and_hierarchy_denials_commit_no_success ... ok
test admin_user_required::admin_user_required_hidden_committed_ack_returns_no_account_receipt ... ok
test admin_user_required::admin_user_required_ledger_failure_rolls_back_create_patch_and_noop_outcome ... ok
test admin_user_required::admin_user_required_ports_have_no_bare_mutation_fallback ... ok
test application_projection_filters_mixed_scope_elements ... ok
test authentication_snapshot_matches_the_split_client_and_salt_reads ... ok
test authorized_admin_update_serializes_hierarchy_and_audit_in_one_transaction ... ok
test backup_code_batch_replacement_clears_empty_and_rolls_back_invalid_batches ... ok
test backup_code_is_consumed_once_atomically ... ok
test client_registration_keeps_plaintext_out_of_protocol_core_and_postgres ... ok
test client_secret_comparison_returns_only_salt_and_database_equality ... ok
test concurrent_federated_create_is_idempotent_with_one_connection_and_tenant_scoped ... ok
test concurrent_totp_enrollment_confirmation_has_one_audited_winner ... ok
test failed_totp_enrollment_confirmation_is_durably_audited_without_state_change ... ok
test federated_unique_conflict_recovery_returns_current_inactive_account ... ok
test identity_claim_boundaries_use_narrow_single_snapshot_reads ... ok
test identity_display_projections_preserve_metadata_and_tenant_user_scope ... ok
test inactive_account_has_no_issuable_subject_claims ... ok
test mfa_backup_code_bounds_and_enrollment_conflict_are_explicit ... ok
test mfa_clear_waits_for_actual_remember_key_share_then_removes_committed_device ... ok
test mfa_encrypted_lifecycle_and_trait_boundary_are_tenant_safe ... ok
test mfa_generation::mfa_clear_committed_unknown_retry_cannot_clear_formal_g2 ... ok
test mfa_generation::mfa_clear_failure_after_dependent_deletes_rolls_back_every_generation_field ... ok
test mfa_generation::mfa_clear_generation_lock_orders_formal_g2_install_after_commit ... ok
test mfa_generation::mfa_confirm_and_regenerate_hidden_committed_ack_return_no_backup_codes ... ok
test mfa_generation::mfa_confirmation_required_ledger_and_inactive_actor_roll_back_before_code_disclosure ... ok
test mfa_generation::mfa_disable_required_ledger_failure_rolls_back_current_generation_and_dependents ... ok
test mfa_generation::mfa_regeneration_required_ledger_and_inactive_actor_preserve_exact_old_backups ... ok
test mfa_generation::mfa_verified_g1_disable_preserves_fully_installed_g2_after_barrier ... ok
test mfa_generation_fences_late_remember_and_regeneration_after_clear_and_reenrollment ... ok
test mfa_two_consumed_backup_proofs_regenerate_serially_without_generation_lock_cycle ... ok
test oauth_client_persistence_contract_distinguishes_lifetimes_from_character_literals ... ok
test oauth_client_persistence_contract_ignores_documentation_and_cfg_test_items ... ok
test oauth_client_persistence_contract_keeps_scanning_after_cfg_test_items ... ok
test oauth_client_persistence_contract_rejects_aliases_declarations_imports_and_raw_sql ... ok
test oauth_client_persistence_contract_skips_cfg_test_items_with_const_generics ... ok
test oauth_client_queries_cross_the_persistence_port_without_a_server_postgres_dependency ... ok
test oauth_client_repository_keeps_records_private_and_returns_domain_clients ... ok
test passkey_and_federation_uniqueness_are_typed_conflicts ... ok
test passkey_counter_update_is_monotonic_compare_and_set ... ok
test profile_update_cannot_restore_stale_phone_verification ... ok
test profile_update_persists_only_the_typed_profile_projection ... ok
test repositories_accept_validated_tenant_and_user_ids ... ok
test scim_replace_returns_domain_claims_from_one_transaction ... ok
test seed_upsert_is_atomic_and_preserves_unmanaged_client_state ... ok
test seed_upsert_persists_jarm_algorithm_on_insert_and_conflict_update ... ok
test server_has_no_identity_rows_or_identity_diesel_queries ... ok
test server_mfa_verification_does_not_query_migrated_tables_directly ... ok
test subject_claims_reject_invalid_persisted_role_invariant ... ok
test system_tenant_admin_outcomes_preserve_cross_tenant_audit_and_rollback ... ok
test totp_enrollment_orders_cross_store_changes_for_safe_recovery ... ok
test totp_last_step_compare_and_set_has_one_concurrent_winner ... ok
test totp_verification_classification_and_audit_are_atomic_and_replay_safe ... ok
test user_lookup_is_tenant_scoped ... ok

test result: ok. 61 passed; 0 failed; 0 ignored; 0 measured; 0 filtered out; finished in 8.41s

     Running tests/migrations.rs (target/debug/deps/migrations-c0b5acd6a1909a78)

running 27 tests
test access_token_revocation_retention_backfill_extends_only_live_windows ... ok
test access_token_revocation_retention_sql_pins_the_verifier_skew_window ... ok
test embedded_migration_head_tracks_latest_directory ... ok
test empty_schema_migration_run_leaves_revocation_retention_applied_and_writable ... ok
test identity_security_event_migration_is_additive_redacted_and_round_trips ... ok
test issuance_cleanup_uses_expiry_as_an_index_bound ... ok
test oidc_logout_idempotency_migration_is_additive_partial_and_reversible ... ok
test openid4vp_expiry_cleanup_query_is_indexable ... ok
test pending_migrations_create_all_runtime_module_state_tables ... ok
test pending_migrations_create_tenant_scoped_signing_keyset_storage ... ok
test persisted_security_state_cut_executes_fail_closed_and_establishes_current_invariants ... ok
test persisted_security_state_cut_removes_every_legacy_authority ... ok
test pushed_requests_policy_downgrade_fails_closed_on_required_clients ... ok
test recovery_allocation_proof_migration_hard_cuts_unsigned_pending_state ... ok
test recovery_coverage_migration_preserves_old_receipts_and_writer_default ... ok
test recovery_receipt_migration_binds_exact_retry_to_immutable_result ... ok
test recovery_root_key_history_backfills_current_keys_and_refuses_downgrade ... ok
test recovery_root_migration_pins_kdf_ttl_uniqueness_and_fail_closed_downgrade ... ok
test refresh_state_minimal_migration_converges_family_cap_and_contracts ... ok
test revoked_refresh_family_cleanup_index_is_partial_and_reversible ... ok
test runtime_module_state_migration_enforces_catalogs_and_round_trips ... ok
test security_state_cleanup_function_bounds_every_category ... ok
test security_state_cleanup_has_versioned_definitions_and_no_runtime_call ... ok
test social_provider_type_migration_preserves_existing_rows_and_has_safe_down_policy ... ok
test tenant_resource_provenance_cut_keeps_one_deterministic_binding_and_rejects_ambiguity ... ok
test token_principal_epochs_survive_reactivation_and_bindings_are_tenant_owned ... ok
test totp_invalid_audit_migration_extends_and_restores_the_closed_catalog ... ok

test result: ok. 27 passed; 0 failed; 0 ignored; 0 measured; 0 filtered out; finished in 5.39s

     Running tests/mtls_trust.rs (target/debug/deps/mtls_trust-38e60f673b380dc1)

running 5 tests
test mtls_trust_lifecycle_is_owned_two_person_current_and_revocable ... ok
test mtls_trust_required::cancelled_trust_required_owner_releases_peer_lock_without_pool_checkout ... ok
test mtls_trust_required::required_trust_append_fault_restores_approve_reject_revoke_and_every_event ... ok
test mtls_trust_required::trust_approval_samples_time_after_tenant_lock_wait_across_expiry ... ok
test mtls_trust_required::trust_owner_rechecks_current_actor_and_approval_client_after_row_lock_wait ... ok

test result: ok. 5 passed; 0 failed; 0 ignored; 0 measured; 0 filtered out; finished in 6.63s

     Running tests/oauth_client_dcr.rs (target/debug/deps/oauth_client_dcr-182d5ce08f625a45)

running 16 tests
test admin_client_required::admin_client_required_current_actor_denies_inactive_demoted_and_wrong_context ... ok
test admin_client_required::admin_client_required_hidden_committed_ack_withholds_secret_and_updated_receipt ... ok
test admin_client_required::admin_client_required_ledger_failure_rolls_back_insert_and_exact_cas ... ok
test admin_client_required::admin_client_required_ports_have_no_bare_repository_fallback ... ok
test concurrent_replace_registration_on_one_token_rotates_exactly_once ... ok
test dcr_replace_cannot_resurrect_a_concurrently_deleted_client ... ok
test dcr_required_event_failure_rolls_back_each_owned_effect ... ok
test dynamic_profile_metadata_round_trips_through_postgres ... ok
test dynamic_registration_store_maps_repository_failures_to_unavailable ... ok
test dynamic_registration_store_preserves_atomic_credential_semantics ... ok
test dynamic_registration_store_round_trips_registration_and_secret_material ... ok
test oauth_client_reads_fail_closed_across_tenants ... ok
test registration_token_rotation_rejects_a_stale_authenticated_token ... ok
test replace_registration_rejects_stale_predicates_without_writing ... ok
test replace_registration_returning_and_record_exclude_secret_columns ... ok
test replace_registration_returns_the_committed_row ... ok

test result: ok. 16 passed; 0 failed; 0 ignored; 0 measured; 0 filtered out; finished in 3.36s

     Running tests/oidc_logout.rs (target/debug/deps/oidc_logout-4c567fdcd69a7d88)

running 2 tests
test logout_fanout_is_tenant_scoped_idempotent_and_atomic ... ok
test logout_projection_reads_only_logout_facts_and_rejects_malformed_redirects ... ok

test result: ok. 2 passed; 0 failed; 0 ignored; 0 measured; 0 filtered out; finished in 0.41s

     Running tests/openid4vc.rs (target/debug/deps/openid4vc-ac6db2fb81d2ee78)

running 37 tests
test access_upsert_conflict_with_a_different_identity_is_a_noop ... ok
test access_upsert_preserves_the_revocation_marker ... ok
test access_upsert_updates_each_mutable_projection_column ... ok
test anonymous_pre_authorized_persist_never_reads_client_rows ... ok
test anonymous_pre_authorized_persist_writes_the_upsert_row_shape ... ok
test concurrent_deferred_claims_lease_to_one_owner ... ok
test concurrent_identical_access_upserts_are_noops ... ok
test corrupt_deferred_payload_rolls_back_the_claim_lease ... ok
test credential_dataset_mutations_require_an_active_admin_and_are_audited_atomically ... ok
test credential_persistence_rejects_binding_conflicts_and_accepts_exact_retries ... ok
test credential_proof_origin_migration_preserves_legacy_and_guards_anonymous_rollback ... ok
test deferred_access_join_is_guaranteed_by_the_schema ... ok
test deferred_claim_rejects_unclaimable_rows_without_leasing ... ok
test deferred_claim_returns_joined_domain_state_and_writes_the_lease ... ok
test deferred_claim_supports_grants_without_dpop_binding ... ok
test deferred_locked_projection_rechecks_waited_facts_and_discards_cancelled_owner ... ok
test deferred_pending_busy_invalid_outcomes_keep_original_lease_and_transaction ... ok
test deferred_reverse_grant_pairs_wait_on_the_sorted_first_lock_and_both_commit ... ok
test identical_access_upsert_leaves_the_row_version_untouched ... ok
test issuance_store_covers_atomic_recovery_and_terminal_error_boundaries ... ok
test managed_dataset_required::cancelled_dataset_required_owner_releases_peer_row_lock_without_pool_checkout ... ok
test managed_dataset_required::dataset_fault_contract_rejects_suppressed_effect_source_and_required_events ... ok
test managed_dataset_required::dataset_owner_rechecks_actor_and_subject_after_real_row_lock_wait ... ok
test managed_dataset_required::dataset_put_returns_actual_stored_validity_before_ack ... ok
test managed_dataset_required::dataset_real_noop_does_not_append_accepting_evidence ... ok
test managed_dataset_required::required_dataset_append_fault_rolls_back_exact_ciphertext_source_events_and_ledger ... ok
test notification_identical_concurrent_retries_preserve_first_event_and_occurrence ... ok
test openid4vc_state_is_tenant_bound_and_sensitive_values_are_single_use_and_encrypted_at_rest ... ok
test pre_authorized_persist_distinguishes_mismatched_and_inactive_clients ... ok
test pre_authorized_persist_holds_the_client_lock_until_deactivation_wins ... ok
test pre_authorized_persist_rejects_a_client_deactivated_after_authentication ... ok
test pre_authorized_verification_rechecks_snapshot_expiry_and_busy_result ... ok
test pre_authorized_verification_releases_the_pool_and_has_one_consumer ... ok
test presentation_completion_rechecks_owner_clock_after_pool_and_record_waits ... ok
test recoverable_issuance_leases_commit_responses_and_deferred_credentials_once ... ok
test refreshed_access_continues_only_its_original_credential_intent_after_source_expiry ... ok
test revoked_access_grants_stay_revoked_through_every_persist_path ... ok

test result: ok. 37 passed; 0 failed; 0 ignored; 0 measured; 0 filtered out; finished in 37.11s

     Running tests/pool_async_contract.rs (target/debug/deps/pool_async_contract-f5627370735fc6fe)

running 6 tests
test concurrent_acquisitions_all_succeed ... ok
test failed_pool_acquisition_returns_an_error ... ok
test migrations_run_from_a_current_thread_runtime ... ok
test pool_admin_operation_errors_remain_typed_across_runtime_boundaries ... ok
test pool_admin_operations_keep_async_rustls_and_isolate_the_migration_harness ... ok
test pool_health_and_connection_execute_real_async_round_trips ... ok

test result: ok. 6 passed; 0 failed; 0 ignored; 0 measured; 0 filtered out; finished in 0.32s

     Running tests/pool_runtime_owner.rs (target/debug/deps/pool_runtime_owner-4db34712a2e99247)

running 2 tests
test cancelling_pool_acquisition_aborts_pending_connection_setup ... ok
test shared_pool_connection_outlives_the_borrowers_runtime ... ok

test result: ok. 2 passed; 0 failed; 0 ignored; 0 measured; 0 filtered out; finished in 0.06s

     Running tests/query_counts.rs (target/debug/deps/query_counts-f7a65d74d79d0853)

running 19 tests
test ca01_authentication_snapshot_is_single_combined_read ... ok
test dc01_replace_registration_is_single_update_returning ... ok
test df01_deferred_claim_ready_uses_locked_projection_then_lease_update ... ok
test exs04_existence_checks_are_single_statements ... ok
test id01_active_subject_id_by_tenant_id_is_single_read ... ok
test oidc_refresh_early_profile_is_coherent_and_final_fences_reject_changes ... ok
test oidc_refresh_snapshot_fallback_and_non_oidc_keep_original_reads ... ok
test oidc_refresh_snapshot_prepares_public_and_pairwise_in_one_runtime_role_query ... ok
test oidc_subject_preparation_reads_claims_epoch_and_binding_once ... ok
test refresh_lookup_prepared_cache_reuses_two_shapes_and_isolates_binds ... ok
test rf00_malformed_refresh_contract_is_rejected_before_pool_checkout ... ok
test rf01_ordinary_rotation_commit_has_exact_statement_count ... ok
test rf06_lost_response_successor_is_single_read ... ok
test rv09_mixed_revocation_retains_refresh_probes_before_jti_upsert ... ok
test rv09_revoke_issued_tokens_short_circuits_without_a_family ... ok
test rv09_revoke_refresh_family_is_lookup_lock_and_single_update ... ok
test ui01_userinfo_snapshot_is_single_read_for_both_subject_refs ... ok
test up06_upsert_access_verifies_no_write_retries ... ok
test vf01_pre_authorized_access_is_one_statement_per_path ... ok

test result: ok. 19 passed; 0 failed; 0 ignored; 0 measured; 0 filtered out; finished in 7.36s

     Running tests/recovery_invalidation.rs (target/debug/deps/recovery_invalidation-84d1a172d5f53dc2)

running 2 tests
test one_global_epoch_has_one_operation_winner ... ok
test restore_covers_all_tenants_and_exact_receipt_never_revokes_new_families ... ok

test result: ok. 2 passed; 0 failed; 0 ignored; 0 measured; 0 filtered out; finished in 2.91s

     Running tests/refresh_authority.rs (target/debug/deps/refresh_authority-8ea73875a30c81f1)

running 19 tests
test authentication_class_downgrade_rolls_back_when_required_audit_fails ... ok
test authentication_class_downgrade_serializes_with_rotation_in_both_orders ... ok
test bound_delayed_rotation_uses_transition_clock_without_false_reuse ... ok
test bound_retry_rechecks_exact_transition_window_at_commit ... ok
test confidential_and_public_sender_bound_families_keep_64_proofs ... ok
test contract_reference_reuses_equal_payload_and_rejects_same_key_different_payload ... ok
test family_contract_lookup_preserves_per_family_lock_scope ... ok
test legacy_full_migration_sql_key_rotates_without_rekeying_its_original_contract ... ok
test preserve_commit_serializes_before_real_revocation_and_capacity_retirement ... ok
test preserve_rechecks_source_expiry_contract_and_sender_binding ... ok
test public_proof_cleanup_respects_original_expiry_without_ending_live_family ... ok
test public_retention_upgrade_invalidates_unprovable_history_without_reviving_on_down ... ok
test public_unbound_replay_after_65_rotations_revokes_only_its_family ... ok
test r05_snapshot_candidate_rechecks_terminal_state_and_member_at_commit ... ok
test rotation_narrows_and_reorders_current_audience_without_replacing_original_contract ... ok
test rotation_rechecks_expiry_after_acquiring_the_source_row_lock ... ok
test rotation_rejects_audience_expansion_without_compromising_the_family ... ok
test source_snapshot_cannot_commit_after_real_revocation_or_capacity_retirement ... ok
test two_legal_preserves_overlap_while_revocation_waits_for_both ... ok

test result: ok. 19 passed; 0 failed; 0 ignored; 0 measured; 0 filtered out; finished in 34.64s

     Running tests/refresh_family_capacity.rs (target/debug/deps/refresh_family_capacity-86a5925a918fba3c)

running 10 tests
test cap_grows_to_ten_then_retires_the_deterministic_oldest ... ok
test cap_is_per_tenant_user_client_scope ... ok
test capacity_retired_family_tokens_remain_revoked_tombstones ... ok
test concurrent_authorizations_never_exceed_the_cap ... ok
test fresh_retired_contract_is_reclaimed_without_touching_live_references ... ok
test machine_issuance_without_user_skips_the_cap ... ok
test public_family_retains_more_than_sixty_four_unexpired_rotation_proofs ... ok
test required_capacity_audit_failure_rolls_back_retirement_and_issuance ... ok
test rotation_never_consumes_a_family_slot ... ok
test spent_proofs_stay_bounded_under_sustained_rotation ... ok

test result: ok. 10 passed; 0 failed; 0 ignored; 0 measured; 0 filtered out; finished in 25.79s

     Running tests/runtime_modules.rs (target/debug/deps/runtime_modules-00129cc7fecbe714)

running 10 tests
test audit_persistence_accepts_every_closed_event_kind ... ok
test desired_revision_change_commits_before_old_completion_and_forces_stale_audit ... ok
test desired_state_cas_is_atomic_stale_safe_and_noop_audited ... ok
test guarded_desired_changes_are_serialized_across_database_connections ... ok
test instance_completion_cannot_overwrite_a_newer_transition_revision ... ok
test instance_event_insert_failure_rolls_back_state_mutation ... ok
test registry_generated_transition_events_are_postgresql_compatible ... ok
test revision_validation_is_tenant_scoped_and_tracks_authoritative_changes ... ok
test runtime_event_page_returns_typed_newest_first_records ... ok
test stale_observation_is_state_preserving_with_current_or_superseded_revision ... ok

test result: ok. 10 passed; 0 failed; 0 ignored; 0 measured; 0 filtered out; finished in 1.81s

     Running tests/schema_cleanup.rs (target/debug/deps/schema_cleanup-7b5e736274a14c76)

running 4 tests
test cleanup_refuses_directory_constraint_drift_and_external_dependencies ... ok
test cleanup_refuses_legacy_information_without_partial_ddl_or_data_loss ... ok
test constant_and_empty_state_cleanup_round_trips_without_losing_rows ... ok
test retained_composite_fks_reject_cross_tenant_children_and_parent_mutations ... ok

test result: ok. 4 passed; 0 failed; 0 ignored; 0 measured; 0 filtered out; finished in 0.47s

     Running tests/scim_pagination.rs (target/debug/deps/scim_pagination-8093a3d1f76570b7)

running 1 test
test tenant_pages_preserve_timestamp_ties_exact_totals_and_count_zero ... ok

test result: ok. 1 passed; 0 failed; 0 ignored; 0 measured; 0 filtered out; finished in 0.18s

     Running tests/scim_security_events.rs (target/debug/deps/scim_security_events-c131aabc335352f8)

running 2 tests
test batched_receipts_preserve_visibility_terminal_outcomes_and_receiver_isolation ... ok
test scim_outbox_is_atomic_receiver_scoped_and_terminally_acknowledged ... ok

test result: ok. 2 passed; 0 failed; 0 ignored; 0 measured; 0 filtered out; finished in 0.38s

     Running tests/security_state_maintenance.rs (target/debug/deps/security_state_maintenance-7f86a2e46c43a331)

running 27 tests
test acked_audit_rows_leave_the_ledger_and_unacked_rows_stay ... ok
test active_successor_blocks_ancestor_reclaim ... ok
test audit_ack_deletes_delivery_rows_atomically ... ok
test bounded_batch_finishes_before_a_queued_connection_borrower ... ok
test cancelled_batch_leaves_no_open_transaction_on_pooled_connection ... ok
test concurrent_batches_do_not_deadlock_or_double_count ... ok
test concurrent_credential_sweepers_skip_an_uncommitted_child_parent ... ok
test contract_cleaner_first_fences_writer_and_cancelled_sweeper_discards_connection ... ok
test contract_scan_advances_past_referenced_pages_and_revisits_after_wrap ... ok
test contract_writer_key_share_survives_sweep_and_commit_rollback_or_disconnect ... ok
test credential_state_cleanup_is_bounded_and_preserves_live_ownership ... ok
test expired_issuances_are_reclaimed_in_bounded_batches ... ok
test expired_spent_proofs_reclaim_while_valid_proofs_and_live_family_survive ... ok
test family_reclaim_batches_locks_without_waiting_or_exceeding_the_candidate_budget ... ok
test fresh_orphan_is_collectible_but_uncommitted_contract_and_family_are_atomic ... ok
test grant_scan_advances_past_referenced_pages_and_revisits_after_wrap ... ok
test large_family_reclaim_stays_bounded_per_batch ... ok
test live_public_family_keeps_more_than_sixty_four_unexpired_proofs ... ok
test natural_expiry_refresh_leaf_reclaimed_without_revocation ... ok
test openid4vp_find_never_deletes_and_create_only_clears_the_same_key ... ok
test oversized_family_drains_across_bounded_batches_and_reports_saturation ... ok
test preserve_shared_family_lock_skips_terminal_cleanup ... ok
test reclaim_scopes_family_authority_to_tenant ... ok
test revocations_and_scim_and_logout_categories_keep_their_retention ... ok
test terminal_refresh_proofs_drain_with_one_global_budget_before_parent_delete ... ok
test three_generation_family_reclaims_whole_chain_in_one_batch ... ok
test writer_family_lock_skips_locked_family_and_recheck_blocks_late_successor ... ok

test result: ok. 27 passed; 0 failed; 0 ignored; 0 measured; 0 filtered out; finished in 9.28s

     Running tests/signing_keys.rs (target/debug/deps/signing_keys-df9b7dbe0007e054)

running 4 tests
test closed_key_pool_preserves_typed_unavailable_through_context ... ok
test database_managed_openid4vc_material_survives_refresh_rotation_and_restart ... ok
test database_managers_share_encrypted_keys_and_restart_after_rewrapping ... ok
test signing_key_repository_converges_and_isolates_tenants ... ok

test result: ok. 4 passed; 0 failed; 0 ignored; 0 measured; 0 filtered out; finished in 3.23s

     Running tests/tenancy.rs (target/debug/deps/tenancy-5a334dae0d711e40)

running 1 test
test active_tenant_boundary_preflight_is_fail_closed ... ok

test result: ok. 1 passed; 0 failed; 0 ignored; 0 measured; 0 filtered out; finished in 1.38s

     Running tests/tenant_directory.rs (target/debug/deps/tenant_directory-d9a3851c3c476597)

running 8 tests
test concurrent_writers_serialize_through_the_revision_fence ... ok
test finalize_removes_routing_and_replays_after_deletion ... ok
test limited_runtime_role_cannot_write_the_revision_state ... ok
test one_active_binding_requires_each_boundary_and_never_returns_a_peer ... ok
test provision_advances_revision_and_replays_idempotently ... ok
test provision_seeds_tenant_capabilities_without_overwriting_switches_on_replay ... ok
test status_transitions_require_a_binding_and_stay_replay_safe ... ok
test update_moves_binding_and_revision_without_replaying_effects ... ok

test result: ok. 8 passed; 0 failed; 0 ignored; 0 measured; 0 filtered out; finished in 8.26s

     Running tests/tenant_resource_control.rs (target/debug/deps/tenant_resource_control-ba441264cf9598f6)

running 4 tests
test concurrent_execution_commits_one_exact_receipt_and_audit ... ok
test enumerate_and_revoke_commit_without_apply_preparation ... ok
test exact_receipt_survives_real_tenant_disable_and_rejects_identity_drift ... ok
test fresh_apply_without_required_preparation_is_rejected_without_receipt ... ok

test result: ok. 4 passed; 0 failed; 0 ignored; 0 measured; 0 filtered out; finished in 4.12s

     Running tests/tenant_resources.rs (target/debug/deps/tenant_resources-e446022e8007de93)

running 3 tests
test inactive_tenant_resource_binding_is_replaced_in_place_and_reactivation_is_serialized ... ok
test openid4vc_trust_policy_is_tenant_scoped_digest_fenced_and_transactional ... ok
test operator_managed_mtls_and_dataset_helpers_preserve_provenance_and_idempotency ... ok

test result: ok. 3 passed; 0 failed; 0 ignored; 0 measured; 0 filtered out; finished in 0.66s

     Running tests/token_issuance_atomicity.rs (target/debug/deps/token_issuance_atomicity-80961d727fc4e62f)

running 15 tests
test authorization_code_identity_fences_concurrent_holders_and_refresh_families ... ok
test authorization_code_receipt_migration_preserves_legacy_and_rejects_old_writers ... ok
test cancelled_issuance_on_pool_runtime_discards_the_blocked_connection ... ok
test concurrent_single_use_commits_commit_exactly_once ... ok
test expired_single_use_grant_rolls_back_everything ... ok
test final_issuance_schema_is_created_directly_without_legacy_state ... ok
test issuance_transaction_executes_on_the_connection_pool_runtime ... ok
test native_source_and_device_secret_expiry_are_rechecked_after_destination_wait ... ok
test native_source_busy_nowait_rolls_back_and_returns_retryable_dependency_failure ... ok
test native_source_cross_client_capacity_and_maintenance_complete_without_deadlock ... ok
test native_source_normal_member_rotation_does_not_invalidate_family_authority ... ok
test native_source_revoked_after_preparation_rolls_back_destination ... ok
test native_source_same_client_capacity_transfer_requires_own_live_retirement ... ok
test native_source_share_lock_holds_through_required_audit_and_commit ... ok
test rotation_conflict_keeps_family_compromise_and_only_reuse_audit ... ok

test result: ok. 15 passed; 0 failed; 0 ignored; 0 measured; 0 filtered out; finished in 4.71s

     Running tests/token_issuance_fresh.rs (target/debug/deps/token_issuance_fresh-f72d04946f393d05)

running 14 tests
test client_deactivation_waits_for_fresh_issuance_commit ... ok
test client_reactivation_does_not_revive_tokens_or_stale_issuance ... ok
test fresh_issuance_abort_during_lock_wait_discards_connection ... ok
test fresh_issuance_audit_function_failure_rejects_commit ... ok
test fresh_issuance_commits_only_required_audit ... ok
test fresh_issuance_lock_timeout_discards_connection_cleanly ... ok
test fresh_issuance_never_crosses_tenant_boundary ... ok
test fresh_issuance_rejects_duplicate_pending_audit_identity ... ok
test fresh_issuance_rejects_missing_or_inactive_client ... ok
test fresh_issuance_rejects_oversized_audit_payload ... ok
test fresh_issuance_runs_under_the_restricted_runtime_role ... ok
test fresh_issuance_waits_for_client_deactivation_and_rechecks ... ok
test repeated_pairwise_issuance_reuses_one_binding_and_honors_user_epoch ... ok
test revoked_audit_append_execute_fails_the_fresh_commit ... ok

test result: ok. 14 passed; 0 failed; 0 ignored; 0 measured; 0 filtered out; finished in 6.57s

     Running unittests src/lib.rs (target/debug/deps/nazo_resource_server-d8649f00d0716ffc)

running 119 tests
test dpop::tests::cloned_replay_verifiers_have_one_atomic_winner ... ok
test dpop::tests::proof_http_method_is_case_sensitive_before_replay_reservation ... ok
test dpop::tests::replay_cache_expires_only_due_entries_after_clock_rollback ... ok
test dpop::tests::supported_dpop_algorithm_rejects_unsupported_algs ... ok
test jwk::tests::algorithm_name_allows_only_asymmetric_jwt_signing_algorithms ... ok
test jwk::tests::decoding_key_accepts_only_matching_public_ec_key_metadata ... ok
test jwk::tests::decoding_key_accepts_only_matching_public_eddsa_key_metadata ... ok
test jwk::tests::decoding_key_accepts_only_matching_public_rsa_key_metadata ... ok
test jwk::tests::decoding_key_rejects_unsupported_or_missing_algorithm_metadata ... ok
test presentation::tests::dpop_scheme_cannot_reuse_a_matching_mtls_only_confirmation ... ok
test presentation::tests::http_authorization_headers_accepts_multiple_headers ... ok
test presentation::tests::http_authorization_headers_accepts_single_header ... ok
test presentation::tests::http_authorization_headers_rejects_invalid_utf8 ... ok
test presentation::tests::http_authorization_headers_returns_empty_for_no_headers ... ok
test presentation::tests::http_dpop_headers_accepts_multiple_headers ... ok
test presentation::tests::http_dpop_headers_accepts_single_header ... ok
test presentation::tests::http_dpop_headers_rejects_invalid_utf8 ... ok
test presentation::tests::http_dpop_headers_returns_empty_for_no_headers ... ok
test presentation::tests::presented_authorization_token_accepts_bearer ... ok
test presentation::tests::presented_authorization_token_accepts_dpop ... ok
test presentation::tests::presented_authorization_token_case_insensitive_scheme ... ok
test presentation::tests::presented_authorization_token_rejects_empty_values ... ok
test presentation::tests::presented_authorization_token_rejects_extra_parts ... ok
test presentation::tests::presented_authorization_token_rejects_missing_token ... ok
test presentation::tests::presented_authorization_token_rejects_multiple_values ... ok
test presentation::tests::presented_authorization_token_rejects_unknown_scheme ... ok
test presentation::tests::query_has_access_token_detects_absent ... ok
test presentation::tests::query_has_access_token_detects_present ... ok
test presentation::tests::query_has_access_token_handles_url_encoded ... ok
test presentation::tests::query_has_access_token_ignores_other_params ... ok
test presentation::tests::single_dpop_header_accepts_one_value ... ok
test presentation::tests::single_dpop_header_rejects_empty_slice ... ok
test presentation::tests::single_dpop_header_rejects_multiple_values ... ok
test presentation::tests::single_dpop_header_rejects_whitespace_only ... ok
test presentation::tests::validate_presented_sender_constraint_cnf_jkt_dpop_jkt_mismatch ... ok
test presentation::tests::validate_presented_sender_constraint_cnf_jkt_dpop_missing_proof ... ok
test presentation::tests::validate_presented_sender_constraint_cnf_jkt_with_dpop_and_matching_proof ... ok
test presentation::tests::validate_presented_sender_constraint_cnf_jkt_without_dpop_fails ... ok
test presentation::tests::validate_presented_sender_constraint_cnf_without_jkt_or_x5t_fails ... ok
test presentation::tests::validate_presented_sender_constraint_cnf_x5t_mismatch ... ok
test presentation::tests::validate_presented_sender_constraint_cnf_x5t_missing_mtls_proof ... ok
test presentation::tests::validate_presented_sender_constraint_cnf_x5t_with_mtls_matching ... ok
test presentation::tests::validate_presented_sender_constraint_no_cnf_bearer_ok ... ok
test presentation::tests::validate_presented_sender_constraint_no_cnf_dpop_fails ... ok
test service::tests::bearer_authorization_returns_typed_verified_result ... ok
test service::tests::concurrent_distinct_jti_proofs_can_share_a_valid_nonce ... ok
test service::tests::concurrent_dpop_replay_has_exactly_one_winner ... ok
test service::tests::dpop_accepts_any_explicit_transport_target_without_retrying_authorization ... ok
test service::tests::dpop_authorization_consumes_replay_marker_atomically ... ok
test service::tests::dpop_replay_dependency_failure_is_fail_closed ... ok
test service::tests::missing_required_nonce_does_not_consume_replay_marker ... ok
test service::tests::missing_tenant_boundary_is_rejected_before_revocation_lookup ... ok
test service::tests::mtls_bound_bearer_requires_the_verified_certificate_thumbprint ... ok
test service::tests::nonce_store_failure_is_fail_closed ... ok
test service::tests::revocation_and_revocation_dependency_failure_are_fail_closed ... ok
test service::tests::token_issuer_audience_and_use_are_enforced_before_dependencies ... ok
test tests::dpop::dpop_authorizer_rejects_invalid_proof_before_token_binding ... ok
test tests::dpop::dpop_authorizer_rejects_invalid_token_before_recording_replay ... ok
test tests::dpop::dpop_http_authorizer_verifies_proof_and_inserts_extensions ... ok
test tests::dpop::dpop_htu_normalizes_both_proof_and_configured_target ... ok
test tests::dpop::dpop_htu_rejects_an_invalid_configured_target ... ok
test tests::dpop::dpop_jwk_thumbprint_covers_ec_okp_and_rsa_public_members_only ... ok
test tests::dpop::dpop_jwk_thumbprint_is_defined_only_for_supported_public_jwk_members ... ok
test tests::dpop::dpop_low_level_decoder_rejects_malformed_compact_jws_parts ... ok
test tests::dpop::dpop_low_level_decoder_rejects_valid_compact_jws_with_wrong_key ... ok
test tests::dpop::dpop_proof_verifier_enforces_required_nonce ... ok
test tests::dpop::dpop_proof_verifier_fails_closed_when_replay_cache_is_full ... ok
test tests::dpop::dpop_proof_verifier_produces_verified_sender_context ... ok
test tests::dpop::dpop_proof_verifier_rejects_empty_jti ... ok
test tests::dpop::dpop_proof_verifier_rejects_expired_and_future_iat ... ok
test tests::dpop::dpop_proof_verifier_rejects_invalid_signature ... ok
test tests::dpop::dpop_proof_verifier_rejects_malformed_compact_jwt_parts ... ok
test tests::dpop::dpop_proof_verifier_rejects_missing_or_private_header_jwk ... ok
test tests::dpop::dpop_proof_verifier_rejects_replayed_jti ... ok
test tests::dpop::dpop_proof_verifier_rejects_wrong_ath ... ok
test tests::dpop::dpop_proof_verifier_rejects_wrong_method_and_uri ... ok
test tests::dpop::dpop_proof_verifier_rejects_wrong_type_and_unsupported_algorithm ... ok
test tests::dpop::dpop_public_jwk_decoder_accepts_supported_public_key_families ... ok
test tests::dpop::dpop_public_jwk_decoder_rejects_algorithm_use_and_shape_mismatches ... ok
test tests::request_authorization::access_token_query_detection_decodes_form_keys_only ... ok
test tests::request_authorization::authorization_header_parser_accepts_bearer_and_dpop_case_insensitively ... ok
test tests::request_authorization::authorization_header_parser_rejects_missing_duplicate_and_malformed_values ... ok
test tests::request_authorization::dpop_header_parser_requires_exactly_one_non_empty_proof ... ok
test tests::request_authorization::dpop_request_authorizer_rejects_bearer_scheme ... ok
test tests::request_authorization::dpop_request_authorizer_rejects_query_access_tokens ... ok
test tests::request_authorization::http_request_authorizer_inserts_verified_claims_into_extensions ... ok
test tests::request_authorization::raw_http_header_extractors_fail_closed_on_non_utf8_values ... ok
test tests::request_authorization::request_authorizer_rejects_duplicate_authorization_headers ... ok
test tests::request_authorization::request_authorizer_rejects_query_access_tokens ... ok
test tests::request_authorization::request_authorizer_requires_verified_dpop_binding_context ... ok
test tests::request_authorization::request_authorizer_requires_verified_mtls_binding_context ... ok
test tests::verifier::accepts_any_configured_audience_from_array ... ok
test tests::verifier::accepts_jwk_without_optional_key_id ... ok
test tests::verifier::enforces_dpop_jkt_binding ... ok
test tests::verifier::enforces_require_any_sender_constraint_with_jkt ... ok
test tests::verifier::enforces_require_any_sender_constraint_with_none_cnf ... ok
test tests::verifier::enforces_require_any_sender_constraint_with_x5t ... ok
test tests::verifier::enforces_require_dpop_jkt_with_none_cnf ... ok
test tests::verifier::enforces_require_mtls_thumbprint_with_matching_cnf ... ok
test tests::verifier::enforces_require_mtls_thumbprint_with_none_cnf ... ok
test tests::verifier::enforces_require_mtls_with_none_cnf ... ok
test tests::verifier::enforces_sender_constraint_policy_variants ... ok
test tests::verifier::prepared_keys_preserve_unrelated_invalid_key_and_unknown_key_errors ... ok
test tests::verifier::rejects_dpop_jkt_mismatch ... ok
test tests::verifier::rejects_duplicate_jwk_key_ids_at_configuration_time ... ok
test tests::verifier::rejects_expired_and_not_yet_valid_tokens_with_clock_skew ... ok
test tests::verifier::rejects_id_token_typ ... ok
test tests::verifier::rejects_missing_required_scope ... ok
test tests::verifier::rejects_mixed_type_audience_and_ambiguous_confirmation_claims ... ok
test tests::verifier::rejects_non_string_audience_values ... ok
test tests::verifier::rejects_token_signed_with_disallowed_algorithm ... ok
test tests::verifier::rejects_token_when_jwk_algorithm_does_not_match_header ... ok
test tests::verifier::rejects_token_with_missing_kid_before_key_lookup ... ok
test tests::verifier::rejects_token_with_non_access_token_use ... ok
test tests::verifier::rejects_token_with_unknown_kid ... ok
test tests::verifier::rejects_token_with_wrong_issuer ... ok
test tests::verifier::rejects_verifier_configs_missing_trust_anchors ... ok
test tests::verifier::rejects_wrong_audience ... ok
test tests::verifier::verifies_jwt_access_token_with_required_scope ... ok

test result: ok. 119 passed; 0 failed; 0 ignored; 0 measured; 0 filtered out; finished in 11.59s

     Running tests/dependency_boundary.rs (target/debug/deps/dependency_boundary-2ab441663b1c524d)

running 1 test
test resource_server_has_no_framework_or_authorization_server_dependencies ... ok

test result: ok. 1 passed; 0 failed; 0 ignored; 0 measured; 0 filtered out; finished in 0.03s

     Running unittests src/lib.rs (target/debug/deps/nazo_runtime_modules-d5a51e218403c9f3)

running 31 tests
test catalog::tests::security_profile_block_is_reflected_only_in_effective_policy ... ok
test lease::tests::closed_generation_rejects_a_delayed_stale_snapshot ... ok
test lease::tests::closing_an_old_generation_does_not_reject_a_new_generation ... ok
test lease::tests::drain_waits_for_all_retained_generations_and_rejects_delayed_acquisition ... ok
test management::tests::admin_revision_survives_failed_dependency_loss_persistence_and_repairs_admission ... ok
test management::tests::concurrent_dependency_disable_and_dependent_enable_cannot_both_commit ... ok
test management::tests::dependency_enabled_but_not_admitted_is_unavailable ... ok
test management::tests::dependency_loss_during_initialize_is_rechecked_and_fails_closed ... ok
test management::tests::desired_revision_exhaustion_fails_without_wrapping_or_mutating ... ok
test management::tests::disable_drain_deadline_failure_is_persisted ... ok
test management::tests::disable_drain_lifecycle_error_is_persisted ... ok
test management::tests::disable_drains_stored_transactions_before_stopping ... ok
test management::tests::disable_stop_failure_is_persisted_after_drain ... ok
test management::tests::draining_scim_events_block_parent_disable_until_the_child_finishes ... ok
test management::tests::enable_lifecycle_failure_is_persisted_as_failed ... ok
test management::tests::enable_stale_final_cas_withdraws_admission ... ok
test management::tests::list_uses_one_joined_read_and_preserves_typed_state ... ok
test management::tests::management_view_reports_the_security_profiles_effective_disable_policy ... ok
test management::tests::matching_durable_revision_repairs_missing_own_admission ... ok
test management::tests::reconcile_all_does_not_skip_dependency_loss_or_active_dependents ... ok
test management::tests::reconcile_all_does_not_transition_after_a_snapshot_read_failure ... ok
test management::tests::reconcile_all_polls_one_snapshot_and_observes_the_next_admin_revision ... ok
test management::tests::reconcile_all_reloads_pending_state_before_a_transition ... ok
test management::tests::reconcile_covers_no_change_and_initial_enable_disable_transitions ... ok
test management::tests::reconcile_propagates_desired_state_repository_failures ... ok
test management::tests::reconcile_reports_missing_disabled_and_active_dependency_boundaries ... ok
test management::tests::repository_failure_remains_distinct_from_policy_and_catalog_errors ... ok
test management::tests::snapshot_admission_marks_a_disabled_dependent_as_active_for_policy_checks ... ok
test management::tests::snapshot_revision_exhaustion_returns_instead_of_spinning ... ok
test management::tests::stale_update_reports_the_revision_that_won_without_mutation ... ok
test management::tests::unavailable_constructed_services_keep_desired_history_but_cannot_enable_or_block_dependencies ... ok

test result: ok. 31 passed; 0 failed; 0 ignored; 0 measured; 0 filtered out; finished in 0.01s

     Running tests/disable_policies.rs (target/debug/deps/disable_policies-e02c49cc514177ca)

running 1 test
test fixed_catalog_assigns_every_reviewed_disable_policy ... ok

test result: ok. 1 passed; 0 failed; 0 ignored; 0 measured; 0 filtered out; finished in 0.00s

     Running tests/lease.rs (target/debug/deps/lease-d9b49d9d92facf97)

running 2 tests
test lease_is_issued_only_for_admitted_module_and_generation ... ok
test metadata_capability_and_new_work_admission_are_the_same_snapshot_fact ... ok

test result: ok. 2 passed; 0 failed; 0 ignored; 0 measured; 0 filtered out; finished in 0.00s

     Running tests/revision_races.rs (target/debug/deps/revision_races-9518675b794d6045)

running 15 tests
test compensation_revalidates_a_second_durable_intent_change_after_publication ... ok
test concurrent_reconciles_for_one_module_execute_one_lifecycle_transition ... ok
test desired_api_records_only_intent_and_blocks_active_profile_dependency ... ok
test disable_waits_for_the_removed_snapshot_generations_request_lease ... ok
test observation_failure_or_unknown_commit_does_not_skip_latest_intent_compensation ... ok
test resumed_drain_uses_the_persisted_deadline_instead_of_extending_the_ttl ... ok
test stale_disable_after_snapshot_publication_restores_newer_enabled_intent ... ok
test stale_disable_after_stop_cannot_reopen_until_the_new_revision_initializes ... ok
test stale_disable_before_snapshot_publication_preserves_previous_admission ... ok
test stale_disable_cannot_complete_drain ... ok
test stale_disable_cannot_persist_final_state ... ok
test stale_enable_is_discarded_before_snapshot_publication ... ok
test stale_enable_is_rolled_back_before_final_state_persistence ... ok
test successful_enable_and_disable_emit_exhaustive_ordered_audit ... ok
test unknown_completed_writes_preserve_the_effect_and_align_admission_to_current_intent ... ok

test result: ok. 15 passed; 0 failed; 0 ignored; 0 measured; 0 filtered out; finished in 0.04s

     Running tests/state_machine.rs (target/debug/deps/state_machine-c3a0af4f253cea1d)

running 18 tests
test audit_event_catalog_is_closed_and_exhaustive ... ok
test catalog_rejects_self_dependencies_and_cycles ... ok
test catalog_requires_exactly_one_spec_per_module ... ok
test complete_catalog_with_known_acyclic_dependencies_is_valid ... ok
test desired_cas_distinguishes_absent_rows_and_atomically_appends_audit ... ok
test desired_modes_resolve_against_the_inherited_default ... ok
test durable_desired_revision_can_be_revalidated ... ok
test instance_cas_returns_current_on_revision_conflict ... ok
test lifecycle_transition_matrix_is_closed ... ok
test module_specs_retain_all_disable_policy_variants ... ok
test only_legal_state_transitions_are_accepted ... ok
test only_one_concurrent_publisher_can_win_a_revision_compare_and_swap ... ok
test request_lease_retains_the_old_snapshot_generation ... ok
test revision_guards_and_snapshot_publication_reject_stale_transitions ... ok
test snapshot_publication_rejects_a_revision_rollback ... ok
test snapshot_publication_rejects_an_equal_revision ... ok
test stale_desired_cas_returns_current_without_mutation_or_event ... ok
test two_same_base_callers_allow_only_the_strictly_advancing_publication ... ok

test result: ok. 18 passed; 0 failed; 0 ignored; 0 measured; 0 filtered out; finished in 0.00s

     Running unittests src/lib.rs (target/debug/deps/nazo_scim_events-7bc5e2827ee4ff8a)

running 0 tests

test result: ok. 0 passed; 0 failed; 0 ignored; 0 measured; 0 filtered out; finished in 0.00s

     Running tests/domain_contract.rs (target/debug/deps/domain_contract-196f69c7306e66e6)

running 4 tests
test mutation_context_is_default_closed_and_uses_uuidv7 ... ok
test notice_claims_use_sub_id_and_exactly_one_payload_mode ... ok
test poll_request_rejects_ambiguous_or_unbounded_dispositions ... ok
test publisher_binds_each_set_to_issuer_receiver_and_event_id ... ok

test result: ok. 4 passed; 0 failed; 0 ignored; 0 measured; 0 filtered out; finished in 0.00s

     Running unittests src/lib.rs (target/debug/deps/nazo_valkey-ea037355e96364b0)

running 19 tests
test authorization::tests::authorization_code_begin_reply_maps_terminal_states_exactly ... ok
test authorization::tests::authorization_code_begin_reply_rejects_malformed_structured_states ... ok
test authorization::tests::decision_cleanup_errors_and_unknown_replies_never_become_success ... ok
test authorization::tests::decision_cleanup_reply_preserves_all_three_outcomes ... ok
test authorization_state::tests::preparation_dependency_errors_do_not_become_conflicts ... ok
test authorization_state::tests::preparation_write_outcomes_preserve_conflict_semantics ... ok
test authorization_state::tests::unknown_cleanup_network_outcomes_remain_errors_without_claiming_a_phase ... ok
test avatar_upload_state::tests::malformed_upload_state_cannot_be_claimed_or_published ... ok
test avatar_upload_state::tests::persisted_authorization_rejects_invalid_identity_and_expiry ... ok
test avatar_upload_state::tests::upload_authorization_is_create_once_and_expiry_is_authoritative ... ok
test command::tests::compare_delete_checks_the_opaque_value_before_deleting ... ok
test error::tests::fred_protocol_errors_remain_distinct_from_corrupt_stored_data ... ok
test keys::tests::email_verification_keys_are_tenant_scoped_and_hide_subjects ... ok
test keys::tests::fapi_http_signature_replay_key_is_tenant_scoped_and_stable ... ok
test keys::tests::oidc_federation_state_key_is_deterministic_and_hides_the_state ... ok
test keys::tests::private_key_jwt_replay_key_is_client_scoped_and_hashed ... ok
test tenant_directory::tests::decoder_rejects_unknown_fields_and_noncanonical_revision ... ok
test tenant_directory::tests::equal_wire_reuses_validated_snapshot_but_changed_wire_is_revalidated ... ok
test tenant_directory::tests::strict_round_trip_preserves_snapshot ... ok

test result: ok. 19 passed; 0 failed; 0 ignored; 0 measured; 0 filtered out; finished in 0.01s

     Running tests/authorization_contract.rs (target/debug/deps/authorization_contract-f4e4889478fd5658)

running 19 tests
test authorization_code_begin_and_busy_retry_preserve_the_original_ttl ... ok
test authorization_code_transitions_keep_begin_ttl_and_terminal_replay_semantics ... ok
test concurrent_authorization_code_begin_has_one_consuming_winner ... ok
test concurrent_consent_cleanup_has_exactly_one_winner ... ok
test concurrent_preparation_writes_have_one_initial_winner ... ok
test concurrent_reauthentication_nonce_consumption_has_exactly_one_winner ... ok
test consent_rejects_replacement_and_retry_after_preview_without_refreshing_ttl ... ok
test consent_snapshot_accepts_old_wire_but_rejects_rewritten_or_changed_state ... ok
test decision_cleanup_keeps_tenant_deployment_and_epoch_boundaries ... ok
test decision_cleanup_preserves_replacements_and_original_partial_cleanup_order ... ok
test decision_cleanup_uses_raw_versions_and_supports_consent_without_par ... ok
test decision_cleanup_wrong_type_is_an_error_at_the_confirmed_stage ... ok
test invalid_preparation_ttl_remains_an_unexpected_dependency_error ... ok
test malformed_snapshot_and_corrupt_replacement_fail_closed_without_deleting ... ok
test par_preserves_exact_hashed_key_json_ttl_and_conditional_cleanup ... ok
test par_rejects_replacement_and_retry_after_preview_without_refreshing_ttl ... ok
test par_snapshot_cleanup_accepts_legacy_wire_with_reordered_multi_parameter_json ... ok
test preparation_conflicts_and_cleanup_are_tenant_scoped ... ok
test reauthentication_precision_is_versioned_and_legacy_nonce_is_consumed_fail_closed ... ok

test result: ok. 19 passed; 0 failed; 0 ignored; 0 measured; 0 filtered out; finished in 2.19s

     Running tests/avatar_upload_state_contract.rs (target/debug/deps/avatar_upload_state_contract-76c043b13feac032)

running 2 tests
test avatar_upload_claims_are_leased_and_owner_fenced ... ok
test avatar_upload_release_and_expired_lease_allow_a_new_owner ... ok

test result: ok. 2 passed; 0 failed; 0 ignored; 0 measured; 0 filtered out; finished in 0.01s

     Running tests/ciba_device_contract.rs (target/debug/deps/ciba_device_contract-759a68c481faa012)

running 15 tests
test approved_device_code_remains_retryable_for_owner_claim ... ok
test ciba_cas_preserves_exact_key_payload_deadline_and_single_winner ... ok
test ciba_cas_rejects_an_expired_authorization_without_mutating_state ... ok
test ciba_decision_atomically_schedules_and_terminally_acks_ping_delivery ... ok
test ciba_ping_claim_reports_full_stale_and_mixed_scans_before_live_tail ... ok
test concurrent_approved_ciba_polls_preserve_retryable_state_until_durable_commit ... ok
test concurrent_device_denials_commit_one_terminal_result ... ok
test concurrent_device_polls_atomically_accumulate_slow_down ... ok
test device_claim_checks_live_mapping_and_recorded_snapshot_preserves_exact_deadline ... ok
test device_creation_is_atomic_and_collision_leaves_no_orphan ... ok
test device_snapshot_preserves_raw_cas_value_and_rejects_missing_expiry_or_corruption ... ok
test expired_ciba_ping_is_failed_without_exposing_its_notification_token ... ok
test protocol_ciba_deadline_create_rejects_every_explicit_elapsed_value ... ok
test protocol_ciba_deadline_delete_rejects_elapsed_authority_without_mutation ... ok
test protocol_ciba_deadline_replace_rejects_elapsed_authority_without_mutation ... ok

test result: ok. 15 passed; 0 failed; 0 ignored; 0 measured; 0 filtered out; finished in 0.11s

     Running tests/delivery_contract.rs (target/debug/deps/delivery_contract-00b376421a18d0bc)

running 6 tests
test client_delivery_preserves_payload_and_exact_original_deadline ... ok
test committed_snapshot_rejects_republication_and_has_one_exact_consumer ... ok
test concurrent_stagers_cannot_overwrite_the_winners_secret_or_attempt ... ok
test exact_publish_cannot_recreate_missing_or_replace_another_attempt ... ok
test expired_attempts_cannot_stage_publish_or_extend_the_deadline ... ok
test recovery_consume_before_original_publisher_resumes_cannot_disclose_twice ... ok

test result: ok. 6 passed; 0 failed; 0 ignored; 0 measured; 0 filtered out; finished in 0.08s

     Running tests/federation_binding.rs (target/debug/deps/federation_binding-921b78d18351fa81)

running 4 tests
test correct_and_wrong_browser_concurrency_has_exactly_one_owner_winner ... ok
test each_federation_take_uses_the_single_eval_matching_path ... ok
test matching_owner_typed_corruption_is_consumed_then_rejected ... ok
test nonowner_legacy_and_corrupt_state_keep_exact_raw_value_and_expiry ... ok

test result: ok. 4 passed; 0 failed; 0 ignored; 0 measured; 0 filtered out; finished in 0.02s

     Running tests/remaining_contract.rs (target/debug/deps/remaining_contract-677da00fd12bcc8b)

running 16 tests
test authentication_short_state_preserves_exact_keys_and_one_time_semantics ... ok
test concurrent_rate_counters_are_atomic_and_preserve_first_window_ttl ... ok
test email_code_compare_delete_never_removes_a_newer_value ... ok
test email_verification_state_isolated_by_tenant ... ok
test late_hash_cannot_store_after_owner_expiry_or_overwrite_a_new_sender ... ok
test late_smtp_failure_preserves_newer_code_and_both_cooldowns ... ok
test login_session_create_is_atomic_and_never_overwrites_a_collision ... ok
test login_session_replacement_atomically_invalidates_the_previous_session ... ok
test mfa_failure_budget_is_session_bound_and_clears_after_success ... ok
test saml_assertion_replay_reservation_is_atomic ... ok
test social_federation_state_is_consumed_once_and_keeps_provider_binding ... ok
test token_state_preserves_native_sso_key_contract ... ok
test typed_passkey_authentication_keeps_legacy_default_fields ... ok
test typed_passkey_ceremony_is_atomically_consumed_once_under_concurrency ... ok
test typed_passkey_codec_preserves_legacy_json_unknown_fields_expiry_and_corrupt_consumption ... ok
test typed_passkey_duplicate_recognized_field_fails_closed_after_atomic_consumption ... ok

test result: ok. 16 passed; 0 failed; 0 ignored; 0 measured; 0 filtered out; finished in 4.53s

     Running tests/replay_contract.rs (target/debug/deps/replay_contract-e2f1345e07d1f070)

running 14 tests
test authorization_and_resource_server_share_the_nonce_key_and_ttl_contract ... ok
test client_attestation_expired_marker_cannot_be_reinserted_by_slow_node ... ok
test client_attestation_token_and_par_share_atomic_window_and_replay_marker ... ok
test concurrent_dpop_replay_consumers_have_exactly_one_winner ... ok
test concurrent_private_key_jwt_consumers_have_exactly_one_winner ... ok
test concurrent_resource_server_nonce_validations_share_the_validity_window ... ok
test connection_rejects_cluster_topology_before_connecting ... ok
test dpop_nonce_preserves_exact_key_and_remains_valid_until_expiry ... ok
test fapi_http_signature_replay_isolated_by_tenant_after_cutover ... ok
test fapi_http_signature_replay_preserves_exact_key_value_and_ttl_contract ... ok
test protocol_replay_keys_preserve_hashing_prefix_and_one_time_semantics ... ok
test protocol_request_object_replay_keeps_absolute_expiry_and_refuses_expired_reinsertion ... ok
test replay_store_distinguishes_unavailable_dependency ... ok
test replay_ttl_overflow_fails_before_storage ... ok

test result: ok. 14 passed; 0 failed; 0 ignored; 0 measured; 0 filtered out; finished in 6.99s

     Running tests/replay_window.rs (target/debug/deps/replay_window-fe901ccd60e3362e)

running 1 test
test replay_nx_allows_only_one_concurrent_acceptance ... ok

test result: ok. 1 passed; 0 failed; 0 ignored; 0 measured; 0 filtered out; finished in 0.01s

     Running tests/session_contract.rs (target/debug/deps/session_contract-cc0c83c706a623fe)

running 5 tests
test concurrent_session_rotation_has_exactly_one_winner_and_no_partial_state ... ok
test session_authentication_precision_roundtrips_and_malformed_precision_is_rejected ... ok
test session_compare_and_set_preserves_ttl_and_logged_in_rps ... ok
test session_load_rejects_a_record_without_current_mfa_state ... ok
test session_store_preserves_exact_key_payload_and_ttl ... ok

test result: ok. 5 passed; 0 failed; 0 ignored; 0 measured; 0 filtered out; finished in 0.04s

     Running tests/tenant_directory_cache_contract.rs (target/debug/deps/tenant_directory_cache_contract-7ac8487be653e382)

running 1 test
test cache_is_monotonic_and_authoritative_snapshot_repairs_corruption ... ok

test result: ok. 1 passed; 0 failed; 0 ignored; 0 measured; 0 filtered out; finished in 0.01s

     Running tests/tenant_namespace_contract.rs (target/debug/deps/tenant_namespace_contract-f71d74778d85b0a0)

running 4 tests
test ciba_ping_queue_is_isolated_between_tenants_with_the_same_auth_req_id ... ok
test deployment_and_epoch_remain_physical_key_boundaries ... ok
test tenant_is_part_of_every_physical_state_key ... ok
test two_tenants_can_store_the_same_logical_key_without_conflict ... ok

test result: ok. 4 passed; 0 failed; 0 ignored; 0 measured; 0 filtered out; finished in 0.05s

     Running unittests src/lib.rs (target/debug/deps/nazoauth-de69a6a679b40816)

running 1455 tests
test adapters::audit::tests::administrative_mutation_events_are_registered_required_evidence ... ok
test adapters::audit::tests::audit_event_definitions_include_administrative_user_lifecycle ... ok
test adapters::audit::tests::audit_event_definitions_include_authorization_decision_intent ... ok
test adapters::audit::tests::audit_event_definitions_include_ciba_authorization_lifecycle ... ok
test adapters::audit::tests::audit_event_definitions_include_device_authorization_lifecycle ... ok
test adapters::audit::tests::audit_event_definitions_include_dynamic_client_lifecycle ... ok
test adapters::audit::tests::audit_event_definitions_include_external_identity_lifecycle ... ok
test adapters::audit::tests::audit_event_definitions_include_mfa_step_up ... ok
test adapters::audit::tests::audit_event_definitions_include_token_issuance_intent ... ok
test adapters::audit::tests::audit_event_definitions_include_trust_and_credential_control_planes ... ok
test adapters::audit::tests::audit_event_definitions_pin_required_and_telemetry_classes ... ok
test adapters::audit::tests::audit_event_names_are_allowlisted_and_siem_ready ... ok
test adapters::audit::tests::audit_fields_can_remove_sensitive_material ... ok
test adapters::audit::tests::audit_payload_cannot_override_the_resolved_request_tenant ... ok
test adapters::audit::tests::audit_schema_version_is_stable_for_collectors ... ok
test adapters::audit::tests::explicitly_bound_audit_captures_tenant_without_request_scope ... ok
test adapters::audit::tests::explicitly_bound_audit_does_not_use_the_request_tenant ... ok
test adapters::audit::tests::high_impact_state_changes_have_durable_audit_boundaries ... ok
test adapters::audit::tests::interleaved_requests_capture_their_own_tenant_before_audit_queueing ... ok
test adapters::audit::tests::prepare_event_normalizes_security_payload_and_rejects_unknown_or_oversized_events ... ok
test adapters::audit::tests::prepare_event_redacts_every_known_credential_from_intent_and_outcome_payloads ... ok
test adapters::audit::tests::queue_persistence::burst_events_persist_in_bounded_batches ... ok
test adapters::audit::tests::queue_persistence::failed_batch_is_retried_whole_and_blocks_later_batches ... ok
test adapters::audit::tests::queue_persistence::full_or_closed_batch_flushes_without_waiting_for_the_window ... ok
test adapters::audit::tests::queue_persistence::full_telemetry_queue_keeps_accepted_events_and_rejects_excess ... ok
test adapters::audit::tests::queue_persistence::optional_and_disabled_telemetry_keep_their_existing_no_health_gate_policy ... ok
test adapters::audit::tests::queue_persistence::required_batch_failure_is_returned_without_retry_and_later_calls_can_commit ... ok
test adapters::audit::tests::queue_persistence::required_records_fail_closed_on_full_closed_or_stopped_channel ... ok
test adapters::audit::tests::queue_persistence::required_records_start_immediately_but_wait_for_batch_commit ... ok
test adapters::audit::tests::queue_persistence::unhealthy_export_stalls_telemetry_in_memory_without_blocking_the_required_worker ... ok
test adapters::audit::tests::queue_persistence::worker_coalesces_arrivals_without_extending_the_first_event_deadline ... ok
test adapters::audit::tests::queue_persistence::worker_persists_a_single_event_after_bounded_coalescing ... ok
test adapters::audit::tests::queue_persistence::worker_retries_failed_append_then_preserves_order ... ok
test adapters::audit::tests::refresh_family_security_revocation_is_registered_required_evidence ... ok
test adapters::audit::tests::transactional_readiness::port_default_transactional_ready_delegates_to_ensure_storage ... ok
test adapters::audit::tests::transactional_readiness::transactional_ready_fails_closed_on_anchor_checkpoint_mismatch ... ok
test adapters::audit::tests::transactional_readiness::transactional_ready_fails_closed_on_anchor_health_unavailable ... ok
test adapters::audit::tests::transactional_readiness::transactional_ready_fails_closed_on_anchor_identity_mismatch ... ok
test adapters::audit::tests::transactional_readiness::transactional_ready_fails_closed_on_blocked_anchor_batch ... ok
test adapters::audit::tests::transactional_readiness::transactional_ready_fails_closed_on_excessive_pending_lag ... ok
test adapters::audit::tests::transactional_readiness::transactional_ready_fails_closed_on_stale_anchor_health ... ok
test adapters::audit::tests::transactional_readiness::transactional_ready_fails_closed_without_a_durable_repository ... ok
test adapters::audit::tests::transactional_readiness::transactional_ready_keeps_the_dynamic_anchor_gate_in_required_mode ... ok
test adapters::audit::tests::transactional_readiness::transactional_ready_skips_the_static_writer_probe_in_disabled_mode ... ok
test adapters::audit::tests::transactional_readiness::transactional_ready_skips_the_static_writer_probe_in_optional_mode ... ok
test adapters::audit_anchor::tests::anchor_push_error_codes_cover_transport_serialization_http_and_receipt_classes ... ok
test adapters::audit_anchor::tests::batch_envelope_is_stable_and_binds_the_committed_range ... ok
test adapters::audit_anchor::tests::batch_transport_classifies_http_statuses_disconnects_and_2xx_without_receipt ... ok
test adapters::audit_anchor::tests::batch_transport_sends_stable_body_signature_and_protocol_headers ... ok
test adapters::audit_anchor::tests::checkpoint_signature_is_deterministic_and_url_safe ... ok
test adapters::audit_anchor::tests::consecutive_real_receipts_ack_without_redundant_observations_and_restart_revalidates ... ok
test adapters::audit_anchor::tests::genesis_body_is_stable_and_has_explicit_kind ... ok
test adapters::audit_anchor::tests::health_time_helpers_reject_future_timestamps_and_bound_durations ... ok
test adapters::audit_anchor::tests::historical_large_batch_retry_preserves_bytes_digest_range_and_membership ... ok
test adapters::audit_anchor::tests::iteration_observes_missing_stale_future_and_foreign_bindings_before_every_claim_kind ... ok
test adapters::audit_anchor::tests::mode_helpers_and_deployment_id_boundaries_are_explicit ... ok
test adapters::audit_anchor::tests::mode_parser_and_preflight_configuration_reject_invalid_values ... ok
test adapters::audit_anchor::tests::oversized_receipts_are_bounded_and_never_acknowledged_for_batch_or_genesis ... ok
test adapters::audit_anchor::tests::preflight_accepts_shared_health_and_rejects_stale_or_unanchored_state ... ok
test adapters::audit_anchor::tests::preflight_mode_controls_the_shared_database_gate ... ok
test adapters::audit_anchor::tests::preflight_source_uses_safe_defaults_and_requires_identity_when_enabled ... ok
test adapters::audit_anchor::tests::receipt_verification_requires_signature_schema_and_binding ... ok
test adapters::audit_anchor::tests::repeated_genesis_calls_emit_stable_body_signature_and_idempotency_key ... ok
test adapters::audit_anchor::tests::repository_adapter_forwards_invalid_pool_calls_without_panicking ... ok
test adapters::audit_anchor::tests::required_ten_second_freshness_stays_ready_across_five_second_idle_pg_polls ... ok
test adapters::audit_anchor::tests::retry_backoff_is_bounded ... ok
test adapters::audit_anchor::tests::retry_delay_and_batch_lag_are_monotonic_and_bounded ... ok
test adapters::audit_anchor::tests::signed_receipt_valid_json_whitespace_at_cap_succeeds_and_cap_plus_one_never_acks ... ok
test adapters::audit_anchor::tests::worker_configuration_rejects_non_https_and_weak_secret ... ok
test adapters::audit_anchor::tests::worker_configuration_validates_each_boundary_without_combining_errors ... ok
test adapters::audit_anchor::tests::worker_iteration_acknowledges_duplicate_receipt_after_response_loss ... ok
test adapters::audit_anchor::tests::worker_iteration_anchors_genesis_before_polling_empty_outbox ... ok
test adapters::audit_anchor::tests::worker_iteration_blocks_permanent_rejection_and_reschedules_transient ... ok
test adapters::audit_anchor::tests::worker_iteration_pushes_batch_and_acknowledges_it ... ok
test adapters::audit_anchor::tests::worker_iteration_reports_blocked_claims_and_recovers ... ok
test adapters::audit_anchor::tests::worker_iteration_reschedules_ack_failure ... ok
test adapters::audit_anchor::tests::worker_iteration_reschedules_http_failures ... ok
test adapters::audit_anchor::tests::worker_iteration_reschedules_invalid_receipts_without_acknowledging ... ok
test adapters::audit_anchor::tests::worker_iteration_retries_database_observation_and_genesis_failures ... ok
test adapters::audit_anchor::tests::worker_iteration_retries_failed_genesis_without_claiming_deliveries ... ok
test adapters::audit_anchor::tests::worker_iteration_retries_genesis_rejection_and_bad_receipts ... ok
test adapters::audit_anchor::tests::worker_iteration_retries_health_and_claim_failures ... ok
test adapters::audit_anchor::tests::worker_iteration_reuses_current_genesis_and_tolerates_health_publish_failure ... ok
test adapters::audit_anchor::tests::worker_iteration_tolerates_lease_release_failure ... ok
test adapters::audit_anchor::tests::worker_outer_rejects_invalid_config_before_repository_preflight ... ok
test adapters::audit_anchor::tests::worker_outer_rejects_repository_preflight_failure ... ok
test adapters::audit_anchor::tests::worker_source_loads_sidecar_only_values_and_rejects_invalid_inputs ... ok
test adapters::audit_anchor::worker::tests::missing_expired_or_future_observation_requires_a_write ... ok
test adapters::audit_anchor::worker::tests::recent_committed_observation_avoids_another_write ... ok
test adapters::audit_anchor::worker::tests::zero_observation_interval_never_suppresses_a_heartbeat ... ok
test adapters::avatar_files::tests::cancellation_at_each_observed_publication_suspend_leaves_the_old_version_untouched ... ok
test adapters::avatar_files::tests::cancellation_before_or_after_database_commit_never_invalidates_the_database_reference ... ok
test adapters::avatar_files::tests::candidate_versions_are_exclusive_and_partial_or_mismatched_versions_fail_closed ... ok
test adapters::avatar_files::tests::cleanup_failure_after_success_is_only_an_orphan_and_never_hides_the_new_version ... ok
test adapters::avatar_files::tests::concurrent_instances_choose_one_winner_through_database_cas_and_keep_it_readable ... ok
test adapters::avatar_files::tests::delete_preparation_and_unknown_outcomes_retain_files_until_affirmative_cas ... ok
test adapters::avatar_files::tests::restart_reads_legacy_active_and_matching_backup_without_using_version_text_as_a_path ... ok
test adapters::avatar_files::tests::service_cas_miss_cleans_the_unique_candidate_but_all_repository_errors_retain_it ... ok
test adapters::avatar_files::tests::symlinked_directory_components_and_nonregular_files_are_never_followed ... ok
test adapters::avatar_files::tests::tenant_and_user_roots_are_isolated_and_mutations_cannot_cross_storage_bindings ... ok
test adapters::avatar_files::tests::two_candidates_leave_the_selected_version_readable_and_cas_loser_removes_only_itself ... ok
test adapters::avatar_files::tests::upload_sync_stays_within_preexisting_storage_root_below_execute_only_ancestor ... ok
test adapters::backchannel_logout_sender::tests::backchannel_endpoint_length_is_bounded_and_idempotency_is_stable ... ok
test adapters::backchannel_logout_sender::tests::backchannel_endpoint_validation_rejects_unsafe_transport_shapes ... ok
test adapters::backchannel_logout_sender::tests::backchannel_post_enforces_network_and_response_policy ... ok
test adapters::backchannel_logout_sender::tests::private_network_origin_configuration_is_exact_and_normalized ... ok
test adapters::ciba_ping_sender::tests::ciba_ping_client_bypasses_configured_and_environment_proxies ... ok
test adapters::ciba_ping_sender::tests::ciba_ping_client_surfaces_redirects_without_following_them ... ok
test adapters::ciba_ping_sender::tests::ciba_ping_sender_blocks_private_networks_and_keeps_certificate_validation_for_exceptions ... ok
test adapters::ciba_ping_sender::tests::ciba_ping_sender_never_dials_blocked_resolutions ... ok
test adapters::ciba_ping_sender::tests::ciba_ping_sender_preserves_notification_idempotency_key ... ok
test adapters::ciba_ping_sender::tests::ciba_ping_sender_private_network_exceptions_require_https_origins ... ok
test adapters::ciba_ping_sender::tests::ciba_ping_transport_policy_is_bounded_to_tls12_and_tls13 ... ok
test adapters::ciba_ping_sender::tests::ciba_ping_transport_preserves_terminal_and_retry_http_statuses ... ok
test adapters::ciba_ping_sender::tests::ciba_ping_transport_supports_the_tls12_fapi_baseline ... ok
test adapters::ciba_ping_sender::tests::ciba_ping_transport_supports_tls13 ... ok
test adapters::email::tests::delivery_adapter_projects_only_focused_smtp_configuration ... ok
test adapters::email::tests::html_part_uses_html_content_type ... ok
test adapters::email::tests::invalid_recipient_email_does_not_fallback_to_raw_input ... ok
test adapters::email::tests::recipient_email_is_normalized_and_has_no_display_name ... ok
test adapters::email::tests::recipient_email_rejects_display_name_mailbox ... ok
test adapters::email::tests::smtp_tls_modes_build_with_the_configured_rustls_backend ... ok
test adapters::email_templates::tests::verification_html_contains_code_and_inline_styles ... ok
test adapters::email_templates::tests::verification_html_uses_seconds_for_non_minute_ttl ... ok
test adapters::external_signer::tests::external_signer_process_fault_fails_closed_without_stderr_disclosure ... ok
test adapters::external_signer::tests::external_signer_timeout_fails_closed ... ok
test adapters::external_signer::tests::process::external_output_reader_enforces_the_configured_limit ... ok
test adapters::external_signer::tests::process::external_request_writer_classifies_closed_pipe_and_backpressure_timeout ... ok
test adapters::external_signer::tests::process::external_signer_deadline_includes_waiting_for_shared_capacity ... ok
test adapters::external_signer::tests::process::external_signer_future_cancellation_terminates_owned_descendant ... ok
test adapters::external_signer::tests::process::external_signer_invalid_signature_terminates_owned_descendant ... ok
test adapters::external_signer::tests::process::external_signer_malformed_response_terminates_owned_descendant ... ok
test adapters::external_signer::tests::process::external_signer_port_maps_invalid_input_and_process_failure_to_signing_failed ... ok
test adapters::external_signer::tests::process::external_signer_port_preserves_version_one_json_and_decodes_signature ... ok
test adapters::external_signer::tests::process::external_signer_stdin_timeout_terminates_owned_descendant ... ok
test adapters::external_signer::tests::process::external_signer_success_terminates_owned_descendant ... ok
test adapters::external_signer::tests::process::external_signer_timeout_terminates_owned_descendant ... ok
test adapters::external_signer::tests::process::external_signing_rejects_empty_command_before_any_signing_attempt ... ok
test adapters::external_signer::tests::process::external_signing_rejects_empty_signature_bytes ... ok
test adapters::external_signer::tests::process::external_signing_rejects_malformed_json_response ... ok
test adapters::external_signer::tests::process::external_signing_rejects_non_base64url_signature ... ok
test adapters::external_signer::tests::process::external_signing_rejects_non_server_signing_algorithm_before_spawn ... ok
test adapters::external_signer::tests::process::external_signing_rejects_oversized_stderr ... ok
test adapters::external_signer::tests::process::external_signing_rejects_oversized_stdout ... ok
test adapters::external_signer::tests::process::external_signing_reports_spawn_failures_without_panicking ... ok
test adapters::external_signer::tests::process::external_signing_reports_stable_process_rejection_without_stderr ... ok
test adapters::external_signer::tests::process::external_signing_requires_signature_member ... ok
test adapters::external_signer::tests::process::external_signing_status_timeout_fails_closed ... ok
test adapters::external_signer::tests::process::external_signing_stderr_timeout_fails_closed ... ok
test adapters::external_signer::tests::process::external_signing_times_out_and_fails_closed ... ok
test adapters::external_signer::tests::process::process_tree_child_delegates_nonblocking_wait_and_consumption ... ok
test adapters::jwks_cache::tests::cancelled_owner_wakes_waiters_and_dropped_waiter_does_not_cancel_owner ... ok
test adapters::jwks_cache::tests::capacity_evicts_lru_and_keeps_recently_read_entry ... ok
test adapters::jwks_cache::tests::concurrent_cold_misses_elect_exactly_one_owner ... ok
test adapters::jwks_cache::tests::failures_are_shared_and_a_later_request_can_retry ... ok
test adapters::jwks_cache::tests::one_shard_writer_does_not_block_another_uri_shard ... ok
test adapters::jwks_cache::tests::refresh_budget_survives_failure_and_resets_after_expiry ... ok
test adapters::jwks_cache::tests::shard_capacity_is_bounded_and_collisions_follow_lru_order ... ok
test adapters::jwks_cache::tests::stale_observer_reuses_new_result_without_spending_refresh_budget ... ok
test adapters::jwks_cache::tests::ttl_starts_at_completion_and_reads_do_not_extend_it ... ok
test adapters::jwks_cache::tests::unrelated_uri_and_eviction_do_not_break_inflight_ownership ... ok
test adapters::mdoc_signer::tests::async_cose_signer_uses_credential_scope_and_propagates_signing_errors ... ok
test adapters::mdoc_signer::tests::tokio_mdoc_signer_builds_document_and_propagates_lease_failure ... ok
test adapters::remote_client_documents::tests::concurrent_cold_jwks_requests_share_one_network_result ... ok
test adapters::remote_client_documents::tests::content_types_are_narrowly_accepted ... ok
test adapters::remote_client_documents::tests::jwks_cold_refresh_after_expiry_restores_the_forced_refresh_budget ... ok
test adapters::remote_client_documents::tests::jwks_failed_forced_refresh_consumes_the_uri_budget_without_stale_success ... ok
test adapters::remote_client_documents::tests::jwks_fetches_valid_documents_and_reuses_a_matching_cache_entry ... ok
test adapters::remote_client_documents::tests::jwks_initial_miss_allows_one_immediate_rotation_refresh ... ok
test adapters::remote_client_documents::tests::jwks_refreshes_for_an_unknown_kid_and_rejects_bad_payloads ... ok
test adapters::remote_client_documents::tests::jwks_unknown_kids_share_one_forced_refresh_budget_and_merge_waiters ... ok
test adapters::remote_client_documents::tests::private_origin_allowlist_is_exact_and_https_only ... ok
test adapters::remote_client_documents::tests::remote_fetch_rejects_oversize_bodies_dns_failures_and_exhausted_slots ... ok
test adapters::remote_client_documents::tests::remote_uri_validation_and_kid_selection_are_fail_closed ... ok
test adapters::remote_client_documents::tests::request_objects_validate_utf8_size_and_content_type ... ok
test adapters::remote_client_documents::tests::sector_identifier_fetch_always_rejects_private_destinations ... ok
test adapters::sector_identifier::tests::allow_globally_reachable_special_purpose_ipv4_destinations ... ok
test adapters::sector_identifier::tests::allow_globally_reachable_special_purpose_ipv6_destinations ... ok
test adapters::sector_identifier::tests::allow_public_domain ... ok
test adapters::sector_identifier::tests::allow_public_ipv4 ... ok
test adapters::sector_identifier::tests::block_127_domain ... ok
test adapters::sector_identifier::tests::block_ipv6_mapped_unspecified_without_ipv4_text ... ok
test adapters::sector_identifier::tests::block_ipv6_multicast_and_mapped_unspecified ... ok
test adapters::sector_identifier::tests::block_link_local_ipv6 ... ok
test adapters::sector_identifier::tests::block_literal_private_hosts ... ok
test adapters::sector_identifier::tests::block_localhost_domain ... ok
test adapters::sector_identifier::tests::block_loopback_ipv4 ... ok
test adapters::sector_identifier::tests::block_loopback_ipv6 ... ok
test adapters::sector_identifier::tests::block_metadata_ip ... ok
test adapters::sector_identifier::tests::block_non_global_ipv4_destinations ... ok
test adapters::sector_identifier::tests::block_non_global_ipv6_destinations ... ok
test adapters::sector_identifier::tests::block_private_ipv4 ... ok
test adapters::sector_identifier::tests::block_unique_local_ipv6 ... ok
test adapters::sector_identifier::tests::block_unspecified ... ok
test adapters::sector_identifier::tests::ipv4_mapped_ipv6_uses_the_ipv4_network_policy ... ok
test adapters::sector_identifier::tests::parse_sector_identifier_document_accepts_json_content_type_with_parameters ... ok
test adapters::sector_identifier::tests::parse_sector_identifier_document_rejects_invalid_json ... ok
test adapters::sector_identifier::tests::parse_sector_identifier_document_rejects_invalid_uri_entry ... ok
test adapters::sector_identifier::tests::parse_sector_identifier_document_rejects_jsonp_content_type ... ok
test adapters::sector_identifier::tests::parse_sector_identifier_document_rejects_non_json_content_type ... ok
test adapters::sector_identifier::tests::parse_sector_identifier_document_rejects_oversized_body_before_json_parse ... ok
test adapters::security::tests::bootstrap_password_providers_reuse_the_prepared_unknown_secret_hash ... ok
test adapters::security::tests::cancelled_password_callers_keep_capacity_until_the_blocking_workers_finish ... ok
test adapters::security::tests::client_assertion::ciba_backchannel_client_assertion_accepts_token_endpoint_audience_when_allowed ... ok
test adapters::security::tests::client_assertion::client_jwt_algorithm_and_jwk_decoder_fail_closed_for_unsupported_shapes ... ok
test adapters::security::tests::client_assertion::par_private_key_jwt_endpoint_audiences_require_explicit_client_opt_in ... ok
test adapters::security::tests::client_assertion::private_key_jwt_accepts_current_and_previous_jwks_during_rotation ... ok
test adapters::security::tests::client_assertion::private_key_jwt_accepts_missing_kid_only_for_one_kidless_matching_key ... ok
test adapters::security::tests::client_assertion::private_key_jwt_decode_accepts_small_future_nbf_and_iat ... ok
test adapters::security::tests::client_assertion::private_key_jwt_rejects_assertions_after_key_retirement ... ok
test adapters::security::tests::client_assertion::private_key_jwt_rejects_missing_kid_when_key_selection_is_ambiguous ... ok
test adapters::security::tests::client_assertion::private_key_jwt_rejects_valid_signature_with_wrong_audience ... ok
test adapters::security::tests::client_auth::basic_client_credentials_scheme_is_case_insensitive ... ok
test adapters::security::tests::client_auth::malformed_basic_authorization_fails_closed_as_basic_credentials ... ok
test adapters::security::tests::client_auth::malformed_basic_authorization_scheme_is_detected ... ok
test adapters::security::tests::client_auth::non_utf8_basic_authorization_scheme_is_detected ... ok
test adapters::security::tests::dummy_password_hash_is_valid_and_never_matches_the_probe_password ... ok
test adapters::security::tests::entropy_passwords::password_hash_policy_is_explicit_argon2id_v19 ... ok
test adapters::security::tests::entropy_passwords::random_urlsafe_token_is_256_bit_opaque_value ... ok
test adapters::security::tests::mfa_secret_hasher_preserves_candidate_order_and_rejects_wrong_secret ... ok
test adapters::security::tests::password_hash_capacity_defaults_match_the_documented_bounded_policy ... ok
test adapters::security::tests::security_tokens::access_token_header_sets_alg_kid_and_at_jwt_type ... ok
test adapters::security::tests::security_tokens::access_token_header_supports_rs256_and_eddsa_algorithms ... ok
test adapters::security::tests::token_claims::access_token_header_uses_active_alg_kid_and_at_jwt_type ... ok
test adapters::security::tests::token_claims::access_token_rejects_conflicting_sender_constraints ... ok
test adapters::security::tests::token_claims::make_jwt_rejects_conflicting_sender_constraints_before_signing ... ok
test adapters::security::tests::token_claims::response_signing_uses_auxiliary_key_from_current_keyset_snapshot ... ok
test adapters::security::tests::token_claims::signing_adapters_do_not_define_or_call_claim_forwarders ... ok
test adapters::security::tests::verify_password_blocking_matches_argon2_verifier ... ok
test bootstrap::cors::tests::authorization_endpoint_is_not_cors_enabled ... ok
test bootstrap::cors::tests::browser_token_management_cors_allows_post_dpop_without_credentials ... ok
test bootstrap::cors::tests::browser_userinfo_cors_allows_get_and_post_bearer_or_dpop ... ok
test bootstrap::cors::tests::cors_actual_response_exposes_oauth_challenge_nonce_and_retry_headers ... ok
test bootstrap::cors::tests::cors_admin_allows_csrf_header_for_credentialed_write_requests ... ok
test bootstrap::cors::tests::cors_auth_api_credentials_are_limited_to_configured_origins_and_csrf_headers ... ok
test bootstrap::cors::tests::cors_scim_allows_put_without_browser_credentials ... ok
test bootstrap::cors::tests::cors_well_known_allows_get_and_head_only ... ok
test bootstrap::cors::tests::disabled_dynamic_client_registration_keeps_the_static_route_contract ... ok
test bootstrap::cors::tests::dynamic_cors_policy_is_bound_to_one_immutable_request_snapshot ... ok
test bootstrap::cors::tests::dynamic_cors_preflight_uses_selected_policy_and_missing_context_rejects ... ok
test bootstrap::cors::tests::dynamic_cors_request_scopes_are_isolated_when_futures_interleave ... ok
test bootstrap::cors::tests::openid_federation_route_is_not_registered ... ok
test bootstrap::cors::tests::production_browser_oauth_routes_expose_only_required_cors ... ok
test bootstrap::cors::tests::production_profile_routes_keep_method_cors_cache_and_security_contracts ... ok
test bootstrap::cors::tests::production_token_route_rejects_get_csrf_and_unknown_origins ... ok
test bootstrap::cors::tests::request_host_uses_the_directory_host_canonicalization ... ok
test bootstrap::observability::tests::otel_config_accepts_explicit_endpoint_and_timeout ... ok
test bootstrap::observability::tests::otel_config_explicit_false_overrides_inherited_endpoint ... ok
test bootstrap::observability::tests::otel_config_is_disabled_by_default ... ok
test bootstrap::observability::tests::otel_config_rejects_unsupported_protocol_and_bad_endpoint ... ok
test bootstrap::observability::tests::otel_http_exporters_build_with_the_selected_reqwest_client ... ok
test bootstrap::observability::tests::otel_http_exporters_do_not_retry_transient_responses ... ok
test bootstrap::routes::tests::controller_slot_list_has_one_control_tenant_route_and_no_admin_get_alias ... ok
test bootstrap::routes::tests::retired_bootstrap_admin_endpoint_stays_unreachable ... ok
test bootstrap::routes::tests::retired_perf_collection_endpoint_is_unreachable ... ok
test bootstrap::startup::background::tests::worker_starts_when_ciba_is_disabled_in_startup_snapshot ... ok
test bootstrap::startup::services::dependencies::dynamic_registration_config_tests::dynamic_registration_config_copies_security_and_rate_limit_settings ... ok
test bootstrap::startup::services::dependencies::metadata_config_tests::metadata_config_maps_both_ciba_profiles ... ok
test bootstrap::startup::services::dependencies::metadata_config_tests::metadata_config_maps_only_the_focused_settings_boundary ... ok
test bootstrap::startup::services::dependencies::metadata_config_tests::metadata_config_uses_composable_discovery_for_every_legacy_profile ... ok
test bootstrap::startup::services::factory::tests::deployment_routes_are_gated_but_runtime_modules_are_tenant_scoped ... ok
test bootstrap::startup::services::factory::tests::direct_tls_sni_and_http_host_must_select_the_same_tenant ... ok
test bootstrap::startup::services::factory::tests::legacy_custom_control_tenant_remains_authorized ... ok
test bootstrap::startup::services::factory::tests::request_data_container_tracks_runtime_host_index_updates ... ok
test bootstrap::startup::services::factory::tests::request_timeout_covers_raw_payload_extractor ... ok
test bootstrap::startup::services::factory::tests::request_timeout_covers_typed_json_extractor ... ok
test bootstrap::startup::tenant_runtime::tests::cache_ahead_of_database_rolls_back_and_rejects_repeated_revision ... ok
test bootstrap::startup::tenant_runtime::tests::cache_failure_does_not_republish_unconfirmed_cache_payload ... ok
test bootstrap::startup::tenant_runtime::tests::cache_miss_falls_back_to_database_and_repairs_cache ... ok
test bootstrap::startup::tenant_runtime::tests::cancelled_tenant_retirement_aborts_both_extracted_worker_handles ... ok
test bootstrap::startup::tenant_runtime::tests::candidate_build_failure_retains_last_good_snapshot ... ok
test bootstrap::startup::tenant_runtime::tests::corrupt_cache_falls_back_to_database_and_repairs_cache ... ok
test bootstrap::startup::tenant_runtime::tests::database_payload_replaces_same_revision_previously_applied_from_cache ... ok
test bootstrap::startup::tenant_runtime::tests::database_reconciliation_reads_snapshot_only_for_newer_revision ... ok
test bootstrap::startup::tenant_runtime::tests::database_snapshot_may_advance_past_precheck_without_a_second_full_read ... ok
test bootstrap::startup::tenant_runtime::tests::database_snapshot_older_than_precheck_keeps_last_good_and_cache ... ok
test bootstrap::startup::tenant_runtime::tests::disable_removes_tenant_only_from_new_requests ... ok
test bootstrap::startup::tenant_runtime::tests::in_flight_request_arc_keeps_old_runtime_after_atomic_update ... ok
test bootstrap::startup::tenant_runtime::tests::invalid_cache_snapshot_repairs_from_database_and_quarantines_revision ... ok
test bootstrap::startup::tenant_runtime::tests::last_retained_runtime_snapshot_drop_aborts_both_owned_loops ... ok
test bootstrap::startup::tenant_runtime::tests::newer_cached_snapshot_is_published_without_database_read ... ok
test bootstrap::startup::tenant_runtime::tests::newer_database_snapshot_uses_its_own_revision_to_reject_cache_ahead ... ok
test bootstrap::startup::tenant_runtime::tests::old_and_equal_cached_revisions_are_rejected_without_database_or_builds ... ok
test bootstrap::startup::tenant_runtime::tests::publication_stops_only_displaced_lifecycles ... ok
test bootstrap::startup::tenant_runtime::tests::repeated_cache_failure_repairs_confirmed_snapshot_without_full_database_reads ... ok
test bootstrap::startup::tenant_runtime::tests::request_snapshot_hits_never_touch_cache_or_database ... ok
test bootstrap::startup::tenant_runtime::tests::tenant_runtime_revision_rebuilds_only_the_changed_tenant ... ok
test bootstrap::startup::tenant_runtime::tests::tenant_shutdown_owns_and_stops_every_background_worker ... ok
test bootstrap::startup::tenant_runtime::tests::two_instances_converge_on_new_cache_revision_and_reject_stale_replay ... ok
test bootstrap::tests::bundled_ui_serves_assets_and_spa_routes_without_masking_missing_assets ... ok
test bootstrap::tests::check_session_iframe_is_frameable_by_relying_parties ... ok
test bootstrap::tests::client_certificate_proof::mtls_admits_tenant_keys_but_rejects_a_forged_certificate_verify_signature ... ok
test bootstrap::tests::direct_tls_generation_rejects_partial_material_and_retains_last_known_good ... ok
test bootstrap::tests::direct_tls_key_permissions_allow_only_a_root_owned_service_group_reader ... ok
test bootstrap::tests::direct_tls_listener_is_disabled_by_default_and_requires_complete_identity ... ok
test bootstrap::tests::direct_tls_listener_loads_a_complete_mutual_tls_identity ... ok
test bootstrap::tests::direct_tls_listener_rejects_a_mismatched_private_key ... ok
test bootstrap::tests::direct_tls_listener_rejects_a_server_identity_for_another_host ... ok
test bootstrap::tests::direct_tls_listener_rejects_an_expired_server_identity ... ok
test bootstrap::tests::direct_tls_listener_rejects_an_unrelated_issuer_chain ... ok
test bootstrap::tests::direct_tls_listener_rejects_malformed_or_unsafe_material_and_reload_intervals ... ok
test bootstrap::tests::direct_tls_new_handshakes_switch_server_identity_without_reloading_client_ca ... ok
test bootstrap::tests::direct_tls_reloader_ticks_and_stops_without_publishing_unchanged_material ... ok
test bootstrap::tests::direct_tls_serves_real_https_and_mtls_without_trusting_forged_headers ... ok
test bootstrap::tests::fapi_resource_static_route_rejects_options_without_cors_and_keeps_security_headers ... ok
test bootstrap::tests::openid4vci_dataset_route_is_nested_inside_the_admin_scope ... ok
test bootstrap::tests::production_bootstrap_only_publishes_focused_application_data ... ok
test bootstrap::tests::security_headers_are_added_to_core_responses ... ok
test bootstrap::tests::tls_cipher_policy::both_direct_listeners_enforce_fapi_tls12_policy_and_retain_tls13_suites ... ok
test bootstrap::tests::transport_mode_parity::direct_tls_and_trusted_proxy_share_the_same_real_mtls_identity_contract ... ok
test bootstrap::tests::transport_tls_features_are_consolidated_on_rustls ... ok
test bootstrap::ui_release::tests::an_existing_ui_is_used_without_a_release_pin_or_reinstallation ... ok
test bootstrap::ui_release::tests::an_incomplete_custom_ui_never_blocks_api_startup_or_gets_overwritten ... ok
test bootstrap::ui_release::tests::archive_paths_reject_parent_absolute_and_platform_prefixes ... ok
test bootstrap::ui_release::tests::bounded_regular_archive_extracts_without_external_ui_source ... ok
test bootstrap::ui_release::tests::disabled_ui_does_not_access_a_static_directory ... ok
test bootstrap::ui_release::tests::frontend_downloads_stay_on_explicit_github_https_origins ... ok
test bootstrap::ui_release::tests::official_ui_initialization_keeps_later_local_replacements ... ignored, downloads the current official UI from GitHub
test bootstrap::ui_release::tests::release_metadata_selects_the_frontend_independently_of_the_server_version ... ok
test cli::tests::admin_provision_credentials_require_the_exact_schema ... ok
test cli::tests::admin_provision_rejection_markers_close_only_deterministic_failures ... ok
test cli::tests::help_is_available_without_starting_a_runtime ... ok
test cli::tests::mdoc_management_is_explicit_and_tenant_scoped ... ok
test cli::tests::parses_all_product_commands ... ok
test cli::tests::public_commands_reject_accidental_arguments ... ok
test cli::tests::public_help_command_completes_without_loading_runtime_configuration ... ok
test cli::tests::release_identity_completes_without_loading_runtime_configuration ... ok
test cli::tests::removed_mutation_command_is_unknown ... ok
test cli::tests::requires_an_explicit_command ... ok
test cli::tests::unknown_command_reports_usage ... ok
test config::tests::canonical_config_keys_are_locked_to_the_reviewed_baseline ... ok
test config::tests::configured_capabilities_receive_durable_service_owned_secrets ... ok
test config::tests::database_max_connections_rejects_zero ... ok
test config::tests::database_url_does_not_rewrite_unsupported_legacy_driver_scheme ... ok
test config::tests::database_url_uses_documented_default_when_unset ... ok
test config::tests::database_url_uses_whitelisted_environment_value ... ok
test config::tests::dotenv_file_is_rejected ... ok
test config::tests::environment_overrides_yaml_by_allowlist ... ok
test config::tests::environment_secret_file_supplies_an_absent_scalar ... ok
test config::tests::existing_server_config_is_never_overwritten ... ok
test config::tests::explicit_yaml_scalar_overrides_environment_secret_file_fallback ... ok
test config::tests::first_server_run_creates_the_local_configuration_once ... ok
test config::tests::first_server_run_creates_the_overridden_configuration_file ... ok
test config::tests::fresh_server_configs_persist_distinct_valkey_epochs ... ok
test config::tests::generated_secret_creation_is_concurrency_safe ... ok
test config::tests::generated_secret_creation_reports_an_invalid_parent_without_partial_state ... ok
test config::tests::generated_secrets_are_stable_and_are_lower_precedence_than_explicit_values ... ok
test config::tests::instance_identity_helper_persists_an_ed25519_seed_without_reusing_token_size ... ok
test config::tests::invalid_boolean_config_is_error ... ok
test config::tests::invalid_environment_type_is_error ... ok
test config::tests::invalid_numeric_config_is_error ... ok
test config::tests::malformed_persisted_generated_secret_fails_closed ... ok
test config::tests::metadata_only_config_does_not_read_secret_files_or_expose_secret_values ... ok
test config::tests::migration_config_accepts_deployment_identity_without_materializing_state ... ok
test config::tests::migration_config_does_not_materialize_unrelated_application_secrets ... ok
test config::tests::missing_config_file_can_be_replaced_by_whitelisted_environment ... ok
test config::tests::mounted_signing_wrapping_root_is_loaded_and_partial_configuration_fails_closed ... ok
test config::tests::relative_persistent_paths_are_anchored_to_the_configuration_directory ... ok
test config::tests::relative_persistent_paths_cannot_escape_the_configuration_directory ... ok
test config::tests::relative_server_config_file_override_resolves_against_the_configuration_directory ... ok
test config::tests::retired_token_issuance_response_keys_are_rejected_as_unknown ... ok
test config::tests::scalar_accessors_trim_values_and_apply_defaults_without_inventing_required_values ... ok
test config::tests::secret_file_inputs_fail_closed_for_empty_path_missing_file_and_empty_file ... ok
test config::tests::server_config_excludes_worker_only_yaml_and_environment_values ... ok
test config::tests::server_config_file_override_points_loading_at_the_mounted_file ... ok
test config::tests::tls_identity_paths_follow_atomic_links_without_allowing_relative_escape ... ok
test config::tests::unknown_nazoauth_environment_key_is_rejected_without_rejecting_system_environment ... ok
test config::tests::unknown_yaml_key_is_rejected_with_the_key_name ... ok
test config::tests::yaml_document_must_be_a_mapping_with_non_empty_string_keys ... ok
test config::tests::yaml_mapping_value_is_rejected_instead_of_stringified ... ok
test config::tests::yaml_secret_file_path_is_resolved_and_trimmed ... ok
test config::tests::yaml_sequence_becomes_comma_separated_value ... ok
test control_discovery::tests::changed_public_deployment_claim_replaces_signed_statement_and_cleans_temporary_files ... ok
test control_discovery::tests::concurrent_immutable_publication_accepts_only_identical_contents ... ok
test control_discovery::tests::concurrent_immutable_publication_rejects_symlink_targets ... ok
test control_discovery::tests::generated_identifiers_are_stable_without_controller_configuration ... ok
test control_discovery::tests::http_discovery_rejects_invalid_challenges_without_exposing_identity ... ok
test control_discovery::tests::http_discovery_returns_signed_response_for_valid_challenges ... ok
test control_discovery::tests::identity_is_stable_and_online_statement_is_nonce_bound ... ok
test control_discovery::tests::initialization_rejects_corrupt_identity_key_and_statement ... ok
test control_discovery::tests::initialization_rejects_unusable_identity_roots_and_identifiers ... ok
test control_discovery::tests::persisted_deployment_identity_fails_closed_on_reconfiguration ... ok
test control_discovery::tests::public_identity_key_cannot_be_substituted_independently ... ok
test control_discovery::tests::replicas_can_share_deployment_id_without_sharing_instance_keys ... ok
test controller_registry::tests::action_digests_are_deterministic_and_discriminate_every_field ... ok
test controller_registry::tests::controller_identity_is_a_canonical_lowercase_uuidv7 ... ok
test controller_registry::tests::deployment_binding_accepts_local_and_rejects_foreign_callers ... ok
test controller_registry::tests::expiry_warnings_fire_at_seven_days_and_twenty_four_hours ... ok
test controller_registry::tests::slot_requests_reject_kids_that_do_not_bind_to_their_key_material ... ok
test domain::authorization_decision_tests::authorization_decision_accepts_deny_with_user_match ... ok
test domain::authorization_decision_tests::authorization_decision_fails_closed_when_authorization_code_store_fails ... ok
test domain::authorization_decision_tests::authorization_decision_fails_closed_when_consent_state_consume_fails ... ok
test domain::authorization_decision_tests::authorization_decision_fails_closed_when_consent_state_read_fails ... ok
test domain::authorization_decision_tests::authorization_decision_fails_closed_when_grant_persistence_fails ... ok
test domain::authorization_decision_tests::authorization_decision_fails_closed_when_jarm_encryption_keys_cannot_refresh ... ok
test domain::authorization_decision_tests::authorization_decision_issues_code_for_matching_user_and_client ... ok
test domain::authorization_decision_tests::authorization_decision_rejects_consent_from_another_browser_session ... ok
test domain::authorization_decision_tests::authorization_decision_rejects_invalid_csrf_token_with_session_cookie ... ok
test domain::authorization_decision_tests::authorization_decision_rejects_invalid_decision_after_auth ... ok
test domain::authorization_decision_tests::authorization_decision_rejects_malformed_consent_payload ... ok
test domain::authorization_decision_tests::authorization_decision_rejects_malformed_consumed_par_without_issuing_code ... ok
test domain::authorization_decision_tests::authorization_decision_rejects_missing_consent_payload_with_valid_session ... ok
test domain::authorization_decision_tests::authorization_decision_rejects_request_if_user_not_match ... ok
test domain::authorization_decision_tests::authorization_decision_rejects_request_with_invalid_pushed_request_uri ... ok
test domain::authorization_decision_tests::authorization_decision_requires_authentication_without_session ... ok
test domain::local_registration_tests::concurrent_registration_consumes_once_and_keeps_valkey_key_contract ... ok
test domain::local_registration_tests::rate_limit_uses_post_increment_count_and_preserves_threshold ... ok
test domain::local_registration_tests::unavailable_rate_limit_dependency_fails_closed ... ok
test domain::openid4vc_attestation_repository_tests::client_attestation_trust_policy_constructor_and_lookup_fail_closed_without_database ... ok
test domain::openid4vc_endpoints_openid4vp_tests::canonicalize_controller_start_wire ... ignored, requires NAZO_VP_WIRE_INPUT and NAZO_VP_HASH_OUTPUT from the controller contract test
test domain::openid4vc_endpoints_openid4vp_tests::create_and_request_cover_standard_modes_and_tenant_bound_trust ... ok
test domain::openid4vc_endpoints_openid4vp_tests::create_rejects_disabled_verifier_and_untrusted_wallet_before_storage ... ok
test domain::openid4vc_endpoints_openid4vp_tests::supported_create_publishes_but_new_and_historical_holder_waivers_are_rejected ... ok
test domain::openid4vc_endpoints_openid4vp_tests::typed_presentation_create_rejects_empty_sets_and_malformed_metadata_before_storage ... ok
test domain::openid4vci_endpoint_operations_tests::access::access_fails_closed_when_revocation_state_is_unavailable ... ok
test domain::openid4vci_endpoint_operations_tests::access::access_rejects_signed_token_for_different_tenant_before_revocation_lookup ... ok
test domain::openid4vci_endpoint_operations_tests::access::access_rejects_signed_token_with_another_audience_before_state_access ... ok
test domain::openid4vci_endpoint_operations_tests::credential::credential_decrypts_a_valid_encrypted_request_before_access_validation ... ok
test domain::openid4vci_endpoint_operations_tests::credential::live_http_attestation_holder_limit_precedes_nonce_claim_for_immediate_and_deferred ... ok
test domain::openid4vci_endpoint_operations_tests::credential::live_http_no_proof_configuration_issues_without_a_nonce_and_rejects_stray_proofs ... ok
test domain::openid4vci_endpoint_operations_tests::deferred::deferred_decrypts_a_valid_encrypted_request_before_access_validation ... ok
test domain::openid4vci_endpoint_operations_tests::deferred::live_deferred_credential_claim_response_replay_and_notification ... ok
test domain::openid4vci_endpoint_operations_tests::notification::access_and_notification_fail_closed_for_invalid_bearer ... ok
test domain::openid4vci_endpoint_operations_tests::offer::create_offer_rejects_invalid_grant_shapes_and_subject_before_database_state ... ok
test domain::openid4vci_endpoint_operations_tests::offer::disabled_issuer_rejects_every_mutating_endpoint_before_state_access ... ok
test domain::openid4vci_endpoint_operations_tests::offer::enabled_issuer_validates_request_shape_before_database_state ... ok
test domain::openid4vci_endpoint_operations_tests::offer::enabled_metadata_is_signed_and_advertises_request_and_response_encryption ... ok
test domain::openid4vci_endpoint_operations_tests::policy::live_access_enforces_dpop_binding_and_validates_presented_proof ... ok
test domain::openid4vci_endpoint_operations_tests::policy::live_access_fails_closed_when_subject_state_is_unavailable ... ok
test domain::openid4vci_endpoint_operations_tests::policy::live_access_rejects_missing_and_inactive_uuid_subjects ... ok
test domain::openid4vci_endpoint_operations_tests::policy::live_access_resolves_pairwise_subject_through_issuance_ownership ... ok
test domain::openid4vci_endpoint_operations_tests::policy::live_offer_enforces_subject_dataset_lifetime_and_transaction_code_policy ... ok
test domain::openid4vci_endpoint_operations_tests::pre_authorized::live_immediate_offer_pre_authorized_credential_replay_and_notification ... ok
test domain::openid4vci_endpoint_operations_tests::pre_authorized::live_pre_authorized_mtls_access_preserves_the_signed_sender_and_denies_other_certificates ... ok
test domain::openid4vci_endpoint_operations_tests::pre_authorized::live_pre_authorized_rejects_client_deactivated_before_persistence ... ok
test domain::openid4vci_endpoint_operations_tests::pre_authorized::live_pre_authorized_rejects_inactive_subject_after_offer_consumption ... ok
test domain::openid4vci_endpoint_operations_tests::pre_authorized::live_pre_authorized_uuid_access_resolves_without_generic_issuance_row ... ok
test domain::openid4vci_endpoint_operations_tests::pre_authorized::pre_authorized_token_reaches_offer_state ... ok
test domain::passkey::login_tests::passkey_login_begin_does_not_enumerate_account_or_credential_state ... ok
test domain::passkey::login_tests::passkey_login_begin_rejects_malformed_stored_credentials_before_challenge_issue ... ok
test domain::passkey::login_tests::passkey_login_begin_reports_user_lookup_failure_before_challenge_issue ... ok
test domain::passkey::login_tests::passkey_login_finish_creates_session_updates_counter_and_consumes_ceremony_once ... ok
test domain::passkey::login_tests::passkey_login_finish_rejects_credential_mismatch_uniformly_and_consumes_ceremony ... ok
test domain::passkey::login_tests::passkey_login_finish_rejects_inactive_users_and_consumes_ceremony ... ok
test domain::passkey::login_tests::passkey_login_finish_rejects_invalid_ceremony_id_before_state_lookup ... ok
test domain::passkey::login_tests::passkey_login_finish_rejects_malformed_credential_id_before_credential_lookup ... ok
test domain::passkey::login_tests::passkey_login_finish_rejects_malformed_stored_credentials_before_webauthn_verification ... ok
test domain::passkey::login_tests::passkey_login_finish_rejects_origin_mismatch_and_consumes_ceremony ... ok
test domain::passkey::login_tests::passkey_login_finish_reports_user_lookup_failure_after_consuming_ceremony ... ok
test domain::passkey::login_tests::passkey_login_finish_requires_mfa_for_mfa_enabled_user_without_remembered_device ... ok
test domain::passkey::login_tests::passkey_login_finish_skips_pending_mfa_for_remembered_device ... ok
test domain::passkey::login_tests::passkey_login_transport_has_no_identity_or_storage_orchestration ... ok
test domain::passkey::profile_tests::delete_passkey_cannot_remove_another_users_credential ... ok
test domain::passkey::profile_tests::delete_passkey_rejects_session_request_without_csrf_before_credential_delete ... ok
test domain::passkey::profile_tests::delete_passkey_removes_authenticated_user_credential ... ok
test domain::passkey::profile_tests::delete_passkey_requires_login_before_credential_delete ... ok
test domain::passkey::profile_tests::passkey_ceremony_id_normalization_accepts_only_bounded_urlsafe_identifiers ... ok
test domain::passkey::profile_tests::passkey_label_normalization_defaults_trims_and_rejects_oversized_labels ... ok
test domain::passkey::profile_tests::passkey_list_requires_login_before_loading_credentials ... ok
test domain::passkey::profile_tests::passkey_list_returns_authenticated_user_credentials_from_database ... ok
test domain::passkey::profile_tests::passkey_profile_transport_has_no_identity_or_storage_orchestration ... ok
test domain::passkey::profile_tests::registration_begin_rejects_malformed_stored_credential_before_new_ceremony ... ok
test domain::passkey::profile_tests::registration_begin_rejects_session_request_without_csrf_before_ceremony_creation ... ok
test domain::passkey::profile_tests::registration_begin_requires_login_before_ceremony_creation ... ok
test domain::passkey::profile_tests::registration_finish_persists_credential_and_consumes_ceremony_once ... ok
test domain::passkey::profile_tests::registration_finish_projects_malformed_ceremony_state_as_expired ... ok
test domain::passkey::profile_tests::registration_finish_rejects_ceremony_user_mismatch_without_inserting_credential ... ok
test domain::passkey::profile_tests::registration_finish_rejects_invalid_authenticator_response_without_persisting_credential ... ok
test domain::passkey::profile_tests::registration_finish_rejects_session_request_without_csrf_before_ceremony_lookup ... ok
test domain::passkey::profile_tests::registration_finish_requires_login_before_ceremony_lookup ... ok
test domain::passkey::profile_tests::registration_finish_returns_conflict_without_second_row_on_duplicate_credential ... ok
test domain::resource_server_tests::production_signature_verifier_binds_replay_to_the_scoped_client_tenant ... ok
test domain::userinfo::userinfo_accepts_only_userinfo_or_default_audience ... ok
test domain::userinfo::userinfo_crypto_failure_never_falls_back_to_json ... ok
test domain::userinfo::userinfo_refreshes_remote_jwks_for_encrypted_response ... ok
test domain::userinfo::userinfo_rejects_invalid_or_inactive_token_subject ... ok
test domain::userinfo::userinfo_rejects_missing_or_conflicting_access_token_transport_before_decode ... ok
test domain::userinfo::userinfo_rejects_mtls_bound_token_with_mismatched_verified_certificate ... ok
test domain::userinfo::userinfo_rejects_mtls_bound_token_without_verified_certificate ... ok
test domain::userinfo::userinfo_rejects_revoked_access_token_before_subject_lookup ... ok
test domain::userinfo::userinfo_rejects_sender_constrained_tokens_on_wrong_transport ... ok
test domain::userinfo::userinfo_rejects_signed_access_token_with_wrong_audience ... ok
test domain::userinfo::userinfo_rejects_signed_access_token_without_valid_tenant_boundary ... ok
test domain::userinfo::userinfo_rejects_unverifiable_access_token_before_revocation_lookup ... ok
test domain::userinfo::userinfo_remote_jwks_failure_never_falls_back_to_stored_keys ... ok
test domain::userinfo::userinfo_reports_missing_subject_before_client_state ... ok
test domain::userinfo::userinfo_requires_openid_scope_and_user_subject_type ... ok
test domain::userinfo::userinfo_resolves_pairwise_subject_through_issuance_ownership ... ok
test domain::userinfo::userinfo_returns_claims_for_active_user_access_token ... ok
test domain::userinfo::userinfo_returns_encrypted_claims_for_registered_client_policy ... ok
test domain::userinfo::userinfo_returns_server_error_for_missing_or_inactive_client_mapping ... ok
test domain::userinfo::userinfo_returns_server_error_when_client_record_cannot_be_converted ... ok
test domain::userinfo::userinfo_returns_server_error_when_ownership_lookup_fails ... ok
test domain::userinfo::userinfo_returns_server_error_when_revocation_lookup_fails_after_decode ... ok
test domain::userinfo::userinfo_returns_server_error_when_revocation_query_fails_after_decode ... ok
test domain::userinfo::userinfo_returns_server_error_when_subject_lookup_fails_after_token_validation ... ok
test domain::userinfo::userinfo_returns_signed_jwt_for_registered_client_policy ... ok
test domain::userinfo::userinfo_signs_then_encrypts_when_both_policies_are_registered ... ok
test http::admin::access_requests::tests::access_request_list_requires_admin_before_query_validation_or_database_lookup ... ok
test http::admin::access_requests::tests::access_request_list_without_status_requires_admin_before_database_lookup ... ok
test http::admin::access_requests::tests::access_requests_response_preserves_pagination_and_rows ... ok
test http::admin::access_requests::tests::admin_access_request_list_validates_status_after_admin_auth_and_returns_filtered_rows ... ok
test http::admin::access_requests::tests::approval_conflicts_distinguish_request_state_from_client_uniqueness ... ok
test http::admin::access_requests::tests::approve_access_request_creates_client_and_marks_request_approved_once ... ok
test http::admin::access_requests::tests::approve_access_request_delivery_failure_is_fail_closed_before_database_commit ... ok
test http::admin::access_requests::tests::approve_access_request_rejects_missing_csrf_before_admin_or_database_lookup ... ok
test http::admin::access_requests::tests::approve_access_request_rejects_previously_rejected_request_without_creating_client ... ok
test http::admin::access_requests::tests::approve_access_request_requires_admin_before_access_request_lookup ... ok
test http::admin::access_requests::tests::approve_access_request_surfaces_pending_request_lookup_failure_after_admin_authentication ... ok
test http::admin::access_requests::tests::approve_access_request_validates_client_request_before_mutation ... ok
test http::admin::access_requests::tests::approve_status_write_failure_keeps_undisclosed_stage_until_original_ttl ... ok
test http::admin::access_requests::tests::delivery_races::recovery_claim_before_original_publish_resumes_discloses_secret_at_most_once ... ok
test http::admin::access_requests::tests::delivery_races::requester_read_of_staged_delivery_preserves_original_publish_and_one_disclosure ... ok
test http::admin::access_requests::tests::delivery_races::unknown_approval_ack_retains_original_stage_and_recovers_without_secret_or_ttl_rotation ... ok
test http::admin::access_requests::tests::delivery_races::unknown_publish_ack_keeps_one_current_secret_and_never_recreates_after_claim ... ok
test http::admin::access_requests::tests::delivery_races::verified_recovery_rejects_wrong_client_secret_and_rotated_generation_without_touching_stage ... ok
test http::admin::access_requests::tests::delivery_tokens_are_deterministic_and_request_scoped ... ok
test http::admin::access_requests::tests::duplicate_access_request_approval_uses_conflict_without_secret_material ... ok
test http::admin::access_requests::tests::duplicate_access_request_rejection_uses_conflict_without_secret_material ... ok
test http::admin::access_requests::tests::parse_access_request_status_accepts_only_protocol_state_codes ... ok
test http::admin::access_requests::tests::parse_access_request_status_rejects_malformed_and_unknown_states_fail_closed ... ok
test http::admin::access_requests::tests::reject_access_request_marks_request_rejected_once ... ok
test http::admin::access_requests::tests::reject_access_request_projection_failure_rolls_back_pending_state_and_required_outcome ... ok
test http::admin::access_requests::tests::reject_access_request_rejects_missing_csrf_before_admin_or_database_lookup ... ok
test http::admin::access_requests::tests::reject_access_request_rejects_previously_approved_request_without_losing_client_link ... ok
test http::admin::access_requests::tests::reject_access_request_requires_admin_before_access_request_update ... ok
test http::admin::access_requests::tests::reject_access_request_surfaces_update_failure_without_changing_status ... ok
test http::admin::clients::boundary_tests::admin_client_handlers_use_focused_service ... ok
test http::admin::clients::create::tests::insert_client_error_response_preserves_oauth_error_category ... ok
test http::admin::clients::create::tests::prepare_client_insert_accepts_composable_fapi_and_signing_policy ... ok
test http::admin::clients::create::tests::prepare_client_insert_accepts_introspection_jwe_metadata ... ok
test http::admin::clients::create::tests::prepare_client_insert_derives_pairwise_sector_from_single_redirect_host ... ok
test http::admin::clients::create::tests::prepare_client_insert_discards_sector_identifier_for_public_subjects ... ok
test http::admin::clients::create::tests::prepare_client_insert_does_not_issue_secret_for_public_or_mtls_clients ... ok
test http::admin::clients::create::tests::prepare_client_insert_issues_secret_only_for_secret_based_confidential_clients ... ok
test http::admin::clients::create::tests::prepare_client_insert_normalizes_logout_strings_with_one_exact_mtls_selector ... ok
test http::admin::clients::create::tests::prepare_client_insert_rejects_empty_array_metadata_before_storage ... ok
test http::admin::clients::create::tests::prepare_client_insert_rejects_fapi_policy_without_sender_constraint ... ok
test http::admin::clients::create::tests::prepare_client_insert_rejects_pairwise_redirects_with_multiple_hosts_without_sector_uri ... ok
test http::admin::clients::create::tests::prepare_client_insert_rejects_pairwise_when_secret_is_not_configured ... ok
test http::admin::clients::create::tests::prepare_client_insert_rejects_secret_auth_for_public_clients ... ok
test http::admin::clients::create::tests::prepare_client_insert_reports_sector_identifier_fetch_failure ... ok
test http::admin::clients::create::tests::prepared_client_retains_the_selected_non_default_tenant_context ... ok
test http::admin::clients::detail::tests::admin_get_client_requires_admin_before_lookup ... ok
test http::admin::clients::detail::tests::admin_get_client_returns_not_found_for_unknown_client_id ... ok
test http::admin::clients::detail::tests::admin_get_client_returns_sanitized_client_for_admin ... ok
test http::admin::clients::detail::tests::client_detail_not_found_response_uses_stable_oauth_error ... ok
test http::admin::clients::detail::tests::client_detail_response_does_not_expose_secret_hash_or_tenant_context ... ok
test http::admin::clients::list::tests::admin_client_handlers_use_focused_dependencies ... ok
test http::admin::clients::list::tests::admin_clients_lists_persisted_clients_for_admin_without_secret_hashes ... ok
test http::admin::clients::list::tests::admin_clients_requires_admin_before_database_lookup ... ok
test http::admin::clients::list::tests::clients_list_response_preserves_pagination_and_omits_secret_hashes ... ok
test http::admin::clients::templates::tests::reviewed_templates_are_closed_and_security_preserving ... ok
test http::admin::clients::update::tests::admin_patch_client_fails_closed_when_admin_session_lookup_is_unavailable ... ok
test http::admin::clients::update::tests::admin_patch_client_rejects_missing_csrf_before_admin_lookup ... ok
test http::admin::clients::update::tests::admin_patch_client_reports_not_found_for_unknown_client_id ... ok
test http::admin::clients::update::tests::admin_patch_client_surfaces_client_lookup_failure_after_admin_authentication ... ok
test http::admin::clients::update::tests::admin_patch_client_surfaces_update_failure_without_mutating_current_client ... ok
test http::admin::clients::update::tests::admin_patch_client_validates_metadata_after_admin_authentication ... ok
test http::admin::clients::update::tests::patch_can_explicitly_clear_every_optional_response_crypto_setting ... ok
test http::admin::clients::update::tests::patch_clears_pairwise_sector_metadata_when_subject_becomes_public ... ok
test http::admin::clients::update::tests::patch_derives_pairwise_sector_from_updated_single_redirect_host ... ok
test http::admin::clients::update::tests::patch_preserves_existing_pairwise_sector_host_without_refetching_uri ... ok
test http::admin::clients::update::tests::patch_preserves_unsubmitted_security_metadata ... ok
test http::admin::clients::update::tests::patch_rejects_modifying_existing_sector_identifier_uri ... ok
test http::admin::clients::update::tests::patch_rejects_pairwise_redirects_with_multiple_hosts_without_sector_uri ... ok
test http::admin::clients::update::tests::patch_rejects_pairwise_when_secret_is_not_configured ... ok
test http::admin::clients::update::tests::patch_rejects_post_logout_redirect_uri_with_surrounding_whitespace ... ok
test http::admin::clients::update::tests::patch_rejects_redirect_uri_with_surrounding_whitespace ... ok
test http::admin::clients::update::tests::patch_reports_sector_identifier_fetch_failure_for_new_pairwise_uri ... ok
test http::admin::controller_recovery::tests::unauthenticated_challenge_hides_root_presence ... ok
test http::admin::controller_registry::tests::rotate_and_revoke_approval_reject_recovery_fields ... ok
test http::admin::controller_registry::tests::rotate_and_revoke_commit_json_reject_recovery_fields ... ok
test http::admin::federation::tests::admin_federation_handler_uses_focused_dependencies ... ok
test http::admin::federation::tests::admin_provider_view_exposes_onboarding_metadata_without_secret_material ... ok
test http::admin::grants::tests::admin_grants_handler_uses_auth_port_instead_of_postgres_types ... ok
test http::admin::grants::tests::admin_grants_list_returns_admin_view_without_token_material ... ok
test http::admin::grants::tests::admin_grants_list_surfaces_backend_failure_when_projection_breaks ... ok
test http::admin::grants::tests::admin_grants_requires_admin_before_database_lookup ... ok
test http::admin::grants::tests::admin_revoke_grant_rejects_missing_csrf_before_auth_or_lookup ... ok
test http::admin::grants::tests::admin_revoke_grant_requires_admin_even_with_valid_csrf ... ok
test http::admin::grants::tests::admin_revoke_grant_surfaces_client_lookup_failure_after_admin_authentication ... ok
test http::admin::grants::tests::admin_revoke_grant_surfaces_transaction_failure_without_partial_revocation ... ok
test http::admin::grants::tests::admin_revoke_grant_unknown_ack_is_503_with_committed_effect_and_required_evidence ... ok
test http::admin::grants::tests::admin_revoke_grant_validates_input_and_removes_live_grants ... ok
test http::admin::grants::tests::grant_json_projects_authorization_record_without_internal_ids ... ok
test http::admin::grants::tests::grant_revocation_response_reports_only_aggregate_state_change ... ok
test http::admin::grants::tests::grants_list_response_preserves_pagination_and_scope_projection ... ok
test http::admin::mtls_trust::tests::mtls_trust_handlers_fail_closed_before_touching_storage_for_anonymous_requests ... ok
test http::admin::mtls_trust::tests::mtls_trust_mutations_reject_missing_csrf_before_admin_lookup ... ok
test http::admin::mtls_trust::tests::required_unknown::bundle_export_rejects_unhealthy_required_anchor_in_isolated_process ... ok
test http::admin::mtls_trust::tests::required_unknown::bundle_export_waits_for_real_required_audit_commit_and_rejects_late_failure ... ok
test http::admin::mtls_trust::tests::required_unknown::hidden_committed_trust_ack_is_503_for_approve_reject_and_revoke_with_required_evidence ... ok
test http::admin::mtls_trust::tests::trust_bundle_digest_is_stable_and_redaction_safe ... ok
test http::admin::mtls_trust::tests::trust_decision_notes_are_bounded_and_rejections_require_a_reason ... ok
test http::admin::openid4vc::tests::admin_dataset_handlers_round_trip_and_map_domain_errors ... ok
test http::admin::openid4vc::tests::admin_dataset_mutations_fail_closed_on_csrf_and_recent_mfa ... ok
test http::admin::openid4vc::tests::dataset_error_fails_closed_for_invalid_http_status_values ... ok
test http::admin::openid4vc::tests::dataset_error_preserves_protocol_status_and_no_store_boundary ... ok
test http::admin::openid4vc::tests::managed_dataset_unknown::hidden_committed_dataset_ack_is_503_with_durable_effect_and_required_evidence ... ok
test http::admin::recovery_root::tests::recovery_root_handlers_commit_approval_rotation_and_registered_audit ... ok
test http::admin::users::tests::admin_create_user_rejects_missing_csrf_before_hashing_or_mutation ... ok
test http::admin::users::tests::admin_create_user_uses_authenticated_tenant_and_returns_no_password_material ... ok
test http::admin::users::tests::admin_patch_user_empty_payload_is_noop_and_preserves_updated_at ... ok
test http::admin::users::tests::admin_patch_user_rejects_invalid_partial_role_level_without_mutation ... ok
test http::admin::users::tests::admin_patch_user_rejects_missing_csrf_before_auth_or_mutation ... ok
test http::admin::users::tests::admin_patch_user_rejects_nil_user_id_without_panicking ... ok
test http::admin::users::tests::admin_patch_user_rejects_peer_self_demotion_and_own_level_grant ... ok
test http::admin::users::tests::admin_patch_user_reports_not_found_for_each_requested_field_update ... ok
test http::admin::users::tests::admin_patch_user_requires_admin_even_with_valid_csrf ... ok
test http::admin::users::tests::admin_patch_user_updates_role_level_and_active_state_and_reports_missing_users ... ok
test http::admin::users::tests::admin_patch_user_validates_role_and_admin_level_before_mutation ... ok
test http::admin::users::tests::admin_users_list_response_omits_password_hash_and_tenant_context ... ok
test http::admin::users::tests::admin_users_list_returns_admin_view_without_secret_fields ... ok
test http::admin::users::tests::admin_users_requires_admin_before_database_lookup ... ok
test http::admin::users::tests::patch_user_validation_accepts_user_and_admin_roles_with_non_negative_level ... ok
test http::admin::users::tests::patch_user_validation_allows_only_supported_roles ... ok
test http::admin::users::tests::patch_user_validation_rejects_negative_admin_level ... ok
test http::admin::users::tests::system_tenant_admin_update_commits_state_and_registered_required_audit ... ok
test http::auth::csrf::tests::csrf_response_returns_token_body_and_matching_cookie ... ok
test http::auth::federation::oidc::tests::audience_contains_matches_array_element ... ok
test http::auth::federation::oidc::tests::audience_contains_matches_string ... ok
test http::auth::federation::oidc::tests::audience_contains_rejects_array_without_match ... ok
test http::auth::federation::oidc::tests::audience_contains_rejects_string_mismatch ... ok
test http::auth::federation::oidc::tests::audience_contains_returns_false_for_non_string_non_array ... ok
test http::auth::federation::oidc::tests::exchange_oidc_code_posts_basic_authenticated_authorization_code_request ... ok
test http::auth::federation::oidc::tests::federation_configuration_reuses_connection_for_successive_provider_requests ... ok
test http::auth::federation::oidc::tests::fetch_oidc_jwks_requires_keys_array_from_provider_response ... ok
test http::auth::federation::oidc::tests::oidc_authorization_url_includes_all_required_params ... ok
test http::auth::federation::oidc::tests::verify_oidc_id_token_accepts_matching_signed_claims_and_rejects_policy_mismatches ... ok
test http::auth::federation::oidc::tests::verify_oidc_id_token_rejects_expired_and_wrong_issuer_claims ... ok
test http::auth::federation::oidc::tests::verify_oidc_id_token_requires_kid_and_matching_supported_jwk ... ok
test http::auth::federation::saml::tests::gateway_name_is_unsigned_and_must_remain_untrusted_metadata ... ok
test http::auth::federation::saml::tests::saml_gateway_signature_differs_for_different_fields ... ok
test http::auth::federation::saml::tests::saml_gateway_signature_is_deterministic ... ok
test http::auth::federation::saml::tests::valid_saml_gateway_assertion_accepts_valid_assertion ... ok
test http::auth::federation::saml::tests::valid_saml_gateway_assertion_rejects_empty_subject ... ok
test http::auth::federation::saml::tests::valid_saml_gateway_assertion_rejects_exp_iat_window_too_long ... ok
test http::auth::federation::saml::tests::valid_saml_gateway_assertion_rejects_expired_assertion ... ok
test http::auth::federation::saml::tests::valid_saml_gateway_assertion_rejects_iat_too_far_in_future ... ok
test http::auth::federation::saml::tests::valid_saml_gateway_assertion_rejects_normalized_email_mismatch ... ok
test http::auth::federation::saml::tests::valid_saml_gateway_assertion_rejects_signature_mismatch ... ok
test http::auth::federation::saml::tests::valid_saml_gateway_assertion_rejects_wrong_audience ... ok
test http::auth::federation::saml::tests::valid_saml_gateway_assertion_rejects_wrong_issuer ... ok
test http::auth::federation::social::tests::social_authorization_url_uses_provider_specific_client_parameter ... ok
test http::auth::federation::social::tests::social_identity_normalization_uses_subject_claim_and_verified_email_only ... ok
test http::auth::federation::social::tests::social_jsonp_parser_accepts_qq_openid_wrapper_without_executing_script ... ok
test http::auth::federation::social::tests::social_token_parser_accepts_json_and_form_urlencoded_provider_responses ... ok
test http::auth::federation::tests::browser_binding::binding_cookie_requires_exact_canonical_32_byte_encoding_and_configured_name ... ok
test http::auth::federation::tests::browser_binding::existing_browser_cookie_supports_parallel_oidc_and_social_starts_without_rotation ... ok
test http::auth::federation::tests::browser_binding::failed_start_never_publishes_binding_cookie_or_redirect ... ok
test http::auth::federation::tests::browser_binding::invalid_start_cookie_is_replaced_with_a_fresh_canonical_owner_seed ... ok
test http::auth::federation::tests::browser_binding::missing_or_bad_cookie_calls_no_state_store_and_valid_cookie_preserves_outage_503 ... ok
test http::auth::federation::tests::browser_binding::oidc_attacker_code_and_state_in_another_browser_cannot_burn_owner_login ... ok
test http::auth::federation::tests::browser_binding::simultaneous_cold_starts_fail_closed_when_last_set_cookie_displaces_the_first_seed ... ok
test http::auth::federation::tests::browser_binding::social_attacker_code_and_state_in_another_browser_preserves_owner_completion ... ok
test http::auth::federation::tests::browser_binding::successful_start_cookie_has_secure_host_or_dev_attributes_and_renews_300_seconds ... ok
test http::auth::federation::tests::federation_provider_callback_rejects_unknown_provider_before_input_processing ... ok
test http::auth::federation::tests::federation_provider_list_returns_enabled_non_secret_provider_metadata ... ok
test http::auth::federation::tests::federation_provider_response_limit_rejects_oversized_content_length ... ok
test http::auth::federation::tests::federation_provider_start_persists_oidc_state_nonce_and_pkce_binding ... ok
test http::auth::federation::tests::federation_provider_start_rejects_unknown_provider_after_rate_limit ... ok
test http::auth::federation::tests::federation_token_accepts_only_urlsafe_values ... ok
test http::auth::federation::tests::federation_token_trims_transport_whitespace_but_preserves_length_and_charset_limits ... ok
test http::auth::federation::tests::federation_transport_has_no_identity_or_storage_orchestration ... ok
test http::auth::federation::tests::oidc_authorization_url_binds_state_nonce_and_s256_pkce ... ok
test http::auth::federation::tests::oidc_callback_after_rate_limit_rejects_provider_error_before_state_lookup ... ok
test http::auth::federation::tests::oidc_callback_after_rate_limit_validates_input_before_state_storage_errors ... ok
test http::auth::federation::tests::oidc_callback_creates_new_federated_user_session_and_external_link ... ok
test http::auth::federation::tests::oidc_callback_denies_failed_token_exchange_and_consumes_state ... ok
test http::auth::federation::tests::oidc_callback_input_rejects_provider_error_before_code_or_state_processing ... ok
test http::auth::federation::tests::oidc_callback_input_requires_urlsafe_state_and_bounded_non_empty_code ... ok
test http::auth::federation::tests::oidc_callback_rejects_existing_active_email_account_without_explicit_link ... ok
test http::auth::federation::tests::oidc_callback_rejects_existing_inactive_email_account_without_link_or_session ... ok
test http::auth::federation::tests::oidc_callback_rejects_expired_stored_state_before_token_exchange ... ok
test http::auth::federation::tests::oidc_callback_rejects_id_token_policy_failures_and_consumes_state ... ok
test http::auth::federation::tests::oidc_callback_rejects_inactive_linked_user ... ok
test http::auth::federation::tests::oidc_callback_rejects_malformed_stored_state_before_token_exchange ... ok
test http::auth::federation::tests::oidc_callback_rejects_missing_email_verification_before_identity_resolution ... ok
test http::auth::federation::tests::oidc_callback_rejects_state_bound_to_another_provider_before_token_exchange ... ok
test http::auth::federation::tests::oidc_callback_rejects_unverified_email_before_identity_resolution ... ok
test http::auth::federation::tests::oidc_callback_reports_identity_resolution_db_failure_without_session_cookie ... ok
test http::auth::federation::tests::oidc_callback_requires_normalized_email_claim_before_identity_resolution ... ok
test http::auth::federation::tests::oidc_callback_returns_server_error_when_jwks_response_is_invalid ... ok
test http::auth::federation::tests::oidc_callback_treats_missing_state_as_expired_before_token_exchange ... ok
test http::auth::federation::tests::saml_acs_creates_new_federated_user_session_and_external_link ... ok
test http::auth::federation::tests::saml_acs_rejects_invalid_email_before_signature_or_identity_resolution ... ok
test http::auth::federation::tests::saml_acs_rejects_signed_assertion_with_wrong_audience_before_identity_resolution ... ok
test http::auth::federation::tests::saml_acs_requires_gateway_configuration_before_payload_validation ... ok
test http::auth::federation::tests::saml_gateway_assertion_rejects_correctly_signed_overlong_ttl ... ok
test http::auth::federation::tests::saml_gateway_assertion_rejects_expired_or_future_assertions ... ok
test http::auth::federation::tests::saml_gateway_assertion_rejects_wrong_issuer_audience_and_signature ... ok
test http::auth::federation::tests::saml_gateway_signature_is_bound_to_assertion_fields ... ok
test http::auth::federation::tests::social_callback_without_email_rejects_inactive_linked_user ... ok
test http::authorization::boundary_tests::authorization_entrypoints_use_focused_dependencies ... ok
test http::authorization::consent::tests::authorize_consent_fails_closed_when_consent_state_read_fails ... ok
test http::authorization::consent::tests::authorize_consent_fails_closed_when_session_user_lookup_fails ... ok
test http::authorization::consent::tests::authorize_consent_rejects_malformed_consent_payload ... ok
test http::authorization::consent::tests::authorize_consent_rejects_missing_consent_payload ... ok
test http::authorization::consent::tests::authorize_consent_rejects_payload_owned_by_other_user ... ok
test http::authorization::consent::tests::authorize_consent_rejects_requests_without_request_id ... ok
test http::authorization::consent::tests::authorize_consent_requires_login ... ok
test http::authorization::consent::tests::authorize_consent_returns_payload_for_current_user ... ok
test http::authorization::consent::tests::consent_page_response_exposes_only_page_safe_fields ... ok
test http::authorization::consent::tests::consent_payload_is_bound_to_current_user ... ok
test http::authorization::consent::tests::missing_consent_state_returns_protocol_invalid_request_without_tokens ... ok
test http::authorization::consent::tests::missing_or_malformed_consent_payload_fails_closed ... ok
test http::authorization::par::tests::baseline_profile_allows_public_par_client_authentication ... ok
test http::authorization::par::tests::fapi2_profile_requires_confidential_clients ... ok
test http::authorization::par::tests::fapi2_profile_requires_explicit_par_redirect_uri_even_when_unambiguous ... ok
test http::authorization::par::tests::fapi2_profile_requires_private_key_jwt_or_mtls_client_auth ... ok
test http::authorization::par::tests::fapi2_profile_requires_sender_constrained_tokens ... ok
test http::authorization::par::tests::message_signing_profile_requires_request_object_at_par ... ok
test http::authorization::par::tests::par_client_lookup_failure_is_server_error_not_invalid_client ... ok
test http::authorization::par::tests::par_does_not_trust_unsigned_request_object_for_missing_outer_client_id ... ok
test http::authorization::par::tests::par_enforces_client_request_object_policy_after_authentication ... ok
test http::authorization::par::tests::par_error_log_fields_skip_success_and_include_only_safe_error_metadata ... ok
test http::authorization::par::tests::par_fails_closed_when_request_uri_persistence_fails ... ok
test http::authorization::par::tests::par_fapi2_rejects_shared_secret_client_auth_after_authentication ... ignored, requires DATABASE_URL and VALKEY_URL; run explicitly with --ignored
test http::authorization::par::tests::par_persists_mtls_thumbprint_for_sender_constrained_request_uri ... ok
test http::authorization::par::tests::par_policy_does_not_require_request_object_for_dpop_bound_clients ... ok
test http::authorization::par::tests::par_policy_requires_request_object_when_enabled ... ok
test http::authorization::par::tests::par_rate_limit_failure_short_circuits_before_client_lookup ... ok
test http::authorization::par::tests::par_rejects_authorization_details_from_request_object_when_disabled ... ok
test http::authorization::par::tests::par_rejects_disabled_authorization_details_before_client_lookup ... ok
test http::authorization::par::tests::par_rejects_disabled_request_object_before_client_lookup ... ok
test http::authorization::par::tests::par_rejects_endpoint_url_client_assertion_audiences_as_oauth_errors ... ok
test http::authorization::par::tests::par_rejects_explicit_unsupported_response_type ... ok
test http::authorization::par::tests::par_rejects_invalid_dpop_jkt_after_client_authentication ... ok
test http::authorization::par::tests::par_rejects_malformed_or_ambiguous_authorization_parameters_before_client_lookup ... ok
test http::authorization::par::tests::par_rejects_non_form_content_type_before_client_lookup ... ok
test http::authorization::par::tests::par_rejects_request_uri_after_request_object_expansion ... ok
test http::authorization::par::tests::par_rejects_request_uri_from_request_object_after_client_authentication ... ok
test http::authorization::par::tests::par_rejects_sender_constrained_request_without_pkce_before_persistence ... ok
test http::authorization::par::tests::par_rejects_unsupported_response_type_after_client_authentication ... ok
test http::authorization::par::tests::par_requires_configured_validator_for_attestation_authenticated_clients ... ok
test http::authorization::par::tests::par_returns_invalid_client_for_unknown_or_inactive_client ... ok
test http::authorization::par::tests::par_success_persists_request_uri_without_client_secret_material ... ok
test http::authorization::par::tests::par_uses_authenticated_assertion_identity_to_classify_unsigned_request_object ... ok
test http::authorization::par::tests::par_validation_binds_request_uri_to_registered_redirect_uri ... ok
test http::authorization::par::tests::pushed_authorization_request_resources_allow_registered_targets ... ok
test http::authorization::par::tests::pushed_authorization_request_resources_reject_unregistered_target ... ok
test http::authorization::presentation::tests::active_client_exposes_only_registered_display_metadata_without_caching ... ok
test http::authorization::presentation::tests::missing_and_inactive_clients_have_the_same_non_enumerating_shape ... ok
test http::authorization::presentation::tests::presentation_lookup_accepts_exactly_one_visible_ascii_client_id ... ok
test http::authorization::presentation::tests::unavailable_client_lookup_has_only_error_json ... ok
test http::authorization::request::form::tests::authorization_post_form_preserves_multiple_resource_indicators ... ok
test http::authorization::request::form::tests::authorization_post_form_preserves_unknown_parameters_without_duplicate_rejection ... ok
test http::authorization::request::form::tests::authorization_post_form_rejects_duplicate_oauth_parameter_in_body ... ok
test http::authorization::request::form::tests::authorization_post_form_rejects_duplicate_oauth_parameter_in_query ... ok
test http::authorization::request::form::tests::authorization_post_form_rejects_non_utf8_body ... ok
test http::authorization::request::form::tests::authorization_post_form_requires_form_urlencoded_content_type ... ok
test http::authorization::request::form::tests::authorization_query_preserves_multiple_resource_indicators ... ok
test http::authorization::request::tests::endpoint::authorization_get_rejects_duplicate_oauth_parameters_before_client_lookup ... ok
test http::authorization::request::tests::endpoint::authorization_get_requires_client_id_before_database_lookup ... ok
test http::authorization::request::tests::endpoint::authorization_get_requires_par_before_untrusted_runtime_parameters ... ok
test http::authorization::request::tests::endpoint::authorization_get_wrapper_uses_same_pre_database_validation ... ok
test http::authorization::request::tests::endpoint::authorization_post_wrapper_rejects_duplicate_parameters_before_client_lookup ... ok
test http::authorization::request::tests::endpoint::authorization_request_allows_server_issued_par_request_uri ... ok
test http::authorization::request::tests::endpoint::authorization_request_fails_closed_when_reauth_nonce_storage_is_unavailable ... ok
test http::authorization::request::tests::endpoint::authorization_request_persists_consent_payload_for_authenticated_interaction ... ok
test http::authorization::request::tests::endpoint::authorization_request_prompt_none_without_prior_grant_returns_consent_required ... ok
test http::authorization::request::tests::endpoint::authorization_request_redirects_core_protocol_validation_errors_after_redirect_resolution ... ok
test http::authorization::request::tests::endpoint::authorization_request_redirects_invalid_authorization_details_for_authenticated_session ... ok
test http::authorization::request::tests::endpoint::authorization_request_redirects_invalid_scope_for_authenticated_session ... ok
test http::authorization::request::tests::endpoint::authorization_request_redirects_missing_par_uri_after_registered_redirect_is_known ... ok
test http::authorization::request::tests::endpoint::authorization_request_redirects_prompt_max_age_and_claims_parse_errors ... ok
test http::authorization::request::tests::endpoint::authorization_request_redirects_prompt_none_without_session ... ok
test http::authorization::request::tests::endpoint::authorization_request_redirects_request_object_claim_errors_after_redirect_resolution ... ok
test http::authorization::request::tests::endpoint::authorization_request_redirects_to_login_with_original_request_uri_after_par_expansion ... ok
test http::authorization::request::tests::endpoint::authorization_request_redirects_when_outer_request_uri_parameters_do_not_match_par ... ok
test http::authorization::request::tests::endpoint::authorization_request_redirects_when_par_client_id_does_not_match ... ok
test http::authorization::request::tests::endpoint::authorization_request_rejects_client_without_authorization_code_grant_before_redirect ... ok
test http::authorization::request::tests::endpoint::authorization_request_rejects_disabled_authorization_details_before_client_lookup ... ok
test http::authorization::request::tests::endpoint::authorization_request_rejects_disabled_request_object_parameters_before_client_lookup ... ok
test http::authorization::request::tests::endpoint::authorization_request_rejects_external_request_uri_before_client_lookup ... ok
test http::authorization::request::tests::endpoint::authorization_request_rejects_inactive_client_before_session_lookup ... ok
test http::authorization::request::tests::endpoint::authorization_request_rejects_invalid_dpop_jkt_before_redirect_response ... ok
test http::authorization::request::tests::endpoint::authorization_request_rejects_malformed_request_uri_state_without_redirecting ... ok
test http::authorization::request::tests::endpoint::authorization_request_rejects_missing_redirect_uri_when_client_has_multiple_registrations ... ok
test http::authorization::request::tests::endpoint::authorization_request_rejects_par_dpop_binding_mismatch_without_redirect ... ok
test http::authorization::request::tests::endpoint::authorization_request_rejects_sender_constrained_client_without_par_or_jar ... ok
test http::authorization::request::tests::endpoint::authorization_request_rejects_unregistered_external_request_uri ... ok
test http::authorization::request::tests::endpoint::authorization_request_rejects_unregistered_redirect_uri_before_session_lookup ... ok
test http::authorization::request::tests::endpoint::authorization_request_rejects_unsigned_request_object_without_client_id ... ok
test http::authorization::request::tests::endpoint::authorization_request_reports_client_lookup_failure_without_redirecting ... ok
test http::authorization::request::tests::endpoint::authorization_request_reports_request_uri_storage_failure_without_redirect ... ok
test http::authorization::request::tests::endpoint::authorization_request_reports_session_lookup_failure_after_client_validation ... ok
test http::authorization::request::tests::endpoint::authorization_request_requires_reauthentication_for_prompt_none_sessions ... ok
test http::authorization::request::tests::endpoint::baseline_dpop_authorization_does_not_require_par ... ok
test http::authorization::request::tests::endpoint::baseline_mtls_authorization_does_not_require_par ... ok
test http::authorization::request::tests::endpoint::composable_policy_requires_a_signed_authorization_request_without_fapi_assurance ... ok
test http::authorization::request::tests::endpoint::concurrent_pushed_authorization_request_consumption_allows_exactly_one_winner ... ok
test http::authorization::request::tests::endpoint::consume_pushed_authorization_request_enforces_single_use_and_malformed_states ... ok
test http::authorization::request::tests::endpoint::encrypted_request_object_requires_the_registered_closed_algorithm_pair ... ok
test http::authorization::request::tests::endpoint::fapi_authorization_accepts_matching_outer_parameters_and_ignores_the_duplicates ... ok
test http::authorization::request::tests::endpoint::fapi_authorization_rejects_external_request_uri_and_direct_authorization ... ok
test http::authorization::request::tests::endpoint::fapi_par_uses_the_bounded_authorization_transaction_ttl ... ok
test http::authorization::request::tests::endpoint::signed_request_object_redirect_uri_supersedes_invalid_outer_redirect_uri ... ok
test http::authorization::request::tests::endpoint::signed_response_with_precomputed_policy_accepts_only_an_active_database_client ... ok
test http::authorization::request::tests::prompt_none::prompt_none_cache_eviction_during_disposal_keeps_committed_code ... ok
test http::authorization::request::tests::prompt_none::prompt_none_corrupt_cleanup_snapshot_keeps_committed_code ... ok
test http::authorization::request::tests::prompt_none::prompt_none_discards_preparation_after_committing_and_publishing_code ... ok
test http::authorization::request::tests::prompt_none::prompt_none_final_coverage_fails_closed_when_database_connection_fails ... ok
test http::authorization::request::tests::prompt_none::prompt_none_final_coverage_fails_closed_when_query_fails ... ok
test http::authorization::request::tests::prompt_none::prompt_none_issues_single_use_authorization_code_without_user_interaction ... ok
test http::authorization::request::tests::prompt_none::prompt_none_rejected_par_replacement_does_not_prevent_cleanup ... ok
test http::authorization::request::tests::prompt_none::prompt_none_unavailable_disposal_storage_keeps_committed_code ... ok
test http::authorization::request::tests::prompt_none::prompt_none_undelivered_commit_keeps_par_fence_and_grant_count ... ok
test http::authorization::request::tests::reauth_nonce_is_single_use_in_live_authorization_state ... ok
test http::client_attestation::tests::client_attestation_headers_reject_duplicates ... ok
test http::client_attestation::tests::client_attestation_headers_require_one_complete_pair ... ok
test http::framework_boundary_transport::authorization_contract::t00_form_post_exact_document_and_security_headers_bind_observed_nonce ... ok
test http::framework_boundary_transport::authorization_contract::t00_jar_invalid_unsigned_and_tampered_objects_never_redirect_to_attacker ... ok
test http::framework_boundary_transport::authorization_contract::t00_jarm_signature_and_all_claims_are_bound_to_database_client ... ok
test http::framework_boundary_transport::authorization_contract::t00_par_duplicate_body_is_rejected_before_unknown_client_lookup ... ok
test http::framework_boundary_transport::authorization_contract::t00_par_repeated_resources_ignore_repeated_extensions_and_persist_exact_fields ... ok
test http::framework_boundary_transport::ciba_device::ciba_device_contract::real_ciba_pending_slow_down_terminal_and_single_use_replay_wire ... ok
test http::framework_boundary_transport::ciba_device::ciba_device_contract::real_device_decision_csrf_session_preserve_state_then_deny_wire ... ok
test http::framework_boundary_transport::ciba_device::ciba_device_contract::real_single_use_issuance_rejects_a_consumed_grant_key ... ok
test http::framework_boundary_transport::dynamic_registration::framework_boundary_transport_dcr_put_cas_revokes_old_registration_token ... ok
test http::framework_boundary_transport::dynamic_registration::framework_boundary_transport_dcr_put_stale_cas_preserves_registration ... ok
test http::framework_boundary_transport::fapi_resource::fapi_signed_contract::real_fapi_authorization_and_signature_failures_preserve_signed_wire_and_port_order ... ok
test http::framework_boundary_transport::fapi_resource::framework_boundary_transport_fapi_missing_token_has_exact_unsigned_wire ... ok
test http::framework_boundary_transport::fapi_resource::framework_boundary_transport_fapi_signed_error_preserves_body_and_content_digest ... ok
test http::framework_boundary_transport::fapi_resource::framework_boundary_transport_fapi_signer_failure_erases_error_wire_after_capture ... ok
test http::framework_boundary_transport::mtls_real_boundary::framework_boundary_transport_direct_tls_captures_real_peer_certificate ... ok
test http::framework_boundary_transport::mtls_real_boundary::framework_boundary_transport_rfc9440_same_resolver_observes_tenant_ca_revocation ... ok
test http::framework_boundary_transport::rate_limit_dpop::framework_boundary_transport_dpop_ath_and_htu_fail_before_state_port ... ok
test http::framework_boundary_transport::rate_limit_dpop::framework_boundary_transport_dpop_nonce_then_replay_store_order ... ok
test http::framework_boundary_transport::rate_limit_dpop::framework_boundary_transport_duplicate_dpop_header_has_exact_error_wire ... ok
test http::framework_boundary_transport::rate_limit_dpop::framework_boundary_transport_empty_dpop_header_is_present_but_has_no_proof ... ok
test http::framework_boundary_transport::rate_limit_dpop::framework_boundary_transport_rate_limit_exact_wire_and_store_order ... ok
test http::framework_boundary_transport::rate_limit_dpop::framework_boundary_transport_rate_limit_store_failure_exact_wire_and_order ... ok
test http::framework_boundary_transport::userinfo_mtls::framework_boundary_transport_direct_tls_does_not_fallback_to_certificate_headers ... ok
test http::framework_boundary_transport::userinfo_mtls::framework_boundary_transport_untrusted_rfc9440_peer_cannot_supply_mtls_facts ... ok
test http::framework_boundary_transport::userinfo_mtls::framework_boundary_transport_userinfo_invalid_token_challenge_follows_port ... ok
test http::framework_boundary_transport::userinfo_mtls::framework_boundary_transport_userinfo_missing_token_challenge_skips_port ... ok
test http::framework_boundary_transport::userinfo_mtls::framework_boundary_transport_userinfo_rejects_conflicting_auth_sources_before_port ... ok
test http::framework_boundary_transport::userinfo_mtls::real_userinfo_contract::dual_bound_userinfo_bearer_rejects_missing_dpop_even_with_matching_verified_certificate ... ok
test http::framework_boundary_transport::userinfo_mtls::real_userinfo_contract::invalid_token_precedes_malformed_certificate_without_repository_or_dpop_calls ... ok
test http::framework_boundary_transport::userinfo_mtls::real_userinfo_contract::mtls_bound_token_rejects_malformed_certificate_before_subject_and_client_ports ... ok
test http::framework_boundary_transport::userinfo_mtls::real_userinfo_contract::unbound_bearer_ignores_malformed_dpop_and_certificate_and_returns_exact_claims ... ok
test http::framework_boundary_transport::well_known_views::framework_boundary_transport_readiness_contracts_match_expected_boundary ... ok
test http::framework_boundary_transport::well_known_views::framework_boundary_transport_readiness_fails_closed_when_dependencies_are_unavailable ... ok
test http::framework_boundary_transport::well_known_views::framework_boundary_transport_views_helpers_maintain_http_projection_semantics ... ok
test http::framework_boundary_transport::well_known_views::framework_boundary_transport_well_known_endpoints_keep_contracts ... ok
test http::mtls::tests::disabled_certificate_source_cannot_fall_back_to_forwarded_headers ... ok
test http::mtls::tests::mtls_certificate_source_requires_explicit_supported_mode ... ok
test http::mtls::tests::pki_certificate_requires_the_selected_trust_anchor_and_valid_chain ... ok
test http::mtls::tests::rfc9440_client_cert_uses_single_der_byte_sequence ... ok
test http::mtls::tests::rfc9440_source_accepts_only_a_trusted_peer ... ok
test http::mtls::tests::rfc9440_source_ignores_removed_nonstandard_headers ... ok
test http::mtls::tests::thumbprint_projection_keeps_one_owned_forwarded_chain_and_caches_failed_parse ... ok
test http::profile::access_requests::tests::access_delivery_rejects_requests_without_csrf_before_storage_access ... ok
test http::profile::access_requests::tests::create_access_request_handles_duplicate_pending_request_as_conflict ... ok
test http::profile::access_requests::tests::create_access_request_rejects_requests_without_csrf ... ok
test http::profile::access_requests::tests::create_access_request_response_uses_created_and_public_projection ... ok
test http::profile::access_requests::tests::my_access_requests_rejects_requests_without_login ... ok
test http::profile::access_requests::tests::my_access_requests_response_counts_only_pending_state ... ok
test http::profile::access_requests::tests::my_access_requests_response_with_live_data ... ok
test http::profile::access_requests::tests::user_access_request_json_omits_request_owner_and_client_secret_material ... ok
test http::profile::avatar::tests::avatar_upload_capability_reports_the_selected_tenant_service_without_csrf ... ok
test http::profile::avatar::tests::avatar_upload_capability_requires_login ... ok
test http::profile::avatar::tests::avatar_url_version_accepts_only_expected_query_shape ... ok
test http::profile::avatar::tests::begin_direct_avatar_upload_maps_validation_storage_and_success ... ok
test http::profile::avatar::tests::committed_postgres_avatar_cas_followed_by_repository_error_keeps_the_selected_version_readable ... ok
test http::profile::avatar::tests::complete_direct_avatar_upload_maps_validation_storage_and_success ... ok
test http::profile::avatar::tests::delete_avatar_clears_the_database_reference_and_retains_unremovable_legacy_orphans ... ok
test http::profile::avatar::tests::delete_avatar_rejects_session_request_without_csrf_before_profile_write ... ok
test http::profile::avatar::tests::delete_avatar_reports_session_lookup_failure_after_valid_csrf_before_profile_write ... ok
test http::profile::avatar::tests::direct_avatar_authorization_rejects_session_request_without_csrf ... ok
test http::profile::avatar::tests::direct_avatar_begin_payload_requires_a_declared_length ... ok
test http::profile::avatar::tests::direct_avatar_upload_endpoints_require_login_after_csrf_validation ... ok
test http::profile::avatar::tests::disabled_avatar_storage_keeps_csrf_and_login_guards ... ok
test http::profile::avatar::tests::disabled_avatar_storage_returns_forbidden_after_auth_without_consuming_or_mutating ... ok
test http::profile::avatar::tests::get_avatar_rejects_a_symlinked_user_directory ... ok
test http::profile::avatar::tests::get_avatar_rejects_cross_site_request_before_metadata_or_file_lookup ... ok
test http::profile::avatar::tests::get_avatar_rejects_metadata_that_declares_a_different_supported_image_type ... ok
test http::profile::avatar::tests::get_avatar_rejects_missing_and_inconsistent_persisted_avatar_state ... ok
test http::profile::avatar::tests::get_avatar_rejects_unsupported_missing_and_unreadable_avatar_file_after_metadata_lookup ... ok
test http::profile::avatar::tests::get_avatar_requires_login_before_cross_site_or_file_lookup ... ok
test http::profile::avatar::tests::get_avatar_serves_the_committed_version_while_an_immutable_candidate_is_prepared ... ok
test http::profile::avatar::tests::get_avatar_uses_detected_content_type_and_sets_security_headers ... ok
test http::profile::avatar::tests::read_avatar_meta_distinguishes_missing_valid_and_invalid_metadata ... ok
test http::profile::avatar::tests::upload_avatar_enforces_the_configured_limit_before_extending_the_buffer ... ok
test http::profile::avatar::tests::upload_avatar_fails_closed_when_storage_root_cannot_be_created ... ok
test http::profile::avatar::tests::upload_avatar_maps_multipart_parse_and_profile_overview_failures ... ok
test http::profile::avatar::tests::upload_avatar_persists_versioned_file_and_metadata ... ok
test http::profile::avatar::tests::upload_avatar_rejects_missing_avatar_field_without_profile_or_file_write ... ok
test http::profile::avatar::tests::upload_avatar_rejects_session_request_without_csrf_before_file_or_profile_write ... ok
test http::profile::avatar::tests::upload_avatar_rejects_stream_failure_without_persisting_profile_or_temp_files ... ok
test http::profile::avatar::tests::upload_avatar_rejects_unsupported_content_before_persisting_profile ... ok
test http::profile::avatar::tests::upload_avatar_reports_session_lookup_failure_after_valid_csrf_before_reading_multipart ... ok
test http::profile::delivery::tests::delivery_payload_response_adds_read_once_notice_without_dropping_credentials ... ok
test http::profile::delivery::tests::delivery_payload_response_fails_closed_for_corrupted_stored_payload ... ok
test http::profile::delivery::tests::delivery_payload_response_rejects_uncommitted_or_orphaned_payloads ... ok
test http::profile::federation_links::tests::federation_link_json_excludes_raw_provider_claims ... ok
test http::profile::federation_links::tests::unlink_rejects_missing_or_mismatched_csrf_before_session_account_or_link_io ... ok
test http::profile::tests::mfa_required::mfa_confirm_committed_unknown_http_withholds_backup_codes_and_new_cookies ... ok
test http::profile::tests::mfa_required::mfa_regenerate_committed_unknown_http_withholds_backup_codes_and_new_cookies ... ok
test http::profile::tests::profile_transports_keep_focused_dependencies ... ok
test http::rate_limit::tests::authentication_limit_rejects_post_increment_count_above_threshold ... ok
test http::rate_limit::tests::authentication_limit_uses_semantic_bucket_subject_and_window ... ok
test http::rate_limit::tests::dependency_failure_fails_closed_without_backend_details ... ok
test http::rate_limit::tests::rate_limited_response_is_exact_oauth_retryable_error ... ok
test http::rate_limit::tests::token_management_limiter_uses_distinct_bucket ... ok
test http::sessions::tests::admin_gate_propagates_session_lookup_failures_as_server_errors ... ok
test http::sessions::tests::administrator_policy_errors_preserve_http_status_and_oauth_code ... ok
test http::sessions::tests::invalid_or_malformed_session_payloads_are_cleared_and_anonymous ... ok
test http::sessions::tests::missing_session_cookie_is_anonymous_without_backend_lookup ... ok
test http::sessions::tests::missing_session_cookie_requires_login_or_admin_denial_without_storage_lookup ... ok
test http::sessions::tests::missing_session_key_is_anonymous_even_when_cookie_is_present ... ok
test http::sessions::tests::profile_and_admin_session_boundaries_preserve_cookie_and_backend_semantics ... ok
test http::sessions::tests::session_lookup_failures_are_server_errors_without_auth_material ... ok
test http::token::authorization_code_tests::admission::authorization_code_grant_requires_code_before_state_lookup ... ok
test http::token::authorization_code_tests::admission::authorization_code_helpers_fail_closed_when_valkey_is_unavailable ... ok
test http::token::authorization_code_tests::admission::load_pending_authorization_code_payload_reads_pending_missing_and_malformed_states ... ok
test http::token::authorization_code_tests::admission::pending_authorization_code_validation_covers_non_consuming_policy_boundaries ... ok
test http::token::authorization_code_tests::admission::token_authorization_code_preserves_pending_state_for_redirect_pkce_and_audience_errors ... ok
test http::token::authorization_code_tests::admission::token_authorization_code_rejects_client_binding_mismatch_without_consuming_code ... ok
test http::token::authorization_code_tests::error_mapping::authorization_code_client_mismatch_uses_invalid_grant ... ok
test http::token::authorization_code_tests::error_mapping::authorization_code_dpop_holder_key_failures_use_invalid_grant ... ok
test http::token::authorization_code_tests::error_mapping::authorization_code_dpop_missing_proof_uses_invalid_grant ... ok
test http::token::authorization_code_tests::error_mapping::authorization_code_dpop_nonce_challenge_keeps_dpop_error ... ok
test http::token::authorization_code_tests::error_mapping::authorization_code_mtls_holder_key_failures_use_invalid_request ... ok
test http::token::authorization_code_tests::identity::authorization_code_expired_pending_uses_live_receipt_without_reissuing_or_revoking_wrong_holder ... ok
test http::token::authorization_code_tests::identity::authorization_code_legacy_payload_and_cache_only_marker_cannot_issue_or_revoke ... ok
test http::token::authorization_code_tests::identity::authorization_code_original_mtls_holder_survives_disabled_current_binding_in_missing_busy_and_expired_pending ... ok
test http::token::authorization_code_tests::identity::authorization_code_unknown_commit_keeps_one_identity_and_requires_fresh_original_holder ... ok
test http::token::authorization_code_tests::issuance::authorization_code_subset_access_keeps_the_full_initial_refresh_resource_grant ... ok
test http::token::authorization_code_tests::issuance::authorization_code_token_issue_creates_native_sso_binding_for_device_sso_scope ... ok
test http::token::authorization_code_tests::issuance::authorization_code_token_issue_preserves_independent_oidc_sid ... ok
test http::token::authorization_code_tests::issuance::authorization_code_token_issue_preserves_requested_oidc_claims_and_acr ... ok
test http::token::authorization_code_tests::issuance::protocol_grant_expired_dispatch_authorization_code_after_holder_validation ... ok
test http::token::authorization_code_tests::issuance::token_authorization_code_fails_closed_when_pairwise_secret_is_missing ... ok
test http::token::authorization_code_tests::issuance::token_authorization_code_uses_client_pairwise_subject_sector ... ok
test http::token::authorization_code_tests::redirect_uri::authorization_code_redirect_uri_matching_preserves_oauth_binding_rules ... ok
test http::token::authorization_code_tests::redirect_uri::token_redirect_uri_is_required_when_authorize_request_supplied_it ... ok
test http::token::authorization_code_tests::redirect_uri::token_redirect_uri_is_still_bound_when_authorization_request_omitted_it ... ok
test http::token::authorization_code_tests::redirect_uri::token_redirect_uri_may_be_omitted_when_authorize_request_used_single_registered_uri ... ok
test http::token::authorization_code_tests::replay::begin_authorization_code_consumption_tracks_single_consumer_and_terminal_states ... ok
test http::token::authorization_code_tests::replay::committed_code_cleanup_success_failure_and_lost_ack_preserve_replay_revocation ... ok
test http::token::authorization_code_tests::replay::token_authorization_code_replay_fails_closed_when_token_revocation_errors ... ok
test http::token::authorization_code_tests::replay::token_authorization_code_replay_reads_back_committed_issuance_evidence ... ok
test http::token::authorization_code_tests::replay::token_authorization_code_replay_revokes_previous_tokens_and_rejects_reuse ... ok
test http::token::authorization_code_tests::replay::token_authorization_code_reports_busy_failed_and_missing_states ... ok
test http::token::authorization_code_tests::sender_constraints::authorization_code_holder_error_responses_preserve_oauth_error_classes ... ok
test http::token::authorization_code_tests::sender_constraints::bearer_confidential_client_does_not_bind_refresh_token_to_access_token_dpop ... ok
test http::token::authorization_code_tests::sender_constraints::confidential_optional_dpop_code_pins_refresh_token_to_verified_dpop_key ... ok
test http::token::authorization_code_tests::sender_constraints::confidential_required_dpop_client_does_not_pin_refresh_token_to_access_token_dpop_key ... ok
test http::token::authorization_code_tests::sender_constraints::public_dpop_client_binds_refresh_token_to_dpop_key ... ok
test http::token::authorization_code_tests::sender_constraints::token_authorization_code_accepts_matching_mtls_bound_code_before_issuing_response ... ok
test http::token::authorization_code_tests::sender_constraints::token_authorization_code_enforces_client_mtls_policy_before_consumption ... ok
test http::token::authorization_code_tests::sender_constraints::token_authorization_code_requires_sender_constrained_proof_before_consumption ... ok
test http::token::ciba::state_tests::approved_ciba_external_deadline_conflict_retries_same_value_cas ... ok
test http::token::ciba::state_tests::approved_ciba_poll_authorization_expiry_does_not_redeem_terminal_state ... ok
test http::token::ciba::state_tests::approved_ciba_snapshot_preserves_original_ttl_without_cas ... ok
test http::token::ciba::state_tests::approved_ciba_state_preserves_the_authenticated_session_context ... ok
test http::token::ciba::state_tests::approved_ciba_state_without_authentication_context_is_rejected_before_poll ... ok
test http::token::ciba::state_tests::approved_state_remains_available_after_downstream_failure ... ok
test http::token::ciba::state_tests::ciba_compare_set_preserves_current_retention_deadline ... ok
test http::token::ciba::state_tests::ciba_creation_passes_authorization_deadline_to_atomic_store ... ok
test http::token::ciba::state_tests::ciba_creation_retries_collision_without_overwriting_existing_state ... ok
test http::token::ciba::state_tests::ciba_creation_stops_after_four_collisions ... ok
test http::token::ciba::state_tests::ciba_decision_authorization_deadline_blocks_cas_without_mutating_pending_state ... ok
test http::token::ciba::state_tests::ciba_decision_changes_only_status ... ok
test http::token::ciba::state_tests::ciba_decision_rejects_mismatch_terminal_and_expired_states ... ok
test http::token::ciba::state_tests::ciba_decision_rejects_user_mismatch_without_mutation ... ok
test http::token::ciba::state_tests::ciba_poll_authorization_expiry_returns_expired_without_advancing_poll_state ... ok
test http::token::ciba::state_tests::ciba_poll_client_mismatch_rejects_before_authorization_cas ... ok
test http::token::ciba::state_tests::ciba_poll_conflict_retry_consumes_assertion_once ... ok
test http::token::ciba::state_tests::ciba_poll_selects_terminal_states_before_protocol_success ... ok
test http::token::ciba::state_tests::ciba_poll_transition_preserves_absolute_deadlines ... ok
test http::token::ciba::state_tests::ciba_state_rejects_deadline_that_disagrees_with_expiretime ... ok
test http::token::ciba::state_tests::ciba_state_without_retention_deadline_is_rejected ... ok
test http::token::ciba::state_tests::concurrent_approved_polls_return_retryable_snapshots ... ok
test http::token::ciba::state_tests::concurrent_ciba_decisions_commit_exactly_one_terminal_state ... ok
test http::token::ciba::state_tests::concurrent_ciba_decisions_retry_stale_cas_and_commit_one_terminal_state ... ok
test http::token::ciba::state_tests::every_committed_premature_poll_adds_exactly_five_seconds ... ok
test http::token::ciba::state_tests::expired_ciba_decision_consumes_state_without_success_outcome ... ok
test http::token::ciba::state_tests::expired_ciba_decision_uses_deadline_guarded_cleanup_delete ... ok
test http::token::ciba::state_tests::three_concurrent_premature_polls_each_add_exactly_five_seconds ... ok
test http::token::ciba::tests::client_auth::ciba_backchannel_fails_closed_before_client_state_access ... ok
test http::token::ciba::tests::client_auth::ciba_backchannel_rejects_invalid_request_object_claims_before_user_lookup ... ok
test http::token::ciba::tests::client_auth::ciba_backchannel_validates_request_object_and_creates_bound_state ... ok
test http::token::ciba::tests::client_auth::ciba_request_parser_enforces_form_encoding_and_parameter_uniqueness ... ok
test http::token::ciba::tests::client_auth::ciba_token_request_requires_mtls_binding_before_pending_state ... ok
test http::token::ciba::tests::client_auth::ciba_token_request_validates_mtls_binding_before_issuing_approved_token ... ok
test http::token::ciba::tests::client_auth::protocol_ciba_http_rejects_outer_field_presence_without_erasing_empty_values ... ok
test http::token::ciba::tests::client_auth::token_ciba_rejects_a_disabled_module_before_state_access ... ok
test http::token::ciba::tests::client_auth::token_ciba_rejects_an_invalid_fapi_client_before_state_access ... ok
test http::token::ciba::tests::client_auth::token_ciba_rejects_client_policy_before_state_access ... ok
test http::token::ciba::tests::issuance::ciba_precommit_dependency_failure_is_retryable_and_sender_keys_share_one_fence ... ok
test http::token::ciba::tests::issuance::ciba_replay_rejects_a_consumed_auth_req_id_after_a_committed_issuance ... ok
test http::token::ciba::tests::issuance::ciba_token_approved_state_issues_access_and_id_tokens_for_an_active_user ... ok
test http::token::ciba::tests::issuance::protocol_grant_expired_dispatch_ciba_after_approved_poll ... ok
test http::token::ciba::tests::polling::ciba_poll_error_presenter_preserves_invalid_grant_and_contention_headers ... ok
test http::token::ciba::tests::polling::ciba_poll_storage_error_presenter_preserves_503_and_no_store ... ok
test http::token::ciba::tests::polling::ciba_token_poll_fails_closed_for_approved_state_without_authentication_context ... ok
test http::token::ciba::tests::polling::ciba_token_poll_maps_an_expired_state_before_user_lookup ... ok
test http::token::ciba::tests::polling::ciba_token_poll_maps_pending_slow_down_and_denied_states ... ok
test http::token::ciba::tests::polling::token_ciba_rejects_a_missing_auth_req_id_before_state_access ... ok
test http::token::ciba::tests::subject_state::ciba_approved_poll_reads_subject_claims_once_for_oidc_and_never_for_plain ... ok
test http::token::ciba::tests::subject_state::ciba_browser_decision_commits_user_context_and_rejects_replay ... ok
test http::token::ciba::tests::subject_state::ciba_browser_decision_rejects_invalid_csrf_before_session_lookup ... ok
test http::token::ciba::tests::subject_state::ciba_decision_storage_failure_maps_to_non_cacheable_server_error ... ok
test http::token::ciba::tests::subject_state::ciba_oidc_poll_classifies_inactive_and_corrupt_subject_states ... ok
test http::token::ciba::tests::subject_state::ciba_subject_configuration_error_preserves_retryable_approved_state ... ok
test http::token::ciba::tests::subject_state::ciba_verification_loads_the_bound_user_and_rejects_a_session_mismatch ... ok
test http::token::ciba::tests::subject_state::ciba_verification_page_preserves_redirect_and_non_cacheable_headers ... ok
test http::token::client_auth_tests::ciba_private_key_jwt_accepts_ps256_endpoint_and_issuer_audiences ... ok
test http::token::client_auth_tests::confidential_client_auth_rejects_public_or_unknown_auth_method_even_with_secret ... ok
test http::token::client_auth_tests::confidential_client_secret_auth_accepts_correct_and_rejects_wrong_secret_by_default ... ok
test http::token::client_auth_tests::confidential_client_secret_auth_rejects_wrong_method_without_store_access ... ok
test http::token::client_auth_tests::introspection_and_revocation_wrappers_preserve_public_client_policy ... ok
test http::token::client_auth_tests::mtls_client_auth_requires_certificate_from_trusted_request_context ... ok
test http::token::client_auth_tests::pki_client_auth_rejects_matching_subject_without_an_active_client_anchor ... ok
test http::token::client_auth_tests::pki_client_auth_requires_both_registered_identity_and_available_trust ... ok
test http::token::client_auth_tests::private_key_jwt_refreshes_registered_jwks_and_fails_closed_on_resolver_error ... ok
test http::token::client_auth_tests::private_key_jwt_requires_present_and_well_formed_assertion ... ok
test http::token::client_auth_tests::private_key_jwt_unknown_kid_after_successful_refresh_is_invalid_client ... ok
test http::token::client_auth_tests::private_key_jwt_without_kid_uses_the_registered_key_source ... ok
test http::token::client_auth_tests::public_revocation_client_accepts_only_none_without_secret_material ... ok
test http::token::client_auth_tests::self_signed_client_auth_accepts_registered_rfc9440_certificate ... ok
test http::token::client_auth_tests::self_signed_mtls_refreshes_registered_jwks_and_fails_closed_on_resolver_error ... ok
test http::token::client_auth_tests::token_client_assertion_store_failure_fails_token_grant_as_server_error ... ok
test http::token::client_auth_tests::token_endpoint_audience_is_allowed_only_by_registered_client_policy ... ok
test http::token::client_credentials_tests::client_credentials_defaults_to_allowed_scopes_and_default_audience ... ok
test http::token::client_credentials_tests::client_credentials_rejects_openid_scope_even_if_registered ... ok
test http::token::client_credentials_tests::client_credentials_rejects_public_clients_before_issue_construction ... ok
test http::token::client_credentials_tests::client_credentials_rejects_unregistered_audience ... ok
test http::token::client_credentials_tests::client_credentials_request_facts_ignore_the_idempotency_header ... ok
test http::token::client_credentials_tests::client_credentials_scope_request_may_only_narrow_registered_scopes ... ok
test http::token::client_credentials_tests::token_client_credentials_accepts_verified_mtls_then_fails_closed_without_principal_store ... ok
test http::token::client_credentials_tests::token_client_credentials_rejects_invalid_scope_before_issuing_token ... ok
test http::token::client_credentials_tests::token_client_credentials_rejects_public_clients_at_endpoint_boundary ... ok
test http::token::client_credentials_tests::token_client_credentials_requires_configured_sender_constraints ... ok
test http::token::device::tests::approved_device_code_has_one_consumption_identity_across_valid_sender_keys ... ok
test http::token::device::tests::device_authorization_endpoint_disabled_fails_before_client_lookup ... ok
test http::token::device::tests::device_authorization_form_parses_scope_resource_and_auth_fields ... ok
test http::token::device::tests::device_authorization_form_rejects_transport_and_parameter_boundary_violations ... ok
test http::token::device::tests::device_authorization_verification_uri_targets_frontend_device_page ... ok
test http::token::device::tests::device_code_replay_rejects_a_consumed_code_after_a_committed_issuance ... ok
test http::token::device::tests::device_denial_consumes_pending_request_after_audited_user_decision ... ok
test http::token::device::tests::device_http_boundaries_preserve_validation_csrf_and_verification_representation ... ok
test http::token::device::tests::device_token_rejects_client_policy_before_polling_state ... ok
test http::token::device::tests::legacy_device_verification_path_redirects_to_frontend_without_html ... ok
test http::token::device::tests::protocol_grant_expired_dispatch_device_after_approved_poll ... ok
test http::token::dispatch::tests::attestation::client_attestation_post_nx_unknown_fails_closed_in_token_and_par_with_real_marker ... ok
test http::token::dispatch::tests::attestation::signed_attestation_slow_node_cannot_reinsert_after_real_owner_expiry ... ok
test http::token::dispatch::tests::client_auth::baseline_client_policy_does_not_restrict_token_client_auth ... ok
test http::token::dispatch::tests::client_auth::fapi2_client_policy_accepts_mtls_confidential_sender_constrained_clients ... ok
test http::token::dispatch::tests::client_auth::fapi2_client_policy_accepts_self_signed_mtls_confidential_sender_constrained_clients ... ok
test http::token::dispatch::tests::client_auth::fapi2_client_policy_requires_confidential_client_auth_and_sender_constraint ... ok
test http::token::dispatch::tests::client_auth::non_dpop_or_non_pending_authorization_code_is_not_holder_bound ... ok
test http::token::dispatch::tests::client_auth::pending_authorization_code_detects_dpop_binding ... ok
test http::token::dispatch::tests::client_auth::token_endpoint_applies_fapi_profile_checks_after_successful_client_secret_authentication ... ok
test http::token::dispatch::tests::client_auth::token_endpoint_ignores_non_pending_code_state_during_missing_client_holder_check ... ok
test http::token::dispatch::tests::client_auth::token_endpoint_private_key_jwt_without_kid_obeys_jwks_uri ... ok
test http::token::dispatch::tests::client_auth::token_endpoint_rejects_confidential_client_auth_method_mismatch ... ok
test http::token::dispatch::tests::client_auth::token_endpoint_rejects_confidential_client_without_required_client_secret ... ok
test http::token::dispatch::tests::client_auth::token_endpoint_rejects_confidential_clients_with_unsupported_auth_method ... ok
test http::token::dispatch::tests::client_auth::token_endpoint_rejects_encrypted_id_token_when_client_jwks_cannot_refresh ... ok
test http::token::dispatch::tests::client_auth::token_endpoint_rejects_inactive_client_before_secret_verification ... ok
test http::token::dispatch::tests::client_auth::token_endpoint_rejects_malformed_code_state_during_missing_client_holder_check ... ok
test http::token::dispatch::tests::client_auth::token_endpoint_rejects_mtls_client_with_mismatched_verified_certificate ... ok
test http::token::dispatch::tests::client_auth::token_endpoint_rejects_mtls_client_without_verified_certificate ... ok
test http::token::dispatch::tests::client_auth::token_endpoint_rejects_mtls_without_client_id_without_client_lookup ... ok
test http::token::dispatch::tests::client_auth::token_endpoint_rejects_multiple_client_auth_methods_before_secret_verification ... ok
test http::token::dispatch::tests::client_auth::token_endpoint_rejects_private_key_jwt_with_invalid_assertion ... ok
test http::token::dispatch::tests::client_auth::token_endpoint_rejects_private_key_jwt_without_client_assertion ... ok
test http::token::dispatch::tests::client_auth::token_endpoint_rejects_public_client_credentials_material ... ok
test http::token::dispatch::tests::client_auth::token_endpoint_rejects_wrong_client_secret_before_grant_dispatch ... ok
test http::token::dispatch::tests::client_auth::token_endpoint_reports_client_holder_policy_for_unbound_code_without_client_auth ... ok
test http::token::dispatch::tests::client_auth::token_endpoint_reports_dpop_bound_code_before_generic_client_auth_failure ... ok
test http::token::dispatch::tests::client_auth::token_endpoint_reports_holder_key_requirement_before_generic_client_auth_failure ... ok
test http::token::dispatch::tests::client_auth::token_endpoint_reports_mtls_bound_code_before_generic_client_auth_failure ... ok
test http::token::dispatch::tests::client_auth::token_endpoint_reports_unknown_client_after_extracting_client_secret_post_credentials ... ok
test http::token::dispatch::tests::client_auth::token_endpoint_without_client_auth_material_uses_invalid_client_challenge ... ok
test http::token::dispatch::tests::client_auth::token_secret_authentication_reads_client_and_digest_once ... ok
test http::token::dispatch::tests::client_auth::valid_browser_session_cookie_cannot_authenticate_oauth_protocol_endpoints ... ok
test http::token::dispatch::tests::credential_issuer::anonymous_preauthorized_rejects_duplicate_dpop_headers ... ok
test http::token::dispatch::tests::credential_issuer::attested_token_dispatch_checks_identity_and_consumes_proof_once ... ok
test http::token::dispatch::tests::credential_issuer::authenticated_preauthorized_rejects_duplicate_dpop_headers ... ok
test http::token::dispatch::tests::credential_issuer::partial_or_repeated_attestation_headers_cannot_take_the_anonymous_entry ... ok
test http::token::dispatch::tests::credential_issuer::preauthorized_dispatch_binds_authenticated_identity_and_preserves_issuer_results ... ok
test http::token::dispatch::tests::failure_boundaries::token_endpoint_rejects_client_auth_if_token_rate_limit_is_exceeded ... ok
test http::token::dispatch::tests::failure_boundaries::token_endpoint_rejects_client_lookup_db_failure_with_server_error ... ok
test http::token::dispatch::tests::grant_routing::pre_authorized_token_dpop_nonce_error_returns_nonce_challenge_header ... ok
test http::token::dispatch::tests::grant_routing::token_dispatch_preserves_grant_validation_and_unconfigured_issuer_error ... ok
test http::token::dispatch::tests::grant_routing::token_endpoint_rejects_disallowed_fapi_password_grant_before_client_auth ... ok
test http::token::dispatch::tests::grant_routing::token_endpoint_rejects_legacy_audience_parameter_outside_token_exchange ... ok
test http::token::dispatch::tests::grant_routing::token_endpoint_rejects_malformed_form_requests_before_client_lookup ... ok
test http::token::dispatch::tests::grant_routing::token_endpoint_returns_unsupported_grant_only_after_client_authentication ... ok
test http::token::dispatch::tests::grant_routing::token_exchange_issued_token_is_rejected_by_verifier_after_per_user_revocation ... ok
test http::token::dispatch::tests::grant_routing::token_exchange_pairwise_subject_resolves_owner_through_issuance_ownership ... ok
test http::token::dispatch::tests::pre_authorized_parser_tests::parses_required_code_and_optional_tx_code_once ... ok
test http::token::dispatch::tests::pre_authorized_parser_tests::rejects_missing_empty_and_repeated_issuance_parameters ... ok
test http::token::dispatch::tests::token_management::inactive_token_management_requesters_are_rejected_before_keys_or_token_side_effects ... ok
test http::token::dispatch::tests::token_management::token_management_refreshes_only_requested_encryption_keys ... ok
test http::token::forms_tests::duplicate_defined_parameters_are_rejected_regardless_of_value ... ok
test http::token::forms_tests::resource_parameter_accepts_absolute_uris_without_fragments ... ok
test http::token::forms_tests::resource_parameter_rejects_relative_or_fragment_uris ... ok
test http::token::forms_tests::token_form_accepts_form_content_type_with_charset ... ok
test http::token::forms_tests::token_form_accepts_mixed_resource_and_audience_in_order ... ok
test http::token::forms_tests::token_form_accepts_multiple_resource_parameters_as_audiences ... ok
test http::token::forms_tests::token_form_accepts_standard_resource_parameter_as_audience ... ok
test http::token::forms_tests::token_form_deduplicates_identical_target_across_resource_and_audience ... ok
test http::token::forms_tests::token_form_deduplicates_repeated_audience_values ... ok
test http::token::forms_tests::token_form_deduplicates_repeated_resource_values ... ok
test http::token::forms_tests::token_form_does_not_mark_resource_as_audience_param ... ok
test http::token::forms_tests::token_form_extracts_authorization_code_exchange_fields_without_reordering ... ok
test http::token::forms_tests::token_form_extracts_device_code_grant_field_separately_from_authorization_code ... ok
test http::token::forms_tests::token_form_extracts_jwt_bearer_grant_assertion_separately_from_client_assertion ... ok
test http::token::forms_tests::token_form_extracts_native_sso_device_secret ... ok
test http::token::forms_tests::token_form_ignores_unknown_parameters ... ok
test http::token::forms_tests::token_form_maps_empty_optional_credentials_to_absent_values ... ok
test http::token::forms_tests::token_form_rejects_duplicate_defined_parameters ... ok
test http::token::forms_tests::token_form_rejects_duplicate_device_secret ... ok
test http::token::forms_tests::token_form_rejects_empty_audience_value ... ok
test http::token::forms_tests::token_form_rejects_invalid_resource_parameter ... ok
test http::token::forms_tests::token_form_rejects_invalid_utf8_before_parsing_parameters ... ok
test http::token::forms_tests::token_form_requires_form_content_type ... ok
test http::token::forms_tests::token_form_requires_non_empty_grant_type ... ok
test http::token::forms_tests::token_management_allows_exactly_one_client_auth_method ... ok
test http::token::forms_tests::token_management_form_accepts_token_type_hint_without_requiring_known_value ... ok
test http::token::forms_tests::token_management_form_errors_are_exact_oauth_json_and_not_cacheable ... ok
test http::token::forms_tests::token_management_form_ignores_unknown_parameters_and_extracts_auth_fields ... ok
test http::token::forms_tests::token_management_form_rejects_duplicate_defined_parameters ... ok
test http::token::forms_tests::token_management_form_rejects_invalid_utf8 ... ok
test http::token::forms_tests::token_management_form_requires_form_content_type ... ok
test http::token::forms_tests::token_management_form_requires_non_empty_token ... ok
test http::token::forms_tests::token_management_form_tracks_token_type_hint_duplicates ... ok
test http::token::forms_tests::token_management_rejects_conflicting_client_auth_before_token_state_lookup ... ok
test http::token::issue::tests::audit_readiness::commit_owned_fresh_issuance_uses_transactional_readiness ... ok
test http::token::issue::tests::audit_readiness::lost_response_rotation_keeps_the_full_storage_preflight ... ok
test http::token::issue::tests::audit_readiness::native_sso_issuance_keeps_the_full_storage_preflight ... ok
test http::token::issue::tests::audit_readiness::preserve_existing_refresh_fails_before_commit_when_dynamic_audit_gate_rejects ... ok
test http::token::issue::tests::audit_readiness::preserve_existing_refresh_uses_transactional_readiness ... ok
test http::token::issue::tests::audit_readiness::refresh_issuance_keeps_the_full_storage_preflight ... ok
test http::token::issue::tests::audit_readiness::refresh_rotation_uses_transactional_readiness ... ok
test http::token::issue::tests::audit_readiness::revoked_audit_append_execute_fails_the_candidate_commit ... ok
test http::token::issue::tests::audit_readiness::single_use_issuance_keeps_the_full_storage_preflight ... ok
test http::token::issue::tests::failure_boundaries::concurrent_single_use_grants_issue_exactly_one_response ... ok
test http::token::issue::tests::failure_boundaries::consumed_authorization_code_marker_failure_returns_error_after_revocation_attempt ... ok
test http::token::issue::tests::failure_boundaries::id_token_encryption_failure_does_not_issue_an_unencrypted_token ... ok
test http::token::issue::tests::failure_boundaries::id_token_signing_failure_does_not_issue_oidc_credentials ... ok
test http::token::issue::tests::failure_boundaries::invalid_authorization_details_state_fails_before_token_signing ... ok
test http::token::issue::tests::failure_boundaries::missing_authorization_code_state_does_not_revoke_committed_access_token ... ok
test http::token::issue::tests::failure_boundaries::protocol_grant_expired_authorization_code_keeps_invalid_grant ... ok
test http::token::issue::tests::failure_boundaries::protocol_grant_expired_ciba_uses_expired_token ... ok
test http::token::issue::tests::failure_boundaries::protocol_grant_expired_device_uses_expired_token ... ok
test http::token::issue::tests::failure_boundaries::protocol_grant_expired_jwt_bearer_keeps_invalid_grant ... ok
test http::token::issue::tests::failure_boundaries::same_single_use_grant_retry_is_rejected_without_reissuing ... ok
test http::token::issue::tests::failure_boundaries::signing_failure_does_not_issue_any_tokens ... ok
test http::token::issue::tests::failure_boundaries::single_use_grant_replay_with_a_different_request_is_rejected ... ok
test http::token::issue::tests::refresh::attested_client_refresh_token_requires_client_instance_binding ... ok
test http::token::issue::tests::refresh::native_sso_device_secret_failure_does_not_return_partial_credentials ... ok
test http::token::issue::tests::refresh::native_sso_issue_fails_closed_when_the_runtime_module_is_disabled ... ok
test http::token::issue::tests::refresh::native_sso_issue_persists_device_state_with_the_refresh_family ... ok
test http::token::issue::tests::refresh::native_sso_issue_requires_a_refresh_session_before_persisting_device_state ... ok
test http::token::issue::tests::refresh::native_sso_issue_requires_openid_before_token_signing ... ok
test http::token::issue::tests::refresh::native_sso_single_use_retry_is_rejected_with_live_refresh ... ok
test http::token::issue::tests::refresh::protocol_native_sso_dispatch_preserves_verified_instance_binding ... ok
test http::token::issue::tests::refresh::protocol_native_sso_exchange_checks_target_default_audience ... ok
test http::token::issue::tests::refresh::refresh_issue_new_persistence_failure_uses_non_rotation_error_mapping ... ok
test http::token::issue::tests::refresh::refresh_rotation_conflict_fails_closed_without_returning_credentials ... ok
test http::token::issue::tests::refresh::refresh_token_persistence_failure_does_not_return_partial_refresh_token ... ok
test http::token::issue::tests::refresh::refresh_token_rotation_failure_does_not_return_partial_credentials ... ok
test http::token::issue::tests::sender_constraints::client_credentials_issue_returns_dpop_and_authorization_details_metadata ... ok
test http::token::issue::tests::sender_constraints::dpop_nonce_failure_is_reported_after_the_issuance_claim ... ok
test http::token::issue::tests::sender_constraints::dpop_nonce_store_failure_stops_token_issue_before_access_token_signing ... ok
test http::token::issue::tests::subject_and_claims::client_credentials_issue_returns_minimal_bearer_token_response_without_oidc_artifacts ... ok
test http::token::issue::tests::subject_and_claims::client_only_issuance_reuses_authenticated_epoch_and_rejects_stale_snapshot ... ok
test http::token::issue::tests::subject_and_claims::id_token_subject_load_failure_does_not_issue_oidc_response ... ok
test http::token::issue::tests::subject_and_claims::issuance_rechecks_principal_deactivation_before_commit ... ok
test http::token::issue::tests::subject_and_claims::malformed_active_subject_claims_fail_closed_before_id_token_signing ... ok
test http::token::issue::tests::subject_and_claims::missing_id_token_subject_fails_closed_without_returning_credentials ... ok
test http::token::issue::tests::subject_and_claims::non_oidc_user_issuance_preserves_authenticated_epoch_across_client_reactivation ... ok
test http::token::issue::tests::subject_and_claims::non_oidc_user_issuance_skips_subject_claims_and_rechecks_principal_at_commit ... ok
test http::token::issue::tests::subject_and_claims::oidc_issuance_reuses_subject_epoch_and_rejects_stale_prepared_snapshot ... ok
test http::token::issue::tests::subject_and_claims::openid_issue_with_active_user_emits_id_and_refresh_tokens ... ok
test http::token::issue::tests::subject_and_claims::openid_issue_without_user_subject_fails_before_token_signing ... ok
test http::token::issue::tests::subject_and_claims::pairwise_oidc_reuses_claims_epoch_and_authenticated_client_epoch ... ok
test http::token::issue::tests::subject_and_claims::prepared_oidc_snapshot_rejects_tenant_user_and_token_subject_mismatches ... ok
test http::token::issue::tests::subject_and_claims::refresh_issue_rejects_missing_essential_id_token_claims ... ok
test http::token::jwt_bearer_tests::jwt_bearer_assertion_jti_replay_is_rejected ... ok
test http::token::jwt_bearer_tests::jwt_bearer_assertion_validation_binds_client_issuer_audience_and_times ... ok
test http::token::jwt_bearer_tests::jwt_bearer_grant_rejects_public_clients_and_missing_assertions ... ok
test http::token::jwt_bearer_tests::jwt_bearer_invalid_scope_does_not_consume_the_valid_signed_assertion ... ok
test http::token::jwt_bearer_tests::jwt_bearer_replay_rejects_a_consumed_jti_after_a_committed_issuance ... ok
test http::token::jwt_bearer_tests::jwt_bearer_time_jti_and_replay_ttl_boundaries_are_enforced ... ok
test http::token::jwt_bearer_tests::protocol_grant_expired_dispatch_jwt_bearer_after_verified_assertion ... ok
test http::token::lifecycle_boundary_tests::ciba_decision_transport_uses_focused_composition_root_dependencies ... ok
test http::token::lifecycle_boundary_tests::ciba_transport_uses_composition_root_handles ... ok
test http::token::lifecycle_boundary_tests::client_authentication_handlers_use_the_focused_authorization_boundary ... ok
test http::token::lifecycle_boundary_tests::device_token_issuance_handoff_uses_focused_context_and_services ... ok
test http::token::lifecycle_boundary_tests::device_transport_uses_focused_composition_root_dependencies ... ok
test http::token::lifecycle_boundary_tests::production_token_dispatch_and_grants_do_not_receive_app_state ... ok
test http::token::lifecycle_boundary_tests::shared_issuance_core_uses_typed_context_and_existing_service ... ok
test http::token::lifecycle_boundary_tests::token_management_request_facts_preserve_the_exact_endpoint_path ... ok
test http::token::lifecycle_boundary_tests::userinfo_transport_does_not_construct_storage_adapters ... ok
test http::token::native_sso_tests::native_sso_device_secret_key_does_not_embed_raw_secret ... ok
test http::token::native_sso_tests::native_sso_exchange_rejects_unbound_inputs_before_secret_store_access ... ok
test http::token::native_sso_tests::native_sso_id_token_decoder_accepts_configured_issuer ... ok
test http::token::native_sso_tests::native_sso_id_token_decoder_rejects_invalid_authentication_context_claims ... ok
test http::token::native_sso_tests::native_sso_id_token_decoder_rejects_missing_authentication_context_claims ... ok
test http::token::native_sso_tests::native_sso_id_token_decoder_rejects_wrong_issuer ... ok
test http::token::native_sso_tests::native_sso_issue_binding_enforces_client_sender_policy ... ok
test http::token::native_sso_tests::native_sso_profile_requires_id_token_and_device_secret_token_types ... ok
test http::token::native_sso_tests::native_sso_scope_and_client_admission_are_fail_closed ... ok
test http::token::native_sso_tests::native_sso_subject_policy_uses_client_specific_subject_mapping ... ok
test http::token::refresh_tests::baseline_client_policy_preserves_confidential_secret_authenticated_sender_constrained_refresh_tokens ... ok
test http::token::refresh_tests::baseline_client_policy_preserves_confidential_sender_constrained_refresh_tokens ... ok
test http::token::refresh_tests::baseline_client_policy_rotates_public_sender_constrained_refresh_tokens ... ok
test http::token::refresh_tests::baseline_client_policy_rotates_unbound_refresh_tokens ... ok
test http::token::refresh_tests::client_security_policy_preserves_refresh_tokens_for_sender_constrained_confidential_clients ... ok
test http::token::refresh_tests::concurrent_baseline_refreshes_preserve_an_unbound_row_for_an_mtls_constrained_client ... ok
test http::token::refresh_tests::concurrent_mtls_bound_lost_response_retries_yield_one_success_then_compromise_family ... ok
test http::token::refresh_tests::concurrent_refresh_replay_yields_one_success_and_one_invalid_grant ... ok
test http::token::refresh_tests::lost_response_rotation_rolls_back_successor_revoke_when_insert_fails ... ok
test http::token::refresh_tests::lost_response_successor_enforces_fixed_window_boundaries_in_real_postgres ... ok
test http::token::refresh_tests::lost_response_successor_requires_same_tenant_in_real_postgres ... ok
test http::token::refresh_tests::oidc_lost_response_refresh_keeps_late_claims_after_spent_snapshot ... ok
test http::token::refresh_tests::oidc_refresh_domain_fallback_preserves_http_errors_and_validation_priority ... ok
test http::token::refresh_tests::oidc_refresh_explicit_downscope_succeeds_without_subject_claims ... ok
test http::token::refresh_tests::ordinary_oidc_refresh_reuses_public_and_pairwise_preparation_and_keeps_error_priority ... ok
test http::token::refresh_tests::refresh_grant_accepts_existing_mtls_bound_token_with_matching_certificate ... ok
test http::token::refresh_tests::refresh_grant_accepts_tokens_for_active_users_without_openid_scope ... ok
test http::token::refresh_tests::refresh_grant_binds_access_tokens_to_verified_mtls_certificate_when_required ... ok
test http::token::refresh_tests::refresh_grant_marks_family_reuse_and_revokes_active_family_tokens ... ok
test http::token::refresh_tests::refresh_grant_rejects_dpop_bound_refresh_token_without_proof ... ok
test http::token::refresh_tests::refresh_grant_rejects_future_revocation_or_reuse_marked_lost_response_family_without_new_compromise ... ok
test http::token::refresh_tests::refresh_grant_rejects_lost_response_retry_without_exactly_one_active_successor_without_compromising_family ... ok
test http::token::refresh_tests::refresh_grant_rejects_missing_offline_access_scope_expansion_and_invalid_audience ... ok
test http::token::refresh_tests::refresh_grant_rejects_mtls_bound_tokens_without_matching_verified_certificate ... ok
test http::token::refresh_tests::refresh_grant_rejects_public_dpop_required_clients_with_unbound_refresh_tokens ... ok
test http::token::refresh_tests::refresh_grant_rejects_tokens_for_inactive_users_without_openid_scope ... ok
test http::token::refresh_tests::refresh_grant_rejects_unbound_active_successor_inside_lost_response_window ... ok
test http::token::refresh_tests::refresh_grant_rejects_unbound_refresh_tokens_for_dpop_required_clients ... ok
test http::token::refresh_tests::refresh_grant_rejects_unknown_expired_and_wrong_client_tokens ... ok
test http::token::refresh_tests::refresh_grant_rejects_wrong_client_family_or_sender_constrained_successors_without_compromising_family ... ok
test http::token::refresh_tests::refresh_grant_reports_lookup_failure_without_issuing_tokens ... ok
test http::token::refresh_tests::refresh_grant_reports_lookup_query_failure_without_issuing_tokens ... ok
test http::token::refresh_tests::refresh_grant_requires_refresh_token_before_database_lookup_or_token_issue ... ok
test http::token::refresh_tests::refresh_grant_requires_verified_certificate_when_client_policy_demands_mtls ... ok
test http::token::refresh_tests::refresh_grant_rolls_back_reuse_marker_when_family_revoke_fails ... ok
test http::token::refresh_tests::refresh_grant_rotates_from_mtls_bound_successor_inside_lost_response_window ... ok
test http::token::refresh_tests::refresh_snapshot_candidate_projection_error_preserves_holder_priority ... ok
test http::token::refresh_tests::refresh_token_audience_rejects_missing_persisted_binding ... ok
test http::token::refresh_tests::refresh_token_audience_request_defaults_to_refresh_token_audience ... ok
test http::token::refresh_tests::refresh_token_audience_request_may_only_narrow_original_audience ... ok
test http::token::refresh_tests::refresh_token_audience_request_rejects_expansion ... ok
test http::token::refresh_tests::refresh_token_policy_uses_persisted_client_policy ... ok
test http::token::refresh_tests::sequential_unbound_replay_after_first_commit_fails_closed ... ok
test http::token::refresh_tests::signed_credential_authorization_survives_real_refresh_and_separates_equal_grants ... ok
test http::token::token_exchange_tests::token_exchange_actor_claim_preserves_current_and_prior_actor_context ... ok
test http::token::token_exchange_tests::token_exchange_actor_claim_rejects_cross_client_and_cross_tenant_claims ... ok
test http::token::token_exchange_tests::token_exchange_client_must_match_subject_token_client_by_default ... ok
test http::token::token_exchange_tests::token_exchange_error_responses_follow_rfc8693_error_classes ... ok
test http::token::token_exchange_tests::token_exchange_issue_binding_preserves_or_rejects_sender_constraints ... ok
test http::token::token_exchange_tests::token_exchange_rejects_invalid_access_and_absent_actor_tokens ... ok
test http::token::token_exchange_tests::token_exchange_request_policy_and_admission_wrappers_preserve_boundaries ... ok
test http::token::token_exchange_tests::token_exchange_requires_explicit_allowed_target ... ok
test http::token::token_exchange_tests::token_exchange_scopes_are_limited_to_subject_and_client_scopes ... ok
test http::token::token_exchange_tests::token_exchange_subject_binding_requires_the_presented_sender_proof ... ok
test http::token::token_exchange_tests::token_exchange_subject_boundaries_and_safe_default_scope_are_table_driven ... ok
test http::token::token_exchange_tests::token_exchange_subject_error_wrapper_handles_safe_scope_and_claim_boundaries ... ok
test http::token::token_exchange_tests::token_exchange_type_policy_requires_subject_token_and_matching_types ... ok
test http::views::tests::admin_user_json_omits_password_hash_and_tenant_context ... ok
test http::views::tests::client_json_exposes_protocol_metadata_without_client_secret_hash ... ok
test http::views::tests::cross_site_fetch_detection_is_case_insensitive_and_fail_closed ... ok
test http::views::tests::domain_client_string_arrays_are_preserved_in_admin_views ... ok
test http::views::tests::pagination_rejects_non_positive_values_and_caps_page_size ... ok
test http::well_known::tests::lifecycle_documents_are_closed ... ok
test http::well_known::tests::readiness_probes_both_unavailable_dependencies_and_returns_only_closed_statuses ... ok
test http::well_known::tests::readiness_reports_each_dependency_without_leaking_errors ... ok
test jobs::backchannel_logout::tests::abort_cancels_inflight_batch_and_await_finishes ... ok
test jobs::backchannel_logout::tests::claim_and_full_batch_finish_errors_back_off ... ok
test jobs::backchannel_logout::tests::first_batch_is_immediate_and_interval_starts_after_completion ... ok
test jobs::backchannel_logout::tests::full_batch_continues_immediately_then_empty_or_partial_batch_waits ... ok
test jobs::ciba_ping::tests::abort_cancels_inflight_batch_and_await_finishes ... ok
test jobs::ciba_ping::tests::claim_and_full_batch_finish_errors_back_off ... ok
test jobs::ciba_ping::tests::first_batch_is_immediate_and_interval_starts_after_completion ... ok
test jobs::ciba_ping::tests::full_batch_continues_immediately_then_empty_or_partial_batch_waits ... ok
test jobs::ciba_ping::tests::full_scan_with_missing_entries_continues_without_an_idle_delay ... ok
test jobs::key_lifecycle::tests::lifecycle_drop_finishes_in_flight_key_refresh_cooperatively ... ok
test jobs::key_lifecycle::tests::lifecycle_stop_awaits_in_flight_refresh_without_cancelling_it ... ok
test jobs::key_lifecycle::tests::lifecycle_stops_when_requested ... ok
test jobs::key_lifecycle::tests::lifecycle_waits_for_first_interval_and_resets_backoff_after_success ... ok
test jobs::key_lifecycle::tests::managed_openid4vc_refresh_is_capped_at_thirty_seconds ... ok
test jobs::key_lifecycle::tests::refresh_failure_backoff_is_bounded ... ok
test jobs::key_lifecycle::tests::refresh_interval_is_bounded_by_prepublish_window ... ok
test jobs::security_state::tests::abort_cancels_inflight_batch_and_await_finishes ... ok
test jobs::security_state::tests::budget_exhaustion_rests_for_elapsed_work_before_resuming ... ok
test jobs::security_state::tests::failed_batch_does_not_stop_the_interval ... ok
test jobs::security_state::tests::first_batch_is_immediate_and_interval_starts_after_completion ... ok
test jobs::security_state::tests::saturated_batches_drain_immediately_until_unsaturated ... ok
test jobs::security_state::tests::saturated_cycle_can_drain_more_than_512_batches ... ok
test keyctl::openid4vc_material::tests::certificate_import_without_mdoc_keeps_an_empty_revocation_snapshot ... ok
test keyctl::openid4vc_material::tests::concurrent_managed_initialization_converges_on_one_complete_generation ... ok
test keyctl::openid4vc_material::tests::database_certificate_profile_requires_the_managed_shape ... ok
test keyctl::openid4vc_material::tests::failed_managed_cas_does_not_leave_partial_material ... ok
test keyctl::openid4vc_material::tests::managed_generation_is_idempotent ... ok
test keyctl::openid4vc_material::tests::mdoc_crl_ignores_unrelated_private_rsa_preparation ... ok
test keyctl::openid4vc_material::tests::mdoc_crl_pins_captured_revocation_and_next_read_observes_concurrent_revoke ... ok
test keyctl::openid4vc_material::tests::mdoc_crl_rejects_selected_iaca_private_key_mismatch ... ok
test keyctl::openid4vc_material::tests::mdoc_import_fails_explicitly_when_iaca_material_is_missing ... ok
test keyctl::openid4vc_material::tests::mdoc_import_preserves_kid_iaca_history_and_rejects_overwrite ... ok
test keyctl::openid4vc_material::tests::mdoc_import_rejects_revoked_status_without_timestamp_without_writing_keyset ... ok
test keyctl::openid4vc_material::tests::operator_generation_result_stays_on_its_applied_generation_after_concurrent_rotation ... ok
test keyctl::openid4vc_material::tests::operator_mdoc_management_imports_rotates_and_revokes_persisted_material ... ok
test keyctl::openid4vc_material::tests::restart_with_a_different_key_manager_still_serves_database_backed_crl ... ok
test keyctl::openid4vc_material::tests::rotation_retains_old_and_new_ca_crls_and_trust_anchors ... ok
test keyctl::tests::database_operator_diagnostics_do_not_create_a_missing_keyset ... ok
test keyctl::tests::database_operator_keyctl_roundtrip_keeps_keys_in_the_repository ... ok
test keyctl::tests::parses_the_closed_purpose_scoped_key_operation ... ok
test keyctl::tests::rejects_empty_duplicate_or_runtime_signing_purposes ... ok
test keyctl::tests::rejects_unsupported_algorithms ... ok
test launchers::object_store::tenant_configuration_tests::absent_global_storage_makes_tenant_configuration_the_allowlist ... ok
test launchers::object_store::tenant_configuration_tests::complete_tenant_configuration_replaces_global_s3_without_field_inheritance ... ok
test launchers::object_store::tenant_configuration_tests::invalid_or_partial_overrides_fail_before_tenants_are_served ... ok
test launchers::object_store::tenant_configuration_tests::local_overrides_replace_s3_and_namespace_even_a_shared_directory ... ok
test launchers::object_store::tenant_configuration_tests::missing_global_and_tenant_storage_disables_avatars_without_blocking_configuration ... ok
test launchers::object_store::tenant_configuration_tests::tenant_s3_can_override_global_local_and_absent_tenants_still_inherit ... ok
test launchers::object_store::tenant_configuration_tests::unavailable_tenant_s3_returns_the_storage_error_instead_of_global_local ... ok
test operator_task::control_journal::tests::accept_persists_the_authorization_snapshot_before_any_side_effect ... ok
test operator_task::control_journal::tests::after_accept_crash_executes_the_side_effect_exactly_once ... ok
test operator_task::control_journal::tests::after_result_crash_returns_the_durable_result_without_reexecution ... ok
test operator_task::control_journal::tests::after_side_effect_crash_never_duplicates_the_mutation_and_recovers_the_result ... ok
test operator_task::control_journal::tests::before_accept_crash_retries_cleanly_without_prior_mutation ... ok
test operator_task::control_journal::tests::before_side_effect_crash_fails_closed_for_owners_without_idempotent_resume ... ok
test operator_task::control_journal::tests::cleanup_entry_budget_advances_past_recent_prefix_to_expired_tail ... ok
test operator_task::control_journal::tests::cleanup_enumeration_releases_business_lock_and_contended_deletion_is_retained ... ok
test operator_task::control_journal::tests::cleanup_rechecks_final_phase_and_preserves_unresolved_temporaries_and_oversized_records ... ok
test operator_task::control_journal::tests::cleanup_zero_time_budget_does_not_consume_or_rewind_the_cursor ... ok
test operator_task::control_journal::tests::concurrent_offers_have_exactly_one_creator_and_conflicts_are_deterministic ... ok
test operator_task::control_journal::tests::covered_recovery_journal_requires_marker_without_changing_result_wire ... ok
test operator_task::control_journal::tests::executing_records_reenter_only_for_proven_idempotent_owners ... ok
test operator_task::control_journal::tests::happy_path_pauses_at_every_boundary_in_order_and_binds_the_result ... ok
test operator_task::control_journal::tests::journal_records_fail_closed_on_unknown_fields_schema_drift_and_binding_mismatch ... ok
test operator_task::control_journal::tests::old_successful_recovery_temporary_is_not_adopted ... ok
test operator_task::control_journal::tests::recovery_coverage_marker_is_closed_and_nonterminal_records_remain_resumable ... ok
test operator_task::control_journal::tests::result_publication_is_durable_between_the_before_and_after_result_boundaries ... ok
test operator_task::control_journal::tests::retention_deletes_only_terminal_records_past_the_cutoff ... ok
test operator_task::control_journal::tests::retryable_execution_keeps_a_resumable_record_without_a_false_failure_result ... ok
test operator_task::control_journal::tests::same_id_with_a_different_request_hash_conflicts_permanently ... ok
test operator_task::control_journal::tests::storage_inputs_are_validated_before_touching_the_filesystem ... ok
test operator_task::control_journal::tests::torn_publication_windows_recover_monotonically_or_fail_closed ... ok
test operator_task::control_journal::tests::typed_result_data_is_attached_on_success_and_durable_for_recovery ... ok
test operator_task::tests::apply_change_sets_are_digest_bound_to_the_signed_identities ... ok
test operator_task::tests::config_revision_fencing_against_the_local_marker_is_constant_time ... ok
test operator_task::tests::directory_operation_and_read_error_taxonomies_preserve_retryability ... ok
test operator_task::tests::dispatch_maps_precondition_failures_to_engine_errors_without_a_database ... ok
test operator_task::tests::local_deployment_identity_binds_to_every_available_anchor ... ok
test operator_task::tests::local_deployment_identity_rejects_missing_or_conflicting_bootstrap_sources ... ok
test operator_task::tests::local_deployment_identity_stringifies_yaml_scalars_and_rejects_sequences ... ok
test operator_task::tests::mounted_change_set_material_is_a_regular_bounded_file ... ok
test operator_task::tests::mounted_external_jwk_material_is_digest_bound ... ok
test operator_task::tests::operator_state_identity_is_immutable_after_first_publication ... ok
test operator_task::tests::owner_markers_survive_context_but_anyhow_default_stays_terminal ... ok
test operator_task::tests::permanent_owner_failure_is_terminal_and_never_rerun ... ok
test operator_task::tests::presentation_rejects_malformed_requests_before_any_authority ... ok
test operator_task::tests::recovery_authority_conflict_is_terminal_while_unavailable_database_is_retryable ... ok
test operator_task::tests::resume_ownership_table_pins_every_closed_variant ... ok
test operator_task::tests::task_lock_acquisition_is_bounded ... ok
test operator_task::tests::tenant_resource_executor_error_taxonomy_is_closed_and_explicit ... ok
test operator_task::tests::tenant_resource_unavailable_does_not_publish_a_terminal_failure ... ok
test operator_task::tests::tenant_resources::captured_receipt_survives_concurrent_tenant_disable_and_newer_outcome ... ok
test operator_task::tests::tenant_resources::exact_tenant_resource_receipts_skip_current_tenant_and_apply_dependencies ... ok
test operator_task::tests::tenant_resources::fresh_enumerate_and_revoke_require_active_tenant_without_apply_capabilities ... ok
test operator_task::tests::tenant_resources::missing_receipts_cannot_bypass_active_tenant_admission ... ok
test operator_task::tests::tenant_resources::receipt_conflict_and_unavailability_keep_owned_error_classification ... ok
test operator_task::tests::typed_owner_failure_keeps_executing_then_resumes_without_duplicate_mutation ... ok
test recovery_root::tests::answer_material_decodes_only_exact_byte_lengths ... ok
test recovery_root::tests::challenge_request_shape_is_strict ... ok
test recovery_root::tests::deployment_binding_accepts_local_and_rejects_foreign_callers ... ok
test recovery_root::tests::rotation_request_shape_is_strict_and_rejects_secret_shaped_fields ... ok
test runtime_modules::tests::catalog_keeps_static_module_dependencies ... ok
test runtime_modules::tests::failed_operation_and_compensation_map_to_unavailable ... ok
test runtime_modules::tests::reconciler_is_one_abortable_tenant_owned_task ... ok
test runtime_modules::tests::scheduler::aborting_owner_drops_held_planner_and_every_transition_without_later_write ... ok
test runtime_modules::tests::scheduler::held_planner_survives_ticks_and_long_drain_does_not_block_another_module ... ok
test runtime_modules::tests::scheduler::repeated_all_module_plans_keep_one_transition_per_module_and_bounded_total ... ok
test runtime_modules::tests::vp_drain_horizon_uses_the_constructed_transaction_ttl_instead_of_session_ttl ... ok
test settings::tests::attestation_trust_stores_reject_private_key_material ... ok
test settings::tests::baseline_profile_can_use_optional_dpop_nonce_policy ... ok
test settings::tests::ciba_security_profile_accepts_canonical_fapi2_ciba_value ... ok
test settings::tests::ciba_security_profile_rejects_noncanonical_aliases ... ok
test settings::tests::client_attestation_requires_its_own_trust_store ... ok
test settings::tests::configured_module_dependencies_default_closed_and_accept_explicit_values ... ok
test settings::tests::data_dir_drives_default_persistent_storage_paths ... ok
test settings::tests::default_ciba_security_profile_is_fapi_ciba_id1 ... ok
test settings::tests::default_dpop_nonce_policy_is_required ... ok
test settings::tests::directory_direct_tls_advertises_the_deployment_mtls_port_for_each_tenant_host ... ok
test settings::tests::directory_openid4vc_derives_tenant_secrets ... ok
test settings::tests::directory_tenant_rejects_host_mismatch_but_namespaces_explicit_storage_roots ... ok
test settings::tests::directory_tenant_uses_the_authoritative_host_and_tenant_storage_roots ... ok
test settings::tests::dpop_nonce_policy_rejects_legacy_compatibility_alias ... ok
test settings::tests::dynamic_client_registration_initial_access_token_is_optional ... ok
test settings::tests::email_code_dev_response_requires_debug_loopback_issuer ... ok
test settings::tests::explicit_global_par_requirement_remains_supported ... ok
test settings::tests::explicit_legacy_url_settings_override_public_base_url_derivations ... ok
test settings::tests::explicit_protected_resource_identifier_overrides_issuer_default ... ok
test settings::tests::explicit_storage_paths_override_data_dir_derivations ... ok
test settings::tests::fapi_http_signature_defaults_are_bounded ... ok
test settings::tests::fapi_http_signature_max_age_accepts_inclusive_boundaries ... ok
test settings::tests::fapi_http_signature_max_age_rejects_invalid_values ... ok
test settings::tests::fapi_profiles_can_use_optional_dpop_nonce_policy ... ok
test settings::tests::fapi_profiles_default_to_required_dpop_nonce_policy ... ok
test settings::tests::fapi_profiles_reject_protocol_ttls_above_profile_limits ... ok
test settings::tests::fapi_resource_nonce_policy_is_independent_from_token_nonce_policy ... ok
test settings::tests::federation_provider_registry_fails_closed_for_incomplete_enabled_provider ... ok
test settings::tests::federation_provider_registry_parses_enabled_oidc_and_social_modules ... ok
test settings::tests::federation_provider_registry_rejects_duplicate_provider_ids ... ok
test settings::tests::initial_directory_binding_uses_the_fixed_system_boundary ... ok
test settings::tests::invalid_dpop_nonce_policy_is_rejected ... ok
test settings::tests::invalid_fapi_resource_dpop_nonce_policy_is_rejected ... ok
test settings::tests::invalid_request_object_jti_policy_is_rejected ... ok
test settings::tests::issuer_and_verifier_management_credentials_must_be_distinct ... ok
test settings::tests::key_attestation_policy_can_defer_trust_to_scoped_runtime_policy ... ok
test settings::tests::mdoc_issuing_country_helper_is_required_and_validated_for_local_generation ... ok
test settings::tests::mdoc_issuing_country_helper_is_unused_without_mdoc_configuration ... ok
test settings::tests::non_loopback_issuer_requires_client_secret_pepper ... ok
test settings::tests::oidc_federation_rejects_insecure_runtime_urls ... ok
test settings::tests::oidc_federation_requires_openid_scope ... ok
test settings::tests::pairwise_subject_secret_must_be_configured_and_strong_enough ... ok
test settings::tests::pending_mfa_session_ttl_must_be_shorter_than_full_session_ttl ... ok
test settings::tests::process_settings_cannot_override_the_system_tenant_context ... ok
test settings::tests::protected_resource_identifier_rejects_fragment_and_non_https_remote_url ... ok
test settings::tests::public_base_url_drives_same_origin_defaults ... ok
test settings::tests::public_transport_mode_is_explicit_and_fail_closed ... ok
test settings::tests::request_object_jti_is_optional_unless_the_operator_requires_it ... ok
test settings::tests::request_object_jti_policy_can_require_signed_jar_jti ... ok
test settings::tests::saml_gateway_requires_strong_shared_secret_when_enabled ... ok
test settings::tests::scim_event_retention_is_bounded_for_delivery_and_data_minimization ... ok
test settings::tests::secure_deployments_default_to_host_only_cookie_names ... ok
test settings::tests::security_state_lifetimes_and_cooldowns_must_be_positive ... ok
test settings::tests::shared_ip_admission_defaults_do_not_replace_failed_login_throttling ... ok
test settings::tests::signing_key_rotation_settings_default_to_automatic_lifecycle ... ok
test settings::tests::signing_key_rotation_settings_reject_unsafe_windows ... ok
test settings::tests::smtp_delivery_accepts_encrypted_tls_modes_without_secret_leakage ... ok
test settings::tests::smtp_delivery_allows_cleartext_only_for_credential_free_loopback_development ... ok
test settings::tests::smtp_delivery_rejects_invalid_sender_and_tls_mode ... ok
test settings::tests::smtp_delivery_requires_paired_credentials ... ok
test settings::tests::tenants_with_the_same_avatar_base_are_isolated_by_uuid ... ok
test settings::tests::token_issuance_loads_without_dedicated_response_key_material ... ok
test settings::tests::transport_modes_reject_conflicting_endpoint_ownership ... ok
test settings::tests::trusted_proxy_requires_peer_boundary_and_certificate_contract ... ok
test test_support::client_auth_keys::tests::counting_resolver_covers_success_missing_and_failure_paths ... ok
test test_support::dpop_token_fixture_has_valid_signature_and_target ... ok
test test_support::valkey::tests::valkey_atomic_primitives_compare_exact_raw_value_and_preserve_deadline ... ok
test test_support::valkey::tests::valkey_atomic_primitives_report_deadline_elapsed_instead_of_applied ... ok
test test_support::valkey::tests::valkey_atomic_result_parser_accepts_only_declared_states ... ok

test result: ok. 1452 passed; 0 failed; 3 ignored; 0 measured; 0 filtered out; finished in 279.48s

     Running tests/avatar_object_store_provider.rs (target/debug/deps/avatar_object_store_provider-859ab5f0e29e89d9)

running 1 test
test provider_derives_disjoint_opaque_tenant_object_namespaces ... ok

test result: ok. 1 passed; 0 failed; 0 ignored; 0 measured; 0 filtered out; finished in 0.08s

     Running tests/avatar_shared_storage.rs (target/debug/deps/avatar_shared_storage-5c57f82d06440fbd)

running 1 test
test avatar_direct_upload_converges_across_real_instances ... ok

test result: ok. 1 passed; 0 failed; 0 ignored; 0 measured; 0 filtered out; finished in 0.43s

     Running tests/operator_task_process.rs (target/debug/deps/operator_task_process-fd4025029dabb262)

running 4 tests
test admission_refuses_every_forged_or_unservicable_operation_class ... ok
test keys_family_runs_through_the_real_engine_and_journals_the_outcome ... ok
test killed_before_side_effect_resumes_without_duplicating_the_mutation ... ok
test signed_control_operation_executes_once_and_recovers_from_the_journal ... ok

test result: ok. 4 passed; 0 failed; 0 ignored; 0 measured; 0 filtered out; finished in 8.92s

     Running tests/tenant_directory_control_process.rs (target/debug/deps/tenant_directory_control_process-c95a145778cc4a1a)

running 1 test
test signed_directory_create_executes_recovers_and_fails_closed ... ok

test result: ok. 1 passed; 0 failed; 0 ignored; 0 measured; 0 filtered out; finished in 1.32s

     Running tests/tenant_directory_convergence.rs (target/debug/deps/tenant_directory_convergence-13543ed26f5a195f)

running 1 test
test two_processes_converge_on_lifecycle_mutations_and_survive_cache_failures ... ok

test result: ok. 1 passed; 0 failed; 0 ignored; 0 measured; 0 filtered out; finished in 37.59s

     Running tests/token_hotpath_perf.rs (target/debug/deps/token_hotpath_perf-cfda6753f24f5347)

running 1 test
test token_hotpath_benchmark ... ok

test result: ok. 1 passed; 0 failed; 0 ignored; 0 measured; 0 filtered out; finished in 0.00s

     Running tests/token_issuance_simplification.rs (target/debug/deps/token_issuance_simplification-a7218332d8900d75)

running 3 tests
test device_code_consumes_exactly_once_under_concurrent_polling ... ok
test expired_device_grant_fails_closed_without_an_issuance_row ... ok
test repeated_idempotency_key_issues_fresh_tokens_through_the_real_dispatcher ... ok

test result: ok. 3 passed; 0 failed; 0 ignored; 0 measured; 0 filtered out; finished in 28.33s

   Doc-tests nazo_auth

running 0 tests

test result: ok. 0 passed; 0 failed; 0 ignored; 0 measured; 0 filtered out; finished in 0.00s

   Doc-tests nazo_crypto

running 0 tests

test result: ok. 0 passed; 0 failed; 0 ignored; 0 measured; 0 filtered out; finished in 0.00s

   Doc-tests nazo_digital_credentials

running 0 tests

test result: ok. 0 passed; 0 failed; 0 ignored; 0 measured; 0 filtered out; finished in 0.00s

   Doc-tests nazo_http_actix

running 0 tests

test result: ok. 0 passed; 0 failed; 0 ignored; 0 measured; 0 filtered out; finished in 0.00s

   Doc-tests nazo_http_signatures

running 0 tests

test result: ok. 0 passed; 0 failed; 0 ignored; 0 measured; 0 filtered out; finished in 0.00s

   Doc-tests nazo_identity

running 5 tests
test crates/identity/src/model.rs - model::AuthenticationContext (line 89) - compile fail ... ok
test crates/identity/src/model.rs - model::PasswordHash (line 292) - compile fail ... ok
test crates/identity/src/model.rs - model::PasswordHash (line 297) - compile fail ... ok
test crates/identity/src/model.rs - model::PasswordHash (line 304) - compile fail ... ok
test crates/identity/src/model.rs - model::PasswordHash (line 309) - compile fail ... ok

test result: ok. 5 passed; 0 failed; 0 ignored; 0 measured; 0 filtered out; finished in 0.38s

   Doc-tests nazo_key_management

running 0 tests

test result: ok. 0 passed; 0 failed; 0 ignored; 0 measured; 0 filtered out; finished in 0.00s

   Doc-tests nazo_oauth_server

running 0 tests

test result: ok. 0 passed; 0 failed; 0 ignored; 0 measured; 0 filtered out; finished in 0.00s

   Doc-tests nazo_oauth_server_object_store

running 0 tests

test result: ok. 0 passed; 0 failed; 0 ignored; 0 measured; 0 filtered out; finished in 0.00s

   Doc-tests nazo_oauth_server_postgres

running 0 tests

test result: ok. 0 passed; 0 failed; 0 ignored; 0 measured; 0 filtered out; finished in 0.00s

   Doc-tests nazo_oauth_server_valkey

running 0 tests

test result: ok. 0 passed; 0 failed; 0 ignored; 0 measured; 0 filtered out; finished in 0.00s

   Doc-tests nazo_openid4vc_http_actix

running 0 tests

test result: ok. 0 passed; 0 failed; 0 ignored; 0 measured; 0 filtered out; finished in 0.00s

   Doc-tests nazo_openid4vci

running 0 tests

test result: ok. 0 passed; 0 failed; 0 ignored; 0 measured; 0 filtered out; finished in 0.00s

   Doc-tests nazo_openid4vp

running 0 tests

test result: ok. 0 passed; 0 failed; 0 ignored; 0 measured; 0 filtered out; finished in 0.00s

   Doc-tests nazo_operator_protocol

running 0 tests

test result: ok. 0 passed; 0 failed; 0 ignored; 0 measured; 0 filtered out; finished in 0.00s

   Doc-tests nazo_persistence

running 0 tests

test result: ok. 0 passed; 0 failed; 0 ignored; 0 measured; 0 filtered out; finished in 0.00s

   Doc-tests nazo_postgres

running 2 tests
test crates/persistence-postgres/src/lib.rs - (line 11) - compile fail ... ok
test crates/persistence-postgres/src/lib.rs - (line 7) - compile fail ... ok

test result: ok. 2 passed; 0 failed; 0 ignored; 0 measured; 0 filtered out; finished in 0.16s

   Doc-tests nazo_resource_server

running 0 tests

test result: ok. 0 passed; 0 failed; 0 ignored; 0 measured; 0 filtered out; finished in 0.00s

   Doc-tests nazo_runtime_modules

running 0 tests

test result: ok. 0 passed; 0 failed; 0 ignored; 0 measured; 0 filtered out; finished in 0.00s

   Doc-tests nazo_scim_events

running 0 tests

test result: ok. 0 passed; 0 failed; 0 ignored; 0 measured; 0 filtered out; finished in 0.00s

   Doc-tests nazo_valkey

running 0 tests

test result: ok. 0 passed; 0 failed; 0 ignored; 0 measured; 0 filtered out; finished in 0.00s

   Doc-tests nazoauth

running 0 tests

test result: ok. 0 passed; 0 failed; 0 ignored; 0 measured; 0 filtered out; finished in 0.00s

error: 1 target failed:
    `-p nazo-postgres --test control_plane_required`
