
         /\      Grafana   /‾‾/  
    /\  /  \     |\  __   /  /   
   /  \/    \    | |/ /  /   ‾‾\ 
  /          \   |   (  |  (‾)  |
 / __________ \  |_|\_\  \_____/ 


     execution: local
        script: /perf/k6/oauth.js
        output: -

     scenarios: (100.00%) 1 scenario, 2048 max VUs, 32m0s max duration (incl. graceful stop):
              * cap_mixed: 3000.00 iterations/s for 30m0s (maxVUs: 2048, exec: cap_mixed, gracefulStop: 2m0s)


Init        [  28% ] 0571/2048 VUs initialized
cap_mixed   [   0% ]

Init        [  54% ] 1107/2048 VUs initialized
cap_mixed   [   0% ]

Init        [  77% ] 1574/2048 VUs initialized
cap_mixed   [   0% ]

running (00m00.1s), 0083/2048 VUs, 22 complete and 0 interrupted iterations
cap_mixed   [   0% ] 0083/2048 VUs  00m00.1s/30m0s  3000.00 iters/s

running (00m01.1s), 1646/2048 VUs, 1512 complete and 0 interrupted iterations
cap_mixed   [   0% ] 1646/2048 VUs  00m01.1s/30m0s  3000.00 iters/s

running (00m02.1s), 2044/2048 VUs, 4063 complete and 0 interrupted iterations
cap_mixed   [   0% ] 2044/2048 VUs  00m02.1s/30m0s  3000.00 iters/s

running (00m03.1s), 1087/2048 VUs, 8020 complete and 0 interrupted iterations
cap_mixed   [   0% ] 1087/2048 VUs  00m03.1s/30m0s  3000.00 iters/s

running (00m04.1s), 0218/2048 VUs, 11889 complete and 0 interrupted iterations
cap_mixed   [   0% ] 0218/2048 VUs  00m04.1s/30m0s  3000.00 iters/s

running (00m05.1s), 0021/2048 VUs, 15087 complete and 0 interrupted iterations
cap_mixed   [   0% ] 0021/2048 VUs  00m05.1s/30m0s  3000.00 iters/s

running (00m06.1s), 0056/2048 VUs, 18051 complete and 0 interrupted iterations
cap_mixed   [   0% ] 0056/2048 VUs  00m06.1s/30m0s  3000.00 iters/s

running (00m07.1s), 0016/2048 VUs, 21091 complete and 0 interrupted iterations
cap_mixed   [   0% ] 0016/2048 VUs  00m07.1s/30m0s  3000.00 iters/s

running (00m08.1s), 0096/2048 VUs, 24011 complete and 0 interrupted iterations
cap_mixed   [   0% ] 0096/2048 VUs  00m08.1s/30m0s  3000.00 iters/s

running (00m09.1s), 0017/2048 VUs, 27090 complete and 0 interrupted iterations
cap_mixed   [   1% ] 0018/2048 VUs  00m09.1s/30m0s  3000.00 iters/s

running (00m10.1s), 0014/2048 VUs, 30093 complete and 0 interrupted iterations
cap_mixed   [   1% ] 0014/2048 VUs  00m10.1s/30m0s  3000.00 iters/s

running (00m11.1s), 0026/2048 VUs, 33082 complete and 0 interrupted iterations
cap_mixed   [   1% ] 0026/2048 VUs  00m11.1s/30m0s  3000.00 iters/s

running (00m12.1s), 0015/2048 VUs, 36093 complete and 0 interrupted iterations
cap_mixed   [   1% ] 0015/2048 VUs  00m12.1s/30m0s  3000.00 iters/s

running (00m13.1s), 0019/2048 VUs, 39088 complete and 0 interrupted iterations
cap_mixed   [   1% ] 0019/2048 VUs  00m13.1s/30m0s  3000.00 iters/s

running (00m14.1s), 0036/2048 VUs, 42071 complete and 0 interrupted iterations
cap_mixed   [   1% ] 0036/2048 VUs  00m14.1s/30m0s  3000.00 iters/s

running (00m15.1s), 0023/2048 VUs, 45085 complete and 0 interrupted iterations
cap_mixed   [   1% ] 0023/2048 VUs  00m15.1s/30m0s  3000.00 iters/s

running (00m16.1s), 0015/2048 VUs, 48092 complete and 0 interrupted iterations
cap_mixed   [   1% ] 0015/2048 VUs  00m16.1s/30m0s  3000.00 iters/s

running (00m17.1s), 0022/2048 VUs, 51085 complete and 0 interrupted iterations
cap_mixed   [   1% ] 0023/2048 VUs  00m17.1s/30m0s  3000.00 iters/s

running (00m18.1s), 0028/2048 VUs, 54079 complete and 0 interrupted iterations
cap_mixed   [   1% ] 0028/2048 VUs  00m18.1s/30m0s  3000.00 iters/s

running (00m19.1s), 0024/2048 VUs, 57083 complete and 0 interrupted iterations
cap_mixed   [   1% ] 0024/2048 VUs  00m19.1s/30m0s  3000.00 iters/s

running (00m20.1s), 0023/2048 VUs, 60084 complete and 0 interrupted iterations
cap_mixed   [   1% ] 0023/2048 VUs  00m20.1s/30m0s  3000.00 iters/s

running (00m21.1s), 0020/2048 VUs, 63087 complete and 0 interrupted iterations
cap_mixed   [   1% ] 0021/2048 VUs  00m21.1s/30m0s  3000.00 iters/s

running (00m22.1s), 0017/2048 VUs, 66092 complete and 0 interrupted iterations
cap_mixed   [   1% ] 0017/2048 VUs  00m22.1s/30m0s  3000.00 iters/s

running (00m23.1s), 0026/2048 VUs, 69082 complete and 0 interrupted iterations
cap_mixed   [   1% ] 0026/2048 VUs  00m23.1s/30m0s  3000.00 iters/s

running (00m24.1s), 0046/2048 VUs, 72072 complete and 0 interrupted iterations
cap_mixed   [   1% ] 0046/2048 VUs  00m24.1s/30m0s  3000.00 iters/s

running (00m25.1s), 0017/2048 VUs, 75090 complete and 0 interrupted iterations
cap_mixed   [   1% ] 0017/2048 VUs  00m25.1s/30m0s  3000.00 iters/s

running (00m26.1s), 0017/2048 VUs, 78090 complete and 0 interrupted iterations
cap_mixed   [   1% ] 0017/2048 VUs  00m26.1s/30m0s  3000.00 iters/s

running (00m27.1s), 0032/2048 VUs, 81076 complete and 0 interrupted iterations
cap_mixed   [   2% ] 0032/2048 VUs  00m27.1s/30m0s  3000.00 iters/s

running (00m28.1s), 0028/2048 VUs, 84080 complete and 0 interrupted iterations
cap_mixed   [   2% ] 0028/2048 VUs  00m28.1s/30m0s  3000.00 iters/s

running (00m29.1s), 0059/2048 VUs, 87048 complete and 0 interrupted iterations
cap_mixed   [   2% ] 0059/2048 VUs  00m29.1s/30m0s  3000.00 iters/s

running (00m30.1s), 0023/2048 VUs, 90084 complete and 0 interrupted iterations
cap_mixed   [   2% ] 0023/2048 VUs  00m30.1s/30m0s  3000.00 iters/s

running (00m31.1s), 0018/2048 VUs, 93089 complete and 0 interrupted iterations
cap_mixed   [   2% ] 0018/2048 VUs  00m31.1s/30m0s  3000.00 iters/s

running (00m32.1s), 0021/2048 VUs, 96086 complete and 0 interrupted iterations
cap_mixed   [   2% ] 0022/2048 VUs  00m32.1s/30m0s  3000.00 iters/s

running (00m33.1s), 0021/2048 VUs, 99087 complete and 0 interrupted iterations
cap_mixed   [   2% ] 0021/2048 VUs  00m33.1s/30m0s  3000.00 iters/s

running (00m34.1s), 0034/2048 VUs, 102073 complete and 0 interrupted iterations
cap_mixed   [   2% ] 0034/2048 VUs  00m34.1s/30m0s  3000.00 iters/s

running (00m35.1s), 0026/2048 VUs, 105081 complete and 0 interrupted iterations
cap_mixed   [   2% ] 0027/2048 VUs  00m35.1s/30m0s  3000.00 iters/s

running (00m36.1s), 0021/2048 VUs, 108087 complete and 0 interrupted iterations
cap_mixed   [   2% ] 0021/2048 VUs  00m36.1s/30m0s  3000.00 iters/s

running (00m37.1s), 0027/2048 VUs, 111080 complete and 0 interrupted iterations
cap_mixed   [   2% ] 0028/2048 VUs  00m37.1s/30m0s  3000.00 iters/s

running (00m38.1s), 0019/2048 VUs, 114088 complete and 0 interrupted iterations
cap_mixed   [   2% ] 0020/2048 VUs  00m38.1s/30m0s  3000.00 iters/s

running (00m39.1s), 0034/2048 VUs, 117074 complete and 0 interrupted iterations
cap_mixed   [   2% ] 0034/2048 VUs  00m39.1s/30m0s  3000.00 iters/s

running (00m40.1s), 0028/2048 VUs, 120081 complete and 0 interrupted iterations
cap_mixed   [   2% ] 0028/2048 VUs  00m40.1s/30m0s  3000.00 iters/s

running (00m41.1s), 0021/2048 VUs, 123086 complete and 0 interrupted iterations
cap_mixed   [   2% ] 0021/2048 VUs  00m41.1s/30m0s  3000.00 iters/s

running (00m42.1s), 0029/2048 VUs, 126079 complete and 0 interrupted iterations
cap_mixed   [   2% ] 0029/2048 VUs  00m42.1s/30m0s  3000.00 iters/s

running (00m43.1s), 0033/2048 VUs, 129074 complete and 0 interrupted iterations
cap_mixed   [   2% ] 0034/2048 VUs  00m43.1s/30m0s  3000.00 iters/s

running (00m44.1s), 0021/2048 VUs, 132086 complete and 0 interrupted iterations
cap_mixed   [   2% ] 0021/2048 VUs  00m44.1s/30m0s  3000.00 iters/s

running (00m45.1s), 0027/2048 VUs, 135081 complete and 0 interrupted iterations
cap_mixed   [   3% ] 0027/2048 VUs  00m45.1s/30m0s  3000.00 iters/s

running (00m46.1s), 0023/2048 VUs, 138084 complete and 0 interrupted iterations
cap_mixed   [   3% ] 0023/2048 VUs  00m46.1s/30m0s  3000.00 iters/s

running (00m47.1s), 0033/2048 VUs, 141076 complete and 0 interrupted iterations
cap_mixed   [   3% ] 0033/2048 VUs  00m47.1s/30m0s  3000.00 iters/s

running (00m48.1s), 0145/2048 VUs, 143963 complete and 0 interrupted iterations
cap_mixed   [   3% ] 0145/2048 VUs  00m48.1s/30m0s  3000.00 iters/s

running (00m49.1s), 0039/2048 VUs, 147068 complete and 0 interrupted iterations
cap_mixed   [   3% ] 0040/2048 VUs  00m49.1s/30m0s  3000.00 iters/s

running (00m50.1s), 0030/2048 VUs, 150077 complete and 0 interrupted iterations
cap_mixed   [   3% ] 0030/2048 VUs  00m50.1s/30m0s  3000.00 iters/s

running (00m51.1s), 0063/2048 VUs, 153044 complete and 0 interrupted iterations
cap_mixed   [   3% ] 0063/2048 VUs  00m51.1s/30m0s  3000.00 iters/s

running (00m52.1s), 0020/2048 VUs, 156087 complete and 0 interrupted iterations
cap_mixed   [   3% ] 0020/2048 VUs  00m52.1s/30m0s  3000.00 iters/s

running (00m53.1s), 0024/2048 VUs, 159084 complete and 0 interrupted iterations
cap_mixed   [   3% ] 0024/2048 VUs  00m53.1s/30m0s  3000.00 iters/s

running (00m54.1s), 0019/2048 VUs, 162089 complete and 0 interrupted iterations
cap_mixed   [   3% ] 0019/2048 VUs  00m54.1s/30m0s  3000.00 iters/s

running (00m55.1s), 0035/2048 VUs, 165072 complete and 0 interrupted iterations
cap_mixed   [   3% ] 0035/2048 VUs  00m55.1s/30m0s  3000.00 iters/s

running (00m56.1s), 0016/2048 VUs, 168092 complete and 0 interrupted iterations
cap_mixed   [   3% ] 0016/2048 VUs  00m56.1s/30m0s  3000.00 iters/s

running (00m57.1s), 0035/2048 VUs, 171073 complete and 0 interrupted iterations
cap_mixed   [   3% ] 0035/2048 VUs  00m57.1s/30m0s  3000.00 iters/s

running (00m58.1s), 0021/2048 VUs, 174086 complete and 0 interrupted iterations
cap_mixed   [   3% ] 0022/2048 VUs  00m58.1s/30m0s  3000.00 iters/s

running (00m59.1s), 0022/2048 VUs, 177086 complete and 0 interrupted iterations
cap_mixed   [   3% ] 0022/2048 VUs  00m59.1s/30m0s  3000.00 iters/s

running (01m00.1s), 0017/2048 VUs, 180091 complete and 0 interrupted iterations
cap_mixed   [   3% ] 0017/2048 VUs  01m00.1s/30m0s  3000.00 iters/s

running (01m01.1s), 0020/2048 VUs, 183088 complete and 0 interrupted iterations
cap_mixed   [   3% ] 0020/2048 VUs  01m01.1s/30m0s  3000.00 iters/s

running (01m02.1s), 0017/2048 VUs, 186091 complete and 0 interrupted iterations
cap_mixed   [   3% ] 0017/2048 VUs  01m02.1s/30m0s  3000.00 iters/s

running (01m03.1s), 0021/2048 VUs, 189087 complete and 0 interrupted iterations
cap_mixed   [   4% ] 0021/2048 VUs  01m03.1s/30m0s  3000.00 iters/s

running (01m04.1s), 0024/2048 VUs, 192083 complete and 0 interrupted iterations
cap_mixed   [   4% ] 0024/2048 VUs  01m04.1s/30m0s  3000.00 iters/s

running (01m05.1s), 0025/2048 VUs, 195082 complete and 0 interrupted iterations
cap_mixed   [   4% ] 0025/2048 VUs  01m05.1s/30m0s  3000.00 iters/s

running (01m06.1s), 0018/2048 VUs, 198089 complete and 0 interrupted iterations
cap_mixed   [   4% ] 0018/2048 VUs  01m06.1s/30m0s  3000.00 iters/s

running (01m07.1s), 0030/2048 VUs, 201078 complete and 0 interrupted iterations
cap_mixed   [   4% ] 0030/2048 VUs  01m07.1s/30m0s  3000.00 iters/s

running (01m08.1s), 0184/2048 VUs, 203923 complete and 0 interrupted iterations
cap_mixed   [   4% ] 0184/2048 VUs  01m08.1s/30m0s  3000.00 iters/s

running (01m09.1s), 0020/2048 VUs, 207088 complete and 0 interrupted iterations
cap_mixed   [   4% ] 0020/2048 VUs  01m09.1s/30m0s  3000.00 iters/s

running (01m10.1s), 0014/2048 VUs, 210094 complete and 0 interrupted iterations
cap_mixed   [   4% ] 0014/2048 VUs  01m10.1s/30m0s  3000.00 iters/s

running (01m11.1s), 0020/2048 VUs, 213088 complete and 0 interrupted iterations
cap_mixed   [   4% ] 0020/2048 VUs  01m11.1s/30m0s  3000.00 iters/s

running (01m12.1s), 0025/2048 VUs, 216082 complete and 0 interrupted iterations
cap_mixed   [   4% ] 0025/2048 VUs  01m12.1s/30m0s  3000.00 iters/s

running (01m13.1s), 0025/2048 VUs, 219082 complete and 0 interrupted iterations
cap_mixed   [   4% ] 0025/2048 VUs  01m13.1s/30m0s  3000.00 iters/s

running (01m14.1s), 0019/2048 VUs, 222089 complete and 0 interrupted iterations
cap_mixed   [   4% ] 0019/2048 VUs  01m14.1s/30m0s  3000.00 iters/s

running (01m15.1s), 0025/2048 VUs, 225083 complete and 0 interrupted iterations
cap_mixed   [   4% ] 0025/2048 VUs  01m15.1s/30m0s  3000.00 iters/s

running (01m16.1s), 0018/2048 VUs, 228090 complete and 0 interrupted iterations
cap_mixed   [   4% ] 0018/2048 VUs  01m16.1s/30m0s  3000.00 iters/s

running (01m17.1s), 0044/2048 VUs, 231064 complete and 0 interrupted iterations
cap_mixed   [   4% ] 0044/2048 VUs  01m17.1s/30m0s  3000.00 iters/s

running (01m18.1s), 0026/2048 VUs, 234081 complete and 0 interrupted iterations
cap_mixed   [   4% ] 0026/2048 VUs  01m18.1s/30m0s  3000.00 iters/s

running (01m19.1s), 0021/2048 VUs, 237086 complete and 0 interrupted iterations
cap_mixed   [   4% ] 0022/2048 VUs  01m19.1s/30m0s  3000.00 iters/s

running (01m20.1s), 0033/2048 VUs, 240075 complete and 0 interrupted iterations
cap_mixed   [   4% ] 0033/2048 VUs  01m20.1s/30m0s  3000.00 iters/s

running (01m21.1s), 0020/2048 VUs, 243088 complete and 0 interrupted iterations
cap_mixed   [   5% ] 0019/2048 VUs  01m21.1s/30m0s  3000.00 iters/s

running (01m22.1s), 0018/2048 VUs, 246090 complete and 0 interrupted iterations
cap_mixed   [   5% ] 0018/2048 VUs  01m22.1s/30m0s  3000.00 iters/s

running (01m23.1s), 0018/2048 VUs, 249090 complete and 0 interrupted iterations
cap_mixed   [   5% ] 0018/2048 VUs  01m23.1s/30m0s  3000.00 iters/s

running (01m24.1s), 0019/2048 VUs, 252089 complete and 0 interrupted iterations
cap_mixed   [   5% ] 0019/2048 VUs  01m24.1s/30m0s  3000.00 iters/s

running (01m25.1s), 0024/2048 VUs, 255083 complete and 0 interrupted iterations
cap_mixed   [   5% ] 0024/2048 VUs  01m25.1s/30m0s  3000.00 iters/s

running (01m26.1s), 0013/2048 VUs, 258095 complete and 0 interrupted iterations
cap_mixed   [   5% ] 0013/2048 VUs  01m26.1s/30m0s  3000.00 iters/s

running (01m27.1s), 0016/2048 VUs, 261092 complete and 0 interrupted iterations
cap_mixed   [   5% ] 0016/2048 VUs  01m27.1s/30m0s  3000.00 iters/s

running (01m28.1s), 0017/2048 VUs, 264091 complete and 0 interrupted iterations
cap_mixed   [   5% ] 0017/2048 VUs  01m28.1s/30m0s  3000.00 iters/s

running (01m29.1s), 0130/2048 VUs, 266980 complete and 0 interrupted iterations
cap_mixed   [   5% ] 0130/2048 VUs  01m29.1s/30m0s  3000.00 iters/s

running (01m30.1s), 0022/2048 VUs, 270086 complete and 0 interrupted iterations
cap_mixed   [   5% ] 0022/2048 VUs  01m30.1s/30m0s  3000.00 iters/s

running (01m31.1s), 0023/2048 VUs, 273084 complete and 0 interrupted iterations
cap_mixed   [   5% ] 0023/2048 VUs  01m31.1s/30m0s  3000.00 iters/s

running (01m32.1s), 0015/2048 VUs, 276093 complete and 0 interrupted iterations
cap_mixed   [   5% ] 0016/2048 VUs  01m32.1s/30m0s  3000.00 iters/s

running (01m33.1s), 0023/2048 VUs, 279085 complete and 0 interrupted iterations
cap_mixed   [   5% ] 0023/2048 VUs  01m33.1s/30m0s  3000.00 iters/s

running (01m34.1s), 0013/2048 VUs, 282095 complete and 0 interrupted iterations
cap_mixed   [   5% ] 0013/2048 VUs  01m34.1s/30m0s  3000.00 iters/s

running (01m35.1s), 0107/2048 VUs, 285001 complete and 0 interrupted iterations
cap_mixed   [   5% ] 0107/2048 VUs  01m35.1s/30m0s  3000.00 iters/s

running (01m36.1s), 0032/2048 VUs, 288076 complete and 0 interrupted iterations
cap_mixed   [   5% ] 0032/2048 VUs  01m36.1s/30m0s  3000.00 iters/s

running (01m37.1s), 0013/2048 VUs, 291095 complete and 0 interrupted iterations
cap_mixed   [   5% ] 0013/2048 VUs  01m37.1s/30m0s  3000.00 iters/s

running (01m38.1s), 0014/2048 VUs, 294094 complete and 0 interrupted iterations
cap_mixed   [   5% ] 0014/2048 VUs  01m38.1s/30m0s  3000.00 iters/s

running (01m39.1s), 0022/2048 VUs, 297086 complete and 0 interrupted iterations
cap_mixed   [   6% ] 0022/2048 VUs  01m39.1s/30m0s  3000.00 iters/s

running (01m40.1s), 0016/2048 VUs, 300092 complete and 0 interrupted iterations
cap_mixed   [   6% ] 0016/2048 VUs  01m40.1s/30m0s  3000.00 iters/s

running (01m41.1s), 0020/2048 VUs, 303087 complete and 0 interrupted iterations
cap_mixed   [   6% ] 0021/2048 VUs  01m41.1s/30m0s  3000.00 iters/s

running (01m42.1s), 0021/2048 VUs, 306087 complete and 0 interrupted iterations
cap_mixed   [   6% ] 0021/2048 VUs  01m42.1s/30m0s  3000.00 iters/s

running (01m43.1s), 0028/2048 VUs, 309080 complete and 0 interrupted iterations
cap_mixed   [   6% ] 0028/2048 VUs  01m43.1s/30m0s  3000.00 iters/s

running (01m44.1s), 0013/2048 VUs, 312095 complete and 0 interrupted iterations
cap_mixed   [   6% ] 0013/2048 VUs  01m44.1s/30m0s  3000.00 iters/s

running (01m45.1s), 0018/2048 VUs, 315090 complete and 0 interrupted iterations
cap_mixed   [   6% ] 0018/2048 VUs  01m45.1s/30m0s  3000.00 iters/s

running (01m46.1s), 0018/2048 VUs, 318090 complete and 0 interrupted iterations
cap_mixed   [   6% ] 0018/2048 VUs  01m46.1s/30m0s  3000.00 iters/s

running (01m47.1s), 0025/2048 VUs, 321083 complete and 0 interrupted iterations
cap_mixed   [   6% ] 0025/2048 VUs  01m47.1s/30m0s  3000.00 iters/s

running (01m48.1s), 0014/2048 VUs, 324094 complete and 0 interrupted iterations
cap_mixed   [   6% ] 0014/2048 VUs  01m48.1s/30m0s  3000.00 iters/s

running (01m49.1s), 0031/2048 VUs, 327077 complete and 0 interrupted iterations
cap_mixed   [   6% ] 0031/2048 VUs  01m49.1s/30m0s  3000.00 iters/s

running (01m50.1s), 0018/2048 VUs, 330090 complete and 0 interrupted iterations
cap_mixed   [   6% ] 0018/2048 VUs  01m50.1s/30m0s  3000.00 iters/s

running (01m51.1s), 0025/2048 VUs, 333083 complete and 0 interrupted iterations
cap_mixed   [   6% ] 0025/2048 VUs  01m51.1s/30m0s  3000.00 iters/s

running (01m52.1s), 0017/2048 VUs, 336091 complete and 0 interrupted iterations
cap_mixed   [   6% ] 0017/2048 VUs  01m52.1s/30m0s  3000.00 iters/s

running (01m53.1s), 0024/2048 VUs, 339085 complete and 0 interrupted iterations
cap_mixed   [   6% ] 0024/2048 VUs  01m53.1s/30m0s  3000.00 iters/s

running (01m54.1s), 0017/2048 VUs, 342091 complete and 0 interrupted iterations
cap_mixed   [   6% ] 0017/2048 VUs  01m54.1s/30m0s  3000.00 iters/s

running (01m55.1s), 0018/2048 VUs, 345090 complete and 0 interrupted iterations
cap_mixed   [   6% ] 0018/2048 VUs  01m55.1s/30m0s  3000.00 iters/s

running (01m56.1s), 0067/2048 VUs, 348041 complete and 0 interrupted iterations
cap_mixed   [   6% ] 0067/2048 VUs  01m56.1s/30m0s  3000.00 iters/s

running (01m57.1s), 0063/2048 VUs, 351045 complete and 0 interrupted iterations
cap_mixed   [   7% ] 0063/2048 VUs  01m57.1s/30m0s  3000.00 iters/s

running (01m58.1s), 0018/2048 VUs, 354090 complete and 0 interrupted iterations
cap_mixed   [   7% ] 0018/2048 VUs  01m58.1s/30m0s  3000.00 iters/s

running (01m59.1s), 0019/2048 VUs, 357088 complete and 0 interrupted iterations
cap_mixed   [   7% ] 0020/2048 VUs  01m59.1s/30m0s  3000.00 iters/s

running (02m00.1s), 0026/2048 VUs, 360082 complete and 0 interrupted iterations
cap_mixed   [   7% ] 0026/2048 VUs  02m00.1s/30m0s  3000.00 iters/s

running (02m01.1s), 0014/2048 VUs, 363094 complete and 0 interrupted iterations
cap_mixed   [   7% ] 0014/2048 VUs  02m01.1s/30m0s  3000.00 iters/s

running (02m02.1s), 0020/2048 VUs, 366088 complete and 0 interrupted iterations
cap_mixed   [   7% ] 0020/2048 VUs  02m02.1s/30m0s  3000.00 iters/s

running (02m03.1s), 0039/2048 VUs, 369069 complete and 0 interrupted iterations
cap_mixed   [   7% ] 0039/2048 VUs  02m03.1s/30m0s  3000.00 iters/s

running (02m04.1s), 0020/2048 VUs, 372088 complete and 0 interrupted iterations
cap_mixed   [   7% ] 0020/2048 VUs  02m04.1s/30m0s  3000.00 iters/s

running (02m05.1s), 0020/2048 VUs, 375087 complete and 0 interrupted iterations
cap_mixed   [   7% ] 0021/2048 VUs  02m05.1s/30m0s  3000.00 iters/s

running (02m06.1s), 0018/2048 VUs, 378090 complete and 0 interrupted iterations
cap_mixed   [   7% ] 0017/2048 VUs  02m06.1s/30m0s  3000.00 iters/s

running (02m07.1s), 0010/2048 VUs, 381099 complete and 0 interrupted iterations
cap_mixed   [   7% ] 0010/2048 VUs  02m07.1s/30m0s  3000.00 iters/s

running (02m08.1s), 0018/2048 VUs, 384090 complete and 0 interrupted iterations
cap_mixed   [   7% ] 0018/2048 VUs  02m08.1s/30m0s  3000.00 iters/s

running (02m09.1s), 0015/2048 VUs, 387093 complete and 0 interrupted iterations
cap_mixed   [   7% ] 0015/2048 VUs  02m09.1s/30m0s  3000.00 iters/s

running (02m10.1s), 0025/2048 VUs, 390082 complete and 0 interrupted iterations
cap_mixed   [   7% ] 0026/2048 VUs  02m10.1s/30m0s  3000.00 iters/s

running (02m11.1s), 0032/2048 VUs, 393076 complete and 0 interrupted iterations
cap_mixed   [   7% ] 0032/2048 VUs  02m11.1s/30m0s  3000.00 iters/s

running (02m12.1s), 0018/2048 VUs, 396090 complete and 0 interrupted iterations
cap_mixed   [   7% ] 0018/2048 VUs  02m12.1s/30m0s  3000.00 iters/s

running (02m13.1s), 0024/2048 VUs, 399084 complete and 0 interrupted iterations
cap_mixed   [   7% ] 0024/2048 VUs  02m13.1s/30m0s  3000.00 iters/s

running (02m14.1s), 0016/2048 VUs, 402092 complete and 0 interrupted iterations
cap_mixed   [   7% ] 0016/2048 VUs  02m14.1s/30m0s  3000.00 iters/s

running (02m15.1s), 0029/2048 VUs, 405079 complete and 0 interrupted iterations
cap_mixed   [   8% ] 0029/2048 VUs  02m15.1s/30m0s  3000.00 iters/s

running (02m16.1s), 0020/2048 VUs, 408089 complete and 0 interrupted iterations
cap_mixed   [   8% ] 0020/2048 VUs  02m16.1s/30m0s  3000.00 iters/s

running (02m17.1s), 0018/2048 VUs, 411090 complete and 0 interrupted iterations
cap_mixed   [   8% ] 0018/2048 VUs  02m17.1s/30m0s  3000.00 iters/s

running (02m18.1s), 0018/2048 VUs, 414089 complete and 0 interrupted iterations
cap_mixed   [   8% ] 0018/2048 VUs  02m18.1s/30m0s  3000.00 iters/s

running (02m19.1s), 0014/2048 VUs, 417094 complete and 0 interrupted iterations
cap_mixed   [   8% ] 0014/2048 VUs  02m19.1s/30m0s  3000.00 iters/s

running (02m20.1s), 0017/2048 VUs, 420090 complete and 0 interrupted iterations
cap_mixed   [   8% ] 0017/2048 VUs  02m20.1s/30m0s  3000.00 iters/s

running (02m21.1s), 0022/2048 VUs, 423086 complete and 0 interrupted iterations
cap_mixed   [   8% ] 0022/2048 VUs  02m21.1s/30m0s  3000.00 iters/s

running (02m22.1s), 0024/2048 VUs, 426084 complete and 0 interrupted iterations
cap_mixed   [   8% ] 0024/2048 VUs  02m22.1s/30m0s  3000.00 iters/s

running (02m23.1s), 0018/2048 VUs, 429090 complete and 0 interrupted iterations
cap_mixed   [   8% ] 0018/2048 VUs  02m23.1s/30m0s  3000.00 iters/s

running (02m24.1s), 0124/2048 VUs, 431984 complete and 0 interrupted iterations
cap_mixed   [   8% ] 0124/2048 VUs  02m24.1s/30m0s  3000.00 iters/s

running (02m25.1s), 0017/2048 VUs, 435091 complete and 0 interrupted iterations
cap_mixed   [   8% ] 0016/2048 VUs  02m25.1s/30m0s  3000.00 iters/s

running (02m26.1s), 0022/2048 VUs, 438087 complete and 0 interrupted iterations
cap_mixed   [   8% ] 0022/2048 VUs  02m26.1s/30m0s  3000.00 iters/s

running (02m27.1s), 0015/2048 VUs, 441093 complete and 0 interrupted iterations
cap_mixed   [   8% ] 0015/2048 VUs  02m27.1s/30m0s  3000.00 iters/s

running (02m28.1s), 0027/2048 VUs, 444078 complete and 0 interrupted iterations
cap_mixed   [   8% ] 0027/2048 VUs  02m28.1s/30m0s  3000.00 iters/s

running (02m29.1s), 0022/2048 VUs, 447086 complete and 0 interrupted iterations
cap_mixed   [   8% ] 0022/2048 VUs  02m29.1s/30m0s  3000.00 iters/s

running (02m30.1s), 0018/2048 VUs, 450090 complete and 0 interrupted iterations
cap_mixed   [   8% ] 0018/2048 VUs  02m30.1s/30m0s  3000.00 iters/s

running (02m31.1s), 0016/2048 VUs, 453092 complete and 0 interrupted iterations
cap_mixed   [   8% ] 0016/2048 VUs  02m31.1s/30m0s  3000.00 iters/s

running (02m32.1s), 0045/2048 VUs, 456063 complete and 0 interrupted iterations
cap_mixed   [   8% ] 0045/2048 VUs  02m32.1s/30m0s  3000.00 iters/s

running (02m33.1s), 0015/2048 VUs, 459093 complete and 0 interrupted iterations
cap_mixed   [   9% ] 0015/2048 VUs  02m33.1s/30m0s  3000.00 iters/s

running (02m34.1s), 0020/2048 VUs, 462088 complete and 0 interrupted iterations
cap_mixed   [   9% ] 0020/2048 VUs  02m34.1s/30m0s  3000.00 iters/s

running (02m35.1s), 0021/2048 VUs, 465087 complete and 0 interrupted iterations
cap_mixed   [   9% ] 0021/2048 VUs  02m35.1s/30m0s  3000.00 iters/s

running (02m36.1s), 0012/2048 VUs, 468096 complete and 0 interrupted iterations
cap_mixed   [   9% ] 0012/2048 VUs  02m36.1s/30m0s  3000.00 iters/s

running (02m37.1s), 0017/2048 VUs, 471091 complete and 0 interrupted iterations
cap_mixed   [   9% ] 0017/2048 VUs  02m37.1s/30m0s  3000.00 iters/s

running (02m38.1s), 0015/2048 VUs, 474093 complete and 0 interrupted iterations
cap_mixed   [   9% ] 0015/2048 VUs  02m38.1s/30m0s  3000.00 iters/s

running (02m39.1s), 0022/2048 VUs, 477086 complete and 0 interrupted iterations
cap_mixed   [   9% ] 0022/2048 VUs  02m39.1s/30m0s  3000.00 iters/s

running (02m40.1s), 0014/2048 VUs, 480094 complete and 0 interrupted iterations
cap_mixed   [   9% ] 0014/2048 VUs  02m40.1s/30m0s  3000.00 iters/s

running (02m41.1s), 0023/2048 VUs, 483085 complete and 0 interrupted iterations
cap_mixed   [   9% ] 0023/2048 VUs  02m41.1s/30m0s  3000.00 iters/s

running (02m42.1s), 0024/2048 VUs, 486084 complete and 0 interrupted iterations
cap_mixed   [   9% ] 0025/2048 VUs  02m42.1s/30m0s  3000.00 iters/s

running (02m43.1s), 0011/2048 VUs, 489097 complete and 0 interrupted iterations
cap_mixed   [   9% ] 0011/2048 VUs  02m43.1s/30m0s  3000.00 iters/s

running (02m44.1s), 0024/2048 VUs, 492084 complete and 0 interrupted iterations
cap_mixed   [   9% ] 0024/2048 VUs  02m44.1s/30m0s  3000.00 iters/s

running (02m45.1s), 0012/2048 VUs, 495096 complete and 0 interrupted iterations
cap_mixed   [   9% ] 0012/2048 VUs  02m45.1s/30m0s  3000.00 iters/s

running (02m46.1s), 0022/2048 VUs, 498086 complete and 0 interrupted iterations
cap_mixed   [   9% ] 0022/2048 VUs  02m46.1s/30m0s  3000.00 iters/s

running (02m47.1s), 0037/2048 VUs, 501071 complete and 0 interrupted iterations
cap_mixed   [   9% ] 0037/2048 VUs  02m47.1s/30m0s  3000.00 iters/s

running (02m48.1s), 0019/2048 VUs, 504089 complete and 0 interrupted iterations
cap_mixed   [   9% ] 0019/2048 VUs  02m48.1s/30m0s  3000.00 iters/s

running (02m49.1s), 0035/2048 VUs, 507073 complete and 0 interrupted iterations
cap_mixed   [   9% ] 0035/2048 VUs  02m49.1s/30m0s  3000.00 iters/s

running (02m50.1s), 0028/2048 VUs, 510080 complete and 0 interrupted iterations
cap_mixed   [   9% ] 0028/2048 VUs  02m50.1s/30m0s  3000.00 iters/s

running (02m51.1s), 0024/2048 VUs, 513084 complete and 0 interrupted iterations
cap_mixed   [  10% ] 0024/2048 VUs  02m51.1s/30m0s  3000.00 iters/s

running (02m52.1s), 0022/2048 VUs, 516086 complete and 0 interrupted iterations
cap_mixed   [  10% ] 0022/2048 VUs  02m52.1s/30m0s  3000.00 iters/s

running (02m53.1s), 0023/2048 VUs, 519085 complete and 0 interrupted iterations
cap_mixed   [  10% ] 0023/2048 VUs  02m53.1s/30m0s  3000.00 iters/s

running (02m54.1s), 0015/2048 VUs, 522093 complete and 0 interrupted iterations
cap_mixed   [  10% ] 0015/2048 VUs  02m54.1s/30m0s  3000.00 iters/s

running (02m55.1s), 0018/2048 VUs, 525090 complete and 0 interrupted iterations
cap_mixed   [  10% ] 0018/2048 VUs  02m55.1s/30m0s  3000.00 iters/s

running (02m56.1s), 0012/2048 VUs, 528096 complete and 0 interrupted iterations
cap_mixed   [  10% ] 0012/2048 VUs  02m56.1s/30m0s  3000.00 iters/s

running (02m57.1s), 0019/2048 VUs, 531089 complete and 0 interrupted iterations
cap_mixed   [  10% ] 0019/2048 VUs  02m57.1s/30m0s  3000.00 iters/s

running (02m58.1s), 0026/2048 VUs, 534082 complete and 0 interrupted iterations
cap_mixed   [  10% ] 0026/2048 VUs  02m58.1s/30m0s  3000.00 iters/s

running (02m59.1s), 0013/2048 VUs, 537095 complete and 0 interrupted iterations
cap_mixed   [  10% ] 0013/2048 VUs  02m59.1s/30m0s  3000.00 iters/s

running (03m00.1s), 0016/2048 VUs, 540092 complete and 0 interrupted iterations
cap_mixed   [  10% ] 0016/2048 VUs  03m00.1s/30m0s  3000.00 iters/s

running (03m01.1s), 0014/2048 VUs, 543094 complete and 0 interrupted iterations
cap_mixed   [  10% ] 0014/2048 VUs  03m01.1s/30m0s  3000.00 iters/s

running (03m02.1s), 0022/2048 VUs, 546087 complete and 0 interrupted iterations
cap_mixed   [  10% ] 0022/2048 VUs  03m02.1s/30m0s  3000.00 iters/s

running (03m03.1s), 0016/2048 VUs, 549092 complete and 0 interrupted iterations
cap_mixed   [  10% ] 0016/2048 VUs  03m03.1s/30m0s  3000.00 iters/s

running (03m04.1s), 0023/2048 VUs, 552085 complete and 0 interrupted iterations
cap_mixed   [  10% ] 0023/2048 VUs  03m04.1s/30m0s  3000.00 iters/s

running (03m05.1s), 0024/2048 VUs, 555084 complete and 0 interrupted iterations
cap_mixed   [  10% ] 0024/2048 VUs  03m05.1s/30m0s  3000.00 iters/s

running (03m06.1s), 0038/2048 VUs, 558070 complete and 0 interrupted iterations
cap_mixed   [  10% ] 0038/2048 VUs  03m06.1s/30m0s  3000.00 iters/s

running (03m07.1s), 0018/2048 VUs, 561090 complete and 0 interrupted iterations
cap_mixed   [  10% ] 0018/2048 VUs  03m07.1s/30m0s  3000.00 iters/s

running (03m08.1s), 0020/2048 VUs, 564088 complete and 0 interrupted iterations
cap_mixed   [  10% ] 0020/2048 VUs  03m08.1s/30m0s  3000.00 iters/s

running (03m09.1s), 0037/2048 VUs, 567071 complete and 0 interrupted iterations
cap_mixed   [  11% ] 0037/2048 VUs  03m09.1s/30m0s  3000.00 iters/s

running (03m10.1s), 0022/2048 VUs, 570086 complete and 0 interrupted iterations
cap_mixed   [  11% ] 0022/2048 VUs  03m10.1s/30m0s  3000.00 iters/s

running (03m11.1s), 0020/2048 VUs, 573088 complete and 0 interrupted iterations
cap_mixed   [  11% ] 0020/2048 VUs  03m11.1s/30m0s  3000.00 iters/s

running (03m12.1s), 0017/2048 VUs, 576091 complete and 0 interrupted iterations
cap_mixed   [  11% ] 0017/2048 VUs  03m12.1s/30m0s  3000.00 iters/s

running (03m13.1s), 0015/2048 VUs, 579093 complete and 0 interrupted iterations
cap_mixed   [  11% ] 0015/2048 VUs  03m13.1s/30m0s  3000.00 iters/s

running (03m14.1s), 0014/2048 VUs, 582094 complete and 0 interrupted iterations
cap_mixed   [  11% ] 0014/2048 VUs  03m14.1s/30m0s  3000.00 iters/s

running (03m15.1s), 0019/2048 VUs, 585089 complete and 0 interrupted iterations
cap_mixed   [  11% ] 0019/2048 VUs  03m15.1s/30m0s  3000.00 iters/s

running (03m16.1s), 0017/2048 VUs, 588091 complete and 0 interrupted iterations
cap_mixed   [  11% ] 0016/2048 VUs  03m16.1s/30m0s  3000.00 iters/s

running (03m17.1s), 0020/2048 VUs, 591088 complete and 0 interrupted iterations
cap_mixed   [  11% ] 0020/2048 VUs  03m17.1s/30m0s  3000.00 iters/s

running (03m18.1s), 0027/2048 VUs, 594081 complete and 0 interrupted iterations
cap_mixed   [  11% ] 0027/2048 VUs  03m18.1s/30m0s  3000.00 iters/s

running (03m19.1s), 0218/2048 VUs, 596889 complete and 0 interrupted iterations
cap_mixed   [  11% ] 0219/2048 VUs  03m19.1s/30m0s  3000.00 iters/s

running (03m20.1s), 0017/2048 VUs, 600091 complete and 0 interrupted iterations
cap_mixed   [  11% ] 0017/2048 VUs  03m20.1s/30m0s  3000.00 iters/s

running (03m21.1s), 0014/2048 VUs, 603094 complete and 0 interrupted iterations
cap_mixed   [  11% ] 0014/2048 VUs  03m21.1s/30m0s  3000.00 iters/s

running (03m22.1s), 0021/2048 VUs, 606087 complete and 0 interrupted iterations
cap_mixed   [  11% ] 0021/2048 VUs  03m22.1s/30m0s  3000.00 iters/s

running (03m23.1s), 0013/2048 VUs, 609095 complete and 0 interrupted iterations
cap_mixed   [  11% ] 0013/2048 VUs  03m23.1s/30m0s  3000.00 iters/s

running (03m24.1s), 0014/2048 VUs, 612094 complete and 0 interrupted iterations
cap_mixed   [  11% ] 0014/2048 VUs  03m24.1s/30m0s  3000.00 iters/s

running (03m25.1s), 0013/2048 VUs, 615095 complete and 0 interrupted iterations
cap_mixed   [  11% ] 0013/2048 VUs  03m25.1s/30m0s  3000.00 iters/s

running (03m26.1s), 0020/2048 VUs, 618088 complete and 0 interrupted iterations
cap_mixed   [  11% ] 0020/2048 VUs  03m26.1s/30m0s  3000.00 iters/s

running (03m27.1s), 0017/2048 VUs, 621091 complete and 0 interrupted iterations
cap_mixed   [  12% ] 0017/2048 VUs  03m27.1s/30m0s  3000.00 iters/s

running (03m28.1s), 0011/2048 VUs, 624097 complete and 0 interrupted iterations
cap_mixed   [  12% ] 0011/2048 VUs  03m28.1s/30m0s  3000.00 iters/s

running (03m29.1s), 0018/2048 VUs, 627090 complete and 0 interrupted iterations
cap_mixed   [  12% ] 0019/2048 VUs  03m29.1s/30m0s  3000.00 iters/s

running (03m30.1s), 0024/2048 VUs, 630084 complete and 0 interrupted iterations
cap_mixed   [  12% ] 0024/2048 VUs  03m30.1s/30m0s  3000.00 iters/s

running (03m31.1s), 0022/2048 VUs, 633086 complete and 0 interrupted iterations
cap_mixed   [  12% ] 0022/2048 VUs  03m31.1s/30m0s  3000.00 iters/s

running (03m32.1s), 0026/2048 VUs, 636082 complete and 0 interrupted iterations
cap_mixed   [  12% ] 0026/2048 VUs  03m32.1s/30m0s  3000.00 iters/s

running (03m33.1s), 0017/2048 VUs, 639091 complete and 0 interrupted iterations
cap_mixed   [  12% ] 0017/2048 VUs  03m33.1s/30m0s  3000.00 iters/s

running (03m34.1s), 0033/2048 VUs, 642075 complete and 0 interrupted iterations
cap_mixed   [  12% ] 0033/2048 VUs  03m34.1s/30m0s  3000.00 iters/s

running (03m35.1s), 0011/2048 VUs, 645097 complete and 0 interrupted iterations
cap_mixed   [  12% ] 0011/2048 VUs  03m35.1s/30m0s  3000.00 iters/s

running (03m36.1s), 0048/2048 VUs, 648060 complete and 0 interrupted iterations
cap_mixed   [  12% ] 0048/2048 VUs  03m36.1s/30m0s  3000.00 iters/s

running (03m37.1s), 0021/2048 VUs, 651087 complete and 0 interrupted iterations
cap_mixed   [  12% ] 0021/2048 VUs  03m37.1s/30m0s  3000.00 iters/s

running (03m38.1s), 0024/2048 VUs, 654084 complete and 0 interrupted iterations
cap_mixed   [  12% ] 0024/2048 VUs  03m38.1s/30m0s  3000.00 iters/s

running (03m39.1s), 0021/2048 VUs, 657087 complete and 0 interrupted iterations
cap_mixed   [  12% ] 0021/2048 VUs  03m39.1s/30m0s  3000.00 iters/s

running (03m40.1s), 0030/2048 VUs, 660078 complete and 0 interrupted iterations
cap_mixed   [  12% ] 0030/2048 VUs  03m40.1s/30m0s  3000.00 iters/s

running (03m41.1s), 0020/2048 VUs, 663088 complete and 0 interrupted iterations
cap_mixed   [  12% ] 0020/2048 VUs  03m41.1s/30m0s  3000.00 iters/s

running (03m42.1s), 0016/2048 VUs, 666092 complete and 0 interrupted iterations
cap_mixed   [  12% ] 0016/2048 VUs  03m42.1s/30m0s  3000.00 iters/s

running (03m43.1s), 0015/2048 VUs, 669094 complete and 0 interrupted iterations
cap_mixed   [  12% ] 0015/2048 VUs  03m43.1s/30m0s  3000.00 iters/s

running (03m44.1s), 0032/2048 VUs, 672075 complete and 0 interrupted iterations
cap_mixed   [  12% ] 0032/2048 VUs  03m44.1s/30m0s  3000.00 iters/s

running (03m45.1s), 0113/2048 VUs, 674995 complete and 0 interrupted iterations
cap_mixed   [  13% ] 0113/2048 VUs  03m45.1s/30m0s  3000.00 iters/s

running (03m46.1s), 0017/2048 VUs, 678091 complete and 0 interrupted iterations
cap_mixed   [  13% ] 0018/2048 VUs  03m46.1s/30m0s  3000.00 iters/s

running (03m47.1s), 0060/2048 VUs, 681053 complete and 0 interrupted iterations
cap_mixed   [  13% ] 0060/2048 VUs  03m47.1s/30m0s  3000.00 iters/s

running (03m48.1s), 0013/2048 VUs, 684095 complete and 0 interrupted iterations
cap_mixed   [  13% ] 0013/2048 VUs  03m48.1s/30m0s  3000.00 iters/s

running (03m49.1s), 0023/2048 VUs, 687086 complete and 0 interrupted iterations
cap_mixed   [  13% ] 0023/2048 VUs  03m49.1s/30m0s  3000.00 iters/s

running (03m50.1s), 0012/2048 VUs, 690096 complete and 0 interrupted iterations
cap_mixed   [  13% ] 0012/2048 VUs  03m50.1s/30m0s  3000.00 iters/s

running (03m51.1s), 0010/2048 VUs, 693098 complete and 0 interrupted iterations
cap_mixed   [  13% ] 0010/2048 VUs  03m51.1s/30m0s  3000.00 iters/s

running (03m52.1s), 0017/2048 VUs, 696091 complete and 0 interrupted iterations
cap_mixed   [  13% ] 0017/2048 VUs  03m52.1s/30m0s  3000.00 iters/s

running (03m53.1s), 0017/2048 VUs, 699091 complete and 0 interrupted iterations
cap_mixed   [  13% ] 0017/2048 VUs  03m53.1s/30m0s  3000.00 iters/s

running (03m54.1s), 0026/2048 VUs, 702082 complete and 0 interrupted iterations
cap_mixed   [  13% ] 0026/2048 VUs  03m54.1s/30m0s  3000.00 iters/s

running (03m55.1s), 0028/2048 VUs, 705080 complete and 0 interrupted iterations
cap_mixed   [  13% ] 0028/2048 VUs  03m55.1s/30m0s  3000.00 iters/s

running (03m56.1s), 0019/2048 VUs, 708089 complete and 0 interrupted iterations
cap_mixed   [  13% ] 0019/2048 VUs  03m56.1s/30m0s  3000.00 iters/s

running (03m57.1s), 0017/2048 VUs, 711091 complete and 0 interrupted iterations
cap_mixed   [  13% ] 0017/2048 VUs  03m57.1s/30m0s  3000.00 iters/s

running (03m58.1s), 0028/2048 VUs, 714080 complete and 0 interrupted iterations
cap_mixed   [  13% ] 0028/2048 VUs  03m58.1s/30m0s  3000.00 iters/s

running (03m59.1s), 0019/2048 VUs, 717089 complete and 0 interrupted iterations
cap_mixed   [  13% ] 0019/2048 VUs  03m59.1s/30m0s  3000.00 iters/s

running (04m00.1s), 0016/2048 VUs, 720092 complete and 0 interrupted iterations
cap_mixed   [  13% ] 0016/2048 VUs  04m00.1s/30m0s  3000.00 iters/s

running (04m01.1s), 0013/2048 VUs, 723095 complete and 0 interrupted iterations
cap_mixed   [  13% ] 0013/2048 VUs  04m01.1s/30m0s  3000.00 iters/s

running (04m02.1s), 0012/2048 VUs, 726096 complete and 0 interrupted iterations
cap_mixed   [  13% ] 0012/2048 VUs  04m02.1s/30m0s  3000.00 iters/s

running (04m03.1s), 0016/2048 VUs, 729093 complete and 0 interrupted iterations
cap_mixed   [  14% ] 0016/2048 VUs  04m03.1s/30m0s  3000.00 iters/s

running (04m04.1s), 0021/2048 VUs, 732087 complete and 0 interrupted iterations
cap_mixed   [  14% ] 0021/2048 VUs  04m04.1s/30m0s  3000.00 iters/s

running (04m05.1s), 0021/2048 VUs, 735087 complete and 0 interrupted iterations
cap_mixed   [  14% ] 0021/2048 VUs  04m05.1s/30m0s  3000.00 iters/s

running (04m06.1s), 0016/2048 VUs, 738091 complete and 0 interrupted iterations
cap_mixed   [  14% ] 0017/2048 VUs  04m06.1s/30m0s  3000.00 iters/s

running (04m07.1s), 0022/2048 VUs, 741086 complete and 0 interrupted iterations
cap_mixed   [  14% ] 0022/2048 VUs  04m07.1s/30m0s  3000.00 iters/s

running (04m08.1s), 0014/2048 VUs, 744094 complete and 0 interrupted iterations
cap_mixed   [  14% ] 0014/2048 VUs  04m08.1s/30m0s  3000.00 iters/s

running (04m09.1s), 0019/2048 VUs, 747089 complete and 0 interrupted iterations
cap_mixed   [  14% ] 0019/2048 VUs  04m09.1s/30m0s  3000.00 iters/s

running (04m10.1s), 0024/2048 VUs, 750084 complete and 0 interrupted iterations
cap_mixed   [  14% ] 0024/2048 VUs  04m10.1s/30m0s  3000.00 iters/s

running (04m11.1s), 0035/2048 VUs, 753073 complete and 0 interrupted iterations
cap_mixed   [  14% ] 0035/2048 VUs  04m11.1s/30m0s  3000.00 iters/s

running (04m12.1s), 0015/2048 VUs, 756093 complete and 0 interrupted iterations
cap_mixed   [  14% ] 0015/2048 VUs  04m12.1s/30m0s  3000.00 iters/s

running (04m13.1s), 0015/2048 VUs, 759093 complete and 0 interrupted iterations
cap_mixed   [  14% ] 0015/2048 VUs  04m13.1s/30m0s  3000.00 iters/s

running (04m14.1s), 0036/2048 VUs, 762072 complete and 0 interrupted iterations
cap_mixed   [  14% ] 0036/2048 VUs  04m14.1s/30m0s  3000.00 iters/s

running (04m15.1s), 0018/2048 VUs, 765090 complete and 0 interrupted iterations
cap_mixed   [  14% ] 0018/2048 VUs  04m15.1s/30m0s  3000.00 iters/s

running (04m16.1s), 0017/2048 VUs, 768091 complete and 0 interrupted iterations
cap_mixed   [  14% ] 0017/2048 VUs  04m16.1s/30m0s  3000.00 iters/s

running (04m17.1s), 0026/2048 VUs, 771082 complete and 0 interrupted iterations
cap_mixed   [  14% ] 0026/2048 VUs  04m17.1s/30m0s  3000.00 iters/s

running (04m18.1s), 0028/2048 VUs, 774080 complete and 0 interrupted iterations
cap_mixed   [  14% ] 0028/2048 VUs  04m18.1s/30m0s  3000.00 iters/s

running (04m19.1s), 0029/2048 VUs, 777079 complete and 0 interrupted iterations
cap_mixed   [  14% ] 0029/2048 VUs  04m19.1s/30m0s  3000.00 iters/s

running (04m20.1s), 0026/2048 VUs, 780082 complete and 0 interrupted iterations
cap_mixed   [  14% ] 0026/2048 VUs  04m20.1s/30m0s  3000.00 iters/s

running (04m21.1s), 0022/2048 VUs, 783086 complete and 0 interrupted iterations
cap_mixed   [  15% ] 0022/2048 VUs  04m21.1s/30m0s  3000.00 iters/s

running (04m22.1s), 0023/2048 VUs, 786085 complete and 0 interrupted iterations
cap_mixed   [  15% ] 0023/2048 VUs  04m22.1s/30m0s  3000.00 iters/s

running (04m23.1s), 0012/2048 VUs, 789096 complete and 0 interrupted iterations
cap_mixed   [  15% ] 0012/2048 VUs  04m23.1s/30m0s  3000.00 iters/s

running (04m24.1s), 0031/2048 VUs, 792077 complete and 0 interrupted iterations
cap_mixed   [  15% ] 0031/2048 VUs  04m24.1s/30m0s  3000.00 iters/s

running (04m25.1s), 0020/2048 VUs, 795088 complete and 0 interrupted iterations
cap_mixed   [  15% ] 0020/2048 VUs  04m25.1s/30m0s  3000.00 iters/s

running (04m26.1s), 0024/2048 VUs, 798084 complete and 0 interrupted iterations
cap_mixed   [  15% ] 0024/2048 VUs  04m26.1s/30m0s  3000.00 iters/s

running (04m27.1s), 0032/2048 VUs, 801075 complete and 0 interrupted iterations
cap_mixed   [  15% ] 0032/2048 VUs  04m27.1s/30m0s  3000.00 iters/s

running (04m28.1s), 0014/2048 VUs, 804094 complete and 0 interrupted iterations
cap_mixed   [  15% ] 0014/2048 VUs  04m28.1s/30m0s  3000.00 iters/s

running (04m29.1s), 0021/2048 VUs, 807088 complete and 0 interrupted iterations
cap_mixed   [  15% ] 0021/2048 VUs  04m29.1s/30m0s  3000.00 iters/s

running (04m30.1s), 0015/2048 VUs, 810093 complete and 0 interrupted iterations
cap_mixed   [  15% ] 0015/2048 VUs  04m30.1s/30m0s  3000.00 iters/s

running (04m31.1s), 0016/2048 VUs, 813092 complete and 0 interrupted iterations
cap_mixed   [  15% ] 0016/2048 VUs  04m31.1s/30m0s  3000.00 iters/s

running (04m32.1s), 0021/2048 VUs, 816088 complete and 0 interrupted iterations
cap_mixed   [  15% ] 0021/2048 VUs  04m32.1s/30m0s  3000.00 iters/s

running (04m33.1s), 0068/2048 VUs, 819040 complete and 0 interrupted iterations
cap_mixed   [  15% ] 0068/2048 VUs  04m33.1s/30m0s  3000.00 iters/s

running (04m34.1s), 0024/2048 VUs, 822084 complete and 0 interrupted iterations
cap_mixed   [  15% ] 0024/2048 VUs  04m34.1s/30m0s  3000.00 iters/s

running (04m35.1s), 0022/2048 VUs, 825086 complete and 0 interrupted iterations
cap_mixed   [  15% ] 0022/2048 VUs  04m35.1s/30m0s  3000.00 iters/s

running (04m36.1s), 0013/2048 VUs, 828096 complete and 0 interrupted iterations
cap_mixed   [  15% ] 0013/2048 VUs  04m36.1s/30m0s  3000.00 iters/s

running (04m37.1s), 0016/2048 VUs, 831092 complete and 0 interrupted iterations
cap_mixed   [  15% ] 0016/2048 VUs  04m37.1s/30m0s  3000.00 iters/s

running (04m38.1s), 0014/2048 VUs, 834094 complete and 0 interrupted iterations
cap_mixed   [  15% ] 0014/2048 VUs  04m38.1s/30m0s  3000.00 iters/s

running (04m39.1s), 0022/2048 VUs, 837086 complete and 0 interrupted iterations
cap_mixed   [  16% ] 0022/2048 VUs  04m39.1s/30m0s  3000.00 iters/s

running (04m40.1s), 0021/2048 VUs, 840091 complete and 0 interrupted iterations
cap_mixed   [  16% ] 0021/2048 VUs  04m40.1s/30m0s  3000.00 iters/s

running (04m41.1s), 0018/2048 VUs, 843090 complete and 0 interrupted iterations
cap_mixed   [  16% ] 0018/2048 VUs  04m41.1s/30m0s  3000.00 iters/s

running (04m42.1s), 0026/2048 VUs, 846081 complete and 0 interrupted iterations
cap_mixed   [  16% ] 0026/2048 VUs  04m42.1s/30m0s  3000.00 iters/s

running (04m43.1s), 0017/2048 VUs, 849092 complete and 0 interrupted iterations
cap_mixed   [  16% ] 0017/2048 VUs  04m43.1s/30m0s  3000.00 iters/s

running (04m44.1s), 0024/2048 VUs, 852084 complete and 0 interrupted iterations
cap_mixed   [  16% ] 0024/2048 VUs  04m44.1s/30m0s  3000.00 iters/s

running (04m45.1s), 0014/2048 VUs, 855094 complete and 0 interrupted iterations
cap_mixed   [  16% ] 0014/2048 VUs  04m45.1s/30m0s  3000.00 iters/s

running (04m46.1s), 0026/2048 VUs, 858082 complete and 0 interrupted iterations
cap_mixed   [  16% ] 0026/2048 VUs  04m46.1s/30m0s  3000.00 iters/s

running (04m47.1s), 0038/2048 VUs, 861070 complete and 0 interrupted iterations
cap_mixed   [  16% ] 0038/2048 VUs  04m47.1s/30m0s  3000.00 iters/s

running (04m48.1s), 0026/2048 VUs, 864082 complete and 0 interrupted iterations
cap_mixed   [  16% ] 0026/2048 VUs  04m48.1s/30m0s  3000.00 iters/s

running (04m49.1s), 0018/2048 VUs, 867090 complete and 0 interrupted iterations
cap_mixed   [  16% ] 0018/2048 VUs  04m49.1s/30m0s  3000.00 iters/s

running (04m50.1s), 0029/2048 VUs, 870079 complete and 0 interrupted iterations
cap_mixed   [  16% ] 0029/2048 VUs  04m50.1s/30m0s  3000.00 iters/s

running (04m51.1s), 0021/2048 VUs, 873087 complete and 0 interrupted iterations
cap_mixed   [  16% ] 0021/2048 VUs  04m51.1s/30m0s  3000.00 iters/s

running (04m52.1s), 0015/2048 VUs, 876093 complete and 0 interrupted iterations
cap_mixed   [  16% ] 0015/2048 VUs  04m52.1s/30m0s  3000.00 iters/s

running (04m53.1s), 0019/2048 VUs, 879089 complete and 0 interrupted iterations
cap_mixed   [  16% ] 0019/2048 VUs  04m53.1s/30m0s  3000.00 iters/s

running (04m54.1s), 0024/2048 VUs, 882084 complete and 0 interrupted iterations
cap_mixed   [  16% ] 0024/2048 VUs  04m54.1s/30m0s  3000.00 iters/s

running (04m55.1s), 0024/2048 VUs, 885086 complete and 0 interrupted iterations
cap_mixed   [  16% ] 0024/2048 VUs  04m55.1s/30m0s  3000.00 iters/s

running (04m56.1s), 0062/2048 VUs, 888046 complete and 0 interrupted iterations
cap_mixed   [  16% ] 0062/2048 VUs  04m56.1s/30m0s  3000.00 iters/s

running (04m57.1s), 0018/2048 VUs, 891091 complete and 0 interrupted iterations
cap_mixed   [  17% ] 0018/2048 VUs  04m57.1s/30m0s  3000.00 iters/s

running (04m58.1s), 0032/2048 VUs, 894077 complete and 0 interrupted iterations
cap_mixed   [  17% ] 0032/2048 VUs  04m58.1s/30m0s  3000.00 iters/s

running (04m59.1s), 0020/2048 VUs, 897088 complete and 0 interrupted iterations
cap_mixed   [  17% ] 0020/2048 VUs  04m59.1s/30m0s  3000.00 iters/s

running (05m00.1s), 0017/2048 VUs, 900091 complete and 0 interrupted iterations
cap_mixed   [  17% ] 0017/2048 VUs  05m00.1s/30m0s  3000.00 iters/s

running (05m01.1s), 0019/2048 VUs, 903089 complete and 0 interrupted iterations
cap_mixed   [  17% ] 0019/2048 VUs  05m01.1s/30m0s  3000.00 iters/s

running (05m02.1s), 0017/2048 VUs, 906091 complete and 0 interrupted iterations
cap_mixed   [  17% ] 0017/2048 VUs  05m02.1s/30m0s  3000.00 iters/s

running (05m03.1s), 0009/2048 VUs, 909099 complete and 0 interrupted iterations
cap_mixed   [  17% ] 0009/2048 VUs  05m03.1s/30m0s  3000.00 iters/s

running (05m04.1s), 0017/2048 VUs, 912091 complete and 0 interrupted iterations
cap_mixed   [  17% ] 0017/2048 VUs  05m04.1s/30m0s  3000.00 iters/s

running (05m05.1s), 0019/2048 VUs, 915089 complete and 0 interrupted iterations
cap_mixed   [  17% ] 0019/2048 VUs  05m05.1s/30m0s  3000.00 iters/s

running (05m06.1s), 0075/2048 VUs, 918034 complete and 0 interrupted iterations
cap_mixed   [  17% ] 0075/2048 VUs  05m06.1s/30m0s  3000.00 iters/s

running (05m07.1s), 0016/2048 VUs, 921092 complete and 0 interrupted iterations
cap_mixed   [  17% ] 0016/2048 VUs  05m07.1s/30m0s  3000.00 iters/s

running (05m08.1s), 0039/2048 VUs, 924069 complete and 0 interrupted iterations
cap_mixed   [  17% ] 0039/2048 VUs  05m08.1s/30m0s  3000.00 iters/s

running (05m09.1s), 0018/2048 VUs, 927090 complete and 0 interrupted iterations
cap_mixed   [  17% ] 0018/2048 VUs  05m09.1s/30m0s  3000.00 iters/s

running (05m10.1s), 0066/2048 VUs, 930043 complete and 0 interrupted iterations
cap_mixed   [  17% ] 0066/2048 VUs  05m10.1s/30m0s  3000.00 iters/s

running (05m11.1s), 0023/2048 VUs, 933086 complete and 0 interrupted iterations
cap_mixed   [  17% ] 0023/2048 VUs  05m11.1s/30m0s  3000.00 iters/s

running (05m12.1s), 0016/2048 VUs, 936092 complete and 0 interrupted iterations
cap_mixed   [  17% ] 0016/2048 VUs  05m12.1s/30m0s  3000.00 iters/s

running (05m13.1s), 0019/2048 VUs, 939089 complete and 0 interrupted iterations
cap_mixed   [  17% ] 0019/2048 VUs  05m13.1s/30m0s  3000.00 iters/s

running (05m14.1s), 0048/2048 VUs, 942060 complete and 0 interrupted iterations
cap_mixed   [  17% ] 0048/2048 VUs  05m14.1s/30m0s  3000.00 iters/s

running (05m15.1s), 0024/2048 VUs, 945084 complete and 0 interrupted iterations
cap_mixed   [  18% ] 0024/2048 VUs  05m15.1s/30m0s  3000.00 iters/s

running (05m16.1s), 0020/2048 VUs, 948088 complete and 0 interrupted iterations
cap_mixed   [  18% ] 0020/2048 VUs  05m16.1s/30m0s  3000.00 iters/s

running (05m17.1s), 0055/2048 VUs, 951055 complete and 0 interrupted iterations
cap_mixed   [  18% ] 0055/2048 VUs  05m17.1s/30m0s  3000.00 iters/s

running (05m18.1s), 0026/2048 VUs, 954082 complete and 0 interrupted iterations
cap_mixed   [  18% ] 0026/2048 VUs  05m18.1s/30m0s  3000.00 iters/s

running (05m19.1s), 0020/2048 VUs, 957088 complete and 0 interrupted iterations
cap_mixed   [  18% ] 0020/2048 VUs  05m19.1s/30m0s  3000.00 iters/s

running (05m20.1s), 0025/2048 VUs, 960083 complete and 0 interrupted iterations
cap_mixed   [  18% ] 0025/2048 VUs  05m20.1s/30m0s  3000.00 iters/s

running (05m21.1s), 0019/2048 VUs, 963090 complete and 0 interrupted iterations
cap_mixed   [  18% ] 0019/2048 VUs  05m21.1s/30m0s  3000.00 iters/s

running (05m22.1s), 0024/2048 VUs, 966084 complete and 0 interrupted iterations
cap_mixed   [  18% ] 0024/2048 VUs  05m22.1s/30m0s  3000.00 iters/s

running (05m23.1s), 0022/2048 VUs, 969087 complete and 0 interrupted iterations
cap_mixed   [  18% ] 0022/2048 VUs  05m23.1s/30m0s  3000.00 iters/s

running (05m24.1s), 0026/2048 VUs, 972082 complete and 0 interrupted iterations
cap_mixed   [  18% ] 0026/2048 VUs  05m24.1s/30m0s  3000.00 iters/s

running (05m25.1s), 0025/2048 VUs, 975083 complete and 0 interrupted iterations
cap_mixed   [  18% ] 0026/2048 VUs  05m25.1s/30m0s  3000.00 iters/s

running (05m26.1s), 0029/2048 VUs, 978079 complete and 0 interrupted iterations
cap_mixed   [  18% ] 0029/2048 VUs  05m26.1s/30m0s  3000.00 iters/s

running (05m27.1s), 0015/2048 VUs, 981094 complete and 0 interrupted iterations
cap_mixed   [  18% ] 0015/2048 VUs  05m27.1s/30m0s  3000.00 iters/s

running (05m28.1s), 0019/2048 VUs, 984089 complete and 0 interrupted iterations
cap_mixed   [  18% ] 0019/2048 VUs  05m28.1s/30m0s  3000.00 iters/s

running (05m29.1s), 0018/2048 VUs, 987090 complete and 0 interrupted iterations
cap_mixed   [  18% ] 0018/2048 VUs  05m29.1s/30m0s  3000.00 iters/s

running (05m30.1s), 0036/2048 VUs, 990072 complete and 0 interrupted iterations
cap_mixed   [  18% ] 0036/2048 VUs  05m30.1s/30m0s  3000.00 iters/s

running (05m31.1s), 0016/2048 VUs, 993092 complete and 0 interrupted iterations
cap_mixed   [  18% ] 0016/2048 VUs  05m31.1s/30m0s  3000.00 iters/s

running (05m32.1s), 0024/2048 VUs, 996084 complete and 0 interrupted iterations
cap_mixed   [  18% ] 0024/2048 VUs  05m32.1s/30m0s  3000.00 iters/s

running (05m33.1s), 0023/2048 VUs, 999086 complete and 0 interrupted iterations
cap_mixed   [  19% ] 0023/2048 VUs  05m33.1s/30m0s  3000.00 iters/s

running (05m34.1s), 0020/2048 VUs, 1002088 complete and 0 interrupted iterations
cap_mixed   [  19% ] 0020/2048 VUs  05m34.1s/30m0s  3000.00 iters/s

running (05m35.1s), 0067/2048 VUs, 1005041 complete and 0 interrupted iterations
cap_mixed   [  19% ] 0067/2048 VUs  05m35.1s/30m0s  3000.00 iters/s

running (05m36.1s), 0020/2048 VUs, 1008088 complete and 0 interrupted iterations
cap_mixed   [  19% ] 0020/2048 VUs  05m36.1s/30m0s  3000.00 iters/s

running (05m37.1s), 0021/2048 VUs, 1011087 complete and 0 interrupted iterations
cap_mixed   [  19% ] 0021/2048 VUs  05m37.1s/30m0s  3000.00 iters/s

running (05m38.1s), 0015/2048 VUs, 1014093 complete and 0 interrupted iterations
cap_mixed   [  19% ] 0015/2048 VUs  05m38.1s/30m0s  3000.00 iters/s

running (05m39.1s), 0021/2048 VUs, 1017087 complete and 0 interrupted iterations
cap_mixed   [  19% ] 0021/2048 VUs  05m39.1s/30m0s  3000.00 iters/s

running (05m40.1s), 0024/2048 VUs, 1020084 complete and 0 interrupted iterations
cap_mixed   [  19% ] 0024/2048 VUs  05m40.1s/30m0s  3000.00 iters/s

running (05m41.1s), 0020/2048 VUs, 1023088 complete and 0 interrupted iterations
cap_mixed   [  19% ] 0020/2048 VUs  05m41.1s/30m0s  3000.00 iters/s

running (05m42.1s), 0030/2048 VUs, 1026078 complete and 0 interrupted iterations
cap_mixed   [  19% ] 0030/2048 VUs  05m42.1s/30m0s  3000.00 iters/s

running (05m43.1s), 0043/2048 VUs, 1029065 complete and 0 interrupted iterations
cap_mixed   [  19% ] 0043/2048 VUs  05m43.1s/30m0s  3000.00 iters/s

running (05m44.1s), 0025/2048 VUs, 1032083 complete and 0 interrupted iterations
cap_mixed   [  19% ] 0025/2048 VUs  05m44.1s/30m0s  3000.00 iters/s

running (05m45.1s), 0022/2048 VUs, 1035087 complete and 0 interrupted iterations
cap_mixed   [  19% ] 0022/2048 VUs  05m45.1s/30m0s  3000.00 iters/s

running (05m46.1s), 0015/2048 VUs, 1038093 complete and 0 interrupted iterations
cap_mixed   [  19% ] 0015/2048 VUs  05m46.1s/30m0s  3000.00 iters/s

running (05m47.1s), 0022/2048 VUs, 1041086 complete and 0 interrupted iterations
cap_mixed   [  19% ] 0022/2048 VUs  05m47.1s/30m0s  3000.00 iters/s

running (05m48.1s), 0015/2048 VUs, 1044093 complete and 0 interrupted iterations
cap_mixed   [  19% ] 0015/2048 VUs  05m48.1s/30m0s  3000.00 iters/s

running (05m49.1s), 0019/2048 VUs, 1047089 complete and 0 interrupted iterations
cap_mixed   [  19% ] 0019/2048 VUs  05m49.1s/30m0s  3000.00 iters/s

running (05m50.1s), 0025/2048 VUs, 1050083 complete and 0 interrupted iterations
cap_mixed   [  19% ] 0026/2048 VUs  05m50.1s/30m0s  3000.00 iters/s

running (05m51.1s), 0024/2048 VUs, 1053084 complete and 0 interrupted iterations
cap_mixed   [  20% ] 0024/2048 VUs  05m51.1s/30m0s  3000.00 iters/s

running (05m52.1s), 0015/2048 VUs, 1056094 complete and 0 interrupted iterations
cap_mixed   [  20% ] 0015/2048 VUs  05m52.1s/30m0s  3000.00 iters/s

running (05m53.1s), 0024/2048 VUs, 1059085 complete and 0 interrupted iterations
cap_mixed   [  20% ] 0024/2048 VUs  05m53.1s/30m0s  3000.00 iters/s

running (05m54.1s), 0018/2048 VUs, 1062090 complete and 0 interrupted iterations
cap_mixed   [  20% ] 0018/2048 VUs  05m54.1s/30m0s  3000.00 iters/s

running (05m55.1s), 0023/2048 VUs, 1065086 complete and 0 interrupted iterations
cap_mixed   [  20% ] 0023/2048 VUs  05m55.1s/30m0s  3000.00 iters/s

running (05m56.1s), 0019/2048 VUs, 1068089 complete and 0 interrupted iterations
cap_mixed   [  20% ] 0019/2048 VUs  05m56.1s/30m0s  3000.00 iters/s

running (05m57.1s), 0024/2048 VUs, 1071084 complete and 0 interrupted iterations
cap_mixed   [  20% ] 0024/2048 VUs  05m57.1s/30m0s  3000.00 iters/s

running (05m58.1s), 0013/2048 VUs, 1074095 complete and 0 interrupted iterations
cap_mixed   [  20% ] 0013/2048 VUs  05m58.1s/30m0s  3000.00 iters/s

running (05m59.1s), 0017/2048 VUs, 1077091 complete and 0 interrupted iterations
cap_mixed   [  20% ] 0017/2048 VUs  05m59.1s/30m0s  3000.00 iters/s

running (06m00.1s), 0019/2048 VUs, 1080089 complete and 0 interrupted iterations
cap_mixed   [  20% ] 0019/2048 VUs  06m00.1s/30m0s  3000.00 iters/s

running (06m01.1s), 0030/2048 VUs, 1083078 complete and 0 interrupted iterations
cap_mixed   [  20% ] 0030/2048 VUs  06m01.1s/30m0s  3000.00 iters/s

running (06m02.1s), 0025/2048 VUs, 1086083 complete and 0 interrupted iterations
cap_mixed   [  20% ] 0025/2048 VUs  06m02.1s/30m0s  3000.00 iters/s

running (06m03.1s), 0017/2048 VUs, 1089091 complete and 0 interrupted iterations
cap_mixed   [  20% ] 0017/2048 VUs  06m03.1s/30m0s  3000.00 iters/s

running (06m04.1s), 0013/2048 VUs, 1092096 complete and 0 interrupted iterations
cap_mixed   [  20% ] 0013/2048 VUs  06m04.1s/30m0s  3000.00 iters/s

running (06m05.1s), 0018/2048 VUs, 1095090 complete and 0 interrupted iterations
cap_mixed   [  20% ] 0018/2048 VUs  06m05.1s/30m0s  3000.00 iters/s

running (06m06.1s), 0043/2048 VUs, 1098065 complete and 0 interrupted iterations
cap_mixed   [  20% ] 0043/2048 VUs  06m06.1s/30m0s  3000.00 iters/s

running (06m07.1s), 0013/2048 VUs, 1101095 complete and 0 interrupted iterations
cap_mixed   [  20% ] 0013/2048 VUs  06m07.1s/30m0s  3000.00 iters/s

running (06m08.1s), 0020/2048 VUs, 1104089 complete and 0 interrupted iterations
cap_mixed   [  20% ] 0020/2048 VUs  06m08.1s/30m0s  3000.00 iters/s

running (06m09.1s), 0015/2048 VUs, 1107093 complete and 0 interrupted iterations
cap_mixed   [  21% ] 0015/2048 VUs  06m09.1s/30m0s  3000.00 iters/s

running (06m10.1s), 0019/2048 VUs, 1110090 complete and 0 interrupted iterations
cap_mixed   [  21% ] 0019/2048 VUs  06m10.1s/30m0s  3000.00 iters/s

running (06m11.1s), 0018/2048 VUs, 1113091 complete and 0 interrupted iterations
cap_mixed   [  21% ] 0018/2048 VUs  06m11.1s/30m0s  3000.00 iters/s

running (06m12.1s), 0017/2048 VUs, 1116091 complete and 0 interrupted iterations
cap_mixed   [  21% ] 0018/2048 VUs  06m12.1s/30m0s  3000.00 iters/s

running (06m13.1s), 0025/2048 VUs, 1119084 complete and 0 interrupted iterations
cap_mixed   [  21% ] 0025/2048 VUs  06m13.1s/30m0s  3000.00 iters/s

running (06m14.1s), 0035/2048 VUs, 1122074 complete and 0 interrupted iterations
cap_mixed   [  21% ] 0035/2048 VUs  06m14.1s/30m0s  3000.00 iters/s

running (06m15.1s), 0020/2048 VUs, 1125089 complete and 0 interrupted iterations
cap_mixed   [  21% ] 0020/2048 VUs  06m15.1s/30m0s  3000.00 iters/s

running (06m16.1s), 0017/2048 VUs, 1128091 complete and 0 interrupted iterations
cap_mixed   [  21% ] 0017/2048 VUs  06m16.1s/30m0s  3000.00 iters/s

running (06m17.1s), 0020/2048 VUs, 1131089 complete and 0 interrupted iterations
cap_mixed   [  21% ] 0020/2048 VUs  06m17.1s/30m0s  3000.00 iters/s

running (06m18.1s), 0047/2048 VUs, 1134062 complete and 0 interrupted iterations
cap_mixed   [  21% ] 0047/2048 VUs  06m18.1s/30m0s  3000.00 iters/s

running (06m19.1s), 0021/2048 VUs, 1137088 complete and 0 interrupted iterations
cap_mixed   [  21% ] 0021/2048 VUs  06m19.1s/30m0s  3000.00 iters/s

running (06m20.1s), 0021/2048 VUs, 1140088 complete and 0 interrupted iterations
cap_mixed   [  21% ] 0021/2048 VUs  06m20.1s/30m0s  3000.00 iters/s

running (06m21.1s), 0020/2048 VUs, 1143088 complete and 0 interrupted iterations
cap_mixed   [  21% ] 0020/2048 VUs  06m21.1s/30m0s  3000.00 iters/s

running (06m22.1s), 0018/2048 VUs, 1146090 complete and 0 interrupted iterations
cap_mixed   [  21% ] 0018/2048 VUs  06m22.1s/30m0s  3000.00 iters/s

running (06m23.1s), 0022/2048 VUs, 1149086 complete and 0 interrupted iterations
cap_mixed   [  21% ] 0022/2048 VUs  06m23.1s/30m0s  3000.00 iters/s

running (06m24.1s), 0021/2048 VUs, 1152087 complete and 0 interrupted iterations
cap_mixed   [  21% ] 0021/2048 VUs  06m24.1s/30m0s  3000.00 iters/s

running (06m25.1s), 0014/2048 VUs, 1155094 complete and 0 interrupted iterations
cap_mixed   [  21% ] 0014/2048 VUs  06m25.1s/30m0s  3000.00 iters/s

running (06m26.1s), 0018/2048 VUs, 1158091 complete and 0 interrupted iterations
cap_mixed   [  21% ] 0018/2048 VUs  06m26.1s/30m0s  3000.00 iters/s

running (06m27.1s), 0013/2048 VUs, 1161095 complete and 0 interrupted iterations
cap_mixed   [  22% ] 0013/2048 VUs  06m27.1s/30m0s  3000.00 iters/s

running (06m28.1s), 0016/2048 VUs, 1164092 complete and 0 interrupted iterations
cap_mixed   [  22% ] 0016/2048 VUs  06m28.1s/30m0s  3000.00 iters/s

running (06m29.1s), 0018/2048 VUs, 1167091 complete and 0 interrupted iterations
cap_mixed   [  22% ] 0018/2048 VUs  06m29.1s/30m0s  3000.00 iters/s

running (06m30.1s), 0025/2048 VUs, 1170084 complete and 0 interrupted iterations
cap_mixed   [  22% ] 0025/2048 VUs  06m30.1s/30m0s  3000.00 iters/s

running (06m31.1s), 0029/2048 VUs, 1173079 complete and 0 interrupted iterations
cap_mixed   [  22% ] 0029/2048 VUs  06m31.1s/30m0s  3000.00 iters/s

running (06m32.1s), 0021/2048 VUs, 1176089 complete and 0 interrupted iterations
cap_mixed   [  22% ] 0021/2048 VUs  06m32.1s/30m0s  3000.00 iters/s

running (06m33.1s), 0018/2048 VUs, 1179090 complete and 0 interrupted iterations
cap_mixed   [  22% ] 0018/2048 VUs  06m33.1s/30m0s  3000.00 iters/s

running (06m34.1s), 0022/2048 VUs, 1182087 complete and 0 interrupted iterations
cap_mixed   [  22% ] 0022/2048 VUs  06m34.1s/30m0s  3000.00 iters/s

running (06m35.1s), 0021/2048 VUs, 1185087 complete and 0 interrupted iterations
cap_mixed   [  22% ] 0021/2048 VUs  06m35.1s/30m0s  3000.00 iters/s

running (06m36.1s), 0018/2048 VUs, 1188090 complete and 0 interrupted iterations
cap_mixed   [  22% ] 0018/2048 VUs  06m36.1s/30m0s  3000.00 iters/s

running (06m37.1s), 0019/2048 VUs, 1191090 complete and 0 interrupted iterations
cap_mixed   [  22% ] 0019/2048 VUs  06m37.1s/30m0s  3000.00 iters/s

running (06m38.1s), 0044/2048 VUs, 1194065 complete and 0 interrupted iterations
cap_mixed   [  22% ] 0044/2048 VUs  06m38.1s/30m0s  3000.00 iters/s

running (06m39.1s), 0014/2048 VUs, 1197094 complete and 0 interrupted iterations
cap_mixed   [  22% ] 0014/2048 VUs  06m39.1s/30m0s  3000.00 iters/s

running (06m40.1s), 0018/2048 VUs, 1200090 complete and 0 interrupted iterations
cap_mixed   [  22% ] 0018/2048 VUs  06m40.1s/30m0s  3000.00 iters/s

running (06m41.1s), 0013/2048 VUs, 1203096 complete and 0 interrupted iterations
cap_mixed   [  22% ] 0013/2048 VUs  06m41.1s/30m0s  3000.00 iters/s

running (06m42.1s), 0026/2048 VUs, 1206083 complete and 0 interrupted iterations
cap_mixed   [  22% ] 0026/2048 VUs  06m42.1s/30m0s  3000.00 iters/s

running (06m43.1s), 0017/2048 VUs, 1209092 complete and 0 interrupted iterations
cap_mixed   [  22% ] 0017/2048 VUs  06m43.1s/30m0s  3000.00 iters/s

running (06m44.1s), 0016/2048 VUs, 1212095 complete and 0 interrupted iterations
cap_mixed   [  22% ] 0016/2048 VUs  06m44.1s/30m0s  3000.00 iters/s

running (06m45.1s), 0032/2048 VUs, 1215076 complete and 0 interrupted iterations
cap_mixed   [  23% ] 0032/2048 VUs  06m45.1s/30m0s  3000.00 iters/s

running (06m46.1s), 0019/2048 VUs, 1218089 complete and 0 interrupted iterations
cap_mixed   [  23% ] 0019/2048 VUs  06m46.1s/30m0s  3000.00 iters/s

running (06m47.1s), 0021/2048 VUs, 1221088 complete and 0 interrupted iterations
cap_mixed   [  23% ] 0021/2048 VUs  06m47.1s/30m0s  3000.00 iters/s

running (06m48.1s), 0018/2048 VUs, 1224091 complete and 0 interrupted iterations
cap_mixed   [  23% ] 0018/2048 VUs  06m48.1s/30m0s  3000.00 iters/s

running (06m49.1s), 0021/2048 VUs, 1227087 complete and 0 interrupted iterations
cap_mixed   [  23% ] 0021/2048 VUs  06m49.1s/30m0s  3000.00 iters/s

running (06m50.1s), 0020/2048 VUs, 1230088 complete and 0 interrupted iterations
cap_mixed   [  23% ] 0019/2048 VUs  06m50.1s/30m0s  3000.00 iters/s

running (06m51.1s), 0022/2048 VUs, 1233086 complete and 0 interrupted iterations
cap_mixed   [  23% ] 0022/2048 VUs  06m51.1s/30m0s  3000.00 iters/s

running (06m52.1s), 0017/2048 VUs, 1236091 complete and 0 interrupted iterations
cap_mixed   [  23% ] 0017/2048 VUs  06m52.1s/30m0s  3000.00 iters/s

running (06m53.1s), 0023/2048 VUs, 1239086 complete and 0 interrupted iterations
cap_mixed   [  23% ] 0023/2048 VUs  06m53.1s/30m0s  3000.00 iters/s

running (06m54.1s), 0016/2048 VUs, 1242093 complete and 0 interrupted iterations
cap_mixed   [  23% ] 0016/2048 VUs  06m54.1s/30m0s  3000.00 iters/s

running (06m55.1s), 0018/2048 VUs, 1245090 complete and 0 interrupted iterations
cap_mixed   [  23% ] 0019/2048 VUs  06m55.1s/30m0s  3000.00 iters/s

running (06m56.1s), 0032/2048 VUs, 1248079 complete and 0 interrupted iterations
cap_mixed   [  23% ] 0032/2048 VUs  06m56.1s/30m0s  3000.00 iters/s

running (06m57.1s), 0026/2048 VUs, 1251082 complete and 0 interrupted iterations
cap_mixed   [  23% ] 0027/2048 VUs  06m57.1s/30m0s  3000.00 iters/s

running (06m58.1s), 0016/2048 VUs, 1254094 complete and 0 interrupted iterations
cap_mixed   [  23% ] 0016/2048 VUs  06m58.1s/30m0s  3000.00 iters/s

running (06m59.1s), 0019/2048 VUs, 1257089 complete and 0 interrupted iterations
cap_mixed   [  23% ] 0019/2048 VUs  06m59.1s/30m0s  3000.00 iters/s

running (07m00.1s), 0046/2048 VUs, 1260062 complete and 0 interrupted iterations
cap_mixed   [  23% ] 0046/2048 VUs  07m00.1s/30m0s  3000.00 iters/s

running (07m01.1s), 0021/2048 VUs, 1263088 complete and 0 interrupted iterations
cap_mixed   [  23% ] 0021/2048 VUs  07m01.1s/30m0s  3000.00 iters/s

running (07m02.1s), 0020/2048 VUs, 1266088 complete and 0 interrupted iterations
cap_mixed   [  23% ] 0020/2048 VUs  07m02.1s/30m0s  3000.00 iters/s

running (07m03.1s), 0023/2048 VUs, 1269087 complete and 0 interrupted iterations
cap_mixed   [  24% ] 0023/2048 VUs  07m03.1s/30m0s  3000.00 iters/s

running (07m04.1s), 0024/2048 VUs, 1272085 complete and 0 interrupted iterations
cap_mixed   [  24% ] 0024/2048 VUs  07m04.1s/30m0s  3000.00 iters/s

running (07m05.1s), 0021/2048 VUs, 1275088 complete and 0 interrupted iterations
cap_mixed   [  24% ] 0021/2048 VUs  07m05.1s/30m0s  3000.00 iters/s

running (07m06.1s), 0019/2048 VUs, 1278090 complete and 0 interrupted iterations
cap_mixed   [  24% ] 0019/2048 VUs  07m06.1s/30m0s  3000.00 iters/s

running (07m07.1s), 0032/2048 VUs, 1281077 complete and 0 interrupted iterations
cap_mixed   [  24% ] 0032/2048 VUs  07m07.1s/30m0s  3000.00 iters/s

running (07m08.1s), 0020/2048 VUs, 1284089 complete and 0 interrupted iterations
cap_mixed   [  24% ] 0020/2048 VUs  07m08.1s/30m0s  3000.00 iters/s

running (07m09.1s), 0017/2048 VUs, 1287091 complete and 0 interrupted iterations
cap_mixed   [  24% ] 0017/2048 VUs  07m09.1s/30m0s  3000.00 iters/s

running (07m10.1s), 0025/2048 VUs, 1290084 complete and 0 interrupted iterations
cap_mixed   [  24% ] 0025/2048 VUs  07m10.1s/30m0s  3000.00 iters/s

running (07m11.1s), 0017/2048 VUs, 1293092 complete and 0 interrupted iterations
cap_mixed   [  24% ] 0017/2048 VUs  07m11.1s/30m0s  3000.00 iters/s

running (07m12.1s), 0022/2048 VUs, 1296087 complete and 0 interrupted iterations
cap_mixed   [  24% ] 0022/2048 VUs  07m12.1s/30m0s  3000.00 iters/s

running (07m13.1s), 0021/2048 VUs, 1299088 complete and 0 interrupted iterations
cap_mixed   [  24% ] 0021/2048 VUs  07m13.1s/30m0s  3000.00 iters/s

running (07m14.1s), 0026/2048 VUs, 1302083 complete and 0 interrupted iterations
cap_mixed   [  24% ] 0026/2048 VUs  07m14.1s/30m0s  3000.00 iters/s

running (07m15.1s), 0034/2048 VUs, 1305075 complete and 0 interrupted iterations
cap_mixed   [  24% ] 0034/2048 VUs  07m15.1s/30m0s  3000.00 iters/s

running (07m16.1s), 0016/2048 VUs, 1308093 complete and 0 interrupted iterations
cap_mixed   [  24% ] 0016/2048 VUs  07m16.1s/30m0s  3000.00 iters/s

running (07m17.1s), 0024/2048 VUs, 1311085 complete and 0 interrupted iterations
cap_mixed   [  24% ] 0024/2048 VUs  07m17.1s/30m0s  3000.00 iters/s

running (07m18.1s), 0012/2048 VUs, 1314097 complete and 0 interrupted iterations
cap_mixed   [  24% ] 0012/2048 VUs  07m18.1s/30m0s  3000.00 iters/s

running (07m19.1s), 0029/2048 VUs, 1317080 complete and 0 interrupted iterations
cap_mixed   [  24% ] 0029/2048 VUs  07m19.1s/30m0s  3000.00 iters/s

running (07m20.1s), 0043/2048 VUs, 1320066 complete and 0 interrupted iterations
cap_mixed   [  24% ] 0043/2048 VUs  07m20.1s/30m0s  3000.00 iters/s

running (07m21.1s), 0022/2048 VUs, 1323087 complete and 0 interrupted iterations
cap_mixed   [  25% ] 0022/2048 VUs  07m21.1s/30m0s  3000.00 iters/s

running (07m22.1s), 0023/2048 VUs, 1326086 complete and 0 interrupted iterations
cap_mixed   [  25% ] 0023/2048 VUs  07m22.1s/30m0s  3000.00 iters/s

running (07m23.1s), 0030/2048 VUs, 1329079 complete and 0 interrupted iterations
cap_mixed   [  25% ] 0030/2048 VUs  07m23.1s/30m0s  3000.00 iters/s

running (07m24.1s), 0013/2048 VUs, 1332096 complete and 0 interrupted iterations
cap_mixed   [  25% ] 0013/2048 VUs  07m24.1s/30m0s  3000.00 iters/s

running (07m25.1s), 0019/2048 VUs, 1335090 complete and 0 interrupted iterations
cap_mixed   [  25% ] 0019/2048 VUs  07m25.1s/30m0s  3000.00 iters/s

running (07m26.1s), 0018/2048 VUs, 1338091 complete and 0 interrupted iterations
cap_mixed   [  25% ] 0018/2048 VUs  07m26.1s/30m0s  3000.00 iters/s

running (07m27.1s), 0024/2048 VUs, 1341085 complete and 0 interrupted iterations
cap_mixed   [  25% ] 0024/2048 VUs  07m27.1s/30m0s  3000.00 iters/s

running (07m28.1s), 0027/2048 VUs, 1344082 complete and 0 interrupted iterations
cap_mixed   [  25% ] 0027/2048 VUs  07m28.1s/30m0s  3000.00 iters/s

running (07m29.1s), 0021/2048 VUs, 1347088 complete and 0 interrupted iterations
cap_mixed   [  25% ] 0021/2048 VUs  07m29.1s/30m0s  3000.00 iters/s

running (07m30.1s), 0030/2048 VUs, 1350078 complete and 0 interrupted iterations
cap_mixed   [  25% ] 0030/2048 VUs  07m30.1s/30m0s  3000.00 iters/s

running (07m31.1s), 0025/2048 VUs, 1353083 complete and 0 interrupted iterations
cap_mixed   [  25% ] 0025/2048 VUs  07m31.1s/30m0s  3000.00 iters/s

running (07m32.1s), 0015/2048 VUs, 1356093 complete and 0 interrupted iterations
cap_mixed   [  25% ] 0016/2048 VUs  07m32.1s/30m0s  3000.00 iters/s

running (07m33.1s), 0019/2048 VUs, 1359090 complete and 0 interrupted iterations
cap_mixed   [  25% ] 0019/2048 VUs  07m33.1s/30m0s  3000.00 iters/s

running (07m34.1s), 0020/2048 VUs, 1362089 complete and 0 interrupted iterations
cap_mixed   [  25% ] 0020/2048 VUs  07m34.1s/30m0s  3000.00 iters/s

running (07m35.1s), 0016/2048 VUs, 1365093 complete and 0 interrupted iterations
cap_mixed   [  25% ] 0016/2048 VUs  07m35.1s/30m0s  3000.00 iters/s

running (07m36.1s), 0011/2048 VUs, 1368098 complete and 0 interrupted iterations
cap_mixed   [  25% ] 0011/2048 VUs  07m36.1s/30m0s  3000.00 iters/s

running (07m37.1s), 0029/2048 VUs, 1371080 complete and 0 interrupted iterations
cap_mixed   [  25% ] 0029/2048 VUs  07m37.1s/30m0s  3000.00 iters/s

running (07m38.1s), 0028/2048 VUs, 1374080 complete and 0 interrupted iterations
cap_mixed   [  25% ] 0028/2048 VUs  07m38.1s/30m0s  3000.00 iters/s

running (07m39.1s), 0022/2048 VUs, 1377087 complete and 0 interrupted iterations
cap_mixed   [  26% ] 0022/2048 VUs  07m39.1s/30m0s  3000.00 iters/s

running (07m40.1s), 0028/2048 VUs, 1380081 complete and 0 interrupted iterations
cap_mixed   [  26% ] 0028/2048 VUs  07m40.1s/30m0s  3000.00 iters/s

running (07m41.1s), 0022/2048 VUs, 1383087 complete and 0 interrupted iterations
cap_mixed   [  26% ] 0022/2048 VUs  07m41.1s/30m0s  3000.00 iters/s

running (07m42.1s), 0017/2048 VUs, 1386092 complete and 0 interrupted iterations
cap_mixed   [  26% ] 0017/2048 VUs  07m42.1s/30m0s  3000.00 iters/s

running (07m43.1s), 0023/2048 VUs, 1389087 complete and 0 interrupted iterations
cap_mixed   [  26% ] 0023/2048 VUs  07m43.1s/30m0s  3000.00 iters/s

running (07m44.1s), 0018/2048 VUs, 1392091 complete and 0 interrupted iterations
cap_mixed   [  26% ] 0018/2048 VUs  07m44.1s/30m0s  3000.00 iters/s

running (07m45.1s), 0019/2048 VUs, 1395090 complete and 0 interrupted iterations
cap_mixed   [  26% ] 0019/2048 VUs  07m45.1s/30m0s  3000.00 iters/s

running (07m46.1s), 0026/2048 VUs, 1398083 complete and 0 interrupted iterations
cap_mixed   [  26% ] 0026/2048 VUs  07m46.1s/30m0s  3000.00 iters/s

running (07m47.1s), 0016/2048 VUs, 1401093 complete and 0 interrupted iterations
cap_mixed   [  26% ] 0016/2048 VUs  07m47.1s/30m0s  3000.00 iters/s

running (07m48.1s), 0025/2048 VUs, 1404085 complete and 0 interrupted iterations
cap_mixed   [  26% ] 0025/2048 VUs  07m48.1s/30m0s  3000.00 iters/s

running (07m49.1s), 0021/2048 VUs, 1407088 complete and 0 interrupted iterations
cap_mixed   [  26% ] 0021/2048 VUs  07m49.1s/30m0s  3000.00 iters/s

running (07m50.1s), 0040/2048 VUs, 1410069 complete and 0 interrupted iterations
cap_mixed   [  26% ] 0040/2048 VUs  07m50.1s/30m0s  3000.00 iters/s

running (07m51.1s), 0024/2048 VUs, 1413085 complete and 0 interrupted iterations
cap_mixed   [  26% ] 0024/2048 VUs  07m51.1s/30m0s  3000.00 iters/s

running (07m52.1s), 0022/2048 VUs, 1416087 complete and 0 interrupted iterations
cap_mixed   [  26% ] 0022/2048 VUs  07m52.1s/30m0s  3000.00 iters/s

running (07m53.1s), 0025/2048 VUs, 1419084 complete and 0 interrupted iterations
cap_mixed   [  26% ] 0025/2048 VUs  07m53.1s/30m0s  3000.00 iters/s

running (07m54.1s), 0012/2048 VUs, 1422097 complete and 0 interrupted iterations
cap_mixed   [  26% ] 0012/2048 VUs  07m54.1s/30m0s  3000.00 iters/s

running (07m55.1s), 0020/2048 VUs, 1425089 complete and 0 interrupted iterations
cap_mixed   [  26% ] 0020/2048 VUs  07m55.1s/30m0s  3000.00 iters/s

running (07m56.1s), 0019/2048 VUs, 1428090 complete and 0 interrupted iterations
cap_mixed   [  26% ] 0019/2048 VUs  07m56.1s/30m0s  3000.00 iters/s

running (07m57.1s), 0235/2048 VUs, 1430875 complete and 0 interrupted iterations
cap_mixed   [  27% ] 0235/2048 VUs  07m57.1s/30m0s  3000.00 iters/s

running (07m58.1s), 0013/2048 VUs, 1434097 complete and 0 interrupted iterations
cap_mixed   [  27% ] 0013/2048 VUs  07m58.1s/30m0s  3000.00 iters/s

running (07m59.1s), 0025/2048 VUs, 1437084 complete and 0 interrupted iterations
cap_mixed   [  27% ] 0025/2048 VUs  07m59.1s/30m0s  3000.00 iters/s

running (08m00.1s), 0027/2048 VUs, 1440082 complete and 0 interrupted iterations
cap_mixed   [  27% ] 0027/2048 VUs  08m00.1s/30m0s  3000.00 iters/s

running (08m01.1s), 0018/2048 VUs, 1443091 complete and 0 interrupted iterations
cap_mixed   [  27% ] 0018/2048 VUs  08m01.1s/30m0s  3000.00 iters/s

running (08m02.1s), 0026/2048 VUs, 1446082 complete and 0 interrupted iterations
cap_mixed   [  27% ] 0027/2048 VUs  08m02.1s/30m0s  3000.00 iters/s

running (08m03.1s), 0015/2048 VUs, 1449094 complete and 0 interrupted iterations
cap_mixed   [  27% ] 0015/2048 VUs  08m03.1s/30m0s  3000.00 iters/s

running (08m04.1s), 0030/2048 VUs, 1452079 complete and 0 interrupted iterations
cap_mixed   [  27% ] 0030/2048 VUs  08m04.1s/30m0s  3000.00 iters/s

running (08m05.1s), 0019/2048 VUs, 1455090 complete and 0 interrupted iterations
cap_mixed   [  27% ] 0019/2048 VUs  08m05.1s/30m0s  3000.00 iters/s

running (08m06.1s), 0019/2048 VUs, 1458090 complete and 0 interrupted iterations
cap_mixed   [  27% ] 0019/2048 VUs  08m06.1s/30m0s  3000.00 iters/s

running (08m07.1s), 0029/2048 VUs, 1461080 complete and 0 interrupted iterations
cap_mixed   [  27% ] 0029/2048 VUs  08m07.1s/30m0s  3000.00 iters/s

running (08m08.1s), 0018/2048 VUs, 1464090 complete and 0 interrupted iterations
cap_mixed   [  27% ] 0018/2048 VUs  08m08.1s/30m0s  3000.00 iters/s

running (08m09.1s), 0009/2048 VUs, 1467100 complete and 0 interrupted iterations
cap_mixed   [  27% ] 0009/2048 VUs  08m09.1s/30m0s  3000.00 iters/s

running (08m10.1s), 0019/2048 VUs, 1470090 complete and 0 interrupted iterations
cap_mixed   [  27% ] 0019/2048 VUs  08m10.1s/30m0s  3000.00 iters/s

running (08m11.1s), 0023/2048 VUs, 1473087 complete and 0 interrupted iterations
cap_mixed   [  27% ] 0023/2048 VUs  08m11.1s/30m0s  3000.00 iters/s

running (08m12.1s), 0019/2048 VUs, 1476089 complete and 0 interrupted iterations
cap_mixed   [  27% ] 0019/2048 VUs  08m12.1s/30m0s  3000.00 iters/s

running (08m13.1s), 0019/2048 VUs, 1479090 complete and 0 interrupted iterations
cap_mixed   [  27% ] 0019/2048 VUs  08m13.1s/30m0s  3000.00 iters/s

running (08m14.1s), 0018/2048 VUs, 1482091 complete and 0 interrupted iterations
cap_mixed   [  27% ] 0018/2048 VUs  08m14.1s/30m0s  3000.00 iters/s

running (08m15.1s), 0021/2048 VUs, 1485088 complete and 0 interrupted iterations
cap_mixed   [  28% ] 0021/2048 VUs  08m15.1s/30m0s  3000.00 iters/s

running (08m16.1s), 0021/2048 VUs, 1488088 complete and 0 interrupted iterations
cap_mixed   [  28% ] 0021/2048 VUs  08m16.1s/30m0s  3000.00 iters/s

running (08m17.1s), 0022/2048 VUs, 1491086 complete and 0 interrupted iterations
cap_mixed   [  28% ] 0022/2048 VUs  08m17.1s/30m0s  3000.00 iters/s

running (08m18.1s), 0020/2048 VUs, 1494089 complete and 0 interrupted iterations
cap_mixed   [  28% ] 0020/2048 VUs  08m18.1s/30m0s  3000.00 iters/s

running (08m19.1s), 0020/2048 VUs, 1497089 complete and 0 interrupted iterations
cap_mixed   [  28% ] 0020/2048 VUs  08m19.1s/30m0s  3000.00 iters/s

running (08m20.1s), 0017/2048 VUs, 1500092 complete and 0 interrupted iterations
cap_mixed   [  28% ] 0017/2048 VUs  08m20.1s/30m0s  3000.00 iters/s

running (08m21.1s), 0023/2048 VUs, 1503087 complete and 0 interrupted iterations
cap_mixed   [  28% ] 0023/2048 VUs  08m21.1s/30m0s  3000.00 iters/s

running (08m22.1s), 0015/2048 VUs, 1506094 complete and 0 interrupted iterations
cap_mixed   [  28% ] 0015/2048 VUs  08m22.1s/30m0s  3000.00 iters/s

running (08m23.1s), 0026/2048 VUs, 1509083 complete and 0 interrupted iterations
cap_mixed   [  28% ] 0026/2048 VUs  08m23.1s/30m0s  3000.00 iters/s

running (08m24.1s), 0024/2048 VUs, 1512085 complete and 0 interrupted iterations
cap_mixed   [  28% ] 0024/2048 VUs  08m24.1s/30m0s  3000.00 iters/s

running (08m25.1s), 0098/2048 VUs, 1515009 complete and 0 interrupted iterations
cap_mixed   [  28% ] 0098/2048 VUs  08m25.1s/30m0s  3000.00 iters/s

running (08m26.1s), 0038/2048 VUs, 1518071 complete and 0 interrupted iterations
cap_mixed   [  28% ] 0038/2048 VUs  08m26.1s/30m0s  3000.00 iters/s

running (08m27.1s), 0026/2048 VUs, 1521083 complete and 0 interrupted iterations
cap_mixed   [  28% ] 0026/2048 VUs  08m27.1s/30m0s  3000.00 iters/s

running (08m28.1s), 0025/2048 VUs, 1524084 complete and 0 interrupted iterations
cap_mixed   [  28% ] 0025/2048 VUs  08m28.1s/30m0s  3000.00 iters/s

running (08m29.1s), 0019/2048 VUs, 1527089 complete and 0 interrupted iterations
cap_mixed   [  28% ] 0019/2048 VUs  08m29.1s/30m0s  3000.00 iters/s

running (08m30.1s), 0016/2048 VUs, 1530093 complete and 0 interrupted iterations
cap_mixed   [  28% ] 0016/2048 VUs  08m30.1s/30m0s  3000.00 iters/s

running (08m31.1s), 0033/2048 VUs, 1533076 complete and 0 interrupted iterations
cap_mixed   [  28% ] 0033/2048 VUs  08m31.1s/30m0s  3000.00 iters/s

running (08m32.1s), 0012/2048 VUs, 1536098 complete and 0 interrupted iterations
cap_mixed   [  28% ] 0012/2048 VUs  08m32.1s/30m0s  3000.00 iters/s

running (08m33.1s), 0018/2048 VUs, 1539091 complete and 0 interrupted iterations
cap_mixed   [  29% ] 0018/2048 VUs  08m33.1s/30m0s  3000.00 iters/s

running (08m34.1s), 0018/2048 VUs, 1542091 complete and 0 interrupted iterations
cap_mixed   [  29% ] 0018/2048 VUs  08m34.1s/30m0s  3000.00 iters/s

running (08m35.1s), 0024/2048 VUs, 1545085 complete and 0 interrupted iterations
cap_mixed   [  29% ] 0024/2048 VUs  08m35.1s/30m0s  3000.00 iters/s

running (08m36.1s), 0016/2048 VUs, 1548093 complete and 0 interrupted iterations
cap_mixed   [  29% ] 0016/2048 VUs  08m36.1s/30m0s  3000.00 iters/s

running (08m37.1s), 0040/2048 VUs, 1551068 complete and 0 interrupted iterations
cap_mixed   [  29% ] 0040/2048 VUs  08m37.1s/30m0s  3000.00 iters/s

running (08m38.1s), 0017/2048 VUs, 1554092 complete and 0 interrupted iterations
cap_mixed   [  29% ] 0016/2048 VUs  08m38.1s/30m0s  3000.00 iters/s

running (08m39.1s), 0012/2048 VUs, 1557097 complete and 0 interrupted iterations
cap_mixed   [  29% ] 0012/2048 VUs  08m39.1s/30m0s  3000.00 iters/s

running (08m40.1s), 0029/2048 VUs, 1560080 complete and 0 interrupted iterations
cap_mixed   [  29% ] 0029/2048 VUs  08m40.1s/30m0s  3000.00 iters/s

running (08m41.1s), 0060/2048 VUs, 1563049 complete and 0 interrupted iterations
cap_mixed   [  29% ] 0060/2048 VUs  08m41.1s/30m0s  3000.00 iters/s

running (08m42.1s), 0017/2048 VUs, 1566092 complete and 0 interrupted iterations
cap_mixed   [  29% ] 0017/2048 VUs  08m42.1s/30m0s  3000.00 iters/s

running (08m43.1s), 0019/2048 VUs, 1569090 complete and 0 interrupted iterations
cap_mixed   [  29% ] 0019/2048 VUs  08m43.1s/30m0s  3000.00 iters/s

running (08m44.1s), 0025/2048 VUs, 1572084 complete and 0 interrupted iterations
cap_mixed   [  29% ] 0025/2048 VUs  08m44.1s/30m0s  3000.00 iters/s

running (08m45.1s), 0037/2048 VUs, 1575072 complete and 0 interrupted iterations
cap_mixed   [  29% ] 0037/2048 VUs  08m45.1s/30m0s  3000.00 iters/s

running (08m46.1s), 0020/2048 VUs, 1578089 complete and 0 interrupted iterations
cap_mixed   [  29% ] 0020/2048 VUs  08m46.1s/30m0s  3000.00 iters/s

running (08m47.1s), 0026/2048 VUs, 1581083 complete and 0 interrupted iterations
cap_mixed   [  29% ] 0026/2048 VUs  08m47.1s/30m0s  3000.00 iters/s

running (08m48.1s), 0056/2048 VUs, 1584053 complete and 0 interrupted iterations
cap_mixed   [  29% ] 0056/2048 VUs  08m48.1s/30m0s  3000.00 iters/s

running (08m49.1s), 0031/2048 VUs, 1587078 complete and 0 interrupted iterations
cap_mixed   [  29% ] 0031/2048 VUs  08m49.1s/30m0s  3000.00 iters/s

running (08m50.1s), 0025/2048 VUs, 1590086 complete and 0 interrupted iterations
cap_mixed   [  29% ] 0025/2048 VUs  08m50.1s/30m0s  3000.00 iters/s

running (08m51.1s), 0069/2048 VUs, 1593040 complete and 0 interrupted iterations
cap_mixed   [  30% ] 0069/2048 VUs  08m51.1s/30m0s  3000.00 iters/s

running (08m52.1s), 0013/2048 VUs, 1596096 complete and 0 interrupted iterations
cap_mixed   [  30% ] 0013/2048 VUs  08m52.1s/30m0s  3000.00 iters/s

running (08m53.1s), 0027/2048 VUs, 1599082 complete and 0 interrupted iterations
cap_mixed   [  30% ] 0027/2048 VUs  08m53.1s/30m0s  3000.00 iters/s

running (08m54.1s), 0013/2048 VUs, 1602096 complete and 0 interrupted iterations
cap_mixed   [  30% ] 0013/2048 VUs  08m54.1s/30m0s  3000.00 iters/s

running (08m55.1s), 0018/2048 VUs, 1605091 complete and 0 interrupted iterations
cap_mixed   [  30% ] 0018/2048 VUs  08m55.1s/30m0s  3000.00 iters/s

running (08m56.1s), 0016/2048 VUs, 1608093 complete and 0 interrupted iterations
cap_mixed   [  30% ] 0016/2048 VUs  08m56.1s/30m0s  3000.00 iters/s

running (08m57.1s), 0028/2048 VUs, 1611081 complete and 0 interrupted iterations
cap_mixed   [  30% ] 0028/2048 VUs  08m57.1s/30m0s  3000.00 iters/s

running (08m58.1s), 0020/2048 VUs, 1614090 complete and 0 interrupted iterations
cap_mixed   [  30% ] 0020/2048 VUs  08m58.1s/30m0s  3000.00 iters/s

running (08m59.1s), 0013/2048 VUs, 1617097 complete and 0 interrupted iterations
cap_mixed   [  30% ] 0013/2048 VUs  08m59.1s/30m0s  3000.00 iters/s

running (09m00.1s), 0012/2048 VUs, 1620097 complete and 0 interrupted iterations
cap_mixed   [  30% ] 0012/2048 VUs  09m00.1s/30m0s  3000.00 iters/s

running (09m01.1s), 0024/2048 VUs, 1623085 complete and 0 interrupted iterations
cap_mixed   [  30% ] 0024/2048 VUs  09m01.1s/30m0s  3000.00 iters/s

running (09m02.1s), 0016/2048 VUs, 1626093 complete and 0 interrupted iterations
cap_mixed   [  30% ] 0016/2048 VUs  09m02.1s/30m0s  3000.00 iters/s

running (09m03.1s), 0021/2048 VUs, 1629088 complete and 0 interrupted iterations
cap_mixed   [  30% ] 0021/2048 VUs  09m03.1s/30m0s  3000.00 iters/s

running (09m04.1s), 0024/2048 VUs, 1632085 complete and 0 interrupted iterations
cap_mixed   [  30% ] 0024/2048 VUs  09m04.1s/30m0s  3000.00 iters/s

running (09m05.1s), 0014/2048 VUs, 1635095 complete and 0 interrupted iterations
cap_mixed   [  30% ] 0014/2048 VUs  09m05.1s/30m0s  3000.00 iters/s

running (09m06.1s), 0012/2048 VUs, 1638098 complete and 0 interrupted iterations
cap_mixed   [  30% ] 0013/2048 VUs  09m06.1s/30m0s  3000.00 iters/s

running (09m07.1s), 0012/2048 VUs, 1641097 complete and 0 interrupted iterations
cap_mixed   [  30% ] 0012/2048 VUs  09m07.1s/30m0s  3000.00 iters/s

running (09m08.1s), 0022/2048 VUs, 1644087 complete and 0 interrupted iterations
cap_mixed   [  30% ] 0022/2048 VUs  09m08.1s/30m0s  3000.00 iters/s

running (09m09.1s), 0015/2048 VUs, 1647094 complete and 0 interrupted iterations
cap_mixed   [  31% ] 0015/2048 VUs  09m09.1s/30m0s  3000.00 iters/s

running (09m10.1s), 0025/2048 VUs, 1650084 complete and 0 interrupted iterations
cap_mixed   [  31% ] 0025/2048 VUs  09m10.1s/30m0s  3000.00 iters/s

running (09m11.1s), 0025/2048 VUs, 1653083 complete and 0 interrupted iterations
cap_mixed   [  31% ] 0026/2048 VUs  09m11.1s/30m0s  3000.00 iters/s

running (09m12.1s), 0018/2048 VUs, 1656091 complete and 0 interrupted iterations
cap_mixed   [  31% ] 0018/2048 VUs  09m12.1s/30m0s  3000.00 iters/s

running (09m13.1s), 0016/2048 VUs, 1659093 complete and 0 interrupted iterations
cap_mixed   [  31% ] 0016/2048 VUs  09m13.1s/30m0s  3000.00 iters/s

running (09m14.1s), 0022/2048 VUs, 1662087 complete and 0 interrupted iterations
cap_mixed   [  31% ] 0022/2048 VUs  09m14.1s/30m0s  3000.00 iters/s

running (09m15.1s), 0025/2048 VUs, 1665084 complete and 0 interrupted iterations
cap_mixed   [  31% ] 0025/2048 VUs  09m15.1s/30m0s  3000.00 iters/s

running (09m16.1s), 0021/2048 VUs, 1668088 complete and 0 interrupted iterations
cap_mixed   [  31% ] 0021/2048 VUs  09m16.1s/30m0s  3000.00 iters/s

running (09m17.1s), 0020/2048 VUs, 1671089 complete and 0 interrupted iterations
cap_mixed   [  31% ] 0020/2048 VUs  09m17.1s/30m0s  3000.00 iters/s

running (09m18.1s), 0017/2048 VUs, 1674093 complete and 0 interrupted iterations
cap_mixed   [  31% ] 0017/2048 VUs  09m18.1s/30m0s  3000.00 iters/s

running (09m19.1s), 0014/2048 VUs, 1677095 complete and 0 interrupted iterations
cap_mixed   [  31% ] 0014/2048 VUs  09m19.1s/30m0s  3000.00 iters/s

running (09m20.1s), 0028/2048 VUs, 1680081 complete and 0 interrupted iterations
cap_mixed   [  31% ] 0028/2048 VUs  09m20.1s/30m0s  3000.00 iters/s

running (09m21.1s), 0017/2048 VUs, 1683092 complete and 0 interrupted iterations
cap_mixed   [  31% ] 0017/2048 VUs  09m21.1s/30m0s  3000.00 iters/s

running (09m22.1s), 0019/2048 VUs, 1686089 complete and 0 interrupted iterations
cap_mixed   [  31% ] 0019/2048 VUs  09m22.1s/30m0s  3000.00 iters/s

running (09m23.1s), 0024/2048 VUs, 1689085 complete and 0 interrupted iterations
cap_mixed   [  31% ] 0024/2048 VUs  09m23.1s/30m0s  3000.00 iters/s

running (09m24.1s), 0016/2048 VUs, 1692093 complete and 0 interrupted iterations
cap_mixed   [  31% ] 0016/2048 VUs  09m24.1s/30m0s  3000.00 iters/s

running (09m25.1s), 0013/2048 VUs, 1695096 complete and 0 interrupted iterations
cap_mixed   [  31% ] 0013/2048 VUs  09m25.1s/30m0s  3000.00 iters/s

running (09m26.1s), 0018/2048 VUs, 1698091 complete and 0 interrupted iterations
cap_mixed   [  31% ] 0018/2048 VUs  09m26.1s/30m0s  3000.00 iters/s

running (09m27.1s), 0027/2048 VUs, 1701082 complete and 0 interrupted iterations
cap_mixed   [  32% ] 0027/2048 VUs  09m27.1s/30m0s  3000.00 iters/s

running (09m28.1s), 0021/2048 VUs, 1704088 complete and 0 interrupted iterations
cap_mixed   [  32% ] 0021/2048 VUs  09m28.1s/30m0s  3000.00 iters/s

running (09m29.1s), 0022/2048 VUs, 1707087 complete and 0 interrupted iterations
cap_mixed   [  32% ] 0022/2048 VUs  09m29.1s/30m0s  3000.00 iters/s

running (09m30.1s), 0024/2048 VUs, 1710085 complete and 0 interrupted iterations
cap_mixed   [  32% ] 0024/2048 VUs  09m30.1s/30m0s  3000.00 iters/s

running (09m31.1s), 0018/2048 VUs, 1713091 complete and 0 interrupted iterations
cap_mixed   [  32% ] 0018/2048 VUs  09m31.1s/30m0s  3000.00 iters/s

running (09m32.1s), 0016/2048 VUs, 1716093 complete and 0 interrupted iterations
cap_mixed   [  32% ] 0016/2048 VUs  09m32.1s/30m0s  3000.00 iters/s

running (09m33.1s), 0026/2048 VUs, 1719083 complete and 0 interrupted iterations
cap_mixed   [  32% ] 0026/2048 VUs  09m33.1s/30m0s  3000.00 iters/s

running (09m34.1s), 0014/2048 VUs, 1722092 complete and 0 interrupted iterations
cap_mixed   [  32% ] 0014/2048 VUs  09m34.1s/30m0s  3000.00 iters/s

running (09m35.1s), 0017/2048 VUs, 1725092 complete and 0 interrupted iterations
cap_mixed   [  32% ] 0017/2048 VUs  09m35.1s/30m0s  3000.00 iters/s

running (09m36.1s), 0017/2048 VUs, 1728092 complete and 0 interrupted iterations
cap_mixed   [  32% ] 0017/2048 VUs  09m36.1s/30m0s  3000.00 iters/s

running (09m37.1s), 0018/2048 VUs, 1731091 complete and 0 interrupted iterations
cap_mixed   [  32% ] 0018/2048 VUs  09m37.1s/30m0s  3000.00 iters/s

running (09m38.1s), 0018/2048 VUs, 1734091 complete and 0 interrupted iterations
cap_mixed   [  32% ] 0018/2048 VUs  09m38.1s/30m0s  3000.00 iters/s

running (09m39.1s), 0025/2048 VUs, 1737084 complete and 0 interrupted iterations
cap_mixed   [  32% ] 0025/2048 VUs  09m39.1s/30m0s  3000.00 iters/s

running (09m40.1s), 0016/2048 VUs, 1740093 complete and 0 interrupted iterations
cap_mixed   [  32% ] 0016/2048 VUs  09m40.1s/30m0s  3000.00 iters/s

running (09m41.1s), 0009/2048 VUs, 1743100 complete and 0 interrupted iterations
cap_mixed   [  32% ] 0009/2048 VUs  09m41.1s/30m0s  3000.00 iters/s

running (09m42.1s), 0013/2048 VUs, 1746096 complete and 0 interrupted iterations
cap_mixed   [  32% ] 0013/2048 VUs  09m42.1s/30m0s  3000.00 iters/s

running (09m43.1s), 0017/2048 VUs, 1749092 complete and 0 interrupted iterations
cap_mixed   [  32% ] 0017/2048 VUs  09m43.1s/30m0s  3000.00 iters/s

running (09m44.1s), 0014/2048 VUs, 1752095 complete and 0 interrupted iterations
cap_mixed   [  32% ] 0014/2048 VUs  09m44.1s/30m0s  3000.00 iters/s

running (09m45.1s), 0021/2048 VUs, 1755088 complete and 0 interrupted iterations
cap_mixed   [  33% ] 0021/2048 VUs  09m45.1s/30m0s  3000.00 iters/s

running (09m46.1s), 0020/2048 VUs, 1758089 complete and 0 interrupted iterations
cap_mixed   [  33% ] 0018/2048 VUs  09m46.1s/30m0s  3000.00 iters/s

running (09m47.1s), 0021/2048 VUs, 1761088 complete and 0 interrupted iterations
cap_mixed   [  33% ] 0021/2048 VUs  09m47.1s/30m0s  3000.00 iters/s

running (09m48.1s), 0040/2048 VUs, 1764068 complete and 0 interrupted iterations
cap_mixed   [  33% ] 0040/2048 VUs  09m48.1s/30m0s  3000.00 iters/s

running (09m49.1s), 0015/2048 VUs, 1767094 complete and 0 interrupted iterations
cap_mixed   [  33% ] 0015/2048 VUs  09m49.1s/30m0s  3000.00 iters/s

running (09m50.1s), 0015/2048 VUs, 1770094 complete and 0 interrupted iterations
cap_mixed   [  33% ] 0015/2048 VUs  09m50.1s/30m0s  3000.00 iters/s

running (09m51.1s), 0020/2048 VUs, 1773089 complete and 0 interrupted iterations
cap_mixed   [  33% ] 0020/2048 VUs  09m51.1s/30m0s  3000.00 iters/s

running (09m52.1s), 0021/2048 VUs, 1776088 complete and 0 interrupted iterations
cap_mixed   [  33% ] 0021/2048 VUs  09m52.1s/30m0s  3000.00 iters/s

running (09m53.1s), 0027/2048 VUs, 1779082 complete and 0 interrupted iterations
cap_mixed   [  33% ] 0027/2048 VUs  09m53.1s/30m0s  3000.00 iters/s

running (09m54.1s), 0022/2048 VUs, 1782087 complete and 0 interrupted iterations
cap_mixed   [  33% ] 0022/2048 VUs  09m54.1s/30m0s  3000.00 iters/s

running (09m55.1s), 0016/2048 VUs, 1785093 complete and 0 interrupted iterations
cap_mixed   [  33% ] 0016/2048 VUs  09m55.1s/30m0s  3000.00 iters/s

running (09m56.1s), 0022/2048 VUs, 1788087 complete and 0 interrupted iterations
cap_mixed   [  33% ] 0022/2048 VUs  09m56.1s/30m0s  3000.00 iters/s

running (09m57.1s), 0027/2048 VUs, 1791082 complete and 0 interrupted iterations
cap_mixed   [  33% ] 0028/2048 VUs  09m57.1s/30m0s  3000.00 iters/s

running (09m58.1s), 0014/2048 VUs, 1794095 complete and 0 interrupted iterations
cap_mixed   [  33% ] 0014/2048 VUs  09m58.1s/30m0s  3000.00 iters/s

running (09m59.1s), 0014/2048 VUs, 1797095 complete and 0 interrupted iterations
cap_mixed   [  33% ] 0015/2048 VUs  09m59.1s/30m0s  3000.00 iters/s

running (10m00.1s), 0019/2048 VUs, 1800090 complete and 0 interrupted iterations
cap_mixed   [  33% ] 0019/2048 VUs  10m00.1s/30m0s  3000.00 iters/s

running (10m01.1s), 0013/2048 VUs, 1803096 complete and 0 interrupted iterations
cap_mixed   [  33% ] 0013/2048 VUs  10m01.1s/30m0s  3000.00 iters/s

running (10m02.1s), 0019/2048 VUs, 1806090 complete and 0 interrupted iterations
cap_mixed   [  33% ] 0019/2048 VUs  10m02.1s/30m0s  3000.00 iters/s

running (10m03.1s), 0019/2048 VUs, 1809090 complete and 0 interrupted iterations
cap_mixed   [  34% ] 0019/2048 VUs  10m03.1s/30m0s  3000.00 iters/s

running (10m04.1s), 0015/2048 VUs, 1812094 complete and 0 interrupted iterations
cap_mixed   [  34% ] 0015/2048 VUs  10m04.1s/30m0s  3000.00 iters/s

running (10m05.1s), 0020/2048 VUs, 1815089 complete and 0 interrupted iterations
cap_mixed   [  34% ] 0020/2048 VUs  10m05.1s/30m0s  3000.00 iters/s

running (10m06.1s), 0024/2048 VUs, 1818086 complete and 0 interrupted iterations
cap_mixed   [  34% ] 0024/2048 VUs  10m06.1s/30m0s  3000.00 iters/s

running (10m07.1s), 0012/2048 VUs, 1821097 complete and 0 interrupted iterations
cap_mixed   [  34% ] 0012/2048 VUs  10m07.1s/30m0s  3000.00 iters/s

running (10m08.1s), 0010/2048 VUs, 1824099 complete and 0 interrupted iterations
cap_mixed   [  34% ] 0010/2048 VUs  10m08.1s/30m0s  3000.00 iters/s

running (10m09.1s), 0016/2048 VUs, 1827093 complete and 0 interrupted iterations
cap_mixed   [  34% ] 0016/2048 VUs  10m09.1s/30m0s  3000.00 iters/s

running (10m10.1s), 0016/2048 VUs, 1830092 complete and 0 interrupted iterations
cap_mixed   [  34% ] 0016/2048 VUs  10m10.1s/30m0s  3000.00 iters/s

running (10m11.1s), 0007/2048 VUs, 1833102 complete and 0 interrupted iterations
cap_mixed   [  34% ] 0007/2048 VUs  10m11.1s/30m0s  3000.00 iters/s

running (10m12.1s), 0011/2048 VUs, 1836098 complete and 0 interrupted iterations
cap_mixed   [  34% ] 0012/2048 VUs  10m12.1s/30m0s  3000.00 iters/s

running (10m13.1s), 0015/2048 VUs, 1839094 complete and 0 interrupted iterations
cap_mixed   [  34% ] 0015/2048 VUs  10m13.1s/30m0s  3000.00 iters/s

running (10m14.1s), 0082/2048 VUs, 1842027 complete and 0 interrupted iterations
cap_mixed   [  34% ] 0082/2048 VUs  10m14.1s/30m0s  3000.00 iters/s

running (10m15.1s), 0013/2048 VUs, 1845096 complete and 0 interrupted iterations
cap_mixed   [  34% ] 0013/2048 VUs  10m15.1s/30m0s  3000.00 iters/s

running (10m16.1s), 0014/2048 VUs, 1848095 complete and 0 interrupted iterations
cap_mixed   [  34% ] 0014/2048 VUs  10m16.1s/30m0s  3000.00 iters/s

running (10m17.1s), 0157/2048 VUs, 1850958 complete and 0 interrupted iterations
cap_mixed   [  34% ] 0157/2048 VUs  10m17.1s/30m0s  3000.00 iters/s

running (10m18.1s), 0022/2048 VUs, 1854087 complete and 0 interrupted iterations
cap_mixed   [  34% ] 0022/2048 VUs  10m18.1s/30m0s  3000.00 iters/s

running (10m19.1s), 0020/2048 VUs, 1857089 complete and 0 interrupted iterations
cap_mixed   [  34% ] 0020/2048 VUs  10m19.1s/30m0s  3000.00 iters/s

running (10m20.1s), 0031/2048 VUs, 1860079 complete and 0 interrupted iterations
cap_mixed   [  34% ] 0031/2048 VUs  10m20.1s/30m0s  3000.00 iters/s

running (10m21.1s), 0020/2048 VUs, 1863090 complete and 0 interrupted iterations
cap_mixed   [  35% ] 0020/2048 VUs  10m21.1s/30m0s  3000.00 iters/s

running (10m22.1s), 0038/2048 VUs, 1866071 complete and 0 interrupted iterations
cap_mixed   [  35% ] 0038/2048 VUs  10m22.1s/30m0s  3000.00 iters/s

running (10m23.1s), 0018/2048 VUs, 1869091 complete and 0 interrupted iterations
cap_mixed   [  35% ] 0018/2048 VUs  10m23.1s/30m0s  3000.00 iters/s

running (10m24.1s), 0020/2048 VUs, 1872089 complete and 0 interrupted iterations
cap_mixed   [  35% ] 0020/2048 VUs  10m24.1s/30m0s  3000.00 iters/s

running (10m25.1s), 0016/2048 VUs, 1875093 complete and 0 interrupted iterations
cap_mixed   [  35% ] 0016/2048 VUs  10m25.1s/30m0s  3000.00 iters/s

running (10m26.1s), 0015/2048 VUs, 1878094 complete and 0 interrupted iterations
cap_mixed   [  35% ] 0015/2048 VUs  10m26.1s/30m0s  3000.00 iters/s

running (10m27.1s), 0020/2048 VUs, 1881089 complete and 0 interrupted iterations
cap_mixed   [  35% ] 0020/2048 VUs  10m27.1s/30m0s  3000.00 iters/s

running (10m28.1s), 0026/2048 VUs, 1884085 complete and 0 interrupted iterations
cap_mixed   [  35% ] 0026/2048 VUs  10m28.1s/30m0s  3000.00 iters/s

running (10m29.1s), 0023/2048 VUs, 1887086 complete and 0 interrupted iterations
cap_mixed   [  35% ] 0023/2048 VUs  10m29.1s/30m0s  3000.00 iters/s

running (10m30.1s), 0031/2048 VUs, 1890078 complete and 0 interrupted iterations
cap_mixed   [  35% ] 0032/2048 VUs  10m30.1s/30m0s  3000.00 iters/s

running (10m31.1s), 0012/2048 VUs, 1893097 complete and 0 interrupted iterations
cap_mixed   [  35% ] 0012/2048 VUs  10m31.1s/30m0s  3000.00 iters/s

running (10m32.1s), 0020/2048 VUs, 1896090 complete and 0 interrupted iterations
cap_mixed   [  35% ] 0020/2048 VUs  10m32.1s/30m0s  3000.00 iters/s

running (10m33.1s), 0020/2048 VUs, 1899090 complete and 0 interrupted iterations
cap_mixed   [  35% ] 0020/2048 VUs  10m33.1s/30m0s  3000.00 iters/s

running (10m34.1s), 0019/2048 VUs, 1902091 complete and 0 interrupted iterations
cap_mixed   [  35% ] 0019/2048 VUs  10m34.1s/30m0s  3000.00 iters/s

running (10m35.1s), 0018/2048 VUs, 1905091 complete and 0 interrupted iterations
cap_mixed   [  35% ] 0018/2048 VUs  10m35.1s/30m0s  3000.00 iters/s

running (10m36.1s), 0019/2048 VUs, 1908090 complete and 0 interrupted iterations
cap_mixed   [  35% ] 0019/2048 VUs  10m36.1s/30m0s  3000.00 iters/s

running (10m37.1s), 0020/2048 VUs, 1911089 complete and 0 interrupted iterations
cap_mixed   [  35% ] 0020/2048 VUs  10m37.1s/30m0s  3000.00 iters/s

running (10m38.1s), 0024/2048 VUs, 1914085 complete and 0 interrupted iterations
cap_mixed   [  35% ] 0024/2048 VUs  10m38.1s/30m0s  3000.00 iters/s

running (10m39.1s), 0020/2048 VUs, 1917089 complete and 0 interrupted iterations
cap_mixed   [  36% ] 0020/2048 VUs  10m39.1s/30m0s  3000.00 iters/s

running (10m40.1s), 0027/2048 VUs, 1920082 complete and 0 interrupted iterations
cap_mixed   [  36% ] 0027/2048 VUs  10m40.1s/30m0s  3000.00 iters/s

running (10m41.1s), 0037/2048 VUs, 1923072 complete and 0 interrupted iterations
cap_mixed   [  36% ] 0037/2048 VUs  10m41.1s/30m0s  3000.00 iters/s

running (10m42.1s), 0047/2048 VUs, 1926062 complete and 0 interrupted iterations
cap_mixed   [  36% ] 0047/2048 VUs  10m42.1s/30m0s  3000.00 iters/s

running (10m43.1s), 0025/2048 VUs, 1929084 complete and 0 interrupted iterations
cap_mixed   [  36% ] 0025/2048 VUs  10m43.1s/30m0s  3000.00 iters/s

running (10m44.1s), 0040/2048 VUs, 1932069 complete and 0 interrupted iterations
cap_mixed   [  36% ] 0040/2048 VUs  10m44.1s/30m0s  3000.00 iters/s

running (10m45.1s), 0108/2048 VUs, 1935002 complete and 0 interrupted iterations
cap_mixed   [  36% ] 0108/2048 VUs  10m45.1s/30m0s  3000.00 iters/s

running (10m46.1s), 0021/2048 VUs, 1938088 complete and 0 interrupted iterations
cap_mixed   [  36% ] 0021/2048 VUs  10m46.1s/30m0s  3000.00 iters/s

running (10m47.1s), 0031/2048 VUs, 1941078 complete and 0 interrupted iterations
cap_mixed   [  36% ] 0031/2048 VUs  10m47.1s/30m0s  3000.00 iters/s

running (10m48.1s), 0016/2048 VUs, 1944093 complete and 0 interrupted iterations
cap_mixed   [  36% ] 0017/2048 VUs  10m48.1s/30m0s  3000.00 iters/s

running (10m49.1s), 0019/2048 VUs, 1947091 complete and 0 interrupted iterations
cap_mixed   [  36% ] 0019/2048 VUs  10m49.1s/30m0s  3000.00 iters/s

running (10m50.1s), 0171/2048 VUs, 1949938 complete and 0 interrupted iterations
cap_mixed   [  36% ] 0170/2048 VUs  10m50.1s/30m0s  3000.00 iters/s

running (10m51.1s), 0015/2048 VUs, 1953094 complete and 0 interrupted iterations
cap_mixed   [  36% ] 0015/2048 VUs  10m51.1s/30m0s  3000.00 iters/s

running (10m52.1s), 0022/2048 VUs, 1956087 complete and 0 interrupted iterations
cap_mixed   [  36% ] 0022/2048 VUs  10m52.1s/30m0s  3000.00 iters/s

running (10m53.1s), 0025/2048 VUs, 1959084 complete and 0 interrupted iterations
cap_mixed   [  36% ] 0026/2048 VUs  10m53.1s/30m0s  3000.00 iters/s

running (10m54.1s), 0014/2048 VUs, 1962096 complete and 0 interrupted iterations
cap_mixed   [  36% ] 0014/2048 VUs  10m54.1s/30m0s  3000.00 iters/s

running (10m55.1s), 0020/2048 VUs, 1965089 complete and 0 interrupted iterations
cap_mixed   [  36% ] 0020/2048 VUs  10m55.1s/30m0s  3000.00 iters/s

running (10m56.1s), 0020/2048 VUs, 1968089 complete and 0 interrupted iterations
cap_mixed   [  36% ] 0020/2048 VUs  10m56.1s/30m0s  3000.00 iters/s

running (10m57.1s), 0028/2048 VUs, 1971081 complete and 0 interrupted iterations
cap_mixed   [  37% ] 0028/2048 VUs  10m57.1s/30m0s  3000.00 iters/s

running (10m58.1s), 0021/2048 VUs, 1974088 complete and 0 interrupted iterations
cap_mixed   [  37% ] 0021/2048 VUs  10m58.1s/30m0s  3000.00 iters/s

running (10m59.1s), 0010/2048 VUs, 1977099 complete and 0 interrupted iterations
cap_mixed   [  37% ] 0010/2048 VUs  10m59.1s/30m0s  3000.00 iters/s

running (11m00.1s), 0022/2048 VUs, 1980087 complete and 0 interrupted iterations
cap_mixed   [  37% ] 0022/2048 VUs  11m00.1s/30m0s  3000.00 iters/s

running (11m01.1s), 0032/2048 VUs, 1983077 complete and 0 interrupted iterations
cap_mixed   [  37% ] 0032/2048 VUs  11m01.1s/30m0s  3000.00 iters/s

running (11m02.1s), 0037/2048 VUs, 1986072 complete and 0 interrupted iterations
cap_mixed   [  37% ] 0037/2048 VUs  11m02.1s/30m0s  3000.00 iters/s

running (11m03.1s), 0020/2048 VUs, 1989089 complete and 0 interrupted iterations
cap_mixed   [  37% ] 0020/2048 VUs  11m03.1s/30m0s  3000.00 iters/s

running (11m04.1s), 0024/2048 VUs, 1992085 complete and 0 interrupted iterations
cap_mixed   [  37% ] 0024/2048 VUs  11m04.1s/30m0s  3000.00 iters/s

running (11m05.1s), 0017/2048 VUs, 1995092 complete and 0 interrupted iterations
cap_mixed   [  37% ] 0017/2048 VUs  11m05.1s/30m0s  3000.00 iters/s

running (11m06.1s), 0013/2048 VUs, 1998096 complete and 0 interrupted iterations
cap_mixed   [  37% ] 0013/2048 VUs  11m06.1s/30m0s  3000.00 iters/s

running (11m07.1s), 0011/2048 VUs, 2001098 complete and 0 interrupted iterations
cap_mixed   [  37% ] 0011/2048 VUs  11m07.1s/30m0s  3000.00 iters/s

running (11m08.1s), 0019/2048 VUs, 2004091 complete and 0 interrupted iterations
cap_mixed   [  37% ] 0019/2048 VUs  11m08.1s/30m0s  3000.00 iters/s

running (11m09.1s), 0015/2048 VUs, 2007094 complete and 0 interrupted iterations
cap_mixed   [  37% ] 0015/2048 VUs  11m09.1s/30m0s  3000.00 iters/s

running (11m10.1s), 0020/2048 VUs, 2010090 complete and 0 interrupted iterations
cap_mixed   [  37% ] 0020/2048 VUs  11m10.1s/30m0s  3000.00 iters/s

running (11m11.1s), 0019/2048 VUs, 2013090 complete and 0 interrupted iterations
cap_mixed   [  37% ] 0019/2048 VUs  11m11.1s/30m0s  3000.00 iters/s

running (11m12.1s), 0016/2048 VUs, 2016093 complete and 0 interrupted iterations
cap_mixed   [  37% ] 0016/2048 VUs  11m12.1s/30m0s  3000.00 iters/s

running (11m13.1s), 0016/2048 VUs, 2019093 complete and 0 interrupted iterations
cap_mixed   [  37% ] 0017/2048 VUs  11m13.1s/30m0s  3000.00 iters/s

running (11m14.1s), 0023/2048 VUs, 2022086 complete and 0 interrupted iterations
cap_mixed   [  37% ] 0023/2048 VUs  11m14.1s/30m0s  3000.00 iters/s

running (11m15.1s), 0018/2048 VUs, 2025092 complete and 0 interrupted iterations
cap_mixed   [  38% ] 0018/2048 VUs  11m15.1s/30m0s  3000.00 iters/s

running (11m16.1s), 0023/2048 VUs, 2028086 complete and 0 interrupted iterations
cap_mixed   [  38% ] 0023/2048 VUs  11m16.1s/30m0s  3000.00 iters/s

running (11m17.1s), 0026/2048 VUs, 2031083 complete and 0 interrupted iterations
cap_mixed   [  38% ] 0026/2048 VUs  11m17.1s/30m0s  3000.00 iters/s

running (11m18.1s), 0022/2048 VUs, 2034087 complete and 0 interrupted iterations
cap_mixed   [  38% ] 0022/2048 VUs  11m18.1s/30m0s  3000.00 iters/s

running (11m19.1s), 0013/2048 VUs, 2037097 complete and 0 interrupted iterations
cap_mixed   [  38% ] 0013/2048 VUs  11m19.1s/30m0s  3000.00 iters/s

running (11m20.1s), 0019/2048 VUs, 2040090 complete and 0 interrupted iterations
cap_mixed   [  38% ] 0020/2048 VUs  11m20.1s/30m0s  3000.00 iters/s

running (11m21.1s), 0021/2048 VUs, 2043090 complete and 0 interrupted iterations
cap_mixed   [  38% ] 0021/2048 VUs  11m21.1s/30m0s  3000.00 iters/s

running (11m22.1s), 0022/2048 VUs, 2046088 complete and 0 interrupted iterations
cap_mixed   [  38% ] 0022/2048 VUs  11m22.1s/30m0s  3000.00 iters/s

running (11m23.1s), 0018/2048 VUs, 2049091 complete and 0 interrupted iterations
cap_mixed   [  38% ] 0018/2048 VUs  11m23.1s/30m0s  3000.00 iters/s

running (11m24.1s), 0026/2048 VUs, 2052083 complete and 0 interrupted iterations
cap_mixed   [  38% ] 0026/2048 VUs  11m24.1s/30m0s  3000.00 iters/s

running (11m25.1s), 0014/2048 VUs, 2055096 complete and 0 interrupted iterations
cap_mixed   [  38% ] 0014/2048 VUs  11m25.1s/30m0s  3000.00 iters/s

running (11m26.1s), 0014/2048 VUs, 2058095 complete and 0 interrupted iterations
cap_mixed   [  38% ] 0014/2048 VUs  11m26.1s/30m0s  3000.00 iters/s

running (11m27.1s), 0027/2048 VUs, 2061083 complete and 0 interrupted iterations
cap_mixed   [  38% ] 0027/2048 VUs  11m27.1s/30m0s  3000.00 iters/s

running (11m28.1s), 0018/2048 VUs, 2064091 complete and 0 interrupted iterations
cap_mixed   [  38% ] 0018/2048 VUs  11m28.1s/30m0s  3000.00 iters/s

running (11m29.1s), 0021/2048 VUs, 2067089 complete and 0 interrupted iterations
cap_mixed   [  38% ] 0021/2048 VUs  11m29.1s/30m0s  3000.00 iters/s

running (11m30.1s), 0020/2048 VUs, 2070089 complete and 0 interrupted iterations
cap_mixed   [  38% ] 0020/2048 VUs  11m30.1s/30m0s  3000.00 iters/s

running (11m31.1s), 0021/2048 VUs, 2073088 complete and 0 interrupted iterations
cap_mixed   [  38% ] 0021/2048 VUs  11m31.1s/30m0s  3000.00 iters/s

running (11m32.1s), 0027/2048 VUs, 2076083 complete and 0 interrupted iterations
cap_mixed   [  38% ] 0027/2048 VUs  11m32.1s/30m0s  3000.00 iters/s

running (11m33.1s), 0025/2048 VUs, 2079085 complete and 0 interrupted iterations
cap_mixed   [  39% ] 0025/2048 VUs  11m33.1s/30m0s  3000.00 iters/s

running (11m34.1s), 0020/2048 VUs, 2082089 complete and 0 interrupted iterations
cap_mixed   [  39% ] 0020/2048 VUs  11m34.1s/30m0s  3000.00 iters/s

running (11m35.1s), 0025/2048 VUs, 2085085 complete and 0 interrupted iterations
cap_mixed   [  39% ] 0025/2048 VUs  11m35.1s/30m0s  3000.00 iters/s

running (11m36.1s), 0017/2048 VUs, 2088092 complete and 0 interrupted iterations
cap_mixed   [  39% ] 0017/2048 VUs  11m36.1s/30m0s  3000.00 iters/s

running (11m37.1s), 0017/2048 VUs, 2091093 complete and 0 interrupted iterations
cap_mixed   [  39% ] 0017/2048 VUs  11m37.1s/30m0s  3000.00 iters/s

running (11m38.1s), 0027/2048 VUs, 2094082 complete and 0 interrupted iterations
cap_mixed   [  39% ] 0027/2048 VUs  11m38.1s/30m0s  3000.00 iters/s

running (11m39.1s), 0025/2048 VUs, 2097085 complete and 0 interrupted iterations
cap_mixed   [  39% ] 0025/2048 VUs  11m39.1s/30m0s  3000.00 iters/s

running (11m40.1s), 0016/2048 VUs, 2100094 complete and 0 interrupted iterations
cap_mixed   [  39% ] 0016/2048 VUs  11m40.1s/30m0s  3000.00 iters/s

running (11m41.1s), 0019/2048 VUs, 2103090 complete and 0 interrupted iterations
cap_mixed   [  39% ] 0019/2048 VUs  11m41.1s/30m0s  3000.00 iters/s

running (11m42.1s), 0019/2048 VUs, 2106091 complete and 0 interrupted iterations
cap_mixed   [  39% ] 0019/2048 VUs  11m42.1s/30m0s  3000.00 iters/s

running (11m43.1s), 0018/2048 VUs, 2109092 complete and 0 interrupted iterations
cap_mixed   [  39% ] 0018/2048 VUs  11m43.1s/30m0s  3000.00 iters/s

running (11m44.1s), 0020/2048 VUs, 2112090 complete and 0 interrupted iterations
cap_mixed   [  39% ] 0020/2048 VUs  11m44.1s/30m0s  3000.00 iters/s

running (11m45.1s), 0032/2048 VUs, 2115078 complete and 0 interrupted iterations
cap_mixed   [  39% ] 0032/2048 VUs  11m45.1s/30m0s  3000.00 iters/s

running (11m46.1s), 0010/2048 VUs, 2118099 complete and 0 interrupted iterations
cap_mixed   [  39% ] 0010/2048 VUs  11m46.1s/30m0s  3000.00 iters/s

running (11m47.1s), 0017/2048 VUs, 2121093 complete and 0 interrupted iterations
cap_mixed   [  39% ] 0017/2048 VUs  11m47.1s/30m0s  3000.00 iters/s

running (11m48.1s), 0017/2048 VUs, 2124092 complete and 0 interrupted iterations
cap_mixed   [  39% ] 0017/2048 VUs  11m48.1s/30m0s  3000.00 iters/s

running (11m49.1s), 0017/2048 VUs, 2127093 complete and 0 interrupted iterations
cap_mixed   [  39% ] 0017/2048 VUs  11m49.1s/30m0s  3000.00 iters/s

running (11m50.1s), 0016/2048 VUs, 2130094 complete and 0 interrupted iterations
cap_mixed   [  39% ] 0016/2048 VUs  11m50.1s/30m0s  3000.00 iters/s

running (11m51.1s), 0017/2048 VUs, 2133092 complete and 0 interrupted iterations
cap_mixed   [  40% ] 0017/2048 VUs  11m51.1s/30m0s  3000.00 iters/s

running (11m52.1s), 0015/2048 VUs, 2136096 complete and 0 interrupted iterations
cap_mixed   [  40% ] 0015/2048 VUs  11m52.1s/30m0s  3000.00 iters/s

running (11m53.1s), 0014/2048 VUs, 2139095 complete and 0 interrupted iterations
cap_mixed   [  40% ] 0014/2048 VUs  11m53.1s/30m0s  3000.00 iters/s

running (11m54.1s), 0022/2048 VUs, 2142087 complete and 0 interrupted iterations
cap_mixed   [  40% ] 0022/2048 VUs  11m54.1s/30m0s  3000.00 iters/s

running (11m55.1s), 0019/2048 VUs, 2145091 complete and 0 interrupted iterations
cap_mixed   [  40% ] 0019/2048 VUs  11m55.1s/30m0s  3000.00 iters/s

running (11m56.1s), 0016/2048 VUs, 2148093 complete and 0 interrupted iterations
cap_mixed   [  40% ] 0017/2048 VUs  11m56.1s/30m0s  3000.00 iters/s

running (11m57.1s), 0024/2048 VUs, 2151086 complete and 0 interrupted iterations
cap_mixed   [  40% ] 0024/2048 VUs  11m57.1s/30m0s  3000.00 iters/s

running (11m58.1s), 0023/2048 VUs, 2154086 complete and 0 interrupted iterations
cap_mixed   [  40% ] 0022/2048 VUs  11m58.1s/30m0s  3000.00 iters/s

running (11m59.1s), 0020/2048 VUs, 2157089 complete and 0 interrupted iterations
cap_mixed   [  40% ] 0020/2048 VUs  11m59.1s/30m0s  3000.00 iters/s

running (12m00.1s), 0039/2048 VUs, 2160071 complete and 0 interrupted iterations
cap_mixed   [  40% ] 0039/2048 VUs  12m00.1s/30m0s  3000.00 iters/s

running (12m01.1s), 0015/2048 VUs, 2163095 complete and 0 interrupted iterations
cap_mixed   [  40% ] 0015/2048 VUs  12m01.1s/30m0s  3000.00 iters/s

running (12m02.1s), 0017/2048 VUs, 2166092 complete and 0 interrupted iterations
cap_mixed   [  40% ] 0017/2048 VUs  12m02.1s/30m0s  3000.00 iters/s

running (12m03.1s), 0015/2048 VUs, 2169095 complete and 0 interrupted iterations
cap_mixed   [  40% ] 0015/2048 VUs  12m03.1s/30m0s  3000.00 iters/s

running (12m04.1s), 0032/2048 VUs, 2172078 complete and 0 interrupted iterations
cap_mixed   [  40% ] 0032/2048 VUs  12m04.1s/30m0s  3000.00 iters/s

running (12m05.1s), 0023/2048 VUs, 2175086 complete and 0 interrupted iterations
cap_mixed   [  40% ] 0023/2048 VUs  12m05.1s/30m0s  3000.00 iters/s

running (12m06.1s), 0013/2048 VUs, 2178096 complete and 0 interrupted iterations
cap_mixed   [  40% ] 0013/2048 VUs  12m06.1s/30m0s  3000.00 iters/s

running (12m07.1s), 0019/2048 VUs, 2181091 complete and 0 interrupted iterations
cap_mixed   [  40% ] 0019/2048 VUs  12m07.1s/30m0s  3000.00 iters/s

running (12m08.1s), 0017/2048 VUs, 2184092 complete and 0 interrupted iterations
cap_mixed   [  40% ] 0017/2048 VUs  12m08.1s/30m0s  3000.00 iters/s

running (12m09.1s), 0023/2048 VUs, 2187087 complete and 0 interrupted iterations
cap_mixed   [  41% ] 0023/2048 VUs  12m09.1s/30m0s  3000.00 iters/s

running (12m10.1s), 0069/2048 VUs, 2190040 complete and 0 interrupted iterations
cap_mixed   [  41% ] 0069/2048 VUs  12m10.1s/30m0s  3000.00 iters/s

running (12m11.1s), 0020/2048 VUs, 2193090 complete and 0 interrupted iterations
cap_mixed   [  41% ] 0020/2048 VUs  12m11.1s/30m0s  3000.00 iters/s

running (12m12.1s), 0015/2048 VUs, 2196095 complete and 0 interrupted iterations
cap_mixed   [  41% ] 0015/2048 VUs  12m12.1s/30m0s  3000.00 iters/s

running (12m13.1s), 0019/2048 VUs, 2199090 complete and 0 interrupted iterations
cap_mixed   [  41% ] 0019/2048 VUs  12m13.1s/30m0s  3000.00 iters/s

running (12m14.1s), 0020/2048 VUs, 2202089 complete and 0 interrupted iterations
cap_mixed   [  41% ] 0021/2048 VUs  12m14.1s/30m0s  3000.00 iters/s

running (12m15.1s), 0019/2048 VUs, 2205091 complete and 0 interrupted iterations
cap_mixed   [  41% ] 0019/2048 VUs  12m15.1s/30m0s  3000.00 iters/s

running (12m16.1s), 0023/2048 VUs, 2208086 complete and 0 interrupted iterations
cap_mixed   [  41% ] 0023/2048 VUs  12m16.1s/30m0s  3000.00 iters/s

running (12m17.1s), 0023/2048 VUs, 2211086 complete and 0 interrupted iterations
cap_mixed   [  41% ] 0024/2048 VUs  12m17.1s/30m0s  3000.00 iters/s

running (12m18.1s), 0019/2048 VUs, 2214091 complete and 0 interrupted iterations
cap_mixed   [  41% ] 0019/2048 VUs  12m18.1s/30m0s  3000.00 iters/s

running (12m19.1s), 0026/2048 VUs, 2217084 complete and 0 interrupted iterations
cap_mixed   [  41% ] 0026/2048 VUs  12m19.1s/30m0s  3000.00 iters/s

running (12m20.1s), 0019/2048 VUs, 2220091 complete and 0 interrupted iterations
cap_mixed   [  41% ] 0019/2048 VUs  12m20.1s/30m0s  3000.00 iters/s

running (12m21.1s), 0018/2048 VUs, 2223092 complete and 0 interrupted iterations
cap_mixed   [  41% ] 0018/2048 VUs  12m21.1s/30m0s  3000.00 iters/s

running (12m22.1s), 0019/2048 VUs, 2226090 complete and 0 interrupted iterations
cap_mixed   [  41% ] 0019/2048 VUs  12m22.1s/30m0s  3000.00 iters/s

running (12m23.1s), 0017/2048 VUs, 2229093 complete and 0 interrupted iterations
cap_mixed   [  41% ] 0017/2048 VUs  12m23.1s/30m0s  3000.00 iters/s

running (12m24.1s), 0026/2048 VUs, 2232083 complete and 0 interrupted iterations
cap_mixed   [  41% ] 0026/2048 VUs  12m24.1s/30m0s  3000.00 iters/s

running (12m25.1s), 0016/2048 VUs, 2235093 complete and 0 interrupted iterations
cap_mixed   [  41% ] 0016/2048 VUs  12m25.1s/30m0s  3000.00 iters/s

running (12m26.1s), 0016/2048 VUs, 2238094 complete and 0 interrupted iterations
cap_mixed   [  41% ] 0016/2048 VUs  12m26.1s/30m0s  3000.00 iters/s

running (12m27.1s), 0019/2048 VUs, 2241091 complete and 0 interrupted iterations
cap_mixed   [  42% ] 0019/2048 VUs  12m27.1s/30m0s  3000.00 iters/s

running (12m28.1s), 0017/2048 VUs, 2244093 complete and 0 interrupted iterations
cap_mixed   [  42% ] 0017/2048 VUs  12m28.1s/30m0s  3000.00 iters/s

running (12m29.1s), 0017/2048 VUs, 2247094 complete and 0 interrupted iterations
cap_mixed   [  42% ] 0017/2048 VUs  12m29.1s/30m0s  3000.00 iters/s

running (12m30.1s), 0019/2048 VUs, 2250094 complete and 0 interrupted iterations
cap_mixed   [  42% ] 0019/2048 VUs  12m30.1s/30m0s  3000.00 iters/s

running (12m31.1s), 0022/2048 VUs, 2253090 complete and 0 interrupted iterations
cap_mixed   [  42% ] 0022/2048 VUs  12m31.1s/30m0s  3000.00 iters/s

running (12m32.1s), 0035/2048 VUs, 2256076 complete and 0 interrupted iterations
cap_mixed   [  42% ] 0035/2048 VUs  12m32.1s/30m0s  3000.00 iters/s

running (12m33.1s), 0022/2048 VUs, 2259088 complete and 0 interrupted iterations
cap_mixed   [  42% ] 0022/2048 VUs  12m33.1s/30m0s  3000.00 iters/s

running (12m34.1s), 0018/2048 VUs, 2262092 complete and 0 interrupted iterations
cap_mixed   [  42% ] 0018/2048 VUs  12m34.1s/30m0s  3000.00 iters/s

running (12m35.1s), 0020/2048 VUs, 2265090 complete and 0 interrupted iterations
cap_mixed   [  42% ] 0020/2048 VUs  12m35.1s/30m0s  3000.00 iters/s

running (12m36.1s), 0021/2048 VUs, 2268088 complete and 0 interrupted iterations
cap_mixed   [  42% ] 0021/2048 VUs  12m36.1s/30m0s  3000.00 iters/s

running (12m37.1s), 0015/2048 VUs, 2271094 complete and 0 interrupted iterations
cap_mixed   [  42% ] 0015/2048 VUs  12m37.1s/30m0s  3000.00 iters/s

running (12m38.1s), 0013/2048 VUs, 2274097 complete and 0 interrupted iterations
cap_mixed   [  42% ] 0013/2048 VUs  12m38.1s/30m0s  3000.00 iters/s

running (12m39.1s), 0014/2048 VUs, 2277095 complete and 0 interrupted iterations
cap_mixed   [  42% ] 0014/2048 VUs  12m39.1s/30m0s  3000.00 iters/s

running (12m40.1s), 0020/2048 VUs, 2280089 complete and 0 interrupted iterations
cap_mixed   [  42% ] 0020/2048 VUs  12m40.1s/30m0s  3000.00 iters/s

running (12m41.1s), 0017/2048 VUs, 2283093 complete and 0 interrupted iterations
cap_mixed   [  42% ] 0017/2048 VUs  12m41.1s/30m0s  3000.00 iters/s

running (12m42.1s), 0020/2048 VUs, 2286090 complete and 0 interrupted iterations
cap_mixed   [  42% ] 0020/2048 VUs  12m42.1s/30m0s  3000.00 iters/s

running (12m43.1s), 0022/2048 VUs, 2289088 complete and 0 interrupted iterations
cap_mixed   [  42% ] 0022/2048 VUs  12m43.1s/30m0s  3000.00 iters/s

running (12m44.1s), 0014/2048 VUs, 2292096 complete and 0 interrupted iterations
cap_mixed   [  42% ] 0014/2048 VUs  12m44.1s/30m0s  3000.00 iters/s

running (12m45.1s), 0021/2048 VUs, 2295092 complete and 0 interrupted iterations
cap_mixed   [  43% ] 0021/2048 VUs  12m45.1s/30m0s  3000.00 iters/s

running (12m46.1s), 0019/2048 VUs, 2298091 complete and 0 interrupted iterations
cap_mixed   [  43% ] 0019/2048 VUs  12m46.1s/30m0s  3000.00 iters/s

running (12m47.1s), 0022/2048 VUs, 2301087 complete and 0 interrupted iterations
cap_mixed   [  43% ] 0022/2048 VUs  12m47.1s/30m0s  3000.00 iters/s

running (12m48.1s), 0013/2048 VUs, 2304097 complete and 0 interrupted iterations
cap_mixed   [  43% ] 0013/2048 VUs  12m48.1s/30m0s  3000.00 iters/s

running (12m49.1s), 0016/2048 VUs, 2307094 complete and 0 interrupted iterations
cap_mixed   [  43% ] 0016/2048 VUs  12m49.1s/30m0s  3000.00 iters/s

running (12m50.1s), 0027/2048 VUs, 2310083 complete and 0 interrupted iterations
cap_mixed   [  43% ] 0027/2048 VUs  12m50.1s/30m0s  3000.00 iters/s

running (12m51.1s), 0031/2048 VUs, 2313079 complete and 0 interrupted iterations
cap_mixed   [  43% ] 0031/2048 VUs  12m51.1s/30m0s  3000.00 iters/s

running (12m52.1s), 0013/2048 VUs, 2316096 complete and 0 interrupted iterations
cap_mixed   [  43% ] 0013/2048 VUs  12m52.1s/30m0s  3000.00 iters/s

running (12m53.1s), 0023/2048 VUs, 2319087 complete and 0 interrupted iterations
cap_mixed   [  43% ] 0023/2048 VUs  12m53.1s/30m0s  3000.00 iters/s

running (12m54.1s), 0018/2048 VUs, 2322092 complete and 0 interrupted iterations
cap_mixed   [  43% ] 0018/2048 VUs  12m54.1s/30m0s  3000.00 iters/s

running (12m55.1s), 0016/2048 VUs, 2325094 complete and 0 interrupted iterations
cap_mixed   [  43% ] 0016/2048 VUs  12m55.1s/30m0s  3000.00 iters/s

running (12m56.1s), 0018/2048 VUs, 2328092 complete and 0 interrupted iterations
cap_mixed   [  43% ] 0018/2048 VUs  12m56.1s/30m0s  3000.00 iters/s

running (12m57.1s), 0024/2048 VUs, 2331087 complete and 0 interrupted iterations
cap_mixed   [  43% ] 0024/2048 VUs  12m57.1s/30m0s  3000.00 iters/s

running (12m58.1s), 0025/2048 VUs, 2334085 complete and 0 interrupted iterations
cap_mixed   [  43% ] 0025/2048 VUs  12m58.1s/30m0s  3000.00 iters/s

running (12m59.1s), 0013/2048 VUs, 2337098 complete and 0 interrupted iterations
cap_mixed   [  43% ] 0013/2048 VUs  12m59.1s/30m0s  3000.00 iters/s

running (13m00.1s), 0023/2048 VUs, 2340087 complete and 0 interrupted iterations
cap_mixed   [  43% ] 0023/2048 VUs  13m00.1s/30m0s  3000.00 iters/s

running (13m01.1s), 0028/2048 VUs, 2343081 complete and 0 interrupted iterations
cap_mixed   [  43% ] 0028/2048 VUs  13m01.1s/30m0s  3000.00 iters/s

running (13m02.1s), 0016/2048 VUs, 2346094 complete and 0 interrupted iterations
cap_mixed   [  43% ] 0016/2048 VUs  13m02.1s/30m0s  3000.00 iters/s

running (13m03.1s), 0013/2048 VUs, 2349097 complete and 0 interrupted iterations
cap_mixed   [  44% ] 0013/2048 VUs  13m03.1s/30m0s  3000.00 iters/s

running (13m04.1s), 0032/2048 VUs, 2352078 complete and 0 interrupted iterations
cap_mixed   [  44% ] 0032/2048 VUs  13m04.1s/30m0s  3000.00 iters/s

running (13m05.1s), 0013/2048 VUs, 2355097 complete and 0 interrupted iterations
cap_mixed   [  44% ] 0013/2048 VUs  13m05.1s/30m0s  3000.00 iters/s

running (13m06.1s), 0135/2048 VUs, 2357976 complete and 0 interrupted iterations
cap_mixed   [  44% ] 0135/2048 VUs  13m06.1s/30m0s  3000.00 iters/s

running (13m07.1s), 0019/2048 VUs, 2361091 complete and 0 interrupted iterations
cap_mixed   [  44% ] 0019/2048 VUs  13m07.1s/30m0s  3000.00 iters/s

running (13m08.1s), 0021/2048 VUs, 2364089 complete and 0 interrupted iterations
cap_mixed   [  44% ] 0021/2048 VUs  13m08.1s/30m0s  3000.00 iters/s

running (13m09.1s), 0032/2048 VUs, 2367078 complete and 0 interrupted iterations
cap_mixed   [  44% ] 0032/2048 VUs  13m09.1s/30m0s  3000.00 iters/s

running (13m10.1s), 0021/2048 VUs, 2370089 complete and 0 interrupted iterations
cap_mixed   [  44% ] 0021/2048 VUs  13m10.1s/30m0s  3000.00 iters/s

running (13m11.1s), 0028/2048 VUs, 2373082 complete and 0 interrupted iterations
cap_mixed   [  44% ] 0028/2048 VUs  13m11.1s/30m0s  3000.00 iters/s

running (13m12.1s), 0018/2048 VUs, 2376092 complete and 0 interrupted iterations
cap_mixed   [  44% ] 0018/2048 VUs  13m12.1s/30m0s  3000.00 iters/s

running (13m13.1s), 0018/2048 VUs, 2379092 complete and 0 interrupted iterations
cap_mixed   [  44% ] 0018/2048 VUs  13m13.1s/30m0s  3000.00 iters/s

running (13m14.1s), 0013/2048 VUs, 2382096 complete and 0 interrupted iterations
cap_mixed   [  44% ] 0013/2048 VUs  13m14.1s/30m0s  3000.00 iters/s

running (13m15.1s), 0013/2048 VUs, 2385097 complete and 0 interrupted iterations
cap_mixed   [  44% ] 0013/2048 VUs  13m15.1s/30m0s  3000.00 iters/s

running (13m16.1s), 0026/2048 VUs, 2388084 complete and 0 interrupted iterations
cap_mixed   [  44% ] 0026/2048 VUs  13m16.1s/30m0s  3000.00 iters/s

running (13m17.1s), 0015/2048 VUs, 2391095 complete and 0 interrupted iterations
cap_mixed   [  44% ] 0015/2048 VUs  13m17.1s/30m0s  3000.00 iters/s

running (13m18.1s), 0023/2048 VUs, 2394087 complete and 0 interrupted iterations
cap_mixed   [  44% ] 0023/2048 VUs  13m18.1s/30m0s  3000.00 iters/s

running (13m19.1s), 0016/2048 VUs, 2397094 complete and 0 interrupted iterations
cap_mixed   [  44% ] 0016/2048 VUs  13m19.1s/30m0s  3000.00 iters/s

running (13m20.1s), 0025/2048 VUs, 2400085 complete and 0 interrupted iterations
cap_mixed   [  44% ] 0025/2048 VUs  13m20.1s/30m0s  3000.00 iters/s

running (13m21.1s), 0028/2048 VUs, 2403082 complete and 0 interrupted iterations
cap_mixed   [  45% ] 0028/2048 VUs  13m21.1s/30m0s  3000.00 iters/s

running (13m22.1s), 0017/2048 VUs, 2406093 complete and 0 interrupted iterations
cap_mixed   [  45% ] 0017/2048 VUs  13m22.1s/30m0s  3000.00 iters/s

running (13m23.1s), 0016/2048 VUs, 2409094 complete and 0 interrupted iterations
cap_mixed   [  45% ] 0016/2048 VUs  13m23.1s/30m0s  3000.00 iters/s

running (13m24.1s), 0021/2048 VUs, 2412089 complete and 0 interrupted iterations
cap_mixed   [  45% ] 0021/2048 VUs  13m24.1s/30m0s  3000.00 iters/s

running (13m25.1s), 0059/2048 VUs, 2415051 complete and 0 interrupted iterations
cap_mixed   [  45% ] 0059/2048 VUs  13m25.1s/30m0s  3000.00 iters/s

running (13m26.1s), 0022/2048 VUs, 2418088 complete and 0 interrupted iterations
cap_mixed   [  45% ] 0022/2048 VUs  13m26.1s/30m0s  3000.00 iters/s

running (13m27.1s), 0016/2048 VUs, 2421094 complete and 0 interrupted iterations
cap_mixed   [  45% ] 0016/2048 VUs  13m27.1s/30m0s  3000.00 iters/s

running (13m28.1s), 0019/2048 VUs, 2424091 complete and 0 interrupted iterations
cap_mixed   [  45% ] 0019/2048 VUs  13m28.1s/30m0s  3000.00 iters/s

running (13m29.1s), 0020/2048 VUs, 2427090 complete and 0 interrupted iterations
cap_mixed   [  45% ] 0020/2048 VUs  13m29.1s/30m0s  3000.00 iters/s

running (13m30.1s), 0019/2048 VUs, 2430091 complete and 0 interrupted iterations
cap_mixed   [  45% ] 0019/2048 VUs  13m30.1s/30m0s  3000.00 iters/s

running (13m31.1s), 0015/2048 VUs, 2433094 complete and 0 interrupted iterations
cap_mixed   [  45% ] 0016/2048 VUs  13m31.1s/30m0s  3000.00 iters/s

running (13m32.1s), 0014/2048 VUs, 2436096 complete and 0 interrupted iterations
cap_mixed   [  45% ] 0014/2048 VUs  13m32.1s/30m0s  3000.00 iters/s

running (13m33.1s), 0020/2048 VUs, 2439090 complete and 0 interrupted iterations
cap_mixed   [  45% ] 0020/2048 VUs  13m33.1s/30m0s  3000.00 iters/s

running (13m34.1s), 0016/2048 VUs, 2442093 complete and 0 interrupted iterations
cap_mixed   [  45% ] 0016/2048 VUs  13m34.1s/30m0s  3000.00 iters/s

running (13m35.1s), 0019/2048 VUs, 2445091 complete and 0 interrupted iterations
cap_mixed   [  45% ] 0019/2048 VUs  13m35.1s/30m0s  3000.00 iters/s

running (13m36.1s), 0045/2048 VUs, 2448065 complete and 0 interrupted iterations
cap_mixed   [  45% ] 0045/2048 VUs  13m36.1s/30m0s  3000.00 iters/s

running (13m37.1s), 0019/2048 VUs, 2451091 complete and 0 interrupted iterations
cap_mixed   [  45% ] 0019/2048 VUs  13m37.1s/30m0s  3000.00 iters/s

running (13m38.1s), 0022/2048 VUs, 2454088 complete and 0 interrupted iterations
cap_mixed   [  45% ] 0022/2048 VUs  13m38.1s/30m0s  3000.00 iters/s

running (13m39.1s), 0021/2048 VUs, 2457089 complete and 0 interrupted iterations
cap_mixed   [  46% ] 0021/2048 VUs  13m39.1s/30m0s  3000.00 iters/s

running (13m40.1s), 0026/2048 VUs, 2460084 complete and 0 interrupted iterations
cap_mixed   [  46% ] 0026/2048 VUs  13m40.1s/30m0s  3000.00 iters/s

running (13m41.1s), 0020/2048 VUs, 2463090 complete and 0 interrupted iterations
cap_mixed   [  46% ] 0020/2048 VUs  13m41.1s/30m0s  3000.00 iters/s

running (13m42.1s), 0024/2048 VUs, 2466086 complete and 0 interrupted iterations
cap_mixed   [  46% ] 0024/2048 VUs  13m42.1s/30m0s  3000.00 iters/s

running (13m43.1s), 0017/2048 VUs, 2469093 complete and 0 interrupted iterations
cap_mixed   [  46% ] 0017/2048 VUs  13m43.1s/30m0s  3000.00 iters/s

running (13m44.1s), 0038/2048 VUs, 2472072 complete and 0 interrupted iterations
cap_mixed   [  46% ] 0038/2048 VUs  13m44.1s/30m0s  3000.00 iters/s

running (13m45.1s), 0019/2048 VUs, 2475091 complete and 0 interrupted iterations
cap_mixed   [  46% ] 0019/2048 VUs  13m45.1s/30m0s  3000.00 iters/s

running (13m46.1s), 0024/2048 VUs, 2478086 complete and 0 interrupted iterations
cap_mixed   [  46% ] 0024/2048 VUs  13m46.1s/30m0s  3000.00 iters/s

running (13m47.1s), 0017/2048 VUs, 2481093 complete and 0 interrupted iterations
cap_mixed   [  46% ] 0017/2048 VUs  13m47.1s/30m0s  3000.00 iters/s

running (13m48.1s), 0015/2048 VUs, 2484095 complete and 0 interrupted iterations
cap_mixed   [  46% ] 0015/2048 VUs  13m48.1s/30m0s  3000.00 iters/s

running (13m49.1s), 0019/2048 VUs, 2487091 complete and 0 interrupted iterations
cap_mixed   [  46% ] 0019/2048 VUs  13m49.1s/30m0s  3000.00 iters/s

running (13m50.1s), 0023/2048 VUs, 2490087 complete and 0 interrupted iterations
cap_mixed   [  46% ] 0023/2048 VUs  13m50.1s/30m0s  3000.00 iters/s

running (13m51.1s), 0020/2048 VUs, 2493091 complete and 0 interrupted iterations
cap_mixed   [  46% ] 0020/2048 VUs  13m51.1s/30m0s  3000.00 iters/s

running (13m52.1s), 0024/2048 VUs, 2496086 complete and 0 interrupted iterations
cap_mixed   [  46% ] 0024/2048 VUs  13m52.1s/30m0s  3000.00 iters/s

running (13m53.1s), 0026/2048 VUs, 2499084 complete and 0 interrupted iterations
cap_mixed   [  46% ] 0026/2048 VUs  13m53.1s/30m0s  3000.00 iters/s

running (13m54.1s), 0028/2048 VUs, 2502082 complete and 0 interrupted iterations
cap_mixed   [  46% ] 0027/2048 VUs  13m54.1s/30m0s  3000.00 iters/s

running (13m55.1s), 0019/2048 VUs, 2505091 complete and 0 interrupted iterations
cap_mixed   [  46% ] 0019/2048 VUs  13m55.1s/30m0s  3000.00 iters/s

running (13m56.1s), 0014/2048 VUs, 2508096 complete and 0 interrupted iterations
cap_mixed   [  46% ] 0014/2048 VUs  13m56.1s/30m0s  3000.00 iters/s

running (13m57.1s), 0018/2048 VUs, 2511092 complete and 0 interrupted iterations
cap_mixed   [  47% ] 0018/2048 VUs  13m57.1s/30m0s  3000.00 iters/s

running (13m58.1s), 0016/2048 VUs, 2514093 complete and 0 interrupted iterations
cap_mixed   [  47% ] 0016/2048 VUs  13m58.1s/30m0s  3000.00 iters/s

running (13m59.1s), 0033/2048 VUs, 2517079 complete and 0 interrupted iterations
cap_mixed   [  47% ] 0033/2048 VUs  13m59.1s/30m0s  3000.00 iters/s

running (14m00.1s), 0016/2048 VUs, 2520094 complete and 0 interrupted iterations
cap_mixed   [  47% ] 0016/2048 VUs  14m00.1s/30m0s  3000.00 iters/s

running (14m01.1s), 0020/2048 VUs, 2523089 complete and 0 interrupted iterations
cap_mixed   [  47% ] 0020/2048 VUs  14m01.1s/30m0s  3000.00 iters/s

running (14m02.1s), 0013/2048 VUs, 2526097 complete and 0 interrupted iterations
cap_mixed   [  47% ] 0013/2048 VUs  14m02.1s/30m0s  3000.00 iters/s

running (14m03.1s), 0184/2048 VUs, 2528926 complete and 0 interrupted iterations
cap_mixed   [  47% ] 0184/2048 VUs  14m03.1s/30m0s  3000.00 iters/s

running (14m04.1s), 0020/2048 VUs, 2532090 complete and 0 interrupted iterations
cap_mixed   [  47% ] 0020/2048 VUs  14m04.1s/30m0s  3000.00 iters/s

running (14m05.1s), 0018/2048 VUs, 2535092 complete and 0 interrupted iterations
cap_mixed   [  47% ] 0018/2048 VUs  14m05.1s/30m0s  3000.00 iters/s

running (14m06.1s), 0023/2048 VUs, 2538087 complete and 0 interrupted iterations
cap_mixed   [  47% ] 0023/2048 VUs  14m06.1s/30m0s  3000.00 iters/s

running (14m07.1s), 0016/2048 VUs, 2541094 complete and 0 interrupted iterations
cap_mixed   [  47% ] 0016/2048 VUs  14m07.1s/30m0s  3000.00 iters/s

running (14m08.1s), 0020/2048 VUs, 2544090 complete and 0 interrupted iterations
cap_mixed   [  47% ] 0020/2048 VUs  14m08.1s/30m0s  3000.00 iters/s

running (14m09.1s), 0017/2048 VUs, 2547093 complete and 0 interrupted iterations
cap_mixed   [  47% ] 0017/2048 VUs  14m09.1s/30m0s  3000.00 iters/s

running (14m10.1s), 0013/2048 VUs, 2550097 complete and 0 interrupted iterations
cap_mixed   [  47% ] 0013/2048 VUs  14m10.1s/30m0s  3000.00 iters/s

running (14m11.1s), 0011/2048 VUs, 2553099 complete and 0 interrupted iterations
cap_mixed   [  47% ] 0011/2048 VUs  14m11.1s/30m0s  3000.00 iters/s

running (14m12.1s), 0017/2048 VUs, 2556093 complete and 0 interrupted iterations
cap_mixed   [  47% ] 0017/2048 VUs  14m12.1s/30m0s  3000.00 iters/s

running (14m13.1s), 0018/2048 VUs, 2559092 complete and 0 interrupted iterations
cap_mixed   [  47% ] 0018/2048 VUs  14m13.1s/30m0s  3000.00 iters/s

running (14m14.1s), 0016/2048 VUs, 2562094 complete and 0 interrupted iterations
cap_mixed   [  47% ] 0016/2048 VUs  14m14.1s/30m0s  3000.00 iters/s

running (14m15.1s), 0022/2048 VUs, 2565088 complete and 0 interrupted iterations
cap_mixed   [  48% ] 0022/2048 VUs  14m15.1s/30m0s  3000.00 iters/s

running (14m16.1s), 0016/2048 VUs, 2568094 complete and 0 interrupted iterations
cap_mixed   [  48% ] 0016/2048 VUs  14m16.1s/30m0s  3000.00 iters/s

running (14m17.1s), 0023/2048 VUs, 2571087 complete and 0 interrupted iterations
cap_mixed   [  48% ] 0023/2048 VUs  14m17.1s/30m0s  3000.00 iters/s

running (14m18.1s), 0034/2048 VUs, 2574076 complete and 0 interrupted iterations
cap_mixed   [  48% ] 0034/2048 VUs  14m18.1s/30m0s  3000.00 iters/s

running (14m19.1s), 0024/2048 VUs, 2577086 complete and 0 interrupted iterations
cap_mixed   [  48% ] 0024/2048 VUs  14m19.1s/30m0s  3000.00 iters/s

running (14m20.1s), 0017/2048 VUs, 2580093 complete and 0 interrupted iterations
cap_mixed   [  48% ] 0017/2048 VUs  14m20.1s/30m0s  3000.00 iters/s

running (14m21.1s), 0020/2048 VUs, 2583090 complete and 0 interrupted iterations
cap_mixed   [  48% ] 0020/2048 VUs  14m21.1s/30m0s  3000.00 iters/s

running (14m22.1s), 0023/2048 VUs, 2586087 complete and 0 interrupted iterations
cap_mixed   [  48% ] 0023/2048 VUs  14m22.1s/30m0s  3000.00 iters/s

running (14m23.1s), 0019/2048 VUs, 2589091 complete and 0 interrupted iterations
cap_mixed   [  48% ] 0019/2048 VUs  14m23.1s/30m0s  3000.00 iters/s

running (14m24.1s), 0013/2048 VUs, 2592097 complete and 0 interrupted iterations
cap_mixed   [  48% ] 0013/2048 VUs  14m24.1s/30m0s  3000.00 iters/s

running (14m25.1s), 0017/2048 VUs, 2595093 complete and 0 interrupted iterations
cap_mixed   [  48% ] 0017/2048 VUs  14m25.1s/30m0s  3000.00 iters/s

running (14m26.1s), 0021/2048 VUs, 2598089 complete and 0 interrupted iterations
cap_mixed   [  48% ] 0021/2048 VUs  14m26.1s/30m0s  3000.00 iters/s

running (14m27.1s), 0024/2048 VUs, 2601086 complete and 0 interrupted iterations
cap_mixed   [  48% ] 0024/2048 VUs  14m27.1s/30m0s  3000.00 iters/s

running (14m28.1s), 0017/2048 VUs, 2604093 complete and 0 interrupted iterations
cap_mixed   [  48% ] 0017/2048 VUs  14m28.1s/30m0s  3000.00 iters/s

running (14m29.1s), 0016/2048 VUs, 2607094 complete and 0 interrupted iterations
cap_mixed   [  48% ] 0016/2048 VUs  14m29.1s/30m0s  3000.00 iters/s

running (14m30.1s), 0039/2048 VUs, 2610071 complete and 0 interrupted iterations
cap_mixed   [  48% ] 0039/2048 VUs  14m30.1s/30m0s  3000.00 iters/s

running (14m31.1s), 0017/2048 VUs, 2613093 complete and 0 interrupted iterations
cap_mixed   [  48% ] 0017/2048 VUs  14m31.1s/30m0s  3000.00 iters/s

running (14m32.1s), 0021/2048 VUs, 2616089 complete and 0 interrupted iterations
cap_mixed   [  48% ] 0021/2048 VUs  14m32.1s/30m0s  3000.00 iters/s

running (14m33.1s), 0017/2048 VUs, 2619093 complete and 0 interrupted iterations
cap_mixed   [  49% ] 0017/2048 VUs  14m33.1s/30m0s  3000.00 iters/s

running (14m34.1s), 0029/2048 VUs, 2622081 complete and 0 interrupted iterations
cap_mixed   [  49% ] 0029/2048 VUs  14m34.1s/30m0s  3000.00 iters/s

running (14m35.1s), 0025/2048 VUs, 2625085 complete and 0 interrupted iterations
cap_mixed   [  49% ] 0024/2048 VUs  14m35.1s/30m0s  3000.00 iters/s

running (14m36.1s), 0026/2048 VUs, 2628084 complete and 0 interrupted iterations
cap_mixed   [  49% ] 0026/2048 VUs  14m36.1s/30m0s  3000.00 iters/s

running (14m37.1s), 0021/2048 VUs, 2631089 complete and 0 interrupted iterations
cap_mixed   [  49% ] 0021/2048 VUs  14m37.1s/30m0s  3000.00 iters/s

running (14m38.1s), 0014/2048 VUs, 2634096 complete and 0 interrupted iterations
cap_mixed   [  49% ] 0014/2048 VUs  14m38.1s/30m0s  3000.00 iters/s

running (14m39.1s), 0011/2048 VUs, 2637099 complete and 0 interrupted iterations
cap_mixed   [  49% ] 0011/2048 VUs  14m39.1s/30m0s  3000.00 iters/s

running (14m40.1s), 0028/2048 VUs, 2640082 complete and 0 interrupted iterations
cap_mixed   [  49% ] 0028/2048 VUs  14m40.1s/30m0s  3000.00 iters/s

running (14m41.1s), 0019/2048 VUs, 2643091 complete and 0 interrupted iterations
cap_mixed   [  49% ] 0019/2048 VUs  14m41.1s/30m0s  3000.00 iters/s

running (14m42.1s), 0023/2048 VUs, 2646087 complete and 0 interrupted iterations
cap_mixed   [  49% ] 0023/2048 VUs  14m42.1s/30m0s  3000.00 iters/s

running (14m43.1s), 0021/2048 VUs, 2649089 complete and 0 interrupted iterations
cap_mixed   [  49% ] 0021/2048 VUs  14m43.1s/30m0s  3000.00 iters/s

running (14m44.1s), 0024/2048 VUs, 2652086 complete and 0 interrupted iterations
cap_mixed   [  49% ] 0024/2048 VUs  14m44.1s/30m0s  3000.00 iters/s

running (14m45.1s), 0022/2048 VUs, 2655088 complete and 0 interrupted iterations
cap_mixed   [  49% ] 0022/2048 VUs  14m45.1s/30m0s  3000.00 iters/s

running (14m46.1s), 0016/2048 VUs, 2658094 complete and 0 interrupted iterations
cap_mixed   [  49% ] 0016/2048 VUs  14m46.1s/30m0s  3000.00 iters/s

running (14m47.1s), 0030/2048 VUs, 2661080 complete and 0 interrupted iterations
cap_mixed   [  49% ] 0030/2048 VUs  14m47.1s/30m0s  3000.00 iters/s

running (14m48.1s), 0020/2048 VUs, 2664090 complete and 0 interrupted iterations
cap_mixed   [  49% ] 0020/2048 VUs  14m48.1s/30m0s  3000.00 iters/s

running (14m49.1s), 0018/2048 VUs, 2667092 complete and 0 interrupted iterations
cap_mixed   [  49% ] 0018/2048 VUs  14m49.1s/30m0s  3000.00 iters/s

running (14m50.1s), 0016/2048 VUs, 2670094 complete and 0 interrupted iterations
cap_mixed   [  49% ] 0016/2048 VUs  14m50.1s/30m0s  3000.00 iters/s

running (14m51.1s), 0020/2048 VUs, 2673090 complete and 0 interrupted iterations
cap_mixed   [  50% ] 0020/2048 VUs  14m51.1s/30m0s  3000.00 iters/s

running (14m52.1s), 0029/2048 VUs, 2676081 complete and 0 interrupted iterations
cap_mixed   [  50% ] 0029/2048 VUs  14m52.1s/30m0s  3000.00 iters/s

running (14m53.1s), 0019/2048 VUs, 2679091 complete and 0 interrupted iterations
cap_mixed   [  50% ] 0019/2048 VUs  14m53.1s/30m0s  3000.00 iters/s

running (14m54.1s), 0012/2048 VUs, 2682098 complete and 0 interrupted iterations
cap_mixed   [  50% ] 0012/2048 VUs  14m54.1s/30m0s  3000.00 iters/s

running (14m55.1s), 0019/2048 VUs, 2685091 complete and 0 interrupted iterations
cap_mixed   [  50% ] 0019/2048 VUs  14m55.1s/30m0s  3000.00 iters/s

running (14m56.1s), 0015/2048 VUs, 2688095 complete and 0 interrupted iterations
cap_mixed   [  50% ] 0015/2048 VUs  14m56.1s/30m0s  3000.00 iters/s

running (14m57.1s), 0022/2048 VUs, 2691088 complete and 0 interrupted iterations
cap_mixed   [  50% ] 0022/2048 VUs  14m57.1s/30m0s  3000.00 iters/s

running (14m58.1s), 0025/2048 VUs, 2694085 complete and 0 interrupted iterations
cap_mixed   [  50% ] 0025/2048 VUs  14m58.1s/30m0s  3000.00 iters/s

running (14m59.1s), 0020/2048 VUs, 2697089 complete and 0 interrupted iterations
cap_mixed   [  50% ] 0020/2048 VUs  14m59.1s/30m0s  3000.00 iters/s

running (15m00.1s), 0161/2048 VUs, 2699949 complete and 0 interrupted iterations
cap_mixed   [  50% ] 0161/2048 VUs  15m00.1s/30m0s  3000.00 iters/s

running (15m01.1s), 0025/2048 VUs, 2703085 complete and 0 interrupted iterations
cap_mixed   [  50% ] 0025/2048 VUs  15m01.1s/30m0s  3000.00 iters/s

running (15m02.1s), 0016/2048 VUs, 2706094 complete and 0 interrupted iterations
cap_mixed   [  50% ] 0016/2048 VUs  15m02.1s/30m0s  3000.00 iters/s

running (15m03.1s), 0023/2048 VUs, 2709087 complete and 0 interrupted iterations
cap_mixed   [  50% ] 0023/2048 VUs  15m03.1s/30m0s  3000.00 iters/s

running (15m04.1s), 0015/2048 VUs, 2712095 complete and 0 interrupted iterations
cap_mixed   [  50% ] 0015/2048 VUs  15m04.1s/30m0s  3000.00 iters/s

running (15m05.1s), 0024/2048 VUs, 2715085 complete and 0 interrupted iterations
cap_mixed   [  50% ] 0024/2048 VUs  15m05.1s/30m0s  3000.00 iters/s

running (15m06.1s), 0028/2048 VUs, 2718081 complete and 0 interrupted iterations
cap_mixed   [  50% ] 0029/2048 VUs  15m06.1s/30m0s  3000.00 iters/s

running (15m07.1s), 0028/2048 VUs, 2721082 complete and 0 interrupted iterations
cap_mixed   [  50% ] 0028/2048 VUs  15m07.1s/30m0s  3000.00 iters/s

running (15m08.1s), 0015/2048 VUs, 2724095 complete and 0 interrupted iterations
cap_mixed   [  50% ] 0015/2048 VUs  15m08.1s/30m0s  3000.00 iters/s

running (15m09.1s), 0029/2048 VUs, 2727081 complete and 0 interrupted iterations
cap_mixed   [  51% ] 0029/2048 VUs  15m09.1s/30m0s  3000.00 iters/s

running (15m10.1s), 0045/2048 VUs, 2730065 complete and 0 interrupted iterations
cap_mixed   [  51% ] 0045/2048 VUs  15m10.1s/30m0s  3000.00 iters/s

running (15m11.1s), 0020/2048 VUs, 2733089 complete and 0 interrupted iterations
cap_mixed   [  51% ] 0021/2048 VUs  15m11.1s/30m0s  3000.00 iters/s

running (15m12.1s), 0014/2048 VUs, 2736096 complete and 0 interrupted iterations
cap_mixed   [  51% ] 0014/2048 VUs  15m12.1s/30m0s  3000.00 iters/s

running (15m13.1s), 0025/2048 VUs, 2739085 complete and 0 interrupted iterations
cap_mixed   [  51% ] 0025/2048 VUs  15m13.1s/30m0s  3000.00 iters/s

running (15m14.1s), 0016/2048 VUs, 2742095 complete and 0 interrupted iterations
cap_mixed   [  51% ] 0016/2048 VUs  15m14.1s/30m0s  3000.00 iters/s

running (15m15.1s), 0016/2048 VUs, 2745094 complete and 0 interrupted iterations
cap_mixed   [  51% ] 0016/2048 VUs  15m15.1s/30m0s  3000.00 iters/s

running (15m16.1s), 0017/2048 VUs, 2748093 complete and 0 interrupted iterations
cap_mixed   [  51% ] 0017/2048 VUs  15m16.1s/30m0s  3000.00 iters/s

running (15m17.1s), 0011/2048 VUs, 2751099 complete and 0 interrupted iterations
cap_mixed   [  51% ] 0011/2048 VUs  15m17.1s/30m0s  3000.00 iters/s

running (15m18.1s), 0027/2048 VUs, 2754083 complete and 0 interrupted iterations
cap_mixed   [  51% ] 0027/2048 VUs  15m18.1s/30m0s  3000.00 iters/s

running (15m19.1s), 0030/2048 VUs, 2757080 complete and 0 interrupted iterations
cap_mixed   [  51% ] 0029/2048 VUs  15m19.1s/30m0s  3000.00 iters/s

running (15m20.1s), 0017/2048 VUs, 2760093 complete and 0 interrupted iterations
cap_mixed   [  51% ] 0017/2048 VUs  15m20.1s/30m0s  3000.00 iters/s

running (15m21.1s), 0019/2048 VUs, 2763091 complete and 0 interrupted iterations
cap_mixed   [  51% ] 0019/2048 VUs  15m21.1s/30m0s  3000.00 iters/s

running (15m22.1s), 0032/2048 VUs, 2766078 complete and 0 interrupted iterations
cap_mixed   [  51% ] 0032/2048 VUs  15m22.1s/30m0s  3000.00 iters/s

running (15m23.1s), 0018/2048 VUs, 2769092 complete and 0 interrupted iterations
cap_mixed   [  51% ] 0018/2048 VUs  15m23.1s/30m0s  3000.00 iters/s

running (15m24.1s), 0041/2048 VUs, 2772069 complete and 0 interrupted iterations
cap_mixed   [  51% ] 0041/2048 VUs  15m24.1s/30m0s  3000.00 iters/s

running (15m25.1s), 0020/2048 VUs, 2775090 complete and 0 interrupted iterations
cap_mixed   [  51% ] 0020/2048 VUs  15m25.1s/30m0s  3000.00 iters/s

running (15m26.1s), 0014/2048 VUs, 2778096 complete and 0 interrupted iterations
cap_mixed   [  51% ] 0014/2048 VUs  15m26.1s/30m0s  3000.00 iters/s

running (15m27.1s), 0015/2048 VUs, 2781095 complete and 0 interrupted iterations
cap_mixed   [  52% ] 0015/2048 VUs  15m27.1s/30m0s  3000.00 iters/s

running (15m28.1s), 0015/2048 VUs, 2784095 complete and 0 interrupted iterations
cap_mixed   [  52% ] 0015/2048 VUs  15m28.1s/30m0s  3000.00 iters/s

running (15m29.1s), 0018/2048 VUs, 2787092 complete and 0 interrupted iterations
cap_mixed   [  52% ] 0018/2048 VUs  15m29.1s/30m0s  3000.00 iters/s

running (15m30.1s), 0020/2048 VUs, 2790090 complete and 0 interrupted iterations
cap_mixed   [  52% ] 0020/2048 VUs  15m30.1s/30m0s  3000.00 iters/s

running (15m31.1s), 0016/2048 VUs, 2793094 complete and 0 interrupted iterations
cap_mixed   [  52% ] 0016/2048 VUs  15m31.1s/30m0s  3000.00 iters/s

running (15m32.1s), 0024/2048 VUs, 2796086 complete and 0 interrupted iterations
cap_mixed   [  52% ] 0024/2048 VUs  15m32.1s/30m0s  3000.00 iters/s

running (15m33.1s), 0017/2048 VUs, 2799093 complete and 0 interrupted iterations
cap_mixed   [  52% ] 0017/2048 VUs  15m33.1s/30m0s  3000.00 iters/s

running (15m34.1s), 0039/2048 VUs, 2802071 complete and 0 interrupted iterations
cap_mixed   [  52% ] 0039/2048 VUs  15m34.1s/30m0s  3000.00 iters/s

running (15m35.1s), 0016/2048 VUs, 2805094 complete and 0 interrupted iterations
cap_mixed   [  52% ] 0016/2048 VUs  15m35.1s/30m0s  3000.00 iters/s

running (15m36.1s), 0017/2048 VUs, 2808093 complete and 0 interrupted iterations
cap_mixed   [  52% ] 0017/2048 VUs  15m36.1s/30m0s  3000.00 iters/s

running (15m37.1s), 0012/2048 VUs, 2811098 complete and 0 interrupted iterations
cap_mixed   [  52% ] 0012/2048 VUs  15m37.1s/30m0s  3000.00 iters/s

running (15m38.1s), 0016/2048 VUs, 2814094 complete and 0 interrupted iterations
cap_mixed   [  52% ] 0016/2048 VUs  15m38.1s/30m0s  3000.00 iters/s

running (15m39.1s), 0025/2048 VUs, 2817085 complete and 0 interrupted iterations
cap_mixed   [  52% ] 0025/2048 VUs  15m39.1s/30m0s  3000.00 iters/s

running (15m40.1s), 0024/2048 VUs, 2820085 complete and 0 interrupted iterations
cap_mixed   [  52% ] 0025/2048 VUs  15m40.1s/30m0s  3000.00 iters/s

running (15m41.1s), 0014/2048 VUs, 2823095 complete and 0 interrupted iterations
cap_mixed   [  52% ] 0015/2048 VUs  15m41.1s/30m0s  3000.00 iters/s

running (15m42.1s), 0022/2048 VUs, 2826088 complete and 0 interrupted iterations
cap_mixed   [  52% ] 0022/2048 VUs  15m42.1s/30m0s  3000.00 iters/s

running (15m43.1s), 0017/2048 VUs, 2829093 complete and 0 interrupted iterations
cap_mixed   [  52% ] 0017/2048 VUs  15m43.1s/30m0s  3000.00 iters/s

running (15m44.1s), 0015/2048 VUs, 2832095 complete and 0 interrupted iterations
cap_mixed   [  52% ] 0015/2048 VUs  15m44.1s/30m0s  3000.00 iters/s

running (15m45.1s), 0035/2048 VUs, 2835075 complete and 0 interrupted iterations
cap_mixed   [  53% ] 0035/2048 VUs  15m45.1s/30m0s  3000.00 iters/s

running (15m46.1s), 0024/2048 VUs, 2838086 complete and 0 interrupted iterations
cap_mixed   [  53% ] 0024/2048 VUs  15m46.1s/30m0s  3000.00 iters/s

running (15m47.1s), 0030/2048 VUs, 2841080 complete and 0 interrupted iterations
cap_mixed   [  53% ] 0030/2048 VUs  15m47.1s/30m0s  3000.00 iters/s

running (15m48.1s), 0017/2048 VUs, 2844093 complete and 0 interrupted iterations
cap_mixed   [  53% ] 0017/2048 VUs  15m48.1s/30m0s  3000.00 iters/s

running (15m49.1s), 0013/2048 VUs, 2847097 complete and 0 interrupted iterations
cap_mixed   [  53% ] 0013/2048 VUs  15m49.1s/30m0s  3000.00 iters/s

running (15m50.1s), 0017/2048 VUs, 2850091 complete and 0 interrupted iterations
cap_mixed   [  53% ] 0017/2048 VUs  15m50.1s/30m0s  3000.00 iters/s

running (15m51.1s), 0020/2048 VUs, 2853090 complete and 0 interrupted iterations
cap_mixed   [  53% ] 0020/2048 VUs  15m51.1s/30m0s  3000.00 iters/s

running (15m52.1s), 0021/2048 VUs, 2856090 complete and 0 interrupted iterations
cap_mixed   [  53% ] 0021/2048 VUs  15m52.1s/30m0s  3000.00 iters/s

running (15m53.1s), 0014/2048 VUs, 2859096 complete and 0 interrupted iterations
cap_mixed   [  53% ] 0014/2048 VUs  15m53.1s/30m0s  3000.00 iters/s

running (15m54.1s), 0022/2048 VUs, 2862088 complete and 0 interrupted iterations
cap_mixed   [  53% ] 0022/2048 VUs  15m54.1s/30m0s  3000.00 iters/s

running (15m55.1s), 0018/2048 VUs, 2865093 complete and 0 interrupted iterations
cap_mixed   [  53% ] 0018/2048 VUs  15m55.1s/30m0s  3000.00 iters/s

running (15m56.1s), 0196/2048 VUs, 2867914 complete and 0 interrupted iterations
cap_mixed   [  53% ] 0196/2048 VUs  15m56.1s/30m0s  3000.00 iters/s

running (15m57.1s), 0020/2048 VUs, 2871090 complete and 0 interrupted iterations
cap_mixed   [  53% ] 0020/2048 VUs  15m57.1s/30m0s  3000.00 iters/s

running (15m58.1s), 0021/2048 VUs, 2874089 complete and 0 interrupted iterations
cap_mixed   [  53% ] 0021/2048 VUs  15m58.1s/30m0s  3000.00 iters/s

running (15m59.1s), 0023/2048 VUs, 2877087 complete and 0 interrupted iterations
cap_mixed   [  53% ] 0023/2048 VUs  15m59.1s/30m0s  3000.00 iters/s

running (16m00.1s), 0020/2048 VUs, 2880090 complete and 0 interrupted iterations
cap_mixed   [  53% ] 0020/2048 VUs  16m00.1s/30m0s  3000.00 iters/s

running (16m01.1s), 0017/2048 VUs, 2883094 complete and 0 interrupted iterations
cap_mixed   [  53% ] 0017/2048 VUs  16m01.1s/30m0s  3000.00 iters/s

running (16m02.1s), 0019/2048 VUs, 2886092 complete and 0 interrupted iterations
cap_mixed   [  53% ] 0019/2048 VUs  16m02.1s/30m0s  3000.00 iters/s

running (16m03.1s), 0034/2048 VUs, 2889076 complete and 0 interrupted iterations
cap_mixed   [  54% ] 0034/2048 VUs  16m03.1s/30m0s  3000.00 iters/s

running (16m04.1s), 0010/2048 VUs, 2892100 complete and 0 interrupted iterations
cap_mixed   [  54% ] 0010/2048 VUs  16m04.1s/30m0s  3000.00 iters/s

running (16m05.1s), 0023/2048 VUs, 2895087 complete and 0 interrupted iterations
cap_mixed   [  54% ] 0023/2048 VUs  16m05.1s/30m0s  3000.00 iters/s

running (16m06.1s), 0019/2048 VUs, 2898091 complete and 0 interrupted iterations
cap_mixed   [  54% ] 0019/2048 VUs  16m06.1s/30m0s  3000.00 iters/s

running (16m07.1s), 0098/2048 VUs, 2901012 complete and 0 interrupted iterations
cap_mixed   [  54% ] 0098/2048 VUs  16m07.1s/30m0s  3000.00 iters/s

running (16m08.1s), 0030/2048 VUs, 2904081 complete and 0 interrupted iterations
cap_mixed   [  54% ] 0030/2048 VUs  16m08.1s/30m0s  3000.00 iters/s

running (16m09.1s), 0019/2048 VUs, 2907092 complete and 0 interrupted iterations
cap_mixed   [  54% ] 0019/2048 VUs  16m09.1s/30m0s  3000.00 iters/s

running (16m10.1s), 0013/2048 VUs, 2910097 complete and 0 interrupted iterations
cap_mixed   [  54% ] 0013/2048 VUs  16m10.1s/30m0s  3000.00 iters/s

running (16m11.1s), 0026/2048 VUs, 2913084 complete and 0 interrupted iterations
cap_mixed   [  54% ] 0026/2048 VUs  16m11.1s/30m0s  3000.00 iters/s

running (16m12.1s), 0016/2048 VUs, 2916094 complete and 0 interrupted iterations
cap_mixed   [  54% ] 0016/2048 VUs  16m12.1s/30m0s  3000.00 iters/s

running (16m13.1s), 0023/2048 VUs, 2919087 complete and 0 interrupted iterations
cap_mixed   [  54% ] 0023/2048 VUs  16m13.1s/30m0s  3000.00 iters/s

running (16m14.1s), 0026/2048 VUs, 2922084 complete and 0 interrupted iterations
cap_mixed   [  54% ] 0026/2048 VUs  16m14.1s/30m0s  3000.00 iters/s

running (16m15.1s), 0021/2048 VUs, 2925090 complete and 0 interrupted iterations
cap_mixed   [  54% ] 0021/2048 VUs  16m15.1s/30m0s  3000.00 iters/s

running (16m16.1s), 0020/2048 VUs, 2928091 complete and 0 interrupted iterations
cap_mixed   [  54% ] 0020/2048 VUs  16m16.1s/30m0s  3000.00 iters/s

running (16m17.1s), 0026/2048 VUs, 2931084 complete and 0 interrupted iterations
cap_mixed   [  54% ] 0026/2048 VUs  16m17.1s/30m0s  3000.00 iters/s

running (16m18.1s), 0015/2048 VUs, 2934095 complete and 0 interrupted iterations
cap_mixed   [  54% ] 0015/2048 VUs  16m18.1s/30m0s  3000.00 iters/s

running (16m19.1s), 0020/2048 VUs, 2937091 complete and 0 interrupted iterations
cap_mixed   [  54% ] 0020/2048 VUs  16m19.1s/30m0s  3000.00 iters/s

running (16m20.1s), 0024/2048 VUs, 2940087 complete and 0 interrupted iterations
cap_mixed   [  54% ] 0024/2048 VUs  16m20.1s/30m0s  3000.00 iters/s

running (16m21.1s), 0031/2048 VUs, 2943079 complete and 0 interrupted iterations
cap_mixed   [  55% ] 0031/2048 VUs  16m21.1s/30m0s  3000.00 iters/s

running (16m22.1s), 0011/2048 VUs, 2946099 complete and 0 interrupted iterations
cap_mixed   [  55% ] 0011/2048 VUs  16m22.1s/30m0s  3000.00 iters/s

running (16m23.1s), 0029/2048 VUs, 2949079 complete and 0 interrupted iterations
cap_mixed   [  55% ] 0029/2048 VUs  16m23.1s/30m0s  3000.00 iters/s

running (16m24.1s), 0022/2048 VUs, 2952089 complete and 0 interrupted iterations
cap_mixed   [  55% ] 0022/2048 VUs  16m24.1s/30m0s  3000.00 iters/s

running (16m25.1s), 0016/2048 VUs, 2955094 complete and 0 interrupted iterations
cap_mixed   [  55% ] 0016/2048 VUs  16m25.1s/30m0s  3000.00 iters/s

running (16m26.1s), 0034/2048 VUs, 2958076 complete and 0 interrupted iterations
cap_mixed   [  55% ] 0034/2048 VUs  16m26.1s/30m0s  3000.00 iters/s

running (16m27.1s), 0022/2048 VUs, 2961089 complete and 0 interrupted iterations
cap_mixed   [  55% ] 0022/2048 VUs  16m27.1s/30m0s  3000.00 iters/s

running (16m28.1s), 0027/2048 VUs, 2964083 complete and 0 interrupted iterations
cap_mixed   [  55% ] 0027/2048 VUs  16m28.1s/30m0s  3000.00 iters/s

running (16m29.1s), 0024/2048 VUs, 2967086 complete and 0 interrupted iterations
cap_mixed   [  55% ] 0024/2048 VUs  16m29.1s/30m0s  3000.00 iters/s

running (16m30.1s), 0024/2048 VUs, 2970086 complete and 0 interrupted iterations
cap_mixed   [  55% ] 0024/2048 VUs  16m30.1s/30m0s  3000.00 iters/s

running (16m31.1s), 0014/2048 VUs, 2973096 complete and 0 interrupted iterations
cap_mixed   [  55% ] 0015/2048 VUs  16m31.1s/30m0s  3000.00 iters/s

running (16m32.1s), 0017/2048 VUs, 2976093 complete and 0 interrupted iterations
cap_mixed   [  55% ] 0017/2048 VUs  16m32.1s/30m0s  3000.00 iters/s

running (16m33.1s), 0013/2048 VUs, 2979097 complete and 0 interrupted iterations
cap_mixed   [  55% ] 0013/2048 VUs  16m33.1s/30m0s  3000.00 iters/s

running (16m34.1s), 0024/2048 VUs, 2982086 complete and 0 interrupted iterations
cap_mixed   [  55% ] 0024/2048 VUs  16m34.1s/30m0s  3000.00 iters/s

running (16m35.1s), 0022/2048 VUs, 2985088 complete and 0 interrupted iterations
cap_mixed   [  55% ] 0022/2048 VUs  16m35.1s/30m0s  3000.00 iters/s

running (16m36.1s), 0025/2048 VUs, 2988085 complete and 0 interrupted iterations
cap_mixed   [  55% ] 0025/2048 VUs  16m36.1s/30m0s  3000.00 iters/s

running (16m37.1s), 0021/2048 VUs, 2991089 complete and 0 interrupted iterations
cap_mixed   [  55% ] 0021/2048 VUs  16m37.1s/30m0s  3000.00 iters/s

running (16m38.1s), 0014/2048 VUs, 2994096 complete and 0 interrupted iterations
cap_mixed   [  55% ] 0014/2048 VUs  16m38.1s/30m0s  3000.00 iters/s

running (16m39.1s), 0019/2048 VUs, 2997092 complete and 0 interrupted iterations
cap_mixed   [  56% ] 0019/2048 VUs  16m39.1s/30m0s  3000.00 iters/s

running (16m40.1s), 0025/2048 VUs, 3000087 complete and 0 interrupted iterations
cap_mixed   [  56% ] 0025/2048 VUs  16m40.1s/30m0s  3000.00 iters/s

running (16m41.1s), 0019/2048 VUs, 3003092 complete and 0 interrupted iterations
cap_mixed   [  56% ] 0019/2048 VUs  16m41.1s/30m0s  3000.00 iters/s

running (16m42.1s), 0029/2048 VUs, 3006082 complete and 0 interrupted iterations
cap_mixed   [  56% ] 0029/2048 VUs  16m42.1s/30m0s  3000.00 iters/s

running (16m43.1s), 0013/2048 VUs, 3009097 complete and 0 interrupted iterations
cap_mixed   [  56% ] 0013/2048 VUs  16m43.1s/30m0s  3000.00 iters/s

running (16m44.1s), 0013/2048 VUs, 3012098 complete and 0 interrupted iterations
cap_mixed   [  56% ] 0013/2048 VUs  16m44.1s/30m0s  3000.00 iters/s

running (16m45.1s), 0020/2048 VUs, 3015090 complete and 0 interrupted iterations
cap_mixed   [  56% ] 0020/2048 VUs  16m45.1s/30m0s  3000.00 iters/s

running (16m46.1s), 0016/2048 VUs, 3018095 complete and 0 interrupted iterations
cap_mixed   [  56% ] 0016/2048 VUs  16m46.1s/30m0s  3000.00 iters/s

running (16m47.1s), 0016/2048 VUs, 3021094 complete and 0 interrupted iterations
cap_mixed   [  56% ] 0016/2048 VUs  16m47.1s/30m0s  3000.00 iters/s

running (16m48.1s), 0022/2048 VUs, 3024088 complete and 0 interrupted iterations
cap_mixed   [  56% ] 0022/2048 VUs  16m48.1s/30m0s  3000.00 iters/s

running (16m49.1s), 0018/2048 VUs, 3027093 complete and 0 interrupted iterations
cap_mixed   [  56% ] 0018/2048 VUs  16m49.1s/30m0s  3000.00 iters/s

running (16m50.1s), 0018/2048 VUs, 3030093 complete and 0 interrupted iterations
cap_mixed   [  56% ] 0018/2048 VUs  16m50.1s/30m0s  3000.00 iters/s

running (16m51.1s), 0017/2048 VUs, 3033093 complete and 0 interrupted iterations
cap_mixed   [  56% ] 0017/2048 VUs  16m51.1s/30m0s  3000.00 iters/s

running (16m52.1s), 0034/2048 VUs, 3036077 complete and 0 interrupted iterations
cap_mixed   [  56% ] 0034/2048 VUs  16m52.1s/30m0s  3000.00 iters/s

running (16m53.1s), 0012/2048 VUs, 3039098 complete and 0 interrupted iterations
cap_mixed   [  56% ] 0012/2048 VUs  16m53.1s/30m0s  3000.00 iters/s

running (16m54.1s), 0023/2048 VUs, 3042087 complete and 0 interrupted iterations
cap_mixed   [  56% ] 0023/2048 VUs  16m54.1s/30m0s  3000.00 iters/s

running (16m55.1s), 0020/2048 VUs, 3045090 complete and 0 interrupted iterations
cap_mixed   [  56% ] 0020/2048 VUs  16m55.1s/30m0s  3000.00 iters/s

running (16m56.1s), 0014/2048 VUs, 3048096 complete and 0 interrupted iterations
cap_mixed   [  56% ] 0014/2048 VUs  16m56.1s/30m0s  3000.00 iters/s

running (16m57.1s), 0013/2048 VUs, 3051097 complete and 0 interrupted iterations
cap_mixed   [  57% ] 0013/2048 VUs  16m57.1s/30m0s  3000.00 iters/s

running (16m58.1s), 0023/2048 VUs, 3054087 complete and 0 interrupted iterations
cap_mixed   [  57% ] 0023/2048 VUs  16m58.1s/30m0s  3000.00 iters/s

running (16m59.1s), 0022/2048 VUs, 3057089 complete and 0 interrupted iterations
cap_mixed   [  57% ] 0022/2048 VUs  16m59.1s/30m0s  3000.00 iters/s

running (17m00.1s), 0024/2048 VUs, 3060086 complete and 0 interrupted iterations
cap_mixed   [  57% ] 0024/2048 VUs  17m00.1s/30m0s  3000.00 iters/s

running (17m01.1s), 0013/2048 VUs, 3063097 complete and 0 interrupted iterations
cap_mixed   [  57% ] 0013/2048 VUs  17m01.1s/30m0s  3000.00 iters/s

running (17m02.1s), 0019/2048 VUs, 3066091 complete and 0 interrupted iterations
cap_mixed   [  57% ] 0019/2048 VUs  17m02.1s/30m0s  3000.00 iters/s

running (17m03.1s), 0019/2048 VUs, 3069091 complete and 0 interrupted iterations
cap_mixed   [  57% ] 0019/2048 VUs  17m03.1s/30m0s  3000.00 iters/s

running (17m04.1s), 0021/2048 VUs, 3072089 complete and 0 interrupted iterations
cap_mixed   [  57% ] 0021/2048 VUs  17m04.1s/30m0s  3000.00 iters/s

running (17m05.1s), 0022/2048 VUs, 3075089 complete and 0 interrupted iterations
cap_mixed   [  57% ] 0022/2048 VUs  17m05.1s/30m0s  3000.00 iters/s

running (17m06.1s), 0019/2048 VUs, 3078091 complete and 0 interrupted iterations
cap_mixed   [  57% ] 0019/2048 VUs  17m06.1s/30m0s  3000.00 iters/s

running (17m07.1s), 0018/2048 VUs, 3081092 complete and 0 interrupted iterations
cap_mixed   [  57% ] 0019/2048 VUs  17m07.1s/30m0s  3000.00 iters/s

running (17m08.1s), 0017/2048 VUs, 3084094 complete and 0 interrupted iterations
cap_mixed   [  57% ] 0017/2048 VUs  17m08.1s/30m0s  3000.00 iters/s

running (17m09.1s), 0024/2048 VUs, 3087086 complete and 0 interrupted iterations
cap_mixed   [  57% ] 0024/2048 VUs  17m09.1s/30m0s  3000.00 iters/s

running (17m10.1s), 0030/2048 VUs, 3090081 complete and 0 interrupted iterations
cap_mixed   [  57% ] 0030/2048 VUs  17m10.1s/30m0s  3000.00 iters/s

running (17m11.1s), 0020/2048 VUs, 3093091 complete and 0 interrupted iterations
cap_mixed   [  57% ] 0020/2048 VUs  17m11.1s/30m0s  3000.00 iters/s

running (17m12.1s), 0022/2048 VUs, 3096089 complete and 0 interrupted iterations
cap_mixed   [  57% ] 0022/2048 VUs  17m12.1s/30m0s  3000.00 iters/s

running (17m13.1s), 0020/2048 VUs, 3099091 complete and 0 interrupted iterations
cap_mixed   [  57% ] 0020/2048 VUs  17m13.1s/30m0s  3000.00 iters/s

running (17m14.1s), 0023/2048 VUs, 3102088 complete and 0 interrupted iterations
cap_mixed   [  57% ] 0023/2048 VUs  17m14.1s/30m0s  3000.00 iters/s

running (17m15.1s), 0041/2048 VUs, 3105069 complete and 0 interrupted iterations
cap_mixed   [  58% ] 0041/2048 VUs  17m15.1s/30m0s  3000.00 iters/s

running (17m16.1s), 0017/2048 VUs, 3108093 complete and 0 interrupted iterations
cap_mixed   [  58% ] 0017/2048 VUs  17m16.1s/30m0s  3000.00 iters/s

running (17m17.1s), 0026/2048 VUs, 3111084 complete and 0 interrupted iterations
cap_mixed   [  58% ] 0026/2048 VUs  17m17.1s/30m0s  3000.00 iters/s

running (17m18.1s), 0013/2048 VUs, 3114098 complete and 0 interrupted iterations
cap_mixed   [  58% ] 0013/2048 VUs  17m18.1s/30m0s  3000.00 iters/s

running (17m19.1s), 0020/2048 VUs, 3117090 complete and 0 interrupted iterations
cap_mixed   [  58% ] 0020/2048 VUs  17m19.1s/30m0s  3000.00 iters/s

running (17m20.1s), 0026/2048 VUs, 3120084 complete and 0 interrupted iterations
cap_mixed   [  58% ] 0026/2048 VUs  17m20.1s/30m0s  3000.00 iters/s

running (17m21.1s), 0019/2048 VUs, 3123092 complete and 0 interrupted iterations
cap_mixed   [  58% ] 0019/2048 VUs  17m21.1s/30m0s  3000.00 iters/s

running (17m22.1s), 0039/2048 VUs, 3126072 complete and 0 interrupted iterations
cap_mixed   [  58% ] 0039/2048 VUs  17m22.1s/30m0s  3000.00 iters/s

running (17m23.1s), 0022/2048 VUs, 3129088 complete and 0 interrupted iterations
cap_mixed   [  58% ] 0022/2048 VUs  17m23.1s/30m0s  3000.00 iters/s

running (17m24.1s), 0022/2048 VUs, 3132088 complete and 0 interrupted iterations
cap_mixed   [  58% ] 0022/2048 VUs  17m24.1s/30m0s  3000.00 iters/s

running (17m25.1s), 0018/2048 VUs, 3135092 complete and 0 interrupted iterations
cap_mixed   [  58% ] 0018/2048 VUs  17m25.1s/30m0s  3000.00 iters/s

running (17m26.1s), 0017/2048 VUs, 3138094 complete and 0 interrupted iterations
cap_mixed   [  58% ] 0017/2048 VUs  17m26.1s/30m0s  3000.00 iters/s

running (17m27.1s), 0018/2048 VUs, 3141093 complete and 0 interrupted iterations
cap_mixed   [  58% ] 0018/2048 VUs  17m27.1s/30m0s  3000.00 iters/s

running (17m28.1s), 0018/2048 VUs, 3144092 complete and 0 interrupted iterations
cap_mixed   [  58% ] 0018/2048 VUs  17m28.1s/30m0s  3000.00 iters/s

running (17m29.1s), 0015/2048 VUs, 3147096 complete and 0 interrupted iterations
cap_mixed   [  58% ] 0015/2048 VUs  17m29.1s/30m0s  3000.00 iters/s

running (17m30.1s), 0018/2048 VUs, 3150092 complete and 0 interrupted iterations
cap_mixed   [  58% ] 0018/2048 VUs  17m30.1s/30m0s  3000.00 iters/s

running (17m31.1s), 0018/2048 VUs, 3153093 complete and 0 interrupted iterations
cap_mixed   [  58% ] 0018/2048 VUs  17m31.1s/30m0s  3000.00 iters/s

running (17m32.1s), 0016/2048 VUs, 3156094 complete and 0 interrupted iterations
cap_mixed   [  58% ] 0016/2048 VUs  17m32.1s/30m0s  3000.00 iters/s

running (17m33.1s), 0015/2048 VUs, 3159096 complete and 0 interrupted iterations
cap_mixed   [  59% ] 0015/2048 VUs  17m33.1s/30m0s  3000.00 iters/s

running (17m34.1s), 0019/2048 VUs, 3162092 complete and 0 interrupted iterations
cap_mixed   [  59% ] 0019/2048 VUs  17m34.1s/30m0s  3000.00 iters/s

running (17m35.1s), 0028/2048 VUs, 3165083 complete and 0 interrupted iterations
cap_mixed   [  59% ] 0028/2048 VUs  17m35.1s/30m0s  3000.00 iters/s

running (17m36.1s), 0023/2048 VUs, 3168087 complete and 0 interrupted iterations
cap_mixed   [  59% ] 0023/2048 VUs  17m36.1s/30m0s  3000.00 iters/s

running (17m37.1s), 0021/2048 VUs, 3171090 complete and 0 interrupted iterations
cap_mixed   [  59% ] 0021/2048 VUs  17m37.1s/30m0s  3000.00 iters/s

running (17m38.1s), 0021/2048 VUs, 3174089 complete and 0 interrupted iterations
cap_mixed   [  59% ] 0020/2048 VUs  17m38.1s/30m0s  3000.00 iters/s

running (17m39.1s), 0042/2048 VUs, 3177069 complete and 0 interrupted iterations
cap_mixed   [  59% ] 0042/2048 VUs  17m39.1s/30m0s  3000.00 iters/s

running (17m40.1s), 0050/2048 VUs, 3180060 complete and 0 interrupted iterations
cap_mixed   [  59% ] 0051/2048 VUs  17m40.1s/30m0s  3000.00 iters/s

running (17m41.1s), 0017/2048 VUs, 3183094 complete and 0 interrupted iterations
cap_mixed   [  59% ] 0017/2048 VUs  17m41.1s/30m0s  3000.00 iters/s

running (17m42.1s), 0017/2048 VUs, 3186093 complete and 0 interrupted iterations
cap_mixed   [  59% ] 0017/2048 VUs  17m42.1s/30m0s  3000.00 iters/s

running (17m43.1s), 0017/2048 VUs, 3189093 complete and 0 interrupted iterations
cap_mixed   [  59% ] 0017/2048 VUs  17m43.1s/30m0s  3000.00 iters/s

running (17m44.1s), 0016/2048 VUs, 3192094 complete and 0 interrupted iterations
cap_mixed   [  59% ] 0017/2048 VUs  17m44.1s/30m0s  3000.00 iters/s

running (17m45.1s), 0019/2048 VUs, 3195091 complete and 0 interrupted iterations
cap_mixed   [  59% ] 0019/2048 VUs  17m45.1s/30m0s  3000.00 iters/s

running (17m46.1s), 0021/2048 VUs, 3198089 complete and 0 interrupted iterations
cap_mixed   [  59% ] 0021/2048 VUs  17m46.1s/30m0s  3000.00 iters/s

running (17m47.1s), 0021/2048 VUs, 3201090 complete and 0 interrupted iterations
cap_mixed   [  59% ] 0021/2048 VUs  17m47.1s/30m0s  3000.00 iters/s

running (17m48.1s), 0021/2048 VUs, 3204089 complete and 0 interrupted iterations
cap_mixed   [  59% ] 0022/2048 VUs  17m48.1s/30m0s  3000.00 iters/s

running (17m49.1s), 0011/2048 VUs, 3207099 complete and 0 interrupted iterations
cap_mixed   [  59% ] 0011/2048 VUs  17m49.1s/30m0s  3000.00 iters/s

running (17m50.1s), 0024/2048 VUs, 3210087 complete and 0 interrupted iterations
cap_mixed   [  59% ] 0024/2048 VUs  17m50.1s/30m0s  3000.00 iters/s

running (17m51.1s), 0016/2048 VUs, 3213096 complete and 0 interrupted iterations
cap_mixed   [  60% ] 0016/2048 VUs  17m51.1s/30m0s  3000.00 iters/s

running (17m52.1s), 0020/2048 VUs, 3216091 complete and 0 interrupted iterations
cap_mixed   [  60% ] 0019/2048 VUs  17m52.1s/30m0s  3000.00 iters/s

running (17m53.1s), 0022/2048 VUs, 3219088 complete and 0 interrupted iterations
cap_mixed   [  60% ] 0022/2048 VUs  17m53.1s/30m0s  3000.00 iters/s

running (17m54.1s), 0016/2048 VUs, 3222095 complete and 0 interrupted iterations
cap_mixed   [  60% ] 0016/2048 VUs  17m54.1s/30m0s  3000.00 iters/s

running (17m55.1s), 0017/2048 VUs, 3225093 complete and 0 interrupted iterations
cap_mixed   [  60% ] 0017/2048 VUs  17m55.1s/30m0s  3000.00 iters/s

running (17m56.1s), 0023/2048 VUs, 3228088 complete and 0 interrupted iterations
cap_mixed   [  60% ] 0023/2048 VUs  17m56.1s/30m0s  3000.00 iters/s

running (17m57.1s), 0017/2048 VUs, 3231094 complete and 0 interrupted iterations
cap_mixed   [  60% ] 0017/2048 VUs  17m57.1s/30m0s  3000.00 iters/s

running (17m58.1s), 0023/2048 VUs, 3234088 complete and 0 interrupted iterations
cap_mixed   [  60% ] 0023/2048 VUs  17m58.1s/30m0s  3000.00 iters/s

running (17m59.1s), 0017/2048 VUs, 3237093 complete and 0 interrupted iterations
cap_mixed   [  60% ] 0018/2048 VUs  17m59.1s/30m0s  3000.00 iters/s

running (18m00.1s), 0018/2048 VUs, 3240093 complete and 0 interrupted iterations
cap_mixed   [  60% ] 0018/2048 VUs  18m00.1s/30m0s  3000.00 iters/s

running (18m01.1s), 0034/2048 VUs, 3243077 complete and 0 interrupted iterations
cap_mixed   [  60% ] 0034/2048 VUs  18m01.1s/30m0s  3000.00 iters/s

running (18m02.1s), 0023/2048 VUs, 3246088 complete and 0 interrupted iterations
cap_mixed   [  60% ] 0023/2048 VUs  18m02.1s/30m0s  3000.00 iters/s

running (18m03.1s), 0017/2048 VUs, 3249094 complete and 0 interrupted iterations
cap_mixed   [  60% ] 0017/2048 VUs  18m03.1s/30m0s  3000.00 iters/s

running (18m04.1s), 0020/2048 VUs, 3252090 complete and 0 interrupted iterations
cap_mixed   [  60% ] 0020/2048 VUs  18m04.1s/30m0s  3000.00 iters/s

running (18m05.1s), 0017/2048 VUs, 3255094 complete and 0 interrupted iterations
cap_mixed   [  60% ] 0017/2048 VUs  18m05.1s/30m0s  3000.00 iters/s

running (18m06.1s), 0028/2048 VUs, 3258083 complete and 0 interrupted iterations
cap_mixed   [  60% ] 0028/2048 VUs  18m06.1s/30m0s  3000.00 iters/s

running (18m07.1s), 0018/2048 VUs, 3261093 complete and 0 interrupted iterations
cap_mixed   [  60% ] 0018/2048 VUs  18m07.1s/30m0s  3000.00 iters/s

running (18m08.1s), 0021/2048 VUs, 3264090 complete and 0 interrupted iterations
cap_mixed   [  60% ] 0021/2048 VUs  18m08.1s/30m0s  3000.00 iters/s

running (18m09.1s), 0018/2048 VUs, 3267093 complete and 0 interrupted iterations
cap_mixed   [  61% ] 0018/2048 VUs  18m09.1s/30m0s  3000.00 iters/s

running (18m10.1s), 0020/2048 VUs, 3270091 complete and 0 interrupted iterations
cap_mixed   [  61% ] 0020/2048 VUs  18m10.1s/30m0s  3000.00 iters/s

running (18m11.1s), 0040/2048 VUs, 3273072 complete and 0 interrupted iterations
cap_mixed   [  61% ] 0040/2048 VUs  18m11.1s/30m0s  3000.00 iters/s

running (18m12.1s), 0021/2048 VUs, 3276090 complete and 0 interrupted iterations
cap_mixed   [  61% ] 0021/2048 VUs  18m12.1s/30m0s  3000.00 iters/s

running (18m13.1s), 0023/2048 VUs, 3279088 complete and 0 interrupted iterations
cap_mixed   [  61% ] 0023/2048 VUs  18m13.1s/30m0s  3000.00 iters/s

running (18m14.1s), 0024/2048 VUs, 3282086 complete and 0 interrupted iterations
cap_mixed   [  61% ] 0024/2048 VUs  18m14.1s/30m0s  3000.00 iters/s

running (18m15.1s), 0014/2048 VUs, 3285096 complete and 0 interrupted iterations
cap_mixed   [  61% ] 0014/2048 VUs  18m15.1s/30m0s  3000.00 iters/s

running (18m16.1s), 0015/2048 VUs, 3288096 complete and 0 interrupted iterations
cap_mixed   [  61% ] 0015/2048 VUs  18m16.1s/30m0s  3000.00 iters/s

running (18m17.1s), 0019/2048 VUs, 3291092 complete and 0 interrupted iterations
cap_mixed   [  61% ] 0019/2048 VUs  18m17.1s/30m0s  3000.00 iters/s

running (18m18.1s), 0018/2048 VUs, 3294093 complete and 0 interrupted iterations
cap_mixed   [  61% ] 0018/2048 VUs  18m18.1s/30m0s  3000.00 iters/s

running (18m19.1s), 0017/2048 VUs, 3297094 complete and 0 interrupted iterations
cap_mixed   [  61% ] 0017/2048 VUs  18m19.1s/30m0s  3000.00 iters/s

running (18m20.1s), 0089/2048 VUs, 3300022 complete and 0 interrupted iterations
cap_mixed   [  61% ] 0089/2048 VUs  18m20.1s/30m0s  3000.00 iters/s

running (18m21.1s), 0027/2048 VUs, 3303084 complete and 0 interrupted iterations
cap_mixed   [  61% ] 0027/2048 VUs  18m21.1s/30m0s  3000.00 iters/s

running (18m22.1s), 0025/2048 VUs, 3306085 complete and 0 interrupted iterations
cap_mixed   [  61% ] 0026/2048 VUs  18m22.1s/30m0s  3000.00 iters/s

running (18m23.1s), 0019/2048 VUs, 3309091 complete and 0 interrupted iterations
cap_mixed   [  61% ] 0019/2048 VUs  18m23.1s/30m0s  3000.00 iters/s

running (18m24.1s), 0020/2048 VUs, 3312091 complete and 0 interrupted iterations
cap_mixed   [  61% ] 0020/2048 VUs  18m24.1s/30m0s  3000.00 iters/s

running (18m25.1s), 0020/2048 VUs, 3315090 complete and 0 interrupted iterations
cap_mixed   [  61% ] 0020/2048 VUs  18m25.1s/30m0s  3000.00 iters/s

running (18m26.1s), 0021/2048 VUs, 3318091 complete and 0 interrupted iterations
cap_mixed   [  61% ] 0021/2048 VUs  18m26.1s/30m0s  3000.00 iters/s

running (18m27.1s), 0035/2048 VUs, 3321076 complete and 0 interrupted iterations
cap_mixed   [  62% ] 0035/2048 VUs  18m27.1s/30m0s  3000.00 iters/s

running (18m28.1s), 0016/2048 VUs, 3324094 complete and 0 interrupted iterations
cap_mixed   [  62% ] 0016/2048 VUs  18m28.1s/30m0s  3000.00 iters/s

running (18m29.1s), 0019/2048 VUs, 3327092 complete and 0 interrupted iterations
cap_mixed   [  62% ] 0018/2048 VUs  18m29.1s/30m0s  3000.00 iters/s

running (18m30.1s), 0018/2048 VUs, 3330093 complete and 0 interrupted iterations
cap_mixed   [  62% ] 0018/2048 VUs  18m30.1s/30m0s  3000.00 iters/s

running (18m31.1s), 0025/2048 VUs, 3333086 complete and 0 interrupted iterations
cap_mixed   [  62% ] 0025/2048 VUs  18m31.1s/30m0s  3000.00 iters/s

running (18m32.1s), 0025/2048 VUs, 3336086 complete and 0 interrupted iterations
cap_mixed   [  62% ] 0025/2048 VUs  18m32.1s/30m0s  3000.00 iters/s

running (18m33.1s), 0018/2048 VUs, 3339093 complete and 0 interrupted iterations
cap_mixed   [  62% ] 0018/2048 VUs  18m33.1s/30m0s  3000.00 iters/s

running (18m34.1s), 0016/2048 VUs, 3342095 complete and 0 interrupted iterations
cap_mixed   [  62% ] 0016/2048 VUs  18m34.1s/30m0s  3000.00 iters/s

running (18m35.1s), 0015/2048 VUs, 3345096 complete and 0 interrupted iterations
cap_mixed   [  62% ] 0015/2048 VUs  18m35.1s/30m0s  3000.00 iters/s

running (18m36.1s), 0014/2048 VUs, 3348097 complete and 0 interrupted iterations
cap_mixed   [  62% ] 0014/2048 VUs  18m36.1s/30m0s  3000.00 iters/s

running (18m37.1s), 0021/2048 VUs, 3351090 complete and 0 interrupted iterations
cap_mixed   [  62% ] 0021/2048 VUs  18m37.1s/30m0s  3000.00 iters/s

running (18m38.1s), 0021/2048 VUs, 3354090 complete and 0 interrupted iterations
cap_mixed   [  62% ] 0021/2048 VUs  18m38.1s/30m0s  3000.00 iters/s

running (18m39.1s), 0010/2048 VUs, 3357101 complete and 0 interrupted iterations
cap_mixed   [  62% ] 0010/2048 VUs  18m39.1s/30m0s  3000.00 iters/s

running (18m40.1s), 0022/2048 VUs, 3360088 complete and 0 interrupted iterations
cap_mixed   [  62% ] 0022/2048 VUs  18m40.1s/30m0s  3000.00 iters/s

running (18m41.1s), 0025/2048 VUs, 3363086 complete and 0 interrupted iterations
cap_mixed   [  62% ] 0025/2048 VUs  18m41.1s/30m0s  3000.00 iters/s

running (18m42.1s), 0020/2048 VUs, 3366090 complete and 0 interrupted iterations
cap_mixed   [  62% ] 0021/2048 VUs  18m42.1s/30m0s  3000.00 iters/s

running (18m43.1s), 0018/2048 VUs, 3369092 complete and 0 interrupted iterations
cap_mixed   [  62% ] 0018/2048 VUs  18m43.1s/30m0s  3000.00 iters/s

running (18m44.1s), 0022/2048 VUs, 3372089 complete and 0 interrupted iterations
cap_mixed   [  62% ] 0022/2048 VUs  18m44.1s/30m0s  3000.00 iters/s

running (18m45.1s), 0019/2048 VUs, 3375092 complete and 0 interrupted iterations
cap_mixed   [  63% ] 0019/2048 VUs  18m45.1s/30m0s  3000.00 iters/s

running (18m46.1s), 0017/2048 VUs, 3378094 complete and 0 interrupted iterations
cap_mixed   [  63% ] 0017/2048 VUs  18m46.1s/30m0s  3000.00 iters/s

running (18m47.1s), 0022/2048 VUs, 3381089 complete and 0 interrupted iterations
cap_mixed   [  63% ] 0022/2048 VUs  18m47.1s/30m0s  3000.00 iters/s

running (18m48.1s), 0031/2048 VUs, 3384080 complete and 0 interrupted iterations
cap_mixed   [  63% ] 0031/2048 VUs  18m48.1s/30m0s  3000.00 iters/s

running (18m49.1s), 0027/2048 VUs, 3387084 complete and 0 interrupted iterations
cap_mixed   [  63% ] 0027/2048 VUs  18m49.1s/30m0s  3000.00 iters/s

running (18m50.1s), 0016/2048 VUs, 3390095 complete and 0 interrupted iterations
cap_mixed   [  63% ] 0016/2048 VUs  18m50.1s/30m0s  3000.00 iters/s

running (18m51.1s), 0027/2048 VUs, 3393084 complete and 0 interrupted iterations
cap_mixed   [  63% ] 0027/2048 VUs  18m51.1s/30m0s  3000.00 iters/s

running (18m52.1s), 0023/2048 VUs, 3396086 complete and 0 interrupted iterations
cap_mixed   [  63% ] 0023/2048 VUs  18m52.1s/30m0s  3000.00 iters/s

running (18m53.1s), 0014/2048 VUs, 3399097 complete and 0 interrupted iterations
cap_mixed   [  63% ] 0014/2048 VUs  18m53.1s/30m0s  3000.00 iters/s

running (18m54.1s), 0026/2048 VUs, 3402085 complete and 0 interrupted iterations
cap_mixed   [  63% ] 0026/2048 VUs  18m54.1s/30m0s  3000.00 iters/s

running (18m55.1s), 0014/2048 VUs, 3405097 complete and 0 interrupted iterations
cap_mixed   [  63% ] 0014/2048 VUs  18m55.1s/30m0s  3000.00 iters/s

running (18m56.1s), 0021/2048 VUs, 3408090 complete and 0 interrupted iterations
cap_mixed   [  63% ] 0021/2048 VUs  18m56.1s/30m0s  3000.00 iters/s

running (18m57.1s), 0017/2048 VUs, 3411093 complete and 0 interrupted iterations
cap_mixed   [  63% ] 0018/2048 VUs  18m57.1s/30m0s  3000.00 iters/s

running (18m58.1s), 0022/2048 VUs, 3414089 complete and 0 interrupted iterations
cap_mixed   [  63% ] 0022/2048 VUs  18m58.1s/30m0s  3000.00 iters/s

running (18m59.1s), 0018/2048 VUs, 3417093 complete and 0 interrupted iterations
cap_mixed   [  63% ] 0018/2048 VUs  18m59.1s/30m0s  3000.00 iters/s

running (19m00.1s), 0022/2048 VUs, 3420089 complete and 0 interrupted iterations
cap_mixed   [  63% ] 0022/2048 VUs  19m00.1s/30m0s  3000.00 iters/s

running (19m01.1s), 0025/2048 VUs, 3423086 complete and 0 interrupted iterations
cap_mixed   [  63% ] 0025/2048 VUs  19m01.1s/30m0s  3000.00 iters/s

running (19m02.1s), 0024/2048 VUs, 3426087 complete and 0 interrupted iterations
cap_mixed   [  63% ] 0024/2048 VUs  19m02.1s/30m0s  3000.00 iters/s

running (19m03.1s), 0015/2048 VUs, 3429097 complete and 0 interrupted iterations
cap_mixed   [  64% ] 0015/2048 VUs  19m03.1s/30m0s  3000.00 iters/s

running (19m04.1s), 0021/2048 VUs, 3432089 complete and 0 interrupted iterations
cap_mixed   [  64% ] 0021/2048 VUs  19m04.1s/30m0s  3000.00 iters/s

running (19m05.1s), 0017/2048 VUs, 3435094 complete and 0 interrupted iterations
cap_mixed   [  64% ] 0017/2048 VUs  19m05.1s/30m0s  3000.00 iters/s

running (19m06.1s), 0024/2048 VUs, 3438087 complete and 0 interrupted iterations
cap_mixed   [  64% ] 0024/2048 VUs  19m06.1s/30m0s  3000.00 iters/s

running (19m07.1s), 0015/2048 VUs, 3441096 complete and 0 interrupted iterations
cap_mixed   [  64% ] 0015/2048 VUs  19m07.1s/30m0s  3000.00 iters/s

running (19m08.1s), 0025/2048 VUs, 3444086 complete and 0 interrupted iterations
cap_mixed   [  64% ] 0025/2048 VUs  19m08.1s/30m0s  3000.00 iters/s

running (19m09.1s), 0022/2048 VUs, 3447089 complete and 0 interrupted iterations
cap_mixed   [  64% ] 0022/2048 VUs  19m09.1s/30m0s  3000.00 iters/s

running (19m10.1s), 0034/2048 VUs, 3450077 complete and 0 interrupted iterations
cap_mixed   [  64% ] 0034/2048 VUs  19m10.1s/30m0s  3000.00 iters/s

running (19m11.1s), 0020/2048 VUs, 3453091 complete and 0 interrupted iterations
cap_mixed   [  64% ] 0020/2048 VUs  19m11.1s/30m0s  3000.00 iters/s

running (19m12.1s), 0018/2048 VUs, 3456093 complete and 0 interrupted iterations
cap_mixed   [  64% ] 0018/2048 VUs  19m12.1s/30m0s  3000.00 iters/s

running (19m13.1s), 0017/2048 VUs, 3459093 complete and 0 interrupted iterations
cap_mixed   [  64% ] 0017/2048 VUs  19m13.1s/30m0s  3000.00 iters/s

running (19m14.1s), 0029/2048 VUs, 3462082 complete and 0 interrupted iterations
cap_mixed   [  64% ] 0029/2048 VUs  19m14.1s/30m0s  3000.00 iters/s

running (19m15.1s), 0011/2048 VUs, 3465100 complete and 0 interrupted iterations
cap_mixed   [  64% ] 0011/2048 VUs  19m15.1s/30m0s  3000.00 iters/s

running (19m16.1s), 0021/2048 VUs, 3468090 complete and 0 interrupted iterations
cap_mixed   [  64% ] 0021/2048 VUs  19m16.1s/30m0s  3000.00 iters/s

running (19m17.1s), 0020/2048 VUs, 3471091 complete and 0 interrupted iterations
cap_mixed   [  64% ] 0020/2048 VUs  19m17.1s/30m0s  3000.00 iters/s

running (19m18.1s), 0019/2048 VUs, 3474092 complete and 0 interrupted iterations
cap_mixed   [  64% ] 0019/2048 VUs  19m18.1s/30m0s  3000.00 iters/s

running (19m19.1s), 0019/2048 VUs, 3477092 complete and 0 interrupted iterations
cap_mixed   [  64% ] 0019/2048 VUs  19m19.1s/30m0s  3000.00 iters/s

running (19m20.1s), 0021/2048 VUs, 3480090 complete and 0 interrupted iterations
cap_mixed   [  64% ] 0021/2048 VUs  19m20.1s/30m0s  3000.00 iters/s

running (19m21.1s), 0021/2048 VUs, 3483091 complete and 0 interrupted iterations
cap_mixed   [  65% ] 0021/2048 VUs  19m21.1s/30m0s  3000.00 iters/s

running (19m22.1s), 0022/2048 VUs, 3486089 complete and 0 interrupted iterations
cap_mixed   [  65% ] 0022/2048 VUs  19m22.1s/30m0s  3000.00 iters/s

running (19m23.1s), 0023/2048 VUs, 3489088 complete and 0 interrupted iterations
cap_mixed   [  65% ] 0023/2048 VUs  19m23.1s/30m0s  3000.00 iters/s

running (19m24.1s), 0015/2048 VUs, 3492096 complete and 0 interrupted iterations
cap_mixed   [  65% ] 0015/2048 VUs  19m24.1s/30m0s  3000.00 iters/s

running (19m25.1s), 0026/2048 VUs, 3495085 complete and 0 interrupted iterations
cap_mixed   [  65% ] 0026/2048 VUs  19m25.1s/30m0s  3000.00 iters/s

running (19m26.1s), 0017/2048 VUs, 3498094 complete and 0 interrupted iterations
cap_mixed   [  65% ] 0017/2048 VUs  19m26.1s/30m0s  3000.00 iters/s

running (19m27.1s), 0019/2048 VUs, 3501092 complete and 0 interrupted iterations
cap_mixed   [  65% ] 0019/2048 VUs  19m27.1s/30m0s  3000.00 iters/s

running (19m28.1s), 0027/2048 VUs, 3504084 complete and 0 interrupted iterations
cap_mixed   [  65% ] 0027/2048 VUs  19m28.1s/30m0s  3000.00 iters/s

running (19m29.1s), 0018/2048 VUs, 3507093 complete and 0 interrupted iterations
cap_mixed   [  65% ] 0018/2048 VUs  19m29.1s/30m0s  3000.00 iters/s

running (19m30.1s), 0013/2048 VUs, 3510098 complete and 0 interrupted iterations
cap_mixed   [  65% ] 0013/2048 VUs  19m30.1s/30m0s  3000.00 iters/s

running (19m31.1s), 0026/2048 VUs, 3513086 complete and 0 interrupted iterations
cap_mixed   [  65% ] 0026/2048 VUs  19m31.1s/30m0s  3000.00 iters/s

running (19m32.1s), 0017/2048 VUs, 3516094 complete and 0 interrupted iterations
cap_mixed   [  65% ] 0017/2048 VUs  19m32.1s/30m0s  3000.00 iters/s

running (19m33.1s), 0015/2048 VUs, 3519096 complete and 0 interrupted iterations
cap_mixed   [  65% ] 0015/2048 VUs  19m33.1s/30m0s  3000.00 iters/s

running (19m34.1s), 0013/2048 VUs, 3522098 complete and 0 interrupted iterations
cap_mixed   [  65% ] 0013/2048 VUs  19m34.1s/30m0s  3000.00 iters/s

running (19m35.1s), 0016/2048 VUs, 3525095 complete and 0 interrupted iterations
cap_mixed   [  65% ] 0016/2048 VUs  19m35.1s/30m0s  3000.00 iters/s

running (19m36.1s), 0015/2048 VUs, 3528095 complete and 0 interrupted iterations
cap_mixed   [  65% ] 0015/2048 VUs  19m36.1s/30m0s  3000.00 iters/s

running (19m37.1s), 0027/2048 VUs, 3531084 complete and 0 interrupted iterations
cap_mixed   [  65% ] 0027/2048 VUs  19m37.1s/30m0s  3000.00 iters/s

running (19m38.1s), 0018/2048 VUs, 3534093 complete and 0 interrupted iterations
cap_mixed   [  65% ] 0018/2048 VUs  19m38.1s/30m0s  3000.00 iters/s

running (19m39.1s), 0020/2048 VUs, 3537091 complete and 0 interrupted iterations
cap_mixed   [  66% ] 0020/2048 VUs  19m39.1s/30m0s  3000.00 iters/s

running (19m40.1s), 0017/2048 VUs, 3540094 complete and 0 interrupted iterations
cap_mixed   [  66% ] 0017/2048 VUs  19m40.1s/30m0s  3000.00 iters/s

running (19m41.1s), 0016/2048 VUs, 3543095 complete and 0 interrupted iterations
cap_mixed   [  66% ] 0016/2048 VUs  19m41.1s/30m0s  3000.00 iters/s

running (19m42.1s), 0025/2048 VUs, 3546086 complete and 0 interrupted iterations
cap_mixed   [  66% ] 0025/2048 VUs  19m42.1s/30m0s  3000.00 iters/s

running (19m43.1s), 0018/2048 VUs, 3549093 complete and 0 interrupted iterations
cap_mixed   [  66% ] 0018/2048 VUs  19m43.1s/30m0s  3000.00 iters/s

running (19m44.1s), 0024/2048 VUs, 3552087 complete and 0 interrupted iterations
cap_mixed   [  66% ] 0024/2048 VUs  19m44.1s/30m0s  3000.00 iters/s

running (19m45.1s), 0020/2048 VUs, 3555091 complete and 0 interrupted iterations
cap_mixed   [  66% ] 0020/2048 VUs  19m45.1s/30m0s  3000.00 iters/s

running (19m46.1s), 0022/2048 VUs, 3558089 complete and 0 interrupted iterations
cap_mixed   [  66% ] 0022/2048 VUs  19m46.1s/30m0s  3000.00 iters/s

running (19m47.1s), 0027/2048 VUs, 3561084 complete and 0 interrupted iterations
cap_mixed   [  66% ] 0027/2048 VUs  19m47.1s/30m0s  3000.00 iters/s

running (19m48.1s), 0018/2048 VUs, 3564093 complete and 0 interrupted iterations
cap_mixed   [  66% ] 0018/2048 VUs  19m48.1s/30m0s  3000.00 iters/s

running (19m49.1s), 0022/2048 VUs, 3567089 complete and 0 interrupted iterations
cap_mixed   [  66% ] 0022/2048 VUs  19m49.1s/30m0s  3000.00 iters/s

running (19m50.1s), 0024/2048 VUs, 3570087 complete and 0 interrupted iterations
cap_mixed   [  66% ] 0024/2048 VUs  19m50.1s/30m0s  3000.00 iters/s

running (19m51.1s), 0015/2048 VUs, 3573096 complete and 0 interrupted iterations
cap_mixed   [  66% ] 0015/2048 VUs  19m51.1s/30m0s  3000.00 iters/s

running (19m52.1s), 0016/2048 VUs, 3576095 complete and 0 interrupted iterations
cap_mixed   [  66% ] 0016/2048 VUs  19m52.1s/30m0s  3000.00 iters/s

running (19m53.1s), 0015/2048 VUs, 3579096 complete and 0 interrupted iterations
cap_mixed   [  66% ] 0015/2048 VUs  19m53.1s/30m0s  3000.00 iters/s

running (19m54.1s), 0010/2048 VUs, 3582101 complete and 0 interrupted iterations
cap_mixed   [  66% ] 0010/2048 VUs  19m54.1s/30m0s  3000.00 iters/s

running (19m55.1s), 0020/2048 VUs, 3585091 complete and 0 interrupted iterations
cap_mixed   [  66% ] 0020/2048 VUs  19m55.1s/30m0s  3000.00 iters/s

running (19m56.1s), 0054/2048 VUs, 3588057 complete and 0 interrupted iterations
cap_mixed   [  66% ] 0054/2048 VUs  19m56.1s/30m0s  3000.00 iters/s

running (19m57.1s), 0039/2048 VUs, 3591073 complete and 0 interrupted iterations
cap_mixed   [  67% ] 0039/2048 VUs  19m57.1s/30m0s  3000.00 iters/s

running (19m58.1s), 0018/2048 VUs, 3594093 complete and 0 interrupted iterations
cap_mixed   [  67% ] 0018/2048 VUs  19m58.1s/30m0s  3000.00 iters/s

running (19m59.1s), 0024/2048 VUs, 3597087 complete and 0 interrupted iterations
cap_mixed   [  67% ] 0024/2048 VUs  19m59.1s/30m0s  3000.00 iters/s

running (20m00.1s), 0026/2048 VUs, 3600085 complete and 0 interrupted iterations
cap_mixed   [  67% ] 0026/2048 VUs  20m00.1s/30m0s  3000.00 iters/s

running (20m01.1s), 0065/2048 VUs, 3603046 complete and 0 interrupted iterations
cap_mixed   [  67% ] 0065/2048 VUs  20m01.1s/30m0s  3000.00 iters/s

running (20m02.1s), 0021/2048 VUs, 3606090 complete and 0 interrupted iterations
cap_mixed   [  67% ] 0021/2048 VUs  20m02.1s/30m0s  3000.00 iters/s

running (20m03.1s), 0021/2048 VUs, 3609090 complete and 0 interrupted iterations
cap_mixed   [  67% ] 0021/2048 VUs  20m03.1s/30m0s  3000.00 iters/s

running (20m04.1s), 0022/2048 VUs, 3612089 complete and 0 interrupted iterations
cap_mixed   [  67% ] 0022/2048 VUs  20m04.1s/30m0s  3000.00 iters/s

running (20m05.1s), 0017/2048 VUs, 3615094 complete and 0 interrupted iterations
cap_mixed   [  67% ] 0017/2048 VUs  20m05.1s/30m0s  3000.00 iters/s

running (20m06.1s), 0018/2048 VUs, 3618093 complete and 0 interrupted iterations
cap_mixed   [  67% ] 0018/2048 VUs  20m06.1s/30m0s  3000.00 iters/s

running (20m07.1s), 0020/2048 VUs, 3621091 complete and 0 interrupted iterations
cap_mixed   [  67% ] 0020/2048 VUs  20m07.1s/30m0s  3000.00 iters/s

running (20m08.1s), 0022/2048 VUs, 3624089 complete and 0 interrupted iterations
cap_mixed   [  67% ] 0022/2048 VUs  20m08.1s/30m0s  3000.00 iters/s

running (20m09.1s), 0018/2048 VUs, 3627093 complete and 0 interrupted iterations
cap_mixed   [  67% ] 0018/2048 VUs  20m09.1s/30m0s  3000.00 iters/s

running (20m10.1s), 0022/2048 VUs, 3630088 complete and 0 interrupted iterations
cap_mixed   [  67% ] 0022/2048 VUs  20m10.1s/30m0s  3000.00 iters/s

running (20m11.1s), 0024/2048 VUs, 3633087 complete and 0 interrupted iterations
cap_mixed   [  67% ] 0024/2048 VUs  20m11.1s/30m0s  3000.00 iters/s

running (20m12.1s), 0022/2048 VUs, 3636089 complete and 0 interrupted iterations
cap_mixed   [  67% ] 0022/2048 VUs  20m12.1s/30m0s  3000.00 iters/s

running (20m13.1s), 0038/2048 VUs, 3639073 complete and 0 interrupted iterations
cap_mixed   [  67% ] 0038/2048 VUs  20m13.1s/30m0s  3000.00 iters/s

running (20m14.1s), 0016/2048 VUs, 3642095 complete and 0 interrupted iterations
cap_mixed   [  67% ] 0016/2048 VUs  20m14.1s/30m0s  3000.00 iters/s

running (20m15.1s), 0026/2048 VUs, 3645085 complete and 0 interrupted iterations
cap_mixed   [  68% ] 0026/2048 VUs  20m15.1s/30m0s  3000.00 iters/s

running (20m16.1s), 0020/2048 VUs, 3648091 complete and 0 interrupted iterations
cap_mixed   [  68% ] 0020/2048 VUs  20m16.1s/30m0s  3000.00 iters/s

running (20m17.1s), 0019/2048 VUs, 3651092 complete and 0 interrupted iterations
cap_mixed   [  68% ] 0019/2048 VUs  20m17.1s/30m0s  3000.00 iters/s

running (20m18.1s), 0011/2048 VUs, 3654100 complete and 0 interrupted iterations
cap_mixed   [  68% ] 0011/2048 VUs  20m18.1s/30m0s  3000.00 iters/s

running (20m19.1s), 0024/2048 VUs, 3657087 complete and 0 interrupted iterations
cap_mixed   [  68% ] 0024/2048 VUs  20m19.1s/30m0s  3000.00 iters/s

running (20m20.1s), 0023/2048 VUs, 3660088 complete and 0 interrupted iterations
cap_mixed   [  68% ] 0023/2048 VUs  20m20.1s/30m0s  3000.00 iters/s

running (20m21.1s), 0027/2048 VUs, 3663084 complete and 0 interrupted iterations
cap_mixed   [  68% ] 0027/2048 VUs  20m21.1s/30m0s  3000.00 iters/s

running (20m22.1s), 0019/2048 VUs, 3666092 complete and 0 interrupted iterations
cap_mixed   [  68% ] 0019/2048 VUs  20m22.1s/30m0s  3000.00 iters/s

running (20m23.1s), 0019/2048 VUs, 3669093 complete and 0 interrupted iterations
cap_mixed   [  68% ] 0019/2048 VUs  20m23.1s/30m0s  3000.00 iters/s

running (20m24.1s), 0015/2048 VUs, 3672096 complete and 0 interrupted iterations
cap_mixed   [  68% ] 0015/2048 VUs  20m24.1s/30m0s  3000.00 iters/s

running (20m25.1s), 0031/2048 VUs, 3675080 complete and 0 interrupted iterations
cap_mixed   [  68% ] 0031/2048 VUs  20m25.1s/30m0s  3000.00 iters/s

running (20m26.1s), 0019/2048 VUs, 3678092 complete and 0 interrupted iterations
cap_mixed   [  68% ] 0019/2048 VUs  20m26.1s/30m0s  3000.00 iters/s

running (20m27.1s), 0023/2048 VUs, 3681088 complete and 0 interrupted iterations
cap_mixed   [  68% ] 0023/2048 VUs  20m27.1s/30m0s  3000.00 iters/s

running (20m28.1s), 0023/2048 VUs, 3684088 complete and 0 interrupted iterations
cap_mixed   [  68% ] 0023/2048 VUs  20m28.1s/30m0s  3000.00 iters/s

running (20m29.1s), 0021/2048 VUs, 3687089 complete and 0 interrupted iterations
cap_mixed   [  68% ] 0022/2048 VUs  20m29.1s/30m0s  3000.00 iters/s

running (20m30.1s), 0022/2048 VUs, 3690089 complete and 0 interrupted iterations
cap_mixed   [  68% ] 0022/2048 VUs  20m30.1s/30m0s  3000.00 iters/s

running (20m31.1s), 0024/2048 VUs, 3693087 complete and 0 interrupted iterations
cap_mixed   [  68% ] 0024/2048 VUs  20m31.1s/30m0s  3000.00 iters/s

running (20m32.1s), 0018/2048 VUs, 3696093 complete and 0 interrupted iterations
cap_mixed   [  68% ] 0018/2048 VUs  20m32.1s/30m0s  3000.00 iters/s

running (20m33.1s), 0018/2048 VUs, 3699094 complete and 0 interrupted iterations
cap_mixed   [  69% ] 0018/2048 VUs  20m33.1s/30m0s  3000.00 iters/s

running (20m34.1s), 0014/2048 VUs, 3702097 complete and 0 interrupted iterations
cap_mixed   [  69% ] 0014/2048 VUs  20m34.1s/30m0s  3000.00 iters/s

running (20m35.1s), 0031/2048 VUs, 3705080 complete and 0 interrupted iterations
cap_mixed   [  69% ] 0031/2048 VUs  20m35.1s/30m0s  3000.00 iters/s

running (20m36.1s), 0020/2048 VUs, 3708091 complete and 0 interrupted iterations
cap_mixed   [  69% ] 0020/2048 VUs  20m36.1s/30m0s  3000.00 iters/s

running (20m37.1s), 0012/2048 VUs, 3711099 complete and 0 interrupted iterations
cap_mixed   [  69% ] 0012/2048 VUs  20m37.1s/30m0s  3000.00 iters/s

running (20m38.1s), 0015/2048 VUs, 3714096 complete and 0 interrupted iterations
cap_mixed   [  69% ] 0015/2048 VUs  20m38.1s/30m0s  3000.00 iters/s

running (20m39.1s), 0026/2048 VUs, 3717085 complete and 0 interrupted iterations
cap_mixed   [  69% ] 0026/2048 VUs  20m39.1s/30m0s  3000.00 iters/s

running (20m40.1s), 0020/2048 VUs, 3720091 complete and 0 interrupted iterations
cap_mixed   [  69% ] 0020/2048 VUs  20m40.1s/30m0s  3000.00 iters/s

running (20m41.1s), 0015/2048 VUs, 3723096 complete and 0 interrupted iterations
cap_mixed   [  69% ] 0015/2048 VUs  20m41.1s/30m0s  3000.00 iters/s

running (20m42.1s), 0017/2048 VUs, 3726094 complete and 0 interrupted iterations
cap_mixed   [  69% ] 0017/2048 VUs  20m42.1s/30m0s  3000.00 iters/s

running (20m43.1s), 0018/2048 VUs, 3729093 complete and 0 interrupted iterations
cap_mixed   [  69% ] 0018/2048 VUs  20m43.1s/30m0s  3000.00 iters/s

running (20m44.1s), 0117/2048 VUs, 3731994 complete and 0 interrupted iterations
cap_mixed   [  69% ] 0116/2048 VUs  20m44.1s/30m0s  3000.00 iters/s

running (20m45.1s), 0016/2048 VUs, 3735095 complete and 0 interrupted iterations
cap_mixed   [  69% ] 0016/2048 VUs  20m45.1s/30m0s  3000.00 iters/s

running (20m46.1s), 0018/2048 VUs, 3738093 complete and 0 interrupted iterations
cap_mixed   [  69% ] 0018/2048 VUs  20m46.1s/30m0s  3000.00 iters/s

running (20m47.1s), 0014/2048 VUs, 3741097 complete and 0 interrupted iterations
cap_mixed   [  69% ] 0014/2048 VUs  20m47.1s/30m0s  3000.00 iters/s

running (20m48.1s), 0014/2048 VUs, 3744097 complete and 0 interrupted iterations
cap_mixed   [  69% ] 0014/2048 VUs  20m48.1s/30m0s  3000.00 iters/s

running (20m49.1s), 0021/2048 VUs, 3747090 complete and 0 interrupted iterations
cap_mixed   [  69% ] 0021/2048 VUs  20m49.1s/30m0s  3000.00 iters/s

running (20m50.1s), 0020/2048 VUs, 3750091 complete and 0 interrupted iterations
cap_mixed   [  69% ] 0020/2048 VUs  20m50.1s/30m0s  3000.00 iters/s

running (20m51.1s), 0020/2048 VUs, 3753091 complete and 0 interrupted iterations
cap_mixed   [  70% ] 0020/2048 VUs  20m51.1s/30m0s  3000.00 iters/s

running (20m52.1s), 0015/2048 VUs, 3756096 complete and 0 interrupted iterations
cap_mixed   [  70% ] 0015/2048 VUs  20m52.1s/30m0s  3000.00 iters/s

running (20m53.1s), 0019/2048 VUs, 3759092 complete and 0 interrupted iterations
cap_mixed   [  70% ] 0019/2048 VUs  20m53.1s/30m0s  3000.00 iters/s

running (20m54.1s), 0023/2048 VUs, 3762088 complete and 0 interrupted iterations
cap_mixed   [  70% ] 0023/2048 VUs  20m54.1s/30m0s  3000.00 iters/s

running (20m55.1s), 0016/2048 VUs, 3765094 complete and 0 interrupted iterations
cap_mixed   [  70% ] 0016/2048 VUs  20m55.1s/30m0s  3000.00 iters/s

running (20m56.1s), 0012/2048 VUs, 3768099 complete and 0 interrupted iterations
cap_mixed   [  70% ] 0012/2048 VUs  20m56.1s/30m0s  3000.00 iters/s

running (20m57.1s), 0020/2048 VUs, 3771091 complete and 0 interrupted iterations
cap_mixed   [  70% ] 0020/2048 VUs  20m57.1s/30m0s  3000.00 iters/s

running (20m58.1s), 0024/2048 VUs, 3774087 complete and 0 interrupted iterations
cap_mixed   [  70% ] 0024/2048 VUs  20m58.1s/30m0s  3000.00 iters/s

running (20m59.1s), 0021/2048 VUs, 3777090 complete and 0 interrupted iterations
cap_mixed   [  70% ] 0021/2048 VUs  20m59.1s/30m0s  3000.00 iters/s

running (21m00.1s), 0015/2048 VUs, 3780096 complete and 0 interrupted iterations
cap_mixed   [  70% ] 0015/2048 VUs  21m00.1s/30m0s  3000.00 iters/s

running (21m01.1s), 0030/2048 VUs, 3783080 complete and 0 interrupted iterations
cap_mixed   [  70% ] 0030/2048 VUs  21m01.1s/30m0s  3000.00 iters/s

running (21m02.1s), 0017/2048 VUs, 3786094 complete and 0 interrupted iterations
cap_mixed   [  70% ] 0017/2048 VUs  21m02.1s/30m0s  3000.00 iters/s

running (21m03.1s), 0012/2048 VUs, 3789099 complete and 0 interrupted iterations
cap_mixed   [  70% ] 0012/2048 VUs  21m03.1s/30m0s  3000.00 iters/s

running (21m04.1s), 0018/2048 VUs, 3792093 complete and 0 interrupted iterations
cap_mixed   [  70% ] 0018/2048 VUs  21m04.1s/30m0s  3000.00 iters/s

running (21m05.1s), 0016/2048 VUs, 3795095 complete and 0 interrupted iterations
cap_mixed   [  70% ] 0016/2048 VUs  21m05.1s/30m0s  3000.00 iters/s

running (21m06.1s), 0017/2048 VUs, 3798094 complete and 0 interrupted iterations
cap_mixed   [  70% ] 0017/2048 VUs  21m06.1s/30m0s  3000.00 iters/s

running (21m07.1s), 0017/2048 VUs, 3801094 complete and 0 interrupted iterations
cap_mixed   [  70% ] 0017/2048 VUs  21m07.1s/30m0s  3000.00 iters/s

running (21m08.1s), 0008/2048 VUs, 3804103 complete and 0 interrupted iterations
cap_mixed   [  70% ] 0008/2048 VUs  21m08.1s/30m0s  3000.00 iters/s

running (21m09.1s), 0048/2048 VUs, 3807063 complete and 0 interrupted iterations
cap_mixed   [  71% ] 0048/2048 VUs  21m09.1s/30m0s  3000.00 iters/s

running (21m10.1s), 0019/2048 VUs, 3810092 complete and 0 interrupted iterations
cap_mixed   [  71% ] 0019/2048 VUs  21m10.1s/30m0s  3000.00 iters/s

running (21m11.1s), 0026/2048 VUs, 3813085 complete and 0 interrupted iterations
cap_mixed   [  71% ] 0026/2048 VUs  21m11.1s/30m0s  3000.00 iters/s

running (21m12.1s), 0026/2048 VUs, 3816085 complete and 0 interrupted iterations
cap_mixed   [  71% ] 0025/2048 VUs  21m12.1s/30m0s  3000.00 iters/s

running (21m13.1s), 0202/2048 VUs, 3818910 complete and 0 interrupted iterations
cap_mixed   [  71% ] 0202/2048 VUs  21m13.1s/30m0s  3000.00 iters/s

running (21m14.1s), 0017/2048 VUs, 3822094 complete and 0 interrupted iterations
cap_mixed   [  71% ] 0017/2048 VUs  21m14.1s/30m0s  3000.00 iters/s

running (21m15.1s), 0037/2048 VUs, 3825074 complete and 0 interrupted iterations
cap_mixed   [  71% ] 0037/2048 VUs  21m15.1s/30m0s  3000.00 iters/s

running (21m16.1s), 0016/2048 VUs, 3828095 complete and 0 interrupted iterations
cap_mixed   [  71% ] 0016/2048 VUs  21m16.1s/30m0s  3000.00 iters/s

running (21m17.1s), 0038/2048 VUs, 3831073 complete and 0 interrupted iterations
cap_mixed   [  71% ] 0038/2048 VUs  21m17.1s/30m0s  3000.00 iters/s

running (21m18.1s), 0014/2048 VUs, 3834098 complete and 0 interrupted iterations
cap_mixed   [  71% ] 0014/2048 VUs  21m18.1s/30m0s  3000.00 iters/s

running (21m19.1s), 0017/2048 VUs, 3837094 complete and 0 interrupted iterations
cap_mixed   [  71% ] 0018/2048 VUs  21m19.1s/30m0s  3000.00 iters/s

running (21m20.1s), 0016/2048 VUs, 3840095 complete and 0 interrupted iterations
cap_mixed   [  71% ] 0016/2048 VUs  21m20.1s/30m0s  3000.00 iters/s

running (21m21.1s), 0023/2048 VUs, 3843089 complete and 0 interrupted iterations
cap_mixed   [  71% ] 0023/2048 VUs  21m21.1s/30m0s  3000.00 iters/s

running (21m22.1s), 0018/2048 VUs, 3846094 complete and 0 interrupted iterations
cap_mixed   [  71% ] 0018/2048 VUs  21m22.1s/30m0s  3000.00 iters/s

running (21m23.1s), 0015/2048 VUs, 3849096 complete and 0 interrupted iterations
cap_mixed   [  71% ] 0015/2048 VUs  21m23.1s/30m0s  3000.00 iters/s

running (21m24.1s), 0021/2048 VUs, 3852090 complete and 0 interrupted iterations
cap_mixed   [  71% ] 0021/2048 VUs  21m24.1s/30m0s  3000.00 iters/s

running (21m25.1s), 0044/2048 VUs, 3855067 complete and 0 interrupted iterations
cap_mixed   [  71% ] 0044/2048 VUs  21m25.1s/30m0s  3000.00 iters/s

running (21m26.1s), 0014/2048 VUs, 3858097 complete and 0 interrupted iterations
cap_mixed   [  71% ] 0014/2048 VUs  21m26.1s/30m0s  3000.00 iters/s

running (21m27.1s), 0019/2048 VUs, 3861092 complete and 0 interrupted iterations
cap_mixed   [  72% ] 0019/2048 VUs  21m27.1s/30m0s  3000.00 iters/s

running (21m28.1s), 0022/2048 VUs, 3864089 complete and 0 interrupted iterations
cap_mixed   [  72% ] 0023/2048 VUs  21m28.1s/30m0s  3000.00 iters/s

running (21m29.1s), 0013/2048 VUs, 3867098 complete and 0 interrupted iterations
cap_mixed   [  72% ] 0013/2048 VUs  21m29.1s/30m0s  3000.00 iters/s

running (21m30.1s), 0019/2048 VUs, 3870092 complete and 0 interrupted iterations
cap_mixed   [  72% ] 0019/2048 VUs  21m30.1s/30m0s  3000.00 iters/s

running (21m31.1s), 0016/2048 VUs, 3873095 complete and 0 interrupted iterations
cap_mixed   [  72% ] 0016/2048 VUs  21m31.1s/30m0s  3000.00 iters/s

running (21m32.1s), 0040/2048 VUs, 3876071 complete and 0 interrupted iterations
cap_mixed   [  72% ] 0040/2048 VUs  21m32.1s/30m0s  3000.00 iters/s

running (21m33.1s), 0020/2048 VUs, 3879091 complete and 0 interrupted iterations
cap_mixed   [  72% ] 0021/2048 VUs  21m33.1s/30m0s  3000.00 iters/s

running (21m34.1s), 0020/2048 VUs, 3882091 complete and 0 interrupted iterations
cap_mixed   [  72% ] 0020/2048 VUs  21m34.1s/30m0s  3000.00 iters/s

running (21m35.1s), 0026/2048 VUs, 3885085 complete and 0 interrupted iterations
cap_mixed   [  72% ] 0026/2048 VUs  21m35.1s/30m0s  3000.00 iters/s

running (21m36.1s), 0027/2048 VUs, 3888083 complete and 0 interrupted iterations
cap_mixed   [  72% ] 0028/2048 VUs  21m36.1s/30m0s  3000.00 iters/s

running (21m37.1s), 0026/2048 VUs, 3891085 complete and 0 interrupted iterations
cap_mixed   [  72% ] 0026/2048 VUs  21m37.1s/30m0s  3000.00 iters/s

running (21m38.1s), 0016/2048 VUs, 3894095 complete and 0 interrupted iterations
cap_mixed   [  72% ] 0016/2048 VUs  21m38.1s/30m0s  3000.00 iters/s

running (21m39.1s), 0018/2048 VUs, 3897093 complete and 0 interrupted iterations
cap_mixed   [  72% ] 0018/2048 VUs  21m39.1s/30m0s  3000.00 iters/s

running (21m40.1s), 0016/2048 VUs, 3900095 complete and 0 interrupted iterations
cap_mixed   [  72% ] 0016/2048 VUs  21m40.1s/30m0s  3000.00 iters/s

running (21m41.1s), 0023/2048 VUs, 3903088 complete and 0 interrupted iterations
cap_mixed   [  72% ] 0023/2048 VUs  21m41.1s/30m0s  3000.00 iters/s

running (21m42.1s), 0218/2048 VUs, 3905893 complete and 0 interrupted iterations
cap_mixed   [  72% ] 0218/2048 VUs  21m42.1s/30m0s  3000.00 iters/s

running (21m43.1s), 0056/2048 VUs, 3909055 complete and 0 interrupted iterations
cap_mixed   [  72% ] 0056/2048 VUs  21m43.1s/30m0s  3000.00 iters/s

running (21m44.1s), 0025/2048 VUs, 3912086 complete and 0 interrupted iterations
cap_mixed   [  72% ] 0025/2048 VUs  21m44.1s/30m0s  3000.00 iters/s

running (21m45.1s), 0015/2048 VUs, 3915096 complete and 0 interrupted iterations
cap_mixed   [  73% ] 0015/2048 VUs  21m45.1s/30m0s  3000.00 iters/s

running (21m46.1s), 0026/2048 VUs, 3918085 complete and 0 interrupted iterations
cap_mixed   [  73% ] 0026/2048 VUs  21m46.1s/30m0s  3000.00 iters/s

running (21m47.1s), 0023/2048 VUs, 3921088 complete and 0 interrupted iterations
cap_mixed   [  73% ] 0023/2048 VUs  21m47.1s/30m0s  3000.00 iters/s

running (21m48.1s), 0014/2048 VUs, 3924097 complete and 0 interrupted iterations
cap_mixed   [  73% ] 0014/2048 VUs  21m48.1s/30m0s  3000.00 iters/s

running (21m49.1s), 0034/2048 VUs, 3927078 complete and 0 interrupted iterations
cap_mixed   [  73% ] 0034/2048 VUs  21m49.1s/30m0s  3000.00 iters/s

running (21m50.1s), 0014/2048 VUs, 3930097 complete and 0 interrupted iterations
cap_mixed   [  73% ] 0014/2048 VUs  21m50.1s/30m0s  3000.00 iters/s

running (21m51.1s), 0021/2048 VUs, 3933090 complete and 0 interrupted iterations
cap_mixed   [  73% ] 0021/2048 VUs  21m51.1s/30m0s  3000.00 iters/s

running (21m52.1s), 0021/2048 VUs, 3936090 complete and 0 interrupted iterations
cap_mixed   [  73% ] 0021/2048 VUs  21m52.1s/30m0s  3000.00 iters/s

running (21m53.1s), 0021/2048 VUs, 3939090 complete and 0 interrupted iterations
cap_mixed   [  73% ] 0021/2048 VUs  21m53.1s/30m0s  3000.00 iters/s

running (21m54.1s), 0021/2048 VUs, 3942090 complete and 0 interrupted iterations
cap_mixed   [  73% ] 0021/2048 VUs  21m54.1s/30m0s  3000.00 iters/s

running (21m55.1s), 0029/2048 VUs, 3945082 complete and 0 interrupted iterations
cap_mixed   [  73% ] 0029/2048 VUs  21m55.1s/30m0s  3000.00 iters/s

running (21m56.1s), 0018/2048 VUs, 3948093 complete and 0 interrupted iterations
cap_mixed   [  73% ] 0017/2048 VUs  21m56.1s/30m0s  3000.00 iters/s

running (21m57.1s), 0120/2048 VUs, 3950991 complete and 0 interrupted iterations
cap_mixed   [  73% ] 0120/2048 VUs  21m57.1s/30m0s  3000.00 iters/s

running (21m58.1s), 0021/2048 VUs, 3954090 complete and 0 interrupted iterations
cap_mixed   [  73% ] 0021/2048 VUs  21m58.1s/30m0s  3000.00 iters/s

running (21m59.1s), 0043/2048 VUs, 3957068 complete and 0 interrupted iterations
cap_mixed   [  73% ] 0043/2048 VUs  21m59.1s/30m0s  3000.00 iters/s

running (22m00.1s), 0024/2048 VUs, 3960087 complete and 0 interrupted iterations
cap_mixed   [  73% ] 0024/2048 VUs  22m00.1s/30m0s  3000.00 iters/s

running (22m01.1s), 0016/2048 VUs, 3963095 complete and 0 interrupted iterations
cap_mixed   [  73% ] 0016/2048 VUs  22m01.1s/30m0s  3000.00 iters/s

running (22m02.1s), 0039/2048 VUs, 3966072 complete and 0 interrupted iterations
cap_mixed   [  73% ] 0039/2048 VUs  22m02.1s/30m0s  3000.00 iters/s

running (22m03.1s), 0022/2048 VUs, 3969090 complete and 0 interrupted iterations
cap_mixed   [  74% ] 0022/2048 VUs  22m03.1s/30m0s  3000.00 iters/s

running (22m04.1s), 0018/2048 VUs, 3972094 complete and 0 interrupted iterations
cap_mixed   [  74% ] 0018/2048 VUs  22m04.1s/30m0s  3000.00 iters/s

running (22m05.1s), 0023/2048 VUs, 3975088 complete and 0 interrupted iterations
cap_mixed   [  74% ] 0023/2048 VUs  22m05.1s/30m0s  3000.00 iters/s

running (22m06.1s), 0018/2048 VUs, 3978093 complete and 0 interrupted iterations
cap_mixed   [  74% ] 0018/2048 VUs  22m06.1s/30m0s  3000.00 iters/s

running (22m07.1s), 0024/2048 VUs, 3981087 complete and 0 interrupted iterations
cap_mixed   [  74% ] 0024/2048 VUs  22m07.1s/30m0s  3000.00 iters/s

running (22m08.1s), 0019/2048 VUs, 3984092 complete and 0 interrupted iterations
cap_mixed   [  74% ] 0019/2048 VUs  22m08.1s/30m0s  3000.00 iters/s

running (22m09.1s), 0024/2048 VUs, 3987089 complete and 0 interrupted iterations
cap_mixed   [  74% ] 0024/2048 VUs  22m09.1s/30m0s  3000.00 iters/s

running (22m10.1s), 0026/2048 VUs, 3990086 complete and 0 interrupted iterations
cap_mixed   [  74% ] 0026/2048 VUs  22m10.1s/30m0s  3000.00 iters/s

running (22m11.1s), 0226/2048 VUs, 3992883 complete and 0 interrupted iterations
cap_mixed   [  74% ] 0226/2048 VUs  22m11.1s/30m0s  3000.00 iters/s

running (22m12.1s), 0019/2048 VUs, 3996092 complete and 0 interrupted iterations
cap_mixed   [  74% ] 0019/2048 VUs  22m12.1s/30m0s  3000.00 iters/s

running (22m13.1s), 0019/2048 VUs, 3999092 complete and 0 interrupted iterations
cap_mixed   [  74% ] 0019/2048 VUs  22m13.1s/30m0s  3000.00 iters/s

running (22m14.1s), 0022/2048 VUs, 4002089 complete and 0 interrupted iterations
cap_mixed   [  74% ] 0022/2048 VUs  22m14.1s/30m0s  3000.00 iters/s

running (22m15.1s), 0016/2048 VUs, 4005095 complete and 0 interrupted iterations
cap_mixed   [  74% ] 0016/2048 VUs  22m15.1s/30m0s  3000.00 iters/s

running (22m16.1s), 0031/2048 VUs, 4008080 complete and 0 interrupted iterations
cap_mixed   [  74% ] 0031/2048 VUs  22m16.1s/30m0s  3000.00 iters/s

running (22m17.1s), 0016/2048 VUs, 4011096 complete and 0 interrupted iterations
cap_mixed   [  74% ] 0016/2048 VUs  22m17.1s/30m0s  3000.00 iters/s

running (22m18.1s), 0024/2048 VUs, 4014087 complete and 0 interrupted iterations
cap_mixed   [  74% ] 0024/2048 VUs  22m18.1s/30m0s  3000.00 iters/s

running (22m19.1s), 0033/2048 VUs, 4017078 complete and 0 interrupted iterations
cap_mixed   [  74% ] 0033/2048 VUs  22m19.1s/30m0s  3000.00 iters/s

running (22m20.1s), 0026/2048 VUs, 4020085 complete and 0 interrupted iterations
cap_mixed   [  74% ] 0026/2048 VUs  22m20.1s/30m0s  3000.00 iters/s

running (22m21.1s), 0038/2048 VUs, 4023073 complete and 0 interrupted iterations
cap_mixed   [  75% ] 0038/2048 VUs  22m21.1s/30m0s  3000.00 iters/s

running (22m22.1s), 0022/2048 VUs, 4026089 complete and 0 interrupted iterations
cap_mixed   [  75% ] 0022/2048 VUs  22m22.1s/30m0s  3000.00 iters/s

running (22m23.1s), 0030/2048 VUs, 4029082 complete and 0 interrupted iterations
cap_mixed   [  75% ] 0030/2048 VUs  22m23.1s/30m0s  3000.00 iters/s

running (22m24.1s), 0022/2048 VUs, 4032089 complete and 0 interrupted iterations
cap_mixed   [  75% ] 0022/2048 VUs  22m24.1s/30m0s  3000.00 iters/s

running (22m25.1s), 0018/2048 VUs, 4035093 complete and 0 interrupted iterations
cap_mixed   [  75% ] 0018/2048 VUs  22m25.1s/30m0s  3000.00 iters/s

running (22m26.1s), 0028/2048 VUs, 4038083 complete and 0 interrupted iterations
cap_mixed   [  75% ] 0028/2048 VUs  22m26.1s/30m0s  3000.00 iters/s

running (22m27.1s), 0023/2048 VUs, 4041088 complete and 0 interrupted iterations
cap_mixed   [  75% ] 0023/2048 VUs  22m27.1s/30m0s  3000.00 iters/s

running (22m28.1s), 0024/2048 VUs, 4044087 complete and 0 interrupted iterations
cap_mixed   [  75% ] 0024/2048 VUs  22m28.1s/30m0s  3000.00 iters/s

running (22m29.1s), 0046/2048 VUs, 4047066 complete and 0 interrupted iterations
cap_mixed   [  75% ] 0046/2048 VUs  22m29.1s/30m0s  3000.00 iters/s

running (22m30.1s), 0118/2048 VUs, 4049994 complete and 0 interrupted iterations
cap_mixed   [  75% ] 0118/2048 VUs  22m30.1s/30m0s  3000.00 iters/s

running (22m31.1s), 0016/2048 VUs, 4053095 complete and 0 interrupted iterations
cap_mixed   [  75% ] 0016/2048 VUs  22m31.1s/30m0s  3000.00 iters/s

running (22m32.1s), 0015/2048 VUs, 4056096 complete and 0 interrupted iterations
cap_mixed   [  75% ] 0015/2048 VUs  22m32.1s/30m0s  3000.00 iters/s

running (22m33.1s), 0020/2048 VUs, 4059091 complete and 0 interrupted iterations
cap_mixed   [  75% ] 0020/2048 VUs  22m33.1s/30m0s  3000.00 iters/s

running (22m34.1s), 0022/2048 VUs, 4062089 complete and 0 interrupted iterations
cap_mixed   [  75% ] 0022/2048 VUs  22m34.1s/30m0s  3000.00 iters/s

running (22m35.1s), 0019/2048 VUs, 4065094 complete and 0 interrupted iterations
cap_mixed   [  75% ] 0019/2048 VUs  22m35.1s/30m0s  3000.00 iters/s

running (22m36.1s), 0026/2048 VUs, 4068086 complete and 0 interrupted iterations
cap_mixed   [  75% ] 0026/2048 VUs  22m36.1s/30m0s  3000.00 iters/s

running (22m37.1s), 0019/2048 VUs, 4071092 complete and 0 interrupted iterations
cap_mixed   [  75% ] 0019/2048 VUs  22m37.1s/30m0s  3000.00 iters/s

running (22m38.1s), 0050/2048 VUs, 4074062 complete and 0 interrupted iterations
cap_mixed   [  75% ] 0050/2048 VUs  22m38.1s/30m0s  3000.00 iters/s

running (22m39.1s), 0023/2048 VUs, 4077088 complete and 0 interrupted iterations
cap_mixed   [  76% ] 0023/2048 VUs  22m39.1s/30m0s  3000.00 iters/s

running (22m40.1s), 0250/2048 VUs, 4079861 complete and 0 interrupted iterations
cap_mixed   [  76% ] 0250/2048 VUs  22m40.1s/30m0s  3000.00 iters/s

running (22m41.1s), 0026/2048 VUs, 4083086 complete and 0 interrupted iterations
cap_mixed   [  76% ] 0026/2048 VUs  22m41.1s/30m0s  3000.00 iters/s

running (22m42.1s), 0012/2048 VUs, 4086099 complete and 0 interrupted iterations
cap_mixed   [  76% ] 0012/2048 VUs  22m42.1s/30m0s  3000.00 iters/s

running (22m43.1s), 0024/2048 VUs, 4089087 complete and 0 interrupted iterations
cap_mixed   [  76% ] 0024/2048 VUs  22m43.1s/30m0s  3000.00 iters/s

running (22m44.1s), 0021/2048 VUs, 4092090 complete and 0 interrupted iterations
cap_mixed   [  76% ] 0022/2048 VUs  22m44.1s/30m0s  3000.00 iters/s

running (22m45.1s), 0015/2048 VUs, 4095096 complete and 0 interrupted iterations
cap_mixed   [  76% ] 0015/2048 VUs  22m45.1s/30m0s  3000.00 iters/s

running (22m46.1s), 0025/2048 VUs, 4098086 complete and 0 interrupted iterations
cap_mixed   [  76% ] 0025/2048 VUs  22m46.1s/30m0s  3000.00 iters/s

running (22m47.1s), 0022/2048 VUs, 4101091 complete and 0 interrupted iterations
cap_mixed   [  76% ] 0022/2048 VUs  22m47.1s/30m0s  3000.00 iters/s

running (22m48.1s), 0036/2048 VUs, 4104075 complete and 0 interrupted iterations
cap_mixed   [  76% ] 0036/2048 VUs  22m48.1s/30m0s  3000.00 iters/s

running (22m49.1s), 0024/2048 VUs, 4107088 complete and 0 interrupted iterations
cap_mixed   [  76% ] 0024/2048 VUs  22m49.1s/30m0s  3000.00 iters/s

running (22m50.1s), 0022/2048 VUs, 4110089 complete and 0 interrupted iterations
cap_mixed   [  76% ] 0023/2048 VUs  22m50.1s/30m0s  3000.00 iters/s

running (22m51.1s), 0018/2048 VUs, 4113094 complete and 0 interrupted iterations
cap_mixed   [  76% ] 0018/2048 VUs  22m51.1s/30m0s  3000.00 iters/s

running (22m52.1s), 0020/2048 VUs, 4116092 complete and 0 interrupted iterations
cap_mixed   [  76% ] 0020/2048 VUs  22m52.1s/30m0s  3000.00 iters/s

running (22m53.1s), 0027/2048 VUs, 4119085 complete and 0 interrupted iterations
cap_mixed   [  76% ] 0027/2048 VUs  22m53.1s/30m0s  3000.00 iters/s

running (22m54.1s), 0012/2048 VUs, 4122099 complete and 0 interrupted iterations
cap_mixed   [  76% ] 0012/2048 VUs  22m54.1s/30m0s  3000.00 iters/s

running (22m55.1s), 0033/2048 VUs, 4125078 complete and 0 interrupted iterations
cap_mixed   [  76% ] 0033/2048 VUs  22m55.1s/30m0s  3000.00 iters/s

running (22m56.1s), 0027/2048 VUs, 4128085 complete and 0 interrupted iterations
cap_mixed   [  76% ] 0027/2048 VUs  22m56.1s/30m0s  3000.00 iters/s

running (22m57.1s), 0030/2048 VUs, 4131082 complete and 0 interrupted iterations
cap_mixed   [  77% ] 0030/2048 VUs  22m57.1s/30m0s  3000.00 iters/s

running (22m58.1s), 0012/2048 VUs, 4134099 complete and 0 interrupted iterations
cap_mixed   [  77% ] 0012/2048 VUs  22m58.1s/30m0s  3000.00 iters/s

running (22m59.1s), 0037/2048 VUs, 4137077 complete and 0 interrupted iterations
cap_mixed   [  77% ] 0037/2048 VUs  22m59.1s/30m0s  3000.00 iters/s

running (23m00.1s), 0017/2048 VUs, 4140094 complete and 0 interrupted iterations
cap_mixed   [  77% ] 0017/2048 VUs  23m00.1s/30m0s  3000.00 iters/s

running (23m01.1s), 0020/2048 VUs, 4143091 complete and 0 interrupted iterations
cap_mixed   [  77% ] 0020/2048 VUs  23m01.1s/30m0s  3000.00 iters/s

running (23m02.1s), 0033/2048 VUs, 4146079 complete and 0 interrupted iterations
cap_mixed   [  77% ] 0033/2048 VUs  23m02.1s/30m0s  3000.00 iters/s

running (23m03.1s), 0018/2048 VUs, 4149094 complete and 0 interrupted iterations
cap_mixed   [  77% ] 0018/2048 VUs  23m03.1s/30m0s  3000.00 iters/s

running (23m04.1s), 0022/2048 VUs, 4152092 complete and 0 interrupted iterations
cap_mixed   [  77% ] 0022/2048 VUs  23m04.1s/30m0s  3000.00 iters/s

running (23m05.1s), 0022/2048 VUs, 4155089 complete and 0 interrupted iterations
cap_mixed   [  77% ] 0022/2048 VUs  23m05.1s/30m0s  3000.00 iters/s

running (23m06.1s), 0019/2048 VUs, 4158092 complete and 0 interrupted iterations
cap_mixed   [  77% ] 0019/2048 VUs  23m06.1s/30m0s  3000.00 iters/s

running (23m07.1s), 0030/2048 VUs, 4161082 complete and 0 interrupted iterations
cap_mixed   [  77% ] 0030/2048 VUs  23m07.1s/30m0s  3000.00 iters/s

running (23m08.1s), 0019/2048 VUs, 4164092 complete and 0 interrupted iterations
cap_mixed   [  77% ] 0019/2048 VUs  23m08.1s/30m0s  3000.00 iters/s

running (23m09.1s), 0022/2048 VUs, 4167089 complete and 0 interrupted iterations
cap_mixed   [  77% ] 0022/2048 VUs  23m09.1s/30m0s  3000.00 iters/s

running (23m10.1s), 0017/2048 VUs, 4170094 complete and 0 interrupted iterations
cap_mixed   [  77% ] 0017/2048 VUs  23m10.1s/30m0s  3000.00 iters/s

running (23m11.1s), 0022/2048 VUs, 4173090 complete and 0 interrupted iterations
cap_mixed   [  77% ] 0022/2048 VUs  23m11.1s/30m0s  3000.00 iters/s

running (23m12.1s), 0017/2048 VUs, 4176095 complete and 0 interrupted iterations
cap_mixed   [  77% ] 0017/2048 VUs  23m12.1s/30m0s  3000.00 iters/s

running (23m13.1s), 0016/2048 VUs, 4179096 complete and 0 interrupted iterations
cap_mixed   [  77% ] 0016/2048 VUs  23m13.1s/30m0s  3000.00 iters/s

running (23m14.1s), 0024/2048 VUs, 4182088 complete and 0 interrupted iterations
cap_mixed   [  77% ] 0024/2048 VUs  23m14.1s/30m0s  3000.00 iters/s

running (23m15.1s), 0019/2048 VUs, 4185093 complete and 0 interrupted iterations
cap_mixed   [  78% ] 0019/2048 VUs  23m15.1s/30m0s  3000.00 iters/s

running (23m16.1s), 0022/2048 VUs, 4188089 complete and 0 interrupted iterations
cap_mixed   [  78% ] 0022/2048 VUs  23m16.1s/30m0s  3000.00 iters/s

running (23m17.1s), 0017/2048 VUs, 4191095 complete and 0 interrupted iterations
cap_mixed   [  78% ] 0017/2048 VUs  23m17.1s/30m0s  3000.00 iters/s

running (23m18.1s), 0026/2048 VUs, 4194085 complete and 0 interrupted iterations
cap_mixed   [  78% ] 0026/2048 VUs  23m18.1s/30m0s  3000.00 iters/s

running (23m19.1s), 0017/2048 VUs, 4197096 complete and 0 interrupted iterations
cap_mixed   [  78% ] 0017/2048 VUs  23m19.1s/30m0s  3000.00 iters/s

running (23m20.1s), 0015/2048 VUs, 4200096 complete and 0 interrupted iterations
cap_mixed   [  78% ] 0015/2048 VUs  23m20.1s/30m0s  3000.00 iters/s

running (23m21.1s), 0015/2048 VUs, 4203097 complete and 0 interrupted iterations
cap_mixed   [  78% ] 0015/2048 VUs  23m21.1s/30m0s  3000.00 iters/s

running (23m22.1s), 0014/2048 VUs, 4206098 complete and 0 interrupted iterations
cap_mixed   [  78% ] 0014/2048 VUs  23m22.1s/30m0s  3000.00 iters/s

running (23m23.1s), 0021/2048 VUs, 4209090 complete and 0 interrupted iterations
cap_mixed   [  78% ] 0021/2048 VUs  23m23.1s/30m0s  3000.00 iters/s

running (23m24.1s), 0018/2048 VUs, 4212094 complete and 0 interrupted iterations
cap_mixed   [  78% ] 0018/2048 VUs  23m24.1s/30m0s  3000.00 iters/s

running (23m25.1s), 0020/2048 VUs, 4215091 complete and 0 interrupted iterations
cap_mixed   [  78% ] 0021/2048 VUs  23m25.1s/30m0s  3000.00 iters/s

running (23m26.1s), 0034/2048 VUs, 4218077 complete and 0 interrupted iterations
cap_mixed   [  78% ] 0035/2048 VUs  23m26.1s/30m0s  3000.00 iters/s

running (23m27.1s), 0028/2048 VUs, 4221084 complete and 0 interrupted iterations
cap_mixed   [  78% ] 0028/2048 VUs  23m27.1s/30m0s  3000.00 iters/s

running (23m28.1s), 0027/2048 VUs, 4224084 complete and 0 interrupted iterations
cap_mixed   [  78% ] 0027/2048 VUs  23m28.1s/30m0s  3000.00 iters/s

running (23m29.1s), 0026/2048 VUs, 4227086 complete and 0 interrupted iterations
cap_mixed   [  78% ] 0026/2048 VUs  23m29.1s/30m0s  3000.00 iters/s

running (23m30.1s), 0024/2048 VUs, 4230088 complete and 0 interrupted iterations
cap_mixed   [  78% ] 0024/2048 VUs  23m30.1s/30m0s  3000.00 iters/s

running (23m31.1s), 0022/2048 VUs, 4233089 complete and 0 interrupted iterations
cap_mixed   [  78% ] 0022/2048 VUs  23m31.1s/30m0s  3000.00 iters/s

running (23m32.1s), 0019/2048 VUs, 4236093 complete and 0 interrupted iterations
cap_mixed   [  78% ] 0019/2048 VUs  23m32.1s/30m0s  3000.00 iters/s

running (23m33.1s), 0018/2048 VUs, 4239093 complete and 0 interrupted iterations
cap_mixed   [  79% ] 0018/2048 VUs  23m33.1s/30m0s  3000.00 iters/s

running (23m34.1s), 0026/2048 VUs, 4242086 complete and 0 interrupted iterations
cap_mixed   [  79% ] 0026/2048 VUs  23m34.1s/30m0s  3000.00 iters/s

running (23m35.1s), 0023/2048 VUs, 4245088 complete and 0 interrupted iterations
cap_mixed   [  79% ] 0023/2048 VUs  23m35.1s/30m0s  3000.00 iters/s

running (23m36.1s), 0024/2048 VUs, 4248089 complete and 0 interrupted iterations
cap_mixed   [  79% ] 0024/2048 VUs  23m36.1s/30m0s  3000.00 iters/s

running (23m37.1s), 0014/2048 VUs, 4251097 complete and 0 interrupted iterations
cap_mixed   [  79% ] 0015/2048 VUs  23m37.1s/30m0s  3000.00 iters/s

running (23m38.1s), 0098/2048 VUs, 4254014 complete and 0 interrupted iterations
cap_mixed   [  79% ] 0098/2048 VUs  23m38.1s/30m0s  3000.00 iters/s

running (23m39.1s), 0020/2048 VUs, 4257092 complete and 0 interrupted iterations
cap_mixed   [  79% ] 0020/2048 VUs  23m39.1s/30m0s  3000.00 iters/s

running (23m40.1s), 0030/2048 VUs, 4260082 complete and 0 interrupted iterations
cap_mixed   [  79% ] 0030/2048 VUs  23m40.1s/30m0s  3000.00 iters/s

running (23m41.1s), 0021/2048 VUs, 4263091 complete and 0 interrupted iterations
cap_mixed   [  79% ] 0021/2048 VUs  23m41.1s/30m0s  3000.00 iters/s

running (23m42.1s), 0012/2048 VUs, 4266100 complete and 0 interrupted iterations
cap_mixed   [  79% ] 0012/2048 VUs  23m42.1s/30m0s  3000.00 iters/s

running (23m43.1s), 0034/2048 VUs, 4269078 complete and 0 interrupted iterations
cap_mixed   [  79% ] 0034/2048 VUs  23m43.1s/30m0s  3000.00 iters/s

running (23m44.1s), 0048/2048 VUs, 4272064 complete and 0 interrupted iterations
cap_mixed   [  79% ] 0048/2048 VUs  23m44.1s/30m0s  3000.00 iters/s

running (23m45.1s), 0022/2048 VUs, 4275090 complete and 0 interrupted iterations
cap_mixed   [  79% ] 0022/2048 VUs  23m45.1s/30m0s  3000.00 iters/s

running (23m46.1s), 0027/2048 VUs, 4278085 complete and 0 interrupted iterations
cap_mixed   [  79% ] 0027/2048 VUs  23m46.1s/30m0s  3000.00 iters/s

running (23m47.1s), 0022/2048 VUs, 4281090 complete and 0 interrupted iterations
cap_mixed   [  79% ] 0022/2048 VUs  23m47.1s/30m0s  3000.00 iters/s

running (23m48.1s), 0014/2048 VUs, 4284098 complete and 0 interrupted iterations
cap_mixed   [  79% ] 0014/2048 VUs  23m48.1s/30m0s  3000.00 iters/s

running (23m49.1s), 0025/2048 VUs, 4287087 complete and 0 interrupted iterations
cap_mixed   [  79% ] 0025/2048 VUs  23m49.1s/30m0s  3000.00 iters/s

running (23m50.1s), 0020/2048 VUs, 4290091 complete and 0 interrupted iterations
cap_mixed   [  79% ] 0021/2048 VUs  23m50.1s/30m0s  3000.00 iters/s

running (23m51.1s), 0020/2048 VUs, 4293092 complete and 0 interrupted iterations
cap_mixed   [  80% ] 0020/2048 VUs  23m51.1s/30m0s  3000.00 iters/s

running (23m52.1s), 0018/2048 VUs, 4296093 complete and 0 interrupted iterations
cap_mixed   [  80% ] 0018/2048 VUs  23m52.1s/30m0s  3000.00 iters/s

running (23m53.1s), 0019/2048 VUs, 4299093 complete and 0 interrupted iterations
cap_mixed   [  80% ] 0019/2048 VUs  23m53.1s/30m0s  3000.00 iters/s

running (23m54.1s), 0055/2048 VUs, 4302057 complete and 0 interrupted iterations
cap_mixed   [  80% ] 0055/2048 VUs  23m54.1s/30m0s  3000.00 iters/s

running (23m55.1s), 0015/2048 VUs, 4305097 complete and 0 interrupted iterations
cap_mixed   [  80% ] 0015/2048 VUs  23m55.1s/30m0s  3000.00 iters/s

running (23m56.1s), 0022/2048 VUs, 4308090 complete and 0 interrupted iterations
cap_mixed   [  80% ] 0022/2048 VUs  23m56.1s/30m0s  3000.00 iters/s

running (23m57.1s), 0023/2048 VUs, 4311089 complete and 0 interrupted iterations
cap_mixed   [  80% ] 0023/2048 VUs  23m57.1s/30m0s  3000.00 iters/s

running (23m58.1s), 0020/2048 VUs, 4314092 complete and 0 interrupted iterations
cap_mixed   [  80% ] 0020/2048 VUs  23m58.1s/30m0s  3000.00 iters/s

running (23m59.1s), 0017/2048 VUs, 4317094 complete and 0 interrupted iterations
cap_mixed   [  80% ] 0017/2048 VUs  23m59.1s/30m0s  3000.00 iters/s

running (24m00.1s), 0014/2048 VUs, 4320098 complete and 0 interrupted iterations
cap_mixed   [  80% ] 0014/2048 VUs  24m00.1s/30m0s  3000.00 iters/s

running (24m01.1s), 0027/2048 VUs, 4323085 complete and 0 interrupted iterations
cap_mixed   [  80% ] 0027/2048 VUs  24m01.1s/30m0s  3000.00 iters/s

running (24m02.1s), 0035/2048 VUs, 4326077 complete and 0 interrupted iterations
cap_mixed   [  80% ] 0035/2048 VUs  24m02.1s/30m0s  3000.00 iters/s

running (24m03.1s), 0022/2048 VUs, 4329090 complete and 0 interrupted iterations
cap_mixed   [  80% ] 0022/2048 VUs  24m03.1s/30m0s  3000.00 iters/s

running (24m04.1s), 0075/2048 VUs, 4332037 complete and 0 interrupted iterations
cap_mixed   [  80% ] 0075/2048 VUs  24m04.1s/30m0s  3000.00 iters/s

running (24m05.1s), 0018/2048 VUs, 4335094 complete and 0 interrupted iterations
cap_mixed   [  80% ] 0018/2048 VUs  24m05.1s/30m0s  3000.00 iters/s

running (24m06.1s), 0013/2048 VUs, 4338099 complete and 0 interrupted iterations
cap_mixed   [  80% ] 0013/2048 VUs  24m06.1s/30m0s  3000.00 iters/s

running (24m07.1s), 0185/2048 VUs, 4340926 complete and 0 interrupted iterations
cap_mixed   [  80% ] 0185/2048 VUs  24m07.1s/30m0s  3000.00 iters/s

running (24m08.1s), 0024/2048 VUs, 4344088 complete and 0 interrupted iterations
cap_mixed   [  80% ] 0024/2048 VUs  24m08.1s/30m0s  3000.00 iters/s

running (24m09.1s), 0031/2048 VUs, 4347081 complete and 0 interrupted iterations
cap_mixed   [  81% ] 0031/2048 VUs  24m09.1s/30m0s  3000.00 iters/s

running (24m10.1s), 0019/2048 VUs, 4350094 complete and 0 interrupted iterations
cap_mixed   [  81% ] 0019/2048 VUs  24m10.1s/30m0s  3000.00 iters/s

running (24m11.1s), 0016/2048 VUs, 4353096 complete and 0 interrupted iterations
cap_mixed   [  81% ] 0016/2048 VUs  24m11.1s/30m0s  3000.00 iters/s

running (24m12.1s), 0023/2048 VUs, 4356089 complete and 0 interrupted iterations
cap_mixed   [  81% ] 0023/2048 VUs  24m12.1s/30m0s  3000.00 iters/s

running (24m13.1s), 0017/2048 VUs, 4359095 complete and 0 interrupted iterations
cap_mixed   [  81% ] 0017/2048 VUs  24m13.1s/30m0s  3000.00 iters/s

running (24m14.1s), 0020/2048 VUs, 4362092 complete and 0 interrupted iterations
cap_mixed   [  81% ] 0020/2048 VUs  24m14.1s/30m0s  3000.00 iters/s

running (24m15.1s), 0018/2048 VUs, 4365094 complete and 0 interrupted iterations
cap_mixed   [  81% ] 0018/2048 VUs  24m15.1s/30m0s  3000.00 iters/s

running (24m16.1s), 0028/2048 VUs, 4368084 complete and 0 interrupted iterations
cap_mixed   [  81% ] 0028/2048 VUs  24m16.1s/30m0s  3000.00 iters/s

running (24m17.1s), 0030/2048 VUs, 4371082 complete and 0 interrupted iterations
cap_mixed   [  81% ] 0030/2048 VUs  24m17.1s/30m0s  3000.00 iters/s

running (24m18.1s), 0031/2048 VUs, 4374080 complete and 0 interrupted iterations
cap_mixed   [  81% ] 0031/2048 VUs  24m18.1s/30m0s  3000.00 iters/s

running (24m19.1s), 0019/2048 VUs, 4377093 complete and 0 interrupted iterations
cap_mixed   [  81% ] 0019/2048 VUs  24m19.1s/30m0s  3000.00 iters/s

running (24m20.1s), 0024/2048 VUs, 4380088 complete and 0 interrupted iterations
cap_mixed   [  81% ] 0024/2048 VUs  24m20.1s/30m0s  3000.00 iters/s

running (24m21.1s), 0033/2048 VUs, 4383080 complete and 0 interrupted iterations
cap_mixed   [  81% ] 0033/2048 VUs  24m21.1s/30m0s  3000.00 iters/s

running (24m22.1s), 0020/2048 VUs, 4386092 complete and 0 interrupted iterations
cap_mixed   [  81% ] 0020/2048 VUs  24m22.1s/30m0s  3000.00 iters/s

running (24m23.1s), 0024/2048 VUs, 4389088 complete and 0 interrupted iterations
cap_mixed   [  81% ] 0024/2048 VUs  24m23.1s/30m0s  3000.00 iters/s

running (24m24.1s), 0021/2048 VUs, 4392091 complete and 0 interrupted iterations
cap_mixed   [  81% ] 0021/2048 VUs  24m24.1s/30m0s  3000.00 iters/s

running (24m25.1s), 0011/2048 VUs, 4395101 complete and 0 interrupted iterations
cap_mixed   [  81% ] 0011/2048 VUs  24m25.1s/30m0s  3000.00 iters/s

running (24m26.1s), 0012/2048 VUs, 4398100 complete and 0 interrupted iterations
cap_mixed   [  81% ] 0012/2048 VUs  24m26.1s/30m0s  3000.00 iters/s

running (24m27.1s), 0023/2048 VUs, 4401089 complete and 0 interrupted iterations
cap_mixed   [  82% ] 0023/2048 VUs  24m27.1s/30m0s  3000.00 iters/s

running (24m28.1s), 0031/2048 VUs, 4404081 complete and 0 interrupted iterations
cap_mixed   [  82% ] 0031/2048 VUs  24m28.1s/30m0s  3000.00 iters/s

running (24m29.1s), 0018/2048 VUs, 4407094 complete and 0 interrupted iterations
cap_mixed   [  82% ] 0018/2048 VUs  24m29.1s/30m0s  3000.00 iters/s

running (24m30.1s), 0027/2048 VUs, 4410084 complete and 0 interrupted iterations
cap_mixed   [  82% ] 0028/2048 VUs  24m30.1s/30m0s  3000.00 iters/s

running (24m31.1s), 0037/2048 VUs, 4413082 complete and 0 interrupted iterations
cap_mixed   [  82% ] 0037/2048 VUs  24m31.1s/30m0s  3000.00 iters/s

running (24m32.1s), 0024/2048 VUs, 4416088 complete and 0 interrupted iterations
cap_mixed   [  82% ] 0024/2048 VUs  24m32.1s/30m0s  3000.00 iters/s

running (24m33.1s), 0021/2048 VUs, 4419091 complete and 0 interrupted iterations
cap_mixed   [  82% ] 0021/2048 VUs  24m33.1s/30m0s  3000.00 iters/s

running (24m34.1s), 0024/2048 VUs, 4422090 complete and 0 interrupted iterations
cap_mixed   [  82% ] 0024/2048 VUs  24m34.1s/30m0s  3000.00 iters/s

running (24m35.1s), 0030/2048 VUs, 4425082 complete and 0 interrupted iterations
cap_mixed   [  82% ] 0030/2048 VUs  24m35.1s/30m0s  3000.00 iters/s

running (24m36.1s), 0021/2048 VUs, 4428091 complete and 0 interrupted iterations
cap_mixed   [  82% ] 0021/2048 VUs  24m36.1s/30m0s  3000.00 iters/s

running (24m37.1s), 0025/2048 VUs, 4431087 complete and 0 interrupted iterations
cap_mixed   [  82% ] 0025/2048 VUs  24m37.1s/30m0s  3000.00 iters/s

running (24m38.1s), 0022/2048 VUs, 4434090 complete and 0 interrupted iterations
cap_mixed   [  82% ] 0022/2048 VUs  24m38.1s/30m0s  3000.00 iters/s

running (24m39.1s), 0018/2048 VUs, 4437095 complete and 0 interrupted iterations
cap_mixed   [  82% ] 0018/2048 VUs  24m39.1s/30m0s  3000.00 iters/s

running (24m40.1s), 0014/2048 VUs, 4440098 complete and 0 interrupted iterations
cap_mixed   [  82% ] 0014/2048 VUs  24m40.1s/30m0s  3000.00 iters/s

running (24m41.1s), 0020/2048 VUs, 4443092 complete and 0 interrupted iterations
cap_mixed   [  82% ] 0020/2048 VUs  24m41.1s/30m0s  3000.00 iters/s

running (24m42.1s), 0027/2048 VUs, 4446085 complete and 0 interrupted iterations
cap_mixed   [  82% ] 0027/2048 VUs  24m42.1s/30m0s  3000.00 iters/s

running (24m43.1s), 0015/2048 VUs, 4449097 complete and 0 interrupted iterations
cap_mixed   [  82% ] 0015/2048 VUs  24m43.1s/30m0s  3000.00 iters/s

running (24m44.1s), 0025/2048 VUs, 4452087 complete and 0 interrupted iterations
cap_mixed   [  82% ] 0025/2048 VUs  24m44.1s/30m0s  3000.00 iters/s

running (24m45.1s), 0021/2048 VUs, 4455091 complete and 0 interrupted iterations
cap_mixed   [  83% ] 0021/2048 VUs  24m45.1s/30m0s  3000.00 iters/s

running (24m46.1s), 0021/2048 VUs, 4458091 complete and 0 interrupted iterations
cap_mixed   [  83% ] 0021/2048 VUs  24m46.1s/30m0s  3000.00 iters/s

running (24m47.1s), 0022/2048 VUs, 4461090 complete and 0 interrupted iterations
cap_mixed   [  83% ] 0022/2048 VUs  24m47.1s/30m0s  3000.00 iters/s

running (24m48.1s), 0036/2048 VUs, 4464076 complete and 0 interrupted iterations
cap_mixed   [  83% ] 0036/2048 VUs  24m48.1s/30m0s  3000.00 iters/s

running (24m49.1s), 0026/2048 VUs, 4467084 complete and 0 interrupted iterations
cap_mixed   [  83% ] 0026/2048 VUs  24m49.1s/30m0s  3000.00 iters/s

running (24m50.1s), 0021/2048 VUs, 4470091 complete and 0 interrupted iterations
cap_mixed   [  83% ] 0021/2048 VUs  24m50.1s/30m0s  3000.00 iters/s

running (24m51.1s), 0042/2048 VUs, 4473069 complete and 0 interrupted iterations
cap_mixed   [  83% ] 0042/2048 VUs  24m51.1s/30m0s  3000.00 iters/s

running (24m52.1s), 0014/2048 VUs, 4476098 complete and 0 interrupted iterations
cap_mixed   [  83% ] 0014/2048 VUs  24m52.1s/30m0s  3000.00 iters/s

running (24m53.1s), 0060/2048 VUs, 4479053 complete and 0 interrupted iterations
cap_mixed   [  83% ] 0060/2048 VUs  24m53.1s/30m0s  3000.00 iters/s

running (24m54.1s), 0025/2048 VUs, 4482087 complete and 0 interrupted iterations
cap_mixed   [  83% ] 0025/2048 VUs  24m54.1s/30m0s  3000.00 iters/s

running (24m55.1s), 0024/2048 VUs, 4485088 complete and 0 interrupted iterations
cap_mixed   [  83% ] 0024/2048 VUs  24m55.1s/30m0s  3000.00 iters/s

running (24m56.1s), 0028/2048 VUs, 4488084 complete and 0 interrupted iterations
cap_mixed   [  83% ] 0028/2048 VUs  24m56.1s/30m0s  3000.00 iters/s

running (24m57.1s), 0020/2048 VUs, 4491092 complete and 0 interrupted iterations
cap_mixed   [  83% ] 0020/2048 VUs  24m57.1s/30m0s  3000.00 iters/s

running (24m58.1s), 0027/2048 VUs, 4494085 complete and 0 interrupted iterations
cap_mixed   [  83% ] 0027/2048 VUs  24m58.1s/30m0s  3000.00 iters/s

running (24m59.1s), 0017/2048 VUs, 4497095 complete and 0 interrupted iterations
cap_mixed   [  83% ] 0017/2048 VUs  24m59.1s/30m0s  3000.00 iters/s

running (25m00.1s), 0025/2048 VUs, 4500087 complete and 0 interrupted iterations
cap_mixed   [  83% ] 0025/2048 VUs  25m00.1s/30m0s  3000.00 iters/s

running (25m01.1s), 0021/2048 VUs, 4503091 complete and 0 interrupted iterations
cap_mixed   [  83% ] 0021/2048 VUs  25m01.1s/30m0s  3000.00 iters/s

running (25m02.1s), 0018/2048 VUs, 4506094 complete and 0 interrupted iterations
cap_mixed   [  83% ] 0018/2048 VUs  25m02.1s/30m0s  3000.00 iters/s

running (25m03.1s), 0021/2048 VUs, 4509091 complete and 0 interrupted iterations
cap_mixed   [  84% ] 0021/2048 VUs  25m03.1s/30m0s  3000.00 iters/s

running (25m04.1s), 0154/2048 VUs, 4511958 complete and 0 interrupted iterations
cap_mixed   [  84% ] 0154/2048 VUs  25m04.1s/30m0s  3000.00 iters/s

running (25m05.1s), 0023/2048 VUs, 4515089 complete and 0 interrupted iterations
cap_mixed   [  84% ] 0023/2048 VUs  25m05.1s/30m0s  3000.00 iters/s

running (25m06.1s), 0016/2048 VUs, 4518096 complete and 0 interrupted iterations
cap_mixed   [  84% ] 0016/2048 VUs  25m06.1s/30m0s  3000.00 iters/s

running (25m07.1s), 0020/2048 VUs, 4521092 complete and 0 interrupted iterations
cap_mixed   [  84% ] 0020/2048 VUs  25m07.1s/30m0s  3000.00 iters/s

running (25m08.1s), 0017/2048 VUs, 4524095 complete and 0 interrupted iterations
cap_mixed   [  84% ] 0017/2048 VUs  25m08.1s/30m0s  3000.00 iters/s

running (25m09.1s), 0027/2048 VUs, 4527085 complete and 0 interrupted iterations
cap_mixed   [  84% ] 0027/2048 VUs  25m09.1s/30m0s  3000.00 iters/s

running (25m10.1s), 0026/2048 VUs, 4530086 complete and 0 interrupted iterations
cap_mixed   [  84% ] 0026/2048 VUs  25m10.1s/30m0s  3000.00 iters/s

running (25m11.1s), 0020/2048 VUs, 4533092 complete and 0 interrupted iterations
cap_mixed   [  84% ] 0020/2048 VUs  25m11.1s/30m0s  3000.00 iters/s

running (25m12.1s), 0018/2048 VUs, 4536094 complete and 0 interrupted iterations
cap_mixed   [  84% ] 0018/2048 VUs  25m12.1s/30m0s  3000.00 iters/s

running (25m13.1s), 0024/2048 VUs, 4539088 complete and 0 interrupted iterations
cap_mixed   [  84% ] 0024/2048 VUs  25m13.1s/30m0s  3000.00 iters/s

running (25m14.1s), 0014/2048 VUs, 4542097 complete and 0 interrupted iterations
cap_mixed   [  84% ] 0014/2048 VUs  25m14.1s/30m0s  3000.00 iters/s

running (25m15.1s), 0012/2048 VUs, 4545099 complete and 0 interrupted iterations
cap_mixed   [  84% ] 0013/2048 VUs  25m15.1s/30m0s  3000.00 iters/s

running (25m16.1s), 0014/2048 VUs, 4548098 complete and 0 interrupted iterations
cap_mixed   [  84% ] 0014/2048 VUs  25m16.1s/30m0s  3000.00 iters/s

running (25m17.1s), 0022/2048 VUs, 4551090 complete and 0 interrupted iterations
cap_mixed   [  84% ] 0022/2048 VUs  25m17.1s/30m0s  3000.00 iters/s

running (25m18.1s), 0011/2048 VUs, 4554100 complete and 0 interrupted iterations
cap_mixed   [  84% ] 0012/2048 VUs  25m18.1s/30m0s  3000.00 iters/s

running (25m19.1s), 0021/2048 VUs, 4557091 complete and 0 interrupted iterations
cap_mixed   [  84% ] 0021/2048 VUs  25m19.1s/30m0s  3000.00 iters/s

running (25m20.1s), 0019/2048 VUs, 4560093 complete and 0 interrupted iterations
cap_mixed   [  84% ] 0019/2048 VUs  25m20.1s/30m0s  3000.00 iters/s

running (25m21.1s), 0016/2048 VUs, 4563096 complete and 0 interrupted iterations
cap_mixed   [  85% ] 0016/2048 VUs  25m21.1s/30m0s  3000.00 iters/s

running (25m22.1s), 0017/2048 VUs, 4566095 complete and 0 interrupted iterations
cap_mixed   [  85% ] 0017/2048 VUs  25m22.1s/30m0s  3000.00 iters/s

running (25m23.1s), 0010/2048 VUs, 4569102 complete and 0 interrupted iterations
cap_mixed   [  85% ] 0010/2048 VUs  25m23.1s/30m0s  3000.00 iters/s

running (25m24.1s), 0019/2048 VUs, 4572093 complete and 0 interrupted iterations
cap_mixed   [  85% ] 0019/2048 VUs  25m24.1s/30m0s  3000.00 iters/s

running (25m25.1s), 0017/2048 VUs, 4575095 complete and 0 interrupted iterations
cap_mixed   [  85% ] 0017/2048 VUs  25m25.1s/30m0s  3000.00 iters/s

running (25m26.1s), 0035/2048 VUs, 4578077 complete and 0 interrupted iterations
cap_mixed   [  85% ] 0035/2048 VUs  25m26.1s/30m0s  3000.00 iters/s

running (25m27.1s), 0025/2048 VUs, 4581087 complete and 0 interrupted iterations
cap_mixed   [  85% ] 0025/2048 VUs  25m27.1s/30m0s  3000.00 iters/s

running (25m28.1s), 0032/2048 VUs, 4584080 complete and 0 interrupted iterations
cap_mixed   [  85% ] 0032/2048 VUs  25m28.1s/30m0s  3000.00 iters/s

running (25m29.1s), 0017/2048 VUs, 4587095 complete and 0 interrupted iterations
cap_mixed   [  85% ] 0017/2048 VUs  25m29.1s/30m0s  3000.00 iters/s

running (25m30.1s), 0020/2048 VUs, 4590092 complete and 0 interrupted iterations
cap_mixed   [  85% ] 0020/2048 VUs  25m30.1s/30m0s  3000.00 iters/s

running (25m31.1s), 0024/2048 VUs, 4593088 complete and 0 interrupted iterations
cap_mixed   [  85% ] 0024/2048 VUs  25m31.1s/30m0s  3000.00 iters/s

running (25m32.1s), 0034/2048 VUs, 4596078 complete and 0 interrupted iterations
cap_mixed   [  85% ] 0034/2048 VUs  25m32.1s/30m0s  3000.00 iters/s

running (25m33.1s), 0030/2048 VUs, 4599082 complete and 0 interrupted iterations
cap_mixed   [  85% ] 0030/2048 VUs  25m33.1s/30m0s  3000.00 iters/s

running (25m34.1s), 0021/2048 VUs, 4602091 complete and 0 interrupted iterations
cap_mixed   [  85% ] 0021/2048 VUs  25m34.1s/30m0s  3000.00 iters/s

running (25m35.1s), 0031/2048 VUs, 4605081 complete and 0 interrupted iterations
cap_mixed   [  85% ] 0031/2048 VUs  25m35.1s/30m0s  3000.00 iters/s

running (25m36.1s), 0011/2048 VUs, 4608101 complete and 0 interrupted iterations
cap_mixed   [  85% ] 0011/2048 VUs  25m36.1s/30m0s  3000.00 iters/s

running (25m37.1s), 0016/2048 VUs, 4611096 complete and 0 interrupted iterations
cap_mixed   [  85% ] 0016/2048 VUs  25m37.1s/30m0s  3000.00 iters/s

running (25m38.1s), 0018/2048 VUs, 4614094 complete and 0 interrupted iterations
cap_mixed   [  85% ] 0018/2048 VUs  25m38.1s/30m0s  3000.00 iters/s

running (25m39.1s), 0020/2048 VUs, 4617092 complete and 0 interrupted iterations
cap_mixed   [  86% ] 0020/2048 VUs  25m39.1s/30m0s  3000.00 iters/s

running (25m40.1s), 0254/2048 VUs, 4619858 complete and 0 interrupted iterations
cap_mixed   [  86% ] 0254/2048 VUs  25m40.1s/30m0s  3000.00 iters/s

running (25m41.1s), 0022/2048 VUs, 4623094 complete and 0 interrupted iterations
cap_mixed   [  86% ] 0022/2048 VUs  25m41.1s/30m0s  3000.00 iters/s

running (25m42.1s), 0029/2048 VUs, 4626083 complete and 0 interrupted iterations
cap_mixed   [  86% ] 0029/2048 VUs  25m42.1s/30m0s  3000.00 iters/s

running (25m43.1s), 0019/2048 VUs, 4629094 complete and 0 interrupted iterations
cap_mixed   [  86% ] 0019/2048 VUs  25m43.1s/30m0s  3000.00 iters/s

running (25m44.1s), 0016/2048 VUs, 4632095 complete and 0 interrupted iterations
cap_mixed   [  86% ] 0016/2048 VUs  25m44.1s/30m0s  3000.00 iters/s

running (25m45.1s), 0014/2048 VUs, 4635098 complete and 0 interrupted iterations
cap_mixed   [  86% ] 0014/2048 VUs  25m45.1s/30m0s  3000.00 iters/s

running (25m46.1s), 0022/2048 VUs, 4638090 complete and 0 interrupted iterations
cap_mixed   [  86% ] 0022/2048 VUs  25m46.1s/30m0s  3000.00 iters/s

running (25m47.1s), 0306/2048 VUs, 4640806 complete and 0 interrupted iterations
cap_mixed   [  86% ] 0306/2048 VUs  25m47.1s/30m0s  3000.00 iters/s

running (25m48.1s), 0016/2048 VUs, 4644096 complete and 0 interrupted iterations
cap_mixed   [  86% ] 0016/2048 VUs  25m48.1s/30m0s  3000.00 iters/s

running (25m49.1s), 0029/2048 VUs, 4647083 complete and 0 interrupted iterations
cap_mixed   [  86% ] 0028/2048 VUs  25m49.1s/30m0s  3000.00 iters/s

running (25m50.1s), 0017/2048 VUs, 4650095 complete and 0 interrupted iterations
cap_mixed   [  86% ] 0017/2048 VUs  25m50.1s/30m0s  3000.00 iters/s

running (25m51.1s), 0019/2048 VUs, 4653093 complete and 0 interrupted iterations
cap_mixed   [  86% ] 0019/2048 VUs  25m51.1s/30m0s  3000.00 iters/s

running (25m52.1s), 0020/2048 VUs, 4656092 complete and 0 interrupted iterations
cap_mixed   [  86% ] 0020/2048 VUs  25m52.1s/30m0s  3000.00 iters/s

running (25m53.1s), 0016/2048 VUs, 4659096 complete and 0 interrupted iterations
cap_mixed   [  86% ] 0016/2048 VUs  25m53.1s/30m0s  3000.00 iters/s

running (25m54.1s), 0020/2048 VUs, 4662098 complete and 0 interrupted iterations
cap_mixed   [  86% ] 0020/2048 VUs  25m54.1s/30m0s  3000.00 iters/s

running (25m55.1s), 0022/2048 VUs, 4665090 complete and 0 interrupted iterations
cap_mixed   [  86% ] 0022/2048 VUs  25m55.1s/30m0s  3000.00 iters/s

running (25m56.1s), 0022/2048 VUs, 4668090 complete and 0 interrupted iterations
cap_mixed   [  86% ] 0022/2048 VUs  25m56.1s/30m0s  3000.00 iters/s

running (25m57.1s), 0031/2048 VUs, 4671081 complete and 0 interrupted iterations
cap_mixed   [  87% ] 0031/2048 VUs  25m57.1s/30m0s  3000.00 iters/s

running (25m58.1s), 0020/2048 VUs, 4674092 complete and 0 interrupted iterations
cap_mixed   [  87% ] 0020/2048 VUs  25m58.1s/30m0s  3000.00 iters/s

running (25m59.1s), 0024/2048 VUs, 4677087 complete and 0 interrupted iterations
cap_mixed   [  87% ] 0025/2048 VUs  25m59.1s/30m0s  3000.00 iters/s

running (26m00.1s), 0027/2048 VUs, 4680085 complete and 0 interrupted iterations
cap_mixed   [  87% ] 0027/2048 VUs  26m00.1s/30m0s  3000.00 iters/s

running (26m01.1s), 0018/2048 VUs, 4683094 complete and 0 interrupted iterations
cap_mixed   [  87% ] 0018/2048 VUs  26m01.1s/30m0s  3000.00 iters/s

running (26m02.1s), 0017/2048 VUs, 4686095 complete and 0 interrupted iterations
cap_mixed   [  87% ] 0016/2048 VUs  26m02.1s/30m0s  3000.00 iters/s

running (26m03.1s), 0153/2048 VUs, 4688962 complete and 0 interrupted iterations
cap_mixed   [  87% ] 0153/2048 VUs  26m03.1s/30m0s  3000.00 iters/s

running (26m04.1s), 0023/2048 VUs, 4692089 complete and 0 interrupted iterations
cap_mixed   [  87% ] 0023/2048 VUs  26m04.1s/30m0s  3000.00 iters/s

running (26m05.1s), 0016/2048 VUs, 4695097 complete and 0 interrupted iterations
cap_mixed   [  87% ] 0016/2048 VUs  26m05.1s/30m0s  3000.00 iters/s

running (26m06.1s), 0027/2048 VUs, 4698086 complete and 0 interrupted iterations
cap_mixed   [  87% ] 0027/2048 VUs  26m06.1s/30m0s  3000.00 iters/s

running (26m07.1s), 0021/2048 VUs, 4701091 complete and 0 interrupted iterations
cap_mixed   [  87% ] 0021/2048 VUs  26m07.1s/30m0s  3000.00 iters/s

running (26m08.1s), 0016/2048 VUs, 4704096 complete and 0 interrupted iterations
cap_mixed   [  87% ] 0016/2048 VUs  26m08.1s/30m0s  3000.00 iters/s

running (26m09.1s), 0021/2048 VUs, 4707091 complete and 0 interrupted iterations
cap_mixed   [  87% ] 0021/2048 VUs  26m09.1s/30m0s  3000.00 iters/s

running (26m10.1s), 0026/2048 VUs, 4710086 complete and 0 interrupted iterations
cap_mixed   [  87% ] 0026/2048 VUs  26m10.1s/30m0s  3000.00 iters/s

running (26m11.1s), 0023/2048 VUs, 4713089 complete and 0 interrupted iterations
cap_mixed   [  87% ] 0023/2048 VUs  26m11.1s/30m0s  3000.00 iters/s

running (26m12.1s), 0021/2048 VUs, 4716091 complete and 0 interrupted iterations
cap_mixed   [  87% ] 0021/2048 VUs  26m12.1s/30m0s  3000.00 iters/s

running (26m13.1s), 0019/2048 VUs, 4719093 complete and 0 interrupted iterations
cap_mixed   [  87% ] 0019/2048 VUs  26m13.1s/30m0s  3000.00 iters/s

running (26m14.1s), 0024/2048 VUs, 4722088 complete and 0 interrupted iterations
cap_mixed   [  87% ] 0024/2048 VUs  26m14.1s/30m0s  3000.00 iters/s

running (26m15.1s), 0102/2048 VUs, 4725010 complete and 0 interrupted iterations
cap_mixed   [  88% ] 0102/2048 VUs  26m15.1s/30m0s  3000.00 iters/s

running (26m16.1s), 0022/2048 VUs, 4728090 complete and 0 interrupted iterations
cap_mixed   [  88% ] 0022/2048 VUs  26m16.1s/30m0s  3000.00 iters/s

running (26m17.1s), 0017/2048 VUs, 4731095 complete and 0 interrupted iterations
cap_mixed   [  88% ] 0017/2048 VUs  26m17.1s/30m0s  3000.00 iters/s

running (26m18.1s), 0023/2048 VUs, 4734089 complete and 0 interrupted iterations
cap_mixed   [  88% ] 0023/2048 VUs  26m18.1s/30m0s  3000.00 iters/s

running (26m19.1s), 0020/2048 VUs, 4737092 complete and 0 interrupted iterations
cap_mixed   [  88% ] 0020/2048 VUs  26m19.1s/30m0s  3000.00 iters/s

running (26m20.1s), 0018/2048 VUs, 4740091 complete and 0 interrupted iterations
cap_mixed   [  88% ] 0018/2048 VUs  26m20.1s/30m0s  3000.00 iters/s

running (26m21.1s), 0018/2048 VUs, 4743096 complete and 0 interrupted iterations
cap_mixed   [  88% ] 0018/2048 VUs  26m21.1s/30m0s  3000.00 iters/s

running (26m22.1s), 0018/2048 VUs, 4746094 complete and 0 interrupted iterations
cap_mixed   [  88% ] 0018/2048 VUs  26m22.1s/30m0s  3000.00 iters/s

running (26m23.1s), 0016/2048 VUs, 4749096 complete and 0 interrupted iterations
cap_mixed   [  88% ] 0016/2048 VUs  26m23.1s/30m0s  3000.00 iters/s

running (26m24.1s), 0022/2048 VUs, 4752090 complete and 0 interrupted iterations
cap_mixed   [  88% ] 0022/2048 VUs  26m24.1s/30m0s  3000.00 iters/s

running (26m25.1s), 0015/2048 VUs, 4755097 complete and 0 interrupted iterations
cap_mixed   [  88% ] 0015/2048 VUs  26m25.1s/30m0s  3000.00 iters/s

running (26m26.1s), 0021/2048 VUs, 4758091 complete and 0 interrupted iterations
cap_mixed   [  88% ] 0021/2048 VUs  26m26.1s/30m0s  3000.00 iters/s

running (26m27.1s), 0017/2048 VUs, 4761095 complete and 0 interrupted iterations
cap_mixed   [  88% ] 0017/2048 VUs  26m27.1s/30m0s  3000.00 iters/s

running (26m28.1s), 0015/2048 VUs, 4764097 complete and 0 interrupted iterations
cap_mixed   [  88% ] 0015/2048 VUs  26m28.1s/30m0s  3000.00 iters/s

running (26m29.1s), 0093/2048 VUs, 4767019 complete and 0 interrupted iterations
cap_mixed   [  88% ] 0093/2048 VUs  26m29.1s/30m0s  3000.00 iters/s

running (26m30.1s), 0024/2048 VUs, 4770088 complete and 0 interrupted iterations
cap_mixed   [  88% ] 0024/2048 VUs  26m30.1s/30m0s  3000.00 iters/s

running (26m31.1s), 0017/2048 VUs, 4773095 complete and 0 interrupted iterations
cap_mixed   [  88% ] 0017/2048 VUs  26m31.1s/30m0s  3000.00 iters/s

running (26m32.1s), 0011/2048 VUs, 4776101 complete and 0 interrupted iterations
cap_mixed   [  88% ] 0011/2048 VUs  26m32.1s/30m0s  3000.00 iters/s

running (26m33.1s), 0053/2048 VUs, 4779059 complete and 0 interrupted iterations
cap_mixed   [  89% ] 0053/2048 VUs  26m33.1s/30m0s  3000.00 iters/s

running (26m34.1s), 0019/2048 VUs, 4782093 complete and 0 interrupted iterations
cap_mixed   [  89% ] 0019/2048 VUs  26m34.1s/30m0s  3000.00 iters/s

running (26m35.1s), 0022/2048 VUs, 4785090 complete and 0 interrupted iterations
cap_mixed   [  89% ] 0022/2048 VUs  26m35.1s/30m0s  3000.00 iters/s

running (26m36.1s), 0016/2048 VUs, 4788096 complete and 0 interrupted iterations
cap_mixed   [  89% ] 0016/2048 VUs  26m36.1s/30m0s  3000.00 iters/s

running (26m37.1s), 0014/2048 VUs, 4791098 complete and 0 interrupted iterations
cap_mixed   [  89% ] 0014/2048 VUs  26m37.1s/30m0s  3000.00 iters/s

running (26m38.1s), 0037/2048 VUs, 4794075 complete and 0 interrupted iterations
cap_mixed   [  89% ] 0037/2048 VUs  26m38.1s/30m0s  3000.00 iters/s

running (26m39.1s), 0031/2048 VUs, 4797081 complete and 0 interrupted iterations
cap_mixed   [  89% ] 0031/2048 VUs  26m39.1s/30m0s  3000.00 iters/s

running (26m40.1s), 0021/2048 VUs, 4800091 complete and 0 interrupted iterations
cap_mixed   [  89% ] 0021/2048 VUs  26m40.1s/30m0s  3000.00 iters/s

running (26m41.1s), 0022/2048 VUs, 4803090 complete and 0 interrupted iterations
cap_mixed   [  89% ] 0022/2048 VUs  26m41.1s/30m0s  3000.00 iters/s

running (26m42.1s), 0022/2048 VUs, 4806091 complete and 0 interrupted iterations
cap_mixed   [  89% ] 0022/2048 VUs  26m42.1s/30m0s  3000.00 iters/s

running (26m43.1s), 0016/2048 VUs, 4809096 complete and 0 interrupted iterations
cap_mixed   [  89% ] 0016/2048 VUs  26m43.1s/30m0s  3000.00 iters/s

running (26m44.1s), 0019/2048 VUs, 4812093 complete and 0 interrupted iterations
cap_mixed   [  89% ] 0019/2048 VUs  26m44.1s/30m0s  3000.00 iters/s

running (26m45.1s), 0017/2048 VUs, 4815095 complete and 0 interrupted iterations
cap_mixed   [  89% ] 0017/2048 VUs  26m45.1s/30m0s  3000.00 iters/s

running (26m46.1s), 0017/2048 VUs, 4818095 complete and 0 interrupted iterations
cap_mixed   [  89% ] 0017/2048 VUs  26m46.1s/30m0s  3000.00 iters/s

running (26m47.1s), 0013/2048 VUs, 4821099 complete and 0 interrupted iterations
cap_mixed   [  89% ] 0013/2048 VUs  26m47.1s/30m0s  3000.00 iters/s

running (26m48.1s), 0020/2048 VUs, 4824092 complete and 0 interrupted iterations
cap_mixed   [  89% ] 0019/2048 VUs  26m48.1s/30m0s  3000.00 iters/s

running (26m49.1s), 0016/2048 VUs, 4827096 complete and 0 interrupted iterations
cap_mixed   [  89% ] 0016/2048 VUs  26m49.1s/30m0s  3000.00 iters/s

running (26m50.1s), 0019/2048 VUs, 4830093 complete and 0 interrupted iterations
cap_mixed   [  89% ] 0019/2048 VUs  26m50.1s/30m0s  3000.00 iters/s

running (26m51.1s), 0019/2048 VUs, 4833093 complete and 0 interrupted iterations
cap_mixed   [  90% ] 0019/2048 VUs  26m51.1s/30m0s  3000.00 iters/s

running (26m52.1s), 0024/2048 VUs, 4836088 complete and 0 interrupted iterations
cap_mixed   [  90% ] 0024/2048 VUs  26m52.1s/30m0s  3000.00 iters/s

running (26m53.1s), 0018/2048 VUs, 4839095 complete and 0 interrupted iterations
cap_mixed   [  90% ] 0018/2048 VUs  26m53.1s/30m0s  3000.00 iters/s

running (26m54.1s), 0019/2048 VUs, 4842093 complete and 0 interrupted iterations
cap_mixed   [  90% ] 0019/2048 VUs  26m54.1s/30m0s  3000.00 iters/s

running (26m55.1s), 0020/2048 VUs, 4845092 complete and 0 interrupted iterations
cap_mixed   [  90% ] 0020/2048 VUs  26m55.1s/30m0s  3000.00 iters/s

running (26m56.1s), 0025/2048 VUs, 4848087 complete and 0 interrupted iterations
cap_mixed   [  90% ] 0025/2048 VUs  26m56.1s/30m0s  3000.00 iters/s

running (26m57.1s), 0023/2048 VUs, 4851090 complete and 0 interrupted iterations
cap_mixed   [  90% ] 0023/2048 VUs  26m57.1s/30m0s  3000.00 iters/s

running (26m58.1s), 0036/2048 VUs, 4854077 complete and 0 interrupted iterations
cap_mixed   [  90% ] 0036/2048 VUs  26m58.1s/30m0s  3000.00 iters/s

running (26m59.1s), 0019/2048 VUs, 4857093 complete and 0 interrupted iterations
cap_mixed   [  90% ] 0019/2048 VUs  26m59.1s/30m0s  3000.00 iters/s

running (27m00.1s), 0020/2048 VUs, 4860092 complete and 0 interrupted iterations
cap_mixed   [  90% ] 0020/2048 VUs  27m00.1s/30m0s  3000.00 iters/s

running (27m01.1s), 0023/2048 VUs, 4863089 complete and 0 interrupted iterations
cap_mixed   [  90% ] 0023/2048 VUs  27m01.1s/30m0s  3000.00 iters/s

running (27m02.1s), 0025/2048 VUs, 4866086 complete and 0 interrupted iterations
cap_mixed   [  90% ] 0025/2048 VUs  27m02.1s/30m0s  3000.00 iters/s

running (27m03.1s), 0019/2048 VUs, 4869095 complete and 0 interrupted iterations
cap_mixed   [  90% ] 0019/2048 VUs  27m03.1s/30m0s  3000.00 iters/s

running (27m04.1s), 0014/2048 VUs, 4872098 complete and 0 interrupted iterations
cap_mixed   [  90% ] 0014/2048 VUs  27m04.1s/30m0s  3000.00 iters/s

running (27m05.1s), 0025/2048 VUs, 4875088 complete and 0 interrupted iterations
cap_mixed   [  90% ] 0025/2048 VUs  27m05.1s/30m0s  3000.00 iters/s

running (27m06.1s), 0019/2048 VUs, 4878093 complete and 0 interrupted iterations
cap_mixed   [  90% ] 0019/2048 VUs  27m06.1s/30m0s  3000.00 iters/s

running (27m07.1s), 0012/2048 VUs, 4881100 complete and 0 interrupted iterations
cap_mixed   [  90% ] 0012/2048 VUs  27m07.1s/30m0s  3000.00 iters/s

running (27m08.1s), 0012/2048 VUs, 4884100 complete and 0 interrupted iterations
cap_mixed   [  90% ] 0012/2048 VUs  27m08.1s/30m0s  3000.00 iters/s

running (27m09.1s), 0015/2048 VUs, 4887097 complete and 0 interrupted iterations
cap_mixed   [  91% ] 0015/2048 VUs  27m09.1s/30m0s  3000.00 iters/s

running (27m10.1s), 0014/2048 VUs, 4890098 complete and 0 interrupted iterations
cap_mixed   [  91% ] 0014/2048 VUs  27m10.1s/30m0s  3000.00 iters/s

running (27m11.1s), 0020/2048 VUs, 4893092 complete and 0 interrupted iterations
cap_mixed   [  91% ] 0020/2048 VUs  27m11.1s/30m0s  3000.00 iters/s

running (27m12.1s), 0016/2048 VUs, 4896096 complete and 0 interrupted iterations
cap_mixed   [  91% ] 0016/2048 VUs  27m12.1s/30m0s  3000.00 iters/s

running (27m13.1s), 0017/2048 VUs, 4899095 complete and 0 interrupted iterations
cap_mixed   [  91% ] 0017/2048 VUs  27m13.1s/30m0s  3000.00 iters/s

running (27m14.1s), 0011/2048 VUs, 4902101 complete and 0 interrupted iterations
cap_mixed   [  91% ] 0011/2048 VUs  27m14.1s/30m0s  3000.00 iters/s

running (27m15.1s), 0017/2048 VUs, 4905095 complete and 0 interrupted iterations
cap_mixed   [  91% ] 0017/2048 VUs  27m15.1s/30m0s  3000.00 iters/s

running (27m16.1s), 0030/2048 VUs, 4908082 complete and 0 interrupted iterations
cap_mixed   [  91% ] 0030/2048 VUs  27m16.1s/30m0s  3000.00 iters/s

running (27m17.1s), 0016/2048 VUs, 4911096 complete and 0 interrupted iterations
cap_mixed   [  91% ] 0016/2048 VUs  27m17.1s/30m0s  3000.00 iters/s

running (27m18.1s), 0017/2048 VUs, 4914095 complete and 0 interrupted iterations
cap_mixed   [  91% ] 0017/2048 VUs  27m18.1s/30m0s  3000.00 iters/s

running (27m19.1s), 0018/2048 VUs, 4917094 complete and 0 interrupted iterations
cap_mixed   [  91% ] 0018/2048 VUs  27m19.1s/30m0s  3000.00 iters/s

running (27m20.1s), 0023/2048 VUs, 4920090 complete and 0 interrupted iterations
cap_mixed   [  91% ] 0023/2048 VUs  27m20.1s/30m0s  3000.00 iters/s

running (27m21.1s), 0017/2048 VUs, 4923095 complete and 0 interrupted iterations
cap_mixed   [  91% ] 0017/2048 VUs  27m21.1s/30m0s  3000.00 iters/s

running (27m22.1s), 0024/2048 VUs, 4926088 complete and 0 interrupted iterations
cap_mixed   [  91% ] 0024/2048 VUs  27m22.1s/30m0s  3000.00 iters/s

running (27m23.1s), 0012/2048 VUs, 4929101 complete and 0 interrupted iterations
cap_mixed   [  91% ] 0012/2048 VUs  27m23.1s/30m0s  3000.00 iters/s

running (27m24.1s), 0014/2048 VUs, 4932098 complete and 0 interrupted iterations
cap_mixed   [  91% ] 0014/2048 VUs  27m24.1s/30m0s  3000.00 iters/s

running (27m25.1s), 0018/2048 VUs, 4935094 complete and 0 interrupted iterations
cap_mixed   [  91% ] 0018/2048 VUs  27m25.1s/30m0s  3000.00 iters/s

running (27m26.1s), 0026/2048 VUs, 4938086 complete and 0 interrupted iterations
cap_mixed   [  91% ] 0026/2048 VUs  27m26.1s/30m0s  3000.00 iters/s

running (27m27.1s), 0036/2048 VUs, 4941076 complete and 0 interrupted iterations
cap_mixed   [  92% ] 0036/2048 VUs  27m27.1s/30m0s  3000.00 iters/s

running (27m28.1s), 0018/2048 VUs, 4944094 complete and 0 interrupted iterations
cap_mixed   [  92% ] 0018/2048 VUs  27m28.1s/30m0s  3000.00 iters/s

running (27m29.1s), 0016/2048 VUs, 4947096 complete and 0 interrupted iterations
cap_mixed   [  92% ] 0016/2048 VUs  27m29.1s/30m0s  3000.00 iters/s

running (27m30.1s), 0018/2048 VUs, 4950094 complete and 0 interrupted iterations
cap_mixed   [  92% ] 0018/2048 VUs  27m30.1s/30m0s  3000.00 iters/s

running (27m31.1s), 0022/2048 VUs, 4953090 complete and 0 interrupted iterations
cap_mixed   [  92% ] 0022/2048 VUs  27m31.1s/30m0s  3000.00 iters/s

running (27m32.1s), 0017/2048 VUs, 4956095 complete and 0 interrupted iterations
cap_mixed   [  92% ] 0017/2048 VUs  27m32.1s/30m0s  3000.00 iters/s

running (27m33.1s), 0027/2048 VUs, 4959085 complete and 0 interrupted iterations
cap_mixed   [  92% ] 0027/2048 VUs  27m33.1s/30m0s  3000.00 iters/s

running (27m34.1s), 0017/2048 VUs, 4962095 complete and 0 interrupted iterations
cap_mixed   [  92% ] 0017/2048 VUs  27m34.1s/30m0s  3000.00 iters/s

running (27m35.1s), 0025/2048 VUs, 4965087 complete and 0 interrupted iterations
cap_mixed   [  92% ] 0025/2048 VUs  27m35.1s/30m0s  3000.00 iters/s

running (27m36.1s), 0025/2048 VUs, 4968087 complete and 0 interrupted iterations
cap_mixed   [  92% ] 0025/2048 VUs  27m36.1s/30m0s  3000.00 iters/s

running (27m37.1s), 0028/2048 VUs, 4971084 complete and 0 interrupted iterations
cap_mixed   [  92% ] 0028/2048 VUs  27m37.1s/30m0s  3000.00 iters/s

running (27m38.1s), 0018/2048 VUs, 4974094 complete and 0 interrupted iterations
cap_mixed   [  92% ] 0018/2048 VUs  27m38.1s/30m0s  3000.00 iters/s

running (27m39.1s), 0022/2048 VUs, 4977090 complete and 0 interrupted iterations
cap_mixed   [  92% ] 0022/2048 VUs  27m39.1s/30m0s  3000.00 iters/s

running (27m40.1s), 0012/2048 VUs, 4980100 complete and 0 interrupted iterations
cap_mixed   [  92% ] 0012/2048 VUs  27m40.1s/30m0s  3000.00 iters/s

running (27m41.1s), 0018/2048 VUs, 4983094 complete and 0 interrupted iterations
cap_mixed   [  92% ] 0018/2048 VUs  27m41.1s/30m0s  3000.00 iters/s

running (27m42.1s), 0020/2048 VUs, 4986092 complete and 0 interrupted iterations
cap_mixed   [  92% ] 0020/2048 VUs  27m42.1s/30m0s  3000.00 iters/s

running (27m43.1s), 0017/2048 VUs, 4989095 complete and 0 interrupted iterations
cap_mixed   [  92% ] 0017/2048 VUs  27m43.1s/30m0s  3000.00 iters/s

running (27m44.1s), 0022/2048 VUs, 4992090 complete and 0 interrupted iterations
cap_mixed   [  92% ] 0022/2048 VUs  27m44.1s/30m0s  3000.00 iters/s

running (27m45.1s), 0022/2048 VUs, 4995092 complete and 0 interrupted iterations
cap_mixed   [  93% ] 0022/2048 VUs  27m45.1s/30m0s  3000.00 iters/s

running (27m46.1s), 0015/2048 VUs, 4998097 complete and 0 interrupted iterations
cap_mixed   [  93% ] 0015/2048 VUs  27m46.1s/30m0s  3000.00 iters/s

running (27m47.1s), 0019/2048 VUs, 5001094 complete and 0 interrupted iterations
cap_mixed   [  93% ] 0020/2048 VUs  27m47.1s/30m0s  3000.00 iters/s

running (27m48.1s), 0015/2048 VUs, 5004097 complete and 0 interrupted iterations
cap_mixed   [  93% ] 0015/2048 VUs  27m48.1s/30m0s  3000.00 iters/s

running (27m49.1s), 0028/2048 VUs, 5007084 complete and 0 interrupted iterations
cap_mixed   [  93% ] 0028/2048 VUs  27m49.1s/30m0s  3000.00 iters/s

running (27m50.1s), 0011/2048 VUs, 5010103 complete and 0 interrupted iterations
cap_mixed   [  93% ] 0011/2048 VUs  27m50.1s/30m0s  3000.00 iters/s

running (27m51.1s), 0021/2048 VUs, 5013091 complete and 0 interrupted iterations
cap_mixed   [  93% ] 0021/2048 VUs  27m51.1s/30m0s  3000.00 iters/s

running (27m52.1s), 0019/2048 VUs, 5016094 complete and 0 interrupted iterations
cap_mixed   [  93% ] 0019/2048 VUs  27m52.1s/30m0s  3000.00 iters/s

running (27m53.1s), 0014/2048 VUs, 5019098 complete and 0 interrupted iterations
cap_mixed   [  93% ] 0014/2048 VUs  27m53.1s/30m0s  3000.00 iters/s

running (27m54.1s), 0019/2048 VUs, 5022093 complete and 0 interrupted iterations
cap_mixed   [  93% ] 0019/2048 VUs  27m54.1s/30m0s  3000.00 iters/s

running (27m55.1s), 0026/2048 VUs, 5025086 complete and 0 interrupted iterations
cap_mixed   [  93% ] 0026/2048 VUs  27m55.1s/30m0s  3000.00 iters/s

running (27m56.1s), 0021/2048 VUs, 5028091 complete and 0 interrupted iterations
cap_mixed   [  93% ] 0021/2048 VUs  27m56.1s/30m0s  3000.00 iters/s

running (27m57.1s), 0024/2048 VUs, 5031088 complete and 0 interrupted iterations
cap_mixed   [  93% ] 0024/2048 VUs  27m57.1s/30m0s  3000.00 iters/s

running (27m58.1s), 0015/2048 VUs, 5034097 complete and 0 interrupted iterations
cap_mixed   [  93% ] 0015/2048 VUs  27m58.1s/30m0s  3000.00 iters/s

running (27m59.1s), 0022/2048 VUs, 5037090 complete and 0 interrupted iterations
cap_mixed   [  93% ] 0022/2048 VUs  27m59.1s/30m0s  3000.00 iters/s

running (28m00.1s), 0019/2048 VUs, 5040093 complete and 0 interrupted iterations
cap_mixed   [  93% ] 0019/2048 VUs  28m00.1s/30m0s  3000.00 iters/s

running (28m01.1s), 0016/2048 VUs, 5043096 complete and 0 interrupted iterations
cap_mixed   [  93% ] 0016/2048 VUs  28m01.1s/30m0s  3000.00 iters/s

running (28m02.1s), 0021/2048 VUs, 5046091 complete and 0 interrupted iterations
cap_mixed   [  93% ] 0021/2048 VUs  28m02.1s/30m0s  3000.00 iters/s

running (28m03.1s), 0028/2048 VUs, 5049085 complete and 0 interrupted iterations
cap_mixed   [  94% ] 0028/2048 VUs  28m03.1s/30m0s  3000.00 iters/s

running (28m04.1s), 0016/2048 VUs, 5052097 complete and 0 interrupted iterations
cap_mixed   [  94% ] 0016/2048 VUs  28m04.1s/30m0s  3000.00 iters/s

running (28m05.1s), 0026/2048 VUs, 5055086 complete and 0 interrupted iterations
cap_mixed   [  94% ] 0026/2048 VUs  28m05.1s/30m0s  3000.00 iters/s

running (28m06.1s), 0021/2048 VUs, 5058091 complete and 0 interrupted iterations
cap_mixed   [  94% ] 0021/2048 VUs  28m06.1s/30m0s  3000.00 iters/s

running (28m07.1s), 0021/2048 VUs, 5061091 complete and 0 interrupted iterations
cap_mixed   [  94% ] 0021/2048 VUs  28m07.1s/30m0s  3000.00 iters/s

running (28m08.1s), 0019/2048 VUs, 5064093 complete and 0 interrupted iterations
cap_mixed   [  94% ] 0019/2048 VUs  28m08.1s/30m0s  3000.00 iters/s

running (28m09.1s), 0022/2048 VUs, 5067090 complete and 0 interrupted iterations
cap_mixed   [  94% ] 0022/2048 VUs  28m09.1s/30m0s  3000.00 iters/s

running (28m10.1s), 0017/2048 VUs, 5070095 complete and 0 interrupted iterations
cap_mixed   [  94% ] 0017/2048 VUs  28m10.1s/30m0s  3000.00 iters/s

running (28m11.1s), 0022/2048 VUs, 5073090 complete and 0 interrupted iterations
cap_mixed   [  94% ] 0022/2048 VUs  28m11.1s/30m0s  3000.00 iters/s

running (28m12.1s), 0030/2048 VUs, 5076082 complete and 0 interrupted iterations
cap_mixed   [  94% ] 0030/2048 VUs  28m12.1s/30m0s  3000.00 iters/s

running (28m13.1s), 0023/2048 VUs, 5079089 complete and 0 interrupted iterations
cap_mixed   [  94% ] 0023/2048 VUs  28m13.1s/30m0s  3000.00 iters/s

running (28m14.1s), 0024/2048 VUs, 5082088 complete and 0 interrupted iterations
cap_mixed   [  94% ] 0024/2048 VUs  28m14.1s/30m0s  3000.00 iters/s

running (28m15.1s), 0018/2048 VUs, 5085094 complete and 0 interrupted iterations
cap_mixed   [  94% ] 0018/2048 VUs  28m15.1s/30m0s  3000.00 iters/s

running (28m16.1s), 0023/2048 VUs, 5088089 complete and 0 interrupted iterations
cap_mixed   [  94% ] 0023/2048 VUs  28m16.1s/30m0s  3000.00 iters/s

running (28m17.1s), 0037/2048 VUs, 5091075 complete and 0 interrupted iterations
cap_mixed   [  94% ] 0037/2048 VUs  28m17.1s/30m0s  3000.00 iters/s

running (28m18.1s), 0023/2048 VUs, 5094089 complete and 0 interrupted iterations
cap_mixed   [  94% ] 0023/2048 VUs  28m18.1s/30m0s  3000.00 iters/s

running (28m19.1s), 0021/2048 VUs, 5097091 complete and 0 interrupted iterations
cap_mixed   [  94% ] 0021/2048 VUs  28m19.1s/30m0s  3000.00 iters/s

running (28m20.1s), 0031/2048 VUs, 5100083 complete and 0 interrupted iterations
cap_mixed   [  94% ] 0031/2048 VUs  28m20.1s/30m0s  3000.00 iters/s

running (28m21.1s), 0020/2048 VUs, 5103092 complete and 0 interrupted iterations
cap_mixed   [  95% ] 0020/2048 VUs  28m21.1s/30m0s  3000.00 iters/s

running (28m22.1s), 0028/2048 VUs, 5106084 complete and 0 interrupted iterations
cap_mixed   [  95% ] 0029/2048 VUs  28m22.1s/30m0s  3000.00 iters/s

running (28m23.1s), 0022/2048 VUs, 5109090 complete and 0 interrupted iterations
cap_mixed   [  95% ] 0022/2048 VUs  28m23.1s/30m0s  3000.00 iters/s

running (28m24.1s), 0020/2048 VUs, 5112092 complete and 0 interrupted iterations
cap_mixed   [  95% ] 0020/2048 VUs  28m24.1s/30m0s  3000.00 iters/s

running (28m25.1s), 0018/2048 VUs, 5115094 complete and 0 interrupted iterations
cap_mixed   [  95% ] 0018/2048 VUs  28m25.1s/30m0s  3000.00 iters/s

running (28m26.1s), 0014/2048 VUs, 5118098 complete and 0 interrupted iterations
cap_mixed   [  95% ] 0014/2048 VUs  28m26.1s/30m0s  3000.00 iters/s

running (28m27.1s), 0029/2048 VUs, 5121083 complete and 0 interrupted iterations
cap_mixed   [  95% ] 0029/2048 VUs  28m27.1s/30m0s  3000.00 iters/s

running (28m28.1s), 0027/2048 VUs, 5124085 complete and 0 interrupted iterations
cap_mixed   [  95% ] 0027/2048 VUs  28m28.1s/30m0s  3000.00 iters/s

running (28m29.1s), 0026/2048 VUs, 5127086 complete and 0 interrupted iterations
cap_mixed   [  95% ] 0026/2048 VUs  28m29.1s/30m0s  3000.00 iters/s

running (28m30.1s), 0019/2048 VUs, 5130093 complete and 0 interrupted iterations
cap_mixed   [  95% ] 0019/2048 VUs  28m30.1s/30m0s  3000.00 iters/s

running (28m31.1s), 0015/2048 VUs, 5133097 complete and 0 interrupted iterations
cap_mixed   [  95% ] 0015/2048 VUs  28m31.1s/30m0s  3000.00 iters/s

running (28m32.1s), 0018/2048 VUs, 5136094 complete and 0 interrupted iterations
cap_mixed   [  95% ] 0018/2048 VUs  28m32.1s/30m0s  3000.00 iters/s

running (28m33.1s), 0025/2048 VUs, 5139088 complete and 0 interrupted iterations
cap_mixed   [  95% ] 0025/2048 VUs  28m33.1s/30m0s  3000.00 iters/s

running (28m34.1s), 0019/2048 VUs, 5142095 complete and 0 interrupted iterations
cap_mixed   [  95% ] 0019/2048 VUs  28m34.1s/30m0s  3000.00 iters/s

running (28m35.1s), 0033/2048 VUs, 5145079 complete and 0 interrupted iterations
cap_mixed   [  95% ] 0034/2048 VUs  28m35.1s/30m0s  3000.00 iters/s

running (28m36.1s), 0020/2048 VUs, 5148092 complete and 0 interrupted iterations
cap_mixed   [  95% ] 0020/2048 VUs  28m36.1s/30m0s  3000.00 iters/s

running (28m37.1s), 0023/2048 VUs, 5151089 complete and 0 interrupted iterations
cap_mixed   [  95% ] 0023/2048 VUs  28m37.1s/30m0s  3000.00 iters/s

running (28m38.1s), 0031/2048 VUs, 5154082 complete and 0 interrupted iterations
cap_mixed   [  95% ] 0031/2048 VUs  28m38.1s/30m0s  3000.00 iters/s

running (28m39.1s), 0027/2048 VUs, 5157086 complete and 0 interrupted iterations
cap_mixed   [  96% ] 0027/2048 VUs  28m39.1s/30m0s  3000.00 iters/s

running (28m40.1s), 0024/2048 VUs, 5160089 complete and 0 interrupted iterations
cap_mixed   [  96% ] 0024/2048 VUs  28m40.1s/30m0s  3000.00 iters/s

running (28m41.1s), 0026/2048 VUs, 5163086 complete and 0 interrupted iterations
cap_mixed   [  96% ] 0026/2048 VUs  28m41.1s/30m0s  3000.00 iters/s

running (28m42.1s), 0022/2048 VUs, 5166091 complete and 0 interrupted iterations
cap_mixed   [  96% ] 0022/2048 VUs  28m42.1s/30m0s  3000.00 iters/s

running (28m43.1s), 0019/2048 VUs, 5169094 complete and 0 interrupted iterations
cap_mixed   [  96% ] 0019/2048 VUs  28m43.1s/30m0s  3000.00 iters/s

running (28m44.1s), 0033/2048 VUs, 5172079 complete and 0 interrupted iterations
cap_mixed   [  96% ] 0033/2048 VUs  28m44.1s/30m0s  3000.00 iters/s

running (28m45.1s), 0020/2048 VUs, 5175093 complete and 0 interrupted iterations
cap_mixed   [  96% ] 0020/2048 VUs  28m45.1s/30m0s  3000.00 iters/s

running (28m46.1s), 0013/2048 VUs, 5178099 complete and 0 interrupted iterations
cap_mixed   [  96% ] 0013/2048 VUs  28m46.1s/30m0s  3000.00 iters/s

running (28m47.1s), 0024/2048 VUs, 5181089 complete and 0 interrupted iterations
cap_mixed   [  96% ] 0024/2048 VUs  28m47.1s/30m0s  3000.00 iters/s

running (28m48.1s), 0017/2048 VUs, 5184097 complete and 0 interrupted iterations
cap_mixed   [  96% ] 0017/2048 VUs  28m48.1s/30m0s  3000.00 iters/s

running (28m49.1s), 0017/2048 VUs, 5187095 complete and 0 interrupted iterations
cap_mixed   [  96% ] 0017/2048 VUs  28m49.1s/30m0s  3000.00 iters/s

running (28m50.1s), 0021/2048 VUs, 5190092 complete and 0 interrupted iterations
cap_mixed   [  96% ] 0021/2048 VUs  28m50.1s/30m0s  3000.00 iters/s

running (28m51.1s), 0023/2048 VUs, 5193089 complete and 0 interrupted iterations
cap_mixed   [  96% ] 0023/2048 VUs  28m51.1s/30m0s  3000.00 iters/s

running (28m52.1s), 0028/2048 VUs, 5196085 complete and 0 interrupted iterations
cap_mixed   [  96% ] 0028/2048 VUs  28m52.1s/30m0s  3000.00 iters/s

running (28m53.1s), 0016/2048 VUs, 5199096 complete and 0 interrupted iterations
cap_mixed   [  96% ] 0016/2048 VUs  28m53.1s/30m0s  3000.00 iters/s

running (28m54.1s), 0016/2048 VUs, 5202096 complete and 0 interrupted iterations
cap_mixed   [  96% ] 0016/2048 VUs  28m54.1s/30m0s  3000.00 iters/s

running (28m55.1s), 0023/2048 VUs, 5205090 complete and 0 interrupted iterations
cap_mixed   [  96% ] 0023/2048 VUs  28m55.1s/30m0s  3000.00 iters/s

running (28m56.1s), 0028/2048 VUs, 5208085 complete and 0 interrupted iterations
cap_mixed   [  96% ] 0028/2048 VUs  28m56.1s/30m0s  3000.00 iters/s

running (28m57.1s), 0020/2048 VUs, 5211093 complete and 0 interrupted iterations
cap_mixed   [  97% ] 0020/2048 VUs  28m57.1s/30m0s  3000.00 iters/s

running (28m58.1s), 0016/2048 VUs, 5214097 complete and 0 interrupted iterations
cap_mixed   [  97% ] 0016/2048 VUs  28m58.1s/30m0s  3000.00 iters/s

running (28m59.1s), 0024/2048 VUs, 5217089 complete and 0 interrupted iterations
cap_mixed   [  97% ] 0024/2048 VUs  28m59.1s/30m0s  3000.00 iters/s

running (29m00.1s), 0149/2048 VUs, 5219964 complete and 0 interrupted iterations
cap_mixed   [  97% ] 0149/2048 VUs  29m00.1s/30m0s  3000.00 iters/s

running (29m01.1s), 0036/2048 VUs, 5223077 complete and 0 interrupted iterations
cap_mixed   [  97% ] 0036/2048 VUs  29m01.1s/30m0s  3000.00 iters/s

running (29m02.1s), 0012/2048 VUs, 5226101 complete and 0 interrupted iterations
cap_mixed   [  97% ] 0012/2048 VUs  29m02.1s/30m0s  3000.00 iters/s

running (29m03.1s), 0023/2048 VUs, 5229090 complete and 0 interrupted iterations
cap_mixed   [  97% ] 0023/2048 VUs  29m03.1s/30m0s  3000.00 iters/s

running (29m04.1s), 0021/2048 VUs, 5232091 complete and 0 interrupted iterations
cap_mixed   [  97% ] 0021/2048 VUs  29m04.1s/30m0s  3000.00 iters/s

running (29m05.1s), 0018/2048 VUs, 5235095 complete and 0 interrupted iterations
cap_mixed   [  97% ] 0018/2048 VUs  29m05.1s/30m0s  3000.00 iters/s

running (29m06.1s), 0024/2048 VUs, 5238089 complete and 0 interrupted iterations
cap_mixed   [  97% ] 0024/2048 VUs  29m06.1s/30m0s  3000.00 iters/s

running (29m07.1s), 0017/2048 VUs, 5241096 complete and 0 interrupted iterations
cap_mixed   [  97% ] 0017/2048 VUs  29m07.1s/30m0s  3000.00 iters/s

running (29m08.1s), 0018/2048 VUs, 5244094 complete and 0 interrupted iterations
cap_mixed   [  97% ] 0019/2048 VUs  29m08.1s/30m0s  3000.00 iters/s

running (29m09.1s), 0013/2048 VUs, 5247099 complete and 0 interrupted iterations
cap_mixed   [  97% ] 0013/2048 VUs  29m09.1s/30m0s  3000.00 iters/s

running (29m10.1s), 0020/2048 VUs, 5250093 complete and 0 interrupted iterations
cap_mixed   [  97% ] 0020/2048 VUs  29m10.1s/30m0s  3000.00 iters/s

running (29m11.1s), 0020/2048 VUs, 5253093 complete and 0 interrupted iterations
cap_mixed   [  97% ] 0020/2048 VUs  29m11.1s/30m0s  3000.00 iters/s

running (29m12.1s), 0017/2048 VUs, 5256096 complete and 0 interrupted iterations
cap_mixed   [  97% ] 0017/2048 VUs  29m12.1s/30m0s  3000.00 iters/s

running (29m13.1s), 0028/2048 VUs, 5259086 complete and 0 interrupted iterations
cap_mixed   [  97% ] 0028/2048 VUs  29m13.1s/30m0s  3000.00 iters/s

running (29m14.1s), 0017/2048 VUs, 5262096 complete and 0 interrupted iterations
cap_mixed   [  97% ] 0017/2048 VUs  29m14.1s/30m0s  3000.00 iters/s

running (29m15.1s), 0019/2048 VUs, 5265094 complete and 0 interrupted iterations
cap_mixed   [  98% ] 0019/2048 VUs  29m15.1s/30m0s  3000.00 iters/s

running (29m16.1s), 0026/2048 VUs, 5268086 complete and 0 interrupted iterations
cap_mixed   [  98% ] 0027/2048 VUs  29m16.1s/30m0s  3000.00 iters/s

running (29m17.1s), 0022/2048 VUs, 5271091 complete and 0 interrupted iterations
cap_mixed   [  98% ] 0022/2048 VUs  29m17.1s/30m0s  3000.00 iters/s

running (29m18.1s), 0020/2048 VUs, 5274093 complete and 0 interrupted iterations
cap_mixed   [  98% ] 0020/2048 VUs  29m18.1s/30m0s  3000.00 iters/s

running (29m19.1s), 0023/2048 VUs, 5277090 complete and 0 interrupted iterations
cap_mixed   [  98% ] 0023/2048 VUs  29m19.1s/30m0s  3000.00 iters/s

running (29m20.1s), 0047/2048 VUs, 5280066 complete and 0 interrupted iterations
cap_mixed   [  98% ] 0047/2048 VUs  29m20.1s/30m0s  3000.00 iters/s

running (29m21.1s), 0016/2048 VUs, 5283097 complete and 0 interrupted iterations
cap_mixed   [  98% ] 0016/2048 VUs  29m21.1s/30m0s  3000.00 iters/s

running (29m22.1s), 0021/2048 VUs, 5286092 complete and 0 interrupted iterations
cap_mixed   [  98% ] 0021/2048 VUs  29m22.1s/30m0s  3000.00 iters/s

running (29m23.1s), 0020/2048 VUs, 5289093 complete and 0 interrupted iterations
cap_mixed   [  98% ] 0020/2048 VUs  29m23.1s/30m0s  3000.00 iters/s

running (29m24.1s), 0025/2048 VUs, 5292088 complete and 0 interrupted iterations
cap_mixed   [  98% ] 0025/2048 VUs  29m24.1s/30m0s  3000.00 iters/s

running (29m25.1s), 0023/2048 VUs, 5295090 complete and 0 interrupted iterations
cap_mixed   [  98% ] 0023/2048 VUs  29m25.1s/30m0s  3000.00 iters/s

running (29m26.1s), 0043/2048 VUs, 5298069 complete and 0 interrupted iterations
cap_mixed   [  98% ] 0044/2048 VUs  29m26.1s/30m0s  3000.00 iters/s

running (29m27.1s), 0022/2048 VUs, 5301091 complete and 0 interrupted iterations
cap_mixed   [  98% ] 0022/2048 VUs  29m27.1s/30m0s  3000.00 iters/s

running (29m28.1s), 0016/2048 VUs, 5304096 complete and 0 interrupted iterations
cap_mixed   [  98% ] 0016/2048 VUs  29m28.1s/30m0s  3000.00 iters/s

running (29m29.1s), 0014/2048 VUs, 5307099 complete and 0 interrupted iterations
cap_mixed   [  98% ] 0014/2048 VUs  29m29.1s/30m0s  3000.00 iters/s

running (29m30.1s), 0016/2048 VUs, 5310097 complete and 0 interrupted iterations
cap_mixed   [  98% ] 0016/2048 VUs  29m30.1s/30m0s  3000.00 iters/s

running (29m31.1s), 0021/2048 VUs, 5313092 complete and 0 interrupted iterations
cap_mixed   [  98% ] 0021/2048 VUs  29m31.1s/30m0s  3000.00 iters/s

running (29m32.1s), 0014/2048 VUs, 5316099 complete and 0 interrupted iterations
cap_mixed   [  98% ] 0014/2048 VUs  29m32.1s/30m0s  3000.00 iters/s

running (29m33.1s), 0018/2048 VUs, 5319095 complete and 0 interrupted iterations
cap_mixed   [  99% ] 0018/2048 VUs  29m33.1s/30m0s  3000.00 iters/s

running (29m34.1s), 0020/2048 VUs, 5322093 complete and 0 interrupted iterations
cap_mixed   [  99% ] 0020/2048 VUs  29m34.1s/30m0s  3000.00 iters/s

running (29m35.1s), 0016/2048 VUs, 5325097 complete and 0 interrupted iterations
cap_mixed   [  99% ] 0016/2048 VUs  29m35.1s/30m0s  3000.00 iters/s

running (29m36.1s), 0018/2048 VUs, 5328095 complete and 0 interrupted iterations
cap_mixed   [  99% ] 0018/2048 VUs  29m36.1s/30m0s  3000.00 iters/s

running (29m37.1s), 0037/2048 VUs, 5331076 complete and 0 interrupted iterations
cap_mixed   [  99% ] 0037/2048 VUs  29m37.1s/30m0s  3000.00 iters/s

running (29m38.1s), 0024/2048 VUs, 5334089 complete and 0 interrupted iterations
cap_mixed   [  99% ] 0024/2048 VUs  29m38.1s/30m0s  3000.00 iters/s

running (29m39.1s), 0028/2048 VUs, 5337085 complete and 0 interrupted iterations
cap_mixed   [  99% ] 0028/2048 VUs  29m39.1s/30m0s  3000.00 iters/s

running (29m40.1s), 0029/2048 VUs, 5340084 complete and 0 interrupted iterations
cap_mixed   [  99% ] 0029/2048 VUs  29m40.1s/30m0s  3000.00 iters/s

running (29m41.1s), 0018/2048 VUs, 5343095 complete and 0 interrupted iterations
cap_mixed   [  99% ] 0019/2048 VUs  29m41.1s/30m0s  3000.00 iters/s

running (29m42.1s), 0023/2048 VUs, 5346090 complete and 0 interrupted iterations
cap_mixed   [  99% ] 0023/2048 VUs  29m42.1s/30m0s  3000.00 iters/s

running (29m43.1s), 0020/2048 VUs, 5349093 complete and 0 interrupted iterations
cap_mixed   [  99% ] 0020/2048 VUs  29m43.1s/30m0s  3000.00 iters/s

running (29m44.1s), 0024/2048 VUs, 5352089 complete and 0 interrupted iterations
cap_mixed   [  99% ] 0024/2048 VUs  29m44.1s/30m0s  3000.00 iters/s

running (29m45.1s), 0014/2048 VUs, 5355099 complete and 0 interrupted iterations
cap_mixed   [  99% ] 0014/2048 VUs  29m45.1s/30m0s  3000.00 iters/s

running (29m46.1s), 0022/2048 VUs, 5358091 complete and 0 interrupted iterations
cap_mixed   [  99% ] 0022/2048 VUs  29m46.1s/30m0s  3000.00 iters/s

running (29m47.1s), 0018/2048 VUs, 5361095 complete and 0 interrupted iterations
cap_mixed   [  99% ] 0018/2048 VUs  29m47.1s/30m0s  3000.00 iters/s

running (29m48.1s), 0015/2048 VUs, 5364098 complete and 0 interrupted iterations
cap_mixed   [  99% ] 0015/2048 VUs  29m48.1s/30m0s  3000.00 iters/s

running (29m49.1s), 0033/2048 VUs, 5367080 complete and 0 interrupted iterations
cap_mixed   [  99% ] 0033/2048 VUs  29m49.1s/30m0s  3000.00 iters/s

running (29m50.1s), 0024/2048 VUs, 5370089 complete and 0 interrupted iterations
cap_mixed   [  99% ] 0024/2048 VUs  29m50.1s/30m0s  3000.00 iters/s

running (29m51.1s), 0023/2048 VUs, 5373090 complete and 0 interrupted iterations
cap_mixed   [ 100% ] 0023/2048 VUs  29m51.1s/30m0s  3000.00 iters/s

running (29m52.1s), 0017/2048 VUs, 5376096 complete and 0 interrupted iterations
cap_mixed   [ 100% ] 0017/2048 VUs  29m52.1s/30m0s  3000.00 iters/s

running (29m53.1s), 0018/2048 VUs, 5379095 complete and 0 interrupted iterations
cap_mixed   [ 100% ] 0018/2048 VUs  29m53.1s/30m0s  3000.00 iters/s

running (29m54.1s), 0017/2048 VUs, 5382095 complete and 0 interrupted iterations
cap_mixed   [ 100% ] 0018/2048 VUs  29m54.1s/30m0s  3000.00 iters/s

running (29m55.1s), 0014/2048 VUs, 5385099 complete and 0 interrupted iterations
cap_mixed   [ 100% ] 0014/2048 VUs  29m55.1s/30m0s  3000.00 iters/s

running (29m56.1s), 0017/2048 VUs, 5388096 complete and 0 interrupted iterations
cap_mixed   [ 100% ] 0017/2048 VUs  29m56.1s/30m0s  3000.00 iters/s

running (29m57.1s), 0017/2048 VUs, 5391096 complete and 0 interrupted iterations
cap_mixed   [ 100% ] 0017/2048 VUs  29m57.1s/30m0s  3000.00 iters/s

running (29m58.1s), 0022/2048 VUs, 5394090 complete and 0 interrupted iterations
cap_mixed   [ 100% ] 0022/2048 VUs  29m58.1s/30m0s  3000.00 iters/s

running (29m59.1s), 0067/2048 VUs, 5397045 complete and 0 interrupted iterations
cap_mixed   [ 100% ] 0067/2048 VUs  29m59.1s/30m0s  3000.00 iters/s

running (30m00.0s), 0000/2048 VUs, 5399955 complete and 0 interrupted iterations
cap_mixed ✓ [ 100% ] 0000/2048 VUs  30m0s  3000.00 iters/s

running (30m00.0s), 0000/2048 VUs, 5399955 complete and 0 interrupted iterations
cap_mixed ✓ [ 100% ] 0000/2048 VUs  30m0s  3000.00 iters/s

running (30m00.0s), 0000/2048 VUs, 5399955 complete and 0 interrupted iterations
cap_mixed ✓ [ 100% ] 0000/2048 VUs  30m0s  3000.00 iters/s

running (30m00.0s), 0000/2048 VUs, 5399955 complete and 0 interrupted iterations
cap_mixed ✓ [ 100% ] 0000/2048 VUs  30m0s  3000.00 iters/s

running (30m00.0s), 0000/2048 VUs, 5399955 complete and 0 interrupted iterations
cap_mixed ✓ [ 100% ] 0000/2048 VUs  30m0s  3000.00 iters/s

running (30m00.0s), 0000/2048 VUs, 5399955 complete and 0 interrupted iterations
cap_mixed ✓ [ 100% ] 0000/2048 VUs  30m0s  3000.00 iters/s
PERF_USER_COUNT=256 is below the multi-user concurrency minimum; using 2048 seeded users
seeded 2048 perf users, clients, and 48000 flow vectors (scenario=cap_mixed, rate=3000/s)
cap/cap_mixed: status=target_miss rps=4337.95 p95=12.835ms errors=0.000105 db_calls=163291333
