
         /\      Grafana   /‾‾/  
    /\  /  \     |\  __   /  /   
   /  \/    \    | |/ /  /   ‾‾\ 
  /          \   |   (  |  (‾)  |
 / __________ \  |_|\_\  \_____/ 


     execution: local
        script: /perf/k6/oauth.js
        output: -

     scenarios: (100.00%) 1 scenario, 64 max VUs, 32m0s max duration (incl. graceful stop):
              * fapi2_logged_in_high_security: 30.00 iterations/s for 30m0s (maxVUs: 32-64, exec: fapi2_logged_in_high_security, gracefulStop: 2m0s)


running (00m00.9s), 04/32 VUs, 24 complete and 0 interrupted iterations
fapi2_logged_in_high_security   [   0% ] 04/32 VUs  00m00.9s/30m0s  30.00 iters/s

running (00m01.9s), 01/32 VUs, 57 complete and 0 interrupted iterations
fapi2_logged_in_high_security   [   0% ] 01/32 VUs  00m01.9s/30m0s  30.00 iters/s

running (00m02.9s), 08/32 VUs, 80 complete and 0 interrupted iterations
fapi2_logged_in_high_security   [   0% ] 08/32 VUs  00m02.9s/30m0s  30.00 iters/s

running (00m03.9s), 28/32 VUs, 90 complete and 0 interrupted iterations
fapi2_logged_in_high_security   [   0% ] 28/32 VUs  00m03.9s/30m0s  30.00 iters/s

running (00m04.9s), 39/39 VUs, 102 complete and 0 interrupted iterations
fapi2_logged_in_high_security   [   0% ] 39/39 VUs  00m04.9s/30m0s  30.00 iters/s

running (00m05.9s), 29/40 VUs, 141 complete and 0 interrupted iterations
fapi2_logged_in_high_security   [   0% ] 29/40 VUs  00m05.9s/30m0s  30.00 iters/s

running (00m06.9s), 01/40 VUs, 199 complete and 0 interrupted iterations
fapi2_logged_in_high_security   [   0% ] 01/40 VUs  00m06.9s/30m0s  30.00 iters/s

running (00m07.9s), 01/40 VUs, 229 complete and 0 interrupted iterations
fapi2_logged_in_high_security   [   0% ] 01/40 VUs  00m07.9s/30m0s  30.00 iters/s

running (00m08.9s), 01/40 VUs, 259 complete and 0 interrupted iterations
fapi2_logged_in_high_security   [   0% ] 01/40 VUs  00m08.9s/30m0s  30.00 iters/s

running (00m09.9s), 01/40 VUs, 289 complete and 0 interrupted iterations
fapi2_logged_in_high_security   [   1% ] 01/40 VUs  00m09.9s/30m0s  30.00 iters/s

running (00m10.9s), 01/40 VUs, 319 complete and 0 interrupted iterations
fapi2_logged_in_high_security   [   1% ] 01/40 VUs  00m10.9s/30m0s  30.00 iters/s

running (00m11.9s), 01/40 VUs, 349 complete and 0 interrupted iterations
fapi2_logged_in_high_security   [   1% ] 01/40 VUs  00m11.9s/30m0s  30.00 iters/s

running (00m12.9s), 02/40 VUs, 378 complete and 0 interrupted iterations
fapi2_logged_in_high_security   [   1% ] 02/40 VUs  00m12.9s/30m0s  30.00 iters/s

running (00m13.9s), 01/40 VUs, 409 complete and 0 interrupted iterations
fapi2_logged_in_high_security   [   1% ] 01/40 VUs  00m13.9s/30m0s  30.00 iters/s

running (00m14.9s), 01/40 VUs, 439 complete and 0 interrupted iterations
fapi2_logged_in_high_security   [   1% ] 01/40 VUs  00m14.9s/30m0s  30.00 iters/s

running (00m15.9s), 02/40 VUs, 468 complete and 0 interrupted iterations
fapi2_logged_in_high_security   [   1% ] 02/40 VUs  00m15.9s/30m0s  30.00 iters/s

running (00m16.9s), 01/40 VUs, 499 complete and 0 interrupted iterations
fapi2_logged_in_high_security   [   1% ] 01/40 VUs  00m16.9s/30m0s  30.00 iters/s

running (00m17.9s), 02/40 VUs, 528 complete and 0 interrupted iterations
fapi2_logged_in_high_security   [   1% ] 02/40 VUs  00m17.9s/30m0s  30.00 iters/s

running (00m18.9s), 02/40 VUs, 558 complete and 0 interrupted iterations
fapi2_logged_in_high_security   [   1% ] 02/40 VUs  00m18.9s/30m0s  30.00 iters/s

running (00m19.9s), 01/40 VUs, 589 complete and 0 interrupted iterations
fapi2_logged_in_high_security   [   1% ] 01/40 VUs  00m19.9s/30m0s  30.00 iters/s

running (00m20.9s), 02/40 VUs, 618 complete and 0 interrupted iterations
fapi2_logged_in_high_security   [   1% ] 02/40 VUs  00m20.9s/30m0s  30.00 iters/s

running (00m21.9s), 02/40 VUs, 648 complete and 0 interrupted iterations
fapi2_logged_in_high_security   [   1% ] 02/40 VUs  00m21.9s/30m0s  30.00 iters/s

running (00m22.9s), 02/40 VUs, 678 complete and 0 interrupted iterations
fapi2_logged_in_high_security   [   1% ] 02/40 VUs  00m22.9s/30m0s  30.00 iters/s

running (00m23.9s), 01/40 VUs, 709 complete and 0 interrupted iterations
fapi2_logged_in_high_security   [   1% ] 01/40 VUs  00m23.9s/30m0s  30.00 iters/s

running (00m24.9s), 02/40 VUs, 738 complete and 0 interrupted iterations
fapi2_logged_in_high_security   [   1% ] 02/40 VUs  00m24.9s/30m0s  30.00 iters/s

running (00m25.9s), 01/40 VUs, 769 complete and 0 interrupted iterations
fapi2_logged_in_high_security   [   1% ] 01/40 VUs  00m25.9s/30m0s  30.00 iters/s

running (00m26.9s), 01/40 VUs, 799 complete and 0 interrupted iterations
fapi2_logged_in_high_security   [   1% ] 01/40 VUs  00m26.9s/30m0s  30.00 iters/s

running (00m27.9s), 01/40 VUs, 829 complete and 0 interrupted iterations
fapi2_logged_in_high_security   [   2% ] 01/40 VUs  00m27.9s/30m0s  30.00 iters/s

running (00m28.9s), 02/40 VUs, 858 complete and 0 interrupted iterations
fapi2_logged_in_high_security   [   2% ] 02/40 VUs  00m28.9s/30m0s  30.00 iters/s

running (00m29.9s), 02/40 VUs, 888 complete and 0 interrupted iterations
fapi2_logged_in_high_security   [   2% ] 02/40 VUs  00m29.9s/30m0s  30.00 iters/s

running (00m30.9s), 01/40 VUs, 919 complete and 0 interrupted iterations
fapi2_logged_in_high_security   [   2% ] 01/40 VUs  00m30.9s/30m0s  30.00 iters/s

running (00m31.9s), 02/40 VUs, 948 complete and 0 interrupted iterations
fapi2_logged_in_high_security   [   2% ] 02/40 VUs  00m31.9s/30m0s  30.00 iters/s

running (00m32.9s), 04/40 VUs, 976 complete and 0 interrupted iterations
fapi2_logged_in_high_security   [   2% ] 04/40 VUs  00m32.9s/30m0s  30.00 iters/s

running (00m33.9s), 02/40 VUs, 1008 complete and 0 interrupted iterations
fapi2_logged_in_high_security   [   2% ] 02/40 VUs  00m33.9s/30m0s  30.00 iters/s

running (00m34.9s), 02/40 VUs, 1038 complete and 0 interrupted iterations
fapi2_logged_in_high_security   [   2% ] 02/40 VUs  00m34.9s/30m0s  30.00 iters/s

running (00m35.9s), 01/40 VUs, 1069 complete and 0 interrupted iterations
fapi2_logged_in_high_security   [   2% ] 01/40 VUs  00m35.9s/30m0s  30.00 iters/s

running (00m36.9s), 02/40 VUs, 1098 complete and 0 interrupted iterations
fapi2_logged_in_high_security   [   2% ] 02/40 VUs  00m36.9s/30m0s  30.00 iters/s

running (00m37.9s), 02/40 VUs, 1128 complete and 0 interrupted iterations
fapi2_logged_in_high_security   [   2% ] 02/40 VUs  00m37.9s/30m0s  30.00 iters/s

running (00m38.9s), 02/40 VUs, 1158 complete and 0 interrupted iterations
fapi2_logged_in_high_security   [   2% ] 02/40 VUs  00m38.9s/30m0s  30.00 iters/s

running (00m39.9s), 02/40 VUs, 1188 complete and 0 interrupted iterations
fapi2_logged_in_high_security   [   2% ] 02/40 VUs  00m39.9s/30m0s  30.00 iters/s

running (00m40.9s), 01/40 VUs, 1219 complete and 0 interrupted iterations
fapi2_logged_in_high_security   [   2% ] 01/40 VUs  00m40.9s/30m0s  30.00 iters/s

running (00m41.9s), 02/40 VUs, 1248 complete and 0 interrupted iterations
fapi2_logged_in_high_security   [   2% ] 02/40 VUs  00m41.9s/30m0s  30.00 iters/s

running (00m42.9s), 02/40 VUs, 1278 complete and 0 interrupted iterations
fapi2_logged_in_high_security   [   2% ] 02/40 VUs  00m42.9s/30m0s  30.00 iters/s

running (00m43.9s), 02/40 VUs, 1308 complete and 0 interrupted iterations
fapi2_logged_in_high_security   [   2% ] 02/40 VUs  00m43.9s/30m0s  30.00 iters/s

running (00m44.9s), 02/40 VUs, 1338 complete and 0 interrupted iterations
fapi2_logged_in_high_security   [   2% ] 02/40 VUs  00m44.9s/30m0s  30.00 iters/s

running (00m45.9s), 02/40 VUs, 1368 complete and 0 interrupted iterations
fapi2_logged_in_high_security   [   3% ] 02/40 VUs  00m45.9s/30m0s  30.00 iters/s

running (00m46.9s), 02/40 VUs, 1398 complete and 0 interrupted iterations
fapi2_logged_in_high_security   [   3% ] 02/40 VUs  00m46.9s/30m0s  30.00 iters/s

running (00m47.9s), 02/40 VUs, 1428 complete and 0 interrupted iterations
fapi2_logged_in_high_security   [   3% ] 02/40 VUs  00m47.9s/30m0s  30.00 iters/s

running (00m48.9s), 02/40 VUs, 1458 complete and 0 interrupted iterations
fapi2_logged_in_high_security   [   3% ] 02/40 VUs  00m48.9s/30m0s  30.00 iters/s

running (00m49.9s), 02/40 VUs, 1488 complete and 0 interrupted iterations
fapi2_logged_in_high_security   [   3% ] 02/40 VUs  00m49.9s/30m0s  30.00 iters/s

running (00m50.9s), 03/40 VUs, 1517 complete and 0 interrupted iterations
fapi2_logged_in_high_security   [   3% ] 03/40 VUs  00m50.9s/30m0s  30.00 iters/s

running (00m51.9s), 02/40 VUs, 1548 complete and 0 interrupted iterations
fapi2_logged_in_high_security   [   3% ] 02/40 VUs  00m51.9s/30m0s  30.00 iters/s

running (00m52.9s), 02/40 VUs, 1578 complete and 0 interrupted iterations
fapi2_logged_in_high_security   [   3% ] 02/40 VUs  00m52.9s/30m0s  30.00 iters/s

running (00m53.9s), 02/40 VUs, 1608 complete and 0 interrupted iterations
fapi2_logged_in_high_security   [   3% ] 02/40 VUs  00m53.9s/30m0s  30.00 iters/s

running (00m54.9s), 03/40 VUs, 1637 complete and 0 interrupted iterations
fapi2_logged_in_high_security   [   3% ] 03/40 VUs  00m54.9s/30m0s  30.00 iters/s

running (00m55.9s), 02/40 VUs, 1668 complete and 0 interrupted iterations
fapi2_logged_in_high_security   [   3% ] 02/40 VUs  00m55.9s/30m0s  30.00 iters/s

running (00m56.9s), 01/40 VUs, 1699 complete and 0 interrupted iterations
fapi2_logged_in_high_security   [   3% ] 01/40 VUs  00m56.9s/30m0s  30.00 iters/s

running (00m57.9s), 03/40 VUs, 1727 complete and 0 interrupted iterations
fapi2_logged_in_high_security   [   3% ] 03/40 VUs  00m57.9s/30m0s  30.00 iters/s

running (00m58.9s), 02/40 VUs, 1758 complete and 0 interrupted iterations
fapi2_logged_in_high_security   [   3% ] 02/40 VUs  00m58.9s/30m0s  30.00 iters/s

running (00m59.9s), 03/40 VUs, 1787 complete and 0 interrupted iterations
fapi2_logged_in_high_security   [   3% ] 03/40 VUs  00m59.9s/30m0s  30.00 iters/s

running (01m00.9s), 02/40 VUs, 1818 complete and 0 interrupted iterations
fapi2_logged_in_high_security   [   3% ] 02/40 VUs  01m00.9s/30m0s  30.00 iters/s

running (01m01.9s), 01/40 VUs, 1849 complete and 0 interrupted iterations
fapi2_logged_in_high_security   [   3% ] 01/40 VUs  01m01.9s/30m0s  30.00 iters/s

running (01m02.9s), 01/40 VUs, 1879 complete and 0 interrupted iterations
fapi2_logged_in_high_security   [   3% ] 01/40 VUs  01m02.9s/30m0s  30.00 iters/s

running (01m03.9s), 01/40 VUs, 1909 complete and 0 interrupted iterations
fapi2_logged_in_high_security   [   4% ] 01/40 VUs  01m03.9s/30m0s  30.00 iters/s

running (01m04.9s), 01/40 VUs, 1939 complete and 0 interrupted iterations
fapi2_logged_in_high_security   [   4% ] 01/40 VUs  01m04.9s/30m0s  30.00 iters/s

running (01m05.9s), 02/40 VUs, 1968 complete and 0 interrupted iterations
fapi2_logged_in_high_security   [   4% ] 02/40 VUs  01m05.9s/30m0s  30.00 iters/s

running (01m06.9s), 01/40 VUs, 1999 complete and 0 interrupted iterations
fapi2_logged_in_high_security   [   4% ] 01/40 VUs  01m06.9s/30m0s  30.00 iters/s

running (01m07.9s), 01/40 VUs, 2029 complete and 0 interrupted iterations
fapi2_logged_in_high_security   [   4% ] 01/40 VUs  01m07.9s/30m0s  30.00 iters/s

running (01m08.9s), 01/40 VUs, 2059 complete and 0 interrupted iterations
fapi2_logged_in_high_security   [   4% ] 01/40 VUs  01m08.9s/30m0s  30.00 iters/s

running (01m09.9s), 01/40 VUs, 2089 complete and 0 interrupted iterations
fapi2_logged_in_high_security   [   4% ] 01/40 VUs  01m09.9s/30m0s  30.00 iters/s

running (01m10.9s), 01/40 VUs, 2119 complete and 0 interrupted iterations
fapi2_logged_in_high_security   [   4% ] 01/40 VUs  01m10.9s/30m0s  30.00 iters/s

running (01m11.9s), 02/40 VUs, 2148 complete and 0 interrupted iterations
fapi2_logged_in_high_security   [   4% ] 02/40 VUs  01m11.9s/30m0s  30.00 iters/s

running (01m12.9s), 02/40 VUs, 2178 complete and 0 interrupted iterations
fapi2_logged_in_high_security   [   4% ] 02/40 VUs  01m12.9s/30m0s  30.00 iters/s

running (01m13.9s), 01/40 VUs, 2209 complete and 0 interrupted iterations
fapi2_logged_in_high_security   [   4% ] 01/40 VUs  01m13.9s/30m0s  30.00 iters/s

running (01m14.9s), 02/40 VUs, 2238 complete and 0 interrupted iterations
fapi2_logged_in_high_security   [   4% ] 02/40 VUs  01m14.9s/30m0s  30.00 iters/s

running (01m15.9s), 01/40 VUs, 2269 complete and 0 interrupted iterations
fapi2_logged_in_high_security   [   4% ] 01/40 VUs  01m15.9s/30m0s  30.00 iters/s

running (01m16.9s), 01/40 VUs, 2299 complete and 0 interrupted iterations
fapi2_logged_in_high_security   [   4% ] 01/40 VUs  01m16.9s/30m0s  30.00 iters/s

running (01m17.9s), 01/40 VUs, 2329 complete and 0 interrupted iterations
fapi2_logged_in_high_security   [   4% ] 01/40 VUs  01m17.9s/30m0s  30.00 iters/s

running (01m18.9s), 01/40 VUs, 2359 complete and 0 interrupted iterations
fapi2_logged_in_high_security   [   4% ] 01/40 VUs  01m18.9s/30m0s  30.00 iters/s

running (01m19.9s), 01/40 VUs, 2389 complete and 0 interrupted iterations
fapi2_logged_in_high_security   [   4% ] 01/40 VUs  01m19.9s/30m0s  30.00 iters/s

running (01m20.9s), 02/40 VUs, 2418 complete and 0 interrupted iterations
fapi2_logged_in_high_security   [   4% ] 02/40 VUs  01m20.9s/30m0s  30.00 iters/s

running (01m21.9s), 01/40 VUs, 2449 complete and 0 interrupted iterations
fapi2_logged_in_high_security   [   5% ] 01/40 VUs  01m21.9s/30m0s  30.00 iters/s

running (01m22.9s), 02/40 VUs, 2478 complete and 0 interrupted iterations
fapi2_logged_in_high_security   [   5% ] 02/40 VUs  01m22.9s/30m0s  30.00 iters/s

running (01m23.9s), 01/40 VUs, 2509 complete and 0 interrupted iterations
fapi2_logged_in_high_security   [   5% ] 01/40 VUs  01m23.9s/30m0s  30.00 iters/s

running (01m24.9s), 01/40 VUs, 2539 complete and 0 interrupted iterations
fapi2_logged_in_high_security   [   5% ] 01/40 VUs  01m24.9s/30m0s  30.00 iters/s

running (01m25.9s), 02/40 VUs, 2568 complete and 0 interrupted iterations
fapi2_logged_in_high_security   [   5% ] 02/40 VUs  01m25.9s/30m0s  30.00 iters/s

running (01m26.9s), 01/40 VUs, 2599 complete and 0 interrupted iterations
fapi2_logged_in_high_security   [   5% ] 01/40 VUs  01m26.9s/30m0s  30.00 iters/s

running (01m27.9s), 02/40 VUs, 2628 complete and 0 interrupted iterations
fapi2_logged_in_high_security   [   5% ] 02/40 VUs  01m27.9s/30m0s  30.00 iters/s

running (01m28.9s), 01/40 VUs, 2659 complete and 0 interrupted iterations
fapi2_logged_in_high_security   [   5% ] 01/40 VUs  01m28.9s/30m0s  30.00 iters/s

running (01m29.9s), 02/40 VUs, 2688 complete and 0 interrupted iterations
fapi2_logged_in_high_security   [   5% ] 02/40 VUs  01m29.9s/30m0s  30.00 iters/s

running (01m30.9s), 02/40 VUs, 2718 complete and 0 interrupted iterations
fapi2_logged_in_high_security   [   5% ] 02/40 VUs  01m30.9s/30m0s  30.00 iters/s

running (01m31.9s), 05/40 VUs, 2745 complete and 0 interrupted iterations
fapi2_logged_in_high_security   [   5% ] 05/40 VUs  01m31.9s/30m0s  30.00 iters/s

running (01m32.9s), 01/40 VUs, 2779 complete and 0 interrupted iterations
fapi2_logged_in_high_security   [   5% ] 01/40 VUs  01m32.9s/30m0s  30.00 iters/s

running (01m33.9s), 03/40 VUs, 2807 complete and 0 interrupted iterations
fapi2_logged_in_high_security   [   5% ] 03/40 VUs  01m33.9s/30m0s  30.00 iters/s

running (01m34.9s), 01/40 VUs, 2839 complete and 0 interrupted iterations
fapi2_logged_in_high_security   [   5% ] 01/40 VUs  01m34.9s/30m0s  30.00 iters/s

running (01m35.9s), 02/40 VUs, 2868 complete and 0 interrupted iterations
fapi2_logged_in_high_security   [   5% ] 02/40 VUs  01m35.9s/30m0s  30.00 iters/s

running (01m36.9s), 02/40 VUs, 2898 complete and 0 interrupted iterations
fapi2_logged_in_high_security   [   5% ] 02/40 VUs  01m36.9s/30m0s  30.00 iters/s

running (01m37.9s), 02/40 VUs, 2928 complete and 0 interrupted iterations
fapi2_logged_in_high_security   [   5% ] 02/40 VUs  01m37.9s/30m0s  30.00 iters/s

running (01m38.9s), 02/40 VUs, 2958 complete and 0 interrupted iterations
fapi2_logged_in_high_security   [   5% ] 02/40 VUs  01m38.9s/30m0s  30.00 iters/s

running (01m39.9s), 02/40 VUs, 2988 complete and 0 interrupted iterations
fapi2_logged_in_high_security   [   6% ] 02/40 VUs  01m39.9s/30m0s  30.00 iters/s

running (01m40.9s), 02/40 VUs, 3018 complete and 0 interrupted iterations
fapi2_logged_in_high_security   [   6% ] 02/40 VUs  01m40.9s/30m0s  30.00 iters/s

running (01m41.9s), 02/40 VUs, 3048 complete and 0 interrupted iterations
fapi2_logged_in_high_security   [   6% ] 02/40 VUs  01m41.9s/30m0s  30.00 iters/s

running (01m42.9s), 01/40 VUs, 3079 complete and 0 interrupted iterations
fapi2_logged_in_high_security   [   6% ] 01/40 VUs  01m42.9s/30m0s  30.00 iters/s

running (01m43.9s), 02/40 VUs, 3108 complete and 0 interrupted iterations
fapi2_logged_in_high_security   [   6% ] 02/40 VUs  01m43.9s/30m0s  30.00 iters/s

running (01m44.9s), 02/40 VUs, 3138 complete and 0 interrupted iterations
fapi2_logged_in_high_security   [   6% ] 02/40 VUs  01m44.9s/30m0s  30.00 iters/s

running (01m45.9s), 02/40 VUs, 3168 complete and 0 interrupted iterations
fapi2_logged_in_high_security   [   6% ] 02/40 VUs  01m45.9s/30m0s  30.00 iters/s

running (01m46.9s), 01/40 VUs, 3199 complete and 0 interrupted iterations
fapi2_logged_in_high_security   [   6% ] 01/40 VUs  01m46.9s/30m0s  30.00 iters/s

running (01m47.9s), 02/40 VUs, 3228 complete and 0 interrupted iterations
fapi2_logged_in_high_security   [   6% ] 02/40 VUs  01m47.9s/30m0s  30.00 iters/s

running (01m48.9s), 01/40 VUs, 3259 complete and 0 interrupted iterations
fapi2_logged_in_high_security   [   6% ] 01/40 VUs  01m48.9s/30m0s  30.00 iters/s

running (01m49.9s), 01/40 VUs, 3289 complete and 0 interrupted iterations
fapi2_logged_in_high_security   [   6% ] 01/40 VUs  01m49.9s/30m0s  30.00 iters/s

running (01m50.9s), 01/40 VUs, 3319 complete and 0 interrupted iterations
fapi2_logged_in_high_security   [   6% ] 01/40 VUs  01m50.9s/30m0s  30.00 iters/s

running (01m51.9s), 01/40 VUs, 3349 complete and 0 interrupted iterations
fapi2_logged_in_high_security   [   6% ] 01/40 VUs  01m51.9s/30m0s  30.00 iters/s

running (01m52.9s), 01/40 VUs, 3379 complete and 0 interrupted iterations
fapi2_logged_in_high_security   [   6% ] 01/40 VUs  01m52.9s/30m0s  30.00 iters/s

running (01m53.9s), 02/40 VUs, 3408 complete and 0 interrupted iterations
fapi2_logged_in_high_security   [   6% ] 02/40 VUs  01m53.9s/30m0s  30.00 iters/s

running (01m54.9s), 01/40 VUs, 3439 complete and 0 interrupted iterations
fapi2_logged_in_high_security   [   6% ] 01/40 VUs  01m54.9s/30m0s  30.00 iters/s

running (01m55.9s), 01/40 VUs, 3469 complete and 0 interrupted iterations
fapi2_logged_in_high_security   [   6% ] 01/40 VUs  01m55.9s/30m0s  30.00 iters/s

running (01m56.9s), 01/40 VUs, 3499 complete and 0 interrupted iterations
fapi2_logged_in_high_security   [   6% ] 01/40 VUs  01m56.9s/30m0s  30.00 iters/s

running (01m57.9s), 01/40 VUs, 3529 complete and 0 interrupted iterations
fapi2_logged_in_high_security   [   7% ] 01/40 VUs  01m57.9s/30m0s  30.00 iters/s

running (01m58.9s), 05/40 VUs, 3555 complete and 0 interrupted iterations
fapi2_logged_in_high_security   [   7% ] 05/40 VUs  01m58.9s/30m0s  30.00 iters/s

running (01m59.9s), 02/40 VUs, 3588 complete and 0 interrupted iterations
fapi2_logged_in_high_security   [   7% ] 02/40 VUs  01m59.9s/30m0s  30.00 iters/s

running (02m00.9s), 02/40 VUs, 3618 complete and 0 interrupted iterations
fapi2_logged_in_high_security   [   7% ] 02/40 VUs  02m00.9s/30m0s  30.00 iters/s

running (02m01.9s), 01/40 VUs, 3649 complete and 0 interrupted iterations
fapi2_logged_in_high_security   [   7% ] 01/40 VUs  02m01.9s/30m0s  30.00 iters/s

running (02m02.9s), 02/40 VUs, 3678 complete and 0 interrupted iterations
fapi2_logged_in_high_security   [   7% ] 02/40 VUs  02m02.9s/30m0s  30.00 iters/s

running (02m03.9s), 01/40 VUs, 3709 complete and 0 interrupted iterations
fapi2_logged_in_high_security   [   7% ] 01/40 VUs  02m03.9s/30m0s  30.00 iters/s

running (02m04.9s), 01/40 VUs, 3739 complete and 0 interrupted iterations
fapi2_logged_in_high_security   [   7% ] 01/40 VUs  02m04.9s/30m0s  30.00 iters/s

running (02m05.9s), 01/40 VUs, 3769 complete and 0 interrupted iterations
fapi2_logged_in_high_security   [   7% ] 01/40 VUs  02m05.9s/30m0s  30.00 iters/s

running (02m06.9s), 02/40 VUs, 3798 complete and 0 interrupted iterations
fapi2_logged_in_high_security   [   7% ] 02/40 VUs  02m06.9s/30m0s  30.00 iters/s

running (02m07.9s), 02/40 VUs, 3828 complete and 0 interrupted iterations
fapi2_logged_in_high_security   [   7% ] 02/40 VUs  02m07.9s/30m0s  30.00 iters/s

running (02m08.9s), 01/40 VUs, 3859 complete and 0 interrupted iterations
fapi2_logged_in_high_security   [   7% ] 01/40 VUs  02m08.9s/30m0s  30.00 iters/s

running (02m09.9s), 01/40 VUs, 3889 complete and 0 interrupted iterations
fapi2_logged_in_high_security   [   7% ] 01/40 VUs  02m09.9s/30m0s  30.00 iters/s

running (02m10.9s), 01/40 VUs, 3919 complete and 0 interrupted iterations
fapi2_logged_in_high_security   [   7% ] 01/40 VUs  02m10.9s/30m0s  30.00 iters/s

running (02m11.9s), 01/40 VUs, 3949 complete and 0 interrupted iterations
fapi2_logged_in_high_security   [   7% ] 01/40 VUs  02m11.9s/30m0s  30.00 iters/s

running (02m12.9s), 01/40 VUs, 3979 complete and 0 interrupted iterations
fapi2_logged_in_high_security   [   7% ] 01/40 VUs  02m12.9s/30m0s  30.00 iters/s

running (02m13.9s), 01/40 VUs, 4009 complete and 0 interrupted iterations
fapi2_logged_in_high_security   [   7% ] 01/40 VUs  02m13.9s/30m0s  30.00 iters/s

running (02m14.9s), 01/40 VUs, 4039 complete and 0 interrupted iterations
fapi2_logged_in_high_security   [   7% ] 01/40 VUs  02m14.9s/30m0s  30.00 iters/s

running (02m15.9s), 02/40 VUs, 4068 complete and 0 interrupted iterations
fapi2_logged_in_high_security   [   8% ] 02/40 VUs  02m15.9s/30m0s  30.00 iters/s

running (02m16.9s), 01/40 VUs, 4099 complete and 0 interrupted iterations
fapi2_logged_in_high_security   [   8% ] 01/40 VUs  02m16.9s/30m0s  30.00 iters/s

running (02m17.9s), 01/40 VUs, 4129 complete and 0 interrupted iterations
fapi2_logged_in_high_security   [   8% ] 01/40 VUs  02m17.9s/30m0s  30.00 iters/s

running (02m18.9s), 01/40 VUs, 4159 complete and 0 interrupted iterations
fapi2_logged_in_high_security   [   8% ] 01/40 VUs  02m18.9s/30m0s  30.00 iters/s

running (02m19.9s), 01/40 VUs, 4189 complete and 0 interrupted iterations
fapi2_logged_in_high_security   [   8% ] 01/40 VUs  02m19.9s/30m0s  30.00 iters/s

running (02m20.9s), 01/40 VUs, 4219 complete and 0 interrupted iterations
fapi2_logged_in_high_security   [   8% ] 01/40 VUs  02m20.9s/30m0s  30.00 iters/s

running (02m21.9s), 01/40 VUs, 4249 complete and 0 interrupted iterations
fapi2_logged_in_high_security   [   8% ] 01/40 VUs  02m21.9s/30m0s  30.00 iters/s

running (02m22.9s), 01/40 VUs, 4279 complete and 0 interrupted iterations
fapi2_logged_in_high_security   [   8% ] 01/40 VUs  02m22.9s/30m0s  30.00 iters/s

running (02m23.9s), 01/40 VUs, 4309 complete and 0 interrupted iterations
fapi2_logged_in_high_security   [   8% ] 01/40 VUs  02m23.9s/30m0s  30.00 iters/s

running (02m24.9s), 01/40 VUs, 4339 complete and 0 interrupted iterations
fapi2_logged_in_high_security   [   8% ] 01/40 VUs  02m24.9s/30m0s  30.00 iters/s

running (02m25.9s), 01/40 VUs, 4369 complete and 0 interrupted iterations
fapi2_logged_in_high_security   [   8% ] 01/40 VUs  02m25.9s/30m0s  30.00 iters/s

running (02m26.9s), 01/40 VUs, 4399 complete and 0 interrupted iterations
fapi2_logged_in_high_security   [   8% ] 01/40 VUs  02m26.9s/30m0s  30.00 iters/s

running (02m27.9s), 01/40 VUs, 4429 complete and 0 interrupted iterations
fapi2_logged_in_high_security   [   8% ] 01/40 VUs  02m27.9s/30m0s  30.00 iters/s

running (02m28.9s), 01/40 VUs, 4459 complete and 0 interrupted iterations
fapi2_logged_in_high_security   [   8% ] 01/40 VUs  02m28.9s/30m0s  30.00 iters/s

running (02m29.9s), 01/40 VUs, 4489 complete and 0 interrupted iterations
fapi2_logged_in_high_security   [   8% ] 01/40 VUs  02m29.9s/30m0s  30.00 iters/s

running (02m30.9s), 01/40 VUs, 4519 complete and 0 interrupted iterations
fapi2_logged_in_high_security   [   8% ] 01/40 VUs  02m30.9s/30m0s  30.00 iters/s

running (02m31.9s), 02/40 VUs, 4548 complete and 0 interrupted iterations
fapi2_logged_in_high_security   [   8% ] 02/40 VUs  02m31.9s/30m0s  30.00 iters/s

running (02m32.9s), 01/40 VUs, 4579 complete and 0 interrupted iterations
fapi2_logged_in_high_security   [   8% ] 01/40 VUs  02m32.9s/30m0s  30.00 iters/s

running (02m33.9s), 01/40 VUs, 4609 complete and 0 interrupted iterations
fapi2_logged_in_high_security   [   9% ] 01/40 VUs  02m33.9s/30m0s  30.00 iters/s

running (02m34.9s), 01/40 VUs, 4639 complete and 0 interrupted iterations
fapi2_logged_in_high_security   [   9% ] 01/40 VUs  02m34.9s/30m0s  30.00 iters/s

running (02m35.9s), 02/40 VUs, 4668 complete and 0 interrupted iterations
fapi2_logged_in_high_security   [   9% ] 02/40 VUs  02m35.9s/30m0s  30.00 iters/s

running (02m36.9s), 01/40 VUs, 4699 complete and 0 interrupted iterations
fapi2_logged_in_high_security   [   9% ] 01/40 VUs  02m36.9s/30m0s  30.00 iters/s

running (02m37.9s), 01/40 VUs, 4729 complete and 0 interrupted iterations
fapi2_logged_in_high_security   [   9% ] 01/40 VUs  02m37.9s/30m0s  30.00 iters/s

running (02m38.9s), 02/40 VUs, 4758 complete and 0 interrupted iterations
fapi2_logged_in_high_security   [   9% ] 02/40 VUs  02m38.9s/30m0s  30.00 iters/s

running (02m39.9s), 02/40 VUs, 4788 complete and 0 interrupted iterations
fapi2_logged_in_high_security   [   9% ] 02/40 VUs  02m39.9s/30m0s  30.00 iters/s

running (02m40.9s), 02/40 VUs, 4818 complete and 0 interrupted iterations
fapi2_logged_in_high_security   [   9% ] 02/40 VUs  02m40.9s/30m0s  30.00 iters/s

running (02m41.9s), 01/40 VUs, 4849 complete and 0 interrupted iterations
fapi2_logged_in_high_security   [   9% ] 01/40 VUs  02m41.9s/30m0s  30.00 iters/s

running (02m42.9s), 01/40 VUs, 4879 complete and 0 interrupted iterations
fapi2_logged_in_high_security   [   9% ] 01/40 VUs  02m42.9s/30m0s  30.00 iters/s

running (02m43.9s), 02/40 VUs, 4908 complete and 0 interrupted iterations
fapi2_logged_in_high_security   [   9% ] 02/40 VUs  02m43.9s/30m0s  30.00 iters/s

running (02m44.9s), 01/40 VUs, 4939 complete and 0 interrupted iterations
fapi2_logged_in_high_security   [   9% ] 01/40 VUs  02m44.9s/30m0s  30.00 iters/s

running (02m45.9s), 02/40 VUs, 4968 complete and 0 interrupted iterations
fapi2_logged_in_high_security   [   9% ] 02/40 VUs  02m45.9s/30m0s  30.00 iters/s

running (02m46.9s), 01/40 VUs, 4999 complete and 0 interrupted iterations
fapi2_logged_in_high_security   [   9% ] 01/40 VUs  02m46.9s/30m0s  30.00 iters/s

running (02m47.9s), 01/40 VUs, 5029 complete and 0 interrupted iterations
fapi2_logged_in_high_security   [   9% ] 01/40 VUs  02m47.9s/30m0s  30.00 iters/s

running (02m48.9s), 02/40 VUs, 5058 complete and 0 interrupted iterations
fapi2_logged_in_high_security   [   9% ] 02/40 VUs  02m48.9s/30m0s  30.00 iters/s

running (02m49.9s), 01/40 VUs, 5089 complete and 0 interrupted iterations
fapi2_logged_in_high_security   [   9% ] 01/40 VUs  02m49.9s/30m0s  30.00 iters/s

running (02m50.9s), 02/40 VUs, 5118 complete and 0 interrupted iterations
fapi2_logged_in_high_security   [   9% ] 02/40 VUs  02m50.9s/30m0s  30.00 iters/s

running (02m51.9s), 02/40 VUs, 5148 complete and 0 interrupted iterations
fapi2_logged_in_high_security   [  10% ] 02/40 VUs  02m51.9s/30m0s  30.00 iters/s

running (02m52.9s), 01/40 VUs, 5179 complete and 0 interrupted iterations
fapi2_logged_in_high_security   [  10% ] 01/40 VUs  02m52.9s/30m0s  30.00 iters/s

running (02m53.9s), 06/40 VUs, 5204 complete and 0 interrupted iterations
fapi2_logged_in_high_security   [  10% ] 06/40 VUs  02m53.9s/30m0s  30.00 iters/s

running (02m54.9s), 01/40 VUs, 5239 complete and 0 interrupted iterations
fapi2_logged_in_high_security   [  10% ] 01/40 VUs  02m54.9s/30m0s  30.00 iters/s

running (02m55.9s), 02/40 VUs, 5268 complete and 0 interrupted iterations
fapi2_logged_in_high_security   [  10% ] 02/40 VUs  02m55.9s/30m0s  30.00 iters/s

running (02m56.9s), 02/40 VUs, 5298 complete and 0 interrupted iterations
fapi2_logged_in_high_security   [  10% ] 02/40 VUs  02m56.9s/30m0s  30.00 iters/s

running (02m57.9s), 01/40 VUs, 5329 complete and 0 interrupted iterations
fapi2_logged_in_high_security   [  10% ] 01/40 VUs  02m57.9s/30m0s  30.00 iters/s

running (02m58.9s), 01/40 VUs, 5359 complete and 0 interrupted iterations
fapi2_logged_in_high_security   [  10% ] 01/40 VUs  02m58.9s/30m0s  30.00 iters/s

running (02m59.9s), 01/40 VUs, 5389 complete and 0 interrupted iterations
fapi2_logged_in_high_security   [  10% ] 01/40 VUs  02m59.9s/30m0s  30.00 iters/s

running (03m00.9s), 02/40 VUs, 5418 complete and 0 interrupted iterations
fapi2_logged_in_high_security   [  10% ] 02/40 VUs  03m00.9s/30m0s  30.00 iters/s

running (03m01.9s), 01/40 VUs, 5449 complete and 0 interrupted iterations
fapi2_logged_in_high_security   [  10% ] 01/40 VUs  03m01.9s/30m0s  30.00 iters/s

running (03m02.9s), 01/40 VUs, 5479 complete and 0 interrupted iterations
fapi2_logged_in_high_security   [  10% ] 01/40 VUs  03m02.9s/30m0s  30.00 iters/s

running (03m03.9s), 01/40 VUs, 5509 complete and 0 interrupted iterations
fapi2_logged_in_high_security   [  10% ] 01/40 VUs  03m03.9s/30m0s  30.00 iters/s

running (03m04.9s), 02/40 VUs, 5538 complete and 0 interrupted iterations
fapi2_logged_in_high_security   [  10% ] 02/40 VUs  03m04.9s/30m0s  30.00 iters/s

running (03m05.9s), 02/40 VUs, 5568 complete and 0 interrupted iterations
fapi2_logged_in_high_security   [  10% ] 02/40 VUs  03m05.9s/30m0s  30.00 iters/s

running (03m06.9s), 02/40 VUs, 5598 complete and 0 interrupted iterations
fapi2_logged_in_high_security   [  10% ] 02/40 VUs  03m06.9s/30m0s  30.00 iters/s

running (03m07.9s), 02/40 VUs, 5628 complete and 0 interrupted iterations
fapi2_logged_in_high_security   [  10% ] 02/40 VUs  03m07.9s/30m0s  30.00 iters/s

running (03m08.9s), 02/40 VUs, 5658 complete and 0 interrupted iterations
fapi2_logged_in_high_security   [  10% ] 02/40 VUs  03m08.9s/30m0s  30.00 iters/s

running (03m09.9s), 01/40 VUs, 5689 complete and 0 interrupted iterations
fapi2_logged_in_high_security   [  11% ] 01/40 VUs  03m09.9s/30m0s  30.00 iters/s

running (03m10.9s), 02/40 VUs, 5718 complete and 0 interrupted iterations
fapi2_logged_in_high_security   [  11% ] 02/40 VUs  03m10.9s/30m0s  30.00 iters/s

running (03m11.9s), 01/40 VUs, 5749 complete and 0 interrupted iterations
fapi2_logged_in_high_security   [  11% ] 01/40 VUs  03m11.9s/30m0s  30.00 iters/s

running (03m12.9s), 01/40 VUs, 5779 complete and 0 interrupted iterations
fapi2_logged_in_high_security   [  11% ] 01/40 VUs  03m12.9s/30m0s  30.00 iters/s

running (03m13.9s), 02/40 VUs, 5808 complete and 0 interrupted iterations
fapi2_logged_in_high_security   [  11% ] 02/40 VUs  03m13.9s/30m0s  30.00 iters/s

running (03m14.9s), 01/40 VUs, 5839 complete and 0 interrupted iterations
fapi2_logged_in_high_security   [  11% ] 01/40 VUs  03m14.9s/30m0s  30.00 iters/s

running (03m15.9s), 02/40 VUs, 5868 complete and 0 interrupted iterations
fapi2_logged_in_high_security   [  11% ] 02/40 VUs  03m15.9s/30m0s  30.00 iters/s

running (03m16.9s), 01/40 VUs, 5899 complete and 0 interrupted iterations
fapi2_logged_in_high_security   [  11% ] 01/40 VUs  03m16.9s/30m0s  30.00 iters/s

running (03m17.9s), 01/40 VUs, 5929 complete and 0 interrupted iterations
fapi2_logged_in_high_security   [  11% ] 01/40 VUs  03m17.9s/30m0s  30.00 iters/s

running (03m18.9s), 01/40 VUs, 5959 complete and 0 interrupted iterations
fapi2_logged_in_high_security   [  11% ] 01/40 VUs  03m18.9s/30m0s  30.00 iters/s

running (03m19.9s), 01/40 VUs, 5989 complete and 0 interrupted iterations
fapi2_logged_in_high_security   [  11% ] 01/40 VUs  03m19.9s/30m0s  30.00 iters/s

running (03m20.9s), 01/40 VUs, 6019 complete and 0 interrupted iterations
fapi2_logged_in_high_security   [  11% ] 01/40 VUs  03m20.9s/30m0s  30.00 iters/s

running (03m21.9s), 02/40 VUs, 6048 complete and 0 interrupted iterations
fapi2_logged_in_high_security   [  11% ] 02/40 VUs  03m21.9s/30m0s  30.00 iters/s

running (03m22.9s), 02/40 VUs, 6078 complete and 0 interrupted iterations
fapi2_logged_in_high_security   [  11% ] 02/40 VUs  03m22.9s/30m0s  30.00 iters/s

running (03m23.9s), 01/40 VUs, 6109 complete and 0 interrupted iterations
fapi2_logged_in_high_security   [  11% ] 01/40 VUs  03m23.9s/30m0s  30.00 iters/s

running (03m24.9s), 01/40 VUs, 6139 complete and 0 interrupted iterations
fapi2_logged_in_high_security   [  11% ] 01/40 VUs  03m24.9s/30m0s  30.00 iters/s

running (03m25.9s), 01/40 VUs, 6169 complete and 0 interrupted iterations
fapi2_logged_in_high_security   [  11% ] 01/40 VUs  03m25.9s/30m0s  30.00 iters/s

running (03m26.9s), 01/40 VUs, 6199 complete and 0 interrupted iterations
fapi2_logged_in_high_security   [  11% ] 01/40 VUs  03m26.9s/30m0s  30.00 iters/s

running (03m27.9s), 01/40 VUs, 6229 complete and 0 interrupted iterations
fapi2_logged_in_high_security   [  12% ] 01/40 VUs  03m27.9s/30m0s  30.00 iters/s

running (03m28.9s), 01/40 VUs, 6259 complete and 0 interrupted iterations
fapi2_logged_in_high_security   [  12% ] 01/40 VUs  03m28.9s/30m0s  30.00 iters/s

running (03m29.9s), 01/40 VUs, 6289 complete and 0 interrupted iterations
fapi2_logged_in_high_security   [  12% ] 01/40 VUs  03m29.9s/30m0s  30.00 iters/s

running (03m30.9s), 01/40 VUs, 6319 complete and 0 interrupted iterations
fapi2_logged_in_high_security   [  12% ] 01/40 VUs  03m30.9s/30m0s  30.00 iters/s

running (03m31.9s), 02/40 VUs, 6348 complete and 0 interrupted iterations
fapi2_logged_in_high_security   [  12% ] 02/40 VUs  03m31.9s/30m0s  30.00 iters/s

running (03m32.9s), 01/40 VUs, 6379 complete and 0 interrupted iterations
fapi2_logged_in_high_security   [  12% ] 01/40 VUs  03m32.9s/30m0s  30.00 iters/s

running (03m33.9s), 01/40 VUs, 6409 complete and 0 interrupted iterations
fapi2_logged_in_high_security   [  12% ] 01/40 VUs  03m33.9s/30m0s  30.00 iters/s

running (03m34.9s), 01/40 VUs, 6439 complete and 0 interrupted iterations
fapi2_logged_in_high_security   [  12% ] 01/40 VUs  03m34.9s/30m0s  30.00 iters/s

running (03m35.9s), 01/40 VUs, 6469 complete and 0 interrupted iterations
fapi2_logged_in_high_security   [  12% ] 01/40 VUs  03m35.9s/30m0s  30.00 iters/s

running (03m36.9s), 02/40 VUs, 6498 complete and 0 interrupted iterations
fapi2_logged_in_high_security   [  12% ] 02/40 VUs  03m36.9s/30m0s  30.00 iters/s

running (03m37.9s), 01/40 VUs, 6529 complete and 0 interrupted iterations
fapi2_logged_in_high_security   [  12% ] 01/40 VUs  03m37.9s/30m0s  30.00 iters/s

running (03m38.9s), 01/40 VUs, 6559 complete and 0 interrupted iterations
fapi2_logged_in_high_security   [  12% ] 01/40 VUs  03m38.9s/30m0s  30.00 iters/s

running (03m39.9s), 02/40 VUs, 6588 complete and 0 interrupted iterations
fapi2_logged_in_high_security   [  12% ] 02/40 VUs  03m39.9s/30m0s  30.00 iters/s

running (03m40.9s), 02/40 VUs, 6618 complete and 0 interrupted iterations
fapi2_logged_in_high_security   [  12% ] 02/40 VUs  03m40.9s/30m0s  30.00 iters/s

running (03m41.9s), 01/40 VUs, 6649 complete and 0 interrupted iterations
fapi2_logged_in_high_security   [  12% ] 01/40 VUs  03m41.9s/30m0s  30.00 iters/s

running (03m42.9s), 02/40 VUs, 6678 complete and 0 interrupted iterations
fapi2_logged_in_high_security   [  12% ] 02/40 VUs  03m42.9s/30m0s  30.00 iters/s

running (03m43.9s), 03/40 VUs, 6707 complete and 0 interrupted iterations
fapi2_logged_in_high_security   [  12% ] 03/40 VUs  03m43.9s/30m0s  30.00 iters/s

running (03m44.9s), 02/40 VUs, 6738 complete and 0 interrupted iterations
fapi2_logged_in_high_security   [  12% ] 02/40 VUs  03m44.9s/30m0s  30.00 iters/s

running (03m45.9s), 02/40 VUs, 6768 complete and 0 interrupted iterations
fapi2_logged_in_high_security   [  13% ] 02/40 VUs  03m45.9s/30m0s  30.00 iters/s

running (03m46.9s), 02/40 VUs, 6798 complete and 0 interrupted iterations
fapi2_logged_in_high_security   [  13% ] 02/40 VUs  03m46.9s/30m0s  30.00 iters/s

running (03m47.9s), 01/40 VUs, 6829 complete and 0 interrupted iterations
fapi2_logged_in_high_security   [  13% ] 01/40 VUs  03m47.9s/30m0s  30.00 iters/s

running (03m48.9s), 02/40 VUs, 6858 complete and 0 interrupted iterations
fapi2_logged_in_high_security   [  13% ] 02/40 VUs  03m48.9s/30m0s  30.00 iters/s

running (03m49.9s), 01/40 VUs, 6889 complete and 0 interrupted iterations
fapi2_logged_in_high_security   [  13% ] 01/40 VUs  03m49.9s/30m0s  30.00 iters/s

running (03m50.9s), 01/40 VUs, 6919 complete and 0 interrupted iterations
fapi2_logged_in_high_security   [  13% ] 01/40 VUs  03m50.9s/30m0s  30.00 iters/s

running (03m51.9s), 01/40 VUs, 6949 complete and 0 interrupted iterations
fapi2_logged_in_high_security   [  13% ] 01/40 VUs  03m51.9s/30m0s  30.00 iters/s

running (03m52.9s), 01/40 VUs, 6979 complete and 0 interrupted iterations
fapi2_logged_in_high_security   [  13% ] 01/40 VUs  03m52.9s/30m0s  30.00 iters/s

running (03m53.9s), 01/40 VUs, 7009 complete and 0 interrupted iterations
fapi2_logged_in_high_security   [  13% ] 01/40 VUs  03m53.9s/30m0s  30.00 iters/s

running (03m54.9s), 02/40 VUs, 7038 complete and 0 interrupted iterations
fapi2_logged_in_high_security   [  13% ] 02/40 VUs  03m54.9s/30m0s  30.00 iters/s

running (03m55.9s), 01/40 VUs, 7069 complete and 0 interrupted iterations
fapi2_logged_in_high_security   [  13% ] 01/40 VUs  03m55.9s/30m0s  30.00 iters/s

running (03m56.9s), 01/40 VUs, 7099 complete and 0 interrupted iterations
fapi2_logged_in_high_security   [  13% ] 01/40 VUs  03m56.9s/30m0s  30.00 iters/s

running (03m57.9s), 01/40 VUs, 7129 complete and 0 interrupted iterations
fapi2_logged_in_high_security   [  13% ] 01/40 VUs  03m57.9s/30m0s  30.00 iters/s

running (03m58.9s), 02/40 VUs, 7158 complete and 0 interrupted iterations
fapi2_logged_in_high_security   [  13% ] 02/40 VUs  03m58.9s/30m0s  30.00 iters/s

running (03m59.9s), 02/40 VUs, 7188 complete and 0 interrupted iterations
fapi2_logged_in_high_security   [  13% ] 02/40 VUs  03m59.9s/30m0s  30.00 iters/s

running (04m00.9s), 02/40 VUs, 7218 complete and 0 interrupted iterations
fapi2_logged_in_high_security   [  13% ] 02/40 VUs  04m00.9s/30m0s  30.00 iters/s

running (04m01.9s), 02/40 VUs, 7248 complete and 0 interrupted iterations
fapi2_logged_in_high_security   [  13% ] 02/40 VUs  04m01.9s/30m0s  30.00 iters/s

running (04m02.9s), 01/40 VUs, 7279 complete and 0 interrupted iterations
fapi2_logged_in_high_security   [  13% ] 01/40 VUs  04m02.9s/30m0s  30.00 iters/s

running (04m03.9s), 01/40 VUs, 7309 complete and 0 interrupted iterations
fapi2_logged_in_high_security   [  14% ] 01/40 VUs  04m03.9s/30m0s  30.00 iters/s

running (04m04.9s), 01/40 VUs, 7339 complete and 0 interrupted iterations
fapi2_logged_in_high_security   [  14% ] 01/40 VUs  04m04.9s/30m0s  30.00 iters/s

running (04m05.9s), 01/40 VUs, 7369 complete and 0 interrupted iterations
fapi2_logged_in_high_security   [  14% ] 01/40 VUs  04m05.9s/30m0s  30.00 iters/s

running (04m06.9s), 01/40 VUs, 7399 complete and 0 interrupted iterations
fapi2_logged_in_high_security   [  14% ] 01/40 VUs  04m06.9s/30m0s  30.00 iters/s

running (04m07.9s), 01/40 VUs, 7429 complete and 0 interrupted iterations
fapi2_logged_in_high_security   [  14% ] 01/40 VUs  04m07.9s/30m0s  30.00 iters/s

running (04m08.9s), 02/40 VUs, 7458 complete and 0 interrupted iterations
fapi2_logged_in_high_security   [  14% ] 02/40 VUs  04m08.9s/30m0s  30.00 iters/s

running (04m09.9s), 01/40 VUs, 7489 complete and 0 interrupted iterations
fapi2_logged_in_high_security   [  14% ] 01/40 VUs  04m09.9s/30m0s  30.00 iters/s

running (04m10.9s), 01/40 VUs, 7519 complete and 0 interrupted iterations
fapi2_logged_in_high_security   [  14% ] 01/40 VUs  04m10.9s/30m0s  30.00 iters/s

running (04m11.9s), 01/40 VUs, 7549 complete and 0 interrupted iterations
fapi2_logged_in_high_security   [  14% ] 01/40 VUs  04m11.9s/30m0s  30.00 iters/s

running (04m12.9s), 01/40 VUs, 7579 complete and 0 interrupted iterations
fapi2_logged_in_high_security   [  14% ] 01/40 VUs  04m12.9s/30m0s  30.00 iters/s

running (04m13.9s), 01/40 VUs, 7609 complete and 0 interrupted iterations
fapi2_logged_in_high_security   [  14% ] 01/40 VUs  04m13.9s/30m0s  30.00 iters/s

running (04m14.9s), 01/40 VUs, 7639 complete and 0 interrupted iterations
fapi2_logged_in_high_security   [  14% ] 01/40 VUs  04m14.9s/30m0s  30.00 iters/s

running (04m15.9s), 01/40 VUs, 7669 complete and 0 interrupted iterations
fapi2_logged_in_high_security   [  14% ] 01/40 VUs  04m15.9s/30m0s  30.00 iters/s

running (04m16.9s), 06/40 VUs, 7694 complete and 0 interrupted iterations
fapi2_logged_in_high_security   [  14% ] 06/40 VUs  04m16.9s/30m0s  30.00 iters/s

running (04m17.9s), 01/40 VUs, 7729 complete and 0 interrupted iterations
fapi2_logged_in_high_security   [  14% ] 01/40 VUs  04m17.9s/30m0s  30.00 iters/s

running (04m18.9s), 02/40 VUs, 7758 complete and 0 interrupted iterations
fapi2_logged_in_high_security   [  14% ] 02/40 VUs  04m18.9s/30m0s  30.00 iters/s

running (04m19.9s), 02/40 VUs, 7788 complete and 0 interrupted iterations
fapi2_logged_in_high_security   [  14% ] 02/40 VUs  04m19.9s/30m0s  30.00 iters/s

running (04m20.9s), 01/40 VUs, 7819 complete and 0 interrupted iterations
fapi2_logged_in_high_security   [  14% ] 01/40 VUs  04m20.9s/30m0s  30.00 iters/s

running (04m21.9s), 02/40 VUs, 7848 complete and 0 interrupted iterations
fapi2_logged_in_high_security   [  15% ] 02/40 VUs  04m21.9s/30m0s  30.00 iters/s

running (04m22.9s), 01/40 VUs, 7879 complete and 0 interrupted iterations
fapi2_logged_in_high_security   [  15% ] 01/40 VUs  04m22.9s/30m0s  30.00 iters/s

running (04m23.9s), 01/40 VUs, 7909 complete and 0 interrupted iterations
fapi2_logged_in_high_security   [  15% ] 01/40 VUs  04m23.9s/30m0s  30.00 iters/s

running (04m24.9s), 01/40 VUs, 7939 complete and 0 interrupted iterations
fapi2_logged_in_high_security   [  15% ] 01/40 VUs  04m24.9s/30m0s  30.00 iters/s

running (04m25.9s), 02/40 VUs, 7968 complete and 0 interrupted iterations
fapi2_logged_in_high_security   [  15% ] 02/40 VUs  04m25.9s/30m0s  30.00 iters/s

running (04m26.9s), 01/40 VUs, 7999 complete and 0 interrupted iterations
fapi2_logged_in_high_security   [  15% ] 01/40 VUs  04m26.9s/30m0s  30.00 iters/s

running (04m27.9s), 01/40 VUs, 8029 complete and 0 interrupted iterations
fapi2_logged_in_high_security   [  15% ] 01/40 VUs  04m27.9s/30m0s  30.00 iters/s

running (04m28.9s), 01/40 VUs, 8059 complete and 0 interrupted iterations
fapi2_logged_in_high_security   [  15% ] 01/40 VUs  04m28.9s/30m0s  30.00 iters/s

running (04m29.9s), 03/40 VUs, 8087 complete and 0 interrupted iterations
fapi2_logged_in_high_security   [  15% ] 03/40 VUs  04m29.9s/30m0s  30.00 iters/s

running (04m30.9s), 01/40 VUs, 8119 complete and 0 interrupted iterations
fapi2_logged_in_high_security   [  15% ] 01/40 VUs  04m30.9s/30m0s  30.00 iters/s

running (04m31.9s), 01/40 VUs, 8149 complete and 0 interrupted iterations
fapi2_logged_in_high_security   [  15% ] 01/40 VUs  04m31.9s/30m0s  30.00 iters/s

running (04m32.9s), 02/40 VUs, 8178 complete and 0 interrupted iterations
fapi2_logged_in_high_security   [  15% ] 02/40 VUs  04m32.9s/30m0s  30.00 iters/s

running (04m33.9s), 02/40 VUs, 8208 complete and 0 interrupted iterations
fapi2_logged_in_high_security   [  15% ] 02/40 VUs  04m33.9s/30m0s  30.00 iters/s

running (04m34.9s), 01/40 VUs, 8239 complete and 0 interrupted iterations
fapi2_logged_in_high_security   [  15% ] 01/40 VUs  04m34.9s/30m0s  30.00 iters/s

running (04m35.9s), 02/40 VUs, 8268 complete and 0 interrupted iterations
fapi2_logged_in_high_security   [  15% ] 02/40 VUs  04m35.9s/30m0s  30.00 iters/s

running (04m36.9s), 01/40 VUs, 8299 complete and 0 interrupted iterations
fapi2_logged_in_high_security   [  15% ] 01/40 VUs  04m36.9s/30m0s  30.00 iters/s

running (04m37.9s), 02/40 VUs, 8328 complete and 0 interrupted iterations
fapi2_logged_in_high_security   [  15% ] 02/40 VUs  04m37.9s/30m0s  30.00 iters/s

running (04m38.9s), 02/40 VUs, 8358 complete and 0 interrupted iterations
fapi2_logged_in_high_security   [  15% ] 02/40 VUs  04m38.9s/30m0s  30.00 iters/s

running (04m39.9s), 02/40 VUs, 8388 complete and 0 interrupted iterations
fapi2_logged_in_high_security   [  16% ] 02/40 VUs  04m39.9s/30m0s  30.00 iters/s

running (04m40.9s), 02/40 VUs, 8418 complete and 0 interrupted iterations
fapi2_logged_in_high_security   [  16% ] 02/40 VUs  04m40.9s/30m0s  30.00 iters/s

running (04m41.9s), 01/40 VUs, 8449 complete and 0 interrupted iterations
fapi2_logged_in_high_security   [  16% ] 01/40 VUs  04m41.9s/30m0s  30.00 iters/s

running (04m42.9s), 01/40 VUs, 8479 complete and 0 interrupted iterations
fapi2_logged_in_high_security   [  16% ] 01/40 VUs  04m42.9s/30m0s  30.00 iters/s

running (04m43.9s), 02/40 VUs, 8508 complete and 0 interrupted iterations
fapi2_logged_in_high_security   [  16% ] 02/40 VUs  04m43.9s/30m0s  30.00 iters/s

running (04m44.9s), 07/40 VUs, 8533 complete and 0 interrupted iterations
fapi2_logged_in_high_security   [  16% ] 07/40 VUs  04m44.9s/30m0s  30.00 iters/s

running (04m45.9s), 02/40 VUs, 8568 complete and 0 interrupted iterations
fapi2_logged_in_high_security   [  16% ] 02/40 VUs  04m45.9s/30m0s  30.00 iters/s

running (04m46.9s), 02/40 VUs, 8598 complete and 0 interrupted iterations
fapi2_logged_in_high_security   [  16% ] 02/40 VUs  04m46.9s/30m0s  30.00 iters/s

running (04m47.9s), 02/40 VUs, 8628 complete and 0 interrupted iterations
fapi2_logged_in_high_security   [  16% ] 02/40 VUs  04m47.9s/30m0s  30.00 iters/s

running (04m48.9s), 01/40 VUs, 8659 complete and 0 interrupted iterations
fapi2_logged_in_high_security   [  16% ] 01/40 VUs  04m48.9s/30m0s  30.00 iters/s

running (04m49.9s), 02/40 VUs, 8688 complete and 0 interrupted iterations
fapi2_logged_in_high_security   [  16% ] 02/40 VUs  04m49.9s/30m0s  30.00 iters/s

running (04m50.9s), 01/40 VUs, 8719 complete and 0 interrupted iterations
fapi2_logged_in_high_security   [  16% ] 01/40 VUs  04m50.9s/30m0s  30.00 iters/s

running (04m51.9s), 01/40 VUs, 8749 complete and 0 interrupted iterations
fapi2_logged_in_high_security   [  16% ] 01/40 VUs  04m51.9s/30m0s  30.00 iters/s

running (04m52.9s), 01/40 VUs, 8779 complete and 0 interrupted iterations
fapi2_logged_in_high_security   [  16% ] 01/40 VUs  04m52.9s/30m0s  30.00 iters/s

running (04m53.9s), 02/40 VUs, 8808 complete and 0 interrupted iterations
fapi2_logged_in_high_security   [  16% ] 02/40 VUs  04m53.9s/30m0s  30.00 iters/s

running (04m54.9s), 02/40 VUs, 8838 complete and 0 interrupted iterations
fapi2_logged_in_high_security   [  16% ] 02/40 VUs  04m54.9s/30m0s  30.00 iters/s

running (04m55.9s), 03/40 VUs, 8867 complete and 0 interrupted iterations
fapi2_logged_in_high_security   [  16% ] 03/40 VUs  04m55.9s/30m0s  30.00 iters/s

running (04m56.9s), 01/40 VUs, 8899 complete and 0 interrupted iterations
fapi2_logged_in_high_security   [  16% ] 01/40 VUs  04m56.9s/30m0s  30.00 iters/s

running (04m57.9s), 01/40 VUs, 8929 complete and 0 interrupted iterations
fapi2_logged_in_high_security   [  17% ] 01/40 VUs  04m57.9s/30m0s  30.00 iters/s

running (04m58.9s), 01/40 VUs, 8959 complete and 0 interrupted iterations
fapi2_logged_in_high_security   [  17% ] 01/40 VUs  04m58.9s/30m0s  30.00 iters/s

running (04m59.9s), 02/40 VUs, 8988 complete and 0 interrupted iterations
fapi2_logged_in_high_security   [  17% ] 02/40 VUs  04m59.9s/30m0s  30.00 iters/s

running (05m00.9s), 01/40 VUs, 9019 complete and 0 interrupted iterations
fapi2_logged_in_high_security   [  17% ] 01/40 VUs  05m00.9s/30m0s  30.00 iters/s

running (05m01.9s), 02/40 VUs, 9048 complete and 0 interrupted iterations
fapi2_logged_in_high_security   [  17% ] 02/40 VUs  05m01.9s/30m0s  30.00 iters/s

running (05m02.9s), 02/40 VUs, 9078 complete and 0 interrupted iterations
fapi2_logged_in_high_security   [  17% ] 02/40 VUs  05m02.9s/30m0s  30.00 iters/s

running (05m03.9s), 01/40 VUs, 9109 complete and 0 interrupted iterations
fapi2_logged_in_high_security   [  17% ] 01/40 VUs  05m03.9s/30m0s  30.00 iters/s

running (05m04.9s), 01/40 VUs, 9139 complete and 0 interrupted iterations
fapi2_logged_in_high_security   [  17% ] 01/40 VUs  05m04.9s/30m0s  30.00 iters/s

running (05m05.9s), 01/40 VUs, 9169 complete and 0 interrupted iterations
fapi2_logged_in_high_security   [  17% ] 01/40 VUs  05m05.9s/30m0s  30.00 iters/s

running (05m06.9s), 02/40 VUs, 9198 complete and 0 interrupted iterations
fapi2_logged_in_high_security   [  17% ] 02/40 VUs  05m06.9s/30m0s  30.00 iters/s

running (05m07.9s), 02/40 VUs, 9228 complete and 0 interrupted iterations
fapi2_logged_in_high_security   [  17% ] 02/40 VUs  05m07.9s/30m0s  30.00 iters/s

running (05m08.9s), 01/40 VUs, 9259 complete and 0 interrupted iterations
fapi2_logged_in_high_security   [  17% ] 01/40 VUs  05m08.9s/30m0s  30.00 iters/s

running (05m09.9s), 01/40 VUs, 9289 complete and 0 interrupted iterations
fapi2_logged_in_high_security   [  17% ] 01/40 VUs  05m09.9s/30m0s  30.00 iters/s

running (05m10.9s), 01/40 VUs, 9319 complete and 0 interrupted iterations
fapi2_logged_in_high_security   [  17% ] 01/40 VUs  05m10.9s/30m0s  30.00 iters/s

running (05m11.9s), 01/40 VUs, 9349 complete and 0 interrupted iterations
fapi2_logged_in_high_security   [  17% ] 01/40 VUs  05m11.9s/30m0s  30.00 iters/s

running (05m12.9s), 01/40 VUs, 9379 complete and 0 interrupted iterations
fapi2_logged_in_high_security   [  17% ] 01/40 VUs  05m12.9s/30m0s  30.00 iters/s

running (05m13.9s), 02/40 VUs, 9408 complete and 0 interrupted iterations
fapi2_logged_in_high_security   [  17% ] 02/40 VUs  05m13.9s/30m0s  30.00 iters/s

running (05m14.9s), 02/40 VUs, 9438 complete and 0 interrupted iterations
fapi2_logged_in_high_security   [  17% ] 02/40 VUs  05m14.9s/30m0s  30.00 iters/s

running (05m15.9s), 01/40 VUs, 9469 complete and 0 interrupted iterations
fapi2_logged_in_high_security   [  18% ] 01/40 VUs  05m15.9s/30m0s  30.00 iters/s

running (05m16.9s), 01/40 VUs, 9499 complete and 0 interrupted iterations
fapi2_logged_in_high_security   [  18% ] 01/40 VUs  05m16.9s/30m0s  30.00 iters/s

running (05m17.9s), 02/40 VUs, 9528 complete and 0 interrupted iterations
fapi2_logged_in_high_security   [  18% ] 02/40 VUs  05m17.9s/30m0s  30.00 iters/s

running (05m18.9s), 01/40 VUs, 9559 complete and 0 interrupted iterations
fapi2_logged_in_high_security   [  18% ] 01/40 VUs  05m18.9s/30m0s  30.00 iters/s

running (05m19.9s), 01/40 VUs, 9589 complete and 0 interrupted iterations
fapi2_logged_in_high_security   [  18% ] 01/40 VUs  05m19.9s/30m0s  30.00 iters/s

running (05m20.9s), 01/40 VUs, 9619 complete and 0 interrupted iterations
fapi2_logged_in_high_security   [  18% ] 01/40 VUs  05m20.9s/30m0s  30.00 iters/s

running (05m21.9s), 01/40 VUs, 9649 complete and 0 interrupted iterations
fapi2_logged_in_high_security   [  18% ] 01/40 VUs  05m21.9s/30m0s  30.00 iters/s

running (05m22.9s), 02/40 VUs, 9678 complete and 0 interrupted iterations
fapi2_logged_in_high_security   [  18% ] 02/40 VUs  05m22.9s/30m0s  30.00 iters/s

running (05m23.9s), 01/40 VUs, 9709 complete and 0 interrupted iterations
fapi2_logged_in_high_security   [  18% ] 01/40 VUs  05m23.9s/30m0s  30.00 iters/s

running (05m24.9s), 01/40 VUs, 9739 complete and 0 interrupted iterations
fapi2_logged_in_high_security   [  18% ] 01/40 VUs  05m24.9s/30m0s  30.00 iters/s

running (05m25.9s), 02/40 VUs, 9768 complete and 0 interrupted iterations
fapi2_logged_in_high_security   [  18% ] 02/40 VUs  05m25.9s/30m0s  30.00 iters/s

running (05m26.9s), 02/40 VUs, 9798 complete and 0 interrupted iterations
fapi2_logged_in_high_security   [  18% ] 02/40 VUs  05m26.9s/30m0s  30.00 iters/s

running (05m27.9s), 01/40 VUs, 9829 complete and 0 interrupted iterations
fapi2_logged_in_high_security   [  18% ] 01/40 VUs  05m27.9s/30m0s  30.00 iters/s

running (05m28.9s), 01/40 VUs, 9859 complete and 0 interrupted iterations
fapi2_logged_in_high_security   [  18% ] 01/40 VUs  05m28.9s/30m0s  30.00 iters/s

running (05m29.9s), 02/40 VUs, 9888 complete and 0 interrupted iterations
fapi2_logged_in_high_security   [  18% ] 02/40 VUs  05m29.9s/30m0s  30.00 iters/s

running (05m30.9s), 02/40 VUs, 9918 complete and 0 interrupted iterations
fapi2_logged_in_high_security   [  18% ] 02/40 VUs  05m30.9s/30m0s  30.00 iters/s

running (05m31.9s), 02/40 VUs, 9948 complete and 0 interrupted iterations
fapi2_logged_in_high_security   [  18% ] 02/40 VUs  05m31.9s/30m0s  30.00 iters/s

running (05m32.9s), 01/40 VUs, 9979 complete and 0 interrupted iterations
fapi2_logged_in_high_security   [  18% ] 01/40 VUs  05m32.9s/30m0s  30.00 iters/s

running (05m33.9s), 02/40 VUs, 10008 complete and 0 interrupted iterations
fapi2_logged_in_high_security   [  19% ] 02/40 VUs  05m33.9s/30m0s  30.00 iters/s

running (05m34.9s), 02/40 VUs, 10038 complete and 0 interrupted iterations
fapi2_logged_in_high_security   [  19% ] 02/40 VUs  05m34.9s/30m0s  30.00 iters/s

running (05m35.9s), 02/40 VUs, 10068 complete and 0 interrupted iterations
fapi2_logged_in_high_security   [  19% ] 02/40 VUs  05m35.9s/30m0s  30.00 iters/s

running (05m36.9s), 02/40 VUs, 10098 complete and 0 interrupted iterations
fapi2_logged_in_high_security   [  19% ] 02/40 VUs  05m36.9s/30m0s  30.00 iters/s

running (05m37.9s), 02/40 VUs, 10128 complete and 0 interrupted iterations
fapi2_logged_in_high_security   [  19% ] 02/40 VUs  05m37.9s/30m0s  30.00 iters/s

running (05m38.9s), 03/40 VUs, 10157 complete and 0 interrupted iterations
fapi2_logged_in_high_security   [  19% ] 03/40 VUs  05m38.9s/30m0s  30.00 iters/s

running (05m39.9s), 01/40 VUs, 10189 complete and 0 interrupted iterations
fapi2_logged_in_high_security   [  19% ] 01/40 VUs  05m39.9s/30m0s  30.00 iters/s

running (05m40.9s), 02/40 VUs, 10218 complete and 0 interrupted iterations
fapi2_logged_in_high_security   [  19% ] 02/40 VUs  05m40.9s/30m0s  30.00 iters/s

running (05m41.9s), 02/40 VUs, 10248 complete and 0 interrupted iterations
fapi2_logged_in_high_security   [  19% ] 02/40 VUs  05m41.9s/30m0s  30.00 iters/s

running (05m42.9s), 01/40 VUs, 10279 complete and 0 interrupted iterations
fapi2_logged_in_high_security   [  19% ] 01/40 VUs  05m42.9s/30m0s  30.00 iters/s

running (05m43.9s), 01/40 VUs, 10309 complete and 0 interrupted iterations
fapi2_logged_in_high_security   [  19% ] 01/40 VUs  05m43.9s/30m0s  30.00 iters/s

running (05m44.9s), 01/40 VUs, 10339 complete and 0 interrupted iterations
fapi2_logged_in_high_security   [  19% ] 01/40 VUs  05m44.9s/30m0s  30.00 iters/s

running (05m45.9s), 01/40 VUs, 10369 complete and 0 interrupted iterations
fapi2_logged_in_high_security   [  19% ] 01/40 VUs  05m45.9s/30m0s  30.00 iters/s

running (05m46.9s), 02/40 VUs, 10398 complete and 0 interrupted iterations
fapi2_logged_in_high_security   [  19% ] 02/40 VUs  05m46.9s/30m0s  30.00 iters/s

running (05m47.9s), 01/40 VUs, 10429 complete and 0 interrupted iterations
fapi2_logged_in_high_security   [  19% ] 01/40 VUs  05m47.9s/30m0s  30.00 iters/s

running (05m48.9s), 01/40 VUs, 10459 complete and 0 interrupted iterations
fapi2_logged_in_high_security   [  19% ] 01/40 VUs  05m48.9s/30m0s  30.00 iters/s

running (05m49.9s), 01/40 VUs, 10489 complete and 0 interrupted iterations
fapi2_logged_in_high_security   [  19% ] 01/40 VUs  05m49.9s/30m0s  30.00 iters/s

running (05m50.9s), 01/40 VUs, 10519 complete and 0 interrupted iterations
fapi2_logged_in_high_security   [  19% ] 01/40 VUs  05m50.9s/30m0s  30.00 iters/s

running (05m51.9s), 01/40 VUs, 10549 complete and 0 interrupted iterations
fapi2_logged_in_high_security   [  20% ] 01/40 VUs  05m51.9s/30m0s  30.00 iters/s

running (05m52.9s), 01/40 VUs, 10579 complete and 0 interrupted iterations
fapi2_logged_in_high_security   [  20% ] 01/40 VUs  05m52.9s/30m0s  30.00 iters/s

running (05m53.9s), 01/40 VUs, 10609 complete and 0 interrupted iterations
fapi2_logged_in_high_security   [  20% ] 01/40 VUs  05m53.9s/30m0s  30.00 iters/s

running (05m54.9s), 02/40 VUs, 10638 complete and 0 interrupted iterations
fapi2_logged_in_high_security   [  20% ] 02/40 VUs  05m54.9s/30m0s  30.00 iters/s

running (05m55.9s), 01/40 VUs, 10669 complete and 0 interrupted iterations
fapi2_logged_in_high_security   [  20% ] 01/40 VUs  05m55.9s/30m0s  30.00 iters/s

running (05m56.9s), 01/40 VUs, 10699 complete and 0 interrupted iterations
fapi2_logged_in_high_security   [  20% ] 01/40 VUs  05m56.9s/30m0s  30.00 iters/s

running (05m57.9s), 02/40 VUs, 10728 complete and 0 interrupted iterations
fapi2_logged_in_high_security   [  20% ] 02/40 VUs  05m57.9s/30m0s  30.00 iters/s

running (05m58.9s), 02/40 VUs, 10758 complete and 0 interrupted iterations
fapi2_logged_in_high_security   [  20% ] 02/40 VUs  05m58.9s/30m0s  30.00 iters/s

running (05m59.9s), 02/40 VUs, 10788 complete and 0 interrupted iterations
fapi2_logged_in_high_security   [  20% ] 02/40 VUs  05m59.9s/30m0s  30.00 iters/s

running (06m00.9s), 01/40 VUs, 10819 complete and 0 interrupted iterations
fapi2_logged_in_high_security   [  20% ] 01/40 VUs  06m00.9s/30m0s  30.00 iters/s

running (06m01.9s), 01/40 VUs, 10849 complete and 0 interrupted iterations
fapi2_logged_in_high_security   [  20% ] 01/40 VUs  06m01.9s/30m0s  30.00 iters/s

running (06m02.9s), 01/40 VUs, 10879 complete and 0 interrupted iterations
fapi2_logged_in_high_security   [  20% ] 01/40 VUs  06m02.9s/30m0s  30.00 iters/s

running (06m03.9s), 01/40 VUs, 10909 complete and 0 interrupted iterations
fapi2_logged_in_high_security   [  20% ] 01/40 VUs  06m03.9s/30m0s  30.00 iters/s

running (06m04.9s), 01/40 VUs, 10939 complete and 0 interrupted iterations
fapi2_logged_in_high_security   [  20% ] 01/40 VUs  06m04.9s/30m0s  30.00 iters/s

running (06m05.9s), 01/40 VUs, 10969 complete and 0 interrupted iterations
fapi2_logged_in_high_security   [  20% ] 01/40 VUs  06m05.9s/30m0s  30.00 iters/s

running (06m06.9s), 02/40 VUs, 10998 complete and 0 interrupted iterations
fapi2_logged_in_high_security   [  20% ] 02/40 VUs  06m06.9s/30m0s  30.00 iters/s

running (06m07.9s), 02/40 VUs, 11028 complete and 0 interrupted iterations
fapi2_logged_in_high_security   [  20% ] 02/40 VUs  06m07.9s/30m0s  30.00 iters/s

running (06m08.9s), 01/40 VUs, 11059 complete and 0 interrupted iterations
fapi2_logged_in_high_security   [  20% ] 01/40 VUs  06m08.9s/30m0s  30.00 iters/s

running (06m09.9s), 02/40 VUs, 11088 complete and 0 interrupted iterations
fapi2_logged_in_high_security   [  21% ] 02/40 VUs  06m09.9s/30m0s  30.00 iters/s

running (06m10.9s), 02/40 VUs, 11118 complete and 0 interrupted iterations
fapi2_logged_in_high_security   [  21% ] 02/40 VUs  06m10.9s/30m0s  30.00 iters/s

running (06m11.9s), 01/40 VUs, 11149 complete and 0 interrupted iterations
fapi2_logged_in_high_security   [  21% ] 01/40 VUs  06m11.9s/30m0s  30.00 iters/s

running (06m12.9s), 02/40 VUs, 11178 complete and 0 interrupted iterations
fapi2_logged_in_high_security   [  21% ] 02/40 VUs  06m12.9s/30m0s  30.00 iters/s

running (06m13.9s), 01/40 VUs, 11209 complete and 0 interrupted iterations
fapi2_logged_in_high_security   [  21% ] 01/40 VUs  06m13.9s/30m0s  30.00 iters/s

running (06m14.9s), 01/40 VUs, 11239 complete and 0 interrupted iterations
fapi2_logged_in_high_security   [  21% ] 01/40 VUs  06m14.9s/30m0s  30.00 iters/s

running (06m15.9s), 01/40 VUs, 11269 complete and 0 interrupted iterations
fapi2_logged_in_high_security   [  21% ] 01/40 VUs  06m15.9s/30m0s  30.00 iters/s

running (06m16.9s), 01/40 VUs, 11299 complete and 0 interrupted iterations
fapi2_logged_in_high_security   [  21% ] 01/40 VUs  06m16.9s/30m0s  30.00 iters/s

running (06m17.9s), 01/40 VUs, 11329 complete and 0 interrupted iterations
fapi2_logged_in_high_security   [  21% ] 01/40 VUs  06m17.9s/30m0s  30.00 iters/s

running (06m18.9s), 01/40 VUs, 11359 complete and 0 interrupted iterations
fapi2_logged_in_high_security   [  21% ] 01/40 VUs  06m18.9s/30m0s  30.00 iters/s

running (06m19.9s), 01/40 VUs, 11389 complete and 0 interrupted iterations
fapi2_logged_in_high_security   [  21% ] 01/40 VUs  06m19.9s/30m0s  30.00 iters/s

running (06m20.9s), 02/40 VUs, 11418 complete and 0 interrupted iterations
fapi2_logged_in_high_security   [  21% ] 02/40 VUs  06m20.9s/30m0s  30.00 iters/s

running (06m21.9s), 02/40 VUs, 11448 complete and 0 interrupted iterations
fapi2_logged_in_high_security   [  21% ] 02/40 VUs  06m21.9s/30m0s  30.00 iters/s

running (06m22.9s), 02/40 VUs, 11478 complete and 0 interrupted iterations
fapi2_logged_in_high_security   [  21% ] 02/40 VUs  06m22.9s/30m0s  30.00 iters/s

running (06m23.9s), 02/40 VUs, 11508 complete and 0 interrupted iterations
fapi2_logged_in_high_security   [  21% ] 02/40 VUs  06m23.9s/30m0s  30.00 iters/s

running (06m24.9s), 01/40 VUs, 11539 complete and 0 interrupted iterations
fapi2_logged_in_high_security   [  21% ] 01/40 VUs  06m24.9s/30m0s  30.00 iters/s

running (06m25.9s), 01/40 VUs, 11569 complete and 0 interrupted iterations
fapi2_logged_in_high_security   [  21% ] 01/40 VUs  06m25.9s/30m0s  30.00 iters/s

running (06m26.9s), 01/40 VUs, 11599 complete and 0 interrupted iterations
fapi2_logged_in_high_security   [  21% ] 01/40 VUs  06m26.9s/30m0s  30.00 iters/s

running (06m27.9s), 01/40 VUs, 11629 complete and 0 interrupted iterations
fapi2_logged_in_high_security   [  22% ] 01/40 VUs  06m27.9s/30m0s  30.00 iters/s

running (06m28.9s), 02/40 VUs, 11658 complete and 0 interrupted iterations
fapi2_logged_in_high_security   [  22% ] 02/40 VUs  06m28.9s/30m0s  30.00 iters/s

running (06m29.9s), 01/40 VUs, 11689 complete and 0 interrupted iterations
fapi2_logged_in_high_security   [  22% ] 01/40 VUs  06m29.9s/30m0s  30.00 iters/s

running (06m30.9s), 01/40 VUs, 11719 complete and 0 interrupted iterations
fapi2_logged_in_high_security   [  22% ] 01/40 VUs  06m30.9s/30m0s  30.00 iters/s

running (06m31.9s), 02/40 VUs, 11748 complete and 0 interrupted iterations
fapi2_logged_in_high_security   [  22% ] 02/40 VUs  06m31.9s/30m0s  30.00 iters/s

running (06m32.9s), 01/40 VUs, 11779 complete and 0 interrupted iterations
fapi2_logged_in_high_security   [  22% ] 01/40 VUs  06m32.9s/30m0s  30.00 iters/s

running (06m33.9s), 01/40 VUs, 11809 complete and 0 interrupted iterations
fapi2_logged_in_high_security   [  22% ] 01/40 VUs  06m33.9s/30m0s  30.00 iters/s

running (06m34.9s), 01/40 VUs, 11839 complete and 0 interrupted iterations
fapi2_logged_in_high_security   [  22% ] 01/40 VUs  06m34.9s/30m0s  30.00 iters/s

running (06m35.9s), 06/40 VUs, 11864 complete and 0 interrupted iterations
fapi2_logged_in_high_security   [  22% ] 06/40 VUs  06m35.9s/30m0s  30.00 iters/s

running (06m36.9s), 01/40 VUs, 11899 complete and 0 interrupted iterations
fapi2_logged_in_high_security   [  22% ] 01/40 VUs  06m36.9s/30m0s  30.00 iters/s

running (06m37.9s), 01/40 VUs, 11929 complete and 0 interrupted iterations
fapi2_logged_in_high_security   [  22% ] 01/40 VUs  06m37.9s/30m0s  30.00 iters/s

running (06m38.9s), 02/40 VUs, 11958 complete and 0 interrupted iterations
fapi2_logged_in_high_security   [  22% ] 02/40 VUs  06m38.9s/30m0s  30.00 iters/s

running (06m39.9s), 01/40 VUs, 11989 complete and 0 interrupted iterations
fapi2_logged_in_high_security   [  22% ] 01/40 VUs  06m39.9s/30m0s  30.00 iters/s

running (06m40.9s), 01/40 VUs, 12019 complete and 0 interrupted iterations
fapi2_logged_in_high_security   [  22% ] 01/40 VUs  06m40.9s/30m0s  30.00 iters/s

running (06m41.9s), 01/40 VUs, 12049 complete and 0 interrupted iterations
fapi2_logged_in_high_security   [  22% ] 01/40 VUs  06m41.9s/30m0s  30.00 iters/s

running (06m42.9s), 02/40 VUs, 12078 complete and 0 interrupted iterations
fapi2_logged_in_high_security   [  22% ] 02/40 VUs  06m42.9s/30m0s  30.00 iters/s

running (06m43.9s), 01/40 VUs, 12109 complete and 0 interrupted iterations
fapi2_logged_in_high_security   [  22% ] 01/40 VUs  06m43.9s/30m0s  30.00 iters/s

running (06m44.9s), 01/40 VUs, 12139 complete and 0 interrupted iterations
fapi2_logged_in_high_security   [  22% ] 01/40 VUs  06m44.9s/30m0s  30.00 iters/s

running (06m45.9s), 02/40 VUs, 12168 complete and 0 interrupted iterations
fapi2_logged_in_high_security   [  23% ] 02/40 VUs  06m45.9s/30m0s  30.00 iters/s

running (06m46.9s), 01/40 VUs, 12199 complete and 0 interrupted iterations
fapi2_logged_in_high_security   [  23% ] 01/40 VUs  06m46.9s/30m0s  30.00 iters/s

running (06m47.9s), 02/40 VUs, 12228 complete and 0 interrupted iterations
fapi2_logged_in_high_security   [  23% ] 02/40 VUs  06m47.9s/30m0s  30.00 iters/s

running (06m48.9s), 01/40 VUs, 12259 complete and 0 interrupted iterations
fapi2_logged_in_high_security   [  23% ] 01/40 VUs  06m48.9s/30m0s  30.00 iters/s

running (06m49.9s), 01/40 VUs, 12289 complete and 0 interrupted iterations
fapi2_logged_in_high_security   [  23% ] 01/40 VUs  06m49.9s/30m0s  30.00 iters/s

running (06m50.9s), 01/40 VUs, 12319 complete and 0 interrupted iterations
fapi2_logged_in_high_security   [  23% ] 01/40 VUs  06m50.9s/30m0s  30.00 iters/s

running (06m51.9s), 01/40 VUs, 12349 complete and 0 interrupted iterations
fapi2_logged_in_high_security   [  23% ] 01/40 VUs  06m51.9s/30m0s  30.00 iters/s

running (06m52.9s), 01/40 VUs, 12379 complete and 0 interrupted iterations
fapi2_logged_in_high_security   [  23% ] 01/40 VUs  06m52.9s/30m0s  30.00 iters/s

running (06m53.9s), 01/40 VUs, 12409 complete and 0 interrupted iterations
fapi2_logged_in_high_security   [  23% ] 01/40 VUs  06m53.9s/30m0s  30.00 iters/s

running (06m54.9s), 02/40 VUs, 12438 complete and 0 interrupted iterations
fapi2_logged_in_high_security   [  23% ] 02/40 VUs  06m54.9s/30m0s  30.00 iters/s

running (06m55.9s), 01/40 VUs, 12469 complete and 0 interrupted iterations
fapi2_logged_in_high_security   [  23% ] 01/40 VUs  06m55.9s/30m0s  30.00 iters/s

running (06m56.9s), 01/40 VUs, 12499 complete and 0 interrupted iterations
fapi2_logged_in_high_security   [  23% ] 01/40 VUs  06m56.9s/30m0s  30.00 iters/s

running (06m57.9s), 02/40 VUs, 12528 complete and 0 interrupted iterations
fapi2_logged_in_high_security   [  23% ] 02/40 VUs  06m57.9s/30m0s  30.00 iters/s

running (06m58.9s), 02/40 VUs, 12558 complete and 0 interrupted iterations
fapi2_logged_in_high_security   [  23% ] 02/40 VUs  06m58.9s/30m0s  30.00 iters/s

running (06m59.9s), 02/40 VUs, 12588 complete and 0 interrupted iterations
fapi2_logged_in_high_security   [  23% ] 02/40 VUs  06m59.9s/30m0s  30.00 iters/s

running (07m00.9s), 02/40 VUs, 12618 complete and 0 interrupted iterations
fapi2_logged_in_high_security   [  23% ] 02/40 VUs  07m00.9s/30m0s  30.00 iters/s

running (07m01.9s), 01/40 VUs, 12649 complete and 0 interrupted iterations
fapi2_logged_in_high_security   [  23% ] 01/40 VUs  07m01.9s/30m0s  30.00 iters/s

running (07m02.9s), 02/40 VUs, 12678 complete and 0 interrupted iterations
fapi2_logged_in_high_security   [  23% ] 02/40 VUs  07m02.9s/30m0s  30.00 iters/s

running (07m03.9s), 02/40 VUs, 12708 complete and 0 interrupted iterations
fapi2_logged_in_high_security   [  24% ] 02/40 VUs  07m03.9s/30m0s  30.00 iters/s

running (07m04.9s), 03/40 VUs, 12737 complete and 0 interrupted iterations
fapi2_logged_in_high_security   [  24% ] 03/40 VUs  07m04.9s/30m0s  30.00 iters/s

running (07m05.9s), 01/40 VUs, 12769 complete and 0 interrupted iterations
fapi2_logged_in_high_security   [  24% ] 01/40 VUs  07m05.9s/30m0s  30.00 iters/s

running (07m06.9s), 01/40 VUs, 12799 complete and 0 interrupted iterations
fapi2_logged_in_high_security   [  24% ] 01/40 VUs  07m06.9s/30m0s  30.00 iters/s

running (07m07.9s), 01/40 VUs, 12829 complete and 0 interrupted iterations
fapi2_logged_in_high_security   [  24% ] 01/40 VUs  07m07.9s/30m0s  30.00 iters/s

running (07m08.9s), 01/40 VUs, 12859 complete and 0 interrupted iterations
fapi2_logged_in_high_security   [  24% ] 01/40 VUs  07m08.9s/30m0s  30.00 iters/s

running (07m09.9s), 01/40 VUs, 12889 complete and 0 interrupted iterations
fapi2_logged_in_high_security   [  24% ] 01/40 VUs  07m09.9s/30m0s  30.00 iters/s

running (07m10.9s), 03/40 VUs, 12917 complete and 0 interrupted iterations
fapi2_logged_in_high_security   [  24% ] 03/40 VUs  07m10.9s/30m0s  30.00 iters/s

running (07m11.9s), 02/40 VUs, 12948 complete and 0 interrupted iterations
fapi2_logged_in_high_security   [  24% ] 02/40 VUs  07m11.9s/30m0s  30.00 iters/s

running (07m12.9s), 02/40 VUs, 12978 complete and 0 interrupted iterations
fapi2_logged_in_high_security   [  24% ] 02/40 VUs  07m12.9s/30m0s  30.00 iters/s

running (07m13.9s), 01/40 VUs, 13009 complete and 0 interrupted iterations
fapi2_logged_in_high_security   [  24% ] 01/40 VUs  07m13.9s/30m0s  30.00 iters/s

running (07m14.9s), 02/40 VUs, 13038 complete and 0 interrupted iterations
fapi2_logged_in_high_security   [  24% ] 02/40 VUs  07m14.9s/30m0s  30.00 iters/s

running (07m15.9s), 01/40 VUs, 13069 complete and 0 interrupted iterations
fapi2_logged_in_high_security   [  24% ] 01/40 VUs  07m15.9s/30m0s  30.00 iters/s

running (07m16.9s), 02/40 VUs, 13098 complete and 0 interrupted iterations
fapi2_logged_in_high_security   [  24% ] 02/40 VUs  07m16.9s/30m0s  30.00 iters/s

running (07m17.9s), 01/40 VUs, 13129 complete and 0 interrupted iterations
fapi2_logged_in_high_security   [  24% ] 01/40 VUs  07m17.9s/30m0s  30.00 iters/s

running (07m18.9s), 01/40 VUs, 13159 complete and 0 interrupted iterations
fapi2_logged_in_high_security   [  24% ] 01/40 VUs  07m18.9s/30m0s  30.00 iters/s

running (07m19.9s), 01/40 VUs, 13189 complete and 0 interrupted iterations
fapi2_logged_in_high_security   [  24% ] 01/40 VUs  07m19.9s/30m0s  30.00 iters/s

running (07m20.9s), 01/40 VUs, 13219 complete and 0 interrupted iterations
fapi2_logged_in_high_security   [  24% ] 01/40 VUs  07m20.9s/30m0s  30.00 iters/s

running (07m21.9s), 01/40 VUs, 13249 complete and 0 interrupted iterations
fapi2_logged_in_high_security   [  25% ] 01/40 VUs  07m21.9s/30m0s  30.00 iters/s

running (07m22.9s), 03/40 VUs, 13277 complete and 0 interrupted iterations
fapi2_logged_in_high_security   [  25% ] 03/40 VUs  07m22.9s/30m0s  30.00 iters/s

running (07m23.9s), 01/40 VUs, 13309 complete and 0 interrupted iterations
fapi2_logged_in_high_security   [  25% ] 01/40 VUs  07m23.9s/30m0s  30.00 iters/s

running (07m24.9s), 01/40 VUs, 13339 complete and 0 interrupted iterations
fapi2_logged_in_high_security   [  25% ] 01/40 VUs  07m24.9s/30m0s  30.00 iters/s

running (07m25.9s), 02/40 VUs, 13368 complete and 0 interrupted iterations
fapi2_logged_in_high_security   [  25% ] 02/40 VUs  07m25.9s/30m0s  30.00 iters/s

running (07m26.9s), 01/40 VUs, 13399 complete and 0 interrupted iterations
fapi2_logged_in_high_security   [  25% ] 01/40 VUs  07m26.9s/30m0s  30.00 iters/s

running (07m27.9s), 01/40 VUs, 13429 complete and 0 interrupted iterations
fapi2_logged_in_high_security   [  25% ] 01/40 VUs  07m27.9s/30m0s  30.00 iters/s

running (07m28.9s), 01/40 VUs, 13459 complete and 0 interrupted iterations
fapi2_logged_in_high_security   [  25% ] 01/40 VUs  07m28.9s/30m0s  30.00 iters/s

running (07m29.9s), 01/40 VUs, 13489 complete and 0 interrupted iterations
fapi2_logged_in_high_security   [  25% ] 01/40 VUs  07m29.9s/30m0s  30.00 iters/s

running (07m30.9s), 01/40 VUs, 13519 complete and 0 interrupted iterations
fapi2_logged_in_high_security   [  25% ] 01/40 VUs  07m30.9s/30m0s  30.00 iters/s

running (07m31.9s), 03/40 VUs, 13547 complete and 0 interrupted iterations
fapi2_logged_in_high_security   [  25% ] 03/40 VUs  07m31.9s/30m0s  30.00 iters/s

running (07m32.9s), 02/40 VUs, 13578 complete and 0 interrupted iterations
fapi2_logged_in_high_security   [  25% ] 02/40 VUs  07m32.9s/30m0s  30.00 iters/s

running (07m33.9s), 02/40 VUs, 13608 complete and 0 interrupted iterations
fapi2_logged_in_high_security   [  25% ] 02/40 VUs  07m33.9s/30m0s  30.00 iters/s

running (07m34.9s), 02/40 VUs, 13638 complete and 0 interrupted iterations
fapi2_logged_in_high_security   [  25% ] 02/40 VUs  07m34.9s/30m0s  30.00 iters/s

running (07m35.9s), 01/40 VUs, 13669 complete and 0 interrupted iterations
fapi2_logged_in_high_security   [  25% ] 01/40 VUs  07m35.9s/30m0s  30.00 iters/s

running (07m36.9s), 01/40 VUs, 13699 complete and 0 interrupted iterations
fapi2_logged_in_high_security   [  25% ] 01/40 VUs  07m36.9s/30m0s  30.00 iters/s

running (07m37.9s), 01/40 VUs, 13729 complete and 0 interrupted iterations
fapi2_logged_in_high_security   [  25% ] 01/40 VUs  07m37.9s/30m0s  30.00 iters/s

running (07m38.9s), 01/40 VUs, 13759 complete and 0 interrupted iterations
fapi2_logged_in_high_security   [  25% ] 01/40 VUs  07m38.9s/30m0s  30.00 iters/s

running (07m39.9s), 02/40 VUs, 13788 complete and 0 interrupted iterations
fapi2_logged_in_high_security   [  26% ] 02/40 VUs  07m39.9s/30m0s  30.00 iters/s

running (07m40.9s), 01/40 VUs, 13819 complete and 0 interrupted iterations
fapi2_logged_in_high_security   [  26% ] 01/40 VUs  07m40.9s/30m0s  30.00 iters/s

running (07m41.9s), 01/40 VUs, 13849 complete and 0 interrupted iterations
fapi2_logged_in_high_security   [  26% ] 01/40 VUs  07m41.9s/30m0s  30.00 iters/s

running (07m42.9s), 02/40 VUs, 13878 complete and 0 interrupted iterations
fapi2_logged_in_high_security   [  26% ] 02/40 VUs  07m42.9s/30m0s  30.00 iters/s

running (07m43.9s), 01/40 VUs, 13909 complete and 0 interrupted iterations
fapi2_logged_in_high_security   [  26% ] 01/40 VUs  07m43.9s/30m0s  30.00 iters/s

running (07m44.9s), 01/40 VUs, 13939 complete and 0 interrupted iterations
fapi2_logged_in_high_security   [  26% ] 01/40 VUs  07m44.9s/30m0s  30.00 iters/s

running (07m45.9s), 01/40 VUs, 13969 complete and 0 interrupted iterations
fapi2_logged_in_high_security   [  26% ] 01/40 VUs  07m45.9s/30m0s  30.00 iters/s

running (07m46.9s), 02/40 VUs, 13998 complete and 0 interrupted iterations
fapi2_logged_in_high_security   [  26% ] 02/40 VUs  07m46.9s/30m0s  30.00 iters/s

running (07m47.9s), 02/40 VUs, 14028 complete and 0 interrupted iterations
fapi2_logged_in_high_security   [  26% ] 02/40 VUs  07m47.9s/30m0s  30.00 iters/s

running (07m48.9s), 02/40 VUs, 14058 complete and 0 interrupted iterations
fapi2_logged_in_high_security   [  26% ] 02/40 VUs  07m48.9s/30m0s  30.00 iters/s

running (07m49.9s), 02/40 VUs, 14088 complete and 0 interrupted iterations
fapi2_logged_in_high_security   [  26% ] 02/40 VUs  07m49.9s/30m0s  30.00 iters/s

running (07m50.9s), 01/40 VUs, 14119 complete and 0 interrupted iterations
fapi2_logged_in_high_security   [  26% ] 01/40 VUs  07m50.9s/30m0s  30.00 iters/s

running (07m51.9s), 01/40 VUs, 14149 complete and 0 interrupted iterations
fapi2_logged_in_high_security   [  26% ] 01/40 VUs  07m51.9s/30m0s  30.00 iters/s

running (07m52.9s), 02/40 VUs, 14178 complete and 0 interrupted iterations
fapi2_logged_in_high_security   [  26% ] 02/40 VUs  07m52.9s/30m0s  30.00 iters/s

running (07m53.9s), 02/40 VUs, 14208 complete and 0 interrupted iterations
fapi2_logged_in_high_security   [  26% ] 02/40 VUs  07m53.9s/30m0s  30.00 iters/s

running (07m54.9s), 01/40 VUs, 14239 complete and 0 interrupted iterations
fapi2_logged_in_high_security   [  26% ] 01/40 VUs  07m54.9s/30m0s  30.00 iters/s

running (07m55.9s), 01/40 VUs, 14269 complete and 0 interrupted iterations
fapi2_logged_in_high_security   [  26% ] 01/40 VUs  07m55.9s/30m0s  30.00 iters/s

running (07m56.9s), 01/40 VUs, 14299 complete and 0 interrupted iterations
fapi2_logged_in_high_security   [  26% ] 01/40 VUs  07m56.9s/30m0s  30.00 iters/s

running (07m57.9s), 02/40 VUs, 14328 complete and 0 interrupted iterations
fapi2_logged_in_high_security   [  27% ] 02/40 VUs  07m57.9s/30m0s  30.00 iters/s

running (07m58.9s), 02/40 VUs, 14358 complete and 0 interrupted iterations
fapi2_logged_in_high_security   [  27% ] 02/40 VUs  07m58.9s/30m0s  30.00 iters/s

running (07m59.9s), 04/40 VUs, 14386 complete and 0 interrupted iterations
fapi2_logged_in_high_security   [  27% ] 04/40 VUs  07m59.9s/30m0s  30.00 iters/s

running (08m00.9s), 01/40 VUs, 14419 complete and 0 interrupted iterations
fapi2_logged_in_high_security   [  27% ] 01/40 VUs  08m00.9s/30m0s  30.00 iters/s

running (08m01.9s), 02/40 VUs, 14448 complete and 0 interrupted iterations
fapi2_logged_in_high_security   [  27% ] 02/40 VUs  08m01.9s/30m0s  30.00 iters/s

running (08m02.9s), 01/40 VUs, 14479 complete and 0 interrupted iterations
fapi2_logged_in_high_security   [  27% ] 01/40 VUs  08m02.9s/30m0s  30.00 iters/s

running (08m03.9s), 01/40 VUs, 14509 complete and 0 interrupted iterations
fapi2_logged_in_high_security   [  27% ] 01/40 VUs  08m03.9s/30m0s  30.00 iters/s

running (08m04.9s), 01/40 VUs, 14539 complete and 0 interrupted iterations
fapi2_logged_in_high_security   [  27% ] 01/40 VUs  08m04.9s/30m0s  30.00 iters/s

running (08m05.9s), 01/40 VUs, 14569 complete and 0 interrupted iterations
fapi2_logged_in_high_security   [  27% ] 01/40 VUs  08m05.9s/30m0s  30.00 iters/s

running (08m06.9s), 01/40 VUs, 14599 complete and 0 interrupted iterations
fapi2_logged_in_high_security   [  27% ] 01/40 VUs  08m06.9s/30m0s  30.00 iters/s

running (08m07.9s), 01/40 VUs, 14629 complete and 0 interrupted iterations
fapi2_logged_in_high_security   [  27% ] 01/40 VUs  08m07.9s/30m0s  30.00 iters/s

running (08m08.9s), 01/40 VUs, 14659 complete and 0 interrupted iterations
fapi2_logged_in_high_security   [  27% ] 01/40 VUs  08m08.9s/30m0s  30.00 iters/s

running (08m09.9s), 01/40 VUs, 14689 complete and 0 interrupted iterations
fapi2_logged_in_high_security   [  27% ] 01/40 VUs  08m09.9s/30m0s  30.00 iters/s

running (08m10.9s), 01/40 VUs, 14719 complete and 0 interrupted iterations
fapi2_logged_in_high_security   [  27% ] 01/40 VUs  08m10.9s/30m0s  30.00 iters/s

running (08m11.9s), 01/40 VUs, 14749 complete and 0 interrupted iterations
fapi2_logged_in_high_security   [  27% ] 01/40 VUs  08m11.9s/30m0s  30.00 iters/s

running (08m12.9s), 02/40 VUs, 14778 complete and 0 interrupted iterations
fapi2_logged_in_high_security   [  27% ] 02/40 VUs  08m12.9s/30m0s  30.00 iters/s

running (08m13.9s), 01/40 VUs, 14809 complete and 0 interrupted iterations
fapi2_logged_in_high_security   [  27% ] 01/40 VUs  08m13.9s/30m0s  30.00 iters/s

running (08m14.9s), 02/40 VUs, 14838 complete and 0 interrupted iterations
fapi2_logged_in_high_security   [  27% ] 02/40 VUs  08m14.9s/30m0s  30.00 iters/s

running (08m15.9s), 02/40 VUs, 14868 complete and 0 interrupted iterations
fapi2_logged_in_high_security   [  28% ] 02/40 VUs  08m15.9s/30m0s  30.00 iters/s

running (08m16.9s), 01/40 VUs, 14899 complete and 0 interrupted iterations
fapi2_logged_in_high_security   [  28% ] 01/40 VUs  08m16.9s/30m0s  30.00 iters/s

running (08m17.9s), 01/40 VUs, 14929 complete and 0 interrupted iterations
fapi2_logged_in_high_security   [  28% ] 01/40 VUs  08m17.9s/30m0s  30.00 iters/s

running (08m18.9s), 01/40 VUs, 14959 complete and 0 interrupted iterations
fapi2_logged_in_high_security   [  28% ] 01/40 VUs  08m18.9s/30m0s  30.00 iters/s

running (08m19.9s), 01/40 VUs, 14989 complete and 0 interrupted iterations
fapi2_logged_in_high_security   [  28% ] 01/40 VUs  08m19.9s/30m0s  30.00 iters/s

running (08m20.9s), 01/40 VUs, 15019 complete and 0 interrupted iterations
fapi2_logged_in_high_security   [  28% ] 01/40 VUs  08m20.9s/30m0s  30.00 iters/s

running (08m21.9s), 01/40 VUs, 15049 complete and 0 interrupted iterations
fapi2_logged_in_high_security   [  28% ] 01/40 VUs  08m21.9s/30m0s  30.00 iters/s

running (08m22.9s), 01/40 VUs, 15079 complete and 0 interrupted iterations
fapi2_logged_in_high_security   [  28% ] 01/40 VUs  08m22.9s/30m0s  30.00 iters/s

running (08m23.9s), 01/40 VUs, 15109 complete and 0 interrupted iterations
fapi2_logged_in_high_security   [  28% ] 01/40 VUs  08m23.9s/30m0s  30.00 iters/s

running (08m24.9s), 01/40 VUs, 15139 complete and 0 interrupted iterations
fapi2_logged_in_high_security   [  28% ] 01/40 VUs  08m24.9s/30m0s  30.00 iters/s

running (08m25.9s), 01/40 VUs, 15169 complete and 0 interrupted iterations
fapi2_logged_in_high_security   [  28% ] 01/40 VUs  08m25.9s/30m0s  30.00 iters/s

running (08m26.9s), 01/40 VUs, 15199 complete and 0 interrupted iterations
fapi2_logged_in_high_security   [  28% ] 01/40 VUs  08m26.9s/30m0s  30.00 iters/s

running (08m27.9s), 01/40 VUs, 15229 complete and 0 interrupted iterations
fapi2_logged_in_high_security   [  28% ] 01/40 VUs  08m27.9s/30m0s  30.00 iters/s

running (08m28.9s), 01/40 VUs, 15259 complete and 0 interrupted iterations
fapi2_logged_in_high_security   [  28% ] 01/40 VUs  08m28.9s/30m0s  30.00 iters/s

running (08m29.9s), 02/40 VUs, 15288 complete and 0 interrupted iterations
fapi2_logged_in_high_security   [  28% ] 02/40 VUs  08m29.9s/30m0s  30.00 iters/s

running (08m30.9s), 01/40 VUs, 15319 complete and 0 interrupted iterations
fapi2_logged_in_high_security   [  28% ] 01/40 VUs  08m30.9s/30m0s  30.00 iters/s

running (08m31.9s), 02/40 VUs, 15348 complete and 0 interrupted iterations
fapi2_logged_in_high_security   [  28% ] 02/40 VUs  08m31.9s/30m0s  30.00 iters/s

running (08m32.9s), 01/40 VUs, 15379 complete and 0 interrupted iterations
fapi2_logged_in_high_security   [  28% ] 01/40 VUs  08m32.9s/30m0s  30.00 iters/s

running (08m33.9s), 01/40 VUs, 15409 complete and 0 interrupted iterations
fapi2_logged_in_high_security   [  29% ] 01/40 VUs  08m33.9s/30m0s  30.00 iters/s

running (08m34.9s), 01/40 VUs, 15439 complete and 0 interrupted iterations
fapi2_logged_in_high_security   [  29% ] 01/40 VUs  08m34.9s/30m0s  30.00 iters/s

running (08m35.9s), 01/40 VUs, 15469 complete and 0 interrupted iterations
fapi2_logged_in_high_security   [  29% ] 01/40 VUs  08m35.9s/30m0s  30.00 iters/s

running (08m36.9s), 01/40 VUs, 15499 complete and 0 interrupted iterations
fapi2_logged_in_high_security   [  29% ] 01/40 VUs  08m36.9s/30m0s  30.00 iters/s

running (08m37.9s), 02/40 VUs, 15528 complete and 0 interrupted iterations
fapi2_logged_in_high_security   [  29% ] 02/40 VUs  08m37.9s/30m0s  30.00 iters/s

running (08m38.9s), 01/40 VUs, 15559 complete and 0 interrupted iterations
fapi2_logged_in_high_security   [  29% ] 01/40 VUs  08m38.9s/30m0s  30.00 iters/s

running (08m39.9s), 01/40 VUs, 15589 complete and 0 interrupted iterations
fapi2_logged_in_high_security   [  29% ] 01/40 VUs  08m39.9s/30m0s  30.00 iters/s

running (08m40.9s), 02/40 VUs, 15618 complete and 0 interrupted iterations
fapi2_logged_in_high_security   [  29% ] 02/40 VUs  08m40.9s/30m0s  30.00 iters/s

running (08m41.9s), 01/40 VUs, 15649 complete and 0 interrupted iterations
fapi2_logged_in_high_security   [  29% ] 01/40 VUs  08m41.9s/30m0s  30.00 iters/s

running (08m42.9s), 01/40 VUs, 15679 complete and 0 interrupted iterations
fapi2_logged_in_high_security   [  29% ] 01/40 VUs  08m42.9s/30m0s  30.00 iters/s

running (08m43.9s), 02/40 VUs, 15708 complete and 0 interrupted iterations
fapi2_logged_in_high_security   [  29% ] 02/40 VUs  08m43.9s/30m0s  30.00 iters/s

running (08m44.9s), 01/40 VUs, 15739 complete and 0 interrupted iterations
fapi2_logged_in_high_security   [  29% ] 01/40 VUs  08m44.9s/30m0s  30.00 iters/s

running (08m45.9s), 01/40 VUs, 15769 complete and 0 interrupted iterations
fapi2_logged_in_high_security   [  29% ] 01/40 VUs  08m45.9s/30m0s  30.00 iters/s

running (08m46.9s), 01/40 VUs, 15799 complete and 0 interrupted iterations
fapi2_logged_in_high_security   [  29% ] 01/40 VUs  08m46.9s/30m0s  30.00 iters/s

running (08m47.9s), 01/40 VUs, 15829 complete and 0 interrupted iterations
fapi2_logged_in_high_security   [  29% ] 01/40 VUs  08m47.9s/30m0s  30.00 iters/s

running (08m48.9s), 01/40 VUs, 15859 complete and 0 interrupted iterations
fapi2_logged_in_high_security   [  29% ] 01/40 VUs  08m48.9s/30m0s  30.00 iters/s

running (08m49.9s), 02/40 VUs, 15888 complete and 0 interrupted iterations
fapi2_logged_in_high_security   [  29% ] 02/40 VUs  08m49.9s/30m0s  30.00 iters/s

running (08m50.9s), 01/40 VUs, 15919 complete and 0 interrupted iterations
fapi2_logged_in_high_security   [  29% ] 01/40 VUs  08m50.9s/30m0s  30.00 iters/s

running (08m51.9s), 02/40 VUs, 15948 complete and 0 interrupted iterations
fapi2_logged_in_high_security   [  30% ] 02/40 VUs  08m51.9s/30m0s  30.00 iters/s

running (08m52.9s), 02/40 VUs, 15978 complete and 0 interrupted iterations
fapi2_logged_in_high_security   [  30% ] 02/40 VUs  08m52.9s/30m0s  30.00 iters/s

running (08m53.9s), 01/40 VUs, 16009 complete and 0 interrupted iterations
fapi2_logged_in_high_security   [  30% ] 01/40 VUs  08m53.9s/30m0s  30.00 iters/s

running (08m54.9s), 02/40 VUs, 16038 complete and 0 interrupted iterations
fapi2_logged_in_high_security   [  30% ] 02/40 VUs  08m54.9s/30m0s  30.00 iters/s

running (08m55.9s), 08/40 VUs, 16062 complete and 0 interrupted iterations
fapi2_logged_in_high_security   [  30% ] 08/40 VUs  08m55.9s/30m0s  30.00 iters/s

running (08m56.9s), 01/40 VUs, 16099 complete and 0 interrupted iterations
fapi2_logged_in_high_security   [  30% ] 01/40 VUs  08m56.9s/30m0s  30.00 iters/s

running (08m57.9s), 01/40 VUs, 16129 complete and 0 interrupted iterations
fapi2_logged_in_high_security   [  30% ] 01/40 VUs  08m57.9s/30m0s  30.00 iters/s

running (08m58.9s), 02/40 VUs, 16158 complete and 0 interrupted iterations
fapi2_logged_in_high_security   [  30% ] 02/40 VUs  08m58.9s/30m0s  30.00 iters/s

running (08m59.9s), 01/40 VUs, 16189 complete and 0 interrupted iterations
fapi2_logged_in_high_security   [  30% ] 01/40 VUs  08m59.9s/30m0s  30.00 iters/s

running (09m00.9s), 02/40 VUs, 16218 complete and 0 interrupted iterations
fapi2_logged_in_high_security   [  30% ] 02/40 VUs  09m00.9s/30m0s  30.00 iters/s

running (09m01.9s), 02/40 VUs, 16248 complete and 0 interrupted iterations
fapi2_logged_in_high_security   [  30% ] 02/40 VUs  09m01.9s/30m0s  30.00 iters/s

running (09m02.9s), 01/40 VUs, 16279 complete and 0 interrupted iterations
fapi2_logged_in_high_security   [  30% ] 01/40 VUs  09m02.9s/30m0s  30.00 iters/s

running (09m03.9s), 02/40 VUs, 16308 complete and 0 interrupted iterations
fapi2_logged_in_high_security   [  30% ] 02/40 VUs  09m03.9s/30m0s  30.00 iters/s

running (09m04.9s), 01/40 VUs, 16339 complete and 0 interrupted iterations
fapi2_logged_in_high_security   [  30% ] 01/40 VUs  09m04.9s/30m0s  30.00 iters/s

running (09m05.9s), 02/40 VUs, 16368 complete and 0 interrupted iterations
fapi2_logged_in_high_security   [  30% ] 02/40 VUs  09m05.9s/30m0s  30.00 iters/s

running (09m06.9s), 01/40 VUs, 16399 complete and 0 interrupted iterations
fapi2_logged_in_high_security   [  30% ] 01/40 VUs  09m06.9s/30m0s  30.00 iters/s

running (09m07.9s), 01/40 VUs, 16429 complete and 0 interrupted iterations
fapi2_logged_in_high_security   [  30% ] 01/40 VUs  09m07.9s/30m0s  30.00 iters/s

running (09m08.9s), 02/40 VUs, 16458 complete and 0 interrupted iterations
fapi2_logged_in_high_security   [  30% ] 02/40 VUs  09m08.9s/30m0s  30.00 iters/s

running (09m09.9s), 01/40 VUs, 16489 complete and 0 interrupted iterations
fapi2_logged_in_high_security   [  31% ] 01/40 VUs  09m09.9s/30m0s  30.00 iters/s

running (09m10.9s), 01/40 VUs, 16519 complete and 0 interrupted iterations
fapi2_logged_in_high_security   [  31% ] 01/40 VUs  09m10.9s/30m0s  30.00 iters/s

running (09m11.9s), 03/40 VUs, 16547 complete and 0 interrupted iterations
fapi2_logged_in_high_security   [  31% ] 03/40 VUs  09m11.9s/30m0s  30.00 iters/s

running (09m12.9s), 01/40 VUs, 16579 complete and 0 interrupted iterations
fapi2_logged_in_high_security   [  31% ] 01/40 VUs  09m12.9s/30m0s  30.00 iters/s

running (09m13.9s), 01/40 VUs, 16609 complete and 0 interrupted iterations
fapi2_logged_in_high_security   [  31% ] 01/40 VUs  09m13.9s/30m0s  30.00 iters/s

running (09m14.9s), 02/40 VUs, 16638 complete and 0 interrupted iterations
fapi2_logged_in_high_security   [  31% ] 02/40 VUs  09m14.9s/30m0s  30.00 iters/s

running (09m15.9s), 01/40 VUs, 16669 complete and 0 interrupted iterations
fapi2_logged_in_high_security   [  31% ] 01/40 VUs  09m15.9s/30m0s  30.00 iters/s

running (09m16.9s), 01/40 VUs, 16699 complete and 0 interrupted iterations
fapi2_logged_in_high_security   [  31% ] 01/40 VUs  09m16.9s/30m0s  30.00 iters/s

running (09m17.9s), 02/40 VUs, 16728 complete and 0 interrupted iterations
fapi2_logged_in_high_security   [  31% ] 02/40 VUs  09m17.9s/30m0s  30.00 iters/s

running (09m18.9s), 01/40 VUs, 16759 complete and 0 interrupted iterations
fapi2_logged_in_high_security   [  31% ] 01/40 VUs  09m18.9s/30m0s  30.00 iters/s

running (09m19.9s), 01/40 VUs, 16789 complete and 0 interrupted iterations
fapi2_logged_in_high_security   [  31% ] 01/40 VUs  09m19.9s/30m0s  30.00 iters/s

running (09m20.9s), 01/40 VUs, 16819 complete and 0 interrupted iterations
fapi2_logged_in_high_security   [  31% ] 01/40 VUs  09m20.9s/30m0s  30.00 iters/s

running (09m21.9s), 01/40 VUs, 16849 complete and 0 interrupted iterations
fapi2_logged_in_high_security   [  31% ] 01/40 VUs  09m21.9s/30m0s  30.00 iters/s

running (09m22.9s), 01/40 VUs, 16879 complete and 0 interrupted iterations
fapi2_logged_in_high_security   [  31% ] 01/40 VUs  09m22.9s/30m0s  30.00 iters/s

running (09m23.9s), 06/40 VUs, 16904 complete and 0 interrupted iterations
fapi2_logged_in_high_security   [  31% ] 06/40 VUs  09m23.9s/30m0s  30.00 iters/s

running (09m24.9s), 02/40 VUs, 16938 complete and 0 interrupted iterations
fapi2_logged_in_high_security   [  31% ] 02/40 VUs  09m24.9s/30m0s  30.00 iters/s

running (09m25.9s), 02/40 VUs, 16968 complete and 0 interrupted iterations
fapi2_logged_in_high_security   [  31% ] 02/40 VUs  09m25.9s/30m0s  30.00 iters/s

running (09m26.9s), 01/40 VUs, 16999 complete and 0 interrupted iterations
fapi2_logged_in_high_security   [  31% ] 01/40 VUs  09m26.9s/30m0s  30.00 iters/s

running (09m27.9s), 02/40 VUs, 17028 complete and 0 interrupted iterations
fapi2_logged_in_high_security   [  32% ] 02/40 VUs  09m27.9s/30m0s  30.00 iters/s

running (09m28.9s), 02/40 VUs, 17058 complete and 0 interrupted iterations
fapi2_logged_in_high_security   [  32% ] 02/40 VUs  09m28.9s/30m0s  30.00 iters/s

running (09m29.9s), 01/40 VUs, 17089 complete and 0 interrupted iterations
fapi2_logged_in_high_security   [  32% ] 01/40 VUs  09m29.9s/30m0s  30.00 iters/s

running (09m30.9s), 02/40 VUs, 17118 complete and 0 interrupted iterations
fapi2_logged_in_high_security   [  32% ] 02/40 VUs  09m30.9s/30m0s  30.00 iters/s

running (09m31.9s), 01/40 VUs, 17149 complete and 0 interrupted iterations
fapi2_logged_in_high_security   [  32% ] 01/40 VUs  09m31.9s/30m0s  30.00 iters/s

running (09m32.9s), 01/40 VUs, 17179 complete and 0 interrupted iterations
fapi2_logged_in_high_security   [  32% ] 01/40 VUs  09m32.9s/30m0s  30.00 iters/s

running (09m33.9s), 01/40 VUs, 17209 complete and 0 interrupted iterations
fapi2_logged_in_high_security   [  32% ] 01/40 VUs  09m33.9s/30m0s  30.00 iters/s

running (09m34.9s), 01/40 VUs, 17239 complete and 0 interrupted iterations
fapi2_logged_in_high_security   [  32% ] 01/40 VUs  09m34.9s/30m0s  30.00 iters/s

running (09m35.9s), 02/40 VUs, 17268 complete and 0 interrupted iterations
fapi2_logged_in_high_security   [  32% ] 02/40 VUs  09m35.9s/30m0s  30.00 iters/s

running (09m36.9s), 01/40 VUs, 17299 complete and 0 interrupted iterations
fapi2_logged_in_high_security   [  32% ] 01/40 VUs  09m36.9s/30m0s  30.00 iters/s

running (09m37.9s), 02/40 VUs, 17328 complete and 0 interrupted iterations
fapi2_logged_in_high_security   [  32% ] 02/40 VUs  09m37.9s/30m0s  30.00 iters/s

running (09m38.9s), 01/40 VUs, 17359 complete and 0 interrupted iterations
fapi2_logged_in_high_security   [  32% ] 01/40 VUs  09m38.9s/30m0s  30.00 iters/s

running (09m39.9s), 02/40 VUs, 17388 complete and 0 interrupted iterations
fapi2_logged_in_high_security   [  32% ] 02/40 VUs  09m39.9s/30m0s  30.00 iters/s

running (09m40.9s), 02/40 VUs, 17418 complete and 0 interrupted iterations
fapi2_logged_in_high_security   [  32% ] 02/40 VUs  09m40.9s/30m0s  30.00 iters/s

running (09m41.9s), 02/40 VUs, 17448 complete and 0 interrupted iterations
fapi2_logged_in_high_security   [  32% ] 02/40 VUs  09m41.9s/30m0s  30.00 iters/s

running (09m42.9s), 01/40 VUs, 17479 complete and 0 interrupted iterations
fapi2_logged_in_high_security   [  32% ] 01/40 VUs  09m42.9s/30m0s  30.00 iters/s

running (09m43.9s), 02/40 VUs, 17508 complete and 0 interrupted iterations
fapi2_logged_in_high_security   [  32% ] 02/40 VUs  09m43.9s/30m0s  30.00 iters/s

running (09m44.9s), 02/40 VUs, 17538 complete and 0 interrupted iterations
fapi2_logged_in_high_security   [  32% ] 02/40 VUs  09m44.9s/30m0s  30.00 iters/s

running (09m45.9s), 01/40 VUs, 17569 complete and 0 interrupted iterations
fapi2_logged_in_high_security   [  33% ] 01/40 VUs  09m45.9s/30m0s  30.00 iters/s

running (09m46.9s), 01/40 VUs, 17599 complete and 0 interrupted iterations
fapi2_logged_in_high_security   [  33% ] 01/40 VUs  09m46.9s/30m0s  30.00 iters/s

running (09m47.9s), 02/40 VUs, 17628 complete and 0 interrupted iterations
fapi2_logged_in_high_security   [  33% ] 02/40 VUs  09m47.9s/30m0s  30.00 iters/s

running (09m48.9s), 01/40 VUs, 17659 complete and 0 interrupted iterations
fapi2_logged_in_high_security   [  33% ] 01/40 VUs  09m48.9s/30m0s  30.00 iters/s

running (09m49.9s), 01/40 VUs, 17689 complete and 0 interrupted iterations
fapi2_logged_in_high_security   [  33% ] 01/40 VUs  09m49.9s/30m0s  30.00 iters/s

running (09m50.9s), 01/40 VUs, 17719 complete and 0 interrupted iterations
fapi2_logged_in_high_security   [  33% ] 01/40 VUs  09m50.9s/30m0s  30.00 iters/s

running (09m51.9s), 05/40 VUs, 17745 complete and 0 interrupted iterations
fapi2_logged_in_high_security   [  33% ] 05/40 VUs  09m51.9s/30m0s  30.00 iters/s

running (09m52.9s), 01/40 VUs, 17779 complete and 0 interrupted iterations
fapi2_logged_in_high_security   [  33% ] 01/40 VUs  09m52.9s/30m0s  30.00 iters/s

running (09m53.9s), 01/40 VUs, 17809 complete and 0 interrupted iterations
fapi2_logged_in_high_security   [  33% ] 01/40 VUs  09m53.9s/30m0s  30.00 iters/s

running (09m54.9s), 02/40 VUs, 17838 complete and 0 interrupted iterations
fapi2_logged_in_high_security   [  33% ] 02/40 VUs  09m54.9s/30m0s  30.00 iters/s

running (09m55.9s), 02/40 VUs, 17868 complete and 0 interrupted iterations
fapi2_logged_in_high_security   [  33% ] 02/40 VUs  09m55.9s/30m0s  30.00 iters/s

running (09m56.9s), 02/40 VUs, 17898 complete and 0 interrupted iterations
fapi2_logged_in_high_security   [  33% ] 02/40 VUs  09m56.9s/30m0s  30.00 iters/s

running (09m57.9s), 01/40 VUs, 17929 complete and 0 interrupted iterations
fapi2_logged_in_high_security   [  33% ] 01/40 VUs  09m57.9s/30m0s  30.00 iters/s

running (09m58.9s), 02/40 VUs, 17958 complete and 0 interrupted iterations
fapi2_logged_in_high_security   [  33% ] 02/40 VUs  09m58.9s/30m0s  30.00 iters/s

running (09m59.9s), 01/40 VUs, 17989 complete and 0 interrupted iterations
fapi2_logged_in_high_security   [  33% ] 01/40 VUs  09m59.9s/30m0s  30.00 iters/s

running (10m00.9s), 01/40 VUs, 18019 complete and 0 interrupted iterations
fapi2_logged_in_high_security   [  33% ] 01/40 VUs  10m00.9s/30m0s  30.00 iters/s

running (10m01.9s), 01/40 VUs, 18049 complete and 0 interrupted iterations
fapi2_logged_in_high_security   [  33% ] 01/40 VUs  10m01.9s/30m0s  30.00 iters/s

running (10m02.9s), 01/40 VUs, 18079 complete and 0 interrupted iterations
fapi2_logged_in_high_security   [  33% ] 01/40 VUs  10m02.9s/30m0s  30.00 iters/s

running (10m03.9s), 01/40 VUs, 18109 complete and 0 interrupted iterations
fapi2_logged_in_high_security   [  34% ] 01/40 VUs  10m03.9s/30m0s  30.00 iters/s

running (10m04.9s), 02/40 VUs, 18138 complete and 0 interrupted iterations
fapi2_logged_in_high_security   [  34% ] 02/40 VUs  10m04.9s/30m0s  30.00 iters/s

running (10m05.9s), 01/40 VUs, 18169 complete and 0 interrupted iterations
fapi2_logged_in_high_security   [  34% ] 01/40 VUs  10m05.9s/30m0s  30.00 iters/s

running (10m06.9s), 01/40 VUs, 18199 complete and 0 interrupted iterations
fapi2_logged_in_high_security   [  34% ] 01/40 VUs  10m06.9s/30m0s  30.00 iters/s

running (10m07.9s), 01/40 VUs, 18229 complete and 0 interrupted iterations
fapi2_logged_in_high_security   [  34% ] 01/40 VUs  10m07.9s/30m0s  30.00 iters/s

running (10m08.9s), 02/40 VUs, 18258 complete and 0 interrupted iterations
fapi2_logged_in_high_security   [  34% ] 02/40 VUs  10m08.9s/30m0s  30.00 iters/s

running (10m09.9s), 01/40 VUs, 18289 complete and 0 interrupted iterations
fapi2_logged_in_high_security   [  34% ] 01/40 VUs  10m09.9s/30m0s  30.00 iters/s

running (10m10.9s), 01/40 VUs, 18319 complete and 0 interrupted iterations
fapi2_logged_in_high_security   [  34% ] 01/40 VUs  10m10.9s/30m0s  30.00 iters/s

running (10m11.9s), 01/40 VUs, 18349 complete and 0 interrupted iterations
fapi2_logged_in_high_security   [  34% ] 01/40 VUs  10m11.9s/30m0s  30.00 iters/s

running (10m12.9s), 01/40 VUs, 18379 complete and 0 interrupted iterations
fapi2_logged_in_high_security   [  34% ] 01/40 VUs  10m12.9s/30m0s  30.00 iters/s

running (10m13.9s), 01/40 VUs, 18409 complete and 0 interrupted iterations
fapi2_logged_in_high_security   [  34% ] 01/40 VUs  10m13.9s/30m0s  30.00 iters/s

running (10m14.9s), 01/40 VUs, 18439 complete and 0 interrupted iterations
fapi2_logged_in_high_security   [  34% ] 01/40 VUs  10m14.9s/30m0s  30.00 iters/s

running (10m15.9s), 01/40 VUs, 18469 complete and 0 interrupted iterations
fapi2_logged_in_high_security   [  34% ] 01/40 VUs  10m15.9s/30m0s  30.00 iters/s

running (10m16.9s), 02/40 VUs, 18498 complete and 0 interrupted iterations
fapi2_logged_in_high_security   [  34% ] 02/40 VUs  10m16.9s/30m0s  30.00 iters/s

running (10m17.9s), 01/40 VUs, 18529 complete and 0 interrupted iterations
fapi2_logged_in_high_security   [  34% ] 01/40 VUs  10m17.9s/30m0s  30.00 iters/s

running (10m18.9s), 01/40 VUs, 18559 complete and 0 interrupted iterations
fapi2_logged_in_high_security   [  34% ] 01/40 VUs  10m18.9s/30m0s  30.00 iters/s

running (10m19.9s), 01/40 VUs, 18589 complete and 0 interrupted iterations
fapi2_logged_in_high_security   [  34% ] 01/40 VUs  10m19.9s/30m0s  30.00 iters/s

running (10m20.9s), 02/40 VUs, 18618 complete and 0 interrupted iterations
fapi2_logged_in_high_security   [  34% ] 02/40 VUs  10m20.9s/30m0s  30.00 iters/s

running (10m21.9s), 02/40 VUs, 18648 complete and 0 interrupted iterations
fapi2_logged_in_high_security   [  35% ] 02/40 VUs  10m21.9s/30m0s  30.00 iters/s

running (10m22.9s), 01/40 VUs, 18679 complete and 0 interrupted iterations
fapi2_logged_in_high_security   [  35% ] 01/40 VUs  10m22.9s/30m0s  30.00 iters/s

running (10m23.9s), 01/40 VUs, 18709 complete and 0 interrupted iterations
fapi2_logged_in_high_security   [  35% ] 01/40 VUs  10m23.9s/30m0s  30.00 iters/s

running (10m24.9s), 01/40 VUs, 18739 complete and 0 interrupted iterations
fapi2_logged_in_high_security   [  35% ] 01/40 VUs  10m24.9s/30m0s  30.00 iters/s

running (10m25.9s), 01/40 VUs, 18769 complete and 0 interrupted iterations
fapi2_logged_in_high_security   [  35% ] 01/40 VUs  10m25.9s/30m0s  30.00 iters/s

running (10m26.9s), 02/40 VUs, 18798 complete and 0 interrupted iterations
fapi2_logged_in_high_security   [  35% ] 02/40 VUs  10m26.9s/30m0s  30.00 iters/s

running (10m27.9s), 01/40 VUs, 18829 complete and 0 interrupted iterations
fapi2_logged_in_high_security   [  35% ] 01/40 VUs  10m27.9s/30m0s  30.00 iters/s

running (10m28.9s), 02/40 VUs, 18858 complete and 0 interrupted iterations
fapi2_logged_in_high_security   [  35% ] 02/40 VUs  10m28.9s/30m0s  30.00 iters/s

running (10m29.9s), 01/40 VUs, 18889 complete and 0 interrupted iterations
fapi2_logged_in_high_security   [  35% ] 01/40 VUs  10m29.9s/30m0s  30.00 iters/s

running (10m30.9s), 01/40 VUs, 18919 complete and 0 interrupted iterations
fapi2_logged_in_high_security   [  35% ] 01/40 VUs  10m30.9s/30m0s  30.00 iters/s

running (10m31.9s), 02/40 VUs, 18948 complete and 0 interrupted iterations
fapi2_logged_in_high_security   [  35% ] 02/40 VUs  10m31.9s/30m0s  30.00 iters/s

running (10m32.9s), 01/40 VUs, 18979 complete and 0 interrupted iterations
fapi2_logged_in_high_security   [  35% ] 01/40 VUs  10m32.9s/30m0s  30.00 iters/s

running (10m33.9s), 02/40 VUs, 19008 complete and 0 interrupted iterations
fapi2_logged_in_high_security   [  35% ] 02/40 VUs  10m33.9s/30m0s  30.00 iters/s

running (10m34.9s), 02/40 VUs, 19038 complete and 0 interrupted iterations
fapi2_logged_in_high_security   [  35% ] 02/40 VUs  10m34.9s/30m0s  30.00 iters/s

running (10m35.9s), 01/40 VUs, 19069 complete and 0 interrupted iterations
fapi2_logged_in_high_security   [  35% ] 01/40 VUs  10m35.9s/30m0s  30.00 iters/s

running (10m36.9s), 02/40 VUs, 19098 complete and 0 interrupted iterations
fapi2_logged_in_high_security   [  35% ] 02/40 VUs  10m36.9s/30m0s  30.00 iters/s

running (10m37.9s), 02/40 VUs, 19128 complete and 0 interrupted iterations
fapi2_logged_in_high_security   [  35% ] 02/40 VUs  10m37.9s/30m0s  30.00 iters/s

running (10m38.9s), 01/40 VUs, 19159 complete and 0 interrupted iterations
fapi2_logged_in_high_security   [  35% ] 01/40 VUs  10m38.9s/30m0s  30.00 iters/s

running (10m39.9s), 02/40 VUs, 19188 complete and 0 interrupted iterations
fapi2_logged_in_high_security   [  36% ] 02/40 VUs  10m39.9s/30m0s  30.00 iters/s

running (10m40.9s), 01/40 VUs, 19219 complete and 0 interrupted iterations
fapi2_logged_in_high_security   [  36% ] 01/40 VUs  10m40.9s/30m0s  30.00 iters/s

running (10m41.9s), 01/40 VUs, 19249 complete and 0 interrupted iterations
fapi2_logged_in_high_security   [  36% ] 01/40 VUs  10m41.9s/30m0s  30.00 iters/s

running (10m42.9s), 01/40 VUs, 19279 complete and 0 interrupted iterations
fapi2_logged_in_high_security   [  36% ] 01/40 VUs  10m42.9s/30m0s  30.00 iters/s

running (10m43.9s), 02/40 VUs, 19308 complete and 0 interrupted iterations
fapi2_logged_in_high_security   [  36% ] 02/40 VUs  10m43.9s/30m0s  30.00 iters/s

running (10m44.9s), 01/40 VUs, 19339 complete and 0 interrupted iterations
fapi2_logged_in_high_security   [  36% ] 01/40 VUs  10m44.9s/30m0s  30.00 iters/s

running (10m45.9s), 01/40 VUs, 19369 complete and 0 interrupted iterations
fapi2_logged_in_high_security   [  36% ] 01/40 VUs  10m45.9s/30m0s  30.00 iters/s

running (10m46.9s), 01/40 VUs, 19399 complete and 0 interrupted iterations
fapi2_logged_in_high_security   [  36% ] 01/40 VUs  10m46.9s/30m0s  30.00 iters/s

running (10m47.9s), 03/40 VUs, 19427 complete and 0 interrupted iterations
fapi2_logged_in_high_security   [  36% ] 03/40 VUs  10m47.9s/30m0s  30.00 iters/s

running (10m48.9s), 01/40 VUs, 19459 complete and 0 interrupted iterations
fapi2_logged_in_high_security   [  36% ] 01/40 VUs  10m48.9s/30m0s  30.00 iters/s

running (10m49.9s), 02/40 VUs, 19488 complete and 0 interrupted iterations
fapi2_logged_in_high_security   [  36% ] 02/40 VUs  10m49.9s/30m0s  30.00 iters/s

running (10m50.9s), 01/40 VUs, 19519 complete and 0 interrupted iterations
fapi2_logged_in_high_security   [  36% ] 01/40 VUs  10m50.9s/30m0s  30.00 iters/s

running (10m51.9s), 01/40 VUs, 19549 complete and 0 interrupted iterations
fapi2_logged_in_high_security   [  36% ] 01/40 VUs  10m51.9s/30m0s  30.00 iters/s

running (10m52.9s), 01/40 VUs, 19579 complete and 0 interrupted iterations
fapi2_logged_in_high_security   [  36% ] 01/40 VUs  10m52.9s/30m0s  30.00 iters/s

running (10m53.9s), 01/40 VUs, 19609 complete and 0 interrupted iterations
fapi2_logged_in_high_security   [  36% ] 01/40 VUs  10m53.9s/30m0s  30.00 iters/s

running (10m54.9s), 02/40 VUs, 19638 complete and 0 interrupted iterations
fapi2_logged_in_high_security   [  36% ] 02/40 VUs  10m54.9s/30m0s  30.00 iters/s

running (10m55.9s), 02/40 VUs, 19668 complete and 0 interrupted iterations
fapi2_logged_in_high_security   [  36% ] 02/40 VUs  10m55.9s/30m0s  30.00 iters/s

running (10m56.9s), 02/40 VUs, 19698 complete and 0 interrupted iterations
fapi2_logged_in_high_security   [  36% ] 02/40 VUs  10m56.9s/30m0s  30.00 iters/s

running (10m57.9s), 01/40 VUs, 19729 complete and 0 interrupted iterations
fapi2_logged_in_high_security   [  37% ] 01/40 VUs  10m57.9s/30m0s  30.00 iters/s

running (10m58.9s), 02/40 VUs, 19758 complete and 0 interrupted iterations
fapi2_logged_in_high_security   [  37% ] 02/40 VUs  10m58.9s/30m0s  30.00 iters/s

running (10m59.9s), 01/40 VUs, 19789 complete and 0 interrupted iterations
fapi2_logged_in_high_security   [  37% ] 01/40 VUs  10m59.9s/30m0s  30.00 iters/s

running (11m00.9s), 01/40 VUs, 19819 complete and 0 interrupted iterations
fapi2_logged_in_high_security   [  37% ] 01/40 VUs  11m00.9s/30m0s  30.00 iters/s

running (11m01.9s), 01/40 VUs, 19849 complete and 0 interrupted iterations
fapi2_logged_in_high_security   [  37% ] 01/40 VUs  11m01.9s/30m0s  30.00 iters/s

running (11m02.9s), 01/40 VUs, 19879 complete and 0 interrupted iterations
fapi2_logged_in_high_security   [  37% ] 01/40 VUs  11m02.9s/30m0s  30.00 iters/s

running (11m03.9s), 02/40 VUs, 19908 complete and 0 interrupted iterations
fapi2_logged_in_high_security   [  37% ] 02/40 VUs  11m03.9s/30m0s  30.00 iters/s

running (11m04.9s), 02/40 VUs, 19938 complete and 0 interrupted iterations
fapi2_logged_in_high_security   [  37% ] 02/40 VUs  11m04.9s/30m0s  30.00 iters/s

running (11m05.9s), 01/40 VUs, 19969 complete and 0 interrupted iterations
fapi2_logged_in_high_security   [  37% ] 01/40 VUs  11m05.9s/30m0s  30.00 iters/s

running (11m06.9s), 01/40 VUs, 19999 complete and 0 interrupted iterations
fapi2_logged_in_high_security   [  37% ] 01/40 VUs  11m06.9s/30m0s  30.00 iters/s

running (11m07.9s), 01/40 VUs, 20029 complete and 0 interrupted iterations
fapi2_logged_in_high_security   [  37% ] 01/40 VUs  11m07.9s/30m0s  30.00 iters/s

running (11m08.9s), 02/40 VUs, 20058 complete and 0 interrupted iterations
fapi2_logged_in_high_security   [  37% ] 02/40 VUs  11m08.9s/30m0s  30.00 iters/s

running (11m09.9s), 01/40 VUs, 20089 complete and 0 interrupted iterations
fapi2_logged_in_high_security   [  37% ] 01/40 VUs  11m09.9s/30m0s  30.00 iters/s

running (11m10.9s), 01/40 VUs, 20119 complete and 0 interrupted iterations
fapi2_logged_in_high_security   [  37% ] 01/40 VUs  11m10.9s/30m0s  30.00 iters/s

running (11m11.9s), 01/40 VUs, 20149 complete and 0 interrupted iterations
fapi2_logged_in_high_security   [  37% ] 01/40 VUs  11m11.9s/30m0s  30.00 iters/s

running (11m12.9s), 01/40 VUs, 20179 complete and 0 interrupted iterations
fapi2_logged_in_high_security   [  37% ] 01/40 VUs  11m12.9s/30m0s  30.00 iters/s

running (11m13.9s), 01/40 VUs, 20209 complete and 0 interrupted iterations
fapi2_logged_in_high_security   [  37% ] 01/40 VUs  11m13.9s/30m0s  30.00 iters/s

running (11m14.9s), 01/40 VUs, 20239 complete and 0 interrupted iterations
fapi2_logged_in_high_security   [  37% ] 01/40 VUs  11m14.9s/30m0s  30.00 iters/s

running (11m15.9s), 02/40 VUs, 20268 complete and 0 interrupted iterations
fapi2_logged_in_high_security   [  38% ] 02/40 VUs  11m15.9s/30m0s  30.00 iters/s

running (11m16.9s), 01/40 VUs, 20299 complete and 0 interrupted iterations
fapi2_logged_in_high_security   [  38% ] 01/40 VUs  11m16.9s/30m0s  30.00 iters/s

running (11m17.9s), 01/40 VUs, 20329 complete and 0 interrupted iterations
fapi2_logged_in_high_security   [  38% ] 01/40 VUs  11m17.9s/30m0s  30.00 iters/s

running (11m18.9s), 01/40 VUs, 20359 complete and 0 interrupted iterations
fapi2_logged_in_high_security   [  38% ] 01/40 VUs  11m18.9s/30m0s  30.00 iters/s

running (11m19.9s), 01/40 VUs, 20389 complete and 0 interrupted iterations
fapi2_logged_in_high_security   [  38% ] 01/40 VUs  11m19.9s/30m0s  30.00 iters/s

running (11m20.9s), 01/40 VUs, 20419 complete and 0 interrupted iterations
fapi2_logged_in_high_security   [  38% ] 01/40 VUs  11m20.9s/30m0s  30.00 iters/s

running (11m21.9s), 01/40 VUs, 20449 complete and 0 interrupted iterations
fapi2_logged_in_high_security   [  38% ] 01/40 VUs  11m21.9s/30m0s  30.00 iters/s

running (11m22.9s), 01/40 VUs, 20479 complete and 0 interrupted iterations
fapi2_logged_in_high_security   [  38% ] 01/40 VUs  11m22.9s/30m0s  30.00 iters/s

running (11m23.9s), 01/40 VUs, 20509 complete and 0 interrupted iterations
fapi2_logged_in_high_security   [  38% ] 01/40 VUs  11m23.9s/30m0s  30.00 iters/s

running (11m24.9s), 02/40 VUs, 20538 complete and 0 interrupted iterations
fapi2_logged_in_high_security   [  38% ] 02/40 VUs  11m24.9s/30m0s  30.00 iters/s

running (11m25.9s), 01/40 VUs, 20569 complete and 0 interrupted iterations
fapi2_logged_in_high_security   [  38% ] 01/40 VUs  11m25.9s/30m0s  30.00 iters/s

running (11m26.9s), 01/40 VUs, 20599 complete and 0 interrupted iterations
fapi2_logged_in_high_security   [  38% ] 01/40 VUs  11m26.9s/30m0s  30.00 iters/s

running (11m27.9s), 01/40 VUs, 20629 complete and 0 interrupted iterations
fapi2_logged_in_high_security   [  38% ] 01/40 VUs  11m27.9s/30m0s  30.00 iters/s

running (11m28.9s), 02/40 VUs, 20658 complete and 0 interrupted iterations
fapi2_logged_in_high_security   [  38% ] 02/40 VUs  11m28.9s/30m0s  30.00 iters/s

running (11m29.9s), 01/40 VUs, 20689 complete and 0 interrupted iterations
fapi2_logged_in_high_security   [  38% ] 01/40 VUs  11m29.9s/30m0s  30.00 iters/s

running (11m30.9s), 01/40 VUs, 20719 complete and 0 interrupted iterations
fapi2_logged_in_high_security   [  38% ] 01/40 VUs  11m30.9s/30m0s  30.00 iters/s

running (11m31.9s), 01/40 VUs, 20749 complete and 0 interrupted iterations
fapi2_logged_in_high_security   [  38% ] 01/40 VUs  11m31.9s/30m0s  30.00 iters/s

running (11m32.9s), 02/40 VUs, 20778 complete and 0 interrupted iterations
fapi2_logged_in_high_security   [  38% ] 02/40 VUs  11m32.9s/30m0s  30.00 iters/s

running (11m33.9s), 01/40 VUs, 20809 complete and 0 interrupted iterations
fapi2_logged_in_high_security   [  39% ] 01/40 VUs  11m33.9s/30m0s  30.00 iters/s

running (11m34.9s), 01/40 VUs, 20839 complete and 0 interrupted iterations
fapi2_logged_in_high_security   [  39% ] 01/40 VUs  11m34.9s/30m0s  30.00 iters/s

running (11m35.9s), 01/40 VUs, 20869 complete and 0 interrupted iterations
fapi2_logged_in_high_security   [  39% ] 01/40 VUs  11m35.9s/30m0s  30.00 iters/s

running (11m36.9s), 01/40 VUs, 20899 complete and 0 interrupted iterations
fapi2_logged_in_high_security   [  39% ] 01/40 VUs  11m36.9s/30m0s  30.00 iters/s

running (11m37.9s), 01/40 VUs, 20929 complete and 0 interrupted iterations
fapi2_logged_in_high_security   [  39% ] 01/40 VUs  11m37.9s/30m0s  30.00 iters/s

running (11m38.9s), 02/40 VUs, 20958 complete and 0 interrupted iterations
fapi2_logged_in_high_security   [  39% ] 02/40 VUs  11m38.9s/30m0s  30.00 iters/s

running (11m39.9s), 01/40 VUs, 20989 complete and 0 interrupted iterations
fapi2_logged_in_high_security   [  39% ] 01/40 VUs  11m39.9s/30m0s  30.00 iters/s

running (11m40.9s), 02/40 VUs, 21018 complete and 0 interrupted iterations
fapi2_logged_in_high_security   [  39% ] 02/40 VUs  11m40.9s/30m0s  30.00 iters/s

running (11m41.9s), 01/40 VUs, 21049 complete and 0 interrupted iterations
fapi2_logged_in_high_security   [  39% ] 01/40 VUs  11m41.9s/30m0s  30.00 iters/s

running (11m42.9s), 02/40 VUs, 21078 complete and 0 interrupted iterations
fapi2_logged_in_high_security   [  39% ] 02/40 VUs  11m42.9s/30m0s  30.00 iters/s

running (11m43.9s), 02/40 VUs, 21108 complete and 0 interrupted iterations
fapi2_logged_in_high_security   [  39% ] 02/40 VUs  11m43.9s/30m0s  30.00 iters/s

running (11m44.9s), 02/40 VUs, 21138 complete and 0 interrupted iterations
fapi2_logged_in_high_security   [  39% ] 02/40 VUs  11m44.9s/30m0s  30.00 iters/s

running (11m45.9s), 01/40 VUs, 21169 complete and 0 interrupted iterations
fapi2_logged_in_high_security   [  39% ] 01/40 VUs  11m45.9s/30m0s  30.00 iters/s

running (11m46.9s), 02/40 VUs, 21198 complete and 0 interrupted iterations
fapi2_logged_in_high_security   [  39% ] 02/40 VUs  11m46.9s/30m0s  30.00 iters/s

running (11m47.9s), 01/40 VUs, 21229 complete and 0 interrupted iterations
fapi2_logged_in_high_security   [  39% ] 01/40 VUs  11m47.9s/30m0s  30.00 iters/s

running (11m48.9s), 01/40 VUs, 21259 complete and 0 interrupted iterations
fapi2_logged_in_high_security   [  39% ] 01/40 VUs  11m48.9s/30m0s  30.00 iters/s

running (11m49.9s), 02/40 VUs, 21288 complete and 0 interrupted iterations
fapi2_logged_in_high_security   [  39% ] 02/40 VUs  11m49.9s/30m0s  30.00 iters/s

running (11m50.9s), 02/40 VUs, 21318 complete and 0 interrupted iterations
fapi2_logged_in_high_security   [  39% ] 02/40 VUs  11m50.9s/30m0s  30.00 iters/s

running (11m51.9s), 01/40 VUs, 21349 complete and 0 interrupted iterations
fapi2_logged_in_high_security   [  40% ] 01/40 VUs  11m51.9s/30m0s  30.00 iters/s

running (11m52.9s), 02/40 VUs, 21378 complete and 0 interrupted iterations
fapi2_logged_in_high_security   [  40% ] 02/40 VUs  11m52.9s/30m0s  30.00 iters/s

running (11m53.9s), 01/40 VUs, 21409 complete and 0 interrupted iterations
fapi2_logged_in_high_security   [  40% ] 01/40 VUs  11m53.9s/30m0s  30.00 iters/s

running (11m54.9s), 01/40 VUs, 21439 complete and 0 interrupted iterations
fapi2_logged_in_high_security   [  40% ] 01/40 VUs  11m54.9s/30m0s  30.00 iters/s

running (11m55.9s), 01/40 VUs, 21469 complete and 0 interrupted iterations
fapi2_logged_in_high_security   [  40% ] 01/40 VUs  11m55.9s/30m0s  30.00 iters/s

running (11m56.9s), 01/40 VUs, 21499 complete and 0 interrupted iterations
fapi2_logged_in_high_security   [  40% ] 01/40 VUs  11m56.9s/30m0s  30.00 iters/s

running (11m57.9s), 01/40 VUs, 21529 complete and 0 interrupted iterations
fapi2_logged_in_high_security   [  40% ] 01/40 VUs  11m57.9s/30m0s  30.00 iters/s

running (11m58.9s), 01/40 VUs, 21559 complete and 0 interrupted iterations
fapi2_logged_in_high_security   [  40% ] 01/40 VUs  11m58.9s/30m0s  30.00 iters/s

running (11m59.9s), 02/40 VUs, 21588 complete and 0 interrupted iterations
fapi2_logged_in_high_security   [  40% ] 02/40 VUs  11m59.9s/30m0s  30.00 iters/s

running (12m00.9s), 01/40 VUs, 21619 complete and 0 interrupted iterations
fapi2_logged_in_high_security   [  40% ] 01/40 VUs  12m00.9s/30m0s  30.00 iters/s

running (12m01.9s), 01/40 VUs, 21649 complete and 0 interrupted iterations
fapi2_logged_in_high_security   [  40% ] 01/40 VUs  12m01.9s/30m0s  30.00 iters/s

running (12m02.9s), 01/40 VUs, 21679 complete and 0 interrupted iterations
fapi2_logged_in_high_security   [  40% ] 01/40 VUs  12m02.9s/30m0s  30.00 iters/s

running (12m03.9s), 01/40 VUs, 21709 complete and 0 interrupted iterations
fapi2_logged_in_high_security   [  40% ] 01/40 VUs  12m03.9s/30m0s  30.00 iters/s

running (12m04.9s), 02/40 VUs, 21738 complete and 0 interrupted iterations
fapi2_logged_in_high_security   [  40% ] 02/40 VUs  12m04.9s/30m0s  30.00 iters/s

running (12m05.9s), 01/40 VUs, 21769 complete and 0 interrupted iterations
fapi2_logged_in_high_security   [  40% ] 01/40 VUs  12m05.9s/30m0s  30.00 iters/s

running (12m06.9s), 02/40 VUs, 21798 complete and 0 interrupted iterations
fapi2_logged_in_high_security   [  40% ] 02/40 VUs  12m06.9s/30m0s  30.00 iters/s

running (12m07.9s), 01/40 VUs, 21829 complete and 0 interrupted iterations
fapi2_logged_in_high_security   [  40% ] 01/40 VUs  12m07.9s/30m0s  30.00 iters/s

running (12m08.9s), 01/40 VUs, 21859 complete and 0 interrupted iterations
fapi2_logged_in_high_security   [  40% ] 01/40 VUs  12m08.9s/30m0s  30.00 iters/s

running (12m09.9s), 01/40 VUs, 21889 complete and 0 interrupted iterations
fapi2_logged_in_high_security   [  41% ] 01/40 VUs  12m09.9s/30m0s  30.00 iters/s

running (12m10.9s), 01/40 VUs, 21919 complete and 0 interrupted iterations
fapi2_logged_in_high_security   [  41% ] 01/40 VUs  12m10.9s/30m0s  30.00 iters/s

running (12m11.9s), 01/40 VUs, 21949 complete and 0 interrupted iterations
fapi2_logged_in_high_security   [  41% ] 01/40 VUs  12m11.9s/30m0s  30.00 iters/s

running (12m12.9s), 01/40 VUs, 21979 complete and 0 interrupted iterations
fapi2_logged_in_high_security   [  41% ] 01/40 VUs  12m12.9s/30m0s  30.00 iters/s

running (12m13.9s), 01/40 VUs, 22009 complete and 0 interrupted iterations
fapi2_logged_in_high_security   [  41% ] 01/40 VUs  12m13.9s/30m0s  30.00 iters/s

running (12m14.9s), 01/40 VUs, 22039 complete and 0 interrupted iterations
fapi2_logged_in_high_security   [  41% ] 01/40 VUs  12m14.9s/30m0s  30.00 iters/s

running (12m15.9s), 01/40 VUs, 22069 complete and 0 interrupted iterations
fapi2_logged_in_high_security   [  41% ] 01/40 VUs  12m15.9s/30m0s  30.00 iters/s

running (12m16.9s), 04/40 VUs, 22096 complete and 0 interrupted iterations
fapi2_logged_in_high_security   [  41% ] 04/40 VUs  12m16.9s/30m0s  30.00 iters/s

running (12m17.9s), 01/40 VUs, 22129 complete and 0 interrupted iterations
fapi2_logged_in_high_security   [  41% ] 01/40 VUs  12m17.9s/30m0s  30.00 iters/s

running (12m18.9s), 01/40 VUs, 22159 complete and 0 interrupted iterations
fapi2_logged_in_high_security   [  41% ] 01/40 VUs  12m18.9s/30m0s  30.00 iters/s

running (12m19.9s), 01/40 VUs, 22189 complete and 0 interrupted iterations
fapi2_logged_in_high_security   [  41% ] 01/40 VUs  12m19.9s/30m0s  30.00 iters/s

running (12m20.9s), 01/40 VUs, 22219 complete and 0 interrupted iterations
fapi2_logged_in_high_security   [  41% ] 01/40 VUs  12m20.9s/30m0s  30.00 iters/s

running (12m21.9s), 01/40 VUs, 22249 complete and 0 interrupted iterations
fapi2_logged_in_high_security   [  41% ] 01/40 VUs  12m21.9s/30m0s  30.00 iters/s

running (12m22.9s), 01/40 VUs, 22279 complete and 0 interrupted iterations
fapi2_logged_in_high_security   [  41% ] 01/40 VUs  12m22.9s/30m0s  30.00 iters/s

running (12m23.9s), 02/40 VUs, 22308 complete and 0 interrupted iterations
fapi2_logged_in_high_security   [  41% ] 02/40 VUs  12m23.9s/30m0s  30.00 iters/s

running (12m24.9s), 01/40 VUs, 22339 complete and 0 interrupted iterations
fapi2_logged_in_high_security   [  41% ] 01/40 VUs  12m24.9s/30m0s  30.00 iters/s

running (12m25.9s), 02/40 VUs, 22368 complete and 0 interrupted iterations
fapi2_logged_in_high_security   [  41% ] 02/40 VUs  12m25.9s/30m0s  30.00 iters/s

running (12m26.9s), 02/40 VUs, 22398 complete and 0 interrupted iterations
fapi2_logged_in_high_security   [  41% ] 02/40 VUs  12m26.9s/30m0s  30.00 iters/s

running (12m27.9s), 01/40 VUs, 22429 complete and 0 interrupted iterations
fapi2_logged_in_high_security   [  42% ] 01/40 VUs  12m27.9s/30m0s  30.00 iters/s

running (12m28.9s), 02/40 VUs, 22458 complete and 0 interrupted iterations
fapi2_logged_in_high_security   [  42% ] 02/40 VUs  12m28.9s/30m0s  30.00 iters/s

running (12m29.9s), 01/40 VUs, 22489 complete and 0 interrupted iterations
fapi2_logged_in_high_security   [  42% ] 01/40 VUs  12m29.9s/30m0s  30.00 iters/s

running (12m30.9s), 01/40 VUs, 22519 complete and 0 interrupted iterations
fapi2_logged_in_high_security   [  42% ] 01/40 VUs  12m30.9s/30m0s  30.00 iters/s

running (12m31.9s), 01/40 VUs, 22549 complete and 0 interrupted iterations
fapi2_logged_in_high_security   [  42% ] 01/40 VUs  12m31.9s/30m0s  30.00 iters/s

running (12m32.9s), 01/40 VUs, 22579 complete and 0 interrupted iterations
fapi2_logged_in_high_security   [  42% ] 01/40 VUs  12m32.9s/30m0s  30.00 iters/s

running (12m33.9s), 02/40 VUs, 22608 complete and 0 interrupted iterations
fapi2_logged_in_high_security   [  42% ] 02/40 VUs  12m33.9s/30m0s  30.00 iters/s

running (12m34.9s), 01/40 VUs, 22639 complete and 0 interrupted iterations
fapi2_logged_in_high_security   [  42% ] 01/40 VUs  12m34.9s/30m0s  30.00 iters/s

running (12m35.9s), 02/40 VUs, 22668 complete and 0 interrupted iterations
fapi2_logged_in_high_security   [  42% ] 02/40 VUs  12m35.9s/30m0s  30.00 iters/s

running (12m36.9s), 01/40 VUs, 22699 complete and 0 interrupted iterations
fapi2_logged_in_high_security   [  42% ] 01/40 VUs  12m36.9s/30m0s  30.00 iters/s

running (12m37.9s), 01/40 VUs, 22729 complete and 0 interrupted iterations
fapi2_logged_in_high_security   [  42% ] 01/40 VUs  12m37.9s/30m0s  30.00 iters/s

running (12m38.9s), 02/40 VUs, 22758 complete and 0 interrupted iterations
fapi2_logged_in_high_security   [  42% ] 02/40 VUs  12m38.9s/30m0s  30.00 iters/s

running (12m39.9s), 08/40 VUs, 22782 complete and 0 interrupted iterations
fapi2_logged_in_high_security   [  42% ] 08/40 VUs  12m39.9s/30m0s  30.00 iters/s

running (12m40.9s), 02/40 VUs, 22818 complete and 0 interrupted iterations
fapi2_logged_in_high_security   [  42% ] 02/40 VUs  12m40.9s/30m0s  30.00 iters/s

running (12m41.9s), 03/40 VUs, 22847 complete and 0 interrupted iterations
fapi2_logged_in_high_security   [  42% ] 03/40 VUs  12m41.9s/30m0s  30.00 iters/s

running (12m42.9s), 02/40 VUs, 22878 complete and 0 interrupted iterations
fapi2_logged_in_high_security   [  42% ] 02/40 VUs  12m42.9s/30m0s  30.00 iters/s

running (12m43.9s), 01/40 VUs, 22909 complete and 0 interrupted iterations
fapi2_logged_in_high_security   [  42% ] 01/40 VUs  12m43.9s/30m0s  30.00 iters/s

running (12m44.9s), 01/40 VUs, 22939 complete and 0 interrupted iterations
fapi2_logged_in_high_security   [  42% ] 01/40 VUs  12m44.9s/30m0s  30.00 iters/s

running (12m45.9s), 02/40 VUs, 22968 complete and 0 interrupted iterations
fapi2_logged_in_high_security   [  43% ] 02/40 VUs  12m45.9s/30m0s  30.00 iters/s

running (12m46.9s), 01/40 VUs, 22999 complete and 0 interrupted iterations
fapi2_logged_in_high_security   [  43% ] 01/40 VUs  12m46.9s/30m0s  30.00 iters/s

running (12m47.9s), 02/40 VUs, 23028 complete and 0 interrupted iterations
fapi2_logged_in_high_security   [  43% ] 02/40 VUs  12m47.9s/30m0s  30.00 iters/s

running (12m48.9s), 01/40 VUs, 23059 complete and 0 interrupted iterations
fapi2_logged_in_high_security   [  43% ] 01/40 VUs  12m48.9s/30m0s  30.00 iters/s

running (12m49.9s), 01/40 VUs, 23089 complete and 0 interrupted iterations
fapi2_logged_in_high_security   [  43% ] 01/40 VUs  12m49.9s/30m0s  30.00 iters/s

running (12m50.9s), 02/40 VUs, 23118 complete and 0 interrupted iterations
fapi2_logged_in_high_security   [  43% ] 02/40 VUs  12m50.9s/30m0s  30.00 iters/s

running (12m51.9s), 01/40 VUs, 23149 complete and 0 interrupted iterations
fapi2_logged_in_high_security   [  43% ] 01/40 VUs  12m51.9s/30m0s  30.00 iters/s

running (12m52.9s), 02/40 VUs, 23178 complete and 0 interrupted iterations
fapi2_logged_in_high_security   [  43% ] 02/40 VUs  12m52.9s/30m0s  30.00 iters/s

running (12m53.9s), 02/40 VUs, 23208 complete and 0 interrupted iterations
fapi2_logged_in_high_security   [  43% ] 02/40 VUs  12m53.9s/30m0s  30.00 iters/s

running (12m54.9s), 02/40 VUs, 23238 complete and 0 interrupted iterations
fapi2_logged_in_high_security   [  43% ] 02/40 VUs  12m54.9s/30m0s  30.00 iters/s

running (12m55.9s), 01/40 VUs, 23269 complete and 0 interrupted iterations
fapi2_logged_in_high_security   [  43% ] 01/40 VUs  12m55.9s/30m0s  30.00 iters/s

running (12m56.9s), 01/40 VUs, 23299 complete and 0 interrupted iterations
fapi2_logged_in_high_security   [  43% ] 01/40 VUs  12m56.9s/30m0s  30.00 iters/s

running (12m57.9s), 01/40 VUs, 23329 complete and 0 interrupted iterations
fapi2_logged_in_high_security   [  43% ] 01/40 VUs  12m57.9s/30m0s  30.00 iters/s

running (12m58.9s), 02/40 VUs, 23358 complete and 0 interrupted iterations
fapi2_logged_in_high_security   [  43% ] 02/40 VUs  12m58.9s/30m0s  30.00 iters/s

running (12m59.9s), 01/40 VUs, 23389 complete and 0 interrupted iterations
fapi2_logged_in_high_security   [  43% ] 01/40 VUs  12m59.9s/30m0s  30.00 iters/s

running (13m00.9s), 02/40 VUs, 23418 complete and 0 interrupted iterations
fapi2_logged_in_high_security   [  43% ] 02/40 VUs  13m00.9s/30m0s  30.00 iters/s

running (13m01.9s), 01/40 VUs, 23449 complete and 0 interrupted iterations
fapi2_logged_in_high_security   [  43% ] 01/40 VUs  13m01.9s/30m0s  30.00 iters/s

running (13m02.9s), 01/40 VUs, 23479 complete and 0 interrupted iterations
fapi2_logged_in_high_security   [  43% ] 01/40 VUs  13m02.9s/30m0s  30.00 iters/s

running (13m03.9s), 01/40 VUs, 23509 complete and 0 interrupted iterations
fapi2_logged_in_high_security   [  44% ] 01/40 VUs  13m03.9s/30m0s  30.00 iters/s

running (13m04.9s), 02/40 VUs, 23538 complete and 0 interrupted iterations
fapi2_logged_in_high_security   [  44% ] 02/40 VUs  13m04.9s/30m0s  30.00 iters/s

running (13m05.9s), 02/40 VUs, 23568 complete and 0 interrupted iterations
fapi2_logged_in_high_security   [  44% ] 02/40 VUs  13m05.9s/30m0s  30.00 iters/s

running (13m06.9s), 01/40 VUs, 23599 complete and 0 interrupted iterations
fapi2_logged_in_high_security   [  44% ] 01/40 VUs  13m06.9s/30m0s  30.00 iters/s

running (13m07.9s), 02/40 VUs, 23628 complete and 0 interrupted iterations
fapi2_logged_in_high_security   [  44% ] 02/40 VUs  13m07.9s/30m0s  30.00 iters/s

running (13m08.9s), 01/40 VUs, 23659 complete and 0 interrupted iterations
fapi2_logged_in_high_security   [  44% ] 01/40 VUs  13m08.9s/30m0s  30.00 iters/s

running (13m09.9s), 02/40 VUs, 23688 complete and 0 interrupted iterations
fapi2_logged_in_high_security   [  44% ] 02/40 VUs  13m09.9s/30m0s  30.00 iters/s

running (13m10.9s), 01/40 VUs, 23719 complete and 0 interrupted iterations
fapi2_logged_in_high_security   [  44% ] 01/40 VUs  13m10.9s/30m0s  30.00 iters/s

running (13m11.9s), 01/40 VUs, 23749 complete and 0 interrupted iterations
fapi2_logged_in_high_security   [  44% ] 01/40 VUs  13m11.9s/30m0s  30.00 iters/s

running (13m12.9s), 03/40 VUs, 23777 complete and 0 interrupted iterations
fapi2_logged_in_high_security   [  44% ] 03/40 VUs  13m12.9s/30m0s  30.00 iters/s

running (13m13.9s), 01/40 VUs, 23809 complete and 0 interrupted iterations
fapi2_logged_in_high_security   [  44% ] 01/40 VUs  13m13.9s/30m0s  30.00 iters/s

running (13m14.9s), 01/40 VUs, 23839 complete and 0 interrupted iterations
fapi2_logged_in_high_security   [  44% ] 01/40 VUs  13m14.9s/30m0s  30.00 iters/s

running (13m15.9s), 01/40 VUs, 23869 complete and 0 interrupted iterations
fapi2_logged_in_high_security   [  44% ] 01/40 VUs  13m15.9s/30m0s  30.00 iters/s

running (13m16.9s), 02/40 VUs, 23898 complete and 0 interrupted iterations
fapi2_logged_in_high_security   [  44% ] 02/40 VUs  13m16.9s/30m0s  30.00 iters/s

running (13m17.9s), 01/40 VUs, 23929 complete and 0 interrupted iterations
fapi2_logged_in_high_security   [  44% ] 01/40 VUs  13m17.9s/30m0s  30.00 iters/s

running (13m18.9s), 02/40 VUs, 23958 complete and 0 interrupted iterations
fapi2_logged_in_high_security   [  44% ] 02/40 VUs  13m18.9s/30m0s  30.00 iters/s

running (13m19.9s), 01/40 VUs, 23989 complete and 0 interrupted iterations
fapi2_logged_in_high_security   [  44% ] 01/40 VUs  13m19.9s/30m0s  30.00 iters/s

running (13m20.9s), 02/40 VUs, 24018 complete and 0 interrupted iterations
fapi2_logged_in_high_security   [  44% ] 02/40 VUs  13m20.9s/30m0s  30.00 iters/s

running (13m21.9s), 01/40 VUs, 24049 complete and 0 interrupted iterations
fapi2_logged_in_high_security   [  45% ] 01/40 VUs  13m21.9s/30m0s  30.00 iters/s

running (13m22.9s), 01/40 VUs, 24079 complete and 0 interrupted iterations
fapi2_logged_in_high_security   [  45% ] 01/40 VUs  13m22.9s/30m0s  30.00 iters/s

running (13m23.9s), 01/40 VUs, 24109 complete and 0 interrupted iterations
fapi2_logged_in_high_security   [  45% ] 01/40 VUs  13m23.9s/30m0s  30.00 iters/s

running (13m24.9s), 03/40 VUs, 24137 complete and 0 interrupted iterations
fapi2_logged_in_high_security   [  45% ] 03/40 VUs  13m24.9s/30m0s  30.00 iters/s

running (13m25.9s), 02/40 VUs, 24168 complete and 0 interrupted iterations
fapi2_logged_in_high_security   [  45% ] 02/40 VUs  13m25.9s/30m0s  30.00 iters/s

running (13m26.9s), 02/40 VUs, 24198 complete and 0 interrupted iterations
fapi2_logged_in_high_security   [  45% ] 02/40 VUs  13m26.9s/30m0s  30.00 iters/s

running (13m27.9s), 01/40 VUs, 24229 complete and 0 interrupted iterations
fapi2_logged_in_high_security   [  45% ] 01/40 VUs  13m27.9s/30m0s  30.00 iters/s

running (13m28.9s), 02/40 VUs, 24258 complete and 0 interrupted iterations
fapi2_logged_in_high_security   [  45% ] 02/40 VUs  13m28.9s/30m0s  30.00 iters/s

running (13m29.9s), 01/40 VUs, 24289 complete and 0 interrupted iterations
fapi2_logged_in_high_security   [  45% ] 01/40 VUs  13m29.9s/30m0s  30.00 iters/s

running (13m30.9s), 02/40 VUs, 24318 complete and 0 interrupted iterations
fapi2_logged_in_high_security   [  45% ] 02/40 VUs  13m30.9s/30m0s  30.00 iters/s

running (13m31.9s), 01/40 VUs, 24349 complete and 0 interrupted iterations
fapi2_logged_in_high_security   [  45% ] 01/40 VUs  13m31.9s/30m0s  30.00 iters/s

running (13m32.9s), 02/40 VUs, 24378 complete and 0 interrupted iterations
fapi2_logged_in_high_security   [  45% ] 02/40 VUs  13m32.9s/30m0s  30.00 iters/s

running (13m33.9s), 01/40 VUs, 24409 complete and 0 interrupted iterations
fapi2_logged_in_high_security   [  45% ] 01/40 VUs  13m33.9s/30m0s  30.00 iters/s

running (13m34.9s), 02/40 VUs, 24438 complete and 0 interrupted iterations
fapi2_logged_in_high_security   [  45% ] 02/40 VUs  13m34.9s/30m0s  30.00 iters/s

running (13m35.9s), 01/40 VUs, 24469 complete and 0 interrupted iterations
fapi2_logged_in_high_security   [  45% ] 01/40 VUs  13m35.9s/30m0s  30.00 iters/s

running (13m36.9s), 07/40 VUs, 24493 complete and 0 interrupted iterations
fapi2_logged_in_high_security   [  45% ] 07/40 VUs  13m36.9s/30m0s  30.00 iters/s

running (13m37.9s), 02/40 VUs, 24528 complete and 0 interrupted iterations
fapi2_logged_in_high_security   [  45% ] 02/40 VUs  13m37.9s/30m0s  30.00 iters/s

running (13m38.9s), 02/40 VUs, 24558 complete and 0 interrupted iterations
fapi2_logged_in_high_security   [  45% ] 02/40 VUs  13m38.9s/30m0s  30.00 iters/s

running (13m39.9s), 02/40 VUs, 24588 complete and 0 interrupted iterations
fapi2_logged_in_high_security   [  46% ] 02/40 VUs  13m39.9s/30m0s  30.00 iters/s

running (13m40.9s), 01/40 VUs, 24619 complete and 0 interrupted iterations
fapi2_logged_in_high_security   [  46% ] 01/40 VUs  13m40.9s/30m0s  30.00 iters/s

running (13m41.9s), 02/40 VUs, 24648 complete and 0 interrupted iterations
fapi2_logged_in_high_security   [  46% ] 02/40 VUs  13m41.9s/30m0s  30.00 iters/s

running (13m42.9s), 02/40 VUs, 24678 complete and 0 interrupted iterations
fapi2_logged_in_high_security   [  46% ] 02/40 VUs  13m42.9s/30m0s  30.00 iters/s

running (13m43.9s), 02/40 VUs, 24708 complete and 0 interrupted iterations
fapi2_logged_in_high_security   [  46% ] 02/40 VUs  13m43.9s/30m0s  30.00 iters/s

running (13m44.9s), 01/40 VUs, 24739 complete and 0 interrupted iterations
fapi2_logged_in_high_security   [  46% ] 01/40 VUs  13m44.9s/30m0s  30.00 iters/s

running (13m45.9s), 02/40 VUs, 24768 complete and 0 interrupted iterations
fapi2_logged_in_high_security   [  46% ] 02/40 VUs  13m45.9s/30m0s  30.00 iters/s

running (13m46.9s), 02/40 VUs, 24798 complete and 0 interrupted iterations
fapi2_logged_in_high_security   [  46% ] 02/40 VUs  13m46.9s/30m0s  30.00 iters/s

running (13m47.9s), 01/40 VUs, 24829 complete and 0 interrupted iterations
fapi2_logged_in_high_security   [  46% ] 01/40 VUs  13m47.9s/30m0s  30.00 iters/s

running (13m48.9s), 01/40 VUs, 24859 complete and 0 interrupted iterations
fapi2_logged_in_high_security   [  46% ] 01/40 VUs  13m48.9s/30m0s  30.00 iters/s

running (13m49.9s), 02/40 VUs, 24888 complete and 0 interrupted iterations
fapi2_logged_in_high_security   [  46% ] 02/40 VUs  13m49.9s/30m0s  30.00 iters/s

running (13m50.9s), 02/40 VUs, 24918 complete and 0 interrupted iterations
fapi2_logged_in_high_security   [  46% ] 02/40 VUs  13m50.9s/30m0s  30.00 iters/s

running (13m51.9s), 01/40 VUs, 24949 complete and 0 interrupted iterations
fapi2_logged_in_high_security   [  46% ] 01/40 VUs  13m51.9s/30m0s  30.00 iters/s

running (13m52.9s), 01/40 VUs, 24979 complete and 0 interrupted iterations
fapi2_logged_in_high_security   [  46% ] 01/40 VUs  13m52.9s/30m0s  30.00 iters/s

running (13m53.9s), 02/40 VUs, 25008 complete and 0 interrupted iterations
fapi2_logged_in_high_security   [  46% ] 02/40 VUs  13m53.9s/30m0s  30.00 iters/s

running (13m54.9s), 01/40 VUs, 25039 complete and 0 interrupted iterations
fapi2_logged_in_high_security   [  46% ] 01/40 VUs  13m54.9s/30m0s  30.00 iters/s

running (13m55.9s), 01/40 VUs, 25069 complete and 0 interrupted iterations
fapi2_logged_in_high_security   [  46% ] 01/40 VUs  13m55.9s/30m0s  30.00 iters/s

running (13m56.9s), 02/40 VUs, 25098 complete and 0 interrupted iterations
fapi2_logged_in_high_security   [  46% ] 02/40 VUs  13m56.9s/30m0s  30.00 iters/s

running (13m57.9s), 03/40 VUs, 25127 complete and 0 interrupted iterations
fapi2_logged_in_high_security   [  47% ] 03/40 VUs  13m57.9s/30m0s  30.00 iters/s

running (13m58.9s), 02/40 VUs, 25158 complete and 0 interrupted iterations
fapi2_logged_in_high_security   [  47% ] 02/40 VUs  13m58.9s/30m0s  30.00 iters/s

running (13m59.9s), 02/40 VUs, 25188 complete and 0 interrupted iterations
fapi2_logged_in_high_security   [  47% ] 02/40 VUs  13m59.9s/30m0s  30.00 iters/s

running (14m00.9s), 01/40 VUs, 25219 complete and 0 interrupted iterations
fapi2_logged_in_high_security   [  47% ] 01/40 VUs  14m00.9s/30m0s  30.00 iters/s

running (14m01.9s), 01/40 VUs, 25249 complete and 0 interrupted iterations
fapi2_logged_in_high_security   [  47% ] 01/40 VUs  14m01.9s/30m0s  30.00 iters/s

running (14m02.9s), 02/40 VUs, 25278 complete and 0 interrupted iterations
fapi2_logged_in_high_security   [  47% ] 02/40 VUs  14m02.9s/30m0s  30.00 iters/s

running (14m03.9s), 02/40 VUs, 25308 complete and 0 interrupted iterations
fapi2_logged_in_high_security   [  47% ] 02/40 VUs  14m03.9s/30m0s  30.00 iters/s

running (14m04.9s), 01/40 VUs, 25339 complete and 0 interrupted iterations
fapi2_logged_in_high_security   [  47% ] 01/40 VUs  14m04.9s/30m0s  30.00 iters/s

running (14m05.9s), 01/40 VUs, 25369 complete and 0 interrupted iterations
fapi2_logged_in_high_security   [  47% ] 01/40 VUs  14m05.9s/30m0s  30.00 iters/s

running (14m06.9s), 01/40 VUs, 25399 complete and 0 interrupted iterations
fapi2_logged_in_high_security   [  47% ] 01/40 VUs  14m06.9s/30m0s  30.00 iters/s

running (14m07.9s), 02/40 VUs, 25428 complete and 0 interrupted iterations
fapi2_logged_in_high_security   [  47% ] 02/40 VUs  14m07.9s/30m0s  30.00 iters/s

running (14m08.9s), 02/40 VUs, 25458 complete and 0 interrupted iterations
fapi2_logged_in_high_security   [  47% ] 02/40 VUs  14m08.9s/30m0s  30.00 iters/s

running (14m09.9s), 01/40 VUs, 25489 complete and 0 interrupted iterations
fapi2_logged_in_high_security   [  47% ] 01/40 VUs  14m09.9s/30m0s  30.00 iters/s

running (14m10.9s), 02/40 VUs, 25518 complete and 0 interrupted iterations
fapi2_logged_in_high_security   [  47% ] 02/40 VUs  14m10.9s/30m0s  30.00 iters/s

running (14m11.9s), 02/40 VUs, 25548 complete and 0 interrupted iterations
fapi2_logged_in_high_security   [  47% ] 02/40 VUs  14m11.9s/30m0s  30.00 iters/s

running (14m12.9s), 02/40 VUs, 25578 complete and 0 interrupted iterations
fapi2_logged_in_high_security   [  47% ] 02/40 VUs  14m12.9s/30m0s  30.00 iters/s

running (14m13.9s), 01/40 VUs, 25609 complete and 0 interrupted iterations
fapi2_logged_in_high_security   [  47% ] 01/40 VUs  14m13.9s/30m0s  30.00 iters/s

running (14m14.9s), 01/40 VUs, 25639 complete and 0 interrupted iterations
fapi2_logged_in_high_security   [  47% ] 01/40 VUs  14m14.9s/30m0s  30.00 iters/s

running (14m15.9s), 01/40 VUs, 25669 complete and 0 interrupted iterations
fapi2_logged_in_high_security   [  48% ] 01/40 VUs  14m15.9s/30m0s  30.00 iters/s

running (14m16.9s), 01/40 VUs, 25699 complete and 0 interrupted iterations
fapi2_logged_in_high_security   [  48% ] 01/40 VUs  14m16.9s/30m0s  30.00 iters/s

running (14m17.9s), 01/40 VUs, 25729 complete and 0 interrupted iterations
fapi2_logged_in_high_security   [  48% ] 01/40 VUs  14m17.9s/30m0s  30.00 iters/s

running (14m18.9s), 01/40 VUs, 25759 complete and 0 interrupted iterations
fapi2_logged_in_high_security   [  48% ] 01/40 VUs  14m18.9s/30m0s  30.00 iters/s

running (14m19.9s), 01/40 VUs, 25789 complete and 0 interrupted iterations
fapi2_logged_in_high_security   [  48% ] 01/40 VUs  14m19.9s/30m0s  30.00 iters/s

running (14m20.9s), 01/40 VUs, 25819 complete and 0 interrupted iterations
fapi2_logged_in_high_security   [  48% ] 01/40 VUs  14m20.9s/30m0s  30.00 iters/s

running (14m21.9s), 01/40 VUs, 25849 complete and 0 interrupted iterations
fapi2_logged_in_high_security   [  48% ] 01/40 VUs  14m21.9s/30m0s  30.00 iters/s

running (14m22.9s), 01/40 VUs, 25879 complete and 0 interrupted iterations
fapi2_logged_in_high_security   [  48% ] 01/40 VUs  14m22.9s/30m0s  30.00 iters/s

running (14m23.9s), 02/40 VUs, 25908 complete and 0 interrupted iterations
fapi2_logged_in_high_security   [  48% ] 02/40 VUs  14m23.9s/30m0s  30.00 iters/s

running (14m24.9s), 02/40 VUs, 25938 complete and 0 interrupted iterations
fapi2_logged_in_high_security   [  48% ] 02/40 VUs  14m24.9s/30m0s  30.00 iters/s

running (14m25.9s), 02/40 VUs, 25968 complete and 0 interrupted iterations
fapi2_logged_in_high_security   [  48% ] 02/40 VUs  14m25.9s/30m0s  30.00 iters/s

running (14m26.9s), 02/40 VUs, 25998 complete and 0 interrupted iterations
fapi2_logged_in_high_security   [  48% ] 02/40 VUs  14m26.9s/30m0s  30.00 iters/s

running (14m27.9s), 01/40 VUs, 26029 complete and 0 interrupted iterations
fapi2_logged_in_high_security   [  48% ] 01/40 VUs  14m27.9s/30m0s  30.00 iters/s

running (14m28.9s), 01/40 VUs, 26059 complete and 0 interrupted iterations
fapi2_logged_in_high_security   [  48% ] 01/40 VUs  14m28.9s/30m0s  30.00 iters/s

running (14m29.9s), 02/40 VUs, 26088 complete and 0 interrupted iterations
fapi2_logged_in_high_security   [  48% ] 02/40 VUs  14m29.9s/30m0s  30.00 iters/s

running (14m30.9s), 01/40 VUs, 26119 complete and 0 interrupted iterations
fapi2_logged_in_high_security   [  48% ] 01/40 VUs  14m30.9s/30m0s  30.00 iters/s

running (14m31.9s), 02/40 VUs, 26148 complete and 0 interrupted iterations
fapi2_logged_in_high_security   [  48% ] 02/40 VUs  14m31.9s/30m0s  30.00 iters/s

running (14m32.9s), 01/40 VUs, 26179 complete and 0 interrupted iterations
fapi2_logged_in_high_security   [  48% ] 01/40 VUs  14m32.9s/30m0s  30.00 iters/s

running (14m33.9s), 03/40 VUs, 26207 complete and 0 interrupted iterations
fapi2_logged_in_high_security   [  49% ] 03/40 VUs  14m33.9s/30m0s  30.00 iters/s

running (14m34.9s), 01/40 VUs, 26239 complete and 0 interrupted iterations
fapi2_logged_in_high_security   [  49% ] 01/40 VUs  14m34.9s/30m0s  30.00 iters/s

running (14m35.9s), 02/40 VUs, 26268 complete and 0 interrupted iterations
fapi2_logged_in_high_security   [  49% ] 02/40 VUs  14m35.9s/30m0s  30.00 iters/s

running (14m36.9s), 01/40 VUs, 26299 complete and 0 interrupted iterations
fapi2_logged_in_high_security   [  49% ] 01/40 VUs  14m36.9s/30m0s  30.00 iters/s

running (14m37.9s), 02/40 VUs, 26328 complete and 0 interrupted iterations
fapi2_logged_in_high_security   [  49% ] 02/40 VUs  14m37.9s/30m0s  30.00 iters/s

running (14m38.9s), 02/40 VUs, 26358 complete and 0 interrupted iterations
fapi2_logged_in_high_security   [  49% ] 02/40 VUs  14m38.9s/30m0s  30.00 iters/s

running (14m39.9s), 01/40 VUs, 26389 complete and 0 interrupted iterations
fapi2_logged_in_high_security   [  49% ] 01/40 VUs  14m39.9s/30m0s  30.00 iters/s

running (14m40.9s), 01/40 VUs, 26419 complete and 0 interrupted iterations
fapi2_logged_in_high_security   [  49% ] 01/40 VUs  14m40.9s/30m0s  30.00 iters/s

running (14m41.9s), 01/40 VUs, 26449 complete and 0 interrupted iterations
fapi2_logged_in_high_security   [  49% ] 01/40 VUs  14m41.9s/30m0s  30.00 iters/s

running (14m42.9s), 01/40 VUs, 26479 complete and 0 interrupted iterations
fapi2_logged_in_high_security   [  49% ] 01/40 VUs  14m42.9s/30m0s  30.00 iters/s

running (14m43.9s), 02/40 VUs, 26508 complete and 0 interrupted iterations
fapi2_logged_in_high_security   [  49% ] 02/40 VUs  14m43.9s/30m0s  30.00 iters/s

running (14m44.9s), 04/40 VUs, 26536 complete and 0 interrupted iterations
fapi2_logged_in_high_security   [  49% ] 04/40 VUs  14m44.9s/30m0s  30.00 iters/s

running (14m45.9s), 01/40 VUs, 26569 complete and 0 interrupted iterations
fapi2_logged_in_high_security   [  49% ] 01/40 VUs  14m45.9s/30m0s  30.00 iters/s

running (14m46.9s), 02/40 VUs, 26598 complete and 0 interrupted iterations
fapi2_logged_in_high_security   [  49% ] 02/40 VUs  14m46.9s/30m0s  30.00 iters/s

running (14m47.9s), 01/40 VUs, 26629 complete and 0 interrupted iterations
fapi2_logged_in_high_security   [  49% ] 01/40 VUs  14m47.9s/30m0s  30.00 iters/s

running (14m48.9s), 01/40 VUs, 26659 complete and 0 interrupted iterations
fapi2_logged_in_high_security   [  49% ] 01/40 VUs  14m48.9s/30m0s  30.00 iters/s

running (14m49.9s), 01/40 VUs, 26689 complete and 0 interrupted iterations
fapi2_logged_in_high_security   [  49% ] 01/40 VUs  14m49.9s/30m0s  30.00 iters/s

running (14m50.9s), 02/40 VUs, 26718 complete and 0 interrupted iterations
fapi2_logged_in_high_security   [  49% ] 02/40 VUs  14m50.9s/30m0s  30.00 iters/s

running (14m51.9s), 02/40 VUs, 26748 complete and 0 interrupted iterations
fapi2_logged_in_high_security   [  50% ] 02/40 VUs  14m51.9s/30m0s  30.00 iters/s

running (14m52.9s), 01/40 VUs, 26779 complete and 0 interrupted iterations
fapi2_logged_in_high_security   [  50% ] 01/40 VUs  14m52.9s/30m0s  30.00 iters/s

running (14m53.9s), 01/40 VUs, 26809 complete and 0 interrupted iterations
fapi2_logged_in_high_security   [  50% ] 01/40 VUs  14m53.9s/30m0s  30.00 iters/s

running (14m54.9s), 01/40 VUs, 26839 complete and 0 interrupted iterations
fapi2_logged_in_high_security   [  50% ] 01/40 VUs  14m54.9s/30m0s  30.00 iters/s

running (14m55.9s), 02/40 VUs, 26868 complete and 0 interrupted iterations
fapi2_logged_in_high_security   [  50% ] 02/40 VUs  14m55.9s/30m0s  30.00 iters/s

running (14m56.9s), 01/40 VUs, 26899 complete and 0 interrupted iterations
fapi2_logged_in_high_security   [  50% ] 01/40 VUs  14m56.9s/30m0s  30.00 iters/s

running (14m57.9s), 02/40 VUs, 26928 complete and 0 interrupted iterations
fapi2_logged_in_high_security   [  50% ] 02/40 VUs  14m57.9s/30m0s  30.00 iters/s

running (14m58.9s), 01/40 VUs, 26959 complete and 0 interrupted iterations
fapi2_logged_in_high_security   [  50% ] 01/40 VUs  14m58.9s/30m0s  30.00 iters/s

running (14m59.9s), 01/40 VUs, 26989 complete and 0 interrupted iterations
fapi2_logged_in_high_security   [  50% ] 01/40 VUs  14m59.9s/30m0s  30.00 iters/s

running (15m00.9s), 02/40 VUs, 27018 complete and 0 interrupted iterations
fapi2_logged_in_high_security   [  50% ] 02/40 VUs  15m00.9s/30m0s  30.00 iters/s

running (15m01.9s), 01/40 VUs, 27049 complete and 0 interrupted iterations
fapi2_logged_in_high_security   [  50% ] 01/40 VUs  15m01.9s/30m0s  30.00 iters/s

running (15m02.9s), 04/40 VUs, 27076 complete and 0 interrupted iterations
fapi2_logged_in_high_security   [  50% ] 04/40 VUs  15m02.9s/30m0s  30.00 iters/s

running (15m03.9s), 02/40 VUs, 27108 complete and 0 interrupted iterations
fapi2_logged_in_high_security   [  50% ] 02/40 VUs  15m03.9s/30m0s  30.00 iters/s

running (15m04.9s), 02/40 VUs, 27138 complete and 0 interrupted iterations
fapi2_logged_in_high_security   [  50% ] 02/40 VUs  15m04.9s/30m0s  30.00 iters/s

running (15m05.9s), 01/40 VUs, 27169 complete and 0 interrupted iterations
fapi2_logged_in_high_security   [  50% ] 01/40 VUs  15m05.9s/30m0s  30.00 iters/s

running (15m06.9s), 01/40 VUs, 27199 complete and 0 interrupted iterations
fapi2_logged_in_high_security   [  50% ] 01/40 VUs  15m06.9s/30m0s  30.00 iters/s

running (15m07.9s), 02/40 VUs, 27228 complete and 0 interrupted iterations
fapi2_logged_in_high_security   [  50% ] 02/40 VUs  15m07.9s/30m0s  30.00 iters/s

running (15m08.9s), 02/40 VUs, 27258 complete and 0 interrupted iterations
fapi2_logged_in_high_security   [  50% ] 02/40 VUs  15m08.9s/30m0s  30.00 iters/s

running (15m09.9s), 02/40 VUs, 27288 complete and 0 interrupted iterations
fapi2_logged_in_high_security   [  51% ] 02/40 VUs  15m09.9s/30m0s  30.00 iters/s

running (15m10.9s), 02/40 VUs, 27318 complete and 0 interrupted iterations
fapi2_logged_in_high_security   [  51% ] 02/40 VUs  15m10.9s/30m0s  30.00 iters/s

running (15m11.9s), 01/40 VUs, 27349 complete and 0 interrupted iterations
fapi2_logged_in_high_security   [  51% ] 01/40 VUs  15m11.9s/30m0s  30.00 iters/s

running (15m12.9s), 01/40 VUs, 27379 complete and 0 interrupted iterations
fapi2_logged_in_high_security   [  51% ] 01/40 VUs  15m12.9s/30m0s  30.00 iters/s

running (15m13.9s), 01/40 VUs, 27409 complete and 0 interrupted iterations
fapi2_logged_in_high_security   [  51% ] 01/40 VUs  15m13.9s/30m0s  30.00 iters/s

running (15m14.9s), 01/40 VUs, 27439 complete and 0 interrupted iterations
fapi2_logged_in_high_security   [  51% ] 01/40 VUs  15m14.9s/30m0s  30.00 iters/s

running (15m15.9s), 01/40 VUs, 27469 complete and 0 interrupted iterations
fapi2_logged_in_high_security   [  51% ] 01/40 VUs  15m15.9s/30m0s  30.00 iters/s

running (15m16.9s), 01/40 VUs, 27499 complete and 0 interrupted iterations
fapi2_logged_in_high_security   [  51% ] 01/40 VUs  15m16.9s/30m0s  30.00 iters/s

running (15m17.9s), 01/40 VUs, 27529 complete and 0 interrupted iterations
fapi2_logged_in_high_security   [  51% ] 01/40 VUs  15m17.9s/30m0s  30.00 iters/s

running (15m18.9s), 01/40 VUs, 27559 complete and 0 interrupted iterations
fapi2_logged_in_high_security   [  51% ] 01/40 VUs  15m18.9s/30m0s  30.00 iters/s

running (15m19.9s), 01/40 VUs, 27589 complete and 0 interrupted iterations
fapi2_logged_in_high_security   [  51% ] 01/40 VUs  15m19.9s/30m0s  30.00 iters/s

running (15m20.9s), 01/40 VUs, 27619 complete and 0 interrupted iterations
fapi2_logged_in_high_security   [  51% ] 01/40 VUs  15m20.9s/30m0s  30.00 iters/s

running (15m21.9s), 01/40 VUs, 27649 complete and 0 interrupted iterations
fapi2_logged_in_high_security   [  51% ] 01/40 VUs  15m21.9s/30m0s  30.00 iters/s

running (15m22.9s), 01/40 VUs, 27679 complete and 0 interrupted iterations
fapi2_logged_in_high_security   [  51% ] 01/40 VUs  15m22.9s/30m0s  30.00 iters/s

running (15m23.9s), 01/40 VUs, 27709 complete and 0 interrupted iterations
fapi2_logged_in_high_security   [  51% ] 01/40 VUs  15m23.9s/30m0s  30.00 iters/s

running (15m24.9s), 01/40 VUs, 27739 complete and 0 interrupted iterations
fapi2_logged_in_high_security   [  51% ] 01/40 VUs  15m24.9s/30m0s  30.00 iters/s

running (15m25.9s), 01/40 VUs, 27769 complete and 0 interrupted iterations
fapi2_logged_in_high_security   [  51% ] 01/40 VUs  15m25.9s/30m0s  30.00 iters/s

running (15m26.9s), 01/40 VUs, 27799 complete and 0 interrupted iterations
fapi2_logged_in_high_security   [  51% ] 01/40 VUs  15m26.9s/30m0s  30.00 iters/s

running (15m27.9s), 01/40 VUs, 27829 complete and 0 interrupted iterations
fapi2_logged_in_high_security   [  52% ] 01/40 VUs  15m27.9s/30m0s  30.00 iters/s

running (15m28.9s), 01/40 VUs, 27859 complete and 0 interrupted iterations
fapi2_logged_in_high_security   [  52% ] 01/40 VUs  15m28.9s/30m0s  30.00 iters/s

running (15m29.9s), 02/40 VUs, 27888 complete and 0 interrupted iterations
fapi2_logged_in_high_security   [  52% ] 02/40 VUs  15m29.9s/30m0s  30.00 iters/s

running (15m30.9s), 02/40 VUs, 27918 complete and 0 interrupted iterations
fapi2_logged_in_high_security   [  52% ] 02/40 VUs  15m30.9s/30m0s  30.00 iters/s

running (15m31.9s), 01/40 VUs, 27949 complete and 0 interrupted iterations
fapi2_logged_in_high_security   [  52% ] 01/40 VUs  15m31.9s/30m0s  30.00 iters/s

running (15m32.9s), 01/40 VUs, 27979 complete and 0 interrupted iterations
fapi2_logged_in_high_security   [  52% ] 01/40 VUs  15m32.9s/30m0s  30.00 iters/s

running (15m33.9s), 02/40 VUs, 28008 complete and 0 interrupted iterations
fapi2_logged_in_high_security   [  52% ] 02/40 VUs  15m33.9s/30m0s  30.00 iters/s

running (15m34.9s), 02/40 VUs, 28038 complete and 0 interrupted iterations
fapi2_logged_in_high_security   [  52% ] 02/40 VUs  15m34.9s/30m0s  30.00 iters/s

running (15m35.9s), 01/40 VUs, 28069 complete and 0 interrupted iterations
fapi2_logged_in_high_security   [  52% ] 01/40 VUs  15m35.9s/30m0s  30.00 iters/s

running (15m36.9s), 01/40 VUs, 28099 complete and 0 interrupted iterations
fapi2_logged_in_high_security   [  52% ] 01/40 VUs  15m36.9s/30m0s  30.00 iters/s

running (15m37.9s), 01/40 VUs, 28129 complete and 0 interrupted iterations
fapi2_logged_in_high_security   [  52% ] 01/40 VUs  15m37.9s/30m0s  30.00 iters/s

running (15m38.9s), 02/40 VUs, 28158 complete and 0 interrupted iterations
fapi2_logged_in_high_security   [  52% ] 02/40 VUs  15m38.9s/30m0s  30.00 iters/s

running (15m39.9s), 02/40 VUs, 28188 complete and 0 interrupted iterations
fapi2_logged_in_high_security   [  52% ] 02/40 VUs  15m39.9s/30m0s  30.00 iters/s

running (15m40.9s), 01/40 VUs, 28219 complete and 0 interrupted iterations
fapi2_logged_in_high_security   [  52% ] 01/40 VUs  15m40.9s/30m0s  30.00 iters/s

running (15m41.9s), 01/40 VUs, 28249 complete and 0 interrupted iterations
fapi2_logged_in_high_security   [  52% ] 01/40 VUs  15m41.9s/30m0s  30.00 iters/s

running (15m42.9s), 01/40 VUs, 28279 complete and 0 interrupted iterations
fapi2_logged_in_high_security   [  52% ] 01/40 VUs  15m42.9s/30m0s  30.00 iters/s

running (15m43.9s), 01/40 VUs, 28309 complete and 0 interrupted iterations
fapi2_logged_in_high_security   [  52% ] 01/40 VUs  15m43.9s/30m0s  30.00 iters/s

running (15m44.9s), 01/40 VUs, 28339 complete and 0 interrupted iterations
fapi2_logged_in_high_security   [  52% ] 01/40 VUs  15m44.9s/30m0s  30.00 iters/s

running (15m45.9s), 01/40 VUs, 28369 complete and 0 interrupted iterations
fapi2_logged_in_high_security   [  53% ] 01/40 VUs  15m45.9s/30m0s  30.00 iters/s

running (15m46.9s), 01/40 VUs, 28399 complete and 0 interrupted iterations
fapi2_logged_in_high_security   [  53% ] 01/40 VUs  15m46.9s/30m0s  30.00 iters/s

running (15m47.9s), 01/40 VUs, 28429 complete and 0 interrupted iterations
fapi2_logged_in_high_security   [  53% ] 01/40 VUs  15m47.9s/30m0s  30.00 iters/s

running (15m48.9s), 01/40 VUs, 28459 complete and 0 interrupted iterations
fapi2_logged_in_high_security   [  53% ] 01/40 VUs  15m48.9s/30m0s  30.00 iters/s

running (15m49.9s), 01/40 VUs, 28489 complete and 0 interrupted iterations
fapi2_logged_in_high_security   [  53% ] 01/40 VUs  15m49.9s/30m0s  30.00 iters/s

running (15m50.9s), 02/40 VUs, 28518 complete and 0 interrupted iterations
fapi2_logged_in_high_security   [  53% ] 02/40 VUs  15m50.9s/30m0s  30.00 iters/s

running (15m51.9s), 01/40 VUs, 28549 complete and 0 interrupted iterations
fapi2_logged_in_high_security   [  53% ] 01/40 VUs  15m51.9s/30m0s  30.00 iters/s

running (15m52.9s), 02/40 VUs, 28578 complete and 0 interrupted iterations
fapi2_logged_in_high_security   [  53% ] 02/40 VUs  15m52.9s/30m0s  30.00 iters/s

running (15m53.9s), 02/40 VUs, 28608 complete and 0 interrupted iterations
fapi2_logged_in_high_security   [  53% ] 02/40 VUs  15m53.9s/30m0s  30.00 iters/s

running (15m54.9s), 01/40 VUs, 28639 complete and 0 interrupted iterations
fapi2_logged_in_high_security   [  53% ] 01/40 VUs  15m54.9s/30m0s  30.00 iters/s

running (15m55.9s), 01/40 VUs, 28669 complete and 0 interrupted iterations
fapi2_logged_in_high_security   [  53% ] 01/40 VUs  15m55.9s/30m0s  30.00 iters/s

running (15m56.9s), 01/40 VUs, 28699 complete and 0 interrupted iterations
fapi2_logged_in_high_security   [  53% ] 01/40 VUs  15m56.9s/30m0s  30.00 iters/s

running (15m57.9s), 01/40 VUs, 28729 complete and 0 interrupted iterations
fapi2_logged_in_high_security   [  53% ] 01/40 VUs  15m57.9s/30m0s  30.00 iters/s

running (15m58.9s), 02/40 VUs, 28758 complete and 0 interrupted iterations
fapi2_logged_in_high_security   [  53% ] 02/40 VUs  15m58.9s/30m0s  30.00 iters/s

running (15m59.9s), 01/40 VUs, 28789 complete and 0 interrupted iterations
fapi2_logged_in_high_security   [  53% ] 01/40 VUs  15m59.9s/30m0s  30.00 iters/s

running (16m00.9s), 01/40 VUs, 28819 complete and 0 interrupted iterations
fapi2_logged_in_high_security   [  53% ] 01/40 VUs  16m00.9s/30m0s  30.00 iters/s

running (16m01.9s), 01/40 VUs, 28849 complete and 0 interrupted iterations
fapi2_logged_in_high_security   [  53% ] 01/40 VUs  16m01.9s/30m0s  30.00 iters/s

running (16m02.9s), 02/40 VUs, 28878 complete and 0 interrupted iterations
fapi2_logged_in_high_security   [  53% ] 02/40 VUs  16m02.9s/30m0s  30.00 iters/s

running (16m03.9s), 02/40 VUs, 28908 complete and 0 interrupted iterations
fapi2_logged_in_high_security   [  54% ] 02/40 VUs  16m03.9s/30m0s  30.00 iters/s

running (16m04.9s), 01/40 VUs, 28939 complete and 0 interrupted iterations
fapi2_logged_in_high_security   [  54% ] 01/40 VUs  16m04.9s/30m0s  30.00 iters/s

running (16m05.9s), 01/40 VUs, 28969 complete and 0 interrupted iterations
fapi2_logged_in_high_security   [  54% ] 01/40 VUs  16m05.9s/30m0s  30.00 iters/s

running (16m06.9s), 02/40 VUs, 28998 complete and 0 interrupted iterations
fapi2_logged_in_high_security   [  54% ] 02/40 VUs  16m06.9s/30m0s  30.00 iters/s

running (16m07.9s), 01/40 VUs, 29029 complete and 0 interrupted iterations
fapi2_logged_in_high_security   [  54% ] 01/40 VUs  16m07.9s/30m0s  30.00 iters/s

running (16m08.9s), 01/40 VUs, 29059 complete and 0 interrupted iterations
fapi2_logged_in_high_security   [  54% ] 01/40 VUs  16m08.9s/30m0s  30.00 iters/s

running (16m09.9s), 02/40 VUs, 29088 complete and 0 interrupted iterations
fapi2_logged_in_high_security   [  54% ] 02/40 VUs  16m09.9s/30m0s  30.00 iters/s

running (16m10.9s), 01/40 VUs, 29119 complete and 0 interrupted iterations
fapi2_logged_in_high_security   [  54% ] 01/40 VUs  16m10.9s/30m0s  30.00 iters/s

running (16m11.9s), 01/40 VUs, 29149 complete and 0 interrupted iterations
fapi2_logged_in_high_security   [  54% ] 01/40 VUs  16m11.9s/30m0s  30.00 iters/s

running (16m12.9s), 01/40 VUs, 29179 complete and 0 interrupted iterations
fapi2_logged_in_high_security   [  54% ] 01/40 VUs  16m12.9s/30m0s  30.00 iters/s

running (16m13.9s), 01/40 VUs, 29209 complete and 0 interrupted iterations
fapi2_logged_in_high_security   [  54% ] 01/40 VUs  16m13.9s/30m0s  30.00 iters/s

running (16m14.9s), 02/40 VUs, 29238 complete and 0 interrupted iterations
fapi2_logged_in_high_security   [  54% ] 02/40 VUs  16m14.9s/30m0s  30.00 iters/s

running (16m15.9s), 01/40 VUs, 29269 complete and 0 interrupted iterations
fapi2_logged_in_high_security   [  54% ] 01/40 VUs  16m15.9s/30m0s  30.00 iters/s

running (16m16.9s), 01/40 VUs, 29299 complete and 0 interrupted iterations
fapi2_logged_in_high_security   [  54% ] 01/40 VUs  16m16.9s/30m0s  30.00 iters/s

running (16m17.9s), 01/40 VUs, 29329 complete and 0 interrupted iterations
fapi2_logged_in_high_security   [  54% ] 01/40 VUs  16m17.9s/30m0s  30.00 iters/s

running (16m18.9s), 01/40 VUs, 29359 complete and 0 interrupted iterations
fapi2_logged_in_high_security   [  54% ] 01/40 VUs  16m18.9s/30m0s  30.00 iters/s

running (16m19.9s), 02/40 VUs, 29388 complete and 0 interrupted iterations
fapi2_logged_in_high_security   [  54% ] 02/40 VUs  16m19.9s/30m0s  30.00 iters/s

running (16m20.9s), 02/40 VUs, 29418 complete and 0 interrupted iterations
fapi2_logged_in_high_security   [  54% ] 02/40 VUs  16m20.9s/30m0s  30.00 iters/s

running (16m21.9s), 02/40 VUs, 29448 complete and 0 interrupted iterations
fapi2_logged_in_high_security   [  55% ] 02/40 VUs  16m21.9s/30m0s  30.00 iters/s

running (16m22.9s), 01/40 VUs, 29479 complete and 0 interrupted iterations
fapi2_logged_in_high_security   [  55% ] 01/40 VUs  16m22.9s/30m0s  30.00 iters/s

running (16m23.9s), 01/40 VUs, 29509 complete and 0 interrupted iterations
fapi2_logged_in_high_security   [  55% ] 01/40 VUs  16m23.9s/30m0s  30.00 iters/s

running (16m24.9s), 01/40 VUs, 29539 complete and 0 interrupted iterations
fapi2_logged_in_high_security   [  55% ] 01/40 VUs  16m24.9s/30m0s  30.00 iters/s

running (16m25.9s), 01/40 VUs, 29569 complete and 0 interrupted iterations
fapi2_logged_in_high_security   [  55% ] 01/40 VUs  16m25.9s/30m0s  30.00 iters/s

running (16m26.9s), 02/40 VUs, 29598 complete and 0 interrupted iterations
fapi2_logged_in_high_security   [  55% ] 02/40 VUs  16m26.9s/30m0s  30.00 iters/s

running (16m27.9s), 01/40 VUs, 29629 complete and 0 interrupted iterations
fapi2_logged_in_high_security   [  55% ] 01/40 VUs  16m27.9s/30m0s  30.00 iters/s

running (16m28.9s), 01/40 VUs, 29659 complete and 0 interrupted iterations
fapi2_logged_in_high_security   [  55% ] 01/40 VUs  16m28.9s/30m0s  30.00 iters/s

running (16m29.9s), 01/40 VUs, 29689 complete and 0 interrupted iterations
fapi2_logged_in_high_security   [  55% ] 01/40 VUs  16m29.9s/30m0s  30.00 iters/s

running (16m30.9s), 01/40 VUs, 29719 complete and 0 interrupted iterations
fapi2_logged_in_high_security   [  55% ] 01/40 VUs  16m30.9s/30m0s  30.00 iters/s

running (16m31.9s), 01/40 VUs, 29749 complete and 0 interrupted iterations
fapi2_logged_in_high_security   [  55% ] 01/40 VUs  16m31.9s/30m0s  30.00 iters/s

running (16m32.9s), 02/40 VUs, 29778 complete and 0 interrupted iterations
fapi2_logged_in_high_security   [  55% ] 02/40 VUs  16m32.9s/30m0s  30.00 iters/s

running (16m33.9s), 03/40 VUs, 29807 complete and 0 interrupted iterations
fapi2_logged_in_high_security   [  55% ] 03/40 VUs  16m33.9s/30m0s  30.00 iters/s

running (16m34.9s), 01/40 VUs, 29839 complete and 0 interrupted iterations
fapi2_logged_in_high_security   [  55% ] 01/40 VUs  16m34.9s/30m0s  30.00 iters/s

running (16m35.9s), 02/40 VUs, 29868 complete and 0 interrupted iterations
fapi2_logged_in_high_security   [  55% ] 02/40 VUs  16m35.9s/30m0s  30.00 iters/s

running (16m36.9s), 01/40 VUs, 29899 complete and 0 interrupted iterations
fapi2_logged_in_high_security   [  55% ] 01/40 VUs  16m36.9s/30m0s  30.00 iters/s

running (16m37.9s), 02/40 VUs, 29928 complete and 0 interrupted iterations
fapi2_logged_in_high_security   [  55% ] 02/40 VUs  16m37.9s/30m0s  30.00 iters/s

running (16m38.9s), 01/40 VUs, 29959 complete and 0 interrupted iterations
fapi2_logged_in_high_security   [  55% ] 01/40 VUs  16m38.9s/30m0s  30.00 iters/s

running (16m39.9s), 01/40 VUs, 29989 complete and 0 interrupted iterations
fapi2_logged_in_high_security   [  56% ] 01/40 VUs  16m39.9s/30m0s  30.00 iters/s

running (16m40.9s), 02/40 VUs, 30018 complete and 0 interrupted iterations
fapi2_logged_in_high_security   [  56% ] 02/40 VUs  16m40.9s/30m0s  30.00 iters/s

running (16m41.9s), 02/40 VUs, 30048 complete and 0 interrupted iterations
fapi2_logged_in_high_security   [  56% ] 02/40 VUs  16m41.9s/30m0s  30.00 iters/s

running (16m42.9s), 02/40 VUs, 30078 complete and 0 interrupted iterations
fapi2_logged_in_high_security   [  56% ] 02/40 VUs  16m42.9s/30m0s  30.00 iters/s

running (16m43.9s), 01/40 VUs, 30109 complete and 0 interrupted iterations
fapi2_logged_in_high_security   [  56% ] 01/40 VUs  16m43.9s/30m0s  30.00 iters/s

running (16m44.9s), 01/40 VUs, 30139 complete and 0 interrupted iterations
fapi2_logged_in_high_security   [  56% ] 01/40 VUs  16m44.9s/30m0s  30.00 iters/s

running (16m45.9s), 01/40 VUs, 30169 complete and 0 interrupted iterations
fapi2_logged_in_high_security   [  56% ] 01/40 VUs  16m45.9s/30m0s  30.00 iters/s

running (16m46.9s), 02/40 VUs, 30198 complete and 0 interrupted iterations
fapi2_logged_in_high_security   [  56% ] 02/40 VUs  16m46.9s/30m0s  30.00 iters/s

running (16m47.9s), 01/40 VUs, 30229 complete and 0 interrupted iterations
fapi2_logged_in_high_security   [  56% ] 01/40 VUs  16m47.9s/30m0s  30.00 iters/s

running (16m48.9s), 01/40 VUs, 30259 complete and 0 interrupted iterations
fapi2_logged_in_high_security   [  56% ] 01/40 VUs  16m48.9s/30m0s  30.00 iters/s

running (16m49.9s), 01/40 VUs, 30289 complete and 0 interrupted iterations
fapi2_logged_in_high_security   [  56% ] 01/40 VUs  16m49.9s/30m0s  30.00 iters/s

running (16m50.9s), 01/40 VUs, 30319 complete and 0 interrupted iterations
fapi2_logged_in_high_security   [  56% ] 01/40 VUs  16m50.9s/30m0s  30.00 iters/s

running (16m51.9s), 01/40 VUs, 30349 complete and 0 interrupted iterations
fapi2_logged_in_high_security   [  56% ] 01/40 VUs  16m51.9s/30m0s  30.00 iters/s

running (16m52.9s), 02/40 VUs, 30378 complete and 0 interrupted iterations
fapi2_logged_in_high_security   [  56% ] 02/40 VUs  16m52.9s/30m0s  30.00 iters/s

running (16m53.9s), 02/40 VUs, 30408 complete and 0 interrupted iterations
fapi2_logged_in_high_security   [  56% ] 02/40 VUs  16m53.9s/30m0s  30.00 iters/s

running (16m54.9s), 01/40 VUs, 30439 complete and 0 interrupted iterations
fapi2_logged_in_high_security   [  56% ] 01/40 VUs  16m54.9s/30m0s  30.00 iters/s

running (16m55.9s), 05/40 VUs, 30465 complete and 0 interrupted iterations
fapi2_logged_in_high_security   [  56% ] 05/40 VUs  16m55.9s/30m0s  30.00 iters/s

running (16m56.9s), 02/40 VUs, 30498 complete and 0 interrupted iterations
fapi2_logged_in_high_security   [  56% ] 02/40 VUs  16m56.9s/30m0s  30.00 iters/s

running (16m57.9s), 01/40 VUs, 30529 complete and 0 interrupted iterations
fapi2_logged_in_high_security   [  57% ] 01/40 VUs  16m57.9s/30m0s  30.00 iters/s

running (16m58.9s), 02/40 VUs, 30558 complete and 0 interrupted iterations
fapi2_logged_in_high_security   [  57% ] 02/40 VUs  16m58.9s/30m0s  30.00 iters/s

running (16m59.9s), 02/40 VUs, 30588 complete and 0 interrupted iterations
fapi2_logged_in_high_security   [  57% ] 02/40 VUs  16m59.9s/30m0s  30.00 iters/s

running (17m00.9s), 02/40 VUs, 30618 complete and 0 interrupted iterations
fapi2_logged_in_high_security   [  57% ] 02/40 VUs  17m00.9s/30m0s  30.00 iters/s

running (17m01.9s), 02/40 VUs, 30648 complete and 0 interrupted iterations
fapi2_logged_in_high_security   [  57% ] 02/40 VUs  17m01.9s/30m0s  30.00 iters/s

running (17m02.9s), 01/40 VUs, 30679 complete and 0 interrupted iterations
fapi2_logged_in_high_security   [  57% ] 01/40 VUs  17m02.9s/30m0s  30.00 iters/s

running (17m03.9s), 01/40 VUs, 30709 complete and 0 interrupted iterations
fapi2_logged_in_high_security   [  57% ] 01/40 VUs  17m03.9s/30m0s  30.00 iters/s

running (17m04.9s), 02/40 VUs, 30738 complete and 0 interrupted iterations
fapi2_logged_in_high_security   [  57% ] 02/40 VUs  17m04.9s/30m0s  30.00 iters/s

running (17m05.9s), 02/40 VUs, 30768 complete and 0 interrupted iterations
fapi2_logged_in_high_security   [  57% ] 02/40 VUs  17m05.9s/30m0s  30.00 iters/s

running (17m06.9s), 02/40 VUs, 30798 complete and 0 interrupted iterations
fapi2_logged_in_high_security   [  57% ] 02/40 VUs  17m06.9s/30m0s  30.00 iters/s

running (17m07.9s), 02/40 VUs, 30828 complete and 0 interrupted iterations
fapi2_logged_in_high_security   [  57% ] 02/40 VUs  17m07.9s/30m0s  30.00 iters/s

running (17m08.9s), 01/40 VUs, 30859 complete and 0 interrupted iterations
fapi2_logged_in_high_security   [  57% ] 01/40 VUs  17m08.9s/30m0s  30.00 iters/s

running (17m09.9s), 01/40 VUs, 30889 complete and 0 interrupted iterations
fapi2_logged_in_high_security   [  57% ] 01/40 VUs  17m09.9s/30m0s  30.00 iters/s

running (17m10.9s), 01/40 VUs, 30919 complete and 0 interrupted iterations
fapi2_logged_in_high_security   [  57% ] 01/40 VUs  17m10.9s/30m0s  30.00 iters/s

running (17m11.9s), 01/40 VUs, 30949 complete and 0 interrupted iterations
fapi2_logged_in_high_security   [  57% ] 01/40 VUs  17m11.9s/30m0s  30.00 iters/s

running (17m12.9s), 01/40 VUs, 30979 complete and 0 interrupted iterations
fapi2_logged_in_high_security   [  57% ] 01/40 VUs  17m12.9s/30m0s  30.00 iters/s

running (17m13.9s), 01/40 VUs, 31009 complete and 0 interrupted iterations
fapi2_logged_in_high_security   [  57% ] 01/40 VUs  17m13.9s/30m0s  30.00 iters/s

running (17m14.9s), 02/40 VUs, 31038 complete and 0 interrupted iterations
fapi2_logged_in_high_security   [  57% ] 02/40 VUs  17m14.9s/30m0s  30.00 iters/s

running (17m15.9s), 01/40 VUs, 31069 complete and 0 interrupted iterations
fapi2_logged_in_high_security   [  58% ] 01/40 VUs  17m15.9s/30m0s  30.00 iters/s

running (17m16.9s), 01/40 VUs, 31099 complete and 0 interrupted iterations
fapi2_logged_in_high_security   [  58% ] 01/40 VUs  17m16.9s/30m0s  30.00 iters/s

running (17m17.9s), 01/40 VUs, 31129 complete and 0 interrupted iterations
fapi2_logged_in_high_security   [  58% ] 01/40 VUs  17m17.9s/30m0s  30.00 iters/s

running (17m18.9s), 02/40 VUs, 31158 complete and 0 interrupted iterations
fapi2_logged_in_high_security   [  58% ] 02/40 VUs  17m18.9s/30m0s  30.00 iters/s

running (17m19.9s), 01/40 VUs, 31189 complete and 0 interrupted iterations
fapi2_logged_in_high_security   [  58% ] 01/40 VUs  17m19.9s/30m0s  30.00 iters/s

running (17m20.9s), 02/40 VUs, 31218 complete and 0 interrupted iterations
fapi2_logged_in_high_security   [  58% ] 02/40 VUs  17m20.9s/30m0s  30.00 iters/s

running (17m21.9s), 02/40 VUs, 31248 complete and 0 interrupted iterations
fapi2_logged_in_high_security   [  58% ] 02/40 VUs  17m21.9s/30m0s  30.00 iters/s

running (17m22.9s), 01/40 VUs, 31279 complete and 0 interrupted iterations
fapi2_logged_in_high_security   [  58% ] 01/40 VUs  17m22.9s/30m0s  30.00 iters/s

running (17m23.9s), 01/40 VUs, 31309 complete and 0 interrupted iterations
fapi2_logged_in_high_security   [  58% ] 01/40 VUs  17m23.9s/30m0s  30.00 iters/s

running (17m24.9s), 06/40 VUs, 31334 complete and 0 interrupted iterations
fapi2_logged_in_high_security   [  58% ] 06/40 VUs  17m24.9s/30m0s  30.00 iters/s

running (17m25.9s), 02/40 VUs, 31368 complete and 0 interrupted iterations
fapi2_logged_in_high_security   [  58% ] 02/40 VUs  17m25.9s/30m0s  30.00 iters/s

running (17m26.9s), 01/40 VUs, 31399 complete and 0 interrupted iterations
fapi2_logged_in_high_security   [  58% ] 01/40 VUs  17m26.9s/30m0s  30.00 iters/s

running (17m27.9s), 01/40 VUs, 31429 complete and 0 interrupted iterations
fapi2_logged_in_high_security   [  58% ] 01/40 VUs  17m27.9s/30m0s  30.00 iters/s

running (17m28.9s), 03/40 VUs, 31457 complete and 0 interrupted iterations
fapi2_logged_in_high_security   [  58% ] 03/40 VUs  17m28.9s/30m0s  30.00 iters/s

running (17m29.9s), 02/40 VUs, 31488 complete and 0 interrupted iterations
fapi2_logged_in_high_security   [  58% ] 02/40 VUs  17m29.9s/30m0s  30.00 iters/s

running (17m30.9s), 02/40 VUs, 31518 complete and 0 interrupted iterations
fapi2_logged_in_high_security   [  58% ] 02/40 VUs  17m30.9s/30m0s  30.00 iters/s

running (17m31.9s), 01/40 VUs, 31549 complete and 0 interrupted iterations
fapi2_logged_in_high_security   [  58% ] 01/40 VUs  17m31.9s/30m0s  30.00 iters/s

running (17m32.9s), 01/40 VUs, 31579 complete and 0 interrupted iterations
fapi2_logged_in_high_security   [  58% ] 01/40 VUs  17m32.9s/30m0s  30.00 iters/s

running (17m33.9s), 01/40 VUs, 31609 complete and 0 interrupted iterations
fapi2_logged_in_high_security   [  59% ] 01/40 VUs  17m33.9s/30m0s  30.00 iters/s

running (17m34.9s), 02/40 VUs, 31638 complete and 0 interrupted iterations
fapi2_logged_in_high_security   [  59% ] 02/40 VUs  17m34.9s/30m0s  30.00 iters/s

running (17m35.9s), 02/40 VUs, 31668 complete and 0 interrupted iterations
fapi2_logged_in_high_security   [  59% ] 02/40 VUs  17m35.9s/30m0s  30.00 iters/s

running (17m36.9s), 01/40 VUs, 31699 complete and 0 interrupted iterations
fapi2_logged_in_high_security   [  59% ] 01/40 VUs  17m36.9s/30m0s  30.00 iters/s

running (17m37.9s), 02/40 VUs, 31728 complete and 0 interrupted iterations
fapi2_logged_in_high_security   [  59% ] 02/40 VUs  17m37.9s/30m0s  30.00 iters/s

running (17m38.9s), 02/40 VUs, 31758 complete and 0 interrupted iterations
fapi2_logged_in_high_security   [  59% ] 02/40 VUs  17m38.9s/30m0s  30.00 iters/s

running (17m39.9s), 02/40 VUs, 31788 complete and 0 interrupted iterations
fapi2_logged_in_high_security   [  59% ] 02/40 VUs  17m39.9s/30m0s  30.00 iters/s

running (17m40.9s), 02/40 VUs, 31818 complete and 0 interrupted iterations
fapi2_logged_in_high_security   [  59% ] 02/40 VUs  17m40.9s/30m0s  30.00 iters/s

running (17m41.9s), 02/40 VUs, 31848 complete and 0 interrupted iterations
fapi2_logged_in_high_security   [  59% ] 02/40 VUs  17m41.9s/30m0s  30.00 iters/s

running (17m42.9s), 01/40 VUs, 31879 complete and 0 interrupted iterations
fapi2_logged_in_high_security   [  59% ] 01/40 VUs  17m42.9s/30m0s  30.00 iters/s

running (17m43.9s), 02/40 VUs, 31908 complete and 0 interrupted iterations
fapi2_logged_in_high_security   [  59% ] 02/40 VUs  17m43.9s/30m0s  30.00 iters/s

running (17m44.9s), 01/40 VUs, 31939 complete and 0 interrupted iterations
fapi2_logged_in_high_security   [  59% ] 01/40 VUs  17m44.9s/30m0s  30.00 iters/s

running (17m45.9s), 01/40 VUs, 31969 complete and 0 interrupted iterations
fapi2_logged_in_high_security   [  59% ] 01/40 VUs  17m45.9s/30m0s  30.00 iters/s

running (17m46.9s), 01/40 VUs, 31999 complete and 0 interrupted iterations
fapi2_logged_in_high_security   [  59% ] 01/40 VUs  17m46.9s/30m0s  30.00 iters/s

running (17m47.9s), 02/40 VUs, 32028 complete and 0 interrupted iterations
fapi2_logged_in_high_security   [  59% ] 02/40 VUs  17m47.9s/30m0s  30.00 iters/s

running (17m48.9s), 02/40 VUs, 32058 complete and 0 interrupted iterations
fapi2_logged_in_high_security   [  59% ] 02/40 VUs  17m48.9s/30m0s  30.00 iters/s

running (17m49.9s), 02/40 VUs, 32088 complete and 0 interrupted iterations
fapi2_logged_in_high_security   [  59% ] 02/40 VUs  17m49.9s/30m0s  30.00 iters/s

running (17m50.9s), 01/40 VUs, 32119 complete and 0 interrupted iterations
fapi2_logged_in_high_security   [  59% ] 01/40 VUs  17m50.9s/30m0s  30.00 iters/s

running (17m51.9s), 01/40 VUs, 32149 complete and 0 interrupted iterations
fapi2_logged_in_high_security   [  60% ] 01/40 VUs  17m51.9s/30m0s  30.00 iters/s

running (17m52.9s), 02/40 VUs, 32178 complete and 0 interrupted iterations
fapi2_logged_in_high_security   [  60% ] 02/40 VUs  17m52.9s/30m0s  30.00 iters/s

running (17m53.9s), 07/40 VUs, 32203 complete and 0 interrupted iterations
fapi2_logged_in_high_security   [  60% ] 07/40 VUs  17m53.9s/30m0s  30.00 iters/s

running (17m54.9s), 01/40 VUs, 32239 complete and 0 interrupted iterations
fapi2_logged_in_high_security   [  60% ] 01/40 VUs  17m54.9s/30m0s  30.00 iters/s

running (17m55.9s), 01/40 VUs, 32269 complete and 0 interrupted iterations
fapi2_logged_in_high_security   [  60% ] 01/40 VUs  17m55.9s/30m0s  30.00 iters/s

running (17m56.9s), 02/40 VUs, 32298 complete and 0 interrupted iterations
fapi2_logged_in_high_security   [  60% ] 02/40 VUs  17m56.9s/30m0s  30.00 iters/s

running (17m57.9s), 01/40 VUs, 32329 complete and 0 interrupted iterations
fapi2_logged_in_high_security   [  60% ] 01/40 VUs  17m57.9s/30m0s  30.00 iters/s

running (17m58.9s), 01/40 VUs, 32359 complete and 0 interrupted iterations
fapi2_logged_in_high_security   [  60% ] 01/40 VUs  17m58.9s/30m0s  30.00 iters/s

running (17m59.9s), 01/40 VUs, 32389 complete and 0 interrupted iterations
fapi2_logged_in_high_security   [  60% ] 01/40 VUs  17m59.9s/30m0s  30.00 iters/s

running (18m00.9s), 02/40 VUs, 32418 complete and 0 interrupted iterations
fapi2_logged_in_high_security   [  60% ] 02/40 VUs  18m00.9s/30m0s  30.00 iters/s

running (18m01.9s), 01/40 VUs, 32449 complete and 0 interrupted iterations
fapi2_logged_in_high_security   [  60% ] 01/40 VUs  18m01.9s/30m0s  30.00 iters/s

running (18m02.9s), 01/40 VUs, 32479 complete and 0 interrupted iterations
fapi2_logged_in_high_security   [  60% ] 01/40 VUs  18m02.9s/30m0s  30.00 iters/s

running (18m03.9s), 01/40 VUs, 32509 complete and 0 interrupted iterations
fapi2_logged_in_high_security   [  60% ] 01/40 VUs  18m03.9s/30m0s  30.00 iters/s

running (18m04.9s), 02/40 VUs, 32538 complete and 0 interrupted iterations
fapi2_logged_in_high_security   [  60% ] 02/40 VUs  18m04.9s/30m0s  30.00 iters/s

running (18m05.9s), 01/40 VUs, 32569 complete and 0 interrupted iterations
fapi2_logged_in_high_security   [  60% ] 01/40 VUs  18m05.9s/30m0s  30.00 iters/s

running (18m06.9s), 01/40 VUs, 32599 complete and 0 interrupted iterations
fapi2_logged_in_high_security   [  60% ] 01/40 VUs  18m06.9s/30m0s  30.00 iters/s

running (18m07.9s), 01/40 VUs, 32629 complete and 0 interrupted iterations
fapi2_logged_in_high_security   [  60% ] 01/40 VUs  18m07.9s/30m0s  30.00 iters/s

running (18m08.9s), 01/40 VUs, 32659 complete and 0 interrupted iterations
fapi2_logged_in_high_security   [  60% ] 01/40 VUs  18m08.9s/30m0s  30.00 iters/s

running (18m09.9s), 02/40 VUs, 32688 complete and 0 interrupted iterations
fapi2_logged_in_high_security   [  61% ] 02/40 VUs  18m09.9s/30m0s  30.00 iters/s

running (18m10.9s), 01/40 VUs, 32719 complete and 0 interrupted iterations
fapi2_logged_in_high_security   [  61% ] 01/40 VUs  18m10.9s/30m0s  30.00 iters/s

running (18m11.9s), 01/40 VUs, 32749 complete and 0 interrupted iterations
fapi2_logged_in_high_security   [  61% ] 01/40 VUs  18m11.9s/30m0s  30.00 iters/s

running (18m12.9s), 02/40 VUs, 32778 complete and 0 interrupted iterations
fapi2_logged_in_high_security   [  61% ] 02/40 VUs  18m12.9s/30m0s  30.00 iters/s

running (18m13.9s), 01/40 VUs, 32809 complete and 0 interrupted iterations
fapi2_logged_in_high_security   [  61% ] 01/40 VUs  18m13.9s/30m0s  30.00 iters/s

running (18m14.9s), 02/40 VUs, 32838 complete and 0 interrupted iterations
fapi2_logged_in_high_security   [  61% ] 02/40 VUs  18m14.9s/30m0s  30.00 iters/s

running (18m15.9s), 01/40 VUs, 32869 complete and 0 interrupted iterations
fapi2_logged_in_high_security   [  61% ] 01/40 VUs  18m15.9s/30m0s  30.00 iters/s

running (18m16.9s), 01/40 VUs, 32899 complete and 0 interrupted iterations
fapi2_logged_in_high_security   [  61% ] 01/40 VUs  18m16.9s/30m0s  30.00 iters/s

running (18m17.9s), 01/40 VUs, 32929 complete and 0 interrupted iterations
fapi2_logged_in_high_security   [  61% ] 01/40 VUs  18m17.9s/30m0s  30.00 iters/s

running (18m18.9s), 01/40 VUs, 32959 complete and 0 interrupted iterations
fapi2_logged_in_high_security   [  61% ] 01/40 VUs  18m18.9s/30m0s  30.00 iters/s

running (18m19.9s), 01/40 VUs, 32989 complete and 0 interrupted iterations
fapi2_logged_in_high_security   [  61% ] 01/40 VUs  18m19.9s/30m0s  30.00 iters/s

running (18m20.9s), 01/40 VUs, 33019 complete and 0 interrupted iterations
fapi2_logged_in_high_security   [  61% ] 01/40 VUs  18m20.9s/30m0s  30.00 iters/s

running (18m21.9s), 01/40 VUs, 33049 complete and 0 interrupted iterations
fapi2_logged_in_high_security   [  61% ] 01/40 VUs  18m21.9s/30m0s  30.00 iters/s

running (18m22.9s), 01/40 VUs, 33079 complete and 0 interrupted iterations
fapi2_logged_in_high_security   [  61% ] 01/40 VUs  18m22.9s/30m0s  30.00 iters/s

running (18m23.9s), 02/40 VUs, 33108 complete and 0 interrupted iterations
fapi2_logged_in_high_security   [  61% ] 02/40 VUs  18m23.9s/30m0s  30.00 iters/s

running (18m24.9s), 01/40 VUs, 33139 complete and 0 interrupted iterations
fapi2_logged_in_high_security   [  61% ] 01/40 VUs  18m24.9s/30m0s  30.00 iters/s

running (18m25.9s), 01/40 VUs, 33169 complete and 0 interrupted iterations
fapi2_logged_in_high_security   [  61% ] 01/40 VUs  18m25.9s/30m0s  30.00 iters/s

running (18m26.9s), 01/40 VUs, 33199 complete and 0 interrupted iterations
fapi2_logged_in_high_security   [  61% ] 01/40 VUs  18m26.9s/30m0s  30.00 iters/s

running (18m27.9s), 01/40 VUs, 33229 complete and 0 interrupted iterations
fapi2_logged_in_high_security   [  62% ] 01/40 VUs  18m27.9s/30m0s  30.00 iters/s

running (18m28.9s), 01/40 VUs, 33259 complete and 0 interrupted iterations
fapi2_logged_in_high_security   [  62% ] 01/40 VUs  18m28.9s/30m0s  30.00 iters/s

running (18m29.9s), 02/40 VUs, 33288 complete and 0 interrupted iterations
fapi2_logged_in_high_security   [  62% ] 02/40 VUs  18m29.9s/30m0s  30.00 iters/s

running (18m30.9s), 01/40 VUs, 33319 complete and 0 interrupted iterations
fapi2_logged_in_high_security   [  62% ] 01/40 VUs  18m30.9s/30m0s  30.00 iters/s

running (18m31.9s), 01/40 VUs, 33349 complete and 0 interrupted iterations
fapi2_logged_in_high_security   [  62% ] 01/40 VUs  18m31.9s/30m0s  30.00 iters/s

running (18m32.9s), 02/40 VUs, 33378 complete and 0 interrupted iterations
fapi2_logged_in_high_security   [  62% ] 02/40 VUs  18m32.9s/30m0s  30.00 iters/s

running (18m33.9s), 02/40 VUs, 33408 complete and 0 interrupted iterations
fapi2_logged_in_high_security   [  62% ] 02/40 VUs  18m33.9s/30m0s  30.00 iters/s

running (18m34.9s), 01/40 VUs, 33439 complete and 0 interrupted iterations
fapi2_logged_in_high_security   [  62% ] 01/40 VUs  18m34.9s/30m0s  30.00 iters/s

running (18m35.9s), 01/40 VUs, 33469 complete and 0 interrupted iterations
fapi2_logged_in_high_security   [  62% ] 01/40 VUs  18m35.9s/30m0s  30.00 iters/s

running (18m36.9s), 02/40 VUs, 33498 complete and 0 interrupted iterations
fapi2_logged_in_high_security   [  62% ] 02/40 VUs  18m36.9s/30m0s  30.00 iters/s

running (18m37.9s), 01/40 VUs, 33529 complete and 0 interrupted iterations
fapi2_logged_in_high_security   [  62% ] 01/40 VUs  18m37.9s/30m0s  30.00 iters/s

running (18m38.9s), 01/40 VUs, 33559 complete and 0 interrupted iterations
fapi2_logged_in_high_security   [  62% ] 01/40 VUs  18m38.9s/30m0s  30.00 iters/s

running (18m39.9s), 01/40 VUs, 33589 complete and 0 interrupted iterations
fapi2_logged_in_high_security   [  62% ] 01/40 VUs  18m39.9s/30m0s  30.00 iters/s

running (18m40.9s), 01/40 VUs, 33619 complete and 0 interrupted iterations
fapi2_logged_in_high_security   [  62% ] 01/40 VUs  18m40.9s/30m0s  30.00 iters/s

running (18m41.9s), 01/40 VUs, 33649 complete and 0 interrupted iterations
fapi2_logged_in_high_security   [  62% ] 01/40 VUs  18m41.9s/30m0s  30.00 iters/s

running (18m42.9s), 02/40 VUs, 33678 complete and 0 interrupted iterations
fapi2_logged_in_high_security   [  62% ] 02/40 VUs  18m42.9s/30m0s  30.00 iters/s

running (18m43.9s), 02/40 VUs, 33708 complete and 0 interrupted iterations
fapi2_logged_in_high_security   [  62% ] 02/40 VUs  18m43.9s/30m0s  30.00 iters/s

running (18m44.9s), 02/40 VUs, 33738 complete and 0 interrupted iterations
fapi2_logged_in_high_security   [  62% ] 02/40 VUs  18m44.9s/30m0s  30.00 iters/s

running (18m45.9s), 01/40 VUs, 33769 complete and 0 interrupted iterations
fapi2_logged_in_high_security   [  63% ] 01/40 VUs  18m45.9s/30m0s  30.00 iters/s

running (18m46.9s), 02/40 VUs, 33798 complete and 0 interrupted iterations
fapi2_logged_in_high_security   [  63% ] 02/40 VUs  18m46.9s/30m0s  30.00 iters/s

running (18m47.9s), 03/40 VUs, 33827 complete and 0 interrupted iterations
fapi2_logged_in_high_security   [  63% ] 03/40 VUs  18m47.9s/30m0s  30.00 iters/s

running (18m48.9s), 02/40 VUs, 33858 complete and 0 interrupted iterations
fapi2_logged_in_high_security   [  63% ] 02/40 VUs  18m48.9s/30m0s  30.00 iters/s

running (18m49.9s), 01/40 VUs, 33889 complete and 0 interrupted iterations
fapi2_logged_in_high_security   [  63% ] 01/40 VUs  18m49.9s/30m0s  30.00 iters/s

running (18m50.9s), 01/40 VUs, 33919 complete and 0 interrupted iterations
fapi2_logged_in_high_security   [  63% ] 01/40 VUs  18m50.9s/30m0s  30.00 iters/s

running (18m51.9s), 01/40 VUs, 33949 complete and 0 interrupted iterations
fapi2_logged_in_high_security   [  63% ] 01/40 VUs  18m51.9s/30m0s  30.00 iters/s

running (18m52.9s), 01/40 VUs, 33979 complete and 0 interrupted iterations
fapi2_logged_in_high_security   [  63% ] 01/40 VUs  18m52.9s/30m0s  30.00 iters/s

running (18m53.9s), 02/40 VUs, 34008 complete and 0 interrupted iterations
fapi2_logged_in_high_security   [  63% ] 02/40 VUs  18m53.9s/30m0s  30.00 iters/s

running (18m54.9s), 02/40 VUs, 34038 complete and 0 interrupted iterations
fapi2_logged_in_high_security   [  63% ] 02/40 VUs  18m54.9s/30m0s  30.00 iters/s

running (18m55.9s), 01/40 VUs, 34069 complete and 0 interrupted iterations
fapi2_logged_in_high_security   [  63% ] 01/40 VUs  18m55.9s/30m0s  30.00 iters/s

running (18m56.9s), 02/40 VUs, 34098 complete and 0 interrupted iterations
fapi2_logged_in_high_security   [  63% ] 02/40 VUs  18m56.9s/30m0s  30.00 iters/s

running (18m57.9s), 02/40 VUs, 34128 complete and 0 interrupted iterations
fapi2_logged_in_high_security   [  63% ] 02/40 VUs  18m57.9s/30m0s  30.00 iters/s

running (18m58.9s), 01/40 VUs, 34159 complete and 0 interrupted iterations
fapi2_logged_in_high_security   [  63% ] 01/40 VUs  18m58.9s/30m0s  30.00 iters/s

running (18m59.9s), 02/40 VUs, 34188 complete and 0 interrupted iterations
fapi2_logged_in_high_security   [  63% ] 02/40 VUs  18m59.9s/30m0s  30.00 iters/s

running (19m00.9s), 01/40 VUs, 34219 complete and 0 interrupted iterations
fapi2_logged_in_high_security   [  63% ] 01/40 VUs  19m00.9s/30m0s  30.00 iters/s

running (19m01.9s), 02/40 VUs, 34248 complete and 0 interrupted iterations
fapi2_logged_in_high_security   [  63% ] 02/40 VUs  19m01.9s/30m0s  30.00 iters/s

running (19m02.9s), 01/40 VUs, 34279 complete and 0 interrupted iterations
fapi2_logged_in_high_security   [  63% ] 01/40 VUs  19m02.9s/30m0s  30.00 iters/s

running (19m03.9s), 02/40 VUs, 34308 complete and 0 interrupted iterations
fapi2_logged_in_high_security   [  64% ] 02/40 VUs  19m03.9s/30m0s  30.00 iters/s

running (19m04.9s), 02/40 VUs, 34338 complete and 0 interrupted iterations
fapi2_logged_in_high_security   [  64% ] 02/40 VUs  19m04.9s/30m0s  30.00 iters/s

running (19m05.9s), 01/40 VUs, 34369 complete and 0 interrupted iterations
fapi2_logged_in_high_security   [  64% ] 01/40 VUs  19m05.9s/30m0s  30.00 iters/s

running (19m06.9s), 01/40 VUs, 34399 complete and 0 interrupted iterations
fapi2_logged_in_high_security   [  64% ] 01/40 VUs  19m06.9s/30m0s  30.00 iters/s

running (19m07.9s), 01/40 VUs, 34429 complete and 0 interrupted iterations
fapi2_logged_in_high_security   [  64% ] 01/40 VUs  19m07.9s/30m0s  30.00 iters/s

running (19m08.9s), 02/40 VUs, 34458 complete and 0 interrupted iterations
fapi2_logged_in_high_security   [  64% ] 02/40 VUs  19m08.9s/30m0s  30.00 iters/s

running (19m09.9s), 01/40 VUs, 34489 complete and 0 interrupted iterations
fapi2_logged_in_high_security   [  64% ] 01/40 VUs  19m09.9s/30m0s  30.00 iters/s

running (19m10.9s), 02/40 VUs, 34518 complete and 0 interrupted iterations
fapi2_logged_in_high_security   [  64% ] 02/40 VUs  19m10.9s/30m0s  30.00 iters/s

running (19m11.9s), 01/40 VUs, 34549 complete and 0 interrupted iterations
fapi2_logged_in_high_security   [  64% ] 01/40 VUs  19m11.9s/30m0s  30.00 iters/s

running (19m12.9s), 01/40 VUs, 34579 complete and 0 interrupted iterations
fapi2_logged_in_high_security   [  64% ] 01/40 VUs  19m12.9s/30m0s  30.00 iters/s

running (19m13.9s), 01/40 VUs, 34609 complete and 0 interrupted iterations
fapi2_logged_in_high_security   [  64% ] 01/40 VUs  19m13.9s/30m0s  30.00 iters/s

running (19m14.9s), 02/40 VUs, 34638 complete and 0 interrupted iterations
fapi2_logged_in_high_security   [  64% ] 02/40 VUs  19m14.9s/30m0s  30.00 iters/s

running (19m15.9s), 01/40 VUs, 34669 complete and 0 interrupted iterations
fapi2_logged_in_high_security   [  64% ] 01/40 VUs  19m15.9s/30m0s  30.00 iters/s

running (19m16.9s), 01/40 VUs, 34699 complete and 0 interrupted iterations
fapi2_logged_in_high_security   [  64% ] 01/40 VUs  19m16.9s/30m0s  30.00 iters/s

running (19m17.9s), 01/40 VUs, 34729 complete and 0 interrupted iterations
fapi2_logged_in_high_security   [  64% ] 01/40 VUs  19m17.9s/30m0s  30.00 iters/s

running (19m18.9s), 01/40 VUs, 34759 complete and 0 interrupted iterations
fapi2_logged_in_high_security   [  64% ] 01/40 VUs  19m18.9s/30m0s  30.00 iters/s

running (19m19.9s), 01/40 VUs, 34789 complete and 0 interrupted iterations
fapi2_logged_in_high_security   [  64% ] 01/40 VUs  19m19.9s/30m0s  30.00 iters/s

running (19m20.9s), 01/40 VUs, 34819 complete and 0 interrupted iterations
fapi2_logged_in_high_security   [  64% ] 01/40 VUs  19m20.9s/30m0s  30.00 iters/s

running (19m21.9s), 02/40 VUs, 34848 complete and 0 interrupted iterations
fapi2_logged_in_high_security   [  65% ] 02/40 VUs  19m21.9s/30m0s  30.00 iters/s

running (19m22.9s), 01/40 VUs, 34879 complete and 0 interrupted iterations
fapi2_logged_in_high_security   [  65% ] 01/40 VUs  19m22.9s/30m0s  30.00 iters/s

running (19m23.9s), 01/40 VUs, 34909 complete and 0 interrupted iterations
fapi2_logged_in_high_security   [  65% ] 01/40 VUs  19m23.9s/30m0s  30.00 iters/s

running (19m24.9s), 01/40 VUs, 34939 complete and 0 interrupted iterations
fapi2_logged_in_high_security   [  65% ] 01/40 VUs  19m24.9s/30m0s  30.00 iters/s

running (19m25.9s), 01/40 VUs, 34969 complete and 0 interrupted iterations
fapi2_logged_in_high_security   [  65% ] 01/40 VUs  19m25.9s/30m0s  30.00 iters/s

running (19m26.9s), 01/40 VUs, 34999 complete and 0 interrupted iterations
fapi2_logged_in_high_security   [  65% ] 01/40 VUs  19m26.9s/30m0s  30.00 iters/s

running (19m27.9s), 02/40 VUs, 35028 complete and 0 interrupted iterations
fapi2_logged_in_high_security   [  65% ] 02/40 VUs  19m27.9s/30m0s  30.00 iters/s

running (19m28.9s), 02/40 VUs, 35058 complete and 0 interrupted iterations
fapi2_logged_in_high_security   [  65% ] 02/40 VUs  19m28.9s/30m0s  30.00 iters/s

running (19m29.9s), 02/40 VUs, 35088 complete and 0 interrupted iterations
fapi2_logged_in_high_security   [  65% ] 02/40 VUs  19m29.9s/30m0s  30.00 iters/s

running (19m30.9s), 02/40 VUs, 35118 complete and 0 interrupted iterations
fapi2_logged_in_high_security   [  65% ] 02/40 VUs  19m30.9s/30m0s  30.00 iters/s

running (19m31.9s), 01/40 VUs, 35149 complete and 0 interrupted iterations
fapi2_logged_in_high_security   [  65% ] 01/40 VUs  19m31.9s/30m0s  30.00 iters/s

running (19m32.9s), 01/40 VUs, 35179 complete and 0 interrupted iterations
fapi2_logged_in_high_security   [  65% ] 01/40 VUs  19m32.9s/30m0s  30.00 iters/s

running (19m33.9s), 01/40 VUs, 35209 complete and 0 interrupted iterations
fapi2_logged_in_high_security   [  65% ] 01/40 VUs  19m33.9s/30m0s  30.00 iters/s

running (19m34.9s), 02/40 VUs, 35238 complete and 0 interrupted iterations
fapi2_logged_in_high_security   [  65% ] 02/40 VUs  19m34.9s/30m0s  30.00 iters/s

running (19m35.9s), 01/40 VUs, 35269 complete and 0 interrupted iterations
fapi2_logged_in_high_security   [  65% ] 01/40 VUs  19m35.9s/30m0s  30.00 iters/s

running (19m36.9s), 02/40 VUs, 35298 complete and 0 interrupted iterations
fapi2_logged_in_high_security   [  65% ] 02/40 VUs  19m36.9s/30m0s  30.00 iters/s

running (19m37.9s), 01/40 VUs, 35329 complete and 0 interrupted iterations
fapi2_logged_in_high_security   [  65% ] 01/40 VUs  19m37.9s/30m0s  30.00 iters/s

running (19m38.9s), 01/40 VUs, 35359 complete and 0 interrupted iterations
fapi2_logged_in_high_security   [  65% ] 01/40 VUs  19m38.9s/30m0s  30.00 iters/s

running (19m39.9s), 01/40 VUs, 35389 complete and 0 interrupted iterations
fapi2_logged_in_high_security   [  66% ] 01/40 VUs  19m39.9s/30m0s  30.00 iters/s

running (19m40.9s), 02/40 VUs, 35418 complete and 0 interrupted iterations
fapi2_logged_in_high_security   [  66% ] 02/40 VUs  19m40.9s/30m0s  30.00 iters/s

running (19m41.9s), 02/40 VUs, 35448 complete and 0 interrupted iterations
fapi2_logged_in_high_security   [  66% ] 02/40 VUs  19m41.9s/30m0s  30.00 iters/s

running (19m42.9s), 01/40 VUs, 35479 complete and 0 interrupted iterations
fapi2_logged_in_high_security   [  66% ] 01/40 VUs  19m42.9s/30m0s  30.00 iters/s

running (19m43.9s), 01/40 VUs, 35509 complete and 0 interrupted iterations
fapi2_logged_in_high_security   [  66% ] 01/40 VUs  19m43.9s/30m0s  30.00 iters/s

running (19m44.9s), 01/40 VUs, 35539 complete and 0 interrupted iterations
fapi2_logged_in_high_security   [  66% ] 01/40 VUs  19m44.9s/30m0s  30.00 iters/s

running (19m45.9s), 02/40 VUs, 35568 complete and 0 interrupted iterations
fapi2_logged_in_high_security   [  66% ] 02/40 VUs  19m45.9s/30m0s  30.00 iters/s

running (19m46.9s), 02/40 VUs, 35598 complete and 0 interrupted iterations
fapi2_logged_in_high_security   [  66% ] 02/40 VUs  19m46.9s/30m0s  30.00 iters/s

running (19m47.9s), 07/40 VUs, 35623 complete and 0 interrupted iterations
fapi2_logged_in_high_security   [  66% ] 07/40 VUs  19m47.9s/30m0s  30.00 iters/s

running (19m48.9s), 02/40 VUs, 35658 complete and 0 interrupted iterations
fapi2_logged_in_high_security   [  66% ] 02/40 VUs  19m48.9s/30m0s  30.00 iters/s

running (19m49.9s), 01/40 VUs, 35689 complete and 0 interrupted iterations
fapi2_logged_in_high_security   [  66% ] 01/40 VUs  19m49.9s/30m0s  30.00 iters/s

running (19m50.9s), 02/40 VUs, 35718 complete and 0 interrupted iterations
fapi2_logged_in_high_security   [  66% ] 02/40 VUs  19m50.9s/30m0s  30.00 iters/s

running (19m51.9s), 01/40 VUs, 35749 complete and 0 interrupted iterations
fapi2_logged_in_high_security   [  66% ] 01/40 VUs  19m51.9s/30m0s  30.00 iters/s

running (19m52.9s), 02/40 VUs, 35778 complete and 0 interrupted iterations
fapi2_logged_in_high_security   [  66% ] 02/40 VUs  19m52.9s/30m0s  30.00 iters/s

running (19m53.9s), 01/40 VUs, 35809 complete and 0 interrupted iterations
fapi2_logged_in_high_security   [  66% ] 01/40 VUs  19m53.9s/30m0s  30.00 iters/s

running (19m54.9s), 01/40 VUs, 35839 complete and 0 interrupted iterations
fapi2_logged_in_high_security   [  66% ] 01/40 VUs  19m54.9s/30m0s  30.00 iters/s

running (19m55.9s), 02/40 VUs, 35868 complete and 0 interrupted iterations
fapi2_logged_in_high_security   [  66% ] 02/40 VUs  19m55.9s/30m0s  30.00 iters/s

running (19m56.9s), 01/40 VUs, 35899 complete and 0 interrupted iterations
fapi2_logged_in_high_security   [  66% ] 01/40 VUs  19m56.9s/30m0s  30.00 iters/s

running (19m57.9s), 01/40 VUs, 35929 complete and 0 interrupted iterations
fapi2_logged_in_high_security   [  67% ] 01/40 VUs  19m57.9s/30m0s  30.00 iters/s

running (19m58.9s), 02/40 VUs, 35958 complete and 0 interrupted iterations
fapi2_logged_in_high_security   [  67% ] 02/40 VUs  19m58.9s/30m0s  30.00 iters/s

running (19m59.9s), 01/40 VUs, 35989 complete and 0 interrupted iterations
fapi2_logged_in_high_security   [  67% ] 01/40 VUs  19m59.9s/30m0s  30.00 iters/s

running (20m00.9s), 02/40 VUs, 36018 complete and 0 interrupted iterations
fapi2_logged_in_high_security   [  67% ] 02/40 VUs  20m00.9s/30m0s  30.00 iters/s

running (20m01.9s), 01/40 VUs, 36049 complete and 0 interrupted iterations
fapi2_logged_in_high_security   [  67% ] 01/40 VUs  20m01.9s/30m0s  30.00 iters/s

running (20m02.9s), 01/40 VUs, 36079 complete and 0 interrupted iterations
fapi2_logged_in_high_security   [  67% ] 01/40 VUs  20m02.9s/30m0s  30.00 iters/s

running (20m03.9s), 02/40 VUs, 36108 complete and 0 interrupted iterations
fapi2_logged_in_high_security   [  67% ] 02/40 VUs  20m03.9s/30m0s  30.00 iters/s

running (20m04.9s), 01/40 VUs, 36139 complete and 0 interrupted iterations
fapi2_logged_in_high_security   [  67% ] 01/40 VUs  20m04.9s/30m0s  30.00 iters/s

running (20m05.9s), 01/40 VUs, 36169 complete and 0 interrupted iterations
fapi2_logged_in_high_security   [  67% ] 01/40 VUs  20m05.9s/30m0s  30.00 iters/s

running (20m06.9s), 01/40 VUs, 36199 complete and 0 interrupted iterations
fapi2_logged_in_high_security   [  67% ] 01/40 VUs  20m06.9s/30m0s  30.00 iters/s

running (20m07.9s), 01/40 VUs, 36229 complete and 0 interrupted iterations
fapi2_logged_in_high_security   [  67% ] 01/40 VUs  20m07.9s/30m0s  30.00 iters/s

running (20m08.9s), 02/40 VUs, 36258 complete and 0 interrupted iterations
fapi2_logged_in_high_security   [  67% ] 02/40 VUs  20m08.9s/30m0s  30.00 iters/s

running (20m09.9s), 01/40 VUs, 36289 complete and 0 interrupted iterations
fapi2_logged_in_high_security   [  67% ] 01/40 VUs  20m09.9s/30m0s  30.00 iters/s

running (20m10.9s), 01/40 VUs, 36319 complete and 0 interrupted iterations
fapi2_logged_in_high_security   [  67% ] 01/40 VUs  20m10.9s/30m0s  30.00 iters/s

running (20m11.9s), 01/40 VUs, 36349 complete and 0 interrupted iterations
fapi2_logged_in_high_security   [  67% ] 01/40 VUs  20m11.9s/30m0s  30.00 iters/s

running (20m12.9s), 01/40 VUs, 36379 complete and 0 interrupted iterations
fapi2_logged_in_high_security   [  67% ] 01/40 VUs  20m12.9s/30m0s  30.00 iters/s

running (20m13.9s), 01/40 VUs, 36409 complete and 0 interrupted iterations
fapi2_logged_in_high_security   [  67% ] 01/40 VUs  20m13.9s/30m0s  30.00 iters/s

running (20m14.9s), 01/40 VUs, 36439 complete and 0 interrupted iterations
fapi2_logged_in_high_security   [  67% ] 01/40 VUs  20m14.9s/30m0s  30.00 iters/s

running (20m15.9s), 02/40 VUs, 36468 complete and 0 interrupted iterations
fapi2_logged_in_high_security   [  68% ] 02/40 VUs  20m15.9s/30m0s  30.00 iters/s

running (20m16.9s), 02/40 VUs, 36498 complete and 0 interrupted iterations
fapi2_logged_in_high_security   [  68% ] 02/40 VUs  20m16.9s/30m0s  30.00 iters/s

running (20m17.9s), 01/40 VUs, 36529 complete and 0 interrupted iterations
fapi2_logged_in_high_security   [  68% ] 01/40 VUs  20m17.9s/30m0s  30.00 iters/s

running (20m18.9s), 01/40 VUs, 36559 complete and 0 interrupted iterations
fapi2_logged_in_high_security   [  68% ] 01/40 VUs  20m18.9s/30m0s  30.00 iters/s

running (20m19.9s), 01/40 VUs, 36589 complete and 0 interrupted iterations
fapi2_logged_in_high_security   [  68% ] 01/40 VUs  20m19.9s/30m0s  30.00 iters/s

running (20m20.9s), 01/40 VUs, 36619 complete and 0 interrupted iterations
fapi2_logged_in_high_security   [  68% ] 01/40 VUs  20m20.9s/30m0s  30.00 iters/s

running (20m21.9s), 01/40 VUs, 36649 complete and 0 interrupted iterations
fapi2_logged_in_high_security   [  68% ] 01/40 VUs  20m21.9s/30m0s  30.00 iters/s

running (20m22.9s), 02/40 VUs, 36678 complete and 0 interrupted iterations
fapi2_logged_in_high_security   [  68% ] 02/40 VUs  20m22.9s/30m0s  30.00 iters/s

running (20m23.9s), 01/40 VUs, 36709 complete and 0 interrupted iterations
fapi2_logged_in_high_security   [  68% ] 01/40 VUs  20m23.9s/30m0s  30.00 iters/s

running (20m24.9s), 01/40 VUs, 36739 complete and 0 interrupted iterations
fapi2_logged_in_high_security   [  68% ] 01/40 VUs  20m24.9s/30m0s  30.00 iters/s

running (20m25.9s), 01/40 VUs, 36769 complete and 0 interrupted iterations
fapi2_logged_in_high_security   [  68% ] 01/40 VUs  20m25.9s/30m0s  30.00 iters/s

running (20m26.9s), 02/40 VUs, 36798 complete and 0 interrupted iterations
fapi2_logged_in_high_security   [  68% ] 02/40 VUs  20m26.9s/30m0s  30.00 iters/s

running (20m27.9s), 02/40 VUs, 36828 complete and 0 interrupted iterations
fapi2_logged_in_high_security   [  68% ] 02/40 VUs  20m27.9s/30m0s  30.00 iters/s

running (20m28.9s), 01/40 VUs, 36859 complete and 0 interrupted iterations
fapi2_logged_in_high_security   [  68% ] 01/40 VUs  20m28.9s/30m0s  30.00 iters/s

running (20m29.9s), 02/40 VUs, 36888 complete and 0 interrupted iterations
fapi2_logged_in_high_security   [  68% ] 02/40 VUs  20m29.9s/30m0s  30.00 iters/s

running (20m30.9s), 01/40 VUs, 36919 complete and 0 interrupted iterations
fapi2_logged_in_high_security   [  68% ] 01/40 VUs  20m30.9s/30m0s  30.00 iters/s

running (20m31.9s), 01/40 VUs, 36949 complete and 0 interrupted iterations
fapi2_logged_in_high_security   [  68% ] 01/40 VUs  20m31.9s/30m0s  30.00 iters/s

running (20m32.9s), 02/40 VUs, 36978 complete and 0 interrupted iterations
fapi2_logged_in_high_security   [  68% ] 02/40 VUs  20m32.9s/30m0s  30.00 iters/s

running (20m33.9s), 01/40 VUs, 37009 complete and 0 interrupted iterations
fapi2_logged_in_high_security   [  69% ] 01/40 VUs  20m33.9s/30m0s  30.00 iters/s

running (20m34.9s), 02/40 VUs, 37038 complete and 0 interrupted iterations
fapi2_logged_in_high_security   [  69% ] 02/40 VUs  20m34.9s/30m0s  30.00 iters/s

running (20m35.9s), 01/40 VUs, 37069 complete and 0 interrupted iterations
fapi2_logged_in_high_security   [  69% ] 01/40 VUs  20m35.9s/30m0s  30.00 iters/s

running (20m36.9s), 01/40 VUs, 37099 complete and 0 interrupted iterations
fapi2_logged_in_high_security   [  69% ] 01/40 VUs  20m36.9s/30m0s  30.00 iters/s

running (20m37.9s), 01/40 VUs, 37129 complete and 0 interrupted iterations
fapi2_logged_in_high_security   [  69% ] 01/40 VUs  20m37.9s/30m0s  30.00 iters/s

running (20m38.9s), 01/40 VUs, 37159 complete and 0 interrupted iterations
fapi2_logged_in_high_security   [  69% ] 01/40 VUs  20m38.9s/30m0s  30.00 iters/s

running (20m39.9s), 01/40 VUs, 37189 complete and 0 interrupted iterations
fapi2_logged_in_high_security   [  69% ] 01/40 VUs  20m39.9s/30m0s  30.00 iters/s

running (20m40.9s), 01/40 VUs, 37219 complete and 0 interrupted iterations
fapi2_logged_in_high_security   [  69% ] 01/40 VUs  20m40.9s/30m0s  30.00 iters/s

running (20m41.9s), 01/40 VUs, 37249 complete and 0 interrupted iterations
fapi2_logged_in_high_security   [  69% ] 01/40 VUs  20m41.9s/30m0s  30.00 iters/s

running (20m42.9s), 01/40 VUs, 37279 complete and 0 interrupted iterations
fapi2_logged_in_high_security   [  69% ] 01/40 VUs  20m42.9s/30m0s  30.00 iters/s

running (20m43.9s), 01/40 VUs, 37309 complete and 0 interrupted iterations
fapi2_logged_in_high_security   [  69% ] 01/40 VUs  20m43.9s/30m0s  30.00 iters/s

running (20m44.9s), 03/40 VUs, 37337 complete and 0 interrupted iterations
fapi2_logged_in_high_security   [  69% ] 03/40 VUs  20m44.9s/30m0s  30.00 iters/s

running (20m45.9s), 02/40 VUs, 37368 complete and 0 interrupted iterations
fapi2_logged_in_high_security   [  69% ] 02/40 VUs  20m45.9s/30m0s  30.00 iters/s

running (20m46.9s), 02/40 VUs, 37398 complete and 0 interrupted iterations
fapi2_logged_in_high_security   [  69% ] 02/40 VUs  20m46.9s/30m0s  30.00 iters/s

running (20m47.9s), 02/40 VUs, 37428 complete and 0 interrupted iterations
fapi2_logged_in_high_security   [  69% ] 02/40 VUs  20m47.9s/30m0s  30.00 iters/s

running (20m48.9s), 02/40 VUs, 37458 complete and 0 interrupted iterations
fapi2_logged_in_high_security   [  69% ] 02/40 VUs  20m48.9s/30m0s  30.00 iters/s

running (20m49.9s), 01/40 VUs, 37489 complete and 0 interrupted iterations
fapi2_logged_in_high_security   [  69% ] 01/40 VUs  20m49.9s/30m0s  30.00 iters/s

running (20m50.9s), 02/40 VUs, 37518 complete and 0 interrupted iterations
fapi2_logged_in_high_security   [  69% ] 02/40 VUs  20m50.9s/30m0s  30.00 iters/s

running (20m51.9s), 01/40 VUs, 37549 complete and 0 interrupted iterations
fapi2_logged_in_high_security   [  70% ] 01/40 VUs  20m51.9s/30m0s  30.00 iters/s

running (20m52.9s), 01/40 VUs, 37579 complete and 0 interrupted iterations
fapi2_logged_in_high_security   [  70% ] 01/40 VUs  20m52.9s/30m0s  30.00 iters/s

running (20m53.9s), 02/40 VUs, 37608 complete and 0 interrupted iterations
fapi2_logged_in_high_security   [  70% ] 02/40 VUs  20m53.9s/30m0s  30.00 iters/s

running (20m54.9s), 02/40 VUs, 37638 complete and 0 interrupted iterations
fapi2_logged_in_high_security   [  70% ] 02/40 VUs  20m54.9s/30m0s  30.00 iters/s

running (20m55.9s), 01/40 VUs, 37669 complete and 0 interrupted iterations
fapi2_logged_in_high_security   [  70% ] 01/40 VUs  20m55.9s/30m0s  30.00 iters/s

running (20m56.9s), 02/40 VUs, 37698 complete and 0 interrupted iterations
fapi2_logged_in_high_security   [  70% ] 02/40 VUs  20m56.9s/30m0s  30.00 iters/s

running (20m57.9s), 02/40 VUs, 37728 complete and 0 interrupted iterations
fapi2_logged_in_high_security   [  70% ] 02/40 VUs  20m57.9s/30m0s  30.00 iters/s

running (20m58.9s), 02/40 VUs, 37758 complete and 0 interrupted iterations
fapi2_logged_in_high_security   [  70% ] 02/40 VUs  20m58.9s/30m0s  30.00 iters/s

running (20m59.9s), 01/40 VUs, 37789 complete and 0 interrupted iterations
fapi2_logged_in_high_security   [  70% ] 01/40 VUs  20m59.9s/30m0s  30.00 iters/s

running (21m00.9s), 01/40 VUs, 37819 complete and 0 interrupted iterations
fapi2_logged_in_high_security   [  70% ] 01/40 VUs  21m00.9s/30m0s  30.00 iters/s

running (21m01.9s), 02/40 VUs, 37848 complete and 0 interrupted iterations
fapi2_logged_in_high_security   [  70% ] 02/40 VUs  21m01.9s/30m0s  30.00 iters/s

running (21m02.9s), 01/40 VUs, 37879 complete and 0 interrupted iterations
fapi2_logged_in_high_security   [  70% ] 01/40 VUs  21m02.9s/30m0s  30.00 iters/s

running (21m03.9s), 01/40 VUs, 37909 complete and 0 interrupted iterations
fapi2_logged_in_high_security   [  70% ] 01/40 VUs  21m03.9s/30m0s  30.00 iters/s

running (21m04.9s), 02/40 VUs, 37938 complete and 0 interrupted iterations
fapi2_logged_in_high_security   [  70% ] 02/40 VUs  21m04.9s/30m0s  30.00 iters/s

running (21m05.9s), 03/40 VUs, 37967 complete and 0 interrupted iterations
fapi2_logged_in_high_security   [  70% ] 03/40 VUs  21m05.9s/30m0s  30.00 iters/s

running (21m06.9s), 02/40 VUs, 37998 complete and 0 interrupted iterations
fapi2_logged_in_high_security   [  70% ] 02/40 VUs  21m06.9s/30m0s  30.00 iters/s

running (21m07.9s), 01/40 VUs, 38029 complete and 0 interrupted iterations
fapi2_logged_in_high_security   [  70% ] 01/40 VUs  21m07.9s/30m0s  30.00 iters/s

running (21m08.9s), 02/40 VUs, 38058 complete and 0 interrupted iterations
fapi2_logged_in_high_security   [  70% ] 02/40 VUs  21m08.9s/30m0s  30.00 iters/s

running (21m09.9s), 02/40 VUs, 38088 complete and 0 interrupted iterations
fapi2_logged_in_high_security   [  71% ] 02/40 VUs  21m09.9s/30m0s  30.00 iters/s

running (21m10.9s), 02/40 VUs, 38118 complete and 0 interrupted iterations
fapi2_logged_in_high_security   [  71% ] 02/40 VUs  21m10.9s/30m0s  30.00 iters/s

running (21m11.9s), 02/40 VUs, 38148 complete and 0 interrupted iterations
fapi2_logged_in_high_security   [  71% ] 02/40 VUs  21m11.9s/30m0s  30.00 iters/s

running (21m12.9s), 01/40 VUs, 38179 complete and 0 interrupted iterations
fapi2_logged_in_high_security   [  71% ] 01/40 VUs  21m12.9s/30m0s  30.00 iters/s

running (21m13.9s), 01/40 VUs, 38209 complete and 0 interrupted iterations
fapi2_logged_in_high_security   [  71% ] 01/40 VUs  21m13.9s/30m0s  30.00 iters/s

running (21m14.9s), 02/40 VUs, 38238 complete and 0 interrupted iterations
fapi2_logged_in_high_security   [  71% ] 02/40 VUs  21m14.9s/30m0s  30.00 iters/s

running (21m15.9s), 03/40 VUs, 38267 complete and 0 interrupted iterations
fapi2_logged_in_high_security   [  71% ] 03/40 VUs  21m15.9s/30m0s  30.00 iters/s

running (21m16.9s), 01/40 VUs, 38299 complete and 0 interrupted iterations
fapi2_logged_in_high_security   [  71% ] 01/40 VUs  21m16.9s/30m0s  30.00 iters/s

running (21m17.9s), 02/40 VUs, 38328 complete and 0 interrupted iterations
fapi2_logged_in_high_security   [  71% ] 02/40 VUs  21m17.9s/30m0s  30.00 iters/s

running (21m18.9s), 01/40 VUs, 38359 complete and 0 interrupted iterations
fapi2_logged_in_high_security   [  71% ] 01/40 VUs  21m18.9s/30m0s  30.00 iters/s

running (21m19.9s), 01/40 VUs, 38389 complete and 0 interrupted iterations
fapi2_logged_in_high_security   [  71% ] 01/40 VUs  21m19.9s/30m0s  30.00 iters/s

running (21m20.9s), 02/40 VUs, 38418 complete and 0 interrupted iterations
fapi2_logged_in_high_security   [  71% ] 02/40 VUs  21m20.9s/30m0s  30.00 iters/s

running (21m21.9s), 01/40 VUs, 38449 complete and 0 interrupted iterations
fapi2_logged_in_high_security   [  71% ] 01/40 VUs  21m21.9s/30m0s  30.00 iters/s

running (21m22.9s), 01/40 VUs, 38479 complete and 0 interrupted iterations
fapi2_logged_in_high_security   [  71% ] 01/40 VUs  21m22.9s/30m0s  30.00 iters/s

running (21m23.9s), 01/40 VUs, 38509 complete and 0 interrupted iterations
fapi2_logged_in_high_security   [  71% ] 01/40 VUs  21m23.9s/30m0s  30.00 iters/s

running (21m24.9s), 01/40 VUs, 38539 complete and 0 interrupted iterations
fapi2_logged_in_high_security   [  71% ] 01/40 VUs  21m24.9s/30m0s  30.00 iters/s

running (21m25.9s), 02/40 VUs, 38568 complete and 0 interrupted iterations
fapi2_logged_in_high_security   [  71% ] 02/40 VUs  21m25.9s/30m0s  30.00 iters/s

running (21m26.9s), 02/40 VUs, 38598 complete and 0 interrupted iterations
fapi2_logged_in_high_security   [  71% ] 02/40 VUs  21m26.9s/30m0s  30.00 iters/s

running (21m27.9s), 01/40 VUs, 38629 complete and 0 interrupted iterations
fapi2_logged_in_high_security   [  72% ] 01/40 VUs  21m27.9s/30m0s  30.00 iters/s

running (21m28.9s), 01/40 VUs, 38659 complete and 0 interrupted iterations
fapi2_logged_in_high_security   [  72% ] 01/40 VUs  21m28.9s/30m0s  30.00 iters/s

running (21m29.9s), 01/40 VUs, 38689 complete and 0 interrupted iterations
fapi2_logged_in_high_security   [  72% ] 01/40 VUs  21m29.9s/30m0s  30.00 iters/s

running (21m30.9s), 02/40 VUs, 38718 complete and 0 interrupted iterations
fapi2_logged_in_high_security   [  72% ] 02/40 VUs  21m30.9s/30m0s  30.00 iters/s

running (21m31.9s), 01/40 VUs, 38749 complete and 0 interrupted iterations
fapi2_logged_in_high_security   [  72% ] 01/40 VUs  21m31.9s/30m0s  30.00 iters/s

running (21m32.9s), 02/40 VUs, 38778 complete and 0 interrupted iterations
fapi2_logged_in_high_security   [  72% ] 02/40 VUs  21m32.9s/30m0s  30.00 iters/s

running (21m33.9s), 02/40 VUs, 38808 complete and 0 interrupted iterations
fapi2_logged_in_high_security   [  72% ] 02/40 VUs  21m33.9s/30m0s  30.00 iters/s

running (21m34.9s), 02/40 VUs, 38838 complete and 0 interrupted iterations
fapi2_logged_in_high_security   [  72% ] 02/40 VUs  21m34.9s/30m0s  30.00 iters/s

running (21m35.9s), 01/40 VUs, 38869 complete and 0 interrupted iterations
fapi2_logged_in_high_security   [  72% ] 01/40 VUs  21m35.9s/30m0s  30.00 iters/s

running (21m36.9s), 02/40 VUs, 38898 complete and 0 interrupted iterations
fapi2_logged_in_high_security   [  72% ] 02/40 VUs  21m36.9s/30m0s  30.00 iters/s

running (21m37.9s), 02/40 VUs, 38928 complete and 0 interrupted iterations
fapi2_logged_in_high_security   [  72% ] 02/40 VUs  21m37.9s/30m0s  30.00 iters/s

running (21m38.9s), 02/40 VUs, 38958 complete and 0 interrupted iterations
fapi2_logged_in_high_security   [  72% ] 02/40 VUs  21m38.9s/30m0s  30.00 iters/s

running (21m39.9s), 02/40 VUs, 38988 complete and 0 interrupted iterations
fapi2_logged_in_high_security   [  72% ] 02/40 VUs  21m39.9s/30m0s  30.00 iters/s

running (21m40.9s), 02/40 VUs, 39018 complete and 0 interrupted iterations
fapi2_logged_in_high_security   [  72% ] 02/40 VUs  21m40.9s/30m0s  30.00 iters/s

running (21m41.9s), 02/40 VUs, 39048 complete and 0 interrupted iterations
fapi2_logged_in_high_security   [  72% ] 02/40 VUs  21m41.9s/30m0s  30.00 iters/s

running (21m42.9s), 02/40 VUs, 39078 complete and 0 interrupted iterations
fapi2_logged_in_high_security   [  72% ] 02/40 VUs  21m42.9s/30m0s  30.00 iters/s

running (21m43.9s), 01/40 VUs, 39109 complete and 0 interrupted iterations
fapi2_logged_in_high_security   [  72% ] 01/40 VUs  21m43.9s/30m0s  30.00 iters/s

running (21m44.9s), 02/40 VUs, 39138 complete and 0 interrupted iterations
fapi2_logged_in_high_security   [  72% ] 02/40 VUs  21m44.9s/30m0s  30.00 iters/s

running (21m45.9s), 02/40 VUs, 39168 complete and 0 interrupted iterations
fapi2_logged_in_high_security   [  73% ] 02/40 VUs  21m45.9s/30m0s  30.00 iters/s

running (21m46.9s), 02/40 VUs, 39198 complete and 0 interrupted iterations
fapi2_logged_in_high_security   [  73% ] 02/40 VUs  21m46.9s/30m0s  30.00 iters/s

running (21m47.9s), 02/40 VUs, 39228 complete and 0 interrupted iterations
fapi2_logged_in_high_security   [  73% ] 02/40 VUs  21m47.9s/30m0s  30.00 iters/s

running (21m48.9s), 01/40 VUs, 39259 complete and 0 interrupted iterations
fapi2_logged_in_high_security   [  73% ] 01/40 VUs  21m48.9s/30m0s  30.00 iters/s

running (21m49.9s), 02/40 VUs, 39288 complete and 0 interrupted iterations
fapi2_logged_in_high_security   [  73% ] 02/40 VUs  21m49.9s/30m0s  30.00 iters/s

running (21m50.9s), 02/40 VUs, 39318 complete and 0 interrupted iterations
fapi2_logged_in_high_security   [  73% ] 02/40 VUs  21m50.9s/30m0s  30.00 iters/s

running (21m51.9s), 02/40 VUs, 39348 complete and 0 interrupted iterations
fapi2_logged_in_high_security   [  73% ] 02/40 VUs  21m51.9s/30m0s  30.00 iters/s

running (21m52.9s), 02/40 VUs, 39378 complete and 0 interrupted iterations
fapi2_logged_in_high_security   [  73% ] 02/40 VUs  21m52.9s/30m0s  30.00 iters/s

running (21m53.9s), 02/40 VUs, 39408 complete and 0 interrupted iterations
fapi2_logged_in_high_security   [  73% ] 02/40 VUs  21m53.9s/30m0s  30.00 iters/s

running (21m54.9s), 02/40 VUs, 39438 complete and 0 interrupted iterations
fapi2_logged_in_high_security   [  73% ] 02/40 VUs  21m54.9s/30m0s  30.00 iters/s

running (21m55.9s), 02/40 VUs, 39468 complete and 0 interrupted iterations
fapi2_logged_in_high_security   [  73% ] 02/40 VUs  21m55.9s/30m0s  30.00 iters/s

running (21m56.9s), 02/40 VUs, 39498 complete and 0 interrupted iterations
fapi2_logged_in_high_security   [  73% ] 02/40 VUs  21m56.9s/30m0s  30.00 iters/s

running (21m57.9s), 03/40 VUs, 39527 complete and 0 interrupted iterations
fapi2_logged_in_high_security   [  73% ] 03/40 VUs  21m57.9s/30m0s  30.00 iters/s

running (21m58.9s), 02/40 VUs, 39558 complete and 0 interrupted iterations
fapi2_logged_in_high_security   [  73% ] 02/40 VUs  21m58.9s/30m0s  30.00 iters/s

running (21m59.9s), 02/40 VUs, 39588 complete and 0 interrupted iterations
fapi2_logged_in_high_security   [  73% ] 02/40 VUs  21m59.9s/30m0s  30.00 iters/s

running (22m00.9s), 02/40 VUs, 39618 complete and 0 interrupted iterations
fapi2_logged_in_high_security   [  73% ] 02/40 VUs  22m00.9s/30m0s  30.00 iters/s

running (22m01.9s), 02/40 VUs, 39648 complete and 0 interrupted iterations
fapi2_logged_in_high_security   [  73% ] 02/40 VUs  22m01.9s/30m0s  30.00 iters/s

running (22m02.9s), 02/40 VUs, 39678 complete and 0 interrupted iterations
fapi2_logged_in_high_security   [  73% ] 02/40 VUs  22m02.9s/30m0s  30.00 iters/s

running (22m03.9s), 01/40 VUs, 39709 complete and 0 interrupted iterations
fapi2_logged_in_high_security   [  74% ] 01/40 VUs  22m03.9s/30m0s  30.00 iters/s

running (22m04.9s), 01/40 VUs, 39739 complete and 0 interrupted iterations
fapi2_logged_in_high_security   [  74% ] 01/40 VUs  22m04.9s/30m0s  30.00 iters/s

running (22m05.9s), 02/40 VUs, 39768 complete and 0 interrupted iterations
fapi2_logged_in_high_security   [  74% ] 02/40 VUs  22m05.9s/30m0s  30.00 iters/s

running (22m06.9s), 02/40 VUs, 39798 complete and 0 interrupted iterations
fapi2_logged_in_high_security   [  74% ] 02/40 VUs  22m06.9s/30m0s  30.00 iters/s

running (22m07.9s), 02/40 VUs, 39828 complete and 0 interrupted iterations
fapi2_logged_in_high_security   [  74% ] 02/40 VUs  22m07.9s/30m0s  30.00 iters/s

running (22m08.9s), 02/40 VUs, 39858 complete and 0 interrupted iterations
fapi2_logged_in_high_security   [  74% ] 02/40 VUs  22m08.9s/30m0s  30.00 iters/s

running (22m09.9s), 02/40 VUs, 39888 complete and 0 interrupted iterations
fapi2_logged_in_high_security   [  74% ] 02/40 VUs  22m09.9s/30m0s  30.00 iters/s

running (22m10.9s), 02/40 VUs, 39918 complete and 0 interrupted iterations
fapi2_logged_in_high_security   [  74% ] 02/40 VUs  22m10.9s/30m0s  30.00 iters/s

running (22m11.9s), 02/40 VUs, 39948 complete and 0 interrupted iterations
fapi2_logged_in_high_security   [  74% ] 02/40 VUs  22m11.9s/30m0s  30.00 iters/s

running (22m12.9s), 02/40 VUs, 39978 complete and 0 interrupted iterations
fapi2_logged_in_high_security   [  74% ] 02/40 VUs  22m12.9s/30m0s  30.00 iters/s

running (22m13.9s), 01/40 VUs, 40009 complete and 0 interrupted iterations
fapi2_logged_in_high_security   [  74% ] 01/40 VUs  22m13.9s/30m0s  30.00 iters/s

running (22m14.9s), 02/40 VUs, 40038 complete and 0 interrupted iterations
fapi2_logged_in_high_security   [  74% ] 02/40 VUs  22m14.9s/30m0s  30.00 iters/s

running (22m15.9s), 01/40 VUs, 40069 complete and 0 interrupted iterations
fapi2_logged_in_high_security   [  74% ] 01/40 VUs  22m15.9s/30m0s  30.00 iters/s

running (22m16.9s), 02/40 VUs, 40098 complete and 0 interrupted iterations
fapi2_logged_in_high_security   [  74% ] 02/40 VUs  22m16.9s/30m0s  30.00 iters/s

running (22m17.9s), 01/40 VUs, 40129 complete and 0 interrupted iterations
fapi2_logged_in_high_security   [  74% ] 01/40 VUs  22m17.9s/30m0s  30.00 iters/s

running (22m18.9s), 01/40 VUs, 40159 complete and 0 interrupted iterations
fapi2_logged_in_high_security   [  74% ] 01/40 VUs  22m18.9s/30m0s  30.00 iters/s

running (22m19.9s), 01/40 VUs, 40189 complete and 0 interrupted iterations
fapi2_logged_in_high_security   [  74% ] 01/40 VUs  22m19.9s/30m0s  30.00 iters/s

running (22m20.9s), 02/40 VUs, 40218 complete and 0 interrupted iterations
fapi2_logged_in_high_security   [  74% ] 02/40 VUs  22m20.9s/30m0s  30.00 iters/s

running (22m21.9s), 02/40 VUs, 40248 complete and 0 interrupted iterations
fapi2_logged_in_high_security   [  75% ] 02/40 VUs  22m21.9s/30m0s  30.00 iters/s

running (22m22.9s), 01/40 VUs, 40279 complete and 0 interrupted iterations
fapi2_logged_in_high_security   [  75% ] 01/40 VUs  22m22.9s/30m0s  30.00 iters/s

running (22m23.9s), 01/40 VUs, 40309 complete and 0 interrupted iterations
fapi2_logged_in_high_security   [  75% ] 01/40 VUs  22m23.9s/30m0s  30.00 iters/s

running (22m24.9s), 01/40 VUs, 40339 complete and 0 interrupted iterations
fapi2_logged_in_high_security   [  75% ] 01/40 VUs  22m24.9s/30m0s  30.00 iters/s

running (22m25.9s), 02/40 VUs, 40368 complete and 0 interrupted iterations
fapi2_logged_in_high_security   [  75% ] 02/40 VUs  22m25.9s/30m0s  30.00 iters/s

running (22m26.9s), 01/40 VUs, 40399 complete and 0 interrupted iterations
fapi2_logged_in_high_security   [  75% ] 01/40 VUs  22m26.9s/30m0s  30.00 iters/s

running (22m27.9s), 02/40 VUs, 40428 complete and 0 interrupted iterations
fapi2_logged_in_high_security   [  75% ] 02/40 VUs  22m27.9s/30m0s  30.00 iters/s

running (22m28.9s), 01/40 VUs, 40459 complete and 0 interrupted iterations
fapi2_logged_in_high_security   [  75% ] 01/40 VUs  22m28.9s/30m0s  30.00 iters/s

running (22m29.9s), 02/40 VUs, 40488 complete and 0 interrupted iterations
fapi2_logged_in_high_security   [  75% ] 02/40 VUs  22m29.9s/30m0s  30.00 iters/s

running (22m30.9s), 02/40 VUs, 40518 complete and 0 interrupted iterations
fapi2_logged_in_high_security   [  75% ] 02/40 VUs  22m30.9s/30m0s  30.00 iters/s

running (22m31.9s), 02/40 VUs, 40548 complete and 0 interrupted iterations
fapi2_logged_in_high_security   [  75% ] 02/40 VUs  22m31.9s/30m0s  30.00 iters/s

running (22m32.9s), 02/40 VUs, 40578 complete and 0 interrupted iterations
fapi2_logged_in_high_security   [  75% ] 02/40 VUs  22m32.9s/30m0s  30.00 iters/s

running (22m33.9s), 02/40 VUs, 40608 complete and 0 interrupted iterations
fapi2_logged_in_high_security   [  75% ] 02/40 VUs  22m33.9s/30m0s  30.00 iters/s

running (22m34.9s), 01/40 VUs, 40639 complete and 0 interrupted iterations
fapi2_logged_in_high_security   [  75% ] 01/40 VUs  22m34.9s/30m0s  30.00 iters/s

running (22m35.9s), 01/40 VUs, 40669 complete and 0 interrupted iterations
fapi2_logged_in_high_security   [  75% ] 01/40 VUs  22m35.9s/30m0s  30.00 iters/s

running (22m36.9s), 02/40 VUs, 40698 complete and 0 interrupted iterations
fapi2_logged_in_high_security   [  75% ] 02/40 VUs  22m36.9s/30m0s  30.00 iters/s

running (22m37.9s), 01/40 VUs, 40729 complete and 0 interrupted iterations
fapi2_logged_in_high_security   [  75% ] 01/40 VUs  22m37.9s/30m0s  30.00 iters/s

running (22m38.9s), 03/40 VUs, 40757 complete and 0 interrupted iterations
fapi2_logged_in_high_security   [  75% ] 03/40 VUs  22m38.9s/30m0s  30.00 iters/s

running (22m39.9s), 01/40 VUs, 40789 complete and 0 interrupted iterations
fapi2_logged_in_high_security   [  76% ] 01/40 VUs  22m39.9s/30m0s  30.00 iters/s

running (22m40.9s), 02/40 VUs, 40818 complete and 0 interrupted iterations
fapi2_logged_in_high_security   [  76% ] 02/40 VUs  22m40.9s/30m0s  30.00 iters/s

running (22m41.9s), 02/40 VUs, 40848 complete and 0 interrupted iterations
fapi2_logged_in_high_security   [  76% ] 02/40 VUs  22m41.9s/30m0s  30.00 iters/s

running (22m42.9s), 04/40 VUs, 40876 complete and 0 interrupted iterations
fapi2_logged_in_high_security   [  76% ] 04/40 VUs  22m42.9s/30m0s  30.00 iters/s

running (22m43.9s), 02/40 VUs, 40908 complete and 0 interrupted iterations
fapi2_logged_in_high_security   [  76% ] 02/40 VUs  22m43.9s/30m0s  30.00 iters/s

running (22m44.9s), 02/40 VUs, 40938 complete and 0 interrupted iterations
fapi2_logged_in_high_security   [  76% ] 02/40 VUs  22m44.9s/30m0s  30.00 iters/s

running (22m45.9s), 02/40 VUs, 40968 complete and 0 interrupted iterations
fapi2_logged_in_high_security   [  76% ] 02/40 VUs  22m45.9s/30m0s  30.00 iters/s

running (22m46.9s), 02/40 VUs, 40998 complete and 0 interrupted iterations
fapi2_logged_in_high_security   [  76% ] 02/40 VUs  22m46.9s/30m0s  30.00 iters/s

running (22m47.9s), 02/40 VUs, 41028 complete and 0 interrupted iterations
fapi2_logged_in_high_security   [  76% ] 02/40 VUs  22m47.9s/30m0s  30.00 iters/s

running (22m48.9s), 02/40 VUs, 41058 complete and 0 interrupted iterations
fapi2_logged_in_high_security   [  76% ] 02/40 VUs  22m48.9s/30m0s  30.00 iters/s

running (22m49.9s), 02/40 VUs, 41088 complete and 0 interrupted iterations
fapi2_logged_in_high_security   [  76% ] 02/40 VUs  22m49.9s/30m0s  30.00 iters/s

running (22m50.9s), 01/40 VUs, 41119 complete and 0 interrupted iterations
fapi2_logged_in_high_security   [  76% ] 01/40 VUs  22m50.9s/30m0s  30.00 iters/s

running (22m51.9s), 01/40 VUs, 41149 complete and 0 interrupted iterations
fapi2_logged_in_high_security   [  76% ] 01/40 VUs  22m51.9s/30m0s  30.00 iters/s

running (22m52.9s), 01/40 VUs, 41179 complete and 0 interrupted iterations
fapi2_logged_in_high_security   [  76% ] 01/40 VUs  22m52.9s/30m0s  30.00 iters/s

running (22m53.9s), 02/40 VUs, 41208 complete and 0 interrupted iterations
fapi2_logged_in_high_security   [  76% ] 02/40 VUs  22m53.9s/30m0s  30.00 iters/s

running (22m54.9s), 02/40 VUs, 41238 complete and 0 interrupted iterations
fapi2_logged_in_high_security   [  76% ] 02/40 VUs  22m54.9s/30m0s  30.00 iters/s

running (22m55.9s), 02/40 VUs, 41268 complete and 0 interrupted iterations
fapi2_logged_in_high_security   [  76% ] 02/40 VUs  22m55.9s/30m0s  30.00 iters/s

running (22m56.9s), 02/40 VUs, 41298 complete and 0 interrupted iterations
fapi2_logged_in_high_security   [  76% ] 02/40 VUs  22m56.9s/30m0s  30.00 iters/s

running (22m57.9s), 02/40 VUs, 41328 complete and 0 interrupted iterations
fapi2_logged_in_high_security   [  77% ] 02/40 VUs  22m57.9s/30m0s  30.00 iters/s

running (22m58.9s), 02/40 VUs, 41358 complete and 0 interrupted iterations
fapi2_logged_in_high_security   [  77% ] 02/40 VUs  22m58.9s/30m0s  30.00 iters/s

running (22m59.9s), 02/40 VUs, 41388 complete and 0 interrupted iterations
fapi2_logged_in_high_security   [  77% ] 02/40 VUs  22m59.9s/30m0s  30.00 iters/s

running (23m00.9s), 02/40 VUs, 41418 complete and 0 interrupted iterations
fapi2_logged_in_high_security   [  77% ] 02/40 VUs  23m00.9s/30m0s  30.00 iters/s

running (23m01.9s), 01/40 VUs, 41449 complete and 0 interrupted iterations
fapi2_logged_in_high_security   [  77% ] 01/40 VUs  23m01.9s/30m0s  30.00 iters/s

running (23m02.9s), 03/40 VUs, 41477 complete and 0 interrupted iterations
fapi2_logged_in_high_security   [  77% ] 03/40 VUs  23m02.9s/30m0s  30.00 iters/s

running (23m03.9s), 01/40 VUs, 41509 complete and 0 interrupted iterations
fapi2_logged_in_high_security   [  77% ] 01/40 VUs  23m03.9s/30m0s  30.00 iters/s

running (23m04.9s), 02/40 VUs, 41538 complete and 0 interrupted iterations
fapi2_logged_in_high_security   [  77% ] 02/40 VUs  23m04.9s/30m0s  30.00 iters/s

running (23m05.9s), 02/40 VUs, 41568 complete and 0 interrupted iterations
fapi2_logged_in_high_security   [  77% ] 02/40 VUs  23m05.9s/30m0s  30.00 iters/s

running (23m06.9s), 01/40 VUs, 41599 complete and 0 interrupted iterations
fapi2_logged_in_high_security   [  77% ] 01/40 VUs  23m06.9s/30m0s  30.00 iters/s

running (23m07.9s), 01/40 VUs, 41629 complete and 0 interrupted iterations
fapi2_logged_in_high_security   [  77% ] 01/40 VUs  23m07.9s/30m0s  30.00 iters/s

running (23m08.9s), 01/40 VUs, 41659 complete and 0 interrupted iterations
fapi2_logged_in_high_security   [  77% ] 01/40 VUs  23m08.9s/30m0s  30.00 iters/s

running (23m09.9s), 02/40 VUs, 41688 complete and 0 interrupted iterations
fapi2_logged_in_high_security   [  77% ] 02/40 VUs  23m09.9s/30m0s  30.00 iters/s

running (23m10.9s), 01/40 VUs, 41719 complete and 0 interrupted iterations
fapi2_logged_in_high_security   [  77% ] 01/40 VUs  23m10.9s/30m0s  30.00 iters/s

running (23m11.9s), 02/40 VUs, 41748 complete and 0 interrupted iterations
fapi2_logged_in_high_security   [  77% ] 02/40 VUs  23m11.9s/30m0s  30.00 iters/s

running (23m12.9s), 01/40 VUs, 41779 complete and 0 interrupted iterations
fapi2_logged_in_high_security   [  77% ] 01/40 VUs  23m12.9s/30m0s  30.00 iters/s

running (23m13.9s), 01/40 VUs, 41809 complete and 0 interrupted iterations
fapi2_logged_in_high_security   [  77% ] 01/40 VUs  23m13.9s/30m0s  30.00 iters/s

running (23m14.9s), 01/40 VUs, 41839 complete and 0 interrupted iterations
fapi2_logged_in_high_security   [  77% ] 01/40 VUs  23m14.9s/30m0s  30.00 iters/s

running (23m15.9s), 01/40 VUs, 41869 complete and 0 interrupted iterations
fapi2_logged_in_high_security   [  78% ] 01/40 VUs  23m15.9s/30m0s  30.00 iters/s

running (23m16.9s), 02/40 VUs, 41898 complete and 0 interrupted iterations
fapi2_logged_in_high_security   [  78% ] 02/40 VUs  23m16.9s/30m0s  30.00 iters/s

running (23m17.9s), 01/40 VUs, 41929 complete and 0 interrupted iterations
fapi2_logged_in_high_security   [  78% ] 01/40 VUs  23m17.9s/30m0s  30.00 iters/s

running (23m18.9s), 01/40 VUs, 41959 complete and 0 interrupted iterations
fapi2_logged_in_high_security   [  78% ] 01/40 VUs  23m18.9s/30m0s  30.00 iters/s

running (23m19.9s), 02/40 VUs, 41988 complete and 0 interrupted iterations
fapi2_logged_in_high_security   [  78% ] 02/40 VUs  23m19.9s/30m0s  30.00 iters/s

running (23m20.9s), 02/40 VUs, 42018 complete and 0 interrupted iterations
fapi2_logged_in_high_security   [  78% ] 02/40 VUs  23m20.9s/30m0s  30.00 iters/s

running (23m21.9s), 01/40 VUs, 42049 complete and 0 interrupted iterations
fapi2_logged_in_high_security   [  78% ] 01/40 VUs  23m21.9s/30m0s  30.00 iters/s

running (23m22.9s), 02/40 VUs, 42078 complete and 0 interrupted iterations
fapi2_logged_in_high_security   [  78% ] 02/40 VUs  23m22.9s/30m0s  30.00 iters/s

running (23m23.9s), 01/40 VUs, 42109 complete and 0 interrupted iterations
fapi2_logged_in_high_security   [  78% ] 01/40 VUs  23m23.9s/30m0s  30.00 iters/s

running (23m24.9s), 01/40 VUs, 42139 complete and 0 interrupted iterations
fapi2_logged_in_high_security   [  78% ] 01/40 VUs  23m24.9s/30m0s  30.00 iters/s

running (23m25.9s), 01/40 VUs, 42169 complete and 0 interrupted iterations
fapi2_logged_in_high_security   [  78% ] 01/40 VUs  23m25.9s/30m0s  30.00 iters/s

running (23m26.9s), 02/40 VUs, 42198 complete and 0 interrupted iterations
fapi2_logged_in_high_security   [  78% ] 02/40 VUs  23m26.9s/30m0s  30.00 iters/s

running (23m27.9s), 01/40 VUs, 42229 complete and 0 interrupted iterations
fapi2_logged_in_high_security   [  78% ] 01/40 VUs  23m27.9s/30m0s  30.00 iters/s

running (23m28.9s), 01/40 VUs, 42259 complete and 0 interrupted iterations
fapi2_logged_in_high_security   [  78% ] 01/40 VUs  23m28.9s/30m0s  30.00 iters/s

running (23m29.9s), 01/40 VUs, 42289 complete and 0 interrupted iterations
fapi2_logged_in_high_security   [  78% ] 01/40 VUs  23m29.9s/30m0s  30.00 iters/s

running (23m30.9s), 01/40 VUs, 42319 complete and 0 interrupted iterations
fapi2_logged_in_high_security   [  78% ] 01/40 VUs  23m30.9s/30m0s  30.00 iters/s

running (23m31.9s), 01/40 VUs, 42349 complete and 0 interrupted iterations
fapi2_logged_in_high_security   [  78% ] 01/40 VUs  23m31.9s/30m0s  30.00 iters/s

running (23m32.9s), 01/40 VUs, 42379 complete and 0 interrupted iterations
fapi2_logged_in_high_security   [  78% ] 01/40 VUs  23m32.9s/30m0s  30.00 iters/s

running (23m33.9s), 01/40 VUs, 42409 complete and 0 interrupted iterations
fapi2_logged_in_high_security   [  79% ] 01/40 VUs  23m33.9s/30m0s  30.00 iters/s

running (23m34.9s), 01/40 VUs, 42439 complete and 0 interrupted iterations
fapi2_logged_in_high_security   [  79% ] 01/40 VUs  23m34.9s/30m0s  30.00 iters/s

running (23m35.9s), 02/40 VUs, 42468 complete and 0 interrupted iterations
fapi2_logged_in_high_security   [  79% ] 02/40 VUs  23m35.9s/30m0s  30.00 iters/s

running (23m36.9s), 01/40 VUs, 42499 complete and 0 interrupted iterations
fapi2_logged_in_high_security   [  79% ] 01/40 VUs  23m36.9s/30m0s  30.00 iters/s

running (23m37.9s), 03/40 VUs, 42527 complete and 0 interrupted iterations
fapi2_logged_in_high_security   [  79% ] 03/40 VUs  23m37.9s/30m0s  30.00 iters/s

running (23m38.9s), 02/40 VUs, 42558 complete and 0 interrupted iterations
fapi2_logged_in_high_security   [  79% ] 02/40 VUs  23m38.9s/30m0s  30.00 iters/s

running (23m39.9s), 02/40 VUs, 42588 complete and 0 interrupted iterations
fapi2_logged_in_high_security   [  79% ] 02/40 VUs  23m39.9s/30m0s  30.00 iters/s

running (23m40.9s), 02/40 VUs, 42618 complete and 0 interrupted iterations
fapi2_logged_in_high_security   [  79% ] 02/40 VUs  23m40.9s/30m0s  30.00 iters/s

running (23m41.9s), 01/40 VUs, 42649 complete and 0 interrupted iterations
fapi2_logged_in_high_security   [  79% ] 01/40 VUs  23m41.9s/30m0s  30.00 iters/s

running (23m42.9s), 01/40 VUs, 42679 complete and 0 interrupted iterations
fapi2_logged_in_high_security   [  79% ] 01/40 VUs  23m42.9s/30m0s  30.00 iters/s

running (23m43.9s), 02/40 VUs, 42708 complete and 0 interrupted iterations
fapi2_logged_in_high_security   [  79% ] 02/40 VUs  23m43.9s/30m0s  30.00 iters/s

running (23m44.9s), 01/40 VUs, 42739 complete and 0 interrupted iterations
fapi2_logged_in_high_security   [  79% ] 01/40 VUs  23m44.9s/30m0s  30.00 iters/s

running (23m45.9s), 02/40 VUs, 42768 complete and 0 interrupted iterations
fapi2_logged_in_high_security   [  79% ] 02/40 VUs  23m45.9s/30m0s  30.00 iters/s

running (23m46.9s), 02/40 VUs, 42798 complete and 0 interrupted iterations
fapi2_logged_in_high_security   [  79% ] 02/40 VUs  23m46.9s/30m0s  30.00 iters/s

running (23m47.9s), 02/40 VUs, 42828 complete and 0 interrupted iterations
fapi2_logged_in_high_security   [  79% ] 02/40 VUs  23m47.9s/30m0s  30.00 iters/s

running (23m48.9s), 02/40 VUs, 42858 complete and 0 interrupted iterations
fapi2_logged_in_high_security   [  79% ] 02/40 VUs  23m48.9s/30m0s  30.00 iters/s

running (23m49.9s), 01/40 VUs, 42889 complete and 0 interrupted iterations
fapi2_logged_in_high_security   [  79% ] 01/40 VUs  23m49.9s/30m0s  30.00 iters/s

running (23m50.9s), 02/40 VUs, 42918 complete and 0 interrupted iterations
fapi2_logged_in_high_security   [  79% ] 02/40 VUs  23m50.9s/30m0s  30.00 iters/s

running (23m51.9s), 01/40 VUs, 42949 complete and 0 interrupted iterations
fapi2_logged_in_high_security   [  80% ] 01/40 VUs  23m51.9s/30m0s  30.00 iters/s

running (23m52.9s), 02/40 VUs, 42978 complete and 0 interrupted iterations
fapi2_logged_in_high_security   [  80% ] 02/40 VUs  23m52.9s/30m0s  30.00 iters/s

running (23m53.9s), 02/40 VUs, 43008 complete and 0 interrupted iterations
fapi2_logged_in_high_security   [  80% ] 02/40 VUs  23m53.9s/30m0s  30.00 iters/s

running (23m54.9s), 01/40 VUs, 43039 complete and 0 interrupted iterations
fapi2_logged_in_high_security   [  80% ] 01/40 VUs  23m54.9s/30m0s  30.00 iters/s

running (23m55.9s), 01/40 VUs, 43069 complete and 0 interrupted iterations
fapi2_logged_in_high_security   [  80% ] 01/40 VUs  23m55.9s/30m0s  30.00 iters/s

running (23m56.9s), 02/40 VUs, 43098 complete and 0 interrupted iterations
fapi2_logged_in_high_security   [  80% ] 02/40 VUs  23m56.9s/30m0s  30.00 iters/s

running (23m57.9s), 02/40 VUs, 43128 complete and 0 interrupted iterations
fapi2_logged_in_high_security   [  80% ] 02/40 VUs  23m57.9s/30m0s  30.00 iters/s

running (23m58.9s), 02/40 VUs, 43158 complete and 0 interrupted iterations
fapi2_logged_in_high_security   [  80% ] 02/40 VUs  23m58.9s/30m0s  30.00 iters/s

running (23m59.9s), 01/40 VUs, 43189 complete and 0 interrupted iterations
fapi2_logged_in_high_security   [  80% ] 01/40 VUs  23m59.9s/30m0s  30.00 iters/s

running (24m00.9s), 02/40 VUs, 43218 complete and 0 interrupted iterations
fapi2_logged_in_high_security   [  80% ] 02/40 VUs  24m00.9s/30m0s  30.00 iters/s

running (24m01.9s), 01/40 VUs, 43249 complete and 0 interrupted iterations
fapi2_logged_in_high_security   [  80% ] 01/40 VUs  24m01.9s/30m0s  30.00 iters/s

running (24m02.9s), 02/40 VUs, 43278 complete and 0 interrupted iterations
fapi2_logged_in_high_security   [  80% ] 02/40 VUs  24m02.9s/30m0s  30.00 iters/s

running (24m03.9s), 01/40 VUs, 43309 complete and 0 interrupted iterations
fapi2_logged_in_high_security   [  80% ] 01/40 VUs  24m03.9s/30m0s  30.00 iters/s

running (24m04.9s), 01/40 VUs, 43339 complete and 0 interrupted iterations
fapi2_logged_in_high_security   [  80% ] 01/40 VUs  24m04.9s/30m0s  30.00 iters/s

running (24m05.9s), 02/40 VUs, 43368 complete and 0 interrupted iterations
fapi2_logged_in_high_security   [  80% ] 02/40 VUs  24m05.9s/30m0s  30.00 iters/s

running (24m06.9s), 01/40 VUs, 43399 complete and 0 interrupted iterations
fapi2_logged_in_high_security   [  80% ] 01/40 VUs  24m06.9s/30m0s  30.00 iters/s

running (24m07.9s), 01/40 VUs, 43429 complete and 0 interrupted iterations
fapi2_logged_in_high_security   [  80% ] 01/40 VUs  24m07.9s/30m0s  30.00 iters/s

running (24m08.9s), 01/40 VUs, 43459 complete and 0 interrupted iterations
fapi2_logged_in_high_security   [  80% ] 01/40 VUs  24m08.9s/30m0s  30.00 iters/s

running (24m09.9s), 02/40 VUs, 43488 complete and 0 interrupted iterations
fapi2_logged_in_high_security   [  81% ] 02/40 VUs  24m09.9s/30m0s  30.00 iters/s

running (24m10.9s), 02/40 VUs, 43518 complete and 0 interrupted iterations
fapi2_logged_in_high_security   [  81% ] 02/40 VUs  24m10.9s/30m0s  30.00 iters/s

running (24m11.9s), 02/40 VUs, 43548 complete and 0 interrupted iterations
fapi2_logged_in_high_security   [  81% ] 02/40 VUs  24m11.9s/30m0s  30.00 iters/s

running (24m12.9s), 02/40 VUs, 43578 complete and 0 interrupted iterations
fapi2_logged_in_high_security   [  81% ] 02/40 VUs  24m12.9s/30m0s  30.00 iters/s

running (24m13.9s), 01/40 VUs, 43609 complete and 0 interrupted iterations
fapi2_logged_in_high_security   [  81% ] 01/40 VUs  24m13.9s/30m0s  30.00 iters/s

running (24m14.9s), 02/40 VUs, 43638 complete and 0 interrupted iterations
fapi2_logged_in_high_security   [  81% ] 02/40 VUs  24m14.9s/30m0s  30.00 iters/s

running (24m15.9s), 01/40 VUs, 43669 complete and 0 interrupted iterations
fapi2_logged_in_high_security   [  81% ] 01/40 VUs  24m15.9s/30m0s  30.00 iters/s

running (24m16.9s), 01/40 VUs, 43699 complete and 0 interrupted iterations
fapi2_logged_in_high_security   [  81% ] 01/40 VUs  24m16.9s/30m0s  30.00 iters/s

running (24m17.9s), 01/40 VUs, 43729 complete and 0 interrupted iterations
fapi2_logged_in_high_security   [  81% ] 01/40 VUs  24m17.9s/30m0s  30.00 iters/s

running (24m18.9s), 01/40 VUs, 43759 complete and 0 interrupted iterations
fapi2_logged_in_high_security   [  81% ] 01/40 VUs  24m18.9s/30m0s  30.00 iters/s

running (24m19.9s), 01/40 VUs, 43789 complete and 0 interrupted iterations
fapi2_logged_in_high_security   [  81% ] 01/40 VUs  24m19.9s/30m0s  30.00 iters/s

running (24m20.9s), 01/40 VUs, 43819 complete and 0 interrupted iterations
fapi2_logged_in_high_security   [  81% ] 01/40 VUs  24m20.9s/30m0s  30.00 iters/s

running (24m21.9s), 02/40 VUs, 43848 complete and 0 interrupted iterations
fapi2_logged_in_high_security   [  81% ] 02/40 VUs  24m21.9s/30m0s  30.00 iters/s

running (24m22.9s), 02/40 VUs, 43878 complete and 0 interrupted iterations
fapi2_logged_in_high_security   [  81% ] 02/40 VUs  24m22.9s/30m0s  30.00 iters/s

running (24m23.9s), 02/40 VUs, 43908 complete and 0 interrupted iterations
fapi2_logged_in_high_security   [  81% ] 02/40 VUs  24m23.9s/30m0s  30.00 iters/s

running (24m24.9s), 01/40 VUs, 43939 complete and 0 interrupted iterations
fapi2_logged_in_high_security   [  81% ] 01/40 VUs  24m24.9s/30m0s  30.00 iters/s

running (24m25.9s), 01/40 VUs, 43969 complete and 0 interrupted iterations
fapi2_logged_in_high_security   [  81% ] 01/40 VUs  24m25.9s/30m0s  30.00 iters/s

running (24m26.9s), 01/40 VUs, 43999 complete and 0 interrupted iterations
fapi2_logged_in_high_security   [  81% ] 01/40 VUs  24m26.9s/30m0s  30.00 iters/s

running (24m27.9s), 02/40 VUs, 44028 complete and 0 interrupted iterations
fapi2_logged_in_high_security   [  82% ] 02/40 VUs  24m27.9s/30m0s  30.00 iters/s

running (24m28.9s), 01/40 VUs, 44059 complete and 0 interrupted iterations
fapi2_logged_in_high_security   [  82% ] 01/40 VUs  24m28.9s/30m0s  30.00 iters/s

running (24m29.9s), 02/40 VUs, 44088 complete and 0 interrupted iterations
fapi2_logged_in_high_security   [  82% ] 02/40 VUs  24m29.9s/30m0s  30.00 iters/s

running (24m30.9s), 03/40 VUs, 44117 complete and 0 interrupted iterations
fapi2_logged_in_high_security   [  82% ] 03/40 VUs  24m30.9s/30m0s  30.00 iters/s

running (24m31.9s), 01/40 VUs, 44149 complete and 0 interrupted iterations
fapi2_logged_in_high_security   [  82% ] 01/40 VUs  24m31.9s/30m0s  30.00 iters/s

running (24m32.9s), 02/40 VUs, 44178 complete and 0 interrupted iterations
fapi2_logged_in_high_security   [  82% ] 02/40 VUs  24m32.9s/30m0s  30.00 iters/s

running (24m33.9s), 01/40 VUs, 44209 complete and 0 interrupted iterations
fapi2_logged_in_high_security   [  82% ] 01/40 VUs  24m33.9s/30m0s  30.00 iters/s

running (24m34.9s), 01/40 VUs, 44239 complete and 0 interrupted iterations
fapi2_logged_in_high_security   [  82% ] 01/40 VUs  24m34.9s/30m0s  30.00 iters/s

running (24m35.9s), 02/40 VUs, 44268 complete and 0 interrupted iterations
fapi2_logged_in_high_security   [  82% ] 02/40 VUs  24m35.9s/30m0s  30.00 iters/s

running (24m36.9s), 02/40 VUs, 44298 complete and 0 interrupted iterations
fapi2_logged_in_high_security   [  82% ] 02/40 VUs  24m36.9s/30m0s  30.00 iters/s

running (24m37.9s), 02/40 VUs, 44328 complete and 0 interrupted iterations
fapi2_logged_in_high_security   [  82% ] 02/40 VUs  24m37.9s/30m0s  30.00 iters/s

running (24m38.9s), 02/40 VUs, 44358 complete and 0 interrupted iterations
fapi2_logged_in_high_security   [  82% ] 02/40 VUs  24m38.9s/30m0s  30.00 iters/s

running (24m39.9s), 01/40 VUs, 44389 complete and 0 interrupted iterations
fapi2_logged_in_high_security   [  82% ] 01/40 VUs  24m39.9s/30m0s  30.00 iters/s

running (24m40.9s), 01/40 VUs, 44419 complete and 0 interrupted iterations
fapi2_logged_in_high_security   [  82% ] 01/40 VUs  24m40.9s/30m0s  30.00 iters/s

running (24m41.9s), 01/40 VUs, 44449 complete and 0 interrupted iterations
fapi2_logged_in_high_security   [  82% ] 01/40 VUs  24m41.9s/30m0s  30.00 iters/s

running (24m42.9s), 01/40 VUs, 44479 complete and 0 interrupted iterations
fapi2_logged_in_high_security   [  82% ] 01/40 VUs  24m42.9s/30m0s  30.00 iters/s

running (24m43.9s), 02/40 VUs, 44508 complete and 0 interrupted iterations
fapi2_logged_in_high_security   [  82% ] 02/40 VUs  24m43.9s/30m0s  30.00 iters/s

running (24m44.9s), 01/40 VUs, 44539 complete and 0 interrupted iterations
fapi2_logged_in_high_security   [  82% ] 01/40 VUs  24m44.9s/30m0s  30.00 iters/s

running (24m45.9s), 02/40 VUs, 44568 complete and 0 interrupted iterations
fapi2_logged_in_high_security   [  83% ] 02/40 VUs  24m45.9s/30m0s  30.00 iters/s

running (24m46.9s), 01/40 VUs, 44599 complete and 0 interrupted iterations
fapi2_logged_in_high_security   [  83% ] 01/40 VUs  24m46.9s/30m0s  30.00 iters/s

running (24m47.9s), 01/40 VUs, 44629 complete and 0 interrupted iterations
fapi2_logged_in_high_security   [  83% ] 01/40 VUs  24m47.9s/30m0s  30.00 iters/s

running (24m48.9s), 02/40 VUs, 44658 complete and 0 interrupted iterations
fapi2_logged_in_high_security   [  83% ] 02/40 VUs  24m48.9s/30m0s  30.00 iters/s

running (24m49.9s), 01/40 VUs, 44689 complete and 0 interrupted iterations
fapi2_logged_in_high_security   [  83% ] 01/40 VUs  24m49.9s/30m0s  30.00 iters/s

running (24m50.9s), 02/40 VUs, 44718 complete and 0 interrupted iterations
fapi2_logged_in_high_security   [  83% ] 02/40 VUs  24m50.9s/30m0s  30.00 iters/s

running (24m51.9s), 02/40 VUs, 44748 complete and 0 interrupted iterations
fapi2_logged_in_high_security   [  83% ] 02/40 VUs  24m51.9s/30m0s  30.00 iters/s

running (24m52.9s), 01/40 VUs, 44779 complete and 0 interrupted iterations
fapi2_logged_in_high_security   [  83% ] 01/40 VUs  24m52.9s/30m0s  30.00 iters/s

running (24m53.9s), 01/40 VUs, 44809 complete and 0 interrupted iterations
fapi2_logged_in_high_security   [  83% ] 01/40 VUs  24m53.9s/30m0s  30.00 iters/s

running (24m54.9s), 02/40 VUs, 44838 complete and 0 interrupted iterations
fapi2_logged_in_high_security   [  83% ] 02/40 VUs  24m54.9s/30m0s  30.00 iters/s

running (24m55.9s), 01/40 VUs, 44869 complete and 0 interrupted iterations
fapi2_logged_in_high_security   [  83% ] 01/40 VUs  24m55.9s/30m0s  30.00 iters/s

running (24m56.9s), 01/40 VUs, 44899 complete and 0 interrupted iterations
fapi2_logged_in_high_security   [  83% ] 01/40 VUs  24m56.9s/30m0s  30.00 iters/s

running (24m57.9s), 02/40 VUs, 44928 complete and 0 interrupted iterations
fapi2_logged_in_high_security   [  83% ] 02/40 VUs  24m57.9s/30m0s  30.00 iters/s

running (24m58.9s), 02/40 VUs, 44958 complete and 0 interrupted iterations
fapi2_logged_in_high_security   [  83% ] 02/40 VUs  24m58.9s/30m0s  30.00 iters/s

running (24m59.9s), 02/40 VUs, 44988 complete and 0 interrupted iterations
fapi2_logged_in_high_security   [  83% ] 02/40 VUs  24m59.9s/30m0s  30.00 iters/s

running (25m00.9s), 01/40 VUs, 45019 complete and 0 interrupted iterations
fapi2_logged_in_high_security   [  83% ] 01/40 VUs  25m00.9s/30m0s  30.00 iters/s

running (25m01.9s), 02/40 VUs, 45048 complete and 0 interrupted iterations
fapi2_logged_in_high_security   [  83% ] 02/40 VUs  25m01.9s/30m0s  30.00 iters/s

running (25m02.9s), 02/40 VUs, 45078 complete and 0 interrupted iterations
fapi2_logged_in_high_security   [  83% ] 02/40 VUs  25m02.9s/30m0s  30.00 iters/s

running (25m03.9s), 01/40 VUs, 45109 complete and 0 interrupted iterations
fapi2_logged_in_high_security   [  84% ] 01/40 VUs  25m03.9s/30m0s  30.00 iters/s

running (25m04.9s), 01/40 VUs, 45139 complete and 0 interrupted iterations
fapi2_logged_in_high_security   [  84% ] 01/40 VUs  25m04.9s/30m0s  30.00 iters/s

running (25m05.9s), 01/40 VUs, 45169 complete and 0 interrupted iterations
fapi2_logged_in_high_security   [  84% ] 01/40 VUs  25m05.9s/30m0s  30.00 iters/s

running (25m06.9s), 01/40 VUs, 45199 complete and 0 interrupted iterations
fapi2_logged_in_high_security   [  84% ] 01/40 VUs  25m06.9s/30m0s  30.00 iters/s

running (25m07.9s), 01/40 VUs, 45229 complete and 0 interrupted iterations
fapi2_logged_in_high_security   [  84% ] 01/40 VUs  25m07.9s/30m0s  30.00 iters/s

running (25m08.9s), 02/40 VUs, 45258 complete and 0 interrupted iterations
fapi2_logged_in_high_security   [  84% ] 02/40 VUs  25m08.9s/30m0s  30.00 iters/s

running (25m09.9s), 01/40 VUs, 45289 complete and 0 interrupted iterations
fapi2_logged_in_high_security   [  84% ] 01/40 VUs  25m09.9s/30m0s  30.00 iters/s

running (25m10.9s), 01/40 VUs, 45319 complete and 0 interrupted iterations
fapi2_logged_in_high_security   [  84% ] 01/40 VUs  25m10.9s/30m0s  30.00 iters/s

running (25m11.9s), 01/40 VUs, 45349 complete and 0 interrupted iterations
fapi2_logged_in_high_security   [  84% ] 01/40 VUs  25m11.9s/30m0s  30.00 iters/s

running (25m12.9s), 07/40 VUs, 45373 complete and 0 interrupted iterations
fapi2_logged_in_high_security   [  84% ] 07/40 VUs  25m12.9s/30m0s  30.00 iters/s

running (25m13.9s), 01/40 VUs, 45409 complete and 0 interrupted iterations
fapi2_logged_in_high_security   [  84% ] 01/40 VUs  25m13.9s/30m0s  30.00 iters/s

running (25m14.9s), 01/40 VUs, 45439 complete and 0 interrupted iterations
fapi2_logged_in_high_security   [  84% ] 01/40 VUs  25m14.9s/30m0s  30.00 iters/s

running (25m15.9s), 01/40 VUs, 45469 complete and 0 interrupted iterations
fapi2_logged_in_high_security   [  84% ] 01/40 VUs  25m15.9s/30m0s  30.00 iters/s

running (25m16.9s), 01/40 VUs, 45499 complete and 0 interrupted iterations
fapi2_logged_in_high_security   [  84% ] 01/40 VUs  25m16.9s/30m0s  30.00 iters/s

running (25m17.9s), 01/40 VUs, 45529 complete and 0 interrupted iterations
fapi2_logged_in_high_security   [  84% ] 01/40 VUs  25m17.9s/30m0s  30.00 iters/s

running (25m18.9s), 02/40 VUs, 45558 complete and 0 interrupted iterations
fapi2_logged_in_high_security   [  84% ] 02/40 VUs  25m18.9s/30m0s  30.00 iters/s

running (25m19.9s), 01/40 VUs, 45589 complete and 0 interrupted iterations
fapi2_logged_in_high_security   [  84% ] 01/40 VUs  25m19.9s/30m0s  30.00 iters/s

running (25m20.9s), 01/40 VUs, 45619 complete and 0 interrupted iterations
fapi2_logged_in_high_security   [  84% ] 01/40 VUs  25m20.9s/30m0s  30.00 iters/s

running (25m21.9s), 01/40 VUs, 45649 complete and 0 interrupted iterations
fapi2_logged_in_high_security   [  85% ] 01/40 VUs  25m21.9s/30m0s  30.00 iters/s

running (25m22.9s), 01/40 VUs, 45679 complete and 0 interrupted iterations
fapi2_logged_in_high_security   [  85% ] 01/40 VUs  25m22.9s/30m0s  30.00 iters/s

running (25m23.9s), 02/40 VUs, 45708 complete and 0 interrupted iterations
fapi2_logged_in_high_security   [  85% ] 02/40 VUs  25m23.9s/30m0s  30.00 iters/s

running (25m24.9s), 02/40 VUs, 45738 complete and 0 interrupted iterations
fapi2_logged_in_high_security   [  85% ] 02/40 VUs  25m24.9s/30m0s  30.00 iters/s

running (25m25.9s), 01/40 VUs, 45769 complete and 0 interrupted iterations
fapi2_logged_in_high_security   [  85% ] 01/40 VUs  25m25.9s/30m0s  30.00 iters/s

running (25m26.9s), 02/40 VUs, 45798 complete and 0 interrupted iterations
fapi2_logged_in_high_security   [  85% ] 02/40 VUs  25m26.9s/30m0s  30.00 iters/s

running (25m27.9s), 01/40 VUs, 45829 complete and 0 interrupted iterations
fapi2_logged_in_high_security   [  85% ] 01/40 VUs  25m27.9s/30m0s  30.00 iters/s

running (25m28.9s), 02/40 VUs, 45858 complete and 0 interrupted iterations
fapi2_logged_in_high_security   [  85% ] 02/40 VUs  25m28.9s/30m0s  30.00 iters/s

running (25m29.9s), 02/40 VUs, 45888 complete and 0 interrupted iterations
fapi2_logged_in_high_security   [  85% ] 02/40 VUs  25m29.9s/30m0s  30.00 iters/s

running (25m30.9s), 01/40 VUs, 45919 complete and 0 interrupted iterations
fapi2_logged_in_high_security   [  85% ] 01/40 VUs  25m30.9s/30m0s  30.00 iters/s

running (25m31.9s), 02/40 VUs, 45948 complete and 0 interrupted iterations
fapi2_logged_in_high_security   [  85% ] 02/40 VUs  25m31.9s/30m0s  30.00 iters/s

running (25m32.9s), 02/40 VUs, 45978 complete and 0 interrupted iterations
fapi2_logged_in_high_security   [  85% ] 02/40 VUs  25m32.9s/30m0s  30.00 iters/s

running (25m33.9s), 01/40 VUs, 46009 complete and 0 interrupted iterations
fapi2_logged_in_high_security   [  85% ] 01/40 VUs  25m33.9s/30m0s  30.00 iters/s

running (25m34.9s), 01/40 VUs, 46039 complete and 0 interrupted iterations
fapi2_logged_in_high_security   [  85% ] 01/40 VUs  25m34.9s/30m0s  30.00 iters/s

running (25m35.9s), 02/40 VUs, 46067 complete and 0 interrupted iterations
fapi2_logged_in_high_security   [  85% ] 02/40 VUs  25m35.9s/30m0s  30.00 iters/s

running (25m36.9s), 01/40 VUs, 46099 complete and 0 interrupted iterations
fapi2_logged_in_high_security   [  85% ] 01/40 VUs  25m36.9s/30m0s  30.00 iters/s

running (25m37.9s), 01/40 VUs, 46129 complete and 0 interrupted iterations
fapi2_logged_in_high_security   [  85% ] 01/40 VUs  25m37.9s/30m0s  30.00 iters/s

running (25m38.9s), 01/40 VUs, 46159 complete and 0 interrupted iterations
fapi2_logged_in_high_security   [  85% ] 01/40 VUs  25m38.9s/30m0s  30.00 iters/s

running (25m39.9s), 01/40 VUs, 46189 complete and 0 interrupted iterations
fapi2_logged_in_high_security   [  86% ] 01/40 VUs  25m39.9s/30m0s  30.00 iters/s

running (25m40.9s), 01/40 VUs, 46219 complete and 0 interrupted iterations
fapi2_logged_in_high_security   [  86% ] 01/40 VUs  25m40.9s/30m0s  30.00 iters/s

running (25m41.9s), 02/40 VUs, 46248 complete and 0 interrupted iterations
fapi2_logged_in_high_security   [  86% ] 02/40 VUs  25m41.9s/30m0s  30.00 iters/s

running (25m42.9s), 04/40 VUs, 46276 complete and 0 interrupted iterations
fapi2_logged_in_high_security   [  86% ] 04/40 VUs  25m42.9s/30m0s  30.00 iters/s

running (25m43.9s), 02/40 VUs, 46308 complete and 0 interrupted iterations
fapi2_logged_in_high_security   [  86% ] 02/40 VUs  25m43.9s/30m0s  30.00 iters/s

running (25m44.9s), 02/40 VUs, 46338 complete and 0 interrupted iterations
fapi2_logged_in_high_security   [  86% ] 02/40 VUs  25m44.9s/30m0s  30.00 iters/s

running (25m45.9s), 02/40 VUs, 46368 complete and 0 interrupted iterations
fapi2_logged_in_high_security   [  86% ] 02/40 VUs  25m45.9s/30m0s  30.00 iters/s

running (25m46.9s), 02/40 VUs, 46398 complete and 0 interrupted iterations
fapi2_logged_in_high_security   [  86% ] 02/40 VUs  25m46.9s/30m0s  30.00 iters/s

running (25m47.9s), 01/40 VUs, 46429 complete and 0 interrupted iterations
fapi2_logged_in_high_security   [  86% ] 01/40 VUs  25m47.9s/30m0s  30.00 iters/s

running (25m48.9s), 02/40 VUs, 46458 complete and 0 interrupted iterations
fapi2_logged_in_high_security   [  86% ] 02/40 VUs  25m48.9s/30m0s  30.00 iters/s

running (25m49.9s), 04/40 VUs, 46486 complete and 0 interrupted iterations
fapi2_logged_in_high_security   [  86% ] 04/40 VUs  25m49.9s/30m0s  30.00 iters/s

running (25m50.9s), 01/40 VUs, 46519 complete and 0 interrupted iterations
fapi2_logged_in_high_security   [  86% ] 01/40 VUs  25m50.9s/30m0s  30.00 iters/s

running (25m51.9s), 01/40 VUs, 46549 complete and 0 interrupted iterations
fapi2_logged_in_high_security   [  86% ] 01/40 VUs  25m51.9s/30m0s  30.00 iters/s

running (25m52.9s), 02/40 VUs, 46578 complete and 0 interrupted iterations
fapi2_logged_in_high_security   [  86% ] 02/40 VUs  25m52.9s/30m0s  30.00 iters/s

running (25m53.9s), 02/40 VUs, 46608 complete and 0 interrupted iterations
fapi2_logged_in_high_security   [  86% ] 02/40 VUs  25m53.9s/30m0s  30.00 iters/s

running (25m54.9s), 02/40 VUs, 46638 complete and 0 interrupted iterations
fapi2_logged_in_high_security   [  86% ] 02/40 VUs  25m54.9s/30m0s  30.00 iters/s

running (25m55.9s), 02/40 VUs, 46668 complete and 0 interrupted iterations
fapi2_logged_in_high_security   [  86% ] 02/40 VUs  25m55.9s/30m0s  30.00 iters/s

running (25m56.9s), 03/40 VUs, 46697 complete and 0 interrupted iterations
fapi2_logged_in_high_security   [  86% ] 03/40 VUs  25m56.9s/30m0s  30.00 iters/s

running (25m57.9s), 02/40 VUs, 46728 complete and 0 interrupted iterations
fapi2_logged_in_high_security   [  87% ] 02/40 VUs  25m57.9s/30m0s  30.00 iters/s

running (25m58.9s), 02/40 VUs, 46758 complete and 0 interrupted iterations
fapi2_logged_in_high_security   [  87% ] 02/40 VUs  25m58.9s/30m0s  30.00 iters/s

running (25m59.9s), 02/40 VUs, 46788 complete and 0 interrupted iterations
fapi2_logged_in_high_security   [  87% ] 02/40 VUs  25m59.9s/30m0s  30.00 iters/s

running (26m00.9s), 01/40 VUs, 46819 complete and 0 interrupted iterations
fapi2_logged_in_high_security   [  87% ] 01/40 VUs  26m00.9s/30m0s  30.00 iters/s

running (26m01.9s), 02/40 VUs, 46848 complete and 0 interrupted iterations
fapi2_logged_in_high_security   [  87% ] 02/40 VUs  26m01.9s/30m0s  30.00 iters/s

running (26m02.9s), 02/40 VUs, 46878 complete and 0 interrupted iterations
fapi2_logged_in_high_security   [  87% ] 02/40 VUs  26m02.9s/30m0s  30.00 iters/s

running (26m03.9s), 02/40 VUs, 46908 complete and 0 interrupted iterations
fapi2_logged_in_high_security   [  87% ] 02/40 VUs  26m03.9s/30m0s  30.00 iters/s

running (26m04.9s), 01/40 VUs, 46939 complete and 0 interrupted iterations
fapi2_logged_in_high_security   [  87% ] 01/40 VUs  26m04.9s/30m0s  30.00 iters/s

running (26m05.9s), 10/40 VUs, 46960 complete and 0 interrupted iterations
fapi2_logged_in_high_security   [  87% ] 10/40 VUs  26m05.9s/30m0s  30.00 iters/s

running (26m06.9s), 02/40 VUs, 46998 complete and 0 interrupted iterations
fapi2_logged_in_high_security   [  87% ] 02/40 VUs  26m06.9s/30m0s  30.00 iters/s

running (26m07.9s), 02/40 VUs, 47028 complete and 0 interrupted iterations
fapi2_logged_in_high_security   [  87% ] 02/40 VUs  26m07.9s/30m0s  30.00 iters/s

running (26m08.9s), 02/40 VUs, 47058 complete and 0 interrupted iterations
fapi2_logged_in_high_security   [  87% ] 02/40 VUs  26m08.9s/30m0s  30.00 iters/s

running (26m09.9s), 01/40 VUs, 47089 complete and 0 interrupted iterations
fapi2_logged_in_high_security   [  87% ] 01/40 VUs  26m09.9s/30m0s  30.00 iters/s

running (26m10.9s), 02/40 VUs, 47118 complete and 0 interrupted iterations
fapi2_logged_in_high_security   [  87% ] 02/40 VUs  26m10.9s/30m0s  30.00 iters/s

running (26m11.9s), 01/40 VUs, 47149 complete and 0 interrupted iterations
fapi2_logged_in_high_security   [  87% ] 01/40 VUs  26m11.9s/30m0s  30.00 iters/s

running (26m12.9s), 02/40 VUs, 47178 complete and 0 interrupted iterations
fapi2_logged_in_high_security   [  87% ] 02/40 VUs  26m12.9s/30m0s  30.00 iters/s

running (26m13.9s), 01/40 VUs, 47209 complete and 0 interrupted iterations
fapi2_logged_in_high_security   [  87% ] 01/40 VUs  26m13.9s/30m0s  30.00 iters/s

running (26m14.9s), 02/40 VUs, 47238 complete and 0 interrupted iterations
fapi2_logged_in_high_security   [  87% ] 02/40 VUs  26m14.9s/30m0s  30.00 iters/s

running (26m15.9s), 01/40 VUs, 47269 complete and 0 interrupted iterations
fapi2_logged_in_high_security   [  88% ] 01/40 VUs  26m15.9s/30m0s  30.00 iters/s

running (26m16.9s), 01/40 VUs, 47299 complete and 0 interrupted iterations
fapi2_logged_in_high_security   [  88% ] 01/40 VUs  26m16.9s/30m0s  30.00 iters/s

running (26m17.9s), 02/40 VUs, 47328 complete and 0 interrupted iterations
fapi2_logged_in_high_security   [  88% ] 02/40 VUs  26m17.9s/30m0s  30.00 iters/s

running (26m18.9s), 02/40 VUs, 47358 complete and 0 interrupted iterations
fapi2_logged_in_high_security   [  88% ] 02/40 VUs  26m18.9s/30m0s  30.00 iters/s

running (26m19.9s), 01/40 VUs, 47389 complete and 0 interrupted iterations
fapi2_logged_in_high_security   [  88% ] 01/40 VUs  26m19.9s/30m0s  30.00 iters/s

running (26m20.9s), 02/40 VUs, 47418 complete and 0 interrupted iterations
fapi2_logged_in_high_security   [  88% ] 02/40 VUs  26m20.9s/30m0s  30.00 iters/s

running (26m21.9s), 01/40 VUs, 47449 complete and 0 interrupted iterations
fapi2_logged_in_high_security   [  88% ] 01/40 VUs  26m21.9s/30m0s  30.00 iters/s

running (26m22.9s), 02/40 VUs, 47478 complete and 0 interrupted iterations
fapi2_logged_in_high_security   [  88% ] 02/40 VUs  26m22.9s/30m0s  30.00 iters/s

running (26m23.9s), 02/40 VUs, 47508 complete and 0 interrupted iterations
fapi2_logged_in_high_security   [  88% ] 02/40 VUs  26m23.9s/30m0s  30.00 iters/s

running (26m24.9s), 01/40 VUs, 47539 complete and 0 interrupted iterations
fapi2_logged_in_high_security   [  88% ] 01/40 VUs  26m24.9s/30m0s  30.00 iters/s

running (26m25.9s), 02/40 VUs, 47568 complete and 0 interrupted iterations
fapi2_logged_in_high_security   [  88% ] 02/40 VUs  26m25.9s/30m0s  30.00 iters/s

running (26m26.9s), 01/40 VUs, 47599 complete and 0 interrupted iterations
fapi2_logged_in_high_security   [  88% ] 01/40 VUs  26m26.9s/30m0s  30.00 iters/s

running (26m27.9s), 01/40 VUs, 47629 complete and 0 interrupted iterations
fapi2_logged_in_high_security   [  88% ] 01/40 VUs  26m27.9s/30m0s  30.00 iters/s

running (26m28.9s), 02/40 VUs, 47658 complete and 0 interrupted iterations
fapi2_logged_in_high_security   [  88% ] 02/40 VUs  26m28.9s/30m0s  30.00 iters/s

running (26m29.9s), 02/40 VUs, 47688 complete and 0 interrupted iterations
fapi2_logged_in_high_security   [  88% ] 02/40 VUs  26m29.9s/30m0s  30.00 iters/s

running (26m30.9s), 01/40 VUs, 47719 complete and 0 interrupted iterations
fapi2_logged_in_high_security   [  88% ] 01/40 VUs  26m30.9s/30m0s  30.00 iters/s

running (26m31.9s), 01/40 VUs, 47749 complete and 0 interrupted iterations
fapi2_logged_in_high_security   [  88% ] 01/40 VUs  26m31.9s/30m0s  30.00 iters/s

running (26m32.9s), 02/40 VUs, 47778 complete and 0 interrupted iterations
fapi2_logged_in_high_security   [  88% ] 02/40 VUs  26m32.9s/30m0s  30.00 iters/s

running (26m33.9s), 01/40 VUs, 47809 complete and 0 interrupted iterations
fapi2_logged_in_high_security   [  89% ] 01/40 VUs  26m33.9s/30m0s  30.00 iters/s

running (26m34.9s), 01/40 VUs, 47839 complete and 0 interrupted iterations
fapi2_logged_in_high_security   [  89% ] 01/40 VUs  26m34.9s/30m0s  30.00 iters/s

running (26m35.9s), 01/40 VUs, 47869 complete and 0 interrupted iterations
fapi2_logged_in_high_security   [  89% ] 01/40 VUs  26m35.9s/30m0s  30.00 iters/s

running (26m36.9s), 01/40 VUs, 47899 complete and 0 interrupted iterations
fapi2_logged_in_high_security   [  89% ] 01/40 VUs  26m36.9s/30m0s  30.00 iters/s

running (26m37.9s), 01/40 VUs, 47929 complete and 0 interrupted iterations
fapi2_logged_in_high_security   [  89% ] 01/40 VUs  26m37.9s/30m0s  30.00 iters/s

running (26m38.9s), 01/40 VUs, 47959 complete and 0 interrupted iterations
fapi2_logged_in_high_security   [  89% ] 01/40 VUs  26m38.9s/30m0s  30.00 iters/s

running (26m39.9s), 01/40 VUs, 47989 complete and 0 interrupted iterations
fapi2_logged_in_high_security   [  89% ] 01/40 VUs  26m39.9s/30m0s  30.00 iters/s

running (26m40.9s), 02/40 VUs, 48018 complete and 0 interrupted iterations
fapi2_logged_in_high_security   [  89% ] 02/40 VUs  26m40.9s/30m0s  30.00 iters/s

running (26m41.9s), 02/40 VUs, 48048 complete and 0 interrupted iterations
fapi2_logged_in_high_security   [  89% ] 02/40 VUs  26m41.9s/30m0s  30.00 iters/s

running (26m42.9s), 02/40 VUs, 48078 complete and 0 interrupted iterations
fapi2_logged_in_high_security   [  89% ] 02/40 VUs  26m42.9s/30m0s  30.00 iters/s

running (26m43.9s), 01/40 VUs, 48109 complete and 0 interrupted iterations
fapi2_logged_in_high_security   [  89% ] 01/40 VUs  26m43.9s/30m0s  30.00 iters/s

running (26m44.9s), 01/40 VUs, 48139 complete and 0 interrupted iterations
fapi2_logged_in_high_security   [  89% ] 01/40 VUs  26m44.9s/30m0s  30.00 iters/s

running (26m45.9s), 01/40 VUs, 48169 complete and 0 interrupted iterations
fapi2_logged_in_high_security   [  89% ] 01/40 VUs  26m45.9s/30m0s  30.00 iters/s

running (26m46.9s), 01/40 VUs, 48199 complete and 0 interrupted iterations
fapi2_logged_in_high_security   [  89% ] 01/40 VUs  26m46.9s/30m0s  30.00 iters/s

running (26m47.9s), 01/40 VUs, 48229 complete and 0 interrupted iterations
fapi2_logged_in_high_security   [  89% ] 01/40 VUs  26m47.9s/30m0s  30.00 iters/s

running (26m48.9s), 01/40 VUs, 48259 complete and 0 interrupted iterations
fapi2_logged_in_high_security   [  89% ] 01/40 VUs  26m48.9s/30m0s  30.00 iters/s

running (26m49.9s), 02/40 VUs, 48288 complete and 0 interrupted iterations
fapi2_logged_in_high_security   [  89% ] 02/40 VUs  26m49.9s/30m0s  30.00 iters/s

running (26m50.9s), 01/40 VUs, 48319 complete and 0 interrupted iterations
fapi2_logged_in_high_security   [  89% ] 01/40 VUs  26m50.9s/30m0s  30.00 iters/s

running (26m51.9s), 01/40 VUs, 48349 complete and 0 interrupted iterations
fapi2_logged_in_high_security   [  90% ] 01/40 VUs  26m51.9s/30m0s  30.00 iters/s

running (26m52.9s), 02/40 VUs, 48378 complete and 0 interrupted iterations
fapi2_logged_in_high_security   [  90% ] 02/40 VUs  26m52.9s/30m0s  30.00 iters/s

running (26m53.9s), 01/40 VUs, 48409 complete and 0 interrupted iterations
fapi2_logged_in_high_security   [  90% ] 01/40 VUs  26m53.9s/30m0s  30.00 iters/s

running (26m54.9s), 01/40 VUs, 48439 complete and 0 interrupted iterations
fapi2_logged_in_high_security   [  90% ] 01/40 VUs  26m54.9s/30m0s  30.00 iters/s

running (26m55.9s), 01/40 VUs, 48469 complete and 0 interrupted iterations
fapi2_logged_in_high_security   [  90% ] 01/40 VUs  26m55.9s/30m0s  30.00 iters/s

running (26m56.9s), 01/40 VUs, 48499 complete and 0 interrupted iterations
fapi2_logged_in_high_security   [  90% ] 01/40 VUs  26m56.9s/30m0s  30.00 iters/s

running (26m57.9s), 02/40 VUs, 48528 complete and 0 interrupted iterations
fapi2_logged_in_high_security   [  90% ] 02/40 VUs  26m57.9s/30m0s  30.00 iters/s

running (26m58.9s), 02/40 VUs, 48558 complete and 0 interrupted iterations
fapi2_logged_in_high_security   [  90% ] 02/40 VUs  26m58.9s/30m0s  30.00 iters/s

running (26m59.9s), 02/40 VUs, 48588 complete and 0 interrupted iterations
fapi2_logged_in_high_security   [  90% ] 02/40 VUs  26m59.9s/30m0s  30.00 iters/s

running (27m00.9s), 02/40 VUs, 48618 complete and 0 interrupted iterations
fapi2_logged_in_high_security   [  90% ] 02/40 VUs  27m00.9s/30m0s  30.00 iters/s

running (27m01.9s), 02/40 VUs, 48648 complete and 0 interrupted iterations
fapi2_logged_in_high_security   [  90% ] 02/40 VUs  27m01.9s/30m0s  30.00 iters/s

running (27m02.9s), 03/40 VUs, 48677 complete and 0 interrupted iterations
fapi2_logged_in_high_security   [  90% ] 03/40 VUs  27m02.9s/30m0s  30.00 iters/s

running (27m03.9s), 02/40 VUs, 48708 complete and 0 interrupted iterations
fapi2_logged_in_high_security   [  90% ] 02/40 VUs  27m03.9s/30m0s  30.00 iters/s

running (27m04.9s), 07/40 VUs, 48733 complete and 0 interrupted iterations
fapi2_logged_in_high_security   [  90% ] 07/40 VUs  27m04.9s/30m0s  30.00 iters/s

running (27m05.9s), 02/40 VUs, 48768 complete and 0 interrupted iterations
fapi2_logged_in_high_security   [  90% ] 02/40 VUs  27m05.9s/30m0s  30.00 iters/s

running (27m06.9s), 01/40 VUs, 48799 complete and 0 interrupted iterations
fapi2_logged_in_high_security   [  90% ] 01/40 VUs  27m06.9s/30m0s  30.00 iters/s

running (27m07.9s), 01/40 VUs, 48829 complete and 0 interrupted iterations
fapi2_logged_in_high_security   [  90% ] 01/40 VUs  27m07.9s/30m0s  30.00 iters/s

running (27m08.9s), 01/40 VUs, 48859 complete and 0 interrupted iterations
fapi2_logged_in_high_security   [  90% ] 01/40 VUs  27m08.9s/30m0s  30.00 iters/s

running (27m09.9s), 01/40 VUs, 48889 complete and 0 interrupted iterations
fapi2_logged_in_high_security   [  91% ] 01/40 VUs  27m09.9s/30m0s  30.00 iters/s

running (27m10.9s), 01/40 VUs, 48919 complete and 0 interrupted iterations
fapi2_logged_in_high_security   [  91% ] 01/40 VUs  27m10.9s/30m0s  30.00 iters/s

running (27m11.9s), 01/40 VUs, 48949 complete and 0 interrupted iterations
fapi2_logged_in_high_security   [  91% ] 01/40 VUs  27m11.9s/30m0s  30.00 iters/s

running (27m12.9s), 01/40 VUs, 48979 complete and 0 interrupted iterations
fapi2_logged_in_high_security   [  91% ] 01/40 VUs  27m12.9s/30m0s  30.00 iters/s

running (27m13.9s), 01/40 VUs, 49009 complete and 0 interrupted iterations
fapi2_logged_in_high_security   [  91% ] 01/40 VUs  27m13.9s/30m0s  30.00 iters/s

running (27m14.9s), 01/40 VUs, 49039 complete and 0 interrupted iterations
fapi2_logged_in_high_security   [  91% ] 01/40 VUs  27m14.9s/30m0s  30.00 iters/s

running (27m15.9s), 01/40 VUs, 49069 complete and 0 interrupted iterations
fapi2_logged_in_high_security   [  91% ] 01/40 VUs  27m15.9s/30m0s  30.00 iters/s

running (27m16.9s), 01/40 VUs, 49099 complete and 0 interrupted iterations
fapi2_logged_in_high_security   [  91% ] 01/40 VUs  27m16.9s/30m0s  30.00 iters/s

running (27m17.9s), 01/40 VUs, 49129 complete and 0 interrupted iterations
fapi2_logged_in_high_security   [  91% ] 01/40 VUs  27m17.9s/30m0s  30.00 iters/s

running (27m18.9s), 01/40 VUs, 49159 complete and 0 interrupted iterations
fapi2_logged_in_high_security   [  91% ] 01/40 VUs  27m18.9s/30m0s  30.00 iters/s

running (27m19.9s), 01/40 VUs, 49189 complete and 0 interrupted iterations
fapi2_logged_in_high_security   [  91% ] 01/40 VUs  27m19.9s/30m0s  30.00 iters/s

running (27m20.9s), 01/40 VUs, 49219 complete and 0 interrupted iterations
fapi2_logged_in_high_security   [  91% ] 01/40 VUs  27m20.9s/30m0s  30.00 iters/s

running (27m21.9s), 01/40 VUs, 49249 complete and 0 interrupted iterations
fapi2_logged_in_high_security   [  91% ] 01/40 VUs  27m21.9s/30m0s  30.00 iters/s

running (27m22.9s), 01/40 VUs, 49279 complete and 0 interrupted iterations
fapi2_logged_in_high_security   [  91% ] 01/40 VUs  27m22.9s/30m0s  30.00 iters/s

running (27m23.9s), 01/40 VUs, 49309 complete and 0 interrupted iterations
fapi2_logged_in_high_security   [  91% ] 01/40 VUs  27m23.9s/30m0s  30.00 iters/s

running (27m24.9s), 01/40 VUs, 49339 complete and 0 interrupted iterations
fapi2_logged_in_high_security   [  91% ] 01/40 VUs  27m24.9s/30m0s  30.00 iters/s

running (27m25.9s), 01/40 VUs, 49369 complete and 0 interrupted iterations
fapi2_logged_in_high_security   [  91% ] 01/40 VUs  27m25.9s/30m0s  30.00 iters/s

running (27m26.9s), 01/40 VUs, 49399 complete and 0 interrupted iterations
fapi2_logged_in_high_security   [  91% ] 01/40 VUs  27m26.9s/30m0s  30.00 iters/s

running (27m27.9s), 01/40 VUs, 49429 complete and 0 interrupted iterations
fapi2_logged_in_high_security   [  92% ] 01/40 VUs  27m27.9s/30m0s  30.00 iters/s

running (27m28.9s), 01/40 VUs, 49459 complete and 0 interrupted iterations
fapi2_logged_in_high_security   [  92% ] 01/40 VUs  27m28.9s/30m0s  30.00 iters/s

running (27m29.9s), 01/40 VUs, 49489 complete and 0 interrupted iterations
fapi2_logged_in_high_security   [  92% ] 01/40 VUs  27m29.9s/30m0s  30.00 iters/s

running (27m30.9s), 02/40 VUs, 49518 complete and 0 interrupted iterations
fapi2_logged_in_high_security   [  92% ] 02/40 VUs  27m30.9s/30m0s  30.00 iters/s

running (27m31.9s), 01/40 VUs, 49549 complete and 0 interrupted iterations
fapi2_logged_in_high_security   [  92% ] 01/40 VUs  27m31.9s/30m0s  30.00 iters/s

running (27m32.9s), 01/40 VUs, 49579 complete and 0 interrupted iterations
fapi2_logged_in_high_security   [  92% ] 01/40 VUs  27m32.9s/30m0s  30.00 iters/s

running (27m33.9s), 02/40 VUs, 49608 complete and 0 interrupted iterations
fapi2_logged_in_high_security   [  92% ] 02/40 VUs  27m33.9s/30m0s  30.00 iters/s

running (27m34.9s), 01/40 VUs, 49639 complete and 0 interrupted iterations
fapi2_logged_in_high_security   [  92% ] 01/40 VUs  27m34.9s/30m0s  30.00 iters/s

running (27m35.9s), 01/40 VUs, 49669 complete and 0 interrupted iterations
fapi2_logged_in_high_security   [  92% ] 01/40 VUs  27m35.9s/30m0s  30.00 iters/s

running (27m36.9s), 01/40 VUs, 49699 complete and 0 interrupted iterations
fapi2_logged_in_high_security   [  92% ] 01/40 VUs  27m36.9s/30m0s  30.00 iters/s

running (27m37.9s), 02/40 VUs, 49728 complete and 0 interrupted iterations
fapi2_logged_in_high_security   [  92% ] 02/40 VUs  27m37.9s/30m0s  30.00 iters/s

running (27m38.9s), 02/40 VUs, 49758 complete and 0 interrupted iterations
fapi2_logged_in_high_security   [  92% ] 02/40 VUs  27m38.9s/30m0s  30.00 iters/s

running (27m39.9s), 01/40 VUs, 49789 complete and 0 interrupted iterations
fapi2_logged_in_high_security   [  92% ] 01/40 VUs  27m39.9s/30m0s  30.00 iters/s

running (27m40.9s), 01/40 VUs, 49819 complete and 0 interrupted iterations
fapi2_logged_in_high_security   [  92% ] 01/40 VUs  27m40.9s/30m0s  30.00 iters/s

running (27m41.9s), 01/40 VUs, 49849 complete and 0 interrupted iterations
fapi2_logged_in_high_security   [  92% ] 01/40 VUs  27m41.9s/30m0s  30.00 iters/s

running (27m42.9s), 02/40 VUs, 49878 complete and 0 interrupted iterations
fapi2_logged_in_high_security   [  92% ] 02/40 VUs  27m42.9s/30m0s  30.00 iters/s

running (27m43.9s), 01/40 VUs, 49909 complete and 0 interrupted iterations
fapi2_logged_in_high_security   [  92% ] 01/40 VUs  27m43.9s/30m0s  30.00 iters/s

running (27m44.9s), 01/40 VUs, 49939 complete and 0 interrupted iterations
fapi2_logged_in_high_security   [  92% ] 01/40 VUs  27m44.9s/30m0s  30.00 iters/s

running (27m45.9s), 01/40 VUs, 49969 complete and 0 interrupted iterations
fapi2_logged_in_high_security   [  93% ] 01/40 VUs  27m45.9s/30m0s  30.00 iters/s

running (27m46.9s), 01/40 VUs, 49999 complete and 0 interrupted iterations
fapi2_logged_in_high_security   [  93% ] 01/40 VUs  27m46.9s/30m0s  30.00 iters/s

running (27m47.9s), 02/40 VUs, 50028 complete and 0 interrupted iterations
fapi2_logged_in_high_security   [  93% ] 02/40 VUs  27m47.9s/30m0s  30.00 iters/s

running (27m48.9s), 02/40 VUs, 50058 complete and 0 interrupted iterations
fapi2_logged_in_high_security   [  93% ] 02/40 VUs  27m48.9s/30m0s  30.00 iters/s

running (27m49.9s), 02/40 VUs, 50088 complete and 0 interrupted iterations
fapi2_logged_in_high_security   [  93% ] 02/40 VUs  27m49.9s/30m0s  30.00 iters/s

running (27m50.9s), 02/40 VUs, 50118 complete and 0 interrupted iterations
fapi2_logged_in_high_security   [  93% ] 02/40 VUs  27m50.9s/30m0s  30.00 iters/s

running (27m51.9s), 02/40 VUs, 50148 complete and 0 interrupted iterations
fapi2_logged_in_high_security   [  93% ] 02/40 VUs  27m51.9s/30m0s  30.00 iters/s

running (27m52.9s), 02/40 VUs, 50178 complete and 0 interrupted iterations
fapi2_logged_in_high_security   [  93% ] 02/40 VUs  27m52.9s/30m0s  30.00 iters/s

running (27m53.9s), 02/40 VUs, 50208 complete and 0 interrupted iterations
fapi2_logged_in_high_security   [  93% ] 02/40 VUs  27m53.9s/30m0s  30.00 iters/s

running (27m54.9s), 02/40 VUs, 50238 complete and 0 interrupted iterations
fapi2_logged_in_high_security   [  93% ] 02/40 VUs  27m54.9s/30m0s  30.00 iters/s

running (27m55.9s), 01/40 VUs, 50269 complete and 0 interrupted iterations
fapi2_logged_in_high_security   [  93% ] 01/40 VUs  27m55.9s/30m0s  30.00 iters/s

running (27m56.9s), 02/40 VUs, 50298 complete and 0 interrupted iterations
fapi2_logged_in_high_security   [  93% ] 02/40 VUs  27m56.9s/30m0s  30.00 iters/s

running (27m57.9s), 02/40 VUs, 50328 complete and 0 interrupted iterations
fapi2_logged_in_high_security   [  93% ] 02/40 VUs  27m57.9s/30m0s  30.00 iters/s

running (27m58.9s), 02/40 VUs, 50358 complete and 0 interrupted iterations
fapi2_logged_in_high_security   [  93% ] 02/40 VUs  27m58.9s/30m0s  30.00 iters/s

running (27m59.9s), 02/40 VUs, 50388 complete and 0 interrupted iterations
fapi2_logged_in_high_security   [  93% ] 02/40 VUs  27m59.9s/30m0s  30.00 iters/s

running (28m00.9s), 02/40 VUs, 50418 complete and 0 interrupted iterations
fapi2_logged_in_high_security   [  93% ] 02/40 VUs  28m00.9s/30m0s  30.00 iters/s

running (28m01.9s), 01/40 VUs, 50449 complete and 0 interrupted iterations
fapi2_logged_in_high_security   [  93% ] 01/40 VUs  28m01.9s/30m0s  30.00 iters/s

running (28m02.9s), 01/40 VUs, 50479 complete and 0 interrupted iterations
fapi2_logged_in_high_security   [  93% ] 01/40 VUs  28m02.9s/30m0s  30.00 iters/s

running (28m03.9s), 04/40 VUs, 50505 complete and 0 interrupted iterations
fapi2_logged_in_high_security   [  94% ] 04/40 VUs  28m03.9s/30m0s  30.00 iters/s

running (28m04.9s), 01/40 VUs, 50539 complete and 0 interrupted iterations
fapi2_logged_in_high_security   [  94% ] 01/40 VUs  28m04.9s/30m0s  30.00 iters/s

running (28m05.9s), 02/40 VUs, 50568 complete and 0 interrupted iterations
fapi2_logged_in_high_security   [  94% ] 02/40 VUs  28m05.9s/30m0s  30.00 iters/s

running (28m06.9s), 02/40 VUs, 50598 complete and 0 interrupted iterations
fapi2_logged_in_high_security   [  94% ] 02/40 VUs  28m06.9s/30m0s  30.00 iters/s

running (28m07.9s), 01/40 VUs, 50629 complete and 0 interrupted iterations
fapi2_logged_in_high_security   [  94% ] 01/40 VUs  28m07.9s/30m0s  30.00 iters/s

running (28m08.9s), 02/40 VUs, 50658 complete and 0 interrupted iterations
fapi2_logged_in_high_security   [  94% ] 02/40 VUs  28m08.9s/30m0s  30.00 iters/s

running (28m09.9s), 01/40 VUs, 50689 complete and 0 interrupted iterations
fapi2_logged_in_high_security   [  94% ] 01/40 VUs  28m09.9s/30m0s  30.00 iters/s

running (28m10.9s), 01/40 VUs, 50719 complete and 0 interrupted iterations
fapi2_logged_in_high_security   [  94% ] 01/40 VUs  28m10.9s/30m0s  30.00 iters/s

running (28m11.9s), 02/40 VUs, 50748 complete and 0 interrupted iterations
fapi2_logged_in_high_security   [  94% ] 02/40 VUs  28m11.9s/30m0s  30.00 iters/s

running (28m12.9s), 02/40 VUs, 50778 complete and 0 interrupted iterations
fapi2_logged_in_high_security   [  94% ] 02/40 VUs  28m12.9s/30m0s  30.00 iters/s

running (28m13.9s), 02/40 VUs, 50808 complete and 0 interrupted iterations
fapi2_logged_in_high_security   [  94% ] 02/40 VUs  28m13.9s/30m0s  30.00 iters/s

running (28m14.9s), 01/40 VUs, 50839 complete and 0 interrupted iterations
fapi2_logged_in_high_security   [  94% ] 01/40 VUs  28m14.9s/30m0s  30.00 iters/s

running (28m15.9s), 01/40 VUs, 50869 complete and 0 interrupted iterations
fapi2_logged_in_high_security   [  94% ] 01/40 VUs  28m15.9s/30m0s  30.00 iters/s

running (28m16.9s), 02/40 VUs, 50898 complete and 0 interrupted iterations
fapi2_logged_in_high_security   [  94% ] 02/40 VUs  28m16.9s/30m0s  30.00 iters/s

running (28m17.9s), 01/40 VUs, 50929 complete and 0 interrupted iterations
fapi2_logged_in_high_security   [  94% ] 01/40 VUs  28m17.9s/30m0s  30.00 iters/s

running (28m18.9s), 01/40 VUs, 50959 complete and 0 interrupted iterations
fapi2_logged_in_high_security   [  94% ] 01/40 VUs  28m18.9s/30m0s  30.00 iters/s

running (28m19.9s), 01/40 VUs, 50989 complete and 0 interrupted iterations
fapi2_logged_in_high_security   [  94% ] 01/40 VUs  28m19.9s/30m0s  30.00 iters/s

running (28m20.9s), 01/40 VUs, 51019 complete and 0 interrupted iterations
fapi2_logged_in_high_security   [  94% ] 01/40 VUs  28m20.9s/30m0s  30.00 iters/s

running (28m21.9s), 02/40 VUs, 51048 complete and 0 interrupted iterations
fapi2_logged_in_high_security   [  95% ] 02/40 VUs  28m21.9s/30m0s  30.00 iters/s

running (28m22.9s), 01/40 VUs, 51079 complete and 0 interrupted iterations
fapi2_logged_in_high_security   [  95% ] 01/40 VUs  28m22.9s/30m0s  30.00 iters/s

running (28m23.9s), 02/40 VUs, 51108 complete and 0 interrupted iterations
fapi2_logged_in_high_security   [  95% ] 02/40 VUs  28m23.9s/30m0s  30.00 iters/s

running (28m24.9s), 01/40 VUs, 51139 complete and 0 interrupted iterations
fapi2_logged_in_high_security   [  95% ] 01/40 VUs  28m24.9s/30m0s  30.00 iters/s

running (28m25.9s), 02/40 VUs, 51168 complete and 0 interrupted iterations
fapi2_logged_in_high_security   [  95% ] 02/40 VUs  28m25.9s/30m0s  30.00 iters/s

running (28m26.9s), 02/40 VUs, 51198 complete and 0 interrupted iterations
fapi2_logged_in_high_security   [  95% ] 02/40 VUs  28m26.9s/30m0s  30.00 iters/s

running (28m27.9s), 01/40 VUs, 51229 complete and 0 interrupted iterations
fapi2_logged_in_high_security   [  95% ] 01/40 VUs  28m27.9s/30m0s  30.00 iters/s

running (28m28.9s), 01/40 VUs, 51259 complete and 0 interrupted iterations
fapi2_logged_in_high_security   [  95% ] 01/40 VUs  28m28.9s/30m0s  30.00 iters/s

running (28m29.9s), 02/40 VUs, 51288 complete and 0 interrupted iterations
fapi2_logged_in_high_security   [  95% ] 02/40 VUs  28m29.9s/30m0s  30.00 iters/s

running (28m30.9s), 02/40 VUs, 51318 complete and 0 interrupted iterations
fapi2_logged_in_high_security   [  95% ] 02/40 VUs  28m30.9s/30m0s  30.00 iters/s

running (28m31.9s), 01/40 VUs, 51349 complete and 0 interrupted iterations
fapi2_logged_in_high_security   [  95% ] 01/40 VUs  28m31.9s/30m0s  30.00 iters/s

running (28m32.9s), 07/40 VUs, 51373 complete and 0 interrupted iterations
fapi2_logged_in_high_security   [  95% ] 07/40 VUs  28m32.9s/30m0s  30.00 iters/s

running (28m33.9s), 02/40 VUs, 51408 complete and 0 interrupted iterations
fapi2_logged_in_high_security   [  95% ] 02/40 VUs  28m33.9s/30m0s  30.00 iters/s

running (28m34.9s), 02/40 VUs, 51438 complete and 0 interrupted iterations
fapi2_logged_in_high_security   [  95% ] 02/40 VUs  28m34.9s/30m0s  30.00 iters/s

running (28m35.9s), 01/40 VUs, 51469 complete and 0 interrupted iterations
fapi2_logged_in_high_security   [  95% ] 01/40 VUs  28m35.9s/30m0s  30.00 iters/s

running (28m36.9s), 01/40 VUs, 51499 complete and 0 interrupted iterations
fapi2_logged_in_high_security   [  95% ] 01/40 VUs  28m36.9s/30m0s  30.00 iters/s

running (28m37.9s), 01/40 VUs, 51529 complete and 0 interrupted iterations
fapi2_logged_in_high_security   [  95% ] 01/40 VUs  28m37.9s/30m0s  30.00 iters/s

running (28m38.9s), 01/40 VUs, 51559 complete and 0 interrupted iterations
fapi2_logged_in_high_security   [  95% ] 01/40 VUs  28m38.9s/30m0s  30.00 iters/s

running (28m39.9s), 01/40 VUs, 51589 complete and 0 interrupted iterations
fapi2_logged_in_high_security   [  96% ] 01/40 VUs  28m39.9s/30m0s  30.00 iters/s

running (28m40.9s), 01/40 VUs, 51619 complete and 0 interrupted iterations
fapi2_logged_in_high_security   [  96% ] 01/40 VUs  28m40.9s/30m0s  30.00 iters/s

running (28m41.9s), 01/40 VUs, 51649 complete and 0 interrupted iterations
fapi2_logged_in_high_security   [  96% ] 01/40 VUs  28m41.9s/30m0s  30.00 iters/s

running (28m42.9s), 02/40 VUs, 51678 complete and 0 interrupted iterations
fapi2_logged_in_high_security   [  96% ] 02/40 VUs  28m42.9s/30m0s  30.00 iters/s

running (28m43.9s), 01/40 VUs, 51709 complete and 0 interrupted iterations
fapi2_logged_in_high_security   [  96% ] 01/40 VUs  28m43.9s/30m0s  30.00 iters/s

running (28m44.9s), 01/40 VUs, 51739 complete and 0 interrupted iterations
fapi2_logged_in_high_security   [  96% ] 01/40 VUs  28m44.9s/30m0s  30.00 iters/s

running (28m45.9s), 01/40 VUs, 51769 complete and 0 interrupted iterations
fapi2_logged_in_high_security   [  96% ] 01/40 VUs  28m45.9s/30m0s  30.00 iters/s

running (28m46.9s), 02/40 VUs, 51798 complete and 0 interrupted iterations
fapi2_logged_in_high_security   [  96% ] 02/40 VUs  28m46.9s/30m0s  30.00 iters/s

running (28m47.9s), 02/40 VUs, 51828 complete and 0 interrupted iterations
fapi2_logged_in_high_security   [  96% ] 02/40 VUs  28m47.9s/30m0s  30.00 iters/s

running (28m48.9s), 02/40 VUs, 51858 complete and 0 interrupted iterations
fapi2_logged_in_high_security   [  96% ] 02/40 VUs  28m48.9s/30m0s  30.00 iters/s

running (28m49.9s), 02/40 VUs, 51888 complete and 0 interrupted iterations
fapi2_logged_in_high_security   [  96% ] 02/40 VUs  28m49.9s/30m0s  30.00 iters/s

running (28m50.9s), 02/40 VUs, 51918 complete and 0 interrupted iterations
fapi2_logged_in_high_security   [  96% ] 02/40 VUs  28m50.9s/30m0s  30.00 iters/s

running (28m51.9s), 01/40 VUs, 51949 complete and 0 interrupted iterations
fapi2_logged_in_high_security   [  96% ] 01/40 VUs  28m51.9s/30m0s  30.00 iters/s

running (28m52.9s), 02/40 VUs, 51978 complete and 0 interrupted iterations
fapi2_logged_in_high_security   [  96% ] 02/40 VUs  28m52.9s/30m0s  30.00 iters/s

running (28m53.9s), 01/40 VUs, 52009 complete and 0 interrupted iterations
fapi2_logged_in_high_security   [  96% ] 01/40 VUs  28m53.9s/30m0s  30.00 iters/s

running (28m54.9s), 02/40 VUs, 52038 complete and 0 interrupted iterations
fapi2_logged_in_high_security   [  96% ] 02/40 VUs  28m54.9s/30m0s  30.00 iters/s

running (28m55.9s), 01/40 VUs, 52069 complete and 0 interrupted iterations
fapi2_logged_in_high_security   [  96% ] 01/40 VUs  28m55.9s/30m0s  30.00 iters/s

running (28m56.9s), 02/40 VUs, 52098 complete and 0 interrupted iterations
fapi2_logged_in_high_security   [  96% ] 02/40 VUs  28m56.9s/30m0s  30.00 iters/s

running (28m57.9s), 01/40 VUs, 52129 complete and 0 interrupted iterations
fapi2_logged_in_high_security   [  97% ] 01/40 VUs  28m57.9s/30m0s  30.00 iters/s

running (28m58.9s), 01/40 VUs, 52159 complete and 0 interrupted iterations
fapi2_logged_in_high_security   [  97% ] 01/40 VUs  28m58.9s/30m0s  30.00 iters/s

running (28m59.9s), 02/40 VUs, 52188 complete and 0 interrupted iterations
fapi2_logged_in_high_security   [  97% ] 02/40 VUs  28m59.9s/30m0s  30.00 iters/s

running (29m00.9s), 01/40 VUs, 52219 complete and 0 interrupted iterations
fapi2_logged_in_high_security   [  97% ] 01/40 VUs  29m00.9s/30m0s  30.00 iters/s

running (29m01.9s), 02/40 VUs, 52248 complete and 0 interrupted iterations
fapi2_logged_in_high_security   [  97% ] 02/40 VUs  29m01.9s/30m0s  30.00 iters/s

running (29m02.9s), 02/40 VUs, 52278 complete and 0 interrupted iterations
fapi2_logged_in_high_security   [  97% ] 02/40 VUs  29m02.9s/30m0s  30.00 iters/s

running (29m03.9s), 01/40 VUs, 52309 complete and 0 interrupted iterations
fapi2_logged_in_high_security   [  97% ] 01/40 VUs  29m03.9s/30m0s  30.00 iters/s

running (29m04.9s), 02/40 VUs, 52338 complete and 0 interrupted iterations
fapi2_logged_in_high_security   [  97% ] 02/40 VUs  29m04.9s/30m0s  30.00 iters/s

running (29m05.9s), 01/40 VUs, 52369 complete and 0 interrupted iterations
fapi2_logged_in_high_security   [  97% ] 01/40 VUs  29m05.9s/30m0s  30.00 iters/s

running (29m06.9s), 01/40 VUs, 52399 complete and 0 interrupted iterations
fapi2_logged_in_high_security   [  97% ] 01/40 VUs  29m06.9s/30m0s  30.00 iters/s

running (29m07.9s), 01/40 VUs, 52429 complete and 0 interrupted iterations
fapi2_logged_in_high_security   [  97% ] 01/40 VUs  29m07.9s/30m0s  30.00 iters/s

running (29m08.9s), 02/40 VUs, 52458 complete and 0 interrupted iterations
fapi2_logged_in_high_security   [  97% ] 02/40 VUs  29m08.9s/30m0s  30.00 iters/s

running (29m09.9s), 02/40 VUs, 52488 complete and 0 interrupted iterations
fapi2_logged_in_high_security   [  97% ] 02/40 VUs  29m09.9s/30m0s  30.00 iters/s

running (29m10.9s), 02/40 VUs, 52518 complete and 0 interrupted iterations
fapi2_logged_in_high_security   [  97% ] 02/40 VUs  29m10.9s/30m0s  30.00 iters/s

running (29m11.9s), 02/40 VUs, 52548 complete and 0 interrupted iterations
fapi2_logged_in_high_security   [  97% ] 02/40 VUs  29m11.9s/30m0s  30.00 iters/s

running (29m12.9s), 01/40 VUs, 52579 complete and 0 interrupted iterations
fapi2_logged_in_high_security   [  97% ] 01/40 VUs  29m12.9s/30m0s  30.00 iters/s

running (29m13.9s), 02/40 VUs, 52608 complete and 0 interrupted iterations
fapi2_logged_in_high_security   [  97% ] 02/40 VUs  29m13.9s/30m0s  30.00 iters/s

running (29m14.9s), 01/40 VUs, 52639 complete and 0 interrupted iterations
fapi2_logged_in_high_security   [  97% ] 01/40 VUs  29m14.9s/30m0s  30.00 iters/s

running (29m15.9s), 01/40 VUs, 52669 complete and 0 interrupted iterations
fapi2_logged_in_high_security   [  98% ] 01/40 VUs  29m15.9s/30m0s  30.00 iters/s

running (29m16.9s), 01/40 VUs, 52699 complete and 0 interrupted iterations
fapi2_logged_in_high_security   [  98% ] 01/40 VUs  29m16.9s/30m0s  30.00 iters/s

running (29m17.9s), 02/40 VUs, 52728 complete and 0 interrupted iterations
fapi2_logged_in_high_security   [  98% ] 02/40 VUs  29m17.9s/30m0s  30.00 iters/s

running (29m18.9s), 02/40 VUs, 52758 complete and 0 interrupted iterations
fapi2_logged_in_high_security   [  98% ] 02/40 VUs  29m18.9s/30m0s  30.00 iters/s

running (29m19.9s), 01/40 VUs, 52789 complete and 0 interrupted iterations
fapi2_logged_in_high_security   [  98% ] 01/40 VUs  29m19.9s/30m0s  30.00 iters/s

running (29m20.9s), 02/40 VUs, 52818 complete and 0 interrupted iterations
fapi2_logged_in_high_security   [  98% ] 02/40 VUs  29m20.9s/30m0s  30.00 iters/s

running (29m21.9s), 01/40 VUs, 52849 complete and 0 interrupted iterations
fapi2_logged_in_high_security   [  98% ] 01/40 VUs  29m21.9s/30m0s  30.00 iters/s

running (29m22.9s), 01/40 VUs, 52879 complete and 0 interrupted iterations
fapi2_logged_in_high_security   [  98% ] 01/40 VUs  29m22.9s/30m0s  30.00 iters/s

running (29m23.9s), 01/40 VUs, 52909 complete and 0 interrupted iterations
fapi2_logged_in_high_security   [  98% ] 01/40 VUs  29m23.9s/30m0s  30.00 iters/s

running (29m24.9s), 01/40 VUs, 52939 complete and 0 interrupted iterations
fapi2_logged_in_high_security   [  98% ] 01/40 VUs  29m24.9s/30m0s  30.00 iters/s

running (29m25.9s), 02/40 VUs, 52968 complete and 0 interrupted iterations
fapi2_logged_in_high_security   [  98% ] 02/40 VUs  29m25.9s/30m0s  30.00 iters/s

running (29m26.9s), 02/40 VUs, 52998 complete and 0 interrupted iterations
fapi2_logged_in_high_security   [  98% ] 02/40 VUs  29m26.9s/30m0s  30.00 iters/s

running (29m27.9s), 01/40 VUs, 53029 complete and 0 interrupted iterations
fapi2_logged_in_high_security   [  98% ] 01/40 VUs  29m27.9s/30m0s  30.00 iters/s

running (29m28.9s), 02/40 VUs, 53058 complete and 0 interrupted iterations
fapi2_logged_in_high_security   [  98% ] 02/40 VUs  29m28.9s/30m0s  30.00 iters/s

running (29m29.9s), 02/40 VUs, 53088 complete and 0 interrupted iterations
fapi2_logged_in_high_security   [  98% ] 02/40 VUs  29m29.9s/30m0s  30.00 iters/s

running (29m30.9s), 02/40 VUs, 53118 complete and 0 interrupted iterations
fapi2_logged_in_high_security   [  98% ] 02/40 VUs  29m30.9s/30m0s  30.00 iters/s

running (29m31.9s), 01/40 VUs, 53149 complete and 0 interrupted iterations
fapi2_logged_in_high_security   [  98% ] 01/40 VUs  29m31.9s/30m0s  30.00 iters/s

running (29m32.9s), 01/40 VUs, 53179 complete and 0 interrupted iterations
fapi2_logged_in_high_security   [  98% ] 01/40 VUs  29m32.9s/30m0s  30.00 iters/s

running (29m33.9s), 02/40 VUs, 53208 complete and 0 interrupted iterations
fapi2_logged_in_high_security   [  99% ] 02/40 VUs  29m33.9s/30m0s  30.00 iters/s

running (29m34.9s), 02/40 VUs, 53238 complete and 0 interrupted iterations
fapi2_logged_in_high_security   [  99% ] 02/40 VUs  29m34.9s/30m0s  30.00 iters/s

running (29m35.9s), 01/40 VUs, 53269 complete and 0 interrupted iterations
fapi2_logged_in_high_security   [  99% ] 01/40 VUs  29m35.9s/30m0s  30.00 iters/s

running (29m36.9s), 01/40 VUs, 53299 complete and 0 interrupted iterations
fapi2_logged_in_high_security   [  99% ] 01/40 VUs  29m36.9s/30m0s  30.00 iters/s

running (29m37.9s), 01/40 VUs, 53329 complete and 0 interrupted iterations
fapi2_logged_in_high_security   [  99% ] 01/40 VUs  29m37.9s/30m0s  30.00 iters/s

running (29m38.9s), 02/40 VUs, 53358 complete and 0 interrupted iterations
fapi2_logged_in_high_security   [  99% ] 02/40 VUs  29m38.9s/30m0s  30.00 iters/s

running (29m39.9s), 02/40 VUs, 53388 complete and 0 interrupted iterations
fapi2_logged_in_high_security   [  99% ] 02/40 VUs  29m39.9s/30m0s  30.00 iters/s

running (29m40.9s), 01/40 VUs, 53419 complete and 0 interrupted iterations
fapi2_logged_in_high_security   [  99% ] 01/40 VUs  29m40.9s/30m0s  30.00 iters/s

running (29m41.9s), 02/40 VUs, 53448 complete and 0 interrupted iterations
fapi2_logged_in_high_security   [  99% ] 02/40 VUs  29m41.9s/30m0s  30.00 iters/s

running (29m42.9s), 03/40 VUs, 53477 complete and 0 interrupted iterations
fapi2_logged_in_high_security   [  99% ] 03/40 VUs  29m42.9s/30m0s  30.00 iters/s

running (29m43.9s), 01/40 VUs, 53509 complete and 0 interrupted iterations
fapi2_logged_in_high_security   [  99% ] 01/40 VUs  29m43.9s/30m0s  30.00 iters/s

running (29m44.9s), 01/40 VUs, 53539 complete and 0 interrupted iterations
fapi2_logged_in_high_security   [  99% ] 01/40 VUs  29m44.9s/30m0s  30.00 iters/s

running (29m45.9s), 01/40 VUs, 53569 complete and 0 interrupted iterations
fapi2_logged_in_high_security   [  99% ] 01/40 VUs  29m45.9s/30m0s  30.00 iters/s

running (29m46.9s), 02/40 VUs, 53598 complete and 0 interrupted iterations
fapi2_logged_in_high_security   [  99% ] 02/40 VUs  29m46.9s/30m0s  30.00 iters/s

running (29m47.9s), 01/40 VUs, 53629 complete and 0 interrupted iterations
fapi2_logged_in_high_security   [  99% ] 01/40 VUs  29m47.9s/30m0s  30.00 iters/s

running (29m48.9s), 02/40 VUs, 53658 complete and 0 interrupted iterations
fapi2_logged_in_high_security   [  99% ] 02/40 VUs  29m48.9s/30m0s  30.00 iters/s

running (29m49.9s), 01/40 VUs, 53689 complete and 0 interrupted iterations
fapi2_logged_in_high_security   [  99% ] 01/40 VUs  29m49.9s/30m0s  30.00 iters/s

running (29m50.9s), 01/40 VUs, 53719 complete and 0 interrupted iterations
fapi2_logged_in_high_security   [  99% ] 01/40 VUs  29m50.9s/30m0s  30.00 iters/s

running (29m51.9s), 02/40 VUs, 53748 complete and 0 interrupted iterations
fapi2_logged_in_high_security   [ 100% ] 02/40 VUs  29m51.9s/30m0s  30.00 iters/s

running (29m52.9s), 01/40 VUs, 53779 complete and 0 interrupted iterations
fapi2_logged_in_high_security   [ 100% ] 01/40 VUs  29m52.9s/30m0s  30.00 iters/s

running (29m53.9s), 01/40 VUs, 53809 complete and 0 interrupted iterations
fapi2_logged_in_high_security   [ 100% ] 01/40 VUs  29m53.9s/30m0s  30.00 iters/s

running (29m54.9s), 02/40 VUs, 53838 complete and 0 interrupted iterations
fapi2_logged_in_high_security   [ 100% ] 02/40 VUs  29m54.9s/30m0s  30.00 iters/s

running (29m55.9s), 02/40 VUs, 53868 complete and 0 interrupted iterations
fapi2_logged_in_high_security   [ 100% ] 02/40 VUs  29m55.9s/30m0s  30.00 iters/s

running (29m56.9s), 01/40 VUs, 53899 complete and 0 interrupted iterations
fapi2_logged_in_high_security   [ 100% ] 01/40 VUs  29m56.9s/30m0s  30.00 iters/s

running (29m57.9s), 02/40 VUs, 53928 complete and 0 interrupted iterations
fapi2_logged_in_high_security   [ 100% ] 02/40 VUs  29m57.9s/30m0s  30.00 iters/s

running (29m58.9s), 02/40 VUs, 53958 complete and 0 interrupted iterations
fapi2_logged_in_high_security   [ 100% ] 02/40 VUs  29m58.9s/30m0s  30.00 iters/s

running (29m59.9s), 02/40 VUs, 53988 complete and 0 interrupted iterations
fapi2_logged_in_high_security   [ 100% ] 02/40 VUs  29m59.9s/30m0s  30.00 iters/s

running (30m00.0s), 00/40 VUs, 53993 complete and 0 interrupted iterations
fapi2_logged_in_high_security ✓ [ 100% ] 00/40 VUs  30m0s  30.00 iters/s
PERF_VECTOR_COUNT=2000 is below the replay-safe minimum; using 49200 flow vectors
cap/fapi2_logged_in_high_security: status=target_miss rps=149.977 p95=14.348ms errors=0.0 db_calls=163255727
