evidence_run,server_source,ctl_source,matrix_plan_id,suite_plan_id,module_id,test_name,terminal,official_status,official_result,outcome,variant
initial-unaffected,bad5174d5f6609ef4d43aec54aacb1e3b8688cad,62470460ca0c98db2731617d2b1b7de3c6974832,oidc-core-p001,rvKUDK87vgioB,TD9Z7ZhNMeY4gHH,oidcc-server,True,FINISHED,PASSED,PASSED,"{""client_auth_type"":""client_secret_basic"",""client_registration"":""static_client"",""response_mode"":""default"",""response_type"":""code"",""server_metadata"":""discovery""}"
initial-unaffected,bad5174d5f6609ef4d43aec54aacb1e3b8688cad,62470460ca0c98db2731617d2b1b7de3c6974832,oidc-core-p001,rvKUDK87vgioB,co3yfKBLKMowdNB,oidcc-response-type-missing,True,FINISHED,PASSED,PASSED,"{""client_auth_type"":""client_secret_basic"",""client_registration"":""static_client"",""response_mode"":""default"",""response_type"":""code"",""server_metadata"":""discovery""}"
initial-unaffected,bad5174d5f6609ef4d43aec54aacb1e3b8688cad,62470460ca0c98db2731617d2b1b7de3c6974832,oidc-core-p001,rvKUDK87vgioB,YXFyscIh6YMyn9W,oidcc-userinfo-get,True,FINISHED,PASSED,PASSED,"{""client_auth_type"":""client_secret_basic"",""client_registration"":""static_client"",""response_mode"":""default"",""response_type"":""code"",""server_metadata"":""discovery""}"
initial-unaffected,bad5174d5f6609ef4d43aec54aacb1e3b8688cad,62470460ca0c98db2731617d2b1b7de3c6974832,oidc-core-p001,rvKUDK87vgioB,dyLUCYJv5W2GaXr,oidcc-userinfo-post-header,True,FINISHED,PASSED,PASSED,"{""client_auth_type"":""client_secret_basic"",""client_registration"":""static_client"",""response_mode"":""default"",""response_type"":""code"",""server_metadata"":""discovery""}"
initial-unaffected,bad5174d5f6609ef4d43aec54aacb1e3b8688cad,62470460ca0c98db2731617d2b1b7de3c6974832,oidc-core-p001,rvKUDK87vgioB,2tUo6YvVTegUHke,oidcc-userinfo-post-body,True,FINISHED,PASSED,PASSED,"{""client_auth_type"":""client_secret_basic"",""client_registration"":""static_client"",""response_mode"":""default"",""response_type"":""code"",""server_metadata"":""discovery""}"
initial-unaffected,bad5174d5f6609ef4d43aec54aacb1e3b8688cad,62470460ca0c98db2731617d2b1b7de3c6974832,oidc-core-p001,rvKUDK87vgioB,eZIiRLhbzl5FS3h,oidcc-ensure-request-without-nonce-succeeds-for-code-flow,True,FINISHED,PASSED,PASSED,"{""client_auth_type"":""client_secret_basic"",""client_registration"":""static_client"",""response_mode"":""default"",""response_type"":""code"",""server_metadata"":""discovery""}"
initial-unaffected,bad5174d5f6609ef4d43aec54aacb1e3b8688cad,62470460ca0c98db2731617d2b1b7de3c6974832,oidc-core-p001,rvKUDK87vgioB,ZTQCrB5TrlSSOg4,oidcc-scope-profile,True,FINISHED,PASSED,PASSED,"{""client_auth_type"":""client_secret_basic"",""client_registration"":""static_client"",""response_mode"":""default"",""response_type"":""code"",""server_metadata"":""discovery""}"
initial-unaffected,bad5174d5f6609ef4d43aec54aacb1e3b8688cad,62470460ca0c98db2731617d2b1b7de3c6974832,oidc-core-p001,rvKUDK87vgioB,CbFpaNlntqsElkz,oidcc-scope-email,True,FINISHED,PASSED,PASSED,"{""client_auth_type"":""client_secret_basic"",""client_registration"":""static_client"",""response_mode"":""default"",""response_type"":""code"",""server_metadata"":""discovery""}"
initial-unaffected,bad5174d5f6609ef4d43aec54aacb1e3b8688cad,62470460ca0c98db2731617d2b1b7de3c6974832,oidc-core-p001,rvKUDK87vgioB,nhQOM9jycSkj5hN,oidcc-scope-address,True,FINISHED,PASSED,PASSED,"{""client_auth_type"":""client_secret_basic"",""client_registration"":""static_client"",""response_mode"":""default"",""response_type"":""code"",""server_metadata"":""discovery""}"
initial-unaffected,bad5174d5f6609ef4d43aec54aacb1e3b8688cad,62470460ca0c98db2731617d2b1b7de3c6974832,oidc-core-p001,rvKUDK87vgioB,gNki7JBjcqs0vNG,oidcc-scope-phone,True,FINISHED,PASSED,PASSED,"{""client_auth_type"":""client_secret_basic"",""client_registration"":""static_client"",""response_mode"":""default"",""response_type"":""code"",""server_metadata"":""discovery""}"
initial-unaffected,bad5174d5f6609ef4d43aec54aacb1e3b8688cad,62470460ca0c98db2731617d2b1b7de3c6974832,oidc-core-p001,rvKUDK87vgioB,LoeD0TNKMczZG5M,oidcc-scope-all,True,FINISHED,PASSED,PASSED,"{""client_auth_type"":""client_secret_basic"",""client_registration"":""static_client"",""response_mode"":""default"",""response_type"":""code"",""server_metadata"":""discovery""}"
initial-unaffected,bad5174d5f6609ef4d43aec54aacb1e3b8688cad,62470460ca0c98db2731617d2b1b7de3c6974832,oidc-core-p001,rvKUDK87vgioB,ZZF9dR1AtGg6XNg,oidcc-alternate-happy-flow,True,FINISHED,PASSED,PASSED,"{""client_auth_type"":""client_secret_basic"",""client_registration"":""static_client"",""response_mode"":""default"",""response_type"":""code"",""server_metadata"":""discovery""}"
initial-unaffected,bad5174d5f6609ef4d43aec54aacb1e3b8688cad,62470460ca0c98db2731617d2b1b7de3c6974832,oidc-core-p001,rvKUDK87vgioB,OUrkTFKACQSgb1A,oidcc-display-page,True,FINISHED,PASSED,PASSED,"{""client_auth_type"":""client_secret_basic"",""client_registration"":""static_client"",""response_mode"":""default"",""response_type"":""code"",""server_metadata"":""discovery""}"
initial-unaffected,bad5174d5f6609ef4d43aec54aacb1e3b8688cad,62470460ca0c98db2731617d2b1b7de3c6974832,oidc-core-p001,rvKUDK87vgioB,laAVs19rupRIjA5,oidcc-display-popup,True,FINISHED,PASSED,PASSED,"{""client_auth_type"":""client_secret_basic"",""client_registration"":""static_client"",""response_mode"":""default"",""response_type"":""code"",""server_metadata"":""discovery""}"
initial-unaffected,bad5174d5f6609ef4d43aec54aacb1e3b8688cad,62470460ca0c98db2731617d2b1b7de3c6974832,oidc-core-p001,rvKUDK87vgioB,g0VRVNR1BVkVh82,oidcc-prompt-login,True,FINISHED,REVIEW,REVIEW,"{""client_auth_type"":""client_secret_basic"",""client_registration"":""static_client"",""response_mode"":""default"",""response_type"":""code"",""server_metadata"":""discovery""}"
initial-unaffected,bad5174d5f6609ef4d43aec54aacb1e3b8688cad,62470460ca0c98db2731617d2b1b7de3c6974832,oidc-core-p001,rvKUDK87vgioB,HYGidZ13saQqJzT,oidcc-prompt-none-not-logged-in,True,FINISHED,PASSED,PASSED,"{""client_auth_type"":""client_secret_basic"",""client_registration"":""static_client"",""response_mode"":""default"",""response_type"":""code"",""server_metadata"":""discovery""}"
initial-unaffected,bad5174d5f6609ef4d43aec54aacb1e3b8688cad,62470460ca0c98db2731617d2b1b7de3c6974832,oidc-core-p001,rvKUDK87vgioB,RLPdLip3JePkcpK,oidcc-prompt-none-logged-in,True,FINISHED,PASSED,PASSED,"{""client_auth_type"":""client_secret_basic"",""client_registration"":""static_client"",""response_mode"":""default"",""response_type"":""code"",""server_metadata"":""discovery""}"
initial-unaffected,bad5174d5f6609ef4d43aec54aacb1e3b8688cad,62470460ca0c98db2731617d2b1b7de3c6974832,oidc-core-p001,rvKUDK87vgioB,zfie0hHnnvDbvRt,oidcc-max-age-1,True,FINISHED,REVIEW,REVIEW,"{""client_auth_type"":""client_secret_basic"",""client_registration"":""static_client"",""response_mode"":""default"",""response_type"":""code"",""server_metadata"":""discovery""}"
initial-unaffected,bad5174d5f6609ef4d43aec54aacb1e3b8688cad,62470460ca0c98db2731617d2b1b7de3c6974832,oidc-core-p001,rvKUDK87vgioB,nP3RWTAbmhQkWCt,oidcc-max-age-10000,True,FINISHED,PASSED,PASSED,"{""client_auth_type"":""client_secret_basic"",""client_registration"":""static_client"",""response_mode"":""default"",""response_type"":""code"",""server_metadata"":""discovery""}"
initial-unaffected,bad5174d5f6609ef4d43aec54aacb1e3b8688cad,62470460ca0c98db2731617d2b1b7de3c6974832,oidc-core-p001,rvKUDK87vgioB,Hs1gnaxhczWBijC,oidcc-ensure-request-with-unknown-parameter-succeeds,True,FINISHED,PASSED,PASSED,"{""client_auth_type"":""client_secret_basic"",""client_registration"":""static_client"",""response_mode"":""default"",""response_type"":""code"",""server_metadata"":""discovery""}"
initial-unaffected,bad5174d5f6609ef4d43aec54aacb1e3b8688cad,62470460ca0c98db2731617d2b1b7de3c6974832,oidc-core-p001,rvKUDK87vgioB,cWcWqQTM1w2daGT,oidcc-id-token-hint,True,FINISHED,PASSED,PASSED,"{""client_auth_type"":""client_secret_basic"",""client_registration"":""static_client"",""response_mode"":""default"",""response_type"":""code"",""server_metadata"":""discovery""}"
initial-unaffected,bad5174d5f6609ef4d43aec54aacb1e3b8688cad,62470460ca0c98db2731617d2b1b7de3c6974832,oidc-core-p001,rvKUDK87vgioB,MSwNVJMq5w8GabG,oidcc-login-hint,True,FINISHED,PASSED,PASSED,"{""client_auth_type"":""client_secret_basic"",""client_registration"":""static_client"",""response_mode"":""default"",""response_type"":""code"",""server_metadata"":""discovery""}"
initial-unaffected,bad5174d5f6609ef4d43aec54aacb1e3b8688cad,62470460ca0c98db2731617d2b1b7de3c6974832,oidc-core-p001,rvKUDK87vgioB,NY4xKTaaCnVg485,oidcc-ui-locales,True,FINISHED,PASSED,PASSED,"{""client_auth_type"":""client_secret_basic"",""client_registration"":""static_client"",""response_mode"":""default"",""response_type"":""code"",""server_metadata"":""discovery""}"
initial-unaffected,bad5174d5f6609ef4d43aec54aacb1e3b8688cad,62470460ca0c98db2731617d2b1b7de3c6974832,oidc-core-p001,rvKUDK87vgioB,5SUJpfJUE57BPGn,oidcc-claims-locales,True,FINISHED,PASSED,PASSED,"{""client_auth_type"":""client_secret_basic"",""client_registration"":""static_client"",""response_mode"":""default"",""response_type"":""code"",""server_metadata"":""discovery""}"
initial-unaffected,bad5174d5f6609ef4d43aec54aacb1e3b8688cad,62470460ca0c98db2731617d2b1b7de3c6974832,oidc-core-p001,rvKUDK87vgioB,uTsn99IWtnQkEHq,oidcc-ensure-request-with-acr-values-succeeds,True,FINISHED,PASSED,PASSED,"{""client_auth_type"":""client_secret_basic"",""client_registration"":""static_client"",""response_mode"":""default"",""response_type"":""code"",""server_metadata"":""discovery""}"
initial-unaffected,bad5174d5f6609ef4d43aec54aacb1e3b8688cad,62470460ca0c98db2731617d2b1b7de3c6974832,oidc-core-p001,rvKUDK87vgioB,YpcPLSThvoRo1iw,oidcc-codereuse,True,FINISHED,PASSED,PASSED,"{""client_auth_type"":""client_secret_basic"",""client_registration"":""static_client"",""response_mode"":""default"",""response_type"":""code"",""server_metadata"":""discovery""}"
initial-unaffected,bad5174d5f6609ef4d43aec54aacb1e3b8688cad,62470460ca0c98db2731617d2b1b7de3c6974832,oidc-core-p001,rvKUDK87vgioB,O1XKVqqXuhm1CUB,oidcc-codereuse-30seconds,True,FINISHED,PASSED,PASSED,"{""client_auth_type"":""client_secret_basic"",""client_registration"":""static_client"",""response_mode"":""default"",""response_type"":""code"",""server_metadata"":""discovery""}"
initial-unaffected,bad5174d5f6609ef4d43aec54aacb1e3b8688cad,62470460ca0c98db2731617d2b1b7de3c6974832,oidc-core-p001,rvKUDK87vgioB,aeC3ADrgyu3yysU,oidcc-ensure-registered-redirect-uri,True,FINISHED,REVIEW,REVIEW,"{""client_auth_type"":""client_secret_basic"",""client_registration"":""static_client"",""response_mode"":""default"",""response_type"":""code"",""server_metadata"":""discovery""}"
initial-unaffected,bad5174d5f6609ef4d43aec54aacb1e3b8688cad,62470460ca0c98db2731617d2b1b7de3c6974832,oidc-core-p001,rvKUDK87vgioB,2d3hlE83jhmcdvS,oidcc-ensure-post-request-succeeds,True,FINISHED,PASSED,PASSED,"{""client_auth_type"":""client_secret_basic"",""client_registration"":""static_client"",""response_mode"":""default"",""response_type"":""code"",""server_metadata"":""discovery""}"
initial-unaffected,bad5174d5f6609ef4d43aec54aacb1e3b8688cad,62470460ca0c98db2731617d2b1b7de3c6974832,oidc-core-p001,rvKUDK87vgioB,P8kMmZbJz8bRNBU,oidcc-server-client-secret-post,True,FINISHED,PASSED,PASSED,"{""client_auth_type"":""client_secret_post"",""client_registration"":""static_client"",""response_mode"":""default"",""response_type"":""code"",""server_metadata"":""discovery""}"
initial-unaffected,bad5174d5f6609ef4d43aec54aacb1e3b8688cad,62470460ca0c98db2731617d2b1b7de3c6974832,oidc-core-p001,rvKUDK87vgioB,GqrNniyKXFPkSkC,oidcc-unsigned-request-object-supported-correctly-or-rejected-as-unsupported,True,FINISHED,SKIPPED,SKIPPED,"{""client_auth_type"":""client_secret_basic"",""client_registration"":""static_client"",""response_mode"":""default"",""response_type"":""code"",""server_metadata"":""discovery""}"
initial-unaffected,bad5174d5f6609ef4d43aec54aacb1e3b8688cad,62470460ca0c98db2731617d2b1b7de3c6974832,oidc-core-p001,rvKUDK87vgioB,1wglxPuJoD6cWH2,oidcc-claims-essential,True,FINISHED,PASSED,PASSED,"{""client_auth_type"":""client_secret_basic"",""client_registration"":""static_client"",""response_mode"":""default"",""response_type"":""code"",""server_metadata"":""discovery""}"
initial-unaffected,bad5174d5f6609ef4d43aec54aacb1e3b8688cad,62470460ca0c98db2731617d2b1b7de3c6974832,oidc-core-p001,rvKUDK87vgioB,8KhRTwH6bmbFdXy,oidcc-ensure-request-object-with-redirect-uri,True,FINISHED,SKIPPED,SKIPPED,"{""client_auth_type"":""client_secret_basic"",""client_registration"":""static_client"",""response_mode"":""default"",""response_type"":""code"",""server_metadata"":""discovery""}"
initial-unaffected,bad5174d5f6609ef4d43aec54aacb1e3b8688cad,62470460ca0c98db2731617d2b1b7de3c6974832,oidc-core-p001,rvKUDK87vgioB,Pds9GOfGvfi9gGn,oidcc-refresh-token,True,FINISHED,PASSED,PASSED,"{""client_auth_type"":""client_secret_basic"",""client_registration"":""static_client"",""response_mode"":""default"",""response_type"":""code"",""server_metadata"":""discovery""}"
initial-unaffected,bad5174d5f6609ef4d43aec54aacb1e3b8688cad,62470460ca0c98db2731617d2b1b7de3c6974832,oidc-core-p001,rvKUDK87vgioB,60rzkOJnNhuNpsF,oidcc-ensure-request-with-valid-pkce-succeeds,True,FINISHED,PASSED,PASSED,"{""client_auth_type"":""client_secret_basic"",""client_registration"":""static_client"",""response_mode"":""default"",""response_type"":""code"",""server_metadata"":""discovery""}"
initial-unaffected,bad5174d5f6609ef4d43aec54aacb1e3b8688cad,62470460ca0c98db2731617d2b1b7de3c6974832,oidc-core-p002,SGNWZKNbtyUtJ,1bRQTRhFJY89gWP,oidcc-server,True,FINISHED,PASSED,PASSED,"{""client_auth_type"":""client_secret_basic"",""client_registration"":""dynamic_client"",""response_mode"":""default"",""response_type"":""code"",""server_metadata"":""discovery""}"
initial-unaffected,bad5174d5f6609ef4d43aec54aacb1e3b8688cad,62470460ca0c98db2731617d2b1b7de3c6974832,oidc-core-p002,SGNWZKNbtyUtJ,arnPtnSzGNh5hfH,oidcc-response-type-missing,True,FINISHED,PASSED,PASSED,"{""client_auth_type"":""client_secret_basic"",""client_registration"":""dynamic_client"",""response_mode"":""default"",""response_type"":""code"",""server_metadata"":""discovery""}"
initial-unaffected,bad5174d5f6609ef4d43aec54aacb1e3b8688cad,62470460ca0c98db2731617d2b1b7de3c6974832,oidc-core-p002,SGNWZKNbtyUtJ,BwgkX2Yoa4jRA0Q,oidcc-idtoken-signature,True,FINISHED,PASSED,PASSED,"{""client_auth_type"":""client_secret_basic"",""client_registration"":""dynamic_client"",""response_mode"":""default"",""response_type"":""code"",""server_metadata"":""discovery""}"
initial-unaffected,bad5174d5f6609ef4d43aec54aacb1e3b8688cad,62470460ca0c98db2731617d2b1b7de3c6974832,oidc-core-p002,SGNWZKNbtyUtJ,HdKKmQohzgFUagk,oidcc-idtoken-unsigned,True,FINISHED,SKIPPED,SKIPPED,"{""client_auth_type"":""client_secret_basic"",""client_registration"":""dynamic_client"",""response_mode"":""default"",""response_type"":""code"",""server_metadata"":""discovery""}"
initial-unaffected,bad5174d5f6609ef4d43aec54aacb1e3b8688cad,62470460ca0c98db2731617d2b1b7de3c6974832,oidc-core-p002,SGNWZKNbtyUtJ,jUIyTWA7TykL4yh,oidcc-userinfo-get,True,FINISHED,PASSED,PASSED,"{""client_auth_type"":""client_secret_basic"",""client_registration"":""dynamic_client"",""response_mode"":""default"",""response_type"":""code"",""server_metadata"":""discovery""}"
initial-unaffected,bad5174d5f6609ef4d43aec54aacb1e3b8688cad,62470460ca0c98db2731617d2b1b7de3c6974832,oidc-core-p002,SGNWZKNbtyUtJ,dvDZ5Y6MiHCwaJD,oidcc-userinfo-post-header,True,FINISHED,PASSED,PASSED,"{""client_auth_type"":""client_secret_basic"",""client_registration"":""dynamic_client"",""response_mode"":""default"",""response_type"":""code"",""server_metadata"":""discovery""}"
initial-unaffected,bad5174d5f6609ef4d43aec54aacb1e3b8688cad,62470460ca0c98db2731617d2b1b7de3c6974832,oidc-core-p002,SGNWZKNbtyUtJ,eEf5iav28hpTfg4,oidcc-userinfo-post-body,True,FINISHED,PASSED,PASSED,"{""client_auth_type"":""client_secret_basic"",""client_registration"":""dynamic_client"",""response_mode"":""default"",""response_type"":""code"",""server_metadata"":""discovery""}"
initial-unaffected,bad5174d5f6609ef4d43aec54aacb1e3b8688cad,62470460ca0c98db2731617d2b1b7de3c6974832,oidc-core-p002,SGNWZKNbtyUtJ,hKkhmEwExgoqbxC,oidcc-ensure-request-without-nonce-succeeds-for-code-flow,True,FINISHED,PASSED,PASSED,"{""client_auth_type"":""client_secret_basic"",""client_registration"":""dynamic_client"",""response_mode"":""default"",""response_type"":""code"",""server_metadata"":""discovery""}"
initial-unaffected,bad5174d5f6609ef4d43aec54aacb1e3b8688cad,62470460ca0c98db2731617d2b1b7de3c6974832,oidc-core-p002,SGNWZKNbtyUtJ,3iRFK4Uas3m46j2,oidcc-scope-profile,True,FINISHED,PASSED,PASSED,"{""client_auth_type"":""client_secret_basic"",""client_registration"":""dynamic_client"",""response_mode"":""default"",""response_type"":""code"",""server_metadata"":""discovery""}"
initial-unaffected,bad5174d5f6609ef4d43aec54aacb1e3b8688cad,62470460ca0c98db2731617d2b1b7de3c6974832,oidc-core-p002,SGNWZKNbtyUtJ,6ZAW6hjVxFqlk6h,oidcc-scope-email,True,FINISHED,PASSED,PASSED,"{""client_auth_type"":""client_secret_basic"",""client_registration"":""dynamic_client"",""response_mode"":""default"",""response_type"":""code"",""server_metadata"":""discovery""}"
initial-unaffected,bad5174d5f6609ef4d43aec54aacb1e3b8688cad,62470460ca0c98db2731617d2b1b7de3c6974832,oidc-core-p002,SGNWZKNbtyUtJ,CVLgehYFkC2tVqM,oidcc-scope-address,True,FINISHED,PASSED,PASSED,"{""client_auth_type"":""client_secret_basic"",""client_registration"":""dynamic_client"",""response_mode"":""default"",""response_type"":""code"",""server_metadata"":""discovery""}"
initial-unaffected,bad5174d5f6609ef4d43aec54aacb1e3b8688cad,62470460ca0c98db2731617d2b1b7de3c6974832,oidc-core-p002,SGNWZKNbtyUtJ,waA6EJaHQW1O4TJ,oidcc-scope-phone,True,FINISHED,PASSED,PASSED,"{""client_auth_type"":""client_secret_basic"",""client_registration"":""dynamic_client"",""response_mode"":""default"",""response_type"":""code"",""server_metadata"":""discovery""}"
initial-unaffected,bad5174d5f6609ef4d43aec54aacb1e3b8688cad,62470460ca0c98db2731617d2b1b7de3c6974832,oidc-core-p002,SGNWZKNbtyUtJ,clqNGKSrvvFXQch,oidcc-scope-all,True,FINISHED,PASSED,PASSED,"{""client_auth_type"":""client_secret_basic"",""client_registration"":""dynamic_client"",""response_mode"":""default"",""response_type"":""code"",""server_metadata"":""discovery""}"
initial-unaffected,bad5174d5f6609ef4d43aec54aacb1e3b8688cad,62470460ca0c98db2731617d2b1b7de3c6974832,oidc-core-p002,SGNWZKNbtyUtJ,ZNOe6PNpQs3uS5t,oidcc-alternate-happy-flow,True,FINISHED,PASSED,PASSED,"{""client_auth_type"":""client_secret_basic"",""client_registration"":""dynamic_client"",""response_mode"":""default"",""response_type"":""code"",""server_metadata"":""discovery""}"
initial-unaffected,bad5174d5f6609ef4d43aec54aacb1e3b8688cad,62470460ca0c98db2731617d2b1b7de3c6974832,oidc-core-p002,SGNWZKNbtyUtJ,Q6VAkdWxRm6Jf48,oidcc-display-page,True,FINISHED,PASSED,PASSED,"{""client_auth_type"":""client_secret_basic"",""client_registration"":""dynamic_client"",""response_mode"":""default"",""response_type"":""code"",""server_metadata"":""discovery""}"
initial-unaffected,bad5174d5f6609ef4d43aec54aacb1e3b8688cad,62470460ca0c98db2731617d2b1b7de3c6974832,oidc-core-p002,SGNWZKNbtyUtJ,T2r1Pc9OoeuWfwj,oidcc-display-popup,True,FINISHED,PASSED,PASSED,"{""client_auth_type"":""client_secret_basic"",""client_registration"":""dynamic_client"",""response_mode"":""default"",""response_type"":""code"",""server_metadata"":""discovery""}"
initial-unaffected,bad5174d5f6609ef4d43aec54aacb1e3b8688cad,62470460ca0c98db2731617d2b1b7de3c6974832,oidc-core-p002,SGNWZKNbtyUtJ,whmBoiMsx8X9TOG,oidcc-prompt-login,True,FINISHED,REVIEW,REVIEW,"{""client_auth_type"":""client_secret_basic"",""client_registration"":""dynamic_client"",""response_mode"":""default"",""response_type"":""code"",""server_metadata"":""discovery""}"
initial-unaffected,bad5174d5f6609ef4d43aec54aacb1e3b8688cad,62470460ca0c98db2731617d2b1b7de3c6974832,oidc-core-p002,SGNWZKNbtyUtJ,UHOA9lzi117j9ax,oidcc-prompt-none-not-logged-in,True,FINISHED,PASSED,PASSED,"{""client_auth_type"":""client_secret_basic"",""client_registration"":""dynamic_client"",""response_mode"":""default"",""response_type"":""code"",""server_metadata"":""discovery""}"
initial-unaffected,bad5174d5f6609ef4d43aec54aacb1e3b8688cad,62470460ca0c98db2731617d2b1b7de3c6974832,oidc-core-p002,SGNWZKNbtyUtJ,9nD1YDf1J4aZn3L,oidcc-prompt-none-logged-in,True,FINISHED,PASSED,PASSED,"{""client_auth_type"":""client_secret_basic"",""client_registration"":""dynamic_client"",""response_mode"":""default"",""response_type"":""code"",""server_metadata"":""discovery""}"
initial-unaffected,bad5174d5f6609ef4d43aec54aacb1e3b8688cad,62470460ca0c98db2731617d2b1b7de3c6974832,oidc-core-p002,SGNWZKNbtyUtJ,Ti9KN5UnGz3Bs1h,oidcc-max-age-1,True,FINISHED,REVIEW,REVIEW,"{""client_auth_type"":""client_secret_basic"",""client_registration"":""dynamic_client"",""response_mode"":""default"",""response_type"":""code"",""server_metadata"":""discovery""}"
initial-unaffected,bad5174d5f6609ef4d43aec54aacb1e3b8688cad,62470460ca0c98db2731617d2b1b7de3c6974832,oidc-core-p002,SGNWZKNbtyUtJ,NsiaGojWSBaZ3n0,oidcc-max-age-10000,True,FINISHED,PASSED,PASSED,"{""client_auth_type"":""client_secret_basic"",""client_registration"":""dynamic_client"",""response_mode"":""default"",""response_type"":""code"",""server_metadata"":""discovery""}"
initial-unaffected,bad5174d5f6609ef4d43aec54aacb1e3b8688cad,62470460ca0c98db2731617d2b1b7de3c6974832,oidc-core-p002,SGNWZKNbtyUtJ,83y2cYuWXj7yVCl,oidcc-ensure-request-with-unknown-parameter-succeeds,True,FINISHED,PASSED,PASSED,"{""client_auth_type"":""client_secret_basic"",""client_registration"":""dynamic_client"",""response_mode"":""default"",""response_type"":""code"",""server_metadata"":""discovery""}"
initial-unaffected,bad5174d5f6609ef4d43aec54aacb1e3b8688cad,62470460ca0c98db2731617d2b1b7de3c6974832,oidc-core-p002,SGNWZKNbtyUtJ,LgMEPBW7Xe6ztVl,oidcc-id-token-hint,True,FINISHED,PASSED,PASSED,"{""client_auth_type"":""client_secret_basic"",""client_registration"":""dynamic_client"",""response_mode"":""default"",""response_type"":""code"",""server_metadata"":""discovery""}"
initial-unaffected,bad5174d5f6609ef4d43aec54aacb1e3b8688cad,62470460ca0c98db2731617d2b1b7de3c6974832,oidc-core-p002,SGNWZKNbtyUtJ,I5CqgyaCpfoCMyt,oidcc-login-hint,True,FINISHED,PASSED,PASSED,"{""client_auth_type"":""client_secret_basic"",""client_registration"":""dynamic_client"",""response_mode"":""default"",""response_type"":""code"",""server_metadata"":""discovery""}"
initial-unaffected,bad5174d5f6609ef4d43aec54aacb1e3b8688cad,62470460ca0c98db2731617d2b1b7de3c6974832,oidc-core-p002,SGNWZKNbtyUtJ,tJdlFrscq86NR0M,oidcc-ui-locales,True,FINISHED,PASSED,PASSED,"{""client_auth_type"":""client_secret_basic"",""client_registration"":""dynamic_client"",""response_mode"":""default"",""response_type"":""code"",""server_metadata"":""discovery""}"
initial-unaffected,bad5174d5f6609ef4d43aec54aacb1e3b8688cad,62470460ca0c98db2731617d2b1b7de3c6974832,oidc-core-p002,SGNWZKNbtyUtJ,t5NJAVyYlIJlJG4,oidcc-claims-locales,True,FINISHED,PASSED,PASSED,"{""client_auth_type"":""client_secret_basic"",""client_registration"":""dynamic_client"",""response_mode"":""default"",""response_type"":""code"",""server_metadata"":""discovery""}"
initial-unaffected,bad5174d5f6609ef4d43aec54aacb1e3b8688cad,62470460ca0c98db2731617d2b1b7de3c6974832,oidc-core-p002,SGNWZKNbtyUtJ,eCUsQqMEsRuhQGn,oidcc-ensure-request-with-acr-values-succeeds,True,FINISHED,PASSED,PASSED,"{""client_auth_type"":""client_secret_basic"",""client_registration"":""dynamic_client"",""response_mode"":""default"",""response_type"":""code"",""server_metadata"":""discovery""}"
initial-unaffected,bad5174d5f6609ef4d43aec54aacb1e3b8688cad,62470460ca0c98db2731617d2b1b7de3c6974832,oidc-core-p002,SGNWZKNbtyUtJ,nuigxFVB2IWOWyy,oidcc-codereuse,True,FINISHED,PASSED,PASSED,"{""client_auth_type"":""client_secret_basic"",""client_registration"":""dynamic_client"",""response_mode"":""default"",""response_type"":""code"",""server_metadata"":""discovery""}"
initial-unaffected,bad5174d5f6609ef4d43aec54aacb1e3b8688cad,62470460ca0c98db2731617d2b1b7de3c6974832,oidc-core-p002,SGNWZKNbtyUtJ,2JtK0VucGLvohIa,oidcc-codereuse-30seconds,True,FINISHED,PASSED,PASSED,"{""client_auth_type"":""client_secret_basic"",""client_registration"":""dynamic_client"",""response_mode"":""default"",""response_type"":""code"",""server_metadata"":""discovery""}"
initial-unaffected,bad5174d5f6609ef4d43aec54aacb1e3b8688cad,62470460ca0c98db2731617d2b1b7de3c6974832,oidc-core-p002,SGNWZKNbtyUtJ,iPpGw9IQsvB5dvk,oidcc-ensure-registered-redirect-uri,True,FINISHED,REVIEW,REVIEW,"{""client_auth_type"":""client_secret_basic"",""client_registration"":""dynamic_client"",""response_mode"":""default"",""response_type"":""code"",""server_metadata"":""discovery""}"
initial-unaffected,bad5174d5f6609ef4d43aec54aacb1e3b8688cad,62470460ca0c98db2731617d2b1b7de3c6974832,oidc-core-p002,SGNWZKNbtyUtJ,Q0DnJDfSUkucAbi,oidcc-ensure-post-request-succeeds,True,FINISHED,PASSED,PASSED,"{""client_auth_type"":""client_secret_basic"",""client_registration"":""dynamic_client"",""response_mode"":""default"",""response_type"":""code"",""server_metadata"":""discovery""}"
initial-unaffected,bad5174d5f6609ef4d43aec54aacb1e3b8688cad,62470460ca0c98db2731617d2b1b7de3c6974832,oidc-core-p002,SGNWZKNbtyUtJ,heQ5G25IbcTJiLM,oidcc-server-client-secret-post,True,FINISHED,PASSED,PASSED,"{""client_auth_type"":""client_secret_post"",""client_registration"":""dynamic_client"",""response_mode"":""default"",""response_type"":""code"",""server_metadata"":""discovery""}"
initial-unaffected,bad5174d5f6609ef4d43aec54aacb1e3b8688cad,62470460ca0c98db2731617d2b1b7de3c6974832,oidc-core-p002,SGNWZKNbtyUtJ,9Y7CXYuZRSeD42M,oidcc-request-uri-unsigned-supported-correctly-or-rejected-as-unsupported,True,FINISHED,SKIPPED,SKIPPED,"{""client_auth_type"":""client_secret_basic"",""client_registration"":""dynamic_client"",""response_mode"":""default"",""response_type"":""code"",""server_metadata"":""discovery""}"
initial-unaffected,bad5174d5f6609ef4d43aec54aacb1e3b8688cad,62470460ca0c98db2731617d2b1b7de3c6974832,oidc-core-p002,SGNWZKNbtyUtJ,0GIBKKjW1A3BrzB,oidcc-unsigned-request-object-supported-correctly-or-rejected-as-unsupported,True,FINISHED,SKIPPED,SKIPPED,"{""client_auth_type"":""client_secret_basic"",""client_registration"":""dynamic_client"",""response_mode"":""default"",""response_type"":""code"",""server_metadata"":""discovery""}"
initial-unaffected,bad5174d5f6609ef4d43aec54aacb1e3b8688cad,62470460ca0c98db2731617d2b1b7de3c6974832,oidc-core-p002,SGNWZKNbtyUtJ,HNxh17rM2lvFen8,oidcc-claims-essential,True,FINISHED,PASSED,PASSED,"{""client_auth_type"":""client_secret_basic"",""client_registration"":""dynamic_client"",""response_mode"":""default"",""response_type"":""code"",""server_metadata"":""discovery""}"
initial-unaffected,bad5174d5f6609ef4d43aec54aacb1e3b8688cad,62470460ca0c98db2731617d2b1b7de3c6974832,oidc-core-p002,SGNWZKNbtyUtJ,AW1IvXRaFj0ue3b,oidcc-ensure-request-object-with-redirect-uri,True,FINISHED,SKIPPED,SKIPPED,"{""client_auth_type"":""client_secret_basic"",""client_registration"":""dynamic_client"",""response_mode"":""default"",""response_type"":""code"",""server_metadata"":""discovery""}"
initial-unaffected,bad5174d5f6609ef4d43aec54aacb1e3b8688cad,62470460ca0c98db2731617d2b1b7de3c6974832,oidc-core-p002,SGNWZKNbtyUtJ,kTF3SeZQ7Rea1oS,oidcc-refresh-token,True,FINISHED,PASSED,PASSED,"{""client_auth_type"":""client_secret_basic"",""client_registration"":""dynamic_client"",""response_mode"":""default"",""response_type"":""code"",""server_metadata"":""discovery""}"
initial-unaffected,bad5174d5f6609ef4d43aec54aacb1e3b8688cad,62470460ca0c98db2731617d2b1b7de3c6974832,oidc-core-p002,SGNWZKNbtyUtJ,ol0S6DvRIfJZd9f,oidcc-ensure-request-with-valid-pkce-succeeds,True,FINISHED,PASSED,PASSED,"{""client_auth_type"":""client_secret_basic"",""client_registration"":""dynamic_client"",""response_mode"":""default"",""response_type"":""code"",""server_metadata"":""discovery""}"
initial-unaffected,bad5174d5f6609ef4d43aec54aacb1e3b8688cad,62470460ca0c98db2731617d2b1b7de3c6974832,oidc-core-p003,dmajiyi3tnFsz,EXWHU2RIEoKo0fF,oidcc-server,True,FINISHED,PASSED,PASSED,"{""client_auth_type"":""client_secret_basic"",""client_registration"":""static_client"",""response_mode"":""form_post"",""response_type"":""code"",""server_metadata"":""discovery""}"
initial-unaffected,bad5174d5f6609ef4d43aec54aacb1e3b8688cad,62470460ca0c98db2731617d2b1b7de3c6974832,oidc-core-p003,dmajiyi3tnFsz,zYt8vGYGN83pX4n,oidcc-response-type-missing,True,FINISHED,PASSED,PASSED,"{""client_auth_type"":""client_secret_basic"",""client_registration"":""static_client"",""response_mode"":""form_post"",""response_type"":""code"",""server_metadata"":""discovery""}"
initial-unaffected,bad5174d5f6609ef4d43aec54aacb1e3b8688cad,62470460ca0c98db2731617d2b1b7de3c6974832,oidc-core-p003,dmajiyi3tnFsz,w5TX6dgNPfS9hWL,oidcc-userinfo-get,True,FINISHED,PASSED,PASSED,"{""client_auth_type"":""client_secret_basic"",""client_registration"":""static_client"",""response_mode"":""form_post"",""response_type"":""code"",""server_metadata"":""discovery""}"
initial-unaffected,bad5174d5f6609ef4d43aec54aacb1e3b8688cad,62470460ca0c98db2731617d2b1b7de3c6974832,oidc-core-p003,dmajiyi3tnFsz,xRJ2TYy5lpnM2Cz,oidcc-userinfo-post-header,True,FINISHED,PASSED,PASSED,"{""client_auth_type"":""client_secret_basic"",""client_registration"":""static_client"",""response_mode"":""form_post"",""response_type"":""code"",""server_metadata"":""discovery""}"
initial-unaffected,bad5174d5f6609ef4d43aec54aacb1e3b8688cad,62470460ca0c98db2731617d2b1b7de3c6974832,oidc-core-p003,dmajiyi3tnFsz,qd958rXPQ2CbI1i,oidcc-userinfo-post-body,True,FINISHED,PASSED,PASSED,"{""client_auth_type"":""client_secret_basic"",""client_registration"":""static_client"",""response_mode"":""form_post"",""response_type"":""code"",""server_metadata"":""discovery""}"
initial-unaffected,bad5174d5f6609ef4d43aec54aacb1e3b8688cad,62470460ca0c98db2731617d2b1b7de3c6974832,oidc-core-p003,dmajiyi3tnFsz,rLT6DczfswGzxN1,oidcc-ensure-request-without-nonce-succeeds-for-code-flow,True,FINISHED,PASSED,PASSED,"{""client_auth_type"":""client_secret_basic"",""client_registration"":""static_client"",""response_mode"":""form_post"",""response_type"":""code"",""server_metadata"":""discovery""}"
initial-unaffected,bad5174d5f6609ef4d43aec54aacb1e3b8688cad,62470460ca0c98db2731617d2b1b7de3c6974832,oidc-core-p003,dmajiyi3tnFsz,QW0PHkXZY9wuFXS,oidcc-scope-profile,True,FINISHED,PASSED,PASSED,"{""client_auth_type"":""client_secret_basic"",""client_registration"":""static_client"",""response_mode"":""form_post"",""response_type"":""code"",""server_metadata"":""discovery""}"
initial-unaffected,bad5174d5f6609ef4d43aec54aacb1e3b8688cad,62470460ca0c98db2731617d2b1b7de3c6974832,oidc-core-p003,dmajiyi3tnFsz,VMGVNcaNVjfEJ1J,oidcc-scope-email,True,FINISHED,PASSED,PASSED,"{""client_auth_type"":""client_secret_basic"",""client_registration"":""static_client"",""response_mode"":""form_post"",""response_type"":""code"",""server_metadata"":""discovery""}"
initial-unaffected,bad5174d5f6609ef4d43aec54aacb1e3b8688cad,62470460ca0c98db2731617d2b1b7de3c6974832,oidc-core-p003,dmajiyi3tnFsz,y9j5YVWl2w2Sczt,oidcc-scope-address,True,FINISHED,PASSED,PASSED,"{""client_auth_type"":""client_secret_basic"",""client_registration"":""static_client"",""response_mode"":""form_post"",""response_type"":""code"",""server_metadata"":""discovery""}"
initial-unaffected,bad5174d5f6609ef4d43aec54aacb1e3b8688cad,62470460ca0c98db2731617d2b1b7de3c6974832,oidc-core-p003,dmajiyi3tnFsz,fBU1SHfLtFCEAl0,oidcc-scope-phone,True,FINISHED,PASSED,PASSED,"{""client_auth_type"":""client_secret_basic"",""client_registration"":""static_client"",""response_mode"":""form_post"",""response_type"":""code"",""server_metadata"":""discovery""}"
initial-unaffected,bad5174d5f6609ef4d43aec54aacb1e3b8688cad,62470460ca0c98db2731617d2b1b7de3c6974832,oidc-core-p003,dmajiyi3tnFsz,GNNdqlucjxEvqDK,oidcc-scope-all,True,FINISHED,PASSED,PASSED,"{""client_auth_type"":""client_secret_basic"",""client_registration"":""static_client"",""response_mode"":""form_post"",""response_type"":""code"",""server_metadata"":""discovery""}"
initial-unaffected,bad5174d5f6609ef4d43aec54aacb1e3b8688cad,62470460ca0c98db2731617d2b1b7de3c6974832,oidc-core-p003,dmajiyi3tnFsz,8hOSktfCltXvpRA,oidcc-alternate-happy-flow,True,FINISHED,PASSED,PASSED,"{""client_auth_type"":""client_secret_basic"",""client_registration"":""static_client"",""response_mode"":""form_post"",""response_type"":""code"",""server_metadata"":""discovery""}"
initial-unaffected,bad5174d5f6609ef4d43aec54aacb1e3b8688cad,62470460ca0c98db2731617d2b1b7de3c6974832,oidc-core-p003,dmajiyi3tnFsz,B58ounkeccn9f6n,oidcc-display-page,True,FINISHED,PASSED,PASSED,"{""client_auth_type"":""client_secret_basic"",""client_registration"":""static_client"",""response_mode"":""form_post"",""response_type"":""code"",""server_metadata"":""discovery""}"
initial-unaffected,bad5174d5f6609ef4d43aec54aacb1e3b8688cad,62470460ca0c98db2731617d2b1b7de3c6974832,oidc-core-p003,dmajiyi3tnFsz,G8XvYjowME74d50,oidcc-display-popup,True,FINISHED,PASSED,PASSED,"{""client_auth_type"":""client_secret_basic"",""client_registration"":""static_client"",""response_mode"":""form_post"",""response_type"":""code"",""server_metadata"":""discovery""}"
initial-unaffected,bad5174d5f6609ef4d43aec54aacb1e3b8688cad,62470460ca0c98db2731617d2b1b7de3c6974832,oidc-core-p003,dmajiyi3tnFsz,g9KWt0iX0fAoewF,oidcc-prompt-login,True,FINISHED,REVIEW,REVIEW,"{""client_auth_type"":""client_secret_basic"",""client_registration"":""static_client"",""response_mode"":""form_post"",""response_type"":""code"",""server_metadata"":""discovery""}"
initial-unaffected,bad5174d5f6609ef4d43aec54aacb1e3b8688cad,62470460ca0c98db2731617d2b1b7de3c6974832,oidc-core-p003,dmajiyi3tnFsz,xyikWs8bvCJHRhm,oidcc-prompt-none-not-logged-in,True,FINISHED,PASSED,PASSED,"{""client_auth_type"":""client_secret_basic"",""client_registration"":""static_client"",""response_mode"":""form_post"",""response_type"":""code"",""server_metadata"":""discovery""}"
initial-unaffected,bad5174d5f6609ef4d43aec54aacb1e3b8688cad,62470460ca0c98db2731617d2b1b7de3c6974832,oidc-core-p003,dmajiyi3tnFsz,Wj0wWulkEb7npRc,oidcc-prompt-none-logged-in,True,FINISHED,PASSED,PASSED,"{""client_auth_type"":""client_secret_basic"",""client_registration"":""static_client"",""response_mode"":""form_post"",""response_type"":""code"",""server_metadata"":""discovery""}"
initial-unaffected,bad5174d5f6609ef4d43aec54aacb1e3b8688cad,62470460ca0c98db2731617d2b1b7de3c6974832,oidc-core-p003,dmajiyi3tnFsz,rrPGvuc0xZtECd5,oidcc-max-age-1,True,FINISHED,REVIEW,REVIEW,"{""client_auth_type"":""client_secret_basic"",""client_registration"":""static_client"",""response_mode"":""form_post"",""response_type"":""code"",""server_metadata"":""discovery""}"
initial-unaffected,bad5174d5f6609ef4d43aec54aacb1e3b8688cad,62470460ca0c98db2731617d2b1b7de3c6974832,oidc-core-p003,dmajiyi3tnFsz,rb4nab3RnGi0XuY,oidcc-max-age-10000,True,FINISHED,PASSED,PASSED,"{""client_auth_type"":""client_secret_basic"",""client_registration"":""static_client"",""response_mode"":""form_post"",""response_type"":""code"",""server_metadata"":""discovery""}"
initial-unaffected,bad5174d5f6609ef4d43aec54aacb1e3b8688cad,62470460ca0c98db2731617d2b1b7de3c6974832,oidc-core-p003,dmajiyi3tnFsz,0hHoRvUhwD6M33g,oidcc-ensure-request-with-unknown-parameter-succeeds,True,FINISHED,PASSED,PASSED,"{""client_auth_type"":""client_secret_basic"",""client_registration"":""static_client"",""response_mode"":""form_post"",""response_type"":""code"",""server_metadata"":""discovery""}"
initial-unaffected,bad5174d5f6609ef4d43aec54aacb1e3b8688cad,62470460ca0c98db2731617d2b1b7de3c6974832,oidc-core-p003,dmajiyi3tnFsz,LsQkv5LcqBCS3dx,oidcc-id-token-hint,True,FINISHED,PASSED,PASSED,"{""client_auth_type"":""client_secret_basic"",""client_registration"":""static_client"",""response_mode"":""form_post"",""response_type"":""code"",""server_metadata"":""discovery""}"
initial-unaffected,bad5174d5f6609ef4d43aec54aacb1e3b8688cad,62470460ca0c98db2731617d2b1b7de3c6974832,oidc-core-p003,dmajiyi3tnFsz,D9ul8C4dSWCocL4,oidcc-login-hint,True,FINISHED,PASSED,PASSED,"{""client_auth_type"":""client_secret_basic"",""client_registration"":""static_client"",""response_mode"":""form_post"",""response_type"":""code"",""server_metadata"":""discovery""}"
initial-unaffected,bad5174d5f6609ef4d43aec54aacb1e3b8688cad,62470460ca0c98db2731617d2b1b7de3c6974832,oidc-core-p003,dmajiyi3tnFsz,OTKAyLfCKQnBUUT,oidcc-ui-locales,True,FINISHED,PASSED,PASSED,"{""client_auth_type"":""client_secret_basic"",""client_registration"":""static_client"",""response_mode"":""form_post"",""response_type"":""code"",""server_metadata"":""discovery""}"
initial-unaffected,bad5174d5f6609ef4d43aec54aacb1e3b8688cad,62470460ca0c98db2731617d2b1b7de3c6974832,oidc-core-p003,dmajiyi3tnFsz,6mVWAZ8XFAjCOUx,oidcc-claims-locales,True,FINISHED,PASSED,PASSED,"{""client_auth_type"":""client_secret_basic"",""client_registration"":""static_client"",""response_mode"":""form_post"",""response_type"":""code"",""server_metadata"":""discovery""}"
initial-unaffected,bad5174d5f6609ef4d43aec54aacb1e3b8688cad,62470460ca0c98db2731617d2b1b7de3c6974832,oidc-core-p003,dmajiyi3tnFsz,F3cx50S9bMyCSEx,oidcc-ensure-request-with-acr-values-succeeds,True,FINISHED,PASSED,PASSED,"{""client_auth_type"":""client_secret_basic"",""client_registration"":""static_client"",""response_mode"":""form_post"",""response_type"":""code"",""server_metadata"":""discovery""}"
initial-unaffected,bad5174d5f6609ef4d43aec54aacb1e3b8688cad,62470460ca0c98db2731617d2b1b7de3c6974832,oidc-core-p003,dmajiyi3tnFsz,pKD1xzAc7y7Q4Kw,oidcc-codereuse,True,FINISHED,PASSED,PASSED,"{""client_auth_type"":""client_secret_basic"",""client_registration"":""static_client"",""response_mode"":""form_post"",""response_type"":""code"",""server_metadata"":""discovery""}"
initial-unaffected,bad5174d5f6609ef4d43aec54aacb1e3b8688cad,62470460ca0c98db2731617d2b1b7de3c6974832,oidc-core-p003,dmajiyi3tnFsz,to1qheeGykWMbZt,oidcc-codereuse-30seconds,True,FINISHED,PASSED,PASSED,"{""client_auth_type"":""client_secret_basic"",""client_registration"":""static_client"",""response_mode"":""form_post"",""response_type"":""code"",""server_metadata"":""discovery""}"
initial-unaffected,bad5174d5f6609ef4d43aec54aacb1e3b8688cad,62470460ca0c98db2731617d2b1b7de3c6974832,oidc-core-p003,dmajiyi3tnFsz,VCSzSUDHJgk02dX,oidcc-ensure-registered-redirect-uri,True,FINISHED,REVIEW,REVIEW,"{""client_auth_type"":""client_secret_basic"",""client_registration"":""static_client"",""response_mode"":""form_post"",""response_type"":""code"",""server_metadata"":""discovery""}"
initial-unaffected,bad5174d5f6609ef4d43aec54aacb1e3b8688cad,62470460ca0c98db2731617d2b1b7de3c6974832,oidc-core-p003,dmajiyi3tnFsz,J09QfBcSgi7VXPf,oidcc-ensure-post-request-succeeds,True,FINISHED,PASSED,PASSED,"{""client_auth_type"":""client_secret_basic"",""client_registration"":""static_client"",""response_mode"":""form_post"",""response_type"":""code"",""server_metadata"":""discovery""}"
initial-unaffected,bad5174d5f6609ef4d43aec54aacb1e3b8688cad,62470460ca0c98db2731617d2b1b7de3c6974832,oidc-core-p003,dmajiyi3tnFsz,1EAKrbEYI51uQ9O,oidcc-server-client-secret-post,True,FINISHED,PASSED,PASSED,"{""client_auth_type"":""client_secret_post"",""client_registration"":""static_client"",""response_mode"":""form_post"",""response_type"":""code"",""server_metadata"":""discovery""}"
initial-unaffected,bad5174d5f6609ef4d43aec54aacb1e3b8688cad,62470460ca0c98db2731617d2b1b7de3c6974832,oidc-core-p003,dmajiyi3tnFsz,JzDXBsKPcNFQbvH,oidcc-unsigned-request-object-supported-correctly-or-rejected-as-unsupported,True,FINISHED,SKIPPED,SKIPPED,"{""client_auth_type"":""client_secret_basic"",""client_registration"":""static_client"",""response_mode"":""form_post"",""response_type"":""code"",""server_metadata"":""discovery""}"
initial-unaffected,bad5174d5f6609ef4d43aec54aacb1e3b8688cad,62470460ca0c98db2731617d2b1b7de3c6974832,oidc-core-p003,dmajiyi3tnFsz,7WwoLAUdWPaJ9MI,oidcc-claims-essential,True,FINISHED,PASSED,PASSED,"{""client_auth_type"":""client_secret_basic"",""client_registration"":""static_client"",""response_mode"":""form_post"",""response_type"":""code"",""server_metadata"":""discovery""}"
initial-unaffected,bad5174d5f6609ef4d43aec54aacb1e3b8688cad,62470460ca0c98db2731617d2b1b7de3c6974832,oidc-core-p003,dmajiyi3tnFsz,5wnJTPeF7BxHLbR,oidcc-ensure-request-object-with-redirect-uri,True,FINISHED,SKIPPED,SKIPPED,"{""client_auth_type"":""client_secret_basic"",""client_registration"":""static_client"",""response_mode"":""form_post"",""response_type"":""code"",""server_metadata"":""discovery""}"
initial-unaffected,bad5174d5f6609ef4d43aec54aacb1e3b8688cad,62470460ca0c98db2731617d2b1b7de3c6974832,oidc-core-p003,dmajiyi3tnFsz,ul4CEm6YQe4TNkz,oidcc-refresh-token,True,FINISHED,PASSED,PASSED,"{""client_auth_type"":""client_secret_basic"",""client_registration"":""static_client"",""response_mode"":""form_post"",""response_type"":""code"",""server_metadata"":""discovery""}"
initial-unaffected,bad5174d5f6609ef4d43aec54aacb1e3b8688cad,62470460ca0c98db2731617d2b1b7de3c6974832,oidc-core-p003,dmajiyi3tnFsz,bQ73Gzpyf5KjST0,oidcc-ensure-request-with-valid-pkce-succeeds,True,FINISHED,PASSED,PASSED,"{""client_auth_type"":""client_secret_basic"",""client_registration"":""static_client"",""response_mode"":""form_post"",""response_type"":""code"",""server_metadata"":""discovery""}"
initial-unaffected,bad5174d5f6609ef4d43aec54aacb1e3b8688cad,62470460ca0c98db2731617d2b1b7de3c6974832,oidc-core-p004,U88SW9jcSy7Ib,LmNWSwq5zDOTC7r,oidcc-3rd_party-init-login,True,FINISHED,PASSED,PASSED,"{""client_auth_type"":""client_secret_basic"",""client_registration"":""dynamic_client"",""response_mode"":""default"",""response_type"":""code"",""server_metadata"":""discovery""}"
initial-unaffected,bad5174d5f6609ef4d43aec54aacb1e3b8688cad,62470460ca0c98db2731617d2b1b7de3c6974832,oidc-core-p004,U88SW9jcSy7Ib,AJlqS0dKMbSF1Qp,oidcc-3rd_party-init-login-nohttps,True,FINISHED,PASSED,PASSED,"{""client_auth_type"":""client_secret_basic"",""client_registration"":""dynamic_client"",""response_mode"":""default"",""response_type"":""code"",""server_metadata"":""discovery""}"
initial-unaffected,bad5174d5f6609ef4d43aec54aacb1e3b8688cad,62470460ca0c98db2731617d2b1b7de3c6974832,oidc-core-p005,tEWgvCd3x6wyr,rFuSIc26t9c9WTA,oidcc-discovery-endpoint-verification,True,FINISHED,PASSED,PASSED,"{""client_registration"":""static_client"",""server_metadata"":""discovery""}"
initial-unaffected,bad5174d5f6609ef4d43aec54aacb1e3b8688cad,62470460ca0c98db2731617d2b1b7de3c6974832,oidc-logout-p006,nwqebiCPqYxSd,5e6Z73E2GZqRdBd,oidcc-rp-initiated-logout-discovery-endpoint-verification,True,FINISHED,PASSED,PASSED,"{""client_registration"":""static_client"",""response_type"":""code"",""server_metadata"":""discovery""}"
initial-unaffected,bad5174d5f6609ef4d43aec54aacb1e3b8688cad,62470460ca0c98db2731617d2b1b7de3c6974832,oidc-logout-p006,nwqebiCPqYxSd,itYz3f14sxQOpsj,oidcc-rp-initiated-logout,True,FINISHED,PASSED,PASSED,"{""client_auth_type"":""client_secret_basic"",""client_registration"":""static_client"",""response_mode"":""default"",""response_type"":""code"",""server_metadata"":""discovery""}"
initial-unaffected,bad5174d5f6609ef4d43aec54aacb1e3b8688cad,62470460ca0c98db2731617d2b1b7de3c6974832,oidc-logout-p006,nwqebiCPqYxSd,UtWMTiB6bvU0AfP,oidcc-rp-initiated-logout-bad-post-logout-redirect-uri,True,FINISHED,REVIEW,REVIEW,"{""client_auth_type"":""client_secret_basic"",""client_registration"":""static_client"",""response_mode"":""default"",""response_type"":""code"",""server_metadata"":""discovery""}"
initial-unaffected,bad5174d5f6609ef4d43aec54aacb1e3b8688cad,62470460ca0c98db2731617d2b1b7de3c6974832,oidc-logout-p006,nwqebiCPqYxSd,wBr49nX58neOxie,oidcc-rp-initiated-logout-modified-id-token-hint,True,FINISHED,REVIEW,REVIEW,"{""client_auth_type"":""client_secret_basic"",""client_registration"":""static_client"",""response_mode"":""default"",""response_type"":""code"",""server_metadata"":""discovery""}"
initial-unaffected,bad5174d5f6609ef4d43aec54aacb1e3b8688cad,62470460ca0c98db2731617d2b1b7de3c6974832,oidc-logout-p006,nwqebiCPqYxSd,vFUjdKuDCnchuic,oidcc-rp-initiated-logout-no-id-token-hint,True,FINISHED,REVIEW,REVIEW,"{""client_auth_type"":""client_secret_basic"",""client_registration"":""static_client"",""response_mode"":""default"",""response_type"":""code"",""server_metadata"":""discovery""}"
initial-unaffected,bad5174d5f6609ef4d43aec54aacb1e3b8688cad,62470460ca0c98db2731617d2b1b7de3c6974832,oidc-logout-p006,nwqebiCPqYxSd,wos71i6GpZR4xs0,oidcc-rp-initiated-logout-no-params,True,FINISHED,REVIEW,REVIEW,"{""client_auth_type"":""client_secret_basic"",""client_registration"":""static_client"",""response_mode"":""default"",""response_type"":""code"",""server_metadata"":""discovery""}"
initial-unaffected,bad5174d5f6609ef4d43aec54aacb1e3b8688cad,62470460ca0c98db2731617d2b1b7de3c6974832,oidc-logout-p006,nwqebiCPqYxSd,Aa5R13JUGNOKdN2,oidcc-rp-initiated-logout-no-post-logout-redirect-uri,True,FINISHED,REVIEW,REVIEW,"{""client_auth_type"":""client_secret_basic"",""client_registration"":""static_client"",""response_mode"":""default"",""response_type"":""code"",""server_metadata"":""discovery""}"
initial-unaffected,bad5174d5f6609ef4d43aec54aacb1e3b8688cad,62470460ca0c98db2731617d2b1b7de3c6974832,oidc-logout-p006,nwqebiCPqYxSd,xbCLMMbCbiIT9cV,oidcc-rp-initiated-logout-no-state,True,FINISHED,PASSED,PASSED,"{""client_auth_type"":""client_secret_basic"",""client_registration"":""static_client"",""response_mode"":""default"",""response_type"":""code"",""server_metadata"":""discovery""}"
initial-unaffected,bad5174d5f6609ef4d43aec54aacb1e3b8688cad,62470460ca0c98db2731617d2b1b7de3c6974832,oidc-logout-p006,nwqebiCPqYxSd,vVp3KeUdmbP9FWQ,oidcc-rp-initiated-logout-only-state,True,FINISHED,REVIEW,REVIEW,"{""client_auth_type"":""client_secret_basic"",""client_registration"":""static_client"",""response_mode"":""default"",""response_type"":""code"",""server_metadata"":""discovery""}"
initial-unaffected,bad5174d5f6609ef4d43aec54aacb1e3b8688cad,62470460ca0c98db2731617d2b1b7de3c6974832,oidc-logout-p006,nwqebiCPqYxSd,LofjRkt36q9yAPC,oidcc-rp-initiated-logout-query-added-to-post-logout-redirect-uri,True,FINISHED,REVIEW,REVIEW,"{""client_auth_type"":""client_secret_basic"",""client_registration"":""static_client"",""response_mode"":""default"",""response_type"":""code"",""server_metadata"":""discovery""}"
initial-unaffected,bad5174d5f6609ef4d43aec54aacb1e3b8688cad,62470460ca0c98db2731617d2b1b7de3c6974832,oidc-logout-p006,nwqebiCPqYxSd,SvpW8opQGXYoEsO,oidcc-rp-initiated-logout-bad-id-token-hint,True,FINISHED,REVIEW,REVIEW,"{""client_auth_type"":""client_secret_basic"",""client_registration"":""static_client"",""response_mode"":""default"",""response_type"":""code"",""server_metadata"":""discovery""}"
initial-unaffected,bad5174d5f6609ef4d43aec54aacb1e3b8688cad,62470460ca0c98db2731617d2b1b7de3c6974832,oidc-logout-p007,6OrKInyNICANV,QNFbsp5tbZJiZYz,oidcc-backchannel-logout-discovery-endpoint-verification,True,FINISHED,PASSED,PASSED,"{""client_registration"":""static_client"",""response_type"":""code"",""server_metadata"":""discovery""}"
initial-unaffected,bad5174d5f6609ef4d43aec54aacb1e3b8688cad,62470460ca0c98db2731617d2b1b7de3c6974832,oidc-logout-p007,6OrKInyNICANV,gZ7goHNNswoDTSe,oidcc-backchannel-rp-initiated-logout,True,FINISHED,PASSED,PASSED,"{""client_auth_type"":""client_secret_basic"",""client_registration"":""static_client"",""response_mode"":""default"",""response_type"":""code"",""server_metadata"":""discovery""}"
initial-unaffected,bad5174d5f6609ef4d43aec54aacb1e3b8688cad,62470460ca0c98db2731617d2b1b7de3c6974832,oidc-logout-p008,Yz2Q7rRT9Sok5,a6HgHT6M4NWwOeD,oidcc-frontchannel-logout-discovery-endpoint-verification,True,FINISHED,PASSED,PASSED,"{""client_registration"":""static_client"",""response_type"":""code"",""server_metadata"":""discovery""}"
initial-unaffected,bad5174d5f6609ef4d43aec54aacb1e3b8688cad,62470460ca0c98db2731617d2b1b7de3c6974832,oidc-logout-p008,Yz2Q7rRT9Sok5,pRM1m96qvEyYfTR,oidcc-frontchannel-rp-initiated-logout,True,FINISHED,PASSED,PASSED,"{""client_auth_type"":""client_secret_basic"",""client_registration"":""static_client"",""response_mode"":""default"",""response_type"":""code"",""server_metadata"":""discovery""}"
initial-unaffected,bad5174d5f6609ef4d43aec54aacb1e3b8688cad,62470460ca0c98db2731617d2b1b7de3c6974832,oidc-session-p009,oEfMygmrOb3DW,7SLLsLPyJt6zfSC,oidcc-session-management-discovery-endpoint-verification,True,FINISHED,PASSED,PASSED,"{""client_registration"":""static_client"",""response_type"":""code"",""server_metadata"":""discovery""}"
initial-unaffected,bad5174d5f6609ef4d43aec54aacb1e3b8688cad,62470460ca0c98db2731617d2b1b7de3c6974832,oidc-session-p009,oEfMygmrOb3DW,4mjWiNqFJBJ8gGK,oidcc-session-management-rp-initiated-logout,True,FINISHED,PASSED,PASSED,"{""client_auth_type"":""client_secret_basic"",""client_registration"":""static_client"",""response_mode"":""default"",""response_type"":""code"",""server_metadata"":""discovery""}"
initial-unaffected,bad5174d5f6609ef4d43aec54aacb1e3b8688cad,62470460ca0c98db2731617d2b1b7de3c6974832,fapi-ciba-p010,9612Ic3biRn45,cIwozJvm7UzX5IX,fapi-ciba-id1-discovery-end-point-verification,True,FINISHED,PASSED,PASSED,"{""ciba_mode"":""poll"",""client_auth_type"":""private_key_jwt"",""client_registration"":""static_client"",""fapi_ciba_profile"":""plain_fapi""}"
initial-unaffected,bad5174d5f6609ef4d43aec54aacb1e3b8688cad,62470460ca0c98db2731617d2b1b7de3c6974832,fapi-ciba-p010,9612Ic3biRn45,BbqgApm8BrFbZhy,fapi-ciba-id1,True,FINISHED,PASSED,PASSED,"{""ciba_mode"":""poll"",""client_auth_type"":""private_key_jwt"",""client_registration"":""static_client"",""fapi_ciba_profile"":""plain_fapi""}"
initial-unaffected,bad5174d5f6609ef4d43aec54aacb1e3b8688cad,62470460ca0c98db2731617d2b1b7de3c6974832,fapi-ciba-p010,9612Ic3biRn45,m29mmr1TBco74MT,fapi-ciba-id1-user-rejects-authentication,True,FINISHED,PASSED,PASSED,"{""ciba_mode"":""poll"",""client_auth_type"":""private_key_jwt"",""client_registration"":""static_client"",""fapi_ciba_profile"":""plain_fapi""}"
initial-unaffected,bad5174d5f6609ef4d43aec54aacb1e3b8688cad,62470460ca0c98db2731617d2b1b7de3c6974832,fapi-ciba-p010,9612Ic3biRn45,8aenhypCIgphOTO,fapi-ciba-id1-multiple-call-to-token-endpoint,True,FINISHED,PASSED,PASSED,"{""ciba_mode"":""poll"",""client_auth_type"":""private_key_jwt"",""client_registration"":""static_client"",""fapi_ciba_profile"":""plain_fapi""}"
initial-unaffected,bad5174d5f6609ef4d43aec54aacb1e3b8688cad,62470460ca0c98db2731617d2b1b7de3c6974832,fapi-ciba-p010,9612Ic3biRn45,WxpewQAAyxocKLl,fapi-ciba-id1-auth-req-id-expired,True,FINISHED,PASSED,PASSED,"{""ciba_mode"":""poll"",""client_auth_type"":""private_key_jwt"",""client_registration"":""static_client"",""fapi_ciba_profile"":""plain_fapi""}"
initial-unaffected,bad5174d5f6609ef4d43aec54aacb1e3b8688cad,62470460ca0c98db2731617d2b1b7de3c6974832,fapi-ciba-p010,9612Ic3biRn45,NhZWatiCLXqzc1I,fapi-ciba-id1-ensure-authorization-request-with-binding-message-succeeds,True,FINISHED,PASSED,PASSED,"{""ciba_mode"":""poll"",""client_auth_type"":""private_key_jwt"",""client_registration"":""static_client"",""fapi_ciba_profile"":""plain_fapi""}"
initial-unaffected,bad5174d5f6609ef4d43aec54aacb1e3b8688cad,62470460ca0c98db2731617d2b1b7de3c6974832,fapi-ciba-p010,9612Ic3biRn45,hZHRFQi3RQauXMx,fapi-ciba-id1-ensure-other-scope-order-succeeds,True,FINISHED,PASSED,PASSED,"{""ciba_mode"":""poll"",""client_auth_type"":""private_key_jwt"",""client_registration"":""static_client"",""fapi_ciba_profile"":""plain_fapi""}"
initial-unaffected,bad5174d5f6609ef4d43aec54aacb1e3b8688cad,62470460ca0c98db2731617d2b1b7de3c6974832,fapi-ciba-p010,9612Ic3biRn45,5VRP5cYdKAkkz7K,fapi-ciba-id1-ensure-requested-expiry-as-string-succeeds,True,FINISHED,PASSED,PASSED,"{""ciba_mode"":""poll"",""client_auth_type"":""private_key_jwt"",""client_registration"":""static_client"",""fapi_ciba_profile"":""plain_fapi""}"
initial-unaffected,bad5174d5f6609ef4d43aec54aacb1e3b8688cad,62470460ca0c98db2731617d2b1b7de3c6974832,fapi-ciba-p010,9612Ic3biRn45,nGc1d5fqL8DvtyV,fapi-ciba-id1-ensure-authorization-request-with-potentially-bad-binding-message,True,FINISHED,PASSED,PASSED,"{""ciba_mode"":""poll"",""client_auth_type"":""private_key_jwt"",""client_registration"":""static_client"",""fapi_ciba_profile"":""plain_fapi""}"
initial-unaffected,bad5174d5f6609ef4d43aec54aacb1e3b8688cad,62470460ca0c98db2731617d2b1b7de3c6974832,fapi-ciba-p010,9612Ic3biRn45,ATdW1188Bxfb1nw,fapi-ciba-id1-ensure-request-object-missing-aud-fails,True,FINISHED,PASSED,PASSED,"{""ciba_mode"":""poll"",""client_auth_type"":""private_key_jwt"",""client_registration"":""static_client"",""fapi_ciba_profile"":""plain_fapi""}"
initial-unaffected,bad5174d5f6609ef4d43aec54aacb1e3b8688cad,62470460ca0c98db2731617d2b1b7de3c6974832,fapi-ciba-p010,9612Ic3biRn45,K5ZOwL7jNV7fOgp,fapi-ciba-id1-ensure-request-object-bad-aud-fails,True,FINISHED,PASSED,PASSED,"{""ciba_mode"":""poll"",""client_auth_type"":""private_key_jwt"",""client_registration"":""static_client"",""fapi_ciba_profile"":""plain_fapi""}"
initial-unaffected,bad5174d5f6609ef4d43aec54aacb1e3b8688cad,62470460ca0c98db2731617d2b1b7de3c6974832,fapi-ciba-p010,9612Ic3biRn45,y1t76xRY8Q8RTtt,fapi-ciba-id1-ensure-request-object-missing-iss-fails,True,FINISHED,PASSED,PASSED,"{""ciba_mode"":""poll"",""client_auth_type"":""private_key_jwt"",""client_registration"":""static_client"",""fapi_ciba_profile"":""plain_fapi""}"
initial-unaffected,bad5174d5f6609ef4d43aec54aacb1e3b8688cad,62470460ca0c98db2731617d2b1b7de3c6974832,fapi-ciba-p010,9612Ic3biRn45,TiWrCMt41nWDP6L,fapi-ciba-id1-ensure-request-object-bad-iss-fails,True,FINISHED,PASSED,PASSED,"{""ciba_mode"":""poll"",""client_auth_type"":""private_key_jwt"",""client_registration"":""static_client"",""fapi_ciba_profile"":""plain_fapi""}"
initial-unaffected,bad5174d5f6609ef4d43aec54aacb1e3b8688cad,62470460ca0c98db2731617d2b1b7de3c6974832,fapi-ciba-p010,9612Ic3biRn45,vuISIbe77dNAZJs,fapi-ciba-id1-ensure-request-object-missing-exp-fails,True,FINISHED,PASSED,PASSED,"{""ciba_mode"":""poll"",""client_auth_type"":""private_key_jwt"",""client_registration"":""static_client"",""fapi_ciba_profile"":""plain_fapi""}"
initial-unaffected,bad5174d5f6609ef4d43aec54aacb1e3b8688cad,62470460ca0c98db2731617d2b1b7de3c6974832,fapi-ciba-p010,9612Ic3biRn45,SBWxBL5ClIgQtMC,fapi-ciba-id1-ensure-request-object-expired-exp-fails,True,FINISHED,PASSED,PASSED,"{""ciba_mode"":""poll"",""client_auth_type"":""private_key_jwt"",""client_registration"":""static_client"",""fapi_ciba_profile"":""plain_fapi""}"
initial-unaffected,bad5174d5f6609ef4d43aec54aacb1e3b8688cad,62470460ca0c98db2731617d2b1b7de3c6974832,fapi-ciba-p010,9612Ic3biRn45,bnJz3ZD26S6BGgU,fapi-ciba-id1-ensure-request-object-exp-is-70-minutes-in-future-fails,True,FINISHED,PASSED,PASSED,"{""ciba_mode"":""poll"",""client_auth_type"":""private_key_jwt"",""client_registration"":""static_client"",""fapi_ciba_profile"":""plain_fapi""}"
initial-unaffected,bad5174d5f6609ef4d43aec54aacb1e3b8688cad,62470460ca0c98db2731617d2b1b7de3c6974832,fapi-ciba-p010,9612Ic3biRn45,IfPM2M1zhj2aInk,fapi-ciba-id1-ensure-request-object-missing-iat-fails,True,FINISHED,PASSED,PASSED,"{""ciba_mode"":""poll"",""client_auth_type"":""private_key_jwt"",""client_registration"":""static_client"",""fapi_ciba_profile"":""plain_fapi""}"
initial-unaffected,bad5174d5f6609ef4d43aec54aacb1e3b8688cad,62470460ca0c98db2731617d2b1b7de3c6974832,fapi-ciba-p010,9612Ic3biRn45,I6seY8AGs6vTmFQ,fapi-ciba-id1-ensure-request-object-missing-nbf-fails,True,FINISHED,PASSED,PASSED,"{""ciba_mode"":""poll"",""client_auth_type"":""private_key_jwt"",""client_registration"":""static_client"",""fapi_ciba_profile"":""plain_fapi""}"
initial-unaffected,bad5174d5f6609ef4d43aec54aacb1e3b8688cad,62470460ca0c98db2731617d2b1b7de3c6974832,fapi-ciba-p010,9612Ic3biRn45,sQujNLb98owbFta,fapi-ciba-id1-ensure-request-object-nbf-is-10-minutes-in-future-fails,True,FINISHED,PASSED,PASSED,"{""ciba_mode"":""poll"",""client_auth_type"":""private_key_jwt"",""client_registration"":""static_client"",""fapi_ciba_profile"":""plain_fapi""}"
initial-unaffected,bad5174d5f6609ef4d43aec54aacb1e3b8688cad,62470460ca0c98db2731617d2b1b7de3c6974832,fapi-ciba-p010,9612Ic3biRn45,lLDXTGZC8bF1KAH,fapi-ciba-id1-ensure-request-object-nbf-is-70-minutes-in-past-fails,True,FINISHED,PASSED,PASSED,"{""ciba_mode"":""poll"",""client_auth_type"":""private_key_jwt"",""client_registration"":""static_client"",""fapi_ciba_profile"":""plain_fapi""}"
initial-unaffected,bad5174d5f6609ef4d43aec54aacb1e3b8688cad,62470460ca0c98db2731617d2b1b7de3c6974832,fapi-ciba-p010,9612Ic3biRn45,GTugtGYq4OK1yK1,fapi-ciba-id1-ensure-request-object-missing-jti-fails,True,FINISHED,PASSED,PASSED,"{""ciba_mode"":""poll"",""client_auth_type"":""private_key_jwt"",""client_registration"":""static_client"",""fapi_ciba_profile"":""plain_fapi""}"
initial-unaffected,bad5174d5f6609ef4d43aec54aacb1e3b8688cad,62470460ca0c98db2731617d2b1b7de3c6974832,fapi-ciba-p010,9612Ic3biRn45,5eqOyv4Ep3nkA4h,fapi-ciba-id1-ensure-request-object-signature-algorithm-is-none-fails,True,FINISHED,PASSED,PASSED,"{""ciba_mode"":""poll"",""client_auth_type"":""private_key_jwt"",""client_registration"":""static_client"",""fapi_ciba_profile"":""plain_fapi""}"
initial-unaffected,bad5174d5f6609ef4d43aec54aacb1e3b8688cad,62470460ca0c98db2731617d2b1b7de3c6974832,fapi-ciba-p010,9612Ic3biRn45,2huZg2C6sMZ1Ek6,fapi-ciba-id1-ensure-request-object-signature-algorithm-is-bad-fails,True,FINISHED,PASSED,PASSED,"{""ciba_mode"":""poll"",""client_auth_type"":""private_key_jwt"",""client_registration"":""static_client"",""fapi_ciba_profile"":""plain_fapi""}"
initial-unaffected,bad5174d5f6609ef4d43aec54aacb1e3b8688cad,62470460ca0c98db2731617d2b1b7de3c6974832,fapi-ciba-p010,9612Ic3biRn45,um3IvgSLJiaOQ03,fapi-ciba-id1-ensure-request-object-signature-algorithm-is-RS256-fails,True,FINISHED,PASSED,PASSED,"{""ciba_mode"":""poll"",""client_auth_type"":""private_key_jwt"",""client_registration"":""static_client"",""fapi_ciba_profile"":""plain_fapi""}"
initial-unaffected,bad5174d5f6609ef4d43aec54aacb1e3b8688cad,62470460ca0c98db2731617d2b1b7de3c6974832,fapi-ciba-p010,9612Ic3biRn45,RcXeRzirujPHoqs,fapi-ciba-id1-ensure-request-object-signed-by-other-client-fails,True,FINISHED,PASSED,PASSED,"{""ciba_mode"":""poll"",""client_auth_type"":""private_key_jwt"",""client_registration"":""static_client"",""fapi_ciba_profile"":""plain_fapi""}"
initial-unaffected,bad5174d5f6609ef4d43aec54aacb1e3b8688cad,62470460ca0c98db2731617d2b1b7de3c6974832,fapi-ciba-p010,9612Ic3biRn45,CCEYaguiQR2qaoB,fapi-ciba-id1-ensure-authorization-request-with-multiple-hints-fails,True,FINISHED,PASSED,PASSED,"{""ciba_mode"":""poll"",""client_auth_type"":""private_key_jwt"",""client_registration"":""static_client"",""fapi_ciba_profile"":""plain_fapi""}"
initial-unaffected,bad5174d5f6609ef4d43aec54aacb1e3b8688cad,62470460ca0c98db2731617d2b1b7de3c6974832,fapi-ciba-p010,9612Ic3biRn45,5e4hR9ZjqBGVfhD,fapi-ciba-id1-ensure-wrong-auth-req-id-in-token-endpoint-request,True,FINISHED,PASSED,PASSED,"{""ciba_mode"":""poll"",""client_auth_type"":""private_key_jwt"",""client_registration"":""static_client"",""fapi_ciba_profile"":""plain_fapi""}"
initial-unaffected,bad5174d5f6609ef4d43aec54aacb1e3b8688cad,62470460ca0c98db2731617d2b1b7de3c6974832,fapi-ciba-p010,9612Ic3biRn45,QZJ1YSBJMJBr7O8,fapi-ciba-id1-ensure-without-client-assertion-in-token-endpoint-request,True,FINISHED,PASSED,PASSED,"{""ciba_mode"":""poll"",""client_auth_type"":""private_key_jwt"",""client_registration"":""static_client"",""fapi_ciba_profile"":""plain_fapi""}"
initial-unaffected,bad5174d5f6609ef4d43aec54aacb1e3b8688cad,62470460ca0c98db2731617d2b1b7de3c6974832,fapi-ciba-p010,9612Ic3biRn45,XqDXihhGhf7sPsJ,fapi-ciba-id1-ensure-invalid-client-assertions-in-backchannel-authorization-request-fail,True,FINISHED,PASSED,PASSED,"{""ciba_mode"":""poll"",""client_auth_type"":""private_key_jwt"",""client_registration"":""static_client"",""fapi_ciba_profile"":""plain_fapi""}"
initial-unaffected,bad5174d5f6609ef4d43aec54aacb1e3b8688cad,62470460ca0c98db2731617d2b1b7de3c6974832,fapi-ciba-p010,9612Ic3biRn45,5aZCAveWH8kERVM,fapi-ciba-id1-ensure-client-assertion-signature-algorithm-in-token-endpoint-request-is-RS256-fails,True,FINISHED,PASSED,PASSED,"{""ciba_mode"":""poll"",""client_auth_type"":""private_key_jwt"",""client_registration"":""static_client"",""fapi_ciba_profile"":""plain_fapi""}"
initial-unaffected,bad5174d5f6609ef4d43aec54aacb1e3b8688cad,62470460ca0c98db2731617d2b1b7de3c6974832,fapi-ciba-p010,9612Ic3biRn45,QjqE6pd99C4mSXH,fapi-ciba-id1-ensure-client-assertion-with-iss-aud-to-token-endpoint-succeeds,True,FINISHED,PASSED,PASSED,"{""ciba_mode"":""poll"",""client_auth_type"":""private_key_jwt"",""client_registration"":""static_client"",""fapi_ciba_profile"":""plain_fapi""}"
initial-unaffected,bad5174d5f6609ef4d43aec54aacb1e3b8688cad,62470460ca0c98db2731617d2b1b7de3c6974832,fapi-ciba-p010,9612Ic3biRn45,iKAvdEl64xRf0lV,fapi-ciba-id1-ensure-unsigned-backchannel-authorization-request-fails,True,FINISHED,PASSED,PASSED,"{""ciba_mode"":""poll"",""client_auth_type"":""private_key_jwt"",""client_registration"":""static_client"",""fapi_ciba_profile"":""plain_fapi""}"
initial-unaffected,bad5174d5f6609ef4d43aec54aacb1e3b8688cad,62470460ca0c98db2731617d2b1b7de3c6974832,fapi-ciba-p010,9612Ic3biRn45,2b9udwXEmhT7q1N,fapi-ciba-id1-refresh-token,True,FINISHED,PASSED,PASSED,"{""ciba_mode"":""poll"",""client_auth_type"":""private_key_jwt"",""client_registration"":""static_client"",""fapi_ciba_profile"":""plain_fapi""}"
initial-unaffected,bad5174d5f6609ef4d43aec54aacb1e3b8688cad,62470460ca0c98db2731617d2b1b7de3c6974832,fapi-ciba-p010,9612Ic3biRn45,zJwToEKaxtIcUxW,fapi-ciba-id1-ensure-mtls-holder-of-key-required,True,FINISHED,PASSED,PASSED,"{""ciba_mode"":""poll"",""client_auth_type"":""private_key_jwt"",""client_registration"":""static_client"",""fapi_ciba_profile"":""plain_fapi""}"
initial-unaffected,bad5174d5f6609ef4d43aec54aacb1e3b8688cad,62470460ca0c98db2731617d2b1b7de3c6974832,fapi-ciba-p011,CNJ3RMIhWBwwU,aColEMS3VlefAHG,fapi-ciba-id1-discovery-end-point-verification,True,FINISHED,PASSED,PASSED,"{""ciba_mode"":""poll"",""client_auth_type"":""mtls"",""client_registration"":""static_client"",""fapi_ciba_profile"":""plain_fapi""}"
initial-unaffected,bad5174d5f6609ef4d43aec54aacb1e3b8688cad,62470460ca0c98db2731617d2b1b7de3c6974832,fapi-ciba-p011,CNJ3RMIhWBwwU,5mZrVkK0Adx43Wy,fapi-ciba-id1,True,FINISHED,PASSED,PASSED,"{""ciba_mode"":""poll"",""client_auth_type"":""mtls"",""client_registration"":""static_client"",""fapi_ciba_profile"":""plain_fapi""}"
initial-unaffected,bad5174d5f6609ef4d43aec54aacb1e3b8688cad,62470460ca0c98db2731617d2b1b7de3c6974832,fapi-ciba-p011,CNJ3RMIhWBwwU,1PkdvI120rmiQTv,fapi-ciba-id1-user-rejects-authentication,True,FINISHED,PASSED,PASSED,"{""ciba_mode"":""poll"",""client_auth_type"":""mtls"",""client_registration"":""static_client"",""fapi_ciba_profile"":""plain_fapi""}"
initial-unaffected,bad5174d5f6609ef4d43aec54aacb1e3b8688cad,62470460ca0c98db2731617d2b1b7de3c6974832,fapi-ciba-p011,CNJ3RMIhWBwwU,FxF04PYpN5rLWlK,fapi-ciba-id1-multiple-call-to-token-endpoint,True,FINISHED,PASSED,PASSED,"{""ciba_mode"":""poll"",""client_auth_type"":""mtls"",""client_registration"":""static_client"",""fapi_ciba_profile"":""plain_fapi""}"
initial-unaffected,bad5174d5f6609ef4d43aec54aacb1e3b8688cad,62470460ca0c98db2731617d2b1b7de3c6974832,fapi-ciba-p011,CNJ3RMIhWBwwU,m0hH0zRBDhLYo1K,fapi-ciba-id1-auth-req-id-expired,True,FINISHED,PASSED,PASSED,"{""ciba_mode"":""poll"",""client_auth_type"":""mtls"",""client_registration"":""static_client"",""fapi_ciba_profile"":""plain_fapi""}"
initial-unaffected,bad5174d5f6609ef4d43aec54aacb1e3b8688cad,62470460ca0c98db2731617d2b1b7de3c6974832,fapi-ciba-p011,CNJ3RMIhWBwwU,JZOSIM8z7Q1pfbA,fapi-ciba-id1-ensure-authorization-request-with-binding-message-succeeds,True,FINISHED,PASSED,PASSED,"{""ciba_mode"":""poll"",""client_auth_type"":""mtls"",""client_registration"":""static_client"",""fapi_ciba_profile"":""plain_fapi""}"
initial-unaffected,bad5174d5f6609ef4d43aec54aacb1e3b8688cad,62470460ca0c98db2731617d2b1b7de3c6974832,fapi-ciba-p011,CNJ3RMIhWBwwU,LFtcmhIBW5qQ8v0,fapi-ciba-id1-ensure-other-scope-order-succeeds,True,FINISHED,PASSED,PASSED,"{""ciba_mode"":""poll"",""client_auth_type"":""mtls"",""client_registration"":""static_client"",""fapi_ciba_profile"":""plain_fapi""}"
initial-unaffected,bad5174d5f6609ef4d43aec54aacb1e3b8688cad,62470460ca0c98db2731617d2b1b7de3c6974832,fapi-ciba-p011,CNJ3RMIhWBwwU,j98EEUgamu9J3M6,fapi-ciba-id1-ensure-requested-expiry-as-string-succeeds,True,FINISHED,PASSED,PASSED,"{""ciba_mode"":""poll"",""client_auth_type"":""mtls"",""client_registration"":""static_client"",""fapi_ciba_profile"":""plain_fapi""}"
initial-unaffected,bad5174d5f6609ef4d43aec54aacb1e3b8688cad,62470460ca0c98db2731617d2b1b7de3c6974832,fapi-ciba-p011,CNJ3RMIhWBwwU,gVdkSVScn9Gg6ww,fapi-ciba-id1-ensure-authorization-request-with-potentially-bad-binding-message,True,FINISHED,PASSED,PASSED,"{""ciba_mode"":""poll"",""client_auth_type"":""mtls"",""client_registration"":""static_client"",""fapi_ciba_profile"":""plain_fapi""}"
initial-unaffected,bad5174d5f6609ef4d43aec54aacb1e3b8688cad,62470460ca0c98db2731617d2b1b7de3c6974832,fapi-ciba-p011,CNJ3RMIhWBwwU,OFT1AtMZWHeHcqJ,fapi-ciba-id1-ensure-request-object-missing-aud-fails,True,FINISHED,PASSED,PASSED,"{""ciba_mode"":""poll"",""client_auth_type"":""mtls"",""client_registration"":""static_client"",""fapi_ciba_profile"":""plain_fapi""}"
initial-unaffected,bad5174d5f6609ef4d43aec54aacb1e3b8688cad,62470460ca0c98db2731617d2b1b7de3c6974832,fapi-ciba-p011,CNJ3RMIhWBwwU,3g6gVEGtsexyXmO,fapi-ciba-id1-ensure-request-object-bad-aud-fails,True,FINISHED,PASSED,PASSED,"{""ciba_mode"":""poll"",""client_auth_type"":""mtls"",""client_registration"":""static_client"",""fapi_ciba_profile"":""plain_fapi""}"
initial-unaffected,bad5174d5f6609ef4d43aec54aacb1e3b8688cad,62470460ca0c98db2731617d2b1b7de3c6974832,fapi-ciba-p011,CNJ3RMIhWBwwU,KE4qR8Yg6BJ2G1F,fapi-ciba-id1-ensure-request-object-missing-iss-fails,True,FINISHED,PASSED,PASSED,"{""ciba_mode"":""poll"",""client_auth_type"":""mtls"",""client_registration"":""static_client"",""fapi_ciba_profile"":""plain_fapi""}"
initial-unaffected,bad5174d5f6609ef4d43aec54aacb1e3b8688cad,62470460ca0c98db2731617d2b1b7de3c6974832,fapi-ciba-p011,CNJ3RMIhWBwwU,DgHPIPttFDxambF,fapi-ciba-id1-ensure-request-object-bad-iss-fails,True,FINISHED,PASSED,PASSED,"{""ciba_mode"":""poll"",""client_auth_type"":""mtls"",""client_registration"":""static_client"",""fapi_ciba_profile"":""plain_fapi""}"
initial-unaffected,bad5174d5f6609ef4d43aec54aacb1e3b8688cad,62470460ca0c98db2731617d2b1b7de3c6974832,fapi-ciba-p011,CNJ3RMIhWBwwU,7WPUvda2ti11fXP,fapi-ciba-id1-ensure-request-object-missing-exp-fails,True,FINISHED,PASSED,PASSED,"{""ciba_mode"":""poll"",""client_auth_type"":""mtls"",""client_registration"":""static_client"",""fapi_ciba_profile"":""plain_fapi""}"
initial-unaffected,bad5174d5f6609ef4d43aec54aacb1e3b8688cad,62470460ca0c98db2731617d2b1b7de3c6974832,fapi-ciba-p011,CNJ3RMIhWBwwU,LSWC3K7eX6B6NdQ,fapi-ciba-id1-ensure-request-object-expired-exp-fails,True,FINISHED,PASSED,PASSED,"{""ciba_mode"":""poll"",""client_auth_type"":""mtls"",""client_registration"":""static_client"",""fapi_ciba_profile"":""plain_fapi""}"
initial-unaffected,bad5174d5f6609ef4d43aec54aacb1e3b8688cad,62470460ca0c98db2731617d2b1b7de3c6974832,fapi-ciba-p011,CNJ3RMIhWBwwU,fvexOUXyNQaY1Ft,fapi-ciba-id1-ensure-request-object-exp-is-70-minutes-in-future-fails,True,FINISHED,PASSED,PASSED,"{""ciba_mode"":""poll"",""client_auth_type"":""mtls"",""client_registration"":""static_client"",""fapi_ciba_profile"":""plain_fapi""}"
initial-unaffected,bad5174d5f6609ef4d43aec54aacb1e3b8688cad,62470460ca0c98db2731617d2b1b7de3c6974832,fapi-ciba-p011,CNJ3RMIhWBwwU,25ZzoEmrqhL7kZ6,fapi-ciba-id1-ensure-request-object-missing-iat-fails,True,FINISHED,PASSED,PASSED,"{""ciba_mode"":""poll"",""client_auth_type"":""mtls"",""client_registration"":""static_client"",""fapi_ciba_profile"":""plain_fapi""}"
initial-unaffected,bad5174d5f6609ef4d43aec54aacb1e3b8688cad,62470460ca0c98db2731617d2b1b7de3c6974832,fapi-ciba-p011,CNJ3RMIhWBwwU,ZHtMceZ4SB5LM9c,fapi-ciba-id1-ensure-request-object-missing-nbf-fails,True,FINISHED,PASSED,PASSED,"{""ciba_mode"":""poll"",""client_auth_type"":""mtls"",""client_registration"":""static_client"",""fapi_ciba_profile"":""plain_fapi""}"
initial-unaffected,bad5174d5f6609ef4d43aec54aacb1e3b8688cad,62470460ca0c98db2731617d2b1b7de3c6974832,fapi-ciba-p011,CNJ3RMIhWBwwU,h1fcd4ayQK5BPXn,fapi-ciba-id1-ensure-request-object-nbf-is-10-minutes-in-future-fails,True,FINISHED,PASSED,PASSED,"{""ciba_mode"":""poll"",""client_auth_type"":""mtls"",""client_registration"":""static_client"",""fapi_ciba_profile"":""plain_fapi""}"
initial-unaffected,bad5174d5f6609ef4d43aec54aacb1e3b8688cad,62470460ca0c98db2731617d2b1b7de3c6974832,fapi-ciba-p011,CNJ3RMIhWBwwU,sGBqNYaLaKRANuJ,fapi-ciba-id1-ensure-request-object-nbf-is-70-minutes-in-past-fails,True,FINISHED,PASSED,PASSED,"{""ciba_mode"":""poll"",""client_auth_type"":""mtls"",""client_registration"":""static_client"",""fapi_ciba_profile"":""plain_fapi""}"
initial-unaffected,bad5174d5f6609ef4d43aec54aacb1e3b8688cad,62470460ca0c98db2731617d2b1b7de3c6974832,fapi-ciba-p011,CNJ3RMIhWBwwU,OyPD6nhhD2qkbWS,fapi-ciba-id1-ensure-request-object-missing-jti-fails,True,FINISHED,PASSED,PASSED,"{""ciba_mode"":""poll"",""client_auth_type"":""mtls"",""client_registration"":""static_client"",""fapi_ciba_profile"":""plain_fapi""}"
initial-unaffected,bad5174d5f6609ef4d43aec54aacb1e3b8688cad,62470460ca0c98db2731617d2b1b7de3c6974832,fapi-ciba-p011,CNJ3RMIhWBwwU,anpO90TNFMzImDE,fapi-ciba-id1-ensure-request-object-signature-algorithm-is-none-fails,True,FINISHED,PASSED,PASSED,"{""ciba_mode"":""poll"",""client_auth_type"":""mtls"",""client_registration"":""static_client"",""fapi_ciba_profile"":""plain_fapi""}"
initial-unaffected,bad5174d5f6609ef4d43aec54aacb1e3b8688cad,62470460ca0c98db2731617d2b1b7de3c6974832,fapi-ciba-p011,CNJ3RMIhWBwwU,r4OgRcc7CeD1AkN,fapi-ciba-id1-ensure-request-object-signature-algorithm-is-bad-fails,True,FINISHED,PASSED,PASSED,"{""ciba_mode"":""poll"",""client_auth_type"":""mtls"",""client_registration"":""static_client"",""fapi_ciba_profile"":""plain_fapi""}"
initial-unaffected,bad5174d5f6609ef4d43aec54aacb1e3b8688cad,62470460ca0c98db2731617d2b1b7de3c6974832,fapi-ciba-p011,CNJ3RMIhWBwwU,vy2V9l17ILdePyt,fapi-ciba-id1-ensure-request-object-signature-algorithm-is-RS256-fails,True,FINISHED,PASSED,PASSED,"{""ciba_mode"":""poll"",""client_auth_type"":""mtls"",""client_registration"":""static_client"",""fapi_ciba_profile"":""plain_fapi""}"
initial-unaffected,bad5174d5f6609ef4d43aec54aacb1e3b8688cad,62470460ca0c98db2731617d2b1b7de3c6974832,fapi-ciba-p011,CNJ3RMIhWBwwU,k8KNTmHxUDY16Mq,fapi-ciba-id1-ensure-request-object-signed-by-other-client-fails,True,FINISHED,PASSED,PASSED,"{""ciba_mode"":""poll"",""client_auth_type"":""mtls"",""client_registration"":""static_client"",""fapi_ciba_profile"":""plain_fapi""}"
initial-unaffected,bad5174d5f6609ef4d43aec54aacb1e3b8688cad,62470460ca0c98db2731617d2b1b7de3c6974832,fapi-ciba-p011,CNJ3RMIhWBwwU,Y8AlASCkEmdjtnY,fapi-ciba-id1-ensure-authorization-request-with-multiple-hints-fails,True,FINISHED,PASSED,PASSED,"{""ciba_mode"":""poll"",""client_auth_type"":""mtls"",""client_registration"":""static_client"",""fapi_ciba_profile"":""plain_fapi""}"
initial-unaffected,bad5174d5f6609ef4d43aec54aacb1e3b8688cad,62470460ca0c98db2731617d2b1b7de3c6974832,fapi-ciba-p011,CNJ3RMIhWBwwU,uU2iDvlwiRNoLNb,fapi-ciba-id1-ensure-wrong-auth-req-id-in-token-endpoint-request,True,FINISHED,PASSED,PASSED,"{""ciba_mode"":""poll"",""client_auth_type"":""mtls"",""client_registration"":""static_client"",""fapi_ciba_profile"":""plain_fapi""}"
initial-unaffected,bad5174d5f6609ef4d43aec54aacb1e3b8688cad,62470460ca0c98db2731617d2b1b7de3c6974832,fapi-ciba-p011,CNJ3RMIhWBwwU,ppuIQ9cepoinbl7,fapi-ciba-id1-ensure-different-client-id-and-issuer-in-backchannel-authorization-request,True,FINISHED,PASSED,PASSED,"{""ciba_mode"":""poll"",""client_auth_type"":""mtls"",""client_registration"":""static_client"",""fapi_ciba_profile"":""plain_fapi""}"
initial-unaffected,bad5174d5f6609ef4d43aec54aacb1e3b8688cad,62470460ca0c98db2731617d2b1b7de3c6974832,fapi-ciba-p011,CNJ3RMIhWBwwU,VoivEvlIf6fHVx9,fapi-ciba-id1-ensure-wrong-client-id-in-token-endpoint-request,True,FINISHED,PASSED,PASSED,"{""ciba_mode"":""poll"",""client_auth_type"":""mtls"",""client_registration"":""static_client"",""fapi_ciba_profile"":""plain_fapi""}"
initial-unaffected,bad5174d5f6609ef4d43aec54aacb1e3b8688cad,62470460ca0c98db2731617d2b1b7de3c6974832,fapi-ciba-p011,CNJ3RMIhWBwwU,ibeqjxKJTxiBfho,fapi-ciba-id1-ensure-wrong-client-id-in-backchannel-authorization-request,True,FINISHED,PASSED,PASSED,"{""ciba_mode"":""poll"",""client_auth_type"":""mtls"",""client_registration"":""static_client"",""fapi_ciba_profile"":""plain_fapi""}"
initial-unaffected,bad5174d5f6609ef4d43aec54aacb1e3b8688cad,62470460ca0c98db2731617d2b1b7de3c6974832,fapi-ciba-p011,CNJ3RMIhWBwwU,HxtlLmtXoSLzP5d,fapi-ciba-id1-ensure-unsigned-backchannel-authorization-request-fails,True,FINISHED,PASSED,PASSED,"{""ciba_mode"":""poll"",""client_auth_type"":""mtls"",""client_registration"":""static_client"",""fapi_ciba_profile"":""plain_fapi""}"
initial-unaffected,bad5174d5f6609ef4d43aec54aacb1e3b8688cad,62470460ca0c98db2731617d2b1b7de3c6974832,fapi-ciba-p011,CNJ3RMIhWBwwU,MQXoJyDZRGCzDvY,fapi-ciba-id1-refresh-token,True,FINISHED,PASSED,PASSED,"{""ciba_mode"":""poll"",""client_auth_type"":""mtls"",""client_registration"":""static_client"",""fapi_ciba_profile"":""plain_fapi""}"
initial-unaffected,bad5174d5f6609ef4d43aec54aacb1e3b8688cad,62470460ca0c98db2731617d2b1b7de3c6974832,fapi-ciba-p011,CNJ3RMIhWBwwU,aYxlOGcjL6DMTdY,fapi-ciba-id1-ensure-mtls-holder-of-key-required,True,FINISHED,PASSED,PASSED,"{""ciba_mode"":""poll"",""client_auth_type"":""mtls"",""client_registration"":""static_client"",""fapi_ciba_profile"":""plain_fapi""}"
initial-unaffected,bad5174d5f6609ef4d43aec54aacb1e3b8688cad,62470460ca0c98db2731617d2b1b7de3c6974832,fapi-ciba-p012,AIAK5GO549CSk,QtbnGvwQwY58MEA,fapi-ciba-id1-discovery-end-point-verification,True,FINISHED,PASSED,PASSED,"{""ciba_mode"":""ping"",""client_auth_type"":""private_key_jwt"",""client_registration"":""static_client"",""fapi_ciba_profile"":""plain_fapi""}"
initial-unaffected,bad5174d5f6609ef4d43aec54aacb1e3b8688cad,62470460ca0c98db2731617d2b1b7de3c6974832,fapi-ciba-p012,AIAK5GO549CSk,JseH3Hy1X85FwcL,fapi-ciba-id1,True,FINISHED,PASSED,PASSED,"{""ciba_mode"":""ping"",""client_auth_type"":""private_key_jwt"",""client_registration"":""static_client"",""fapi_ciba_profile"":""plain_fapi""}"
initial-unaffected,bad5174d5f6609ef4d43aec54aacb1e3b8688cad,62470460ca0c98db2731617d2b1b7de3c6974832,fapi-ciba-p012,AIAK5GO549CSk,mttXrCKhbKrUQns,fapi-ciba-id1-user-rejects-authentication,True,FINISHED,PASSED,PASSED,"{""ciba_mode"":""ping"",""client_auth_type"":""private_key_jwt"",""client_registration"":""static_client"",""fapi_ciba_profile"":""plain_fapi""}"
initial-unaffected,bad5174d5f6609ef4d43aec54aacb1e3b8688cad,62470460ca0c98db2731617d2b1b7de3c6974832,fapi-ciba-p012,AIAK5GO549CSk,T17b4Uc5gp4Vi5o,fapi-ciba-id1-multiple-call-to-token-endpoint,True,FINISHED,PASSED,PASSED,"{""ciba_mode"":""ping"",""client_auth_type"":""private_key_jwt"",""client_registration"":""static_client"",""fapi_ciba_profile"":""plain_fapi""}"
initial-unaffected,bad5174d5f6609ef4d43aec54aacb1e3b8688cad,62470460ca0c98db2731617d2b1b7de3c6974832,fapi-ciba-p012,AIAK5GO549CSk,iu2M4xu9DzyjmJJ,fapi-ciba-id1-auth-req-id-expired,True,FINISHED,PASSED,PASSED,"{""ciba_mode"":""ping"",""client_auth_type"":""private_key_jwt"",""client_registration"":""static_client"",""fapi_ciba_profile"":""plain_fapi""}"
initial-unaffected,bad5174d5f6609ef4d43aec54aacb1e3b8688cad,62470460ca0c98db2731617d2b1b7de3c6974832,fapi-ciba-p012,AIAK5GO549CSk,mEjdnwjSG9qxkDD,fapi-ciba-id1-ensure-authorization-request-with-binding-message-succeeds,True,FINISHED,PASSED,PASSED,"{""ciba_mode"":""ping"",""client_auth_type"":""private_key_jwt"",""client_registration"":""static_client"",""fapi_ciba_profile"":""plain_fapi""}"
initial-unaffected,bad5174d5f6609ef4d43aec54aacb1e3b8688cad,62470460ca0c98db2731617d2b1b7de3c6974832,fapi-ciba-p012,AIAK5GO549CSk,LYVmcGJ5DnKQEc9,fapi-ciba-id1-ensure-other-scope-order-succeeds,True,FINISHED,PASSED,PASSED,"{""ciba_mode"":""ping"",""client_auth_type"":""private_key_jwt"",""client_registration"":""static_client"",""fapi_ciba_profile"":""plain_fapi""}"
initial-unaffected,bad5174d5f6609ef4d43aec54aacb1e3b8688cad,62470460ca0c98db2731617d2b1b7de3c6974832,fapi-ciba-p012,AIAK5GO549CSk,g5Oy1sUlfvIhBQ3,fapi-ciba-id1-ensure-requested-expiry-as-string-succeeds,True,FINISHED,PASSED,PASSED,"{""ciba_mode"":""ping"",""client_auth_type"":""private_key_jwt"",""client_registration"":""static_client"",""fapi_ciba_profile"":""plain_fapi""}"
initial-unaffected,bad5174d5f6609ef4d43aec54aacb1e3b8688cad,62470460ca0c98db2731617d2b1b7de3c6974832,fapi-ciba-p012,AIAK5GO549CSk,6ocWZQHPw2scr82,fapi-ciba-id1-ensure-authorization-request-with-potentially-bad-binding-message,True,FINISHED,PASSED,PASSED,"{""ciba_mode"":""ping"",""client_auth_type"":""private_key_jwt"",""client_registration"":""static_client"",""fapi_ciba_profile"":""plain_fapi""}"
initial-unaffected,bad5174d5f6609ef4d43aec54aacb1e3b8688cad,62470460ca0c98db2731617d2b1b7de3c6974832,fapi-ciba-p012,AIAK5GO549CSk,z06czuFCC4OwKhY,fapi-ciba-id1-ensure-request-object-missing-aud-fails,True,FINISHED,PASSED,PASSED,"{""ciba_mode"":""ping"",""client_auth_type"":""private_key_jwt"",""client_registration"":""static_client"",""fapi_ciba_profile"":""plain_fapi""}"
initial-unaffected,bad5174d5f6609ef4d43aec54aacb1e3b8688cad,62470460ca0c98db2731617d2b1b7de3c6974832,fapi-ciba-p012,AIAK5GO549CSk,VG1CKmG7y4tRcP3,fapi-ciba-id1-ensure-request-object-bad-aud-fails,True,FINISHED,PASSED,PASSED,"{""ciba_mode"":""ping"",""client_auth_type"":""private_key_jwt"",""client_registration"":""static_client"",""fapi_ciba_profile"":""plain_fapi""}"
initial-unaffected,bad5174d5f6609ef4d43aec54aacb1e3b8688cad,62470460ca0c98db2731617d2b1b7de3c6974832,fapi-ciba-p012,AIAK5GO549CSk,z7Ur2gz99rEdyTq,fapi-ciba-id1-ensure-request-object-missing-iss-fails,True,FINISHED,PASSED,PASSED,"{""ciba_mode"":""ping"",""client_auth_type"":""private_key_jwt"",""client_registration"":""static_client"",""fapi_ciba_profile"":""plain_fapi""}"
initial-unaffected,bad5174d5f6609ef4d43aec54aacb1e3b8688cad,62470460ca0c98db2731617d2b1b7de3c6974832,fapi-ciba-p012,AIAK5GO549CSk,oywMOE1HD4nqWAf,fapi-ciba-id1-ensure-request-object-bad-iss-fails,True,FINISHED,PASSED,PASSED,"{""ciba_mode"":""ping"",""client_auth_type"":""private_key_jwt"",""client_registration"":""static_client"",""fapi_ciba_profile"":""plain_fapi""}"
initial-unaffected,bad5174d5f6609ef4d43aec54aacb1e3b8688cad,62470460ca0c98db2731617d2b1b7de3c6974832,fapi-ciba-p012,AIAK5GO549CSk,RE4uwgOQRD88SJw,fapi-ciba-id1-ensure-request-object-missing-exp-fails,True,FINISHED,PASSED,PASSED,"{""ciba_mode"":""ping"",""client_auth_type"":""private_key_jwt"",""client_registration"":""static_client"",""fapi_ciba_profile"":""plain_fapi""}"
initial-unaffected,bad5174d5f6609ef4d43aec54aacb1e3b8688cad,62470460ca0c98db2731617d2b1b7de3c6974832,fapi-ciba-p012,AIAK5GO549CSk,uM5S9VhBoTV4rWm,fapi-ciba-id1-ensure-request-object-expired-exp-fails,True,FINISHED,PASSED,PASSED,"{""ciba_mode"":""ping"",""client_auth_type"":""private_key_jwt"",""client_registration"":""static_client"",""fapi_ciba_profile"":""plain_fapi""}"
initial-unaffected,bad5174d5f6609ef4d43aec54aacb1e3b8688cad,62470460ca0c98db2731617d2b1b7de3c6974832,fapi-ciba-p012,AIAK5GO549CSk,aK7quNdVKHBsaP5,fapi-ciba-id1-ensure-request-object-exp-is-70-minutes-in-future-fails,True,FINISHED,PASSED,PASSED,"{""ciba_mode"":""ping"",""client_auth_type"":""private_key_jwt"",""client_registration"":""static_client"",""fapi_ciba_profile"":""plain_fapi""}"
initial-unaffected,bad5174d5f6609ef4d43aec54aacb1e3b8688cad,62470460ca0c98db2731617d2b1b7de3c6974832,fapi-ciba-p012,AIAK5GO549CSk,JlXVcusGwdEWkZK,fapi-ciba-id1-ensure-request-object-missing-iat-fails,True,FINISHED,PASSED,PASSED,"{""ciba_mode"":""ping"",""client_auth_type"":""private_key_jwt"",""client_registration"":""static_client"",""fapi_ciba_profile"":""plain_fapi""}"
initial-unaffected,bad5174d5f6609ef4d43aec54aacb1e3b8688cad,62470460ca0c98db2731617d2b1b7de3c6974832,fapi-ciba-p012,AIAK5GO549CSk,afZShiVpM0vepMy,fapi-ciba-id1-ensure-request-object-missing-nbf-fails,True,FINISHED,PASSED,PASSED,"{""ciba_mode"":""ping"",""client_auth_type"":""private_key_jwt"",""client_registration"":""static_client"",""fapi_ciba_profile"":""plain_fapi""}"
initial-unaffected,bad5174d5f6609ef4d43aec54aacb1e3b8688cad,62470460ca0c98db2731617d2b1b7de3c6974832,fapi-ciba-p012,AIAK5GO549CSk,JjitwoGLzaOTI7J,fapi-ciba-id1-ensure-request-object-nbf-is-10-minutes-in-future-fails,True,FINISHED,PASSED,PASSED,"{""ciba_mode"":""ping"",""client_auth_type"":""private_key_jwt"",""client_registration"":""static_client"",""fapi_ciba_profile"":""plain_fapi""}"
initial-unaffected,bad5174d5f6609ef4d43aec54aacb1e3b8688cad,62470460ca0c98db2731617d2b1b7de3c6974832,fapi-ciba-p012,AIAK5GO549CSk,l9NtB1uynHwh3QP,fapi-ciba-id1-ensure-request-object-nbf-is-70-minutes-in-past-fails,True,FINISHED,PASSED,PASSED,"{""ciba_mode"":""ping"",""client_auth_type"":""private_key_jwt"",""client_registration"":""static_client"",""fapi_ciba_profile"":""plain_fapi""}"
initial-unaffected,bad5174d5f6609ef4d43aec54aacb1e3b8688cad,62470460ca0c98db2731617d2b1b7de3c6974832,fapi-ciba-p012,AIAK5GO549CSk,kiuZkTZujrRHgEj,fapi-ciba-id1-ensure-request-object-missing-jti-fails,True,FINISHED,PASSED,PASSED,"{""ciba_mode"":""ping"",""client_auth_type"":""private_key_jwt"",""client_registration"":""static_client"",""fapi_ciba_profile"":""plain_fapi""}"
initial-unaffected,bad5174d5f6609ef4d43aec54aacb1e3b8688cad,62470460ca0c98db2731617d2b1b7de3c6974832,fapi-ciba-p012,AIAK5GO549CSk,hjzPVcXceQM2GNS,fapi-ciba-id1-ensure-request-object-signature-algorithm-is-none-fails,True,FINISHED,PASSED,PASSED,"{""ciba_mode"":""ping"",""client_auth_type"":""private_key_jwt"",""client_registration"":""static_client"",""fapi_ciba_profile"":""plain_fapi""}"
initial-unaffected,bad5174d5f6609ef4d43aec54aacb1e3b8688cad,62470460ca0c98db2731617d2b1b7de3c6974832,fapi-ciba-p012,AIAK5GO549CSk,9KWjUDQN0pNKNYK,fapi-ciba-id1-ensure-request-object-signature-algorithm-is-bad-fails,True,FINISHED,PASSED,PASSED,"{""ciba_mode"":""ping"",""client_auth_type"":""private_key_jwt"",""client_registration"":""static_client"",""fapi_ciba_profile"":""plain_fapi""}"
initial-unaffected,bad5174d5f6609ef4d43aec54aacb1e3b8688cad,62470460ca0c98db2731617d2b1b7de3c6974832,fapi-ciba-p012,AIAK5GO549CSk,sJGEBRAs7kw3Rih,fapi-ciba-id1-ensure-request-object-signature-algorithm-is-RS256-fails,True,FINISHED,PASSED,PASSED,"{""ciba_mode"":""ping"",""client_auth_type"":""private_key_jwt"",""client_registration"":""static_client"",""fapi_ciba_profile"":""plain_fapi""}"
initial-unaffected,bad5174d5f6609ef4d43aec54aacb1e3b8688cad,62470460ca0c98db2731617d2b1b7de3c6974832,fapi-ciba-p012,AIAK5GO549CSk,gg1bOSZoOMJHGA7,fapi-ciba-id1-ensure-request-object-signed-by-other-client-fails,True,FINISHED,PASSED,PASSED,"{""ciba_mode"":""ping"",""client_auth_type"":""private_key_jwt"",""client_registration"":""static_client"",""fapi_ciba_profile"":""plain_fapi""}"
initial-unaffected,bad5174d5f6609ef4d43aec54aacb1e3b8688cad,62470460ca0c98db2731617d2b1b7de3c6974832,fapi-ciba-p012,AIAK5GO549CSk,3fJtrv4K24osO09,fapi-ciba-id1-ensure-authorization-request-with-multiple-hints-fails,True,FINISHED,PASSED,PASSED,"{""ciba_mode"":""ping"",""client_auth_type"":""private_key_jwt"",""client_registration"":""static_client"",""fapi_ciba_profile"":""plain_fapi""}"
initial-unaffected,bad5174d5f6609ef4d43aec54aacb1e3b8688cad,62470460ca0c98db2731617d2b1b7de3c6974832,fapi-ciba-p012,AIAK5GO549CSk,haHoXz3Qn1oQJrT,fapi-ciba-id1-ensure-wrong-auth-req-id-in-token-endpoint-request,True,FINISHED,PASSED,PASSED,"{""ciba_mode"":""ping"",""client_auth_type"":""private_key_jwt"",""client_registration"":""static_client"",""fapi_ciba_profile"":""plain_fapi""}"
initial-unaffected,bad5174d5f6609ef4d43aec54aacb1e3b8688cad,62470460ca0c98db2731617d2b1b7de3c6974832,fapi-ciba-p012,AIAK5GO549CSk,4lBx34fq5Vmqi9Q,fapi-ciba-id1-ensure-without-client-assertion-in-token-endpoint-request,True,FINISHED,PASSED,PASSED,"{""ciba_mode"":""ping"",""client_auth_type"":""private_key_jwt"",""client_registration"":""static_client"",""fapi_ciba_profile"":""plain_fapi""}"
initial-unaffected,bad5174d5f6609ef4d43aec54aacb1e3b8688cad,62470460ca0c98db2731617d2b1b7de3c6974832,fapi-ciba-p012,AIAK5GO549CSk,ySaNJyT5DNT15mw,fapi-ciba-id1-ensure-invalid-client-assertions-in-backchannel-authorization-request-fail,True,FINISHED,PASSED,PASSED,"{""ciba_mode"":""ping"",""client_auth_type"":""private_key_jwt"",""client_registration"":""static_client"",""fapi_ciba_profile"":""plain_fapi""}"
initial-unaffected,bad5174d5f6609ef4d43aec54aacb1e3b8688cad,62470460ca0c98db2731617d2b1b7de3c6974832,fapi-ciba-p012,AIAK5GO549CSk,jUG8Jyj2R22381P,fapi-ciba-id1-ensure-client-assertion-signature-algorithm-in-token-endpoint-request-is-RS256-fails,True,FINISHED,PASSED,PASSED,"{""ciba_mode"":""ping"",""client_auth_type"":""private_key_jwt"",""client_registration"":""static_client"",""fapi_ciba_profile"":""plain_fapi""}"
initial-unaffected,bad5174d5f6609ef4d43aec54aacb1e3b8688cad,62470460ca0c98db2731617d2b1b7de3c6974832,fapi-ciba-p012,AIAK5GO549CSk,BrqSqKUI6H5kdA6,fapi-ciba-id1-ensure-client-assertion-with-iss-aud-to-token-endpoint-succeeds,True,FINISHED,PASSED,PASSED,"{""ciba_mode"":""ping"",""client_auth_type"":""private_key_jwt"",""client_registration"":""static_client"",""fapi_ciba_profile"":""plain_fapi""}"
initial-unaffected,bad5174d5f6609ef4d43aec54aacb1e3b8688cad,62470460ca0c98db2731617d2b1b7de3c6974832,fapi-ciba-p012,AIAK5GO549CSk,sdHmZMHvuSXfPtG,fapi-ciba-id1-ping-backchannel-notification-endpoint-response-has-body,True,FINISHED,PASSED,PASSED,"{""ciba_mode"":""ping"",""client_auth_type"":""private_key_jwt"",""client_registration"":""static_client"",""fapi_ciba_profile"":""plain_fapi""}"
initial-unaffected,bad5174d5f6609ef4d43aec54aacb1e3b8688cad,62470460ca0c98db2731617d2b1b7de3c6974832,fapi-ciba-p012,AIAK5GO549CSk,y0mPCsJGk9XHCQ8,fapi-ciba-id1-ping-backchannel-notification-endpoint-response-401,True,FINISHED,PASSED,PASSED,"{""ciba_mode"":""ping"",""client_auth_type"":""private_key_jwt"",""client_registration"":""static_client"",""fapi_ciba_profile"":""plain_fapi""}"
initial-unaffected,bad5174d5f6609ef4d43aec54aacb1e3b8688cad,62470460ca0c98db2731617d2b1b7de3c6974832,fapi-ciba-p012,AIAK5GO549CSk,5gzms1e7yMuqlKF,fapi-ciba-id1-ping-backchannel-notification-endpoint-response-403,True,FINISHED,PASSED,PASSED,"{""ciba_mode"":""ping"",""client_auth_type"":""private_key_jwt"",""client_registration"":""static_client"",""fapi_ciba_profile"":""plain_fapi""}"
initial-unaffected,bad5174d5f6609ef4d43aec54aacb1e3b8688cad,62470460ca0c98db2731617d2b1b7de3c6974832,fapi-ciba-p012,AIAK5GO549CSk,4BQx1VyF6irlAXv,fapi-ciba-id1-ping-with-mtls-ciba-notification-endpoint-response-401-and-require-server-does-not-retry,True,FINISHED,PASSED,PASSED,"{""ciba_mode"":""ping"",""client_auth_type"":""private_key_jwt"",""client_registration"":""static_client"",""fapi_ciba_profile"":""plain_fapi""}"
initial-unaffected,bad5174d5f6609ef4d43aec54aacb1e3b8688cad,62470460ca0c98db2731617d2b1b7de3c6974832,fapi-ciba-p012,AIAK5GO549CSk,LwwkHo9eqyRsOcg,fapi-ciba-id1-ping-backchannel-notification-endpoint-return-redirect-request,True,FINISHED,PASSED,PASSED,"{""ciba_mode"":""ping"",""client_auth_type"":""private_key_jwt"",""client_registration"":""static_client"",""fapi_ciba_profile"":""plain_fapi""}"
initial-unaffected,bad5174d5f6609ef4d43aec54aacb1e3b8688cad,62470460ca0c98db2731617d2b1b7de3c6974832,fapi-ciba-p012,AIAK5GO549CSk,XXIw68jn5koW2Sl,fapi-ciba-id1-ensure-unsigned-backchannel-authorization-request-fails,True,FINISHED,PASSED,PASSED,"{""ciba_mode"":""ping"",""client_auth_type"":""private_key_jwt"",""client_registration"":""static_client"",""fapi_ciba_profile"":""plain_fapi""}"
initial-unaffected,bad5174d5f6609ef4d43aec54aacb1e3b8688cad,62470460ca0c98db2731617d2b1b7de3c6974832,fapi-ciba-p012,AIAK5GO549CSk,xBCXemy3Fp6XZqO,fapi-ciba-id1-refresh-token,True,FINISHED,PASSED,PASSED,"{""ciba_mode"":""ping"",""client_auth_type"":""private_key_jwt"",""client_registration"":""static_client"",""fapi_ciba_profile"":""plain_fapi""}"
initial-unaffected,bad5174d5f6609ef4d43aec54aacb1e3b8688cad,62470460ca0c98db2731617d2b1b7de3c6974832,fapi-ciba-p012,AIAK5GO549CSk,M8RjDhp6zp3Xc7p,fapi-ciba-id1-ensure-mtls-holder-of-key-required,True,FINISHED,PASSED,PASSED,"{""ciba_mode"":""ping"",""client_auth_type"":""private_key_jwt"",""client_registration"":""static_client"",""fapi_ciba_profile"":""plain_fapi""}"
initial-unaffected,bad5174d5f6609ef4d43aec54aacb1e3b8688cad,62470460ca0c98db2731617d2b1b7de3c6974832,fapi-ciba-p013,zlaIilSeS4wZ4,RUnKnCvXImVjrss,fapi-ciba-id1-discovery-end-point-verification,True,FINISHED,PASSED,PASSED,"{""ciba_mode"":""ping"",""client_auth_type"":""mtls"",""client_registration"":""static_client"",""fapi_ciba_profile"":""plain_fapi""}"
initial-unaffected,bad5174d5f6609ef4d43aec54aacb1e3b8688cad,62470460ca0c98db2731617d2b1b7de3c6974832,fapi-ciba-p013,zlaIilSeS4wZ4,yYHECH5fpAc2vdA,fapi-ciba-id1,True,FINISHED,PASSED,PASSED,"{""ciba_mode"":""ping"",""client_auth_type"":""mtls"",""client_registration"":""static_client"",""fapi_ciba_profile"":""plain_fapi""}"
initial-unaffected,bad5174d5f6609ef4d43aec54aacb1e3b8688cad,62470460ca0c98db2731617d2b1b7de3c6974832,fapi-ciba-p013,zlaIilSeS4wZ4,Zvz208htWsI7v4k,fapi-ciba-id1-user-rejects-authentication,True,FINISHED,PASSED,PASSED,"{""ciba_mode"":""ping"",""client_auth_type"":""mtls"",""client_registration"":""static_client"",""fapi_ciba_profile"":""plain_fapi""}"
initial-unaffected,bad5174d5f6609ef4d43aec54aacb1e3b8688cad,62470460ca0c98db2731617d2b1b7de3c6974832,fapi-ciba-p013,zlaIilSeS4wZ4,F0qEjszQHI6DopB,fapi-ciba-id1-multiple-call-to-token-endpoint,True,FINISHED,PASSED,PASSED,"{""ciba_mode"":""ping"",""client_auth_type"":""mtls"",""client_registration"":""static_client"",""fapi_ciba_profile"":""plain_fapi""}"
initial-unaffected,bad5174d5f6609ef4d43aec54aacb1e3b8688cad,62470460ca0c98db2731617d2b1b7de3c6974832,fapi-ciba-p013,zlaIilSeS4wZ4,SSufcy9RfazL0Ds,fapi-ciba-id1-auth-req-id-expired,True,FINISHED,PASSED,PASSED,"{""ciba_mode"":""ping"",""client_auth_type"":""mtls"",""client_registration"":""static_client"",""fapi_ciba_profile"":""plain_fapi""}"
initial-unaffected,bad5174d5f6609ef4d43aec54aacb1e3b8688cad,62470460ca0c98db2731617d2b1b7de3c6974832,fapi-ciba-p013,zlaIilSeS4wZ4,XwIxc443JjgZxK3,fapi-ciba-id1-ensure-authorization-request-with-binding-message-succeeds,True,FINISHED,PASSED,PASSED,"{""ciba_mode"":""ping"",""client_auth_type"":""mtls"",""client_registration"":""static_client"",""fapi_ciba_profile"":""plain_fapi""}"
initial-unaffected,bad5174d5f6609ef4d43aec54aacb1e3b8688cad,62470460ca0c98db2731617d2b1b7de3c6974832,fapi-ciba-p013,zlaIilSeS4wZ4,jRy7IA8dLB1nC6a,fapi-ciba-id1-ensure-other-scope-order-succeeds,True,FINISHED,PASSED,PASSED,"{""ciba_mode"":""ping"",""client_auth_type"":""mtls"",""client_registration"":""static_client"",""fapi_ciba_profile"":""plain_fapi""}"
initial-unaffected,bad5174d5f6609ef4d43aec54aacb1e3b8688cad,62470460ca0c98db2731617d2b1b7de3c6974832,fapi-ciba-p013,zlaIilSeS4wZ4,nCxLkODnHqsfsJe,fapi-ciba-id1-ensure-requested-expiry-as-string-succeeds,True,FINISHED,PASSED,PASSED,"{""ciba_mode"":""ping"",""client_auth_type"":""mtls"",""client_registration"":""static_client"",""fapi_ciba_profile"":""plain_fapi""}"
initial-unaffected,bad5174d5f6609ef4d43aec54aacb1e3b8688cad,62470460ca0c98db2731617d2b1b7de3c6974832,fapi-ciba-p013,zlaIilSeS4wZ4,4pz65cL3cYkhDO0,fapi-ciba-id1-ensure-authorization-request-with-potentially-bad-binding-message,True,FINISHED,PASSED,PASSED,"{""ciba_mode"":""ping"",""client_auth_type"":""mtls"",""client_registration"":""static_client"",""fapi_ciba_profile"":""plain_fapi""}"
initial-unaffected,bad5174d5f6609ef4d43aec54aacb1e3b8688cad,62470460ca0c98db2731617d2b1b7de3c6974832,fapi-ciba-p013,zlaIilSeS4wZ4,RaQUILr6xCwM5Uq,fapi-ciba-id1-ensure-request-object-missing-aud-fails,True,FINISHED,PASSED,PASSED,"{""ciba_mode"":""ping"",""client_auth_type"":""mtls"",""client_registration"":""static_client"",""fapi_ciba_profile"":""plain_fapi""}"
initial-unaffected,bad5174d5f6609ef4d43aec54aacb1e3b8688cad,62470460ca0c98db2731617d2b1b7de3c6974832,fapi-ciba-p013,zlaIilSeS4wZ4,uoy9JnwD0MfPmge,fapi-ciba-id1-ensure-request-object-bad-aud-fails,True,FINISHED,PASSED,PASSED,"{""ciba_mode"":""ping"",""client_auth_type"":""mtls"",""client_registration"":""static_client"",""fapi_ciba_profile"":""plain_fapi""}"
initial-unaffected,bad5174d5f6609ef4d43aec54aacb1e3b8688cad,62470460ca0c98db2731617d2b1b7de3c6974832,fapi-ciba-p013,zlaIilSeS4wZ4,nS0xpawzmAyZVCt,fapi-ciba-id1-ensure-request-object-missing-iss-fails,True,FINISHED,PASSED,PASSED,"{""ciba_mode"":""ping"",""client_auth_type"":""mtls"",""client_registration"":""static_client"",""fapi_ciba_profile"":""plain_fapi""}"
initial-unaffected,bad5174d5f6609ef4d43aec54aacb1e3b8688cad,62470460ca0c98db2731617d2b1b7de3c6974832,fapi-ciba-p013,zlaIilSeS4wZ4,KO3A1ihY140ut7L,fapi-ciba-id1-ensure-request-object-bad-iss-fails,True,FINISHED,PASSED,PASSED,"{""ciba_mode"":""ping"",""client_auth_type"":""mtls"",""client_registration"":""static_client"",""fapi_ciba_profile"":""plain_fapi""}"
initial-unaffected,bad5174d5f6609ef4d43aec54aacb1e3b8688cad,62470460ca0c98db2731617d2b1b7de3c6974832,fapi-ciba-p013,zlaIilSeS4wZ4,tte06OY9c06Q6Ue,fapi-ciba-id1-ensure-request-object-missing-exp-fails,True,FINISHED,PASSED,PASSED,"{""ciba_mode"":""ping"",""client_auth_type"":""mtls"",""client_registration"":""static_client"",""fapi_ciba_profile"":""plain_fapi""}"
initial-unaffected,bad5174d5f6609ef4d43aec54aacb1e3b8688cad,62470460ca0c98db2731617d2b1b7de3c6974832,fapi-ciba-p013,zlaIilSeS4wZ4,0Ob1DoDuH3tOmkO,fapi-ciba-id1-ensure-request-object-expired-exp-fails,True,FINISHED,PASSED,PASSED,"{""ciba_mode"":""ping"",""client_auth_type"":""mtls"",""client_registration"":""static_client"",""fapi_ciba_profile"":""plain_fapi""}"
initial-unaffected,bad5174d5f6609ef4d43aec54aacb1e3b8688cad,62470460ca0c98db2731617d2b1b7de3c6974832,fapi-ciba-p013,zlaIilSeS4wZ4,2kNKs2paarv5noN,fapi-ciba-id1-ensure-request-object-exp-is-70-minutes-in-future-fails,True,FINISHED,PASSED,PASSED,"{""ciba_mode"":""ping"",""client_auth_type"":""mtls"",""client_registration"":""static_client"",""fapi_ciba_profile"":""plain_fapi""}"
initial-unaffected,bad5174d5f6609ef4d43aec54aacb1e3b8688cad,62470460ca0c98db2731617d2b1b7de3c6974832,fapi-ciba-p013,zlaIilSeS4wZ4,vGu7DtbUFHkrK7R,fapi-ciba-id1-ensure-request-object-missing-iat-fails,True,FINISHED,PASSED,PASSED,"{""ciba_mode"":""ping"",""client_auth_type"":""mtls"",""client_registration"":""static_client"",""fapi_ciba_profile"":""plain_fapi""}"
initial-unaffected,bad5174d5f6609ef4d43aec54aacb1e3b8688cad,62470460ca0c98db2731617d2b1b7de3c6974832,fapi-ciba-p013,zlaIilSeS4wZ4,AzkbB5dm0s76HVJ,fapi-ciba-id1-ensure-request-object-missing-nbf-fails,True,FINISHED,PASSED,PASSED,"{""ciba_mode"":""ping"",""client_auth_type"":""mtls"",""client_registration"":""static_client"",""fapi_ciba_profile"":""plain_fapi""}"
initial-unaffected,bad5174d5f6609ef4d43aec54aacb1e3b8688cad,62470460ca0c98db2731617d2b1b7de3c6974832,fapi-ciba-p013,zlaIilSeS4wZ4,HFsUPPSKNNtaRM6,fapi-ciba-id1-ensure-request-object-nbf-is-10-minutes-in-future-fails,True,FINISHED,PASSED,PASSED,"{""ciba_mode"":""ping"",""client_auth_type"":""mtls"",""client_registration"":""static_client"",""fapi_ciba_profile"":""plain_fapi""}"
initial-unaffected,bad5174d5f6609ef4d43aec54aacb1e3b8688cad,62470460ca0c98db2731617d2b1b7de3c6974832,fapi-ciba-p013,zlaIilSeS4wZ4,LagM7b9OIIuQPzq,fapi-ciba-id1-ensure-request-object-nbf-is-70-minutes-in-past-fails,True,FINISHED,PASSED,PASSED,"{""ciba_mode"":""ping"",""client_auth_type"":""mtls"",""client_registration"":""static_client"",""fapi_ciba_profile"":""plain_fapi""}"
initial-unaffected,bad5174d5f6609ef4d43aec54aacb1e3b8688cad,62470460ca0c98db2731617d2b1b7de3c6974832,fapi-ciba-p013,zlaIilSeS4wZ4,i1ttjvd48lW7fhC,fapi-ciba-id1-ensure-request-object-missing-jti-fails,True,FINISHED,PASSED,PASSED,"{""ciba_mode"":""ping"",""client_auth_type"":""mtls"",""client_registration"":""static_client"",""fapi_ciba_profile"":""plain_fapi""}"
initial-unaffected,bad5174d5f6609ef4d43aec54aacb1e3b8688cad,62470460ca0c98db2731617d2b1b7de3c6974832,fapi-ciba-p013,zlaIilSeS4wZ4,a3oC2Iv2Hlf1Hdi,fapi-ciba-id1-ensure-request-object-signature-algorithm-is-none-fails,True,FINISHED,PASSED,PASSED,"{""ciba_mode"":""ping"",""client_auth_type"":""mtls"",""client_registration"":""static_client"",""fapi_ciba_profile"":""plain_fapi""}"
initial-unaffected,bad5174d5f6609ef4d43aec54aacb1e3b8688cad,62470460ca0c98db2731617d2b1b7de3c6974832,fapi-ciba-p013,zlaIilSeS4wZ4,kPIsL3haXo9qj02,fapi-ciba-id1-ensure-request-object-signature-algorithm-is-bad-fails,True,FINISHED,PASSED,PASSED,"{""ciba_mode"":""ping"",""client_auth_type"":""mtls"",""client_registration"":""static_client"",""fapi_ciba_profile"":""plain_fapi""}"
initial-unaffected,bad5174d5f6609ef4d43aec54aacb1e3b8688cad,62470460ca0c98db2731617d2b1b7de3c6974832,fapi-ciba-p013,zlaIilSeS4wZ4,AJMoNAN5tQDD1Fc,fapi-ciba-id1-ensure-request-object-signature-algorithm-is-RS256-fails,True,FINISHED,PASSED,PASSED,"{""ciba_mode"":""ping"",""client_auth_type"":""mtls"",""client_registration"":""static_client"",""fapi_ciba_profile"":""plain_fapi""}"
initial-unaffected,bad5174d5f6609ef4d43aec54aacb1e3b8688cad,62470460ca0c98db2731617d2b1b7de3c6974832,fapi-ciba-p013,zlaIilSeS4wZ4,q6pGH180by38TLa,fapi-ciba-id1-ensure-request-object-signed-by-other-client-fails,True,FINISHED,PASSED,PASSED,"{""ciba_mode"":""ping"",""client_auth_type"":""mtls"",""client_registration"":""static_client"",""fapi_ciba_profile"":""plain_fapi""}"
initial-unaffected,bad5174d5f6609ef4d43aec54aacb1e3b8688cad,62470460ca0c98db2731617d2b1b7de3c6974832,fapi-ciba-p013,zlaIilSeS4wZ4,eNtYOenqTalRkPM,fapi-ciba-id1-ensure-authorization-request-with-multiple-hints-fails,True,FINISHED,PASSED,PASSED,"{""ciba_mode"":""ping"",""client_auth_type"":""mtls"",""client_registration"":""static_client"",""fapi_ciba_profile"":""plain_fapi""}"
initial-unaffected,bad5174d5f6609ef4d43aec54aacb1e3b8688cad,62470460ca0c98db2731617d2b1b7de3c6974832,fapi-ciba-p013,zlaIilSeS4wZ4,GNibnHSGVq5wuwt,fapi-ciba-id1-ensure-wrong-auth-req-id-in-token-endpoint-request,True,FINISHED,PASSED,PASSED,"{""ciba_mode"":""ping"",""client_auth_type"":""mtls"",""client_registration"":""static_client"",""fapi_ciba_profile"":""plain_fapi""}"
initial-unaffected,bad5174d5f6609ef4d43aec54aacb1e3b8688cad,62470460ca0c98db2731617d2b1b7de3c6974832,fapi-ciba-p013,zlaIilSeS4wZ4,CIhYAxaz27BQM7y,fapi-ciba-id1-ensure-different-client-id-and-issuer-in-backchannel-authorization-request,True,FINISHED,PASSED,PASSED,"{""ciba_mode"":""ping"",""client_auth_type"":""mtls"",""client_registration"":""static_client"",""fapi_ciba_profile"":""plain_fapi""}"
initial-unaffected,bad5174d5f6609ef4d43aec54aacb1e3b8688cad,62470460ca0c98db2731617d2b1b7de3c6974832,fapi-ciba-p013,zlaIilSeS4wZ4,Ddr4ezauT3EyRof,fapi-ciba-id1-ensure-wrong-client-id-in-token-endpoint-request,True,FINISHED,PASSED,PASSED,"{""ciba_mode"":""ping"",""client_auth_type"":""mtls"",""client_registration"":""static_client"",""fapi_ciba_profile"":""plain_fapi""}"
initial-unaffected,bad5174d5f6609ef4d43aec54aacb1e3b8688cad,62470460ca0c98db2731617d2b1b7de3c6974832,fapi-ciba-p013,zlaIilSeS4wZ4,BbKzJ43Be9DJIol,fapi-ciba-id1-ensure-wrong-client-id-in-backchannel-authorization-request,True,FINISHED,PASSED,PASSED,"{""ciba_mode"":""ping"",""client_auth_type"":""mtls"",""client_registration"":""static_client"",""fapi_ciba_profile"":""plain_fapi""}"
initial-unaffected,bad5174d5f6609ef4d43aec54aacb1e3b8688cad,62470460ca0c98db2731617d2b1b7de3c6974832,fapi-ciba-p013,zlaIilSeS4wZ4,VTyZdR8Ml4yjNO1,fapi-ciba-id1-ping-backchannel-notification-endpoint-response-has-body,True,FINISHED,PASSED,PASSED,"{""ciba_mode"":""ping"",""client_auth_type"":""mtls"",""client_registration"":""static_client"",""fapi_ciba_profile"":""plain_fapi""}"
initial-unaffected,bad5174d5f6609ef4d43aec54aacb1e3b8688cad,62470460ca0c98db2731617d2b1b7de3c6974832,fapi-ciba-p013,zlaIilSeS4wZ4,hFchcmtYKr0trGR,fapi-ciba-id1-ping-backchannel-notification-endpoint-response-401,True,FINISHED,PASSED,PASSED,"{""ciba_mode"":""ping"",""client_auth_type"":""mtls"",""client_registration"":""static_client"",""fapi_ciba_profile"":""plain_fapi""}"
initial-unaffected,bad5174d5f6609ef4d43aec54aacb1e3b8688cad,62470460ca0c98db2731617d2b1b7de3c6974832,fapi-ciba-p013,zlaIilSeS4wZ4,5khR5WdLXXzzRrd,fapi-ciba-id1-ping-backchannel-notification-endpoint-response-403,True,FINISHED,PASSED,PASSED,"{""ciba_mode"":""ping"",""client_auth_type"":""mtls"",""client_registration"":""static_client"",""fapi_ciba_profile"":""plain_fapi""}"
initial-unaffected,bad5174d5f6609ef4d43aec54aacb1e3b8688cad,62470460ca0c98db2731617d2b1b7de3c6974832,fapi-ciba-p013,zlaIilSeS4wZ4,YO9USJYqp3lRbI7,fapi-ciba-id1-ping-with-mtls-ciba-notification-endpoint-response-401-and-require-server-does-not-retry,True,FINISHED,PASSED,PASSED,"{""ciba_mode"":""ping"",""client_auth_type"":""mtls"",""client_registration"":""static_client"",""fapi_ciba_profile"":""plain_fapi""}"
initial-unaffected,bad5174d5f6609ef4d43aec54aacb1e3b8688cad,62470460ca0c98db2731617d2b1b7de3c6974832,fapi-ciba-p013,zlaIilSeS4wZ4,czmtymY2ZxwTyuP,fapi-ciba-id1-ping-backchannel-notification-endpoint-return-redirect-request,True,FINISHED,PASSED,PASSED,"{""ciba_mode"":""ping"",""client_auth_type"":""mtls"",""client_registration"":""static_client"",""fapi_ciba_profile"":""plain_fapi""}"
initial-unaffected,bad5174d5f6609ef4d43aec54aacb1e3b8688cad,62470460ca0c98db2731617d2b1b7de3c6974832,fapi-ciba-p013,zlaIilSeS4wZ4,cjL7O5I27oP3rW1,fapi-ciba-id1-ensure-unsigned-backchannel-authorization-request-fails,True,FINISHED,PASSED,PASSED,"{""ciba_mode"":""ping"",""client_auth_type"":""mtls"",""client_registration"":""static_client"",""fapi_ciba_profile"":""plain_fapi""}"
initial-unaffected,bad5174d5f6609ef4d43aec54aacb1e3b8688cad,62470460ca0c98db2731617d2b1b7de3c6974832,fapi-ciba-p013,zlaIilSeS4wZ4,mTmpXwaR5QzEM6Q,fapi-ciba-id1-refresh-token,True,FINISHED,PASSED,PASSED,"{""ciba_mode"":""ping"",""client_auth_type"":""mtls"",""client_registration"":""static_client"",""fapi_ciba_profile"":""plain_fapi""}"
initial-unaffected,bad5174d5f6609ef4d43aec54aacb1e3b8688cad,62470460ca0c98db2731617d2b1b7de3c6974832,fapi-ciba-p013,zlaIilSeS4wZ4,PG0HARuLxv8EF9X,fapi-ciba-id1-ensure-mtls-holder-of-key-required,True,FINISHED,PASSED,PASSED,"{""ciba_mode"":""ping"",""client_auth_type"":""mtls"",""client_registration"":""static_client"",""fapi_ciba_profile"":""plain_fapi""}"
initial-unaffected,bad5174d5f6609ef4d43aec54aacb1e3b8688cad,62470460ca0c98db2731617d2b1b7de3c6974832,fapi-security-code-p014,vlX9mLVJi4oy3,M80SnKBF97ZPfgG,fapi2-security-profile-final-discovery-end-point-verification,True,FINISHED,PASSED,PASSED,"{""client_auth_type"":""private_key_jwt"",""fapi_profile"":""plain_fapi"",""fapi_request_method"":""unsigned"",""fapi_response_mode"":""plain_response"",""openid"":""openid_connect"",""sender_constrain"":""dpop""}"
initial-unaffected,bad5174d5f6609ef4d43aec54aacb1e3b8688cad,62470460ca0c98db2731617d2b1b7de3c6974832,fapi-security-code-p014,vlX9mLVJi4oy3,sDDZ2EDaVS5wr1f,fapi2-security-profile-final-happy-flow,True,FINISHED,PASSED,PASSED,"{""client_auth_type"":""private_key_jwt"",""fapi_profile"":""plain_fapi"",""fapi_request_method"":""unsigned"",""fapi_response_mode"":""plain_response"",""openid"":""openid_connect"",""sender_constrain"":""dpop""}"
initial-unaffected,bad5174d5f6609ef4d43aec54aacb1e3b8688cad,62470460ca0c98db2731617d2b1b7de3c6974832,fapi-security-code-p014,vlX9mLVJi4oy3,Bt5M7JgdecWD6RX,fapi2-security-profile-final-user-rejects-authentication,True,FINISHED,PASSED,PASSED,"{""client_auth_type"":""private_key_jwt"",""fapi_profile"":""plain_fapi"",""fapi_request_method"":""unsigned"",""fapi_response_mode"":""plain_response"",""openid"":""openid_connect"",""sender_constrain"":""dpop""}"
initial-unaffected,bad5174d5f6609ef4d43aec54aacb1e3b8688cad,62470460ca0c98db2731617d2b1b7de3c6974832,fapi-security-code-p014,vlX9mLVJi4oy3,cJCsLuKsDlTw8k1,fapi2-security-profile-final-ensure-authorization-request-without-state-success,True,FINISHED,PASSED,PASSED,"{""client_auth_type"":""private_key_jwt"",""fapi_profile"":""plain_fapi"",""fapi_request_method"":""unsigned"",""fapi_response_mode"":""plain_response"",""openid"":""openid_connect"",""sender_constrain"":""dpop""}"
initial-unaffected,bad5174d5f6609ef4d43aec54aacb1e3b8688cad,62470460ca0c98db2731617d2b1b7de3c6974832,fapi-security-code-p014,vlX9mLVJi4oy3,PzR6fWd98AQMonE,fapi2-security-profile-final-ensure-authorization-request-without-nonce-success,True,FINISHED,PASSED,PASSED,"{""client_auth_type"":""private_key_jwt"",""fapi_profile"":""plain_fapi"",""fapi_request_method"":""unsigned"",""fapi_response_mode"":""plain_response"",""openid"":""openid_connect"",""sender_constrain"":""dpop""}"
initial-unaffected,bad5174d5f6609ef4d43aec54aacb1e3b8688cad,62470460ca0c98db2731617d2b1b7de3c6974832,fapi-security-code-p014,vlX9mLVJi4oy3,cGOciVYy4WiqB5k,fapi2-security-profile-final-ensure-authorization-request-with-64-char-nonce-success,True,FINISHED,PASSED,PASSED,"{""client_auth_type"":""private_key_jwt"",""fapi_profile"":""plain_fapi"",""fapi_request_method"":""unsigned"",""fapi_response_mode"":""plain_response"",""openid"":""openid_connect"",""sender_constrain"":""dpop""}"
initial-unaffected,bad5174d5f6609ef4d43aec54aacb1e3b8688cad,62470460ca0c98db2731617d2b1b7de3c6974832,fapi-security-code-p014,vlX9mLVJi4oy3,o7584vBqC3lxKPY,fapi2-security-profile-final-ensure-other-scope-order-succeeds,True,FINISHED,PASSED,PASSED,"{""client_auth_type"":""private_key_jwt"",""fapi_profile"":""plain_fapi"",""fapi_request_method"":""unsigned"",""fapi_response_mode"":""plain_response"",""openid"":""openid_connect"",""sender_constrain"":""dpop""}"
initial-unaffected,bad5174d5f6609ef4d43aec54aacb1e3b8688cad,62470460ca0c98db2731617d2b1b7de3c6974832,fapi-security-code-p014,vlX9mLVJi4oy3,qZR7kMGQwvPmfTE,fapi2-security-profile-final-test-claims-parameter-identity-claims,True,FINISHED,PASSED,PASSED,"{""client_auth_type"":""private_key_jwt"",""fapi_profile"":""plain_fapi"",""fapi_request_method"":""unsigned"",""fapi_response_mode"":""plain_response"",""openid"":""openid_connect"",""sender_constrain"":""dpop""}"
initial-unaffected,bad5174d5f6609ef4d43aec54aacb1e3b8688cad,62470460ca0c98db2731617d2b1b7de3c6974832,fapi-security-code-p014,vlX9mLVJi4oy3,rdS14ku1Acg0zzs,fapi2-security-profile-final-access-token-type-header-case-sensitivity,True,FINISHED,PASSED,PASSED,"{""client_auth_type"":""private_key_jwt"",""fapi_profile"":""plain_fapi"",""fapi_request_method"":""unsigned"",""fapi_response_mode"":""plain_response"",""openid"":""openid_connect"",""sender_constrain"":""dpop""}"
initial-unaffected,bad5174d5f6609ef4d43aec54aacb1e3b8688cad,62470460ca0c98db2731617d2b1b7de3c6974832,fapi-security-code-p014,vlX9mLVJi4oy3,zt6jcmXVcC4hHHy,fapi2-security-profile-final-check-dpop-proof-nbf-exp,True,FINISHED,PASSED,PASSED,"{""client_auth_type"":""private_key_jwt"",""fapi_profile"":""plain_fapi"",""fapi_request_method"":""unsigned"",""fapi_response_mode"":""plain_response"",""openid"":""openid_connect"",""sender_constrain"":""dpop""}"
initial-unaffected,bad5174d5f6609ef4d43aec54aacb1e3b8688cad,62470460ca0c98db2731617d2b1b7de3c6974832,fapi-security-code-p014,vlX9mLVJi4oy3,UEkDjN68oGL5PMJ,fapi2-security-profile-final-ensure-dpopproof-with-iat-10seconds-before-succeeds,True,FINISHED,PASSED,PASSED,"{""client_auth_type"":""private_key_jwt"",""fapi_profile"":""plain_fapi"",""fapi_request_method"":""unsigned"",""fapi_response_mode"":""plain_response"",""openid"":""openid_connect"",""sender_constrain"":""dpop""}"
initial-unaffected,bad5174d5f6609ef4d43aec54aacb1e3b8688cad,62470460ca0c98db2731617d2b1b7de3c6974832,fapi-security-code-p014,vlX9mLVJi4oy3,wC6ZUKvB5mAVMhh,fapi2-security-profile-final-ensure-dpopproof-with-iat-10seconds-after-succeeds,True,FINISHED,PASSED,PASSED,"{""client_auth_type"":""private_key_jwt"",""fapi_profile"":""plain_fapi"",""fapi_request_method"":""unsigned"",""fapi_response_mode"":""plain_response"",""openid"":""openid_connect"",""sender_constrain"":""dpop""}"
initial-unaffected,bad5174d5f6609ef4d43aec54aacb1e3b8688cad,62470460ca0c98db2731617d2b1b7de3c6974832,fapi-security-code-p014,vlX9mLVJi4oy3,eYRsuFurqYbH3bd,fapi2-security-profile-final-ensure-mismatched-dpop-jkt-fails,True,FINISHED,PASSED,PASSED,"{""client_auth_type"":""private_key_jwt"",""fapi_profile"":""plain_fapi"",""fapi_request_method"":""unsigned"",""fapi_response_mode"":""plain_response"",""openid"":""openid_connect"",""sender_constrain"":""dpop""}"
initial-unaffected,bad5174d5f6609ef4d43aec54aacb1e3b8688cad,62470460ca0c98db2731617d2b1b7de3c6974832,fapi-security-code-p014,vlX9mLVJi4oy3,SfRlO1IuS7JMz2L,fapi2-security-profile-final-ensure-token-endpoint-fails-with-mismatched-dpop-proof-jkt,True,FINISHED,PASSED,PASSED,"{""client_auth_type"":""private_key_jwt"",""fapi_profile"":""plain_fapi"",""fapi_request_method"":""unsigned"",""fapi_response_mode"":""plain_response"",""openid"":""openid_connect"",""sender_constrain"":""dpop""}"
initial-unaffected,bad5174d5f6609ef4d43aec54aacb1e3b8688cad,62470460ca0c98db2731617d2b1b7de3c6974832,fapi-security-code-p014,vlX9mLVJi4oy3,gGSSAKZ3GGitcQV,fapi2-security-profile-final-ensure-token-endpoint-fails-with-mismatched-dpop-jkt,True,FINISHED,PASSED,PASSED,"{""client_auth_type"":""private_key_jwt"",""fapi_profile"":""plain_fapi"",""fapi_request_method"":""unsigned"",""fapi_response_mode"":""plain_response"",""openid"":""openid_connect"",""sender_constrain"":""dpop""}"
initial-unaffected,bad5174d5f6609ef4d43aec54aacb1e3b8688cad,62470460ca0c98db2731617d2b1b7de3c6974832,fapi-security-code-p014,vlX9mLVJi4oy3,xZYKdYL2zF6h07X,fapi2-security-profile-final-ensure-dpopproof-at-par-endpoint-binding-success,True,FINISHED,PASSED,PASSED,"{""client_auth_type"":""private_key_jwt"",""fapi_profile"":""plain_fapi"",""fapi_request_method"":""unsigned"",""fapi_response_mode"":""plain_response"",""openid"":""openid_connect"",""sender_constrain"":""dpop""}"
initial-unaffected,bad5174d5f6609ef4d43aec54aacb1e3b8688cad,62470460ca0c98db2731617d2b1b7de3c6974832,fapi-security-code-p014,vlX9mLVJi4oy3,AbQiaSq6FObF7gz,fapi2-security-profile-final-ensure-dpop-auth-code-binding-success,True,FINISHED,PASSED,PASSED,"{""client_auth_type"":""private_key_jwt"",""fapi_profile"":""plain_fapi"",""fapi_request_method"":""unsigned"",""fapi_response_mode"":""plain_response"",""openid"":""openid_connect"",""sender_constrain"":""dpop""}"
initial-unaffected,bad5174d5f6609ef4d43aec54aacb1e3b8688cad,62470460ca0c98db2731617d2b1b7de3c6974832,fapi-security-code-p014,vlX9mLVJi4oy3,lVUNLUZ5Hkitv4H,fapi2-security-profile-final-ensure-different-nonce-inside-and-outside-request-object,True,FINISHED,PASSED,PASSED,"{""client_auth_type"":""private_key_jwt"",""fapi_profile"":""plain_fapi"",""fapi_request_method"":""unsigned"",""fapi_response_mode"":""plain_response"",""openid"":""openid_connect"",""sender_constrain"":""dpop""}"
initial-unaffected,bad5174d5f6609ef4d43aec54aacb1e3b8688cad,62470460ca0c98db2731617d2b1b7de3c6974832,fapi-security-code-p014,vlX9mLVJi4oy3,A0UXa9av68aoKui,fapi2-security-profile-final-ensure-different-state-inside-and-outside-request-object,True,FINISHED,PASSED,PASSED,"{""client_auth_type"":""private_key_jwt"",""fapi_profile"":""plain_fapi"",""fapi_request_method"":""unsigned"",""fapi_response_mode"":""plain_response"",""openid"":""openid_connect"",""sender_constrain"":""dpop""}"
initial-unaffected,bad5174d5f6609ef4d43aec54aacb1e3b8688cad,62470460ca0c98db2731617d2b1b7de3c6974832,fapi-security-code-p014,vlX9mLVJi4oy3,RuKGlusSxJVyKEA,fapi2-security-profile-final-ensure-authorization-request-with-long-nonce,True,FINISHED,PASSED,PASSED,"{""client_auth_type"":""private_key_jwt"",""fapi_profile"":""plain_fapi"",""fapi_request_method"":""unsigned"",""fapi_response_mode"":""plain_response"",""openid"":""openid_connect"",""sender_constrain"":""dpop""}"
initial-unaffected,bad5174d5f6609ef4d43aec54aacb1e3b8688cad,62470460ca0c98db2731617d2b1b7de3c6974832,fapi-security-code-p014,vlX9mLVJi4oy3,mSomxqoa4gkEi4w,fapi2-security-profile-final-ensure-authorization-request-with-long-state,True,FINISHED,PASSED,PASSED,"{""client_auth_type"":""private_key_jwt"",""fapi_profile"":""plain_fapi"",""fapi_request_method"":""unsigned"",""fapi_response_mode"":""plain_response"",""openid"":""openid_connect"",""sender_constrain"":""dpop""}"
initial-unaffected,bad5174d5f6609ef4d43aec54aacb1e3b8688cad,62470460ca0c98db2731617d2b1b7de3c6974832,fapi-security-code-p014,vlX9mLVJi4oy3,js0AvOaoCzBJw5O,fapi2-security-profile-final-state-only-outside-request-object-not-used,True,FINISHED,PASSED,PASSED,"{""client_auth_type"":""private_key_jwt"",""fapi_profile"":""plain_fapi"",""fapi_request_method"":""unsigned"",""fapi_response_mode"":""plain_response"",""openid"":""openid_connect"",""sender_constrain"":""dpop""}"
initial-unaffected,bad5174d5f6609ef4d43aec54aacb1e3b8688cad,62470460ca0c98db2731617d2b1b7de3c6974832,fapi-security-code-p014,vlX9mLVJi4oy3,GwYBN6BppGJ4OC2,fapi2-security-profile-final-ensure-request-object-without-redirect-uri-fails,True,FINISHED,PASSED,PASSED,"{""client_auth_type"":""private_key_jwt"",""fapi_profile"":""plain_fapi"",""fapi_request_method"":""unsigned"",""fapi_response_mode"":""plain_response"",""openid"":""openid_connect"",""sender_constrain"":""dpop""}"
initial-unaffected,bad5174d5f6609ef4d43aec54aacb1e3b8688cad,62470460ca0c98db2731617d2b1b7de3c6974832,fapi-security-code-p014,vlX9mLVJi4oy3,4FfhbeICud3SNY0,fapi2-security-profile-final-plain-fapi-tolerate-unregistered-redirect-uri,True,FINISHED,PASSED,PASSED,"{""client_auth_type"":""private_key_jwt"",""fapi_profile"":""plain_fapi"",""fapi_request_method"":""unsigned"",""fapi_response_mode"":""plain_response"",""openid"":""openid_connect"",""sender_constrain"":""dpop""}"
initial-unaffected,bad5174d5f6609ef4d43aec54aacb1e3b8688cad,62470460ca0c98db2731617d2b1b7de3c6974832,fapi-security-code-p014,vlX9mLVJi4oy3,O83n890NxKT4Ek1,fapi2-security-profile-final-ensure-unsigned-authorization-request-without-using-par-fails,True,FINISHED,PASSED,PASSED,"{""client_auth_type"":""private_key_jwt"",""fapi_profile"":""plain_fapi"",""fapi_request_method"":""unsigned"",""fapi_response_mode"":""plain_response"",""openid"":""openid_connect"",""sender_constrain"":""dpop""}"
initial-unaffected,bad5174d5f6609ef4d43aec54aacb1e3b8688cad,62470460ca0c98db2731617d2b1b7de3c6974832,fapi-security-code-p014,vlX9mLVJi4oy3,tNtKowgaufmJyr0,fapi2-security-profile-final-ensure-redirect-uri-in-authorization-request,True,FINISHED,PASSED,PASSED,"{""client_auth_type"":""private_key_jwt"",""fapi_profile"":""plain_fapi"",""fapi_request_method"":""unsigned"",""fapi_response_mode"":""plain_response"",""openid"":""openid_connect"",""sender_constrain"":""dpop""}"
initial-unaffected,bad5174d5f6609ef4d43aec54aacb1e3b8688cad,62470460ca0c98db2731617d2b1b7de3c6974832,fapi-security-code-p014,vlX9mLVJi4oy3,DwDpsOJAkgGvMXk,fapi2-security-profile-final-ensure-response-type-code-idtoken-fails,True,FINISHED,PASSED,PASSED,"{""client_auth_type"":""private_key_jwt"",""fapi_profile"":""plain_fapi"",""fapi_request_method"":""unsigned"",""fapi_response_mode"":""plain_response"",""openid"":""openid_connect"",""sender_constrain"":""dpop""}"
initial-unaffected,bad5174d5f6609ef4d43aec54aacb1e3b8688cad,62470460ca0c98db2731617d2b1b7de3c6974832,fapi-security-code-p014,vlX9mLVJi4oy3,JH7pXo2CjpaEIXf,fapi2-security-profile-final-ensure-response-type-token-fails,True,FINISHED,PASSED,PASSED,"{""client_auth_type"":""private_key_jwt"",""fapi_profile"":""plain_fapi"",""fapi_request_method"":""unsigned"",""fapi_response_mode"":""plain_response"",""openid"":""openid_connect"",""sender_constrain"":""dpop""}"
initial-unaffected,bad5174d5f6609ef4d43aec54aacb1e3b8688cad,62470460ca0c98db2731617d2b1b7de3c6974832,fapi-security-code-p014,vlX9mLVJi4oy3,V3GEZinWAY3NjAV,fapi2-security-profile-final-ensure-client-id-in-token-endpoint,True,FINISHED,PASSED,PASSED,"{""client_auth_type"":""private_key_jwt"",""fapi_profile"":""plain_fapi"",""fapi_request_method"":""unsigned"",""fapi_response_mode"":""plain_response"",""openid"":""openid_connect"",""sender_constrain"":""dpop""}"
initial-unaffected,bad5174d5f6609ef4d43aec54aacb1e3b8688cad,62470460ca0c98db2731617d2b1b7de3c6974832,fapi-security-code-p014,vlX9mLVJi4oy3,fW9SActzpYCnJVd,fapi2-security-profile-final-ensure-holder-of-key-required,True,FINISHED,PASSED,PASSED,"{""client_auth_type"":""private_key_jwt"",""fapi_profile"":""plain_fapi"",""fapi_request_method"":""unsigned"",""fapi_response_mode"":""plain_response"",""openid"":""openid_connect"",""sender_constrain"":""dpop""}"
initial-unaffected,bad5174d5f6609ef4d43aec54aacb1e3b8688cad,62470460ca0c98db2731617d2b1b7de3c6974832,fapi-security-code-p014,vlX9mLVJi4oy3,Zyt3fgsMUsfamlK,fapi2-security-profile-final-ensure-authorization-code-is-bound-to-client,True,FINISHED,PASSED,PASSED,"{""client_auth_type"":""private_key_jwt"",""fapi_profile"":""plain_fapi"",""fapi_request_method"":""unsigned"",""fapi_response_mode"":""plain_response"",""openid"":""openid_connect"",""sender_constrain"":""dpop""}"
initial-unaffected,bad5174d5f6609ef4d43aec54aacb1e3b8688cad,62470460ca0c98db2731617d2b1b7de3c6974832,fapi-security-code-p014,vlX9mLVJi4oy3,KyYGmVzDdgTWl4m,fapi2-security-profile-final-attempt-reuse-authorization-code-after-one-second,True,FINISHED,PASSED,PASSED,"{""client_auth_type"":""private_key_jwt"",""fapi_profile"":""plain_fapi"",""fapi_request_method"":""unsigned"",""fapi_response_mode"":""plain_response"",""openid"":""openid_connect"",""sender_constrain"":""dpop""}"
initial-unaffected,bad5174d5f6609ef4d43aec54aacb1e3b8688cad,62470460ca0c98db2731617d2b1b7de3c6974832,fapi-security-code-p014,vlX9mLVJi4oy3,GGLMDwcLBQM52Xg,fapi2-security-profile-final-ensure-token-endpoint-fails-with-expired-auth-code,True,FINISHED,PASSED,PASSED,"{""client_auth_type"":""private_key_jwt"",""fapi_profile"":""plain_fapi"",""fapi_request_method"":""unsigned"",""fapi_response_mode"":""plain_response"",""openid"":""openid_connect"",""sender_constrain"":""dpop""}"
initial-unaffected,bad5174d5f6609ef4d43aec54aacb1e3b8688cad,62470460ca0c98db2731617d2b1b7de3c6974832,fapi-security-code-p014,vlX9mLVJi4oy3,As3CDbZWRTIehQ0,fapi2-security-profile-final-ensure-signed-client-assertion-with-RS256-fails,True,FINISHED,PASSED,PASSED,"{""client_auth_type"":""private_key_jwt"",""fapi_profile"":""plain_fapi"",""fapi_request_method"":""unsigned"",""fapi_response_mode"":""plain_response"",""openid"":""openid_connect"",""sender_constrain"":""dpop""}"
initial-unaffected,bad5174d5f6609ef4d43aec54aacb1e3b8688cad,62470460ca0c98db2731617d2b1b7de3c6974832,fapi-security-code-p014,vlX9mLVJi4oy3,xHJzmpaq18zJhOJ,fapi2-security-profile-final-ensure-client-assertion-in-token-endpoint,True,FINISHED,PASSED,PASSED,"{""client_auth_type"":""private_key_jwt"",""fapi_profile"":""plain_fapi"",""fapi_request_method"":""unsigned"",""fapi_response_mode"":""plain_response"",""openid"":""openid_connect"",""sender_constrain"":""dpop""}"
initial-unaffected,bad5174d5f6609ef4d43aec54aacb1e3b8688cad,62470460ca0c98db2731617d2b1b7de3c6974832,fapi-security-code-p014,vlX9mLVJi4oy3,pH4VcS5QckaIdXn,fapi2-security-profile-final-ensure-client-assertion-with-exp-is-5-minutes-in-past-fails,True,FINISHED,PASSED,PASSED,"{""client_auth_type"":""private_key_jwt"",""fapi_profile"":""plain_fapi"",""fapi_request_method"":""unsigned"",""fapi_response_mode"":""plain_response"",""openid"":""openid_connect"",""sender_constrain"":""dpop""}"
initial-unaffected,bad5174d5f6609ef4d43aec54aacb1e3b8688cad,62470460ca0c98db2731617d2b1b7de3c6974832,fapi-security-code-p014,vlX9mLVJi4oy3,dAwT0C73gHL9TqA,fapi2-security-profile-final-ensure-client-assertion-with-wrong-aud-fails,True,FINISHED,PASSED,PASSED,"{""client_auth_type"":""private_key_jwt"",""fapi_profile"":""plain_fapi"",""fapi_request_method"":""unsigned"",""fapi_response_mode"":""plain_response"",""openid"":""openid_connect"",""sender_constrain"":""dpop""}"
initial-unaffected,bad5174d5f6609ef4d43aec54aacb1e3b8688cad,62470460ca0c98db2731617d2b1b7de3c6974832,fapi-security-code-p014,vlX9mLVJi4oy3,RuZnP9DgKK3a3NK,fapi2-security-profile-final-ensure-client-assertion-with-no-sub-fails,True,FINISHED,PASSED,PASSED,"{""client_auth_type"":""private_key_jwt"",""fapi_profile"":""plain_fapi"",""fapi_request_method"":""unsigned"",""fapi_response_mode"":""plain_response"",""openid"":""openid_connect"",""sender_constrain"":""dpop""}"
initial-unaffected,bad5174d5f6609ef4d43aec54aacb1e3b8688cad,62470460ca0c98db2731617d2b1b7de3c6974832,fapi-security-code-p014,vlX9mLVJi4oy3,068cZP9bH9acqEi,fapi2-security-profile-final-ensure-invalid-client-assertions-fail,True,FINISHED,PASSED,PASSED,"{""client_auth_type"":""private_key_jwt"",""fapi_profile"":""plain_fapi"",""fapi_request_method"":""unsigned"",""fapi_response_mode"":""plain_response"",""openid"":""openid_connect"",""sender_constrain"":""dpop""}"
initial-unaffected,bad5174d5f6609ef4d43aec54aacb1e3b8688cad,62470460ca0c98db2731617d2b1b7de3c6974832,fapi-security-code-p014,vlX9mLVJi4oy3,6v61u3bUSi1hdhl,fapi2-security-profile-final-dpop-negative-tests,True,FINISHED,PASSED,PASSED,"{""client_auth_type"":""private_key_jwt"",""fapi_profile"":""plain_fapi"",""fapi_request_method"":""unsigned"",""fapi_response_mode"":""plain_response"",""openid"":""openid_connect"",""sender_constrain"":""dpop""}"
initial-unaffected,bad5174d5f6609ef4d43aec54aacb1e3b8688cad,62470460ca0c98db2731617d2b1b7de3c6974832,fapi-security-code-p014,vlX9mLVJi4oy3,brMyip0w609kFd1,fapi2-security-profile-final-refresh-token,True,FINISHED,PASSED,PASSED,"{""client_auth_type"":""private_key_jwt"",""fapi_profile"":""plain_fapi"",""fapi_request_method"":""unsigned"",""fapi_response_mode"":""plain_response"",""openid"":""openid_connect"",""sender_constrain"":""dpop""}"
initial-unaffected,bad5174d5f6609ef4d43aec54aacb1e3b8688cad,62470460ca0c98db2731617d2b1b7de3c6974832,fapi-security-code-p014,vlX9mLVJi4oy3,DPLjOeuPX73jOkS,fapi2-security-profile-final-par-ensure-reused-request-uri-prior-to-auth-completion-succeeds,True,FINISHED,PASSED,PASSED,"{""client_auth_type"":""private_key_jwt"",""fapi_profile"":""plain_fapi"",""fapi_request_method"":""unsigned"",""fapi_response_mode"":""plain_response"",""openid"":""openid_connect"",""sender_constrain"":""dpop""}"
initial-unaffected,bad5174d5f6609ef4d43aec54aacb1e3b8688cad,62470460ca0c98db2731617d2b1b7de3c6974832,fapi-security-code-p014,vlX9mLVJi4oy3,RrOqv64TSi5nEIu,fapi2-security-profile-final-par-attempt-reuse-request_uri,True,FINISHED,PASSED,PASSED,"{""client_auth_type"":""private_key_jwt"",""fapi_profile"":""plain_fapi"",""fapi_request_method"":""unsigned"",""fapi_response_mode"":""plain_response"",""openid"":""openid_connect"",""sender_constrain"":""dpop""}"
initial-unaffected,bad5174d5f6609ef4d43aec54aacb1e3b8688cad,62470460ca0c98db2731617d2b1b7de3c6974832,fapi-security-code-p014,vlX9mLVJi4oy3,MrjraqQJxel1Glw,fapi2-security-profile-final-par-attempt-to-use-expired-request_uri,True,FINISHED,PASSED,PASSED,"{""client_auth_type"":""private_key_jwt"",""fapi_profile"":""plain_fapi"",""fapi_request_method"":""unsigned"",""fapi_response_mode"":""plain_response"",""openid"":""openid_connect"",""sender_constrain"":""dpop""}"
initial-unaffected,bad5174d5f6609ef4d43aec54aacb1e3b8688cad,62470460ca0c98db2731617d2b1b7de3c6974832,fapi-security-code-p014,vlX9mLVJi4oy3,kVLmWytPJKNvdqE,fapi2-security-profile-final-par-attempt-to-use-request_uri-for-different-client,True,FINISHED,PASSED,PASSED,"{""client_auth_type"":""private_key_jwt"",""fapi_profile"":""plain_fapi"",""fapi_request_method"":""unsigned"",""fapi_response_mode"":""plain_response"",""openid"":""openid_connect"",""sender_constrain"":""dpop""}"
initial-unaffected,bad5174d5f6609ef4d43aec54aacb1e3b8688cad,62470460ca0c98db2731617d2b1b7de3c6974832,fapi-security-code-p014,vlX9mLVJi4oy3,pNr7FPV7DwKFICJ,fapi2-security-profile-final-par-authorization-request-containing-request_uri-form-param,True,FINISHED,PASSED,PASSED,"{""client_auth_type"":""private_key_jwt"",""fapi_profile"":""plain_fapi"",""fapi_request_method"":""unsigned"",""fapi_response_mode"":""plain_response"",""openid"":""openid_connect"",""sender_constrain"":""dpop""}"
initial-unaffected,bad5174d5f6609ef4d43aec54aacb1e3b8688cad,62470460ca0c98db2731617d2b1b7de3c6974832,fapi-security-code-p014,vlX9mLVJi4oy3,zgSnKfSrfhNA1HO,fapi2-security-profile-final-par-attempt-invalid-http-method,True,FINISHED,PASSED,PASSED,"{""client_auth_type"":""private_key_jwt"",""fapi_profile"":""plain_fapi"",""fapi_request_method"":""unsigned"",""fapi_response_mode"":""plain_response"",""openid"":""openid_connect"",""sender_constrain"":""dpop""}"
initial-unaffected,bad5174d5f6609ef4d43aec54aacb1e3b8688cad,62470460ca0c98db2731617d2b1b7de3c6974832,fapi-security-code-p014,vlX9mLVJi4oy3,5G6UoiMoTXRePb3,fapi2-security-profile-final-par-ensure-pkce-required,True,FINISHED,PASSED,PASSED,"{""client_auth_type"":""private_key_jwt"",""fapi_profile"":""plain_fapi"",""fapi_request_method"":""unsigned"",""fapi_response_mode"":""plain_response"",""openid"":""openid_connect"",""sender_constrain"":""dpop""}"
initial-unaffected,bad5174d5f6609ef4d43aec54aacb1e3b8688cad,62470460ca0c98db2731617d2b1b7de3c6974832,fapi-security-code-p014,vlX9mLVJi4oy3,ytKObLssc5Pv3wn,fapi2-security-profile-final-ensure-pkce-code-verifier-required,True,FINISHED,PASSED,PASSED,"{""client_auth_type"":""private_key_jwt"",""fapi_profile"":""plain_fapi"",""fapi_request_method"":""unsigned"",""fapi_response_mode"":""plain_response"",""openid"":""openid_connect"",""sender_constrain"":""dpop""}"
initial-unaffected,bad5174d5f6609ef4d43aec54aacb1e3b8688cad,62470460ca0c98db2731617d2b1b7de3c6974832,fapi-security-code-p014,vlX9mLVJi4oy3,LZDkjMlEKfF0EMW,fapi2-security-profile-final-incorrect-pkce-code-verifier-rejected,True,FINISHED,PASSED,PASSED,"{""client_auth_type"":""private_key_jwt"",""fapi_profile"":""plain_fapi"",""fapi_request_method"":""unsigned"",""fapi_response_mode"":""plain_response"",""openid"":""openid_connect"",""sender_constrain"":""dpop""}"
initial-unaffected,bad5174d5f6609ef4d43aec54aacb1e3b8688cad,62470460ca0c98db2731617d2b1b7de3c6974832,fapi-security-code-p014,vlX9mLVJi4oy3,CFiKyJ2w2dv6biR,fapi2-security-profile-final-par-plain-pkce-rejected,True,FINISHED,PASSED,PASSED,"{""client_auth_type"":""private_key_jwt"",""fapi_profile"":""plain_fapi"",""fapi_request_method"":""unsigned"",""fapi_response_mode"":""plain_response"",""openid"":""openid_connect"",""sender_constrain"":""dpop""}"
initial-unaffected,bad5174d5f6609ef4d43aec54aacb1e3b8688cad,62470460ca0c98db2731617d2b1b7de3c6974832,fapi-security-code-p014,vlX9mLVJi4oy3,XMna3FtQYZMfhfM,fapi2-security-profile-final-par-without-duplicate-parameters,True,FINISHED,PASSED,PASSED,"{""client_auth_type"":""private_key_jwt"",""fapi_profile"":""plain_fapi"",""fapi_request_method"":""unsigned"",""fapi_response_mode"":""plain_response"",""openid"":""openid_connect"",""sender_constrain"":""dpop""}"
initial-unaffected,bad5174d5f6609ef4d43aec54aacb1e3b8688cad,62470460ca0c98db2731617d2b1b7de3c6974832,fapi-security-code-p015,UNrP6PiCfPkdG,39Kmjhe3YedZfsV,fapi2-security-profile-final-discovery-end-point-verification,True,FINISHED,PASSED,PASSED,"{""client_auth_type"":""private_key_jwt"",""fapi_profile"":""plain_fapi"",""fapi_request_method"":""unsigned"",""fapi_response_mode"":""plain_response"",""openid"":""plain_oauth"",""sender_constrain"":""dpop""}"
initial-unaffected,bad5174d5f6609ef4d43aec54aacb1e3b8688cad,62470460ca0c98db2731617d2b1b7de3c6974832,fapi-security-code-p015,UNrP6PiCfPkdG,ZRs9RPp7xJV6nG7,fapi2-security-profile-final-happy-flow,True,FINISHED,WARNING,WARNING,"{""client_auth_type"":""private_key_jwt"",""fapi_profile"":""plain_fapi"",""fapi_request_method"":""unsigned"",""fapi_response_mode"":""plain_response"",""openid"":""plain_oauth"",""sender_constrain"":""dpop""}"
initial-unaffected,bad5174d5f6609ef4d43aec54aacb1e3b8688cad,62470460ca0c98db2731617d2b1b7de3c6974832,fapi-security-code-p015,UNrP6PiCfPkdG,RJKFi1aKIUvbghZ,fapi2-security-profile-final-user-rejects-authentication,True,FINISHED,PASSED,PASSED,"{""client_auth_type"":""private_key_jwt"",""fapi_profile"":""plain_fapi"",""fapi_request_method"":""unsigned"",""fapi_response_mode"":""plain_response"",""openid"":""plain_oauth"",""sender_constrain"":""dpop""}"
initial-unaffected,bad5174d5f6609ef4d43aec54aacb1e3b8688cad,62470460ca0c98db2731617d2b1b7de3c6974832,fapi-security-code-p015,UNrP6PiCfPkdG,gOsd9Jp41bu1F7F,fapi2-security-profile-final-ensure-authorization-request-without-state-success,True,FINISHED,PASSED,PASSED,"{""client_auth_type"":""private_key_jwt"",""fapi_profile"":""plain_fapi"",""fapi_request_method"":""unsigned"",""fapi_response_mode"":""plain_response"",""openid"":""plain_oauth"",""sender_constrain"":""dpop""}"
initial-unaffected,bad5174d5f6609ef4d43aec54aacb1e3b8688cad,62470460ca0c98db2731617d2b1b7de3c6974832,fapi-security-code-p015,UNrP6PiCfPkdG,OyuYVOFY114BhKx,fapi2-security-profile-final-access-token-type-header-case-sensitivity,True,FINISHED,PASSED,PASSED,"{""client_auth_type"":""private_key_jwt"",""fapi_profile"":""plain_fapi"",""fapi_request_method"":""unsigned"",""fapi_response_mode"":""plain_response"",""openid"":""plain_oauth"",""sender_constrain"":""dpop""}"
initial-unaffected,bad5174d5f6609ef4d43aec54aacb1e3b8688cad,62470460ca0c98db2731617d2b1b7de3c6974832,fapi-security-code-p015,UNrP6PiCfPkdG,5UhENbtlqBix05s,fapi2-security-profile-final-check-dpop-proof-nbf-exp,True,FINISHED,PASSED,PASSED,"{""client_auth_type"":""private_key_jwt"",""fapi_profile"":""plain_fapi"",""fapi_request_method"":""unsigned"",""fapi_response_mode"":""plain_response"",""openid"":""plain_oauth"",""sender_constrain"":""dpop""}"
initial-unaffected,bad5174d5f6609ef4d43aec54aacb1e3b8688cad,62470460ca0c98db2731617d2b1b7de3c6974832,fapi-security-code-p015,UNrP6PiCfPkdG,TFZ1b6KqOZTtIyu,fapi2-security-profile-final-ensure-dpopproof-with-iat-10seconds-before-succeeds,True,FINISHED,PASSED,PASSED,"{""client_auth_type"":""private_key_jwt"",""fapi_profile"":""plain_fapi"",""fapi_request_method"":""unsigned"",""fapi_response_mode"":""plain_response"",""openid"":""plain_oauth"",""sender_constrain"":""dpop""}"
initial-unaffected,bad5174d5f6609ef4d43aec54aacb1e3b8688cad,62470460ca0c98db2731617d2b1b7de3c6974832,fapi-security-code-p015,UNrP6PiCfPkdG,CjzFF7cNtIKX7Kv,fapi2-security-profile-final-ensure-dpopproof-with-iat-10seconds-after-succeeds,True,FINISHED,PASSED,PASSED,"{""client_auth_type"":""private_key_jwt"",""fapi_profile"":""plain_fapi"",""fapi_request_method"":""unsigned"",""fapi_response_mode"":""plain_response"",""openid"":""plain_oauth"",""sender_constrain"":""dpop""}"
initial-unaffected,bad5174d5f6609ef4d43aec54aacb1e3b8688cad,62470460ca0c98db2731617d2b1b7de3c6974832,fapi-security-code-p015,UNrP6PiCfPkdG,hB0FRTUWeyhYt5n,fapi2-security-profile-final-ensure-mismatched-dpop-jkt-fails,True,FINISHED,PASSED,PASSED,"{""client_auth_type"":""private_key_jwt"",""fapi_profile"":""plain_fapi"",""fapi_request_method"":""unsigned"",""fapi_response_mode"":""plain_response"",""openid"":""plain_oauth"",""sender_constrain"":""dpop""}"
initial-unaffected,bad5174d5f6609ef4d43aec54aacb1e3b8688cad,62470460ca0c98db2731617d2b1b7de3c6974832,fapi-security-code-p015,UNrP6PiCfPkdG,CbncqlnUKTU6K35,fapi2-security-profile-final-ensure-token-endpoint-fails-with-mismatched-dpop-proof-jkt,True,FINISHED,PASSED,PASSED,"{""client_auth_type"":""private_key_jwt"",""fapi_profile"":""plain_fapi"",""fapi_request_method"":""unsigned"",""fapi_response_mode"":""plain_response"",""openid"":""plain_oauth"",""sender_constrain"":""dpop""}"
initial-unaffected,bad5174d5f6609ef4d43aec54aacb1e3b8688cad,62470460ca0c98db2731617d2b1b7de3c6974832,fapi-security-code-p015,UNrP6PiCfPkdG,LewoSo7w5LfiNJ4,fapi2-security-profile-final-ensure-token-endpoint-fails-with-mismatched-dpop-jkt,True,FINISHED,PASSED,PASSED,"{""client_auth_type"":""private_key_jwt"",""fapi_profile"":""plain_fapi"",""fapi_request_method"":""unsigned"",""fapi_response_mode"":""plain_response"",""openid"":""plain_oauth"",""sender_constrain"":""dpop""}"
initial-unaffected,bad5174d5f6609ef4d43aec54aacb1e3b8688cad,62470460ca0c98db2731617d2b1b7de3c6974832,fapi-security-code-p015,UNrP6PiCfPkdG,uqwgqKUdwf4nniz,fapi2-security-profile-final-ensure-dpopproof-at-par-endpoint-binding-success,True,FINISHED,PASSED,PASSED,"{""client_auth_type"":""private_key_jwt"",""fapi_profile"":""plain_fapi"",""fapi_request_method"":""unsigned"",""fapi_response_mode"":""plain_response"",""openid"":""plain_oauth"",""sender_constrain"":""dpop""}"
initial-unaffected,bad5174d5f6609ef4d43aec54aacb1e3b8688cad,62470460ca0c98db2731617d2b1b7de3c6974832,fapi-security-code-p015,UNrP6PiCfPkdG,IoK7RI8GTcKVBPq,fapi2-security-profile-final-ensure-dpop-auth-code-binding-success,True,FINISHED,PASSED,PASSED,"{""client_auth_type"":""private_key_jwt"",""fapi_profile"":""plain_fapi"",""fapi_request_method"":""unsigned"",""fapi_response_mode"":""plain_response"",""openid"":""plain_oauth"",""sender_constrain"":""dpop""}"
initial-unaffected,bad5174d5f6609ef4d43aec54aacb1e3b8688cad,62470460ca0c98db2731617d2b1b7de3c6974832,fapi-security-code-p015,UNrP6PiCfPkdG,rFFb5j9gngSP5Bq,fapi2-security-profile-final-ensure-different-state-inside-and-outside-request-object,True,FINISHED,PASSED,PASSED,"{""client_auth_type"":""private_key_jwt"",""fapi_profile"":""plain_fapi"",""fapi_request_method"":""unsigned"",""fapi_response_mode"":""plain_response"",""openid"":""plain_oauth"",""sender_constrain"":""dpop""}"
initial-unaffected,bad5174d5f6609ef4d43aec54aacb1e3b8688cad,62470460ca0c98db2731617d2b1b7de3c6974832,fapi-security-code-p015,UNrP6PiCfPkdG,GAykUSDUMUywo7k,fapi2-security-profile-final-ensure-authorization-request-with-long-state,True,FINISHED,PASSED,PASSED,"{""client_auth_type"":""private_key_jwt"",""fapi_profile"":""plain_fapi"",""fapi_request_method"":""unsigned"",""fapi_response_mode"":""plain_response"",""openid"":""plain_oauth"",""sender_constrain"":""dpop""}"
initial-unaffected,bad5174d5f6609ef4d43aec54aacb1e3b8688cad,62470460ca0c98db2731617d2b1b7de3c6974832,fapi-security-code-p015,UNrP6PiCfPkdG,Ry1Yx9UhPVhbZvf,fapi2-security-profile-final-state-only-outside-request-object-not-used,True,FINISHED,PASSED,PASSED,"{""client_auth_type"":""private_key_jwt"",""fapi_profile"":""plain_fapi"",""fapi_request_method"":""unsigned"",""fapi_response_mode"":""plain_response"",""openid"":""plain_oauth"",""sender_constrain"":""dpop""}"
initial-unaffected,bad5174d5f6609ef4d43aec54aacb1e3b8688cad,62470460ca0c98db2731617d2b1b7de3c6974832,fapi-security-code-p015,UNrP6PiCfPkdG,ACYwNgqVl6sYXMu,fapi2-security-profile-final-ensure-request-object-without-redirect-uri-fails,True,FINISHED,PASSED,PASSED,"{""client_auth_type"":""private_key_jwt"",""fapi_profile"":""plain_fapi"",""fapi_request_method"":""unsigned"",""fapi_response_mode"":""plain_response"",""openid"":""plain_oauth"",""sender_constrain"":""dpop""}"
initial-unaffected,bad5174d5f6609ef4d43aec54aacb1e3b8688cad,62470460ca0c98db2731617d2b1b7de3c6974832,fapi-security-code-p015,UNrP6PiCfPkdG,gBLCZgs6ZqoHTdf,fapi2-security-profile-final-plain-fapi-tolerate-unregistered-redirect-uri,True,FINISHED,PASSED,PASSED,"{""client_auth_type"":""private_key_jwt"",""fapi_profile"":""plain_fapi"",""fapi_request_method"":""unsigned"",""fapi_response_mode"":""plain_response"",""openid"":""plain_oauth"",""sender_constrain"":""dpop""}"
initial-unaffected,bad5174d5f6609ef4d43aec54aacb1e3b8688cad,62470460ca0c98db2731617d2b1b7de3c6974832,fapi-security-code-p015,UNrP6PiCfPkdG,238IQPBwkV1RCqm,fapi2-security-profile-final-ensure-unsigned-authorization-request-without-using-par-fails,True,FINISHED,PASSED,PASSED,"{""client_auth_type"":""private_key_jwt"",""fapi_profile"":""plain_fapi"",""fapi_request_method"":""unsigned"",""fapi_response_mode"":""plain_response"",""openid"":""plain_oauth"",""sender_constrain"":""dpop""}"
initial-unaffected,bad5174d5f6609ef4d43aec54aacb1e3b8688cad,62470460ca0c98db2731617d2b1b7de3c6974832,fapi-security-code-p015,UNrP6PiCfPkdG,Nd0JHfk3YWBEuO4,fapi2-security-profile-final-ensure-redirect-uri-in-authorization-request,True,FINISHED,PASSED,PASSED,"{""client_auth_type"":""private_key_jwt"",""fapi_profile"":""plain_fapi"",""fapi_request_method"":""unsigned"",""fapi_response_mode"":""plain_response"",""openid"":""plain_oauth"",""sender_constrain"":""dpop""}"
initial-unaffected,bad5174d5f6609ef4d43aec54aacb1e3b8688cad,62470460ca0c98db2731617d2b1b7de3c6974832,fapi-security-code-p015,UNrP6PiCfPkdG,NlpQYRK9cuc5M85,fapi2-security-profile-final-ensure-response-type-code-idtoken-fails,True,FINISHED,PASSED,PASSED,"{""client_auth_type"":""private_key_jwt"",""fapi_profile"":""plain_fapi"",""fapi_request_method"":""unsigned"",""fapi_response_mode"":""plain_response"",""openid"":""plain_oauth"",""sender_constrain"":""dpop""}"
initial-unaffected,bad5174d5f6609ef4d43aec54aacb1e3b8688cad,62470460ca0c98db2731617d2b1b7de3c6974832,fapi-security-code-p015,UNrP6PiCfPkdG,VBZUkg4eG2bT1AD,fapi2-security-profile-final-ensure-response-type-token-fails,True,FINISHED,PASSED,PASSED,"{""client_auth_type"":""private_key_jwt"",""fapi_profile"":""plain_fapi"",""fapi_request_method"":""unsigned"",""fapi_response_mode"":""plain_response"",""openid"":""plain_oauth"",""sender_constrain"":""dpop""}"
initial-unaffected,bad5174d5f6609ef4d43aec54aacb1e3b8688cad,62470460ca0c98db2731617d2b1b7de3c6974832,fapi-security-code-p015,UNrP6PiCfPkdG,kLSUDtYMi6ulkan,fapi2-security-profile-final-ensure-client-id-in-token-endpoint,True,FINISHED,PASSED,PASSED,"{""client_auth_type"":""private_key_jwt"",""fapi_profile"":""plain_fapi"",""fapi_request_method"":""unsigned"",""fapi_response_mode"":""plain_response"",""openid"":""plain_oauth"",""sender_constrain"":""dpop""}"
initial-unaffected,bad5174d5f6609ef4d43aec54aacb1e3b8688cad,62470460ca0c98db2731617d2b1b7de3c6974832,fapi-security-code-p015,UNrP6PiCfPkdG,gVlXCOgSAzO05Be,fapi2-security-profile-final-ensure-holder-of-key-required,True,FINISHED,PASSED,PASSED,"{""client_auth_type"":""private_key_jwt"",""fapi_profile"":""plain_fapi"",""fapi_request_method"":""unsigned"",""fapi_response_mode"":""plain_response"",""openid"":""plain_oauth"",""sender_constrain"":""dpop""}"
initial-unaffected,bad5174d5f6609ef4d43aec54aacb1e3b8688cad,62470460ca0c98db2731617d2b1b7de3c6974832,fapi-security-code-p015,UNrP6PiCfPkdG,pmxk7B61w3DzqiG,fapi2-security-profile-final-ensure-authorization-code-is-bound-to-client,True,FINISHED,PASSED,PASSED,"{""client_auth_type"":""private_key_jwt"",""fapi_profile"":""plain_fapi"",""fapi_request_method"":""unsigned"",""fapi_response_mode"":""plain_response"",""openid"":""plain_oauth"",""sender_constrain"":""dpop""}"
initial-unaffected,bad5174d5f6609ef4d43aec54aacb1e3b8688cad,62470460ca0c98db2731617d2b1b7de3c6974832,fapi-security-code-p015,UNrP6PiCfPkdG,LvpK60H28xowjoF,fapi2-security-profile-final-attempt-reuse-authorization-code-after-one-second,True,FINISHED,PASSED,PASSED,"{""client_auth_type"":""private_key_jwt"",""fapi_profile"":""plain_fapi"",""fapi_request_method"":""unsigned"",""fapi_response_mode"":""plain_response"",""openid"":""plain_oauth"",""sender_constrain"":""dpop""}"
initial-unaffected,bad5174d5f6609ef4d43aec54aacb1e3b8688cad,62470460ca0c98db2731617d2b1b7de3c6974832,fapi-security-code-p015,UNrP6PiCfPkdG,MQzMNkwhpibLEh5,fapi2-security-profile-final-ensure-token-endpoint-fails-with-expired-auth-code,True,FINISHED,PASSED,PASSED,"{""client_auth_type"":""private_key_jwt"",""fapi_profile"":""plain_fapi"",""fapi_request_method"":""unsigned"",""fapi_response_mode"":""plain_response"",""openid"":""plain_oauth"",""sender_constrain"":""dpop""}"
initial-unaffected,bad5174d5f6609ef4d43aec54aacb1e3b8688cad,62470460ca0c98db2731617d2b1b7de3c6974832,fapi-security-code-p015,UNrP6PiCfPkdG,aS7pN0DIXf9oQcy,fapi2-security-profile-final-ensure-signed-client-assertion-with-RS256-fails,True,FINISHED,PASSED,PASSED,"{""client_auth_type"":""private_key_jwt"",""fapi_profile"":""plain_fapi"",""fapi_request_method"":""unsigned"",""fapi_response_mode"":""plain_response"",""openid"":""plain_oauth"",""sender_constrain"":""dpop""}"
initial-unaffected,bad5174d5f6609ef4d43aec54aacb1e3b8688cad,62470460ca0c98db2731617d2b1b7de3c6974832,fapi-security-code-p015,UNrP6PiCfPkdG,jYoY0BQJUL2xdQX,fapi2-security-profile-final-ensure-client-assertion-in-token-endpoint,True,FINISHED,PASSED,PASSED,"{""client_auth_type"":""private_key_jwt"",""fapi_profile"":""plain_fapi"",""fapi_request_method"":""unsigned"",""fapi_response_mode"":""plain_response"",""openid"":""plain_oauth"",""sender_constrain"":""dpop""}"
initial-unaffected,bad5174d5f6609ef4d43aec54aacb1e3b8688cad,62470460ca0c98db2731617d2b1b7de3c6974832,fapi-security-code-p015,UNrP6PiCfPkdG,jjWNP6CaFZxL9l8,fapi2-security-profile-final-ensure-client-assertion-with-exp-is-5-minutes-in-past-fails,True,FINISHED,PASSED,PASSED,"{""client_auth_type"":""private_key_jwt"",""fapi_profile"":""plain_fapi"",""fapi_request_method"":""unsigned"",""fapi_response_mode"":""plain_response"",""openid"":""plain_oauth"",""sender_constrain"":""dpop""}"
initial-unaffected,bad5174d5f6609ef4d43aec54aacb1e3b8688cad,62470460ca0c98db2731617d2b1b7de3c6974832,fapi-security-code-p015,UNrP6PiCfPkdG,yQbdz1UORogtgaF,fapi2-security-profile-final-ensure-client-assertion-with-wrong-aud-fails,True,FINISHED,PASSED,PASSED,"{""client_auth_type"":""private_key_jwt"",""fapi_profile"":""plain_fapi"",""fapi_request_method"":""unsigned"",""fapi_response_mode"":""plain_response"",""openid"":""plain_oauth"",""sender_constrain"":""dpop""}"
initial-unaffected,bad5174d5f6609ef4d43aec54aacb1e3b8688cad,62470460ca0c98db2731617d2b1b7de3c6974832,fapi-security-code-p015,UNrP6PiCfPkdG,M0e6XYxhKDGzfSf,fapi2-security-profile-final-ensure-client-assertion-with-no-sub-fails,True,FINISHED,PASSED,PASSED,"{""client_auth_type"":""private_key_jwt"",""fapi_profile"":""plain_fapi"",""fapi_request_method"":""unsigned"",""fapi_response_mode"":""plain_response"",""openid"":""plain_oauth"",""sender_constrain"":""dpop""}"
initial-unaffected,bad5174d5f6609ef4d43aec54aacb1e3b8688cad,62470460ca0c98db2731617d2b1b7de3c6974832,fapi-security-code-p015,UNrP6PiCfPkdG,daaCFEPnjEN4THR,fapi2-security-profile-final-ensure-invalid-client-assertions-fail,True,FINISHED,PASSED,PASSED,"{""client_auth_type"":""private_key_jwt"",""fapi_profile"":""plain_fapi"",""fapi_request_method"":""unsigned"",""fapi_response_mode"":""plain_response"",""openid"":""plain_oauth"",""sender_constrain"":""dpop""}"
initial-unaffected,bad5174d5f6609ef4d43aec54aacb1e3b8688cad,62470460ca0c98db2731617d2b1b7de3c6974832,fapi-security-code-p015,UNrP6PiCfPkdG,A4kpUD5QmSO17fB,fapi2-security-profile-final-dpop-negative-tests,True,FINISHED,PASSED,PASSED,"{""client_auth_type"":""private_key_jwt"",""fapi_profile"":""plain_fapi"",""fapi_request_method"":""unsigned"",""fapi_response_mode"":""plain_response"",""openid"":""plain_oauth"",""sender_constrain"":""dpop""}"
initial-unaffected,bad5174d5f6609ef4d43aec54aacb1e3b8688cad,62470460ca0c98db2731617d2b1b7de3c6974832,fapi-security-code-p015,UNrP6PiCfPkdG,9EwxLPHglY4xkok,fapi2-security-profile-final-refresh-token,True,FINISHED,PASSED,PASSED,"{""client_auth_type"":""private_key_jwt"",""fapi_profile"":""plain_fapi"",""fapi_request_method"":""unsigned"",""fapi_response_mode"":""plain_response"",""openid"":""plain_oauth"",""sender_constrain"":""dpop""}"
initial-unaffected,bad5174d5f6609ef4d43aec54aacb1e3b8688cad,62470460ca0c98db2731617d2b1b7de3c6974832,fapi-security-code-p015,UNrP6PiCfPkdG,k0DYQnxr6bhlW18,fapi2-security-profile-final-par-ensure-reused-request-uri-prior-to-auth-completion-succeeds,True,FINISHED,PASSED,PASSED,"{""client_auth_type"":""private_key_jwt"",""fapi_profile"":""plain_fapi"",""fapi_request_method"":""unsigned"",""fapi_response_mode"":""plain_response"",""openid"":""plain_oauth"",""sender_constrain"":""dpop""}"
initial-unaffected,bad5174d5f6609ef4d43aec54aacb1e3b8688cad,62470460ca0c98db2731617d2b1b7de3c6974832,fapi-security-code-p015,UNrP6PiCfPkdG,uVw5pHUG1Fna70l,fapi2-security-profile-final-par-attempt-reuse-request_uri,True,FINISHED,PASSED,PASSED,"{""client_auth_type"":""private_key_jwt"",""fapi_profile"":""plain_fapi"",""fapi_request_method"":""unsigned"",""fapi_response_mode"":""plain_response"",""openid"":""plain_oauth"",""sender_constrain"":""dpop""}"
initial-unaffected,bad5174d5f6609ef4d43aec54aacb1e3b8688cad,62470460ca0c98db2731617d2b1b7de3c6974832,fapi-security-code-p015,UNrP6PiCfPkdG,f9qlmq7AkzrhEdw,fapi2-security-profile-final-par-attempt-to-use-expired-request_uri,True,FINISHED,PASSED,PASSED,"{""client_auth_type"":""private_key_jwt"",""fapi_profile"":""plain_fapi"",""fapi_request_method"":""unsigned"",""fapi_response_mode"":""plain_response"",""openid"":""plain_oauth"",""sender_constrain"":""dpop""}"
initial-unaffected,bad5174d5f6609ef4d43aec54aacb1e3b8688cad,62470460ca0c98db2731617d2b1b7de3c6974832,fapi-security-code-p015,UNrP6PiCfPkdG,Jpn7v0SmkgSqPfE,fapi2-security-profile-final-par-attempt-to-use-request_uri-for-different-client,True,FINISHED,PASSED,PASSED,"{""client_auth_type"":""private_key_jwt"",""fapi_profile"":""plain_fapi"",""fapi_request_method"":""unsigned"",""fapi_response_mode"":""plain_response"",""openid"":""plain_oauth"",""sender_constrain"":""dpop""}"
initial-unaffected,bad5174d5f6609ef4d43aec54aacb1e3b8688cad,62470460ca0c98db2731617d2b1b7de3c6974832,fapi-security-code-p015,UNrP6PiCfPkdG,HLzRykEYF7eCSe8,fapi2-security-profile-final-par-authorization-request-containing-request_uri-form-param,True,FINISHED,PASSED,PASSED,"{""client_auth_type"":""private_key_jwt"",""fapi_profile"":""plain_fapi"",""fapi_request_method"":""unsigned"",""fapi_response_mode"":""plain_response"",""openid"":""plain_oauth"",""sender_constrain"":""dpop""}"
initial-unaffected,bad5174d5f6609ef4d43aec54aacb1e3b8688cad,62470460ca0c98db2731617d2b1b7de3c6974832,fapi-security-code-p015,UNrP6PiCfPkdG,BrErVbp3oHroBVz,fapi2-security-profile-final-par-attempt-invalid-http-method,True,FINISHED,PASSED,PASSED,"{""client_auth_type"":""private_key_jwt"",""fapi_profile"":""plain_fapi"",""fapi_request_method"":""unsigned"",""fapi_response_mode"":""plain_response"",""openid"":""plain_oauth"",""sender_constrain"":""dpop""}"
initial-unaffected,bad5174d5f6609ef4d43aec54aacb1e3b8688cad,62470460ca0c98db2731617d2b1b7de3c6974832,fapi-security-code-p015,UNrP6PiCfPkdG,owlkNljKFHFgEXf,fapi2-security-profile-final-par-ensure-pkce-required,True,FINISHED,PASSED,PASSED,"{""client_auth_type"":""private_key_jwt"",""fapi_profile"":""plain_fapi"",""fapi_request_method"":""unsigned"",""fapi_response_mode"":""plain_response"",""openid"":""plain_oauth"",""sender_constrain"":""dpop""}"
initial-unaffected,bad5174d5f6609ef4d43aec54aacb1e3b8688cad,62470460ca0c98db2731617d2b1b7de3c6974832,fapi-security-code-p015,UNrP6PiCfPkdG,4MDQl3ix6R7Uw1G,fapi2-security-profile-final-ensure-pkce-code-verifier-required,True,FINISHED,PASSED,PASSED,"{""client_auth_type"":""private_key_jwt"",""fapi_profile"":""plain_fapi"",""fapi_request_method"":""unsigned"",""fapi_response_mode"":""plain_response"",""openid"":""plain_oauth"",""sender_constrain"":""dpop""}"
initial-unaffected,bad5174d5f6609ef4d43aec54aacb1e3b8688cad,62470460ca0c98db2731617d2b1b7de3c6974832,fapi-security-code-p015,UNrP6PiCfPkdG,AnBTgU6PvhOpAuk,fapi2-security-profile-final-incorrect-pkce-code-verifier-rejected,True,FINISHED,PASSED,PASSED,"{""client_auth_type"":""private_key_jwt"",""fapi_profile"":""plain_fapi"",""fapi_request_method"":""unsigned"",""fapi_response_mode"":""plain_response"",""openid"":""plain_oauth"",""sender_constrain"":""dpop""}"
initial-unaffected,bad5174d5f6609ef4d43aec54aacb1e3b8688cad,62470460ca0c98db2731617d2b1b7de3c6974832,fapi-security-code-p015,UNrP6PiCfPkdG,yL8LF7zgyNXtY7h,fapi2-security-profile-final-par-plain-pkce-rejected,True,FINISHED,PASSED,PASSED,"{""client_auth_type"":""private_key_jwt"",""fapi_profile"":""plain_fapi"",""fapi_request_method"":""unsigned"",""fapi_response_mode"":""plain_response"",""openid"":""plain_oauth"",""sender_constrain"":""dpop""}"
initial-unaffected,bad5174d5f6609ef4d43aec54aacb1e3b8688cad,62470460ca0c98db2731617d2b1b7de3c6974832,fapi-security-code-p015,UNrP6PiCfPkdG,DpEEaNbZMhtGb5Y,fapi2-security-profile-final-par-without-duplicate-parameters,True,FINISHED,PASSED,PASSED,"{""client_auth_type"":""private_key_jwt"",""fapi_profile"":""plain_fapi"",""fapi_request_method"":""unsigned"",""fapi_response_mode"":""plain_response"",""openid"":""plain_oauth"",""sender_constrain"":""dpop""}"
initial-unaffected,bad5174d5f6609ef4d43aec54aacb1e3b8688cad,62470460ca0c98db2731617d2b1b7de3c6974832,fapi-security-code-p016,fTuIaYiLgWzJq,siKJFnk4qsAoKyw,fapi2-security-profile-final-discovery-end-point-verification,True,FINISHED,PASSED,PASSED,"{""client_auth_type"":""private_key_jwt"",""fapi_profile"":""plain_fapi"",""fapi_request_method"":""unsigned"",""fapi_response_mode"":""plain_response"",""openid"":""openid_connect"",""sender_constrain"":""mtls""}"
initial-unaffected,bad5174d5f6609ef4d43aec54aacb1e3b8688cad,62470460ca0c98db2731617d2b1b7de3c6974832,fapi-security-code-p016,fTuIaYiLgWzJq,vihjHSXEe5ei7nf,fapi2-security-profile-final-happy-flow,True,FINISHED,PASSED,PASSED,"{""client_auth_type"":""private_key_jwt"",""fapi_profile"":""plain_fapi"",""fapi_request_method"":""unsigned"",""fapi_response_mode"":""plain_response"",""openid"":""openid_connect"",""sender_constrain"":""mtls""}"
initial-unaffected,bad5174d5f6609ef4d43aec54aacb1e3b8688cad,62470460ca0c98db2731617d2b1b7de3c6974832,fapi-security-code-p016,fTuIaYiLgWzJq,H84ctjlWuSgrN9J,fapi2-security-profile-final-user-rejects-authentication,True,FINISHED,PASSED,PASSED,"{""client_auth_type"":""private_key_jwt"",""fapi_profile"":""plain_fapi"",""fapi_request_method"":""unsigned"",""fapi_response_mode"":""plain_response"",""openid"":""openid_connect"",""sender_constrain"":""mtls""}"
initial-unaffected,bad5174d5f6609ef4d43aec54aacb1e3b8688cad,62470460ca0c98db2731617d2b1b7de3c6974832,fapi-security-code-p016,fTuIaYiLgWzJq,kMEUMUPtjcfumag,fapi2-security-profile-final-ensure-authorization-request-without-state-success,True,FINISHED,PASSED,PASSED,"{""client_auth_type"":""private_key_jwt"",""fapi_profile"":""plain_fapi"",""fapi_request_method"":""unsigned"",""fapi_response_mode"":""plain_response"",""openid"":""openid_connect"",""sender_constrain"":""mtls""}"
initial-unaffected,bad5174d5f6609ef4d43aec54aacb1e3b8688cad,62470460ca0c98db2731617d2b1b7de3c6974832,fapi-security-code-p016,fTuIaYiLgWzJq,QtsXJFhhRWEoStA,fapi2-security-profile-final-ensure-authorization-request-without-nonce-success,True,FINISHED,PASSED,PASSED,"{""client_auth_type"":""private_key_jwt"",""fapi_profile"":""plain_fapi"",""fapi_request_method"":""unsigned"",""fapi_response_mode"":""plain_response"",""openid"":""openid_connect"",""sender_constrain"":""mtls""}"
initial-unaffected,bad5174d5f6609ef4d43aec54aacb1e3b8688cad,62470460ca0c98db2731617d2b1b7de3c6974832,fapi-security-code-p016,fTuIaYiLgWzJq,r4DLcqMUnLc119f,fapi2-security-profile-final-ensure-authorization-request-with-64-char-nonce-success,True,FINISHED,PASSED,PASSED,"{""client_auth_type"":""private_key_jwt"",""fapi_profile"":""plain_fapi"",""fapi_request_method"":""unsigned"",""fapi_response_mode"":""plain_response"",""openid"":""openid_connect"",""sender_constrain"":""mtls""}"
initial-unaffected,bad5174d5f6609ef4d43aec54aacb1e3b8688cad,62470460ca0c98db2731617d2b1b7de3c6974832,fapi-security-code-p016,fTuIaYiLgWzJq,EymvrRmr5YcweOJ,fapi2-security-profile-final-ensure-other-scope-order-succeeds,True,FINISHED,PASSED,PASSED,"{""client_auth_type"":""private_key_jwt"",""fapi_profile"":""plain_fapi"",""fapi_request_method"":""unsigned"",""fapi_response_mode"":""plain_response"",""openid"":""openid_connect"",""sender_constrain"":""mtls""}"
initial-unaffected,bad5174d5f6609ef4d43aec54aacb1e3b8688cad,62470460ca0c98db2731617d2b1b7de3c6974832,fapi-security-code-p016,fTuIaYiLgWzJq,Uh4amhTnx0InRGl,fapi2-security-profile-final-test-claims-parameter-identity-claims,True,FINISHED,PASSED,PASSED,"{""client_auth_type"":""private_key_jwt"",""fapi_profile"":""plain_fapi"",""fapi_request_method"":""unsigned"",""fapi_response_mode"":""plain_response"",""openid"":""openid_connect"",""sender_constrain"":""mtls""}"
initial-unaffected,bad5174d5f6609ef4d43aec54aacb1e3b8688cad,62470460ca0c98db2731617d2b1b7de3c6974832,fapi-security-code-p016,fTuIaYiLgWzJq,VDdQGZuFa0M7Yda,fapi2-security-profile-final-access-token-type-header-case-sensitivity,True,FINISHED,PASSED,PASSED,"{""client_auth_type"":""private_key_jwt"",""fapi_profile"":""plain_fapi"",""fapi_request_method"":""unsigned"",""fapi_response_mode"":""plain_response"",""openid"":""openid_connect"",""sender_constrain"":""mtls""}"
initial-unaffected,bad5174d5f6609ef4d43aec54aacb1e3b8688cad,62470460ca0c98db2731617d2b1b7de3c6974832,fapi-security-code-p016,fTuIaYiLgWzJq,OyYBmgaqtYEt6i0,fapi2-security-profile-final-ensure-different-nonce-inside-and-outside-request-object,True,FINISHED,PASSED,PASSED,"{""client_auth_type"":""private_key_jwt"",""fapi_profile"":""plain_fapi"",""fapi_request_method"":""unsigned"",""fapi_response_mode"":""plain_response"",""openid"":""openid_connect"",""sender_constrain"":""mtls""}"
initial-unaffected,bad5174d5f6609ef4d43aec54aacb1e3b8688cad,62470460ca0c98db2731617d2b1b7de3c6974832,fapi-security-code-p016,fTuIaYiLgWzJq,P3sg7aqkdsWZF3W,fapi2-security-profile-final-ensure-different-state-inside-and-outside-request-object,True,FINISHED,PASSED,PASSED,"{""client_auth_type"":""private_key_jwt"",""fapi_profile"":""plain_fapi"",""fapi_request_method"":""unsigned"",""fapi_response_mode"":""plain_response"",""openid"":""openid_connect"",""sender_constrain"":""mtls""}"
initial-unaffected,bad5174d5f6609ef4d43aec54aacb1e3b8688cad,62470460ca0c98db2731617d2b1b7de3c6974832,fapi-security-code-p016,fTuIaYiLgWzJq,QtOtmRFiUD3UefP,fapi2-security-profile-final-ensure-authorization-request-with-long-nonce,True,FINISHED,PASSED,PASSED,"{""client_auth_type"":""private_key_jwt"",""fapi_profile"":""plain_fapi"",""fapi_request_method"":""unsigned"",""fapi_response_mode"":""plain_response"",""openid"":""openid_connect"",""sender_constrain"":""mtls""}"
initial-unaffected,bad5174d5f6609ef4d43aec54aacb1e3b8688cad,62470460ca0c98db2731617d2b1b7de3c6974832,fapi-security-code-p016,fTuIaYiLgWzJq,5tnnaxAJM2GHRlt,fapi2-security-profile-final-ensure-authorization-request-with-long-state,True,FINISHED,PASSED,PASSED,"{""client_auth_type"":""private_key_jwt"",""fapi_profile"":""plain_fapi"",""fapi_request_method"":""unsigned"",""fapi_response_mode"":""plain_response"",""openid"":""openid_connect"",""sender_constrain"":""mtls""}"
initial-unaffected,bad5174d5f6609ef4d43aec54aacb1e3b8688cad,62470460ca0c98db2731617d2b1b7de3c6974832,fapi-security-code-p016,fTuIaYiLgWzJq,EDvedFV7MO3Je7D,fapi2-security-profile-final-state-only-outside-request-object-not-used,True,FINISHED,PASSED,PASSED,"{""client_auth_type"":""private_key_jwt"",""fapi_profile"":""plain_fapi"",""fapi_request_method"":""unsigned"",""fapi_response_mode"":""plain_response"",""openid"":""openid_connect"",""sender_constrain"":""mtls""}"
initial-unaffected,bad5174d5f6609ef4d43aec54aacb1e3b8688cad,62470460ca0c98db2731617d2b1b7de3c6974832,fapi-security-code-p016,fTuIaYiLgWzJq,RR9CFwuP9OKqcpl,fapi2-security-profile-final-ensure-request-object-without-redirect-uri-fails,True,FINISHED,PASSED,PASSED,"{""client_auth_type"":""private_key_jwt"",""fapi_profile"":""plain_fapi"",""fapi_request_method"":""unsigned"",""fapi_response_mode"":""plain_response"",""openid"":""openid_connect"",""sender_constrain"":""mtls""}"
initial-unaffected,bad5174d5f6609ef4d43aec54aacb1e3b8688cad,62470460ca0c98db2731617d2b1b7de3c6974832,fapi-security-code-p016,fTuIaYiLgWzJq,AqJSLIkyfDgBbrF,fapi2-security-profile-final-plain-fapi-tolerate-unregistered-redirect-uri,True,FINISHED,PASSED,PASSED,"{""client_auth_type"":""private_key_jwt"",""fapi_profile"":""plain_fapi"",""fapi_request_method"":""unsigned"",""fapi_response_mode"":""plain_response"",""openid"":""openid_connect"",""sender_constrain"":""mtls""}"
initial-unaffected,bad5174d5f6609ef4d43aec54aacb1e3b8688cad,62470460ca0c98db2731617d2b1b7de3c6974832,fapi-security-code-p016,fTuIaYiLgWzJq,U9BL8kbCWN6zXTn,fapi2-security-profile-final-ensure-unsigned-authorization-request-without-using-par-fails,True,FINISHED,PASSED,PASSED,"{""client_auth_type"":""private_key_jwt"",""fapi_profile"":""plain_fapi"",""fapi_request_method"":""unsigned"",""fapi_response_mode"":""plain_response"",""openid"":""openid_connect"",""sender_constrain"":""mtls""}"
initial-unaffected,bad5174d5f6609ef4d43aec54aacb1e3b8688cad,62470460ca0c98db2731617d2b1b7de3c6974832,fapi-security-code-p016,fTuIaYiLgWzJq,eGI6pkeGA6baDF2,fapi2-security-profile-final-ensure-redirect-uri-in-authorization-request,True,FINISHED,PASSED,PASSED,"{""client_auth_type"":""private_key_jwt"",""fapi_profile"":""plain_fapi"",""fapi_request_method"":""unsigned"",""fapi_response_mode"":""plain_response"",""openid"":""openid_connect"",""sender_constrain"":""mtls""}"
initial-unaffected,bad5174d5f6609ef4d43aec54aacb1e3b8688cad,62470460ca0c98db2731617d2b1b7de3c6974832,fapi-security-code-p016,fTuIaYiLgWzJq,JeujX6MqyHCKe0V,fapi2-security-profile-final-ensure-response-type-code-idtoken-fails,True,FINISHED,PASSED,PASSED,"{""client_auth_type"":""private_key_jwt"",""fapi_profile"":""plain_fapi"",""fapi_request_method"":""unsigned"",""fapi_response_mode"":""plain_response"",""openid"":""openid_connect"",""sender_constrain"":""mtls""}"
initial-unaffected,bad5174d5f6609ef4d43aec54aacb1e3b8688cad,62470460ca0c98db2731617d2b1b7de3c6974832,fapi-security-code-p016,fTuIaYiLgWzJq,Tkus40KqfLbAhvw,fapi2-security-profile-final-ensure-response-type-token-fails,True,FINISHED,PASSED,PASSED,"{""client_auth_type"":""private_key_jwt"",""fapi_profile"":""plain_fapi"",""fapi_request_method"":""unsigned"",""fapi_response_mode"":""plain_response"",""openid"":""openid_connect"",""sender_constrain"":""mtls""}"
initial-unaffected,bad5174d5f6609ef4d43aec54aacb1e3b8688cad,62470460ca0c98db2731617d2b1b7de3c6974832,fapi-security-code-p016,fTuIaYiLgWzJq,zMPdJ3VCbOsstPa,fapi2-security-profile-final-ensure-client-id-in-token-endpoint,True,FINISHED,PASSED,PASSED,"{""client_auth_type"":""private_key_jwt"",""fapi_profile"":""plain_fapi"",""fapi_request_method"":""unsigned"",""fapi_response_mode"":""plain_response"",""openid"":""openid_connect"",""sender_constrain"":""mtls""}"
initial-unaffected,bad5174d5f6609ef4d43aec54aacb1e3b8688cad,62470460ca0c98db2731617d2b1b7de3c6974832,fapi-security-code-p016,fTuIaYiLgWzJq,jC1opw3przcBhWl,fapi2-security-profile-final-ensure-holder-of-key-required,True,FINISHED,PASSED,PASSED,"{""client_auth_type"":""private_key_jwt"",""fapi_profile"":""plain_fapi"",""fapi_request_method"":""unsigned"",""fapi_response_mode"":""plain_response"",""openid"":""openid_connect"",""sender_constrain"":""mtls""}"
initial-unaffected,bad5174d5f6609ef4d43aec54aacb1e3b8688cad,62470460ca0c98db2731617d2b1b7de3c6974832,fapi-security-code-p016,fTuIaYiLgWzJq,t1VcwaP4u9V1R5o,fapi2-security-profile-final-ensure-authorization-code-is-bound-to-client,True,FINISHED,PASSED,PASSED,"{""client_auth_type"":""private_key_jwt"",""fapi_profile"":""plain_fapi"",""fapi_request_method"":""unsigned"",""fapi_response_mode"":""plain_response"",""openid"":""openid_connect"",""sender_constrain"":""mtls""}"
initial-unaffected,bad5174d5f6609ef4d43aec54aacb1e3b8688cad,62470460ca0c98db2731617d2b1b7de3c6974832,fapi-security-code-p016,fTuIaYiLgWzJq,TvyXjD44izCCSKn,fapi2-security-profile-final-attempt-reuse-authorization-code-after-one-second,True,FINISHED,PASSED,PASSED,"{""client_auth_type"":""private_key_jwt"",""fapi_profile"":""plain_fapi"",""fapi_request_method"":""unsigned"",""fapi_response_mode"":""plain_response"",""openid"":""openid_connect"",""sender_constrain"":""mtls""}"
initial-unaffected,bad5174d5f6609ef4d43aec54aacb1e3b8688cad,62470460ca0c98db2731617d2b1b7de3c6974832,fapi-security-code-p016,fTuIaYiLgWzJq,p8Cyx5rUqnHupcg,fapi2-security-profile-final-ensure-token-endpoint-fails-with-expired-auth-code,True,FINISHED,PASSED,PASSED,"{""client_auth_type"":""private_key_jwt"",""fapi_profile"":""plain_fapi"",""fapi_request_method"":""unsigned"",""fapi_response_mode"":""plain_response"",""openid"":""openid_connect"",""sender_constrain"":""mtls""}"
initial-unaffected,bad5174d5f6609ef4d43aec54aacb1e3b8688cad,62470460ca0c98db2731617d2b1b7de3c6974832,fapi-security-code-p016,fTuIaYiLgWzJq,i63QSi8xUUOAW4c,fapi2-security-profile-final-ensure-signed-client-assertion-with-RS256-fails,True,FINISHED,PASSED,PASSED,"{""client_auth_type"":""private_key_jwt"",""fapi_profile"":""plain_fapi"",""fapi_request_method"":""unsigned"",""fapi_response_mode"":""plain_response"",""openid"":""openid_connect"",""sender_constrain"":""mtls""}"
initial-unaffected,bad5174d5f6609ef4d43aec54aacb1e3b8688cad,62470460ca0c98db2731617d2b1b7de3c6974832,fapi-security-code-p016,fTuIaYiLgWzJq,XmwLs5zfOGvoyuj,fapi2-security-profile-final-ensure-client-assertion-in-token-endpoint,True,FINISHED,PASSED,PASSED,"{""client_auth_type"":""private_key_jwt"",""fapi_profile"":""plain_fapi"",""fapi_request_method"":""unsigned"",""fapi_response_mode"":""plain_response"",""openid"":""openid_connect"",""sender_constrain"":""mtls""}"
initial-unaffected,bad5174d5f6609ef4d43aec54aacb1e3b8688cad,62470460ca0c98db2731617d2b1b7de3c6974832,fapi-security-code-p016,fTuIaYiLgWzJq,CNmhMzACFerZrjw,fapi2-security-profile-final-ensure-client-assertion-with-exp-is-5-minutes-in-past-fails,True,FINISHED,PASSED,PASSED,"{""client_auth_type"":""private_key_jwt"",""fapi_profile"":""plain_fapi"",""fapi_request_method"":""unsigned"",""fapi_response_mode"":""plain_response"",""openid"":""openid_connect"",""sender_constrain"":""mtls""}"
initial-unaffected,bad5174d5f6609ef4d43aec54aacb1e3b8688cad,62470460ca0c98db2731617d2b1b7de3c6974832,fapi-security-code-p016,fTuIaYiLgWzJq,QkbPlXT4gesIsaJ,fapi2-security-profile-final-ensure-client-assertion-with-wrong-aud-fails,True,FINISHED,PASSED,PASSED,"{""client_auth_type"":""private_key_jwt"",""fapi_profile"":""plain_fapi"",""fapi_request_method"":""unsigned"",""fapi_response_mode"":""plain_response"",""openid"":""openid_connect"",""sender_constrain"":""mtls""}"
initial-unaffected,bad5174d5f6609ef4d43aec54aacb1e3b8688cad,62470460ca0c98db2731617d2b1b7de3c6974832,fapi-security-code-p016,fTuIaYiLgWzJq,XxepizjUnJBTzmA,fapi2-security-profile-final-ensure-client-assertion-with-no-sub-fails,True,FINISHED,PASSED,PASSED,"{""client_auth_type"":""private_key_jwt"",""fapi_profile"":""plain_fapi"",""fapi_request_method"":""unsigned"",""fapi_response_mode"":""plain_response"",""openid"":""openid_connect"",""sender_constrain"":""mtls""}"
initial-unaffected,bad5174d5f6609ef4d43aec54aacb1e3b8688cad,62470460ca0c98db2731617d2b1b7de3c6974832,fapi-security-code-p016,fTuIaYiLgWzJq,T0uFEHM0yWL4qT9,fapi2-security-profile-final-ensure-invalid-client-assertions-fail,True,FINISHED,PASSED,PASSED,"{""client_auth_type"":""private_key_jwt"",""fapi_profile"":""plain_fapi"",""fapi_request_method"":""unsigned"",""fapi_response_mode"":""plain_response"",""openid"":""openid_connect"",""sender_constrain"":""mtls""}"
initial-unaffected,bad5174d5f6609ef4d43aec54aacb1e3b8688cad,62470460ca0c98db2731617d2b1b7de3c6974832,fapi-security-code-p016,fTuIaYiLgWzJq,juvR2Nxm8l0wun6,fapi2-security-profile-final-refresh-token,True,FINISHED,PASSED,PASSED,"{""client_auth_type"":""private_key_jwt"",""fapi_profile"":""plain_fapi"",""fapi_request_method"":""unsigned"",""fapi_response_mode"":""plain_response"",""openid"":""openid_connect"",""sender_constrain"":""mtls""}"
initial-unaffected,bad5174d5f6609ef4d43aec54aacb1e3b8688cad,62470460ca0c98db2731617d2b1b7de3c6974832,fapi-security-code-p016,fTuIaYiLgWzJq,oHhwGgWDUO3iIcm,fapi2-security-profile-final-par-ensure-reused-request-uri-prior-to-auth-completion-succeeds,True,FINISHED,PASSED,PASSED,"{""client_auth_type"":""private_key_jwt"",""fapi_profile"":""plain_fapi"",""fapi_request_method"":""unsigned"",""fapi_response_mode"":""plain_response"",""openid"":""openid_connect"",""sender_constrain"":""mtls""}"
initial-unaffected,bad5174d5f6609ef4d43aec54aacb1e3b8688cad,62470460ca0c98db2731617d2b1b7de3c6974832,fapi-security-code-p016,fTuIaYiLgWzJq,jrjviiL4wo8YPOq,fapi2-security-profile-final-par-attempt-reuse-request_uri,True,FINISHED,PASSED,PASSED,"{""client_auth_type"":""private_key_jwt"",""fapi_profile"":""plain_fapi"",""fapi_request_method"":""unsigned"",""fapi_response_mode"":""plain_response"",""openid"":""openid_connect"",""sender_constrain"":""mtls""}"
initial-unaffected,bad5174d5f6609ef4d43aec54aacb1e3b8688cad,62470460ca0c98db2731617d2b1b7de3c6974832,fapi-security-code-p016,fTuIaYiLgWzJq,uKm2VrrUFE5muKy,fapi2-security-profile-final-par-attempt-to-use-expired-request_uri,True,FINISHED,PASSED,PASSED,"{""client_auth_type"":""private_key_jwt"",""fapi_profile"":""plain_fapi"",""fapi_request_method"":""unsigned"",""fapi_response_mode"":""plain_response"",""openid"":""openid_connect"",""sender_constrain"":""mtls""}"
initial-unaffected,bad5174d5f6609ef4d43aec54aacb1e3b8688cad,62470460ca0c98db2731617d2b1b7de3c6974832,fapi-security-code-p016,fTuIaYiLgWzJq,eYvmQIluTEzY78S,fapi2-security-profile-final-par-attempt-to-use-request_uri-for-different-client,True,FINISHED,PASSED,PASSED,"{""client_auth_type"":""private_key_jwt"",""fapi_profile"":""plain_fapi"",""fapi_request_method"":""unsigned"",""fapi_response_mode"":""plain_response"",""openid"":""openid_connect"",""sender_constrain"":""mtls""}"
initial-unaffected,bad5174d5f6609ef4d43aec54aacb1e3b8688cad,62470460ca0c98db2731617d2b1b7de3c6974832,fapi-security-code-p016,fTuIaYiLgWzJq,JAhyfGCxAAHbivV,fapi2-security-profile-final-par-authorization-request-containing-request_uri-form-param,True,FINISHED,PASSED,PASSED,"{""client_auth_type"":""private_key_jwt"",""fapi_profile"":""plain_fapi"",""fapi_request_method"":""unsigned"",""fapi_response_mode"":""plain_response"",""openid"":""openid_connect"",""sender_constrain"":""mtls""}"
initial-unaffected,bad5174d5f6609ef4d43aec54aacb1e3b8688cad,62470460ca0c98db2731617d2b1b7de3c6974832,fapi-security-code-p016,fTuIaYiLgWzJq,2gNkkdyyjwxlrAl,fapi2-security-profile-final-par-attempt-invalid-http-method,True,FINISHED,PASSED,PASSED,"{""client_auth_type"":""private_key_jwt"",""fapi_profile"":""plain_fapi"",""fapi_request_method"":""unsigned"",""fapi_response_mode"":""plain_response"",""openid"":""openid_connect"",""sender_constrain"":""mtls""}"
initial-unaffected,bad5174d5f6609ef4d43aec54aacb1e3b8688cad,62470460ca0c98db2731617d2b1b7de3c6974832,fapi-security-code-p016,fTuIaYiLgWzJq,PQiJV4jqFwpBnW6,fapi2-security-profile-final-par-ensure-pkce-required,True,FINISHED,PASSED,PASSED,"{""client_auth_type"":""private_key_jwt"",""fapi_profile"":""plain_fapi"",""fapi_request_method"":""unsigned"",""fapi_response_mode"":""plain_response"",""openid"":""openid_connect"",""sender_constrain"":""mtls""}"
initial-unaffected,bad5174d5f6609ef4d43aec54aacb1e3b8688cad,62470460ca0c98db2731617d2b1b7de3c6974832,fapi-security-code-p016,fTuIaYiLgWzJq,g8oT9KnHeDaLBnc,fapi2-security-profile-final-ensure-pkce-code-verifier-required,True,FINISHED,PASSED,PASSED,"{""client_auth_type"":""private_key_jwt"",""fapi_profile"":""plain_fapi"",""fapi_request_method"":""unsigned"",""fapi_response_mode"":""plain_response"",""openid"":""openid_connect"",""sender_constrain"":""mtls""}"
initial-unaffected,bad5174d5f6609ef4d43aec54aacb1e3b8688cad,62470460ca0c98db2731617d2b1b7de3c6974832,fapi-security-code-p016,fTuIaYiLgWzJq,xRDXeDtfo8XujSb,fapi2-security-profile-final-incorrect-pkce-code-verifier-rejected,True,FINISHED,PASSED,PASSED,"{""client_auth_type"":""private_key_jwt"",""fapi_profile"":""plain_fapi"",""fapi_request_method"":""unsigned"",""fapi_response_mode"":""plain_response"",""openid"":""openid_connect"",""sender_constrain"":""mtls""}"
initial-unaffected,bad5174d5f6609ef4d43aec54aacb1e3b8688cad,62470460ca0c98db2731617d2b1b7de3c6974832,fapi-security-code-p016,fTuIaYiLgWzJq,3swAPNFN5lAdDfB,fapi2-security-profile-final-par-plain-pkce-rejected,True,FINISHED,PASSED,PASSED,"{""client_auth_type"":""private_key_jwt"",""fapi_profile"":""plain_fapi"",""fapi_request_method"":""unsigned"",""fapi_response_mode"":""plain_response"",""openid"":""openid_connect"",""sender_constrain"":""mtls""}"
initial-unaffected,bad5174d5f6609ef4d43aec54aacb1e3b8688cad,62470460ca0c98db2731617d2b1b7de3c6974832,fapi-security-code-p016,fTuIaYiLgWzJq,52vCBaQZxBrnigU,fapi2-security-profile-final-par-without-duplicate-parameters,True,FINISHED,PASSED,PASSED,"{""client_auth_type"":""private_key_jwt"",""fapi_profile"":""plain_fapi"",""fapi_request_method"":""unsigned"",""fapi_response_mode"":""plain_response"",""openid"":""openid_connect"",""sender_constrain"":""mtls""}"
initial-unaffected,bad5174d5f6609ef4d43aec54aacb1e3b8688cad,62470460ca0c98db2731617d2b1b7de3c6974832,fapi-security-code-p017,n0qGRC28HI2H8,Kkk4y0R9c0t1nts,fapi2-security-profile-final-discovery-end-point-verification,True,FINISHED,PASSED,PASSED,"{""client_auth_type"":""private_key_jwt"",""fapi_profile"":""plain_fapi"",""fapi_request_method"":""unsigned"",""fapi_response_mode"":""plain_response"",""openid"":""plain_oauth"",""sender_constrain"":""mtls""}"
initial-unaffected,bad5174d5f6609ef4d43aec54aacb1e3b8688cad,62470460ca0c98db2731617d2b1b7de3c6974832,fapi-security-code-p017,n0qGRC28HI2H8,Gd2ifBsIJg8iNrI,fapi2-security-profile-final-happy-flow,True,FINISHED,WARNING,WARNING,"{""client_auth_type"":""private_key_jwt"",""fapi_profile"":""plain_fapi"",""fapi_request_method"":""unsigned"",""fapi_response_mode"":""plain_response"",""openid"":""plain_oauth"",""sender_constrain"":""mtls""}"
initial-unaffected,bad5174d5f6609ef4d43aec54aacb1e3b8688cad,62470460ca0c98db2731617d2b1b7de3c6974832,fapi-security-code-p017,n0qGRC28HI2H8,2OaMyEjNkSQrXkA,fapi2-security-profile-final-user-rejects-authentication,True,FINISHED,PASSED,PASSED,"{""client_auth_type"":""private_key_jwt"",""fapi_profile"":""plain_fapi"",""fapi_request_method"":""unsigned"",""fapi_response_mode"":""plain_response"",""openid"":""plain_oauth"",""sender_constrain"":""mtls""}"
initial-unaffected,bad5174d5f6609ef4d43aec54aacb1e3b8688cad,62470460ca0c98db2731617d2b1b7de3c6974832,fapi-security-code-p017,n0qGRC28HI2H8,XHbUXIjG9foug7A,fapi2-security-profile-final-ensure-authorization-request-without-state-success,True,FINISHED,PASSED,PASSED,"{""client_auth_type"":""private_key_jwt"",""fapi_profile"":""plain_fapi"",""fapi_request_method"":""unsigned"",""fapi_response_mode"":""plain_response"",""openid"":""plain_oauth"",""sender_constrain"":""mtls""}"
initial-unaffected,bad5174d5f6609ef4d43aec54aacb1e3b8688cad,62470460ca0c98db2731617d2b1b7de3c6974832,fapi-security-code-p017,n0qGRC28HI2H8,P2RWTvRegbPPiJd,fapi2-security-profile-final-access-token-type-header-case-sensitivity,True,FINISHED,PASSED,PASSED,"{""client_auth_type"":""private_key_jwt"",""fapi_profile"":""plain_fapi"",""fapi_request_method"":""unsigned"",""fapi_response_mode"":""plain_response"",""openid"":""plain_oauth"",""sender_constrain"":""mtls""}"
initial-unaffected,bad5174d5f6609ef4d43aec54aacb1e3b8688cad,62470460ca0c98db2731617d2b1b7de3c6974832,fapi-security-code-p017,n0qGRC28HI2H8,pw975jLRctwVpju,fapi2-security-profile-final-ensure-different-state-inside-and-outside-request-object,True,FINISHED,PASSED,PASSED,"{""client_auth_type"":""private_key_jwt"",""fapi_profile"":""plain_fapi"",""fapi_request_method"":""unsigned"",""fapi_response_mode"":""plain_response"",""openid"":""plain_oauth"",""sender_constrain"":""mtls""}"
initial-unaffected,bad5174d5f6609ef4d43aec54aacb1e3b8688cad,62470460ca0c98db2731617d2b1b7de3c6974832,fapi-security-code-p017,n0qGRC28HI2H8,bFS8f9rvDkyX6k0,fapi2-security-profile-final-ensure-authorization-request-with-long-state,True,FINISHED,PASSED,PASSED,"{""client_auth_type"":""private_key_jwt"",""fapi_profile"":""plain_fapi"",""fapi_request_method"":""unsigned"",""fapi_response_mode"":""plain_response"",""openid"":""plain_oauth"",""sender_constrain"":""mtls""}"
initial-unaffected,bad5174d5f6609ef4d43aec54aacb1e3b8688cad,62470460ca0c98db2731617d2b1b7de3c6974832,fapi-security-code-p017,n0qGRC28HI2H8,GITnTkbAyObcE7p,fapi2-security-profile-final-state-only-outside-request-object-not-used,True,FINISHED,PASSED,PASSED,"{""client_auth_type"":""private_key_jwt"",""fapi_profile"":""plain_fapi"",""fapi_request_method"":""unsigned"",""fapi_response_mode"":""plain_response"",""openid"":""plain_oauth"",""sender_constrain"":""mtls""}"
initial-unaffected,bad5174d5f6609ef4d43aec54aacb1e3b8688cad,62470460ca0c98db2731617d2b1b7de3c6974832,fapi-security-code-p017,n0qGRC28HI2H8,cXUaHvEfaDhma88,fapi2-security-profile-final-ensure-request-object-without-redirect-uri-fails,True,FINISHED,PASSED,PASSED,"{""client_auth_type"":""private_key_jwt"",""fapi_profile"":""plain_fapi"",""fapi_request_method"":""unsigned"",""fapi_response_mode"":""plain_response"",""openid"":""plain_oauth"",""sender_constrain"":""mtls""}"
initial-unaffected,bad5174d5f6609ef4d43aec54aacb1e3b8688cad,62470460ca0c98db2731617d2b1b7de3c6974832,fapi-security-code-p017,n0qGRC28HI2H8,iyXLHScW1ICnZy5,fapi2-security-profile-final-plain-fapi-tolerate-unregistered-redirect-uri,True,FINISHED,PASSED,PASSED,"{""client_auth_type"":""private_key_jwt"",""fapi_profile"":""plain_fapi"",""fapi_request_method"":""unsigned"",""fapi_response_mode"":""plain_response"",""openid"":""plain_oauth"",""sender_constrain"":""mtls""}"
initial-unaffected,bad5174d5f6609ef4d43aec54aacb1e3b8688cad,62470460ca0c98db2731617d2b1b7de3c6974832,fapi-security-code-p017,n0qGRC28HI2H8,gugRWrvS9gjjWjN,fapi2-security-profile-final-ensure-unsigned-authorization-request-without-using-par-fails,True,FINISHED,PASSED,PASSED,"{""client_auth_type"":""private_key_jwt"",""fapi_profile"":""plain_fapi"",""fapi_request_method"":""unsigned"",""fapi_response_mode"":""plain_response"",""openid"":""plain_oauth"",""sender_constrain"":""mtls""}"
initial-unaffected,bad5174d5f6609ef4d43aec54aacb1e3b8688cad,62470460ca0c98db2731617d2b1b7de3c6974832,fapi-security-code-p017,n0qGRC28HI2H8,YElDTlIh8Jt7HK2,fapi2-security-profile-final-ensure-redirect-uri-in-authorization-request,True,FINISHED,PASSED,PASSED,"{""client_auth_type"":""private_key_jwt"",""fapi_profile"":""plain_fapi"",""fapi_request_method"":""unsigned"",""fapi_response_mode"":""plain_response"",""openid"":""plain_oauth"",""sender_constrain"":""mtls""}"
initial-unaffected,bad5174d5f6609ef4d43aec54aacb1e3b8688cad,62470460ca0c98db2731617d2b1b7de3c6974832,fapi-security-code-p017,n0qGRC28HI2H8,OGAxyIkhmO6Xsxk,fapi2-security-profile-final-ensure-response-type-code-idtoken-fails,True,FINISHED,PASSED,PASSED,"{""client_auth_type"":""private_key_jwt"",""fapi_profile"":""plain_fapi"",""fapi_request_method"":""unsigned"",""fapi_response_mode"":""plain_response"",""openid"":""plain_oauth"",""sender_constrain"":""mtls""}"
initial-unaffected,bad5174d5f6609ef4d43aec54aacb1e3b8688cad,62470460ca0c98db2731617d2b1b7de3c6974832,fapi-security-code-p017,n0qGRC28HI2H8,FICfsPztHpblGQ3,fapi2-security-profile-final-ensure-response-type-token-fails,True,FINISHED,PASSED,PASSED,"{""client_auth_type"":""private_key_jwt"",""fapi_profile"":""plain_fapi"",""fapi_request_method"":""unsigned"",""fapi_response_mode"":""plain_response"",""openid"":""plain_oauth"",""sender_constrain"":""mtls""}"
initial-unaffected,bad5174d5f6609ef4d43aec54aacb1e3b8688cad,62470460ca0c98db2731617d2b1b7de3c6974832,fapi-security-code-p017,n0qGRC28HI2H8,m6ajFkxkOXqjlUT,fapi2-security-profile-final-ensure-client-id-in-token-endpoint,True,FINISHED,PASSED,PASSED,"{""client_auth_type"":""private_key_jwt"",""fapi_profile"":""plain_fapi"",""fapi_request_method"":""unsigned"",""fapi_response_mode"":""plain_response"",""openid"":""plain_oauth"",""sender_constrain"":""mtls""}"
initial-unaffected,bad5174d5f6609ef4d43aec54aacb1e3b8688cad,62470460ca0c98db2731617d2b1b7de3c6974832,fapi-security-code-p017,n0qGRC28HI2H8,IBC3XCGHEqE97yf,fapi2-security-profile-final-ensure-holder-of-key-required,True,FINISHED,PASSED,PASSED,"{""client_auth_type"":""private_key_jwt"",""fapi_profile"":""plain_fapi"",""fapi_request_method"":""unsigned"",""fapi_response_mode"":""plain_response"",""openid"":""plain_oauth"",""sender_constrain"":""mtls""}"
initial-unaffected,bad5174d5f6609ef4d43aec54aacb1e3b8688cad,62470460ca0c98db2731617d2b1b7de3c6974832,fapi-security-code-p017,n0qGRC28HI2H8,ZJHDR8MDxynNGhK,fapi2-security-profile-final-ensure-authorization-code-is-bound-to-client,True,FINISHED,PASSED,PASSED,"{""client_auth_type"":""private_key_jwt"",""fapi_profile"":""plain_fapi"",""fapi_request_method"":""unsigned"",""fapi_response_mode"":""plain_response"",""openid"":""plain_oauth"",""sender_constrain"":""mtls""}"
initial-unaffected,bad5174d5f6609ef4d43aec54aacb1e3b8688cad,62470460ca0c98db2731617d2b1b7de3c6974832,fapi-security-code-p017,n0qGRC28HI2H8,n2tquTSuDWxqsvT,fapi2-security-profile-final-attempt-reuse-authorization-code-after-one-second,True,FINISHED,PASSED,PASSED,"{""client_auth_type"":""private_key_jwt"",""fapi_profile"":""plain_fapi"",""fapi_request_method"":""unsigned"",""fapi_response_mode"":""plain_response"",""openid"":""plain_oauth"",""sender_constrain"":""mtls""}"
initial-unaffected,bad5174d5f6609ef4d43aec54aacb1e3b8688cad,62470460ca0c98db2731617d2b1b7de3c6974832,fapi-security-code-p017,n0qGRC28HI2H8,1v01Pqtu83BwXRp,fapi2-security-profile-final-ensure-token-endpoint-fails-with-expired-auth-code,True,FINISHED,PASSED,PASSED,"{""client_auth_type"":""private_key_jwt"",""fapi_profile"":""plain_fapi"",""fapi_request_method"":""unsigned"",""fapi_response_mode"":""plain_response"",""openid"":""plain_oauth"",""sender_constrain"":""mtls""}"
initial-unaffected,bad5174d5f6609ef4d43aec54aacb1e3b8688cad,62470460ca0c98db2731617d2b1b7de3c6974832,fapi-security-code-p017,n0qGRC28HI2H8,KMPaCqVF9YYqjeQ,fapi2-security-profile-final-ensure-signed-client-assertion-with-RS256-fails,True,FINISHED,PASSED,PASSED,"{""client_auth_type"":""private_key_jwt"",""fapi_profile"":""plain_fapi"",""fapi_request_method"":""unsigned"",""fapi_response_mode"":""plain_response"",""openid"":""plain_oauth"",""sender_constrain"":""mtls""}"
initial-unaffected,bad5174d5f6609ef4d43aec54aacb1e3b8688cad,62470460ca0c98db2731617d2b1b7de3c6974832,fapi-security-code-p017,n0qGRC28HI2H8,sX0AfTpZkemQnSm,fapi2-security-profile-final-ensure-client-assertion-in-token-endpoint,True,FINISHED,PASSED,PASSED,"{""client_auth_type"":""private_key_jwt"",""fapi_profile"":""plain_fapi"",""fapi_request_method"":""unsigned"",""fapi_response_mode"":""plain_response"",""openid"":""plain_oauth"",""sender_constrain"":""mtls""}"
initial-unaffected,bad5174d5f6609ef4d43aec54aacb1e3b8688cad,62470460ca0c98db2731617d2b1b7de3c6974832,fapi-security-code-p017,n0qGRC28HI2H8,UwNo4Gj3zFJqr3C,fapi2-security-profile-final-ensure-client-assertion-with-exp-is-5-minutes-in-past-fails,True,FINISHED,PASSED,PASSED,"{""client_auth_type"":""private_key_jwt"",""fapi_profile"":""plain_fapi"",""fapi_request_method"":""unsigned"",""fapi_response_mode"":""plain_response"",""openid"":""plain_oauth"",""sender_constrain"":""mtls""}"
initial-unaffected,bad5174d5f6609ef4d43aec54aacb1e3b8688cad,62470460ca0c98db2731617d2b1b7de3c6974832,fapi-security-code-p017,n0qGRC28HI2H8,KRKbws7N6gXxHAY,fapi2-security-profile-final-ensure-client-assertion-with-wrong-aud-fails,True,FINISHED,PASSED,PASSED,"{""client_auth_type"":""private_key_jwt"",""fapi_profile"":""plain_fapi"",""fapi_request_method"":""unsigned"",""fapi_response_mode"":""plain_response"",""openid"":""plain_oauth"",""sender_constrain"":""mtls""}"
initial-unaffected,bad5174d5f6609ef4d43aec54aacb1e3b8688cad,62470460ca0c98db2731617d2b1b7de3c6974832,fapi-security-code-p017,n0qGRC28HI2H8,irnRyULWc9hApPl,fapi2-security-profile-final-ensure-client-assertion-with-no-sub-fails,True,FINISHED,PASSED,PASSED,"{""client_auth_type"":""private_key_jwt"",""fapi_profile"":""plain_fapi"",""fapi_request_method"":""unsigned"",""fapi_response_mode"":""plain_response"",""openid"":""plain_oauth"",""sender_constrain"":""mtls""}"
initial-unaffected,bad5174d5f6609ef4d43aec54aacb1e3b8688cad,62470460ca0c98db2731617d2b1b7de3c6974832,fapi-security-code-p017,n0qGRC28HI2H8,eOqfLpNv4Id4dkS,fapi2-security-profile-final-ensure-invalid-client-assertions-fail,True,FINISHED,PASSED,PASSED,"{""client_auth_type"":""private_key_jwt"",""fapi_profile"":""plain_fapi"",""fapi_request_method"":""unsigned"",""fapi_response_mode"":""plain_response"",""openid"":""plain_oauth"",""sender_constrain"":""mtls""}"
initial-unaffected,bad5174d5f6609ef4d43aec54aacb1e3b8688cad,62470460ca0c98db2731617d2b1b7de3c6974832,fapi-security-code-p017,n0qGRC28HI2H8,8y9l2XsR0fNqvI3,fapi2-security-profile-final-refresh-token,True,FINISHED,PASSED,PASSED,"{""client_auth_type"":""private_key_jwt"",""fapi_profile"":""plain_fapi"",""fapi_request_method"":""unsigned"",""fapi_response_mode"":""plain_response"",""openid"":""plain_oauth"",""sender_constrain"":""mtls""}"
initial-unaffected,bad5174d5f6609ef4d43aec54aacb1e3b8688cad,62470460ca0c98db2731617d2b1b7de3c6974832,fapi-security-code-p017,n0qGRC28HI2H8,moMcoXnpsPNmPNz,fapi2-security-profile-final-par-ensure-reused-request-uri-prior-to-auth-completion-succeeds,True,FINISHED,PASSED,PASSED,"{""client_auth_type"":""private_key_jwt"",""fapi_profile"":""plain_fapi"",""fapi_request_method"":""unsigned"",""fapi_response_mode"":""plain_response"",""openid"":""plain_oauth"",""sender_constrain"":""mtls""}"
initial-unaffected,bad5174d5f6609ef4d43aec54aacb1e3b8688cad,62470460ca0c98db2731617d2b1b7de3c6974832,fapi-security-code-p017,n0qGRC28HI2H8,BLX2lE1fkWL5JqA,fapi2-security-profile-final-par-attempt-reuse-request_uri,True,FINISHED,PASSED,PASSED,"{""client_auth_type"":""private_key_jwt"",""fapi_profile"":""plain_fapi"",""fapi_request_method"":""unsigned"",""fapi_response_mode"":""plain_response"",""openid"":""plain_oauth"",""sender_constrain"":""mtls""}"
initial-unaffected,bad5174d5f6609ef4d43aec54aacb1e3b8688cad,62470460ca0c98db2731617d2b1b7de3c6974832,fapi-security-code-p017,n0qGRC28HI2H8,s8V8lD0cFklLcv9,fapi2-security-profile-final-par-attempt-to-use-expired-request_uri,True,FINISHED,PASSED,PASSED,"{""client_auth_type"":""private_key_jwt"",""fapi_profile"":""plain_fapi"",""fapi_request_method"":""unsigned"",""fapi_response_mode"":""plain_response"",""openid"":""plain_oauth"",""sender_constrain"":""mtls""}"
initial-unaffected,bad5174d5f6609ef4d43aec54aacb1e3b8688cad,62470460ca0c98db2731617d2b1b7de3c6974832,fapi-security-code-p017,n0qGRC28HI2H8,9J6UBygbWD7UN7E,fapi2-security-profile-final-par-attempt-to-use-request_uri-for-different-client,True,FINISHED,PASSED,PASSED,"{""client_auth_type"":""private_key_jwt"",""fapi_profile"":""plain_fapi"",""fapi_request_method"":""unsigned"",""fapi_response_mode"":""plain_response"",""openid"":""plain_oauth"",""sender_constrain"":""mtls""}"
initial-unaffected,bad5174d5f6609ef4d43aec54aacb1e3b8688cad,62470460ca0c98db2731617d2b1b7de3c6974832,fapi-security-code-p017,n0qGRC28HI2H8,IP4GVZydJIBnQBY,fapi2-security-profile-final-par-authorization-request-containing-request_uri-form-param,True,FINISHED,PASSED,PASSED,"{""client_auth_type"":""private_key_jwt"",""fapi_profile"":""plain_fapi"",""fapi_request_method"":""unsigned"",""fapi_response_mode"":""plain_response"",""openid"":""plain_oauth"",""sender_constrain"":""mtls""}"
initial-unaffected,bad5174d5f6609ef4d43aec54aacb1e3b8688cad,62470460ca0c98db2731617d2b1b7de3c6974832,fapi-security-code-p017,n0qGRC28HI2H8,KsGlX6QWBAOQA79,fapi2-security-profile-final-par-attempt-invalid-http-method,True,FINISHED,PASSED,PASSED,"{""client_auth_type"":""private_key_jwt"",""fapi_profile"":""plain_fapi"",""fapi_request_method"":""unsigned"",""fapi_response_mode"":""plain_response"",""openid"":""plain_oauth"",""sender_constrain"":""mtls""}"
initial-unaffected,bad5174d5f6609ef4d43aec54aacb1e3b8688cad,62470460ca0c98db2731617d2b1b7de3c6974832,fapi-security-code-p017,n0qGRC28HI2H8,xdnooT4XpARTM1h,fapi2-security-profile-final-par-ensure-pkce-required,True,FINISHED,PASSED,PASSED,"{""client_auth_type"":""private_key_jwt"",""fapi_profile"":""plain_fapi"",""fapi_request_method"":""unsigned"",""fapi_response_mode"":""plain_response"",""openid"":""plain_oauth"",""sender_constrain"":""mtls""}"
initial-unaffected,bad5174d5f6609ef4d43aec54aacb1e3b8688cad,62470460ca0c98db2731617d2b1b7de3c6974832,fapi-security-code-p017,n0qGRC28HI2H8,mTlZVoNoaOaTgMj,fapi2-security-profile-final-ensure-pkce-code-verifier-required,True,FINISHED,PASSED,PASSED,"{""client_auth_type"":""private_key_jwt"",""fapi_profile"":""plain_fapi"",""fapi_request_method"":""unsigned"",""fapi_response_mode"":""plain_response"",""openid"":""plain_oauth"",""sender_constrain"":""mtls""}"
initial-unaffected,bad5174d5f6609ef4d43aec54aacb1e3b8688cad,62470460ca0c98db2731617d2b1b7de3c6974832,fapi-security-code-p017,n0qGRC28HI2H8,ilV9ASF33k4XAPP,fapi2-security-profile-final-incorrect-pkce-code-verifier-rejected,True,FINISHED,PASSED,PASSED,"{""client_auth_type"":""private_key_jwt"",""fapi_profile"":""plain_fapi"",""fapi_request_method"":""unsigned"",""fapi_response_mode"":""plain_response"",""openid"":""plain_oauth"",""sender_constrain"":""mtls""}"
initial-unaffected,bad5174d5f6609ef4d43aec54aacb1e3b8688cad,62470460ca0c98db2731617d2b1b7de3c6974832,fapi-security-code-p017,n0qGRC28HI2H8,zzLixtAqo36FC3D,fapi2-security-profile-final-par-plain-pkce-rejected,True,FINISHED,PASSED,PASSED,"{""client_auth_type"":""private_key_jwt"",""fapi_profile"":""plain_fapi"",""fapi_request_method"":""unsigned"",""fapi_response_mode"":""plain_response"",""openid"":""plain_oauth"",""sender_constrain"":""mtls""}"
initial-unaffected,bad5174d5f6609ef4d43aec54aacb1e3b8688cad,62470460ca0c98db2731617d2b1b7de3c6974832,fapi-security-code-p017,n0qGRC28HI2H8,GspkNnTjO0cStxq,fapi2-security-profile-final-par-without-duplicate-parameters,True,FINISHED,PASSED,PASSED,"{""client_auth_type"":""private_key_jwt"",""fapi_profile"":""plain_fapi"",""fapi_request_method"":""unsigned"",""fapi_response_mode"":""plain_response"",""openid"":""plain_oauth"",""sender_constrain"":""mtls""}"
initial-unaffected,bad5174d5f6609ef4d43aec54aacb1e3b8688cad,62470460ca0c98db2731617d2b1b7de3c6974832,fapi-security-code-p018,gMSnJR7ixI6H6,roNI9nWETJwR53a,fapi2-security-profile-final-discovery-end-point-verification,True,FINISHED,PASSED,PASSED,"{""client_auth_type"":""mtls"",""fapi_profile"":""plain_fapi"",""fapi_request_method"":""unsigned"",""fapi_response_mode"":""plain_response"",""openid"":""openid_connect"",""sender_constrain"":""dpop""}"
initial-unaffected,bad5174d5f6609ef4d43aec54aacb1e3b8688cad,62470460ca0c98db2731617d2b1b7de3c6974832,fapi-security-code-p018,gMSnJR7ixI6H6,IgabVTAwEnyZCsA,fapi2-security-profile-final-happy-flow,True,FINISHED,PASSED,PASSED,"{""client_auth_type"":""mtls"",""fapi_profile"":""plain_fapi"",""fapi_request_method"":""unsigned"",""fapi_response_mode"":""plain_response"",""openid"":""openid_connect"",""sender_constrain"":""dpop""}"
initial-unaffected,bad5174d5f6609ef4d43aec54aacb1e3b8688cad,62470460ca0c98db2731617d2b1b7de3c6974832,fapi-security-code-p018,gMSnJR7ixI6H6,ueehS7sfrWheC71,fapi2-security-profile-final-user-rejects-authentication,True,FINISHED,PASSED,PASSED,"{""client_auth_type"":""mtls"",""fapi_profile"":""plain_fapi"",""fapi_request_method"":""unsigned"",""fapi_response_mode"":""plain_response"",""openid"":""openid_connect"",""sender_constrain"":""dpop""}"
initial-unaffected,bad5174d5f6609ef4d43aec54aacb1e3b8688cad,62470460ca0c98db2731617d2b1b7de3c6974832,fapi-security-code-p018,gMSnJR7ixI6H6,HeFN3xugUpbNxbm,fapi2-security-profile-final-ensure-authorization-request-without-state-success,True,FINISHED,PASSED,PASSED,"{""client_auth_type"":""mtls"",""fapi_profile"":""plain_fapi"",""fapi_request_method"":""unsigned"",""fapi_response_mode"":""plain_response"",""openid"":""openid_connect"",""sender_constrain"":""dpop""}"
initial-unaffected,bad5174d5f6609ef4d43aec54aacb1e3b8688cad,62470460ca0c98db2731617d2b1b7de3c6974832,fapi-security-code-p018,gMSnJR7ixI6H6,zqFBXtSDFX08CaM,fapi2-security-profile-final-ensure-authorization-request-without-nonce-success,True,FINISHED,PASSED,PASSED,"{""client_auth_type"":""mtls"",""fapi_profile"":""plain_fapi"",""fapi_request_method"":""unsigned"",""fapi_response_mode"":""plain_response"",""openid"":""openid_connect"",""sender_constrain"":""dpop""}"
initial-unaffected,bad5174d5f6609ef4d43aec54aacb1e3b8688cad,62470460ca0c98db2731617d2b1b7de3c6974832,fapi-security-code-p018,gMSnJR7ixI6H6,Hz5wPvvfgacVUey,fapi2-security-profile-final-ensure-authorization-request-with-64-char-nonce-success,True,FINISHED,PASSED,PASSED,"{""client_auth_type"":""mtls"",""fapi_profile"":""plain_fapi"",""fapi_request_method"":""unsigned"",""fapi_response_mode"":""plain_response"",""openid"":""openid_connect"",""sender_constrain"":""dpop""}"
initial-unaffected,bad5174d5f6609ef4d43aec54aacb1e3b8688cad,62470460ca0c98db2731617d2b1b7de3c6974832,fapi-security-code-p018,gMSnJR7ixI6H6,FW0JrV2JpLSaXK8,fapi2-security-profile-final-ensure-other-scope-order-succeeds,True,FINISHED,PASSED,PASSED,"{""client_auth_type"":""mtls"",""fapi_profile"":""plain_fapi"",""fapi_request_method"":""unsigned"",""fapi_response_mode"":""plain_response"",""openid"":""openid_connect"",""sender_constrain"":""dpop""}"
initial-unaffected,bad5174d5f6609ef4d43aec54aacb1e3b8688cad,62470460ca0c98db2731617d2b1b7de3c6974832,fapi-security-code-p018,gMSnJR7ixI6H6,WvLrRM8WQCRUs1x,fapi2-security-profile-final-test-claims-parameter-identity-claims,True,FINISHED,PASSED,PASSED,"{""client_auth_type"":""mtls"",""fapi_profile"":""plain_fapi"",""fapi_request_method"":""unsigned"",""fapi_response_mode"":""plain_response"",""openid"":""openid_connect"",""sender_constrain"":""dpop""}"
initial-unaffected,bad5174d5f6609ef4d43aec54aacb1e3b8688cad,62470460ca0c98db2731617d2b1b7de3c6974832,fapi-security-code-p018,gMSnJR7ixI6H6,BQgmral2Reee8Kt,fapi2-security-profile-final-access-token-type-header-case-sensitivity,True,FINISHED,PASSED,PASSED,"{""client_auth_type"":""mtls"",""fapi_profile"":""plain_fapi"",""fapi_request_method"":""unsigned"",""fapi_response_mode"":""plain_response"",""openid"":""openid_connect"",""sender_constrain"":""dpop""}"
initial-unaffected,bad5174d5f6609ef4d43aec54aacb1e3b8688cad,62470460ca0c98db2731617d2b1b7de3c6974832,fapi-security-code-p018,gMSnJR7ixI6H6,EeRymGe48YpJbKm,fapi2-security-profile-final-check-dpop-proof-nbf-exp,True,FINISHED,PASSED,PASSED,"{""client_auth_type"":""mtls"",""fapi_profile"":""plain_fapi"",""fapi_request_method"":""unsigned"",""fapi_response_mode"":""plain_response"",""openid"":""openid_connect"",""sender_constrain"":""dpop""}"
initial-unaffected,bad5174d5f6609ef4d43aec54aacb1e3b8688cad,62470460ca0c98db2731617d2b1b7de3c6974832,fapi-security-code-p018,gMSnJR7ixI6H6,XBJCmaKSbAy3FE5,fapi2-security-profile-final-ensure-dpopproof-with-iat-10seconds-before-succeeds,True,FINISHED,PASSED,PASSED,"{""client_auth_type"":""mtls"",""fapi_profile"":""plain_fapi"",""fapi_request_method"":""unsigned"",""fapi_response_mode"":""plain_response"",""openid"":""openid_connect"",""sender_constrain"":""dpop""}"
initial-unaffected,bad5174d5f6609ef4d43aec54aacb1e3b8688cad,62470460ca0c98db2731617d2b1b7de3c6974832,fapi-security-code-p018,gMSnJR7ixI6H6,wuFyLEfzPo5Nf4g,fapi2-security-profile-final-ensure-dpopproof-with-iat-10seconds-after-succeeds,True,FINISHED,PASSED,PASSED,"{""client_auth_type"":""mtls"",""fapi_profile"":""plain_fapi"",""fapi_request_method"":""unsigned"",""fapi_response_mode"":""plain_response"",""openid"":""openid_connect"",""sender_constrain"":""dpop""}"
initial-unaffected,bad5174d5f6609ef4d43aec54aacb1e3b8688cad,62470460ca0c98db2731617d2b1b7de3c6974832,fapi-security-code-p018,gMSnJR7ixI6H6,3BHv4dR4UfNnHsc,fapi2-security-profile-final-ensure-mismatched-dpop-jkt-fails,True,FINISHED,PASSED,PASSED,"{""client_auth_type"":""mtls"",""fapi_profile"":""plain_fapi"",""fapi_request_method"":""unsigned"",""fapi_response_mode"":""plain_response"",""openid"":""openid_connect"",""sender_constrain"":""dpop""}"
initial-unaffected,bad5174d5f6609ef4d43aec54aacb1e3b8688cad,62470460ca0c98db2731617d2b1b7de3c6974832,fapi-security-code-p018,gMSnJR7ixI6H6,wqSLxNYoDy9MapZ,fapi2-security-profile-final-ensure-token-endpoint-fails-with-mismatched-dpop-proof-jkt,True,FINISHED,PASSED,PASSED,"{""client_auth_type"":""mtls"",""fapi_profile"":""plain_fapi"",""fapi_request_method"":""unsigned"",""fapi_response_mode"":""plain_response"",""openid"":""openid_connect"",""sender_constrain"":""dpop""}"
initial-unaffected,bad5174d5f6609ef4d43aec54aacb1e3b8688cad,62470460ca0c98db2731617d2b1b7de3c6974832,fapi-security-code-p018,gMSnJR7ixI6H6,HKClNHQiSKvi1F4,fapi2-security-profile-final-ensure-token-endpoint-fails-with-mismatched-dpop-jkt,True,FINISHED,PASSED,PASSED,"{""client_auth_type"":""mtls"",""fapi_profile"":""plain_fapi"",""fapi_request_method"":""unsigned"",""fapi_response_mode"":""plain_response"",""openid"":""openid_connect"",""sender_constrain"":""dpop""}"
initial-unaffected,bad5174d5f6609ef4d43aec54aacb1e3b8688cad,62470460ca0c98db2731617d2b1b7de3c6974832,fapi-security-code-p018,gMSnJR7ixI6H6,F7QZDEJoIPoLBlO,fapi2-security-profile-final-ensure-dpopproof-at-par-endpoint-binding-success,True,FINISHED,PASSED,PASSED,"{""client_auth_type"":""mtls"",""fapi_profile"":""plain_fapi"",""fapi_request_method"":""unsigned"",""fapi_response_mode"":""plain_response"",""openid"":""openid_connect"",""sender_constrain"":""dpop""}"
initial-unaffected,bad5174d5f6609ef4d43aec54aacb1e3b8688cad,62470460ca0c98db2731617d2b1b7de3c6974832,fapi-security-code-p018,gMSnJR7ixI6H6,S3Du5oRAHwD6auE,fapi2-security-profile-final-ensure-dpop-auth-code-binding-success,True,FINISHED,PASSED,PASSED,"{""client_auth_type"":""mtls"",""fapi_profile"":""plain_fapi"",""fapi_request_method"":""unsigned"",""fapi_response_mode"":""plain_response"",""openid"":""openid_connect"",""sender_constrain"":""dpop""}"
initial-unaffected,bad5174d5f6609ef4d43aec54aacb1e3b8688cad,62470460ca0c98db2731617d2b1b7de3c6974832,fapi-security-code-p018,gMSnJR7ixI6H6,aGU0wCzQvug9BDy,fapi2-security-profile-final-ensure-different-nonce-inside-and-outside-request-object,True,FINISHED,PASSED,PASSED,"{""client_auth_type"":""mtls"",""fapi_profile"":""plain_fapi"",""fapi_request_method"":""unsigned"",""fapi_response_mode"":""plain_response"",""openid"":""openid_connect"",""sender_constrain"":""dpop""}"
initial-unaffected,bad5174d5f6609ef4d43aec54aacb1e3b8688cad,62470460ca0c98db2731617d2b1b7de3c6974832,fapi-security-code-p018,gMSnJR7ixI6H6,Q47m0jrTihRr5n6,fapi2-security-profile-final-ensure-different-state-inside-and-outside-request-object,True,FINISHED,PASSED,PASSED,"{""client_auth_type"":""mtls"",""fapi_profile"":""plain_fapi"",""fapi_request_method"":""unsigned"",""fapi_response_mode"":""plain_response"",""openid"":""openid_connect"",""sender_constrain"":""dpop""}"
initial-unaffected,bad5174d5f6609ef4d43aec54aacb1e3b8688cad,62470460ca0c98db2731617d2b1b7de3c6974832,fapi-security-code-p018,gMSnJR7ixI6H6,18LKJ3h0VD9OnaM,fapi2-security-profile-final-ensure-authorization-request-with-long-nonce,True,FINISHED,PASSED,PASSED,"{""client_auth_type"":""mtls"",""fapi_profile"":""plain_fapi"",""fapi_request_method"":""unsigned"",""fapi_response_mode"":""plain_response"",""openid"":""openid_connect"",""sender_constrain"":""dpop""}"
initial-unaffected,bad5174d5f6609ef4d43aec54aacb1e3b8688cad,62470460ca0c98db2731617d2b1b7de3c6974832,fapi-security-code-p018,gMSnJR7ixI6H6,agra00705LY0pOO,fapi2-security-profile-final-ensure-authorization-request-with-long-state,True,FINISHED,PASSED,PASSED,"{""client_auth_type"":""mtls"",""fapi_profile"":""plain_fapi"",""fapi_request_method"":""unsigned"",""fapi_response_mode"":""plain_response"",""openid"":""openid_connect"",""sender_constrain"":""dpop""}"
initial-unaffected,bad5174d5f6609ef4d43aec54aacb1e3b8688cad,62470460ca0c98db2731617d2b1b7de3c6974832,fapi-security-code-p018,gMSnJR7ixI6H6,ZjXrzGIPdbAZsou,fapi2-security-profile-final-state-only-outside-request-object-not-used,True,FINISHED,PASSED,PASSED,"{""client_auth_type"":""mtls"",""fapi_profile"":""plain_fapi"",""fapi_request_method"":""unsigned"",""fapi_response_mode"":""plain_response"",""openid"":""openid_connect"",""sender_constrain"":""dpop""}"
initial-unaffected,bad5174d5f6609ef4d43aec54aacb1e3b8688cad,62470460ca0c98db2731617d2b1b7de3c6974832,fapi-security-code-p018,gMSnJR7ixI6H6,tRkRJ2JKzhhpdYu,fapi2-security-profile-final-ensure-request-object-without-redirect-uri-fails,True,FINISHED,PASSED,PASSED,"{""client_auth_type"":""mtls"",""fapi_profile"":""plain_fapi"",""fapi_request_method"":""unsigned"",""fapi_response_mode"":""plain_response"",""openid"":""openid_connect"",""sender_constrain"":""dpop""}"
initial-unaffected,bad5174d5f6609ef4d43aec54aacb1e3b8688cad,62470460ca0c98db2731617d2b1b7de3c6974832,fapi-security-code-p018,gMSnJR7ixI6H6,AmbS4gQHBVpazvE,fapi2-security-profile-final-plain-fapi-tolerate-unregistered-redirect-uri,True,FINISHED,PASSED,PASSED,"{""client_auth_type"":""mtls"",""fapi_profile"":""plain_fapi"",""fapi_request_method"":""unsigned"",""fapi_response_mode"":""plain_response"",""openid"":""openid_connect"",""sender_constrain"":""dpop""}"
initial-unaffected,bad5174d5f6609ef4d43aec54aacb1e3b8688cad,62470460ca0c98db2731617d2b1b7de3c6974832,fapi-security-code-p018,gMSnJR7ixI6H6,8pxvewFHbyJ0G4C,fapi2-security-profile-final-ensure-unsigned-authorization-request-without-using-par-fails,True,FINISHED,PASSED,PASSED,"{""client_auth_type"":""mtls"",""fapi_profile"":""plain_fapi"",""fapi_request_method"":""unsigned"",""fapi_response_mode"":""plain_response"",""openid"":""openid_connect"",""sender_constrain"":""dpop""}"
initial-unaffected,bad5174d5f6609ef4d43aec54aacb1e3b8688cad,62470460ca0c98db2731617d2b1b7de3c6974832,fapi-security-code-p018,gMSnJR7ixI6H6,e6hLoNUzbpDrB1S,fapi2-security-profile-final-ensure-redirect-uri-in-authorization-request,True,FINISHED,PASSED,PASSED,"{""client_auth_type"":""mtls"",""fapi_profile"":""plain_fapi"",""fapi_request_method"":""unsigned"",""fapi_response_mode"":""plain_response"",""openid"":""openid_connect"",""sender_constrain"":""dpop""}"
initial-unaffected,bad5174d5f6609ef4d43aec54aacb1e3b8688cad,62470460ca0c98db2731617d2b1b7de3c6974832,fapi-security-code-p018,gMSnJR7ixI6H6,hJHQVfQzj2cqt9k,fapi2-security-profile-final-ensure-response-type-code-idtoken-fails,True,FINISHED,PASSED,PASSED,"{""client_auth_type"":""mtls"",""fapi_profile"":""plain_fapi"",""fapi_request_method"":""unsigned"",""fapi_response_mode"":""plain_response"",""openid"":""openid_connect"",""sender_constrain"":""dpop""}"
initial-unaffected,bad5174d5f6609ef4d43aec54aacb1e3b8688cad,62470460ca0c98db2731617d2b1b7de3c6974832,fapi-security-code-p018,gMSnJR7ixI6H6,0Blm0mtiMIhgtj3,fapi2-security-profile-final-ensure-response-type-token-fails,True,FINISHED,PASSED,PASSED,"{""client_auth_type"":""mtls"",""fapi_profile"":""plain_fapi"",""fapi_request_method"":""unsigned"",""fapi_response_mode"":""plain_response"",""openid"":""openid_connect"",""sender_constrain"":""dpop""}"
initial-unaffected,bad5174d5f6609ef4d43aec54aacb1e3b8688cad,62470460ca0c98db2731617d2b1b7de3c6974832,fapi-security-code-p018,gMSnJR7ixI6H6,m8XdMIS0fzmWopX,fapi2-security-profile-final-ensure-client-id-in-token-endpoint,True,FINISHED,PASSED,PASSED,"{""client_auth_type"":""mtls"",""fapi_profile"":""plain_fapi"",""fapi_request_method"":""unsigned"",""fapi_response_mode"":""plain_response"",""openid"":""openid_connect"",""sender_constrain"":""dpop""}"
initial-unaffected,bad5174d5f6609ef4d43aec54aacb1e3b8688cad,62470460ca0c98db2731617d2b1b7de3c6974832,fapi-security-code-p018,gMSnJR7ixI6H6,iDGnODfbHEOUTP1,fapi2-security-profile-final-ensure-holder-of-key-required,True,FINISHED,PASSED,PASSED,"{""client_auth_type"":""mtls"",""fapi_profile"":""plain_fapi"",""fapi_request_method"":""unsigned"",""fapi_response_mode"":""plain_response"",""openid"":""openid_connect"",""sender_constrain"":""dpop""}"
initial-unaffected,bad5174d5f6609ef4d43aec54aacb1e3b8688cad,62470460ca0c98db2731617d2b1b7de3c6974832,fapi-security-code-p018,gMSnJR7ixI6H6,VZJiLx4LB4rjsZh,fapi2-security-profile-final-ensure-authorization-code-is-bound-to-client,True,FINISHED,PASSED,PASSED,"{""client_auth_type"":""mtls"",""fapi_profile"":""plain_fapi"",""fapi_request_method"":""unsigned"",""fapi_response_mode"":""plain_response"",""openid"":""openid_connect"",""sender_constrain"":""dpop""}"
initial-unaffected,bad5174d5f6609ef4d43aec54aacb1e3b8688cad,62470460ca0c98db2731617d2b1b7de3c6974832,fapi-security-code-p018,gMSnJR7ixI6H6,k5TMsMcFKLkZS2f,fapi2-security-profile-final-attempt-reuse-authorization-code-after-one-second,True,FINISHED,PASSED,PASSED,"{""client_auth_type"":""mtls"",""fapi_profile"":""plain_fapi"",""fapi_request_method"":""unsigned"",""fapi_response_mode"":""plain_response"",""openid"":""openid_connect"",""sender_constrain"":""dpop""}"
initial-unaffected,bad5174d5f6609ef4d43aec54aacb1e3b8688cad,62470460ca0c98db2731617d2b1b7de3c6974832,fapi-security-code-p018,gMSnJR7ixI6H6,eNnBjiLdztOQZEy,fapi2-security-profile-final-ensure-token-endpoint-fails-with-expired-auth-code,True,FINISHED,PASSED,PASSED,"{""client_auth_type"":""mtls"",""fapi_profile"":""plain_fapi"",""fapi_request_method"":""unsigned"",""fapi_response_mode"":""plain_response"",""openid"":""openid_connect"",""sender_constrain"":""dpop""}"
initial-unaffected,bad5174d5f6609ef4d43aec54aacb1e3b8688cad,62470460ca0c98db2731617d2b1b7de3c6974832,fapi-security-code-p018,gMSnJR7ixI6H6,WaVi9wvmdowl2wm,fapi2-security-profile-final-dpop-negative-tests,True,FINISHED,PASSED,PASSED,"{""client_auth_type"":""mtls"",""fapi_profile"":""plain_fapi"",""fapi_request_method"":""unsigned"",""fapi_response_mode"":""plain_response"",""openid"":""openid_connect"",""sender_constrain"":""dpop""}"
initial-unaffected,bad5174d5f6609ef4d43aec54aacb1e3b8688cad,62470460ca0c98db2731617d2b1b7de3c6974832,fapi-security-code-p018,gMSnJR7ixI6H6,zsKZn5qWGpLfmrD,fapi2-security-profile-final-refresh-token,True,FINISHED,PASSED,PASSED,"{""client_auth_type"":""mtls"",""fapi_profile"":""plain_fapi"",""fapi_request_method"":""unsigned"",""fapi_response_mode"":""plain_response"",""openid"":""openid_connect"",""sender_constrain"":""dpop""}"
initial-unaffected,bad5174d5f6609ef4d43aec54aacb1e3b8688cad,62470460ca0c98db2731617d2b1b7de3c6974832,fapi-security-code-p018,gMSnJR7ixI6H6,vS63QNrJkHs0ClV,fapi2-security-profile-final-par-ensure-reused-request-uri-prior-to-auth-completion-succeeds,True,FINISHED,PASSED,PASSED,"{""client_auth_type"":""mtls"",""fapi_profile"":""plain_fapi"",""fapi_request_method"":""unsigned"",""fapi_response_mode"":""plain_response"",""openid"":""openid_connect"",""sender_constrain"":""dpop""}"
initial-unaffected,bad5174d5f6609ef4d43aec54aacb1e3b8688cad,62470460ca0c98db2731617d2b1b7de3c6974832,fapi-security-code-p018,gMSnJR7ixI6H6,SfnB6POJql1k4uY,fapi2-security-profile-final-par-attempt-reuse-request_uri,True,FINISHED,PASSED,PASSED,"{""client_auth_type"":""mtls"",""fapi_profile"":""plain_fapi"",""fapi_request_method"":""unsigned"",""fapi_response_mode"":""plain_response"",""openid"":""openid_connect"",""sender_constrain"":""dpop""}"
initial-unaffected,bad5174d5f6609ef4d43aec54aacb1e3b8688cad,62470460ca0c98db2731617d2b1b7de3c6974832,fapi-security-code-p018,gMSnJR7ixI6H6,nRdhH6KXwx2sTsj,fapi2-security-profile-final-par-attempt-to-use-expired-request_uri,True,FINISHED,PASSED,PASSED,"{""client_auth_type"":""mtls"",""fapi_profile"":""plain_fapi"",""fapi_request_method"":""unsigned"",""fapi_response_mode"":""plain_response"",""openid"":""openid_connect"",""sender_constrain"":""dpop""}"
initial-unaffected,bad5174d5f6609ef4d43aec54aacb1e3b8688cad,62470460ca0c98db2731617d2b1b7de3c6974832,fapi-security-code-p018,gMSnJR7ixI6H6,D4ug4aka1zZidBF,fapi2-security-profile-final-par-attempt-to-use-request_uri-for-different-client,True,FINISHED,PASSED,PASSED,"{""client_auth_type"":""mtls"",""fapi_profile"":""plain_fapi"",""fapi_request_method"":""unsigned"",""fapi_response_mode"":""plain_response"",""openid"":""openid_connect"",""sender_constrain"":""dpop""}"
initial-unaffected,bad5174d5f6609ef4d43aec54aacb1e3b8688cad,62470460ca0c98db2731617d2b1b7de3c6974832,fapi-security-code-p018,gMSnJR7ixI6H6,T20pLlsZ5epmeT5,fapi2-security-profile-final-par-authorization-request-containing-request_uri-form-param,True,FINISHED,PASSED,PASSED,"{""client_auth_type"":""mtls"",""fapi_profile"":""plain_fapi"",""fapi_request_method"":""unsigned"",""fapi_response_mode"":""plain_response"",""openid"":""openid_connect"",""sender_constrain"":""dpop""}"
initial-unaffected,bad5174d5f6609ef4d43aec54aacb1e3b8688cad,62470460ca0c98db2731617d2b1b7de3c6974832,fapi-security-code-p018,gMSnJR7ixI6H6,10EnuBpfc8kWkrY,fapi2-security-profile-final-par-attempt-invalid-http-method,True,FINISHED,PASSED,PASSED,"{""client_auth_type"":""mtls"",""fapi_profile"":""plain_fapi"",""fapi_request_method"":""unsigned"",""fapi_response_mode"":""plain_response"",""openid"":""openid_connect"",""sender_constrain"":""dpop""}"
initial-unaffected,bad5174d5f6609ef4d43aec54aacb1e3b8688cad,62470460ca0c98db2731617d2b1b7de3c6974832,fapi-security-code-p018,gMSnJR7ixI6H6,IM3ABQFlFcAb6RI,fapi2-security-profile-final-par-ensure-pkce-required,True,FINISHED,PASSED,PASSED,"{""client_auth_type"":""mtls"",""fapi_profile"":""plain_fapi"",""fapi_request_method"":""unsigned"",""fapi_response_mode"":""plain_response"",""openid"":""openid_connect"",""sender_constrain"":""dpop""}"
initial-unaffected,bad5174d5f6609ef4d43aec54aacb1e3b8688cad,62470460ca0c98db2731617d2b1b7de3c6974832,fapi-security-code-p018,gMSnJR7ixI6H6,AtR6yDEPtX947W8,fapi2-security-profile-final-ensure-pkce-code-verifier-required,True,FINISHED,PASSED,PASSED,"{""client_auth_type"":""mtls"",""fapi_profile"":""plain_fapi"",""fapi_request_method"":""unsigned"",""fapi_response_mode"":""plain_response"",""openid"":""openid_connect"",""sender_constrain"":""dpop""}"
initial-unaffected,bad5174d5f6609ef4d43aec54aacb1e3b8688cad,62470460ca0c98db2731617d2b1b7de3c6974832,fapi-security-code-p018,gMSnJR7ixI6H6,jrdvI2oBm8tPE5H,fapi2-security-profile-final-incorrect-pkce-code-verifier-rejected,True,FINISHED,PASSED,PASSED,"{""client_auth_type"":""mtls"",""fapi_profile"":""plain_fapi"",""fapi_request_method"":""unsigned"",""fapi_response_mode"":""plain_response"",""openid"":""openid_connect"",""sender_constrain"":""dpop""}"
initial-unaffected,bad5174d5f6609ef4d43aec54aacb1e3b8688cad,62470460ca0c98db2731617d2b1b7de3c6974832,fapi-security-code-p018,gMSnJR7ixI6H6,OpzKAHEWricA2qu,fapi2-security-profile-final-par-plain-pkce-rejected,True,FINISHED,PASSED,PASSED,"{""client_auth_type"":""mtls"",""fapi_profile"":""plain_fapi"",""fapi_request_method"":""unsigned"",""fapi_response_mode"":""plain_response"",""openid"":""openid_connect"",""sender_constrain"":""dpop""}"
initial-unaffected,bad5174d5f6609ef4d43aec54aacb1e3b8688cad,62470460ca0c98db2731617d2b1b7de3c6974832,fapi-security-code-p018,gMSnJR7ixI6H6,lP7dgW2UkfX6m0b,fapi2-security-profile-final-par-without-duplicate-parameters,True,FINISHED,PASSED,PASSED,"{""client_auth_type"":""mtls"",""fapi_profile"":""plain_fapi"",""fapi_request_method"":""unsigned"",""fapi_response_mode"":""plain_response"",""openid"":""openid_connect"",""sender_constrain"":""dpop""}"
initial-unaffected,bad5174d5f6609ef4d43aec54aacb1e3b8688cad,62470460ca0c98db2731617d2b1b7de3c6974832,fapi-security-code-p019,90xER9cLPaQ1B,up9jHeCd37cd1rf,fapi2-security-profile-final-discovery-end-point-verification,True,FINISHED,PASSED,PASSED,"{""client_auth_type"":""mtls"",""fapi_profile"":""plain_fapi"",""fapi_request_method"":""unsigned"",""fapi_response_mode"":""plain_response"",""openid"":""plain_oauth"",""sender_constrain"":""dpop""}"
initial-unaffected,bad5174d5f6609ef4d43aec54aacb1e3b8688cad,62470460ca0c98db2731617d2b1b7de3c6974832,fapi-security-code-p019,90xER9cLPaQ1B,bTIW2WEptGGmnAa,fapi2-security-profile-final-happy-flow,True,FINISHED,WARNING,WARNING,"{""client_auth_type"":""mtls"",""fapi_profile"":""plain_fapi"",""fapi_request_method"":""unsigned"",""fapi_response_mode"":""plain_response"",""openid"":""plain_oauth"",""sender_constrain"":""dpop""}"
initial-unaffected,bad5174d5f6609ef4d43aec54aacb1e3b8688cad,62470460ca0c98db2731617d2b1b7de3c6974832,fapi-security-code-p019,90xER9cLPaQ1B,WhVoevJ4DxkhBGR,fapi2-security-profile-final-user-rejects-authentication,True,FINISHED,PASSED,PASSED,"{""client_auth_type"":""mtls"",""fapi_profile"":""plain_fapi"",""fapi_request_method"":""unsigned"",""fapi_response_mode"":""plain_response"",""openid"":""plain_oauth"",""sender_constrain"":""dpop""}"
initial-unaffected,bad5174d5f6609ef4d43aec54aacb1e3b8688cad,62470460ca0c98db2731617d2b1b7de3c6974832,fapi-security-code-p019,90xER9cLPaQ1B,7O5PRDedtQzT0ev,fapi2-security-profile-final-ensure-authorization-request-without-state-success,True,FINISHED,PASSED,PASSED,"{""client_auth_type"":""mtls"",""fapi_profile"":""plain_fapi"",""fapi_request_method"":""unsigned"",""fapi_response_mode"":""plain_response"",""openid"":""plain_oauth"",""sender_constrain"":""dpop""}"
initial-unaffected,bad5174d5f6609ef4d43aec54aacb1e3b8688cad,62470460ca0c98db2731617d2b1b7de3c6974832,fapi-security-code-p019,90xER9cLPaQ1B,Wr0u1e88yQbhMkn,fapi2-security-profile-final-access-token-type-header-case-sensitivity,True,FINISHED,PASSED,PASSED,"{""client_auth_type"":""mtls"",""fapi_profile"":""plain_fapi"",""fapi_request_method"":""unsigned"",""fapi_response_mode"":""plain_response"",""openid"":""plain_oauth"",""sender_constrain"":""dpop""}"
initial-unaffected,bad5174d5f6609ef4d43aec54aacb1e3b8688cad,62470460ca0c98db2731617d2b1b7de3c6974832,fapi-security-code-p019,90xER9cLPaQ1B,5cnNRfttlV65RjK,fapi2-security-profile-final-check-dpop-proof-nbf-exp,True,FINISHED,PASSED,PASSED,"{""client_auth_type"":""mtls"",""fapi_profile"":""plain_fapi"",""fapi_request_method"":""unsigned"",""fapi_response_mode"":""plain_response"",""openid"":""plain_oauth"",""sender_constrain"":""dpop""}"
initial-unaffected,bad5174d5f6609ef4d43aec54aacb1e3b8688cad,62470460ca0c98db2731617d2b1b7de3c6974832,fapi-security-code-p019,90xER9cLPaQ1B,Yg85KoxllwtvtyA,fapi2-security-profile-final-ensure-dpopproof-with-iat-10seconds-before-succeeds,True,FINISHED,PASSED,PASSED,"{""client_auth_type"":""mtls"",""fapi_profile"":""plain_fapi"",""fapi_request_method"":""unsigned"",""fapi_response_mode"":""plain_response"",""openid"":""plain_oauth"",""sender_constrain"":""dpop""}"
initial-unaffected,bad5174d5f6609ef4d43aec54aacb1e3b8688cad,62470460ca0c98db2731617d2b1b7de3c6974832,fapi-security-code-p019,90xER9cLPaQ1B,WeoaxiRGj7Ap4AS,fapi2-security-profile-final-ensure-dpopproof-with-iat-10seconds-after-succeeds,True,FINISHED,PASSED,PASSED,"{""client_auth_type"":""mtls"",""fapi_profile"":""plain_fapi"",""fapi_request_method"":""unsigned"",""fapi_response_mode"":""plain_response"",""openid"":""plain_oauth"",""sender_constrain"":""dpop""}"
initial-unaffected,bad5174d5f6609ef4d43aec54aacb1e3b8688cad,62470460ca0c98db2731617d2b1b7de3c6974832,fapi-security-code-p019,90xER9cLPaQ1B,CdQNUPHM3wOGiX1,fapi2-security-profile-final-ensure-mismatched-dpop-jkt-fails,True,FINISHED,PASSED,PASSED,"{""client_auth_type"":""mtls"",""fapi_profile"":""plain_fapi"",""fapi_request_method"":""unsigned"",""fapi_response_mode"":""plain_response"",""openid"":""plain_oauth"",""sender_constrain"":""dpop""}"
initial-unaffected,bad5174d5f6609ef4d43aec54aacb1e3b8688cad,62470460ca0c98db2731617d2b1b7de3c6974832,fapi-security-code-p019,90xER9cLPaQ1B,18CunkM5AxWIoOk,fapi2-security-profile-final-ensure-token-endpoint-fails-with-mismatched-dpop-proof-jkt,True,FINISHED,PASSED,PASSED,"{""client_auth_type"":""mtls"",""fapi_profile"":""plain_fapi"",""fapi_request_method"":""unsigned"",""fapi_response_mode"":""plain_response"",""openid"":""plain_oauth"",""sender_constrain"":""dpop""}"
initial-unaffected,bad5174d5f6609ef4d43aec54aacb1e3b8688cad,62470460ca0c98db2731617d2b1b7de3c6974832,fapi-security-code-p019,90xER9cLPaQ1B,wGMSEdY81paJax8,fapi2-security-profile-final-ensure-token-endpoint-fails-with-mismatched-dpop-jkt,True,FINISHED,PASSED,PASSED,"{""client_auth_type"":""mtls"",""fapi_profile"":""plain_fapi"",""fapi_request_method"":""unsigned"",""fapi_response_mode"":""plain_response"",""openid"":""plain_oauth"",""sender_constrain"":""dpop""}"
initial-unaffected,bad5174d5f6609ef4d43aec54aacb1e3b8688cad,62470460ca0c98db2731617d2b1b7de3c6974832,fapi-security-code-p019,90xER9cLPaQ1B,Pek7FLTa29LjIiX,fapi2-security-profile-final-ensure-dpopproof-at-par-endpoint-binding-success,True,FINISHED,PASSED,PASSED,"{""client_auth_type"":""mtls"",""fapi_profile"":""plain_fapi"",""fapi_request_method"":""unsigned"",""fapi_response_mode"":""plain_response"",""openid"":""plain_oauth"",""sender_constrain"":""dpop""}"
initial-unaffected,bad5174d5f6609ef4d43aec54aacb1e3b8688cad,62470460ca0c98db2731617d2b1b7de3c6974832,fapi-security-code-p019,90xER9cLPaQ1B,jrZGyiyRj8P74zf,fapi2-security-profile-final-ensure-dpop-auth-code-binding-success,True,FINISHED,PASSED,PASSED,"{""client_auth_type"":""mtls"",""fapi_profile"":""plain_fapi"",""fapi_request_method"":""unsigned"",""fapi_response_mode"":""plain_response"",""openid"":""plain_oauth"",""sender_constrain"":""dpop""}"
initial-unaffected,bad5174d5f6609ef4d43aec54aacb1e3b8688cad,62470460ca0c98db2731617d2b1b7de3c6974832,fapi-security-code-p019,90xER9cLPaQ1B,mKkY2iY0j3dtBDr,fapi2-security-profile-final-ensure-different-state-inside-and-outside-request-object,True,FINISHED,PASSED,PASSED,"{""client_auth_type"":""mtls"",""fapi_profile"":""plain_fapi"",""fapi_request_method"":""unsigned"",""fapi_response_mode"":""plain_response"",""openid"":""plain_oauth"",""sender_constrain"":""dpop""}"
initial-unaffected,bad5174d5f6609ef4d43aec54aacb1e3b8688cad,62470460ca0c98db2731617d2b1b7de3c6974832,fapi-security-code-p019,90xER9cLPaQ1B,ogSTyLDJ85HdysO,fapi2-security-profile-final-ensure-authorization-request-with-long-state,True,FINISHED,PASSED,PASSED,"{""client_auth_type"":""mtls"",""fapi_profile"":""plain_fapi"",""fapi_request_method"":""unsigned"",""fapi_response_mode"":""plain_response"",""openid"":""plain_oauth"",""sender_constrain"":""dpop""}"
initial-unaffected,bad5174d5f6609ef4d43aec54aacb1e3b8688cad,62470460ca0c98db2731617d2b1b7de3c6974832,fapi-security-code-p019,90xER9cLPaQ1B,2ThKfP31FsBxkjI,fapi2-security-profile-final-state-only-outside-request-object-not-used,True,FINISHED,PASSED,PASSED,"{""client_auth_type"":""mtls"",""fapi_profile"":""plain_fapi"",""fapi_request_method"":""unsigned"",""fapi_response_mode"":""plain_response"",""openid"":""plain_oauth"",""sender_constrain"":""dpop""}"
initial-unaffected,bad5174d5f6609ef4d43aec54aacb1e3b8688cad,62470460ca0c98db2731617d2b1b7de3c6974832,fapi-security-code-p019,90xER9cLPaQ1B,TershuBRextaSUS,fapi2-security-profile-final-ensure-request-object-without-redirect-uri-fails,True,FINISHED,PASSED,PASSED,"{""client_auth_type"":""mtls"",""fapi_profile"":""plain_fapi"",""fapi_request_method"":""unsigned"",""fapi_response_mode"":""plain_response"",""openid"":""plain_oauth"",""sender_constrain"":""dpop""}"
initial-unaffected,bad5174d5f6609ef4d43aec54aacb1e3b8688cad,62470460ca0c98db2731617d2b1b7de3c6974832,fapi-security-code-p019,90xER9cLPaQ1B,JHC2phPobxzd19H,fapi2-security-profile-final-plain-fapi-tolerate-unregistered-redirect-uri,True,FINISHED,PASSED,PASSED,"{""client_auth_type"":""mtls"",""fapi_profile"":""plain_fapi"",""fapi_request_method"":""unsigned"",""fapi_response_mode"":""plain_response"",""openid"":""plain_oauth"",""sender_constrain"":""dpop""}"
initial-unaffected,bad5174d5f6609ef4d43aec54aacb1e3b8688cad,62470460ca0c98db2731617d2b1b7de3c6974832,fapi-security-code-p019,90xER9cLPaQ1B,YBdHadjNwLP7HNN,fapi2-security-profile-final-ensure-unsigned-authorization-request-without-using-par-fails,True,FINISHED,PASSED,PASSED,"{""client_auth_type"":""mtls"",""fapi_profile"":""plain_fapi"",""fapi_request_method"":""unsigned"",""fapi_response_mode"":""plain_response"",""openid"":""plain_oauth"",""sender_constrain"":""dpop""}"
initial-unaffected,bad5174d5f6609ef4d43aec54aacb1e3b8688cad,62470460ca0c98db2731617d2b1b7de3c6974832,fapi-security-code-p019,90xER9cLPaQ1B,0aHcwyTQd5IgG99,fapi2-security-profile-final-ensure-redirect-uri-in-authorization-request,True,FINISHED,PASSED,PASSED,"{""client_auth_type"":""mtls"",""fapi_profile"":""plain_fapi"",""fapi_request_method"":""unsigned"",""fapi_response_mode"":""plain_response"",""openid"":""plain_oauth"",""sender_constrain"":""dpop""}"
initial-unaffected,bad5174d5f6609ef4d43aec54aacb1e3b8688cad,62470460ca0c98db2731617d2b1b7de3c6974832,fapi-security-code-p019,90xER9cLPaQ1B,uVyyTDWNs48szZU,fapi2-security-profile-final-ensure-response-type-code-idtoken-fails,True,FINISHED,PASSED,PASSED,"{""client_auth_type"":""mtls"",""fapi_profile"":""plain_fapi"",""fapi_request_method"":""unsigned"",""fapi_response_mode"":""plain_response"",""openid"":""plain_oauth"",""sender_constrain"":""dpop""}"
initial-unaffected,bad5174d5f6609ef4d43aec54aacb1e3b8688cad,62470460ca0c98db2731617d2b1b7de3c6974832,fapi-security-code-p019,90xER9cLPaQ1B,0m34syfYKWhkn3A,fapi2-security-profile-final-ensure-response-type-token-fails,True,FINISHED,PASSED,PASSED,"{""client_auth_type"":""mtls"",""fapi_profile"":""plain_fapi"",""fapi_request_method"":""unsigned"",""fapi_response_mode"":""plain_response"",""openid"":""plain_oauth"",""sender_constrain"":""dpop""}"
initial-unaffected,bad5174d5f6609ef4d43aec54aacb1e3b8688cad,62470460ca0c98db2731617d2b1b7de3c6974832,fapi-security-code-p019,90xER9cLPaQ1B,z7rRabdPE1b6Yco,fapi2-security-profile-final-ensure-client-id-in-token-endpoint,True,FINISHED,PASSED,PASSED,"{""client_auth_type"":""mtls"",""fapi_profile"":""plain_fapi"",""fapi_request_method"":""unsigned"",""fapi_response_mode"":""plain_response"",""openid"":""plain_oauth"",""sender_constrain"":""dpop""}"
initial-unaffected,bad5174d5f6609ef4d43aec54aacb1e3b8688cad,62470460ca0c98db2731617d2b1b7de3c6974832,fapi-security-code-p019,90xER9cLPaQ1B,S5JEuzkzGipbNTs,fapi2-security-profile-final-ensure-holder-of-key-required,True,FINISHED,PASSED,PASSED,"{""client_auth_type"":""mtls"",""fapi_profile"":""plain_fapi"",""fapi_request_method"":""unsigned"",""fapi_response_mode"":""plain_response"",""openid"":""plain_oauth"",""sender_constrain"":""dpop""}"
initial-unaffected,bad5174d5f6609ef4d43aec54aacb1e3b8688cad,62470460ca0c98db2731617d2b1b7de3c6974832,fapi-security-code-p019,90xER9cLPaQ1B,H3DC5GmBQdECci2,fapi2-security-profile-final-ensure-authorization-code-is-bound-to-client,True,FINISHED,PASSED,PASSED,"{""client_auth_type"":""mtls"",""fapi_profile"":""plain_fapi"",""fapi_request_method"":""unsigned"",""fapi_response_mode"":""plain_response"",""openid"":""plain_oauth"",""sender_constrain"":""dpop""}"
initial-unaffected,bad5174d5f6609ef4d43aec54aacb1e3b8688cad,62470460ca0c98db2731617d2b1b7de3c6974832,fapi-security-code-p019,90xER9cLPaQ1B,tgDsULVfsyXH2Yq,fapi2-security-profile-final-attempt-reuse-authorization-code-after-one-second,True,FINISHED,PASSED,PASSED,"{""client_auth_type"":""mtls"",""fapi_profile"":""plain_fapi"",""fapi_request_method"":""unsigned"",""fapi_response_mode"":""plain_response"",""openid"":""plain_oauth"",""sender_constrain"":""dpop""}"
initial-unaffected,bad5174d5f6609ef4d43aec54aacb1e3b8688cad,62470460ca0c98db2731617d2b1b7de3c6974832,fapi-security-code-p019,90xER9cLPaQ1B,B7NA6Clz8xtpMC2,fapi2-security-profile-final-ensure-token-endpoint-fails-with-expired-auth-code,True,FINISHED,PASSED,PASSED,"{""client_auth_type"":""mtls"",""fapi_profile"":""plain_fapi"",""fapi_request_method"":""unsigned"",""fapi_response_mode"":""plain_response"",""openid"":""plain_oauth"",""sender_constrain"":""dpop""}"
initial-unaffected,bad5174d5f6609ef4d43aec54aacb1e3b8688cad,62470460ca0c98db2731617d2b1b7de3c6974832,fapi-security-code-p019,90xER9cLPaQ1B,dw0XyTWJ0bs1kDQ,fapi2-security-profile-final-dpop-negative-tests,True,FINISHED,PASSED,PASSED,"{""client_auth_type"":""mtls"",""fapi_profile"":""plain_fapi"",""fapi_request_method"":""unsigned"",""fapi_response_mode"":""plain_response"",""openid"":""plain_oauth"",""sender_constrain"":""dpop""}"
initial-unaffected,bad5174d5f6609ef4d43aec54aacb1e3b8688cad,62470460ca0c98db2731617d2b1b7de3c6974832,fapi-security-code-p019,90xER9cLPaQ1B,kuIpwJG0yEDj2Oe,fapi2-security-profile-final-refresh-token,True,FINISHED,PASSED,PASSED,"{""client_auth_type"":""mtls"",""fapi_profile"":""plain_fapi"",""fapi_request_method"":""unsigned"",""fapi_response_mode"":""plain_response"",""openid"":""plain_oauth"",""sender_constrain"":""dpop""}"
initial-unaffected,bad5174d5f6609ef4d43aec54aacb1e3b8688cad,62470460ca0c98db2731617d2b1b7de3c6974832,fapi-security-code-p019,90xER9cLPaQ1B,pTOZcMsEKacHZp3,fapi2-security-profile-final-par-ensure-reused-request-uri-prior-to-auth-completion-succeeds,True,FINISHED,PASSED,PASSED,"{""client_auth_type"":""mtls"",""fapi_profile"":""plain_fapi"",""fapi_request_method"":""unsigned"",""fapi_response_mode"":""plain_response"",""openid"":""plain_oauth"",""sender_constrain"":""dpop""}"
initial-unaffected,bad5174d5f6609ef4d43aec54aacb1e3b8688cad,62470460ca0c98db2731617d2b1b7de3c6974832,fapi-security-code-p019,90xER9cLPaQ1B,jZZjrYhzADA9Lzs,fapi2-security-profile-final-par-attempt-reuse-request_uri,True,FINISHED,PASSED,PASSED,"{""client_auth_type"":""mtls"",""fapi_profile"":""plain_fapi"",""fapi_request_method"":""unsigned"",""fapi_response_mode"":""plain_response"",""openid"":""plain_oauth"",""sender_constrain"":""dpop""}"
initial-unaffected,bad5174d5f6609ef4d43aec54aacb1e3b8688cad,62470460ca0c98db2731617d2b1b7de3c6974832,fapi-security-code-p019,90xER9cLPaQ1B,09oNnPOeQLvk4uK,fapi2-security-profile-final-par-attempt-to-use-expired-request_uri,True,FINISHED,PASSED,PASSED,"{""client_auth_type"":""mtls"",""fapi_profile"":""plain_fapi"",""fapi_request_method"":""unsigned"",""fapi_response_mode"":""plain_response"",""openid"":""plain_oauth"",""sender_constrain"":""dpop""}"
initial-unaffected,bad5174d5f6609ef4d43aec54aacb1e3b8688cad,62470460ca0c98db2731617d2b1b7de3c6974832,fapi-security-code-p019,90xER9cLPaQ1B,pxBH7GePYx0cAmW,fapi2-security-profile-final-par-attempt-to-use-request_uri-for-different-client,True,FINISHED,PASSED,PASSED,"{""client_auth_type"":""mtls"",""fapi_profile"":""plain_fapi"",""fapi_request_method"":""unsigned"",""fapi_response_mode"":""plain_response"",""openid"":""plain_oauth"",""sender_constrain"":""dpop""}"
initial-unaffected,bad5174d5f6609ef4d43aec54aacb1e3b8688cad,62470460ca0c98db2731617d2b1b7de3c6974832,fapi-security-code-p019,90xER9cLPaQ1B,B3hfAUJtaGX6jQ1,fapi2-security-profile-final-par-authorization-request-containing-request_uri-form-param,True,FINISHED,PASSED,PASSED,"{""client_auth_type"":""mtls"",""fapi_profile"":""plain_fapi"",""fapi_request_method"":""unsigned"",""fapi_response_mode"":""plain_response"",""openid"":""plain_oauth"",""sender_constrain"":""dpop""}"
initial-unaffected,bad5174d5f6609ef4d43aec54aacb1e3b8688cad,62470460ca0c98db2731617d2b1b7de3c6974832,fapi-security-code-p019,90xER9cLPaQ1B,2MlvA05bFaOAIWn,fapi2-security-profile-final-par-attempt-invalid-http-method,True,FINISHED,PASSED,PASSED,"{""client_auth_type"":""mtls"",""fapi_profile"":""plain_fapi"",""fapi_request_method"":""unsigned"",""fapi_response_mode"":""plain_response"",""openid"":""plain_oauth"",""sender_constrain"":""dpop""}"
initial-unaffected,bad5174d5f6609ef4d43aec54aacb1e3b8688cad,62470460ca0c98db2731617d2b1b7de3c6974832,fapi-security-code-p019,90xER9cLPaQ1B,16nikuND5rqqTiC,fapi2-security-profile-final-par-ensure-pkce-required,True,FINISHED,PASSED,PASSED,"{""client_auth_type"":""mtls"",""fapi_profile"":""plain_fapi"",""fapi_request_method"":""unsigned"",""fapi_response_mode"":""plain_response"",""openid"":""plain_oauth"",""sender_constrain"":""dpop""}"
initial-unaffected,bad5174d5f6609ef4d43aec54aacb1e3b8688cad,62470460ca0c98db2731617d2b1b7de3c6974832,fapi-security-code-p019,90xER9cLPaQ1B,KLCk0zMMJ51f6zE,fapi2-security-profile-final-ensure-pkce-code-verifier-required,True,FINISHED,PASSED,PASSED,"{""client_auth_type"":""mtls"",""fapi_profile"":""plain_fapi"",""fapi_request_method"":""unsigned"",""fapi_response_mode"":""plain_response"",""openid"":""plain_oauth"",""sender_constrain"":""dpop""}"
initial-unaffected,bad5174d5f6609ef4d43aec54aacb1e3b8688cad,62470460ca0c98db2731617d2b1b7de3c6974832,fapi-security-code-p019,90xER9cLPaQ1B,HIEdJZVNjJML3WI,fapi2-security-profile-final-incorrect-pkce-code-verifier-rejected,True,FINISHED,PASSED,PASSED,"{""client_auth_type"":""mtls"",""fapi_profile"":""plain_fapi"",""fapi_request_method"":""unsigned"",""fapi_response_mode"":""plain_response"",""openid"":""plain_oauth"",""sender_constrain"":""dpop""}"
initial-unaffected,bad5174d5f6609ef4d43aec54aacb1e3b8688cad,62470460ca0c98db2731617d2b1b7de3c6974832,fapi-security-code-p019,90xER9cLPaQ1B,o6LktuJiAkHROgJ,fapi2-security-profile-final-par-plain-pkce-rejected,True,FINISHED,PASSED,PASSED,"{""client_auth_type"":""mtls"",""fapi_profile"":""plain_fapi"",""fapi_request_method"":""unsigned"",""fapi_response_mode"":""plain_response"",""openid"":""plain_oauth"",""sender_constrain"":""dpop""}"
initial-unaffected,bad5174d5f6609ef4d43aec54aacb1e3b8688cad,62470460ca0c98db2731617d2b1b7de3c6974832,fapi-security-code-p019,90xER9cLPaQ1B,kClexDGwwNnH2bl,fapi2-security-profile-final-par-without-duplicate-parameters,True,FINISHED,PASSED,PASSED,"{""client_auth_type"":""mtls"",""fapi_profile"":""plain_fapi"",""fapi_request_method"":""unsigned"",""fapi_response_mode"":""plain_response"",""openid"":""plain_oauth"",""sender_constrain"":""dpop""}"
initial-unaffected,bad5174d5f6609ef4d43aec54aacb1e3b8688cad,62470460ca0c98db2731617d2b1b7de3c6974832,fapi-security-code-p020,KW9j0nzpllzV8,vQSgLfqTdaDdRnI,fapi2-security-profile-final-discovery-end-point-verification,True,FINISHED,PASSED,PASSED,"{""client_auth_type"":""mtls"",""fapi_profile"":""plain_fapi"",""fapi_request_method"":""unsigned"",""fapi_response_mode"":""plain_response"",""openid"":""openid_connect"",""sender_constrain"":""mtls""}"
initial-unaffected,bad5174d5f6609ef4d43aec54aacb1e3b8688cad,62470460ca0c98db2731617d2b1b7de3c6974832,fapi-security-code-p020,KW9j0nzpllzV8,dhqOSSchikV58jU,fapi2-security-profile-final-happy-flow,True,FINISHED,PASSED,PASSED,"{""client_auth_type"":""mtls"",""fapi_profile"":""plain_fapi"",""fapi_request_method"":""unsigned"",""fapi_response_mode"":""plain_response"",""openid"":""openid_connect"",""sender_constrain"":""mtls""}"
initial-unaffected,bad5174d5f6609ef4d43aec54aacb1e3b8688cad,62470460ca0c98db2731617d2b1b7de3c6974832,fapi-security-code-p020,KW9j0nzpllzV8,DF5OOSN1cTNoFMJ,fapi2-security-profile-final-user-rejects-authentication,True,FINISHED,PASSED,PASSED,"{""client_auth_type"":""mtls"",""fapi_profile"":""plain_fapi"",""fapi_request_method"":""unsigned"",""fapi_response_mode"":""plain_response"",""openid"":""openid_connect"",""sender_constrain"":""mtls""}"
initial-unaffected,bad5174d5f6609ef4d43aec54aacb1e3b8688cad,62470460ca0c98db2731617d2b1b7de3c6974832,fapi-security-code-p020,KW9j0nzpllzV8,cDQB9iQXyb9DNxX,fapi2-security-profile-final-ensure-authorization-request-without-state-success,True,FINISHED,PASSED,PASSED,"{""client_auth_type"":""mtls"",""fapi_profile"":""plain_fapi"",""fapi_request_method"":""unsigned"",""fapi_response_mode"":""plain_response"",""openid"":""openid_connect"",""sender_constrain"":""mtls""}"
initial-unaffected,bad5174d5f6609ef4d43aec54aacb1e3b8688cad,62470460ca0c98db2731617d2b1b7de3c6974832,fapi-security-code-p020,KW9j0nzpllzV8,GPy02fcwAV0qRwl,fapi2-security-profile-final-ensure-authorization-request-without-nonce-success,True,FINISHED,PASSED,PASSED,"{""client_auth_type"":""mtls"",""fapi_profile"":""plain_fapi"",""fapi_request_method"":""unsigned"",""fapi_response_mode"":""plain_response"",""openid"":""openid_connect"",""sender_constrain"":""mtls""}"
initial-unaffected,bad5174d5f6609ef4d43aec54aacb1e3b8688cad,62470460ca0c98db2731617d2b1b7de3c6974832,fapi-security-code-p020,KW9j0nzpllzV8,bA8QO1VztHHhXHC,fapi2-security-profile-final-ensure-authorization-request-with-64-char-nonce-success,True,FINISHED,PASSED,PASSED,"{""client_auth_type"":""mtls"",""fapi_profile"":""plain_fapi"",""fapi_request_method"":""unsigned"",""fapi_response_mode"":""plain_response"",""openid"":""openid_connect"",""sender_constrain"":""mtls""}"
initial-unaffected,bad5174d5f6609ef4d43aec54aacb1e3b8688cad,62470460ca0c98db2731617d2b1b7de3c6974832,fapi-security-code-p020,KW9j0nzpllzV8,Y7MxYGwHxVHaCdP,fapi2-security-profile-final-ensure-other-scope-order-succeeds,True,FINISHED,PASSED,PASSED,"{""client_auth_type"":""mtls"",""fapi_profile"":""plain_fapi"",""fapi_request_method"":""unsigned"",""fapi_response_mode"":""plain_response"",""openid"":""openid_connect"",""sender_constrain"":""mtls""}"
initial-unaffected,bad5174d5f6609ef4d43aec54aacb1e3b8688cad,62470460ca0c98db2731617d2b1b7de3c6974832,fapi-security-code-p020,KW9j0nzpllzV8,f23Z9n1clWQqqmd,fapi2-security-profile-final-test-claims-parameter-identity-claims,True,FINISHED,PASSED,PASSED,"{""client_auth_type"":""mtls"",""fapi_profile"":""plain_fapi"",""fapi_request_method"":""unsigned"",""fapi_response_mode"":""plain_response"",""openid"":""openid_connect"",""sender_constrain"":""mtls""}"
initial-unaffected,bad5174d5f6609ef4d43aec54aacb1e3b8688cad,62470460ca0c98db2731617d2b1b7de3c6974832,fapi-security-code-p020,KW9j0nzpllzV8,BHaJWQivU7Rhpeo,fapi2-security-profile-final-access-token-type-header-case-sensitivity,True,FINISHED,PASSED,PASSED,"{""client_auth_type"":""mtls"",""fapi_profile"":""plain_fapi"",""fapi_request_method"":""unsigned"",""fapi_response_mode"":""plain_response"",""openid"":""openid_connect"",""sender_constrain"":""mtls""}"
initial-unaffected,bad5174d5f6609ef4d43aec54aacb1e3b8688cad,62470460ca0c98db2731617d2b1b7de3c6974832,fapi-security-code-p020,KW9j0nzpllzV8,ZBF09UOhMrw27ej,fapi2-security-profile-final-ensure-different-nonce-inside-and-outside-request-object,True,FINISHED,PASSED,PASSED,"{""client_auth_type"":""mtls"",""fapi_profile"":""plain_fapi"",""fapi_request_method"":""unsigned"",""fapi_response_mode"":""plain_response"",""openid"":""openid_connect"",""sender_constrain"":""mtls""}"
initial-unaffected,bad5174d5f6609ef4d43aec54aacb1e3b8688cad,62470460ca0c98db2731617d2b1b7de3c6974832,fapi-security-code-p020,KW9j0nzpllzV8,871fBoQ8RTwUAvg,fapi2-security-profile-final-ensure-different-state-inside-and-outside-request-object,True,FINISHED,PASSED,PASSED,"{""client_auth_type"":""mtls"",""fapi_profile"":""plain_fapi"",""fapi_request_method"":""unsigned"",""fapi_response_mode"":""plain_response"",""openid"":""openid_connect"",""sender_constrain"":""mtls""}"
initial-unaffected,bad5174d5f6609ef4d43aec54aacb1e3b8688cad,62470460ca0c98db2731617d2b1b7de3c6974832,fapi-security-code-p020,KW9j0nzpllzV8,nI4WIIeIh3j3GjU,fapi2-security-profile-final-ensure-authorization-request-with-long-nonce,True,FINISHED,PASSED,PASSED,"{""client_auth_type"":""mtls"",""fapi_profile"":""plain_fapi"",""fapi_request_method"":""unsigned"",""fapi_response_mode"":""plain_response"",""openid"":""openid_connect"",""sender_constrain"":""mtls""}"
initial-unaffected,bad5174d5f6609ef4d43aec54aacb1e3b8688cad,62470460ca0c98db2731617d2b1b7de3c6974832,fapi-security-code-p020,KW9j0nzpllzV8,CW8l1Ii4KMpYng7,fapi2-security-profile-final-ensure-authorization-request-with-long-state,True,FINISHED,PASSED,PASSED,"{""client_auth_type"":""mtls"",""fapi_profile"":""plain_fapi"",""fapi_request_method"":""unsigned"",""fapi_response_mode"":""plain_response"",""openid"":""openid_connect"",""sender_constrain"":""mtls""}"
initial-unaffected,bad5174d5f6609ef4d43aec54aacb1e3b8688cad,62470460ca0c98db2731617d2b1b7de3c6974832,fapi-security-code-p020,KW9j0nzpllzV8,cpDmSeETCyFTsaL,fapi2-security-profile-final-state-only-outside-request-object-not-used,True,FINISHED,PASSED,PASSED,"{""client_auth_type"":""mtls"",""fapi_profile"":""plain_fapi"",""fapi_request_method"":""unsigned"",""fapi_response_mode"":""plain_response"",""openid"":""openid_connect"",""sender_constrain"":""mtls""}"
initial-unaffected,bad5174d5f6609ef4d43aec54aacb1e3b8688cad,62470460ca0c98db2731617d2b1b7de3c6974832,fapi-security-code-p020,KW9j0nzpllzV8,O42Y05XCBxMnAOu,fapi2-security-profile-final-ensure-request-object-without-redirect-uri-fails,True,FINISHED,PASSED,PASSED,"{""client_auth_type"":""mtls"",""fapi_profile"":""plain_fapi"",""fapi_request_method"":""unsigned"",""fapi_response_mode"":""plain_response"",""openid"":""openid_connect"",""sender_constrain"":""mtls""}"
initial-unaffected,bad5174d5f6609ef4d43aec54aacb1e3b8688cad,62470460ca0c98db2731617d2b1b7de3c6974832,fapi-security-code-p020,KW9j0nzpllzV8,i1t6Rc1Ai1p6L3v,fapi2-security-profile-final-plain-fapi-tolerate-unregistered-redirect-uri,True,FINISHED,PASSED,PASSED,"{""client_auth_type"":""mtls"",""fapi_profile"":""plain_fapi"",""fapi_request_method"":""unsigned"",""fapi_response_mode"":""plain_response"",""openid"":""openid_connect"",""sender_constrain"":""mtls""}"
initial-unaffected,bad5174d5f6609ef4d43aec54aacb1e3b8688cad,62470460ca0c98db2731617d2b1b7de3c6974832,fapi-security-code-p020,KW9j0nzpllzV8,PNDpjnbqYuT61yK,fapi2-security-profile-final-ensure-unsigned-authorization-request-without-using-par-fails,True,FINISHED,PASSED,PASSED,"{""client_auth_type"":""mtls"",""fapi_profile"":""plain_fapi"",""fapi_request_method"":""unsigned"",""fapi_response_mode"":""plain_response"",""openid"":""openid_connect"",""sender_constrain"":""mtls""}"
initial-unaffected,bad5174d5f6609ef4d43aec54aacb1e3b8688cad,62470460ca0c98db2731617d2b1b7de3c6974832,fapi-security-code-p020,KW9j0nzpllzV8,tbfUWnhibHSCkBT,fapi2-security-profile-final-ensure-redirect-uri-in-authorization-request,True,FINISHED,PASSED,PASSED,"{""client_auth_type"":""mtls"",""fapi_profile"":""plain_fapi"",""fapi_request_method"":""unsigned"",""fapi_response_mode"":""plain_response"",""openid"":""openid_connect"",""sender_constrain"":""mtls""}"
initial-unaffected,bad5174d5f6609ef4d43aec54aacb1e3b8688cad,62470460ca0c98db2731617d2b1b7de3c6974832,fapi-security-code-p020,KW9j0nzpllzV8,ekoAi58OgmCEBx6,fapi2-security-profile-final-ensure-response-type-code-idtoken-fails,True,FINISHED,PASSED,PASSED,"{""client_auth_type"":""mtls"",""fapi_profile"":""plain_fapi"",""fapi_request_method"":""unsigned"",""fapi_response_mode"":""plain_response"",""openid"":""openid_connect"",""sender_constrain"":""mtls""}"
initial-unaffected,bad5174d5f6609ef4d43aec54aacb1e3b8688cad,62470460ca0c98db2731617d2b1b7de3c6974832,fapi-security-code-p020,KW9j0nzpllzV8,LlEylOcEIX75kWQ,fapi2-security-profile-final-ensure-response-type-token-fails,True,FINISHED,PASSED,PASSED,"{""client_auth_type"":""mtls"",""fapi_profile"":""plain_fapi"",""fapi_request_method"":""unsigned"",""fapi_response_mode"":""plain_response"",""openid"":""openid_connect"",""sender_constrain"":""mtls""}"
initial-unaffected,bad5174d5f6609ef4d43aec54aacb1e3b8688cad,62470460ca0c98db2731617d2b1b7de3c6974832,fapi-security-code-p020,KW9j0nzpllzV8,1OWpp69NguyG9gD,fapi2-security-profile-final-ensure-client-id-in-token-endpoint,True,FINISHED,PASSED,PASSED,"{""client_auth_type"":""mtls"",""fapi_profile"":""plain_fapi"",""fapi_request_method"":""unsigned"",""fapi_response_mode"":""plain_response"",""openid"":""openid_connect"",""sender_constrain"":""mtls""}"
initial-unaffected,bad5174d5f6609ef4d43aec54aacb1e3b8688cad,62470460ca0c98db2731617d2b1b7de3c6974832,fapi-security-code-p020,KW9j0nzpllzV8,wqFj6ZWwjXCtUMS,fapi2-security-profile-final-ensure-holder-of-key-required,True,FINISHED,PASSED,PASSED,"{""client_auth_type"":""mtls"",""fapi_profile"":""plain_fapi"",""fapi_request_method"":""unsigned"",""fapi_response_mode"":""plain_response"",""openid"":""openid_connect"",""sender_constrain"":""mtls""}"
initial-unaffected,bad5174d5f6609ef4d43aec54aacb1e3b8688cad,62470460ca0c98db2731617d2b1b7de3c6974832,fapi-security-code-p020,KW9j0nzpllzV8,51vPxphs8I2Uhlv,fapi2-security-profile-final-ensure-authorization-code-is-bound-to-client,True,FINISHED,PASSED,PASSED,"{""client_auth_type"":""mtls"",""fapi_profile"":""plain_fapi"",""fapi_request_method"":""unsigned"",""fapi_response_mode"":""plain_response"",""openid"":""openid_connect"",""sender_constrain"":""mtls""}"
initial-unaffected,bad5174d5f6609ef4d43aec54aacb1e3b8688cad,62470460ca0c98db2731617d2b1b7de3c6974832,fapi-security-code-p020,KW9j0nzpllzV8,I1of1bwTRpeMhZd,fapi2-security-profile-final-attempt-reuse-authorization-code-after-one-second,True,FINISHED,PASSED,PASSED,"{""client_auth_type"":""mtls"",""fapi_profile"":""plain_fapi"",""fapi_request_method"":""unsigned"",""fapi_response_mode"":""plain_response"",""openid"":""openid_connect"",""sender_constrain"":""mtls""}"
initial-unaffected,bad5174d5f6609ef4d43aec54aacb1e3b8688cad,62470460ca0c98db2731617d2b1b7de3c6974832,fapi-security-code-p020,KW9j0nzpllzV8,Bp5lAbm61TiJKBO,fapi2-security-profile-final-ensure-token-endpoint-fails-with-expired-auth-code,True,FINISHED,PASSED,PASSED,"{""client_auth_type"":""mtls"",""fapi_profile"":""plain_fapi"",""fapi_request_method"":""unsigned"",""fapi_response_mode"":""plain_response"",""openid"":""openid_connect"",""sender_constrain"":""mtls""}"
initial-unaffected,bad5174d5f6609ef4d43aec54aacb1e3b8688cad,62470460ca0c98db2731617d2b1b7de3c6974832,fapi-security-code-p020,KW9j0nzpllzV8,EcG1XUh1H5kVSNJ,fapi2-security-profile-final-refresh-token,True,FINISHED,PASSED,PASSED,"{""client_auth_type"":""mtls"",""fapi_profile"":""plain_fapi"",""fapi_request_method"":""unsigned"",""fapi_response_mode"":""plain_response"",""openid"":""openid_connect"",""sender_constrain"":""mtls""}"
initial-unaffected,bad5174d5f6609ef4d43aec54aacb1e3b8688cad,62470460ca0c98db2731617d2b1b7de3c6974832,fapi-security-code-p020,KW9j0nzpllzV8,CPtrM2rOYlY3t47,fapi2-security-profile-final-par-ensure-reused-request-uri-prior-to-auth-completion-succeeds,True,FINISHED,PASSED,PASSED,"{""client_auth_type"":""mtls"",""fapi_profile"":""plain_fapi"",""fapi_request_method"":""unsigned"",""fapi_response_mode"":""plain_response"",""openid"":""openid_connect"",""sender_constrain"":""mtls""}"
initial-unaffected,bad5174d5f6609ef4d43aec54aacb1e3b8688cad,62470460ca0c98db2731617d2b1b7de3c6974832,fapi-security-code-p020,KW9j0nzpllzV8,9Vi1SRV6gNRDRzM,fapi2-security-profile-final-par-attempt-reuse-request_uri,True,FINISHED,PASSED,PASSED,"{""client_auth_type"":""mtls"",""fapi_profile"":""plain_fapi"",""fapi_request_method"":""unsigned"",""fapi_response_mode"":""plain_response"",""openid"":""openid_connect"",""sender_constrain"":""mtls""}"
initial-unaffected,bad5174d5f6609ef4d43aec54aacb1e3b8688cad,62470460ca0c98db2731617d2b1b7de3c6974832,fapi-security-code-p020,KW9j0nzpllzV8,6IogpjGeUDk0bvA,fapi2-security-profile-final-par-attempt-to-use-expired-request_uri,True,FINISHED,PASSED,PASSED,"{""client_auth_type"":""mtls"",""fapi_profile"":""plain_fapi"",""fapi_request_method"":""unsigned"",""fapi_response_mode"":""plain_response"",""openid"":""openid_connect"",""sender_constrain"":""mtls""}"
initial-unaffected,bad5174d5f6609ef4d43aec54aacb1e3b8688cad,62470460ca0c98db2731617d2b1b7de3c6974832,fapi-security-code-p020,KW9j0nzpllzV8,d0qmXqjI6O6XhKc,fapi2-security-profile-final-par-attempt-to-use-request_uri-for-different-client,True,FINISHED,PASSED,PASSED,"{""client_auth_type"":""mtls"",""fapi_profile"":""plain_fapi"",""fapi_request_method"":""unsigned"",""fapi_response_mode"":""plain_response"",""openid"":""openid_connect"",""sender_constrain"":""mtls""}"
initial-unaffected,bad5174d5f6609ef4d43aec54aacb1e3b8688cad,62470460ca0c98db2731617d2b1b7de3c6974832,fapi-security-code-p020,KW9j0nzpllzV8,oW1148fKsWKVR0i,fapi2-security-profile-final-par-authorization-request-containing-request_uri-form-param,True,FINISHED,PASSED,PASSED,"{""client_auth_type"":""mtls"",""fapi_profile"":""plain_fapi"",""fapi_request_method"":""unsigned"",""fapi_response_mode"":""plain_response"",""openid"":""openid_connect"",""sender_constrain"":""mtls""}"
initial-unaffected,bad5174d5f6609ef4d43aec54aacb1e3b8688cad,62470460ca0c98db2731617d2b1b7de3c6974832,fapi-security-code-p020,KW9j0nzpllzV8,pPVgHu7uQodoyNp,fapi2-security-profile-final-par-attempt-invalid-http-method,True,FINISHED,PASSED,PASSED,"{""client_auth_type"":""mtls"",""fapi_profile"":""plain_fapi"",""fapi_request_method"":""unsigned"",""fapi_response_mode"":""plain_response"",""openid"":""openid_connect"",""sender_constrain"":""mtls""}"
initial-unaffected,bad5174d5f6609ef4d43aec54aacb1e3b8688cad,62470460ca0c98db2731617d2b1b7de3c6974832,fapi-security-code-p020,KW9j0nzpllzV8,UIu61A12iJ6GfJc,fapi2-security-profile-final-par-ensure-pkce-required,True,FINISHED,PASSED,PASSED,"{""client_auth_type"":""mtls"",""fapi_profile"":""plain_fapi"",""fapi_request_method"":""unsigned"",""fapi_response_mode"":""plain_response"",""openid"":""openid_connect"",""sender_constrain"":""mtls""}"
initial-unaffected,bad5174d5f6609ef4d43aec54aacb1e3b8688cad,62470460ca0c98db2731617d2b1b7de3c6974832,fapi-security-code-p020,KW9j0nzpllzV8,z74cQBwzHQBc18h,fapi2-security-profile-final-ensure-pkce-code-verifier-required,True,FINISHED,PASSED,PASSED,"{""client_auth_type"":""mtls"",""fapi_profile"":""plain_fapi"",""fapi_request_method"":""unsigned"",""fapi_response_mode"":""plain_response"",""openid"":""openid_connect"",""sender_constrain"":""mtls""}"
initial-unaffected,bad5174d5f6609ef4d43aec54aacb1e3b8688cad,62470460ca0c98db2731617d2b1b7de3c6974832,fapi-security-code-p020,KW9j0nzpllzV8,4RPUUfgUgk1729x,fapi2-security-profile-final-incorrect-pkce-code-verifier-rejected,True,FINISHED,PASSED,PASSED,"{""client_auth_type"":""mtls"",""fapi_profile"":""plain_fapi"",""fapi_request_method"":""unsigned"",""fapi_response_mode"":""plain_response"",""openid"":""openid_connect"",""sender_constrain"":""mtls""}"
initial-unaffected,bad5174d5f6609ef4d43aec54aacb1e3b8688cad,62470460ca0c98db2731617d2b1b7de3c6974832,fapi-security-code-p020,KW9j0nzpllzV8,ZC1UhQUib7PP5uR,fapi2-security-profile-final-par-plain-pkce-rejected,True,FINISHED,PASSED,PASSED,"{""client_auth_type"":""mtls"",""fapi_profile"":""plain_fapi"",""fapi_request_method"":""unsigned"",""fapi_response_mode"":""plain_response"",""openid"":""openid_connect"",""sender_constrain"":""mtls""}"
initial-unaffected,bad5174d5f6609ef4d43aec54aacb1e3b8688cad,62470460ca0c98db2731617d2b1b7de3c6974832,fapi-security-code-p020,KW9j0nzpllzV8,6Ha90y70odQFq9K,fapi2-security-profile-final-par-without-duplicate-parameters,True,FINISHED,PASSED,PASSED,"{""client_auth_type"":""mtls"",""fapi_profile"":""plain_fapi"",""fapi_request_method"":""unsigned"",""fapi_response_mode"":""plain_response"",""openid"":""openid_connect"",""sender_constrain"":""mtls""}"
initial-unaffected,bad5174d5f6609ef4d43aec54aacb1e3b8688cad,62470460ca0c98db2731617d2b1b7de3c6974832,fapi-security-code-p021,VZSSRMSZ041s1,ee7v6BtPohW2Z6s,fapi2-security-profile-final-discovery-end-point-verification,True,FINISHED,PASSED,PASSED,"{""client_auth_type"":""mtls"",""fapi_profile"":""plain_fapi"",""fapi_request_method"":""unsigned"",""fapi_response_mode"":""plain_response"",""openid"":""plain_oauth"",""sender_constrain"":""mtls""}"
initial-unaffected,bad5174d5f6609ef4d43aec54aacb1e3b8688cad,62470460ca0c98db2731617d2b1b7de3c6974832,fapi-security-code-p021,VZSSRMSZ041s1,DrjOtnqxVRqR05T,fapi2-security-profile-final-happy-flow,True,FINISHED,WARNING,WARNING,"{""client_auth_type"":""mtls"",""fapi_profile"":""plain_fapi"",""fapi_request_method"":""unsigned"",""fapi_response_mode"":""plain_response"",""openid"":""plain_oauth"",""sender_constrain"":""mtls""}"
initial-unaffected,bad5174d5f6609ef4d43aec54aacb1e3b8688cad,62470460ca0c98db2731617d2b1b7de3c6974832,fapi-security-code-p021,VZSSRMSZ041s1,nRtSHC0YnpMTvVR,fapi2-security-profile-final-user-rejects-authentication,True,FINISHED,PASSED,PASSED,"{""client_auth_type"":""mtls"",""fapi_profile"":""plain_fapi"",""fapi_request_method"":""unsigned"",""fapi_response_mode"":""plain_response"",""openid"":""plain_oauth"",""sender_constrain"":""mtls""}"
initial-unaffected,bad5174d5f6609ef4d43aec54aacb1e3b8688cad,62470460ca0c98db2731617d2b1b7de3c6974832,fapi-security-code-p021,VZSSRMSZ041s1,Y4FN5sq5EW8zChl,fapi2-security-profile-final-ensure-authorization-request-without-state-success,True,FINISHED,PASSED,PASSED,"{""client_auth_type"":""mtls"",""fapi_profile"":""plain_fapi"",""fapi_request_method"":""unsigned"",""fapi_response_mode"":""plain_response"",""openid"":""plain_oauth"",""sender_constrain"":""mtls""}"
initial-unaffected,bad5174d5f6609ef4d43aec54aacb1e3b8688cad,62470460ca0c98db2731617d2b1b7de3c6974832,fapi-security-code-p021,VZSSRMSZ041s1,gk64RLhUxdGzNhX,fapi2-security-profile-final-access-token-type-header-case-sensitivity,True,FINISHED,PASSED,PASSED,"{""client_auth_type"":""mtls"",""fapi_profile"":""plain_fapi"",""fapi_request_method"":""unsigned"",""fapi_response_mode"":""plain_response"",""openid"":""plain_oauth"",""sender_constrain"":""mtls""}"
initial-unaffected,bad5174d5f6609ef4d43aec54aacb1e3b8688cad,62470460ca0c98db2731617d2b1b7de3c6974832,fapi-security-code-p021,VZSSRMSZ041s1,w5pEqUopC24gsea,fapi2-security-profile-final-ensure-different-state-inside-and-outside-request-object,True,FINISHED,PASSED,PASSED,"{""client_auth_type"":""mtls"",""fapi_profile"":""plain_fapi"",""fapi_request_method"":""unsigned"",""fapi_response_mode"":""plain_response"",""openid"":""plain_oauth"",""sender_constrain"":""mtls""}"
initial-unaffected,bad5174d5f6609ef4d43aec54aacb1e3b8688cad,62470460ca0c98db2731617d2b1b7de3c6974832,fapi-security-code-p021,VZSSRMSZ041s1,orS5jjxfNOvbVZU,fapi2-security-profile-final-ensure-authorization-request-with-long-state,True,FINISHED,PASSED,PASSED,"{""client_auth_type"":""mtls"",""fapi_profile"":""plain_fapi"",""fapi_request_method"":""unsigned"",""fapi_response_mode"":""plain_response"",""openid"":""plain_oauth"",""sender_constrain"":""mtls""}"
initial-unaffected,bad5174d5f6609ef4d43aec54aacb1e3b8688cad,62470460ca0c98db2731617d2b1b7de3c6974832,fapi-security-code-p021,VZSSRMSZ041s1,w19RltFrB4Kg0PU,fapi2-security-profile-final-state-only-outside-request-object-not-used,True,FINISHED,PASSED,PASSED,"{""client_auth_type"":""mtls"",""fapi_profile"":""plain_fapi"",""fapi_request_method"":""unsigned"",""fapi_response_mode"":""plain_response"",""openid"":""plain_oauth"",""sender_constrain"":""mtls""}"
initial-unaffected,bad5174d5f6609ef4d43aec54aacb1e3b8688cad,62470460ca0c98db2731617d2b1b7de3c6974832,fapi-security-code-p021,VZSSRMSZ041s1,XWYF5bi2BzGlmTW,fapi2-security-profile-final-ensure-request-object-without-redirect-uri-fails,True,FINISHED,PASSED,PASSED,"{""client_auth_type"":""mtls"",""fapi_profile"":""plain_fapi"",""fapi_request_method"":""unsigned"",""fapi_response_mode"":""plain_response"",""openid"":""plain_oauth"",""sender_constrain"":""mtls""}"
initial-unaffected,bad5174d5f6609ef4d43aec54aacb1e3b8688cad,62470460ca0c98db2731617d2b1b7de3c6974832,fapi-security-code-p021,VZSSRMSZ041s1,c3S3eAxnWNruyQL,fapi2-security-profile-final-plain-fapi-tolerate-unregistered-redirect-uri,True,FINISHED,PASSED,PASSED,"{""client_auth_type"":""mtls"",""fapi_profile"":""plain_fapi"",""fapi_request_method"":""unsigned"",""fapi_response_mode"":""plain_response"",""openid"":""plain_oauth"",""sender_constrain"":""mtls""}"
initial-unaffected,bad5174d5f6609ef4d43aec54aacb1e3b8688cad,62470460ca0c98db2731617d2b1b7de3c6974832,fapi-security-code-p021,VZSSRMSZ041s1,jqLhKobFV6sZta8,fapi2-security-profile-final-ensure-unsigned-authorization-request-without-using-par-fails,True,FINISHED,PASSED,PASSED,"{""client_auth_type"":""mtls"",""fapi_profile"":""plain_fapi"",""fapi_request_method"":""unsigned"",""fapi_response_mode"":""plain_response"",""openid"":""plain_oauth"",""sender_constrain"":""mtls""}"
initial-unaffected,bad5174d5f6609ef4d43aec54aacb1e3b8688cad,62470460ca0c98db2731617d2b1b7de3c6974832,fapi-security-code-p021,VZSSRMSZ041s1,NFWlxJJ7FBOtkpN,fapi2-security-profile-final-ensure-redirect-uri-in-authorization-request,True,FINISHED,PASSED,PASSED,"{""client_auth_type"":""mtls"",""fapi_profile"":""plain_fapi"",""fapi_request_method"":""unsigned"",""fapi_response_mode"":""plain_response"",""openid"":""plain_oauth"",""sender_constrain"":""mtls""}"
initial-unaffected,bad5174d5f6609ef4d43aec54aacb1e3b8688cad,62470460ca0c98db2731617d2b1b7de3c6974832,fapi-security-code-p021,VZSSRMSZ041s1,qeqX0AKBFPduXLM,fapi2-security-profile-final-ensure-response-type-code-idtoken-fails,True,FINISHED,PASSED,PASSED,"{""client_auth_type"":""mtls"",""fapi_profile"":""plain_fapi"",""fapi_request_method"":""unsigned"",""fapi_response_mode"":""plain_response"",""openid"":""plain_oauth"",""sender_constrain"":""mtls""}"
initial-unaffected,bad5174d5f6609ef4d43aec54aacb1e3b8688cad,62470460ca0c98db2731617d2b1b7de3c6974832,fapi-security-code-p021,VZSSRMSZ041s1,2VR2pfvMltCaWzB,fapi2-security-profile-final-ensure-response-type-token-fails,True,FINISHED,PASSED,PASSED,"{""client_auth_type"":""mtls"",""fapi_profile"":""plain_fapi"",""fapi_request_method"":""unsigned"",""fapi_response_mode"":""plain_response"",""openid"":""plain_oauth"",""sender_constrain"":""mtls""}"
initial-unaffected,bad5174d5f6609ef4d43aec54aacb1e3b8688cad,62470460ca0c98db2731617d2b1b7de3c6974832,fapi-security-code-p021,VZSSRMSZ041s1,m50xKEDLInXbL4m,fapi2-security-profile-final-ensure-client-id-in-token-endpoint,True,FINISHED,PASSED,PASSED,"{""client_auth_type"":""mtls"",""fapi_profile"":""plain_fapi"",""fapi_request_method"":""unsigned"",""fapi_response_mode"":""plain_response"",""openid"":""plain_oauth"",""sender_constrain"":""mtls""}"
initial-unaffected,bad5174d5f6609ef4d43aec54aacb1e3b8688cad,62470460ca0c98db2731617d2b1b7de3c6974832,fapi-security-code-p021,VZSSRMSZ041s1,bl2Rj65F84FmvcD,fapi2-security-profile-final-ensure-holder-of-key-required,True,FINISHED,PASSED,PASSED,"{""client_auth_type"":""mtls"",""fapi_profile"":""plain_fapi"",""fapi_request_method"":""unsigned"",""fapi_response_mode"":""plain_response"",""openid"":""plain_oauth"",""sender_constrain"":""mtls""}"
initial-unaffected,bad5174d5f6609ef4d43aec54aacb1e3b8688cad,62470460ca0c98db2731617d2b1b7de3c6974832,fapi-security-code-p021,VZSSRMSZ041s1,EcJ59aW77ox5ASv,fapi2-security-profile-final-ensure-authorization-code-is-bound-to-client,True,FINISHED,PASSED,PASSED,"{""client_auth_type"":""mtls"",""fapi_profile"":""plain_fapi"",""fapi_request_method"":""unsigned"",""fapi_response_mode"":""plain_response"",""openid"":""plain_oauth"",""sender_constrain"":""mtls""}"
initial-unaffected,bad5174d5f6609ef4d43aec54aacb1e3b8688cad,62470460ca0c98db2731617d2b1b7de3c6974832,fapi-security-code-p021,VZSSRMSZ041s1,jTKSfxtyYWyTJT9,fapi2-security-profile-final-attempt-reuse-authorization-code-after-one-second,True,FINISHED,PASSED,PASSED,"{""client_auth_type"":""mtls"",""fapi_profile"":""plain_fapi"",""fapi_request_method"":""unsigned"",""fapi_response_mode"":""plain_response"",""openid"":""plain_oauth"",""sender_constrain"":""mtls""}"
initial-unaffected,bad5174d5f6609ef4d43aec54aacb1e3b8688cad,62470460ca0c98db2731617d2b1b7de3c6974832,fapi-security-code-p021,VZSSRMSZ041s1,hRj8bw4iCuh94ZI,fapi2-security-profile-final-ensure-token-endpoint-fails-with-expired-auth-code,True,FINISHED,PASSED,PASSED,"{""client_auth_type"":""mtls"",""fapi_profile"":""plain_fapi"",""fapi_request_method"":""unsigned"",""fapi_response_mode"":""plain_response"",""openid"":""plain_oauth"",""sender_constrain"":""mtls""}"
initial-unaffected,bad5174d5f6609ef4d43aec54aacb1e3b8688cad,62470460ca0c98db2731617d2b1b7de3c6974832,fapi-security-code-p021,VZSSRMSZ041s1,svzjuEvjvrBE159,fapi2-security-profile-final-refresh-token,True,FINISHED,PASSED,PASSED,"{""client_auth_type"":""mtls"",""fapi_profile"":""plain_fapi"",""fapi_request_method"":""unsigned"",""fapi_response_mode"":""plain_response"",""openid"":""plain_oauth"",""sender_constrain"":""mtls""}"
initial-unaffected,bad5174d5f6609ef4d43aec54aacb1e3b8688cad,62470460ca0c98db2731617d2b1b7de3c6974832,fapi-security-code-p021,VZSSRMSZ041s1,V1eHDHZLSTADrS0,fapi2-security-profile-final-par-ensure-reused-request-uri-prior-to-auth-completion-succeeds,True,FINISHED,PASSED,PASSED,"{""client_auth_type"":""mtls"",""fapi_profile"":""plain_fapi"",""fapi_request_method"":""unsigned"",""fapi_response_mode"":""plain_response"",""openid"":""plain_oauth"",""sender_constrain"":""mtls""}"
initial-unaffected,bad5174d5f6609ef4d43aec54aacb1e3b8688cad,62470460ca0c98db2731617d2b1b7de3c6974832,fapi-security-code-p021,VZSSRMSZ041s1,n34X3Hz3v7oWOHW,fapi2-security-profile-final-par-attempt-reuse-request_uri,True,FINISHED,PASSED,PASSED,"{""client_auth_type"":""mtls"",""fapi_profile"":""plain_fapi"",""fapi_request_method"":""unsigned"",""fapi_response_mode"":""plain_response"",""openid"":""plain_oauth"",""sender_constrain"":""mtls""}"
initial-unaffected,bad5174d5f6609ef4d43aec54aacb1e3b8688cad,62470460ca0c98db2731617d2b1b7de3c6974832,fapi-security-code-p021,VZSSRMSZ041s1,VDGTOJPIHjb4dcQ,fapi2-security-profile-final-par-attempt-to-use-expired-request_uri,True,FINISHED,PASSED,PASSED,"{""client_auth_type"":""mtls"",""fapi_profile"":""plain_fapi"",""fapi_request_method"":""unsigned"",""fapi_response_mode"":""plain_response"",""openid"":""plain_oauth"",""sender_constrain"":""mtls""}"
initial-unaffected,bad5174d5f6609ef4d43aec54aacb1e3b8688cad,62470460ca0c98db2731617d2b1b7de3c6974832,fapi-security-code-p021,VZSSRMSZ041s1,MZGDYB85PmAIK4g,fapi2-security-profile-final-par-attempt-to-use-request_uri-for-different-client,True,FINISHED,PASSED,PASSED,"{""client_auth_type"":""mtls"",""fapi_profile"":""plain_fapi"",""fapi_request_method"":""unsigned"",""fapi_response_mode"":""plain_response"",""openid"":""plain_oauth"",""sender_constrain"":""mtls""}"
initial-unaffected,bad5174d5f6609ef4d43aec54aacb1e3b8688cad,62470460ca0c98db2731617d2b1b7de3c6974832,fapi-security-code-p021,VZSSRMSZ041s1,AD52N0gKnOAmJtS,fapi2-security-profile-final-par-authorization-request-containing-request_uri-form-param,True,FINISHED,PASSED,PASSED,"{""client_auth_type"":""mtls"",""fapi_profile"":""plain_fapi"",""fapi_request_method"":""unsigned"",""fapi_response_mode"":""plain_response"",""openid"":""plain_oauth"",""sender_constrain"":""mtls""}"
initial-unaffected,bad5174d5f6609ef4d43aec54aacb1e3b8688cad,62470460ca0c98db2731617d2b1b7de3c6974832,fapi-security-code-p021,VZSSRMSZ041s1,LvECk26MZfJrIrk,fapi2-security-profile-final-par-attempt-invalid-http-method,True,FINISHED,PASSED,PASSED,"{""client_auth_type"":""mtls"",""fapi_profile"":""plain_fapi"",""fapi_request_method"":""unsigned"",""fapi_response_mode"":""plain_response"",""openid"":""plain_oauth"",""sender_constrain"":""mtls""}"
initial-unaffected,bad5174d5f6609ef4d43aec54aacb1e3b8688cad,62470460ca0c98db2731617d2b1b7de3c6974832,fapi-security-code-p021,VZSSRMSZ041s1,h1SODl0RP4PCjlo,fapi2-security-profile-final-par-ensure-pkce-required,True,FINISHED,PASSED,PASSED,"{""client_auth_type"":""mtls"",""fapi_profile"":""plain_fapi"",""fapi_request_method"":""unsigned"",""fapi_response_mode"":""plain_response"",""openid"":""plain_oauth"",""sender_constrain"":""mtls""}"
initial-unaffected,bad5174d5f6609ef4d43aec54aacb1e3b8688cad,62470460ca0c98db2731617d2b1b7de3c6974832,fapi-security-code-p021,VZSSRMSZ041s1,paJZk3U3vezwDCy,fapi2-security-profile-final-ensure-pkce-code-verifier-required,True,FINISHED,PASSED,PASSED,"{""client_auth_type"":""mtls"",""fapi_profile"":""plain_fapi"",""fapi_request_method"":""unsigned"",""fapi_response_mode"":""plain_response"",""openid"":""plain_oauth"",""sender_constrain"":""mtls""}"
initial-unaffected,bad5174d5f6609ef4d43aec54aacb1e3b8688cad,62470460ca0c98db2731617d2b1b7de3c6974832,fapi-security-code-p021,VZSSRMSZ041s1,ezqN3SzhxceV4KL,fapi2-security-profile-final-incorrect-pkce-code-verifier-rejected,True,FINISHED,PASSED,PASSED,"{""client_auth_type"":""mtls"",""fapi_profile"":""plain_fapi"",""fapi_request_method"":""unsigned"",""fapi_response_mode"":""plain_response"",""openid"":""plain_oauth"",""sender_constrain"":""mtls""}"
initial-unaffected,bad5174d5f6609ef4d43aec54aacb1e3b8688cad,62470460ca0c98db2731617d2b1b7de3c6974832,fapi-security-code-p021,VZSSRMSZ041s1,mDggYQHA82P8fkS,fapi2-security-profile-final-par-plain-pkce-rejected,True,FINISHED,PASSED,PASSED,"{""client_auth_type"":""mtls"",""fapi_profile"":""plain_fapi"",""fapi_request_method"":""unsigned"",""fapi_response_mode"":""plain_response"",""openid"":""plain_oauth"",""sender_constrain"":""mtls""}"
initial-unaffected,bad5174d5f6609ef4d43aec54aacb1e3b8688cad,62470460ca0c98db2731617d2b1b7de3c6974832,fapi-security-code-p021,VZSSRMSZ041s1,Xc0JVLpB53EBjcj,fapi2-security-profile-final-par-without-duplicate-parameters,True,FINISHED,PASSED,PASSED,"{""client_auth_type"":""mtls"",""fapi_profile"":""plain_fapi"",""fapi_request_method"":""unsigned"",""fapi_response_mode"":""plain_response"",""openid"":""plain_oauth"",""sender_constrain"":""mtls""}"
initial-unaffected,bad5174d5f6609ef4d43aec54aacb1e3b8688cad,62470460ca0c98db2731617d2b1b7de3c6974832,fapi-message-p022,DLi85erYi1SO9,isVG7xJpgZpVWmB,fapi2-security-profile-final-discovery-end-point-verification,True,FINISHED,PASSED,PASSED,"{""client_auth_type"":""private_key_jwt"",""fapi_profile"":""plain_fapi"",""fapi_request_method"":""signed_non_repudiation"",""fapi_response_mode"":""plain_response"",""openid"":""openid_connect"",""sender_constrain"":""dpop""}"
initial-unaffected,bad5174d5f6609ef4d43aec54aacb1e3b8688cad,62470460ca0c98db2731617d2b1b7de3c6974832,fapi-message-p022,DLi85erYi1SO9,aEXs3Hq5vyyvgmJ,fapi2-security-profile-final-happy-flow,True,FINISHED,PASSED,PASSED,"{""client_auth_type"":""private_key_jwt"",""fapi_profile"":""plain_fapi"",""fapi_request_method"":""signed_non_repudiation"",""fapi_response_mode"":""plain_response"",""openid"":""openid_connect"",""sender_constrain"":""dpop""}"
initial-unaffected,bad5174d5f6609ef4d43aec54aacb1e3b8688cad,62470460ca0c98db2731617d2b1b7de3c6974832,fapi-message-p022,DLi85erYi1SO9,vW8ENaG1HZ2eQD0,fapi2-security-profile-final-user-rejects-authentication,True,FINISHED,PASSED,PASSED,"{""client_auth_type"":""private_key_jwt"",""fapi_profile"":""plain_fapi"",""fapi_request_method"":""signed_non_repudiation"",""fapi_response_mode"":""plain_response"",""openid"":""openid_connect"",""sender_constrain"":""dpop""}"
initial-unaffected,bad5174d5f6609ef4d43aec54aacb1e3b8688cad,62470460ca0c98db2731617d2b1b7de3c6974832,fapi-message-p022,DLi85erYi1SO9,3DUDOo3hQz7pW4S,fapi2-security-profile-final-ensure-request-object-with-multiple-aud-succeeds,True,FINISHED,PASSED,PASSED,"{""client_auth_type"":""private_key_jwt"",""fapi_profile"":""plain_fapi"",""fapi_request_method"":""signed_non_repudiation"",""fapi_response_mode"":""plain_response"",""openid"":""openid_connect"",""sender_constrain"":""dpop""}"
initial-unaffected,bad5174d5f6609ef4d43aec54aacb1e3b8688cad,62470460ca0c98db2731617d2b1b7de3c6974832,fapi-message-p022,DLi85erYi1SO9,CxMSGbzZTdmfOU2,fapi2-security-profile-final-ensure-authorization-request-without-state-success,True,FINISHED,PASSED,PASSED,"{""client_auth_type"":""private_key_jwt"",""fapi_profile"":""plain_fapi"",""fapi_request_method"":""signed_non_repudiation"",""fapi_response_mode"":""plain_response"",""openid"":""openid_connect"",""sender_constrain"":""dpop""}"
initial-unaffected,bad5174d5f6609ef4d43aec54aacb1e3b8688cad,62470460ca0c98db2731617d2b1b7de3c6974832,fapi-message-p022,DLi85erYi1SO9,4CWKF5naqIkL4BM,fapi2-security-profile-final-ensure-authorization-request-without-nonce-success,True,FINISHED,PASSED,PASSED,"{""client_auth_type"":""private_key_jwt"",""fapi_profile"":""plain_fapi"",""fapi_request_method"":""signed_non_repudiation"",""fapi_response_mode"":""plain_response"",""openid"":""openid_connect"",""sender_constrain"":""dpop""}"
initial-unaffected,bad5174d5f6609ef4d43aec54aacb1e3b8688cad,62470460ca0c98db2731617d2b1b7de3c6974832,fapi-message-p022,DLi85erYi1SO9,G9F1IdboOArQU8a,fapi2-security-profile-final-ensure-authorization-request-with-64-char-nonce-success,True,FINISHED,PASSED,PASSED,"{""client_auth_type"":""private_key_jwt"",""fapi_profile"":""plain_fapi"",""fapi_request_method"":""signed_non_repudiation"",""fapi_response_mode"":""plain_response"",""openid"":""openid_connect"",""sender_constrain"":""dpop""}"
initial-unaffected,bad5174d5f6609ef4d43aec54aacb1e3b8688cad,62470460ca0c98db2731617d2b1b7de3c6974832,fapi-message-p022,DLi85erYi1SO9,bvuUBRFFkDFn3WA,fapi2-security-profile-final-ensure-other-scope-order-succeeds,True,FINISHED,PASSED,PASSED,"{""client_auth_type"":""private_key_jwt"",""fapi_profile"":""plain_fapi"",""fapi_request_method"":""signed_non_repudiation"",""fapi_response_mode"":""plain_response"",""openid"":""openid_connect"",""sender_constrain"":""dpop""}"
initial-unaffected,bad5174d5f6609ef4d43aec54aacb1e3b8688cad,62470460ca0c98db2731617d2b1b7de3c6974832,fapi-message-p022,DLi85erYi1SO9,9fFCcutwteNwyxQ,fapi2-security-profile-final-test-claims-parameter-identity-claims,True,FINISHED,PASSED,PASSED,"{""client_auth_type"":""private_key_jwt"",""fapi_profile"":""plain_fapi"",""fapi_request_method"":""signed_non_repudiation"",""fapi_response_mode"":""plain_response"",""openid"":""openid_connect"",""sender_constrain"":""dpop""}"
initial-unaffected,bad5174d5f6609ef4d43aec54aacb1e3b8688cad,62470460ca0c98db2731617d2b1b7de3c6974832,fapi-message-p022,DLi85erYi1SO9,Ew0PlDD8pqBs1wl,fapi2-security-profile-final-access-token-type-header-case-sensitivity,True,FINISHED,PASSED,PASSED,"{""client_auth_type"":""private_key_jwt"",""fapi_profile"":""plain_fapi"",""fapi_request_method"":""signed_non_repudiation"",""fapi_response_mode"":""plain_response"",""openid"":""openid_connect"",""sender_constrain"":""dpop""}"
initial-unaffected,bad5174d5f6609ef4d43aec54aacb1e3b8688cad,62470460ca0c98db2731617d2b1b7de3c6974832,fapi-message-p022,DLi85erYi1SO9,WqdpGP5cp9wYLl9,fapi2-security-profile-final-ensure-request-object-with-nbf-8-seconds-in-the-future-is-accepted,True,FINISHED,PASSED,PASSED,"{""client_auth_type"":""private_key_jwt"",""fapi_profile"":""plain_fapi"",""fapi_request_method"":""signed_non_repudiation"",""fapi_response_mode"":""plain_response"",""openid"":""openid_connect"",""sender_constrain"":""dpop""}"
initial-unaffected,bad5174d5f6609ef4d43aec54aacb1e3b8688cad,62470460ca0c98db2731617d2b1b7de3c6974832,fapi-message-p022,DLi85erYi1SO9,HDbdBFxCsjT9M8V,fapi2-security-profile-final-check-dpop-proof-nbf-exp,True,FINISHED,PASSED,PASSED,"{""client_auth_type"":""private_key_jwt"",""fapi_profile"":""plain_fapi"",""fapi_request_method"":""signed_non_repudiation"",""fapi_response_mode"":""plain_response"",""openid"":""openid_connect"",""sender_constrain"":""dpop""}"
initial-unaffected,bad5174d5f6609ef4d43aec54aacb1e3b8688cad,62470460ca0c98db2731617d2b1b7de3c6974832,fapi-message-p022,DLi85erYi1SO9,i4ePzyUeJ6pBtjc,fapi2-security-profile-final-ensure-dpopproof-with-iat-10seconds-before-succeeds,True,FINISHED,PASSED,PASSED,"{""client_auth_type"":""private_key_jwt"",""fapi_profile"":""plain_fapi"",""fapi_request_method"":""signed_non_repudiation"",""fapi_response_mode"":""plain_response"",""openid"":""openid_connect"",""sender_constrain"":""dpop""}"
initial-unaffected,bad5174d5f6609ef4d43aec54aacb1e3b8688cad,62470460ca0c98db2731617d2b1b7de3c6974832,fapi-message-p022,DLi85erYi1SO9,BvkHEgBaTQXiyZT,fapi2-security-profile-final-ensure-dpopproof-with-iat-10seconds-after-succeeds,True,FINISHED,PASSED,PASSED,"{""client_auth_type"":""private_key_jwt"",""fapi_profile"":""plain_fapi"",""fapi_request_method"":""signed_non_repudiation"",""fapi_response_mode"":""plain_response"",""openid"":""openid_connect"",""sender_constrain"":""dpop""}"
initial-unaffected,bad5174d5f6609ef4d43aec54aacb1e3b8688cad,62470460ca0c98db2731617d2b1b7de3c6974832,fapi-message-p022,DLi85erYi1SO9,RRb1yac4uwbapRc,fapi2-security-profile-final-ensure-mismatched-dpop-jkt-fails,True,FINISHED,PASSED,PASSED,"{""client_auth_type"":""private_key_jwt"",""fapi_profile"":""plain_fapi"",""fapi_request_method"":""signed_non_repudiation"",""fapi_response_mode"":""plain_response"",""openid"":""openid_connect"",""sender_constrain"":""dpop""}"
initial-unaffected,bad5174d5f6609ef4d43aec54aacb1e3b8688cad,62470460ca0c98db2731617d2b1b7de3c6974832,fapi-message-p022,DLi85erYi1SO9,CzLlBdyPITl1as6,fapi2-security-profile-final-ensure-token-endpoint-fails-with-mismatched-dpop-proof-jkt,True,FINISHED,PASSED,PASSED,"{""client_auth_type"":""private_key_jwt"",""fapi_profile"":""plain_fapi"",""fapi_request_method"":""signed_non_repudiation"",""fapi_response_mode"":""plain_response"",""openid"":""openid_connect"",""sender_constrain"":""dpop""}"
initial-unaffected,bad5174d5f6609ef4d43aec54aacb1e3b8688cad,62470460ca0c98db2731617d2b1b7de3c6974832,fapi-message-p022,DLi85erYi1SO9,Y1H6MpfI69Vw7YV,fapi2-security-profile-final-ensure-token-endpoint-fails-with-mismatched-dpop-jkt,True,FINISHED,PASSED,PASSED,"{""client_auth_type"":""private_key_jwt"",""fapi_profile"":""plain_fapi"",""fapi_request_method"":""signed_non_repudiation"",""fapi_response_mode"":""plain_response"",""openid"":""openid_connect"",""sender_constrain"":""dpop""}"
initial-unaffected,bad5174d5f6609ef4d43aec54aacb1e3b8688cad,62470460ca0c98db2731617d2b1b7de3c6974832,fapi-message-p022,DLi85erYi1SO9,H0SQNhlwz6pYw0f,fapi2-security-profile-final-ensure-dpopproof-at-par-endpoint-binding-success,True,FINISHED,PASSED,PASSED,"{""client_auth_type"":""private_key_jwt"",""fapi_profile"":""plain_fapi"",""fapi_request_method"":""signed_non_repudiation"",""fapi_response_mode"":""plain_response"",""openid"":""openid_connect"",""sender_constrain"":""dpop""}"
initial-unaffected,bad5174d5f6609ef4d43aec54aacb1e3b8688cad,62470460ca0c98db2731617d2b1b7de3c6974832,fapi-message-p022,DLi85erYi1SO9,Vtx7rg7drCYGXBx,fapi2-security-profile-final-ensure-dpop-auth-code-binding-success,True,FINISHED,PASSED,PASSED,"{""client_auth_type"":""private_key_jwt"",""fapi_profile"":""plain_fapi"",""fapi_request_method"":""signed_non_repudiation"",""fapi_response_mode"":""plain_response"",""openid"":""openid_connect"",""sender_constrain"":""dpop""}"
initial-unaffected,bad5174d5f6609ef4d43aec54aacb1e3b8688cad,62470460ca0c98db2731617d2b1b7de3c6974832,fapi-message-p022,DLi85erYi1SO9,nfbiYs8rLpCk7n0,fapi2-security-profile-final-ensure-different-nonce-inside-and-outside-request-object,True,FINISHED,PASSED,PASSED,"{""client_auth_type"":""private_key_jwt"",""fapi_profile"":""plain_fapi"",""fapi_request_method"":""signed_non_repudiation"",""fapi_response_mode"":""plain_response"",""openid"":""openid_connect"",""sender_constrain"":""dpop""}"
initial-unaffected,bad5174d5f6609ef4d43aec54aacb1e3b8688cad,62470460ca0c98db2731617d2b1b7de3c6974832,fapi-message-p022,DLi85erYi1SO9,QtFC6xu46F3qimp,fapi2-security-profile-final-ensure-different-state-inside-and-outside-request-object,True,FINISHED,PASSED,PASSED,"{""client_auth_type"":""private_key_jwt"",""fapi_profile"":""plain_fapi"",""fapi_request_method"":""signed_non_repudiation"",""fapi_response_mode"":""plain_response"",""openid"":""openid_connect"",""sender_constrain"":""dpop""}"
initial-unaffected,bad5174d5f6609ef4d43aec54aacb1e3b8688cad,62470460ca0c98db2731617d2b1b7de3c6974832,fapi-message-p022,DLi85erYi1SO9,VK2Ctes9UxhjFYf,fapi2-security-profile-final-ensure-authorization-request-with-long-nonce,True,FINISHED,PASSED,PASSED,"{""client_auth_type"":""private_key_jwt"",""fapi_profile"":""plain_fapi"",""fapi_request_method"":""signed_non_repudiation"",""fapi_response_mode"":""plain_response"",""openid"":""openid_connect"",""sender_constrain"":""dpop""}"
initial-unaffected,bad5174d5f6609ef4d43aec54aacb1e3b8688cad,62470460ca0c98db2731617d2b1b7de3c6974832,fapi-message-p022,DLi85erYi1SO9,DVyJlwtb4vtsPPC,fapi2-security-profile-final-ensure-authorization-request-with-long-state,True,FINISHED,PASSED,PASSED,"{""client_auth_type"":""private_key_jwt"",""fapi_profile"":""plain_fapi"",""fapi_request_method"":""signed_non_repudiation"",""fapi_response_mode"":""plain_response"",""openid"":""openid_connect"",""sender_constrain"":""dpop""}"
initial-unaffected,bad5174d5f6609ef4d43aec54aacb1e3b8688cad,62470460ca0c98db2731617d2b1b7de3c6974832,fapi-message-p022,DLi85erYi1SO9,Erld8GKCaTe0In3,fapi2-security-profile-final-ensure-request-object-without-exp-fails,True,FINISHED,PASSED,PASSED,"{""client_auth_type"":""private_key_jwt"",""fapi_profile"":""plain_fapi"",""fapi_request_method"":""signed_non_repudiation"",""fapi_response_mode"":""plain_response"",""openid"":""openid_connect"",""sender_constrain"":""dpop""}"
initial-unaffected,bad5174d5f6609ef4d43aec54aacb1e3b8688cad,62470460ca0c98db2731617d2b1b7de3c6974832,fapi-message-p022,DLi85erYi1SO9,qWa3byCdFFGhXFh,fapi2-security-profile-final-ensure-request-object-without-nbf-fails,True,FINISHED,PASSED,PASSED,"{""client_auth_type"":""private_key_jwt"",""fapi_profile"":""plain_fapi"",""fapi_request_method"":""signed_non_repudiation"",""fapi_response_mode"":""plain_response"",""openid"":""openid_connect"",""sender_constrain"":""dpop""}"
initial-unaffected,bad5174d5f6609ef4d43aec54aacb1e3b8688cad,62470460ca0c98db2731617d2b1b7de3c6974832,fapi-message-p022,DLi85erYi1SO9,6uNjIqGQ2cKA7wf,fapi2-security-profile-final-state-only-outside-request-object-not-used,True,FINISHED,PASSED,PASSED,"{""client_auth_type"":""private_key_jwt"",""fapi_profile"":""plain_fapi"",""fapi_request_method"":""signed_non_repudiation"",""fapi_response_mode"":""plain_response"",""openid"":""openid_connect"",""sender_constrain"":""dpop""}"
initial-unaffected,bad5174d5f6609ef4d43aec54aacb1e3b8688cad,62470460ca0c98db2731617d2b1b7de3c6974832,fapi-message-p022,DLi85erYi1SO9,OgsE1EhwLecNHQt,fapi2-security-profile-final-ensure-request-object-without-redirect-uri-fails,True,FINISHED,PASSED,PASSED,"{""client_auth_type"":""private_key_jwt"",""fapi_profile"":""plain_fapi"",""fapi_request_method"":""signed_non_repudiation"",""fapi_response_mode"":""plain_response"",""openid"":""openid_connect"",""sender_constrain"":""dpop""}"
initial-unaffected,bad5174d5f6609ef4d43aec54aacb1e3b8688cad,62470460ca0c98db2731617d2b1b7de3c6974832,fapi-message-p022,DLi85erYi1SO9,tCO3DuH3OS17vlh,fapi2-security-profile-final-ensure-expired-request-object-fails,True,FINISHED,PASSED,PASSED,"{""client_auth_type"":""private_key_jwt"",""fapi_profile"":""plain_fapi"",""fapi_request_method"":""signed_non_repudiation"",""fapi_response_mode"":""plain_response"",""openid"":""openid_connect"",""sender_constrain"":""dpop""}"
initial-unaffected,bad5174d5f6609ef4d43aec54aacb1e3b8688cad,62470460ca0c98db2731617d2b1b7de3c6974832,fapi-message-p022,DLi85erYi1SO9,swYZ1aMgtTHwrOg,fapi2-security-profile-final-ensure-request-object-with-bad-aud-fails,True,FINISHED,PASSED,PASSED,"{""client_auth_type"":""private_key_jwt"",""fapi_profile"":""plain_fapi"",""fapi_request_method"":""signed_non_repudiation"",""fapi_response_mode"":""plain_response"",""openid"":""openid_connect"",""sender_constrain"":""dpop""}"
initial-unaffected,bad5174d5f6609ef4d43aec54aacb1e3b8688cad,62470460ca0c98db2731617d2b1b7de3c6974832,fapi-message-p022,DLi85erYi1SO9,Y4t2J8bTZOjeI6I,fapi2-security-profile-final-ensure-request-object-with-exp-over-60-fails,True,FINISHED,PASSED,PASSED,"{""client_auth_type"":""private_key_jwt"",""fapi_profile"":""plain_fapi"",""fapi_request_method"":""signed_non_repudiation"",""fapi_response_mode"":""plain_response"",""openid"":""openid_connect"",""sender_constrain"":""dpop""}"
initial-unaffected,bad5174d5f6609ef4d43aec54aacb1e3b8688cad,62470460ca0c98db2731617d2b1b7de3c6974832,fapi-message-p022,DLi85erYi1SO9,9afWfMVOmieOc2C,fapi2-security-profile-final-ensure-request-object-with-nbf-over-60-fails,True,FINISHED,PASSED,PASSED,"{""client_auth_type"":""private_key_jwt"",""fapi_profile"":""plain_fapi"",""fapi_request_method"":""signed_non_repudiation"",""fapi_response_mode"":""plain_response"",""openid"":""openid_connect"",""sender_constrain"":""dpop""}"
initial-unaffected,bad5174d5f6609ef4d43aec54aacb1e3b8688cad,62470460ca0c98db2731617d2b1b7de3c6974832,fapi-message-p022,DLi85erYi1SO9,AGjwrdQ68oKxv9g,fapi2-security-profile-final-ensure-signed-request-object-with-RS256-fails,True,FINISHED,PASSED,PASSED,"{""client_auth_type"":""private_key_jwt"",""fapi_profile"":""plain_fapi"",""fapi_request_method"":""signed_non_repudiation"",""fapi_response_mode"":""plain_response"",""openid"":""openid_connect"",""sender_constrain"":""dpop""}"
initial-unaffected,bad5174d5f6609ef4d43aec54aacb1e3b8688cad,62470460ca0c98db2731617d2b1b7de3c6974832,fapi-message-p022,DLi85erYi1SO9,V57Qjix7SyW1AlP,fapi2-security-profile-final-ensure-request-object-signature-algorithm-is-not-none,True,FINISHED,PASSED,PASSED,"{""client_auth_type"":""private_key_jwt"",""fapi_profile"":""plain_fapi"",""fapi_request_method"":""signed_non_repudiation"",""fapi_response_mode"":""plain_response"",""openid"":""openid_connect"",""sender_constrain"":""dpop""}"
initial-unaffected,bad5174d5f6609ef4d43aec54aacb1e3b8688cad,62470460ca0c98db2731617d2b1b7de3c6974832,fapi-message-p022,DLi85erYi1SO9,VK53A48N0of8c5p,fapi2-security-profile-final-ensure-request-object-with-invalid-signature-fails,True,FINISHED,PASSED,PASSED,"{""client_auth_type"":""private_key_jwt"",""fapi_profile"":""plain_fapi"",""fapi_request_method"":""signed_non_repudiation"",""fapi_response_mode"":""plain_response"",""openid"":""openid_connect"",""sender_constrain"":""dpop""}"
initial-unaffected,bad5174d5f6609ef4d43aec54aacb1e3b8688cad,62470460ca0c98db2731617d2b1b7de3c6974832,fapi-message-p022,DLi85erYi1SO9,xTYscFu0RikfYmF,fapi2-security-profile-final-ensure-matching-key-in-authorization-request,True,FINISHED,PASSED,PASSED,"{""client_auth_type"":""private_key_jwt"",""fapi_profile"":""plain_fapi"",""fapi_request_method"":""signed_non_repudiation"",""fapi_response_mode"":""plain_response"",""openid"":""openid_connect"",""sender_constrain"":""dpop""}"
initial-unaffected,bad5174d5f6609ef4d43aec54aacb1e3b8688cad,62470460ca0c98db2731617d2b1b7de3c6974832,fapi-message-p022,DLi85erYi1SO9,Q7FJcjYS9Wp0Ik3,fapi2-security-profile-final-ensure-unsigned-request-at-par-endpoint-fails,True,FINISHED,PASSED,PASSED,"{""client_auth_type"":""private_key_jwt"",""fapi_profile"":""plain_fapi"",""fapi_request_method"":""signed_non_repudiation"",""fapi_response_mode"":""plain_response"",""openid"":""openid_connect"",""sender_constrain"":""dpop""}"
initial-unaffected,bad5174d5f6609ef4d43aec54aacb1e3b8688cad,62470460ca0c98db2731617d2b1b7de3c6974832,fapi-message-p022,DLi85erYi1SO9,WJf0tUeXniCkofm,fapi2-security-profile-final-plain-fapi-tolerate-unregistered-redirect-uri,True,FINISHED,PASSED,PASSED,"{""client_auth_type"":""private_key_jwt"",""fapi_profile"":""plain_fapi"",""fapi_request_method"":""signed_non_repudiation"",""fapi_response_mode"":""plain_response"",""openid"":""openid_connect"",""sender_constrain"":""dpop""}"
initial-unaffected,bad5174d5f6609ef4d43aec54aacb1e3b8688cad,62470460ca0c98db2731617d2b1b7de3c6974832,fapi-message-p022,DLi85erYi1SO9,cVfgqTMOUaV0jOy,fapi2-security-profile-final-ensure-unsigned-authorization-request-without-using-par-fails,True,FINISHED,PASSED,PASSED,"{""client_auth_type"":""private_key_jwt"",""fapi_profile"":""plain_fapi"",""fapi_request_method"":""signed_non_repudiation"",""fapi_response_mode"":""plain_response"",""openid"":""openid_connect"",""sender_constrain"":""dpop""}"
initial-unaffected,bad5174d5f6609ef4d43aec54aacb1e3b8688cad,62470460ca0c98db2731617d2b1b7de3c6974832,fapi-message-p022,DLi85erYi1SO9,mi1eueei6UOxX3I,fapi2-security-profile-final-ensure-redirect-uri-in-authorization-request,True,FINISHED,PASSED,PASSED,"{""client_auth_type"":""private_key_jwt"",""fapi_profile"":""plain_fapi"",""fapi_request_method"":""signed_non_repudiation"",""fapi_response_mode"":""plain_response"",""openid"":""openid_connect"",""sender_constrain"":""dpop""}"
initial-unaffected,bad5174d5f6609ef4d43aec54aacb1e3b8688cad,62470460ca0c98db2731617d2b1b7de3c6974832,fapi-message-p022,DLi85erYi1SO9,J2XDKBUFam6uAI7,fapi2-security-profile-final-ensure-response-type-code-idtoken-fails,True,FINISHED,PASSED,PASSED,"{""client_auth_type"":""private_key_jwt"",""fapi_profile"":""plain_fapi"",""fapi_request_method"":""signed_non_repudiation"",""fapi_response_mode"":""plain_response"",""openid"":""openid_connect"",""sender_constrain"":""dpop""}"
initial-unaffected,bad5174d5f6609ef4d43aec54aacb1e3b8688cad,62470460ca0c98db2731617d2b1b7de3c6974832,fapi-message-p022,DLi85erYi1SO9,yw4bWg6J1eXwMaN,fapi2-security-profile-final-ensure-response-type-token-fails,True,FINISHED,PASSED,PASSED,"{""client_auth_type"":""private_key_jwt"",""fapi_profile"":""plain_fapi"",""fapi_request_method"":""signed_non_repudiation"",""fapi_response_mode"":""plain_response"",""openid"":""openid_connect"",""sender_constrain"":""dpop""}"
initial-unaffected,bad5174d5f6609ef4d43aec54aacb1e3b8688cad,62470460ca0c98db2731617d2b1b7de3c6974832,fapi-message-p022,DLi85erYi1SO9,DW454dBox2xsMpx,fapi2-security-profile-final-ensure-client-id-in-token-endpoint,True,FINISHED,PASSED,PASSED,"{""client_auth_type"":""private_key_jwt"",""fapi_profile"":""plain_fapi"",""fapi_request_method"":""signed_non_repudiation"",""fapi_response_mode"":""plain_response"",""openid"":""openid_connect"",""sender_constrain"":""dpop""}"
initial-unaffected,bad5174d5f6609ef4d43aec54aacb1e3b8688cad,62470460ca0c98db2731617d2b1b7de3c6974832,fapi-message-p022,DLi85erYi1SO9,nKJTKAvs9yb0dB7,fapi2-security-profile-final-ensure-holder-of-key-required,True,FINISHED,PASSED,PASSED,"{""client_auth_type"":""private_key_jwt"",""fapi_profile"":""plain_fapi"",""fapi_request_method"":""signed_non_repudiation"",""fapi_response_mode"":""plain_response"",""openid"":""openid_connect"",""sender_constrain"":""dpop""}"
initial-unaffected,bad5174d5f6609ef4d43aec54aacb1e3b8688cad,62470460ca0c98db2731617d2b1b7de3c6974832,fapi-message-p022,DLi85erYi1SO9,XHMxpqEziaBl8xh,fapi2-security-profile-final-ensure-authorization-code-is-bound-to-client,True,FINISHED,PASSED,PASSED,"{""client_auth_type"":""private_key_jwt"",""fapi_profile"":""plain_fapi"",""fapi_request_method"":""signed_non_repudiation"",""fapi_response_mode"":""plain_response"",""openid"":""openid_connect"",""sender_constrain"":""dpop""}"
initial-unaffected,bad5174d5f6609ef4d43aec54aacb1e3b8688cad,62470460ca0c98db2731617d2b1b7de3c6974832,fapi-message-p022,DLi85erYi1SO9,MTVIWXI3eLWj2rg,fapi2-security-profile-final-attempt-reuse-authorization-code-after-one-second,True,FINISHED,PASSED,PASSED,"{""client_auth_type"":""private_key_jwt"",""fapi_profile"":""plain_fapi"",""fapi_request_method"":""signed_non_repudiation"",""fapi_response_mode"":""plain_response"",""openid"":""openid_connect"",""sender_constrain"":""dpop""}"
initial-unaffected,bad5174d5f6609ef4d43aec54aacb1e3b8688cad,62470460ca0c98db2731617d2b1b7de3c6974832,fapi-message-p022,DLi85erYi1SO9,CDlpB7T344EYviE,fapi2-security-profile-final-ensure-token-endpoint-fails-with-expired-auth-code,True,FINISHED,PASSED,PASSED,"{""client_auth_type"":""private_key_jwt"",""fapi_profile"":""plain_fapi"",""fapi_request_method"":""signed_non_repudiation"",""fapi_response_mode"":""plain_response"",""openid"":""openid_connect"",""sender_constrain"":""dpop""}"
initial-unaffected,bad5174d5f6609ef4d43aec54aacb1e3b8688cad,62470460ca0c98db2731617d2b1b7de3c6974832,fapi-message-p022,DLi85erYi1SO9,DSlTgLWZPj28fCe,fapi2-security-profile-final-ensure-signed-client-assertion-with-RS256-fails,True,FINISHED,PASSED,PASSED,"{""client_auth_type"":""private_key_jwt"",""fapi_profile"":""plain_fapi"",""fapi_request_method"":""signed_non_repudiation"",""fapi_response_mode"":""plain_response"",""openid"":""openid_connect"",""sender_constrain"":""dpop""}"
initial-unaffected,bad5174d5f6609ef4d43aec54aacb1e3b8688cad,62470460ca0c98db2731617d2b1b7de3c6974832,fapi-message-p022,DLi85erYi1SO9,li7wcuqXj2pnzV2,fapi2-security-profile-final-ensure-client-assertion-in-token-endpoint,True,FINISHED,PASSED,PASSED,"{""client_auth_type"":""private_key_jwt"",""fapi_profile"":""plain_fapi"",""fapi_request_method"":""signed_non_repudiation"",""fapi_response_mode"":""plain_response"",""openid"":""openid_connect"",""sender_constrain"":""dpop""}"
initial-unaffected,bad5174d5f6609ef4d43aec54aacb1e3b8688cad,62470460ca0c98db2731617d2b1b7de3c6974832,fapi-message-p022,DLi85erYi1SO9,C0yiXgcw7sNtGTs,fapi2-security-profile-final-ensure-client-assertion-with-exp-is-5-minutes-in-past-fails,True,FINISHED,PASSED,PASSED,"{""client_auth_type"":""private_key_jwt"",""fapi_profile"":""plain_fapi"",""fapi_request_method"":""signed_non_repudiation"",""fapi_response_mode"":""plain_response"",""openid"":""openid_connect"",""sender_constrain"":""dpop""}"
initial-unaffected,bad5174d5f6609ef4d43aec54aacb1e3b8688cad,62470460ca0c98db2731617d2b1b7de3c6974832,fapi-message-p022,DLi85erYi1SO9,15cUQeh6bmn5AjW,fapi2-security-profile-final-ensure-client-assertion-with-wrong-aud-fails,True,FINISHED,PASSED,PASSED,"{""client_auth_type"":""private_key_jwt"",""fapi_profile"":""plain_fapi"",""fapi_request_method"":""signed_non_repudiation"",""fapi_response_mode"":""plain_response"",""openid"":""openid_connect"",""sender_constrain"":""dpop""}"
initial-unaffected,bad5174d5f6609ef4d43aec54aacb1e3b8688cad,62470460ca0c98db2731617d2b1b7de3c6974832,fapi-message-p022,DLi85erYi1SO9,iNgQ3DAxuL8C0pV,fapi2-security-profile-final-ensure-client-assertion-with-no-sub-fails,True,FINISHED,PASSED,PASSED,"{""client_auth_type"":""private_key_jwt"",""fapi_profile"":""plain_fapi"",""fapi_request_method"":""signed_non_repudiation"",""fapi_response_mode"":""plain_response"",""openid"":""openid_connect"",""sender_constrain"":""dpop""}"
initial-unaffected,bad5174d5f6609ef4d43aec54aacb1e3b8688cad,62470460ca0c98db2731617d2b1b7de3c6974832,fapi-message-p022,DLi85erYi1SO9,ezlk4cBuBeFuzDt,fapi2-security-profile-final-ensure-invalid-client-assertions-fail,True,FINISHED,PASSED,PASSED,"{""client_auth_type"":""private_key_jwt"",""fapi_profile"":""plain_fapi"",""fapi_request_method"":""signed_non_repudiation"",""fapi_response_mode"":""plain_response"",""openid"":""openid_connect"",""sender_constrain"":""dpop""}"
initial-unaffected,bad5174d5f6609ef4d43aec54aacb1e3b8688cad,62470460ca0c98db2731617d2b1b7de3c6974832,fapi-message-p022,DLi85erYi1SO9,vpBhuPeYwi3TyTJ,fapi2-security-profile-final-dpop-negative-tests,True,FINISHED,PASSED,PASSED,"{""client_auth_type"":""private_key_jwt"",""fapi_profile"":""plain_fapi"",""fapi_request_method"":""signed_non_repudiation"",""fapi_response_mode"":""plain_response"",""openid"":""openid_connect"",""sender_constrain"":""dpop""}"
initial-unaffected,bad5174d5f6609ef4d43aec54aacb1e3b8688cad,62470460ca0c98db2731617d2b1b7de3c6974832,fapi-message-p022,DLi85erYi1SO9,FMzo28VKKuWjZ8Z,fapi2-security-profile-final-refresh-token,True,FINISHED,PASSED,PASSED,"{""client_auth_type"":""private_key_jwt"",""fapi_profile"":""plain_fapi"",""fapi_request_method"":""signed_non_repudiation"",""fapi_response_mode"":""plain_response"",""openid"":""openid_connect"",""sender_constrain"":""dpop""}"
initial-unaffected,bad5174d5f6609ef4d43aec54aacb1e3b8688cad,62470460ca0c98db2731617d2b1b7de3c6974832,fapi-message-p022,DLi85erYi1SO9,vcNZmPjaAxhno0Y,fapi2-security-profile-final-par-ensure-reused-request-uri-prior-to-auth-completion-succeeds,True,FINISHED,PASSED,PASSED,"{""client_auth_type"":""private_key_jwt"",""fapi_profile"":""plain_fapi"",""fapi_request_method"":""signed_non_repudiation"",""fapi_response_mode"":""plain_response"",""openid"":""openid_connect"",""sender_constrain"":""dpop""}"
initial-unaffected,bad5174d5f6609ef4d43aec54aacb1e3b8688cad,62470460ca0c98db2731617d2b1b7de3c6974832,fapi-message-p022,DLi85erYi1SO9,5WtuRcNkJpYxgJZ,fapi2-security-profile-final-par-attempt-reuse-request_uri,True,FINISHED,PASSED,PASSED,"{""client_auth_type"":""private_key_jwt"",""fapi_profile"":""plain_fapi"",""fapi_request_method"":""signed_non_repudiation"",""fapi_response_mode"":""plain_response"",""openid"":""openid_connect"",""sender_constrain"":""dpop""}"
initial-unaffected,bad5174d5f6609ef4d43aec54aacb1e3b8688cad,62470460ca0c98db2731617d2b1b7de3c6974832,fapi-message-p022,DLi85erYi1SO9,493In1FSCRzd1Rg,fapi2-security-profile-final-par-attempt-to-use-expired-request_uri,True,FINISHED,PASSED,PASSED,"{""client_auth_type"":""private_key_jwt"",""fapi_profile"":""plain_fapi"",""fapi_request_method"":""signed_non_repudiation"",""fapi_response_mode"":""plain_response"",""openid"":""openid_connect"",""sender_constrain"":""dpop""}"
initial-unaffected,bad5174d5f6609ef4d43aec54aacb1e3b8688cad,62470460ca0c98db2731617d2b1b7de3c6974832,fapi-message-p022,DLi85erYi1SO9,UZTomoux89ukFsb,fapi2-security-profile-final-par-attempt-to-use-request_uri-for-different-client,True,FINISHED,PASSED,PASSED,"{""client_auth_type"":""private_key_jwt"",""fapi_profile"":""plain_fapi"",""fapi_request_method"":""signed_non_repudiation"",""fapi_response_mode"":""plain_response"",""openid"":""openid_connect"",""sender_constrain"":""dpop""}"
initial-unaffected,bad5174d5f6609ef4d43aec54aacb1e3b8688cad,62470460ca0c98db2731617d2b1b7de3c6974832,fapi-message-p022,DLi85erYi1SO9,ICWGa0pMEgbWfgM,fapi2-security-profile-final-par-authorization-request-containing-request_uri-form-param,True,FINISHED,PASSED,PASSED,"{""client_auth_type"":""private_key_jwt"",""fapi_profile"":""plain_fapi"",""fapi_request_method"":""signed_non_repudiation"",""fapi_response_mode"":""plain_response"",""openid"":""openid_connect"",""sender_constrain"":""dpop""}"
initial-unaffected,bad5174d5f6609ef4d43aec54aacb1e3b8688cad,62470460ca0c98db2731617d2b1b7de3c6974832,fapi-message-p022,DLi85erYi1SO9,mdVybQWkg7mj68N,fapi2-security-profile-final-par-attempt-invalid-http-method,True,FINISHED,PASSED,PASSED,"{""client_auth_type"":""private_key_jwt"",""fapi_profile"":""plain_fapi"",""fapi_request_method"":""signed_non_repudiation"",""fapi_response_mode"":""plain_response"",""openid"":""openid_connect"",""sender_constrain"":""dpop""}"
initial-unaffected,bad5174d5f6609ef4d43aec54aacb1e3b8688cad,62470460ca0c98db2731617d2b1b7de3c6974832,fapi-message-p022,DLi85erYi1SO9,GpV2SSe0LjbGXVM,fapi2-security-profile-final-par-ensure-pkce-required,True,FINISHED,PASSED,PASSED,"{""client_auth_type"":""private_key_jwt"",""fapi_profile"":""plain_fapi"",""fapi_request_method"":""signed_non_repudiation"",""fapi_response_mode"":""plain_response"",""openid"":""openid_connect"",""sender_constrain"":""dpop""}"
initial-unaffected,bad5174d5f6609ef4d43aec54aacb1e3b8688cad,62470460ca0c98db2731617d2b1b7de3c6974832,fapi-message-p022,DLi85erYi1SO9,mLn4GPf1w64kR9E,fapi2-security-profile-final-ensure-pkce-code-verifier-required,True,FINISHED,PASSED,PASSED,"{""client_auth_type"":""private_key_jwt"",""fapi_profile"":""plain_fapi"",""fapi_request_method"":""signed_non_repudiation"",""fapi_response_mode"":""plain_response"",""openid"":""openid_connect"",""sender_constrain"":""dpop""}"
initial-unaffected,bad5174d5f6609ef4d43aec54aacb1e3b8688cad,62470460ca0c98db2731617d2b1b7de3c6974832,fapi-message-p022,DLi85erYi1SO9,960lVe6jQKcfnlH,fapi2-security-profile-final-incorrect-pkce-code-verifier-rejected,True,FINISHED,PASSED,PASSED,"{""client_auth_type"":""private_key_jwt"",""fapi_profile"":""plain_fapi"",""fapi_request_method"":""signed_non_repudiation"",""fapi_response_mode"":""plain_response"",""openid"":""openid_connect"",""sender_constrain"":""dpop""}"
initial-unaffected,bad5174d5f6609ef4d43aec54aacb1e3b8688cad,62470460ca0c98db2731617d2b1b7de3c6974832,fapi-message-p022,DLi85erYi1SO9,F199hytzb0TJDTV,fapi2-security-profile-final-par-plain-pkce-rejected,True,FINISHED,PASSED,PASSED,"{""client_auth_type"":""private_key_jwt"",""fapi_profile"":""plain_fapi"",""fapi_request_method"":""signed_non_repudiation"",""fapi_response_mode"":""plain_response"",""openid"":""openid_connect"",""sender_constrain"":""dpop""}"
initial-unaffected,bad5174d5f6609ef4d43aec54aacb1e3b8688cad,62470460ca0c98db2731617d2b1b7de3c6974832,fapi-message-p022,DLi85erYi1SO9,8fW3fkz2TePVtzf,fapi2-security-profile-final-par-authorization-request-containing-request_uri,True,FINISHED,PASSED,PASSED,"{""client_auth_type"":""private_key_jwt"",""fapi_profile"":""plain_fapi"",""fapi_request_method"":""signed_non_repudiation"",""fapi_response_mode"":""plain_response"",""openid"":""openid_connect"",""sender_constrain"":""dpop""}"
initial-unaffected,bad5174d5f6609ef4d43aec54aacb1e3b8688cad,62470460ca0c98db2731617d2b1b7de3c6974832,fapi-message-p022,DLi85erYi1SO9,Rf2CfJgFAoaPXWb,fapi2-security-profile-final-par-without-duplicate-parameters,True,FINISHED,PASSED,PASSED,"{""client_auth_type"":""private_key_jwt"",""fapi_profile"":""plain_fapi"",""fapi_request_method"":""signed_non_repudiation"",""fapi_response_mode"":""plain_response"",""openid"":""openid_connect"",""sender_constrain"":""dpop""}"
initial-unaffected,bad5174d5f6609ef4d43aec54aacb1e3b8688cad,62470460ca0c98db2731617d2b1b7de3c6974832,fapi-message-p023,AfsqfKQquVVhT,fYTCZCcIO04ptk2,fapi2-security-profile-final-discovery-end-point-verification,True,FINISHED,PASSED,PASSED,"{""client_auth_type"":""private_key_jwt"",""fapi_profile"":""plain_fapi"",""fapi_request_method"":""signed_non_repudiation"",""fapi_response_mode"":""jarm"",""openid"":""openid_connect"",""sender_constrain"":""dpop""}"
initial-unaffected,bad5174d5f6609ef4d43aec54aacb1e3b8688cad,62470460ca0c98db2731617d2b1b7de3c6974832,fapi-message-p023,AfsqfKQquVVhT,JOwcl9k7mqw6Mvi,fapi2-security-profile-final-happy-flow,True,FINISHED,PASSED,PASSED,"{""client_auth_type"":""private_key_jwt"",""fapi_profile"":""plain_fapi"",""fapi_request_method"":""signed_non_repudiation"",""fapi_response_mode"":""jarm"",""openid"":""openid_connect"",""sender_constrain"":""dpop""}"
initial-unaffected,bad5174d5f6609ef4d43aec54aacb1e3b8688cad,62470460ca0c98db2731617d2b1b7de3c6974832,fapi-message-p023,AfsqfKQquVVhT,9jF0ybLSmJkjSB1,fapi2-security-profile-final-user-rejects-authentication,True,FINISHED,PASSED,PASSED,"{""client_auth_type"":""private_key_jwt"",""fapi_profile"":""plain_fapi"",""fapi_request_method"":""signed_non_repudiation"",""fapi_response_mode"":""jarm"",""openid"":""openid_connect"",""sender_constrain"":""dpop""}"
initial-unaffected,bad5174d5f6609ef4d43aec54aacb1e3b8688cad,62470460ca0c98db2731617d2b1b7de3c6974832,fapi-message-p023,AfsqfKQquVVhT,ZZKYjkeXKA7eO0M,fapi2-security-profile-final-ensure-request-object-with-multiple-aud-succeeds,True,FINISHED,PASSED,PASSED,"{""client_auth_type"":""private_key_jwt"",""fapi_profile"":""plain_fapi"",""fapi_request_method"":""signed_non_repudiation"",""fapi_response_mode"":""jarm"",""openid"":""openid_connect"",""sender_constrain"":""dpop""}"
initial-unaffected,bad5174d5f6609ef4d43aec54aacb1e3b8688cad,62470460ca0c98db2731617d2b1b7de3c6974832,fapi-message-p023,AfsqfKQquVVhT,r0F1wvg9NPsjKLQ,fapi2-security-profile-final-ensure-authorization-request-without-state-success,True,FINISHED,PASSED,PASSED,"{""client_auth_type"":""private_key_jwt"",""fapi_profile"":""plain_fapi"",""fapi_request_method"":""signed_non_repudiation"",""fapi_response_mode"":""jarm"",""openid"":""openid_connect"",""sender_constrain"":""dpop""}"
initial-unaffected,bad5174d5f6609ef4d43aec54aacb1e3b8688cad,62470460ca0c98db2731617d2b1b7de3c6974832,fapi-message-p023,AfsqfKQquVVhT,kXaGpkFIE6FK0A9,fapi2-security-profile-final-ensure-authorization-request-without-nonce-success,True,FINISHED,PASSED,PASSED,"{""client_auth_type"":""private_key_jwt"",""fapi_profile"":""plain_fapi"",""fapi_request_method"":""signed_non_repudiation"",""fapi_response_mode"":""jarm"",""openid"":""openid_connect"",""sender_constrain"":""dpop""}"
initial-unaffected,bad5174d5f6609ef4d43aec54aacb1e3b8688cad,62470460ca0c98db2731617d2b1b7de3c6974832,fapi-message-p023,AfsqfKQquVVhT,rqeB5X18lRxEpHk,fapi2-security-profile-final-ensure-authorization-request-with-64-char-nonce-success,True,FINISHED,PASSED,PASSED,"{""client_auth_type"":""private_key_jwt"",""fapi_profile"":""plain_fapi"",""fapi_request_method"":""signed_non_repudiation"",""fapi_response_mode"":""jarm"",""openid"":""openid_connect"",""sender_constrain"":""dpop""}"
initial-unaffected,bad5174d5f6609ef4d43aec54aacb1e3b8688cad,62470460ca0c98db2731617d2b1b7de3c6974832,fapi-message-p023,AfsqfKQquVVhT,vboQjcBKg1s5jiv,fapi2-security-profile-final-ensure-other-scope-order-succeeds,True,FINISHED,PASSED,PASSED,"{""client_auth_type"":""private_key_jwt"",""fapi_profile"":""plain_fapi"",""fapi_request_method"":""signed_non_repudiation"",""fapi_response_mode"":""jarm"",""openid"":""openid_connect"",""sender_constrain"":""dpop""}"
initial-unaffected,bad5174d5f6609ef4d43aec54aacb1e3b8688cad,62470460ca0c98db2731617d2b1b7de3c6974832,fapi-message-p023,AfsqfKQquVVhT,oJvP2qAzsO6bkdc,fapi2-security-profile-final-test-claims-parameter-identity-claims,True,FINISHED,PASSED,PASSED,"{""client_auth_type"":""private_key_jwt"",""fapi_profile"":""plain_fapi"",""fapi_request_method"":""signed_non_repudiation"",""fapi_response_mode"":""jarm"",""openid"":""openid_connect"",""sender_constrain"":""dpop""}"
initial-unaffected,bad5174d5f6609ef4d43aec54aacb1e3b8688cad,62470460ca0c98db2731617d2b1b7de3c6974832,fapi-message-p023,AfsqfKQquVVhT,cj1L7VG57PRbHfO,fapi2-security-profile-final-access-token-type-header-case-sensitivity,True,FINISHED,PASSED,PASSED,"{""client_auth_type"":""private_key_jwt"",""fapi_profile"":""plain_fapi"",""fapi_request_method"":""signed_non_repudiation"",""fapi_response_mode"":""jarm"",""openid"":""openid_connect"",""sender_constrain"":""dpop""}"
initial-unaffected,bad5174d5f6609ef4d43aec54aacb1e3b8688cad,62470460ca0c98db2731617d2b1b7de3c6974832,fapi-message-p023,AfsqfKQquVVhT,q48CB9VBVEdeyhE,fapi2-security-profile-final-ensure-request-object-with-nbf-8-seconds-in-the-future-is-accepted,True,FINISHED,PASSED,PASSED,"{""client_auth_type"":""private_key_jwt"",""fapi_profile"":""plain_fapi"",""fapi_request_method"":""signed_non_repudiation"",""fapi_response_mode"":""jarm"",""openid"":""openid_connect"",""sender_constrain"":""dpop""}"
initial-unaffected,bad5174d5f6609ef4d43aec54aacb1e3b8688cad,62470460ca0c98db2731617d2b1b7de3c6974832,fapi-message-p023,AfsqfKQquVVhT,7pd13BOqBl8Kk2Q,fapi2-security-profile-final-check-dpop-proof-nbf-exp,True,FINISHED,PASSED,PASSED,"{""client_auth_type"":""private_key_jwt"",""fapi_profile"":""plain_fapi"",""fapi_request_method"":""signed_non_repudiation"",""fapi_response_mode"":""jarm"",""openid"":""openid_connect"",""sender_constrain"":""dpop""}"
initial-unaffected,bad5174d5f6609ef4d43aec54aacb1e3b8688cad,62470460ca0c98db2731617d2b1b7de3c6974832,fapi-message-p023,AfsqfKQquVVhT,9qSXGepgLVjH6M7,fapi2-security-profile-final-ensure-dpopproof-with-iat-10seconds-before-succeeds,True,FINISHED,PASSED,PASSED,"{""client_auth_type"":""private_key_jwt"",""fapi_profile"":""plain_fapi"",""fapi_request_method"":""signed_non_repudiation"",""fapi_response_mode"":""jarm"",""openid"":""openid_connect"",""sender_constrain"":""dpop""}"
initial-unaffected,bad5174d5f6609ef4d43aec54aacb1e3b8688cad,62470460ca0c98db2731617d2b1b7de3c6974832,fapi-message-p023,AfsqfKQquVVhT,9qQO43iuAefoH2P,fapi2-security-profile-final-ensure-dpopproof-with-iat-10seconds-after-succeeds,True,FINISHED,PASSED,PASSED,"{""client_auth_type"":""private_key_jwt"",""fapi_profile"":""plain_fapi"",""fapi_request_method"":""signed_non_repudiation"",""fapi_response_mode"":""jarm"",""openid"":""openid_connect"",""sender_constrain"":""dpop""}"
initial-unaffected,bad5174d5f6609ef4d43aec54aacb1e3b8688cad,62470460ca0c98db2731617d2b1b7de3c6974832,fapi-message-p023,AfsqfKQquVVhT,Q5nNjpLBZTC5MAi,fapi2-security-profile-final-ensure-mismatched-dpop-jkt-fails,True,FINISHED,PASSED,PASSED,"{""client_auth_type"":""private_key_jwt"",""fapi_profile"":""plain_fapi"",""fapi_request_method"":""signed_non_repudiation"",""fapi_response_mode"":""jarm"",""openid"":""openid_connect"",""sender_constrain"":""dpop""}"
initial-unaffected,bad5174d5f6609ef4d43aec54aacb1e3b8688cad,62470460ca0c98db2731617d2b1b7de3c6974832,fapi-message-p023,AfsqfKQquVVhT,gfYFwC6RSFCAnPY,fapi2-security-profile-final-ensure-token-endpoint-fails-with-mismatched-dpop-proof-jkt,True,FINISHED,PASSED,PASSED,"{""client_auth_type"":""private_key_jwt"",""fapi_profile"":""plain_fapi"",""fapi_request_method"":""signed_non_repudiation"",""fapi_response_mode"":""jarm"",""openid"":""openid_connect"",""sender_constrain"":""dpop""}"
initial-unaffected,bad5174d5f6609ef4d43aec54aacb1e3b8688cad,62470460ca0c98db2731617d2b1b7de3c6974832,fapi-message-p023,AfsqfKQquVVhT,8BhsXa3ew3tgrKL,fapi2-security-profile-final-ensure-token-endpoint-fails-with-mismatched-dpop-jkt,True,FINISHED,PASSED,PASSED,"{""client_auth_type"":""private_key_jwt"",""fapi_profile"":""plain_fapi"",""fapi_request_method"":""signed_non_repudiation"",""fapi_response_mode"":""jarm"",""openid"":""openid_connect"",""sender_constrain"":""dpop""}"
initial-unaffected,bad5174d5f6609ef4d43aec54aacb1e3b8688cad,62470460ca0c98db2731617d2b1b7de3c6974832,fapi-message-p023,AfsqfKQquVVhT,mlGlbM4RccU9Lee,fapi2-security-profile-final-ensure-dpopproof-at-par-endpoint-binding-success,True,FINISHED,PASSED,PASSED,"{""client_auth_type"":""private_key_jwt"",""fapi_profile"":""plain_fapi"",""fapi_request_method"":""signed_non_repudiation"",""fapi_response_mode"":""jarm"",""openid"":""openid_connect"",""sender_constrain"":""dpop""}"
initial-unaffected,bad5174d5f6609ef4d43aec54aacb1e3b8688cad,62470460ca0c98db2731617d2b1b7de3c6974832,fapi-message-p023,AfsqfKQquVVhT,GIuB12BMlOt5Gzu,fapi2-security-profile-final-ensure-dpop-auth-code-binding-success,True,FINISHED,PASSED,PASSED,"{""client_auth_type"":""private_key_jwt"",""fapi_profile"":""plain_fapi"",""fapi_request_method"":""signed_non_repudiation"",""fapi_response_mode"":""jarm"",""openid"":""openid_connect"",""sender_constrain"":""dpop""}"
initial-unaffected,bad5174d5f6609ef4d43aec54aacb1e3b8688cad,62470460ca0c98db2731617d2b1b7de3c6974832,fapi-message-p023,AfsqfKQquVVhT,INyBuukrKhty9Mx,fapi2-security-profile-final-ensure-different-nonce-inside-and-outside-request-object,True,FINISHED,PASSED,PASSED,"{""client_auth_type"":""private_key_jwt"",""fapi_profile"":""plain_fapi"",""fapi_request_method"":""signed_non_repudiation"",""fapi_response_mode"":""jarm"",""openid"":""openid_connect"",""sender_constrain"":""dpop""}"
initial-unaffected,bad5174d5f6609ef4d43aec54aacb1e3b8688cad,62470460ca0c98db2731617d2b1b7de3c6974832,fapi-message-p023,AfsqfKQquVVhT,gNKqsJTOxvXbS0Q,fapi2-security-profile-final-ensure-different-state-inside-and-outside-request-object,True,FINISHED,PASSED,PASSED,"{""client_auth_type"":""private_key_jwt"",""fapi_profile"":""plain_fapi"",""fapi_request_method"":""signed_non_repudiation"",""fapi_response_mode"":""jarm"",""openid"":""openid_connect"",""sender_constrain"":""dpop""}"
initial-unaffected,bad5174d5f6609ef4d43aec54aacb1e3b8688cad,62470460ca0c98db2731617d2b1b7de3c6974832,fapi-message-p023,AfsqfKQquVVhT,zNVxUOiVZdWpLvm,fapi2-security-profile-final-ensure-authorization-request-with-long-nonce,True,FINISHED,PASSED,PASSED,"{""client_auth_type"":""private_key_jwt"",""fapi_profile"":""plain_fapi"",""fapi_request_method"":""signed_non_repudiation"",""fapi_response_mode"":""jarm"",""openid"":""openid_connect"",""sender_constrain"":""dpop""}"
initial-unaffected,bad5174d5f6609ef4d43aec54aacb1e3b8688cad,62470460ca0c98db2731617d2b1b7de3c6974832,fapi-message-p023,AfsqfKQquVVhT,NxTfMxtVpxin8fR,fapi2-security-profile-final-ensure-authorization-request-with-long-state,True,FINISHED,PASSED,PASSED,"{""client_auth_type"":""private_key_jwt"",""fapi_profile"":""plain_fapi"",""fapi_request_method"":""signed_non_repudiation"",""fapi_response_mode"":""jarm"",""openid"":""openid_connect"",""sender_constrain"":""dpop""}"
initial-unaffected,bad5174d5f6609ef4d43aec54aacb1e3b8688cad,62470460ca0c98db2731617d2b1b7de3c6974832,fapi-message-p023,AfsqfKQquVVhT,aP9dakhvT8l4u1t,fapi2-security-profile-final-ensure-request-object-without-exp-fails,True,FINISHED,PASSED,PASSED,"{""client_auth_type"":""private_key_jwt"",""fapi_profile"":""plain_fapi"",""fapi_request_method"":""signed_non_repudiation"",""fapi_response_mode"":""jarm"",""openid"":""openid_connect"",""sender_constrain"":""dpop""}"
initial-unaffected,bad5174d5f6609ef4d43aec54aacb1e3b8688cad,62470460ca0c98db2731617d2b1b7de3c6974832,fapi-message-p023,AfsqfKQquVVhT,bMJJy7jhSvxbMCn,fapi2-security-profile-final-ensure-request-object-without-nbf-fails,True,FINISHED,PASSED,PASSED,"{""client_auth_type"":""private_key_jwt"",""fapi_profile"":""plain_fapi"",""fapi_request_method"":""signed_non_repudiation"",""fapi_response_mode"":""jarm"",""openid"":""openid_connect"",""sender_constrain"":""dpop""}"
initial-unaffected,bad5174d5f6609ef4d43aec54aacb1e3b8688cad,62470460ca0c98db2731617d2b1b7de3c6974832,fapi-message-p023,AfsqfKQquVVhT,F4owfWENDm5e7Iu,fapi2-security-profile-final-state-only-outside-request-object-not-used,True,FINISHED,PASSED,PASSED,"{""client_auth_type"":""private_key_jwt"",""fapi_profile"":""plain_fapi"",""fapi_request_method"":""signed_non_repudiation"",""fapi_response_mode"":""jarm"",""openid"":""openid_connect"",""sender_constrain"":""dpop""}"
initial-unaffected,bad5174d5f6609ef4d43aec54aacb1e3b8688cad,62470460ca0c98db2731617d2b1b7de3c6974832,fapi-message-p023,AfsqfKQquVVhT,aULtjGylu0U25hZ,fapi2-security-profile-final-ensure-request-object-without-redirect-uri-fails,True,FINISHED,PASSED,PASSED,"{""client_auth_type"":""private_key_jwt"",""fapi_profile"":""plain_fapi"",""fapi_request_method"":""signed_non_repudiation"",""fapi_response_mode"":""jarm"",""openid"":""openid_connect"",""sender_constrain"":""dpop""}"
initial-unaffected,bad5174d5f6609ef4d43aec54aacb1e3b8688cad,62470460ca0c98db2731617d2b1b7de3c6974832,fapi-message-p023,AfsqfKQquVVhT,PfOjqEcDBFgUrxZ,fapi2-security-profile-final-ensure-expired-request-object-fails,True,FINISHED,PASSED,PASSED,"{""client_auth_type"":""private_key_jwt"",""fapi_profile"":""plain_fapi"",""fapi_request_method"":""signed_non_repudiation"",""fapi_response_mode"":""jarm"",""openid"":""openid_connect"",""sender_constrain"":""dpop""}"
initial-unaffected,bad5174d5f6609ef4d43aec54aacb1e3b8688cad,62470460ca0c98db2731617d2b1b7de3c6974832,fapi-message-p023,AfsqfKQquVVhT,Q3zUON9IKJUZSI3,fapi2-security-profile-final-ensure-request-object-with-bad-aud-fails,True,FINISHED,PASSED,PASSED,"{""client_auth_type"":""private_key_jwt"",""fapi_profile"":""plain_fapi"",""fapi_request_method"":""signed_non_repudiation"",""fapi_response_mode"":""jarm"",""openid"":""openid_connect"",""sender_constrain"":""dpop""}"
initial-unaffected,bad5174d5f6609ef4d43aec54aacb1e3b8688cad,62470460ca0c98db2731617d2b1b7de3c6974832,fapi-message-p023,AfsqfKQquVVhT,fipqdveYD3hpmA1,fapi2-security-profile-final-ensure-request-object-with-exp-over-60-fails,True,FINISHED,PASSED,PASSED,"{""client_auth_type"":""private_key_jwt"",""fapi_profile"":""plain_fapi"",""fapi_request_method"":""signed_non_repudiation"",""fapi_response_mode"":""jarm"",""openid"":""openid_connect"",""sender_constrain"":""dpop""}"
initial-unaffected,bad5174d5f6609ef4d43aec54aacb1e3b8688cad,62470460ca0c98db2731617d2b1b7de3c6974832,fapi-message-p023,AfsqfKQquVVhT,KDvBS5y0RzvDPJL,fapi2-security-profile-final-ensure-request-object-with-nbf-over-60-fails,True,FINISHED,PASSED,PASSED,"{""client_auth_type"":""private_key_jwt"",""fapi_profile"":""plain_fapi"",""fapi_request_method"":""signed_non_repudiation"",""fapi_response_mode"":""jarm"",""openid"":""openid_connect"",""sender_constrain"":""dpop""}"
initial-unaffected,bad5174d5f6609ef4d43aec54aacb1e3b8688cad,62470460ca0c98db2731617d2b1b7de3c6974832,fapi-message-p023,AfsqfKQquVVhT,FBidemV8yqMDJvp,fapi2-security-profile-final-ensure-signed-request-object-with-RS256-fails,True,FINISHED,PASSED,PASSED,"{""client_auth_type"":""private_key_jwt"",""fapi_profile"":""plain_fapi"",""fapi_request_method"":""signed_non_repudiation"",""fapi_response_mode"":""jarm"",""openid"":""openid_connect"",""sender_constrain"":""dpop""}"
initial-unaffected,bad5174d5f6609ef4d43aec54aacb1e3b8688cad,62470460ca0c98db2731617d2b1b7de3c6974832,fapi-message-p023,AfsqfKQquVVhT,lvnkkGnOyL4RLk6,fapi2-security-profile-final-ensure-request-object-signature-algorithm-is-not-none,True,FINISHED,PASSED,PASSED,"{""client_auth_type"":""private_key_jwt"",""fapi_profile"":""plain_fapi"",""fapi_request_method"":""signed_non_repudiation"",""fapi_response_mode"":""jarm"",""openid"":""openid_connect"",""sender_constrain"":""dpop""}"
initial-unaffected,bad5174d5f6609ef4d43aec54aacb1e3b8688cad,62470460ca0c98db2731617d2b1b7de3c6974832,fapi-message-p023,AfsqfKQquVVhT,ihnDi5qIAiXOwLn,fapi2-security-profile-final-ensure-request-object-with-invalid-signature-fails,True,FINISHED,PASSED,PASSED,"{""client_auth_type"":""private_key_jwt"",""fapi_profile"":""plain_fapi"",""fapi_request_method"":""signed_non_repudiation"",""fapi_response_mode"":""jarm"",""openid"":""openid_connect"",""sender_constrain"":""dpop""}"
initial-unaffected,bad5174d5f6609ef4d43aec54aacb1e3b8688cad,62470460ca0c98db2731617d2b1b7de3c6974832,fapi-message-p023,AfsqfKQquVVhT,WCr6g6Po48OsR5p,fapi2-security-profile-final-ensure-matching-key-in-authorization-request,True,FINISHED,PASSED,PASSED,"{""client_auth_type"":""private_key_jwt"",""fapi_profile"":""plain_fapi"",""fapi_request_method"":""signed_non_repudiation"",""fapi_response_mode"":""jarm"",""openid"":""openid_connect"",""sender_constrain"":""dpop""}"
initial-unaffected,bad5174d5f6609ef4d43aec54aacb1e3b8688cad,62470460ca0c98db2731617d2b1b7de3c6974832,fapi-message-p023,AfsqfKQquVVhT,hKFmsLVWkFLNaA5,fapi2-security-profile-final-ensure-unsigned-request-at-par-endpoint-fails,True,FINISHED,PASSED,PASSED,"{""client_auth_type"":""private_key_jwt"",""fapi_profile"":""plain_fapi"",""fapi_request_method"":""signed_non_repudiation"",""fapi_response_mode"":""jarm"",""openid"":""openid_connect"",""sender_constrain"":""dpop""}"
initial-unaffected,bad5174d5f6609ef4d43aec54aacb1e3b8688cad,62470460ca0c98db2731617d2b1b7de3c6974832,fapi-message-p023,AfsqfKQquVVhT,yXOzSrgcARHgGmr,fapi2-security-profile-final-plain-fapi-tolerate-unregistered-redirect-uri,True,FINISHED,PASSED,PASSED,"{""client_auth_type"":""private_key_jwt"",""fapi_profile"":""plain_fapi"",""fapi_request_method"":""signed_non_repudiation"",""fapi_response_mode"":""jarm"",""openid"":""openid_connect"",""sender_constrain"":""dpop""}"
initial-unaffected,bad5174d5f6609ef4d43aec54aacb1e3b8688cad,62470460ca0c98db2731617d2b1b7de3c6974832,fapi-message-p023,AfsqfKQquVVhT,nF3gwPl1dnGUE1x,fapi2-security-profile-final-ensure-unsigned-authorization-request-without-using-par-fails,True,FINISHED,PASSED,PASSED,"{""client_auth_type"":""private_key_jwt"",""fapi_profile"":""plain_fapi"",""fapi_request_method"":""signed_non_repudiation"",""fapi_response_mode"":""jarm"",""openid"":""openid_connect"",""sender_constrain"":""dpop""}"
initial-unaffected,bad5174d5f6609ef4d43aec54aacb1e3b8688cad,62470460ca0c98db2731617d2b1b7de3c6974832,fapi-message-p023,AfsqfKQquVVhT,T48lMCpbGBJWcV5,fapi2-security-profile-final-ensure-redirect-uri-in-authorization-request,True,FINISHED,PASSED,PASSED,"{""client_auth_type"":""private_key_jwt"",""fapi_profile"":""plain_fapi"",""fapi_request_method"":""signed_non_repudiation"",""fapi_response_mode"":""jarm"",""openid"":""openid_connect"",""sender_constrain"":""dpop""}"
initial-unaffected,bad5174d5f6609ef4d43aec54aacb1e3b8688cad,62470460ca0c98db2731617d2b1b7de3c6974832,fapi-message-p023,AfsqfKQquVVhT,2y3t4jkRXQm00rs,fapi2-security-profile-final-ensure-response-type-code-idtoken-fails,True,FINISHED,PASSED,PASSED,"{""client_auth_type"":""private_key_jwt"",""fapi_profile"":""plain_fapi"",""fapi_request_method"":""signed_non_repudiation"",""fapi_response_mode"":""jarm"",""openid"":""openid_connect"",""sender_constrain"":""dpop""}"
initial-unaffected,bad5174d5f6609ef4d43aec54aacb1e3b8688cad,62470460ca0c98db2731617d2b1b7de3c6974832,fapi-message-p023,AfsqfKQquVVhT,yqbgZOZiklggJAS,fapi2-security-profile-final-ensure-response-type-token-fails,True,FINISHED,PASSED,PASSED,"{""client_auth_type"":""private_key_jwt"",""fapi_profile"":""plain_fapi"",""fapi_request_method"":""signed_non_repudiation"",""fapi_response_mode"":""jarm"",""openid"":""openid_connect"",""sender_constrain"":""dpop""}"
initial-unaffected,bad5174d5f6609ef4d43aec54aacb1e3b8688cad,62470460ca0c98db2731617d2b1b7de3c6974832,fapi-message-p023,AfsqfKQquVVhT,MB5GO4LPX4QJfH9,fapi2-security-profile-final-ensure-client-id-in-token-endpoint,True,FINISHED,PASSED,PASSED,"{""client_auth_type"":""private_key_jwt"",""fapi_profile"":""plain_fapi"",""fapi_request_method"":""signed_non_repudiation"",""fapi_response_mode"":""jarm"",""openid"":""openid_connect"",""sender_constrain"":""dpop""}"
initial-unaffected,bad5174d5f6609ef4d43aec54aacb1e3b8688cad,62470460ca0c98db2731617d2b1b7de3c6974832,fapi-message-p023,AfsqfKQquVVhT,saOtHA33un8kRWz,fapi2-security-profile-final-ensure-holder-of-key-required,True,FINISHED,PASSED,PASSED,"{""client_auth_type"":""private_key_jwt"",""fapi_profile"":""plain_fapi"",""fapi_request_method"":""signed_non_repudiation"",""fapi_response_mode"":""jarm"",""openid"":""openid_connect"",""sender_constrain"":""dpop""}"
initial-unaffected,bad5174d5f6609ef4d43aec54aacb1e3b8688cad,62470460ca0c98db2731617d2b1b7de3c6974832,fapi-message-p023,AfsqfKQquVVhT,cHnos4qlbDrVsQu,fapi2-security-profile-final-ensure-authorization-code-is-bound-to-client,True,FINISHED,PASSED,PASSED,"{""client_auth_type"":""private_key_jwt"",""fapi_profile"":""plain_fapi"",""fapi_request_method"":""signed_non_repudiation"",""fapi_response_mode"":""jarm"",""openid"":""openid_connect"",""sender_constrain"":""dpop""}"
initial-unaffected,bad5174d5f6609ef4d43aec54aacb1e3b8688cad,62470460ca0c98db2731617d2b1b7de3c6974832,fapi-message-p023,AfsqfKQquVVhT,B0yIf9vn7fqPZSt,fapi2-security-profile-final-attempt-reuse-authorization-code-after-one-second,True,FINISHED,PASSED,PASSED,"{""client_auth_type"":""private_key_jwt"",""fapi_profile"":""plain_fapi"",""fapi_request_method"":""signed_non_repudiation"",""fapi_response_mode"":""jarm"",""openid"":""openid_connect"",""sender_constrain"":""dpop""}"
initial-unaffected,bad5174d5f6609ef4d43aec54aacb1e3b8688cad,62470460ca0c98db2731617d2b1b7de3c6974832,fapi-message-p023,AfsqfKQquVVhT,ZauR2wKFkmWvWaD,fapi2-security-profile-final-ensure-token-endpoint-fails-with-expired-auth-code,True,FINISHED,PASSED,PASSED,"{""client_auth_type"":""private_key_jwt"",""fapi_profile"":""plain_fapi"",""fapi_request_method"":""signed_non_repudiation"",""fapi_response_mode"":""jarm"",""openid"":""openid_connect"",""sender_constrain"":""dpop""}"
initial-unaffected,bad5174d5f6609ef4d43aec54aacb1e3b8688cad,62470460ca0c98db2731617d2b1b7de3c6974832,fapi-message-p023,AfsqfKQquVVhT,tQHRtTUM0oiZsFl,fapi2-security-profile-final-ensure-signed-client-assertion-with-RS256-fails,True,FINISHED,PASSED,PASSED,"{""client_auth_type"":""private_key_jwt"",""fapi_profile"":""plain_fapi"",""fapi_request_method"":""signed_non_repudiation"",""fapi_response_mode"":""jarm"",""openid"":""openid_connect"",""sender_constrain"":""dpop""}"
initial-unaffected,bad5174d5f6609ef4d43aec54aacb1e3b8688cad,62470460ca0c98db2731617d2b1b7de3c6974832,fapi-message-p023,AfsqfKQquVVhT,ncym5k3boIVausy,fapi2-security-profile-final-ensure-client-assertion-in-token-endpoint,True,FINISHED,PASSED,PASSED,"{""client_auth_type"":""private_key_jwt"",""fapi_profile"":""plain_fapi"",""fapi_request_method"":""signed_non_repudiation"",""fapi_response_mode"":""jarm"",""openid"":""openid_connect"",""sender_constrain"":""dpop""}"
initial-unaffected,bad5174d5f6609ef4d43aec54aacb1e3b8688cad,62470460ca0c98db2731617d2b1b7de3c6974832,fapi-message-p023,AfsqfKQquVVhT,0nL2GDDbOrDwRcy,fapi2-security-profile-final-ensure-client-assertion-with-exp-is-5-minutes-in-past-fails,True,FINISHED,PASSED,PASSED,"{""client_auth_type"":""private_key_jwt"",""fapi_profile"":""plain_fapi"",""fapi_request_method"":""signed_non_repudiation"",""fapi_response_mode"":""jarm"",""openid"":""openid_connect"",""sender_constrain"":""dpop""}"
initial-unaffected,bad5174d5f6609ef4d43aec54aacb1e3b8688cad,62470460ca0c98db2731617d2b1b7de3c6974832,fapi-message-p023,AfsqfKQquVVhT,mFjeAc5dQF1hyXG,fapi2-security-profile-final-ensure-client-assertion-with-wrong-aud-fails,True,FINISHED,PASSED,PASSED,"{""client_auth_type"":""private_key_jwt"",""fapi_profile"":""plain_fapi"",""fapi_request_method"":""signed_non_repudiation"",""fapi_response_mode"":""jarm"",""openid"":""openid_connect"",""sender_constrain"":""dpop""}"
initial-unaffected,bad5174d5f6609ef4d43aec54aacb1e3b8688cad,62470460ca0c98db2731617d2b1b7de3c6974832,fapi-message-p023,AfsqfKQquVVhT,jZmNUKHP1r0gpXN,fapi2-security-profile-final-ensure-client-assertion-with-no-sub-fails,True,FINISHED,PASSED,PASSED,"{""client_auth_type"":""private_key_jwt"",""fapi_profile"":""plain_fapi"",""fapi_request_method"":""signed_non_repudiation"",""fapi_response_mode"":""jarm"",""openid"":""openid_connect"",""sender_constrain"":""dpop""}"
initial-unaffected,bad5174d5f6609ef4d43aec54aacb1e3b8688cad,62470460ca0c98db2731617d2b1b7de3c6974832,fapi-message-p023,AfsqfKQquVVhT,HJXFEMUGth16Y2x,fapi2-security-profile-final-ensure-invalid-client-assertions-fail,True,FINISHED,PASSED,PASSED,"{""client_auth_type"":""private_key_jwt"",""fapi_profile"":""plain_fapi"",""fapi_request_method"":""signed_non_repudiation"",""fapi_response_mode"":""jarm"",""openid"":""openid_connect"",""sender_constrain"":""dpop""}"
initial-unaffected,bad5174d5f6609ef4d43aec54aacb1e3b8688cad,62470460ca0c98db2731617d2b1b7de3c6974832,fapi-message-p023,AfsqfKQquVVhT,mlckKkTrIctSESD,fapi2-security-profile-final-dpop-negative-tests,True,FINISHED,PASSED,PASSED,"{""client_auth_type"":""private_key_jwt"",""fapi_profile"":""plain_fapi"",""fapi_request_method"":""signed_non_repudiation"",""fapi_response_mode"":""jarm"",""openid"":""openid_connect"",""sender_constrain"":""dpop""}"
initial-unaffected,bad5174d5f6609ef4d43aec54aacb1e3b8688cad,62470460ca0c98db2731617d2b1b7de3c6974832,fapi-message-p023,AfsqfKQquVVhT,5WdbH1LYk8oaUW8,fapi2-security-profile-final-refresh-token,True,FINISHED,PASSED,PASSED,"{""client_auth_type"":""private_key_jwt"",""fapi_profile"":""plain_fapi"",""fapi_request_method"":""signed_non_repudiation"",""fapi_response_mode"":""jarm"",""openid"":""openid_connect"",""sender_constrain"":""dpop""}"
initial-unaffected,bad5174d5f6609ef4d43aec54aacb1e3b8688cad,62470460ca0c98db2731617d2b1b7de3c6974832,fapi-message-p023,AfsqfKQquVVhT,Xq9vYLqHrNllz3k,fapi2-security-profile-final-par-ensure-reused-request-uri-prior-to-auth-completion-succeeds,True,FINISHED,PASSED,PASSED,"{""client_auth_type"":""private_key_jwt"",""fapi_profile"":""plain_fapi"",""fapi_request_method"":""signed_non_repudiation"",""fapi_response_mode"":""jarm"",""openid"":""openid_connect"",""sender_constrain"":""dpop""}"
initial-unaffected,bad5174d5f6609ef4d43aec54aacb1e3b8688cad,62470460ca0c98db2731617d2b1b7de3c6974832,fapi-message-p023,AfsqfKQquVVhT,SIM1X7sCujq5BWx,fapi2-security-profile-final-par-attempt-reuse-request_uri,True,FINISHED,PASSED,PASSED,"{""client_auth_type"":""private_key_jwt"",""fapi_profile"":""plain_fapi"",""fapi_request_method"":""signed_non_repudiation"",""fapi_response_mode"":""jarm"",""openid"":""openid_connect"",""sender_constrain"":""dpop""}"
initial-unaffected,bad5174d5f6609ef4d43aec54aacb1e3b8688cad,62470460ca0c98db2731617d2b1b7de3c6974832,fapi-message-p023,AfsqfKQquVVhT,AyzXjiEMMLDkrQR,fapi2-security-profile-final-par-attempt-to-use-expired-request_uri,True,FINISHED,PASSED,PASSED,"{""client_auth_type"":""private_key_jwt"",""fapi_profile"":""plain_fapi"",""fapi_request_method"":""signed_non_repudiation"",""fapi_response_mode"":""jarm"",""openid"":""openid_connect"",""sender_constrain"":""dpop""}"
initial-unaffected,bad5174d5f6609ef4d43aec54aacb1e3b8688cad,62470460ca0c98db2731617d2b1b7de3c6974832,fapi-message-p023,AfsqfKQquVVhT,trpzwptwTVsfvmI,fapi2-security-profile-final-par-attempt-to-use-request_uri-for-different-client,True,FINISHED,PASSED,PASSED,"{""client_auth_type"":""private_key_jwt"",""fapi_profile"":""plain_fapi"",""fapi_request_method"":""signed_non_repudiation"",""fapi_response_mode"":""jarm"",""openid"":""openid_connect"",""sender_constrain"":""dpop""}"
initial-unaffected,bad5174d5f6609ef4d43aec54aacb1e3b8688cad,62470460ca0c98db2731617d2b1b7de3c6974832,fapi-message-p023,AfsqfKQquVVhT,JYX4bC2lxk7BCzq,fapi2-security-profile-final-par-authorization-request-containing-request_uri-form-param,True,FINISHED,PASSED,PASSED,"{""client_auth_type"":""private_key_jwt"",""fapi_profile"":""plain_fapi"",""fapi_request_method"":""signed_non_repudiation"",""fapi_response_mode"":""jarm"",""openid"":""openid_connect"",""sender_constrain"":""dpop""}"
initial-unaffected,bad5174d5f6609ef4d43aec54aacb1e3b8688cad,62470460ca0c98db2731617d2b1b7de3c6974832,fapi-message-p023,AfsqfKQquVVhT,oHeLkTl5vjYdAVk,fapi2-security-profile-final-par-attempt-invalid-http-method,True,FINISHED,PASSED,PASSED,"{""client_auth_type"":""private_key_jwt"",""fapi_profile"":""plain_fapi"",""fapi_request_method"":""signed_non_repudiation"",""fapi_response_mode"":""jarm"",""openid"":""openid_connect"",""sender_constrain"":""dpop""}"
initial-unaffected,bad5174d5f6609ef4d43aec54aacb1e3b8688cad,62470460ca0c98db2731617d2b1b7de3c6974832,fapi-message-p023,AfsqfKQquVVhT,PuCYetRo6wUbp6U,fapi2-security-profile-final-par-ensure-pkce-required,True,FINISHED,PASSED,PASSED,"{""client_auth_type"":""private_key_jwt"",""fapi_profile"":""plain_fapi"",""fapi_request_method"":""signed_non_repudiation"",""fapi_response_mode"":""jarm"",""openid"":""openid_connect"",""sender_constrain"":""dpop""}"
initial-unaffected,bad5174d5f6609ef4d43aec54aacb1e3b8688cad,62470460ca0c98db2731617d2b1b7de3c6974832,fapi-message-p023,AfsqfKQquVVhT,hgfnwwInRpFDdlO,fapi2-security-profile-final-ensure-pkce-code-verifier-required,True,FINISHED,PASSED,PASSED,"{""client_auth_type"":""private_key_jwt"",""fapi_profile"":""plain_fapi"",""fapi_request_method"":""signed_non_repudiation"",""fapi_response_mode"":""jarm"",""openid"":""openid_connect"",""sender_constrain"":""dpop""}"
initial-unaffected,bad5174d5f6609ef4d43aec54aacb1e3b8688cad,62470460ca0c98db2731617d2b1b7de3c6974832,fapi-message-p023,AfsqfKQquVVhT,R2gI4STIDzoxbce,fapi2-security-profile-final-incorrect-pkce-code-verifier-rejected,True,FINISHED,PASSED,PASSED,"{""client_auth_type"":""private_key_jwt"",""fapi_profile"":""plain_fapi"",""fapi_request_method"":""signed_non_repudiation"",""fapi_response_mode"":""jarm"",""openid"":""openid_connect"",""sender_constrain"":""dpop""}"
initial-unaffected,bad5174d5f6609ef4d43aec54aacb1e3b8688cad,62470460ca0c98db2731617d2b1b7de3c6974832,fapi-message-p023,AfsqfKQquVVhT,ALzitvwLdGDyGEI,fapi2-security-profile-final-par-plain-pkce-rejected,True,FINISHED,PASSED,PASSED,"{""client_auth_type"":""private_key_jwt"",""fapi_profile"":""plain_fapi"",""fapi_request_method"":""signed_non_repudiation"",""fapi_response_mode"":""jarm"",""openid"":""openid_connect"",""sender_constrain"":""dpop""}"
initial-unaffected,bad5174d5f6609ef4d43aec54aacb1e3b8688cad,62470460ca0c98db2731617d2b1b7de3c6974832,fapi-message-p023,AfsqfKQquVVhT,I6X2j9sQXuxVSRo,fapi2-security-profile-final-par-authorization-request-containing-request_uri,True,FINISHED,PASSED,PASSED,"{""client_auth_type"":""private_key_jwt"",""fapi_profile"":""plain_fapi"",""fapi_request_method"":""signed_non_repudiation"",""fapi_response_mode"":""jarm"",""openid"":""openid_connect"",""sender_constrain"":""dpop""}"
initial-unaffected,bad5174d5f6609ef4d43aec54aacb1e3b8688cad,62470460ca0c98db2731617d2b1b7de3c6974832,fapi-message-p023,AfsqfKQquVVhT,gpGhQA3gs5x0JHk,fapi2-security-profile-final-par-without-duplicate-parameters,True,FINISHED,PASSED,PASSED,"{""client_auth_type"":""private_key_jwt"",""fapi_profile"":""plain_fapi"",""fapi_request_method"":""signed_non_repudiation"",""fapi_response_mode"":""jarm"",""openid"":""openid_connect"",""sender_constrain"":""dpop""}"
initial-unaffected,bad5174d5f6609ef4d43aec54aacb1e3b8688cad,62470460ca0c98db2731617d2b1b7de3c6974832,fapi-security-credentials-p024,MtAaJiR2ajsJ8,XS0kIkUrL9giBBu,fapi2-security-profile-final-discovery-end-point-verification,True,FINISHED,PASSED,PASSED,"{""client_auth_type"":""private_key_jwt"",""fapi_profile"":""fapi_client_credentials_grant"",""fapi_request_method"":""unsigned"",""fapi_response_mode"":""plain_response"",""openid"":""plain_oauth"",""sender_constrain"":""dpop""}"
initial-unaffected,bad5174d5f6609ef4d43aec54aacb1e3b8688cad,62470460ca0c98db2731617d2b1b7de3c6974832,fapi-security-credentials-p024,MtAaJiR2ajsJ8,yEONaGAigd687Ir,fapi2-security-profile-final-happy-flow,True,FINISHED,WARNING,WARNING,"{""client_auth_type"":""private_key_jwt"",""fapi_profile"":""fapi_client_credentials_grant"",""fapi_request_method"":""unsigned"",""fapi_response_mode"":""plain_response"",""openid"":""plain_oauth"",""sender_constrain"":""dpop""}"
initial-unaffected,bad5174d5f6609ef4d43aec54aacb1e3b8688cad,62470460ca0c98db2731617d2b1b7de3c6974832,fapi-security-credentials-p024,MtAaJiR2ajsJ8,nj75EEHg1bts1vP,fapi2-security-profile-final-access-token-type-header-case-sensitivity,True,FINISHED,PASSED,PASSED,"{""client_auth_type"":""private_key_jwt"",""fapi_profile"":""fapi_client_credentials_grant"",""fapi_request_method"":""unsigned"",""fapi_response_mode"":""plain_response"",""openid"":""plain_oauth"",""sender_constrain"":""dpop""}"
initial-unaffected,bad5174d5f6609ef4d43aec54aacb1e3b8688cad,62470460ca0c98db2731617d2b1b7de3c6974832,fapi-security-credentials-p024,MtAaJiR2ajsJ8,HSsx8fdd9T33vzX,fapi2-security-profile-final-check-dpop-proof-nbf-exp,True,FINISHED,PASSED,PASSED,"{""client_auth_type"":""private_key_jwt"",""fapi_profile"":""fapi_client_credentials_grant"",""fapi_request_method"":""unsigned"",""fapi_response_mode"":""plain_response"",""openid"":""plain_oauth"",""sender_constrain"":""dpop""}"
initial-unaffected,bad5174d5f6609ef4d43aec54aacb1e3b8688cad,62470460ca0c98db2731617d2b1b7de3c6974832,fapi-security-credentials-p024,MtAaJiR2ajsJ8,0JThYPJ8Gnw1lTM,fapi2-security-profile-final-ensure-dpopproof-with-iat-10seconds-before-succeeds,True,FINISHED,PASSED,PASSED,"{""client_auth_type"":""private_key_jwt"",""fapi_profile"":""fapi_client_credentials_grant"",""fapi_request_method"":""unsigned"",""fapi_response_mode"":""plain_response"",""openid"":""plain_oauth"",""sender_constrain"":""dpop""}"
initial-unaffected,bad5174d5f6609ef4d43aec54aacb1e3b8688cad,62470460ca0c98db2731617d2b1b7de3c6974832,fapi-security-credentials-p024,MtAaJiR2ajsJ8,atYHrCwRWIhG8fQ,fapi2-security-profile-final-ensure-dpopproof-with-iat-10seconds-after-succeeds,True,FINISHED,PASSED,PASSED,"{""client_auth_type"":""private_key_jwt"",""fapi_profile"":""fapi_client_credentials_grant"",""fapi_request_method"":""unsigned"",""fapi_response_mode"":""plain_response"",""openid"":""plain_oauth"",""sender_constrain"":""dpop""}"
initial-unaffected,bad5174d5f6609ef4d43aec54aacb1e3b8688cad,62470460ca0c98db2731617d2b1b7de3c6974832,fapi-security-credentials-p024,MtAaJiR2ajsJ8,TlxKljFXeE50zmb,fapi2-security-profile-final-ensure-client-id-in-token-endpoint,True,FINISHED,PASSED,PASSED,"{""client_auth_type"":""private_key_jwt"",""fapi_profile"":""fapi_client_credentials_grant"",""fapi_request_method"":""unsigned"",""fapi_response_mode"":""plain_response"",""openid"":""plain_oauth"",""sender_constrain"":""dpop""}"
initial-unaffected,bad5174d5f6609ef4d43aec54aacb1e3b8688cad,62470460ca0c98db2731617d2b1b7de3c6974832,fapi-security-credentials-p024,MtAaJiR2ajsJ8,99jycST5OksYVAg,fapi2-security-profile-final-ensure-holder-of-key-required,True,FINISHED,PASSED,PASSED,"{""client_auth_type"":""private_key_jwt"",""fapi_profile"":""fapi_client_credentials_grant"",""fapi_request_method"":""unsigned"",""fapi_response_mode"":""plain_response"",""openid"":""plain_oauth"",""sender_constrain"":""dpop""}"
initial-unaffected,bad5174d5f6609ef4d43aec54aacb1e3b8688cad,62470460ca0c98db2731617d2b1b7de3c6974832,fapi-security-credentials-p024,MtAaJiR2ajsJ8,PWyW8rkiIxPR2Pa,fapi2-security-profile-final-ensure-signed-client-assertion-with-RS256-fails,True,FINISHED,PASSED,PASSED,"{""client_auth_type"":""private_key_jwt"",""fapi_profile"":""fapi_client_credentials_grant"",""fapi_request_method"":""unsigned"",""fapi_response_mode"":""plain_response"",""openid"":""plain_oauth"",""sender_constrain"":""dpop""}"
initial-unaffected,bad5174d5f6609ef4d43aec54aacb1e3b8688cad,62470460ca0c98db2731617d2b1b7de3c6974832,fapi-security-credentials-p024,MtAaJiR2ajsJ8,VBlxB5ynHivVYPs,fapi2-security-profile-final-ensure-client-assertion-in-token-endpoint,True,FINISHED,PASSED,PASSED,"{""client_auth_type"":""private_key_jwt"",""fapi_profile"":""fapi_client_credentials_grant"",""fapi_request_method"":""unsigned"",""fapi_response_mode"":""plain_response"",""openid"":""plain_oauth"",""sender_constrain"":""dpop""}"
initial-unaffected,bad5174d5f6609ef4d43aec54aacb1e3b8688cad,62470460ca0c98db2731617d2b1b7de3c6974832,fapi-security-credentials-p024,MtAaJiR2ajsJ8,gpRIMKlbKGamNd9,fapi2-security-profile-final-ensure-client-assertion-with-exp-is-5-minutes-in-past-fails,True,FINISHED,PASSED,PASSED,"{""client_auth_type"":""private_key_jwt"",""fapi_profile"":""fapi_client_credentials_grant"",""fapi_request_method"":""unsigned"",""fapi_response_mode"":""plain_response"",""openid"":""plain_oauth"",""sender_constrain"":""dpop""}"
initial-unaffected,bad5174d5f6609ef4d43aec54aacb1e3b8688cad,62470460ca0c98db2731617d2b1b7de3c6974832,fapi-security-credentials-p024,MtAaJiR2ajsJ8,IconAja7XZ079pD,fapi2-security-profile-final-ensure-client-assertion-with-wrong-aud-fails,True,FINISHED,PASSED,PASSED,"{""client_auth_type"":""private_key_jwt"",""fapi_profile"":""fapi_client_credentials_grant"",""fapi_request_method"":""unsigned"",""fapi_response_mode"":""plain_response"",""openid"":""plain_oauth"",""sender_constrain"":""dpop""}"
initial-unaffected,bad5174d5f6609ef4d43aec54aacb1e3b8688cad,62470460ca0c98db2731617d2b1b7de3c6974832,fapi-security-credentials-p024,MtAaJiR2ajsJ8,05TNy2gh9Hd64et,fapi2-security-profile-final-ensure-client-assertion-with-no-sub-fails,True,FINISHED,PASSED,PASSED,"{""client_auth_type"":""private_key_jwt"",""fapi_profile"":""fapi_client_credentials_grant"",""fapi_request_method"":""unsigned"",""fapi_response_mode"":""plain_response"",""openid"":""plain_oauth"",""sender_constrain"":""dpop""}"
initial-unaffected,bad5174d5f6609ef4d43aec54aacb1e3b8688cad,62470460ca0c98db2731617d2b1b7de3c6974832,fapi-security-credentials-p024,MtAaJiR2ajsJ8,XJ1rsIxZI2QtyUf,fapi2-security-profile-final-ensure-invalid-client-assertions-fail,True,FINISHED,PASSED,PASSED,"{""client_auth_type"":""private_key_jwt"",""fapi_profile"":""fapi_client_credentials_grant"",""fapi_request_method"":""unsigned"",""fapi_response_mode"":""plain_response"",""openid"":""plain_oauth"",""sender_constrain"":""dpop""}"
initial-unaffected,bad5174d5f6609ef4d43aec54aacb1e3b8688cad,62470460ca0c98db2731617d2b1b7de3c6974832,fapi-security-credentials-p024,MtAaJiR2ajsJ8,oHcFSRk0ePREwd2,fapi2-security-profile-final-dpop-negative-tests,True,FINISHED,PASSED,PASSED,"{""client_auth_type"":""private_key_jwt"",""fapi_profile"":""fapi_client_credentials_grant"",""fapi_request_method"":""unsigned"",""fapi_response_mode"":""plain_response"",""openid"":""plain_oauth"",""sender_constrain"":""dpop""}"
initial-unaffected,bad5174d5f6609ef4d43aec54aacb1e3b8688cad,62470460ca0c98db2731617d2b1b7de3c6974832,fapi-security-credentials-p025,ibMcBAipQ44K6,AZklcApLkEbZdhL,fapi2-security-profile-final-discovery-end-point-verification,True,FINISHED,PASSED,PASSED,"{""client_auth_type"":""private_key_jwt"",""fapi_profile"":""fapi_client_credentials_grant"",""fapi_request_method"":""unsigned"",""fapi_response_mode"":""plain_response"",""openid"":""plain_oauth"",""sender_constrain"":""mtls""}"
initial-unaffected,bad5174d5f6609ef4d43aec54aacb1e3b8688cad,62470460ca0c98db2731617d2b1b7de3c6974832,fapi-security-credentials-p025,ibMcBAipQ44K6,0J4AttSdg4TVIiU,fapi2-security-profile-final-happy-flow,True,FINISHED,WARNING,WARNING,"{""client_auth_type"":""private_key_jwt"",""fapi_profile"":""fapi_client_credentials_grant"",""fapi_request_method"":""unsigned"",""fapi_response_mode"":""plain_response"",""openid"":""plain_oauth"",""sender_constrain"":""mtls""}"
initial-unaffected,bad5174d5f6609ef4d43aec54aacb1e3b8688cad,62470460ca0c98db2731617d2b1b7de3c6974832,fapi-security-credentials-p025,ibMcBAipQ44K6,vXXnEcS1mqbftQR,fapi2-security-profile-final-access-token-type-header-case-sensitivity,True,FINISHED,PASSED,PASSED,"{""client_auth_type"":""private_key_jwt"",""fapi_profile"":""fapi_client_credentials_grant"",""fapi_request_method"":""unsigned"",""fapi_response_mode"":""plain_response"",""openid"":""plain_oauth"",""sender_constrain"":""mtls""}"
initial-unaffected,bad5174d5f6609ef4d43aec54aacb1e3b8688cad,62470460ca0c98db2731617d2b1b7de3c6974832,fapi-security-credentials-p025,ibMcBAipQ44K6,2O5XVuSKwdg9630,fapi2-security-profile-final-ensure-client-id-in-token-endpoint,True,FINISHED,PASSED,PASSED,"{""client_auth_type"":""private_key_jwt"",""fapi_profile"":""fapi_client_credentials_grant"",""fapi_request_method"":""unsigned"",""fapi_response_mode"":""plain_response"",""openid"":""plain_oauth"",""sender_constrain"":""mtls""}"
initial-unaffected,bad5174d5f6609ef4d43aec54aacb1e3b8688cad,62470460ca0c98db2731617d2b1b7de3c6974832,fapi-security-credentials-p025,ibMcBAipQ44K6,GY8roA0Dnd5a7HF,fapi2-security-profile-final-ensure-holder-of-key-required,True,FINISHED,PASSED,PASSED,"{""client_auth_type"":""private_key_jwt"",""fapi_profile"":""fapi_client_credentials_grant"",""fapi_request_method"":""unsigned"",""fapi_response_mode"":""plain_response"",""openid"":""plain_oauth"",""sender_constrain"":""mtls""}"
initial-unaffected,bad5174d5f6609ef4d43aec54aacb1e3b8688cad,62470460ca0c98db2731617d2b1b7de3c6974832,fapi-security-credentials-p025,ibMcBAipQ44K6,M0Cbja9r3NYgBNK,fapi2-security-profile-final-ensure-signed-client-assertion-with-RS256-fails,True,FINISHED,PASSED,PASSED,"{""client_auth_type"":""private_key_jwt"",""fapi_profile"":""fapi_client_credentials_grant"",""fapi_request_method"":""unsigned"",""fapi_response_mode"":""plain_response"",""openid"":""plain_oauth"",""sender_constrain"":""mtls""}"
initial-unaffected,bad5174d5f6609ef4d43aec54aacb1e3b8688cad,62470460ca0c98db2731617d2b1b7de3c6974832,fapi-security-credentials-p025,ibMcBAipQ44K6,bWKfjyNpUSdYwqa,fapi2-security-profile-final-ensure-client-assertion-in-token-endpoint,True,FINISHED,PASSED,PASSED,"{""client_auth_type"":""private_key_jwt"",""fapi_profile"":""fapi_client_credentials_grant"",""fapi_request_method"":""unsigned"",""fapi_response_mode"":""plain_response"",""openid"":""plain_oauth"",""sender_constrain"":""mtls""}"
initial-unaffected,bad5174d5f6609ef4d43aec54aacb1e3b8688cad,62470460ca0c98db2731617d2b1b7de3c6974832,fapi-security-credentials-p025,ibMcBAipQ44K6,HBGFUpusaK8blqT,fapi2-security-profile-final-ensure-client-assertion-with-exp-is-5-minutes-in-past-fails,True,FINISHED,PASSED,PASSED,"{""client_auth_type"":""private_key_jwt"",""fapi_profile"":""fapi_client_credentials_grant"",""fapi_request_method"":""unsigned"",""fapi_response_mode"":""plain_response"",""openid"":""plain_oauth"",""sender_constrain"":""mtls""}"
initial-unaffected,bad5174d5f6609ef4d43aec54aacb1e3b8688cad,62470460ca0c98db2731617d2b1b7de3c6974832,fapi-security-credentials-p025,ibMcBAipQ44K6,jRNYxT1xxCCTzQJ,fapi2-security-profile-final-ensure-client-assertion-with-wrong-aud-fails,True,FINISHED,PASSED,PASSED,"{""client_auth_type"":""private_key_jwt"",""fapi_profile"":""fapi_client_credentials_grant"",""fapi_request_method"":""unsigned"",""fapi_response_mode"":""plain_response"",""openid"":""plain_oauth"",""sender_constrain"":""mtls""}"
initial-unaffected,bad5174d5f6609ef4d43aec54aacb1e3b8688cad,62470460ca0c98db2731617d2b1b7de3c6974832,fapi-security-credentials-p025,ibMcBAipQ44K6,C4AlnB0W9scF6gM,fapi2-security-profile-final-ensure-client-assertion-with-no-sub-fails,True,FINISHED,PASSED,PASSED,"{""client_auth_type"":""private_key_jwt"",""fapi_profile"":""fapi_client_credentials_grant"",""fapi_request_method"":""unsigned"",""fapi_response_mode"":""plain_response"",""openid"":""plain_oauth"",""sender_constrain"":""mtls""}"
initial-unaffected,bad5174d5f6609ef4d43aec54aacb1e3b8688cad,62470460ca0c98db2731617d2b1b7de3c6974832,fapi-security-credentials-p025,ibMcBAipQ44K6,uJvelFoXV3q6Ng9,fapi2-security-profile-final-ensure-invalid-client-assertions-fail,True,FINISHED,PASSED,PASSED,"{""client_auth_type"":""private_key_jwt"",""fapi_profile"":""fapi_client_credentials_grant"",""fapi_request_method"":""unsigned"",""fapi_response_mode"":""plain_response"",""openid"":""plain_oauth"",""sender_constrain"":""mtls""}"
initial-unaffected,bad5174d5f6609ef4d43aec54aacb1e3b8688cad,62470460ca0c98db2731617d2b1b7de3c6974832,fapi-security-credentials-p026,YmTCPtw8yddFS,YNo8h0uaBcIBjEq,fapi2-security-profile-final-discovery-end-point-verification,True,FINISHED,PASSED,PASSED,"{""client_auth_type"":""mtls"",""fapi_profile"":""fapi_client_credentials_grant"",""fapi_request_method"":""unsigned"",""fapi_response_mode"":""plain_response"",""openid"":""plain_oauth"",""sender_constrain"":""dpop""}"
initial-unaffected,bad5174d5f6609ef4d43aec54aacb1e3b8688cad,62470460ca0c98db2731617d2b1b7de3c6974832,fapi-security-credentials-p026,YmTCPtw8yddFS,qDkbfdxaEa6uC16,fapi2-security-profile-final-happy-flow,True,FINISHED,WARNING,WARNING,"{""client_auth_type"":""mtls"",""fapi_profile"":""fapi_client_credentials_grant"",""fapi_request_method"":""unsigned"",""fapi_response_mode"":""plain_response"",""openid"":""plain_oauth"",""sender_constrain"":""dpop""}"
initial-unaffected,bad5174d5f6609ef4d43aec54aacb1e3b8688cad,62470460ca0c98db2731617d2b1b7de3c6974832,fapi-security-credentials-p026,YmTCPtw8yddFS,C2g8OI9e80s9BBZ,fapi2-security-profile-final-access-token-type-header-case-sensitivity,True,FINISHED,PASSED,PASSED,"{""client_auth_type"":""mtls"",""fapi_profile"":""fapi_client_credentials_grant"",""fapi_request_method"":""unsigned"",""fapi_response_mode"":""plain_response"",""openid"":""plain_oauth"",""sender_constrain"":""dpop""}"
initial-unaffected,bad5174d5f6609ef4d43aec54aacb1e3b8688cad,62470460ca0c98db2731617d2b1b7de3c6974832,fapi-security-credentials-p026,YmTCPtw8yddFS,4FJuo1sGri85641,fapi2-security-profile-final-check-dpop-proof-nbf-exp,True,FINISHED,PASSED,PASSED,"{""client_auth_type"":""mtls"",""fapi_profile"":""fapi_client_credentials_grant"",""fapi_request_method"":""unsigned"",""fapi_response_mode"":""plain_response"",""openid"":""plain_oauth"",""sender_constrain"":""dpop""}"
initial-unaffected,bad5174d5f6609ef4d43aec54aacb1e3b8688cad,62470460ca0c98db2731617d2b1b7de3c6974832,fapi-security-credentials-p026,YmTCPtw8yddFS,tksYjCMyRvuIzhy,fapi2-security-profile-final-ensure-dpopproof-with-iat-10seconds-before-succeeds,True,FINISHED,PASSED,PASSED,"{""client_auth_type"":""mtls"",""fapi_profile"":""fapi_client_credentials_grant"",""fapi_request_method"":""unsigned"",""fapi_response_mode"":""plain_response"",""openid"":""plain_oauth"",""sender_constrain"":""dpop""}"
initial-unaffected,bad5174d5f6609ef4d43aec54aacb1e3b8688cad,62470460ca0c98db2731617d2b1b7de3c6974832,fapi-security-credentials-p026,YmTCPtw8yddFS,KcPRVplBWiTF16k,fapi2-security-profile-final-ensure-dpopproof-with-iat-10seconds-after-succeeds,True,FINISHED,PASSED,PASSED,"{""client_auth_type"":""mtls"",""fapi_profile"":""fapi_client_credentials_grant"",""fapi_request_method"":""unsigned"",""fapi_response_mode"":""plain_response"",""openid"":""plain_oauth"",""sender_constrain"":""dpop""}"
initial-unaffected,bad5174d5f6609ef4d43aec54aacb1e3b8688cad,62470460ca0c98db2731617d2b1b7de3c6974832,fapi-security-credentials-p026,YmTCPtw8yddFS,lU6FBX8wqK5EtAi,fapi2-security-profile-final-ensure-client-id-in-token-endpoint,True,FINISHED,PASSED,PASSED,"{""client_auth_type"":""mtls"",""fapi_profile"":""fapi_client_credentials_grant"",""fapi_request_method"":""unsigned"",""fapi_response_mode"":""plain_response"",""openid"":""plain_oauth"",""sender_constrain"":""dpop""}"
initial-unaffected,bad5174d5f6609ef4d43aec54aacb1e3b8688cad,62470460ca0c98db2731617d2b1b7de3c6974832,fapi-security-credentials-p026,YmTCPtw8yddFS,47u50Y0aehcJoGN,fapi2-security-profile-final-ensure-holder-of-key-required,True,FINISHED,PASSED,PASSED,"{""client_auth_type"":""mtls"",""fapi_profile"":""fapi_client_credentials_grant"",""fapi_request_method"":""unsigned"",""fapi_response_mode"":""plain_response"",""openid"":""plain_oauth"",""sender_constrain"":""dpop""}"
initial-unaffected,bad5174d5f6609ef4d43aec54aacb1e3b8688cad,62470460ca0c98db2731617d2b1b7de3c6974832,fapi-security-credentials-p026,YmTCPtw8yddFS,H4pquv0OYZ1L8qr,fapi2-security-profile-final-dpop-negative-tests,True,FINISHED,PASSED,PASSED,"{""client_auth_type"":""mtls"",""fapi_profile"":""fapi_client_credentials_grant"",""fapi_request_method"":""unsigned"",""fapi_response_mode"":""plain_response"",""openid"":""plain_oauth"",""sender_constrain"":""dpop""}"
initial-unaffected,bad5174d5f6609ef4d43aec54aacb1e3b8688cad,62470460ca0c98db2731617d2b1b7de3c6974832,fapi-security-credentials-p027,XKdWEVwuJNX4F,h8Hjfcl60QNczms,fapi2-security-profile-final-discovery-end-point-verification,True,FINISHED,PASSED,PASSED,"{""client_auth_type"":""mtls"",""fapi_profile"":""fapi_client_credentials_grant"",""fapi_request_method"":""unsigned"",""fapi_response_mode"":""plain_response"",""openid"":""plain_oauth"",""sender_constrain"":""mtls""}"
initial-unaffected,bad5174d5f6609ef4d43aec54aacb1e3b8688cad,62470460ca0c98db2731617d2b1b7de3c6974832,fapi-security-credentials-p027,XKdWEVwuJNX4F,XCWOSxArDWYHoYF,fapi2-security-profile-final-happy-flow,True,FINISHED,WARNING,WARNING,"{""client_auth_type"":""mtls"",""fapi_profile"":""fapi_client_credentials_grant"",""fapi_request_method"":""unsigned"",""fapi_response_mode"":""plain_response"",""openid"":""plain_oauth"",""sender_constrain"":""mtls""}"
initial-unaffected,bad5174d5f6609ef4d43aec54aacb1e3b8688cad,62470460ca0c98db2731617d2b1b7de3c6974832,fapi-security-credentials-p027,XKdWEVwuJNX4F,RZEzY65eMeZ7TYA,fapi2-security-profile-final-access-token-type-header-case-sensitivity,True,FINISHED,PASSED,PASSED,"{""client_auth_type"":""mtls"",""fapi_profile"":""fapi_client_credentials_grant"",""fapi_request_method"":""unsigned"",""fapi_response_mode"":""plain_response"",""openid"":""plain_oauth"",""sender_constrain"":""mtls""}"
initial-unaffected,bad5174d5f6609ef4d43aec54aacb1e3b8688cad,62470460ca0c98db2731617d2b1b7de3c6974832,fapi-security-credentials-p027,XKdWEVwuJNX4F,AsFOE46ABB0Xu85,fapi2-security-profile-final-ensure-client-id-in-token-endpoint,True,FINISHED,PASSED,PASSED,"{""client_auth_type"":""mtls"",""fapi_profile"":""fapi_client_credentials_grant"",""fapi_request_method"":""unsigned"",""fapi_response_mode"":""plain_response"",""openid"":""plain_oauth"",""sender_constrain"":""mtls""}"
initial-unaffected,bad5174d5f6609ef4d43aec54aacb1e3b8688cad,62470460ca0c98db2731617d2b1b7de3c6974832,fapi-security-credentials-p027,XKdWEVwuJNX4F,NKRy1BTV4ckR30x,fapi2-security-profile-final-ensure-holder-of-key-required,True,FINISHED,PASSED,PASSED,"{""client_auth_type"":""mtls"",""fapi_profile"":""fapi_client_credentials_grant"",""fapi_request_method"":""unsigned"",""fapi_response_mode"":""plain_response"",""openid"":""plain_oauth"",""sender_constrain"":""mtls""}"
corrected-openid4vc,8abe4fe33891621ce2659f78d6bc2c224f042e17,dbd8b0647731dcf4fa3d725cd8269fc745f9e5ee,openid4vc-vci-p028,IBRm2JKe1Rwpf,l4cht3JMeeZeI0p,oid4vci-1_0-issuer-metadata-test,True,FINISHED,PASSED,PASSED,"{""authorization_request_type"":""simple"",""client_auth_type"":""private_key_jwt"",""credential_format"":""sd_jwt_vc"",""fapi_profile"":""vci"",""fapi_request_method"":""unsigned"",""fapi_response_mode"":""plain_response"",""openid"":""plain_oauth"",""sender_constrain"":""dpop"",""vci_authorization_code_flow_variant"":""wallet_initiated"",""vci_credential_encryption"":""plain"",""vci_grant_type"":""authorization_code""}"
corrected-openid4vc,8abe4fe33891621ce2659f78d6bc2c224f042e17,dbd8b0647731dcf4fa3d725cd8269fc745f9e5ee,openid4vc-vci-p028,IBRm2JKe1Rwpf,i5OPsKTcOqgDDRl,oid4vci-1_0-issuer-metadata-test-signed,True,FINISHED,PASSED,PASSED,"{""authorization_request_type"":""simple"",""client_auth_type"":""private_key_jwt"",""credential_format"":""sd_jwt_vc"",""fapi_profile"":""vci"",""fapi_request_method"":""unsigned"",""fapi_response_mode"":""plain_response"",""openid"":""plain_oauth"",""sender_constrain"":""dpop"",""vci_authorization_code_flow_variant"":""wallet_initiated"",""vci_credential_encryption"":""plain"",""vci_grant_type"":""authorization_code""}"
corrected-openid4vc,8abe4fe33891621ce2659f78d6bc2c224f042e17,dbd8b0647731dcf4fa3d725cd8269fc745f9e5ee,openid4vc-vci-p028,IBRm2JKe1Rwpf,dMAux5CVCURGQKn,oid4vci-1_0-issuer-happy-flow,True,FINISHED,PASSED,PASSED,"{""authorization_request_type"":""simple"",""client_auth_type"":""private_key_jwt"",""credential_format"":""sd_jwt_vc"",""fapi_profile"":""vci"",""fapi_request_method"":""unsigned"",""fapi_response_mode"":""plain_response"",""openid"":""plain_oauth"",""sender_constrain"":""dpop"",""vci_authorization_code_flow_variant"":""wallet_initiated"",""vci_credential_encryption"":""plain"",""vci_grant_type"":""authorization_code""}"
corrected-openid4vc,8abe4fe33891621ce2659f78d6bc2c224f042e17,dbd8b0647731dcf4fa3d725cd8269fc745f9e5ee,openid4vc-vci-p028,IBRm2JKe1Rwpf,upprMr5onNPsYHh,oid4vci-1_0-issuer-happy-flow-additional-requests,True,FINISHED,PASSED,PASSED,"{""authorization_request_type"":""simple"",""client_auth_type"":""private_key_jwt"",""credential_format"":""sd_jwt_vc"",""fapi_profile"":""vci"",""fapi_request_method"":""unsigned"",""fapi_response_mode"":""plain_response"",""openid"":""plain_oauth"",""sender_constrain"":""dpop"",""vci_authorization_code_flow_variant"":""wallet_initiated"",""vci_credential_encryption"":""plain"",""vci_grant_type"":""authorization_code""}"
corrected-openid4vc,8abe4fe33891621ce2659f78d6bc2c224f042e17,dbd8b0647731dcf4fa3d725cd8269fc745f9e5ee,openid4vc-vci-p028,IBRm2JKe1Rwpf,QiUGRWHt2dM4VpX,oid4vci-1_0-issuer-happy-flow-multiple-clients,True,FINISHED,PASSED,PASSED,"{""authorization_request_type"":""simple"",""client_auth_type"":""private_key_jwt"",""credential_format"":""sd_jwt_vc"",""fapi_profile"":""vci"",""fapi_request_method"":""unsigned"",""fapi_response_mode"":""plain_response"",""openid"":""plain_oauth"",""sender_constrain"":""dpop"",""vci_authorization_code_flow_variant"":""wallet_initiated"",""vci_credential_encryption"":""plain"",""vci_grant_type"":""authorization_code""}"
corrected-openid4vc,8abe4fe33891621ce2659f78d6bc2c224f042e17,dbd8b0647731dcf4fa3d725cd8269fc745f9e5ee,openid4vc-vci-p028,IBRm2JKe1Rwpf,PsGC4i5D3lRsCgP,oid4vci-1_0-issuer-happy-flow-skip-notification,True,FINISHED,PASSED,PASSED,"{""authorization_request_type"":""simple"",""client_auth_type"":""private_key_jwt"",""credential_format"":""sd_jwt_vc"",""fapi_profile"":""vci"",""fapi_request_method"":""unsigned"",""fapi_response_mode"":""plain_response"",""openid"":""plain_oauth"",""sender_constrain"":""dpop"",""vci_authorization_code_flow_variant"":""wallet_initiated"",""vci_credential_encryption"":""plain"",""vci_grant_type"":""authorization_code""}"
corrected-openid4vc,8abe4fe33891621ce2659f78d6bc2c224f042e17,dbd8b0647731dcf4fa3d725cd8269fc745f9e5ee,openid4vc-vci-p028,IBRm2JKe1Rwpf,5nTHg4yc7U004xi,oid4vci-1_0-issuer-batch-issuance,True,FINISHED,PASSED,PASSED,"{""authorization_request_type"":""simple"",""client_auth_type"":""private_key_jwt"",""credential_format"":""sd_jwt_vc"",""fapi_profile"":""vci"",""fapi_request_method"":""unsigned"",""fapi_response_mode"":""plain_response"",""openid"":""plain_oauth"",""sender_constrain"":""dpop"",""vci_authorization_code_flow_variant"":""wallet_initiated"",""vci_credential_encryption"":""plain"",""vci_grant_type"":""authorization_code""}"
corrected-openid4vc,8abe4fe33891621ce2659f78d6bc2c224f042e17,dbd8b0647731dcf4fa3d725cd8269fc745f9e5ee,openid4vc-vci-p028,IBRm2JKe1Rwpf,XXFg1gIeKoWPSGI,oid4vci-1_0-issuer-fail-invalid-nonce,True,FINISHED,PASSED,PASSED,"{""authorization_request_type"":""simple"",""client_auth_type"":""private_key_jwt"",""credential_format"":""sd_jwt_vc"",""fapi_profile"":""vci"",""fapi_request_method"":""unsigned"",""fapi_response_mode"":""plain_response"",""openid"":""plain_oauth"",""sender_constrain"":""dpop"",""vci_authorization_code_flow_variant"":""wallet_initiated"",""vci_credential_encryption"":""plain"",""vci_grant_type"":""authorization_code""}"
corrected-openid4vc,8abe4fe33891621ce2659f78d6bc2c224f042e17,dbd8b0647731dcf4fa3d725cd8269fc745f9e5ee,openid4vc-vci-p028,IBRm2JKe1Rwpf,PdcQSOWFzvlLdT4,oid4vci-1_0-issuer-fail-invalid-jwt-proof-signature,True,FINISHED,PASSED,PASSED,"{""authorization_request_type"":""simple"",""client_auth_type"":""private_key_jwt"",""credential_format"":""sd_jwt_vc"",""fapi_profile"":""vci"",""fapi_request_method"":""unsigned"",""fapi_response_mode"":""plain_response"",""openid"":""plain_oauth"",""sender_constrain"":""dpop"",""vci_authorization_code_flow_variant"":""wallet_initiated"",""vci_credential_encryption"":""plain"",""vci_grant_type"":""authorization_code""}"
corrected-openid4vc,8abe4fe33891621ce2659f78d6bc2c224f042e17,dbd8b0647731dcf4fa3d725cd8269fc745f9e5ee,openid4vc-vci-p028,IBRm2JKe1Rwpf,eXUlUvW0dEbOGvJ,oid4vci-1_0-issuer-fail-invalid-key-attestation-signature,True,FINISHED,PASSED,PASSED,"{""authorization_request_type"":""simple"",""client_auth_type"":""private_key_jwt"",""credential_format"":""sd_jwt_vc"",""fapi_profile"":""vci"",""fapi_request_method"":""unsigned"",""fapi_response_mode"":""plain_response"",""openid"":""plain_oauth"",""sender_constrain"":""dpop"",""vci_authorization_code_flow_variant"":""wallet_initiated"",""vci_credential_encryption"":""plain"",""vci_grant_type"":""authorization_code""}"
corrected-openid4vc,8abe4fe33891621ce2659f78d6bc2c224f042e17,dbd8b0647731dcf4fa3d725cd8269fc745f9e5ee,openid4vc-vci-p028,IBRm2JKe1Rwpf,9LqJK9viCWkl8LJ,oid4vci-1_0-issuer-fail-missing-proof,True,FINISHED,PASSED,PASSED,"{""authorization_request_type"":""simple"",""client_auth_type"":""private_key_jwt"",""credential_format"":""sd_jwt_vc"",""fapi_profile"":""vci"",""fapi_request_method"":""unsigned"",""fapi_response_mode"":""plain_response"",""openid"":""plain_oauth"",""sender_constrain"":""dpop"",""vci_authorization_code_flow_variant"":""wallet_initiated"",""vci_credential_encryption"":""plain"",""vci_grant_type"":""authorization_code""}"
corrected-openid4vc,8abe4fe33891621ce2659f78d6bc2c224f042e17,dbd8b0647731dcf4fa3d725cd8269fc745f9e5ee,openid4vc-vci-p028,IBRm2JKe1Rwpf,pDvdKaCLdGJ6k73,oid4vci-1_0-issuer-fail-unsupported-encryption-algorithm,True,FINISHED,SKIPPED,SKIPPED,"{""authorization_request_type"":""simple"",""client_auth_type"":""private_key_jwt"",""credential_format"":""sd_jwt_vc"",""fapi_profile"":""vci"",""fapi_request_method"":""unsigned"",""fapi_response_mode"":""plain_response"",""openid"":""plain_oauth"",""sender_constrain"":""dpop"",""vci_authorization_code_flow_variant"":""wallet_initiated"",""vci_credential_encryption"":""plain"",""vci_grant_type"":""authorization_code""}"
corrected-openid4vc,8abe4fe33891621ce2659f78d6bc2c224f042e17,dbd8b0647731dcf4fa3d725cd8269fc745f9e5ee,openid4vc-vci-p028,IBRm2JKe1Rwpf,Vo3BmdOkFp2trgG,oid4vci-1_0-issuer-fail-unknown-credential-configuration,True,FINISHED,PASSED,PASSED,"{""authorization_request_type"":""simple"",""client_auth_type"":""private_key_jwt"",""credential_format"":""sd_jwt_vc"",""fapi_profile"":""vci"",""fapi_request_method"":""unsigned"",""fapi_response_mode"":""plain_response"",""openid"":""plain_oauth"",""sender_constrain"":""dpop"",""vci_authorization_code_flow_variant"":""wallet_initiated"",""vci_credential_encryption"":""plain"",""vci_grant_type"":""authorization_code""}"
corrected-openid4vc,8abe4fe33891621ce2659f78d6bc2c224f042e17,dbd8b0647731dcf4fa3d725cd8269fc745f9e5ee,openid4vc-vci-p028,IBRm2JKe1Rwpf,0q7KssMmHGOESwi,oid4vci-1_0-issuer-fail-unknown-credential-identifier,True,FINISHED,PASSED,PASSED,"{""authorization_request_type"":""simple"",""client_auth_type"":""private_key_jwt"",""credential_format"":""sd_jwt_vc"",""fapi_profile"":""vci"",""fapi_request_method"":""unsigned"",""fapi_response_mode"":""plain_response"",""openid"":""plain_oauth"",""sender_constrain"":""dpop"",""vci_authorization_code_flow_variant"":""wallet_initiated"",""vci_credential_encryption"":""plain"",""vci_grant_type"":""authorization_code""}"
corrected-openid4vc,8abe4fe33891621ce2659f78d6bc2c224f042e17,dbd8b0647731dcf4fa3d725cd8269fc745f9e5ee,openid4vc-vci-p028,IBRm2JKe1Rwpf,BGhi5smzj53Yiut,oid4vci-1_0-issuer-fail-on-access-token-in-query,True,FINISHED,PASSED,PASSED,"{""authorization_request_type"":""simple"",""client_auth_type"":""private_key_jwt"",""credential_format"":""sd_jwt_vc"",""fapi_profile"":""vci"",""fapi_request_method"":""unsigned"",""fapi_response_mode"":""plain_response"",""openid"":""plain_oauth"",""sender_constrain"":""dpop"",""vci_authorization_code_flow_variant"":""wallet_initiated"",""vci_credential_encryption"":""plain"",""vci_grant_type"":""authorization_code""}"
corrected-openid4vc,8abe4fe33891621ce2659f78d6bc2c224f042e17,dbd8b0647731dcf4fa3d725cd8269fc745f9e5ee,openid4vc-vci-p029,n35G41SVE3GSA,dIPbWQDUK1MkrTm,oid4vci-1_0-issuer-metadata-test,True,FINISHED,PASSED,PASSED,"{""authorization_request_type"":""simple"",""client_auth_type"":""private_key_jwt"",""credential_format"":""mdoc"",""fapi_profile"":""vci"",""fapi_request_method"":""unsigned"",""fapi_response_mode"":""plain_response"",""openid"":""plain_oauth"",""sender_constrain"":""dpop"",""vci_authorization_code_flow_variant"":""wallet_initiated"",""vci_credential_encryption"":""encrypted"",""vci_grant_type"":""authorization_code""}"
corrected-openid4vc,8abe4fe33891621ce2659f78d6bc2c224f042e17,dbd8b0647731dcf4fa3d725cd8269fc745f9e5ee,openid4vc-vci-p029,n35G41SVE3GSA,2JEAmCfD5n9ZmKU,oid4vci-1_0-issuer-metadata-test-signed,True,FINISHED,PASSED,PASSED,"{""authorization_request_type"":""simple"",""client_auth_type"":""private_key_jwt"",""credential_format"":""mdoc"",""fapi_profile"":""vci"",""fapi_request_method"":""unsigned"",""fapi_response_mode"":""plain_response"",""openid"":""plain_oauth"",""sender_constrain"":""dpop"",""vci_authorization_code_flow_variant"":""wallet_initiated"",""vci_credential_encryption"":""encrypted"",""vci_grant_type"":""authorization_code""}"
corrected-openid4vc,8abe4fe33891621ce2659f78d6bc2c224f042e17,dbd8b0647731dcf4fa3d725cd8269fc745f9e5ee,openid4vc-vci-p029,n35G41SVE3GSA,lKbMuuvFiowwTt4,oid4vci-1_0-issuer-happy-flow,True,FINISHED,PASSED,PASSED,"{""authorization_request_type"":""simple"",""client_auth_type"":""private_key_jwt"",""credential_format"":""mdoc"",""fapi_profile"":""vci"",""fapi_request_method"":""unsigned"",""fapi_response_mode"":""plain_response"",""openid"":""plain_oauth"",""sender_constrain"":""dpop"",""vci_authorization_code_flow_variant"":""wallet_initiated"",""vci_credential_encryption"":""encrypted"",""vci_grant_type"":""authorization_code""}"
corrected-openid4vc,8abe4fe33891621ce2659f78d6bc2c224f042e17,dbd8b0647731dcf4fa3d725cd8269fc745f9e5ee,openid4vc-vci-p029,n35G41SVE3GSA,wAryswjQ5tbu5s0,oid4vci-1_0-issuer-happy-flow-additional-requests,True,FINISHED,PASSED,PASSED,"{""authorization_request_type"":""simple"",""client_auth_type"":""private_key_jwt"",""credential_format"":""mdoc"",""fapi_profile"":""vci"",""fapi_request_method"":""unsigned"",""fapi_response_mode"":""plain_response"",""openid"":""plain_oauth"",""sender_constrain"":""dpop"",""vci_authorization_code_flow_variant"":""wallet_initiated"",""vci_credential_encryption"":""encrypted"",""vci_grant_type"":""authorization_code""}"
corrected-openid4vc,8abe4fe33891621ce2659f78d6bc2c224f042e17,dbd8b0647731dcf4fa3d725cd8269fc745f9e5ee,openid4vc-vci-p029,n35G41SVE3GSA,siAjjmAb4akn5lR,oid4vci-1_0-issuer-happy-flow-multiple-clients,True,FINISHED,PASSED,PASSED,"{""authorization_request_type"":""simple"",""client_auth_type"":""private_key_jwt"",""credential_format"":""mdoc"",""fapi_profile"":""vci"",""fapi_request_method"":""unsigned"",""fapi_response_mode"":""plain_response"",""openid"":""plain_oauth"",""sender_constrain"":""dpop"",""vci_authorization_code_flow_variant"":""wallet_initiated"",""vci_credential_encryption"":""encrypted"",""vci_grant_type"":""authorization_code""}"
corrected-openid4vc,8abe4fe33891621ce2659f78d6bc2c224f042e17,dbd8b0647731dcf4fa3d725cd8269fc745f9e5ee,openid4vc-vci-p029,n35G41SVE3GSA,tTZnOZ4ArLdR2xo,oid4vci-1_0-issuer-happy-flow-skip-notification,True,FINISHED,PASSED,PASSED,"{""authorization_request_type"":""simple"",""client_auth_type"":""private_key_jwt"",""credential_format"":""mdoc"",""fapi_profile"":""vci"",""fapi_request_method"":""unsigned"",""fapi_response_mode"":""plain_response"",""openid"":""plain_oauth"",""sender_constrain"":""dpop"",""vci_authorization_code_flow_variant"":""wallet_initiated"",""vci_credential_encryption"":""encrypted"",""vci_grant_type"":""authorization_code""}"
corrected-openid4vc,8abe4fe33891621ce2659f78d6bc2c224f042e17,dbd8b0647731dcf4fa3d725cd8269fc745f9e5ee,openid4vc-vci-p029,n35G41SVE3GSA,Y2KOjLvgQ4JPYvu,oid4vci-1_0-issuer-batch-issuance,True,FINISHED,WARNING,WARNING,"{""authorization_request_type"":""simple"",""client_auth_type"":""private_key_jwt"",""credential_format"":""mdoc"",""fapi_profile"":""vci"",""fapi_request_method"":""unsigned"",""fapi_response_mode"":""plain_response"",""openid"":""plain_oauth"",""sender_constrain"":""dpop"",""vci_authorization_code_flow_variant"":""wallet_initiated"",""vci_credential_encryption"":""encrypted"",""vci_grant_type"":""authorization_code""}"
corrected-openid4vc,8abe4fe33891621ce2659f78d6bc2c224f042e17,dbd8b0647731dcf4fa3d725cd8269fc745f9e5ee,openid4vc-vci-p029,n35G41SVE3GSA,3mevBWYHgtXo89c,oid4vci-1_0-issuer-fail-invalid-nonce,True,FINISHED,PASSED,PASSED,"{""authorization_request_type"":""simple"",""client_auth_type"":""private_key_jwt"",""credential_format"":""mdoc"",""fapi_profile"":""vci"",""fapi_request_method"":""unsigned"",""fapi_response_mode"":""plain_response"",""openid"":""plain_oauth"",""sender_constrain"":""dpop"",""vci_authorization_code_flow_variant"":""wallet_initiated"",""vci_credential_encryption"":""encrypted"",""vci_grant_type"":""authorization_code""}"
corrected-openid4vc,8abe4fe33891621ce2659f78d6bc2c224f042e17,dbd8b0647731dcf4fa3d725cd8269fc745f9e5ee,openid4vc-vci-p029,n35G41SVE3GSA,oz55Ps5GGQXt4u1,oid4vci-1_0-issuer-fail-invalid-jwt-proof-signature,True,FINISHED,PASSED,PASSED,"{""authorization_request_type"":""simple"",""client_auth_type"":""private_key_jwt"",""credential_format"":""mdoc"",""fapi_profile"":""vci"",""fapi_request_method"":""unsigned"",""fapi_response_mode"":""plain_response"",""openid"":""plain_oauth"",""sender_constrain"":""dpop"",""vci_authorization_code_flow_variant"":""wallet_initiated"",""vci_credential_encryption"":""encrypted"",""vci_grant_type"":""authorization_code""}"
corrected-openid4vc,8abe4fe33891621ce2659f78d6bc2c224f042e17,dbd8b0647731dcf4fa3d725cd8269fc745f9e5ee,openid4vc-vci-p029,n35G41SVE3GSA,SuCLUsbCnaOlsEi,oid4vci-1_0-issuer-fail-invalid-key-attestation-signature,True,FINISHED,PASSED,PASSED,"{""authorization_request_type"":""simple"",""client_auth_type"":""private_key_jwt"",""credential_format"":""mdoc"",""fapi_profile"":""vci"",""fapi_request_method"":""unsigned"",""fapi_response_mode"":""plain_response"",""openid"":""plain_oauth"",""sender_constrain"":""dpop"",""vci_authorization_code_flow_variant"":""wallet_initiated"",""vci_credential_encryption"":""encrypted"",""vci_grant_type"":""authorization_code""}"
corrected-openid4vc,8abe4fe33891621ce2659f78d6bc2c224f042e17,dbd8b0647731dcf4fa3d725cd8269fc745f9e5ee,openid4vc-vci-p029,n35G41SVE3GSA,tbJCOYNDlUBA8tx,oid4vci-1_0-issuer-fail-missing-proof,True,FINISHED,PASSED,PASSED,"{""authorization_request_type"":""simple"",""client_auth_type"":""private_key_jwt"",""credential_format"":""mdoc"",""fapi_profile"":""vci"",""fapi_request_method"":""unsigned"",""fapi_response_mode"":""plain_response"",""openid"":""plain_oauth"",""sender_constrain"":""dpop"",""vci_authorization_code_flow_variant"":""wallet_initiated"",""vci_credential_encryption"":""encrypted"",""vci_grant_type"":""authorization_code""}"
corrected-openid4vc,8abe4fe33891621ce2659f78d6bc2c224f042e17,dbd8b0647731dcf4fa3d725cd8269fc745f9e5ee,openid4vc-vci-p029,n35G41SVE3GSA,elVoB12R9mgRJmh,oid4vci-1_0-issuer-fail-unsupported-encryption-algorithm,True,FINISHED,PASSED,PASSED,"{""authorization_request_type"":""simple"",""client_auth_type"":""private_key_jwt"",""credential_format"":""mdoc"",""fapi_profile"":""vci"",""fapi_request_method"":""unsigned"",""fapi_response_mode"":""plain_response"",""openid"":""plain_oauth"",""sender_constrain"":""dpop"",""vci_authorization_code_flow_variant"":""wallet_initiated"",""vci_credential_encryption"":""encrypted"",""vci_grant_type"":""authorization_code""}"
corrected-openid4vc,8abe4fe33891621ce2659f78d6bc2c224f042e17,dbd8b0647731dcf4fa3d725cd8269fc745f9e5ee,openid4vc-vci-p029,n35G41SVE3GSA,t464GjhuCm1xiEU,oid4vci-1_0-issuer-fail-unknown-credential-configuration,True,FINISHED,PASSED,PASSED,"{""authorization_request_type"":""simple"",""client_auth_type"":""private_key_jwt"",""credential_format"":""mdoc"",""fapi_profile"":""vci"",""fapi_request_method"":""unsigned"",""fapi_response_mode"":""plain_response"",""openid"":""plain_oauth"",""sender_constrain"":""dpop"",""vci_authorization_code_flow_variant"":""wallet_initiated"",""vci_credential_encryption"":""encrypted"",""vci_grant_type"":""authorization_code""}"
corrected-openid4vc,8abe4fe33891621ce2659f78d6bc2c224f042e17,dbd8b0647731dcf4fa3d725cd8269fc745f9e5ee,openid4vc-vci-p029,n35G41SVE3GSA,uvILemlW2noavhi,oid4vci-1_0-issuer-fail-unknown-credential-identifier,True,FINISHED,PASSED,PASSED,"{""authorization_request_type"":""simple"",""client_auth_type"":""private_key_jwt"",""credential_format"":""mdoc"",""fapi_profile"":""vci"",""fapi_request_method"":""unsigned"",""fapi_response_mode"":""plain_response"",""openid"":""plain_oauth"",""sender_constrain"":""dpop"",""vci_authorization_code_flow_variant"":""wallet_initiated"",""vci_credential_encryption"":""encrypted"",""vci_grant_type"":""authorization_code""}"
corrected-openid4vc,8abe4fe33891621ce2659f78d6bc2c224f042e17,dbd8b0647731dcf4fa3d725cd8269fc745f9e5ee,openid4vc-vci-p029,n35G41SVE3GSA,z6HUERpVB9kqUNe,oid4vci-1_0-issuer-fail-on-access-token-in-query,True,FINISHED,PASSED,PASSED,"{""authorization_request_type"":""simple"",""client_auth_type"":""private_key_jwt"",""credential_format"":""mdoc"",""fapi_profile"":""vci"",""fapi_request_method"":""unsigned"",""fapi_response_mode"":""plain_response"",""openid"":""plain_oauth"",""sender_constrain"":""dpop"",""vci_authorization_code_flow_variant"":""wallet_initiated"",""vci_credential_encryption"":""encrypted"",""vci_grant_type"":""authorization_code""}"
corrected-openid4vc,8abe4fe33891621ce2659f78d6bc2c224f042e17,dbd8b0647731dcf4fa3d725cd8269fc745f9e5ee,openid4vc-vci-p030,zk9gg3R7lNtrz,AUKxT9P3TjRRz1m,oid4vci-1_0-issuer-metadata-test,True,FINISHED,PASSED,PASSED,"{""authorization_request_type"":""simple"",""client_auth_type"":""private_key_jwt"",""credential_format"":""sd_jwt_vc"",""fapi_profile"":""vci"",""fapi_request_method"":""unsigned"",""fapi_response_mode"":""plain_response"",""openid"":""plain_oauth"",""sender_constrain"":""dpop"",""vci_authorization_code_flow_variant"":""issuer_initiated"",""vci_credential_encryption"":""encrypted"",""vci_grant_type"":""authorization_code""}"
corrected-openid4vc,8abe4fe33891621ce2659f78d6bc2c224f042e17,dbd8b0647731dcf4fa3d725cd8269fc745f9e5ee,openid4vc-vci-p030,zk9gg3R7lNtrz,AkjaaY8F4Ft2WuR,oid4vci-1_0-issuer-metadata-test-signed,True,FINISHED,PASSED,PASSED,"{""authorization_request_type"":""simple"",""client_auth_type"":""private_key_jwt"",""credential_format"":""sd_jwt_vc"",""fapi_profile"":""vci"",""fapi_request_method"":""unsigned"",""fapi_response_mode"":""plain_response"",""openid"":""plain_oauth"",""sender_constrain"":""dpop"",""vci_authorization_code_flow_variant"":""issuer_initiated"",""vci_credential_encryption"":""encrypted"",""vci_grant_type"":""authorization_code""}"
corrected-openid4vc,8abe4fe33891621ce2659f78d6bc2c224f042e17,dbd8b0647731dcf4fa3d725cd8269fc745f9e5ee,openid4vc-vci-p030,zk9gg3R7lNtrz,waXbgObmsuwFlDW,oid4vci-1_0-issuer-happy-flow,True,FINISHED,PASSED,PASSED,"{""authorization_request_type"":""simple"",""client_auth_type"":""private_key_jwt"",""credential_format"":""sd_jwt_vc"",""fapi_profile"":""vci"",""fapi_request_method"":""unsigned"",""fapi_response_mode"":""plain_response"",""openid"":""plain_oauth"",""sender_constrain"":""dpop"",""vci_authorization_code_flow_variant"":""issuer_initiated"",""vci_credential_encryption"":""encrypted"",""vci_grant_type"":""authorization_code""}"
corrected-openid4vc,8abe4fe33891621ce2659f78d6bc2c224f042e17,dbd8b0647731dcf4fa3d725cd8269fc745f9e5ee,openid4vc-vci-p030,zk9gg3R7lNtrz,xszI79luSdkm6RJ,oid4vci-1_0-issuer-happy-flow-additional-requests,True,FINISHED,PASSED,PASSED,"{""authorization_request_type"":""simple"",""client_auth_type"":""private_key_jwt"",""credential_format"":""sd_jwt_vc"",""fapi_profile"":""vci"",""fapi_request_method"":""unsigned"",""fapi_response_mode"":""plain_response"",""openid"":""plain_oauth"",""sender_constrain"":""dpop"",""vci_authorization_code_flow_variant"":""issuer_initiated"",""vci_credential_encryption"":""encrypted"",""vci_grant_type"":""authorization_code""}"
corrected-openid4vc,8abe4fe33891621ce2659f78d6bc2c224f042e17,dbd8b0647731dcf4fa3d725cd8269fc745f9e5ee,openid4vc-vci-p030,zk9gg3R7lNtrz,EuFuSWBq3yx2cM3,oid4vci-1_0-issuer-happy-flow-multiple-clients,True,FINISHED,PASSED,PASSED,"{""authorization_request_type"":""simple"",""client_auth_type"":""private_key_jwt"",""credential_format"":""sd_jwt_vc"",""fapi_profile"":""vci"",""fapi_request_method"":""unsigned"",""fapi_response_mode"":""plain_response"",""openid"":""plain_oauth"",""sender_constrain"":""dpop"",""vci_authorization_code_flow_variant"":""issuer_initiated"",""vci_credential_encryption"":""encrypted"",""vci_grant_type"":""authorization_code""}"
corrected-openid4vc,8abe4fe33891621ce2659f78d6bc2c224f042e17,dbd8b0647731dcf4fa3d725cd8269fc745f9e5ee,openid4vc-vci-p030,zk9gg3R7lNtrz,Jm8wnuyOGSG9R48,oid4vci-1_0-issuer-happy-flow-skip-notification,True,FINISHED,PASSED,PASSED,"{""authorization_request_type"":""simple"",""client_auth_type"":""private_key_jwt"",""credential_format"":""sd_jwt_vc"",""fapi_profile"":""vci"",""fapi_request_method"":""unsigned"",""fapi_response_mode"":""plain_response"",""openid"":""plain_oauth"",""sender_constrain"":""dpop"",""vci_authorization_code_flow_variant"":""issuer_initiated"",""vci_credential_encryption"":""encrypted"",""vci_grant_type"":""authorization_code""}"
corrected-openid4vc,8abe4fe33891621ce2659f78d6bc2c224f042e17,dbd8b0647731dcf4fa3d725cd8269fc745f9e5ee,openid4vc-vci-p030,zk9gg3R7lNtrz,T09RFuqBOLjh5aM,oid4vci-1_0-issuer-batch-issuance,True,FINISHED,PASSED,PASSED,"{""authorization_request_type"":""simple"",""client_auth_type"":""private_key_jwt"",""credential_format"":""sd_jwt_vc"",""fapi_profile"":""vci"",""fapi_request_method"":""unsigned"",""fapi_response_mode"":""plain_response"",""openid"":""plain_oauth"",""sender_constrain"":""dpop"",""vci_authorization_code_flow_variant"":""issuer_initiated"",""vci_credential_encryption"":""encrypted"",""vci_grant_type"":""authorization_code""}"
corrected-openid4vc,8abe4fe33891621ce2659f78d6bc2c224f042e17,dbd8b0647731dcf4fa3d725cd8269fc745f9e5ee,openid4vc-vci-p030,zk9gg3R7lNtrz,mm3vVKvmLvwkuPD,oid4vci-1_0-issuer-fail-invalid-nonce,True,FINISHED,PASSED,PASSED,"{""authorization_request_type"":""simple"",""client_auth_type"":""private_key_jwt"",""credential_format"":""sd_jwt_vc"",""fapi_profile"":""vci"",""fapi_request_method"":""unsigned"",""fapi_response_mode"":""plain_response"",""openid"":""plain_oauth"",""sender_constrain"":""dpop"",""vci_authorization_code_flow_variant"":""issuer_initiated"",""vci_credential_encryption"":""encrypted"",""vci_grant_type"":""authorization_code""}"
corrected-openid4vc,8abe4fe33891621ce2659f78d6bc2c224f042e17,dbd8b0647731dcf4fa3d725cd8269fc745f9e5ee,openid4vc-vci-p030,zk9gg3R7lNtrz,hJrgZ4zfaXb87lI,oid4vci-1_0-issuer-fail-invalid-jwt-proof-signature,True,FINISHED,PASSED,PASSED,"{""authorization_request_type"":""simple"",""client_auth_type"":""private_key_jwt"",""credential_format"":""sd_jwt_vc"",""fapi_profile"":""vci"",""fapi_request_method"":""unsigned"",""fapi_response_mode"":""plain_response"",""openid"":""plain_oauth"",""sender_constrain"":""dpop"",""vci_authorization_code_flow_variant"":""issuer_initiated"",""vci_credential_encryption"":""encrypted"",""vci_grant_type"":""authorization_code""}"
corrected-openid4vc,8abe4fe33891621ce2659f78d6bc2c224f042e17,dbd8b0647731dcf4fa3d725cd8269fc745f9e5ee,openid4vc-vci-p030,zk9gg3R7lNtrz,YzaKnzFiO4jbIIC,oid4vci-1_0-issuer-fail-invalid-key-attestation-signature,True,FINISHED,PASSED,PASSED,"{""authorization_request_type"":""simple"",""client_auth_type"":""private_key_jwt"",""credential_format"":""sd_jwt_vc"",""fapi_profile"":""vci"",""fapi_request_method"":""unsigned"",""fapi_response_mode"":""plain_response"",""openid"":""plain_oauth"",""sender_constrain"":""dpop"",""vci_authorization_code_flow_variant"":""issuer_initiated"",""vci_credential_encryption"":""encrypted"",""vci_grant_type"":""authorization_code""}"
corrected-openid4vc,8abe4fe33891621ce2659f78d6bc2c224f042e17,dbd8b0647731dcf4fa3d725cd8269fc745f9e5ee,openid4vc-vci-p030,zk9gg3R7lNtrz,OfHr9iQvGvbN4l8,oid4vci-1_0-issuer-fail-missing-proof,True,FINISHED,PASSED,PASSED,"{""authorization_request_type"":""simple"",""client_auth_type"":""private_key_jwt"",""credential_format"":""sd_jwt_vc"",""fapi_profile"":""vci"",""fapi_request_method"":""unsigned"",""fapi_response_mode"":""plain_response"",""openid"":""plain_oauth"",""sender_constrain"":""dpop"",""vci_authorization_code_flow_variant"":""issuer_initiated"",""vci_credential_encryption"":""encrypted"",""vci_grant_type"":""authorization_code""}"
corrected-openid4vc,8abe4fe33891621ce2659f78d6bc2c224f042e17,dbd8b0647731dcf4fa3d725cd8269fc745f9e5ee,openid4vc-vci-p030,zk9gg3R7lNtrz,6s95emUntYbvgbH,oid4vci-1_0-issuer-fail-unsupported-encryption-algorithm,True,FINISHED,PASSED,PASSED,"{""authorization_request_type"":""simple"",""client_auth_type"":""private_key_jwt"",""credential_format"":""sd_jwt_vc"",""fapi_profile"":""vci"",""fapi_request_method"":""unsigned"",""fapi_response_mode"":""plain_response"",""openid"":""plain_oauth"",""sender_constrain"":""dpop"",""vci_authorization_code_flow_variant"":""issuer_initiated"",""vci_credential_encryption"":""encrypted"",""vci_grant_type"":""authorization_code""}"
corrected-openid4vc,8abe4fe33891621ce2659f78d6bc2c224f042e17,dbd8b0647731dcf4fa3d725cd8269fc745f9e5ee,openid4vc-vci-p030,zk9gg3R7lNtrz,csDDsNKR8fJxrwA,oid4vci-1_0-issuer-fail-unknown-credential-configuration,True,FINISHED,PASSED,PASSED,"{""authorization_request_type"":""simple"",""client_auth_type"":""private_key_jwt"",""credential_format"":""sd_jwt_vc"",""fapi_profile"":""vci"",""fapi_request_method"":""unsigned"",""fapi_response_mode"":""plain_response"",""openid"":""plain_oauth"",""sender_constrain"":""dpop"",""vci_authorization_code_flow_variant"":""issuer_initiated"",""vci_credential_encryption"":""encrypted"",""vci_grant_type"":""authorization_code""}"
corrected-openid4vc,8abe4fe33891621ce2659f78d6bc2c224f042e17,dbd8b0647731dcf4fa3d725cd8269fc745f9e5ee,openid4vc-vci-p030,zk9gg3R7lNtrz,RArsmgCJdQek2V8,oid4vci-1_0-issuer-fail-unknown-credential-identifier,True,FINISHED,PASSED,PASSED,"{""authorization_request_type"":""simple"",""client_auth_type"":""private_key_jwt"",""credential_format"":""sd_jwt_vc"",""fapi_profile"":""vci"",""fapi_request_method"":""unsigned"",""fapi_response_mode"":""plain_response"",""openid"":""plain_oauth"",""sender_constrain"":""dpop"",""vci_authorization_code_flow_variant"":""issuer_initiated"",""vci_credential_encryption"":""encrypted"",""vci_grant_type"":""authorization_code""}"
corrected-openid4vc,8abe4fe33891621ce2659f78d6bc2c224f042e17,dbd8b0647731dcf4fa3d725cd8269fc745f9e5ee,openid4vc-vci-p030,zk9gg3R7lNtrz,m57WruFRd355mAi,oid4vci-1_0-issuer-fail-on-access-token-in-query,True,FINISHED,PASSED,PASSED,"{""authorization_request_type"":""simple"",""client_auth_type"":""private_key_jwt"",""credential_format"":""sd_jwt_vc"",""fapi_profile"":""vci"",""fapi_request_method"":""unsigned"",""fapi_response_mode"":""plain_response"",""openid"":""plain_oauth"",""sender_constrain"":""dpop"",""vci_authorization_code_flow_variant"":""issuer_initiated"",""vci_credential_encryption"":""encrypted"",""vci_grant_type"":""authorization_code""}"
corrected-openid4vc,8abe4fe33891621ce2659f78d6bc2c224f042e17,dbd8b0647731dcf4fa3d725cd8269fc745f9e5ee,openid4vc-vci-p031,C9cXh83bojWbO,arLAWJuTI13xZrK,oid4vci-1_0-issuer-metadata-test,True,FINISHED,PASSED,PASSED,"{""authorization_request_type"":""simple"",""client_auth_type"":""private_key_jwt"",""credential_format"":""mdoc"",""fapi_profile"":""vci"",""fapi_request_method"":""unsigned"",""fapi_response_mode"":""plain_response"",""openid"":""plain_oauth"",""sender_constrain"":""dpop"",""vci_authorization_code_flow_variant"":""issuer_initiated"",""vci_credential_encryption"":""plain"",""vci_grant_type"":""authorization_code""}"
corrected-openid4vc,8abe4fe33891621ce2659f78d6bc2c224f042e17,dbd8b0647731dcf4fa3d725cd8269fc745f9e5ee,openid4vc-vci-p031,C9cXh83bojWbO,f1chE8lgDKaKPDc,oid4vci-1_0-issuer-metadata-test-signed,True,FINISHED,PASSED,PASSED,"{""authorization_request_type"":""simple"",""client_auth_type"":""private_key_jwt"",""credential_format"":""mdoc"",""fapi_profile"":""vci"",""fapi_request_method"":""unsigned"",""fapi_response_mode"":""plain_response"",""openid"":""plain_oauth"",""sender_constrain"":""dpop"",""vci_authorization_code_flow_variant"":""issuer_initiated"",""vci_credential_encryption"":""plain"",""vci_grant_type"":""authorization_code""}"
corrected-openid4vc,8abe4fe33891621ce2659f78d6bc2c224f042e17,dbd8b0647731dcf4fa3d725cd8269fc745f9e5ee,openid4vc-vci-p031,C9cXh83bojWbO,eCsAiIonaOyzQor,oid4vci-1_0-issuer-happy-flow,True,FINISHED,PASSED,PASSED,"{""authorization_request_type"":""simple"",""client_auth_type"":""private_key_jwt"",""credential_format"":""mdoc"",""fapi_profile"":""vci"",""fapi_request_method"":""unsigned"",""fapi_response_mode"":""plain_response"",""openid"":""plain_oauth"",""sender_constrain"":""dpop"",""vci_authorization_code_flow_variant"":""issuer_initiated"",""vci_credential_encryption"":""plain"",""vci_grant_type"":""authorization_code""}"
corrected-openid4vc,8abe4fe33891621ce2659f78d6bc2c224f042e17,dbd8b0647731dcf4fa3d725cd8269fc745f9e5ee,openid4vc-vci-p031,C9cXh83bojWbO,chCo49Z7yfXM4tT,oid4vci-1_0-issuer-happy-flow-additional-requests,True,FINISHED,PASSED,PASSED,"{""authorization_request_type"":""simple"",""client_auth_type"":""private_key_jwt"",""credential_format"":""mdoc"",""fapi_profile"":""vci"",""fapi_request_method"":""unsigned"",""fapi_response_mode"":""plain_response"",""openid"":""plain_oauth"",""sender_constrain"":""dpop"",""vci_authorization_code_flow_variant"":""issuer_initiated"",""vci_credential_encryption"":""plain"",""vci_grant_type"":""authorization_code""}"
corrected-openid4vc,8abe4fe33891621ce2659f78d6bc2c224f042e17,dbd8b0647731dcf4fa3d725cd8269fc745f9e5ee,openid4vc-vci-p031,C9cXh83bojWbO,RlGjo7VSDeGlGt9,oid4vci-1_0-issuer-happy-flow-multiple-clients,True,FINISHED,PASSED,PASSED,"{""authorization_request_type"":""simple"",""client_auth_type"":""private_key_jwt"",""credential_format"":""mdoc"",""fapi_profile"":""vci"",""fapi_request_method"":""unsigned"",""fapi_response_mode"":""plain_response"",""openid"":""plain_oauth"",""sender_constrain"":""dpop"",""vci_authorization_code_flow_variant"":""issuer_initiated"",""vci_credential_encryption"":""plain"",""vci_grant_type"":""authorization_code""}"
corrected-openid4vc,8abe4fe33891621ce2659f78d6bc2c224f042e17,dbd8b0647731dcf4fa3d725cd8269fc745f9e5ee,openid4vc-vci-p031,C9cXh83bojWbO,rIPes4dAvytwLWL,oid4vci-1_0-issuer-happy-flow-skip-notification,True,FINISHED,PASSED,PASSED,"{""authorization_request_type"":""simple"",""client_auth_type"":""private_key_jwt"",""credential_format"":""mdoc"",""fapi_profile"":""vci"",""fapi_request_method"":""unsigned"",""fapi_response_mode"":""plain_response"",""openid"":""plain_oauth"",""sender_constrain"":""dpop"",""vci_authorization_code_flow_variant"":""issuer_initiated"",""vci_credential_encryption"":""plain"",""vci_grant_type"":""authorization_code""}"
corrected-openid4vc,8abe4fe33891621ce2659f78d6bc2c224f042e17,dbd8b0647731dcf4fa3d725cd8269fc745f9e5ee,openid4vc-vci-p031,C9cXh83bojWbO,9hiEw9anfjuCAed,oid4vci-1_0-issuer-batch-issuance,True,FINISHED,WARNING,WARNING,"{""authorization_request_type"":""simple"",""client_auth_type"":""private_key_jwt"",""credential_format"":""mdoc"",""fapi_profile"":""vci"",""fapi_request_method"":""unsigned"",""fapi_response_mode"":""plain_response"",""openid"":""plain_oauth"",""sender_constrain"":""dpop"",""vci_authorization_code_flow_variant"":""issuer_initiated"",""vci_credential_encryption"":""plain"",""vci_grant_type"":""authorization_code""}"
corrected-openid4vc,8abe4fe33891621ce2659f78d6bc2c224f042e17,dbd8b0647731dcf4fa3d725cd8269fc745f9e5ee,openid4vc-vci-p031,C9cXh83bojWbO,UccgamkfRdPThCh,oid4vci-1_0-issuer-fail-invalid-nonce,True,FINISHED,PASSED,PASSED,"{""authorization_request_type"":""simple"",""client_auth_type"":""private_key_jwt"",""credential_format"":""mdoc"",""fapi_profile"":""vci"",""fapi_request_method"":""unsigned"",""fapi_response_mode"":""plain_response"",""openid"":""plain_oauth"",""sender_constrain"":""dpop"",""vci_authorization_code_flow_variant"":""issuer_initiated"",""vci_credential_encryption"":""plain"",""vci_grant_type"":""authorization_code""}"
corrected-openid4vc,8abe4fe33891621ce2659f78d6bc2c224f042e17,dbd8b0647731dcf4fa3d725cd8269fc745f9e5ee,openid4vc-vci-p031,C9cXh83bojWbO,rLq0UOQSy8q8QPz,oid4vci-1_0-issuer-fail-invalid-jwt-proof-signature,True,FINISHED,PASSED,PASSED,"{""authorization_request_type"":""simple"",""client_auth_type"":""private_key_jwt"",""credential_format"":""mdoc"",""fapi_profile"":""vci"",""fapi_request_method"":""unsigned"",""fapi_response_mode"":""plain_response"",""openid"":""plain_oauth"",""sender_constrain"":""dpop"",""vci_authorization_code_flow_variant"":""issuer_initiated"",""vci_credential_encryption"":""plain"",""vci_grant_type"":""authorization_code""}"
corrected-openid4vc,8abe4fe33891621ce2659f78d6bc2c224f042e17,dbd8b0647731dcf4fa3d725cd8269fc745f9e5ee,openid4vc-vci-p031,C9cXh83bojWbO,gBA1GLjCmbZKTtc,oid4vci-1_0-issuer-fail-invalid-key-attestation-signature,True,FINISHED,PASSED,PASSED,"{""authorization_request_type"":""simple"",""client_auth_type"":""private_key_jwt"",""credential_format"":""mdoc"",""fapi_profile"":""vci"",""fapi_request_method"":""unsigned"",""fapi_response_mode"":""plain_response"",""openid"":""plain_oauth"",""sender_constrain"":""dpop"",""vci_authorization_code_flow_variant"":""issuer_initiated"",""vci_credential_encryption"":""plain"",""vci_grant_type"":""authorization_code""}"
corrected-openid4vc,8abe4fe33891621ce2659f78d6bc2c224f042e17,dbd8b0647731dcf4fa3d725cd8269fc745f9e5ee,openid4vc-vci-p031,C9cXh83bojWbO,j2I3tH0bcbyZhcz,oid4vci-1_0-issuer-fail-missing-proof,True,FINISHED,PASSED,PASSED,"{""authorization_request_type"":""simple"",""client_auth_type"":""private_key_jwt"",""credential_format"":""mdoc"",""fapi_profile"":""vci"",""fapi_request_method"":""unsigned"",""fapi_response_mode"":""plain_response"",""openid"":""plain_oauth"",""sender_constrain"":""dpop"",""vci_authorization_code_flow_variant"":""issuer_initiated"",""vci_credential_encryption"":""plain"",""vci_grant_type"":""authorization_code""}"
corrected-openid4vc,8abe4fe33891621ce2659f78d6bc2c224f042e17,dbd8b0647731dcf4fa3d725cd8269fc745f9e5ee,openid4vc-vci-p031,C9cXh83bojWbO,1xlFnEulZCnxae0,oid4vci-1_0-issuer-fail-unsupported-encryption-algorithm,True,FINISHED,SKIPPED,SKIPPED,"{""authorization_request_type"":""simple"",""client_auth_type"":""private_key_jwt"",""credential_format"":""mdoc"",""fapi_profile"":""vci"",""fapi_request_method"":""unsigned"",""fapi_response_mode"":""plain_response"",""openid"":""plain_oauth"",""sender_constrain"":""dpop"",""vci_authorization_code_flow_variant"":""issuer_initiated"",""vci_credential_encryption"":""plain"",""vci_grant_type"":""authorization_code""}"
corrected-openid4vc,8abe4fe33891621ce2659f78d6bc2c224f042e17,dbd8b0647731dcf4fa3d725cd8269fc745f9e5ee,openid4vc-vci-p031,C9cXh83bojWbO,70U1u6m52xoK1XL,oid4vci-1_0-issuer-fail-unknown-credential-configuration,True,FINISHED,PASSED,PASSED,"{""authorization_request_type"":""simple"",""client_auth_type"":""private_key_jwt"",""credential_format"":""mdoc"",""fapi_profile"":""vci"",""fapi_request_method"":""unsigned"",""fapi_response_mode"":""plain_response"",""openid"":""plain_oauth"",""sender_constrain"":""dpop"",""vci_authorization_code_flow_variant"":""issuer_initiated"",""vci_credential_encryption"":""plain"",""vci_grant_type"":""authorization_code""}"
corrected-openid4vc,8abe4fe33891621ce2659f78d6bc2c224f042e17,dbd8b0647731dcf4fa3d725cd8269fc745f9e5ee,openid4vc-vci-p031,C9cXh83bojWbO,b3CBNXSEt5SUewa,oid4vci-1_0-issuer-fail-unknown-credential-identifier,True,FINISHED,PASSED,PASSED,"{""authorization_request_type"":""simple"",""client_auth_type"":""private_key_jwt"",""credential_format"":""mdoc"",""fapi_profile"":""vci"",""fapi_request_method"":""unsigned"",""fapi_response_mode"":""plain_response"",""openid"":""plain_oauth"",""sender_constrain"":""dpop"",""vci_authorization_code_flow_variant"":""issuer_initiated"",""vci_credential_encryption"":""plain"",""vci_grant_type"":""authorization_code""}"
corrected-openid4vc,8abe4fe33891621ce2659f78d6bc2c224f042e17,dbd8b0647731dcf4fa3d725cd8269fc745f9e5ee,openid4vc-vci-p031,C9cXh83bojWbO,YsAVnG0RgjXgVaP,oid4vci-1_0-issuer-fail-on-access-token-in-query,True,FINISHED,PASSED,PASSED,"{""authorization_request_type"":""simple"",""client_auth_type"":""private_key_jwt"",""credential_format"":""mdoc"",""fapi_profile"":""vci"",""fapi_request_method"":""unsigned"",""fapi_response_mode"":""plain_response"",""openid"":""plain_oauth"",""sender_constrain"":""dpop"",""vci_authorization_code_flow_variant"":""issuer_initiated"",""vci_credential_encryption"":""plain"",""vci_grant_type"":""authorization_code""}"
corrected-openid4vc,8abe4fe33891621ce2659f78d6bc2c224f042e17,dbd8b0647731dcf4fa3d725cd8269fc745f9e5ee,openid4vc-vci-p032,sq5sUn3JKb4PN,j1STmMwvPBTUwGT,oid4vci-1_0-issuer-metadata-test,True,FINISHED,PASSED,PASSED,"{""authorization_request_type"":""simple"",""client_auth_type"":""private_key_jwt"",""credential_format"":""sd_jwt_vc"",""fapi_profile"":""vci"",""fapi_request_method"":""unsigned"",""fapi_response_mode"":""plain_response"",""openid"":""plain_oauth"",""sender_constrain"":""dpop"",""vci_authorization_code_flow_variant"":""issuer_initiated"",""vci_credential_encryption"":""plain"",""vci_grant_type"":""pre_authorization_code""}"
corrected-openid4vc,8abe4fe33891621ce2659f78d6bc2c224f042e17,dbd8b0647731dcf4fa3d725cd8269fc745f9e5ee,openid4vc-vci-p032,sq5sUn3JKb4PN,zvOwGMVsXfcJcSw,oid4vci-1_0-issuer-metadata-test-signed,True,FINISHED,PASSED,PASSED,"{""authorization_request_type"":""simple"",""client_auth_type"":""private_key_jwt"",""credential_format"":""sd_jwt_vc"",""fapi_profile"":""vci"",""fapi_request_method"":""unsigned"",""fapi_response_mode"":""plain_response"",""openid"":""plain_oauth"",""sender_constrain"":""dpop"",""vci_authorization_code_flow_variant"":""issuer_initiated"",""vci_credential_encryption"":""plain"",""vci_grant_type"":""pre_authorization_code""}"
corrected-openid4vc,8abe4fe33891621ce2659f78d6bc2c224f042e17,dbd8b0647731dcf4fa3d725cd8269fc745f9e5ee,openid4vc-vci-p032,sq5sUn3JKb4PN,lfJVYSqIQd68rN5,oid4vci-1_0-issuer-happy-flow,True,FINISHED,PASSED,PASSED,"{""authorization_request_type"":""simple"",""client_auth_type"":""private_key_jwt"",""credential_format"":""sd_jwt_vc"",""fapi_profile"":""vci"",""fapi_request_method"":""unsigned"",""fapi_response_mode"":""plain_response"",""openid"":""plain_oauth"",""sender_constrain"":""dpop"",""vci_authorization_code_flow_variant"":""issuer_initiated"",""vci_credential_encryption"":""plain"",""vci_grant_type"":""pre_authorization_code""}"
corrected-openid4vc,8abe4fe33891621ce2659f78d6bc2c224f042e17,dbd8b0647731dcf4fa3d725cd8269fc745f9e5ee,openid4vc-vci-p032,sq5sUn3JKb4PN,8TioanZSfgZytAo,oid4vci-1_0-issuer-happy-flow-additional-requests,True,FINISHED,PASSED,PASSED,"{""authorization_request_type"":""simple"",""client_auth_type"":""private_key_jwt"",""credential_format"":""sd_jwt_vc"",""fapi_profile"":""vci"",""fapi_request_method"":""unsigned"",""fapi_response_mode"":""plain_response"",""openid"":""plain_oauth"",""sender_constrain"":""dpop"",""vci_authorization_code_flow_variant"":""issuer_initiated"",""vci_credential_encryption"":""plain"",""vci_grant_type"":""pre_authorization_code""}"
corrected-openid4vc,8abe4fe33891621ce2659f78d6bc2c224f042e17,dbd8b0647731dcf4fa3d725cd8269fc745f9e5ee,openid4vc-vci-p032,sq5sUn3JKb4PN,3gZYs5k2Bya77Dx,oid4vci-1_0-issuer-happy-flow-multiple-clients,True,FINISHED,PASSED,PASSED,"{""authorization_request_type"":""simple"",""client_auth_type"":""private_key_jwt"",""credential_format"":""sd_jwt_vc"",""fapi_profile"":""vci"",""fapi_request_method"":""unsigned"",""fapi_response_mode"":""plain_response"",""openid"":""plain_oauth"",""sender_constrain"":""dpop"",""vci_authorization_code_flow_variant"":""issuer_initiated"",""vci_credential_encryption"":""plain"",""vci_grant_type"":""pre_authorization_code""}"
corrected-openid4vc,8abe4fe33891621ce2659f78d6bc2c224f042e17,dbd8b0647731dcf4fa3d725cd8269fc745f9e5ee,openid4vc-vci-p032,sq5sUn3JKb4PN,0hN0x1uO5aHmd51,oid4vci-1_0-issuer-happy-flow-skip-notification,True,FINISHED,PASSED,PASSED,"{""authorization_request_type"":""simple"",""client_auth_type"":""private_key_jwt"",""credential_format"":""sd_jwt_vc"",""fapi_profile"":""vci"",""fapi_request_method"":""unsigned"",""fapi_response_mode"":""plain_response"",""openid"":""plain_oauth"",""sender_constrain"":""dpop"",""vci_authorization_code_flow_variant"":""issuer_initiated"",""vci_credential_encryption"":""plain"",""vci_grant_type"":""pre_authorization_code""}"
corrected-openid4vc,8abe4fe33891621ce2659f78d6bc2c224f042e17,dbd8b0647731dcf4fa3d725cd8269fc745f9e5ee,openid4vc-vci-p032,sq5sUn3JKb4PN,yFxxpFi4IcKkRF2,oid4vci-1_0-issuer-batch-issuance,True,FINISHED,PASSED,PASSED,"{""authorization_request_type"":""simple"",""client_auth_type"":""private_key_jwt"",""credential_format"":""sd_jwt_vc"",""fapi_profile"":""vci"",""fapi_request_method"":""unsigned"",""fapi_response_mode"":""plain_response"",""openid"":""plain_oauth"",""sender_constrain"":""dpop"",""vci_authorization_code_flow_variant"":""issuer_initiated"",""vci_credential_encryption"":""plain"",""vci_grant_type"":""pre_authorization_code""}"
corrected-openid4vc,8abe4fe33891621ce2659f78d6bc2c224f042e17,dbd8b0647731dcf4fa3d725cd8269fc745f9e5ee,openid4vc-vci-p032,sq5sUn3JKb4PN,c3VfTVCyXYEkY7v,oid4vci-1_0-issuer-fail-invalid-nonce,True,FINISHED,PASSED,PASSED,"{""authorization_request_type"":""simple"",""client_auth_type"":""private_key_jwt"",""credential_format"":""sd_jwt_vc"",""fapi_profile"":""vci"",""fapi_request_method"":""unsigned"",""fapi_response_mode"":""plain_response"",""openid"":""plain_oauth"",""sender_constrain"":""dpop"",""vci_authorization_code_flow_variant"":""issuer_initiated"",""vci_credential_encryption"":""plain"",""vci_grant_type"":""pre_authorization_code""}"
corrected-openid4vc,8abe4fe33891621ce2659f78d6bc2c224f042e17,dbd8b0647731dcf4fa3d725cd8269fc745f9e5ee,openid4vc-vci-p032,sq5sUn3JKb4PN,V2Bd2QsEtaApR28,oid4vci-1_0-issuer-fail-invalid-jwt-proof-signature,True,FINISHED,PASSED,PASSED,"{""authorization_request_type"":""simple"",""client_auth_type"":""private_key_jwt"",""credential_format"":""sd_jwt_vc"",""fapi_profile"":""vci"",""fapi_request_method"":""unsigned"",""fapi_response_mode"":""plain_response"",""openid"":""plain_oauth"",""sender_constrain"":""dpop"",""vci_authorization_code_flow_variant"":""issuer_initiated"",""vci_credential_encryption"":""plain"",""vci_grant_type"":""pre_authorization_code""}"
corrected-openid4vc,8abe4fe33891621ce2659f78d6bc2c224f042e17,dbd8b0647731dcf4fa3d725cd8269fc745f9e5ee,openid4vc-vci-p032,sq5sUn3JKb4PN,iVenrFCsBPe2qSl,oid4vci-1_0-issuer-fail-invalid-key-attestation-signature,True,FINISHED,PASSED,PASSED,"{""authorization_request_type"":""simple"",""client_auth_type"":""private_key_jwt"",""credential_format"":""sd_jwt_vc"",""fapi_profile"":""vci"",""fapi_request_method"":""unsigned"",""fapi_response_mode"":""plain_response"",""openid"":""plain_oauth"",""sender_constrain"":""dpop"",""vci_authorization_code_flow_variant"":""issuer_initiated"",""vci_credential_encryption"":""plain"",""vci_grant_type"":""pre_authorization_code""}"
corrected-openid4vc,8abe4fe33891621ce2659f78d6bc2c224f042e17,dbd8b0647731dcf4fa3d725cd8269fc745f9e5ee,openid4vc-vci-p032,sq5sUn3JKb4PN,QbO3vOePlLXtjqg,oid4vci-1_0-issuer-fail-missing-proof,True,FINISHED,PASSED,PASSED,"{""authorization_request_type"":""simple"",""client_auth_type"":""private_key_jwt"",""credential_format"":""sd_jwt_vc"",""fapi_profile"":""vci"",""fapi_request_method"":""unsigned"",""fapi_response_mode"":""plain_response"",""openid"":""plain_oauth"",""sender_constrain"":""dpop"",""vci_authorization_code_flow_variant"":""issuer_initiated"",""vci_credential_encryption"":""plain"",""vci_grant_type"":""pre_authorization_code""}"
corrected-openid4vc,8abe4fe33891621ce2659f78d6bc2c224f042e17,dbd8b0647731dcf4fa3d725cd8269fc745f9e5ee,openid4vc-vci-p032,sq5sUn3JKb4PN,h0DYIVVg0JbmrMc,oid4vci-1_0-issuer-fail-unsupported-encryption-algorithm,True,FINISHED,SKIPPED,SKIPPED,"{""authorization_request_type"":""simple"",""client_auth_type"":""private_key_jwt"",""credential_format"":""sd_jwt_vc"",""fapi_profile"":""vci"",""fapi_request_method"":""unsigned"",""fapi_response_mode"":""plain_response"",""openid"":""plain_oauth"",""sender_constrain"":""dpop"",""vci_authorization_code_flow_variant"":""issuer_initiated"",""vci_credential_encryption"":""plain"",""vci_grant_type"":""pre_authorization_code""}"
corrected-openid4vc,8abe4fe33891621ce2659f78d6bc2c224f042e17,dbd8b0647731dcf4fa3d725cd8269fc745f9e5ee,openid4vc-vci-p032,sq5sUn3JKb4PN,dCnCYAy2Nzs2AJH,oid4vci-1_0-issuer-fail-unknown-credential-configuration,True,FINISHED,PASSED,PASSED,"{""authorization_request_type"":""simple"",""client_auth_type"":""private_key_jwt"",""credential_format"":""sd_jwt_vc"",""fapi_profile"":""vci"",""fapi_request_method"":""unsigned"",""fapi_response_mode"":""plain_response"",""openid"":""plain_oauth"",""sender_constrain"":""dpop"",""vci_authorization_code_flow_variant"":""issuer_initiated"",""vci_credential_encryption"":""plain"",""vci_grant_type"":""pre_authorization_code""}"
corrected-openid4vc,8abe4fe33891621ce2659f78d6bc2c224f042e17,dbd8b0647731dcf4fa3d725cd8269fc745f9e5ee,openid4vc-vci-p032,sq5sUn3JKb4PN,JZVsKthi3rU3Qiu,oid4vci-1_0-issuer-fail-unknown-credential-identifier,True,FINISHED,PASSED,PASSED,"{""authorization_request_type"":""simple"",""client_auth_type"":""private_key_jwt"",""credential_format"":""sd_jwt_vc"",""fapi_profile"":""vci"",""fapi_request_method"":""unsigned"",""fapi_response_mode"":""plain_response"",""openid"":""plain_oauth"",""sender_constrain"":""dpop"",""vci_authorization_code_flow_variant"":""issuer_initiated"",""vci_credential_encryption"":""plain"",""vci_grant_type"":""pre_authorization_code""}"
corrected-openid4vc,8abe4fe33891621ce2659f78d6bc2c224f042e17,dbd8b0647731dcf4fa3d725cd8269fc745f9e5ee,openid4vc-vci-p032,sq5sUn3JKb4PN,YHPw0ryXCVtcEId,oid4vci-1_0-issuer-fail-on-access-token-in-query,True,FINISHED,PASSED,PASSED,"{""authorization_request_type"":""simple"",""client_auth_type"":""private_key_jwt"",""credential_format"":""sd_jwt_vc"",""fapi_profile"":""vci"",""fapi_request_method"":""unsigned"",""fapi_response_mode"":""plain_response"",""openid"":""plain_oauth"",""sender_constrain"":""dpop"",""vci_authorization_code_flow_variant"":""issuer_initiated"",""vci_credential_encryption"":""plain"",""vci_grant_type"":""pre_authorization_code""}"
corrected-openid4vc,8abe4fe33891621ce2659f78d6bc2c224f042e17,dbd8b0647731dcf4fa3d725cd8269fc745f9e5ee,openid4vc-vci-p033,ujJwb2UDi2njS,joBAJWUhBs8jSe2,oid4vci-1_0-issuer-metadata-test,True,FINISHED,PASSED,PASSED,"{""authorization_request_type"":""simple"",""client_auth_type"":""private_key_jwt"",""credential_format"":""mdoc"",""fapi_profile"":""vci"",""fapi_request_method"":""unsigned"",""fapi_response_mode"":""plain_response"",""openid"":""plain_oauth"",""sender_constrain"":""dpop"",""vci_authorization_code_flow_variant"":""issuer_initiated"",""vci_credential_encryption"":""encrypted"",""vci_grant_type"":""pre_authorization_code""}"
corrected-openid4vc,8abe4fe33891621ce2659f78d6bc2c224f042e17,dbd8b0647731dcf4fa3d725cd8269fc745f9e5ee,openid4vc-vci-p033,ujJwb2UDi2njS,YUbeM17Jg5iJ1PJ,oid4vci-1_0-issuer-metadata-test-signed,True,FINISHED,PASSED,PASSED,"{""authorization_request_type"":""simple"",""client_auth_type"":""private_key_jwt"",""credential_format"":""mdoc"",""fapi_profile"":""vci"",""fapi_request_method"":""unsigned"",""fapi_response_mode"":""plain_response"",""openid"":""plain_oauth"",""sender_constrain"":""dpop"",""vci_authorization_code_flow_variant"":""issuer_initiated"",""vci_credential_encryption"":""encrypted"",""vci_grant_type"":""pre_authorization_code""}"
corrected-openid4vc,8abe4fe33891621ce2659f78d6bc2c224f042e17,dbd8b0647731dcf4fa3d725cd8269fc745f9e5ee,openid4vc-vci-p033,ujJwb2UDi2njS,nbaoFoMV3s5NP52,oid4vci-1_0-issuer-happy-flow,True,FINISHED,PASSED,PASSED,"{""authorization_request_type"":""simple"",""client_auth_type"":""private_key_jwt"",""credential_format"":""mdoc"",""fapi_profile"":""vci"",""fapi_request_method"":""unsigned"",""fapi_response_mode"":""plain_response"",""openid"":""plain_oauth"",""sender_constrain"":""dpop"",""vci_authorization_code_flow_variant"":""issuer_initiated"",""vci_credential_encryption"":""encrypted"",""vci_grant_type"":""pre_authorization_code""}"
corrected-openid4vc,8abe4fe33891621ce2659f78d6bc2c224f042e17,dbd8b0647731dcf4fa3d725cd8269fc745f9e5ee,openid4vc-vci-p033,ujJwb2UDi2njS,Ktzv7OKHznLxcUA,oid4vci-1_0-issuer-happy-flow-additional-requests,True,FINISHED,PASSED,PASSED,"{""authorization_request_type"":""simple"",""client_auth_type"":""private_key_jwt"",""credential_format"":""mdoc"",""fapi_profile"":""vci"",""fapi_request_method"":""unsigned"",""fapi_response_mode"":""plain_response"",""openid"":""plain_oauth"",""sender_constrain"":""dpop"",""vci_authorization_code_flow_variant"":""issuer_initiated"",""vci_credential_encryption"":""encrypted"",""vci_grant_type"":""pre_authorization_code""}"
corrected-openid4vc,8abe4fe33891621ce2659f78d6bc2c224f042e17,dbd8b0647731dcf4fa3d725cd8269fc745f9e5ee,openid4vc-vci-p033,ujJwb2UDi2njS,0SpVIpkDTQ96YQX,oid4vci-1_0-issuer-happy-flow-multiple-clients,True,FINISHED,PASSED,PASSED,"{""authorization_request_type"":""simple"",""client_auth_type"":""private_key_jwt"",""credential_format"":""mdoc"",""fapi_profile"":""vci"",""fapi_request_method"":""unsigned"",""fapi_response_mode"":""plain_response"",""openid"":""plain_oauth"",""sender_constrain"":""dpop"",""vci_authorization_code_flow_variant"":""issuer_initiated"",""vci_credential_encryption"":""encrypted"",""vci_grant_type"":""pre_authorization_code""}"
corrected-openid4vc,8abe4fe33891621ce2659f78d6bc2c224f042e17,dbd8b0647731dcf4fa3d725cd8269fc745f9e5ee,openid4vc-vci-p033,ujJwb2UDi2njS,KL6QReiSS2Rrp0F,oid4vci-1_0-issuer-happy-flow-skip-notification,True,FINISHED,PASSED,PASSED,"{""authorization_request_type"":""simple"",""client_auth_type"":""private_key_jwt"",""credential_format"":""mdoc"",""fapi_profile"":""vci"",""fapi_request_method"":""unsigned"",""fapi_response_mode"":""plain_response"",""openid"":""plain_oauth"",""sender_constrain"":""dpop"",""vci_authorization_code_flow_variant"":""issuer_initiated"",""vci_credential_encryption"":""encrypted"",""vci_grant_type"":""pre_authorization_code""}"
corrected-openid4vc,8abe4fe33891621ce2659f78d6bc2c224f042e17,dbd8b0647731dcf4fa3d725cd8269fc745f9e5ee,openid4vc-vci-p033,ujJwb2UDi2njS,pgI36XUtR7zG2jV,oid4vci-1_0-issuer-batch-issuance,True,FINISHED,PASSED,PASSED,"{""authorization_request_type"":""simple"",""client_auth_type"":""private_key_jwt"",""credential_format"":""mdoc"",""fapi_profile"":""vci"",""fapi_request_method"":""unsigned"",""fapi_response_mode"":""plain_response"",""openid"":""plain_oauth"",""sender_constrain"":""dpop"",""vci_authorization_code_flow_variant"":""issuer_initiated"",""vci_credential_encryption"":""encrypted"",""vci_grant_type"":""pre_authorization_code""}"
corrected-openid4vc,8abe4fe33891621ce2659f78d6bc2c224f042e17,dbd8b0647731dcf4fa3d725cd8269fc745f9e5ee,openid4vc-vci-p033,ujJwb2UDi2njS,ow8IJE7NhY2DfAJ,oid4vci-1_0-issuer-fail-invalid-nonce,True,FINISHED,PASSED,PASSED,"{""authorization_request_type"":""simple"",""client_auth_type"":""private_key_jwt"",""credential_format"":""mdoc"",""fapi_profile"":""vci"",""fapi_request_method"":""unsigned"",""fapi_response_mode"":""plain_response"",""openid"":""plain_oauth"",""sender_constrain"":""dpop"",""vci_authorization_code_flow_variant"":""issuer_initiated"",""vci_credential_encryption"":""encrypted"",""vci_grant_type"":""pre_authorization_code""}"
corrected-openid4vc,8abe4fe33891621ce2659f78d6bc2c224f042e17,dbd8b0647731dcf4fa3d725cd8269fc745f9e5ee,openid4vc-vci-p033,ujJwb2UDi2njS,LwyqaKrrl2310OU,oid4vci-1_0-issuer-fail-invalid-jwt-proof-signature,True,FINISHED,PASSED,PASSED,"{""authorization_request_type"":""simple"",""client_auth_type"":""private_key_jwt"",""credential_format"":""mdoc"",""fapi_profile"":""vci"",""fapi_request_method"":""unsigned"",""fapi_response_mode"":""plain_response"",""openid"":""plain_oauth"",""sender_constrain"":""dpop"",""vci_authorization_code_flow_variant"":""issuer_initiated"",""vci_credential_encryption"":""encrypted"",""vci_grant_type"":""pre_authorization_code""}"
corrected-openid4vc,8abe4fe33891621ce2659f78d6bc2c224f042e17,dbd8b0647731dcf4fa3d725cd8269fc745f9e5ee,openid4vc-vci-p033,ujJwb2UDi2njS,UccTwLWQCBp6hYC,oid4vci-1_0-issuer-fail-invalid-key-attestation-signature,True,FINISHED,PASSED,PASSED,"{""authorization_request_type"":""simple"",""client_auth_type"":""private_key_jwt"",""credential_format"":""mdoc"",""fapi_profile"":""vci"",""fapi_request_method"":""unsigned"",""fapi_response_mode"":""plain_response"",""openid"":""plain_oauth"",""sender_constrain"":""dpop"",""vci_authorization_code_flow_variant"":""issuer_initiated"",""vci_credential_encryption"":""encrypted"",""vci_grant_type"":""pre_authorization_code""}"
corrected-openid4vc,8abe4fe33891621ce2659f78d6bc2c224f042e17,dbd8b0647731dcf4fa3d725cd8269fc745f9e5ee,openid4vc-vci-p033,ujJwb2UDi2njS,cHLeNDk85a5wMRa,oid4vci-1_0-issuer-fail-missing-proof,True,FINISHED,PASSED,PASSED,"{""authorization_request_type"":""simple"",""client_auth_type"":""private_key_jwt"",""credential_format"":""mdoc"",""fapi_profile"":""vci"",""fapi_request_method"":""unsigned"",""fapi_response_mode"":""plain_response"",""openid"":""plain_oauth"",""sender_constrain"":""dpop"",""vci_authorization_code_flow_variant"":""issuer_initiated"",""vci_credential_encryption"":""encrypted"",""vci_grant_type"":""pre_authorization_code""}"
corrected-openid4vc,8abe4fe33891621ce2659f78d6bc2c224f042e17,dbd8b0647731dcf4fa3d725cd8269fc745f9e5ee,openid4vc-vci-p033,ujJwb2UDi2njS,K0qTUFbDYzh1qny,oid4vci-1_0-issuer-fail-unsupported-encryption-algorithm,True,FINISHED,PASSED,PASSED,"{""authorization_request_type"":""simple"",""client_auth_type"":""private_key_jwt"",""credential_format"":""mdoc"",""fapi_profile"":""vci"",""fapi_request_method"":""unsigned"",""fapi_response_mode"":""plain_response"",""openid"":""plain_oauth"",""sender_constrain"":""dpop"",""vci_authorization_code_flow_variant"":""issuer_initiated"",""vci_credential_encryption"":""encrypted"",""vci_grant_type"":""pre_authorization_code""}"
corrected-openid4vc,8abe4fe33891621ce2659f78d6bc2c224f042e17,dbd8b0647731dcf4fa3d725cd8269fc745f9e5ee,openid4vc-vci-p033,ujJwb2UDi2njS,fTocvrEsDBoV0H1,oid4vci-1_0-issuer-fail-unknown-credential-configuration,True,FINISHED,PASSED,PASSED,"{""authorization_request_type"":""simple"",""client_auth_type"":""private_key_jwt"",""credential_format"":""mdoc"",""fapi_profile"":""vci"",""fapi_request_method"":""unsigned"",""fapi_response_mode"":""plain_response"",""openid"":""plain_oauth"",""sender_constrain"":""dpop"",""vci_authorization_code_flow_variant"":""issuer_initiated"",""vci_credential_encryption"":""encrypted"",""vci_grant_type"":""pre_authorization_code""}"
corrected-openid4vc,8abe4fe33891621ce2659f78d6bc2c224f042e17,dbd8b0647731dcf4fa3d725cd8269fc745f9e5ee,openid4vc-vci-p033,ujJwb2UDi2njS,BAiziDoVjGDACOb,oid4vci-1_0-issuer-fail-unknown-credential-identifier,True,FINISHED,PASSED,PASSED,"{""authorization_request_type"":""simple"",""client_auth_type"":""private_key_jwt"",""credential_format"":""mdoc"",""fapi_profile"":""vci"",""fapi_request_method"":""unsigned"",""fapi_response_mode"":""plain_response"",""openid"":""plain_oauth"",""sender_constrain"":""dpop"",""vci_authorization_code_flow_variant"":""issuer_initiated"",""vci_credential_encryption"":""encrypted"",""vci_grant_type"":""pre_authorization_code""}"
corrected-openid4vc,8abe4fe33891621ce2659f78d6bc2c224f042e17,dbd8b0647731dcf4fa3d725cd8269fc745f9e5ee,openid4vc-vci-p033,ujJwb2UDi2njS,5jadkuMDAdMlG1y,oid4vci-1_0-issuer-fail-on-access-token-in-query,True,FINISHED,PASSED,PASSED,"{""authorization_request_type"":""simple"",""client_auth_type"":""private_key_jwt"",""credential_format"":""mdoc"",""fapi_profile"":""vci"",""fapi_request_method"":""unsigned"",""fapi_response_mode"":""plain_response"",""openid"":""plain_oauth"",""sender_constrain"":""dpop"",""vci_authorization_code_flow_variant"":""issuer_initiated"",""vci_credential_encryption"":""encrypted"",""vci_grant_type"":""pre_authorization_code""}"
corrected-openid4vc,8abe4fe33891621ce2659f78d6bc2c224f042e17,dbd8b0647731dcf4fa3d725cd8269fc745f9e5ee,openid4vc-vci-haip-p034,wkhbFeLipVcBX,6qTBH5yL1WZGsYg,oid4vci-1_0-issuer-metadata-test,True,FINISHED,PASSED,PASSED,"{""client_auth_type"":""client_attestation"",""credential_format"":""sd_jwt_vc"",""fapi_profile"":""vci_haip"",""vci_authorization_code_flow_variant"":""wallet_initiated""}"
corrected-openid4vc,8abe4fe33891621ce2659f78d6bc2c224f042e17,dbd8b0647731dcf4fa3d725cd8269fc745f9e5ee,openid4vc-vci-haip-p034,wkhbFeLipVcBX,iX90REEmSVYEppu,oid4vci-1_0-issuer-metadata-test-signed,True,FINISHED,PASSED,PASSED,"{""client_auth_type"":""client_attestation"",""credential_format"":""sd_jwt_vc"",""fapi_profile"":""vci_haip"",""vci_authorization_code_flow_variant"":""wallet_initiated""}"
corrected-openid4vc,8abe4fe33891621ce2659f78d6bc2c224f042e17,dbd8b0647731dcf4fa3d725cd8269fc745f9e5ee,openid4vc-vci-haip-p034,wkhbFeLipVcBX,mt4vBOGd4oElXel,oid4vci-1_0-issuer-happy-flow,True,FINISHED,PASSED,PASSED,"{""authorization_request_type"":""simple"",""client_auth_type"":""client_attestation"",""credential_format"":""sd_jwt_vc"",""fapi_profile"":""vci_haip"",""fapi_request_method"":""unsigned"",""fapi_response_mode"":""plain_response"",""openid"":""plain_oauth"",""sender_constrain"":""dpop"",""vci_authorization_code_flow_variant"":""wallet_initiated"",""vci_credential_encryption"":""plain"",""vci_grant_type"":""authorization_code""}"
corrected-openid4vc,8abe4fe33891621ce2659f78d6bc2c224f042e17,dbd8b0647731dcf4fa3d725cd8269fc745f9e5ee,openid4vc-vci-haip-p034,wkhbFeLipVcBX,lqrYzeKagndH2cK,oid4vci-1_0-issuer-happy-flow-additional-requests,True,FINISHED,PASSED,PASSED,"{""authorization_request_type"":""simple"",""client_auth_type"":""client_attestation"",""credential_format"":""sd_jwt_vc"",""fapi_profile"":""vci_haip"",""fapi_request_method"":""unsigned"",""fapi_response_mode"":""plain_response"",""openid"":""plain_oauth"",""sender_constrain"":""dpop"",""vci_authorization_code_flow_variant"":""wallet_initiated"",""vci_credential_encryption"":""plain"",""vci_grant_type"":""authorization_code""}"
corrected-openid4vc,8abe4fe33891621ce2659f78d6bc2c224f042e17,dbd8b0647731dcf4fa3d725cd8269fc745f9e5ee,openid4vc-vci-haip-p034,wkhbFeLipVcBX,iYIDNUvtd4vsj8N,oid4vci-1_0-issuer-happy-flow-multiple-clients,True,FINISHED,PASSED,PASSED,"{""authorization_request_type"":""simple"",""client_auth_type"":""client_attestation"",""credential_format"":""sd_jwt_vc"",""fapi_profile"":""vci_haip"",""fapi_request_method"":""unsigned"",""fapi_response_mode"":""plain_response"",""openid"":""plain_oauth"",""sender_constrain"":""dpop"",""vci_authorization_code_flow_variant"":""wallet_initiated"",""vci_credential_encryption"":""plain"",""vci_grant_type"":""authorization_code""}"
corrected-openid4vc,8abe4fe33891621ce2659f78d6bc2c224f042e17,dbd8b0647731dcf4fa3d725cd8269fc745f9e5ee,openid4vc-vci-haip-p034,wkhbFeLipVcBX,z85OPMnoZRJkm74,oid4vci-1_0-issuer-happy-flow-skip-notification,True,FINISHED,PASSED,PASSED,"{""authorization_request_type"":""simple"",""client_auth_type"":""client_attestation"",""credential_format"":""sd_jwt_vc"",""fapi_profile"":""vci_haip"",""fapi_request_method"":""unsigned"",""fapi_response_mode"":""plain_response"",""openid"":""plain_oauth"",""sender_constrain"":""dpop"",""vci_authorization_code_flow_variant"":""wallet_initiated"",""vci_credential_encryption"":""plain"",""vci_grant_type"":""authorization_code""}"
corrected-openid4vc,8abe4fe33891621ce2659f78d6bc2c224f042e17,dbd8b0647731dcf4fa3d725cd8269fc745f9e5ee,openid4vc-vci-haip-p034,wkhbFeLipVcBX,7h1V4I5zYbcwUbe,oid4vci-1_0-issuer-batch-issuance,True,FINISHED,PASSED,PASSED,"{""authorization_request_type"":""simple"",""client_auth_type"":""client_attestation"",""credential_format"":""sd_jwt_vc"",""fapi_profile"":""vci_haip"",""fapi_request_method"":""unsigned"",""fapi_response_mode"":""plain_response"",""openid"":""plain_oauth"",""sender_constrain"":""dpop"",""vci_authorization_code_flow_variant"":""wallet_initiated"",""vci_credential_encryption"":""plain"",""vci_grant_type"":""authorization_code""}"
corrected-openid4vc,8abe4fe33891621ce2659f78d6bc2c224f042e17,dbd8b0647731dcf4fa3d725cd8269fc745f9e5ee,openid4vc-vci-haip-p034,wkhbFeLipVcBX,bXz3wLp9IpiCVk0,oid4vci-1_0-issuer-fail-invalid-nonce,True,FINISHED,PASSED,PASSED,"{""authorization_request_type"":""simple"",""client_auth_type"":""client_attestation"",""credential_format"":""sd_jwt_vc"",""fapi_profile"":""vci_haip"",""fapi_request_method"":""unsigned"",""fapi_response_mode"":""plain_response"",""openid"":""plain_oauth"",""sender_constrain"":""dpop"",""vci_authorization_code_flow_variant"":""wallet_initiated"",""vci_credential_encryption"":""plain"",""vci_grant_type"":""authorization_code""}"
corrected-openid4vc,8abe4fe33891621ce2659f78d6bc2c224f042e17,dbd8b0647731dcf4fa3d725cd8269fc745f9e5ee,openid4vc-vci-haip-p034,wkhbFeLipVcBX,aZLlyeHCfe60yUq,oid4vci-1_0-issuer-fail-invalid-jwt-proof-signature,True,FINISHED,PASSED,PASSED,"{""authorization_request_type"":""simple"",""client_auth_type"":""client_attestation"",""credential_format"":""sd_jwt_vc"",""fapi_profile"":""vci_haip"",""fapi_request_method"":""unsigned"",""fapi_response_mode"":""plain_response"",""openid"":""plain_oauth"",""sender_constrain"":""dpop"",""vci_authorization_code_flow_variant"":""wallet_initiated"",""vci_credential_encryption"":""plain"",""vci_grant_type"":""authorization_code""}"
corrected-openid4vc,8abe4fe33891621ce2659f78d6bc2c224f042e17,dbd8b0647731dcf4fa3d725cd8269fc745f9e5ee,openid4vc-vci-haip-p034,wkhbFeLipVcBX,Fs6Rv0N28EyKM90,oid4vci-1_0-issuer-fail-invalid-key-attestation-signature,True,FINISHED,PASSED,PASSED,"{""authorization_request_type"":""simple"",""client_auth_type"":""client_attestation"",""credential_format"":""sd_jwt_vc"",""fapi_profile"":""vci_haip"",""fapi_request_method"":""unsigned"",""fapi_response_mode"":""plain_response"",""openid"":""plain_oauth"",""sender_constrain"":""dpop"",""vci_authorization_code_flow_variant"":""wallet_initiated"",""vci_credential_encryption"":""plain"",""vci_grant_type"":""authorization_code""}"
corrected-openid4vc,8abe4fe33891621ce2659f78d6bc2c224f042e17,dbd8b0647731dcf4fa3d725cd8269fc745f9e5ee,openid4vc-vci-haip-p034,wkhbFeLipVcBX,wK86CVJQoiswuB9,oid4vci-1_0-issuer-fail-invalid-client-attestation-signature,True,FINISHED,PASSED,PASSED,"{""authorization_request_type"":""simple"",""client_auth_type"":""client_attestation"",""credential_format"":""sd_jwt_vc"",""fapi_profile"":""vci_haip"",""fapi_request_method"":""unsigned"",""fapi_response_mode"":""plain_response"",""openid"":""plain_oauth"",""sender_constrain"":""dpop"",""vci_authorization_code_flow_variant"":""wallet_initiated"",""vci_credential_encryption"":""plain"",""vci_grant_type"":""authorization_code""}"
corrected-openid4vc,8abe4fe33891621ce2659f78d6bc2c224f042e17,dbd8b0647731dcf4fa3d725cd8269fc745f9e5ee,openid4vc-vci-haip-p034,wkhbFeLipVcBX,oXoX3A4XrlxD56D,oid4vci-1_0-issuer-fail-invalid-client-attestation-pop-signature,True,FINISHED,PASSED,PASSED,"{""authorization_request_type"":""simple"",""client_auth_type"":""client_attestation"",""credential_format"":""sd_jwt_vc"",""fapi_profile"":""vci_haip"",""fapi_request_method"":""unsigned"",""fapi_response_mode"":""plain_response"",""openid"":""plain_oauth"",""sender_constrain"":""dpop"",""vci_authorization_code_flow_variant"":""wallet_initiated"",""vci_credential_encryption"":""plain"",""vci_grant_type"":""authorization_code""}"
corrected-openid4vc,8abe4fe33891621ce2659f78d6bc2c224f042e17,dbd8b0647731dcf4fa3d725cd8269fc745f9e5ee,openid4vc-vci-haip-p034,wkhbFeLipVcBX,KLCDWENhA496jRi,oid4vci-1_0-issuer-fail-client-attestation-exp-in-past,True,FINISHED,PASSED,PASSED,"{""authorization_request_type"":""simple"",""client_auth_type"":""client_attestation"",""credential_format"":""sd_jwt_vc"",""fapi_profile"":""vci_haip"",""fapi_request_method"":""unsigned"",""fapi_response_mode"":""plain_response"",""openid"":""plain_oauth"",""sender_constrain"":""dpop"",""vci_authorization_code_flow_variant"":""wallet_initiated"",""vci_credential_encryption"":""plain"",""vci_grant_type"":""authorization_code""}"
corrected-openid4vc,8abe4fe33891621ce2659f78d6bc2c224f042e17,dbd8b0647731dcf4fa3d725cd8269fc745f9e5ee,openid4vc-vci-haip-p034,wkhbFeLipVcBX,M1xGFbWtqbILSww,oid4vci-1_0-issuer-fail-client-attestation-no-sub,True,FINISHED,PASSED,PASSED,"{""authorization_request_type"":""simple"",""client_auth_type"":""client_attestation"",""credential_format"":""sd_jwt_vc"",""fapi_profile"":""vci_haip"",""fapi_request_method"":""unsigned"",""fapi_response_mode"":""plain_response"",""openid"":""plain_oauth"",""sender_constrain"":""dpop"",""vci_authorization_code_flow_variant"":""wallet_initiated"",""vci_credential_encryption"":""plain"",""vci_grant_type"":""authorization_code""}"
corrected-openid4vc,8abe4fe33891621ce2659f78d6bc2c224f042e17,dbd8b0647731dcf4fa3d725cd8269fc745f9e5ee,openid4vc-vci-haip-p034,wkhbFeLipVcBX,oBKso090JpMXlyI,oid4vci-1_0-issuer-fail-client-attestation-pop-wrong-aud,True,FINISHED,PASSED,PASSED,"{""authorization_request_type"":""simple"",""client_auth_type"":""client_attestation"",""credential_format"":""sd_jwt_vc"",""fapi_profile"":""vci_haip"",""fapi_request_method"":""unsigned"",""fapi_response_mode"":""plain_response"",""openid"":""plain_oauth"",""sender_constrain"":""dpop"",""vci_authorization_code_flow_variant"":""wallet_initiated"",""vci_credential_encryption"":""plain"",""vci_grant_type"":""authorization_code""}"
corrected-openid4vc,8abe4fe33891621ce2659f78d6bc2c224f042e17,dbd8b0647731dcf4fa3d725cd8269fc745f9e5ee,openid4vc-vci-haip-p034,wkhbFeLipVcBX,gubDJe5ozpanDiK,oid4vci-1_0-issuer-fail-mismatched-client-attestation-pop-key,True,FINISHED,PASSED,PASSED,"{""authorization_request_type"":""simple"",""client_auth_type"":""client_attestation"",""credential_format"":""sd_jwt_vc"",""fapi_profile"":""vci_haip"",""fapi_request_method"":""unsigned"",""fapi_response_mode"":""plain_response"",""openid"":""plain_oauth"",""sender_constrain"":""dpop"",""vci_authorization_code_flow_variant"":""wallet_initiated"",""vci_credential_encryption"":""plain"",""vci_grant_type"":""authorization_code""}"
corrected-openid4vc,8abe4fe33891621ce2659f78d6bc2c224f042e17,dbd8b0647731dcf4fa3d725cd8269fc745f9e5ee,openid4vc-vci-haip-p034,wkhbFeLipVcBX,VpoRjpfmpYzASiq,oid4vci-1_0-issuer-fail-missing-proof,True,FINISHED,PASSED,PASSED,"{""authorization_request_type"":""simple"",""client_auth_type"":""client_attestation"",""credential_format"":""sd_jwt_vc"",""fapi_profile"":""vci_haip"",""fapi_request_method"":""unsigned"",""fapi_response_mode"":""plain_response"",""openid"":""plain_oauth"",""sender_constrain"":""dpop"",""vci_authorization_code_flow_variant"":""wallet_initiated"",""vci_credential_encryption"":""plain"",""vci_grant_type"":""authorization_code""}"
corrected-openid4vc,8abe4fe33891621ce2659f78d6bc2c224f042e17,dbd8b0647731dcf4fa3d725cd8269fc745f9e5ee,openid4vc-vci-haip-p034,wkhbFeLipVcBX,6YiN2axlNTAw0Jw,oid4vci-1_0-issuer-fail-unknown-credential-configuration,True,FINISHED,PASSED,PASSED,"{""authorization_request_type"":""simple"",""client_auth_type"":""client_attestation"",""credential_format"":""sd_jwt_vc"",""fapi_profile"":""vci_haip"",""fapi_request_method"":""unsigned"",""fapi_response_mode"":""plain_response"",""openid"":""plain_oauth"",""sender_constrain"":""dpop"",""vci_authorization_code_flow_variant"":""wallet_initiated"",""vci_credential_encryption"":""plain"",""vci_grant_type"":""authorization_code""}"
corrected-openid4vc,8abe4fe33891621ce2659f78d6bc2c224f042e17,dbd8b0647731dcf4fa3d725cd8269fc745f9e5ee,openid4vc-vci-haip-p034,wkhbFeLipVcBX,PK6EhtfQf6yESLJ,oid4vci-1_0-issuer-fail-unknown-credential-identifier,True,FINISHED,PASSED,PASSED,"{""authorization_request_type"":""simple"",""client_auth_type"":""client_attestation"",""credential_format"":""sd_jwt_vc"",""fapi_profile"":""vci_haip"",""fapi_request_method"":""unsigned"",""fapi_response_mode"":""plain_response"",""openid"":""plain_oauth"",""sender_constrain"":""dpop"",""vci_authorization_code_flow_variant"":""wallet_initiated"",""vci_credential_encryption"":""plain"",""vci_grant_type"":""authorization_code""}"
corrected-openid4vc,8abe4fe33891621ce2659f78d6bc2c224f042e17,dbd8b0647731dcf4fa3d725cd8269fc745f9e5ee,openid4vc-vci-haip-p034,wkhbFeLipVcBX,mkBodV90WikCzOQ,oid4vci-1_0-issuer-fail-on-access-token-in-query,True,FINISHED,PASSED,PASSED,"{""authorization_request_type"":""simple"",""client_auth_type"":""client_attestation"",""credential_format"":""sd_jwt_vc"",""fapi_profile"":""vci_haip"",""fapi_request_method"":""unsigned"",""fapi_response_mode"":""plain_response"",""openid"":""plain_oauth"",""sender_constrain"":""dpop"",""vci_authorization_code_flow_variant"":""wallet_initiated"",""vci_credential_encryption"":""plain"",""vci_grant_type"":""authorization_code""}"
corrected-openid4vc,8abe4fe33891621ce2659f78d6bc2c224f042e17,dbd8b0647731dcf4fa3d725cd8269fc745f9e5ee,openid4vc-vci-haip-p034,wkhbFeLipVcBX,xqDGPsIMddy62rv,oid4vci-1_0-issuer-happy-flow,True,FINISHED,PASSED,PASSED,"{""authorization_request_type"":""simple"",""client_auth_type"":""client_attestation"",""credential_format"":""sd_jwt_vc"",""fapi_profile"":""vci_haip"",""fapi_request_method"":""unsigned"",""fapi_response_mode"":""plain_response"",""openid"":""plain_oauth"",""sender_constrain"":""dpop"",""vci_authorization_code_flow_variant"":""wallet_initiated"",""vci_credential_encryption"":""encrypted"",""vci_grant_type"":""authorization_code""}"
corrected-openid4vc,8abe4fe33891621ce2659f78d6bc2c224f042e17,dbd8b0647731dcf4fa3d725cd8269fc745f9e5ee,openid4vc-vci-haip-p034,wkhbFeLipVcBX,9kKA7E6cBk6PjKE,oid4vci-1_0-issuer-fail-unknown-credential-configuration,True,FINISHED,PASSED,PASSED,"{""authorization_request_type"":""simple"",""client_auth_type"":""client_attestation"",""credential_format"":""sd_jwt_vc"",""fapi_profile"":""vci_haip"",""fapi_request_method"":""unsigned"",""fapi_response_mode"":""plain_response"",""openid"":""plain_oauth"",""sender_constrain"":""dpop"",""vci_authorization_code_flow_variant"":""wallet_initiated"",""vci_credential_encryption"":""encrypted"",""vci_grant_type"":""authorization_code""}"
corrected-openid4vc,8abe4fe33891621ce2659f78d6bc2c224f042e17,dbd8b0647731dcf4fa3d725cd8269fc745f9e5ee,openid4vc-vci-haip-p034,wkhbFeLipVcBX,UPxw84oH3SP3sNz,oid4vci-1_0-issuer-fail-unsupported-encryption-algorithm,True,FINISHED,PASSED,PASSED,"{""authorization_request_type"":""simple"",""client_auth_type"":""client_attestation"",""credential_format"":""sd_jwt_vc"",""fapi_profile"":""vci_haip"",""fapi_request_method"":""unsigned"",""fapi_response_mode"":""plain_response"",""openid"":""plain_oauth"",""sender_constrain"":""dpop"",""vci_authorization_code_flow_variant"":""wallet_initiated"",""vci_credential_encryption"":""encrypted"",""vci_grant_type"":""authorization_code""}"
corrected-openid4vc,8abe4fe33891621ce2659f78d6bc2c224f042e17,dbd8b0647731dcf4fa3d725cd8269fc745f9e5ee,openid4vc-vci-haip-p034,wkhbFeLipVcBX,RD8PZiad4Od9VNs,fapi2-security-profile-final-discovery-end-point-verification,True,FINISHED,PASSED,PASSED,"{""authorization_request_type"":""simple"",""client_auth_type"":""client_attestation"",""credential_format"":""sd_jwt_vc"",""fapi_profile"":""vci_haip"",""fapi_request_method"":""unsigned"",""fapi_response_mode"":""plain_response"",""openid"":""plain_oauth"",""sender_constrain"":""dpop"",""vci_authorization_code_flow_variant"":""wallet_initiated""}"
corrected-openid4vc,8abe4fe33891621ce2659f78d6bc2c224f042e17,dbd8b0647731dcf4fa3d725cd8269fc745f9e5ee,openid4vc-vci-haip-p034,wkhbFeLipVcBX,ZGOAvXZvNSbqDGH,fapi2-security-profile-final-happy-flow,True,FINISHED,WARNING,WARNING,"{""authorization_request_type"":""simple"",""client_auth_type"":""client_attestation"",""credential_format"":""sd_jwt_vc"",""fapi_profile"":""vci_haip"",""fapi_request_method"":""unsigned"",""fapi_response_mode"":""plain_response"",""openid"":""plain_oauth"",""sender_constrain"":""dpop"",""vci_authorization_code_flow_variant"":""wallet_initiated"",""vci_credential_encryption"":""plain"",""vci_grant_type"":""authorization_code""}"
corrected-openid4vc,8abe4fe33891621ce2659f78d6bc2c224f042e17,dbd8b0647731dcf4fa3d725cd8269fc745f9e5ee,openid4vc-vci-haip-p034,wkhbFeLipVcBX,jxEaNka9XpBtXSj,fapi2-security-profile-final-user-rejects-authentication,True,FINISHED,PASSED,PASSED,"{""authorization_request_type"":""simple"",""client_auth_type"":""client_attestation"",""credential_format"":""sd_jwt_vc"",""fapi_profile"":""vci_haip"",""fapi_request_method"":""unsigned"",""fapi_response_mode"":""plain_response"",""openid"":""plain_oauth"",""sender_constrain"":""dpop"",""vci_authorization_code_flow_variant"":""wallet_initiated"",""vci_credential_encryption"":""plain"",""vci_grant_type"":""authorization_code""}"
corrected-openid4vc,8abe4fe33891621ce2659f78d6bc2c224f042e17,dbd8b0647731dcf4fa3d725cd8269fc745f9e5ee,openid4vc-vci-haip-p034,wkhbFeLipVcBX,pHq93l1UjApe1Bs,fapi2-security-profile-final-ensure-authorization-request-without-state-success,True,FINISHED,PASSED,PASSED,"{""authorization_request_type"":""simple"",""client_auth_type"":""client_attestation"",""credential_format"":""sd_jwt_vc"",""fapi_profile"":""vci_haip"",""fapi_request_method"":""unsigned"",""fapi_response_mode"":""plain_response"",""openid"":""plain_oauth"",""sender_constrain"":""dpop"",""vci_authorization_code_flow_variant"":""wallet_initiated"",""vci_credential_encryption"":""plain"",""vci_grant_type"":""authorization_code""}"
corrected-openid4vc,8abe4fe33891621ce2659f78d6bc2c224f042e17,dbd8b0647731dcf4fa3d725cd8269fc745f9e5ee,openid4vc-vci-haip-p034,wkhbFeLipVcBX,b3duf3WaKXxTApR,fapi2-security-profile-final-access-token-type-header-case-sensitivity,True,FINISHED,PASSED,PASSED,"{""authorization_request_type"":""simple"",""client_auth_type"":""client_attestation"",""credential_format"":""sd_jwt_vc"",""fapi_profile"":""vci_haip"",""fapi_request_method"":""unsigned"",""fapi_response_mode"":""plain_response"",""openid"":""plain_oauth"",""sender_constrain"":""dpop"",""vci_authorization_code_flow_variant"":""wallet_initiated"",""vci_credential_encryption"":""plain"",""vci_grant_type"":""authorization_code""}"
corrected-openid4vc,8abe4fe33891621ce2659f78d6bc2c224f042e17,dbd8b0647731dcf4fa3d725cd8269fc745f9e5ee,openid4vc-vci-haip-p034,wkhbFeLipVcBX,Y2iZlt7hRIHRsLC,fapi2-security-profile-final-check-dpop-proof-nbf-exp,True,FINISHED,PASSED,PASSED,"{""authorization_request_type"":""simple"",""client_auth_type"":""client_attestation"",""credential_format"":""sd_jwt_vc"",""fapi_profile"":""vci_haip"",""fapi_request_method"":""unsigned"",""fapi_response_mode"":""plain_response"",""openid"":""plain_oauth"",""sender_constrain"":""dpop"",""vci_authorization_code_flow_variant"":""wallet_initiated"",""vci_credential_encryption"":""plain"",""vci_grant_type"":""authorization_code""}"
corrected-openid4vc,8abe4fe33891621ce2659f78d6bc2c224f042e17,dbd8b0647731dcf4fa3d725cd8269fc745f9e5ee,openid4vc-vci-haip-p034,wkhbFeLipVcBX,XqMLqGJnSuXlSqO,fapi2-security-profile-final-ensure-dpopproof-with-iat-10seconds-before-succeeds,True,FINISHED,PASSED,PASSED,"{""authorization_request_type"":""simple"",""client_auth_type"":""client_attestation"",""credential_format"":""sd_jwt_vc"",""fapi_profile"":""vci_haip"",""fapi_request_method"":""unsigned"",""fapi_response_mode"":""plain_response"",""openid"":""plain_oauth"",""sender_constrain"":""dpop"",""vci_authorization_code_flow_variant"":""wallet_initiated"",""vci_credential_encryption"":""plain"",""vci_grant_type"":""authorization_code""}"
corrected-openid4vc,8abe4fe33891621ce2659f78d6bc2c224f042e17,dbd8b0647731dcf4fa3d725cd8269fc745f9e5ee,openid4vc-vci-haip-p034,wkhbFeLipVcBX,sxlx0usLYO43WPc,fapi2-security-profile-final-ensure-dpopproof-with-iat-10seconds-after-succeeds,True,FINISHED,PASSED,PASSED,"{""authorization_request_type"":""simple"",""client_auth_type"":""client_attestation"",""credential_format"":""sd_jwt_vc"",""fapi_profile"":""vci_haip"",""fapi_request_method"":""unsigned"",""fapi_response_mode"":""plain_response"",""openid"":""plain_oauth"",""sender_constrain"":""dpop"",""vci_authorization_code_flow_variant"":""wallet_initiated"",""vci_credential_encryption"":""plain"",""vci_grant_type"":""authorization_code""}"
corrected-openid4vc,8abe4fe33891621ce2659f78d6bc2c224f042e17,dbd8b0647731dcf4fa3d725cd8269fc745f9e5ee,openid4vc-vci-haip-p034,wkhbFeLipVcBX,9mZvQX0fIP6pMCq,fapi2-security-profile-final-ensure-mismatched-dpop-jkt-fails,True,FINISHED,PASSED,PASSED,"{""authorization_request_type"":""simple"",""client_auth_type"":""client_attestation"",""credential_format"":""sd_jwt_vc"",""fapi_profile"":""vci_haip"",""fapi_request_method"":""unsigned"",""fapi_response_mode"":""plain_response"",""openid"":""plain_oauth"",""sender_constrain"":""dpop"",""vci_authorization_code_flow_variant"":""wallet_initiated"",""vci_credential_encryption"":""plain"",""vci_grant_type"":""authorization_code""}"
corrected-openid4vc,8abe4fe33891621ce2659f78d6bc2c224f042e17,dbd8b0647731dcf4fa3d725cd8269fc745f9e5ee,openid4vc-vci-haip-p034,wkhbFeLipVcBX,KkuIMJ7Kkomu0rt,fapi2-security-profile-final-ensure-token-endpoint-fails-with-mismatched-dpop-proof-jkt,True,FINISHED,PASSED,PASSED,"{""authorization_request_type"":""simple"",""client_auth_type"":""client_attestation"",""credential_format"":""sd_jwt_vc"",""fapi_profile"":""vci_haip"",""fapi_request_method"":""unsigned"",""fapi_response_mode"":""plain_response"",""openid"":""plain_oauth"",""sender_constrain"":""dpop"",""vci_authorization_code_flow_variant"":""wallet_initiated"",""vci_credential_encryption"":""plain"",""vci_grant_type"":""authorization_code""}"
corrected-openid4vc,8abe4fe33891621ce2659f78d6bc2c224f042e17,dbd8b0647731dcf4fa3d725cd8269fc745f9e5ee,openid4vc-vci-haip-p034,wkhbFeLipVcBX,Fi0fciyBKSZknve,fapi2-security-profile-final-ensure-token-endpoint-fails-with-mismatched-dpop-jkt,True,FINISHED,PASSED,PASSED,"{""authorization_request_type"":""simple"",""client_auth_type"":""client_attestation"",""credential_format"":""sd_jwt_vc"",""fapi_profile"":""vci_haip"",""fapi_request_method"":""unsigned"",""fapi_response_mode"":""plain_response"",""openid"":""plain_oauth"",""sender_constrain"":""dpop"",""vci_authorization_code_flow_variant"":""wallet_initiated"",""vci_credential_encryption"":""plain"",""vci_grant_type"":""authorization_code""}"
corrected-openid4vc,8abe4fe33891621ce2659f78d6bc2c224f042e17,dbd8b0647731dcf4fa3d725cd8269fc745f9e5ee,openid4vc-vci-haip-p034,wkhbFeLipVcBX,vjPaxdpLVDP3RHJ,fapi2-security-profile-final-ensure-dpopproof-at-par-endpoint-binding-success,True,FINISHED,PASSED,PASSED,"{""authorization_request_type"":""simple"",""client_auth_type"":""client_attestation"",""credential_format"":""sd_jwt_vc"",""fapi_profile"":""vci_haip"",""fapi_request_method"":""unsigned"",""fapi_response_mode"":""plain_response"",""openid"":""plain_oauth"",""sender_constrain"":""dpop"",""vci_authorization_code_flow_variant"":""wallet_initiated"",""vci_credential_encryption"":""plain"",""vci_grant_type"":""authorization_code""}"
corrected-openid4vc,8abe4fe33891621ce2659f78d6bc2c224f042e17,dbd8b0647731dcf4fa3d725cd8269fc745f9e5ee,openid4vc-vci-haip-p034,wkhbFeLipVcBX,M4Gaxxg9B4JUJwO,fapi2-security-profile-final-ensure-dpop-auth-code-binding-success,True,FINISHED,PASSED,PASSED,"{""authorization_request_type"":""simple"",""client_auth_type"":""client_attestation"",""credential_format"":""sd_jwt_vc"",""fapi_profile"":""vci_haip"",""fapi_request_method"":""unsigned"",""fapi_response_mode"":""plain_response"",""openid"":""plain_oauth"",""sender_constrain"":""dpop"",""vci_authorization_code_flow_variant"":""wallet_initiated"",""vci_credential_encryption"":""plain"",""vci_grant_type"":""authorization_code""}"
corrected-openid4vc,8abe4fe33891621ce2659f78d6bc2c224f042e17,dbd8b0647731dcf4fa3d725cd8269fc745f9e5ee,openid4vc-vci-haip-p034,wkhbFeLipVcBX,4ZrEgb3o3YOElOX,fapi2-security-profile-final-ensure-different-state-inside-and-outside-request-object,True,FINISHED,PASSED,PASSED,"{""authorization_request_type"":""simple"",""client_auth_type"":""client_attestation"",""credential_format"":""sd_jwt_vc"",""fapi_profile"":""vci_haip"",""fapi_request_method"":""unsigned"",""fapi_response_mode"":""plain_response"",""openid"":""plain_oauth"",""sender_constrain"":""dpop"",""vci_authorization_code_flow_variant"":""wallet_initiated"",""vci_credential_encryption"":""plain"",""vci_grant_type"":""authorization_code""}"
corrected-openid4vc,8abe4fe33891621ce2659f78d6bc2c224f042e17,dbd8b0647731dcf4fa3d725cd8269fc745f9e5ee,openid4vc-vci-haip-p034,wkhbFeLipVcBX,RtLloPfOntM6CQA,fapi2-security-profile-final-ensure-authorization-request-with-long-state,True,FINISHED,PASSED,PASSED,"{""authorization_request_type"":""simple"",""client_auth_type"":""client_attestation"",""credential_format"":""sd_jwt_vc"",""fapi_profile"":""vci_haip"",""fapi_request_method"":""unsigned"",""fapi_response_mode"":""plain_response"",""openid"":""plain_oauth"",""sender_constrain"":""dpop"",""vci_authorization_code_flow_variant"":""wallet_initiated"",""vci_credential_encryption"":""plain"",""vci_grant_type"":""authorization_code""}"
corrected-openid4vc,8abe4fe33891621ce2659f78d6bc2c224f042e17,dbd8b0647731dcf4fa3d725cd8269fc745f9e5ee,openid4vc-vci-haip-p034,wkhbFeLipVcBX,qwA1nwSeW1reaFu,fapi2-security-profile-final-state-only-outside-request-object-not-used,True,FINISHED,PASSED,PASSED,"{""authorization_request_type"":""simple"",""client_auth_type"":""client_attestation"",""credential_format"":""sd_jwt_vc"",""fapi_profile"":""vci_haip"",""fapi_request_method"":""unsigned"",""fapi_response_mode"":""plain_response"",""openid"":""plain_oauth"",""sender_constrain"":""dpop"",""vci_authorization_code_flow_variant"":""wallet_initiated"",""vci_credential_encryption"":""plain"",""vci_grant_type"":""authorization_code""}"
corrected-openid4vc,8abe4fe33891621ce2659f78d6bc2c224f042e17,dbd8b0647731dcf4fa3d725cd8269fc745f9e5ee,openid4vc-vci-haip-p034,wkhbFeLipVcBX,YJ4O4rLpuH1X1E9,fapi2-security-profile-final-ensure-request-object-without-redirect-uri-fails,True,FINISHED,PASSED,PASSED,"{""authorization_request_type"":""simple"",""client_auth_type"":""client_attestation"",""credential_format"":""sd_jwt_vc"",""fapi_profile"":""vci_haip"",""fapi_request_method"":""unsigned"",""fapi_response_mode"":""plain_response"",""openid"":""plain_oauth"",""sender_constrain"":""dpop"",""vci_authorization_code_flow_variant"":""wallet_initiated"",""vci_credential_encryption"":""plain"",""vci_grant_type"":""authorization_code""}"
corrected-openid4vc,8abe4fe33891621ce2659f78d6bc2c224f042e17,dbd8b0647731dcf4fa3d725cd8269fc745f9e5ee,openid4vc-vci-haip-p034,wkhbFeLipVcBX,KV3PHI3PDvivT3f,fapi2-security-profile-final-plain-fapi-tolerate-unregistered-redirect-uri,True,FINISHED,PASSED,PASSED,"{""authorization_request_type"":""simple"",""client_auth_type"":""client_attestation"",""credential_format"":""sd_jwt_vc"",""fapi_profile"":""vci_haip"",""fapi_request_method"":""unsigned"",""fapi_response_mode"":""plain_response"",""openid"":""plain_oauth"",""sender_constrain"":""dpop"",""vci_authorization_code_flow_variant"":""wallet_initiated"",""vci_credential_encryption"":""plain"",""vci_grant_type"":""authorization_code""}"
corrected-openid4vc,8abe4fe33891621ce2659f78d6bc2c224f042e17,dbd8b0647731dcf4fa3d725cd8269fc745f9e5ee,openid4vc-vci-haip-p034,wkhbFeLipVcBX,SwoF9XDO1GJDNCq,fapi2-security-profile-final-ensure-unsigned-authorization-request-without-using-par-fails,True,FINISHED,PASSED,PASSED,"{""authorization_request_type"":""simple"",""client_auth_type"":""client_attestation"",""credential_format"":""sd_jwt_vc"",""fapi_profile"":""vci_haip"",""fapi_request_method"":""unsigned"",""fapi_response_mode"":""plain_response"",""openid"":""plain_oauth"",""sender_constrain"":""dpop"",""vci_authorization_code_flow_variant"":""wallet_initiated"",""vci_credential_encryption"":""plain"",""vci_grant_type"":""authorization_code""}"
corrected-openid4vc,8abe4fe33891621ce2659f78d6bc2c224f042e17,dbd8b0647731dcf4fa3d725cd8269fc745f9e5ee,openid4vc-vci-haip-p034,wkhbFeLipVcBX,wBLEwntBBQDikwh,fapi2-security-profile-final-ensure-redirect-uri-in-authorization-request,True,FINISHED,PASSED,PASSED,"{""authorization_request_type"":""simple"",""client_auth_type"":""client_attestation"",""credential_format"":""sd_jwt_vc"",""fapi_profile"":""vci_haip"",""fapi_request_method"":""unsigned"",""fapi_response_mode"":""plain_response"",""openid"":""plain_oauth"",""sender_constrain"":""dpop"",""vci_authorization_code_flow_variant"":""wallet_initiated"",""vci_credential_encryption"":""plain"",""vci_grant_type"":""authorization_code""}"
corrected-openid4vc,8abe4fe33891621ce2659f78d6bc2c224f042e17,dbd8b0647731dcf4fa3d725cd8269fc745f9e5ee,openid4vc-vci-haip-p034,wkhbFeLipVcBX,SZWyInK6PHLrAmE,fapi2-security-profile-final-ensure-response-type-code-idtoken-fails,True,FINISHED,PASSED,PASSED,"{""authorization_request_type"":""simple"",""client_auth_type"":""client_attestation"",""credential_format"":""sd_jwt_vc"",""fapi_profile"":""vci_haip"",""fapi_request_method"":""unsigned"",""fapi_response_mode"":""plain_response"",""openid"":""plain_oauth"",""sender_constrain"":""dpop"",""vci_authorization_code_flow_variant"":""wallet_initiated"",""vci_credential_encryption"":""plain"",""vci_grant_type"":""authorization_code""}"
corrected-openid4vc,8abe4fe33891621ce2659f78d6bc2c224f042e17,dbd8b0647731dcf4fa3d725cd8269fc745f9e5ee,openid4vc-vci-haip-p034,wkhbFeLipVcBX,4zzzPEclKviPFdj,fapi2-security-profile-final-ensure-response-type-token-fails,True,FINISHED,PASSED,PASSED,"{""authorization_request_type"":""simple"",""client_auth_type"":""client_attestation"",""credential_format"":""sd_jwt_vc"",""fapi_profile"":""vci_haip"",""fapi_request_method"":""unsigned"",""fapi_response_mode"":""plain_response"",""openid"":""plain_oauth"",""sender_constrain"":""dpop"",""vci_authorization_code_flow_variant"":""wallet_initiated"",""vci_credential_encryption"":""plain"",""vci_grant_type"":""authorization_code""}"
corrected-openid4vc,8abe4fe33891621ce2659f78d6bc2c224f042e17,dbd8b0647731dcf4fa3d725cd8269fc745f9e5ee,openid4vc-vci-haip-p034,wkhbFeLipVcBX,OZDuwwYp9cRr3Ey,fapi2-security-profile-final-ensure-client-id-in-token-endpoint,True,FINISHED,PASSED,PASSED,"{""authorization_request_type"":""simple"",""client_auth_type"":""client_attestation"",""credential_format"":""sd_jwt_vc"",""fapi_profile"":""vci_haip"",""fapi_request_method"":""unsigned"",""fapi_response_mode"":""plain_response"",""openid"":""plain_oauth"",""sender_constrain"":""dpop"",""vci_authorization_code_flow_variant"":""wallet_initiated"",""vci_credential_encryption"":""plain"",""vci_grant_type"":""authorization_code""}"
corrected-openid4vc,8abe4fe33891621ce2659f78d6bc2c224f042e17,dbd8b0647731dcf4fa3d725cd8269fc745f9e5ee,openid4vc-vci-haip-p034,wkhbFeLipVcBX,61uEjBESAdrbXKf,fapi2-security-profile-final-ensure-holder-of-key-required,True,FINISHED,PASSED,PASSED,"{""authorization_request_type"":""simple"",""client_auth_type"":""client_attestation"",""credential_format"":""sd_jwt_vc"",""fapi_profile"":""vci_haip"",""fapi_request_method"":""unsigned"",""fapi_response_mode"":""plain_response"",""openid"":""plain_oauth"",""sender_constrain"":""dpop"",""vci_authorization_code_flow_variant"":""wallet_initiated"",""vci_credential_encryption"":""plain"",""vci_grant_type"":""authorization_code""}"
corrected-openid4vc,8abe4fe33891621ce2659f78d6bc2c224f042e17,dbd8b0647731dcf4fa3d725cd8269fc745f9e5ee,openid4vc-vci-haip-p034,wkhbFeLipVcBX,jJBbSWAZH8BUrqi,fapi2-security-profile-final-ensure-authorization-code-is-bound-to-client,True,FINISHED,PASSED,PASSED,"{""authorization_request_type"":""simple"",""client_auth_type"":""client_attestation"",""credential_format"":""sd_jwt_vc"",""fapi_profile"":""vci_haip"",""fapi_request_method"":""unsigned"",""fapi_response_mode"":""plain_response"",""openid"":""plain_oauth"",""sender_constrain"":""dpop"",""vci_authorization_code_flow_variant"":""wallet_initiated"",""vci_credential_encryption"":""plain"",""vci_grant_type"":""authorization_code""}"
corrected-openid4vc,8abe4fe33891621ce2659f78d6bc2c224f042e17,dbd8b0647731dcf4fa3d725cd8269fc745f9e5ee,openid4vc-vci-haip-p034,wkhbFeLipVcBX,7yoiDT9TOUdHsvY,fapi2-security-profile-final-attempt-reuse-authorization-code-after-one-second,True,FINISHED,PASSED,PASSED,"{""authorization_request_type"":""simple"",""client_auth_type"":""client_attestation"",""credential_format"":""sd_jwt_vc"",""fapi_profile"":""vci_haip"",""fapi_request_method"":""unsigned"",""fapi_response_mode"":""plain_response"",""openid"":""plain_oauth"",""sender_constrain"":""dpop"",""vci_authorization_code_flow_variant"":""wallet_initiated"",""vci_credential_encryption"":""plain"",""vci_grant_type"":""authorization_code""}"
corrected-openid4vc,8abe4fe33891621ce2659f78d6bc2c224f042e17,dbd8b0647731dcf4fa3d725cd8269fc745f9e5ee,openid4vc-vci-haip-p034,wkhbFeLipVcBX,Q0CD7GYdcNP8vs8,fapi2-security-profile-final-ensure-token-endpoint-fails-with-expired-auth-code,True,FINISHED,PASSED,PASSED,"{""authorization_request_type"":""simple"",""client_auth_type"":""client_attestation"",""credential_format"":""sd_jwt_vc"",""fapi_profile"":""vci_haip"",""fapi_request_method"":""unsigned"",""fapi_response_mode"":""plain_response"",""openid"":""plain_oauth"",""sender_constrain"":""dpop"",""vci_authorization_code_flow_variant"":""wallet_initiated"",""vci_credential_encryption"":""plain"",""vci_grant_type"":""authorization_code""}"
corrected-openid4vc,8abe4fe33891621ce2659f78d6bc2c224f042e17,dbd8b0647731dcf4fa3d725cd8269fc745f9e5ee,openid4vc-vci-haip-p034,wkhbFeLipVcBX,T55YTgid3RQuwMv,fapi2-security-profile-final-dpop-negative-tests,True,FINISHED,PASSED,PASSED,"{""authorization_request_type"":""simple"",""client_auth_type"":""client_attestation"",""credential_format"":""sd_jwt_vc"",""fapi_profile"":""vci_haip"",""fapi_request_method"":""unsigned"",""fapi_response_mode"":""plain_response"",""openid"":""plain_oauth"",""sender_constrain"":""dpop"",""vci_authorization_code_flow_variant"":""wallet_initiated"",""vci_credential_encryption"":""plain"",""vci_grant_type"":""authorization_code""}"
corrected-openid4vc,8abe4fe33891621ce2659f78d6bc2c224f042e17,dbd8b0647731dcf4fa3d725cd8269fc745f9e5ee,openid4vc-vci-haip-p034,wkhbFeLipVcBX,b9xHGN2Dc8ClJrO,fapi2-security-profile-final-refresh-token,True,FINISHED,PASSED,PASSED,"{""authorization_request_type"":""simple"",""client_auth_type"":""client_attestation"",""credential_format"":""sd_jwt_vc"",""fapi_profile"":""vci_haip"",""fapi_request_method"":""unsigned"",""fapi_response_mode"":""plain_response"",""openid"":""plain_oauth"",""sender_constrain"":""dpop"",""vci_authorization_code_flow_variant"":""wallet_initiated"",""vci_credential_encryption"":""plain"",""vci_grant_type"":""authorization_code""}"
corrected-openid4vc,8abe4fe33891621ce2659f78d6bc2c224f042e17,dbd8b0647731dcf4fa3d725cd8269fc745f9e5ee,openid4vc-vci-haip-p034,wkhbFeLipVcBX,RTz8WIg7VAiyFqP,fapi2-security-profile-final-par-ensure-reused-request-uri-prior-to-auth-completion-succeeds,True,FINISHED,PASSED,PASSED,"{""authorization_request_type"":""simple"",""client_auth_type"":""client_attestation"",""credential_format"":""sd_jwt_vc"",""fapi_profile"":""vci_haip"",""fapi_request_method"":""unsigned"",""fapi_response_mode"":""plain_response"",""openid"":""plain_oauth"",""sender_constrain"":""dpop"",""vci_authorization_code_flow_variant"":""wallet_initiated"",""vci_credential_encryption"":""plain"",""vci_grant_type"":""authorization_code""}"
corrected-openid4vc,8abe4fe33891621ce2659f78d6bc2c224f042e17,dbd8b0647731dcf4fa3d725cd8269fc745f9e5ee,openid4vc-vci-haip-p034,wkhbFeLipVcBX,rlEDbNSu2Ssrlgb,fapi2-security-profile-final-par-attempt-reuse-request_uri,True,FINISHED,PASSED,PASSED,"{""authorization_request_type"":""simple"",""client_auth_type"":""client_attestation"",""credential_format"":""sd_jwt_vc"",""fapi_profile"":""vci_haip"",""fapi_request_method"":""unsigned"",""fapi_response_mode"":""plain_response"",""openid"":""plain_oauth"",""sender_constrain"":""dpop"",""vci_authorization_code_flow_variant"":""wallet_initiated"",""vci_credential_encryption"":""plain"",""vci_grant_type"":""authorization_code""}"
corrected-openid4vc,8abe4fe33891621ce2659f78d6bc2c224f042e17,dbd8b0647731dcf4fa3d725cd8269fc745f9e5ee,openid4vc-vci-haip-p034,wkhbFeLipVcBX,sEMqjCVAiDQfmJQ,fapi2-security-profile-final-par-attempt-to-use-expired-request_uri,True,FINISHED,PASSED,PASSED,"{""authorization_request_type"":""simple"",""client_auth_type"":""client_attestation"",""credential_format"":""sd_jwt_vc"",""fapi_profile"":""vci_haip"",""fapi_request_method"":""unsigned"",""fapi_response_mode"":""plain_response"",""openid"":""plain_oauth"",""sender_constrain"":""dpop"",""vci_authorization_code_flow_variant"":""wallet_initiated"",""vci_credential_encryption"":""plain"",""vci_grant_type"":""authorization_code""}"
corrected-openid4vc,8abe4fe33891621ce2659f78d6bc2c224f042e17,dbd8b0647731dcf4fa3d725cd8269fc745f9e5ee,openid4vc-vci-haip-p034,wkhbFeLipVcBX,Erb3OOBmd5lj2yt,fapi2-security-profile-final-par-attempt-to-use-request_uri-for-different-client,True,FINISHED,PASSED,PASSED,"{""authorization_request_type"":""simple"",""client_auth_type"":""client_attestation"",""credential_format"":""sd_jwt_vc"",""fapi_profile"":""vci_haip"",""fapi_request_method"":""unsigned"",""fapi_response_mode"":""plain_response"",""openid"":""plain_oauth"",""sender_constrain"":""dpop"",""vci_authorization_code_flow_variant"":""wallet_initiated"",""vci_credential_encryption"":""plain"",""vci_grant_type"":""authorization_code""}"
corrected-openid4vc,8abe4fe33891621ce2659f78d6bc2c224f042e17,dbd8b0647731dcf4fa3d725cd8269fc745f9e5ee,openid4vc-vci-haip-p034,wkhbFeLipVcBX,nPhKHPJD8lFBWc5,fapi2-security-profile-final-par-authorization-request-containing-request_uri-form-param,True,FINISHED,PASSED,PASSED,"{""authorization_request_type"":""simple"",""client_auth_type"":""client_attestation"",""credential_format"":""sd_jwt_vc"",""fapi_profile"":""vci_haip"",""fapi_request_method"":""unsigned"",""fapi_response_mode"":""plain_response"",""openid"":""plain_oauth"",""sender_constrain"":""dpop"",""vci_authorization_code_flow_variant"":""wallet_initiated"",""vci_credential_encryption"":""plain"",""vci_grant_type"":""authorization_code""}"
corrected-openid4vc,8abe4fe33891621ce2659f78d6bc2c224f042e17,dbd8b0647731dcf4fa3d725cd8269fc745f9e5ee,openid4vc-vci-haip-p034,wkhbFeLipVcBX,wv1UE6uvU4Xa9Ft,fapi2-security-profile-final-par-attempt-invalid-http-method,True,FINISHED,PASSED,PASSED,"{""authorization_request_type"":""simple"",""client_auth_type"":""client_attestation"",""credential_format"":""sd_jwt_vc"",""fapi_profile"":""vci_haip"",""fapi_request_method"":""unsigned"",""fapi_response_mode"":""plain_response"",""openid"":""plain_oauth"",""sender_constrain"":""dpop"",""vci_authorization_code_flow_variant"":""wallet_initiated"",""vci_credential_encryption"":""plain"",""vci_grant_type"":""authorization_code""}"
corrected-openid4vc,8abe4fe33891621ce2659f78d6bc2c224f042e17,dbd8b0647731dcf4fa3d725cd8269fc745f9e5ee,openid4vc-vci-haip-p034,wkhbFeLipVcBX,lY5P4930mEvsm6B,fapi2-security-profile-final-par-ensure-pkce-required,True,FINISHED,PASSED,PASSED,"{""authorization_request_type"":""simple"",""client_auth_type"":""client_attestation"",""credential_format"":""sd_jwt_vc"",""fapi_profile"":""vci_haip"",""fapi_request_method"":""unsigned"",""fapi_response_mode"":""plain_response"",""openid"":""plain_oauth"",""sender_constrain"":""dpop"",""vci_authorization_code_flow_variant"":""wallet_initiated"",""vci_credential_encryption"":""plain"",""vci_grant_type"":""authorization_code""}"
corrected-openid4vc,8abe4fe33891621ce2659f78d6bc2c224f042e17,dbd8b0647731dcf4fa3d725cd8269fc745f9e5ee,openid4vc-vci-haip-p034,wkhbFeLipVcBX,ylOwr7dKiYbNLqD,fapi2-security-profile-final-ensure-pkce-code-verifier-required,True,FINISHED,PASSED,PASSED,"{""authorization_request_type"":""simple"",""client_auth_type"":""client_attestation"",""credential_format"":""sd_jwt_vc"",""fapi_profile"":""vci_haip"",""fapi_request_method"":""unsigned"",""fapi_response_mode"":""plain_response"",""openid"":""plain_oauth"",""sender_constrain"":""dpop"",""vci_authorization_code_flow_variant"":""wallet_initiated"",""vci_credential_encryption"":""plain"",""vci_grant_type"":""authorization_code""}"
corrected-openid4vc,8abe4fe33891621ce2659f78d6bc2c224f042e17,dbd8b0647731dcf4fa3d725cd8269fc745f9e5ee,openid4vc-vci-haip-p034,wkhbFeLipVcBX,zUBSW7Aj0RsgfO3,fapi2-security-profile-final-incorrect-pkce-code-verifier-rejected,True,FINISHED,PASSED,PASSED,"{""authorization_request_type"":""simple"",""client_auth_type"":""client_attestation"",""credential_format"":""sd_jwt_vc"",""fapi_profile"":""vci_haip"",""fapi_request_method"":""unsigned"",""fapi_response_mode"":""plain_response"",""openid"":""plain_oauth"",""sender_constrain"":""dpop"",""vci_authorization_code_flow_variant"":""wallet_initiated"",""vci_credential_encryption"":""plain"",""vci_grant_type"":""authorization_code""}"
corrected-openid4vc,8abe4fe33891621ce2659f78d6bc2c224f042e17,dbd8b0647731dcf4fa3d725cd8269fc745f9e5ee,openid4vc-vci-haip-p034,wkhbFeLipVcBX,6ofza0PL08Ipy3P,fapi2-security-profile-final-par-plain-pkce-rejected,True,FINISHED,PASSED,PASSED,"{""authorization_request_type"":""simple"",""client_auth_type"":""client_attestation"",""credential_format"":""sd_jwt_vc"",""fapi_profile"":""vci_haip"",""fapi_request_method"":""unsigned"",""fapi_response_mode"":""plain_response"",""openid"":""plain_oauth"",""sender_constrain"":""dpop"",""vci_authorization_code_flow_variant"":""wallet_initiated"",""vci_credential_encryption"":""plain"",""vci_grant_type"":""authorization_code""}"
corrected-openid4vc,8abe4fe33891621ce2659f78d6bc2c224f042e17,dbd8b0647731dcf4fa3d725cd8269fc745f9e5ee,openid4vc-vci-haip-p034,wkhbFeLipVcBX,EcUZsqW0XGQjWun,fapi2-security-profile-final-par-without-duplicate-parameters,True,FINISHED,PASSED,PASSED,"{""authorization_request_type"":""simple"",""client_auth_type"":""client_attestation"",""credential_format"":""sd_jwt_vc"",""fapi_profile"":""vci_haip"",""fapi_request_method"":""unsigned"",""fapi_response_mode"":""plain_response"",""openid"":""plain_oauth"",""sender_constrain"":""dpop"",""vci_authorization_code_flow_variant"":""wallet_initiated"",""vci_credential_encryption"":""plain"",""vci_grant_type"":""authorization_code""}"
corrected-openid4vc,8abe4fe33891621ce2659f78d6bc2c224f042e17,dbd8b0647731dcf4fa3d725cd8269fc745f9e5ee,openid4vc-vci-haip-p035,g5eLOnDbDZbDM,uORV1RvRBFTUfY3,oid4vci-1_0-issuer-metadata-test,True,FINISHED,PASSED,PASSED,"{""client_auth_type"":""client_attestation"",""credential_format"":""mdoc"",""fapi_profile"":""vci_haip"",""vci_authorization_code_flow_variant"":""wallet_initiated""}"
corrected-openid4vc,8abe4fe33891621ce2659f78d6bc2c224f042e17,dbd8b0647731dcf4fa3d725cd8269fc745f9e5ee,openid4vc-vci-haip-p035,g5eLOnDbDZbDM,a63S8AIJp3jkHTM,oid4vci-1_0-issuer-metadata-test-signed,True,FINISHED,PASSED,PASSED,"{""client_auth_type"":""client_attestation"",""credential_format"":""mdoc"",""fapi_profile"":""vci_haip"",""vci_authorization_code_flow_variant"":""wallet_initiated""}"
corrected-openid4vc,8abe4fe33891621ce2659f78d6bc2c224f042e17,dbd8b0647731dcf4fa3d725cd8269fc745f9e5ee,openid4vc-vci-haip-p035,g5eLOnDbDZbDM,uX94QE1kazQjXXe,oid4vci-1_0-issuer-happy-flow,True,FINISHED,PASSED,PASSED,"{""authorization_request_type"":""simple"",""client_auth_type"":""client_attestation"",""credential_format"":""mdoc"",""fapi_profile"":""vci_haip"",""fapi_request_method"":""unsigned"",""fapi_response_mode"":""plain_response"",""openid"":""plain_oauth"",""sender_constrain"":""dpop"",""vci_authorization_code_flow_variant"":""wallet_initiated"",""vci_credential_encryption"":""plain"",""vci_grant_type"":""authorization_code""}"
corrected-openid4vc,8abe4fe33891621ce2659f78d6bc2c224f042e17,dbd8b0647731dcf4fa3d725cd8269fc745f9e5ee,openid4vc-vci-haip-p035,g5eLOnDbDZbDM,2NZDx5CDkk09CkP,oid4vci-1_0-issuer-happy-flow-additional-requests,True,FINISHED,PASSED,PASSED,"{""authorization_request_type"":""simple"",""client_auth_type"":""client_attestation"",""credential_format"":""mdoc"",""fapi_profile"":""vci_haip"",""fapi_request_method"":""unsigned"",""fapi_response_mode"":""plain_response"",""openid"":""plain_oauth"",""sender_constrain"":""dpop"",""vci_authorization_code_flow_variant"":""wallet_initiated"",""vci_credential_encryption"":""plain"",""vci_grant_type"":""authorization_code""}"
corrected-openid4vc,8abe4fe33891621ce2659f78d6bc2c224f042e17,dbd8b0647731dcf4fa3d725cd8269fc745f9e5ee,openid4vc-vci-haip-p035,g5eLOnDbDZbDM,FgVkl6u3vbLzmL3,oid4vci-1_0-issuer-happy-flow-multiple-clients,True,FINISHED,PASSED,PASSED,"{""authorization_request_type"":""simple"",""client_auth_type"":""client_attestation"",""credential_format"":""mdoc"",""fapi_profile"":""vci_haip"",""fapi_request_method"":""unsigned"",""fapi_response_mode"":""plain_response"",""openid"":""plain_oauth"",""sender_constrain"":""dpop"",""vci_authorization_code_flow_variant"":""wallet_initiated"",""vci_credential_encryption"":""plain"",""vci_grant_type"":""authorization_code""}"
corrected-openid4vc,8abe4fe33891621ce2659f78d6bc2c224f042e17,dbd8b0647731dcf4fa3d725cd8269fc745f9e5ee,openid4vc-vci-haip-p035,g5eLOnDbDZbDM,PAUGyIRoo2Z7zRh,oid4vci-1_0-issuer-happy-flow-skip-notification,True,FINISHED,PASSED,PASSED,"{""authorization_request_type"":""simple"",""client_auth_type"":""client_attestation"",""credential_format"":""mdoc"",""fapi_profile"":""vci_haip"",""fapi_request_method"":""unsigned"",""fapi_response_mode"":""plain_response"",""openid"":""plain_oauth"",""sender_constrain"":""dpop"",""vci_authorization_code_flow_variant"":""wallet_initiated"",""vci_credential_encryption"":""plain"",""vci_grant_type"":""authorization_code""}"
corrected-openid4vc,8abe4fe33891621ce2659f78d6bc2c224f042e17,dbd8b0647731dcf4fa3d725cd8269fc745f9e5ee,openid4vc-vci-haip-p035,g5eLOnDbDZbDM,fzBBAMZBQviYr1W,oid4vci-1_0-issuer-batch-issuance,True,FINISHED,PASSED,PASSED,"{""authorization_request_type"":""simple"",""client_auth_type"":""client_attestation"",""credential_format"":""mdoc"",""fapi_profile"":""vci_haip"",""fapi_request_method"":""unsigned"",""fapi_response_mode"":""plain_response"",""openid"":""plain_oauth"",""sender_constrain"":""dpop"",""vci_authorization_code_flow_variant"":""wallet_initiated"",""vci_credential_encryption"":""plain"",""vci_grant_type"":""authorization_code""}"
corrected-openid4vc,8abe4fe33891621ce2659f78d6bc2c224f042e17,dbd8b0647731dcf4fa3d725cd8269fc745f9e5ee,openid4vc-vci-haip-p035,g5eLOnDbDZbDM,ras9P0c9uQG76rh,oid4vci-1_0-issuer-fail-invalid-nonce,True,FINISHED,PASSED,PASSED,"{""authorization_request_type"":""simple"",""client_auth_type"":""client_attestation"",""credential_format"":""mdoc"",""fapi_profile"":""vci_haip"",""fapi_request_method"":""unsigned"",""fapi_response_mode"":""plain_response"",""openid"":""plain_oauth"",""sender_constrain"":""dpop"",""vci_authorization_code_flow_variant"":""wallet_initiated"",""vci_credential_encryption"":""plain"",""vci_grant_type"":""authorization_code""}"
corrected-openid4vc,8abe4fe33891621ce2659f78d6bc2c224f042e17,dbd8b0647731dcf4fa3d725cd8269fc745f9e5ee,openid4vc-vci-haip-p035,g5eLOnDbDZbDM,XoF2WaVRPY2M9Vh,oid4vci-1_0-issuer-fail-invalid-jwt-proof-signature,True,FINISHED,PASSED,PASSED,"{""authorization_request_type"":""simple"",""client_auth_type"":""client_attestation"",""credential_format"":""mdoc"",""fapi_profile"":""vci_haip"",""fapi_request_method"":""unsigned"",""fapi_response_mode"":""plain_response"",""openid"":""plain_oauth"",""sender_constrain"":""dpop"",""vci_authorization_code_flow_variant"":""wallet_initiated"",""vci_credential_encryption"":""plain"",""vci_grant_type"":""authorization_code""}"
corrected-openid4vc,8abe4fe33891621ce2659f78d6bc2c224f042e17,dbd8b0647731dcf4fa3d725cd8269fc745f9e5ee,openid4vc-vci-haip-p035,g5eLOnDbDZbDM,qvYFqxobC495RQE,oid4vci-1_0-issuer-fail-invalid-key-attestation-signature,True,FINISHED,PASSED,PASSED,"{""authorization_request_type"":""simple"",""client_auth_type"":""client_attestation"",""credential_format"":""mdoc"",""fapi_profile"":""vci_haip"",""fapi_request_method"":""unsigned"",""fapi_response_mode"":""plain_response"",""openid"":""plain_oauth"",""sender_constrain"":""dpop"",""vci_authorization_code_flow_variant"":""wallet_initiated"",""vci_credential_encryption"":""plain"",""vci_grant_type"":""authorization_code""}"
corrected-openid4vc,8abe4fe33891621ce2659f78d6bc2c224f042e17,dbd8b0647731dcf4fa3d725cd8269fc745f9e5ee,openid4vc-vci-haip-p035,g5eLOnDbDZbDM,j5dektWxtJ8HtCr,oid4vci-1_0-issuer-fail-invalid-client-attestation-signature,True,FINISHED,PASSED,PASSED,"{""authorization_request_type"":""simple"",""client_auth_type"":""client_attestation"",""credential_format"":""mdoc"",""fapi_profile"":""vci_haip"",""fapi_request_method"":""unsigned"",""fapi_response_mode"":""plain_response"",""openid"":""plain_oauth"",""sender_constrain"":""dpop"",""vci_authorization_code_flow_variant"":""wallet_initiated"",""vci_credential_encryption"":""plain"",""vci_grant_type"":""authorization_code""}"
corrected-openid4vc,8abe4fe33891621ce2659f78d6bc2c224f042e17,dbd8b0647731dcf4fa3d725cd8269fc745f9e5ee,openid4vc-vci-haip-p035,g5eLOnDbDZbDM,kDPYPBXLy8Gg6Vr,oid4vci-1_0-issuer-fail-invalid-client-attestation-pop-signature,True,FINISHED,PASSED,PASSED,"{""authorization_request_type"":""simple"",""client_auth_type"":""client_attestation"",""credential_format"":""mdoc"",""fapi_profile"":""vci_haip"",""fapi_request_method"":""unsigned"",""fapi_response_mode"":""plain_response"",""openid"":""plain_oauth"",""sender_constrain"":""dpop"",""vci_authorization_code_flow_variant"":""wallet_initiated"",""vci_credential_encryption"":""plain"",""vci_grant_type"":""authorization_code""}"
corrected-openid4vc,8abe4fe33891621ce2659f78d6bc2c224f042e17,dbd8b0647731dcf4fa3d725cd8269fc745f9e5ee,openid4vc-vci-haip-p035,g5eLOnDbDZbDM,zshXhU4WEFY1RD4,oid4vci-1_0-issuer-fail-client-attestation-exp-in-past,True,FINISHED,PASSED,PASSED,"{""authorization_request_type"":""simple"",""client_auth_type"":""client_attestation"",""credential_format"":""mdoc"",""fapi_profile"":""vci_haip"",""fapi_request_method"":""unsigned"",""fapi_response_mode"":""plain_response"",""openid"":""plain_oauth"",""sender_constrain"":""dpop"",""vci_authorization_code_flow_variant"":""wallet_initiated"",""vci_credential_encryption"":""plain"",""vci_grant_type"":""authorization_code""}"
corrected-openid4vc,8abe4fe33891621ce2659f78d6bc2c224f042e17,dbd8b0647731dcf4fa3d725cd8269fc745f9e5ee,openid4vc-vci-haip-p035,g5eLOnDbDZbDM,z4hrInnvY8rSW3O,oid4vci-1_0-issuer-fail-client-attestation-no-sub,True,FINISHED,PASSED,PASSED,"{""authorization_request_type"":""simple"",""client_auth_type"":""client_attestation"",""credential_format"":""mdoc"",""fapi_profile"":""vci_haip"",""fapi_request_method"":""unsigned"",""fapi_response_mode"":""plain_response"",""openid"":""plain_oauth"",""sender_constrain"":""dpop"",""vci_authorization_code_flow_variant"":""wallet_initiated"",""vci_credential_encryption"":""plain"",""vci_grant_type"":""authorization_code""}"
corrected-openid4vc,8abe4fe33891621ce2659f78d6bc2c224f042e17,dbd8b0647731dcf4fa3d725cd8269fc745f9e5ee,openid4vc-vci-haip-p035,g5eLOnDbDZbDM,0z0OOJvhILwSIKO,oid4vci-1_0-issuer-fail-client-attestation-pop-wrong-aud,True,FINISHED,PASSED,PASSED,"{""authorization_request_type"":""simple"",""client_auth_type"":""client_attestation"",""credential_format"":""mdoc"",""fapi_profile"":""vci_haip"",""fapi_request_method"":""unsigned"",""fapi_response_mode"":""plain_response"",""openid"":""plain_oauth"",""sender_constrain"":""dpop"",""vci_authorization_code_flow_variant"":""wallet_initiated"",""vci_credential_encryption"":""plain"",""vci_grant_type"":""authorization_code""}"
corrected-openid4vc,8abe4fe33891621ce2659f78d6bc2c224f042e17,dbd8b0647731dcf4fa3d725cd8269fc745f9e5ee,openid4vc-vci-haip-p035,g5eLOnDbDZbDM,47szZF7UOM2W3DM,oid4vci-1_0-issuer-fail-mismatched-client-attestation-pop-key,True,FINISHED,PASSED,PASSED,"{""authorization_request_type"":""simple"",""client_auth_type"":""client_attestation"",""credential_format"":""mdoc"",""fapi_profile"":""vci_haip"",""fapi_request_method"":""unsigned"",""fapi_response_mode"":""plain_response"",""openid"":""plain_oauth"",""sender_constrain"":""dpop"",""vci_authorization_code_flow_variant"":""wallet_initiated"",""vci_credential_encryption"":""plain"",""vci_grant_type"":""authorization_code""}"
corrected-openid4vc,8abe4fe33891621ce2659f78d6bc2c224f042e17,dbd8b0647731dcf4fa3d725cd8269fc745f9e5ee,openid4vc-vci-haip-p035,g5eLOnDbDZbDM,t0nfYGeLVADafxc,oid4vci-1_0-issuer-fail-missing-proof,True,FINISHED,PASSED,PASSED,"{""authorization_request_type"":""simple"",""client_auth_type"":""client_attestation"",""credential_format"":""mdoc"",""fapi_profile"":""vci_haip"",""fapi_request_method"":""unsigned"",""fapi_response_mode"":""plain_response"",""openid"":""plain_oauth"",""sender_constrain"":""dpop"",""vci_authorization_code_flow_variant"":""wallet_initiated"",""vci_credential_encryption"":""plain"",""vci_grant_type"":""authorization_code""}"
corrected-openid4vc,8abe4fe33891621ce2659f78d6bc2c224f042e17,dbd8b0647731dcf4fa3d725cd8269fc745f9e5ee,openid4vc-vci-haip-p035,g5eLOnDbDZbDM,PukILPHBy4QkqzC,oid4vci-1_0-issuer-fail-unknown-credential-configuration,True,FINISHED,PASSED,PASSED,"{""authorization_request_type"":""simple"",""client_auth_type"":""client_attestation"",""credential_format"":""mdoc"",""fapi_profile"":""vci_haip"",""fapi_request_method"":""unsigned"",""fapi_response_mode"":""plain_response"",""openid"":""plain_oauth"",""sender_constrain"":""dpop"",""vci_authorization_code_flow_variant"":""wallet_initiated"",""vci_credential_encryption"":""plain"",""vci_grant_type"":""authorization_code""}"
corrected-openid4vc,8abe4fe33891621ce2659f78d6bc2c224f042e17,dbd8b0647731dcf4fa3d725cd8269fc745f9e5ee,openid4vc-vci-haip-p035,g5eLOnDbDZbDM,HymkNfvfJVHASBk,oid4vci-1_0-issuer-fail-unknown-credential-identifier,True,FINISHED,PASSED,PASSED,"{""authorization_request_type"":""simple"",""client_auth_type"":""client_attestation"",""credential_format"":""mdoc"",""fapi_profile"":""vci_haip"",""fapi_request_method"":""unsigned"",""fapi_response_mode"":""plain_response"",""openid"":""plain_oauth"",""sender_constrain"":""dpop"",""vci_authorization_code_flow_variant"":""wallet_initiated"",""vci_credential_encryption"":""plain"",""vci_grant_type"":""authorization_code""}"
corrected-openid4vc,8abe4fe33891621ce2659f78d6bc2c224f042e17,dbd8b0647731dcf4fa3d725cd8269fc745f9e5ee,openid4vc-vci-haip-p035,g5eLOnDbDZbDM,l2WaeNl5ipoyQMq,oid4vci-1_0-issuer-fail-on-access-token-in-query,True,FINISHED,PASSED,PASSED,"{""authorization_request_type"":""simple"",""client_auth_type"":""client_attestation"",""credential_format"":""mdoc"",""fapi_profile"":""vci_haip"",""fapi_request_method"":""unsigned"",""fapi_response_mode"":""plain_response"",""openid"":""plain_oauth"",""sender_constrain"":""dpop"",""vci_authorization_code_flow_variant"":""wallet_initiated"",""vci_credential_encryption"":""plain"",""vci_grant_type"":""authorization_code""}"
corrected-openid4vc,8abe4fe33891621ce2659f78d6bc2c224f042e17,dbd8b0647731dcf4fa3d725cd8269fc745f9e5ee,openid4vc-vci-haip-p035,g5eLOnDbDZbDM,1Wr1Jo2ITlh9F9m,oid4vci-1_0-issuer-happy-flow,True,FINISHED,PASSED,PASSED,"{""authorization_request_type"":""simple"",""client_auth_type"":""client_attestation"",""credential_format"":""mdoc"",""fapi_profile"":""vci_haip"",""fapi_request_method"":""unsigned"",""fapi_response_mode"":""plain_response"",""openid"":""plain_oauth"",""sender_constrain"":""dpop"",""vci_authorization_code_flow_variant"":""wallet_initiated"",""vci_credential_encryption"":""encrypted"",""vci_grant_type"":""authorization_code""}"
corrected-openid4vc,8abe4fe33891621ce2659f78d6bc2c224f042e17,dbd8b0647731dcf4fa3d725cd8269fc745f9e5ee,openid4vc-vci-haip-p035,g5eLOnDbDZbDM,J0gwS0aR4KaJMQg,oid4vci-1_0-issuer-fail-unknown-credential-configuration,True,FINISHED,PASSED,PASSED,"{""authorization_request_type"":""simple"",""client_auth_type"":""client_attestation"",""credential_format"":""mdoc"",""fapi_profile"":""vci_haip"",""fapi_request_method"":""unsigned"",""fapi_response_mode"":""plain_response"",""openid"":""plain_oauth"",""sender_constrain"":""dpop"",""vci_authorization_code_flow_variant"":""wallet_initiated"",""vci_credential_encryption"":""encrypted"",""vci_grant_type"":""authorization_code""}"
corrected-openid4vc,8abe4fe33891621ce2659f78d6bc2c224f042e17,dbd8b0647731dcf4fa3d725cd8269fc745f9e5ee,openid4vc-vci-haip-p035,g5eLOnDbDZbDM,oJr4C4QMymYzKXV,oid4vci-1_0-issuer-fail-unsupported-encryption-algorithm,True,FINISHED,PASSED,PASSED,"{""authorization_request_type"":""simple"",""client_auth_type"":""client_attestation"",""credential_format"":""mdoc"",""fapi_profile"":""vci_haip"",""fapi_request_method"":""unsigned"",""fapi_response_mode"":""plain_response"",""openid"":""plain_oauth"",""sender_constrain"":""dpop"",""vci_authorization_code_flow_variant"":""wallet_initiated"",""vci_credential_encryption"":""encrypted"",""vci_grant_type"":""authorization_code""}"
corrected-openid4vc,8abe4fe33891621ce2659f78d6bc2c224f042e17,dbd8b0647731dcf4fa3d725cd8269fc745f9e5ee,openid4vc-vci-haip-p035,g5eLOnDbDZbDM,Xuii2529WxeBtwE,fapi2-security-profile-final-discovery-end-point-verification,True,FINISHED,PASSED,PASSED,"{""authorization_request_type"":""simple"",""client_auth_type"":""client_attestation"",""credential_format"":""mdoc"",""fapi_profile"":""vci_haip"",""fapi_request_method"":""unsigned"",""fapi_response_mode"":""plain_response"",""openid"":""plain_oauth"",""sender_constrain"":""dpop"",""vci_authorization_code_flow_variant"":""wallet_initiated""}"
corrected-openid4vc,8abe4fe33891621ce2659f78d6bc2c224f042e17,dbd8b0647731dcf4fa3d725cd8269fc745f9e5ee,openid4vc-vci-haip-p035,g5eLOnDbDZbDM,7hEv1lMPURtzw8N,fapi2-security-profile-final-happy-flow,True,FINISHED,WARNING,WARNING,"{""authorization_request_type"":""simple"",""client_auth_type"":""client_attestation"",""credential_format"":""mdoc"",""fapi_profile"":""vci_haip"",""fapi_request_method"":""unsigned"",""fapi_response_mode"":""plain_response"",""openid"":""plain_oauth"",""sender_constrain"":""dpop"",""vci_authorization_code_flow_variant"":""wallet_initiated"",""vci_credential_encryption"":""plain"",""vci_grant_type"":""authorization_code""}"
corrected-openid4vc,8abe4fe33891621ce2659f78d6bc2c224f042e17,dbd8b0647731dcf4fa3d725cd8269fc745f9e5ee,openid4vc-vci-haip-p035,g5eLOnDbDZbDM,ZokhYPoKOGb7qCv,fapi2-security-profile-final-user-rejects-authentication,True,FINISHED,PASSED,PASSED,"{""authorization_request_type"":""simple"",""client_auth_type"":""client_attestation"",""credential_format"":""mdoc"",""fapi_profile"":""vci_haip"",""fapi_request_method"":""unsigned"",""fapi_response_mode"":""plain_response"",""openid"":""plain_oauth"",""sender_constrain"":""dpop"",""vci_authorization_code_flow_variant"":""wallet_initiated"",""vci_credential_encryption"":""plain"",""vci_grant_type"":""authorization_code""}"
corrected-openid4vc,8abe4fe33891621ce2659f78d6bc2c224f042e17,dbd8b0647731dcf4fa3d725cd8269fc745f9e5ee,openid4vc-vci-haip-p035,g5eLOnDbDZbDM,zSdxtAic1riBUaN,fapi2-security-profile-final-ensure-authorization-request-without-state-success,True,FINISHED,PASSED,PASSED,"{""authorization_request_type"":""simple"",""client_auth_type"":""client_attestation"",""credential_format"":""mdoc"",""fapi_profile"":""vci_haip"",""fapi_request_method"":""unsigned"",""fapi_response_mode"":""plain_response"",""openid"":""plain_oauth"",""sender_constrain"":""dpop"",""vci_authorization_code_flow_variant"":""wallet_initiated"",""vci_credential_encryption"":""plain"",""vci_grant_type"":""authorization_code""}"
corrected-openid4vc,8abe4fe33891621ce2659f78d6bc2c224f042e17,dbd8b0647731dcf4fa3d725cd8269fc745f9e5ee,openid4vc-vci-haip-p035,g5eLOnDbDZbDM,fO16GzNCoQlgKP7,fapi2-security-profile-final-access-token-type-header-case-sensitivity,True,FINISHED,PASSED,PASSED,"{""authorization_request_type"":""simple"",""client_auth_type"":""client_attestation"",""credential_format"":""mdoc"",""fapi_profile"":""vci_haip"",""fapi_request_method"":""unsigned"",""fapi_response_mode"":""plain_response"",""openid"":""plain_oauth"",""sender_constrain"":""dpop"",""vci_authorization_code_flow_variant"":""wallet_initiated"",""vci_credential_encryption"":""plain"",""vci_grant_type"":""authorization_code""}"
corrected-openid4vc,8abe4fe33891621ce2659f78d6bc2c224f042e17,dbd8b0647731dcf4fa3d725cd8269fc745f9e5ee,openid4vc-vci-haip-p035,g5eLOnDbDZbDM,BV74hpNVex5wRit,fapi2-security-profile-final-check-dpop-proof-nbf-exp,True,FINISHED,PASSED,PASSED,"{""authorization_request_type"":""simple"",""client_auth_type"":""client_attestation"",""credential_format"":""mdoc"",""fapi_profile"":""vci_haip"",""fapi_request_method"":""unsigned"",""fapi_response_mode"":""plain_response"",""openid"":""plain_oauth"",""sender_constrain"":""dpop"",""vci_authorization_code_flow_variant"":""wallet_initiated"",""vci_credential_encryption"":""plain"",""vci_grant_type"":""authorization_code""}"
corrected-openid4vc,8abe4fe33891621ce2659f78d6bc2c224f042e17,dbd8b0647731dcf4fa3d725cd8269fc745f9e5ee,openid4vc-vci-haip-p035,g5eLOnDbDZbDM,DizOiJGdgQ7A6iH,fapi2-security-profile-final-ensure-dpopproof-with-iat-10seconds-before-succeeds,True,FINISHED,PASSED,PASSED,"{""authorization_request_type"":""simple"",""client_auth_type"":""client_attestation"",""credential_format"":""mdoc"",""fapi_profile"":""vci_haip"",""fapi_request_method"":""unsigned"",""fapi_response_mode"":""plain_response"",""openid"":""plain_oauth"",""sender_constrain"":""dpop"",""vci_authorization_code_flow_variant"":""wallet_initiated"",""vci_credential_encryption"":""plain"",""vci_grant_type"":""authorization_code""}"
corrected-openid4vc,8abe4fe33891621ce2659f78d6bc2c224f042e17,dbd8b0647731dcf4fa3d725cd8269fc745f9e5ee,openid4vc-vci-haip-p035,g5eLOnDbDZbDM,IYfCEjlWshXBSna,fapi2-security-profile-final-ensure-dpopproof-with-iat-10seconds-after-succeeds,True,FINISHED,PASSED,PASSED,"{""authorization_request_type"":""simple"",""client_auth_type"":""client_attestation"",""credential_format"":""mdoc"",""fapi_profile"":""vci_haip"",""fapi_request_method"":""unsigned"",""fapi_response_mode"":""plain_response"",""openid"":""plain_oauth"",""sender_constrain"":""dpop"",""vci_authorization_code_flow_variant"":""wallet_initiated"",""vci_credential_encryption"":""plain"",""vci_grant_type"":""authorization_code""}"
corrected-openid4vc,8abe4fe33891621ce2659f78d6bc2c224f042e17,dbd8b0647731dcf4fa3d725cd8269fc745f9e5ee,openid4vc-vci-haip-p035,g5eLOnDbDZbDM,ylI0OMGodnWOR68,fapi2-security-profile-final-ensure-mismatched-dpop-jkt-fails,True,FINISHED,PASSED,PASSED,"{""authorization_request_type"":""simple"",""client_auth_type"":""client_attestation"",""credential_format"":""mdoc"",""fapi_profile"":""vci_haip"",""fapi_request_method"":""unsigned"",""fapi_response_mode"":""plain_response"",""openid"":""plain_oauth"",""sender_constrain"":""dpop"",""vci_authorization_code_flow_variant"":""wallet_initiated"",""vci_credential_encryption"":""plain"",""vci_grant_type"":""authorization_code""}"
corrected-openid4vc,8abe4fe33891621ce2659f78d6bc2c224f042e17,dbd8b0647731dcf4fa3d725cd8269fc745f9e5ee,openid4vc-vci-haip-p035,g5eLOnDbDZbDM,cOVedzOGP4ewSb0,fapi2-security-profile-final-ensure-token-endpoint-fails-with-mismatched-dpop-proof-jkt,True,FINISHED,PASSED,PASSED,"{""authorization_request_type"":""simple"",""client_auth_type"":""client_attestation"",""credential_format"":""mdoc"",""fapi_profile"":""vci_haip"",""fapi_request_method"":""unsigned"",""fapi_response_mode"":""plain_response"",""openid"":""plain_oauth"",""sender_constrain"":""dpop"",""vci_authorization_code_flow_variant"":""wallet_initiated"",""vci_credential_encryption"":""plain"",""vci_grant_type"":""authorization_code""}"
corrected-openid4vc,8abe4fe33891621ce2659f78d6bc2c224f042e17,dbd8b0647731dcf4fa3d725cd8269fc745f9e5ee,openid4vc-vci-haip-p035,g5eLOnDbDZbDM,nBUbgRDqguP5Acg,fapi2-security-profile-final-ensure-token-endpoint-fails-with-mismatched-dpop-jkt,True,FINISHED,PASSED,PASSED,"{""authorization_request_type"":""simple"",""client_auth_type"":""client_attestation"",""credential_format"":""mdoc"",""fapi_profile"":""vci_haip"",""fapi_request_method"":""unsigned"",""fapi_response_mode"":""plain_response"",""openid"":""plain_oauth"",""sender_constrain"":""dpop"",""vci_authorization_code_flow_variant"":""wallet_initiated"",""vci_credential_encryption"":""plain"",""vci_grant_type"":""authorization_code""}"
corrected-openid4vc,8abe4fe33891621ce2659f78d6bc2c224f042e17,dbd8b0647731dcf4fa3d725cd8269fc745f9e5ee,openid4vc-vci-haip-p035,g5eLOnDbDZbDM,R4lufHkCUfZxsJ0,fapi2-security-profile-final-ensure-dpopproof-at-par-endpoint-binding-success,True,FINISHED,PASSED,PASSED,"{""authorization_request_type"":""simple"",""client_auth_type"":""client_attestation"",""credential_format"":""mdoc"",""fapi_profile"":""vci_haip"",""fapi_request_method"":""unsigned"",""fapi_response_mode"":""plain_response"",""openid"":""plain_oauth"",""sender_constrain"":""dpop"",""vci_authorization_code_flow_variant"":""wallet_initiated"",""vci_credential_encryption"":""plain"",""vci_grant_type"":""authorization_code""}"
corrected-openid4vc,8abe4fe33891621ce2659f78d6bc2c224f042e17,dbd8b0647731dcf4fa3d725cd8269fc745f9e5ee,openid4vc-vci-haip-p035,g5eLOnDbDZbDM,5EvlxZczAjWQBSj,fapi2-security-profile-final-ensure-dpop-auth-code-binding-success,True,FINISHED,PASSED,PASSED,"{""authorization_request_type"":""simple"",""client_auth_type"":""client_attestation"",""credential_format"":""mdoc"",""fapi_profile"":""vci_haip"",""fapi_request_method"":""unsigned"",""fapi_response_mode"":""plain_response"",""openid"":""plain_oauth"",""sender_constrain"":""dpop"",""vci_authorization_code_flow_variant"":""wallet_initiated"",""vci_credential_encryption"":""plain"",""vci_grant_type"":""authorization_code""}"
corrected-openid4vc,8abe4fe33891621ce2659f78d6bc2c224f042e17,dbd8b0647731dcf4fa3d725cd8269fc745f9e5ee,openid4vc-vci-haip-p035,g5eLOnDbDZbDM,jQTDHZv0BhItuc0,fapi2-security-profile-final-ensure-different-state-inside-and-outside-request-object,True,FINISHED,PASSED,PASSED,"{""authorization_request_type"":""simple"",""client_auth_type"":""client_attestation"",""credential_format"":""mdoc"",""fapi_profile"":""vci_haip"",""fapi_request_method"":""unsigned"",""fapi_response_mode"":""plain_response"",""openid"":""plain_oauth"",""sender_constrain"":""dpop"",""vci_authorization_code_flow_variant"":""wallet_initiated"",""vci_credential_encryption"":""plain"",""vci_grant_type"":""authorization_code""}"
corrected-openid4vc,8abe4fe33891621ce2659f78d6bc2c224f042e17,dbd8b0647731dcf4fa3d725cd8269fc745f9e5ee,openid4vc-vci-haip-p035,g5eLOnDbDZbDM,l5yIteLlmaSWeMZ,fapi2-security-profile-final-ensure-authorization-request-with-long-state,True,FINISHED,PASSED,PASSED,"{""authorization_request_type"":""simple"",""client_auth_type"":""client_attestation"",""credential_format"":""mdoc"",""fapi_profile"":""vci_haip"",""fapi_request_method"":""unsigned"",""fapi_response_mode"":""plain_response"",""openid"":""plain_oauth"",""sender_constrain"":""dpop"",""vci_authorization_code_flow_variant"":""wallet_initiated"",""vci_credential_encryption"":""plain"",""vci_grant_type"":""authorization_code""}"
corrected-openid4vc,8abe4fe33891621ce2659f78d6bc2c224f042e17,dbd8b0647731dcf4fa3d725cd8269fc745f9e5ee,openid4vc-vci-haip-p035,g5eLOnDbDZbDM,aQxnHHBd486v9Nt,fapi2-security-profile-final-state-only-outside-request-object-not-used,True,FINISHED,PASSED,PASSED,"{""authorization_request_type"":""simple"",""client_auth_type"":""client_attestation"",""credential_format"":""mdoc"",""fapi_profile"":""vci_haip"",""fapi_request_method"":""unsigned"",""fapi_response_mode"":""plain_response"",""openid"":""plain_oauth"",""sender_constrain"":""dpop"",""vci_authorization_code_flow_variant"":""wallet_initiated"",""vci_credential_encryption"":""plain"",""vci_grant_type"":""authorization_code""}"
corrected-openid4vc,8abe4fe33891621ce2659f78d6bc2c224f042e17,dbd8b0647731dcf4fa3d725cd8269fc745f9e5ee,openid4vc-vci-haip-p035,g5eLOnDbDZbDM,oFeYFw1dyaRLd31,fapi2-security-profile-final-ensure-request-object-without-redirect-uri-fails,True,FINISHED,PASSED,PASSED,"{""authorization_request_type"":""simple"",""client_auth_type"":""client_attestation"",""credential_format"":""mdoc"",""fapi_profile"":""vci_haip"",""fapi_request_method"":""unsigned"",""fapi_response_mode"":""plain_response"",""openid"":""plain_oauth"",""sender_constrain"":""dpop"",""vci_authorization_code_flow_variant"":""wallet_initiated"",""vci_credential_encryption"":""plain"",""vci_grant_type"":""authorization_code""}"
corrected-openid4vc,8abe4fe33891621ce2659f78d6bc2c224f042e17,dbd8b0647731dcf4fa3d725cd8269fc745f9e5ee,openid4vc-vci-haip-p035,g5eLOnDbDZbDM,p7exKOAAhnujHNO,fapi2-security-profile-final-plain-fapi-tolerate-unregistered-redirect-uri,True,FINISHED,PASSED,PASSED,"{""authorization_request_type"":""simple"",""client_auth_type"":""client_attestation"",""credential_format"":""mdoc"",""fapi_profile"":""vci_haip"",""fapi_request_method"":""unsigned"",""fapi_response_mode"":""plain_response"",""openid"":""plain_oauth"",""sender_constrain"":""dpop"",""vci_authorization_code_flow_variant"":""wallet_initiated"",""vci_credential_encryption"":""plain"",""vci_grant_type"":""authorization_code""}"
corrected-openid4vc,8abe4fe33891621ce2659f78d6bc2c224f042e17,dbd8b0647731dcf4fa3d725cd8269fc745f9e5ee,openid4vc-vci-haip-p035,g5eLOnDbDZbDM,FCV5wZViw5c49BR,fapi2-security-profile-final-ensure-unsigned-authorization-request-without-using-par-fails,True,FINISHED,PASSED,PASSED,"{""authorization_request_type"":""simple"",""client_auth_type"":""client_attestation"",""credential_format"":""mdoc"",""fapi_profile"":""vci_haip"",""fapi_request_method"":""unsigned"",""fapi_response_mode"":""plain_response"",""openid"":""plain_oauth"",""sender_constrain"":""dpop"",""vci_authorization_code_flow_variant"":""wallet_initiated"",""vci_credential_encryption"":""plain"",""vci_grant_type"":""authorization_code""}"
corrected-openid4vc,8abe4fe33891621ce2659f78d6bc2c224f042e17,dbd8b0647731dcf4fa3d725cd8269fc745f9e5ee,openid4vc-vci-haip-p035,g5eLOnDbDZbDM,YbkVsGS29qX2NCs,fapi2-security-profile-final-ensure-redirect-uri-in-authorization-request,True,FINISHED,PASSED,PASSED,"{""authorization_request_type"":""simple"",""client_auth_type"":""client_attestation"",""credential_format"":""mdoc"",""fapi_profile"":""vci_haip"",""fapi_request_method"":""unsigned"",""fapi_response_mode"":""plain_response"",""openid"":""plain_oauth"",""sender_constrain"":""dpop"",""vci_authorization_code_flow_variant"":""wallet_initiated"",""vci_credential_encryption"":""plain"",""vci_grant_type"":""authorization_code""}"
corrected-openid4vc,8abe4fe33891621ce2659f78d6bc2c224f042e17,dbd8b0647731dcf4fa3d725cd8269fc745f9e5ee,openid4vc-vci-haip-p035,g5eLOnDbDZbDM,CbRBHWobzdxiNKz,fapi2-security-profile-final-ensure-response-type-code-idtoken-fails,True,FINISHED,PASSED,PASSED,"{""authorization_request_type"":""simple"",""client_auth_type"":""client_attestation"",""credential_format"":""mdoc"",""fapi_profile"":""vci_haip"",""fapi_request_method"":""unsigned"",""fapi_response_mode"":""plain_response"",""openid"":""plain_oauth"",""sender_constrain"":""dpop"",""vci_authorization_code_flow_variant"":""wallet_initiated"",""vci_credential_encryption"":""plain"",""vci_grant_type"":""authorization_code""}"
corrected-openid4vc,8abe4fe33891621ce2659f78d6bc2c224f042e17,dbd8b0647731dcf4fa3d725cd8269fc745f9e5ee,openid4vc-vci-haip-p035,g5eLOnDbDZbDM,yqkUlL8U2DwiRQp,fapi2-security-profile-final-ensure-response-type-token-fails,True,FINISHED,PASSED,PASSED,"{""authorization_request_type"":""simple"",""client_auth_type"":""client_attestation"",""credential_format"":""mdoc"",""fapi_profile"":""vci_haip"",""fapi_request_method"":""unsigned"",""fapi_response_mode"":""plain_response"",""openid"":""plain_oauth"",""sender_constrain"":""dpop"",""vci_authorization_code_flow_variant"":""wallet_initiated"",""vci_credential_encryption"":""plain"",""vci_grant_type"":""authorization_code""}"
corrected-openid4vc,8abe4fe33891621ce2659f78d6bc2c224f042e17,dbd8b0647731dcf4fa3d725cd8269fc745f9e5ee,openid4vc-vci-haip-p035,g5eLOnDbDZbDM,nZ8hSpuXdGlTXMF,fapi2-security-profile-final-ensure-client-id-in-token-endpoint,True,FINISHED,PASSED,PASSED,"{""authorization_request_type"":""simple"",""client_auth_type"":""client_attestation"",""credential_format"":""mdoc"",""fapi_profile"":""vci_haip"",""fapi_request_method"":""unsigned"",""fapi_response_mode"":""plain_response"",""openid"":""plain_oauth"",""sender_constrain"":""dpop"",""vci_authorization_code_flow_variant"":""wallet_initiated"",""vci_credential_encryption"":""plain"",""vci_grant_type"":""authorization_code""}"
corrected-openid4vc,8abe4fe33891621ce2659f78d6bc2c224f042e17,dbd8b0647731dcf4fa3d725cd8269fc745f9e5ee,openid4vc-vci-haip-p035,g5eLOnDbDZbDM,kKaRum8ANLCHSKj,fapi2-security-profile-final-ensure-holder-of-key-required,True,FINISHED,PASSED,PASSED,"{""authorization_request_type"":""simple"",""client_auth_type"":""client_attestation"",""credential_format"":""mdoc"",""fapi_profile"":""vci_haip"",""fapi_request_method"":""unsigned"",""fapi_response_mode"":""plain_response"",""openid"":""plain_oauth"",""sender_constrain"":""dpop"",""vci_authorization_code_flow_variant"":""wallet_initiated"",""vci_credential_encryption"":""plain"",""vci_grant_type"":""authorization_code""}"
corrected-openid4vc,8abe4fe33891621ce2659f78d6bc2c224f042e17,dbd8b0647731dcf4fa3d725cd8269fc745f9e5ee,openid4vc-vci-haip-p035,g5eLOnDbDZbDM,gXFog9oAcUANzt7,fapi2-security-profile-final-ensure-authorization-code-is-bound-to-client,True,FINISHED,PASSED,PASSED,"{""authorization_request_type"":""simple"",""client_auth_type"":""client_attestation"",""credential_format"":""mdoc"",""fapi_profile"":""vci_haip"",""fapi_request_method"":""unsigned"",""fapi_response_mode"":""plain_response"",""openid"":""plain_oauth"",""sender_constrain"":""dpop"",""vci_authorization_code_flow_variant"":""wallet_initiated"",""vci_credential_encryption"":""plain"",""vci_grant_type"":""authorization_code""}"
corrected-openid4vc,8abe4fe33891621ce2659f78d6bc2c224f042e17,dbd8b0647731dcf4fa3d725cd8269fc745f9e5ee,openid4vc-vci-haip-p035,g5eLOnDbDZbDM,hc9BuUtvTBYAKDa,fapi2-security-profile-final-attempt-reuse-authorization-code-after-one-second,True,FINISHED,PASSED,PASSED,"{""authorization_request_type"":""simple"",""client_auth_type"":""client_attestation"",""credential_format"":""mdoc"",""fapi_profile"":""vci_haip"",""fapi_request_method"":""unsigned"",""fapi_response_mode"":""plain_response"",""openid"":""plain_oauth"",""sender_constrain"":""dpop"",""vci_authorization_code_flow_variant"":""wallet_initiated"",""vci_credential_encryption"":""plain"",""vci_grant_type"":""authorization_code""}"
corrected-openid4vc,8abe4fe33891621ce2659f78d6bc2c224f042e17,dbd8b0647731dcf4fa3d725cd8269fc745f9e5ee,openid4vc-vci-haip-p035,g5eLOnDbDZbDM,dmT7Ptzrm7gZfZF,fapi2-security-profile-final-ensure-token-endpoint-fails-with-expired-auth-code,True,FINISHED,PASSED,PASSED,"{""authorization_request_type"":""simple"",""client_auth_type"":""client_attestation"",""credential_format"":""mdoc"",""fapi_profile"":""vci_haip"",""fapi_request_method"":""unsigned"",""fapi_response_mode"":""plain_response"",""openid"":""plain_oauth"",""sender_constrain"":""dpop"",""vci_authorization_code_flow_variant"":""wallet_initiated"",""vci_credential_encryption"":""plain"",""vci_grant_type"":""authorization_code""}"
corrected-openid4vc,8abe4fe33891621ce2659f78d6bc2c224f042e17,dbd8b0647731dcf4fa3d725cd8269fc745f9e5ee,openid4vc-vci-haip-p035,g5eLOnDbDZbDM,BSZbG4O8Gj1LqDF,fapi2-security-profile-final-dpop-negative-tests,True,FINISHED,PASSED,PASSED,"{""authorization_request_type"":""simple"",""client_auth_type"":""client_attestation"",""credential_format"":""mdoc"",""fapi_profile"":""vci_haip"",""fapi_request_method"":""unsigned"",""fapi_response_mode"":""plain_response"",""openid"":""plain_oauth"",""sender_constrain"":""dpop"",""vci_authorization_code_flow_variant"":""wallet_initiated"",""vci_credential_encryption"":""plain"",""vci_grant_type"":""authorization_code""}"
corrected-openid4vc,8abe4fe33891621ce2659f78d6bc2c224f042e17,dbd8b0647731dcf4fa3d725cd8269fc745f9e5ee,openid4vc-vci-haip-p035,g5eLOnDbDZbDM,6bMxUWhFvRz5nC4,fapi2-security-profile-final-refresh-token,True,FINISHED,PASSED,PASSED,"{""authorization_request_type"":""simple"",""client_auth_type"":""client_attestation"",""credential_format"":""mdoc"",""fapi_profile"":""vci_haip"",""fapi_request_method"":""unsigned"",""fapi_response_mode"":""plain_response"",""openid"":""plain_oauth"",""sender_constrain"":""dpop"",""vci_authorization_code_flow_variant"":""wallet_initiated"",""vci_credential_encryption"":""plain"",""vci_grant_type"":""authorization_code""}"
corrected-openid4vc,8abe4fe33891621ce2659f78d6bc2c224f042e17,dbd8b0647731dcf4fa3d725cd8269fc745f9e5ee,openid4vc-vci-haip-p035,g5eLOnDbDZbDM,cv3P6sTD0hzrtVe,fapi2-security-profile-final-par-ensure-reused-request-uri-prior-to-auth-completion-succeeds,True,FINISHED,PASSED,PASSED,"{""authorization_request_type"":""simple"",""client_auth_type"":""client_attestation"",""credential_format"":""mdoc"",""fapi_profile"":""vci_haip"",""fapi_request_method"":""unsigned"",""fapi_response_mode"":""plain_response"",""openid"":""plain_oauth"",""sender_constrain"":""dpop"",""vci_authorization_code_flow_variant"":""wallet_initiated"",""vci_credential_encryption"":""plain"",""vci_grant_type"":""authorization_code""}"
corrected-openid4vc,8abe4fe33891621ce2659f78d6bc2c224f042e17,dbd8b0647731dcf4fa3d725cd8269fc745f9e5ee,openid4vc-vci-haip-p035,g5eLOnDbDZbDM,2B1BjmChZemJqbb,fapi2-security-profile-final-par-attempt-reuse-request_uri,True,FINISHED,PASSED,PASSED,"{""authorization_request_type"":""simple"",""client_auth_type"":""client_attestation"",""credential_format"":""mdoc"",""fapi_profile"":""vci_haip"",""fapi_request_method"":""unsigned"",""fapi_response_mode"":""plain_response"",""openid"":""plain_oauth"",""sender_constrain"":""dpop"",""vci_authorization_code_flow_variant"":""wallet_initiated"",""vci_credential_encryption"":""plain"",""vci_grant_type"":""authorization_code""}"
corrected-openid4vc,8abe4fe33891621ce2659f78d6bc2c224f042e17,dbd8b0647731dcf4fa3d725cd8269fc745f9e5ee,openid4vc-vci-haip-p035,g5eLOnDbDZbDM,2WhzYcjCcIJbrqe,fapi2-security-profile-final-par-attempt-to-use-expired-request_uri,True,FINISHED,PASSED,PASSED,"{""authorization_request_type"":""simple"",""client_auth_type"":""client_attestation"",""credential_format"":""mdoc"",""fapi_profile"":""vci_haip"",""fapi_request_method"":""unsigned"",""fapi_response_mode"":""plain_response"",""openid"":""plain_oauth"",""sender_constrain"":""dpop"",""vci_authorization_code_flow_variant"":""wallet_initiated"",""vci_credential_encryption"":""plain"",""vci_grant_type"":""authorization_code""}"
corrected-openid4vc,8abe4fe33891621ce2659f78d6bc2c224f042e17,dbd8b0647731dcf4fa3d725cd8269fc745f9e5ee,openid4vc-vci-haip-p035,g5eLOnDbDZbDM,OIAmylqh3wNesKw,fapi2-security-profile-final-par-attempt-to-use-request_uri-for-different-client,True,FINISHED,PASSED,PASSED,"{""authorization_request_type"":""simple"",""client_auth_type"":""client_attestation"",""credential_format"":""mdoc"",""fapi_profile"":""vci_haip"",""fapi_request_method"":""unsigned"",""fapi_response_mode"":""plain_response"",""openid"":""plain_oauth"",""sender_constrain"":""dpop"",""vci_authorization_code_flow_variant"":""wallet_initiated"",""vci_credential_encryption"":""plain"",""vci_grant_type"":""authorization_code""}"
corrected-openid4vc,8abe4fe33891621ce2659f78d6bc2c224f042e17,dbd8b0647731dcf4fa3d725cd8269fc745f9e5ee,openid4vc-vci-haip-p035,g5eLOnDbDZbDM,YVO3ka077gd6WL2,fapi2-security-profile-final-par-authorization-request-containing-request_uri-form-param,True,FINISHED,PASSED,PASSED,"{""authorization_request_type"":""simple"",""client_auth_type"":""client_attestation"",""credential_format"":""mdoc"",""fapi_profile"":""vci_haip"",""fapi_request_method"":""unsigned"",""fapi_response_mode"":""plain_response"",""openid"":""plain_oauth"",""sender_constrain"":""dpop"",""vci_authorization_code_flow_variant"":""wallet_initiated"",""vci_credential_encryption"":""plain"",""vci_grant_type"":""authorization_code""}"
corrected-openid4vc,8abe4fe33891621ce2659f78d6bc2c224f042e17,dbd8b0647731dcf4fa3d725cd8269fc745f9e5ee,openid4vc-vci-haip-p035,g5eLOnDbDZbDM,nHhuy70xB1HEH0X,fapi2-security-profile-final-par-attempt-invalid-http-method,True,FINISHED,PASSED,PASSED,"{""authorization_request_type"":""simple"",""client_auth_type"":""client_attestation"",""credential_format"":""mdoc"",""fapi_profile"":""vci_haip"",""fapi_request_method"":""unsigned"",""fapi_response_mode"":""plain_response"",""openid"":""plain_oauth"",""sender_constrain"":""dpop"",""vci_authorization_code_flow_variant"":""wallet_initiated"",""vci_credential_encryption"":""plain"",""vci_grant_type"":""authorization_code""}"
corrected-openid4vc,8abe4fe33891621ce2659f78d6bc2c224f042e17,dbd8b0647731dcf4fa3d725cd8269fc745f9e5ee,openid4vc-vci-haip-p035,g5eLOnDbDZbDM,ogP9Od7AZNDGEOR,fapi2-security-profile-final-par-ensure-pkce-required,True,FINISHED,PASSED,PASSED,"{""authorization_request_type"":""simple"",""client_auth_type"":""client_attestation"",""credential_format"":""mdoc"",""fapi_profile"":""vci_haip"",""fapi_request_method"":""unsigned"",""fapi_response_mode"":""plain_response"",""openid"":""plain_oauth"",""sender_constrain"":""dpop"",""vci_authorization_code_flow_variant"":""wallet_initiated"",""vci_credential_encryption"":""plain"",""vci_grant_type"":""authorization_code""}"
corrected-openid4vc,8abe4fe33891621ce2659f78d6bc2c224f042e17,dbd8b0647731dcf4fa3d725cd8269fc745f9e5ee,openid4vc-vci-haip-p035,g5eLOnDbDZbDM,geExlzH3RtE6Ig8,fapi2-security-profile-final-ensure-pkce-code-verifier-required,True,FINISHED,PASSED,PASSED,"{""authorization_request_type"":""simple"",""client_auth_type"":""client_attestation"",""credential_format"":""mdoc"",""fapi_profile"":""vci_haip"",""fapi_request_method"":""unsigned"",""fapi_response_mode"":""plain_response"",""openid"":""plain_oauth"",""sender_constrain"":""dpop"",""vci_authorization_code_flow_variant"":""wallet_initiated"",""vci_credential_encryption"":""plain"",""vci_grant_type"":""authorization_code""}"
corrected-openid4vc,8abe4fe33891621ce2659f78d6bc2c224f042e17,dbd8b0647731dcf4fa3d725cd8269fc745f9e5ee,openid4vc-vci-haip-p035,g5eLOnDbDZbDM,L4EPCVR9adqVuYs,fapi2-security-profile-final-incorrect-pkce-code-verifier-rejected,True,FINISHED,PASSED,PASSED,"{""authorization_request_type"":""simple"",""client_auth_type"":""client_attestation"",""credential_format"":""mdoc"",""fapi_profile"":""vci_haip"",""fapi_request_method"":""unsigned"",""fapi_response_mode"":""plain_response"",""openid"":""plain_oauth"",""sender_constrain"":""dpop"",""vci_authorization_code_flow_variant"":""wallet_initiated"",""vci_credential_encryption"":""plain"",""vci_grant_type"":""authorization_code""}"
corrected-openid4vc,8abe4fe33891621ce2659f78d6bc2c224f042e17,dbd8b0647731dcf4fa3d725cd8269fc745f9e5ee,openid4vc-vci-haip-p035,g5eLOnDbDZbDM,5FAFowLCalJ1onp,fapi2-security-profile-final-par-plain-pkce-rejected,True,FINISHED,PASSED,PASSED,"{""authorization_request_type"":""simple"",""client_auth_type"":""client_attestation"",""credential_format"":""mdoc"",""fapi_profile"":""vci_haip"",""fapi_request_method"":""unsigned"",""fapi_response_mode"":""plain_response"",""openid"":""plain_oauth"",""sender_constrain"":""dpop"",""vci_authorization_code_flow_variant"":""wallet_initiated"",""vci_credential_encryption"":""plain"",""vci_grant_type"":""authorization_code""}"
corrected-openid4vc,8abe4fe33891621ce2659f78d6bc2c224f042e17,dbd8b0647731dcf4fa3d725cd8269fc745f9e5ee,openid4vc-vci-haip-p035,g5eLOnDbDZbDM,63hA76uouSvTFeJ,fapi2-security-profile-final-par-without-duplicate-parameters,True,FINISHED,PASSED,PASSED,"{""authorization_request_type"":""simple"",""client_auth_type"":""client_attestation"",""credential_format"":""mdoc"",""fapi_profile"":""vci_haip"",""fapi_request_method"":""unsigned"",""fapi_response_mode"":""plain_response"",""openid"":""plain_oauth"",""sender_constrain"":""dpop"",""vci_authorization_code_flow_variant"":""wallet_initiated"",""vci_credential_encryption"":""plain"",""vci_grant_type"":""authorization_code""}"
corrected-openid4vc,8abe4fe33891621ce2659f78d6bc2c224f042e17,dbd8b0647731dcf4fa3d725cd8269fc745f9e5ee,openid4vc-vci-haip-p036,Sh6WPhHiPNhoF,vH5EFUJS77ZCGOM,oid4vci-1_0-issuer-metadata-test,True,FINISHED,PASSED,PASSED,"{""client_auth_type"":""client_attestation"",""credential_format"":""sd_jwt_vc"",""fapi_profile"":""vci_haip"",""vci_authorization_code_flow_variant"":""issuer_initiated""}"
corrected-openid4vc,8abe4fe33891621ce2659f78d6bc2c224f042e17,dbd8b0647731dcf4fa3d725cd8269fc745f9e5ee,openid4vc-vci-haip-p036,Sh6WPhHiPNhoF,2IVz7ezCfyVsq8p,oid4vci-1_0-issuer-metadata-test-signed,True,FINISHED,PASSED,PASSED,"{""client_auth_type"":""client_attestation"",""credential_format"":""sd_jwt_vc"",""fapi_profile"":""vci_haip"",""vci_authorization_code_flow_variant"":""issuer_initiated""}"
corrected-openid4vc,8abe4fe33891621ce2659f78d6bc2c224f042e17,dbd8b0647731dcf4fa3d725cd8269fc745f9e5ee,openid4vc-vci-haip-p036,Sh6WPhHiPNhoF,ZQF0ecricoaCKQi,oid4vci-1_0-issuer-happy-flow,True,FINISHED,PASSED,PASSED,"{""authorization_request_type"":""simple"",""client_auth_type"":""client_attestation"",""credential_format"":""sd_jwt_vc"",""fapi_profile"":""vci_haip"",""fapi_request_method"":""unsigned"",""fapi_response_mode"":""plain_response"",""openid"":""plain_oauth"",""sender_constrain"":""dpop"",""vci_authorization_code_flow_variant"":""issuer_initiated"",""vci_credential_encryption"":""plain"",""vci_grant_type"":""authorization_code""}"
corrected-openid4vc,8abe4fe33891621ce2659f78d6bc2c224f042e17,dbd8b0647731dcf4fa3d725cd8269fc745f9e5ee,openid4vc-vci-haip-p036,Sh6WPhHiPNhoF,yript1f0s5vxnyN,oid4vci-1_0-issuer-happy-flow-additional-requests,True,FINISHED,PASSED,PASSED,"{""authorization_request_type"":""simple"",""client_auth_type"":""client_attestation"",""credential_format"":""sd_jwt_vc"",""fapi_profile"":""vci_haip"",""fapi_request_method"":""unsigned"",""fapi_response_mode"":""plain_response"",""openid"":""plain_oauth"",""sender_constrain"":""dpop"",""vci_authorization_code_flow_variant"":""issuer_initiated"",""vci_credential_encryption"":""plain"",""vci_grant_type"":""authorization_code""}"
corrected-openid4vc,8abe4fe33891621ce2659f78d6bc2c224f042e17,dbd8b0647731dcf4fa3d725cd8269fc745f9e5ee,openid4vc-vci-haip-p036,Sh6WPhHiPNhoF,6SYfUQMNRqjiCeW,oid4vci-1_0-issuer-happy-flow-multiple-clients,True,FINISHED,PASSED,PASSED,"{""authorization_request_type"":""simple"",""client_auth_type"":""client_attestation"",""credential_format"":""sd_jwt_vc"",""fapi_profile"":""vci_haip"",""fapi_request_method"":""unsigned"",""fapi_response_mode"":""plain_response"",""openid"":""plain_oauth"",""sender_constrain"":""dpop"",""vci_authorization_code_flow_variant"":""issuer_initiated"",""vci_credential_encryption"":""plain"",""vci_grant_type"":""authorization_code""}"
corrected-openid4vc,8abe4fe33891621ce2659f78d6bc2c224f042e17,dbd8b0647731dcf4fa3d725cd8269fc745f9e5ee,openid4vc-vci-haip-p036,Sh6WPhHiPNhoF,I0vJovVKANW9nCL,oid4vci-1_0-issuer-happy-flow-skip-notification,True,FINISHED,PASSED,PASSED,"{""authorization_request_type"":""simple"",""client_auth_type"":""client_attestation"",""credential_format"":""sd_jwt_vc"",""fapi_profile"":""vci_haip"",""fapi_request_method"":""unsigned"",""fapi_response_mode"":""plain_response"",""openid"":""plain_oauth"",""sender_constrain"":""dpop"",""vci_authorization_code_flow_variant"":""issuer_initiated"",""vci_credential_encryption"":""plain"",""vci_grant_type"":""authorization_code""}"
corrected-openid4vc,8abe4fe33891621ce2659f78d6bc2c224f042e17,dbd8b0647731dcf4fa3d725cd8269fc745f9e5ee,openid4vc-vci-haip-p036,Sh6WPhHiPNhoF,i0asvNynvZ4rZiV,oid4vci-1_0-issuer-batch-issuance,True,FINISHED,PASSED,PASSED,"{""authorization_request_type"":""simple"",""client_auth_type"":""client_attestation"",""credential_format"":""sd_jwt_vc"",""fapi_profile"":""vci_haip"",""fapi_request_method"":""unsigned"",""fapi_response_mode"":""plain_response"",""openid"":""plain_oauth"",""sender_constrain"":""dpop"",""vci_authorization_code_flow_variant"":""issuer_initiated"",""vci_credential_encryption"":""plain"",""vci_grant_type"":""authorization_code""}"
corrected-openid4vc,8abe4fe33891621ce2659f78d6bc2c224f042e17,dbd8b0647731dcf4fa3d725cd8269fc745f9e5ee,openid4vc-vci-haip-p036,Sh6WPhHiPNhoF,8dPdcOqkdhm7x7T,oid4vci-1_0-issuer-fail-invalid-nonce,True,FINISHED,PASSED,PASSED,"{""authorization_request_type"":""simple"",""client_auth_type"":""client_attestation"",""credential_format"":""sd_jwt_vc"",""fapi_profile"":""vci_haip"",""fapi_request_method"":""unsigned"",""fapi_response_mode"":""plain_response"",""openid"":""plain_oauth"",""sender_constrain"":""dpop"",""vci_authorization_code_flow_variant"":""issuer_initiated"",""vci_credential_encryption"":""plain"",""vci_grant_type"":""authorization_code""}"
corrected-openid4vc,8abe4fe33891621ce2659f78d6bc2c224f042e17,dbd8b0647731dcf4fa3d725cd8269fc745f9e5ee,openid4vc-vci-haip-p036,Sh6WPhHiPNhoF,2eAKzL5eOsbDVYg,oid4vci-1_0-issuer-fail-invalid-jwt-proof-signature,True,FINISHED,PASSED,PASSED,"{""authorization_request_type"":""simple"",""client_auth_type"":""client_attestation"",""credential_format"":""sd_jwt_vc"",""fapi_profile"":""vci_haip"",""fapi_request_method"":""unsigned"",""fapi_response_mode"":""plain_response"",""openid"":""plain_oauth"",""sender_constrain"":""dpop"",""vci_authorization_code_flow_variant"":""issuer_initiated"",""vci_credential_encryption"":""plain"",""vci_grant_type"":""authorization_code""}"
corrected-openid4vc,8abe4fe33891621ce2659f78d6bc2c224f042e17,dbd8b0647731dcf4fa3d725cd8269fc745f9e5ee,openid4vc-vci-haip-p036,Sh6WPhHiPNhoF,1k2ZeUfrVdEsHjf,oid4vci-1_0-issuer-fail-invalid-key-attestation-signature,True,FINISHED,PASSED,PASSED,"{""authorization_request_type"":""simple"",""client_auth_type"":""client_attestation"",""credential_format"":""sd_jwt_vc"",""fapi_profile"":""vci_haip"",""fapi_request_method"":""unsigned"",""fapi_response_mode"":""plain_response"",""openid"":""plain_oauth"",""sender_constrain"":""dpop"",""vci_authorization_code_flow_variant"":""issuer_initiated"",""vci_credential_encryption"":""plain"",""vci_grant_type"":""authorization_code""}"
corrected-openid4vc,8abe4fe33891621ce2659f78d6bc2c224f042e17,dbd8b0647731dcf4fa3d725cd8269fc745f9e5ee,openid4vc-vci-haip-p036,Sh6WPhHiPNhoF,45tRZCkOTq7wK9C,oid4vci-1_0-issuer-fail-invalid-client-attestation-signature,True,FINISHED,PASSED,PASSED,"{""authorization_request_type"":""simple"",""client_auth_type"":""client_attestation"",""credential_format"":""sd_jwt_vc"",""fapi_profile"":""vci_haip"",""fapi_request_method"":""unsigned"",""fapi_response_mode"":""plain_response"",""openid"":""plain_oauth"",""sender_constrain"":""dpop"",""vci_authorization_code_flow_variant"":""issuer_initiated"",""vci_credential_encryption"":""plain"",""vci_grant_type"":""authorization_code""}"
corrected-openid4vc,8abe4fe33891621ce2659f78d6bc2c224f042e17,dbd8b0647731dcf4fa3d725cd8269fc745f9e5ee,openid4vc-vci-haip-p036,Sh6WPhHiPNhoF,JZ3ws9WRnIrwS8L,oid4vci-1_0-issuer-fail-invalid-client-attestation-pop-signature,True,FINISHED,PASSED,PASSED,"{""authorization_request_type"":""simple"",""client_auth_type"":""client_attestation"",""credential_format"":""sd_jwt_vc"",""fapi_profile"":""vci_haip"",""fapi_request_method"":""unsigned"",""fapi_response_mode"":""plain_response"",""openid"":""plain_oauth"",""sender_constrain"":""dpop"",""vci_authorization_code_flow_variant"":""issuer_initiated"",""vci_credential_encryption"":""plain"",""vci_grant_type"":""authorization_code""}"
corrected-openid4vc,8abe4fe33891621ce2659f78d6bc2c224f042e17,dbd8b0647731dcf4fa3d725cd8269fc745f9e5ee,openid4vc-vci-haip-p036,Sh6WPhHiPNhoF,QjlafcIzy8ePnAg,oid4vci-1_0-issuer-fail-client-attestation-exp-in-past,True,FINISHED,PASSED,PASSED,"{""authorization_request_type"":""simple"",""client_auth_type"":""client_attestation"",""credential_format"":""sd_jwt_vc"",""fapi_profile"":""vci_haip"",""fapi_request_method"":""unsigned"",""fapi_response_mode"":""plain_response"",""openid"":""plain_oauth"",""sender_constrain"":""dpop"",""vci_authorization_code_flow_variant"":""issuer_initiated"",""vci_credential_encryption"":""plain"",""vci_grant_type"":""authorization_code""}"
corrected-openid4vc,8abe4fe33891621ce2659f78d6bc2c224f042e17,dbd8b0647731dcf4fa3d725cd8269fc745f9e5ee,openid4vc-vci-haip-p036,Sh6WPhHiPNhoF,4YCbIZvRa1gl27r,oid4vci-1_0-issuer-fail-client-attestation-no-sub,True,FINISHED,PASSED,PASSED,"{""authorization_request_type"":""simple"",""client_auth_type"":""client_attestation"",""credential_format"":""sd_jwt_vc"",""fapi_profile"":""vci_haip"",""fapi_request_method"":""unsigned"",""fapi_response_mode"":""plain_response"",""openid"":""plain_oauth"",""sender_constrain"":""dpop"",""vci_authorization_code_flow_variant"":""issuer_initiated"",""vci_credential_encryption"":""plain"",""vci_grant_type"":""authorization_code""}"
corrected-openid4vc,8abe4fe33891621ce2659f78d6bc2c224f042e17,dbd8b0647731dcf4fa3d725cd8269fc745f9e5ee,openid4vc-vci-haip-p036,Sh6WPhHiPNhoF,mFpZUQLKGybGVeN,oid4vci-1_0-issuer-fail-client-attestation-pop-wrong-aud,True,FINISHED,PASSED,PASSED,"{""authorization_request_type"":""simple"",""client_auth_type"":""client_attestation"",""credential_format"":""sd_jwt_vc"",""fapi_profile"":""vci_haip"",""fapi_request_method"":""unsigned"",""fapi_response_mode"":""plain_response"",""openid"":""plain_oauth"",""sender_constrain"":""dpop"",""vci_authorization_code_flow_variant"":""issuer_initiated"",""vci_credential_encryption"":""plain"",""vci_grant_type"":""authorization_code""}"
corrected-openid4vc,8abe4fe33891621ce2659f78d6bc2c224f042e17,dbd8b0647731dcf4fa3d725cd8269fc745f9e5ee,openid4vc-vci-haip-p036,Sh6WPhHiPNhoF,Ey0DGxrkAadWjZf,oid4vci-1_0-issuer-fail-mismatched-client-attestation-pop-key,True,FINISHED,PASSED,PASSED,"{""authorization_request_type"":""simple"",""client_auth_type"":""client_attestation"",""credential_format"":""sd_jwt_vc"",""fapi_profile"":""vci_haip"",""fapi_request_method"":""unsigned"",""fapi_response_mode"":""plain_response"",""openid"":""plain_oauth"",""sender_constrain"":""dpop"",""vci_authorization_code_flow_variant"":""issuer_initiated"",""vci_credential_encryption"":""plain"",""vci_grant_type"":""authorization_code""}"
corrected-openid4vc,8abe4fe33891621ce2659f78d6bc2c224f042e17,dbd8b0647731dcf4fa3d725cd8269fc745f9e5ee,openid4vc-vci-haip-p036,Sh6WPhHiPNhoF,VnJDcrg5W8gBY2N,oid4vci-1_0-issuer-fail-missing-proof,True,FINISHED,PASSED,PASSED,"{""authorization_request_type"":""simple"",""client_auth_type"":""client_attestation"",""credential_format"":""sd_jwt_vc"",""fapi_profile"":""vci_haip"",""fapi_request_method"":""unsigned"",""fapi_response_mode"":""plain_response"",""openid"":""plain_oauth"",""sender_constrain"":""dpop"",""vci_authorization_code_flow_variant"":""issuer_initiated"",""vci_credential_encryption"":""plain"",""vci_grant_type"":""authorization_code""}"
corrected-openid4vc,8abe4fe33891621ce2659f78d6bc2c224f042e17,dbd8b0647731dcf4fa3d725cd8269fc745f9e5ee,openid4vc-vci-haip-p036,Sh6WPhHiPNhoF,oamkXVV1RCjNcJH,oid4vci-1_0-issuer-fail-unknown-credential-configuration,True,FINISHED,PASSED,PASSED,"{""authorization_request_type"":""simple"",""client_auth_type"":""client_attestation"",""credential_format"":""sd_jwt_vc"",""fapi_profile"":""vci_haip"",""fapi_request_method"":""unsigned"",""fapi_response_mode"":""plain_response"",""openid"":""plain_oauth"",""sender_constrain"":""dpop"",""vci_authorization_code_flow_variant"":""issuer_initiated"",""vci_credential_encryption"":""plain"",""vci_grant_type"":""authorization_code""}"
corrected-openid4vc,8abe4fe33891621ce2659f78d6bc2c224f042e17,dbd8b0647731dcf4fa3d725cd8269fc745f9e5ee,openid4vc-vci-haip-p036,Sh6WPhHiPNhoF,QNocNeRiSH7wkZ9,oid4vci-1_0-issuer-fail-unknown-credential-identifier,True,FINISHED,PASSED,PASSED,"{""authorization_request_type"":""simple"",""client_auth_type"":""client_attestation"",""credential_format"":""sd_jwt_vc"",""fapi_profile"":""vci_haip"",""fapi_request_method"":""unsigned"",""fapi_response_mode"":""plain_response"",""openid"":""plain_oauth"",""sender_constrain"":""dpop"",""vci_authorization_code_flow_variant"":""issuer_initiated"",""vci_credential_encryption"":""plain"",""vci_grant_type"":""authorization_code""}"
corrected-openid4vc,8abe4fe33891621ce2659f78d6bc2c224f042e17,dbd8b0647731dcf4fa3d725cd8269fc745f9e5ee,openid4vc-vci-haip-p036,Sh6WPhHiPNhoF,uP3cjsy7ue9OAve,oid4vci-1_0-issuer-fail-on-access-token-in-query,True,FINISHED,PASSED,PASSED,"{""authorization_request_type"":""simple"",""client_auth_type"":""client_attestation"",""credential_format"":""sd_jwt_vc"",""fapi_profile"":""vci_haip"",""fapi_request_method"":""unsigned"",""fapi_response_mode"":""plain_response"",""openid"":""plain_oauth"",""sender_constrain"":""dpop"",""vci_authorization_code_flow_variant"":""issuer_initiated"",""vci_credential_encryption"":""plain"",""vci_grant_type"":""authorization_code""}"
corrected-openid4vc,8abe4fe33891621ce2659f78d6bc2c224f042e17,dbd8b0647731dcf4fa3d725cd8269fc745f9e5ee,openid4vc-vci-haip-p036,Sh6WPhHiPNhoF,Uw2sA3oRgagUbG1,oid4vci-1_0-issuer-happy-flow,True,FINISHED,PASSED,PASSED,"{""authorization_request_type"":""simple"",""client_auth_type"":""client_attestation"",""credential_format"":""sd_jwt_vc"",""fapi_profile"":""vci_haip"",""fapi_request_method"":""unsigned"",""fapi_response_mode"":""plain_response"",""openid"":""plain_oauth"",""sender_constrain"":""dpop"",""vci_authorization_code_flow_variant"":""issuer_initiated"",""vci_credential_encryption"":""encrypted"",""vci_grant_type"":""authorization_code""}"
corrected-openid4vc,8abe4fe33891621ce2659f78d6bc2c224f042e17,dbd8b0647731dcf4fa3d725cd8269fc745f9e5ee,openid4vc-vci-haip-p036,Sh6WPhHiPNhoF,zTisvF9rIkBuprR,oid4vci-1_0-issuer-fail-unknown-credential-configuration,True,FINISHED,PASSED,PASSED,"{""authorization_request_type"":""simple"",""client_auth_type"":""client_attestation"",""credential_format"":""sd_jwt_vc"",""fapi_profile"":""vci_haip"",""fapi_request_method"":""unsigned"",""fapi_response_mode"":""plain_response"",""openid"":""plain_oauth"",""sender_constrain"":""dpop"",""vci_authorization_code_flow_variant"":""issuer_initiated"",""vci_credential_encryption"":""encrypted"",""vci_grant_type"":""authorization_code""}"
corrected-openid4vc,8abe4fe33891621ce2659f78d6bc2c224f042e17,dbd8b0647731dcf4fa3d725cd8269fc745f9e5ee,openid4vc-vci-haip-p036,Sh6WPhHiPNhoF,nL7Ekc85R3zC1SC,oid4vci-1_0-issuer-fail-unsupported-encryption-algorithm,True,FINISHED,PASSED,PASSED,"{""authorization_request_type"":""simple"",""client_auth_type"":""client_attestation"",""credential_format"":""sd_jwt_vc"",""fapi_profile"":""vci_haip"",""fapi_request_method"":""unsigned"",""fapi_response_mode"":""plain_response"",""openid"":""plain_oauth"",""sender_constrain"":""dpop"",""vci_authorization_code_flow_variant"":""issuer_initiated"",""vci_credential_encryption"":""encrypted"",""vci_grant_type"":""authorization_code""}"
corrected-openid4vc,8abe4fe33891621ce2659f78d6bc2c224f042e17,dbd8b0647731dcf4fa3d725cd8269fc745f9e5ee,openid4vc-vci-haip-p036,Sh6WPhHiPNhoF,ZFbjZ1mrJdNJ2fF,fapi2-security-profile-final-discovery-end-point-verification,True,FINISHED,PASSED,PASSED,"{""authorization_request_type"":""simple"",""client_auth_type"":""client_attestation"",""credential_format"":""sd_jwt_vc"",""fapi_profile"":""vci_haip"",""fapi_request_method"":""unsigned"",""fapi_response_mode"":""plain_response"",""openid"":""plain_oauth"",""sender_constrain"":""dpop"",""vci_authorization_code_flow_variant"":""issuer_initiated""}"
corrected-openid4vc,8abe4fe33891621ce2659f78d6bc2c224f042e17,dbd8b0647731dcf4fa3d725cd8269fc745f9e5ee,openid4vc-vci-haip-p036,Sh6WPhHiPNhoF,z7OOHT87PAlHmnO,fapi2-security-profile-final-happy-flow,True,FINISHED,WARNING,WARNING,"{""authorization_request_type"":""simple"",""client_auth_type"":""client_attestation"",""credential_format"":""sd_jwt_vc"",""fapi_profile"":""vci_haip"",""fapi_request_method"":""unsigned"",""fapi_response_mode"":""plain_response"",""openid"":""plain_oauth"",""sender_constrain"":""dpop"",""vci_authorization_code_flow_variant"":""issuer_initiated"",""vci_credential_encryption"":""plain"",""vci_grant_type"":""authorization_code""}"
corrected-openid4vc,8abe4fe33891621ce2659f78d6bc2c224f042e17,dbd8b0647731dcf4fa3d725cd8269fc745f9e5ee,openid4vc-vci-haip-p036,Sh6WPhHiPNhoF,26Mgw2QAqibd6Ns,fapi2-security-profile-final-user-rejects-authentication,True,FINISHED,PASSED,PASSED,"{""authorization_request_type"":""simple"",""client_auth_type"":""client_attestation"",""credential_format"":""sd_jwt_vc"",""fapi_profile"":""vci_haip"",""fapi_request_method"":""unsigned"",""fapi_response_mode"":""plain_response"",""openid"":""plain_oauth"",""sender_constrain"":""dpop"",""vci_authorization_code_flow_variant"":""issuer_initiated"",""vci_credential_encryption"":""plain"",""vci_grant_type"":""authorization_code""}"
corrected-openid4vc,8abe4fe33891621ce2659f78d6bc2c224f042e17,dbd8b0647731dcf4fa3d725cd8269fc745f9e5ee,openid4vc-vci-haip-p036,Sh6WPhHiPNhoF,2l4yWMms7G1WX1w,fapi2-security-profile-final-ensure-authorization-request-without-state-success,True,FINISHED,PASSED,PASSED,"{""authorization_request_type"":""simple"",""client_auth_type"":""client_attestation"",""credential_format"":""sd_jwt_vc"",""fapi_profile"":""vci_haip"",""fapi_request_method"":""unsigned"",""fapi_response_mode"":""plain_response"",""openid"":""plain_oauth"",""sender_constrain"":""dpop"",""vci_authorization_code_flow_variant"":""issuer_initiated"",""vci_credential_encryption"":""plain"",""vci_grant_type"":""authorization_code""}"
corrected-openid4vc,8abe4fe33891621ce2659f78d6bc2c224f042e17,dbd8b0647731dcf4fa3d725cd8269fc745f9e5ee,openid4vc-vci-haip-p036,Sh6WPhHiPNhoF,CZSw9eOlNODZBnS,fapi2-security-profile-final-access-token-type-header-case-sensitivity,True,FINISHED,PASSED,PASSED,"{""authorization_request_type"":""simple"",""client_auth_type"":""client_attestation"",""credential_format"":""sd_jwt_vc"",""fapi_profile"":""vci_haip"",""fapi_request_method"":""unsigned"",""fapi_response_mode"":""plain_response"",""openid"":""plain_oauth"",""sender_constrain"":""dpop"",""vci_authorization_code_flow_variant"":""issuer_initiated"",""vci_credential_encryption"":""plain"",""vci_grant_type"":""authorization_code""}"
corrected-openid4vc,8abe4fe33891621ce2659f78d6bc2c224f042e17,dbd8b0647731dcf4fa3d725cd8269fc745f9e5ee,openid4vc-vci-haip-p036,Sh6WPhHiPNhoF,D4IGFT29AAbdqvG,fapi2-security-profile-final-check-dpop-proof-nbf-exp,True,FINISHED,PASSED,PASSED,"{""authorization_request_type"":""simple"",""client_auth_type"":""client_attestation"",""credential_format"":""sd_jwt_vc"",""fapi_profile"":""vci_haip"",""fapi_request_method"":""unsigned"",""fapi_response_mode"":""plain_response"",""openid"":""plain_oauth"",""sender_constrain"":""dpop"",""vci_authorization_code_flow_variant"":""issuer_initiated"",""vci_credential_encryption"":""plain"",""vci_grant_type"":""authorization_code""}"
corrected-openid4vc,8abe4fe33891621ce2659f78d6bc2c224f042e17,dbd8b0647731dcf4fa3d725cd8269fc745f9e5ee,openid4vc-vci-haip-p036,Sh6WPhHiPNhoF,SQaDV0B8a0VoiXs,fapi2-security-profile-final-ensure-dpopproof-with-iat-10seconds-before-succeeds,True,FINISHED,PASSED,PASSED,"{""authorization_request_type"":""simple"",""client_auth_type"":""client_attestation"",""credential_format"":""sd_jwt_vc"",""fapi_profile"":""vci_haip"",""fapi_request_method"":""unsigned"",""fapi_response_mode"":""plain_response"",""openid"":""plain_oauth"",""sender_constrain"":""dpop"",""vci_authorization_code_flow_variant"":""issuer_initiated"",""vci_credential_encryption"":""plain"",""vci_grant_type"":""authorization_code""}"
corrected-openid4vc,8abe4fe33891621ce2659f78d6bc2c224f042e17,dbd8b0647731dcf4fa3d725cd8269fc745f9e5ee,openid4vc-vci-haip-p036,Sh6WPhHiPNhoF,cKBBVFppSNhmQFf,fapi2-security-profile-final-ensure-dpopproof-with-iat-10seconds-after-succeeds,True,FINISHED,PASSED,PASSED,"{""authorization_request_type"":""simple"",""client_auth_type"":""client_attestation"",""credential_format"":""sd_jwt_vc"",""fapi_profile"":""vci_haip"",""fapi_request_method"":""unsigned"",""fapi_response_mode"":""plain_response"",""openid"":""plain_oauth"",""sender_constrain"":""dpop"",""vci_authorization_code_flow_variant"":""issuer_initiated"",""vci_credential_encryption"":""plain"",""vci_grant_type"":""authorization_code""}"
corrected-openid4vc,8abe4fe33891621ce2659f78d6bc2c224f042e17,dbd8b0647731dcf4fa3d725cd8269fc745f9e5ee,openid4vc-vci-haip-p036,Sh6WPhHiPNhoF,ZgJc06HtE9geYbk,fapi2-security-profile-final-ensure-mismatched-dpop-jkt-fails,True,FINISHED,PASSED,PASSED,"{""authorization_request_type"":""simple"",""client_auth_type"":""client_attestation"",""credential_format"":""sd_jwt_vc"",""fapi_profile"":""vci_haip"",""fapi_request_method"":""unsigned"",""fapi_response_mode"":""plain_response"",""openid"":""plain_oauth"",""sender_constrain"":""dpop"",""vci_authorization_code_flow_variant"":""issuer_initiated"",""vci_credential_encryption"":""plain"",""vci_grant_type"":""authorization_code""}"
corrected-openid4vc,8abe4fe33891621ce2659f78d6bc2c224f042e17,dbd8b0647731dcf4fa3d725cd8269fc745f9e5ee,openid4vc-vci-haip-p036,Sh6WPhHiPNhoF,dKINuKsl45i3SWx,fapi2-security-profile-final-ensure-token-endpoint-fails-with-mismatched-dpop-proof-jkt,True,FINISHED,PASSED,PASSED,"{""authorization_request_type"":""simple"",""client_auth_type"":""client_attestation"",""credential_format"":""sd_jwt_vc"",""fapi_profile"":""vci_haip"",""fapi_request_method"":""unsigned"",""fapi_response_mode"":""plain_response"",""openid"":""plain_oauth"",""sender_constrain"":""dpop"",""vci_authorization_code_flow_variant"":""issuer_initiated"",""vci_credential_encryption"":""plain"",""vci_grant_type"":""authorization_code""}"
corrected-openid4vc,8abe4fe33891621ce2659f78d6bc2c224f042e17,dbd8b0647731dcf4fa3d725cd8269fc745f9e5ee,openid4vc-vci-haip-p036,Sh6WPhHiPNhoF,gK0544WL2V2xGHl,fapi2-security-profile-final-ensure-token-endpoint-fails-with-mismatched-dpop-jkt,True,FINISHED,PASSED,PASSED,"{""authorization_request_type"":""simple"",""client_auth_type"":""client_attestation"",""credential_format"":""sd_jwt_vc"",""fapi_profile"":""vci_haip"",""fapi_request_method"":""unsigned"",""fapi_response_mode"":""plain_response"",""openid"":""plain_oauth"",""sender_constrain"":""dpop"",""vci_authorization_code_flow_variant"":""issuer_initiated"",""vci_credential_encryption"":""plain"",""vci_grant_type"":""authorization_code""}"
corrected-openid4vc,8abe4fe33891621ce2659f78d6bc2c224f042e17,dbd8b0647731dcf4fa3d725cd8269fc745f9e5ee,openid4vc-vci-haip-p036,Sh6WPhHiPNhoF,LyCMFaKfXbkCHnN,fapi2-security-profile-final-ensure-dpopproof-at-par-endpoint-binding-success,True,FINISHED,PASSED,PASSED,"{""authorization_request_type"":""simple"",""client_auth_type"":""client_attestation"",""credential_format"":""sd_jwt_vc"",""fapi_profile"":""vci_haip"",""fapi_request_method"":""unsigned"",""fapi_response_mode"":""plain_response"",""openid"":""plain_oauth"",""sender_constrain"":""dpop"",""vci_authorization_code_flow_variant"":""issuer_initiated"",""vci_credential_encryption"":""plain"",""vci_grant_type"":""authorization_code""}"
corrected-openid4vc,8abe4fe33891621ce2659f78d6bc2c224f042e17,dbd8b0647731dcf4fa3d725cd8269fc745f9e5ee,openid4vc-vci-haip-p036,Sh6WPhHiPNhoF,vMiz6J292VbxaHZ,fapi2-security-profile-final-ensure-dpop-auth-code-binding-success,True,FINISHED,PASSED,PASSED,"{""authorization_request_type"":""simple"",""client_auth_type"":""client_attestation"",""credential_format"":""sd_jwt_vc"",""fapi_profile"":""vci_haip"",""fapi_request_method"":""unsigned"",""fapi_response_mode"":""plain_response"",""openid"":""plain_oauth"",""sender_constrain"":""dpop"",""vci_authorization_code_flow_variant"":""issuer_initiated"",""vci_credential_encryption"":""plain"",""vci_grant_type"":""authorization_code""}"
corrected-openid4vc,8abe4fe33891621ce2659f78d6bc2c224f042e17,dbd8b0647731dcf4fa3d725cd8269fc745f9e5ee,openid4vc-vci-haip-p036,Sh6WPhHiPNhoF,hBMbREqYimwyKxT,fapi2-security-profile-final-ensure-different-state-inside-and-outside-request-object,True,FINISHED,PASSED,PASSED,"{""authorization_request_type"":""simple"",""client_auth_type"":""client_attestation"",""credential_format"":""sd_jwt_vc"",""fapi_profile"":""vci_haip"",""fapi_request_method"":""unsigned"",""fapi_response_mode"":""plain_response"",""openid"":""plain_oauth"",""sender_constrain"":""dpop"",""vci_authorization_code_flow_variant"":""issuer_initiated"",""vci_credential_encryption"":""plain"",""vci_grant_type"":""authorization_code""}"
corrected-openid4vc,8abe4fe33891621ce2659f78d6bc2c224f042e17,dbd8b0647731dcf4fa3d725cd8269fc745f9e5ee,openid4vc-vci-haip-p036,Sh6WPhHiPNhoF,UNOGpFvzmLP0wm3,fapi2-security-profile-final-ensure-authorization-request-with-long-state,True,FINISHED,PASSED,PASSED,"{""authorization_request_type"":""simple"",""client_auth_type"":""client_attestation"",""credential_format"":""sd_jwt_vc"",""fapi_profile"":""vci_haip"",""fapi_request_method"":""unsigned"",""fapi_response_mode"":""plain_response"",""openid"":""plain_oauth"",""sender_constrain"":""dpop"",""vci_authorization_code_flow_variant"":""issuer_initiated"",""vci_credential_encryption"":""plain"",""vci_grant_type"":""authorization_code""}"
corrected-openid4vc,8abe4fe33891621ce2659f78d6bc2c224f042e17,dbd8b0647731dcf4fa3d725cd8269fc745f9e5ee,openid4vc-vci-haip-p036,Sh6WPhHiPNhoF,zSmhTb6JJFgCMT1,fapi2-security-profile-final-state-only-outside-request-object-not-used,True,FINISHED,PASSED,PASSED,"{""authorization_request_type"":""simple"",""client_auth_type"":""client_attestation"",""credential_format"":""sd_jwt_vc"",""fapi_profile"":""vci_haip"",""fapi_request_method"":""unsigned"",""fapi_response_mode"":""plain_response"",""openid"":""plain_oauth"",""sender_constrain"":""dpop"",""vci_authorization_code_flow_variant"":""issuer_initiated"",""vci_credential_encryption"":""plain"",""vci_grant_type"":""authorization_code""}"
corrected-openid4vc,8abe4fe33891621ce2659f78d6bc2c224f042e17,dbd8b0647731dcf4fa3d725cd8269fc745f9e5ee,openid4vc-vci-haip-p036,Sh6WPhHiPNhoF,ilT5BLEfrsJqCoU,fapi2-security-profile-final-ensure-request-object-without-redirect-uri-fails,True,FINISHED,PASSED,PASSED,"{""authorization_request_type"":""simple"",""client_auth_type"":""client_attestation"",""credential_format"":""sd_jwt_vc"",""fapi_profile"":""vci_haip"",""fapi_request_method"":""unsigned"",""fapi_response_mode"":""plain_response"",""openid"":""plain_oauth"",""sender_constrain"":""dpop"",""vci_authorization_code_flow_variant"":""issuer_initiated"",""vci_credential_encryption"":""plain"",""vci_grant_type"":""authorization_code""}"
corrected-openid4vc,8abe4fe33891621ce2659f78d6bc2c224f042e17,dbd8b0647731dcf4fa3d725cd8269fc745f9e5ee,openid4vc-vci-haip-p036,Sh6WPhHiPNhoF,XQzGaNdIjhC99zI,fapi2-security-profile-final-plain-fapi-tolerate-unregistered-redirect-uri,True,FINISHED,PASSED,PASSED,"{""authorization_request_type"":""simple"",""client_auth_type"":""client_attestation"",""credential_format"":""sd_jwt_vc"",""fapi_profile"":""vci_haip"",""fapi_request_method"":""unsigned"",""fapi_response_mode"":""plain_response"",""openid"":""plain_oauth"",""sender_constrain"":""dpop"",""vci_authorization_code_flow_variant"":""issuer_initiated"",""vci_credential_encryption"":""plain"",""vci_grant_type"":""authorization_code""}"
corrected-openid4vc,8abe4fe33891621ce2659f78d6bc2c224f042e17,dbd8b0647731dcf4fa3d725cd8269fc745f9e5ee,openid4vc-vci-haip-p036,Sh6WPhHiPNhoF,bQMwNy741rCClKU,fapi2-security-profile-final-ensure-unsigned-authorization-request-without-using-par-fails,True,FINISHED,PASSED,PASSED,"{""authorization_request_type"":""simple"",""client_auth_type"":""client_attestation"",""credential_format"":""sd_jwt_vc"",""fapi_profile"":""vci_haip"",""fapi_request_method"":""unsigned"",""fapi_response_mode"":""plain_response"",""openid"":""plain_oauth"",""sender_constrain"":""dpop"",""vci_authorization_code_flow_variant"":""issuer_initiated"",""vci_credential_encryption"":""plain"",""vci_grant_type"":""authorization_code""}"
corrected-openid4vc,8abe4fe33891621ce2659f78d6bc2c224f042e17,dbd8b0647731dcf4fa3d725cd8269fc745f9e5ee,openid4vc-vci-haip-p036,Sh6WPhHiPNhoF,HVy4Kt6bsnO3Bbh,fapi2-security-profile-final-ensure-redirect-uri-in-authorization-request,True,FINISHED,PASSED,PASSED,"{""authorization_request_type"":""simple"",""client_auth_type"":""client_attestation"",""credential_format"":""sd_jwt_vc"",""fapi_profile"":""vci_haip"",""fapi_request_method"":""unsigned"",""fapi_response_mode"":""plain_response"",""openid"":""plain_oauth"",""sender_constrain"":""dpop"",""vci_authorization_code_flow_variant"":""issuer_initiated"",""vci_credential_encryption"":""plain"",""vci_grant_type"":""authorization_code""}"
corrected-openid4vc,8abe4fe33891621ce2659f78d6bc2c224f042e17,dbd8b0647731dcf4fa3d725cd8269fc745f9e5ee,openid4vc-vci-haip-p036,Sh6WPhHiPNhoF,PDyWpOqn1P5ZnRG,fapi2-security-profile-final-ensure-response-type-code-idtoken-fails,True,FINISHED,PASSED,PASSED,"{""authorization_request_type"":""simple"",""client_auth_type"":""client_attestation"",""credential_format"":""sd_jwt_vc"",""fapi_profile"":""vci_haip"",""fapi_request_method"":""unsigned"",""fapi_response_mode"":""plain_response"",""openid"":""plain_oauth"",""sender_constrain"":""dpop"",""vci_authorization_code_flow_variant"":""issuer_initiated"",""vci_credential_encryption"":""plain"",""vci_grant_type"":""authorization_code""}"
corrected-openid4vc,8abe4fe33891621ce2659f78d6bc2c224f042e17,dbd8b0647731dcf4fa3d725cd8269fc745f9e5ee,openid4vc-vci-haip-p036,Sh6WPhHiPNhoF,NzQG9ZBqYQgXcyF,fapi2-security-profile-final-ensure-response-type-token-fails,True,FINISHED,PASSED,PASSED,"{""authorization_request_type"":""simple"",""client_auth_type"":""client_attestation"",""credential_format"":""sd_jwt_vc"",""fapi_profile"":""vci_haip"",""fapi_request_method"":""unsigned"",""fapi_response_mode"":""plain_response"",""openid"":""plain_oauth"",""sender_constrain"":""dpop"",""vci_authorization_code_flow_variant"":""issuer_initiated"",""vci_credential_encryption"":""plain"",""vci_grant_type"":""authorization_code""}"
corrected-openid4vc,8abe4fe33891621ce2659f78d6bc2c224f042e17,dbd8b0647731dcf4fa3d725cd8269fc745f9e5ee,openid4vc-vci-haip-p036,Sh6WPhHiPNhoF,06qdVK6zi87bykT,fapi2-security-profile-final-ensure-client-id-in-token-endpoint,True,FINISHED,PASSED,PASSED,"{""authorization_request_type"":""simple"",""client_auth_type"":""client_attestation"",""credential_format"":""sd_jwt_vc"",""fapi_profile"":""vci_haip"",""fapi_request_method"":""unsigned"",""fapi_response_mode"":""plain_response"",""openid"":""plain_oauth"",""sender_constrain"":""dpop"",""vci_authorization_code_flow_variant"":""issuer_initiated"",""vci_credential_encryption"":""plain"",""vci_grant_type"":""authorization_code""}"
corrected-openid4vc,8abe4fe33891621ce2659f78d6bc2c224f042e17,dbd8b0647731dcf4fa3d725cd8269fc745f9e5ee,openid4vc-vci-haip-p036,Sh6WPhHiPNhoF,OCh0DakMMTdpjrT,fapi2-security-profile-final-ensure-holder-of-key-required,True,FINISHED,PASSED,PASSED,"{""authorization_request_type"":""simple"",""client_auth_type"":""client_attestation"",""credential_format"":""sd_jwt_vc"",""fapi_profile"":""vci_haip"",""fapi_request_method"":""unsigned"",""fapi_response_mode"":""plain_response"",""openid"":""plain_oauth"",""sender_constrain"":""dpop"",""vci_authorization_code_flow_variant"":""issuer_initiated"",""vci_credential_encryption"":""plain"",""vci_grant_type"":""authorization_code""}"
corrected-openid4vc,8abe4fe33891621ce2659f78d6bc2c224f042e17,dbd8b0647731dcf4fa3d725cd8269fc745f9e5ee,openid4vc-vci-haip-p036,Sh6WPhHiPNhoF,DGYo9YkoHENs919,fapi2-security-profile-final-ensure-authorization-code-is-bound-to-client,True,FINISHED,PASSED,PASSED,"{""authorization_request_type"":""simple"",""client_auth_type"":""client_attestation"",""credential_format"":""sd_jwt_vc"",""fapi_profile"":""vci_haip"",""fapi_request_method"":""unsigned"",""fapi_response_mode"":""plain_response"",""openid"":""plain_oauth"",""sender_constrain"":""dpop"",""vci_authorization_code_flow_variant"":""issuer_initiated"",""vci_credential_encryption"":""plain"",""vci_grant_type"":""authorization_code""}"
corrected-openid4vc,8abe4fe33891621ce2659f78d6bc2c224f042e17,dbd8b0647731dcf4fa3d725cd8269fc745f9e5ee,openid4vc-vci-haip-p036,Sh6WPhHiPNhoF,AjOHt6zn4HtLWs5,fapi2-security-profile-final-attempt-reuse-authorization-code-after-one-second,True,FINISHED,PASSED,PASSED,"{""authorization_request_type"":""simple"",""client_auth_type"":""client_attestation"",""credential_format"":""sd_jwt_vc"",""fapi_profile"":""vci_haip"",""fapi_request_method"":""unsigned"",""fapi_response_mode"":""plain_response"",""openid"":""plain_oauth"",""sender_constrain"":""dpop"",""vci_authorization_code_flow_variant"":""issuer_initiated"",""vci_credential_encryption"":""plain"",""vci_grant_type"":""authorization_code""}"
corrected-openid4vc,8abe4fe33891621ce2659f78d6bc2c224f042e17,dbd8b0647731dcf4fa3d725cd8269fc745f9e5ee,openid4vc-vci-haip-p036,Sh6WPhHiPNhoF,RUtPAdvh7zFTmOR,fapi2-security-profile-final-ensure-token-endpoint-fails-with-expired-auth-code,True,FINISHED,PASSED,PASSED,"{""authorization_request_type"":""simple"",""client_auth_type"":""client_attestation"",""credential_format"":""sd_jwt_vc"",""fapi_profile"":""vci_haip"",""fapi_request_method"":""unsigned"",""fapi_response_mode"":""plain_response"",""openid"":""plain_oauth"",""sender_constrain"":""dpop"",""vci_authorization_code_flow_variant"":""issuer_initiated"",""vci_credential_encryption"":""plain"",""vci_grant_type"":""authorization_code""}"
corrected-openid4vc,8abe4fe33891621ce2659f78d6bc2c224f042e17,dbd8b0647731dcf4fa3d725cd8269fc745f9e5ee,openid4vc-vci-haip-p036,Sh6WPhHiPNhoF,ZqdOyg431qlY5ia,fapi2-security-profile-final-dpop-negative-tests,True,FINISHED,PASSED,PASSED,"{""authorization_request_type"":""simple"",""client_auth_type"":""client_attestation"",""credential_format"":""sd_jwt_vc"",""fapi_profile"":""vci_haip"",""fapi_request_method"":""unsigned"",""fapi_response_mode"":""plain_response"",""openid"":""plain_oauth"",""sender_constrain"":""dpop"",""vci_authorization_code_flow_variant"":""issuer_initiated"",""vci_credential_encryption"":""plain"",""vci_grant_type"":""authorization_code""}"
corrected-openid4vc,8abe4fe33891621ce2659f78d6bc2c224f042e17,dbd8b0647731dcf4fa3d725cd8269fc745f9e5ee,openid4vc-vci-haip-p036,Sh6WPhHiPNhoF,FkrZl439tAkgfHB,fapi2-security-profile-final-refresh-token,True,FINISHED,PASSED,PASSED,"{""authorization_request_type"":""simple"",""client_auth_type"":""client_attestation"",""credential_format"":""sd_jwt_vc"",""fapi_profile"":""vci_haip"",""fapi_request_method"":""unsigned"",""fapi_response_mode"":""plain_response"",""openid"":""plain_oauth"",""sender_constrain"":""dpop"",""vci_authorization_code_flow_variant"":""issuer_initiated"",""vci_credential_encryption"":""plain"",""vci_grant_type"":""authorization_code""}"
corrected-openid4vc,8abe4fe33891621ce2659f78d6bc2c224f042e17,dbd8b0647731dcf4fa3d725cd8269fc745f9e5ee,openid4vc-vci-haip-p036,Sh6WPhHiPNhoF,O4RiLuQtdO93bOu,fapi2-security-profile-final-par-ensure-reused-request-uri-prior-to-auth-completion-succeeds,True,FINISHED,PASSED,PASSED,"{""authorization_request_type"":""simple"",""client_auth_type"":""client_attestation"",""credential_format"":""sd_jwt_vc"",""fapi_profile"":""vci_haip"",""fapi_request_method"":""unsigned"",""fapi_response_mode"":""plain_response"",""openid"":""plain_oauth"",""sender_constrain"":""dpop"",""vci_authorization_code_flow_variant"":""issuer_initiated"",""vci_credential_encryption"":""plain"",""vci_grant_type"":""authorization_code""}"
corrected-openid4vc,8abe4fe33891621ce2659f78d6bc2c224f042e17,dbd8b0647731dcf4fa3d725cd8269fc745f9e5ee,openid4vc-vci-haip-p036,Sh6WPhHiPNhoF,wZCM6jRe4HEXDFg,fapi2-security-profile-final-par-attempt-reuse-request_uri,True,FINISHED,PASSED,PASSED,"{""authorization_request_type"":""simple"",""client_auth_type"":""client_attestation"",""credential_format"":""sd_jwt_vc"",""fapi_profile"":""vci_haip"",""fapi_request_method"":""unsigned"",""fapi_response_mode"":""plain_response"",""openid"":""plain_oauth"",""sender_constrain"":""dpop"",""vci_authorization_code_flow_variant"":""issuer_initiated"",""vci_credential_encryption"":""plain"",""vci_grant_type"":""authorization_code""}"
corrected-openid4vc,8abe4fe33891621ce2659f78d6bc2c224f042e17,dbd8b0647731dcf4fa3d725cd8269fc745f9e5ee,openid4vc-vci-haip-p036,Sh6WPhHiPNhoF,QIiGioX0NfVyTE9,fapi2-security-profile-final-par-attempt-to-use-expired-request_uri,True,FINISHED,PASSED,PASSED,"{""authorization_request_type"":""simple"",""client_auth_type"":""client_attestation"",""credential_format"":""sd_jwt_vc"",""fapi_profile"":""vci_haip"",""fapi_request_method"":""unsigned"",""fapi_response_mode"":""plain_response"",""openid"":""plain_oauth"",""sender_constrain"":""dpop"",""vci_authorization_code_flow_variant"":""issuer_initiated"",""vci_credential_encryption"":""plain"",""vci_grant_type"":""authorization_code""}"
corrected-openid4vc,8abe4fe33891621ce2659f78d6bc2c224f042e17,dbd8b0647731dcf4fa3d725cd8269fc745f9e5ee,openid4vc-vci-haip-p036,Sh6WPhHiPNhoF,fkVyjxe59asQIP2,fapi2-security-profile-final-par-attempt-to-use-request_uri-for-different-client,True,FINISHED,PASSED,PASSED,"{""authorization_request_type"":""simple"",""client_auth_type"":""client_attestation"",""credential_format"":""sd_jwt_vc"",""fapi_profile"":""vci_haip"",""fapi_request_method"":""unsigned"",""fapi_response_mode"":""plain_response"",""openid"":""plain_oauth"",""sender_constrain"":""dpop"",""vci_authorization_code_flow_variant"":""issuer_initiated"",""vci_credential_encryption"":""plain"",""vci_grant_type"":""authorization_code""}"
corrected-openid4vc,8abe4fe33891621ce2659f78d6bc2c224f042e17,dbd8b0647731dcf4fa3d725cd8269fc745f9e5ee,openid4vc-vci-haip-p036,Sh6WPhHiPNhoF,bDLxztsSF6rOjAy,fapi2-security-profile-final-par-authorization-request-containing-request_uri-form-param,True,FINISHED,PASSED,PASSED,"{""authorization_request_type"":""simple"",""client_auth_type"":""client_attestation"",""credential_format"":""sd_jwt_vc"",""fapi_profile"":""vci_haip"",""fapi_request_method"":""unsigned"",""fapi_response_mode"":""plain_response"",""openid"":""plain_oauth"",""sender_constrain"":""dpop"",""vci_authorization_code_flow_variant"":""issuer_initiated"",""vci_credential_encryption"":""plain"",""vci_grant_type"":""authorization_code""}"
corrected-openid4vc,8abe4fe33891621ce2659f78d6bc2c224f042e17,dbd8b0647731dcf4fa3d725cd8269fc745f9e5ee,openid4vc-vci-haip-p036,Sh6WPhHiPNhoF,MXCHaXCP9c2PqF1,fapi2-security-profile-final-par-attempt-invalid-http-method,True,FINISHED,PASSED,PASSED,"{""authorization_request_type"":""simple"",""client_auth_type"":""client_attestation"",""credential_format"":""sd_jwt_vc"",""fapi_profile"":""vci_haip"",""fapi_request_method"":""unsigned"",""fapi_response_mode"":""plain_response"",""openid"":""plain_oauth"",""sender_constrain"":""dpop"",""vci_authorization_code_flow_variant"":""issuer_initiated"",""vci_credential_encryption"":""plain"",""vci_grant_type"":""authorization_code""}"
corrected-openid4vc,8abe4fe33891621ce2659f78d6bc2c224f042e17,dbd8b0647731dcf4fa3d725cd8269fc745f9e5ee,openid4vc-vci-haip-p036,Sh6WPhHiPNhoF,hwt2WSGDN9XkaC5,fapi2-security-profile-final-par-ensure-pkce-required,True,FINISHED,PASSED,PASSED,"{""authorization_request_type"":""simple"",""client_auth_type"":""client_attestation"",""credential_format"":""sd_jwt_vc"",""fapi_profile"":""vci_haip"",""fapi_request_method"":""unsigned"",""fapi_response_mode"":""plain_response"",""openid"":""plain_oauth"",""sender_constrain"":""dpop"",""vci_authorization_code_flow_variant"":""issuer_initiated"",""vci_credential_encryption"":""plain"",""vci_grant_type"":""authorization_code""}"
corrected-openid4vc,8abe4fe33891621ce2659f78d6bc2c224f042e17,dbd8b0647731dcf4fa3d725cd8269fc745f9e5ee,openid4vc-vci-haip-p036,Sh6WPhHiPNhoF,VatgYtlE924y1hc,fapi2-security-profile-final-ensure-pkce-code-verifier-required,True,FINISHED,PASSED,PASSED,"{""authorization_request_type"":""simple"",""client_auth_type"":""client_attestation"",""credential_format"":""sd_jwt_vc"",""fapi_profile"":""vci_haip"",""fapi_request_method"":""unsigned"",""fapi_response_mode"":""plain_response"",""openid"":""plain_oauth"",""sender_constrain"":""dpop"",""vci_authorization_code_flow_variant"":""issuer_initiated"",""vci_credential_encryption"":""plain"",""vci_grant_type"":""authorization_code""}"
corrected-openid4vc,8abe4fe33891621ce2659f78d6bc2c224f042e17,dbd8b0647731dcf4fa3d725cd8269fc745f9e5ee,openid4vc-vci-haip-p036,Sh6WPhHiPNhoF,7RWXDOSX5dvBKPZ,fapi2-security-profile-final-incorrect-pkce-code-verifier-rejected,True,FINISHED,PASSED,PASSED,"{""authorization_request_type"":""simple"",""client_auth_type"":""client_attestation"",""credential_format"":""sd_jwt_vc"",""fapi_profile"":""vci_haip"",""fapi_request_method"":""unsigned"",""fapi_response_mode"":""plain_response"",""openid"":""plain_oauth"",""sender_constrain"":""dpop"",""vci_authorization_code_flow_variant"":""issuer_initiated"",""vci_credential_encryption"":""plain"",""vci_grant_type"":""authorization_code""}"
corrected-openid4vc,8abe4fe33891621ce2659f78d6bc2c224f042e17,dbd8b0647731dcf4fa3d725cd8269fc745f9e5ee,openid4vc-vci-haip-p036,Sh6WPhHiPNhoF,BxWnBIOfdT6yZ6m,fapi2-security-profile-final-par-plain-pkce-rejected,True,FINISHED,PASSED,PASSED,"{""authorization_request_type"":""simple"",""client_auth_type"":""client_attestation"",""credential_format"":""sd_jwt_vc"",""fapi_profile"":""vci_haip"",""fapi_request_method"":""unsigned"",""fapi_response_mode"":""plain_response"",""openid"":""plain_oauth"",""sender_constrain"":""dpop"",""vci_authorization_code_flow_variant"":""issuer_initiated"",""vci_credential_encryption"":""plain"",""vci_grant_type"":""authorization_code""}"
corrected-openid4vc,8abe4fe33891621ce2659f78d6bc2c224f042e17,dbd8b0647731dcf4fa3d725cd8269fc745f9e5ee,openid4vc-vci-haip-p036,Sh6WPhHiPNhoF,rYwNHSrln3YCmR3,fapi2-security-profile-final-par-without-duplicate-parameters,True,FINISHED,PASSED,PASSED,"{""authorization_request_type"":""simple"",""client_auth_type"":""client_attestation"",""credential_format"":""sd_jwt_vc"",""fapi_profile"":""vci_haip"",""fapi_request_method"":""unsigned"",""fapi_response_mode"":""plain_response"",""openid"":""plain_oauth"",""sender_constrain"":""dpop"",""vci_authorization_code_flow_variant"":""issuer_initiated"",""vci_credential_encryption"":""plain"",""vci_grant_type"":""authorization_code""}"
corrected-openid4vc,8abe4fe33891621ce2659f78d6bc2c224f042e17,dbd8b0647731dcf4fa3d725cd8269fc745f9e5ee,openid4vc-vci-haip-p037,iZW2yPSVod5sC,Piws1KpSAnrQRqs,oid4vci-1_0-issuer-metadata-test,True,FINISHED,PASSED,PASSED,"{""client_auth_type"":""client_attestation"",""credential_format"":""mdoc"",""fapi_profile"":""vci_haip"",""vci_authorization_code_flow_variant"":""issuer_initiated""}"
corrected-openid4vc,8abe4fe33891621ce2659f78d6bc2c224f042e17,dbd8b0647731dcf4fa3d725cd8269fc745f9e5ee,openid4vc-vci-haip-p037,iZW2yPSVod5sC,yPsAESffxNsSdmP,oid4vci-1_0-issuer-metadata-test-signed,True,FINISHED,PASSED,PASSED,"{""client_auth_type"":""client_attestation"",""credential_format"":""mdoc"",""fapi_profile"":""vci_haip"",""vci_authorization_code_flow_variant"":""issuer_initiated""}"
corrected-openid4vc,8abe4fe33891621ce2659f78d6bc2c224f042e17,dbd8b0647731dcf4fa3d725cd8269fc745f9e5ee,openid4vc-vci-haip-p037,iZW2yPSVod5sC,KLhT21Q9HISz0Fh,oid4vci-1_0-issuer-happy-flow,True,FINISHED,PASSED,PASSED,"{""authorization_request_type"":""simple"",""client_auth_type"":""client_attestation"",""credential_format"":""mdoc"",""fapi_profile"":""vci_haip"",""fapi_request_method"":""unsigned"",""fapi_response_mode"":""plain_response"",""openid"":""plain_oauth"",""sender_constrain"":""dpop"",""vci_authorization_code_flow_variant"":""issuer_initiated"",""vci_credential_encryption"":""plain"",""vci_grant_type"":""authorization_code""}"
corrected-openid4vc,8abe4fe33891621ce2659f78d6bc2c224f042e17,dbd8b0647731dcf4fa3d725cd8269fc745f9e5ee,openid4vc-vci-haip-p037,iZW2yPSVod5sC,cUcTl6pxFpkP5jn,oid4vci-1_0-issuer-happy-flow-additional-requests,True,FINISHED,PASSED,PASSED,"{""authorization_request_type"":""simple"",""client_auth_type"":""client_attestation"",""credential_format"":""mdoc"",""fapi_profile"":""vci_haip"",""fapi_request_method"":""unsigned"",""fapi_response_mode"":""plain_response"",""openid"":""plain_oauth"",""sender_constrain"":""dpop"",""vci_authorization_code_flow_variant"":""issuer_initiated"",""vci_credential_encryption"":""plain"",""vci_grant_type"":""authorization_code""}"
corrected-openid4vc,8abe4fe33891621ce2659f78d6bc2c224f042e17,dbd8b0647731dcf4fa3d725cd8269fc745f9e5ee,openid4vc-vci-haip-p037,iZW2yPSVod5sC,cqQLyvsQCZWhPZk,oid4vci-1_0-issuer-happy-flow-multiple-clients,True,FINISHED,PASSED,PASSED,"{""authorization_request_type"":""simple"",""client_auth_type"":""client_attestation"",""credential_format"":""mdoc"",""fapi_profile"":""vci_haip"",""fapi_request_method"":""unsigned"",""fapi_response_mode"":""plain_response"",""openid"":""plain_oauth"",""sender_constrain"":""dpop"",""vci_authorization_code_flow_variant"":""issuer_initiated"",""vci_credential_encryption"":""plain"",""vci_grant_type"":""authorization_code""}"
corrected-openid4vc,8abe4fe33891621ce2659f78d6bc2c224f042e17,dbd8b0647731dcf4fa3d725cd8269fc745f9e5ee,openid4vc-vci-haip-p037,iZW2yPSVod5sC,iMIbS0ZOlJ5JLEL,oid4vci-1_0-issuer-happy-flow-skip-notification,True,FINISHED,PASSED,PASSED,"{""authorization_request_type"":""simple"",""client_auth_type"":""client_attestation"",""credential_format"":""mdoc"",""fapi_profile"":""vci_haip"",""fapi_request_method"":""unsigned"",""fapi_response_mode"":""plain_response"",""openid"":""plain_oauth"",""sender_constrain"":""dpop"",""vci_authorization_code_flow_variant"":""issuer_initiated"",""vci_credential_encryption"":""plain"",""vci_grant_type"":""authorization_code""}"
corrected-openid4vc,8abe4fe33891621ce2659f78d6bc2c224f042e17,dbd8b0647731dcf4fa3d725cd8269fc745f9e5ee,openid4vc-vci-haip-p037,iZW2yPSVod5sC,alU0algTSLzgvP0,oid4vci-1_0-issuer-batch-issuance,True,FINISHED,PASSED,PASSED,"{""authorization_request_type"":""simple"",""client_auth_type"":""client_attestation"",""credential_format"":""mdoc"",""fapi_profile"":""vci_haip"",""fapi_request_method"":""unsigned"",""fapi_response_mode"":""plain_response"",""openid"":""plain_oauth"",""sender_constrain"":""dpop"",""vci_authorization_code_flow_variant"":""issuer_initiated"",""vci_credential_encryption"":""plain"",""vci_grant_type"":""authorization_code""}"
corrected-openid4vc,8abe4fe33891621ce2659f78d6bc2c224f042e17,dbd8b0647731dcf4fa3d725cd8269fc745f9e5ee,openid4vc-vci-haip-p037,iZW2yPSVod5sC,xVzSVw9ut8IbaVr,oid4vci-1_0-issuer-fail-invalid-nonce,True,FINISHED,PASSED,PASSED,"{""authorization_request_type"":""simple"",""client_auth_type"":""client_attestation"",""credential_format"":""mdoc"",""fapi_profile"":""vci_haip"",""fapi_request_method"":""unsigned"",""fapi_response_mode"":""plain_response"",""openid"":""plain_oauth"",""sender_constrain"":""dpop"",""vci_authorization_code_flow_variant"":""issuer_initiated"",""vci_credential_encryption"":""plain"",""vci_grant_type"":""authorization_code""}"
corrected-openid4vc,8abe4fe33891621ce2659f78d6bc2c224f042e17,dbd8b0647731dcf4fa3d725cd8269fc745f9e5ee,openid4vc-vci-haip-p037,iZW2yPSVod5sC,M7Fc5bRxynNFr7Z,oid4vci-1_0-issuer-fail-invalid-jwt-proof-signature,True,FINISHED,PASSED,PASSED,"{""authorization_request_type"":""simple"",""client_auth_type"":""client_attestation"",""credential_format"":""mdoc"",""fapi_profile"":""vci_haip"",""fapi_request_method"":""unsigned"",""fapi_response_mode"":""plain_response"",""openid"":""plain_oauth"",""sender_constrain"":""dpop"",""vci_authorization_code_flow_variant"":""issuer_initiated"",""vci_credential_encryption"":""plain"",""vci_grant_type"":""authorization_code""}"
corrected-openid4vc,8abe4fe33891621ce2659f78d6bc2c224f042e17,dbd8b0647731dcf4fa3d725cd8269fc745f9e5ee,openid4vc-vci-haip-p037,iZW2yPSVod5sC,VyGLOVm485mL3gO,oid4vci-1_0-issuer-fail-invalid-key-attestation-signature,True,FINISHED,PASSED,PASSED,"{""authorization_request_type"":""simple"",""client_auth_type"":""client_attestation"",""credential_format"":""mdoc"",""fapi_profile"":""vci_haip"",""fapi_request_method"":""unsigned"",""fapi_response_mode"":""plain_response"",""openid"":""plain_oauth"",""sender_constrain"":""dpop"",""vci_authorization_code_flow_variant"":""issuer_initiated"",""vci_credential_encryption"":""plain"",""vci_grant_type"":""authorization_code""}"
corrected-openid4vc,8abe4fe33891621ce2659f78d6bc2c224f042e17,dbd8b0647731dcf4fa3d725cd8269fc745f9e5ee,openid4vc-vci-haip-p037,iZW2yPSVod5sC,XsnsgkIERKiYxzb,oid4vci-1_0-issuer-fail-invalid-client-attestation-signature,True,FINISHED,PASSED,PASSED,"{""authorization_request_type"":""simple"",""client_auth_type"":""client_attestation"",""credential_format"":""mdoc"",""fapi_profile"":""vci_haip"",""fapi_request_method"":""unsigned"",""fapi_response_mode"":""plain_response"",""openid"":""plain_oauth"",""sender_constrain"":""dpop"",""vci_authorization_code_flow_variant"":""issuer_initiated"",""vci_credential_encryption"":""plain"",""vci_grant_type"":""authorization_code""}"
corrected-openid4vc,8abe4fe33891621ce2659f78d6bc2c224f042e17,dbd8b0647731dcf4fa3d725cd8269fc745f9e5ee,openid4vc-vci-haip-p037,iZW2yPSVod5sC,uSWr4p2LrUGEl6S,oid4vci-1_0-issuer-fail-invalid-client-attestation-pop-signature,True,FINISHED,PASSED,PASSED,"{""authorization_request_type"":""simple"",""client_auth_type"":""client_attestation"",""credential_format"":""mdoc"",""fapi_profile"":""vci_haip"",""fapi_request_method"":""unsigned"",""fapi_response_mode"":""plain_response"",""openid"":""plain_oauth"",""sender_constrain"":""dpop"",""vci_authorization_code_flow_variant"":""issuer_initiated"",""vci_credential_encryption"":""plain"",""vci_grant_type"":""authorization_code""}"
corrected-openid4vc,8abe4fe33891621ce2659f78d6bc2c224f042e17,dbd8b0647731dcf4fa3d725cd8269fc745f9e5ee,openid4vc-vci-haip-p037,iZW2yPSVod5sC,72oL6JqMAVy339Q,oid4vci-1_0-issuer-fail-client-attestation-exp-in-past,True,FINISHED,PASSED,PASSED,"{""authorization_request_type"":""simple"",""client_auth_type"":""client_attestation"",""credential_format"":""mdoc"",""fapi_profile"":""vci_haip"",""fapi_request_method"":""unsigned"",""fapi_response_mode"":""plain_response"",""openid"":""plain_oauth"",""sender_constrain"":""dpop"",""vci_authorization_code_flow_variant"":""issuer_initiated"",""vci_credential_encryption"":""plain"",""vci_grant_type"":""authorization_code""}"
corrected-openid4vc,8abe4fe33891621ce2659f78d6bc2c224f042e17,dbd8b0647731dcf4fa3d725cd8269fc745f9e5ee,openid4vc-vci-haip-p037,iZW2yPSVod5sC,IAvCqseqgUZ8gHB,oid4vci-1_0-issuer-fail-client-attestation-no-sub,True,FINISHED,PASSED,PASSED,"{""authorization_request_type"":""simple"",""client_auth_type"":""client_attestation"",""credential_format"":""mdoc"",""fapi_profile"":""vci_haip"",""fapi_request_method"":""unsigned"",""fapi_response_mode"":""plain_response"",""openid"":""plain_oauth"",""sender_constrain"":""dpop"",""vci_authorization_code_flow_variant"":""issuer_initiated"",""vci_credential_encryption"":""plain"",""vci_grant_type"":""authorization_code""}"
corrected-openid4vc,8abe4fe33891621ce2659f78d6bc2c224f042e17,dbd8b0647731dcf4fa3d725cd8269fc745f9e5ee,openid4vc-vci-haip-p037,iZW2yPSVod5sC,yNx4oWFONHO0fe7,oid4vci-1_0-issuer-fail-client-attestation-pop-wrong-aud,True,FINISHED,PASSED,PASSED,"{""authorization_request_type"":""simple"",""client_auth_type"":""client_attestation"",""credential_format"":""mdoc"",""fapi_profile"":""vci_haip"",""fapi_request_method"":""unsigned"",""fapi_response_mode"":""plain_response"",""openid"":""plain_oauth"",""sender_constrain"":""dpop"",""vci_authorization_code_flow_variant"":""issuer_initiated"",""vci_credential_encryption"":""plain"",""vci_grant_type"":""authorization_code""}"
corrected-openid4vc,8abe4fe33891621ce2659f78d6bc2c224f042e17,dbd8b0647731dcf4fa3d725cd8269fc745f9e5ee,openid4vc-vci-haip-p037,iZW2yPSVod5sC,BCKAmjutxA9j7LH,oid4vci-1_0-issuer-fail-mismatched-client-attestation-pop-key,True,FINISHED,PASSED,PASSED,"{""authorization_request_type"":""simple"",""client_auth_type"":""client_attestation"",""credential_format"":""mdoc"",""fapi_profile"":""vci_haip"",""fapi_request_method"":""unsigned"",""fapi_response_mode"":""plain_response"",""openid"":""plain_oauth"",""sender_constrain"":""dpop"",""vci_authorization_code_flow_variant"":""issuer_initiated"",""vci_credential_encryption"":""plain"",""vci_grant_type"":""authorization_code""}"
corrected-openid4vc,8abe4fe33891621ce2659f78d6bc2c224f042e17,dbd8b0647731dcf4fa3d725cd8269fc745f9e5ee,openid4vc-vci-haip-p037,iZW2yPSVod5sC,K6rrQWI7IHo7GN4,oid4vci-1_0-issuer-fail-missing-proof,True,FINISHED,PASSED,PASSED,"{""authorization_request_type"":""simple"",""client_auth_type"":""client_attestation"",""credential_format"":""mdoc"",""fapi_profile"":""vci_haip"",""fapi_request_method"":""unsigned"",""fapi_response_mode"":""plain_response"",""openid"":""plain_oauth"",""sender_constrain"":""dpop"",""vci_authorization_code_flow_variant"":""issuer_initiated"",""vci_credential_encryption"":""plain"",""vci_grant_type"":""authorization_code""}"
corrected-openid4vc,8abe4fe33891621ce2659f78d6bc2c224f042e17,dbd8b0647731dcf4fa3d725cd8269fc745f9e5ee,openid4vc-vci-haip-p037,iZW2yPSVod5sC,FpZPfwMTFwWnb39,oid4vci-1_0-issuer-fail-unknown-credential-configuration,True,FINISHED,PASSED,PASSED,"{""authorization_request_type"":""simple"",""client_auth_type"":""client_attestation"",""credential_format"":""mdoc"",""fapi_profile"":""vci_haip"",""fapi_request_method"":""unsigned"",""fapi_response_mode"":""plain_response"",""openid"":""plain_oauth"",""sender_constrain"":""dpop"",""vci_authorization_code_flow_variant"":""issuer_initiated"",""vci_credential_encryption"":""plain"",""vci_grant_type"":""authorization_code""}"
corrected-openid4vc,8abe4fe33891621ce2659f78d6bc2c224f042e17,dbd8b0647731dcf4fa3d725cd8269fc745f9e5ee,openid4vc-vci-haip-p037,iZW2yPSVod5sC,6RXDIHDL4qn6HUt,oid4vci-1_0-issuer-fail-unknown-credential-identifier,True,FINISHED,PASSED,PASSED,"{""authorization_request_type"":""simple"",""client_auth_type"":""client_attestation"",""credential_format"":""mdoc"",""fapi_profile"":""vci_haip"",""fapi_request_method"":""unsigned"",""fapi_response_mode"":""plain_response"",""openid"":""plain_oauth"",""sender_constrain"":""dpop"",""vci_authorization_code_flow_variant"":""issuer_initiated"",""vci_credential_encryption"":""plain"",""vci_grant_type"":""authorization_code""}"
corrected-openid4vc,8abe4fe33891621ce2659f78d6bc2c224f042e17,dbd8b0647731dcf4fa3d725cd8269fc745f9e5ee,openid4vc-vci-haip-p037,iZW2yPSVod5sC,MhtzcEZ2ENtAspR,oid4vci-1_0-issuer-fail-on-access-token-in-query,True,FINISHED,PASSED,PASSED,"{""authorization_request_type"":""simple"",""client_auth_type"":""client_attestation"",""credential_format"":""mdoc"",""fapi_profile"":""vci_haip"",""fapi_request_method"":""unsigned"",""fapi_response_mode"":""plain_response"",""openid"":""plain_oauth"",""sender_constrain"":""dpop"",""vci_authorization_code_flow_variant"":""issuer_initiated"",""vci_credential_encryption"":""plain"",""vci_grant_type"":""authorization_code""}"
corrected-openid4vc,8abe4fe33891621ce2659f78d6bc2c224f042e17,dbd8b0647731dcf4fa3d725cd8269fc745f9e5ee,openid4vc-vci-haip-p037,iZW2yPSVod5sC,l34G9lEiClcctKG,oid4vci-1_0-issuer-happy-flow,True,FINISHED,PASSED,PASSED,"{""authorization_request_type"":""simple"",""client_auth_type"":""client_attestation"",""credential_format"":""mdoc"",""fapi_profile"":""vci_haip"",""fapi_request_method"":""unsigned"",""fapi_response_mode"":""plain_response"",""openid"":""plain_oauth"",""sender_constrain"":""dpop"",""vci_authorization_code_flow_variant"":""issuer_initiated"",""vci_credential_encryption"":""encrypted"",""vci_grant_type"":""authorization_code""}"
corrected-openid4vc,8abe4fe33891621ce2659f78d6bc2c224f042e17,dbd8b0647731dcf4fa3d725cd8269fc745f9e5ee,openid4vc-vci-haip-p037,iZW2yPSVod5sC,Bj7QVbKXqCj7c0J,oid4vci-1_0-issuer-fail-unknown-credential-configuration,True,FINISHED,PASSED,PASSED,"{""authorization_request_type"":""simple"",""client_auth_type"":""client_attestation"",""credential_format"":""mdoc"",""fapi_profile"":""vci_haip"",""fapi_request_method"":""unsigned"",""fapi_response_mode"":""plain_response"",""openid"":""plain_oauth"",""sender_constrain"":""dpop"",""vci_authorization_code_flow_variant"":""issuer_initiated"",""vci_credential_encryption"":""encrypted"",""vci_grant_type"":""authorization_code""}"
corrected-openid4vc,8abe4fe33891621ce2659f78d6bc2c224f042e17,dbd8b0647731dcf4fa3d725cd8269fc745f9e5ee,openid4vc-vci-haip-p037,iZW2yPSVod5sC,2sQwklFoDgCkbRx,oid4vci-1_0-issuer-fail-unsupported-encryption-algorithm,True,FINISHED,PASSED,PASSED,"{""authorization_request_type"":""simple"",""client_auth_type"":""client_attestation"",""credential_format"":""mdoc"",""fapi_profile"":""vci_haip"",""fapi_request_method"":""unsigned"",""fapi_response_mode"":""plain_response"",""openid"":""plain_oauth"",""sender_constrain"":""dpop"",""vci_authorization_code_flow_variant"":""issuer_initiated"",""vci_credential_encryption"":""encrypted"",""vci_grant_type"":""authorization_code""}"
corrected-openid4vc,8abe4fe33891621ce2659f78d6bc2c224f042e17,dbd8b0647731dcf4fa3d725cd8269fc745f9e5ee,openid4vc-vci-haip-p037,iZW2yPSVod5sC,Hbl4Y5lOB8ZNWM4,fapi2-security-profile-final-discovery-end-point-verification,True,FINISHED,PASSED,PASSED,"{""authorization_request_type"":""simple"",""client_auth_type"":""client_attestation"",""credential_format"":""mdoc"",""fapi_profile"":""vci_haip"",""fapi_request_method"":""unsigned"",""fapi_response_mode"":""plain_response"",""openid"":""plain_oauth"",""sender_constrain"":""dpop"",""vci_authorization_code_flow_variant"":""issuer_initiated""}"
corrected-openid4vc,8abe4fe33891621ce2659f78d6bc2c224f042e17,dbd8b0647731dcf4fa3d725cd8269fc745f9e5ee,openid4vc-vci-haip-p037,iZW2yPSVod5sC,TPpZ8TFZfdXl9NW,fapi2-security-profile-final-happy-flow,True,FINISHED,WARNING,WARNING,"{""authorization_request_type"":""simple"",""client_auth_type"":""client_attestation"",""credential_format"":""mdoc"",""fapi_profile"":""vci_haip"",""fapi_request_method"":""unsigned"",""fapi_response_mode"":""plain_response"",""openid"":""plain_oauth"",""sender_constrain"":""dpop"",""vci_authorization_code_flow_variant"":""issuer_initiated"",""vci_credential_encryption"":""plain"",""vci_grant_type"":""authorization_code""}"
corrected-openid4vc,8abe4fe33891621ce2659f78d6bc2c224f042e17,dbd8b0647731dcf4fa3d725cd8269fc745f9e5ee,openid4vc-vci-haip-p037,iZW2yPSVod5sC,EWmoxUQupdoowII,fapi2-security-profile-final-user-rejects-authentication,True,FINISHED,PASSED,PASSED,"{""authorization_request_type"":""simple"",""client_auth_type"":""client_attestation"",""credential_format"":""mdoc"",""fapi_profile"":""vci_haip"",""fapi_request_method"":""unsigned"",""fapi_response_mode"":""plain_response"",""openid"":""plain_oauth"",""sender_constrain"":""dpop"",""vci_authorization_code_flow_variant"":""issuer_initiated"",""vci_credential_encryption"":""plain"",""vci_grant_type"":""authorization_code""}"
corrected-openid4vc,8abe4fe33891621ce2659f78d6bc2c224f042e17,dbd8b0647731dcf4fa3d725cd8269fc745f9e5ee,openid4vc-vci-haip-p037,iZW2yPSVod5sC,jhK4HjyIM8EMN5B,fapi2-security-profile-final-ensure-authorization-request-without-state-success,True,FINISHED,PASSED,PASSED,"{""authorization_request_type"":""simple"",""client_auth_type"":""client_attestation"",""credential_format"":""mdoc"",""fapi_profile"":""vci_haip"",""fapi_request_method"":""unsigned"",""fapi_response_mode"":""plain_response"",""openid"":""plain_oauth"",""sender_constrain"":""dpop"",""vci_authorization_code_flow_variant"":""issuer_initiated"",""vci_credential_encryption"":""plain"",""vci_grant_type"":""authorization_code""}"
corrected-openid4vc,8abe4fe33891621ce2659f78d6bc2c224f042e17,dbd8b0647731dcf4fa3d725cd8269fc745f9e5ee,openid4vc-vci-haip-p037,iZW2yPSVod5sC,2EuzaxE7gvA87eX,fapi2-security-profile-final-access-token-type-header-case-sensitivity,True,FINISHED,PASSED,PASSED,"{""authorization_request_type"":""simple"",""client_auth_type"":""client_attestation"",""credential_format"":""mdoc"",""fapi_profile"":""vci_haip"",""fapi_request_method"":""unsigned"",""fapi_response_mode"":""plain_response"",""openid"":""plain_oauth"",""sender_constrain"":""dpop"",""vci_authorization_code_flow_variant"":""issuer_initiated"",""vci_credential_encryption"":""plain"",""vci_grant_type"":""authorization_code""}"
corrected-openid4vc,8abe4fe33891621ce2659f78d6bc2c224f042e17,dbd8b0647731dcf4fa3d725cd8269fc745f9e5ee,openid4vc-vci-haip-p037,iZW2yPSVod5sC,6e6jWHyhFQDWVvI,fapi2-security-profile-final-check-dpop-proof-nbf-exp,True,FINISHED,PASSED,PASSED,"{""authorization_request_type"":""simple"",""client_auth_type"":""client_attestation"",""credential_format"":""mdoc"",""fapi_profile"":""vci_haip"",""fapi_request_method"":""unsigned"",""fapi_response_mode"":""plain_response"",""openid"":""plain_oauth"",""sender_constrain"":""dpop"",""vci_authorization_code_flow_variant"":""issuer_initiated"",""vci_credential_encryption"":""plain"",""vci_grant_type"":""authorization_code""}"
corrected-openid4vc,8abe4fe33891621ce2659f78d6bc2c224f042e17,dbd8b0647731dcf4fa3d725cd8269fc745f9e5ee,openid4vc-vci-haip-p037,iZW2yPSVod5sC,UjekHqpR2K2a3dt,fapi2-security-profile-final-ensure-dpopproof-with-iat-10seconds-before-succeeds,True,FINISHED,PASSED,PASSED,"{""authorization_request_type"":""simple"",""client_auth_type"":""client_attestation"",""credential_format"":""mdoc"",""fapi_profile"":""vci_haip"",""fapi_request_method"":""unsigned"",""fapi_response_mode"":""plain_response"",""openid"":""plain_oauth"",""sender_constrain"":""dpop"",""vci_authorization_code_flow_variant"":""issuer_initiated"",""vci_credential_encryption"":""plain"",""vci_grant_type"":""authorization_code""}"
corrected-openid4vc,8abe4fe33891621ce2659f78d6bc2c224f042e17,dbd8b0647731dcf4fa3d725cd8269fc745f9e5ee,openid4vc-vci-haip-p037,iZW2yPSVod5sC,7UgxQ9SxBdu6DNu,fapi2-security-profile-final-ensure-dpopproof-with-iat-10seconds-after-succeeds,True,FINISHED,PASSED,PASSED,"{""authorization_request_type"":""simple"",""client_auth_type"":""client_attestation"",""credential_format"":""mdoc"",""fapi_profile"":""vci_haip"",""fapi_request_method"":""unsigned"",""fapi_response_mode"":""plain_response"",""openid"":""plain_oauth"",""sender_constrain"":""dpop"",""vci_authorization_code_flow_variant"":""issuer_initiated"",""vci_credential_encryption"":""plain"",""vci_grant_type"":""authorization_code""}"
corrected-openid4vc,8abe4fe33891621ce2659f78d6bc2c224f042e17,dbd8b0647731dcf4fa3d725cd8269fc745f9e5ee,openid4vc-vci-haip-p037,iZW2yPSVod5sC,KHs1rX1iQwAtHPL,fapi2-security-profile-final-ensure-mismatched-dpop-jkt-fails,True,FINISHED,PASSED,PASSED,"{""authorization_request_type"":""simple"",""client_auth_type"":""client_attestation"",""credential_format"":""mdoc"",""fapi_profile"":""vci_haip"",""fapi_request_method"":""unsigned"",""fapi_response_mode"":""plain_response"",""openid"":""plain_oauth"",""sender_constrain"":""dpop"",""vci_authorization_code_flow_variant"":""issuer_initiated"",""vci_credential_encryption"":""plain"",""vci_grant_type"":""authorization_code""}"
corrected-openid4vc,8abe4fe33891621ce2659f78d6bc2c224f042e17,dbd8b0647731dcf4fa3d725cd8269fc745f9e5ee,openid4vc-vci-haip-p037,iZW2yPSVod5sC,EAGinAniR2oQvdj,fapi2-security-profile-final-ensure-token-endpoint-fails-with-mismatched-dpop-proof-jkt,True,FINISHED,PASSED,PASSED,"{""authorization_request_type"":""simple"",""client_auth_type"":""client_attestation"",""credential_format"":""mdoc"",""fapi_profile"":""vci_haip"",""fapi_request_method"":""unsigned"",""fapi_response_mode"":""plain_response"",""openid"":""plain_oauth"",""sender_constrain"":""dpop"",""vci_authorization_code_flow_variant"":""issuer_initiated"",""vci_credential_encryption"":""plain"",""vci_grant_type"":""authorization_code""}"
corrected-openid4vc,8abe4fe33891621ce2659f78d6bc2c224f042e17,dbd8b0647731dcf4fa3d725cd8269fc745f9e5ee,openid4vc-vci-haip-p037,iZW2yPSVod5sC,t7GWLdbtnTerBPx,fapi2-security-profile-final-ensure-token-endpoint-fails-with-mismatched-dpop-jkt,True,FINISHED,PASSED,PASSED,"{""authorization_request_type"":""simple"",""client_auth_type"":""client_attestation"",""credential_format"":""mdoc"",""fapi_profile"":""vci_haip"",""fapi_request_method"":""unsigned"",""fapi_response_mode"":""plain_response"",""openid"":""plain_oauth"",""sender_constrain"":""dpop"",""vci_authorization_code_flow_variant"":""issuer_initiated"",""vci_credential_encryption"":""plain"",""vci_grant_type"":""authorization_code""}"
corrected-openid4vc,8abe4fe33891621ce2659f78d6bc2c224f042e17,dbd8b0647731dcf4fa3d725cd8269fc745f9e5ee,openid4vc-vci-haip-p037,iZW2yPSVod5sC,gffDfqkqSBaPYqh,fapi2-security-profile-final-ensure-dpopproof-at-par-endpoint-binding-success,True,FINISHED,PASSED,PASSED,"{""authorization_request_type"":""simple"",""client_auth_type"":""client_attestation"",""credential_format"":""mdoc"",""fapi_profile"":""vci_haip"",""fapi_request_method"":""unsigned"",""fapi_response_mode"":""plain_response"",""openid"":""plain_oauth"",""sender_constrain"":""dpop"",""vci_authorization_code_flow_variant"":""issuer_initiated"",""vci_credential_encryption"":""plain"",""vci_grant_type"":""authorization_code""}"
corrected-openid4vc,8abe4fe33891621ce2659f78d6bc2c224f042e17,dbd8b0647731dcf4fa3d725cd8269fc745f9e5ee,openid4vc-vci-haip-p037,iZW2yPSVod5sC,tgjqdWYVZdvtGlf,fapi2-security-profile-final-ensure-dpop-auth-code-binding-success,True,FINISHED,PASSED,PASSED,"{""authorization_request_type"":""simple"",""client_auth_type"":""client_attestation"",""credential_format"":""mdoc"",""fapi_profile"":""vci_haip"",""fapi_request_method"":""unsigned"",""fapi_response_mode"":""plain_response"",""openid"":""plain_oauth"",""sender_constrain"":""dpop"",""vci_authorization_code_flow_variant"":""issuer_initiated"",""vci_credential_encryption"":""plain"",""vci_grant_type"":""authorization_code""}"
corrected-openid4vc,8abe4fe33891621ce2659f78d6bc2c224f042e17,dbd8b0647731dcf4fa3d725cd8269fc745f9e5ee,openid4vc-vci-haip-p037,iZW2yPSVod5sC,aucWq5YqMfdlcP1,fapi2-security-profile-final-ensure-different-state-inside-and-outside-request-object,True,FINISHED,PASSED,PASSED,"{""authorization_request_type"":""simple"",""client_auth_type"":""client_attestation"",""credential_format"":""mdoc"",""fapi_profile"":""vci_haip"",""fapi_request_method"":""unsigned"",""fapi_response_mode"":""plain_response"",""openid"":""plain_oauth"",""sender_constrain"":""dpop"",""vci_authorization_code_flow_variant"":""issuer_initiated"",""vci_credential_encryption"":""plain"",""vci_grant_type"":""authorization_code""}"
corrected-openid4vc,8abe4fe33891621ce2659f78d6bc2c224f042e17,dbd8b0647731dcf4fa3d725cd8269fc745f9e5ee,openid4vc-vci-haip-p037,iZW2yPSVod5sC,elpQjV8yXE2289e,fapi2-security-profile-final-ensure-authorization-request-with-long-state,True,FINISHED,PASSED,PASSED,"{""authorization_request_type"":""simple"",""client_auth_type"":""client_attestation"",""credential_format"":""mdoc"",""fapi_profile"":""vci_haip"",""fapi_request_method"":""unsigned"",""fapi_response_mode"":""plain_response"",""openid"":""plain_oauth"",""sender_constrain"":""dpop"",""vci_authorization_code_flow_variant"":""issuer_initiated"",""vci_credential_encryption"":""plain"",""vci_grant_type"":""authorization_code""}"
corrected-openid4vc,8abe4fe33891621ce2659f78d6bc2c224f042e17,dbd8b0647731dcf4fa3d725cd8269fc745f9e5ee,openid4vc-vci-haip-p037,iZW2yPSVod5sC,soFg6XqUimuhcko,fapi2-security-profile-final-state-only-outside-request-object-not-used,True,FINISHED,PASSED,PASSED,"{""authorization_request_type"":""simple"",""client_auth_type"":""client_attestation"",""credential_format"":""mdoc"",""fapi_profile"":""vci_haip"",""fapi_request_method"":""unsigned"",""fapi_response_mode"":""plain_response"",""openid"":""plain_oauth"",""sender_constrain"":""dpop"",""vci_authorization_code_flow_variant"":""issuer_initiated"",""vci_credential_encryption"":""plain"",""vci_grant_type"":""authorization_code""}"
corrected-openid4vc,8abe4fe33891621ce2659f78d6bc2c224f042e17,dbd8b0647731dcf4fa3d725cd8269fc745f9e5ee,openid4vc-vci-haip-p037,iZW2yPSVod5sC,UycDZSTa2mzGnGe,fapi2-security-profile-final-ensure-request-object-without-redirect-uri-fails,True,FINISHED,PASSED,PASSED,"{""authorization_request_type"":""simple"",""client_auth_type"":""client_attestation"",""credential_format"":""mdoc"",""fapi_profile"":""vci_haip"",""fapi_request_method"":""unsigned"",""fapi_response_mode"":""plain_response"",""openid"":""plain_oauth"",""sender_constrain"":""dpop"",""vci_authorization_code_flow_variant"":""issuer_initiated"",""vci_credential_encryption"":""plain"",""vci_grant_type"":""authorization_code""}"
corrected-openid4vc,8abe4fe33891621ce2659f78d6bc2c224f042e17,dbd8b0647731dcf4fa3d725cd8269fc745f9e5ee,openid4vc-vci-haip-p037,iZW2yPSVod5sC,cbhBMvw8at49nWc,fapi2-security-profile-final-plain-fapi-tolerate-unregistered-redirect-uri,True,FINISHED,PASSED,PASSED,"{""authorization_request_type"":""simple"",""client_auth_type"":""client_attestation"",""credential_format"":""mdoc"",""fapi_profile"":""vci_haip"",""fapi_request_method"":""unsigned"",""fapi_response_mode"":""plain_response"",""openid"":""plain_oauth"",""sender_constrain"":""dpop"",""vci_authorization_code_flow_variant"":""issuer_initiated"",""vci_credential_encryption"":""plain"",""vci_grant_type"":""authorization_code""}"
corrected-openid4vc,8abe4fe33891621ce2659f78d6bc2c224f042e17,dbd8b0647731dcf4fa3d725cd8269fc745f9e5ee,openid4vc-vci-haip-p037,iZW2yPSVod5sC,qZT2D5soljZJaRe,fapi2-security-profile-final-ensure-unsigned-authorization-request-without-using-par-fails,True,FINISHED,PASSED,PASSED,"{""authorization_request_type"":""simple"",""client_auth_type"":""client_attestation"",""credential_format"":""mdoc"",""fapi_profile"":""vci_haip"",""fapi_request_method"":""unsigned"",""fapi_response_mode"":""plain_response"",""openid"":""plain_oauth"",""sender_constrain"":""dpop"",""vci_authorization_code_flow_variant"":""issuer_initiated"",""vci_credential_encryption"":""plain"",""vci_grant_type"":""authorization_code""}"
corrected-openid4vc,8abe4fe33891621ce2659f78d6bc2c224f042e17,dbd8b0647731dcf4fa3d725cd8269fc745f9e5ee,openid4vc-vci-haip-p037,iZW2yPSVod5sC,uPS5ILqnvSBCmDi,fapi2-security-profile-final-ensure-redirect-uri-in-authorization-request,True,FINISHED,PASSED,PASSED,"{""authorization_request_type"":""simple"",""client_auth_type"":""client_attestation"",""credential_format"":""mdoc"",""fapi_profile"":""vci_haip"",""fapi_request_method"":""unsigned"",""fapi_response_mode"":""plain_response"",""openid"":""plain_oauth"",""sender_constrain"":""dpop"",""vci_authorization_code_flow_variant"":""issuer_initiated"",""vci_credential_encryption"":""plain"",""vci_grant_type"":""authorization_code""}"
corrected-openid4vc,8abe4fe33891621ce2659f78d6bc2c224f042e17,dbd8b0647731dcf4fa3d725cd8269fc745f9e5ee,openid4vc-vci-haip-p037,iZW2yPSVod5sC,vPtqoVm2OK0PdyZ,fapi2-security-profile-final-ensure-response-type-code-idtoken-fails,True,FINISHED,PASSED,PASSED,"{""authorization_request_type"":""simple"",""client_auth_type"":""client_attestation"",""credential_format"":""mdoc"",""fapi_profile"":""vci_haip"",""fapi_request_method"":""unsigned"",""fapi_response_mode"":""plain_response"",""openid"":""plain_oauth"",""sender_constrain"":""dpop"",""vci_authorization_code_flow_variant"":""issuer_initiated"",""vci_credential_encryption"":""plain"",""vci_grant_type"":""authorization_code""}"
corrected-openid4vc,8abe4fe33891621ce2659f78d6bc2c224f042e17,dbd8b0647731dcf4fa3d725cd8269fc745f9e5ee,openid4vc-vci-haip-p037,iZW2yPSVod5sC,Xt4epJv7W2cLpCZ,fapi2-security-profile-final-ensure-response-type-token-fails,True,FINISHED,PASSED,PASSED,"{""authorization_request_type"":""simple"",""client_auth_type"":""client_attestation"",""credential_format"":""mdoc"",""fapi_profile"":""vci_haip"",""fapi_request_method"":""unsigned"",""fapi_response_mode"":""plain_response"",""openid"":""plain_oauth"",""sender_constrain"":""dpop"",""vci_authorization_code_flow_variant"":""issuer_initiated"",""vci_credential_encryption"":""plain"",""vci_grant_type"":""authorization_code""}"
corrected-openid4vc,8abe4fe33891621ce2659f78d6bc2c224f042e17,dbd8b0647731dcf4fa3d725cd8269fc745f9e5ee,openid4vc-vci-haip-p037,iZW2yPSVod5sC,bCR8SyeXheJiqdC,fapi2-security-profile-final-ensure-client-id-in-token-endpoint,True,FINISHED,PASSED,PASSED,"{""authorization_request_type"":""simple"",""client_auth_type"":""client_attestation"",""credential_format"":""mdoc"",""fapi_profile"":""vci_haip"",""fapi_request_method"":""unsigned"",""fapi_response_mode"":""plain_response"",""openid"":""plain_oauth"",""sender_constrain"":""dpop"",""vci_authorization_code_flow_variant"":""issuer_initiated"",""vci_credential_encryption"":""plain"",""vci_grant_type"":""authorization_code""}"
corrected-openid4vc,8abe4fe33891621ce2659f78d6bc2c224f042e17,dbd8b0647731dcf4fa3d725cd8269fc745f9e5ee,openid4vc-vci-haip-p037,iZW2yPSVod5sC,0ZamQXllwDrAjHV,fapi2-security-profile-final-ensure-holder-of-key-required,True,FINISHED,PASSED,PASSED,"{""authorization_request_type"":""simple"",""client_auth_type"":""client_attestation"",""credential_format"":""mdoc"",""fapi_profile"":""vci_haip"",""fapi_request_method"":""unsigned"",""fapi_response_mode"":""plain_response"",""openid"":""plain_oauth"",""sender_constrain"":""dpop"",""vci_authorization_code_flow_variant"":""issuer_initiated"",""vci_credential_encryption"":""plain"",""vci_grant_type"":""authorization_code""}"
corrected-openid4vc,8abe4fe33891621ce2659f78d6bc2c224f042e17,dbd8b0647731dcf4fa3d725cd8269fc745f9e5ee,openid4vc-vci-haip-p037,iZW2yPSVod5sC,Xk7I81U3PZUtHNC,fapi2-security-profile-final-ensure-authorization-code-is-bound-to-client,True,FINISHED,PASSED,PASSED,"{""authorization_request_type"":""simple"",""client_auth_type"":""client_attestation"",""credential_format"":""mdoc"",""fapi_profile"":""vci_haip"",""fapi_request_method"":""unsigned"",""fapi_response_mode"":""plain_response"",""openid"":""plain_oauth"",""sender_constrain"":""dpop"",""vci_authorization_code_flow_variant"":""issuer_initiated"",""vci_credential_encryption"":""plain"",""vci_grant_type"":""authorization_code""}"
corrected-openid4vc,8abe4fe33891621ce2659f78d6bc2c224f042e17,dbd8b0647731dcf4fa3d725cd8269fc745f9e5ee,openid4vc-vci-haip-p037,iZW2yPSVod5sC,2QjLzLHNgPvrOgF,fapi2-security-profile-final-attempt-reuse-authorization-code-after-one-second,True,FINISHED,PASSED,PASSED,"{""authorization_request_type"":""simple"",""client_auth_type"":""client_attestation"",""credential_format"":""mdoc"",""fapi_profile"":""vci_haip"",""fapi_request_method"":""unsigned"",""fapi_response_mode"":""plain_response"",""openid"":""plain_oauth"",""sender_constrain"":""dpop"",""vci_authorization_code_flow_variant"":""issuer_initiated"",""vci_credential_encryption"":""plain"",""vci_grant_type"":""authorization_code""}"
corrected-openid4vc,8abe4fe33891621ce2659f78d6bc2c224f042e17,dbd8b0647731dcf4fa3d725cd8269fc745f9e5ee,openid4vc-vci-haip-p037,iZW2yPSVod5sC,Lj4qiXR0EPE6Av8,fapi2-security-profile-final-ensure-token-endpoint-fails-with-expired-auth-code,True,FINISHED,PASSED,PASSED,"{""authorization_request_type"":""simple"",""client_auth_type"":""client_attestation"",""credential_format"":""mdoc"",""fapi_profile"":""vci_haip"",""fapi_request_method"":""unsigned"",""fapi_response_mode"":""plain_response"",""openid"":""plain_oauth"",""sender_constrain"":""dpop"",""vci_authorization_code_flow_variant"":""issuer_initiated"",""vci_credential_encryption"":""plain"",""vci_grant_type"":""authorization_code""}"
corrected-openid4vc,8abe4fe33891621ce2659f78d6bc2c224f042e17,dbd8b0647731dcf4fa3d725cd8269fc745f9e5ee,openid4vc-vci-haip-p037,iZW2yPSVod5sC,Cp1s7OKgctjVOFU,fapi2-security-profile-final-dpop-negative-tests,True,FINISHED,PASSED,PASSED,"{""authorization_request_type"":""simple"",""client_auth_type"":""client_attestation"",""credential_format"":""mdoc"",""fapi_profile"":""vci_haip"",""fapi_request_method"":""unsigned"",""fapi_response_mode"":""plain_response"",""openid"":""plain_oauth"",""sender_constrain"":""dpop"",""vci_authorization_code_flow_variant"":""issuer_initiated"",""vci_credential_encryption"":""plain"",""vci_grant_type"":""authorization_code""}"
corrected-openid4vc,8abe4fe33891621ce2659f78d6bc2c224f042e17,dbd8b0647731dcf4fa3d725cd8269fc745f9e5ee,openid4vc-vci-haip-p037,iZW2yPSVod5sC,tvW6gLvrURCHTPK,fapi2-security-profile-final-refresh-token,True,FINISHED,PASSED,PASSED,"{""authorization_request_type"":""simple"",""client_auth_type"":""client_attestation"",""credential_format"":""mdoc"",""fapi_profile"":""vci_haip"",""fapi_request_method"":""unsigned"",""fapi_response_mode"":""plain_response"",""openid"":""plain_oauth"",""sender_constrain"":""dpop"",""vci_authorization_code_flow_variant"":""issuer_initiated"",""vci_credential_encryption"":""plain"",""vci_grant_type"":""authorization_code""}"
corrected-openid4vc,8abe4fe33891621ce2659f78d6bc2c224f042e17,dbd8b0647731dcf4fa3d725cd8269fc745f9e5ee,openid4vc-vci-haip-p037,iZW2yPSVod5sC,cySXWH9Dp0Ajz3X,fapi2-security-profile-final-par-ensure-reused-request-uri-prior-to-auth-completion-succeeds,True,FINISHED,PASSED,PASSED,"{""authorization_request_type"":""simple"",""client_auth_type"":""client_attestation"",""credential_format"":""mdoc"",""fapi_profile"":""vci_haip"",""fapi_request_method"":""unsigned"",""fapi_response_mode"":""plain_response"",""openid"":""plain_oauth"",""sender_constrain"":""dpop"",""vci_authorization_code_flow_variant"":""issuer_initiated"",""vci_credential_encryption"":""plain"",""vci_grant_type"":""authorization_code""}"
corrected-openid4vc,8abe4fe33891621ce2659f78d6bc2c224f042e17,dbd8b0647731dcf4fa3d725cd8269fc745f9e5ee,openid4vc-vci-haip-p037,iZW2yPSVod5sC,BOTplJ1qNradKpW,fapi2-security-profile-final-par-attempt-reuse-request_uri,True,FINISHED,PASSED,PASSED,"{""authorization_request_type"":""simple"",""client_auth_type"":""client_attestation"",""credential_format"":""mdoc"",""fapi_profile"":""vci_haip"",""fapi_request_method"":""unsigned"",""fapi_response_mode"":""plain_response"",""openid"":""plain_oauth"",""sender_constrain"":""dpop"",""vci_authorization_code_flow_variant"":""issuer_initiated"",""vci_credential_encryption"":""plain"",""vci_grant_type"":""authorization_code""}"
corrected-openid4vc,8abe4fe33891621ce2659f78d6bc2c224f042e17,dbd8b0647731dcf4fa3d725cd8269fc745f9e5ee,openid4vc-vci-haip-p037,iZW2yPSVod5sC,BGtDnabWsYqLwAj,fapi2-security-profile-final-par-attempt-to-use-expired-request_uri,True,FINISHED,PASSED,PASSED,"{""authorization_request_type"":""simple"",""client_auth_type"":""client_attestation"",""credential_format"":""mdoc"",""fapi_profile"":""vci_haip"",""fapi_request_method"":""unsigned"",""fapi_response_mode"":""plain_response"",""openid"":""plain_oauth"",""sender_constrain"":""dpop"",""vci_authorization_code_flow_variant"":""issuer_initiated"",""vci_credential_encryption"":""plain"",""vci_grant_type"":""authorization_code""}"
corrected-openid4vc,8abe4fe33891621ce2659f78d6bc2c224f042e17,dbd8b0647731dcf4fa3d725cd8269fc745f9e5ee,openid4vc-vci-haip-p037,iZW2yPSVod5sC,llgKmjUGBooedlY,fapi2-security-profile-final-par-attempt-to-use-request_uri-for-different-client,True,FINISHED,PASSED,PASSED,"{""authorization_request_type"":""simple"",""client_auth_type"":""client_attestation"",""credential_format"":""mdoc"",""fapi_profile"":""vci_haip"",""fapi_request_method"":""unsigned"",""fapi_response_mode"":""plain_response"",""openid"":""plain_oauth"",""sender_constrain"":""dpop"",""vci_authorization_code_flow_variant"":""issuer_initiated"",""vci_credential_encryption"":""plain"",""vci_grant_type"":""authorization_code""}"
corrected-openid4vc,8abe4fe33891621ce2659f78d6bc2c224f042e17,dbd8b0647731dcf4fa3d725cd8269fc745f9e5ee,openid4vc-vci-haip-p037,iZW2yPSVod5sC,aasqoSEY1Zehiqm,fapi2-security-profile-final-par-authorization-request-containing-request_uri-form-param,True,FINISHED,PASSED,PASSED,"{""authorization_request_type"":""simple"",""client_auth_type"":""client_attestation"",""credential_format"":""mdoc"",""fapi_profile"":""vci_haip"",""fapi_request_method"":""unsigned"",""fapi_response_mode"":""plain_response"",""openid"":""plain_oauth"",""sender_constrain"":""dpop"",""vci_authorization_code_flow_variant"":""issuer_initiated"",""vci_credential_encryption"":""plain"",""vci_grant_type"":""authorization_code""}"
corrected-openid4vc,8abe4fe33891621ce2659f78d6bc2c224f042e17,dbd8b0647731dcf4fa3d725cd8269fc745f9e5ee,openid4vc-vci-haip-p037,iZW2yPSVod5sC,n2f0ED5ocY4weJe,fapi2-security-profile-final-par-attempt-invalid-http-method,True,FINISHED,PASSED,PASSED,"{""authorization_request_type"":""simple"",""client_auth_type"":""client_attestation"",""credential_format"":""mdoc"",""fapi_profile"":""vci_haip"",""fapi_request_method"":""unsigned"",""fapi_response_mode"":""plain_response"",""openid"":""plain_oauth"",""sender_constrain"":""dpop"",""vci_authorization_code_flow_variant"":""issuer_initiated"",""vci_credential_encryption"":""plain"",""vci_grant_type"":""authorization_code""}"
corrected-openid4vc,8abe4fe33891621ce2659f78d6bc2c224f042e17,dbd8b0647731dcf4fa3d725cd8269fc745f9e5ee,openid4vc-vci-haip-p037,iZW2yPSVod5sC,p2H6VT7TFDmvm7Y,fapi2-security-profile-final-par-ensure-pkce-required,True,FINISHED,PASSED,PASSED,"{""authorization_request_type"":""simple"",""client_auth_type"":""client_attestation"",""credential_format"":""mdoc"",""fapi_profile"":""vci_haip"",""fapi_request_method"":""unsigned"",""fapi_response_mode"":""plain_response"",""openid"":""plain_oauth"",""sender_constrain"":""dpop"",""vci_authorization_code_flow_variant"":""issuer_initiated"",""vci_credential_encryption"":""plain"",""vci_grant_type"":""authorization_code""}"
corrected-openid4vc,8abe4fe33891621ce2659f78d6bc2c224f042e17,dbd8b0647731dcf4fa3d725cd8269fc745f9e5ee,openid4vc-vci-haip-p037,iZW2yPSVod5sC,qlUCmo0tSSDVMtQ,fapi2-security-profile-final-ensure-pkce-code-verifier-required,True,FINISHED,PASSED,PASSED,"{""authorization_request_type"":""simple"",""client_auth_type"":""client_attestation"",""credential_format"":""mdoc"",""fapi_profile"":""vci_haip"",""fapi_request_method"":""unsigned"",""fapi_response_mode"":""plain_response"",""openid"":""plain_oauth"",""sender_constrain"":""dpop"",""vci_authorization_code_flow_variant"":""issuer_initiated"",""vci_credential_encryption"":""plain"",""vci_grant_type"":""authorization_code""}"
corrected-openid4vc,8abe4fe33891621ce2659f78d6bc2c224f042e17,dbd8b0647731dcf4fa3d725cd8269fc745f9e5ee,openid4vc-vci-haip-p037,iZW2yPSVod5sC,o8CvTKhLf4m9MOy,fapi2-security-profile-final-incorrect-pkce-code-verifier-rejected,True,FINISHED,PASSED,PASSED,"{""authorization_request_type"":""simple"",""client_auth_type"":""client_attestation"",""credential_format"":""mdoc"",""fapi_profile"":""vci_haip"",""fapi_request_method"":""unsigned"",""fapi_response_mode"":""plain_response"",""openid"":""plain_oauth"",""sender_constrain"":""dpop"",""vci_authorization_code_flow_variant"":""issuer_initiated"",""vci_credential_encryption"":""plain"",""vci_grant_type"":""authorization_code""}"
corrected-openid4vc,8abe4fe33891621ce2659f78d6bc2c224f042e17,dbd8b0647731dcf4fa3d725cd8269fc745f9e5ee,openid4vc-vci-haip-p037,iZW2yPSVod5sC,Y9ZMj7AkG9e5kTd,fapi2-security-profile-final-par-plain-pkce-rejected,True,FINISHED,PASSED,PASSED,"{""authorization_request_type"":""simple"",""client_auth_type"":""client_attestation"",""credential_format"":""mdoc"",""fapi_profile"":""vci_haip"",""fapi_request_method"":""unsigned"",""fapi_response_mode"":""plain_response"",""openid"":""plain_oauth"",""sender_constrain"":""dpop"",""vci_authorization_code_flow_variant"":""issuer_initiated"",""vci_credential_encryption"":""plain"",""vci_grant_type"":""authorization_code""}"
corrected-openid4vc,8abe4fe33891621ce2659f78d6bc2c224f042e17,dbd8b0647731dcf4fa3d725cd8269fc745f9e5ee,openid4vc-vci-haip-p037,iZW2yPSVod5sC,QaBGtpJ4QNMP5p2,fapi2-security-profile-final-par-without-duplicate-parameters,True,FINISHED,PASSED,PASSED,"{""authorization_request_type"":""simple"",""client_auth_type"":""client_attestation"",""credential_format"":""mdoc"",""fapi_profile"":""vci_haip"",""fapi_request_method"":""unsigned"",""fapi_response_mode"":""plain_response"",""openid"":""plain_oauth"",""sender_constrain"":""dpop"",""vci_authorization_code_flow_variant"":""issuer_initiated"",""vci_credential_encryption"":""plain"",""vci_grant_type"":""authorization_code""}"
corrected-openid4vc,8abe4fe33891621ce2659f78d6bc2c224f042e17,dbd8b0647731dcf4fa3d725cd8269fc745f9e5ee,openid4vc-vp-p038,EuFaSexsXkLfe,F1zazWvVvSn3bCJ,oid4vp-1final-verifier-happy-flow,True,FINISHED,REVIEW,REVIEW,"{""client_id_prefix"":""redirect_uri"",""credential_format"":""sd_jwt_vc"",""request_method"":""url_query"",""response_mode"":""direct_post"",""vp_profile"":""plain_vp""}"
corrected-openid4vc,8abe4fe33891621ce2659f78d6bc2c224f042e17,dbd8b0647731dcf4fa3d725cd8269fc745f9e5ee,openid4vc-vp-p038,EuFaSexsXkLfe,oFFR8NT4DpTiePJ,oid4vp-1final-verifier-minimal-cnf-jwk,True,FINISHED,REVIEW,REVIEW,"{""client_id_prefix"":""redirect_uri"",""credential_format"":""sd_jwt_vc"",""request_method"":""url_query"",""response_mode"":""direct_post"",""vp_profile"":""plain_vp""}"
corrected-openid4vc,8abe4fe33891621ce2659f78d6bc2c224f042e17,dbd8b0647731dcf4fa3d725cd8269fc745f9e5ee,openid4vc-vp-p038,EuFaSexsXkLfe,mNOdpyb7rfJLKmx,oid4vp-1final-verifier-request-uri-method-post,True,FINISHED,REVIEW,REVIEW,"{""client_id_prefix"":""redirect_uri"",""credential_format"":""sd_jwt_vc"",""request_method"":""url_query"",""response_mode"":""direct_post"",""vp_profile"":""plain_vp""}"
corrected-openid4vc,8abe4fe33891621ce2659f78d6bc2c224f042e17,dbd8b0647731dcf4fa3d725cd8269fc745f9e5ee,openid4vc-vp-p038,EuFaSexsXkLfe,Np9toPGzMSEHYtj,oid4vp-1final-verifier-invalid-kb-jwt-signature,True,FINISHED,PASSED,PASSED,"{""client_id_prefix"":""redirect_uri"",""credential_format"":""sd_jwt_vc"",""request_method"":""url_query"",""response_mode"":""direct_post"",""vp_profile"":""plain_vp""}"
corrected-openid4vc,8abe4fe33891621ce2659f78d6bc2c224f042e17,dbd8b0647731dcf4fa3d725cd8269fc745f9e5ee,openid4vc-vp-p038,EuFaSexsXkLfe,0BHzc4a9eWMS7dX,oid4vp-1final-verifier-invalid-credential-signature,True,FINISHED,PASSED,PASSED,"{""client_id_prefix"":""redirect_uri"",""credential_format"":""sd_jwt_vc"",""request_method"":""url_query"",""response_mode"":""direct_post"",""vp_profile"":""plain_vp""}"
corrected-openid4vc,8abe4fe33891621ce2659f78d6bc2c224f042e17,dbd8b0647731dcf4fa3d725cd8269fc745f9e5ee,openid4vc-vp-p038,EuFaSexsXkLfe,rOA7hLsJIsspUFv,oid4vp-1final-verifier-invalid-sd-hash,True,FINISHED,PASSED,PASSED,"{""client_id_prefix"":""redirect_uri"",""credential_format"":""sd_jwt_vc"",""request_method"":""url_query"",""response_mode"":""direct_post"",""vp_profile"":""plain_vp""}"
corrected-openid4vc,8abe4fe33891621ce2659f78d6bc2c224f042e17,dbd8b0647731dcf4fa3d725cd8269fc745f9e5ee,openid4vc-vp-p038,EuFaSexsXkLfe,6Qebw1KegvL7w9w,oid4vp-1final-verifier-invalid-kb-jwt-nonce,True,FINISHED,PASSED,PASSED,"{""client_id_prefix"":""redirect_uri"",""credential_format"":""sd_jwt_vc"",""request_method"":""url_query"",""response_mode"":""direct_post"",""vp_profile"":""plain_vp""}"
corrected-openid4vc,8abe4fe33891621ce2659f78d6bc2c224f042e17,dbd8b0647731dcf4fa3d725cd8269fc745f9e5ee,openid4vc-vp-p038,EuFaSexsXkLfe,CcSp5sAAmIVirMT,oid4vp-1final-verifier-invalid-kb-jwt-aud,True,FINISHED,PASSED,PASSED,"{""client_id_prefix"":""redirect_uri"",""credential_format"":""sd_jwt_vc"",""request_method"":""url_query"",""response_mode"":""direct_post"",""vp_profile"":""plain_vp""}"
corrected-openid4vc,8abe4fe33891621ce2659f78d6bc2c224f042e17,dbd8b0647731dcf4fa3d725cd8269fc745f9e5ee,openid4vc-vp-p038,EuFaSexsXkLfe,0e2NmM0p3xBmbvH,oid4vp-1final-verifier-kb-jwt-iat-in-past,True,FINISHED,PASSED,PASSED,"{""client_id_prefix"":""redirect_uri"",""credential_format"":""sd_jwt_vc"",""request_method"":""url_query"",""response_mode"":""direct_post"",""vp_profile"":""plain_vp""}"
corrected-openid4vc,8abe4fe33891621ce2659f78d6bc2c224f042e17,dbd8b0647731dcf4fa3d725cd8269fc745f9e5ee,openid4vc-vp-p038,EuFaSexsXkLfe,sFZavvQz0AnX3eQ,oid4vp-1final-verifier-kb-jwt-iat-in-future,True,FINISHED,PASSED,PASSED,"{""client_id_prefix"":""redirect_uri"",""credential_format"":""sd_jwt_vc"",""request_method"":""url_query"",""response_mode"":""direct_post"",""vp_profile"":""plain_vp""}"
corrected-openid4vc,8abe4fe33891621ce2659f78d6bc2c224f042e17,dbd8b0647731dcf4fa3d725cd8269fc745f9e5ee,openid4vc-vp-p039,znuKvdsKeMeb0,Xlxj0BUURHb71ip,oid4vp-1final-verifier-happy-flow,True,FINISHED,REVIEW,REVIEW,"{""client_id_prefix"":""x509_san_dns"",""credential_format"":""sd_jwt_vc"",""request_method"":""request_uri_signed"",""response_mode"":""direct_post"",""vp_profile"":""plain_vp""}"
corrected-openid4vc,8abe4fe33891621ce2659f78d6bc2c224f042e17,dbd8b0647731dcf4fa3d725cd8269fc745f9e5ee,openid4vc-vp-p039,znuKvdsKeMeb0,1ARDx0zRFQuxUFq,oid4vp-1final-verifier-minimal-cnf-jwk,True,FINISHED,REVIEW,REVIEW,"{""client_id_prefix"":""x509_san_dns"",""credential_format"":""sd_jwt_vc"",""request_method"":""request_uri_signed"",""response_mode"":""direct_post"",""vp_profile"":""plain_vp""}"
corrected-openid4vc,8abe4fe33891621ce2659f78d6bc2c224f042e17,dbd8b0647731dcf4fa3d725cd8269fc745f9e5ee,openid4vc-vp-p039,znuKvdsKeMeb0,nuUUJ82Rua46xHt,oid4vp-1final-verifier-request-uri-method-post,True,FINISHED,REVIEW,REVIEW,"{""client_id_prefix"":""x509_san_dns"",""credential_format"":""sd_jwt_vc"",""request_method"":""request_uri_signed"",""response_mode"":""direct_post"",""vp_profile"":""plain_vp""}"
corrected-openid4vc,8abe4fe33891621ce2659f78d6bc2c224f042e17,dbd8b0647731dcf4fa3d725cd8269fc745f9e5ee,openid4vc-vp-p039,znuKvdsKeMeb0,U95E6cYS4EGYB56,oid4vp-1final-verifier-request-uri-fetched-twice,True,FINISHED,REVIEW,REVIEW,"{""client_id_prefix"":""x509_san_dns"",""credential_format"":""sd_jwt_vc"",""request_method"":""request_uri_signed"",""response_mode"":""direct_post"",""vp_profile"":""plain_vp""}"
corrected-openid4vc,8abe4fe33891621ce2659f78d6bc2c224f042e17,dbd8b0647731dcf4fa3d725cd8269fc745f9e5ee,openid4vc-vp-p039,znuKvdsKeMeb0,GfSPb7KGpZ4q3Bc,oid4vp-1final-verifier-invalid-kb-jwt-signature,True,FINISHED,PASSED,PASSED,"{""client_id_prefix"":""x509_san_dns"",""credential_format"":""sd_jwt_vc"",""request_method"":""request_uri_signed"",""response_mode"":""direct_post"",""vp_profile"":""plain_vp""}"
corrected-openid4vc,8abe4fe33891621ce2659f78d6bc2c224f042e17,dbd8b0647731dcf4fa3d725cd8269fc745f9e5ee,openid4vc-vp-p039,znuKvdsKeMeb0,CZ15hGxV0XFKOmy,oid4vp-1final-verifier-invalid-credential-signature,True,FINISHED,PASSED,PASSED,"{""client_id_prefix"":""x509_san_dns"",""credential_format"":""sd_jwt_vc"",""request_method"":""request_uri_signed"",""response_mode"":""direct_post"",""vp_profile"":""plain_vp""}"
corrected-openid4vc,8abe4fe33891621ce2659f78d6bc2c224f042e17,dbd8b0647731dcf4fa3d725cd8269fc745f9e5ee,openid4vc-vp-p039,znuKvdsKeMeb0,awLVrJEo9coSM3y,oid4vp-1final-verifier-invalid-sd-hash,True,FINISHED,PASSED,PASSED,"{""client_id_prefix"":""x509_san_dns"",""credential_format"":""sd_jwt_vc"",""request_method"":""request_uri_signed"",""response_mode"":""direct_post"",""vp_profile"":""plain_vp""}"
corrected-openid4vc,8abe4fe33891621ce2659f78d6bc2c224f042e17,dbd8b0647731dcf4fa3d725cd8269fc745f9e5ee,openid4vc-vp-p039,znuKvdsKeMeb0,r9dtznBiu4bK0eM,oid4vp-1final-verifier-invalid-kb-jwt-nonce,True,FINISHED,PASSED,PASSED,"{""client_id_prefix"":""x509_san_dns"",""credential_format"":""sd_jwt_vc"",""request_method"":""request_uri_signed"",""response_mode"":""direct_post"",""vp_profile"":""plain_vp""}"
corrected-openid4vc,8abe4fe33891621ce2659f78d6bc2c224f042e17,dbd8b0647731dcf4fa3d725cd8269fc745f9e5ee,openid4vc-vp-p039,znuKvdsKeMeb0,bRrrczFKnZ7d045,oid4vp-1final-verifier-invalid-kb-jwt-aud,True,FINISHED,PASSED,PASSED,"{""client_id_prefix"":""x509_san_dns"",""credential_format"":""sd_jwt_vc"",""request_method"":""request_uri_signed"",""response_mode"":""direct_post"",""vp_profile"":""plain_vp""}"
corrected-openid4vc,8abe4fe33891621ce2659f78d6bc2c224f042e17,dbd8b0647731dcf4fa3d725cd8269fc745f9e5ee,openid4vc-vp-p039,znuKvdsKeMeb0,ko1M6hE3A0nyaIb,oid4vp-1final-verifier-kb-jwt-iat-in-past,True,FINISHED,PASSED,PASSED,"{""client_id_prefix"":""x509_san_dns"",""credential_format"":""sd_jwt_vc"",""request_method"":""request_uri_signed"",""response_mode"":""direct_post"",""vp_profile"":""plain_vp""}"
corrected-openid4vc,8abe4fe33891621ce2659f78d6bc2c224f042e17,dbd8b0647731dcf4fa3d725cd8269fc745f9e5ee,openid4vc-vp-p039,znuKvdsKeMeb0,74mnroX0czOmmg2,oid4vp-1final-verifier-kb-jwt-iat-in-future,True,FINISHED,PASSED,PASSED,"{""client_id_prefix"":""x509_san_dns"",""credential_format"":""sd_jwt_vc"",""request_method"":""request_uri_signed"",""response_mode"":""direct_post"",""vp_profile"":""plain_vp""}"
corrected-openid4vc,8abe4fe33891621ce2659f78d6bc2c224f042e17,dbd8b0647731dcf4fa3d725cd8269fc745f9e5ee,openid4vc-vp-p040,rjGd8JVEYCUMv,jCAG5rolbU2Df9b,oid4vp-1final-verifier-happy-flow,True,FINISHED,REVIEW,REVIEW,"{""client_id_prefix"":""x509_san_dns"",""credential_format"":""iso_mdl"",""request_method"":""request_uri_signed"",""response_mode"":""direct_post.jwt"",""vp_profile"":""plain_vp""}"
corrected-openid4vc,8abe4fe33891621ce2659f78d6bc2c224f042e17,dbd8b0647731dcf4fa3d725cd8269fc745f9e5ee,openid4vc-vp-p040,rjGd8JVEYCUMv,bQCrJEDNcluIXCq,oid4vp-1final-verifier-request-uri-method-post,True,FINISHED,REVIEW,REVIEW,"{""client_id_prefix"":""x509_san_dns"",""credential_format"":""iso_mdl"",""request_method"":""request_uri_signed"",""response_mode"":""direct_post.jwt"",""vp_profile"":""plain_vp""}"
corrected-openid4vc,8abe4fe33891621ce2659f78d6bc2c224f042e17,dbd8b0647731dcf4fa3d725cd8269fc745f9e5ee,openid4vc-vp-p040,rjGd8JVEYCUMv,UljIVC0RtW05qIL,oid4vp-1final-verifier-request-uri-fetched-twice,True,FINISHED,REVIEW,REVIEW,"{""client_id_prefix"":""x509_san_dns"",""credential_format"":""iso_mdl"",""request_method"":""request_uri_signed"",""response_mode"":""direct_post.jwt"",""vp_profile"":""plain_vp""}"
corrected-openid4vc,8abe4fe33891621ce2659f78d6bc2c224f042e17,dbd8b0647731dcf4fa3d725cd8269fc745f9e5ee,openid4vc-vp-p040,rjGd8JVEYCUMv,570UWaXPfIdWlBl,oid4vp-1final-verifier-invalid-session-transcript,True,FINISHED,PASSED,PASSED,"{""client_id_prefix"":""x509_san_dns"",""credential_format"":""iso_mdl"",""request_method"":""request_uri_signed"",""response_mode"":""direct_post.jwt"",""vp_profile"":""plain_vp""}"
corrected-openid4vc,8abe4fe33891621ce2659f78d6bc2c224f042e17,dbd8b0647731dcf4fa3d725cd8269fc745f9e5ee,openid4vc-vp-p041,UhVEqs2WxTBb5,6SKNK9gCKIwBvjk,oid4vp-1final-verifier-happy-flow,True,FINISHED,REVIEW,REVIEW,"{""client_id_prefix"":""x509_hash"",""credential_format"":""sd_jwt_vc"",""request_method"":""request_uri_signed"",""response_mode"":""direct_post.jwt"",""vp_profile"":""plain_vp""}"
corrected-openid4vc,8abe4fe33891621ce2659f78d6bc2c224f042e17,dbd8b0647731dcf4fa3d725cd8269fc745f9e5ee,openid4vc-vp-p041,UhVEqs2WxTBb5,o7WI7RSWkfNhBlt,oid4vp-1final-verifier-minimal-cnf-jwk,True,FINISHED,REVIEW,REVIEW,"{""client_id_prefix"":""x509_hash"",""credential_format"":""sd_jwt_vc"",""request_method"":""request_uri_signed"",""response_mode"":""direct_post.jwt"",""vp_profile"":""plain_vp""}"
corrected-openid4vc,8abe4fe33891621ce2659f78d6bc2c224f042e17,dbd8b0647731dcf4fa3d725cd8269fc745f9e5ee,openid4vc-vp-p041,UhVEqs2WxTBb5,cwmWlNmTNIIVNr2,oid4vp-1final-verifier-request-uri-method-post,True,FINISHED,REVIEW,REVIEW,"{""client_id_prefix"":""x509_hash"",""credential_format"":""sd_jwt_vc"",""request_method"":""request_uri_signed"",""response_mode"":""direct_post.jwt"",""vp_profile"":""plain_vp""}"
corrected-openid4vc,8abe4fe33891621ce2659f78d6bc2c224f042e17,dbd8b0647731dcf4fa3d725cd8269fc745f9e5ee,openid4vc-vp-p041,UhVEqs2WxTBb5,XDnIBXhZMzbfzSi,oid4vp-1final-verifier-request-uri-fetched-twice,True,FINISHED,REVIEW,REVIEW,"{""client_id_prefix"":""x509_hash"",""credential_format"":""sd_jwt_vc"",""request_method"":""request_uri_signed"",""response_mode"":""direct_post.jwt"",""vp_profile"":""plain_vp""}"
corrected-openid4vc,8abe4fe33891621ce2659f78d6bc2c224f042e17,dbd8b0647731dcf4fa3d725cd8269fc745f9e5ee,openid4vc-vp-p041,UhVEqs2WxTBb5,tjJOjFjOyOQasdP,oid4vp-1final-verifier-invalid-kb-jwt-signature,True,FINISHED,PASSED,PASSED,"{""client_id_prefix"":""x509_hash"",""credential_format"":""sd_jwt_vc"",""request_method"":""request_uri_signed"",""response_mode"":""direct_post.jwt"",""vp_profile"":""plain_vp""}"
corrected-openid4vc,8abe4fe33891621ce2659f78d6bc2c224f042e17,dbd8b0647731dcf4fa3d725cd8269fc745f9e5ee,openid4vc-vp-p041,UhVEqs2WxTBb5,6LK0HIPJmTTZozd,oid4vp-1final-verifier-invalid-credential-signature,True,FINISHED,PASSED,PASSED,"{""client_id_prefix"":""x509_hash"",""credential_format"":""sd_jwt_vc"",""request_method"":""request_uri_signed"",""response_mode"":""direct_post.jwt"",""vp_profile"":""plain_vp""}"
corrected-openid4vc,8abe4fe33891621ce2659f78d6bc2c224f042e17,dbd8b0647731dcf4fa3d725cd8269fc745f9e5ee,openid4vc-vp-p041,UhVEqs2WxTBb5,IStVF0AREozcPhl,oid4vp-1final-verifier-invalid-sd-hash,True,FINISHED,PASSED,PASSED,"{""client_id_prefix"":""x509_hash"",""credential_format"":""sd_jwt_vc"",""request_method"":""request_uri_signed"",""response_mode"":""direct_post.jwt"",""vp_profile"":""plain_vp""}"
corrected-openid4vc,8abe4fe33891621ce2659f78d6bc2c224f042e17,dbd8b0647731dcf4fa3d725cd8269fc745f9e5ee,openid4vc-vp-p041,UhVEqs2WxTBb5,HicmEg4bbVrHyan,oid4vp-1final-verifier-invalid-kb-jwt-nonce,True,FINISHED,PASSED,PASSED,"{""client_id_prefix"":""x509_hash"",""credential_format"":""sd_jwt_vc"",""request_method"":""request_uri_signed"",""response_mode"":""direct_post.jwt"",""vp_profile"":""plain_vp""}"
corrected-openid4vc,8abe4fe33891621ce2659f78d6bc2c224f042e17,dbd8b0647731dcf4fa3d725cd8269fc745f9e5ee,openid4vc-vp-p041,UhVEqs2WxTBb5,o2GDnGpkh9PVKLI,oid4vp-1final-verifier-invalid-kb-jwt-aud,True,FINISHED,PASSED,PASSED,"{""client_id_prefix"":""x509_hash"",""credential_format"":""sd_jwt_vc"",""request_method"":""request_uri_signed"",""response_mode"":""direct_post.jwt"",""vp_profile"":""plain_vp""}"
corrected-openid4vc,8abe4fe33891621ce2659f78d6bc2c224f042e17,dbd8b0647731dcf4fa3d725cd8269fc745f9e5ee,openid4vc-vp-p041,UhVEqs2WxTBb5,JFUFDG9JqSvq2fZ,oid4vp-1final-verifier-kb-jwt-iat-in-past,True,FINISHED,PASSED,PASSED,"{""client_id_prefix"":""x509_hash"",""credential_format"":""sd_jwt_vc"",""request_method"":""request_uri_signed"",""response_mode"":""direct_post.jwt"",""vp_profile"":""plain_vp""}"
corrected-openid4vc,8abe4fe33891621ce2659f78d6bc2c224f042e17,dbd8b0647731dcf4fa3d725cd8269fc745f9e5ee,openid4vc-vp-p041,UhVEqs2WxTBb5,ikITnlaGwhZNwDn,oid4vp-1final-verifier-kb-jwt-iat-in-future,True,FINISHED,PASSED,PASSED,"{""client_id_prefix"":""x509_hash"",""credential_format"":""sd_jwt_vc"",""request_method"":""request_uri_signed"",""response_mode"":""direct_post.jwt"",""vp_profile"":""plain_vp""}"
corrected-openid4vc,8abe4fe33891621ce2659f78d6bc2c224f042e17,dbd8b0647731dcf4fa3d725cd8269fc745f9e5ee,openid4vc-vp-p042,fbPFwAyvFXsUr,MSIaxNtFxiR5EQG,oid4vp-1final-verifier-happy-flow,True,FINISHED,REVIEW,REVIEW,"{""client_id_prefix"":""x509_hash"",""credential_format"":""iso_mdl"",""request_method"":""request_uri_signed"",""response_mode"":""direct_post"",""vp_profile"":""plain_vp""}"
corrected-openid4vc,8abe4fe33891621ce2659f78d6bc2c224f042e17,dbd8b0647731dcf4fa3d725cd8269fc745f9e5ee,openid4vc-vp-p042,fbPFwAyvFXsUr,AKjj28VHsAdW9al,oid4vp-1final-verifier-request-uri-method-post,True,FINISHED,REVIEW,REVIEW,"{""client_id_prefix"":""x509_hash"",""credential_format"":""iso_mdl"",""request_method"":""request_uri_signed"",""response_mode"":""direct_post"",""vp_profile"":""plain_vp""}"
corrected-openid4vc,8abe4fe33891621ce2659f78d6bc2c224f042e17,dbd8b0647731dcf4fa3d725cd8269fc745f9e5ee,openid4vc-vp-p042,fbPFwAyvFXsUr,9zLom4f0e1pf8Oa,oid4vp-1final-verifier-request-uri-fetched-twice,True,FINISHED,REVIEW,REVIEW,"{""client_id_prefix"":""x509_hash"",""credential_format"":""iso_mdl"",""request_method"":""request_uri_signed"",""response_mode"":""direct_post"",""vp_profile"":""plain_vp""}"
corrected-openid4vc,8abe4fe33891621ce2659f78d6bc2c224f042e17,dbd8b0647731dcf4fa3d725cd8269fc745f9e5ee,openid4vc-vp-p042,fbPFwAyvFXsUr,3WjrY6uwaExTlAL,oid4vp-1final-verifier-invalid-session-transcript,True,FINISHED,PASSED,PASSED,"{""client_id_prefix"":""x509_hash"",""credential_format"":""iso_mdl"",""request_method"":""request_uri_signed"",""response_mode"":""direct_post"",""vp_profile"":""plain_vp""}"
corrected-openid4vc,8abe4fe33891621ce2659f78d6bc2c224f042e17,dbd8b0647731dcf4fa3d725cd8269fc745f9e5ee,openid4vc-vp-haip-p043,piKhuzVWWyykT,ZyKgPRMIrdXneY5,oid4vp-1final-verifier-happy-flow,True,FINISHED,REVIEW,REVIEW,"{""client_id_prefix"":""x509_hash"",""credential_format"":""sd_jwt_vc"",""request_method"":""request_uri_signed"",""response_mode"":""direct_post.jwt"",""vp_profile"":""haip""}"
corrected-openid4vc,8abe4fe33891621ce2659f78d6bc2c224f042e17,dbd8b0647731dcf4fa3d725cd8269fc745f9e5ee,openid4vc-vp-haip-p043,piKhuzVWWyykT,WEB1XxqEL1wmxY9,oid4vp-1final-verifier-minimal-cnf-jwk,True,FINISHED,REVIEW,REVIEW,"{""client_id_prefix"":""x509_hash"",""credential_format"":""sd_jwt_vc"",""request_method"":""request_uri_signed"",""response_mode"":""direct_post.jwt"",""vp_profile"":""haip""}"
corrected-openid4vc,8abe4fe33891621ce2659f78d6bc2c224f042e17,dbd8b0647731dcf4fa3d725cd8269fc745f9e5ee,openid4vc-vp-haip-p043,piKhuzVWWyykT,qo6S0TBCUevVBMU,oid4vp-1final-verifier-request-uri-method-post,True,FINISHED,REVIEW,REVIEW,"{""client_id_prefix"":""x509_hash"",""credential_format"":""sd_jwt_vc"",""request_method"":""request_uri_signed"",""response_mode"":""direct_post.jwt"",""vp_profile"":""haip""}"
corrected-openid4vc,8abe4fe33891621ce2659f78d6bc2c224f042e17,dbd8b0647731dcf4fa3d725cd8269fc745f9e5ee,openid4vc-vp-haip-p043,piKhuzVWWyykT,3CymEfCDqYPs9wQ,oid4vp-1final-verifier-request-uri-fetched-twice,True,FINISHED,REVIEW,REVIEW,"{""client_id_prefix"":""x509_hash"",""credential_format"":""sd_jwt_vc"",""request_method"":""request_uri_signed"",""response_mode"":""direct_post.jwt"",""vp_profile"":""haip""}"
corrected-openid4vc,8abe4fe33891621ce2659f78d6bc2c224f042e17,dbd8b0647731dcf4fa3d725cd8269fc745f9e5ee,openid4vc-vp-haip-p043,piKhuzVWWyykT,diKZVCzkXrSJrDi,oid4vp-1final-verifier-invalid-kb-jwt-signature,True,FINISHED,PASSED,PASSED,"{""client_id_prefix"":""x509_hash"",""credential_format"":""sd_jwt_vc"",""request_method"":""request_uri_signed"",""response_mode"":""direct_post.jwt"",""vp_profile"":""haip""}"
corrected-openid4vc,8abe4fe33891621ce2659f78d6bc2c224f042e17,dbd8b0647731dcf4fa3d725cd8269fc745f9e5ee,openid4vc-vp-haip-p043,piKhuzVWWyykT,88qwUgg9JzkzPfB,oid4vp-1final-verifier-invalid-credential-signature,True,FINISHED,PASSED,PASSED,"{""client_id_prefix"":""x509_hash"",""credential_format"":""sd_jwt_vc"",""request_method"":""request_uri_signed"",""response_mode"":""direct_post.jwt"",""vp_profile"":""haip""}"
corrected-openid4vc,8abe4fe33891621ce2659f78d6bc2c224f042e17,dbd8b0647731dcf4fa3d725cd8269fc745f9e5ee,openid4vc-vp-haip-p043,piKhuzVWWyykT,aXyDgG0fC1uUQ7T,oid4vp-1final-verifier-invalid-sd-hash,True,FINISHED,PASSED,PASSED,"{""client_id_prefix"":""x509_hash"",""credential_format"":""sd_jwt_vc"",""request_method"":""request_uri_signed"",""response_mode"":""direct_post.jwt"",""vp_profile"":""haip""}"
corrected-openid4vc,8abe4fe33891621ce2659f78d6bc2c224f042e17,dbd8b0647731dcf4fa3d725cd8269fc745f9e5ee,openid4vc-vp-haip-p043,piKhuzVWWyykT,hj9WqJChG7LZYwm,oid4vp-1final-verifier-invalid-kb-jwt-nonce,True,FINISHED,PASSED,PASSED,"{""client_id_prefix"":""x509_hash"",""credential_format"":""sd_jwt_vc"",""request_method"":""request_uri_signed"",""response_mode"":""direct_post.jwt"",""vp_profile"":""haip""}"
corrected-openid4vc,8abe4fe33891621ce2659f78d6bc2c224f042e17,dbd8b0647731dcf4fa3d725cd8269fc745f9e5ee,openid4vc-vp-haip-p043,piKhuzVWWyykT,wxtibPa4ISVliJg,oid4vp-1final-verifier-invalid-kb-jwt-aud,True,FINISHED,PASSED,PASSED,"{""client_id_prefix"":""x509_hash"",""credential_format"":""sd_jwt_vc"",""request_method"":""request_uri_signed"",""response_mode"":""direct_post.jwt"",""vp_profile"":""haip""}"
corrected-openid4vc,8abe4fe33891621ce2659f78d6bc2c224f042e17,dbd8b0647731dcf4fa3d725cd8269fc745f9e5ee,openid4vc-vp-haip-p043,piKhuzVWWyykT,t09vn7BofsrPUzt,oid4vp-1final-verifier-kb-jwt-iat-in-past,True,FINISHED,PASSED,PASSED,"{""client_id_prefix"":""x509_hash"",""credential_format"":""sd_jwt_vc"",""request_method"":""request_uri_signed"",""response_mode"":""direct_post.jwt"",""vp_profile"":""haip""}"
corrected-openid4vc,8abe4fe33891621ce2659f78d6bc2c224f042e17,dbd8b0647731dcf4fa3d725cd8269fc745f9e5ee,openid4vc-vp-haip-p043,piKhuzVWWyykT,IV2lMeBaK6kxP3u,oid4vp-1final-verifier-kb-jwt-iat-in-future,True,FINISHED,PASSED,PASSED,"{""client_id_prefix"":""x509_hash"",""credential_format"":""sd_jwt_vc"",""request_method"":""request_uri_signed"",""response_mode"":""direct_post.jwt"",""vp_profile"":""haip""}"
corrected-openid4vc,8abe4fe33891621ce2659f78d6bc2c224f042e17,dbd8b0647731dcf4fa3d725cd8269fc745f9e5ee,openid4vc-vp-haip-p044,Xpdi5ePoh66xI,YW6RqmDvqZULTxP,oid4vp-1final-verifier-happy-flow,True,FINISHED,REVIEW,REVIEW,"{""client_id_prefix"":""x509_hash"",""credential_format"":""iso_mdl"",""request_method"":""request_uri_signed"",""response_mode"":""direct_post.jwt"",""vp_profile"":""haip""}"
corrected-openid4vc,8abe4fe33891621ce2659f78d6bc2c224f042e17,dbd8b0647731dcf4fa3d725cd8269fc745f9e5ee,openid4vc-vp-haip-p044,Xpdi5ePoh66xI,S0Ml1yBJXpac6d2,oid4vp-1final-verifier-request-uri-method-post,True,FINISHED,REVIEW,REVIEW,"{""client_id_prefix"":""x509_hash"",""credential_format"":""iso_mdl"",""request_method"":""request_uri_signed"",""response_mode"":""direct_post.jwt"",""vp_profile"":""haip""}"
corrected-openid4vc,8abe4fe33891621ce2659f78d6bc2c224f042e17,dbd8b0647731dcf4fa3d725cd8269fc745f9e5ee,openid4vc-vp-haip-p044,Xpdi5ePoh66xI,rv6sKmfCb5ym70h,oid4vp-1final-verifier-request-uri-fetched-twice,True,FINISHED,REVIEW,REVIEW,"{""client_id_prefix"":""x509_hash"",""credential_format"":""iso_mdl"",""request_method"":""request_uri_signed"",""response_mode"":""direct_post.jwt"",""vp_profile"":""haip""}"
corrected-openid4vc,8abe4fe33891621ce2659f78d6bc2c224f042e17,dbd8b0647731dcf4fa3d725cd8269fc745f9e5ee,openid4vc-vp-haip-p044,Xpdi5ePoh66xI,xAR4mQzSQiVeogB,oid4vp-1final-verifier-invalid-session-transcript,True,FINISHED,PASSED,PASSED,"{""client_id_prefix"":""x509_hash"",""credential_format"":""iso_mdl"",""request_method"":""request_uri_signed"",""response_mode"":""direct_post.jwt"",""vp_profile"":""haip""}"
