matrix_plan_id,suite_plan_id,module_id,test_name,terminal,official_status,official_result,outcome,variant
oidc-core-p001,rvKUDK87vgioB,TD9Z7ZhNMeY4gHH,oidcc-server,True,FINISHED,PASSED,PASSED,"{""client_auth_type"":""client_secret_basic"",""client_registration"":""static_client"",""response_mode"":""default"",""response_type"":""code"",""server_metadata"":""discovery""}"
oidc-core-p001,rvKUDK87vgioB,co3yfKBLKMowdNB,oidcc-response-type-missing,True,FINISHED,PASSED,PASSED,"{""client_auth_type"":""client_secret_basic"",""client_registration"":""static_client"",""response_mode"":""default"",""response_type"":""code"",""server_metadata"":""discovery""}"
oidc-core-p001,rvKUDK87vgioB,YXFyscIh6YMyn9W,oidcc-userinfo-get,True,FINISHED,PASSED,PASSED,"{""client_auth_type"":""client_secret_basic"",""client_registration"":""static_client"",""response_mode"":""default"",""response_type"":""code"",""server_metadata"":""discovery""}"
oidc-core-p001,rvKUDK87vgioB,dyLUCYJv5W2GaXr,oidcc-userinfo-post-header,True,FINISHED,PASSED,PASSED,"{""client_auth_type"":""client_secret_basic"",""client_registration"":""static_client"",""response_mode"":""default"",""response_type"":""code"",""server_metadata"":""discovery""}"
oidc-core-p001,rvKUDK87vgioB,2tUo6YvVTegUHke,oidcc-userinfo-post-body,True,FINISHED,PASSED,PASSED,"{""client_auth_type"":""client_secret_basic"",""client_registration"":""static_client"",""response_mode"":""default"",""response_type"":""code"",""server_metadata"":""discovery""}"
oidc-core-p001,rvKUDK87vgioB,eZIiRLhbzl5FS3h,oidcc-ensure-request-without-nonce-succeeds-for-code-flow,True,FINISHED,PASSED,PASSED,"{""client_auth_type"":""client_secret_basic"",""client_registration"":""static_client"",""response_mode"":""default"",""response_type"":""code"",""server_metadata"":""discovery""}"
oidc-core-p001,rvKUDK87vgioB,ZTQCrB5TrlSSOg4,oidcc-scope-profile,True,FINISHED,PASSED,PASSED,"{""client_auth_type"":""client_secret_basic"",""client_registration"":""static_client"",""response_mode"":""default"",""response_type"":""code"",""server_metadata"":""discovery""}"
oidc-core-p001,rvKUDK87vgioB,CbFpaNlntqsElkz,oidcc-scope-email,True,FINISHED,PASSED,PASSED,"{""client_auth_type"":""client_secret_basic"",""client_registration"":""static_client"",""response_mode"":""default"",""response_type"":""code"",""server_metadata"":""discovery""}"
oidc-core-p001,rvKUDK87vgioB,nhQOM9jycSkj5hN,oidcc-scope-address,True,FINISHED,PASSED,PASSED,"{""client_auth_type"":""client_secret_basic"",""client_registration"":""static_client"",""response_mode"":""default"",""response_type"":""code"",""server_metadata"":""discovery""}"
oidc-core-p001,rvKUDK87vgioB,gNki7JBjcqs0vNG,oidcc-scope-phone,True,FINISHED,PASSED,PASSED,"{""client_auth_type"":""client_secret_basic"",""client_registration"":""static_client"",""response_mode"":""default"",""response_type"":""code"",""server_metadata"":""discovery""}"
oidc-core-p001,rvKUDK87vgioB,LoeD0TNKMczZG5M,oidcc-scope-all,True,FINISHED,PASSED,PASSED,"{""client_auth_type"":""client_secret_basic"",""client_registration"":""static_client"",""response_mode"":""default"",""response_type"":""code"",""server_metadata"":""discovery""}"
oidc-core-p001,rvKUDK87vgioB,ZZF9dR1AtGg6XNg,oidcc-alternate-happy-flow,True,FINISHED,PASSED,PASSED,"{""client_auth_type"":""client_secret_basic"",""client_registration"":""static_client"",""response_mode"":""default"",""response_type"":""code"",""server_metadata"":""discovery""}"
oidc-core-p001,rvKUDK87vgioB,OUrkTFKACQSgb1A,oidcc-display-page,True,FINISHED,PASSED,PASSED,"{""client_auth_type"":""client_secret_basic"",""client_registration"":""static_client"",""response_mode"":""default"",""response_type"":""code"",""server_metadata"":""discovery""}"
oidc-core-p001,rvKUDK87vgioB,laAVs19rupRIjA5,oidcc-display-popup,True,FINISHED,PASSED,PASSED,"{""client_auth_type"":""client_secret_basic"",""client_registration"":""static_client"",""response_mode"":""default"",""response_type"":""code"",""server_metadata"":""discovery""}"
oidc-core-p001,rvKUDK87vgioB,g0VRVNR1BVkVh82,oidcc-prompt-login,True,FINISHED,REVIEW,REVIEW,"{""client_auth_type"":""client_secret_basic"",""client_registration"":""static_client"",""response_mode"":""default"",""response_type"":""code"",""server_metadata"":""discovery""}"
oidc-core-p001,rvKUDK87vgioB,HYGidZ13saQqJzT,oidcc-prompt-none-not-logged-in,True,FINISHED,PASSED,PASSED,"{""client_auth_type"":""client_secret_basic"",""client_registration"":""static_client"",""response_mode"":""default"",""response_type"":""code"",""server_metadata"":""discovery""}"
oidc-core-p001,rvKUDK87vgioB,RLPdLip3JePkcpK,oidcc-prompt-none-logged-in,True,FINISHED,PASSED,PASSED,"{""client_auth_type"":""client_secret_basic"",""client_registration"":""static_client"",""response_mode"":""default"",""response_type"":""code"",""server_metadata"":""discovery""}"
oidc-core-p001,rvKUDK87vgioB,zfie0hHnnvDbvRt,oidcc-max-age-1,True,FINISHED,REVIEW,REVIEW,"{""client_auth_type"":""client_secret_basic"",""client_registration"":""static_client"",""response_mode"":""default"",""response_type"":""code"",""server_metadata"":""discovery""}"
oidc-core-p001,rvKUDK87vgioB,nP3RWTAbmhQkWCt,oidcc-max-age-10000,True,FINISHED,PASSED,PASSED,"{""client_auth_type"":""client_secret_basic"",""client_registration"":""static_client"",""response_mode"":""default"",""response_type"":""code"",""server_metadata"":""discovery""}"
oidc-core-p001,rvKUDK87vgioB,Hs1gnaxhczWBijC,oidcc-ensure-request-with-unknown-parameter-succeeds,True,FINISHED,PASSED,PASSED,"{""client_auth_type"":""client_secret_basic"",""client_registration"":""static_client"",""response_mode"":""default"",""response_type"":""code"",""server_metadata"":""discovery""}"
oidc-core-p001,rvKUDK87vgioB,cWcWqQTM1w2daGT,oidcc-id-token-hint,True,FINISHED,PASSED,PASSED,"{""client_auth_type"":""client_secret_basic"",""client_registration"":""static_client"",""response_mode"":""default"",""response_type"":""code"",""server_metadata"":""discovery""}"
oidc-core-p001,rvKUDK87vgioB,MSwNVJMq5w8GabG,oidcc-login-hint,True,FINISHED,PASSED,PASSED,"{""client_auth_type"":""client_secret_basic"",""client_registration"":""static_client"",""response_mode"":""default"",""response_type"":""code"",""server_metadata"":""discovery""}"
oidc-core-p001,rvKUDK87vgioB,NY4xKTaaCnVg485,oidcc-ui-locales,True,FINISHED,PASSED,PASSED,"{""client_auth_type"":""client_secret_basic"",""client_registration"":""static_client"",""response_mode"":""default"",""response_type"":""code"",""server_metadata"":""discovery""}"
oidc-core-p001,rvKUDK87vgioB,5SUJpfJUE57BPGn,oidcc-claims-locales,True,FINISHED,PASSED,PASSED,"{""client_auth_type"":""client_secret_basic"",""client_registration"":""static_client"",""response_mode"":""default"",""response_type"":""code"",""server_metadata"":""discovery""}"
oidc-core-p001,rvKUDK87vgioB,uTsn99IWtnQkEHq,oidcc-ensure-request-with-acr-values-succeeds,True,FINISHED,PASSED,PASSED,"{""client_auth_type"":""client_secret_basic"",""client_registration"":""static_client"",""response_mode"":""default"",""response_type"":""code"",""server_metadata"":""discovery""}"
oidc-core-p001,rvKUDK87vgioB,YpcPLSThvoRo1iw,oidcc-codereuse,True,FINISHED,PASSED,PASSED,"{""client_auth_type"":""client_secret_basic"",""client_registration"":""static_client"",""response_mode"":""default"",""response_type"":""code"",""server_metadata"":""discovery""}"
oidc-core-p001,rvKUDK87vgioB,O1XKVqqXuhm1CUB,oidcc-codereuse-30seconds,True,FINISHED,PASSED,PASSED,"{""client_auth_type"":""client_secret_basic"",""client_registration"":""static_client"",""response_mode"":""default"",""response_type"":""code"",""server_metadata"":""discovery""}"
oidc-core-p001,rvKUDK87vgioB,aeC3ADrgyu3yysU,oidcc-ensure-registered-redirect-uri,True,FINISHED,REVIEW,REVIEW,"{""client_auth_type"":""client_secret_basic"",""client_registration"":""static_client"",""response_mode"":""default"",""response_type"":""code"",""server_metadata"":""discovery""}"
oidc-core-p001,rvKUDK87vgioB,2d3hlE83jhmcdvS,oidcc-ensure-post-request-succeeds,True,FINISHED,PASSED,PASSED,"{""client_auth_type"":""client_secret_basic"",""client_registration"":""static_client"",""response_mode"":""default"",""response_type"":""code"",""server_metadata"":""discovery""}"
oidc-core-p001,rvKUDK87vgioB,P8kMmZbJz8bRNBU,oidcc-server-client-secret-post,True,FINISHED,PASSED,PASSED,"{""client_auth_type"":""client_secret_post"",""client_registration"":""static_client"",""response_mode"":""default"",""response_type"":""code"",""server_metadata"":""discovery""}"
oidc-core-p001,rvKUDK87vgioB,GqrNniyKXFPkSkC,oidcc-unsigned-request-object-supported-correctly-or-rejected-as-unsupported,True,FINISHED,SKIPPED,SKIPPED,"{""client_auth_type"":""client_secret_basic"",""client_registration"":""static_client"",""response_mode"":""default"",""response_type"":""code"",""server_metadata"":""discovery""}"
oidc-core-p001,rvKUDK87vgioB,1wglxPuJoD6cWH2,oidcc-claims-essential,True,FINISHED,PASSED,PASSED,"{""client_auth_type"":""client_secret_basic"",""client_registration"":""static_client"",""response_mode"":""default"",""response_type"":""code"",""server_metadata"":""discovery""}"
oidc-core-p001,rvKUDK87vgioB,8KhRTwH6bmbFdXy,oidcc-ensure-request-object-with-redirect-uri,True,FINISHED,SKIPPED,SKIPPED,"{""client_auth_type"":""client_secret_basic"",""client_registration"":""static_client"",""response_mode"":""default"",""response_type"":""code"",""server_metadata"":""discovery""}"
oidc-core-p001,rvKUDK87vgioB,Pds9GOfGvfi9gGn,oidcc-refresh-token,True,FINISHED,PASSED,PASSED,"{""client_auth_type"":""client_secret_basic"",""client_registration"":""static_client"",""response_mode"":""default"",""response_type"":""code"",""server_metadata"":""discovery""}"
oidc-core-p001,rvKUDK87vgioB,60rzkOJnNhuNpsF,oidcc-ensure-request-with-valid-pkce-succeeds,True,FINISHED,PASSED,PASSED,"{""client_auth_type"":""client_secret_basic"",""client_registration"":""static_client"",""response_mode"":""default"",""response_type"":""code"",""server_metadata"":""discovery""}"
oidc-core-p002,SGNWZKNbtyUtJ,1bRQTRhFJY89gWP,oidcc-server,True,FINISHED,PASSED,PASSED,"{""client_auth_type"":""client_secret_basic"",""client_registration"":""dynamic_client"",""response_mode"":""default"",""response_type"":""code"",""server_metadata"":""discovery""}"
oidc-core-p002,SGNWZKNbtyUtJ,arnPtnSzGNh5hfH,oidcc-response-type-missing,True,FINISHED,PASSED,PASSED,"{""client_auth_type"":""client_secret_basic"",""client_registration"":""dynamic_client"",""response_mode"":""default"",""response_type"":""code"",""server_metadata"":""discovery""}"
oidc-core-p002,SGNWZKNbtyUtJ,BwgkX2Yoa4jRA0Q,oidcc-idtoken-signature,True,FINISHED,PASSED,PASSED,"{""client_auth_type"":""client_secret_basic"",""client_registration"":""dynamic_client"",""response_mode"":""default"",""response_type"":""code"",""server_metadata"":""discovery""}"
oidc-core-p002,SGNWZKNbtyUtJ,HdKKmQohzgFUagk,oidcc-idtoken-unsigned,True,FINISHED,SKIPPED,SKIPPED,"{""client_auth_type"":""client_secret_basic"",""client_registration"":""dynamic_client"",""response_mode"":""default"",""response_type"":""code"",""server_metadata"":""discovery""}"
oidc-core-p002,SGNWZKNbtyUtJ,jUIyTWA7TykL4yh,oidcc-userinfo-get,True,FINISHED,PASSED,PASSED,"{""client_auth_type"":""client_secret_basic"",""client_registration"":""dynamic_client"",""response_mode"":""default"",""response_type"":""code"",""server_metadata"":""discovery""}"
oidc-core-p002,SGNWZKNbtyUtJ,dvDZ5Y6MiHCwaJD,oidcc-userinfo-post-header,True,FINISHED,PASSED,PASSED,"{""client_auth_type"":""client_secret_basic"",""client_registration"":""dynamic_client"",""response_mode"":""default"",""response_type"":""code"",""server_metadata"":""discovery""}"
oidc-core-p002,SGNWZKNbtyUtJ,eEf5iav28hpTfg4,oidcc-userinfo-post-body,True,FINISHED,PASSED,PASSED,"{""client_auth_type"":""client_secret_basic"",""client_registration"":""dynamic_client"",""response_mode"":""default"",""response_type"":""code"",""server_metadata"":""discovery""}"
oidc-core-p002,SGNWZKNbtyUtJ,hKkhmEwExgoqbxC,oidcc-ensure-request-without-nonce-succeeds-for-code-flow,True,FINISHED,PASSED,PASSED,"{""client_auth_type"":""client_secret_basic"",""client_registration"":""dynamic_client"",""response_mode"":""default"",""response_type"":""code"",""server_metadata"":""discovery""}"
oidc-core-p002,SGNWZKNbtyUtJ,3iRFK4Uas3m46j2,oidcc-scope-profile,True,FINISHED,PASSED,PASSED,"{""client_auth_type"":""client_secret_basic"",""client_registration"":""dynamic_client"",""response_mode"":""default"",""response_type"":""code"",""server_metadata"":""discovery""}"
oidc-core-p002,SGNWZKNbtyUtJ,6ZAW6hjVxFqlk6h,oidcc-scope-email,True,FINISHED,PASSED,PASSED,"{""client_auth_type"":""client_secret_basic"",""client_registration"":""dynamic_client"",""response_mode"":""default"",""response_type"":""code"",""server_metadata"":""discovery""}"
oidc-core-p002,SGNWZKNbtyUtJ,CVLgehYFkC2tVqM,oidcc-scope-address,True,FINISHED,PASSED,PASSED,"{""client_auth_type"":""client_secret_basic"",""client_registration"":""dynamic_client"",""response_mode"":""default"",""response_type"":""code"",""server_metadata"":""discovery""}"
oidc-core-p002,SGNWZKNbtyUtJ,waA6EJaHQW1O4TJ,oidcc-scope-phone,True,FINISHED,PASSED,PASSED,"{""client_auth_type"":""client_secret_basic"",""client_registration"":""dynamic_client"",""response_mode"":""default"",""response_type"":""code"",""server_metadata"":""discovery""}"
oidc-core-p002,SGNWZKNbtyUtJ,clqNGKSrvvFXQch,oidcc-scope-all,True,FINISHED,PASSED,PASSED,"{""client_auth_type"":""client_secret_basic"",""client_registration"":""dynamic_client"",""response_mode"":""default"",""response_type"":""code"",""server_metadata"":""discovery""}"
oidc-core-p002,SGNWZKNbtyUtJ,ZNOe6PNpQs3uS5t,oidcc-alternate-happy-flow,True,FINISHED,PASSED,PASSED,"{""client_auth_type"":""client_secret_basic"",""client_registration"":""dynamic_client"",""response_mode"":""default"",""response_type"":""code"",""server_metadata"":""discovery""}"
oidc-core-p002,SGNWZKNbtyUtJ,Q6VAkdWxRm6Jf48,oidcc-display-page,True,FINISHED,PASSED,PASSED,"{""client_auth_type"":""client_secret_basic"",""client_registration"":""dynamic_client"",""response_mode"":""default"",""response_type"":""code"",""server_metadata"":""discovery""}"
oidc-core-p002,SGNWZKNbtyUtJ,T2r1Pc9OoeuWfwj,oidcc-display-popup,True,FINISHED,PASSED,PASSED,"{""client_auth_type"":""client_secret_basic"",""client_registration"":""dynamic_client"",""response_mode"":""default"",""response_type"":""code"",""server_metadata"":""discovery""}"
oidc-core-p002,SGNWZKNbtyUtJ,whmBoiMsx8X9TOG,oidcc-prompt-login,True,FINISHED,REVIEW,REVIEW,"{""client_auth_type"":""client_secret_basic"",""client_registration"":""dynamic_client"",""response_mode"":""default"",""response_type"":""code"",""server_metadata"":""discovery""}"
oidc-core-p002,SGNWZKNbtyUtJ,UHOA9lzi117j9ax,oidcc-prompt-none-not-logged-in,True,FINISHED,PASSED,PASSED,"{""client_auth_type"":""client_secret_basic"",""client_registration"":""dynamic_client"",""response_mode"":""default"",""response_type"":""code"",""server_metadata"":""discovery""}"
oidc-core-p002,SGNWZKNbtyUtJ,9nD1YDf1J4aZn3L,oidcc-prompt-none-logged-in,True,FINISHED,PASSED,PASSED,"{""client_auth_type"":""client_secret_basic"",""client_registration"":""dynamic_client"",""response_mode"":""default"",""response_type"":""code"",""server_metadata"":""discovery""}"
oidc-core-p002,SGNWZKNbtyUtJ,Ti9KN5UnGz3Bs1h,oidcc-max-age-1,True,FINISHED,REVIEW,REVIEW,"{""client_auth_type"":""client_secret_basic"",""client_registration"":""dynamic_client"",""response_mode"":""default"",""response_type"":""code"",""server_metadata"":""discovery""}"
oidc-core-p002,SGNWZKNbtyUtJ,NsiaGojWSBaZ3n0,oidcc-max-age-10000,True,FINISHED,PASSED,PASSED,"{""client_auth_type"":""client_secret_basic"",""client_registration"":""dynamic_client"",""response_mode"":""default"",""response_type"":""code"",""server_metadata"":""discovery""}"
oidc-core-p002,SGNWZKNbtyUtJ,83y2cYuWXj7yVCl,oidcc-ensure-request-with-unknown-parameter-succeeds,True,FINISHED,PASSED,PASSED,"{""client_auth_type"":""client_secret_basic"",""client_registration"":""dynamic_client"",""response_mode"":""default"",""response_type"":""code"",""server_metadata"":""discovery""}"
oidc-core-p002,SGNWZKNbtyUtJ,LgMEPBW7Xe6ztVl,oidcc-id-token-hint,True,FINISHED,PASSED,PASSED,"{""client_auth_type"":""client_secret_basic"",""client_registration"":""dynamic_client"",""response_mode"":""default"",""response_type"":""code"",""server_metadata"":""discovery""}"
oidc-core-p002,SGNWZKNbtyUtJ,I5CqgyaCpfoCMyt,oidcc-login-hint,True,FINISHED,PASSED,PASSED,"{""client_auth_type"":""client_secret_basic"",""client_registration"":""dynamic_client"",""response_mode"":""default"",""response_type"":""code"",""server_metadata"":""discovery""}"
oidc-core-p002,SGNWZKNbtyUtJ,tJdlFrscq86NR0M,oidcc-ui-locales,True,FINISHED,PASSED,PASSED,"{""client_auth_type"":""client_secret_basic"",""client_registration"":""dynamic_client"",""response_mode"":""default"",""response_type"":""code"",""server_metadata"":""discovery""}"
oidc-core-p002,SGNWZKNbtyUtJ,t5NJAVyYlIJlJG4,oidcc-claims-locales,True,FINISHED,PASSED,PASSED,"{""client_auth_type"":""client_secret_basic"",""client_registration"":""dynamic_client"",""response_mode"":""default"",""response_type"":""code"",""server_metadata"":""discovery""}"
oidc-core-p002,SGNWZKNbtyUtJ,eCUsQqMEsRuhQGn,oidcc-ensure-request-with-acr-values-succeeds,True,FINISHED,PASSED,PASSED,"{""client_auth_type"":""client_secret_basic"",""client_registration"":""dynamic_client"",""response_mode"":""default"",""response_type"":""code"",""server_metadata"":""discovery""}"
oidc-core-p002,SGNWZKNbtyUtJ,nuigxFVB2IWOWyy,oidcc-codereuse,True,FINISHED,PASSED,PASSED,"{""client_auth_type"":""client_secret_basic"",""client_registration"":""dynamic_client"",""response_mode"":""default"",""response_type"":""code"",""server_metadata"":""discovery""}"
oidc-core-p002,SGNWZKNbtyUtJ,2JtK0VucGLvohIa,oidcc-codereuse-30seconds,True,FINISHED,PASSED,PASSED,"{""client_auth_type"":""client_secret_basic"",""client_registration"":""dynamic_client"",""response_mode"":""default"",""response_type"":""code"",""server_metadata"":""discovery""}"
oidc-core-p002,SGNWZKNbtyUtJ,iPpGw9IQsvB5dvk,oidcc-ensure-registered-redirect-uri,True,FINISHED,REVIEW,REVIEW,"{""client_auth_type"":""client_secret_basic"",""client_registration"":""dynamic_client"",""response_mode"":""default"",""response_type"":""code"",""server_metadata"":""discovery""}"
oidc-core-p002,SGNWZKNbtyUtJ,Q0DnJDfSUkucAbi,oidcc-ensure-post-request-succeeds,True,FINISHED,PASSED,PASSED,"{""client_auth_type"":""client_secret_basic"",""client_registration"":""dynamic_client"",""response_mode"":""default"",""response_type"":""code"",""server_metadata"":""discovery""}"
oidc-core-p002,SGNWZKNbtyUtJ,heQ5G25IbcTJiLM,oidcc-server-client-secret-post,True,FINISHED,PASSED,PASSED,"{""client_auth_type"":""client_secret_post"",""client_registration"":""dynamic_client"",""response_mode"":""default"",""response_type"":""code"",""server_metadata"":""discovery""}"
oidc-core-p002,SGNWZKNbtyUtJ,9Y7CXYuZRSeD42M,oidcc-request-uri-unsigned-supported-correctly-or-rejected-as-unsupported,True,FINISHED,SKIPPED,SKIPPED,"{""client_auth_type"":""client_secret_basic"",""client_registration"":""dynamic_client"",""response_mode"":""default"",""response_type"":""code"",""server_metadata"":""discovery""}"
oidc-core-p002,SGNWZKNbtyUtJ,0GIBKKjW1A3BrzB,oidcc-unsigned-request-object-supported-correctly-or-rejected-as-unsupported,True,FINISHED,SKIPPED,SKIPPED,"{""client_auth_type"":""client_secret_basic"",""client_registration"":""dynamic_client"",""response_mode"":""default"",""response_type"":""code"",""server_metadata"":""discovery""}"
oidc-core-p002,SGNWZKNbtyUtJ,HNxh17rM2lvFen8,oidcc-claims-essential,True,FINISHED,PASSED,PASSED,"{""client_auth_type"":""client_secret_basic"",""client_registration"":""dynamic_client"",""response_mode"":""default"",""response_type"":""code"",""server_metadata"":""discovery""}"
oidc-core-p002,SGNWZKNbtyUtJ,AW1IvXRaFj0ue3b,oidcc-ensure-request-object-with-redirect-uri,True,FINISHED,SKIPPED,SKIPPED,"{""client_auth_type"":""client_secret_basic"",""client_registration"":""dynamic_client"",""response_mode"":""default"",""response_type"":""code"",""server_metadata"":""discovery""}"
oidc-core-p002,SGNWZKNbtyUtJ,kTF3SeZQ7Rea1oS,oidcc-refresh-token,True,FINISHED,PASSED,PASSED,"{""client_auth_type"":""client_secret_basic"",""client_registration"":""dynamic_client"",""response_mode"":""default"",""response_type"":""code"",""server_metadata"":""discovery""}"
oidc-core-p002,SGNWZKNbtyUtJ,ol0S6DvRIfJZd9f,oidcc-ensure-request-with-valid-pkce-succeeds,True,FINISHED,PASSED,PASSED,"{""client_auth_type"":""client_secret_basic"",""client_registration"":""dynamic_client"",""response_mode"":""default"",""response_type"":""code"",""server_metadata"":""discovery""}"
oidc-core-p003,dmajiyi3tnFsz,EXWHU2RIEoKo0fF,oidcc-server,True,FINISHED,PASSED,PASSED,"{""client_auth_type"":""client_secret_basic"",""client_registration"":""static_client"",""response_mode"":""form_post"",""response_type"":""code"",""server_metadata"":""discovery""}"
oidc-core-p003,dmajiyi3tnFsz,zYt8vGYGN83pX4n,oidcc-response-type-missing,True,FINISHED,PASSED,PASSED,"{""client_auth_type"":""client_secret_basic"",""client_registration"":""static_client"",""response_mode"":""form_post"",""response_type"":""code"",""server_metadata"":""discovery""}"
oidc-core-p003,dmajiyi3tnFsz,w5TX6dgNPfS9hWL,oidcc-userinfo-get,True,FINISHED,PASSED,PASSED,"{""client_auth_type"":""client_secret_basic"",""client_registration"":""static_client"",""response_mode"":""form_post"",""response_type"":""code"",""server_metadata"":""discovery""}"
oidc-core-p003,dmajiyi3tnFsz,xRJ2TYy5lpnM2Cz,oidcc-userinfo-post-header,True,FINISHED,PASSED,PASSED,"{""client_auth_type"":""client_secret_basic"",""client_registration"":""static_client"",""response_mode"":""form_post"",""response_type"":""code"",""server_metadata"":""discovery""}"
oidc-core-p003,dmajiyi3tnFsz,qd958rXPQ2CbI1i,oidcc-userinfo-post-body,True,FINISHED,PASSED,PASSED,"{""client_auth_type"":""client_secret_basic"",""client_registration"":""static_client"",""response_mode"":""form_post"",""response_type"":""code"",""server_metadata"":""discovery""}"
oidc-core-p003,dmajiyi3tnFsz,rLT6DczfswGzxN1,oidcc-ensure-request-without-nonce-succeeds-for-code-flow,True,FINISHED,PASSED,PASSED,"{""client_auth_type"":""client_secret_basic"",""client_registration"":""static_client"",""response_mode"":""form_post"",""response_type"":""code"",""server_metadata"":""discovery""}"
oidc-core-p003,dmajiyi3tnFsz,QW0PHkXZY9wuFXS,oidcc-scope-profile,True,FINISHED,PASSED,PASSED,"{""client_auth_type"":""client_secret_basic"",""client_registration"":""static_client"",""response_mode"":""form_post"",""response_type"":""code"",""server_metadata"":""discovery""}"
oidc-core-p003,dmajiyi3tnFsz,VMGVNcaNVjfEJ1J,oidcc-scope-email,True,FINISHED,PASSED,PASSED,"{""client_auth_type"":""client_secret_basic"",""client_registration"":""static_client"",""response_mode"":""form_post"",""response_type"":""code"",""server_metadata"":""discovery""}"
oidc-core-p003,dmajiyi3tnFsz,y9j5YVWl2w2Sczt,oidcc-scope-address,True,FINISHED,PASSED,PASSED,"{""client_auth_type"":""client_secret_basic"",""client_registration"":""static_client"",""response_mode"":""form_post"",""response_type"":""code"",""server_metadata"":""discovery""}"
oidc-core-p003,dmajiyi3tnFsz,fBU1SHfLtFCEAl0,oidcc-scope-phone,True,FINISHED,PASSED,PASSED,"{""client_auth_type"":""client_secret_basic"",""client_registration"":""static_client"",""response_mode"":""form_post"",""response_type"":""code"",""server_metadata"":""discovery""}"
oidc-core-p003,dmajiyi3tnFsz,GNNdqlucjxEvqDK,oidcc-scope-all,True,FINISHED,PASSED,PASSED,"{""client_auth_type"":""client_secret_basic"",""client_registration"":""static_client"",""response_mode"":""form_post"",""response_type"":""code"",""server_metadata"":""discovery""}"
oidc-core-p003,dmajiyi3tnFsz,8hOSktfCltXvpRA,oidcc-alternate-happy-flow,True,FINISHED,PASSED,PASSED,"{""client_auth_type"":""client_secret_basic"",""client_registration"":""static_client"",""response_mode"":""form_post"",""response_type"":""code"",""server_metadata"":""discovery""}"
oidc-core-p003,dmajiyi3tnFsz,B58ounkeccn9f6n,oidcc-display-page,True,FINISHED,PASSED,PASSED,"{""client_auth_type"":""client_secret_basic"",""client_registration"":""static_client"",""response_mode"":""form_post"",""response_type"":""code"",""server_metadata"":""discovery""}"
oidc-core-p003,dmajiyi3tnFsz,G8XvYjowME74d50,oidcc-display-popup,True,FINISHED,PASSED,PASSED,"{""client_auth_type"":""client_secret_basic"",""client_registration"":""static_client"",""response_mode"":""form_post"",""response_type"":""code"",""server_metadata"":""discovery""}"
oidc-core-p003,dmajiyi3tnFsz,g9KWt0iX0fAoewF,oidcc-prompt-login,True,FINISHED,REVIEW,REVIEW,"{""client_auth_type"":""client_secret_basic"",""client_registration"":""static_client"",""response_mode"":""form_post"",""response_type"":""code"",""server_metadata"":""discovery""}"
oidc-core-p003,dmajiyi3tnFsz,xyikWs8bvCJHRhm,oidcc-prompt-none-not-logged-in,True,FINISHED,PASSED,PASSED,"{""client_auth_type"":""client_secret_basic"",""client_registration"":""static_client"",""response_mode"":""form_post"",""response_type"":""code"",""server_metadata"":""discovery""}"
oidc-core-p003,dmajiyi3tnFsz,Wj0wWulkEb7npRc,oidcc-prompt-none-logged-in,True,FINISHED,PASSED,PASSED,"{""client_auth_type"":""client_secret_basic"",""client_registration"":""static_client"",""response_mode"":""form_post"",""response_type"":""code"",""server_metadata"":""discovery""}"
oidc-core-p003,dmajiyi3tnFsz,rrPGvuc0xZtECd5,oidcc-max-age-1,True,FINISHED,REVIEW,REVIEW,"{""client_auth_type"":""client_secret_basic"",""client_registration"":""static_client"",""response_mode"":""form_post"",""response_type"":""code"",""server_metadata"":""discovery""}"
oidc-core-p003,dmajiyi3tnFsz,rb4nab3RnGi0XuY,oidcc-max-age-10000,True,FINISHED,PASSED,PASSED,"{""client_auth_type"":""client_secret_basic"",""client_registration"":""static_client"",""response_mode"":""form_post"",""response_type"":""code"",""server_metadata"":""discovery""}"
oidc-core-p003,dmajiyi3tnFsz,0hHoRvUhwD6M33g,oidcc-ensure-request-with-unknown-parameter-succeeds,True,FINISHED,PASSED,PASSED,"{""client_auth_type"":""client_secret_basic"",""client_registration"":""static_client"",""response_mode"":""form_post"",""response_type"":""code"",""server_metadata"":""discovery""}"
oidc-core-p003,dmajiyi3tnFsz,LsQkv5LcqBCS3dx,oidcc-id-token-hint,True,FINISHED,PASSED,PASSED,"{""client_auth_type"":""client_secret_basic"",""client_registration"":""static_client"",""response_mode"":""form_post"",""response_type"":""code"",""server_metadata"":""discovery""}"
oidc-core-p003,dmajiyi3tnFsz,D9ul8C4dSWCocL4,oidcc-login-hint,True,FINISHED,PASSED,PASSED,"{""client_auth_type"":""client_secret_basic"",""client_registration"":""static_client"",""response_mode"":""form_post"",""response_type"":""code"",""server_metadata"":""discovery""}"
oidc-core-p003,dmajiyi3tnFsz,OTKAyLfCKQnBUUT,oidcc-ui-locales,True,FINISHED,PASSED,PASSED,"{""client_auth_type"":""client_secret_basic"",""client_registration"":""static_client"",""response_mode"":""form_post"",""response_type"":""code"",""server_metadata"":""discovery""}"
oidc-core-p003,dmajiyi3tnFsz,6mVWAZ8XFAjCOUx,oidcc-claims-locales,True,FINISHED,PASSED,PASSED,"{""client_auth_type"":""client_secret_basic"",""client_registration"":""static_client"",""response_mode"":""form_post"",""response_type"":""code"",""server_metadata"":""discovery""}"
oidc-core-p003,dmajiyi3tnFsz,F3cx50S9bMyCSEx,oidcc-ensure-request-with-acr-values-succeeds,True,FINISHED,PASSED,PASSED,"{""client_auth_type"":""client_secret_basic"",""client_registration"":""static_client"",""response_mode"":""form_post"",""response_type"":""code"",""server_metadata"":""discovery""}"
oidc-core-p003,dmajiyi3tnFsz,pKD1xzAc7y7Q4Kw,oidcc-codereuse,True,FINISHED,PASSED,PASSED,"{""client_auth_type"":""client_secret_basic"",""client_registration"":""static_client"",""response_mode"":""form_post"",""response_type"":""code"",""server_metadata"":""discovery""}"
oidc-core-p003,dmajiyi3tnFsz,to1qheeGykWMbZt,oidcc-codereuse-30seconds,True,FINISHED,PASSED,PASSED,"{""client_auth_type"":""client_secret_basic"",""client_registration"":""static_client"",""response_mode"":""form_post"",""response_type"":""code"",""server_metadata"":""discovery""}"
oidc-core-p003,dmajiyi3tnFsz,VCSzSUDHJgk02dX,oidcc-ensure-registered-redirect-uri,True,FINISHED,REVIEW,REVIEW,"{""client_auth_type"":""client_secret_basic"",""client_registration"":""static_client"",""response_mode"":""form_post"",""response_type"":""code"",""server_metadata"":""discovery""}"
oidc-core-p003,dmajiyi3tnFsz,J09QfBcSgi7VXPf,oidcc-ensure-post-request-succeeds,True,FINISHED,PASSED,PASSED,"{""client_auth_type"":""client_secret_basic"",""client_registration"":""static_client"",""response_mode"":""form_post"",""response_type"":""code"",""server_metadata"":""discovery""}"
oidc-core-p003,dmajiyi3tnFsz,1EAKrbEYI51uQ9O,oidcc-server-client-secret-post,True,FINISHED,PASSED,PASSED,"{""client_auth_type"":""client_secret_post"",""client_registration"":""static_client"",""response_mode"":""form_post"",""response_type"":""code"",""server_metadata"":""discovery""}"
oidc-core-p003,dmajiyi3tnFsz,JzDXBsKPcNFQbvH,oidcc-unsigned-request-object-supported-correctly-or-rejected-as-unsupported,True,FINISHED,SKIPPED,SKIPPED,"{""client_auth_type"":""client_secret_basic"",""client_registration"":""static_client"",""response_mode"":""form_post"",""response_type"":""code"",""server_metadata"":""discovery""}"
oidc-core-p003,dmajiyi3tnFsz,7WwoLAUdWPaJ9MI,oidcc-claims-essential,True,FINISHED,PASSED,PASSED,"{""client_auth_type"":""client_secret_basic"",""client_registration"":""static_client"",""response_mode"":""form_post"",""response_type"":""code"",""server_metadata"":""discovery""}"
oidc-core-p003,dmajiyi3tnFsz,5wnJTPeF7BxHLbR,oidcc-ensure-request-object-with-redirect-uri,True,FINISHED,SKIPPED,SKIPPED,"{""client_auth_type"":""client_secret_basic"",""client_registration"":""static_client"",""response_mode"":""form_post"",""response_type"":""code"",""server_metadata"":""discovery""}"
oidc-core-p003,dmajiyi3tnFsz,ul4CEm6YQe4TNkz,oidcc-refresh-token,True,FINISHED,PASSED,PASSED,"{""client_auth_type"":""client_secret_basic"",""client_registration"":""static_client"",""response_mode"":""form_post"",""response_type"":""code"",""server_metadata"":""discovery""}"
oidc-core-p003,dmajiyi3tnFsz,bQ73Gzpyf5KjST0,oidcc-ensure-request-with-valid-pkce-succeeds,True,FINISHED,PASSED,PASSED,"{""client_auth_type"":""client_secret_basic"",""client_registration"":""static_client"",""response_mode"":""form_post"",""response_type"":""code"",""server_metadata"":""discovery""}"
oidc-core-p004,U88SW9jcSy7Ib,LmNWSwq5zDOTC7r,oidcc-3rd_party-init-login,True,FINISHED,PASSED,PASSED,"{""client_auth_type"":""client_secret_basic"",""client_registration"":""dynamic_client"",""response_mode"":""default"",""response_type"":""code"",""server_metadata"":""discovery""}"
oidc-core-p004,U88SW9jcSy7Ib,AJlqS0dKMbSF1Qp,oidcc-3rd_party-init-login-nohttps,True,FINISHED,PASSED,PASSED,"{""client_auth_type"":""client_secret_basic"",""client_registration"":""dynamic_client"",""response_mode"":""default"",""response_type"":""code"",""server_metadata"":""discovery""}"
oidc-core-p005,tEWgvCd3x6wyr,rFuSIc26t9c9WTA,oidcc-discovery-endpoint-verification,True,FINISHED,PASSED,PASSED,"{""client_registration"":""static_client"",""server_metadata"":""discovery""}"
oidc-logout-p006,nwqebiCPqYxSd,5e6Z73E2GZqRdBd,oidcc-rp-initiated-logout-discovery-endpoint-verification,True,FINISHED,PASSED,PASSED,"{""client_registration"":""static_client"",""response_type"":""code"",""server_metadata"":""discovery""}"
oidc-logout-p006,nwqebiCPqYxSd,itYz3f14sxQOpsj,oidcc-rp-initiated-logout,True,FINISHED,PASSED,PASSED,"{""client_auth_type"":""client_secret_basic"",""client_registration"":""static_client"",""response_mode"":""default"",""response_type"":""code"",""server_metadata"":""discovery""}"
oidc-logout-p006,nwqebiCPqYxSd,UtWMTiB6bvU0AfP,oidcc-rp-initiated-logout-bad-post-logout-redirect-uri,True,FINISHED,REVIEW,REVIEW,"{""client_auth_type"":""client_secret_basic"",""client_registration"":""static_client"",""response_mode"":""default"",""response_type"":""code"",""server_metadata"":""discovery""}"
oidc-logout-p006,nwqebiCPqYxSd,wBr49nX58neOxie,oidcc-rp-initiated-logout-modified-id-token-hint,True,FINISHED,REVIEW,REVIEW,"{""client_auth_type"":""client_secret_basic"",""client_registration"":""static_client"",""response_mode"":""default"",""response_type"":""code"",""server_metadata"":""discovery""}"
oidc-logout-p006,nwqebiCPqYxSd,vFUjdKuDCnchuic,oidcc-rp-initiated-logout-no-id-token-hint,True,FINISHED,REVIEW,REVIEW,"{""client_auth_type"":""client_secret_basic"",""client_registration"":""static_client"",""response_mode"":""default"",""response_type"":""code"",""server_metadata"":""discovery""}"
oidc-logout-p006,nwqebiCPqYxSd,wos71i6GpZR4xs0,oidcc-rp-initiated-logout-no-params,True,FINISHED,REVIEW,REVIEW,"{""client_auth_type"":""client_secret_basic"",""client_registration"":""static_client"",""response_mode"":""default"",""response_type"":""code"",""server_metadata"":""discovery""}"
oidc-logout-p006,nwqebiCPqYxSd,Aa5R13JUGNOKdN2,oidcc-rp-initiated-logout-no-post-logout-redirect-uri,True,FINISHED,REVIEW,REVIEW,"{""client_auth_type"":""client_secret_basic"",""client_registration"":""static_client"",""response_mode"":""default"",""response_type"":""code"",""server_metadata"":""discovery""}"
oidc-logout-p006,nwqebiCPqYxSd,xbCLMMbCbiIT9cV,oidcc-rp-initiated-logout-no-state,True,FINISHED,PASSED,PASSED,"{""client_auth_type"":""client_secret_basic"",""client_registration"":""static_client"",""response_mode"":""default"",""response_type"":""code"",""server_metadata"":""discovery""}"
oidc-logout-p006,nwqebiCPqYxSd,vVp3KeUdmbP9FWQ,oidcc-rp-initiated-logout-only-state,True,FINISHED,REVIEW,REVIEW,"{""client_auth_type"":""client_secret_basic"",""client_registration"":""static_client"",""response_mode"":""default"",""response_type"":""code"",""server_metadata"":""discovery""}"
oidc-logout-p006,nwqebiCPqYxSd,LofjRkt36q9yAPC,oidcc-rp-initiated-logout-query-added-to-post-logout-redirect-uri,True,FINISHED,REVIEW,REVIEW,"{""client_auth_type"":""client_secret_basic"",""client_registration"":""static_client"",""response_mode"":""default"",""response_type"":""code"",""server_metadata"":""discovery""}"
oidc-logout-p006,nwqebiCPqYxSd,SvpW8opQGXYoEsO,oidcc-rp-initiated-logout-bad-id-token-hint,True,FINISHED,REVIEW,REVIEW,"{""client_auth_type"":""client_secret_basic"",""client_registration"":""static_client"",""response_mode"":""default"",""response_type"":""code"",""server_metadata"":""discovery""}"
oidc-logout-p007,6OrKInyNICANV,QNFbsp5tbZJiZYz,oidcc-backchannel-logout-discovery-endpoint-verification,True,FINISHED,PASSED,PASSED,"{""client_registration"":""static_client"",""response_type"":""code"",""server_metadata"":""discovery""}"
oidc-logout-p007,6OrKInyNICANV,gZ7goHNNswoDTSe,oidcc-backchannel-rp-initiated-logout,True,FINISHED,PASSED,PASSED,"{""client_auth_type"":""client_secret_basic"",""client_registration"":""static_client"",""response_mode"":""default"",""response_type"":""code"",""server_metadata"":""discovery""}"
oidc-logout-p008,Yz2Q7rRT9Sok5,a6HgHT6M4NWwOeD,oidcc-frontchannel-logout-discovery-endpoint-verification,True,FINISHED,PASSED,PASSED,"{""client_registration"":""static_client"",""response_type"":""code"",""server_metadata"":""discovery""}"
oidc-logout-p008,Yz2Q7rRT9Sok5,pRM1m96qvEyYfTR,oidcc-frontchannel-rp-initiated-logout,True,FINISHED,PASSED,PASSED,"{""client_auth_type"":""client_secret_basic"",""client_registration"":""static_client"",""response_mode"":""default"",""response_type"":""code"",""server_metadata"":""discovery""}"
oidc-session-p009,oEfMygmrOb3DW,7SLLsLPyJt6zfSC,oidcc-session-management-discovery-endpoint-verification,True,FINISHED,PASSED,PASSED,"{""client_registration"":""static_client"",""response_type"":""code"",""server_metadata"":""discovery""}"
oidc-session-p009,oEfMygmrOb3DW,4mjWiNqFJBJ8gGK,oidcc-session-management-rp-initiated-logout,True,FINISHED,PASSED,PASSED,"{""client_auth_type"":""client_secret_basic"",""client_registration"":""static_client"",""response_mode"":""default"",""response_type"":""code"",""server_metadata"":""discovery""}"
fapi-ciba-p010,9612Ic3biRn45,cIwozJvm7UzX5IX,fapi-ciba-id1-discovery-end-point-verification,True,FINISHED,PASSED,PASSED,"{""ciba_mode"":""poll"",""client_auth_type"":""private_key_jwt"",""client_registration"":""static_client"",""fapi_ciba_profile"":""plain_fapi""}"
fapi-ciba-p010,9612Ic3biRn45,BbqgApm8BrFbZhy,fapi-ciba-id1,True,FINISHED,PASSED,PASSED,"{""ciba_mode"":""poll"",""client_auth_type"":""private_key_jwt"",""client_registration"":""static_client"",""fapi_ciba_profile"":""plain_fapi""}"
fapi-ciba-p010,9612Ic3biRn45,m29mmr1TBco74MT,fapi-ciba-id1-user-rejects-authentication,True,FINISHED,PASSED,PASSED,"{""ciba_mode"":""poll"",""client_auth_type"":""private_key_jwt"",""client_registration"":""static_client"",""fapi_ciba_profile"":""plain_fapi""}"
fapi-ciba-p010,9612Ic3biRn45,8aenhypCIgphOTO,fapi-ciba-id1-multiple-call-to-token-endpoint,True,FINISHED,PASSED,PASSED,"{""ciba_mode"":""poll"",""client_auth_type"":""private_key_jwt"",""client_registration"":""static_client"",""fapi_ciba_profile"":""plain_fapi""}"
fapi-ciba-p010,9612Ic3biRn45,WxpewQAAyxocKLl,fapi-ciba-id1-auth-req-id-expired,True,FINISHED,PASSED,PASSED,"{""ciba_mode"":""poll"",""client_auth_type"":""private_key_jwt"",""client_registration"":""static_client"",""fapi_ciba_profile"":""plain_fapi""}"
fapi-ciba-p010,9612Ic3biRn45,NhZWatiCLXqzc1I,fapi-ciba-id1-ensure-authorization-request-with-binding-message-succeeds,True,FINISHED,PASSED,PASSED,"{""ciba_mode"":""poll"",""client_auth_type"":""private_key_jwt"",""client_registration"":""static_client"",""fapi_ciba_profile"":""plain_fapi""}"
fapi-ciba-p010,9612Ic3biRn45,hZHRFQi3RQauXMx,fapi-ciba-id1-ensure-other-scope-order-succeeds,True,FINISHED,PASSED,PASSED,"{""ciba_mode"":""poll"",""client_auth_type"":""private_key_jwt"",""client_registration"":""static_client"",""fapi_ciba_profile"":""plain_fapi""}"
fapi-ciba-p010,9612Ic3biRn45,5VRP5cYdKAkkz7K,fapi-ciba-id1-ensure-requested-expiry-as-string-succeeds,True,FINISHED,PASSED,PASSED,"{""ciba_mode"":""poll"",""client_auth_type"":""private_key_jwt"",""client_registration"":""static_client"",""fapi_ciba_profile"":""plain_fapi""}"
fapi-ciba-p010,9612Ic3biRn45,nGc1d5fqL8DvtyV,fapi-ciba-id1-ensure-authorization-request-with-potentially-bad-binding-message,True,FINISHED,PASSED,PASSED,"{""ciba_mode"":""poll"",""client_auth_type"":""private_key_jwt"",""client_registration"":""static_client"",""fapi_ciba_profile"":""plain_fapi""}"
fapi-ciba-p010,9612Ic3biRn45,ATdW1188Bxfb1nw,fapi-ciba-id1-ensure-request-object-missing-aud-fails,True,FINISHED,PASSED,PASSED,"{""ciba_mode"":""poll"",""client_auth_type"":""private_key_jwt"",""client_registration"":""static_client"",""fapi_ciba_profile"":""plain_fapi""}"
fapi-ciba-p010,9612Ic3biRn45,K5ZOwL7jNV7fOgp,fapi-ciba-id1-ensure-request-object-bad-aud-fails,True,FINISHED,PASSED,PASSED,"{""ciba_mode"":""poll"",""client_auth_type"":""private_key_jwt"",""client_registration"":""static_client"",""fapi_ciba_profile"":""plain_fapi""}"
fapi-ciba-p010,9612Ic3biRn45,y1t76xRY8Q8RTtt,fapi-ciba-id1-ensure-request-object-missing-iss-fails,True,FINISHED,PASSED,PASSED,"{""ciba_mode"":""poll"",""client_auth_type"":""private_key_jwt"",""client_registration"":""static_client"",""fapi_ciba_profile"":""plain_fapi""}"
fapi-ciba-p010,9612Ic3biRn45,TiWrCMt41nWDP6L,fapi-ciba-id1-ensure-request-object-bad-iss-fails,True,FINISHED,PASSED,PASSED,"{""ciba_mode"":""poll"",""client_auth_type"":""private_key_jwt"",""client_registration"":""static_client"",""fapi_ciba_profile"":""plain_fapi""}"
fapi-ciba-p010,9612Ic3biRn45,vuISIbe77dNAZJs,fapi-ciba-id1-ensure-request-object-missing-exp-fails,True,FINISHED,PASSED,PASSED,"{""ciba_mode"":""poll"",""client_auth_type"":""private_key_jwt"",""client_registration"":""static_client"",""fapi_ciba_profile"":""plain_fapi""}"
fapi-ciba-p010,9612Ic3biRn45,SBWxBL5ClIgQtMC,fapi-ciba-id1-ensure-request-object-expired-exp-fails,True,FINISHED,PASSED,PASSED,"{""ciba_mode"":""poll"",""client_auth_type"":""private_key_jwt"",""client_registration"":""static_client"",""fapi_ciba_profile"":""plain_fapi""}"
fapi-ciba-p010,9612Ic3biRn45,bnJz3ZD26S6BGgU,fapi-ciba-id1-ensure-request-object-exp-is-70-minutes-in-future-fails,True,FINISHED,PASSED,PASSED,"{""ciba_mode"":""poll"",""client_auth_type"":""private_key_jwt"",""client_registration"":""static_client"",""fapi_ciba_profile"":""plain_fapi""}"
fapi-ciba-p010,9612Ic3biRn45,IfPM2M1zhj2aInk,fapi-ciba-id1-ensure-request-object-missing-iat-fails,True,FINISHED,PASSED,PASSED,"{""ciba_mode"":""poll"",""client_auth_type"":""private_key_jwt"",""client_registration"":""static_client"",""fapi_ciba_profile"":""plain_fapi""}"
fapi-ciba-p010,9612Ic3biRn45,I6seY8AGs6vTmFQ,fapi-ciba-id1-ensure-request-object-missing-nbf-fails,True,FINISHED,PASSED,PASSED,"{""ciba_mode"":""poll"",""client_auth_type"":""private_key_jwt"",""client_registration"":""static_client"",""fapi_ciba_profile"":""plain_fapi""}"
fapi-ciba-p010,9612Ic3biRn45,sQujNLb98owbFta,fapi-ciba-id1-ensure-request-object-nbf-is-10-minutes-in-future-fails,True,FINISHED,PASSED,PASSED,"{""ciba_mode"":""poll"",""client_auth_type"":""private_key_jwt"",""client_registration"":""static_client"",""fapi_ciba_profile"":""plain_fapi""}"
fapi-ciba-p010,9612Ic3biRn45,lLDXTGZC8bF1KAH,fapi-ciba-id1-ensure-request-object-nbf-is-70-minutes-in-past-fails,True,FINISHED,PASSED,PASSED,"{""ciba_mode"":""poll"",""client_auth_type"":""private_key_jwt"",""client_registration"":""static_client"",""fapi_ciba_profile"":""plain_fapi""}"
fapi-ciba-p010,9612Ic3biRn45,GTugtGYq4OK1yK1,fapi-ciba-id1-ensure-request-object-missing-jti-fails,True,FINISHED,PASSED,PASSED,"{""ciba_mode"":""poll"",""client_auth_type"":""private_key_jwt"",""client_registration"":""static_client"",""fapi_ciba_profile"":""plain_fapi""}"
fapi-ciba-p010,9612Ic3biRn45,5eqOyv4Ep3nkA4h,fapi-ciba-id1-ensure-request-object-signature-algorithm-is-none-fails,True,FINISHED,PASSED,PASSED,"{""ciba_mode"":""poll"",""client_auth_type"":""private_key_jwt"",""client_registration"":""static_client"",""fapi_ciba_profile"":""plain_fapi""}"
fapi-ciba-p010,9612Ic3biRn45,2huZg2C6sMZ1Ek6,fapi-ciba-id1-ensure-request-object-signature-algorithm-is-bad-fails,True,FINISHED,PASSED,PASSED,"{""ciba_mode"":""poll"",""client_auth_type"":""private_key_jwt"",""client_registration"":""static_client"",""fapi_ciba_profile"":""plain_fapi""}"
fapi-ciba-p010,9612Ic3biRn45,um3IvgSLJiaOQ03,fapi-ciba-id1-ensure-request-object-signature-algorithm-is-RS256-fails,True,FINISHED,PASSED,PASSED,"{""ciba_mode"":""poll"",""client_auth_type"":""private_key_jwt"",""client_registration"":""static_client"",""fapi_ciba_profile"":""plain_fapi""}"
fapi-ciba-p010,9612Ic3biRn45,RcXeRzirujPHoqs,fapi-ciba-id1-ensure-request-object-signed-by-other-client-fails,True,FINISHED,PASSED,PASSED,"{""ciba_mode"":""poll"",""client_auth_type"":""private_key_jwt"",""client_registration"":""static_client"",""fapi_ciba_profile"":""plain_fapi""}"
fapi-ciba-p010,9612Ic3biRn45,CCEYaguiQR2qaoB,fapi-ciba-id1-ensure-authorization-request-with-multiple-hints-fails,True,FINISHED,PASSED,PASSED,"{""ciba_mode"":""poll"",""client_auth_type"":""private_key_jwt"",""client_registration"":""static_client"",""fapi_ciba_profile"":""plain_fapi""}"
fapi-ciba-p010,9612Ic3biRn45,5e4hR9ZjqBGVfhD,fapi-ciba-id1-ensure-wrong-auth-req-id-in-token-endpoint-request,True,FINISHED,PASSED,PASSED,"{""ciba_mode"":""poll"",""client_auth_type"":""private_key_jwt"",""client_registration"":""static_client"",""fapi_ciba_profile"":""plain_fapi""}"
fapi-ciba-p010,9612Ic3biRn45,QZJ1YSBJMJBr7O8,fapi-ciba-id1-ensure-without-client-assertion-in-token-endpoint-request,True,FINISHED,PASSED,PASSED,"{""ciba_mode"":""poll"",""client_auth_type"":""private_key_jwt"",""client_registration"":""static_client"",""fapi_ciba_profile"":""plain_fapi""}"
fapi-ciba-p010,9612Ic3biRn45,XqDXihhGhf7sPsJ,fapi-ciba-id1-ensure-invalid-client-assertions-in-backchannel-authorization-request-fail,True,FINISHED,PASSED,PASSED,"{""ciba_mode"":""poll"",""client_auth_type"":""private_key_jwt"",""client_registration"":""static_client"",""fapi_ciba_profile"":""plain_fapi""}"
fapi-ciba-p010,9612Ic3biRn45,5aZCAveWH8kERVM,fapi-ciba-id1-ensure-client-assertion-signature-algorithm-in-token-endpoint-request-is-RS256-fails,True,FINISHED,PASSED,PASSED,"{""ciba_mode"":""poll"",""client_auth_type"":""private_key_jwt"",""client_registration"":""static_client"",""fapi_ciba_profile"":""plain_fapi""}"
fapi-ciba-p010,9612Ic3biRn45,QjqE6pd99C4mSXH,fapi-ciba-id1-ensure-client-assertion-with-iss-aud-to-token-endpoint-succeeds,True,FINISHED,PASSED,PASSED,"{""ciba_mode"":""poll"",""client_auth_type"":""private_key_jwt"",""client_registration"":""static_client"",""fapi_ciba_profile"":""plain_fapi""}"
fapi-ciba-p010,9612Ic3biRn45,iKAvdEl64xRf0lV,fapi-ciba-id1-ensure-unsigned-backchannel-authorization-request-fails,True,FINISHED,PASSED,PASSED,"{""ciba_mode"":""poll"",""client_auth_type"":""private_key_jwt"",""client_registration"":""static_client"",""fapi_ciba_profile"":""plain_fapi""}"
fapi-ciba-p010,9612Ic3biRn45,2b9udwXEmhT7q1N,fapi-ciba-id1-refresh-token,True,FINISHED,PASSED,PASSED,"{""ciba_mode"":""poll"",""client_auth_type"":""private_key_jwt"",""client_registration"":""static_client"",""fapi_ciba_profile"":""plain_fapi""}"
fapi-ciba-p010,9612Ic3biRn45,zJwToEKaxtIcUxW,fapi-ciba-id1-ensure-mtls-holder-of-key-required,True,FINISHED,PASSED,PASSED,"{""ciba_mode"":""poll"",""client_auth_type"":""private_key_jwt"",""client_registration"":""static_client"",""fapi_ciba_profile"":""plain_fapi""}"
fapi-ciba-p011,CNJ3RMIhWBwwU,aColEMS3VlefAHG,fapi-ciba-id1-discovery-end-point-verification,True,FINISHED,PASSED,PASSED,"{""ciba_mode"":""poll"",""client_auth_type"":""mtls"",""client_registration"":""static_client"",""fapi_ciba_profile"":""plain_fapi""}"
fapi-ciba-p011,CNJ3RMIhWBwwU,5mZrVkK0Adx43Wy,fapi-ciba-id1,True,FINISHED,PASSED,PASSED,"{""ciba_mode"":""poll"",""client_auth_type"":""mtls"",""client_registration"":""static_client"",""fapi_ciba_profile"":""plain_fapi""}"
fapi-ciba-p011,CNJ3RMIhWBwwU,1PkdvI120rmiQTv,fapi-ciba-id1-user-rejects-authentication,True,FINISHED,PASSED,PASSED,"{""ciba_mode"":""poll"",""client_auth_type"":""mtls"",""client_registration"":""static_client"",""fapi_ciba_profile"":""plain_fapi""}"
fapi-ciba-p011,CNJ3RMIhWBwwU,FxF04PYpN5rLWlK,fapi-ciba-id1-multiple-call-to-token-endpoint,True,FINISHED,PASSED,PASSED,"{""ciba_mode"":""poll"",""client_auth_type"":""mtls"",""client_registration"":""static_client"",""fapi_ciba_profile"":""plain_fapi""}"
fapi-ciba-p011,CNJ3RMIhWBwwU,m0hH0zRBDhLYo1K,fapi-ciba-id1-auth-req-id-expired,True,FINISHED,PASSED,PASSED,"{""ciba_mode"":""poll"",""client_auth_type"":""mtls"",""client_registration"":""static_client"",""fapi_ciba_profile"":""plain_fapi""}"
fapi-ciba-p011,CNJ3RMIhWBwwU,JZOSIM8z7Q1pfbA,fapi-ciba-id1-ensure-authorization-request-with-binding-message-succeeds,True,FINISHED,PASSED,PASSED,"{""ciba_mode"":""poll"",""client_auth_type"":""mtls"",""client_registration"":""static_client"",""fapi_ciba_profile"":""plain_fapi""}"
fapi-ciba-p011,CNJ3RMIhWBwwU,LFtcmhIBW5qQ8v0,fapi-ciba-id1-ensure-other-scope-order-succeeds,True,FINISHED,PASSED,PASSED,"{""ciba_mode"":""poll"",""client_auth_type"":""mtls"",""client_registration"":""static_client"",""fapi_ciba_profile"":""plain_fapi""}"
fapi-ciba-p011,CNJ3RMIhWBwwU,j98EEUgamu9J3M6,fapi-ciba-id1-ensure-requested-expiry-as-string-succeeds,True,FINISHED,PASSED,PASSED,"{""ciba_mode"":""poll"",""client_auth_type"":""mtls"",""client_registration"":""static_client"",""fapi_ciba_profile"":""plain_fapi""}"
fapi-ciba-p011,CNJ3RMIhWBwwU,gVdkSVScn9Gg6ww,fapi-ciba-id1-ensure-authorization-request-with-potentially-bad-binding-message,True,FINISHED,PASSED,PASSED,"{""ciba_mode"":""poll"",""client_auth_type"":""mtls"",""client_registration"":""static_client"",""fapi_ciba_profile"":""plain_fapi""}"
fapi-ciba-p011,CNJ3RMIhWBwwU,OFT1AtMZWHeHcqJ,fapi-ciba-id1-ensure-request-object-missing-aud-fails,True,FINISHED,PASSED,PASSED,"{""ciba_mode"":""poll"",""client_auth_type"":""mtls"",""client_registration"":""static_client"",""fapi_ciba_profile"":""plain_fapi""}"
fapi-ciba-p011,CNJ3RMIhWBwwU,3g6gVEGtsexyXmO,fapi-ciba-id1-ensure-request-object-bad-aud-fails,True,FINISHED,PASSED,PASSED,"{""ciba_mode"":""poll"",""client_auth_type"":""mtls"",""client_registration"":""static_client"",""fapi_ciba_profile"":""plain_fapi""}"
fapi-ciba-p011,CNJ3RMIhWBwwU,KE4qR8Yg6BJ2G1F,fapi-ciba-id1-ensure-request-object-missing-iss-fails,True,FINISHED,PASSED,PASSED,"{""ciba_mode"":""poll"",""client_auth_type"":""mtls"",""client_registration"":""static_client"",""fapi_ciba_profile"":""plain_fapi""}"
fapi-ciba-p011,CNJ3RMIhWBwwU,DgHPIPttFDxambF,fapi-ciba-id1-ensure-request-object-bad-iss-fails,True,FINISHED,PASSED,PASSED,"{""ciba_mode"":""poll"",""client_auth_type"":""mtls"",""client_registration"":""static_client"",""fapi_ciba_profile"":""plain_fapi""}"
fapi-ciba-p011,CNJ3RMIhWBwwU,7WPUvda2ti11fXP,fapi-ciba-id1-ensure-request-object-missing-exp-fails,True,FINISHED,PASSED,PASSED,"{""ciba_mode"":""poll"",""client_auth_type"":""mtls"",""client_registration"":""static_client"",""fapi_ciba_profile"":""plain_fapi""}"
fapi-ciba-p011,CNJ3RMIhWBwwU,LSWC3K7eX6B6NdQ,fapi-ciba-id1-ensure-request-object-expired-exp-fails,True,FINISHED,PASSED,PASSED,"{""ciba_mode"":""poll"",""client_auth_type"":""mtls"",""client_registration"":""static_client"",""fapi_ciba_profile"":""plain_fapi""}"
fapi-ciba-p011,CNJ3RMIhWBwwU,fvexOUXyNQaY1Ft,fapi-ciba-id1-ensure-request-object-exp-is-70-minutes-in-future-fails,True,FINISHED,PASSED,PASSED,"{""ciba_mode"":""poll"",""client_auth_type"":""mtls"",""client_registration"":""static_client"",""fapi_ciba_profile"":""plain_fapi""}"
fapi-ciba-p011,CNJ3RMIhWBwwU,25ZzoEmrqhL7kZ6,fapi-ciba-id1-ensure-request-object-missing-iat-fails,True,FINISHED,PASSED,PASSED,"{""ciba_mode"":""poll"",""client_auth_type"":""mtls"",""client_registration"":""static_client"",""fapi_ciba_profile"":""plain_fapi""}"
fapi-ciba-p011,CNJ3RMIhWBwwU,ZHtMceZ4SB5LM9c,fapi-ciba-id1-ensure-request-object-missing-nbf-fails,True,FINISHED,PASSED,PASSED,"{""ciba_mode"":""poll"",""client_auth_type"":""mtls"",""client_registration"":""static_client"",""fapi_ciba_profile"":""plain_fapi""}"
fapi-ciba-p011,CNJ3RMIhWBwwU,h1fcd4ayQK5BPXn,fapi-ciba-id1-ensure-request-object-nbf-is-10-minutes-in-future-fails,True,FINISHED,PASSED,PASSED,"{""ciba_mode"":""poll"",""client_auth_type"":""mtls"",""client_registration"":""static_client"",""fapi_ciba_profile"":""plain_fapi""}"
fapi-ciba-p011,CNJ3RMIhWBwwU,sGBqNYaLaKRANuJ,fapi-ciba-id1-ensure-request-object-nbf-is-70-minutes-in-past-fails,True,FINISHED,PASSED,PASSED,"{""ciba_mode"":""poll"",""client_auth_type"":""mtls"",""client_registration"":""static_client"",""fapi_ciba_profile"":""plain_fapi""}"
fapi-ciba-p011,CNJ3RMIhWBwwU,OyPD6nhhD2qkbWS,fapi-ciba-id1-ensure-request-object-missing-jti-fails,True,FINISHED,PASSED,PASSED,"{""ciba_mode"":""poll"",""client_auth_type"":""mtls"",""client_registration"":""static_client"",""fapi_ciba_profile"":""plain_fapi""}"
fapi-ciba-p011,CNJ3RMIhWBwwU,anpO90TNFMzImDE,fapi-ciba-id1-ensure-request-object-signature-algorithm-is-none-fails,True,FINISHED,PASSED,PASSED,"{""ciba_mode"":""poll"",""client_auth_type"":""mtls"",""client_registration"":""static_client"",""fapi_ciba_profile"":""plain_fapi""}"
fapi-ciba-p011,CNJ3RMIhWBwwU,r4OgRcc7CeD1AkN,fapi-ciba-id1-ensure-request-object-signature-algorithm-is-bad-fails,True,FINISHED,PASSED,PASSED,"{""ciba_mode"":""poll"",""client_auth_type"":""mtls"",""client_registration"":""static_client"",""fapi_ciba_profile"":""plain_fapi""}"
fapi-ciba-p011,CNJ3RMIhWBwwU,vy2V9l17ILdePyt,fapi-ciba-id1-ensure-request-object-signature-algorithm-is-RS256-fails,True,FINISHED,PASSED,PASSED,"{""ciba_mode"":""poll"",""client_auth_type"":""mtls"",""client_registration"":""static_client"",""fapi_ciba_profile"":""plain_fapi""}"
fapi-ciba-p011,CNJ3RMIhWBwwU,k8KNTmHxUDY16Mq,fapi-ciba-id1-ensure-request-object-signed-by-other-client-fails,True,FINISHED,PASSED,PASSED,"{""ciba_mode"":""poll"",""client_auth_type"":""mtls"",""client_registration"":""static_client"",""fapi_ciba_profile"":""plain_fapi""}"
fapi-ciba-p011,CNJ3RMIhWBwwU,Y8AlASCkEmdjtnY,fapi-ciba-id1-ensure-authorization-request-with-multiple-hints-fails,True,FINISHED,PASSED,PASSED,"{""ciba_mode"":""poll"",""client_auth_type"":""mtls"",""client_registration"":""static_client"",""fapi_ciba_profile"":""plain_fapi""}"
fapi-ciba-p011,CNJ3RMIhWBwwU,uU2iDvlwiRNoLNb,fapi-ciba-id1-ensure-wrong-auth-req-id-in-token-endpoint-request,True,FINISHED,PASSED,PASSED,"{""ciba_mode"":""poll"",""client_auth_type"":""mtls"",""client_registration"":""static_client"",""fapi_ciba_profile"":""plain_fapi""}"
fapi-ciba-p011,CNJ3RMIhWBwwU,ppuIQ9cepoinbl7,fapi-ciba-id1-ensure-different-client-id-and-issuer-in-backchannel-authorization-request,True,FINISHED,PASSED,PASSED,"{""ciba_mode"":""poll"",""client_auth_type"":""mtls"",""client_registration"":""static_client"",""fapi_ciba_profile"":""plain_fapi""}"
fapi-ciba-p011,CNJ3RMIhWBwwU,VoivEvlIf6fHVx9,fapi-ciba-id1-ensure-wrong-client-id-in-token-endpoint-request,True,FINISHED,PASSED,PASSED,"{""ciba_mode"":""poll"",""client_auth_type"":""mtls"",""client_registration"":""static_client"",""fapi_ciba_profile"":""plain_fapi""}"
fapi-ciba-p011,CNJ3RMIhWBwwU,ibeqjxKJTxiBfho,fapi-ciba-id1-ensure-wrong-client-id-in-backchannel-authorization-request,True,FINISHED,PASSED,PASSED,"{""ciba_mode"":""poll"",""client_auth_type"":""mtls"",""client_registration"":""static_client"",""fapi_ciba_profile"":""plain_fapi""}"
fapi-ciba-p011,CNJ3RMIhWBwwU,HxtlLmtXoSLzP5d,fapi-ciba-id1-ensure-unsigned-backchannel-authorization-request-fails,True,FINISHED,PASSED,PASSED,"{""ciba_mode"":""poll"",""client_auth_type"":""mtls"",""client_registration"":""static_client"",""fapi_ciba_profile"":""plain_fapi""}"
fapi-ciba-p011,CNJ3RMIhWBwwU,MQXoJyDZRGCzDvY,fapi-ciba-id1-refresh-token,True,FINISHED,PASSED,PASSED,"{""ciba_mode"":""poll"",""client_auth_type"":""mtls"",""client_registration"":""static_client"",""fapi_ciba_profile"":""plain_fapi""}"
fapi-ciba-p011,CNJ3RMIhWBwwU,aYxlOGcjL6DMTdY,fapi-ciba-id1-ensure-mtls-holder-of-key-required,True,FINISHED,PASSED,PASSED,"{""ciba_mode"":""poll"",""client_auth_type"":""mtls"",""client_registration"":""static_client"",""fapi_ciba_profile"":""plain_fapi""}"
fapi-ciba-p012,AIAK5GO549CSk,QtbnGvwQwY58MEA,fapi-ciba-id1-discovery-end-point-verification,True,FINISHED,PASSED,PASSED,"{""ciba_mode"":""ping"",""client_auth_type"":""private_key_jwt"",""client_registration"":""static_client"",""fapi_ciba_profile"":""plain_fapi""}"
fapi-ciba-p012,AIAK5GO549CSk,JseH3Hy1X85FwcL,fapi-ciba-id1,True,FINISHED,PASSED,PASSED,"{""ciba_mode"":""ping"",""client_auth_type"":""private_key_jwt"",""client_registration"":""static_client"",""fapi_ciba_profile"":""plain_fapi""}"
fapi-ciba-p012,AIAK5GO549CSk,mttXrCKhbKrUQns,fapi-ciba-id1-user-rejects-authentication,True,FINISHED,PASSED,PASSED,"{""ciba_mode"":""ping"",""client_auth_type"":""private_key_jwt"",""client_registration"":""static_client"",""fapi_ciba_profile"":""plain_fapi""}"
fapi-ciba-p012,AIAK5GO549CSk,T17b4Uc5gp4Vi5o,fapi-ciba-id1-multiple-call-to-token-endpoint,True,FINISHED,PASSED,PASSED,"{""ciba_mode"":""ping"",""client_auth_type"":""private_key_jwt"",""client_registration"":""static_client"",""fapi_ciba_profile"":""plain_fapi""}"
fapi-ciba-p012,AIAK5GO549CSk,iu2M4xu9DzyjmJJ,fapi-ciba-id1-auth-req-id-expired,True,FINISHED,PASSED,PASSED,"{""ciba_mode"":""ping"",""client_auth_type"":""private_key_jwt"",""client_registration"":""static_client"",""fapi_ciba_profile"":""plain_fapi""}"
fapi-ciba-p012,AIAK5GO549CSk,mEjdnwjSG9qxkDD,fapi-ciba-id1-ensure-authorization-request-with-binding-message-succeeds,True,FINISHED,PASSED,PASSED,"{""ciba_mode"":""ping"",""client_auth_type"":""private_key_jwt"",""client_registration"":""static_client"",""fapi_ciba_profile"":""plain_fapi""}"
fapi-ciba-p012,AIAK5GO549CSk,LYVmcGJ5DnKQEc9,fapi-ciba-id1-ensure-other-scope-order-succeeds,True,FINISHED,PASSED,PASSED,"{""ciba_mode"":""ping"",""client_auth_type"":""private_key_jwt"",""client_registration"":""static_client"",""fapi_ciba_profile"":""plain_fapi""}"
fapi-ciba-p012,AIAK5GO549CSk,g5Oy1sUlfvIhBQ3,fapi-ciba-id1-ensure-requested-expiry-as-string-succeeds,True,FINISHED,PASSED,PASSED,"{""ciba_mode"":""ping"",""client_auth_type"":""private_key_jwt"",""client_registration"":""static_client"",""fapi_ciba_profile"":""plain_fapi""}"
fapi-ciba-p012,AIAK5GO549CSk,6ocWZQHPw2scr82,fapi-ciba-id1-ensure-authorization-request-with-potentially-bad-binding-message,True,FINISHED,PASSED,PASSED,"{""ciba_mode"":""ping"",""client_auth_type"":""private_key_jwt"",""client_registration"":""static_client"",""fapi_ciba_profile"":""plain_fapi""}"
fapi-ciba-p012,AIAK5GO549CSk,z06czuFCC4OwKhY,fapi-ciba-id1-ensure-request-object-missing-aud-fails,True,FINISHED,PASSED,PASSED,"{""ciba_mode"":""ping"",""client_auth_type"":""private_key_jwt"",""client_registration"":""static_client"",""fapi_ciba_profile"":""plain_fapi""}"
fapi-ciba-p012,AIAK5GO549CSk,VG1CKmG7y4tRcP3,fapi-ciba-id1-ensure-request-object-bad-aud-fails,True,FINISHED,PASSED,PASSED,"{""ciba_mode"":""ping"",""client_auth_type"":""private_key_jwt"",""client_registration"":""static_client"",""fapi_ciba_profile"":""plain_fapi""}"
fapi-ciba-p012,AIAK5GO549CSk,z7Ur2gz99rEdyTq,fapi-ciba-id1-ensure-request-object-missing-iss-fails,True,FINISHED,PASSED,PASSED,"{""ciba_mode"":""ping"",""client_auth_type"":""private_key_jwt"",""client_registration"":""static_client"",""fapi_ciba_profile"":""plain_fapi""}"
fapi-ciba-p012,AIAK5GO549CSk,oywMOE1HD4nqWAf,fapi-ciba-id1-ensure-request-object-bad-iss-fails,True,FINISHED,PASSED,PASSED,"{""ciba_mode"":""ping"",""client_auth_type"":""private_key_jwt"",""client_registration"":""static_client"",""fapi_ciba_profile"":""plain_fapi""}"
fapi-ciba-p012,AIAK5GO549CSk,RE4uwgOQRD88SJw,fapi-ciba-id1-ensure-request-object-missing-exp-fails,True,FINISHED,PASSED,PASSED,"{""ciba_mode"":""ping"",""client_auth_type"":""private_key_jwt"",""client_registration"":""static_client"",""fapi_ciba_profile"":""plain_fapi""}"
fapi-ciba-p012,AIAK5GO549CSk,uM5S9VhBoTV4rWm,fapi-ciba-id1-ensure-request-object-expired-exp-fails,True,FINISHED,PASSED,PASSED,"{""ciba_mode"":""ping"",""client_auth_type"":""private_key_jwt"",""client_registration"":""static_client"",""fapi_ciba_profile"":""plain_fapi""}"
fapi-ciba-p012,AIAK5GO549CSk,aK7quNdVKHBsaP5,fapi-ciba-id1-ensure-request-object-exp-is-70-minutes-in-future-fails,True,FINISHED,PASSED,PASSED,"{""ciba_mode"":""ping"",""client_auth_type"":""private_key_jwt"",""client_registration"":""static_client"",""fapi_ciba_profile"":""plain_fapi""}"
fapi-ciba-p012,AIAK5GO549CSk,JlXVcusGwdEWkZK,fapi-ciba-id1-ensure-request-object-missing-iat-fails,True,FINISHED,PASSED,PASSED,"{""ciba_mode"":""ping"",""client_auth_type"":""private_key_jwt"",""client_registration"":""static_client"",""fapi_ciba_profile"":""plain_fapi""}"
fapi-ciba-p012,AIAK5GO549CSk,afZShiVpM0vepMy,fapi-ciba-id1-ensure-request-object-missing-nbf-fails,True,FINISHED,PASSED,PASSED,"{""ciba_mode"":""ping"",""client_auth_type"":""private_key_jwt"",""client_registration"":""static_client"",""fapi_ciba_profile"":""plain_fapi""}"
fapi-ciba-p012,AIAK5GO549CSk,JjitwoGLzaOTI7J,fapi-ciba-id1-ensure-request-object-nbf-is-10-minutes-in-future-fails,True,FINISHED,PASSED,PASSED,"{""ciba_mode"":""ping"",""client_auth_type"":""private_key_jwt"",""client_registration"":""static_client"",""fapi_ciba_profile"":""plain_fapi""}"
fapi-ciba-p012,AIAK5GO549CSk,l9NtB1uynHwh3QP,fapi-ciba-id1-ensure-request-object-nbf-is-70-minutes-in-past-fails,True,FINISHED,PASSED,PASSED,"{""ciba_mode"":""ping"",""client_auth_type"":""private_key_jwt"",""client_registration"":""static_client"",""fapi_ciba_profile"":""plain_fapi""}"
fapi-ciba-p012,AIAK5GO549CSk,kiuZkTZujrRHgEj,fapi-ciba-id1-ensure-request-object-missing-jti-fails,True,FINISHED,PASSED,PASSED,"{""ciba_mode"":""ping"",""client_auth_type"":""private_key_jwt"",""client_registration"":""static_client"",""fapi_ciba_profile"":""plain_fapi""}"
fapi-ciba-p012,AIAK5GO549CSk,hjzPVcXceQM2GNS,fapi-ciba-id1-ensure-request-object-signature-algorithm-is-none-fails,True,FINISHED,PASSED,PASSED,"{""ciba_mode"":""ping"",""client_auth_type"":""private_key_jwt"",""client_registration"":""static_client"",""fapi_ciba_profile"":""plain_fapi""}"
fapi-ciba-p012,AIAK5GO549CSk,9KWjUDQN0pNKNYK,fapi-ciba-id1-ensure-request-object-signature-algorithm-is-bad-fails,True,FINISHED,PASSED,PASSED,"{""ciba_mode"":""ping"",""client_auth_type"":""private_key_jwt"",""client_registration"":""static_client"",""fapi_ciba_profile"":""plain_fapi""}"
fapi-ciba-p012,AIAK5GO549CSk,sJGEBRAs7kw3Rih,fapi-ciba-id1-ensure-request-object-signature-algorithm-is-RS256-fails,True,FINISHED,PASSED,PASSED,"{""ciba_mode"":""ping"",""client_auth_type"":""private_key_jwt"",""client_registration"":""static_client"",""fapi_ciba_profile"":""plain_fapi""}"
fapi-ciba-p012,AIAK5GO549CSk,gg1bOSZoOMJHGA7,fapi-ciba-id1-ensure-request-object-signed-by-other-client-fails,True,FINISHED,PASSED,PASSED,"{""ciba_mode"":""ping"",""client_auth_type"":""private_key_jwt"",""client_registration"":""static_client"",""fapi_ciba_profile"":""plain_fapi""}"
fapi-ciba-p012,AIAK5GO549CSk,3fJtrv4K24osO09,fapi-ciba-id1-ensure-authorization-request-with-multiple-hints-fails,True,FINISHED,PASSED,PASSED,"{""ciba_mode"":""ping"",""client_auth_type"":""private_key_jwt"",""client_registration"":""static_client"",""fapi_ciba_profile"":""plain_fapi""}"
fapi-ciba-p012,AIAK5GO549CSk,haHoXz3Qn1oQJrT,fapi-ciba-id1-ensure-wrong-auth-req-id-in-token-endpoint-request,True,FINISHED,PASSED,PASSED,"{""ciba_mode"":""ping"",""client_auth_type"":""private_key_jwt"",""client_registration"":""static_client"",""fapi_ciba_profile"":""plain_fapi""}"
fapi-ciba-p012,AIAK5GO549CSk,4lBx34fq5Vmqi9Q,fapi-ciba-id1-ensure-without-client-assertion-in-token-endpoint-request,True,FINISHED,PASSED,PASSED,"{""ciba_mode"":""ping"",""client_auth_type"":""private_key_jwt"",""client_registration"":""static_client"",""fapi_ciba_profile"":""plain_fapi""}"
fapi-ciba-p012,AIAK5GO549CSk,ySaNJyT5DNT15mw,fapi-ciba-id1-ensure-invalid-client-assertions-in-backchannel-authorization-request-fail,True,FINISHED,PASSED,PASSED,"{""ciba_mode"":""ping"",""client_auth_type"":""private_key_jwt"",""client_registration"":""static_client"",""fapi_ciba_profile"":""plain_fapi""}"
fapi-ciba-p012,AIAK5GO549CSk,jUG8Jyj2R22381P,fapi-ciba-id1-ensure-client-assertion-signature-algorithm-in-token-endpoint-request-is-RS256-fails,True,FINISHED,PASSED,PASSED,"{""ciba_mode"":""ping"",""client_auth_type"":""private_key_jwt"",""client_registration"":""static_client"",""fapi_ciba_profile"":""plain_fapi""}"
fapi-ciba-p012,AIAK5GO549CSk,BrqSqKUI6H5kdA6,fapi-ciba-id1-ensure-client-assertion-with-iss-aud-to-token-endpoint-succeeds,True,FINISHED,PASSED,PASSED,"{""ciba_mode"":""ping"",""client_auth_type"":""private_key_jwt"",""client_registration"":""static_client"",""fapi_ciba_profile"":""plain_fapi""}"
fapi-ciba-p012,AIAK5GO549CSk,sdHmZMHvuSXfPtG,fapi-ciba-id1-ping-backchannel-notification-endpoint-response-has-body,True,FINISHED,PASSED,PASSED,"{""ciba_mode"":""ping"",""client_auth_type"":""private_key_jwt"",""client_registration"":""static_client"",""fapi_ciba_profile"":""plain_fapi""}"
fapi-ciba-p012,AIAK5GO549CSk,y0mPCsJGk9XHCQ8,fapi-ciba-id1-ping-backchannel-notification-endpoint-response-401,True,FINISHED,PASSED,PASSED,"{""ciba_mode"":""ping"",""client_auth_type"":""private_key_jwt"",""client_registration"":""static_client"",""fapi_ciba_profile"":""plain_fapi""}"
fapi-ciba-p012,AIAK5GO549CSk,5gzms1e7yMuqlKF,fapi-ciba-id1-ping-backchannel-notification-endpoint-response-403,True,FINISHED,PASSED,PASSED,"{""ciba_mode"":""ping"",""client_auth_type"":""private_key_jwt"",""client_registration"":""static_client"",""fapi_ciba_profile"":""plain_fapi""}"
fapi-ciba-p012,AIAK5GO549CSk,4BQx1VyF6irlAXv,fapi-ciba-id1-ping-with-mtls-ciba-notification-endpoint-response-401-and-require-server-does-not-retry,True,FINISHED,PASSED,PASSED,"{""ciba_mode"":""ping"",""client_auth_type"":""private_key_jwt"",""client_registration"":""static_client"",""fapi_ciba_profile"":""plain_fapi""}"
fapi-ciba-p012,AIAK5GO549CSk,LwwkHo9eqyRsOcg,fapi-ciba-id1-ping-backchannel-notification-endpoint-return-redirect-request,True,FINISHED,PASSED,PASSED,"{""ciba_mode"":""ping"",""client_auth_type"":""private_key_jwt"",""client_registration"":""static_client"",""fapi_ciba_profile"":""plain_fapi""}"
fapi-ciba-p012,AIAK5GO549CSk,XXIw68jn5koW2Sl,fapi-ciba-id1-ensure-unsigned-backchannel-authorization-request-fails,True,FINISHED,PASSED,PASSED,"{""ciba_mode"":""ping"",""client_auth_type"":""private_key_jwt"",""client_registration"":""static_client"",""fapi_ciba_profile"":""plain_fapi""}"
fapi-ciba-p012,AIAK5GO549CSk,xBCXemy3Fp6XZqO,fapi-ciba-id1-refresh-token,True,FINISHED,PASSED,PASSED,"{""ciba_mode"":""ping"",""client_auth_type"":""private_key_jwt"",""client_registration"":""static_client"",""fapi_ciba_profile"":""plain_fapi""}"
fapi-ciba-p012,AIAK5GO549CSk,M8RjDhp6zp3Xc7p,fapi-ciba-id1-ensure-mtls-holder-of-key-required,True,FINISHED,PASSED,PASSED,"{""ciba_mode"":""ping"",""client_auth_type"":""private_key_jwt"",""client_registration"":""static_client"",""fapi_ciba_profile"":""plain_fapi""}"
fapi-ciba-p013,zlaIilSeS4wZ4,RUnKnCvXImVjrss,fapi-ciba-id1-discovery-end-point-verification,True,FINISHED,PASSED,PASSED,"{""ciba_mode"":""ping"",""client_auth_type"":""mtls"",""client_registration"":""static_client"",""fapi_ciba_profile"":""plain_fapi""}"
fapi-ciba-p013,zlaIilSeS4wZ4,yYHECH5fpAc2vdA,fapi-ciba-id1,True,FINISHED,PASSED,PASSED,"{""ciba_mode"":""ping"",""client_auth_type"":""mtls"",""client_registration"":""static_client"",""fapi_ciba_profile"":""plain_fapi""}"
fapi-ciba-p013,zlaIilSeS4wZ4,Zvz208htWsI7v4k,fapi-ciba-id1-user-rejects-authentication,True,FINISHED,PASSED,PASSED,"{""ciba_mode"":""ping"",""client_auth_type"":""mtls"",""client_registration"":""static_client"",""fapi_ciba_profile"":""plain_fapi""}"
fapi-ciba-p013,zlaIilSeS4wZ4,F0qEjszQHI6DopB,fapi-ciba-id1-multiple-call-to-token-endpoint,True,FINISHED,PASSED,PASSED,"{""ciba_mode"":""ping"",""client_auth_type"":""mtls"",""client_registration"":""static_client"",""fapi_ciba_profile"":""plain_fapi""}"
fapi-ciba-p013,zlaIilSeS4wZ4,SSufcy9RfazL0Ds,fapi-ciba-id1-auth-req-id-expired,True,FINISHED,PASSED,PASSED,"{""ciba_mode"":""ping"",""client_auth_type"":""mtls"",""client_registration"":""static_client"",""fapi_ciba_profile"":""plain_fapi""}"
fapi-ciba-p013,zlaIilSeS4wZ4,XwIxc443JjgZxK3,fapi-ciba-id1-ensure-authorization-request-with-binding-message-succeeds,True,FINISHED,PASSED,PASSED,"{""ciba_mode"":""ping"",""client_auth_type"":""mtls"",""client_registration"":""static_client"",""fapi_ciba_profile"":""plain_fapi""}"
fapi-ciba-p013,zlaIilSeS4wZ4,jRy7IA8dLB1nC6a,fapi-ciba-id1-ensure-other-scope-order-succeeds,True,FINISHED,PASSED,PASSED,"{""ciba_mode"":""ping"",""client_auth_type"":""mtls"",""client_registration"":""static_client"",""fapi_ciba_profile"":""plain_fapi""}"
fapi-ciba-p013,zlaIilSeS4wZ4,nCxLkODnHqsfsJe,fapi-ciba-id1-ensure-requested-expiry-as-string-succeeds,True,FINISHED,PASSED,PASSED,"{""ciba_mode"":""ping"",""client_auth_type"":""mtls"",""client_registration"":""static_client"",""fapi_ciba_profile"":""plain_fapi""}"
fapi-ciba-p013,zlaIilSeS4wZ4,4pz65cL3cYkhDO0,fapi-ciba-id1-ensure-authorization-request-with-potentially-bad-binding-message,True,FINISHED,PASSED,PASSED,"{""ciba_mode"":""ping"",""client_auth_type"":""mtls"",""client_registration"":""static_client"",""fapi_ciba_profile"":""plain_fapi""}"
fapi-ciba-p013,zlaIilSeS4wZ4,RaQUILr6xCwM5Uq,fapi-ciba-id1-ensure-request-object-missing-aud-fails,True,FINISHED,PASSED,PASSED,"{""ciba_mode"":""ping"",""client_auth_type"":""mtls"",""client_registration"":""static_client"",""fapi_ciba_profile"":""plain_fapi""}"
fapi-ciba-p013,zlaIilSeS4wZ4,uoy9JnwD0MfPmge,fapi-ciba-id1-ensure-request-object-bad-aud-fails,True,FINISHED,PASSED,PASSED,"{""ciba_mode"":""ping"",""client_auth_type"":""mtls"",""client_registration"":""static_client"",""fapi_ciba_profile"":""plain_fapi""}"
fapi-ciba-p013,zlaIilSeS4wZ4,nS0xpawzmAyZVCt,fapi-ciba-id1-ensure-request-object-missing-iss-fails,True,FINISHED,PASSED,PASSED,"{""ciba_mode"":""ping"",""client_auth_type"":""mtls"",""client_registration"":""static_client"",""fapi_ciba_profile"":""plain_fapi""}"
fapi-ciba-p013,zlaIilSeS4wZ4,KO3A1ihY140ut7L,fapi-ciba-id1-ensure-request-object-bad-iss-fails,True,FINISHED,PASSED,PASSED,"{""ciba_mode"":""ping"",""client_auth_type"":""mtls"",""client_registration"":""static_client"",""fapi_ciba_profile"":""plain_fapi""}"
fapi-ciba-p013,zlaIilSeS4wZ4,tte06OY9c06Q6Ue,fapi-ciba-id1-ensure-request-object-missing-exp-fails,True,FINISHED,PASSED,PASSED,"{""ciba_mode"":""ping"",""client_auth_type"":""mtls"",""client_registration"":""static_client"",""fapi_ciba_profile"":""plain_fapi""}"
fapi-ciba-p013,zlaIilSeS4wZ4,0Ob1DoDuH3tOmkO,fapi-ciba-id1-ensure-request-object-expired-exp-fails,True,FINISHED,PASSED,PASSED,"{""ciba_mode"":""ping"",""client_auth_type"":""mtls"",""client_registration"":""static_client"",""fapi_ciba_profile"":""plain_fapi""}"
fapi-ciba-p013,zlaIilSeS4wZ4,2kNKs2paarv5noN,fapi-ciba-id1-ensure-request-object-exp-is-70-minutes-in-future-fails,True,FINISHED,PASSED,PASSED,"{""ciba_mode"":""ping"",""client_auth_type"":""mtls"",""client_registration"":""static_client"",""fapi_ciba_profile"":""plain_fapi""}"
fapi-ciba-p013,zlaIilSeS4wZ4,vGu7DtbUFHkrK7R,fapi-ciba-id1-ensure-request-object-missing-iat-fails,True,FINISHED,PASSED,PASSED,"{""ciba_mode"":""ping"",""client_auth_type"":""mtls"",""client_registration"":""static_client"",""fapi_ciba_profile"":""plain_fapi""}"
fapi-ciba-p013,zlaIilSeS4wZ4,AzkbB5dm0s76HVJ,fapi-ciba-id1-ensure-request-object-missing-nbf-fails,True,FINISHED,PASSED,PASSED,"{""ciba_mode"":""ping"",""client_auth_type"":""mtls"",""client_registration"":""static_client"",""fapi_ciba_profile"":""plain_fapi""}"
fapi-ciba-p013,zlaIilSeS4wZ4,HFsUPPSKNNtaRM6,fapi-ciba-id1-ensure-request-object-nbf-is-10-minutes-in-future-fails,True,FINISHED,PASSED,PASSED,"{""ciba_mode"":""ping"",""client_auth_type"":""mtls"",""client_registration"":""static_client"",""fapi_ciba_profile"":""plain_fapi""}"
fapi-ciba-p013,zlaIilSeS4wZ4,LagM7b9OIIuQPzq,fapi-ciba-id1-ensure-request-object-nbf-is-70-minutes-in-past-fails,True,FINISHED,PASSED,PASSED,"{""ciba_mode"":""ping"",""client_auth_type"":""mtls"",""client_registration"":""static_client"",""fapi_ciba_profile"":""plain_fapi""}"
fapi-ciba-p013,zlaIilSeS4wZ4,i1ttjvd48lW7fhC,fapi-ciba-id1-ensure-request-object-missing-jti-fails,True,FINISHED,PASSED,PASSED,"{""ciba_mode"":""ping"",""client_auth_type"":""mtls"",""client_registration"":""static_client"",""fapi_ciba_profile"":""plain_fapi""}"
fapi-ciba-p013,zlaIilSeS4wZ4,a3oC2Iv2Hlf1Hdi,fapi-ciba-id1-ensure-request-object-signature-algorithm-is-none-fails,True,FINISHED,PASSED,PASSED,"{""ciba_mode"":""ping"",""client_auth_type"":""mtls"",""client_registration"":""static_client"",""fapi_ciba_profile"":""plain_fapi""}"
fapi-ciba-p013,zlaIilSeS4wZ4,kPIsL3haXo9qj02,fapi-ciba-id1-ensure-request-object-signature-algorithm-is-bad-fails,True,FINISHED,PASSED,PASSED,"{""ciba_mode"":""ping"",""client_auth_type"":""mtls"",""client_registration"":""static_client"",""fapi_ciba_profile"":""plain_fapi""}"
fapi-ciba-p013,zlaIilSeS4wZ4,AJMoNAN5tQDD1Fc,fapi-ciba-id1-ensure-request-object-signature-algorithm-is-RS256-fails,True,FINISHED,PASSED,PASSED,"{""ciba_mode"":""ping"",""client_auth_type"":""mtls"",""client_registration"":""static_client"",""fapi_ciba_profile"":""plain_fapi""}"
fapi-ciba-p013,zlaIilSeS4wZ4,q6pGH180by38TLa,fapi-ciba-id1-ensure-request-object-signed-by-other-client-fails,True,FINISHED,PASSED,PASSED,"{""ciba_mode"":""ping"",""client_auth_type"":""mtls"",""client_registration"":""static_client"",""fapi_ciba_profile"":""plain_fapi""}"
fapi-ciba-p013,zlaIilSeS4wZ4,eNtYOenqTalRkPM,fapi-ciba-id1-ensure-authorization-request-with-multiple-hints-fails,True,FINISHED,PASSED,PASSED,"{""ciba_mode"":""ping"",""client_auth_type"":""mtls"",""client_registration"":""static_client"",""fapi_ciba_profile"":""plain_fapi""}"
fapi-ciba-p013,zlaIilSeS4wZ4,GNibnHSGVq5wuwt,fapi-ciba-id1-ensure-wrong-auth-req-id-in-token-endpoint-request,True,FINISHED,PASSED,PASSED,"{""ciba_mode"":""ping"",""client_auth_type"":""mtls"",""client_registration"":""static_client"",""fapi_ciba_profile"":""plain_fapi""}"
fapi-ciba-p013,zlaIilSeS4wZ4,CIhYAxaz27BQM7y,fapi-ciba-id1-ensure-different-client-id-and-issuer-in-backchannel-authorization-request,True,FINISHED,PASSED,PASSED,"{""ciba_mode"":""ping"",""client_auth_type"":""mtls"",""client_registration"":""static_client"",""fapi_ciba_profile"":""plain_fapi""}"
fapi-ciba-p013,zlaIilSeS4wZ4,Ddr4ezauT3EyRof,fapi-ciba-id1-ensure-wrong-client-id-in-token-endpoint-request,True,FINISHED,PASSED,PASSED,"{""ciba_mode"":""ping"",""client_auth_type"":""mtls"",""client_registration"":""static_client"",""fapi_ciba_profile"":""plain_fapi""}"
fapi-ciba-p013,zlaIilSeS4wZ4,BbKzJ43Be9DJIol,fapi-ciba-id1-ensure-wrong-client-id-in-backchannel-authorization-request,True,FINISHED,PASSED,PASSED,"{""ciba_mode"":""ping"",""client_auth_type"":""mtls"",""client_registration"":""static_client"",""fapi_ciba_profile"":""plain_fapi""}"
fapi-ciba-p013,zlaIilSeS4wZ4,VTyZdR8Ml4yjNO1,fapi-ciba-id1-ping-backchannel-notification-endpoint-response-has-body,True,FINISHED,PASSED,PASSED,"{""ciba_mode"":""ping"",""client_auth_type"":""mtls"",""client_registration"":""static_client"",""fapi_ciba_profile"":""plain_fapi""}"
fapi-ciba-p013,zlaIilSeS4wZ4,hFchcmtYKr0trGR,fapi-ciba-id1-ping-backchannel-notification-endpoint-response-401,True,FINISHED,PASSED,PASSED,"{""ciba_mode"":""ping"",""client_auth_type"":""mtls"",""client_registration"":""static_client"",""fapi_ciba_profile"":""plain_fapi""}"
fapi-ciba-p013,zlaIilSeS4wZ4,5khR5WdLXXzzRrd,fapi-ciba-id1-ping-backchannel-notification-endpoint-response-403,True,FINISHED,PASSED,PASSED,"{""ciba_mode"":""ping"",""client_auth_type"":""mtls"",""client_registration"":""static_client"",""fapi_ciba_profile"":""plain_fapi""}"
fapi-ciba-p013,zlaIilSeS4wZ4,YO9USJYqp3lRbI7,fapi-ciba-id1-ping-with-mtls-ciba-notification-endpoint-response-401-and-require-server-does-not-retry,True,FINISHED,PASSED,PASSED,"{""ciba_mode"":""ping"",""client_auth_type"":""mtls"",""client_registration"":""static_client"",""fapi_ciba_profile"":""plain_fapi""}"
fapi-ciba-p013,zlaIilSeS4wZ4,czmtymY2ZxwTyuP,fapi-ciba-id1-ping-backchannel-notification-endpoint-return-redirect-request,True,FINISHED,PASSED,PASSED,"{""ciba_mode"":""ping"",""client_auth_type"":""mtls"",""client_registration"":""static_client"",""fapi_ciba_profile"":""plain_fapi""}"
fapi-ciba-p013,zlaIilSeS4wZ4,cjL7O5I27oP3rW1,fapi-ciba-id1-ensure-unsigned-backchannel-authorization-request-fails,True,FINISHED,PASSED,PASSED,"{""ciba_mode"":""ping"",""client_auth_type"":""mtls"",""client_registration"":""static_client"",""fapi_ciba_profile"":""plain_fapi""}"
fapi-ciba-p013,zlaIilSeS4wZ4,mTmpXwaR5QzEM6Q,fapi-ciba-id1-refresh-token,True,FINISHED,PASSED,PASSED,"{""ciba_mode"":""ping"",""client_auth_type"":""mtls"",""client_registration"":""static_client"",""fapi_ciba_profile"":""plain_fapi""}"
fapi-ciba-p013,zlaIilSeS4wZ4,PG0HARuLxv8EF9X,fapi-ciba-id1-ensure-mtls-holder-of-key-required,True,FINISHED,PASSED,PASSED,"{""ciba_mode"":""ping"",""client_auth_type"":""mtls"",""client_registration"":""static_client"",""fapi_ciba_profile"":""plain_fapi""}"
fapi-security-code-p014,vlX9mLVJi4oy3,M80SnKBF97ZPfgG,fapi2-security-profile-final-discovery-end-point-verification,True,FINISHED,PASSED,PASSED,"{""client_auth_type"":""private_key_jwt"",""fapi_profile"":""plain_fapi"",""fapi_request_method"":""unsigned"",""fapi_response_mode"":""plain_response"",""openid"":""openid_connect"",""sender_constrain"":""dpop""}"
fapi-security-code-p014,vlX9mLVJi4oy3,sDDZ2EDaVS5wr1f,fapi2-security-profile-final-happy-flow,True,FINISHED,PASSED,PASSED,"{""client_auth_type"":""private_key_jwt"",""fapi_profile"":""plain_fapi"",""fapi_request_method"":""unsigned"",""fapi_response_mode"":""plain_response"",""openid"":""openid_connect"",""sender_constrain"":""dpop""}"
fapi-security-code-p014,vlX9mLVJi4oy3,Bt5M7JgdecWD6RX,fapi2-security-profile-final-user-rejects-authentication,True,FINISHED,PASSED,PASSED,"{""client_auth_type"":""private_key_jwt"",""fapi_profile"":""plain_fapi"",""fapi_request_method"":""unsigned"",""fapi_response_mode"":""plain_response"",""openid"":""openid_connect"",""sender_constrain"":""dpop""}"
fapi-security-code-p014,vlX9mLVJi4oy3,cJCsLuKsDlTw8k1,fapi2-security-profile-final-ensure-authorization-request-without-state-success,True,FINISHED,PASSED,PASSED,"{""client_auth_type"":""private_key_jwt"",""fapi_profile"":""plain_fapi"",""fapi_request_method"":""unsigned"",""fapi_response_mode"":""plain_response"",""openid"":""openid_connect"",""sender_constrain"":""dpop""}"
fapi-security-code-p014,vlX9mLVJi4oy3,PzR6fWd98AQMonE,fapi2-security-profile-final-ensure-authorization-request-without-nonce-success,True,FINISHED,PASSED,PASSED,"{""client_auth_type"":""private_key_jwt"",""fapi_profile"":""plain_fapi"",""fapi_request_method"":""unsigned"",""fapi_response_mode"":""plain_response"",""openid"":""openid_connect"",""sender_constrain"":""dpop""}"
fapi-security-code-p014,vlX9mLVJi4oy3,cGOciVYy4WiqB5k,fapi2-security-profile-final-ensure-authorization-request-with-64-char-nonce-success,True,FINISHED,PASSED,PASSED,"{""client_auth_type"":""private_key_jwt"",""fapi_profile"":""plain_fapi"",""fapi_request_method"":""unsigned"",""fapi_response_mode"":""plain_response"",""openid"":""openid_connect"",""sender_constrain"":""dpop""}"
fapi-security-code-p014,vlX9mLVJi4oy3,o7584vBqC3lxKPY,fapi2-security-profile-final-ensure-other-scope-order-succeeds,True,FINISHED,PASSED,PASSED,"{""client_auth_type"":""private_key_jwt"",""fapi_profile"":""plain_fapi"",""fapi_request_method"":""unsigned"",""fapi_response_mode"":""plain_response"",""openid"":""openid_connect"",""sender_constrain"":""dpop""}"
fapi-security-code-p014,vlX9mLVJi4oy3,qZR7kMGQwvPmfTE,fapi2-security-profile-final-test-claims-parameter-identity-claims,True,FINISHED,PASSED,PASSED,"{""client_auth_type"":""private_key_jwt"",""fapi_profile"":""plain_fapi"",""fapi_request_method"":""unsigned"",""fapi_response_mode"":""plain_response"",""openid"":""openid_connect"",""sender_constrain"":""dpop""}"
fapi-security-code-p014,vlX9mLVJi4oy3,rdS14ku1Acg0zzs,fapi2-security-profile-final-access-token-type-header-case-sensitivity,True,FINISHED,PASSED,PASSED,"{""client_auth_type"":""private_key_jwt"",""fapi_profile"":""plain_fapi"",""fapi_request_method"":""unsigned"",""fapi_response_mode"":""plain_response"",""openid"":""openid_connect"",""sender_constrain"":""dpop""}"
fapi-security-code-p014,vlX9mLVJi4oy3,zt6jcmXVcC4hHHy,fapi2-security-profile-final-check-dpop-proof-nbf-exp,True,FINISHED,PASSED,PASSED,"{""client_auth_type"":""private_key_jwt"",""fapi_profile"":""plain_fapi"",""fapi_request_method"":""unsigned"",""fapi_response_mode"":""plain_response"",""openid"":""openid_connect"",""sender_constrain"":""dpop""}"
fapi-security-code-p014,vlX9mLVJi4oy3,UEkDjN68oGL5PMJ,fapi2-security-profile-final-ensure-dpopproof-with-iat-10seconds-before-succeeds,True,FINISHED,PASSED,PASSED,"{""client_auth_type"":""private_key_jwt"",""fapi_profile"":""plain_fapi"",""fapi_request_method"":""unsigned"",""fapi_response_mode"":""plain_response"",""openid"":""openid_connect"",""sender_constrain"":""dpop""}"
fapi-security-code-p014,vlX9mLVJi4oy3,wC6ZUKvB5mAVMhh,fapi2-security-profile-final-ensure-dpopproof-with-iat-10seconds-after-succeeds,True,FINISHED,PASSED,PASSED,"{""client_auth_type"":""private_key_jwt"",""fapi_profile"":""plain_fapi"",""fapi_request_method"":""unsigned"",""fapi_response_mode"":""plain_response"",""openid"":""openid_connect"",""sender_constrain"":""dpop""}"
fapi-security-code-p014,vlX9mLVJi4oy3,eYRsuFurqYbH3bd,fapi2-security-profile-final-ensure-mismatched-dpop-jkt-fails,True,FINISHED,PASSED,PASSED,"{""client_auth_type"":""private_key_jwt"",""fapi_profile"":""plain_fapi"",""fapi_request_method"":""unsigned"",""fapi_response_mode"":""plain_response"",""openid"":""openid_connect"",""sender_constrain"":""dpop""}"
fapi-security-code-p014,vlX9mLVJi4oy3,SfRlO1IuS7JMz2L,fapi2-security-profile-final-ensure-token-endpoint-fails-with-mismatched-dpop-proof-jkt,True,FINISHED,PASSED,PASSED,"{""client_auth_type"":""private_key_jwt"",""fapi_profile"":""plain_fapi"",""fapi_request_method"":""unsigned"",""fapi_response_mode"":""plain_response"",""openid"":""openid_connect"",""sender_constrain"":""dpop""}"
fapi-security-code-p014,vlX9mLVJi4oy3,gGSSAKZ3GGitcQV,fapi2-security-profile-final-ensure-token-endpoint-fails-with-mismatched-dpop-jkt,True,FINISHED,PASSED,PASSED,"{""client_auth_type"":""private_key_jwt"",""fapi_profile"":""plain_fapi"",""fapi_request_method"":""unsigned"",""fapi_response_mode"":""plain_response"",""openid"":""openid_connect"",""sender_constrain"":""dpop""}"
fapi-security-code-p014,vlX9mLVJi4oy3,xZYKdYL2zF6h07X,fapi2-security-profile-final-ensure-dpopproof-at-par-endpoint-binding-success,True,FINISHED,PASSED,PASSED,"{""client_auth_type"":""private_key_jwt"",""fapi_profile"":""plain_fapi"",""fapi_request_method"":""unsigned"",""fapi_response_mode"":""plain_response"",""openid"":""openid_connect"",""sender_constrain"":""dpop""}"
fapi-security-code-p014,vlX9mLVJi4oy3,AbQiaSq6FObF7gz,fapi2-security-profile-final-ensure-dpop-auth-code-binding-success,True,FINISHED,PASSED,PASSED,"{""client_auth_type"":""private_key_jwt"",""fapi_profile"":""plain_fapi"",""fapi_request_method"":""unsigned"",""fapi_response_mode"":""plain_response"",""openid"":""openid_connect"",""sender_constrain"":""dpop""}"
fapi-security-code-p014,vlX9mLVJi4oy3,lVUNLUZ5Hkitv4H,fapi2-security-profile-final-ensure-different-nonce-inside-and-outside-request-object,True,FINISHED,PASSED,PASSED,"{""client_auth_type"":""private_key_jwt"",""fapi_profile"":""plain_fapi"",""fapi_request_method"":""unsigned"",""fapi_response_mode"":""plain_response"",""openid"":""openid_connect"",""sender_constrain"":""dpop""}"
fapi-security-code-p014,vlX9mLVJi4oy3,A0UXa9av68aoKui,fapi2-security-profile-final-ensure-different-state-inside-and-outside-request-object,True,FINISHED,PASSED,PASSED,"{""client_auth_type"":""private_key_jwt"",""fapi_profile"":""plain_fapi"",""fapi_request_method"":""unsigned"",""fapi_response_mode"":""plain_response"",""openid"":""openid_connect"",""sender_constrain"":""dpop""}"
fapi-security-code-p014,vlX9mLVJi4oy3,RuKGlusSxJVyKEA,fapi2-security-profile-final-ensure-authorization-request-with-long-nonce,True,FINISHED,PASSED,PASSED,"{""client_auth_type"":""private_key_jwt"",""fapi_profile"":""plain_fapi"",""fapi_request_method"":""unsigned"",""fapi_response_mode"":""plain_response"",""openid"":""openid_connect"",""sender_constrain"":""dpop""}"
fapi-security-code-p014,vlX9mLVJi4oy3,mSomxqoa4gkEi4w,fapi2-security-profile-final-ensure-authorization-request-with-long-state,True,FINISHED,PASSED,PASSED,"{""client_auth_type"":""private_key_jwt"",""fapi_profile"":""plain_fapi"",""fapi_request_method"":""unsigned"",""fapi_response_mode"":""plain_response"",""openid"":""openid_connect"",""sender_constrain"":""dpop""}"
fapi-security-code-p014,vlX9mLVJi4oy3,js0AvOaoCzBJw5O,fapi2-security-profile-final-state-only-outside-request-object-not-used,True,FINISHED,PASSED,PASSED,"{""client_auth_type"":""private_key_jwt"",""fapi_profile"":""plain_fapi"",""fapi_request_method"":""unsigned"",""fapi_response_mode"":""plain_response"",""openid"":""openid_connect"",""sender_constrain"":""dpop""}"
fapi-security-code-p014,vlX9mLVJi4oy3,GwYBN6BppGJ4OC2,fapi2-security-profile-final-ensure-request-object-without-redirect-uri-fails,True,FINISHED,PASSED,PASSED,"{""client_auth_type"":""private_key_jwt"",""fapi_profile"":""plain_fapi"",""fapi_request_method"":""unsigned"",""fapi_response_mode"":""plain_response"",""openid"":""openid_connect"",""sender_constrain"":""dpop""}"
fapi-security-code-p014,vlX9mLVJi4oy3,4FfhbeICud3SNY0,fapi2-security-profile-final-plain-fapi-tolerate-unregistered-redirect-uri,True,FINISHED,PASSED,PASSED,"{""client_auth_type"":""private_key_jwt"",""fapi_profile"":""plain_fapi"",""fapi_request_method"":""unsigned"",""fapi_response_mode"":""plain_response"",""openid"":""openid_connect"",""sender_constrain"":""dpop""}"
fapi-security-code-p014,vlX9mLVJi4oy3,O83n890NxKT4Ek1,fapi2-security-profile-final-ensure-unsigned-authorization-request-without-using-par-fails,True,FINISHED,PASSED,PASSED,"{""client_auth_type"":""private_key_jwt"",""fapi_profile"":""plain_fapi"",""fapi_request_method"":""unsigned"",""fapi_response_mode"":""plain_response"",""openid"":""openid_connect"",""sender_constrain"":""dpop""}"
fapi-security-code-p014,vlX9mLVJi4oy3,tNtKowgaufmJyr0,fapi2-security-profile-final-ensure-redirect-uri-in-authorization-request,True,FINISHED,PASSED,PASSED,"{""client_auth_type"":""private_key_jwt"",""fapi_profile"":""plain_fapi"",""fapi_request_method"":""unsigned"",""fapi_response_mode"":""plain_response"",""openid"":""openid_connect"",""sender_constrain"":""dpop""}"
fapi-security-code-p014,vlX9mLVJi4oy3,DwDpsOJAkgGvMXk,fapi2-security-profile-final-ensure-response-type-code-idtoken-fails,True,FINISHED,PASSED,PASSED,"{""client_auth_type"":""private_key_jwt"",""fapi_profile"":""plain_fapi"",""fapi_request_method"":""unsigned"",""fapi_response_mode"":""plain_response"",""openid"":""openid_connect"",""sender_constrain"":""dpop""}"
fapi-security-code-p014,vlX9mLVJi4oy3,JH7pXo2CjpaEIXf,fapi2-security-profile-final-ensure-response-type-token-fails,True,FINISHED,PASSED,PASSED,"{""client_auth_type"":""private_key_jwt"",""fapi_profile"":""plain_fapi"",""fapi_request_method"":""unsigned"",""fapi_response_mode"":""plain_response"",""openid"":""openid_connect"",""sender_constrain"":""dpop""}"
fapi-security-code-p014,vlX9mLVJi4oy3,V3GEZinWAY3NjAV,fapi2-security-profile-final-ensure-client-id-in-token-endpoint,True,FINISHED,PASSED,PASSED,"{""client_auth_type"":""private_key_jwt"",""fapi_profile"":""plain_fapi"",""fapi_request_method"":""unsigned"",""fapi_response_mode"":""plain_response"",""openid"":""openid_connect"",""sender_constrain"":""dpop""}"
fapi-security-code-p014,vlX9mLVJi4oy3,fW9SActzpYCnJVd,fapi2-security-profile-final-ensure-holder-of-key-required,True,FINISHED,PASSED,PASSED,"{""client_auth_type"":""private_key_jwt"",""fapi_profile"":""plain_fapi"",""fapi_request_method"":""unsigned"",""fapi_response_mode"":""plain_response"",""openid"":""openid_connect"",""sender_constrain"":""dpop""}"
fapi-security-code-p014,vlX9mLVJi4oy3,Zyt3fgsMUsfamlK,fapi2-security-profile-final-ensure-authorization-code-is-bound-to-client,True,FINISHED,PASSED,PASSED,"{""client_auth_type"":""private_key_jwt"",""fapi_profile"":""plain_fapi"",""fapi_request_method"":""unsigned"",""fapi_response_mode"":""plain_response"",""openid"":""openid_connect"",""sender_constrain"":""dpop""}"
fapi-security-code-p014,vlX9mLVJi4oy3,KyYGmVzDdgTWl4m,fapi2-security-profile-final-attempt-reuse-authorization-code-after-one-second,True,FINISHED,PASSED,PASSED,"{""client_auth_type"":""private_key_jwt"",""fapi_profile"":""plain_fapi"",""fapi_request_method"":""unsigned"",""fapi_response_mode"":""plain_response"",""openid"":""openid_connect"",""sender_constrain"":""dpop""}"
fapi-security-code-p014,vlX9mLVJi4oy3,GGLMDwcLBQM52Xg,fapi2-security-profile-final-ensure-token-endpoint-fails-with-expired-auth-code,True,FINISHED,PASSED,PASSED,"{""client_auth_type"":""private_key_jwt"",""fapi_profile"":""plain_fapi"",""fapi_request_method"":""unsigned"",""fapi_response_mode"":""plain_response"",""openid"":""openid_connect"",""sender_constrain"":""dpop""}"
fapi-security-code-p014,vlX9mLVJi4oy3,As3CDbZWRTIehQ0,fapi2-security-profile-final-ensure-signed-client-assertion-with-RS256-fails,True,FINISHED,PASSED,PASSED,"{""client_auth_type"":""private_key_jwt"",""fapi_profile"":""plain_fapi"",""fapi_request_method"":""unsigned"",""fapi_response_mode"":""plain_response"",""openid"":""openid_connect"",""sender_constrain"":""dpop""}"
fapi-security-code-p014,vlX9mLVJi4oy3,xHJzmpaq18zJhOJ,fapi2-security-profile-final-ensure-client-assertion-in-token-endpoint,True,FINISHED,PASSED,PASSED,"{""client_auth_type"":""private_key_jwt"",""fapi_profile"":""plain_fapi"",""fapi_request_method"":""unsigned"",""fapi_response_mode"":""plain_response"",""openid"":""openid_connect"",""sender_constrain"":""dpop""}"
fapi-security-code-p014,vlX9mLVJi4oy3,pH4VcS5QckaIdXn,fapi2-security-profile-final-ensure-client-assertion-with-exp-is-5-minutes-in-past-fails,True,FINISHED,PASSED,PASSED,"{""client_auth_type"":""private_key_jwt"",""fapi_profile"":""plain_fapi"",""fapi_request_method"":""unsigned"",""fapi_response_mode"":""plain_response"",""openid"":""openid_connect"",""sender_constrain"":""dpop""}"
fapi-security-code-p014,vlX9mLVJi4oy3,dAwT0C73gHL9TqA,fapi2-security-profile-final-ensure-client-assertion-with-wrong-aud-fails,True,FINISHED,PASSED,PASSED,"{""client_auth_type"":""private_key_jwt"",""fapi_profile"":""plain_fapi"",""fapi_request_method"":""unsigned"",""fapi_response_mode"":""plain_response"",""openid"":""openid_connect"",""sender_constrain"":""dpop""}"
fapi-security-code-p014,vlX9mLVJi4oy3,RuZnP9DgKK3a3NK,fapi2-security-profile-final-ensure-client-assertion-with-no-sub-fails,True,FINISHED,PASSED,PASSED,"{""client_auth_type"":""private_key_jwt"",""fapi_profile"":""plain_fapi"",""fapi_request_method"":""unsigned"",""fapi_response_mode"":""plain_response"",""openid"":""openid_connect"",""sender_constrain"":""dpop""}"
fapi-security-code-p014,vlX9mLVJi4oy3,068cZP9bH9acqEi,fapi2-security-profile-final-ensure-invalid-client-assertions-fail,True,FINISHED,PASSED,PASSED,"{""client_auth_type"":""private_key_jwt"",""fapi_profile"":""plain_fapi"",""fapi_request_method"":""unsigned"",""fapi_response_mode"":""plain_response"",""openid"":""openid_connect"",""sender_constrain"":""dpop""}"
fapi-security-code-p014,vlX9mLVJi4oy3,6v61u3bUSi1hdhl,fapi2-security-profile-final-dpop-negative-tests,True,FINISHED,PASSED,PASSED,"{""client_auth_type"":""private_key_jwt"",""fapi_profile"":""plain_fapi"",""fapi_request_method"":""unsigned"",""fapi_response_mode"":""plain_response"",""openid"":""openid_connect"",""sender_constrain"":""dpop""}"
fapi-security-code-p014,vlX9mLVJi4oy3,brMyip0w609kFd1,fapi2-security-profile-final-refresh-token,True,FINISHED,PASSED,PASSED,"{""client_auth_type"":""private_key_jwt"",""fapi_profile"":""plain_fapi"",""fapi_request_method"":""unsigned"",""fapi_response_mode"":""plain_response"",""openid"":""openid_connect"",""sender_constrain"":""dpop""}"
fapi-security-code-p014,vlX9mLVJi4oy3,DPLjOeuPX73jOkS,fapi2-security-profile-final-par-ensure-reused-request-uri-prior-to-auth-completion-succeeds,True,FINISHED,PASSED,PASSED,"{""client_auth_type"":""private_key_jwt"",""fapi_profile"":""plain_fapi"",""fapi_request_method"":""unsigned"",""fapi_response_mode"":""plain_response"",""openid"":""openid_connect"",""sender_constrain"":""dpop""}"
fapi-security-code-p014,vlX9mLVJi4oy3,RrOqv64TSi5nEIu,fapi2-security-profile-final-par-attempt-reuse-request_uri,True,FINISHED,PASSED,PASSED,"{""client_auth_type"":""private_key_jwt"",""fapi_profile"":""plain_fapi"",""fapi_request_method"":""unsigned"",""fapi_response_mode"":""plain_response"",""openid"":""openid_connect"",""sender_constrain"":""dpop""}"
fapi-security-code-p014,vlX9mLVJi4oy3,MrjraqQJxel1Glw,fapi2-security-profile-final-par-attempt-to-use-expired-request_uri,True,FINISHED,PASSED,PASSED,"{""client_auth_type"":""private_key_jwt"",""fapi_profile"":""plain_fapi"",""fapi_request_method"":""unsigned"",""fapi_response_mode"":""plain_response"",""openid"":""openid_connect"",""sender_constrain"":""dpop""}"
fapi-security-code-p014,vlX9mLVJi4oy3,kVLmWytPJKNvdqE,fapi2-security-profile-final-par-attempt-to-use-request_uri-for-different-client,True,FINISHED,PASSED,PASSED,"{""client_auth_type"":""private_key_jwt"",""fapi_profile"":""plain_fapi"",""fapi_request_method"":""unsigned"",""fapi_response_mode"":""plain_response"",""openid"":""openid_connect"",""sender_constrain"":""dpop""}"
fapi-security-code-p014,vlX9mLVJi4oy3,pNr7FPV7DwKFICJ,fapi2-security-profile-final-par-authorization-request-containing-request_uri-form-param,True,FINISHED,PASSED,PASSED,"{""client_auth_type"":""private_key_jwt"",""fapi_profile"":""plain_fapi"",""fapi_request_method"":""unsigned"",""fapi_response_mode"":""plain_response"",""openid"":""openid_connect"",""sender_constrain"":""dpop""}"
fapi-security-code-p014,vlX9mLVJi4oy3,zgSnKfSrfhNA1HO,fapi2-security-profile-final-par-attempt-invalid-http-method,True,FINISHED,PASSED,PASSED,"{""client_auth_type"":""private_key_jwt"",""fapi_profile"":""plain_fapi"",""fapi_request_method"":""unsigned"",""fapi_response_mode"":""plain_response"",""openid"":""openid_connect"",""sender_constrain"":""dpop""}"
fapi-security-code-p014,vlX9mLVJi4oy3,5G6UoiMoTXRePb3,fapi2-security-profile-final-par-ensure-pkce-required,True,FINISHED,PASSED,PASSED,"{""client_auth_type"":""private_key_jwt"",""fapi_profile"":""plain_fapi"",""fapi_request_method"":""unsigned"",""fapi_response_mode"":""plain_response"",""openid"":""openid_connect"",""sender_constrain"":""dpop""}"
fapi-security-code-p014,vlX9mLVJi4oy3,ytKObLssc5Pv3wn,fapi2-security-profile-final-ensure-pkce-code-verifier-required,True,FINISHED,PASSED,PASSED,"{""client_auth_type"":""private_key_jwt"",""fapi_profile"":""plain_fapi"",""fapi_request_method"":""unsigned"",""fapi_response_mode"":""plain_response"",""openid"":""openid_connect"",""sender_constrain"":""dpop""}"
fapi-security-code-p014,vlX9mLVJi4oy3,LZDkjMlEKfF0EMW,fapi2-security-profile-final-incorrect-pkce-code-verifier-rejected,True,FINISHED,PASSED,PASSED,"{""client_auth_type"":""private_key_jwt"",""fapi_profile"":""plain_fapi"",""fapi_request_method"":""unsigned"",""fapi_response_mode"":""plain_response"",""openid"":""openid_connect"",""sender_constrain"":""dpop""}"
fapi-security-code-p014,vlX9mLVJi4oy3,CFiKyJ2w2dv6biR,fapi2-security-profile-final-par-plain-pkce-rejected,True,FINISHED,PASSED,PASSED,"{""client_auth_type"":""private_key_jwt"",""fapi_profile"":""plain_fapi"",""fapi_request_method"":""unsigned"",""fapi_response_mode"":""plain_response"",""openid"":""openid_connect"",""sender_constrain"":""dpop""}"
fapi-security-code-p014,vlX9mLVJi4oy3,XMna3FtQYZMfhfM,fapi2-security-profile-final-par-without-duplicate-parameters,True,FINISHED,PASSED,PASSED,"{""client_auth_type"":""private_key_jwt"",""fapi_profile"":""plain_fapi"",""fapi_request_method"":""unsigned"",""fapi_response_mode"":""plain_response"",""openid"":""openid_connect"",""sender_constrain"":""dpop""}"
fapi-security-code-p015,UNrP6PiCfPkdG,39Kmjhe3YedZfsV,fapi2-security-profile-final-discovery-end-point-verification,True,FINISHED,PASSED,PASSED,"{""client_auth_type"":""private_key_jwt"",""fapi_profile"":""plain_fapi"",""fapi_request_method"":""unsigned"",""fapi_response_mode"":""plain_response"",""openid"":""plain_oauth"",""sender_constrain"":""dpop""}"
fapi-security-code-p015,UNrP6PiCfPkdG,ZRs9RPp7xJV6nG7,fapi2-security-profile-final-happy-flow,True,FINISHED,WARNING,WARNING,"{""client_auth_type"":""private_key_jwt"",""fapi_profile"":""plain_fapi"",""fapi_request_method"":""unsigned"",""fapi_response_mode"":""plain_response"",""openid"":""plain_oauth"",""sender_constrain"":""dpop""}"
fapi-security-code-p015,UNrP6PiCfPkdG,RJKFi1aKIUvbghZ,fapi2-security-profile-final-user-rejects-authentication,True,FINISHED,PASSED,PASSED,"{""client_auth_type"":""private_key_jwt"",""fapi_profile"":""plain_fapi"",""fapi_request_method"":""unsigned"",""fapi_response_mode"":""plain_response"",""openid"":""plain_oauth"",""sender_constrain"":""dpop""}"
fapi-security-code-p015,UNrP6PiCfPkdG,gOsd9Jp41bu1F7F,fapi2-security-profile-final-ensure-authorization-request-without-state-success,True,FINISHED,PASSED,PASSED,"{""client_auth_type"":""private_key_jwt"",""fapi_profile"":""plain_fapi"",""fapi_request_method"":""unsigned"",""fapi_response_mode"":""plain_response"",""openid"":""plain_oauth"",""sender_constrain"":""dpop""}"
fapi-security-code-p015,UNrP6PiCfPkdG,OyuYVOFY114BhKx,fapi2-security-profile-final-access-token-type-header-case-sensitivity,True,FINISHED,PASSED,PASSED,"{""client_auth_type"":""private_key_jwt"",""fapi_profile"":""plain_fapi"",""fapi_request_method"":""unsigned"",""fapi_response_mode"":""plain_response"",""openid"":""plain_oauth"",""sender_constrain"":""dpop""}"
fapi-security-code-p015,UNrP6PiCfPkdG,5UhENbtlqBix05s,fapi2-security-profile-final-check-dpop-proof-nbf-exp,True,FINISHED,PASSED,PASSED,"{""client_auth_type"":""private_key_jwt"",""fapi_profile"":""plain_fapi"",""fapi_request_method"":""unsigned"",""fapi_response_mode"":""plain_response"",""openid"":""plain_oauth"",""sender_constrain"":""dpop""}"
fapi-security-code-p015,UNrP6PiCfPkdG,TFZ1b6KqOZTtIyu,fapi2-security-profile-final-ensure-dpopproof-with-iat-10seconds-before-succeeds,True,FINISHED,PASSED,PASSED,"{""client_auth_type"":""private_key_jwt"",""fapi_profile"":""plain_fapi"",""fapi_request_method"":""unsigned"",""fapi_response_mode"":""plain_response"",""openid"":""plain_oauth"",""sender_constrain"":""dpop""}"
fapi-security-code-p015,UNrP6PiCfPkdG,CjzFF7cNtIKX7Kv,fapi2-security-profile-final-ensure-dpopproof-with-iat-10seconds-after-succeeds,True,FINISHED,PASSED,PASSED,"{""client_auth_type"":""private_key_jwt"",""fapi_profile"":""plain_fapi"",""fapi_request_method"":""unsigned"",""fapi_response_mode"":""plain_response"",""openid"":""plain_oauth"",""sender_constrain"":""dpop""}"
fapi-security-code-p015,UNrP6PiCfPkdG,hB0FRTUWeyhYt5n,fapi2-security-profile-final-ensure-mismatched-dpop-jkt-fails,True,FINISHED,PASSED,PASSED,"{""client_auth_type"":""private_key_jwt"",""fapi_profile"":""plain_fapi"",""fapi_request_method"":""unsigned"",""fapi_response_mode"":""plain_response"",""openid"":""plain_oauth"",""sender_constrain"":""dpop""}"
fapi-security-code-p015,UNrP6PiCfPkdG,CbncqlnUKTU6K35,fapi2-security-profile-final-ensure-token-endpoint-fails-with-mismatched-dpop-proof-jkt,True,FINISHED,PASSED,PASSED,"{""client_auth_type"":""private_key_jwt"",""fapi_profile"":""plain_fapi"",""fapi_request_method"":""unsigned"",""fapi_response_mode"":""plain_response"",""openid"":""plain_oauth"",""sender_constrain"":""dpop""}"
fapi-security-code-p015,UNrP6PiCfPkdG,LewoSo7w5LfiNJ4,fapi2-security-profile-final-ensure-token-endpoint-fails-with-mismatched-dpop-jkt,True,FINISHED,PASSED,PASSED,"{""client_auth_type"":""private_key_jwt"",""fapi_profile"":""plain_fapi"",""fapi_request_method"":""unsigned"",""fapi_response_mode"":""plain_response"",""openid"":""plain_oauth"",""sender_constrain"":""dpop""}"
fapi-security-code-p015,UNrP6PiCfPkdG,uqwgqKUdwf4nniz,fapi2-security-profile-final-ensure-dpopproof-at-par-endpoint-binding-success,True,FINISHED,PASSED,PASSED,"{""client_auth_type"":""private_key_jwt"",""fapi_profile"":""plain_fapi"",""fapi_request_method"":""unsigned"",""fapi_response_mode"":""plain_response"",""openid"":""plain_oauth"",""sender_constrain"":""dpop""}"
fapi-security-code-p015,UNrP6PiCfPkdG,IoK7RI8GTcKVBPq,fapi2-security-profile-final-ensure-dpop-auth-code-binding-success,True,FINISHED,PASSED,PASSED,"{""client_auth_type"":""private_key_jwt"",""fapi_profile"":""plain_fapi"",""fapi_request_method"":""unsigned"",""fapi_response_mode"":""plain_response"",""openid"":""plain_oauth"",""sender_constrain"":""dpop""}"
fapi-security-code-p015,UNrP6PiCfPkdG,rFFb5j9gngSP5Bq,fapi2-security-profile-final-ensure-different-state-inside-and-outside-request-object,True,FINISHED,PASSED,PASSED,"{""client_auth_type"":""private_key_jwt"",""fapi_profile"":""plain_fapi"",""fapi_request_method"":""unsigned"",""fapi_response_mode"":""plain_response"",""openid"":""plain_oauth"",""sender_constrain"":""dpop""}"
fapi-security-code-p015,UNrP6PiCfPkdG,GAykUSDUMUywo7k,fapi2-security-profile-final-ensure-authorization-request-with-long-state,True,FINISHED,PASSED,PASSED,"{""client_auth_type"":""private_key_jwt"",""fapi_profile"":""plain_fapi"",""fapi_request_method"":""unsigned"",""fapi_response_mode"":""plain_response"",""openid"":""plain_oauth"",""sender_constrain"":""dpop""}"
fapi-security-code-p015,UNrP6PiCfPkdG,Ry1Yx9UhPVhbZvf,fapi2-security-profile-final-state-only-outside-request-object-not-used,True,FINISHED,PASSED,PASSED,"{""client_auth_type"":""private_key_jwt"",""fapi_profile"":""plain_fapi"",""fapi_request_method"":""unsigned"",""fapi_response_mode"":""plain_response"",""openid"":""plain_oauth"",""sender_constrain"":""dpop""}"
fapi-security-code-p015,UNrP6PiCfPkdG,ACYwNgqVl6sYXMu,fapi2-security-profile-final-ensure-request-object-without-redirect-uri-fails,True,FINISHED,PASSED,PASSED,"{""client_auth_type"":""private_key_jwt"",""fapi_profile"":""plain_fapi"",""fapi_request_method"":""unsigned"",""fapi_response_mode"":""plain_response"",""openid"":""plain_oauth"",""sender_constrain"":""dpop""}"
fapi-security-code-p015,UNrP6PiCfPkdG,gBLCZgs6ZqoHTdf,fapi2-security-profile-final-plain-fapi-tolerate-unregistered-redirect-uri,True,FINISHED,PASSED,PASSED,"{""client_auth_type"":""private_key_jwt"",""fapi_profile"":""plain_fapi"",""fapi_request_method"":""unsigned"",""fapi_response_mode"":""plain_response"",""openid"":""plain_oauth"",""sender_constrain"":""dpop""}"
fapi-security-code-p015,UNrP6PiCfPkdG,238IQPBwkV1RCqm,fapi2-security-profile-final-ensure-unsigned-authorization-request-without-using-par-fails,True,FINISHED,PASSED,PASSED,"{""client_auth_type"":""private_key_jwt"",""fapi_profile"":""plain_fapi"",""fapi_request_method"":""unsigned"",""fapi_response_mode"":""plain_response"",""openid"":""plain_oauth"",""sender_constrain"":""dpop""}"
fapi-security-code-p015,UNrP6PiCfPkdG,Nd0JHfk3YWBEuO4,fapi2-security-profile-final-ensure-redirect-uri-in-authorization-request,True,FINISHED,PASSED,PASSED,"{""client_auth_type"":""private_key_jwt"",""fapi_profile"":""plain_fapi"",""fapi_request_method"":""unsigned"",""fapi_response_mode"":""plain_response"",""openid"":""plain_oauth"",""sender_constrain"":""dpop""}"
fapi-security-code-p015,UNrP6PiCfPkdG,NlpQYRK9cuc5M85,fapi2-security-profile-final-ensure-response-type-code-idtoken-fails,True,FINISHED,PASSED,PASSED,"{""client_auth_type"":""private_key_jwt"",""fapi_profile"":""plain_fapi"",""fapi_request_method"":""unsigned"",""fapi_response_mode"":""plain_response"",""openid"":""plain_oauth"",""sender_constrain"":""dpop""}"
fapi-security-code-p015,UNrP6PiCfPkdG,VBZUkg4eG2bT1AD,fapi2-security-profile-final-ensure-response-type-token-fails,True,FINISHED,PASSED,PASSED,"{""client_auth_type"":""private_key_jwt"",""fapi_profile"":""plain_fapi"",""fapi_request_method"":""unsigned"",""fapi_response_mode"":""plain_response"",""openid"":""plain_oauth"",""sender_constrain"":""dpop""}"
fapi-security-code-p015,UNrP6PiCfPkdG,kLSUDtYMi6ulkan,fapi2-security-profile-final-ensure-client-id-in-token-endpoint,True,FINISHED,PASSED,PASSED,"{""client_auth_type"":""private_key_jwt"",""fapi_profile"":""plain_fapi"",""fapi_request_method"":""unsigned"",""fapi_response_mode"":""plain_response"",""openid"":""plain_oauth"",""sender_constrain"":""dpop""}"
fapi-security-code-p015,UNrP6PiCfPkdG,gVlXCOgSAzO05Be,fapi2-security-profile-final-ensure-holder-of-key-required,True,FINISHED,PASSED,PASSED,"{""client_auth_type"":""private_key_jwt"",""fapi_profile"":""plain_fapi"",""fapi_request_method"":""unsigned"",""fapi_response_mode"":""plain_response"",""openid"":""plain_oauth"",""sender_constrain"":""dpop""}"
fapi-security-code-p015,UNrP6PiCfPkdG,pmxk7B61w3DzqiG,fapi2-security-profile-final-ensure-authorization-code-is-bound-to-client,True,FINISHED,PASSED,PASSED,"{""client_auth_type"":""private_key_jwt"",""fapi_profile"":""plain_fapi"",""fapi_request_method"":""unsigned"",""fapi_response_mode"":""plain_response"",""openid"":""plain_oauth"",""sender_constrain"":""dpop""}"
fapi-security-code-p015,UNrP6PiCfPkdG,LvpK60H28xowjoF,fapi2-security-profile-final-attempt-reuse-authorization-code-after-one-second,True,FINISHED,PASSED,PASSED,"{""client_auth_type"":""private_key_jwt"",""fapi_profile"":""plain_fapi"",""fapi_request_method"":""unsigned"",""fapi_response_mode"":""plain_response"",""openid"":""plain_oauth"",""sender_constrain"":""dpop""}"
fapi-security-code-p015,UNrP6PiCfPkdG,MQzMNkwhpibLEh5,fapi2-security-profile-final-ensure-token-endpoint-fails-with-expired-auth-code,True,FINISHED,PASSED,PASSED,"{""client_auth_type"":""private_key_jwt"",""fapi_profile"":""plain_fapi"",""fapi_request_method"":""unsigned"",""fapi_response_mode"":""plain_response"",""openid"":""plain_oauth"",""sender_constrain"":""dpop""}"
fapi-security-code-p015,UNrP6PiCfPkdG,aS7pN0DIXf9oQcy,fapi2-security-profile-final-ensure-signed-client-assertion-with-RS256-fails,True,FINISHED,PASSED,PASSED,"{""client_auth_type"":""private_key_jwt"",""fapi_profile"":""plain_fapi"",""fapi_request_method"":""unsigned"",""fapi_response_mode"":""plain_response"",""openid"":""plain_oauth"",""sender_constrain"":""dpop""}"
fapi-security-code-p015,UNrP6PiCfPkdG,jYoY0BQJUL2xdQX,fapi2-security-profile-final-ensure-client-assertion-in-token-endpoint,True,FINISHED,PASSED,PASSED,"{""client_auth_type"":""private_key_jwt"",""fapi_profile"":""plain_fapi"",""fapi_request_method"":""unsigned"",""fapi_response_mode"":""plain_response"",""openid"":""plain_oauth"",""sender_constrain"":""dpop""}"
fapi-security-code-p015,UNrP6PiCfPkdG,jjWNP6CaFZxL9l8,fapi2-security-profile-final-ensure-client-assertion-with-exp-is-5-minutes-in-past-fails,True,FINISHED,PASSED,PASSED,"{""client_auth_type"":""private_key_jwt"",""fapi_profile"":""plain_fapi"",""fapi_request_method"":""unsigned"",""fapi_response_mode"":""plain_response"",""openid"":""plain_oauth"",""sender_constrain"":""dpop""}"
fapi-security-code-p015,UNrP6PiCfPkdG,yQbdz1UORogtgaF,fapi2-security-profile-final-ensure-client-assertion-with-wrong-aud-fails,True,FINISHED,PASSED,PASSED,"{""client_auth_type"":""private_key_jwt"",""fapi_profile"":""plain_fapi"",""fapi_request_method"":""unsigned"",""fapi_response_mode"":""plain_response"",""openid"":""plain_oauth"",""sender_constrain"":""dpop""}"
fapi-security-code-p015,UNrP6PiCfPkdG,M0e6XYxhKDGzfSf,fapi2-security-profile-final-ensure-client-assertion-with-no-sub-fails,True,FINISHED,PASSED,PASSED,"{""client_auth_type"":""private_key_jwt"",""fapi_profile"":""plain_fapi"",""fapi_request_method"":""unsigned"",""fapi_response_mode"":""plain_response"",""openid"":""plain_oauth"",""sender_constrain"":""dpop""}"
fapi-security-code-p015,UNrP6PiCfPkdG,daaCFEPnjEN4THR,fapi2-security-profile-final-ensure-invalid-client-assertions-fail,True,FINISHED,PASSED,PASSED,"{""client_auth_type"":""private_key_jwt"",""fapi_profile"":""plain_fapi"",""fapi_request_method"":""unsigned"",""fapi_response_mode"":""plain_response"",""openid"":""plain_oauth"",""sender_constrain"":""dpop""}"
fapi-security-code-p015,UNrP6PiCfPkdG,A4kpUD5QmSO17fB,fapi2-security-profile-final-dpop-negative-tests,True,FINISHED,PASSED,PASSED,"{""client_auth_type"":""private_key_jwt"",""fapi_profile"":""plain_fapi"",""fapi_request_method"":""unsigned"",""fapi_response_mode"":""plain_response"",""openid"":""plain_oauth"",""sender_constrain"":""dpop""}"
fapi-security-code-p015,UNrP6PiCfPkdG,9EwxLPHglY4xkok,fapi2-security-profile-final-refresh-token,True,FINISHED,PASSED,PASSED,"{""client_auth_type"":""private_key_jwt"",""fapi_profile"":""plain_fapi"",""fapi_request_method"":""unsigned"",""fapi_response_mode"":""plain_response"",""openid"":""plain_oauth"",""sender_constrain"":""dpop""}"
fapi-security-code-p015,UNrP6PiCfPkdG,k0DYQnxr6bhlW18,fapi2-security-profile-final-par-ensure-reused-request-uri-prior-to-auth-completion-succeeds,True,FINISHED,PASSED,PASSED,"{""client_auth_type"":""private_key_jwt"",""fapi_profile"":""plain_fapi"",""fapi_request_method"":""unsigned"",""fapi_response_mode"":""plain_response"",""openid"":""plain_oauth"",""sender_constrain"":""dpop""}"
fapi-security-code-p015,UNrP6PiCfPkdG,uVw5pHUG1Fna70l,fapi2-security-profile-final-par-attempt-reuse-request_uri,True,FINISHED,PASSED,PASSED,"{""client_auth_type"":""private_key_jwt"",""fapi_profile"":""plain_fapi"",""fapi_request_method"":""unsigned"",""fapi_response_mode"":""plain_response"",""openid"":""plain_oauth"",""sender_constrain"":""dpop""}"
fapi-security-code-p015,UNrP6PiCfPkdG,f9qlmq7AkzrhEdw,fapi2-security-profile-final-par-attempt-to-use-expired-request_uri,True,FINISHED,PASSED,PASSED,"{""client_auth_type"":""private_key_jwt"",""fapi_profile"":""plain_fapi"",""fapi_request_method"":""unsigned"",""fapi_response_mode"":""plain_response"",""openid"":""plain_oauth"",""sender_constrain"":""dpop""}"
fapi-security-code-p015,UNrP6PiCfPkdG,Jpn7v0SmkgSqPfE,fapi2-security-profile-final-par-attempt-to-use-request_uri-for-different-client,True,FINISHED,PASSED,PASSED,"{""client_auth_type"":""private_key_jwt"",""fapi_profile"":""plain_fapi"",""fapi_request_method"":""unsigned"",""fapi_response_mode"":""plain_response"",""openid"":""plain_oauth"",""sender_constrain"":""dpop""}"
fapi-security-code-p015,UNrP6PiCfPkdG,HLzRykEYF7eCSe8,fapi2-security-profile-final-par-authorization-request-containing-request_uri-form-param,True,FINISHED,PASSED,PASSED,"{""client_auth_type"":""private_key_jwt"",""fapi_profile"":""plain_fapi"",""fapi_request_method"":""unsigned"",""fapi_response_mode"":""plain_response"",""openid"":""plain_oauth"",""sender_constrain"":""dpop""}"
fapi-security-code-p015,UNrP6PiCfPkdG,BrErVbp3oHroBVz,fapi2-security-profile-final-par-attempt-invalid-http-method,True,FINISHED,PASSED,PASSED,"{""client_auth_type"":""private_key_jwt"",""fapi_profile"":""plain_fapi"",""fapi_request_method"":""unsigned"",""fapi_response_mode"":""plain_response"",""openid"":""plain_oauth"",""sender_constrain"":""dpop""}"
fapi-security-code-p015,UNrP6PiCfPkdG,owlkNljKFHFgEXf,fapi2-security-profile-final-par-ensure-pkce-required,True,FINISHED,PASSED,PASSED,"{""client_auth_type"":""private_key_jwt"",""fapi_profile"":""plain_fapi"",""fapi_request_method"":""unsigned"",""fapi_response_mode"":""plain_response"",""openid"":""plain_oauth"",""sender_constrain"":""dpop""}"
fapi-security-code-p015,UNrP6PiCfPkdG,4MDQl3ix6R7Uw1G,fapi2-security-profile-final-ensure-pkce-code-verifier-required,True,FINISHED,PASSED,PASSED,"{""client_auth_type"":""private_key_jwt"",""fapi_profile"":""plain_fapi"",""fapi_request_method"":""unsigned"",""fapi_response_mode"":""plain_response"",""openid"":""plain_oauth"",""sender_constrain"":""dpop""}"
fapi-security-code-p015,UNrP6PiCfPkdG,AnBTgU6PvhOpAuk,fapi2-security-profile-final-incorrect-pkce-code-verifier-rejected,True,FINISHED,PASSED,PASSED,"{""client_auth_type"":""private_key_jwt"",""fapi_profile"":""plain_fapi"",""fapi_request_method"":""unsigned"",""fapi_response_mode"":""plain_response"",""openid"":""plain_oauth"",""sender_constrain"":""dpop""}"
fapi-security-code-p015,UNrP6PiCfPkdG,yL8LF7zgyNXtY7h,fapi2-security-profile-final-par-plain-pkce-rejected,True,FINISHED,PASSED,PASSED,"{""client_auth_type"":""private_key_jwt"",""fapi_profile"":""plain_fapi"",""fapi_request_method"":""unsigned"",""fapi_response_mode"":""plain_response"",""openid"":""plain_oauth"",""sender_constrain"":""dpop""}"
fapi-security-code-p015,UNrP6PiCfPkdG,DpEEaNbZMhtGb5Y,fapi2-security-profile-final-par-without-duplicate-parameters,True,FINISHED,PASSED,PASSED,"{""client_auth_type"":""private_key_jwt"",""fapi_profile"":""plain_fapi"",""fapi_request_method"":""unsigned"",""fapi_response_mode"":""plain_response"",""openid"":""plain_oauth"",""sender_constrain"":""dpop""}"
fapi-security-code-p016,fTuIaYiLgWzJq,siKJFnk4qsAoKyw,fapi2-security-profile-final-discovery-end-point-verification,True,FINISHED,PASSED,PASSED,"{""client_auth_type"":""private_key_jwt"",""fapi_profile"":""plain_fapi"",""fapi_request_method"":""unsigned"",""fapi_response_mode"":""plain_response"",""openid"":""openid_connect"",""sender_constrain"":""mtls""}"
fapi-security-code-p016,fTuIaYiLgWzJq,vihjHSXEe5ei7nf,fapi2-security-profile-final-happy-flow,True,FINISHED,PASSED,PASSED,"{""client_auth_type"":""private_key_jwt"",""fapi_profile"":""plain_fapi"",""fapi_request_method"":""unsigned"",""fapi_response_mode"":""plain_response"",""openid"":""openid_connect"",""sender_constrain"":""mtls""}"
fapi-security-code-p016,fTuIaYiLgWzJq,H84ctjlWuSgrN9J,fapi2-security-profile-final-user-rejects-authentication,True,FINISHED,PASSED,PASSED,"{""client_auth_type"":""private_key_jwt"",""fapi_profile"":""plain_fapi"",""fapi_request_method"":""unsigned"",""fapi_response_mode"":""plain_response"",""openid"":""openid_connect"",""sender_constrain"":""mtls""}"
fapi-security-code-p016,fTuIaYiLgWzJq,kMEUMUPtjcfumag,fapi2-security-profile-final-ensure-authorization-request-without-state-success,True,FINISHED,PASSED,PASSED,"{""client_auth_type"":""private_key_jwt"",""fapi_profile"":""plain_fapi"",""fapi_request_method"":""unsigned"",""fapi_response_mode"":""plain_response"",""openid"":""openid_connect"",""sender_constrain"":""mtls""}"
fapi-security-code-p016,fTuIaYiLgWzJq,QtsXJFhhRWEoStA,fapi2-security-profile-final-ensure-authorization-request-without-nonce-success,True,FINISHED,PASSED,PASSED,"{""client_auth_type"":""private_key_jwt"",""fapi_profile"":""plain_fapi"",""fapi_request_method"":""unsigned"",""fapi_response_mode"":""plain_response"",""openid"":""openid_connect"",""sender_constrain"":""mtls""}"
fapi-security-code-p016,fTuIaYiLgWzJq,r4DLcqMUnLc119f,fapi2-security-profile-final-ensure-authorization-request-with-64-char-nonce-success,True,FINISHED,PASSED,PASSED,"{""client_auth_type"":""private_key_jwt"",""fapi_profile"":""plain_fapi"",""fapi_request_method"":""unsigned"",""fapi_response_mode"":""plain_response"",""openid"":""openid_connect"",""sender_constrain"":""mtls""}"
fapi-security-code-p016,fTuIaYiLgWzJq,EymvrRmr5YcweOJ,fapi2-security-profile-final-ensure-other-scope-order-succeeds,True,FINISHED,PASSED,PASSED,"{""client_auth_type"":""private_key_jwt"",""fapi_profile"":""plain_fapi"",""fapi_request_method"":""unsigned"",""fapi_response_mode"":""plain_response"",""openid"":""openid_connect"",""sender_constrain"":""mtls""}"
fapi-security-code-p016,fTuIaYiLgWzJq,Uh4amhTnx0InRGl,fapi2-security-profile-final-test-claims-parameter-identity-claims,True,FINISHED,PASSED,PASSED,"{""client_auth_type"":""private_key_jwt"",""fapi_profile"":""plain_fapi"",""fapi_request_method"":""unsigned"",""fapi_response_mode"":""plain_response"",""openid"":""openid_connect"",""sender_constrain"":""mtls""}"
fapi-security-code-p016,fTuIaYiLgWzJq,VDdQGZuFa0M7Yda,fapi2-security-profile-final-access-token-type-header-case-sensitivity,True,FINISHED,PASSED,PASSED,"{""client_auth_type"":""private_key_jwt"",""fapi_profile"":""plain_fapi"",""fapi_request_method"":""unsigned"",""fapi_response_mode"":""plain_response"",""openid"":""openid_connect"",""sender_constrain"":""mtls""}"
fapi-security-code-p016,fTuIaYiLgWzJq,OyYBmgaqtYEt6i0,fapi2-security-profile-final-ensure-different-nonce-inside-and-outside-request-object,True,FINISHED,PASSED,PASSED,"{""client_auth_type"":""private_key_jwt"",""fapi_profile"":""plain_fapi"",""fapi_request_method"":""unsigned"",""fapi_response_mode"":""plain_response"",""openid"":""openid_connect"",""sender_constrain"":""mtls""}"
fapi-security-code-p016,fTuIaYiLgWzJq,P3sg7aqkdsWZF3W,fapi2-security-profile-final-ensure-different-state-inside-and-outside-request-object,True,FINISHED,PASSED,PASSED,"{""client_auth_type"":""private_key_jwt"",""fapi_profile"":""plain_fapi"",""fapi_request_method"":""unsigned"",""fapi_response_mode"":""plain_response"",""openid"":""openid_connect"",""sender_constrain"":""mtls""}"
fapi-security-code-p016,fTuIaYiLgWzJq,QtOtmRFiUD3UefP,fapi2-security-profile-final-ensure-authorization-request-with-long-nonce,True,FINISHED,PASSED,PASSED,"{""client_auth_type"":""private_key_jwt"",""fapi_profile"":""plain_fapi"",""fapi_request_method"":""unsigned"",""fapi_response_mode"":""plain_response"",""openid"":""openid_connect"",""sender_constrain"":""mtls""}"
fapi-security-code-p016,fTuIaYiLgWzJq,5tnnaxAJM2GHRlt,fapi2-security-profile-final-ensure-authorization-request-with-long-state,True,FINISHED,PASSED,PASSED,"{""client_auth_type"":""private_key_jwt"",""fapi_profile"":""plain_fapi"",""fapi_request_method"":""unsigned"",""fapi_response_mode"":""plain_response"",""openid"":""openid_connect"",""sender_constrain"":""mtls""}"
fapi-security-code-p016,fTuIaYiLgWzJq,EDvedFV7MO3Je7D,fapi2-security-profile-final-state-only-outside-request-object-not-used,True,FINISHED,PASSED,PASSED,"{""client_auth_type"":""private_key_jwt"",""fapi_profile"":""plain_fapi"",""fapi_request_method"":""unsigned"",""fapi_response_mode"":""plain_response"",""openid"":""openid_connect"",""sender_constrain"":""mtls""}"
fapi-security-code-p016,fTuIaYiLgWzJq,RR9CFwuP9OKqcpl,fapi2-security-profile-final-ensure-request-object-without-redirect-uri-fails,True,FINISHED,PASSED,PASSED,"{""client_auth_type"":""private_key_jwt"",""fapi_profile"":""plain_fapi"",""fapi_request_method"":""unsigned"",""fapi_response_mode"":""plain_response"",""openid"":""openid_connect"",""sender_constrain"":""mtls""}"
fapi-security-code-p016,fTuIaYiLgWzJq,AqJSLIkyfDgBbrF,fapi2-security-profile-final-plain-fapi-tolerate-unregistered-redirect-uri,True,FINISHED,PASSED,PASSED,"{""client_auth_type"":""private_key_jwt"",""fapi_profile"":""plain_fapi"",""fapi_request_method"":""unsigned"",""fapi_response_mode"":""plain_response"",""openid"":""openid_connect"",""sender_constrain"":""mtls""}"
fapi-security-code-p016,fTuIaYiLgWzJq,U9BL8kbCWN6zXTn,fapi2-security-profile-final-ensure-unsigned-authorization-request-without-using-par-fails,True,FINISHED,PASSED,PASSED,"{""client_auth_type"":""private_key_jwt"",""fapi_profile"":""plain_fapi"",""fapi_request_method"":""unsigned"",""fapi_response_mode"":""plain_response"",""openid"":""openid_connect"",""sender_constrain"":""mtls""}"
fapi-security-code-p016,fTuIaYiLgWzJq,eGI6pkeGA6baDF2,fapi2-security-profile-final-ensure-redirect-uri-in-authorization-request,True,FINISHED,PASSED,PASSED,"{""client_auth_type"":""private_key_jwt"",""fapi_profile"":""plain_fapi"",""fapi_request_method"":""unsigned"",""fapi_response_mode"":""plain_response"",""openid"":""openid_connect"",""sender_constrain"":""mtls""}"
fapi-security-code-p016,fTuIaYiLgWzJq,JeujX6MqyHCKe0V,fapi2-security-profile-final-ensure-response-type-code-idtoken-fails,True,FINISHED,PASSED,PASSED,"{""client_auth_type"":""private_key_jwt"",""fapi_profile"":""plain_fapi"",""fapi_request_method"":""unsigned"",""fapi_response_mode"":""plain_response"",""openid"":""openid_connect"",""sender_constrain"":""mtls""}"
fapi-security-code-p016,fTuIaYiLgWzJq,Tkus40KqfLbAhvw,fapi2-security-profile-final-ensure-response-type-token-fails,True,FINISHED,PASSED,PASSED,"{""client_auth_type"":""private_key_jwt"",""fapi_profile"":""plain_fapi"",""fapi_request_method"":""unsigned"",""fapi_response_mode"":""plain_response"",""openid"":""openid_connect"",""sender_constrain"":""mtls""}"
fapi-security-code-p016,fTuIaYiLgWzJq,zMPdJ3VCbOsstPa,fapi2-security-profile-final-ensure-client-id-in-token-endpoint,True,FINISHED,PASSED,PASSED,"{""client_auth_type"":""private_key_jwt"",""fapi_profile"":""plain_fapi"",""fapi_request_method"":""unsigned"",""fapi_response_mode"":""plain_response"",""openid"":""openid_connect"",""sender_constrain"":""mtls""}"
fapi-security-code-p016,fTuIaYiLgWzJq,jC1opw3przcBhWl,fapi2-security-profile-final-ensure-holder-of-key-required,True,FINISHED,PASSED,PASSED,"{""client_auth_type"":""private_key_jwt"",""fapi_profile"":""plain_fapi"",""fapi_request_method"":""unsigned"",""fapi_response_mode"":""plain_response"",""openid"":""openid_connect"",""sender_constrain"":""mtls""}"
fapi-security-code-p016,fTuIaYiLgWzJq,t1VcwaP4u9V1R5o,fapi2-security-profile-final-ensure-authorization-code-is-bound-to-client,True,FINISHED,PASSED,PASSED,"{""client_auth_type"":""private_key_jwt"",""fapi_profile"":""plain_fapi"",""fapi_request_method"":""unsigned"",""fapi_response_mode"":""plain_response"",""openid"":""openid_connect"",""sender_constrain"":""mtls""}"
fapi-security-code-p016,fTuIaYiLgWzJq,TvyXjD44izCCSKn,fapi2-security-profile-final-attempt-reuse-authorization-code-after-one-second,True,FINISHED,PASSED,PASSED,"{""client_auth_type"":""private_key_jwt"",""fapi_profile"":""plain_fapi"",""fapi_request_method"":""unsigned"",""fapi_response_mode"":""plain_response"",""openid"":""openid_connect"",""sender_constrain"":""mtls""}"
fapi-security-code-p016,fTuIaYiLgWzJq,p8Cyx5rUqnHupcg,fapi2-security-profile-final-ensure-token-endpoint-fails-with-expired-auth-code,True,FINISHED,PASSED,PASSED,"{""client_auth_type"":""private_key_jwt"",""fapi_profile"":""plain_fapi"",""fapi_request_method"":""unsigned"",""fapi_response_mode"":""plain_response"",""openid"":""openid_connect"",""sender_constrain"":""mtls""}"
fapi-security-code-p016,fTuIaYiLgWzJq,i63QSi8xUUOAW4c,fapi2-security-profile-final-ensure-signed-client-assertion-with-RS256-fails,True,FINISHED,PASSED,PASSED,"{""client_auth_type"":""private_key_jwt"",""fapi_profile"":""plain_fapi"",""fapi_request_method"":""unsigned"",""fapi_response_mode"":""plain_response"",""openid"":""openid_connect"",""sender_constrain"":""mtls""}"
fapi-security-code-p016,fTuIaYiLgWzJq,XmwLs5zfOGvoyuj,fapi2-security-profile-final-ensure-client-assertion-in-token-endpoint,True,FINISHED,PASSED,PASSED,"{""client_auth_type"":""private_key_jwt"",""fapi_profile"":""plain_fapi"",""fapi_request_method"":""unsigned"",""fapi_response_mode"":""plain_response"",""openid"":""openid_connect"",""sender_constrain"":""mtls""}"
fapi-security-code-p016,fTuIaYiLgWzJq,CNmhMzACFerZrjw,fapi2-security-profile-final-ensure-client-assertion-with-exp-is-5-minutes-in-past-fails,True,FINISHED,PASSED,PASSED,"{""client_auth_type"":""private_key_jwt"",""fapi_profile"":""plain_fapi"",""fapi_request_method"":""unsigned"",""fapi_response_mode"":""plain_response"",""openid"":""openid_connect"",""sender_constrain"":""mtls""}"
fapi-security-code-p016,fTuIaYiLgWzJq,QkbPlXT4gesIsaJ,fapi2-security-profile-final-ensure-client-assertion-with-wrong-aud-fails,True,FINISHED,PASSED,PASSED,"{""client_auth_type"":""private_key_jwt"",""fapi_profile"":""plain_fapi"",""fapi_request_method"":""unsigned"",""fapi_response_mode"":""plain_response"",""openid"":""openid_connect"",""sender_constrain"":""mtls""}"
fapi-security-code-p016,fTuIaYiLgWzJq,XxepizjUnJBTzmA,fapi2-security-profile-final-ensure-client-assertion-with-no-sub-fails,True,FINISHED,PASSED,PASSED,"{""client_auth_type"":""private_key_jwt"",""fapi_profile"":""plain_fapi"",""fapi_request_method"":""unsigned"",""fapi_response_mode"":""plain_response"",""openid"":""openid_connect"",""sender_constrain"":""mtls""}"
fapi-security-code-p016,fTuIaYiLgWzJq,T0uFEHM0yWL4qT9,fapi2-security-profile-final-ensure-invalid-client-assertions-fail,True,FINISHED,PASSED,PASSED,"{""client_auth_type"":""private_key_jwt"",""fapi_profile"":""plain_fapi"",""fapi_request_method"":""unsigned"",""fapi_response_mode"":""plain_response"",""openid"":""openid_connect"",""sender_constrain"":""mtls""}"
fapi-security-code-p016,fTuIaYiLgWzJq,juvR2Nxm8l0wun6,fapi2-security-profile-final-refresh-token,True,FINISHED,PASSED,PASSED,"{""client_auth_type"":""private_key_jwt"",""fapi_profile"":""plain_fapi"",""fapi_request_method"":""unsigned"",""fapi_response_mode"":""plain_response"",""openid"":""openid_connect"",""sender_constrain"":""mtls""}"
fapi-security-code-p016,fTuIaYiLgWzJq,oHhwGgWDUO3iIcm,fapi2-security-profile-final-par-ensure-reused-request-uri-prior-to-auth-completion-succeeds,True,FINISHED,PASSED,PASSED,"{""client_auth_type"":""private_key_jwt"",""fapi_profile"":""plain_fapi"",""fapi_request_method"":""unsigned"",""fapi_response_mode"":""plain_response"",""openid"":""openid_connect"",""sender_constrain"":""mtls""}"
fapi-security-code-p016,fTuIaYiLgWzJq,jrjviiL4wo8YPOq,fapi2-security-profile-final-par-attempt-reuse-request_uri,True,FINISHED,PASSED,PASSED,"{""client_auth_type"":""private_key_jwt"",""fapi_profile"":""plain_fapi"",""fapi_request_method"":""unsigned"",""fapi_response_mode"":""plain_response"",""openid"":""openid_connect"",""sender_constrain"":""mtls""}"
fapi-security-code-p016,fTuIaYiLgWzJq,uKm2VrrUFE5muKy,fapi2-security-profile-final-par-attempt-to-use-expired-request_uri,True,FINISHED,PASSED,PASSED,"{""client_auth_type"":""private_key_jwt"",""fapi_profile"":""plain_fapi"",""fapi_request_method"":""unsigned"",""fapi_response_mode"":""plain_response"",""openid"":""openid_connect"",""sender_constrain"":""mtls""}"
fapi-security-code-p016,fTuIaYiLgWzJq,eYvmQIluTEzY78S,fapi2-security-profile-final-par-attempt-to-use-request_uri-for-different-client,True,FINISHED,PASSED,PASSED,"{""client_auth_type"":""private_key_jwt"",""fapi_profile"":""plain_fapi"",""fapi_request_method"":""unsigned"",""fapi_response_mode"":""plain_response"",""openid"":""openid_connect"",""sender_constrain"":""mtls""}"
fapi-security-code-p016,fTuIaYiLgWzJq,JAhyfGCxAAHbivV,fapi2-security-profile-final-par-authorization-request-containing-request_uri-form-param,True,FINISHED,PASSED,PASSED,"{""client_auth_type"":""private_key_jwt"",""fapi_profile"":""plain_fapi"",""fapi_request_method"":""unsigned"",""fapi_response_mode"":""plain_response"",""openid"":""openid_connect"",""sender_constrain"":""mtls""}"
fapi-security-code-p016,fTuIaYiLgWzJq,2gNkkdyyjwxlrAl,fapi2-security-profile-final-par-attempt-invalid-http-method,True,FINISHED,PASSED,PASSED,"{""client_auth_type"":""private_key_jwt"",""fapi_profile"":""plain_fapi"",""fapi_request_method"":""unsigned"",""fapi_response_mode"":""plain_response"",""openid"":""openid_connect"",""sender_constrain"":""mtls""}"
fapi-security-code-p016,fTuIaYiLgWzJq,PQiJV4jqFwpBnW6,fapi2-security-profile-final-par-ensure-pkce-required,True,FINISHED,PASSED,PASSED,"{""client_auth_type"":""private_key_jwt"",""fapi_profile"":""plain_fapi"",""fapi_request_method"":""unsigned"",""fapi_response_mode"":""plain_response"",""openid"":""openid_connect"",""sender_constrain"":""mtls""}"
fapi-security-code-p016,fTuIaYiLgWzJq,g8oT9KnHeDaLBnc,fapi2-security-profile-final-ensure-pkce-code-verifier-required,True,FINISHED,PASSED,PASSED,"{""client_auth_type"":""private_key_jwt"",""fapi_profile"":""plain_fapi"",""fapi_request_method"":""unsigned"",""fapi_response_mode"":""plain_response"",""openid"":""openid_connect"",""sender_constrain"":""mtls""}"
fapi-security-code-p016,fTuIaYiLgWzJq,xRDXeDtfo8XujSb,fapi2-security-profile-final-incorrect-pkce-code-verifier-rejected,True,FINISHED,PASSED,PASSED,"{""client_auth_type"":""private_key_jwt"",""fapi_profile"":""plain_fapi"",""fapi_request_method"":""unsigned"",""fapi_response_mode"":""plain_response"",""openid"":""openid_connect"",""sender_constrain"":""mtls""}"
fapi-security-code-p016,fTuIaYiLgWzJq,3swAPNFN5lAdDfB,fapi2-security-profile-final-par-plain-pkce-rejected,True,FINISHED,PASSED,PASSED,"{""client_auth_type"":""private_key_jwt"",""fapi_profile"":""plain_fapi"",""fapi_request_method"":""unsigned"",""fapi_response_mode"":""plain_response"",""openid"":""openid_connect"",""sender_constrain"":""mtls""}"
fapi-security-code-p016,fTuIaYiLgWzJq,52vCBaQZxBrnigU,fapi2-security-profile-final-par-without-duplicate-parameters,True,FINISHED,PASSED,PASSED,"{""client_auth_type"":""private_key_jwt"",""fapi_profile"":""plain_fapi"",""fapi_request_method"":""unsigned"",""fapi_response_mode"":""plain_response"",""openid"":""openid_connect"",""sender_constrain"":""mtls""}"
fapi-security-code-p017,n0qGRC28HI2H8,Kkk4y0R9c0t1nts,fapi2-security-profile-final-discovery-end-point-verification,True,FINISHED,PASSED,PASSED,"{""client_auth_type"":""private_key_jwt"",""fapi_profile"":""plain_fapi"",""fapi_request_method"":""unsigned"",""fapi_response_mode"":""plain_response"",""openid"":""plain_oauth"",""sender_constrain"":""mtls""}"
fapi-security-code-p017,n0qGRC28HI2H8,Gd2ifBsIJg8iNrI,fapi2-security-profile-final-happy-flow,True,FINISHED,WARNING,WARNING,"{""client_auth_type"":""private_key_jwt"",""fapi_profile"":""plain_fapi"",""fapi_request_method"":""unsigned"",""fapi_response_mode"":""plain_response"",""openid"":""plain_oauth"",""sender_constrain"":""mtls""}"
fapi-security-code-p017,n0qGRC28HI2H8,2OaMyEjNkSQrXkA,fapi2-security-profile-final-user-rejects-authentication,True,FINISHED,PASSED,PASSED,"{""client_auth_type"":""private_key_jwt"",""fapi_profile"":""plain_fapi"",""fapi_request_method"":""unsigned"",""fapi_response_mode"":""plain_response"",""openid"":""plain_oauth"",""sender_constrain"":""mtls""}"
fapi-security-code-p017,n0qGRC28HI2H8,XHbUXIjG9foug7A,fapi2-security-profile-final-ensure-authorization-request-without-state-success,True,FINISHED,PASSED,PASSED,"{""client_auth_type"":""private_key_jwt"",""fapi_profile"":""plain_fapi"",""fapi_request_method"":""unsigned"",""fapi_response_mode"":""plain_response"",""openid"":""plain_oauth"",""sender_constrain"":""mtls""}"
fapi-security-code-p017,n0qGRC28HI2H8,P2RWTvRegbPPiJd,fapi2-security-profile-final-access-token-type-header-case-sensitivity,True,FINISHED,PASSED,PASSED,"{""client_auth_type"":""private_key_jwt"",""fapi_profile"":""plain_fapi"",""fapi_request_method"":""unsigned"",""fapi_response_mode"":""plain_response"",""openid"":""plain_oauth"",""sender_constrain"":""mtls""}"
fapi-security-code-p017,n0qGRC28HI2H8,pw975jLRctwVpju,fapi2-security-profile-final-ensure-different-state-inside-and-outside-request-object,True,FINISHED,PASSED,PASSED,"{""client_auth_type"":""private_key_jwt"",""fapi_profile"":""plain_fapi"",""fapi_request_method"":""unsigned"",""fapi_response_mode"":""plain_response"",""openid"":""plain_oauth"",""sender_constrain"":""mtls""}"
fapi-security-code-p017,n0qGRC28HI2H8,bFS8f9rvDkyX6k0,fapi2-security-profile-final-ensure-authorization-request-with-long-state,True,FINISHED,PASSED,PASSED,"{""client_auth_type"":""private_key_jwt"",""fapi_profile"":""plain_fapi"",""fapi_request_method"":""unsigned"",""fapi_response_mode"":""plain_response"",""openid"":""plain_oauth"",""sender_constrain"":""mtls""}"
fapi-security-code-p017,n0qGRC28HI2H8,GITnTkbAyObcE7p,fapi2-security-profile-final-state-only-outside-request-object-not-used,True,FINISHED,PASSED,PASSED,"{""client_auth_type"":""private_key_jwt"",""fapi_profile"":""plain_fapi"",""fapi_request_method"":""unsigned"",""fapi_response_mode"":""plain_response"",""openid"":""plain_oauth"",""sender_constrain"":""mtls""}"
fapi-security-code-p017,n0qGRC28HI2H8,cXUaHvEfaDhma88,fapi2-security-profile-final-ensure-request-object-without-redirect-uri-fails,True,FINISHED,PASSED,PASSED,"{""client_auth_type"":""private_key_jwt"",""fapi_profile"":""plain_fapi"",""fapi_request_method"":""unsigned"",""fapi_response_mode"":""plain_response"",""openid"":""plain_oauth"",""sender_constrain"":""mtls""}"
fapi-security-code-p017,n0qGRC28HI2H8,iyXLHScW1ICnZy5,fapi2-security-profile-final-plain-fapi-tolerate-unregistered-redirect-uri,True,FINISHED,PASSED,PASSED,"{""client_auth_type"":""private_key_jwt"",""fapi_profile"":""plain_fapi"",""fapi_request_method"":""unsigned"",""fapi_response_mode"":""plain_response"",""openid"":""plain_oauth"",""sender_constrain"":""mtls""}"
fapi-security-code-p017,n0qGRC28HI2H8,gugRWrvS9gjjWjN,fapi2-security-profile-final-ensure-unsigned-authorization-request-without-using-par-fails,True,FINISHED,PASSED,PASSED,"{""client_auth_type"":""private_key_jwt"",""fapi_profile"":""plain_fapi"",""fapi_request_method"":""unsigned"",""fapi_response_mode"":""plain_response"",""openid"":""plain_oauth"",""sender_constrain"":""mtls""}"
fapi-security-code-p017,n0qGRC28HI2H8,YElDTlIh8Jt7HK2,fapi2-security-profile-final-ensure-redirect-uri-in-authorization-request,True,FINISHED,PASSED,PASSED,"{""client_auth_type"":""private_key_jwt"",""fapi_profile"":""plain_fapi"",""fapi_request_method"":""unsigned"",""fapi_response_mode"":""plain_response"",""openid"":""plain_oauth"",""sender_constrain"":""mtls""}"
fapi-security-code-p017,n0qGRC28HI2H8,OGAxyIkhmO6Xsxk,fapi2-security-profile-final-ensure-response-type-code-idtoken-fails,True,FINISHED,PASSED,PASSED,"{""client_auth_type"":""private_key_jwt"",""fapi_profile"":""plain_fapi"",""fapi_request_method"":""unsigned"",""fapi_response_mode"":""plain_response"",""openid"":""plain_oauth"",""sender_constrain"":""mtls""}"
fapi-security-code-p017,n0qGRC28HI2H8,FICfsPztHpblGQ3,fapi2-security-profile-final-ensure-response-type-token-fails,True,FINISHED,PASSED,PASSED,"{""client_auth_type"":""private_key_jwt"",""fapi_profile"":""plain_fapi"",""fapi_request_method"":""unsigned"",""fapi_response_mode"":""plain_response"",""openid"":""plain_oauth"",""sender_constrain"":""mtls""}"
fapi-security-code-p017,n0qGRC28HI2H8,m6ajFkxkOXqjlUT,fapi2-security-profile-final-ensure-client-id-in-token-endpoint,True,FINISHED,PASSED,PASSED,"{""client_auth_type"":""private_key_jwt"",""fapi_profile"":""plain_fapi"",""fapi_request_method"":""unsigned"",""fapi_response_mode"":""plain_response"",""openid"":""plain_oauth"",""sender_constrain"":""mtls""}"
fapi-security-code-p017,n0qGRC28HI2H8,IBC3XCGHEqE97yf,fapi2-security-profile-final-ensure-holder-of-key-required,True,FINISHED,PASSED,PASSED,"{""client_auth_type"":""private_key_jwt"",""fapi_profile"":""plain_fapi"",""fapi_request_method"":""unsigned"",""fapi_response_mode"":""plain_response"",""openid"":""plain_oauth"",""sender_constrain"":""mtls""}"
fapi-security-code-p017,n0qGRC28HI2H8,ZJHDR8MDxynNGhK,fapi2-security-profile-final-ensure-authorization-code-is-bound-to-client,True,FINISHED,PASSED,PASSED,"{""client_auth_type"":""private_key_jwt"",""fapi_profile"":""plain_fapi"",""fapi_request_method"":""unsigned"",""fapi_response_mode"":""plain_response"",""openid"":""plain_oauth"",""sender_constrain"":""mtls""}"
fapi-security-code-p017,n0qGRC28HI2H8,n2tquTSuDWxqsvT,fapi2-security-profile-final-attempt-reuse-authorization-code-after-one-second,True,FINISHED,PASSED,PASSED,"{""client_auth_type"":""private_key_jwt"",""fapi_profile"":""plain_fapi"",""fapi_request_method"":""unsigned"",""fapi_response_mode"":""plain_response"",""openid"":""plain_oauth"",""sender_constrain"":""mtls""}"
fapi-security-code-p017,n0qGRC28HI2H8,1v01Pqtu83BwXRp,fapi2-security-profile-final-ensure-token-endpoint-fails-with-expired-auth-code,True,FINISHED,PASSED,PASSED,"{""client_auth_type"":""private_key_jwt"",""fapi_profile"":""plain_fapi"",""fapi_request_method"":""unsigned"",""fapi_response_mode"":""plain_response"",""openid"":""plain_oauth"",""sender_constrain"":""mtls""}"
fapi-security-code-p017,n0qGRC28HI2H8,KMPaCqVF9YYqjeQ,fapi2-security-profile-final-ensure-signed-client-assertion-with-RS256-fails,True,FINISHED,PASSED,PASSED,"{""client_auth_type"":""private_key_jwt"",""fapi_profile"":""plain_fapi"",""fapi_request_method"":""unsigned"",""fapi_response_mode"":""plain_response"",""openid"":""plain_oauth"",""sender_constrain"":""mtls""}"
fapi-security-code-p017,n0qGRC28HI2H8,sX0AfTpZkemQnSm,fapi2-security-profile-final-ensure-client-assertion-in-token-endpoint,True,FINISHED,PASSED,PASSED,"{""client_auth_type"":""private_key_jwt"",""fapi_profile"":""plain_fapi"",""fapi_request_method"":""unsigned"",""fapi_response_mode"":""plain_response"",""openid"":""plain_oauth"",""sender_constrain"":""mtls""}"
fapi-security-code-p017,n0qGRC28HI2H8,UwNo4Gj3zFJqr3C,fapi2-security-profile-final-ensure-client-assertion-with-exp-is-5-minutes-in-past-fails,True,FINISHED,PASSED,PASSED,"{""client_auth_type"":""private_key_jwt"",""fapi_profile"":""plain_fapi"",""fapi_request_method"":""unsigned"",""fapi_response_mode"":""plain_response"",""openid"":""plain_oauth"",""sender_constrain"":""mtls""}"
fapi-security-code-p017,n0qGRC28HI2H8,KRKbws7N6gXxHAY,fapi2-security-profile-final-ensure-client-assertion-with-wrong-aud-fails,True,FINISHED,PASSED,PASSED,"{""client_auth_type"":""private_key_jwt"",""fapi_profile"":""plain_fapi"",""fapi_request_method"":""unsigned"",""fapi_response_mode"":""plain_response"",""openid"":""plain_oauth"",""sender_constrain"":""mtls""}"
fapi-security-code-p017,n0qGRC28HI2H8,irnRyULWc9hApPl,fapi2-security-profile-final-ensure-client-assertion-with-no-sub-fails,True,FINISHED,PASSED,PASSED,"{""client_auth_type"":""private_key_jwt"",""fapi_profile"":""plain_fapi"",""fapi_request_method"":""unsigned"",""fapi_response_mode"":""plain_response"",""openid"":""plain_oauth"",""sender_constrain"":""mtls""}"
fapi-security-code-p017,n0qGRC28HI2H8,eOqfLpNv4Id4dkS,fapi2-security-profile-final-ensure-invalid-client-assertions-fail,True,FINISHED,PASSED,PASSED,"{""client_auth_type"":""private_key_jwt"",""fapi_profile"":""plain_fapi"",""fapi_request_method"":""unsigned"",""fapi_response_mode"":""plain_response"",""openid"":""plain_oauth"",""sender_constrain"":""mtls""}"
fapi-security-code-p017,n0qGRC28HI2H8,8y9l2XsR0fNqvI3,fapi2-security-profile-final-refresh-token,True,FINISHED,PASSED,PASSED,"{""client_auth_type"":""private_key_jwt"",""fapi_profile"":""plain_fapi"",""fapi_request_method"":""unsigned"",""fapi_response_mode"":""plain_response"",""openid"":""plain_oauth"",""sender_constrain"":""mtls""}"
fapi-security-code-p017,n0qGRC28HI2H8,moMcoXnpsPNmPNz,fapi2-security-profile-final-par-ensure-reused-request-uri-prior-to-auth-completion-succeeds,True,FINISHED,PASSED,PASSED,"{""client_auth_type"":""private_key_jwt"",""fapi_profile"":""plain_fapi"",""fapi_request_method"":""unsigned"",""fapi_response_mode"":""plain_response"",""openid"":""plain_oauth"",""sender_constrain"":""mtls""}"
fapi-security-code-p017,n0qGRC28HI2H8,BLX2lE1fkWL5JqA,fapi2-security-profile-final-par-attempt-reuse-request_uri,True,FINISHED,PASSED,PASSED,"{""client_auth_type"":""private_key_jwt"",""fapi_profile"":""plain_fapi"",""fapi_request_method"":""unsigned"",""fapi_response_mode"":""plain_response"",""openid"":""plain_oauth"",""sender_constrain"":""mtls""}"
fapi-security-code-p017,n0qGRC28HI2H8,s8V8lD0cFklLcv9,fapi2-security-profile-final-par-attempt-to-use-expired-request_uri,True,FINISHED,PASSED,PASSED,"{""client_auth_type"":""private_key_jwt"",""fapi_profile"":""plain_fapi"",""fapi_request_method"":""unsigned"",""fapi_response_mode"":""plain_response"",""openid"":""plain_oauth"",""sender_constrain"":""mtls""}"
fapi-security-code-p017,n0qGRC28HI2H8,9J6UBygbWD7UN7E,fapi2-security-profile-final-par-attempt-to-use-request_uri-for-different-client,True,FINISHED,PASSED,PASSED,"{""client_auth_type"":""private_key_jwt"",""fapi_profile"":""plain_fapi"",""fapi_request_method"":""unsigned"",""fapi_response_mode"":""plain_response"",""openid"":""plain_oauth"",""sender_constrain"":""mtls""}"
fapi-security-code-p017,n0qGRC28HI2H8,IP4GVZydJIBnQBY,fapi2-security-profile-final-par-authorization-request-containing-request_uri-form-param,True,FINISHED,PASSED,PASSED,"{""client_auth_type"":""private_key_jwt"",""fapi_profile"":""plain_fapi"",""fapi_request_method"":""unsigned"",""fapi_response_mode"":""plain_response"",""openid"":""plain_oauth"",""sender_constrain"":""mtls""}"
fapi-security-code-p017,n0qGRC28HI2H8,KsGlX6QWBAOQA79,fapi2-security-profile-final-par-attempt-invalid-http-method,True,FINISHED,PASSED,PASSED,"{""client_auth_type"":""private_key_jwt"",""fapi_profile"":""plain_fapi"",""fapi_request_method"":""unsigned"",""fapi_response_mode"":""plain_response"",""openid"":""plain_oauth"",""sender_constrain"":""mtls""}"
fapi-security-code-p017,n0qGRC28HI2H8,xdnooT4XpARTM1h,fapi2-security-profile-final-par-ensure-pkce-required,True,FINISHED,PASSED,PASSED,"{""client_auth_type"":""private_key_jwt"",""fapi_profile"":""plain_fapi"",""fapi_request_method"":""unsigned"",""fapi_response_mode"":""plain_response"",""openid"":""plain_oauth"",""sender_constrain"":""mtls""}"
fapi-security-code-p017,n0qGRC28HI2H8,mTlZVoNoaOaTgMj,fapi2-security-profile-final-ensure-pkce-code-verifier-required,True,FINISHED,PASSED,PASSED,"{""client_auth_type"":""private_key_jwt"",""fapi_profile"":""plain_fapi"",""fapi_request_method"":""unsigned"",""fapi_response_mode"":""plain_response"",""openid"":""plain_oauth"",""sender_constrain"":""mtls""}"
fapi-security-code-p017,n0qGRC28HI2H8,ilV9ASF33k4XAPP,fapi2-security-profile-final-incorrect-pkce-code-verifier-rejected,True,FINISHED,PASSED,PASSED,"{""client_auth_type"":""private_key_jwt"",""fapi_profile"":""plain_fapi"",""fapi_request_method"":""unsigned"",""fapi_response_mode"":""plain_response"",""openid"":""plain_oauth"",""sender_constrain"":""mtls""}"
fapi-security-code-p017,n0qGRC28HI2H8,zzLixtAqo36FC3D,fapi2-security-profile-final-par-plain-pkce-rejected,True,FINISHED,PASSED,PASSED,"{""client_auth_type"":""private_key_jwt"",""fapi_profile"":""plain_fapi"",""fapi_request_method"":""unsigned"",""fapi_response_mode"":""plain_response"",""openid"":""plain_oauth"",""sender_constrain"":""mtls""}"
fapi-security-code-p017,n0qGRC28HI2H8,GspkNnTjO0cStxq,fapi2-security-profile-final-par-without-duplicate-parameters,True,FINISHED,PASSED,PASSED,"{""client_auth_type"":""private_key_jwt"",""fapi_profile"":""plain_fapi"",""fapi_request_method"":""unsigned"",""fapi_response_mode"":""plain_response"",""openid"":""plain_oauth"",""sender_constrain"":""mtls""}"
fapi-security-code-p018,gMSnJR7ixI6H6,roNI9nWETJwR53a,fapi2-security-profile-final-discovery-end-point-verification,True,FINISHED,PASSED,PASSED,"{""client_auth_type"":""mtls"",""fapi_profile"":""plain_fapi"",""fapi_request_method"":""unsigned"",""fapi_response_mode"":""plain_response"",""openid"":""openid_connect"",""sender_constrain"":""dpop""}"
fapi-security-code-p018,gMSnJR7ixI6H6,IgabVTAwEnyZCsA,fapi2-security-profile-final-happy-flow,True,FINISHED,PASSED,PASSED,"{""client_auth_type"":""mtls"",""fapi_profile"":""plain_fapi"",""fapi_request_method"":""unsigned"",""fapi_response_mode"":""plain_response"",""openid"":""openid_connect"",""sender_constrain"":""dpop""}"
fapi-security-code-p018,gMSnJR7ixI6H6,ueehS7sfrWheC71,fapi2-security-profile-final-user-rejects-authentication,True,FINISHED,PASSED,PASSED,"{""client_auth_type"":""mtls"",""fapi_profile"":""plain_fapi"",""fapi_request_method"":""unsigned"",""fapi_response_mode"":""plain_response"",""openid"":""openid_connect"",""sender_constrain"":""dpop""}"
fapi-security-code-p018,gMSnJR7ixI6H6,HeFN3xugUpbNxbm,fapi2-security-profile-final-ensure-authorization-request-without-state-success,True,FINISHED,PASSED,PASSED,"{""client_auth_type"":""mtls"",""fapi_profile"":""plain_fapi"",""fapi_request_method"":""unsigned"",""fapi_response_mode"":""plain_response"",""openid"":""openid_connect"",""sender_constrain"":""dpop""}"
fapi-security-code-p018,gMSnJR7ixI6H6,zqFBXtSDFX08CaM,fapi2-security-profile-final-ensure-authorization-request-without-nonce-success,True,FINISHED,PASSED,PASSED,"{""client_auth_type"":""mtls"",""fapi_profile"":""plain_fapi"",""fapi_request_method"":""unsigned"",""fapi_response_mode"":""plain_response"",""openid"":""openid_connect"",""sender_constrain"":""dpop""}"
fapi-security-code-p018,gMSnJR7ixI6H6,Hz5wPvvfgacVUey,fapi2-security-profile-final-ensure-authorization-request-with-64-char-nonce-success,True,FINISHED,PASSED,PASSED,"{""client_auth_type"":""mtls"",""fapi_profile"":""plain_fapi"",""fapi_request_method"":""unsigned"",""fapi_response_mode"":""plain_response"",""openid"":""openid_connect"",""sender_constrain"":""dpop""}"
fapi-security-code-p018,gMSnJR7ixI6H6,FW0JrV2JpLSaXK8,fapi2-security-profile-final-ensure-other-scope-order-succeeds,True,FINISHED,PASSED,PASSED,"{""client_auth_type"":""mtls"",""fapi_profile"":""plain_fapi"",""fapi_request_method"":""unsigned"",""fapi_response_mode"":""plain_response"",""openid"":""openid_connect"",""sender_constrain"":""dpop""}"
fapi-security-code-p018,gMSnJR7ixI6H6,WvLrRM8WQCRUs1x,fapi2-security-profile-final-test-claims-parameter-identity-claims,True,FINISHED,PASSED,PASSED,"{""client_auth_type"":""mtls"",""fapi_profile"":""plain_fapi"",""fapi_request_method"":""unsigned"",""fapi_response_mode"":""plain_response"",""openid"":""openid_connect"",""sender_constrain"":""dpop""}"
fapi-security-code-p018,gMSnJR7ixI6H6,BQgmral2Reee8Kt,fapi2-security-profile-final-access-token-type-header-case-sensitivity,True,FINISHED,PASSED,PASSED,"{""client_auth_type"":""mtls"",""fapi_profile"":""plain_fapi"",""fapi_request_method"":""unsigned"",""fapi_response_mode"":""plain_response"",""openid"":""openid_connect"",""sender_constrain"":""dpop""}"
fapi-security-code-p018,gMSnJR7ixI6H6,EeRymGe48YpJbKm,fapi2-security-profile-final-check-dpop-proof-nbf-exp,True,FINISHED,PASSED,PASSED,"{""client_auth_type"":""mtls"",""fapi_profile"":""plain_fapi"",""fapi_request_method"":""unsigned"",""fapi_response_mode"":""plain_response"",""openid"":""openid_connect"",""sender_constrain"":""dpop""}"
fapi-security-code-p018,gMSnJR7ixI6H6,XBJCmaKSbAy3FE5,fapi2-security-profile-final-ensure-dpopproof-with-iat-10seconds-before-succeeds,True,FINISHED,PASSED,PASSED,"{""client_auth_type"":""mtls"",""fapi_profile"":""plain_fapi"",""fapi_request_method"":""unsigned"",""fapi_response_mode"":""plain_response"",""openid"":""openid_connect"",""sender_constrain"":""dpop""}"
fapi-security-code-p018,gMSnJR7ixI6H6,wuFyLEfzPo5Nf4g,fapi2-security-profile-final-ensure-dpopproof-with-iat-10seconds-after-succeeds,True,FINISHED,PASSED,PASSED,"{""client_auth_type"":""mtls"",""fapi_profile"":""plain_fapi"",""fapi_request_method"":""unsigned"",""fapi_response_mode"":""plain_response"",""openid"":""openid_connect"",""sender_constrain"":""dpop""}"
fapi-security-code-p018,gMSnJR7ixI6H6,3BHv4dR4UfNnHsc,fapi2-security-profile-final-ensure-mismatched-dpop-jkt-fails,True,FINISHED,PASSED,PASSED,"{""client_auth_type"":""mtls"",""fapi_profile"":""plain_fapi"",""fapi_request_method"":""unsigned"",""fapi_response_mode"":""plain_response"",""openid"":""openid_connect"",""sender_constrain"":""dpop""}"
fapi-security-code-p018,gMSnJR7ixI6H6,wqSLxNYoDy9MapZ,fapi2-security-profile-final-ensure-token-endpoint-fails-with-mismatched-dpop-proof-jkt,True,FINISHED,PASSED,PASSED,"{""client_auth_type"":""mtls"",""fapi_profile"":""plain_fapi"",""fapi_request_method"":""unsigned"",""fapi_response_mode"":""plain_response"",""openid"":""openid_connect"",""sender_constrain"":""dpop""}"
fapi-security-code-p018,gMSnJR7ixI6H6,HKClNHQiSKvi1F4,fapi2-security-profile-final-ensure-token-endpoint-fails-with-mismatched-dpop-jkt,True,FINISHED,PASSED,PASSED,"{""client_auth_type"":""mtls"",""fapi_profile"":""plain_fapi"",""fapi_request_method"":""unsigned"",""fapi_response_mode"":""plain_response"",""openid"":""openid_connect"",""sender_constrain"":""dpop""}"
fapi-security-code-p018,gMSnJR7ixI6H6,F7QZDEJoIPoLBlO,fapi2-security-profile-final-ensure-dpopproof-at-par-endpoint-binding-success,True,FINISHED,PASSED,PASSED,"{""client_auth_type"":""mtls"",""fapi_profile"":""plain_fapi"",""fapi_request_method"":""unsigned"",""fapi_response_mode"":""plain_response"",""openid"":""openid_connect"",""sender_constrain"":""dpop""}"
fapi-security-code-p018,gMSnJR7ixI6H6,S3Du5oRAHwD6auE,fapi2-security-profile-final-ensure-dpop-auth-code-binding-success,True,FINISHED,PASSED,PASSED,"{""client_auth_type"":""mtls"",""fapi_profile"":""plain_fapi"",""fapi_request_method"":""unsigned"",""fapi_response_mode"":""plain_response"",""openid"":""openid_connect"",""sender_constrain"":""dpop""}"
fapi-security-code-p018,gMSnJR7ixI6H6,aGU0wCzQvug9BDy,fapi2-security-profile-final-ensure-different-nonce-inside-and-outside-request-object,True,FINISHED,PASSED,PASSED,"{""client_auth_type"":""mtls"",""fapi_profile"":""plain_fapi"",""fapi_request_method"":""unsigned"",""fapi_response_mode"":""plain_response"",""openid"":""openid_connect"",""sender_constrain"":""dpop""}"
fapi-security-code-p018,gMSnJR7ixI6H6,Q47m0jrTihRr5n6,fapi2-security-profile-final-ensure-different-state-inside-and-outside-request-object,True,FINISHED,PASSED,PASSED,"{""client_auth_type"":""mtls"",""fapi_profile"":""plain_fapi"",""fapi_request_method"":""unsigned"",""fapi_response_mode"":""plain_response"",""openid"":""openid_connect"",""sender_constrain"":""dpop""}"
fapi-security-code-p018,gMSnJR7ixI6H6,18LKJ3h0VD9OnaM,fapi2-security-profile-final-ensure-authorization-request-with-long-nonce,True,FINISHED,PASSED,PASSED,"{""client_auth_type"":""mtls"",""fapi_profile"":""plain_fapi"",""fapi_request_method"":""unsigned"",""fapi_response_mode"":""plain_response"",""openid"":""openid_connect"",""sender_constrain"":""dpop""}"
fapi-security-code-p018,gMSnJR7ixI6H6,agra00705LY0pOO,fapi2-security-profile-final-ensure-authorization-request-with-long-state,True,FINISHED,PASSED,PASSED,"{""client_auth_type"":""mtls"",""fapi_profile"":""plain_fapi"",""fapi_request_method"":""unsigned"",""fapi_response_mode"":""plain_response"",""openid"":""openid_connect"",""sender_constrain"":""dpop""}"
fapi-security-code-p018,gMSnJR7ixI6H6,ZjXrzGIPdbAZsou,fapi2-security-profile-final-state-only-outside-request-object-not-used,True,FINISHED,PASSED,PASSED,"{""client_auth_type"":""mtls"",""fapi_profile"":""plain_fapi"",""fapi_request_method"":""unsigned"",""fapi_response_mode"":""plain_response"",""openid"":""openid_connect"",""sender_constrain"":""dpop""}"
fapi-security-code-p018,gMSnJR7ixI6H6,tRkRJ2JKzhhpdYu,fapi2-security-profile-final-ensure-request-object-without-redirect-uri-fails,True,FINISHED,PASSED,PASSED,"{""client_auth_type"":""mtls"",""fapi_profile"":""plain_fapi"",""fapi_request_method"":""unsigned"",""fapi_response_mode"":""plain_response"",""openid"":""openid_connect"",""sender_constrain"":""dpop""}"
fapi-security-code-p018,gMSnJR7ixI6H6,AmbS4gQHBVpazvE,fapi2-security-profile-final-plain-fapi-tolerate-unregistered-redirect-uri,True,FINISHED,PASSED,PASSED,"{""client_auth_type"":""mtls"",""fapi_profile"":""plain_fapi"",""fapi_request_method"":""unsigned"",""fapi_response_mode"":""plain_response"",""openid"":""openid_connect"",""sender_constrain"":""dpop""}"
fapi-security-code-p018,gMSnJR7ixI6H6,8pxvewFHbyJ0G4C,fapi2-security-profile-final-ensure-unsigned-authorization-request-without-using-par-fails,True,FINISHED,PASSED,PASSED,"{""client_auth_type"":""mtls"",""fapi_profile"":""plain_fapi"",""fapi_request_method"":""unsigned"",""fapi_response_mode"":""plain_response"",""openid"":""openid_connect"",""sender_constrain"":""dpop""}"
fapi-security-code-p018,gMSnJR7ixI6H6,e6hLoNUzbpDrB1S,fapi2-security-profile-final-ensure-redirect-uri-in-authorization-request,True,FINISHED,PASSED,PASSED,"{""client_auth_type"":""mtls"",""fapi_profile"":""plain_fapi"",""fapi_request_method"":""unsigned"",""fapi_response_mode"":""plain_response"",""openid"":""openid_connect"",""sender_constrain"":""dpop""}"
fapi-security-code-p018,gMSnJR7ixI6H6,hJHQVfQzj2cqt9k,fapi2-security-profile-final-ensure-response-type-code-idtoken-fails,True,FINISHED,PASSED,PASSED,"{""client_auth_type"":""mtls"",""fapi_profile"":""plain_fapi"",""fapi_request_method"":""unsigned"",""fapi_response_mode"":""plain_response"",""openid"":""openid_connect"",""sender_constrain"":""dpop""}"
fapi-security-code-p018,gMSnJR7ixI6H6,0Blm0mtiMIhgtj3,fapi2-security-profile-final-ensure-response-type-token-fails,True,FINISHED,PASSED,PASSED,"{""client_auth_type"":""mtls"",""fapi_profile"":""plain_fapi"",""fapi_request_method"":""unsigned"",""fapi_response_mode"":""plain_response"",""openid"":""openid_connect"",""sender_constrain"":""dpop""}"
fapi-security-code-p018,gMSnJR7ixI6H6,m8XdMIS0fzmWopX,fapi2-security-profile-final-ensure-client-id-in-token-endpoint,True,FINISHED,PASSED,PASSED,"{""client_auth_type"":""mtls"",""fapi_profile"":""plain_fapi"",""fapi_request_method"":""unsigned"",""fapi_response_mode"":""plain_response"",""openid"":""openid_connect"",""sender_constrain"":""dpop""}"
fapi-security-code-p018,gMSnJR7ixI6H6,iDGnODfbHEOUTP1,fapi2-security-profile-final-ensure-holder-of-key-required,True,FINISHED,PASSED,PASSED,"{""client_auth_type"":""mtls"",""fapi_profile"":""plain_fapi"",""fapi_request_method"":""unsigned"",""fapi_response_mode"":""plain_response"",""openid"":""openid_connect"",""sender_constrain"":""dpop""}"
fapi-security-code-p018,gMSnJR7ixI6H6,VZJiLx4LB4rjsZh,fapi2-security-profile-final-ensure-authorization-code-is-bound-to-client,True,FINISHED,PASSED,PASSED,"{""client_auth_type"":""mtls"",""fapi_profile"":""plain_fapi"",""fapi_request_method"":""unsigned"",""fapi_response_mode"":""plain_response"",""openid"":""openid_connect"",""sender_constrain"":""dpop""}"
fapi-security-code-p018,gMSnJR7ixI6H6,k5TMsMcFKLkZS2f,fapi2-security-profile-final-attempt-reuse-authorization-code-after-one-second,True,FINISHED,PASSED,PASSED,"{""client_auth_type"":""mtls"",""fapi_profile"":""plain_fapi"",""fapi_request_method"":""unsigned"",""fapi_response_mode"":""plain_response"",""openid"":""openid_connect"",""sender_constrain"":""dpop""}"
fapi-security-code-p018,gMSnJR7ixI6H6,eNnBjiLdztOQZEy,fapi2-security-profile-final-ensure-token-endpoint-fails-with-expired-auth-code,True,FINISHED,PASSED,PASSED,"{""client_auth_type"":""mtls"",""fapi_profile"":""plain_fapi"",""fapi_request_method"":""unsigned"",""fapi_response_mode"":""plain_response"",""openid"":""openid_connect"",""sender_constrain"":""dpop""}"
fapi-security-code-p018,gMSnJR7ixI6H6,WaVi9wvmdowl2wm,fapi2-security-profile-final-dpop-negative-tests,True,FINISHED,PASSED,PASSED,"{""client_auth_type"":""mtls"",""fapi_profile"":""plain_fapi"",""fapi_request_method"":""unsigned"",""fapi_response_mode"":""plain_response"",""openid"":""openid_connect"",""sender_constrain"":""dpop""}"
fapi-security-code-p018,gMSnJR7ixI6H6,zsKZn5qWGpLfmrD,fapi2-security-profile-final-refresh-token,True,FINISHED,PASSED,PASSED,"{""client_auth_type"":""mtls"",""fapi_profile"":""plain_fapi"",""fapi_request_method"":""unsigned"",""fapi_response_mode"":""plain_response"",""openid"":""openid_connect"",""sender_constrain"":""dpop""}"
fapi-security-code-p018,gMSnJR7ixI6H6,vS63QNrJkHs0ClV,fapi2-security-profile-final-par-ensure-reused-request-uri-prior-to-auth-completion-succeeds,True,FINISHED,PASSED,PASSED,"{""client_auth_type"":""mtls"",""fapi_profile"":""plain_fapi"",""fapi_request_method"":""unsigned"",""fapi_response_mode"":""plain_response"",""openid"":""openid_connect"",""sender_constrain"":""dpop""}"
fapi-security-code-p018,gMSnJR7ixI6H6,SfnB6POJql1k4uY,fapi2-security-profile-final-par-attempt-reuse-request_uri,True,FINISHED,PASSED,PASSED,"{""client_auth_type"":""mtls"",""fapi_profile"":""plain_fapi"",""fapi_request_method"":""unsigned"",""fapi_response_mode"":""plain_response"",""openid"":""openid_connect"",""sender_constrain"":""dpop""}"
fapi-security-code-p018,gMSnJR7ixI6H6,nRdhH6KXwx2sTsj,fapi2-security-profile-final-par-attempt-to-use-expired-request_uri,True,FINISHED,PASSED,PASSED,"{""client_auth_type"":""mtls"",""fapi_profile"":""plain_fapi"",""fapi_request_method"":""unsigned"",""fapi_response_mode"":""plain_response"",""openid"":""openid_connect"",""sender_constrain"":""dpop""}"
fapi-security-code-p018,gMSnJR7ixI6H6,D4ug4aka1zZidBF,fapi2-security-profile-final-par-attempt-to-use-request_uri-for-different-client,True,FINISHED,PASSED,PASSED,"{""client_auth_type"":""mtls"",""fapi_profile"":""plain_fapi"",""fapi_request_method"":""unsigned"",""fapi_response_mode"":""plain_response"",""openid"":""openid_connect"",""sender_constrain"":""dpop""}"
fapi-security-code-p018,gMSnJR7ixI6H6,T20pLlsZ5epmeT5,fapi2-security-profile-final-par-authorization-request-containing-request_uri-form-param,True,FINISHED,PASSED,PASSED,"{""client_auth_type"":""mtls"",""fapi_profile"":""plain_fapi"",""fapi_request_method"":""unsigned"",""fapi_response_mode"":""plain_response"",""openid"":""openid_connect"",""sender_constrain"":""dpop""}"
fapi-security-code-p018,gMSnJR7ixI6H6,10EnuBpfc8kWkrY,fapi2-security-profile-final-par-attempt-invalid-http-method,True,FINISHED,PASSED,PASSED,"{""client_auth_type"":""mtls"",""fapi_profile"":""plain_fapi"",""fapi_request_method"":""unsigned"",""fapi_response_mode"":""plain_response"",""openid"":""openid_connect"",""sender_constrain"":""dpop""}"
fapi-security-code-p018,gMSnJR7ixI6H6,IM3ABQFlFcAb6RI,fapi2-security-profile-final-par-ensure-pkce-required,True,FINISHED,PASSED,PASSED,"{""client_auth_type"":""mtls"",""fapi_profile"":""plain_fapi"",""fapi_request_method"":""unsigned"",""fapi_response_mode"":""plain_response"",""openid"":""openid_connect"",""sender_constrain"":""dpop""}"
fapi-security-code-p018,gMSnJR7ixI6H6,AtR6yDEPtX947W8,fapi2-security-profile-final-ensure-pkce-code-verifier-required,True,FINISHED,PASSED,PASSED,"{""client_auth_type"":""mtls"",""fapi_profile"":""plain_fapi"",""fapi_request_method"":""unsigned"",""fapi_response_mode"":""plain_response"",""openid"":""openid_connect"",""sender_constrain"":""dpop""}"
fapi-security-code-p018,gMSnJR7ixI6H6,jrdvI2oBm8tPE5H,fapi2-security-profile-final-incorrect-pkce-code-verifier-rejected,True,FINISHED,PASSED,PASSED,"{""client_auth_type"":""mtls"",""fapi_profile"":""plain_fapi"",""fapi_request_method"":""unsigned"",""fapi_response_mode"":""plain_response"",""openid"":""openid_connect"",""sender_constrain"":""dpop""}"
fapi-security-code-p018,gMSnJR7ixI6H6,OpzKAHEWricA2qu,fapi2-security-profile-final-par-plain-pkce-rejected,True,FINISHED,PASSED,PASSED,"{""client_auth_type"":""mtls"",""fapi_profile"":""plain_fapi"",""fapi_request_method"":""unsigned"",""fapi_response_mode"":""plain_response"",""openid"":""openid_connect"",""sender_constrain"":""dpop""}"
fapi-security-code-p018,gMSnJR7ixI6H6,lP7dgW2UkfX6m0b,fapi2-security-profile-final-par-without-duplicate-parameters,True,FINISHED,PASSED,PASSED,"{""client_auth_type"":""mtls"",""fapi_profile"":""plain_fapi"",""fapi_request_method"":""unsigned"",""fapi_response_mode"":""plain_response"",""openid"":""openid_connect"",""sender_constrain"":""dpop""}"
fapi-security-code-p019,90xER9cLPaQ1B,up9jHeCd37cd1rf,fapi2-security-profile-final-discovery-end-point-verification,True,FINISHED,PASSED,PASSED,"{""client_auth_type"":""mtls"",""fapi_profile"":""plain_fapi"",""fapi_request_method"":""unsigned"",""fapi_response_mode"":""plain_response"",""openid"":""plain_oauth"",""sender_constrain"":""dpop""}"
fapi-security-code-p019,90xER9cLPaQ1B,bTIW2WEptGGmnAa,fapi2-security-profile-final-happy-flow,True,FINISHED,WARNING,WARNING,"{""client_auth_type"":""mtls"",""fapi_profile"":""plain_fapi"",""fapi_request_method"":""unsigned"",""fapi_response_mode"":""plain_response"",""openid"":""plain_oauth"",""sender_constrain"":""dpop""}"
fapi-security-code-p019,90xER9cLPaQ1B,WhVoevJ4DxkhBGR,fapi2-security-profile-final-user-rejects-authentication,True,FINISHED,PASSED,PASSED,"{""client_auth_type"":""mtls"",""fapi_profile"":""plain_fapi"",""fapi_request_method"":""unsigned"",""fapi_response_mode"":""plain_response"",""openid"":""plain_oauth"",""sender_constrain"":""dpop""}"
fapi-security-code-p019,90xER9cLPaQ1B,7O5PRDedtQzT0ev,fapi2-security-profile-final-ensure-authorization-request-without-state-success,True,FINISHED,PASSED,PASSED,"{""client_auth_type"":""mtls"",""fapi_profile"":""plain_fapi"",""fapi_request_method"":""unsigned"",""fapi_response_mode"":""plain_response"",""openid"":""plain_oauth"",""sender_constrain"":""dpop""}"
fapi-security-code-p019,90xER9cLPaQ1B,Wr0u1e88yQbhMkn,fapi2-security-profile-final-access-token-type-header-case-sensitivity,True,FINISHED,PASSED,PASSED,"{""client_auth_type"":""mtls"",""fapi_profile"":""plain_fapi"",""fapi_request_method"":""unsigned"",""fapi_response_mode"":""plain_response"",""openid"":""plain_oauth"",""sender_constrain"":""dpop""}"
fapi-security-code-p019,90xER9cLPaQ1B,5cnNRfttlV65RjK,fapi2-security-profile-final-check-dpop-proof-nbf-exp,True,FINISHED,PASSED,PASSED,"{""client_auth_type"":""mtls"",""fapi_profile"":""plain_fapi"",""fapi_request_method"":""unsigned"",""fapi_response_mode"":""plain_response"",""openid"":""plain_oauth"",""sender_constrain"":""dpop""}"
fapi-security-code-p019,90xER9cLPaQ1B,Yg85KoxllwtvtyA,fapi2-security-profile-final-ensure-dpopproof-with-iat-10seconds-before-succeeds,True,FINISHED,PASSED,PASSED,"{""client_auth_type"":""mtls"",""fapi_profile"":""plain_fapi"",""fapi_request_method"":""unsigned"",""fapi_response_mode"":""plain_response"",""openid"":""plain_oauth"",""sender_constrain"":""dpop""}"
fapi-security-code-p019,90xER9cLPaQ1B,WeoaxiRGj7Ap4AS,fapi2-security-profile-final-ensure-dpopproof-with-iat-10seconds-after-succeeds,True,FINISHED,PASSED,PASSED,"{""client_auth_type"":""mtls"",""fapi_profile"":""plain_fapi"",""fapi_request_method"":""unsigned"",""fapi_response_mode"":""plain_response"",""openid"":""plain_oauth"",""sender_constrain"":""dpop""}"
fapi-security-code-p019,90xER9cLPaQ1B,CdQNUPHM3wOGiX1,fapi2-security-profile-final-ensure-mismatched-dpop-jkt-fails,True,FINISHED,PASSED,PASSED,"{""client_auth_type"":""mtls"",""fapi_profile"":""plain_fapi"",""fapi_request_method"":""unsigned"",""fapi_response_mode"":""plain_response"",""openid"":""plain_oauth"",""sender_constrain"":""dpop""}"
fapi-security-code-p019,90xER9cLPaQ1B,18CunkM5AxWIoOk,fapi2-security-profile-final-ensure-token-endpoint-fails-with-mismatched-dpop-proof-jkt,True,FINISHED,PASSED,PASSED,"{""client_auth_type"":""mtls"",""fapi_profile"":""plain_fapi"",""fapi_request_method"":""unsigned"",""fapi_response_mode"":""plain_response"",""openid"":""plain_oauth"",""sender_constrain"":""dpop""}"
fapi-security-code-p019,90xER9cLPaQ1B,wGMSEdY81paJax8,fapi2-security-profile-final-ensure-token-endpoint-fails-with-mismatched-dpop-jkt,True,FINISHED,PASSED,PASSED,"{""client_auth_type"":""mtls"",""fapi_profile"":""plain_fapi"",""fapi_request_method"":""unsigned"",""fapi_response_mode"":""plain_response"",""openid"":""plain_oauth"",""sender_constrain"":""dpop""}"
fapi-security-code-p019,90xER9cLPaQ1B,Pek7FLTa29LjIiX,fapi2-security-profile-final-ensure-dpopproof-at-par-endpoint-binding-success,True,FINISHED,PASSED,PASSED,"{""client_auth_type"":""mtls"",""fapi_profile"":""plain_fapi"",""fapi_request_method"":""unsigned"",""fapi_response_mode"":""plain_response"",""openid"":""plain_oauth"",""sender_constrain"":""dpop""}"
fapi-security-code-p019,90xER9cLPaQ1B,jrZGyiyRj8P74zf,fapi2-security-profile-final-ensure-dpop-auth-code-binding-success,True,FINISHED,PASSED,PASSED,"{""client_auth_type"":""mtls"",""fapi_profile"":""plain_fapi"",""fapi_request_method"":""unsigned"",""fapi_response_mode"":""plain_response"",""openid"":""plain_oauth"",""sender_constrain"":""dpop""}"
fapi-security-code-p019,90xER9cLPaQ1B,mKkY2iY0j3dtBDr,fapi2-security-profile-final-ensure-different-state-inside-and-outside-request-object,True,FINISHED,PASSED,PASSED,"{""client_auth_type"":""mtls"",""fapi_profile"":""plain_fapi"",""fapi_request_method"":""unsigned"",""fapi_response_mode"":""plain_response"",""openid"":""plain_oauth"",""sender_constrain"":""dpop""}"
fapi-security-code-p019,90xER9cLPaQ1B,ogSTyLDJ85HdysO,fapi2-security-profile-final-ensure-authorization-request-with-long-state,True,FINISHED,PASSED,PASSED,"{""client_auth_type"":""mtls"",""fapi_profile"":""plain_fapi"",""fapi_request_method"":""unsigned"",""fapi_response_mode"":""plain_response"",""openid"":""plain_oauth"",""sender_constrain"":""dpop""}"
fapi-security-code-p019,90xER9cLPaQ1B,2ThKfP31FsBxkjI,fapi2-security-profile-final-state-only-outside-request-object-not-used,True,FINISHED,PASSED,PASSED,"{""client_auth_type"":""mtls"",""fapi_profile"":""plain_fapi"",""fapi_request_method"":""unsigned"",""fapi_response_mode"":""plain_response"",""openid"":""plain_oauth"",""sender_constrain"":""dpop""}"
fapi-security-code-p019,90xER9cLPaQ1B,TershuBRextaSUS,fapi2-security-profile-final-ensure-request-object-without-redirect-uri-fails,True,FINISHED,PASSED,PASSED,"{""client_auth_type"":""mtls"",""fapi_profile"":""plain_fapi"",""fapi_request_method"":""unsigned"",""fapi_response_mode"":""plain_response"",""openid"":""plain_oauth"",""sender_constrain"":""dpop""}"
fapi-security-code-p019,90xER9cLPaQ1B,JHC2phPobxzd19H,fapi2-security-profile-final-plain-fapi-tolerate-unregistered-redirect-uri,True,FINISHED,PASSED,PASSED,"{""client_auth_type"":""mtls"",""fapi_profile"":""plain_fapi"",""fapi_request_method"":""unsigned"",""fapi_response_mode"":""plain_response"",""openid"":""plain_oauth"",""sender_constrain"":""dpop""}"
fapi-security-code-p019,90xER9cLPaQ1B,YBdHadjNwLP7HNN,fapi2-security-profile-final-ensure-unsigned-authorization-request-without-using-par-fails,True,FINISHED,PASSED,PASSED,"{""client_auth_type"":""mtls"",""fapi_profile"":""plain_fapi"",""fapi_request_method"":""unsigned"",""fapi_response_mode"":""plain_response"",""openid"":""plain_oauth"",""sender_constrain"":""dpop""}"
fapi-security-code-p019,90xER9cLPaQ1B,0aHcwyTQd5IgG99,fapi2-security-profile-final-ensure-redirect-uri-in-authorization-request,True,FINISHED,PASSED,PASSED,"{""client_auth_type"":""mtls"",""fapi_profile"":""plain_fapi"",""fapi_request_method"":""unsigned"",""fapi_response_mode"":""plain_response"",""openid"":""plain_oauth"",""sender_constrain"":""dpop""}"
fapi-security-code-p019,90xER9cLPaQ1B,uVyyTDWNs48szZU,fapi2-security-profile-final-ensure-response-type-code-idtoken-fails,True,FINISHED,PASSED,PASSED,"{""client_auth_type"":""mtls"",""fapi_profile"":""plain_fapi"",""fapi_request_method"":""unsigned"",""fapi_response_mode"":""plain_response"",""openid"":""plain_oauth"",""sender_constrain"":""dpop""}"
fapi-security-code-p019,90xER9cLPaQ1B,0m34syfYKWhkn3A,fapi2-security-profile-final-ensure-response-type-token-fails,True,FINISHED,PASSED,PASSED,"{""client_auth_type"":""mtls"",""fapi_profile"":""plain_fapi"",""fapi_request_method"":""unsigned"",""fapi_response_mode"":""plain_response"",""openid"":""plain_oauth"",""sender_constrain"":""dpop""}"
fapi-security-code-p019,90xER9cLPaQ1B,z7rRabdPE1b6Yco,fapi2-security-profile-final-ensure-client-id-in-token-endpoint,True,FINISHED,PASSED,PASSED,"{""client_auth_type"":""mtls"",""fapi_profile"":""plain_fapi"",""fapi_request_method"":""unsigned"",""fapi_response_mode"":""plain_response"",""openid"":""plain_oauth"",""sender_constrain"":""dpop""}"
fapi-security-code-p019,90xER9cLPaQ1B,S5JEuzkzGipbNTs,fapi2-security-profile-final-ensure-holder-of-key-required,True,FINISHED,PASSED,PASSED,"{""client_auth_type"":""mtls"",""fapi_profile"":""plain_fapi"",""fapi_request_method"":""unsigned"",""fapi_response_mode"":""plain_response"",""openid"":""plain_oauth"",""sender_constrain"":""dpop""}"
fapi-security-code-p019,90xER9cLPaQ1B,H3DC5GmBQdECci2,fapi2-security-profile-final-ensure-authorization-code-is-bound-to-client,True,FINISHED,PASSED,PASSED,"{""client_auth_type"":""mtls"",""fapi_profile"":""plain_fapi"",""fapi_request_method"":""unsigned"",""fapi_response_mode"":""plain_response"",""openid"":""plain_oauth"",""sender_constrain"":""dpop""}"
fapi-security-code-p019,90xER9cLPaQ1B,tgDsULVfsyXH2Yq,fapi2-security-profile-final-attempt-reuse-authorization-code-after-one-second,True,FINISHED,PASSED,PASSED,"{""client_auth_type"":""mtls"",""fapi_profile"":""plain_fapi"",""fapi_request_method"":""unsigned"",""fapi_response_mode"":""plain_response"",""openid"":""plain_oauth"",""sender_constrain"":""dpop""}"
fapi-security-code-p019,90xER9cLPaQ1B,B7NA6Clz8xtpMC2,fapi2-security-profile-final-ensure-token-endpoint-fails-with-expired-auth-code,True,FINISHED,PASSED,PASSED,"{""client_auth_type"":""mtls"",""fapi_profile"":""plain_fapi"",""fapi_request_method"":""unsigned"",""fapi_response_mode"":""plain_response"",""openid"":""plain_oauth"",""sender_constrain"":""dpop""}"
fapi-security-code-p019,90xER9cLPaQ1B,dw0XyTWJ0bs1kDQ,fapi2-security-profile-final-dpop-negative-tests,True,FINISHED,PASSED,PASSED,"{""client_auth_type"":""mtls"",""fapi_profile"":""plain_fapi"",""fapi_request_method"":""unsigned"",""fapi_response_mode"":""plain_response"",""openid"":""plain_oauth"",""sender_constrain"":""dpop""}"
fapi-security-code-p019,90xER9cLPaQ1B,kuIpwJG0yEDj2Oe,fapi2-security-profile-final-refresh-token,True,FINISHED,PASSED,PASSED,"{""client_auth_type"":""mtls"",""fapi_profile"":""plain_fapi"",""fapi_request_method"":""unsigned"",""fapi_response_mode"":""plain_response"",""openid"":""plain_oauth"",""sender_constrain"":""dpop""}"
fapi-security-code-p019,90xER9cLPaQ1B,pTOZcMsEKacHZp3,fapi2-security-profile-final-par-ensure-reused-request-uri-prior-to-auth-completion-succeeds,True,FINISHED,PASSED,PASSED,"{""client_auth_type"":""mtls"",""fapi_profile"":""plain_fapi"",""fapi_request_method"":""unsigned"",""fapi_response_mode"":""plain_response"",""openid"":""plain_oauth"",""sender_constrain"":""dpop""}"
fapi-security-code-p019,90xER9cLPaQ1B,jZZjrYhzADA9Lzs,fapi2-security-profile-final-par-attempt-reuse-request_uri,True,FINISHED,PASSED,PASSED,"{""client_auth_type"":""mtls"",""fapi_profile"":""plain_fapi"",""fapi_request_method"":""unsigned"",""fapi_response_mode"":""plain_response"",""openid"":""plain_oauth"",""sender_constrain"":""dpop""}"
fapi-security-code-p019,90xER9cLPaQ1B,09oNnPOeQLvk4uK,fapi2-security-profile-final-par-attempt-to-use-expired-request_uri,True,FINISHED,PASSED,PASSED,"{""client_auth_type"":""mtls"",""fapi_profile"":""plain_fapi"",""fapi_request_method"":""unsigned"",""fapi_response_mode"":""plain_response"",""openid"":""plain_oauth"",""sender_constrain"":""dpop""}"
fapi-security-code-p019,90xER9cLPaQ1B,pxBH7GePYx0cAmW,fapi2-security-profile-final-par-attempt-to-use-request_uri-for-different-client,True,FINISHED,PASSED,PASSED,"{""client_auth_type"":""mtls"",""fapi_profile"":""plain_fapi"",""fapi_request_method"":""unsigned"",""fapi_response_mode"":""plain_response"",""openid"":""plain_oauth"",""sender_constrain"":""dpop""}"
fapi-security-code-p019,90xER9cLPaQ1B,B3hfAUJtaGX6jQ1,fapi2-security-profile-final-par-authorization-request-containing-request_uri-form-param,True,FINISHED,PASSED,PASSED,"{""client_auth_type"":""mtls"",""fapi_profile"":""plain_fapi"",""fapi_request_method"":""unsigned"",""fapi_response_mode"":""plain_response"",""openid"":""plain_oauth"",""sender_constrain"":""dpop""}"
fapi-security-code-p019,90xER9cLPaQ1B,2MlvA05bFaOAIWn,fapi2-security-profile-final-par-attempt-invalid-http-method,True,FINISHED,PASSED,PASSED,"{""client_auth_type"":""mtls"",""fapi_profile"":""plain_fapi"",""fapi_request_method"":""unsigned"",""fapi_response_mode"":""plain_response"",""openid"":""plain_oauth"",""sender_constrain"":""dpop""}"
fapi-security-code-p019,90xER9cLPaQ1B,16nikuND5rqqTiC,fapi2-security-profile-final-par-ensure-pkce-required,True,FINISHED,PASSED,PASSED,"{""client_auth_type"":""mtls"",""fapi_profile"":""plain_fapi"",""fapi_request_method"":""unsigned"",""fapi_response_mode"":""plain_response"",""openid"":""plain_oauth"",""sender_constrain"":""dpop""}"
fapi-security-code-p019,90xER9cLPaQ1B,KLCk0zMMJ51f6zE,fapi2-security-profile-final-ensure-pkce-code-verifier-required,True,FINISHED,PASSED,PASSED,"{""client_auth_type"":""mtls"",""fapi_profile"":""plain_fapi"",""fapi_request_method"":""unsigned"",""fapi_response_mode"":""plain_response"",""openid"":""plain_oauth"",""sender_constrain"":""dpop""}"
fapi-security-code-p019,90xER9cLPaQ1B,HIEdJZVNjJML3WI,fapi2-security-profile-final-incorrect-pkce-code-verifier-rejected,True,FINISHED,PASSED,PASSED,"{""client_auth_type"":""mtls"",""fapi_profile"":""plain_fapi"",""fapi_request_method"":""unsigned"",""fapi_response_mode"":""plain_response"",""openid"":""plain_oauth"",""sender_constrain"":""dpop""}"
fapi-security-code-p019,90xER9cLPaQ1B,o6LktuJiAkHROgJ,fapi2-security-profile-final-par-plain-pkce-rejected,True,FINISHED,PASSED,PASSED,"{""client_auth_type"":""mtls"",""fapi_profile"":""plain_fapi"",""fapi_request_method"":""unsigned"",""fapi_response_mode"":""plain_response"",""openid"":""plain_oauth"",""sender_constrain"":""dpop""}"
fapi-security-code-p019,90xER9cLPaQ1B,kClexDGwwNnH2bl,fapi2-security-profile-final-par-without-duplicate-parameters,True,FINISHED,PASSED,PASSED,"{""client_auth_type"":""mtls"",""fapi_profile"":""plain_fapi"",""fapi_request_method"":""unsigned"",""fapi_response_mode"":""plain_response"",""openid"":""plain_oauth"",""sender_constrain"":""dpop""}"
fapi-security-code-p020,KW9j0nzpllzV8,vQSgLfqTdaDdRnI,fapi2-security-profile-final-discovery-end-point-verification,True,FINISHED,PASSED,PASSED,"{""client_auth_type"":""mtls"",""fapi_profile"":""plain_fapi"",""fapi_request_method"":""unsigned"",""fapi_response_mode"":""plain_response"",""openid"":""openid_connect"",""sender_constrain"":""mtls""}"
fapi-security-code-p020,KW9j0nzpllzV8,dhqOSSchikV58jU,fapi2-security-profile-final-happy-flow,True,FINISHED,PASSED,PASSED,"{""client_auth_type"":""mtls"",""fapi_profile"":""plain_fapi"",""fapi_request_method"":""unsigned"",""fapi_response_mode"":""plain_response"",""openid"":""openid_connect"",""sender_constrain"":""mtls""}"
fapi-security-code-p020,KW9j0nzpllzV8,DF5OOSN1cTNoFMJ,fapi2-security-profile-final-user-rejects-authentication,True,FINISHED,PASSED,PASSED,"{""client_auth_type"":""mtls"",""fapi_profile"":""plain_fapi"",""fapi_request_method"":""unsigned"",""fapi_response_mode"":""plain_response"",""openid"":""openid_connect"",""sender_constrain"":""mtls""}"
fapi-security-code-p020,KW9j0nzpllzV8,cDQB9iQXyb9DNxX,fapi2-security-profile-final-ensure-authorization-request-without-state-success,True,FINISHED,PASSED,PASSED,"{""client_auth_type"":""mtls"",""fapi_profile"":""plain_fapi"",""fapi_request_method"":""unsigned"",""fapi_response_mode"":""plain_response"",""openid"":""openid_connect"",""sender_constrain"":""mtls""}"
fapi-security-code-p020,KW9j0nzpllzV8,GPy02fcwAV0qRwl,fapi2-security-profile-final-ensure-authorization-request-without-nonce-success,True,FINISHED,PASSED,PASSED,"{""client_auth_type"":""mtls"",""fapi_profile"":""plain_fapi"",""fapi_request_method"":""unsigned"",""fapi_response_mode"":""plain_response"",""openid"":""openid_connect"",""sender_constrain"":""mtls""}"
fapi-security-code-p020,KW9j0nzpllzV8,bA8QO1VztHHhXHC,fapi2-security-profile-final-ensure-authorization-request-with-64-char-nonce-success,True,FINISHED,PASSED,PASSED,"{""client_auth_type"":""mtls"",""fapi_profile"":""plain_fapi"",""fapi_request_method"":""unsigned"",""fapi_response_mode"":""plain_response"",""openid"":""openid_connect"",""sender_constrain"":""mtls""}"
fapi-security-code-p020,KW9j0nzpllzV8,Y7MxYGwHxVHaCdP,fapi2-security-profile-final-ensure-other-scope-order-succeeds,True,FINISHED,PASSED,PASSED,"{""client_auth_type"":""mtls"",""fapi_profile"":""plain_fapi"",""fapi_request_method"":""unsigned"",""fapi_response_mode"":""plain_response"",""openid"":""openid_connect"",""sender_constrain"":""mtls""}"
fapi-security-code-p020,KW9j0nzpllzV8,f23Z9n1clWQqqmd,fapi2-security-profile-final-test-claims-parameter-identity-claims,True,FINISHED,PASSED,PASSED,"{""client_auth_type"":""mtls"",""fapi_profile"":""plain_fapi"",""fapi_request_method"":""unsigned"",""fapi_response_mode"":""plain_response"",""openid"":""openid_connect"",""sender_constrain"":""mtls""}"
fapi-security-code-p020,KW9j0nzpllzV8,BHaJWQivU7Rhpeo,fapi2-security-profile-final-access-token-type-header-case-sensitivity,True,FINISHED,PASSED,PASSED,"{""client_auth_type"":""mtls"",""fapi_profile"":""plain_fapi"",""fapi_request_method"":""unsigned"",""fapi_response_mode"":""plain_response"",""openid"":""openid_connect"",""sender_constrain"":""mtls""}"
fapi-security-code-p020,KW9j0nzpllzV8,ZBF09UOhMrw27ej,fapi2-security-profile-final-ensure-different-nonce-inside-and-outside-request-object,True,FINISHED,PASSED,PASSED,"{""client_auth_type"":""mtls"",""fapi_profile"":""plain_fapi"",""fapi_request_method"":""unsigned"",""fapi_response_mode"":""plain_response"",""openid"":""openid_connect"",""sender_constrain"":""mtls""}"
fapi-security-code-p020,KW9j0nzpllzV8,871fBoQ8RTwUAvg,fapi2-security-profile-final-ensure-different-state-inside-and-outside-request-object,True,FINISHED,PASSED,PASSED,"{""client_auth_type"":""mtls"",""fapi_profile"":""plain_fapi"",""fapi_request_method"":""unsigned"",""fapi_response_mode"":""plain_response"",""openid"":""openid_connect"",""sender_constrain"":""mtls""}"
fapi-security-code-p020,KW9j0nzpllzV8,nI4WIIeIh3j3GjU,fapi2-security-profile-final-ensure-authorization-request-with-long-nonce,True,FINISHED,PASSED,PASSED,"{""client_auth_type"":""mtls"",""fapi_profile"":""plain_fapi"",""fapi_request_method"":""unsigned"",""fapi_response_mode"":""plain_response"",""openid"":""openid_connect"",""sender_constrain"":""mtls""}"
fapi-security-code-p020,KW9j0nzpllzV8,CW8l1Ii4KMpYng7,fapi2-security-profile-final-ensure-authorization-request-with-long-state,True,FINISHED,PASSED,PASSED,"{""client_auth_type"":""mtls"",""fapi_profile"":""plain_fapi"",""fapi_request_method"":""unsigned"",""fapi_response_mode"":""plain_response"",""openid"":""openid_connect"",""sender_constrain"":""mtls""}"
fapi-security-code-p020,KW9j0nzpllzV8,cpDmSeETCyFTsaL,fapi2-security-profile-final-state-only-outside-request-object-not-used,True,FINISHED,PASSED,PASSED,"{""client_auth_type"":""mtls"",""fapi_profile"":""plain_fapi"",""fapi_request_method"":""unsigned"",""fapi_response_mode"":""plain_response"",""openid"":""openid_connect"",""sender_constrain"":""mtls""}"
fapi-security-code-p020,KW9j0nzpllzV8,O42Y05XCBxMnAOu,fapi2-security-profile-final-ensure-request-object-without-redirect-uri-fails,True,FINISHED,PASSED,PASSED,"{""client_auth_type"":""mtls"",""fapi_profile"":""plain_fapi"",""fapi_request_method"":""unsigned"",""fapi_response_mode"":""plain_response"",""openid"":""openid_connect"",""sender_constrain"":""mtls""}"
fapi-security-code-p020,KW9j0nzpllzV8,i1t6Rc1Ai1p6L3v,fapi2-security-profile-final-plain-fapi-tolerate-unregistered-redirect-uri,True,FINISHED,PASSED,PASSED,"{""client_auth_type"":""mtls"",""fapi_profile"":""plain_fapi"",""fapi_request_method"":""unsigned"",""fapi_response_mode"":""plain_response"",""openid"":""openid_connect"",""sender_constrain"":""mtls""}"
fapi-security-code-p020,KW9j0nzpllzV8,PNDpjnbqYuT61yK,fapi2-security-profile-final-ensure-unsigned-authorization-request-without-using-par-fails,True,FINISHED,PASSED,PASSED,"{""client_auth_type"":""mtls"",""fapi_profile"":""plain_fapi"",""fapi_request_method"":""unsigned"",""fapi_response_mode"":""plain_response"",""openid"":""openid_connect"",""sender_constrain"":""mtls""}"
fapi-security-code-p020,KW9j0nzpllzV8,tbfUWnhibHSCkBT,fapi2-security-profile-final-ensure-redirect-uri-in-authorization-request,True,FINISHED,PASSED,PASSED,"{""client_auth_type"":""mtls"",""fapi_profile"":""plain_fapi"",""fapi_request_method"":""unsigned"",""fapi_response_mode"":""plain_response"",""openid"":""openid_connect"",""sender_constrain"":""mtls""}"
fapi-security-code-p020,KW9j0nzpllzV8,ekoAi58OgmCEBx6,fapi2-security-profile-final-ensure-response-type-code-idtoken-fails,True,FINISHED,PASSED,PASSED,"{""client_auth_type"":""mtls"",""fapi_profile"":""plain_fapi"",""fapi_request_method"":""unsigned"",""fapi_response_mode"":""plain_response"",""openid"":""openid_connect"",""sender_constrain"":""mtls""}"
fapi-security-code-p020,KW9j0nzpllzV8,LlEylOcEIX75kWQ,fapi2-security-profile-final-ensure-response-type-token-fails,True,FINISHED,PASSED,PASSED,"{""client_auth_type"":""mtls"",""fapi_profile"":""plain_fapi"",""fapi_request_method"":""unsigned"",""fapi_response_mode"":""plain_response"",""openid"":""openid_connect"",""sender_constrain"":""mtls""}"
fapi-security-code-p020,KW9j0nzpllzV8,1OWpp69NguyG9gD,fapi2-security-profile-final-ensure-client-id-in-token-endpoint,True,FINISHED,PASSED,PASSED,"{""client_auth_type"":""mtls"",""fapi_profile"":""plain_fapi"",""fapi_request_method"":""unsigned"",""fapi_response_mode"":""plain_response"",""openid"":""openid_connect"",""sender_constrain"":""mtls""}"
fapi-security-code-p020,KW9j0nzpllzV8,wqFj6ZWwjXCtUMS,fapi2-security-profile-final-ensure-holder-of-key-required,True,FINISHED,PASSED,PASSED,"{""client_auth_type"":""mtls"",""fapi_profile"":""plain_fapi"",""fapi_request_method"":""unsigned"",""fapi_response_mode"":""plain_response"",""openid"":""openid_connect"",""sender_constrain"":""mtls""}"
fapi-security-code-p020,KW9j0nzpllzV8,51vPxphs8I2Uhlv,fapi2-security-profile-final-ensure-authorization-code-is-bound-to-client,True,FINISHED,PASSED,PASSED,"{""client_auth_type"":""mtls"",""fapi_profile"":""plain_fapi"",""fapi_request_method"":""unsigned"",""fapi_response_mode"":""plain_response"",""openid"":""openid_connect"",""sender_constrain"":""mtls""}"
fapi-security-code-p020,KW9j0nzpllzV8,I1of1bwTRpeMhZd,fapi2-security-profile-final-attempt-reuse-authorization-code-after-one-second,True,FINISHED,PASSED,PASSED,"{""client_auth_type"":""mtls"",""fapi_profile"":""plain_fapi"",""fapi_request_method"":""unsigned"",""fapi_response_mode"":""plain_response"",""openid"":""openid_connect"",""sender_constrain"":""mtls""}"
fapi-security-code-p020,KW9j0nzpllzV8,Bp5lAbm61TiJKBO,fapi2-security-profile-final-ensure-token-endpoint-fails-with-expired-auth-code,True,FINISHED,PASSED,PASSED,"{""client_auth_type"":""mtls"",""fapi_profile"":""plain_fapi"",""fapi_request_method"":""unsigned"",""fapi_response_mode"":""plain_response"",""openid"":""openid_connect"",""sender_constrain"":""mtls""}"
fapi-security-code-p020,KW9j0nzpllzV8,EcG1XUh1H5kVSNJ,fapi2-security-profile-final-refresh-token,True,FINISHED,PASSED,PASSED,"{""client_auth_type"":""mtls"",""fapi_profile"":""plain_fapi"",""fapi_request_method"":""unsigned"",""fapi_response_mode"":""plain_response"",""openid"":""openid_connect"",""sender_constrain"":""mtls""}"
fapi-security-code-p020,KW9j0nzpllzV8,CPtrM2rOYlY3t47,fapi2-security-profile-final-par-ensure-reused-request-uri-prior-to-auth-completion-succeeds,True,FINISHED,PASSED,PASSED,"{""client_auth_type"":""mtls"",""fapi_profile"":""plain_fapi"",""fapi_request_method"":""unsigned"",""fapi_response_mode"":""plain_response"",""openid"":""openid_connect"",""sender_constrain"":""mtls""}"
fapi-security-code-p020,KW9j0nzpllzV8,9Vi1SRV6gNRDRzM,fapi2-security-profile-final-par-attempt-reuse-request_uri,True,FINISHED,PASSED,PASSED,"{""client_auth_type"":""mtls"",""fapi_profile"":""plain_fapi"",""fapi_request_method"":""unsigned"",""fapi_response_mode"":""plain_response"",""openid"":""openid_connect"",""sender_constrain"":""mtls""}"
fapi-security-code-p020,KW9j0nzpllzV8,6IogpjGeUDk0bvA,fapi2-security-profile-final-par-attempt-to-use-expired-request_uri,True,FINISHED,PASSED,PASSED,"{""client_auth_type"":""mtls"",""fapi_profile"":""plain_fapi"",""fapi_request_method"":""unsigned"",""fapi_response_mode"":""plain_response"",""openid"":""openid_connect"",""sender_constrain"":""mtls""}"
fapi-security-code-p020,KW9j0nzpllzV8,d0qmXqjI6O6XhKc,fapi2-security-profile-final-par-attempt-to-use-request_uri-for-different-client,True,FINISHED,PASSED,PASSED,"{""client_auth_type"":""mtls"",""fapi_profile"":""plain_fapi"",""fapi_request_method"":""unsigned"",""fapi_response_mode"":""plain_response"",""openid"":""openid_connect"",""sender_constrain"":""mtls""}"
fapi-security-code-p020,KW9j0nzpllzV8,oW1148fKsWKVR0i,fapi2-security-profile-final-par-authorization-request-containing-request_uri-form-param,True,FINISHED,PASSED,PASSED,"{""client_auth_type"":""mtls"",""fapi_profile"":""plain_fapi"",""fapi_request_method"":""unsigned"",""fapi_response_mode"":""plain_response"",""openid"":""openid_connect"",""sender_constrain"":""mtls""}"
fapi-security-code-p020,KW9j0nzpllzV8,pPVgHu7uQodoyNp,fapi2-security-profile-final-par-attempt-invalid-http-method,True,FINISHED,PASSED,PASSED,"{""client_auth_type"":""mtls"",""fapi_profile"":""plain_fapi"",""fapi_request_method"":""unsigned"",""fapi_response_mode"":""plain_response"",""openid"":""openid_connect"",""sender_constrain"":""mtls""}"
fapi-security-code-p020,KW9j0nzpllzV8,UIu61A12iJ6GfJc,fapi2-security-profile-final-par-ensure-pkce-required,True,FINISHED,PASSED,PASSED,"{""client_auth_type"":""mtls"",""fapi_profile"":""plain_fapi"",""fapi_request_method"":""unsigned"",""fapi_response_mode"":""plain_response"",""openid"":""openid_connect"",""sender_constrain"":""mtls""}"
fapi-security-code-p020,KW9j0nzpllzV8,z74cQBwzHQBc18h,fapi2-security-profile-final-ensure-pkce-code-verifier-required,True,FINISHED,PASSED,PASSED,"{""client_auth_type"":""mtls"",""fapi_profile"":""plain_fapi"",""fapi_request_method"":""unsigned"",""fapi_response_mode"":""plain_response"",""openid"":""openid_connect"",""sender_constrain"":""mtls""}"
fapi-security-code-p020,KW9j0nzpllzV8,4RPUUfgUgk1729x,fapi2-security-profile-final-incorrect-pkce-code-verifier-rejected,True,FINISHED,PASSED,PASSED,"{""client_auth_type"":""mtls"",""fapi_profile"":""plain_fapi"",""fapi_request_method"":""unsigned"",""fapi_response_mode"":""plain_response"",""openid"":""openid_connect"",""sender_constrain"":""mtls""}"
fapi-security-code-p020,KW9j0nzpllzV8,ZC1UhQUib7PP5uR,fapi2-security-profile-final-par-plain-pkce-rejected,True,FINISHED,PASSED,PASSED,"{""client_auth_type"":""mtls"",""fapi_profile"":""plain_fapi"",""fapi_request_method"":""unsigned"",""fapi_response_mode"":""plain_response"",""openid"":""openid_connect"",""sender_constrain"":""mtls""}"
fapi-security-code-p020,KW9j0nzpllzV8,6Ha90y70odQFq9K,fapi2-security-profile-final-par-without-duplicate-parameters,True,FINISHED,PASSED,PASSED,"{""client_auth_type"":""mtls"",""fapi_profile"":""plain_fapi"",""fapi_request_method"":""unsigned"",""fapi_response_mode"":""plain_response"",""openid"":""openid_connect"",""sender_constrain"":""mtls""}"
fapi-security-code-p021,VZSSRMSZ041s1,ee7v6BtPohW2Z6s,fapi2-security-profile-final-discovery-end-point-verification,True,FINISHED,PASSED,PASSED,"{""client_auth_type"":""mtls"",""fapi_profile"":""plain_fapi"",""fapi_request_method"":""unsigned"",""fapi_response_mode"":""plain_response"",""openid"":""plain_oauth"",""sender_constrain"":""mtls""}"
fapi-security-code-p021,VZSSRMSZ041s1,DrjOtnqxVRqR05T,fapi2-security-profile-final-happy-flow,True,FINISHED,WARNING,WARNING,"{""client_auth_type"":""mtls"",""fapi_profile"":""plain_fapi"",""fapi_request_method"":""unsigned"",""fapi_response_mode"":""plain_response"",""openid"":""plain_oauth"",""sender_constrain"":""mtls""}"
fapi-security-code-p021,VZSSRMSZ041s1,nRtSHC0YnpMTvVR,fapi2-security-profile-final-user-rejects-authentication,True,FINISHED,PASSED,PASSED,"{""client_auth_type"":""mtls"",""fapi_profile"":""plain_fapi"",""fapi_request_method"":""unsigned"",""fapi_response_mode"":""plain_response"",""openid"":""plain_oauth"",""sender_constrain"":""mtls""}"
fapi-security-code-p021,VZSSRMSZ041s1,Y4FN5sq5EW8zChl,fapi2-security-profile-final-ensure-authorization-request-without-state-success,True,FINISHED,PASSED,PASSED,"{""client_auth_type"":""mtls"",""fapi_profile"":""plain_fapi"",""fapi_request_method"":""unsigned"",""fapi_response_mode"":""plain_response"",""openid"":""plain_oauth"",""sender_constrain"":""mtls""}"
fapi-security-code-p021,VZSSRMSZ041s1,gk64RLhUxdGzNhX,fapi2-security-profile-final-access-token-type-header-case-sensitivity,True,FINISHED,PASSED,PASSED,"{""client_auth_type"":""mtls"",""fapi_profile"":""plain_fapi"",""fapi_request_method"":""unsigned"",""fapi_response_mode"":""plain_response"",""openid"":""plain_oauth"",""sender_constrain"":""mtls""}"
fapi-security-code-p021,VZSSRMSZ041s1,w5pEqUopC24gsea,fapi2-security-profile-final-ensure-different-state-inside-and-outside-request-object,True,FINISHED,PASSED,PASSED,"{""client_auth_type"":""mtls"",""fapi_profile"":""plain_fapi"",""fapi_request_method"":""unsigned"",""fapi_response_mode"":""plain_response"",""openid"":""plain_oauth"",""sender_constrain"":""mtls""}"
fapi-security-code-p021,VZSSRMSZ041s1,orS5jjxfNOvbVZU,fapi2-security-profile-final-ensure-authorization-request-with-long-state,True,FINISHED,PASSED,PASSED,"{""client_auth_type"":""mtls"",""fapi_profile"":""plain_fapi"",""fapi_request_method"":""unsigned"",""fapi_response_mode"":""plain_response"",""openid"":""plain_oauth"",""sender_constrain"":""mtls""}"
fapi-security-code-p021,VZSSRMSZ041s1,w19RltFrB4Kg0PU,fapi2-security-profile-final-state-only-outside-request-object-not-used,True,FINISHED,PASSED,PASSED,"{""client_auth_type"":""mtls"",""fapi_profile"":""plain_fapi"",""fapi_request_method"":""unsigned"",""fapi_response_mode"":""plain_response"",""openid"":""plain_oauth"",""sender_constrain"":""mtls""}"
fapi-security-code-p021,VZSSRMSZ041s1,XWYF5bi2BzGlmTW,fapi2-security-profile-final-ensure-request-object-without-redirect-uri-fails,True,FINISHED,PASSED,PASSED,"{""client_auth_type"":""mtls"",""fapi_profile"":""plain_fapi"",""fapi_request_method"":""unsigned"",""fapi_response_mode"":""plain_response"",""openid"":""plain_oauth"",""sender_constrain"":""mtls""}"
fapi-security-code-p021,VZSSRMSZ041s1,c3S3eAxnWNruyQL,fapi2-security-profile-final-plain-fapi-tolerate-unregistered-redirect-uri,True,FINISHED,PASSED,PASSED,"{""client_auth_type"":""mtls"",""fapi_profile"":""plain_fapi"",""fapi_request_method"":""unsigned"",""fapi_response_mode"":""plain_response"",""openid"":""plain_oauth"",""sender_constrain"":""mtls""}"
fapi-security-code-p021,VZSSRMSZ041s1,jqLhKobFV6sZta8,fapi2-security-profile-final-ensure-unsigned-authorization-request-without-using-par-fails,True,FINISHED,PASSED,PASSED,"{""client_auth_type"":""mtls"",""fapi_profile"":""plain_fapi"",""fapi_request_method"":""unsigned"",""fapi_response_mode"":""plain_response"",""openid"":""plain_oauth"",""sender_constrain"":""mtls""}"
fapi-security-code-p021,VZSSRMSZ041s1,NFWlxJJ7FBOtkpN,fapi2-security-profile-final-ensure-redirect-uri-in-authorization-request,True,FINISHED,PASSED,PASSED,"{""client_auth_type"":""mtls"",""fapi_profile"":""plain_fapi"",""fapi_request_method"":""unsigned"",""fapi_response_mode"":""plain_response"",""openid"":""plain_oauth"",""sender_constrain"":""mtls""}"
fapi-security-code-p021,VZSSRMSZ041s1,qeqX0AKBFPduXLM,fapi2-security-profile-final-ensure-response-type-code-idtoken-fails,True,FINISHED,PASSED,PASSED,"{""client_auth_type"":""mtls"",""fapi_profile"":""plain_fapi"",""fapi_request_method"":""unsigned"",""fapi_response_mode"":""plain_response"",""openid"":""plain_oauth"",""sender_constrain"":""mtls""}"
fapi-security-code-p021,VZSSRMSZ041s1,2VR2pfvMltCaWzB,fapi2-security-profile-final-ensure-response-type-token-fails,True,FINISHED,PASSED,PASSED,"{""client_auth_type"":""mtls"",""fapi_profile"":""plain_fapi"",""fapi_request_method"":""unsigned"",""fapi_response_mode"":""plain_response"",""openid"":""plain_oauth"",""sender_constrain"":""mtls""}"
fapi-security-code-p021,VZSSRMSZ041s1,m50xKEDLInXbL4m,fapi2-security-profile-final-ensure-client-id-in-token-endpoint,True,FINISHED,PASSED,PASSED,"{""client_auth_type"":""mtls"",""fapi_profile"":""plain_fapi"",""fapi_request_method"":""unsigned"",""fapi_response_mode"":""plain_response"",""openid"":""plain_oauth"",""sender_constrain"":""mtls""}"
fapi-security-code-p021,VZSSRMSZ041s1,bl2Rj65F84FmvcD,fapi2-security-profile-final-ensure-holder-of-key-required,True,FINISHED,PASSED,PASSED,"{""client_auth_type"":""mtls"",""fapi_profile"":""plain_fapi"",""fapi_request_method"":""unsigned"",""fapi_response_mode"":""plain_response"",""openid"":""plain_oauth"",""sender_constrain"":""mtls""}"
fapi-security-code-p021,VZSSRMSZ041s1,EcJ59aW77ox5ASv,fapi2-security-profile-final-ensure-authorization-code-is-bound-to-client,True,FINISHED,PASSED,PASSED,"{""client_auth_type"":""mtls"",""fapi_profile"":""plain_fapi"",""fapi_request_method"":""unsigned"",""fapi_response_mode"":""plain_response"",""openid"":""plain_oauth"",""sender_constrain"":""mtls""}"
fapi-security-code-p021,VZSSRMSZ041s1,jTKSfxtyYWyTJT9,fapi2-security-profile-final-attempt-reuse-authorization-code-after-one-second,True,FINISHED,PASSED,PASSED,"{""client_auth_type"":""mtls"",""fapi_profile"":""plain_fapi"",""fapi_request_method"":""unsigned"",""fapi_response_mode"":""plain_response"",""openid"":""plain_oauth"",""sender_constrain"":""mtls""}"
fapi-security-code-p021,VZSSRMSZ041s1,hRj8bw4iCuh94ZI,fapi2-security-profile-final-ensure-token-endpoint-fails-with-expired-auth-code,True,FINISHED,PASSED,PASSED,"{""client_auth_type"":""mtls"",""fapi_profile"":""plain_fapi"",""fapi_request_method"":""unsigned"",""fapi_response_mode"":""plain_response"",""openid"":""plain_oauth"",""sender_constrain"":""mtls""}"
fapi-security-code-p021,VZSSRMSZ041s1,svzjuEvjvrBE159,fapi2-security-profile-final-refresh-token,True,FINISHED,PASSED,PASSED,"{""client_auth_type"":""mtls"",""fapi_profile"":""plain_fapi"",""fapi_request_method"":""unsigned"",""fapi_response_mode"":""plain_response"",""openid"":""plain_oauth"",""sender_constrain"":""mtls""}"
fapi-security-code-p021,VZSSRMSZ041s1,V1eHDHZLSTADrS0,fapi2-security-profile-final-par-ensure-reused-request-uri-prior-to-auth-completion-succeeds,True,FINISHED,PASSED,PASSED,"{""client_auth_type"":""mtls"",""fapi_profile"":""plain_fapi"",""fapi_request_method"":""unsigned"",""fapi_response_mode"":""plain_response"",""openid"":""plain_oauth"",""sender_constrain"":""mtls""}"
fapi-security-code-p021,VZSSRMSZ041s1,n34X3Hz3v7oWOHW,fapi2-security-profile-final-par-attempt-reuse-request_uri,True,FINISHED,PASSED,PASSED,"{""client_auth_type"":""mtls"",""fapi_profile"":""plain_fapi"",""fapi_request_method"":""unsigned"",""fapi_response_mode"":""plain_response"",""openid"":""plain_oauth"",""sender_constrain"":""mtls""}"
fapi-security-code-p021,VZSSRMSZ041s1,VDGTOJPIHjb4dcQ,fapi2-security-profile-final-par-attempt-to-use-expired-request_uri,True,FINISHED,PASSED,PASSED,"{""client_auth_type"":""mtls"",""fapi_profile"":""plain_fapi"",""fapi_request_method"":""unsigned"",""fapi_response_mode"":""plain_response"",""openid"":""plain_oauth"",""sender_constrain"":""mtls""}"
fapi-security-code-p021,VZSSRMSZ041s1,MZGDYB85PmAIK4g,fapi2-security-profile-final-par-attempt-to-use-request_uri-for-different-client,True,FINISHED,PASSED,PASSED,"{""client_auth_type"":""mtls"",""fapi_profile"":""plain_fapi"",""fapi_request_method"":""unsigned"",""fapi_response_mode"":""plain_response"",""openid"":""plain_oauth"",""sender_constrain"":""mtls""}"
fapi-security-code-p021,VZSSRMSZ041s1,AD52N0gKnOAmJtS,fapi2-security-profile-final-par-authorization-request-containing-request_uri-form-param,True,FINISHED,PASSED,PASSED,"{""client_auth_type"":""mtls"",""fapi_profile"":""plain_fapi"",""fapi_request_method"":""unsigned"",""fapi_response_mode"":""plain_response"",""openid"":""plain_oauth"",""sender_constrain"":""mtls""}"
fapi-security-code-p021,VZSSRMSZ041s1,LvECk26MZfJrIrk,fapi2-security-profile-final-par-attempt-invalid-http-method,True,FINISHED,PASSED,PASSED,"{""client_auth_type"":""mtls"",""fapi_profile"":""plain_fapi"",""fapi_request_method"":""unsigned"",""fapi_response_mode"":""plain_response"",""openid"":""plain_oauth"",""sender_constrain"":""mtls""}"
fapi-security-code-p021,VZSSRMSZ041s1,h1SODl0RP4PCjlo,fapi2-security-profile-final-par-ensure-pkce-required,True,FINISHED,PASSED,PASSED,"{""client_auth_type"":""mtls"",""fapi_profile"":""plain_fapi"",""fapi_request_method"":""unsigned"",""fapi_response_mode"":""plain_response"",""openid"":""plain_oauth"",""sender_constrain"":""mtls""}"
fapi-security-code-p021,VZSSRMSZ041s1,paJZk3U3vezwDCy,fapi2-security-profile-final-ensure-pkce-code-verifier-required,True,FINISHED,PASSED,PASSED,"{""client_auth_type"":""mtls"",""fapi_profile"":""plain_fapi"",""fapi_request_method"":""unsigned"",""fapi_response_mode"":""plain_response"",""openid"":""plain_oauth"",""sender_constrain"":""mtls""}"
fapi-security-code-p021,VZSSRMSZ041s1,ezqN3SzhxceV4KL,fapi2-security-profile-final-incorrect-pkce-code-verifier-rejected,True,FINISHED,PASSED,PASSED,"{""client_auth_type"":""mtls"",""fapi_profile"":""plain_fapi"",""fapi_request_method"":""unsigned"",""fapi_response_mode"":""plain_response"",""openid"":""plain_oauth"",""sender_constrain"":""mtls""}"
fapi-security-code-p021,VZSSRMSZ041s1,mDggYQHA82P8fkS,fapi2-security-profile-final-par-plain-pkce-rejected,True,FINISHED,PASSED,PASSED,"{""client_auth_type"":""mtls"",""fapi_profile"":""plain_fapi"",""fapi_request_method"":""unsigned"",""fapi_response_mode"":""plain_response"",""openid"":""plain_oauth"",""sender_constrain"":""mtls""}"
fapi-security-code-p021,VZSSRMSZ041s1,Xc0JVLpB53EBjcj,fapi2-security-profile-final-par-without-duplicate-parameters,True,FINISHED,PASSED,PASSED,"{""client_auth_type"":""mtls"",""fapi_profile"":""plain_fapi"",""fapi_request_method"":""unsigned"",""fapi_response_mode"":""plain_response"",""openid"":""plain_oauth"",""sender_constrain"":""mtls""}"
fapi-message-p022,DLi85erYi1SO9,isVG7xJpgZpVWmB,fapi2-security-profile-final-discovery-end-point-verification,True,FINISHED,PASSED,PASSED,"{""client_auth_type"":""private_key_jwt"",""fapi_profile"":""plain_fapi"",""fapi_request_method"":""signed_non_repudiation"",""fapi_response_mode"":""plain_response"",""openid"":""openid_connect"",""sender_constrain"":""dpop""}"
fapi-message-p022,DLi85erYi1SO9,aEXs3Hq5vyyvgmJ,fapi2-security-profile-final-happy-flow,True,FINISHED,PASSED,PASSED,"{""client_auth_type"":""private_key_jwt"",""fapi_profile"":""plain_fapi"",""fapi_request_method"":""signed_non_repudiation"",""fapi_response_mode"":""plain_response"",""openid"":""openid_connect"",""sender_constrain"":""dpop""}"
fapi-message-p022,DLi85erYi1SO9,vW8ENaG1HZ2eQD0,fapi2-security-profile-final-user-rejects-authentication,True,FINISHED,PASSED,PASSED,"{""client_auth_type"":""private_key_jwt"",""fapi_profile"":""plain_fapi"",""fapi_request_method"":""signed_non_repudiation"",""fapi_response_mode"":""plain_response"",""openid"":""openid_connect"",""sender_constrain"":""dpop""}"
fapi-message-p022,DLi85erYi1SO9,3DUDOo3hQz7pW4S,fapi2-security-profile-final-ensure-request-object-with-multiple-aud-succeeds,True,FINISHED,PASSED,PASSED,"{""client_auth_type"":""private_key_jwt"",""fapi_profile"":""plain_fapi"",""fapi_request_method"":""signed_non_repudiation"",""fapi_response_mode"":""plain_response"",""openid"":""openid_connect"",""sender_constrain"":""dpop""}"
fapi-message-p022,DLi85erYi1SO9,CxMSGbzZTdmfOU2,fapi2-security-profile-final-ensure-authorization-request-without-state-success,True,FINISHED,PASSED,PASSED,"{""client_auth_type"":""private_key_jwt"",""fapi_profile"":""plain_fapi"",""fapi_request_method"":""signed_non_repudiation"",""fapi_response_mode"":""plain_response"",""openid"":""openid_connect"",""sender_constrain"":""dpop""}"
fapi-message-p022,DLi85erYi1SO9,4CWKF5naqIkL4BM,fapi2-security-profile-final-ensure-authorization-request-without-nonce-success,True,FINISHED,PASSED,PASSED,"{""client_auth_type"":""private_key_jwt"",""fapi_profile"":""plain_fapi"",""fapi_request_method"":""signed_non_repudiation"",""fapi_response_mode"":""plain_response"",""openid"":""openid_connect"",""sender_constrain"":""dpop""}"
fapi-message-p022,DLi85erYi1SO9,G9F1IdboOArQU8a,fapi2-security-profile-final-ensure-authorization-request-with-64-char-nonce-success,True,FINISHED,PASSED,PASSED,"{""client_auth_type"":""private_key_jwt"",""fapi_profile"":""plain_fapi"",""fapi_request_method"":""signed_non_repudiation"",""fapi_response_mode"":""plain_response"",""openid"":""openid_connect"",""sender_constrain"":""dpop""}"
fapi-message-p022,DLi85erYi1SO9,bvuUBRFFkDFn3WA,fapi2-security-profile-final-ensure-other-scope-order-succeeds,True,FINISHED,PASSED,PASSED,"{""client_auth_type"":""private_key_jwt"",""fapi_profile"":""plain_fapi"",""fapi_request_method"":""signed_non_repudiation"",""fapi_response_mode"":""plain_response"",""openid"":""openid_connect"",""sender_constrain"":""dpop""}"
fapi-message-p022,DLi85erYi1SO9,9fFCcutwteNwyxQ,fapi2-security-profile-final-test-claims-parameter-identity-claims,True,FINISHED,PASSED,PASSED,"{""client_auth_type"":""private_key_jwt"",""fapi_profile"":""plain_fapi"",""fapi_request_method"":""signed_non_repudiation"",""fapi_response_mode"":""plain_response"",""openid"":""openid_connect"",""sender_constrain"":""dpop""}"
fapi-message-p022,DLi85erYi1SO9,Ew0PlDD8pqBs1wl,fapi2-security-profile-final-access-token-type-header-case-sensitivity,True,FINISHED,PASSED,PASSED,"{""client_auth_type"":""private_key_jwt"",""fapi_profile"":""plain_fapi"",""fapi_request_method"":""signed_non_repudiation"",""fapi_response_mode"":""plain_response"",""openid"":""openid_connect"",""sender_constrain"":""dpop""}"
fapi-message-p022,DLi85erYi1SO9,WqdpGP5cp9wYLl9,fapi2-security-profile-final-ensure-request-object-with-nbf-8-seconds-in-the-future-is-accepted,True,FINISHED,PASSED,PASSED,"{""client_auth_type"":""private_key_jwt"",""fapi_profile"":""plain_fapi"",""fapi_request_method"":""signed_non_repudiation"",""fapi_response_mode"":""plain_response"",""openid"":""openid_connect"",""sender_constrain"":""dpop""}"
fapi-message-p022,DLi85erYi1SO9,HDbdBFxCsjT9M8V,fapi2-security-profile-final-check-dpop-proof-nbf-exp,True,FINISHED,PASSED,PASSED,"{""client_auth_type"":""private_key_jwt"",""fapi_profile"":""plain_fapi"",""fapi_request_method"":""signed_non_repudiation"",""fapi_response_mode"":""plain_response"",""openid"":""openid_connect"",""sender_constrain"":""dpop""}"
fapi-message-p022,DLi85erYi1SO9,i4ePzyUeJ6pBtjc,fapi2-security-profile-final-ensure-dpopproof-with-iat-10seconds-before-succeeds,True,FINISHED,PASSED,PASSED,"{""client_auth_type"":""private_key_jwt"",""fapi_profile"":""plain_fapi"",""fapi_request_method"":""signed_non_repudiation"",""fapi_response_mode"":""plain_response"",""openid"":""openid_connect"",""sender_constrain"":""dpop""}"
fapi-message-p022,DLi85erYi1SO9,BvkHEgBaTQXiyZT,fapi2-security-profile-final-ensure-dpopproof-with-iat-10seconds-after-succeeds,True,FINISHED,PASSED,PASSED,"{""client_auth_type"":""private_key_jwt"",""fapi_profile"":""plain_fapi"",""fapi_request_method"":""signed_non_repudiation"",""fapi_response_mode"":""plain_response"",""openid"":""openid_connect"",""sender_constrain"":""dpop""}"
fapi-message-p022,DLi85erYi1SO9,RRb1yac4uwbapRc,fapi2-security-profile-final-ensure-mismatched-dpop-jkt-fails,True,FINISHED,PASSED,PASSED,"{""client_auth_type"":""private_key_jwt"",""fapi_profile"":""plain_fapi"",""fapi_request_method"":""signed_non_repudiation"",""fapi_response_mode"":""plain_response"",""openid"":""openid_connect"",""sender_constrain"":""dpop""}"
fapi-message-p022,DLi85erYi1SO9,CzLlBdyPITl1as6,fapi2-security-profile-final-ensure-token-endpoint-fails-with-mismatched-dpop-proof-jkt,True,FINISHED,PASSED,PASSED,"{""client_auth_type"":""private_key_jwt"",""fapi_profile"":""plain_fapi"",""fapi_request_method"":""signed_non_repudiation"",""fapi_response_mode"":""plain_response"",""openid"":""openid_connect"",""sender_constrain"":""dpop""}"
fapi-message-p022,DLi85erYi1SO9,Y1H6MpfI69Vw7YV,fapi2-security-profile-final-ensure-token-endpoint-fails-with-mismatched-dpop-jkt,True,FINISHED,PASSED,PASSED,"{""client_auth_type"":""private_key_jwt"",""fapi_profile"":""plain_fapi"",""fapi_request_method"":""signed_non_repudiation"",""fapi_response_mode"":""plain_response"",""openid"":""openid_connect"",""sender_constrain"":""dpop""}"
fapi-message-p022,DLi85erYi1SO9,H0SQNhlwz6pYw0f,fapi2-security-profile-final-ensure-dpopproof-at-par-endpoint-binding-success,True,FINISHED,PASSED,PASSED,"{""client_auth_type"":""private_key_jwt"",""fapi_profile"":""plain_fapi"",""fapi_request_method"":""signed_non_repudiation"",""fapi_response_mode"":""plain_response"",""openid"":""openid_connect"",""sender_constrain"":""dpop""}"
fapi-message-p022,DLi85erYi1SO9,Vtx7rg7drCYGXBx,fapi2-security-profile-final-ensure-dpop-auth-code-binding-success,True,FINISHED,PASSED,PASSED,"{""client_auth_type"":""private_key_jwt"",""fapi_profile"":""plain_fapi"",""fapi_request_method"":""signed_non_repudiation"",""fapi_response_mode"":""plain_response"",""openid"":""openid_connect"",""sender_constrain"":""dpop""}"
fapi-message-p022,DLi85erYi1SO9,nfbiYs8rLpCk7n0,fapi2-security-profile-final-ensure-different-nonce-inside-and-outside-request-object,True,FINISHED,PASSED,PASSED,"{""client_auth_type"":""private_key_jwt"",""fapi_profile"":""plain_fapi"",""fapi_request_method"":""signed_non_repudiation"",""fapi_response_mode"":""plain_response"",""openid"":""openid_connect"",""sender_constrain"":""dpop""}"
fapi-message-p022,DLi85erYi1SO9,QtFC6xu46F3qimp,fapi2-security-profile-final-ensure-different-state-inside-and-outside-request-object,True,FINISHED,PASSED,PASSED,"{""client_auth_type"":""private_key_jwt"",""fapi_profile"":""plain_fapi"",""fapi_request_method"":""signed_non_repudiation"",""fapi_response_mode"":""plain_response"",""openid"":""openid_connect"",""sender_constrain"":""dpop""}"
fapi-message-p022,DLi85erYi1SO9,VK2Ctes9UxhjFYf,fapi2-security-profile-final-ensure-authorization-request-with-long-nonce,True,FINISHED,PASSED,PASSED,"{""client_auth_type"":""private_key_jwt"",""fapi_profile"":""plain_fapi"",""fapi_request_method"":""signed_non_repudiation"",""fapi_response_mode"":""plain_response"",""openid"":""openid_connect"",""sender_constrain"":""dpop""}"
fapi-message-p022,DLi85erYi1SO9,DVyJlwtb4vtsPPC,fapi2-security-profile-final-ensure-authorization-request-with-long-state,True,FINISHED,PASSED,PASSED,"{""client_auth_type"":""private_key_jwt"",""fapi_profile"":""plain_fapi"",""fapi_request_method"":""signed_non_repudiation"",""fapi_response_mode"":""plain_response"",""openid"":""openid_connect"",""sender_constrain"":""dpop""}"
fapi-message-p022,DLi85erYi1SO9,Erld8GKCaTe0In3,fapi2-security-profile-final-ensure-request-object-without-exp-fails,True,FINISHED,PASSED,PASSED,"{""client_auth_type"":""private_key_jwt"",""fapi_profile"":""plain_fapi"",""fapi_request_method"":""signed_non_repudiation"",""fapi_response_mode"":""plain_response"",""openid"":""openid_connect"",""sender_constrain"":""dpop""}"
fapi-message-p022,DLi85erYi1SO9,qWa3byCdFFGhXFh,fapi2-security-profile-final-ensure-request-object-without-nbf-fails,True,FINISHED,PASSED,PASSED,"{""client_auth_type"":""private_key_jwt"",""fapi_profile"":""plain_fapi"",""fapi_request_method"":""signed_non_repudiation"",""fapi_response_mode"":""plain_response"",""openid"":""openid_connect"",""sender_constrain"":""dpop""}"
fapi-message-p022,DLi85erYi1SO9,6uNjIqGQ2cKA7wf,fapi2-security-profile-final-state-only-outside-request-object-not-used,True,FINISHED,PASSED,PASSED,"{""client_auth_type"":""private_key_jwt"",""fapi_profile"":""plain_fapi"",""fapi_request_method"":""signed_non_repudiation"",""fapi_response_mode"":""plain_response"",""openid"":""openid_connect"",""sender_constrain"":""dpop""}"
fapi-message-p022,DLi85erYi1SO9,OgsE1EhwLecNHQt,fapi2-security-profile-final-ensure-request-object-without-redirect-uri-fails,True,FINISHED,PASSED,PASSED,"{""client_auth_type"":""private_key_jwt"",""fapi_profile"":""plain_fapi"",""fapi_request_method"":""signed_non_repudiation"",""fapi_response_mode"":""plain_response"",""openid"":""openid_connect"",""sender_constrain"":""dpop""}"
fapi-message-p022,DLi85erYi1SO9,tCO3DuH3OS17vlh,fapi2-security-profile-final-ensure-expired-request-object-fails,True,FINISHED,PASSED,PASSED,"{""client_auth_type"":""private_key_jwt"",""fapi_profile"":""plain_fapi"",""fapi_request_method"":""signed_non_repudiation"",""fapi_response_mode"":""plain_response"",""openid"":""openid_connect"",""sender_constrain"":""dpop""}"
fapi-message-p022,DLi85erYi1SO9,swYZ1aMgtTHwrOg,fapi2-security-profile-final-ensure-request-object-with-bad-aud-fails,True,FINISHED,PASSED,PASSED,"{""client_auth_type"":""private_key_jwt"",""fapi_profile"":""plain_fapi"",""fapi_request_method"":""signed_non_repudiation"",""fapi_response_mode"":""plain_response"",""openid"":""openid_connect"",""sender_constrain"":""dpop""}"
fapi-message-p022,DLi85erYi1SO9,Y4t2J8bTZOjeI6I,fapi2-security-profile-final-ensure-request-object-with-exp-over-60-fails,True,FINISHED,PASSED,PASSED,"{""client_auth_type"":""private_key_jwt"",""fapi_profile"":""plain_fapi"",""fapi_request_method"":""signed_non_repudiation"",""fapi_response_mode"":""plain_response"",""openid"":""openid_connect"",""sender_constrain"":""dpop""}"
fapi-message-p022,DLi85erYi1SO9,9afWfMVOmieOc2C,fapi2-security-profile-final-ensure-request-object-with-nbf-over-60-fails,True,FINISHED,PASSED,PASSED,"{""client_auth_type"":""private_key_jwt"",""fapi_profile"":""plain_fapi"",""fapi_request_method"":""signed_non_repudiation"",""fapi_response_mode"":""plain_response"",""openid"":""openid_connect"",""sender_constrain"":""dpop""}"
fapi-message-p022,DLi85erYi1SO9,AGjwrdQ68oKxv9g,fapi2-security-profile-final-ensure-signed-request-object-with-RS256-fails,True,FINISHED,PASSED,PASSED,"{""client_auth_type"":""private_key_jwt"",""fapi_profile"":""plain_fapi"",""fapi_request_method"":""signed_non_repudiation"",""fapi_response_mode"":""plain_response"",""openid"":""openid_connect"",""sender_constrain"":""dpop""}"
fapi-message-p022,DLi85erYi1SO9,V57Qjix7SyW1AlP,fapi2-security-profile-final-ensure-request-object-signature-algorithm-is-not-none,True,FINISHED,PASSED,PASSED,"{""client_auth_type"":""private_key_jwt"",""fapi_profile"":""plain_fapi"",""fapi_request_method"":""signed_non_repudiation"",""fapi_response_mode"":""plain_response"",""openid"":""openid_connect"",""sender_constrain"":""dpop""}"
fapi-message-p022,DLi85erYi1SO9,VK53A48N0of8c5p,fapi2-security-profile-final-ensure-request-object-with-invalid-signature-fails,True,FINISHED,PASSED,PASSED,"{""client_auth_type"":""private_key_jwt"",""fapi_profile"":""plain_fapi"",""fapi_request_method"":""signed_non_repudiation"",""fapi_response_mode"":""plain_response"",""openid"":""openid_connect"",""sender_constrain"":""dpop""}"
fapi-message-p022,DLi85erYi1SO9,xTYscFu0RikfYmF,fapi2-security-profile-final-ensure-matching-key-in-authorization-request,True,FINISHED,PASSED,PASSED,"{""client_auth_type"":""private_key_jwt"",""fapi_profile"":""plain_fapi"",""fapi_request_method"":""signed_non_repudiation"",""fapi_response_mode"":""plain_response"",""openid"":""openid_connect"",""sender_constrain"":""dpop""}"
fapi-message-p022,DLi85erYi1SO9,Q7FJcjYS9Wp0Ik3,fapi2-security-profile-final-ensure-unsigned-request-at-par-endpoint-fails,True,FINISHED,PASSED,PASSED,"{""client_auth_type"":""private_key_jwt"",""fapi_profile"":""plain_fapi"",""fapi_request_method"":""signed_non_repudiation"",""fapi_response_mode"":""plain_response"",""openid"":""openid_connect"",""sender_constrain"":""dpop""}"
fapi-message-p022,DLi85erYi1SO9,WJf0tUeXniCkofm,fapi2-security-profile-final-plain-fapi-tolerate-unregistered-redirect-uri,True,FINISHED,PASSED,PASSED,"{""client_auth_type"":""private_key_jwt"",""fapi_profile"":""plain_fapi"",""fapi_request_method"":""signed_non_repudiation"",""fapi_response_mode"":""plain_response"",""openid"":""openid_connect"",""sender_constrain"":""dpop""}"
fapi-message-p022,DLi85erYi1SO9,cVfgqTMOUaV0jOy,fapi2-security-profile-final-ensure-unsigned-authorization-request-without-using-par-fails,True,FINISHED,PASSED,PASSED,"{""client_auth_type"":""private_key_jwt"",""fapi_profile"":""plain_fapi"",""fapi_request_method"":""signed_non_repudiation"",""fapi_response_mode"":""plain_response"",""openid"":""openid_connect"",""sender_constrain"":""dpop""}"
fapi-message-p022,DLi85erYi1SO9,mi1eueei6UOxX3I,fapi2-security-profile-final-ensure-redirect-uri-in-authorization-request,True,FINISHED,PASSED,PASSED,"{""client_auth_type"":""private_key_jwt"",""fapi_profile"":""plain_fapi"",""fapi_request_method"":""signed_non_repudiation"",""fapi_response_mode"":""plain_response"",""openid"":""openid_connect"",""sender_constrain"":""dpop""}"
fapi-message-p022,DLi85erYi1SO9,J2XDKBUFam6uAI7,fapi2-security-profile-final-ensure-response-type-code-idtoken-fails,True,FINISHED,PASSED,PASSED,"{""client_auth_type"":""private_key_jwt"",""fapi_profile"":""plain_fapi"",""fapi_request_method"":""signed_non_repudiation"",""fapi_response_mode"":""plain_response"",""openid"":""openid_connect"",""sender_constrain"":""dpop""}"
fapi-message-p022,DLi85erYi1SO9,yw4bWg6J1eXwMaN,fapi2-security-profile-final-ensure-response-type-token-fails,True,FINISHED,PASSED,PASSED,"{""client_auth_type"":""private_key_jwt"",""fapi_profile"":""plain_fapi"",""fapi_request_method"":""signed_non_repudiation"",""fapi_response_mode"":""plain_response"",""openid"":""openid_connect"",""sender_constrain"":""dpop""}"
fapi-message-p022,DLi85erYi1SO9,DW454dBox2xsMpx,fapi2-security-profile-final-ensure-client-id-in-token-endpoint,True,FINISHED,PASSED,PASSED,"{""client_auth_type"":""private_key_jwt"",""fapi_profile"":""plain_fapi"",""fapi_request_method"":""signed_non_repudiation"",""fapi_response_mode"":""plain_response"",""openid"":""openid_connect"",""sender_constrain"":""dpop""}"
fapi-message-p022,DLi85erYi1SO9,nKJTKAvs9yb0dB7,fapi2-security-profile-final-ensure-holder-of-key-required,True,FINISHED,PASSED,PASSED,"{""client_auth_type"":""private_key_jwt"",""fapi_profile"":""plain_fapi"",""fapi_request_method"":""signed_non_repudiation"",""fapi_response_mode"":""plain_response"",""openid"":""openid_connect"",""sender_constrain"":""dpop""}"
fapi-message-p022,DLi85erYi1SO9,XHMxpqEziaBl8xh,fapi2-security-profile-final-ensure-authorization-code-is-bound-to-client,True,FINISHED,PASSED,PASSED,"{""client_auth_type"":""private_key_jwt"",""fapi_profile"":""plain_fapi"",""fapi_request_method"":""signed_non_repudiation"",""fapi_response_mode"":""plain_response"",""openid"":""openid_connect"",""sender_constrain"":""dpop""}"
fapi-message-p022,DLi85erYi1SO9,MTVIWXI3eLWj2rg,fapi2-security-profile-final-attempt-reuse-authorization-code-after-one-second,True,FINISHED,PASSED,PASSED,"{""client_auth_type"":""private_key_jwt"",""fapi_profile"":""plain_fapi"",""fapi_request_method"":""signed_non_repudiation"",""fapi_response_mode"":""plain_response"",""openid"":""openid_connect"",""sender_constrain"":""dpop""}"
fapi-message-p022,DLi85erYi1SO9,CDlpB7T344EYviE,fapi2-security-profile-final-ensure-token-endpoint-fails-with-expired-auth-code,True,FINISHED,PASSED,PASSED,"{""client_auth_type"":""private_key_jwt"",""fapi_profile"":""plain_fapi"",""fapi_request_method"":""signed_non_repudiation"",""fapi_response_mode"":""plain_response"",""openid"":""openid_connect"",""sender_constrain"":""dpop""}"
fapi-message-p022,DLi85erYi1SO9,DSlTgLWZPj28fCe,fapi2-security-profile-final-ensure-signed-client-assertion-with-RS256-fails,True,FINISHED,PASSED,PASSED,"{""client_auth_type"":""private_key_jwt"",""fapi_profile"":""plain_fapi"",""fapi_request_method"":""signed_non_repudiation"",""fapi_response_mode"":""plain_response"",""openid"":""openid_connect"",""sender_constrain"":""dpop""}"
fapi-message-p022,DLi85erYi1SO9,li7wcuqXj2pnzV2,fapi2-security-profile-final-ensure-client-assertion-in-token-endpoint,True,FINISHED,PASSED,PASSED,"{""client_auth_type"":""private_key_jwt"",""fapi_profile"":""plain_fapi"",""fapi_request_method"":""signed_non_repudiation"",""fapi_response_mode"":""plain_response"",""openid"":""openid_connect"",""sender_constrain"":""dpop""}"
fapi-message-p022,DLi85erYi1SO9,C0yiXgcw7sNtGTs,fapi2-security-profile-final-ensure-client-assertion-with-exp-is-5-minutes-in-past-fails,True,FINISHED,PASSED,PASSED,"{""client_auth_type"":""private_key_jwt"",""fapi_profile"":""plain_fapi"",""fapi_request_method"":""signed_non_repudiation"",""fapi_response_mode"":""plain_response"",""openid"":""openid_connect"",""sender_constrain"":""dpop""}"
fapi-message-p022,DLi85erYi1SO9,15cUQeh6bmn5AjW,fapi2-security-profile-final-ensure-client-assertion-with-wrong-aud-fails,True,FINISHED,PASSED,PASSED,"{""client_auth_type"":""private_key_jwt"",""fapi_profile"":""plain_fapi"",""fapi_request_method"":""signed_non_repudiation"",""fapi_response_mode"":""plain_response"",""openid"":""openid_connect"",""sender_constrain"":""dpop""}"
fapi-message-p022,DLi85erYi1SO9,iNgQ3DAxuL8C0pV,fapi2-security-profile-final-ensure-client-assertion-with-no-sub-fails,True,FINISHED,PASSED,PASSED,"{""client_auth_type"":""private_key_jwt"",""fapi_profile"":""plain_fapi"",""fapi_request_method"":""signed_non_repudiation"",""fapi_response_mode"":""plain_response"",""openid"":""openid_connect"",""sender_constrain"":""dpop""}"
fapi-message-p022,DLi85erYi1SO9,ezlk4cBuBeFuzDt,fapi2-security-profile-final-ensure-invalid-client-assertions-fail,True,FINISHED,PASSED,PASSED,"{""client_auth_type"":""private_key_jwt"",""fapi_profile"":""plain_fapi"",""fapi_request_method"":""signed_non_repudiation"",""fapi_response_mode"":""plain_response"",""openid"":""openid_connect"",""sender_constrain"":""dpop""}"
fapi-message-p022,DLi85erYi1SO9,vpBhuPeYwi3TyTJ,fapi2-security-profile-final-dpop-negative-tests,True,FINISHED,PASSED,PASSED,"{""client_auth_type"":""private_key_jwt"",""fapi_profile"":""plain_fapi"",""fapi_request_method"":""signed_non_repudiation"",""fapi_response_mode"":""plain_response"",""openid"":""openid_connect"",""sender_constrain"":""dpop""}"
fapi-message-p022,DLi85erYi1SO9,FMzo28VKKuWjZ8Z,fapi2-security-profile-final-refresh-token,True,FINISHED,PASSED,PASSED,"{""client_auth_type"":""private_key_jwt"",""fapi_profile"":""plain_fapi"",""fapi_request_method"":""signed_non_repudiation"",""fapi_response_mode"":""plain_response"",""openid"":""openid_connect"",""sender_constrain"":""dpop""}"
fapi-message-p022,DLi85erYi1SO9,vcNZmPjaAxhno0Y,fapi2-security-profile-final-par-ensure-reused-request-uri-prior-to-auth-completion-succeeds,True,FINISHED,PASSED,PASSED,"{""client_auth_type"":""private_key_jwt"",""fapi_profile"":""plain_fapi"",""fapi_request_method"":""signed_non_repudiation"",""fapi_response_mode"":""plain_response"",""openid"":""openid_connect"",""sender_constrain"":""dpop""}"
fapi-message-p022,DLi85erYi1SO9,5WtuRcNkJpYxgJZ,fapi2-security-profile-final-par-attempt-reuse-request_uri,True,FINISHED,PASSED,PASSED,"{""client_auth_type"":""private_key_jwt"",""fapi_profile"":""plain_fapi"",""fapi_request_method"":""signed_non_repudiation"",""fapi_response_mode"":""plain_response"",""openid"":""openid_connect"",""sender_constrain"":""dpop""}"
fapi-message-p022,DLi85erYi1SO9,493In1FSCRzd1Rg,fapi2-security-profile-final-par-attempt-to-use-expired-request_uri,True,FINISHED,PASSED,PASSED,"{""client_auth_type"":""private_key_jwt"",""fapi_profile"":""plain_fapi"",""fapi_request_method"":""signed_non_repudiation"",""fapi_response_mode"":""plain_response"",""openid"":""openid_connect"",""sender_constrain"":""dpop""}"
fapi-message-p022,DLi85erYi1SO9,UZTomoux89ukFsb,fapi2-security-profile-final-par-attempt-to-use-request_uri-for-different-client,True,FINISHED,PASSED,PASSED,"{""client_auth_type"":""private_key_jwt"",""fapi_profile"":""plain_fapi"",""fapi_request_method"":""signed_non_repudiation"",""fapi_response_mode"":""plain_response"",""openid"":""openid_connect"",""sender_constrain"":""dpop""}"
fapi-message-p022,DLi85erYi1SO9,ICWGa0pMEgbWfgM,fapi2-security-profile-final-par-authorization-request-containing-request_uri-form-param,True,FINISHED,PASSED,PASSED,"{""client_auth_type"":""private_key_jwt"",""fapi_profile"":""plain_fapi"",""fapi_request_method"":""signed_non_repudiation"",""fapi_response_mode"":""plain_response"",""openid"":""openid_connect"",""sender_constrain"":""dpop""}"
fapi-message-p022,DLi85erYi1SO9,mdVybQWkg7mj68N,fapi2-security-profile-final-par-attempt-invalid-http-method,True,FINISHED,PASSED,PASSED,"{""client_auth_type"":""private_key_jwt"",""fapi_profile"":""plain_fapi"",""fapi_request_method"":""signed_non_repudiation"",""fapi_response_mode"":""plain_response"",""openid"":""openid_connect"",""sender_constrain"":""dpop""}"
fapi-message-p022,DLi85erYi1SO9,GpV2SSe0LjbGXVM,fapi2-security-profile-final-par-ensure-pkce-required,True,FINISHED,PASSED,PASSED,"{""client_auth_type"":""private_key_jwt"",""fapi_profile"":""plain_fapi"",""fapi_request_method"":""signed_non_repudiation"",""fapi_response_mode"":""plain_response"",""openid"":""openid_connect"",""sender_constrain"":""dpop""}"
fapi-message-p022,DLi85erYi1SO9,mLn4GPf1w64kR9E,fapi2-security-profile-final-ensure-pkce-code-verifier-required,True,FINISHED,PASSED,PASSED,"{""client_auth_type"":""private_key_jwt"",""fapi_profile"":""plain_fapi"",""fapi_request_method"":""signed_non_repudiation"",""fapi_response_mode"":""plain_response"",""openid"":""openid_connect"",""sender_constrain"":""dpop""}"
fapi-message-p022,DLi85erYi1SO9,960lVe6jQKcfnlH,fapi2-security-profile-final-incorrect-pkce-code-verifier-rejected,True,FINISHED,PASSED,PASSED,"{""client_auth_type"":""private_key_jwt"",""fapi_profile"":""plain_fapi"",""fapi_request_method"":""signed_non_repudiation"",""fapi_response_mode"":""plain_response"",""openid"":""openid_connect"",""sender_constrain"":""dpop""}"
fapi-message-p022,DLi85erYi1SO9,F199hytzb0TJDTV,fapi2-security-profile-final-par-plain-pkce-rejected,True,FINISHED,PASSED,PASSED,"{""client_auth_type"":""private_key_jwt"",""fapi_profile"":""plain_fapi"",""fapi_request_method"":""signed_non_repudiation"",""fapi_response_mode"":""plain_response"",""openid"":""openid_connect"",""sender_constrain"":""dpop""}"
fapi-message-p022,DLi85erYi1SO9,8fW3fkz2TePVtzf,fapi2-security-profile-final-par-authorization-request-containing-request_uri,True,FINISHED,PASSED,PASSED,"{""client_auth_type"":""private_key_jwt"",""fapi_profile"":""plain_fapi"",""fapi_request_method"":""signed_non_repudiation"",""fapi_response_mode"":""plain_response"",""openid"":""openid_connect"",""sender_constrain"":""dpop""}"
fapi-message-p022,DLi85erYi1SO9,Rf2CfJgFAoaPXWb,fapi2-security-profile-final-par-without-duplicate-parameters,True,FINISHED,PASSED,PASSED,"{""client_auth_type"":""private_key_jwt"",""fapi_profile"":""plain_fapi"",""fapi_request_method"":""signed_non_repudiation"",""fapi_response_mode"":""plain_response"",""openid"":""openid_connect"",""sender_constrain"":""dpop""}"
fapi-message-p023,AfsqfKQquVVhT,fYTCZCcIO04ptk2,fapi2-security-profile-final-discovery-end-point-verification,True,FINISHED,PASSED,PASSED,"{""client_auth_type"":""private_key_jwt"",""fapi_profile"":""plain_fapi"",""fapi_request_method"":""signed_non_repudiation"",""fapi_response_mode"":""jarm"",""openid"":""openid_connect"",""sender_constrain"":""dpop""}"
fapi-message-p023,AfsqfKQquVVhT,JOwcl9k7mqw6Mvi,fapi2-security-profile-final-happy-flow,True,FINISHED,PASSED,PASSED,"{""client_auth_type"":""private_key_jwt"",""fapi_profile"":""plain_fapi"",""fapi_request_method"":""signed_non_repudiation"",""fapi_response_mode"":""jarm"",""openid"":""openid_connect"",""sender_constrain"":""dpop""}"
fapi-message-p023,AfsqfKQquVVhT,9jF0ybLSmJkjSB1,fapi2-security-profile-final-user-rejects-authentication,True,FINISHED,PASSED,PASSED,"{""client_auth_type"":""private_key_jwt"",""fapi_profile"":""plain_fapi"",""fapi_request_method"":""signed_non_repudiation"",""fapi_response_mode"":""jarm"",""openid"":""openid_connect"",""sender_constrain"":""dpop""}"
fapi-message-p023,AfsqfKQquVVhT,ZZKYjkeXKA7eO0M,fapi2-security-profile-final-ensure-request-object-with-multiple-aud-succeeds,True,FINISHED,PASSED,PASSED,"{""client_auth_type"":""private_key_jwt"",""fapi_profile"":""plain_fapi"",""fapi_request_method"":""signed_non_repudiation"",""fapi_response_mode"":""jarm"",""openid"":""openid_connect"",""sender_constrain"":""dpop""}"
fapi-message-p023,AfsqfKQquVVhT,r0F1wvg9NPsjKLQ,fapi2-security-profile-final-ensure-authorization-request-without-state-success,True,FINISHED,PASSED,PASSED,"{""client_auth_type"":""private_key_jwt"",""fapi_profile"":""plain_fapi"",""fapi_request_method"":""signed_non_repudiation"",""fapi_response_mode"":""jarm"",""openid"":""openid_connect"",""sender_constrain"":""dpop""}"
fapi-message-p023,AfsqfKQquVVhT,kXaGpkFIE6FK0A9,fapi2-security-profile-final-ensure-authorization-request-without-nonce-success,True,FINISHED,PASSED,PASSED,"{""client_auth_type"":""private_key_jwt"",""fapi_profile"":""plain_fapi"",""fapi_request_method"":""signed_non_repudiation"",""fapi_response_mode"":""jarm"",""openid"":""openid_connect"",""sender_constrain"":""dpop""}"
fapi-message-p023,AfsqfKQquVVhT,rqeB5X18lRxEpHk,fapi2-security-profile-final-ensure-authorization-request-with-64-char-nonce-success,True,FINISHED,PASSED,PASSED,"{""client_auth_type"":""private_key_jwt"",""fapi_profile"":""plain_fapi"",""fapi_request_method"":""signed_non_repudiation"",""fapi_response_mode"":""jarm"",""openid"":""openid_connect"",""sender_constrain"":""dpop""}"
fapi-message-p023,AfsqfKQquVVhT,vboQjcBKg1s5jiv,fapi2-security-profile-final-ensure-other-scope-order-succeeds,True,FINISHED,PASSED,PASSED,"{""client_auth_type"":""private_key_jwt"",""fapi_profile"":""plain_fapi"",""fapi_request_method"":""signed_non_repudiation"",""fapi_response_mode"":""jarm"",""openid"":""openid_connect"",""sender_constrain"":""dpop""}"
fapi-message-p023,AfsqfKQquVVhT,oJvP2qAzsO6bkdc,fapi2-security-profile-final-test-claims-parameter-identity-claims,True,FINISHED,PASSED,PASSED,"{""client_auth_type"":""private_key_jwt"",""fapi_profile"":""plain_fapi"",""fapi_request_method"":""signed_non_repudiation"",""fapi_response_mode"":""jarm"",""openid"":""openid_connect"",""sender_constrain"":""dpop""}"
fapi-message-p023,AfsqfKQquVVhT,cj1L7VG57PRbHfO,fapi2-security-profile-final-access-token-type-header-case-sensitivity,True,FINISHED,PASSED,PASSED,"{""client_auth_type"":""private_key_jwt"",""fapi_profile"":""plain_fapi"",""fapi_request_method"":""signed_non_repudiation"",""fapi_response_mode"":""jarm"",""openid"":""openid_connect"",""sender_constrain"":""dpop""}"
fapi-message-p023,AfsqfKQquVVhT,q48CB9VBVEdeyhE,fapi2-security-profile-final-ensure-request-object-with-nbf-8-seconds-in-the-future-is-accepted,True,FINISHED,PASSED,PASSED,"{""client_auth_type"":""private_key_jwt"",""fapi_profile"":""plain_fapi"",""fapi_request_method"":""signed_non_repudiation"",""fapi_response_mode"":""jarm"",""openid"":""openid_connect"",""sender_constrain"":""dpop""}"
fapi-message-p023,AfsqfKQquVVhT,7pd13BOqBl8Kk2Q,fapi2-security-profile-final-check-dpop-proof-nbf-exp,True,FINISHED,PASSED,PASSED,"{""client_auth_type"":""private_key_jwt"",""fapi_profile"":""plain_fapi"",""fapi_request_method"":""signed_non_repudiation"",""fapi_response_mode"":""jarm"",""openid"":""openid_connect"",""sender_constrain"":""dpop""}"
fapi-message-p023,AfsqfKQquVVhT,9qSXGepgLVjH6M7,fapi2-security-profile-final-ensure-dpopproof-with-iat-10seconds-before-succeeds,True,FINISHED,PASSED,PASSED,"{""client_auth_type"":""private_key_jwt"",""fapi_profile"":""plain_fapi"",""fapi_request_method"":""signed_non_repudiation"",""fapi_response_mode"":""jarm"",""openid"":""openid_connect"",""sender_constrain"":""dpop""}"
fapi-message-p023,AfsqfKQquVVhT,9qQO43iuAefoH2P,fapi2-security-profile-final-ensure-dpopproof-with-iat-10seconds-after-succeeds,True,FINISHED,PASSED,PASSED,"{""client_auth_type"":""private_key_jwt"",""fapi_profile"":""plain_fapi"",""fapi_request_method"":""signed_non_repudiation"",""fapi_response_mode"":""jarm"",""openid"":""openid_connect"",""sender_constrain"":""dpop""}"
fapi-message-p023,AfsqfKQquVVhT,Q5nNjpLBZTC5MAi,fapi2-security-profile-final-ensure-mismatched-dpop-jkt-fails,True,FINISHED,PASSED,PASSED,"{""client_auth_type"":""private_key_jwt"",""fapi_profile"":""plain_fapi"",""fapi_request_method"":""signed_non_repudiation"",""fapi_response_mode"":""jarm"",""openid"":""openid_connect"",""sender_constrain"":""dpop""}"
fapi-message-p023,AfsqfKQquVVhT,gfYFwC6RSFCAnPY,fapi2-security-profile-final-ensure-token-endpoint-fails-with-mismatched-dpop-proof-jkt,True,FINISHED,PASSED,PASSED,"{""client_auth_type"":""private_key_jwt"",""fapi_profile"":""plain_fapi"",""fapi_request_method"":""signed_non_repudiation"",""fapi_response_mode"":""jarm"",""openid"":""openid_connect"",""sender_constrain"":""dpop""}"
fapi-message-p023,AfsqfKQquVVhT,8BhsXa3ew3tgrKL,fapi2-security-profile-final-ensure-token-endpoint-fails-with-mismatched-dpop-jkt,True,FINISHED,PASSED,PASSED,"{""client_auth_type"":""private_key_jwt"",""fapi_profile"":""plain_fapi"",""fapi_request_method"":""signed_non_repudiation"",""fapi_response_mode"":""jarm"",""openid"":""openid_connect"",""sender_constrain"":""dpop""}"
fapi-message-p023,AfsqfKQquVVhT,mlGlbM4RccU9Lee,fapi2-security-profile-final-ensure-dpopproof-at-par-endpoint-binding-success,True,FINISHED,PASSED,PASSED,"{""client_auth_type"":""private_key_jwt"",""fapi_profile"":""plain_fapi"",""fapi_request_method"":""signed_non_repudiation"",""fapi_response_mode"":""jarm"",""openid"":""openid_connect"",""sender_constrain"":""dpop""}"
fapi-message-p023,AfsqfKQquVVhT,GIuB12BMlOt5Gzu,fapi2-security-profile-final-ensure-dpop-auth-code-binding-success,True,FINISHED,PASSED,PASSED,"{""client_auth_type"":""private_key_jwt"",""fapi_profile"":""plain_fapi"",""fapi_request_method"":""signed_non_repudiation"",""fapi_response_mode"":""jarm"",""openid"":""openid_connect"",""sender_constrain"":""dpop""}"
fapi-message-p023,AfsqfKQquVVhT,INyBuukrKhty9Mx,fapi2-security-profile-final-ensure-different-nonce-inside-and-outside-request-object,True,FINISHED,PASSED,PASSED,"{""client_auth_type"":""private_key_jwt"",""fapi_profile"":""plain_fapi"",""fapi_request_method"":""signed_non_repudiation"",""fapi_response_mode"":""jarm"",""openid"":""openid_connect"",""sender_constrain"":""dpop""}"
fapi-message-p023,AfsqfKQquVVhT,gNKqsJTOxvXbS0Q,fapi2-security-profile-final-ensure-different-state-inside-and-outside-request-object,True,FINISHED,PASSED,PASSED,"{""client_auth_type"":""private_key_jwt"",""fapi_profile"":""plain_fapi"",""fapi_request_method"":""signed_non_repudiation"",""fapi_response_mode"":""jarm"",""openid"":""openid_connect"",""sender_constrain"":""dpop""}"
fapi-message-p023,AfsqfKQquVVhT,zNVxUOiVZdWpLvm,fapi2-security-profile-final-ensure-authorization-request-with-long-nonce,True,FINISHED,PASSED,PASSED,"{""client_auth_type"":""private_key_jwt"",""fapi_profile"":""plain_fapi"",""fapi_request_method"":""signed_non_repudiation"",""fapi_response_mode"":""jarm"",""openid"":""openid_connect"",""sender_constrain"":""dpop""}"
fapi-message-p023,AfsqfKQquVVhT,NxTfMxtVpxin8fR,fapi2-security-profile-final-ensure-authorization-request-with-long-state,True,FINISHED,PASSED,PASSED,"{""client_auth_type"":""private_key_jwt"",""fapi_profile"":""plain_fapi"",""fapi_request_method"":""signed_non_repudiation"",""fapi_response_mode"":""jarm"",""openid"":""openid_connect"",""sender_constrain"":""dpop""}"
fapi-message-p023,AfsqfKQquVVhT,aP9dakhvT8l4u1t,fapi2-security-profile-final-ensure-request-object-without-exp-fails,True,FINISHED,PASSED,PASSED,"{""client_auth_type"":""private_key_jwt"",""fapi_profile"":""plain_fapi"",""fapi_request_method"":""signed_non_repudiation"",""fapi_response_mode"":""jarm"",""openid"":""openid_connect"",""sender_constrain"":""dpop""}"
fapi-message-p023,AfsqfKQquVVhT,bMJJy7jhSvxbMCn,fapi2-security-profile-final-ensure-request-object-without-nbf-fails,True,FINISHED,PASSED,PASSED,"{""client_auth_type"":""private_key_jwt"",""fapi_profile"":""plain_fapi"",""fapi_request_method"":""signed_non_repudiation"",""fapi_response_mode"":""jarm"",""openid"":""openid_connect"",""sender_constrain"":""dpop""}"
fapi-message-p023,AfsqfKQquVVhT,F4owfWENDm5e7Iu,fapi2-security-profile-final-state-only-outside-request-object-not-used,True,FINISHED,PASSED,PASSED,"{""client_auth_type"":""private_key_jwt"",""fapi_profile"":""plain_fapi"",""fapi_request_method"":""signed_non_repudiation"",""fapi_response_mode"":""jarm"",""openid"":""openid_connect"",""sender_constrain"":""dpop""}"
fapi-message-p023,AfsqfKQquVVhT,aULtjGylu0U25hZ,fapi2-security-profile-final-ensure-request-object-without-redirect-uri-fails,True,FINISHED,PASSED,PASSED,"{""client_auth_type"":""private_key_jwt"",""fapi_profile"":""plain_fapi"",""fapi_request_method"":""signed_non_repudiation"",""fapi_response_mode"":""jarm"",""openid"":""openid_connect"",""sender_constrain"":""dpop""}"
fapi-message-p023,AfsqfKQquVVhT,PfOjqEcDBFgUrxZ,fapi2-security-profile-final-ensure-expired-request-object-fails,True,FINISHED,PASSED,PASSED,"{""client_auth_type"":""private_key_jwt"",""fapi_profile"":""plain_fapi"",""fapi_request_method"":""signed_non_repudiation"",""fapi_response_mode"":""jarm"",""openid"":""openid_connect"",""sender_constrain"":""dpop""}"
fapi-message-p023,AfsqfKQquVVhT,Q3zUON9IKJUZSI3,fapi2-security-profile-final-ensure-request-object-with-bad-aud-fails,True,FINISHED,PASSED,PASSED,"{""client_auth_type"":""private_key_jwt"",""fapi_profile"":""plain_fapi"",""fapi_request_method"":""signed_non_repudiation"",""fapi_response_mode"":""jarm"",""openid"":""openid_connect"",""sender_constrain"":""dpop""}"
fapi-message-p023,AfsqfKQquVVhT,fipqdveYD3hpmA1,fapi2-security-profile-final-ensure-request-object-with-exp-over-60-fails,True,FINISHED,PASSED,PASSED,"{""client_auth_type"":""private_key_jwt"",""fapi_profile"":""plain_fapi"",""fapi_request_method"":""signed_non_repudiation"",""fapi_response_mode"":""jarm"",""openid"":""openid_connect"",""sender_constrain"":""dpop""}"
fapi-message-p023,AfsqfKQquVVhT,KDvBS5y0RzvDPJL,fapi2-security-profile-final-ensure-request-object-with-nbf-over-60-fails,True,FINISHED,PASSED,PASSED,"{""client_auth_type"":""private_key_jwt"",""fapi_profile"":""plain_fapi"",""fapi_request_method"":""signed_non_repudiation"",""fapi_response_mode"":""jarm"",""openid"":""openid_connect"",""sender_constrain"":""dpop""}"
fapi-message-p023,AfsqfKQquVVhT,FBidemV8yqMDJvp,fapi2-security-profile-final-ensure-signed-request-object-with-RS256-fails,True,FINISHED,PASSED,PASSED,"{""client_auth_type"":""private_key_jwt"",""fapi_profile"":""plain_fapi"",""fapi_request_method"":""signed_non_repudiation"",""fapi_response_mode"":""jarm"",""openid"":""openid_connect"",""sender_constrain"":""dpop""}"
fapi-message-p023,AfsqfKQquVVhT,lvnkkGnOyL4RLk6,fapi2-security-profile-final-ensure-request-object-signature-algorithm-is-not-none,True,FINISHED,PASSED,PASSED,"{""client_auth_type"":""private_key_jwt"",""fapi_profile"":""plain_fapi"",""fapi_request_method"":""signed_non_repudiation"",""fapi_response_mode"":""jarm"",""openid"":""openid_connect"",""sender_constrain"":""dpop""}"
fapi-message-p023,AfsqfKQquVVhT,ihnDi5qIAiXOwLn,fapi2-security-profile-final-ensure-request-object-with-invalid-signature-fails,True,FINISHED,PASSED,PASSED,"{""client_auth_type"":""private_key_jwt"",""fapi_profile"":""plain_fapi"",""fapi_request_method"":""signed_non_repudiation"",""fapi_response_mode"":""jarm"",""openid"":""openid_connect"",""sender_constrain"":""dpop""}"
fapi-message-p023,AfsqfKQquVVhT,WCr6g6Po48OsR5p,fapi2-security-profile-final-ensure-matching-key-in-authorization-request,True,FINISHED,PASSED,PASSED,"{""client_auth_type"":""private_key_jwt"",""fapi_profile"":""plain_fapi"",""fapi_request_method"":""signed_non_repudiation"",""fapi_response_mode"":""jarm"",""openid"":""openid_connect"",""sender_constrain"":""dpop""}"
fapi-message-p023,AfsqfKQquVVhT,hKFmsLVWkFLNaA5,fapi2-security-profile-final-ensure-unsigned-request-at-par-endpoint-fails,True,FINISHED,PASSED,PASSED,"{""client_auth_type"":""private_key_jwt"",""fapi_profile"":""plain_fapi"",""fapi_request_method"":""signed_non_repudiation"",""fapi_response_mode"":""jarm"",""openid"":""openid_connect"",""sender_constrain"":""dpop""}"
fapi-message-p023,AfsqfKQquVVhT,yXOzSrgcARHgGmr,fapi2-security-profile-final-plain-fapi-tolerate-unregistered-redirect-uri,True,FINISHED,PASSED,PASSED,"{""client_auth_type"":""private_key_jwt"",""fapi_profile"":""plain_fapi"",""fapi_request_method"":""signed_non_repudiation"",""fapi_response_mode"":""jarm"",""openid"":""openid_connect"",""sender_constrain"":""dpop""}"
fapi-message-p023,AfsqfKQquVVhT,nF3gwPl1dnGUE1x,fapi2-security-profile-final-ensure-unsigned-authorization-request-without-using-par-fails,True,FINISHED,PASSED,PASSED,"{""client_auth_type"":""private_key_jwt"",""fapi_profile"":""plain_fapi"",""fapi_request_method"":""signed_non_repudiation"",""fapi_response_mode"":""jarm"",""openid"":""openid_connect"",""sender_constrain"":""dpop""}"
fapi-message-p023,AfsqfKQquVVhT,T48lMCpbGBJWcV5,fapi2-security-profile-final-ensure-redirect-uri-in-authorization-request,True,FINISHED,PASSED,PASSED,"{""client_auth_type"":""private_key_jwt"",""fapi_profile"":""plain_fapi"",""fapi_request_method"":""signed_non_repudiation"",""fapi_response_mode"":""jarm"",""openid"":""openid_connect"",""sender_constrain"":""dpop""}"
fapi-message-p023,AfsqfKQquVVhT,2y3t4jkRXQm00rs,fapi2-security-profile-final-ensure-response-type-code-idtoken-fails,True,FINISHED,PASSED,PASSED,"{""client_auth_type"":""private_key_jwt"",""fapi_profile"":""plain_fapi"",""fapi_request_method"":""signed_non_repudiation"",""fapi_response_mode"":""jarm"",""openid"":""openid_connect"",""sender_constrain"":""dpop""}"
fapi-message-p023,AfsqfKQquVVhT,yqbgZOZiklggJAS,fapi2-security-profile-final-ensure-response-type-token-fails,True,FINISHED,PASSED,PASSED,"{""client_auth_type"":""private_key_jwt"",""fapi_profile"":""plain_fapi"",""fapi_request_method"":""signed_non_repudiation"",""fapi_response_mode"":""jarm"",""openid"":""openid_connect"",""sender_constrain"":""dpop""}"
fapi-message-p023,AfsqfKQquVVhT,MB5GO4LPX4QJfH9,fapi2-security-profile-final-ensure-client-id-in-token-endpoint,True,FINISHED,PASSED,PASSED,"{""client_auth_type"":""private_key_jwt"",""fapi_profile"":""plain_fapi"",""fapi_request_method"":""signed_non_repudiation"",""fapi_response_mode"":""jarm"",""openid"":""openid_connect"",""sender_constrain"":""dpop""}"
fapi-message-p023,AfsqfKQquVVhT,saOtHA33un8kRWz,fapi2-security-profile-final-ensure-holder-of-key-required,True,FINISHED,PASSED,PASSED,"{""client_auth_type"":""private_key_jwt"",""fapi_profile"":""plain_fapi"",""fapi_request_method"":""signed_non_repudiation"",""fapi_response_mode"":""jarm"",""openid"":""openid_connect"",""sender_constrain"":""dpop""}"
fapi-message-p023,AfsqfKQquVVhT,cHnos4qlbDrVsQu,fapi2-security-profile-final-ensure-authorization-code-is-bound-to-client,True,FINISHED,PASSED,PASSED,"{""client_auth_type"":""private_key_jwt"",""fapi_profile"":""plain_fapi"",""fapi_request_method"":""signed_non_repudiation"",""fapi_response_mode"":""jarm"",""openid"":""openid_connect"",""sender_constrain"":""dpop""}"
fapi-message-p023,AfsqfKQquVVhT,B0yIf9vn7fqPZSt,fapi2-security-profile-final-attempt-reuse-authorization-code-after-one-second,True,FINISHED,PASSED,PASSED,"{""client_auth_type"":""private_key_jwt"",""fapi_profile"":""plain_fapi"",""fapi_request_method"":""signed_non_repudiation"",""fapi_response_mode"":""jarm"",""openid"":""openid_connect"",""sender_constrain"":""dpop""}"
fapi-message-p023,AfsqfKQquVVhT,ZauR2wKFkmWvWaD,fapi2-security-profile-final-ensure-token-endpoint-fails-with-expired-auth-code,True,FINISHED,PASSED,PASSED,"{""client_auth_type"":""private_key_jwt"",""fapi_profile"":""plain_fapi"",""fapi_request_method"":""signed_non_repudiation"",""fapi_response_mode"":""jarm"",""openid"":""openid_connect"",""sender_constrain"":""dpop""}"
fapi-message-p023,AfsqfKQquVVhT,tQHRtTUM0oiZsFl,fapi2-security-profile-final-ensure-signed-client-assertion-with-RS256-fails,True,FINISHED,PASSED,PASSED,"{""client_auth_type"":""private_key_jwt"",""fapi_profile"":""plain_fapi"",""fapi_request_method"":""signed_non_repudiation"",""fapi_response_mode"":""jarm"",""openid"":""openid_connect"",""sender_constrain"":""dpop""}"
fapi-message-p023,AfsqfKQquVVhT,ncym5k3boIVausy,fapi2-security-profile-final-ensure-client-assertion-in-token-endpoint,True,FINISHED,PASSED,PASSED,"{""client_auth_type"":""private_key_jwt"",""fapi_profile"":""plain_fapi"",""fapi_request_method"":""signed_non_repudiation"",""fapi_response_mode"":""jarm"",""openid"":""openid_connect"",""sender_constrain"":""dpop""}"
fapi-message-p023,AfsqfKQquVVhT,0nL2GDDbOrDwRcy,fapi2-security-profile-final-ensure-client-assertion-with-exp-is-5-minutes-in-past-fails,True,FINISHED,PASSED,PASSED,"{""client_auth_type"":""private_key_jwt"",""fapi_profile"":""plain_fapi"",""fapi_request_method"":""signed_non_repudiation"",""fapi_response_mode"":""jarm"",""openid"":""openid_connect"",""sender_constrain"":""dpop""}"
fapi-message-p023,AfsqfKQquVVhT,mFjeAc5dQF1hyXG,fapi2-security-profile-final-ensure-client-assertion-with-wrong-aud-fails,True,FINISHED,PASSED,PASSED,"{""client_auth_type"":""private_key_jwt"",""fapi_profile"":""plain_fapi"",""fapi_request_method"":""signed_non_repudiation"",""fapi_response_mode"":""jarm"",""openid"":""openid_connect"",""sender_constrain"":""dpop""}"
fapi-message-p023,AfsqfKQquVVhT,jZmNUKHP1r0gpXN,fapi2-security-profile-final-ensure-client-assertion-with-no-sub-fails,True,FINISHED,PASSED,PASSED,"{""client_auth_type"":""private_key_jwt"",""fapi_profile"":""plain_fapi"",""fapi_request_method"":""signed_non_repudiation"",""fapi_response_mode"":""jarm"",""openid"":""openid_connect"",""sender_constrain"":""dpop""}"
fapi-message-p023,AfsqfKQquVVhT,HJXFEMUGth16Y2x,fapi2-security-profile-final-ensure-invalid-client-assertions-fail,True,FINISHED,PASSED,PASSED,"{""client_auth_type"":""private_key_jwt"",""fapi_profile"":""plain_fapi"",""fapi_request_method"":""signed_non_repudiation"",""fapi_response_mode"":""jarm"",""openid"":""openid_connect"",""sender_constrain"":""dpop""}"
fapi-message-p023,AfsqfKQquVVhT,mlckKkTrIctSESD,fapi2-security-profile-final-dpop-negative-tests,True,FINISHED,PASSED,PASSED,"{""client_auth_type"":""private_key_jwt"",""fapi_profile"":""plain_fapi"",""fapi_request_method"":""signed_non_repudiation"",""fapi_response_mode"":""jarm"",""openid"":""openid_connect"",""sender_constrain"":""dpop""}"
fapi-message-p023,AfsqfKQquVVhT,5WdbH1LYk8oaUW8,fapi2-security-profile-final-refresh-token,True,FINISHED,PASSED,PASSED,"{""client_auth_type"":""private_key_jwt"",""fapi_profile"":""plain_fapi"",""fapi_request_method"":""signed_non_repudiation"",""fapi_response_mode"":""jarm"",""openid"":""openid_connect"",""sender_constrain"":""dpop""}"
fapi-message-p023,AfsqfKQquVVhT,Xq9vYLqHrNllz3k,fapi2-security-profile-final-par-ensure-reused-request-uri-prior-to-auth-completion-succeeds,True,FINISHED,PASSED,PASSED,"{""client_auth_type"":""private_key_jwt"",""fapi_profile"":""plain_fapi"",""fapi_request_method"":""signed_non_repudiation"",""fapi_response_mode"":""jarm"",""openid"":""openid_connect"",""sender_constrain"":""dpop""}"
fapi-message-p023,AfsqfKQquVVhT,SIM1X7sCujq5BWx,fapi2-security-profile-final-par-attempt-reuse-request_uri,True,FINISHED,PASSED,PASSED,"{""client_auth_type"":""private_key_jwt"",""fapi_profile"":""plain_fapi"",""fapi_request_method"":""signed_non_repudiation"",""fapi_response_mode"":""jarm"",""openid"":""openid_connect"",""sender_constrain"":""dpop""}"
fapi-message-p023,AfsqfKQquVVhT,AyzXjiEMMLDkrQR,fapi2-security-profile-final-par-attempt-to-use-expired-request_uri,True,FINISHED,PASSED,PASSED,"{""client_auth_type"":""private_key_jwt"",""fapi_profile"":""plain_fapi"",""fapi_request_method"":""signed_non_repudiation"",""fapi_response_mode"":""jarm"",""openid"":""openid_connect"",""sender_constrain"":""dpop""}"
fapi-message-p023,AfsqfKQquVVhT,trpzwptwTVsfvmI,fapi2-security-profile-final-par-attempt-to-use-request_uri-for-different-client,True,FINISHED,PASSED,PASSED,"{""client_auth_type"":""private_key_jwt"",""fapi_profile"":""plain_fapi"",""fapi_request_method"":""signed_non_repudiation"",""fapi_response_mode"":""jarm"",""openid"":""openid_connect"",""sender_constrain"":""dpop""}"
fapi-message-p023,AfsqfKQquVVhT,JYX4bC2lxk7BCzq,fapi2-security-profile-final-par-authorization-request-containing-request_uri-form-param,True,FINISHED,PASSED,PASSED,"{""client_auth_type"":""private_key_jwt"",""fapi_profile"":""plain_fapi"",""fapi_request_method"":""signed_non_repudiation"",""fapi_response_mode"":""jarm"",""openid"":""openid_connect"",""sender_constrain"":""dpop""}"
fapi-message-p023,AfsqfKQquVVhT,oHeLkTl5vjYdAVk,fapi2-security-profile-final-par-attempt-invalid-http-method,True,FINISHED,PASSED,PASSED,"{""client_auth_type"":""private_key_jwt"",""fapi_profile"":""plain_fapi"",""fapi_request_method"":""signed_non_repudiation"",""fapi_response_mode"":""jarm"",""openid"":""openid_connect"",""sender_constrain"":""dpop""}"
fapi-message-p023,AfsqfKQquVVhT,PuCYetRo6wUbp6U,fapi2-security-profile-final-par-ensure-pkce-required,True,FINISHED,PASSED,PASSED,"{""client_auth_type"":""private_key_jwt"",""fapi_profile"":""plain_fapi"",""fapi_request_method"":""signed_non_repudiation"",""fapi_response_mode"":""jarm"",""openid"":""openid_connect"",""sender_constrain"":""dpop""}"
fapi-message-p023,AfsqfKQquVVhT,hgfnwwInRpFDdlO,fapi2-security-profile-final-ensure-pkce-code-verifier-required,True,FINISHED,PASSED,PASSED,"{""client_auth_type"":""private_key_jwt"",""fapi_profile"":""plain_fapi"",""fapi_request_method"":""signed_non_repudiation"",""fapi_response_mode"":""jarm"",""openid"":""openid_connect"",""sender_constrain"":""dpop""}"
fapi-message-p023,AfsqfKQquVVhT,R2gI4STIDzoxbce,fapi2-security-profile-final-incorrect-pkce-code-verifier-rejected,True,FINISHED,PASSED,PASSED,"{""client_auth_type"":""private_key_jwt"",""fapi_profile"":""plain_fapi"",""fapi_request_method"":""signed_non_repudiation"",""fapi_response_mode"":""jarm"",""openid"":""openid_connect"",""sender_constrain"":""dpop""}"
fapi-message-p023,AfsqfKQquVVhT,ALzitvwLdGDyGEI,fapi2-security-profile-final-par-plain-pkce-rejected,True,FINISHED,PASSED,PASSED,"{""client_auth_type"":""private_key_jwt"",""fapi_profile"":""plain_fapi"",""fapi_request_method"":""signed_non_repudiation"",""fapi_response_mode"":""jarm"",""openid"":""openid_connect"",""sender_constrain"":""dpop""}"
fapi-message-p023,AfsqfKQquVVhT,I6X2j9sQXuxVSRo,fapi2-security-profile-final-par-authorization-request-containing-request_uri,True,FINISHED,PASSED,PASSED,"{""client_auth_type"":""private_key_jwt"",""fapi_profile"":""plain_fapi"",""fapi_request_method"":""signed_non_repudiation"",""fapi_response_mode"":""jarm"",""openid"":""openid_connect"",""sender_constrain"":""dpop""}"
fapi-message-p023,AfsqfKQquVVhT,gpGhQA3gs5x0JHk,fapi2-security-profile-final-par-without-duplicate-parameters,True,FINISHED,PASSED,PASSED,"{""client_auth_type"":""private_key_jwt"",""fapi_profile"":""plain_fapi"",""fapi_request_method"":""signed_non_repudiation"",""fapi_response_mode"":""jarm"",""openid"":""openid_connect"",""sender_constrain"":""dpop""}"
fapi-security-credentials-p024,MtAaJiR2ajsJ8,XS0kIkUrL9giBBu,fapi2-security-profile-final-discovery-end-point-verification,True,FINISHED,PASSED,PASSED,"{""client_auth_type"":""private_key_jwt"",""fapi_profile"":""fapi_client_credentials_grant"",""fapi_request_method"":""unsigned"",""fapi_response_mode"":""plain_response"",""openid"":""plain_oauth"",""sender_constrain"":""dpop""}"
fapi-security-credentials-p024,MtAaJiR2ajsJ8,yEONaGAigd687Ir,fapi2-security-profile-final-happy-flow,True,FINISHED,WARNING,WARNING,"{""client_auth_type"":""private_key_jwt"",""fapi_profile"":""fapi_client_credentials_grant"",""fapi_request_method"":""unsigned"",""fapi_response_mode"":""plain_response"",""openid"":""plain_oauth"",""sender_constrain"":""dpop""}"
fapi-security-credentials-p024,MtAaJiR2ajsJ8,nj75EEHg1bts1vP,fapi2-security-profile-final-access-token-type-header-case-sensitivity,True,FINISHED,PASSED,PASSED,"{""client_auth_type"":""private_key_jwt"",""fapi_profile"":""fapi_client_credentials_grant"",""fapi_request_method"":""unsigned"",""fapi_response_mode"":""plain_response"",""openid"":""plain_oauth"",""sender_constrain"":""dpop""}"
fapi-security-credentials-p024,MtAaJiR2ajsJ8,HSsx8fdd9T33vzX,fapi2-security-profile-final-check-dpop-proof-nbf-exp,True,FINISHED,PASSED,PASSED,"{""client_auth_type"":""private_key_jwt"",""fapi_profile"":""fapi_client_credentials_grant"",""fapi_request_method"":""unsigned"",""fapi_response_mode"":""plain_response"",""openid"":""plain_oauth"",""sender_constrain"":""dpop""}"
fapi-security-credentials-p024,MtAaJiR2ajsJ8,0JThYPJ8Gnw1lTM,fapi2-security-profile-final-ensure-dpopproof-with-iat-10seconds-before-succeeds,True,FINISHED,PASSED,PASSED,"{""client_auth_type"":""private_key_jwt"",""fapi_profile"":""fapi_client_credentials_grant"",""fapi_request_method"":""unsigned"",""fapi_response_mode"":""plain_response"",""openid"":""plain_oauth"",""sender_constrain"":""dpop""}"
fapi-security-credentials-p024,MtAaJiR2ajsJ8,atYHrCwRWIhG8fQ,fapi2-security-profile-final-ensure-dpopproof-with-iat-10seconds-after-succeeds,True,FINISHED,PASSED,PASSED,"{""client_auth_type"":""private_key_jwt"",""fapi_profile"":""fapi_client_credentials_grant"",""fapi_request_method"":""unsigned"",""fapi_response_mode"":""plain_response"",""openid"":""plain_oauth"",""sender_constrain"":""dpop""}"
fapi-security-credentials-p024,MtAaJiR2ajsJ8,TlxKljFXeE50zmb,fapi2-security-profile-final-ensure-client-id-in-token-endpoint,True,FINISHED,PASSED,PASSED,"{""client_auth_type"":""private_key_jwt"",""fapi_profile"":""fapi_client_credentials_grant"",""fapi_request_method"":""unsigned"",""fapi_response_mode"":""plain_response"",""openid"":""plain_oauth"",""sender_constrain"":""dpop""}"
fapi-security-credentials-p024,MtAaJiR2ajsJ8,99jycST5OksYVAg,fapi2-security-profile-final-ensure-holder-of-key-required,True,FINISHED,PASSED,PASSED,"{""client_auth_type"":""private_key_jwt"",""fapi_profile"":""fapi_client_credentials_grant"",""fapi_request_method"":""unsigned"",""fapi_response_mode"":""plain_response"",""openid"":""plain_oauth"",""sender_constrain"":""dpop""}"
fapi-security-credentials-p024,MtAaJiR2ajsJ8,PWyW8rkiIxPR2Pa,fapi2-security-profile-final-ensure-signed-client-assertion-with-RS256-fails,True,FINISHED,PASSED,PASSED,"{""client_auth_type"":""private_key_jwt"",""fapi_profile"":""fapi_client_credentials_grant"",""fapi_request_method"":""unsigned"",""fapi_response_mode"":""plain_response"",""openid"":""plain_oauth"",""sender_constrain"":""dpop""}"
fapi-security-credentials-p024,MtAaJiR2ajsJ8,VBlxB5ynHivVYPs,fapi2-security-profile-final-ensure-client-assertion-in-token-endpoint,True,FINISHED,PASSED,PASSED,"{""client_auth_type"":""private_key_jwt"",""fapi_profile"":""fapi_client_credentials_grant"",""fapi_request_method"":""unsigned"",""fapi_response_mode"":""plain_response"",""openid"":""plain_oauth"",""sender_constrain"":""dpop""}"
fapi-security-credentials-p024,MtAaJiR2ajsJ8,gpRIMKlbKGamNd9,fapi2-security-profile-final-ensure-client-assertion-with-exp-is-5-minutes-in-past-fails,True,FINISHED,PASSED,PASSED,"{""client_auth_type"":""private_key_jwt"",""fapi_profile"":""fapi_client_credentials_grant"",""fapi_request_method"":""unsigned"",""fapi_response_mode"":""plain_response"",""openid"":""plain_oauth"",""sender_constrain"":""dpop""}"
fapi-security-credentials-p024,MtAaJiR2ajsJ8,IconAja7XZ079pD,fapi2-security-profile-final-ensure-client-assertion-with-wrong-aud-fails,True,FINISHED,PASSED,PASSED,"{""client_auth_type"":""private_key_jwt"",""fapi_profile"":""fapi_client_credentials_grant"",""fapi_request_method"":""unsigned"",""fapi_response_mode"":""plain_response"",""openid"":""plain_oauth"",""sender_constrain"":""dpop""}"
fapi-security-credentials-p024,MtAaJiR2ajsJ8,05TNy2gh9Hd64et,fapi2-security-profile-final-ensure-client-assertion-with-no-sub-fails,True,FINISHED,PASSED,PASSED,"{""client_auth_type"":""private_key_jwt"",""fapi_profile"":""fapi_client_credentials_grant"",""fapi_request_method"":""unsigned"",""fapi_response_mode"":""plain_response"",""openid"":""plain_oauth"",""sender_constrain"":""dpop""}"
fapi-security-credentials-p024,MtAaJiR2ajsJ8,XJ1rsIxZI2QtyUf,fapi2-security-profile-final-ensure-invalid-client-assertions-fail,True,FINISHED,PASSED,PASSED,"{""client_auth_type"":""private_key_jwt"",""fapi_profile"":""fapi_client_credentials_grant"",""fapi_request_method"":""unsigned"",""fapi_response_mode"":""plain_response"",""openid"":""plain_oauth"",""sender_constrain"":""dpop""}"
fapi-security-credentials-p024,MtAaJiR2ajsJ8,oHcFSRk0ePREwd2,fapi2-security-profile-final-dpop-negative-tests,True,FINISHED,PASSED,PASSED,"{""client_auth_type"":""private_key_jwt"",""fapi_profile"":""fapi_client_credentials_grant"",""fapi_request_method"":""unsigned"",""fapi_response_mode"":""plain_response"",""openid"":""plain_oauth"",""sender_constrain"":""dpop""}"
fapi-security-credentials-p025,ibMcBAipQ44K6,AZklcApLkEbZdhL,fapi2-security-profile-final-discovery-end-point-verification,True,FINISHED,PASSED,PASSED,"{""client_auth_type"":""private_key_jwt"",""fapi_profile"":""fapi_client_credentials_grant"",""fapi_request_method"":""unsigned"",""fapi_response_mode"":""plain_response"",""openid"":""plain_oauth"",""sender_constrain"":""mtls""}"
fapi-security-credentials-p025,ibMcBAipQ44K6,0J4AttSdg4TVIiU,fapi2-security-profile-final-happy-flow,True,FINISHED,WARNING,WARNING,"{""client_auth_type"":""private_key_jwt"",""fapi_profile"":""fapi_client_credentials_grant"",""fapi_request_method"":""unsigned"",""fapi_response_mode"":""plain_response"",""openid"":""plain_oauth"",""sender_constrain"":""mtls""}"
fapi-security-credentials-p025,ibMcBAipQ44K6,vXXnEcS1mqbftQR,fapi2-security-profile-final-access-token-type-header-case-sensitivity,True,FINISHED,PASSED,PASSED,"{""client_auth_type"":""private_key_jwt"",""fapi_profile"":""fapi_client_credentials_grant"",""fapi_request_method"":""unsigned"",""fapi_response_mode"":""plain_response"",""openid"":""plain_oauth"",""sender_constrain"":""mtls""}"
fapi-security-credentials-p025,ibMcBAipQ44K6,2O5XVuSKwdg9630,fapi2-security-profile-final-ensure-client-id-in-token-endpoint,True,FINISHED,PASSED,PASSED,"{""client_auth_type"":""private_key_jwt"",""fapi_profile"":""fapi_client_credentials_grant"",""fapi_request_method"":""unsigned"",""fapi_response_mode"":""plain_response"",""openid"":""plain_oauth"",""sender_constrain"":""mtls""}"
fapi-security-credentials-p025,ibMcBAipQ44K6,GY8roA0Dnd5a7HF,fapi2-security-profile-final-ensure-holder-of-key-required,True,FINISHED,PASSED,PASSED,"{""client_auth_type"":""private_key_jwt"",""fapi_profile"":""fapi_client_credentials_grant"",""fapi_request_method"":""unsigned"",""fapi_response_mode"":""plain_response"",""openid"":""plain_oauth"",""sender_constrain"":""mtls""}"
fapi-security-credentials-p025,ibMcBAipQ44K6,M0Cbja9r3NYgBNK,fapi2-security-profile-final-ensure-signed-client-assertion-with-RS256-fails,True,FINISHED,PASSED,PASSED,"{""client_auth_type"":""private_key_jwt"",""fapi_profile"":""fapi_client_credentials_grant"",""fapi_request_method"":""unsigned"",""fapi_response_mode"":""plain_response"",""openid"":""plain_oauth"",""sender_constrain"":""mtls""}"
fapi-security-credentials-p025,ibMcBAipQ44K6,bWKfjyNpUSdYwqa,fapi2-security-profile-final-ensure-client-assertion-in-token-endpoint,True,FINISHED,PASSED,PASSED,"{""client_auth_type"":""private_key_jwt"",""fapi_profile"":""fapi_client_credentials_grant"",""fapi_request_method"":""unsigned"",""fapi_response_mode"":""plain_response"",""openid"":""plain_oauth"",""sender_constrain"":""mtls""}"
fapi-security-credentials-p025,ibMcBAipQ44K6,HBGFUpusaK8blqT,fapi2-security-profile-final-ensure-client-assertion-with-exp-is-5-minutes-in-past-fails,True,FINISHED,PASSED,PASSED,"{""client_auth_type"":""private_key_jwt"",""fapi_profile"":""fapi_client_credentials_grant"",""fapi_request_method"":""unsigned"",""fapi_response_mode"":""plain_response"",""openid"":""plain_oauth"",""sender_constrain"":""mtls""}"
fapi-security-credentials-p025,ibMcBAipQ44K6,jRNYxT1xxCCTzQJ,fapi2-security-profile-final-ensure-client-assertion-with-wrong-aud-fails,True,FINISHED,PASSED,PASSED,"{""client_auth_type"":""private_key_jwt"",""fapi_profile"":""fapi_client_credentials_grant"",""fapi_request_method"":""unsigned"",""fapi_response_mode"":""plain_response"",""openid"":""plain_oauth"",""sender_constrain"":""mtls""}"
fapi-security-credentials-p025,ibMcBAipQ44K6,C4AlnB0W9scF6gM,fapi2-security-profile-final-ensure-client-assertion-with-no-sub-fails,True,FINISHED,PASSED,PASSED,"{""client_auth_type"":""private_key_jwt"",""fapi_profile"":""fapi_client_credentials_grant"",""fapi_request_method"":""unsigned"",""fapi_response_mode"":""plain_response"",""openid"":""plain_oauth"",""sender_constrain"":""mtls""}"
fapi-security-credentials-p025,ibMcBAipQ44K6,uJvelFoXV3q6Ng9,fapi2-security-profile-final-ensure-invalid-client-assertions-fail,True,FINISHED,PASSED,PASSED,"{""client_auth_type"":""private_key_jwt"",""fapi_profile"":""fapi_client_credentials_grant"",""fapi_request_method"":""unsigned"",""fapi_response_mode"":""plain_response"",""openid"":""plain_oauth"",""sender_constrain"":""mtls""}"
fapi-security-credentials-p026,YmTCPtw8yddFS,YNo8h0uaBcIBjEq,fapi2-security-profile-final-discovery-end-point-verification,True,FINISHED,PASSED,PASSED,"{""client_auth_type"":""mtls"",""fapi_profile"":""fapi_client_credentials_grant"",""fapi_request_method"":""unsigned"",""fapi_response_mode"":""plain_response"",""openid"":""plain_oauth"",""sender_constrain"":""dpop""}"
fapi-security-credentials-p026,YmTCPtw8yddFS,qDkbfdxaEa6uC16,fapi2-security-profile-final-happy-flow,True,FINISHED,WARNING,WARNING,"{""client_auth_type"":""mtls"",""fapi_profile"":""fapi_client_credentials_grant"",""fapi_request_method"":""unsigned"",""fapi_response_mode"":""plain_response"",""openid"":""plain_oauth"",""sender_constrain"":""dpop""}"
fapi-security-credentials-p026,YmTCPtw8yddFS,C2g8OI9e80s9BBZ,fapi2-security-profile-final-access-token-type-header-case-sensitivity,True,FINISHED,PASSED,PASSED,"{""client_auth_type"":""mtls"",""fapi_profile"":""fapi_client_credentials_grant"",""fapi_request_method"":""unsigned"",""fapi_response_mode"":""plain_response"",""openid"":""plain_oauth"",""sender_constrain"":""dpop""}"
fapi-security-credentials-p026,YmTCPtw8yddFS,4FJuo1sGri85641,fapi2-security-profile-final-check-dpop-proof-nbf-exp,True,FINISHED,PASSED,PASSED,"{""client_auth_type"":""mtls"",""fapi_profile"":""fapi_client_credentials_grant"",""fapi_request_method"":""unsigned"",""fapi_response_mode"":""plain_response"",""openid"":""plain_oauth"",""sender_constrain"":""dpop""}"
fapi-security-credentials-p026,YmTCPtw8yddFS,tksYjCMyRvuIzhy,fapi2-security-profile-final-ensure-dpopproof-with-iat-10seconds-before-succeeds,True,FINISHED,PASSED,PASSED,"{""client_auth_type"":""mtls"",""fapi_profile"":""fapi_client_credentials_grant"",""fapi_request_method"":""unsigned"",""fapi_response_mode"":""plain_response"",""openid"":""plain_oauth"",""sender_constrain"":""dpop""}"
fapi-security-credentials-p026,YmTCPtw8yddFS,KcPRVplBWiTF16k,fapi2-security-profile-final-ensure-dpopproof-with-iat-10seconds-after-succeeds,True,FINISHED,PASSED,PASSED,"{""client_auth_type"":""mtls"",""fapi_profile"":""fapi_client_credentials_grant"",""fapi_request_method"":""unsigned"",""fapi_response_mode"":""plain_response"",""openid"":""plain_oauth"",""sender_constrain"":""dpop""}"
fapi-security-credentials-p026,YmTCPtw8yddFS,lU6FBX8wqK5EtAi,fapi2-security-profile-final-ensure-client-id-in-token-endpoint,True,FINISHED,PASSED,PASSED,"{""client_auth_type"":""mtls"",""fapi_profile"":""fapi_client_credentials_grant"",""fapi_request_method"":""unsigned"",""fapi_response_mode"":""plain_response"",""openid"":""plain_oauth"",""sender_constrain"":""dpop""}"
fapi-security-credentials-p026,YmTCPtw8yddFS,47u50Y0aehcJoGN,fapi2-security-profile-final-ensure-holder-of-key-required,True,FINISHED,PASSED,PASSED,"{""client_auth_type"":""mtls"",""fapi_profile"":""fapi_client_credentials_grant"",""fapi_request_method"":""unsigned"",""fapi_response_mode"":""plain_response"",""openid"":""plain_oauth"",""sender_constrain"":""dpop""}"
fapi-security-credentials-p026,YmTCPtw8yddFS,H4pquv0OYZ1L8qr,fapi2-security-profile-final-dpop-negative-tests,True,FINISHED,PASSED,PASSED,"{""client_auth_type"":""mtls"",""fapi_profile"":""fapi_client_credentials_grant"",""fapi_request_method"":""unsigned"",""fapi_response_mode"":""plain_response"",""openid"":""plain_oauth"",""sender_constrain"":""dpop""}"
fapi-security-credentials-p027,XKdWEVwuJNX4F,h8Hjfcl60QNczms,fapi2-security-profile-final-discovery-end-point-verification,True,FINISHED,PASSED,PASSED,"{""client_auth_type"":""mtls"",""fapi_profile"":""fapi_client_credentials_grant"",""fapi_request_method"":""unsigned"",""fapi_response_mode"":""plain_response"",""openid"":""plain_oauth"",""sender_constrain"":""mtls""}"
fapi-security-credentials-p027,XKdWEVwuJNX4F,XCWOSxArDWYHoYF,fapi2-security-profile-final-happy-flow,True,FINISHED,WARNING,WARNING,"{""client_auth_type"":""mtls"",""fapi_profile"":""fapi_client_credentials_grant"",""fapi_request_method"":""unsigned"",""fapi_response_mode"":""plain_response"",""openid"":""plain_oauth"",""sender_constrain"":""mtls""}"
fapi-security-credentials-p027,XKdWEVwuJNX4F,RZEzY65eMeZ7TYA,fapi2-security-profile-final-access-token-type-header-case-sensitivity,True,FINISHED,PASSED,PASSED,"{""client_auth_type"":""mtls"",""fapi_profile"":""fapi_client_credentials_grant"",""fapi_request_method"":""unsigned"",""fapi_response_mode"":""plain_response"",""openid"":""plain_oauth"",""sender_constrain"":""mtls""}"
fapi-security-credentials-p027,XKdWEVwuJNX4F,AsFOE46ABB0Xu85,fapi2-security-profile-final-ensure-client-id-in-token-endpoint,True,FINISHED,PASSED,PASSED,"{""client_auth_type"":""mtls"",""fapi_profile"":""fapi_client_credentials_grant"",""fapi_request_method"":""unsigned"",""fapi_response_mode"":""plain_response"",""openid"":""plain_oauth"",""sender_constrain"":""mtls""}"
fapi-security-credentials-p027,XKdWEVwuJNX4F,NKRy1BTV4ckR30x,fapi2-security-profile-final-ensure-holder-of-key-required,True,FINISHED,PASSED,PASSED,"{""client_auth_type"":""mtls"",""fapi_profile"":""fapi_client_credentials_grant"",""fapi_request_method"":""unsigned"",""fapi_response_mode"":""plain_response"",""openid"":""plain_oauth"",""sender_constrain"":""mtls""}"
openid4vc-vci-p028,5IyaertobteTw,rltU7BoXS0B15C9,oid4vci-1_0-issuer-metadata-test,True,FINISHED,PASSED,PASSED,"{""authorization_request_type"":""simple"",""client_auth_type"":""private_key_jwt"",""credential_format"":""sd_jwt_vc"",""fapi_profile"":""vci"",""fapi_request_method"":""unsigned"",""fapi_response_mode"":""plain_response"",""openid"":""plain_oauth"",""sender_constrain"":""dpop"",""vci_authorization_code_flow_variant"":""wallet_initiated"",""vci_credential_encryption"":""plain"",""vci_grant_type"":""authorization_code""}"
openid4vc-vci-p028,5IyaertobteTw,xbav6yP0w70XL0K,oid4vci-1_0-issuer-metadata-test-signed,True,FINISHED,PASSED,PASSED,"{""authorization_request_type"":""simple"",""client_auth_type"":""private_key_jwt"",""credential_format"":""sd_jwt_vc"",""fapi_profile"":""vci"",""fapi_request_method"":""unsigned"",""fapi_response_mode"":""plain_response"",""openid"":""plain_oauth"",""sender_constrain"":""dpop"",""vci_authorization_code_flow_variant"":""wallet_initiated"",""vci_credential_encryption"":""plain"",""vci_grant_type"":""authorization_code""}"
openid4vc-vci-p028,5IyaertobteTw,bvw1WlkkB0nkl0m,oid4vci-1_0-issuer-happy-flow,True,FINISHED,PASSED,PASSED,"{""authorization_request_type"":""simple"",""client_auth_type"":""private_key_jwt"",""credential_format"":""sd_jwt_vc"",""fapi_profile"":""vci"",""fapi_request_method"":""unsigned"",""fapi_response_mode"":""plain_response"",""openid"":""plain_oauth"",""sender_constrain"":""dpop"",""vci_authorization_code_flow_variant"":""wallet_initiated"",""vci_credential_encryption"":""plain"",""vci_grant_type"":""authorization_code""}"
openid4vc-vci-p028,5IyaertobteTw,OhhEmXW4QWP0xJs,oid4vci-1_0-issuer-happy-flow-additional-requests,True,FINISHED,PASSED,PASSED,"{""authorization_request_type"":""simple"",""client_auth_type"":""private_key_jwt"",""credential_format"":""sd_jwt_vc"",""fapi_profile"":""vci"",""fapi_request_method"":""unsigned"",""fapi_response_mode"":""plain_response"",""openid"":""plain_oauth"",""sender_constrain"":""dpop"",""vci_authorization_code_flow_variant"":""wallet_initiated"",""vci_credential_encryption"":""plain"",""vci_grant_type"":""authorization_code""}"
openid4vc-vci-p028,5IyaertobteTw,3VKE73IiOlwF7gt,oid4vci-1_0-issuer-happy-flow-multiple-clients,True,FINISHED,PASSED,PASSED,"{""authorization_request_type"":""simple"",""client_auth_type"":""private_key_jwt"",""credential_format"":""sd_jwt_vc"",""fapi_profile"":""vci"",""fapi_request_method"":""unsigned"",""fapi_response_mode"":""plain_response"",""openid"":""plain_oauth"",""sender_constrain"":""dpop"",""vci_authorization_code_flow_variant"":""wallet_initiated"",""vci_credential_encryption"":""plain"",""vci_grant_type"":""authorization_code""}"
openid4vc-vci-p028,5IyaertobteTw,3GIO4RlcxhXaGb0,oid4vci-1_0-issuer-happy-flow-skip-notification,True,FINISHED,PASSED,PASSED,"{""authorization_request_type"":""simple"",""client_auth_type"":""private_key_jwt"",""credential_format"":""sd_jwt_vc"",""fapi_profile"":""vci"",""fapi_request_method"":""unsigned"",""fapi_response_mode"":""plain_response"",""openid"":""plain_oauth"",""sender_constrain"":""dpop"",""vci_authorization_code_flow_variant"":""wallet_initiated"",""vci_credential_encryption"":""plain"",""vci_grant_type"":""authorization_code""}"
openid4vc-vci-p028,5IyaertobteTw,yKLa4M89LyzSjGy,oid4vci-1_0-issuer-batch-issuance,True,FINISHED,PASSED,PASSED,"{""authorization_request_type"":""simple"",""client_auth_type"":""private_key_jwt"",""credential_format"":""sd_jwt_vc"",""fapi_profile"":""vci"",""fapi_request_method"":""unsigned"",""fapi_response_mode"":""plain_response"",""openid"":""plain_oauth"",""sender_constrain"":""dpop"",""vci_authorization_code_flow_variant"":""wallet_initiated"",""vci_credential_encryption"":""plain"",""vci_grant_type"":""authorization_code""}"
openid4vc-vci-p028,5IyaertobteTw,1LmdFZvFfulA9xz,oid4vci-1_0-issuer-fail-invalid-nonce,True,FINISHED,PASSED,PASSED,"{""authorization_request_type"":""simple"",""client_auth_type"":""private_key_jwt"",""credential_format"":""sd_jwt_vc"",""fapi_profile"":""vci"",""fapi_request_method"":""unsigned"",""fapi_response_mode"":""plain_response"",""openid"":""plain_oauth"",""sender_constrain"":""dpop"",""vci_authorization_code_flow_variant"":""wallet_initiated"",""vci_credential_encryption"":""plain"",""vci_grant_type"":""authorization_code""}"
openid4vc-vci-p028,5IyaertobteTw,3qADNGrOP0HqLJ2,oid4vci-1_0-issuer-fail-invalid-jwt-proof-signature,True,FINISHED,PASSED,PASSED,"{""authorization_request_type"":""simple"",""client_auth_type"":""private_key_jwt"",""credential_format"":""sd_jwt_vc"",""fapi_profile"":""vci"",""fapi_request_method"":""unsigned"",""fapi_response_mode"":""plain_response"",""openid"":""plain_oauth"",""sender_constrain"":""dpop"",""vci_authorization_code_flow_variant"":""wallet_initiated"",""vci_credential_encryption"":""plain"",""vci_grant_type"":""authorization_code""}"
openid4vc-vci-p028,5IyaertobteTw,waOG7DmalThCLVb,oid4vci-1_0-issuer-fail-invalid-key-attestation-signature,True,FINISHED,PASSED,PASSED,"{""authorization_request_type"":""simple"",""client_auth_type"":""private_key_jwt"",""credential_format"":""sd_jwt_vc"",""fapi_profile"":""vci"",""fapi_request_method"":""unsigned"",""fapi_response_mode"":""plain_response"",""openid"":""plain_oauth"",""sender_constrain"":""dpop"",""vci_authorization_code_flow_variant"":""wallet_initiated"",""vci_credential_encryption"":""plain"",""vci_grant_type"":""authorization_code""}"
openid4vc-vci-p028,5IyaertobteTw,2X8GsP0Vn5Zbeai,oid4vci-1_0-issuer-fail-missing-proof,True,FINISHED,PASSED,PASSED,"{""authorization_request_type"":""simple"",""client_auth_type"":""private_key_jwt"",""credential_format"":""sd_jwt_vc"",""fapi_profile"":""vci"",""fapi_request_method"":""unsigned"",""fapi_response_mode"":""plain_response"",""openid"":""plain_oauth"",""sender_constrain"":""dpop"",""vci_authorization_code_flow_variant"":""wallet_initiated"",""vci_credential_encryption"":""plain"",""vci_grant_type"":""authorization_code""}"
openid4vc-vci-p028,5IyaertobteTw,4BIhVxQrlkpURah,oid4vci-1_0-issuer-fail-unsupported-encryption-algorithm,True,FINISHED,SKIPPED,SKIPPED,"{""authorization_request_type"":""simple"",""client_auth_type"":""private_key_jwt"",""credential_format"":""sd_jwt_vc"",""fapi_profile"":""vci"",""fapi_request_method"":""unsigned"",""fapi_response_mode"":""plain_response"",""openid"":""plain_oauth"",""sender_constrain"":""dpop"",""vci_authorization_code_flow_variant"":""wallet_initiated"",""vci_credential_encryption"":""plain"",""vci_grant_type"":""authorization_code""}"
openid4vc-vci-p028,5IyaertobteTw,Xqrf7FoKHbki2kt,oid4vci-1_0-issuer-fail-unknown-credential-configuration,True,FINISHED,PASSED,PASSED,"{""authorization_request_type"":""simple"",""client_auth_type"":""private_key_jwt"",""credential_format"":""sd_jwt_vc"",""fapi_profile"":""vci"",""fapi_request_method"":""unsigned"",""fapi_response_mode"":""plain_response"",""openid"":""plain_oauth"",""sender_constrain"":""dpop"",""vci_authorization_code_flow_variant"":""wallet_initiated"",""vci_credential_encryption"":""plain"",""vci_grant_type"":""authorization_code""}"
openid4vc-vci-p028,5IyaertobteTw,2ry1OjeRv8AVtm5,oid4vci-1_0-issuer-fail-unknown-credential-identifier,True,FINISHED,PASSED,PASSED,"{""authorization_request_type"":""simple"",""client_auth_type"":""private_key_jwt"",""credential_format"":""sd_jwt_vc"",""fapi_profile"":""vci"",""fapi_request_method"":""unsigned"",""fapi_response_mode"":""plain_response"",""openid"":""plain_oauth"",""sender_constrain"":""dpop"",""vci_authorization_code_flow_variant"":""wallet_initiated"",""vci_credential_encryption"":""plain"",""vci_grant_type"":""authorization_code""}"
openid4vc-vci-p028,5IyaertobteTw,7956GwZ61kiCzNa,oid4vci-1_0-issuer-fail-on-access-token-in-query,True,FINISHED,PASSED,PASSED,"{""authorization_request_type"":""simple"",""client_auth_type"":""private_key_jwt"",""credential_format"":""sd_jwt_vc"",""fapi_profile"":""vci"",""fapi_request_method"":""unsigned"",""fapi_response_mode"":""plain_response"",""openid"":""plain_oauth"",""sender_constrain"":""dpop"",""vci_authorization_code_flow_variant"":""wallet_initiated"",""vci_credential_encryption"":""plain"",""vci_grant_type"":""authorization_code""}"
openid4vc-vci-p029,1qRtEMDFcGNw0,MCqiDX8jrF8fekb,oid4vci-1_0-issuer-metadata-test,True,FINISHED,PASSED,PASSED,"{""authorization_request_type"":""simple"",""client_auth_type"":""private_key_jwt"",""credential_format"":""mdoc"",""fapi_profile"":""vci"",""fapi_request_method"":""unsigned"",""fapi_response_mode"":""plain_response"",""openid"":""plain_oauth"",""sender_constrain"":""dpop"",""vci_authorization_code_flow_variant"":""wallet_initiated"",""vci_credential_encryption"":""encrypted"",""vci_grant_type"":""authorization_code""}"
openid4vc-vci-p029,1qRtEMDFcGNw0,6drCfd5eLvS1gxo,oid4vci-1_0-issuer-metadata-test-signed,True,FINISHED,PASSED,PASSED,"{""authorization_request_type"":""simple"",""client_auth_type"":""private_key_jwt"",""credential_format"":""mdoc"",""fapi_profile"":""vci"",""fapi_request_method"":""unsigned"",""fapi_response_mode"":""plain_response"",""openid"":""plain_oauth"",""sender_constrain"":""dpop"",""vci_authorization_code_flow_variant"":""wallet_initiated"",""vci_credential_encryption"":""encrypted"",""vci_grant_type"":""authorization_code""}"
openid4vc-vci-p029,1qRtEMDFcGNw0,eiJ0hOAGQS2sDSA,oid4vci-1_0-issuer-happy-flow,True,FINISHED,FAILED,FAILED,"{""authorization_request_type"":""simple"",""client_auth_type"":""private_key_jwt"",""credential_format"":""mdoc"",""fapi_profile"":""vci"",""fapi_request_method"":""unsigned"",""fapi_response_mode"":""plain_response"",""openid"":""plain_oauth"",""sender_constrain"":""dpop"",""vci_authorization_code_flow_variant"":""wallet_initiated"",""vci_credential_encryption"":""encrypted"",""vci_grant_type"":""authorization_code""}"
openid4vc-vci-p029,1qRtEMDFcGNw0,lCacCFaO1AdvtRH,oid4vci-1_0-issuer-happy-flow-additional-requests,True,FINISHED,FAILED,FAILED,"{""authorization_request_type"":""simple"",""client_auth_type"":""private_key_jwt"",""credential_format"":""mdoc"",""fapi_profile"":""vci"",""fapi_request_method"":""unsigned"",""fapi_response_mode"":""plain_response"",""openid"":""plain_oauth"",""sender_constrain"":""dpop"",""vci_authorization_code_flow_variant"":""wallet_initiated"",""vci_credential_encryption"":""encrypted"",""vci_grant_type"":""authorization_code""}"
openid4vc-vci-p029,1qRtEMDFcGNw0,168SDYVf1Rei6nK,oid4vci-1_0-issuer-happy-flow-multiple-clients,True,FINISHED,FAILED,FAILED,"{""authorization_request_type"":""simple"",""client_auth_type"":""private_key_jwt"",""credential_format"":""mdoc"",""fapi_profile"":""vci"",""fapi_request_method"":""unsigned"",""fapi_response_mode"":""plain_response"",""openid"":""plain_oauth"",""sender_constrain"":""dpop"",""vci_authorization_code_flow_variant"":""wallet_initiated"",""vci_credential_encryption"":""encrypted"",""vci_grant_type"":""authorization_code""}"
openid4vc-vci-p029,1qRtEMDFcGNw0,mtCtJfSisx1oinV,oid4vci-1_0-issuer-happy-flow-skip-notification,True,FINISHED,FAILED,FAILED,"{""authorization_request_type"":""simple"",""client_auth_type"":""private_key_jwt"",""credential_format"":""mdoc"",""fapi_profile"":""vci"",""fapi_request_method"":""unsigned"",""fapi_response_mode"":""plain_response"",""openid"":""plain_oauth"",""sender_constrain"":""dpop"",""vci_authorization_code_flow_variant"":""wallet_initiated"",""vci_credential_encryption"":""encrypted"",""vci_grant_type"":""authorization_code""}"
openid4vc-vci-p029,1qRtEMDFcGNw0,K696MLWjPRKmlTP,oid4vci-1_0-issuer-batch-issuance,True,FINISHED,FAILED,FAILED,"{""authorization_request_type"":""simple"",""client_auth_type"":""private_key_jwt"",""credential_format"":""mdoc"",""fapi_profile"":""vci"",""fapi_request_method"":""unsigned"",""fapi_response_mode"":""plain_response"",""openid"":""plain_oauth"",""sender_constrain"":""dpop"",""vci_authorization_code_flow_variant"":""wallet_initiated"",""vci_credential_encryption"":""encrypted"",""vci_grant_type"":""authorization_code""}"
openid4vc-vci-p029,1qRtEMDFcGNw0,UQPnfwajFe3f9Mg,oid4vci-1_0-issuer-fail-invalid-nonce,True,FINISHED,PASSED,PASSED,"{""authorization_request_type"":""simple"",""client_auth_type"":""private_key_jwt"",""credential_format"":""mdoc"",""fapi_profile"":""vci"",""fapi_request_method"":""unsigned"",""fapi_response_mode"":""plain_response"",""openid"":""plain_oauth"",""sender_constrain"":""dpop"",""vci_authorization_code_flow_variant"":""wallet_initiated"",""vci_credential_encryption"":""encrypted"",""vci_grant_type"":""authorization_code""}"
openid4vc-vci-p029,1qRtEMDFcGNw0,6DYonnJ4krktscC,oid4vci-1_0-issuer-fail-invalid-jwt-proof-signature,True,FINISHED,PASSED,PASSED,"{""authorization_request_type"":""simple"",""client_auth_type"":""private_key_jwt"",""credential_format"":""mdoc"",""fapi_profile"":""vci"",""fapi_request_method"":""unsigned"",""fapi_response_mode"":""plain_response"",""openid"":""plain_oauth"",""sender_constrain"":""dpop"",""vci_authorization_code_flow_variant"":""wallet_initiated"",""vci_credential_encryption"":""encrypted"",""vci_grant_type"":""authorization_code""}"
openid4vc-vci-p029,1qRtEMDFcGNw0,hE6pxCrcaEn02l9,oid4vci-1_0-issuer-fail-invalid-key-attestation-signature,True,FINISHED,PASSED,PASSED,"{""authorization_request_type"":""simple"",""client_auth_type"":""private_key_jwt"",""credential_format"":""mdoc"",""fapi_profile"":""vci"",""fapi_request_method"":""unsigned"",""fapi_response_mode"":""plain_response"",""openid"":""plain_oauth"",""sender_constrain"":""dpop"",""vci_authorization_code_flow_variant"":""wallet_initiated"",""vci_credential_encryption"":""encrypted"",""vci_grant_type"":""authorization_code""}"
openid4vc-vci-p029,1qRtEMDFcGNw0,88HOBxL1NtzflkD,oid4vci-1_0-issuer-fail-missing-proof,True,FINISHED,PASSED,PASSED,"{""authorization_request_type"":""simple"",""client_auth_type"":""private_key_jwt"",""credential_format"":""mdoc"",""fapi_profile"":""vci"",""fapi_request_method"":""unsigned"",""fapi_response_mode"":""plain_response"",""openid"":""plain_oauth"",""sender_constrain"":""dpop"",""vci_authorization_code_flow_variant"":""wallet_initiated"",""vci_credential_encryption"":""encrypted"",""vci_grant_type"":""authorization_code""}"
openid4vc-vci-p029,1qRtEMDFcGNw0,4PGRcNIENPe6tam,oid4vci-1_0-issuer-fail-unsupported-encryption-algorithm,True,FINISHED,PASSED,PASSED,"{""authorization_request_type"":""simple"",""client_auth_type"":""private_key_jwt"",""credential_format"":""mdoc"",""fapi_profile"":""vci"",""fapi_request_method"":""unsigned"",""fapi_response_mode"":""plain_response"",""openid"":""plain_oauth"",""sender_constrain"":""dpop"",""vci_authorization_code_flow_variant"":""wallet_initiated"",""vci_credential_encryption"":""encrypted"",""vci_grant_type"":""authorization_code""}"
openid4vc-vci-p029,1qRtEMDFcGNw0,5dVdDdRpPYbrH0P,oid4vci-1_0-issuer-fail-unknown-credential-configuration,True,FINISHED,PASSED,PASSED,"{""authorization_request_type"":""simple"",""client_auth_type"":""private_key_jwt"",""credential_format"":""mdoc"",""fapi_profile"":""vci"",""fapi_request_method"":""unsigned"",""fapi_response_mode"":""plain_response"",""openid"":""plain_oauth"",""sender_constrain"":""dpop"",""vci_authorization_code_flow_variant"":""wallet_initiated"",""vci_credential_encryption"":""encrypted"",""vci_grant_type"":""authorization_code""}"
openid4vc-vci-p029,1qRtEMDFcGNw0,p3gzRZD5jsrWmBm,oid4vci-1_0-issuer-fail-unknown-credential-identifier,True,FINISHED,PASSED,PASSED,"{""authorization_request_type"":""simple"",""client_auth_type"":""private_key_jwt"",""credential_format"":""mdoc"",""fapi_profile"":""vci"",""fapi_request_method"":""unsigned"",""fapi_response_mode"":""plain_response"",""openid"":""plain_oauth"",""sender_constrain"":""dpop"",""vci_authorization_code_flow_variant"":""wallet_initiated"",""vci_credential_encryption"":""encrypted"",""vci_grant_type"":""authorization_code""}"
openid4vc-vci-p029,1qRtEMDFcGNw0,TTyMJvKulIyN0vQ,oid4vci-1_0-issuer-fail-on-access-token-in-query,True,FINISHED,FAILED,FAILED,"{""authorization_request_type"":""simple"",""client_auth_type"":""private_key_jwt"",""credential_format"":""mdoc"",""fapi_profile"":""vci"",""fapi_request_method"":""unsigned"",""fapi_response_mode"":""plain_response"",""openid"":""plain_oauth"",""sender_constrain"":""dpop"",""vci_authorization_code_flow_variant"":""wallet_initiated"",""vci_credential_encryption"":""encrypted"",""vci_grant_type"":""authorization_code""}"
openid4vc-vci-p030,M7ZkJuN411W2o,M8HndgoiMx1PiJN,oid4vci-1_0-issuer-metadata-test,True,FINISHED,PASSED,PASSED,"{""authorization_request_type"":""simple"",""client_auth_type"":""private_key_jwt"",""credential_format"":""sd_jwt_vc"",""fapi_profile"":""vci"",""fapi_request_method"":""unsigned"",""fapi_response_mode"":""plain_response"",""openid"":""plain_oauth"",""sender_constrain"":""dpop"",""vci_authorization_code_flow_variant"":""issuer_initiated"",""vci_credential_encryption"":""encrypted"",""vci_grant_type"":""authorization_code""}"
openid4vc-vci-p030,M7ZkJuN411W2o,3CY2kOLB9zD7wSG,oid4vci-1_0-issuer-metadata-test-signed,True,FINISHED,PASSED,PASSED,"{""authorization_request_type"":""simple"",""client_auth_type"":""private_key_jwt"",""credential_format"":""sd_jwt_vc"",""fapi_profile"":""vci"",""fapi_request_method"":""unsigned"",""fapi_response_mode"":""plain_response"",""openid"":""plain_oauth"",""sender_constrain"":""dpop"",""vci_authorization_code_flow_variant"":""issuer_initiated"",""vci_credential_encryption"":""encrypted"",""vci_grant_type"":""authorization_code""}"
openid4vc-vci-p030,M7ZkJuN411W2o,U4WgjCZsN9I4nrr,oid4vci-1_0-issuer-happy-flow,True,FINISHED,PASSED,PASSED,"{""authorization_request_type"":""simple"",""client_auth_type"":""private_key_jwt"",""credential_format"":""sd_jwt_vc"",""fapi_profile"":""vci"",""fapi_request_method"":""unsigned"",""fapi_response_mode"":""plain_response"",""openid"":""plain_oauth"",""sender_constrain"":""dpop"",""vci_authorization_code_flow_variant"":""issuer_initiated"",""vci_credential_encryption"":""encrypted"",""vci_grant_type"":""authorization_code""}"
openid4vc-vci-p030,M7ZkJuN411W2o,9DL3eLute5nHtU2,oid4vci-1_0-issuer-happy-flow-additional-requests,True,FINISHED,PASSED,PASSED,"{""authorization_request_type"":""simple"",""client_auth_type"":""private_key_jwt"",""credential_format"":""sd_jwt_vc"",""fapi_profile"":""vci"",""fapi_request_method"":""unsigned"",""fapi_response_mode"":""plain_response"",""openid"":""plain_oauth"",""sender_constrain"":""dpop"",""vci_authorization_code_flow_variant"":""issuer_initiated"",""vci_credential_encryption"":""encrypted"",""vci_grant_type"":""authorization_code""}"
openid4vc-vci-p030,M7ZkJuN411W2o,LrNBXQ2Sz95cBGY,oid4vci-1_0-issuer-happy-flow-multiple-clients,True,FINISHED,PASSED,PASSED,"{""authorization_request_type"":""simple"",""client_auth_type"":""private_key_jwt"",""credential_format"":""sd_jwt_vc"",""fapi_profile"":""vci"",""fapi_request_method"":""unsigned"",""fapi_response_mode"":""plain_response"",""openid"":""plain_oauth"",""sender_constrain"":""dpop"",""vci_authorization_code_flow_variant"":""issuer_initiated"",""vci_credential_encryption"":""encrypted"",""vci_grant_type"":""authorization_code""}"
openid4vc-vci-p030,M7ZkJuN411W2o,6MgKfPQQsMvC7xC,oid4vci-1_0-issuer-happy-flow-skip-notification,True,FINISHED,PASSED,PASSED,"{""authorization_request_type"":""simple"",""client_auth_type"":""private_key_jwt"",""credential_format"":""sd_jwt_vc"",""fapi_profile"":""vci"",""fapi_request_method"":""unsigned"",""fapi_response_mode"":""plain_response"",""openid"":""plain_oauth"",""sender_constrain"":""dpop"",""vci_authorization_code_flow_variant"":""issuer_initiated"",""vci_credential_encryption"":""encrypted"",""vci_grant_type"":""authorization_code""}"
openid4vc-vci-p030,M7ZkJuN411W2o,DaW8z6AL3h2SxXG,oid4vci-1_0-issuer-batch-issuance,True,FINISHED,PASSED,PASSED,"{""authorization_request_type"":""simple"",""client_auth_type"":""private_key_jwt"",""credential_format"":""sd_jwt_vc"",""fapi_profile"":""vci"",""fapi_request_method"":""unsigned"",""fapi_response_mode"":""plain_response"",""openid"":""plain_oauth"",""sender_constrain"":""dpop"",""vci_authorization_code_flow_variant"":""issuer_initiated"",""vci_credential_encryption"":""encrypted"",""vci_grant_type"":""authorization_code""}"
openid4vc-vci-p030,M7ZkJuN411W2o,0jpC2M4nhVpHHlV,oid4vci-1_0-issuer-fail-invalid-nonce,True,FINISHED,PASSED,PASSED,"{""authorization_request_type"":""simple"",""client_auth_type"":""private_key_jwt"",""credential_format"":""sd_jwt_vc"",""fapi_profile"":""vci"",""fapi_request_method"":""unsigned"",""fapi_response_mode"":""plain_response"",""openid"":""plain_oauth"",""sender_constrain"":""dpop"",""vci_authorization_code_flow_variant"":""issuer_initiated"",""vci_credential_encryption"":""encrypted"",""vci_grant_type"":""authorization_code""}"
openid4vc-vci-p030,M7ZkJuN411W2o,35z5AG2FBS0eV6e,oid4vci-1_0-issuer-fail-invalid-jwt-proof-signature,True,FINISHED,PASSED,PASSED,"{""authorization_request_type"":""simple"",""client_auth_type"":""private_key_jwt"",""credential_format"":""sd_jwt_vc"",""fapi_profile"":""vci"",""fapi_request_method"":""unsigned"",""fapi_response_mode"":""plain_response"",""openid"":""plain_oauth"",""sender_constrain"":""dpop"",""vci_authorization_code_flow_variant"":""issuer_initiated"",""vci_credential_encryption"":""encrypted"",""vci_grant_type"":""authorization_code""}"
openid4vc-vci-p030,M7ZkJuN411W2o,mmay6fOZo9841kN,oid4vci-1_0-issuer-fail-invalid-key-attestation-signature,True,FINISHED,PASSED,PASSED,"{""authorization_request_type"":""simple"",""client_auth_type"":""private_key_jwt"",""credential_format"":""sd_jwt_vc"",""fapi_profile"":""vci"",""fapi_request_method"":""unsigned"",""fapi_response_mode"":""plain_response"",""openid"":""plain_oauth"",""sender_constrain"":""dpop"",""vci_authorization_code_flow_variant"":""issuer_initiated"",""vci_credential_encryption"":""encrypted"",""vci_grant_type"":""authorization_code""}"
openid4vc-vci-p030,M7ZkJuN411W2o,aFOVe4j766rAETd,oid4vci-1_0-issuer-fail-missing-proof,True,FINISHED,PASSED,PASSED,"{""authorization_request_type"":""simple"",""client_auth_type"":""private_key_jwt"",""credential_format"":""sd_jwt_vc"",""fapi_profile"":""vci"",""fapi_request_method"":""unsigned"",""fapi_response_mode"":""plain_response"",""openid"":""plain_oauth"",""sender_constrain"":""dpop"",""vci_authorization_code_flow_variant"":""issuer_initiated"",""vci_credential_encryption"":""encrypted"",""vci_grant_type"":""authorization_code""}"
openid4vc-vci-p030,M7ZkJuN411W2o,tROCU5zhVGjb0O5,oid4vci-1_0-issuer-fail-unsupported-encryption-algorithm,True,FINISHED,PASSED,PASSED,"{""authorization_request_type"":""simple"",""client_auth_type"":""private_key_jwt"",""credential_format"":""sd_jwt_vc"",""fapi_profile"":""vci"",""fapi_request_method"":""unsigned"",""fapi_response_mode"":""plain_response"",""openid"":""plain_oauth"",""sender_constrain"":""dpop"",""vci_authorization_code_flow_variant"":""issuer_initiated"",""vci_credential_encryption"":""encrypted"",""vci_grant_type"":""authorization_code""}"
openid4vc-vci-p030,M7ZkJuN411W2o,UEsB7ZzL2Un52k7,oid4vci-1_0-issuer-fail-unknown-credential-configuration,True,FINISHED,PASSED,PASSED,"{""authorization_request_type"":""simple"",""client_auth_type"":""private_key_jwt"",""credential_format"":""sd_jwt_vc"",""fapi_profile"":""vci"",""fapi_request_method"":""unsigned"",""fapi_response_mode"":""plain_response"",""openid"":""plain_oauth"",""sender_constrain"":""dpop"",""vci_authorization_code_flow_variant"":""issuer_initiated"",""vci_credential_encryption"":""encrypted"",""vci_grant_type"":""authorization_code""}"
openid4vc-vci-p030,M7ZkJuN411W2o,gUHsAcMnUNB6MXh,oid4vci-1_0-issuer-fail-unknown-credential-identifier,True,FINISHED,PASSED,PASSED,"{""authorization_request_type"":""simple"",""client_auth_type"":""private_key_jwt"",""credential_format"":""sd_jwt_vc"",""fapi_profile"":""vci"",""fapi_request_method"":""unsigned"",""fapi_response_mode"":""plain_response"",""openid"":""plain_oauth"",""sender_constrain"":""dpop"",""vci_authorization_code_flow_variant"":""issuer_initiated"",""vci_credential_encryption"":""encrypted"",""vci_grant_type"":""authorization_code""}"
openid4vc-vci-p030,M7ZkJuN411W2o,D3I8N5niGPMcTKd,oid4vci-1_0-issuer-fail-on-access-token-in-query,True,FINISHED,PASSED,PASSED,"{""authorization_request_type"":""simple"",""client_auth_type"":""private_key_jwt"",""credential_format"":""sd_jwt_vc"",""fapi_profile"":""vci"",""fapi_request_method"":""unsigned"",""fapi_response_mode"":""plain_response"",""openid"":""plain_oauth"",""sender_constrain"":""dpop"",""vci_authorization_code_flow_variant"":""issuer_initiated"",""vci_credential_encryption"":""encrypted"",""vci_grant_type"":""authorization_code""}"
openid4vc-vci-p031,k0pi33AdXU9Tc,QmUgBXbD1qtyCmT,oid4vci-1_0-issuer-metadata-test,True,FINISHED,PASSED,PASSED,"{""authorization_request_type"":""simple"",""client_auth_type"":""private_key_jwt"",""credential_format"":""mdoc"",""fapi_profile"":""vci"",""fapi_request_method"":""unsigned"",""fapi_response_mode"":""plain_response"",""openid"":""plain_oauth"",""sender_constrain"":""dpop"",""vci_authorization_code_flow_variant"":""issuer_initiated"",""vci_credential_encryption"":""plain"",""vci_grant_type"":""authorization_code""}"
openid4vc-vci-p031,k0pi33AdXU9Tc,CtAebU0nvOiZzTi,oid4vci-1_0-issuer-metadata-test-signed,True,FINISHED,PASSED,PASSED,"{""authorization_request_type"":""simple"",""client_auth_type"":""private_key_jwt"",""credential_format"":""mdoc"",""fapi_profile"":""vci"",""fapi_request_method"":""unsigned"",""fapi_response_mode"":""plain_response"",""openid"":""plain_oauth"",""sender_constrain"":""dpop"",""vci_authorization_code_flow_variant"":""issuer_initiated"",""vci_credential_encryption"":""plain"",""vci_grant_type"":""authorization_code""}"
openid4vc-vci-p031,k0pi33AdXU9Tc,J4xGeR48PW2yRFi,oid4vci-1_0-issuer-happy-flow,True,FINISHED,FAILED,FAILED,"{""authorization_request_type"":""simple"",""client_auth_type"":""private_key_jwt"",""credential_format"":""mdoc"",""fapi_profile"":""vci"",""fapi_request_method"":""unsigned"",""fapi_response_mode"":""plain_response"",""openid"":""plain_oauth"",""sender_constrain"":""dpop"",""vci_authorization_code_flow_variant"":""issuer_initiated"",""vci_credential_encryption"":""plain"",""vci_grant_type"":""authorization_code""}"
openid4vc-vci-p031,k0pi33AdXU9Tc,y9vuEqY9ngAitJx,oid4vci-1_0-issuer-happy-flow-additional-requests,True,FINISHED,FAILED,FAILED,"{""authorization_request_type"":""simple"",""client_auth_type"":""private_key_jwt"",""credential_format"":""mdoc"",""fapi_profile"":""vci"",""fapi_request_method"":""unsigned"",""fapi_response_mode"":""plain_response"",""openid"":""plain_oauth"",""sender_constrain"":""dpop"",""vci_authorization_code_flow_variant"":""issuer_initiated"",""vci_credential_encryption"":""plain"",""vci_grant_type"":""authorization_code""}"
openid4vc-vci-p031,k0pi33AdXU9Tc,vPSLvEMoQwAyJRK,oid4vci-1_0-issuer-happy-flow-multiple-clients,True,FINISHED,FAILED,FAILED,"{""authorization_request_type"":""simple"",""client_auth_type"":""private_key_jwt"",""credential_format"":""mdoc"",""fapi_profile"":""vci"",""fapi_request_method"":""unsigned"",""fapi_response_mode"":""plain_response"",""openid"":""plain_oauth"",""sender_constrain"":""dpop"",""vci_authorization_code_flow_variant"":""issuer_initiated"",""vci_credential_encryption"":""plain"",""vci_grant_type"":""authorization_code""}"
openid4vc-vci-p031,k0pi33AdXU9Tc,M8bW8jj82KNUwrP,oid4vci-1_0-issuer-happy-flow-skip-notification,True,FINISHED,FAILED,FAILED,"{""authorization_request_type"":""simple"",""client_auth_type"":""private_key_jwt"",""credential_format"":""mdoc"",""fapi_profile"":""vci"",""fapi_request_method"":""unsigned"",""fapi_response_mode"":""plain_response"",""openid"":""plain_oauth"",""sender_constrain"":""dpop"",""vci_authorization_code_flow_variant"":""issuer_initiated"",""vci_credential_encryption"":""plain"",""vci_grant_type"":""authorization_code""}"
openid4vc-vci-p031,k0pi33AdXU9Tc,DXylGieqDYwk63R,oid4vci-1_0-issuer-batch-issuance,True,FINISHED,FAILED,FAILED,"{""authorization_request_type"":""simple"",""client_auth_type"":""private_key_jwt"",""credential_format"":""mdoc"",""fapi_profile"":""vci"",""fapi_request_method"":""unsigned"",""fapi_response_mode"":""plain_response"",""openid"":""plain_oauth"",""sender_constrain"":""dpop"",""vci_authorization_code_flow_variant"":""issuer_initiated"",""vci_credential_encryption"":""plain"",""vci_grant_type"":""authorization_code""}"
openid4vc-vci-p031,k0pi33AdXU9Tc,jiGT0UHK5zAotjv,oid4vci-1_0-issuer-fail-invalid-nonce,True,FINISHED,PASSED,PASSED,"{""authorization_request_type"":""simple"",""client_auth_type"":""private_key_jwt"",""credential_format"":""mdoc"",""fapi_profile"":""vci"",""fapi_request_method"":""unsigned"",""fapi_response_mode"":""plain_response"",""openid"":""plain_oauth"",""sender_constrain"":""dpop"",""vci_authorization_code_flow_variant"":""issuer_initiated"",""vci_credential_encryption"":""plain"",""vci_grant_type"":""authorization_code""}"
openid4vc-vci-p031,k0pi33AdXU9Tc,JSxTzjFzSguj3Ef,oid4vci-1_0-issuer-fail-invalid-jwt-proof-signature,True,FINISHED,PASSED,PASSED,"{""authorization_request_type"":""simple"",""client_auth_type"":""private_key_jwt"",""credential_format"":""mdoc"",""fapi_profile"":""vci"",""fapi_request_method"":""unsigned"",""fapi_response_mode"":""plain_response"",""openid"":""plain_oauth"",""sender_constrain"":""dpop"",""vci_authorization_code_flow_variant"":""issuer_initiated"",""vci_credential_encryption"":""plain"",""vci_grant_type"":""authorization_code""}"
openid4vc-vci-p031,k0pi33AdXU9Tc,onLZmeO7qzvQSQY,oid4vci-1_0-issuer-fail-invalid-key-attestation-signature,True,FINISHED,PASSED,PASSED,"{""authorization_request_type"":""simple"",""client_auth_type"":""private_key_jwt"",""credential_format"":""mdoc"",""fapi_profile"":""vci"",""fapi_request_method"":""unsigned"",""fapi_response_mode"":""plain_response"",""openid"":""plain_oauth"",""sender_constrain"":""dpop"",""vci_authorization_code_flow_variant"":""issuer_initiated"",""vci_credential_encryption"":""plain"",""vci_grant_type"":""authorization_code""}"
openid4vc-vci-p031,k0pi33AdXU9Tc,PY2X4pm8iTfiXfT,oid4vci-1_0-issuer-fail-missing-proof,True,FINISHED,PASSED,PASSED,"{""authorization_request_type"":""simple"",""client_auth_type"":""private_key_jwt"",""credential_format"":""mdoc"",""fapi_profile"":""vci"",""fapi_request_method"":""unsigned"",""fapi_response_mode"":""plain_response"",""openid"":""plain_oauth"",""sender_constrain"":""dpop"",""vci_authorization_code_flow_variant"":""issuer_initiated"",""vci_credential_encryption"":""plain"",""vci_grant_type"":""authorization_code""}"
openid4vc-vci-p031,k0pi33AdXU9Tc,kRdKgOA8SjhvkTu,oid4vci-1_0-issuer-fail-unsupported-encryption-algorithm,True,FINISHED,SKIPPED,SKIPPED,"{""authorization_request_type"":""simple"",""client_auth_type"":""private_key_jwt"",""credential_format"":""mdoc"",""fapi_profile"":""vci"",""fapi_request_method"":""unsigned"",""fapi_response_mode"":""plain_response"",""openid"":""plain_oauth"",""sender_constrain"":""dpop"",""vci_authorization_code_flow_variant"":""issuer_initiated"",""vci_credential_encryption"":""plain"",""vci_grant_type"":""authorization_code""}"
openid4vc-vci-p031,k0pi33AdXU9Tc,KoLdPfpX0e6LKwo,oid4vci-1_0-issuer-fail-unknown-credential-configuration,True,FINISHED,PASSED,PASSED,"{""authorization_request_type"":""simple"",""client_auth_type"":""private_key_jwt"",""credential_format"":""mdoc"",""fapi_profile"":""vci"",""fapi_request_method"":""unsigned"",""fapi_response_mode"":""plain_response"",""openid"":""plain_oauth"",""sender_constrain"":""dpop"",""vci_authorization_code_flow_variant"":""issuer_initiated"",""vci_credential_encryption"":""plain"",""vci_grant_type"":""authorization_code""}"
openid4vc-vci-p031,k0pi33AdXU9Tc,jr3um67VLlWTbPM,oid4vci-1_0-issuer-fail-unknown-credential-identifier,True,FINISHED,PASSED,PASSED,"{""authorization_request_type"":""simple"",""client_auth_type"":""private_key_jwt"",""credential_format"":""mdoc"",""fapi_profile"":""vci"",""fapi_request_method"":""unsigned"",""fapi_response_mode"":""plain_response"",""openid"":""plain_oauth"",""sender_constrain"":""dpop"",""vci_authorization_code_flow_variant"":""issuer_initiated"",""vci_credential_encryption"":""plain"",""vci_grant_type"":""authorization_code""}"
openid4vc-vci-p031,k0pi33AdXU9Tc,eZvk0kyRPLGVvGH,oid4vci-1_0-issuer-fail-on-access-token-in-query,True,FINISHED,FAILED,FAILED,"{""authorization_request_type"":""simple"",""client_auth_type"":""private_key_jwt"",""credential_format"":""mdoc"",""fapi_profile"":""vci"",""fapi_request_method"":""unsigned"",""fapi_response_mode"":""plain_response"",""openid"":""plain_oauth"",""sender_constrain"":""dpop"",""vci_authorization_code_flow_variant"":""issuer_initiated"",""vci_credential_encryption"":""plain"",""vci_grant_type"":""authorization_code""}"
openid4vc-vci-p032,cgTFbhSOHASrB,G1ACmwuuRx4tvwU,oid4vci-1_0-issuer-metadata-test,True,FINISHED,PASSED,PASSED,"{""authorization_request_type"":""simple"",""client_auth_type"":""private_key_jwt"",""credential_format"":""sd_jwt_vc"",""fapi_profile"":""vci"",""fapi_request_method"":""unsigned"",""fapi_response_mode"":""plain_response"",""openid"":""plain_oauth"",""sender_constrain"":""dpop"",""vci_authorization_code_flow_variant"":""issuer_initiated"",""vci_credential_encryption"":""plain"",""vci_grant_type"":""pre_authorization_code""}"
openid4vc-vci-p032,cgTFbhSOHASrB,32mjKMPpkvulIHA,oid4vci-1_0-issuer-metadata-test-signed,True,FINISHED,PASSED,PASSED,"{""authorization_request_type"":""simple"",""client_auth_type"":""private_key_jwt"",""credential_format"":""sd_jwt_vc"",""fapi_profile"":""vci"",""fapi_request_method"":""unsigned"",""fapi_response_mode"":""plain_response"",""openid"":""plain_oauth"",""sender_constrain"":""dpop"",""vci_authorization_code_flow_variant"":""issuer_initiated"",""vci_credential_encryption"":""plain"",""vci_grant_type"":""pre_authorization_code""}"
openid4vc-vci-p032,cgTFbhSOHASrB,yyGzIiWQZHzmk3Z,oid4vci-1_0-issuer-happy-flow,True,FINISHED,PASSED,PASSED,"{""authorization_request_type"":""simple"",""client_auth_type"":""private_key_jwt"",""credential_format"":""sd_jwt_vc"",""fapi_profile"":""vci"",""fapi_request_method"":""unsigned"",""fapi_response_mode"":""plain_response"",""openid"":""plain_oauth"",""sender_constrain"":""dpop"",""vci_authorization_code_flow_variant"":""issuer_initiated"",""vci_credential_encryption"":""plain"",""vci_grant_type"":""pre_authorization_code""}"
openid4vc-vci-p032,cgTFbhSOHASrB,tJXEw3m8tdXG9Xe,oid4vci-1_0-issuer-happy-flow-additional-requests,True,FINISHED,PASSED,PASSED,"{""authorization_request_type"":""simple"",""client_auth_type"":""private_key_jwt"",""credential_format"":""sd_jwt_vc"",""fapi_profile"":""vci"",""fapi_request_method"":""unsigned"",""fapi_response_mode"":""plain_response"",""openid"":""plain_oauth"",""sender_constrain"":""dpop"",""vci_authorization_code_flow_variant"":""issuer_initiated"",""vci_credential_encryption"":""plain"",""vci_grant_type"":""pre_authorization_code""}"
openid4vc-vci-p032,cgTFbhSOHASrB,w7Dv5PM6X13yObq,oid4vci-1_0-issuer-happy-flow-multiple-clients,True,FINISHED,PASSED,PASSED,"{""authorization_request_type"":""simple"",""client_auth_type"":""private_key_jwt"",""credential_format"":""sd_jwt_vc"",""fapi_profile"":""vci"",""fapi_request_method"":""unsigned"",""fapi_response_mode"":""plain_response"",""openid"":""plain_oauth"",""sender_constrain"":""dpop"",""vci_authorization_code_flow_variant"":""issuer_initiated"",""vci_credential_encryption"":""plain"",""vci_grant_type"":""pre_authorization_code""}"
openid4vc-vci-p032,cgTFbhSOHASrB,uaVXuwCTToyCDUz,oid4vci-1_0-issuer-happy-flow-skip-notification,True,FINISHED,PASSED,PASSED,"{""authorization_request_type"":""simple"",""client_auth_type"":""private_key_jwt"",""credential_format"":""sd_jwt_vc"",""fapi_profile"":""vci"",""fapi_request_method"":""unsigned"",""fapi_response_mode"":""plain_response"",""openid"":""plain_oauth"",""sender_constrain"":""dpop"",""vci_authorization_code_flow_variant"":""issuer_initiated"",""vci_credential_encryption"":""plain"",""vci_grant_type"":""pre_authorization_code""}"
openid4vc-vci-p032,cgTFbhSOHASrB,5ckwjyF8OGWAegD,oid4vci-1_0-issuer-batch-issuance,True,FINISHED,PASSED,PASSED,"{""authorization_request_type"":""simple"",""client_auth_type"":""private_key_jwt"",""credential_format"":""sd_jwt_vc"",""fapi_profile"":""vci"",""fapi_request_method"":""unsigned"",""fapi_response_mode"":""plain_response"",""openid"":""plain_oauth"",""sender_constrain"":""dpop"",""vci_authorization_code_flow_variant"":""issuer_initiated"",""vci_credential_encryption"":""plain"",""vci_grant_type"":""pre_authorization_code""}"
openid4vc-vci-p032,cgTFbhSOHASrB,QKyBz4leZ92gfM5,oid4vci-1_0-issuer-fail-invalid-nonce,True,FINISHED,PASSED,PASSED,"{""authorization_request_type"":""simple"",""client_auth_type"":""private_key_jwt"",""credential_format"":""sd_jwt_vc"",""fapi_profile"":""vci"",""fapi_request_method"":""unsigned"",""fapi_response_mode"":""plain_response"",""openid"":""plain_oauth"",""sender_constrain"":""dpop"",""vci_authorization_code_flow_variant"":""issuer_initiated"",""vci_credential_encryption"":""plain"",""vci_grant_type"":""pre_authorization_code""}"
openid4vc-vci-p032,cgTFbhSOHASrB,GEfZp84xxe6FczN,oid4vci-1_0-issuer-fail-invalid-jwt-proof-signature,True,FINISHED,PASSED,PASSED,"{""authorization_request_type"":""simple"",""client_auth_type"":""private_key_jwt"",""credential_format"":""sd_jwt_vc"",""fapi_profile"":""vci"",""fapi_request_method"":""unsigned"",""fapi_response_mode"":""plain_response"",""openid"":""plain_oauth"",""sender_constrain"":""dpop"",""vci_authorization_code_flow_variant"":""issuer_initiated"",""vci_credential_encryption"":""plain"",""vci_grant_type"":""pre_authorization_code""}"
openid4vc-vci-p032,cgTFbhSOHASrB,FD0YhjUeOKwK0Q2,oid4vci-1_0-issuer-fail-invalid-key-attestation-signature,True,FINISHED,PASSED,PASSED,"{""authorization_request_type"":""simple"",""client_auth_type"":""private_key_jwt"",""credential_format"":""sd_jwt_vc"",""fapi_profile"":""vci"",""fapi_request_method"":""unsigned"",""fapi_response_mode"":""plain_response"",""openid"":""plain_oauth"",""sender_constrain"":""dpop"",""vci_authorization_code_flow_variant"":""issuer_initiated"",""vci_credential_encryption"":""plain"",""vci_grant_type"":""pre_authorization_code""}"
openid4vc-vci-p032,cgTFbhSOHASrB,XW4ypf4qaw8t8c1,oid4vci-1_0-issuer-fail-missing-proof,True,FINISHED,PASSED,PASSED,"{""authorization_request_type"":""simple"",""client_auth_type"":""private_key_jwt"",""credential_format"":""sd_jwt_vc"",""fapi_profile"":""vci"",""fapi_request_method"":""unsigned"",""fapi_response_mode"":""plain_response"",""openid"":""plain_oauth"",""sender_constrain"":""dpop"",""vci_authorization_code_flow_variant"":""issuer_initiated"",""vci_credential_encryption"":""plain"",""vci_grant_type"":""pre_authorization_code""}"
openid4vc-vci-p032,cgTFbhSOHASrB,8d6CDzGWlDEw3hp,oid4vci-1_0-issuer-fail-unsupported-encryption-algorithm,True,FINISHED,SKIPPED,SKIPPED,"{""authorization_request_type"":""simple"",""client_auth_type"":""private_key_jwt"",""credential_format"":""sd_jwt_vc"",""fapi_profile"":""vci"",""fapi_request_method"":""unsigned"",""fapi_response_mode"":""plain_response"",""openid"":""plain_oauth"",""sender_constrain"":""dpop"",""vci_authorization_code_flow_variant"":""issuer_initiated"",""vci_credential_encryption"":""plain"",""vci_grant_type"":""pre_authorization_code""}"
openid4vc-vci-p032,cgTFbhSOHASrB,lcXJXjdYmrrzu5T,oid4vci-1_0-issuer-fail-unknown-credential-configuration,True,FINISHED,PASSED,PASSED,"{""authorization_request_type"":""simple"",""client_auth_type"":""private_key_jwt"",""credential_format"":""sd_jwt_vc"",""fapi_profile"":""vci"",""fapi_request_method"":""unsigned"",""fapi_response_mode"":""plain_response"",""openid"":""plain_oauth"",""sender_constrain"":""dpop"",""vci_authorization_code_flow_variant"":""issuer_initiated"",""vci_credential_encryption"":""plain"",""vci_grant_type"":""pre_authorization_code""}"
openid4vc-vci-p032,cgTFbhSOHASrB,TALAR6UwcVkRmDR,oid4vci-1_0-issuer-fail-unknown-credential-identifier,True,FINISHED,PASSED,PASSED,"{""authorization_request_type"":""simple"",""client_auth_type"":""private_key_jwt"",""credential_format"":""sd_jwt_vc"",""fapi_profile"":""vci"",""fapi_request_method"":""unsigned"",""fapi_response_mode"":""plain_response"",""openid"":""plain_oauth"",""sender_constrain"":""dpop"",""vci_authorization_code_flow_variant"":""issuer_initiated"",""vci_credential_encryption"":""plain"",""vci_grant_type"":""pre_authorization_code""}"
openid4vc-vci-p032,cgTFbhSOHASrB,yPcu66VTHPokinX,oid4vci-1_0-issuer-fail-on-access-token-in-query,True,FINISHED,PASSED,PASSED,"{""authorization_request_type"":""simple"",""client_auth_type"":""private_key_jwt"",""credential_format"":""sd_jwt_vc"",""fapi_profile"":""vci"",""fapi_request_method"":""unsigned"",""fapi_response_mode"":""plain_response"",""openid"":""plain_oauth"",""sender_constrain"":""dpop"",""vci_authorization_code_flow_variant"":""issuer_initiated"",""vci_credential_encryption"":""plain"",""vci_grant_type"":""pre_authorization_code""}"
openid4vc-vci-p033,B7EtbnJTOQNUc,fN80wFjUTOyD6kK,oid4vci-1_0-issuer-metadata-test,True,FINISHED,PASSED,PASSED,"{""authorization_request_type"":""simple"",""client_auth_type"":""private_key_jwt"",""credential_format"":""mdoc"",""fapi_profile"":""vci"",""fapi_request_method"":""unsigned"",""fapi_response_mode"":""plain_response"",""openid"":""plain_oauth"",""sender_constrain"":""dpop"",""vci_authorization_code_flow_variant"":""issuer_initiated"",""vci_credential_encryption"":""encrypted"",""vci_grant_type"":""pre_authorization_code""}"
openid4vc-vci-p033,B7EtbnJTOQNUc,U4du2phjMj49PFd,oid4vci-1_0-issuer-metadata-test-signed,True,FINISHED,PASSED,PASSED,"{""authorization_request_type"":""simple"",""client_auth_type"":""private_key_jwt"",""credential_format"":""mdoc"",""fapi_profile"":""vci"",""fapi_request_method"":""unsigned"",""fapi_response_mode"":""plain_response"",""openid"":""plain_oauth"",""sender_constrain"":""dpop"",""vci_authorization_code_flow_variant"":""issuer_initiated"",""vci_credential_encryption"":""encrypted"",""vci_grant_type"":""pre_authorization_code""}"
openid4vc-vci-p033,B7EtbnJTOQNUc,1TXqF9QxR2JCP75,oid4vci-1_0-issuer-happy-flow,True,FINISHED,FAILED,FAILED,"{""authorization_request_type"":""simple"",""client_auth_type"":""private_key_jwt"",""credential_format"":""mdoc"",""fapi_profile"":""vci"",""fapi_request_method"":""unsigned"",""fapi_response_mode"":""plain_response"",""openid"":""plain_oauth"",""sender_constrain"":""dpop"",""vci_authorization_code_flow_variant"":""issuer_initiated"",""vci_credential_encryption"":""encrypted"",""vci_grant_type"":""pre_authorization_code""}"
openid4vc-vci-p033,B7EtbnJTOQNUc,7tW76Vl82HdLbUI,oid4vci-1_0-issuer-happy-flow-additional-requests,True,FINISHED,FAILED,FAILED,"{""authorization_request_type"":""simple"",""client_auth_type"":""private_key_jwt"",""credential_format"":""mdoc"",""fapi_profile"":""vci"",""fapi_request_method"":""unsigned"",""fapi_response_mode"":""plain_response"",""openid"":""plain_oauth"",""sender_constrain"":""dpop"",""vci_authorization_code_flow_variant"":""issuer_initiated"",""vci_credential_encryption"":""encrypted"",""vci_grant_type"":""pre_authorization_code""}"
openid4vc-vci-p033,B7EtbnJTOQNUc,0q0NIxSZbPVPccy,oid4vci-1_0-issuer-happy-flow-multiple-clients,True,FINISHED,FAILED,FAILED,"{""authorization_request_type"":""simple"",""client_auth_type"":""private_key_jwt"",""credential_format"":""mdoc"",""fapi_profile"":""vci"",""fapi_request_method"":""unsigned"",""fapi_response_mode"":""plain_response"",""openid"":""plain_oauth"",""sender_constrain"":""dpop"",""vci_authorization_code_flow_variant"":""issuer_initiated"",""vci_credential_encryption"":""encrypted"",""vci_grant_type"":""pre_authorization_code""}"
openid4vc-vci-p033,B7EtbnJTOQNUc,wNIk4cXAx42zWJE,oid4vci-1_0-issuer-happy-flow-skip-notification,True,FINISHED,FAILED,FAILED,"{""authorization_request_type"":""simple"",""client_auth_type"":""private_key_jwt"",""credential_format"":""mdoc"",""fapi_profile"":""vci"",""fapi_request_method"":""unsigned"",""fapi_response_mode"":""plain_response"",""openid"":""plain_oauth"",""sender_constrain"":""dpop"",""vci_authorization_code_flow_variant"":""issuer_initiated"",""vci_credential_encryption"":""encrypted"",""vci_grant_type"":""pre_authorization_code""}"
openid4vc-vci-p033,B7EtbnJTOQNUc,JVrFuX3a9ux3Qi3,oid4vci-1_0-issuer-batch-issuance,True,FINISHED,FAILED,FAILED,"{""authorization_request_type"":""simple"",""client_auth_type"":""private_key_jwt"",""credential_format"":""mdoc"",""fapi_profile"":""vci"",""fapi_request_method"":""unsigned"",""fapi_response_mode"":""plain_response"",""openid"":""plain_oauth"",""sender_constrain"":""dpop"",""vci_authorization_code_flow_variant"":""issuer_initiated"",""vci_credential_encryption"":""encrypted"",""vci_grant_type"":""pre_authorization_code""}"
openid4vc-vci-p033,B7EtbnJTOQNUc,SP0KcncgDPGPJ4B,oid4vci-1_0-issuer-fail-invalid-nonce,True,FINISHED,PASSED,PASSED,"{""authorization_request_type"":""simple"",""client_auth_type"":""private_key_jwt"",""credential_format"":""mdoc"",""fapi_profile"":""vci"",""fapi_request_method"":""unsigned"",""fapi_response_mode"":""plain_response"",""openid"":""plain_oauth"",""sender_constrain"":""dpop"",""vci_authorization_code_flow_variant"":""issuer_initiated"",""vci_credential_encryption"":""encrypted"",""vci_grant_type"":""pre_authorization_code""}"
openid4vc-vci-p033,B7EtbnJTOQNUc,FLfgpG4hcNdAaxU,oid4vci-1_0-issuer-fail-invalid-jwt-proof-signature,True,FINISHED,PASSED,PASSED,"{""authorization_request_type"":""simple"",""client_auth_type"":""private_key_jwt"",""credential_format"":""mdoc"",""fapi_profile"":""vci"",""fapi_request_method"":""unsigned"",""fapi_response_mode"":""plain_response"",""openid"":""plain_oauth"",""sender_constrain"":""dpop"",""vci_authorization_code_flow_variant"":""issuer_initiated"",""vci_credential_encryption"":""encrypted"",""vci_grant_type"":""pre_authorization_code""}"
openid4vc-vci-p033,B7EtbnJTOQNUc,miirEbrdrynBoFj,oid4vci-1_0-issuer-fail-invalid-key-attestation-signature,True,FINISHED,PASSED,PASSED,"{""authorization_request_type"":""simple"",""client_auth_type"":""private_key_jwt"",""credential_format"":""mdoc"",""fapi_profile"":""vci"",""fapi_request_method"":""unsigned"",""fapi_response_mode"":""plain_response"",""openid"":""plain_oauth"",""sender_constrain"":""dpop"",""vci_authorization_code_flow_variant"":""issuer_initiated"",""vci_credential_encryption"":""encrypted"",""vci_grant_type"":""pre_authorization_code""}"
openid4vc-vci-p033,B7EtbnJTOQNUc,JPat63fyAXHewiT,oid4vci-1_0-issuer-fail-missing-proof,True,FINISHED,PASSED,PASSED,"{""authorization_request_type"":""simple"",""client_auth_type"":""private_key_jwt"",""credential_format"":""mdoc"",""fapi_profile"":""vci"",""fapi_request_method"":""unsigned"",""fapi_response_mode"":""plain_response"",""openid"":""plain_oauth"",""sender_constrain"":""dpop"",""vci_authorization_code_flow_variant"":""issuer_initiated"",""vci_credential_encryption"":""encrypted"",""vci_grant_type"":""pre_authorization_code""}"
openid4vc-vci-p033,B7EtbnJTOQNUc,U6hRGr2ygacQjej,oid4vci-1_0-issuer-fail-unsupported-encryption-algorithm,True,FINISHED,PASSED,PASSED,"{""authorization_request_type"":""simple"",""client_auth_type"":""private_key_jwt"",""credential_format"":""mdoc"",""fapi_profile"":""vci"",""fapi_request_method"":""unsigned"",""fapi_response_mode"":""plain_response"",""openid"":""plain_oauth"",""sender_constrain"":""dpop"",""vci_authorization_code_flow_variant"":""issuer_initiated"",""vci_credential_encryption"":""encrypted"",""vci_grant_type"":""pre_authorization_code""}"
openid4vc-vci-p033,B7EtbnJTOQNUc,6emKt9c7r3uip0i,oid4vci-1_0-issuer-fail-unknown-credential-configuration,True,FINISHED,PASSED,PASSED,"{""authorization_request_type"":""simple"",""client_auth_type"":""private_key_jwt"",""credential_format"":""mdoc"",""fapi_profile"":""vci"",""fapi_request_method"":""unsigned"",""fapi_response_mode"":""plain_response"",""openid"":""plain_oauth"",""sender_constrain"":""dpop"",""vci_authorization_code_flow_variant"":""issuer_initiated"",""vci_credential_encryption"":""encrypted"",""vci_grant_type"":""pre_authorization_code""}"
openid4vc-vci-p033,B7EtbnJTOQNUc,F66oZnDjtXd96zg,oid4vci-1_0-issuer-fail-unknown-credential-identifier,True,FINISHED,PASSED,PASSED,"{""authorization_request_type"":""simple"",""client_auth_type"":""private_key_jwt"",""credential_format"":""mdoc"",""fapi_profile"":""vci"",""fapi_request_method"":""unsigned"",""fapi_response_mode"":""plain_response"",""openid"":""plain_oauth"",""sender_constrain"":""dpop"",""vci_authorization_code_flow_variant"":""issuer_initiated"",""vci_credential_encryption"":""encrypted"",""vci_grant_type"":""pre_authorization_code""}"
openid4vc-vci-p033,B7EtbnJTOQNUc,ZqrMv2zMLWZ3o0e,oid4vci-1_0-issuer-fail-on-access-token-in-query,True,FINISHED,FAILED,FAILED,"{""authorization_request_type"":""simple"",""client_auth_type"":""private_key_jwt"",""credential_format"":""mdoc"",""fapi_profile"":""vci"",""fapi_request_method"":""unsigned"",""fapi_response_mode"":""plain_response"",""openid"":""plain_oauth"",""sender_constrain"":""dpop"",""vci_authorization_code_flow_variant"":""issuer_initiated"",""vci_credential_encryption"":""encrypted"",""vci_grant_type"":""pre_authorization_code""}"
openid4vc-vci-haip-p034,7gyNPmZ4nvzQY,Hha2t4LfouctpZK,oid4vci-1_0-issuer-metadata-test,True,FINISHED,PASSED,PASSED,"{""client_auth_type"":""client_attestation"",""credential_format"":""sd_jwt_vc"",""fapi_profile"":""vci_haip"",""vci_authorization_code_flow_variant"":""wallet_initiated""}"
openid4vc-vci-haip-p034,7gyNPmZ4nvzQY,lrAHHYzypuQmTdH,oid4vci-1_0-issuer-metadata-test-signed,True,FINISHED,PASSED,PASSED,"{""client_auth_type"":""client_attestation"",""credential_format"":""sd_jwt_vc"",""fapi_profile"":""vci_haip"",""vci_authorization_code_flow_variant"":""wallet_initiated""}"
openid4vc-vci-haip-p034,7gyNPmZ4nvzQY,20zq4iGNYVFeiXd,oid4vci-1_0-issuer-happy-flow,True,FINISHED,PASSED,PASSED,"{""authorization_request_type"":""simple"",""client_auth_type"":""client_attestation"",""credential_format"":""sd_jwt_vc"",""fapi_profile"":""vci_haip"",""fapi_request_method"":""unsigned"",""fapi_response_mode"":""plain_response"",""openid"":""plain_oauth"",""sender_constrain"":""dpop"",""vci_authorization_code_flow_variant"":""wallet_initiated"",""vci_credential_encryption"":""plain"",""vci_grant_type"":""authorization_code""}"
openid4vc-vci-haip-p034,7gyNPmZ4nvzQY,3NTsMXWYn2pIeQ7,oid4vci-1_0-issuer-happy-flow-additional-requests,True,FINISHED,PASSED,PASSED,"{""authorization_request_type"":""simple"",""client_auth_type"":""client_attestation"",""credential_format"":""sd_jwt_vc"",""fapi_profile"":""vci_haip"",""fapi_request_method"":""unsigned"",""fapi_response_mode"":""plain_response"",""openid"":""plain_oauth"",""sender_constrain"":""dpop"",""vci_authorization_code_flow_variant"":""wallet_initiated"",""vci_credential_encryption"":""plain"",""vci_grant_type"":""authorization_code""}"
openid4vc-vci-haip-p034,7gyNPmZ4nvzQY,BD7g70IAjbdZ7lK,oid4vci-1_0-issuer-happy-flow-multiple-clients,True,FINISHED,PASSED,PASSED,"{""authorization_request_type"":""simple"",""client_auth_type"":""client_attestation"",""credential_format"":""sd_jwt_vc"",""fapi_profile"":""vci_haip"",""fapi_request_method"":""unsigned"",""fapi_response_mode"":""plain_response"",""openid"":""plain_oauth"",""sender_constrain"":""dpop"",""vci_authorization_code_flow_variant"":""wallet_initiated"",""vci_credential_encryption"":""plain"",""vci_grant_type"":""authorization_code""}"
openid4vc-vci-haip-p034,7gyNPmZ4nvzQY,5inGZqXXAUtz8P7,oid4vci-1_0-issuer-happy-flow-skip-notification,True,FINISHED,PASSED,PASSED,"{""authorization_request_type"":""simple"",""client_auth_type"":""client_attestation"",""credential_format"":""sd_jwt_vc"",""fapi_profile"":""vci_haip"",""fapi_request_method"":""unsigned"",""fapi_response_mode"":""plain_response"",""openid"":""plain_oauth"",""sender_constrain"":""dpop"",""vci_authorization_code_flow_variant"":""wallet_initiated"",""vci_credential_encryption"":""plain"",""vci_grant_type"":""authorization_code""}"
openid4vc-vci-haip-p034,7gyNPmZ4nvzQY,6Al0zB1km5CT9ZK,oid4vci-1_0-issuer-batch-issuance,True,FINISHED,PASSED,PASSED,"{""authorization_request_type"":""simple"",""client_auth_type"":""client_attestation"",""credential_format"":""sd_jwt_vc"",""fapi_profile"":""vci_haip"",""fapi_request_method"":""unsigned"",""fapi_response_mode"":""plain_response"",""openid"":""plain_oauth"",""sender_constrain"":""dpop"",""vci_authorization_code_flow_variant"":""wallet_initiated"",""vci_credential_encryption"":""plain"",""vci_grant_type"":""authorization_code""}"
openid4vc-vci-haip-p034,7gyNPmZ4nvzQY,MfSuV3D9n8GZg2D,oid4vci-1_0-issuer-fail-invalid-nonce,True,FINISHED,PASSED,PASSED,"{""authorization_request_type"":""simple"",""client_auth_type"":""client_attestation"",""credential_format"":""sd_jwt_vc"",""fapi_profile"":""vci_haip"",""fapi_request_method"":""unsigned"",""fapi_response_mode"":""plain_response"",""openid"":""plain_oauth"",""sender_constrain"":""dpop"",""vci_authorization_code_flow_variant"":""wallet_initiated"",""vci_credential_encryption"":""plain"",""vci_grant_type"":""authorization_code""}"
openid4vc-vci-haip-p034,7gyNPmZ4nvzQY,dOI9hwOBs5NjOpp,oid4vci-1_0-issuer-fail-invalid-jwt-proof-signature,True,FINISHED,PASSED,PASSED,"{""authorization_request_type"":""simple"",""client_auth_type"":""client_attestation"",""credential_format"":""sd_jwt_vc"",""fapi_profile"":""vci_haip"",""fapi_request_method"":""unsigned"",""fapi_response_mode"":""plain_response"",""openid"":""plain_oauth"",""sender_constrain"":""dpop"",""vci_authorization_code_flow_variant"":""wallet_initiated"",""vci_credential_encryption"":""plain"",""vci_grant_type"":""authorization_code""}"
openid4vc-vci-haip-p034,7gyNPmZ4nvzQY,yYZvNHH8qKQsHZ4,oid4vci-1_0-issuer-fail-invalid-key-attestation-signature,True,FINISHED,PASSED,PASSED,"{""authorization_request_type"":""simple"",""client_auth_type"":""client_attestation"",""credential_format"":""sd_jwt_vc"",""fapi_profile"":""vci_haip"",""fapi_request_method"":""unsigned"",""fapi_response_mode"":""plain_response"",""openid"":""plain_oauth"",""sender_constrain"":""dpop"",""vci_authorization_code_flow_variant"":""wallet_initiated"",""vci_credential_encryption"":""plain"",""vci_grant_type"":""authorization_code""}"
openid4vc-vci-haip-p034,7gyNPmZ4nvzQY,40x9ortzKsZjrB7,oid4vci-1_0-issuer-fail-invalid-client-attestation-signature,True,FINISHED,PASSED,PASSED,"{""authorization_request_type"":""simple"",""client_auth_type"":""client_attestation"",""credential_format"":""sd_jwt_vc"",""fapi_profile"":""vci_haip"",""fapi_request_method"":""unsigned"",""fapi_response_mode"":""plain_response"",""openid"":""plain_oauth"",""sender_constrain"":""dpop"",""vci_authorization_code_flow_variant"":""wallet_initiated"",""vci_credential_encryption"":""plain"",""vci_grant_type"":""authorization_code""}"
openid4vc-vci-haip-p034,7gyNPmZ4nvzQY,jyWORnwhI7IV8KC,oid4vci-1_0-issuer-fail-invalid-client-attestation-pop-signature,True,FINISHED,PASSED,PASSED,"{""authorization_request_type"":""simple"",""client_auth_type"":""client_attestation"",""credential_format"":""sd_jwt_vc"",""fapi_profile"":""vci_haip"",""fapi_request_method"":""unsigned"",""fapi_response_mode"":""plain_response"",""openid"":""plain_oauth"",""sender_constrain"":""dpop"",""vci_authorization_code_flow_variant"":""wallet_initiated"",""vci_credential_encryption"":""plain"",""vci_grant_type"":""authorization_code""}"
openid4vc-vci-haip-p034,7gyNPmZ4nvzQY,FqyeqZjCAcVMxiv,oid4vci-1_0-issuer-fail-client-attestation-exp-in-past,True,FINISHED,PASSED,PASSED,"{""authorization_request_type"":""simple"",""client_auth_type"":""client_attestation"",""credential_format"":""sd_jwt_vc"",""fapi_profile"":""vci_haip"",""fapi_request_method"":""unsigned"",""fapi_response_mode"":""plain_response"",""openid"":""plain_oauth"",""sender_constrain"":""dpop"",""vci_authorization_code_flow_variant"":""wallet_initiated"",""vci_credential_encryption"":""plain"",""vci_grant_type"":""authorization_code""}"
openid4vc-vci-haip-p034,7gyNPmZ4nvzQY,4jexFoJYUuTLGus,oid4vci-1_0-issuer-fail-client-attestation-no-sub,True,FINISHED,PASSED,PASSED,"{""authorization_request_type"":""simple"",""client_auth_type"":""client_attestation"",""credential_format"":""sd_jwt_vc"",""fapi_profile"":""vci_haip"",""fapi_request_method"":""unsigned"",""fapi_response_mode"":""plain_response"",""openid"":""plain_oauth"",""sender_constrain"":""dpop"",""vci_authorization_code_flow_variant"":""wallet_initiated"",""vci_credential_encryption"":""plain"",""vci_grant_type"":""authorization_code""}"
openid4vc-vci-haip-p034,7gyNPmZ4nvzQY,cs4zKZjSEE5gDYr,oid4vci-1_0-issuer-fail-client-attestation-pop-wrong-aud,True,FINISHED,PASSED,PASSED,"{""authorization_request_type"":""simple"",""client_auth_type"":""client_attestation"",""credential_format"":""sd_jwt_vc"",""fapi_profile"":""vci_haip"",""fapi_request_method"":""unsigned"",""fapi_response_mode"":""plain_response"",""openid"":""plain_oauth"",""sender_constrain"":""dpop"",""vci_authorization_code_flow_variant"":""wallet_initiated"",""vci_credential_encryption"":""plain"",""vci_grant_type"":""authorization_code""}"
openid4vc-vci-haip-p034,7gyNPmZ4nvzQY,SQrkLGuWgMid7Fo,oid4vci-1_0-issuer-fail-mismatched-client-attestation-pop-key,True,FINISHED,PASSED,PASSED,"{""authorization_request_type"":""simple"",""client_auth_type"":""client_attestation"",""credential_format"":""sd_jwt_vc"",""fapi_profile"":""vci_haip"",""fapi_request_method"":""unsigned"",""fapi_response_mode"":""plain_response"",""openid"":""plain_oauth"",""sender_constrain"":""dpop"",""vci_authorization_code_flow_variant"":""wallet_initiated"",""vci_credential_encryption"":""plain"",""vci_grant_type"":""authorization_code""}"
openid4vc-vci-haip-p034,7gyNPmZ4nvzQY,ZO7I6cuvm3jleCf,oid4vci-1_0-issuer-fail-missing-proof,True,FINISHED,PASSED,PASSED,"{""authorization_request_type"":""simple"",""client_auth_type"":""client_attestation"",""credential_format"":""sd_jwt_vc"",""fapi_profile"":""vci_haip"",""fapi_request_method"":""unsigned"",""fapi_response_mode"":""plain_response"",""openid"":""plain_oauth"",""sender_constrain"":""dpop"",""vci_authorization_code_flow_variant"":""wallet_initiated"",""vci_credential_encryption"":""plain"",""vci_grant_type"":""authorization_code""}"
openid4vc-vci-haip-p034,7gyNPmZ4nvzQY,OQAYSNYxZZh1YBU,oid4vci-1_0-issuer-fail-unknown-credential-configuration,True,FINISHED,PASSED,PASSED,"{""authorization_request_type"":""simple"",""client_auth_type"":""client_attestation"",""credential_format"":""sd_jwt_vc"",""fapi_profile"":""vci_haip"",""fapi_request_method"":""unsigned"",""fapi_response_mode"":""plain_response"",""openid"":""plain_oauth"",""sender_constrain"":""dpop"",""vci_authorization_code_flow_variant"":""wallet_initiated"",""vci_credential_encryption"":""plain"",""vci_grant_type"":""authorization_code""}"
openid4vc-vci-haip-p034,7gyNPmZ4nvzQY,hr6xae0H27qHq6F,oid4vci-1_0-issuer-fail-unknown-credential-identifier,True,FINISHED,PASSED,PASSED,"{""authorization_request_type"":""simple"",""client_auth_type"":""client_attestation"",""credential_format"":""sd_jwt_vc"",""fapi_profile"":""vci_haip"",""fapi_request_method"":""unsigned"",""fapi_response_mode"":""plain_response"",""openid"":""plain_oauth"",""sender_constrain"":""dpop"",""vci_authorization_code_flow_variant"":""wallet_initiated"",""vci_credential_encryption"":""plain"",""vci_grant_type"":""authorization_code""}"
openid4vc-vci-haip-p034,7gyNPmZ4nvzQY,DxeJW2zNpxZZYgL,oid4vci-1_0-issuer-fail-on-access-token-in-query,True,FINISHED,PASSED,PASSED,"{""authorization_request_type"":""simple"",""client_auth_type"":""client_attestation"",""credential_format"":""sd_jwt_vc"",""fapi_profile"":""vci_haip"",""fapi_request_method"":""unsigned"",""fapi_response_mode"":""plain_response"",""openid"":""plain_oauth"",""sender_constrain"":""dpop"",""vci_authorization_code_flow_variant"":""wallet_initiated"",""vci_credential_encryption"":""plain"",""vci_grant_type"":""authorization_code""}"
openid4vc-vci-haip-p034,7gyNPmZ4nvzQY,N2iPsf11lKN5KJG,oid4vci-1_0-issuer-happy-flow,True,FINISHED,PASSED,PASSED,"{""authorization_request_type"":""simple"",""client_auth_type"":""client_attestation"",""credential_format"":""sd_jwt_vc"",""fapi_profile"":""vci_haip"",""fapi_request_method"":""unsigned"",""fapi_response_mode"":""plain_response"",""openid"":""plain_oauth"",""sender_constrain"":""dpop"",""vci_authorization_code_flow_variant"":""wallet_initiated"",""vci_credential_encryption"":""encrypted"",""vci_grant_type"":""authorization_code""}"
openid4vc-vci-haip-p034,7gyNPmZ4nvzQY,TxfCe3tfU9rDLbT,oid4vci-1_0-issuer-fail-unknown-credential-configuration,True,FINISHED,PASSED,PASSED,"{""authorization_request_type"":""simple"",""client_auth_type"":""client_attestation"",""credential_format"":""sd_jwt_vc"",""fapi_profile"":""vci_haip"",""fapi_request_method"":""unsigned"",""fapi_response_mode"":""plain_response"",""openid"":""plain_oauth"",""sender_constrain"":""dpop"",""vci_authorization_code_flow_variant"":""wallet_initiated"",""vci_credential_encryption"":""encrypted"",""vci_grant_type"":""authorization_code""}"
openid4vc-vci-haip-p034,7gyNPmZ4nvzQY,ZJDfa2WRe7yPf2d,oid4vci-1_0-issuer-fail-unsupported-encryption-algorithm,True,FINISHED,PASSED,PASSED,"{""authorization_request_type"":""simple"",""client_auth_type"":""client_attestation"",""credential_format"":""sd_jwt_vc"",""fapi_profile"":""vci_haip"",""fapi_request_method"":""unsigned"",""fapi_response_mode"":""plain_response"",""openid"":""plain_oauth"",""sender_constrain"":""dpop"",""vci_authorization_code_flow_variant"":""wallet_initiated"",""vci_credential_encryption"":""encrypted"",""vci_grant_type"":""authorization_code""}"
openid4vc-vci-haip-p034,7gyNPmZ4nvzQY,HfeTDhR04Q4AISs,fapi2-security-profile-final-discovery-end-point-verification,True,FINISHED,PASSED,PASSED,"{""authorization_request_type"":""simple"",""client_auth_type"":""client_attestation"",""credential_format"":""sd_jwt_vc"",""fapi_profile"":""vci_haip"",""fapi_request_method"":""unsigned"",""fapi_response_mode"":""plain_response"",""openid"":""plain_oauth"",""sender_constrain"":""dpop"",""vci_authorization_code_flow_variant"":""wallet_initiated""}"
openid4vc-vci-haip-p034,7gyNPmZ4nvzQY,ovh1HB1dv5nz1Ii,fapi2-security-profile-final-happy-flow,True,FINISHED,WARNING,WARNING,"{""authorization_request_type"":""simple"",""client_auth_type"":""client_attestation"",""credential_format"":""sd_jwt_vc"",""fapi_profile"":""vci_haip"",""fapi_request_method"":""unsigned"",""fapi_response_mode"":""plain_response"",""openid"":""plain_oauth"",""sender_constrain"":""dpop"",""vci_authorization_code_flow_variant"":""wallet_initiated"",""vci_credential_encryption"":""plain"",""vci_grant_type"":""authorization_code""}"
openid4vc-vci-haip-p034,7gyNPmZ4nvzQY,unk9IyngQRon7dh,fapi2-security-profile-final-user-rejects-authentication,True,FINISHED,PASSED,PASSED,"{""authorization_request_type"":""simple"",""client_auth_type"":""client_attestation"",""credential_format"":""sd_jwt_vc"",""fapi_profile"":""vci_haip"",""fapi_request_method"":""unsigned"",""fapi_response_mode"":""plain_response"",""openid"":""plain_oauth"",""sender_constrain"":""dpop"",""vci_authorization_code_flow_variant"":""wallet_initiated"",""vci_credential_encryption"":""plain"",""vci_grant_type"":""authorization_code""}"
openid4vc-vci-haip-p034,7gyNPmZ4nvzQY,UF4sVmLsICZCOJV,fapi2-security-profile-final-ensure-authorization-request-without-state-success,True,FINISHED,PASSED,PASSED,"{""authorization_request_type"":""simple"",""client_auth_type"":""client_attestation"",""credential_format"":""sd_jwt_vc"",""fapi_profile"":""vci_haip"",""fapi_request_method"":""unsigned"",""fapi_response_mode"":""plain_response"",""openid"":""plain_oauth"",""sender_constrain"":""dpop"",""vci_authorization_code_flow_variant"":""wallet_initiated"",""vci_credential_encryption"":""plain"",""vci_grant_type"":""authorization_code""}"
openid4vc-vci-haip-p034,7gyNPmZ4nvzQY,ImNr0F39rsQV0Wd,fapi2-security-profile-final-access-token-type-header-case-sensitivity,True,FINISHED,PASSED,PASSED,"{""authorization_request_type"":""simple"",""client_auth_type"":""client_attestation"",""credential_format"":""sd_jwt_vc"",""fapi_profile"":""vci_haip"",""fapi_request_method"":""unsigned"",""fapi_response_mode"":""plain_response"",""openid"":""plain_oauth"",""sender_constrain"":""dpop"",""vci_authorization_code_flow_variant"":""wallet_initiated"",""vci_credential_encryption"":""plain"",""vci_grant_type"":""authorization_code""}"
openid4vc-vci-haip-p034,7gyNPmZ4nvzQY,RLzZBtMop1OInit,fapi2-security-profile-final-check-dpop-proof-nbf-exp,True,FINISHED,PASSED,PASSED,"{""authorization_request_type"":""simple"",""client_auth_type"":""client_attestation"",""credential_format"":""sd_jwt_vc"",""fapi_profile"":""vci_haip"",""fapi_request_method"":""unsigned"",""fapi_response_mode"":""plain_response"",""openid"":""plain_oauth"",""sender_constrain"":""dpop"",""vci_authorization_code_flow_variant"":""wallet_initiated"",""vci_credential_encryption"":""plain"",""vci_grant_type"":""authorization_code""}"
openid4vc-vci-haip-p034,7gyNPmZ4nvzQY,EEbNQYXuHX6vpY6,fapi2-security-profile-final-ensure-dpopproof-with-iat-10seconds-before-succeeds,True,FINISHED,PASSED,PASSED,"{""authorization_request_type"":""simple"",""client_auth_type"":""client_attestation"",""credential_format"":""sd_jwt_vc"",""fapi_profile"":""vci_haip"",""fapi_request_method"":""unsigned"",""fapi_response_mode"":""plain_response"",""openid"":""plain_oauth"",""sender_constrain"":""dpop"",""vci_authorization_code_flow_variant"":""wallet_initiated"",""vci_credential_encryption"":""plain"",""vci_grant_type"":""authorization_code""}"
openid4vc-vci-haip-p034,7gyNPmZ4nvzQY,0FnZ8AHKAPeZEch,fapi2-security-profile-final-ensure-dpopproof-with-iat-10seconds-after-succeeds,True,FINISHED,PASSED,PASSED,"{""authorization_request_type"":""simple"",""client_auth_type"":""client_attestation"",""credential_format"":""sd_jwt_vc"",""fapi_profile"":""vci_haip"",""fapi_request_method"":""unsigned"",""fapi_response_mode"":""plain_response"",""openid"":""plain_oauth"",""sender_constrain"":""dpop"",""vci_authorization_code_flow_variant"":""wallet_initiated"",""vci_credential_encryption"":""plain"",""vci_grant_type"":""authorization_code""}"
openid4vc-vci-haip-p034,7gyNPmZ4nvzQY,d8FBQ6GxO4hf74s,fapi2-security-profile-final-ensure-mismatched-dpop-jkt-fails,True,FINISHED,PASSED,PASSED,"{""authorization_request_type"":""simple"",""client_auth_type"":""client_attestation"",""credential_format"":""sd_jwt_vc"",""fapi_profile"":""vci_haip"",""fapi_request_method"":""unsigned"",""fapi_response_mode"":""plain_response"",""openid"":""plain_oauth"",""sender_constrain"":""dpop"",""vci_authorization_code_flow_variant"":""wallet_initiated"",""vci_credential_encryption"":""plain"",""vci_grant_type"":""authorization_code""}"
openid4vc-vci-haip-p034,7gyNPmZ4nvzQY,Al15loYFdRifrU8,fapi2-security-profile-final-ensure-token-endpoint-fails-with-mismatched-dpop-proof-jkt,True,FINISHED,PASSED,PASSED,"{""authorization_request_type"":""simple"",""client_auth_type"":""client_attestation"",""credential_format"":""sd_jwt_vc"",""fapi_profile"":""vci_haip"",""fapi_request_method"":""unsigned"",""fapi_response_mode"":""plain_response"",""openid"":""plain_oauth"",""sender_constrain"":""dpop"",""vci_authorization_code_flow_variant"":""wallet_initiated"",""vci_credential_encryption"":""plain"",""vci_grant_type"":""authorization_code""}"
openid4vc-vci-haip-p034,7gyNPmZ4nvzQY,I52XBpCRqJ3QaUT,fapi2-security-profile-final-ensure-token-endpoint-fails-with-mismatched-dpop-jkt,True,FINISHED,PASSED,PASSED,"{""authorization_request_type"":""simple"",""client_auth_type"":""client_attestation"",""credential_format"":""sd_jwt_vc"",""fapi_profile"":""vci_haip"",""fapi_request_method"":""unsigned"",""fapi_response_mode"":""plain_response"",""openid"":""plain_oauth"",""sender_constrain"":""dpop"",""vci_authorization_code_flow_variant"":""wallet_initiated"",""vci_credential_encryption"":""plain"",""vci_grant_type"":""authorization_code""}"
openid4vc-vci-haip-p034,7gyNPmZ4nvzQY,4Qr5tGIrsrCZV0M,fapi2-security-profile-final-ensure-dpopproof-at-par-endpoint-binding-success,True,FINISHED,PASSED,PASSED,"{""authorization_request_type"":""simple"",""client_auth_type"":""client_attestation"",""credential_format"":""sd_jwt_vc"",""fapi_profile"":""vci_haip"",""fapi_request_method"":""unsigned"",""fapi_response_mode"":""plain_response"",""openid"":""plain_oauth"",""sender_constrain"":""dpop"",""vci_authorization_code_flow_variant"":""wallet_initiated"",""vci_credential_encryption"":""plain"",""vci_grant_type"":""authorization_code""}"
openid4vc-vci-haip-p034,7gyNPmZ4nvzQY,WoMhjviyEie1rlV,fapi2-security-profile-final-ensure-dpop-auth-code-binding-success,True,FINISHED,PASSED,PASSED,"{""authorization_request_type"":""simple"",""client_auth_type"":""client_attestation"",""credential_format"":""sd_jwt_vc"",""fapi_profile"":""vci_haip"",""fapi_request_method"":""unsigned"",""fapi_response_mode"":""plain_response"",""openid"":""plain_oauth"",""sender_constrain"":""dpop"",""vci_authorization_code_flow_variant"":""wallet_initiated"",""vci_credential_encryption"":""plain"",""vci_grant_type"":""authorization_code""}"
openid4vc-vci-haip-p034,7gyNPmZ4nvzQY,JmRp0ka91bSOA6C,fapi2-security-profile-final-ensure-different-state-inside-and-outside-request-object,True,FINISHED,PASSED,PASSED,"{""authorization_request_type"":""simple"",""client_auth_type"":""client_attestation"",""credential_format"":""sd_jwt_vc"",""fapi_profile"":""vci_haip"",""fapi_request_method"":""unsigned"",""fapi_response_mode"":""plain_response"",""openid"":""plain_oauth"",""sender_constrain"":""dpop"",""vci_authorization_code_flow_variant"":""wallet_initiated"",""vci_credential_encryption"":""plain"",""vci_grant_type"":""authorization_code""}"
openid4vc-vci-haip-p034,7gyNPmZ4nvzQY,sSNxsZ8hG2fhm70,fapi2-security-profile-final-ensure-authorization-request-with-long-state,True,FINISHED,PASSED,PASSED,"{""authorization_request_type"":""simple"",""client_auth_type"":""client_attestation"",""credential_format"":""sd_jwt_vc"",""fapi_profile"":""vci_haip"",""fapi_request_method"":""unsigned"",""fapi_response_mode"":""plain_response"",""openid"":""plain_oauth"",""sender_constrain"":""dpop"",""vci_authorization_code_flow_variant"":""wallet_initiated"",""vci_credential_encryption"":""plain"",""vci_grant_type"":""authorization_code""}"
openid4vc-vci-haip-p034,7gyNPmZ4nvzQY,nQAY7uEI4sO8GKK,fapi2-security-profile-final-state-only-outside-request-object-not-used,True,FINISHED,PASSED,PASSED,"{""authorization_request_type"":""simple"",""client_auth_type"":""client_attestation"",""credential_format"":""sd_jwt_vc"",""fapi_profile"":""vci_haip"",""fapi_request_method"":""unsigned"",""fapi_response_mode"":""plain_response"",""openid"":""plain_oauth"",""sender_constrain"":""dpop"",""vci_authorization_code_flow_variant"":""wallet_initiated"",""vci_credential_encryption"":""plain"",""vci_grant_type"":""authorization_code""}"
openid4vc-vci-haip-p034,7gyNPmZ4nvzQY,Hg2O5fOIQ7AdsbF,fapi2-security-profile-final-ensure-request-object-without-redirect-uri-fails,True,FINISHED,PASSED,PASSED,"{""authorization_request_type"":""simple"",""client_auth_type"":""client_attestation"",""credential_format"":""sd_jwt_vc"",""fapi_profile"":""vci_haip"",""fapi_request_method"":""unsigned"",""fapi_response_mode"":""plain_response"",""openid"":""plain_oauth"",""sender_constrain"":""dpop"",""vci_authorization_code_flow_variant"":""wallet_initiated"",""vci_credential_encryption"":""plain"",""vci_grant_type"":""authorization_code""}"
openid4vc-vci-haip-p034,7gyNPmZ4nvzQY,uE3kpXom7lVFpbm,fapi2-security-profile-final-plain-fapi-tolerate-unregistered-redirect-uri,True,FINISHED,PASSED,PASSED,"{""authorization_request_type"":""simple"",""client_auth_type"":""client_attestation"",""credential_format"":""sd_jwt_vc"",""fapi_profile"":""vci_haip"",""fapi_request_method"":""unsigned"",""fapi_response_mode"":""plain_response"",""openid"":""plain_oauth"",""sender_constrain"":""dpop"",""vci_authorization_code_flow_variant"":""wallet_initiated"",""vci_credential_encryption"":""plain"",""vci_grant_type"":""authorization_code""}"
openid4vc-vci-haip-p034,7gyNPmZ4nvzQY,ewG5EwQvBmUmeKW,fapi2-security-profile-final-ensure-unsigned-authorization-request-without-using-par-fails,True,FINISHED,FAILED,FAILED,"{""authorization_request_type"":""simple"",""client_auth_type"":""client_attestation"",""credential_format"":""sd_jwt_vc"",""fapi_profile"":""vci_haip"",""fapi_request_method"":""unsigned"",""fapi_response_mode"":""plain_response"",""openid"":""plain_oauth"",""sender_constrain"":""dpop"",""vci_authorization_code_flow_variant"":""wallet_initiated"",""vci_credential_encryption"":""plain"",""vci_grant_type"":""authorization_code""}"
openid4vc-vci-haip-p034,7gyNPmZ4nvzQY,Ezy7iKc2WCTNwBN,fapi2-security-profile-final-ensure-redirect-uri-in-authorization-request,True,FINISHED,PASSED,PASSED,"{""authorization_request_type"":""simple"",""client_auth_type"":""client_attestation"",""credential_format"":""sd_jwt_vc"",""fapi_profile"":""vci_haip"",""fapi_request_method"":""unsigned"",""fapi_response_mode"":""plain_response"",""openid"":""plain_oauth"",""sender_constrain"":""dpop"",""vci_authorization_code_flow_variant"":""wallet_initiated"",""vci_credential_encryption"":""plain"",""vci_grant_type"":""authorization_code""}"
openid4vc-vci-haip-p034,7gyNPmZ4nvzQY,keaBhKl8WbtfO95,fapi2-security-profile-final-ensure-response-type-code-idtoken-fails,True,FINISHED,PASSED,PASSED,"{""authorization_request_type"":""simple"",""client_auth_type"":""client_attestation"",""credential_format"":""sd_jwt_vc"",""fapi_profile"":""vci_haip"",""fapi_request_method"":""unsigned"",""fapi_response_mode"":""plain_response"",""openid"":""plain_oauth"",""sender_constrain"":""dpop"",""vci_authorization_code_flow_variant"":""wallet_initiated"",""vci_credential_encryption"":""plain"",""vci_grant_type"":""authorization_code""}"
openid4vc-vci-haip-p034,7gyNPmZ4nvzQY,D3ksqdcnSWFstb2,fapi2-security-profile-final-ensure-response-type-token-fails,True,FINISHED,PASSED,PASSED,"{""authorization_request_type"":""simple"",""client_auth_type"":""client_attestation"",""credential_format"":""sd_jwt_vc"",""fapi_profile"":""vci_haip"",""fapi_request_method"":""unsigned"",""fapi_response_mode"":""plain_response"",""openid"":""plain_oauth"",""sender_constrain"":""dpop"",""vci_authorization_code_flow_variant"":""wallet_initiated"",""vci_credential_encryption"":""plain"",""vci_grant_type"":""authorization_code""}"
openid4vc-vci-haip-p034,7gyNPmZ4nvzQY,TXpBLuepkeqgv53,fapi2-security-profile-final-ensure-client-id-in-token-endpoint,True,FINISHED,PASSED,PASSED,"{""authorization_request_type"":""simple"",""client_auth_type"":""client_attestation"",""credential_format"":""sd_jwt_vc"",""fapi_profile"":""vci_haip"",""fapi_request_method"":""unsigned"",""fapi_response_mode"":""plain_response"",""openid"":""plain_oauth"",""sender_constrain"":""dpop"",""vci_authorization_code_flow_variant"":""wallet_initiated"",""vci_credential_encryption"":""plain"",""vci_grant_type"":""authorization_code""}"
openid4vc-vci-haip-p034,7gyNPmZ4nvzQY,gSBEQgarJ86Lllw,fapi2-security-profile-final-ensure-holder-of-key-required,True,FINISHED,PASSED,PASSED,"{""authorization_request_type"":""simple"",""client_auth_type"":""client_attestation"",""credential_format"":""sd_jwt_vc"",""fapi_profile"":""vci_haip"",""fapi_request_method"":""unsigned"",""fapi_response_mode"":""plain_response"",""openid"":""plain_oauth"",""sender_constrain"":""dpop"",""vci_authorization_code_flow_variant"":""wallet_initiated"",""vci_credential_encryption"":""plain"",""vci_grant_type"":""authorization_code""}"
openid4vc-vci-haip-p034,7gyNPmZ4nvzQY,Q4iExHcDOtzDe5j,fapi2-security-profile-final-ensure-authorization-code-is-bound-to-client,True,FINISHED,PASSED,PASSED,"{""authorization_request_type"":""simple"",""client_auth_type"":""client_attestation"",""credential_format"":""sd_jwt_vc"",""fapi_profile"":""vci_haip"",""fapi_request_method"":""unsigned"",""fapi_response_mode"":""plain_response"",""openid"":""plain_oauth"",""sender_constrain"":""dpop"",""vci_authorization_code_flow_variant"":""wallet_initiated"",""vci_credential_encryption"":""plain"",""vci_grant_type"":""authorization_code""}"
openid4vc-vci-haip-p034,7gyNPmZ4nvzQY,P3MlXHhav0sN71o,fapi2-security-profile-final-attempt-reuse-authorization-code-after-one-second,True,FINISHED,PASSED,PASSED,"{""authorization_request_type"":""simple"",""client_auth_type"":""client_attestation"",""credential_format"":""sd_jwt_vc"",""fapi_profile"":""vci_haip"",""fapi_request_method"":""unsigned"",""fapi_response_mode"":""plain_response"",""openid"":""plain_oauth"",""sender_constrain"":""dpop"",""vci_authorization_code_flow_variant"":""wallet_initiated"",""vci_credential_encryption"":""plain"",""vci_grant_type"":""authorization_code""}"
openid4vc-vci-haip-p034,7gyNPmZ4nvzQY,CqLAfRHID0FoLkC,fapi2-security-profile-final-ensure-token-endpoint-fails-with-expired-auth-code,True,FINISHED,PASSED,PASSED,"{""authorization_request_type"":""simple"",""client_auth_type"":""client_attestation"",""credential_format"":""sd_jwt_vc"",""fapi_profile"":""vci_haip"",""fapi_request_method"":""unsigned"",""fapi_response_mode"":""plain_response"",""openid"":""plain_oauth"",""sender_constrain"":""dpop"",""vci_authorization_code_flow_variant"":""wallet_initiated"",""vci_credential_encryption"":""plain"",""vci_grant_type"":""authorization_code""}"
openid4vc-vci-haip-p034,7gyNPmZ4nvzQY,5OKHelbVS3Zm77c,fapi2-security-profile-final-dpop-negative-tests,True,FINISHED,PASSED,PASSED,"{""authorization_request_type"":""simple"",""client_auth_type"":""client_attestation"",""credential_format"":""sd_jwt_vc"",""fapi_profile"":""vci_haip"",""fapi_request_method"":""unsigned"",""fapi_response_mode"":""plain_response"",""openid"":""plain_oauth"",""sender_constrain"":""dpop"",""vci_authorization_code_flow_variant"":""wallet_initiated"",""vci_credential_encryption"":""plain"",""vci_grant_type"":""authorization_code""}"
openid4vc-vci-haip-p034,7gyNPmZ4nvzQY,ReBiV5MvJ1O1gsN,fapi2-security-profile-final-refresh-token,True,FINISHED,PASSED,PASSED,"{""authorization_request_type"":""simple"",""client_auth_type"":""client_attestation"",""credential_format"":""sd_jwt_vc"",""fapi_profile"":""vci_haip"",""fapi_request_method"":""unsigned"",""fapi_response_mode"":""plain_response"",""openid"":""plain_oauth"",""sender_constrain"":""dpop"",""vci_authorization_code_flow_variant"":""wallet_initiated"",""vci_credential_encryption"":""plain"",""vci_grant_type"":""authorization_code""}"
openid4vc-vci-haip-p034,7gyNPmZ4nvzQY,plWlpadQnRVSQ39,fapi2-security-profile-final-par-ensure-reused-request-uri-prior-to-auth-completion-succeeds,True,FINISHED,PASSED,PASSED,"{""authorization_request_type"":""simple"",""client_auth_type"":""client_attestation"",""credential_format"":""sd_jwt_vc"",""fapi_profile"":""vci_haip"",""fapi_request_method"":""unsigned"",""fapi_response_mode"":""plain_response"",""openid"":""plain_oauth"",""sender_constrain"":""dpop"",""vci_authorization_code_flow_variant"":""wallet_initiated"",""vci_credential_encryption"":""plain"",""vci_grant_type"":""authorization_code""}"
openid4vc-vci-haip-p034,7gyNPmZ4nvzQY,lZhvgtPa8BNSVan,fapi2-security-profile-final-par-attempt-reuse-request_uri,True,FINISHED,PASSED,PASSED,"{""authorization_request_type"":""simple"",""client_auth_type"":""client_attestation"",""credential_format"":""sd_jwt_vc"",""fapi_profile"":""vci_haip"",""fapi_request_method"":""unsigned"",""fapi_response_mode"":""plain_response"",""openid"":""plain_oauth"",""sender_constrain"":""dpop"",""vci_authorization_code_flow_variant"":""wallet_initiated"",""vci_credential_encryption"":""plain"",""vci_grant_type"":""authorization_code""}"
openid4vc-vci-haip-p034,7gyNPmZ4nvzQY,55S1IbIzw3lzpgx,fapi2-security-profile-final-par-attempt-to-use-expired-request_uri,True,FINISHED,PASSED,PASSED,"{""authorization_request_type"":""simple"",""client_auth_type"":""client_attestation"",""credential_format"":""sd_jwt_vc"",""fapi_profile"":""vci_haip"",""fapi_request_method"":""unsigned"",""fapi_response_mode"":""plain_response"",""openid"":""plain_oauth"",""sender_constrain"":""dpop"",""vci_authorization_code_flow_variant"":""wallet_initiated"",""vci_credential_encryption"":""plain"",""vci_grant_type"":""authorization_code""}"
openid4vc-vci-haip-p034,7gyNPmZ4nvzQY,amtUZ1ihWBf8zti,fapi2-security-profile-final-par-attempt-to-use-request_uri-for-different-client,True,FINISHED,PASSED,PASSED,"{""authorization_request_type"":""simple"",""client_auth_type"":""client_attestation"",""credential_format"":""sd_jwt_vc"",""fapi_profile"":""vci_haip"",""fapi_request_method"":""unsigned"",""fapi_response_mode"":""plain_response"",""openid"":""plain_oauth"",""sender_constrain"":""dpop"",""vci_authorization_code_flow_variant"":""wallet_initiated"",""vci_credential_encryption"":""plain"",""vci_grant_type"":""authorization_code""}"
openid4vc-vci-haip-p034,7gyNPmZ4nvzQY,tjSnhmFiGNBqssL,fapi2-security-profile-final-par-authorization-request-containing-request_uri-form-param,True,FINISHED,PASSED,PASSED,"{""authorization_request_type"":""simple"",""client_auth_type"":""client_attestation"",""credential_format"":""sd_jwt_vc"",""fapi_profile"":""vci_haip"",""fapi_request_method"":""unsigned"",""fapi_response_mode"":""plain_response"",""openid"":""plain_oauth"",""sender_constrain"":""dpop"",""vci_authorization_code_flow_variant"":""wallet_initiated"",""vci_credential_encryption"":""plain"",""vci_grant_type"":""authorization_code""}"
openid4vc-vci-haip-p034,7gyNPmZ4nvzQY,IuDrFsvl1OdSpiz,fapi2-security-profile-final-par-attempt-invalid-http-method,True,FINISHED,PASSED,PASSED,"{""authorization_request_type"":""simple"",""client_auth_type"":""client_attestation"",""credential_format"":""sd_jwt_vc"",""fapi_profile"":""vci_haip"",""fapi_request_method"":""unsigned"",""fapi_response_mode"":""plain_response"",""openid"":""plain_oauth"",""sender_constrain"":""dpop"",""vci_authorization_code_flow_variant"":""wallet_initiated"",""vci_credential_encryption"":""plain"",""vci_grant_type"":""authorization_code""}"
openid4vc-vci-haip-p034,7gyNPmZ4nvzQY,kw4hItlqixTEDK3,fapi2-security-profile-final-par-ensure-pkce-required,True,FINISHED,PASSED,PASSED,"{""authorization_request_type"":""simple"",""client_auth_type"":""client_attestation"",""credential_format"":""sd_jwt_vc"",""fapi_profile"":""vci_haip"",""fapi_request_method"":""unsigned"",""fapi_response_mode"":""plain_response"",""openid"":""plain_oauth"",""sender_constrain"":""dpop"",""vci_authorization_code_flow_variant"":""wallet_initiated"",""vci_credential_encryption"":""plain"",""vci_grant_type"":""authorization_code""}"
openid4vc-vci-haip-p034,7gyNPmZ4nvzQY,1ULECiMOky11mjb,fapi2-security-profile-final-ensure-pkce-code-verifier-required,True,FINISHED,PASSED,PASSED,"{""authorization_request_type"":""simple"",""client_auth_type"":""client_attestation"",""credential_format"":""sd_jwt_vc"",""fapi_profile"":""vci_haip"",""fapi_request_method"":""unsigned"",""fapi_response_mode"":""plain_response"",""openid"":""plain_oauth"",""sender_constrain"":""dpop"",""vci_authorization_code_flow_variant"":""wallet_initiated"",""vci_credential_encryption"":""plain"",""vci_grant_type"":""authorization_code""}"
openid4vc-vci-haip-p034,7gyNPmZ4nvzQY,qkITDrxOTf2nL5N,fapi2-security-profile-final-incorrect-pkce-code-verifier-rejected,True,FINISHED,PASSED,PASSED,"{""authorization_request_type"":""simple"",""client_auth_type"":""client_attestation"",""credential_format"":""sd_jwt_vc"",""fapi_profile"":""vci_haip"",""fapi_request_method"":""unsigned"",""fapi_response_mode"":""plain_response"",""openid"":""plain_oauth"",""sender_constrain"":""dpop"",""vci_authorization_code_flow_variant"":""wallet_initiated"",""vci_credential_encryption"":""plain"",""vci_grant_type"":""authorization_code""}"
openid4vc-vci-haip-p034,7gyNPmZ4nvzQY,k55cR3PEyVqbBha,fapi2-security-profile-final-par-plain-pkce-rejected,True,FINISHED,PASSED,PASSED,"{""authorization_request_type"":""simple"",""client_auth_type"":""client_attestation"",""credential_format"":""sd_jwt_vc"",""fapi_profile"":""vci_haip"",""fapi_request_method"":""unsigned"",""fapi_response_mode"":""plain_response"",""openid"":""plain_oauth"",""sender_constrain"":""dpop"",""vci_authorization_code_flow_variant"":""wallet_initiated"",""vci_credential_encryption"":""plain"",""vci_grant_type"":""authorization_code""}"
openid4vc-vci-haip-p034,7gyNPmZ4nvzQY,3MjENEQ6UHpRDon,fapi2-security-profile-final-par-without-duplicate-parameters,True,FINISHED,PASSED,PASSED,"{""authorization_request_type"":""simple"",""client_auth_type"":""client_attestation"",""credential_format"":""sd_jwt_vc"",""fapi_profile"":""vci_haip"",""fapi_request_method"":""unsigned"",""fapi_response_mode"":""plain_response"",""openid"":""plain_oauth"",""sender_constrain"":""dpop"",""vci_authorization_code_flow_variant"":""wallet_initiated"",""vci_credential_encryption"":""plain"",""vci_grant_type"":""authorization_code""}"
openid4vc-vci-haip-p035,cqlVnvwADsfvD,i5S6nVAQMDXnqnZ,oid4vci-1_0-issuer-metadata-test,True,FINISHED,PASSED,PASSED,"{""client_auth_type"":""client_attestation"",""credential_format"":""mdoc"",""fapi_profile"":""vci_haip"",""vci_authorization_code_flow_variant"":""wallet_initiated""}"
openid4vc-vci-haip-p035,cqlVnvwADsfvD,khNHdrePLUvSDoE,oid4vci-1_0-issuer-metadata-test-signed,True,FINISHED,PASSED,PASSED,"{""client_auth_type"":""client_attestation"",""credential_format"":""mdoc"",""fapi_profile"":""vci_haip"",""vci_authorization_code_flow_variant"":""wallet_initiated""}"
openid4vc-vci-haip-p035,cqlVnvwADsfvD,7QiHsHepkRjI1Nb,oid4vci-1_0-issuer-happy-flow,True,FINISHED,FAILED,FAILED,"{""authorization_request_type"":""simple"",""client_auth_type"":""client_attestation"",""credential_format"":""mdoc"",""fapi_profile"":""vci_haip"",""fapi_request_method"":""unsigned"",""fapi_response_mode"":""plain_response"",""openid"":""plain_oauth"",""sender_constrain"":""dpop"",""vci_authorization_code_flow_variant"":""wallet_initiated"",""vci_credential_encryption"":""plain"",""vci_grant_type"":""authorization_code""}"
openid4vc-vci-haip-p035,cqlVnvwADsfvD,971KpgfrsldiJjH,oid4vci-1_0-issuer-happy-flow-additional-requests,True,FINISHED,FAILED,FAILED,"{""authorization_request_type"":""simple"",""client_auth_type"":""client_attestation"",""credential_format"":""mdoc"",""fapi_profile"":""vci_haip"",""fapi_request_method"":""unsigned"",""fapi_response_mode"":""plain_response"",""openid"":""plain_oauth"",""sender_constrain"":""dpop"",""vci_authorization_code_flow_variant"":""wallet_initiated"",""vci_credential_encryption"":""plain"",""vci_grant_type"":""authorization_code""}"
openid4vc-vci-haip-p035,cqlVnvwADsfvD,geuC4t4tYBY5xPe,oid4vci-1_0-issuer-happy-flow-multiple-clients,True,FINISHED,FAILED,FAILED,"{""authorization_request_type"":""simple"",""client_auth_type"":""client_attestation"",""credential_format"":""mdoc"",""fapi_profile"":""vci_haip"",""fapi_request_method"":""unsigned"",""fapi_response_mode"":""plain_response"",""openid"":""plain_oauth"",""sender_constrain"":""dpop"",""vci_authorization_code_flow_variant"":""wallet_initiated"",""vci_credential_encryption"":""plain"",""vci_grant_type"":""authorization_code""}"
openid4vc-vci-haip-p035,cqlVnvwADsfvD,y3OErGW6L2i0207,oid4vci-1_0-issuer-happy-flow-skip-notification,True,FINISHED,FAILED,FAILED,"{""authorization_request_type"":""simple"",""client_auth_type"":""client_attestation"",""credential_format"":""mdoc"",""fapi_profile"":""vci_haip"",""fapi_request_method"":""unsigned"",""fapi_response_mode"":""plain_response"",""openid"":""plain_oauth"",""sender_constrain"":""dpop"",""vci_authorization_code_flow_variant"":""wallet_initiated"",""vci_credential_encryption"":""plain"",""vci_grant_type"":""authorization_code""}"
openid4vc-vci-haip-p035,cqlVnvwADsfvD,cVpAigkhwoTDKu6,oid4vci-1_0-issuer-batch-issuance,True,FINISHED,FAILED,FAILED,"{""authorization_request_type"":""simple"",""client_auth_type"":""client_attestation"",""credential_format"":""mdoc"",""fapi_profile"":""vci_haip"",""fapi_request_method"":""unsigned"",""fapi_response_mode"":""plain_response"",""openid"":""plain_oauth"",""sender_constrain"":""dpop"",""vci_authorization_code_flow_variant"":""wallet_initiated"",""vci_credential_encryption"":""plain"",""vci_grant_type"":""authorization_code""}"
openid4vc-vci-haip-p035,cqlVnvwADsfvD,7ZdjCrnIvhgXnwe,oid4vci-1_0-issuer-fail-invalid-nonce,True,FINISHED,PASSED,PASSED,"{""authorization_request_type"":""simple"",""client_auth_type"":""client_attestation"",""credential_format"":""mdoc"",""fapi_profile"":""vci_haip"",""fapi_request_method"":""unsigned"",""fapi_response_mode"":""plain_response"",""openid"":""plain_oauth"",""sender_constrain"":""dpop"",""vci_authorization_code_flow_variant"":""wallet_initiated"",""vci_credential_encryption"":""plain"",""vci_grant_type"":""authorization_code""}"
openid4vc-vci-haip-p035,cqlVnvwADsfvD,YnmHhLiiPKQfw4z,oid4vci-1_0-issuer-fail-invalid-jwt-proof-signature,True,FINISHED,PASSED,PASSED,"{""authorization_request_type"":""simple"",""client_auth_type"":""client_attestation"",""credential_format"":""mdoc"",""fapi_profile"":""vci_haip"",""fapi_request_method"":""unsigned"",""fapi_response_mode"":""plain_response"",""openid"":""plain_oauth"",""sender_constrain"":""dpop"",""vci_authorization_code_flow_variant"":""wallet_initiated"",""vci_credential_encryption"":""plain"",""vci_grant_type"":""authorization_code""}"
openid4vc-vci-haip-p035,cqlVnvwADsfvD,9GTiwDRYfU8SMbW,oid4vci-1_0-issuer-fail-invalid-key-attestation-signature,True,FINISHED,PASSED,PASSED,"{""authorization_request_type"":""simple"",""client_auth_type"":""client_attestation"",""credential_format"":""mdoc"",""fapi_profile"":""vci_haip"",""fapi_request_method"":""unsigned"",""fapi_response_mode"":""plain_response"",""openid"":""plain_oauth"",""sender_constrain"":""dpop"",""vci_authorization_code_flow_variant"":""wallet_initiated"",""vci_credential_encryption"":""plain"",""vci_grant_type"":""authorization_code""}"
openid4vc-vci-haip-p035,cqlVnvwADsfvD,sqUHg9dXyqFlZBp,oid4vci-1_0-issuer-fail-invalid-client-attestation-signature,True,FINISHED,PASSED,PASSED,"{""authorization_request_type"":""simple"",""client_auth_type"":""client_attestation"",""credential_format"":""mdoc"",""fapi_profile"":""vci_haip"",""fapi_request_method"":""unsigned"",""fapi_response_mode"":""plain_response"",""openid"":""plain_oauth"",""sender_constrain"":""dpop"",""vci_authorization_code_flow_variant"":""wallet_initiated"",""vci_credential_encryption"":""plain"",""vci_grant_type"":""authorization_code""}"
openid4vc-vci-haip-p035,cqlVnvwADsfvD,mEOFjvgd1bh1tfI,oid4vci-1_0-issuer-fail-invalid-client-attestation-pop-signature,True,FINISHED,PASSED,PASSED,"{""authorization_request_type"":""simple"",""client_auth_type"":""client_attestation"",""credential_format"":""mdoc"",""fapi_profile"":""vci_haip"",""fapi_request_method"":""unsigned"",""fapi_response_mode"":""plain_response"",""openid"":""plain_oauth"",""sender_constrain"":""dpop"",""vci_authorization_code_flow_variant"":""wallet_initiated"",""vci_credential_encryption"":""plain"",""vci_grant_type"":""authorization_code""}"
openid4vc-vci-haip-p035,cqlVnvwADsfvD,4QDr4N6ZbdcyEEr,oid4vci-1_0-issuer-fail-client-attestation-exp-in-past,True,FINISHED,PASSED,PASSED,"{""authorization_request_type"":""simple"",""client_auth_type"":""client_attestation"",""credential_format"":""mdoc"",""fapi_profile"":""vci_haip"",""fapi_request_method"":""unsigned"",""fapi_response_mode"":""plain_response"",""openid"":""plain_oauth"",""sender_constrain"":""dpop"",""vci_authorization_code_flow_variant"":""wallet_initiated"",""vci_credential_encryption"":""plain"",""vci_grant_type"":""authorization_code""}"
openid4vc-vci-haip-p035,cqlVnvwADsfvD,Yc04diZBpgfpbVw,oid4vci-1_0-issuer-fail-client-attestation-no-sub,True,FINISHED,PASSED,PASSED,"{""authorization_request_type"":""simple"",""client_auth_type"":""client_attestation"",""credential_format"":""mdoc"",""fapi_profile"":""vci_haip"",""fapi_request_method"":""unsigned"",""fapi_response_mode"":""plain_response"",""openid"":""plain_oauth"",""sender_constrain"":""dpop"",""vci_authorization_code_flow_variant"":""wallet_initiated"",""vci_credential_encryption"":""plain"",""vci_grant_type"":""authorization_code""}"
openid4vc-vci-haip-p035,cqlVnvwADsfvD,ewBuV6SG03647VL,oid4vci-1_0-issuer-fail-client-attestation-pop-wrong-aud,True,FINISHED,PASSED,PASSED,"{""authorization_request_type"":""simple"",""client_auth_type"":""client_attestation"",""credential_format"":""mdoc"",""fapi_profile"":""vci_haip"",""fapi_request_method"":""unsigned"",""fapi_response_mode"":""plain_response"",""openid"":""plain_oauth"",""sender_constrain"":""dpop"",""vci_authorization_code_flow_variant"":""wallet_initiated"",""vci_credential_encryption"":""plain"",""vci_grant_type"":""authorization_code""}"
openid4vc-vci-haip-p035,cqlVnvwADsfvD,OD8fVNvcKpg0q1K,oid4vci-1_0-issuer-fail-mismatched-client-attestation-pop-key,True,FINISHED,PASSED,PASSED,"{""authorization_request_type"":""simple"",""client_auth_type"":""client_attestation"",""credential_format"":""mdoc"",""fapi_profile"":""vci_haip"",""fapi_request_method"":""unsigned"",""fapi_response_mode"":""plain_response"",""openid"":""plain_oauth"",""sender_constrain"":""dpop"",""vci_authorization_code_flow_variant"":""wallet_initiated"",""vci_credential_encryption"":""plain"",""vci_grant_type"":""authorization_code""}"
openid4vc-vci-haip-p035,cqlVnvwADsfvD,4GLZ4ImY4ODJLGk,oid4vci-1_0-issuer-fail-missing-proof,True,FINISHED,PASSED,PASSED,"{""authorization_request_type"":""simple"",""client_auth_type"":""client_attestation"",""credential_format"":""mdoc"",""fapi_profile"":""vci_haip"",""fapi_request_method"":""unsigned"",""fapi_response_mode"":""plain_response"",""openid"":""plain_oauth"",""sender_constrain"":""dpop"",""vci_authorization_code_flow_variant"":""wallet_initiated"",""vci_credential_encryption"":""plain"",""vci_grant_type"":""authorization_code""}"
openid4vc-vci-haip-p035,cqlVnvwADsfvD,4GlPQi2RYSFOeGm,oid4vci-1_0-issuer-fail-unknown-credential-configuration,True,FINISHED,PASSED,PASSED,"{""authorization_request_type"":""simple"",""client_auth_type"":""client_attestation"",""credential_format"":""mdoc"",""fapi_profile"":""vci_haip"",""fapi_request_method"":""unsigned"",""fapi_response_mode"":""plain_response"",""openid"":""plain_oauth"",""sender_constrain"":""dpop"",""vci_authorization_code_flow_variant"":""wallet_initiated"",""vci_credential_encryption"":""plain"",""vci_grant_type"":""authorization_code""}"
openid4vc-vci-haip-p035,cqlVnvwADsfvD,bcPvMt8nSqz8GF3,oid4vci-1_0-issuer-fail-unknown-credential-identifier,True,FINISHED,PASSED,PASSED,"{""authorization_request_type"":""simple"",""client_auth_type"":""client_attestation"",""credential_format"":""mdoc"",""fapi_profile"":""vci_haip"",""fapi_request_method"":""unsigned"",""fapi_response_mode"":""plain_response"",""openid"":""plain_oauth"",""sender_constrain"":""dpop"",""vci_authorization_code_flow_variant"":""wallet_initiated"",""vci_credential_encryption"":""plain"",""vci_grant_type"":""authorization_code""}"
openid4vc-vci-haip-p035,cqlVnvwADsfvD,PU35Oe5RbUUbtno,oid4vci-1_0-issuer-fail-on-access-token-in-query,True,FINISHED,FAILED,FAILED,"{""authorization_request_type"":""simple"",""client_auth_type"":""client_attestation"",""credential_format"":""mdoc"",""fapi_profile"":""vci_haip"",""fapi_request_method"":""unsigned"",""fapi_response_mode"":""plain_response"",""openid"":""plain_oauth"",""sender_constrain"":""dpop"",""vci_authorization_code_flow_variant"":""wallet_initiated"",""vci_credential_encryption"":""plain"",""vci_grant_type"":""authorization_code""}"
openid4vc-vci-haip-p035,cqlVnvwADsfvD,AeVmpe23T8QvkVd,oid4vci-1_0-issuer-happy-flow,True,FINISHED,FAILED,FAILED,"{""authorization_request_type"":""simple"",""client_auth_type"":""client_attestation"",""credential_format"":""mdoc"",""fapi_profile"":""vci_haip"",""fapi_request_method"":""unsigned"",""fapi_response_mode"":""plain_response"",""openid"":""plain_oauth"",""sender_constrain"":""dpop"",""vci_authorization_code_flow_variant"":""wallet_initiated"",""vci_credential_encryption"":""encrypted"",""vci_grant_type"":""authorization_code""}"
openid4vc-vci-haip-p035,cqlVnvwADsfvD,RtoPtmvKEzmrvsd,oid4vci-1_0-issuer-fail-unknown-credential-configuration,True,FINISHED,PASSED,PASSED,"{""authorization_request_type"":""simple"",""client_auth_type"":""client_attestation"",""credential_format"":""mdoc"",""fapi_profile"":""vci_haip"",""fapi_request_method"":""unsigned"",""fapi_response_mode"":""plain_response"",""openid"":""plain_oauth"",""sender_constrain"":""dpop"",""vci_authorization_code_flow_variant"":""wallet_initiated"",""vci_credential_encryption"":""encrypted"",""vci_grant_type"":""authorization_code""}"
openid4vc-vci-haip-p035,cqlVnvwADsfvD,K27lWonXk0qBPLi,oid4vci-1_0-issuer-fail-unsupported-encryption-algorithm,True,FINISHED,PASSED,PASSED,"{""authorization_request_type"":""simple"",""client_auth_type"":""client_attestation"",""credential_format"":""mdoc"",""fapi_profile"":""vci_haip"",""fapi_request_method"":""unsigned"",""fapi_response_mode"":""plain_response"",""openid"":""plain_oauth"",""sender_constrain"":""dpop"",""vci_authorization_code_flow_variant"":""wallet_initiated"",""vci_credential_encryption"":""encrypted"",""vci_grant_type"":""authorization_code""}"
openid4vc-vci-haip-p035,cqlVnvwADsfvD,ZVPY7Sg8Sky6wqF,fapi2-security-profile-final-discovery-end-point-verification,True,FINISHED,PASSED,PASSED,"{""authorization_request_type"":""simple"",""client_auth_type"":""client_attestation"",""credential_format"":""mdoc"",""fapi_profile"":""vci_haip"",""fapi_request_method"":""unsigned"",""fapi_response_mode"":""plain_response"",""openid"":""plain_oauth"",""sender_constrain"":""dpop"",""vci_authorization_code_flow_variant"":""wallet_initiated""}"
openid4vc-vci-haip-p035,cqlVnvwADsfvD,6dP7WW5VcvuEsN9,fapi2-security-profile-final-happy-flow,True,FINISHED,FAILED,FAILED,"{""authorization_request_type"":""simple"",""client_auth_type"":""client_attestation"",""credential_format"":""mdoc"",""fapi_profile"":""vci_haip"",""fapi_request_method"":""unsigned"",""fapi_response_mode"":""plain_response"",""openid"":""plain_oauth"",""sender_constrain"":""dpop"",""vci_authorization_code_flow_variant"":""wallet_initiated"",""vci_credential_encryption"":""plain"",""vci_grant_type"":""authorization_code""}"
openid4vc-vci-haip-p035,cqlVnvwADsfvD,QHgGVKxgJwiSC4u,fapi2-security-profile-final-user-rejects-authentication,True,FINISHED,PASSED,PASSED,"{""authorization_request_type"":""simple"",""client_auth_type"":""client_attestation"",""credential_format"":""mdoc"",""fapi_profile"":""vci_haip"",""fapi_request_method"":""unsigned"",""fapi_response_mode"":""plain_response"",""openid"":""plain_oauth"",""sender_constrain"":""dpop"",""vci_authorization_code_flow_variant"":""wallet_initiated"",""vci_credential_encryption"":""plain"",""vci_grant_type"":""authorization_code""}"
openid4vc-vci-haip-p035,cqlVnvwADsfvD,eEjQIR2PWo1e01b,fapi2-security-profile-final-ensure-authorization-request-without-state-success,True,FINISHED,FAILED,FAILED,"{""authorization_request_type"":""simple"",""client_auth_type"":""client_attestation"",""credential_format"":""mdoc"",""fapi_profile"":""vci_haip"",""fapi_request_method"":""unsigned"",""fapi_response_mode"":""plain_response"",""openid"":""plain_oauth"",""sender_constrain"":""dpop"",""vci_authorization_code_flow_variant"":""wallet_initiated"",""vci_credential_encryption"":""plain"",""vci_grant_type"":""authorization_code""}"
openid4vc-vci-haip-p035,cqlVnvwADsfvD,KNe9uTEYCSUZ7sv,fapi2-security-profile-final-access-token-type-header-case-sensitivity,True,FINISHED,FAILED,FAILED,"{""authorization_request_type"":""simple"",""client_auth_type"":""client_attestation"",""credential_format"":""mdoc"",""fapi_profile"":""vci_haip"",""fapi_request_method"":""unsigned"",""fapi_response_mode"":""plain_response"",""openid"":""plain_oauth"",""sender_constrain"":""dpop"",""vci_authorization_code_flow_variant"":""wallet_initiated"",""vci_credential_encryption"":""plain"",""vci_grant_type"":""authorization_code""}"
openid4vc-vci-haip-p035,cqlVnvwADsfvD,PUB4btEfsvV6bru,fapi2-security-profile-final-check-dpop-proof-nbf-exp,True,FINISHED,FAILED,FAILED,"{""authorization_request_type"":""simple"",""client_auth_type"":""client_attestation"",""credential_format"":""mdoc"",""fapi_profile"":""vci_haip"",""fapi_request_method"":""unsigned"",""fapi_response_mode"":""plain_response"",""openid"":""plain_oauth"",""sender_constrain"":""dpop"",""vci_authorization_code_flow_variant"":""wallet_initiated"",""vci_credential_encryption"":""plain"",""vci_grant_type"":""authorization_code""}"
openid4vc-vci-haip-p035,cqlVnvwADsfvD,UjcHOoXYuy5KbEG,fapi2-security-profile-final-ensure-dpopproof-with-iat-10seconds-before-succeeds,True,FINISHED,FAILED,FAILED,"{""authorization_request_type"":""simple"",""client_auth_type"":""client_attestation"",""credential_format"":""mdoc"",""fapi_profile"":""vci_haip"",""fapi_request_method"":""unsigned"",""fapi_response_mode"":""plain_response"",""openid"":""plain_oauth"",""sender_constrain"":""dpop"",""vci_authorization_code_flow_variant"":""wallet_initiated"",""vci_credential_encryption"":""plain"",""vci_grant_type"":""authorization_code""}"
openid4vc-vci-haip-p035,cqlVnvwADsfvD,cudi9FO0BruZvcj,fapi2-security-profile-final-ensure-dpopproof-with-iat-10seconds-after-succeeds,True,FINISHED,FAILED,FAILED,"{""authorization_request_type"":""simple"",""client_auth_type"":""client_attestation"",""credential_format"":""mdoc"",""fapi_profile"":""vci_haip"",""fapi_request_method"":""unsigned"",""fapi_response_mode"":""plain_response"",""openid"":""plain_oauth"",""sender_constrain"":""dpop"",""vci_authorization_code_flow_variant"":""wallet_initiated"",""vci_credential_encryption"":""plain"",""vci_grant_type"":""authorization_code""}"
openid4vc-vci-haip-p035,cqlVnvwADsfvD,2secNidyC8ntTk4,fapi2-security-profile-final-ensure-mismatched-dpop-jkt-fails,True,FINISHED,PASSED,PASSED,"{""authorization_request_type"":""simple"",""client_auth_type"":""client_attestation"",""credential_format"":""mdoc"",""fapi_profile"":""vci_haip"",""fapi_request_method"":""unsigned"",""fapi_response_mode"":""plain_response"",""openid"":""plain_oauth"",""sender_constrain"":""dpop"",""vci_authorization_code_flow_variant"":""wallet_initiated"",""vci_credential_encryption"":""plain"",""vci_grant_type"":""authorization_code""}"
openid4vc-vci-haip-p035,cqlVnvwADsfvD,EU64rqEKkSAzc5G,fapi2-security-profile-final-ensure-token-endpoint-fails-with-mismatched-dpop-proof-jkt,True,FINISHED,PASSED,PASSED,"{""authorization_request_type"":""simple"",""client_auth_type"":""client_attestation"",""credential_format"":""mdoc"",""fapi_profile"":""vci_haip"",""fapi_request_method"":""unsigned"",""fapi_response_mode"":""plain_response"",""openid"":""plain_oauth"",""sender_constrain"":""dpop"",""vci_authorization_code_flow_variant"":""wallet_initiated"",""vci_credential_encryption"":""plain"",""vci_grant_type"":""authorization_code""}"
openid4vc-vci-haip-p035,cqlVnvwADsfvD,cmyl9kGyVIErvM3,fapi2-security-profile-final-ensure-token-endpoint-fails-with-mismatched-dpop-jkt,True,FINISHED,PASSED,PASSED,"{""authorization_request_type"":""simple"",""client_auth_type"":""client_attestation"",""credential_format"":""mdoc"",""fapi_profile"":""vci_haip"",""fapi_request_method"":""unsigned"",""fapi_response_mode"":""plain_response"",""openid"":""plain_oauth"",""sender_constrain"":""dpop"",""vci_authorization_code_flow_variant"":""wallet_initiated"",""vci_credential_encryption"":""plain"",""vci_grant_type"":""authorization_code""}"
openid4vc-vci-haip-p035,cqlVnvwADsfvD,CFNVLbVcgfqNsAH,fapi2-security-profile-final-ensure-dpopproof-at-par-endpoint-binding-success,True,FINISHED,FAILED,FAILED,"{""authorization_request_type"":""simple"",""client_auth_type"":""client_attestation"",""credential_format"":""mdoc"",""fapi_profile"":""vci_haip"",""fapi_request_method"":""unsigned"",""fapi_response_mode"":""plain_response"",""openid"":""plain_oauth"",""sender_constrain"":""dpop"",""vci_authorization_code_flow_variant"":""wallet_initiated"",""vci_credential_encryption"":""plain"",""vci_grant_type"":""authorization_code""}"
openid4vc-vci-haip-p035,cqlVnvwADsfvD,VAtmTEngTDmIFdW,fapi2-security-profile-final-ensure-dpop-auth-code-binding-success,True,FINISHED,FAILED,FAILED,"{""authorization_request_type"":""simple"",""client_auth_type"":""client_attestation"",""credential_format"":""mdoc"",""fapi_profile"":""vci_haip"",""fapi_request_method"":""unsigned"",""fapi_response_mode"":""plain_response"",""openid"":""plain_oauth"",""sender_constrain"":""dpop"",""vci_authorization_code_flow_variant"":""wallet_initiated"",""vci_credential_encryption"":""plain"",""vci_grant_type"":""authorization_code""}"
openid4vc-vci-haip-p035,cqlVnvwADsfvD,allaZV34Otc75r5,fapi2-security-profile-final-ensure-different-state-inside-and-outside-request-object,True,FINISHED,PASSED,PASSED,"{""authorization_request_type"":""simple"",""client_auth_type"":""client_attestation"",""credential_format"":""mdoc"",""fapi_profile"":""vci_haip"",""fapi_request_method"":""unsigned"",""fapi_response_mode"":""plain_response"",""openid"":""plain_oauth"",""sender_constrain"":""dpop"",""vci_authorization_code_flow_variant"":""wallet_initiated"",""vci_credential_encryption"":""plain"",""vci_grant_type"":""authorization_code""}"
openid4vc-vci-haip-p035,cqlVnvwADsfvD,BhjyUk9nwkswJ1O,fapi2-security-profile-final-ensure-authorization-request-with-long-state,True,FINISHED,FAILED,FAILED,"{""authorization_request_type"":""simple"",""client_auth_type"":""client_attestation"",""credential_format"":""mdoc"",""fapi_profile"":""vci_haip"",""fapi_request_method"":""unsigned"",""fapi_response_mode"":""plain_response"",""openid"":""plain_oauth"",""sender_constrain"":""dpop"",""vci_authorization_code_flow_variant"":""wallet_initiated"",""vci_credential_encryption"":""plain"",""vci_grant_type"":""authorization_code""}"
openid4vc-vci-haip-p035,cqlVnvwADsfvD,M7CmhgwIRF1sm8Q,fapi2-security-profile-final-state-only-outside-request-object-not-used,True,FINISHED,PASSED,PASSED,"{""authorization_request_type"":""simple"",""client_auth_type"":""client_attestation"",""credential_format"":""mdoc"",""fapi_profile"":""vci_haip"",""fapi_request_method"":""unsigned"",""fapi_response_mode"":""plain_response"",""openid"":""plain_oauth"",""sender_constrain"":""dpop"",""vci_authorization_code_flow_variant"":""wallet_initiated"",""vci_credential_encryption"":""plain"",""vci_grant_type"":""authorization_code""}"
openid4vc-vci-haip-p035,cqlVnvwADsfvD,AVFf99yUvK7dSak,fapi2-security-profile-final-ensure-request-object-without-redirect-uri-fails,True,FINISHED,PASSED,PASSED,"{""authorization_request_type"":""simple"",""client_auth_type"":""client_attestation"",""credential_format"":""mdoc"",""fapi_profile"":""vci_haip"",""fapi_request_method"":""unsigned"",""fapi_response_mode"":""plain_response"",""openid"":""plain_oauth"",""sender_constrain"":""dpop"",""vci_authorization_code_flow_variant"":""wallet_initiated"",""vci_credential_encryption"":""plain"",""vci_grant_type"":""authorization_code""}"
openid4vc-vci-haip-p035,cqlVnvwADsfvD,HjBT8d369lz1Rvx,fapi2-security-profile-final-plain-fapi-tolerate-unregistered-redirect-uri,True,FINISHED,PASSED,PASSED,"{""authorization_request_type"":""simple"",""client_auth_type"":""client_attestation"",""credential_format"":""mdoc"",""fapi_profile"":""vci_haip"",""fapi_request_method"":""unsigned"",""fapi_response_mode"":""plain_response"",""openid"":""plain_oauth"",""sender_constrain"":""dpop"",""vci_authorization_code_flow_variant"":""wallet_initiated"",""vci_credential_encryption"":""plain"",""vci_grant_type"":""authorization_code""}"
openid4vc-vci-haip-p035,cqlVnvwADsfvD,9I2SAZBcMfMqY4n,fapi2-security-profile-final-ensure-unsigned-authorization-request-without-using-par-fails,True,FINISHED,FAILED,FAILED,"{""authorization_request_type"":""simple"",""client_auth_type"":""client_attestation"",""credential_format"":""mdoc"",""fapi_profile"":""vci_haip"",""fapi_request_method"":""unsigned"",""fapi_response_mode"":""plain_response"",""openid"":""plain_oauth"",""sender_constrain"":""dpop"",""vci_authorization_code_flow_variant"":""wallet_initiated"",""vci_credential_encryption"":""plain"",""vci_grant_type"":""authorization_code""}"
openid4vc-vci-haip-p035,cqlVnvwADsfvD,rwa7i9NaTVpAt1G,fapi2-security-profile-final-ensure-redirect-uri-in-authorization-request,True,FINISHED,PASSED,PASSED,"{""authorization_request_type"":""simple"",""client_auth_type"":""client_attestation"",""credential_format"":""mdoc"",""fapi_profile"":""vci_haip"",""fapi_request_method"":""unsigned"",""fapi_response_mode"":""plain_response"",""openid"":""plain_oauth"",""sender_constrain"":""dpop"",""vci_authorization_code_flow_variant"":""wallet_initiated"",""vci_credential_encryption"":""plain"",""vci_grant_type"":""authorization_code""}"
openid4vc-vci-haip-p035,cqlVnvwADsfvD,XLpLeK6BryJRroH,fapi2-security-profile-final-ensure-response-type-code-idtoken-fails,True,FINISHED,PASSED,PASSED,"{""authorization_request_type"":""simple"",""client_auth_type"":""client_attestation"",""credential_format"":""mdoc"",""fapi_profile"":""vci_haip"",""fapi_request_method"":""unsigned"",""fapi_response_mode"":""plain_response"",""openid"":""plain_oauth"",""sender_constrain"":""dpop"",""vci_authorization_code_flow_variant"":""wallet_initiated"",""vci_credential_encryption"":""plain"",""vci_grant_type"":""authorization_code""}"
openid4vc-vci-haip-p035,cqlVnvwADsfvD,bH7YBUa1i0z0htH,fapi2-security-profile-final-ensure-response-type-token-fails,True,FINISHED,PASSED,PASSED,"{""authorization_request_type"":""simple"",""client_auth_type"":""client_attestation"",""credential_format"":""mdoc"",""fapi_profile"":""vci_haip"",""fapi_request_method"":""unsigned"",""fapi_response_mode"":""plain_response"",""openid"":""plain_oauth"",""sender_constrain"":""dpop"",""vci_authorization_code_flow_variant"":""wallet_initiated"",""vci_credential_encryption"":""plain"",""vci_grant_type"":""authorization_code""}"
openid4vc-vci-haip-p035,cqlVnvwADsfvD,yDSdcMo4dDSEe58,fapi2-security-profile-final-ensure-client-id-in-token-endpoint,True,FINISHED,PASSED,PASSED,"{""authorization_request_type"":""simple"",""client_auth_type"":""client_attestation"",""credential_format"":""mdoc"",""fapi_profile"":""vci_haip"",""fapi_request_method"":""unsigned"",""fapi_response_mode"":""plain_response"",""openid"":""plain_oauth"",""sender_constrain"":""dpop"",""vci_authorization_code_flow_variant"":""wallet_initiated"",""vci_credential_encryption"":""plain"",""vci_grant_type"":""authorization_code""}"
openid4vc-vci-haip-p035,cqlVnvwADsfvD,Uc6QlTh9z7G4THs,fapi2-security-profile-final-ensure-holder-of-key-required,True,FINISHED,PASSED,PASSED,"{""authorization_request_type"":""simple"",""client_auth_type"":""client_attestation"",""credential_format"":""mdoc"",""fapi_profile"":""vci_haip"",""fapi_request_method"":""unsigned"",""fapi_response_mode"":""plain_response"",""openid"":""plain_oauth"",""sender_constrain"":""dpop"",""vci_authorization_code_flow_variant"":""wallet_initiated"",""vci_credential_encryption"":""plain"",""vci_grant_type"":""authorization_code""}"
openid4vc-vci-haip-p035,cqlVnvwADsfvD,d3bzBXAVIg1zqmn,fapi2-security-profile-final-ensure-authorization-code-is-bound-to-client,True,FINISHED,PASSED,PASSED,"{""authorization_request_type"":""simple"",""client_auth_type"":""client_attestation"",""credential_format"":""mdoc"",""fapi_profile"":""vci_haip"",""fapi_request_method"":""unsigned"",""fapi_response_mode"":""plain_response"",""openid"":""plain_oauth"",""sender_constrain"":""dpop"",""vci_authorization_code_flow_variant"":""wallet_initiated"",""vci_credential_encryption"":""plain"",""vci_grant_type"":""authorization_code""}"
openid4vc-vci-haip-p035,cqlVnvwADsfvD,VFjhurlYTuTc201,fapi2-security-profile-final-attempt-reuse-authorization-code-after-one-second,True,FINISHED,FAILED,FAILED,"{""authorization_request_type"":""simple"",""client_auth_type"":""client_attestation"",""credential_format"":""mdoc"",""fapi_profile"":""vci_haip"",""fapi_request_method"":""unsigned"",""fapi_response_mode"":""plain_response"",""openid"":""plain_oauth"",""sender_constrain"":""dpop"",""vci_authorization_code_flow_variant"":""wallet_initiated"",""vci_credential_encryption"":""plain"",""vci_grant_type"":""authorization_code""}"
openid4vc-vci-haip-p035,cqlVnvwADsfvD,DA4YEnLmKfUL9a6,fapi2-security-profile-final-ensure-token-endpoint-fails-with-expired-auth-code,True,FINISHED,PASSED,PASSED,"{""authorization_request_type"":""simple"",""client_auth_type"":""client_attestation"",""credential_format"":""mdoc"",""fapi_profile"":""vci_haip"",""fapi_request_method"":""unsigned"",""fapi_response_mode"":""plain_response"",""openid"":""plain_oauth"",""sender_constrain"":""dpop"",""vci_authorization_code_flow_variant"":""wallet_initiated"",""vci_credential_encryption"":""plain"",""vci_grant_type"":""authorization_code""}"
openid4vc-vci-haip-p035,cqlVnvwADsfvD,wufBs7R6ZRSYEkz,fapi2-security-profile-final-dpop-negative-tests,True,FINISHED,FAILED,FAILED,"{""authorization_request_type"":""simple"",""client_auth_type"":""client_attestation"",""credential_format"":""mdoc"",""fapi_profile"":""vci_haip"",""fapi_request_method"":""unsigned"",""fapi_response_mode"":""plain_response"",""openid"":""plain_oauth"",""sender_constrain"":""dpop"",""vci_authorization_code_flow_variant"":""wallet_initiated"",""vci_credential_encryption"":""plain"",""vci_grant_type"":""authorization_code""}"
openid4vc-vci-haip-p035,cqlVnvwADsfvD,mDtc8y61xr65lSJ,fapi2-security-profile-final-refresh-token,True,FINISHED,FAILED,FAILED,"{""authorization_request_type"":""simple"",""client_auth_type"":""client_attestation"",""credential_format"":""mdoc"",""fapi_profile"":""vci_haip"",""fapi_request_method"":""unsigned"",""fapi_response_mode"":""plain_response"",""openid"":""plain_oauth"",""sender_constrain"":""dpop"",""vci_authorization_code_flow_variant"":""wallet_initiated"",""vci_credential_encryption"":""plain"",""vci_grant_type"":""authorization_code""}"
openid4vc-vci-haip-p035,cqlVnvwADsfvD,mg0hz3FMkWmAITB,fapi2-security-profile-final-par-ensure-reused-request-uri-prior-to-auth-completion-succeeds,True,FINISHED,FAILED,FAILED,"{""authorization_request_type"":""simple"",""client_auth_type"":""client_attestation"",""credential_format"":""mdoc"",""fapi_profile"":""vci_haip"",""fapi_request_method"":""unsigned"",""fapi_response_mode"":""plain_response"",""openid"":""plain_oauth"",""sender_constrain"":""dpop"",""vci_authorization_code_flow_variant"":""wallet_initiated"",""vci_credential_encryption"":""plain"",""vci_grant_type"":""authorization_code""}"
openid4vc-vci-haip-p035,cqlVnvwADsfvD,BNqRnEZVLs3IAoC,fapi2-security-profile-final-par-attempt-reuse-request_uri,True,FINISHED,FAILED,FAILED,"{""authorization_request_type"":""simple"",""client_auth_type"":""client_attestation"",""credential_format"":""mdoc"",""fapi_profile"":""vci_haip"",""fapi_request_method"":""unsigned"",""fapi_response_mode"":""plain_response"",""openid"":""plain_oauth"",""sender_constrain"":""dpop"",""vci_authorization_code_flow_variant"":""wallet_initiated"",""vci_credential_encryption"":""plain"",""vci_grant_type"":""authorization_code""}"
openid4vc-vci-haip-p035,cqlVnvwADsfvD,Dsh7Rv7aMJJv5Vt,fapi2-security-profile-final-par-attempt-to-use-expired-request_uri,True,FINISHED,PASSED,PASSED,"{""authorization_request_type"":""simple"",""client_auth_type"":""client_attestation"",""credential_format"":""mdoc"",""fapi_profile"":""vci_haip"",""fapi_request_method"":""unsigned"",""fapi_response_mode"":""plain_response"",""openid"":""plain_oauth"",""sender_constrain"":""dpop"",""vci_authorization_code_flow_variant"":""wallet_initiated"",""vci_credential_encryption"":""plain"",""vci_grant_type"":""authorization_code""}"
openid4vc-vci-haip-p035,cqlVnvwADsfvD,lKdZmiTwsBTCHGA,fapi2-security-profile-final-par-attempt-to-use-request_uri-for-different-client,True,FINISHED,PASSED,PASSED,"{""authorization_request_type"":""simple"",""client_auth_type"":""client_attestation"",""credential_format"":""mdoc"",""fapi_profile"":""vci_haip"",""fapi_request_method"":""unsigned"",""fapi_response_mode"":""plain_response"",""openid"":""plain_oauth"",""sender_constrain"":""dpop"",""vci_authorization_code_flow_variant"":""wallet_initiated"",""vci_credential_encryption"":""plain"",""vci_grant_type"":""authorization_code""}"
openid4vc-vci-haip-p035,cqlVnvwADsfvD,lAi9zcB6jmDvEj1,fapi2-security-profile-final-par-authorization-request-containing-request_uri-form-param,True,FINISHED,PASSED,PASSED,"{""authorization_request_type"":""simple"",""client_auth_type"":""client_attestation"",""credential_format"":""mdoc"",""fapi_profile"":""vci_haip"",""fapi_request_method"":""unsigned"",""fapi_response_mode"":""plain_response"",""openid"":""plain_oauth"",""sender_constrain"":""dpop"",""vci_authorization_code_flow_variant"":""wallet_initiated"",""vci_credential_encryption"":""plain"",""vci_grant_type"":""authorization_code""}"
openid4vc-vci-haip-p035,cqlVnvwADsfvD,rSoo6YGSd7D7tyQ,fapi2-security-profile-final-par-attempt-invalid-http-method,True,FINISHED,PASSED,PASSED,"{""authorization_request_type"":""simple"",""client_auth_type"":""client_attestation"",""credential_format"":""mdoc"",""fapi_profile"":""vci_haip"",""fapi_request_method"":""unsigned"",""fapi_response_mode"":""plain_response"",""openid"":""plain_oauth"",""sender_constrain"":""dpop"",""vci_authorization_code_flow_variant"":""wallet_initiated"",""vci_credential_encryption"":""plain"",""vci_grant_type"":""authorization_code""}"
openid4vc-vci-haip-p035,cqlVnvwADsfvD,6vctY0utNLxTwtP,fapi2-security-profile-final-par-ensure-pkce-required,True,FINISHED,PASSED,PASSED,"{""authorization_request_type"":""simple"",""client_auth_type"":""client_attestation"",""credential_format"":""mdoc"",""fapi_profile"":""vci_haip"",""fapi_request_method"":""unsigned"",""fapi_response_mode"":""plain_response"",""openid"":""plain_oauth"",""sender_constrain"":""dpop"",""vci_authorization_code_flow_variant"":""wallet_initiated"",""vci_credential_encryption"":""plain"",""vci_grant_type"":""authorization_code""}"
openid4vc-vci-haip-p035,cqlVnvwADsfvD,C4Q2NBpuzptnsRd,fapi2-security-profile-final-ensure-pkce-code-verifier-required,True,FINISHED,PASSED,PASSED,"{""authorization_request_type"":""simple"",""client_auth_type"":""client_attestation"",""credential_format"":""mdoc"",""fapi_profile"":""vci_haip"",""fapi_request_method"":""unsigned"",""fapi_response_mode"":""plain_response"",""openid"":""plain_oauth"",""sender_constrain"":""dpop"",""vci_authorization_code_flow_variant"":""wallet_initiated"",""vci_credential_encryption"":""plain"",""vci_grant_type"":""authorization_code""}"
openid4vc-vci-haip-p035,cqlVnvwADsfvD,BsMENh1oAXhaXSW,fapi2-security-profile-final-incorrect-pkce-code-verifier-rejected,True,FINISHED,PASSED,PASSED,"{""authorization_request_type"":""simple"",""client_auth_type"":""client_attestation"",""credential_format"":""mdoc"",""fapi_profile"":""vci_haip"",""fapi_request_method"":""unsigned"",""fapi_response_mode"":""plain_response"",""openid"":""plain_oauth"",""sender_constrain"":""dpop"",""vci_authorization_code_flow_variant"":""wallet_initiated"",""vci_credential_encryption"":""plain"",""vci_grant_type"":""authorization_code""}"
openid4vc-vci-haip-p035,cqlVnvwADsfvD,jVF3RJw0NkLHBAi,fapi2-security-profile-final-par-plain-pkce-rejected,True,FINISHED,PASSED,PASSED,"{""authorization_request_type"":""simple"",""client_auth_type"":""client_attestation"",""credential_format"":""mdoc"",""fapi_profile"":""vci_haip"",""fapi_request_method"":""unsigned"",""fapi_response_mode"":""plain_response"",""openid"":""plain_oauth"",""sender_constrain"":""dpop"",""vci_authorization_code_flow_variant"":""wallet_initiated"",""vci_credential_encryption"":""plain"",""vci_grant_type"":""authorization_code""}"
openid4vc-vci-haip-p035,cqlVnvwADsfvD,p0bwqEqoKZu1JOs,fapi2-security-profile-final-par-without-duplicate-parameters,True,FINISHED,FAILED,FAILED,"{""authorization_request_type"":""simple"",""client_auth_type"":""client_attestation"",""credential_format"":""mdoc"",""fapi_profile"":""vci_haip"",""fapi_request_method"":""unsigned"",""fapi_response_mode"":""plain_response"",""openid"":""plain_oauth"",""sender_constrain"":""dpop"",""vci_authorization_code_flow_variant"":""wallet_initiated"",""vci_credential_encryption"":""plain"",""vci_grant_type"":""authorization_code""}"
openid4vc-vci-haip-p036,zmmCNNgpbKMym,TX6jGwq0SP3cclo,oid4vci-1_0-issuer-metadata-test,True,FINISHED,PASSED,PASSED,"{""client_auth_type"":""client_attestation"",""credential_format"":""sd_jwt_vc"",""fapi_profile"":""vci_haip"",""vci_authorization_code_flow_variant"":""issuer_initiated""}"
openid4vc-vci-haip-p036,zmmCNNgpbKMym,hzdNtXa38X5A5BR,oid4vci-1_0-issuer-metadata-test-signed,True,FINISHED,PASSED,PASSED,"{""client_auth_type"":""client_attestation"",""credential_format"":""sd_jwt_vc"",""fapi_profile"":""vci_haip"",""vci_authorization_code_flow_variant"":""issuer_initiated""}"
openid4vc-vci-haip-p036,zmmCNNgpbKMym,qsBmrPI2IomJfXf,oid4vci-1_0-issuer-happy-flow,True,FINISHED,PASSED,PASSED,"{""authorization_request_type"":""simple"",""client_auth_type"":""client_attestation"",""credential_format"":""sd_jwt_vc"",""fapi_profile"":""vci_haip"",""fapi_request_method"":""unsigned"",""fapi_response_mode"":""plain_response"",""openid"":""plain_oauth"",""sender_constrain"":""dpop"",""vci_authorization_code_flow_variant"":""issuer_initiated"",""vci_credential_encryption"":""plain"",""vci_grant_type"":""authorization_code""}"
openid4vc-vci-haip-p036,zmmCNNgpbKMym,QlzoLWByZ92EEM9,oid4vci-1_0-issuer-happy-flow-additional-requests,True,FINISHED,PASSED,PASSED,"{""authorization_request_type"":""simple"",""client_auth_type"":""client_attestation"",""credential_format"":""sd_jwt_vc"",""fapi_profile"":""vci_haip"",""fapi_request_method"":""unsigned"",""fapi_response_mode"":""plain_response"",""openid"":""plain_oauth"",""sender_constrain"":""dpop"",""vci_authorization_code_flow_variant"":""issuer_initiated"",""vci_credential_encryption"":""plain"",""vci_grant_type"":""authorization_code""}"
openid4vc-vci-haip-p036,zmmCNNgpbKMym,8D8gxyGcvJwPUsu,oid4vci-1_0-issuer-happy-flow-multiple-clients,True,INTERRUPTED,FAILED,FAILED,"{""authorization_request_type"":""simple"",""client_auth_type"":""client_attestation"",""credential_format"":""sd_jwt_vc"",""fapi_profile"":""vci_haip"",""fapi_request_method"":""unsigned"",""fapi_response_mode"":""plain_response"",""openid"":""plain_oauth"",""sender_constrain"":""dpop"",""vci_authorization_code_flow_variant"":""issuer_initiated"",""vci_credential_encryption"":""plain"",""vci_grant_type"":""authorization_code""}"
openid4vc-vci-haip-p036,zmmCNNgpbKMym,selDR7hJNLWKjlj,oid4vci-1_0-issuer-happy-flow-skip-notification,True,FINISHED,PASSED,PASSED,"{""authorization_request_type"":""simple"",""client_auth_type"":""client_attestation"",""credential_format"":""sd_jwt_vc"",""fapi_profile"":""vci_haip"",""fapi_request_method"":""unsigned"",""fapi_response_mode"":""plain_response"",""openid"":""plain_oauth"",""sender_constrain"":""dpop"",""vci_authorization_code_flow_variant"":""issuer_initiated"",""vci_credential_encryption"":""plain"",""vci_grant_type"":""authorization_code""}"
openid4vc-vci-haip-p036,zmmCNNgpbKMym,280hY8Ij9OIEJ79,oid4vci-1_0-issuer-batch-issuance,True,FINISHED,PASSED,PASSED,"{""authorization_request_type"":""simple"",""client_auth_type"":""client_attestation"",""credential_format"":""sd_jwt_vc"",""fapi_profile"":""vci_haip"",""fapi_request_method"":""unsigned"",""fapi_response_mode"":""plain_response"",""openid"":""plain_oauth"",""sender_constrain"":""dpop"",""vci_authorization_code_flow_variant"":""issuer_initiated"",""vci_credential_encryption"":""plain"",""vci_grant_type"":""authorization_code""}"
openid4vc-vci-haip-p036,zmmCNNgpbKMym,DnWuBeQNcByS5Q9,oid4vci-1_0-issuer-fail-invalid-nonce,True,FINISHED,PASSED,PASSED,"{""authorization_request_type"":""simple"",""client_auth_type"":""client_attestation"",""credential_format"":""sd_jwt_vc"",""fapi_profile"":""vci_haip"",""fapi_request_method"":""unsigned"",""fapi_response_mode"":""plain_response"",""openid"":""plain_oauth"",""sender_constrain"":""dpop"",""vci_authorization_code_flow_variant"":""issuer_initiated"",""vci_credential_encryption"":""plain"",""vci_grant_type"":""authorization_code""}"
openid4vc-vci-haip-p036,zmmCNNgpbKMym,vMxpY1FWUbxaJgC,oid4vci-1_0-issuer-fail-invalid-jwt-proof-signature,True,FINISHED,PASSED,PASSED,"{""authorization_request_type"":""simple"",""client_auth_type"":""client_attestation"",""credential_format"":""sd_jwt_vc"",""fapi_profile"":""vci_haip"",""fapi_request_method"":""unsigned"",""fapi_response_mode"":""plain_response"",""openid"":""plain_oauth"",""sender_constrain"":""dpop"",""vci_authorization_code_flow_variant"":""issuer_initiated"",""vci_credential_encryption"":""plain"",""vci_grant_type"":""authorization_code""}"
openid4vc-vci-haip-p036,zmmCNNgpbKMym,0ynp9JCJeEm2is1,oid4vci-1_0-issuer-fail-invalid-key-attestation-signature,True,FINISHED,PASSED,PASSED,"{""authorization_request_type"":""simple"",""client_auth_type"":""client_attestation"",""credential_format"":""sd_jwt_vc"",""fapi_profile"":""vci_haip"",""fapi_request_method"":""unsigned"",""fapi_response_mode"":""plain_response"",""openid"":""plain_oauth"",""sender_constrain"":""dpop"",""vci_authorization_code_flow_variant"":""issuer_initiated"",""vci_credential_encryption"":""plain"",""vci_grant_type"":""authorization_code""}"
openid4vc-vci-haip-p036,zmmCNNgpbKMym,xzhs3wBkp6IYiHq,oid4vci-1_0-issuer-fail-invalid-client-attestation-signature,True,FINISHED,PASSED,PASSED,"{""authorization_request_type"":""simple"",""client_auth_type"":""client_attestation"",""credential_format"":""sd_jwt_vc"",""fapi_profile"":""vci_haip"",""fapi_request_method"":""unsigned"",""fapi_response_mode"":""plain_response"",""openid"":""plain_oauth"",""sender_constrain"":""dpop"",""vci_authorization_code_flow_variant"":""issuer_initiated"",""vci_credential_encryption"":""plain"",""vci_grant_type"":""authorization_code""}"
openid4vc-vci-haip-p036,zmmCNNgpbKMym,lwp6QAYDoUGj11Q,oid4vci-1_0-issuer-fail-invalid-client-attestation-pop-signature,True,FINISHED,PASSED,PASSED,"{""authorization_request_type"":""simple"",""client_auth_type"":""client_attestation"",""credential_format"":""sd_jwt_vc"",""fapi_profile"":""vci_haip"",""fapi_request_method"":""unsigned"",""fapi_response_mode"":""plain_response"",""openid"":""plain_oauth"",""sender_constrain"":""dpop"",""vci_authorization_code_flow_variant"":""issuer_initiated"",""vci_credential_encryption"":""plain"",""vci_grant_type"":""authorization_code""}"
openid4vc-vci-haip-p036,zmmCNNgpbKMym,CWBOvhwVtnn4au0,oid4vci-1_0-issuer-fail-client-attestation-exp-in-past,True,FINISHED,PASSED,PASSED,"{""authorization_request_type"":""simple"",""client_auth_type"":""client_attestation"",""credential_format"":""sd_jwt_vc"",""fapi_profile"":""vci_haip"",""fapi_request_method"":""unsigned"",""fapi_response_mode"":""plain_response"",""openid"":""plain_oauth"",""sender_constrain"":""dpop"",""vci_authorization_code_flow_variant"":""issuer_initiated"",""vci_credential_encryption"":""plain"",""vci_grant_type"":""authorization_code""}"
openid4vc-vci-haip-p036,zmmCNNgpbKMym,IBtq5yNb7C9oyMz,oid4vci-1_0-issuer-fail-client-attestation-no-sub,True,FINISHED,PASSED,PASSED,"{""authorization_request_type"":""simple"",""client_auth_type"":""client_attestation"",""credential_format"":""sd_jwt_vc"",""fapi_profile"":""vci_haip"",""fapi_request_method"":""unsigned"",""fapi_response_mode"":""plain_response"",""openid"":""plain_oauth"",""sender_constrain"":""dpop"",""vci_authorization_code_flow_variant"":""issuer_initiated"",""vci_credential_encryption"":""plain"",""vci_grant_type"":""authorization_code""}"
openid4vc-vci-haip-p036,zmmCNNgpbKMym,lNNr1KDut5TtcR9,oid4vci-1_0-issuer-fail-client-attestation-pop-wrong-aud,True,FINISHED,PASSED,PASSED,"{""authorization_request_type"":""simple"",""client_auth_type"":""client_attestation"",""credential_format"":""sd_jwt_vc"",""fapi_profile"":""vci_haip"",""fapi_request_method"":""unsigned"",""fapi_response_mode"":""plain_response"",""openid"":""plain_oauth"",""sender_constrain"":""dpop"",""vci_authorization_code_flow_variant"":""issuer_initiated"",""vci_credential_encryption"":""plain"",""vci_grant_type"":""authorization_code""}"
openid4vc-vci-haip-p036,zmmCNNgpbKMym,Be8T9jJIow2SE4Y,oid4vci-1_0-issuer-fail-mismatched-client-attestation-pop-key,True,FINISHED,PASSED,PASSED,"{""authorization_request_type"":""simple"",""client_auth_type"":""client_attestation"",""credential_format"":""sd_jwt_vc"",""fapi_profile"":""vci_haip"",""fapi_request_method"":""unsigned"",""fapi_response_mode"":""plain_response"",""openid"":""plain_oauth"",""sender_constrain"":""dpop"",""vci_authorization_code_flow_variant"":""issuer_initiated"",""vci_credential_encryption"":""plain"",""vci_grant_type"":""authorization_code""}"
openid4vc-vci-haip-p036,zmmCNNgpbKMym,GtWdzVjogsA8eHq,oid4vci-1_0-issuer-fail-missing-proof,True,FINISHED,PASSED,PASSED,"{""authorization_request_type"":""simple"",""client_auth_type"":""client_attestation"",""credential_format"":""sd_jwt_vc"",""fapi_profile"":""vci_haip"",""fapi_request_method"":""unsigned"",""fapi_response_mode"":""plain_response"",""openid"":""plain_oauth"",""sender_constrain"":""dpop"",""vci_authorization_code_flow_variant"":""issuer_initiated"",""vci_credential_encryption"":""plain"",""vci_grant_type"":""authorization_code""}"
openid4vc-vci-haip-p036,zmmCNNgpbKMym,uOgXcuLXSqs52ik,oid4vci-1_0-issuer-fail-unknown-credential-configuration,True,FINISHED,PASSED,PASSED,"{""authorization_request_type"":""simple"",""client_auth_type"":""client_attestation"",""credential_format"":""sd_jwt_vc"",""fapi_profile"":""vci_haip"",""fapi_request_method"":""unsigned"",""fapi_response_mode"":""plain_response"",""openid"":""plain_oauth"",""sender_constrain"":""dpop"",""vci_authorization_code_flow_variant"":""issuer_initiated"",""vci_credential_encryption"":""plain"",""vci_grant_type"":""authorization_code""}"
openid4vc-vci-haip-p036,zmmCNNgpbKMym,MikBTZWgwBpzp9u,oid4vci-1_0-issuer-fail-unknown-credential-identifier,True,FINISHED,PASSED,PASSED,"{""authorization_request_type"":""simple"",""client_auth_type"":""client_attestation"",""credential_format"":""sd_jwt_vc"",""fapi_profile"":""vci_haip"",""fapi_request_method"":""unsigned"",""fapi_response_mode"":""plain_response"",""openid"":""plain_oauth"",""sender_constrain"":""dpop"",""vci_authorization_code_flow_variant"":""issuer_initiated"",""vci_credential_encryption"":""plain"",""vci_grant_type"":""authorization_code""}"
openid4vc-vci-haip-p036,zmmCNNgpbKMym,VEL0uC7uDnin92p,oid4vci-1_0-issuer-fail-on-access-token-in-query,True,FINISHED,PASSED,PASSED,"{""authorization_request_type"":""simple"",""client_auth_type"":""client_attestation"",""credential_format"":""sd_jwt_vc"",""fapi_profile"":""vci_haip"",""fapi_request_method"":""unsigned"",""fapi_response_mode"":""plain_response"",""openid"":""plain_oauth"",""sender_constrain"":""dpop"",""vci_authorization_code_flow_variant"":""issuer_initiated"",""vci_credential_encryption"":""plain"",""vci_grant_type"":""authorization_code""}"
openid4vc-vci-haip-p036,zmmCNNgpbKMym,34USFO5SneyzyG7,oid4vci-1_0-issuer-happy-flow,True,FINISHED,PASSED,PASSED,"{""authorization_request_type"":""simple"",""client_auth_type"":""client_attestation"",""credential_format"":""sd_jwt_vc"",""fapi_profile"":""vci_haip"",""fapi_request_method"":""unsigned"",""fapi_response_mode"":""plain_response"",""openid"":""plain_oauth"",""sender_constrain"":""dpop"",""vci_authorization_code_flow_variant"":""issuer_initiated"",""vci_credential_encryption"":""encrypted"",""vci_grant_type"":""authorization_code""}"
openid4vc-vci-haip-p036,zmmCNNgpbKMym,YzP9R0P485WCKqU,oid4vci-1_0-issuer-fail-unknown-credential-configuration,True,FINISHED,PASSED,PASSED,"{""authorization_request_type"":""simple"",""client_auth_type"":""client_attestation"",""credential_format"":""sd_jwt_vc"",""fapi_profile"":""vci_haip"",""fapi_request_method"":""unsigned"",""fapi_response_mode"":""plain_response"",""openid"":""plain_oauth"",""sender_constrain"":""dpop"",""vci_authorization_code_flow_variant"":""issuer_initiated"",""vci_credential_encryption"":""encrypted"",""vci_grant_type"":""authorization_code""}"
openid4vc-vci-haip-p036,zmmCNNgpbKMym,GgarXHnhsF35ZZO,oid4vci-1_0-issuer-fail-unsupported-encryption-algorithm,True,FINISHED,PASSED,PASSED,"{""authorization_request_type"":""simple"",""client_auth_type"":""client_attestation"",""credential_format"":""sd_jwt_vc"",""fapi_profile"":""vci_haip"",""fapi_request_method"":""unsigned"",""fapi_response_mode"":""plain_response"",""openid"":""plain_oauth"",""sender_constrain"":""dpop"",""vci_authorization_code_flow_variant"":""issuer_initiated"",""vci_credential_encryption"":""encrypted"",""vci_grant_type"":""authorization_code""}"
openid4vc-vci-haip-p036,zmmCNNgpbKMym,qCPVrOJ8YmPjVAY,fapi2-security-profile-final-discovery-end-point-verification,True,FINISHED,PASSED,PASSED,"{""authorization_request_type"":""simple"",""client_auth_type"":""client_attestation"",""credential_format"":""sd_jwt_vc"",""fapi_profile"":""vci_haip"",""fapi_request_method"":""unsigned"",""fapi_response_mode"":""plain_response"",""openid"":""plain_oauth"",""sender_constrain"":""dpop"",""vci_authorization_code_flow_variant"":""issuer_initiated""}"
openid4vc-vci-haip-p036,zmmCNNgpbKMym,QdDqX9HF1UjKtEx,fapi2-security-profile-final-happy-flow,True,FINISHED,WARNING,WARNING,"{""authorization_request_type"":""simple"",""client_auth_type"":""client_attestation"",""credential_format"":""sd_jwt_vc"",""fapi_profile"":""vci_haip"",""fapi_request_method"":""unsigned"",""fapi_response_mode"":""plain_response"",""openid"":""plain_oauth"",""sender_constrain"":""dpop"",""vci_authorization_code_flow_variant"":""issuer_initiated"",""vci_credential_encryption"":""plain"",""vci_grant_type"":""authorization_code""}"
openid4vc-vci-haip-p036,zmmCNNgpbKMym,nNfYcW0wX3LXcYu,fapi2-security-profile-final-user-rejects-authentication,True,FINISHED,PASSED,PASSED,"{""authorization_request_type"":""simple"",""client_auth_type"":""client_attestation"",""credential_format"":""sd_jwt_vc"",""fapi_profile"":""vci_haip"",""fapi_request_method"":""unsigned"",""fapi_response_mode"":""plain_response"",""openid"":""plain_oauth"",""sender_constrain"":""dpop"",""vci_authorization_code_flow_variant"":""issuer_initiated"",""vci_credential_encryption"":""plain"",""vci_grant_type"":""authorization_code""}"
openid4vc-vci-haip-p036,zmmCNNgpbKMym,Qdmt49GtYRKBnlz,fapi2-security-profile-final-ensure-authorization-request-without-state-success,True,FINISHED,PASSED,PASSED,"{""authorization_request_type"":""simple"",""client_auth_type"":""client_attestation"",""credential_format"":""sd_jwt_vc"",""fapi_profile"":""vci_haip"",""fapi_request_method"":""unsigned"",""fapi_response_mode"":""plain_response"",""openid"":""plain_oauth"",""sender_constrain"":""dpop"",""vci_authorization_code_flow_variant"":""issuer_initiated"",""vci_credential_encryption"":""plain"",""vci_grant_type"":""authorization_code""}"
openid4vc-vci-haip-p036,zmmCNNgpbKMym,NMV0ocV0PuPFa8r,fapi2-security-profile-final-access-token-type-header-case-sensitivity,True,FINISHED,PASSED,PASSED,"{""authorization_request_type"":""simple"",""client_auth_type"":""client_attestation"",""credential_format"":""sd_jwt_vc"",""fapi_profile"":""vci_haip"",""fapi_request_method"":""unsigned"",""fapi_response_mode"":""plain_response"",""openid"":""plain_oauth"",""sender_constrain"":""dpop"",""vci_authorization_code_flow_variant"":""issuer_initiated"",""vci_credential_encryption"":""plain"",""vci_grant_type"":""authorization_code""}"
openid4vc-vci-haip-p036,zmmCNNgpbKMym,4fd35KA8bqFHXWL,fapi2-security-profile-final-check-dpop-proof-nbf-exp,True,FINISHED,PASSED,PASSED,"{""authorization_request_type"":""simple"",""client_auth_type"":""client_attestation"",""credential_format"":""sd_jwt_vc"",""fapi_profile"":""vci_haip"",""fapi_request_method"":""unsigned"",""fapi_response_mode"":""plain_response"",""openid"":""plain_oauth"",""sender_constrain"":""dpop"",""vci_authorization_code_flow_variant"":""issuer_initiated"",""vci_credential_encryption"":""plain"",""vci_grant_type"":""authorization_code""}"
openid4vc-vci-haip-p036,zmmCNNgpbKMym,ndKWLHYpIST98WB,fapi2-security-profile-final-ensure-dpopproof-with-iat-10seconds-before-succeeds,True,FINISHED,PASSED,PASSED,"{""authorization_request_type"":""simple"",""client_auth_type"":""client_attestation"",""credential_format"":""sd_jwt_vc"",""fapi_profile"":""vci_haip"",""fapi_request_method"":""unsigned"",""fapi_response_mode"":""plain_response"",""openid"":""plain_oauth"",""sender_constrain"":""dpop"",""vci_authorization_code_flow_variant"":""issuer_initiated"",""vci_credential_encryption"":""plain"",""vci_grant_type"":""authorization_code""}"
openid4vc-vci-haip-p036,zmmCNNgpbKMym,TvhZqz6ew26WCdx,fapi2-security-profile-final-ensure-dpopproof-with-iat-10seconds-after-succeeds,True,FINISHED,PASSED,PASSED,"{""authorization_request_type"":""simple"",""client_auth_type"":""client_attestation"",""credential_format"":""sd_jwt_vc"",""fapi_profile"":""vci_haip"",""fapi_request_method"":""unsigned"",""fapi_response_mode"":""plain_response"",""openid"":""plain_oauth"",""sender_constrain"":""dpop"",""vci_authorization_code_flow_variant"":""issuer_initiated"",""vci_credential_encryption"":""plain"",""vci_grant_type"":""authorization_code""}"
openid4vc-vci-haip-p036,zmmCNNgpbKMym,vc3BAj0Q4XktAZb,fapi2-security-profile-final-ensure-mismatched-dpop-jkt-fails,True,FINISHED,PASSED,PASSED,"{""authorization_request_type"":""simple"",""client_auth_type"":""client_attestation"",""credential_format"":""sd_jwt_vc"",""fapi_profile"":""vci_haip"",""fapi_request_method"":""unsigned"",""fapi_response_mode"":""plain_response"",""openid"":""plain_oauth"",""sender_constrain"":""dpop"",""vci_authorization_code_flow_variant"":""issuer_initiated"",""vci_credential_encryption"":""plain"",""vci_grant_type"":""authorization_code""}"
openid4vc-vci-haip-p036,zmmCNNgpbKMym,itqZIO5qGLHEBHb,fapi2-security-profile-final-ensure-token-endpoint-fails-with-mismatched-dpop-proof-jkt,True,FINISHED,PASSED,PASSED,"{""authorization_request_type"":""simple"",""client_auth_type"":""client_attestation"",""credential_format"":""sd_jwt_vc"",""fapi_profile"":""vci_haip"",""fapi_request_method"":""unsigned"",""fapi_response_mode"":""plain_response"",""openid"":""plain_oauth"",""sender_constrain"":""dpop"",""vci_authorization_code_flow_variant"":""issuer_initiated"",""vci_credential_encryption"":""plain"",""vci_grant_type"":""authorization_code""}"
openid4vc-vci-haip-p036,zmmCNNgpbKMym,NAvSvUvibqFUPHC,fapi2-security-profile-final-ensure-token-endpoint-fails-with-mismatched-dpop-jkt,True,FINISHED,PASSED,PASSED,"{""authorization_request_type"":""simple"",""client_auth_type"":""client_attestation"",""credential_format"":""sd_jwt_vc"",""fapi_profile"":""vci_haip"",""fapi_request_method"":""unsigned"",""fapi_response_mode"":""plain_response"",""openid"":""plain_oauth"",""sender_constrain"":""dpop"",""vci_authorization_code_flow_variant"":""issuer_initiated"",""vci_credential_encryption"":""plain"",""vci_grant_type"":""authorization_code""}"
openid4vc-vci-haip-p036,zmmCNNgpbKMym,YFKBGbGJbOdAAkz,fapi2-security-profile-final-ensure-dpopproof-at-par-endpoint-binding-success,True,FINISHED,PASSED,PASSED,"{""authorization_request_type"":""simple"",""client_auth_type"":""client_attestation"",""credential_format"":""sd_jwt_vc"",""fapi_profile"":""vci_haip"",""fapi_request_method"":""unsigned"",""fapi_response_mode"":""plain_response"",""openid"":""plain_oauth"",""sender_constrain"":""dpop"",""vci_authorization_code_flow_variant"":""issuer_initiated"",""vci_credential_encryption"":""plain"",""vci_grant_type"":""authorization_code""}"
openid4vc-vci-haip-p036,zmmCNNgpbKMym,yJMdY3NBFqrUzGd,fapi2-security-profile-final-ensure-dpop-auth-code-binding-success,True,FINISHED,PASSED,PASSED,"{""authorization_request_type"":""simple"",""client_auth_type"":""client_attestation"",""credential_format"":""sd_jwt_vc"",""fapi_profile"":""vci_haip"",""fapi_request_method"":""unsigned"",""fapi_response_mode"":""plain_response"",""openid"":""plain_oauth"",""sender_constrain"":""dpop"",""vci_authorization_code_flow_variant"":""issuer_initiated"",""vci_credential_encryption"":""plain"",""vci_grant_type"":""authorization_code""}"
openid4vc-vci-haip-p036,zmmCNNgpbKMym,0jDkAIv7nCfieYr,fapi2-security-profile-final-ensure-different-state-inside-and-outside-request-object,True,FINISHED,PASSED,PASSED,"{""authorization_request_type"":""simple"",""client_auth_type"":""client_attestation"",""credential_format"":""sd_jwt_vc"",""fapi_profile"":""vci_haip"",""fapi_request_method"":""unsigned"",""fapi_response_mode"":""plain_response"",""openid"":""plain_oauth"",""sender_constrain"":""dpop"",""vci_authorization_code_flow_variant"":""issuer_initiated"",""vci_credential_encryption"":""plain"",""vci_grant_type"":""authorization_code""}"
openid4vc-vci-haip-p036,zmmCNNgpbKMym,hYyIcoSHhf97zpI,fapi2-security-profile-final-ensure-authorization-request-with-long-state,True,FINISHED,PASSED,PASSED,"{""authorization_request_type"":""simple"",""client_auth_type"":""client_attestation"",""credential_format"":""sd_jwt_vc"",""fapi_profile"":""vci_haip"",""fapi_request_method"":""unsigned"",""fapi_response_mode"":""plain_response"",""openid"":""plain_oauth"",""sender_constrain"":""dpop"",""vci_authorization_code_flow_variant"":""issuer_initiated"",""vci_credential_encryption"":""plain"",""vci_grant_type"":""authorization_code""}"
openid4vc-vci-haip-p036,zmmCNNgpbKMym,sXlH59VZctFCLlh,fapi2-security-profile-final-state-only-outside-request-object-not-used,True,FINISHED,PASSED,PASSED,"{""authorization_request_type"":""simple"",""client_auth_type"":""client_attestation"",""credential_format"":""sd_jwt_vc"",""fapi_profile"":""vci_haip"",""fapi_request_method"":""unsigned"",""fapi_response_mode"":""plain_response"",""openid"":""plain_oauth"",""sender_constrain"":""dpop"",""vci_authorization_code_flow_variant"":""issuer_initiated"",""vci_credential_encryption"":""plain"",""vci_grant_type"":""authorization_code""}"
openid4vc-vci-haip-p036,zmmCNNgpbKMym,rriPhgeNhliXSbe,fapi2-security-profile-final-ensure-request-object-without-redirect-uri-fails,True,FINISHED,PASSED,PASSED,"{""authorization_request_type"":""simple"",""client_auth_type"":""client_attestation"",""credential_format"":""sd_jwt_vc"",""fapi_profile"":""vci_haip"",""fapi_request_method"":""unsigned"",""fapi_response_mode"":""plain_response"",""openid"":""plain_oauth"",""sender_constrain"":""dpop"",""vci_authorization_code_flow_variant"":""issuer_initiated"",""vci_credential_encryption"":""plain"",""vci_grant_type"":""authorization_code""}"
openid4vc-vci-haip-p036,zmmCNNgpbKMym,meiuw3Du5Qi9PhY,fapi2-security-profile-final-plain-fapi-tolerate-unregistered-redirect-uri,True,FINISHED,PASSED,PASSED,"{""authorization_request_type"":""simple"",""client_auth_type"":""client_attestation"",""credential_format"":""sd_jwt_vc"",""fapi_profile"":""vci_haip"",""fapi_request_method"":""unsigned"",""fapi_response_mode"":""plain_response"",""openid"":""plain_oauth"",""sender_constrain"":""dpop"",""vci_authorization_code_flow_variant"":""issuer_initiated"",""vci_credential_encryption"":""plain"",""vci_grant_type"":""authorization_code""}"
openid4vc-vci-haip-p036,zmmCNNgpbKMym,NCxGSXC4lsG7OqG,fapi2-security-profile-final-ensure-unsigned-authorization-request-without-using-par-fails,True,FINISHED,FAILED,FAILED,"{""authorization_request_type"":""simple"",""client_auth_type"":""client_attestation"",""credential_format"":""sd_jwt_vc"",""fapi_profile"":""vci_haip"",""fapi_request_method"":""unsigned"",""fapi_response_mode"":""plain_response"",""openid"":""plain_oauth"",""sender_constrain"":""dpop"",""vci_authorization_code_flow_variant"":""issuer_initiated"",""vci_credential_encryption"":""plain"",""vci_grant_type"":""authorization_code""}"
openid4vc-vci-haip-p036,zmmCNNgpbKMym,323lJChszu7eR3V,fapi2-security-profile-final-ensure-redirect-uri-in-authorization-request,True,FINISHED,PASSED,PASSED,"{""authorization_request_type"":""simple"",""client_auth_type"":""client_attestation"",""credential_format"":""sd_jwt_vc"",""fapi_profile"":""vci_haip"",""fapi_request_method"":""unsigned"",""fapi_response_mode"":""plain_response"",""openid"":""plain_oauth"",""sender_constrain"":""dpop"",""vci_authorization_code_flow_variant"":""issuer_initiated"",""vci_credential_encryption"":""plain"",""vci_grant_type"":""authorization_code""}"
openid4vc-vci-haip-p036,zmmCNNgpbKMym,CQ5y4T0SGiRmhY1,fapi2-security-profile-final-ensure-response-type-code-idtoken-fails,True,FINISHED,PASSED,PASSED,"{""authorization_request_type"":""simple"",""client_auth_type"":""client_attestation"",""credential_format"":""sd_jwt_vc"",""fapi_profile"":""vci_haip"",""fapi_request_method"":""unsigned"",""fapi_response_mode"":""plain_response"",""openid"":""plain_oauth"",""sender_constrain"":""dpop"",""vci_authorization_code_flow_variant"":""issuer_initiated"",""vci_credential_encryption"":""plain"",""vci_grant_type"":""authorization_code""}"
openid4vc-vci-haip-p036,zmmCNNgpbKMym,T42WS6egLD9vJef,fapi2-security-profile-final-ensure-response-type-token-fails,True,FINISHED,PASSED,PASSED,"{""authorization_request_type"":""simple"",""client_auth_type"":""client_attestation"",""credential_format"":""sd_jwt_vc"",""fapi_profile"":""vci_haip"",""fapi_request_method"":""unsigned"",""fapi_response_mode"":""plain_response"",""openid"":""plain_oauth"",""sender_constrain"":""dpop"",""vci_authorization_code_flow_variant"":""issuer_initiated"",""vci_credential_encryption"":""plain"",""vci_grant_type"":""authorization_code""}"
openid4vc-vci-haip-p036,zmmCNNgpbKMym,5NUL9U87PAMKLMN,fapi2-security-profile-final-ensure-client-id-in-token-endpoint,True,FINISHED,PASSED,PASSED,"{""authorization_request_type"":""simple"",""client_auth_type"":""client_attestation"",""credential_format"":""sd_jwt_vc"",""fapi_profile"":""vci_haip"",""fapi_request_method"":""unsigned"",""fapi_response_mode"":""plain_response"",""openid"":""plain_oauth"",""sender_constrain"":""dpop"",""vci_authorization_code_flow_variant"":""issuer_initiated"",""vci_credential_encryption"":""plain"",""vci_grant_type"":""authorization_code""}"
openid4vc-vci-haip-p036,zmmCNNgpbKMym,PlHthFgkldWU3hE,fapi2-security-profile-final-ensure-holder-of-key-required,True,FINISHED,PASSED,PASSED,"{""authorization_request_type"":""simple"",""client_auth_type"":""client_attestation"",""credential_format"":""sd_jwt_vc"",""fapi_profile"":""vci_haip"",""fapi_request_method"":""unsigned"",""fapi_response_mode"":""plain_response"",""openid"":""plain_oauth"",""sender_constrain"":""dpop"",""vci_authorization_code_flow_variant"":""issuer_initiated"",""vci_credential_encryption"":""plain"",""vci_grant_type"":""authorization_code""}"
openid4vc-vci-haip-p036,zmmCNNgpbKMym,2xqT0Wk4g2wouN4,fapi2-security-profile-final-ensure-authorization-code-is-bound-to-client,True,FINISHED,PASSED,PASSED,"{""authorization_request_type"":""simple"",""client_auth_type"":""client_attestation"",""credential_format"":""sd_jwt_vc"",""fapi_profile"":""vci_haip"",""fapi_request_method"":""unsigned"",""fapi_response_mode"":""plain_response"",""openid"":""plain_oauth"",""sender_constrain"":""dpop"",""vci_authorization_code_flow_variant"":""issuer_initiated"",""vci_credential_encryption"":""plain"",""vci_grant_type"":""authorization_code""}"
openid4vc-vci-haip-p036,zmmCNNgpbKMym,JVThToCKuE3b23I,fapi2-security-profile-final-attempt-reuse-authorization-code-after-one-second,True,FINISHED,PASSED,PASSED,"{""authorization_request_type"":""simple"",""client_auth_type"":""client_attestation"",""credential_format"":""sd_jwt_vc"",""fapi_profile"":""vci_haip"",""fapi_request_method"":""unsigned"",""fapi_response_mode"":""plain_response"",""openid"":""plain_oauth"",""sender_constrain"":""dpop"",""vci_authorization_code_flow_variant"":""issuer_initiated"",""vci_credential_encryption"":""plain"",""vci_grant_type"":""authorization_code""}"
openid4vc-vci-haip-p036,zmmCNNgpbKMym,2rGlGSw2nP88Rn5,fapi2-security-profile-final-ensure-token-endpoint-fails-with-expired-auth-code,True,FINISHED,PASSED,PASSED,"{""authorization_request_type"":""simple"",""client_auth_type"":""client_attestation"",""credential_format"":""sd_jwt_vc"",""fapi_profile"":""vci_haip"",""fapi_request_method"":""unsigned"",""fapi_response_mode"":""plain_response"",""openid"":""plain_oauth"",""sender_constrain"":""dpop"",""vci_authorization_code_flow_variant"":""issuer_initiated"",""vci_credential_encryption"":""plain"",""vci_grant_type"":""authorization_code""}"
openid4vc-vci-haip-p036,zmmCNNgpbKMym,KeyayudEYAZdmfv,fapi2-security-profile-final-dpop-negative-tests,True,FINISHED,PASSED,PASSED,"{""authorization_request_type"":""simple"",""client_auth_type"":""client_attestation"",""credential_format"":""sd_jwt_vc"",""fapi_profile"":""vci_haip"",""fapi_request_method"":""unsigned"",""fapi_response_mode"":""plain_response"",""openid"":""plain_oauth"",""sender_constrain"":""dpop"",""vci_authorization_code_flow_variant"":""issuer_initiated"",""vci_credential_encryption"":""plain"",""vci_grant_type"":""authorization_code""}"
openid4vc-vci-haip-p036,zmmCNNgpbKMym,CI0NEvPoXNJSZBf,fapi2-security-profile-final-refresh-token,True,FINISHED,PASSED,PASSED,"{""authorization_request_type"":""simple"",""client_auth_type"":""client_attestation"",""credential_format"":""sd_jwt_vc"",""fapi_profile"":""vci_haip"",""fapi_request_method"":""unsigned"",""fapi_response_mode"":""plain_response"",""openid"":""plain_oauth"",""sender_constrain"":""dpop"",""vci_authorization_code_flow_variant"":""issuer_initiated"",""vci_credential_encryption"":""plain"",""vci_grant_type"":""authorization_code""}"
openid4vc-vci-haip-p036,zmmCNNgpbKMym,GTn0f4uLs1EQZPH,fapi2-security-profile-final-par-ensure-reused-request-uri-prior-to-auth-completion-succeeds,True,FINISHED,PASSED,PASSED,"{""authorization_request_type"":""simple"",""client_auth_type"":""client_attestation"",""credential_format"":""sd_jwt_vc"",""fapi_profile"":""vci_haip"",""fapi_request_method"":""unsigned"",""fapi_response_mode"":""plain_response"",""openid"":""plain_oauth"",""sender_constrain"":""dpop"",""vci_authorization_code_flow_variant"":""issuer_initiated"",""vci_credential_encryption"":""plain"",""vci_grant_type"":""authorization_code""}"
openid4vc-vci-haip-p036,zmmCNNgpbKMym,433xCYquwc3xw61,fapi2-security-profile-final-par-attempt-reuse-request_uri,True,FINISHED,PASSED,PASSED,"{""authorization_request_type"":""simple"",""client_auth_type"":""client_attestation"",""credential_format"":""sd_jwt_vc"",""fapi_profile"":""vci_haip"",""fapi_request_method"":""unsigned"",""fapi_response_mode"":""plain_response"",""openid"":""plain_oauth"",""sender_constrain"":""dpop"",""vci_authorization_code_flow_variant"":""issuer_initiated"",""vci_credential_encryption"":""plain"",""vci_grant_type"":""authorization_code""}"
openid4vc-vci-haip-p036,zmmCNNgpbKMym,KzIacpulJ0GQHeB,fapi2-security-profile-final-par-attempt-to-use-expired-request_uri,True,FINISHED,PASSED,PASSED,"{""authorization_request_type"":""simple"",""client_auth_type"":""client_attestation"",""credential_format"":""sd_jwt_vc"",""fapi_profile"":""vci_haip"",""fapi_request_method"":""unsigned"",""fapi_response_mode"":""plain_response"",""openid"":""plain_oauth"",""sender_constrain"":""dpop"",""vci_authorization_code_flow_variant"":""issuer_initiated"",""vci_credential_encryption"":""plain"",""vci_grant_type"":""authorization_code""}"
openid4vc-vci-haip-p036,zmmCNNgpbKMym,9OfPQcQjFWSQDSY,fapi2-security-profile-final-par-attempt-to-use-request_uri-for-different-client,True,FINISHED,PASSED,PASSED,"{""authorization_request_type"":""simple"",""client_auth_type"":""client_attestation"",""credential_format"":""sd_jwt_vc"",""fapi_profile"":""vci_haip"",""fapi_request_method"":""unsigned"",""fapi_response_mode"":""plain_response"",""openid"":""plain_oauth"",""sender_constrain"":""dpop"",""vci_authorization_code_flow_variant"":""issuer_initiated"",""vci_credential_encryption"":""plain"",""vci_grant_type"":""authorization_code""}"
openid4vc-vci-haip-p036,zmmCNNgpbKMym,BUUReRxrOpJObYt,fapi2-security-profile-final-par-authorization-request-containing-request_uri-form-param,True,FINISHED,PASSED,PASSED,"{""authorization_request_type"":""simple"",""client_auth_type"":""client_attestation"",""credential_format"":""sd_jwt_vc"",""fapi_profile"":""vci_haip"",""fapi_request_method"":""unsigned"",""fapi_response_mode"":""plain_response"",""openid"":""plain_oauth"",""sender_constrain"":""dpop"",""vci_authorization_code_flow_variant"":""issuer_initiated"",""vci_credential_encryption"":""plain"",""vci_grant_type"":""authorization_code""}"
openid4vc-vci-haip-p036,zmmCNNgpbKMym,KyjhWO3Df93F3ms,fapi2-security-profile-final-par-attempt-invalid-http-method,True,FINISHED,PASSED,PASSED,"{""authorization_request_type"":""simple"",""client_auth_type"":""client_attestation"",""credential_format"":""sd_jwt_vc"",""fapi_profile"":""vci_haip"",""fapi_request_method"":""unsigned"",""fapi_response_mode"":""plain_response"",""openid"":""plain_oauth"",""sender_constrain"":""dpop"",""vci_authorization_code_flow_variant"":""issuer_initiated"",""vci_credential_encryption"":""plain"",""vci_grant_type"":""authorization_code""}"
openid4vc-vci-haip-p036,zmmCNNgpbKMym,o9hGoIyE6JBQt8M,fapi2-security-profile-final-par-ensure-pkce-required,True,FINISHED,PASSED,PASSED,"{""authorization_request_type"":""simple"",""client_auth_type"":""client_attestation"",""credential_format"":""sd_jwt_vc"",""fapi_profile"":""vci_haip"",""fapi_request_method"":""unsigned"",""fapi_response_mode"":""plain_response"",""openid"":""plain_oauth"",""sender_constrain"":""dpop"",""vci_authorization_code_flow_variant"":""issuer_initiated"",""vci_credential_encryption"":""plain"",""vci_grant_type"":""authorization_code""}"
openid4vc-vci-haip-p036,zmmCNNgpbKMym,yIzjCKofnMdSOQL,fapi2-security-profile-final-ensure-pkce-code-verifier-required,True,FINISHED,PASSED,PASSED,"{""authorization_request_type"":""simple"",""client_auth_type"":""client_attestation"",""credential_format"":""sd_jwt_vc"",""fapi_profile"":""vci_haip"",""fapi_request_method"":""unsigned"",""fapi_response_mode"":""plain_response"",""openid"":""plain_oauth"",""sender_constrain"":""dpop"",""vci_authorization_code_flow_variant"":""issuer_initiated"",""vci_credential_encryption"":""plain"",""vci_grant_type"":""authorization_code""}"
openid4vc-vci-haip-p036,zmmCNNgpbKMym,9x4uAmaL4bsku1M,fapi2-security-profile-final-incorrect-pkce-code-verifier-rejected,True,FINISHED,PASSED,PASSED,"{""authorization_request_type"":""simple"",""client_auth_type"":""client_attestation"",""credential_format"":""sd_jwt_vc"",""fapi_profile"":""vci_haip"",""fapi_request_method"":""unsigned"",""fapi_response_mode"":""plain_response"",""openid"":""plain_oauth"",""sender_constrain"":""dpop"",""vci_authorization_code_flow_variant"":""issuer_initiated"",""vci_credential_encryption"":""plain"",""vci_grant_type"":""authorization_code""}"
openid4vc-vci-haip-p036,zmmCNNgpbKMym,7HhAtbJWJ7AzEUV,fapi2-security-profile-final-par-plain-pkce-rejected,True,FINISHED,PASSED,PASSED,"{""authorization_request_type"":""simple"",""client_auth_type"":""client_attestation"",""credential_format"":""sd_jwt_vc"",""fapi_profile"":""vci_haip"",""fapi_request_method"":""unsigned"",""fapi_response_mode"":""plain_response"",""openid"":""plain_oauth"",""sender_constrain"":""dpop"",""vci_authorization_code_flow_variant"":""issuer_initiated"",""vci_credential_encryption"":""plain"",""vci_grant_type"":""authorization_code""}"
openid4vc-vci-haip-p036,zmmCNNgpbKMym,4wnTMfDzfmA9NYb,fapi2-security-profile-final-par-without-duplicate-parameters,True,FINISHED,PASSED,PASSED,"{""authorization_request_type"":""simple"",""client_auth_type"":""client_attestation"",""credential_format"":""sd_jwt_vc"",""fapi_profile"":""vci_haip"",""fapi_request_method"":""unsigned"",""fapi_response_mode"":""plain_response"",""openid"":""plain_oauth"",""sender_constrain"":""dpop"",""vci_authorization_code_flow_variant"":""issuer_initiated"",""vci_credential_encryption"":""plain"",""vci_grant_type"":""authorization_code""}"
openid4vc-vci-haip-p037,00zf6r8cMXM1A,9FShbOZ9fcmhvxe,oid4vci-1_0-issuer-metadata-test,True,FINISHED,PASSED,PASSED,"{""client_auth_type"":""client_attestation"",""credential_format"":""mdoc"",""fapi_profile"":""vci_haip"",""vci_authorization_code_flow_variant"":""issuer_initiated""}"
openid4vc-vci-haip-p037,00zf6r8cMXM1A,stEXKQhx4X0YK3b,oid4vci-1_0-issuer-metadata-test-signed,True,FINISHED,PASSED,PASSED,"{""client_auth_type"":""client_attestation"",""credential_format"":""mdoc"",""fapi_profile"":""vci_haip"",""vci_authorization_code_flow_variant"":""issuer_initiated""}"
openid4vc-vci-haip-p037,00zf6r8cMXM1A,WD0wmfoJ5cEKfo9,oid4vci-1_0-issuer-happy-flow,True,FINISHED,FAILED,FAILED,"{""authorization_request_type"":""simple"",""client_auth_type"":""client_attestation"",""credential_format"":""mdoc"",""fapi_profile"":""vci_haip"",""fapi_request_method"":""unsigned"",""fapi_response_mode"":""plain_response"",""openid"":""plain_oauth"",""sender_constrain"":""dpop"",""vci_authorization_code_flow_variant"":""issuer_initiated"",""vci_credential_encryption"":""plain"",""vci_grant_type"":""authorization_code""}"
openid4vc-vci-haip-p037,00zf6r8cMXM1A,KkJOfuLeT1EjEJ2,oid4vci-1_0-issuer-happy-flow-additional-requests,True,FINISHED,FAILED,FAILED,"{""authorization_request_type"":""simple"",""client_auth_type"":""client_attestation"",""credential_format"":""mdoc"",""fapi_profile"":""vci_haip"",""fapi_request_method"":""unsigned"",""fapi_response_mode"":""plain_response"",""openid"":""plain_oauth"",""sender_constrain"":""dpop"",""vci_authorization_code_flow_variant"":""issuer_initiated"",""vci_credential_encryption"":""plain"",""vci_grant_type"":""authorization_code""}"
openid4vc-vci-haip-p037,00zf6r8cMXM1A,DsGLmo7FP6LC0YC,oid4vci-1_0-issuer-happy-flow-multiple-clients,True,INTERRUPTED,FAILED,FAILED,"{""authorization_request_type"":""simple"",""client_auth_type"":""client_attestation"",""credential_format"":""mdoc"",""fapi_profile"":""vci_haip"",""fapi_request_method"":""unsigned"",""fapi_response_mode"":""plain_response"",""openid"":""plain_oauth"",""sender_constrain"":""dpop"",""vci_authorization_code_flow_variant"":""issuer_initiated"",""vci_credential_encryption"":""plain"",""vci_grant_type"":""authorization_code""}"
openid4vc-vci-haip-p037,00zf6r8cMXM1A,Hv2Clm2LfSYnA6A,oid4vci-1_0-issuer-happy-flow-skip-notification,True,FINISHED,FAILED,FAILED,"{""authorization_request_type"":""simple"",""client_auth_type"":""client_attestation"",""credential_format"":""mdoc"",""fapi_profile"":""vci_haip"",""fapi_request_method"":""unsigned"",""fapi_response_mode"":""plain_response"",""openid"":""plain_oauth"",""sender_constrain"":""dpop"",""vci_authorization_code_flow_variant"":""issuer_initiated"",""vci_credential_encryption"":""plain"",""vci_grant_type"":""authorization_code""}"
openid4vc-vci-haip-p037,00zf6r8cMXM1A,700qfmpPlnxcPs7,oid4vci-1_0-issuer-batch-issuance,True,FINISHED,FAILED,FAILED,"{""authorization_request_type"":""simple"",""client_auth_type"":""client_attestation"",""credential_format"":""mdoc"",""fapi_profile"":""vci_haip"",""fapi_request_method"":""unsigned"",""fapi_response_mode"":""plain_response"",""openid"":""plain_oauth"",""sender_constrain"":""dpop"",""vci_authorization_code_flow_variant"":""issuer_initiated"",""vci_credential_encryption"":""plain"",""vci_grant_type"":""authorization_code""}"
openid4vc-vci-haip-p037,00zf6r8cMXM1A,hwZpg1hLNH9cqg4,oid4vci-1_0-issuer-fail-invalid-nonce,True,FINISHED,PASSED,PASSED,"{""authorization_request_type"":""simple"",""client_auth_type"":""client_attestation"",""credential_format"":""mdoc"",""fapi_profile"":""vci_haip"",""fapi_request_method"":""unsigned"",""fapi_response_mode"":""plain_response"",""openid"":""plain_oauth"",""sender_constrain"":""dpop"",""vci_authorization_code_flow_variant"":""issuer_initiated"",""vci_credential_encryption"":""plain"",""vci_grant_type"":""authorization_code""}"
openid4vc-vci-haip-p037,00zf6r8cMXM1A,lwRaRVPXPWAP5mW,oid4vci-1_0-issuer-fail-invalid-jwt-proof-signature,True,FINISHED,PASSED,PASSED,"{""authorization_request_type"":""simple"",""client_auth_type"":""client_attestation"",""credential_format"":""mdoc"",""fapi_profile"":""vci_haip"",""fapi_request_method"":""unsigned"",""fapi_response_mode"":""plain_response"",""openid"":""plain_oauth"",""sender_constrain"":""dpop"",""vci_authorization_code_flow_variant"":""issuer_initiated"",""vci_credential_encryption"":""plain"",""vci_grant_type"":""authorization_code""}"
openid4vc-vci-haip-p037,00zf6r8cMXM1A,QYcBPyupd06dXpk,oid4vci-1_0-issuer-fail-invalid-key-attestation-signature,True,FINISHED,PASSED,PASSED,"{""authorization_request_type"":""simple"",""client_auth_type"":""client_attestation"",""credential_format"":""mdoc"",""fapi_profile"":""vci_haip"",""fapi_request_method"":""unsigned"",""fapi_response_mode"":""plain_response"",""openid"":""plain_oauth"",""sender_constrain"":""dpop"",""vci_authorization_code_flow_variant"":""issuer_initiated"",""vci_credential_encryption"":""plain"",""vci_grant_type"":""authorization_code""}"
openid4vc-vci-haip-p037,00zf6r8cMXM1A,JNNdFDZopOVBW3J,oid4vci-1_0-issuer-fail-invalid-client-attestation-signature,True,FINISHED,PASSED,PASSED,"{""authorization_request_type"":""simple"",""client_auth_type"":""client_attestation"",""credential_format"":""mdoc"",""fapi_profile"":""vci_haip"",""fapi_request_method"":""unsigned"",""fapi_response_mode"":""plain_response"",""openid"":""plain_oauth"",""sender_constrain"":""dpop"",""vci_authorization_code_flow_variant"":""issuer_initiated"",""vci_credential_encryption"":""plain"",""vci_grant_type"":""authorization_code""}"
openid4vc-vci-haip-p037,00zf6r8cMXM1A,lvPl7Lgoo7TYXUe,oid4vci-1_0-issuer-fail-invalid-client-attestation-pop-signature,True,FINISHED,PASSED,PASSED,"{""authorization_request_type"":""simple"",""client_auth_type"":""client_attestation"",""credential_format"":""mdoc"",""fapi_profile"":""vci_haip"",""fapi_request_method"":""unsigned"",""fapi_response_mode"":""plain_response"",""openid"":""plain_oauth"",""sender_constrain"":""dpop"",""vci_authorization_code_flow_variant"":""issuer_initiated"",""vci_credential_encryption"":""plain"",""vci_grant_type"":""authorization_code""}"
openid4vc-vci-haip-p037,00zf6r8cMXM1A,sETLHrMBx5UNiDE,oid4vci-1_0-issuer-fail-client-attestation-exp-in-past,True,FINISHED,PASSED,PASSED,"{""authorization_request_type"":""simple"",""client_auth_type"":""client_attestation"",""credential_format"":""mdoc"",""fapi_profile"":""vci_haip"",""fapi_request_method"":""unsigned"",""fapi_response_mode"":""plain_response"",""openid"":""plain_oauth"",""sender_constrain"":""dpop"",""vci_authorization_code_flow_variant"":""issuer_initiated"",""vci_credential_encryption"":""plain"",""vci_grant_type"":""authorization_code""}"
openid4vc-vci-haip-p037,00zf6r8cMXM1A,s4zcq4b5GgkCsan,oid4vci-1_0-issuer-fail-client-attestation-no-sub,True,FINISHED,PASSED,PASSED,"{""authorization_request_type"":""simple"",""client_auth_type"":""client_attestation"",""credential_format"":""mdoc"",""fapi_profile"":""vci_haip"",""fapi_request_method"":""unsigned"",""fapi_response_mode"":""plain_response"",""openid"":""plain_oauth"",""sender_constrain"":""dpop"",""vci_authorization_code_flow_variant"":""issuer_initiated"",""vci_credential_encryption"":""plain"",""vci_grant_type"":""authorization_code""}"
openid4vc-vci-haip-p037,00zf6r8cMXM1A,cYwOwdJMvGKHqSQ,oid4vci-1_0-issuer-fail-client-attestation-pop-wrong-aud,True,FINISHED,PASSED,PASSED,"{""authorization_request_type"":""simple"",""client_auth_type"":""client_attestation"",""credential_format"":""mdoc"",""fapi_profile"":""vci_haip"",""fapi_request_method"":""unsigned"",""fapi_response_mode"":""plain_response"",""openid"":""plain_oauth"",""sender_constrain"":""dpop"",""vci_authorization_code_flow_variant"":""issuer_initiated"",""vci_credential_encryption"":""plain"",""vci_grant_type"":""authorization_code""}"
openid4vc-vci-haip-p037,00zf6r8cMXM1A,FsekYHY9HpnHGh1,oid4vci-1_0-issuer-fail-mismatched-client-attestation-pop-key,True,FINISHED,PASSED,PASSED,"{""authorization_request_type"":""simple"",""client_auth_type"":""client_attestation"",""credential_format"":""mdoc"",""fapi_profile"":""vci_haip"",""fapi_request_method"":""unsigned"",""fapi_response_mode"":""plain_response"",""openid"":""plain_oauth"",""sender_constrain"":""dpop"",""vci_authorization_code_flow_variant"":""issuer_initiated"",""vci_credential_encryption"":""plain"",""vci_grant_type"":""authorization_code""}"
openid4vc-vci-haip-p037,00zf6r8cMXM1A,MgzRlST438vE7kn,oid4vci-1_0-issuer-fail-missing-proof,True,FINISHED,PASSED,PASSED,"{""authorization_request_type"":""simple"",""client_auth_type"":""client_attestation"",""credential_format"":""mdoc"",""fapi_profile"":""vci_haip"",""fapi_request_method"":""unsigned"",""fapi_response_mode"":""plain_response"",""openid"":""plain_oauth"",""sender_constrain"":""dpop"",""vci_authorization_code_flow_variant"":""issuer_initiated"",""vci_credential_encryption"":""plain"",""vci_grant_type"":""authorization_code""}"
openid4vc-vci-haip-p037,00zf6r8cMXM1A,j9vHMi0DR10UvJR,oid4vci-1_0-issuer-fail-unknown-credential-configuration,True,FINISHED,PASSED,PASSED,"{""authorization_request_type"":""simple"",""client_auth_type"":""client_attestation"",""credential_format"":""mdoc"",""fapi_profile"":""vci_haip"",""fapi_request_method"":""unsigned"",""fapi_response_mode"":""plain_response"",""openid"":""plain_oauth"",""sender_constrain"":""dpop"",""vci_authorization_code_flow_variant"":""issuer_initiated"",""vci_credential_encryption"":""plain"",""vci_grant_type"":""authorization_code""}"
openid4vc-vci-haip-p037,00zf6r8cMXM1A,egZLVk8l5YzPmZh,oid4vci-1_0-issuer-fail-unknown-credential-identifier,True,FINISHED,PASSED,PASSED,"{""authorization_request_type"":""simple"",""client_auth_type"":""client_attestation"",""credential_format"":""mdoc"",""fapi_profile"":""vci_haip"",""fapi_request_method"":""unsigned"",""fapi_response_mode"":""plain_response"",""openid"":""plain_oauth"",""sender_constrain"":""dpop"",""vci_authorization_code_flow_variant"":""issuer_initiated"",""vci_credential_encryption"":""plain"",""vci_grant_type"":""authorization_code""}"
openid4vc-vci-haip-p037,00zf6r8cMXM1A,ijWYxcDMJjeaVbH,oid4vci-1_0-issuer-fail-on-access-token-in-query,True,FINISHED,FAILED,FAILED,"{""authorization_request_type"":""simple"",""client_auth_type"":""client_attestation"",""credential_format"":""mdoc"",""fapi_profile"":""vci_haip"",""fapi_request_method"":""unsigned"",""fapi_response_mode"":""plain_response"",""openid"":""plain_oauth"",""sender_constrain"":""dpop"",""vci_authorization_code_flow_variant"":""issuer_initiated"",""vci_credential_encryption"":""plain"",""vci_grant_type"":""authorization_code""}"
openid4vc-vci-haip-p037,00zf6r8cMXM1A,EBfeYQvMZdNqpCR,oid4vci-1_0-issuer-happy-flow,True,FINISHED,FAILED,FAILED,"{""authorization_request_type"":""simple"",""client_auth_type"":""client_attestation"",""credential_format"":""mdoc"",""fapi_profile"":""vci_haip"",""fapi_request_method"":""unsigned"",""fapi_response_mode"":""plain_response"",""openid"":""plain_oauth"",""sender_constrain"":""dpop"",""vci_authorization_code_flow_variant"":""issuer_initiated"",""vci_credential_encryption"":""encrypted"",""vci_grant_type"":""authorization_code""}"
openid4vc-vci-haip-p037,00zf6r8cMXM1A,JtcZBca0bN5k7mh,oid4vci-1_0-issuer-fail-unknown-credential-configuration,True,FINISHED,PASSED,PASSED,"{""authorization_request_type"":""simple"",""client_auth_type"":""client_attestation"",""credential_format"":""mdoc"",""fapi_profile"":""vci_haip"",""fapi_request_method"":""unsigned"",""fapi_response_mode"":""plain_response"",""openid"":""plain_oauth"",""sender_constrain"":""dpop"",""vci_authorization_code_flow_variant"":""issuer_initiated"",""vci_credential_encryption"":""encrypted"",""vci_grant_type"":""authorization_code""}"
openid4vc-vci-haip-p037,00zf6r8cMXM1A,LKjRMmgm98NFAGa,oid4vci-1_0-issuer-fail-unsupported-encryption-algorithm,True,FINISHED,PASSED,PASSED,"{""authorization_request_type"":""simple"",""client_auth_type"":""client_attestation"",""credential_format"":""mdoc"",""fapi_profile"":""vci_haip"",""fapi_request_method"":""unsigned"",""fapi_response_mode"":""plain_response"",""openid"":""plain_oauth"",""sender_constrain"":""dpop"",""vci_authorization_code_flow_variant"":""issuer_initiated"",""vci_credential_encryption"":""encrypted"",""vci_grant_type"":""authorization_code""}"
openid4vc-vci-haip-p037,00zf6r8cMXM1A,Q71P6taq3pYriHv,fapi2-security-profile-final-discovery-end-point-verification,True,FINISHED,PASSED,PASSED,"{""authorization_request_type"":""simple"",""client_auth_type"":""client_attestation"",""credential_format"":""mdoc"",""fapi_profile"":""vci_haip"",""fapi_request_method"":""unsigned"",""fapi_response_mode"":""plain_response"",""openid"":""plain_oauth"",""sender_constrain"":""dpop"",""vci_authorization_code_flow_variant"":""issuer_initiated""}"
openid4vc-vci-haip-p037,00zf6r8cMXM1A,BtepgNM4ljW9tGG,fapi2-security-profile-final-happy-flow,True,FINISHED,FAILED,FAILED,"{""authorization_request_type"":""simple"",""client_auth_type"":""client_attestation"",""credential_format"":""mdoc"",""fapi_profile"":""vci_haip"",""fapi_request_method"":""unsigned"",""fapi_response_mode"":""plain_response"",""openid"":""plain_oauth"",""sender_constrain"":""dpop"",""vci_authorization_code_flow_variant"":""issuer_initiated"",""vci_credential_encryption"":""plain"",""vci_grant_type"":""authorization_code""}"
openid4vc-vci-haip-p037,00zf6r8cMXM1A,A1kiu8dnzSN4Y2H,fapi2-security-profile-final-user-rejects-authentication,True,FINISHED,PASSED,PASSED,"{""authorization_request_type"":""simple"",""client_auth_type"":""client_attestation"",""credential_format"":""mdoc"",""fapi_profile"":""vci_haip"",""fapi_request_method"":""unsigned"",""fapi_response_mode"":""plain_response"",""openid"":""plain_oauth"",""sender_constrain"":""dpop"",""vci_authorization_code_flow_variant"":""issuer_initiated"",""vci_credential_encryption"":""plain"",""vci_grant_type"":""authorization_code""}"
openid4vc-vci-haip-p037,00zf6r8cMXM1A,jGH8yHjkSZK3Bqn,fapi2-security-profile-final-ensure-authorization-request-without-state-success,True,FINISHED,FAILED,FAILED,"{""authorization_request_type"":""simple"",""client_auth_type"":""client_attestation"",""credential_format"":""mdoc"",""fapi_profile"":""vci_haip"",""fapi_request_method"":""unsigned"",""fapi_response_mode"":""plain_response"",""openid"":""plain_oauth"",""sender_constrain"":""dpop"",""vci_authorization_code_flow_variant"":""issuer_initiated"",""vci_credential_encryption"":""plain"",""vci_grant_type"":""authorization_code""}"
openid4vc-vci-haip-p037,00zf6r8cMXM1A,kniBcBjOFkCE4L5,fapi2-security-profile-final-access-token-type-header-case-sensitivity,True,FINISHED,FAILED,FAILED,"{""authorization_request_type"":""simple"",""client_auth_type"":""client_attestation"",""credential_format"":""mdoc"",""fapi_profile"":""vci_haip"",""fapi_request_method"":""unsigned"",""fapi_response_mode"":""plain_response"",""openid"":""plain_oauth"",""sender_constrain"":""dpop"",""vci_authorization_code_flow_variant"":""issuer_initiated"",""vci_credential_encryption"":""plain"",""vci_grant_type"":""authorization_code""}"
openid4vc-vci-haip-p037,00zf6r8cMXM1A,SWF71zS6gYMbTpq,fapi2-security-profile-final-check-dpop-proof-nbf-exp,True,FINISHED,FAILED,FAILED,"{""authorization_request_type"":""simple"",""client_auth_type"":""client_attestation"",""credential_format"":""mdoc"",""fapi_profile"":""vci_haip"",""fapi_request_method"":""unsigned"",""fapi_response_mode"":""plain_response"",""openid"":""plain_oauth"",""sender_constrain"":""dpop"",""vci_authorization_code_flow_variant"":""issuer_initiated"",""vci_credential_encryption"":""plain"",""vci_grant_type"":""authorization_code""}"
openid4vc-vci-haip-p037,00zf6r8cMXM1A,LuRidhWxYWB6AYg,fapi2-security-profile-final-ensure-dpopproof-with-iat-10seconds-before-succeeds,True,FINISHED,FAILED,FAILED,"{""authorization_request_type"":""simple"",""client_auth_type"":""client_attestation"",""credential_format"":""mdoc"",""fapi_profile"":""vci_haip"",""fapi_request_method"":""unsigned"",""fapi_response_mode"":""plain_response"",""openid"":""plain_oauth"",""sender_constrain"":""dpop"",""vci_authorization_code_flow_variant"":""issuer_initiated"",""vci_credential_encryption"":""plain"",""vci_grant_type"":""authorization_code""}"
openid4vc-vci-haip-p037,00zf6r8cMXM1A,Ty6pukLZizPqz4S,fapi2-security-profile-final-ensure-dpopproof-with-iat-10seconds-after-succeeds,True,FINISHED,FAILED,FAILED,"{""authorization_request_type"":""simple"",""client_auth_type"":""client_attestation"",""credential_format"":""mdoc"",""fapi_profile"":""vci_haip"",""fapi_request_method"":""unsigned"",""fapi_response_mode"":""plain_response"",""openid"":""plain_oauth"",""sender_constrain"":""dpop"",""vci_authorization_code_flow_variant"":""issuer_initiated"",""vci_credential_encryption"":""plain"",""vci_grant_type"":""authorization_code""}"
openid4vc-vci-haip-p037,00zf6r8cMXM1A,XrwOGu4Orj5pUho,fapi2-security-profile-final-ensure-mismatched-dpop-jkt-fails,True,FINISHED,PASSED,PASSED,"{""authorization_request_type"":""simple"",""client_auth_type"":""client_attestation"",""credential_format"":""mdoc"",""fapi_profile"":""vci_haip"",""fapi_request_method"":""unsigned"",""fapi_response_mode"":""plain_response"",""openid"":""plain_oauth"",""sender_constrain"":""dpop"",""vci_authorization_code_flow_variant"":""issuer_initiated"",""vci_credential_encryption"":""plain"",""vci_grant_type"":""authorization_code""}"
openid4vc-vci-haip-p037,00zf6r8cMXM1A,KzXhl5MxYb8V0Ug,fapi2-security-profile-final-ensure-token-endpoint-fails-with-mismatched-dpop-proof-jkt,True,FINISHED,PASSED,PASSED,"{""authorization_request_type"":""simple"",""client_auth_type"":""client_attestation"",""credential_format"":""mdoc"",""fapi_profile"":""vci_haip"",""fapi_request_method"":""unsigned"",""fapi_response_mode"":""plain_response"",""openid"":""plain_oauth"",""sender_constrain"":""dpop"",""vci_authorization_code_flow_variant"":""issuer_initiated"",""vci_credential_encryption"":""plain"",""vci_grant_type"":""authorization_code""}"
openid4vc-vci-haip-p037,00zf6r8cMXM1A,YGGn7AJADszvhyQ,fapi2-security-profile-final-ensure-token-endpoint-fails-with-mismatched-dpop-jkt,True,FINISHED,PASSED,PASSED,"{""authorization_request_type"":""simple"",""client_auth_type"":""client_attestation"",""credential_format"":""mdoc"",""fapi_profile"":""vci_haip"",""fapi_request_method"":""unsigned"",""fapi_response_mode"":""plain_response"",""openid"":""plain_oauth"",""sender_constrain"":""dpop"",""vci_authorization_code_flow_variant"":""issuer_initiated"",""vci_credential_encryption"":""plain"",""vci_grant_type"":""authorization_code""}"
openid4vc-vci-haip-p037,00zf6r8cMXM1A,Rpj5aaLHyb4GwCb,fapi2-security-profile-final-ensure-dpopproof-at-par-endpoint-binding-success,True,FINISHED,FAILED,FAILED,"{""authorization_request_type"":""simple"",""client_auth_type"":""client_attestation"",""credential_format"":""mdoc"",""fapi_profile"":""vci_haip"",""fapi_request_method"":""unsigned"",""fapi_response_mode"":""plain_response"",""openid"":""plain_oauth"",""sender_constrain"":""dpop"",""vci_authorization_code_flow_variant"":""issuer_initiated"",""vci_credential_encryption"":""plain"",""vci_grant_type"":""authorization_code""}"
openid4vc-vci-haip-p037,00zf6r8cMXM1A,pRrutUA4ryNXX1a,fapi2-security-profile-final-ensure-dpop-auth-code-binding-success,True,FINISHED,FAILED,FAILED,"{""authorization_request_type"":""simple"",""client_auth_type"":""client_attestation"",""credential_format"":""mdoc"",""fapi_profile"":""vci_haip"",""fapi_request_method"":""unsigned"",""fapi_response_mode"":""plain_response"",""openid"":""plain_oauth"",""sender_constrain"":""dpop"",""vci_authorization_code_flow_variant"":""issuer_initiated"",""vci_credential_encryption"":""plain"",""vci_grant_type"":""authorization_code""}"
openid4vc-vci-haip-p037,00zf6r8cMXM1A,GrP7B33KEvILp8T,fapi2-security-profile-final-ensure-different-state-inside-and-outside-request-object,True,FINISHED,PASSED,PASSED,"{""authorization_request_type"":""simple"",""client_auth_type"":""client_attestation"",""credential_format"":""mdoc"",""fapi_profile"":""vci_haip"",""fapi_request_method"":""unsigned"",""fapi_response_mode"":""plain_response"",""openid"":""plain_oauth"",""sender_constrain"":""dpop"",""vci_authorization_code_flow_variant"":""issuer_initiated"",""vci_credential_encryption"":""plain"",""vci_grant_type"":""authorization_code""}"
openid4vc-vci-haip-p037,00zf6r8cMXM1A,A4Avb67ZVHXcwX1,fapi2-security-profile-final-ensure-authorization-request-with-long-state,True,FINISHED,FAILED,FAILED,"{""authorization_request_type"":""simple"",""client_auth_type"":""client_attestation"",""credential_format"":""mdoc"",""fapi_profile"":""vci_haip"",""fapi_request_method"":""unsigned"",""fapi_response_mode"":""plain_response"",""openid"":""plain_oauth"",""sender_constrain"":""dpop"",""vci_authorization_code_flow_variant"":""issuer_initiated"",""vci_credential_encryption"":""plain"",""vci_grant_type"":""authorization_code""}"
openid4vc-vci-haip-p037,00zf6r8cMXM1A,XA1F1GzuXLvgdV1,fapi2-security-profile-final-state-only-outside-request-object-not-used,True,FINISHED,PASSED,PASSED,"{""authorization_request_type"":""simple"",""client_auth_type"":""client_attestation"",""credential_format"":""mdoc"",""fapi_profile"":""vci_haip"",""fapi_request_method"":""unsigned"",""fapi_response_mode"":""plain_response"",""openid"":""plain_oauth"",""sender_constrain"":""dpop"",""vci_authorization_code_flow_variant"":""issuer_initiated"",""vci_credential_encryption"":""plain"",""vci_grant_type"":""authorization_code""}"
openid4vc-vci-haip-p037,00zf6r8cMXM1A,lfmStWS29uwQ9kF,fapi2-security-profile-final-ensure-request-object-without-redirect-uri-fails,True,FINISHED,PASSED,PASSED,"{""authorization_request_type"":""simple"",""client_auth_type"":""client_attestation"",""credential_format"":""mdoc"",""fapi_profile"":""vci_haip"",""fapi_request_method"":""unsigned"",""fapi_response_mode"":""plain_response"",""openid"":""plain_oauth"",""sender_constrain"":""dpop"",""vci_authorization_code_flow_variant"":""issuer_initiated"",""vci_credential_encryption"":""plain"",""vci_grant_type"":""authorization_code""}"
openid4vc-vci-haip-p037,00zf6r8cMXM1A,SVFiduAhDnED6uu,fapi2-security-profile-final-plain-fapi-tolerate-unregistered-redirect-uri,True,FINISHED,PASSED,PASSED,"{""authorization_request_type"":""simple"",""client_auth_type"":""client_attestation"",""credential_format"":""mdoc"",""fapi_profile"":""vci_haip"",""fapi_request_method"":""unsigned"",""fapi_response_mode"":""plain_response"",""openid"":""plain_oauth"",""sender_constrain"":""dpop"",""vci_authorization_code_flow_variant"":""issuer_initiated"",""vci_credential_encryption"":""plain"",""vci_grant_type"":""authorization_code""}"
openid4vc-vci-haip-p037,00zf6r8cMXM1A,kIi6UXKQmT1wULR,fapi2-security-profile-final-ensure-unsigned-authorization-request-without-using-par-fails,True,FINISHED,FAILED,FAILED,"{""authorization_request_type"":""simple"",""client_auth_type"":""client_attestation"",""credential_format"":""mdoc"",""fapi_profile"":""vci_haip"",""fapi_request_method"":""unsigned"",""fapi_response_mode"":""plain_response"",""openid"":""plain_oauth"",""sender_constrain"":""dpop"",""vci_authorization_code_flow_variant"":""issuer_initiated"",""vci_credential_encryption"":""plain"",""vci_grant_type"":""authorization_code""}"
openid4vc-vci-haip-p037,00zf6r8cMXM1A,dOaNkqTOzjVtfnF,fapi2-security-profile-final-ensure-redirect-uri-in-authorization-request,True,FINISHED,PASSED,PASSED,"{""authorization_request_type"":""simple"",""client_auth_type"":""client_attestation"",""credential_format"":""mdoc"",""fapi_profile"":""vci_haip"",""fapi_request_method"":""unsigned"",""fapi_response_mode"":""plain_response"",""openid"":""plain_oauth"",""sender_constrain"":""dpop"",""vci_authorization_code_flow_variant"":""issuer_initiated"",""vci_credential_encryption"":""plain"",""vci_grant_type"":""authorization_code""}"
openid4vc-vci-haip-p037,00zf6r8cMXM1A,3E7Qd6sFNpCYnEz,fapi2-security-profile-final-ensure-response-type-code-idtoken-fails,True,FINISHED,PASSED,PASSED,"{""authorization_request_type"":""simple"",""client_auth_type"":""client_attestation"",""credential_format"":""mdoc"",""fapi_profile"":""vci_haip"",""fapi_request_method"":""unsigned"",""fapi_response_mode"":""plain_response"",""openid"":""plain_oauth"",""sender_constrain"":""dpop"",""vci_authorization_code_flow_variant"":""issuer_initiated"",""vci_credential_encryption"":""plain"",""vci_grant_type"":""authorization_code""}"
openid4vc-vci-haip-p037,00zf6r8cMXM1A,tRCExFzR9Hq5QjQ,fapi2-security-profile-final-ensure-response-type-token-fails,True,FINISHED,PASSED,PASSED,"{""authorization_request_type"":""simple"",""client_auth_type"":""client_attestation"",""credential_format"":""mdoc"",""fapi_profile"":""vci_haip"",""fapi_request_method"":""unsigned"",""fapi_response_mode"":""plain_response"",""openid"":""plain_oauth"",""sender_constrain"":""dpop"",""vci_authorization_code_flow_variant"":""issuer_initiated"",""vci_credential_encryption"":""plain"",""vci_grant_type"":""authorization_code""}"
openid4vc-vci-haip-p037,00zf6r8cMXM1A,IBY59KWWC0RQtSw,fapi2-security-profile-final-ensure-client-id-in-token-endpoint,True,FINISHED,PASSED,PASSED,"{""authorization_request_type"":""simple"",""client_auth_type"":""client_attestation"",""credential_format"":""mdoc"",""fapi_profile"":""vci_haip"",""fapi_request_method"":""unsigned"",""fapi_response_mode"":""plain_response"",""openid"":""plain_oauth"",""sender_constrain"":""dpop"",""vci_authorization_code_flow_variant"":""issuer_initiated"",""vci_credential_encryption"":""plain"",""vci_grant_type"":""authorization_code""}"
openid4vc-vci-haip-p037,00zf6r8cMXM1A,70BX7o494lHRwCw,fapi2-security-profile-final-ensure-holder-of-key-required,True,FINISHED,PASSED,PASSED,"{""authorization_request_type"":""simple"",""client_auth_type"":""client_attestation"",""credential_format"":""mdoc"",""fapi_profile"":""vci_haip"",""fapi_request_method"":""unsigned"",""fapi_response_mode"":""plain_response"",""openid"":""plain_oauth"",""sender_constrain"":""dpop"",""vci_authorization_code_flow_variant"":""issuer_initiated"",""vci_credential_encryption"":""plain"",""vci_grant_type"":""authorization_code""}"
openid4vc-vci-haip-p037,00zf6r8cMXM1A,HYzMy59tbLKiQoq,fapi2-security-profile-final-ensure-authorization-code-is-bound-to-client,True,FINISHED,PASSED,PASSED,"{""authorization_request_type"":""simple"",""client_auth_type"":""client_attestation"",""credential_format"":""mdoc"",""fapi_profile"":""vci_haip"",""fapi_request_method"":""unsigned"",""fapi_response_mode"":""plain_response"",""openid"":""plain_oauth"",""sender_constrain"":""dpop"",""vci_authorization_code_flow_variant"":""issuer_initiated"",""vci_credential_encryption"":""plain"",""vci_grant_type"":""authorization_code""}"
openid4vc-vci-haip-p037,00zf6r8cMXM1A,C8PTV1H8aJe33U9,fapi2-security-profile-final-attempt-reuse-authorization-code-after-one-second,True,FINISHED,FAILED,FAILED,"{""authorization_request_type"":""simple"",""client_auth_type"":""client_attestation"",""credential_format"":""mdoc"",""fapi_profile"":""vci_haip"",""fapi_request_method"":""unsigned"",""fapi_response_mode"":""plain_response"",""openid"":""plain_oauth"",""sender_constrain"":""dpop"",""vci_authorization_code_flow_variant"":""issuer_initiated"",""vci_credential_encryption"":""plain"",""vci_grant_type"":""authorization_code""}"
openid4vc-vci-haip-p037,00zf6r8cMXM1A,LE3Mj7MCqoMDONq,fapi2-security-profile-final-ensure-token-endpoint-fails-with-expired-auth-code,True,FINISHED,PASSED,PASSED,"{""authorization_request_type"":""simple"",""client_auth_type"":""client_attestation"",""credential_format"":""mdoc"",""fapi_profile"":""vci_haip"",""fapi_request_method"":""unsigned"",""fapi_response_mode"":""plain_response"",""openid"":""plain_oauth"",""sender_constrain"":""dpop"",""vci_authorization_code_flow_variant"":""issuer_initiated"",""vci_credential_encryption"":""plain"",""vci_grant_type"":""authorization_code""}"
openid4vc-vci-haip-p037,00zf6r8cMXM1A,ayhgbewQ2azB1Q4,fapi2-security-profile-final-dpop-negative-tests,True,FINISHED,FAILED,FAILED,"{""authorization_request_type"":""simple"",""client_auth_type"":""client_attestation"",""credential_format"":""mdoc"",""fapi_profile"":""vci_haip"",""fapi_request_method"":""unsigned"",""fapi_response_mode"":""plain_response"",""openid"":""plain_oauth"",""sender_constrain"":""dpop"",""vci_authorization_code_flow_variant"":""issuer_initiated"",""vci_credential_encryption"":""plain"",""vci_grant_type"":""authorization_code""}"
openid4vc-vci-haip-p037,00zf6r8cMXM1A,F4wpvXFNlIkdCw3,fapi2-security-profile-final-refresh-token,True,FINISHED,FAILED,FAILED,"{""authorization_request_type"":""simple"",""client_auth_type"":""client_attestation"",""credential_format"":""mdoc"",""fapi_profile"":""vci_haip"",""fapi_request_method"":""unsigned"",""fapi_response_mode"":""plain_response"",""openid"":""plain_oauth"",""sender_constrain"":""dpop"",""vci_authorization_code_flow_variant"":""issuer_initiated"",""vci_credential_encryption"":""plain"",""vci_grant_type"":""authorization_code""}"
openid4vc-vci-haip-p037,00zf6r8cMXM1A,0kvoKlHmKyvFB6d,fapi2-security-profile-final-par-ensure-reused-request-uri-prior-to-auth-completion-succeeds,True,FINISHED,FAILED,FAILED,"{""authorization_request_type"":""simple"",""client_auth_type"":""client_attestation"",""credential_format"":""mdoc"",""fapi_profile"":""vci_haip"",""fapi_request_method"":""unsigned"",""fapi_response_mode"":""plain_response"",""openid"":""plain_oauth"",""sender_constrain"":""dpop"",""vci_authorization_code_flow_variant"":""issuer_initiated"",""vci_credential_encryption"":""plain"",""vci_grant_type"":""authorization_code""}"
openid4vc-vci-haip-p037,00zf6r8cMXM1A,nXzcClTJRKIRPHk,fapi2-security-profile-final-par-attempt-reuse-request_uri,True,FINISHED,FAILED,FAILED,"{""authorization_request_type"":""simple"",""client_auth_type"":""client_attestation"",""credential_format"":""mdoc"",""fapi_profile"":""vci_haip"",""fapi_request_method"":""unsigned"",""fapi_response_mode"":""plain_response"",""openid"":""plain_oauth"",""sender_constrain"":""dpop"",""vci_authorization_code_flow_variant"":""issuer_initiated"",""vci_credential_encryption"":""plain"",""vci_grant_type"":""authorization_code""}"
openid4vc-vci-haip-p037,00zf6r8cMXM1A,TxSEg1aIHxubKDx,fapi2-security-profile-final-par-attempt-to-use-expired-request_uri,True,FINISHED,PASSED,PASSED,"{""authorization_request_type"":""simple"",""client_auth_type"":""client_attestation"",""credential_format"":""mdoc"",""fapi_profile"":""vci_haip"",""fapi_request_method"":""unsigned"",""fapi_response_mode"":""plain_response"",""openid"":""plain_oauth"",""sender_constrain"":""dpop"",""vci_authorization_code_flow_variant"":""issuer_initiated"",""vci_credential_encryption"":""plain"",""vci_grant_type"":""authorization_code""}"
openid4vc-vci-haip-p037,00zf6r8cMXM1A,TjDoMYk59EZYsZH,fapi2-security-profile-final-par-attempt-to-use-request_uri-for-different-client,True,FINISHED,PASSED,PASSED,"{""authorization_request_type"":""simple"",""client_auth_type"":""client_attestation"",""credential_format"":""mdoc"",""fapi_profile"":""vci_haip"",""fapi_request_method"":""unsigned"",""fapi_response_mode"":""plain_response"",""openid"":""plain_oauth"",""sender_constrain"":""dpop"",""vci_authorization_code_flow_variant"":""issuer_initiated"",""vci_credential_encryption"":""plain"",""vci_grant_type"":""authorization_code""}"
openid4vc-vci-haip-p037,00zf6r8cMXM1A,47t4N0P8380oaX0,fapi2-security-profile-final-par-authorization-request-containing-request_uri-form-param,True,FINISHED,PASSED,PASSED,"{""authorization_request_type"":""simple"",""client_auth_type"":""client_attestation"",""credential_format"":""mdoc"",""fapi_profile"":""vci_haip"",""fapi_request_method"":""unsigned"",""fapi_response_mode"":""plain_response"",""openid"":""plain_oauth"",""sender_constrain"":""dpop"",""vci_authorization_code_flow_variant"":""issuer_initiated"",""vci_credential_encryption"":""plain"",""vci_grant_type"":""authorization_code""}"
openid4vc-vci-haip-p037,00zf6r8cMXM1A,7J595GQPmvEBSWN,fapi2-security-profile-final-par-attempt-invalid-http-method,True,FINISHED,PASSED,PASSED,"{""authorization_request_type"":""simple"",""client_auth_type"":""client_attestation"",""credential_format"":""mdoc"",""fapi_profile"":""vci_haip"",""fapi_request_method"":""unsigned"",""fapi_response_mode"":""plain_response"",""openid"":""plain_oauth"",""sender_constrain"":""dpop"",""vci_authorization_code_flow_variant"":""issuer_initiated"",""vci_credential_encryption"":""plain"",""vci_grant_type"":""authorization_code""}"
openid4vc-vci-haip-p037,00zf6r8cMXM1A,X9L5qqnH2DIPpoC,fapi2-security-profile-final-par-ensure-pkce-required,True,FINISHED,PASSED,PASSED,"{""authorization_request_type"":""simple"",""client_auth_type"":""client_attestation"",""credential_format"":""mdoc"",""fapi_profile"":""vci_haip"",""fapi_request_method"":""unsigned"",""fapi_response_mode"":""plain_response"",""openid"":""plain_oauth"",""sender_constrain"":""dpop"",""vci_authorization_code_flow_variant"":""issuer_initiated"",""vci_credential_encryption"":""plain"",""vci_grant_type"":""authorization_code""}"
openid4vc-vci-haip-p037,00zf6r8cMXM1A,fqLN8CjDwShOtva,fapi2-security-profile-final-ensure-pkce-code-verifier-required,True,FINISHED,PASSED,PASSED,"{""authorization_request_type"":""simple"",""client_auth_type"":""client_attestation"",""credential_format"":""mdoc"",""fapi_profile"":""vci_haip"",""fapi_request_method"":""unsigned"",""fapi_response_mode"":""plain_response"",""openid"":""plain_oauth"",""sender_constrain"":""dpop"",""vci_authorization_code_flow_variant"":""issuer_initiated"",""vci_credential_encryption"":""plain"",""vci_grant_type"":""authorization_code""}"
openid4vc-vci-haip-p037,00zf6r8cMXM1A,ZwKeAMSJUvX22MX,fapi2-security-profile-final-incorrect-pkce-code-verifier-rejected,True,FINISHED,PASSED,PASSED,"{""authorization_request_type"":""simple"",""client_auth_type"":""client_attestation"",""credential_format"":""mdoc"",""fapi_profile"":""vci_haip"",""fapi_request_method"":""unsigned"",""fapi_response_mode"":""plain_response"",""openid"":""plain_oauth"",""sender_constrain"":""dpop"",""vci_authorization_code_flow_variant"":""issuer_initiated"",""vci_credential_encryption"":""plain"",""vci_grant_type"":""authorization_code""}"
openid4vc-vci-haip-p037,00zf6r8cMXM1A,uAVXNLGTxlOOE1M,fapi2-security-profile-final-par-plain-pkce-rejected,True,FINISHED,PASSED,PASSED,"{""authorization_request_type"":""simple"",""client_auth_type"":""client_attestation"",""credential_format"":""mdoc"",""fapi_profile"":""vci_haip"",""fapi_request_method"":""unsigned"",""fapi_response_mode"":""plain_response"",""openid"":""plain_oauth"",""sender_constrain"":""dpop"",""vci_authorization_code_flow_variant"":""issuer_initiated"",""vci_credential_encryption"":""plain"",""vci_grant_type"":""authorization_code""}"
openid4vc-vci-haip-p037,00zf6r8cMXM1A,Ru9z0K6SRBVHNpn,fapi2-security-profile-final-par-without-duplicate-parameters,True,FINISHED,FAILED,FAILED,"{""authorization_request_type"":""simple"",""client_auth_type"":""client_attestation"",""credential_format"":""mdoc"",""fapi_profile"":""vci_haip"",""fapi_request_method"":""unsigned"",""fapi_response_mode"":""plain_response"",""openid"":""plain_oauth"",""sender_constrain"":""dpop"",""vci_authorization_code_flow_variant"":""issuer_initiated"",""vci_credential_encryption"":""plain"",""vci_grant_type"":""authorization_code""}"
openid4vc-vp-p038,iNIaJWIne3xJz,RGh4v3qtnw6hdo7,oid4vp-1final-verifier-happy-flow,False,WAITING,,INCOMPLETE,"{""client_id_prefix"":""redirect_uri"",""credential_format"":""sd_jwt_vc"",""request_method"":""url_query"",""response_mode"":""direct_post"",""vp_profile"":""plain_vp""}"
openid4vc-vp-p039,ReQdMBMJyfN4F,HRuXP0WrWIpTAy5,oid4vp-1final-verifier-happy-flow,False,WAITING,,INCOMPLETE,"{""client_id_prefix"":""x509_san_dns"",""credential_format"":""sd_jwt_vc"",""request_method"":""request_uri_signed"",""response_mode"":""direct_post"",""vp_profile"":""plain_vp""}"
openid4vc-vp-p040,6kQ18QqkyCOx5,uujmEs4pIehlU68,oid4vp-1final-verifier-happy-flow,False,WAITING,,INCOMPLETE,"{""client_id_prefix"":""x509_san_dns"",""credential_format"":""iso_mdl"",""request_method"":""request_uri_signed"",""response_mode"":""direct_post.jwt"",""vp_profile"":""plain_vp""}"
openid4vc-vp-p041,njPzMqFNc3kfU,1jBsQwidtJkgvgZ,oid4vp-1final-verifier-happy-flow,False,WAITING,,INCOMPLETE,"{""client_id_prefix"":""x509_hash"",""credential_format"":""sd_jwt_vc"",""request_method"":""request_uri_signed"",""response_mode"":""direct_post.jwt"",""vp_profile"":""plain_vp""}"
openid4vc-vp-p042,l3Ts22sKtXDub,Te4LrwbWulJxvNC,oid4vp-1final-verifier-happy-flow,False,WAITING,,INCOMPLETE,"{""client_id_prefix"":""x509_hash"",""credential_format"":""iso_mdl"",""request_method"":""request_uri_signed"",""response_mode"":""direct_post"",""vp_profile"":""plain_vp""}"
openid4vc-vp-haip-p043,nHiieIxfHaGl0,dUoCjel1FnQD22D,oid4vp-1final-verifier-happy-flow,False,WAITING,,INCOMPLETE,"{""client_id_prefix"":""x509_hash"",""credential_format"":""sd_jwt_vc"",""request_method"":""request_uri_signed"",""response_mode"":""direct_post.jwt"",""vp_profile"":""haip""}"
openid4vc-vp-haip-p044,5Z9egMV9HWBwU,4zOfH0TCUsnU3I1,oid4vp-1final-verifier-happy-flow,False,WAITING,,INCOMPLETE,"{""client_id_prefix"":""x509_hash"",""credential_format"":""iso_mdl"",""request_method"":""request_uri_signed"",""response_mode"":""direct_post.jwt"",""vp_profile"":""haip""}"
