
         /\      Grafana   /‾‾/  
    /\  /  \     |\  __   /  /   
   /  \/    \    | |/ /  /   ‾‾\ 
  /          \   |   (  |  (‾)  |
 / __________ \  |_|\_\  \_____/ 


     execution: local
        script: /perf/k6/oauth.js
        output: json (/out/cap-oidc-cold-login-refresh.k6points.fifo)

     scenarios: (100.00%) 1 scenario, 16 max VUs, 32m0s max duration (incl. graceful stop):
              * oidc_cold_login_refresh: 8.00 iterations/s for 30m0s (maxVUs: 8-16, exec: oidc_cold_login_refresh, gracefulStop: 2m0s)


running (00m01.0s), 01/08 VUs, 7 complete and 0 interrupted iterations
oidc_cold_login_refresh   [   0% ] 01/08 VUs  00m01.0s/30m0s  8.00 iters/s

running (00m02.0s), 01/08 VUs, 15 complete and 0 interrupted iterations
oidc_cold_login_refresh   [   0% ] 01/08 VUs  00m02.0s/30m0s  8.00 iters/s

running (00m03.0s), 01/08 VUs, 23 complete and 0 interrupted iterations
oidc_cold_login_refresh   [   0% ] 01/08 VUs  00m03.0s/30m0s  8.00 iters/s

running (00m04.0s), 01/08 VUs, 31 complete and 0 interrupted iterations
oidc_cold_login_refresh   [   0% ] 01/08 VUs  00m04.0s/30m0s  8.00 iters/s

running (00m05.0s), 06/08 VUs, 34 complete and 0 interrupted iterations
oidc_cold_login_refresh   [   0% ] 06/08 VUs  00m05.0s/30m0s  8.00 iters/s

running (00m06.0s), 10/10 VUs, 36 complete and 0 interrupted iterations
oidc_cold_login_refresh   [   0% ] 10/10 VUs  00m06.0s/30m0s  8.00 iters/s

running (00m07.0s), 12/13 VUs, 39 complete and 0 interrupted iterations
oidc_cold_login_refresh   [   0% ] 12/13 VUs  00m07.0s/30m0s  8.00 iters/s

running (00m08.0s), 12/13 VUs, 47 complete and 0 interrupted iterations
oidc_cold_login_refresh   [   0% ] 12/13 VUs  00m08.0s/30m0s  8.00 iters/s

running (00m09.0s), 09/13 VUs, 58 complete and 0 interrupted iterations
oidc_cold_login_refresh   [   0% ] 09/13 VUs  00m09.0s/30m0s  8.00 iters/s

running (00m10.0s), 03/13 VUs, 72 complete and 0 interrupted iterations
oidc_cold_login_refresh   [   1% ] 03/13 VUs  00m10.0s/30m0s  8.00 iters/s

running (00m11.0s), 01/13 VUs, 82 complete and 0 interrupted iterations
oidc_cold_login_refresh   [   1% ] 01/13 VUs  00m11.0s/30m0s  8.00 iters/s

running (00m12.0s), 01/13 VUs, 90 complete and 0 interrupted iterations
oidc_cold_login_refresh   [   1% ] 01/13 VUs  00m12.0s/30m0s  8.00 iters/s

running (00m13.0s), 01/13 VUs, 98 complete and 0 interrupted iterations
oidc_cold_login_refresh   [   1% ] 01/13 VUs  00m13.0s/30m0s  8.00 iters/s

running (00m14.0s), 01/13 VUs, 106 complete and 0 interrupted iterations
oidc_cold_login_refresh   [   1% ] 01/13 VUs  00m14.0s/30m0s  8.00 iters/s

running (00m15.0s), 01/13 VUs, 114 complete and 0 interrupted iterations
oidc_cold_login_refresh   [   1% ] 01/13 VUs  00m15.0s/30m0s  8.00 iters/s

running (00m16.0s), 01/13 VUs, 122 complete and 0 interrupted iterations
oidc_cold_login_refresh   [   1% ] 01/13 VUs  00m16.0s/30m0s  8.00 iters/s

running (00m17.0s), 01/13 VUs, 130 complete and 0 interrupted iterations
oidc_cold_login_refresh   [   1% ] 01/13 VUs  00m17.0s/30m0s  8.00 iters/s

running (00m18.0s), 01/13 VUs, 138 complete and 0 interrupted iterations
oidc_cold_login_refresh   [   1% ] 01/13 VUs  00m18.0s/30m0s  8.00 iters/s

running (00m19.0s), 01/13 VUs, 146 complete and 0 interrupted iterations
oidc_cold_login_refresh   [   1% ] 01/13 VUs  00m19.0s/30m0s  8.00 iters/s

running (00m20.0s), 01/13 VUs, 154 complete and 0 interrupted iterations
oidc_cold_login_refresh   [   1% ] 01/13 VUs  00m20.0s/30m0s  8.00 iters/s

running (00m21.0s), 01/13 VUs, 162 complete and 0 interrupted iterations
oidc_cold_login_refresh   [   1% ] 01/13 VUs  00m21.0s/30m0s  8.00 iters/s

running (00m22.0s), 01/13 VUs, 170 complete and 0 interrupted iterations
oidc_cold_login_refresh   [   1% ] 01/13 VUs  00m22.0s/30m0s  8.00 iters/s

running (00m23.0s), 01/13 VUs, 178 complete and 0 interrupted iterations
oidc_cold_login_refresh   [   1% ] 01/13 VUs  00m23.0s/30m0s  8.00 iters/s

running (00m24.0s), 01/13 VUs, 186 complete and 0 interrupted iterations
oidc_cold_login_refresh   [   1% ] 01/13 VUs  00m24.0s/30m0s  8.00 iters/s

running (00m25.0s), 01/13 VUs, 194 complete and 0 interrupted iterations
oidc_cold_login_refresh   [   1% ] 01/13 VUs  00m25.0s/30m0s  8.00 iters/s

running (00m26.0s), 01/13 VUs, 202 complete and 0 interrupted iterations
oidc_cold_login_refresh   [   1% ] 01/13 VUs  00m26.0s/30m0s  8.00 iters/s

running (00m27.0s), 01/13 VUs, 210 complete and 0 interrupted iterations
oidc_cold_login_refresh   [   1% ] 01/13 VUs  00m27.0s/30m0s  8.00 iters/s

running (00m28.0s), 01/13 VUs, 218 complete and 0 interrupted iterations
oidc_cold_login_refresh   [   2% ] 01/13 VUs  00m28.0s/30m0s  8.00 iters/s

running (00m29.0s), 01/13 VUs, 226 complete and 0 interrupted iterations
oidc_cold_login_refresh   [   2% ] 01/13 VUs  00m29.0s/30m0s  8.00 iters/s

running (00m30.0s), 01/13 VUs, 234 complete and 0 interrupted iterations
oidc_cold_login_refresh   [   2% ] 01/13 VUs  00m30.0s/30m0s  8.00 iters/s

running (00m31.0s), 01/13 VUs, 242 complete and 0 interrupted iterations
oidc_cold_login_refresh   [   2% ] 01/13 VUs  00m31.0s/30m0s  8.00 iters/s

running (00m32.0s), 01/13 VUs, 250 complete and 0 interrupted iterations
oidc_cold_login_refresh   [   2% ] 01/13 VUs  00m32.0s/30m0s  8.00 iters/s

running (00m33.0s), 05/13 VUs, 254 complete and 0 interrupted iterations
oidc_cold_login_refresh   [   2% ] 05/13 VUs  00m33.0s/30m0s  8.00 iters/s

running (00m34.0s), 03/13 VUs, 264 complete and 0 interrupted iterations
oidc_cold_login_refresh   [   2% ] 03/13 VUs  00m34.0s/30m0s  8.00 iters/s

running (00m35.0s), 01/13 VUs, 274 complete and 0 interrupted iterations
oidc_cold_login_refresh   [   2% ] 01/13 VUs  00m35.0s/30m0s  8.00 iters/s

running (00m36.0s), 01/13 VUs, 282 complete and 0 interrupted iterations
oidc_cold_login_refresh   [   2% ] 01/13 VUs  00m36.0s/30m0s  8.00 iters/s

running (00m37.0s), 01/13 VUs, 290 complete and 0 interrupted iterations
oidc_cold_login_refresh   [   2% ] 01/13 VUs  00m37.0s/30m0s  8.00 iters/s

running (00m38.0s), 01/13 VUs, 298 complete and 0 interrupted iterations
oidc_cold_login_refresh   [   2% ] 01/13 VUs  00m38.0s/30m0s  8.00 iters/s

running (00m39.0s), 01/13 VUs, 306 complete and 0 interrupted iterations
oidc_cold_login_refresh   [   2% ] 01/13 VUs  00m39.0s/30m0s  8.00 iters/s

running (00m40.0s), 01/13 VUs, 314 complete and 0 interrupted iterations
oidc_cold_login_refresh   [   2% ] 01/13 VUs  00m40.0s/30m0s  8.00 iters/s

running (00m41.0s), 01/13 VUs, 322 complete and 0 interrupted iterations
oidc_cold_login_refresh   [   2% ] 01/13 VUs  00m41.0s/30m0s  8.00 iters/s

running (00m42.0s), 02/13 VUs, 329 complete and 0 interrupted iterations
oidc_cold_login_refresh   [   2% ] 02/13 VUs  00m42.0s/30m0s  8.00 iters/s

running (00m43.0s), 01/13 VUs, 338 complete and 0 interrupted iterations
oidc_cold_login_refresh   [   2% ] 01/13 VUs  00m43.0s/30m0s  8.00 iters/s

running (00m44.0s), 02/13 VUs, 345 complete and 0 interrupted iterations
oidc_cold_login_refresh   [   2% ] 02/13 VUs  00m44.0s/30m0s  8.00 iters/s

running (00m45.0s), 03/13 VUs, 352 complete and 0 interrupted iterations
oidc_cold_login_refresh   [   2% ] 03/13 VUs  00m45.0s/30m0s  8.00 iters/s

running (00m46.0s), 02/13 VUs, 361 complete and 0 interrupted iterations
oidc_cold_login_refresh   [   3% ] 02/13 VUs  00m46.0s/30m0s  8.00 iters/s

running (00m47.0s), 04/13 VUs, 367 complete and 0 interrupted iterations
oidc_cold_login_refresh   [   3% ] 04/13 VUs  00m47.0s/30m0s  8.00 iters/s

running (00m48.0s), 06/13 VUs, 373 complete and 0 interrupted iterations
oidc_cold_login_refresh   [   3% ] 06/13 VUs  00m48.0s/30m0s  8.00 iters/s

running (00m49.0s), 06/13 VUs, 381 complete and 0 interrupted iterations
oidc_cold_login_refresh   [   3% ] 06/13 VUs  00m49.0s/30m0s  8.00 iters/s

running (00m50.0s), 06/13 VUs, 389 complete and 0 interrupted iterations
oidc_cold_login_refresh   [   3% ] 06/13 VUs  00m50.0s/30m0s  8.00 iters/s

running (00m51.0s), 07/13 VUs, 396 complete and 0 interrupted iterations
oidc_cold_login_refresh   [   3% ] 07/13 VUs  00m51.0s/30m0s  8.00 iters/s

running (00m52.0s), 08/13 VUs, 403 complete and 0 interrupted iterations
oidc_cold_login_refresh   [   3% ] 08/13 VUs  00m52.0s/30m0s  8.00 iters/s

running (00m53.0s), 09/13 VUs, 410 complete and 0 interrupted iterations
oidc_cold_login_refresh   [   3% ] 09/13 VUs  00m53.0s/30m0s  8.00 iters/s

running (00m54.0s), 10/13 VUs, 417 complete and 0 interrupted iterations
oidc_cold_login_refresh   [   3% ] 10/13 VUs  00m54.0s/30m0s  8.00 iters/s

running (00m55.0s), 10/13 VUs, 425 complete and 0 interrupted iterations
oidc_cold_login_refresh   [   3% ] 10/13 VUs  00m55.0s/30m0s  8.00 iters/s

running (00m56.0s), 10/13 VUs, 433 complete and 0 interrupted iterations
oidc_cold_login_refresh   [   3% ] 10/13 VUs  00m56.0s/30m0s  8.00 iters/s

running (00m57.0s), 10/13 VUs, 441 complete and 0 interrupted iterations
oidc_cold_login_refresh   [   3% ] 10/13 VUs  00m57.0s/30m0s  8.00 iters/s

running (00m58.0s), 10/13 VUs, 449 complete and 0 interrupted iterations
oidc_cold_login_refresh   [   3% ] 10/13 VUs  00m58.0s/30m0s  8.00 iters/s

running (00m59.0s), 09/13 VUs, 458 complete and 0 interrupted iterations
oidc_cold_login_refresh   [   3% ] 09/13 VUs  00m59.0s/30m0s  8.00 iters/s

running (01m00.0s), 05/13 VUs, 470 complete and 0 interrupted iterations
oidc_cold_login_refresh   [   3% ] 05/13 VUs  01m00.0s/30m0s  8.00 iters/s

running (01m01.0s), 01/13 VUs, 482 complete and 0 interrupted iterations
oidc_cold_login_refresh   [   3% ] 01/13 VUs  01m01.0s/30m0s  8.00 iters/s

running (01m02.0s), 04/13 VUs, 487 complete and 0 interrupted iterations
oidc_cold_login_refresh   [   3% ] 04/13 VUs  01m02.0s/30m0s  8.00 iters/s

running (01m03.0s), 02/13 VUs, 497 complete and 0 interrupted iterations
oidc_cold_login_refresh   [   3% ] 02/13 VUs  01m03.0s/30m0s  8.00 iters/s

running (01m04.0s), 01/13 VUs, 506 complete and 0 interrupted iterations
oidc_cold_login_refresh   [   4% ] 01/13 VUs  01m04.0s/30m0s  8.00 iters/s

running (01m05.0s), 01/13 VUs, 514 complete and 0 interrupted iterations
oidc_cold_login_refresh   [   4% ] 01/13 VUs  01m05.0s/30m0s  8.00 iters/s

running (01m06.0s), 01/13 VUs, 522 complete and 0 interrupted iterations
oidc_cold_login_refresh   [   4% ] 01/13 VUs  01m06.0s/30m0s  8.00 iters/s

running (01m07.0s), 01/13 VUs, 530 complete and 0 interrupted iterations
oidc_cold_login_refresh   [   4% ] 01/13 VUs  01m07.0s/30m0s  8.00 iters/s

running (01m08.0s), 01/13 VUs, 538 complete and 0 interrupted iterations
oidc_cold_login_refresh   [   4% ] 01/13 VUs  01m08.0s/30m0s  8.00 iters/s

running (01m09.0s), 01/13 VUs, 546 complete and 0 interrupted iterations
oidc_cold_login_refresh   [   4% ] 01/13 VUs  01m09.0s/30m0s  8.00 iters/s

running (01m10.0s), 01/13 VUs, 554 complete and 0 interrupted iterations
oidc_cold_login_refresh   [   4% ] 01/13 VUs  01m10.0s/30m0s  8.00 iters/s

running (01m11.0s), 01/13 VUs, 562 complete and 0 interrupted iterations
oidc_cold_login_refresh   [   4% ] 01/13 VUs  01m11.0s/30m0s  8.00 iters/s

running (01m12.0s), 01/13 VUs, 570 complete and 0 interrupted iterations
oidc_cold_login_refresh   [   4% ] 01/13 VUs  01m12.0s/30m0s  8.00 iters/s

running (01m13.0s), 01/13 VUs, 578 complete and 0 interrupted iterations
oidc_cold_login_refresh   [   4% ] 01/13 VUs  01m13.0s/30m0s  8.00 iters/s

running (01m14.0s), 01/13 VUs, 586 complete and 0 interrupted iterations
oidc_cold_login_refresh   [   4% ] 01/13 VUs  01m14.0s/30m0s  8.00 iters/s

running (01m15.0s), 02/13 VUs, 593 complete and 0 interrupted iterations
oidc_cold_login_refresh   [   4% ] 02/13 VUs  01m15.0s/30m0s  8.00 iters/s

running (01m16.0s), 01/13 VUs, 602 complete and 0 interrupted iterations
oidc_cold_login_refresh   [   4% ] 01/13 VUs  01m16.0s/30m0s  8.00 iters/s

running (01m17.0s), 02/13 VUs, 609 complete and 0 interrupted iterations
oidc_cold_login_refresh   [   4% ] 02/13 VUs  01m17.0s/30m0s  8.00 iters/s

running (01m18.0s), 01/13 VUs, 618 complete and 0 interrupted iterations
oidc_cold_login_refresh   [   4% ] 01/13 VUs  01m18.0s/30m0s  8.00 iters/s

running (01m19.0s), 01/13 VUs, 626 complete and 0 interrupted iterations
oidc_cold_login_refresh   [   4% ] 01/13 VUs  01m19.0s/30m0s  8.00 iters/s

running (01m20.0s), 02/13 VUs, 633 complete and 0 interrupted iterations
oidc_cold_login_refresh   [   4% ] 02/13 VUs  01m20.0s/30m0s  8.00 iters/s

running (01m21.0s), 01/13 VUs, 642 complete and 0 interrupted iterations
oidc_cold_login_refresh   [   4% ] 01/13 VUs  01m21.0s/30m0s  8.00 iters/s

running (01m22.0s), 01/13 VUs, 650 complete and 0 interrupted iterations
oidc_cold_login_refresh   [   5% ] 01/13 VUs  01m22.0s/30m0s  8.00 iters/s

running (01m23.0s), 01/13 VUs, 658 complete and 0 interrupted iterations
oidc_cold_login_refresh   [   5% ] 01/13 VUs  01m23.0s/30m0s  8.00 iters/s

running (01m24.0s), 02/13 VUs, 665 complete and 0 interrupted iterations
oidc_cold_login_refresh   [   5% ] 02/13 VUs  01m24.0s/30m0s  8.00 iters/s

running (01m25.0s), 01/13 VUs, 674 complete and 0 interrupted iterations
oidc_cold_login_refresh   [   5% ] 01/13 VUs  01m25.0s/30m0s  8.00 iters/s

running (01m26.0s), 01/13 VUs, 682 complete and 0 interrupted iterations
oidc_cold_login_refresh   [   5% ] 01/13 VUs  01m26.0s/30m0s  8.00 iters/s

running (01m27.0s), 01/13 VUs, 690 complete and 0 interrupted iterations
oidc_cold_login_refresh   [   5% ] 01/13 VUs  01m27.0s/30m0s  8.00 iters/s

running (01m28.0s), 01/13 VUs, 698 complete and 0 interrupted iterations
oidc_cold_login_refresh   [   5% ] 01/13 VUs  01m28.0s/30m0s  8.00 iters/s

running (01m29.0s), 01/13 VUs, 706 complete and 0 interrupted iterations
oidc_cold_login_refresh   [   5% ] 01/13 VUs  01m29.0s/30m0s  8.00 iters/s

running (01m30.0s), 01/13 VUs, 714 complete and 0 interrupted iterations
oidc_cold_login_refresh   [   5% ] 01/13 VUs  01m30.0s/30m0s  8.00 iters/s

running (01m31.0s), 01/13 VUs, 722 complete and 0 interrupted iterations
oidc_cold_login_refresh   [   5% ] 01/13 VUs  01m31.0s/30m0s  8.00 iters/s

running (01m32.0s), 01/13 VUs, 730 complete and 0 interrupted iterations
oidc_cold_login_refresh   [   5% ] 01/13 VUs  01m32.0s/30m0s  8.00 iters/s

running (01m33.0s), 01/13 VUs, 738 complete and 0 interrupted iterations
oidc_cold_login_refresh   [   5% ] 01/13 VUs  01m33.0s/30m0s  8.00 iters/s

running (01m34.0s), 01/13 VUs, 746 complete and 0 interrupted iterations
oidc_cold_login_refresh   [   5% ] 01/13 VUs  01m34.0s/30m0s  8.00 iters/s

running (01m35.0s), 01/13 VUs, 754 complete and 0 interrupted iterations
oidc_cold_login_refresh   [   5% ] 01/13 VUs  01m35.0s/30m0s  8.00 iters/s

running (01m36.0s), 01/13 VUs, 762 complete and 0 interrupted iterations
oidc_cold_login_refresh   [   5% ] 01/13 VUs  01m36.0s/30m0s  8.00 iters/s

running (01m37.0s), 04/13 VUs, 767 complete and 0 interrupted iterations
oidc_cold_login_refresh   [   5% ] 04/13 VUs  01m37.0s/30m0s  8.00 iters/s

running (01m38.0s), 02/13 VUs, 777 complete and 0 interrupted iterations
oidc_cold_login_refresh   [   5% ] 02/13 VUs  01m38.0s/30m0s  8.00 iters/s

running (01m39.0s), 01/13 VUs, 786 complete and 0 interrupted iterations
oidc_cold_login_refresh   [   5% ] 01/13 VUs  01m39.0s/30m0s  8.00 iters/s

running (01m40.0s), 01/13 VUs, 794 complete and 0 interrupted iterations
oidc_cold_login_refresh   [   6% ] 01/13 VUs  01m40.0s/30m0s  8.00 iters/s

running (01m41.0s), 02/13 VUs, 801 complete and 0 interrupted iterations
oidc_cold_login_refresh   [   6% ] 02/13 VUs  01m41.0s/30m0s  8.00 iters/s

running (01m42.0s), 01/13 VUs, 810 complete and 0 interrupted iterations
oidc_cold_login_refresh   [   6% ] 01/13 VUs  01m42.0s/30m0s  8.00 iters/s

running (01m43.0s), 01/13 VUs, 818 complete and 0 interrupted iterations
oidc_cold_login_refresh   [   6% ] 01/13 VUs  01m43.0s/30m0s  8.00 iters/s

running (01m44.0s), 01/13 VUs, 826 complete and 0 interrupted iterations
oidc_cold_login_refresh   [   6% ] 01/13 VUs  01m44.0s/30m0s  8.00 iters/s

running (01m45.0s), 02/13 VUs, 833 complete and 0 interrupted iterations
oidc_cold_login_refresh   [   6% ] 02/13 VUs  01m45.0s/30m0s  8.00 iters/s

running (01m46.0s), 01/13 VUs, 842 complete and 0 interrupted iterations
oidc_cold_login_refresh   [   6% ] 01/13 VUs  01m46.0s/30m0s  8.00 iters/s

running (01m47.0s), 01/13 VUs, 850 complete and 0 interrupted iterations
oidc_cold_login_refresh   [   6% ] 01/13 VUs  01m47.0s/30m0s  8.00 iters/s

running (01m48.0s), 01/13 VUs, 858 complete and 0 interrupted iterations
oidc_cold_login_refresh   [   6% ] 01/13 VUs  01m48.0s/30m0s  8.00 iters/s

running (01m49.0s), 01/13 VUs, 866 complete and 0 interrupted iterations
oidc_cold_login_refresh   [   6% ] 01/13 VUs  01m49.0s/30m0s  8.00 iters/s

running (01m50.0s), 01/13 VUs, 874 complete and 0 interrupted iterations
oidc_cold_login_refresh   [   6% ] 01/13 VUs  01m50.0s/30m0s  8.00 iters/s

running (01m51.0s), 01/13 VUs, 882 complete and 0 interrupted iterations
oidc_cold_login_refresh   [   6% ] 01/13 VUs  01m51.0s/30m0s  8.00 iters/s

running (01m52.0s), 01/13 VUs, 890 complete and 0 interrupted iterations
oidc_cold_login_refresh   [   6% ] 01/13 VUs  01m52.0s/30m0s  8.00 iters/s

running (01m53.0s), 01/13 VUs, 898 complete and 0 interrupted iterations
oidc_cold_login_refresh   [   6% ] 01/13 VUs  01m53.0s/30m0s  8.00 iters/s

running (01m54.0s), 02/13 VUs, 905 complete and 0 interrupted iterations
oidc_cold_login_refresh   [   6% ] 02/13 VUs  01m54.0s/30m0s  8.00 iters/s

running (01m55.0s), 01/13 VUs, 914 complete and 0 interrupted iterations
oidc_cold_login_refresh   [   6% ] 01/13 VUs  01m55.0s/30m0s  8.00 iters/s

running (01m56.0s), 01/13 VUs, 922 complete and 0 interrupted iterations
oidc_cold_login_refresh   [   6% ] 01/13 VUs  01m56.0s/30m0s  8.00 iters/s

running (01m57.0s), 01/13 VUs, 930 complete and 0 interrupted iterations
oidc_cold_login_refresh   [   6% ] 01/13 VUs  01m57.0s/30m0s  8.00 iters/s

running (01m58.0s), 01/13 VUs, 938 complete and 0 interrupted iterations
oidc_cold_login_refresh   [   7% ] 01/13 VUs  01m58.0s/30m0s  8.00 iters/s

running (01m59.0s), 01/13 VUs, 946 complete and 0 interrupted iterations
oidc_cold_login_refresh   [   7% ] 01/13 VUs  01m59.0s/30m0s  8.00 iters/s

running (02m00.0s), 01/13 VUs, 954 complete and 0 interrupted iterations
oidc_cold_login_refresh   [   7% ] 01/13 VUs  02m00.0s/30m0s  8.00 iters/s

running (02m01.0s), 01/13 VUs, 962 complete and 0 interrupted iterations
oidc_cold_login_refresh   [   7% ] 01/13 VUs  02m01.0s/30m0s  8.00 iters/s

running (02m02.0s), 01/13 VUs, 970 complete and 0 interrupted iterations
oidc_cold_login_refresh   [   7% ] 01/13 VUs  02m02.0s/30m0s  8.00 iters/s

running (02m03.0s), 02/13 VUs, 977 complete and 0 interrupted iterations
oidc_cold_login_refresh   [   7% ] 02/13 VUs  02m03.0s/30m0s  8.00 iters/s

running (02m04.0s), 01/13 VUs, 986 complete and 0 interrupted iterations
oidc_cold_login_refresh   [   7% ] 01/13 VUs  02m04.0s/30m0s  8.00 iters/s

running (02m05.0s), 01/13 VUs, 994 complete and 0 interrupted iterations
oidc_cold_login_refresh   [   7% ] 01/13 VUs  02m05.0s/30m0s  8.00 iters/s

running (02m06.0s), 01/13 VUs, 1002 complete and 0 interrupted iterations
oidc_cold_login_refresh   [   7% ] 01/13 VUs  02m06.0s/30m0s  8.00 iters/s

running (02m07.0s), 01/13 VUs, 1010 complete and 0 interrupted iterations
oidc_cold_login_refresh   [   7% ] 01/13 VUs  02m07.0s/30m0s  8.00 iters/s

running (02m08.0s), 01/13 VUs, 1018 complete and 0 interrupted iterations
oidc_cold_login_refresh   [   7% ] 01/13 VUs  02m08.0s/30m0s  8.00 iters/s

running (02m09.0s), 01/13 VUs, 1026 complete and 0 interrupted iterations
oidc_cold_login_refresh   [   7% ] 01/13 VUs  02m09.0s/30m0s  8.00 iters/s

running (02m10.0s), 01/13 VUs, 1034 complete and 0 interrupted iterations
oidc_cold_login_refresh   [   7% ] 01/13 VUs  02m10.0s/30m0s  8.00 iters/s

running (02m11.0s), 01/13 VUs, 1042 complete and 0 interrupted iterations
oidc_cold_login_refresh   [   7% ] 01/13 VUs  02m11.0s/30m0s  8.00 iters/s

running (02m12.0s), 01/13 VUs, 1050 complete and 0 interrupted iterations
oidc_cold_login_refresh   [   7% ] 01/13 VUs  02m12.0s/30m0s  8.00 iters/s

running (02m13.0s), 01/13 VUs, 1058 complete and 0 interrupted iterations
oidc_cold_login_refresh   [   7% ] 01/13 VUs  02m13.0s/30m0s  8.00 iters/s

running (02m14.0s), 01/13 VUs, 1066 complete and 0 interrupted iterations
oidc_cold_login_refresh   [   7% ] 01/13 VUs  02m14.0s/30m0s  8.00 iters/s

running (02m15.0s), 03/13 VUs, 1072 complete and 0 interrupted iterations
oidc_cold_login_refresh   [   7% ] 03/13 VUs  02m15.0s/30m0s  8.00 iters/s

running (02m16.0s), 01/13 VUs, 1082 complete and 0 interrupted iterations
oidc_cold_login_refresh   [   8% ] 01/13 VUs  02m16.0s/30m0s  8.00 iters/s

running (02m17.0s), 01/13 VUs, 1090 complete and 0 interrupted iterations
oidc_cold_login_refresh   [   8% ] 01/13 VUs  02m17.0s/30m0s  8.00 iters/s

running (02m18.0s), 02/13 VUs, 1097 complete and 0 interrupted iterations
oidc_cold_login_refresh   [   8% ] 02/13 VUs  02m18.0s/30m0s  8.00 iters/s

running (02m19.0s), 01/13 VUs, 1106 complete and 0 interrupted iterations
oidc_cold_login_refresh   [   8% ] 01/13 VUs  02m19.0s/30m0s  8.00 iters/s

running (02m20.0s), 01/13 VUs, 1114 complete and 0 interrupted iterations
oidc_cold_login_refresh   [   8% ] 01/13 VUs  02m20.0s/30m0s  8.00 iters/s

running (02m21.0s), 01/13 VUs, 1122 complete and 0 interrupted iterations
oidc_cold_login_refresh   [   8% ] 01/13 VUs  02m21.0s/30m0s  8.00 iters/s

running (02m22.0s), 01/13 VUs, 1130 complete and 0 interrupted iterations
oidc_cold_login_refresh   [   8% ] 01/13 VUs  02m22.0s/30m0s  8.00 iters/s

running (02m23.0s), 01/13 VUs, 1138 complete and 0 interrupted iterations
oidc_cold_login_refresh   [   8% ] 01/13 VUs  02m23.0s/30m0s  8.00 iters/s

running (02m24.0s), 01/13 VUs, 1146 complete and 0 interrupted iterations
oidc_cold_login_refresh   [   8% ] 01/13 VUs  02m24.0s/30m0s  8.00 iters/s

running (02m25.0s), 01/13 VUs, 1154 complete and 0 interrupted iterations
oidc_cold_login_refresh   [   8% ] 01/13 VUs  02m25.0s/30m0s  8.00 iters/s

running (02m26.0s), 01/13 VUs, 1162 complete and 0 interrupted iterations
oidc_cold_login_refresh   [   8% ] 01/13 VUs  02m26.0s/30m0s  8.00 iters/s

running (02m27.0s), 01/13 VUs, 1170 complete and 0 interrupted iterations
oidc_cold_login_refresh   [   8% ] 01/13 VUs  02m27.0s/30m0s  8.00 iters/s

running (02m28.0s), 01/13 VUs, 1178 complete and 0 interrupted iterations
oidc_cold_login_refresh   [   8% ] 01/13 VUs  02m28.0s/30m0s  8.00 iters/s

running (02m29.0s), 01/13 VUs, 1186 complete and 0 interrupted iterations
oidc_cold_login_refresh   [   8% ] 01/13 VUs  02m29.0s/30m0s  8.00 iters/s

running (02m30.0s), 02/13 VUs, 1193 complete and 0 interrupted iterations
oidc_cold_login_refresh   [   8% ] 02/13 VUs  02m30.0s/30m0s  8.00 iters/s

running (02m31.0s), 01/13 VUs, 1202 complete and 0 interrupted iterations
oidc_cold_login_refresh   [   8% ] 01/13 VUs  02m31.0s/30m0s  8.00 iters/s

running (02m32.0s), 01/13 VUs, 1210 complete and 0 interrupted iterations
oidc_cold_login_refresh   [   8% ] 01/13 VUs  02m32.0s/30m0s  8.00 iters/s

running (02m33.0s), 01/13 VUs, 1218 complete and 0 interrupted iterations
oidc_cold_login_refresh   [   8% ] 01/13 VUs  02m33.0s/30m0s  8.00 iters/s

running (02m34.0s), 03/13 VUs, 1224 complete and 0 interrupted iterations
oidc_cold_login_refresh   [   9% ] 03/13 VUs  02m34.0s/30m0s  8.00 iters/s

running (02m35.0s), 01/13 VUs, 1234 complete and 0 interrupted iterations
oidc_cold_login_refresh   [   9% ] 01/13 VUs  02m35.0s/30m0s  8.00 iters/s

running (02m36.0s), 01/13 VUs, 1242 complete and 0 interrupted iterations
oidc_cold_login_refresh   [   9% ] 01/13 VUs  02m36.0s/30m0s  8.00 iters/s

running (02m37.0s), 01/13 VUs, 1250 complete and 0 interrupted iterations
oidc_cold_login_refresh   [   9% ] 01/13 VUs  02m37.0s/30m0s  8.00 iters/s

running (02m38.0s), 01/13 VUs, 1258 complete and 0 interrupted iterations
oidc_cold_login_refresh   [   9% ] 01/13 VUs  02m38.0s/30m0s  8.00 iters/s

running (02m39.0s), 01/13 VUs, 1266 complete and 0 interrupted iterations
oidc_cold_login_refresh   [   9% ] 01/13 VUs  02m39.0s/30m0s  8.00 iters/s

running (02m40.0s), 01/13 VUs, 1274 complete and 0 interrupted iterations
oidc_cold_login_refresh   [   9% ] 01/13 VUs  02m40.0s/30m0s  8.00 iters/s

running (02m41.0s), 01/13 VUs, 1282 complete and 0 interrupted iterations
oidc_cold_login_refresh   [   9% ] 01/13 VUs  02m41.0s/30m0s  8.00 iters/s

running (02m42.0s), 01/13 VUs, 1290 complete and 0 interrupted iterations
oidc_cold_login_refresh   [   9% ] 01/13 VUs  02m42.0s/30m0s  8.00 iters/s

running (02m43.0s), 01/13 VUs, 1298 complete and 0 interrupted iterations
oidc_cold_login_refresh   [   9% ] 01/13 VUs  02m43.0s/30m0s  8.00 iters/s

running (02m44.0s), 04/13 VUs, 1303 complete and 0 interrupted iterations
oidc_cold_login_refresh   [   9% ] 04/13 VUs  02m44.0s/30m0s  8.00 iters/s

running (02m45.0s), 01/13 VUs, 1314 complete and 0 interrupted iterations
oidc_cold_login_refresh   [   9% ] 01/13 VUs  02m45.0s/30m0s  8.00 iters/s

running (02m46.0s), 01/13 VUs, 1322 complete and 0 interrupted iterations
oidc_cold_login_refresh   [   9% ] 01/13 VUs  02m46.0s/30m0s  8.00 iters/s

running (02m47.0s), 01/13 VUs, 1330 complete and 0 interrupted iterations
oidc_cold_login_refresh   [   9% ] 01/13 VUs  02m47.0s/30m0s  8.00 iters/s

running (02m48.0s), 01/13 VUs, 1338 complete and 0 interrupted iterations
oidc_cold_login_refresh   [   9% ] 01/13 VUs  02m48.0s/30m0s  8.00 iters/s

running (02m49.0s), 01/13 VUs, 1346 complete and 0 interrupted iterations
oidc_cold_login_refresh   [   9% ] 01/13 VUs  02m49.0s/30m0s  8.00 iters/s

running (02m50.0s), 01/13 VUs, 1354 complete and 0 interrupted iterations
oidc_cold_login_refresh   [   9% ] 01/13 VUs  02m50.0s/30m0s  8.00 iters/s

running (02m51.0s), 01/13 VUs, 1362 complete and 0 interrupted iterations
oidc_cold_login_refresh   [   9% ] 01/13 VUs  02m51.0s/30m0s  8.00 iters/s

running (02m52.0s), 01/13 VUs, 1370 complete and 0 interrupted iterations
oidc_cold_login_refresh   [  10% ] 01/13 VUs  02m52.0s/30m0s  8.00 iters/s

running (02m53.0s), 02/13 VUs, 1377 complete and 0 interrupted iterations
oidc_cold_login_refresh   [  10% ] 02/13 VUs  02m53.0s/30m0s  8.00 iters/s

running (02m54.0s), 01/13 VUs, 1386 complete and 0 interrupted iterations
oidc_cold_login_refresh   [  10% ] 01/13 VUs  02m54.0s/30m0s  8.00 iters/s

running (02m55.0s), 01/13 VUs, 1394 complete and 0 interrupted iterations
oidc_cold_login_refresh   [  10% ] 01/13 VUs  02m55.0s/30m0s  8.00 iters/s

running (02m56.0s), 01/13 VUs, 1402 complete and 0 interrupted iterations
oidc_cold_login_refresh   [  10% ] 01/13 VUs  02m56.0s/30m0s  8.00 iters/s

running (02m57.0s), 01/13 VUs, 1410 complete and 0 interrupted iterations
oidc_cold_login_refresh   [  10% ] 01/13 VUs  02m57.0s/30m0s  8.00 iters/s

running (02m58.0s), 01/13 VUs, 1418 complete and 0 interrupted iterations
oidc_cold_login_refresh   [  10% ] 01/13 VUs  02m58.0s/30m0s  8.00 iters/s

running (02m59.0s), 01/13 VUs, 1426 complete and 0 interrupted iterations
oidc_cold_login_refresh   [  10% ] 01/13 VUs  02m59.0s/30m0s  8.00 iters/s

running (03m00.0s), 01/13 VUs, 1434 complete and 0 interrupted iterations
oidc_cold_login_refresh   [  10% ] 01/13 VUs  03m00.0s/30m0s  8.00 iters/s

running (03m01.0s), 01/13 VUs, 1442 complete and 0 interrupted iterations
oidc_cold_login_refresh   [  10% ] 01/13 VUs  03m01.0s/30m0s  8.00 iters/s

running (03m02.0s), 01/13 VUs, 1450 complete and 0 interrupted iterations
oidc_cold_login_refresh   [  10% ] 01/13 VUs  03m02.0s/30m0s  8.00 iters/s

running (03m03.0s), 01/13 VUs, 1458 complete and 0 interrupted iterations
oidc_cold_login_refresh   [  10% ] 01/13 VUs  03m03.0s/30m0s  8.00 iters/s

running (03m04.0s), 01/13 VUs, 1466 complete and 0 interrupted iterations
oidc_cold_login_refresh   [  10% ] 01/13 VUs  03m04.0s/30m0s  8.00 iters/s

running (03m05.0s), 01/13 VUs, 1474 complete and 0 interrupted iterations
oidc_cold_login_refresh   [  10% ] 01/13 VUs  03m05.0s/30m0s  8.00 iters/s

running (03m06.0s), 01/13 VUs, 1482 complete and 0 interrupted iterations
oidc_cold_login_refresh   [  10% ] 01/13 VUs  03m06.0s/30m0s  8.00 iters/s

running (03m07.0s), 01/13 VUs, 1490 complete and 0 interrupted iterations
oidc_cold_login_refresh   [  10% ] 01/13 VUs  03m07.0s/30m0s  8.00 iters/s

running (03m08.0s), 01/13 VUs, 1498 complete and 0 interrupted iterations
oidc_cold_login_refresh   [  10% ] 01/13 VUs  03m08.0s/30m0s  8.00 iters/s

running (03m09.0s), 01/13 VUs, 1506 complete and 0 interrupted iterations
oidc_cold_login_refresh   [  10% ] 01/13 VUs  03m09.0s/30m0s  8.00 iters/s

running (03m10.0s), 01/13 VUs, 1514 complete and 0 interrupted iterations
oidc_cold_login_refresh   [  11% ] 01/13 VUs  03m10.0s/30m0s  8.00 iters/s

running (03m11.0s), 01/13 VUs, 1522 complete and 0 interrupted iterations
oidc_cold_login_refresh   [  11% ] 01/13 VUs  03m11.0s/30m0s  8.00 iters/s

running (03m12.0s), 01/13 VUs, 1530 complete and 0 interrupted iterations
oidc_cold_login_refresh   [  11% ] 01/13 VUs  03m12.0s/30m0s  8.00 iters/s

running (03m13.0s), 01/13 VUs, 1538 complete and 0 interrupted iterations
oidc_cold_login_refresh   [  11% ] 01/13 VUs  03m13.0s/30m0s  8.00 iters/s

running (03m14.0s), 01/13 VUs, 1546 complete and 0 interrupted iterations
oidc_cold_login_refresh   [  11% ] 01/13 VUs  03m14.0s/30m0s  8.00 iters/s

running (03m15.0s), 01/13 VUs, 1554 complete and 0 interrupted iterations
oidc_cold_login_refresh   [  11% ] 01/13 VUs  03m15.0s/30m0s  8.00 iters/s

running (03m16.0s), 01/13 VUs, 1562 complete and 0 interrupted iterations
oidc_cold_login_refresh   [  11% ] 01/13 VUs  03m16.0s/30m0s  8.00 iters/s

running (03m17.0s), 01/13 VUs, 1570 complete and 0 interrupted iterations
oidc_cold_login_refresh   [  11% ] 01/13 VUs  03m17.0s/30m0s  8.00 iters/s

running (03m18.0s), 01/13 VUs, 1578 complete and 0 interrupted iterations
oidc_cold_login_refresh   [  11% ] 01/13 VUs  03m18.0s/30m0s  8.00 iters/s

running (03m19.0s), 01/13 VUs, 1586 complete and 0 interrupted iterations
oidc_cold_login_refresh   [  11% ] 01/13 VUs  03m19.0s/30m0s  8.00 iters/s

running (03m20.0s), 01/13 VUs, 1594 complete and 0 interrupted iterations
oidc_cold_login_refresh   [  11% ] 01/13 VUs  03m20.0s/30m0s  8.00 iters/s

running (03m21.0s), 01/13 VUs, 1602 complete and 0 interrupted iterations
oidc_cold_login_refresh   [  11% ] 01/13 VUs  03m21.0s/30m0s  8.00 iters/s

running (03m22.0s), 01/13 VUs, 1610 complete and 0 interrupted iterations
oidc_cold_login_refresh   [  11% ] 01/13 VUs  03m22.0s/30m0s  8.00 iters/s

running (03m23.0s), 01/13 VUs, 1618 complete and 0 interrupted iterations
oidc_cold_login_refresh   [  11% ] 01/13 VUs  03m23.0s/30m0s  8.00 iters/s

running (03m24.0s), 01/13 VUs, 1626 complete and 0 interrupted iterations
oidc_cold_login_refresh   [  11% ] 01/13 VUs  03m24.0s/30m0s  8.00 iters/s

running (03m25.0s), 01/13 VUs, 1634 complete and 0 interrupted iterations
oidc_cold_login_refresh   [  11% ] 01/13 VUs  03m25.0s/30m0s  8.00 iters/s

running (03m26.0s), 01/13 VUs, 1642 complete and 0 interrupted iterations
oidc_cold_login_refresh   [  11% ] 01/13 VUs  03m26.0s/30m0s  8.00 iters/s

running (03m27.0s), 01/13 VUs, 1650 complete and 0 interrupted iterations
oidc_cold_login_refresh   [  11% ] 01/13 VUs  03m27.0s/30m0s  8.00 iters/s

running (03m28.0s), 01/13 VUs, 1658 complete and 0 interrupted iterations
oidc_cold_login_refresh   [  12% ] 01/13 VUs  03m28.0s/30m0s  8.00 iters/s

running (03m29.0s), 01/13 VUs, 1666 complete and 0 interrupted iterations
oidc_cold_login_refresh   [  12% ] 01/13 VUs  03m29.0s/30m0s  8.00 iters/s

running (03m30.0s), 01/13 VUs, 1674 complete and 0 interrupted iterations
oidc_cold_login_refresh   [  12% ] 01/13 VUs  03m30.0s/30m0s  8.00 iters/s

running (03m31.0s), 01/13 VUs, 1682 complete and 0 interrupted iterations
oidc_cold_login_refresh   [  12% ] 01/13 VUs  03m31.0s/30m0s  8.00 iters/s

running (03m32.0s), 02/13 VUs, 1689 complete and 0 interrupted iterations
oidc_cold_login_refresh   [  12% ] 02/13 VUs  03m32.0s/30m0s  8.00 iters/s

running (03m33.0s), 01/13 VUs, 1698 complete and 0 interrupted iterations
oidc_cold_login_refresh   [  12% ] 01/13 VUs  03m33.0s/30m0s  8.00 iters/s

running (03m34.0s), 01/13 VUs, 1706 complete and 0 interrupted iterations
oidc_cold_login_refresh   [  12% ] 01/13 VUs  03m34.0s/30m0s  8.00 iters/s

running (03m35.0s), 01/13 VUs, 1714 complete and 0 interrupted iterations
oidc_cold_login_refresh   [  12% ] 01/13 VUs  03m35.0s/30m0s  8.00 iters/s

running (03m36.0s), 01/13 VUs, 1722 complete and 0 interrupted iterations
oidc_cold_login_refresh   [  12% ] 01/13 VUs  03m36.0s/30m0s  8.00 iters/s

running (03m37.0s), 01/13 VUs, 1730 complete and 0 interrupted iterations
oidc_cold_login_refresh   [  12% ] 01/13 VUs  03m37.0s/30m0s  8.00 iters/s

running (03m38.0s), 01/13 VUs, 1738 complete and 0 interrupted iterations
oidc_cold_login_refresh   [  12% ] 01/13 VUs  03m38.0s/30m0s  8.00 iters/s

running (03m39.0s), 01/13 VUs, 1746 complete and 0 interrupted iterations
oidc_cold_login_refresh   [  12% ] 01/13 VUs  03m39.0s/30m0s  8.00 iters/s

running (03m40.0s), 01/13 VUs, 1754 complete and 0 interrupted iterations
oidc_cold_login_refresh   [  12% ] 01/13 VUs  03m40.0s/30m0s  8.00 iters/s

running (03m41.0s), 01/13 VUs, 1762 complete and 0 interrupted iterations
oidc_cold_login_refresh   [  12% ] 01/13 VUs  03m41.0s/30m0s  8.00 iters/s

running (03m42.0s), 01/13 VUs, 1770 complete and 0 interrupted iterations
oidc_cold_login_refresh   [  12% ] 01/13 VUs  03m42.0s/30m0s  8.00 iters/s

running (03m43.0s), 01/13 VUs, 1778 complete and 0 interrupted iterations
oidc_cold_login_refresh   [  12% ] 01/13 VUs  03m43.0s/30m0s  8.00 iters/s

running (03m44.0s), 01/13 VUs, 1786 complete and 0 interrupted iterations
oidc_cold_login_refresh   [  12% ] 01/13 VUs  03m44.0s/30m0s  8.00 iters/s

running (03m45.0s), 01/13 VUs, 1794 complete and 0 interrupted iterations
oidc_cold_login_refresh   [  12% ] 01/13 VUs  03m45.0s/30m0s  8.00 iters/s

running (03m46.0s), 01/13 VUs, 1802 complete and 0 interrupted iterations
oidc_cold_login_refresh   [  13% ] 01/13 VUs  03m46.0s/30m0s  8.00 iters/s

running (03m47.0s), 01/13 VUs, 1810 complete and 0 interrupted iterations
oidc_cold_login_refresh   [  13% ] 01/13 VUs  03m47.0s/30m0s  8.00 iters/s

running (03m48.0s), 01/13 VUs, 1818 complete and 0 interrupted iterations
oidc_cold_login_refresh   [  13% ] 01/13 VUs  03m48.0s/30m0s  8.00 iters/s

running (03m49.0s), 01/13 VUs, 1826 complete and 0 interrupted iterations
oidc_cold_login_refresh   [  13% ] 01/13 VUs  03m49.0s/30m0s  8.00 iters/s

running (03m50.0s), 01/13 VUs, 1834 complete and 0 interrupted iterations
oidc_cold_login_refresh   [  13% ] 01/13 VUs  03m50.0s/30m0s  8.00 iters/s

running (03m51.0s), 02/13 VUs, 1841 complete and 0 interrupted iterations
oidc_cold_login_refresh   [  13% ] 02/13 VUs  03m51.0s/30m0s  8.00 iters/s

running (03m52.0s), 02/13 VUs, 1849 complete and 0 interrupted iterations
oidc_cold_login_refresh   [  13% ] 02/13 VUs  03m52.0s/30m0s  8.00 iters/s

running (03m53.0s), 01/13 VUs, 1858 complete and 0 interrupted iterations
oidc_cold_login_refresh   [  13% ] 01/13 VUs  03m53.0s/30m0s  8.00 iters/s

running (03m54.0s), 01/13 VUs, 1866 complete and 0 interrupted iterations
oidc_cold_login_refresh   [  13% ] 01/13 VUs  03m54.0s/30m0s  8.00 iters/s

running (03m55.0s), 01/13 VUs, 1874 complete and 0 interrupted iterations
oidc_cold_login_refresh   [  13% ] 01/13 VUs  03m55.0s/30m0s  8.00 iters/s

running (03m56.0s), 01/13 VUs, 1882 complete and 0 interrupted iterations
oidc_cold_login_refresh   [  13% ] 01/13 VUs  03m56.0s/30m0s  8.00 iters/s

running (03m57.0s), 03/13 VUs, 1888 complete and 0 interrupted iterations
oidc_cold_login_refresh   [  13% ] 03/13 VUs  03m57.0s/30m0s  8.00 iters/s

running (03m58.0s), 01/13 VUs, 1898 complete and 0 interrupted iterations
oidc_cold_login_refresh   [  13% ] 01/13 VUs  03m58.0s/30m0s  8.00 iters/s

running (03m59.0s), 02/13 VUs, 1905 complete and 0 interrupted iterations
oidc_cold_login_refresh   [  13% ] 02/13 VUs  03m59.0s/30m0s  8.00 iters/s

running (04m00.0s), 01/13 VUs, 1914 complete and 0 interrupted iterations
oidc_cold_login_refresh   [  13% ] 01/13 VUs  04m00.0s/30m0s  8.00 iters/s

running (04m01.0s), 01/13 VUs, 1922 complete and 0 interrupted iterations
oidc_cold_login_refresh   [  13% ] 01/13 VUs  04m01.0s/30m0s  8.00 iters/s

running (04m02.0s), 01/13 VUs, 1930 complete and 0 interrupted iterations
oidc_cold_login_refresh   [  13% ] 01/13 VUs  04m02.0s/30m0s  8.00 iters/s

running (04m03.0s), 01/13 VUs, 1938 complete and 0 interrupted iterations
oidc_cold_login_refresh   [  13% ] 01/13 VUs  04m03.0s/30m0s  8.00 iters/s

running (04m04.0s), 01/13 VUs, 1946 complete and 0 interrupted iterations
oidc_cold_login_refresh   [  14% ] 01/13 VUs  04m04.0s/30m0s  8.00 iters/s

running (04m05.0s), 01/13 VUs, 1954 complete and 0 interrupted iterations
oidc_cold_login_refresh   [  14% ] 01/13 VUs  04m05.0s/30m0s  8.00 iters/s

running (04m06.0s), 01/13 VUs, 1962 complete and 0 interrupted iterations
oidc_cold_login_refresh   [  14% ] 01/13 VUs  04m06.0s/30m0s  8.00 iters/s

running (04m07.0s), 01/13 VUs, 1970 complete and 0 interrupted iterations
oidc_cold_login_refresh   [  14% ] 01/13 VUs  04m07.0s/30m0s  8.00 iters/s

running (04m08.0s), 01/13 VUs, 1978 complete and 0 interrupted iterations
oidc_cold_login_refresh   [  14% ] 01/13 VUs  04m08.0s/30m0s  8.00 iters/s

running (04m09.0s), 01/13 VUs, 1986 complete and 0 interrupted iterations
oidc_cold_login_refresh   [  14% ] 01/13 VUs  04m09.0s/30m0s  8.00 iters/s

running (04m10.0s), 01/13 VUs, 1994 complete and 0 interrupted iterations
oidc_cold_login_refresh   [  14% ] 01/13 VUs  04m10.0s/30m0s  8.00 iters/s

running (04m11.0s), 01/13 VUs, 2002 complete and 0 interrupted iterations
oidc_cold_login_refresh   [  14% ] 01/13 VUs  04m11.0s/30m0s  8.00 iters/s

running (04m12.0s), 01/13 VUs, 2010 complete and 0 interrupted iterations
oidc_cold_login_refresh   [  14% ] 01/13 VUs  04m12.0s/30m0s  8.00 iters/s

running (04m13.0s), 01/13 VUs, 2018 complete and 0 interrupted iterations
oidc_cold_login_refresh   [  14% ] 01/13 VUs  04m13.0s/30m0s  8.00 iters/s

running (04m14.0s), 01/13 VUs, 2026 complete and 0 interrupted iterations
oidc_cold_login_refresh   [  14% ] 01/13 VUs  04m14.0s/30m0s  8.00 iters/s

running (04m15.0s), 01/13 VUs, 2034 complete and 0 interrupted iterations
oidc_cold_login_refresh   [  14% ] 01/13 VUs  04m15.0s/30m0s  8.00 iters/s

running (04m16.0s), 01/13 VUs, 2042 complete and 0 interrupted iterations
oidc_cold_login_refresh   [  14% ] 01/13 VUs  04m16.0s/30m0s  8.00 iters/s

running (04m17.0s), 01/13 VUs, 2050 complete and 0 interrupted iterations
oidc_cold_login_refresh   [  14% ] 01/13 VUs  04m17.0s/30m0s  8.00 iters/s

running (04m18.0s), 01/13 VUs, 2058 complete and 0 interrupted iterations
oidc_cold_login_refresh   [  14% ] 01/13 VUs  04m18.0s/30m0s  8.00 iters/s

running (04m19.0s), 01/13 VUs, 2066 complete and 0 interrupted iterations
oidc_cold_login_refresh   [  14% ] 01/13 VUs  04m19.0s/30m0s  8.00 iters/s

running (04m20.0s), 01/13 VUs, 2074 complete and 0 interrupted iterations
oidc_cold_login_refresh   [  14% ] 01/13 VUs  04m20.0s/30m0s  8.00 iters/s

running (04m21.0s), 01/13 VUs, 2082 complete and 0 interrupted iterations
oidc_cold_login_refresh   [  14% ] 01/13 VUs  04m21.0s/30m0s  8.00 iters/s

running (04m22.0s), 01/13 VUs, 2090 complete and 0 interrupted iterations
oidc_cold_login_refresh   [  15% ] 01/13 VUs  04m22.0s/30m0s  8.00 iters/s

running (04m23.0s), 01/13 VUs, 2098 complete and 0 interrupted iterations
oidc_cold_login_refresh   [  15% ] 01/13 VUs  04m23.0s/30m0s  8.00 iters/s

running (04m24.0s), 01/13 VUs, 2106 complete and 0 interrupted iterations
oidc_cold_login_refresh   [  15% ] 01/13 VUs  04m24.0s/30m0s  8.00 iters/s

running (04m25.0s), 01/13 VUs, 2114 complete and 0 interrupted iterations
oidc_cold_login_refresh   [  15% ] 01/13 VUs  04m25.0s/30m0s  8.00 iters/s

running (04m26.0s), 02/13 VUs, 2121 complete and 0 interrupted iterations
oidc_cold_login_refresh   [  15% ] 02/13 VUs  04m26.0s/30m0s  8.00 iters/s

running (04m27.0s), 01/13 VUs, 2130 complete and 0 interrupted iterations
oidc_cold_login_refresh   [  15% ] 01/13 VUs  04m27.0s/30m0s  8.00 iters/s

running (04m28.0s), 01/13 VUs, 2138 complete and 0 interrupted iterations
oidc_cold_login_refresh   [  15% ] 01/13 VUs  04m28.0s/30m0s  8.00 iters/s

running (04m29.0s), 01/13 VUs, 2146 complete and 0 interrupted iterations
oidc_cold_login_refresh   [  15% ] 01/13 VUs  04m29.0s/30m0s  8.00 iters/s

running (04m30.0s), 03/13 VUs, 2152 complete and 0 interrupted iterations
oidc_cold_login_refresh   [  15% ] 03/13 VUs  04m30.0s/30m0s  8.00 iters/s

running (04m31.0s), 01/13 VUs, 2162 complete and 0 interrupted iterations
oidc_cold_login_refresh   [  15% ] 01/13 VUs  04m31.0s/30m0s  8.00 iters/s

running (04m32.0s), 01/13 VUs, 2170 complete and 0 interrupted iterations
oidc_cold_login_refresh   [  15% ] 01/13 VUs  04m32.0s/30m0s  8.00 iters/s

running (04m33.0s), 01/13 VUs, 2178 complete and 0 interrupted iterations
oidc_cold_login_refresh   [  15% ] 01/13 VUs  04m33.0s/30m0s  8.00 iters/s

running (04m34.0s), 01/13 VUs, 2186 complete and 0 interrupted iterations
oidc_cold_login_refresh   [  15% ] 01/13 VUs  04m34.0s/30m0s  8.00 iters/s

running (04m35.0s), 01/13 VUs, 2194 complete and 0 interrupted iterations
oidc_cold_login_refresh   [  15% ] 01/13 VUs  04m35.0s/30m0s  8.00 iters/s

running (04m36.0s), 01/13 VUs, 2202 complete and 0 interrupted iterations
oidc_cold_login_refresh   [  15% ] 01/13 VUs  04m36.0s/30m0s  8.00 iters/s

running (04m37.0s), 01/13 VUs, 2210 complete and 0 interrupted iterations
oidc_cold_login_refresh   [  15% ] 01/13 VUs  04m37.0s/30m0s  8.00 iters/s

running (04m38.0s), 01/13 VUs, 2218 complete and 0 interrupted iterations
oidc_cold_login_refresh   [  15% ] 01/13 VUs  04m38.0s/30m0s  8.00 iters/s

running (04m39.0s), 02/13 VUs, 2225 complete and 0 interrupted iterations
oidc_cold_login_refresh   [  15% ] 02/13 VUs  04m39.0s/30m0s  8.00 iters/s

running (04m40.0s), 01/13 VUs, 2234 complete and 0 interrupted iterations
oidc_cold_login_refresh   [  16% ] 01/13 VUs  04m40.0s/30m0s  8.00 iters/s

running (04m41.0s), 01/13 VUs, 2242 complete and 0 interrupted iterations
oidc_cold_login_refresh   [  16% ] 01/13 VUs  04m41.0s/30m0s  8.00 iters/s

running (04m42.0s), 01/13 VUs, 2250 complete and 0 interrupted iterations
oidc_cold_login_refresh   [  16% ] 01/13 VUs  04m42.0s/30m0s  8.00 iters/s

running (04m43.0s), 01/13 VUs, 2258 complete and 0 interrupted iterations
oidc_cold_login_refresh   [  16% ] 01/13 VUs  04m43.0s/30m0s  8.00 iters/s

running (04m44.0s), 01/13 VUs, 2266 complete and 0 interrupted iterations
oidc_cold_login_refresh   [  16% ] 01/13 VUs  04m44.0s/30m0s  8.00 iters/s

running (04m45.0s), 01/13 VUs, 2274 complete and 0 interrupted iterations
oidc_cold_login_refresh   [  16% ] 01/13 VUs  04m45.0s/30m0s  8.00 iters/s

running (04m46.0s), 01/13 VUs, 2282 complete and 0 interrupted iterations
oidc_cold_login_refresh   [  16% ] 01/13 VUs  04m46.0s/30m0s  8.00 iters/s

running (04m47.0s), 01/13 VUs, 2290 complete and 0 interrupted iterations
oidc_cold_login_refresh   [  16% ] 01/13 VUs  04m47.0s/30m0s  8.00 iters/s

running (04m48.0s), 01/13 VUs, 2298 complete and 0 interrupted iterations
oidc_cold_login_refresh   [  16% ] 01/13 VUs  04m48.0s/30m0s  8.00 iters/s

running (04m49.0s), 01/13 VUs, 2306 complete and 0 interrupted iterations
oidc_cold_login_refresh   [  16% ] 01/13 VUs  04m49.0s/30m0s  8.00 iters/s

running (04m50.0s), 03/13 VUs, 2312 complete and 0 interrupted iterations
oidc_cold_login_refresh   [  16% ] 03/13 VUs  04m50.0s/30m0s  8.00 iters/s

running (04m51.0s), 01/13 VUs, 2322 complete and 0 interrupted iterations
oidc_cold_login_refresh   [  16% ] 01/13 VUs  04m51.0s/30m0s  8.00 iters/s

running (04m52.0s), 02/13 VUs, 2329 complete and 0 interrupted iterations
oidc_cold_login_refresh   [  16% ] 02/13 VUs  04m52.0s/30m0s  8.00 iters/s

running (04m53.0s), 01/13 VUs, 2338 complete and 0 interrupted iterations
oidc_cold_login_refresh   [  16% ] 01/13 VUs  04m53.0s/30m0s  8.00 iters/s

running (04m54.0s), 01/13 VUs, 2346 complete and 0 interrupted iterations
oidc_cold_login_refresh   [  16% ] 01/13 VUs  04m54.0s/30m0s  8.00 iters/s

running (04m55.0s), 02/13 VUs, 2353 complete and 0 interrupted iterations
oidc_cold_login_refresh   [  16% ] 02/13 VUs  04m55.0s/30m0s  8.00 iters/s

running (04m56.0s), 01/13 VUs, 2362 complete and 0 interrupted iterations
oidc_cold_login_refresh   [  16% ] 01/13 VUs  04m56.0s/30m0s  8.00 iters/s

running (04m57.0s), 01/13 VUs, 2370 complete and 0 interrupted iterations
oidc_cold_login_refresh   [  16% ] 01/13 VUs  04m57.0s/30m0s  8.00 iters/s

running (04m58.0s), 01/13 VUs, 2378 complete and 0 interrupted iterations
oidc_cold_login_refresh   [  17% ] 01/13 VUs  04m58.0s/30m0s  8.00 iters/s

running (04m59.0s), 01/13 VUs, 2386 complete and 0 interrupted iterations
oidc_cold_login_refresh   [  17% ] 01/13 VUs  04m59.0s/30m0s  8.00 iters/s

running (05m00.0s), 01/13 VUs, 2394 complete and 0 interrupted iterations
oidc_cold_login_refresh   [  17% ] 01/13 VUs  05m00.0s/30m0s  8.00 iters/s

running (05m01.0s), 01/13 VUs, 2402 complete and 0 interrupted iterations
oidc_cold_login_refresh   [  17% ] 01/13 VUs  05m01.0s/30m0s  8.00 iters/s

running (05m02.0s), 01/13 VUs, 2410 complete and 0 interrupted iterations
oidc_cold_login_refresh   [  17% ] 01/13 VUs  05m02.0s/30m0s  8.00 iters/s

running (05m03.0s), 01/13 VUs, 2418 complete and 0 interrupted iterations
oidc_cold_login_refresh   [  17% ] 01/13 VUs  05m03.0s/30m0s  8.00 iters/s

running (05m04.0s), 01/13 VUs, 2426 complete and 0 interrupted iterations
oidc_cold_login_refresh   [  17% ] 01/13 VUs  05m04.0s/30m0s  8.00 iters/s

running (05m05.0s), 01/13 VUs, 2434 complete and 0 interrupted iterations
oidc_cold_login_refresh   [  17% ] 01/13 VUs  05m05.0s/30m0s  8.00 iters/s

running (05m06.0s), 01/13 VUs, 2442 complete and 0 interrupted iterations
oidc_cold_login_refresh   [  17% ] 01/13 VUs  05m06.0s/30m0s  8.00 iters/s

running (05m07.0s), 01/13 VUs, 2450 complete and 0 interrupted iterations
oidc_cold_login_refresh   [  17% ] 01/13 VUs  05m07.0s/30m0s  8.00 iters/s

running (05m08.0s), 01/13 VUs, 2458 complete and 0 interrupted iterations
oidc_cold_login_refresh   [  17% ] 01/13 VUs  05m08.0s/30m0s  8.00 iters/s

running (05m09.0s), 02/13 VUs, 2465 complete and 0 interrupted iterations
oidc_cold_login_refresh   [  17% ] 02/13 VUs  05m09.0s/30m0s  8.00 iters/s

running (05m10.0s), 01/13 VUs, 2474 complete and 0 interrupted iterations
oidc_cold_login_refresh   [  17% ] 01/13 VUs  05m10.0s/30m0s  8.00 iters/s

running (05m11.0s), 01/13 VUs, 2482 complete and 0 interrupted iterations
oidc_cold_login_refresh   [  17% ] 01/13 VUs  05m11.0s/30m0s  8.00 iters/s

running (05m12.0s), 01/13 VUs, 2490 complete and 0 interrupted iterations
oidc_cold_login_refresh   [  17% ] 01/13 VUs  05m12.0s/30m0s  8.00 iters/s

running (05m13.0s), 01/13 VUs, 2498 complete and 0 interrupted iterations
oidc_cold_login_refresh   [  17% ] 01/13 VUs  05m13.0s/30m0s  8.00 iters/s

running (05m14.0s), 01/13 VUs, 2506 complete and 0 interrupted iterations
oidc_cold_login_refresh   [  17% ] 01/13 VUs  05m14.0s/30m0s  8.00 iters/s

running (05m15.0s), 01/13 VUs, 2514 complete and 0 interrupted iterations
oidc_cold_login_refresh   [  17% ] 01/13 VUs  05m15.0s/30m0s  8.00 iters/s

running (05m16.0s), 01/13 VUs, 2522 complete and 0 interrupted iterations
oidc_cold_login_refresh   [  18% ] 01/13 VUs  05m16.0s/30m0s  8.00 iters/s

running (05m17.0s), 01/13 VUs, 2530 complete and 0 interrupted iterations
oidc_cold_login_refresh   [  18% ] 01/13 VUs  05m17.0s/30m0s  8.00 iters/s

running (05m18.0s), 02/13 VUs, 2537 complete and 0 interrupted iterations
oidc_cold_login_refresh   [  18% ] 02/13 VUs  05m18.0s/30m0s  8.00 iters/s

running (05m19.0s), 01/13 VUs, 2546 complete and 0 interrupted iterations
oidc_cold_login_refresh   [  18% ] 01/13 VUs  05m19.0s/30m0s  8.00 iters/s

running (05m20.0s), 01/13 VUs, 2554 complete and 0 interrupted iterations
oidc_cold_login_refresh   [  18% ] 01/13 VUs  05m20.0s/30m0s  8.00 iters/s

running (05m21.0s), 01/13 VUs, 2562 complete and 0 interrupted iterations
oidc_cold_login_refresh   [  18% ] 01/13 VUs  05m21.0s/30m0s  8.00 iters/s

running (05m22.0s), 02/13 VUs, 2569 complete and 0 interrupted iterations
oidc_cold_login_refresh   [  18% ] 02/13 VUs  05m22.0s/30m0s  8.00 iters/s

running (05m23.0s), 01/13 VUs, 2578 complete and 0 interrupted iterations
oidc_cold_login_refresh   [  18% ] 01/13 VUs  05m23.0s/30m0s  8.00 iters/s

running (05m24.0s), 01/13 VUs, 2586 complete and 0 interrupted iterations
oidc_cold_login_refresh   [  18% ] 01/13 VUs  05m24.0s/30m0s  8.00 iters/s

running (05m25.0s), 04/13 VUs, 2591 complete and 0 interrupted iterations
oidc_cold_login_refresh   [  18% ] 04/13 VUs  05m25.0s/30m0s  8.00 iters/s

running (05m26.0s), 01/13 VUs, 2602 complete and 0 interrupted iterations
oidc_cold_login_refresh   [  18% ] 01/13 VUs  05m26.0s/30m0s  8.00 iters/s

running (05m27.0s), 01/13 VUs, 2610 complete and 0 interrupted iterations
oidc_cold_login_refresh   [  18% ] 01/13 VUs  05m27.0s/30m0s  8.00 iters/s

running (05m28.0s), 01/13 VUs, 2618 complete and 0 interrupted iterations
oidc_cold_login_refresh   [  18% ] 01/13 VUs  05m28.0s/30m0s  8.00 iters/s

running (05m29.0s), 03/13 VUs, 2624 complete and 0 interrupted iterations
oidc_cold_login_refresh   [  18% ] 03/13 VUs  05m29.0s/30m0s  8.00 iters/s

running (05m30.0s), 01/13 VUs, 2634 complete and 0 interrupted iterations
oidc_cold_login_refresh   [  18% ] 01/13 VUs  05m30.0s/30m0s  8.00 iters/s

running (05m31.0s), 01/13 VUs, 2642 complete and 0 interrupted iterations
oidc_cold_login_refresh   [  18% ] 01/13 VUs  05m31.0s/30m0s  8.00 iters/s

running (05m32.0s), 01/13 VUs, 2650 complete and 0 interrupted iterations
oidc_cold_login_refresh   [  18% ] 01/13 VUs  05m32.0s/30m0s  8.00 iters/s

running (05m33.0s), 01/13 VUs, 2658 complete and 0 interrupted iterations
oidc_cold_login_refresh   [  18% ] 01/13 VUs  05m33.0s/30m0s  8.00 iters/s

running (05m34.0s), 01/13 VUs, 2666 complete and 0 interrupted iterations
oidc_cold_login_refresh   [  19% ] 01/13 VUs  05m34.0s/30m0s  8.00 iters/s

running (05m35.0s), 02/13 VUs, 2673 complete and 0 interrupted iterations
oidc_cold_login_refresh   [  19% ] 02/13 VUs  05m35.0s/30m0s  8.00 iters/s

running (05m36.0s), 01/13 VUs, 2682 complete and 0 interrupted iterations
oidc_cold_login_refresh   [  19% ] 01/13 VUs  05m36.0s/30m0s  8.00 iters/s

running (05m37.0s), 01/13 VUs, 2690 complete and 0 interrupted iterations
oidc_cold_login_refresh   [  19% ] 01/13 VUs  05m37.0s/30m0s  8.00 iters/s

running (05m38.0s), 01/13 VUs, 2698 complete and 0 interrupted iterations
oidc_cold_login_refresh   [  19% ] 01/13 VUs  05m38.0s/30m0s  8.00 iters/s

running (05m39.0s), 01/13 VUs, 2706 complete and 0 interrupted iterations
oidc_cold_login_refresh   [  19% ] 01/13 VUs  05m39.0s/30m0s  8.00 iters/s

running (05m40.0s), 01/13 VUs, 2714 complete and 0 interrupted iterations
oidc_cold_login_refresh   [  19% ] 01/13 VUs  05m40.0s/30m0s  8.00 iters/s

running (05m41.0s), 01/13 VUs, 2722 complete and 0 interrupted iterations
oidc_cold_login_refresh   [  19% ] 01/13 VUs  05m41.0s/30m0s  8.00 iters/s

running (05m42.0s), 01/13 VUs, 2730 complete and 0 interrupted iterations
oidc_cold_login_refresh   [  19% ] 01/13 VUs  05m42.0s/30m0s  8.00 iters/s

running (05m43.0s), 01/13 VUs, 2738 complete and 0 interrupted iterations
oidc_cold_login_refresh   [  19% ] 01/13 VUs  05m43.0s/30m0s  8.00 iters/s

running (05m44.0s), 01/13 VUs, 2746 complete and 0 interrupted iterations
oidc_cold_login_refresh   [  19% ] 01/13 VUs  05m44.0s/30m0s  8.00 iters/s

running (05m45.0s), 01/13 VUs, 2754 complete and 0 interrupted iterations
oidc_cold_login_refresh   [  19% ] 01/13 VUs  05m45.0s/30m0s  8.00 iters/s

running (05m46.0s), 01/13 VUs, 2762 complete and 0 interrupted iterations
oidc_cold_login_refresh   [  19% ] 01/13 VUs  05m46.0s/30m0s  8.00 iters/s

running (05m47.0s), 01/13 VUs, 2770 complete and 0 interrupted iterations
oidc_cold_login_refresh   [  19% ] 01/13 VUs  05m47.0s/30m0s  8.00 iters/s

running (05m48.0s), 01/13 VUs, 2778 complete and 0 interrupted iterations
oidc_cold_login_refresh   [  19% ] 01/13 VUs  05m48.0s/30m0s  8.00 iters/s

running (05m49.0s), 02/13 VUs, 2785 complete and 0 interrupted iterations
oidc_cold_login_refresh   [  19% ] 02/13 VUs  05m49.0s/30m0s  8.00 iters/s

running (05m50.0s), 01/13 VUs, 2794 complete and 0 interrupted iterations
oidc_cold_login_refresh   [  19% ] 01/13 VUs  05m50.0s/30m0s  8.00 iters/s

running (05m51.0s), 01/13 VUs, 2802 complete and 0 interrupted iterations
oidc_cold_login_refresh   [  19% ] 01/13 VUs  05m51.0s/30m0s  8.00 iters/s

running (05m52.0s), 02/13 VUs, 2809 complete and 0 interrupted iterations
oidc_cold_login_refresh   [  20% ] 02/13 VUs  05m52.0s/30m0s  8.00 iters/s

running (05m53.0s), 01/13 VUs, 2818 complete and 0 interrupted iterations
oidc_cold_login_refresh   [  20% ] 01/13 VUs  05m53.0s/30m0s  8.00 iters/s

running (05m54.0s), 01/13 VUs, 2826 complete and 0 interrupted iterations
oidc_cold_login_refresh   [  20% ] 01/13 VUs  05m54.0s/30m0s  8.00 iters/s

running (05m55.0s), 02/13 VUs, 2833 complete and 0 interrupted iterations
oidc_cold_login_refresh   [  20% ] 02/13 VUs  05m55.0s/30m0s  8.00 iters/s

running (05m56.0s), 01/13 VUs, 2842 complete and 0 interrupted iterations
oidc_cold_login_refresh   [  20% ] 01/13 VUs  05m56.0s/30m0s  8.00 iters/s

running (05m57.0s), 01/13 VUs, 2850 complete and 0 interrupted iterations
oidc_cold_login_refresh   [  20% ] 01/13 VUs  05m57.0s/30m0s  8.00 iters/s

running (05m58.0s), 01/13 VUs, 2858 complete and 0 interrupted iterations
oidc_cold_login_refresh   [  20% ] 01/13 VUs  05m58.0s/30m0s  8.00 iters/s

running (05m59.0s), 01/13 VUs, 2866 complete and 0 interrupted iterations
oidc_cold_login_refresh   [  20% ] 01/13 VUs  05m59.0s/30m0s  8.00 iters/s

running (06m00.0s), 01/13 VUs, 2874 complete and 0 interrupted iterations
oidc_cold_login_refresh   [  20% ] 01/13 VUs  06m00.0s/30m0s  8.00 iters/s

running (06m01.0s), 01/13 VUs, 2882 complete and 0 interrupted iterations
oidc_cold_login_refresh   [  20% ] 01/13 VUs  06m01.0s/30m0s  8.00 iters/s

running (06m02.0s), 01/13 VUs, 2890 complete and 0 interrupted iterations
oidc_cold_login_refresh   [  20% ] 01/13 VUs  06m02.0s/30m0s  8.00 iters/s

running (06m03.0s), 01/13 VUs, 2898 complete and 0 interrupted iterations
oidc_cold_login_refresh   [  20% ] 01/13 VUs  06m03.0s/30m0s  8.00 iters/s

running (06m04.0s), 01/13 VUs, 2906 complete and 0 interrupted iterations
oidc_cold_login_refresh   [  20% ] 01/13 VUs  06m04.0s/30m0s  8.00 iters/s

running (06m05.0s), 01/13 VUs, 2914 complete and 0 interrupted iterations
oidc_cold_login_refresh   [  20% ] 01/13 VUs  06m05.0s/30m0s  8.00 iters/s

running (06m06.0s), 01/13 VUs, 2922 complete and 0 interrupted iterations
oidc_cold_login_refresh   [  20% ] 01/13 VUs  06m06.0s/30m0s  8.00 iters/s

running (06m07.0s), 01/13 VUs, 2930 complete and 0 interrupted iterations
oidc_cold_login_refresh   [  20% ] 01/13 VUs  06m07.0s/30m0s  8.00 iters/s

running (06m08.0s), 02/13 VUs, 2937 complete and 0 interrupted iterations
oidc_cold_login_refresh   [  20% ] 02/13 VUs  06m08.0s/30m0s  8.00 iters/s

running (06m09.0s), 01/13 VUs, 2946 complete and 0 interrupted iterations
oidc_cold_login_refresh   [  20% ] 01/13 VUs  06m09.0s/30m0s  8.00 iters/s

running (06m10.0s), 01/13 VUs, 2954 complete and 0 interrupted iterations
oidc_cold_login_refresh   [  21% ] 01/13 VUs  06m10.0s/30m0s  8.00 iters/s

running (06m11.0s), 01/13 VUs, 2962 complete and 0 interrupted iterations
oidc_cold_login_refresh   [  21% ] 01/13 VUs  06m11.0s/30m0s  8.00 iters/s

running (06m12.0s), 01/13 VUs, 2970 complete and 0 interrupted iterations
oidc_cold_login_refresh   [  21% ] 01/13 VUs  06m12.0s/30m0s  8.00 iters/s

running (06m13.0s), 01/13 VUs, 2978 complete and 0 interrupted iterations
oidc_cold_login_refresh   [  21% ] 01/13 VUs  06m13.0s/30m0s  8.00 iters/s

running (06m14.0s), 01/13 VUs, 2986 complete and 0 interrupted iterations
oidc_cold_login_refresh   [  21% ] 01/13 VUs  06m14.0s/30m0s  8.00 iters/s

running (06m15.0s), 01/13 VUs, 2994 complete and 0 interrupted iterations
oidc_cold_login_refresh   [  21% ] 01/13 VUs  06m15.0s/30m0s  8.00 iters/s

running (06m16.0s), 01/13 VUs, 3002 complete and 0 interrupted iterations
oidc_cold_login_refresh   [  21% ] 01/13 VUs  06m16.0s/30m0s  8.00 iters/s

running (06m17.0s), 01/13 VUs, 3010 complete and 0 interrupted iterations
oidc_cold_login_refresh   [  21% ] 01/13 VUs  06m17.0s/30m0s  8.00 iters/s

running (06m18.0s), 01/13 VUs, 3018 complete and 0 interrupted iterations
oidc_cold_login_refresh   [  21% ] 01/13 VUs  06m18.0s/30m0s  8.00 iters/s

running (06m19.0s), 01/13 VUs, 3026 complete and 0 interrupted iterations
oidc_cold_login_refresh   [  21% ] 01/13 VUs  06m19.0s/30m0s  8.00 iters/s

running (06m20.0s), 01/13 VUs, 3034 complete and 0 interrupted iterations
oidc_cold_login_refresh   [  21% ] 01/13 VUs  06m20.0s/30m0s  8.00 iters/s

running (06m21.0s), 01/13 VUs, 3042 complete and 0 interrupted iterations
oidc_cold_login_refresh   [  21% ] 01/13 VUs  06m21.0s/30m0s  8.00 iters/s

running (06m22.0s), 01/13 VUs, 3050 complete and 0 interrupted iterations
oidc_cold_login_refresh   [  21% ] 01/13 VUs  06m22.0s/30m0s  8.00 iters/s

running (06m23.0s), 01/13 VUs, 3058 complete and 0 interrupted iterations
oidc_cold_login_refresh   [  21% ] 01/13 VUs  06m23.0s/30m0s  8.00 iters/s

running (06m24.0s), 01/13 VUs, 3066 complete and 0 interrupted iterations
oidc_cold_login_refresh   [  21% ] 01/13 VUs  06m24.0s/30m0s  8.00 iters/s

running (06m25.0s), 01/13 VUs, 3074 complete and 0 interrupted iterations
oidc_cold_login_refresh   [  21% ] 01/13 VUs  06m25.0s/30m0s  8.00 iters/s

running (06m26.0s), 01/13 VUs, 3082 complete and 0 interrupted iterations
oidc_cold_login_refresh   [  21% ] 01/13 VUs  06m26.0s/30m0s  8.00 iters/s

running (06m27.0s), 01/13 VUs, 3090 complete and 0 interrupted iterations
oidc_cold_login_refresh   [  21% ] 01/13 VUs  06m27.0s/30m0s  8.00 iters/s

running (06m28.0s), 02/13 VUs, 3097 complete and 0 interrupted iterations
oidc_cold_login_refresh   [  22% ] 02/13 VUs  06m28.0s/30m0s  8.00 iters/s

running (06m29.0s), 01/13 VUs, 3106 complete and 0 interrupted iterations
oidc_cold_login_refresh   [  22% ] 01/13 VUs  06m29.0s/30m0s  8.00 iters/s

running (06m30.0s), 01/13 VUs, 3114 complete and 0 interrupted iterations
oidc_cold_login_refresh   [  22% ] 01/13 VUs  06m30.0s/30m0s  8.00 iters/s

running (06m31.0s), 01/13 VUs, 3122 complete and 0 interrupted iterations
oidc_cold_login_refresh   [  22% ] 01/13 VUs  06m31.0s/30m0s  8.00 iters/s

running (06m32.0s), 02/13 VUs, 3129 complete and 0 interrupted iterations
oidc_cold_login_refresh   [  22% ] 02/13 VUs  06m32.0s/30m0s  8.00 iters/s

running (06m33.0s), 01/13 VUs, 3138 complete and 0 interrupted iterations
oidc_cold_login_refresh   [  22% ] 01/13 VUs  06m33.0s/30m0s  8.00 iters/s

running (06m34.0s), 01/13 VUs, 3146 complete and 0 interrupted iterations
oidc_cold_login_refresh   [  22% ] 01/13 VUs  06m34.0s/30m0s  8.00 iters/s

running (06m35.0s), 01/13 VUs, 3154 complete and 0 interrupted iterations
oidc_cold_login_refresh   [  22% ] 01/13 VUs  06m35.0s/30m0s  8.00 iters/s

running (06m36.0s), 01/13 VUs, 3162 complete and 0 interrupted iterations
oidc_cold_login_refresh   [  22% ] 01/13 VUs  06m36.0s/30m0s  8.00 iters/s

running (06m37.0s), 01/13 VUs, 3170 complete and 0 interrupted iterations
oidc_cold_login_refresh   [  22% ] 01/13 VUs  06m37.0s/30m0s  8.00 iters/s

running (06m38.0s), 01/13 VUs, 3178 complete and 0 interrupted iterations
oidc_cold_login_refresh   [  22% ] 01/13 VUs  06m38.0s/30m0s  8.00 iters/s

running (06m39.0s), 01/13 VUs, 3186 complete and 0 interrupted iterations
oidc_cold_login_refresh   [  22% ] 01/13 VUs  06m39.0s/30m0s  8.00 iters/s

running (06m40.0s), 01/13 VUs, 3194 complete and 0 interrupted iterations
oidc_cold_login_refresh   [  22% ] 01/13 VUs  06m40.0s/30m0s  8.00 iters/s

running (06m41.0s), 01/13 VUs, 3202 complete and 0 interrupted iterations
oidc_cold_login_refresh   [  22% ] 01/13 VUs  06m41.0s/30m0s  8.00 iters/s

running (06m42.0s), 01/13 VUs, 3210 complete and 0 interrupted iterations
oidc_cold_login_refresh   [  22% ] 01/13 VUs  06m42.0s/30m0s  8.00 iters/s

running (06m43.0s), 01/13 VUs, 3218 complete and 0 interrupted iterations
oidc_cold_login_refresh   [  22% ] 01/13 VUs  06m43.0s/30m0s  8.00 iters/s

running (06m44.0s), 01/13 VUs, 3226 complete and 0 interrupted iterations
oidc_cold_login_refresh   [  22% ] 01/13 VUs  06m44.0s/30m0s  8.00 iters/s

running (06m45.0s), 01/13 VUs, 3234 complete and 0 interrupted iterations
oidc_cold_login_refresh   [  22% ] 01/13 VUs  06m45.0s/30m0s  8.00 iters/s

running (06m46.0s), 01/13 VUs, 3242 complete and 0 interrupted iterations
oidc_cold_login_refresh   [  23% ] 01/13 VUs  06m46.0s/30m0s  8.00 iters/s

running (06m47.0s), 01/13 VUs, 3250 complete and 0 interrupted iterations
oidc_cold_login_refresh   [  23% ] 01/13 VUs  06m47.0s/30m0s  8.00 iters/s

running (06m48.0s), 01/13 VUs, 3258 complete and 0 interrupted iterations
oidc_cold_login_refresh   [  23% ] 01/13 VUs  06m48.0s/30m0s  8.00 iters/s

running (06m49.0s), 01/13 VUs, 3266 complete and 0 interrupted iterations
oidc_cold_login_refresh   [  23% ] 01/13 VUs  06m49.0s/30m0s  8.00 iters/s

running (06m50.0s), 01/13 VUs, 3274 complete and 0 interrupted iterations
oidc_cold_login_refresh   [  23% ] 01/13 VUs  06m50.0s/30m0s  8.00 iters/s

running (06m51.0s), 01/13 VUs, 3282 complete and 0 interrupted iterations
oidc_cold_login_refresh   [  23% ] 01/13 VUs  06m51.0s/30m0s  8.00 iters/s

running (06m52.0s), 01/13 VUs, 3290 complete and 0 interrupted iterations
oidc_cold_login_refresh   [  23% ] 01/13 VUs  06m52.0s/30m0s  8.00 iters/s

running (06m53.0s), 01/13 VUs, 3298 complete and 0 interrupted iterations
oidc_cold_login_refresh   [  23% ] 01/13 VUs  06m53.0s/30m0s  8.00 iters/s

running (06m54.0s), 01/13 VUs, 3306 complete and 0 interrupted iterations
oidc_cold_login_refresh   [  23% ] 01/13 VUs  06m54.0s/30m0s  8.00 iters/s

running (06m55.0s), 01/13 VUs, 3314 complete and 0 interrupted iterations
oidc_cold_login_refresh   [  23% ] 01/13 VUs  06m55.0s/30m0s  8.00 iters/s

running (06m56.0s), 01/13 VUs, 3322 complete and 0 interrupted iterations
oidc_cold_login_refresh   [  23% ] 01/13 VUs  06m56.0s/30m0s  8.00 iters/s

running (06m57.0s), 01/13 VUs, 3330 complete and 0 interrupted iterations
oidc_cold_login_refresh   [  23% ] 01/13 VUs  06m57.0s/30m0s  8.00 iters/s

running (06m58.0s), 01/13 VUs, 3338 complete and 0 interrupted iterations
oidc_cold_login_refresh   [  23% ] 01/13 VUs  06m58.0s/30m0s  8.00 iters/s

running (06m59.0s), 01/13 VUs, 3346 complete and 0 interrupted iterations
oidc_cold_login_refresh   [  23% ] 01/13 VUs  06m59.0s/30m0s  8.00 iters/s

running (07m00.0s), 01/13 VUs, 3354 complete and 0 interrupted iterations
oidc_cold_login_refresh   [  23% ] 01/13 VUs  07m00.0s/30m0s  8.00 iters/s

running (07m01.0s), 01/13 VUs, 3362 complete and 0 interrupted iterations
oidc_cold_login_refresh   [  23% ] 01/13 VUs  07m01.0s/30m0s  8.00 iters/s

running (07m02.0s), 01/13 VUs, 3370 complete and 0 interrupted iterations
oidc_cold_login_refresh   [  23% ] 01/13 VUs  07m02.0s/30m0s  8.00 iters/s

running (07m03.0s), 01/13 VUs, 3378 complete and 0 interrupted iterations
oidc_cold_login_refresh   [  23% ] 01/13 VUs  07m03.0s/30m0s  8.00 iters/s

running (07m04.0s), 01/13 VUs, 3386 complete and 0 interrupted iterations
oidc_cold_login_refresh   [  24% ] 01/13 VUs  07m04.0s/30m0s  8.00 iters/s

running (07m05.0s), 01/13 VUs, 3394 complete and 0 interrupted iterations
oidc_cold_login_refresh   [  24% ] 01/13 VUs  07m05.0s/30m0s  8.00 iters/s

running (07m06.0s), 01/13 VUs, 3402 complete and 0 interrupted iterations
oidc_cold_login_refresh   [  24% ] 01/13 VUs  07m06.0s/30m0s  8.00 iters/s

running (07m07.0s), 01/13 VUs, 3410 complete and 0 interrupted iterations
oidc_cold_login_refresh   [  24% ] 01/13 VUs  07m07.0s/30m0s  8.00 iters/s

running (07m08.0s), 01/13 VUs, 3418 complete and 0 interrupted iterations
oidc_cold_login_refresh   [  24% ] 01/13 VUs  07m08.0s/30m0s  8.00 iters/s

running (07m09.0s), 01/13 VUs, 3426 complete and 0 interrupted iterations
oidc_cold_login_refresh   [  24% ] 01/13 VUs  07m09.0s/30m0s  8.00 iters/s

running (07m10.0s), 01/13 VUs, 3434 complete and 0 interrupted iterations
oidc_cold_login_refresh   [  24% ] 01/13 VUs  07m10.0s/30m0s  8.00 iters/s

running (07m11.0s), 01/13 VUs, 3442 complete and 0 interrupted iterations
oidc_cold_login_refresh   [  24% ] 01/13 VUs  07m11.0s/30m0s  8.00 iters/s

running (07m12.0s), 01/13 VUs, 3450 complete and 0 interrupted iterations
oidc_cold_login_refresh   [  24% ] 01/13 VUs  07m12.0s/30m0s  8.00 iters/s

running (07m13.0s), 03/13 VUs, 3456 complete and 0 interrupted iterations
oidc_cold_login_refresh   [  24% ] 03/13 VUs  07m13.0s/30m0s  8.00 iters/s

running (07m14.0s), 01/13 VUs, 3466 complete and 0 interrupted iterations
oidc_cold_login_refresh   [  24% ] 01/13 VUs  07m14.0s/30m0s  8.00 iters/s

running (07m15.0s), 01/13 VUs, 3474 complete and 0 interrupted iterations
oidc_cold_login_refresh   [  24% ] 01/13 VUs  07m15.0s/30m0s  8.00 iters/s

running (07m16.0s), 01/13 VUs, 3482 complete and 0 interrupted iterations
oidc_cold_login_refresh   [  24% ] 01/13 VUs  07m16.0s/30m0s  8.00 iters/s

running (07m17.0s), 01/13 VUs, 3490 complete and 0 interrupted iterations
oidc_cold_login_refresh   [  24% ] 01/13 VUs  07m17.0s/30m0s  8.00 iters/s

running (07m18.0s), 01/13 VUs, 3498 complete and 0 interrupted iterations
oidc_cold_login_refresh   [  24% ] 01/13 VUs  07m18.0s/30m0s  8.00 iters/s

running (07m19.0s), 01/13 VUs, 3506 complete and 0 interrupted iterations
oidc_cold_login_refresh   [  24% ] 01/13 VUs  07m19.0s/30m0s  8.00 iters/s

running (07m20.0s), 01/13 VUs, 3514 complete and 0 interrupted iterations
oidc_cold_login_refresh   [  24% ] 01/13 VUs  07m20.0s/30m0s  8.00 iters/s

running (07m21.0s), 01/13 VUs, 3522 complete and 0 interrupted iterations
oidc_cold_login_refresh   [  24% ] 01/13 VUs  07m21.0s/30m0s  8.00 iters/s

running (07m22.0s), 01/13 VUs, 3530 complete and 0 interrupted iterations
oidc_cold_login_refresh   [  25% ] 01/13 VUs  07m22.0s/30m0s  8.00 iters/s

running (07m23.0s), 01/13 VUs, 3538 complete and 0 interrupted iterations
oidc_cold_login_refresh   [  25% ] 01/13 VUs  07m23.0s/30m0s  8.00 iters/s

running (07m24.0s), 01/13 VUs, 3546 complete and 0 interrupted iterations
oidc_cold_login_refresh   [  25% ] 01/13 VUs  07m24.0s/30m0s  8.00 iters/s

running (07m25.0s), 01/13 VUs, 3554 complete and 0 interrupted iterations
oidc_cold_login_refresh   [  25% ] 01/13 VUs  07m25.0s/30m0s  8.00 iters/s

running (07m26.0s), 01/13 VUs, 3562 complete and 0 interrupted iterations
oidc_cold_login_refresh   [  25% ] 01/13 VUs  07m26.0s/30m0s  8.00 iters/s

running (07m27.0s), 03/13 VUs, 3568 complete and 0 interrupted iterations
oidc_cold_login_refresh   [  25% ] 03/13 VUs  07m27.0s/30m0s  8.00 iters/s

running (07m28.0s), 01/13 VUs, 3578 complete and 0 interrupted iterations
oidc_cold_login_refresh   [  25% ] 01/13 VUs  07m28.0s/30m0s  8.00 iters/s

running (07m29.0s), 01/13 VUs, 3586 complete and 0 interrupted iterations
oidc_cold_login_refresh   [  25% ] 01/13 VUs  07m29.0s/30m0s  8.00 iters/s

running (07m30.0s), 01/13 VUs, 3594 complete and 0 interrupted iterations
oidc_cold_login_refresh   [  25% ] 01/13 VUs  07m30.0s/30m0s  8.00 iters/s

running (07m31.0s), 01/13 VUs, 3602 complete and 0 interrupted iterations
oidc_cold_login_refresh   [  25% ] 01/13 VUs  07m31.0s/30m0s  8.00 iters/s

running (07m32.0s), 01/13 VUs, 3610 complete and 0 interrupted iterations
oidc_cold_login_refresh   [  25% ] 01/13 VUs  07m32.0s/30m0s  8.00 iters/s

running (07m33.0s), 01/13 VUs, 3618 complete and 0 interrupted iterations
oidc_cold_login_refresh   [  25% ] 01/13 VUs  07m33.0s/30m0s  8.00 iters/s

running (07m34.0s), 01/13 VUs, 3626 complete and 0 interrupted iterations
oidc_cold_login_refresh   [  25% ] 01/13 VUs  07m34.0s/30m0s  8.00 iters/s

running (07m35.0s), 01/13 VUs, 3634 complete and 0 interrupted iterations
oidc_cold_login_refresh   [  25% ] 01/13 VUs  07m35.0s/30m0s  8.00 iters/s

running (07m36.0s), 02/13 VUs, 3641 complete and 0 interrupted iterations
oidc_cold_login_refresh   [  25% ] 02/13 VUs  07m36.0s/30m0s  8.00 iters/s

running (07m37.0s), 01/13 VUs, 3650 complete and 0 interrupted iterations
oidc_cold_login_refresh   [  25% ] 01/13 VUs  07m37.0s/30m0s  8.00 iters/s

running (07m38.0s), 01/13 VUs, 3658 complete and 0 interrupted iterations
oidc_cold_login_refresh   [  25% ] 01/13 VUs  07m38.0s/30m0s  8.00 iters/s

running (07m39.0s), 01/13 VUs, 3666 complete and 0 interrupted iterations
oidc_cold_login_refresh   [  25% ] 01/13 VUs  07m39.0s/30m0s  8.00 iters/s

running (07m40.0s), 01/13 VUs, 3674 complete and 0 interrupted iterations
oidc_cold_login_refresh   [  26% ] 01/13 VUs  07m40.0s/30m0s  8.00 iters/s

running (07m41.0s), 01/13 VUs, 3682 complete and 0 interrupted iterations
oidc_cold_login_refresh   [  26% ] 01/13 VUs  07m41.0s/30m0s  8.00 iters/s

running (07m42.0s), 01/13 VUs, 3690 complete and 0 interrupted iterations
oidc_cold_login_refresh   [  26% ] 01/13 VUs  07m42.0s/30m0s  8.00 iters/s

running (07m43.0s), 01/13 VUs, 3698 complete and 0 interrupted iterations
oidc_cold_login_refresh   [  26% ] 01/13 VUs  07m43.0s/30m0s  8.00 iters/s

running (07m44.0s), 01/13 VUs, 3706 complete and 0 interrupted iterations
oidc_cold_login_refresh   [  26% ] 01/13 VUs  07m44.0s/30m0s  8.00 iters/s

running (07m45.0s), 01/13 VUs, 3714 complete and 0 interrupted iterations
oidc_cold_login_refresh   [  26% ] 01/13 VUs  07m45.0s/30m0s  8.00 iters/s

running (07m46.0s), 01/13 VUs, 3722 complete and 0 interrupted iterations
oidc_cold_login_refresh   [  26% ] 01/13 VUs  07m46.0s/30m0s  8.00 iters/s

running (07m47.0s), 03/13 VUs, 3728 complete and 0 interrupted iterations
oidc_cold_login_refresh   [  26% ] 03/13 VUs  07m47.0s/30m0s  8.00 iters/s

running (07m48.0s), 01/13 VUs, 3738 complete and 0 interrupted iterations
oidc_cold_login_refresh   [  26% ] 01/13 VUs  07m48.0s/30m0s  8.00 iters/s

running (07m49.0s), 01/13 VUs, 3746 complete and 0 interrupted iterations
oidc_cold_login_refresh   [  26% ] 01/13 VUs  07m49.0s/30m0s  8.00 iters/s

running (07m50.0s), 01/13 VUs, 3754 complete and 0 interrupted iterations
oidc_cold_login_refresh   [  26% ] 01/13 VUs  07m50.0s/30m0s  8.00 iters/s

running (07m51.0s), 01/13 VUs, 3762 complete and 0 interrupted iterations
oidc_cold_login_refresh   [  26% ] 01/13 VUs  07m51.0s/30m0s  8.00 iters/s

running (07m52.0s), 01/13 VUs, 3770 complete and 0 interrupted iterations
oidc_cold_login_refresh   [  26% ] 01/13 VUs  07m52.0s/30m0s  8.00 iters/s

running (07m53.0s), 01/13 VUs, 3778 complete and 0 interrupted iterations
oidc_cold_login_refresh   [  26% ] 01/13 VUs  07m53.0s/30m0s  8.00 iters/s

running (07m54.0s), 01/13 VUs, 3786 complete and 0 interrupted iterations
oidc_cold_login_refresh   [  26% ] 01/13 VUs  07m54.0s/30m0s  8.00 iters/s

running (07m55.0s), 01/13 VUs, 3794 complete and 0 interrupted iterations
oidc_cold_login_refresh   [  26% ] 01/13 VUs  07m55.0s/30m0s  8.00 iters/s

running (07m56.0s), 01/13 VUs, 3802 complete and 0 interrupted iterations
oidc_cold_login_refresh   [  26% ] 01/13 VUs  07m56.0s/30m0s  8.00 iters/s

running (07m57.0s), 01/13 VUs, 3810 complete and 0 interrupted iterations
oidc_cold_login_refresh   [  26% ] 01/13 VUs  07m57.0s/30m0s  8.00 iters/s

running (07m58.0s), 01/13 VUs, 3818 complete and 0 interrupted iterations
oidc_cold_login_refresh   [  27% ] 01/13 VUs  07m58.0s/30m0s  8.00 iters/s

running (07m59.0s), 01/13 VUs, 3826 complete and 0 interrupted iterations
oidc_cold_login_refresh   [  27% ] 01/13 VUs  07m59.0s/30m0s  8.00 iters/s

running (08m00.0s), 01/13 VUs, 3834 complete and 0 interrupted iterations
oidc_cold_login_refresh   [  27% ] 01/13 VUs  08m00.0s/30m0s  8.00 iters/s

running (08m01.0s), 01/13 VUs, 3842 complete and 0 interrupted iterations
oidc_cold_login_refresh   [  27% ] 01/13 VUs  08m01.0s/30m0s  8.00 iters/s

running (08m02.0s), 01/13 VUs, 3850 complete and 0 interrupted iterations
oidc_cold_login_refresh   [  27% ] 01/13 VUs  08m02.0s/30m0s  8.00 iters/s

running (08m03.0s), 01/13 VUs, 3858 complete and 0 interrupted iterations
oidc_cold_login_refresh   [  27% ] 01/13 VUs  08m03.0s/30m0s  8.00 iters/s

running (08m04.0s), 02/13 VUs, 3865 complete and 0 interrupted iterations
oidc_cold_login_refresh   [  27% ] 02/13 VUs  08m04.0s/30m0s  8.00 iters/s

running (08m05.0s), 01/13 VUs, 3874 complete and 0 interrupted iterations
oidc_cold_login_refresh   [  27% ] 01/13 VUs  08m05.0s/30m0s  8.00 iters/s

running (08m06.0s), 01/13 VUs, 3882 complete and 0 interrupted iterations
oidc_cold_login_refresh   [  27% ] 01/13 VUs  08m06.0s/30m0s  8.00 iters/s

running (08m07.0s), 01/13 VUs, 3890 complete and 0 interrupted iterations
oidc_cold_login_refresh   [  27% ] 01/13 VUs  08m07.0s/30m0s  8.00 iters/s

running (08m08.0s), 01/13 VUs, 3898 complete and 0 interrupted iterations
oidc_cold_login_refresh   [  27% ] 01/13 VUs  08m08.0s/30m0s  8.00 iters/s

running (08m09.0s), 01/13 VUs, 3906 complete and 0 interrupted iterations
oidc_cold_login_refresh   [  27% ] 01/13 VUs  08m09.0s/30m0s  8.00 iters/s

running (08m10.0s), 01/13 VUs, 3914 complete and 0 interrupted iterations
oidc_cold_login_refresh   [  27% ] 01/13 VUs  08m10.0s/30m0s  8.00 iters/s

running (08m11.0s), 01/13 VUs, 3922 complete and 0 interrupted iterations
oidc_cold_login_refresh   [  27% ] 01/13 VUs  08m11.0s/30m0s  8.00 iters/s

running (08m12.0s), 01/13 VUs, 3930 complete and 0 interrupted iterations
oidc_cold_login_refresh   [  27% ] 01/13 VUs  08m12.0s/30m0s  8.00 iters/s

running (08m13.0s), 01/13 VUs, 3938 complete and 0 interrupted iterations
oidc_cold_login_refresh   [  27% ] 01/13 VUs  08m13.0s/30m0s  8.00 iters/s

running (08m14.0s), 01/13 VUs, 3946 complete and 0 interrupted iterations
oidc_cold_login_refresh   [  27% ] 01/13 VUs  08m14.0s/30m0s  8.00 iters/s

running (08m15.0s), 01/13 VUs, 3954 complete and 0 interrupted iterations
oidc_cold_login_refresh   [  27% ] 01/13 VUs  08m15.0s/30m0s  8.00 iters/s

running (08m16.0s), 01/13 VUs, 3962 complete and 0 interrupted iterations
oidc_cold_login_refresh   [  28% ] 01/13 VUs  08m16.0s/30m0s  8.00 iters/s

running (08m17.0s), 01/13 VUs, 3970 complete and 0 interrupted iterations
oidc_cold_login_refresh   [  28% ] 01/13 VUs  08m17.0s/30m0s  8.00 iters/s

running (08m18.0s), 01/13 VUs, 3978 complete and 0 interrupted iterations
oidc_cold_login_refresh   [  28% ] 01/13 VUs  08m18.0s/30m0s  8.00 iters/s

running (08m19.0s), 01/13 VUs, 3986 complete and 0 interrupted iterations
oidc_cold_login_refresh   [  28% ] 01/13 VUs  08m19.0s/30m0s  8.00 iters/s

running (08m20.0s), 01/13 VUs, 3994 complete and 0 interrupted iterations
oidc_cold_login_refresh   [  28% ] 01/13 VUs  08m20.0s/30m0s  8.00 iters/s

running (08m21.0s), 01/13 VUs, 4002 complete and 0 interrupted iterations
oidc_cold_login_refresh   [  28% ] 01/13 VUs  08m21.0s/30m0s  8.00 iters/s

running (08m22.0s), 01/13 VUs, 4010 complete and 0 interrupted iterations
oidc_cold_login_refresh   [  28% ] 01/13 VUs  08m22.0s/30m0s  8.00 iters/s

running (08m23.0s), 01/13 VUs, 4018 complete and 0 interrupted iterations
oidc_cold_login_refresh   [  28% ] 01/13 VUs  08m23.0s/30m0s  8.00 iters/s

running (08m24.0s), 01/13 VUs, 4026 complete and 0 interrupted iterations
oidc_cold_login_refresh   [  28% ] 01/13 VUs  08m24.0s/30m0s  8.00 iters/s

running (08m25.0s), 01/13 VUs, 4034 complete and 0 interrupted iterations
oidc_cold_login_refresh   [  28% ] 01/13 VUs  08m25.0s/30m0s  8.00 iters/s

running (08m26.0s), 03/13 VUs, 4040 complete and 0 interrupted iterations
oidc_cold_login_refresh   [  28% ] 03/13 VUs  08m26.0s/30m0s  8.00 iters/s

running (08m27.0s), 01/13 VUs, 4050 complete and 0 interrupted iterations
oidc_cold_login_refresh   [  28% ] 01/13 VUs  08m27.0s/30m0s  8.00 iters/s

running (08m28.0s), 02/13 VUs, 4057 complete and 0 interrupted iterations
oidc_cold_login_refresh   [  28% ] 02/13 VUs  08m28.0s/30m0s  8.00 iters/s

running (08m29.0s), 01/13 VUs, 4066 complete and 0 interrupted iterations
oidc_cold_login_refresh   [  28% ] 01/13 VUs  08m29.0s/30m0s  8.00 iters/s

running (08m30.0s), 01/13 VUs, 4074 complete and 0 interrupted iterations
oidc_cold_login_refresh   [  28% ] 01/13 VUs  08m30.0s/30m0s  8.00 iters/s

running (08m31.0s), 02/13 VUs, 4081 complete and 0 interrupted iterations
oidc_cold_login_refresh   [  28% ] 02/13 VUs  08m31.0s/30m0s  8.00 iters/s

running (08m32.0s), 03/13 VUs, 4088 complete and 0 interrupted iterations
oidc_cold_login_refresh   [  28% ] 03/13 VUs  08m32.0s/30m0s  8.00 iters/s

running (08m33.0s), 01/13 VUs, 4098 complete and 0 interrupted iterations
oidc_cold_login_refresh   [  28% ] 01/13 VUs  08m33.0s/30m0s  8.00 iters/s

running (08m34.0s), 01/13 VUs, 4106 complete and 0 interrupted iterations
oidc_cold_login_refresh   [  29% ] 01/13 VUs  08m34.0s/30m0s  8.00 iters/s

running (08m35.0s), 01/13 VUs, 4114 complete and 0 interrupted iterations
oidc_cold_login_refresh   [  29% ] 01/13 VUs  08m35.0s/30m0s  8.00 iters/s

running (08m36.0s), 01/13 VUs, 4122 complete and 0 interrupted iterations
oidc_cold_login_refresh   [  29% ] 01/13 VUs  08m36.0s/30m0s  8.00 iters/s

running (08m37.0s), 01/13 VUs, 4130 complete and 0 interrupted iterations
oidc_cold_login_refresh   [  29% ] 01/13 VUs  08m37.0s/30m0s  8.00 iters/s

running (08m38.0s), 01/13 VUs, 4138 complete and 0 interrupted iterations
oidc_cold_login_refresh   [  29% ] 01/13 VUs  08m38.0s/30m0s  8.00 iters/s

running (08m39.0s), 01/13 VUs, 4146 complete and 0 interrupted iterations
oidc_cold_login_refresh   [  29% ] 01/13 VUs  08m39.0s/30m0s  8.00 iters/s

running (08m40.0s), 01/13 VUs, 4154 complete and 0 interrupted iterations
oidc_cold_login_refresh   [  29% ] 01/13 VUs  08m40.0s/30m0s  8.00 iters/s

running (08m41.0s), 02/13 VUs, 4161 complete and 0 interrupted iterations
oidc_cold_login_refresh   [  29% ] 02/13 VUs  08m41.0s/30m0s  8.00 iters/s

running (08m42.0s), 01/13 VUs, 4170 complete and 0 interrupted iterations
oidc_cold_login_refresh   [  29% ] 01/13 VUs  08m42.0s/30m0s  8.00 iters/s

running (08m43.0s), 01/13 VUs, 4178 complete and 0 interrupted iterations
oidc_cold_login_refresh   [  29% ] 01/13 VUs  08m43.0s/30m0s  8.00 iters/s

running (08m44.0s), 01/13 VUs, 4186 complete and 0 interrupted iterations
oidc_cold_login_refresh   [  29% ] 01/13 VUs  08m44.0s/30m0s  8.00 iters/s

running (08m45.0s), 01/13 VUs, 4194 complete and 0 interrupted iterations
oidc_cold_login_refresh   [  29% ] 01/13 VUs  08m45.0s/30m0s  8.00 iters/s

running (08m46.0s), 02/13 VUs, 4201 complete and 0 interrupted iterations
oidc_cold_login_refresh   [  29% ] 02/13 VUs  08m46.0s/30m0s  8.00 iters/s

running (08m47.0s), 01/13 VUs, 4210 complete and 0 interrupted iterations
oidc_cold_login_refresh   [  29% ] 01/13 VUs  08m47.0s/30m0s  8.00 iters/s

running (08m48.0s), 01/13 VUs, 4218 complete and 0 interrupted iterations
oidc_cold_login_refresh   [  29% ] 01/13 VUs  08m48.0s/30m0s  8.00 iters/s

running (08m49.0s), 01/13 VUs, 4226 complete and 0 interrupted iterations
oidc_cold_login_refresh   [  29% ] 01/13 VUs  08m49.0s/30m0s  8.00 iters/s

running (08m50.0s), 01/13 VUs, 4234 complete and 0 interrupted iterations
oidc_cold_login_refresh   [  29% ] 01/13 VUs  08m50.0s/30m0s  8.00 iters/s

running (08m51.0s), 01/13 VUs, 4242 complete and 0 interrupted iterations
oidc_cold_login_refresh   [  29% ] 01/13 VUs  08m51.0s/30m0s  8.00 iters/s

running (08m52.0s), 01/13 VUs, 4250 complete and 0 interrupted iterations
oidc_cold_login_refresh   [  30% ] 01/13 VUs  08m52.0s/30m0s  8.00 iters/s

running (08m53.0s), 01/13 VUs, 4258 complete and 0 interrupted iterations
oidc_cold_login_refresh   [  30% ] 01/13 VUs  08m53.0s/30m0s  8.00 iters/s

running (08m54.0s), 01/13 VUs, 4266 complete and 0 interrupted iterations
oidc_cold_login_refresh   [  30% ] 01/13 VUs  08m54.0s/30m0s  8.00 iters/s

running (08m55.0s), 01/13 VUs, 4274 complete and 0 interrupted iterations
oidc_cold_login_refresh   [  30% ] 01/13 VUs  08m55.0s/30m0s  8.00 iters/s

running (08m56.0s), 01/13 VUs, 4282 complete and 0 interrupted iterations
oidc_cold_login_refresh   [  30% ] 01/13 VUs  08m56.0s/30m0s  8.00 iters/s

running (08m57.0s), 01/13 VUs, 4290 complete and 0 interrupted iterations
oidc_cold_login_refresh   [  30% ] 01/13 VUs  08m57.0s/30m0s  8.00 iters/s

running (08m58.0s), 01/13 VUs, 4298 complete and 0 interrupted iterations
oidc_cold_login_refresh   [  30% ] 01/13 VUs  08m58.0s/30m0s  8.00 iters/s

running (08m59.0s), 01/13 VUs, 4306 complete and 0 interrupted iterations
oidc_cold_login_refresh   [  30% ] 01/13 VUs  08m59.0s/30m0s  8.00 iters/s

running (09m00.0s), 01/13 VUs, 4314 complete and 0 interrupted iterations
oidc_cold_login_refresh   [  30% ] 01/13 VUs  09m00.0s/30m0s  8.00 iters/s

running (09m01.0s), 01/13 VUs, 4322 complete and 0 interrupted iterations
oidc_cold_login_refresh   [  30% ] 01/13 VUs  09m01.0s/30m0s  8.00 iters/s

running (09m02.0s), 01/13 VUs, 4330 complete and 0 interrupted iterations
oidc_cold_login_refresh   [  30% ] 01/13 VUs  09m02.0s/30m0s  8.00 iters/s

running (09m03.0s), 01/13 VUs, 4338 complete and 0 interrupted iterations
oidc_cold_login_refresh   [  30% ] 01/13 VUs  09m03.0s/30m0s  8.00 iters/s

running (09m04.0s), 01/13 VUs, 4346 complete and 0 interrupted iterations
oidc_cold_login_refresh   [  30% ] 01/13 VUs  09m04.0s/30m0s  8.00 iters/s

running (09m05.0s), 01/13 VUs, 4354 complete and 0 interrupted iterations
oidc_cold_login_refresh   [  30% ] 01/13 VUs  09m05.0s/30m0s  8.00 iters/s

running (09m06.0s), 04/13 VUs, 4359 complete and 0 interrupted iterations
oidc_cold_login_refresh   [  30% ] 04/13 VUs  09m06.0s/30m0s  8.00 iters/s

running (09m07.0s), 01/13 VUs, 4370 complete and 0 interrupted iterations
oidc_cold_login_refresh   [  30% ] 01/13 VUs  09m07.0s/30m0s  8.00 iters/s

running (09m08.0s), 01/13 VUs, 4378 complete and 0 interrupted iterations
oidc_cold_login_refresh   [  30% ] 01/13 VUs  09m08.0s/30m0s  8.00 iters/s

running (09m09.0s), 01/13 VUs, 4386 complete and 0 interrupted iterations
oidc_cold_login_refresh   [  30% ] 01/13 VUs  09m09.0s/30m0s  8.00 iters/s

running (09m10.0s), 01/13 VUs, 4394 complete and 0 interrupted iterations
oidc_cold_login_refresh   [  31% ] 01/13 VUs  09m10.0s/30m0s  8.00 iters/s

running (09m11.0s), 01/13 VUs, 4402 complete and 0 interrupted iterations
oidc_cold_login_refresh   [  31% ] 01/13 VUs  09m11.0s/30m0s  8.00 iters/s

running (09m12.0s), 01/13 VUs, 4410 complete and 0 interrupted iterations
oidc_cold_login_refresh   [  31% ] 01/13 VUs  09m12.0s/30m0s  8.00 iters/s

running (09m13.0s), 01/13 VUs, 4418 complete and 0 interrupted iterations
oidc_cold_login_refresh   [  31% ] 01/13 VUs  09m13.0s/30m0s  8.00 iters/s

running (09m14.0s), 01/13 VUs, 4426 complete and 0 interrupted iterations
oidc_cold_login_refresh   [  31% ] 01/13 VUs  09m14.0s/30m0s  8.00 iters/s

running (09m15.0s), 01/13 VUs, 4434 complete and 0 interrupted iterations
oidc_cold_login_refresh   [  31% ] 01/13 VUs  09m15.0s/30m0s  8.00 iters/s

running (09m16.0s), 01/13 VUs, 4442 complete and 0 interrupted iterations
oidc_cold_login_refresh   [  31% ] 01/13 VUs  09m16.0s/30m0s  8.00 iters/s

running (09m17.0s), 01/13 VUs, 4450 complete and 0 interrupted iterations
oidc_cold_login_refresh   [  31% ] 01/13 VUs  09m17.0s/30m0s  8.00 iters/s

running (09m18.0s), 01/13 VUs, 4458 complete and 0 interrupted iterations
oidc_cold_login_refresh   [  31% ] 01/13 VUs  09m18.0s/30m0s  8.00 iters/s

running (09m19.0s), 01/13 VUs, 4466 complete and 0 interrupted iterations
oidc_cold_login_refresh   [  31% ] 01/13 VUs  09m19.0s/30m0s  8.00 iters/s

running (09m20.0s), 01/13 VUs, 4474 complete and 0 interrupted iterations
oidc_cold_login_refresh   [  31% ] 01/13 VUs  09m20.0s/30m0s  8.00 iters/s

running (09m21.0s), 01/13 VUs, 4482 complete and 0 interrupted iterations
oidc_cold_login_refresh   [  31% ] 01/13 VUs  09m21.0s/30m0s  8.00 iters/s

running (09m22.0s), 01/13 VUs, 4490 complete and 0 interrupted iterations
oidc_cold_login_refresh   [  31% ] 01/13 VUs  09m22.0s/30m0s  8.00 iters/s

running (09m23.0s), 01/13 VUs, 4498 complete and 0 interrupted iterations
oidc_cold_login_refresh   [  31% ] 01/13 VUs  09m23.0s/30m0s  8.00 iters/s

running (09m24.0s), 01/13 VUs, 4506 complete and 0 interrupted iterations
oidc_cold_login_refresh   [  31% ] 01/13 VUs  09m24.0s/30m0s  8.00 iters/s

running (09m25.0s), 01/13 VUs, 4514 complete and 0 interrupted iterations
oidc_cold_login_refresh   [  31% ] 01/13 VUs  09m25.0s/30m0s  8.00 iters/s

running (09m26.0s), 03/13 VUs, 4520 complete and 0 interrupted iterations
oidc_cold_login_refresh   [  31% ] 03/13 VUs  09m26.0s/30m0s  8.00 iters/s

running (09m27.0s), 01/13 VUs, 4530 complete and 0 interrupted iterations
oidc_cold_login_refresh   [  31% ] 01/13 VUs  09m27.0s/30m0s  8.00 iters/s

running (09m28.0s), 01/13 VUs, 4538 complete and 0 interrupted iterations
oidc_cold_login_refresh   [  32% ] 01/13 VUs  09m28.0s/30m0s  8.00 iters/s

running (09m29.0s), 01/13 VUs, 4546 complete and 0 interrupted iterations
oidc_cold_login_refresh   [  32% ] 01/13 VUs  09m29.0s/30m0s  8.00 iters/s

running (09m30.0s), 01/13 VUs, 4554 complete and 0 interrupted iterations
oidc_cold_login_refresh   [  32% ] 01/13 VUs  09m30.0s/30m0s  8.00 iters/s

running (09m31.0s), 01/13 VUs, 4562 complete and 0 interrupted iterations
oidc_cold_login_refresh   [  32% ] 01/13 VUs  09m31.0s/30m0s  8.00 iters/s

running (09m32.0s), 01/13 VUs, 4570 complete and 0 interrupted iterations
oidc_cold_login_refresh   [  32% ] 01/13 VUs  09m32.0s/30m0s  8.00 iters/s

running (09m33.0s), 01/13 VUs, 4578 complete and 0 interrupted iterations
oidc_cold_login_refresh   [  32% ] 01/13 VUs  09m33.0s/30m0s  8.00 iters/s

running (09m34.0s), 01/13 VUs, 4586 complete and 0 interrupted iterations
oidc_cold_login_refresh   [  32% ] 01/13 VUs  09m34.0s/30m0s  8.00 iters/s

running (09m35.0s), 01/13 VUs, 4594 complete and 0 interrupted iterations
oidc_cold_login_refresh   [  32% ] 01/13 VUs  09m35.0s/30m0s  8.00 iters/s

running (09m36.0s), 01/13 VUs, 4602 complete and 0 interrupted iterations
oidc_cold_login_refresh   [  32% ] 01/13 VUs  09m36.0s/30m0s  8.00 iters/s

running (09m37.0s), 01/13 VUs, 4610 complete and 0 interrupted iterations
oidc_cold_login_refresh   [  32% ] 01/13 VUs  09m37.0s/30m0s  8.00 iters/s

running (09m38.0s), 01/13 VUs, 4618 complete and 0 interrupted iterations
oidc_cold_login_refresh   [  32% ] 01/13 VUs  09m38.0s/30m0s  8.00 iters/s

running (09m39.0s), 01/13 VUs, 4626 complete and 0 interrupted iterations
oidc_cold_login_refresh   [  32% ] 01/13 VUs  09m39.0s/30m0s  8.00 iters/s

running (09m40.0s), 01/13 VUs, 4634 complete and 0 interrupted iterations
oidc_cold_login_refresh   [  32% ] 01/13 VUs  09m40.0s/30m0s  8.00 iters/s

running (09m41.0s), 01/13 VUs, 4642 complete and 0 interrupted iterations
oidc_cold_login_refresh   [  32% ] 01/13 VUs  09m41.0s/30m0s  8.00 iters/s

running (09m42.0s), 01/13 VUs, 4650 complete and 0 interrupted iterations
oidc_cold_login_refresh   [  32% ] 01/13 VUs  09m42.0s/30m0s  8.00 iters/s

running (09m43.0s), 01/13 VUs, 4658 complete and 0 interrupted iterations
oidc_cold_login_refresh   [  32% ] 01/13 VUs  09m43.0s/30m0s  8.00 iters/s

running (09m44.0s), 01/13 VUs, 4666 complete and 0 interrupted iterations
oidc_cold_login_refresh   [  32% ] 01/13 VUs  09m44.0s/30m0s  8.00 iters/s

running (09m45.0s), 02/13 VUs, 4673 complete and 0 interrupted iterations
oidc_cold_login_refresh   [  32% ] 02/13 VUs  09m45.0s/30m0s  8.00 iters/s

running (09m46.0s), 01/13 VUs, 4682 complete and 0 interrupted iterations
oidc_cold_login_refresh   [  33% ] 01/13 VUs  09m46.0s/30m0s  8.00 iters/s

running (09m47.0s), 02/13 VUs, 4689 complete and 0 interrupted iterations
oidc_cold_login_refresh   [  33% ] 02/13 VUs  09m47.0s/30m0s  8.00 iters/s

running (09m48.0s), 01/13 VUs, 4698 complete and 0 interrupted iterations
oidc_cold_login_refresh   [  33% ] 01/13 VUs  09m48.0s/30m0s  8.00 iters/s

running (09m49.0s), 01/13 VUs, 4706 complete and 0 interrupted iterations
oidc_cold_login_refresh   [  33% ] 01/13 VUs  09m49.0s/30m0s  8.00 iters/s

running (09m50.0s), 01/13 VUs, 4714 complete and 0 interrupted iterations
oidc_cold_login_refresh   [  33% ] 01/13 VUs  09m50.0s/30m0s  8.00 iters/s

running (09m51.0s), 01/13 VUs, 4722 complete and 0 interrupted iterations
oidc_cold_login_refresh   [  33% ] 01/13 VUs  09m51.0s/30m0s  8.00 iters/s

running (09m52.0s), 01/13 VUs, 4730 complete and 0 interrupted iterations
oidc_cold_login_refresh   [  33% ] 01/13 VUs  09m52.0s/30m0s  8.00 iters/s

running (09m53.0s), 01/13 VUs, 4738 complete and 0 interrupted iterations
oidc_cold_login_refresh   [  33% ] 01/13 VUs  09m53.0s/30m0s  8.00 iters/s

running (09m54.0s), 01/13 VUs, 4746 complete and 0 interrupted iterations
oidc_cold_login_refresh   [  33% ] 01/13 VUs  09m54.0s/30m0s  8.00 iters/s

running (09m55.0s), 01/13 VUs, 4754 complete and 0 interrupted iterations
oidc_cold_login_refresh   [  33% ] 01/13 VUs  09m55.0s/30m0s  8.00 iters/s

running (09m56.0s), 01/13 VUs, 4762 complete and 0 interrupted iterations
oidc_cold_login_refresh   [  33% ] 01/13 VUs  09m56.0s/30m0s  8.00 iters/s

running (09m57.0s), 01/13 VUs, 4770 complete and 0 interrupted iterations
oidc_cold_login_refresh   [  33% ] 01/13 VUs  09m57.0s/30m0s  8.00 iters/s

running (09m58.0s), 01/13 VUs, 4778 complete and 0 interrupted iterations
oidc_cold_login_refresh   [  33% ] 01/13 VUs  09m58.0s/30m0s  8.00 iters/s

running (09m59.0s), 02/13 VUs, 4785 complete and 0 interrupted iterations
oidc_cold_login_refresh   [  33% ] 02/13 VUs  09m59.0s/30m0s  8.00 iters/s

running (10m00.0s), 01/13 VUs, 4794 complete and 0 interrupted iterations
oidc_cold_login_refresh   [  33% ] 01/13 VUs  10m00.0s/30m0s  8.00 iters/s

running (10m01.0s), 01/13 VUs, 4802 complete and 0 interrupted iterations
oidc_cold_login_refresh   [  33% ] 01/13 VUs  10m01.0s/30m0s  8.00 iters/s

running (10m02.0s), 01/13 VUs, 4810 complete and 0 interrupted iterations
oidc_cold_login_refresh   [  33% ] 01/13 VUs  10m02.0s/30m0s  8.00 iters/s

running (10m03.0s), 01/13 VUs, 4818 complete and 0 interrupted iterations
oidc_cold_login_refresh   [  33% ] 01/13 VUs  10m03.0s/30m0s  8.00 iters/s

running (10m04.0s), 01/13 VUs, 4826 complete and 0 interrupted iterations
oidc_cold_login_refresh   [  34% ] 01/13 VUs  10m04.0s/30m0s  8.00 iters/s

running (10m05.0s), 03/13 VUs, 4832 complete and 0 interrupted iterations
oidc_cold_login_refresh   [  34% ] 03/13 VUs  10m05.0s/30m0s  8.00 iters/s

running (10m06.0s), 01/13 VUs, 4842 complete and 0 interrupted iterations
oidc_cold_login_refresh   [  34% ] 01/13 VUs  10m06.0s/30m0s  8.00 iters/s

running (10m07.0s), 01/13 VUs, 4850 complete and 0 interrupted iterations
oidc_cold_login_refresh   [  34% ] 01/13 VUs  10m07.0s/30m0s  8.00 iters/s

running (10m08.0s), 01/13 VUs, 4858 complete and 0 interrupted iterations
oidc_cold_login_refresh   [  34% ] 01/13 VUs  10m08.0s/30m0s  8.00 iters/s

running (10m09.0s), 01/13 VUs, 4866 complete and 0 interrupted iterations
oidc_cold_login_refresh   [  34% ] 01/13 VUs  10m09.0s/30m0s  8.00 iters/s

running (10m10.0s), 01/13 VUs, 4874 complete and 0 interrupted iterations
oidc_cold_login_refresh   [  34% ] 01/13 VUs  10m10.0s/30m0s  8.00 iters/s

running (10m11.0s), 01/13 VUs, 4882 complete and 0 interrupted iterations
oidc_cold_login_refresh   [  34% ] 01/13 VUs  10m11.0s/30m0s  8.00 iters/s

running (10m12.0s), 01/13 VUs, 4890 complete and 0 interrupted iterations
oidc_cold_login_refresh   [  34% ] 01/13 VUs  10m12.0s/30m0s  8.00 iters/s

running (10m13.0s), 01/13 VUs, 4898 complete and 0 interrupted iterations
oidc_cold_login_refresh   [  34% ] 01/13 VUs  10m13.0s/30m0s  8.00 iters/s

running (10m14.0s), 01/13 VUs, 4906 complete and 0 interrupted iterations
oidc_cold_login_refresh   [  34% ] 01/13 VUs  10m14.0s/30m0s  8.00 iters/s

running (10m15.0s), 01/13 VUs, 4914 complete and 0 interrupted iterations
oidc_cold_login_refresh   [  34% ] 01/13 VUs  10m15.0s/30m0s  8.00 iters/s

running (10m16.0s), 01/13 VUs, 4922 complete and 0 interrupted iterations
oidc_cold_login_refresh   [  34% ] 01/13 VUs  10m16.0s/30m0s  8.00 iters/s

running (10m17.0s), 01/13 VUs, 4930 complete and 0 interrupted iterations
oidc_cold_login_refresh   [  34% ] 01/13 VUs  10m17.0s/30m0s  8.00 iters/s

running (10m18.0s), 02/13 VUs, 4937 complete and 0 interrupted iterations
oidc_cold_login_refresh   [  34% ] 02/13 VUs  10m18.0s/30m0s  8.00 iters/s

running (10m19.0s), 01/13 VUs, 4946 complete and 0 interrupted iterations
oidc_cold_login_refresh   [  34% ] 01/13 VUs  10m19.0s/30m0s  8.00 iters/s

running (10m20.0s), 01/13 VUs, 4954 complete and 0 interrupted iterations
oidc_cold_login_refresh   [  34% ] 01/13 VUs  10m20.0s/30m0s  8.00 iters/s

running (10m21.0s), 01/13 VUs, 4962 complete and 0 interrupted iterations
oidc_cold_login_refresh   [  34% ] 01/13 VUs  10m21.0s/30m0s  8.00 iters/s

running (10m22.0s), 01/13 VUs, 4970 complete and 0 interrupted iterations
oidc_cold_login_refresh   [  35% ] 01/13 VUs  10m22.0s/30m0s  8.00 iters/s

running (10m23.0s), 01/13 VUs, 4978 complete and 0 interrupted iterations
oidc_cold_login_refresh   [  35% ] 01/13 VUs  10m23.0s/30m0s  8.00 iters/s

running (10m24.0s), 04/13 VUs, 4983 complete and 0 interrupted iterations
oidc_cold_login_refresh   [  35% ] 04/13 VUs  10m24.0s/30m0s  8.00 iters/s

running (10m25.0s), 01/13 VUs, 4994 complete and 0 interrupted iterations
oidc_cold_login_refresh   [  35% ] 01/13 VUs  10m25.0s/30m0s  8.00 iters/s

running (10m26.0s), 01/13 VUs, 5002 complete and 0 interrupted iterations
oidc_cold_login_refresh   [  35% ] 01/13 VUs  10m26.0s/30m0s  8.00 iters/s

running (10m27.0s), 01/13 VUs, 5010 complete and 0 interrupted iterations
oidc_cold_login_refresh   [  35% ] 01/13 VUs  10m27.0s/30m0s  8.00 iters/s

running (10m28.0s), 01/13 VUs, 5018 complete and 0 interrupted iterations
oidc_cold_login_refresh   [  35% ] 01/13 VUs  10m28.0s/30m0s  8.00 iters/s

running (10m29.0s), 01/13 VUs, 5026 complete and 0 interrupted iterations
oidc_cold_login_refresh   [  35% ] 01/13 VUs  10m29.0s/30m0s  8.00 iters/s

running (10m30.0s), 01/13 VUs, 5034 complete and 0 interrupted iterations
oidc_cold_login_refresh   [  35% ] 01/13 VUs  10m30.0s/30m0s  8.00 iters/s

running (10m31.0s), 01/13 VUs, 5042 complete and 0 interrupted iterations
oidc_cold_login_refresh   [  35% ] 01/13 VUs  10m31.0s/30m0s  8.00 iters/s

running (10m32.0s), 01/13 VUs, 5050 complete and 0 interrupted iterations
oidc_cold_login_refresh   [  35% ] 01/13 VUs  10m32.0s/30m0s  8.00 iters/s

running (10m33.0s), 01/13 VUs, 5058 complete and 0 interrupted iterations
oidc_cold_login_refresh   [  35% ] 01/13 VUs  10m33.0s/30m0s  8.00 iters/s

running (10m34.0s), 01/13 VUs, 5066 complete and 0 interrupted iterations
oidc_cold_login_refresh   [  35% ] 01/13 VUs  10m34.0s/30m0s  8.00 iters/s

running (10m35.0s), 01/13 VUs, 5074 complete and 0 interrupted iterations
oidc_cold_login_refresh   [  35% ] 01/13 VUs  10m35.0s/30m0s  8.00 iters/s

running (10m36.0s), 01/13 VUs, 5082 complete and 0 interrupted iterations
oidc_cold_login_refresh   [  35% ] 01/13 VUs  10m36.0s/30m0s  8.00 iters/s

running (10m37.0s), 01/13 VUs, 5090 complete and 0 interrupted iterations
oidc_cold_login_refresh   [  35% ] 01/13 VUs  10m37.0s/30m0s  8.00 iters/s

running (10m38.0s), 01/13 VUs, 5098 complete and 0 interrupted iterations
oidc_cold_login_refresh   [  35% ] 01/13 VUs  10m38.0s/30m0s  8.00 iters/s

running (10m39.0s), 01/13 VUs, 5106 complete and 0 interrupted iterations
oidc_cold_login_refresh   [  35% ] 01/13 VUs  10m39.0s/30m0s  8.00 iters/s

running (10m40.0s), 01/13 VUs, 5114 complete and 0 interrupted iterations
oidc_cold_login_refresh   [  36% ] 01/13 VUs  10m40.0s/30m0s  8.00 iters/s

running (10m41.0s), 01/13 VUs, 5122 complete and 0 interrupted iterations
oidc_cold_login_refresh   [  36% ] 01/13 VUs  10m41.0s/30m0s  8.00 iters/s

running (10m42.0s), 01/13 VUs, 5130 complete and 0 interrupted iterations
oidc_cold_login_refresh   [  36% ] 01/13 VUs  10m42.0s/30m0s  8.00 iters/s

running (10m43.0s), 01/13 VUs, 5138 complete and 0 interrupted iterations
oidc_cold_login_refresh   [  36% ] 01/13 VUs  10m43.0s/30m0s  8.00 iters/s

running (10m44.0s), 01/13 VUs, 5146 complete and 0 interrupted iterations
oidc_cold_login_refresh   [  36% ] 01/13 VUs  10m44.0s/30m0s  8.00 iters/s

running (10m45.0s), 01/13 VUs, 5154 complete and 0 interrupted iterations
oidc_cold_login_refresh   [  36% ] 01/13 VUs  10m45.0s/30m0s  8.00 iters/s

running (10m46.0s), 01/13 VUs, 5162 complete and 0 interrupted iterations
oidc_cold_login_refresh   [  36% ] 01/13 VUs  10m46.0s/30m0s  8.00 iters/s

running (10m47.0s), 01/13 VUs, 5170 complete and 0 interrupted iterations
oidc_cold_login_refresh   [  36% ] 01/13 VUs  10m47.0s/30m0s  8.00 iters/s

running (10m48.0s), 01/13 VUs, 5178 complete and 0 interrupted iterations
oidc_cold_login_refresh   [  36% ] 01/13 VUs  10m48.0s/30m0s  8.00 iters/s

running (10m49.0s), 01/13 VUs, 5186 complete and 0 interrupted iterations
oidc_cold_login_refresh   [  36% ] 01/13 VUs  10m49.0s/30m0s  8.00 iters/s

running (10m50.0s), 01/13 VUs, 5194 complete and 0 interrupted iterations
oidc_cold_login_refresh   [  36% ] 01/13 VUs  10m50.0s/30m0s  8.00 iters/s

running (10m51.0s), 01/13 VUs, 5202 complete and 0 interrupted iterations
oidc_cold_login_refresh   [  36% ] 01/13 VUs  10m51.0s/30m0s  8.00 iters/s

running (10m52.0s), 01/13 VUs, 5210 complete and 0 interrupted iterations
oidc_cold_login_refresh   [  36% ] 01/13 VUs  10m52.0s/30m0s  8.00 iters/s

running (10m53.0s), 01/13 VUs, 5218 complete and 0 interrupted iterations
oidc_cold_login_refresh   [  36% ] 01/13 VUs  10m53.0s/30m0s  8.00 iters/s

running (10m54.0s), 02/13 VUs, 5225 complete and 0 interrupted iterations
oidc_cold_login_refresh   [  36% ] 02/13 VUs  10m54.0s/30m0s  8.00 iters/s

running (10m55.0s), 01/13 VUs, 5234 complete and 0 interrupted iterations
oidc_cold_login_refresh   [  36% ] 01/13 VUs  10m55.0s/30m0s  8.00 iters/s

running (10m56.0s), 01/13 VUs, 5242 complete and 0 interrupted iterations
oidc_cold_login_refresh   [  36% ] 01/13 VUs  10m56.0s/30m0s  8.00 iters/s

running (10m57.0s), 01/13 VUs, 5250 complete and 0 interrupted iterations
oidc_cold_login_refresh   [  36% ] 01/13 VUs  10m57.0s/30m0s  8.00 iters/s

running (10m58.0s), 01/13 VUs, 5258 complete and 0 interrupted iterations
oidc_cold_login_refresh   [  37% ] 01/13 VUs  10m58.0s/30m0s  8.00 iters/s

running (10m59.0s), 01/13 VUs, 5266 complete and 0 interrupted iterations
oidc_cold_login_refresh   [  37% ] 01/13 VUs  10m59.0s/30m0s  8.00 iters/s

running (11m00.0s), 01/13 VUs, 5274 complete and 0 interrupted iterations
oidc_cold_login_refresh   [  37% ] 01/13 VUs  11m00.0s/30m0s  8.00 iters/s

running (11m01.0s), 01/13 VUs, 5282 complete and 0 interrupted iterations
oidc_cold_login_refresh   [  37% ] 01/13 VUs  11m01.0s/30m0s  8.00 iters/s

running (11m02.0s), 01/13 VUs, 5290 complete and 0 interrupted iterations
oidc_cold_login_refresh   [  37% ] 01/13 VUs  11m02.0s/30m0s  8.00 iters/s

running (11m03.0s), 01/13 VUs, 5298 complete and 0 interrupted iterations
oidc_cold_login_refresh   [  37% ] 01/13 VUs  11m03.0s/30m0s  8.00 iters/s

running (11m04.0s), 01/13 VUs, 5306 complete and 0 interrupted iterations
oidc_cold_login_refresh   [  37% ] 01/13 VUs  11m04.0s/30m0s  8.00 iters/s

running (11m05.0s), 01/13 VUs, 5314 complete and 0 interrupted iterations
oidc_cold_login_refresh   [  37% ] 01/13 VUs  11m05.0s/30m0s  8.00 iters/s

running (11m06.0s), 01/13 VUs, 5322 complete and 0 interrupted iterations
oidc_cold_login_refresh   [  37% ] 01/13 VUs  11m06.0s/30m0s  8.00 iters/s

running (11m07.0s), 01/13 VUs, 5330 complete and 0 interrupted iterations
oidc_cold_login_refresh   [  37% ] 01/13 VUs  11m07.0s/30m0s  8.00 iters/s

running (11m08.0s), 01/13 VUs, 5338 complete and 0 interrupted iterations
oidc_cold_login_refresh   [  37% ] 01/13 VUs  11m08.0s/30m0s  8.00 iters/s

running (11m09.0s), 01/13 VUs, 5346 complete and 0 interrupted iterations
oidc_cold_login_refresh   [  37% ] 01/13 VUs  11m09.0s/30m0s  8.00 iters/s

running (11m10.0s), 01/13 VUs, 5354 complete and 0 interrupted iterations
oidc_cold_login_refresh   [  37% ] 01/13 VUs  11m10.0s/30m0s  8.00 iters/s

running (11m11.0s), 01/13 VUs, 5362 complete and 0 interrupted iterations
oidc_cold_login_refresh   [  37% ] 01/13 VUs  11m11.0s/30m0s  8.00 iters/s

running (11m12.0s), 01/13 VUs, 5370 complete and 0 interrupted iterations
oidc_cold_login_refresh   [  37% ] 01/13 VUs  11m12.0s/30m0s  8.00 iters/s

running (11m13.0s), 01/13 VUs, 5378 complete and 0 interrupted iterations
oidc_cold_login_refresh   [  37% ] 01/13 VUs  11m13.0s/30m0s  8.00 iters/s

running (11m14.0s), 01/13 VUs, 5386 complete and 0 interrupted iterations
oidc_cold_login_refresh   [  37% ] 01/13 VUs  11m14.0s/30m0s  8.00 iters/s

running (11m15.0s), 01/13 VUs, 5394 complete and 0 interrupted iterations
oidc_cold_login_refresh   [  37% ] 01/13 VUs  11m15.0s/30m0s  8.00 iters/s

running (11m16.0s), 01/13 VUs, 5402 complete and 0 interrupted iterations
oidc_cold_login_refresh   [  38% ] 01/13 VUs  11m16.0s/30m0s  8.00 iters/s

running (11m17.0s), 01/13 VUs, 5410 complete and 0 interrupted iterations
oidc_cold_login_refresh   [  38% ] 01/13 VUs  11m17.0s/30m0s  8.00 iters/s

running (11m18.0s), 01/13 VUs, 5418 complete and 0 interrupted iterations
oidc_cold_login_refresh   [  38% ] 01/13 VUs  11m18.0s/30m0s  8.00 iters/s

running (11m19.0s), 01/13 VUs, 5426 complete and 0 interrupted iterations
oidc_cold_login_refresh   [  38% ] 01/13 VUs  11m19.0s/30m0s  8.00 iters/s

running (11m20.0s), 01/13 VUs, 5434 complete and 0 interrupted iterations
oidc_cold_login_refresh   [  38% ] 01/13 VUs  11m20.0s/30m0s  8.00 iters/s

running (11m21.0s), 01/13 VUs, 5442 complete and 0 interrupted iterations
oidc_cold_login_refresh   [  38% ] 01/13 VUs  11m21.0s/30m0s  8.00 iters/s

running (11m22.0s), 01/13 VUs, 5450 complete and 0 interrupted iterations
oidc_cold_login_refresh   [  38% ] 01/13 VUs  11m22.0s/30m0s  8.00 iters/s

running (11m23.0s), 01/13 VUs, 5458 complete and 0 interrupted iterations
oidc_cold_login_refresh   [  38% ] 01/13 VUs  11m23.0s/30m0s  8.00 iters/s

running (11m24.0s), 01/13 VUs, 5466 complete and 0 interrupted iterations
oidc_cold_login_refresh   [  38% ] 01/13 VUs  11m24.0s/30m0s  8.00 iters/s

running (11m25.0s), 01/13 VUs, 5474 complete and 0 interrupted iterations
oidc_cold_login_refresh   [  38% ] 01/13 VUs  11m25.0s/30m0s  8.00 iters/s

running (11m26.0s), 01/13 VUs, 5482 complete and 0 interrupted iterations
oidc_cold_login_refresh   [  38% ] 01/13 VUs  11m26.0s/30m0s  8.00 iters/s

running (11m27.0s), 01/13 VUs, 5490 complete and 0 interrupted iterations
oidc_cold_login_refresh   [  38% ] 01/13 VUs  11m27.0s/30m0s  8.00 iters/s

running (11m28.0s), 01/13 VUs, 5498 complete and 0 interrupted iterations
oidc_cold_login_refresh   [  38% ] 01/13 VUs  11m28.0s/30m0s  8.00 iters/s

running (11m29.0s), 01/13 VUs, 5506 complete and 0 interrupted iterations
oidc_cold_login_refresh   [  38% ] 01/13 VUs  11m29.0s/30m0s  8.00 iters/s

running (11m30.0s), 01/13 VUs, 5514 complete and 0 interrupted iterations
oidc_cold_login_refresh   [  38% ] 01/13 VUs  11m30.0s/30m0s  8.00 iters/s

running (11m31.0s), 01/13 VUs, 5522 complete and 0 interrupted iterations
oidc_cold_login_refresh   [  38% ] 01/13 VUs  11m31.0s/30m0s  8.00 iters/s

running (11m32.0s), 01/13 VUs, 5530 complete and 0 interrupted iterations
oidc_cold_login_refresh   [  38% ] 01/13 VUs  11m32.0s/30m0s  8.00 iters/s

running (11m33.0s), 01/13 VUs, 5538 complete and 0 interrupted iterations
oidc_cold_login_refresh   [  38% ] 01/13 VUs  11m33.0s/30m0s  8.00 iters/s

running (11m34.0s), 01/13 VUs, 5546 complete and 0 interrupted iterations
oidc_cold_login_refresh   [  39% ] 01/13 VUs  11m34.0s/30m0s  8.00 iters/s

running (11m35.0s), 01/13 VUs, 5554 complete and 0 interrupted iterations
oidc_cold_login_refresh   [  39% ] 01/13 VUs  11m35.0s/30m0s  8.00 iters/s

running (11m36.0s), 02/13 VUs, 5561 complete and 0 interrupted iterations
oidc_cold_login_refresh   [  39% ] 02/13 VUs  11m36.0s/30m0s  8.00 iters/s

running (11m37.0s), 01/13 VUs, 5570 complete and 0 interrupted iterations
oidc_cold_login_refresh   [  39% ] 01/13 VUs  11m37.0s/30m0s  8.00 iters/s

running (11m38.0s), 01/13 VUs, 5578 complete and 0 interrupted iterations
oidc_cold_login_refresh   [  39% ] 01/13 VUs  11m38.0s/30m0s  8.00 iters/s

running (11m39.0s), 01/13 VUs, 5586 complete and 0 interrupted iterations
oidc_cold_login_refresh   [  39% ] 01/13 VUs  11m39.0s/30m0s  8.00 iters/s

running (11m40.0s), 01/13 VUs, 5594 complete and 0 interrupted iterations
oidc_cold_login_refresh   [  39% ] 01/13 VUs  11m40.0s/30m0s  8.00 iters/s

running (11m41.0s), 01/13 VUs, 5602 complete and 0 interrupted iterations
oidc_cold_login_refresh   [  39% ] 01/13 VUs  11m41.0s/30m0s  8.00 iters/s

running (11m42.0s), 01/13 VUs, 5610 complete and 0 interrupted iterations
oidc_cold_login_refresh   [  39% ] 01/13 VUs  11m42.0s/30m0s  8.00 iters/s

running (11m43.0s), 01/13 VUs, 5618 complete and 0 interrupted iterations
oidc_cold_login_refresh   [  39% ] 01/13 VUs  11m43.0s/30m0s  8.00 iters/s

running (11m44.0s), 01/13 VUs, 5626 complete and 0 interrupted iterations
oidc_cold_login_refresh   [  39% ] 01/13 VUs  11m44.0s/30m0s  8.00 iters/s

running (11m45.0s), 01/13 VUs, 5634 complete and 0 interrupted iterations
oidc_cold_login_refresh   [  39% ] 01/13 VUs  11m45.0s/30m0s  8.00 iters/s

running (11m46.0s), 01/13 VUs, 5642 complete and 0 interrupted iterations
oidc_cold_login_refresh   [  39% ] 01/13 VUs  11m46.0s/30m0s  8.00 iters/s

running (11m47.0s), 01/13 VUs, 5650 complete and 0 interrupted iterations
oidc_cold_login_refresh   [  39% ] 01/13 VUs  11m47.0s/30m0s  8.00 iters/s

running (11m48.0s), 01/13 VUs, 5658 complete and 0 interrupted iterations
oidc_cold_login_refresh   [  39% ] 01/13 VUs  11m48.0s/30m0s  8.00 iters/s

running (11m49.0s), 01/13 VUs, 5666 complete and 0 interrupted iterations
oidc_cold_login_refresh   [  39% ] 01/13 VUs  11m49.0s/30m0s  8.00 iters/s

running (11m50.0s), 01/13 VUs, 5674 complete and 0 interrupted iterations
oidc_cold_login_refresh   [  39% ] 01/13 VUs  11m50.0s/30m0s  8.00 iters/s

running (11m51.0s), 01/13 VUs, 5682 complete and 0 interrupted iterations
oidc_cold_login_refresh   [  39% ] 01/13 VUs  11m51.0s/30m0s  8.00 iters/s

running (11m52.0s), 01/13 VUs, 5690 complete and 0 interrupted iterations
oidc_cold_login_refresh   [  40% ] 01/13 VUs  11m52.0s/30m0s  8.00 iters/s

running (11m53.0s), 01/13 VUs, 5698 complete and 0 interrupted iterations
oidc_cold_login_refresh   [  40% ] 01/13 VUs  11m53.0s/30m0s  8.00 iters/s

running (11m54.0s), 01/13 VUs, 5706 complete and 0 interrupted iterations
oidc_cold_login_refresh   [  40% ] 01/13 VUs  11m54.0s/30m0s  8.00 iters/s

running (11m55.0s), 01/13 VUs, 5714 complete and 0 interrupted iterations
oidc_cold_login_refresh   [  40% ] 01/13 VUs  11m55.0s/30m0s  8.00 iters/s

running (11m56.0s), 01/13 VUs, 5722 complete and 0 interrupted iterations
oidc_cold_login_refresh   [  40% ] 01/13 VUs  11m56.0s/30m0s  8.00 iters/s

running (11m57.0s), 01/13 VUs, 5730 complete and 0 interrupted iterations
oidc_cold_login_refresh   [  40% ] 01/13 VUs  11m57.0s/30m0s  8.00 iters/s

running (11m58.0s), 01/13 VUs, 5738 complete and 0 interrupted iterations
oidc_cold_login_refresh   [  40% ] 01/13 VUs  11m58.0s/30m0s  8.00 iters/s

running (11m59.0s), 01/13 VUs, 5746 complete and 0 interrupted iterations
oidc_cold_login_refresh   [  40% ] 01/13 VUs  11m59.0s/30m0s  8.00 iters/s

running (12m00.0s), 01/13 VUs, 5754 complete and 0 interrupted iterations
oidc_cold_login_refresh   [  40% ] 01/13 VUs  12m00.0s/30m0s  8.00 iters/s

running (12m01.0s), 01/13 VUs, 5762 complete and 0 interrupted iterations
oidc_cold_login_refresh   [  40% ] 01/13 VUs  12m01.0s/30m0s  8.00 iters/s

running (12m02.0s), 01/13 VUs, 5770 complete and 0 interrupted iterations
oidc_cold_login_refresh   [  40% ] 01/13 VUs  12m02.0s/30m0s  8.00 iters/s

running (12m03.0s), 01/13 VUs, 5778 complete and 0 interrupted iterations
oidc_cold_login_refresh   [  40% ] 01/13 VUs  12m03.0s/30m0s  8.00 iters/s

running (12m04.0s), 01/13 VUs, 5786 complete and 0 interrupted iterations
oidc_cold_login_refresh   [  40% ] 01/13 VUs  12m04.0s/30m0s  8.00 iters/s

running (12m05.0s), 01/13 VUs, 5794 complete and 0 interrupted iterations
oidc_cold_login_refresh   [  40% ] 01/13 VUs  12m05.0s/30m0s  8.00 iters/s

running (12m06.0s), 01/13 VUs, 5802 complete and 0 interrupted iterations
oidc_cold_login_refresh   [  40% ] 01/13 VUs  12m06.0s/30m0s  8.00 iters/s

running (12m07.0s), 01/13 VUs, 5810 complete and 0 interrupted iterations
oidc_cold_login_refresh   [  40% ] 01/13 VUs  12m07.0s/30m0s  8.00 iters/s

running (12m08.0s), 01/13 VUs, 5818 complete and 0 interrupted iterations
oidc_cold_login_refresh   [  40% ] 01/13 VUs  12m08.0s/30m0s  8.00 iters/s

running (12m09.0s), 01/13 VUs, 5826 complete and 0 interrupted iterations
oidc_cold_login_refresh   [  40% ] 01/13 VUs  12m09.0s/30m0s  8.00 iters/s

running (12m10.0s), 01/13 VUs, 5834 complete and 0 interrupted iterations
oidc_cold_login_refresh   [  41% ] 01/13 VUs  12m10.0s/30m0s  8.00 iters/s

running (12m11.0s), 01/13 VUs, 5842 complete and 0 interrupted iterations
oidc_cold_login_refresh   [  41% ] 01/13 VUs  12m11.0s/30m0s  8.00 iters/s

running (12m12.0s), 01/13 VUs, 5850 complete and 0 interrupted iterations
oidc_cold_login_refresh   [  41% ] 01/13 VUs  12m12.0s/30m0s  8.00 iters/s

running (12m13.0s), 01/13 VUs, 5858 complete and 0 interrupted iterations
oidc_cold_login_refresh   [  41% ] 01/13 VUs  12m13.0s/30m0s  8.00 iters/s

running (12m14.0s), 01/13 VUs, 5866 complete and 0 interrupted iterations
oidc_cold_login_refresh   [  41% ] 01/13 VUs  12m14.0s/30m0s  8.00 iters/s

running (12m15.0s), 01/13 VUs, 5874 complete and 0 interrupted iterations
oidc_cold_login_refresh   [  41% ] 01/13 VUs  12m15.0s/30m0s  8.00 iters/s

running (12m16.0s), 01/13 VUs, 5882 complete and 0 interrupted iterations
oidc_cold_login_refresh   [  41% ] 01/13 VUs  12m16.0s/30m0s  8.00 iters/s

running (12m17.0s), 01/13 VUs, 5890 complete and 0 interrupted iterations
oidc_cold_login_refresh   [  41% ] 01/13 VUs  12m17.0s/30m0s  8.00 iters/s

running (12m18.0s), 01/13 VUs, 5898 complete and 0 interrupted iterations
oidc_cold_login_refresh   [  41% ] 01/13 VUs  12m18.0s/30m0s  8.00 iters/s

running (12m19.0s), 01/13 VUs, 5906 complete and 0 interrupted iterations
oidc_cold_login_refresh   [  41% ] 01/13 VUs  12m19.0s/30m0s  8.00 iters/s

running (12m20.0s), 01/13 VUs, 5914 complete and 0 interrupted iterations
oidc_cold_login_refresh   [  41% ] 01/13 VUs  12m20.0s/30m0s  8.00 iters/s

running (12m21.0s), 01/13 VUs, 5922 complete and 0 interrupted iterations
oidc_cold_login_refresh   [  41% ] 01/13 VUs  12m21.0s/30m0s  8.00 iters/s

running (12m22.0s), 01/13 VUs, 5930 complete and 0 interrupted iterations
oidc_cold_login_refresh   [  41% ] 01/13 VUs  12m22.0s/30m0s  8.00 iters/s

running (12m23.0s), 01/13 VUs, 5938 complete and 0 interrupted iterations
oidc_cold_login_refresh   [  41% ] 01/13 VUs  12m23.0s/30m0s  8.00 iters/s

running (12m24.0s), 01/13 VUs, 5946 complete and 0 interrupted iterations
oidc_cold_login_refresh   [  41% ] 01/13 VUs  12m24.0s/30m0s  8.00 iters/s

running (12m25.0s), 01/13 VUs, 5954 complete and 0 interrupted iterations
oidc_cold_login_refresh   [  41% ] 01/13 VUs  12m25.0s/30m0s  8.00 iters/s

running (12m26.0s), 01/13 VUs, 5962 complete and 0 interrupted iterations
oidc_cold_login_refresh   [  41% ] 01/13 VUs  12m26.0s/30m0s  8.00 iters/s

running (12m27.0s), 01/13 VUs, 5970 complete and 0 interrupted iterations
oidc_cold_login_refresh   [  41% ] 01/13 VUs  12m27.0s/30m0s  8.00 iters/s

running (12m28.0s), 01/13 VUs, 5978 complete and 0 interrupted iterations
oidc_cold_login_refresh   [  42% ] 01/13 VUs  12m28.0s/30m0s  8.00 iters/s

running (12m29.0s), 01/13 VUs, 5986 complete and 0 interrupted iterations
oidc_cold_login_refresh   [  42% ] 01/13 VUs  12m29.0s/30m0s  8.00 iters/s

running (12m30.0s), 01/13 VUs, 5994 complete and 0 interrupted iterations
oidc_cold_login_refresh   [  42% ] 01/13 VUs  12m30.0s/30m0s  8.00 iters/s

running (12m31.0s), 01/13 VUs, 6002 complete and 0 interrupted iterations
oidc_cold_login_refresh   [  42% ] 01/13 VUs  12m31.0s/30m0s  8.00 iters/s

running (12m32.0s), 01/13 VUs, 6010 complete and 0 interrupted iterations
oidc_cold_login_refresh   [  42% ] 01/13 VUs  12m32.0s/30m0s  8.00 iters/s

running (12m33.0s), 02/13 VUs, 6017 complete and 0 interrupted iterations
oidc_cold_login_refresh   [  42% ] 02/13 VUs  12m33.0s/30m0s  8.00 iters/s

running (12m34.0s), 01/13 VUs, 6026 complete and 0 interrupted iterations
oidc_cold_login_refresh   [  42% ] 01/13 VUs  12m34.0s/30m0s  8.00 iters/s

running (12m35.0s), 01/13 VUs, 6034 complete and 0 interrupted iterations
oidc_cold_login_refresh   [  42% ] 01/13 VUs  12m35.0s/30m0s  8.00 iters/s

running (12m36.0s), 01/13 VUs, 6042 complete and 0 interrupted iterations
oidc_cold_login_refresh   [  42% ] 01/13 VUs  12m36.0s/30m0s  8.00 iters/s

running (12m37.0s), 01/13 VUs, 6050 complete and 0 interrupted iterations
oidc_cold_login_refresh   [  42% ] 01/13 VUs  12m37.0s/30m0s  8.00 iters/s

running (12m38.0s), 01/13 VUs, 6058 complete and 0 interrupted iterations
oidc_cold_login_refresh   [  42% ] 01/13 VUs  12m38.0s/30m0s  8.00 iters/s

running (12m39.0s), 01/13 VUs, 6066 complete and 0 interrupted iterations
oidc_cold_login_refresh   [  42% ] 01/13 VUs  12m39.0s/30m0s  8.00 iters/s

running (12m40.0s), 01/13 VUs, 6074 complete and 0 interrupted iterations
oidc_cold_login_refresh   [  42% ] 01/13 VUs  12m40.0s/30m0s  8.00 iters/s

running (12m41.0s), 01/13 VUs, 6082 complete and 0 interrupted iterations
oidc_cold_login_refresh   [  42% ] 01/13 VUs  12m41.0s/30m0s  8.00 iters/s

running (12m42.0s), 01/13 VUs, 6090 complete and 0 interrupted iterations
oidc_cold_login_refresh   [  42% ] 01/13 VUs  12m42.0s/30m0s  8.00 iters/s

running (12m43.0s), 01/13 VUs, 6098 complete and 0 interrupted iterations
oidc_cold_login_refresh   [  42% ] 01/13 VUs  12m43.0s/30m0s  8.00 iters/s

running (12m44.0s), 02/13 VUs, 6105 complete and 0 interrupted iterations
oidc_cold_login_refresh   [  42% ] 02/13 VUs  12m44.0s/30m0s  8.00 iters/s

running (12m45.0s), 01/13 VUs, 6114 complete and 0 interrupted iterations
oidc_cold_login_refresh   [  42% ] 01/13 VUs  12m45.0s/30m0s  8.00 iters/s

running (12m46.0s), 01/13 VUs, 6122 complete and 0 interrupted iterations
oidc_cold_login_refresh   [  43% ] 01/13 VUs  12m46.0s/30m0s  8.00 iters/s

running (12m47.0s), 01/13 VUs, 6130 complete and 0 interrupted iterations
oidc_cold_login_refresh   [  43% ] 01/13 VUs  12m47.0s/30m0s  8.00 iters/s

running (12m48.0s), 01/13 VUs, 6138 complete and 0 interrupted iterations
oidc_cold_login_refresh   [  43% ] 01/13 VUs  12m48.0s/30m0s  8.00 iters/s

running (12m49.0s), 01/13 VUs, 6146 complete and 0 interrupted iterations
oidc_cold_login_refresh   [  43% ] 01/13 VUs  12m49.0s/30m0s  8.00 iters/s

running (12m50.0s), 01/13 VUs, 6154 complete and 0 interrupted iterations
oidc_cold_login_refresh   [  43% ] 01/13 VUs  12m50.0s/30m0s  8.00 iters/s

running (12m51.0s), 01/13 VUs, 6162 complete and 0 interrupted iterations
oidc_cold_login_refresh   [  43% ] 01/13 VUs  12m51.0s/30m0s  8.00 iters/s

running (12m52.0s), 01/13 VUs, 6170 complete and 0 interrupted iterations
oidc_cold_login_refresh   [  43% ] 01/13 VUs  12m52.0s/30m0s  8.00 iters/s

running (12m53.0s), 01/13 VUs, 6178 complete and 0 interrupted iterations
oidc_cold_login_refresh   [  43% ] 01/13 VUs  12m53.0s/30m0s  8.00 iters/s

running (12m54.0s), 01/13 VUs, 6186 complete and 0 interrupted iterations
oidc_cold_login_refresh   [  43% ] 01/13 VUs  12m54.0s/30m0s  8.00 iters/s

running (12m55.0s), 01/13 VUs, 6194 complete and 0 interrupted iterations
oidc_cold_login_refresh   [  43% ] 01/13 VUs  12m55.0s/30m0s  8.00 iters/s

running (12m56.0s), 01/13 VUs, 6202 complete and 0 interrupted iterations
oidc_cold_login_refresh   [  43% ] 01/13 VUs  12m56.0s/30m0s  8.00 iters/s

running (12m57.0s), 01/13 VUs, 6210 complete and 0 interrupted iterations
oidc_cold_login_refresh   [  43% ] 01/13 VUs  12m57.0s/30m0s  8.00 iters/s

running (12m58.0s), 01/13 VUs, 6218 complete and 0 interrupted iterations
oidc_cold_login_refresh   [  43% ] 01/13 VUs  12m58.0s/30m0s  8.00 iters/s

running (12m59.0s), 02/13 VUs, 6225 complete and 0 interrupted iterations
oidc_cold_login_refresh   [  43% ] 02/13 VUs  12m59.0s/30m0s  8.00 iters/s

running (13m00.0s), 01/13 VUs, 6234 complete and 0 interrupted iterations
oidc_cold_login_refresh   [  43% ] 01/13 VUs  13m00.0s/30m0s  8.00 iters/s

running (13m01.0s), 01/13 VUs, 6242 complete and 0 interrupted iterations
oidc_cold_login_refresh   [  43% ] 01/13 VUs  13m01.0s/30m0s  8.00 iters/s

running (13m02.0s), 01/13 VUs, 6250 complete and 0 interrupted iterations
oidc_cold_login_refresh   [  43% ] 01/13 VUs  13m02.0s/30m0s  8.00 iters/s

running (13m03.0s), 01/13 VUs, 6258 complete and 0 interrupted iterations
oidc_cold_login_refresh   [  43% ] 01/13 VUs  13m03.0s/30m0s  8.00 iters/s

running (13m04.0s), 03/13 VUs, 6264 complete and 0 interrupted iterations
oidc_cold_login_refresh   [  44% ] 03/13 VUs  13m04.0s/30m0s  8.00 iters/s

running (13m05.0s), 01/13 VUs, 6274 complete and 0 interrupted iterations
oidc_cold_login_refresh   [  44% ] 01/13 VUs  13m05.0s/30m0s  8.00 iters/s

running (13m06.0s), 01/13 VUs, 6282 complete and 0 interrupted iterations
oidc_cold_login_refresh   [  44% ] 01/13 VUs  13m06.0s/30m0s  8.00 iters/s

running (13m07.0s), 01/13 VUs, 6290 complete and 0 interrupted iterations
oidc_cold_login_refresh   [  44% ] 01/13 VUs  13m07.0s/30m0s  8.00 iters/s

running (13m08.0s), 01/13 VUs, 6298 complete and 0 interrupted iterations
oidc_cold_login_refresh   [  44% ] 01/13 VUs  13m08.0s/30m0s  8.00 iters/s

running (13m09.0s), 01/13 VUs, 6306 complete and 0 interrupted iterations
oidc_cold_login_refresh   [  44% ] 01/13 VUs  13m09.0s/30m0s  8.00 iters/s

running (13m10.0s), 01/13 VUs, 6314 complete and 0 interrupted iterations
oidc_cold_login_refresh   [  44% ] 01/13 VUs  13m10.0s/30m0s  8.00 iters/s

running (13m11.0s), 01/13 VUs, 6322 complete and 0 interrupted iterations
oidc_cold_login_refresh   [  44% ] 01/13 VUs  13m11.0s/30m0s  8.00 iters/s

running (13m12.0s), 01/13 VUs, 6330 complete and 0 interrupted iterations
oidc_cold_login_refresh   [  44% ] 01/13 VUs  13m12.0s/30m0s  8.00 iters/s

running (13m13.0s), 01/13 VUs, 6338 complete and 0 interrupted iterations
oidc_cold_login_refresh   [  44% ] 01/13 VUs  13m13.0s/30m0s  8.00 iters/s

running (13m14.0s), 01/13 VUs, 6346 complete and 0 interrupted iterations
oidc_cold_login_refresh   [  44% ] 01/13 VUs  13m14.0s/30m0s  8.00 iters/s

running (13m15.0s), 01/13 VUs, 6354 complete and 0 interrupted iterations
oidc_cold_login_refresh   [  44% ] 01/13 VUs  13m15.0s/30m0s  8.00 iters/s

running (13m16.0s), 01/13 VUs, 6362 complete and 0 interrupted iterations
oidc_cold_login_refresh   [  44% ] 01/13 VUs  13m16.0s/30m0s  8.00 iters/s

running (13m17.0s), 01/13 VUs, 6370 complete and 0 interrupted iterations
oidc_cold_login_refresh   [  44% ] 01/13 VUs  13m17.0s/30m0s  8.00 iters/s

running (13m18.0s), 01/13 VUs, 6378 complete and 0 interrupted iterations
oidc_cold_login_refresh   [  44% ] 01/13 VUs  13m18.0s/30m0s  8.00 iters/s

running (13m19.0s), 02/13 VUs, 6385 complete and 0 interrupted iterations
oidc_cold_login_refresh   [  44% ] 02/13 VUs  13m19.0s/30m0s  8.00 iters/s

running (13m20.0s), 01/13 VUs, 6394 complete and 0 interrupted iterations
oidc_cold_login_refresh   [  44% ] 01/13 VUs  13m20.0s/30m0s  8.00 iters/s

running (13m21.0s), 01/13 VUs, 6402 complete and 0 interrupted iterations
oidc_cold_login_refresh   [  44% ] 01/13 VUs  13m21.0s/30m0s  8.00 iters/s

running (13m22.0s), 01/13 VUs, 6410 complete and 0 interrupted iterations
oidc_cold_login_refresh   [  45% ] 01/13 VUs  13m22.0s/30m0s  8.00 iters/s

running (13m23.0s), 01/13 VUs, 6418 complete and 0 interrupted iterations
oidc_cold_login_refresh   [  45% ] 01/13 VUs  13m23.0s/30m0s  8.00 iters/s

running (13m24.0s), 02/13 VUs, 6425 complete and 0 interrupted iterations
oidc_cold_login_refresh   [  45% ] 02/13 VUs  13m24.0s/30m0s  8.00 iters/s

running (13m25.0s), 01/13 VUs, 6434 complete and 0 interrupted iterations
oidc_cold_login_refresh   [  45% ] 01/13 VUs  13m25.0s/30m0s  8.00 iters/s

running (13m26.0s), 01/13 VUs, 6442 complete and 0 interrupted iterations
oidc_cold_login_refresh   [  45% ] 01/13 VUs  13m26.0s/30m0s  8.00 iters/s

running (13m27.0s), 02/13 VUs, 6449 complete and 0 interrupted iterations
oidc_cold_login_refresh   [  45% ] 02/13 VUs  13m27.0s/30m0s  8.00 iters/s

running (13m28.0s), 02/13 VUs, 6457 complete and 0 interrupted iterations
oidc_cold_login_refresh   [  45% ] 02/13 VUs  13m28.0s/30m0s  8.00 iters/s

running (13m29.0s), 01/13 VUs, 6466 complete and 0 interrupted iterations
oidc_cold_login_refresh   [  45% ] 01/13 VUs  13m29.0s/30m0s  8.00 iters/s

running (13m30.0s), 01/13 VUs, 6474 complete and 0 interrupted iterations
oidc_cold_login_refresh   [  45% ] 01/13 VUs  13m30.0s/30m0s  8.00 iters/s

running (13m31.0s), 01/13 VUs, 6482 complete and 0 interrupted iterations
oidc_cold_login_refresh   [  45% ] 01/13 VUs  13m31.0s/30m0s  8.00 iters/s

running (13m32.0s), 01/13 VUs, 6490 complete and 0 interrupted iterations
oidc_cold_login_refresh   [  45% ] 01/13 VUs  13m32.0s/30m0s  8.00 iters/s

running (13m33.0s), 01/13 VUs, 6498 complete and 0 interrupted iterations
oidc_cold_login_refresh   [  45% ] 01/13 VUs  13m33.0s/30m0s  8.00 iters/s

running (13m34.0s), 01/13 VUs, 6506 complete and 0 interrupted iterations
oidc_cold_login_refresh   [  45% ] 01/13 VUs  13m34.0s/30m0s  8.00 iters/s

running (13m35.0s), 01/13 VUs, 6514 complete and 0 interrupted iterations
oidc_cold_login_refresh   [  45% ] 01/13 VUs  13m35.0s/30m0s  8.00 iters/s

running (13m36.0s), 02/13 VUs, 6521 complete and 0 interrupted iterations
oidc_cold_login_refresh   [  45% ] 02/13 VUs  13m36.0s/30m0s  8.00 iters/s

running (13m37.0s), 01/13 VUs, 6530 complete and 0 interrupted iterations
oidc_cold_login_refresh   [  45% ] 01/13 VUs  13m37.0s/30m0s  8.00 iters/s

running (13m38.0s), 01/13 VUs, 6538 complete and 0 interrupted iterations
oidc_cold_login_refresh   [  45% ] 01/13 VUs  13m38.0s/30m0s  8.00 iters/s

running (13m39.0s), 01/13 VUs, 6546 complete and 0 interrupted iterations
oidc_cold_login_refresh   [  45% ] 01/13 VUs  13m39.0s/30m0s  8.00 iters/s

running (13m40.0s), 01/13 VUs, 6554 complete and 0 interrupted iterations
oidc_cold_login_refresh   [  46% ] 01/13 VUs  13m40.0s/30m0s  8.00 iters/s

running (13m41.0s), 01/13 VUs, 6562 complete and 0 interrupted iterations
oidc_cold_login_refresh   [  46% ] 01/13 VUs  13m41.0s/30m0s  8.00 iters/s

running (13m42.0s), 01/13 VUs, 6570 complete and 0 interrupted iterations
oidc_cold_login_refresh   [  46% ] 01/13 VUs  13m42.0s/30m0s  8.00 iters/s

running (13m43.0s), 01/13 VUs, 6578 complete and 0 interrupted iterations
oidc_cold_login_refresh   [  46% ] 01/13 VUs  13m43.0s/30m0s  8.00 iters/s

running (13m44.0s), 04/13 VUs, 6583 complete and 0 interrupted iterations
oidc_cold_login_refresh   [  46% ] 04/13 VUs  13m44.0s/30m0s  8.00 iters/s

running (13m45.0s), 02/13 VUs, 6593 complete and 0 interrupted iterations
oidc_cold_login_refresh   [  46% ] 02/13 VUs  13m45.0s/30m0s  8.00 iters/s

running (13m46.0s), 01/13 VUs, 6602 complete and 0 interrupted iterations
oidc_cold_login_refresh   [  46% ] 01/13 VUs  13m46.0s/30m0s  8.00 iters/s

running (13m47.0s), 01/13 VUs, 6610 complete and 0 interrupted iterations
oidc_cold_login_refresh   [  46% ] 01/13 VUs  13m47.0s/30m0s  8.00 iters/s

running (13m48.0s), 01/13 VUs, 6618 complete and 0 interrupted iterations
oidc_cold_login_refresh   [  46% ] 01/13 VUs  13m48.0s/30m0s  8.00 iters/s

running (13m49.0s), 01/13 VUs, 6626 complete and 0 interrupted iterations
oidc_cold_login_refresh   [  46% ] 01/13 VUs  13m49.0s/30m0s  8.00 iters/s

running (13m50.0s), 01/13 VUs, 6634 complete and 0 interrupted iterations
oidc_cold_login_refresh   [  46% ] 01/13 VUs  13m50.0s/30m0s  8.00 iters/s

running (13m51.0s), 01/13 VUs, 6642 complete and 0 interrupted iterations
oidc_cold_login_refresh   [  46% ] 01/13 VUs  13m51.0s/30m0s  8.00 iters/s

running (13m52.0s), 01/13 VUs, 6650 complete and 0 interrupted iterations
oidc_cold_login_refresh   [  46% ] 01/13 VUs  13m52.0s/30m0s  8.00 iters/s

running (13m53.0s), 01/13 VUs, 6658 complete and 0 interrupted iterations
oidc_cold_login_refresh   [  46% ] 01/13 VUs  13m53.0s/30m0s  8.00 iters/s

running (13m54.0s), 01/13 VUs, 6666 complete and 0 interrupted iterations
oidc_cold_login_refresh   [  46% ] 01/13 VUs  13m54.0s/30m0s  8.00 iters/s

running (13m55.0s), 01/13 VUs, 6674 complete and 0 interrupted iterations
oidc_cold_login_refresh   [  46% ] 01/13 VUs  13m55.0s/30m0s  8.00 iters/s

running (13m56.0s), 01/13 VUs, 6682 complete and 0 interrupted iterations
oidc_cold_login_refresh   [  46% ] 01/13 VUs  13m56.0s/30m0s  8.00 iters/s

running (13m57.0s), 01/13 VUs, 6690 complete and 0 interrupted iterations
oidc_cold_login_refresh   [  46% ] 01/13 VUs  13m57.0s/30m0s  8.00 iters/s

running (13m58.0s), 01/13 VUs, 6698 complete and 0 interrupted iterations
oidc_cold_login_refresh   [  47% ] 01/13 VUs  13m58.0s/30m0s  8.00 iters/s

running (13m59.0s), 01/13 VUs, 6706 complete and 0 interrupted iterations
oidc_cold_login_refresh   [  47% ] 01/13 VUs  13m59.0s/30m0s  8.00 iters/s

running (14m00.0s), 01/13 VUs, 6714 complete and 0 interrupted iterations
oidc_cold_login_refresh   [  47% ] 01/13 VUs  14m00.0s/30m0s  8.00 iters/s

running (14m01.0s), 01/13 VUs, 6722 complete and 0 interrupted iterations
oidc_cold_login_refresh   [  47% ] 01/13 VUs  14m01.0s/30m0s  8.00 iters/s

running (14m02.0s), 01/13 VUs, 6730 complete and 0 interrupted iterations
oidc_cold_login_refresh   [  47% ] 01/13 VUs  14m02.0s/30m0s  8.00 iters/s

running (14m03.0s), 01/13 VUs, 6738 complete and 0 interrupted iterations
oidc_cold_login_refresh   [  47% ] 01/13 VUs  14m03.0s/30m0s  8.00 iters/s

running (14m04.0s), 01/13 VUs, 6746 complete and 0 interrupted iterations
oidc_cold_login_refresh   [  47% ] 01/13 VUs  14m04.0s/30m0s  8.00 iters/s

running (14m05.0s), 01/13 VUs, 6754 complete and 0 interrupted iterations
oidc_cold_login_refresh   [  47% ] 01/13 VUs  14m05.0s/30m0s  8.00 iters/s

running (14m06.0s), 01/13 VUs, 6762 complete and 0 interrupted iterations
oidc_cold_login_refresh   [  47% ] 01/13 VUs  14m06.0s/30m0s  8.00 iters/s

running (14m07.0s), 01/13 VUs, 6770 complete and 0 interrupted iterations
oidc_cold_login_refresh   [  47% ] 01/13 VUs  14m07.0s/30m0s  8.00 iters/s

running (14m08.0s), 01/13 VUs, 6778 complete and 0 interrupted iterations
oidc_cold_login_refresh   [  47% ] 01/13 VUs  14m08.0s/30m0s  8.00 iters/s

running (14m09.0s), 01/13 VUs, 6786 complete and 0 interrupted iterations
oidc_cold_login_refresh   [  47% ] 01/13 VUs  14m09.0s/30m0s  8.00 iters/s

running (14m10.0s), 01/13 VUs, 6794 complete and 0 interrupted iterations
oidc_cold_login_refresh   [  47% ] 01/13 VUs  14m10.0s/30m0s  8.00 iters/s

running (14m11.0s), 01/13 VUs, 6802 complete and 0 interrupted iterations
oidc_cold_login_refresh   [  47% ] 01/13 VUs  14m11.0s/30m0s  8.00 iters/s

running (14m12.0s), 01/13 VUs, 6810 complete and 0 interrupted iterations
oidc_cold_login_refresh   [  47% ] 01/13 VUs  14m12.0s/30m0s  8.00 iters/s

running (14m13.0s), 01/13 VUs, 6818 complete and 0 interrupted iterations
oidc_cold_login_refresh   [  47% ] 01/13 VUs  14m13.0s/30m0s  8.00 iters/s

running (14m14.0s), 01/13 VUs, 6826 complete and 0 interrupted iterations
oidc_cold_login_refresh   [  47% ] 01/13 VUs  14m14.0s/30m0s  8.00 iters/s

running (14m15.0s), 01/13 VUs, 6834 complete and 0 interrupted iterations
oidc_cold_login_refresh   [  47% ] 01/13 VUs  14m15.0s/30m0s  8.00 iters/s

running (14m16.0s), 02/13 VUs, 6841 complete and 0 interrupted iterations
oidc_cold_login_refresh   [  48% ] 02/13 VUs  14m16.0s/30m0s  8.00 iters/s

running (14m17.0s), 01/13 VUs, 6850 complete and 0 interrupted iterations
oidc_cold_login_refresh   [  48% ] 01/13 VUs  14m17.0s/30m0s  8.00 iters/s

running (14m18.0s), 01/13 VUs, 6858 complete and 0 interrupted iterations
oidc_cold_login_refresh   [  48% ] 01/13 VUs  14m18.0s/30m0s  8.00 iters/s

running (14m19.0s), 01/13 VUs, 6866 complete and 0 interrupted iterations
oidc_cold_login_refresh   [  48% ] 01/13 VUs  14m19.0s/30m0s  8.00 iters/s

running (14m20.0s), 01/13 VUs, 6874 complete and 0 interrupted iterations
oidc_cold_login_refresh   [  48% ] 01/13 VUs  14m20.0s/30m0s  8.00 iters/s

running (14m21.0s), 01/13 VUs, 6882 complete and 0 interrupted iterations
oidc_cold_login_refresh   [  48% ] 01/13 VUs  14m21.0s/30m0s  8.00 iters/s

running (14m22.0s), 01/13 VUs, 6890 complete and 0 interrupted iterations
oidc_cold_login_refresh   [  48% ] 01/13 VUs  14m22.0s/30m0s  8.00 iters/s

running (14m23.0s), 01/13 VUs, 6898 complete and 0 interrupted iterations
oidc_cold_login_refresh   [  48% ] 01/13 VUs  14m23.0s/30m0s  8.00 iters/s

running (14m24.0s), 01/13 VUs, 6906 complete and 0 interrupted iterations
oidc_cold_login_refresh   [  48% ] 01/13 VUs  14m24.0s/30m0s  8.00 iters/s

running (14m25.0s), 01/13 VUs, 6914 complete and 0 interrupted iterations
oidc_cold_login_refresh   [  48% ] 01/13 VUs  14m25.0s/30m0s  8.00 iters/s

running (14m26.0s), 01/13 VUs, 6922 complete and 0 interrupted iterations
oidc_cold_login_refresh   [  48% ] 01/13 VUs  14m26.0s/30m0s  8.00 iters/s

running (14m27.0s), 01/13 VUs, 6930 complete and 0 interrupted iterations
oidc_cold_login_refresh   [  48% ] 01/13 VUs  14m27.0s/30m0s  8.00 iters/s

running (14m28.0s), 01/13 VUs, 6938 complete and 0 interrupted iterations
oidc_cold_login_refresh   [  48% ] 01/13 VUs  14m28.0s/30m0s  8.00 iters/s

running (14m29.0s), 01/13 VUs, 6946 complete and 0 interrupted iterations
oidc_cold_login_refresh   [  48% ] 01/13 VUs  14m29.0s/30m0s  8.00 iters/s

running (14m30.0s), 01/13 VUs, 6954 complete and 0 interrupted iterations
oidc_cold_login_refresh   [  48% ] 01/13 VUs  14m30.0s/30m0s  8.00 iters/s

running (14m31.0s), 01/13 VUs, 6962 complete and 0 interrupted iterations
oidc_cold_login_refresh   [  48% ] 01/13 VUs  14m31.0s/30m0s  8.00 iters/s

running (14m32.0s), 01/13 VUs, 6970 complete and 0 interrupted iterations
oidc_cold_login_refresh   [  48% ] 01/13 VUs  14m32.0s/30m0s  8.00 iters/s

running (14m33.0s), 01/13 VUs, 6978 complete and 0 interrupted iterations
oidc_cold_login_refresh   [  48% ] 01/13 VUs  14m33.0s/30m0s  8.00 iters/s

running (14m34.0s), 01/13 VUs, 6986 complete and 0 interrupted iterations
oidc_cold_login_refresh   [  49% ] 01/13 VUs  14m34.0s/30m0s  8.00 iters/s

running (14m35.0s), 01/13 VUs, 6994 complete and 0 interrupted iterations
oidc_cold_login_refresh   [  49% ] 01/13 VUs  14m35.0s/30m0s  8.00 iters/s

running (14m36.0s), 01/13 VUs, 7002 complete and 0 interrupted iterations
oidc_cold_login_refresh   [  49% ] 01/13 VUs  14m36.0s/30m0s  8.00 iters/s

running (14m37.0s), 01/13 VUs, 7010 complete and 0 interrupted iterations
oidc_cold_login_refresh   [  49% ] 01/13 VUs  14m37.0s/30m0s  8.00 iters/s

running (14m38.0s), 01/13 VUs, 7018 complete and 0 interrupted iterations
oidc_cold_login_refresh   [  49% ] 01/13 VUs  14m38.0s/30m0s  8.00 iters/s

running (14m39.0s), 01/13 VUs, 7026 complete and 0 interrupted iterations
oidc_cold_login_refresh   [  49% ] 01/13 VUs  14m39.0s/30m0s  8.00 iters/s

running (14m40.0s), 01/13 VUs, 7034 complete and 0 interrupted iterations
oidc_cold_login_refresh   [  49% ] 01/13 VUs  14m40.0s/30m0s  8.00 iters/s

running (14m41.0s), 01/13 VUs, 7042 complete and 0 interrupted iterations
oidc_cold_login_refresh   [  49% ] 01/13 VUs  14m41.0s/30m0s  8.00 iters/s

running (14m42.0s), 01/13 VUs, 7050 complete and 0 interrupted iterations
oidc_cold_login_refresh   [  49% ] 01/13 VUs  14m42.0s/30m0s  8.00 iters/s

running (14m43.0s), 01/13 VUs, 7058 complete and 0 interrupted iterations
oidc_cold_login_refresh   [  49% ] 01/13 VUs  14m43.0s/30m0s  8.00 iters/s

running (14m44.0s), 01/13 VUs, 7066 complete and 0 interrupted iterations
oidc_cold_login_refresh   [  49% ] 01/13 VUs  14m44.0s/30m0s  8.00 iters/s

running (14m45.0s), 01/13 VUs, 7074 complete and 0 interrupted iterations
oidc_cold_login_refresh   [  49% ] 01/13 VUs  14m45.0s/30m0s  8.00 iters/s

running (14m46.0s), 01/13 VUs, 7082 complete and 0 interrupted iterations
oidc_cold_login_refresh   [  49% ] 01/13 VUs  14m46.0s/30m0s  8.00 iters/s

running (14m47.0s), 01/13 VUs, 7090 complete and 0 interrupted iterations
oidc_cold_login_refresh   [  49% ] 01/13 VUs  14m47.0s/30m0s  8.00 iters/s

running (14m48.0s), 01/13 VUs, 7098 complete and 0 interrupted iterations
oidc_cold_login_refresh   [  49% ] 01/13 VUs  14m48.0s/30m0s  8.00 iters/s

running (14m49.0s), 01/13 VUs, 7106 complete and 0 interrupted iterations
oidc_cold_login_refresh   [  49% ] 01/13 VUs  14m49.0s/30m0s  8.00 iters/s

running (14m50.0s), 01/13 VUs, 7114 complete and 0 interrupted iterations
oidc_cold_login_refresh   [  49% ] 01/13 VUs  14m50.0s/30m0s  8.00 iters/s

running (14m51.0s), 01/13 VUs, 7122 complete and 0 interrupted iterations
oidc_cold_login_refresh   [  49% ] 01/13 VUs  14m51.0s/30m0s  8.00 iters/s

running (14m52.0s), 01/13 VUs, 7130 complete and 0 interrupted iterations
oidc_cold_login_refresh   [  50% ] 01/13 VUs  14m52.0s/30m0s  8.00 iters/s

running (14m53.0s), 01/13 VUs, 7138 complete and 0 interrupted iterations
oidc_cold_login_refresh   [  50% ] 01/13 VUs  14m53.0s/30m0s  8.00 iters/s

running (14m54.0s), 01/13 VUs, 7146 complete and 0 interrupted iterations
oidc_cold_login_refresh   [  50% ] 01/13 VUs  14m54.0s/30m0s  8.00 iters/s

running (14m55.0s), 01/13 VUs, 7154 complete and 0 interrupted iterations
oidc_cold_login_refresh   [  50% ] 01/13 VUs  14m55.0s/30m0s  8.00 iters/s

running (14m56.0s), 01/13 VUs, 7162 complete and 0 interrupted iterations
oidc_cold_login_refresh   [  50% ] 01/13 VUs  14m56.0s/30m0s  8.00 iters/s

running (14m57.0s), 01/13 VUs, 7170 complete and 0 interrupted iterations
oidc_cold_login_refresh   [  50% ] 01/13 VUs  14m57.0s/30m0s  8.00 iters/s

running (14m58.0s), 01/13 VUs, 7178 complete and 0 interrupted iterations
oidc_cold_login_refresh   [  50% ] 01/13 VUs  14m58.0s/30m0s  8.00 iters/s

running (14m59.0s), 01/13 VUs, 7186 complete and 0 interrupted iterations
oidc_cold_login_refresh   [  50% ] 01/13 VUs  14m59.0s/30m0s  8.00 iters/s

running (15m00.0s), 01/13 VUs, 7194 complete and 0 interrupted iterations
oidc_cold_login_refresh   [  50% ] 01/13 VUs  15m00.0s/30m0s  8.00 iters/s

running (15m01.0s), 01/13 VUs, 7202 complete and 0 interrupted iterations
oidc_cold_login_refresh   [  50% ] 01/13 VUs  15m01.0s/30m0s  8.00 iters/s

running (15m02.0s), 01/13 VUs, 7210 complete and 0 interrupted iterations
oidc_cold_login_refresh   [  50% ] 01/13 VUs  15m02.0s/30m0s  8.00 iters/s

running (15m03.0s), 01/13 VUs, 7218 complete and 0 interrupted iterations
oidc_cold_login_refresh   [  50% ] 01/13 VUs  15m03.0s/30m0s  8.00 iters/s

running (15m04.0s), 01/13 VUs, 7226 complete and 0 interrupted iterations
oidc_cold_login_refresh   [  50% ] 01/13 VUs  15m04.0s/30m0s  8.00 iters/s

running (15m05.0s), 01/13 VUs, 7234 complete and 0 interrupted iterations
oidc_cold_login_refresh   [  50% ] 01/13 VUs  15m05.0s/30m0s  8.00 iters/s

running (15m06.0s), 02/13 VUs, 7241 complete and 0 interrupted iterations
oidc_cold_login_refresh   [  50% ] 02/13 VUs  15m06.0s/30m0s  8.00 iters/s

running (15m07.0s), 01/13 VUs, 7250 complete and 0 interrupted iterations
oidc_cold_login_refresh   [  50% ] 01/13 VUs  15m07.0s/30m0s  8.00 iters/s

running (15m08.0s), 01/13 VUs, 7258 complete and 0 interrupted iterations
oidc_cold_login_refresh   [  50% ] 01/13 VUs  15m08.0s/30m0s  8.00 iters/s

running (15m09.0s), 01/13 VUs, 7266 complete and 0 interrupted iterations
oidc_cold_login_refresh   [  50% ] 01/13 VUs  15m09.0s/30m0s  8.00 iters/s

running (15m10.0s), 01/13 VUs, 7274 complete and 0 interrupted iterations
oidc_cold_login_refresh   [  51% ] 01/13 VUs  15m10.0s/30m0s  8.00 iters/s

running (15m11.0s), 01/13 VUs, 7282 complete and 0 interrupted iterations
oidc_cold_login_refresh   [  51% ] 01/13 VUs  15m11.0s/30m0s  8.00 iters/s

running (15m12.0s), 01/13 VUs, 7290 complete and 0 interrupted iterations
oidc_cold_login_refresh   [  51% ] 01/13 VUs  15m12.0s/30m0s  8.00 iters/s

running (15m13.0s), 01/13 VUs, 7298 complete and 0 interrupted iterations
oidc_cold_login_refresh   [  51% ] 01/13 VUs  15m13.0s/30m0s  8.00 iters/s

running (15m14.0s), 01/13 VUs, 7306 complete and 0 interrupted iterations
oidc_cold_login_refresh   [  51% ] 01/13 VUs  15m14.0s/30m0s  8.00 iters/s

running (15m15.0s), 01/13 VUs, 7314 complete and 0 interrupted iterations
oidc_cold_login_refresh   [  51% ] 01/13 VUs  15m15.0s/30m0s  8.00 iters/s

running (15m16.0s), 01/13 VUs, 7322 complete and 0 interrupted iterations
oidc_cold_login_refresh   [  51% ] 01/13 VUs  15m16.0s/30m0s  8.00 iters/s

running (15m17.0s), 01/13 VUs, 7330 complete and 0 interrupted iterations
oidc_cold_login_refresh   [  51% ] 01/13 VUs  15m17.0s/30m0s  8.00 iters/s

running (15m18.0s), 01/13 VUs, 7338 complete and 0 interrupted iterations
oidc_cold_login_refresh   [  51% ] 01/13 VUs  15m18.0s/30m0s  8.00 iters/s

running (15m19.0s), 01/13 VUs, 7346 complete and 0 interrupted iterations
oidc_cold_login_refresh   [  51% ] 01/13 VUs  15m19.0s/30m0s  8.00 iters/s

running (15m20.0s), 01/13 VUs, 7354 complete and 0 interrupted iterations
oidc_cold_login_refresh   [  51% ] 01/13 VUs  15m20.0s/30m0s  8.00 iters/s

running (15m21.0s), 01/13 VUs, 7362 complete and 0 interrupted iterations
oidc_cold_login_refresh   [  51% ] 01/13 VUs  15m21.0s/30m0s  8.00 iters/s

running (15m22.0s), 01/13 VUs, 7370 complete and 0 interrupted iterations
oidc_cold_login_refresh   [  51% ] 01/13 VUs  15m22.0s/30m0s  8.00 iters/s

running (15m23.0s), 01/13 VUs, 7378 complete and 0 interrupted iterations
oidc_cold_login_refresh   [  51% ] 01/13 VUs  15m23.0s/30m0s  8.00 iters/s

running (15m24.0s), 02/13 VUs, 7385 complete and 0 interrupted iterations
oidc_cold_login_refresh   [  51% ] 02/13 VUs  15m24.0s/30m0s  8.00 iters/s

running (15m25.0s), 02/13 VUs, 7393 complete and 0 interrupted iterations
oidc_cold_login_refresh   [  51% ] 02/13 VUs  15m25.0s/30m0s  8.00 iters/s

running (15m26.0s), 01/13 VUs, 7402 complete and 0 interrupted iterations
oidc_cold_login_refresh   [  51% ] 01/13 VUs  15m26.0s/30m0s  8.00 iters/s

running (15m27.0s), 01/13 VUs, 7410 complete and 0 interrupted iterations
oidc_cold_login_refresh   [  51% ] 01/13 VUs  15m27.0s/30m0s  8.00 iters/s

running (15m28.0s), 01/13 VUs, 7418 complete and 0 interrupted iterations
oidc_cold_login_refresh   [  52% ] 01/13 VUs  15m28.0s/30m0s  8.00 iters/s

running (15m29.0s), 01/13 VUs, 7426 complete and 0 interrupted iterations
oidc_cold_login_refresh   [  52% ] 01/13 VUs  15m29.0s/30m0s  8.00 iters/s

running (15m30.0s), 01/13 VUs, 7434 complete and 0 interrupted iterations
oidc_cold_login_refresh   [  52% ] 01/13 VUs  15m30.0s/30m0s  8.00 iters/s

running (15m31.0s), 01/13 VUs, 7442 complete and 0 interrupted iterations
oidc_cold_login_refresh   [  52% ] 01/13 VUs  15m31.0s/30m0s  8.00 iters/s

running (15m32.0s), 01/13 VUs, 7450 complete and 0 interrupted iterations
oidc_cold_login_refresh   [  52% ] 01/13 VUs  15m32.0s/30m0s  8.00 iters/s

running (15m33.0s), 01/13 VUs, 7458 complete and 0 interrupted iterations
oidc_cold_login_refresh   [  52% ] 01/13 VUs  15m33.0s/30m0s  8.00 iters/s

running (15m34.0s), 01/13 VUs, 7466 complete and 0 interrupted iterations
oidc_cold_login_refresh   [  52% ] 01/13 VUs  15m34.0s/30m0s  8.00 iters/s

running (15m35.0s), 01/13 VUs, 7474 complete and 0 interrupted iterations
oidc_cold_login_refresh   [  52% ] 01/13 VUs  15m35.0s/30m0s  8.00 iters/s

running (15m36.0s), 01/13 VUs, 7482 complete and 0 interrupted iterations
oidc_cold_login_refresh   [  52% ] 01/13 VUs  15m36.0s/30m0s  8.00 iters/s

running (15m37.0s), 01/13 VUs, 7490 complete and 0 interrupted iterations
oidc_cold_login_refresh   [  52% ] 01/13 VUs  15m37.0s/30m0s  8.00 iters/s

running (15m38.0s), 01/13 VUs, 7498 complete and 0 interrupted iterations
oidc_cold_login_refresh   [  52% ] 01/13 VUs  15m38.0s/30m0s  8.00 iters/s

running (15m39.0s), 01/13 VUs, 7506 complete and 0 interrupted iterations
oidc_cold_login_refresh   [  52% ] 01/13 VUs  15m39.0s/30m0s  8.00 iters/s

running (15m40.0s), 01/13 VUs, 7514 complete and 0 interrupted iterations
oidc_cold_login_refresh   [  52% ] 01/13 VUs  15m40.0s/30m0s  8.00 iters/s

running (15m41.0s), 01/13 VUs, 7522 complete and 0 interrupted iterations
oidc_cold_login_refresh   [  52% ] 01/13 VUs  15m41.0s/30m0s  8.00 iters/s

running (15m42.0s), 01/13 VUs, 7530 complete and 0 interrupted iterations
oidc_cold_login_refresh   [  52% ] 01/13 VUs  15m42.0s/30m0s  8.00 iters/s

running (15m43.0s), 01/13 VUs, 7538 complete and 0 interrupted iterations
oidc_cold_login_refresh   [  52% ] 01/13 VUs  15m43.0s/30m0s  8.00 iters/s

running (15m44.0s), 02/13 VUs, 7545 complete and 0 interrupted iterations
oidc_cold_login_refresh   [  52% ] 02/13 VUs  15m44.0s/30m0s  8.00 iters/s

running (15m45.0s), 01/13 VUs, 7554 complete and 0 interrupted iterations
oidc_cold_login_refresh   [  52% ] 01/13 VUs  15m45.0s/30m0s  8.00 iters/s

running (15m46.0s), 01/13 VUs, 7562 complete and 0 interrupted iterations
oidc_cold_login_refresh   [  53% ] 01/13 VUs  15m46.0s/30m0s  8.00 iters/s

running (15m47.0s), 01/13 VUs, 7570 complete and 0 interrupted iterations
oidc_cold_login_refresh   [  53% ] 01/13 VUs  15m47.0s/30m0s  8.00 iters/s

running (15m48.0s), 01/13 VUs, 7578 complete and 0 interrupted iterations
oidc_cold_login_refresh   [  53% ] 01/13 VUs  15m48.0s/30m0s  8.00 iters/s

running (15m49.0s), 01/13 VUs, 7586 complete and 0 interrupted iterations
oidc_cold_login_refresh   [  53% ] 01/13 VUs  15m49.0s/30m0s  8.00 iters/s

running (15m50.0s), 01/13 VUs, 7594 complete and 0 interrupted iterations
oidc_cold_login_refresh   [  53% ] 01/13 VUs  15m50.0s/30m0s  8.00 iters/s

running (15m51.0s), 01/13 VUs, 7602 complete and 0 interrupted iterations
oidc_cold_login_refresh   [  53% ] 01/13 VUs  15m51.0s/30m0s  8.00 iters/s

running (15m52.0s), 01/13 VUs, 7610 complete and 0 interrupted iterations
oidc_cold_login_refresh   [  53% ] 01/13 VUs  15m52.0s/30m0s  8.00 iters/s

running (15m53.0s), 01/13 VUs, 7618 complete and 0 interrupted iterations
oidc_cold_login_refresh   [  53% ] 01/13 VUs  15m53.0s/30m0s  8.00 iters/s

running (15m54.0s), 01/13 VUs, 7626 complete and 0 interrupted iterations
oidc_cold_login_refresh   [  53% ] 01/13 VUs  15m54.0s/30m0s  8.00 iters/s

running (15m55.0s), 01/13 VUs, 7634 complete and 0 interrupted iterations
oidc_cold_login_refresh   [  53% ] 01/13 VUs  15m55.0s/30m0s  8.00 iters/s

running (15m56.0s), 01/13 VUs, 7642 complete and 0 interrupted iterations
oidc_cold_login_refresh   [  53% ] 01/13 VUs  15m56.0s/30m0s  8.00 iters/s

running (15m57.0s), 01/13 VUs, 7650 complete and 0 interrupted iterations
oidc_cold_login_refresh   [  53% ] 01/13 VUs  15m57.0s/30m0s  8.00 iters/s

running (15m58.0s), 01/13 VUs, 7658 complete and 0 interrupted iterations
oidc_cold_login_refresh   [  53% ] 01/13 VUs  15m58.0s/30m0s  8.00 iters/s

running (15m59.0s), 01/13 VUs, 7666 complete and 0 interrupted iterations
oidc_cold_login_refresh   [  53% ] 01/13 VUs  15m59.0s/30m0s  8.00 iters/s

running (16m00.0s), 01/13 VUs, 7674 complete and 0 interrupted iterations
oidc_cold_login_refresh   [  53% ] 01/13 VUs  16m00.0s/30m0s  8.00 iters/s

running (16m01.0s), 01/13 VUs, 7682 complete and 0 interrupted iterations
oidc_cold_login_refresh   [  53% ] 01/13 VUs  16m01.0s/30m0s  8.00 iters/s

running (16m02.0s), 01/13 VUs, 7690 complete and 0 interrupted iterations
oidc_cold_login_refresh   [  53% ] 01/13 VUs  16m02.0s/30m0s  8.00 iters/s

running (16m03.0s), 01/13 VUs, 7698 complete and 0 interrupted iterations
oidc_cold_login_refresh   [  53% ] 01/13 VUs  16m03.0s/30m0s  8.00 iters/s

running (16m04.0s), 01/13 VUs, 7706 complete and 0 interrupted iterations
oidc_cold_login_refresh   [  54% ] 01/13 VUs  16m04.0s/30m0s  8.00 iters/s

running (16m05.0s), 01/13 VUs, 7714 complete and 0 interrupted iterations
oidc_cold_login_refresh   [  54% ] 01/13 VUs  16m05.0s/30m0s  8.00 iters/s

running (16m06.0s), 01/13 VUs, 7722 complete and 0 interrupted iterations
oidc_cold_login_refresh   [  54% ] 01/13 VUs  16m06.0s/30m0s  8.00 iters/s

running (16m07.0s), 01/13 VUs, 7730 complete and 0 interrupted iterations
oidc_cold_login_refresh   [  54% ] 01/13 VUs  16m07.0s/30m0s  8.00 iters/s

running (16m08.0s), 01/13 VUs, 7738 complete and 0 interrupted iterations
oidc_cold_login_refresh   [  54% ] 01/13 VUs  16m08.0s/30m0s  8.00 iters/s

running (16m09.0s), 01/13 VUs, 7746 complete and 0 interrupted iterations
oidc_cold_login_refresh   [  54% ] 01/13 VUs  16m09.0s/30m0s  8.00 iters/s

running (16m10.0s), 01/13 VUs, 7754 complete and 0 interrupted iterations
oidc_cold_login_refresh   [  54% ] 01/13 VUs  16m10.0s/30m0s  8.00 iters/s

running (16m11.0s), 01/13 VUs, 7762 complete and 0 interrupted iterations
oidc_cold_login_refresh   [  54% ] 01/13 VUs  16m11.0s/30m0s  8.00 iters/s

running (16m12.0s), 01/13 VUs, 7770 complete and 0 interrupted iterations
oidc_cold_login_refresh   [  54% ] 01/13 VUs  16m12.0s/30m0s  8.00 iters/s

running (16m13.0s), 01/13 VUs, 7778 complete and 0 interrupted iterations
oidc_cold_login_refresh   [  54% ] 01/13 VUs  16m13.0s/30m0s  8.00 iters/s

running (16m14.0s), 01/13 VUs, 7786 complete and 0 interrupted iterations
oidc_cold_login_refresh   [  54% ] 01/13 VUs  16m14.0s/30m0s  8.00 iters/s

running (16m15.0s), 01/13 VUs, 7794 complete and 0 interrupted iterations
oidc_cold_login_refresh   [  54% ] 01/13 VUs  16m15.0s/30m0s  8.00 iters/s

running (16m16.0s), 01/13 VUs, 7802 complete and 0 interrupted iterations
oidc_cold_login_refresh   [  54% ] 01/13 VUs  16m16.0s/30m0s  8.00 iters/s

running (16m17.0s), 01/13 VUs, 7810 complete and 0 interrupted iterations
oidc_cold_login_refresh   [  54% ] 01/13 VUs  16m17.0s/30m0s  8.00 iters/s

running (16m18.0s), 01/13 VUs, 7818 complete and 0 interrupted iterations
oidc_cold_login_refresh   [  54% ] 01/13 VUs  16m18.0s/30m0s  8.00 iters/s

running (16m19.0s), 01/13 VUs, 7826 complete and 0 interrupted iterations
oidc_cold_login_refresh   [  54% ] 01/13 VUs  16m19.0s/30m0s  8.00 iters/s

running (16m20.0s), 01/13 VUs, 7834 complete and 0 interrupted iterations
oidc_cold_login_refresh   [  54% ] 01/13 VUs  16m20.0s/30m0s  8.00 iters/s

running (16m21.0s), 01/13 VUs, 7842 complete and 0 interrupted iterations
oidc_cold_login_refresh   [  54% ] 01/13 VUs  16m21.0s/30m0s  8.00 iters/s

running (16m22.0s), 01/13 VUs, 7850 complete and 0 interrupted iterations
oidc_cold_login_refresh   [  55% ] 01/13 VUs  16m22.0s/30m0s  8.00 iters/s

running (16m23.0s), 01/13 VUs, 7858 complete and 0 interrupted iterations
oidc_cold_login_refresh   [  55% ] 01/13 VUs  16m23.0s/30m0s  8.00 iters/s

running (16m24.0s), 01/13 VUs, 7866 complete and 0 interrupted iterations
oidc_cold_login_refresh   [  55% ] 01/13 VUs  16m24.0s/30m0s  8.00 iters/s

running (16m25.0s), 01/13 VUs, 7874 complete and 0 interrupted iterations
oidc_cold_login_refresh   [  55% ] 01/13 VUs  16m25.0s/30m0s  8.00 iters/s

running (16m26.0s), 01/13 VUs, 7882 complete and 0 interrupted iterations
oidc_cold_login_refresh   [  55% ] 01/13 VUs  16m26.0s/30m0s  8.00 iters/s

running (16m27.0s), 01/13 VUs, 7890 complete and 0 interrupted iterations
oidc_cold_login_refresh   [  55% ] 01/13 VUs  16m27.0s/30m0s  8.00 iters/s

running (16m28.0s), 01/13 VUs, 7898 complete and 0 interrupted iterations
oidc_cold_login_refresh   [  55% ] 01/13 VUs  16m28.0s/30m0s  8.00 iters/s

running (16m29.0s), 01/13 VUs, 7906 complete and 0 interrupted iterations
oidc_cold_login_refresh   [  55% ] 01/13 VUs  16m29.0s/30m0s  8.00 iters/s

running (16m30.0s), 01/13 VUs, 7914 complete and 0 interrupted iterations
oidc_cold_login_refresh   [  55% ] 01/13 VUs  16m30.0s/30m0s  8.00 iters/s

running (16m31.0s), 01/13 VUs, 7922 complete and 0 interrupted iterations
oidc_cold_login_refresh   [  55% ] 01/13 VUs  16m31.0s/30m0s  8.00 iters/s

running (16m32.0s), 01/13 VUs, 7930 complete and 0 interrupted iterations
oidc_cold_login_refresh   [  55% ] 01/13 VUs  16m32.0s/30m0s  8.00 iters/s

running (16m33.0s), 01/13 VUs, 7938 complete and 0 interrupted iterations
oidc_cold_login_refresh   [  55% ] 01/13 VUs  16m33.0s/30m0s  8.00 iters/s

running (16m34.0s), 01/13 VUs, 7946 complete and 0 interrupted iterations
oidc_cold_login_refresh   [  55% ] 01/13 VUs  16m34.0s/30m0s  8.00 iters/s

running (16m35.0s), 01/13 VUs, 7954 complete and 0 interrupted iterations
oidc_cold_login_refresh   [  55% ] 01/13 VUs  16m35.0s/30m0s  8.00 iters/s

running (16m36.0s), 01/13 VUs, 7962 complete and 0 interrupted iterations
oidc_cold_login_refresh   [  55% ] 01/13 VUs  16m36.0s/30m0s  8.00 iters/s

running (16m37.0s), 01/13 VUs, 7970 complete and 0 interrupted iterations
oidc_cold_login_refresh   [  55% ] 01/13 VUs  16m37.0s/30m0s  8.00 iters/s

running (16m38.0s), 01/13 VUs, 7978 complete and 0 interrupted iterations
oidc_cold_login_refresh   [  55% ] 01/13 VUs  16m38.0s/30m0s  8.00 iters/s

running (16m39.0s), 01/13 VUs, 7986 complete and 0 interrupted iterations
oidc_cold_login_refresh   [  55% ] 01/13 VUs  16m39.0s/30m0s  8.00 iters/s

running (16m40.0s), 01/13 VUs, 7994 complete and 0 interrupted iterations
oidc_cold_login_refresh   [  56% ] 01/13 VUs  16m40.0s/30m0s  8.00 iters/s

running (16m41.0s), 01/13 VUs, 8002 complete and 0 interrupted iterations
oidc_cold_login_refresh   [  56% ] 01/13 VUs  16m41.0s/30m0s  8.00 iters/s

running (16m42.0s), 01/13 VUs, 8010 complete and 0 interrupted iterations
oidc_cold_login_refresh   [  56% ] 01/13 VUs  16m42.0s/30m0s  8.00 iters/s

running (16m43.0s), 01/13 VUs, 8018 complete and 0 interrupted iterations
oidc_cold_login_refresh   [  56% ] 01/13 VUs  16m43.0s/30m0s  8.00 iters/s

running (16m44.0s), 01/13 VUs, 8026 complete and 0 interrupted iterations
oidc_cold_login_refresh   [  56% ] 01/13 VUs  16m44.0s/30m0s  8.00 iters/s

running (16m45.0s), 02/13 VUs, 8033 complete and 0 interrupted iterations
oidc_cold_login_refresh   [  56% ] 02/13 VUs  16m45.0s/30m0s  8.00 iters/s

running (16m46.0s), 01/13 VUs, 8042 complete and 0 interrupted iterations
oidc_cold_login_refresh   [  56% ] 01/13 VUs  16m46.0s/30m0s  8.00 iters/s

running (16m47.0s), 01/13 VUs, 8050 complete and 0 interrupted iterations
oidc_cold_login_refresh   [  56% ] 01/13 VUs  16m47.0s/30m0s  8.00 iters/s

running (16m48.0s), 01/13 VUs, 8058 complete and 0 interrupted iterations
oidc_cold_login_refresh   [  56% ] 01/13 VUs  16m48.0s/30m0s  8.00 iters/s

running (16m49.0s), 01/13 VUs, 8066 complete and 0 interrupted iterations
oidc_cold_login_refresh   [  56% ] 01/13 VUs  16m49.0s/30m0s  8.00 iters/s

running (16m50.0s), 01/13 VUs, 8074 complete and 0 interrupted iterations
oidc_cold_login_refresh   [  56% ] 01/13 VUs  16m50.0s/30m0s  8.00 iters/s

running (16m51.0s), 01/13 VUs, 8082 complete and 0 interrupted iterations
oidc_cold_login_refresh   [  56% ] 01/13 VUs  16m51.0s/30m0s  8.00 iters/s

running (16m52.0s), 01/13 VUs, 8090 complete and 0 interrupted iterations
oidc_cold_login_refresh   [  56% ] 01/13 VUs  16m52.0s/30m0s  8.00 iters/s

running (16m53.0s), 01/13 VUs, 8098 complete and 0 interrupted iterations
oidc_cold_login_refresh   [  56% ] 01/13 VUs  16m53.0s/30m0s  8.00 iters/s

running (16m54.0s), 01/13 VUs, 8106 complete and 0 interrupted iterations
oidc_cold_login_refresh   [  56% ] 01/13 VUs  16m54.0s/30m0s  8.00 iters/s

running (16m55.0s), 01/13 VUs, 8114 complete and 0 interrupted iterations
oidc_cold_login_refresh   [  56% ] 01/13 VUs  16m55.0s/30m0s  8.00 iters/s

running (16m56.0s), 02/13 VUs, 8121 complete and 0 interrupted iterations
oidc_cold_login_refresh   [  56% ] 02/13 VUs  16m56.0s/30m0s  8.00 iters/s

running (16m57.0s), 01/13 VUs, 8130 complete and 0 interrupted iterations
oidc_cold_login_refresh   [  56% ] 01/13 VUs  16m57.0s/30m0s  8.00 iters/s

running (16m58.0s), 01/13 VUs, 8138 complete and 0 interrupted iterations
oidc_cold_login_refresh   [  57% ] 01/13 VUs  16m58.0s/30m0s  8.00 iters/s

running (16m59.0s), 01/13 VUs, 8146 complete and 0 interrupted iterations
oidc_cold_login_refresh   [  57% ] 01/13 VUs  16m59.0s/30m0s  8.00 iters/s

running (17m00.0s), 01/13 VUs, 8154 complete and 0 interrupted iterations
oidc_cold_login_refresh   [  57% ] 01/13 VUs  17m00.0s/30m0s  8.00 iters/s

running (17m01.0s), 01/13 VUs, 8162 complete and 0 interrupted iterations
oidc_cold_login_refresh   [  57% ] 01/13 VUs  17m01.0s/30m0s  8.00 iters/s

running (17m02.0s), 01/13 VUs, 8170 complete and 0 interrupted iterations
oidc_cold_login_refresh   [  57% ] 01/13 VUs  17m02.0s/30m0s  8.00 iters/s

running (17m03.0s), 01/13 VUs, 8178 complete and 0 interrupted iterations
oidc_cold_login_refresh   [  57% ] 01/13 VUs  17m03.0s/30m0s  8.00 iters/s

running (17m04.0s), 01/13 VUs, 8186 complete and 0 interrupted iterations
oidc_cold_login_refresh   [  57% ] 01/13 VUs  17m04.0s/30m0s  8.00 iters/s

running (17m05.0s), 02/13 VUs, 8193 complete and 0 interrupted iterations
oidc_cold_login_refresh   [  57% ] 02/13 VUs  17m05.0s/30m0s  8.00 iters/s

running (17m06.0s), 01/13 VUs, 8202 complete and 0 interrupted iterations
oidc_cold_login_refresh   [  57% ] 01/13 VUs  17m06.0s/30m0s  8.00 iters/s

running (17m07.0s), 01/13 VUs, 8210 complete and 0 interrupted iterations
oidc_cold_login_refresh   [  57% ] 01/13 VUs  17m07.0s/30m0s  8.00 iters/s

running (17m08.0s), 01/13 VUs, 8218 complete and 0 interrupted iterations
oidc_cold_login_refresh   [  57% ] 01/13 VUs  17m08.0s/30m0s  8.00 iters/s

running (17m09.0s), 01/13 VUs, 8226 complete and 0 interrupted iterations
oidc_cold_login_refresh   [  57% ] 01/13 VUs  17m09.0s/30m0s  8.00 iters/s

running (17m10.0s), 01/13 VUs, 8234 complete and 0 interrupted iterations
oidc_cold_login_refresh   [  57% ] 01/13 VUs  17m10.0s/30m0s  8.00 iters/s

running (17m11.0s), 01/13 VUs, 8242 complete and 0 interrupted iterations
oidc_cold_login_refresh   [  57% ] 01/13 VUs  17m11.0s/30m0s  8.00 iters/s

running (17m12.0s), 01/13 VUs, 8250 complete and 0 interrupted iterations
oidc_cold_login_refresh   [  57% ] 01/13 VUs  17m12.0s/30m0s  8.00 iters/s

running (17m13.0s), 01/13 VUs, 8258 complete and 0 interrupted iterations
oidc_cold_login_refresh   [  57% ] 01/13 VUs  17m13.0s/30m0s  8.00 iters/s

running (17m14.0s), 01/13 VUs, 8266 complete and 0 interrupted iterations
oidc_cold_login_refresh   [  57% ] 01/13 VUs  17m14.0s/30m0s  8.00 iters/s

running (17m15.0s), 01/13 VUs, 8274 complete and 0 interrupted iterations
oidc_cold_login_refresh   [  57% ] 01/13 VUs  17m15.0s/30m0s  8.00 iters/s

running (17m16.0s), 01/13 VUs, 8282 complete and 0 interrupted iterations
oidc_cold_login_refresh   [  58% ] 01/13 VUs  17m16.0s/30m0s  8.00 iters/s

running (17m17.0s), 01/13 VUs, 8290 complete and 0 interrupted iterations
oidc_cold_login_refresh   [  58% ] 01/13 VUs  17m17.0s/30m0s  8.00 iters/s

running (17m18.0s), 01/13 VUs, 8298 complete and 0 interrupted iterations
oidc_cold_login_refresh   [  58% ] 01/13 VUs  17m18.0s/30m0s  8.00 iters/s

running (17m19.0s), 01/13 VUs, 8306 complete and 0 interrupted iterations
oidc_cold_login_refresh   [  58% ] 01/13 VUs  17m19.0s/30m0s  8.00 iters/s

running (17m20.0s), 01/13 VUs, 8314 complete and 0 interrupted iterations
oidc_cold_login_refresh   [  58% ] 01/13 VUs  17m20.0s/30m0s  8.00 iters/s

running (17m21.0s), 01/13 VUs, 8322 complete and 0 interrupted iterations
oidc_cold_login_refresh   [  58% ] 01/13 VUs  17m21.0s/30m0s  8.00 iters/s

running (17m22.0s), 01/13 VUs, 8330 complete and 0 interrupted iterations
oidc_cold_login_refresh   [  58% ] 01/13 VUs  17m22.0s/30m0s  8.00 iters/s

running (17m23.0s), 01/13 VUs, 8338 complete and 0 interrupted iterations
oidc_cold_login_refresh   [  58% ] 01/13 VUs  17m23.0s/30m0s  8.00 iters/s

running (17m24.0s), 01/13 VUs, 8346 complete and 0 interrupted iterations
oidc_cold_login_refresh   [  58% ] 01/13 VUs  17m24.0s/30m0s  8.00 iters/s

running (17m25.0s), 01/13 VUs, 8354 complete and 0 interrupted iterations
oidc_cold_login_refresh   [  58% ] 01/13 VUs  17m25.0s/30m0s  8.00 iters/s

running (17m26.0s), 01/13 VUs, 8362 complete and 0 interrupted iterations
oidc_cold_login_refresh   [  58% ] 01/13 VUs  17m26.0s/30m0s  8.00 iters/s

running (17m27.0s), 01/13 VUs, 8370 complete and 0 interrupted iterations
oidc_cold_login_refresh   [  58% ] 01/13 VUs  17m27.0s/30m0s  8.00 iters/s

running (17m28.0s), 01/13 VUs, 8378 complete and 0 interrupted iterations
oidc_cold_login_refresh   [  58% ] 01/13 VUs  17m28.0s/30m0s  8.00 iters/s

running (17m29.0s), 01/13 VUs, 8386 complete and 0 interrupted iterations
oidc_cold_login_refresh   [  58% ] 01/13 VUs  17m29.0s/30m0s  8.00 iters/s

running (17m30.0s), 01/13 VUs, 8394 complete and 0 interrupted iterations
oidc_cold_login_refresh   [  58% ] 01/13 VUs  17m30.0s/30m0s  8.00 iters/s

running (17m31.0s), 01/13 VUs, 8402 complete and 0 interrupted iterations
oidc_cold_login_refresh   [  58% ] 01/13 VUs  17m31.0s/30m0s  8.00 iters/s

running (17m32.0s), 01/13 VUs, 8410 complete and 0 interrupted iterations
oidc_cold_login_refresh   [  58% ] 01/13 VUs  17m32.0s/30m0s  8.00 iters/s

running (17m33.0s), 01/13 VUs, 8418 complete and 0 interrupted iterations
oidc_cold_login_refresh   [  58% ] 01/13 VUs  17m33.0s/30m0s  8.00 iters/s

running (17m34.0s), 01/13 VUs, 8426 complete and 0 interrupted iterations
oidc_cold_login_refresh   [  59% ] 01/13 VUs  17m34.0s/30m0s  8.00 iters/s

running (17m35.0s), 01/13 VUs, 8434 complete and 0 interrupted iterations
oidc_cold_login_refresh   [  59% ] 01/13 VUs  17m35.0s/30m0s  8.00 iters/s

running (17m36.0s), 01/13 VUs, 8442 complete and 0 interrupted iterations
oidc_cold_login_refresh   [  59% ] 01/13 VUs  17m36.0s/30m0s  8.00 iters/s

running (17m37.0s), 01/13 VUs, 8450 complete and 0 interrupted iterations
oidc_cold_login_refresh   [  59% ] 01/13 VUs  17m37.0s/30m0s  8.00 iters/s

running (17m38.0s), 01/13 VUs, 8458 complete and 0 interrupted iterations
oidc_cold_login_refresh   [  59% ] 01/13 VUs  17m38.0s/30m0s  8.00 iters/s

running (17m39.0s), 01/13 VUs, 8466 complete and 0 interrupted iterations
oidc_cold_login_refresh   [  59% ] 01/13 VUs  17m39.0s/30m0s  8.00 iters/s

running (17m40.0s), 01/13 VUs, 8474 complete and 0 interrupted iterations
oidc_cold_login_refresh   [  59% ] 01/13 VUs  17m40.0s/30m0s  8.00 iters/s

running (17m41.0s), 01/13 VUs, 8482 complete and 0 interrupted iterations
oidc_cold_login_refresh   [  59% ] 01/13 VUs  17m41.0s/30m0s  8.00 iters/s

running (17m42.0s), 01/13 VUs, 8490 complete and 0 interrupted iterations
oidc_cold_login_refresh   [  59% ] 01/13 VUs  17m42.0s/30m0s  8.00 iters/s

running (17m43.0s), 01/13 VUs, 8498 complete and 0 interrupted iterations
oidc_cold_login_refresh   [  59% ] 01/13 VUs  17m43.0s/30m0s  8.00 iters/s

running (17m44.0s), 02/13 VUs, 8505 complete and 0 interrupted iterations
oidc_cold_login_refresh   [  59% ] 02/13 VUs  17m44.0s/30m0s  8.00 iters/s

running (17m45.0s), 01/13 VUs, 8514 complete and 0 interrupted iterations
oidc_cold_login_refresh   [  59% ] 01/13 VUs  17m45.0s/30m0s  8.00 iters/s

running (17m46.0s), 01/13 VUs, 8522 complete and 0 interrupted iterations
oidc_cold_login_refresh   [  59% ] 01/13 VUs  17m46.0s/30m0s  8.00 iters/s

running (17m47.0s), 01/13 VUs, 8530 complete and 0 interrupted iterations
oidc_cold_login_refresh   [  59% ] 01/13 VUs  17m47.0s/30m0s  8.00 iters/s

running (17m48.0s), 01/13 VUs, 8538 complete and 0 interrupted iterations
oidc_cold_login_refresh   [  59% ] 01/13 VUs  17m48.0s/30m0s  8.00 iters/s

running (17m49.0s), 01/13 VUs, 8546 complete and 0 interrupted iterations
oidc_cold_login_refresh   [  59% ] 01/13 VUs  17m49.0s/30m0s  8.00 iters/s

running (17m50.0s), 01/13 VUs, 8554 complete and 0 interrupted iterations
oidc_cold_login_refresh   [  59% ] 01/13 VUs  17m50.0s/30m0s  8.00 iters/s

running (17m51.0s), 01/13 VUs, 8562 complete and 0 interrupted iterations
oidc_cold_login_refresh   [  59% ] 01/13 VUs  17m51.0s/30m0s  8.00 iters/s

running (17m52.0s), 01/13 VUs, 8570 complete and 0 interrupted iterations
oidc_cold_login_refresh   [  60% ] 01/13 VUs  17m52.0s/30m0s  8.00 iters/s

running (17m53.0s), 01/13 VUs, 8578 complete and 0 interrupted iterations
oidc_cold_login_refresh   [  60% ] 01/13 VUs  17m53.0s/30m0s  8.00 iters/s

running (17m54.0s), 01/13 VUs, 8586 complete and 0 interrupted iterations
oidc_cold_login_refresh   [  60% ] 01/13 VUs  17m54.0s/30m0s  8.00 iters/s

running (17m55.0s), 01/13 VUs, 8594 complete and 0 interrupted iterations
oidc_cold_login_refresh   [  60% ] 01/13 VUs  17m55.0s/30m0s  8.00 iters/s

running (17m56.0s), 01/13 VUs, 8602 complete and 0 interrupted iterations
oidc_cold_login_refresh   [  60% ] 01/13 VUs  17m56.0s/30m0s  8.00 iters/s

running (17m57.0s), 01/13 VUs, 8610 complete and 0 interrupted iterations
oidc_cold_login_refresh   [  60% ] 01/13 VUs  17m57.0s/30m0s  8.00 iters/s

running (17m58.0s), 01/13 VUs, 8618 complete and 0 interrupted iterations
oidc_cold_login_refresh   [  60% ] 01/13 VUs  17m58.0s/30m0s  8.00 iters/s

running (17m59.0s), 01/13 VUs, 8626 complete and 0 interrupted iterations
oidc_cold_login_refresh   [  60% ] 01/13 VUs  17m59.0s/30m0s  8.00 iters/s

running (18m00.0s), 01/13 VUs, 8634 complete and 0 interrupted iterations
oidc_cold_login_refresh   [  60% ] 01/13 VUs  18m00.0s/30m0s  8.00 iters/s

running (18m01.0s), 01/13 VUs, 8642 complete and 0 interrupted iterations
oidc_cold_login_refresh   [  60% ] 01/13 VUs  18m01.0s/30m0s  8.00 iters/s

running (18m02.0s), 01/13 VUs, 8650 complete and 0 interrupted iterations
oidc_cold_login_refresh   [  60% ] 01/13 VUs  18m02.0s/30m0s  8.00 iters/s

running (18m03.0s), 01/13 VUs, 8658 complete and 0 interrupted iterations
oidc_cold_login_refresh   [  60% ] 01/13 VUs  18m03.0s/30m0s  8.00 iters/s

running (18m04.0s), 01/13 VUs, 8666 complete and 0 interrupted iterations
oidc_cold_login_refresh   [  60% ] 01/13 VUs  18m04.0s/30m0s  8.00 iters/s

running (18m05.0s), 01/13 VUs, 8674 complete and 0 interrupted iterations
oidc_cold_login_refresh   [  60% ] 01/13 VUs  18m05.0s/30m0s  8.00 iters/s

running (18m06.0s), 03/13 VUs, 8680 complete and 0 interrupted iterations
oidc_cold_login_refresh   [  60% ] 03/13 VUs  18m06.0s/30m0s  8.00 iters/s

running (18m07.0s), 01/13 VUs, 8690 complete and 0 interrupted iterations
oidc_cold_login_refresh   [  60% ] 01/13 VUs  18m07.0s/30m0s  8.00 iters/s

running (18m08.0s), 01/13 VUs, 8698 complete and 0 interrupted iterations
oidc_cold_login_refresh   [  60% ] 01/13 VUs  18m08.0s/30m0s  8.00 iters/s

running (18m09.0s), 01/13 VUs, 8706 complete and 0 interrupted iterations
oidc_cold_login_refresh   [  60% ] 01/13 VUs  18m09.0s/30m0s  8.00 iters/s

running (18m10.0s), 01/13 VUs, 8714 complete and 0 interrupted iterations
oidc_cold_login_refresh   [  61% ] 01/13 VUs  18m10.0s/30m0s  8.00 iters/s

running (18m11.0s), 01/13 VUs, 8722 complete and 0 interrupted iterations
oidc_cold_login_refresh   [  61% ] 01/13 VUs  18m11.0s/30m0s  8.00 iters/s

running (18m12.0s), 01/13 VUs, 8730 complete and 0 interrupted iterations
oidc_cold_login_refresh   [  61% ] 01/13 VUs  18m12.0s/30m0s  8.00 iters/s

running (18m13.0s), 01/13 VUs, 8738 complete and 0 interrupted iterations
oidc_cold_login_refresh   [  61% ] 01/13 VUs  18m13.0s/30m0s  8.00 iters/s

running (18m14.0s), 01/13 VUs, 8746 complete and 0 interrupted iterations
oidc_cold_login_refresh   [  61% ] 01/13 VUs  18m14.0s/30m0s  8.00 iters/s

running (18m15.0s), 01/13 VUs, 8754 complete and 0 interrupted iterations
oidc_cold_login_refresh   [  61% ] 01/13 VUs  18m15.0s/30m0s  8.00 iters/s

running (18m16.0s), 01/13 VUs, 8762 complete and 0 interrupted iterations
oidc_cold_login_refresh   [  61% ] 01/13 VUs  18m16.0s/30m0s  8.00 iters/s

running (18m17.0s), 01/13 VUs, 8770 complete and 0 interrupted iterations
oidc_cold_login_refresh   [  61% ] 01/13 VUs  18m17.0s/30m0s  8.00 iters/s

running (18m18.0s), 01/13 VUs, 8778 complete and 0 interrupted iterations
oidc_cold_login_refresh   [  61% ] 01/13 VUs  18m18.0s/30m0s  8.00 iters/s

running (18m19.0s), 01/13 VUs, 8786 complete and 0 interrupted iterations
oidc_cold_login_refresh   [  61% ] 01/13 VUs  18m19.0s/30m0s  8.00 iters/s

running (18m20.0s), 01/13 VUs, 8794 complete and 0 interrupted iterations
oidc_cold_login_refresh   [  61% ] 01/13 VUs  18m20.0s/30m0s  8.00 iters/s

running (18m21.0s), 01/13 VUs, 8802 complete and 0 interrupted iterations
oidc_cold_login_refresh   [  61% ] 01/13 VUs  18m21.0s/30m0s  8.00 iters/s

running (18m22.0s), 01/13 VUs, 8810 complete and 0 interrupted iterations
oidc_cold_login_refresh   [  61% ] 01/13 VUs  18m22.0s/30m0s  8.00 iters/s

running (18m23.0s), 01/13 VUs, 8818 complete and 0 interrupted iterations
oidc_cold_login_refresh   [  61% ] 01/13 VUs  18m23.0s/30m0s  8.00 iters/s

running (18m24.0s), 01/13 VUs, 8826 complete and 0 interrupted iterations
oidc_cold_login_refresh   [  61% ] 01/13 VUs  18m24.0s/30m0s  8.00 iters/s

running (18m25.0s), 01/13 VUs, 8834 complete and 0 interrupted iterations
oidc_cold_login_refresh   [  61% ] 01/13 VUs  18m25.0s/30m0s  8.00 iters/s

running (18m26.0s), 02/13 VUs, 8841 complete and 0 interrupted iterations
oidc_cold_login_refresh   [  61% ] 02/13 VUs  18m26.0s/30m0s  8.00 iters/s

running (18m27.0s), 01/13 VUs, 8850 complete and 0 interrupted iterations
oidc_cold_login_refresh   [  61% ] 01/13 VUs  18m27.0s/30m0s  8.00 iters/s

running (18m28.0s), 02/13 VUs, 8857 complete and 0 interrupted iterations
oidc_cold_login_refresh   [  62% ] 02/13 VUs  18m28.0s/30m0s  8.00 iters/s

running (18m29.0s), 01/13 VUs, 8866 complete and 0 interrupted iterations
oidc_cold_login_refresh   [  62% ] 01/13 VUs  18m29.0s/30m0s  8.00 iters/s

running (18m30.0s), 01/13 VUs, 8874 complete and 0 interrupted iterations
oidc_cold_login_refresh   [  62% ] 01/13 VUs  18m30.0s/30m0s  8.00 iters/s

running (18m31.0s), 01/13 VUs, 8882 complete and 0 interrupted iterations
oidc_cold_login_refresh   [  62% ] 01/13 VUs  18m31.0s/30m0s  8.00 iters/s

running (18m32.0s), 01/13 VUs, 8890 complete and 0 interrupted iterations
oidc_cold_login_refresh   [  62% ] 01/13 VUs  18m32.0s/30m0s  8.00 iters/s

running (18m33.0s), 01/13 VUs, 8898 complete and 0 interrupted iterations
oidc_cold_login_refresh   [  62% ] 01/13 VUs  18m33.0s/30m0s  8.00 iters/s

running (18m34.0s), 01/13 VUs, 8906 complete and 0 interrupted iterations
oidc_cold_login_refresh   [  62% ] 01/13 VUs  18m34.0s/30m0s  8.00 iters/s

running (18m35.0s), 01/13 VUs, 8914 complete and 0 interrupted iterations
oidc_cold_login_refresh   [  62% ] 01/13 VUs  18m35.0s/30m0s  8.00 iters/s

running (18m36.0s), 01/13 VUs, 8922 complete and 0 interrupted iterations
oidc_cold_login_refresh   [  62% ] 01/13 VUs  18m36.0s/30m0s  8.00 iters/s

running (18m37.0s), 01/13 VUs, 8930 complete and 0 interrupted iterations
oidc_cold_login_refresh   [  62% ] 01/13 VUs  18m37.0s/30m0s  8.00 iters/s

running (18m38.0s), 01/13 VUs, 8938 complete and 0 interrupted iterations
oidc_cold_login_refresh   [  62% ] 01/13 VUs  18m38.0s/30m0s  8.00 iters/s

running (18m39.0s), 06/13 VUs, 8941 complete and 0 interrupted iterations
oidc_cold_login_refresh   [  62% ] 06/13 VUs  18m39.0s/30m0s  8.00 iters/s

running (18m40.0s), 06/13 VUs, 8949 complete and 0 interrupted iterations
oidc_cold_login_refresh   [  62% ] 06/13 VUs  18m40.0s/30m0s  8.00 iters/s

running (18m41.0s), 02/13 VUs, 8961 complete and 0 interrupted iterations
oidc_cold_login_refresh   [  62% ] 02/13 VUs  18m41.0s/30m0s  8.00 iters/s

running (18m42.0s), 01/13 VUs, 8970 complete and 0 interrupted iterations
oidc_cold_login_refresh   [  62% ] 01/13 VUs  18m42.0s/30m0s  8.00 iters/s

running (18m43.0s), 01/13 VUs, 8978 complete and 0 interrupted iterations
oidc_cold_login_refresh   [  62% ] 01/13 VUs  18m43.0s/30m0s  8.00 iters/s

running (18m44.0s), 01/13 VUs, 8986 complete and 0 interrupted iterations
oidc_cold_login_refresh   [  62% ] 01/13 VUs  18m44.0s/30m0s  8.00 iters/s

running (18m45.0s), 01/13 VUs, 8994 complete and 0 interrupted iterations
oidc_cold_login_refresh   [  62% ] 01/13 VUs  18m45.0s/30m0s  8.00 iters/s

running (18m46.0s), 02/13 VUs, 9001 complete and 0 interrupted iterations
oidc_cold_login_refresh   [  63% ] 02/13 VUs  18m46.0s/30m0s  8.00 iters/s

running (18m47.0s), 02/13 VUs, 9009 complete and 0 interrupted iterations
oidc_cold_login_refresh   [  63% ] 02/13 VUs  18m47.0s/30m0s  8.00 iters/s

running (18m48.0s), 01/13 VUs, 9018 complete and 0 interrupted iterations
oidc_cold_login_refresh   [  63% ] 01/13 VUs  18m48.0s/30m0s  8.00 iters/s

running (18m49.0s), 01/13 VUs, 9026 complete and 0 interrupted iterations
oidc_cold_login_refresh   [  63% ] 01/13 VUs  18m49.0s/30m0s  8.00 iters/s

running (18m50.0s), 01/13 VUs, 9034 complete and 0 interrupted iterations
oidc_cold_login_refresh   [  63% ] 01/13 VUs  18m50.0s/30m0s  8.00 iters/s

running (18m51.0s), 01/13 VUs, 9042 complete and 0 interrupted iterations
oidc_cold_login_refresh   [  63% ] 01/13 VUs  18m51.0s/30m0s  8.00 iters/s

running (18m52.0s), 01/13 VUs, 9050 complete and 0 interrupted iterations
oidc_cold_login_refresh   [  63% ] 01/13 VUs  18m52.0s/30m0s  8.00 iters/s

running (18m53.0s), 01/13 VUs, 9058 complete and 0 interrupted iterations
oidc_cold_login_refresh   [  63% ] 01/13 VUs  18m53.0s/30m0s  8.00 iters/s

running (18m54.0s), 01/13 VUs, 9066 complete and 0 interrupted iterations
oidc_cold_login_refresh   [  63% ] 01/13 VUs  18m54.0s/30m0s  8.00 iters/s

running (18m55.0s), 02/13 VUs, 9073 complete and 0 interrupted iterations
oidc_cold_login_refresh   [  63% ] 02/13 VUs  18m55.0s/30m0s  8.00 iters/s

running (18m56.0s), 01/13 VUs, 9082 complete and 0 interrupted iterations
oidc_cold_login_refresh   [  63% ] 01/13 VUs  18m56.0s/30m0s  8.00 iters/s

running (18m57.0s), 01/13 VUs, 9090 complete and 0 interrupted iterations
oidc_cold_login_refresh   [  63% ] 01/13 VUs  18m57.0s/30m0s  8.00 iters/s

running (18m58.0s), 01/13 VUs, 9098 complete and 0 interrupted iterations
oidc_cold_login_refresh   [  63% ] 01/13 VUs  18m58.0s/30m0s  8.00 iters/s

running (18m59.0s), 01/13 VUs, 9106 complete and 0 interrupted iterations
oidc_cold_login_refresh   [  63% ] 01/13 VUs  18m59.0s/30m0s  8.00 iters/s

running (19m00.0s), 01/13 VUs, 9114 complete and 0 interrupted iterations
oidc_cold_login_refresh   [  63% ] 01/13 VUs  19m00.0s/30m0s  8.00 iters/s

running (19m01.0s), 01/13 VUs, 9122 complete and 0 interrupted iterations
oidc_cold_login_refresh   [  63% ] 01/13 VUs  19m01.0s/30m0s  8.00 iters/s

running (19m02.0s), 01/13 VUs, 9130 complete and 0 interrupted iterations
oidc_cold_login_refresh   [  63% ] 01/13 VUs  19m02.0s/30m0s  8.00 iters/s

running (19m03.0s), 01/13 VUs, 9138 complete and 0 interrupted iterations
oidc_cold_login_refresh   [  63% ] 01/13 VUs  19m03.0s/30m0s  8.00 iters/s

running (19m04.0s), 01/13 VUs, 9146 complete and 0 interrupted iterations
oidc_cold_login_refresh   [  64% ] 01/13 VUs  19m04.0s/30m0s  8.00 iters/s

running (19m05.0s), 01/13 VUs, 9154 complete and 0 interrupted iterations
oidc_cold_login_refresh   [  64% ] 01/13 VUs  19m05.0s/30m0s  8.00 iters/s

running (19m06.0s), 01/13 VUs, 9162 complete and 0 interrupted iterations
oidc_cold_login_refresh   [  64% ] 01/13 VUs  19m06.0s/30m0s  8.00 iters/s

running (19m07.0s), 03/13 VUs, 9168 complete and 0 interrupted iterations
oidc_cold_login_refresh   [  64% ] 03/13 VUs  19m07.0s/30m0s  8.00 iters/s

running (19m08.0s), 01/13 VUs, 9178 complete and 0 interrupted iterations
oidc_cold_login_refresh   [  64% ] 01/13 VUs  19m08.0s/30m0s  8.00 iters/s

running (19m09.0s), 01/13 VUs, 9186 complete and 0 interrupted iterations
oidc_cold_login_refresh   [  64% ] 01/13 VUs  19m09.0s/30m0s  8.00 iters/s

running (19m10.0s), 01/13 VUs, 9194 complete and 0 interrupted iterations
oidc_cold_login_refresh   [  64% ] 01/13 VUs  19m10.0s/30m0s  8.00 iters/s

running (19m11.0s), 01/13 VUs, 9202 complete and 0 interrupted iterations
oidc_cold_login_refresh   [  64% ] 01/13 VUs  19m11.0s/30m0s  8.00 iters/s

running (19m12.0s), 01/13 VUs, 9210 complete and 0 interrupted iterations
oidc_cold_login_refresh   [  64% ] 01/13 VUs  19m12.0s/30m0s  8.00 iters/s

running (19m13.0s), 01/13 VUs, 9218 complete and 0 interrupted iterations
oidc_cold_login_refresh   [  64% ] 01/13 VUs  19m13.0s/30m0s  8.00 iters/s

running (19m14.0s), 01/13 VUs, 9226 complete and 0 interrupted iterations
oidc_cold_login_refresh   [  64% ] 01/13 VUs  19m14.0s/30m0s  8.00 iters/s

running (19m15.0s), 01/13 VUs, 9234 complete and 0 interrupted iterations
oidc_cold_login_refresh   [  64% ] 01/13 VUs  19m15.0s/30m0s  8.00 iters/s

running (19m16.0s), 01/13 VUs, 9242 complete and 0 interrupted iterations
oidc_cold_login_refresh   [  64% ] 01/13 VUs  19m16.0s/30m0s  8.00 iters/s

running (19m17.0s), 01/13 VUs, 9250 complete and 0 interrupted iterations
oidc_cold_login_refresh   [  64% ] 01/13 VUs  19m17.0s/30m0s  8.00 iters/s

running (19m18.0s), 01/13 VUs, 9258 complete and 0 interrupted iterations
oidc_cold_login_refresh   [  64% ] 01/13 VUs  19m18.0s/30m0s  8.00 iters/s

running (19m19.0s), 01/13 VUs, 9266 complete and 0 interrupted iterations
oidc_cold_login_refresh   [  64% ] 01/13 VUs  19m19.0s/30m0s  8.00 iters/s

running (19m20.0s), 01/13 VUs, 9274 complete and 0 interrupted iterations
oidc_cold_login_refresh   [  64% ] 01/13 VUs  19m20.0s/30m0s  8.00 iters/s

running (19m21.0s), 01/13 VUs, 9282 complete and 0 interrupted iterations
oidc_cold_login_refresh   [  64% ] 01/13 VUs  19m21.0s/30m0s  8.00 iters/s

running (19m22.0s), 01/13 VUs, 9290 complete and 0 interrupted iterations
oidc_cold_login_refresh   [  65% ] 01/13 VUs  19m22.0s/30m0s  8.00 iters/s

running (19m23.0s), 01/13 VUs, 9298 complete and 0 interrupted iterations
oidc_cold_login_refresh   [  65% ] 01/13 VUs  19m23.0s/30m0s  8.00 iters/s

running (19m24.0s), 01/13 VUs, 9306 complete and 0 interrupted iterations
oidc_cold_login_refresh   [  65% ] 01/13 VUs  19m24.0s/30m0s  8.00 iters/s

running (19m25.0s), 01/13 VUs, 9314 complete and 0 interrupted iterations
oidc_cold_login_refresh   [  65% ] 01/13 VUs  19m25.0s/30m0s  8.00 iters/s

running (19m26.0s), 01/13 VUs, 9322 complete and 0 interrupted iterations
oidc_cold_login_refresh   [  65% ] 01/13 VUs  19m26.0s/30m0s  8.00 iters/s

running (19m27.0s), 02/13 VUs, 9329 complete and 0 interrupted iterations
oidc_cold_login_refresh   [  65% ] 02/13 VUs  19m27.0s/30m0s  8.00 iters/s

running (19m28.0s), 02/13 VUs, 9337 complete and 0 interrupted iterations
oidc_cold_login_refresh   [  65% ] 02/13 VUs  19m28.0s/30m0s  8.00 iters/s

running (19m29.0s), 03/13 VUs, 9344 complete and 0 interrupted iterations
oidc_cold_login_refresh   [  65% ] 03/13 VUs  19m29.0s/30m0s  8.00 iters/s

running (19m30.0s), 01/13 VUs, 9354 complete and 0 interrupted iterations
oidc_cold_login_refresh   [  65% ] 01/13 VUs  19m30.0s/30m0s  8.00 iters/s

running (19m31.0s), 01/13 VUs, 9362 complete and 0 interrupted iterations
oidc_cold_login_refresh   [  65% ] 01/13 VUs  19m31.0s/30m0s  8.00 iters/s

running (19m32.0s), 02/13 VUs, 9369 complete and 0 interrupted iterations
oidc_cold_login_refresh   [  65% ] 02/13 VUs  19m32.0s/30m0s  8.00 iters/s

running (19m33.0s), 01/13 VUs, 9378 complete and 0 interrupted iterations
oidc_cold_login_refresh   [  65% ] 01/13 VUs  19m33.0s/30m0s  8.00 iters/s

running (19m34.0s), 01/13 VUs, 9386 complete and 0 interrupted iterations
oidc_cold_login_refresh   [  65% ] 01/13 VUs  19m34.0s/30m0s  8.00 iters/s

running (19m35.0s), 01/13 VUs, 9394 complete and 0 interrupted iterations
oidc_cold_login_refresh   [  65% ] 01/13 VUs  19m35.0s/30m0s  8.00 iters/s

running (19m36.0s), 01/13 VUs, 9402 complete and 0 interrupted iterations
oidc_cold_login_refresh   [  65% ] 01/13 VUs  19m36.0s/30m0s  8.00 iters/s

running (19m37.0s), 01/13 VUs, 9410 complete and 0 interrupted iterations
oidc_cold_login_refresh   [  65% ] 01/13 VUs  19m37.0s/30m0s  8.00 iters/s

running (19m38.0s), 01/13 VUs, 9418 complete and 0 interrupted iterations
oidc_cold_login_refresh   [  65% ] 01/13 VUs  19m38.0s/30m0s  8.00 iters/s

running (19m39.0s), 01/13 VUs, 9426 complete and 0 interrupted iterations
oidc_cold_login_refresh   [  65% ] 01/13 VUs  19m39.0s/30m0s  8.00 iters/s

running (19m40.0s), 01/13 VUs, 9434 complete and 0 interrupted iterations
oidc_cold_login_refresh   [  66% ] 01/13 VUs  19m40.0s/30m0s  8.00 iters/s

running (19m41.0s), 01/13 VUs, 9442 complete and 0 interrupted iterations
oidc_cold_login_refresh   [  66% ] 01/13 VUs  19m41.0s/30m0s  8.00 iters/s

running (19m42.0s), 01/13 VUs, 9450 complete and 0 interrupted iterations
oidc_cold_login_refresh   [  66% ] 01/13 VUs  19m42.0s/30m0s  8.00 iters/s

running (19m43.0s), 01/13 VUs, 9458 complete and 0 interrupted iterations
oidc_cold_login_refresh   [  66% ] 01/13 VUs  19m43.0s/30m0s  8.00 iters/s

running (19m44.0s), 01/13 VUs, 9466 complete and 0 interrupted iterations
oidc_cold_login_refresh   [  66% ] 01/13 VUs  19m44.0s/30m0s  8.00 iters/s

running (19m45.0s), 01/13 VUs, 9474 complete and 0 interrupted iterations
oidc_cold_login_refresh   [  66% ] 01/13 VUs  19m45.0s/30m0s  8.00 iters/s

running (19m46.0s), 01/13 VUs, 9482 complete and 0 interrupted iterations
oidc_cold_login_refresh   [  66% ] 01/13 VUs  19m46.0s/30m0s  8.00 iters/s

running (19m47.0s), 02/13 VUs, 9489 complete and 0 interrupted iterations
oidc_cold_login_refresh   [  66% ] 02/13 VUs  19m47.0s/30m0s  8.00 iters/s

running (19m48.0s), 01/13 VUs, 9498 complete and 0 interrupted iterations
oidc_cold_login_refresh   [  66% ] 01/13 VUs  19m48.0s/30m0s  8.00 iters/s

running (19m49.0s), 01/13 VUs, 9506 complete and 0 interrupted iterations
oidc_cold_login_refresh   [  66% ] 01/13 VUs  19m49.0s/30m0s  8.00 iters/s

running (19m50.0s), 01/13 VUs, 9514 complete and 0 interrupted iterations
oidc_cold_login_refresh   [  66% ] 01/13 VUs  19m50.0s/30m0s  8.00 iters/s

running (19m51.0s), 01/13 VUs, 9522 complete and 0 interrupted iterations
oidc_cold_login_refresh   [  66% ] 01/13 VUs  19m51.0s/30m0s  8.00 iters/s

running (19m52.0s), 01/13 VUs, 9530 complete and 0 interrupted iterations
oidc_cold_login_refresh   [  66% ] 01/13 VUs  19m52.0s/30m0s  8.00 iters/s

running (19m53.0s), 01/13 VUs, 9538 complete and 0 interrupted iterations
oidc_cold_login_refresh   [  66% ] 01/13 VUs  19m53.0s/30m0s  8.00 iters/s

running (19m54.0s), 01/13 VUs, 9546 complete and 0 interrupted iterations
oidc_cold_login_refresh   [  66% ] 01/13 VUs  19m54.0s/30m0s  8.00 iters/s

running (19m55.0s), 01/13 VUs, 9554 complete and 0 interrupted iterations
oidc_cold_login_refresh   [  66% ] 01/13 VUs  19m55.0s/30m0s  8.00 iters/s

running (19m56.0s), 01/13 VUs, 9562 complete and 0 interrupted iterations
oidc_cold_login_refresh   [  66% ] 01/13 VUs  19m56.0s/30m0s  8.00 iters/s

running (19m57.0s), 01/13 VUs, 9570 complete and 0 interrupted iterations
oidc_cold_login_refresh   [  66% ] 01/13 VUs  19m57.0s/30m0s  8.00 iters/s

running (19m58.0s), 01/13 VUs, 9578 complete and 0 interrupted iterations
oidc_cold_login_refresh   [  67% ] 01/13 VUs  19m58.0s/30m0s  8.00 iters/s

running (19m59.0s), 01/13 VUs, 9586 complete and 0 interrupted iterations
oidc_cold_login_refresh   [  67% ] 01/13 VUs  19m59.0s/30m0s  8.00 iters/s

running (20m00.0s), 01/13 VUs, 9594 complete and 0 interrupted iterations
oidc_cold_login_refresh   [  67% ] 01/13 VUs  20m00.0s/30m0s  8.00 iters/s

running (20m01.0s), 01/13 VUs, 9602 complete and 0 interrupted iterations
oidc_cold_login_refresh   [  67% ] 01/13 VUs  20m01.0s/30m0s  8.00 iters/s

running (20m02.0s), 01/13 VUs, 9610 complete and 0 interrupted iterations
oidc_cold_login_refresh   [  67% ] 01/13 VUs  20m02.0s/30m0s  8.00 iters/s

running (20m03.0s), 01/13 VUs, 9618 complete and 0 interrupted iterations
oidc_cold_login_refresh   [  67% ] 01/13 VUs  20m03.0s/30m0s  8.00 iters/s

running (20m04.0s), 01/13 VUs, 9626 complete and 0 interrupted iterations
oidc_cold_login_refresh   [  67% ] 01/13 VUs  20m04.0s/30m0s  8.00 iters/s

running (20m05.0s), 01/13 VUs, 9634 complete and 0 interrupted iterations
oidc_cold_login_refresh   [  67% ] 01/13 VUs  20m05.0s/30m0s  8.00 iters/s

running (20m06.0s), 01/13 VUs, 9642 complete and 0 interrupted iterations
oidc_cold_login_refresh   [  67% ] 01/13 VUs  20m06.0s/30m0s  8.00 iters/s

running (20m07.0s), 01/13 VUs, 9650 complete and 0 interrupted iterations
oidc_cold_login_refresh   [  67% ] 01/13 VUs  20m07.0s/30m0s  8.00 iters/s

running (20m08.0s), 01/13 VUs, 9658 complete and 0 interrupted iterations
oidc_cold_login_refresh   [  67% ] 01/13 VUs  20m08.0s/30m0s  8.00 iters/s

running (20m09.0s), 01/13 VUs, 9666 complete and 0 interrupted iterations
oidc_cold_login_refresh   [  67% ] 01/13 VUs  20m09.0s/30m0s  8.00 iters/s

running (20m10.0s), 01/13 VUs, 9674 complete and 0 interrupted iterations
oidc_cold_login_refresh   [  67% ] 01/13 VUs  20m10.0s/30m0s  8.00 iters/s

running (20m11.0s), 01/13 VUs, 9682 complete and 0 interrupted iterations
oidc_cold_login_refresh   [  67% ] 01/13 VUs  20m11.0s/30m0s  8.00 iters/s

running (20m12.0s), 01/13 VUs, 9690 complete and 0 interrupted iterations
oidc_cold_login_refresh   [  67% ] 01/13 VUs  20m12.0s/30m0s  8.00 iters/s

running (20m13.0s), 01/13 VUs, 9698 complete and 0 interrupted iterations
oidc_cold_login_refresh   [  67% ] 01/13 VUs  20m13.0s/30m0s  8.00 iters/s

running (20m14.0s), 01/13 VUs, 9706 complete and 0 interrupted iterations
oidc_cold_login_refresh   [  67% ] 01/13 VUs  20m14.0s/30m0s  8.00 iters/s

running (20m15.0s), 01/13 VUs, 9714 complete and 0 interrupted iterations
oidc_cold_login_refresh   [  67% ] 01/13 VUs  20m15.0s/30m0s  8.00 iters/s

running (20m16.0s), 01/13 VUs, 9722 complete and 0 interrupted iterations
oidc_cold_login_refresh   [  68% ] 01/13 VUs  20m16.0s/30m0s  8.00 iters/s

running (20m17.0s), 01/13 VUs, 9730 complete and 0 interrupted iterations
oidc_cold_login_refresh   [  68% ] 01/13 VUs  20m17.0s/30m0s  8.00 iters/s

running (20m18.0s), 01/13 VUs, 9738 complete and 0 interrupted iterations
oidc_cold_login_refresh   [  68% ] 01/13 VUs  20m18.0s/30m0s  8.00 iters/s

running (20m19.0s), 01/13 VUs, 9746 complete and 0 interrupted iterations
oidc_cold_login_refresh   [  68% ] 01/13 VUs  20m19.0s/30m0s  8.00 iters/s

running (20m20.0s), 01/13 VUs, 9754 complete and 0 interrupted iterations
oidc_cold_login_refresh   [  68% ] 01/13 VUs  20m20.0s/30m0s  8.00 iters/s

running (20m21.0s), 01/13 VUs, 9762 complete and 0 interrupted iterations
oidc_cold_login_refresh   [  68% ] 01/13 VUs  20m21.0s/30m0s  8.00 iters/s

running (20m22.0s), 01/13 VUs, 9770 complete and 0 interrupted iterations
oidc_cold_login_refresh   [  68% ] 01/13 VUs  20m22.0s/30m0s  8.00 iters/s

running (20m23.0s), 01/13 VUs, 9778 complete and 0 interrupted iterations
oidc_cold_login_refresh   [  68% ] 01/13 VUs  20m23.0s/30m0s  8.00 iters/s

running (20m24.0s), 01/13 VUs, 9786 complete and 0 interrupted iterations
oidc_cold_login_refresh   [  68% ] 01/13 VUs  20m24.0s/30m0s  8.00 iters/s

running (20m25.0s), 01/13 VUs, 9794 complete and 0 interrupted iterations
oidc_cold_login_refresh   [  68% ] 01/13 VUs  20m25.0s/30m0s  8.00 iters/s

running (20m26.0s), 01/13 VUs, 9802 complete and 0 interrupted iterations
oidc_cold_login_refresh   [  68% ] 01/13 VUs  20m26.0s/30m0s  8.00 iters/s

running (20m27.0s), 01/13 VUs, 9810 complete and 0 interrupted iterations
oidc_cold_login_refresh   [  68% ] 01/13 VUs  20m27.0s/30m0s  8.00 iters/s

running (20m28.0s), 01/13 VUs, 9818 complete and 0 interrupted iterations
oidc_cold_login_refresh   [  68% ] 01/13 VUs  20m28.0s/30m0s  8.00 iters/s

running (20m29.0s), 01/13 VUs, 9826 complete and 0 interrupted iterations
oidc_cold_login_refresh   [  68% ] 01/13 VUs  20m29.0s/30m0s  8.00 iters/s

running (20m30.0s), 01/13 VUs, 9834 complete and 0 interrupted iterations
oidc_cold_login_refresh   [  68% ] 01/13 VUs  20m30.0s/30m0s  8.00 iters/s

running (20m31.0s), 01/13 VUs, 9842 complete and 0 interrupted iterations
oidc_cold_login_refresh   [  68% ] 01/13 VUs  20m31.0s/30m0s  8.00 iters/s

running (20m32.0s), 01/13 VUs, 9850 complete and 0 interrupted iterations
oidc_cold_login_refresh   [  68% ] 01/13 VUs  20m32.0s/30m0s  8.00 iters/s

running (20m33.0s), 01/13 VUs, 9858 complete and 0 interrupted iterations
oidc_cold_login_refresh   [  68% ] 01/13 VUs  20m33.0s/30m0s  8.00 iters/s

running (20m34.0s), 01/13 VUs, 9866 complete and 0 interrupted iterations
oidc_cold_login_refresh   [  69% ] 01/13 VUs  20m34.0s/30m0s  8.00 iters/s

running (20m35.0s), 01/13 VUs, 9874 complete and 0 interrupted iterations
oidc_cold_login_refresh   [  69% ] 01/13 VUs  20m35.0s/30m0s  8.00 iters/s

running (20m36.0s), 01/13 VUs, 9882 complete and 0 interrupted iterations
oidc_cold_login_refresh   [  69% ] 01/13 VUs  20m36.0s/30m0s  8.00 iters/s

running (20m37.0s), 01/13 VUs, 9890 complete and 0 interrupted iterations
oidc_cold_login_refresh   [  69% ] 01/13 VUs  20m37.0s/30m0s  8.00 iters/s

running (20m38.0s), 01/13 VUs, 9898 complete and 0 interrupted iterations
oidc_cold_login_refresh   [  69% ] 01/13 VUs  20m38.0s/30m0s  8.00 iters/s

running (20m39.0s), 01/13 VUs, 9906 complete and 0 interrupted iterations
oidc_cold_login_refresh   [  69% ] 01/13 VUs  20m39.0s/30m0s  8.00 iters/s

running (20m40.0s), 01/13 VUs, 9914 complete and 0 interrupted iterations
oidc_cold_login_refresh   [  69% ] 01/13 VUs  20m40.0s/30m0s  8.00 iters/s

running (20m41.0s), 01/13 VUs, 9922 complete and 0 interrupted iterations
oidc_cold_login_refresh   [  69% ] 01/13 VUs  20m41.0s/30m0s  8.00 iters/s

running (20m42.0s), 01/13 VUs, 9930 complete and 0 interrupted iterations
oidc_cold_login_refresh   [  69% ] 01/13 VUs  20m42.0s/30m0s  8.00 iters/s

running (20m43.0s), 01/13 VUs, 9938 complete and 0 interrupted iterations
oidc_cold_login_refresh   [  69% ] 01/13 VUs  20m43.0s/30m0s  8.00 iters/s

running (20m44.0s), 01/13 VUs, 9946 complete and 0 interrupted iterations
oidc_cold_login_refresh   [  69% ] 01/13 VUs  20m44.0s/30m0s  8.00 iters/s

running (20m45.0s), 01/13 VUs, 9954 complete and 0 interrupted iterations
oidc_cold_login_refresh   [  69% ] 01/13 VUs  20m45.0s/30m0s  8.00 iters/s

running (20m46.0s), 01/13 VUs, 9962 complete and 0 interrupted iterations
oidc_cold_login_refresh   [  69% ] 01/13 VUs  20m46.0s/30m0s  8.00 iters/s

running (20m47.0s), 01/13 VUs, 9970 complete and 0 interrupted iterations
oidc_cold_login_refresh   [  69% ] 01/13 VUs  20m47.0s/30m0s  8.00 iters/s

running (20m48.0s), 03/13 VUs, 9976 complete and 0 interrupted iterations
oidc_cold_login_refresh   [  69% ] 03/13 VUs  20m48.0s/30m0s  8.00 iters/s

running (20m49.0s), 01/13 VUs, 9986 complete and 0 interrupted iterations
oidc_cold_login_refresh   [  69% ] 01/13 VUs  20m49.0s/30m0s  8.00 iters/s

running (20m50.0s), 01/13 VUs, 9994 complete and 0 interrupted iterations
oidc_cold_login_refresh   [  69% ] 01/13 VUs  20m50.0s/30m0s  8.00 iters/s

running (20m51.0s), 01/13 VUs, 10002 complete and 0 interrupted iterations
oidc_cold_login_refresh   [  69% ] 01/13 VUs  20m51.0s/30m0s  8.00 iters/s

running (20m52.0s), 01/13 VUs, 10010 complete and 0 interrupted iterations
oidc_cold_login_refresh   [  70% ] 01/13 VUs  20m52.0s/30m0s  8.00 iters/s

running (20m53.0s), 01/13 VUs, 10018 complete and 0 interrupted iterations
oidc_cold_login_refresh   [  70% ] 01/13 VUs  20m53.0s/30m0s  8.00 iters/s

running (20m54.0s), 01/13 VUs, 10026 complete and 0 interrupted iterations
oidc_cold_login_refresh   [  70% ] 01/13 VUs  20m54.0s/30m0s  8.00 iters/s

running (20m55.0s), 01/13 VUs, 10034 complete and 0 interrupted iterations
oidc_cold_login_refresh   [  70% ] 01/13 VUs  20m55.0s/30m0s  8.00 iters/s

running (20m56.0s), 01/13 VUs, 10042 complete and 0 interrupted iterations
oidc_cold_login_refresh   [  70% ] 01/13 VUs  20m56.0s/30m0s  8.00 iters/s

running (20m57.0s), 01/13 VUs, 10050 complete and 0 interrupted iterations
oidc_cold_login_refresh   [  70% ] 01/13 VUs  20m57.0s/30m0s  8.00 iters/s

running (20m58.0s), 01/13 VUs, 10058 complete and 0 interrupted iterations
oidc_cold_login_refresh   [  70% ] 01/13 VUs  20m58.0s/30m0s  8.00 iters/s

running (20m59.0s), 01/13 VUs, 10066 complete and 0 interrupted iterations
oidc_cold_login_refresh   [  70% ] 01/13 VUs  20m59.0s/30m0s  8.00 iters/s

running (21m00.0s), 01/13 VUs, 10074 complete and 0 interrupted iterations
oidc_cold_login_refresh   [  70% ] 01/13 VUs  21m00.0s/30m0s  8.00 iters/s

running (21m01.0s), 01/13 VUs, 10082 complete and 0 interrupted iterations
oidc_cold_login_refresh   [  70% ] 01/13 VUs  21m01.0s/30m0s  8.00 iters/s

running (21m02.0s), 01/13 VUs, 10090 complete and 0 interrupted iterations
oidc_cold_login_refresh   [  70% ] 01/13 VUs  21m02.0s/30m0s  8.00 iters/s

running (21m03.0s), 01/13 VUs, 10098 complete and 0 interrupted iterations
oidc_cold_login_refresh   [  70% ] 01/13 VUs  21m03.0s/30m0s  8.00 iters/s

running (21m04.0s), 01/13 VUs, 10106 complete and 0 interrupted iterations
oidc_cold_login_refresh   [  70% ] 01/13 VUs  21m04.0s/30m0s  8.00 iters/s

running (21m05.0s), 01/13 VUs, 10114 complete and 0 interrupted iterations
oidc_cold_login_refresh   [  70% ] 01/13 VUs  21m05.0s/30m0s  8.00 iters/s

running (21m06.0s), 01/13 VUs, 10122 complete and 0 interrupted iterations
oidc_cold_login_refresh   [  70% ] 01/13 VUs  21m06.0s/30m0s  8.00 iters/s

running (21m07.0s), 01/13 VUs, 10130 complete and 0 interrupted iterations
oidc_cold_login_refresh   [  70% ] 01/13 VUs  21m07.0s/30m0s  8.00 iters/s

running (21m08.0s), 02/13 VUs, 10137 complete and 0 interrupted iterations
oidc_cold_login_refresh   [  70% ] 02/13 VUs  21m08.0s/30m0s  8.00 iters/s

running (21m09.0s), 03/13 VUs, 10144 complete and 0 interrupted iterations
oidc_cold_login_refresh   [  70% ] 03/13 VUs  21m09.0s/30m0s  8.00 iters/s

running (21m10.0s), 01/13 VUs, 10154 complete and 0 interrupted iterations
oidc_cold_login_refresh   [  71% ] 01/13 VUs  21m10.0s/30m0s  8.00 iters/s

running (21m11.0s), 01/13 VUs, 10162 complete and 0 interrupted iterations
oidc_cold_login_refresh   [  71% ] 01/13 VUs  21m11.0s/30m0s  8.00 iters/s

running (21m12.0s), 01/13 VUs, 10170 complete and 0 interrupted iterations
oidc_cold_login_refresh   [  71% ] 01/13 VUs  21m12.0s/30m0s  8.00 iters/s

running (21m13.0s), 02/13 VUs, 10177 complete and 0 interrupted iterations
oidc_cold_login_refresh   [  71% ] 02/13 VUs  21m13.0s/30m0s  8.00 iters/s

running (21m14.0s), 01/13 VUs, 10186 complete and 0 interrupted iterations
oidc_cold_login_refresh   [  71% ] 01/13 VUs  21m14.0s/30m0s  8.00 iters/s

running (21m15.0s), 01/13 VUs, 10194 complete and 0 interrupted iterations
oidc_cold_login_refresh   [  71% ] 01/13 VUs  21m15.0s/30m0s  8.00 iters/s

running (21m16.0s), 01/13 VUs, 10202 complete and 0 interrupted iterations
oidc_cold_login_refresh   [  71% ] 01/13 VUs  21m16.0s/30m0s  8.00 iters/s

running (21m17.0s), 01/13 VUs, 10210 complete and 0 interrupted iterations
oidc_cold_login_refresh   [  71% ] 01/13 VUs  21m17.0s/30m0s  8.00 iters/s

running (21m18.0s), 01/13 VUs, 10218 complete and 0 interrupted iterations
oidc_cold_login_refresh   [  71% ] 01/13 VUs  21m18.0s/30m0s  8.00 iters/s

running (21m19.0s), 01/13 VUs, 10226 complete and 0 interrupted iterations
oidc_cold_login_refresh   [  71% ] 01/13 VUs  21m19.0s/30m0s  8.00 iters/s

running (21m20.0s), 01/13 VUs, 10234 complete and 0 interrupted iterations
oidc_cold_login_refresh   [  71% ] 01/13 VUs  21m20.0s/30m0s  8.00 iters/s

running (21m21.0s), 01/13 VUs, 10242 complete and 0 interrupted iterations
oidc_cold_login_refresh   [  71% ] 01/13 VUs  21m21.0s/30m0s  8.00 iters/s

running (21m22.0s), 01/13 VUs, 10250 complete and 0 interrupted iterations
oidc_cold_login_refresh   [  71% ] 01/13 VUs  21m22.0s/30m0s  8.00 iters/s

running (21m23.0s), 01/13 VUs, 10258 complete and 0 interrupted iterations
oidc_cold_login_refresh   [  71% ] 01/13 VUs  21m23.0s/30m0s  8.00 iters/s

running (21m24.0s), 01/13 VUs, 10266 complete and 0 interrupted iterations
oidc_cold_login_refresh   [  71% ] 01/13 VUs  21m24.0s/30m0s  8.00 iters/s

running (21m25.0s), 01/13 VUs, 10274 complete and 0 interrupted iterations
oidc_cold_login_refresh   [  71% ] 01/13 VUs  21m25.0s/30m0s  8.00 iters/s

running (21m26.0s), 01/13 VUs, 10282 complete and 0 interrupted iterations
oidc_cold_login_refresh   [  71% ] 01/13 VUs  21m26.0s/30m0s  8.00 iters/s

running (21m27.0s), 01/13 VUs, 10290 complete and 0 interrupted iterations
oidc_cold_login_refresh   [  71% ] 01/13 VUs  21m27.0s/30m0s  8.00 iters/s

running (21m28.0s), 01/13 VUs, 10298 complete and 0 interrupted iterations
oidc_cold_login_refresh   [  72% ] 01/13 VUs  21m28.0s/30m0s  8.00 iters/s

running (21m29.0s), 04/13 VUs, 10303 complete and 0 interrupted iterations
oidc_cold_login_refresh   [  72% ] 04/13 VUs  21m29.0s/30m0s  8.00 iters/s

running (21m30.0s), 01/13 VUs, 10314 complete and 0 interrupted iterations
oidc_cold_login_refresh   [  72% ] 01/13 VUs  21m30.0s/30m0s  8.00 iters/s

running (21m31.0s), 01/13 VUs, 10322 complete and 0 interrupted iterations
oidc_cold_login_refresh   [  72% ] 01/13 VUs  21m31.0s/30m0s  8.00 iters/s

running (21m32.0s), 01/13 VUs, 10330 complete and 0 interrupted iterations
oidc_cold_login_refresh   [  72% ] 01/13 VUs  21m32.0s/30m0s  8.00 iters/s

running (21m33.0s), 01/13 VUs, 10338 complete and 0 interrupted iterations
oidc_cold_login_refresh   [  72% ] 01/13 VUs  21m33.0s/30m0s  8.00 iters/s

running (21m34.0s), 01/13 VUs, 10346 complete and 0 interrupted iterations
oidc_cold_login_refresh   [  72% ] 01/13 VUs  21m34.0s/30m0s  8.00 iters/s

running (21m35.0s), 01/13 VUs, 10354 complete and 0 interrupted iterations
oidc_cold_login_refresh   [  72% ] 01/13 VUs  21m35.0s/30m0s  8.00 iters/s

running (21m36.0s), 01/13 VUs, 10362 complete and 0 interrupted iterations
oidc_cold_login_refresh   [  72% ] 01/13 VUs  21m36.0s/30m0s  8.00 iters/s

running (21m37.0s), 01/13 VUs, 10370 complete and 0 interrupted iterations
oidc_cold_login_refresh   [  72% ] 01/13 VUs  21m37.0s/30m0s  8.00 iters/s

running (21m38.0s), 01/13 VUs, 10378 complete and 0 interrupted iterations
oidc_cold_login_refresh   [  72% ] 01/13 VUs  21m38.0s/30m0s  8.00 iters/s

running (21m39.0s), 01/13 VUs, 10386 complete and 0 interrupted iterations
oidc_cold_login_refresh   [  72% ] 01/13 VUs  21m39.0s/30m0s  8.00 iters/s

running (21m40.0s), 01/13 VUs, 10394 complete and 0 interrupted iterations
oidc_cold_login_refresh   [  72% ] 01/13 VUs  21m40.0s/30m0s  8.00 iters/s

running (21m41.0s), 01/13 VUs, 10402 complete and 0 interrupted iterations
oidc_cold_login_refresh   [  72% ] 01/13 VUs  21m41.0s/30m0s  8.00 iters/s

running (21m42.0s), 01/13 VUs, 10410 complete and 0 interrupted iterations
oidc_cold_login_refresh   [  72% ] 01/13 VUs  21m42.0s/30m0s  8.00 iters/s

running (21m43.0s), 01/13 VUs, 10418 complete and 0 interrupted iterations
oidc_cold_login_refresh   [  72% ] 01/13 VUs  21m43.0s/30m0s  8.00 iters/s

running (21m44.0s), 01/13 VUs, 10426 complete and 0 interrupted iterations
oidc_cold_login_refresh   [  72% ] 01/13 VUs  21m44.0s/30m0s  8.00 iters/s

running (21m45.0s), 01/13 VUs, 10434 complete and 0 interrupted iterations
oidc_cold_login_refresh   [  72% ] 01/13 VUs  21m45.0s/30m0s  8.00 iters/s

running (21m46.0s), 01/13 VUs, 10442 complete and 0 interrupted iterations
oidc_cold_login_refresh   [  73% ] 01/13 VUs  21m46.0s/30m0s  8.00 iters/s

running (21m47.0s), 01/13 VUs, 10450 complete and 0 interrupted iterations
oidc_cold_login_refresh   [  73% ] 01/13 VUs  21m47.0s/30m0s  8.00 iters/s

running (21m48.0s), 01/13 VUs, 10458 complete and 0 interrupted iterations
oidc_cold_login_refresh   [  73% ] 01/13 VUs  21m48.0s/30m0s  8.00 iters/s

running (21m49.0s), 01/13 VUs, 10466 complete and 0 interrupted iterations
oidc_cold_login_refresh   [  73% ] 01/13 VUs  21m49.0s/30m0s  8.00 iters/s

running (21m50.0s), 02/13 VUs, 10473 complete and 0 interrupted iterations
oidc_cold_login_refresh   [  73% ] 02/13 VUs  21m50.0s/30m0s  8.00 iters/s

running (21m51.0s), 01/13 VUs, 10482 complete and 0 interrupted iterations
oidc_cold_login_refresh   [  73% ] 01/13 VUs  21m51.0s/30m0s  8.00 iters/s

running (21m52.0s), 01/13 VUs, 10490 complete and 0 interrupted iterations
oidc_cold_login_refresh   [  73% ] 01/13 VUs  21m52.0s/30m0s  8.00 iters/s

running (21m53.0s), 01/13 VUs, 10498 complete and 0 interrupted iterations
oidc_cold_login_refresh   [  73% ] 01/13 VUs  21m53.0s/30m0s  8.00 iters/s

running (21m54.0s), 01/13 VUs, 10506 complete and 0 interrupted iterations
oidc_cold_login_refresh   [  73% ] 01/13 VUs  21m54.0s/30m0s  8.00 iters/s

running (21m55.0s), 01/13 VUs, 10514 complete and 0 interrupted iterations
oidc_cold_login_refresh   [  73% ] 01/13 VUs  21m55.0s/30m0s  8.00 iters/s

running (21m56.0s), 01/13 VUs, 10522 complete and 0 interrupted iterations
oidc_cold_login_refresh   [  73% ] 01/13 VUs  21m56.0s/30m0s  8.00 iters/s

running (21m57.0s), 02/13 VUs, 10529 complete and 0 interrupted iterations
oidc_cold_login_refresh   [  73% ] 02/13 VUs  21m57.0s/30m0s  8.00 iters/s

running (21m58.0s), 01/13 VUs, 10538 complete and 0 interrupted iterations
oidc_cold_login_refresh   [  73% ] 01/13 VUs  21m58.0s/30m0s  8.00 iters/s

running (21m59.0s), 01/13 VUs, 10546 complete and 0 interrupted iterations
oidc_cold_login_refresh   [  73% ] 01/13 VUs  21m59.0s/30m0s  8.00 iters/s

running (22m00.0s), 04/13 VUs, 10551 complete and 0 interrupted iterations
oidc_cold_login_refresh   [  73% ] 04/13 VUs  22m00.0s/30m0s  8.00 iters/s

running (22m01.0s), 01/13 VUs, 10562 complete and 0 interrupted iterations
oidc_cold_login_refresh   [  73% ] 01/13 VUs  22m01.0s/30m0s  8.00 iters/s

running (22m02.0s), 01/13 VUs, 10570 complete and 0 interrupted iterations
oidc_cold_login_refresh   [  73% ] 01/13 VUs  22m02.0s/30m0s  8.00 iters/s

running (22m03.0s), 01/13 VUs, 10578 complete and 0 interrupted iterations
oidc_cold_login_refresh   [  73% ] 01/13 VUs  22m03.0s/30m0s  8.00 iters/s

running (22m04.0s), 01/13 VUs, 10586 complete and 0 interrupted iterations
oidc_cold_login_refresh   [  74% ] 01/13 VUs  22m04.0s/30m0s  8.00 iters/s

running (22m05.0s), 01/13 VUs, 10594 complete and 0 interrupted iterations
oidc_cold_login_refresh   [  74% ] 01/13 VUs  22m05.0s/30m0s  8.00 iters/s

running (22m06.0s), 01/13 VUs, 10602 complete and 0 interrupted iterations
oidc_cold_login_refresh   [  74% ] 01/13 VUs  22m06.0s/30m0s  8.00 iters/s

running (22m07.0s), 01/13 VUs, 10610 complete and 0 interrupted iterations
oidc_cold_login_refresh   [  74% ] 01/13 VUs  22m07.0s/30m0s  8.00 iters/s

running (22m08.0s), 01/13 VUs, 10618 complete and 0 interrupted iterations
oidc_cold_login_refresh   [  74% ] 01/13 VUs  22m08.0s/30m0s  8.00 iters/s

running (22m09.0s), 01/13 VUs, 10626 complete and 0 interrupted iterations
oidc_cold_login_refresh   [  74% ] 01/13 VUs  22m09.0s/30m0s  8.00 iters/s

running (22m10.0s), 03/13 VUs, 10632 complete and 0 interrupted iterations
oidc_cold_login_refresh   [  74% ] 03/13 VUs  22m10.0s/30m0s  8.00 iters/s

running (22m11.0s), 01/13 VUs, 10642 complete and 0 interrupted iterations
oidc_cold_login_refresh   [  74% ] 01/13 VUs  22m11.0s/30m0s  8.00 iters/s

running (22m12.0s), 01/13 VUs, 10650 complete and 0 interrupted iterations
oidc_cold_login_refresh   [  74% ] 01/13 VUs  22m12.0s/30m0s  8.00 iters/s

running (22m13.0s), 01/13 VUs, 10658 complete and 0 interrupted iterations
oidc_cold_login_refresh   [  74% ] 01/13 VUs  22m13.0s/30m0s  8.00 iters/s

running (22m14.0s), 01/13 VUs, 10666 complete and 0 interrupted iterations
oidc_cold_login_refresh   [  74% ] 01/13 VUs  22m14.0s/30m0s  8.00 iters/s

running (22m15.0s), 01/13 VUs, 10674 complete and 0 interrupted iterations
oidc_cold_login_refresh   [  74% ] 01/13 VUs  22m15.0s/30m0s  8.00 iters/s

running (22m16.0s), 01/13 VUs, 10682 complete and 0 interrupted iterations
oidc_cold_login_refresh   [  74% ] 01/13 VUs  22m16.0s/30m0s  8.00 iters/s

running (22m17.0s), 01/13 VUs, 10690 complete and 0 interrupted iterations
oidc_cold_login_refresh   [  74% ] 01/13 VUs  22m17.0s/30m0s  8.00 iters/s

running (22m18.0s), 01/13 VUs, 10698 complete and 0 interrupted iterations
oidc_cold_login_refresh   [  74% ] 01/13 VUs  22m18.0s/30m0s  8.00 iters/s

running (22m19.0s), 01/13 VUs, 10706 complete and 0 interrupted iterations
oidc_cold_login_refresh   [  74% ] 01/13 VUs  22m19.0s/30m0s  8.00 iters/s

running (22m20.0s), 01/13 VUs, 10714 complete and 0 interrupted iterations
oidc_cold_login_refresh   [  74% ] 01/13 VUs  22m20.0s/30m0s  8.00 iters/s

running (22m21.0s), 01/13 VUs, 10722 complete and 0 interrupted iterations
oidc_cold_login_refresh   [  74% ] 01/13 VUs  22m21.0s/30m0s  8.00 iters/s

running (22m22.0s), 01/13 VUs, 10730 complete and 0 interrupted iterations
oidc_cold_login_refresh   [  75% ] 01/13 VUs  22m22.0s/30m0s  8.00 iters/s

running (22m23.0s), 01/13 VUs, 10738 complete and 0 interrupted iterations
oidc_cold_login_refresh   [  75% ] 01/13 VUs  22m23.0s/30m0s  8.00 iters/s

running (22m24.0s), 01/13 VUs, 10746 complete and 0 interrupted iterations
oidc_cold_login_refresh   [  75% ] 01/13 VUs  22m24.0s/30m0s  8.00 iters/s

running (22m25.0s), 01/13 VUs, 10754 complete and 0 interrupted iterations
oidc_cold_login_refresh   [  75% ] 01/13 VUs  22m25.0s/30m0s  8.00 iters/s

running (22m26.0s), 02/13 VUs, 10761 complete and 0 interrupted iterations
oidc_cold_login_refresh   [  75% ] 02/13 VUs  22m26.0s/30m0s  8.00 iters/s

running (22m27.0s), 01/13 VUs, 10770 complete and 0 interrupted iterations
oidc_cold_login_refresh   [  75% ] 01/13 VUs  22m27.0s/30m0s  8.00 iters/s

running (22m28.0s), 01/13 VUs, 10778 complete and 0 interrupted iterations
oidc_cold_login_refresh   [  75% ] 01/13 VUs  22m28.0s/30m0s  8.00 iters/s

running (22m29.0s), 01/13 VUs, 10786 complete and 0 interrupted iterations
oidc_cold_login_refresh   [  75% ] 01/13 VUs  22m29.0s/30m0s  8.00 iters/s

running (22m30.0s), 01/13 VUs, 10794 complete and 0 interrupted iterations
oidc_cold_login_refresh   [  75% ] 01/13 VUs  22m30.0s/30m0s  8.00 iters/s

running (22m31.0s), 03/13 VUs, 10800 complete and 0 interrupted iterations
oidc_cold_login_refresh   [  75% ] 03/13 VUs  22m31.0s/30m0s  8.00 iters/s

running (22m32.0s), 01/13 VUs, 10810 complete and 0 interrupted iterations
oidc_cold_login_refresh   [  75% ] 01/13 VUs  22m32.0s/30m0s  8.00 iters/s

running (22m33.0s), 01/13 VUs, 10818 complete and 0 interrupted iterations
oidc_cold_login_refresh   [  75% ] 01/13 VUs  22m33.0s/30m0s  8.00 iters/s

running (22m34.0s), 01/13 VUs, 10826 complete and 0 interrupted iterations
oidc_cold_login_refresh   [  75% ] 01/13 VUs  22m34.0s/30m0s  8.00 iters/s

running (22m35.0s), 01/13 VUs, 10834 complete and 0 interrupted iterations
oidc_cold_login_refresh   [  75% ] 01/13 VUs  22m35.0s/30m0s  8.00 iters/s

running (22m36.0s), 01/13 VUs, 10842 complete and 0 interrupted iterations
oidc_cold_login_refresh   [  75% ] 01/13 VUs  22m36.0s/30m0s  8.00 iters/s

running (22m37.0s), 01/13 VUs, 10850 complete and 0 interrupted iterations
oidc_cold_login_refresh   [  75% ] 01/13 VUs  22m37.0s/30m0s  8.00 iters/s

running (22m38.0s), 01/13 VUs, 10858 complete and 0 interrupted iterations
oidc_cold_login_refresh   [  75% ] 01/13 VUs  22m38.0s/30m0s  8.00 iters/s

running (22m39.0s), 01/13 VUs, 10866 complete and 0 interrupted iterations
oidc_cold_login_refresh   [  75% ] 01/13 VUs  22m39.0s/30m0s  8.00 iters/s

running (22m40.0s), 01/13 VUs, 10874 complete and 0 interrupted iterations
oidc_cold_login_refresh   [  76% ] 01/13 VUs  22m40.0s/30m0s  8.00 iters/s

running (22m41.0s), 01/13 VUs, 10882 complete and 0 interrupted iterations
oidc_cold_login_refresh   [  76% ] 01/13 VUs  22m41.0s/30m0s  8.00 iters/s

running (22m42.0s), 01/13 VUs, 10890 complete and 0 interrupted iterations
oidc_cold_login_refresh   [  76% ] 01/13 VUs  22m42.0s/30m0s  8.00 iters/s

running (22m43.0s), 01/13 VUs, 10898 complete and 0 interrupted iterations
oidc_cold_login_refresh   [  76% ] 01/13 VUs  22m43.0s/30m0s  8.00 iters/s

running (22m44.0s), 01/13 VUs, 10906 complete and 0 interrupted iterations
oidc_cold_login_refresh   [  76% ] 01/13 VUs  22m44.0s/30m0s  8.00 iters/s

running (22m45.0s), 01/13 VUs, 10914 complete and 0 interrupted iterations
oidc_cold_login_refresh   [  76% ] 01/13 VUs  22m45.0s/30m0s  8.00 iters/s

running (22m46.0s), 01/13 VUs, 10922 complete and 0 interrupted iterations
oidc_cold_login_refresh   [  76% ] 01/13 VUs  22m46.0s/30m0s  8.00 iters/s

running (22m47.0s), 01/13 VUs, 10930 complete and 0 interrupted iterations
oidc_cold_login_refresh   [  76% ] 01/13 VUs  22m47.0s/30m0s  8.00 iters/s

running (22m48.0s), 01/13 VUs, 10938 complete and 0 interrupted iterations
oidc_cold_login_refresh   [  76% ] 01/13 VUs  22m48.0s/30m0s  8.00 iters/s

running (22m49.0s), 01/13 VUs, 10946 complete and 0 interrupted iterations
oidc_cold_login_refresh   [  76% ] 01/13 VUs  22m49.0s/30m0s  8.00 iters/s

running (22m50.0s), 01/13 VUs, 10954 complete and 0 interrupted iterations
oidc_cold_login_refresh   [  76% ] 01/13 VUs  22m50.0s/30m0s  8.00 iters/s

running (22m51.0s), 04/13 VUs, 10959 complete and 0 interrupted iterations
oidc_cold_login_refresh   [  76% ] 04/13 VUs  22m51.0s/30m0s  8.00 iters/s

running (22m52.0s), 03/13 VUs, 10968 complete and 0 interrupted iterations
oidc_cold_login_refresh   [  76% ] 03/13 VUs  22m52.0s/30m0s  8.00 iters/s

running (22m53.0s), 01/13 VUs, 10978 complete and 0 interrupted iterations
oidc_cold_login_refresh   [  76% ] 01/13 VUs  22m53.0s/30m0s  8.00 iters/s

running (22m54.0s), 01/13 VUs, 10986 complete and 0 interrupted iterations
oidc_cold_login_refresh   [  76% ] 01/13 VUs  22m54.0s/30m0s  8.00 iters/s

running (22m55.0s), 01/13 VUs, 10994 complete and 0 interrupted iterations
oidc_cold_login_refresh   [  76% ] 01/13 VUs  22m55.0s/30m0s  8.00 iters/s

running (22m56.0s), 02/13 VUs, 11001 complete and 0 interrupted iterations
oidc_cold_login_refresh   [  76% ] 02/13 VUs  22m56.0s/30m0s  8.00 iters/s

running (22m57.0s), 01/13 VUs, 11010 complete and 0 interrupted iterations
oidc_cold_login_refresh   [  76% ] 01/13 VUs  22m57.0s/30m0s  8.00 iters/s

running (22m58.0s), 01/13 VUs, 11018 complete and 0 interrupted iterations
oidc_cold_login_refresh   [  77% ] 01/13 VUs  22m58.0s/30m0s  8.00 iters/s

running (22m59.0s), 01/13 VUs, 11026 complete and 0 interrupted iterations
oidc_cold_login_refresh   [  77% ] 01/13 VUs  22m59.0s/30m0s  8.00 iters/s

running (23m00.0s), 01/13 VUs, 11034 complete and 0 interrupted iterations
oidc_cold_login_refresh   [  77% ] 01/13 VUs  23m00.0s/30m0s  8.00 iters/s

running (23m01.0s), 01/13 VUs, 11042 complete and 0 interrupted iterations
oidc_cold_login_refresh   [  77% ] 01/13 VUs  23m01.0s/30m0s  8.00 iters/s

running (23m02.0s), 01/13 VUs, 11050 complete and 0 interrupted iterations
oidc_cold_login_refresh   [  77% ] 01/13 VUs  23m02.0s/30m0s  8.00 iters/s

running (23m03.0s), 01/13 VUs, 11058 complete and 0 interrupted iterations
oidc_cold_login_refresh   [  77% ] 01/13 VUs  23m03.0s/30m0s  8.00 iters/s

running (23m04.0s), 01/13 VUs, 11066 complete and 0 interrupted iterations
oidc_cold_login_refresh   [  77% ] 01/13 VUs  23m04.0s/30m0s  8.00 iters/s

running (23m05.0s), 01/13 VUs, 11074 complete and 0 interrupted iterations
oidc_cold_login_refresh   [  77% ] 01/13 VUs  23m05.0s/30m0s  8.00 iters/s

running (23m06.0s), 01/13 VUs, 11082 complete and 0 interrupted iterations
oidc_cold_login_refresh   [  77% ] 01/13 VUs  23m06.0s/30m0s  8.00 iters/s

running (23m07.0s), 01/13 VUs, 11090 complete and 0 interrupted iterations
oidc_cold_login_refresh   [  77% ] 01/13 VUs  23m07.0s/30m0s  8.00 iters/s

running (23m08.0s), 01/13 VUs, 11098 complete and 0 interrupted iterations
oidc_cold_login_refresh   [  77% ] 01/13 VUs  23m08.0s/30m0s  8.00 iters/s

running (23m09.0s), 01/13 VUs, 11106 complete and 0 interrupted iterations
oidc_cold_login_refresh   [  77% ] 01/13 VUs  23m09.0s/30m0s  8.00 iters/s

running (23m10.0s), 01/13 VUs, 11114 complete and 0 interrupted iterations
oidc_cold_login_refresh   [  77% ] 01/13 VUs  23m10.0s/30m0s  8.00 iters/s

running (23m11.0s), 02/13 VUs, 11121 complete and 0 interrupted iterations
oidc_cold_login_refresh   [  77% ] 02/13 VUs  23m11.0s/30m0s  8.00 iters/s

running (23m12.0s), 01/13 VUs, 11130 complete and 0 interrupted iterations
oidc_cold_login_refresh   [  77% ] 01/13 VUs  23m12.0s/30m0s  8.00 iters/s

running (23m13.0s), 01/13 VUs, 11138 complete and 0 interrupted iterations
oidc_cold_login_refresh   [  77% ] 01/13 VUs  23m13.0s/30m0s  8.00 iters/s

running (23m14.0s), 01/13 VUs, 11146 complete and 0 interrupted iterations
oidc_cold_login_refresh   [  77% ] 01/13 VUs  23m14.0s/30m0s  8.00 iters/s

running (23m15.0s), 01/13 VUs, 11154 complete and 0 interrupted iterations
oidc_cold_login_refresh   [  77% ] 01/13 VUs  23m15.0s/30m0s  8.00 iters/s

running (23m16.0s), 01/13 VUs, 11162 complete and 0 interrupted iterations
oidc_cold_login_refresh   [  78% ] 01/13 VUs  23m16.0s/30m0s  8.00 iters/s

running (23m17.0s), 01/13 VUs, 11170 complete and 0 interrupted iterations
oidc_cold_login_refresh   [  78% ] 01/13 VUs  23m17.0s/30m0s  8.00 iters/s

running (23m18.0s), 01/13 VUs, 11178 complete and 0 interrupted iterations
oidc_cold_login_refresh   [  78% ] 01/13 VUs  23m18.0s/30m0s  8.00 iters/s

running (23m19.0s), 01/13 VUs, 11186 complete and 0 interrupted iterations
oidc_cold_login_refresh   [  78% ] 01/13 VUs  23m19.0s/30m0s  8.00 iters/s

running (23m20.0s), 01/13 VUs, 11194 complete and 0 interrupted iterations
oidc_cold_login_refresh   [  78% ] 01/13 VUs  23m20.0s/30m0s  8.00 iters/s

running (23m21.0s), 01/13 VUs, 11202 complete and 0 interrupted iterations
oidc_cold_login_refresh   [  78% ] 01/13 VUs  23m21.0s/30m0s  8.00 iters/s

running (23m22.0s), 01/13 VUs, 11210 complete and 0 interrupted iterations
oidc_cold_login_refresh   [  78% ] 01/13 VUs  23m22.0s/30m0s  8.00 iters/s

running (23m23.0s), 01/13 VUs, 11218 complete and 0 interrupted iterations
oidc_cold_login_refresh   [  78% ] 01/13 VUs  23m23.0s/30m0s  8.00 iters/s

running (23m24.0s), 01/13 VUs, 11226 complete and 0 interrupted iterations
oidc_cold_login_refresh   [  78% ] 01/13 VUs  23m24.0s/30m0s  8.00 iters/s

running (23m25.0s), 01/13 VUs, 11234 complete and 0 interrupted iterations
oidc_cold_login_refresh   [  78% ] 01/13 VUs  23m25.0s/30m0s  8.00 iters/s

running (23m26.0s), 01/13 VUs, 11242 complete and 0 interrupted iterations
oidc_cold_login_refresh   [  78% ] 01/13 VUs  23m26.0s/30m0s  8.00 iters/s

running (23m27.0s), 01/13 VUs, 11250 complete and 0 interrupted iterations
oidc_cold_login_refresh   [  78% ] 01/13 VUs  23m27.0s/30m0s  8.00 iters/s

running (23m28.0s), 01/13 VUs, 11258 complete and 0 interrupted iterations
oidc_cold_login_refresh   [  78% ] 01/13 VUs  23m28.0s/30m0s  8.00 iters/s

running (23m29.0s), 01/13 VUs, 11266 complete and 0 interrupted iterations
oidc_cold_login_refresh   [  78% ] 01/13 VUs  23m29.0s/30m0s  8.00 iters/s

running (23m30.0s), 01/13 VUs, 11274 complete and 0 interrupted iterations
oidc_cold_login_refresh   [  78% ] 01/13 VUs  23m30.0s/30m0s  8.00 iters/s

running (23m31.0s), 01/13 VUs, 11282 complete and 0 interrupted iterations
oidc_cold_login_refresh   [  78% ] 01/13 VUs  23m31.0s/30m0s  8.00 iters/s

running (23m32.0s), 03/13 VUs, 11288 complete and 0 interrupted iterations
oidc_cold_login_refresh   [  78% ] 03/13 VUs  23m32.0s/30m0s  8.00 iters/s

running (23m33.0s), 01/13 VUs, 11298 complete and 0 interrupted iterations
oidc_cold_login_refresh   [  78% ] 01/13 VUs  23m33.0s/30m0s  8.00 iters/s

running (23m34.0s), 01/13 VUs, 11306 complete and 0 interrupted iterations
oidc_cold_login_refresh   [  79% ] 01/13 VUs  23m34.0s/30m0s  8.00 iters/s

running (23m35.0s), 01/13 VUs, 11314 complete and 0 interrupted iterations
oidc_cold_login_refresh   [  79% ] 01/13 VUs  23m35.0s/30m0s  8.00 iters/s

running (23m36.0s), 01/13 VUs, 11322 complete and 0 interrupted iterations
oidc_cold_login_refresh   [  79% ] 01/13 VUs  23m36.0s/30m0s  8.00 iters/s

running (23m37.0s), 01/13 VUs, 11330 complete and 0 interrupted iterations
oidc_cold_login_refresh   [  79% ] 01/13 VUs  23m37.0s/30m0s  8.00 iters/s

running (23m38.0s), 01/13 VUs, 11338 complete and 0 interrupted iterations
oidc_cold_login_refresh   [  79% ] 01/13 VUs  23m38.0s/30m0s  8.00 iters/s

running (23m39.0s), 01/13 VUs, 11346 complete and 0 interrupted iterations
oidc_cold_login_refresh   [  79% ] 01/13 VUs  23m39.0s/30m0s  8.00 iters/s

running (23m40.0s), 01/13 VUs, 11354 complete and 0 interrupted iterations
oidc_cold_login_refresh   [  79% ] 01/13 VUs  23m40.0s/30m0s  8.00 iters/s

running (23m41.0s), 01/13 VUs, 11362 complete and 0 interrupted iterations
oidc_cold_login_refresh   [  79% ] 01/13 VUs  23m41.0s/30m0s  8.00 iters/s

running (23m42.0s), 01/13 VUs, 11370 complete and 0 interrupted iterations
oidc_cold_login_refresh   [  79% ] 01/13 VUs  23m42.0s/30m0s  8.00 iters/s

running (23m43.0s), 01/13 VUs, 11378 complete and 0 interrupted iterations
oidc_cold_login_refresh   [  79% ] 01/13 VUs  23m43.0s/30m0s  8.00 iters/s

running (23m44.0s), 01/13 VUs, 11386 complete and 0 interrupted iterations
oidc_cold_login_refresh   [  79% ] 01/13 VUs  23m44.0s/30m0s  8.00 iters/s

running (23m45.0s), 01/13 VUs, 11394 complete and 0 interrupted iterations
oidc_cold_login_refresh   [  79% ] 01/13 VUs  23m45.0s/30m0s  8.00 iters/s

running (23m46.0s), 01/13 VUs, 11402 complete and 0 interrupted iterations
oidc_cold_login_refresh   [  79% ] 01/13 VUs  23m46.0s/30m0s  8.00 iters/s

running (23m47.0s), 01/13 VUs, 11410 complete and 0 interrupted iterations
oidc_cold_login_refresh   [  79% ] 01/13 VUs  23m47.0s/30m0s  8.00 iters/s

running (23m48.0s), 01/13 VUs, 11418 complete and 0 interrupted iterations
oidc_cold_login_refresh   [  79% ] 01/13 VUs  23m48.0s/30m0s  8.00 iters/s

running (23m49.0s), 01/13 VUs, 11426 complete and 0 interrupted iterations
oidc_cold_login_refresh   [  79% ] 01/13 VUs  23m49.0s/30m0s  8.00 iters/s

running (23m50.0s), 01/13 VUs, 11434 complete and 0 interrupted iterations
oidc_cold_login_refresh   [  79% ] 01/13 VUs  23m50.0s/30m0s  8.00 iters/s

running (23m51.0s), 01/13 VUs, 11442 complete and 0 interrupted iterations
oidc_cold_login_refresh   [  79% ] 01/13 VUs  23m51.0s/30m0s  8.00 iters/s

running (23m52.0s), 02/13 VUs, 11449 complete and 0 interrupted iterations
oidc_cold_login_refresh   [  80% ] 02/13 VUs  23m52.0s/30m0s  8.00 iters/s

running (23m53.0s), 01/13 VUs, 11458 complete and 0 interrupted iterations
oidc_cold_login_refresh   [  80% ] 01/13 VUs  23m53.0s/30m0s  8.00 iters/s

running (23m54.0s), 01/13 VUs, 11466 complete and 0 interrupted iterations
oidc_cold_login_refresh   [  80% ] 01/13 VUs  23m54.0s/30m0s  8.00 iters/s

running (23m55.0s), 01/13 VUs, 11474 complete and 0 interrupted iterations
oidc_cold_login_refresh   [  80% ] 01/13 VUs  23m55.0s/30m0s  8.00 iters/s

running (23m56.0s), 01/13 VUs, 11482 complete and 0 interrupted iterations
oidc_cold_login_refresh   [  80% ] 01/13 VUs  23m56.0s/30m0s  8.00 iters/s

running (23m57.0s), 02/13 VUs, 11489 complete and 0 interrupted iterations
oidc_cold_login_refresh   [  80% ] 02/13 VUs  23m57.0s/30m0s  8.00 iters/s

running (23m58.0s), 01/13 VUs, 11498 complete and 0 interrupted iterations
oidc_cold_login_refresh   [  80% ] 01/13 VUs  23m58.0s/30m0s  8.00 iters/s

running (23m59.0s), 01/13 VUs, 11506 complete and 0 interrupted iterations
oidc_cold_login_refresh   [  80% ] 01/13 VUs  23m59.0s/30m0s  8.00 iters/s

running (24m00.0s), 01/13 VUs, 11514 complete and 0 interrupted iterations
oidc_cold_login_refresh   [  80% ] 01/13 VUs  24m00.0s/30m0s  8.00 iters/s

running (24m01.0s), 01/13 VUs, 11522 complete and 0 interrupted iterations
oidc_cold_login_refresh   [  80% ] 01/13 VUs  24m01.0s/30m0s  8.00 iters/s

running (24m02.0s), 01/13 VUs, 11530 complete and 0 interrupted iterations
oidc_cold_login_refresh   [  80% ] 01/13 VUs  24m02.0s/30m0s  8.00 iters/s

running (24m03.0s), 01/13 VUs, 11538 complete and 0 interrupted iterations
oidc_cold_login_refresh   [  80% ] 01/13 VUs  24m03.0s/30m0s  8.00 iters/s

running (24m04.0s), 01/13 VUs, 11546 complete and 0 interrupted iterations
oidc_cold_login_refresh   [  80% ] 01/13 VUs  24m04.0s/30m0s  8.00 iters/s

running (24m05.0s), 01/13 VUs, 11554 complete and 0 interrupted iterations
oidc_cold_login_refresh   [  80% ] 01/13 VUs  24m05.0s/30m0s  8.00 iters/s

running (24m06.0s), 01/13 VUs, 11562 complete and 0 interrupted iterations
oidc_cold_login_refresh   [  80% ] 01/13 VUs  24m06.0s/30m0s  8.00 iters/s

running (24m07.0s), 01/13 VUs, 11570 complete and 0 interrupted iterations
oidc_cold_login_refresh   [  80% ] 01/13 VUs  24m07.0s/30m0s  8.00 iters/s

running (24m08.0s), 01/13 VUs, 11578 complete and 0 interrupted iterations
oidc_cold_login_refresh   [  80% ] 01/13 VUs  24m08.0s/30m0s  8.00 iters/s

running (24m09.0s), 01/13 VUs, 11586 complete and 0 interrupted iterations
oidc_cold_login_refresh   [  80% ] 01/13 VUs  24m09.0s/30m0s  8.00 iters/s

running (24m10.0s), 01/13 VUs, 11594 complete and 0 interrupted iterations
oidc_cold_login_refresh   [  81% ] 01/13 VUs  24m10.0s/30m0s  8.00 iters/s

running (24m11.0s), 01/13 VUs, 11602 complete and 0 interrupted iterations
oidc_cold_login_refresh   [  81% ] 01/13 VUs  24m11.0s/30m0s  8.00 iters/s

running (24m12.0s), 01/13 VUs, 11610 complete and 0 interrupted iterations
oidc_cold_login_refresh   [  81% ] 01/13 VUs  24m12.0s/30m0s  8.00 iters/s

running (24m13.0s), 03/13 VUs, 11616 complete and 0 interrupted iterations
oidc_cold_login_refresh   [  81% ] 03/13 VUs  24m13.0s/30m0s  8.00 iters/s

running (24m14.0s), 01/13 VUs, 11626 complete and 0 interrupted iterations
oidc_cold_login_refresh   [  81% ] 01/13 VUs  24m14.0s/30m0s  8.00 iters/s

running (24m15.0s), 01/13 VUs, 11634 complete and 0 interrupted iterations
oidc_cold_login_refresh   [  81% ] 01/13 VUs  24m15.0s/30m0s  8.00 iters/s

running (24m16.0s), 01/13 VUs, 11642 complete and 0 interrupted iterations
oidc_cold_login_refresh   [  81% ] 01/13 VUs  24m16.0s/30m0s  8.00 iters/s

running (24m17.0s), 01/13 VUs, 11650 complete and 0 interrupted iterations
oidc_cold_login_refresh   [  81% ] 01/13 VUs  24m17.0s/30m0s  8.00 iters/s

running (24m18.0s), 01/13 VUs, 11658 complete and 0 interrupted iterations
oidc_cold_login_refresh   [  81% ] 01/13 VUs  24m18.0s/30m0s  8.00 iters/s

running (24m19.0s), 01/13 VUs, 11666 complete and 0 interrupted iterations
oidc_cold_login_refresh   [  81% ] 01/13 VUs  24m19.0s/30m0s  8.00 iters/s

running (24m20.0s), 01/13 VUs, 11674 complete and 0 interrupted iterations
oidc_cold_login_refresh   [  81% ] 01/13 VUs  24m20.0s/30m0s  8.00 iters/s

running (24m21.0s), 01/13 VUs, 11682 complete and 0 interrupted iterations
oidc_cold_login_refresh   [  81% ] 01/13 VUs  24m21.0s/30m0s  8.00 iters/s

running (24m22.0s), 02/13 VUs, 11689 complete and 0 interrupted iterations
oidc_cold_login_refresh   [  81% ] 02/13 VUs  24m22.0s/30m0s  8.00 iters/s

running (24m23.0s), 01/13 VUs, 11698 complete and 0 interrupted iterations
oidc_cold_login_refresh   [  81% ] 01/13 VUs  24m23.0s/30m0s  8.00 iters/s

running (24m24.0s), 01/13 VUs, 11706 complete and 0 interrupted iterations
oidc_cold_login_refresh   [  81% ] 01/13 VUs  24m24.0s/30m0s  8.00 iters/s

running (24m25.0s), 01/13 VUs, 11714 complete and 0 interrupted iterations
oidc_cold_login_refresh   [  81% ] 01/13 VUs  24m25.0s/30m0s  8.00 iters/s

running (24m26.0s), 01/13 VUs, 11722 complete and 0 interrupted iterations
oidc_cold_login_refresh   [  81% ] 01/13 VUs  24m26.0s/30m0s  8.00 iters/s

running (24m27.0s), 02/13 VUs, 11729 complete and 0 interrupted iterations
oidc_cold_login_refresh   [  81% ] 02/13 VUs  24m27.0s/30m0s  8.00 iters/s

running (24m28.0s), 01/13 VUs, 11738 complete and 0 interrupted iterations
oidc_cold_login_refresh   [  82% ] 01/13 VUs  24m28.0s/30m0s  8.00 iters/s

running (24m29.0s), 01/13 VUs, 11746 complete and 0 interrupted iterations
oidc_cold_login_refresh   [  82% ] 01/13 VUs  24m29.0s/30m0s  8.00 iters/s

running (24m30.0s), 01/13 VUs, 11754 complete and 0 interrupted iterations
oidc_cold_login_refresh   [  82% ] 01/13 VUs  24m30.0s/30m0s  8.00 iters/s

running (24m31.0s), 01/13 VUs, 11762 complete and 0 interrupted iterations
oidc_cold_login_refresh   [  82% ] 01/13 VUs  24m31.0s/30m0s  8.00 iters/s

running (24m32.0s), 01/13 VUs, 11770 complete and 0 interrupted iterations
oidc_cold_login_refresh   [  82% ] 01/13 VUs  24m32.0s/30m0s  8.00 iters/s

running (24m33.0s), 03/13 VUs, 11776 complete and 0 interrupted iterations
oidc_cold_login_refresh   [  82% ] 03/13 VUs  24m33.0s/30m0s  8.00 iters/s

running (24m34.0s), 01/13 VUs, 11786 complete and 0 interrupted iterations
oidc_cold_login_refresh   [  82% ] 01/13 VUs  24m34.0s/30m0s  8.00 iters/s

running (24m35.0s), 01/13 VUs, 11794 complete and 0 interrupted iterations
oidc_cold_login_refresh   [  82% ] 01/13 VUs  24m35.0s/30m0s  8.00 iters/s

running (24m36.0s), 01/13 VUs, 11802 complete and 0 interrupted iterations
oidc_cold_login_refresh   [  82% ] 01/13 VUs  24m36.0s/30m0s  8.00 iters/s

running (24m37.0s), 01/13 VUs, 11810 complete and 0 interrupted iterations
oidc_cold_login_refresh   [  82% ] 01/13 VUs  24m37.0s/30m0s  8.00 iters/s

running (24m38.0s), 01/13 VUs, 11818 complete and 0 interrupted iterations
oidc_cold_login_refresh   [  82% ] 01/13 VUs  24m38.0s/30m0s  8.00 iters/s

running (24m39.0s), 01/13 VUs, 11826 complete and 0 interrupted iterations
oidc_cold_login_refresh   [  82% ] 01/13 VUs  24m39.0s/30m0s  8.00 iters/s

running (24m40.0s), 01/13 VUs, 11834 complete and 0 interrupted iterations
oidc_cold_login_refresh   [  82% ] 01/13 VUs  24m40.0s/30m0s  8.00 iters/s

running (24m41.0s), 01/13 VUs, 11842 complete and 0 interrupted iterations
oidc_cold_login_refresh   [  82% ] 01/13 VUs  24m41.0s/30m0s  8.00 iters/s

running (24m42.0s), 01/13 VUs, 11850 complete and 0 interrupted iterations
oidc_cold_login_refresh   [  82% ] 01/13 VUs  24m42.0s/30m0s  8.00 iters/s

running (24m43.0s), 01/13 VUs, 11858 complete and 0 interrupted iterations
oidc_cold_login_refresh   [  82% ] 01/13 VUs  24m43.0s/30m0s  8.00 iters/s

running (24m44.0s), 01/13 VUs, 11866 complete and 0 interrupted iterations
oidc_cold_login_refresh   [  82% ] 01/13 VUs  24m44.0s/30m0s  8.00 iters/s

running (24m45.0s), 01/13 VUs, 11874 complete and 0 interrupted iterations
oidc_cold_login_refresh   [  82% ] 01/13 VUs  24m45.0s/30m0s  8.00 iters/s

running (24m46.0s), 01/13 VUs, 11882 complete and 0 interrupted iterations
oidc_cold_login_refresh   [  83% ] 01/13 VUs  24m46.0s/30m0s  8.00 iters/s

running (24m47.0s), 01/13 VUs, 11890 complete and 0 interrupted iterations
oidc_cold_login_refresh   [  83% ] 01/13 VUs  24m47.0s/30m0s  8.00 iters/s

running (24m48.0s), 01/13 VUs, 11898 complete and 0 interrupted iterations
oidc_cold_login_refresh   [  83% ] 01/13 VUs  24m48.0s/30m0s  8.00 iters/s

running (24m49.0s), 01/13 VUs, 11906 complete and 0 interrupted iterations
oidc_cold_login_refresh   [  83% ] 01/13 VUs  24m49.0s/30m0s  8.00 iters/s

running (24m50.0s), 01/13 VUs, 11914 complete and 0 interrupted iterations
oidc_cold_login_refresh   [  83% ] 01/13 VUs  24m50.0s/30m0s  8.00 iters/s

running (24m51.0s), 01/13 VUs, 11922 complete and 0 interrupted iterations
oidc_cold_login_refresh   [  83% ] 01/13 VUs  24m51.0s/30m0s  8.00 iters/s

running (24m52.0s), 02/13 VUs, 11929 complete and 0 interrupted iterations
oidc_cold_login_refresh   [  83% ] 02/13 VUs  24m52.0s/30m0s  8.00 iters/s

running (24m53.0s), 02/13 VUs, 11937 complete and 0 interrupted iterations
oidc_cold_login_refresh   [  83% ] 02/13 VUs  24m53.0s/30m0s  8.00 iters/s

running (24m54.0s), 03/13 VUs, 11944 complete and 0 interrupted iterations
oidc_cold_login_refresh   [  83% ] 03/13 VUs  24m54.0s/30m0s  8.00 iters/s

running (24m55.0s), 01/13 VUs, 11954 complete and 0 interrupted iterations
oidc_cold_login_refresh   [  83% ] 01/13 VUs  24m55.0s/30m0s  8.00 iters/s

running (24m56.0s), 01/13 VUs, 11962 complete and 0 interrupted iterations
oidc_cold_login_refresh   [  83% ] 01/13 VUs  24m56.0s/30m0s  8.00 iters/s

running (24m57.0s), 01/13 VUs, 11970 complete and 0 interrupted iterations
oidc_cold_login_refresh   [  83% ] 01/13 VUs  24m57.0s/30m0s  8.00 iters/s

running (24m58.0s), 01/13 VUs, 11978 complete and 0 interrupted iterations
oidc_cold_login_refresh   [  83% ] 01/13 VUs  24m58.0s/30m0s  8.00 iters/s

running (24m59.0s), 01/13 VUs, 11986 complete and 0 interrupted iterations
oidc_cold_login_refresh   [  83% ] 01/13 VUs  24m59.0s/30m0s  8.00 iters/s

running (25m00.0s), 01/13 VUs, 11994 complete and 0 interrupted iterations
oidc_cold_login_refresh   [  83% ] 01/13 VUs  25m00.0s/30m0s  8.00 iters/s

running (25m01.0s), 01/13 VUs, 12002 complete and 0 interrupted iterations
oidc_cold_login_refresh   [  83% ] 01/13 VUs  25m01.0s/30m0s  8.00 iters/s

running (25m02.0s), 01/13 VUs, 12010 complete and 0 interrupted iterations
oidc_cold_login_refresh   [  83% ] 01/13 VUs  25m02.0s/30m0s  8.00 iters/s

running (25m03.0s), 01/13 VUs, 12018 complete and 0 interrupted iterations
oidc_cold_login_refresh   [  83% ] 01/13 VUs  25m03.0s/30m0s  8.00 iters/s

running (25m04.0s), 01/13 VUs, 12026 complete and 0 interrupted iterations
oidc_cold_login_refresh   [  84% ] 01/13 VUs  25m04.0s/30m0s  8.00 iters/s

running (25m05.0s), 01/13 VUs, 12034 complete and 0 interrupted iterations
oidc_cold_login_refresh   [  84% ] 01/13 VUs  25m05.0s/30m0s  8.00 iters/s

running (25m06.0s), 02/13 VUs, 12041 complete and 0 interrupted iterations
oidc_cold_login_refresh   [  84% ] 02/13 VUs  25m06.0s/30m0s  8.00 iters/s

running (25m07.0s), 01/13 VUs, 12050 complete and 0 interrupted iterations
oidc_cold_login_refresh   [  84% ] 01/13 VUs  25m07.0s/30m0s  8.00 iters/s

running (25m08.0s), 01/13 VUs, 12058 complete and 0 interrupted iterations
oidc_cold_login_refresh   [  84% ] 01/13 VUs  25m08.0s/30m0s  8.00 iters/s

running (25m09.0s), 02/13 VUs, 12065 complete and 0 interrupted iterations
oidc_cold_login_refresh   [  84% ] 02/13 VUs  25m09.0s/30m0s  8.00 iters/s

running (25m10.0s), 02/13 VUs, 12073 complete and 0 interrupted iterations
oidc_cold_login_refresh   [  84% ] 02/13 VUs  25m10.0s/30m0s  8.00 iters/s

running (25m11.0s), 01/13 VUs, 12082 complete and 0 interrupted iterations
oidc_cold_login_refresh   [  84% ] 01/13 VUs  25m11.0s/30m0s  8.00 iters/s

running (25m12.0s), 01/13 VUs, 12090 complete and 0 interrupted iterations
oidc_cold_login_refresh   [  84% ] 01/13 VUs  25m12.0s/30m0s  8.00 iters/s

running (25m13.0s), 01/13 VUs, 12098 complete and 0 interrupted iterations
oidc_cold_login_refresh   [  84% ] 01/13 VUs  25m13.0s/30m0s  8.00 iters/s

running (25m14.0s), 02/13 VUs, 12105 complete and 0 interrupted iterations
oidc_cold_login_refresh   [  84% ] 02/13 VUs  25m14.0s/30m0s  8.00 iters/s

running (25m15.0s), 01/13 VUs, 12114 complete and 0 interrupted iterations
oidc_cold_login_refresh   [  84% ] 01/13 VUs  25m15.0s/30m0s  8.00 iters/s

running (25m16.0s), 01/13 VUs, 12122 complete and 0 interrupted iterations
oidc_cold_login_refresh   [  84% ] 01/13 VUs  25m16.0s/30m0s  8.00 iters/s

running (25m17.0s), 01/13 VUs, 12130 complete and 0 interrupted iterations
oidc_cold_login_refresh   [  84% ] 01/13 VUs  25m17.0s/30m0s  8.00 iters/s

running (25m18.0s), 01/13 VUs, 12138 complete and 0 interrupted iterations
oidc_cold_login_refresh   [  84% ] 01/13 VUs  25m18.0s/30m0s  8.00 iters/s

running (25m19.0s), 01/13 VUs, 12146 complete and 0 interrupted iterations
oidc_cold_login_refresh   [  84% ] 01/13 VUs  25m19.0s/30m0s  8.00 iters/s

running (25m20.0s), 02/13 VUs, 12153 complete and 0 interrupted iterations
oidc_cold_login_refresh   [  84% ] 02/13 VUs  25m20.0s/30m0s  8.00 iters/s

running (25m21.0s), 01/13 VUs, 12162 complete and 0 interrupted iterations
oidc_cold_login_refresh   [  84% ] 01/13 VUs  25m21.0s/30m0s  8.00 iters/s

running (25m22.0s), 01/13 VUs, 12170 complete and 0 interrupted iterations
oidc_cold_login_refresh   [  85% ] 01/13 VUs  25m22.0s/30m0s  8.00 iters/s

running (25m23.0s), 01/13 VUs, 12178 complete and 0 interrupted iterations
oidc_cold_login_refresh   [  85% ] 01/13 VUs  25m23.0s/30m0s  8.00 iters/s

running (25m24.0s), 01/13 VUs, 12186 complete and 0 interrupted iterations
oidc_cold_login_refresh   [  85% ] 01/13 VUs  25m24.0s/30m0s  8.00 iters/s

running (25m25.0s), 01/13 VUs, 12194 complete and 0 interrupted iterations
oidc_cold_login_refresh   [  85% ] 01/13 VUs  25m25.0s/30m0s  8.00 iters/s

running (25m26.0s), 01/13 VUs, 12202 complete and 0 interrupted iterations
oidc_cold_login_refresh   [  85% ] 01/13 VUs  25m26.0s/30m0s  8.00 iters/s

running (25m27.0s), 01/13 VUs, 12210 complete and 0 interrupted iterations
oidc_cold_login_refresh   [  85% ] 01/13 VUs  25m27.0s/30m0s  8.00 iters/s

running (25m28.0s), 01/13 VUs, 12218 complete and 0 interrupted iterations
oidc_cold_login_refresh   [  85% ] 01/13 VUs  25m28.0s/30m0s  8.00 iters/s

running (25m29.0s), 01/13 VUs, 12226 complete and 0 interrupted iterations
oidc_cold_login_refresh   [  85% ] 01/13 VUs  25m29.0s/30m0s  8.00 iters/s

running (25m30.0s), 01/13 VUs, 12234 complete and 0 interrupted iterations
oidc_cold_login_refresh   [  85% ] 01/13 VUs  25m30.0s/30m0s  8.00 iters/s

running (25m31.0s), 01/13 VUs, 12242 complete and 0 interrupted iterations
oidc_cold_login_refresh   [  85% ] 01/13 VUs  25m31.0s/30m0s  8.00 iters/s

running (25m32.0s), 01/13 VUs, 12250 complete and 0 interrupted iterations
oidc_cold_login_refresh   [  85% ] 01/13 VUs  25m32.0s/30m0s  8.00 iters/s

running (25m33.0s), 01/13 VUs, 12258 complete and 0 interrupted iterations
oidc_cold_login_refresh   [  85% ] 01/13 VUs  25m33.0s/30m0s  8.00 iters/s

running (25m34.0s), 01/13 VUs, 12266 complete and 0 interrupted iterations
oidc_cold_login_refresh   [  85% ] 01/13 VUs  25m34.0s/30m0s  8.00 iters/s

running (25m35.0s), 04/13 VUs, 12271 complete and 0 interrupted iterations
oidc_cold_login_refresh   [  85% ] 04/13 VUs  25m35.0s/30m0s  8.00 iters/s

running (25m36.0s), 01/13 VUs, 12282 complete and 0 interrupted iterations
oidc_cold_login_refresh   [  85% ] 01/13 VUs  25m36.0s/30m0s  8.00 iters/s

running (25m37.0s), 02/13 VUs, 12289 complete and 0 interrupted iterations
oidc_cold_login_refresh   [  85% ] 02/13 VUs  25m37.0s/30m0s  8.00 iters/s

running (25m38.0s), 01/13 VUs, 12298 complete and 0 interrupted iterations
oidc_cold_login_refresh   [  85% ] 01/13 VUs  25m38.0s/30m0s  8.00 iters/s

running (25m39.0s), 01/13 VUs, 12306 complete and 0 interrupted iterations
oidc_cold_login_refresh   [  85% ] 01/13 VUs  25m39.0s/30m0s  8.00 iters/s

running (25m40.0s), 01/13 VUs, 12314 complete and 0 interrupted iterations
oidc_cold_login_refresh   [  86% ] 01/13 VUs  25m40.0s/30m0s  8.00 iters/s

running (25m41.0s), 01/13 VUs, 12322 complete and 0 interrupted iterations
oidc_cold_login_refresh   [  86% ] 01/13 VUs  25m41.0s/30m0s  8.00 iters/s

running (25m42.0s), 01/13 VUs, 12330 complete and 0 interrupted iterations
oidc_cold_login_refresh   [  86% ] 01/13 VUs  25m42.0s/30m0s  8.00 iters/s

running (25m43.0s), 01/13 VUs, 12338 complete and 0 interrupted iterations
oidc_cold_login_refresh   [  86% ] 01/13 VUs  25m43.0s/30m0s  8.00 iters/s

running (25m44.0s), 01/13 VUs, 12346 complete and 0 interrupted iterations
oidc_cold_login_refresh   [  86% ] 01/13 VUs  25m44.0s/30m0s  8.00 iters/s

running (25m45.0s), 01/13 VUs, 12354 complete and 0 interrupted iterations
oidc_cold_login_refresh   [  86% ] 01/13 VUs  25m45.0s/30m0s  8.00 iters/s

running (25m46.0s), 02/13 VUs, 12361 complete and 0 interrupted iterations
oidc_cold_login_refresh   [  86% ] 02/13 VUs  25m46.0s/30m0s  8.00 iters/s

running (25m47.0s), 01/13 VUs, 12370 complete and 0 interrupted iterations
oidc_cold_login_refresh   [  86% ] 01/13 VUs  25m47.0s/30m0s  8.00 iters/s

running (25m48.0s), 01/13 VUs, 12378 complete and 0 interrupted iterations
oidc_cold_login_refresh   [  86% ] 01/13 VUs  25m48.0s/30m0s  8.00 iters/s

running (25m49.0s), 01/13 VUs, 12386 complete and 0 interrupted iterations
oidc_cold_login_refresh   [  86% ] 01/13 VUs  25m49.0s/30m0s  8.00 iters/s

running (25m50.0s), 01/13 VUs, 12394 complete and 0 interrupted iterations
oidc_cold_login_refresh   [  86% ] 01/13 VUs  25m50.0s/30m0s  8.00 iters/s

running (25m51.0s), 01/13 VUs, 12402 complete and 0 interrupted iterations
oidc_cold_login_refresh   [  86% ] 01/13 VUs  25m51.0s/30m0s  8.00 iters/s

running (25m52.0s), 01/13 VUs, 12410 complete and 0 interrupted iterations
oidc_cold_login_refresh   [  86% ] 01/13 VUs  25m52.0s/30m0s  8.00 iters/s

running (25m53.0s), 01/13 VUs, 12418 complete and 0 interrupted iterations
oidc_cold_login_refresh   [  86% ] 01/13 VUs  25m53.0s/30m0s  8.00 iters/s

running (25m54.0s), 01/13 VUs, 12426 complete and 0 interrupted iterations
oidc_cold_login_refresh   [  86% ] 01/13 VUs  25m54.0s/30m0s  8.00 iters/s

running (25m55.0s), 01/13 VUs, 12434 complete and 0 interrupted iterations
oidc_cold_login_refresh   [  86% ] 01/13 VUs  25m55.0s/30m0s  8.00 iters/s

running (25m56.0s), 01/13 VUs, 12442 complete and 0 interrupted iterations
oidc_cold_login_refresh   [  86% ] 01/13 VUs  25m56.0s/30m0s  8.00 iters/s

running (25m57.0s), 01/13 VUs, 12450 complete and 0 interrupted iterations
oidc_cold_login_refresh   [  86% ] 01/13 VUs  25m57.0s/30m0s  8.00 iters/s

running (25m58.0s), 01/13 VUs, 12458 complete and 0 interrupted iterations
oidc_cold_login_refresh   [  87% ] 01/13 VUs  25m58.0s/30m0s  8.00 iters/s

running (25m59.0s), 01/13 VUs, 12466 complete and 0 interrupted iterations
oidc_cold_login_refresh   [  87% ] 01/13 VUs  25m59.0s/30m0s  8.00 iters/s

running (26m00.0s), 01/13 VUs, 12474 complete and 0 interrupted iterations
oidc_cold_login_refresh   [  87% ] 01/13 VUs  26m00.0s/30m0s  8.00 iters/s

running (26m01.0s), 01/13 VUs, 12482 complete and 0 interrupted iterations
oidc_cold_login_refresh   [  87% ] 01/13 VUs  26m01.0s/30m0s  8.00 iters/s

running (26m02.0s), 01/13 VUs, 12490 complete and 0 interrupted iterations
oidc_cold_login_refresh   [  87% ] 01/13 VUs  26m02.0s/30m0s  8.00 iters/s

running (26m03.0s), 01/13 VUs, 12498 complete and 0 interrupted iterations
oidc_cold_login_refresh   [  87% ] 01/13 VUs  26m03.0s/30m0s  8.00 iters/s

running (26m04.0s), 02/13 VUs, 12505 complete and 0 interrupted iterations
oidc_cold_login_refresh   [  87% ] 02/13 VUs  26m04.0s/30m0s  8.00 iters/s

running (26m05.0s), 01/13 VUs, 12514 complete and 0 interrupted iterations
oidc_cold_login_refresh   [  87% ] 01/13 VUs  26m05.0s/30m0s  8.00 iters/s

running (26m06.0s), 01/13 VUs, 12522 complete and 0 interrupted iterations
oidc_cold_login_refresh   [  87% ] 01/13 VUs  26m06.0s/30m0s  8.00 iters/s

running (26m07.0s), 01/13 VUs, 12530 complete and 0 interrupted iterations
oidc_cold_login_refresh   [  87% ] 01/13 VUs  26m07.0s/30m0s  8.00 iters/s

running (26m08.0s), 01/13 VUs, 12538 complete and 0 interrupted iterations
oidc_cold_login_refresh   [  87% ] 01/13 VUs  26m08.0s/30m0s  8.00 iters/s

running (26m09.0s), 01/13 VUs, 12546 complete and 0 interrupted iterations
oidc_cold_login_refresh   [  87% ] 01/13 VUs  26m09.0s/30m0s  8.00 iters/s

running (26m10.0s), 01/13 VUs, 12554 complete and 0 interrupted iterations
oidc_cold_login_refresh   [  87% ] 01/13 VUs  26m10.0s/30m0s  8.00 iters/s

running (26m11.0s), 01/13 VUs, 12562 complete and 0 interrupted iterations
oidc_cold_login_refresh   [  87% ] 01/13 VUs  26m11.0s/30m0s  8.00 iters/s

running (26m12.0s), 01/13 VUs, 12570 complete and 0 interrupted iterations
oidc_cold_login_refresh   [  87% ] 01/13 VUs  26m12.0s/30m0s  8.00 iters/s

running (26m13.0s), 01/13 VUs, 12578 complete and 0 interrupted iterations
oidc_cold_login_refresh   [  87% ] 01/13 VUs  26m13.0s/30m0s  8.00 iters/s

running (26m14.0s), 01/13 VUs, 12586 complete and 0 interrupted iterations
oidc_cold_login_refresh   [  87% ] 01/13 VUs  26m14.0s/30m0s  8.00 iters/s

running (26m15.0s), 01/13 VUs, 12594 complete and 0 interrupted iterations
oidc_cold_login_refresh   [  87% ] 01/13 VUs  26m15.0s/30m0s  8.00 iters/s

running (26m16.0s), 01/13 VUs, 12602 complete and 0 interrupted iterations
oidc_cold_login_refresh   [  88% ] 01/13 VUs  26m16.0s/30m0s  8.00 iters/s

running (26m17.0s), 03/13 VUs, 12608 complete and 0 interrupted iterations
oidc_cold_login_refresh   [  88% ] 03/13 VUs  26m17.0s/30m0s  8.00 iters/s

running (26m18.0s), 01/13 VUs, 12618 complete and 0 interrupted iterations
oidc_cold_login_refresh   [  88% ] 01/13 VUs  26m18.0s/30m0s  8.00 iters/s

running (26m19.0s), 01/13 VUs, 12626 complete and 0 interrupted iterations
oidc_cold_login_refresh   [  88% ] 01/13 VUs  26m19.0s/30m0s  8.00 iters/s

running (26m20.0s), 01/13 VUs, 12634 complete and 0 interrupted iterations
oidc_cold_login_refresh   [  88% ] 01/13 VUs  26m20.0s/30m0s  8.00 iters/s

running (26m21.0s), 01/13 VUs, 12642 complete and 0 interrupted iterations
oidc_cold_login_refresh   [  88% ] 01/13 VUs  26m21.0s/30m0s  8.00 iters/s

running (26m22.0s), 01/13 VUs, 12650 complete and 0 interrupted iterations
oidc_cold_login_refresh   [  88% ] 01/13 VUs  26m22.0s/30m0s  8.00 iters/s

running (26m23.0s), 01/13 VUs, 12658 complete and 0 interrupted iterations
oidc_cold_login_refresh   [  88% ] 01/13 VUs  26m23.0s/30m0s  8.00 iters/s

running (26m24.0s), 01/13 VUs, 12666 complete and 0 interrupted iterations
oidc_cold_login_refresh   [  88% ] 01/13 VUs  26m24.0s/30m0s  8.00 iters/s

running (26m25.0s), 01/13 VUs, 12674 complete and 0 interrupted iterations
oidc_cold_login_refresh   [  88% ] 01/13 VUs  26m25.0s/30m0s  8.00 iters/s

running (26m26.0s), 01/13 VUs, 12682 complete and 0 interrupted iterations
oidc_cold_login_refresh   [  88% ] 01/13 VUs  26m26.0s/30m0s  8.00 iters/s

running (26m27.0s), 01/13 VUs, 12690 complete and 0 interrupted iterations
oidc_cold_login_refresh   [  88% ] 01/13 VUs  26m27.0s/30m0s  8.00 iters/s

running (26m28.0s), 01/13 VUs, 12698 complete and 0 interrupted iterations
oidc_cold_login_refresh   [  88% ] 01/13 VUs  26m28.0s/30m0s  8.00 iters/s

running (26m29.0s), 01/13 VUs, 12706 complete and 0 interrupted iterations
oidc_cold_login_refresh   [  88% ] 01/13 VUs  26m29.0s/30m0s  8.00 iters/s

running (26m30.0s), 01/13 VUs, 12714 complete and 0 interrupted iterations
oidc_cold_login_refresh   [  88% ] 01/13 VUs  26m30.0s/30m0s  8.00 iters/s

running (26m31.0s), 01/13 VUs, 12722 complete and 0 interrupted iterations
oidc_cold_login_refresh   [  88% ] 01/13 VUs  26m31.0s/30m0s  8.00 iters/s

running (26m32.0s), 01/13 VUs, 12730 complete and 0 interrupted iterations
oidc_cold_login_refresh   [  88% ] 01/13 VUs  26m32.0s/30m0s  8.00 iters/s

running (26m33.0s), 01/13 VUs, 12738 complete and 0 interrupted iterations
oidc_cold_login_refresh   [  88% ] 01/13 VUs  26m33.0s/30m0s  8.00 iters/s

running (26m34.0s), 01/13 VUs, 12746 complete and 0 interrupted iterations
oidc_cold_login_refresh   [  89% ] 01/13 VUs  26m34.0s/30m0s  8.00 iters/s

running (26m35.0s), 01/13 VUs, 12754 complete and 0 interrupted iterations
oidc_cold_login_refresh   [  89% ] 01/13 VUs  26m35.0s/30m0s  8.00 iters/s

running (26m36.0s), 01/13 VUs, 12762 complete and 0 interrupted iterations
oidc_cold_login_refresh   [  89% ] 01/13 VUs  26m36.0s/30m0s  8.00 iters/s

running (26m37.0s), 01/13 VUs, 12770 complete and 0 interrupted iterations
oidc_cold_login_refresh   [  89% ] 01/13 VUs  26m37.0s/30m0s  8.00 iters/s

running (26m38.0s), 01/13 VUs, 12778 complete and 0 interrupted iterations
oidc_cold_login_refresh   [  89% ] 01/13 VUs  26m38.0s/30m0s  8.00 iters/s

running (26m39.0s), 01/13 VUs, 12786 complete and 0 interrupted iterations
oidc_cold_login_refresh   [  89% ] 01/13 VUs  26m39.0s/30m0s  8.00 iters/s

running (26m40.0s), 01/13 VUs, 12794 complete and 0 interrupted iterations
oidc_cold_login_refresh   [  89% ] 01/13 VUs  26m40.0s/30m0s  8.00 iters/s

running (26m41.0s), 01/13 VUs, 12802 complete and 0 interrupted iterations
oidc_cold_login_refresh   [  89% ] 01/13 VUs  26m41.0s/30m0s  8.00 iters/s

running (26m42.0s), 01/13 VUs, 12810 complete and 0 interrupted iterations
oidc_cold_login_refresh   [  89% ] 01/13 VUs  26m42.0s/30m0s  8.00 iters/s

running (26m43.0s), 01/13 VUs, 12818 complete and 0 interrupted iterations
oidc_cold_login_refresh   [  89% ] 01/13 VUs  26m43.0s/30m0s  8.00 iters/s

running (26m44.0s), 01/13 VUs, 12826 complete and 0 interrupted iterations
oidc_cold_login_refresh   [  89% ] 01/13 VUs  26m44.0s/30m0s  8.00 iters/s

running (26m45.0s), 01/13 VUs, 12834 complete and 0 interrupted iterations
oidc_cold_login_refresh   [  89% ] 01/13 VUs  26m45.0s/30m0s  8.00 iters/s

running (26m46.0s), 01/13 VUs, 12842 complete and 0 interrupted iterations
oidc_cold_login_refresh   [  89% ] 01/13 VUs  26m46.0s/30m0s  8.00 iters/s

running (26m47.0s), 01/13 VUs, 12850 complete and 0 interrupted iterations
oidc_cold_login_refresh   [  89% ] 01/13 VUs  26m47.0s/30m0s  8.00 iters/s

running (26m48.0s), 01/13 VUs, 12858 complete and 0 interrupted iterations
oidc_cold_login_refresh   [  89% ] 01/13 VUs  26m48.0s/30m0s  8.00 iters/s

running (26m49.0s), 01/13 VUs, 12866 complete and 0 interrupted iterations
oidc_cold_login_refresh   [  89% ] 01/13 VUs  26m49.0s/30m0s  8.00 iters/s

running (26m50.0s), 01/13 VUs, 12874 complete and 0 interrupted iterations
oidc_cold_login_refresh   [  89% ] 01/13 VUs  26m50.0s/30m0s  8.00 iters/s

running (26m51.0s), 01/13 VUs, 12882 complete and 0 interrupted iterations
oidc_cold_login_refresh   [  89% ] 01/13 VUs  26m51.0s/30m0s  8.00 iters/s

running (26m52.0s), 01/13 VUs, 12890 complete and 0 interrupted iterations
oidc_cold_login_refresh   [  90% ] 01/13 VUs  26m52.0s/30m0s  8.00 iters/s

running (26m53.0s), 01/13 VUs, 12898 complete and 0 interrupted iterations
oidc_cold_login_refresh   [  90% ] 01/13 VUs  26m53.0s/30m0s  8.00 iters/s

running (26m54.0s), 01/13 VUs, 12906 complete and 0 interrupted iterations
oidc_cold_login_refresh   [  90% ] 01/13 VUs  26m54.0s/30m0s  8.00 iters/s

running (26m55.0s), 01/13 VUs, 12914 complete and 0 interrupted iterations
oidc_cold_login_refresh   [  90% ] 01/13 VUs  26m55.0s/30m0s  8.00 iters/s

running (26m56.0s), 01/13 VUs, 12922 complete and 0 interrupted iterations
oidc_cold_login_refresh   [  90% ] 01/13 VUs  26m56.0s/30m0s  8.00 iters/s

running (26m57.0s), 01/13 VUs, 12930 complete and 0 interrupted iterations
oidc_cold_login_refresh   [  90% ] 01/13 VUs  26m57.0s/30m0s  8.00 iters/s

running (26m58.0s), 03/13 VUs, 12936 complete and 0 interrupted iterations
oidc_cold_login_refresh   [  90% ] 03/13 VUs  26m58.0s/30m0s  8.00 iters/s

running (26m59.0s), 01/13 VUs, 12946 complete and 0 interrupted iterations
oidc_cold_login_refresh   [  90% ] 01/13 VUs  26m59.0s/30m0s  8.00 iters/s

running (27m00.0s), 01/13 VUs, 12954 complete and 0 interrupted iterations
oidc_cold_login_refresh   [  90% ] 01/13 VUs  27m00.0s/30m0s  8.00 iters/s

running (27m01.0s), 01/13 VUs, 12962 complete and 0 interrupted iterations
oidc_cold_login_refresh   [  90% ] 01/13 VUs  27m01.0s/30m0s  8.00 iters/s

running (27m02.0s), 01/13 VUs, 12970 complete and 0 interrupted iterations
oidc_cold_login_refresh   [  90% ] 01/13 VUs  27m02.0s/30m0s  8.00 iters/s

running (27m03.0s), 01/13 VUs, 12978 complete and 0 interrupted iterations
oidc_cold_login_refresh   [  90% ] 01/13 VUs  27m03.0s/30m0s  8.00 iters/s

running (27m04.0s), 01/13 VUs, 12986 complete and 0 interrupted iterations
oidc_cold_login_refresh   [  90% ] 01/13 VUs  27m04.0s/30m0s  8.00 iters/s

running (27m05.0s), 01/13 VUs, 12994 complete and 0 interrupted iterations
oidc_cold_login_refresh   [  90% ] 01/13 VUs  27m05.0s/30m0s  8.00 iters/s

running (27m06.0s), 01/13 VUs, 13002 complete and 0 interrupted iterations
oidc_cold_login_refresh   [  90% ] 01/13 VUs  27m06.0s/30m0s  8.00 iters/s

running (27m07.0s), 01/13 VUs, 13010 complete and 0 interrupted iterations
oidc_cold_login_refresh   [  90% ] 01/13 VUs  27m07.0s/30m0s  8.00 iters/s

running (27m08.0s), 01/13 VUs, 13018 complete and 0 interrupted iterations
oidc_cold_login_refresh   [  90% ] 01/13 VUs  27m08.0s/30m0s  8.00 iters/s

running (27m09.0s), 01/13 VUs, 13026 complete and 0 interrupted iterations
oidc_cold_login_refresh   [  90% ] 01/13 VUs  27m09.0s/30m0s  8.00 iters/s

running (27m10.0s), 01/13 VUs, 13034 complete and 0 interrupted iterations
oidc_cold_login_refresh   [  91% ] 01/13 VUs  27m10.0s/30m0s  8.00 iters/s

running (27m11.0s), 01/13 VUs, 13042 complete and 0 interrupted iterations
oidc_cold_login_refresh   [  91% ] 01/13 VUs  27m11.0s/30m0s  8.00 iters/s

running (27m12.0s), 01/13 VUs, 13050 complete and 0 interrupted iterations
oidc_cold_login_refresh   [  91% ] 01/13 VUs  27m12.0s/30m0s  8.00 iters/s

running (27m13.0s), 01/13 VUs, 13058 complete and 0 interrupted iterations
oidc_cold_login_refresh   [  91% ] 01/13 VUs  27m13.0s/30m0s  8.00 iters/s

running (27m14.0s), 01/13 VUs, 13066 complete and 0 interrupted iterations
oidc_cold_login_refresh   [  91% ] 01/13 VUs  27m14.0s/30m0s  8.00 iters/s

running (27m15.0s), 01/13 VUs, 13074 complete and 0 interrupted iterations
oidc_cold_login_refresh   [  91% ] 01/13 VUs  27m15.0s/30m0s  8.00 iters/s

running (27m16.0s), 01/13 VUs, 13082 complete and 0 interrupted iterations
oidc_cold_login_refresh   [  91% ] 01/13 VUs  27m16.0s/30m0s  8.00 iters/s

running (27m17.0s), 01/13 VUs, 13090 complete and 0 interrupted iterations
oidc_cold_login_refresh   [  91% ] 01/13 VUs  27m17.0s/30m0s  8.00 iters/s

running (27m18.0s), 01/13 VUs, 13098 complete and 0 interrupted iterations
oidc_cold_login_refresh   [  91% ] 01/13 VUs  27m18.0s/30m0s  8.00 iters/s

running (27m19.0s), 04/13 VUs, 13103 complete and 0 interrupted iterations
oidc_cold_login_refresh   [  91% ] 04/13 VUs  27m19.0s/30m0s  8.00 iters/s

running (27m20.0s), 01/13 VUs, 13114 complete and 0 interrupted iterations
oidc_cold_login_refresh   [  91% ] 01/13 VUs  27m20.0s/30m0s  8.00 iters/s

running (27m21.0s), 01/13 VUs, 13122 complete and 0 interrupted iterations
oidc_cold_login_refresh   [  91% ] 01/13 VUs  27m21.0s/30m0s  8.00 iters/s

running (27m22.0s), 02/13 VUs, 13129 complete and 0 interrupted iterations
oidc_cold_login_refresh   [  91% ] 02/13 VUs  27m22.0s/30m0s  8.00 iters/s

running (27m23.0s), 01/13 VUs, 13138 complete and 0 interrupted iterations
oidc_cold_login_refresh   [  91% ] 01/13 VUs  27m23.0s/30m0s  8.00 iters/s

running (27m24.0s), 02/13 VUs, 13145 complete and 0 interrupted iterations
oidc_cold_login_refresh   [  91% ] 02/13 VUs  27m24.0s/30m0s  8.00 iters/s

running (27m25.0s), 01/13 VUs, 13154 complete and 0 interrupted iterations
oidc_cold_login_refresh   [  91% ] 01/13 VUs  27m25.0s/30m0s  8.00 iters/s

running (27m26.0s), 01/13 VUs, 13162 complete and 0 interrupted iterations
oidc_cold_login_refresh   [  91% ] 01/13 VUs  27m26.0s/30m0s  8.00 iters/s

running (27m27.0s), 01/13 VUs, 13170 complete and 0 interrupted iterations
oidc_cold_login_refresh   [  91% ] 01/13 VUs  27m27.0s/30m0s  8.00 iters/s

running (27m28.0s), 03/13 VUs, 13176 complete and 0 interrupted iterations
oidc_cold_login_refresh   [  92% ] 03/13 VUs  27m28.0s/30m0s  8.00 iters/s

running (27m29.0s), 02/13 VUs, 13185 complete and 0 interrupted iterations
oidc_cold_login_refresh   [  92% ] 02/13 VUs  27m29.0s/30m0s  8.00 iters/s

running (27m30.0s), 01/13 VUs, 13194 complete and 0 interrupted iterations
oidc_cold_login_refresh   [  92% ] 01/13 VUs  27m30.0s/30m0s  8.00 iters/s

running (27m31.0s), 01/13 VUs, 13202 complete and 0 interrupted iterations
oidc_cold_login_refresh   [  92% ] 01/13 VUs  27m31.0s/30m0s  8.00 iters/s

running (27m32.0s), 01/13 VUs, 13210 complete and 0 interrupted iterations
oidc_cold_login_refresh   [  92% ] 01/13 VUs  27m32.0s/30m0s  8.00 iters/s

running (27m33.0s), 01/13 VUs, 13218 complete and 0 interrupted iterations
oidc_cold_login_refresh   [  92% ] 01/13 VUs  27m33.0s/30m0s  8.00 iters/s

running (27m34.0s), 03/13 VUs, 13224 complete and 0 interrupted iterations
oidc_cold_login_refresh   [  92% ] 03/13 VUs  27m34.0s/30m0s  8.00 iters/s

running (27m35.0s), 04/13 VUs, 13231 complete and 0 interrupted iterations
oidc_cold_login_refresh   [  92% ] 04/13 VUs  27m35.0s/30m0s  8.00 iters/s

running (27m36.0s), 03/13 VUs, 13240 complete and 0 interrupted iterations
oidc_cold_login_refresh   [  92% ] 03/13 VUs  27m36.0s/30m0s  8.00 iters/s

running (27m37.0s), 01/13 VUs, 13250 complete and 0 interrupted iterations
oidc_cold_login_refresh   [  92% ] 01/13 VUs  27m37.0s/30m0s  8.00 iters/s

running (27m38.0s), 01/13 VUs, 13258 complete and 0 interrupted iterations
oidc_cold_login_refresh   [  92% ] 01/13 VUs  27m38.0s/30m0s  8.00 iters/s

running (27m39.0s), 01/13 VUs, 13266 complete and 0 interrupted iterations
oidc_cold_login_refresh   [  92% ] 01/13 VUs  27m39.0s/30m0s  8.00 iters/s

running (27m40.0s), 04/13 VUs, 13271 complete and 0 interrupted iterations
oidc_cold_login_refresh   [  92% ] 04/13 VUs  27m40.0s/30m0s  8.00 iters/s

running (27m41.0s), 07/13 VUs, 13276 complete and 0 interrupted iterations
oidc_cold_login_refresh   [  92% ] 07/13 VUs  27m41.0s/30m0s  8.00 iters/s

running (27m42.0s), 05/13 VUs, 13286 complete and 0 interrupted iterations
oidc_cold_login_refresh   [  92% ] 05/13 VUs  27m42.0s/30m0s  8.00 iters/s

running (27m43.0s), 03/13 VUs, 13296 complete and 0 interrupted iterations
oidc_cold_login_refresh   [  92% ] 03/13 VUs  27m43.0s/30m0s  8.00 iters/s

running (27m44.0s), 01/13 VUs, 13306 complete and 0 interrupted iterations
oidc_cold_login_refresh   [  92% ] 01/13 VUs  27m44.0s/30m0s  8.00 iters/s

running (27m45.0s), 01/13 VUs, 13314 complete and 0 interrupted iterations
oidc_cold_login_refresh   [  92% ] 01/13 VUs  27m45.0s/30m0s  8.00 iters/s

running (27m46.0s), 01/13 VUs, 13322 complete and 0 interrupted iterations
oidc_cold_login_refresh   [  93% ] 01/13 VUs  27m46.0s/30m0s  8.00 iters/s

running (27m47.0s), 01/13 VUs, 13330 complete and 0 interrupted iterations
oidc_cold_login_refresh   [  93% ] 01/13 VUs  27m47.0s/30m0s  8.00 iters/s

running (27m48.0s), 01/13 VUs, 13338 complete and 0 interrupted iterations
oidc_cold_login_refresh   [  93% ] 01/13 VUs  27m48.0s/30m0s  8.00 iters/s

running (27m49.0s), 01/13 VUs, 13346 complete and 0 interrupted iterations
oidc_cold_login_refresh   [  93% ] 01/13 VUs  27m49.0s/30m0s  8.00 iters/s

running (27m50.0s), 01/13 VUs, 13354 complete and 0 interrupted iterations
oidc_cold_login_refresh   [  93% ] 01/13 VUs  27m50.0s/30m0s  8.00 iters/s

running (27m51.0s), 01/13 VUs, 13362 complete and 0 interrupted iterations
oidc_cold_login_refresh   [  93% ] 01/13 VUs  27m51.0s/30m0s  8.00 iters/s

running (27m52.0s), 01/13 VUs, 13370 complete and 0 interrupted iterations
oidc_cold_login_refresh   [  93% ] 01/13 VUs  27m52.0s/30m0s  8.00 iters/s

running (27m53.0s), 01/13 VUs, 13378 complete and 0 interrupted iterations
oidc_cold_login_refresh   [  93% ] 01/13 VUs  27m53.0s/30m0s  8.00 iters/s

running (27m54.0s), 01/13 VUs, 13386 complete and 0 interrupted iterations
oidc_cold_login_refresh   [  93% ] 01/13 VUs  27m54.0s/30m0s  8.00 iters/s

running (27m55.0s), 01/13 VUs, 13394 complete and 0 interrupted iterations
oidc_cold_login_refresh   [  93% ] 01/13 VUs  27m55.0s/30m0s  8.00 iters/s

running (27m56.0s), 01/13 VUs, 13402 complete and 0 interrupted iterations
oidc_cold_login_refresh   [  93% ] 01/13 VUs  27m56.0s/30m0s  8.00 iters/s

running (27m57.0s), 01/13 VUs, 13410 complete and 0 interrupted iterations
oidc_cold_login_refresh   [  93% ] 01/13 VUs  27m57.0s/30m0s  8.00 iters/s

running (27m58.0s), 01/13 VUs, 13418 complete and 0 interrupted iterations
oidc_cold_login_refresh   [  93% ] 01/13 VUs  27m58.0s/30m0s  8.00 iters/s

running (27m59.0s), 01/13 VUs, 13426 complete and 0 interrupted iterations
oidc_cold_login_refresh   [  93% ] 01/13 VUs  27m59.0s/30m0s  8.00 iters/s

running (28m00.0s), 01/13 VUs, 13434 complete and 0 interrupted iterations
oidc_cold_login_refresh   [  93% ] 01/13 VUs  28m00.0s/30m0s  8.00 iters/s

running (28m01.0s), 02/13 VUs, 13441 complete and 0 interrupted iterations
oidc_cold_login_refresh   [  93% ] 02/13 VUs  28m01.0s/30m0s  8.00 iters/s

running (28m02.0s), 01/13 VUs, 13450 complete and 0 interrupted iterations
oidc_cold_login_refresh   [  93% ] 01/13 VUs  28m02.0s/30m0s  8.00 iters/s

running (28m03.0s), 01/13 VUs, 13458 complete and 0 interrupted iterations
oidc_cold_login_refresh   [  93% ] 01/13 VUs  28m03.0s/30m0s  8.00 iters/s

running (28m04.0s), 01/13 VUs, 13466 complete and 0 interrupted iterations
oidc_cold_login_refresh   [  94% ] 01/13 VUs  28m04.0s/30m0s  8.00 iters/s

running (28m05.0s), 01/13 VUs, 13474 complete and 0 interrupted iterations
oidc_cold_login_refresh   [  94% ] 01/13 VUs  28m05.0s/30m0s  8.00 iters/s

running (28m06.0s), 01/13 VUs, 13482 complete and 0 interrupted iterations
oidc_cold_login_refresh   [  94% ] 01/13 VUs  28m06.0s/30m0s  8.00 iters/s

running (28m07.0s), 01/13 VUs, 13490 complete and 0 interrupted iterations
oidc_cold_login_refresh   [  94% ] 01/13 VUs  28m07.0s/30m0s  8.00 iters/s

running (28m08.0s), 01/13 VUs, 13498 complete and 0 interrupted iterations
oidc_cold_login_refresh   [  94% ] 01/13 VUs  28m08.0s/30m0s  8.00 iters/s

running (28m09.0s), 01/13 VUs, 13506 complete and 0 interrupted iterations
oidc_cold_login_refresh   [  94% ] 01/13 VUs  28m09.0s/30m0s  8.00 iters/s

running (28m10.0s), 01/13 VUs, 13514 complete and 0 interrupted iterations
oidc_cold_login_refresh   [  94% ] 01/13 VUs  28m10.0s/30m0s  8.00 iters/s

running (28m11.0s), 01/13 VUs, 13522 complete and 0 interrupted iterations
oidc_cold_login_refresh   [  94% ] 01/13 VUs  28m11.0s/30m0s  8.00 iters/s

running (28m12.0s), 01/13 VUs, 13530 complete and 0 interrupted iterations
oidc_cold_login_refresh   [  94% ] 01/13 VUs  28m12.0s/30m0s  8.00 iters/s

running (28m13.0s), 01/13 VUs, 13538 complete and 0 interrupted iterations
oidc_cold_login_refresh   [  94% ] 01/13 VUs  28m13.0s/30m0s  8.00 iters/s

running (28m14.0s), 01/13 VUs, 13546 complete and 0 interrupted iterations
oidc_cold_login_refresh   [  94% ] 01/13 VUs  28m14.0s/30m0s  8.00 iters/s

running (28m15.0s), 01/13 VUs, 13554 complete and 0 interrupted iterations
oidc_cold_login_refresh   [  94% ] 01/13 VUs  28m15.0s/30m0s  8.00 iters/s

running (28m16.0s), 01/13 VUs, 13562 complete and 0 interrupted iterations
oidc_cold_login_refresh   [  94% ] 01/13 VUs  28m16.0s/30m0s  8.00 iters/s

running (28m17.0s), 01/13 VUs, 13570 complete and 0 interrupted iterations
oidc_cold_login_refresh   [  94% ] 01/13 VUs  28m17.0s/30m0s  8.00 iters/s

running (28m18.0s), 01/13 VUs, 13578 complete and 0 interrupted iterations
oidc_cold_login_refresh   [  94% ] 01/13 VUs  28m18.0s/30m0s  8.00 iters/s

running (28m19.0s), 01/13 VUs, 13586 complete and 0 interrupted iterations
oidc_cold_login_refresh   [  94% ] 01/13 VUs  28m19.0s/30m0s  8.00 iters/s

running (28m20.0s), 01/13 VUs, 13594 complete and 0 interrupted iterations
oidc_cold_login_refresh   [  94% ] 01/13 VUs  28m20.0s/30m0s  8.00 iters/s

running (28m21.0s), 03/13 VUs, 13600 complete and 0 interrupted iterations
oidc_cold_login_refresh   [  94% ] 03/13 VUs  28m21.0s/30m0s  8.00 iters/s

running (28m22.0s), 01/13 VUs, 13610 complete and 0 interrupted iterations
oidc_cold_login_refresh   [  95% ] 01/13 VUs  28m22.0s/30m0s  8.00 iters/s

running (28m23.0s), 01/13 VUs, 13618 complete and 0 interrupted iterations
oidc_cold_login_refresh   [  95% ] 01/13 VUs  28m23.0s/30m0s  8.00 iters/s

running (28m24.0s), 01/13 VUs, 13626 complete and 0 interrupted iterations
oidc_cold_login_refresh   [  95% ] 01/13 VUs  28m24.0s/30m0s  8.00 iters/s

running (28m25.0s), 01/13 VUs, 13634 complete and 0 interrupted iterations
oidc_cold_login_refresh   [  95% ] 01/13 VUs  28m25.0s/30m0s  8.00 iters/s

running (28m26.0s), 01/13 VUs, 13642 complete and 0 interrupted iterations
oidc_cold_login_refresh   [  95% ] 01/13 VUs  28m26.0s/30m0s  8.00 iters/s

running (28m27.0s), 01/13 VUs, 13650 complete and 0 interrupted iterations
oidc_cold_login_refresh   [  95% ] 01/13 VUs  28m27.0s/30m0s  8.00 iters/s

running (28m28.0s), 01/13 VUs, 13658 complete and 0 interrupted iterations
oidc_cold_login_refresh   [  95% ] 01/13 VUs  28m28.0s/30m0s  8.00 iters/s

running (28m29.0s), 01/13 VUs, 13666 complete and 0 interrupted iterations
oidc_cold_login_refresh   [  95% ] 01/13 VUs  28m29.0s/30m0s  8.00 iters/s

running (28m30.0s), 01/13 VUs, 13674 complete and 0 interrupted iterations
oidc_cold_login_refresh   [  95% ] 01/13 VUs  28m30.0s/30m0s  8.00 iters/s

running (28m31.0s), 02/13 VUs, 13681 complete and 0 interrupted iterations
oidc_cold_login_refresh   [  95% ] 02/13 VUs  28m31.0s/30m0s  8.00 iters/s

running (28m32.0s), 01/13 VUs, 13690 complete and 0 interrupted iterations
oidc_cold_login_refresh   [  95% ] 01/13 VUs  28m32.0s/30m0s  8.00 iters/s

running (28m33.0s), 01/13 VUs, 13698 complete and 0 interrupted iterations
oidc_cold_login_refresh   [  95% ] 01/13 VUs  28m33.0s/30m0s  8.00 iters/s

running (28m34.0s), 01/13 VUs, 13706 complete and 0 interrupted iterations
oidc_cold_login_refresh   [  95% ] 01/13 VUs  28m34.0s/30m0s  8.00 iters/s

running (28m35.0s), 01/13 VUs, 13714 complete and 0 interrupted iterations
oidc_cold_login_refresh   [  95% ] 01/13 VUs  28m35.0s/30m0s  8.00 iters/s

running (28m36.0s), 01/13 VUs, 13722 complete and 0 interrupted iterations
oidc_cold_login_refresh   [  95% ] 01/13 VUs  28m36.0s/30m0s  8.00 iters/s

running (28m37.0s), 02/13 VUs, 13729 complete and 0 interrupted iterations
oidc_cold_login_refresh   [  95% ] 02/13 VUs  28m37.0s/30m0s  8.00 iters/s

running (28m38.0s), 01/13 VUs, 13738 complete and 0 interrupted iterations
oidc_cold_login_refresh   [  95% ] 01/13 VUs  28m38.0s/30m0s  8.00 iters/s

running (28m39.0s), 01/13 VUs, 13746 complete and 0 interrupted iterations
oidc_cold_login_refresh   [  95% ] 01/13 VUs  28m39.0s/30m0s  8.00 iters/s

running (28m40.0s), 01/13 VUs, 13754 complete and 0 interrupted iterations
oidc_cold_login_refresh   [  96% ] 01/13 VUs  28m40.0s/30m0s  8.00 iters/s

running (28m41.0s), 01/13 VUs, 13762 complete and 0 interrupted iterations
oidc_cold_login_refresh   [  96% ] 01/13 VUs  28m41.0s/30m0s  8.00 iters/s

running (28m42.0s), 02/13 VUs, 13769 complete and 0 interrupted iterations
oidc_cold_login_refresh   [  96% ] 02/13 VUs  28m42.0s/30m0s  8.00 iters/s

running (28m43.0s), 02/13 VUs, 13777 complete and 0 interrupted iterations
oidc_cold_login_refresh   [  96% ] 02/13 VUs  28m43.0s/30m0s  8.00 iters/s

running (28m44.0s), 01/13 VUs, 13786 complete and 0 interrupted iterations
oidc_cold_login_refresh   [  96% ] 01/13 VUs  28m44.0s/30m0s  8.00 iters/s

running (28m45.0s), 01/13 VUs, 13794 complete and 0 interrupted iterations
oidc_cold_login_refresh   [  96% ] 01/13 VUs  28m45.0s/30m0s  8.00 iters/s

running (28m46.0s), 01/13 VUs, 13802 complete and 0 interrupted iterations
oidc_cold_login_refresh   [  96% ] 01/13 VUs  28m46.0s/30m0s  8.00 iters/s

running (28m47.0s), 01/13 VUs, 13810 complete and 0 interrupted iterations
oidc_cold_login_refresh   [  96% ] 01/13 VUs  28m47.0s/30m0s  8.00 iters/s

running (28m48.0s), 01/13 VUs, 13818 complete and 0 interrupted iterations
oidc_cold_login_refresh   [  96% ] 01/13 VUs  28m48.0s/30m0s  8.00 iters/s

running (28m49.0s), 02/13 VUs, 13825 complete and 0 interrupted iterations
oidc_cold_login_refresh   [  96% ] 02/13 VUs  28m49.0s/30m0s  8.00 iters/s

running (28m50.0s), 01/13 VUs, 13834 complete and 0 interrupted iterations
oidc_cold_login_refresh   [  96% ] 01/13 VUs  28m50.0s/30m0s  8.00 iters/s

running (28m51.0s), 01/13 VUs, 13842 complete and 0 interrupted iterations
oidc_cold_login_refresh   [  96% ] 01/13 VUs  28m51.0s/30m0s  8.00 iters/s

running (28m52.0s), 02/13 VUs, 13849 complete and 0 interrupted iterations
oidc_cold_login_refresh   [  96% ] 02/13 VUs  28m52.0s/30m0s  8.00 iters/s

running (28m53.0s), 02/13 VUs, 13857 complete and 0 interrupted iterations
oidc_cold_login_refresh   [  96% ] 02/13 VUs  28m53.0s/30m0s  8.00 iters/s

running (28m54.0s), 01/13 VUs, 13866 complete and 0 interrupted iterations
oidc_cold_login_refresh   [  96% ] 01/13 VUs  28m54.0s/30m0s  8.00 iters/s

running (28m55.0s), 01/13 VUs, 13874 complete and 0 interrupted iterations
oidc_cold_login_refresh   [  96% ] 01/13 VUs  28m55.0s/30m0s  8.00 iters/s

running (28m56.0s), 01/13 VUs, 13882 complete and 0 interrupted iterations
oidc_cold_login_refresh   [  96% ] 01/13 VUs  28m56.0s/30m0s  8.00 iters/s

running (28m57.0s), 01/13 VUs, 13890 complete and 0 interrupted iterations
oidc_cold_login_refresh   [  96% ] 01/13 VUs  28m57.0s/30m0s  8.00 iters/s

running (28m58.0s), 01/13 VUs, 13898 complete and 0 interrupted iterations
oidc_cold_login_refresh   [  97% ] 01/13 VUs  28m58.0s/30m0s  8.00 iters/s

running (28m59.0s), 01/13 VUs, 13906 complete and 0 interrupted iterations
oidc_cold_login_refresh   [  97% ] 01/13 VUs  28m59.0s/30m0s  8.00 iters/s

running (29m00.0s), 01/13 VUs, 13914 complete and 0 interrupted iterations
oidc_cold_login_refresh   [  97% ] 01/13 VUs  29m00.0s/30m0s  8.00 iters/s

running (29m01.0s), 01/13 VUs, 13922 complete and 0 interrupted iterations
oidc_cold_login_refresh   [  97% ] 01/13 VUs  29m01.0s/30m0s  8.00 iters/s

running (29m02.0s), 01/13 VUs, 13930 complete and 0 interrupted iterations
oidc_cold_login_refresh   [  97% ] 01/13 VUs  29m02.0s/30m0s  8.00 iters/s

running (29m03.0s), 01/13 VUs, 13938 complete and 0 interrupted iterations
oidc_cold_login_refresh   [  97% ] 01/13 VUs  29m03.0s/30m0s  8.00 iters/s

running (29m04.0s), 01/13 VUs, 13946 complete and 0 interrupted iterations
oidc_cold_login_refresh   [  97% ] 01/13 VUs  29m04.0s/30m0s  8.00 iters/s

running (29m05.0s), 01/13 VUs, 13954 complete and 0 interrupted iterations
oidc_cold_login_refresh   [  97% ] 01/13 VUs  29m05.0s/30m0s  8.00 iters/s

running (29m06.0s), 01/13 VUs, 13962 complete and 0 interrupted iterations
oidc_cold_login_refresh   [  97% ] 01/13 VUs  29m06.0s/30m0s  8.00 iters/s

running (29m07.0s), 01/13 VUs, 13970 complete and 0 interrupted iterations
oidc_cold_login_refresh   [  97% ] 01/13 VUs  29m07.0s/30m0s  8.00 iters/s

running (29m08.0s), 01/13 VUs, 13978 complete and 0 interrupted iterations
oidc_cold_login_refresh   [  97% ] 01/13 VUs  29m08.0s/30m0s  8.00 iters/s

running (29m09.0s), 01/13 VUs, 13986 complete and 0 interrupted iterations
oidc_cold_login_refresh   [  97% ] 01/13 VUs  29m09.0s/30m0s  8.00 iters/s

running (29m10.0s), 01/13 VUs, 13994 complete and 0 interrupted iterations
oidc_cold_login_refresh   [  97% ] 01/13 VUs  29m10.0s/30m0s  8.00 iters/s

running (29m11.0s), 01/13 VUs, 14002 complete and 0 interrupted iterations
oidc_cold_login_refresh   [  97% ] 01/13 VUs  29m11.0s/30m0s  8.00 iters/s

running (29m12.0s), 01/13 VUs, 14010 complete and 0 interrupted iterations
oidc_cold_login_refresh   [  97% ] 01/13 VUs  29m12.0s/30m0s  8.00 iters/s

running (29m13.0s), 01/13 VUs, 14018 complete and 0 interrupted iterations
oidc_cold_login_refresh   [  97% ] 01/13 VUs  29m13.0s/30m0s  8.00 iters/s

running (29m14.0s), 01/13 VUs, 14026 complete and 0 interrupted iterations
oidc_cold_login_refresh   [  97% ] 01/13 VUs  29m14.0s/30m0s  8.00 iters/s

running (29m15.0s), 01/13 VUs, 14034 complete and 0 interrupted iterations
oidc_cold_login_refresh   [  97% ] 01/13 VUs  29m15.0s/30m0s  8.00 iters/s

running (29m16.0s), 01/13 VUs, 14042 complete and 0 interrupted iterations
oidc_cold_login_refresh   [  98% ] 01/13 VUs  29m16.0s/30m0s  8.00 iters/s

running (29m17.0s), 01/13 VUs, 14050 complete and 0 interrupted iterations
oidc_cold_login_refresh   [  98% ] 01/13 VUs  29m17.0s/30m0s  8.00 iters/s

running (29m18.0s), 01/13 VUs, 14058 complete and 0 interrupted iterations
oidc_cold_login_refresh   [  98% ] 01/13 VUs  29m18.0s/30m0s  8.00 iters/s

running (29m19.0s), 01/13 VUs, 14066 complete and 0 interrupted iterations
oidc_cold_login_refresh   [  98% ] 01/13 VUs  29m19.0s/30m0s  8.00 iters/s

running (29m20.0s), 01/13 VUs, 14074 complete and 0 interrupted iterations
oidc_cold_login_refresh   [  98% ] 01/13 VUs  29m20.0s/30m0s  8.00 iters/s

running (29m21.0s), 02/13 VUs, 14081 complete and 0 interrupted iterations
oidc_cold_login_refresh   [  98% ] 02/13 VUs  29m21.0s/30m0s  8.00 iters/s

running (29m22.0s), 01/13 VUs, 14090 complete and 0 interrupted iterations
oidc_cold_login_refresh   [  98% ] 01/13 VUs  29m22.0s/30m0s  8.00 iters/s

running (29m23.0s), 01/13 VUs, 14098 complete and 0 interrupted iterations
oidc_cold_login_refresh   [  98% ] 01/13 VUs  29m23.0s/30m0s  8.00 iters/s

running (29m24.0s), 01/13 VUs, 14106 complete and 0 interrupted iterations
oidc_cold_login_refresh   [  98% ] 01/13 VUs  29m24.0s/30m0s  8.00 iters/s

running (29m25.0s), 01/13 VUs, 14114 complete and 0 interrupted iterations
oidc_cold_login_refresh   [  98% ] 01/13 VUs  29m25.0s/30m0s  8.00 iters/s

running (29m26.0s), 01/13 VUs, 14122 complete and 0 interrupted iterations
oidc_cold_login_refresh   [  98% ] 01/13 VUs  29m26.0s/30m0s  8.00 iters/s

running (29m27.0s), 01/13 VUs, 14130 complete and 0 interrupted iterations
oidc_cold_login_refresh   [  98% ] 01/13 VUs  29m27.0s/30m0s  8.00 iters/s

running (29m28.0s), 01/13 VUs, 14138 complete and 0 interrupted iterations
oidc_cold_login_refresh   [  98% ] 01/13 VUs  29m28.0s/30m0s  8.00 iters/s

running (29m29.0s), 01/13 VUs, 14146 complete and 0 interrupted iterations
oidc_cold_login_refresh   [  98% ] 01/13 VUs  29m29.0s/30m0s  8.00 iters/s

running (29m30.0s), 01/13 VUs, 14154 complete and 0 interrupted iterations
oidc_cold_login_refresh   [  98% ] 01/13 VUs  29m30.0s/30m0s  8.00 iters/s

running (29m31.0s), 01/13 VUs, 14162 complete and 0 interrupted iterations
oidc_cold_login_refresh   [  98% ] 01/13 VUs  29m31.0s/30m0s  8.00 iters/s

running (29m32.0s), 01/13 VUs, 14170 complete and 0 interrupted iterations
oidc_cold_login_refresh   [  98% ] 01/13 VUs  29m32.0s/30m0s  8.00 iters/s

running (29m33.0s), 01/13 VUs, 14178 complete and 0 interrupted iterations
oidc_cold_login_refresh   [  98% ] 01/13 VUs  29m33.0s/30m0s  8.00 iters/s

running (29m34.0s), 01/13 VUs, 14186 complete and 0 interrupted iterations
oidc_cold_login_refresh   [  99% ] 01/13 VUs  29m34.0s/30m0s  8.00 iters/s

running (29m35.0s), 01/13 VUs, 14194 complete and 0 interrupted iterations
oidc_cold_login_refresh   [  99% ] 01/13 VUs  29m35.0s/30m0s  8.00 iters/s

running (29m36.0s), 01/13 VUs, 14202 complete and 0 interrupted iterations
oidc_cold_login_refresh   [  99% ] 01/13 VUs  29m36.0s/30m0s  8.00 iters/s

running (29m37.0s), 01/13 VUs, 14210 complete and 0 interrupted iterations
oidc_cold_login_refresh   [  99% ] 01/13 VUs  29m37.0s/30m0s  8.00 iters/s

running (29m38.0s), 01/13 VUs, 14218 complete and 0 interrupted iterations
oidc_cold_login_refresh   [  99% ] 01/13 VUs  29m38.0s/30m0s  8.00 iters/s

running (29m39.0s), 01/13 VUs, 14226 complete and 0 interrupted iterations
oidc_cold_login_refresh   [  99% ] 01/13 VUs  29m39.0s/30m0s  8.00 iters/s

running (29m40.0s), 01/13 VUs, 14234 complete and 0 interrupted iterations
oidc_cold_login_refresh   [  99% ] 01/13 VUs  29m40.0s/30m0s  8.00 iters/s

running (29m41.0s), 01/13 VUs, 14242 complete and 0 interrupted iterations
oidc_cold_login_refresh   [  99% ] 01/13 VUs  29m41.0s/30m0s  8.00 iters/s

running (29m42.0s), 01/13 VUs, 14250 complete and 0 interrupted iterations
oidc_cold_login_refresh   [  99% ] 01/13 VUs  29m42.0s/30m0s  8.00 iters/s

running (29m43.0s), 01/13 VUs, 14258 complete and 0 interrupted iterations
oidc_cold_login_refresh   [  99% ] 01/13 VUs  29m43.0s/30m0s  8.00 iters/s

running (29m44.0s), 03/13 VUs, 14264 complete and 0 interrupted iterations
oidc_cold_login_refresh   [  99% ] 03/13 VUs  29m44.0s/30m0s  8.00 iters/s

running (29m45.0s), 01/13 VUs, 14274 complete and 0 interrupted iterations
oidc_cold_login_refresh   [  99% ] 01/13 VUs  29m45.0s/30m0s  8.00 iters/s

running (29m46.0s), 01/13 VUs, 14282 complete and 0 interrupted iterations
oidc_cold_login_refresh   [  99% ] 01/13 VUs  29m46.0s/30m0s  8.00 iters/s

running (29m47.0s), 01/13 VUs, 14290 complete and 0 interrupted iterations
oidc_cold_login_refresh   [  99% ] 01/13 VUs  29m47.0s/30m0s  8.00 iters/s

running (29m48.0s), 01/13 VUs, 14298 complete and 0 interrupted iterations
oidc_cold_login_refresh   [  99% ] 01/13 VUs  29m48.0s/30m0s  8.00 iters/s

running (29m49.0s), 01/13 VUs, 14306 complete and 0 interrupted iterations
oidc_cold_login_refresh   [  99% ] 01/13 VUs  29m49.0s/30m0s  8.00 iters/s

running (29m50.0s), 01/13 VUs, 14314 complete and 0 interrupted iterations
oidc_cold_login_refresh   [  99% ] 01/13 VUs  29m50.0s/30m0s  8.00 iters/s

running (29m51.0s), 01/13 VUs, 14322 complete and 0 interrupted iterations
oidc_cold_login_refresh   [  99% ] 01/13 VUs  29m51.0s/30m0s  8.00 iters/s

running (29m52.0s), 01/13 VUs, 14330 complete and 0 interrupted iterations
oidc_cold_login_refresh   [ 100% ] 01/13 VUs  29m52.0s/30m0s  8.00 iters/s

running (29m53.0s), 01/13 VUs, 14338 complete and 0 interrupted iterations
oidc_cold_login_refresh   [ 100% ] 01/13 VUs  29m53.0s/30m0s  8.00 iters/s

running (29m54.0s), 01/13 VUs, 14346 complete and 0 interrupted iterations
oidc_cold_login_refresh   [ 100% ] 01/13 VUs  29m54.0s/30m0s  8.00 iters/s

running (29m55.0s), 01/13 VUs, 14354 complete and 0 interrupted iterations
oidc_cold_login_refresh   [ 100% ] 01/13 VUs  29m55.0s/30m0s  8.00 iters/s

running (29m56.0s), 01/13 VUs, 14362 complete and 0 interrupted iterations
oidc_cold_login_refresh   [ 100% ] 01/13 VUs  29m56.0s/30m0s  8.00 iters/s

running (29m57.0s), 01/13 VUs, 14370 complete and 0 interrupted iterations
oidc_cold_login_refresh   [ 100% ] 01/13 VUs  29m57.0s/30m0s  8.00 iters/s

running (29m58.0s), 01/13 VUs, 14378 complete and 0 interrupted iterations
oidc_cold_login_refresh   [ 100% ] 01/13 VUs  29m58.0s/30m0s  8.00 iters/s

running (29m59.0s), 01/13 VUs, 14386 complete and 0 interrupted iterations
oidc_cold_login_refresh   [ 100% ] 01/13 VUs  29m59.0s/30m0s  8.00 iters/s

running (30m00.0s), 01/13 VUs, 14394 complete and 0 interrupted iterations
oidc_cold_login_refresh   [ 100% ] 01/13 VUs  30m00.0s/30m0s  8.00 iters/s

running (30m00.2s), 00/13 VUs, 14396 complete and 0 interrupted iterations
oidc_cold_login_refresh ✓ [ 100% ] 00/13 VUs  30m0s  8.00 iters/s
PERF_VECTOR_COUNT=2000 is below the replay-safe minimum; using 15208 flow vectors
cap/oidc_cold_login_refresh: status=target_miss rps=47.983 p95=119.144ms errors=0.0 db_calls=163395369
