
         /\      Grafana   /‾‾/  
    /\  /  \     |\  __   /  /   
   /  \/    \    | |/ /  /   ‾‾\ 
  /          \   |   (  |  (‾)  |
 / __________ \  |_|\_\  \_____/ 


     execution: local
        script: /perf/k6/oauth.js
        output: -

     scenarios: (100.00%) 1 scenario, 32 max VUs, 32m0s max duration (incl. graceful stop):
              * metadata_jwks: 200.00 iterations/s for 30m0s (maxVUs: 16-32, exec: metadata_jwks, gracefulStop: 2m0s)


running (00m00.9s), 00/16 VUs, 187 complete and 0 interrupted iterations
metadata_jwks   [   0% ] 00/16 VUs  00m00.9s/30m0s  200.00 iters/s

running (00m01.9s), 00/16 VUs, 387 complete and 0 interrupted iterations
metadata_jwks   [   0% ] 00/16 VUs  00m01.9s/30m0s  200.00 iters/s

running (00m02.9s), 00/16 VUs, 587 complete and 0 interrupted iterations
metadata_jwks   [   0% ] 00/16 VUs  00m02.9s/30m0s  200.00 iters/s

running (00m03.9s), 00/16 VUs, 787 complete and 0 interrupted iterations
metadata_jwks   [   0% ] 00/16 VUs  00m03.9s/30m0s  200.00 iters/s

running (00m04.9s), 00/16 VUs, 987 complete and 0 interrupted iterations
metadata_jwks   [   0% ] 00/16 VUs  00m04.9s/30m0s  200.00 iters/s

running (00m05.9s), 00/16 VUs, 1187 complete and 0 interrupted iterations
metadata_jwks   [   0% ] 00/16 VUs  00m05.9s/30m0s  200.00 iters/s

running (00m06.9s), 00/16 VUs, 1387 complete and 0 interrupted iterations
metadata_jwks   [   0% ] 00/16 VUs  00m06.9s/30m0s  200.00 iters/s

running (00m07.9s), 00/16 VUs, 1587 complete and 0 interrupted iterations
metadata_jwks   [   0% ] 00/16 VUs  00m07.9s/30m0s  200.00 iters/s

running (00m08.9s), 00/16 VUs, 1787 complete and 0 interrupted iterations
metadata_jwks   [   0% ] 00/16 VUs  00m08.9s/30m0s  200.00 iters/s

running (00m09.9s), 00/16 VUs, 1987 complete and 0 interrupted iterations
metadata_jwks   [   1% ] 00/16 VUs  00m09.9s/30m0s  200.00 iters/s

running (00m10.9s), 00/16 VUs, 2187 complete and 0 interrupted iterations
metadata_jwks   [   1% ] 00/16 VUs  00m10.9s/30m0s  200.00 iters/s

running (00m11.9s), 00/16 VUs, 2387 complete and 0 interrupted iterations
metadata_jwks   [   1% ] 00/16 VUs  00m11.9s/30m0s  200.00 iters/s

running (00m12.9s), 00/16 VUs, 2587 complete and 0 interrupted iterations
metadata_jwks   [   1% ] 00/16 VUs  00m12.9s/30m0s  200.00 iters/s

running (00m13.9s), 00/16 VUs, 2787 complete and 0 interrupted iterations
metadata_jwks   [   1% ] 00/16 VUs  00m13.9s/30m0s  200.00 iters/s

running (00m14.9s), 00/16 VUs, 2987 complete and 0 interrupted iterations
metadata_jwks   [   1% ] 00/16 VUs  00m14.9s/30m0s  200.00 iters/s

running (00m15.9s), 00/16 VUs, 3187 complete and 0 interrupted iterations
metadata_jwks   [   1% ] 00/16 VUs  00m15.9s/30m0s  200.00 iters/s

running (00m16.9s), 00/16 VUs, 3387 complete and 0 interrupted iterations
metadata_jwks   [   1% ] 00/16 VUs  00m16.9s/30m0s  200.00 iters/s

running (00m17.9s), 00/16 VUs, 3587 complete and 0 interrupted iterations
metadata_jwks   [   1% ] 00/16 VUs  00m17.9s/30m0s  200.00 iters/s

running (00m18.9s), 00/16 VUs, 3787 complete and 0 interrupted iterations
metadata_jwks   [   1% ] 00/16 VUs  00m18.9s/30m0s  200.00 iters/s

running (00m19.9s), 00/16 VUs, 3987 complete and 0 interrupted iterations
metadata_jwks   [   1% ] 00/16 VUs  00m19.9s/30m0s  200.00 iters/s

running (00m20.9s), 00/16 VUs, 4187 complete and 0 interrupted iterations
metadata_jwks   [   1% ] 00/16 VUs  00m20.9s/30m0s  200.00 iters/s

running (00m21.9s), 00/16 VUs, 4387 complete and 0 interrupted iterations
metadata_jwks   [   1% ] 00/16 VUs  00m21.9s/30m0s  200.00 iters/s

running (00m22.9s), 00/16 VUs, 4587 complete and 0 interrupted iterations
metadata_jwks   [   1% ] 00/16 VUs  00m22.9s/30m0s  200.00 iters/s

running (00m23.9s), 00/16 VUs, 4787 complete and 0 interrupted iterations
metadata_jwks   [   1% ] 00/16 VUs  00m23.9s/30m0s  200.00 iters/s

running (00m24.9s), 00/16 VUs, 4987 complete and 0 interrupted iterations
metadata_jwks   [   1% ] 00/16 VUs  00m24.9s/30m0s  200.00 iters/s

running (00m25.9s), 00/16 VUs, 5187 complete and 0 interrupted iterations
metadata_jwks   [   1% ] 00/16 VUs  00m25.9s/30m0s  200.00 iters/s

running (00m26.9s), 00/16 VUs, 5387 complete and 0 interrupted iterations
metadata_jwks   [   1% ] 00/16 VUs  00m26.9s/30m0s  200.00 iters/s

running (00m27.9s), 00/16 VUs, 5587 complete and 0 interrupted iterations
metadata_jwks   [   2% ] 00/16 VUs  00m27.9s/30m0s  200.00 iters/s

running (00m28.9s), 00/16 VUs, 5787 complete and 0 interrupted iterations
metadata_jwks   [   2% ] 00/16 VUs  00m28.9s/30m0s  200.00 iters/s

running (00m29.9s), 00/16 VUs, 5987 complete and 0 interrupted iterations
metadata_jwks   [   2% ] 00/16 VUs  00m29.9s/30m0s  200.00 iters/s

running (00m30.9s), 00/16 VUs, 6187 complete and 0 interrupted iterations
metadata_jwks   [   2% ] 00/16 VUs  00m30.9s/30m0s  200.00 iters/s

running (00m31.9s), 00/16 VUs, 6387 complete and 0 interrupted iterations
metadata_jwks   [   2% ] 00/16 VUs  00m31.9s/30m0s  200.00 iters/s

running (00m32.9s), 00/16 VUs, 6587 complete and 0 interrupted iterations
metadata_jwks   [   2% ] 00/16 VUs  00m32.9s/30m0s  200.00 iters/s

running (00m33.9s), 00/16 VUs, 6787 complete and 0 interrupted iterations
metadata_jwks   [   2% ] 00/16 VUs  00m33.9s/30m0s  200.00 iters/s

running (00m34.9s), 00/16 VUs, 6987 complete and 0 interrupted iterations
metadata_jwks   [   2% ] 00/16 VUs  00m34.9s/30m0s  200.00 iters/s

running (00m35.9s), 00/16 VUs, 7187 complete and 0 interrupted iterations
metadata_jwks   [   2% ] 00/16 VUs  00m35.9s/30m0s  200.00 iters/s

running (00m36.9s), 00/16 VUs, 7387 complete and 0 interrupted iterations
metadata_jwks   [   2% ] 00/16 VUs  00m36.9s/30m0s  200.00 iters/s

running (00m37.9s), 00/16 VUs, 7587 complete and 0 interrupted iterations
metadata_jwks   [   2% ] 00/16 VUs  00m37.9s/30m0s  200.00 iters/s

running (00m38.9s), 00/16 VUs, 7787 complete and 0 interrupted iterations
metadata_jwks   [   2% ] 00/16 VUs  00m38.9s/30m0s  200.00 iters/s

running (00m39.9s), 00/16 VUs, 7987 complete and 0 interrupted iterations
metadata_jwks   [   2% ] 00/16 VUs  00m39.9s/30m0s  200.00 iters/s

running (00m40.9s), 00/16 VUs, 8187 complete and 0 interrupted iterations
metadata_jwks   [   2% ] 00/16 VUs  00m40.9s/30m0s  200.00 iters/s

running (00m41.9s), 00/16 VUs, 8387 complete and 0 interrupted iterations
metadata_jwks   [   2% ] 00/16 VUs  00m41.9s/30m0s  200.00 iters/s

running (00m42.9s), 00/16 VUs, 8587 complete and 0 interrupted iterations
metadata_jwks   [   2% ] 00/16 VUs  00m42.9s/30m0s  200.00 iters/s

running (00m43.9s), 00/16 VUs, 8787 complete and 0 interrupted iterations
metadata_jwks   [   2% ] 00/16 VUs  00m43.9s/30m0s  200.00 iters/s

running (00m44.9s), 00/16 VUs, 8987 complete and 0 interrupted iterations
metadata_jwks   [   2% ] 00/16 VUs  00m44.9s/30m0s  200.00 iters/s

running (00m45.9s), 00/16 VUs, 9187 complete and 0 interrupted iterations
metadata_jwks   [   3% ] 00/16 VUs  00m45.9s/30m0s  200.00 iters/s

running (00m46.9s), 00/16 VUs, 9387 complete and 0 interrupted iterations
metadata_jwks   [   3% ] 00/16 VUs  00m46.9s/30m0s  200.00 iters/s

running (00m47.9s), 00/16 VUs, 9587 complete and 0 interrupted iterations
metadata_jwks   [   3% ] 00/16 VUs  00m47.9s/30m0s  200.00 iters/s

running (00m48.9s), 00/16 VUs, 9787 complete and 0 interrupted iterations
metadata_jwks   [   3% ] 00/16 VUs  00m48.9s/30m0s  200.00 iters/s

running (00m49.9s), 00/16 VUs, 9987 complete and 0 interrupted iterations
metadata_jwks   [   3% ] 00/16 VUs  00m49.9s/30m0s  200.00 iters/s

running (00m50.9s), 00/16 VUs, 10187 complete and 0 interrupted iterations
metadata_jwks   [   3% ] 00/16 VUs  00m50.9s/30m0s  200.00 iters/s

running (00m51.9s), 00/16 VUs, 10387 complete and 0 interrupted iterations
metadata_jwks   [   3% ] 00/16 VUs  00m51.9s/30m0s  200.00 iters/s

running (00m52.9s), 00/16 VUs, 10587 complete and 0 interrupted iterations
metadata_jwks   [   3% ] 00/16 VUs  00m52.9s/30m0s  200.00 iters/s

running (00m53.9s), 00/16 VUs, 10787 complete and 0 interrupted iterations
metadata_jwks   [   3% ] 00/16 VUs  00m53.9s/30m0s  200.00 iters/s

running (00m54.9s), 00/16 VUs, 10987 complete and 0 interrupted iterations
metadata_jwks   [   3% ] 00/16 VUs  00m54.9s/30m0s  200.00 iters/s

running (00m55.9s), 00/16 VUs, 11187 complete and 0 interrupted iterations
metadata_jwks   [   3% ] 00/16 VUs  00m55.9s/30m0s  200.00 iters/s

running (00m56.9s), 00/16 VUs, 11387 complete and 0 interrupted iterations
metadata_jwks   [   3% ] 00/16 VUs  00m56.9s/30m0s  200.00 iters/s

running (00m57.9s), 00/16 VUs, 11587 complete and 0 interrupted iterations
metadata_jwks   [   3% ] 00/16 VUs  00m57.9s/30m0s  200.00 iters/s

running (00m58.9s), 00/16 VUs, 11787 complete and 0 interrupted iterations
metadata_jwks   [   3% ] 00/16 VUs  00m58.9s/30m0s  200.00 iters/s

running (00m59.9s), 00/16 VUs, 11987 complete and 0 interrupted iterations
metadata_jwks   [   3% ] 00/16 VUs  00m59.9s/30m0s  200.00 iters/s

running (01m00.9s), 00/16 VUs, 12187 complete and 0 interrupted iterations
metadata_jwks   [   3% ] 00/16 VUs  01m00.9s/30m0s  200.00 iters/s

running (01m01.9s), 00/16 VUs, 12387 complete and 0 interrupted iterations
metadata_jwks   [   3% ] 00/16 VUs  01m01.9s/30m0s  200.00 iters/s

running (01m02.9s), 00/16 VUs, 12587 complete and 0 interrupted iterations
metadata_jwks   [   3% ] 00/16 VUs  01m02.9s/30m0s  200.00 iters/s

running (01m03.9s), 00/16 VUs, 12787 complete and 0 interrupted iterations
metadata_jwks   [   4% ] 00/16 VUs  01m03.9s/30m0s  200.00 iters/s

running (01m04.9s), 00/16 VUs, 12987 complete and 0 interrupted iterations
metadata_jwks   [   4% ] 00/16 VUs  01m04.9s/30m0s  200.00 iters/s

running (01m05.9s), 00/16 VUs, 13187 complete and 0 interrupted iterations
metadata_jwks   [   4% ] 00/16 VUs  01m05.9s/30m0s  200.00 iters/s

running (01m06.9s), 00/16 VUs, 13387 complete and 0 interrupted iterations
metadata_jwks   [   4% ] 00/16 VUs  01m06.9s/30m0s  200.00 iters/s

running (01m07.9s), 00/16 VUs, 13587 complete and 0 interrupted iterations
metadata_jwks   [   4% ] 00/16 VUs  01m07.9s/30m0s  200.00 iters/s

running (01m08.9s), 00/16 VUs, 13787 complete and 0 interrupted iterations
metadata_jwks   [   4% ] 00/16 VUs  01m08.9s/30m0s  200.00 iters/s

running (01m09.9s), 00/16 VUs, 13987 complete and 0 interrupted iterations
metadata_jwks   [   4% ] 00/16 VUs  01m09.9s/30m0s  200.00 iters/s

running (01m10.9s), 00/16 VUs, 14187 complete and 0 interrupted iterations
metadata_jwks   [   4% ] 00/16 VUs  01m10.9s/30m0s  200.00 iters/s

running (01m11.9s), 00/16 VUs, 14387 complete and 0 interrupted iterations
metadata_jwks   [   4% ] 00/16 VUs  01m11.9s/30m0s  200.00 iters/s

running (01m12.9s), 00/16 VUs, 14587 complete and 0 interrupted iterations
metadata_jwks   [   4% ] 00/16 VUs  01m12.9s/30m0s  200.00 iters/s

running (01m13.9s), 00/16 VUs, 14787 complete and 0 interrupted iterations
metadata_jwks   [   4% ] 00/16 VUs  01m13.9s/30m0s  200.00 iters/s

running (01m14.9s), 00/16 VUs, 14987 complete and 0 interrupted iterations
metadata_jwks   [   4% ] 00/16 VUs  01m14.9s/30m0s  200.00 iters/s

running (01m15.9s), 00/16 VUs, 15187 complete and 0 interrupted iterations
metadata_jwks   [   4% ] 00/16 VUs  01m15.9s/30m0s  200.00 iters/s

running (01m16.9s), 00/16 VUs, 15387 complete and 0 interrupted iterations
metadata_jwks   [   4% ] 00/16 VUs  01m16.9s/30m0s  200.00 iters/s

running (01m17.9s), 00/16 VUs, 15587 complete and 0 interrupted iterations
metadata_jwks   [   4% ] 00/16 VUs  01m17.9s/30m0s  200.00 iters/s

running (01m18.9s), 00/16 VUs, 15787 complete and 0 interrupted iterations
metadata_jwks   [   4% ] 00/16 VUs  01m18.9s/30m0s  200.00 iters/s

running (01m19.9s), 00/16 VUs, 15987 complete and 0 interrupted iterations
metadata_jwks   [   4% ] 00/16 VUs  01m19.9s/30m0s  200.00 iters/s

running (01m20.9s), 00/16 VUs, 16187 complete and 0 interrupted iterations
metadata_jwks   [   4% ] 00/16 VUs  01m20.9s/30m0s  200.00 iters/s

running (01m21.9s), 00/16 VUs, 16387 complete and 0 interrupted iterations
metadata_jwks   [   5% ] 00/16 VUs  01m21.9s/30m0s  200.00 iters/s

running (01m22.9s), 00/16 VUs, 16587 complete and 0 interrupted iterations
metadata_jwks   [   5% ] 00/16 VUs  01m22.9s/30m0s  200.00 iters/s

running (01m23.9s), 00/16 VUs, 16787 complete and 0 interrupted iterations
metadata_jwks   [   5% ] 00/16 VUs  01m23.9s/30m0s  200.00 iters/s

running (01m24.9s), 00/16 VUs, 16987 complete and 0 interrupted iterations
metadata_jwks   [   5% ] 00/16 VUs  01m24.9s/30m0s  200.00 iters/s

running (01m25.9s), 00/16 VUs, 17187 complete and 0 interrupted iterations
metadata_jwks   [   5% ] 00/16 VUs  01m25.9s/30m0s  200.00 iters/s

running (01m26.9s), 00/16 VUs, 17387 complete and 0 interrupted iterations
metadata_jwks   [   5% ] 00/16 VUs  01m26.9s/30m0s  200.00 iters/s

running (01m27.9s), 00/16 VUs, 17587 complete and 0 interrupted iterations
metadata_jwks   [   5% ] 00/16 VUs  01m27.9s/30m0s  200.00 iters/s

running (01m28.9s), 00/16 VUs, 17787 complete and 0 interrupted iterations
metadata_jwks   [   5% ] 00/16 VUs  01m28.9s/30m0s  200.00 iters/s

running (01m29.9s), 00/16 VUs, 17987 complete and 0 interrupted iterations
metadata_jwks   [   5% ] 00/16 VUs  01m29.9s/30m0s  200.00 iters/s

running (01m30.9s), 00/16 VUs, 18187 complete and 0 interrupted iterations
metadata_jwks   [   5% ] 00/16 VUs  01m30.9s/30m0s  200.00 iters/s

running (01m31.9s), 00/16 VUs, 18387 complete and 0 interrupted iterations
metadata_jwks   [   5% ] 00/16 VUs  01m31.9s/30m0s  200.00 iters/s

running (01m32.9s), 00/16 VUs, 18587 complete and 0 interrupted iterations
metadata_jwks   [   5% ] 00/16 VUs  01m32.9s/30m0s  200.00 iters/s

running (01m33.9s), 00/16 VUs, 18787 complete and 0 interrupted iterations
metadata_jwks   [   5% ] 00/16 VUs  01m33.9s/30m0s  200.00 iters/s

running (01m34.9s), 00/16 VUs, 18987 complete and 0 interrupted iterations
metadata_jwks   [   5% ] 00/16 VUs  01m34.9s/30m0s  200.00 iters/s

running (01m35.9s), 00/16 VUs, 19187 complete and 0 interrupted iterations
metadata_jwks   [   5% ] 00/16 VUs  01m35.9s/30m0s  200.00 iters/s

running (01m36.9s), 00/16 VUs, 19387 complete and 0 interrupted iterations
metadata_jwks   [   5% ] 00/16 VUs  01m36.9s/30m0s  200.00 iters/s

running (01m37.9s), 00/16 VUs, 19587 complete and 0 interrupted iterations
metadata_jwks   [   5% ] 00/16 VUs  01m37.9s/30m0s  200.00 iters/s

running (01m38.9s), 00/16 VUs, 19787 complete and 0 interrupted iterations
metadata_jwks   [   5% ] 00/16 VUs  01m38.9s/30m0s  200.00 iters/s

running (01m39.9s), 00/16 VUs, 19987 complete and 0 interrupted iterations
metadata_jwks   [   6% ] 00/16 VUs  01m39.9s/30m0s  200.00 iters/s

running (01m40.9s), 00/16 VUs, 20187 complete and 0 interrupted iterations
metadata_jwks   [   6% ] 00/16 VUs  01m40.9s/30m0s  200.00 iters/s

running (01m41.9s), 00/16 VUs, 20387 complete and 0 interrupted iterations
metadata_jwks   [   6% ] 00/16 VUs  01m41.9s/30m0s  200.00 iters/s

running (01m42.9s), 00/16 VUs, 20587 complete and 0 interrupted iterations
metadata_jwks   [   6% ] 00/16 VUs  01m42.9s/30m0s  200.00 iters/s

running (01m43.9s), 00/16 VUs, 20787 complete and 0 interrupted iterations
metadata_jwks   [   6% ] 00/16 VUs  01m43.9s/30m0s  200.00 iters/s

running (01m44.9s), 00/16 VUs, 20987 complete and 0 interrupted iterations
metadata_jwks   [   6% ] 00/16 VUs  01m44.9s/30m0s  200.00 iters/s

running (01m45.9s), 00/16 VUs, 21187 complete and 0 interrupted iterations
metadata_jwks   [   6% ] 00/16 VUs  01m45.9s/30m0s  200.00 iters/s

running (01m46.9s), 00/16 VUs, 21387 complete and 0 interrupted iterations
metadata_jwks   [   6% ] 00/16 VUs  01m46.9s/30m0s  200.00 iters/s

running (01m47.9s), 00/16 VUs, 21587 complete and 0 interrupted iterations
metadata_jwks   [   6% ] 00/16 VUs  01m47.9s/30m0s  200.00 iters/s

running (01m48.9s), 00/16 VUs, 21787 complete and 0 interrupted iterations
metadata_jwks   [   6% ] 00/16 VUs  01m48.9s/30m0s  200.00 iters/s

running (01m49.9s), 00/16 VUs, 21987 complete and 0 interrupted iterations
metadata_jwks   [   6% ] 00/16 VUs  01m49.9s/30m0s  200.00 iters/s

running (01m50.9s), 00/16 VUs, 22187 complete and 0 interrupted iterations
metadata_jwks   [   6% ] 00/16 VUs  01m50.9s/30m0s  200.00 iters/s

running (01m51.9s), 00/16 VUs, 22387 complete and 0 interrupted iterations
metadata_jwks   [   6% ] 00/16 VUs  01m51.9s/30m0s  200.00 iters/s

running (01m52.9s), 00/16 VUs, 22587 complete and 0 interrupted iterations
metadata_jwks   [   6% ] 00/16 VUs  01m52.9s/30m0s  200.00 iters/s

running (01m53.9s), 00/16 VUs, 22787 complete and 0 interrupted iterations
metadata_jwks   [   6% ] 00/16 VUs  01m53.9s/30m0s  200.00 iters/s

running (01m54.9s), 00/16 VUs, 22987 complete and 0 interrupted iterations
metadata_jwks   [   6% ] 00/16 VUs  01m54.9s/30m0s  200.00 iters/s

running (01m55.9s), 00/16 VUs, 23187 complete and 0 interrupted iterations
metadata_jwks   [   6% ] 00/16 VUs  01m55.9s/30m0s  200.00 iters/s

running (01m56.9s), 00/16 VUs, 23387 complete and 0 interrupted iterations
metadata_jwks   [   6% ] 00/16 VUs  01m56.9s/30m0s  200.00 iters/s

running (01m57.9s), 00/16 VUs, 23587 complete and 0 interrupted iterations
metadata_jwks   [   7% ] 00/16 VUs  01m57.9s/30m0s  200.00 iters/s

running (01m58.9s), 00/16 VUs, 23787 complete and 0 interrupted iterations
metadata_jwks   [   7% ] 00/16 VUs  01m58.9s/30m0s  200.00 iters/s

running (01m59.9s), 00/16 VUs, 23987 complete and 0 interrupted iterations
metadata_jwks   [   7% ] 00/16 VUs  01m59.9s/30m0s  200.00 iters/s

running (02m00.9s), 00/16 VUs, 24187 complete and 0 interrupted iterations
metadata_jwks   [   7% ] 00/16 VUs  02m00.9s/30m0s  200.00 iters/s

running (02m01.9s), 00/16 VUs, 24387 complete and 0 interrupted iterations
metadata_jwks   [   7% ] 00/16 VUs  02m01.9s/30m0s  200.00 iters/s

running (02m02.9s), 00/16 VUs, 24587 complete and 0 interrupted iterations
metadata_jwks   [   7% ] 00/16 VUs  02m02.9s/30m0s  200.00 iters/s

running (02m03.9s), 00/16 VUs, 24787 complete and 0 interrupted iterations
metadata_jwks   [   7% ] 00/16 VUs  02m03.9s/30m0s  200.00 iters/s

running (02m04.9s), 00/16 VUs, 24987 complete and 0 interrupted iterations
metadata_jwks   [   7% ] 00/16 VUs  02m04.9s/30m0s  200.00 iters/s

running (02m05.9s), 00/16 VUs, 25187 complete and 0 interrupted iterations
metadata_jwks   [   7% ] 00/16 VUs  02m05.9s/30m0s  200.00 iters/s

running (02m06.9s), 00/16 VUs, 25387 complete and 0 interrupted iterations
metadata_jwks   [   7% ] 00/16 VUs  02m06.9s/30m0s  200.00 iters/s

running (02m07.9s), 00/16 VUs, 25587 complete and 0 interrupted iterations
metadata_jwks   [   7% ] 00/16 VUs  02m07.9s/30m0s  200.00 iters/s

running (02m08.9s), 00/16 VUs, 25787 complete and 0 interrupted iterations
metadata_jwks   [   7% ] 00/16 VUs  02m08.9s/30m0s  200.00 iters/s

running (02m09.9s), 00/16 VUs, 25987 complete and 0 interrupted iterations
metadata_jwks   [   7% ] 00/16 VUs  02m09.9s/30m0s  200.00 iters/s

running (02m10.9s), 00/16 VUs, 26187 complete and 0 interrupted iterations
metadata_jwks   [   7% ] 00/16 VUs  02m10.9s/30m0s  200.00 iters/s

running (02m11.9s), 00/16 VUs, 26387 complete and 0 interrupted iterations
metadata_jwks   [   7% ] 00/16 VUs  02m11.9s/30m0s  200.00 iters/s

running (02m12.9s), 00/16 VUs, 26587 complete and 0 interrupted iterations
metadata_jwks   [   7% ] 00/16 VUs  02m12.9s/30m0s  200.00 iters/s

running (02m13.9s), 00/16 VUs, 26787 complete and 0 interrupted iterations
metadata_jwks   [   7% ] 00/16 VUs  02m13.9s/30m0s  200.00 iters/s

running (02m14.9s), 00/16 VUs, 26987 complete and 0 interrupted iterations
metadata_jwks   [   7% ] 00/16 VUs  02m14.9s/30m0s  200.00 iters/s

running (02m15.9s), 00/16 VUs, 27187 complete and 0 interrupted iterations
metadata_jwks   [   8% ] 00/16 VUs  02m15.9s/30m0s  200.00 iters/s

running (02m16.9s), 00/16 VUs, 27387 complete and 0 interrupted iterations
metadata_jwks   [   8% ] 00/16 VUs  02m16.9s/30m0s  200.00 iters/s

running (02m17.9s), 00/16 VUs, 27587 complete and 0 interrupted iterations
metadata_jwks   [   8% ] 00/16 VUs  02m17.9s/30m0s  200.00 iters/s

running (02m18.9s), 00/16 VUs, 27787 complete and 0 interrupted iterations
metadata_jwks   [   8% ] 00/16 VUs  02m18.9s/30m0s  200.00 iters/s

running (02m19.9s), 00/16 VUs, 27987 complete and 0 interrupted iterations
metadata_jwks   [   8% ] 00/16 VUs  02m19.9s/30m0s  200.00 iters/s

running (02m20.9s), 00/16 VUs, 28187 complete and 0 interrupted iterations
metadata_jwks   [   8% ] 00/16 VUs  02m20.9s/30m0s  200.00 iters/s

running (02m21.9s), 00/16 VUs, 28387 complete and 0 interrupted iterations
metadata_jwks   [   8% ] 00/16 VUs  02m21.9s/30m0s  200.00 iters/s

running (02m22.9s), 00/16 VUs, 28587 complete and 0 interrupted iterations
metadata_jwks   [   8% ] 00/16 VUs  02m22.9s/30m0s  200.00 iters/s

running (02m23.9s), 00/16 VUs, 28787 complete and 0 interrupted iterations
metadata_jwks   [   8% ] 00/16 VUs  02m23.9s/30m0s  200.00 iters/s

running (02m24.9s), 00/16 VUs, 28987 complete and 0 interrupted iterations
metadata_jwks   [   8% ] 00/16 VUs  02m24.9s/30m0s  200.00 iters/s

running (02m25.9s), 00/16 VUs, 29187 complete and 0 interrupted iterations
metadata_jwks   [   8% ] 00/16 VUs  02m25.9s/30m0s  200.00 iters/s

running (02m26.9s), 00/16 VUs, 29387 complete and 0 interrupted iterations
metadata_jwks   [   8% ] 00/16 VUs  02m26.9s/30m0s  200.00 iters/s

running (02m27.9s), 00/16 VUs, 29587 complete and 0 interrupted iterations
metadata_jwks   [   8% ] 00/16 VUs  02m27.9s/30m0s  200.00 iters/s

running (02m28.9s), 00/16 VUs, 29787 complete and 0 interrupted iterations
metadata_jwks   [   8% ] 00/16 VUs  02m28.9s/30m0s  200.00 iters/s

running (02m29.9s), 00/16 VUs, 29987 complete and 0 interrupted iterations
metadata_jwks   [   8% ] 00/16 VUs  02m29.9s/30m0s  200.00 iters/s

running (02m30.9s), 00/16 VUs, 30187 complete and 0 interrupted iterations
metadata_jwks   [   8% ] 00/16 VUs  02m30.9s/30m0s  200.00 iters/s

running (02m31.9s), 00/16 VUs, 30387 complete and 0 interrupted iterations
metadata_jwks   [   8% ] 00/16 VUs  02m31.9s/30m0s  200.00 iters/s

running (02m32.9s), 00/16 VUs, 30587 complete and 0 interrupted iterations
metadata_jwks   [   8% ] 00/16 VUs  02m32.9s/30m0s  200.00 iters/s

running (02m33.9s), 00/16 VUs, 30787 complete and 0 interrupted iterations
metadata_jwks   [   9% ] 00/16 VUs  02m33.9s/30m0s  200.00 iters/s

running (02m34.9s), 00/16 VUs, 30987 complete and 0 interrupted iterations
metadata_jwks   [   9% ] 00/16 VUs  02m34.9s/30m0s  200.00 iters/s

running (02m35.9s), 00/16 VUs, 31187 complete and 0 interrupted iterations
metadata_jwks   [   9% ] 00/16 VUs  02m35.9s/30m0s  200.00 iters/s

running (02m36.9s), 00/16 VUs, 31387 complete and 0 interrupted iterations
metadata_jwks   [   9% ] 00/16 VUs  02m36.9s/30m0s  200.00 iters/s

running (02m37.9s), 00/16 VUs, 31587 complete and 0 interrupted iterations
metadata_jwks   [   9% ] 00/16 VUs  02m37.9s/30m0s  200.00 iters/s

running (02m38.9s), 00/16 VUs, 31787 complete and 0 interrupted iterations
metadata_jwks   [   9% ] 00/16 VUs  02m38.9s/30m0s  200.00 iters/s

running (02m39.9s), 00/16 VUs, 31987 complete and 0 interrupted iterations
metadata_jwks   [   9% ] 00/16 VUs  02m39.9s/30m0s  200.00 iters/s

running (02m40.9s), 00/16 VUs, 32187 complete and 0 interrupted iterations
metadata_jwks   [   9% ] 00/16 VUs  02m40.9s/30m0s  200.00 iters/s

running (02m41.9s), 00/16 VUs, 32387 complete and 0 interrupted iterations
metadata_jwks   [   9% ] 00/16 VUs  02m41.9s/30m0s  200.00 iters/s

running (02m42.9s), 00/16 VUs, 32587 complete and 0 interrupted iterations
metadata_jwks   [   9% ] 00/16 VUs  02m42.9s/30m0s  200.00 iters/s

running (02m43.9s), 00/16 VUs, 32787 complete and 0 interrupted iterations
metadata_jwks   [   9% ] 00/16 VUs  02m43.9s/30m0s  200.00 iters/s

running (02m44.9s), 00/16 VUs, 32987 complete and 0 interrupted iterations
metadata_jwks   [   9% ] 00/16 VUs  02m44.9s/30m0s  200.00 iters/s

running (02m45.9s), 00/16 VUs, 33187 complete and 0 interrupted iterations
metadata_jwks   [   9% ] 00/16 VUs  02m45.9s/30m0s  200.00 iters/s

running (02m46.9s), 00/16 VUs, 33387 complete and 0 interrupted iterations
metadata_jwks   [   9% ] 00/16 VUs  02m46.9s/30m0s  200.00 iters/s

running (02m47.9s), 00/16 VUs, 33587 complete and 0 interrupted iterations
metadata_jwks   [   9% ] 00/16 VUs  02m47.9s/30m0s  200.00 iters/s

running (02m48.9s), 00/16 VUs, 33787 complete and 0 interrupted iterations
metadata_jwks   [   9% ] 00/16 VUs  02m48.9s/30m0s  200.00 iters/s

running (02m49.9s), 00/16 VUs, 33987 complete and 0 interrupted iterations
metadata_jwks   [   9% ] 00/16 VUs  02m49.9s/30m0s  200.00 iters/s

running (02m50.9s), 00/16 VUs, 34187 complete and 0 interrupted iterations
metadata_jwks   [   9% ] 00/16 VUs  02m50.9s/30m0s  200.00 iters/s

running (02m51.9s), 00/16 VUs, 34387 complete and 0 interrupted iterations
metadata_jwks   [  10% ] 00/16 VUs  02m51.9s/30m0s  200.00 iters/s

running (02m52.9s), 00/16 VUs, 34587 complete and 0 interrupted iterations
metadata_jwks   [  10% ] 00/16 VUs  02m52.9s/30m0s  200.00 iters/s

running (02m53.9s), 00/16 VUs, 34787 complete and 0 interrupted iterations
metadata_jwks   [  10% ] 00/16 VUs  02m53.9s/30m0s  200.00 iters/s

running (02m54.9s), 00/16 VUs, 34987 complete and 0 interrupted iterations
metadata_jwks   [  10% ] 00/16 VUs  02m54.9s/30m0s  200.00 iters/s

running (02m55.9s), 00/16 VUs, 35187 complete and 0 interrupted iterations
metadata_jwks   [  10% ] 00/16 VUs  02m55.9s/30m0s  200.00 iters/s

running (02m56.9s), 00/16 VUs, 35387 complete and 0 interrupted iterations
metadata_jwks   [  10% ] 00/16 VUs  02m56.9s/30m0s  200.00 iters/s

running (02m57.9s), 00/16 VUs, 35587 complete and 0 interrupted iterations
metadata_jwks   [  10% ] 00/16 VUs  02m57.9s/30m0s  200.00 iters/s

running (02m58.9s), 00/16 VUs, 35787 complete and 0 interrupted iterations
metadata_jwks   [  10% ] 00/16 VUs  02m58.9s/30m0s  200.00 iters/s

running (02m59.9s), 00/16 VUs, 35987 complete and 0 interrupted iterations
metadata_jwks   [  10% ] 00/16 VUs  02m59.9s/30m0s  200.00 iters/s

running (03m00.9s), 00/16 VUs, 36187 complete and 0 interrupted iterations
metadata_jwks   [  10% ] 00/16 VUs  03m00.9s/30m0s  200.00 iters/s

running (03m01.9s), 00/16 VUs, 36387 complete and 0 interrupted iterations
metadata_jwks   [  10% ] 00/16 VUs  03m01.9s/30m0s  200.00 iters/s

running (03m02.9s), 00/16 VUs, 36587 complete and 0 interrupted iterations
metadata_jwks   [  10% ] 00/16 VUs  03m02.9s/30m0s  200.00 iters/s

running (03m03.9s), 00/16 VUs, 36787 complete and 0 interrupted iterations
metadata_jwks   [  10% ] 00/16 VUs  03m03.9s/30m0s  200.00 iters/s

running (03m04.9s), 00/16 VUs, 36987 complete and 0 interrupted iterations
metadata_jwks   [  10% ] 00/16 VUs  03m04.9s/30m0s  200.00 iters/s

running (03m05.9s), 00/16 VUs, 37187 complete and 0 interrupted iterations
metadata_jwks   [  10% ] 00/16 VUs  03m05.9s/30m0s  200.00 iters/s

running (03m06.9s), 00/16 VUs, 37387 complete and 0 interrupted iterations
metadata_jwks   [  10% ] 00/16 VUs  03m06.9s/30m0s  200.00 iters/s

running (03m07.9s), 00/16 VUs, 37587 complete and 0 interrupted iterations
metadata_jwks   [  10% ] 00/16 VUs  03m07.9s/30m0s  200.00 iters/s

running (03m08.9s), 00/16 VUs, 37787 complete and 0 interrupted iterations
metadata_jwks   [  10% ] 00/16 VUs  03m08.9s/30m0s  200.00 iters/s

running (03m09.9s), 00/16 VUs, 37987 complete and 0 interrupted iterations
metadata_jwks   [  11% ] 00/16 VUs  03m09.9s/30m0s  200.00 iters/s

running (03m10.9s), 00/16 VUs, 38187 complete and 0 interrupted iterations
metadata_jwks   [  11% ] 00/16 VUs  03m10.9s/30m0s  200.00 iters/s

running (03m11.9s), 00/16 VUs, 38387 complete and 0 interrupted iterations
metadata_jwks   [  11% ] 00/16 VUs  03m11.9s/30m0s  200.00 iters/s

running (03m12.9s), 00/16 VUs, 38587 complete and 0 interrupted iterations
metadata_jwks   [  11% ] 00/16 VUs  03m12.9s/30m0s  200.00 iters/s

running (03m13.9s), 00/16 VUs, 38787 complete and 0 interrupted iterations
metadata_jwks   [  11% ] 00/16 VUs  03m13.9s/30m0s  200.00 iters/s

running (03m14.9s), 00/16 VUs, 38987 complete and 0 interrupted iterations
metadata_jwks   [  11% ] 00/16 VUs  03m14.9s/30m0s  200.00 iters/s

running (03m15.9s), 00/16 VUs, 39187 complete and 0 interrupted iterations
metadata_jwks   [  11% ] 00/16 VUs  03m15.9s/30m0s  200.00 iters/s

running (03m16.9s), 00/16 VUs, 39387 complete and 0 interrupted iterations
metadata_jwks   [  11% ] 00/16 VUs  03m16.9s/30m0s  200.00 iters/s

running (03m17.9s), 00/16 VUs, 39587 complete and 0 interrupted iterations
metadata_jwks   [  11% ] 00/16 VUs  03m17.9s/30m0s  200.00 iters/s

running (03m18.9s), 00/16 VUs, 39787 complete and 0 interrupted iterations
metadata_jwks   [  11% ] 00/16 VUs  03m18.9s/30m0s  200.00 iters/s

running (03m19.9s), 00/16 VUs, 39987 complete and 0 interrupted iterations
metadata_jwks   [  11% ] 00/16 VUs  03m19.9s/30m0s  200.00 iters/s

running (03m20.9s), 00/16 VUs, 40187 complete and 0 interrupted iterations
metadata_jwks   [  11% ] 00/16 VUs  03m20.9s/30m0s  200.00 iters/s

running (03m21.9s), 00/16 VUs, 40387 complete and 0 interrupted iterations
metadata_jwks   [  11% ] 00/16 VUs  03m21.9s/30m0s  200.00 iters/s

running (03m22.9s), 00/16 VUs, 40587 complete and 0 interrupted iterations
metadata_jwks   [  11% ] 00/16 VUs  03m22.9s/30m0s  200.00 iters/s

running (03m23.9s), 00/16 VUs, 40787 complete and 0 interrupted iterations
metadata_jwks   [  11% ] 00/16 VUs  03m23.9s/30m0s  200.00 iters/s

running (03m24.9s), 00/16 VUs, 40987 complete and 0 interrupted iterations
metadata_jwks   [  11% ] 00/16 VUs  03m24.9s/30m0s  200.00 iters/s

running (03m25.9s), 00/16 VUs, 41187 complete and 0 interrupted iterations
metadata_jwks   [  11% ] 00/16 VUs  03m25.9s/30m0s  200.00 iters/s

running (03m26.9s), 00/16 VUs, 41387 complete and 0 interrupted iterations
metadata_jwks   [  11% ] 00/16 VUs  03m26.9s/30m0s  200.00 iters/s

running (03m27.9s), 00/16 VUs, 41587 complete and 0 interrupted iterations
metadata_jwks   [  12% ] 00/16 VUs  03m27.9s/30m0s  200.00 iters/s

running (03m28.9s), 00/16 VUs, 41787 complete and 0 interrupted iterations
metadata_jwks   [  12% ] 00/16 VUs  03m28.9s/30m0s  200.00 iters/s

running (03m29.9s), 00/16 VUs, 41987 complete and 0 interrupted iterations
metadata_jwks   [  12% ] 00/16 VUs  03m29.9s/30m0s  200.00 iters/s

running (03m30.9s), 00/16 VUs, 42187 complete and 0 interrupted iterations
metadata_jwks   [  12% ] 00/16 VUs  03m30.9s/30m0s  200.00 iters/s

running (03m31.9s), 00/16 VUs, 42387 complete and 0 interrupted iterations
metadata_jwks   [  12% ] 00/16 VUs  03m31.9s/30m0s  200.00 iters/s

running (03m32.9s), 00/16 VUs, 42587 complete and 0 interrupted iterations
metadata_jwks   [  12% ] 00/16 VUs  03m32.9s/30m0s  200.00 iters/s

running (03m33.9s), 00/16 VUs, 42787 complete and 0 interrupted iterations
metadata_jwks   [  12% ] 00/16 VUs  03m33.9s/30m0s  200.00 iters/s

running (03m34.9s), 00/16 VUs, 42987 complete and 0 interrupted iterations
metadata_jwks   [  12% ] 00/16 VUs  03m34.9s/30m0s  200.00 iters/s

running (03m35.9s), 00/16 VUs, 43187 complete and 0 interrupted iterations
metadata_jwks   [  12% ] 00/16 VUs  03m35.9s/30m0s  200.00 iters/s

running (03m36.9s), 00/16 VUs, 43387 complete and 0 interrupted iterations
metadata_jwks   [  12% ] 00/16 VUs  03m36.9s/30m0s  200.00 iters/s

running (03m37.9s), 00/16 VUs, 43587 complete and 0 interrupted iterations
metadata_jwks   [  12% ] 00/16 VUs  03m37.9s/30m0s  200.00 iters/s

running (03m38.9s), 00/16 VUs, 43787 complete and 0 interrupted iterations
metadata_jwks   [  12% ] 00/16 VUs  03m38.9s/30m0s  200.00 iters/s

running (03m39.9s), 00/16 VUs, 43987 complete and 0 interrupted iterations
metadata_jwks   [  12% ] 00/16 VUs  03m39.9s/30m0s  200.00 iters/s

running (03m40.9s), 00/16 VUs, 44187 complete and 0 interrupted iterations
metadata_jwks   [  12% ] 00/16 VUs  03m40.9s/30m0s  200.00 iters/s

running (03m41.9s), 00/16 VUs, 44387 complete and 0 interrupted iterations
metadata_jwks   [  12% ] 00/16 VUs  03m41.9s/30m0s  200.00 iters/s

running (03m42.9s), 00/16 VUs, 44587 complete and 0 interrupted iterations
metadata_jwks   [  12% ] 00/16 VUs  03m42.9s/30m0s  200.00 iters/s

running (03m43.9s), 00/16 VUs, 44787 complete and 0 interrupted iterations
metadata_jwks   [  12% ] 00/16 VUs  03m43.9s/30m0s  200.00 iters/s

running (03m44.9s), 00/16 VUs, 44987 complete and 0 interrupted iterations
metadata_jwks   [  12% ] 00/16 VUs  03m44.9s/30m0s  200.00 iters/s

running (03m45.9s), 00/16 VUs, 45187 complete and 0 interrupted iterations
metadata_jwks   [  13% ] 00/16 VUs  03m45.9s/30m0s  200.00 iters/s

running (03m46.9s), 00/16 VUs, 45387 complete and 0 interrupted iterations
metadata_jwks   [  13% ] 00/16 VUs  03m46.9s/30m0s  200.00 iters/s

running (03m47.9s), 00/16 VUs, 45587 complete and 0 interrupted iterations
metadata_jwks   [  13% ] 00/16 VUs  03m47.9s/30m0s  200.00 iters/s

running (03m48.9s), 00/16 VUs, 45787 complete and 0 interrupted iterations
metadata_jwks   [  13% ] 00/16 VUs  03m48.9s/30m0s  200.00 iters/s

running (03m49.9s), 00/16 VUs, 45987 complete and 0 interrupted iterations
metadata_jwks   [  13% ] 00/16 VUs  03m49.9s/30m0s  200.00 iters/s

running (03m50.9s), 00/16 VUs, 46187 complete and 0 interrupted iterations
metadata_jwks   [  13% ] 00/16 VUs  03m50.9s/30m0s  200.00 iters/s

running (03m51.9s), 00/16 VUs, 46387 complete and 0 interrupted iterations
metadata_jwks   [  13% ] 00/16 VUs  03m51.9s/30m0s  200.00 iters/s

running (03m52.9s), 00/16 VUs, 46587 complete and 0 interrupted iterations
metadata_jwks   [  13% ] 00/16 VUs  03m52.9s/30m0s  200.00 iters/s

running (03m53.9s), 00/16 VUs, 46787 complete and 0 interrupted iterations
metadata_jwks   [  13% ] 00/16 VUs  03m53.9s/30m0s  200.00 iters/s

running (03m54.9s), 00/16 VUs, 46987 complete and 0 interrupted iterations
metadata_jwks   [  13% ] 00/16 VUs  03m54.9s/30m0s  200.00 iters/s

running (03m55.9s), 00/16 VUs, 47187 complete and 0 interrupted iterations
metadata_jwks   [  13% ] 00/16 VUs  03m55.9s/30m0s  200.00 iters/s

running (03m56.9s), 00/16 VUs, 47387 complete and 0 interrupted iterations
metadata_jwks   [  13% ] 00/16 VUs  03m56.9s/30m0s  200.00 iters/s

running (03m57.9s), 00/16 VUs, 47587 complete and 0 interrupted iterations
metadata_jwks   [  13% ] 00/16 VUs  03m57.9s/30m0s  200.00 iters/s

running (03m58.9s), 00/16 VUs, 47787 complete and 0 interrupted iterations
metadata_jwks   [  13% ] 00/16 VUs  03m58.9s/30m0s  200.00 iters/s

running (03m59.9s), 00/16 VUs, 47987 complete and 0 interrupted iterations
metadata_jwks   [  13% ] 00/16 VUs  03m59.9s/30m0s  200.00 iters/s

running (04m00.9s), 00/16 VUs, 48187 complete and 0 interrupted iterations
metadata_jwks   [  13% ] 00/16 VUs  04m00.9s/30m0s  200.00 iters/s

running (04m01.9s), 00/16 VUs, 48387 complete and 0 interrupted iterations
metadata_jwks   [  13% ] 00/16 VUs  04m01.9s/30m0s  200.00 iters/s

running (04m02.9s), 00/16 VUs, 48587 complete and 0 interrupted iterations
metadata_jwks   [  13% ] 00/16 VUs  04m02.9s/30m0s  200.00 iters/s

running (04m03.9s), 00/16 VUs, 48787 complete and 0 interrupted iterations
metadata_jwks   [  14% ] 00/16 VUs  04m03.9s/30m0s  200.00 iters/s

running (04m04.9s), 00/16 VUs, 48987 complete and 0 interrupted iterations
metadata_jwks   [  14% ] 00/16 VUs  04m04.9s/30m0s  200.00 iters/s

running (04m05.9s), 00/16 VUs, 49187 complete and 0 interrupted iterations
metadata_jwks   [  14% ] 00/16 VUs  04m05.9s/30m0s  200.00 iters/s

running (04m06.9s), 00/16 VUs, 49387 complete and 0 interrupted iterations
metadata_jwks   [  14% ] 00/16 VUs  04m06.9s/30m0s  200.00 iters/s

running (04m07.9s), 00/16 VUs, 49587 complete and 0 interrupted iterations
metadata_jwks   [  14% ] 00/16 VUs  04m07.9s/30m0s  200.00 iters/s

running (04m08.9s), 00/16 VUs, 49787 complete and 0 interrupted iterations
metadata_jwks   [  14% ] 00/16 VUs  04m08.9s/30m0s  200.00 iters/s

running (04m09.9s), 00/16 VUs, 49987 complete and 0 interrupted iterations
metadata_jwks   [  14% ] 00/16 VUs  04m09.9s/30m0s  200.00 iters/s

running (04m10.9s), 00/16 VUs, 50187 complete and 0 interrupted iterations
metadata_jwks   [  14% ] 00/16 VUs  04m10.9s/30m0s  200.00 iters/s

running (04m11.9s), 00/16 VUs, 50387 complete and 0 interrupted iterations
metadata_jwks   [  14% ] 00/16 VUs  04m11.9s/30m0s  200.00 iters/s

running (04m12.9s), 00/16 VUs, 50587 complete and 0 interrupted iterations
metadata_jwks   [  14% ] 00/16 VUs  04m12.9s/30m0s  200.00 iters/s

running (04m13.9s), 00/16 VUs, 50787 complete and 0 interrupted iterations
metadata_jwks   [  14% ] 00/16 VUs  04m13.9s/30m0s  200.00 iters/s

running (04m14.9s), 00/16 VUs, 50987 complete and 0 interrupted iterations
metadata_jwks   [  14% ] 00/16 VUs  04m14.9s/30m0s  200.00 iters/s

running (04m15.9s), 00/16 VUs, 51187 complete and 0 interrupted iterations
metadata_jwks   [  14% ] 00/16 VUs  04m15.9s/30m0s  200.00 iters/s

running (04m16.9s), 00/16 VUs, 51387 complete and 0 interrupted iterations
metadata_jwks   [  14% ] 00/16 VUs  04m16.9s/30m0s  200.00 iters/s

running (04m17.9s), 00/16 VUs, 51587 complete and 0 interrupted iterations
metadata_jwks   [  14% ] 00/16 VUs  04m17.9s/30m0s  200.00 iters/s

running (04m18.9s), 00/16 VUs, 51787 complete and 0 interrupted iterations
metadata_jwks   [  14% ] 00/16 VUs  04m18.9s/30m0s  200.00 iters/s

running (04m19.9s), 00/16 VUs, 51987 complete and 0 interrupted iterations
metadata_jwks   [  14% ] 00/16 VUs  04m19.9s/30m0s  200.00 iters/s

running (04m20.9s), 00/16 VUs, 52187 complete and 0 interrupted iterations
metadata_jwks   [  14% ] 00/16 VUs  04m20.9s/30m0s  200.00 iters/s

running (04m21.9s), 00/16 VUs, 52387 complete and 0 interrupted iterations
metadata_jwks   [  15% ] 00/16 VUs  04m21.9s/30m0s  200.00 iters/s

running (04m22.9s), 00/16 VUs, 52587 complete and 0 interrupted iterations
metadata_jwks   [  15% ] 00/16 VUs  04m22.9s/30m0s  200.00 iters/s

running (04m23.9s), 00/16 VUs, 52787 complete and 0 interrupted iterations
metadata_jwks   [  15% ] 00/16 VUs  04m23.9s/30m0s  200.00 iters/s

running (04m24.9s), 00/16 VUs, 52987 complete and 0 interrupted iterations
metadata_jwks   [  15% ] 00/16 VUs  04m24.9s/30m0s  200.00 iters/s

running (04m25.9s), 00/16 VUs, 53187 complete and 0 interrupted iterations
metadata_jwks   [  15% ] 00/16 VUs  04m25.9s/30m0s  200.00 iters/s

running (04m26.9s), 00/16 VUs, 53387 complete and 0 interrupted iterations
metadata_jwks   [  15% ] 00/16 VUs  04m26.9s/30m0s  200.00 iters/s

running (04m27.9s), 00/16 VUs, 53587 complete and 0 interrupted iterations
metadata_jwks   [  15% ] 00/16 VUs  04m27.9s/30m0s  200.00 iters/s

running (04m28.9s), 00/16 VUs, 53787 complete and 0 interrupted iterations
metadata_jwks   [  15% ] 00/16 VUs  04m28.9s/30m0s  200.00 iters/s

running (04m29.9s), 00/16 VUs, 53987 complete and 0 interrupted iterations
metadata_jwks   [  15% ] 00/16 VUs  04m29.9s/30m0s  200.00 iters/s

running (04m30.9s), 00/16 VUs, 54187 complete and 0 interrupted iterations
metadata_jwks   [  15% ] 00/16 VUs  04m30.9s/30m0s  200.00 iters/s

running (04m31.9s), 00/16 VUs, 54387 complete and 0 interrupted iterations
metadata_jwks   [  15% ] 00/16 VUs  04m31.9s/30m0s  200.00 iters/s

running (04m32.9s), 00/16 VUs, 54587 complete and 0 interrupted iterations
metadata_jwks   [  15% ] 00/16 VUs  04m32.9s/30m0s  200.00 iters/s

running (04m33.9s), 00/16 VUs, 54787 complete and 0 interrupted iterations
metadata_jwks   [  15% ] 00/16 VUs  04m33.9s/30m0s  200.00 iters/s

running (04m34.9s), 00/16 VUs, 54987 complete and 0 interrupted iterations
metadata_jwks   [  15% ] 00/16 VUs  04m34.9s/30m0s  200.00 iters/s

running (04m35.9s), 00/16 VUs, 55187 complete and 0 interrupted iterations
metadata_jwks   [  15% ] 00/16 VUs  04m35.9s/30m0s  200.00 iters/s

running (04m36.9s), 00/16 VUs, 55387 complete and 0 interrupted iterations
metadata_jwks   [  15% ] 00/16 VUs  04m36.9s/30m0s  200.00 iters/s

running (04m37.9s), 00/16 VUs, 55587 complete and 0 interrupted iterations
metadata_jwks   [  15% ] 00/16 VUs  04m37.9s/30m0s  200.00 iters/s

running (04m38.9s), 00/16 VUs, 55787 complete and 0 interrupted iterations
metadata_jwks   [  15% ] 00/16 VUs  04m38.9s/30m0s  200.00 iters/s

running (04m39.9s), 00/16 VUs, 55987 complete and 0 interrupted iterations
metadata_jwks   [  16% ] 00/16 VUs  04m39.9s/30m0s  200.00 iters/s

running (04m40.9s), 00/16 VUs, 56187 complete and 0 interrupted iterations
metadata_jwks   [  16% ] 00/16 VUs  04m40.9s/30m0s  200.00 iters/s

running (04m41.9s), 00/16 VUs, 56387 complete and 0 interrupted iterations
metadata_jwks   [  16% ] 00/16 VUs  04m41.9s/30m0s  200.00 iters/s

running (04m42.9s), 00/16 VUs, 56587 complete and 0 interrupted iterations
metadata_jwks   [  16% ] 00/16 VUs  04m42.9s/30m0s  200.00 iters/s

running (04m43.9s), 00/16 VUs, 56787 complete and 0 interrupted iterations
metadata_jwks   [  16% ] 00/16 VUs  04m43.9s/30m0s  200.00 iters/s

running (04m44.9s), 00/16 VUs, 56987 complete and 0 interrupted iterations
metadata_jwks   [  16% ] 00/16 VUs  04m44.9s/30m0s  200.00 iters/s

running (04m45.9s), 00/16 VUs, 57187 complete and 0 interrupted iterations
metadata_jwks   [  16% ] 00/16 VUs  04m45.9s/30m0s  200.00 iters/s

running (04m46.9s), 00/16 VUs, 57387 complete and 0 interrupted iterations
metadata_jwks   [  16% ] 00/16 VUs  04m46.9s/30m0s  200.00 iters/s

running (04m47.9s), 00/16 VUs, 57587 complete and 0 interrupted iterations
metadata_jwks   [  16% ] 00/16 VUs  04m47.9s/30m0s  200.00 iters/s

running (04m48.9s), 00/16 VUs, 57787 complete and 0 interrupted iterations
metadata_jwks   [  16% ] 00/16 VUs  04m48.9s/30m0s  200.00 iters/s

running (04m49.9s), 00/16 VUs, 57987 complete and 0 interrupted iterations
metadata_jwks   [  16% ] 00/16 VUs  04m49.9s/30m0s  200.00 iters/s

running (04m50.9s), 00/16 VUs, 58187 complete and 0 interrupted iterations
metadata_jwks   [  16% ] 00/16 VUs  04m50.9s/30m0s  200.00 iters/s

running (04m51.9s), 00/16 VUs, 58387 complete and 0 interrupted iterations
metadata_jwks   [  16% ] 00/16 VUs  04m51.9s/30m0s  200.00 iters/s

running (04m52.9s), 00/16 VUs, 58587 complete and 0 interrupted iterations
metadata_jwks   [  16% ] 00/16 VUs  04m52.9s/30m0s  200.00 iters/s

running (04m53.9s), 00/16 VUs, 58787 complete and 0 interrupted iterations
metadata_jwks   [  16% ] 00/16 VUs  04m53.9s/30m0s  200.00 iters/s

running (04m54.9s), 00/16 VUs, 58987 complete and 0 interrupted iterations
metadata_jwks   [  16% ] 00/16 VUs  04m54.9s/30m0s  200.00 iters/s

running (04m55.9s), 00/16 VUs, 59187 complete and 0 interrupted iterations
metadata_jwks   [  16% ] 00/16 VUs  04m55.9s/30m0s  200.00 iters/s

running (04m56.9s), 00/16 VUs, 59387 complete and 0 interrupted iterations
metadata_jwks   [  16% ] 00/16 VUs  04m56.9s/30m0s  200.00 iters/s

running (04m57.9s), 00/16 VUs, 59587 complete and 0 interrupted iterations
metadata_jwks   [  17% ] 00/16 VUs  04m57.9s/30m0s  200.00 iters/s

running (04m58.9s), 00/16 VUs, 59787 complete and 0 interrupted iterations
metadata_jwks   [  17% ] 00/16 VUs  04m58.9s/30m0s  200.00 iters/s

running (04m59.9s), 00/16 VUs, 59987 complete and 0 interrupted iterations
metadata_jwks   [  17% ] 00/16 VUs  04m59.9s/30m0s  200.00 iters/s

running (05m00.9s), 00/16 VUs, 60187 complete and 0 interrupted iterations
metadata_jwks   [  17% ] 00/16 VUs  05m00.9s/30m0s  200.00 iters/s

running (05m01.9s), 00/16 VUs, 60387 complete and 0 interrupted iterations
metadata_jwks   [  17% ] 00/16 VUs  05m01.9s/30m0s  200.00 iters/s

running (05m02.9s), 00/16 VUs, 60587 complete and 0 interrupted iterations
metadata_jwks   [  17% ] 00/16 VUs  05m02.9s/30m0s  200.00 iters/s

running (05m03.9s), 00/16 VUs, 60787 complete and 0 interrupted iterations
metadata_jwks   [  17% ] 00/16 VUs  05m03.9s/30m0s  200.00 iters/s

running (05m04.9s), 00/16 VUs, 60987 complete and 0 interrupted iterations
metadata_jwks   [  17% ] 00/16 VUs  05m04.9s/30m0s  200.00 iters/s

running (05m05.9s), 00/16 VUs, 61187 complete and 0 interrupted iterations
metadata_jwks   [  17% ] 00/16 VUs  05m05.9s/30m0s  200.00 iters/s

running (05m06.9s), 00/16 VUs, 61387 complete and 0 interrupted iterations
metadata_jwks   [  17% ] 00/16 VUs  05m06.9s/30m0s  200.00 iters/s

running (05m07.9s), 00/16 VUs, 61587 complete and 0 interrupted iterations
metadata_jwks   [  17% ] 00/16 VUs  05m07.9s/30m0s  200.00 iters/s

running (05m08.9s), 00/16 VUs, 61787 complete and 0 interrupted iterations
metadata_jwks   [  17% ] 00/16 VUs  05m08.9s/30m0s  200.00 iters/s

running (05m09.9s), 00/16 VUs, 61987 complete and 0 interrupted iterations
metadata_jwks   [  17% ] 00/16 VUs  05m09.9s/30m0s  200.00 iters/s

running (05m10.9s), 00/16 VUs, 62187 complete and 0 interrupted iterations
metadata_jwks   [  17% ] 00/16 VUs  05m10.9s/30m0s  200.00 iters/s

running (05m11.9s), 00/16 VUs, 62387 complete and 0 interrupted iterations
metadata_jwks   [  17% ] 00/16 VUs  05m11.9s/30m0s  200.00 iters/s

running (05m12.9s), 00/16 VUs, 62587 complete and 0 interrupted iterations
metadata_jwks   [  17% ] 00/16 VUs  05m12.9s/30m0s  200.00 iters/s

running (05m13.9s), 00/16 VUs, 62787 complete and 0 interrupted iterations
metadata_jwks   [  17% ] 00/16 VUs  05m13.9s/30m0s  200.00 iters/s

running (05m14.9s), 00/16 VUs, 62987 complete and 0 interrupted iterations
metadata_jwks   [  17% ] 00/16 VUs  05m14.9s/30m0s  200.00 iters/s

running (05m15.9s), 00/16 VUs, 63187 complete and 0 interrupted iterations
metadata_jwks   [  18% ] 00/16 VUs  05m15.9s/30m0s  200.00 iters/s

running (05m16.9s), 00/16 VUs, 63387 complete and 0 interrupted iterations
metadata_jwks   [  18% ] 00/16 VUs  05m16.9s/30m0s  200.00 iters/s

running (05m17.9s), 00/16 VUs, 63587 complete and 0 interrupted iterations
metadata_jwks   [  18% ] 00/16 VUs  05m17.9s/30m0s  200.00 iters/s

running (05m18.9s), 00/16 VUs, 63787 complete and 0 interrupted iterations
metadata_jwks   [  18% ] 00/16 VUs  05m18.9s/30m0s  200.00 iters/s

running (05m19.9s), 00/16 VUs, 63987 complete and 0 interrupted iterations
metadata_jwks   [  18% ] 00/16 VUs  05m19.9s/30m0s  200.00 iters/s

running (05m20.9s), 00/16 VUs, 64187 complete and 0 interrupted iterations
metadata_jwks   [  18% ] 00/16 VUs  05m20.9s/30m0s  200.00 iters/s

running (05m21.9s), 00/16 VUs, 64387 complete and 0 interrupted iterations
metadata_jwks   [  18% ] 00/16 VUs  05m21.9s/30m0s  200.00 iters/s

running (05m22.9s), 00/16 VUs, 64587 complete and 0 interrupted iterations
metadata_jwks   [  18% ] 00/16 VUs  05m22.9s/30m0s  200.00 iters/s

running (05m23.9s), 00/16 VUs, 64787 complete and 0 interrupted iterations
metadata_jwks   [  18% ] 00/16 VUs  05m23.9s/30m0s  200.00 iters/s

running (05m24.9s), 00/16 VUs, 64987 complete and 0 interrupted iterations
metadata_jwks   [  18% ] 00/16 VUs  05m24.9s/30m0s  200.00 iters/s

running (05m25.9s), 00/16 VUs, 65187 complete and 0 interrupted iterations
metadata_jwks   [  18% ] 00/16 VUs  05m25.9s/30m0s  200.00 iters/s

running (05m26.9s), 00/16 VUs, 65387 complete and 0 interrupted iterations
metadata_jwks   [  18% ] 00/16 VUs  05m26.9s/30m0s  200.00 iters/s

running (05m27.9s), 00/16 VUs, 65587 complete and 0 interrupted iterations
metadata_jwks   [  18% ] 00/16 VUs  05m27.9s/30m0s  200.00 iters/s

running (05m28.9s), 00/16 VUs, 65787 complete and 0 interrupted iterations
metadata_jwks   [  18% ] 00/16 VUs  05m28.9s/30m0s  200.00 iters/s

running (05m29.9s), 00/16 VUs, 65987 complete and 0 interrupted iterations
metadata_jwks   [  18% ] 00/16 VUs  05m29.9s/30m0s  200.00 iters/s

running (05m30.9s), 00/16 VUs, 66187 complete and 0 interrupted iterations
metadata_jwks   [  18% ] 00/16 VUs  05m30.9s/30m0s  200.00 iters/s

running (05m31.9s), 00/16 VUs, 66387 complete and 0 interrupted iterations
metadata_jwks   [  18% ] 00/16 VUs  05m31.9s/30m0s  200.00 iters/s

running (05m32.9s), 00/16 VUs, 66587 complete and 0 interrupted iterations
metadata_jwks   [  18% ] 00/16 VUs  05m32.9s/30m0s  200.00 iters/s

running (05m33.9s), 00/16 VUs, 66787 complete and 0 interrupted iterations
metadata_jwks   [  19% ] 00/16 VUs  05m33.9s/30m0s  200.00 iters/s

running (05m34.9s), 00/16 VUs, 66987 complete and 0 interrupted iterations
metadata_jwks   [  19% ] 00/16 VUs  05m34.9s/30m0s  200.00 iters/s

running (05m35.9s), 00/16 VUs, 67187 complete and 0 interrupted iterations
metadata_jwks   [  19% ] 00/16 VUs  05m35.9s/30m0s  200.00 iters/s

running (05m36.9s), 00/16 VUs, 67387 complete and 0 interrupted iterations
metadata_jwks   [  19% ] 00/16 VUs  05m36.9s/30m0s  200.00 iters/s

running (05m37.9s), 00/16 VUs, 67587 complete and 0 interrupted iterations
metadata_jwks   [  19% ] 00/16 VUs  05m37.9s/30m0s  200.00 iters/s

running (05m38.9s), 00/16 VUs, 67787 complete and 0 interrupted iterations
metadata_jwks   [  19% ] 00/16 VUs  05m38.9s/30m0s  200.00 iters/s

running (05m39.9s), 00/16 VUs, 67987 complete and 0 interrupted iterations
metadata_jwks   [  19% ] 00/16 VUs  05m39.9s/30m0s  200.00 iters/s

running (05m40.9s), 00/16 VUs, 68187 complete and 0 interrupted iterations
metadata_jwks   [  19% ] 00/16 VUs  05m40.9s/30m0s  200.00 iters/s

running (05m41.9s), 00/16 VUs, 68387 complete and 0 interrupted iterations
metadata_jwks   [  19% ] 00/16 VUs  05m41.9s/30m0s  200.00 iters/s

running (05m42.9s), 00/16 VUs, 68587 complete and 0 interrupted iterations
metadata_jwks   [  19% ] 00/16 VUs  05m42.9s/30m0s  200.00 iters/s

running (05m43.9s), 00/16 VUs, 68787 complete and 0 interrupted iterations
metadata_jwks   [  19% ] 00/16 VUs  05m43.9s/30m0s  200.00 iters/s

running (05m44.9s), 00/16 VUs, 68987 complete and 0 interrupted iterations
metadata_jwks   [  19% ] 00/16 VUs  05m44.9s/30m0s  200.00 iters/s

running (05m45.9s), 00/16 VUs, 69187 complete and 0 interrupted iterations
metadata_jwks   [  19% ] 00/16 VUs  05m45.9s/30m0s  200.00 iters/s

running (05m46.9s), 00/16 VUs, 69387 complete and 0 interrupted iterations
metadata_jwks   [  19% ] 00/16 VUs  05m46.9s/30m0s  200.00 iters/s

running (05m47.9s), 00/16 VUs, 69587 complete and 0 interrupted iterations
metadata_jwks   [  19% ] 00/16 VUs  05m47.9s/30m0s  200.00 iters/s

running (05m48.9s), 00/16 VUs, 69787 complete and 0 interrupted iterations
metadata_jwks   [  19% ] 00/16 VUs  05m48.9s/30m0s  200.00 iters/s

running (05m49.9s), 00/16 VUs, 69987 complete and 0 interrupted iterations
metadata_jwks   [  19% ] 00/16 VUs  05m49.9s/30m0s  200.00 iters/s

running (05m50.9s), 00/16 VUs, 70187 complete and 0 interrupted iterations
metadata_jwks   [  19% ] 00/16 VUs  05m50.9s/30m0s  200.00 iters/s

running (05m51.9s), 00/16 VUs, 70387 complete and 0 interrupted iterations
metadata_jwks   [  20% ] 00/16 VUs  05m51.9s/30m0s  200.00 iters/s

running (05m52.9s), 00/16 VUs, 70587 complete and 0 interrupted iterations
metadata_jwks   [  20% ] 00/16 VUs  05m52.9s/30m0s  200.00 iters/s

running (05m53.9s), 00/16 VUs, 70787 complete and 0 interrupted iterations
metadata_jwks   [  20% ] 00/16 VUs  05m53.9s/30m0s  200.00 iters/s

running (05m54.9s), 00/16 VUs, 70987 complete and 0 interrupted iterations
metadata_jwks   [  20% ] 00/16 VUs  05m54.9s/30m0s  200.00 iters/s

running (05m55.9s), 00/16 VUs, 71187 complete and 0 interrupted iterations
metadata_jwks   [  20% ] 00/16 VUs  05m55.9s/30m0s  200.00 iters/s

running (05m56.9s), 00/16 VUs, 71387 complete and 0 interrupted iterations
metadata_jwks   [  20% ] 00/16 VUs  05m56.9s/30m0s  200.00 iters/s

running (05m57.9s), 00/16 VUs, 71587 complete and 0 interrupted iterations
metadata_jwks   [  20% ] 00/16 VUs  05m57.9s/30m0s  200.00 iters/s

running (05m58.9s), 00/16 VUs, 71787 complete and 0 interrupted iterations
metadata_jwks   [  20% ] 00/16 VUs  05m58.9s/30m0s  200.00 iters/s

running (05m59.9s), 00/16 VUs, 71987 complete and 0 interrupted iterations
metadata_jwks   [  20% ] 00/16 VUs  05m59.9s/30m0s  200.00 iters/s

running (06m00.9s), 00/16 VUs, 72187 complete and 0 interrupted iterations
metadata_jwks   [  20% ] 00/16 VUs  06m00.9s/30m0s  200.00 iters/s

running (06m01.9s), 00/16 VUs, 72387 complete and 0 interrupted iterations
metadata_jwks   [  20% ] 00/16 VUs  06m01.9s/30m0s  200.00 iters/s

running (06m02.9s), 00/16 VUs, 72587 complete and 0 interrupted iterations
metadata_jwks   [  20% ] 00/16 VUs  06m02.9s/30m0s  200.00 iters/s

running (06m03.9s), 00/16 VUs, 72787 complete and 0 interrupted iterations
metadata_jwks   [  20% ] 00/16 VUs  06m03.9s/30m0s  200.00 iters/s

running (06m04.9s), 00/16 VUs, 72987 complete and 0 interrupted iterations
metadata_jwks   [  20% ] 00/16 VUs  06m04.9s/30m0s  200.00 iters/s

running (06m05.9s), 00/16 VUs, 73187 complete and 0 interrupted iterations
metadata_jwks   [  20% ] 00/16 VUs  06m05.9s/30m0s  200.00 iters/s

running (06m06.9s), 01/16 VUs, 73387 complete and 0 interrupted iterations
metadata_jwks   [  20% ] 01/16 VUs  06m06.9s/30m0s  200.00 iters/s

running (06m07.9s), 00/16 VUs, 73587 complete and 0 interrupted iterations
metadata_jwks   [  20% ] 00/16 VUs  06m07.9s/30m0s  200.00 iters/s

running (06m08.9s), 00/16 VUs, 73787 complete and 0 interrupted iterations
metadata_jwks   [  20% ] 00/16 VUs  06m08.9s/30m0s  200.00 iters/s

running (06m09.9s), 00/16 VUs, 73987 complete and 0 interrupted iterations
metadata_jwks   [  21% ] 00/16 VUs  06m09.9s/30m0s  200.00 iters/s

running (06m10.9s), 00/16 VUs, 74187 complete and 0 interrupted iterations
metadata_jwks   [  21% ] 00/16 VUs  06m10.9s/30m0s  200.00 iters/s

running (06m11.9s), 00/16 VUs, 74387 complete and 0 interrupted iterations
metadata_jwks   [  21% ] 00/16 VUs  06m11.9s/30m0s  200.00 iters/s

running (06m12.9s), 00/16 VUs, 74587 complete and 0 interrupted iterations
metadata_jwks   [  21% ] 00/16 VUs  06m12.9s/30m0s  200.00 iters/s

running (06m13.9s), 00/16 VUs, 74787 complete and 0 interrupted iterations
metadata_jwks   [  21% ] 00/16 VUs  06m13.9s/30m0s  200.00 iters/s

running (06m14.9s), 00/16 VUs, 74987 complete and 0 interrupted iterations
metadata_jwks   [  21% ] 00/16 VUs  06m14.9s/30m0s  200.00 iters/s

running (06m15.9s), 00/16 VUs, 75187 complete and 0 interrupted iterations
metadata_jwks   [  21% ] 00/16 VUs  06m15.9s/30m0s  200.00 iters/s

running (06m16.9s), 00/16 VUs, 75387 complete and 0 interrupted iterations
metadata_jwks   [  21% ] 00/16 VUs  06m16.9s/30m0s  200.00 iters/s

running (06m17.9s), 00/16 VUs, 75587 complete and 0 interrupted iterations
metadata_jwks   [  21% ] 00/16 VUs  06m17.9s/30m0s  200.00 iters/s

running (06m18.9s), 00/16 VUs, 75787 complete and 0 interrupted iterations
metadata_jwks   [  21% ] 00/16 VUs  06m18.9s/30m0s  200.00 iters/s

running (06m19.9s), 00/16 VUs, 75987 complete and 0 interrupted iterations
metadata_jwks   [  21% ] 00/16 VUs  06m19.9s/30m0s  200.00 iters/s

running (06m20.9s), 00/16 VUs, 76187 complete and 0 interrupted iterations
metadata_jwks   [  21% ] 00/16 VUs  06m20.9s/30m0s  200.00 iters/s

running (06m21.9s), 00/16 VUs, 76387 complete and 0 interrupted iterations
metadata_jwks   [  21% ] 00/16 VUs  06m21.9s/30m0s  200.00 iters/s

running (06m22.9s), 00/16 VUs, 76587 complete and 0 interrupted iterations
metadata_jwks   [  21% ] 00/16 VUs  06m22.9s/30m0s  200.00 iters/s

running (06m23.9s), 00/16 VUs, 76787 complete and 0 interrupted iterations
metadata_jwks   [  21% ] 00/16 VUs  06m23.9s/30m0s  200.00 iters/s

running (06m24.9s), 00/16 VUs, 76987 complete and 0 interrupted iterations
metadata_jwks   [  21% ] 00/16 VUs  06m24.9s/30m0s  200.00 iters/s

running (06m25.9s), 00/16 VUs, 77187 complete and 0 interrupted iterations
metadata_jwks   [  21% ] 00/16 VUs  06m25.9s/30m0s  200.00 iters/s

running (06m26.9s), 00/16 VUs, 77387 complete and 0 interrupted iterations
metadata_jwks   [  21% ] 00/16 VUs  06m26.9s/30m0s  200.00 iters/s

running (06m27.9s), 00/16 VUs, 77587 complete and 0 interrupted iterations
metadata_jwks   [  22% ] 00/16 VUs  06m27.9s/30m0s  200.00 iters/s

running (06m28.9s), 00/16 VUs, 77787 complete and 0 interrupted iterations
metadata_jwks   [  22% ] 00/16 VUs  06m28.9s/30m0s  200.00 iters/s

running (06m29.9s), 00/16 VUs, 77987 complete and 0 interrupted iterations
metadata_jwks   [  22% ] 00/16 VUs  06m29.9s/30m0s  200.00 iters/s

running (06m30.9s), 00/16 VUs, 78187 complete and 0 interrupted iterations
metadata_jwks   [  22% ] 00/16 VUs  06m30.9s/30m0s  200.00 iters/s

running (06m31.9s), 00/16 VUs, 78387 complete and 0 interrupted iterations
metadata_jwks   [  22% ] 00/16 VUs  06m31.9s/30m0s  200.00 iters/s

running (06m32.9s), 00/16 VUs, 78587 complete and 0 interrupted iterations
metadata_jwks   [  22% ] 00/16 VUs  06m32.9s/30m0s  200.00 iters/s

running (06m33.9s), 00/16 VUs, 78787 complete and 0 interrupted iterations
metadata_jwks   [  22% ] 00/16 VUs  06m33.9s/30m0s  200.00 iters/s

running (06m34.9s), 00/16 VUs, 78987 complete and 0 interrupted iterations
metadata_jwks   [  22% ] 00/16 VUs  06m34.9s/30m0s  200.00 iters/s

running (06m35.9s), 00/16 VUs, 79187 complete and 0 interrupted iterations
metadata_jwks   [  22% ] 00/16 VUs  06m35.9s/30m0s  200.00 iters/s

running (06m36.9s), 00/16 VUs, 79387 complete and 0 interrupted iterations
metadata_jwks   [  22% ] 00/16 VUs  06m36.9s/30m0s  200.00 iters/s

running (06m37.9s), 00/16 VUs, 79587 complete and 0 interrupted iterations
metadata_jwks   [  22% ] 00/16 VUs  06m37.9s/30m0s  200.00 iters/s

running (06m38.9s), 00/16 VUs, 79787 complete and 0 interrupted iterations
metadata_jwks   [  22% ] 00/16 VUs  06m38.9s/30m0s  200.00 iters/s

running (06m39.9s), 00/16 VUs, 79987 complete and 0 interrupted iterations
metadata_jwks   [  22% ] 00/16 VUs  06m39.9s/30m0s  200.00 iters/s

running (06m40.9s), 00/16 VUs, 80187 complete and 0 interrupted iterations
metadata_jwks   [  22% ] 00/16 VUs  06m40.9s/30m0s  200.00 iters/s

running (06m41.9s), 00/16 VUs, 80387 complete and 0 interrupted iterations
metadata_jwks   [  22% ] 00/16 VUs  06m41.9s/30m0s  200.00 iters/s

running (06m42.9s), 00/16 VUs, 80587 complete and 0 interrupted iterations
metadata_jwks   [  22% ] 00/16 VUs  06m42.9s/30m0s  200.00 iters/s

running (06m43.9s), 00/16 VUs, 80787 complete and 0 interrupted iterations
metadata_jwks   [  22% ] 00/16 VUs  06m43.9s/30m0s  200.00 iters/s

running (06m44.9s), 00/16 VUs, 80987 complete and 0 interrupted iterations
metadata_jwks   [  22% ] 00/16 VUs  06m44.9s/30m0s  200.00 iters/s

running (06m45.9s), 00/16 VUs, 81187 complete and 0 interrupted iterations
metadata_jwks   [  23% ] 00/16 VUs  06m45.9s/30m0s  200.00 iters/s

running (06m46.9s), 00/16 VUs, 81387 complete and 0 interrupted iterations
metadata_jwks   [  23% ] 00/16 VUs  06m46.9s/30m0s  200.00 iters/s

running (06m47.9s), 00/16 VUs, 81587 complete and 0 interrupted iterations
metadata_jwks   [  23% ] 00/16 VUs  06m47.9s/30m0s  200.00 iters/s

running (06m48.9s), 00/16 VUs, 81787 complete and 0 interrupted iterations
metadata_jwks   [  23% ] 00/16 VUs  06m48.9s/30m0s  200.00 iters/s

running (06m49.9s), 00/16 VUs, 81987 complete and 0 interrupted iterations
metadata_jwks   [  23% ] 00/16 VUs  06m49.9s/30m0s  200.00 iters/s

running (06m50.9s), 00/16 VUs, 82187 complete and 0 interrupted iterations
metadata_jwks   [  23% ] 00/16 VUs  06m50.9s/30m0s  200.00 iters/s

running (06m51.9s), 00/16 VUs, 82387 complete and 0 interrupted iterations
metadata_jwks   [  23% ] 00/16 VUs  06m51.9s/30m0s  200.00 iters/s

running (06m52.9s), 00/16 VUs, 82587 complete and 0 interrupted iterations
metadata_jwks   [  23% ] 00/16 VUs  06m52.9s/30m0s  200.00 iters/s

running (06m53.9s), 00/16 VUs, 82787 complete and 0 interrupted iterations
metadata_jwks   [  23% ] 00/16 VUs  06m53.9s/30m0s  200.00 iters/s

running (06m54.9s), 00/16 VUs, 82987 complete and 0 interrupted iterations
metadata_jwks   [  23% ] 00/16 VUs  06m54.9s/30m0s  200.00 iters/s

running (06m55.9s), 00/16 VUs, 83187 complete and 0 interrupted iterations
metadata_jwks   [  23% ] 00/16 VUs  06m55.9s/30m0s  200.00 iters/s

running (06m56.9s), 00/16 VUs, 83387 complete and 0 interrupted iterations
metadata_jwks   [  23% ] 00/16 VUs  06m56.9s/30m0s  200.00 iters/s

running (06m57.9s), 00/16 VUs, 83587 complete and 0 interrupted iterations
metadata_jwks   [  23% ] 00/16 VUs  06m57.9s/30m0s  200.00 iters/s

running (06m58.9s), 00/16 VUs, 83787 complete and 0 interrupted iterations
metadata_jwks   [  23% ] 00/16 VUs  06m58.9s/30m0s  200.00 iters/s

running (06m59.9s), 00/16 VUs, 83987 complete and 0 interrupted iterations
metadata_jwks   [  23% ] 00/16 VUs  06m59.9s/30m0s  200.00 iters/s

running (07m00.9s), 00/16 VUs, 84187 complete and 0 interrupted iterations
metadata_jwks   [  23% ] 00/16 VUs  07m00.9s/30m0s  200.00 iters/s

running (07m01.9s), 00/16 VUs, 84387 complete and 0 interrupted iterations
metadata_jwks   [  23% ] 00/16 VUs  07m01.9s/30m0s  200.00 iters/s

running (07m02.9s), 00/16 VUs, 84587 complete and 0 interrupted iterations
metadata_jwks   [  23% ] 00/16 VUs  07m02.9s/30m0s  200.00 iters/s

running (07m03.9s), 00/16 VUs, 84787 complete and 0 interrupted iterations
metadata_jwks   [  24% ] 00/16 VUs  07m03.9s/30m0s  200.00 iters/s

running (07m04.9s), 00/16 VUs, 84987 complete and 0 interrupted iterations
metadata_jwks   [  24% ] 00/16 VUs  07m04.9s/30m0s  200.00 iters/s

running (07m05.9s), 00/16 VUs, 85187 complete and 0 interrupted iterations
metadata_jwks   [  24% ] 00/16 VUs  07m05.9s/30m0s  200.00 iters/s

running (07m06.9s), 00/16 VUs, 85387 complete and 0 interrupted iterations
metadata_jwks   [  24% ] 00/16 VUs  07m06.9s/30m0s  200.00 iters/s

running (07m07.9s), 00/16 VUs, 85587 complete and 0 interrupted iterations
metadata_jwks   [  24% ] 00/16 VUs  07m07.9s/30m0s  200.00 iters/s

running (07m08.9s), 00/16 VUs, 85787 complete and 0 interrupted iterations
metadata_jwks   [  24% ] 00/16 VUs  07m08.9s/30m0s  200.00 iters/s

running (07m09.9s), 00/16 VUs, 85987 complete and 0 interrupted iterations
metadata_jwks   [  24% ] 00/16 VUs  07m09.9s/30m0s  200.00 iters/s

running (07m10.9s), 00/16 VUs, 86187 complete and 0 interrupted iterations
metadata_jwks   [  24% ] 00/16 VUs  07m10.9s/30m0s  200.00 iters/s

running (07m11.9s), 00/16 VUs, 86387 complete and 0 interrupted iterations
metadata_jwks   [  24% ] 00/16 VUs  07m11.9s/30m0s  200.00 iters/s

running (07m12.9s), 00/16 VUs, 86587 complete and 0 interrupted iterations
metadata_jwks   [  24% ] 00/16 VUs  07m12.9s/30m0s  200.00 iters/s

running (07m13.9s), 00/16 VUs, 86787 complete and 0 interrupted iterations
metadata_jwks   [  24% ] 00/16 VUs  07m13.9s/30m0s  200.00 iters/s

running (07m14.9s), 00/16 VUs, 86987 complete and 0 interrupted iterations
metadata_jwks   [  24% ] 00/16 VUs  07m14.9s/30m0s  200.00 iters/s

running (07m15.9s), 00/16 VUs, 87187 complete and 0 interrupted iterations
metadata_jwks   [  24% ] 00/16 VUs  07m15.9s/30m0s  200.00 iters/s

running (07m16.9s), 00/16 VUs, 87387 complete and 0 interrupted iterations
metadata_jwks   [  24% ] 00/16 VUs  07m16.9s/30m0s  200.00 iters/s

running (07m17.9s), 00/16 VUs, 87587 complete and 0 interrupted iterations
metadata_jwks   [  24% ] 00/16 VUs  07m17.9s/30m0s  200.00 iters/s

running (07m18.9s), 00/16 VUs, 87787 complete and 0 interrupted iterations
metadata_jwks   [  24% ] 00/16 VUs  07m18.9s/30m0s  200.00 iters/s

running (07m19.9s), 00/16 VUs, 87987 complete and 0 interrupted iterations
metadata_jwks   [  24% ] 00/16 VUs  07m19.9s/30m0s  200.00 iters/s

running (07m20.9s), 00/16 VUs, 88187 complete and 0 interrupted iterations
metadata_jwks   [  24% ] 00/16 VUs  07m20.9s/30m0s  200.00 iters/s

running (07m21.9s), 00/16 VUs, 88387 complete and 0 interrupted iterations
metadata_jwks   [  25% ] 00/16 VUs  07m21.9s/30m0s  200.00 iters/s

running (07m22.9s), 00/16 VUs, 88587 complete and 0 interrupted iterations
metadata_jwks   [  25% ] 00/16 VUs  07m22.9s/30m0s  200.00 iters/s

running (07m23.9s), 00/16 VUs, 88787 complete and 0 interrupted iterations
metadata_jwks   [  25% ] 00/16 VUs  07m23.9s/30m0s  200.00 iters/s

running (07m24.9s), 00/16 VUs, 88987 complete and 0 interrupted iterations
metadata_jwks   [  25% ] 00/16 VUs  07m24.9s/30m0s  200.00 iters/s

running (07m25.9s), 00/16 VUs, 89187 complete and 0 interrupted iterations
metadata_jwks   [  25% ] 00/16 VUs  07m25.9s/30m0s  200.00 iters/s

running (07m26.9s), 00/16 VUs, 89387 complete and 0 interrupted iterations
metadata_jwks   [  25% ] 00/16 VUs  07m26.9s/30m0s  200.00 iters/s

running (07m27.9s), 00/16 VUs, 89587 complete and 0 interrupted iterations
metadata_jwks   [  25% ] 00/16 VUs  07m27.9s/30m0s  200.00 iters/s

running (07m28.9s), 00/16 VUs, 89787 complete and 0 interrupted iterations
metadata_jwks   [  25% ] 00/16 VUs  07m28.9s/30m0s  200.00 iters/s

running (07m29.9s), 00/16 VUs, 89987 complete and 0 interrupted iterations
metadata_jwks   [  25% ] 00/16 VUs  07m29.9s/30m0s  200.00 iters/s

running (07m30.9s), 00/16 VUs, 90187 complete and 0 interrupted iterations
metadata_jwks   [  25% ] 00/16 VUs  07m30.9s/30m0s  200.00 iters/s

running (07m31.9s), 00/16 VUs, 90387 complete and 0 interrupted iterations
metadata_jwks   [  25% ] 00/16 VUs  07m31.9s/30m0s  200.00 iters/s

running (07m32.9s), 00/16 VUs, 90587 complete and 0 interrupted iterations
metadata_jwks   [  25% ] 00/16 VUs  07m32.9s/30m0s  200.00 iters/s

running (07m33.9s), 00/16 VUs, 90787 complete and 0 interrupted iterations
metadata_jwks   [  25% ] 00/16 VUs  07m33.9s/30m0s  200.00 iters/s

running (07m34.9s), 00/16 VUs, 90987 complete and 0 interrupted iterations
metadata_jwks   [  25% ] 00/16 VUs  07m34.9s/30m0s  200.00 iters/s

running (07m35.9s), 00/16 VUs, 91187 complete and 0 interrupted iterations
metadata_jwks   [  25% ] 00/16 VUs  07m35.9s/30m0s  200.00 iters/s

running (07m36.9s), 00/16 VUs, 91387 complete and 0 interrupted iterations
metadata_jwks   [  25% ] 00/16 VUs  07m36.9s/30m0s  200.00 iters/s

running (07m37.9s), 00/16 VUs, 91587 complete and 0 interrupted iterations
metadata_jwks   [  25% ] 00/16 VUs  07m37.9s/30m0s  200.00 iters/s

running (07m38.9s), 00/16 VUs, 91787 complete and 0 interrupted iterations
metadata_jwks   [  25% ] 00/16 VUs  07m38.9s/30m0s  200.00 iters/s

running (07m39.9s), 00/16 VUs, 91987 complete and 0 interrupted iterations
metadata_jwks   [  26% ] 00/16 VUs  07m39.9s/30m0s  200.00 iters/s

running (07m40.9s), 00/16 VUs, 92187 complete and 0 interrupted iterations
metadata_jwks   [  26% ] 00/16 VUs  07m40.9s/30m0s  200.00 iters/s

running (07m41.9s), 00/16 VUs, 92387 complete and 0 interrupted iterations
metadata_jwks   [  26% ] 00/16 VUs  07m41.9s/30m0s  200.00 iters/s

running (07m42.9s), 00/16 VUs, 92587 complete and 0 interrupted iterations
metadata_jwks   [  26% ] 00/16 VUs  07m42.9s/30m0s  200.00 iters/s

running (07m43.9s), 00/16 VUs, 92787 complete and 0 interrupted iterations
metadata_jwks   [  26% ] 00/16 VUs  07m43.9s/30m0s  200.00 iters/s

running (07m44.9s), 00/16 VUs, 92987 complete and 0 interrupted iterations
metadata_jwks   [  26% ] 00/16 VUs  07m44.9s/30m0s  200.00 iters/s

running (07m45.9s), 00/16 VUs, 93187 complete and 0 interrupted iterations
metadata_jwks   [  26% ] 00/16 VUs  07m45.9s/30m0s  200.00 iters/s

running (07m46.9s), 00/16 VUs, 93387 complete and 0 interrupted iterations
metadata_jwks   [  26% ] 00/16 VUs  07m46.9s/30m0s  200.00 iters/s

running (07m47.9s), 00/16 VUs, 93587 complete and 0 interrupted iterations
metadata_jwks   [  26% ] 00/16 VUs  07m47.9s/30m0s  200.00 iters/s

running (07m48.9s), 00/16 VUs, 93787 complete and 0 interrupted iterations
metadata_jwks   [  26% ] 00/16 VUs  07m48.9s/30m0s  200.00 iters/s

running (07m49.9s), 00/16 VUs, 93987 complete and 0 interrupted iterations
metadata_jwks   [  26% ] 00/16 VUs  07m49.9s/30m0s  200.00 iters/s

running (07m50.9s), 00/16 VUs, 94187 complete and 0 interrupted iterations
metadata_jwks   [  26% ] 00/16 VUs  07m50.9s/30m0s  200.00 iters/s

running (07m51.9s), 00/16 VUs, 94387 complete and 0 interrupted iterations
metadata_jwks   [  26% ] 00/16 VUs  07m51.9s/30m0s  200.00 iters/s

running (07m52.9s), 00/16 VUs, 94587 complete and 0 interrupted iterations
metadata_jwks   [  26% ] 00/16 VUs  07m52.9s/30m0s  200.00 iters/s

running (07m53.9s), 00/16 VUs, 94787 complete and 0 interrupted iterations
metadata_jwks   [  26% ] 00/16 VUs  07m53.9s/30m0s  200.00 iters/s

running (07m54.9s), 00/16 VUs, 94987 complete and 0 interrupted iterations
metadata_jwks   [  26% ] 00/16 VUs  07m54.9s/30m0s  200.00 iters/s

running (07m55.9s), 00/16 VUs, 95187 complete and 0 interrupted iterations
metadata_jwks   [  26% ] 00/16 VUs  07m55.9s/30m0s  200.00 iters/s

running (07m56.9s), 00/16 VUs, 95387 complete and 0 interrupted iterations
metadata_jwks   [  26% ] 00/16 VUs  07m56.9s/30m0s  200.00 iters/s

running (07m57.9s), 00/16 VUs, 95587 complete and 0 interrupted iterations
metadata_jwks   [  27% ] 00/16 VUs  07m57.9s/30m0s  200.00 iters/s

running (07m58.9s), 00/16 VUs, 95787 complete and 0 interrupted iterations
metadata_jwks   [  27% ] 00/16 VUs  07m58.9s/30m0s  200.00 iters/s

running (07m59.9s), 00/16 VUs, 95987 complete and 0 interrupted iterations
metadata_jwks   [  27% ] 00/16 VUs  07m59.9s/30m0s  200.00 iters/s

running (08m00.9s), 00/16 VUs, 96187 complete and 0 interrupted iterations
metadata_jwks   [  27% ] 00/16 VUs  08m00.9s/30m0s  200.00 iters/s

running (08m01.9s), 00/16 VUs, 96387 complete and 0 interrupted iterations
metadata_jwks   [  27% ] 00/16 VUs  08m01.9s/30m0s  200.00 iters/s

running (08m02.9s), 00/16 VUs, 96587 complete and 0 interrupted iterations
metadata_jwks   [  27% ] 00/16 VUs  08m02.9s/30m0s  200.00 iters/s

running (08m03.9s), 00/16 VUs, 96787 complete and 0 interrupted iterations
metadata_jwks   [  27% ] 00/16 VUs  08m03.9s/30m0s  200.00 iters/s

running (08m04.9s), 00/16 VUs, 96987 complete and 0 interrupted iterations
metadata_jwks   [  27% ] 00/16 VUs  08m04.9s/30m0s  200.00 iters/s

running (08m05.9s), 00/16 VUs, 97187 complete and 0 interrupted iterations
metadata_jwks   [  27% ] 00/16 VUs  08m05.9s/30m0s  200.00 iters/s

running (08m06.9s), 00/16 VUs, 97387 complete and 0 interrupted iterations
metadata_jwks   [  27% ] 00/16 VUs  08m06.9s/30m0s  200.00 iters/s

running (08m07.9s), 00/16 VUs, 97587 complete and 0 interrupted iterations
metadata_jwks   [  27% ] 00/16 VUs  08m07.9s/30m0s  200.00 iters/s

running (08m08.9s), 00/16 VUs, 97787 complete and 0 interrupted iterations
metadata_jwks   [  27% ] 00/16 VUs  08m08.9s/30m0s  200.00 iters/s

running (08m09.9s), 00/16 VUs, 97987 complete and 0 interrupted iterations
metadata_jwks   [  27% ] 00/16 VUs  08m09.9s/30m0s  200.00 iters/s

running (08m10.9s), 00/16 VUs, 98187 complete and 0 interrupted iterations
metadata_jwks   [  27% ] 00/16 VUs  08m10.9s/30m0s  200.00 iters/s

running (08m11.9s), 00/16 VUs, 98387 complete and 0 interrupted iterations
metadata_jwks   [  27% ] 00/16 VUs  08m11.9s/30m0s  200.00 iters/s

running (08m12.9s), 00/16 VUs, 98587 complete and 0 interrupted iterations
metadata_jwks   [  27% ] 00/16 VUs  08m12.9s/30m0s  200.00 iters/s

running (08m13.9s), 00/16 VUs, 98787 complete and 0 interrupted iterations
metadata_jwks   [  27% ] 00/16 VUs  08m13.9s/30m0s  200.00 iters/s

running (08m14.9s), 00/16 VUs, 98987 complete and 0 interrupted iterations
metadata_jwks   [  27% ] 00/16 VUs  08m14.9s/30m0s  200.00 iters/s

running (08m15.9s), 00/16 VUs, 99187 complete and 0 interrupted iterations
metadata_jwks   [  28% ] 00/16 VUs  08m15.9s/30m0s  200.00 iters/s

running (08m16.9s), 00/16 VUs, 99387 complete and 0 interrupted iterations
metadata_jwks   [  28% ] 00/16 VUs  08m16.9s/30m0s  200.00 iters/s

running (08m17.9s), 00/16 VUs, 99587 complete and 0 interrupted iterations
metadata_jwks   [  28% ] 00/16 VUs  08m17.9s/30m0s  200.00 iters/s

running (08m18.9s), 00/16 VUs, 99787 complete and 0 interrupted iterations
metadata_jwks   [  28% ] 00/16 VUs  08m18.9s/30m0s  200.00 iters/s

running (08m19.9s), 00/16 VUs, 99987 complete and 0 interrupted iterations
metadata_jwks   [  28% ] 00/16 VUs  08m19.9s/30m0s  200.00 iters/s

running (08m20.9s), 00/16 VUs, 100187 complete and 0 interrupted iterations
metadata_jwks   [  28% ] 00/16 VUs  08m20.9s/30m0s  200.00 iters/s

running (08m21.9s), 00/16 VUs, 100387 complete and 0 interrupted iterations
metadata_jwks   [  28% ] 00/16 VUs  08m21.9s/30m0s  200.00 iters/s

running (08m22.9s), 00/16 VUs, 100587 complete and 0 interrupted iterations
metadata_jwks   [  28% ] 00/16 VUs  08m22.9s/30m0s  200.00 iters/s

running (08m23.9s), 00/16 VUs, 100787 complete and 0 interrupted iterations
metadata_jwks   [  28% ] 00/16 VUs  08m23.9s/30m0s  200.00 iters/s

running (08m24.9s), 00/16 VUs, 100987 complete and 0 interrupted iterations
metadata_jwks   [  28% ] 00/16 VUs  08m24.9s/30m0s  200.00 iters/s

running (08m25.9s), 00/16 VUs, 101187 complete and 0 interrupted iterations
metadata_jwks   [  28% ] 00/16 VUs  08m25.9s/30m0s  200.00 iters/s

running (08m26.9s), 00/16 VUs, 101387 complete and 0 interrupted iterations
metadata_jwks   [  28% ] 00/16 VUs  08m26.9s/30m0s  200.00 iters/s

running (08m27.9s), 00/16 VUs, 101587 complete and 0 interrupted iterations
metadata_jwks   [  28% ] 00/16 VUs  08m27.9s/30m0s  200.00 iters/s

running (08m28.9s), 00/16 VUs, 101787 complete and 0 interrupted iterations
metadata_jwks   [  28% ] 00/16 VUs  08m28.9s/30m0s  200.00 iters/s

running (08m29.9s), 00/16 VUs, 101987 complete and 0 interrupted iterations
metadata_jwks   [  28% ] 00/16 VUs  08m29.9s/30m0s  200.00 iters/s

running (08m30.9s), 00/16 VUs, 102187 complete and 0 interrupted iterations
metadata_jwks   [  28% ] 00/16 VUs  08m30.9s/30m0s  200.00 iters/s

running (08m31.9s), 00/16 VUs, 102387 complete and 0 interrupted iterations
metadata_jwks   [  28% ] 00/16 VUs  08m31.9s/30m0s  200.00 iters/s

running (08m32.9s), 00/16 VUs, 102587 complete and 0 interrupted iterations
metadata_jwks   [  28% ] 00/16 VUs  08m32.9s/30m0s  200.00 iters/s

running (08m33.9s), 00/16 VUs, 102787 complete and 0 interrupted iterations
metadata_jwks   [  29% ] 00/16 VUs  08m33.9s/30m0s  200.00 iters/s

running (08m34.9s), 00/16 VUs, 102987 complete and 0 interrupted iterations
metadata_jwks   [  29% ] 00/16 VUs  08m34.9s/30m0s  200.00 iters/s

running (08m35.9s), 00/16 VUs, 103187 complete and 0 interrupted iterations
metadata_jwks   [  29% ] 00/16 VUs  08m35.9s/30m0s  200.00 iters/s

running (08m36.9s), 00/16 VUs, 103387 complete and 0 interrupted iterations
metadata_jwks   [  29% ] 00/16 VUs  08m36.9s/30m0s  200.00 iters/s

running (08m37.9s), 00/16 VUs, 103587 complete and 0 interrupted iterations
metadata_jwks   [  29% ] 00/16 VUs  08m37.9s/30m0s  200.00 iters/s

running (08m38.9s), 00/16 VUs, 103787 complete and 0 interrupted iterations
metadata_jwks   [  29% ] 00/16 VUs  08m38.9s/30m0s  200.00 iters/s

running (08m39.9s), 00/16 VUs, 103987 complete and 0 interrupted iterations
metadata_jwks   [  29% ] 00/16 VUs  08m39.9s/30m0s  200.00 iters/s

running (08m40.9s), 00/16 VUs, 104187 complete and 0 interrupted iterations
metadata_jwks   [  29% ] 00/16 VUs  08m40.9s/30m0s  200.00 iters/s

running (08m41.9s), 00/16 VUs, 104387 complete and 0 interrupted iterations
metadata_jwks   [  29% ] 00/16 VUs  08m41.9s/30m0s  200.00 iters/s

running (08m42.9s), 00/16 VUs, 104587 complete and 0 interrupted iterations
metadata_jwks   [  29% ] 00/16 VUs  08m42.9s/30m0s  200.00 iters/s

running (08m43.9s), 00/16 VUs, 104787 complete and 0 interrupted iterations
metadata_jwks   [  29% ] 00/16 VUs  08m43.9s/30m0s  200.00 iters/s

running (08m44.9s), 00/16 VUs, 104987 complete and 0 interrupted iterations
metadata_jwks   [  29% ] 00/16 VUs  08m44.9s/30m0s  200.00 iters/s

running (08m45.9s), 00/16 VUs, 105187 complete and 0 interrupted iterations
metadata_jwks   [  29% ] 00/16 VUs  08m45.9s/30m0s  200.00 iters/s

running (08m46.9s), 00/16 VUs, 105387 complete and 0 interrupted iterations
metadata_jwks   [  29% ] 00/16 VUs  08m46.9s/30m0s  200.00 iters/s

running (08m47.9s), 00/16 VUs, 105587 complete and 0 interrupted iterations
metadata_jwks   [  29% ] 00/16 VUs  08m47.9s/30m0s  200.00 iters/s

running (08m48.9s), 00/16 VUs, 105787 complete and 0 interrupted iterations
metadata_jwks   [  29% ] 00/16 VUs  08m48.9s/30m0s  200.00 iters/s

running (08m49.9s), 00/16 VUs, 105987 complete and 0 interrupted iterations
metadata_jwks   [  29% ] 00/16 VUs  08m49.9s/30m0s  200.00 iters/s

running (08m50.9s), 00/16 VUs, 106187 complete and 0 interrupted iterations
metadata_jwks   [  29% ] 00/16 VUs  08m50.9s/30m0s  200.00 iters/s

running (08m51.9s), 00/16 VUs, 106387 complete and 0 interrupted iterations
metadata_jwks   [  30% ] 00/16 VUs  08m51.9s/30m0s  200.00 iters/s

running (08m52.9s), 00/16 VUs, 106587 complete and 0 interrupted iterations
metadata_jwks   [  30% ] 00/16 VUs  08m52.9s/30m0s  200.00 iters/s

running (08m53.9s), 00/16 VUs, 106787 complete and 0 interrupted iterations
metadata_jwks   [  30% ] 00/16 VUs  08m53.9s/30m0s  200.00 iters/s

running (08m54.9s), 00/16 VUs, 106987 complete and 0 interrupted iterations
metadata_jwks   [  30% ] 00/16 VUs  08m54.9s/30m0s  200.00 iters/s

running (08m55.9s), 00/16 VUs, 107187 complete and 0 interrupted iterations
metadata_jwks   [  30% ] 00/16 VUs  08m55.9s/30m0s  200.00 iters/s

running (08m56.9s), 00/16 VUs, 107387 complete and 0 interrupted iterations
metadata_jwks   [  30% ] 00/16 VUs  08m56.9s/30m0s  200.00 iters/s

running (08m57.9s), 00/16 VUs, 107587 complete and 0 interrupted iterations
metadata_jwks   [  30% ] 00/16 VUs  08m57.9s/30m0s  200.00 iters/s

running (08m58.9s), 00/16 VUs, 107787 complete and 0 interrupted iterations
metadata_jwks   [  30% ] 00/16 VUs  08m58.9s/30m0s  200.00 iters/s

running (08m59.9s), 00/16 VUs, 107987 complete and 0 interrupted iterations
metadata_jwks   [  30% ] 00/16 VUs  08m59.9s/30m0s  200.00 iters/s

running (09m00.9s), 00/16 VUs, 108187 complete and 0 interrupted iterations
metadata_jwks   [  30% ] 00/16 VUs  09m00.9s/30m0s  200.00 iters/s

running (09m01.9s), 00/16 VUs, 108387 complete and 0 interrupted iterations
metadata_jwks   [  30% ] 00/16 VUs  09m01.9s/30m0s  200.00 iters/s

running (09m02.9s), 00/16 VUs, 108587 complete and 0 interrupted iterations
metadata_jwks   [  30% ] 00/16 VUs  09m02.9s/30m0s  200.00 iters/s

running (09m03.9s), 00/16 VUs, 108787 complete and 0 interrupted iterations
metadata_jwks   [  30% ] 00/16 VUs  09m03.9s/30m0s  200.00 iters/s

running (09m04.9s), 00/16 VUs, 108987 complete and 0 interrupted iterations
metadata_jwks   [  30% ] 00/16 VUs  09m04.9s/30m0s  200.00 iters/s

running (09m05.9s), 00/16 VUs, 109187 complete and 0 interrupted iterations
metadata_jwks   [  30% ] 00/16 VUs  09m05.9s/30m0s  200.00 iters/s

running (09m06.9s), 00/16 VUs, 109387 complete and 0 interrupted iterations
metadata_jwks   [  30% ] 00/16 VUs  09m06.9s/30m0s  200.00 iters/s

running (09m07.9s), 00/16 VUs, 109587 complete and 0 interrupted iterations
metadata_jwks   [  30% ] 00/16 VUs  09m07.9s/30m0s  200.00 iters/s

running (09m08.9s), 00/16 VUs, 109787 complete and 0 interrupted iterations
metadata_jwks   [  30% ] 00/16 VUs  09m08.9s/30m0s  200.00 iters/s

running (09m09.9s), 00/16 VUs, 109987 complete and 0 interrupted iterations
metadata_jwks   [  31% ] 00/16 VUs  09m09.9s/30m0s  200.00 iters/s

running (09m10.9s), 00/16 VUs, 110187 complete and 0 interrupted iterations
metadata_jwks   [  31% ] 00/16 VUs  09m10.9s/30m0s  200.00 iters/s

running (09m11.9s), 00/16 VUs, 110387 complete and 0 interrupted iterations
metadata_jwks   [  31% ] 00/16 VUs  09m11.9s/30m0s  200.00 iters/s

running (09m12.9s), 00/16 VUs, 110587 complete and 0 interrupted iterations
metadata_jwks   [  31% ] 00/16 VUs  09m12.9s/30m0s  200.00 iters/s

running (09m13.9s), 00/16 VUs, 110787 complete and 0 interrupted iterations
metadata_jwks   [  31% ] 00/16 VUs  09m13.9s/30m0s  200.00 iters/s

running (09m14.9s), 00/16 VUs, 110987 complete and 0 interrupted iterations
metadata_jwks   [  31% ] 00/16 VUs  09m14.9s/30m0s  200.00 iters/s

running (09m15.9s), 00/16 VUs, 111187 complete and 0 interrupted iterations
metadata_jwks   [  31% ] 00/16 VUs  09m15.9s/30m0s  200.00 iters/s

running (09m16.9s), 00/16 VUs, 111387 complete and 0 interrupted iterations
metadata_jwks   [  31% ] 00/16 VUs  09m16.9s/30m0s  200.00 iters/s

running (09m17.9s), 00/16 VUs, 111587 complete and 0 interrupted iterations
metadata_jwks   [  31% ] 00/16 VUs  09m17.9s/30m0s  200.00 iters/s

running (09m18.9s), 00/16 VUs, 111787 complete and 0 interrupted iterations
metadata_jwks   [  31% ] 00/16 VUs  09m18.9s/30m0s  200.00 iters/s

running (09m19.9s), 00/16 VUs, 111987 complete and 0 interrupted iterations
metadata_jwks   [  31% ] 00/16 VUs  09m19.9s/30m0s  200.00 iters/s

running (09m20.9s), 00/16 VUs, 112187 complete and 0 interrupted iterations
metadata_jwks   [  31% ] 00/16 VUs  09m20.9s/30m0s  200.00 iters/s

running (09m21.9s), 00/16 VUs, 112387 complete and 0 interrupted iterations
metadata_jwks   [  31% ] 00/16 VUs  09m21.9s/30m0s  200.00 iters/s

running (09m22.9s), 00/16 VUs, 112587 complete and 0 interrupted iterations
metadata_jwks   [  31% ] 00/16 VUs  09m22.9s/30m0s  200.00 iters/s

running (09m23.9s), 00/16 VUs, 112787 complete and 0 interrupted iterations
metadata_jwks   [  31% ] 00/16 VUs  09m23.9s/30m0s  200.00 iters/s

running (09m24.9s), 00/16 VUs, 112987 complete and 0 interrupted iterations
metadata_jwks   [  31% ] 00/16 VUs  09m24.9s/30m0s  200.00 iters/s

running (09m25.9s), 00/16 VUs, 113187 complete and 0 interrupted iterations
metadata_jwks   [  31% ] 00/16 VUs  09m25.9s/30m0s  200.00 iters/s

running (09m26.9s), 00/16 VUs, 113387 complete and 0 interrupted iterations
metadata_jwks   [  31% ] 00/16 VUs  09m26.9s/30m0s  200.00 iters/s

running (09m27.9s), 00/16 VUs, 113587 complete and 0 interrupted iterations
metadata_jwks   [  32% ] 00/16 VUs  09m27.9s/30m0s  200.00 iters/s

running (09m28.9s), 00/16 VUs, 113787 complete and 0 interrupted iterations
metadata_jwks   [  32% ] 00/16 VUs  09m28.9s/30m0s  200.00 iters/s

running (09m29.9s), 00/16 VUs, 113987 complete and 0 interrupted iterations
metadata_jwks   [  32% ] 00/16 VUs  09m29.9s/30m0s  200.00 iters/s

running (09m30.9s), 00/16 VUs, 114187 complete and 0 interrupted iterations
metadata_jwks   [  32% ] 00/16 VUs  09m30.9s/30m0s  200.00 iters/s

running (09m31.9s), 00/16 VUs, 114387 complete and 0 interrupted iterations
metadata_jwks   [  32% ] 00/16 VUs  09m31.9s/30m0s  200.00 iters/s

running (09m32.9s), 00/16 VUs, 114587 complete and 0 interrupted iterations
metadata_jwks   [  32% ] 00/16 VUs  09m32.9s/30m0s  200.00 iters/s

running (09m33.9s), 00/16 VUs, 114787 complete and 0 interrupted iterations
metadata_jwks   [  32% ] 00/16 VUs  09m33.9s/30m0s  200.00 iters/s

running (09m34.9s), 00/16 VUs, 114987 complete and 0 interrupted iterations
metadata_jwks   [  32% ] 00/16 VUs  09m34.9s/30m0s  200.00 iters/s

running (09m35.9s), 00/16 VUs, 115187 complete and 0 interrupted iterations
metadata_jwks   [  32% ] 00/16 VUs  09m35.9s/30m0s  200.00 iters/s

running (09m36.9s), 00/16 VUs, 115387 complete and 0 interrupted iterations
metadata_jwks   [  32% ] 00/16 VUs  09m36.9s/30m0s  200.00 iters/s

running (09m37.9s), 00/16 VUs, 115587 complete and 0 interrupted iterations
metadata_jwks   [  32% ] 00/16 VUs  09m37.9s/30m0s  200.00 iters/s

running (09m38.9s), 00/16 VUs, 115787 complete and 0 interrupted iterations
metadata_jwks   [  32% ] 00/16 VUs  09m38.9s/30m0s  200.00 iters/s

running (09m39.9s), 00/16 VUs, 115987 complete and 0 interrupted iterations
metadata_jwks   [  32% ] 00/16 VUs  09m39.9s/30m0s  200.00 iters/s

running (09m40.9s), 00/16 VUs, 116187 complete and 0 interrupted iterations
metadata_jwks   [  32% ] 00/16 VUs  09m40.9s/30m0s  200.00 iters/s

running (09m41.9s), 00/16 VUs, 116387 complete and 0 interrupted iterations
metadata_jwks   [  32% ] 00/16 VUs  09m41.9s/30m0s  200.00 iters/s

running (09m42.9s), 00/16 VUs, 116587 complete and 0 interrupted iterations
metadata_jwks   [  32% ] 00/16 VUs  09m42.9s/30m0s  200.00 iters/s

running (09m43.9s), 00/16 VUs, 116787 complete and 0 interrupted iterations
metadata_jwks   [  32% ] 00/16 VUs  09m43.9s/30m0s  200.00 iters/s

running (09m44.9s), 00/16 VUs, 116987 complete and 0 interrupted iterations
metadata_jwks   [  32% ] 00/16 VUs  09m44.9s/30m0s  200.00 iters/s

running (09m45.9s), 00/16 VUs, 117187 complete and 0 interrupted iterations
metadata_jwks   [  33% ] 00/16 VUs  09m45.9s/30m0s  200.00 iters/s

running (09m46.9s), 00/16 VUs, 117387 complete and 0 interrupted iterations
metadata_jwks   [  33% ] 00/16 VUs  09m46.9s/30m0s  200.00 iters/s

running (09m47.9s), 00/16 VUs, 117587 complete and 0 interrupted iterations
metadata_jwks   [  33% ] 00/16 VUs  09m47.9s/30m0s  200.00 iters/s

running (09m48.9s), 00/16 VUs, 117787 complete and 0 interrupted iterations
metadata_jwks   [  33% ] 00/16 VUs  09m48.9s/30m0s  200.00 iters/s

running (09m49.9s), 00/16 VUs, 117987 complete and 0 interrupted iterations
metadata_jwks   [  33% ] 00/16 VUs  09m49.9s/30m0s  200.00 iters/s

running (09m50.9s), 00/16 VUs, 118187 complete and 0 interrupted iterations
metadata_jwks   [  33% ] 00/16 VUs  09m50.9s/30m0s  200.00 iters/s

running (09m51.9s), 00/16 VUs, 118387 complete and 0 interrupted iterations
metadata_jwks   [  33% ] 00/16 VUs  09m51.9s/30m0s  200.00 iters/s

running (09m52.9s), 00/16 VUs, 118587 complete and 0 interrupted iterations
metadata_jwks   [  33% ] 00/16 VUs  09m52.9s/30m0s  200.00 iters/s

running (09m53.9s), 00/16 VUs, 118787 complete and 0 interrupted iterations
metadata_jwks   [  33% ] 00/16 VUs  09m53.9s/30m0s  200.00 iters/s

running (09m54.9s), 00/16 VUs, 118987 complete and 0 interrupted iterations
metadata_jwks   [  33% ] 00/16 VUs  09m54.9s/30m0s  200.00 iters/s

running (09m55.9s), 00/16 VUs, 119187 complete and 0 interrupted iterations
metadata_jwks   [  33% ] 00/16 VUs  09m55.9s/30m0s  200.00 iters/s

running (09m56.9s), 00/16 VUs, 119387 complete and 0 interrupted iterations
metadata_jwks   [  33% ] 00/16 VUs  09m56.9s/30m0s  200.00 iters/s

running (09m57.9s), 00/16 VUs, 119587 complete and 0 interrupted iterations
metadata_jwks   [  33% ] 00/16 VUs  09m57.9s/30m0s  200.00 iters/s

running (09m58.9s), 00/16 VUs, 119787 complete and 0 interrupted iterations
metadata_jwks   [  33% ] 00/16 VUs  09m58.9s/30m0s  200.00 iters/s

running (09m59.9s), 00/16 VUs, 119987 complete and 0 interrupted iterations
metadata_jwks   [  33% ] 00/16 VUs  09m59.9s/30m0s  200.00 iters/s

running (10m00.9s), 00/16 VUs, 120187 complete and 0 interrupted iterations
metadata_jwks   [  33% ] 00/16 VUs  10m00.9s/30m0s  200.00 iters/s

running (10m01.9s), 00/16 VUs, 120387 complete and 0 interrupted iterations
metadata_jwks   [  33% ] 00/16 VUs  10m01.9s/30m0s  200.00 iters/s

running (10m02.9s), 00/16 VUs, 120587 complete and 0 interrupted iterations
metadata_jwks   [  33% ] 00/16 VUs  10m02.9s/30m0s  200.00 iters/s

running (10m03.9s), 00/16 VUs, 120787 complete and 0 interrupted iterations
metadata_jwks   [  34% ] 00/16 VUs  10m03.9s/30m0s  200.00 iters/s

running (10m04.9s), 00/16 VUs, 120987 complete and 0 interrupted iterations
metadata_jwks   [  34% ] 00/16 VUs  10m04.9s/30m0s  200.00 iters/s

running (10m05.9s), 00/16 VUs, 121187 complete and 0 interrupted iterations
metadata_jwks   [  34% ] 00/16 VUs  10m05.9s/30m0s  200.00 iters/s

running (10m06.9s), 00/16 VUs, 121387 complete and 0 interrupted iterations
metadata_jwks   [  34% ] 00/16 VUs  10m06.9s/30m0s  200.00 iters/s

running (10m07.9s), 00/16 VUs, 121587 complete and 0 interrupted iterations
metadata_jwks   [  34% ] 00/16 VUs  10m07.9s/30m0s  200.00 iters/s

running (10m08.9s), 00/16 VUs, 121787 complete and 0 interrupted iterations
metadata_jwks   [  34% ] 00/16 VUs  10m08.9s/30m0s  200.00 iters/s

running (10m09.9s), 00/16 VUs, 121987 complete and 0 interrupted iterations
metadata_jwks   [  34% ] 00/16 VUs  10m09.9s/30m0s  200.00 iters/s

running (10m10.9s), 00/16 VUs, 122187 complete and 0 interrupted iterations
metadata_jwks   [  34% ] 00/16 VUs  10m10.9s/30m0s  200.00 iters/s

running (10m11.9s), 00/16 VUs, 122387 complete and 0 interrupted iterations
metadata_jwks   [  34% ] 00/16 VUs  10m11.9s/30m0s  200.00 iters/s

running (10m12.9s), 00/16 VUs, 122587 complete and 0 interrupted iterations
metadata_jwks   [  34% ] 00/16 VUs  10m12.9s/30m0s  200.00 iters/s

running (10m13.9s), 00/16 VUs, 122787 complete and 0 interrupted iterations
metadata_jwks   [  34% ] 00/16 VUs  10m13.9s/30m0s  200.00 iters/s

running (10m14.9s), 00/16 VUs, 122987 complete and 0 interrupted iterations
metadata_jwks   [  34% ] 00/16 VUs  10m14.9s/30m0s  200.00 iters/s

running (10m15.9s), 00/16 VUs, 123187 complete and 0 interrupted iterations
metadata_jwks   [  34% ] 00/16 VUs  10m15.9s/30m0s  200.00 iters/s

running (10m16.9s), 00/16 VUs, 123387 complete and 0 interrupted iterations
metadata_jwks   [  34% ] 00/16 VUs  10m16.9s/30m0s  200.00 iters/s

running (10m17.9s), 00/16 VUs, 123587 complete and 0 interrupted iterations
metadata_jwks   [  34% ] 00/16 VUs  10m17.9s/30m0s  200.00 iters/s

running (10m18.9s), 01/16 VUs, 123787 complete and 0 interrupted iterations
metadata_jwks   [  34% ] 01/16 VUs  10m18.9s/30m0s  200.00 iters/s

running (10m19.9s), 00/16 VUs, 123987 complete and 0 interrupted iterations
metadata_jwks   [  34% ] 00/16 VUs  10m19.9s/30m0s  200.00 iters/s

running (10m20.9s), 00/16 VUs, 124187 complete and 0 interrupted iterations
metadata_jwks   [  34% ] 00/16 VUs  10m20.9s/30m0s  200.00 iters/s

running (10m21.9s), 00/16 VUs, 124387 complete and 0 interrupted iterations
metadata_jwks   [  35% ] 00/16 VUs  10m21.9s/30m0s  200.00 iters/s

running (10m22.9s), 00/16 VUs, 124587 complete and 0 interrupted iterations
metadata_jwks   [  35% ] 00/16 VUs  10m22.9s/30m0s  200.00 iters/s

running (10m23.9s), 00/16 VUs, 124787 complete and 0 interrupted iterations
metadata_jwks   [  35% ] 00/16 VUs  10m23.9s/30m0s  200.00 iters/s

running (10m24.9s), 00/16 VUs, 124987 complete and 0 interrupted iterations
metadata_jwks   [  35% ] 00/16 VUs  10m24.9s/30m0s  200.00 iters/s

running (10m25.9s), 00/16 VUs, 125187 complete and 0 interrupted iterations
metadata_jwks   [  35% ] 00/16 VUs  10m25.9s/30m0s  200.00 iters/s

running (10m26.9s), 00/16 VUs, 125387 complete and 0 interrupted iterations
metadata_jwks   [  35% ] 00/16 VUs  10m26.9s/30m0s  200.00 iters/s

running (10m27.9s), 00/16 VUs, 125587 complete and 0 interrupted iterations
metadata_jwks   [  35% ] 00/16 VUs  10m27.9s/30m0s  200.00 iters/s

running (10m28.9s), 00/16 VUs, 125787 complete and 0 interrupted iterations
metadata_jwks   [  35% ] 00/16 VUs  10m28.9s/30m0s  200.00 iters/s

running (10m29.9s), 00/16 VUs, 125987 complete and 0 interrupted iterations
metadata_jwks   [  35% ] 00/16 VUs  10m29.9s/30m0s  200.00 iters/s

running (10m30.9s), 00/16 VUs, 126187 complete and 0 interrupted iterations
metadata_jwks   [  35% ] 00/16 VUs  10m30.9s/30m0s  200.00 iters/s

running (10m31.9s), 00/16 VUs, 126387 complete and 0 interrupted iterations
metadata_jwks   [  35% ] 00/16 VUs  10m31.9s/30m0s  200.00 iters/s

running (10m32.9s), 00/16 VUs, 126587 complete and 0 interrupted iterations
metadata_jwks   [  35% ] 00/16 VUs  10m32.9s/30m0s  200.00 iters/s

running (10m33.9s), 00/16 VUs, 126787 complete and 0 interrupted iterations
metadata_jwks   [  35% ] 00/16 VUs  10m33.9s/30m0s  200.00 iters/s

running (10m34.9s), 00/16 VUs, 126987 complete and 0 interrupted iterations
metadata_jwks   [  35% ] 00/16 VUs  10m34.9s/30m0s  200.00 iters/s

running (10m35.9s), 00/16 VUs, 127187 complete and 0 interrupted iterations
metadata_jwks   [  35% ] 00/16 VUs  10m35.9s/30m0s  200.00 iters/s

running (10m36.9s), 00/16 VUs, 127387 complete and 0 interrupted iterations
metadata_jwks   [  35% ] 00/16 VUs  10m36.9s/30m0s  200.00 iters/s

running (10m37.9s), 00/16 VUs, 127587 complete and 0 interrupted iterations
metadata_jwks   [  35% ] 00/16 VUs  10m37.9s/30m0s  200.00 iters/s

running (10m38.9s), 00/16 VUs, 127787 complete and 0 interrupted iterations
metadata_jwks   [  35% ] 00/16 VUs  10m38.9s/30m0s  200.00 iters/s

running (10m39.9s), 00/16 VUs, 127987 complete and 0 interrupted iterations
metadata_jwks   [  36% ] 00/16 VUs  10m39.9s/30m0s  200.00 iters/s

running (10m40.9s), 00/16 VUs, 128187 complete and 0 interrupted iterations
metadata_jwks   [  36% ] 00/16 VUs  10m40.9s/30m0s  200.00 iters/s

running (10m41.9s), 00/16 VUs, 128387 complete and 0 interrupted iterations
metadata_jwks   [  36% ] 00/16 VUs  10m41.9s/30m0s  200.00 iters/s

running (10m42.9s), 00/16 VUs, 128587 complete and 0 interrupted iterations
metadata_jwks   [  36% ] 00/16 VUs  10m42.9s/30m0s  200.00 iters/s

running (10m43.9s), 00/16 VUs, 128787 complete and 0 interrupted iterations
metadata_jwks   [  36% ] 00/16 VUs  10m43.9s/30m0s  200.00 iters/s

running (10m44.9s), 00/16 VUs, 128987 complete and 0 interrupted iterations
metadata_jwks   [  36% ] 00/16 VUs  10m44.9s/30m0s  200.00 iters/s

running (10m45.9s), 00/16 VUs, 129187 complete and 0 interrupted iterations
metadata_jwks   [  36% ] 00/16 VUs  10m45.9s/30m0s  200.00 iters/s

running (10m46.9s), 00/16 VUs, 129387 complete and 0 interrupted iterations
metadata_jwks   [  36% ] 00/16 VUs  10m46.9s/30m0s  200.00 iters/s

running (10m47.9s), 00/16 VUs, 129587 complete and 0 interrupted iterations
metadata_jwks   [  36% ] 00/16 VUs  10m47.9s/30m0s  200.00 iters/s

running (10m48.9s), 01/16 VUs, 129787 complete and 0 interrupted iterations
metadata_jwks   [  36% ] 01/16 VUs  10m48.9s/30m0s  200.00 iters/s

running (10m49.9s), 00/16 VUs, 129987 complete and 0 interrupted iterations
metadata_jwks   [  36% ] 00/16 VUs  10m49.9s/30m0s  200.00 iters/s

running (10m50.9s), 00/16 VUs, 130187 complete and 0 interrupted iterations
metadata_jwks   [  36% ] 00/16 VUs  10m50.9s/30m0s  200.00 iters/s

running (10m51.9s), 00/16 VUs, 130387 complete and 0 interrupted iterations
metadata_jwks   [  36% ] 00/16 VUs  10m51.9s/30m0s  200.00 iters/s

running (10m52.9s), 00/16 VUs, 130587 complete and 0 interrupted iterations
metadata_jwks   [  36% ] 00/16 VUs  10m52.9s/30m0s  200.00 iters/s

running (10m53.9s), 00/16 VUs, 130787 complete and 0 interrupted iterations
metadata_jwks   [  36% ] 00/16 VUs  10m53.9s/30m0s  200.00 iters/s

running (10m54.9s), 00/16 VUs, 130987 complete and 0 interrupted iterations
metadata_jwks   [  36% ] 00/16 VUs  10m54.9s/30m0s  200.00 iters/s

running (10m55.9s), 00/16 VUs, 131187 complete and 0 interrupted iterations
metadata_jwks   [  36% ] 00/16 VUs  10m55.9s/30m0s  200.00 iters/s

running (10m56.9s), 00/16 VUs, 131387 complete and 0 interrupted iterations
metadata_jwks   [  36% ] 00/16 VUs  10m56.9s/30m0s  200.00 iters/s

running (10m57.9s), 00/16 VUs, 131587 complete and 0 interrupted iterations
metadata_jwks   [  37% ] 00/16 VUs  10m57.9s/30m0s  200.00 iters/s

running (10m58.9s), 00/16 VUs, 131787 complete and 0 interrupted iterations
metadata_jwks   [  37% ] 00/16 VUs  10m58.9s/30m0s  200.00 iters/s

running (10m59.9s), 00/16 VUs, 131987 complete and 0 interrupted iterations
metadata_jwks   [  37% ] 00/16 VUs  10m59.9s/30m0s  200.00 iters/s

running (11m00.9s), 00/16 VUs, 132187 complete and 0 interrupted iterations
metadata_jwks   [  37% ] 00/16 VUs  11m00.9s/30m0s  200.00 iters/s

running (11m01.9s), 00/16 VUs, 132387 complete and 0 interrupted iterations
metadata_jwks   [  37% ] 00/16 VUs  11m01.9s/30m0s  200.00 iters/s

running (11m02.9s), 00/16 VUs, 132587 complete and 0 interrupted iterations
metadata_jwks   [  37% ] 00/16 VUs  11m02.9s/30m0s  200.00 iters/s

running (11m03.9s), 00/16 VUs, 132787 complete and 0 interrupted iterations
metadata_jwks   [  37% ] 00/16 VUs  11m03.9s/30m0s  200.00 iters/s

running (11m04.9s), 00/16 VUs, 132987 complete and 0 interrupted iterations
metadata_jwks   [  37% ] 00/16 VUs  11m04.9s/30m0s  200.00 iters/s

running (11m05.9s), 00/16 VUs, 133187 complete and 0 interrupted iterations
metadata_jwks   [  37% ] 00/16 VUs  11m05.9s/30m0s  200.00 iters/s

running (11m06.9s), 00/16 VUs, 133387 complete and 0 interrupted iterations
metadata_jwks   [  37% ] 00/16 VUs  11m06.9s/30m0s  200.00 iters/s

running (11m07.9s), 00/16 VUs, 133587 complete and 0 interrupted iterations
metadata_jwks   [  37% ] 00/16 VUs  11m07.9s/30m0s  200.00 iters/s

running (11m08.9s), 00/16 VUs, 133787 complete and 0 interrupted iterations
metadata_jwks   [  37% ] 00/16 VUs  11m08.9s/30m0s  200.00 iters/s

running (11m09.9s), 00/16 VUs, 133987 complete and 0 interrupted iterations
metadata_jwks   [  37% ] 00/16 VUs  11m09.9s/30m0s  200.00 iters/s

running (11m10.9s), 00/16 VUs, 134187 complete and 0 interrupted iterations
metadata_jwks   [  37% ] 00/16 VUs  11m10.9s/30m0s  200.00 iters/s

running (11m11.9s), 00/16 VUs, 134387 complete and 0 interrupted iterations
metadata_jwks   [  37% ] 00/16 VUs  11m11.9s/30m0s  200.00 iters/s

running (11m12.9s), 00/16 VUs, 134587 complete and 0 interrupted iterations
metadata_jwks   [  37% ] 00/16 VUs  11m12.9s/30m0s  200.00 iters/s

running (11m13.9s), 00/16 VUs, 134787 complete and 0 interrupted iterations
metadata_jwks   [  37% ] 00/16 VUs  11m13.9s/30m0s  200.00 iters/s

running (11m14.9s), 00/16 VUs, 134987 complete and 0 interrupted iterations
metadata_jwks   [  37% ] 00/16 VUs  11m14.9s/30m0s  200.00 iters/s

running (11m15.9s), 00/16 VUs, 135187 complete and 0 interrupted iterations
metadata_jwks   [  38% ] 00/16 VUs  11m15.9s/30m0s  200.00 iters/s

running (11m16.9s), 00/16 VUs, 135387 complete and 0 interrupted iterations
metadata_jwks   [  38% ] 00/16 VUs  11m16.9s/30m0s  200.00 iters/s

running (11m17.9s), 00/16 VUs, 135587 complete and 0 interrupted iterations
metadata_jwks   [  38% ] 00/16 VUs  11m17.9s/30m0s  200.00 iters/s

running (11m18.9s), 00/16 VUs, 135787 complete and 0 interrupted iterations
metadata_jwks   [  38% ] 00/16 VUs  11m18.9s/30m0s  200.00 iters/s

running (11m19.9s), 00/16 VUs, 135987 complete and 0 interrupted iterations
metadata_jwks   [  38% ] 00/16 VUs  11m19.9s/30m0s  200.00 iters/s

running (11m20.9s), 00/16 VUs, 136187 complete and 0 interrupted iterations
metadata_jwks   [  38% ] 00/16 VUs  11m20.9s/30m0s  200.00 iters/s

running (11m21.9s), 00/16 VUs, 136387 complete and 0 interrupted iterations
metadata_jwks   [  38% ] 00/16 VUs  11m21.9s/30m0s  200.00 iters/s

running (11m22.9s), 00/16 VUs, 136587 complete and 0 interrupted iterations
metadata_jwks   [  38% ] 00/16 VUs  11m22.9s/30m0s  200.00 iters/s

running (11m23.9s), 00/16 VUs, 136787 complete and 0 interrupted iterations
metadata_jwks   [  38% ] 00/16 VUs  11m23.9s/30m0s  200.00 iters/s

running (11m24.9s), 00/16 VUs, 136987 complete and 0 interrupted iterations
metadata_jwks   [  38% ] 00/16 VUs  11m24.9s/30m0s  200.00 iters/s

running (11m25.9s), 00/16 VUs, 137187 complete and 0 interrupted iterations
metadata_jwks   [  38% ] 00/16 VUs  11m25.9s/30m0s  200.00 iters/s

running (11m26.9s), 00/16 VUs, 137387 complete and 0 interrupted iterations
metadata_jwks   [  38% ] 00/16 VUs  11m26.9s/30m0s  200.00 iters/s

running (11m27.9s), 00/16 VUs, 137587 complete and 0 interrupted iterations
metadata_jwks   [  38% ] 00/16 VUs  11m27.9s/30m0s  200.00 iters/s

running (11m28.9s), 00/16 VUs, 137787 complete and 0 interrupted iterations
metadata_jwks   [  38% ] 00/16 VUs  11m28.9s/30m0s  200.00 iters/s

running (11m29.9s), 00/16 VUs, 137987 complete and 0 interrupted iterations
metadata_jwks   [  38% ] 00/16 VUs  11m29.9s/30m0s  200.00 iters/s

running (11m30.9s), 00/16 VUs, 138187 complete and 0 interrupted iterations
metadata_jwks   [  38% ] 00/16 VUs  11m30.9s/30m0s  200.00 iters/s

running (11m31.9s), 00/16 VUs, 138387 complete and 0 interrupted iterations
metadata_jwks   [  38% ] 00/16 VUs  11m31.9s/30m0s  200.00 iters/s

running (11m32.9s), 00/16 VUs, 138587 complete and 0 interrupted iterations
metadata_jwks   [  38% ] 00/16 VUs  11m32.9s/30m0s  200.00 iters/s

running (11m33.9s), 00/16 VUs, 138787 complete and 0 interrupted iterations
metadata_jwks   [  39% ] 00/16 VUs  11m33.9s/30m0s  200.00 iters/s

running (11m34.9s), 00/16 VUs, 138987 complete and 0 interrupted iterations
metadata_jwks   [  39% ] 00/16 VUs  11m34.9s/30m0s  200.00 iters/s

running (11m35.9s), 00/16 VUs, 139187 complete and 0 interrupted iterations
metadata_jwks   [  39% ] 00/16 VUs  11m35.9s/30m0s  200.00 iters/s

running (11m36.9s), 00/16 VUs, 139387 complete and 0 interrupted iterations
metadata_jwks   [  39% ] 00/16 VUs  11m36.9s/30m0s  200.00 iters/s

running (11m37.9s), 00/16 VUs, 139587 complete and 0 interrupted iterations
metadata_jwks   [  39% ] 00/16 VUs  11m37.9s/30m0s  200.00 iters/s

running (11m38.9s), 00/16 VUs, 139787 complete and 0 interrupted iterations
metadata_jwks   [  39% ] 00/16 VUs  11m38.9s/30m0s  200.00 iters/s

running (11m39.9s), 00/16 VUs, 139987 complete and 0 interrupted iterations
metadata_jwks   [  39% ] 00/16 VUs  11m39.9s/30m0s  200.00 iters/s

running (11m40.9s), 00/16 VUs, 140187 complete and 0 interrupted iterations
metadata_jwks   [  39% ] 00/16 VUs  11m40.9s/30m0s  200.00 iters/s

running (11m41.9s), 00/16 VUs, 140387 complete and 0 interrupted iterations
metadata_jwks   [  39% ] 00/16 VUs  11m41.9s/30m0s  200.00 iters/s

running (11m42.9s), 00/16 VUs, 140587 complete and 0 interrupted iterations
metadata_jwks   [  39% ] 00/16 VUs  11m42.9s/30m0s  200.00 iters/s

running (11m43.9s), 00/16 VUs, 140787 complete and 0 interrupted iterations
metadata_jwks   [  39% ] 00/16 VUs  11m43.9s/30m0s  200.00 iters/s

running (11m44.9s), 00/16 VUs, 140987 complete and 0 interrupted iterations
metadata_jwks   [  39% ] 00/16 VUs  11m44.9s/30m0s  200.00 iters/s

running (11m45.9s), 00/16 VUs, 141187 complete and 0 interrupted iterations
metadata_jwks   [  39% ] 00/16 VUs  11m45.9s/30m0s  200.00 iters/s

running (11m46.9s), 00/16 VUs, 141387 complete and 0 interrupted iterations
metadata_jwks   [  39% ] 00/16 VUs  11m46.9s/30m0s  200.00 iters/s

running (11m47.9s), 00/16 VUs, 141587 complete and 0 interrupted iterations
metadata_jwks   [  39% ] 00/16 VUs  11m47.9s/30m0s  200.00 iters/s

running (11m48.9s), 00/16 VUs, 141787 complete and 0 interrupted iterations
metadata_jwks   [  39% ] 00/16 VUs  11m48.9s/30m0s  200.00 iters/s

running (11m49.9s), 00/16 VUs, 141987 complete and 0 interrupted iterations
metadata_jwks   [  39% ] 00/16 VUs  11m49.9s/30m0s  200.00 iters/s

running (11m50.9s), 00/16 VUs, 142187 complete and 0 interrupted iterations
metadata_jwks   [  39% ] 00/16 VUs  11m50.9s/30m0s  200.00 iters/s

running (11m51.9s), 00/16 VUs, 142387 complete and 0 interrupted iterations
metadata_jwks   [  40% ] 00/16 VUs  11m51.9s/30m0s  200.00 iters/s

running (11m52.9s), 00/16 VUs, 142587 complete and 0 interrupted iterations
metadata_jwks   [  40% ] 00/16 VUs  11m52.9s/30m0s  200.00 iters/s

running (11m53.9s), 00/16 VUs, 142787 complete and 0 interrupted iterations
metadata_jwks   [  40% ] 00/16 VUs  11m53.9s/30m0s  200.00 iters/s

running (11m54.9s), 00/16 VUs, 142987 complete and 0 interrupted iterations
metadata_jwks   [  40% ] 00/16 VUs  11m54.9s/30m0s  200.00 iters/s

running (11m55.9s), 00/16 VUs, 143187 complete and 0 interrupted iterations
metadata_jwks   [  40% ] 00/16 VUs  11m55.9s/30m0s  200.00 iters/s

running (11m56.9s), 00/16 VUs, 143387 complete and 0 interrupted iterations
metadata_jwks   [  40% ] 00/16 VUs  11m56.9s/30m0s  200.00 iters/s

running (11m57.9s), 00/16 VUs, 143587 complete and 0 interrupted iterations
metadata_jwks   [  40% ] 00/16 VUs  11m57.9s/30m0s  200.00 iters/s

running (11m58.9s), 00/16 VUs, 143787 complete and 0 interrupted iterations
metadata_jwks   [  40% ] 00/16 VUs  11m58.9s/30m0s  200.00 iters/s

running (11m59.9s), 00/16 VUs, 143987 complete and 0 interrupted iterations
metadata_jwks   [  40% ] 00/16 VUs  11m59.9s/30m0s  200.00 iters/s

running (12m00.9s), 00/16 VUs, 144187 complete and 0 interrupted iterations
metadata_jwks   [  40% ] 00/16 VUs  12m00.9s/30m0s  200.00 iters/s

running (12m01.9s), 00/16 VUs, 144387 complete and 0 interrupted iterations
metadata_jwks   [  40% ] 00/16 VUs  12m01.9s/30m0s  200.00 iters/s

running (12m02.9s), 00/16 VUs, 144587 complete and 0 interrupted iterations
metadata_jwks   [  40% ] 00/16 VUs  12m02.9s/30m0s  200.00 iters/s

running (12m03.9s), 00/16 VUs, 144787 complete and 0 interrupted iterations
metadata_jwks   [  40% ] 00/16 VUs  12m03.9s/30m0s  200.00 iters/s

running (12m04.9s), 00/16 VUs, 144987 complete and 0 interrupted iterations
metadata_jwks   [  40% ] 00/16 VUs  12m04.9s/30m0s  200.00 iters/s

running (12m05.9s), 00/16 VUs, 145187 complete and 0 interrupted iterations
metadata_jwks   [  40% ] 00/16 VUs  12m05.9s/30m0s  200.00 iters/s

running (12m06.9s), 00/16 VUs, 145387 complete and 0 interrupted iterations
metadata_jwks   [  40% ] 00/16 VUs  12m06.9s/30m0s  200.00 iters/s

running (12m07.9s), 00/16 VUs, 145587 complete and 0 interrupted iterations
metadata_jwks   [  40% ] 00/16 VUs  12m07.9s/30m0s  200.00 iters/s

running (12m08.9s), 00/16 VUs, 145787 complete and 0 interrupted iterations
metadata_jwks   [  40% ] 00/16 VUs  12m08.9s/30m0s  200.00 iters/s

running (12m09.9s), 00/16 VUs, 145987 complete and 0 interrupted iterations
metadata_jwks   [  41% ] 00/16 VUs  12m09.9s/30m0s  200.00 iters/s

running (12m10.9s), 00/16 VUs, 146187 complete and 0 interrupted iterations
metadata_jwks   [  41% ] 00/16 VUs  12m10.9s/30m0s  200.00 iters/s

running (12m11.9s), 00/16 VUs, 146387 complete and 0 interrupted iterations
metadata_jwks   [  41% ] 00/16 VUs  12m11.9s/30m0s  200.00 iters/s

running (12m12.9s), 00/16 VUs, 146587 complete and 0 interrupted iterations
metadata_jwks   [  41% ] 00/16 VUs  12m12.9s/30m0s  200.00 iters/s

running (12m13.9s), 00/16 VUs, 146787 complete and 0 interrupted iterations
metadata_jwks   [  41% ] 00/16 VUs  12m13.9s/30m0s  200.00 iters/s

running (12m14.9s), 00/16 VUs, 146987 complete and 0 interrupted iterations
metadata_jwks   [  41% ] 00/16 VUs  12m14.9s/30m0s  200.00 iters/s

running (12m15.9s), 00/16 VUs, 147187 complete and 0 interrupted iterations
metadata_jwks   [  41% ] 00/16 VUs  12m15.9s/30m0s  200.00 iters/s

running (12m16.9s), 00/16 VUs, 147387 complete and 0 interrupted iterations
metadata_jwks   [  41% ] 00/16 VUs  12m16.9s/30m0s  200.00 iters/s

running (12m17.9s), 00/16 VUs, 147587 complete and 0 interrupted iterations
metadata_jwks   [  41% ] 00/16 VUs  12m17.9s/30m0s  200.00 iters/s

running (12m18.9s), 00/16 VUs, 147787 complete and 0 interrupted iterations
metadata_jwks   [  41% ] 00/16 VUs  12m18.9s/30m0s  200.00 iters/s

running (12m19.9s), 00/16 VUs, 147987 complete and 0 interrupted iterations
metadata_jwks   [  41% ] 00/16 VUs  12m19.9s/30m0s  200.00 iters/s

running (12m20.9s), 00/16 VUs, 148187 complete and 0 interrupted iterations
metadata_jwks   [  41% ] 00/16 VUs  12m20.9s/30m0s  200.00 iters/s

running (12m21.9s), 00/16 VUs, 148387 complete and 0 interrupted iterations
metadata_jwks   [  41% ] 00/16 VUs  12m21.9s/30m0s  200.00 iters/s

running (12m22.9s), 00/16 VUs, 148587 complete and 0 interrupted iterations
metadata_jwks   [  41% ] 00/16 VUs  12m22.9s/30m0s  200.00 iters/s

running (12m23.9s), 00/16 VUs, 148787 complete and 0 interrupted iterations
metadata_jwks   [  41% ] 00/16 VUs  12m23.9s/30m0s  200.00 iters/s

running (12m24.9s), 00/16 VUs, 148987 complete and 0 interrupted iterations
metadata_jwks   [  41% ] 00/16 VUs  12m24.9s/30m0s  200.00 iters/s

running (12m25.9s), 00/16 VUs, 149187 complete and 0 interrupted iterations
metadata_jwks   [  41% ] 00/16 VUs  12m25.9s/30m0s  200.00 iters/s

running (12m26.9s), 00/16 VUs, 149387 complete and 0 interrupted iterations
metadata_jwks   [  41% ] 00/16 VUs  12m26.9s/30m0s  200.00 iters/s

running (12m27.9s), 00/16 VUs, 149587 complete and 0 interrupted iterations
metadata_jwks   [  42% ] 00/16 VUs  12m27.9s/30m0s  200.00 iters/s

running (12m28.9s), 00/16 VUs, 149787 complete and 0 interrupted iterations
metadata_jwks   [  42% ] 00/16 VUs  12m28.9s/30m0s  200.00 iters/s

running (12m29.9s), 00/16 VUs, 149987 complete and 0 interrupted iterations
metadata_jwks   [  42% ] 00/16 VUs  12m29.9s/30m0s  200.00 iters/s

running (12m30.9s), 00/16 VUs, 150187 complete and 0 interrupted iterations
metadata_jwks   [  42% ] 00/16 VUs  12m30.9s/30m0s  200.00 iters/s

running (12m31.9s), 00/16 VUs, 150387 complete and 0 interrupted iterations
metadata_jwks   [  42% ] 00/16 VUs  12m31.9s/30m0s  200.00 iters/s

running (12m32.9s), 00/16 VUs, 150587 complete and 0 interrupted iterations
metadata_jwks   [  42% ] 00/16 VUs  12m32.9s/30m0s  200.00 iters/s

running (12m33.9s), 00/16 VUs, 150787 complete and 0 interrupted iterations
metadata_jwks   [  42% ] 00/16 VUs  12m33.9s/30m0s  200.00 iters/s

running (12m34.9s), 00/16 VUs, 150987 complete and 0 interrupted iterations
metadata_jwks   [  42% ] 00/16 VUs  12m34.9s/30m0s  200.00 iters/s

running (12m35.9s), 00/16 VUs, 151187 complete and 0 interrupted iterations
metadata_jwks   [  42% ] 00/16 VUs  12m35.9s/30m0s  200.00 iters/s

running (12m36.9s), 00/16 VUs, 151387 complete and 0 interrupted iterations
metadata_jwks   [  42% ] 00/16 VUs  12m36.9s/30m0s  200.00 iters/s

running (12m37.9s), 00/16 VUs, 151587 complete and 0 interrupted iterations
metadata_jwks   [  42% ] 00/16 VUs  12m37.9s/30m0s  200.00 iters/s

running (12m38.9s), 00/16 VUs, 151787 complete and 0 interrupted iterations
metadata_jwks   [  42% ] 00/16 VUs  12m38.9s/30m0s  200.00 iters/s

running (12m39.9s), 00/16 VUs, 151987 complete and 0 interrupted iterations
metadata_jwks   [  42% ] 00/16 VUs  12m39.9s/30m0s  200.00 iters/s

running (12m40.9s), 00/16 VUs, 152187 complete and 0 interrupted iterations
metadata_jwks   [  42% ] 00/16 VUs  12m40.9s/30m0s  200.00 iters/s

running (12m41.9s), 00/16 VUs, 152387 complete and 0 interrupted iterations
metadata_jwks   [  42% ] 00/16 VUs  12m41.9s/30m0s  200.00 iters/s

running (12m42.9s), 00/16 VUs, 152587 complete and 0 interrupted iterations
metadata_jwks   [  42% ] 00/16 VUs  12m42.9s/30m0s  200.00 iters/s

running (12m43.9s), 00/16 VUs, 152787 complete and 0 interrupted iterations
metadata_jwks   [  42% ] 00/16 VUs  12m43.9s/30m0s  200.00 iters/s

running (12m44.9s), 00/16 VUs, 152987 complete and 0 interrupted iterations
metadata_jwks   [  42% ] 00/16 VUs  12m44.9s/30m0s  200.00 iters/s

running (12m45.9s), 00/16 VUs, 153187 complete and 0 interrupted iterations
metadata_jwks   [  43% ] 00/16 VUs  12m45.9s/30m0s  200.00 iters/s

running (12m46.9s), 00/16 VUs, 153387 complete and 0 interrupted iterations
metadata_jwks   [  43% ] 00/16 VUs  12m46.9s/30m0s  200.00 iters/s

running (12m47.9s), 00/16 VUs, 153587 complete and 0 interrupted iterations
metadata_jwks   [  43% ] 00/16 VUs  12m47.9s/30m0s  200.00 iters/s

running (12m48.9s), 00/16 VUs, 153787 complete and 0 interrupted iterations
metadata_jwks   [  43% ] 00/16 VUs  12m48.9s/30m0s  200.00 iters/s

running (12m49.9s), 00/16 VUs, 153987 complete and 0 interrupted iterations
metadata_jwks   [  43% ] 00/16 VUs  12m49.9s/30m0s  200.00 iters/s

running (12m50.9s), 00/16 VUs, 154187 complete and 0 interrupted iterations
metadata_jwks   [  43% ] 00/16 VUs  12m50.9s/30m0s  200.00 iters/s

running (12m51.9s), 00/16 VUs, 154387 complete and 0 interrupted iterations
metadata_jwks   [  43% ] 00/16 VUs  12m51.9s/30m0s  200.00 iters/s

running (12m52.9s), 00/16 VUs, 154587 complete and 0 interrupted iterations
metadata_jwks   [  43% ] 00/16 VUs  12m52.9s/30m0s  200.00 iters/s

running (12m53.9s), 00/16 VUs, 154787 complete and 0 interrupted iterations
metadata_jwks   [  43% ] 00/16 VUs  12m53.9s/30m0s  200.00 iters/s

running (12m54.9s), 00/16 VUs, 154987 complete and 0 interrupted iterations
metadata_jwks   [  43% ] 00/16 VUs  12m54.9s/30m0s  200.00 iters/s

running (12m55.9s), 00/16 VUs, 155187 complete and 0 interrupted iterations
metadata_jwks   [  43% ] 00/16 VUs  12m55.9s/30m0s  200.00 iters/s

running (12m56.9s), 00/16 VUs, 155387 complete and 0 interrupted iterations
metadata_jwks   [  43% ] 00/16 VUs  12m56.9s/30m0s  200.00 iters/s

running (12m57.9s), 00/16 VUs, 155587 complete and 0 interrupted iterations
metadata_jwks   [  43% ] 00/16 VUs  12m57.9s/30m0s  200.00 iters/s

running (12m58.9s), 00/16 VUs, 155787 complete and 0 interrupted iterations
metadata_jwks   [  43% ] 00/16 VUs  12m58.9s/30m0s  200.00 iters/s

running (12m59.9s), 00/16 VUs, 155987 complete and 0 interrupted iterations
metadata_jwks   [  43% ] 00/16 VUs  12m59.9s/30m0s  200.00 iters/s

running (13m00.9s), 00/16 VUs, 156187 complete and 0 interrupted iterations
metadata_jwks   [  43% ] 00/16 VUs  13m00.9s/30m0s  200.00 iters/s

running (13m01.9s), 00/16 VUs, 156387 complete and 0 interrupted iterations
metadata_jwks   [  43% ] 00/16 VUs  13m01.9s/30m0s  200.00 iters/s

running (13m02.9s), 00/16 VUs, 156587 complete and 0 interrupted iterations
metadata_jwks   [  43% ] 00/16 VUs  13m02.9s/30m0s  200.00 iters/s

running (13m03.9s), 00/16 VUs, 156787 complete and 0 interrupted iterations
metadata_jwks   [  44% ] 00/16 VUs  13m03.9s/30m0s  200.00 iters/s

running (13m04.9s), 00/16 VUs, 156987 complete and 0 interrupted iterations
metadata_jwks   [  44% ] 00/16 VUs  13m04.9s/30m0s  200.00 iters/s

running (13m05.9s), 00/16 VUs, 157187 complete and 0 interrupted iterations
metadata_jwks   [  44% ] 00/16 VUs  13m05.9s/30m0s  200.00 iters/s

running (13m06.9s), 00/16 VUs, 157387 complete and 0 interrupted iterations
metadata_jwks   [  44% ] 00/16 VUs  13m06.9s/30m0s  200.00 iters/s

running (13m07.9s), 00/16 VUs, 157587 complete and 0 interrupted iterations
metadata_jwks   [  44% ] 00/16 VUs  13m07.9s/30m0s  200.00 iters/s

running (13m08.9s), 00/16 VUs, 157787 complete and 0 interrupted iterations
metadata_jwks   [  44% ] 00/16 VUs  13m08.9s/30m0s  200.00 iters/s

running (13m09.9s), 00/16 VUs, 157987 complete and 0 interrupted iterations
metadata_jwks   [  44% ] 00/16 VUs  13m09.9s/30m0s  200.00 iters/s

running (13m10.9s), 00/16 VUs, 158187 complete and 0 interrupted iterations
metadata_jwks   [  44% ] 00/16 VUs  13m10.9s/30m0s  200.00 iters/s

running (13m11.9s), 00/16 VUs, 158387 complete and 0 interrupted iterations
metadata_jwks   [  44% ] 00/16 VUs  13m11.9s/30m0s  200.00 iters/s

running (13m12.9s), 00/16 VUs, 158587 complete and 0 interrupted iterations
metadata_jwks   [  44% ] 00/16 VUs  13m12.9s/30m0s  200.00 iters/s

running (13m13.9s), 00/16 VUs, 158787 complete and 0 interrupted iterations
metadata_jwks   [  44% ] 00/16 VUs  13m13.9s/30m0s  200.00 iters/s

running (13m14.9s), 00/16 VUs, 158987 complete and 0 interrupted iterations
metadata_jwks   [  44% ] 00/16 VUs  13m14.9s/30m0s  200.00 iters/s

running (13m15.9s), 00/16 VUs, 159187 complete and 0 interrupted iterations
metadata_jwks   [  44% ] 00/16 VUs  13m15.9s/30m0s  200.00 iters/s

running (13m16.9s), 00/16 VUs, 159387 complete and 0 interrupted iterations
metadata_jwks   [  44% ] 00/16 VUs  13m16.9s/30m0s  200.00 iters/s

running (13m17.9s), 00/16 VUs, 159587 complete and 0 interrupted iterations
metadata_jwks   [  44% ] 00/16 VUs  13m17.9s/30m0s  200.00 iters/s

running (13m18.9s), 00/16 VUs, 159787 complete and 0 interrupted iterations
metadata_jwks   [  44% ] 00/16 VUs  13m18.9s/30m0s  200.00 iters/s

running (13m19.9s), 00/16 VUs, 159987 complete and 0 interrupted iterations
metadata_jwks   [  44% ] 00/16 VUs  13m19.9s/30m0s  200.00 iters/s

running (13m20.9s), 00/16 VUs, 160187 complete and 0 interrupted iterations
metadata_jwks   [  44% ] 00/16 VUs  13m20.9s/30m0s  200.00 iters/s

running (13m21.9s), 00/16 VUs, 160387 complete and 0 interrupted iterations
metadata_jwks   [  45% ] 00/16 VUs  13m21.9s/30m0s  200.00 iters/s

running (13m22.9s), 00/16 VUs, 160587 complete and 0 interrupted iterations
metadata_jwks   [  45% ] 00/16 VUs  13m22.9s/30m0s  200.00 iters/s

running (13m23.9s), 00/16 VUs, 160787 complete and 0 interrupted iterations
metadata_jwks   [  45% ] 00/16 VUs  13m23.9s/30m0s  200.00 iters/s

running (13m24.9s), 00/16 VUs, 160987 complete and 0 interrupted iterations
metadata_jwks   [  45% ] 00/16 VUs  13m24.9s/30m0s  200.00 iters/s

running (13m25.9s), 00/16 VUs, 161187 complete and 0 interrupted iterations
metadata_jwks   [  45% ] 00/16 VUs  13m25.9s/30m0s  200.00 iters/s

running (13m26.9s), 00/16 VUs, 161387 complete and 0 interrupted iterations
metadata_jwks   [  45% ] 00/16 VUs  13m26.9s/30m0s  200.00 iters/s

running (13m27.9s), 00/16 VUs, 161587 complete and 0 interrupted iterations
metadata_jwks   [  45% ] 00/16 VUs  13m27.9s/30m0s  200.00 iters/s

running (13m28.9s), 00/16 VUs, 161787 complete and 0 interrupted iterations
metadata_jwks   [  45% ] 00/16 VUs  13m28.9s/30m0s  200.00 iters/s

running (13m29.9s), 00/16 VUs, 161987 complete and 0 interrupted iterations
metadata_jwks   [  45% ] 00/16 VUs  13m29.9s/30m0s  200.00 iters/s

running (13m30.9s), 00/16 VUs, 162187 complete and 0 interrupted iterations
metadata_jwks   [  45% ] 00/16 VUs  13m30.9s/30m0s  200.00 iters/s

running (13m31.9s), 00/16 VUs, 162387 complete and 0 interrupted iterations
metadata_jwks   [  45% ] 00/16 VUs  13m31.9s/30m0s  200.00 iters/s

running (13m32.9s), 00/16 VUs, 162587 complete and 0 interrupted iterations
metadata_jwks   [  45% ] 00/16 VUs  13m32.9s/30m0s  200.00 iters/s

running (13m33.9s), 00/16 VUs, 162787 complete and 0 interrupted iterations
metadata_jwks   [  45% ] 00/16 VUs  13m33.9s/30m0s  200.00 iters/s

running (13m34.9s), 00/16 VUs, 162987 complete and 0 interrupted iterations
metadata_jwks   [  45% ] 00/16 VUs  13m34.9s/30m0s  200.00 iters/s

running (13m35.9s), 00/16 VUs, 163187 complete and 0 interrupted iterations
metadata_jwks   [  45% ] 00/16 VUs  13m35.9s/30m0s  200.00 iters/s

running (13m36.9s), 00/16 VUs, 163387 complete and 0 interrupted iterations
metadata_jwks   [  45% ] 00/16 VUs  13m36.9s/30m0s  200.00 iters/s

running (13m37.9s), 00/16 VUs, 163587 complete and 0 interrupted iterations
metadata_jwks   [  45% ] 00/16 VUs  13m37.9s/30m0s  200.00 iters/s

running (13m38.9s), 00/16 VUs, 163787 complete and 0 interrupted iterations
metadata_jwks   [  45% ] 00/16 VUs  13m38.9s/30m0s  200.00 iters/s

running (13m39.9s), 00/16 VUs, 163987 complete and 0 interrupted iterations
metadata_jwks   [  46% ] 00/16 VUs  13m39.9s/30m0s  200.00 iters/s

running (13m40.9s), 00/16 VUs, 164187 complete and 0 interrupted iterations
metadata_jwks   [  46% ] 00/16 VUs  13m40.9s/30m0s  200.00 iters/s

running (13m41.9s), 00/16 VUs, 164387 complete and 0 interrupted iterations
metadata_jwks   [  46% ] 00/16 VUs  13m41.9s/30m0s  200.00 iters/s

running (13m42.9s), 00/16 VUs, 164587 complete and 0 interrupted iterations
metadata_jwks   [  46% ] 00/16 VUs  13m42.9s/30m0s  200.00 iters/s

running (13m43.9s), 00/16 VUs, 164787 complete and 0 interrupted iterations
metadata_jwks   [  46% ] 00/16 VUs  13m43.9s/30m0s  200.00 iters/s

running (13m44.9s), 00/16 VUs, 164987 complete and 0 interrupted iterations
metadata_jwks   [  46% ] 00/16 VUs  13m44.9s/30m0s  200.00 iters/s

running (13m45.9s), 00/16 VUs, 165187 complete and 0 interrupted iterations
metadata_jwks   [  46% ] 00/16 VUs  13m45.9s/30m0s  200.00 iters/s

running (13m46.9s), 00/16 VUs, 165387 complete and 0 interrupted iterations
metadata_jwks   [  46% ] 00/16 VUs  13m46.9s/30m0s  200.00 iters/s

running (13m47.9s), 00/16 VUs, 165587 complete and 0 interrupted iterations
metadata_jwks   [  46% ] 00/16 VUs  13m47.9s/30m0s  200.00 iters/s

running (13m48.9s), 00/16 VUs, 165787 complete and 0 interrupted iterations
metadata_jwks   [  46% ] 00/16 VUs  13m48.9s/30m0s  200.00 iters/s

running (13m49.9s), 00/16 VUs, 165987 complete and 0 interrupted iterations
metadata_jwks   [  46% ] 00/16 VUs  13m49.9s/30m0s  200.00 iters/s

running (13m50.9s), 00/16 VUs, 166187 complete and 0 interrupted iterations
metadata_jwks   [  46% ] 00/16 VUs  13m50.9s/30m0s  200.00 iters/s

running (13m51.9s), 00/16 VUs, 166387 complete and 0 interrupted iterations
metadata_jwks   [  46% ] 00/16 VUs  13m51.9s/30m0s  200.00 iters/s

running (13m52.9s), 00/16 VUs, 166587 complete and 0 interrupted iterations
metadata_jwks   [  46% ] 00/16 VUs  13m52.9s/30m0s  200.00 iters/s

running (13m53.9s), 00/16 VUs, 166787 complete and 0 interrupted iterations
metadata_jwks   [  46% ] 00/16 VUs  13m53.9s/30m0s  200.00 iters/s

running (13m54.9s), 00/16 VUs, 166987 complete and 0 interrupted iterations
metadata_jwks   [  46% ] 00/16 VUs  13m54.9s/30m0s  200.00 iters/s

running (13m55.9s), 00/16 VUs, 167187 complete and 0 interrupted iterations
metadata_jwks   [  46% ] 00/16 VUs  13m55.9s/30m0s  200.00 iters/s

running (13m56.9s), 00/16 VUs, 167387 complete and 0 interrupted iterations
metadata_jwks   [  46% ] 00/16 VUs  13m56.9s/30m0s  200.00 iters/s

running (13m57.9s), 00/16 VUs, 167587 complete and 0 interrupted iterations
metadata_jwks   [  47% ] 00/16 VUs  13m57.9s/30m0s  200.00 iters/s

running (13m58.9s), 00/16 VUs, 167787 complete and 0 interrupted iterations
metadata_jwks   [  47% ] 00/16 VUs  13m58.9s/30m0s  200.00 iters/s

running (13m59.9s), 00/16 VUs, 167987 complete and 0 interrupted iterations
metadata_jwks   [  47% ] 00/16 VUs  13m59.9s/30m0s  200.00 iters/s

running (14m00.9s), 00/16 VUs, 168187 complete and 0 interrupted iterations
metadata_jwks   [  47% ] 00/16 VUs  14m00.9s/30m0s  200.00 iters/s

running (14m01.9s), 00/16 VUs, 168387 complete and 0 interrupted iterations
metadata_jwks   [  47% ] 00/16 VUs  14m01.9s/30m0s  200.00 iters/s

running (14m02.9s), 00/16 VUs, 168587 complete and 0 interrupted iterations
metadata_jwks   [  47% ] 00/16 VUs  14m02.9s/30m0s  200.00 iters/s

running (14m03.9s), 00/16 VUs, 168787 complete and 0 interrupted iterations
metadata_jwks   [  47% ] 00/16 VUs  14m03.9s/30m0s  200.00 iters/s

running (14m04.9s), 00/16 VUs, 168987 complete and 0 interrupted iterations
metadata_jwks   [  47% ] 00/16 VUs  14m04.9s/30m0s  200.00 iters/s

running (14m05.9s), 00/16 VUs, 169187 complete and 0 interrupted iterations
metadata_jwks   [  47% ] 00/16 VUs  14m05.9s/30m0s  200.00 iters/s

running (14m06.9s), 00/16 VUs, 169387 complete and 0 interrupted iterations
metadata_jwks   [  47% ] 00/16 VUs  14m06.9s/30m0s  200.00 iters/s

running (14m07.9s), 00/16 VUs, 169587 complete and 0 interrupted iterations
metadata_jwks   [  47% ] 00/16 VUs  14m07.9s/30m0s  200.00 iters/s

running (14m08.9s), 00/16 VUs, 169787 complete and 0 interrupted iterations
metadata_jwks   [  47% ] 00/16 VUs  14m08.9s/30m0s  200.00 iters/s

running (14m09.9s), 00/16 VUs, 169987 complete and 0 interrupted iterations
metadata_jwks   [  47% ] 00/16 VUs  14m09.9s/30m0s  200.00 iters/s

running (14m10.9s), 00/16 VUs, 170187 complete and 0 interrupted iterations
metadata_jwks   [  47% ] 00/16 VUs  14m10.9s/30m0s  200.00 iters/s

running (14m11.9s), 00/16 VUs, 170387 complete and 0 interrupted iterations
metadata_jwks   [  47% ] 00/16 VUs  14m11.9s/30m0s  200.00 iters/s

running (14m12.9s), 00/16 VUs, 170587 complete and 0 interrupted iterations
metadata_jwks   [  47% ] 00/16 VUs  14m12.9s/30m0s  200.00 iters/s

running (14m13.9s), 00/16 VUs, 170787 complete and 0 interrupted iterations
metadata_jwks   [  47% ] 00/16 VUs  14m13.9s/30m0s  200.00 iters/s

running (14m14.9s), 00/16 VUs, 170987 complete and 0 interrupted iterations
metadata_jwks   [  47% ] 00/16 VUs  14m14.9s/30m0s  200.00 iters/s

running (14m15.9s), 00/16 VUs, 171187 complete and 0 interrupted iterations
metadata_jwks   [  48% ] 00/16 VUs  14m15.9s/30m0s  200.00 iters/s

running (14m16.9s), 00/16 VUs, 171387 complete and 0 interrupted iterations
metadata_jwks   [  48% ] 00/16 VUs  14m16.9s/30m0s  200.00 iters/s

running (14m17.9s), 00/16 VUs, 171587 complete and 0 interrupted iterations
metadata_jwks   [  48% ] 00/16 VUs  14m17.9s/30m0s  200.00 iters/s

running (14m18.9s), 00/16 VUs, 171787 complete and 0 interrupted iterations
metadata_jwks   [  48% ] 00/16 VUs  14m18.9s/30m0s  200.00 iters/s

running (14m19.9s), 00/16 VUs, 171987 complete and 0 interrupted iterations
metadata_jwks   [  48% ] 00/16 VUs  14m19.9s/30m0s  200.00 iters/s

running (14m20.9s), 00/16 VUs, 172187 complete and 0 interrupted iterations
metadata_jwks   [  48% ] 00/16 VUs  14m20.9s/30m0s  200.00 iters/s

running (14m21.9s), 00/16 VUs, 172387 complete and 0 interrupted iterations
metadata_jwks   [  48% ] 00/16 VUs  14m21.9s/30m0s  200.00 iters/s

running (14m22.9s), 00/16 VUs, 172587 complete and 0 interrupted iterations
metadata_jwks   [  48% ] 00/16 VUs  14m22.9s/30m0s  200.00 iters/s

running (14m23.9s), 00/16 VUs, 172787 complete and 0 interrupted iterations
metadata_jwks   [  48% ] 00/16 VUs  14m23.9s/30m0s  200.00 iters/s

running (14m24.9s), 00/16 VUs, 172987 complete and 0 interrupted iterations
metadata_jwks   [  48% ] 00/16 VUs  14m24.9s/30m0s  200.00 iters/s

running (14m25.9s), 00/16 VUs, 173187 complete and 0 interrupted iterations
metadata_jwks   [  48% ] 00/16 VUs  14m25.9s/30m0s  200.00 iters/s

running (14m26.9s), 00/16 VUs, 173387 complete and 0 interrupted iterations
metadata_jwks   [  48% ] 00/16 VUs  14m26.9s/30m0s  200.00 iters/s

running (14m27.9s), 00/16 VUs, 173587 complete and 0 interrupted iterations
metadata_jwks   [  48% ] 00/16 VUs  14m27.9s/30m0s  200.00 iters/s

running (14m28.9s), 00/16 VUs, 173787 complete and 0 interrupted iterations
metadata_jwks   [  48% ] 00/16 VUs  14m28.9s/30m0s  200.00 iters/s

running (14m29.9s), 00/16 VUs, 173987 complete and 0 interrupted iterations
metadata_jwks   [  48% ] 00/16 VUs  14m29.9s/30m0s  200.00 iters/s

running (14m30.9s), 00/16 VUs, 174187 complete and 0 interrupted iterations
metadata_jwks   [  48% ] 00/16 VUs  14m30.9s/30m0s  200.00 iters/s

running (14m31.9s), 00/16 VUs, 174387 complete and 0 interrupted iterations
metadata_jwks   [  48% ] 00/16 VUs  14m31.9s/30m0s  200.00 iters/s

running (14m32.9s), 00/16 VUs, 174587 complete and 0 interrupted iterations
metadata_jwks   [  48% ] 00/16 VUs  14m32.9s/30m0s  200.00 iters/s

running (14m33.9s), 00/16 VUs, 174787 complete and 0 interrupted iterations
metadata_jwks   [  49% ] 00/16 VUs  14m33.9s/30m0s  200.00 iters/s

running (14m34.9s), 00/16 VUs, 174987 complete and 0 interrupted iterations
metadata_jwks   [  49% ] 00/16 VUs  14m34.9s/30m0s  200.00 iters/s

running (14m35.9s), 00/16 VUs, 175187 complete and 0 interrupted iterations
metadata_jwks   [  49% ] 00/16 VUs  14m35.9s/30m0s  200.00 iters/s

running (14m36.9s), 00/16 VUs, 175387 complete and 0 interrupted iterations
metadata_jwks   [  49% ] 00/16 VUs  14m36.9s/30m0s  200.00 iters/s

running (14m37.9s), 00/16 VUs, 175587 complete and 0 interrupted iterations
metadata_jwks   [  49% ] 00/16 VUs  14m37.9s/30m0s  200.00 iters/s

running (14m38.9s), 00/16 VUs, 175787 complete and 0 interrupted iterations
metadata_jwks   [  49% ] 00/16 VUs  14m38.9s/30m0s  200.00 iters/s

running (14m39.9s), 00/16 VUs, 175987 complete and 0 interrupted iterations
metadata_jwks   [  49% ] 00/16 VUs  14m39.9s/30m0s  200.00 iters/s

running (14m40.9s), 00/16 VUs, 176187 complete and 0 interrupted iterations
metadata_jwks   [  49% ] 00/16 VUs  14m40.9s/30m0s  200.00 iters/s

running (14m41.9s), 00/16 VUs, 176387 complete and 0 interrupted iterations
metadata_jwks   [  49% ] 00/16 VUs  14m41.9s/30m0s  200.00 iters/s

running (14m42.9s), 00/16 VUs, 176587 complete and 0 interrupted iterations
metadata_jwks   [  49% ] 00/16 VUs  14m42.9s/30m0s  200.00 iters/s

running (14m43.9s), 00/16 VUs, 176787 complete and 0 interrupted iterations
metadata_jwks   [  49% ] 00/16 VUs  14m43.9s/30m0s  200.00 iters/s

running (14m44.9s), 00/16 VUs, 176987 complete and 0 interrupted iterations
metadata_jwks   [  49% ] 00/16 VUs  14m44.9s/30m0s  200.00 iters/s

running (14m45.9s), 00/16 VUs, 177187 complete and 0 interrupted iterations
metadata_jwks   [  49% ] 00/16 VUs  14m45.9s/30m0s  200.00 iters/s

running (14m46.9s), 00/16 VUs, 177387 complete and 0 interrupted iterations
metadata_jwks   [  49% ] 00/16 VUs  14m46.9s/30m0s  200.00 iters/s

running (14m47.9s), 00/16 VUs, 177587 complete and 0 interrupted iterations
metadata_jwks   [  49% ] 00/16 VUs  14m47.9s/30m0s  200.00 iters/s

running (14m48.9s), 00/16 VUs, 177787 complete and 0 interrupted iterations
metadata_jwks   [  49% ] 00/16 VUs  14m48.9s/30m0s  200.00 iters/s

running (14m49.9s), 00/16 VUs, 177987 complete and 0 interrupted iterations
metadata_jwks   [  49% ] 00/16 VUs  14m49.9s/30m0s  200.00 iters/s

running (14m50.9s), 00/16 VUs, 178187 complete and 0 interrupted iterations
metadata_jwks   [  49% ] 00/16 VUs  14m50.9s/30m0s  200.00 iters/s

running (14m51.9s), 00/16 VUs, 178387 complete and 0 interrupted iterations
metadata_jwks   [  50% ] 00/16 VUs  14m51.9s/30m0s  200.00 iters/s

running (14m52.9s), 00/16 VUs, 178587 complete and 0 interrupted iterations
metadata_jwks   [  50% ] 00/16 VUs  14m52.9s/30m0s  200.00 iters/s

running (14m53.9s), 00/16 VUs, 178787 complete and 0 interrupted iterations
metadata_jwks   [  50% ] 00/16 VUs  14m53.9s/30m0s  200.00 iters/s

running (14m54.9s), 00/16 VUs, 178987 complete and 0 interrupted iterations
metadata_jwks   [  50% ] 00/16 VUs  14m54.9s/30m0s  200.00 iters/s

running (14m55.9s), 00/16 VUs, 179187 complete and 0 interrupted iterations
metadata_jwks   [  50% ] 00/16 VUs  14m55.9s/30m0s  200.00 iters/s

running (14m56.9s), 00/16 VUs, 179387 complete and 0 interrupted iterations
metadata_jwks   [  50% ] 00/16 VUs  14m56.9s/30m0s  200.00 iters/s

running (14m57.9s), 00/16 VUs, 179587 complete and 0 interrupted iterations
metadata_jwks   [  50% ] 00/16 VUs  14m57.9s/30m0s  200.00 iters/s

running (14m58.9s), 00/16 VUs, 179787 complete and 0 interrupted iterations
metadata_jwks   [  50% ] 00/16 VUs  14m58.9s/30m0s  200.00 iters/s

running (14m59.9s), 00/16 VUs, 179987 complete and 0 interrupted iterations
metadata_jwks   [  50% ] 00/16 VUs  14m59.9s/30m0s  200.00 iters/s

running (15m00.9s), 00/16 VUs, 180187 complete and 0 interrupted iterations
metadata_jwks   [  50% ] 00/16 VUs  15m00.9s/30m0s  200.00 iters/s

running (15m01.9s), 00/16 VUs, 180387 complete and 0 interrupted iterations
metadata_jwks   [  50% ] 00/16 VUs  15m01.9s/30m0s  200.00 iters/s

running (15m02.9s), 00/16 VUs, 180587 complete and 0 interrupted iterations
metadata_jwks   [  50% ] 00/16 VUs  15m02.9s/30m0s  200.00 iters/s

running (15m03.9s), 00/16 VUs, 180787 complete and 0 interrupted iterations
metadata_jwks   [  50% ] 00/16 VUs  15m03.9s/30m0s  200.00 iters/s

running (15m04.9s), 00/16 VUs, 180987 complete and 0 interrupted iterations
metadata_jwks   [  50% ] 00/16 VUs  15m04.9s/30m0s  200.00 iters/s

running (15m05.9s), 00/16 VUs, 181187 complete and 0 interrupted iterations
metadata_jwks   [  50% ] 00/16 VUs  15m05.9s/30m0s  200.00 iters/s

running (15m06.9s), 00/16 VUs, 181387 complete and 0 interrupted iterations
metadata_jwks   [  50% ] 00/16 VUs  15m06.9s/30m0s  200.00 iters/s

running (15m07.9s), 00/16 VUs, 181587 complete and 0 interrupted iterations
metadata_jwks   [  50% ] 00/16 VUs  15m07.9s/30m0s  200.00 iters/s

running (15m08.9s), 00/16 VUs, 181787 complete and 0 interrupted iterations
metadata_jwks   [  50% ] 00/16 VUs  15m08.9s/30m0s  200.00 iters/s

running (15m09.9s), 00/16 VUs, 181987 complete and 0 interrupted iterations
metadata_jwks   [  51% ] 00/16 VUs  15m09.9s/30m0s  200.00 iters/s

running (15m10.9s), 00/16 VUs, 182187 complete and 0 interrupted iterations
metadata_jwks   [  51% ] 00/16 VUs  15m10.9s/30m0s  200.00 iters/s

running (15m11.9s), 00/16 VUs, 182387 complete and 0 interrupted iterations
metadata_jwks   [  51% ] 00/16 VUs  15m11.9s/30m0s  200.00 iters/s

running (15m12.9s), 00/16 VUs, 182587 complete and 0 interrupted iterations
metadata_jwks   [  51% ] 00/16 VUs  15m12.9s/30m0s  200.00 iters/s

running (15m13.9s), 00/16 VUs, 182787 complete and 0 interrupted iterations
metadata_jwks   [  51% ] 00/16 VUs  15m13.9s/30m0s  200.00 iters/s

running (15m14.9s), 00/16 VUs, 182987 complete and 0 interrupted iterations
metadata_jwks   [  51% ] 00/16 VUs  15m14.9s/30m0s  200.00 iters/s

running (15m15.9s), 00/16 VUs, 183187 complete and 0 interrupted iterations
metadata_jwks   [  51% ] 00/16 VUs  15m15.9s/30m0s  200.00 iters/s

running (15m16.9s), 00/16 VUs, 183387 complete and 0 interrupted iterations
metadata_jwks   [  51% ] 00/16 VUs  15m16.9s/30m0s  200.00 iters/s

running (15m17.9s), 00/16 VUs, 183587 complete and 0 interrupted iterations
metadata_jwks   [  51% ] 00/16 VUs  15m17.9s/30m0s  200.00 iters/s

running (15m18.9s), 00/16 VUs, 183787 complete and 0 interrupted iterations
metadata_jwks   [  51% ] 00/16 VUs  15m18.9s/30m0s  200.00 iters/s

running (15m19.9s), 00/16 VUs, 183987 complete and 0 interrupted iterations
metadata_jwks   [  51% ] 00/16 VUs  15m19.9s/30m0s  200.00 iters/s

running (15m20.9s), 00/16 VUs, 184187 complete and 0 interrupted iterations
metadata_jwks   [  51% ] 00/16 VUs  15m20.9s/30m0s  200.00 iters/s

running (15m21.9s), 00/16 VUs, 184387 complete and 0 interrupted iterations
metadata_jwks   [  51% ] 00/16 VUs  15m21.9s/30m0s  200.00 iters/s

running (15m22.9s), 00/16 VUs, 184587 complete and 0 interrupted iterations
metadata_jwks   [  51% ] 00/16 VUs  15m22.9s/30m0s  200.00 iters/s

running (15m23.9s), 00/16 VUs, 184787 complete and 0 interrupted iterations
metadata_jwks   [  51% ] 00/16 VUs  15m23.9s/30m0s  200.00 iters/s

running (15m24.9s), 00/16 VUs, 184987 complete and 0 interrupted iterations
metadata_jwks   [  51% ] 00/16 VUs  15m24.9s/30m0s  200.00 iters/s

running (15m25.9s), 00/16 VUs, 185187 complete and 0 interrupted iterations
metadata_jwks   [  51% ] 00/16 VUs  15m25.9s/30m0s  200.00 iters/s

running (15m26.9s), 00/16 VUs, 185387 complete and 0 interrupted iterations
metadata_jwks   [  51% ] 00/16 VUs  15m26.9s/30m0s  200.00 iters/s

running (15m27.9s), 00/16 VUs, 185587 complete and 0 interrupted iterations
metadata_jwks   [  52% ] 00/16 VUs  15m27.9s/30m0s  200.00 iters/s

running (15m28.9s), 00/16 VUs, 185787 complete and 0 interrupted iterations
metadata_jwks   [  52% ] 00/16 VUs  15m28.9s/30m0s  200.00 iters/s

running (15m29.9s), 00/16 VUs, 185987 complete and 0 interrupted iterations
metadata_jwks   [  52% ] 00/16 VUs  15m29.9s/30m0s  200.00 iters/s

running (15m30.9s), 00/16 VUs, 186187 complete and 0 interrupted iterations
metadata_jwks   [  52% ] 00/16 VUs  15m30.9s/30m0s  200.00 iters/s

running (15m31.9s), 00/16 VUs, 186387 complete and 0 interrupted iterations
metadata_jwks   [  52% ] 00/16 VUs  15m31.9s/30m0s  200.00 iters/s

running (15m32.9s), 00/16 VUs, 186587 complete and 0 interrupted iterations
metadata_jwks   [  52% ] 00/16 VUs  15m32.9s/30m0s  200.00 iters/s

running (15m33.9s), 00/16 VUs, 186787 complete and 0 interrupted iterations
metadata_jwks   [  52% ] 00/16 VUs  15m33.9s/30m0s  200.00 iters/s

running (15m34.9s), 00/16 VUs, 186987 complete and 0 interrupted iterations
metadata_jwks   [  52% ] 00/16 VUs  15m34.9s/30m0s  200.00 iters/s

running (15m35.9s), 00/16 VUs, 187187 complete and 0 interrupted iterations
metadata_jwks   [  52% ] 00/16 VUs  15m35.9s/30m0s  200.00 iters/s

running (15m36.9s), 00/16 VUs, 187387 complete and 0 interrupted iterations
metadata_jwks   [  52% ] 00/16 VUs  15m36.9s/30m0s  200.00 iters/s

running (15m37.9s), 00/16 VUs, 187587 complete and 0 interrupted iterations
metadata_jwks   [  52% ] 00/16 VUs  15m37.9s/30m0s  200.00 iters/s

running (15m38.9s), 00/16 VUs, 187787 complete and 0 interrupted iterations
metadata_jwks   [  52% ] 00/16 VUs  15m38.9s/30m0s  200.00 iters/s

running (15m39.9s), 00/16 VUs, 187987 complete and 0 interrupted iterations
metadata_jwks   [  52% ] 00/16 VUs  15m39.9s/30m0s  200.00 iters/s

running (15m40.9s), 00/16 VUs, 188187 complete and 0 interrupted iterations
metadata_jwks   [  52% ] 00/16 VUs  15m40.9s/30m0s  200.00 iters/s

running (15m41.9s), 00/16 VUs, 188387 complete and 0 interrupted iterations
metadata_jwks   [  52% ] 00/16 VUs  15m41.9s/30m0s  200.00 iters/s

running (15m42.9s), 00/16 VUs, 188587 complete and 0 interrupted iterations
metadata_jwks   [  52% ] 00/16 VUs  15m42.9s/30m0s  200.00 iters/s

running (15m43.9s), 00/16 VUs, 188787 complete and 0 interrupted iterations
metadata_jwks   [  52% ] 00/16 VUs  15m43.9s/30m0s  200.00 iters/s

running (15m44.9s), 00/16 VUs, 188987 complete and 0 interrupted iterations
metadata_jwks   [  52% ] 00/16 VUs  15m44.9s/30m0s  200.00 iters/s

running (15m45.9s), 00/16 VUs, 189187 complete and 0 interrupted iterations
metadata_jwks   [  53% ] 00/16 VUs  15m45.9s/30m0s  200.00 iters/s

running (15m46.9s), 00/16 VUs, 189387 complete and 0 interrupted iterations
metadata_jwks   [  53% ] 00/16 VUs  15m46.9s/30m0s  200.00 iters/s

running (15m47.9s), 00/16 VUs, 189587 complete and 0 interrupted iterations
metadata_jwks   [  53% ] 00/16 VUs  15m47.9s/30m0s  200.00 iters/s

running (15m48.9s), 00/16 VUs, 189787 complete and 0 interrupted iterations
metadata_jwks   [  53% ] 00/16 VUs  15m48.9s/30m0s  200.00 iters/s

running (15m49.9s), 00/16 VUs, 189987 complete and 0 interrupted iterations
metadata_jwks   [  53% ] 00/16 VUs  15m49.9s/30m0s  200.00 iters/s

running (15m50.9s), 00/16 VUs, 190187 complete and 0 interrupted iterations
metadata_jwks   [  53% ] 00/16 VUs  15m50.9s/30m0s  200.00 iters/s

running (15m51.9s), 00/16 VUs, 190387 complete and 0 interrupted iterations
metadata_jwks   [  53% ] 00/16 VUs  15m51.9s/30m0s  200.00 iters/s

running (15m52.9s), 00/16 VUs, 190587 complete and 0 interrupted iterations
metadata_jwks   [  53% ] 00/16 VUs  15m52.9s/30m0s  200.00 iters/s

running (15m53.9s), 00/16 VUs, 190787 complete and 0 interrupted iterations
metadata_jwks   [  53% ] 00/16 VUs  15m53.9s/30m0s  200.00 iters/s

running (15m54.9s), 00/16 VUs, 190987 complete and 0 interrupted iterations
metadata_jwks   [  53% ] 00/16 VUs  15m54.9s/30m0s  200.00 iters/s

running (15m55.9s), 00/16 VUs, 191187 complete and 0 interrupted iterations
metadata_jwks   [  53% ] 00/16 VUs  15m55.9s/30m0s  200.00 iters/s

running (15m56.9s), 00/16 VUs, 191387 complete and 0 interrupted iterations
metadata_jwks   [  53% ] 00/16 VUs  15m56.9s/30m0s  200.00 iters/s

running (15m57.9s), 00/16 VUs, 191587 complete and 0 interrupted iterations
metadata_jwks   [  53% ] 00/16 VUs  15m57.9s/30m0s  200.00 iters/s

running (15m58.9s), 00/16 VUs, 191787 complete and 0 interrupted iterations
metadata_jwks   [  53% ] 00/16 VUs  15m58.9s/30m0s  200.00 iters/s

running (15m59.9s), 00/16 VUs, 191987 complete and 0 interrupted iterations
metadata_jwks   [  53% ] 00/16 VUs  15m59.9s/30m0s  200.00 iters/s

running (16m00.9s), 00/16 VUs, 192187 complete and 0 interrupted iterations
metadata_jwks   [  53% ] 00/16 VUs  16m00.9s/30m0s  200.00 iters/s

running (16m01.9s), 00/16 VUs, 192387 complete and 0 interrupted iterations
metadata_jwks   [  53% ] 00/16 VUs  16m01.9s/30m0s  200.00 iters/s

running (16m02.9s), 00/16 VUs, 192587 complete and 0 interrupted iterations
metadata_jwks   [  53% ] 00/16 VUs  16m02.9s/30m0s  200.00 iters/s

running (16m03.9s), 00/16 VUs, 192787 complete and 0 interrupted iterations
metadata_jwks   [  54% ] 00/16 VUs  16m03.9s/30m0s  200.00 iters/s

running (16m04.9s), 00/16 VUs, 192987 complete and 0 interrupted iterations
metadata_jwks   [  54% ] 00/16 VUs  16m04.9s/30m0s  200.00 iters/s

running (16m05.9s), 00/16 VUs, 193187 complete and 0 interrupted iterations
metadata_jwks   [  54% ] 00/16 VUs  16m05.9s/30m0s  200.00 iters/s

running (16m06.9s), 00/16 VUs, 193387 complete and 0 interrupted iterations
metadata_jwks   [  54% ] 00/16 VUs  16m06.9s/30m0s  200.00 iters/s

running (16m07.9s), 00/16 VUs, 193587 complete and 0 interrupted iterations
metadata_jwks   [  54% ] 00/16 VUs  16m07.9s/30m0s  200.00 iters/s

running (16m08.9s), 00/16 VUs, 193787 complete and 0 interrupted iterations
metadata_jwks   [  54% ] 00/16 VUs  16m08.9s/30m0s  200.00 iters/s

running (16m09.9s), 00/16 VUs, 193987 complete and 0 interrupted iterations
metadata_jwks   [  54% ] 00/16 VUs  16m09.9s/30m0s  200.00 iters/s

running (16m10.9s), 00/16 VUs, 194187 complete and 0 interrupted iterations
metadata_jwks   [  54% ] 00/16 VUs  16m10.9s/30m0s  200.00 iters/s

running (16m11.9s), 00/16 VUs, 194387 complete and 0 interrupted iterations
metadata_jwks   [  54% ] 00/16 VUs  16m11.9s/30m0s  200.00 iters/s

running (16m12.9s), 00/16 VUs, 194587 complete and 0 interrupted iterations
metadata_jwks   [  54% ] 00/16 VUs  16m12.9s/30m0s  200.00 iters/s

running (16m13.9s), 00/16 VUs, 194787 complete and 0 interrupted iterations
metadata_jwks   [  54% ] 00/16 VUs  16m13.9s/30m0s  200.00 iters/s

running (16m14.9s), 00/16 VUs, 194987 complete and 0 interrupted iterations
metadata_jwks   [  54% ] 00/16 VUs  16m14.9s/30m0s  200.00 iters/s

running (16m15.9s), 00/16 VUs, 195187 complete and 0 interrupted iterations
metadata_jwks   [  54% ] 00/16 VUs  16m15.9s/30m0s  200.00 iters/s

running (16m16.9s), 00/16 VUs, 195387 complete and 0 interrupted iterations
metadata_jwks   [  54% ] 00/16 VUs  16m16.9s/30m0s  200.00 iters/s

running (16m17.9s), 00/16 VUs, 195587 complete and 0 interrupted iterations
metadata_jwks   [  54% ] 00/16 VUs  16m17.9s/30m0s  200.00 iters/s

running (16m18.9s), 00/16 VUs, 195787 complete and 0 interrupted iterations
metadata_jwks   [  54% ] 00/16 VUs  16m18.9s/30m0s  200.00 iters/s

running (16m19.9s), 00/16 VUs, 195987 complete and 0 interrupted iterations
metadata_jwks   [  54% ] 00/16 VUs  16m19.9s/30m0s  200.00 iters/s

running (16m20.9s), 00/16 VUs, 196187 complete and 0 interrupted iterations
metadata_jwks   [  54% ] 00/16 VUs  16m20.9s/30m0s  200.00 iters/s

running (16m21.9s), 00/16 VUs, 196387 complete and 0 interrupted iterations
metadata_jwks   [  55% ] 00/16 VUs  16m21.9s/30m0s  200.00 iters/s

running (16m22.9s), 00/16 VUs, 196587 complete and 0 interrupted iterations
metadata_jwks   [  55% ] 00/16 VUs  16m22.9s/30m0s  200.00 iters/s

running (16m23.9s), 00/16 VUs, 196787 complete and 0 interrupted iterations
metadata_jwks   [  55% ] 00/16 VUs  16m23.9s/30m0s  200.00 iters/s

running (16m24.9s), 00/16 VUs, 196987 complete and 0 interrupted iterations
metadata_jwks   [  55% ] 00/16 VUs  16m24.9s/30m0s  200.00 iters/s

running (16m25.9s), 00/16 VUs, 197187 complete and 0 interrupted iterations
metadata_jwks   [  55% ] 00/16 VUs  16m25.9s/30m0s  200.00 iters/s

running (16m26.9s), 00/16 VUs, 197387 complete and 0 interrupted iterations
metadata_jwks   [  55% ] 00/16 VUs  16m26.9s/30m0s  200.00 iters/s

running (16m27.9s), 00/16 VUs, 197589 complete and 0 interrupted iterations
metadata_jwks   [  55% ] 00/16 VUs  16m27.9s/30m0s  200.00 iters/s

running (16m28.9s), 00/16 VUs, 197787 complete and 0 interrupted iterations
metadata_jwks   [  55% ] 00/16 VUs  16m28.9s/30m0s  200.00 iters/s

running (16m29.9s), 00/16 VUs, 197987 complete and 0 interrupted iterations
metadata_jwks   [  55% ] 00/16 VUs  16m29.9s/30m0s  200.00 iters/s

running (16m30.9s), 00/16 VUs, 198187 complete and 0 interrupted iterations
metadata_jwks   [  55% ] 00/16 VUs  16m30.9s/30m0s  200.00 iters/s

running (16m31.9s), 00/16 VUs, 198387 complete and 0 interrupted iterations
metadata_jwks   [  55% ] 00/16 VUs  16m31.9s/30m0s  200.00 iters/s

running (16m32.9s), 00/16 VUs, 198587 complete and 0 interrupted iterations
metadata_jwks   [  55% ] 00/16 VUs  16m32.9s/30m0s  200.00 iters/s

running (16m33.9s), 00/16 VUs, 198787 complete and 0 interrupted iterations
metadata_jwks   [  55% ] 00/16 VUs  16m33.9s/30m0s  200.00 iters/s

running (16m34.9s), 00/16 VUs, 198987 complete and 0 interrupted iterations
metadata_jwks   [  55% ] 00/16 VUs  16m34.9s/30m0s  200.00 iters/s

running (16m35.9s), 00/16 VUs, 199187 complete and 0 interrupted iterations
metadata_jwks   [  55% ] 00/16 VUs  16m35.9s/30m0s  200.00 iters/s

running (16m36.9s), 00/16 VUs, 199387 complete and 0 interrupted iterations
metadata_jwks   [  55% ] 00/16 VUs  16m36.9s/30m0s  200.00 iters/s

running (16m37.9s), 00/16 VUs, 199587 complete and 0 interrupted iterations
metadata_jwks   [  55% ] 00/16 VUs  16m37.9s/30m0s  200.00 iters/s

running (16m38.9s), 00/16 VUs, 199787 complete and 0 interrupted iterations
metadata_jwks   [  55% ] 00/16 VUs  16m38.9s/30m0s  200.00 iters/s

running (16m39.9s), 00/16 VUs, 199987 complete and 0 interrupted iterations
metadata_jwks   [  56% ] 00/16 VUs  16m39.9s/30m0s  200.00 iters/s

running (16m40.9s), 00/16 VUs, 200187 complete and 0 interrupted iterations
metadata_jwks   [  56% ] 00/16 VUs  16m40.9s/30m0s  200.00 iters/s

running (16m41.9s), 00/16 VUs, 200387 complete and 0 interrupted iterations
metadata_jwks   [  56% ] 00/16 VUs  16m41.9s/30m0s  200.00 iters/s

running (16m42.9s), 00/16 VUs, 200587 complete and 0 interrupted iterations
metadata_jwks   [  56% ] 00/16 VUs  16m42.9s/30m0s  200.00 iters/s

running (16m43.9s), 00/16 VUs, 200787 complete and 0 interrupted iterations
metadata_jwks   [  56% ] 00/16 VUs  16m43.9s/30m0s  200.00 iters/s

running (16m44.9s), 00/16 VUs, 200987 complete and 0 interrupted iterations
metadata_jwks   [  56% ] 00/16 VUs  16m44.9s/30m0s  200.00 iters/s

running (16m45.9s), 00/16 VUs, 201187 complete and 0 interrupted iterations
metadata_jwks   [  56% ] 00/16 VUs  16m45.9s/30m0s  200.00 iters/s

running (16m46.9s), 00/16 VUs, 201387 complete and 0 interrupted iterations
metadata_jwks   [  56% ] 00/16 VUs  16m46.9s/30m0s  200.00 iters/s

running (16m47.9s), 00/16 VUs, 201587 complete and 0 interrupted iterations
metadata_jwks   [  56% ] 00/16 VUs  16m47.9s/30m0s  200.00 iters/s

running (16m48.9s), 00/16 VUs, 201787 complete and 0 interrupted iterations
metadata_jwks   [  56% ] 00/16 VUs  16m48.9s/30m0s  200.00 iters/s

running (16m49.9s), 00/16 VUs, 201987 complete and 0 interrupted iterations
metadata_jwks   [  56% ] 00/16 VUs  16m49.9s/30m0s  200.00 iters/s

running (16m50.9s), 00/16 VUs, 202187 complete and 0 interrupted iterations
metadata_jwks   [  56% ] 00/16 VUs  16m50.9s/30m0s  200.00 iters/s

running (16m51.9s), 00/16 VUs, 202387 complete and 0 interrupted iterations
metadata_jwks   [  56% ] 00/16 VUs  16m51.9s/30m0s  200.00 iters/s

running (16m52.9s), 00/16 VUs, 202587 complete and 0 interrupted iterations
metadata_jwks   [  56% ] 00/16 VUs  16m52.9s/30m0s  200.00 iters/s

running (16m53.9s), 00/16 VUs, 202787 complete and 0 interrupted iterations
metadata_jwks   [  56% ] 00/16 VUs  16m53.9s/30m0s  200.00 iters/s

running (16m54.9s), 00/16 VUs, 202987 complete and 0 interrupted iterations
metadata_jwks   [  56% ] 00/16 VUs  16m54.9s/30m0s  200.00 iters/s

running (16m55.9s), 00/16 VUs, 203187 complete and 0 interrupted iterations
metadata_jwks   [  56% ] 00/16 VUs  16m55.9s/30m0s  200.00 iters/s

running (16m56.9s), 00/16 VUs, 203387 complete and 0 interrupted iterations
metadata_jwks   [  56% ] 00/16 VUs  16m56.9s/30m0s  200.00 iters/s

running (16m57.9s), 00/16 VUs, 203587 complete and 0 interrupted iterations
metadata_jwks   [  57% ] 00/16 VUs  16m57.9s/30m0s  200.00 iters/s

running (16m58.9s), 00/16 VUs, 203787 complete and 0 interrupted iterations
metadata_jwks   [  57% ] 00/16 VUs  16m58.9s/30m0s  200.00 iters/s

running (16m59.9s), 00/16 VUs, 203987 complete and 0 interrupted iterations
metadata_jwks   [  57% ] 00/16 VUs  16m59.9s/30m0s  200.00 iters/s

running (17m00.9s), 00/16 VUs, 204187 complete and 0 interrupted iterations
metadata_jwks   [  57% ] 00/16 VUs  17m00.9s/30m0s  200.00 iters/s

running (17m01.9s), 00/16 VUs, 204387 complete and 0 interrupted iterations
metadata_jwks   [  57% ] 00/16 VUs  17m01.9s/30m0s  200.00 iters/s

running (17m02.9s), 00/16 VUs, 204587 complete and 0 interrupted iterations
metadata_jwks   [  57% ] 00/16 VUs  17m02.9s/30m0s  200.00 iters/s

running (17m03.9s), 00/16 VUs, 204787 complete and 0 interrupted iterations
metadata_jwks   [  57% ] 00/16 VUs  17m03.9s/30m0s  200.00 iters/s

running (17m04.9s), 00/16 VUs, 204987 complete and 0 interrupted iterations
metadata_jwks   [  57% ] 00/16 VUs  17m04.9s/30m0s  200.00 iters/s

running (17m05.9s), 00/16 VUs, 205187 complete and 0 interrupted iterations
metadata_jwks   [  57% ] 00/16 VUs  17m05.9s/30m0s  200.00 iters/s

running (17m06.9s), 00/16 VUs, 205387 complete and 0 interrupted iterations
metadata_jwks   [  57% ] 00/16 VUs  17m06.9s/30m0s  200.00 iters/s

running (17m07.9s), 00/16 VUs, 205587 complete and 0 interrupted iterations
metadata_jwks   [  57% ] 00/16 VUs  17m07.9s/30m0s  200.00 iters/s

running (17m08.9s), 00/16 VUs, 205787 complete and 0 interrupted iterations
metadata_jwks   [  57% ] 00/16 VUs  17m08.9s/30m0s  200.00 iters/s

running (17m09.9s), 00/16 VUs, 205987 complete and 0 interrupted iterations
metadata_jwks   [  57% ] 00/16 VUs  17m09.9s/30m0s  200.00 iters/s

running (17m10.9s), 00/16 VUs, 206187 complete and 0 interrupted iterations
metadata_jwks   [  57% ] 00/16 VUs  17m10.9s/30m0s  200.00 iters/s

running (17m11.9s), 00/16 VUs, 206387 complete and 0 interrupted iterations
metadata_jwks   [  57% ] 00/16 VUs  17m11.9s/30m0s  200.00 iters/s

running (17m12.9s), 00/16 VUs, 206587 complete and 0 interrupted iterations
metadata_jwks   [  57% ] 00/16 VUs  17m12.9s/30m0s  200.00 iters/s

running (17m13.9s), 00/16 VUs, 206787 complete and 0 interrupted iterations
metadata_jwks   [  57% ] 00/16 VUs  17m13.9s/30m0s  200.00 iters/s

running (17m14.9s), 00/16 VUs, 206987 complete and 0 interrupted iterations
metadata_jwks   [  57% ] 00/16 VUs  17m14.9s/30m0s  200.00 iters/s

running (17m15.9s), 00/16 VUs, 207187 complete and 0 interrupted iterations
metadata_jwks   [  58% ] 00/16 VUs  17m15.9s/30m0s  200.00 iters/s

running (17m16.9s), 00/16 VUs, 207387 complete and 0 interrupted iterations
metadata_jwks   [  58% ] 00/16 VUs  17m16.9s/30m0s  200.00 iters/s

running (17m17.9s), 00/16 VUs, 207587 complete and 0 interrupted iterations
metadata_jwks   [  58% ] 00/16 VUs  17m17.9s/30m0s  200.00 iters/s

running (17m18.9s), 00/16 VUs, 207787 complete and 0 interrupted iterations
metadata_jwks   [  58% ] 00/16 VUs  17m18.9s/30m0s  200.00 iters/s

running (17m19.9s), 00/16 VUs, 207987 complete and 0 interrupted iterations
metadata_jwks   [  58% ] 00/16 VUs  17m19.9s/30m0s  200.00 iters/s

running (17m20.9s), 00/16 VUs, 208187 complete and 0 interrupted iterations
metadata_jwks   [  58% ] 00/16 VUs  17m20.9s/30m0s  200.00 iters/s

running (17m21.9s), 00/16 VUs, 208387 complete and 0 interrupted iterations
metadata_jwks   [  58% ] 00/16 VUs  17m21.9s/30m0s  200.00 iters/s

running (17m22.9s), 00/16 VUs, 208587 complete and 0 interrupted iterations
metadata_jwks   [  58% ] 00/16 VUs  17m22.9s/30m0s  200.00 iters/s

running (17m23.9s), 00/16 VUs, 208787 complete and 0 interrupted iterations
metadata_jwks   [  58% ] 00/16 VUs  17m23.9s/30m0s  200.00 iters/s

running (17m24.9s), 00/16 VUs, 208987 complete and 0 interrupted iterations
metadata_jwks   [  58% ] 00/16 VUs  17m24.9s/30m0s  200.00 iters/s

running (17m25.9s), 00/16 VUs, 209187 complete and 0 interrupted iterations
metadata_jwks   [  58% ] 00/16 VUs  17m25.9s/30m0s  200.00 iters/s

running (17m26.9s), 00/16 VUs, 209387 complete and 0 interrupted iterations
metadata_jwks   [  58% ] 00/16 VUs  17m26.9s/30m0s  200.00 iters/s

running (17m27.9s), 00/16 VUs, 209587 complete and 0 interrupted iterations
metadata_jwks   [  58% ] 00/16 VUs  17m27.9s/30m0s  200.00 iters/s

running (17m28.9s), 00/16 VUs, 209787 complete and 0 interrupted iterations
metadata_jwks   [  58% ] 00/16 VUs  17m28.9s/30m0s  200.00 iters/s

running (17m29.9s), 00/16 VUs, 209987 complete and 0 interrupted iterations
metadata_jwks   [  58% ] 00/16 VUs  17m29.9s/30m0s  200.00 iters/s

running (17m30.9s), 00/16 VUs, 210187 complete and 0 interrupted iterations
metadata_jwks   [  58% ] 00/16 VUs  17m30.9s/30m0s  200.00 iters/s

running (17m31.9s), 00/16 VUs, 210387 complete and 0 interrupted iterations
metadata_jwks   [  58% ] 00/16 VUs  17m31.9s/30m0s  200.00 iters/s

running (17m32.9s), 00/16 VUs, 210587 complete and 0 interrupted iterations
metadata_jwks   [  58% ] 00/16 VUs  17m32.9s/30m0s  200.00 iters/s

running (17m33.9s), 00/16 VUs, 210787 complete and 0 interrupted iterations
metadata_jwks   [  59% ] 00/16 VUs  17m33.9s/30m0s  200.00 iters/s

running (17m34.9s), 00/16 VUs, 210987 complete and 0 interrupted iterations
metadata_jwks   [  59% ] 00/16 VUs  17m34.9s/30m0s  200.00 iters/s

running (17m35.9s), 00/16 VUs, 211187 complete and 0 interrupted iterations
metadata_jwks   [  59% ] 00/16 VUs  17m35.9s/30m0s  200.00 iters/s

running (17m36.9s), 00/16 VUs, 211387 complete and 0 interrupted iterations
metadata_jwks   [  59% ] 00/16 VUs  17m36.9s/30m0s  200.00 iters/s

running (17m37.9s), 00/16 VUs, 211587 complete and 0 interrupted iterations
metadata_jwks   [  59% ] 00/16 VUs  17m37.9s/30m0s  200.00 iters/s

running (17m38.9s), 00/16 VUs, 211787 complete and 0 interrupted iterations
metadata_jwks   [  59% ] 00/16 VUs  17m38.9s/30m0s  200.00 iters/s

running (17m39.9s), 00/16 VUs, 211987 complete and 0 interrupted iterations
metadata_jwks   [  59% ] 00/16 VUs  17m39.9s/30m0s  200.00 iters/s

running (17m40.9s), 00/16 VUs, 212187 complete and 0 interrupted iterations
metadata_jwks   [  59% ] 00/16 VUs  17m40.9s/30m0s  200.00 iters/s

running (17m41.9s), 00/16 VUs, 212387 complete and 0 interrupted iterations
metadata_jwks   [  59% ] 00/16 VUs  17m41.9s/30m0s  200.00 iters/s

running (17m42.9s), 00/16 VUs, 212587 complete and 0 interrupted iterations
metadata_jwks   [  59% ] 00/16 VUs  17m42.9s/30m0s  200.00 iters/s

running (17m43.9s), 00/16 VUs, 212787 complete and 0 interrupted iterations
metadata_jwks   [  59% ] 00/16 VUs  17m43.9s/30m0s  200.00 iters/s

running (17m44.9s), 00/16 VUs, 212987 complete and 0 interrupted iterations
metadata_jwks   [  59% ] 00/16 VUs  17m44.9s/30m0s  200.00 iters/s

running (17m45.9s), 00/16 VUs, 213187 complete and 0 interrupted iterations
metadata_jwks   [  59% ] 00/16 VUs  17m45.9s/30m0s  200.00 iters/s

running (17m46.9s), 00/16 VUs, 213387 complete and 0 interrupted iterations
metadata_jwks   [  59% ] 00/16 VUs  17m46.9s/30m0s  200.00 iters/s

running (17m47.9s), 00/16 VUs, 213587 complete and 0 interrupted iterations
metadata_jwks   [  59% ] 00/16 VUs  17m47.9s/30m0s  200.00 iters/s

running (17m48.9s), 00/16 VUs, 213787 complete and 0 interrupted iterations
metadata_jwks   [  59% ] 00/16 VUs  17m48.9s/30m0s  200.00 iters/s

running (17m49.9s), 00/16 VUs, 213987 complete and 0 interrupted iterations
metadata_jwks   [  59% ] 00/16 VUs  17m49.9s/30m0s  200.00 iters/s

running (17m50.9s), 00/16 VUs, 214187 complete and 0 interrupted iterations
metadata_jwks   [  59% ] 00/16 VUs  17m50.9s/30m0s  200.00 iters/s

running (17m51.9s), 00/16 VUs, 214387 complete and 0 interrupted iterations
metadata_jwks   [  60% ] 00/16 VUs  17m51.9s/30m0s  200.00 iters/s

running (17m52.9s), 00/16 VUs, 214587 complete and 0 interrupted iterations
metadata_jwks   [  60% ] 00/16 VUs  17m52.9s/30m0s  200.00 iters/s

running (17m53.9s), 00/16 VUs, 214787 complete and 0 interrupted iterations
metadata_jwks   [  60% ] 00/16 VUs  17m53.9s/30m0s  200.00 iters/s

running (17m54.9s), 01/16 VUs, 214987 complete and 0 interrupted iterations
metadata_jwks   [  60% ] 01/16 VUs  17m54.9s/30m0s  200.00 iters/s

running (17m55.9s), 00/16 VUs, 215187 complete and 0 interrupted iterations
metadata_jwks   [  60% ] 00/16 VUs  17m55.9s/30m0s  200.00 iters/s

running (17m56.9s), 00/16 VUs, 215387 complete and 0 interrupted iterations
metadata_jwks   [  60% ] 00/16 VUs  17m56.9s/30m0s  200.00 iters/s

running (17m57.9s), 00/16 VUs, 215587 complete and 0 interrupted iterations
metadata_jwks   [  60% ] 00/16 VUs  17m57.9s/30m0s  200.00 iters/s

running (17m58.9s), 00/16 VUs, 215787 complete and 0 interrupted iterations
metadata_jwks   [  60% ] 00/16 VUs  17m58.9s/30m0s  200.00 iters/s

running (17m59.9s), 00/16 VUs, 215987 complete and 0 interrupted iterations
metadata_jwks   [  60% ] 00/16 VUs  17m59.9s/30m0s  200.00 iters/s

running (18m00.9s), 00/16 VUs, 216187 complete and 0 interrupted iterations
metadata_jwks   [  60% ] 00/16 VUs  18m00.9s/30m0s  200.00 iters/s

running (18m01.9s), 00/16 VUs, 216387 complete and 0 interrupted iterations
metadata_jwks   [  60% ] 00/16 VUs  18m01.9s/30m0s  200.00 iters/s

running (18m02.9s), 00/16 VUs, 216587 complete and 0 interrupted iterations
metadata_jwks   [  60% ] 00/16 VUs  18m02.9s/30m0s  200.00 iters/s

running (18m03.9s), 00/16 VUs, 216787 complete and 0 interrupted iterations
metadata_jwks   [  60% ] 00/16 VUs  18m03.9s/30m0s  200.00 iters/s

running (18m04.9s), 00/16 VUs, 216987 complete and 0 interrupted iterations
metadata_jwks   [  60% ] 00/16 VUs  18m04.9s/30m0s  200.00 iters/s

running (18m05.9s), 00/16 VUs, 217187 complete and 0 interrupted iterations
metadata_jwks   [  60% ] 00/16 VUs  18m05.9s/30m0s  200.00 iters/s

running (18m06.9s), 00/16 VUs, 217387 complete and 0 interrupted iterations
metadata_jwks   [  60% ] 00/16 VUs  18m06.9s/30m0s  200.00 iters/s

running (18m07.9s), 00/16 VUs, 217587 complete and 0 interrupted iterations
metadata_jwks   [  60% ] 00/16 VUs  18m07.9s/30m0s  200.00 iters/s

running (18m08.9s), 00/16 VUs, 217787 complete and 0 interrupted iterations
metadata_jwks   [  60% ] 00/16 VUs  18m08.9s/30m0s  200.00 iters/s

running (18m09.9s), 00/16 VUs, 217987 complete and 0 interrupted iterations
metadata_jwks   [  61% ] 00/16 VUs  18m09.9s/30m0s  200.00 iters/s

running (18m10.9s), 00/16 VUs, 218187 complete and 0 interrupted iterations
metadata_jwks   [  61% ] 00/16 VUs  18m10.9s/30m0s  200.00 iters/s

running (18m11.9s), 00/16 VUs, 218387 complete and 0 interrupted iterations
metadata_jwks   [  61% ] 00/16 VUs  18m11.9s/30m0s  200.00 iters/s

running (18m12.9s), 00/16 VUs, 218587 complete and 0 interrupted iterations
metadata_jwks   [  61% ] 00/16 VUs  18m12.9s/30m0s  200.00 iters/s

running (18m13.9s), 00/16 VUs, 218787 complete and 0 interrupted iterations
metadata_jwks   [  61% ] 00/16 VUs  18m13.9s/30m0s  200.00 iters/s

running (18m14.9s), 00/16 VUs, 218987 complete and 0 interrupted iterations
metadata_jwks   [  61% ] 00/16 VUs  18m14.9s/30m0s  200.00 iters/s

running (18m15.9s), 00/16 VUs, 219187 complete and 0 interrupted iterations
metadata_jwks   [  61% ] 00/16 VUs  18m15.9s/30m0s  200.00 iters/s

running (18m16.9s), 00/16 VUs, 219387 complete and 0 interrupted iterations
metadata_jwks   [  61% ] 00/16 VUs  18m16.9s/30m0s  200.00 iters/s

running (18m17.9s), 00/16 VUs, 219587 complete and 0 interrupted iterations
metadata_jwks   [  61% ] 00/16 VUs  18m17.9s/30m0s  200.00 iters/s

running (18m18.9s), 00/16 VUs, 219787 complete and 0 interrupted iterations
metadata_jwks   [  61% ] 00/16 VUs  18m18.9s/30m0s  200.00 iters/s

running (18m19.9s), 00/16 VUs, 219987 complete and 0 interrupted iterations
metadata_jwks   [  61% ] 00/16 VUs  18m19.9s/30m0s  200.00 iters/s

running (18m20.9s), 00/16 VUs, 220187 complete and 0 interrupted iterations
metadata_jwks   [  61% ] 00/16 VUs  18m20.9s/30m0s  200.00 iters/s

running (18m21.9s), 00/16 VUs, 220387 complete and 0 interrupted iterations
metadata_jwks   [  61% ] 00/16 VUs  18m21.9s/30m0s  200.00 iters/s

running (18m22.9s), 00/16 VUs, 220587 complete and 0 interrupted iterations
metadata_jwks   [  61% ] 00/16 VUs  18m22.9s/30m0s  200.00 iters/s

running (18m23.9s), 00/16 VUs, 220787 complete and 0 interrupted iterations
metadata_jwks   [  61% ] 00/16 VUs  18m23.9s/30m0s  200.00 iters/s

running (18m24.9s), 00/16 VUs, 220987 complete and 0 interrupted iterations
metadata_jwks   [  61% ] 00/16 VUs  18m24.9s/30m0s  200.00 iters/s

running (18m25.9s), 00/16 VUs, 221187 complete and 0 interrupted iterations
metadata_jwks   [  61% ] 00/16 VUs  18m25.9s/30m0s  200.00 iters/s

running (18m26.9s), 00/16 VUs, 221387 complete and 0 interrupted iterations
metadata_jwks   [  61% ] 00/16 VUs  18m26.9s/30m0s  200.00 iters/s

running (18m27.9s), 00/16 VUs, 221587 complete and 0 interrupted iterations
metadata_jwks   [  62% ] 00/16 VUs  18m27.9s/30m0s  200.00 iters/s

running (18m28.9s), 00/16 VUs, 221787 complete and 0 interrupted iterations
metadata_jwks   [  62% ] 00/16 VUs  18m28.9s/30m0s  200.00 iters/s

running (18m29.9s), 00/16 VUs, 221987 complete and 0 interrupted iterations
metadata_jwks   [  62% ] 00/16 VUs  18m29.9s/30m0s  200.00 iters/s

running (18m30.9s), 00/16 VUs, 222187 complete and 0 interrupted iterations
metadata_jwks   [  62% ] 00/16 VUs  18m30.9s/30m0s  200.00 iters/s

running (18m31.9s), 00/16 VUs, 222387 complete and 0 interrupted iterations
metadata_jwks   [  62% ] 00/16 VUs  18m31.9s/30m0s  200.00 iters/s

running (18m32.9s), 00/16 VUs, 222587 complete and 0 interrupted iterations
metadata_jwks   [  62% ] 00/16 VUs  18m32.9s/30m0s  200.00 iters/s

running (18m33.9s), 00/16 VUs, 222787 complete and 0 interrupted iterations
metadata_jwks   [  62% ] 00/16 VUs  18m33.9s/30m0s  200.00 iters/s

running (18m34.9s), 00/16 VUs, 222987 complete and 0 interrupted iterations
metadata_jwks   [  62% ] 00/16 VUs  18m34.9s/30m0s  200.00 iters/s

running (18m35.9s), 00/16 VUs, 223187 complete and 0 interrupted iterations
metadata_jwks   [  62% ] 00/16 VUs  18m35.9s/30m0s  200.00 iters/s

running (18m36.9s), 00/16 VUs, 223387 complete and 0 interrupted iterations
metadata_jwks   [  62% ] 00/16 VUs  18m36.9s/30m0s  200.00 iters/s

running (18m37.9s), 00/16 VUs, 223587 complete and 0 interrupted iterations
metadata_jwks   [  62% ] 00/16 VUs  18m37.9s/30m0s  200.00 iters/s

running (18m38.9s), 00/16 VUs, 223787 complete and 0 interrupted iterations
metadata_jwks   [  62% ] 00/16 VUs  18m38.9s/30m0s  200.00 iters/s

running (18m39.9s), 00/16 VUs, 223987 complete and 0 interrupted iterations
metadata_jwks   [  62% ] 00/16 VUs  18m39.9s/30m0s  200.00 iters/s

running (18m40.9s), 00/16 VUs, 224187 complete and 0 interrupted iterations
metadata_jwks   [  62% ] 00/16 VUs  18m40.9s/30m0s  200.00 iters/s

running (18m41.9s), 00/16 VUs, 224387 complete and 0 interrupted iterations
metadata_jwks   [  62% ] 00/16 VUs  18m41.9s/30m0s  200.00 iters/s

running (18m42.9s), 00/16 VUs, 224587 complete and 0 interrupted iterations
metadata_jwks   [  62% ] 00/16 VUs  18m42.9s/30m0s  200.00 iters/s

running (18m43.9s), 00/16 VUs, 224787 complete and 0 interrupted iterations
metadata_jwks   [  62% ] 00/16 VUs  18m43.9s/30m0s  200.00 iters/s

running (18m44.9s), 00/16 VUs, 224987 complete and 0 interrupted iterations
metadata_jwks   [  62% ] 00/16 VUs  18m44.9s/30m0s  200.00 iters/s

running (18m45.9s), 00/16 VUs, 225187 complete and 0 interrupted iterations
metadata_jwks   [  63% ] 00/16 VUs  18m45.9s/30m0s  200.00 iters/s

running (18m46.9s), 00/16 VUs, 225387 complete and 0 interrupted iterations
metadata_jwks   [  63% ] 00/16 VUs  18m46.9s/30m0s  200.00 iters/s

running (18m47.9s), 00/16 VUs, 225587 complete and 0 interrupted iterations
metadata_jwks   [  63% ] 00/16 VUs  18m47.9s/30m0s  200.00 iters/s

running (18m48.9s), 00/16 VUs, 225787 complete and 0 interrupted iterations
metadata_jwks   [  63% ] 00/16 VUs  18m48.9s/30m0s  200.00 iters/s

running (18m49.9s), 00/16 VUs, 225987 complete and 0 interrupted iterations
metadata_jwks   [  63% ] 00/16 VUs  18m49.9s/30m0s  200.00 iters/s

running (18m50.9s), 00/16 VUs, 226187 complete and 0 interrupted iterations
metadata_jwks   [  63% ] 00/16 VUs  18m50.9s/30m0s  200.00 iters/s

running (18m51.9s), 02/16 VUs, 226386 complete and 0 interrupted iterations
metadata_jwks   [  63% ] 02/16 VUs  18m51.9s/30m0s  200.00 iters/s

running (18m52.9s), 00/16 VUs, 226587 complete and 0 interrupted iterations
metadata_jwks   [  63% ] 00/16 VUs  18m52.9s/30m0s  200.00 iters/s

running (18m53.9s), 00/16 VUs, 226787 complete and 0 interrupted iterations
metadata_jwks   [  63% ] 00/16 VUs  18m53.9s/30m0s  200.00 iters/s

running (18m54.9s), 00/16 VUs, 226987 complete and 0 interrupted iterations
metadata_jwks   [  63% ] 00/16 VUs  18m54.9s/30m0s  200.00 iters/s

running (18m55.9s), 00/16 VUs, 227187 complete and 0 interrupted iterations
metadata_jwks   [  63% ] 00/16 VUs  18m55.9s/30m0s  200.00 iters/s

running (18m56.9s), 00/16 VUs, 227387 complete and 0 interrupted iterations
metadata_jwks   [  63% ] 00/16 VUs  18m56.9s/30m0s  200.00 iters/s

running (18m57.9s), 00/16 VUs, 227587 complete and 0 interrupted iterations
metadata_jwks   [  63% ] 00/16 VUs  18m57.9s/30m0s  200.00 iters/s

running (18m58.9s), 00/16 VUs, 227787 complete and 0 interrupted iterations
metadata_jwks   [  63% ] 00/16 VUs  18m58.9s/30m0s  200.00 iters/s

running (18m59.9s), 00/16 VUs, 227987 complete and 0 interrupted iterations
metadata_jwks   [  63% ] 00/16 VUs  18m59.9s/30m0s  200.00 iters/s

running (19m00.9s), 00/16 VUs, 228187 complete and 0 interrupted iterations
metadata_jwks   [  63% ] 00/16 VUs  19m00.9s/30m0s  200.00 iters/s

running (19m01.9s), 00/16 VUs, 228387 complete and 0 interrupted iterations
metadata_jwks   [  63% ] 00/16 VUs  19m01.9s/30m0s  200.00 iters/s

running (19m02.9s), 00/16 VUs, 228587 complete and 0 interrupted iterations
metadata_jwks   [  63% ] 00/16 VUs  19m02.9s/30m0s  200.00 iters/s

running (19m03.9s), 00/16 VUs, 228787 complete and 0 interrupted iterations
metadata_jwks   [  64% ] 00/16 VUs  19m03.9s/30m0s  200.00 iters/s

running (19m04.9s), 00/16 VUs, 228987 complete and 0 interrupted iterations
metadata_jwks   [  64% ] 00/16 VUs  19m04.9s/30m0s  200.00 iters/s

running (19m05.9s), 00/16 VUs, 229187 complete and 0 interrupted iterations
metadata_jwks   [  64% ] 00/16 VUs  19m05.9s/30m0s  200.00 iters/s

running (19m06.9s), 00/16 VUs, 229387 complete and 0 interrupted iterations
metadata_jwks   [  64% ] 00/16 VUs  19m06.9s/30m0s  200.00 iters/s

running (19m07.9s), 00/16 VUs, 229587 complete and 0 interrupted iterations
metadata_jwks   [  64% ] 00/16 VUs  19m07.9s/30m0s  200.00 iters/s

running (19m08.9s), 00/16 VUs, 229787 complete and 0 interrupted iterations
metadata_jwks   [  64% ] 00/16 VUs  19m08.9s/30m0s  200.00 iters/s

running (19m09.9s), 00/16 VUs, 229987 complete and 0 interrupted iterations
metadata_jwks   [  64% ] 00/16 VUs  19m09.9s/30m0s  200.00 iters/s

running (19m10.9s), 00/16 VUs, 230187 complete and 0 interrupted iterations
metadata_jwks   [  64% ] 00/16 VUs  19m10.9s/30m0s  200.00 iters/s

running (19m11.9s), 00/16 VUs, 230387 complete and 0 interrupted iterations
metadata_jwks   [  64% ] 00/16 VUs  19m11.9s/30m0s  200.00 iters/s

running (19m12.9s), 00/16 VUs, 230587 complete and 0 interrupted iterations
metadata_jwks   [  64% ] 00/16 VUs  19m12.9s/30m0s  200.00 iters/s

running (19m13.9s), 00/16 VUs, 230787 complete and 0 interrupted iterations
metadata_jwks   [  64% ] 00/16 VUs  19m13.9s/30m0s  200.00 iters/s

running (19m14.9s), 00/16 VUs, 230987 complete and 0 interrupted iterations
metadata_jwks   [  64% ] 00/16 VUs  19m14.9s/30m0s  200.00 iters/s

running (19m15.9s), 00/16 VUs, 231187 complete and 0 interrupted iterations
metadata_jwks   [  64% ] 00/16 VUs  19m15.9s/30m0s  200.00 iters/s

running (19m16.9s), 00/16 VUs, 231387 complete and 0 interrupted iterations
metadata_jwks   [  64% ] 00/16 VUs  19m16.9s/30m0s  200.00 iters/s

running (19m17.9s), 00/16 VUs, 231587 complete and 0 interrupted iterations
metadata_jwks   [  64% ] 00/16 VUs  19m17.9s/30m0s  200.00 iters/s

running (19m18.9s), 00/16 VUs, 231787 complete and 0 interrupted iterations
metadata_jwks   [  64% ] 00/16 VUs  19m18.9s/30m0s  200.00 iters/s

running (19m19.9s), 00/16 VUs, 231987 complete and 0 interrupted iterations
metadata_jwks   [  64% ] 00/16 VUs  19m19.9s/30m0s  200.00 iters/s

running (19m20.9s), 00/16 VUs, 232187 complete and 0 interrupted iterations
metadata_jwks   [  64% ] 00/16 VUs  19m20.9s/30m0s  200.00 iters/s

running (19m21.9s), 00/16 VUs, 232387 complete and 0 interrupted iterations
metadata_jwks   [  65% ] 00/16 VUs  19m21.9s/30m0s  200.00 iters/s

running (19m22.9s), 00/16 VUs, 232587 complete and 0 interrupted iterations
metadata_jwks   [  65% ] 00/16 VUs  19m22.9s/30m0s  200.00 iters/s

running (19m23.9s), 00/16 VUs, 232787 complete and 0 interrupted iterations
metadata_jwks   [  65% ] 00/16 VUs  19m23.9s/30m0s  200.00 iters/s

running (19m24.9s), 00/16 VUs, 232987 complete and 0 interrupted iterations
metadata_jwks   [  65% ] 00/16 VUs  19m24.9s/30m0s  200.00 iters/s

running (19m25.9s), 00/16 VUs, 233187 complete and 0 interrupted iterations
metadata_jwks   [  65% ] 00/16 VUs  19m25.9s/30m0s  200.00 iters/s

running (19m26.9s), 00/16 VUs, 233387 complete and 0 interrupted iterations
metadata_jwks   [  65% ] 00/16 VUs  19m26.9s/30m0s  200.00 iters/s

running (19m27.9s), 00/16 VUs, 233587 complete and 0 interrupted iterations
metadata_jwks   [  65% ] 00/16 VUs  19m27.9s/30m0s  200.00 iters/s

running (19m28.9s), 00/16 VUs, 233787 complete and 0 interrupted iterations
metadata_jwks   [  65% ] 00/16 VUs  19m28.9s/30m0s  200.00 iters/s

running (19m29.9s), 00/16 VUs, 233987 complete and 0 interrupted iterations
metadata_jwks   [  65% ] 00/16 VUs  19m29.9s/30m0s  200.00 iters/s

running (19m30.9s), 00/16 VUs, 234187 complete and 0 interrupted iterations
metadata_jwks   [  65% ] 00/16 VUs  19m30.9s/30m0s  200.00 iters/s

running (19m31.9s), 00/16 VUs, 234387 complete and 0 interrupted iterations
metadata_jwks   [  65% ] 00/16 VUs  19m31.9s/30m0s  200.00 iters/s

running (19m32.9s), 00/16 VUs, 234587 complete and 0 interrupted iterations
metadata_jwks   [  65% ] 00/16 VUs  19m32.9s/30m0s  200.00 iters/s

running (19m33.9s), 00/16 VUs, 234787 complete and 0 interrupted iterations
metadata_jwks   [  65% ] 00/16 VUs  19m33.9s/30m0s  200.00 iters/s

running (19m34.9s), 00/16 VUs, 234987 complete and 0 interrupted iterations
metadata_jwks   [  65% ] 00/16 VUs  19m34.9s/30m0s  200.00 iters/s

running (19m35.9s), 00/16 VUs, 235187 complete and 0 interrupted iterations
metadata_jwks   [  65% ] 00/16 VUs  19m35.9s/30m0s  200.00 iters/s

running (19m36.9s), 00/16 VUs, 235387 complete and 0 interrupted iterations
metadata_jwks   [  65% ] 00/16 VUs  19m36.9s/30m0s  200.00 iters/s

running (19m37.9s), 00/16 VUs, 235587 complete and 0 interrupted iterations
metadata_jwks   [  65% ] 00/16 VUs  19m37.9s/30m0s  200.00 iters/s

running (19m38.9s), 00/16 VUs, 235787 complete and 0 interrupted iterations
metadata_jwks   [  65% ] 00/16 VUs  19m38.9s/30m0s  200.00 iters/s

running (19m39.9s), 00/16 VUs, 235987 complete and 0 interrupted iterations
metadata_jwks   [  66% ] 00/16 VUs  19m39.9s/30m0s  200.00 iters/s

running (19m40.9s), 00/16 VUs, 236187 complete and 0 interrupted iterations
metadata_jwks   [  66% ] 00/16 VUs  19m40.9s/30m0s  200.00 iters/s

running (19m41.9s), 00/16 VUs, 236387 complete and 0 interrupted iterations
metadata_jwks   [  66% ] 00/16 VUs  19m41.9s/30m0s  200.00 iters/s

running (19m42.9s), 00/16 VUs, 236587 complete and 0 interrupted iterations
metadata_jwks   [  66% ] 00/16 VUs  19m42.9s/30m0s  200.00 iters/s

running (19m43.9s), 00/16 VUs, 236787 complete and 0 interrupted iterations
metadata_jwks   [  66% ] 00/16 VUs  19m43.9s/30m0s  200.00 iters/s

running (19m44.9s), 00/16 VUs, 236987 complete and 0 interrupted iterations
metadata_jwks   [  66% ] 00/16 VUs  19m44.9s/30m0s  200.00 iters/s

running (19m45.9s), 00/16 VUs, 237187 complete and 0 interrupted iterations
metadata_jwks   [  66% ] 00/16 VUs  19m45.9s/30m0s  200.00 iters/s

running (19m46.9s), 00/16 VUs, 237387 complete and 0 interrupted iterations
metadata_jwks   [  66% ] 00/16 VUs  19m46.9s/30m0s  200.00 iters/s

running (19m47.9s), 00/16 VUs, 237587 complete and 0 interrupted iterations
metadata_jwks   [  66% ] 00/16 VUs  19m47.9s/30m0s  200.00 iters/s

running (19m48.9s), 00/16 VUs, 237787 complete and 0 interrupted iterations
metadata_jwks   [  66% ] 00/16 VUs  19m48.9s/30m0s  200.00 iters/s

running (19m49.9s), 00/16 VUs, 237987 complete and 0 interrupted iterations
metadata_jwks   [  66% ] 00/16 VUs  19m49.9s/30m0s  200.00 iters/s

running (19m50.9s), 00/16 VUs, 238187 complete and 0 interrupted iterations
metadata_jwks   [  66% ] 00/16 VUs  19m50.9s/30m0s  200.00 iters/s

running (19m51.9s), 00/16 VUs, 238387 complete and 0 interrupted iterations
metadata_jwks   [  66% ] 00/16 VUs  19m51.9s/30m0s  200.00 iters/s

running (19m52.9s), 00/16 VUs, 238587 complete and 0 interrupted iterations
metadata_jwks   [  66% ] 00/16 VUs  19m52.9s/30m0s  200.00 iters/s

running (19m53.9s), 00/16 VUs, 238787 complete and 0 interrupted iterations
metadata_jwks   [  66% ] 00/16 VUs  19m53.9s/30m0s  200.00 iters/s

running (19m54.9s), 00/16 VUs, 238987 complete and 0 interrupted iterations
metadata_jwks   [  66% ] 00/16 VUs  19m54.9s/30m0s  200.00 iters/s

running (19m55.9s), 00/16 VUs, 239187 complete and 0 interrupted iterations
metadata_jwks   [  66% ] 00/16 VUs  19m55.9s/30m0s  200.00 iters/s

running (19m56.9s), 00/16 VUs, 239387 complete and 0 interrupted iterations
metadata_jwks   [  66% ] 00/16 VUs  19m56.9s/30m0s  200.00 iters/s

running (19m57.9s), 00/16 VUs, 239587 complete and 0 interrupted iterations
metadata_jwks   [  67% ] 00/16 VUs  19m57.9s/30m0s  200.00 iters/s

running (19m58.9s), 00/16 VUs, 239787 complete and 0 interrupted iterations
metadata_jwks   [  67% ] 00/16 VUs  19m58.9s/30m0s  200.00 iters/s

running (19m59.9s), 00/16 VUs, 239987 complete and 0 interrupted iterations
metadata_jwks   [  67% ] 00/16 VUs  19m59.9s/30m0s  200.00 iters/s

running (20m00.9s), 00/16 VUs, 240187 complete and 0 interrupted iterations
metadata_jwks   [  67% ] 00/16 VUs  20m00.9s/30m0s  200.00 iters/s

running (20m01.9s), 00/16 VUs, 240387 complete and 0 interrupted iterations
metadata_jwks   [  67% ] 00/16 VUs  20m01.9s/30m0s  200.00 iters/s

running (20m02.9s), 00/16 VUs, 240587 complete and 0 interrupted iterations
metadata_jwks   [  67% ] 00/16 VUs  20m02.9s/30m0s  200.00 iters/s

running (20m03.9s), 00/16 VUs, 240787 complete and 0 interrupted iterations
metadata_jwks   [  67% ] 00/16 VUs  20m03.9s/30m0s  200.00 iters/s

running (20m04.9s), 00/16 VUs, 240987 complete and 0 interrupted iterations
metadata_jwks   [  67% ] 00/16 VUs  20m04.9s/30m0s  200.00 iters/s

running (20m05.9s), 00/16 VUs, 241187 complete and 0 interrupted iterations
metadata_jwks   [  67% ] 00/16 VUs  20m05.9s/30m0s  200.00 iters/s

running (20m06.9s), 00/16 VUs, 241387 complete and 0 interrupted iterations
metadata_jwks   [  67% ] 00/16 VUs  20m06.9s/30m0s  200.00 iters/s

running (20m07.9s), 00/16 VUs, 241587 complete and 0 interrupted iterations
metadata_jwks   [  67% ] 00/16 VUs  20m07.9s/30m0s  200.00 iters/s

running (20m08.9s), 00/16 VUs, 241787 complete and 0 interrupted iterations
metadata_jwks   [  67% ] 00/16 VUs  20m08.9s/30m0s  200.00 iters/s

running (20m09.9s), 00/16 VUs, 241987 complete and 0 interrupted iterations
metadata_jwks   [  67% ] 00/16 VUs  20m09.9s/30m0s  200.00 iters/s

running (20m10.9s), 00/16 VUs, 242187 complete and 0 interrupted iterations
metadata_jwks   [  67% ] 00/16 VUs  20m10.9s/30m0s  200.00 iters/s

running (20m11.9s), 00/16 VUs, 242387 complete and 0 interrupted iterations
metadata_jwks   [  67% ] 00/16 VUs  20m11.9s/30m0s  200.00 iters/s

running (20m12.9s), 00/16 VUs, 242587 complete and 0 interrupted iterations
metadata_jwks   [  67% ] 00/16 VUs  20m12.9s/30m0s  200.00 iters/s

running (20m13.9s), 00/16 VUs, 242787 complete and 0 interrupted iterations
metadata_jwks   [  67% ] 00/16 VUs  20m13.9s/30m0s  200.00 iters/s

running (20m14.9s), 00/16 VUs, 242987 complete and 0 interrupted iterations
metadata_jwks   [  67% ] 00/16 VUs  20m14.9s/30m0s  200.00 iters/s

running (20m15.9s), 00/16 VUs, 243187 complete and 0 interrupted iterations
metadata_jwks   [  68% ] 00/16 VUs  20m15.9s/30m0s  200.00 iters/s

running (20m16.9s), 00/16 VUs, 243387 complete and 0 interrupted iterations
metadata_jwks   [  68% ] 00/16 VUs  20m16.9s/30m0s  200.00 iters/s

running (20m17.9s), 02/16 VUs, 243587 complete and 0 interrupted iterations
metadata_jwks   [  68% ] 02/16 VUs  20m17.9s/30m0s  200.00 iters/s

running (20m18.9s), 00/16 VUs, 243787 complete and 0 interrupted iterations
metadata_jwks   [  68% ] 00/16 VUs  20m18.9s/30m0s  200.00 iters/s

running (20m19.9s), 00/16 VUs, 243987 complete and 0 interrupted iterations
metadata_jwks   [  68% ] 00/16 VUs  20m19.9s/30m0s  200.00 iters/s

running (20m20.9s), 00/16 VUs, 244187 complete and 0 interrupted iterations
metadata_jwks   [  68% ] 00/16 VUs  20m20.9s/30m0s  200.00 iters/s

running (20m21.9s), 00/16 VUs, 244387 complete and 0 interrupted iterations
metadata_jwks   [  68% ] 00/16 VUs  20m21.9s/30m0s  200.00 iters/s

running (20m22.9s), 00/16 VUs, 244587 complete and 0 interrupted iterations
metadata_jwks   [  68% ] 00/16 VUs  20m22.9s/30m0s  200.00 iters/s

running (20m23.9s), 00/16 VUs, 244787 complete and 0 interrupted iterations
metadata_jwks   [  68% ] 00/16 VUs  20m23.9s/30m0s  200.00 iters/s

running (20m24.9s), 00/16 VUs, 244987 complete and 0 interrupted iterations
metadata_jwks   [  68% ] 00/16 VUs  20m24.9s/30m0s  200.00 iters/s

running (20m25.9s), 00/16 VUs, 245187 complete and 0 interrupted iterations
metadata_jwks   [  68% ] 00/16 VUs  20m25.9s/30m0s  200.00 iters/s

running (20m26.9s), 00/16 VUs, 245387 complete and 0 interrupted iterations
metadata_jwks   [  68% ] 00/16 VUs  20m26.9s/30m0s  200.00 iters/s

running (20m27.9s), 00/16 VUs, 245587 complete and 0 interrupted iterations
metadata_jwks   [  68% ] 00/16 VUs  20m27.9s/30m0s  200.00 iters/s

running (20m28.9s), 00/16 VUs, 245787 complete and 0 interrupted iterations
metadata_jwks   [  68% ] 00/16 VUs  20m28.9s/30m0s  200.00 iters/s

running (20m29.9s), 00/16 VUs, 245987 complete and 0 interrupted iterations
metadata_jwks   [  68% ] 00/16 VUs  20m29.9s/30m0s  200.00 iters/s

running (20m30.9s), 00/16 VUs, 246187 complete and 0 interrupted iterations
metadata_jwks   [  68% ] 00/16 VUs  20m30.9s/30m0s  200.00 iters/s

running (20m31.9s), 00/16 VUs, 246387 complete and 0 interrupted iterations
metadata_jwks   [  68% ] 00/16 VUs  20m31.9s/30m0s  200.00 iters/s

running (20m32.9s), 00/16 VUs, 246587 complete and 0 interrupted iterations
metadata_jwks   [  68% ] 00/16 VUs  20m32.9s/30m0s  200.00 iters/s

running (20m33.9s), 00/16 VUs, 246787 complete and 0 interrupted iterations
metadata_jwks   [  69% ] 00/16 VUs  20m33.9s/30m0s  200.00 iters/s

running (20m34.9s), 00/16 VUs, 246987 complete and 0 interrupted iterations
metadata_jwks   [  69% ] 00/16 VUs  20m34.9s/30m0s  200.00 iters/s

running (20m35.9s), 00/16 VUs, 247187 complete and 0 interrupted iterations
metadata_jwks   [  69% ] 00/16 VUs  20m35.9s/30m0s  200.00 iters/s

running (20m36.9s), 00/16 VUs, 247387 complete and 0 interrupted iterations
metadata_jwks   [  69% ] 00/16 VUs  20m36.9s/30m0s  200.00 iters/s

running (20m37.9s), 00/16 VUs, 247587 complete and 0 interrupted iterations
metadata_jwks   [  69% ] 00/16 VUs  20m37.9s/30m0s  200.00 iters/s

running (20m38.9s), 00/16 VUs, 247787 complete and 0 interrupted iterations
metadata_jwks   [  69% ] 00/16 VUs  20m38.9s/30m0s  200.00 iters/s

running (20m39.9s), 00/16 VUs, 247987 complete and 0 interrupted iterations
metadata_jwks   [  69% ] 00/16 VUs  20m39.9s/30m0s  200.00 iters/s

running (20m40.9s), 00/16 VUs, 248187 complete and 0 interrupted iterations
metadata_jwks   [  69% ] 00/16 VUs  20m40.9s/30m0s  200.00 iters/s

running (20m41.9s), 00/16 VUs, 248387 complete and 0 interrupted iterations
metadata_jwks   [  69% ] 00/16 VUs  20m41.9s/30m0s  200.00 iters/s

running (20m42.9s), 00/16 VUs, 248587 complete and 0 interrupted iterations
metadata_jwks   [  69% ] 00/16 VUs  20m42.9s/30m0s  200.00 iters/s

running (20m43.9s), 00/16 VUs, 248787 complete and 0 interrupted iterations
metadata_jwks   [  69% ] 00/16 VUs  20m43.9s/30m0s  200.00 iters/s

running (20m44.9s), 00/16 VUs, 248987 complete and 0 interrupted iterations
metadata_jwks   [  69% ] 00/16 VUs  20m44.9s/30m0s  200.00 iters/s

running (20m45.9s), 00/16 VUs, 249187 complete and 0 interrupted iterations
metadata_jwks   [  69% ] 00/16 VUs  20m45.9s/30m0s  200.00 iters/s

running (20m46.9s), 00/16 VUs, 249387 complete and 0 interrupted iterations
metadata_jwks   [  69% ] 00/16 VUs  20m46.9s/30m0s  200.00 iters/s

running (20m47.9s), 00/16 VUs, 249587 complete and 0 interrupted iterations
metadata_jwks   [  69% ] 00/16 VUs  20m47.9s/30m0s  200.00 iters/s

running (20m48.9s), 00/16 VUs, 249787 complete and 0 interrupted iterations
metadata_jwks   [  69% ] 00/16 VUs  20m48.9s/30m0s  200.00 iters/s

running (20m49.9s), 00/16 VUs, 249987 complete and 0 interrupted iterations
metadata_jwks   [  69% ] 00/16 VUs  20m49.9s/30m0s  200.00 iters/s

running (20m50.9s), 00/16 VUs, 250187 complete and 0 interrupted iterations
metadata_jwks   [  69% ] 00/16 VUs  20m50.9s/30m0s  200.00 iters/s

running (20m51.9s), 00/16 VUs, 250387 complete and 0 interrupted iterations
metadata_jwks   [  70% ] 00/16 VUs  20m51.9s/30m0s  200.00 iters/s

running (20m52.9s), 00/16 VUs, 250587 complete and 0 interrupted iterations
metadata_jwks   [  70% ] 00/16 VUs  20m52.9s/30m0s  200.00 iters/s

running (20m53.9s), 00/16 VUs, 250787 complete and 0 interrupted iterations
metadata_jwks   [  70% ] 00/16 VUs  20m53.9s/30m0s  200.00 iters/s

running (20m54.9s), 00/16 VUs, 250987 complete and 0 interrupted iterations
metadata_jwks   [  70% ] 00/16 VUs  20m54.9s/30m0s  200.00 iters/s

running (20m55.9s), 00/16 VUs, 251187 complete and 0 interrupted iterations
metadata_jwks   [  70% ] 00/16 VUs  20m55.9s/30m0s  200.00 iters/s

running (20m56.9s), 00/16 VUs, 251387 complete and 0 interrupted iterations
metadata_jwks   [  70% ] 00/16 VUs  20m56.9s/30m0s  200.00 iters/s

running (20m57.9s), 00/16 VUs, 251587 complete and 0 interrupted iterations
metadata_jwks   [  70% ] 00/16 VUs  20m57.9s/30m0s  200.00 iters/s

running (20m58.9s), 00/16 VUs, 251787 complete and 0 interrupted iterations
metadata_jwks   [  70% ] 00/16 VUs  20m58.9s/30m0s  200.00 iters/s

running (20m59.9s), 00/16 VUs, 251987 complete and 0 interrupted iterations
metadata_jwks   [  70% ] 00/16 VUs  20m59.9s/30m0s  200.00 iters/s

running (21m00.9s), 00/16 VUs, 252187 complete and 0 interrupted iterations
metadata_jwks   [  70% ] 00/16 VUs  21m00.9s/30m0s  200.00 iters/s

running (21m01.9s), 00/16 VUs, 252387 complete and 0 interrupted iterations
metadata_jwks   [  70% ] 00/16 VUs  21m01.9s/30m0s  200.00 iters/s

running (21m02.9s), 00/16 VUs, 252587 complete and 0 interrupted iterations
metadata_jwks   [  70% ] 00/16 VUs  21m02.9s/30m0s  200.00 iters/s

running (21m03.9s), 00/16 VUs, 252787 complete and 0 interrupted iterations
metadata_jwks   [  70% ] 00/16 VUs  21m03.9s/30m0s  200.00 iters/s

running (21m04.9s), 00/16 VUs, 252987 complete and 0 interrupted iterations
metadata_jwks   [  70% ] 00/16 VUs  21m04.9s/30m0s  200.00 iters/s

running (21m05.9s), 00/16 VUs, 253187 complete and 0 interrupted iterations
metadata_jwks   [  70% ] 00/16 VUs  21m05.9s/30m0s  200.00 iters/s

running (21m06.9s), 00/16 VUs, 253387 complete and 0 interrupted iterations
metadata_jwks   [  70% ] 00/16 VUs  21m06.9s/30m0s  200.00 iters/s

running (21m07.9s), 00/16 VUs, 253587 complete and 0 interrupted iterations
metadata_jwks   [  70% ] 00/16 VUs  21m07.9s/30m0s  200.00 iters/s

running (21m08.9s), 00/16 VUs, 253787 complete and 0 interrupted iterations
metadata_jwks   [  70% ] 00/16 VUs  21m08.9s/30m0s  200.00 iters/s

running (21m09.9s), 00/16 VUs, 253987 complete and 0 interrupted iterations
metadata_jwks   [  71% ] 00/16 VUs  21m09.9s/30m0s  200.00 iters/s

running (21m10.9s), 00/16 VUs, 254187 complete and 0 interrupted iterations
metadata_jwks   [  71% ] 00/16 VUs  21m10.9s/30m0s  200.00 iters/s

running (21m11.9s), 00/16 VUs, 254387 complete and 0 interrupted iterations
metadata_jwks   [  71% ] 00/16 VUs  21m11.9s/30m0s  200.00 iters/s

running (21m12.9s), 00/16 VUs, 254587 complete and 0 interrupted iterations
metadata_jwks   [  71% ] 00/16 VUs  21m12.9s/30m0s  200.00 iters/s

running (21m13.9s), 00/16 VUs, 254787 complete and 0 interrupted iterations
metadata_jwks   [  71% ] 00/16 VUs  21m13.9s/30m0s  200.00 iters/s

running (21m14.9s), 00/16 VUs, 254987 complete and 0 interrupted iterations
metadata_jwks   [  71% ] 00/16 VUs  21m14.9s/30m0s  200.00 iters/s

running (21m15.9s), 00/16 VUs, 255187 complete and 0 interrupted iterations
metadata_jwks   [  71% ] 00/16 VUs  21m15.9s/30m0s  200.00 iters/s

running (21m16.9s), 00/16 VUs, 255387 complete and 0 interrupted iterations
metadata_jwks   [  71% ] 00/16 VUs  21m16.9s/30m0s  200.00 iters/s

running (21m17.9s), 00/16 VUs, 255587 complete and 0 interrupted iterations
metadata_jwks   [  71% ] 00/16 VUs  21m17.9s/30m0s  200.00 iters/s

running (21m18.9s), 00/16 VUs, 255787 complete and 0 interrupted iterations
metadata_jwks   [  71% ] 00/16 VUs  21m18.9s/30m0s  200.00 iters/s

running (21m19.9s), 00/16 VUs, 255987 complete and 0 interrupted iterations
metadata_jwks   [  71% ] 00/16 VUs  21m19.9s/30m0s  200.00 iters/s

running (21m20.9s), 00/16 VUs, 256187 complete and 0 interrupted iterations
metadata_jwks   [  71% ] 00/16 VUs  21m20.9s/30m0s  200.00 iters/s

running (21m21.9s), 00/16 VUs, 256387 complete and 0 interrupted iterations
metadata_jwks   [  71% ] 00/16 VUs  21m21.9s/30m0s  200.00 iters/s

running (21m22.9s), 00/16 VUs, 256587 complete and 0 interrupted iterations
metadata_jwks   [  71% ] 00/16 VUs  21m22.9s/30m0s  200.00 iters/s

running (21m23.9s), 00/16 VUs, 256787 complete and 0 interrupted iterations
metadata_jwks   [  71% ] 00/16 VUs  21m23.9s/30m0s  200.00 iters/s

running (21m24.9s), 00/16 VUs, 256987 complete and 0 interrupted iterations
metadata_jwks   [  71% ] 00/16 VUs  21m24.9s/30m0s  200.00 iters/s

running (21m25.9s), 00/16 VUs, 257187 complete and 0 interrupted iterations
metadata_jwks   [  71% ] 00/16 VUs  21m25.9s/30m0s  200.00 iters/s

running (21m26.9s), 00/16 VUs, 257387 complete and 0 interrupted iterations
metadata_jwks   [  71% ] 00/16 VUs  21m26.9s/30m0s  200.00 iters/s

running (21m27.9s), 00/16 VUs, 257587 complete and 0 interrupted iterations
metadata_jwks   [  72% ] 00/16 VUs  21m27.9s/30m0s  200.00 iters/s

running (21m28.9s), 00/16 VUs, 257787 complete and 0 interrupted iterations
metadata_jwks   [  72% ] 00/16 VUs  21m28.9s/30m0s  200.00 iters/s

running (21m29.9s), 00/16 VUs, 257987 complete and 0 interrupted iterations
metadata_jwks   [  72% ] 00/16 VUs  21m29.9s/30m0s  200.00 iters/s

running (21m30.9s), 00/16 VUs, 258187 complete and 0 interrupted iterations
metadata_jwks   [  72% ] 00/16 VUs  21m30.9s/30m0s  200.00 iters/s

running (21m31.9s), 00/16 VUs, 258387 complete and 0 interrupted iterations
metadata_jwks   [  72% ] 00/16 VUs  21m31.9s/30m0s  200.00 iters/s

running (21m32.9s), 00/16 VUs, 258587 complete and 0 interrupted iterations
metadata_jwks   [  72% ] 00/16 VUs  21m32.9s/30m0s  200.00 iters/s

running (21m33.9s), 00/16 VUs, 258787 complete and 0 interrupted iterations
metadata_jwks   [  72% ] 00/16 VUs  21m33.9s/30m0s  200.00 iters/s

running (21m34.9s), 00/16 VUs, 258987 complete and 0 interrupted iterations
metadata_jwks   [  72% ] 00/16 VUs  21m34.9s/30m0s  200.00 iters/s

running (21m35.9s), 00/16 VUs, 259187 complete and 0 interrupted iterations
metadata_jwks   [  72% ] 00/16 VUs  21m35.9s/30m0s  200.00 iters/s

running (21m36.9s), 00/16 VUs, 259387 complete and 0 interrupted iterations
metadata_jwks   [  72% ] 00/16 VUs  21m36.9s/30m0s  200.00 iters/s

running (21m37.9s), 00/16 VUs, 259587 complete and 0 interrupted iterations
metadata_jwks   [  72% ] 00/16 VUs  21m37.9s/30m0s  200.00 iters/s

running (21m38.9s), 00/16 VUs, 259787 complete and 0 interrupted iterations
metadata_jwks   [  72% ] 00/16 VUs  21m38.9s/30m0s  200.00 iters/s

running (21m39.9s), 00/16 VUs, 259987 complete and 0 interrupted iterations
metadata_jwks   [  72% ] 00/16 VUs  21m39.9s/30m0s  200.00 iters/s

running (21m40.9s), 00/16 VUs, 260187 complete and 0 interrupted iterations
metadata_jwks   [  72% ] 00/16 VUs  21m40.9s/30m0s  200.00 iters/s

running (21m41.9s), 00/16 VUs, 260387 complete and 0 interrupted iterations
metadata_jwks   [  72% ] 00/16 VUs  21m41.9s/30m0s  200.00 iters/s

running (21m42.9s), 00/16 VUs, 260587 complete and 0 interrupted iterations
metadata_jwks   [  72% ] 00/16 VUs  21m42.9s/30m0s  200.00 iters/s

running (21m43.9s), 00/16 VUs, 260787 complete and 0 interrupted iterations
metadata_jwks   [  72% ] 00/16 VUs  21m43.9s/30m0s  200.00 iters/s

running (21m44.9s), 00/16 VUs, 260987 complete and 0 interrupted iterations
metadata_jwks   [  72% ] 00/16 VUs  21m44.9s/30m0s  200.00 iters/s

running (21m45.9s), 00/16 VUs, 261187 complete and 0 interrupted iterations
metadata_jwks   [  73% ] 00/16 VUs  21m45.9s/30m0s  200.00 iters/s

running (21m46.9s), 00/16 VUs, 261387 complete and 0 interrupted iterations
metadata_jwks   [  73% ] 00/16 VUs  21m46.9s/30m0s  200.00 iters/s

running (21m47.9s), 00/16 VUs, 261587 complete and 0 interrupted iterations
metadata_jwks   [  73% ] 00/16 VUs  21m47.9s/30m0s  200.00 iters/s

running (21m48.9s), 00/16 VUs, 261787 complete and 0 interrupted iterations
metadata_jwks   [  73% ] 00/16 VUs  21m48.9s/30m0s  200.00 iters/s

running (21m49.9s), 00/16 VUs, 261987 complete and 0 interrupted iterations
metadata_jwks   [  73% ] 00/16 VUs  21m49.9s/30m0s  200.00 iters/s

running (21m50.9s), 00/16 VUs, 262187 complete and 0 interrupted iterations
metadata_jwks   [  73% ] 00/16 VUs  21m50.9s/30m0s  200.00 iters/s

running (21m51.9s), 00/16 VUs, 262387 complete and 0 interrupted iterations
metadata_jwks   [  73% ] 00/16 VUs  21m51.9s/30m0s  200.00 iters/s

running (21m52.9s), 00/16 VUs, 262587 complete and 0 interrupted iterations
metadata_jwks   [  73% ] 00/16 VUs  21m52.9s/30m0s  200.00 iters/s

running (21m53.9s), 02/16 VUs, 262787 complete and 0 interrupted iterations
metadata_jwks   [  73% ] 02/16 VUs  21m53.9s/30m0s  200.00 iters/s

running (21m54.9s), 00/16 VUs, 262987 complete and 0 interrupted iterations
metadata_jwks   [  73% ] 00/16 VUs  21m54.9s/30m0s  200.00 iters/s

running (21m55.9s), 00/16 VUs, 263187 complete and 0 interrupted iterations
metadata_jwks   [  73% ] 00/16 VUs  21m55.9s/30m0s  200.00 iters/s

running (21m56.9s), 00/16 VUs, 263387 complete and 0 interrupted iterations
metadata_jwks   [  73% ] 00/16 VUs  21m56.9s/30m0s  200.00 iters/s

running (21m57.9s), 00/16 VUs, 263587 complete and 0 interrupted iterations
metadata_jwks   [  73% ] 00/16 VUs  21m57.9s/30m0s  200.00 iters/s

running (21m58.9s), 00/16 VUs, 263787 complete and 0 interrupted iterations
metadata_jwks   [  73% ] 00/16 VUs  21m58.9s/30m0s  200.00 iters/s

running (21m59.9s), 00/16 VUs, 263987 complete and 0 interrupted iterations
metadata_jwks   [  73% ] 00/16 VUs  21m59.9s/30m0s  200.00 iters/s

running (22m00.9s), 00/16 VUs, 264187 complete and 0 interrupted iterations
metadata_jwks   [  73% ] 00/16 VUs  22m00.9s/30m0s  200.00 iters/s

running (22m01.9s), 00/16 VUs, 264387 complete and 0 interrupted iterations
metadata_jwks   [  73% ] 00/16 VUs  22m01.9s/30m0s  200.00 iters/s

running (22m02.9s), 00/16 VUs, 264587 complete and 0 interrupted iterations
metadata_jwks   [  73% ] 00/16 VUs  22m02.9s/30m0s  200.00 iters/s

running (22m03.9s), 00/16 VUs, 264787 complete and 0 interrupted iterations
metadata_jwks   [  74% ] 00/16 VUs  22m03.9s/30m0s  200.00 iters/s

running (22m04.9s), 00/16 VUs, 264987 complete and 0 interrupted iterations
metadata_jwks   [  74% ] 00/16 VUs  22m04.9s/30m0s  200.00 iters/s

running (22m05.9s), 00/16 VUs, 265187 complete and 0 interrupted iterations
metadata_jwks   [  74% ] 00/16 VUs  22m05.9s/30m0s  200.00 iters/s

running (22m06.9s), 00/16 VUs, 265387 complete and 0 interrupted iterations
metadata_jwks   [  74% ] 00/16 VUs  22m06.9s/30m0s  200.00 iters/s

running (22m07.9s), 00/16 VUs, 265587 complete and 0 interrupted iterations
metadata_jwks   [  74% ] 00/16 VUs  22m07.9s/30m0s  200.00 iters/s

running (22m08.9s), 00/16 VUs, 265787 complete and 0 interrupted iterations
metadata_jwks   [  74% ] 00/16 VUs  22m08.9s/30m0s  200.00 iters/s

running (22m09.9s), 00/16 VUs, 265987 complete and 0 interrupted iterations
metadata_jwks   [  74% ] 00/16 VUs  22m09.9s/30m0s  200.00 iters/s

running (22m10.9s), 00/16 VUs, 266187 complete and 0 interrupted iterations
metadata_jwks   [  74% ] 00/16 VUs  22m10.9s/30m0s  200.00 iters/s

running (22m11.9s), 00/16 VUs, 266387 complete and 0 interrupted iterations
metadata_jwks   [  74% ] 00/16 VUs  22m11.9s/30m0s  200.00 iters/s

running (22m12.9s), 00/16 VUs, 266587 complete and 0 interrupted iterations
metadata_jwks   [  74% ] 00/16 VUs  22m12.9s/30m0s  200.00 iters/s

running (22m13.9s), 00/16 VUs, 266787 complete and 0 interrupted iterations
metadata_jwks   [  74% ] 00/16 VUs  22m13.9s/30m0s  200.00 iters/s

running (22m14.9s), 00/16 VUs, 266987 complete and 0 interrupted iterations
metadata_jwks   [  74% ] 00/16 VUs  22m14.9s/30m0s  200.00 iters/s

running (22m15.9s), 00/16 VUs, 267187 complete and 0 interrupted iterations
metadata_jwks   [  74% ] 00/16 VUs  22m15.9s/30m0s  200.00 iters/s

running (22m16.9s), 00/16 VUs, 267387 complete and 0 interrupted iterations
metadata_jwks   [  74% ] 00/16 VUs  22m16.9s/30m0s  200.00 iters/s

running (22m17.9s), 00/16 VUs, 267587 complete and 0 interrupted iterations
metadata_jwks   [  74% ] 00/16 VUs  22m17.9s/30m0s  200.00 iters/s

running (22m18.9s), 00/16 VUs, 267787 complete and 0 interrupted iterations
metadata_jwks   [  74% ] 00/16 VUs  22m18.9s/30m0s  200.00 iters/s

running (22m19.9s), 00/16 VUs, 267987 complete and 0 interrupted iterations
metadata_jwks   [  74% ] 00/16 VUs  22m19.9s/30m0s  200.00 iters/s

running (22m20.9s), 00/16 VUs, 268187 complete and 0 interrupted iterations
metadata_jwks   [  74% ] 00/16 VUs  22m20.9s/30m0s  200.00 iters/s

running (22m21.9s), 00/16 VUs, 268387 complete and 0 interrupted iterations
metadata_jwks   [  75% ] 00/16 VUs  22m21.9s/30m0s  200.00 iters/s

running (22m22.9s), 00/16 VUs, 268587 complete and 0 interrupted iterations
metadata_jwks   [  75% ] 00/16 VUs  22m22.9s/30m0s  200.00 iters/s

running (22m23.9s), 00/16 VUs, 268787 complete and 0 interrupted iterations
metadata_jwks   [  75% ] 00/16 VUs  22m23.9s/30m0s  200.00 iters/s

running (22m24.9s), 00/16 VUs, 268987 complete and 0 interrupted iterations
metadata_jwks   [  75% ] 00/16 VUs  22m24.9s/30m0s  200.00 iters/s

running (22m25.9s), 00/16 VUs, 269187 complete and 0 interrupted iterations
metadata_jwks   [  75% ] 00/16 VUs  22m25.9s/30m0s  200.00 iters/s

running (22m26.9s), 00/16 VUs, 269387 complete and 0 interrupted iterations
metadata_jwks   [  75% ] 00/16 VUs  22m26.9s/30m0s  200.00 iters/s

running (22m27.9s), 00/16 VUs, 269587 complete and 0 interrupted iterations
metadata_jwks   [  75% ] 00/16 VUs  22m27.9s/30m0s  200.00 iters/s

running (22m28.9s), 00/16 VUs, 269787 complete and 0 interrupted iterations
metadata_jwks   [  75% ] 00/16 VUs  22m28.9s/30m0s  200.00 iters/s

running (22m29.9s), 00/16 VUs, 269987 complete and 0 interrupted iterations
metadata_jwks   [  75% ] 00/16 VUs  22m29.9s/30m0s  200.00 iters/s

running (22m30.9s), 00/16 VUs, 270187 complete and 0 interrupted iterations
metadata_jwks   [  75% ] 00/16 VUs  22m30.9s/30m0s  200.00 iters/s

running (22m31.9s), 00/16 VUs, 270387 complete and 0 interrupted iterations
metadata_jwks   [  75% ] 00/16 VUs  22m31.9s/30m0s  200.00 iters/s

running (22m32.9s), 00/16 VUs, 270587 complete and 0 interrupted iterations
metadata_jwks   [  75% ] 00/16 VUs  22m32.9s/30m0s  200.00 iters/s

running (22m33.9s), 00/16 VUs, 270787 complete and 0 interrupted iterations
metadata_jwks   [  75% ] 00/16 VUs  22m33.9s/30m0s  200.00 iters/s

running (22m34.9s), 00/16 VUs, 270987 complete and 0 interrupted iterations
metadata_jwks   [  75% ] 00/16 VUs  22m34.9s/30m0s  200.00 iters/s

running (22m35.9s), 00/16 VUs, 271187 complete and 0 interrupted iterations
metadata_jwks   [  75% ] 00/16 VUs  22m35.9s/30m0s  200.00 iters/s

running (22m36.9s), 00/16 VUs, 271387 complete and 0 interrupted iterations
metadata_jwks   [  75% ] 00/16 VUs  22m36.9s/30m0s  200.00 iters/s

running (22m37.9s), 00/16 VUs, 271587 complete and 0 interrupted iterations
metadata_jwks   [  75% ] 00/16 VUs  22m37.9s/30m0s  200.00 iters/s

running (22m38.9s), 00/16 VUs, 271787 complete and 0 interrupted iterations
metadata_jwks   [  75% ] 00/16 VUs  22m38.9s/30m0s  200.00 iters/s

running (22m39.9s), 00/16 VUs, 271987 complete and 0 interrupted iterations
metadata_jwks   [  76% ] 00/16 VUs  22m39.9s/30m0s  200.00 iters/s

running (22m40.9s), 00/16 VUs, 272187 complete and 0 interrupted iterations
metadata_jwks   [  76% ] 00/16 VUs  22m40.9s/30m0s  200.00 iters/s

running (22m41.9s), 00/16 VUs, 272387 complete and 0 interrupted iterations
metadata_jwks   [  76% ] 00/16 VUs  22m41.9s/30m0s  200.00 iters/s

running (22m42.9s), 00/16 VUs, 272587 complete and 0 interrupted iterations
metadata_jwks   [  76% ] 00/16 VUs  22m42.9s/30m0s  200.00 iters/s

running (22m43.9s), 00/16 VUs, 272787 complete and 0 interrupted iterations
metadata_jwks   [  76% ] 00/16 VUs  22m43.9s/30m0s  200.00 iters/s

running (22m44.9s), 00/16 VUs, 272987 complete and 0 interrupted iterations
metadata_jwks   [  76% ] 00/16 VUs  22m44.9s/30m0s  200.00 iters/s

running (22m45.9s), 00/16 VUs, 273187 complete and 0 interrupted iterations
metadata_jwks   [  76% ] 00/16 VUs  22m45.9s/30m0s  200.00 iters/s

running (22m46.9s), 00/16 VUs, 273387 complete and 0 interrupted iterations
metadata_jwks   [  76% ] 00/16 VUs  22m46.9s/30m0s  200.00 iters/s

running (22m47.9s), 00/16 VUs, 273587 complete and 0 interrupted iterations
metadata_jwks   [  76% ] 00/16 VUs  22m47.9s/30m0s  200.00 iters/s

running (22m48.9s), 00/16 VUs, 273787 complete and 0 interrupted iterations
metadata_jwks   [  76% ] 00/16 VUs  22m48.9s/30m0s  200.00 iters/s

running (22m49.9s), 00/16 VUs, 273987 complete and 0 interrupted iterations
metadata_jwks   [  76% ] 00/16 VUs  22m49.9s/30m0s  200.00 iters/s

running (22m50.9s), 00/16 VUs, 274187 complete and 0 interrupted iterations
metadata_jwks   [  76% ] 00/16 VUs  22m50.9s/30m0s  200.00 iters/s

running (22m51.9s), 00/16 VUs, 274387 complete and 0 interrupted iterations
metadata_jwks   [  76% ] 00/16 VUs  22m51.9s/30m0s  200.00 iters/s

running (22m52.9s), 00/16 VUs, 274587 complete and 0 interrupted iterations
metadata_jwks   [  76% ] 00/16 VUs  22m52.9s/30m0s  200.00 iters/s

running (22m53.9s), 00/16 VUs, 274787 complete and 0 interrupted iterations
metadata_jwks   [  76% ] 00/16 VUs  22m53.9s/30m0s  200.00 iters/s

running (22m54.9s), 00/16 VUs, 274987 complete and 0 interrupted iterations
metadata_jwks   [  76% ] 00/16 VUs  22m54.9s/30m0s  200.00 iters/s

running (22m55.9s), 00/16 VUs, 275187 complete and 0 interrupted iterations
metadata_jwks   [  76% ] 00/16 VUs  22m55.9s/30m0s  200.00 iters/s

running (22m56.9s), 00/16 VUs, 275387 complete and 0 interrupted iterations
metadata_jwks   [  76% ] 00/16 VUs  22m56.9s/30m0s  200.00 iters/s

running (22m57.9s), 00/16 VUs, 275587 complete and 0 interrupted iterations
metadata_jwks   [  77% ] 00/16 VUs  22m57.9s/30m0s  200.00 iters/s

running (22m58.9s), 00/16 VUs, 275787 complete and 0 interrupted iterations
metadata_jwks   [  77% ] 00/16 VUs  22m58.9s/30m0s  200.00 iters/s

running (22m59.9s), 00/16 VUs, 275987 complete and 0 interrupted iterations
metadata_jwks   [  77% ] 00/16 VUs  22m59.9s/30m0s  200.00 iters/s

running (23m00.9s), 00/16 VUs, 276187 complete and 0 interrupted iterations
metadata_jwks   [  77% ] 00/16 VUs  23m00.9s/30m0s  200.00 iters/s

running (23m01.9s), 00/16 VUs, 276387 complete and 0 interrupted iterations
metadata_jwks   [  77% ] 00/16 VUs  23m01.9s/30m0s  200.00 iters/s

running (23m02.9s), 00/16 VUs, 276587 complete and 0 interrupted iterations
metadata_jwks   [  77% ] 00/16 VUs  23m02.9s/30m0s  200.00 iters/s

running (23m03.9s), 00/16 VUs, 276787 complete and 0 interrupted iterations
metadata_jwks   [  77% ] 00/16 VUs  23m03.9s/30m0s  200.00 iters/s

running (23m04.9s), 00/16 VUs, 276987 complete and 0 interrupted iterations
metadata_jwks   [  77% ] 00/16 VUs  23m04.9s/30m0s  200.00 iters/s

running (23m05.9s), 00/16 VUs, 277187 complete and 0 interrupted iterations
metadata_jwks   [  77% ] 00/16 VUs  23m05.9s/30m0s  200.00 iters/s

running (23m06.9s), 00/16 VUs, 277387 complete and 0 interrupted iterations
metadata_jwks   [  77% ] 00/16 VUs  23m06.9s/30m0s  200.00 iters/s

running (23m07.9s), 00/16 VUs, 277587 complete and 0 interrupted iterations
metadata_jwks   [  77% ] 00/16 VUs  23m07.9s/30m0s  200.00 iters/s

running (23m08.9s), 00/16 VUs, 277787 complete and 0 interrupted iterations
metadata_jwks   [  77% ] 00/16 VUs  23m08.9s/30m0s  200.00 iters/s

running (23m09.9s), 00/16 VUs, 277987 complete and 0 interrupted iterations
metadata_jwks   [  77% ] 00/16 VUs  23m09.9s/30m0s  200.00 iters/s

running (23m10.9s), 00/16 VUs, 278187 complete and 0 interrupted iterations
metadata_jwks   [  77% ] 00/16 VUs  23m10.9s/30m0s  200.00 iters/s

running (23m11.9s), 01/16 VUs, 278387 complete and 0 interrupted iterations
metadata_jwks   [  77% ] 01/16 VUs  23m11.9s/30m0s  200.00 iters/s

running (23m12.9s), 00/16 VUs, 278587 complete and 0 interrupted iterations
metadata_jwks   [  77% ] 00/16 VUs  23m12.9s/30m0s  200.00 iters/s

running (23m13.9s), 00/16 VUs, 278787 complete and 0 interrupted iterations
metadata_jwks   [  77% ] 00/16 VUs  23m13.9s/30m0s  200.00 iters/s

running (23m14.9s), 00/16 VUs, 278987 complete and 0 interrupted iterations
metadata_jwks   [  77% ] 00/16 VUs  23m14.9s/30m0s  200.00 iters/s

running (23m15.9s), 00/16 VUs, 279187 complete and 0 interrupted iterations
metadata_jwks   [  78% ] 00/16 VUs  23m15.9s/30m0s  200.00 iters/s

running (23m16.9s), 00/16 VUs, 279387 complete and 0 interrupted iterations
metadata_jwks   [  78% ] 00/16 VUs  23m16.9s/30m0s  200.00 iters/s

running (23m17.9s), 00/16 VUs, 279587 complete and 0 interrupted iterations
metadata_jwks   [  78% ] 00/16 VUs  23m17.9s/30m0s  200.00 iters/s

running (23m18.9s), 00/16 VUs, 279787 complete and 0 interrupted iterations
metadata_jwks   [  78% ] 00/16 VUs  23m18.9s/30m0s  200.00 iters/s

running (23m19.9s), 00/16 VUs, 279987 complete and 0 interrupted iterations
metadata_jwks   [  78% ] 00/16 VUs  23m19.9s/30m0s  200.00 iters/s

running (23m20.9s), 00/16 VUs, 280187 complete and 0 interrupted iterations
metadata_jwks   [  78% ] 00/16 VUs  23m20.9s/30m0s  200.00 iters/s

running (23m21.9s), 00/16 VUs, 280387 complete and 0 interrupted iterations
metadata_jwks   [  78% ] 00/16 VUs  23m21.9s/30m0s  200.00 iters/s

running (23m22.9s), 00/16 VUs, 280587 complete and 0 interrupted iterations
metadata_jwks   [  78% ] 00/16 VUs  23m22.9s/30m0s  200.00 iters/s

running (23m23.9s), 00/16 VUs, 280787 complete and 0 interrupted iterations
metadata_jwks   [  78% ] 00/16 VUs  23m23.9s/30m0s  200.00 iters/s

running (23m24.9s), 00/16 VUs, 280987 complete and 0 interrupted iterations
metadata_jwks   [  78% ] 00/16 VUs  23m24.9s/30m0s  200.00 iters/s

running (23m25.9s), 00/16 VUs, 281187 complete and 0 interrupted iterations
metadata_jwks   [  78% ] 00/16 VUs  23m25.9s/30m0s  200.00 iters/s

running (23m26.9s), 00/16 VUs, 281387 complete and 0 interrupted iterations
metadata_jwks   [  78% ] 00/16 VUs  23m26.9s/30m0s  200.00 iters/s

running (23m27.9s), 00/16 VUs, 281587 complete and 0 interrupted iterations
metadata_jwks   [  78% ] 00/16 VUs  23m27.9s/30m0s  200.00 iters/s

running (23m28.9s), 00/16 VUs, 281787 complete and 0 interrupted iterations
metadata_jwks   [  78% ] 00/16 VUs  23m28.9s/30m0s  200.00 iters/s

running (23m29.9s), 00/16 VUs, 281987 complete and 0 interrupted iterations
metadata_jwks   [  78% ] 00/16 VUs  23m29.9s/30m0s  200.00 iters/s

running (23m30.9s), 00/16 VUs, 282187 complete and 0 interrupted iterations
metadata_jwks   [  78% ] 00/16 VUs  23m30.9s/30m0s  200.00 iters/s

running (23m31.9s), 00/16 VUs, 282387 complete and 0 interrupted iterations
metadata_jwks   [  78% ] 00/16 VUs  23m31.9s/30m0s  200.00 iters/s

running (23m32.9s), 00/16 VUs, 282587 complete and 0 interrupted iterations
metadata_jwks   [  78% ] 00/16 VUs  23m32.9s/30m0s  200.00 iters/s

running (23m33.9s), 00/16 VUs, 282787 complete and 0 interrupted iterations
metadata_jwks   [  79% ] 00/16 VUs  23m33.9s/30m0s  200.00 iters/s

running (23m34.9s), 00/16 VUs, 282987 complete and 0 interrupted iterations
metadata_jwks   [  79% ] 00/16 VUs  23m34.9s/30m0s  200.00 iters/s

running (23m35.9s), 00/16 VUs, 283187 complete and 0 interrupted iterations
metadata_jwks   [  79% ] 00/16 VUs  23m35.9s/30m0s  200.00 iters/s

running (23m36.9s), 00/16 VUs, 283387 complete and 0 interrupted iterations
metadata_jwks   [  79% ] 00/16 VUs  23m36.9s/30m0s  200.00 iters/s

running (23m37.9s), 00/16 VUs, 283587 complete and 0 interrupted iterations
metadata_jwks   [  79% ] 00/16 VUs  23m37.9s/30m0s  200.00 iters/s

running (23m38.9s), 00/16 VUs, 283787 complete and 0 interrupted iterations
metadata_jwks   [  79% ] 00/16 VUs  23m38.9s/30m0s  200.00 iters/s

running (23m39.9s), 00/16 VUs, 283987 complete and 0 interrupted iterations
metadata_jwks   [  79% ] 00/16 VUs  23m39.9s/30m0s  200.00 iters/s

running (23m40.9s), 00/16 VUs, 284187 complete and 0 interrupted iterations
metadata_jwks   [  79% ] 00/16 VUs  23m40.9s/30m0s  200.00 iters/s

running (23m41.9s), 00/16 VUs, 284387 complete and 0 interrupted iterations
metadata_jwks   [  79% ] 00/16 VUs  23m41.9s/30m0s  200.00 iters/s

running (23m42.9s), 00/16 VUs, 284587 complete and 0 interrupted iterations
metadata_jwks   [  79% ] 00/16 VUs  23m42.9s/30m0s  200.00 iters/s

running (23m43.9s), 00/16 VUs, 284787 complete and 0 interrupted iterations
metadata_jwks   [  79% ] 00/16 VUs  23m43.9s/30m0s  200.00 iters/s

running (23m44.9s), 00/16 VUs, 284987 complete and 0 interrupted iterations
metadata_jwks   [  79% ] 00/16 VUs  23m44.9s/30m0s  200.00 iters/s

running (23m45.9s), 00/16 VUs, 285187 complete and 0 interrupted iterations
metadata_jwks   [  79% ] 00/16 VUs  23m45.9s/30m0s  200.00 iters/s

running (23m46.9s), 00/16 VUs, 285387 complete and 0 interrupted iterations
metadata_jwks   [  79% ] 00/16 VUs  23m46.9s/30m0s  200.00 iters/s

running (23m47.9s), 00/16 VUs, 285587 complete and 0 interrupted iterations
metadata_jwks   [  79% ] 00/16 VUs  23m47.9s/30m0s  200.00 iters/s

running (23m48.9s), 00/16 VUs, 285787 complete and 0 interrupted iterations
metadata_jwks   [  79% ] 00/16 VUs  23m48.9s/30m0s  200.00 iters/s

running (23m49.9s), 00/16 VUs, 285987 complete and 0 interrupted iterations
metadata_jwks   [  79% ] 00/16 VUs  23m49.9s/30m0s  200.00 iters/s

running (23m50.9s), 00/16 VUs, 286187 complete and 0 interrupted iterations
metadata_jwks   [  79% ] 00/16 VUs  23m50.9s/30m0s  200.00 iters/s

running (23m51.9s), 00/16 VUs, 286387 complete and 0 interrupted iterations
metadata_jwks   [  80% ] 00/16 VUs  23m51.9s/30m0s  200.00 iters/s

running (23m52.9s), 00/16 VUs, 286587 complete and 0 interrupted iterations
metadata_jwks   [  80% ] 00/16 VUs  23m52.9s/30m0s  200.00 iters/s

running (23m53.9s), 00/16 VUs, 286787 complete and 0 interrupted iterations
metadata_jwks   [  80% ] 00/16 VUs  23m53.9s/30m0s  200.00 iters/s

running (23m54.9s), 00/16 VUs, 286987 complete and 0 interrupted iterations
metadata_jwks   [  80% ] 00/16 VUs  23m54.9s/30m0s  200.00 iters/s

running (23m55.9s), 00/16 VUs, 287187 complete and 0 interrupted iterations
metadata_jwks   [  80% ] 00/16 VUs  23m55.9s/30m0s  200.00 iters/s

running (23m56.9s), 00/16 VUs, 287387 complete and 0 interrupted iterations
metadata_jwks   [  80% ] 00/16 VUs  23m56.9s/30m0s  200.00 iters/s

running (23m57.9s), 00/16 VUs, 287587 complete and 0 interrupted iterations
metadata_jwks   [  80% ] 00/16 VUs  23m57.9s/30m0s  200.00 iters/s

running (23m58.9s), 00/16 VUs, 287787 complete and 0 interrupted iterations
metadata_jwks   [  80% ] 00/16 VUs  23m58.9s/30m0s  200.00 iters/s

running (23m59.9s), 00/16 VUs, 287987 complete and 0 interrupted iterations
metadata_jwks   [  80% ] 00/16 VUs  23m59.9s/30m0s  200.00 iters/s

running (24m00.9s), 00/16 VUs, 288187 complete and 0 interrupted iterations
metadata_jwks   [  80% ] 00/16 VUs  24m00.9s/30m0s  200.00 iters/s

running (24m01.9s), 00/16 VUs, 288387 complete and 0 interrupted iterations
metadata_jwks   [  80% ] 00/16 VUs  24m01.9s/30m0s  200.00 iters/s

running (24m02.9s), 00/16 VUs, 288587 complete and 0 interrupted iterations
metadata_jwks   [  80% ] 00/16 VUs  24m02.9s/30m0s  200.00 iters/s

running (24m03.9s), 00/16 VUs, 288787 complete and 0 interrupted iterations
metadata_jwks   [  80% ] 00/16 VUs  24m03.9s/30m0s  200.00 iters/s

running (24m04.9s), 00/16 VUs, 288987 complete and 0 interrupted iterations
metadata_jwks   [  80% ] 00/16 VUs  24m04.9s/30m0s  200.00 iters/s

running (24m05.9s), 00/16 VUs, 289187 complete and 0 interrupted iterations
metadata_jwks   [  80% ] 00/16 VUs  24m05.9s/30m0s  200.00 iters/s

running (24m06.9s), 00/16 VUs, 289387 complete and 0 interrupted iterations
metadata_jwks   [  80% ] 00/16 VUs  24m06.9s/30m0s  200.00 iters/s

running (24m07.9s), 00/16 VUs, 289587 complete and 0 interrupted iterations
metadata_jwks   [  80% ] 00/16 VUs  24m07.9s/30m0s  200.00 iters/s

running (24m08.9s), 00/16 VUs, 289787 complete and 0 interrupted iterations
metadata_jwks   [  80% ] 00/16 VUs  24m08.9s/30m0s  200.00 iters/s

running (24m09.9s), 00/16 VUs, 289987 complete and 0 interrupted iterations
metadata_jwks   [  81% ] 00/16 VUs  24m09.9s/30m0s  200.00 iters/s

running (24m10.9s), 00/16 VUs, 290187 complete and 0 interrupted iterations
metadata_jwks   [  81% ] 00/16 VUs  24m10.9s/30m0s  200.00 iters/s

running (24m11.9s), 00/16 VUs, 290387 complete and 0 interrupted iterations
metadata_jwks   [  81% ] 00/16 VUs  24m11.9s/30m0s  200.00 iters/s

running (24m12.9s), 00/16 VUs, 290587 complete and 0 interrupted iterations
metadata_jwks   [  81% ] 00/16 VUs  24m12.9s/30m0s  200.00 iters/s

running (24m13.9s), 00/16 VUs, 290787 complete and 0 interrupted iterations
metadata_jwks   [  81% ] 00/16 VUs  24m13.9s/30m0s  200.00 iters/s

running (24m14.9s), 00/16 VUs, 290987 complete and 0 interrupted iterations
metadata_jwks   [  81% ] 00/16 VUs  24m14.9s/30m0s  200.00 iters/s

running (24m15.9s), 00/16 VUs, 291187 complete and 0 interrupted iterations
metadata_jwks   [  81% ] 00/16 VUs  24m15.9s/30m0s  200.00 iters/s

running (24m16.9s), 00/16 VUs, 291387 complete and 0 interrupted iterations
metadata_jwks   [  81% ] 00/16 VUs  24m16.9s/30m0s  200.00 iters/s

running (24m17.9s), 00/16 VUs, 291587 complete and 0 interrupted iterations
metadata_jwks   [  81% ] 00/16 VUs  24m17.9s/30m0s  200.00 iters/s

running (24m18.9s), 00/16 VUs, 291787 complete and 0 interrupted iterations
metadata_jwks   [  81% ] 00/16 VUs  24m18.9s/30m0s  200.00 iters/s

running (24m19.9s), 00/16 VUs, 291987 complete and 0 interrupted iterations
metadata_jwks   [  81% ] 00/16 VUs  24m19.9s/30m0s  200.00 iters/s

running (24m20.9s), 00/16 VUs, 292187 complete and 0 interrupted iterations
metadata_jwks   [  81% ] 00/16 VUs  24m20.9s/30m0s  200.00 iters/s

running (24m21.9s), 00/16 VUs, 292387 complete and 0 interrupted iterations
metadata_jwks   [  81% ] 00/16 VUs  24m21.9s/30m0s  200.00 iters/s

running (24m22.9s), 00/16 VUs, 292587 complete and 0 interrupted iterations
metadata_jwks   [  81% ] 00/16 VUs  24m22.9s/30m0s  200.00 iters/s

running (24m23.9s), 00/16 VUs, 292787 complete and 0 interrupted iterations
metadata_jwks   [  81% ] 00/16 VUs  24m23.9s/30m0s  200.00 iters/s

running (24m24.9s), 00/16 VUs, 292987 complete and 0 interrupted iterations
metadata_jwks   [  81% ] 00/16 VUs  24m24.9s/30m0s  200.00 iters/s

running (24m25.9s), 00/16 VUs, 293187 complete and 0 interrupted iterations
metadata_jwks   [  81% ] 00/16 VUs  24m25.9s/30m0s  200.00 iters/s

running (24m26.9s), 00/16 VUs, 293387 complete and 0 interrupted iterations
metadata_jwks   [  81% ] 00/16 VUs  24m26.9s/30m0s  200.00 iters/s

running (24m27.9s), 00/16 VUs, 293587 complete and 0 interrupted iterations
metadata_jwks   [  82% ] 00/16 VUs  24m27.9s/30m0s  200.00 iters/s

running (24m28.9s), 00/16 VUs, 293787 complete and 0 interrupted iterations
metadata_jwks   [  82% ] 00/16 VUs  24m28.9s/30m0s  200.00 iters/s

running (24m29.9s), 00/16 VUs, 293987 complete and 0 interrupted iterations
metadata_jwks   [  82% ] 00/16 VUs  24m29.9s/30m0s  200.00 iters/s

running (24m30.9s), 00/16 VUs, 294187 complete and 0 interrupted iterations
metadata_jwks   [  82% ] 00/16 VUs  24m30.9s/30m0s  200.00 iters/s

running (24m31.9s), 00/16 VUs, 294387 complete and 0 interrupted iterations
metadata_jwks   [  82% ] 00/16 VUs  24m31.9s/30m0s  200.00 iters/s

running (24m32.9s), 00/16 VUs, 294587 complete and 0 interrupted iterations
metadata_jwks   [  82% ] 00/16 VUs  24m32.9s/30m0s  200.00 iters/s

running (24m33.9s), 00/16 VUs, 294787 complete and 0 interrupted iterations
metadata_jwks   [  82% ] 00/16 VUs  24m33.9s/30m0s  200.00 iters/s

running (24m34.9s), 00/16 VUs, 294987 complete and 0 interrupted iterations
metadata_jwks   [  82% ] 00/16 VUs  24m34.9s/30m0s  200.00 iters/s

running (24m35.9s), 00/16 VUs, 295187 complete and 0 interrupted iterations
metadata_jwks   [  82% ] 00/16 VUs  24m35.9s/30m0s  200.00 iters/s

running (24m36.9s), 00/16 VUs, 295387 complete and 0 interrupted iterations
metadata_jwks   [  82% ] 00/16 VUs  24m36.9s/30m0s  200.00 iters/s

running (24m37.9s), 00/16 VUs, 295587 complete and 0 interrupted iterations
metadata_jwks   [  82% ] 00/16 VUs  24m37.9s/30m0s  200.00 iters/s

running (24m38.9s), 00/16 VUs, 295787 complete and 0 interrupted iterations
metadata_jwks   [  82% ] 00/16 VUs  24m38.9s/30m0s  200.00 iters/s

running (24m39.9s), 00/16 VUs, 295987 complete and 0 interrupted iterations
metadata_jwks   [  82% ] 00/16 VUs  24m39.9s/30m0s  200.00 iters/s

running (24m40.9s), 00/16 VUs, 296187 complete and 0 interrupted iterations
metadata_jwks   [  82% ] 00/16 VUs  24m40.9s/30m0s  200.00 iters/s

running (24m41.9s), 00/16 VUs, 296387 complete and 0 interrupted iterations
metadata_jwks   [  82% ] 00/16 VUs  24m41.9s/30m0s  200.00 iters/s

running (24m42.9s), 00/16 VUs, 296587 complete and 0 interrupted iterations
metadata_jwks   [  82% ] 00/16 VUs  24m42.9s/30m0s  200.00 iters/s

running (24m43.9s), 00/16 VUs, 296787 complete and 0 interrupted iterations
metadata_jwks   [  82% ] 00/16 VUs  24m43.9s/30m0s  200.00 iters/s

running (24m44.9s), 00/16 VUs, 296987 complete and 0 interrupted iterations
metadata_jwks   [  82% ] 00/16 VUs  24m44.9s/30m0s  200.00 iters/s

running (24m45.9s), 00/16 VUs, 297187 complete and 0 interrupted iterations
metadata_jwks   [  83% ] 00/16 VUs  24m45.9s/30m0s  200.00 iters/s

running (24m46.9s), 00/16 VUs, 297387 complete and 0 interrupted iterations
metadata_jwks   [  83% ] 00/16 VUs  24m46.9s/30m0s  200.00 iters/s

running (24m47.9s), 00/16 VUs, 297587 complete and 0 interrupted iterations
metadata_jwks   [  83% ] 00/16 VUs  24m47.9s/30m0s  200.00 iters/s

running (24m48.9s), 00/16 VUs, 297787 complete and 0 interrupted iterations
metadata_jwks   [  83% ] 00/16 VUs  24m48.9s/30m0s  200.00 iters/s

running (24m49.9s), 00/16 VUs, 297987 complete and 0 interrupted iterations
metadata_jwks   [  83% ] 00/16 VUs  24m49.9s/30m0s  200.00 iters/s

running (24m50.9s), 00/16 VUs, 298187 complete and 0 interrupted iterations
metadata_jwks   [  83% ] 00/16 VUs  24m50.9s/30m0s  200.00 iters/s

running (24m51.9s), 00/16 VUs, 298387 complete and 0 interrupted iterations
metadata_jwks   [  83% ] 00/16 VUs  24m51.9s/30m0s  200.00 iters/s

running (24m52.9s), 00/16 VUs, 298587 complete and 0 interrupted iterations
metadata_jwks   [  83% ] 00/16 VUs  24m52.9s/30m0s  200.00 iters/s

running (24m53.9s), 00/16 VUs, 298787 complete and 0 interrupted iterations
metadata_jwks   [  83% ] 00/16 VUs  24m53.9s/30m0s  200.00 iters/s

running (24m54.9s), 00/16 VUs, 298987 complete and 0 interrupted iterations
metadata_jwks   [  83% ] 00/16 VUs  24m54.9s/30m0s  200.00 iters/s

running (24m55.9s), 00/16 VUs, 299187 complete and 0 interrupted iterations
metadata_jwks   [  83% ] 00/16 VUs  24m55.9s/30m0s  200.00 iters/s

running (24m56.9s), 00/16 VUs, 299387 complete and 0 interrupted iterations
metadata_jwks   [  83% ] 00/16 VUs  24m56.9s/30m0s  200.00 iters/s

running (24m57.9s), 00/16 VUs, 299587 complete and 0 interrupted iterations
metadata_jwks   [  83% ] 00/16 VUs  24m57.9s/30m0s  200.00 iters/s

running (24m58.9s), 00/16 VUs, 299787 complete and 0 interrupted iterations
metadata_jwks   [  83% ] 00/16 VUs  24m58.9s/30m0s  200.00 iters/s

running (24m59.9s), 00/16 VUs, 299987 complete and 0 interrupted iterations
metadata_jwks   [  83% ] 00/16 VUs  24m59.9s/30m0s  200.00 iters/s

running (25m00.9s), 00/16 VUs, 300187 complete and 0 interrupted iterations
metadata_jwks   [  83% ] 00/16 VUs  25m00.9s/30m0s  200.00 iters/s

running (25m01.9s), 00/16 VUs, 300387 complete and 0 interrupted iterations
metadata_jwks   [  83% ] 00/16 VUs  25m01.9s/30m0s  200.00 iters/s

running (25m02.9s), 00/16 VUs, 300587 complete and 0 interrupted iterations
metadata_jwks   [  83% ] 00/16 VUs  25m02.9s/30m0s  200.00 iters/s

running (25m03.9s), 00/16 VUs, 300787 complete and 0 interrupted iterations
metadata_jwks   [  84% ] 00/16 VUs  25m03.9s/30m0s  200.00 iters/s

running (25m04.9s), 00/16 VUs, 300987 complete and 0 interrupted iterations
metadata_jwks   [  84% ] 00/16 VUs  25m04.9s/30m0s  200.00 iters/s

running (25m05.9s), 00/16 VUs, 301187 complete and 0 interrupted iterations
metadata_jwks   [  84% ] 00/16 VUs  25m05.9s/30m0s  200.00 iters/s

running (25m06.9s), 00/16 VUs, 301387 complete and 0 interrupted iterations
metadata_jwks   [  84% ] 00/16 VUs  25m06.9s/30m0s  200.00 iters/s

running (25m07.9s), 00/16 VUs, 301587 complete and 0 interrupted iterations
metadata_jwks   [  84% ] 00/16 VUs  25m07.9s/30m0s  200.00 iters/s

running (25m08.9s), 00/16 VUs, 301787 complete and 0 interrupted iterations
metadata_jwks   [  84% ] 00/16 VUs  25m08.9s/30m0s  200.00 iters/s

running (25m09.9s), 00/16 VUs, 301987 complete and 0 interrupted iterations
metadata_jwks   [  84% ] 00/16 VUs  25m09.9s/30m0s  200.00 iters/s

running (25m10.9s), 00/16 VUs, 302187 complete and 0 interrupted iterations
metadata_jwks   [  84% ] 00/16 VUs  25m10.9s/30m0s  200.00 iters/s

running (25m11.9s), 00/16 VUs, 302387 complete and 0 interrupted iterations
metadata_jwks   [  84% ] 00/16 VUs  25m11.9s/30m0s  200.00 iters/s

running (25m12.9s), 00/16 VUs, 302587 complete and 0 interrupted iterations
metadata_jwks   [  84% ] 00/16 VUs  25m12.9s/30m0s  200.00 iters/s

running (25m13.9s), 00/16 VUs, 302787 complete and 0 interrupted iterations
metadata_jwks   [  84% ] 00/16 VUs  25m13.9s/30m0s  200.00 iters/s

running (25m14.9s), 00/16 VUs, 302987 complete and 0 interrupted iterations
metadata_jwks   [  84% ] 00/16 VUs  25m14.9s/30m0s  200.00 iters/s

running (25m15.9s), 00/16 VUs, 303187 complete and 0 interrupted iterations
metadata_jwks   [  84% ] 00/16 VUs  25m15.9s/30m0s  200.00 iters/s

running (25m16.9s), 00/16 VUs, 303387 complete and 0 interrupted iterations
metadata_jwks   [  84% ] 00/16 VUs  25m16.9s/30m0s  200.00 iters/s

running (25m17.9s), 00/16 VUs, 303587 complete and 0 interrupted iterations
metadata_jwks   [  84% ] 00/16 VUs  25m17.9s/30m0s  200.00 iters/s

running (25m18.9s), 00/16 VUs, 303787 complete and 0 interrupted iterations
metadata_jwks   [  84% ] 00/16 VUs  25m18.9s/30m0s  200.00 iters/s

running (25m19.9s), 00/16 VUs, 303987 complete and 0 interrupted iterations
metadata_jwks   [  84% ] 00/16 VUs  25m19.9s/30m0s  200.00 iters/s

running (25m20.9s), 00/16 VUs, 304187 complete and 0 interrupted iterations
metadata_jwks   [  84% ] 00/16 VUs  25m20.9s/30m0s  200.00 iters/s

running (25m21.9s), 00/16 VUs, 304387 complete and 0 interrupted iterations
metadata_jwks   [  85% ] 00/16 VUs  25m21.9s/30m0s  200.00 iters/s

running (25m22.9s), 00/16 VUs, 304587 complete and 0 interrupted iterations
metadata_jwks   [  85% ] 00/16 VUs  25m22.9s/30m0s  200.00 iters/s

running (25m23.9s), 00/16 VUs, 304787 complete and 0 interrupted iterations
metadata_jwks   [  85% ] 00/16 VUs  25m23.9s/30m0s  200.00 iters/s

running (25m24.9s), 00/16 VUs, 304987 complete and 0 interrupted iterations
metadata_jwks   [  85% ] 00/16 VUs  25m24.9s/30m0s  200.00 iters/s

running (25m25.9s), 00/16 VUs, 305187 complete and 0 interrupted iterations
metadata_jwks   [  85% ] 00/16 VUs  25m25.9s/30m0s  200.00 iters/s

running (25m26.9s), 00/16 VUs, 305387 complete and 0 interrupted iterations
metadata_jwks   [  85% ] 00/16 VUs  25m26.9s/30m0s  200.00 iters/s

running (25m27.9s), 00/16 VUs, 305587 complete and 0 interrupted iterations
metadata_jwks   [  85% ] 00/16 VUs  25m27.9s/30m0s  200.00 iters/s

running (25m28.9s), 00/16 VUs, 305787 complete and 0 interrupted iterations
metadata_jwks   [  85% ] 00/16 VUs  25m28.9s/30m0s  200.00 iters/s

running (25m29.9s), 00/16 VUs, 305987 complete and 0 interrupted iterations
metadata_jwks   [  85% ] 00/16 VUs  25m29.9s/30m0s  200.00 iters/s

running (25m30.9s), 00/16 VUs, 306187 complete and 0 interrupted iterations
metadata_jwks   [  85% ] 00/16 VUs  25m30.9s/30m0s  200.00 iters/s

running (25m31.9s), 00/16 VUs, 306387 complete and 0 interrupted iterations
metadata_jwks   [  85% ] 00/16 VUs  25m31.9s/30m0s  200.00 iters/s

running (25m32.9s), 00/16 VUs, 306587 complete and 0 interrupted iterations
metadata_jwks   [  85% ] 00/16 VUs  25m32.9s/30m0s  200.00 iters/s

running (25m33.9s), 00/16 VUs, 306787 complete and 0 interrupted iterations
metadata_jwks   [  85% ] 00/16 VUs  25m33.9s/30m0s  200.00 iters/s

running (25m34.9s), 00/16 VUs, 306987 complete and 0 interrupted iterations
metadata_jwks   [  85% ] 00/16 VUs  25m34.9s/30m0s  200.00 iters/s

running (25m35.9s), 00/16 VUs, 307187 complete and 0 interrupted iterations
metadata_jwks   [  85% ] 00/16 VUs  25m35.9s/30m0s  200.00 iters/s

running (25m36.9s), 00/16 VUs, 307387 complete and 0 interrupted iterations
metadata_jwks   [  85% ] 00/16 VUs  25m36.9s/30m0s  200.00 iters/s

running (25m37.9s), 00/16 VUs, 307587 complete and 0 interrupted iterations
metadata_jwks   [  85% ] 00/16 VUs  25m37.9s/30m0s  200.00 iters/s

running (25m38.9s), 00/16 VUs, 307787 complete and 0 interrupted iterations
metadata_jwks   [  85% ] 00/16 VUs  25m38.9s/30m0s  200.00 iters/s

running (25m39.9s), 00/16 VUs, 307987 complete and 0 interrupted iterations
metadata_jwks   [  86% ] 00/16 VUs  25m39.9s/30m0s  200.00 iters/s

running (25m40.9s), 00/16 VUs, 308187 complete and 0 interrupted iterations
metadata_jwks   [  86% ] 00/16 VUs  25m40.9s/30m0s  200.00 iters/s

running (25m41.9s), 00/16 VUs, 308387 complete and 0 interrupted iterations
metadata_jwks   [  86% ] 00/16 VUs  25m41.9s/30m0s  200.00 iters/s

running (25m42.9s), 00/16 VUs, 308587 complete and 0 interrupted iterations
metadata_jwks   [  86% ] 00/16 VUs  25m42.9s/30m0s  200.00 iters/s

running (25m43.9s), 00/16 VUs, 308787 complete and 0 interrupted iterations
metadata_jwks   [  86% ] 00/16 VUs  25m43.9s/30m0s  200.00 iters/s

running (25m44.9s), 00/16 VUs, 308987 complete and 0 interrupted iterations
metadata_jwks   [  86% ] 00/16 VUs  25m44.9s/30m0s  200.00 iters/s

running (25m45.9s), 00/16 VUs, 309187 complete and 0 interrupted iterations
metadata_jwks   [  86% ] 00/16 VUs  25m45.9s/30m0s  200.00 iters/s

running (25m46.9s), 00/16 VUs, 309387 complete and 0 interrupted iterations
metadata_jwks   [  86% ] 00/16 VUs  25m46.9s/30m0s  200.00 iters/s

running (25m47.9s), 00/16 VUs, 309587 complete and 0 interrupted iterations
metadata_jwks   [  86% ] 00/16 VUs  25m47.9s/30m0s  200.00 iters/s

running (25m48.9s), 00/16 VUs, 309787 complete and 0 interrupted iterations
metadata_jwks   [  86% ] 00/16 VUs  25m48.9s/30m0s  200.00 iters/s

running (25m49.9s), 00/16 VUs, 309987 complete and 0 interrupted iterations
metadata_jwks   [  86% ] 00/16 VUs  25m49.9s/30m0s  200.00 iters/s

running (25m50.9s), 00/16 VUs, 310187 complete and 0 interrupted iterations
metadata_jwks   [  86% ] 00/16 VUs  25m50.9s/30m0s  200.00 iters/s

running (25m51.9s), 00/16 VUs, 310387 complete and 0 interrupted iterations
metadata_jwks   [  86% ] 00/16 VUs  25m51.9s/30m0s  200.00 iters/s

running (25m52.9s), 00/16 VUs, 310587 complete and 0 interrupted iterations
metadata_jwks   [  86% ] 00/16 VUs  25m52.9s/30m0s  200.00 iters/s

running (25m53.9s), 00/16 VUs, 310787 complete and 0 interrupted iterations
metadata_jwks   [  86% ] 00/16 VUs  25m53.9s/30m0s  200.00 iters/s

running (25m54.9s), 00/16 VUs, 310987 complete and 0 interrupted iterations
metadata_jwks   [  86% ] 00/16 VUs  25m54.9s/30m0s  200.00 iters/s

running (25m55.9s), 00/16 VUs, 311187 complete and 0 interrupted iterations
metadata_jwks   [  86% ] 00/16 VUs  25m55.9s/30m0s  200.00 iters/s

running (25m56.9s), 00/16 VUs, 311387 complete and 0 interrupted iterations
metadata_jwks   [  86% ] 00/16 VUs  25m56.9s/30m0s  200.00 iters/s

running (25m57.9s), 00/16 VUs, 311587 complete and 0 interrupted iterations
metadata_jwks   [  87% ] 00/16 VUs  25m57.9s/30m0s  200.00 iters/s

running (25m58.9s), 00/16 VUs, 311787 complete and 0 interrupted iterations
metadata_jwks   [  87% ] 00/16 VUs  25m58.9s/30m0s  200.00 iters/s

running (25m59.9s), 00/16 VUs, 311987 complete and 0 interrupted iterations
metadata_jwks   [  87% ] 00/16 VUs  25m59.9s/30m0s  200.00 iters/s

running (26m00.9s), 00/16 VUs, 312187 complete and 0 interrupted iterations
metadata_jwks   [  87% ] 00/16 VUs  26m00.9s/30m0s  200.00 iters/s

running (26m01.9s), 00/16 VUs, 312387 complete and 0 interrupted iterations
metadata_jwks   [  87% ] 00/16 VUs  26m01.9s/30m0s  200.00 iters/s

running (26m02.9s), 00/16 VUs, 312587 complete and 0 interrupted iterations
metadata_jwks   [  87% ] 00/16 VUs  26m02.9s/30m0s  200.00 iters/s

running (26m03.9s), 00/16 VUs, 312787 complete and 0 interrupted iterations
metadata_jwks   [  87% ] 00/16 VUs  26m03.9s/30m0s  200.00 iters/s

running (26m04.9s), 00/16 VUs, 312987 complete and 0 interrupted iterations
metadata_jwks   [  87% ] 00/16 VUs  26m04.9s/30m0s  200.00 iters/s

running (26m05.9s), 00/16 VUs, 313187 complete and 0 interrupted iterations
metadata_jwks   [  87% ] 00/16 VUs  26m05.9s/30m0s  200.00 iters/s

running (26m06.9s), 00/16 VUs, 313387 complete and 0 interrupted iterations
metadata_jwks   [  87% ] 00/16 VUs  26m06.9s/30m0s  200.00 iters/s

running (26m07.9s), 00/16 VUs, 313587 complete and 0 interrupted iterations
metadata_jwks   [  87% ] 00/16 VUs  26m07.9s/30m0s  200.00 iters/s

running (26m08.9s), 00/16 VUs, 313787 complete and 0 interrupted iterations
metadata_jwks   [  87% ] 00/16 VUs  26m08.9s/30m0s  200.00 iters/s

running (26m09.9s), 00/16 VUs, 313987 complete and 0 interrupted iterations
metadata_jwks   [  87% ] 00/16 VUs  26m09.9s/30m0s  200.00 iters/s

running (26m10.9s), 00/16 VUs, 314187 complete and 0 interrupted iterations
metadata_jwks   [  87% ] 00/16 VUs  26m10.9s/30m0s  200.00 iters/s

running (26m11.9s), 00/16 VUs, 314387 complete and 0 interrupted iterations
metadata_jwks   [  87% ] 00/16 VUs  26m11.9s/30m0s  200.00 iters/s

running (26m12.9s), 00/16 VUs, 314587 complete and 0 interrupted iterations
metadata_jwks   [  87% ] 00/16 VUs  26m12.9s/30m0s  200.00 iters/s

running (26m13.9s), 00/16 VUs, 314787 complete and 0 interrupted iterations
metadata_jwks   [  87% ] 00/16 VUs  26m13.9s/30m0s  200.00 iters/s

running (26m14.9s), 00/16 VUs, 314987 complete and 0 interrupted iterations
metadata_jwks   [  87% ] 00/16 VUs  26m14.9s/30m0s  200.00 iters/s

running (26m15.9s), 00/16 VUs, 315187 complete and 0 interrupted iterations
metadata_jwks   [  88% ] 00/16 VUs  26m15.9s/30m0s  200.00 iters/s

running (26m16.9s), 00/16 VUs, 315387 complete and 0 interrupted iterations
metadata_jwks   [  88% ] 00/16 VUs  26m16.9s/30m0s  200.00 iters/s

running (26m17.9s), 00/16 VUs, 315587 complete and 0 interrupted iterations
metadata_jwks   [  88% ] 00/16 VUs  26m17.9s/30m0s  200.00 iters/s

running (26m18.9s), 00/16 VUs, 315787 complete and 0 interrupted iterations
metadata_jwks   [  88% ] 00/16 VUs  26m18.9s/30m0s  200.00 iters/s

running (26m19.9s), 00/16 VUs, 315987 complete and 0 interrupted iterations
metadata_jwks   [  88% ] 00/16 VUs  26m19.9s/30m0s  200.00 iters/s

running (26m20.9s), 00/16 VUs, 316187 complete and 0 interrupted iterations
metadata_jwks   [  88% ] 00/16 VUs  26m20.9s/30m0s  200.00 iters/s

running (26m21.9s), 00/16 VUs, 316387 complete and 0 interrupted iterations
metadata_jwks   [  88% ] 00/16 VUs  26m21.9s/30m0s  200.00 iters/s

running (26m22.9s), 00/16 VUs, 316587 complete and 0 interrupted iterations
metadata_jwks   [  88% ] 00/16 VUs  26m22.9s/30m0s  200.00 iters/s

running (26m23.9s), 00/16 VUs, 316787 complete and 0 interrupted iterations
metadata_jwks   [  88% ] 00/16 VUs  26m23.9s/30m0s  200.00 iters/s

running (26m24.9s), 00/16 VUs, 316987 complete and 0 interrupted iterations
metadata_jwks   [  88% ] 00/16 VUs  26m24.9s/30m0s  200.00 iters/s

running (26m25.9s), 00/16 VUs, 317187 complete and 0 interrupted iterations
metadata_jwks   [  88% ] 00/16 VUs  26m25.9s/30m0s  200.00 iters/s

running (26m26.9s), 00/16 VUs, 317387 complete and 0 interrupted iterations
metadata_jwks   [  88% ] 00/16 VUs  26m26.9s/30m0s  200.00 iters/s

running (26m27.9s), 00/16 VUs, 317587 complete and 0 interrupted iterations
metadata_jwks   [  88% ] 00/16 VUs  26m27.9s/30m0s  200.00 iters/s

running (26m28.9s), 00/16 VUs, 317787 complete and 0 interrupted iterations
metadata_jwks   [  88% ] 00/16 VUs  26m28.9s/30m0s  200.00 iters/s

running (26m29.9s), 00/16 VUs, 317987 complete and 0 interrupted iterations
metadata_jwks   [  88% ] 00/16 VUs  26m29.9s/30m0s  200.00 iters/s

running (26m30.9s), 00/16 VUs, 318187 complete and 0 interrupted iterations
metadata_jwks   [  88% ] 00/16 VUs  26m30.9s/30m0s  200.00 iters/s

running (26m31.9s), 00/16 VUs, 318387 complete and 0 interrupted iterations
metadata_jwks   [  88% ] 00/16 VUs  26m31.9s/30m0s  200.00 iters/s

running (26m32.9s), 00/16 VUs, 318587 complete and 0 interrupted iterations
metadata_jwks   [  88% ] 00/16 VUs  26m32.9s/30m0s  200.00 iters/s

running (26m33.9s), 00/16 VUs, 318787 complete and 0 interrupted iterations
metadata_jwks   [  89% ] 00/16 VUs  26m33.9s/30m0s  200.00 iters/s

running (26m34.9s), 00/16 VUs, 318987 complete and 0 interrupted iterations
metadata_jwks   [  89% ] 00/16 VUs  26m34.9s/30m0s  200.00 iters/s

running (26m35.9s), 01/16 VUs, 319187 complete and 0 interrupted iterations
metadata_jwks   [  89% ] 01/16 VUs  26m35.9s/30m0s  200.00 iters/s

running (26m36.9s), 00/16 VUs, 319387 complete and 0 interrupted iterations
metadata_jwks   [  89% ] 00/16 VUs  26m36.9s/30m0s  200.00 iters/s

running (26m37.9s), 00/16 VUs, 319587 complete and 0 interrupted iterations
metadata_jwks   [  89% ] 00/16 VUs  26m37.9s/30m0s  200.00 iters/s

running (26m38.9s), 00/16 VUs, 319787 complete and 0 interrupted iterations
metadata_jwks   [  89% ] 00/16 VUs  26m38.9s/30m0s  200.00 iters/s

running (26m39.9s), 00/16 VUs, 319987 complete and 0 interrupted iterations
metadata_jwks   [  89% ] 00/16 VUs  26m39.9s/30m0s  200.00 iters/s

running (26m40.9s), 00/16 VUs, 320187 complete and 0 interrupted iterations
metadata_jwks   [  89% ] 00/16 VUs  26m40.9s/30m0s  200.00 iters/s

running (26m41.9s), 00/16 VUs, 320387 complete and 0 interrupted iterations
metadata_jwks   [  89% ] 00/16 VUs  26m41.9s/30m0s  200.00 iters/s

running (26m42.9s), 00/16 VUs, 320587 complete and 0 interrupted iterations
metadata_jwks   [  89% ] 00/16 VUs  26m42.9s/30m0s  200.00 iters/s

running (26m43.9s), 00/16 VUs, 320787 complete and 0 interrupted iterations
metadata_jwks   [  89% ] 00/16 VUs  26m43.9s/30m0s  200.00 iters/s

running (26m44.9s), 00/16 VUs, 320987 complete and 0 interrupted iterations
metadata_jwks   [  89% ] 00/16 VUs  26m44.9s/30m0s  200.00 iters/s

running (26m45.9s), 00/16 VUs, 321187 complete and 0 interrupted iterations
metadata_jwks   [  89% ] 00/16 VUs  26m45.9s/30m0s  200.00 iters/s

running (26m46.9s), 00/16 VUs, 321387 complete and 0 interrupted iterations
metadata_jwks   [  89% ] 00/16 VUs  26m46.9s/30m0s  200.00 iters/s

running (26m47.9s), 00/16 VUs, 321587 complete and 0 interrupted iterations
metadata_jwks   [  89% ] 00/16 VUs  26m47.9s/30m0s  200.00 iters/s

running (26m48.9s), 00/16 VUs, 321787 complete and 0 interrupted iterations
metadata_jwks   [  89% ] 00/16 VUs  26m48.9s/30m0s  200.00 iters/s

running (26m49.9s), 00/16 VUs, 321987 complete and 0 interrupted iterations
metadata_jwks   [  89% ] 00/16 VUs  26m49.9s/30m0s  200.00 iters/s

running (26m50.9s), 00/16 VUs, 322187 complete and 0 interrupted iterations
metadata_jwks   [  89% ] 00/16 VUs  26m50.9s/30m0s  200.00 iters/s

running (26m51.9s), 00/16 VUs, 322387 complete and 0 interrupted iterations
metadata_jwks   [  90% ] 00/16 VUs  26m51.9s/30m0s  200.00 iters/s

running (26m52.9s), 00/16 VUs, 322587 complete and 0 interrupted iterations
metadata_jwks   [  90% ] 00/16 VUs  26m52.9s/30m0s  200.00 iters/s

running (26m53.9s), 00/16 VUs, 322787 complete and 0 interrupted iterations
metadata_jwks   [  90% ] 00/16 VUs  26m53.9s/30m0s  200.00 iters/s

running (26m54.9s), 00/16 VUs, 322987 complete and 0 interrupted iterations
metadata_jwks   [  90% ] 00/16 VUs  26m54.9s/30m0s  200.00 iters/s

running (26m55.9s), 00/16 VUs, 323187 complete and 0 interrupted iterations
metadata_jwks   [  90% ] 00/16 VUs  26m55.9s/30m0s  200.00 iters/s

running (26m56.9s), 00/16 VUs, 323387 complete and 0 interrupted iterations
metadata_jwks   [  90% ] 00/16 VUs  26m56.9s/30m0s  200.00 iters/s

running (26m57.9s), 00/16 VUs, 323587 complete and 0 interrupted iterations
metadata_jwks   [  90% ] 00/16 VUs  26m57.9s/30m0s  200.00 iters/s

running (26m58.9s), 00/16 VUs, 323787 complete and 0 interrupted iterations
metadata_jwks   [  90% ] 00/16 VUs  26m58.9s/30m0s  200.00 iters/s

running (26m59.9s), 00/16 VUs, 323987 complete and 0 interrupted iterations
metadata_jwks   [  90% ] 00/16 VUs  26m59.9s/30m0s  200.00 iters/s

running (27m00.9s), 00/16 VUs, 324187 complete and 0 interrupted iterations
metadata_jwks   [  90% ] 00/16 VUs  27m00.9s/30m0s  200.00 iters/s

running (27m01.9s), 00/16 VUs, 324387 complete and 0 interrupted iterations
metadata_jwks   [  90% ] 00/16 VUs  27m01.9s/30m0s  200.00 iters/s

running (27m02.9s), 00/16 VUs, 324587 complete and 0 interrupted iterations
metadata_jwks   [  90% ] 00/16 VUs  27m02.9s/30m0s  200.00 iters/s

running (27m03.9s), 00/16 VUs, 324787 complete and 0 interrupted iterations
metadata_jwks   [  90% ] 00/16 VUs  27m03.9s/30m0s  200.00 iters/s

running (27m04.9s), 00/16 VUs, 324987 complete and 0 interrupted iterations
metadata_jwks   [  90% ] 00/16 VUs  27m04.9s/30m0s  200.00 iters/s

running (27m05.9s), 00/16 VUs, 325187 complete and 0 interrupted iterations
metadata_jwks   [  90% ] 00/16 VUs  27m05.9s/30m0s  200.00 iters/s

running (27m06.9s), 00/16 VUs, 325387 complete and 0 interrupted iterations
metadata_jwks   [  90% ] 00/16 VUs  27m06.9s/30m0s  200.00 iters/s

running (27m07.9s), 00/16 VUs, 325587 complete and 0 interrupted iterations
metadata_jwks   [  90% ] 00/16 VUs  27m07.9s/30m0s  200.00 iters/s

running (27m08.9s), 00/16 VUs, 325787 complete and 0 interrupted iterations
metadata_jwks   [  90% ] 00/16 VUs  27m08.9s/30m0s  200.00 iters/s

running (27m09.9s), 00/16 VUs, 325987 complete and 0 interrupted iterations
metadata_jwks   [  91% ] 00/16 VUs  27m09.9s/30m0s  200.00 iters/s

running (27m10.9s), 00/16 VUs, 326187 complete and 0 interrupted iterations
metadata_jwks   [  91% ] 00/16 VUs  27m10.9s/30m0s  200.00 iters/s

running (27m11.9s), 00/16 VUs, 326387 complete and 0 interrupted iterations
metadata_jwks   [  91% ] 00/16 VUs  27m11.9s/30m0s  200.00 iters/s

running (27m12.9s), 00/16 VUs, 326587 complete and 0 interrupted iterations
metadata_jwks   [  91% ] 00/16 VUs  27m12.9s/30m0s  200.00 iters/s

running (27m13.9s), 00/16 VUs, 326787 complete and 0 interrupted iterations
metadata_jwks   [  91% ] 00/16 VUs  27m13.9s/30m0s  200.00 iters/s

running (27m14.9s), 00/16 VUs, 326987 complete and 0 interrupted iterations
metadata_jwks   [  91% ] 00/16 VUs  27m14.9s/30m0s  200.00 iters/s

running (27m15.9s), 00/16 VUs, 327187 complete and 0 interrupted iterations
metadata_jwks   [  91% ] 00/16 VUs  27m15.9s/30m0s  200.00 iters/s

running (27m16.9s), 00/16 VUs, 327387 complete and 0 interrupted iterations
metadata_jwks   [  91% ] 00/16 VUs  27m16.9s/30m0s  200.00 iters/s

running (27m17.9s), 00/16 VUs, 327587 complete and 0 interrupted iterations
metadata_jwks   [  91% ] 00/16 VUs  27m17.9s/30m0s  200.00 iters/s

running (27m18.9s), 00/16 VUs, 327787 complete and 0 interrupted iterations
metadata_jwks   [  91% ] 00/16 VUs  27m18.9s/30m0s  200.00 iters/s

running (27m19.9s), 00/16 VUs, 327987 complete and 0 interrupted iterations
metadata_jwks   [  91% ] 00/16 VUs  27m19.9s/30m0s  200.00 iters/s

running (27m20.9s), 00/16 VUs, 328187 complete and 0 interrupted iterations
metadata_jwks   [  91% ] 00/16 VUs  27m20.9s/30m0s  200.00 iters/s

running (27m21.9s), 00/16 VUs, 328387 complete and 0 interrupted iterations
metadata_jwks   [  91% ] 00/16 VUs  27m21.9s/30m0s  200.00 iters/s

running (27m22.9s), 00/16 VUs, 328587 complete and 0 interrupted iterations
metadata_jwks   [  91% ] 00/16 VUs  27m22.9s/30m0s  200.00 iters/s

running (27m23.9s), 00/16 VUs, 328787 complete and 0 interrupted iterations
metadata_jwks   [  91% ] 00/16 VUs  27m23.9s/30m0s  200.00 iters/s

running (27m24.9s), 00/16 VUs, 328987 complete and 0 interrupted iterations
metadata_jwks   [  91% ] 00/16 VUs  27m24.9s/30m0s  200.00 iters/s

running (27m25.9s), 00/16 VUs, 329187 complete and 0 interrupted iterations
metadata_jwks   [  91% ] 00/16 VUs  27m25.9s/30m0s  200.00 iters/s

running (27m26.9s), 00/16 VUs, 329387 complete and 0 interrupted iterations
metadata_jwks   [  91% ] 00/16 VUs  27m26.9s/30m0s  200.00 iters/s

running (27m27.9s), 00/16 VUs, 329587 complete and 0 interrupted iterations
metadata_jwks   [  92% ] 00/16 VUs  27m27.9s/30m0s  200.00 iters/s

running (27m28.9s), 00/16 VUs, 329787 complete and 0 interrupted iterations
metadata_jwks   [  92% ] 00/16 VUs  27m28.9s/30m0s  200.00 iters/s

running (27m29.9s), 00/16 VUs, 329987 complete and 0 interrupted iterations
metadata_jwks   [  92% ] 00/16 VUs  27m29.9s/30m0s  200.00 iters/s

running (27m30.9s), 00/16 VUs, 330187 complete and 0 interrupted iterations
metadata_jwks   [  92% ] 00/16 VUs  27m30.9s/30m0s  200.00 iters/s

running (27m31.9s), 00/16 VUs, 330387 complete and 0 interrupted iterations
metadata_jwks   [  92% ] 00/16 VUs  27m31.9s/30m0s  200.00 iters/s

running (27m32.9s), 00/16 VUs, 330587 complete and 0 interrupted iterations
metadata_jwks   [  92% ] 00/16 VUs  27m32.9s/30m0s  200.00 iters/s

running (27m33.9s), 00/16 VUs, 330787 complete and 0 interrupted iterations
metadata_jwks   [  92% ] 00/16 VUs  27m33.9s/30m0s  200.00 iters/s

running (27m34.9s), 00/16 VUs, 330987 complete and 0 interrupted iterations
metadata_jwks   [  92% ] 00/16 VUs  27m34.9s/30m0s  200.00 iters/s

running (27m35.9s), 00/16 VUs, 331187 complete and 0 interrupted iterations
metadata_jwks   [  92% ] 00/16 VUs  27m35.9s/30m0s  200.00 iters/s

running (27m36.9s), 00/16 VUs, 331387 complete and 0 interrupted iterations
metadata_jwks   [  92% ] 00/16 VUs  27m36.9s/30m0s  200.00 iters/s

running (27m37.9s), 00/16 VUs, 331587 complete and 0 interrupted iterations
metadata_jwks   [  92% ] 00/16 VUs  27m37.9s/30m0s  200.00 iters/s

running (27m38.9s), 00/16 VUs, 331787 complete and 0 interrupted iterations
metadata_jwks   [  92% ] 00/16 VUs  27m38.9s/30m0s  200.00 iters/s

running (27m39.9s), 00/16 VUs, 331987 complete and 0 interrupted iterations
metadata_jwks   [  92% ] 00/16 VUs  27m39.9s/30m0s  200.00 iters/s

running (27m40.9s), 00/16 VUs, 332187 complete and 0 interrupted iterations
metadata_jwks   [  92% ] 00/16 VUs  27m40.9s/30m0s  200.00 iters/s

running (27m41.9s), 00/16 VUs, 332387 complete and 0 interrupted iterations
metadata_jwks   [  92% ] 00/16 VUs  27m41.9s/30m0s  200.00 iters/s

running (27m42.9s), 00/16 VUs, 332587 complete and 0 interrupted iterations
metadata_jwks   [  92% ] 00/16 VUs  27m42.9s/30m0s  200.00 iters/s

running (27m43.9s), 00/16 VUs, 332787 complete and 0 interrupted iterations
metadata_jwks   [  92% ] 00/16 VUs  27m43.9s/30m0s  200.00 iters/s

running (27m44.9s), 00/16 VUs, 332987 complete and 0 interrupted iterations
metadata_jwks   [  92% ] 00/16 VUs  27m44.9s/30m0s  200.00 iters/s

running (27m45.9s), 00/16 VUs, 333187 complete and 0 interrupted iterations
metadata_jwks   [  93% ] 00/16 VUs  27m45.9s/30m0s  200.00 iters/s

running (27m46.9s), 00/16 VUs, 333387 complete and 0 interrupted iterations
metadata_jwks   [  93% ] 00/16 VUs  27m46.9s/30m0s  200.00 iters/s

running (27m47.9s), 00/16 VUs, 333587 complete and 0 interrupted iterations
metadata_jwks   [  93% ] 00/16 VUs  27m47.9s/30m0s  200.00 iters/s

running (27m48.9s), 00/16 VUs, 333787 complete and 0 interrupted iterations
metadata_jwks   [  93% ] 00/16 VUs  27m48.9s/30m0s  200.00 iters/s

running (27m49.9s), 00/16 VUs, 333987 complete and 0 interrupted iterations
metadata_jwks   [  93% ] 00/16 VUs  27m49.9s/30m0s  200.00 iters/s

running (27m50.9s), 00/16 VUs, 334187 complete and 0 interrupted iterations
metadata_jwks   [  93% ] 00/16 VUs  27m50.9s/30m0s  200.00 iters/s

running (27m51.9s), 00/16 VUs, 334387 complete and 0 interrupted iterations
metadata_jwks   [  93% ] 00/16 VUs  27m51.9s/30m0s  200.00 iters/s

running (27m52.9s), 00/16 VUs, 334587 complete and 0 interrupted iterations
metadata_jwks   [  93% ] 00/16 VUs  27m52.9s/30m0s  200.00 iters/s

running (27m53.9s), 00/16 VUs, 334787 complete and 0 interrupted iterations
metadata_jwks   [  93% ] 00/16 VUs  27m53.9s/30m0s  200.00 iters/s

running (27m54.9s), 00/16 VUs, 334987 complete and 0 interrupted iterations
metadata_jwks   [  93% ] 00/16 VUs  27m54.9s/30m0s  200.00 iters/s

running (27m55.9s), 00/16 VUs, 335187 complete and 0 interrupted iterations
metadata_jwks   [  93% ] 00/16 VUs  27m55.9s/30m0s  200.00 iters/s

running (27m56.9s), 00/16 VUs, 335387 complete and 0 interrupted iterations
metadata_jwks   [  93% ] 00/16 VUs  27m56.9s/30m0s  200.00 iters/s

running (27m57.9s), 00/16 VUs, 335587 complete and 0 interrupted iterations
metadata_jwks   [  93% ] 00/16 VUs  27m57.9s/30m0s  200.00 iters/s

running (27m58.9s), 00/16 VUs, 335787 complete and 0 interrupted iterations
metadata_jwks   [  93% ] 00/16 VUs  27m58.9s/30m0s  200.00 iters/s

running (27m59.9s), 00/16 VUs, 335987 complete and 0 interrupted iterations
metadata_jwks   [  93% ] 00/16 VUs  27m59.9s/30m0s  200.00 iters/s

running (28m00.9s), 00/16 VUs, 336187 complete and 0 interrupted iterations
metadata_jwks   [  93% ] 00/16 VUs  28m00.9s/30m0s  200.00 iters/s

running (28m01.9s), 00/16 VUs, 336387 complete and 0 interrupted iterations
metadata_jwks   [  93% ] 00/16 VUs  28m01.9s/30m0s  200.00 iters/s

running (28m02.9s), 00/16 VUs, 336587 complete and 0 interrupted iterations
metadata_jwks   [  93% ] 00/16 VUs  28m02.9s/30m0s  200.00 iters/s

running (28m03.9s), 00/16 VUs, 336787 complete and 0 interrupted iterations
metadata_jwks   [  94% ] 00/16 VUs  28m03.9s/30m0s  200.00 iters/s

running (28m04.9s), 00/16 VUs, 336987 complete and 0 interrupted iterations
metadata_jwks   [  94% ] 00/16 VUs  28m04.9s/30m0s  200.00 iters/s

running (28m05.9s), 00/16 VUs, 337187 complete and 0 interrupted iterations
metadata_jwks   [  94% ] 00/16 VUs  28m05.9s/30m0s  200.00 iters/s

running (28m06.9s), 00/16 VUs, 337387 complete and 0 interrupted iterations
metadata_jwks   [  94% ] 00/16 VUs  28m06.9s/30m0s  200.00 iters/s

running (28m07.9s), 00/16 VUs, 337587 complete and 0 interrupted iterations
metadata_jwks   [  94% ] 00/16 VUs  28m07.9s/30m0s  200.00 iters/s

running (28m08.9s), 00/16 VUs, 337787 complete and 0 interrupted iterations
metadata_jwks   [  94% ] 00/16 VUs  28m08.9s/30m0s  200.00 iters/s

running (28m09.9s), 00/16 VUs, 337987 complete and 0 interrupted iterations
metadata_jwks   [  94% ] 00/16 VUs  28m09.9s/30m0s  200.00 iters/s

running (28m10.9s), 00/16 VUs, 338187 complete and 0 interrupted iterations
metadata_jwks   [  94% ] 00/16 VUs  28m10.9s/30m0s  200.00 iters/s

running (28m11.9s), 00/16 VUs, 338387 complete and 0 interrupted iterations
metadata_jwks   [  94% ] 00/16 VUs  28m11.9s/30m0s  200.00 iters/s

running (28m12.9s), 00/16 VUs, 338587 complete and 0 interrupted iterations
metadata_jwks   [  94% ] 00/16 VUs  28m12.9s/30m0s  200.00 iters/s

running (28m13.9s), 00/16 VUs, 338787 complete and 0 interrupted iterations
metadata_jwks   [  94% ] 00/16 VUs  28m13.9s/30m0s  200.00 iters/s

running (28m14.9s), 00/16 VUs, 338987 complete and 0 interrupted iterations
metadata_jwks   [  94% ] 00/16 VUs  28m14.9s/30m0s  200.00 iters/s

running (28m15.9s), 00/16 VUs, 339187 complete and 0 interrupted iterations
metadata_jwks   [  94% ] 00/16 VUs  28m15.9s/30m0s  200.00 iters/s

running (28m16.9s), 00/16 VUs, 339387 complete and 0 interrupted iterations
metadata_jwks   [  94% ] 00/16 VUs  28m16.9s/30m0s  200.00 iters/s

running (28m17.9s), 00/16 VUs, 339587 complete and 0 interrupted iterations
metadata_jwks   [  94% ] 00/16 VUs  28m17.9s/30m0s  200.00 iters/s

running (28m18.9s), 00/16 VUs, 339787 complete and 0 interrupted iterations
metadata_jwks   [  94% ] 00/16 VUs  28m18.9s/30m0s  200.00 iters/s

running (28m19.9s), 00/16 VUs, 339987 complete and 0 interrupted iterations
metadata_jwks   [  94% ] 00/16 VUs  28m19.9s/30m0s  200.00 iters/s

running (28m20.9s), 00/16 VUs, 340187 complete and 0 interrupted iterations
metadata_jwks   [  94% ] 00/16 VUs  28m20.9s/30m0s  200.00 iters/s

running (28m21.9s), 00/16 VUs, 340387 complete and 0 interrupted iterations
metadata_jwks   [  95% ] 00/16 VUs  28m21.9s/30m0s  200.00 iters/s

running (28m22.9s), 00/16 VUs, 340587 complete and 0 interrupted iterations
metadata_jwks   [  95% ] 00/16 VUs  28m22.9s/30m0s  200.00 iters/s

running (28m23.9s), 00/16 VUs, 340787 complete and 0 interrupted iterations
metadata_jwks   [  95% ] 00/16 VUs  28m23.9s/30m0s  200.00 iters/s

running (28m24.9s), 00/16 VUs, 340987 complete and 0 interrupted iterations
metadata_jwks   [  95% ] 00/16 VUs  28m24.9s/30m0s  200.00 iters/s

running (28m25.9s), 00/16 VUs, 341187 complete and 0 interrupted iterations
metadata_jwks   [  95% ] 00/16 VUs  28m25.9s/30m0s  200.00 iters/s

running (28m26.9s), 00/16 VUs, 341387 complete and 0 interrupted iterations
metadata_jwks   [  95% ] 00/16 VUs  28m26.9s/30m0s  200.00 iters/s

running (28m27.9s), 00/16 VUs, 341587 complete and 0 interrupted iterations
metadata_jwks   [  95% ] 00/16 VUs  28m27.9s/30m0s  200.00 iters/s

running (28m28.9s), 00/16 VUs, 341787 complete and 0 interrupted iterations
metadata_jwks   [  95% ] 00/16 VUs  28m28.9s/30m0s  200.00 iters/s

running (28m29.9s), 00/16 VUs, 341987 complete and 0 interrupted iterations
metadata_jwks   [  95% ] 00/16 VUs  28m29.9s/30m0s  200.00 iters/s

running (28m30.9s), 00/16 VUs, 342187 complete and 0 interrupted iterations
metadata_jwks   [  95% ] 00/16 VUs  28m30.9s/30m0s  200.00 iters/s

running (28m31.9s), 00/16 VUs, 342387 complete and 0 interrupted iterations
metadata_jwks   [  95% ] 00/16 VUs  28m31.9s/30m0s  200.00 iters/s

running (28m32.9s), 00/16 VUs, 342587 complete and 0 interrupted iterations
metadata_jwks   [  95% ] 00/16 VUs  28m32.9s/30m0s  200.00 iters/s

running (28m33.9s), 00/16 VUs, 342787 complete and 0 interrupted iterations
metadata_jwks   [  95% ] 00/16 VUs  28m33.9s/30m0s  200.00 iters/s

running (28m34.9s), 00/16 VUs, 342987 complete and 0 interrupted iterations
metadata_jwks   [  95% ] 00/16 VUs  28m34.9s/30m0s  200.00 iters/s

running (28m35.9s), 00/16 VUs, 343187 complete and 0 interrupted iterations
metadata_jwks   [  95% ] 00/16 VUs  28m35.9s/30m0s  200.00 iters/s

running (28m36.9s), 00/16 VUs, 343387 complete and 0 interrupted iterations
metadata_jwks   [  95% ] 00/16 VUs  28m36.9s/30m0s  200.00 iters/s

running (28m37.9s), 00/16 VUs, 343587 complete and 0 interrupted iterations
metadata_jwks   [  95% ] 00/16 VUs  28m37.9s/30m0s  200.00 iters/s

running (28m38.9s), 00/16 VUs, 343787 complete and 0 interrupted iterations
metadata_jwks   [  95% ] 00/16 VUs  28m38.9s/30m0s  200.00 iters/s

running (28m39.9s), 00/16 VUs, 343987 complete and 0 interrupted iterations
metadata_jwks   [  96% ] 00/16 VUs  28m39.9s/30m0s  200.00 iters/s

running (28m40.9s), 00/16 VUs, 344187 complete and 0 interrupted iterations
metadata_jwks   [  96% ] 00/16 VUs  28m40.9s/30m0s  200.00 iters/s

running (28m41.9s), 00/16 VUs, 344387 complete and 0 interrupted iterations
metadata_jwks   [  96% ] 00/16 VUs  28m41.9s/30m0s  200.00 iters/s

running (28m42.9s), 00/16 VUs, 344587 complete and 0 interrupted iterations
metadata_jwks   [  96% ] 00/16 VUs  28m42.9s/30m0s  200.00 iters/s

running (28m43.9s), 00/16 VUs, 344787 complete and 0 interrupted iterations
metadata_jwks   [  96% ] 00/16 VUs  28m43.9s/30m0s  200.00 iters/s

running (28m44.9s), 00/16 VUs, 344987 complete and 0 interrupted iterations
metadata_jwks   [  96% ] 00/16 VUs  28m44.9s/30m0s  200.00 iters/s

running (28m45.9s), 00/16 VUs, 345187 complete and 0 interrupted iterations
metadata_jwks   [  96% ] 00/16 VUs  28m45.9s/30m0s  200.00 iters/s

running (28m46.9s), 00/16 VUs, 345387 complete and 0 interrupted iterations
metadata_jwks   [  96% ] 00/16 VUs  28m46.9s/30m0s  200.00 iters/s

running (28m47.9s), 00/16 VUs, 345587 complete and 0 interrupted iterations
metadata_jwks   [  96% ] 00/16 VUs  28m47.9s/30m0s  200.00 iters/s

running (28m48.9s), 00/16 VUs, 345787 complete and 0 interrupted iterations
metadata_jwks   [  96% ] 00/16 VUs  28m48.9s/30m0s  200.00 iters/s

running (28m49.9s), 00/16 VUs, 345987 complete and 0 interrupted iterations
metadata_jwks   [  96% ] 00/16 VUs  28m49.9s/30m0s  200.00 iters/s

running (28m50.9s), 00/16 VUs, 346187 complete and 0 interrupted iterations
metadata_jwks   [  96% ] 00/16 VUs  28m50.9s/30m0s  200.00 iters/s

running (28m51.9s), 00/16 VUs, 346387 complete and 0 interrupted iterations
metadata_jwks   [  96% ] 00/16 VUs  28m51.9s/30m0s  200.00 iters/s

running (28m52.9s), 00/16 VUs, 346587 complete and 0 interrupted iterations
metadata_jwks   [  96% ] 00/16 VUs  28m52.9s/30m0s  200.00 iters/s

running (28m53.9s), 00/16 VUs, 346787 complete and 0 interrupted iterations
metadata_jwks   [  96% ] 00/16 VUs  28m53.9s/30m0s  200.00 iters/s

running (28m54.9s), 00/16 VUs, 346987 complete and 0 interrupted iterations
metadata_jwks   [  96% ] 00/16 VUs  28m54.9s/30m0s  200.00 iters/s

running (28m55.9s), 00/16 VUs, 347187 complete and 0 interrupted iterations
metadata_jwks   [  96% ] 00/16 VUs  28m55.9s/30m0s  200.00 iters/s

running (28m56.9s), 00/16 VUs, 347387 complete and 0 interrupted iterations
metadata_jwks   [  96% ] 00/16 VUs  28m56.9s/30m0s  200.00 iters/s

running (28m57.9s), 00/16 VUs, 347587 complete and 0 interrupted iterations
metadata_jwks   [  97% ] 00/16 VUs  28m57.9s/30m0s  200.00 iters/s

running (28m58.9s), 00/16 VUs, 347787 complete and 0 interrupted iterations
metadata_jwks   [  97% ] 00/16 VUs  28m58.9s/30m0s  200.00 iters/s

running (28m59.9s), 00/16 VUs, 347987 complete and 0 interrupted iterations
metadata_jwks   [  97% ] 00/16 VUs  28m59.9s/30m0s  200.00 iters/s

running (29m00.9s), 00/16 VUs, 348187 complete and 0 interrupted iterations
metadata_jwks   [  97% ] 00/16 VUs  29m00.9s/30m0s  200.00 iters/s

running (29m01.9s), 00/16 VUs, 348387 complete and 0 interrupted iterations
metadata_jwks   [  97% ] 00/16 VUs  29m01.9s/30m0s  200.00 iters/s

running (29m02.9s), 00/16 VUs, 348587 complete and 0 interrupted iterations
metadata_jwks   [  97% ] 00/16 VUs  29m02.9s/30m0s  200.00 iters/s

running (29m03.9s), 00/16 VUs, 348787 complete and 0 interrupted iterations
metadata_jwks   [  97% ] 00/16 VUs  29m03.9s/30m0s  200.00 iters/s

running (29m04.9s), 00/16 VUs, 348987 complete and 0 interrupted iterations
metadata_jwks   [  97% ] 00/16 VUs  29m04.9s/30m0s  200.00 iters/s

running (29m05.9s), 00/16 VUs, 349187 complete and 0 interrupted iterations
metadata_jwks   [  97% ] 00/16 VUs  29m05.9s/30m0s  200.00 iters/s

running (29m06.9s), 00/16 VUs, 349387 complete and 0 interrupted iterations
metadata_jwks   [  97% ] 00/16 VUs  29m06.9s/30m0s  200.00 iters/s

running (29m07.9s), 00/16 VUs, 349587 complete and 0 interrupted iterations
metadata_jwks   [  97% ] 00/16 VUs  29m07.9s/30m0s  200.00 iters/s

running (29m08.9s), 00/16 VUs, 349787 complete and 0 interrupted iterations
metadata_jwks   [  97% ] 00/16 VUs  29m08.9s/30m0s  200.00 iters/s

running (29m09.9s), 00/16 VUs, 349987 complete and 0 interrupted iterations
metadata_jwks   [  97% ] 00/16 VUs  29m09.9s/30m0s  200.00 iters/s

running (29m10.9s), 00/16 VUs, 350187 complete and 0 interrupted iterations
metadata_jwks   [  97% ] 00/16 VUs  29m10.9s/30m0s  200.00 iters/s

running (29m11.9s), 00/16 VUs, 350387 complete and 0 interrupted iterations
metadata_jwks   [  97% ] 00/16 VUs  29m11.9s/30m0s  200.00 iters/s

running (29m12.9s), 00/16 VUs, 350587 complete and 0 interrupted iterations
metadata_jwks   [  97% ] 00/16 VUs  29m12.9s/30m0s  200.00 iters/s

running (29m13.9s), 00/16 VUs, 350787 complete and 0 interrupted iterations
metadata_jwks   [  97% ] 00/16 VUs  29m13.9s/30m0s  200.00 iters/s

running (29m14.9s), 00/16 VUs, 350987 complete and 0 interrupted iterations
metadata_jwks   [  97% ] 00/16 VUs  29m14.9s/30m0s  200.00 iters/s

running (29m15.9s), 00/16 VUs, 351187 complete and 0 interrupted iterations
metadata_jwks   [  98% ] 00/16 VUs  29m15.9s/30m0s  200.00 iters/s

running (29m16.9s), 00/16 VUs, 351387 complete and 0 interrupted iterations
metadata_jwks   [  98% ] 00/16 VUs  29m16.9s/30m0s  200.00 iters/s

running (29m17.9s), 00/16 VUs, 351587 complete and 0 interrupted iterations
metadata_jwks   [  98% ] 00/16 VUs  29m17.9s/30m0s  200.00 iters/s

running (29m18.9s), 00/16 VUs, 351787 complete and 0 interrupted iterations
metadata_jwks   [  98% ] 00/16 VUs  29m18.9s/30m0s  200.00 iters/s

running (29m19.9s), 00/16 VUs, 351987 complete and 0 interrupted iterations
metadata_jwks   [  98% ] 00/16 VUs  29m19.9s/30m0s  200.00 iters/s

running (29m20.9s), 00/16 VUs, 352187 complete and 0 interrupted iterations
metadata_jwks   [  98% ] 00/16 VUs  29m20.9s/30m0s  200.00 iters/s

running (29m21.9s), 00/16 VUs, 352387 complete and 0 interrupted iterations
metadata_jwks   [  98% ] 00/16 VUs  29m21.9s/30m0s  200.00 iters/s

running (29m22.9s), 00/16 VUs, 352587 complete and 0 interrupted iterations
metadata_jwks   [  98% ] 00/16 VUs  29m22.9s/30m0s  200.00 iters/s

running (29m23.9s), 00/16 VUs, 352787 complete and 0 interrupted iterations
metadata_jwks   [  98% ] 00/16 VUs  29m23.9s/30m0s  200.00 iters/s

running (29m24.9s), 00/16 VUs, 352987 complete and 0 interrupted iterations
metadata_jwks   [  98% ] 00/16 VUs  29m24.9s/30m0s  200.00 iters/s

running (29m25.9s), 00/16 VUs, 353187 complete and 0 interrupted iterations
metadata_jwks   [  98% ] 00/16 VUs  29m25.9s/30m0s  200.00 iters/s

running (29m26.9s), 00/16 VUs, 353387 complete and 0 interrupted iterations
metadata_jwks   [  98% ] 00/16 VUs  29m26.9s/30m0s  200.00 iters/s

running (29m27.9s), 00/16 VUs, 353587 complete and 0 interrupted iterations
metadata_jwks   [  98% ] 00/16 VUs  29m27.9s/30m0s  200.00 iters/s

running (29m28.9s), 00/16 VUs, 353787 complete and 0 interrupted iterations
metadata_jwks   [  98% ] 00/16 VUs  29m28.9s/30m0s  200.00 iters/s

running (29m29.9s), 00/16 VUs, 353987 complete and 0 interrupted iterations
metadata_jwks   [  98% ] 00/16 VUs  29m29.9s/30m0s  200.00 iters/s

running (29m30.9s), 00/16 VUs, 354187 complete and 0 interrupted iterations
metadata_jwks   [  98% ] 00/16 VUs  29m30.9s/30m0s  200.00 iters/s

running (29m31.9s), 00/16 VUs, 354387 complete and 0 interrupted iterations
metadata_jwks   [  98% ] 00/16 VUs  29m31.9s/30m0s  200.00 iters/s

running (29m32.9s), 00/16 VUs, 354587 complete and 0 interrupted iterations
metadata_jwks   [  98% ] 00/16 VUs  29m32.9s/30m0s  200.00 iters/s

running (29m33.9s), 00/16 VUs, 354787 complete and 0 interrupted iterations
metadata_jwks   [  99% ] 00/16 VUs  29m33.9s/30m0s  200.00 iters/s

running (29m34.9s), 00/16 VUs, 354987 complete and 0 interrupted iterations
metadata_jwks   [  99% ] 00/16 VUs  29m34.9s/30m0s  200.00 iters/s

running (29m35.9s), 00/16 VUs, 355187 complete and 0 interrupted iterations
metadata_jwks   [  99% ] 00/16 VUs  29m35.9s/30m0s  200.00 iters/s

running (29m36.9s), 00/16 VUs, 355387 complete and 0 interrupted iterations
metadata_jwks   [  99% ] 00/16 VUs  29m36.9s/30m0s  200.00 iters/s

running (29m37.9s), 00/16 VUs, 355587 complete and 0 interrupted iterations
metadata_jwks   [  99% ] 00/16 VUs  29m37.9s/30m0s  200.00 iters/s

running (29m38.9s), 00/16 VUs, 355787 complete and 0 interrupted iterations
metadata_jwks   [  99% ] 00/16 VUs  29m38.9s/30m0s  200.00 iters/s

running (29m39.9s), 00/16 VUs, 355987 complete and 0 interrupted iterations
metadata_jwks   [  99% ] 00/16 VUs  29m39.9s/30m0s  200.00 iters/s

running (29m40.9s), 00/16 VUs, 356187 complete and 0 interrupted iterations
metadata_jwks   [  99% ] 00/16 VUs  29m40.9s/30m0s  200.00 iters/s

running (29m41.9s), 00/16 VUs, 356387 complete and 0 interrupted iterations
metadata_jwks   [  99% ] 00/16 VUs  29m41.9s/30m0s  200.00 iters/s

running (29m42.9s), 00/16 VUs, 356587 complete and 0 interrupted iterations
metadata_jwks   [  99% ] 00/16 VUs  29m42.9s/30m0s  200.00 iters/s

running (29m43.9s), 00/16 VUs, 356787 complete and 0 interrupted iterations
metadata_jwks   [  99% ] 00/16 VUs  29m43.9s/30m0s  200.00 iters/s

running (29m44.9s), 00/16 VUs, 356987 complete and 0 interrupted iterations
metadata_jwks   [  99% ] 00/16 VUs  29m44.9s/30m0s  200.00 iters/s

running (29m45.9s), 00/16 VUs, 357187 complete and 0 interrupted iterations
metadata_jwks   [  99% ] 00/16 VUs  29m45.9s/30m0s  200.00 iters/s

running (29m46.9s), 00/16 VUs, 357387 complete and 0 interrupted iterations
metadata_jwks   [  99% ] 00/16 VUs  29m46.9s/30m0s  200.00 iters/s

running (29m47.9s), 00/16 VUs, 357587 complete and 0 interrupted iterations
metadata_jwks   [  99% ] 00/16 VUs  29m47.9s/30m0s  200.00 iters/s

running (29m48.9s), 00/16 VUs, 357787 complete and 0 interrupted iterations
metadata_jwks   [  99% ] 00/16 VUs  29m48.9s/30m0s  200.00 iters/s

running (29m49.9s), 00/16 VUs, 357987 complete and 0 interrupted iterations
metadata_jwks   [  99% ] 00/16 VUs  29m49.9s/30m0s  200.00 iters/s

running (29m50.9s), 00/16 VUs, 358187 complete and 0 interrupted iterations
metadata_jwks   [  99% ] 00/16 VUs  29m50.9s/30m0s  200.00 iters/s

running (29m51.9s), 00/16 VUs, 358387 complete and 0 interrupted iterations
metadata_jwks   [ 100% ] 00/16 VUs  29m51.9s/30m0s  200.00 iters/s

running (29m52.9s), 00/16 VUs, 358587 complete and 0 interrupted iterations
metadata_jwks   [ 100% ] 00/16 VUs  29m52.9s/30m0s  200.00 iters/s

running (29m53.9s), 00/16 VUs, 358787 complete and 0 interrupted iterations
metadata_jwks   [ 100% ] 00/16 VUs  29m53.9s/30m0s  200.00 iters/s

running (29m54.9s), 00/16 VUs, 358987 complete and 0 interrupted iterations
metadata_jwks   [ 100% ] 00/16 VUs  29m54.9s/30m0s  200.00 iters/s

running (29m55.9s), 00/16 VUs, 359187 complete and 0 interrupted iterations
metadata_jwks   [ 100% ] 00/16 VUs  29m55.9s/30m0s  200.00 iters/s

running (29m56.9s), 00/16 VUs, 359387 complete and 0 interrupted iterations
metadata_jwks   [ 100% ] 00/16 VUs  29m56.9s/30m0s  200.00 iters/s

running (29m57.9s), 00/16 VUs, 359587 complete and 0 interrupted iterations
metadata_jwks   [ 100% ] 00/16 VUs  29m57.9s/30m0s  200.00 iters/s

running (29m58.9s), 00/16 VUs, 359787 complete and 0 interrupted iterations
metadata_jwks   [ 100% ] 00/16 VUs  29m58.9s/30m0s  200.00 iters/s

running (29m59.9s), 00/16 VUs, 359987 complete and 0 interrupted iterations
metadata_jwks   [ 100% ] 00/16 VUs  29m59.9s/30m0s  200.00 iters/s

running (30m00.0s), 00/16 VUs, 360001 complete and 0 interrupted iterations
metadata_jwks ✓ [ 100% ] 00/16 VUs  30m0s  200.00 iters/s
cap/metadata_jwks: status=passed rps=400.001 p95=0.501ms errors=0.0 db_calls=163190246
